OBJECTID,INDEX,ACCNUM,DATE,TIME,STREET1,STREET2,OFFSET,ROAD_CLASS,DISTRICT,LATITUDE,LONGITUDE,ACCLOC,TRAFFCTL,VISIBILITY,LIGHT,RDSFCOND,ACCLASS,IMPACTYPE,INVTYPE,INVAGE,INJURY,FATAL_NO,INITDIR,VEHTYPE,MANOEUVER,DRIVACT,DRIVCOND,PEDTYPE,PEDACT,PEDCOND,CYCLISTYPE,CYCACT,CYCCOND,PEDESTRIAN,CYCLIST,AUTOMOBILE,MOTORCYCLE,TRUCK,TRSN_CITY_VEH,EMERG_VEH,PASSENGER,SPEEDING,AG_DRIV,REDLIGHT,ALCOHOL,DISABILITY,HOOD_158,NEIGHBOURHOOD_158,HOOD_140,NEIGHBOURHOOD_140,DIVISION,x,y
1,3389067,893184,1/1/2006 10:00:00 AM,236,WOODBINE AVE,O CONNOR DR,,Major Arterial,Toronto and East York,43.699595,-79.318797,Intersection Related,No Control,Clear,Dark,Wet,Non-Fatal Injury,Approaching,Passenger,50 to 54,Major,,,,,,,,,,,,,,,Yes,,,,,Yes,Yes,Yes,,Yes,,60,Woodbine-Lumsden,60,Woodbine-Lumsden (60),D55,635468.3685,4839880.7636
2,3389068,893184,1/1/2006 10:00:00 AM,236,WOODBINE AVE,O CONNOR DR,,Major Arterial,Toronto and East York,43.699595,-79.318797,Intersection Related,No Control,Clear,Dark,Wet,Non-Fatal Injury,Approaching,Passenger,15 to 19,Minor,,,,,,,,,,,,,,,Yes,,,,,Yes,Yes,Yes,,Yes,,60,Woodbine-Lumsden,60,Woodbine-Lumsden (60),D55,635468.3685,4839880.7636
3,3389069,893184,1/1/2006 10:00:00 AM,236,WOODBINE AVE,O CONNOR DR,,Major Arterial,Toronto and East York,43.699595,-79.318797,Intersection Related,No Control,Clear,Dark,Wet,Non-Fatal Injury,Approaching,Driver,55 to 59,Minor,,North,"Automobile, Station Wagon",Going Ahead,Driving Properly,Normal,,,,,,,,,Yes,,,,,Yes,Yes,Yes,,Yes,,60,Woodbine-Lumsden,60,Woodbine-Lumsden (60),D55,635468.3685,4839880.7636
4,3389070,893184,1/1/2006 10:00:00 AM,236,WOODBINE AVE,O CONNOR DR,,Major Arterial,Toronto and East York,43.699595,-79.318797,Intersection Related,No Control,Clear,Dark,Wet,Non-Fatal Injury,Approaching,Passenger,20 to 24,Minor,,,,,,,,,,,,,,,Yes,,,,,Yes,Yes,Yes,,Yes,,60,Woodbine-Lumsden,60,Woodbine-Lumsden (60),D55,635468.3685,4839880.7636
5,3389071,893184,1/1/2006 10:00:00 AM,236,WOODBINE AVE,O CONNOR DR,,Major Arterial,Toronto and East York,43.699595,-79.318797,Intersection Related,No Control,Clear,Dark,Wet,Non-Fatal Injury,Approaching,Passenger,15 to 19,Minor,,,,,,,,,,,,,,,Yes,,,,,Yes,Yes,Yes,,Yes,,60,Woodbine-Lumsden,60,Woodbine-Lumsden (60),D55,635468.3685,4839880.7636
6,3389072,893184,1/1/2006 10:00:00 AM,236,WOODBINE AVE,O CONNOR DR,,Major Arterial,Toronto and East York,43.699595,-79.318797,Intersection Related,No Control,Clear,Dark,Wet,Non-Fatal Injury,Approaching,Passenger,20 to 24,Minor,,,,,,,,,,,,,,,Yes,,,,,Yes,Yes,Yes,,Yes,,60,Woodbine-Lumsden,60,Woodbine-Lumsden (60),D55,635468.3685,4839880.7636
7,3389073,893184,1/1/2006 10:00:00 AM,236,WOODBINE AVE,O CONNOR DR,,Major Arterial,Toronto and East York,43.699595,-79.318797,Intersection Related,No Control,Clear,Dark,Wet,Non-Fatal Injury,Approaching,Vehicle Owner,unknown,,,,,,,,,,,,,,,,Yes,,,,,Yes,Yes,Yes,,Yes,,60,Woodbine-Lumsden,60,Woodbine-Lumsden (60),D55,635468.3685,4839880.7636
8,3389074,893184,1/1/2006 10:00:00 AM,236,WOODBINE AVE,O CONNOR DR,,Major Arterial,Toronto and East York,43.699595,-79.318797,Intersection Related,No Control,Clear,Dark,Wet,Non-Fatal Injury,Approaching,Driver,25 to 29,None,,South,"Automobile, Station Wagon",Going Ahead,Lost control,"Ability Impaired, Alcohol Over .08",,,,,,,,,Yes,,,,,Yes,Yes,Yes,,Yes,,60,Woodbine-Lumsden,60,Woodbine-Lumsden (60),D55,635468.3685,4839880.7636
9,3433023,909646,1/1/2006 10:00:00 AM,315,DANFORTH AVE,WEST LYNN AVE,,Major Arterial,Toronto and East York,43.684874,-79.316188,Intersection Related,No Control,Snow,"Dark, artificial",Slush,Non-Fatal Injury,SMV Other,Passenger,10 to 14,Minor,,,,,,,,,,,,,,,Yes,,,,,Yes,,,,,,64,Woodbine Corridor,64,Woodbine Corridor (64),D55,635711.8004,4838250.0562
10,3433024,909646,1/1/2006 10:00:00 AM,315,DANFORTH AVE,WEST LYNN AVE,,Major Arterial,Toronto and East York,43.684874,-79.316188,Intersection Related,No Control,Snow,"Dark, artificial",Slush,Non-Fatal Injury,SMV Other,Passenger,15 to 19,Major,,,,,,,,,,,,,,,Yes,,,,,Yes,,,,,,64,Woodbine Corridor,64,Woodbine Corridor (64),D55,635711.8004,4838250.0562
11,3433025,909646,1/1/2006 10:00:00 AM,315,DANFORTH AVE,WEST LYNN AVE,,Major Arterial,Toronto and East York,43.684874,-79.316188,Intersection Related,No Control,Snow,"Dark, artificial",Slush,Non-Fatal Injury,SMV Other,Passenger,15 to 19,Minor,,,,,,,,,,,,,,,Yes,,,,,Yes,,,,,,64,Woodbine Corridor,64,Woodbine Corridor (64),D55,635711.8004,4838250.0562
12,3433026,909646,1/1/2006 10:00:00 AM,315,DANFORTH AVE,WEST LYNN AVE,,Major Arterial,Toronto and East York,43.684874,-79.316188,Intersection Related,No Control,Snow,"Dark, artificial",Slush,Non-Fatal Injury,SMV Other,Driver,20 to 24,None,,East,"Automobile, Station Wagon",Changing Lanes,Lost control,Inattentive,,,,,,,,,Yes,,,,,Yes,,,,,,64,Woodbine Corridor,64,Woodbine Corridor (64),D55,635711.8004,4838250.0562
13,3433027,909646,1/1/2006 10:00:00 AM,315,DANFORTH AVE,WEST LYNN AVE,,Major Arterial,Toronto and East York,43.684874,-79.316188,Intersection Related,No Control,Snow,"Dark, artificial",Slush,Non-Fatal Injury,SMV Other,Other Property Owner,unknown,,,,,,,,,,,,,,,,Yes,,,,,Yes,,,,,,64,Woodbine Corridor,64,Woodbine Corridor (64),D55,635711.8004,4838250.0562
14,3366651,884090,1/2/2006 10:00:00 AM,705,BATHURST ST,DUNDAS ST W,60 NORTH OF,Major Arterial,Toronto and East York,43.652892,-79.406253,,No Control,Other,"Dark, artificial",Wet,Non-Fatal Injury,Pedestrian Collisions,Driver,30 to 34,None,,South,"Automobile, Station Wagon",Changing Lanes,Improper Lane Change,Inattentive,,,,,,,Yes,,Yes,,,,,,,,,,,78,Kensington-Chinatown,78,Kensington-Chinatown (78),D14,628520.911,4834554.5821
15,3366652,884090,1/2/2006 10:00:00 AM,705,BATHURST ST,DUNDAS ST W,60 NORTH OF,Major Arterial,Toronto and East York,43.652892,-79.406253,,No Control,Other,"Dark, artificial",Wet,Non-Fatal Injury,Pedestrian Collisions,Pedestrian,45 to 49,Major,,West,,,,,Pedestrian hit at mid-block,Crossing without right of way,Inattentive,,,,Yes,,Yes,,,,,,,,,,,78,Kensington-Chinatown,78,Kensington-Chinatown (78),D14,628520.911,4834554.5821
16,3370333,885782,1/4/2006 10:00:00 AM,1940,DUFFERIN ST,SYLVAN AVE,,Major Arterial,Toronto and East York,43.655145,-79.43359,At Intersection,Traffic Signal,Rain,Dark,Wet,Non-Fatal Injury,Pedestrian Collisions,Driver,25 to 29,None,,South,"Automobile, Station Wagon",Going Ahead,Driving Properly,Normal,,,,,,,Yes,,Yes,,,,,,,,,,,83,Dufferin Grove,83,Dufferin Grove (83),D11,626311.6904,4834762.8307
17,3370334,885782,1/4/2006 10:00:00 AM,1940,DUFFERIN ST,SYLVAN AVE,,Major Arterial,Toronto and East York,43.655145,-79.43359,At Intersection,Traffic Signal,Rain,Dark,Wet,Non-Fatal Injury,Pedestrian Collisions,Pedestrian,75 to 79,Major,,East,Other,,,,Vehicle is going straight thru inter.while ped cross without ROW,Crossing without right of way,Normal,,,,Yes,,Yes,,,,,,,,,,,83,Dufferin Grove,83,Dufferin Grove (83),D11,626311.6904,4834762.8307
18,3363337,882079,1/6/2006 10:00:00 AM,2210,DON MILLS RD,LEITH HILL RD,,Major Arterial,North York,43.777056,-79.347858,At Intersection,Traffic Signal,Clear,"Dark, artificial",Dry,Non-Fatal Injury,Pedestrian Collisions,Driver,50 to 54,None,,South,"Automobile, Station Wagon",Going Ahead,Driving Properly,Normal,,,,,,,Yes,,Yes,,,,,,,,,,,47,Don Valley Village,47,Don Valley Village (47),D33,632955.1003,4848436.8781
19,3363338,882079,1/6/2006 10:00:00 AM,2210,DON MILLS RD,LEITH HILL RD,,Major Arterial,North York,43.777056,-79.347858,At Intersection,Traffic Signal,Clear,"Dark, artificial",Dry,Non-Fatal Injury,Pedestrian Collisions,Pedestrian,25 to 29,Major,,West,,,,,Vehicle is going straight thru inter.while ped cross with ROW,Crossing with right of way,Inattentive,,,,Yes,,Yes,,,,,,,,,,,47,Don Valley Village,47,Don Valley Village (47),D33,632955.1003,4848436.8781
20,3363207,882024,1/7/2006 10:00:00 AM,2325,STEELES AVE E,NINTH LINE ST,,Minor Arterial,Scarborough,43.842745,-79.22479,,No Control,Clear,Dark,Wet,Fatal,Approaching,Driver,50 to 54,Fatal,,West,"Automobile, Station Wagon",Going Ahead,Lost control,Unknown,,,,,,,,,Yes,,,,,,,,,,,144,Morningside Heights,131,Rouge (131),D42,642702.4974,4855937.7188
21,3363208,882024,1/7/2006 10:00:00 AM,2325,STEELES AVE E,NINTH LINE ST,,Minor Arterial,Scarborough,43.842745,-79.22479,,No Control,Clear,Dark,Wet,Fatal,Approaching,Vehicle Owner,unknown,,,,Other,,,,,,,,,,,,Yes,,,,,,,,,,,144,Morningside Heights,131,Rouge (131),D42,642702.4974,4855937.7188
22,3363209,882024,1/7/2006 10:00:00 AM,2325,STEELES AVE E,NINTH LINE ST,,Minor Arterial,Scarborough,43.842745,-79.22479,,No Control,Clear,Dark,Wet,Fatal,Approaching,Driver,35 to 39,Major,,East,"Automobile, Station Wagon",Going Ahead,Driving Properly,Normal,,,,,,,,,Yes,,,,,,,,,,,144,Morningside Heights,131,Rouge (131),D42,642702.4974,4855937.7188
23,3374635,887568,1/8/2006 10:00:00 AM,1507,PARLIAMENT ST,FRONT ST E,,Minor Arterial,Toronto and East York,43.651496,-79.362697,At Intersection,Traffic Signal,Clear,Daylight,Dry,Non-Fatal Injury,Angle,Driver,40 to 44,Minimal,,North,"Automobile, Station Wagon",Going Ahead,Disobeyed Traffic Control,Normal,,,,,,,,,Yes,,,,,,,Yes,Yes,,,166,St Lawrence-East Bayfront-The Islands,77,Waterfront Communities-The Island (77),D51,632036.3952,4834467.9202
24,3374636,887568,1/8/2006 10:00:00 AM,1507,PARLIAMENT ST,FRONT ST E,,Minor Arterial,Toronto and East York,43.651496,-79.362697,At Intersection,Traffic Signal,Clear,Daylight,Dry,Non-Fatal Injury,Angle,Driver,45 to 49,Major,,East,Passenger Van,Going Ahead,Driving Properly,Normal,,,,,,,,,Yes,,,,,,,Yes,Yes,,,166,St Lawrence-East Bayfront-The Islands,77,Waterfront Communities-The Island (77),D51,632036.3952,4834467.9202
25,3374637,887568,1/8/2006 10:00:00 AM,1507,PARLIAMENT ST,FRONT ST E,,Minor Arterial,Toronto and East York,43.651496,-79.362697,At Intersection,Traffic Signal,Clear,Daylight,Dry,Non-Fatal Injury,Angle,Other Property Owner,unknown,,,,,,,,,,,,,,,,Yes,,,,,,,Yes,Yes,,,166,St Lawrence-East Bayfront-The Islands,77,Waterfront Communities-The Island (77),D51,632036.3952,4834467.9202
26,3374638,887568,1/8/2006 10:00:00 AM,1507,PARLIAMENT ST,FRONT ST E,,Minor Arterial,Toronto and East York,43.651496,-79.362697,At Intersection,Traffic Signal,Clear,Daylight,Dry,Non-Fatal Injury,Angle,Other Property Owner,unknown,,,,,,,,,,,,,,,,Yes,,,,,,,Yes,Yes,,,166,St Lawrence-East Bayfront-The Islands,77,Waterfront Communities-The Island (77),D51,632036.3952,4834467.9202
27,3363864,882497,1/8/2006 10:00:00 AM,1828,ISLINGTON AVE,GOLFDOWN DR,,Major Arterial,Etobicoke York,43.721445,-79.55809,At Intersection,Pedestrian Crossover,Clear,Dark,Dry,Fatal,Pedestrian Collisions,Passenger,20 to 24,None,,,Other,,,,,,,,,,Yes,,Yes,,,,,Yes,,Yes,,,,5,Elms-Old Rexdale,5,Elms-Old Rexdale (5),D23,616144.1868,4841944.3489
28,3363865,882497,1/8/2006 10:00:00 AM,1828,ISLINGTON AVE,GOLFDOWN DR,,Major Arterial,Etobicoke York,43.721445,-79.55809,At Intersection,Pedestrian Crossover,Clear,Dark,Dry,Fatal,Pedestrian Collisions,Passenger,20 to 24,None,,,Other,,,,,,,,,,Yes,,Yes,,,,,Yes,,Yes,,,,5,Elms-Old Rexdale,5,Elms-Old Rexdale (5),D23,616144.1868,4841944.3489
29,3363866,882497,1/8/2006 10:00:00 AM,1828,ISLINGTON AVE,GOLFDOWN DR,,Major Arterial,Etobicoke York,43.721445,-79.55809,At Intersection,Pedestrian Crossover,Clear,Dark,Dry,Fatal,Pedestrian Collisions,Passenger,10 to 14,None,,,Other,,,,,,,,,,Yes,,Yes,,,,,Yes,,Yes,,,,5,Elms-Old Rexdale,5,Elms-Old Rexdale (5),D23,616144.1868,4841944.3489
30,3363867,882497,1/8/2006 10:00:00 AM,1828,ISLINGTON AVE,GOLFDOWN DR,,Major Arterial,Etobicoke York,43.721445,-79.55809,At Intersection,Pedestrian Crossover,Clear,Dark,Dry,Fatal,Pedestrian Collisions,Vehicle Owner,unknown,,,,Other,,,,,,,,,,Yes,,Yes,,,,,Yes,,Yes,,,,5,Elms-Old Rexdale,5,Elms-Old Rexdale (5),D23,616144.1868,4841944.3489
31,3363868,882497,1/8/2006 10:00:00 AM,1828,ISLINGTON AVE,GOLFDOWN DR,,Major Arterial,Etobicoke York,43.721445,-79.55809,At Intersection,Pedestrian Crossover,Clear,Dark,Dry,Fatal,Pedestrian Collisions,Driver,20 to 24,None,,North,"Automobile, Station Wagon",Going Ahead,Failed to Yield Right of Way,Normal,,,,,,,Yes,,Yes,,,,,Yes,,Yes,,,,5,Elms-Old Rexdale,5,Elms-Old Rexdale (5),D23,616144.1868,4841944.3489
32,3363869,882497,1/8/2006 10:00:00 AM,1828,ISLINGTON AVE,GOLFDOWN DR,,Major Arterial,Etobicoke York,43.721445,-79.55809,At Intersection,Pedestrian Crossover,Clear,Dark,Dry,Fatal,Pedestrian Collisions,Pedestrian,10 to 14,Fatal,,East,Other,,,,Pedestrian hit a PXO/ped. Mid-block signal,"Crossing, Pedestrian Crossover",Normal,,,,Yes,,Yes,,,,,Yes,,Yes,,,,5,Elms-Old Rexdale,5,Elms-Old Rexdale (5),D23,616144.1868,4841944.3489
33,3363414,882174,1/9/2006 10:00:00 AM,1435,KENNEDY RD,GLAMORGAN AVE,,Major Arterial,Scarborough,43.769445,-79.28229,At Intersection,Traffic Signal,Clear,Daylight,Dry,Fatal,Pedestrian Collisions,Vehicle Owner,unknown,,,,Other,,,,,,,,,,Yes,,Yes,,,,,,,,,,,126,Dorset Park,126,Dorset Park (126),D41,638249.2383,4847698.9453
34,3363415,882174,1/9/2006 10:00:00 AM,1435,KENNEDY RD,GLAMORGAN AVE,,Major Arterial,Scarborough,43.769445,-79.28229,At Intersection,Traffic Signal,Clear,Daylight,Dry,Fatal,Pedestrian Collisions,Driver,50 to 54,None,,South,"Automobile, Station Wagon",Going Ahead,Driving Properly,Normal,,,,,,,Yes,,Yes,,,,,,,,,,,126,Dorset Park,126,Dorset Park (126),D41,638249.2383,4847698.9453
35,3363416,882174,1/9/2006 10:00:00 AM,1435,KENNEDY RD,GLAMORGAN AVE,,Major Arterial,Scarborough,43.769445,-79.28229,At Intersection,Traffic Signal,Clear,Daylight,Dry,Fatal,Pedestrian Collisions,Pedestrian,75 to 79,Fatal,,East,Other,,,,Vehicle is going straight thru inter.while ped cross without ROW,Crossing without right of way,Unknown,,,,Yes,,Yes,,,,,,,,,,,126,Dorset Park,126,Dorset Park (126),D41,638249.2383,4847698.9453
36,3370695,886039,1/9/2006 10:00:00 AM,1820,FINCH AVE E,MIDDLEFIELD RD,,Major Arterial,Scarborough,43.809817,-79.257663,At Intersection,Traffic Signal,Clear,"Dark, artificial",Dry,Non-Fatal Injury,Pedestrian Collisions,Vehicle Owner,unknown,,,,,,,,,,,,,,Yes,,,,,Yes,,,,,,,,129,Agincourt North,129,Agincourt North (129),D42,640136.9673,4852224.3125
37,3370696,886039,1/9/2006 10:00:00 AM,1820,FINCH AVE E,MIDDLEFIELD RD,,Major Arterial,Scarborough,43.809817,-79.257663,At Intersection,Traffic Signal,Clear,"Dark, artificial",Dry,Non-Fatal Injury,Pedestrian Collisions,Driver,55 to 59,None,,East,Municipal Transit Bus (TTC),Turning Right,Driving Properly,Normal,,,,,,,Yes,,,,,Yes,,,,,,,,129,Agincourt North,129,Agincourt North (129),D42,640136.9673,4852224.3125
38,3370697,886039,1/9/2006 10:00:00 AM,1820,FINCH AVE E,MIDDLEFIELD RD,,Major Arterial,Scarborough,43.809817,-79.257663,At Intersection,Traffic Signal,Clear,"Dark, artificial",Dry,Non-Fatal Injury,Pedestrian Collisions,Pedestrian,50 to 54,Major,,East,,,,,Pedestrian involved in a collision with transit vehicle anywhere along roadway,Crossing without right of way,Inattentive,,,,Yes,,,,,Yes,,,,,,,,129,Agincourt North,129,Agincourt North (129),D42,640136.9673,4852224.3125
39,3551024,884135,1/10/2006 10:00:00 AM,804,BRIMLEY RD,GULLY DR,,Major Arterial,Scarborough,43.743645,-79.25129,At Intersection,No Control,Clear,Daylight,Dry,Non-Fatal Injury,Approaching,Driver,80 to 84,Minor,,North,"Automobile, Station Wagon",Going Ahead,Other,Medical or Physical Disability,,,,,,,,,Yes,,,,,,,,,,Yes,157,Bendale South,127,Bendale (127),D41,640804.7938,4844885.6861
40,3551025,884135,1/10/2006 10:00:00 AM,804,BRIMLEY RD,GULLY DR,,Major Arterial,Scarborough,43.743645,-79.25129,At Intersection,No Control,Clear,Daylight,Dry,Non-Fatal Injury,Approaching,Driver,55 to 59,Major,,South,"Automobile, Station Wagon",Going Ahead,Driving Properly,Normal,,,,,,,,,Yes,,,,,,,,,,Yes,157,Bendale South,127,Bendale (127),D41,640804.7938,4844885.6861
41,3363877,882501,1/11/2006 10:00:00 AM,1120,BARTLEY DR,JINNAH CRT,,Collector,North York,43.722045,-79.30799,,No Control,Clear,Daylight,Wet,Fatal,SMV Other,Passenger,15 to 19,Minimal,,,Other,,,,,,,,,,,,Yes,,,,,Yes,Yes,Yes,,,,43,Victoria Village,43,Victoria Village (43),D55,636288.2909,4842391.8744
42,3363878,882501,1/11/2006 10:00:00 AM,1120,BARTLEY DR,JINNAH CRT,,Collector,North York,43.722045,-79.30799,,No Control,Clear,Daylight,Wet,Fatal,SMV Other,Passenger,15 to 19,Minimal,,,Other,,,,,,,,,,,,Yes,,,,,Yes,Yes,Yes,,,,43,Victoria Village,43,Victoria Village (43),D55,636288.2909,4842391.8744
43,3363879,882501,1/11/2006 10:00:00 AM,1120,BARTLEY DR,JINNAH CRT,,Collector,North York,43.722045,-79.30799,,No Control,Clear,Daylight,Wet,Fatal,SMV Other,Passenger,15 to 19,Fatal,,,Other,,,,,,,,,,,,Yes,,,,,Yes,Yes,Yes,,,,43,Victoria Village,43,Victoria Village (43),D55,636288.2909,4842391.8744
44,3363880,882501,1/11/2006 10:00:00 AM,1120,BARTLEY DR,JINNAH CRT,,Collector,North York,43.722045,-79.30799,,No Control,Clear,Daylight,Wet,Fatal,SMV Other,Vehicle Owner,unknown,,,,Other,,,,,,,,,,,,Yes,,,,,Yes,Yes,Yes,,,,43,Victoria Village,43,Victoria Village (43),D55,636288.2909,4842391.8744
45,3363881,882501,1/11/2006 10:00:00 AM,1120,BARTLEY DR,JINNAH CRT,,Collector,North York,43.722045,-79.30799,,No Control,Clear,Daylight,Wet,Fatal,SMV Other,Driver,15 to 19,Major,,East,"Automobile, Station Wagon",Going Ahead,Lost control,Inattentive,,,,,,,,,Yes,,,,,Yes,Yes,Yes,,,,43,Victoria Village,43,Victoria Village (43),D55,636288.2909,4842391.8744
46,3363882,882501,1/11/2006 10:00:00 AM,1120,BARTLEY DR,JINNAH CRT,,Collector,North York,43.722045,-79.30799,,No Control,Clear,Daylight,Wet,Fatal,SMV Other,Other Property Owner,unknown,,,,Other,,,,,,,,,,,,Yes,,,,,Yes,Yes,Yes,,,,43,Victoria Village,43,Victoria Village (43),D55,636288.2909,4842391.8744
47,3364469,882912,1/14/2006 10:00:00 AM,904,WESTON RD,CORONADO CRT,,Major Arterial,Etobicoke York,43.741045,-79.53989,,Pedestrian Crossover,Strong wind,Daylight,Ice,Non-Fatal Injury,Pedestrian Collisions,Vehicle Owner,unknown,,,,Other,,,,,,,,,,Yes,,Yes,,,,,,Yes,Yes,,,,22,Humbermede,22,Humbermede (22),D31,617571.83,4844146.8725
48,3364470,882912,1/14/2006 10:00:00 AM,904,WESTON RD,CORONADO CRT,,Major Arterial,Etobicoke York,43.741045,-79.53989,,Pedestrian Crossover,Strong wind,Daylight,Ice,Non-Fatal Injury,Pedestrian Collisions,Driver,40 to 44,None,,South,"Automobile, Station Wagon",Slowing or Stopping,Speed too Fast For Condition,Normal,,,,,,,Yes,,Yes,,,,,,Yes,Yes,,,,22,Humbermede,22,Humbermede (22),D31,617571.83,4844146.8725
49,3364471,882912,1/14/2006 10:00:00 AM,904,WESTON RD,CORONADO CRT,,Major Arterial,Etobicoke York,43.741045,-79.53989,,Pedestrian Crossover,Strong wind,Daylight,Ice,Non-Fatal Injury,Pedestrian Collisions,Pedestrian,80 to 84,Major,,East,Other,,,,Pedestrian hit a PXO/ped. Mid-block signal,"Crossing, Pedestrian Crossover",Normal,,,,Yes,,Yes,,,,,,Yes,Yes,,,,22,Humbermede,22,Humbermede (22),D31,617571.83,4844146.8725
50,3372087,886573,1/14/2006 10:00:00 AM,2058,EGLINTON AVE W,BRAEMAR AVE,,Major Arterial,North York,43.704345,-79.40959,,No Control,Clear,Dark,Dry,Non-Fatal Injury,Pedestrian Collisions,Driver,20 to 24,None,,East,"Automobile, Station Wagon",Going Ahead,Driving Properly,Normal,,,,,,,Yes,,Yes,,,,,,,,,,,100,Yonge-Eglinton,100,Yonge-Eglinton (100),D53,628142.2344,4840263.972
51,3372088,886573,1/14/2006 10:00:00 AM,2058,EGLINTON AVE W,BRAEMAR AVE,,Major Arterial,North York,43.704345,-79.40959,,No Control,Clear,Dark,Dry,Non-Fatal Injury,Pedestrian Collisions,Pedestrian,25 to 29,Major,,North,Other,,,,Vehicle is going straight thru inter.while ped cross without ROW,"Crossing, no Traffic Control",Normal,,,,Yes,,Yes,,,,,,,,,,,100,Yonge-Eglinton,100,Yonge-Eglinton (100),D53,628142.2344,4840263.972
52,3372029,886552,1/15/2006 10:00:00 AM,1812,3367 DUNDAS ST W,,,Major Arterial,Toronto and East York,43.665545,-79.48289,,No Control,Clear,Dark,Dry,Non-Fatal Injury,Pedestrian Collisions,Driver,25 to 29,None,,East,"Automobile, Station Wagon",Going Ahead,Driving Properly,Normal,,,,,,,Yes,,Yes,,,,,,,,,,,89,Runnymede-Bloor West Village,89,Runnymede-Bloor West Village (89),D11,622315.096,4835844.0217
53,3372030,886552,1/15/2006 10:00:00 AM,1812,3367 DUNDAS ST W,,,Major Arterial,Toronto and East York,43.665545,-79.48289,,No Control,Clear,Dark,Dry,Non-Fatal Injury,Pedestrian Collisions,Pedestrian,50 to 54,Major,,,Other,,,,Pedestrian hit at mid-block,Crossing without right of way,Medical or Physical Disability,,,,Yes,,Yes,,,,,,,,,,,89,Runnymede-Bloor West Village,89,Runnymede-Bloor West Village (89),D11,622315.096,4835844.0217
54,3373264,887039,1/17/2006 10:00:00 AM,1940,SHEPPARD AVE W,SENLAC RD,,Major Arterial,North York,43.758945,-79.42259,At Intersection,Traffic Signal,Rain,Dark,Wet,Non-Fatal Injury,Pedestrian Collisions,Driver,40 to 44,None,,East,"Automobile, Station Wagon",Going Ahead,Driving Properly,Normal,,,,,,,Yes,,Yes,,,,,,,,,,,38,Lansing-Westgate,38,Lansing-Westgate (38),D32,626979.3512,4846308.0804
55,3373265,887039,1/17/2006 10:00:00 AM,1940,SHEPPARD AVE W,SENLAC RD,,Major Arterial,North York,43.758945,-79.42259,At Intersection,Traffic Signal,Rain,Dark,Wet,Non-Fatal Injury,Pedestrian Collisions,Pedestrian,55 to 59,Major,,South,Other,,,,Vehicle is going straight thru inter.while ped cross without ROW,Crossing without right of way,Normal,,,,Yes,,Yes,,,,,,,,,,,38,Lansing-Westgate,38,Lansing-Westgate (38),D32,626979.3512,4846308.0804
56,3372555,886747,1/17/2006 10:00:00 AM,2200,LAWRENCE AVE E,COLLINSGROVE RD,,Minor Arterial,Scarborough,43.769145,-79.18279,At Intersection,Traffic Signal,Rain,Dark,Wet,Non-Fatal Injury,Pedestrian Collisions,Driver,55 to 59,None,,South,"Automobile, Station Wagon",Turning Left,Failed to Yield Right of Way,Normal,,,,,,,Yes,,Yes,,,,,,,Yes,,,,136,West Hill,136,West Hill (136),D43,646258.288,4847836.5722
57,3372556,886747,1/17/2006 10:00:00 AM,2200,LAWRENCE AVE E,COLLINSGROVE RD,,Minor Arterial,Scarborough,43.769145,-79.18279,At Intersection,Traffic Signal,Rain,Dark,Wet,Non-Fatal Injury,Pedestrian Collisions,Pedestrian,60 to 64,Major,,South,Other,,,,Vehicle turns left while ped crosses with ROW at inter.,Crossing with right of way,Medical or Physical Disability,,,,Yes,,Yes,,,,,,,Yes,,,,136,West Hill,136,West Hill (136),D43,646258.288,4847836.5722
58,3532602,892999,1/17/2006 10:00:00 AM,2350,KING EDWARD AVE,BURRELL AVE,,Local,Toronto and East York,43.690445,-79.31139,,No Control,Rain,Dark,Wet,Non-Fatal Injury,Pedestrian Collisions,Vehicle Owner,unknown,None,,,Other,,,,,,,,,,Yes,,Yes,,,,,,,,,,,60,Woodbine-Lumsden,60,Woodbine-Lumsden (60),D55,636085.9145,4838876.6566
59,3532603,892999,1/17/2006 10:00:00 AM,2350,KING EDWARD AVE,BURRELL AVE,,Local,Toronto and East York,43.690445,-79.31139,,No Control,Rain,Dark,Wet,Non-Fatal Injury,Pedestrian Collisions,Driver,35 to 39,None,,North,"Automobile, Station Wagon",Other,Other,Unknown,,,,,,,Yes,,Yes,,,,,,,,,,,60,Woodbine-Lumsden,60,Woodbine-Lumsden (60),D55,636085.9145,4838876.6566
60,3532604,892999,1/17/2006 10:00:00 AM,2350,KING EDWARD AVE,BURRELL AVE,,Local,Toronto and East York,43.690445,-79.31139,,No Control,Rain,Dark,Wet,Non-Fatal Injury,Pedestrian Collisions,Pedestrian,40 to 44,Major,,,Other,,,,Other / Undefined,Other,Unknown,,,,Yes,,Yes,,,,,,,,,,,60,Woodbine-Lumsden,60,Woodbine-Lumsden (60),D55,636085.9145,4838876.6566
61,3371159,886230,1/21/2006 10:00:00 AM,1829,MIDLAND AVE,GOODLAND GT,,Major Arterial,Scarborough,43.779345,-79.27559,At Intersection,No Control,Clear,Dusk,Dry,Fatal,Pedestrian Collisions,Driver,25 to 29,None,,South,"Automobile, Station Wagon",Going Ahead,Exceeding Speed Limit,Unknown,,,,,,,Yes,,Yes,,,,,,Yes,Yes,,,,128,Agincourt South-Malvern West,128,Agincourt South-Malvern West (128),D42,638765.5901,4848809.7034
62,3371160,886230,1/21/2006 10:00:00 AM,1829,MIDLAND AVE,GOODLAND GT,,Major Arterial,Scarborough,43.779345,-79.27559,At Intersection,No Control,Clear,Dusk,Dry,Fatal,Pedestrian Collisions,Pedestrian,40 to 44,Major,,West,Other,,,,Pedestrian hit at mid-block,"Crossing, no Traffic Control",Normal,,,,Yes,,Yes,,,,,,Yes,Yes,,,,128,Agincourt South-Malvern West,128,Agincourt South-Malvern West (128),D42,638765.5901,4848809.7034