OBJECTID,INDEX,ACCNUM,DATE,TIME,STREET1,STREET2,OFFSET,ROAD_CLASS,DISTRICT,LATITUDE,LONGITUDE,ACCLOC,TRAFFCTL,VISIBILITY,LIGHT,RDSFCOND,ACCLASS,IMPACTYPE,INVTYPE,INVAGE,INJURY,FATAL_NO,INITDIR,VEHTYPE,MANOEUVER,DRIVACT,DRIVCOND,PEDTYPE,PEDACT,PEDCOND,CYCLISTYPE,CYCACT,CYCCOND,PEDESTRIAN,CYCLIST,AUTOMOBILE,MOTORCYCLE,TRUCK,TRSN_CITY_VEH,EMERG_VEH,PASSENGER,SPEEDING,AG_DRIV,REDLIGHT,ALCOHOL,DISABILITY,HOOD_158,NEIGHBOURHOOD_158,HOOD_140,NEIGHBOURHOOD_140,DIVISION,x,y
63,3371161,886230,1/21/2006 10:00:00 AM,1829,MIDLAND AVE,GOODLAND GT,,Major Arterial,Scarborough,43.779345,-79.27559,At Intersection,No Control,Clear,Dusk,Dry,Fatal,Pedestrian Collisions,Pedestrian,50 to 54,Fatal,,West,Other,,,,Pedestrian hit at mid-block,"Crossing, no Traffic Control",Normal,,,,Yes,,Yes,,,,,,Yes,Yes,,,,128,Agincourt South-Malvern West,128,Agincourt South-Malvern West (128),D42,638765.5901,4848809.7034
64,3367199,884310,1/22/2006 10:00:00 AM,230,460 CORONATION DR,,,Collector,Scarborough,43.765045,-79.17039,,No Control,Clear,Dark,Dry,Non-Fatal Injury,Pedestrian Collisions,Pedestrian,20 to 24,Major,,,Other,,,,Other / Undefined,Other,Had Been Drinking,,,,Yes,,Yes,,,,,,,Yes,,,,136,West Hill,136,West Hill (136),D43,647266.3779,4847403.1814
65,3367200,884310,1/22/2006 10:00:00 AM,230,460 CORONATION DR,,,Collector,Scarborough,43.765045,-79.17039,,No Control,Clear,Dark,Dry,Non-Fatal Injury,Pedestrian Collisions,Vehicle Owner,unknown,,,,Other,,,,,,,,,,Yes,,Yes,,,,,,,Yes,,,,136,West Hill,136,West Hill (136),D43,647266.3779,4847403.1814
66,3367201,884310,1/22/2006 10:00:00 AM,230,460 CORONATION DR,,,Collector,Scarborough,43.765045,-79.17039,,No Control,Clear,Dark,Dry,Non-Fatal Injury,Pedestrian Collisions,Driver,30 to 34,None,,East,"Automobile, Station Wagon",Going Ahead,Other,Had Been Drinking,,,,,,,Yes,,Yes,,,,,,,Yes,,,,136,West Hill,136,West Hill (136),D43,647266.3779,4847403.1814
67,3367249,884326,1/22/2006 10:00:00 AM,1800,YONGE ST,CUMBERLAND ST,,Major Arterial,Toronto and East York,43.671145,-79.38719,At Intersection,No Control,Clear,Dark,Dry,Non-Fatal Injury,Pedestrian Collisions,Pedestrian,85 to 89,Major,,West,Other,,,,Vehicle is going straight thru inter.while ped cross without ROW,"Crossing, no Traffic Control",Normal,,,,Yes,,Yes,,,,,,,,,,,95,Annex,95,Annex (95),D53,630018.7733,4836611.5224
68,3367250,884326,1/22/2006 10:00:00 AM,1800,YONGE ST,CUMBERLAND ST,,Major Arterial,Toronto and East York,43.671145,-79.38719,At Intersection,No Control,Clear,Dark,Dry,Non-Fatal Injury,Pedestrian Collisions,Vehicle Owner,unknown,,,,Other,,,,,,,,,,Yes,,Yes,,,,,,,,,,,95,Annex,95,Annex (95),D53,630018.7733,4836611.5224
69,3367251,884326,1/22/2006 10:00:00 AM,1800,YONGE ST,CUMBERLAND ST,,Major Arterial,Toronto and East York,43.671145,-79.38719,At Intersection,No Control,Clear,Dark,Dry,Non-Fatal Injury,Pedestrian Collisions,Driver,50 to 54,None,,South,"Automobile, Station Wagon",Going Ahead,Driving Properly,Normal,,,,,,,Yes,,Yes,,,,,,,,,,,95,Annex,95,Annex (95),D53,630018.7733,4836611.5224
70,3367750,884560,1/24/2006 10:00:00 AM,145,WARDEN AVE,LAWRENCE AVE E,,Major Arterial,Scarborough,43.745345,-79.29469,,Traffic Signal,Clear,Dawn,Dry,Fatal,Angle,Passenger,35 to 39,Major,,,Other,,,,,,,,,,,,Yes,,,,,Yes,Yes,Yes,,,,119,Wexford/Maryvale,119,Wexford/Maryvale (119),D41,637306.3322,4845001.6435
71,3367751,884560,1/24/2006 10:00:00 AM,145,WARDEN AVE,LAWRENCE AVE E,,Major Arterial,Scarborough,43.745345,-79.29469,,Traffic Signal,Clear,Dawn,Dry,Fatal,Angle,Vehicle Owner,unknown,,,,Other,,,,,,,,,,,,Yes,,,,,Yes,Yes,Yes,,,,119,Wexford/Maryvale,119,Wexford/Maryvale (119),D41,637306.3322,4845001.6435
72,3367752,884560,1/24/2006 10:00:00 AM,145,WARDEN AVE,LAWRENCE AVE E,,Major Arterial,Scarborough,43.745345,-79.29469,,Traffic Signal,Clear,Dawn,Dry,Fatal,Angle,Driver,40 to 44,None,,West,"Automobile, Station Wagon",Going Ahead,Driving Properly,Normal,,,,,,,,,Yes,,,,,Yes,Yes,Yes,,,,119,Wexford/Maryvale,119,Wexford/Maryvale (119),D41,637306.3322,4845001.6435
73,3367753,884560,1/24/2006 10:00:00 AM,145,WARDEN AVE,LAWRENCE AVE E,,Major Arterial,Scarborough,43.745345,-79.29469,,Traffic Signal,Clear,Dawn,Dry,Fatal,Angle,Driver,35 to 39,Fatal,,South,"Automobile, Station Wagon",Going Ahead,Exceeding Speed Limit,Unknown,,,,,,,,,Yes,,,,,Yes,Yes,Yes,,,,119,Wexford/Maryvale,119,Wexford/Maryvale (119),D41,637306.3322,4845001.6435
74,3368257,884756,1/24/2006 10:00:00 AM,754,DEAN PARK RD,BRAYMORE BLVD,,Collector,Scarborough,43.803445,-79.17069,At Intersection,Stop Sign,Clear,Daylight,Wet,Fatal,Pedestrian Collisions,Passenger,10 to 14,None,,,Other,,,,,,,,,,Yes,,Yes,,,,,Yes,,Yes,,,,143,West Rouge,131,Rouge (131),D42,647147.9771,4851667.5845
75,3368258,884756,1/24/2006 10:00:00 AM,754,DEAN PARK RD,BRAYMORE BLVD,,Collector,Scarborough,43.803445,-79.17069,At Intersection,Stop Sign,Clear,Daylight,Wet,Fatal,Pedestrian Collisions,Driver,40 to 44,None,,South,"Automobile, Station Wagon",Turning Left,Failed to Yield Right of Way,Inattentive,,,,,,,Yes,,Yes,,,,,Yes,,Yes,,,,143,West Rouge,131,Rouge (131),D42,647147.9771,4851667.5845
76,3368259,884756,1/24/2006 10:00:00 AM,754,DEAN PARK RD,BRAYMORE BLVD,,Collector,Scarborough,43.803445,-79.17069,At Intersection,Stop Sign,Clear,Daylight,Wet,Fatal,Pedestrian Collisions,Pedestrian,75 to 79,Fatal,,North,Other,,,,Vehicle turns left while ped crosses with ROW at inter.,Crossing with right of way,Normal,,,,Yes,,Yes,,,,,Yes,,Yes,,,,143,West Rouge,131,Rouge (131),D42,647147.9771,4851667.5845
77,3368156,884714,1/24/2006 10:00:00 AM,2220,MOUNT PLEASANT RD,WHITEHALL RD,,Major Arterial,Toronto and East York,43.684045,-79.38349,At Intersection,No Control,Rain,Dark,Wet,Fatal,Turning Movement,Passenger,15 to 19,Minimal,,,Other,,,,,,,,,,,,Yes,,,,,Yes,Yes,Yes,,,,98,Rosedale-Moore Park,98,Rosedale-Moore Park (98),D53,630289.1339,4838050.0488
78,3368157,884714,1/24/2006 10:00:00 AM,2220,MOUNT PLEASANT RD,WHITEHALL RD,,Major Arterial,Toronto and East York,43.684045,-79.38349,At Intersection,No Control,Rain,Dark,Wet,Fatal,Turning Movement,Driver,15 to 19,None,,North,"Automobile, Station Wagon",Going Ahead,Exceeding Speed Limit,Normal,,,,,,,,,Yes,,,,,Yes,Yes,Yes,,,,98,Rosedale-Moore Park,98,Rosedale-Moore Park (98),D53,630289.1339,4838050.0488
79,3368158,884714,1/24/2006 10:00:00 AM,2220,MOUNT PLEASANT RD,WHITEHALL RD,,Major Arterial,Toronto and East York,43.684045,-79.38349,At Intersection,No Control,Rain,Dark,Wet,Fatal,Turning Movement,Vehicle Owner,unknown,,,,Other,,,,,,,,,,,,Yes,,,,,Yes,Yes,Yes,,,,98,Rosedale-Moore Park,98,Rosedale-Moore Park (98),D53,630289.1339,4838050.0488
80,3368159,884714,1/24/2006 10:00:00 AM,2220,MOUNT PLEASANT RD,WHITEHALL RD,,Major Arterial,Toronto and East York,43.684045,-79.38349,At Intersection,No Control,Rain,Dark,Wet,Fatal,Turning Movement,Driver,45 to 49,Fatal,,South,"Automobile, Station Wagon",Turning Left,Driving Properly,Normal,,,,,,,,,Yes,,,,,Yes,Yes,Yes,,,,98,Rosedale-Moore Park,98,Rosedale-Moore Park (98),D53,630289.1339,4838050.0488
81,3368160,884714,1/24/2006 10:00:00 AM,2220,MOUNT PLEASANT RD,WHITEHALL RD,,Major Arterial,Toronto and East York,43.684045,-79.38349,At Intersection,No Control,Rain,Dark,Wet,Fatal,Turning Movement,Driver,15 to 19,Minimal,,North,"Automobile, Station Wagon",Going Ahead,Exceeding Speed Limit,Normal,,,,,,,,,Yes,,,,,Yes,Yes,Yes,,,,98,Rosedale-Moore Park,98,Rosedale-Moore Park (98),D53,630289.1339,4838050.0488
82,3368161,884714,1/24/2006 10:00:00 AM,2220,MOUNT PLEASANT RD,WHITEHALL RD,,Major Arterial,Toronto and East York,43.684045,-79.38349,At Intersection,No Control,Rain,Dark,Wet,Fatal,Turning Movement,Other Property Owner,unknown,,,,Other,,,,,,,,,,,,Yes,,,,,Yes,Yes,Yes,,,,98,Rosedale-Moore Park,98,Rosedale-Moore Park (98),D53,630289.1339,4838050.0488
83,3373783,887237,1/27/2006 10:00:00 AM,2046,BLOOR ST W,CHRISTIE ST,,Major Arterial,Toronto and East York,43.663545,-79.41839,At Intersection,No Control,Clear,Dark,Dry,Non-Fatal Injury,Pedestrian Collisions,Vehicle Owner,unknown,,,,Other,,,,,,,,,,Yes,,Yes,,,,,,Yes,Yes,,,,80,Palmerston-Little Italy,80,Palmerston-Little Italy (80),D14,627519.6119,4835719.0117
84,3373784,887237,1/27/2006 10:00:00 AM,2046,BLOOR ST W,CHRISTIE ST,,Major Arterial,Toronto and East York,43.663545,-79.41839,At Intersection,No Control,Clear,Dark,Dry,Non-Fatal Injury,Pedestrian Collisions,Driver,20 to 24,None,,East,"Automobile, Station Wagon",Changing Lanes,Driving Properly,Normal,,,,,,,Yes,,Yes,,,,,,Yes,Yes,,,,80,Palmerston-Little Italy,80,Palmerston-Little Italy (80),D14,627519.6119,4835719.0117
85,3373785,887237,1/27/2006 10:00:00 AM,2046,BLOOR ST W,CHRISTIE ST,,Major Arterial,Toronto and East York,43.663545,-79.41839,At Intersection,No Control,Clear,Dark,Dry,Non-Fatal Injury,Pedestrian Collisions,Driver,20 to 24,None,,West,"Automobile, Station Wagon",Changing Lanes,Driving Properly,Normal,,,,,,,Yes,,Yes,,,,,,Yes,Yes,,,,80,Palmerston-Little Italy,80,Palmerston-Little Italy (80),D14,627519.6119,4835719.0117
86,3373786,887237,1/27/2006 10:00:00 AM,2046,BLOOR ST W,CHRISTIE ST,,Major Arterial,Toronto and East York,43.663545,-79.41839,At Intersection,No Control,Clear,Dark,Dry,Non-Fatal Injury,Pedestrian Collisions,Driver,unknown,None,,East,Taxi,Going Ahead,Exceeding Speed Limit,Unknown,,,,,,,Yes,,Yes,,,,,,Yes,Yes,,,,80,Palmerston-Little Italy,80,Palmerston-Little Italy (80),D14,627519.6119,4835719.0117
87,3373787,887237,1/27/2006 10:00:00 AM,2046,BLOOR ST W,CHRISTIE ST,,Major Arterial,Toronto and East York,43.663545,-79.41839,At Intersection,No Control,Clear,Dark,Dry,Non-Fatal Injury,Pedestrian Collisions,Pedestrian,20 to 24,Major,,South,Other,,,,Vehicle is going straight thru inter.while ped cross without ROW,"Crossing, no Traffic Control",Normal,,,,Yes,,Yes,,,,,,Yes,Yes,,,,80,Palmerston-Little Italy,80,Palmerston-Little Italy (80),D14,627519.6119,4835719.0117
88,3381636,890325,1/27/2006 10:00:00 AM,2301,NORTH YORK BLVD,BEECROFT RD,,Collector,North York,43.766545,-79.41429,At Intersection,Pedestrian Crossover,Clear,Dark,Dry,Non-Fatal Injury,SMV Other,Passenger,20 to 24,Major,,,Other,,,,,,,,,,,,Yes,,,,,Yes,Yes,Yes,,,,38,Lansing-Westgate,38,Lansing-Westgate (38),D32,627631.3335,4847164.9338
89,3381637,890325,1/27/2006 10:00:00 AM,2301,NORTH YORK BLVD,BEECROFT RD,,Collector,North York,43.766545,-79.41429,At Intersection,Pedestrian Crossover,Clear,Dark,Dry,Non-Fatal Injury,SMV Other,Driver,20 to 24,Minor,,West,"Automobile, Station Wagon",Going Ahead,Lost control,Unknown,,,,,,,,,Yes,,,,,Yes,Yes,Yes,,,,38,Lansing-Westgate,38,Lansing-Westgate (38),D32,627631.3335,4847164.9338
90,3381638,890325,1/27/2006 10:00:00 AM,2301,NORTH YORK BLVD,BEECROFT RD,,Collector,North York,43.766545,-79.41429,At Intersection,Pedestrian Crossover,Clear,Dark,Dry,Non-Fatal Injury,SMV Other,Other Property Owner,unknown,,,,Other,,,,,,,,,,,,Yes,,,,,Yes,Yes,Yes,,,,38,Lansing-Westgate,38,Lansing-Westgate (38),D32,627631.3335,4847164.9338
91,3370086,885650,1/29/2006 10:00:00 AM,2048,F G GARDINER XY W  W,KIPLING AVE,,,Etobicoke York,43.618245,-79.52439,,No Control,Rain,Dark,Wet,Fatal,Pedestrian Collisions,Driver,20 to 24,None,,West,"Automobile, Station Wagon",Going Ahead,Driving Properly,Normal,,,,,,,Yes,,Yes,,,,,,,,,,,160,Mimico-Queensway,17,Mimico (includes Humber Bay Shores) (17),D22,619062.576,4830530.4136
92,3370087,885650,1/29/2006 10:00:00 AM,2048,F G GARDINER XY W  W,KIPLING AVE,,,Etobicoke York,43.618245,-79.52439,,No Control,Rain,Dark,Wet,Fatal,Pedestrian Collisions,Pedestrian,15 to 19,Fatal,,South,Other,,,,Pedestrian hit at mid-block,Running onto Roadway,Unknown,,,,Yes,,Yes,,,,,,,,,,,160,Mimico-Queensway,17,Mimico (includes Humber Bay Shores) (17),D22,619062.576,4830530.4136
93,3378947,889323,1/29/2006 10:00:00 AM,2130,ST CLAIR AVE W,SPADINA RD,,Major Arterial,Toronto and East York,43.684645,-79.41119,At Intersection,Traffic Signal,Rain,Dark,Wet,Non-Fatal Injury,Pedestrian Collisions,Driver,40 to 44,None,,South,"Automobile, Station Wagon",Turning Left,Failed to Yield Right of Way,Normal,,,,,,,Yes,,Yes,,,,,,,Yes,,,,96,Casa Loma,96,Casa Loma (96),D13,628055.242,4838073.5427
94,3378948,889323,1/29/2006 10:00:00 AM,2130,ST CLAIR AVE W,SPADINA RD,,Major Arterial,Toronto and East York,43.684645,-79.41119,At Intersection,Traffic Signal,Rain,Dark,Wet,Non-Fatal Injury,Pedestrian Collisions,Pedestrian,65 to 69,Major,,North,Other,,,,Vehicle turns left while ped crosses with ROW at inter.,Crossing with right of way,Normal,,,,Yes,,Yes,,,,,,,Yes,,,,96,Casa Loma,96,Casa Loma (96),D13,628055.242,4838073.5427
95,3380161,889773,2/2/2006 10:00:00 AM,1421,SPADINA AVE,NASSAU ST,,Major Arterial,Toronto and East York,43.655845,-79.39919,At Intersection,Traffic Signal,Clear,Daylight,Dry,Non-Fatal Injury,Turning Movement,Passenger,50 to 54,Major,,,Other,,,,,,,,,,,,Yes,,,Yes,,Yes,,,,,,78,Kensington-Chinatown,78,Kensington-Chinatown (78),D52,629084.1552,4834893.5151
96,3380162,889773,2/2/2006 10:00:00 AM,1421,SPADINA AVE,NASSAU ST,,Major Arterial,Toronto and East York,43.655845,-79.39919,At Intersection,Traffic Signal,Clear,Daylight,Dry,Non-Fatal Injury,Turning Movement,Driver,50 to 54,Major,,South,"Automobile, Station Wagon",Turning Left,Improper Turn,Normal,,,,,,,,,Yes,,,Yes,,Yes,,,,,,78,Kensington-Chinatown,78,Kensington-Chinatown (78),D52,629084.1552,4834893.5151
97,3380163,889773,2/2/2006 10:00:00 AM,1421,SPADINA AVE,NASSAU ST,,Major Arterial,Toronto and East York,43.655845,-79.39919,At Intersection,Traffic Signal,Clear,Daylight,Dry,Non-Fatal Injury,Turning Movement,Vehicle Owner,unknown,None,,,Other,,,,,,,,,,,,Yes,,,Yes,,Yes,,,,,,78,Kensington-Chinatown,78,Kensington-Chinatown (78),D52,629084.1552,4834893.5151
98,3380164,889773,2/2/2006 10:00:00 AM,1421,SPADINA AVE,NASSAU ST,,Major Arterial,Toronto and East York,43.655845,-79.39919,At Intersection,Traffic Signal,Clear,Daylight,Dry,Non-Fatal Injury,Turning Movement,Driver,40 to 44,None,,South,Municipal Transit Bus (TTC),Going Ahead,Driving Properly,Normal,,,,,,,,,Yes,,,Yes,,Yes,,,,,,78,Kensington-Chinatown,78,Kensington-Chinatown (78),D52,629084.1552,4834893.5151
99,3380669,889954,2/3/2006 10:00:00 AM,758,BIRCHMOUNT RD,L AMOREAUX DR,,Major Arterial,Scarborough,43.800645,-79.30709,At Intersection,Traffic Signal,Rain,Daylight,Wet,Non-Fatal Injury,Pedestrian Collisions,Driver,70 to 74,None,,East,"Automobile, Station Wagon",Turning Left,Failed to Yield Right of Way,Normal,,,,,,,Yes,,Yes,,,,,,,Yes,,,,148,East L'Amoreaux,117,L'Amoreaux (117),D42,636182.33,4851123.087
100,3380670,889954,2/3/2006 10:00:00 AM,758,BIRCHMOUNT RD,L AMOREAUX DR,,Major Arterial,Scarborough,43.800645,-79.30709,At Intersection,Traffic Signal,Rain,Daylight,Wet,Non-Fatal Injury,Pedestrian Collisions,Pedestrian,15 to 19,Major,,West,Other,,,,Vehicle turns left while ped crosses with ROW at inter.,Crossing with right of way,Normal,,,,Yes,,Yes,,,,,,,Yes,,,,148,East L'Amoreaux,117,L'Amoreaux (117),D42,636182.33,4851123.087
101,3551057,890013,2/3/2006 10:00:00 AM,957,ELLESMERE RD,BIRCHMOUNT RD,,Major Arterial,Scarborough,43.763445,-79.29139,At Intersection,Traffic Signal,Rain,Daylight,Wet,Non-Fatal Injury,Pedestrian Collisions,Driver,50 to 54,None,,North,"Automobile, Station Wagon",Turning Left,Failed to Yield Right of Way,Normal,,,,,,,Yes,,Yes,,,,,,,Yes,,,,119,Wexford/Maryvale,119,Wexford/Maryvale (119),D41,637530.5704,4847017.399
102,3551058,890013,2/3/2006 10:00:00 AM,957,ELLESMERE RD,BIRCHMOUNT RD,,Major Arterial,Scarborough,43.763445,-79.29139,At Intersection,Traffic Signal,Rain,Daylight,Wet,Non-Fatal Injury,Pedestrian Collisions,Pedestrian,65 to 69,Major,,South,Other,,,,Vehicle turns left while ped crosses without ROW at inter.,Running onto Roadway,Normal,,,,Yes,,Yes,,,,,,,Yes,,,,119,Wexford/Maryvale,119,Wexford/Maryvale (119),D41,637530.5704,4847017.399
103,3374271,887427,2/7/2006 10:00:00 AM,1330,JANE ST,BRADLEY AVE,,Major Arterial,Toronto and East York,43.663745,-79.49039,,Pedestrian Crossover,Clear,Daylight,Dry,Non-Fatal Injury,Pedestrian Collisions,Driver,50 to 54,None,,South,"Automobile, Station Wagon",Going Ahead,Other,Inattentive,,,,,,,Yes,,Yes,,,,,,,,,,,89,Runnymede-Bloor West Village,89,Runnymede-Bloor West Village (89),D11,621714.0501,4835633.0781
104,3374272,887427,2/7/2006 10:00:00 AM,1330,JANE ST,BRADLEY AVE,,Major Arterial,Toronto and East York,43.663745,-79.49039,,Pedestrian Crossover,Clear,Daylight,Dry,Non-Fatal Injury,Pedestrian Collisions,Pedestrian,80 to 84,Major,,East,Other,,,,Pedestrian hit a PXO/ped. Mid-block signal,"Crossing, Pedestrian Crossover",Normal,,,,Yes,,Yes,,,,,,,,,,,89,Runnymede-Bloor West Village,89,Runnymede-Bloor West Village (89),D11,621714.0501,4835633.0781
105,3382290,890583,2/8/2006 10:00:00 AM,745,WOODSIDE AVE,RUNNYMEDE RD,,Minor Arterial,Toronto and East York,43.657845,-79.47909,At Intersection,Stop Sign,Clear,Daylight,Dry,Non-Fatal Injury,Pedestrian Collisions,Driver,30 to 34,None,,West,"Automobile, Station Wagon",Turning Right,Failed to Yield Right of Way,Normal,,,,,,,Yes,,Yes,,,,,,,Yes,,,,88,High Park North,88,High Park North (88),D11,622637.1452,4834994.4455
106,3382291,890583,2/8/2006 10:00:00 AM,745,WOODSIDE AVE,RUNNYMEDE RD,,Minor Arterial,Toronto and East York,43.657845,-79.47909,At Intersection,Stop Sign,Clear,Daylight,Dry,Non-Fatal Injury,Pedestrian Collisions,Pedestrian,50 to 54,Major,,South,Other,,,,Vehicle turns right while ped crosses with ROW at inter.,Crossing with right of way,Normal,,,,Yes,,Yes,,,,,,,Yes,,,,88,High Park North,88,High Park North (88),D11,622637.1452,4834994.4455
107,3602929,887637,2/8/2006 10:00:00 AM,1500,CARLINGVIEW DR,DIXON RD,,Major Arterial,Etobicoke York,43.686745,-79.59559,,Traffic Signal,Clear,Daylight,Dry,Non-Fatal Injury,Pedestrian Collisions,Driver,50 to 54,None,,North,"Automobile, Station Wagon",Turning Left,Driving Properly,Normal,,,,,,,Yes,,Yes,,,,,,,,,,,1,West Humber-Clairville,1,West Humber-Clairville (1),D23,613188.8669,4838038.5765
108,3602930,887637,2/8/2006 10:00:00 AM,1500,CARLINGVIEW DR,DIXON RD,,Major Arterial,Etobicoke York,43.686745,-79.59559,,Traffic Signal,Clear,Daylight,Dry,Non-Fatal Injury,Pedestrian Collisions,Pedestrian,80 to 84,Major,,South,Other,,,,Vehicle turns left while ped crosses without ROW at inter.,Crossing without right of way,Normal,,,,Yes,,Yes,,,,,,,,,,,1,West Humber-Clairville,1,West Humber-Clairville (1),D23,613188.8669,4838038.5765
109,3383485,891027,2/11/2006 10:00:00 AM,1804,UNDERHILL DR,CASSANDRA BLVD,,Collector,North York,43.752745,-79.32639,At Intersection,No Control,Clear,Dark,Dry,Non-Fatal Injury,Cyclist Collisions,Driver,65 to 69,None,,North,"Automobile, Station Wagon",Turning Left,Improper Turn,Inattentive,,,,,,,,Yes,Yes,,,,,,,,,,,149,Parkwoods-O'Connor Hills,45,Parkwoods-Donalda (45),D33,634737.3121,4845771.4693
110,3383486,891027,2/11/2006 10:00:00 AM,1804,UNDERHILL DR,CASSANDRA BLVD,,Collector,North York,43.752745,-79.32639,At Intersection,No Control,Clear,Dark,Dry,Non-Fatal Injury,Cyclist Collisions,Cyclist,20 to 24,Major,,South,Bicycle,Going Ahead,,,,,,Motorist turned left across cyclists path.,,,,Yes,Yes,,,,,,,,,,,149,Parkwoods-O'Connor Hills,45,Parkwoods-Donalda (45),D33,634737.3121,4845771.4693
111,3532544,888108,2/12/2006 10:00:00 AM,845,840 KENNEDY RD,,,Major Arterial,Scarborough,43.735945,-79.26949,,No Control,Clear,Daylight,Dry,Non-Fatal Injury,Approaching,Driver,40 to 44,None,,South,"Automobile, Station Wagon",Going Ahead,Driving Properly,Normal,,,,,,,,,Yes,,,,,Yes,,,,,,125,Ionview,125,Ionview (125),D41,639357.1902,4843999.7112
112,3532545,888108,2/12/2006 10:00:00 AM,845,840 KENNEDY RD,,,Major Arterial,Scarborough,43.735945,-79.26949,,No Control,Clear,Daylight,Dry,Non-Fatal Injury,Approaching,Passenger,5 to 9,None,,,"Automobile, Station Wagon",,,,,,,,,,,,Yes,,,,,Yes,,,,,,125,Ionview,125,Ionview (125),D41,639357.1902,4843999.7112
113,3532546,888108,2/12/2006 10:00:00 AM,845,840 KENNEDY RD,,,Major Arterial,Scarborough,43.735945,-79.26949,,No Control,Clear,Daylight,Dry,Non-Fatal Injury,Approaching,Driver,25 to 29,None,,South,"Automobile, Station Wagon",Going Ahead,Driving Properly,Normal,,,,,,,,,Yes,,,,,Yes,,,,,,125,Ionview,125,Ionview (125),D41,639357.1902,4843999.7112
114,3532547,888108,2/12/2006 10:00:00 AM,845,840 KENNEDY RD,,,Major Arterial,Scarborough,43.735945,-79.26949,,No Control,Clear,Daylight,Dry,Non-Fatal Injury,Approaching,Passenger,0 to 4,Minor,,,"Automobile, Station Wagon",,,,,,,,,,,,Yes,,,,,Yes,,,,,,125,Ionview,125,Ionview (125),D41,639357.1902,4843999.7112
115,3532548,888108,2/12/2006 10:00:00 AM,845,840 KENNEDY RD,,,Major Arterial,Scarborough,43.735945,-79.26949,,No Control,Clear,Daylight,Dry,Non-Fatal Injury,Approaching,Driver,25 to 29,Major,,South,"Automobile, Station Wagon",Going Ahead,Driving Properly,Normal,,,,,,,,,Yes,,,,,Yes,,,,,,125,Ionview,125,Ionview (125),D41,639357.1902,4843999.7112
116,3532549,888108,2/12/2006 10:00:00 AM,845,840 KENNEDY RD,,,Major Arterial,Scarborough,43.735945,-79.26949,,No Control,Clear,Daylight,Dry,Non-Fatal Injury,Approaching,Driver,30 to 34,None,,North,"Automobile, Station Wagon",Going Ahead,Lost control,Normal,,,,,,,,,Yes,,,,,Yes,,,,,,125,Ionview,125,Ionview (125),D41,639357.1902,4843999.7112
117,3383908,891189,2/12/2006 10:00:00 AM,856,PAPE AVE,CANNING AVE,,Major Arterial,Toronto and East York,43.682345,-79.34609,,No Control,Clear,Daylight,Dry,Non-Fatal Injury,Rear End,Vehicle Owner,unknown,None,,,Other,,,,,,,,,,,,Yes,,,,,,Yes,Yes,,,,66,Danforth,66,Danforth (66),D55,633307.3352,4837920.6767
118,3383909,891189,2/12/2006 10:00:00 AM,856,PAPE AVE,CANNING AVE,,Major Arterial,Toronto and East York,43.682345,-79.34609,,No Control,Clear,Daylight,Dry,Non-Fatal Injury,Rear End,Driver,50 to 54,Major,,South,"Automobile, Station Wagon",Going Ahead,Following too Close,Fatigue,,,,,,,,,Yes,,,,,,Yes,Yes,,,,66,Danforth,66,Danforth (66),D55,633307.3352,4837920.6767
119,3383910,891189,2/12/2006 10:00:00 AM,856,PAPE AVE,CANNING AVE,,Major Arterial,Toronto and East York,43.682345,-79.34609,,No Control,Clear,Daylight,Dry,Non-Fatal Injury,Rear End,Vehicle Owner,unknown,None,,,Other,,,,,,,,,,,,Yes,,,,,,Yes,Yes,,,,66,Danforth,66,Danforth (66),D55,633307.3352,4837920.6767
120,3383911,891189,2/12/2006 10:00:00 AM,856,PAPE AVE,CANNING AVE,,Major Arterial,Toronto and East York,43.682345,-79.34609,,No Control,Clear,Daylight,Dry,Non-Fatal Injury,Rear End,Driver,45 to 49,Minimal,,South,"Automobile, Station Wagon",Going Ahead,Speed too Fast For Condition,Normal,,,,,,,,,Yes,,,,,,Yes,Yes,,,,66,Danforth,66,Danforth (66),D55,633307.3352,4837920.6767
121,3383912,891189,2/12/2006 10:00:00 AM,856,PAPE AVE,CANNING AVE,,Major Arterial,Toronto and East York,43.682345,-79.34609,,No Control,Clear,Daylight,Dry,Non-Fatal Injury,Rear End,Other Property Owner,unknown,None,,,Other,,,,,,,,,,,,Yes,,,,,,Yes,Yes,,,,66,Danforth,66,Danforth (66),D55,633307.3352,4837920.6767
122,3383913,891189,2/12/2006 10:00:00 AM,856,PAPE AVE,CANNING AVE,,Major Arterial,Toronto and East York,43.682345,-79.34609,,No Control,Clear,Daylight,Dry,Non-Fatal Injury,Rear End,Other Property Owner,unknown,None,,,Other,,,,,,,,,,,,Yes,,,,,,Yes,Yes,,,,66,Danforth,66,Danforth (66),D55,633307.3352,4837920.6767
123,3376285,888231,2/13/2006 10:00:00 AM,925,GLENBURN AVE,TIAGO AVE,,Local,Toronto and East York,43.712545,-79.30039,At Intersection,Stop Sign,Clear,Daylight,Dry,Non-Fatal Injury,Pedestrian Collisions,Pedestrian,55 to 59,Major,,North,Other,,,,Vehicle turns left while ped crosses with ROW at inter.,Crossing with right of way,Normal,,,,Yes,,Yes,,,,,,,Yes,,,,54,O'Connor-Parkview,54,O'Connor-Parkview (54),D55,636922.1007,4841349.288