OBJECTID,INDEX,ACCNUM,DATE,TIME,STREET1,STREET2,OFFSET,ROAD_CLASS,DISTRICT,LATITUDE,LONGITUDE,ACCLOC,TRAFFCTL,VISIBILITY,LIGHT,RDSFCOND,ACCLASS,IMPACTYPE,INVTYPE,INVAGE,INJURY,FATAL_NO,INITDIR,VEHTYPE,MANOEUVER,DRIVACT,DRIVCOND,PEDTYPE,PEDACT,PEDCOND,CYCLISTYPE,CYCACT,CYCCOND,PEDESTRIAN,CYCLIST,AUTOMOBILE,MOTORCYCLE,TRUCK,TRSN_CITY_VEH,EMERG_VEH,PASSENGER,SPEEDING,AG_DRIV,REDLIGHT,ALCOHOL,DISABILITY,HOOD_158,NEIGHBOURHOOD_158,HOOD_140,NEIGHBOURHOOD_140,DIVISION,x,y
124,3376286,888231,2/13/2006 10:00:00 AM,925,GLENBURN AVE,TIAGO AVE,,Local,Toronto and East York,43.712545,-79.30039,At Intersection,Stop Sign,Clear,Daylight,Dry,Non-Fatal Injury,Pedestrian Collisions,Vehicle Owner,unknown,None,,,Other,,,,,,,,,,Yes,,Yes,,,,,,,Yes,,,,54,O'Connor-Parkview,54,O'Connor-Parkview (54),D55,636922.1007,4841349.288
125,3376287,888231,2/13/2006 10:00:00 AM,925,GLENBURN AVE,TIAGO AVE,,Local,Toronto and East York,43.712545,-79.30039,At Intersection,Stop Sign,Clear,Daylight,Dry,Non-Fatal Injury,Pedestrian Collisions,Driver,70 to 74,None,,South,"Automobile, Station Wagon",Turning Left,Failed to Yield Right of Way,Inattentive,,,,,,,Yes,,Yes,,,,,,,Yes,,,,54,O'Connor-Parkview,54,O'Connor-Parkview (54),D55,636922.1007,4841349.288
126,3383875,891178,2/14/2006 10:00:00 AM,520,EGLINTON AVE W,BLACK CREEK DR,,Major Arterial,Etobicoke York,43.688345,-79.48289,At Intersection,Traffic Signal,Clear,Dark,Dry,Non-Fatal Injury,Angle,Vehicle Owner,unknown,None,,,Other,,,,,,,,,,,,Yes,,,,,,Yes,Yes,Yes,,,110,Keelesdale-Eglinton West,110,Keelesdale-Eglinton West (110),D12,622268.7809,4838376.2658
127,3383876,891178,2/14/2006 10:00:00 AM,520,EGLINTON AVE W,BLACK CREEK DR,,Major Arterial,Etobicoke York,43.688345,-79.48289,At Intersection,Traffic Signal,Clear,Dark,Dry,Non-Fatal Injury,Angle,Driver,40 to 44,None,,East,"Automobile, Station Wagon",Stopped,Driving Properly,Normal,,,,,,,,,Yes,,,,,,Yes,Yes,Yes,,,110,Keelesdale-Eglinton West,110,Keelesdale-Eglinton West (110),D12,622268.7809,4838376.2658
128,3383877,891178,2/14/2006 10:00:00 AM,520,EGLINTON AVE W,BLACK CREEK DR,,Major Arterial,Etobicoke York,43.688345,-79.48289,At Intersection,Traffic Signal,Clear,Dark,Dry,Non-Fatal Injury,Angle,Driver,40 to 44,Minor,,East,"Automobile, Station Wagon",Stopped,Driving Properly,Normal,,,,,,,,,Yes,,,,,,Yes,Yes,Yes,,,110,Keelesdale-Eglinton West,110,Keelesdale-Eglinton West (110),D12,622268.7809,4838376.2658
129,3383878,891178,2/14/2006 10:00:00 AM,520,EGLINTON AVE W,BLACK CREEK DR,,Major Arterial,Etobicoke York,43.688345,-79.48289,At Intersection,Traffic Signal,Clear,Dark,Dry,Non-Fatal Injury,Angle,Driver,55 to 59,Major,,South,"Automobile, Station Wagon",Going Ahead,Driving Properly,Normal,,,,,,,,,Yes,,,,,,Yes,Yes,Yes,,,110,Keelesdale-Eglinton West,110,Keelesdale-Eglinton West (110),D12,622268.7809,4838376.2658
130,3383879,891178,2/14/2006 10:00:00 AM,520,EGLINTON AVE W,BLACK CREEK DR,,Major Arterial,Etobicoke York,43.688345,-79.48289,At Intersection,Traffic Signal,Clear,Dark,Dry,Non-Fatal Injury,Angle,Driver,35 to 39,Minor,,East,"Automobile, Station Wagon",Stopped,Driving Properly,Normal,,,,,,,,,Yes,,,,,,Yes,Yes,Yes,,,110,Keelesdale-Eglinton West,110,Keelesdale-Eglinton West (110),D12,622268.7809,4838376.2658
131,3383880,891178,2/14/2006 10:00:00 AM,520,EGLINTON AVE W,BLACK CREEK DR,,Major Arterial,Etobicoke York,43.688345,-79.48289,At Intersection,Traffic Signal,Clear,Dark,Dry,Non-Fatal Injury,Angle,Driver,25 to 29,Major,,West,"Automobile, Station Wagon",Going Ahead,Disobeyed Traffic Control,Unknown,,,,,,,,,Yes,,,,,,Yes,Yes,Yes,,,110,Keelesdale-Eglinton West,110,Keelesdale-Eglinton West (110),D12,622268.7809,4838376.2658
132,3376949,888497,2/15/2006 10:00:00 AM,935,WESTWOOD AVE,WOODYCREST AVE,,Local,Toronto and East York,43.687345,-79.34469,At Intersection,Stop Sign,Clear,Daylight,Dry,Fatal,Pedestrian Collisions,Pedestrian,70 to 74,Fatal,,East,Other,,,,Vehicle turns left while ped crosses with ROW at inter.,Crossing with right of way,Normal,,,,Yes,,Yes,,,,,,,Yes,,,,59,Danforth East York,59,Danforth East York (59),D55,633409.0941,4838478.2472
133,3376950,888497,2/15/2006 10:00:00 AM,935,WESTWOOD AVE,WOODYCREST AVE,,Local,Toronto and East York,43.687345,-79.34469,At Intersection,Stop Sign,Clear,Daylight,Dry,Fatal,Pedestrian Collisions,Vehicle Owner,unknown,,,,Other,,,,,,,,,,Yes,,Yes,,,,,,,Yes,,,,59,Danforth East York,59,Danforth East York (59),D55,633409.0941,4838478.2472
134,3376951,888497,2/15/2006 10:00:00 AM,935,WESTWOOD AVE,WOODYCREST AVE,,Local,Toronto and East York,43.687345,-79.34469,At Intersection,Stop Sign,Clear,Daylight,Dry,Fatal,Pedestrian Collisions,Driver,50 to 54,None,,East,Delivery Van,Turning Left,Failed to Yield Right of Way,Inattentive,,,,,,,Yes,,Yes,,,,,,,Yes,,,,59,Danforth East York,59,Danforth East York (59),D55,633409.0941,4838478.2472
135,3377279,888639,2/16/2006 10:00:00 AM,620,2443 ISLINGTON AVE,,,Major Arterial,Etobicoke York,43.725545,-79.56009,,No Control,Snow,Daylight,Slush,Non-Fatal Injury,SMV Other,Driver,40 to 44,Major,,North,"Automobile, Station Wagon",Going Ahead,Speed too Fast For Condition,Unknown,,,,,,,,,Yes,,,,,,Yes,Yes,,,,4,Rexdale-Kipling,4,Rexdale-Kipling (4),D23,615975.1765,4842396.9106
136,3377280,888639,2/16/2006 10:00:00 AM,620,2443 ISLINGTON AVE,,,Major Arterial,Etobicoke York,43.725545,-79.56009,,No Control,Snow,Daylight,Slush,Non-Fatal Injury,SMV Other,Other Property Owner,unknown,None,,,Other,,,,,,,,,,,,Yes,,,,,,Yes,Yes,,,,4,Rexdale-Kipling,4,Rexdale-Kipling (4),D23,615975.1765,4842396.9106
137,3385082,891641,2/16/2006 10:00:00 AM,2159,DOVERCOURT RD,NORTHUMBERLAND ST,,Minor Arterial,Toronto and East York,43.662545,-79.42979,,No Control,Rain,Dark,Wet,Non-Fatal Injury,Pedestrian Collisions,Vehicle Owner,unknown,,,,Other,,,,,,,,,,Yes,,Yes,,,,,,,Yes,,,,172,Dovercourt Village,93,Dovercourt-Wallace Emerson-Junction (93),D14,626602.5633,4835590.4895
138,3385083,891641,2/16/2006 10:00:00 AM,2159,DOVERCOURT RD,NORTHUMBERLAND ST,,Minor Arterial,Toronto and East York,43.662545,-79.42979,,No Control,Rain,Dark,Wet,Non-Fatal Injury,Pedestrian Collisions,Driver,50 to 54,None,,South,"Automobile, Station Wagon",Other,Failed to Yield Right of Way,Had Been Drinking,,,,,,,Yes,,Yes,,,,,,,Yes,,,,172,Dovercourt Village,93,Dovercourt-Wallace Emerson-Junction (93),D14,626602.5633,4835590.4895
139,3385084,891641,2/16/2006 10:00:00 AM,2159,DOVERCOURT RD,NORTHUMBERLAND ST,,Minor Arterial,Toronto and East York,43.662545,-79.42979,,No Control,Rain,Dark,Wet,Non-Fatal Injury,Pedestrian Collisions,Pedestrian,40 to 44,Major,,West,Other,,,,Vehicle hits the pedestrian walking or running out from between parked vehicles at mid-block,Coming From Behind Parked Vehicle,"Ability Impaired, Alcohol",,,,Yes,,Yes,,,,,,,Yes,,,,172,Dovercourt Village,93,Dovercourt-Wallace Emerson-Junction (93),D14,626602.5633,4835590.4895
140,3388768,893071,2/19/2006 10:00:00 AM,1508,EGLINTON AVE E,SUTHERLAND DR,,Major Arterial,North York,43.713045,-79.36719,At Intersection,Traffic Signal,Clear,Daylight,Dry,Non-Fatal Injury,Pedestrian Collisions,Driver,45 to 49,None,,West,"Automobile, Station Wagon",Going Ahead,Driving Properly,Normal,,,,,,,Yes,,Yes,,,,,,,,,,,56,Leaside-Bennington,56,Leaside-Bennington (56),D53,631539.4818,4841296.6422
141,3388769,893071,2/19/2006 10:00:00 AM,1508,EGLINTON AVE E,SUTHERLAND DR,,Major Arterial,North York,43.713045,-79.36719,At Intersection,Traffic Signal,Clear,Daylight,Dry,Non-Fatal Injury,Pedestrian Collisions,Pedestrian,20 to 24,Major,,South,Other,,,,Vehicle is going straight thru inter.while ped cross without ROW,Crossing without right of way,Inattentive,,,,Yes,,Yes,,,,,,,,,,,56,Leaside-Bennington,56,Leaside-Bennington (56),D53,631539.4818,4841296.6422
142,3389516,893365,2/20/2006 10:00:00 AM,607,1302 KING ST W,,,Major Arterial,Toronto and East York,43.638245,-79.43109,,No Control,Clear,Dark,Dry,Non-Fatal Injury,SMV Other,Passenger,40 to 44,Major,,,Other,,,,,,,,,,,,Yes,,,,,Yes,Yes,Yes,,,,85,South Parkdale,85,South Parkdale (85),D14,626548.7696,4832889.676
143,3389517,893365,2/20/2006 10:00:00 AM,607,1302 KING ST W,,,Major Arterial,Toronto and East York,43.638245,-79.43109,,No Control,Clear,Dark,Dry,Non-Fatal Injury,SMV Other,Driver,35 to 39,None,,West,"Automobile, Station Wagon",Going Ahead,Other,Other,,,,,,,,,Yes,,,,,Yes,Yes,Yes,,,,85,South Parkdale,85,South Parkdale (85),D14,626548.7696,4832889.676
144,3378688,889218,2/20/2006 10:00:00 AM,1840,NEILSON RD,MCLEVIN AVE,,Minor Arterial,Scarborough,43.808145,-79.21999,,No Control,Clear,Dusk,Dry,Fatal,Pedestrian Collisions,Vehicle Owner,unknown,,,,Other,,,,,,,,,,Yes,,Yes,,,,,,,,,,,145,Malvern West,132,Malvern (132),D42,643171.0541,4852103.1075
145,3378689,889218,2/20/2006 10:00:00 AM,1840,NEILSON RD,MCLEVIN AVE,,Minor Arterial,Scarborough,43.808145,-79.21999,,No Control,Clear,Dusk,Dry,Fatal,Pedestrian Collisions,Driver,40 to 44,None,,North,"Automobile, Station Wagon",Going Ahead,Driving Properly,Inattentive,,,,,,,Yes,,Yes,,,,,,,,,,,145,Malvern West,132,Malvern (132),D42,643171.0541,4852103.1075
146,3378690,889218,2/20/2006 10:00:00 AM,1840,NEILSON RD,MCLEVIN AVE,,Minor Arterial,Scarborough,43.808145,-79.21999,,No Control,Clear,Dusk,Dry,Fatal,Pedestrian Collisions,Pedestrian,80 to 84,Fatal,,West,Other,,,,Pedestrian hit at mid-block,"Crossing, no Traffic Control",Normal,,,,Yes,,Yes,,,,,,,,,,,145,Malvern West,132,Malvern (132),D42,643171.0541,4852103.1075
147,3382112,890516,2/21/2006 10:00:00 AM,1846,BATHURST ST,ALLINGHAM GDNS,,Major Arterial,North York,43.740545,-79.43479,At Intersection,Stop Sign,Clear,Dark,Dry,Non-Fatal Injury,Pedestrian Collisions,Driver,55 to 59,None,,West,"Automobile, Station Wagon",Turning Left,Failed to Yield Right of Way,Normal,,,,,,,Yes,,Yes,,,,,,,Yes,,,,38,Lansing-Westgate,38,Lansing-Westgate (38),D32,626035.8737,4844245.8561
148,3382113,890516,2/21/2006 10:00:00 AM,1846,BATHURST ST,ALLINGHAM GDNS,,Major Arterial,North York,43.740545,-79.43479,At Intersection,Stop Sign,Clear,Dark,Dry,Non-Fatal Injury,Pedestrian Collisions,Pedestrian,75 to 79,Major,,West,Other,,,,Vehicle turns left while ped crosses with ROW at inter.,Crossing with right of way,Normal,,,,Yes,,Yes,,,,,,,Yes,,,,38,Lansing-Westgate,38,Lansing-Westgate (38),D32,626035.8737,4844245.8561
149,3389946,893520,2/23/2006 10:00:00 AM,700,DUNDAS ST W,427 C S DUNDAS RAMP S,,Major Arterial,Etobicoke York,43.628045,-79.55889,At Intersection,Traffic Signal,Clear,Daylight,Dry,Non-Fatal Injury,Turning Movement,Vehicle Owner,unknown,None,,,Other,,,,,,,,,,,,Yes,,,,,,,Yes,Yes,,,159,Etobicoke City Centre,12,Markland Wood (12),D22,616259.9603,4831569.9332
150,3389947,893520,2/23/2006 10:00:00 AM,700,DUNDAS ST W,427 C S DUNDAS RAMP S,,Major Arterial,Etobicoke York,43.628045,-79.55889,At Intersection,Traffic Signal,Clear,Daylight,Dry,Non-Fatal Injury,Turning Movement,Driver,20 to 24,None,,South,"Automobile, Station Wagon",Turning Left,Disobeyed Traffic Control,Normal,,,,,,,,,Yes,,,,,,,Yes,Yes,,,159,Etobicoke City Centre,12,Markland Wood (12),D22,616259.9603,4831569.9332
151,3389948,893520,2/23/2006 10:00:00 AM,700,DUNDAS ST W,427 C S DUNDAS RAMP S,,Major Arterial,Etobicoke York,43.628045,-79.55889,At Intersection,Traffic Signal,Clear,Daylight,Dry,Non-Fatal Injury,Turning Movement,Driver,25 to 29,Major,,West,"Automobile, Station Wagon",Going Ahead,Disobeyed Traffic Control,Inattentive,,,,,,,,,Yes,,,,,,,Yes,Yes,,,159,Etobicoke City Centre,12,Markland Wood (12),D22,616259.9603,4831569.9332
152,3390000,893539,2/23/2006 10:00:00 AM,1350,ARDMORE RD,BATHURST ST,,Major Arterial,Toronto and East York,43.693745,-79.42259,At Intersection,Stop Sign,Clear,Daylight,Dry,Non-Fatal Injury,Pedestrian Collisions,Pedestrian,75 to 79,Major,,South,Other,,,,Vehicle is going straight thru inter.while ped cross with ROW,Crossing with right of way,Normal,,,,Yes,,Yes,,,,,,,Yes,,,,101,Forest Hill South,101,Forest Hill South (101),D13,627117.1886,4839066.683
153,3390001,893539,2/23/2006 10:00:00 AM,1350,ARDMORE RD,BATHURST ST,,Major Arterial,Toronto and East York,43.693745,-79.42259,At Intersection,Stop Sign,Clear,Daylight,Dry,Non-Fatal Injury,Pedestrian Collisions,Driver,40 to 44,None,,West,"Automobile, Station Wagon",Going Ahead,Failed to Yield Right of Way,Inattentive,,,,,,,Yes,,Yes,,,,,,,Yes,,,,101,Forest Hill South,101,Forest Hill South (101),D13,627117.1886,4839066.683
154,3380899,890040,2/24/2006 10:00:00 AM,837,EGLINTON AVE W,RENFORTH DR,,Major Arterial,Etobicoke York,43.666045,-79.58769,At Intersection,Traffic Signal,Clear,Daylight,Dry,Non-Fatal Injury,Pedestrian Collisions,Vehicle Owner,unknown,None,,,Other,,,,,,,,,,Yes,,Yes,,,,,,,,,,,11,Eringate-Centennial-West Deane,11,Eringate-Centennial-West Deane (11),D22,613864.7171,4835750.383
155,3380900,890040,2/24/2006 10:00:00 AM,837,EGLINTON AVE W,RENFORTH DR,,Major Arterial,Etobicoke York,43.666045,-79.58769,At Intersection,Traffic Signal,Clear,Daylight,Dry,Non-Fatal Injury,Pedestrian Collisions,Driver,35 to 39,None,,West,"Automobile, Station Wagon",Going Ahead,Driving Properly,Normal,,,,,,,Yes,,Yes,,,,,,,,,,,11,Eringate-Centennial-West Deane,11,Eringate-Centennial-West Deane (11),D22,613864.7171,4835750.383
156,3380901,890040,2/24/2006 10:00:00 AM,837,EGLINTON AVE W,RENFORTH DR,,Major Arterial,Etobicoke York,43.666045,-79.58769,At Intersection,Traffic Signal,Clear,Daylight,Dry,Non-Fatal Injury,Pedestrian Collisions,Pedestrian,40 to 44,Major,,South,Other,,,,Vehicle is going straight thru inter.while ped cross without ROW,Crossing without right of way,Normal,,,,Yes,,Yes,,,,,,,,,,,11,Eringate-Centennial-West Deane,11,Eringate-Centennial-West Deane (11),D22,613864.7171,4835750.383
157,3381352,890213,2/25/2006 10:00:00 AM,1529,AVENUE RD,ELGIN AVE,,Major Arterial,Toronto and East York,43.671845,-79.39539,At Intersection,Traffic Signal,Clear,Daylight,Dry,Non-Fatal Injury,Pedestrian Collisions,Vehicle Owner,unknown,,,,Other,,,,,,,,,,Yes,,Yes,,,,,,,Yes,,,,95,Annex,95,Annex (95),D53,629356.209,4836676.4468
158,3381353,890213,2/25/2006 10:00:00 AM,1529,AVENUE RD,ELGIN AVE,,Major Arterial,Toronto and East York,43.671845,-79.39539,At Intersection,Traffic Signal,Clear,Daylight,Dry,Non-Fatal Injury,Pedestrian Collisions,Driver,50 to 54,None,,West,"Automobile, Station Wagon",Turning Left,Failed to Yield Right of Way,Normal,,,,,,,Yes,,Yes,,,,,,,Yes,,,,95,Annex,95,Annex (95),D53,629356.209,4836676.4468
159,3381354,890213,2/25/2006 10:00:00 AM,1529,AVENUE RD,ELGIN AVE,,Major Arterial,Toronto and East York,43.671845,-79.39539,At Intersection,Traffic Signal,Clear,Daylight,Dry,Non-Fatal Injury,Pedestrian Collisions,Pedestrian,55 to 59,Major,,East,Other,,,,Vehicle turns left while ped crosses with ROW at inter.,Crossing with right of way,Unknown,,,,Yes,,Yes,,,,,,,Yes,,,,95,Annex,95,Annex (95),D53,629356.209,4836676.4468
160,3436137,910787,2/26/2006 10:00:00 AM,117,LANSDOWNE AVE,DUNDAS ST W,,Minor Arterial,Toronto and East York,43.650445,-79.43979,,No Control,Snow,Dark,Wet,Non-Fatal Injury,SMV Other,Passenger,15 to 19,Major,,,Other,,,,,,,,,,,,Yes,,,,,Yes,Yes,Yes,,,,83,Dufferin Grove,83,Dufferin Grove (83),D11,625821.5463,4834231.4154
161,3436138,910787,2/26/2006 10:00:00 AM,117,LANSDOWNE AVE,DUNDAS ST W,,Minor Arterial,Toronto and East York,43.650445,-79.43979,,No Control,Snow,Dark,Wet,Non-Fatal Injury,SMV Other,Vehicle Owner,unknown,None,,,Other,,,,,,,,,,,,Yes,,,,,Yes,Yes,Yes,,,,83,Dufferin Grove,83,Dufferin Grove (83),D11,625821.5463,4834231.4154
162,3436139,910787,2/26/2006 10:00:00 AM,117,LANSDOWNE AVE,DUNDAS ST W,,Minor Arterial,Toronto and East York,43.650445,-79.43979,,No Control,Snow,Dark,Wet,Non-Fatal Injury,SMV Other,Driver,20 to 24,Minimal,,North,"Automobile, Station Wagon",Going Ahead,Lost control,Unknown,,,,,,,,,Yes,,,,,Yes,Yes,Yes,,,,83,Dufferin Grove,83,Dufferin Grove (83),D11,625821.5463,4834231.4154
163,3436140,910787,2/26/2006 10:00:00 AM,117,LANSDOWNE AVE,DUNDAS ST W,,Minor Arterial,Toronto and East York,43.650445,-79.43979,,No Control,Snow,Dark,Wet,Non-Fatal Injury,SMV Other,Other Property Owner,unknown,None,,,Other,,,,,,,,,,,,Yes,,,,,Yes,Yes,Yes,,,,83,Dufferin Grove,83,Dufferin Grove (83),D11,625821.5463,4834231.4154
164,3436141,910787,2/26/2006 10:00:00 AM,117,LANSDOWNE AVE,DUNDAS ST W,,Minor Arterial,Toronto and East York,43.650445,-79.43979,,No Control,Snow,Dark,Wet,Non-Fatal Injury,SMV Other,Other Property Owner,unknown,None,,,Other,,,,,,,,,,,,Yes,,,,,Yes,Yes,Yes,,,,83,Dufferin Grove,83,Dufferin Grove (83),D11,625821.5463,4834231.4154
165,3381375,890220,2/26/2006 10:00:00 AM,430,ADELAIDE ST E,EASTERN DIVERSION AVE,,Major Arterial,Toronto and East York,43.655345,-79.35519,,No Control,Clear,Dark,Loose Snow,Non-Fatal Injury,SMV Other,Passenger,15 to 19,Major,,,Other,,,,,,,,,,,,Yes,,,,,Yes,Yes,Yes,,,,73,Moss Park,73,Moss Park (73),D51,632633.3124,4834907.3748
166,3381376,890220,2/26/2006 10:00:00 AM,430,ADELAIDE ST E,EASTERN DIVERSION AVE,,Major Arterial,Toronto and East York,43.655345,-79.35519,,No Control,Clear,Dark,Loose Snow,Non-Fatal Injury,SMV Other,Passenger,15 to 19,Major,,,Other,,,,,,,,,,,,Yes,,,,,Yes,Yes,Yes,,,,73,Moss Park,73,Moss Park (73),D51,632633.3124,4834907.3748
167,3381377,890220,2/26/2006 10:00:00 AM,430,ADELAIDE ST E,EASTERN DIVERSION AVE,,Major Arterial,Toronto and East York,43.655345,-79.35519,,No Control,Clear,Dark,Loose Snow,Non-Fatal Injury,SMV Other,Passenger,15 to 19,Major,,,Other,,,,,,,,,,,,Yes,,,,,Yes,Yes,Yes,,,,73,Moss Park,73,Moss Park (73),D51,632633.3124,4834907.3748
168,3381378,890220,2/26/2006 10:00:00 AM,430,ADELAIDE ST E,EASTERN DIVERSION AVE,,Major Arterial,Toronto and East York,43.655345,-79.35519,,No Control,Clear,Dark,Loose Snow,Non-Fatal Injury,SMV Other,Passenger,15 to 19,Major,,,Other,Other,,,,,,,,,,,Yes,,,,,Yes,Yes,Yes,,,,73,Moss Park,73,Moss Park (73),D51,632633.3124,4834907.3748
169,3381379,890220,2/26/2006 10:00:00 AM,430,ADELAIDE ST E,EASTERN DIVERSION AVE,,Major Arterial,Toronto and East York,43.655345,-79.35519,,No Control,Clear,Dark,Loose Snow,Non-Fatal Injury,SMV Other,Vehicle Owner,unknown,,,,Other,,,,,,,,,,,,Yes,,,,,Yes,Yes,Yes,,,,73,Moss Park,73,Moss Park (73),D51,632633.3124,4834907.3748
170,3381380,890220,2/26/2006 10:00:00 AM,430,ADELAIDE ST E,EASTERN DIVERSION AVE,,Major Arterial,Toronto and East York,43.655345,-79.35519,,No Control,Clear,Dark,Loose Snow,Non-Fatal Injury,SMV Other,Driver,15 to 19,Major,,East,"Automobile, Station Wagon",Going Ahead,Speed too Fast For Condition,Normal,,,,,,,,,Yes,,,,,Yes,Yes,Yes,,,,73,Moss Park,73,Moss Park (73),D51,632633.3124,4834907.3748
171,3382082,890506,2/27/2006 10:00:00 AM,501,MARTIN GROVE RD,RACINE RD,,Major Arterial,Etobicoke York,43.717145,-79.58259,,No Control,Clear,Dark,Dry,Fatal,Pedestrian Collisions,Vehicle Owner,unknown,,,,Other,,,,,,,,,,Yes,,Yes,,,,,,Yes,Yes,,,,1,West Humber-Clairville,1,West Humber-Clairville (1),D23,614178.8933,4841432.7332
172,3382083,890506,2/27/2006 10:00:00 AM,501,MARTIN GROVE RD,RACINE RD,,Major Arterial,Etobicoke York,43.717145,-79.58259,,No Control,Clear,Dark,Dry,Fatal,Pedestrian Collisions,Driver,25 to 29,None,,North,"Automobile, Station Wagon",Going Ahead,Improper Passing,Inattentive,,,,,,,Yes,,Yes,,,,,,Yes,Yes,,,,1,West Humber-Clairville,1,West Humber-Clairville (1),D23,614178.8933,4841432.7332
173,3382084,890506,2/27/2006 10:00:00 AM,501,MARTIN GROVE RD,RACINE RD,,Major Arterial,Etobicoke York,43.717145,-79.58259,,No Control,Clear,Dark,Dry,Fatal,Pedestrian Collisions,Pedestrian,30 to 34,Fatal,,Unknown,Other,,,,Pedestrian hit at mid-block,Pushing/Working on Vehicle,Unknown,,,,Yes,,Yes,,,,,,Yes,Yes,,,,1,West Humber-Clairville,1,West Humber-Clairville (1),D23,614178.8933,4841432.7332
174,3392502,894467,2/27/2006 10:00:00 AM,1723,QUEEN ST E,BOULTON AVE,,Minor Arterial,Toronto and East York,43.659545,-79.34669,At Intersection,Pedestrian Crossover,Clear,Daylight,Dry,Non-Fatal Injury,Pedestrian Collisions,Driver,30 to 34,None,,West,"Automobile, Station Wagon",Going Ahead,Failed to Yield Right of Way,Inattentive,,,,,,,Yes,,Yes,,,,,,,Yes,,,,70,South Riverdale,70,South Riverdale (70),D55,633309.4438,4835387.4629
175,3392503,894467,2/27/2006 10:00:00 AM,1723,QUEEN ST E,BOULTON AVE,,Minor Arterial,Toronto and East York,43.659545,-79.34669,At Intersection,Pedestrian Crossover,Clear,Daylight,Dry,Non-Fatal Injury,Pedestrian Collisions,Pedestrian,60 to 64,Major,,South,Other,,,,Pedestrian hit a PXO/ped. Mid-block signal,"Crossing, Pedestrian Crossover",Normal,,,,Yes,,Yes,,,,,,,Yes,,,,70,South Riverdale,70,South Riverdale (70),D55,633309.4438,4835387.4629
176,3390109,893580,2/27/2006 10:00:00 AM,1955,MORNINGSIDE AVE,KINGSTON RD,,Major Arterial,Scarborough,43.770645,-79.18689,,Traffic Signal,Clear,Dark,Wet,Non-Fatal Injury,Cyclist Collisions,Vehicle Owner,unknown,,,,Other,,,,,,,,,,,Yes,,,,Yes,,,,Yes,,,,136,West Hill,136,West Hill (136),D43,645924.6468,4847995.9366
177,3390110,893580,2/27/2006 10:00:00 AM,1955,MORNINGSIDE AVE,KINGSTON RD,,Major Arterial,Scarborough,43.770645,-79.18689,,Traffic Signal,Clear,Dark,Wet,Non-Fatal Injury,Cyclist Collisions,Driver,35 to 39,None,,South,Municipal Transit Bus (TTC),Turning Right,Failed to Yield Right of Way,Inattentive,,,,,,,,Yes,,,,Yes,,,,Yes,,,,136,West Hill,136,West Hill (136),D43,645924.6468,4847995.9366
178,3390111,893580,2/27/2006 10:00:00 AM,1955,MORNINGSIDE AVE,KINGSTON RD,,Major Arterial,Scarborough,43.770645,-79.18689,,Traffic Signal,Clear,Dark,Wet,Non-Fatal Injury,Cyclist Collisions,Cyclist,25 to 29,Major,,West,Bicycle,Going Ahead,,,,,,Motorist turning right on green or amber at signalized intersection strikes cyclist.,Driving Properly,Normal,,Yes,,,,Yes,,,,Yes,,,,136,West Hill,136,West Hill (136),D43,645924.6468,4847995.9366
179,3382784,890767,2/28/2006 10:00:00 AM,1754,RENFORTH DR,EGLINTON AVE W,,Major Arterial,Etobicoke York,43.666645,-79.58739,,No Control,Clear,Dark,Dry,Non-Fatal Injury,SMV Other,Driver,55 to 59,Major,,North,"Automobile, Station Wagon",Going Ahead,Other,Unknown,,,,,,,,,Yes,,,,,,,,,,,11,Eringate-Centennial-West Deane,11,Eringate-Centennial-West Deane (11),D22,613887.7696,4835817.4325
180,3387137,892432,2/28/2006 10:00:00 AM,2334,DANFORTH RD,EGLINTON AVE E,,Major Arterial,Scarborough,43.737045,-79.24619,,Traffic Signal,Clear,Dark,Dry,Non-Fatal Injury,Pedestrian Collisions,Vehicle Owner,unknown,None,,,Other,Unknown,,,,,,,,,Yes,,Yes,,,,,,,,,,,138,Eglinton East,138,Eglinton East (138),D43,641230.965,4844161.3379
181,3387138,892432,2/28/2006 10:00:00 AM,2334,DANFORTH RD,EGLINTON AVE E,,Major Arterial,Scarborough,43.737045,-79.24619,,Traffic Signal,Clear,Dark,Dry,Non-Fatal Injury,Pedestrian Collisions,Driver,unknown,None,,West,"Automobile, Station Wagon",Going Ahead,,,,,,,,,Yes,,Yes,,,,,,,,,,,138,Eglinton East,138,Eglinton East (138),D43,641230.965,4844161.3379
182,3387139,892432,2/28/2006 10:00:00 AM,2334,DANFORTH RD,EGLINTON AVE E,,Major Arterial,Scarborough,43.737045,-79.24619,,Traffic Signal,Clear,Dark,Dry,Non-Fatal Injury,Pedestrian Collisions,Pedestrian,unknown,Minor,,,Other,Other,,,Unknown,,,,,,Yes,,Yes,,,,,,,,,,,138,Eglinton East,138,Eglinton East (138),D43,641230.965,4844161.3379
183,3387140,892432,2/28/2006 10:00:00 AM,2334,DANFORTH RD,EGLINTON AVE E,,Major Arterial,Scarborough,43.737045,-79.24619,,Traffic Signal,Clear,Dark,Dry,Non-Fatal Injury,Pedestrian Collisions,Pedestrian,unknown,Major,,,Other,Other,,,Unknown,,,,,,Yes,,Yes,,,,,,,,,,,138,Eglinton East,138,Eglinton East (138),D43,641230.965,4844161.3379
184,3391770,894195,3/1/2006 10:00:00 AM,1110,COSBURN AVE,LOGAN AVE,,Minor Arterial,Toronto and East York,43.688645,-79.35279,,No Control,Clear,Daylight,Dry,Non-Fatal Injury,Cyclist Collisions,Driver,35 to 39,None,,West,"Automobile, Station Wagon",Parked,Other,Inattentive,,,,,,,,Yes,Yes,,,,,,,,,,,57,Broadview North,57,Broadview North (57),D55,632753.4026,4838609.6311