OBJECTID,INDEX,ACCNUM,DATE,TIME,STREET1,STREET2,OFFSET,ROAD_CLASS,DISTRICT,LATITUDE,LONGITUDE,ACCLOC,TRAFFCTL,VISIBILITY,LIGHT,RDSFCOND,ACCLASS,IMPACTYPE,INVTYPE,INVAGE,INJURY,FATAL_NO,INITDIR,VEHTYPE,MANOEUVER,DRIVACT,DRIVCOND,PEDTYPE,PEDACT,PEDCOND,CYCLISTYPE,CYCACT,CYCCOND,PEDESTRIAN,CYCLIST,AUTOMOBILE,MOTORCYCLE,TRUCK,TRSN_CITY_VEH,EMERG_VEH,PASSENGER,SPEEDING,AG_DRIV,REDLIGHT,ALCOHOL,DISABILITY,HOOD_158,NEIGHBOURHOOD_158,HOOD_140,NEIGHBOURHOOD_140,DIVISION,x,y
185,3391771,894195,3/1/2006 10:00:00 AM,1110,COSBURN AVE,LOGAN AVE,,Minor Arterial,Toronto and East York,43.688645,-79.35279,,No Control,Clear,Daylight,Dry,Non-Fatal Injury,Cyclist Collisions,Cyclist,80 to 84,Major,,West,Bicycle,Going Ahead,,,,,,Cyclist struck opened vehicle door,Driving Properly,Normal,,Yes,Yes,,,,,,,,,,,57,Broadview North,57,Broadview North (57),D55,632753.4026,4838609.6311
186,3394056,895068,3/6/2006 10:00:00 AM,1828,SOUTH KINGSWAY,RIPLEY AVE,,Minor Arterial,Toronto and East York,43.636545,-79.47509,,No Control,Clear,"Dusk, artificial",Dry,Non-Fatal Injury,Pedestrian Collisions,Vehicle Owner,unknown,None,,,Other,,,,,,,,,,Yes,,Yes,,,,,,,,,,,87,High Park-Swansea,87,High Park-Swansea (87),D11,623003.1511,4832634.7273
187,3394057,895068,3/6/2006 10:00:00 AM,1828,SOUTH KINGSWAY,RIPLEY AVE,,Minor Arterial,Toronto and East York,43.636545,-79.47509,,No Control,Clear,"Dusk, artificial",Dry,Non-Fatal Injury,Pedestrian Collisions,Driver,30 to 34,None,,East,"Automobile, Station Wagon",Turning Left,Driving Properly,Normal,,,,,,,Yes,,Yes,,,,,,,,,,,87,High Park-Swansea,87,High Park-Swansea (87),D11,623003.1511,4832634.7273
188,3394058,895068,3/6/2006 10:00:00 AM,1828,SOUTH KINGSWAY,RIPLEY AVE,,Minor Arterial,Toronto and East York,43.636545,-79.47509,,No Control,Clear,"Dusk, artificial",Dry,Non-Fatal Injury,Pedestrian Collisions,Pedestrian,45 to 49,Major,,West,Other,,,,Pedestrian hit at mid-block,"Crossing, no Traffic Control",Normal,,,,Yes,,Yes,,,,,,,,,,,87,High Park-Swansea,87,High Park-Swansea (87),D11,623003.1511,4832634.7273
189,3385996,891993,3/6/2006 10:00:00 AM,2222,F G GARDINER XY  W,PARK LAWN RD,,,Etobicoke York,43.627745,-79.48149,,No Control,Clear,Dark,Dry,Fatal,Sideswipe,Passenger,15 to 19,Fatal,,,Other,,,,,,,,,,,,Yes,,,,,Yes,,,,Yes,,161,Humber Bay Shores,17,Mimico (includes Humber Bay Shores) (17),D22,622504.7837,4831647.9133
190,3385997,891993,3/6/2006 10:00:00 AM,2222,F G GARDINER XY  W,PARK LAWN RD,,,Etobicoke York,43.627745,-79.48149,,No Control,Clear,Dark,Dry,Fatal,Sideswipe,Passenger,20 to 24,Minor,,,Other,,,,,,,,,,,,Yes,,,,,Yes,,,,Yes,,161,Humber Bay Shores,17,Mimico (includes Humber Bay Shores) (17),D22,622504.7837,4831647.9133
191,3385998,891993,3/6/2006 10:00:00 AM,2222,F G GARDINER XY  W,PARK LAWN RD,,,Etobicoke York,43.627745,-79.48149,,No Control,Clear,Dark,Dry,Fatal,Sideswipe,Driver,35 to 39,Minor,,West,"Automobile, Station Wagon",Overtaking,Lost control,"Ability Impaired, Alcohol Over .08",,,,,,,,,Yes,,,,,Yes,,,,Yes,,161,Humber Bay Shores,17,Mimico (includes Humber Bay Shores) (17),D22,622504.7837,4831647.9133
192,3385999,891993,3/6/2006 10:00:00 AM,2222,F G GARDINER XY  W,PARK LAWN RD,,,Etobicoke York,43.627745,-79.48149,,No Control,Clear,Dark,Dry,Fatal,Sideswipe,Vehicle Owner,unknown,,,,Other,,,,,,,,,,,,Yes,,,,,Yes,,,,Yes,,161,Humber Bay Shores,17,Mimico (includes Humber Bay Shores) (17),D22,622504.7837,4831647.9133
193,3386000,891993,3/6/2006 10:00:00 AM,2222,F G GARDINER XY  W,PARK LAWN RD,,,Etobicoke York,43.627745,-79.48149,,No Control,Clear,Dark,Dry,Fatal,Sideswipe,Driver,25 to 29,Minor,,West,"Automobile, Station Wagon",Going Ahead,Driving Properly,Normal,,,,,,,,,Yes,,,,,Yes,,,,Yes,,161,Humber Bay Shores,17,Mimico (includes Humber Bay Shores) (17),D22,622504.7837,4831647.9133
194,3386001,891993,3/6/2006 10:00:00 AM,2222,F G GARDINER XY  W,PARK LAWN RD,,,Etobicoke York,43.627745,-79.48149,,No Control,Clear,Dark,Dry,Fatal,Sideswipe,Driver,40 to 44,None,,West,"Automobile, Station Wagon",Going Ahead,Driving Properly,Normal,,,,,,,,,Yes,,,,,Yes,,,,Yes,,161,Humber Bay Shores,17,Mimico (includes Humber Bay Shores) (17),D22,622504.7837,4831647.9133
195,3386002,891993,3/6/2006 10:00:00 AM,2222,F G GARDINER XY  W,PARK LAWN RD,,,Etobicoke York,43.627745,-79.48149,,No Control,Clear,Dark,Dry,Fatal,Sideswipe,Other Property Owner,unknown,,,,Other,,,,,,,,,,,,Yes,,,,,Yes,,,,Yes,,161,Humber Bay Shores,17,Mimico (includes Humber Bay Shores) (17),D22,622504.7837,4831647.9133
196,3387199,892453,3/8/2006 10:00:00 AM,2018,F G GARDINER XY E  E,KIPLING AVE,,,Etobicoke York,43.618845,-79.52039,,No Control,Clear,Dark,Dry,Fatal,Rear End,Passenger,5 to 9,Fatal,,,Other,,,,,,,,,,,,Yes,,,,,Yes,,,,,,160,Mimico-Queensway,17,Mimico (includes Humber Bay Shores) (17),D22,619384.1395,4830602.7941
197,3387200,892453,3/8/2006 10:00:00 AM,2018,F G GARDINER XY E  E,KIPLING AVE,,,Etobicoke York,43.618845,-79.52039,,No Control,Clear,Dark,Dry,Fatal,Rear End,Passenger,5 to 9,Major,,,Other,,,,,,,,,,,,Yes,,,,,Yes,,,,,,160,Mimico-Queensway,17,Mimico (includes Humber Bay Shores) (17),D22,619384.1395,4830602.7941
198,3387201,892453,3/8/2006 10:00:00 AM,2018,F G GARDINER XY E  E,KIPLING AVE,,,Etobicoke York,43.618845,-79.52039,,No Control,Clear,Dark,Dry,Fatal,Rear End,Passenger,40 to 44,Minor,,,Other,,,,,,,,,,,,Yes,,,,,Yes,,,,,,160,Mimico-Queensway,17,Mimico (includes Humber Bay Shores) (17),D22,619384.1395,4830602.7941
199,3387202,892453,3/8/2006 10:00:00 AM,2018,F G GARDINER XY E  E,KIPLING AVE,,,Etobicoke York,43.618845,-79.52039,,No Control,Clear,Dark,Dry,Fatal,Rear End,Other,unknown,None,,East,Other,Parked,,,,,,,,,,,Yes,,,,,Yes,,,,,,160,Mimico-Queensway,17,Mimico (includes Humber Bay Shores) (17),D22,619384.1395,4830602.7941
200,3387203,892453,3/8/2006 10:00:00 AM,2018,F G GARDINER XY E  E,KIPLING AVE,,,Etobicoke York,43.618845,-79.52039,,No Control,Clear,Dark,Dry,Fatal,Rear End,Driver,30 to 34,Minor,,East,"Automobile, Station Wagon",Going Ahead,Lost control,Inattentive,,,,,,,,,Yes,,,,,Yes,,,,,,160,Mimico-Queensway,17,Mimico (includes Humber Bay Shores) (17),D22,619384.1395,4830602.7941
201,3387730,892658,3/11/2006 10:00:00 AM,852,BLOOR ST W,DUNDAS ST W,,Major Arterial,Toronto and East York,43.656345,-79.45249,At Intersection,Traffic Signal,Clear,Daylight,Dry,Fatal,Pedestrian Collisions,Driver,unknown,None,,South,"Automobile, Station Wagon",Turning Left,Failed to Yield Right of Way,Unknown,,,,,,,Yes,,Yes,,,,,,,Yes,,,,88,High Park North,88,High Park North (88),D11,624785.138,4834867.5098
202,3387731,892658,3/11/2006 10:00:00 AM,852,BLOOR ST W,DUNDAS ST W,,Major Arterial,Toronto and East York,43.656345,-79.45249,At Intersection,Traffic Signal,Clear,Daylight,Dry,Fatal,Pedestrian Collisions,Pedestrian,65 to 69,Fatal,,North,Other,,,,Vehicle turns left while ped crosses with ROW at inter.,Crossing with right of way,Unknown,,,,Yes,,Yes,,,,,,,Yes,,,,88,High Park North,88,High Park North (88),D11,624785.138,4834867.5098
203,3388101,892810,3/11/2006 10:00:00 AM,915,MORNINGSIDE AVE,SHEPPARD AVE E,,Major Arterial,Scarborough,43.801943,-79.199786,At Intersection,Traffic Signal,Clear,Daylight,Dry,Fatal,Turning Movement,Motorcycle Driver,45 to 49,Fatal,,East,Motorcycle,Turning Right,Disobeyed Traffic Control,Unknown,,,,,,,,,Yes,Yes,,,,,,Yes,Yes,,,146,Malvern East,132,Malvern (132),D42,644811.1227,4851449.4329
204,3388102,892810,3/11/2006 10:00:00 AM,915,MORNINGSIDE AVE,SHEPPARD AVE E,,Major Arterial,Scarborough,43.801943,-79.199786,At Intersection,Traffic Signal,Clear,Daylight,Dry,Fatal,Turning Movement,Driver,unknown,None,,South,"Automobile, Station Wagon",Going Ahead,Driving Properly,Unknown,,,,,,,,,Yes,Yes,,,,,,Yes,Yes,,,146,Malvern East,132,Malvern (132),D42,644811.1227,4851449.4329
205,3387793,892682,3/12/2006 10:00:00 AM,240,EGLINTON AVE E,COMMONWEALTH AVE,,Major Arterial,Scarborough,43.734945,-79.25619,,No Control,Clear,Dark,Dry,Fatal,Pedestrian Collisions,Driver,25 to 29,None,,West,"Automobile, Station Wagon",Going Ahead,Other,"Ability Impaired, Alcohol",,,,,,,Yes,,Yes,,,,,,,,,Yes,,124,Kennedy Park,138,Eglinton East (138),D41,640430.5835,4843911.1032
206,3387794,892682,3/12/2006 10:00:00 AM,240,EGLINTON AVE E,COMMONWEALTH AVE,,Major Arterial,Scarborough,43.734945,-79.25619,,No Control,Clear,Dark,Dry,Fatal,Pedestrian Collisions,Pedestrian,30 to 34,Minor,,South,Other,,,,Pedestrian hit at mid-block,"Crossing, no Traffic Control",Normal,,,,Yes,,Yes,,,,,,,,,Yes,,124,Kennedy Park,138,Eglinton East (138),D41,640430.5835,4843911.1032
207,3387795,892682,3/12/2006 10:00:00 AM,240,EGLINTON AVE E,COMMONWEALTH AVE,,Major Arterial,Scarborough,43.734945,-79.25619,,No Control,Clear,Dark,Dry,Fatal,Pedestrian Collisions,Pedestrian,40 to 44,Fatal,,South,Other,,,,Pedestrian hit at mid-block,"Crossing, no Traffic Control",Normal,,,,Yes,,Yes,,,,,,,,,Yes,,124,Kennedy Park,138,Eglinton East (138),D41,640430.5835,4843911.1032
208,3388371,892913,3/12/2006 10:00:00 AM,1903,OSSINGTON AVE,DUNDAS ST W,,Major Arterial,Toronto and East York,43.649345,-79.42079,At Intersection,Traffic Signal,Clear,Dark,Dry,Non-Fatal Injury,Pedestrian Collisions,Driver,30 to 34,None,,East,"Automobile, Station Wagon",Turning Left,Failed to Yield Right of Way,"Ability Impaired, Alcohol Over .08",,,,,,,Yes,,Yes,,,,,,,Yes,,Yes,,81,Trinity-Bellwoods,81,Trinity-Bellwoods (81),D14,627356.1219,4834138.2293
209,3388372,892913,3/12/2006 10:00:00 AM,1903,OSSINGTON AVE,DUNDAS ST W,,Major Arterial,Toronto and East York,43.649345,-79.42079,At Intersection,Traffic Signal,Clear,Dark,Dry,Non-Fatal Injury,Pedestrian Collisions,Pedestrian,25 to 29,Major,,West,Other,,,,Vehicle turns left while ped crosses with ROW at inter.,Crossing with right of way,Normal,,,,Yes,,Yes,,,,,,,Yes,,Yes,,81,Trinity-Bellwoods,81,Trinity-Bellwoods (81),D14,627356.1219,4834138.2293
210,3389258,893251,3/15/2006 10:00:00 AM,1535,ISLINGTON AVE,DIXON RD,,Major Arterial,Etobicoke York,43.697045,-79.54669,At Intersection,Traffic Signal,Clear,Daylight,Dry,Fatal,Pedestrian Collisions,Driver,40 to 44,None,,East,"Automobile, Station Wagon",Going Ahead,Driving Properly,Normal,,,,,,,Yes,,Yes,,,,,,,,,,,6,Kingsview Village-The Westway,6,Kingsview Village-The Westway (6),D23,617109.9585,4839250.4313
211,3389259,893251,3/15/2006 10:00:00 AM,1535,ISLINGTON AVE,DIXON RD,,Major Arterial,Etobicoke York,43.697045,-79.54669,At Intersection,Traffic Signal,Clear,Daylight,Dry,Fatal,Pedestrian Collisions,Pedestrian,20 to 24,Fatal,,North,Other,,,,Vehicle is going straight thru inter.while ped cross without ROW,Crossing without right of way,Normal,,,,Yes,,Yes,,,,,,,,,,,6,Kingsview Village-The Westway,6,Kingsview Village-The Westway (6),D23,617109.9585,4839250.4313
212,3398172,896606,3/16/2006 10:00:00 AM,925,BIRCHMOUNT RD,SANWOOD BLVD,,Major Arterial,Scarborough,43.816245,-79.31449,At Intersection,Traffic Signal,Clear,Daylight,Dry,Non-Fatal Injury,Turning Movement,Passenger,55 to 59,Major,,,Other,,,,,,,,,,,,Yes,,,,,Yes,,Yes,Yes,,,116,Steeles,116,Steeles (116),D42,635551.7534,4852843.5674
213,3398173,896606,3/16/2006 10:00:00 AM,925,BIRCHMOUNT RD,SANWOOD BLVD,,Major Arterial,Scarborough,43.816245,-79.31449,At Intersection,Traffic Signal,Clear,Daylight,Dry,Non-Fatal Injury,Turning Movement,Vehicle Owner,unknown,None,,,Other,,,,,,,,,,,,Yes,,,,,Yes,,Yes,Yes,,,116,Steeles,116,Steeles (116),D42,635551.7534,4852843.5674
214,3398174,896606,3/16/2006 10:00:00 AM,925,BIRCHMOUNT RD,SANWOOD BLVD,,Major Arterial,Scarborough,43.816245,-79.31449,At Intersection,Traffic Signal,Clear,Daylight,Dry,Non-Fatal Injury,Turning Movement,Passenger,0 to 4,Minor,,,Other,,,,,,,,,,,,Yes,,,,,Yes,,Yes,Yes,,,116,Steeles,116,Steeles (116),D42,635551.7534,4852843.5674
215,3398175,896606,3/16/2006 10:00:00 AM,925,BIRCHMOUNT RD,SANWOOD BLVD,,Major Arterial,Scarborough,43.816245,-79.31449,At Intersection,Traffic Signal,Clear,Daylight,Dry,Non-Fatal Injury,Turning Movement,Driver,25 to 29,Minor,,East,"Automobile, Station Wagon",Going Ahead,Driving Properly,Normal,,,,,,,,,Yes,,,,,Yes,,Yes,Yes,,,116,Steeles,116,Steeles (116),D42,635551.7534,4852843.5674
216,3398176,896606,3/16/2006 10:00:00 AM,925,BIRCHMOUNT RD,SANWOOD BLVD,,Major Arterial,Scarborough,43.816245,-79.31449,At Intersection,Traffic Signal,Clear,Daylight,Dry,Non-Fatal Injury,Turning Movement,Driver,65 to 69,Major,,East,"Automobile, Station Wagon",Turning Left,Driving Properly,Normal,,,,,,,,,Yes,,,,,Yes,,Yes,Yes,,,116,Steeles,116,Steeles (116),D42,635551.7534,4852843.5674
217,3398177,896606,3/16/2006 10:00:00 AM,925,BIRCHMOUNT RD,SANWOOD BLVD,,Major Arterial,Scarborough,43.816245,-79.31449,At Intersection,Traffic Signal,Clear,Daylight,Dry,Non-Fatal Injury,Turning Movement,Vehicle Owner,unknown,None,,,Other,,,,,,,,,,,,Yes,,,,,Yes,,Yes,Yes,,,116,Steeles,116,Steeles (116),D42,635551.7534,4852843.5674
218,3398178,896606,3/16/2006 10:00:00 AM,925,BIRCHMOUNT RD,SANWOOD BLVD,,Major Arterial,Scarborough,43.816245,-79.31449,At Intersection,Traffic Signal,Clear,Daylight,Dry,Non-Fatal Injury,Turning Movement,Driver,35 to 39,None,,East,"Automobile, Station Wagon",Stopped,Driving Properly,Normal,,,,,,,,,Yes,,,,,Yes,,Yes,Yes,,,116,Steeles,116,Steeles (116),D42,635551.7534,4852843.5674
219,3398179,896606,3/16/2006 10:00:00 AM,925,BIRCHMOUNT RD,SANWOOD BLVD,,Major Arterial,Scarborough,43.816245,-79.31449,At Intersection,Traffic Signal,Clear,Daylight,Dry,Non-Fatal Injury,Turning Movement,Vehicle Owner,unknown,None,,,Other,,,,,,,,,,,,Yes,,,,,Yes,,Yes,Yes,,,116,Steeles,116,Steeles (116),D42,635551.7534,4852843.5674
220,3398180,896606,3/16/2006 10:00:00 AM,925,BIRCHMOUNT RD,SANWOOD BLVD,,Major Arterial,Scarborough,43.816245,-79.31449,At Intersection,Traffic Signal,Clear,Daylight,Dry,Non-Fatal Injury,Turning Movement,Driver,25 to 29,Major,,North,"Automobile, Station Wagon",Going Ahead,Disobeyed Traffic Control,Normal,,,,,,,,,Yes,,,,,Yes,,Yes,Yes,,,116,Steeles,116,Steeles (116),D42,635551.7534,4852843.5674
221,3393765,894953,3/16/2006 10:00:00 AM,1710,DUNDAS ST E,PEMBROKE ST,,Major Arterial,Toronto and East York,43.658145,-79.37239,,Pedestrian Crossover,Clear,Daylight,Dry,Non-Fatal Injury,Pedestrian Collisions,Driver,25 to 29,None,,West,"Automobile, Station Wagon",Going Ahead,Failed to Yield Right of Way,Normal,,,,,,,Yes,,Yes,,,,,,,Yes,,,,73,Moss Park,73,Moss Park (73),D51,631240.2329,4835191.0021
222,3393766,894953,3/16/2006 10:00:00 AM,1710,DUNDAS ST E,PEMBROKE ST,,Major Arterial,Toronto and East York,43.658145,-79.37239,,Pedestrian Crossover,Clear,Daylight,Dry,Non-Fatal Injury,Pedestrian Collisions,Pedestrian,60 to 64,Major,,South,Other,,,,Pedestrian hit a PXO/ped. Mid-block signal,"Crossing, Pedestrian Crossover",Medical or Physical Disability,,,,Yes,,Yes,,,,,,,Yes,,,,73,Moss Park,73,Moss Park (73),D51,631240.2329,4835191.0021
223,3400106,897335,3/17/2006 10:00:00 AM,642,SYMINGTON AVE,ANTLER ST,,Collector,Toronto and East York,43.663945,-79.45049,At Intersection,Stop Sign,Clear,Daylight,Dry,Non-Fatal Injury,Pedestrian Collisions,Driver,40 to 44,None,,South,"Automobile, Station Wagon",Going Ahead,Failed to Yield Right of Way,Normal,,,,,,,Yes,,Yes,,,,,,,Yes,,,,171,Junction-Wallace Emerson,93,Dovercourt-Wallace Emerson-Junction (93),D11,624930.6483,4835714.5991
224,3400107,897335,3/17/2006 10:00:00 AM,642,SYMINGTON AVE,ANTLER ST,,Collector,Toronto and East York,43.663945,-79.45049,At Intersection,Stop Sign,Clear,Daylight,Dry,Non-Fatal Injury,Pedestrian Collisions,Pedestrian,50 to 54,Major,,West,Other,,,,Vehicle is going straight thru inter.while ped cross with ROW,Crossing with right of way,Normal,,,,Yes,,Yes,,,,,,,Yes,,,,171,Junction-Wallace Emerson,93,Dovercourt-Wallace Emerson-Junction (93),D11,624930.6483,4835714.5991
225,3400137,897348,3/17/2006 10:00:00 AM,1554,BLOOR ST W,BATHURST ST,,Major Arterial,Toronto and East York,43.665145,-79.41129,At Intersection,No Control,Clear,Daylight,Dry,Non-Fatal Injury,Pedestrian Collisions,Driver,40 to 44,None,,West,"Automobile, Station Wagon",Going Ahead,Driving Properly,Normal,,,,,,,Yes,,Yes,,,,,,,,,,,95,Annex,95,Annex (95),D14,628088.6626,4835907.6504
226,3400138,897348,3/17/2006 10:00:00 AM,1554,BLOOR ST W,BATHURST ST,,Major Arterial,Toronto and East York,43.665145,-79.41129,At Intersection,No Control,Clear,Daylight,Dry,Non-Fatal Injury,Pedestrian Collisions,Pedestrian,20 to 24,Major,,North,Other,,,,Vehicle is going straight thru inter.while ped cross without ROW,Running onto Roadway,Inattentive,,,,Yes,,Yes,,,,,,,,,,,95,Annex,95,Annex (95),D14,628088.6626,4835907.6504
227,3390469,893720,3/18/2006 10:00:00 AM,343,WILLOWDALE AVE,MCKEE AVE,,Minor Arterial,North York,43.774945,-79.40429,At Intersection,Stop Sign,Clear,Dark,Dry,Non-Fatal Injury,Angle,Driver,25 to 29,None,,West,"Automobile, Station Wagon",Going Ahead,Disobeyed Traffic Control,Had Been Drinking,,,,,,,,,Yes,,,,,Yes,,Yes,,,,152,East Willowdale,51,Willowdale East (51),D32,628418.2464,4848113.3431
228,3390470,893720,3/18/2006 10:00:00 AM,343,WILLOWDALE AVE,MCKEE AVE,,Minor Arterial,North York,43.774945,-79.40429,At Intersection,Stop Sign,Clear,Dark,Dry,Non-Fatal Injury,Angle,Passenger,15 to 19,Minimal,,,Other,Other,,,,,,,,,,,Yes,,,,,Yes,,Yes,,,,152,East Willowdale,51,Willowdale East (51),D32,628418.2464,4848113.3431
229,3390471,893720,3/18/2006 10:00:00 AM,343,WILLOWDALE AVE,MCKEE AVE,,Minor Arterial,North York,43.774945,-79.40429,At Intersection,Stop Sign,Clear,Dark,Dry,Non-Fatal Injury,Angle,Passenger,20 to 24,Major,,,Other,Other,,,,,,,,,,,Yes,,,,,Yes,,Yes,,,,152,East Willowdale,51,Willowdale East (51),D32,628418.2464,4848113.3431
230,3390472,893720,3/18/2006 10:00:00 AM,343,WILLOWDALE AVE,MCKEE AVE,,Minor Arterial,North York,43.774945,-79.40429,At Intersection,Stop Sign,Clear,Dark,Dry,Non-Fatal Injury,Angle,Passenger,15 to 19,Major,,,Other,Other,,,,,,,,,,,Yes,,,,,Yes,,Yes,,,,152,East Willowdale,51,Willowdale East (51),D32,628418.2464,4848113.3431
231,3390473,893720,3/18/2006 10:00:00 AM,343,WILLOWDALE AVE,MCKEE AVE,,Minor Arterial,North York,43.774945,-79.40429,At Intersection,Stop Sign,Clear,Dark,Dry,Non-Fatal Injury,Angle,Vehicle Owner,unknown,None,,,Other,Other,,,,,,,,,,,Yes,,,,,Yes,,Yes,,,,152,East Willowdale,51,Willowdale East (51),D32,628418.2464,4848113.3431
232,3390474,893720,3/18/2006 10:00:00 AM,343,WILLOWDALE AVE,MCKEE AVE,,Minor Arterial,North York,43.774945,-79.40429,At Intersection,Stop Sign,Clear,Dark,Dry,Non-Fatal Injury,Angle,Driver,15 to 19,Minimal,,North,"Automobile, Station Wagon",Going Ahead,Driving Properly,Normal,,,,,,,,,Yes,,,,,Yes,,Yes,,,,152,East Willowdale,51,Willowdale East (51),D32,628418.2464,4848113.3431
233,3429049,908179,3/18/2006 10:00:00 AM,2120,STEELES AVE W,SHALE GT,,Major Arterial,North York,43.783345,-79.48669,,No Control,Clear,Dark,Dry,Non-Fatal Injury,Approaching,Driver,25 to 29,None,,West,"Automobile, Station Wagon",Going Ahead,Driving Properly,Normal,,,,,,,,,Yes,,,,,,Yes,Yes,,Yes,,27,York University Heights,27,York University Heights (27),D31,621769.819,4848921.7879
234,3429050,908179,3/18/2006 10:00:00 AM,2120,STEELES AVE W,SHALE GT,,Major Arterial,North York,43.783345,-79.48669,,No Control,Clear,Dark,Dry,Non-Fatal Injury,Approaching,Driver,20 to 24,Major,,East,"Automobile, Station Wagon",Making U Turn,Failed to Yield Right of Way,"Ability Impaired, Alcohol",,,,,,,,,Yes,,,,,,Yes,Yes,,Yes,,27,York University Heights,27,York University Heights (27),D31,621769.819,4848921.7879
235,3400441,897456,3/19/2006 10:00:00 AM,207,ST CLAIR AVE W,BLACKTHORN AVE,,Major Arterial,Toronto and East York,43.674445,-79.45869,,No Control,Clear,Dark,Dry,Non-Fatal Injury,SMV Other,Passenger,25 to 29,Major,,,Other,,,,,,,,,,,,Yes,,,,,Yes,Yes,Yes,,,,91,Weston-Pelham Park,91,Weston-Pellam Park (91),D11,624247.8431,4836868.4482
236,3400442,897456,3/19/2006 10:00:00 AM,207,ST CLAIR AVE W,BLACKTHORN AVE,,Major Arterial,Toronto and East York,43.674445,-79.45869,,No Control,Clear,Dark,Dry,Non-Fatal Injury,SMV Other,Driver,25 to 29,Minor,,West,"Automobile, Station Wagon",Going Ahead,Lost control,Other,,,,,,,,,Yes,,,,,Yes,Yes,Yes,,,,91,Weston-Pelham Park,91,Weston-Pellam Park (91),D11,624247.8431,4836868.4482
237,3400443,897456,3/19/2006 10:00:00 AM,207,ST CLAIR AVE W,BLACKTHORN AVE,,Major Arterial,Toronto and East York,43.674445,-79.45869,,No Control,Clear,Dark,Dry,Non-Fatal Injury,SMV Other,Other Property Owner,unknown,None,,,Other,,,,,,,,,,,,Yes,,,,,Yes,Yes,Yes,,,,91,Weston-Pelham Park,91,Weston-Pellam Park (91),D11,624247.8431,4836868.4482
238,3402266,898163,3/19/2006 10:00:00 AM,1743,STEELES AVE E,WARDEN AVE,,Major Arterial,Scarborough,43.819645,-79.32439,At Intersection,Traffic Signal,Clear,Daylight,Dry,Non-Fatal Injury,Angle,Driver,25 to 29,Major,,West,"Automobile, Station Wagon",Stopped,Driving Properly,Normal,,,,,,,,,Yes,,,,,Yes,,Yes,Yes,,,NSA,NSA,NSA,NSA,D42,634747.9211,4853205.0196
239,3402267,898163,3/19/2006 10:00:00 AM,1743,STEELES AVE E,WARDEN AVE,,Major Arterial,Scarborough,43.819645,-79.32439,At Intersection,Traffic Signal,Clear,Daylight,Dry,Non-Fatal Injury,Angle,Driver,40 to 44,Minor,,East,"Automobile, Station Wagon",Going Ahead,Disobeyed Traffic Control,Inattentive,,,,,,,,,Yes,,,,,Yes,,Yes,Yes,,,NSA,NSA,NSA,NSA,D42,634747.9211,4853205.0196
240,3402268,898163,3/19/2006 10:00:00 AM,1743,STEELES AVE E,WARDEN AVE,,Major Arterial,Scarborough,43.819645,-79.32439,At Intersection,Traffic Signal,Clear,Daylight,Dry,Non-Fatal Injury,Angle,Passenger,80 to 84,Major,,,Other,,,,,,,,,,,,Yes,,,,,Yes,,Yes,Yes,,,NSA,NSA,NSA,NSA,D42,634747.9211,4853205.0196
241,3402269,898163,3/19/2006 10:00:00 AM,1743,STEELES AVE E,WARDEN AVE,,Major Arterial,Scarborough,43.819645,-79.32439,At Intersection,Traffic Signal,Clear,Daylight,Dry,Non-Fatal Injury,Angle,Passenger,50 to 54,Minor,,,Other,,,,,,,,,,,,Yes,,,,,Yes,,Yes,Yes,,,NSA,NSA,NSA,NSA,D42,634747.9211,4853205.0196
242,3402270,898163,3/19/2006 10:00:00 AM,1743,STEELES AVE E,WARDEN AVE,,Major Arterial,Scarborough,43.819645,-79.32439,At Intersection,Traffic Signal,Clear,Daylight,Dry,Non-Fatal Injury,Angle,Driver,50 to 54,Major,,North,"Automobile, Station Wagon",Going Ahead,Driving Properly,Normal,,,,,,,,,Yes,,,,,Yes,,Yes,Yes,,,NSA,NSA,NSA,NSA,D42,634747.9211,4853205.0196
243,3402271,898163,3/19/2006 10:00:00 AM,1743,STEELES AVE E,WARDEN AVE,,Major Arterial,Scarborough,43.819645,-79.32439,At Intersection,Traffic Signal,Clear,Daylight,Dry,Non-Fatal Injury,Angle,Driver,20 to 24,None,,West,"Automobile, Station Wagon",Stopped,Driving Properly,Normal,,,,,,,,,Yes,,,,,Yes,,Yes,Yes,,,NSA,NSA,NSA,NSA,D42,634747.9211,4853205.0196
244,3391145,893964,3/20/2006 10:00:00 AM,755,941 PROGRESS AVE,,,Minor Arterial,Scarborough,43.783845,-79.23179,,Traffic Signal,Clear,Daylight,Dry,Non-Fatal Injury,Pedestrian Collisions,Driver,20 to 24,None,,East,"Automobile, Station Wagon",Going Ahead,Driving Properly,Normal,,,,,,,Yes,,Yes,,,,,,,,,,,142,Woburn North,137,Woburn (137),D43,642279.6005,4849383.8506
245,3391146,893964,3/20/2006 10:00:00 AM,755,941 PROGRESS AVE,,,Minor Arterial,Scarborough,43.783845,-79.23179,,Traffic Signal,Clear,Daylight,Dry,Non-Fatal Injury,Pedestrian Collisions,Pedestrian,60 to 64,Major,,,Other,,,,Other / Undefined,Running onto Roadway,Normal,,,,Yes,,Yes,,,,,,,,,,,142,Woburn North,137,Woburn (137),D43,642279.6005,4849383.8506
246,3391328,894030,3/20/2006 10:00:00 AM,2100,BLACK CREEK DR,LAWRENCE AVE W,,Major Arterial,Etobicoke York,43.704945,-79.49409,,Traffic Signal,Clear,Dark,Dry,Non-Fatal Injury,Rear End,Passenger,20 to 24,Minimal,,,Other,,,,,,,,,,,,Yes,,,,,Yes,,Yes,,,,30,Brookhaven-Amesbury,28,Rustic (28),D12,621332.6454,4840203.4706
247,3391329,894030,3/20/2006 10:00:00 AM,2100,BLACK CREEK DR,LAWRENCE AVE W,,Major Arterial,Etobicoke York,43.704945,-79.49409,,Traffic Signal,Clear,Dark,Dry,Non-Fatal Injury,Rear End,Driver,25 to 29,Major,,North,"Automobile, Station Wagon",Slowing or Stopping,Driving Properly,Normal,,,,,,,,,Yes,,,,,Yes,,Yes,,,,30,Brookhaven-Amesbury,28,Rustic (28),D12,621332.6454,4840203.4706