OBJECTID,INDEX,ACCNUM,DATE,TIME,STREET1,STREET2,OFFSET,ROAD_CLASS,DISTRICT,LATITUDE,LONGITUDE,ACCLOC,TRAFFCTL,VISIBILITY,LIGHT,RDSFCOND,ACCLASS,IMPACTYPE,INVTYPE,INVAGE,INJURY,FATAL_NO,INITDIR,VEHTYPE,MANOEUVER,DRIVACT,DRIVCOND,PEDTYPE,PEDACT,PEDCOND,CYCLISTYPE,CYCACT,CYCCOND,PEDESTRIAN,CYCLIST,AUTOMOBILE,MOTORCYCLE,TRUCK,TRSN_CITY_VEH,EMERG_VEH,PASSENGER,SPEEDING,AG_DRIV,REDLIGHT,ALCOHOL,DISABILITY,HOOD_158,NEIGHBOURHOOD_158,HOOD_140,NEIGHBOURHOOD_140,DIVISION,x,y
248,3391330,894030,3/20/2006 10:00:00 AM,2100,BLACK CREEK DR,LAWRENCE AVE W,,Major Arterial,Etobicoke York,43.704945,-79.49409,,Traffic Signal,Clear,Dark,Dry,Non-Fatal Injury,Rear End,Driver,30 to 34,None,,North,"Automobile, Station Wagon",Going Ahead,Failed to Yield Right of Way,Inattentive,,,,,,,,,Yes,,,,,Yes,,Yes,,,,30,Brookhaven-Amesbury,28,Rustic (28),D12,621332.6454,4840203.4706
249,3392380,894423,3/22/2006 10:00:00 AM,1435,2423 KEELE ST,,,Major Arterial,Etobicoke York,43.710645,-79.47849,,No Control,Clear,Daylight,Dry,Non-Fatal Injury,SMV Unattended Vehicle,Driver,50 to 54,None,,North,"Automobile, Station Wagon",Going Ahead,Driving Properly,Normal,,,,,,,,,Yes,,,,,,,,,,Yes,29,Maple Leaf,29,Maple Leaf (29),D12,622577.9444,4840859.4843
250,3392381,894423,3/22/2006 10:00:00 AM,1435,2423 KEELE ST,,,Major Arterial,Etobicoke York,43.710645,-79.47849,,No Control,Clear,Daylight,Dry,Non-Fatal Injury,SMV Unattended Vehicle,Driver,70 to 74,Major,,South,"Automobile, Station Wagon",Going Ahead,Lost control,Medical or Physical Disability,,,,,,,,,Yes,,,,,,,,,,Yes,29,Maple Leaf,29,Maple Leaf (29),D12,622577.9444,4840859.4843
251,3392382,894423,3/22/2006 10:00:00 AM,1435,2423 KEELE ST,,,Major Arterial,Etobicoke York,43.710645,-79.47849,,No Control,Clear,Daylight,Dry,Non-Fatal Injury,SMV Unattended Vehicle,Other,unknown,None,,,Other,Parked,,,,,,,,,,,Yes,,,,,,,,,,Yes,29,Maple Leaf,29,Maple Leaf (29),D12,622577.9444,4840859.4843
252,3403887,898778,3/25/2006 10:00:00 AM,1139,WESTON RD,ROGERS RD,,Major Arterial,Etobicoke York,43.682545,-79.47799,,No Control,Rain,Daylight,Wet,Non-Fatal Injury,Turning Movement,Vehicle Owner,unknown,None,,,Other,,,,,,,,,,,,Yes,,,,,Yes,,,,,,111,Rockcliffe-Smythe,111,Rockcliffe-Smythe (111),D12,622675.5129,4837739.3336
253,3403888,898778,3/25/2006 10:00:00 AM,1139,WESTON RD,ROGERS RD,,Major Arterial,Etobicoke York,43.682545,-79.47799,,No Control,Rain,Daylight,Wet,Non-Fatal Injury,Turning Movement,Passenger,40 to 44,Minor,,,Other,,,,,,,,,,,,Yes,,,,,Yes,,,,,,111,Rockcliffe-Smythe,111,Rockcliffe-Smythe (111),D12,622675.5129,4837739.3336
254,3403889,898778,3/25/2006 10:00:00 AM,1139,WESTON RD,ROGERS RD,,Major Arterial,Etobicoke York,43.682545,-79.47799,,No Control,Rain,Daylight,Wet,Non-Fatal Injury,Turning Movement,Driver,45 to 49,None,,North,"Automobile, Station Wagon",Going Ahead,Driving Properly,Normal,,,,,,,,,Yes,,,,,Yes,,,,,,111,Rockcliffe-Smythe,111,Rockcliffe-Smythe (111),D12,622675.5129,4837739.3336
255,3403890,898778,3/25/2006 10:00:00 AM,1139,WESTON RD,ROGERS RD,,Major Arterial,Etobicoke York,43.682545,-79.47799,,No Control,Rain,Daylight,Wet,Non-Fatal Injury,Turning Movement,Vehicle Owner,unknown,None,,,Other,,,,,,,,,,,,Yes,,,,,Yes,,,,,,111,Rockcliffe-Smythe,111,Rockcliffe-Smythe (111),D12,622675.5129,4837739.3336
256,3403891,898778,3/25/2006 10:00:00 AM,1139,WESTON RD,ROGERS RD,,Major Arterial,Etobicoke York,43.682545,-79.47799,,No Control,Rain,Daylight,Wet,Non-Fatal Injury,Turning Movement,Driver,15 to 19,Major,,North,"Automobile, Station Wagon",Making U Turn,Other,Inattentive,,,,,,,,,Yes,,,,,Yes,,,,,,111,Rockcliffe-Smythe,111,Rockcliffe-Smythe (111),D12,622675.5129,4837739.3336
257,3393203,894735,3/25/2006 10:00:00 AM,1850,910 DUNDAS ST E,,,Minor Arterial,Toronto and East York,43.662845,-79.34979,,No Control,Rain,Dark,Wet,Non-Fatal Injury,Pedestrian Collisions,Driver,unknown,None,,,"Automobile, Station Wagon",Unknown,Failed to Yield Right of Way,Unknown,,,,,,,Yes,,Yes,,,,,,,Yes,,,,70,South Riverdale,70,South Riverdale (70),D55,633052.1924,4835748.9959
258,3393204,894735,3/25/2006 10:00:00 AM,1850,910 DUNDAS ST E,,,Minor Arterial,Toronto and East York,43.662845,-79.34979,,No Control,Rain,Dark,Wet,Non-Fatal Injury,Pedestrian Collisions,Pedestrian,25 to 29,Major,,,Other,,,,Pedestrian hit at mid-block,Other,Unknown,,,,Yes,,Yes,,,,,,,Yes,,,,70,South Riverdale,70,South Riverdale (70),D55,633052.1924,4835748.9959
259,3404789,899126,3/26/2006 10:00:00 AM,1614,CALEDONIA RD,NORMAN AVE,,Minor Arterial,Toronto and East York,43.677745,-79.45579,,No Control,Clear,Daylight,Dry,Non-Fatal Injury,SMV Other,Driver,35 to 39,Major,,North,"Automobile, Station Wagon",Going Ahead,Lost control,Had Been Drinking,,,,,,,,,Yes,,,,,,,,,,,92,Corso Italia-Davenport,92,Corso Italia-Davenport (92),D13,624474.7964,4837239.3053
260,3404790,899126,3/26/2006 10:00:00 AM,1614,CALEDONIA RD,NORMAN AVE,,Minor Arterial,Toronto and East York,43.677745,-79.45579,,No Control,Clear,Daylight,Dry,Non-Fatal Injury,SMV Other,Other Property Owner,unknown,None,,,Other,,,,,,,,,,,,Yes,,,,,,,,,,,92,Corso Italia-Davenport,92,Corso Italia-Davenport (92),D13,624474.7964,4837239.3053
261,3404791,899126,3/26/2006 10:00:00 AM,1614,CALEDONIA RD,NORMAN AVE,,Minor Arterial,Toronto and East York,43.677745,-79.45579,,No Control,Clear,Daylight,Dry,Non-Fatal Injury,SMV Other,Other Property Owner,unknown,None,,,Other,,,,,,,,,,,,Yes,,,,,,,,,,,92,Corso Italia-Davenport,92,Corso Italia-Davenport (92),D13,624474.7964,4837239.3053
262,3405461,899369,3/31/2006 10:00:00 AM,1640,BLOOR ST W,CHRISTIE ST,,Major Arterial,Toronto and East York,43.663745,-79.41769,,No Control,Clear,Daylight,Dry,Non-Fatal Injury,Pedestrian Collisions,Driver,45 to 49,None,,West,"Automobile, Station Wagon",Going Ahead,Driving Properly,Normal,,,,,,,Yes,,Yes,,,,,,,,,,,95,Annex,95,Annex (95),D14,627575.6273,4835742.3005
263,3405462,899369,3/31/2006 10:00:00 AM,1640,BLOOR ST W,CHRISTIE ST,,Major Arterial,Toronto and East York,43.663745,-79.41769,,No Control,Clear,Daylight,Dry,Non-Fatal Injury,Pedestrian Collisions,Pedestrian,70 to 74,Major,,North,Other,,,,Pedestrian hit at mid-block,Crossing with right of way,Normal,,,,Yes,,Yes,,,,,,,,,,,95,Annex,95,Annex (95),D14,627575.6273,4835742.3005
264,3405922,899537,4/1/2006 10:00:00 AM,2205,JANE ST,EGLINTON AVE W,,Major Arterial,Etobicoke York,43.684445,-79.49879,At Intersection,Traffic Signal,Clear,Dark,Dry,Non-Fatal Injury,Sideswipe,Vehicle Owner,unknown,,,,Other,,,,,,,,,,,,Yes,,,,,Yes,Yes,Yes,,,,115,Mount Dennis,115,Mount Dennis (115),D12,620995.1785,4837919.7985
265,3405923,899537,4/1/2006 10:00:00 AM,2205,JANE ST,EGLINTON AVE W,,Major Arterial,Etobicoke York,43.684445,-79.49879,At Intersection,Traffic Signal,Clear,Dark,Dry,Non-Fatal Injury,Sideswipe,Passenger,30 to 34,Major,,,Other,,,,,,,,,,,,Yes,,,,,Yes,Yes,Yes,,,,115,Mount Dennis,115,Mount Dennis (115),D12,620995.1785,4837919.7985
266,3405924,899537,4/1/2006 10:00:00 AM,2205,JANE ST,EGLINTON AVE W,,Major Arterial,Etobicoke York,43.684445,-79.49879,At Intersection,Traffic Signal,Clear,Dark,Dry,Non-Fatal Injury,Sideswipe,Driver,30 to 34,None,,North,"Automobile, Station Wagon",Stopped,Driving Properly,Normal,,,,,,,,,Yes,,,,,Yes,Yes,Yes,,,,115,Mount Dennis,115,Mount Dennis (115),D12,620995.1785,4837919.7985
267,3405925,899537,4/1/2006 10:00:00 AM,2205,JANE ST,EGLINTON AVE W,,Major Arterial,Etobicoke York,43.684445,-79.49879,At Intersection,Traffic Signal,Clear,Dark,Dry,Non-Fatal Injury,Sideswipe,Vehicle Owner,unknown,,,,Other,,,,,,,,,,,,Yes,,,,,Yes,Yes,Yes,,,,115,Mount Dennis,115,Mount Dennis (115),D12,620995.1785,4837919.7985
268,3405926,899537,4/1/2006 10:00:00 AM,2205,JANE ST,EGLINTON AVE W,,Major Arterial,Etobicoke York,43.684445,-79.49879,At Intersection,Traffic Signal,Clear,Dark,Dry,Non-Fatal Injury,Sideswipe,Driver,30 to 34,None,,North,"Automobile, Station Wagon",Overtaking,Lost control,Normal,,,,,,,,,Yes,,,,,Yes,Yes,Yes,,,,115,Mount Dennis,115,Mount Dennis (115),D12,620995.1785,4837919.7985
269,3395425,895615,4/1/2006 10:00:00 AM,2344,F G GARDINER XY E  E,SPADINA AVE,,Major Arterial,Toronto and East York,43.638745,-79.39129,,No Control,Clear,Dark,Dry,Non-Fatal Injury,Rear End,Driver,50 to 54,Minimal,,East,"Automobile, Station Wagon",Going Ahead,Driving Properly,Unknown,,,,,,,,,Yes,,,,,Yes,,Yes,,,,165,Harbourfront-CityPlace,77,Waterfront Communities-The Island (77),D52,629758.007,4833006.6574
270,3395426,895615,4/1/2006 10:00:00 AM,2344,F G GARDINER XY E  E,SPADINA AVE,,Major Arterial,Toronto and East York,43.638745,-79.39129,,No Control,Clear,Dark,Dry,Non-Fatal Injury,Rear End,Passenger,25 to 29,Minimal,,East,Other,,,,,,,,,,,,Yes,,,,,Yes,,Yes,,,,165,Harbourfront-CityPlace,77,Waterfront Communities-The Island (77),D52,629758.007,4833006.6574
271,3395427,895615,4/1/2006 10:00:00 AM,2344,F G GARDINER XY E  E,SPADINA AVE,,Major Arterial,Toronto and East York,43.638745,-79.39129,,No Control,Clear,Dark,Dry,Non-Fatal Injury,Rear End,Passenger,25 to 29,Minimal,,,Other,,,,,,,,,,,,Yes,,,,,Yes,,Yes,,,,165,Harbourfront-CityPlace,77,Waterfront Communities-The Island (77),D52,629758.007,4833006.6574
272,3395428,895615,4/1/2006 10:00:00 AM,2344,F G GARDINER XY E  E,SPADINA AVE,,Major Arterial,Toronto and East York,43.638745,-79.39129,,No Control,Clear,Dark,Dry,Non-Fatal Injury,Rear End,Driver,20 to 24,Major,,East,"Automobile, Station Wagon",Stopped,Driving Properly,Normal,,,,,,,,,Yes,,,,,Yes,,Yes,,,,165,Harbourfront-CityPlace,77,Waterfront Communities-The Island (77),D52,629758.007,4833006.6574
273,3395429,895615,4/1/2006 10:00:00 AM,2344,F G GARDINER XY E  E,SPADINA AVE,,Major Arterial,Toronto and East York,43.638745,-79.39129,,No Control,Clear,Dark,Dry,Non-Fatal Injury,Rear End,Driver,25 to 29,Minimal,,East,"Automobile, Station Wagon",Going Ahead,Following too Close,Inattentive,,,,,,,,,Yes,,,,,Yes,,Yes,,,,165,Harbourfront-CityPlace,77,Waterfront Communities-The Island (77),D52,629758.007,4833006.6574
274,3395430,895615,4/1/2006 10:00:00 AM,2344,F G GARDINER XY E  E,SPADINA AVE,,Major Arterial,Toronto and East York,43.638745,-79.39129,,No Control,Clear,Dark,Dry,Non-Fatal Injury,Rear End,Driver,30 to 34,None,,East,"Automobile, Station Wagon",Going Ahead,Driving Properly,Normal,,,,,,,,,Yes,,,,,Yes,,Yes,,,,165,Harbourfront-CityPlace,77,Waterfront Communities-The Island (77),D52,629758.007,4833006.6574
275,3395993,895818,4/2/2006 9:00:00 AM,1717,DON MILLS RD,GATEWAY BLVD,,Major Arterial,North York,43.713045,-79.33579,,No Control,Clear,Daylight,Dry,Non-Fatal Injury,SMV Other,Driver,55 to 59,Major,,South,"Automobile, Station Wagon",Going Ahead,Lost control,Medical or Physical Disability,,,,,,,,,Yes,,,,,,,,,,Yes,44,Flemingdon Park,44,Flemingdon Park (44),D55,634069.0987,4841346.9518
276,3395994,895818,4/2/2006 9:00:00 AM,1717,DON MILLS RD,GATEWAY BLVD,,Major Arterial,North York,43.713045,-79.33579,,No Control,Clear,Daylight,Dry,Non-Fatal Injury,SMV Other,Other Property Owner,unknown,None,,,Other,,,,,,,,,,,,Yes,,,,,,,,,,Yes,44,Flemingdon Park,44,Flemingdon Park (44),D55,634069.0987,4841346.9518
277,3406507,899747,4/3/2006 8:00:00 AM,1615,DUNDAS ST W,BLOOR ST W,,Major Arterial,Toronto and East York,43.656345,-79.45249,At Intersection,Traffic Signal,Rain,Daylight,Wet,Non-Fatal Injury,Pedestrian Collisions,Driver,50 to 54,None,,North,"Automobile, Station Wagon",Going Ahead,Driving Properly,Normal,,,,,,,Yes,,Yes,,,,,,,,,,,88,High Park North,88,High Park North (88),D11,624785.138,4834867.5098
278,3406508,899747,4/3/2006 8:00:00 AM,1615,DUNDAS ST W,BLOOR ST W,,Major Arterial,Toronto and East York,43.656345,-79.45249,At Intersection,Traffic Signal,Rain,Daylight,Wet,Non-Fatal Injury,Pedestrian Collisions,Pedestrian,75 to 79,Major,,West,Other,,,,Vehicle is going straight thru inter.while ped cross without ROW,Crossing without right of way,Normal,,,,Yes,,Yes,,,,,,,,,,,88,High Park North,88,High Park North (88),D11,624785.138,4834867.5098
279,3396285,895926,4/4/2006 8:00:00 AM,230,1340 LESLIE ST,,,Major Arterial,North York,43.732745,-79.35559,,No Control,Clear,Dark,Dry,Non-Fatal Injury,SMV Other,Vehicle Owner,unknown,,,,Other,,,,,,,,,,,,Yes,,,,,,,,,Yes,,42,Banbury-Don Mills,42,Banbury-Don Mills (42),D33,632430.5753,4843503.0866
280,3396286,895926,4/4/2006 8:00:00 AM,230,1340 LESLIE ST,,,Major Arterial,North York,43.732745,-79.35559,,No Control,Clear,Dark,Dry,Non-Fatal Injury,SMV Other,Driver,40 to 44,Major,,South,"Automobile, Station Wagon",Going Ahead,Lost control,"Ability Impaired, Alcohol Over .08",,,,,,,,,Yes,,,,,,,,,Yes,,42,Banbury-Don Mills,42,Banbury-Don Mills (42),D33,632430.5753,4843503.0866
281,3396699,896072,4/4/2006 8:00:00 AM,1325,WALMER RD,HEATH ST W,,Collector,Toronto and East York,43.686545,-79.41319,At Intersection,Stop Sign,Clear,Daylight,Dry,Non-Fatal Injury,Pedestrian Collisions,Driver,60 to 64,None,,North,"Automobile, Station Wagon",Turning Right,Other,Normal,,,,,,,Yes,,Yes,,,,,,,,,,,101,Forest Hill South,101,Forest Hill South (101),D13,627890.0063,4838281.4774
282,3396700,896072,4/4/2006 8:00:00 AM,1325,WALMER RD,HEATH ST W,,Collector,Toronto and East York,43.686545,-79.41319,At Intersection,Stop Sign,Clear,Daylight,Dry,Non-Fatal Injury,Pedestrian Collisions,Pedestrian,15 to 19,Major,,,Other,,,,Vehicle turns right while ped crosses without ROW at inter.,Running onto Roadway,Normal,,,,Yes,,Yes,,,,,,,,,,,101,Forest Hill South,101,Forest Hill South (101),D13,627890.0063,4838281.4774
283,3406944,899910,4/6/2006 8:00:00 AM,1540,BAY ST,GERRARD ST W,,Major Arterial,Toronto and East York,43.658545,-79.38489,At Intersection,Traffic Signal,Clear,Daylight,Dry,Non-Fatal Injury,Cyclist Collisions,Driver,45 to 49,None,,South,"Automobile, Station Wagon",Stopped,Driving Properly,Normal,,,,,,,,Yes,Yes,,,,,,,,,,,170,Yonge-Bay Corridor,76,Bay Street Corridor (76),D52,630231.4361,4835215.7315
284,3406945,899910,4/6/2006 8:00:00 AM,1540,BAY ST,GERRARD ST W,,Major Arterial,Toronto and East York,43.658545,-79.38489,At Intersection,Traffic Signal,Clear,Daylight,Dry,Non-Fatal Injury,Cyclist Collisions,Cyclist,25 to 29,Major,,South,Bicycle,Going Ahead,,,,,,Cyclist and Driver travelling in same direction. One vehicle rear-ended the other.,Other,Inattentive,,Yes,Yes,,,,,,,,,,,170,Yonge-Bay Corridor,76,Bay Street Corridor (76),D52,630231.4361,4835215.7315
285,3406954,899914,4/6/2006 8:00:00 AM,1825,232 VIEWMOUNT AVE,,,Local,North York,43.708045,-79.43919,,No Control,Clear,Daylight,Dry,Non-Fatal Injury,Pedestrian Collisions,Driver,15 to 19,None,,West,"Automobile, Station Wagon",Going Ahead,Driving Properly,Normal,,,,,,,Yes,,Yes,,,,,,,,,,,32,Englemount-Lawrence,32,Englemount-Lawrence (32),D13,625749.5493,4840629.5821
286,3406955,899914,4/6/2006 8:00:00 AM,1825,232 VIEWMOUNT AVE,,,Local,North York,43.708045,-79.43919,,No Control,Clear,Daylight,Dry,Non-Fatal Injury,Pedestrian Collisions,Pedestrian,60 to 64,Major,,South,Other,Other,,,Vehicle hits the pedestrian walking or running out from between parked vehicles at mid-block,Coming From Behind Parked Vehicle,Unknown,,,,Yes,,Yes,,,,,,,,,,,32,Englemount-Lawrence,32,Englemount-Lawrence (32),D13,625749.5493,4840629.5821
287,3400141,897350,4/7/2006 8:00:00 AM,1555,KINGSTON RD,EGLINTON AVE E,,Major Arterial,Scarborough,43.745745,-79.20959,,No Control,Rain,Daylight,Wet,Non-Fatal Injury,Rear End,Vehicle Owner,unknown,None,,,Other,,,,,,,,,,,,Yes,,,,,,Yes,Yes,,,,139,Scarborough Village,139,Scarborough Village (139),D43,644157.4466,4845190.6484
288,3400142,897350,4/7/2006 8:00:00 AM,1555,KINGSTON RD,EGLINTON AVE E,,Major Arterial,Scarborough,43.745745,-79.20959,,No Control,Rain,Daylight,Wet,Non-Fatal Injury,Rear End,Driver,40 to 44,None,,East,"Automobile, Station Wagon",Slowing or Stopping,Speed too Fast For Condition,Normal,,,,,,,,,Yes,,,,,,Yes,Yes,,,,139,Scarborough Village,139,Scarborough Village (139),D43,644157.4466,4845190.6484
289,3400143,897350,4/7/2006 8:00:00 AM,1555,KINGSTON RD,EGLINTON AVE E,,Major Arterial,Scarborough,43.745745,-79.20959,,No Control,Rain,Daylight,Wet,Non-Fatal Injury,Rear End,Vehicle Owner,unknown,None,,,Other,,,,,,,,,,,,Yes,,,,,,Yes,Yes,,,,139,Scarborough Village,139,Scarborough Village (139),D43,644157.4466,4845190.6484
290,3400144,897350,4/7/2006 8:00:00 AM,1555,KINGSTON RD,EGLINTON AVE E,,Major Arterial,Scarborough,43.745745,-79.20959,,No Control,Rain,Daylight,Wet,Non-Fatal Injury,Rear End,Driver,55 to 59,Major,,East,Other,Slowing or Stopping,Driving Properly,Normal,,,,,,,,,Yes,,,,,,Yes,Yes,,,,139,Scarborough Village,139,Scarborough Village (139),D43,644157.4466,4845190.6484
291,3407218,900010,4/8/2006 8:00:00 AM,1150,4559 SHEPPARD Aven E,,,Major Arterial,Scarborough,43.788745,-79.26289,,No Control,Clear,Daylight,Dry,Non-Fatal Injury,SMV Other,Vehicle Owner,unknown,None,,,Other,,,,,,,,,,,,,Yes,,,,,,,,,,128,Agincourt South-Malvern West,128,Agincourt South-Malvern West (128),D42,639765.6791,4849875.0883
292,3407219,900010,4/8/2006 8:00:00 AM,1150,4559 SHEPPARD Aven E,,,Major Arterial,Scarborough,43.788745,-79.26289,,No Control,Clear,Daylight,Dry,Non-Fatal Injury,SMV Other,Motorcycle Driver,30 to 34,Major,,North,Motorcycle,Turning Right,Driving Properly,Normal,,,,,,,,,,Yes,,,,,,,,,,128,Agincourt South-Malvern West,128,Agincourt South-Malvern West (128),D42,639765.6791,4849875.0883
293,3407831,900242,4/10/2006 8:00:00 AM,1744,ADELAIDE ST E,FREDERICK ST,,Major Arterial,Toronto and East York,43.651845,-79.36989,At Intersection,Traffic Signal,Clear,Daylight,Dry,Non-Fatal Injury,Rear End,Driver,55 to 59,None,,East,"Automobile, Station Wagon",Stopped,Driving Properly,Normal,,,,,,,,,Yes,Yes,,,,,,Yes,,,,73,Moss Park,73,Moss Park (73),D51,631455.5651,4834495.2612
294,3407832,900242,4/10/2006 8:00:00 AM,1744,ADELAIDE ST E,FREDERICK ST,,Major Arterial,Toronto and East York,43.651845,-79.36989,At Intersection,Traffic Signal,Clear,Daylight,Dry,Non-Fatal Injury,Rear End,Motorcycle Driver,40 to 44,Major,,East,Motorcycle,Changing Lanes,Following too Close,Inattentive,,,,,,,,,Yes,Yes,,,,,,Yes,,,,73,Moss Park,73,Moss Park (73),D51,631455.5651,4834495.2612
295,3407952,900284,4/11/2006 8:00:00 AM,1530,EGLINTON AVE W,MARTIN GROVE RD,,Major Arterial,Etobicoke York,43.674445,-79.56319,At Intersection,Traffic Signal,Clear,Daylight,Dry,Non-Fatal Injury,Rear End,Driver,45 to 49,None,,East,"Automobile, Station Wagon",Going Ahead,Following too Close,Normal,,,,,,,,,Yes,,,,,,,Yes,,,,11,Eringate-Centennial-West Deane,11,Eringate-Centennial-West Deane (11),D22,615823.8381,4836717.2289
296,3407953,900284,4/11/2006 8:00:00 AM,1530,EGLINTON AVE W,MARTIN GROVE RD,,Major Arterial,Etobicoke York,43.674445,-79.56319,At Intersection,Traffic Signal,Clear,Daylight,Dry,Non-Fatal Injury,Rear End,Driver,60 to 64,Major,,East,"Automobile, Station Wagon",Stopped,Driving Properly,Normal,,,,,,,,,Yes,,,,,,,Yes,,,,11,Eringate-Centennial-West Deane,11,Eringate-Centennial-West Deane (11),D22,615823.8381,4836717.2289
297,3407954,900285,4/11/2006 8:00:00 AM,1620,KENNEDY RD,PROGRESS AVE,,Major Arterial,Scarborough,43.769845,-79.28249,,No Control,Clear,Daylight,Dry,Non-Fatal Injury,Sideswipe,Motorcycle Driver,40 to 44,Major,,South,Motorcycle,Going Ahead,Driving Properly,Normal,,,,,,,,,Yes,Yes,,,,,,,,,,126,Dorset Park,126,Dorset Park (126),D41,638232.2196,4847743.0375
298,3407955,900285,4/11/2006 8:00:00 AM,1620,KENNEDY RD,PROGRESS AVE,,Major Arterial,Scarborough,43.769845,-79.28249,,No Control,Clear,Daylight,Dry,Non-Fatal Injury,Sideswipe,Driver,40 to 44,None,,South,"Automobile, Station Wagon",Turning Left,Improper Lane Change,Normal,,,,,,,,,Yes,Yes,,,,,,,,,,126,Dorset Park,126,Dorset Park (126),D41,638232.2196,4847743.0375
299,3532674,900307,4/11/2006 8:00:00 AM,1853,RICHMOND ST E,ONTARIO ST,,Major Arterial,Toronto and East York,43.653945,-79.36669,At Intersection,Stop Sign,Clear,Daylight,Dry,Non-Fatal Injury,Angle,Driver,55 to 59,Minor,,North,"Automobile, Station Wagon",Going Ahead,Disobeyed Traffic Control,Normal,,,,,,,,,Yes,,,,,,Yes,Yes,,,,73,Moss Park,73,Moss Park (73),D51,631709.032,4834733.5682
300,3532675,900307,4/11/2006 8:00:00 AM,1853,RICHMOND ST E,ONTARIO ST,,Major Arterial,Toronto and East York,43.653945,-79.36669,At Intersection,Stop Sign,Clear,Daylight,Dry,Non-Fatal Injury,Angle,Driver,25 to 29,Major,,West,"Automobile, Station Wagon",Going Ahead,Exceeding Speed Limit,Normal,,,,,,,,,Yes,,,,,,Yes,Yes,,,,73,Moss Park,73,Moss Park (73),D51,631709.032,4834733.5682
301,3400041,897313,4/12/2006 8:00:00 AM,1813,HIGHWAY 27 N  N,HARNESS RD,,Major Arterial,Etobicoke York,43.722345,-79.59789,At Intersection,No Control,Rain,Dark,Wet,Non-Fatal Injury,Pedestrian Collisions,Vehicle Owner,unknown,None,,,Other,,,,,,,,,,Yes,,Yes,,,,,,,,,,,1,West Humber-Clairville,1,West Humber-Clairville (1),D23,612936.63,4841989.3032
302,3400042,897313,4/12/2006 8:00:00 AM,1813,HIGHWAY 27 N  N,HARNESS RD,,Major Arterial,Etobicoke York,43.722345,-79.59789,At Intersection,No Control,Rain,Dark,Wet,Non-Fatal Injury,Pedestrian Collisions,Driver,25 to 29,None,,North,"Automobile, Station Wagon",Going Ahead,Driving Properly,Unknown,,,,,,,Yes,,Yes,,,,,,,,,,,1,West Humber-Clairville,1,West Humber-Clairville (1),D23,612936.63,4841989.3032
303,3400043,897313,4/12/2006 8:00:00 AM,1813,HIGHWAY 27 N  N,HARNESS RD,,Major Arterial,Etobicoke York,43.722345,-79.59789,At Intersection,No Control,Rain,Dark,Wet,Non-Fatal Injury,Pedestrian Collisions,Pedestrian,40 to 44,Major,,West,Other,,,,Pedestrian hit at mid-block,"Crossing, no Traffic Control",Normal,,,,Yes,,Yes,,,,,,,,,,,1,West Humber-Clairville,1,West Humber-Clairville (1),D23,612936.63,4841989.3032
304,3400975,897664,4/15/2006 8:00:00 AM,2000,YONGE ST,BREADALBANE ST,,Major Arterial,Toronto and East York,43.663745,-79.38409,,No Control,Clear,Dark,Dry,Fatal,Pedestrian Collisions,Vehicle Owner,unknown,,,,Other,,,,,,,,,,Yes,,Yes,,,,,,,,,,,169,Bay-Cloverhill,75,Church-Yonge Corridor (75),D52,630284.6952,4835794.5167
305,3400976,897664,4/15/2006 8:00:00 AM,2000,YONGE ST,BREADALBANE ST,,Major Arterial,Toronto and East York,43.663745,-79.38409,,No Control,Clear,Dark,Dry,Fatal,Pedestrian Collisions,Driver,55 to 59,None,,North,Taxi,Going Ahead,Driving Properly,Normal,,,,,,,Yes,,Yes,,,,,,,,,,,169,Bay-Cloverhill,75,Church-Yonge Corridor (75),D52,630284.6952,4835794.5167
306,3400977,897664,4/15/2006 8:00:00 AM,2000,YONGE ST,BREADALBANE ST,,Major Arterial,Toronto and East York,43.663745,-79.38409,,No Control,Clear,Dark,Dry,Fatal,Pedestrian Collisions,Pedestrian,40 to 44,Fatal,,West,Other,,,,Pedestrian hit at mid-block,Running onto Roadway,Unknown,,,,Yes,,Yes,,,,,,,,,,,169,Bay-Cloverhill,75,Church-Yonge Corridor (75),D52,630284.6952,4835794.5167
307,3412017,901809,4/18/2006 8:00:00 AM,10,FINCH AVE W,DRIFTWOOD AVE,,Major Arterial,Etobicoke York,43.758545,-79.51119,,No Control,Clear,Dark,Dry,Non-Fatal Injury,Approaching,Driver,45 to 49,Major,,East,"Automobile, Station Wagon",Going Ahead,Lost control,Normal,,,,,,,,,Yes,,,,,Yes,,,,,,25,Glenfield-Jane Heights,25,Glenfield-Jane Heights (25),D31,619847.9135,4846131.631
308,3412018,901809,4/18/2006 8:00:00 AM,10,FINCH AVE W,DRIFTWOOD AVE,,Major Arterial,Etobicoke York,43.758545,-79.51119,,No Control,Clear,Dark,Dry,Non-Fatal Injury,Approaching,Passenger,15 to 19,Minor,,,Other,Other,,,,,,,,,,,Yes,,,,,Yes,,,,,,25,Glenfield-Jane Heights,25,Glenfield-Jane Heights (25),D31,619847.9135,4846131.631
309,3412019,901809,4/18/2006 8:00:00 AM,10,FINCH AVE W,DRIFTWOOD AVE,,Major Arterial,Etobicoke York,43.758545,-79.51119,,No Control,Clear,Dark,Dry,Non-Fatal Injury,Approaching,Driver,20 to 24,Minimal,,West,"Automobile, Station Wagon",Going Ahead,Driving Properly,Normal,,,,,,,,,Yes,,,,,Yes,,,,,,25,Glenfield-Jane Heights,25,Glenfield-Jane Heights (25),D31,619847.9135,4846131.631