OBJECTID,INDEX,ACCNUM,DATE,TIME,STREET1,STREET2,OFFSET,ROAD_CLASS,DISTRICT,LATITUDE,LONGITUDE,ACCLOC,TRAFFCTL,VISIBILITY,LIGHT,RDSFCOND,ACCLASS,IMPACTYPE,INVTYPE,INVAGE,INJURY,FATAL_NO,INITDIR,VEHTYPE,MANOEUVER,DRIVACT,DRIVCOND,PEDTYPE,PEDACT,PEDCOND,CYCLISTYPE,CYCACT,CYCCOND,PEDESTRIAN,CYCLIST,AUTOMOBILE,MOTORCYCLE,TRUCK,TRSN_CITY_VEH,EMERG_VEH,PASSENGER,SPEEDING,AG_DRIV,REDLIGHT,ALCOHOL,DISABILITY,HOOD_158,NEIGHBOURHOOD_158,HOOD_140,NEIGHBOURHOOD_140,DIVISION,x,y
374,3416374,903432,5/1/2006 8:00:00 AM,1610,96 NYMARK AVE,,,Collector,North York,43.781745,-79.35849,,No Control,Clear,Daylight,Dry,Non-Fatal Injury,SMV Other,Passenger,5 to 9,Minor,,,Other,,,,,,,,,,,,Yes,,,,,Yes,Yes,Yes,,,,47,Don Valley Village,47,Don Valley Village (47),D33,632089.1623,4848940.6451
375,3416375,903432,5/1/2006 8:00:00 AM,1610,96 NYMARK AVE,,,Collector,North York,43.781745,-79.35849,,No Control,Clear,Daylight,Dry,Non-Fatal Injury,SMV Other,Passenger,5 to 9,Minor,,,Other,,,,,,,,,,,,Yes,,,,,Yes,Yes,Yes,,,,47,Don Valley Village,47,Don Valley Village (47),D33,632089.1623,4848940.6451
376,3416376,903432,5/1/2006 8:00:00 AM,1610,96 NYMARK AVE,,,Collector,North York,43.781745,-79.35849,,No Control,Clear,Daylight,Dry,Non-Fatal Injury,SMV Other,Other Property Owner,unknown,None,,,Other,,,,,,,,,,,,Yes,,,,,Yes,Yes,Yes,,,,47,Don Valley Village,47,Don Valley Village (47),D33,632089.1623,4848940.6451
377,3417452,903839,5/1/2006 8:00:00 AM,1900,BLACK CREEK DR,TRETHEWEY DR,,Major Arterial,Etobicoke York,43.695245,-79.48649,,No Control,Clear,Daylight,Dry,Non-Fatal Injury,SMV Other,Driver,40 to 44,Major,,South,"Automobile, Station Wagon",Going Ahead,Lost control,Normal,,,,,,,,,Yes,,,,,,,,,,,112,Beechborough-Greenbrook,112,Beechborough-Greenbrook (112),D12,621964.6558,4839137.3032
378,3417678,903913,5/2/2006 8:00:00 AM,1335,OLD FINCH AVE,SEWELLS RD,,Collector,Scarborough,43.824245,-79.19339,,No Control,Clear,Daylight,Dry,Non-Fatal Injury,Approaching,Driver,20 to 24,None,,East,"Automobile, Station Wagon",Going Ahead,Disobeyed Traffic Control,Normal,,,,,,,,,Yes,Yes,,,,,Yes,Yes,,,,144,Morningside Heights,131,Rouge (131),D42,645271.5406,4853937.651
379,3417679,903913,5/2/2006 8:00:00 AM,1335,OLD FINCH AVE,SEWELLS RD,,Collector,Scarborough,43.824245,-79.19339,,No Control,Clear,Daylight,Dry,Non-Fatal Injury,Approaching,Motorcycle Driver,20 to 24,Major,,West,Motorcycle,Going Ahead,Exceeding Speed Limit,Normal,,,,,,,,,Yes,Yes,,,,,Yes,Yes,,,,144,Morningside Heights,131,Rouge (131),D42,645271.5406,4853937.651
380,3414715,902826,5/3/2006 8:00:00 AM,900,BATHURST ST,BLOOR ST W,,Major Arterial,Toronto and East York,43.665445,-79.41139,,No Control,Clear,Daylight,Dry,Non-Fatal Injury,Cyclist Collisions,Driver,unknown,None,,North,"Automobile, Station Wagon",Parked,Other,Unknown,,,,,,,,Yes,Yes,,,,,,,,,,,95,Annex,95,Annex (95),D14,628079.9621,4835940.815
381,3414716,902826,5/3/2006 8:00:00 AM,900,BATHURST ST,BLOOR ST W,,Major Arterial,Toronto and East York,43.665445,-79.41139,,No Control,Clear,Daylight,Dry,Non-Fatal Injury,Cyclist Collisions,Cyclist,30 to 34,Major,,North,Bicycle,Going Ahead,,,,,,Cyclist struck opened vehicle door,Driving Properly,Normal,,Yes,Yes,,,,,,,,,,,95,Annex,95,Annex (95),D14,628079.9621,4835940.815
382,3409197,900756,5/3/2006 8:00:00 AM,1032,DUNDAS ST W,SHAW ST,,Major Arterial,Toronto and East York,43.649845,-79.41829,At Intersection,Traffic Signal,Clear,Daylight,Dry,Fatal,Pedestrian Collisions,Vehicle Owner,unknown,,,,Other,,,,,,,,,,Yes,,Yes,,,,,,,Yes,,,,81,Trinity-Bellwoods,81,Trinity-Bellwoods (81),D14,627556.6791,4834197.6005
383,3409198,900756,5/3/2006 8:00:00 AM,1032,DUNDAS ST W,SHAW ST,,Major Arterial,Toronto and East York,43.649845,-79.41829,At Intersection,Traffic Signal,Clear,Daylight,Dry,Fatal,Pedestrian Collisions,Driver,65 to 69,None,,South,"Automobile, Station Wagon",Turning Left,Failed to Yield Right of Way,Inattentive,,,,,,,Yes,,Yes,,,,,,,Yes,,,,81,Trinity-Bellwoods,81,Trinity-Bellwoods (81),D14,627556.6791,4834197.6005
384,3409199,900756,5/3/2006 8:00:00 AM,1032,DUNDAS ST W,SHAW ST,,Major Arterial,Toronto and East York,43.649845,-79.41829,At Intersection,Traffic Signal,Clear,Daylight,Dry,Fatal,Pedestrian Collisions,Pedestrian,70 to 74,Fatal,,North,Other,,,,Vehicle turns left while ped crosses with ROW at inter.,Crossing with right of way,Normal,,,,Yes,,Yes,,,,,,,Yes,,,,81,Trinity-Bellwoods,81,Trinity-Bellwoods (81),D14,627556.6791,4834197.6005
385,3420433,904912,5/3/2006 8:00:00 AM,1400,YONGE ST,FINCH AVE E,,Major Arterial,North York,43.779745,-79.41559,At Intersection,Traffic Signal,Clear,Daylight,Dry,Non-Fatal Injury,SMV Other,Driver,30 to 34,None,,South,"Automobile, Station Wagon",Turning Left,Driving Properly,Normal,,,,,,,,,Yes,,,,,Yes,,Yes,Yes,,,37,Willowdale West,37,Willowdale West (37),D32,627498.6438,4848628.9921
386,3420434,904912,5/3/2006 8:00:00 AM,1400,YONGE ST,FINCH AVE E,,Major Arterial,North York,43.779745,-79.41559,At Intersection,Traffic Signal,Clear,Daylight,Dry,Non-Fatal Injury,SMV Other,Passenger,20 to 24,Major,,,Other,,,,,,,,,,,,Yes,,,,,Yes,,Yes,Yes,,,37,Willowdale West,37,Willowdale West (37),D32,627498.6438,4848628.9921
387,3420435,904912,5/3/2006 8:00:00 AM,1400,YONGE ST,FINCH AVE E,,Major Arterial,North York,43.779745,-79.41559,At Intersection,Traffic Signal,Clear,Daylight,Dry,Non-Fatal Injury,SMV Other,Driver,15 to 19,None,,North,"Automobile, Station Wagon",Going Ahead,Disobeyed Traffic Control,Inattentive,,,,,,,,,Yes,,,,,Yes,,Yes,Yes,,,37,Willowdale West,37,Willowdale West (37),D32,627498.6438,4848628.9921
388,3418231,904107,5/3/2006 8:00:00 AM,1520,MARKHAM RD,SHEPPARD AVE E,,Major Arterial,Scarborough,43.793845,-79.23879,,Traffic Signal,Clear,Daylight,Dry,Non-Fatal Injury,SMV Other,Driver,40 to 44,Major,,North,"Automobile, Station Wagon",Going Ahead,Other,Medical or Physical Disability,,,,,,,,,Yes,,,,,,,,,,Yes,128,Agincourt South-Malvern West,128,Agincourt South-Malvern West (128),D42,641692.7038,4850482.5023
389,3418232,904107,5/3/2006 8:00:00 AM,1520,MARKHAM RD,SHEPPARD AVE E,,Major Arterial,Scarborough,43.793845,-79.23879,,Traffic Signal,Clear,Daylight,Dry,Non-Fatal Injury,SMV Other,Other Property Owner,unknown,None,,,Other,,,,,,,,,,,,Yes,,,,,,,,,,Yes,128,Agincourt South-Malvern West,128,Agincourt South-Malvern West (128),D42,641692.7038,4850482.5023
390,3551161,904105,5/3/2006 8:00:00 AM,1842,GREENWOOD AVE,WALPOLE AVE,,Minor Arterial,Toronto and East York,43.675245,-79.32979,,No Control,Clear,Daylight,Dry,Non-Fatal Injury,Approaching,Passenger,35 to 39,Major,,,Other,,,,,,,,,,,,Yes,,,,,Yes,,,,,,65,Greenwood-Coxwell,65,Greenwood-Coxwell (65),D55,634637.031,4837158.4537
391,3551162,904105,5/3/2006 8:00:00 AM,1842,GREENWOOD AVE,WALPOLE AVE,,Minor Arterial,Toronto and East York,43.675245,-79.32979,,No Control,Clear,Daylight,Dry,Non-Fatal Injury,Approaching,Passenger,35 to 39,Minor,,,Other,,,,,,,,,,,,Yes,,,,,Yes,,,,,,65,Greenwood-Coxwell,65,Greenwood-Coxwell (65),D55,634637.031,4837158.4537
392,3551163,904105,5/3/2006 8:00:00 AM,1842,GREENWOOD AVE,WALPOLE AVE,,Minor Arterial,Toronto and East York,43.675245,-79.32979,,No Control,Clear,Daylight,Dry,Non-Fatal Injury,Approaching,Driver,40 to 44,Minor,,South,"Automobile, Station Wagon",Going Ahead,Driving Properly,Normal,,,,,,,,,Yes,,,,,Yes,,,,,,65,Greenwood-Coxwell,65,Greenwood-Coxwell (65),D55,634637.031,4837158.4537
393,3551164,904105,5/3/2006 8:00:00 AM,1842,GREENWOOD AVE,WALPOLE AVE,,Minor Arterial,Toronto and East York,43.675245,-79.32979,,No Control,Clear,Daylight,Dry,Non-Fatal Injury,Approaching,Driver,30 to 34,Minimal,,North,"Automobile, Station Wagon",Going Ahead,Improper Lane Change,Normal,,,,,,,,,Yes,,,,,Yes,,,,,,65,Greenwood-Coxwell,65,Greenwood-Coxwell (65),D55,634637.031,4837158.4537
394,3418954,904367,5/5/2006 8:00:00 AM,36,KEELE ST,YORK BLVD,,Major Arterial,Etobicoke York,43.775245,-79.49399,At Intersection,Traffic Signal,Clear,Dark,Dry,Non-Fatal Injury,Rear End,Passenger,15 to 19,Major,,,Other,,,,,,,,,,,,Yes,,,,,Yes,,Yes,,,,27,York University Heights,27,York University Heights (27),D31,621198.778,4848011.4483
395,3418955,904367,5/5/2006 8:00:00 AM,36,KEELE ST,YORK BLVD,,Major Arterial,Etobicoke York,43.775245,-79.49399,At Intersection,Traffic Signal,Clear,Dark,Dry,Non-Fatal Injury,Rear End,Driver,15 to 19,Minimal,,South,"Automobile, Station Wagon",Going Ahead,Following too Close,Fatigue,,,,,,,,,Yes,,,,,Yes,,Yes,,,,27,York University Heights,27,York University Heights (27),D31,621198.778,4848011.4483
396,3418956,904367,5/5/2006 8:00:00 AM,36,KEELE ST,YORK BLVD,,Major Arterial,Etobicoke York,43.775245,-79.49399,At Intersection,Traffic Signal,Clear,Dark,Dry,Non-Fatal Injury,Rear End,Passenger,15 to 19,Minimal,,,Other,,,,,,,,,,,,Yes,,,,,Yes,,Yes,,,,27,York University Heights,27,York University Heights (27),D31,621198.778,4848011.4483
397,3418957,904367,5/5/2006 8:00:00 AM,36,KEELE ST,YORK BLVD,,Major Arterial,Etobicoke York,43.775245,-79.49399,At Intersection,Traffic Signal,Clear,Dark,Dry,Non-Fatal Injury,Rear End,Driver,50 to 54,Minimal,,South,"Automobile, Station Wagon",Stopped,Driving Properly,Normal,,,,,,,,,Yes,,,,,Yes,,Yes,,,,27,York University Heights,27,York University Heights (27),D31,621198.778,4848011.4483
398,3418652,904251,5/5/2006 8:00:00 AM,1150,QUEEN ST W,YORK ST,,Major Arterial,Toronto and East York,43.651245,-79.38499,At Intersection,Traffic Signal,Clear,Daylight,Dry,Non-Fatal Injury,Pedestrian Collisions,Driver,30 to 34,None,,West,"Automobile, Station Wagon",Going Ahead,Driving Properly,Normal,,,,,,,Yes,,Yes,,,,,,,,,,,170,Yonge-Bay Corridor,76,Bay Street Corridor (76),D52,630239.1527,4834404.8133
399,3418653,904251,5/5/2006 8:00:00 AM,1150,QUEEN ST W,YORK ST,,Major Arterial,Toronto and East York,43.651245,-79.38499,At Intersection,Traffic Signal,Clear,Daylight,Dry,Non-Fatal Injury,Pedestrian Collisions,In-Line Skater,30 to 34,Major,,West,Other,,,,Vehicle is going straight thru inter.while ped cross without ROW,Crossing without right of way,Unknown,,,,Yes,,Yes,,,,,,,,,,,170,Yonge-Bay Corridor,76,Bay Street Corridor (76),D52,630239.1527,4834404.8133
400,3410194,901141,5/6/2006 8:00:00 AM,1830,YONGE ST,WILSON AVE,,Major Arterial,North York,43.744145,-79.40669,At Intersection,Traffic Signal,Clear,Daylight,Dry,Non-Fatal Injury,Turning Movement,Passenger,65 to 69,Minor,,,Other,,,,,,,,,,,,Yes,,,,,Yes,,,,,Yes,40,St.Andrew-Windfields,40,St.Andrew-Windfields (40),D32,628290.9096,4844688.8209
401,3410195,901141,5/6/2006 8:00:00 AM,1830,YONGE ST,WILSON AVE,,Major Arterial,North York,43.744145,-79.40669,At Intersection,Traffic Signal,Clear,Daylight,Dry,Non-Fatal Injury,Turning Movement,Driver,40 to 44,Minor,,East,"Automobile, Station Wagon",Stopped,Driving Properly,Normal,,,,,,,,,Yes,,,,,Yes,,,,,Yes,40,St.Andrew-Windfields,40,St.Andrew-Windfields (40),D32,628290.9096,4844688.8209
402,3410196,901141,5/6/2006 8:00:00 AM,1830,YONGE ST,WILSON AVE,,Major Arterial,North York,43.744145,-79.40669,At Intersection,Traffic Signal,Clear,Daylight,Dry,Non-Fatal Injury,Turning Movement,Driver,25 to 29,Minor,,South,"Automobile, Station Wagon",Going Ahead,Driving Properly,Normal,,,,,,,,,Yes,,,,,Yes,,,,,Yes,40,St.Andrew-Windfields,40,St.Andrew-Windfields (40),D32,628290.9096,4844688.8209
403,3410197,901141,5/6/2006 8:00:00 AM,1830,YONGE ST,WILSON AVE,,Major Arterial,North York,43.744145,-79.40669,At Intersection,Traffic Signal,Clear,Daylight,Dry,Non-Fatal Injury,Turning Movement,Driver,90 to 94,Major,,North,"Automobile, Station Wagon",Turning Left,Improper Turn,Medical or Physical Disability,,,,,,,,,Yes,,,,,Yes,,,,,Yes,40,St.Andrew-Windfields,40,St.Andrew-Windfields (40),D32,628290.9096,4844688.8209
404,3419628,904614,5/6/2006 8:00:00 AM,2314,SHEPPARD AVE E,BROWNSPRING RD,,Major Arterial,Scarborough,43.789445,-79.25969,,No Control,Clear,Dark,Dry,Non-Fatal Injury,Pedestrian Collisions,Driver,50 to 54,None,,West,"Automobile, Station Wagon",Going Ahead,Driving Properly,Normal,,,,,,,Yes,,Yes,,,,,,,,,,,128,Agincourt South-Malvern West,128,Agincourt South-Malvern West (128),D42,640021.5153,4849958.2429
405,3419629,904614,5/6/2006 8:00:00 AM,2314,SHEPPARD AVE E,BROWNSPRING RD,,Major Arterial,Scarborough,43.789445,-79.25969,,No Control,Clear,Dark,Dry,Non-Fatal Injury,Pedestrian Collisions,Pedestrian,55 to 59,Major,,North,Other,,,,Pedestrian hit at mid-block,"Crossing, no Traffic Control",Normal,,,,Yes,,Yes,,,,,,,,,,,128,Agincourt South-Malvern West,128,Agincourt South-Malvern West (128),D42,640021.5153,4849958.2429
406,3419173,904441,5/7/2006 8:00:00 AM,1452,EDENBRIDGE DR,THE KINGSWAY,,Local,Etobicoke York,43.667545,-79.52759,,No Control,Clear,Daylight,Dry,Non-Fatal Injury,SMV Other,Passenger,55 to 59,Minor,,,Other,,,,,,,,,,,,Yes,,,,,Yes,,,,,,9,Edenbridge-Humber Valley,9,Edenbridge-Humber Valley (9),D22,618707.2423,4836001.2168
407,3419174,904441,5/7/2006 8:00:00 AM,1452,EDENBRIDGE DR,THE KINGSWAY,,Local,Etobicoke York,43.667545,-79.52759,,No Control,Clear,Daylight,Dry,Non-Fatal Injury,SMV Other,Driver,65 to 69,Major,,West,"Automobile, Station Wagon",Going Ahead,Lost control,Fatigue,,,,,,,,,Yes,,,,,Yes,,,,,,9,Edenbridge-Humber Valley,9,Edenbridge-Humber Valley (9),D22,618707.2423,4836001.2168
408,3551179,905909,5/8/2006 8:00:00 AM,1911,MANNING AVE,BLOOR ST W,,Local,Toronto and East York,43.665345,-79.41649,,No Control,Clear,Daylight,Dry,Non-Fatal Injury,Pedestrian Collisions,Driver,unknown,None,,East,"Automobile, Station Wagon",Unknown,Speed too Fast For Condition,Unknown,,,,,,,Yes,,Yes,,,,,,Yes,Yes,,,,95,Annex,95,Annex (95),D14,627668.988,4835921.8477
409,3551180,905909,5/8/2006 8:00:00 AM,1911,MANNING AVE,BLOOR ST W,,Local,Toronto and East York,43.665345,-79.41649,,No Control,Clear,Daylight,Dry,Non-Fatal Injury,Pedestrian Collisions,Pedestrian,30 to 34,Major,,North,Other,,,,Pedestrian hit on sidewalk or shoulder,On Sidewalk or Shoulder,Normal,,,,Yes,,Yes,,,,,,Yes,Yes,,,,95,Annex,95,Annex (95),D14,627668.988,4835921.8477
410,3410813,901382,5/8/2006 8:00:00 AM,1950,EGLINTON AVE E,FORMAN AVE,,Major Arterial,North York,43.709145,-79.38619,,Traffic Signal,Clear,Dark,Dry,Non-Fatal Injury,Rear End,Vehicle Owner,unknown,None,,,Other,,,,,,,,,,,,Yes,,,,,,,,,,,99,Mount Pleasant East,99,Mount Pleasant East (99),D53,630017.2557,4840833.5153
411,3410814,901382,5/8/2006 8:00:00 AM,1950,EGLINTON AVE E,FORMAN AVE,,Major Arterial,North York,43.709145,-79.38619,,Traffic Signal,Clear,Dark,Dry,Non-Fatal Injury,Rear End,Driver,55 to 59,Major,,West,"Automobile, Station Wagon",Going Ahead,Lost control,Normal,,,,,,,,,Yes,,,,,,,,,,,99,Mount Pleasant East,99,Mount Pleasant East (99),D53,630017.2557,4840833.5153
412,3410815,901382,5/8/2006 8:00:00 AM,1950,EGLINTON AVE E,FORMAN AVE,,Major Arterial,North York,43.709145,-79.38619,,Traffic Signal,Clear,Dark,Dry,Non-Fatal Injury,Rear End,Driver,55 to 59,None,,West,"Automobile, Station Wagon",Slowing or Stopping,Driving Properly,Normal,,,,,,,,,Yes,,,,,,,,,,,99,Mount Pleasant East,99,Mount Pleasant East (99),D53,630017.2557,4840833.5153
413,3424040,906284,5/9/2006 8:00:00 AM,710,THE QUEENSWAY,MORGAN AVE,,Major Arterial,Etobicoke York,43.626545,-79.50149,At Intersection,Stop Sign,Clear,Daylight,Dry,Non-Fatal Injury,Turning Movement,Driver,65 to 69,Major,,North,"Automobile, Station Wagon",Turning Left,Improper Turn,Normal,,,,,,,,,Yes,,,,,Yes,,,,,,16,Stonegate-Queensway,16,Stonegate-Queensway (16),D22,620893.6882,4831485.321
414,3424041,906284,5/9/2006 8:00:00 AM,710,THE QUEENSWAY,MORGAN AVE,,Major Arterial,Etobicoke York,43.626545,-79.50149,At Intersection,Stop Sign,Clear,Daylight,Dry,Non-Fatal Injury,Turning Movement,Passenger,30 to 34,Minor,,,Other,,,,,,,,,,,,Yes,,,,,Yes,,,,,,16,Stonegate-Queensway,16,Stonegate-Queensway (16),D22,620893.6882,4831485.321
415,3424042,906284,5/9/2006 8:00:00 AM,710,THE QUEENSWAY,MORGAN AVE,,Major Arterial,Etobicoke York,43.626545,-79.50149,At Intersection,Stop Sign,Clear,Daylight,Dry,Non-Fatal Injury,Turning Movement,Vehicle Owner,unknown,None,,,Other,,,,,,,,,,,,Yes,,,,,Yes,,,,,,16,Stonegate-Queensway,16,Stonegate-Queensway (16),D22,620893.6882,4831485.321
416,3424043,906284,5/9/2006 8:00:00 AM,710,THE QUEENSWAY,MORGAN AVE,,Major Arterial,Etobicoke York,43.626545,-79.50149,At Intersection,Stop Sign,Clear,Daylight,Dry,Non-Fatal Injury,Turning Movement,Driver,35 to 39,None,,East,"Automobile, Station Wagon",Going Ahead,Driving Properly,Normal,,,,,,,,,Yes,,,,,Yes,,,,,,16,Stonegate-Queensway,16,Stonegate-Queensway (16),D22,620893.6882,4831485.321
417,3419574,904596,5/9/2006 8:00:00 AM,1632,BLOOR ST W,SOUTH KINGSWAY,,Major Arterial,Toronto and East York,43.648345,-79.48569,,Traffic Signal,Clear,Daylight,Dry,Non-Fatal Injury,Rear End,Motorcycle Driver,25 to 29,Major,,East,Motorcycle,Stopped,Driving Properly,Normal,,,,,,,,,Yes,Yes,,,,,,Yes,,,,87,High Park-Swansea,87,High Park-Swansea (87),D11,622124.2096,4833929.6144
418,3419575,904596,5/9/2006 8:00:00 AM,1632,BLOOR ST W,SOUTH KINGSWAY,,Major Arterial,Toronto and East York,43.648345,-79.48569,,Traffic Signal,Clear,Daylight,Dry,Non-Fatal Injury,Rear End,Driver,15 to 19,None,,East,"Automobile, Station Wagon",Slowing or Stopping,Following too Close,Normal,,,,,,,,,Yes,Yes,,,,,,Yes,,,,87,High Park-Swansea,87,High Park-Swansea (87),D11,622124.2096,4833929.6144
419,3421078,905154,5/11/2006 8:00:00 AM,610,MEADOWVALE RD,PLUG HAT RD,,Collector,Scarborough,43.835745,-79.18299,,No Control,Rain,Daylight,Wet,Non-Fatal Injury,Approaching,Vehicle Owner,unknown,None,,,Other,,,,,,,,,,,,Yes,,,,,,,Yes,,,,144,Morningside Heights,131,Rouge (131),D42,646079.7659,4855233.2375
420,3421079,905154,5/11/2006 8:00:00 AM,610,MEADOWVALE RD,PLUG HAT RD,,Collector,Scarborough,43.835745,-79.18299,,No Control,Rain,Daylight,Wet,Non-Fatal Injury,Approaching,Driver,45 to 49,Major,,North,"Automobile, Station Wagon",Going Ahead,Driving Properly,Normal,,,,,,,,,Yes,,,,,,,Yes,,,,144,Morningside Heights,131,Rouge (131),D42,646079.7659,4855233.2375
421,3421080,905154,5/11/2006 8:00:00 AM,610,MEADOWVALE RD,PLUG HAT RD,,Collector,Scarborough,43.835745,-79.18299,,No Control,Rain,Daylight,Wet,Non-Fatal Injury,Approaching,Driver,50 to 54,Major,,South,"Automobile, Station Wagon",Overtaking,Improper Passing,Normal,,,,,,,,,Yes,,,,,,,Yes,,,,144,Morningside Heights,131,Rouge (131),D42,646079.7659,4855233.2375
422,3438821,911757,5/11/2006 8:00:00 AM,700,YONGE ST,DELISLE AVE,,Major Arterial,Toronto and East York,43.689145,-79.39459,At Intersection,Stop Sign,Rain,Daylight,Wet,Non-Fatal Injury,Turning Movement,Motorcycle Driver,25 to 29,Major,,South,Motorcycle,Going Ahead,Driving Properly,Normal,,,,,,,,,Yes,Yes,,,,,,Yes,,,,97,Yonge-St.Clair,97,Yonge-St.Clair (97),D53,629383.5104,4838599.0954
423,3438822,911757,5/11/2006 8:00:00 AM,700,YONGE ST,DELISLE AVE,,Major Arterial,Toronto and East York,43.689145,-79.39459,At Intersection,Stop Sign,Rain,Daylight,Wet,Non-Fatal Injury,Turning Movement,Driver,25 to 29,None,,East,"Automobile, Station Wagon",Turning Left,Failed to Yield Right of Way,Normal,,,,,,,,,Yes,Yes,,,,,,Yes,,,,97,Yonge-St.Clair,97,Yonge-St.Clair (97),D53,629383.5104,4838599.0954
424,3532702,902180,5/11/2006 8:00:00 AM,1536,VAUGHAN RD,LOUISE AVE,,Minor Arterial,Toronto and East York,43.684945,-79.42159,,No Control,Rain,Daylight,Wet,Non-Fatal Injury,Pedestrian Collisions,Pedestrian,80 to 84,Major,,East,Other,,,,Pedestrian hit at mid-block,Running onto Roadway,Normal,,,,Yes,,Yes,,,,,,,,,,,106,Humewood-Cedarvale,106,Humewood-Cedarvale (106),D13,627216.3783,4838090.8558
425,3532703,902180,5/11/2006 8:00:00 AM,1536,VAUGHAN RD,LOUISE AVE,,Minor Arterial,Toronto and East York,43.684945,-79.42159,,No Control,Rain,Daylight,Wet,Non-Fatal Injury,Pedestrian Collisions,Driver,80 to 84,None,,South,"Automobile, Station Wagon",Going Ahead,Driving Properly,Normal,,,,,,,Yes,,Yes,,,,,,,,,,,106,Humewood-Cedarvale,106,Humewood-Cedarvale (106),D13,627216.3783,4838090.8558
426,3551169,905024,5/11/2006 8:00:00 AM,1700,WILSON AVE,ELROSE AVE,,Major Arterial,Etobicoke York,43.717445,-79.52399,,No Control,Rain,Daylight,Wet,Non-Fatal Injury,Pedestrian Collisions,Driver,15 to 19,None,,East,"Automobile, Station Wagon",Going Ahead,Driving Properly,Normal,,,,,,,Yes,,Yes,,,,,,,,,,,154,Oakdale-Beverley Heights,26,Downsview-Roding-CFB (26),D31,618898.8345,4841548.4439
427,3551170,905024,5/11/2006 8:00:00 AM,1700,WILSON AVE,ELROSE AVE,,Major Arterial,Etobicoke York,43.717445,-79.52399,,No Control,Rain,Daylight,Wet,Non-Fatal Injury,Pedestrian Collisions,Pedestrian,55 to 59,Major,,North,Other,,,,Pedestrian hit at mid-block,"Crossing, no Traffic Control",Normal,,,,Yes,,Yes,,,,,,,,,,,154,Oakdale-Beverley Heights,26,Downsview-Roding-CFB (26),D31,618898.8345,4841548.4439
428,3421359,905249,5/13/2006 8:00:00 AM,1225,BAY ST,CUMBERLAND ST,,Major Arterial,Toronto and East York,43.670545,-79.38979,At Intersection,Stop Sign,Clear,Daylight,Dry,Non-Fatal Injury,Pedestrian Collisions,Driver,45 to 49,None,,East,"Automobile, Station Wagon",Turning Left,Other,Normal,,,,,,,Yes,,Yes,,,,,,,,,,,95,Annex,95,Annex (95),D53,629810.4623,4836540.8123
429,3421360,905249,5/13/2006 8:00:00 AM,1225,BAY ST,CUMBERLAND ST,,Major Arterial,Toronto and East York,43.670545,-79.38979,At Intersection,Stop Sign,Clear,Daylight,Dry,Non-Fatal Injury,Pedestrian Collisions,Pedestrian,55 to 59,Major,,East,Other,,,,Vehicle turns left while ped crosses with ROW at inter.,"Crossing, no Traffic Control",Normal,,,,Yes,,Yes,,,,,,,,,,,95,Annex,95,Annex (95),D53,629810.4623,4836540.8123
430,3551159,903786,5/13/2006 8:00:00 AM,2047,ELM ST,MURRAY ST,,Collector,Toronto and East York,43.656145,-79.39049,At Intersection,Stop Sign,Clear,Dark,Dry,Non-Fatal Injury,Pedestrian Collisions,Driver,unknown,None,,West,"Automobile, Station Wagon",Unknown,Other,Unknown,,,,,,,Yes,,Yes,,,,,,,,,,,78,Kensington-Chinatown,78,Kensington-Chinatown (78),D52,629785.0561,4834940.4053
431,3551160,903786,5/13/2006 8:00:00 AM,2047,ELM ST,MURRAY ST,,Collector,Toronto and East York,43.656145,-79.39049,At Intersection,Stop Sign,Clear,Dark,Dry,Non-Fatal Injury,Pedestrian Collisions,Pedestrian,35 to 39,Major,,,Other,,,,Other / Undefined,Other,Had Been Drinking,,,,Yes,,Yes,,,,,,,,,,,78,Kensington-Chinatown,78,Kensington-Chinatown (78),D52,629785.0561,4834940.4053
432,3433057,909657,5/14/2006 8:00:00 AM,510,FINCH AVE W,SENTINEL RD,,Major Arterial,Etobicoke York,43.761045,-79.49999,,Traffic Signal,Clear,"Dawn, artificial",Dry,Non-Fatal Injury,Pedestrian Collisions,Vehicle Owner,unknown,,,,Other,,,,,,,,,,Yes,,Yes,,,,,,Yes,Yes,,,,27,York University Heights,27,York University Heights (27),D31,620744.4819,4846425.5607
433,3433058,909657,5/14/2006 8:00:00 AM,510,FINCH AVE W,SENTINEL RD,,Major Arterial,Etobicoke York,43.761045,-79.49999,,Traffic Signal,Clear,"Dawn, artificial",Dry,Non-Fatal Injury,Pedestrian Collisions,Driver,20 to 24,None,,West,"Automobile, Station Wagon",Changing Lanes,Exceeding Speed Limit,Normal,,,,,,,Yes,,Yes,,,,,,Yes,Yes,,,,27,York University Heights,27,York University Heights (27),D31,620744.4819,4846425.5607
434,3433059,909657,5/14/2006 8:00:00 AM,510,FINCH AVE W,SENTINEL RD,,Major Arterial,Etobicoke York,43.761045,-79.49999,,Traffic Signal,Clear,"Dawn, artificial",Dry,Non-Fatal Injury,Pedestrian Collisions,Driver,30 to 34,None,,North,"Automobile, Station Wagon",Turning Left,Failed to Yield Right of Way,Normal,,,,,,,Yes,,Yes,,,,,,Yes,Yes,,,,27,York University Heights,27,York University Heights (27),D31,620744.4819,4846425.5607
435,3433060,909657,5/14/2006 8:00:00 AM,510,FINCH AVE W,SENTINEL RD,,Major Arterial,Etobicoke York,43.761045,-79.49999,,Traffic Signal,Clear,"Dawn, artificial",Dry,Non-Fatal Injury,Pedestrian Collisions,Pedestrian,25 to 29,Major,,,Other,,,,Pedestrian hit on sidewalk or shoulder,On Sidewalk or Shoulder,Normal,,,,Yes,,Yes,,,,,,Yes,Yes,,,,27,York University Heights,27,York University Heights (27),D31,620744.4819,4846425.5607