OBJECTID,INDEX,ACCNUM,DATE,TIME,STREET1,STREET2,OFFSET,ROAD_CLASS,DISTRICT,LATITUDE,LONGITUDE,ACCLOC,TRAFFCTL,VISIBILITY,LIGHT,RDSFCOND,ACCLASS,IMPACTYPE,INVTYPE,INVAGE,INJURY,FATAL_NO,INITDIR,VEHTYPE,MANOEUVER,DRIVACT,DRIVCOND,PEDTYPE,PEDACT,PEDCOND,CYCLISTYPE,CYCACT,CYCCOND,PEDESTRIAN,CYCLIST,AUTOMOBILE,MOTORCYCLE,TRUCK,TRSN_CITY_VEH,EMERG_VEH,PASSENGER,SPEEDING,AG_DRIV,REDLIGHT,ALCOHOL,DISABILITY,HOOD_158,NEIGHBOURHOOD_158,HOOD_140,NEIGHBOURHOOD_140,DIVISION,x,y
497,3424373,906410,6/3/2006 8:00:00 AM,1815,ST CLAIR AVE W,WINONA DR,,Major Arterial,Toronto and East York,43.680245,-79.43249,At Intersection,Traffic Signal,Rain,Daylight,Wet,Non-Fatal Injury,Pedestrian Collisions,Pedestrian,75 to 79,Major,,South,Other,,,,Vehicle turns left while ped crosses with ROW at inter.,Crossing with right of way,Normal,,,,Yes,,Yes,,,,,,,Yes,,,,94,Wychwood,94,Wychwood (94),D13,626347.7197,4837552.1945
498,3424659,906526,6/4/2006 8:00:00 AM,1655,BRIMLEY RD,CHARTLAND BLVD S,,Major Arterial,Scarborough,43.804745,-79.27669,At Intersection,No Control,Clear,Daylight,Dry,Non-Fatal Injury,SMV Other,Driver,45 to 49,Major,,South,"Automobile, Station Wagon",Slowing or Stopping,Lost control,Medical or Physical Disability,,,,,,,,,Yes,,,,,,,,,,Yes,129,Agincourt North,129,Agincourt North (129),D42,638618.3326,4851628.9344
499,3603132,906553,6/5/2006 8:00:00 AM,110,WILLIAM R ALLEN RD N,RIDELLE AVE,,,North York,43.705545,-79.43839,,No Control,Clear,Dark,Dry,Non-Fatal Injury,SMV Other,Vehicle Owner,unknown,None,,,Other,,,,,,,,,,,,Yes,,,,,Yes,,,,Yes,,102,Forest Hill North,102,Forest Hill North (102),D13,625819.2337,4840353.136
500,3603133,906553,6/5/2006 8:00:00 AM,110,WILLIAM R ALLEN RD N,RIDELLE AVE,,,North York,43.705545,-79.43839,,No Control,Clear,Dark,Dry,Non-Fatal Injury,SMV Other,Passenger,20 to 24,Minor,,,Other,,,,,,,,,,,,Yes,,,,,Yes,,,,Yes,,102,Forest Hill North,102,Forest Hill North (102),D13,625819.2337,4840353.136
501,3603134,906553,6/5/2006 8:00:00 AM,110,WILLIAM R ALLEN RD N,RIDELLE AVE,,,North York,43.705545,-79.43839,,No Control,Clear,Dark,Dry,Non-Fatal Injury,SMV Other,Passenger,20 to 24,Major,,,Other,,,,,,,,,,,,Yes,,,,,Yes,,,,Yes,,102,Forest Hill North,102,Forest Hill North (102),D13,625819.2337,4840353.136
502,3603135,906553,6/5/2006 8:00:00 AM,110,WILLIAM R ALLEN RD N,RIDELLE AVE,,,North York,43.705545,-79.43839,,No Control,Clear,Dark,Dry,Non-Fatal Injury,SMV Other,Passenger,20 to 24,Minor,,,Other,,,,,,,,,,,,Yes,,,,,Yes,,,,Yes,,102,Forest Hill North,102,Forest Hill North (102),D13,625819.2337,4840353.136
503,3603136,906553,6/5/2006 8:00:00 AM,110,WILLIAM R ALLEN RD N,RIDELLE AVE,,,North York,43.705545,-79.43839,,No Control,Clear,Dark,Dry,Non-Fatal Injury,SMV Other,Passenger,20 to 24,Minor,,,Other,,,,,,,,,,,,Yes,,,,,Yes,,,,Yes,,102,Forest Hill North,102,Forest Hill North (102),D13,625819.2337,4840353.136
504,3603137,906553,6/5/2006 8:00:00 AM,110,WILLIAM R ALLEN RD N,RIDELLE AVE,,,North York,43.705545,-79.43839,,No Control,Clear,Dark,Dry,Non-Fatal Injury,SMV Other,Passenger,20 to 24,Minor,,,Other,,,,,,,,,,,,Yes,,,,,Yes,,,,Yes,,102,Forest Hill North,102,Forest Hill North (102),D13,625819.2337,4840353.136
505,3603138,906553,6/5/2006 8:00:00 AM,110,WILLIAM R ALLEN RD N,RIDELLE AVE,,,North York,43.705545,-79.43839,,No Control,Clear,Dark,Dry,Non-Fatal Injury,SMV Other,Driver,20 to 24,Minor,,North,"Automobile, Station Wagon",Going Ahead,Lost control,"Ability Impaired, Alcohol",,,,,,,,,Yes,,,,,Yes,,,,Yes,,102,Forest Hill North,102,Forest Hill North (102),D13,625819.2337,4840353.136
506,3603139,906553,6/5/2006 8:00:00 AM,110,WILLIAM R ALLEN RD N,RIDELLE AVE,,,North York,43.705545,-79.43839,,No Control,Clear,Dark,Dry,Non-Fatal Injury,SMV Other,Other Property Owner,unknown,None,,,Other,,,,,,,,,,,,Yes,,,,,Yes,,,,Yes,,102,Forest Hill North,102,Forest Hill North (102),D13,625819.2337,4840353.136
507,3425307,906767,6/5/2006 8:00:00 AM,1906,BLOOR ST W,HAVELOCK ST,,Major Arterial,Toronto and East York,43.660445,-79.43239,At Intersection,Traffic Signal,Clear,Daylight,Dry,Fatal,Pedestrian Collisions,Driver,45 to 49,None,,North,"Automobile, Station Wagon",Turning Left,Failed to Yield Right of Way,Normal,,,,,,,Yes,,Yes,,,,,,,Yes,,,,83,Dufferin Grove,83,Dufferin Grove (83),D14,626397.3357,4835353.2926
508,3425308,906767,6/5/2006 8:00:00 AM,1906,BLOOR ST W,HAVELOCK ST,,Major Arterial,Toronto and East York,43.660445,-79.43239,At Intersection,Traffic Signal,Clear,Daylight,Dry,Fatal,Pedestrian Collisions,Pedestrian,75 to 79,Fatal,,South,Other,,,,Vehicle turns left while ped crosses with ROW at inter.,Crossing with right of way,Had Been Drinking,,,,Yes,,Yes,,,,,,,Yes,,,,83,Dufferin Grove,83,Dufferin Grove (83),D14,626397.3357,4835353.2926
509,3425971,907009,6/6/2006 8:00:00 AM,1515,SPADINA AVE,CECIL ST,,Major Arterial,Toronto and East York,43.656345,-79.39939,,No Control,Clear,Daylight,Dry,Non-Fatal Injury,Pedestrian Collisions,Vehicle Owner,unknown,,,,Other,,,,,,,,,,Yes,,,,,Yes,,,,,,,,78,Kensington-Chinatown,78,Kensington-Chinatown (78),D52,629066.9565,4834948.7356
510,3425972,907009,6/6/2006 8:00:00 AM,1515,SPADINA AVE,CECIL ST,,Major Arterial,Toronto and East York,43.656345,-79.39939,,No Control,Clear,Daylight,Dry,Non-Fatal Injury,Pedestrian Collisions,Driver,35 to 39,None,,South,Municipal Transit Bus (TTC),Going Ahead,Driving Properly,Normal,,,,,,,Yes,,,,,Yes,,,,,,,,78,Kensington-Chinatown,78,Kensington-Chinatown (78),D52,629066.9565,4834948.7356
511,3425973,907009,6/6/2006 8:00:00 AM,1515,SPADINA AVE,CECIL ST,,Major Arterial,Toronto and East York,43.656345,-79.39939,,No Control,Clear,Daylight,Dry,Non-Fatal Injury,Pedestrian Collisions,Pedestrian,50 to 54,Major,,East,Other,,,,Pedestrian involved in a collision with transit vehicle anywhere along roadway,"Crossing, no Traffic Control",Unknown,,,,Yes,,,,,Yes,,,,,,,,78,Kensington-Chinatown,78,Kensington-Chinatown (78),D52,629066.9565,4834948.7356
512,3438904,911791,6/6/2006 8:00:00 AM,1530,YONGE ST,DAVENPORT RD,,Major Arterial,Toronto and East York,43.673345,-79.38809,At Intersection,No Control,Clear,Daylight,Dry,Non-Fatal Injury,Cyclist Collisions,Driver,unknown,None,,North,"Automobile, Station Wagon",Turning Right,Driving Properly,Unknown,,,,,,,,Yes,Yes,,,,,,,,,,,95,Annex,95,Annex (95),D53,629941.4699,4836854.4518
513,3438905,911791,6/6/2006 8:00:00 AM,1530,YONGE ST,DAVENPORT RD,,Major Arterial,Toronto and East York,43.673345,-79.38809,At Intersection,No Control,Clear,Daylight,Dry,Non-Fatal Injury,Cyclist Collisions,Cyclist,40 to 44,Major,,North,Bicycle,Going Ahead,,,,,,"Motorist turns right at non-signal Inter.(stop, yield, no cont.,and dwy) and strikes cyclist.",Driving Properly,Unknown,,Yes,Yes,,,,,,,,,,,95,Annex,95,Annex (95),D53,629941.4699,4836854.4518
514,3532849,909380,6/7/2006 8:00:00 AM,831,2275 MARKHAM RD,FINCH Aven E,,Major Arterial,Scarborough,43.811245,-79.24289,,No Control,Clear,Daylight,Dry,Non-Fatal Injury,Approaching,Passenger,40 to 44,Minor,,,Other,,,,,,,,,,,,Yes,,Yes,,,Yes,,,,,Yes,129,Agincourt North,129,Agincourt North (129),D42,641321.8116,4852408.0428
515,3532850,909380,6/7/2006 8:00:00 AM,831,2275 MARKHAM RD,FINCH Aven E,,Major Arterial,Scarborough,43.811245,-79.24289,,No Control,Clear,Daylight,Dry,Non-Fatal Injury,Approaching,Vehicle Owner,unknown,None,,,Other,,,,,,,,,,,,Yes,,Yes,,,Yes,,,,,Yes,129,Agincourt North,129,Agincourt North (129),D42,641321.8116,4852408.0428
516,3532851,909380,6/7/2006 8:00:00 AM,831,2275 MARKHAM RD,FINCH Aven E,,Major Arterial,Scarborough,43.811245,-79.24289,,No Control,Clear,Daylight,Dry,Non-Fatal Injury,Approaching,Driver,55 to 59,Major,,North,"Automobile, Station Wagon",Going Ahead,Driving Properly,Normal,,,,,,,,,Yes,,Yes,,,Yes,,,,,Yes,129,Agincourt North,129,Agincourt North (129),D42,641321.8116,4852408.0428
517,3532852,909380,6/7/2006 8:00:00 AM,831,2275 MARKHAM RD,FINCH Aven E,,Major Arterial,Scarborough,43.811245,-79.24289,,No Control,Clear,Daylight,Dry,Non-Fatal Injury,Approaching,Truck Driver,40 to 44,Minor,,South,Truck - Open,Going Ahead,Lost control,Medical or Physical Disability,,,,,,,,,Yes,,Yes,,,Yes,,,,,Yes,129,Agincourt North,129,Agincourt North (129),D42,641321.8116,4852408.0428
518,3426596,907251,6/7/2006 8:00:00 AM,2141,ISLINGTON AVE,STEELES AVE W,,Major Arterial,Etobicoke York,43.764345,-79.57489,At Intersection,Traffic Signal,Clear,Dark,Dry,Non-Fatal Injury,Sideswipe,Driver,45 to 49,Minimal,,North,"Automobile, Station Wagon",Changing Lanes,Improper Lane Change,Normal,,,,,,,,,Yes,,,,,,Yes,Yes,,,,NSA,NSA,NSA,NSA,NSA,614708.9987,4846685.6032
519,3426597,907251,6/7/2006 8:00:00 AM,2141,ISLINGTON AVE,STEELES AVE W,,Major Arterial,Etobicoke York,43.764345,-79.57489,At Intersection,Traffic Signal,Clear,Dark,Dry,Non-Fatal Injury,Sideswipe,Driver,45 to 49,None,,West,"Automobile, Station Wagon",Going Ahead,Driving Properly,Normal,,,,,,,,,Yes,,,,,,Yes,Yes,,,,NSA,NSA,NSA,NSA,NSA,614708.9987,4846685.6032
520,3426598,907251,6/7/2006 8:00:00 AM,2141,ISLINGTON AVE,STEELES AVE W,,Major Arterial,Etobicoke York,43.764345,-79.57489,At Intersection,Traffic Signal,Clear,Dark,Dry,Non-Fatal Injury,Sideswipe,Driver,40 to 44,Major,,North,"Automobile, Station Wagon",Going Ahead,Exceeding Speed Limit,Had Been Drinking,,,,,,,,,Yes,,,,,,Yes,Yes,,,,NSA,NSA,NSA,NSA,NSA,614708.9987,4846685.6032
521,3603158,907409,6/8/2006 8:00:00 AM,1543,LAKE SHORE BLVD W,PARK LAWN RD,,Major Arterial,Etobicoke York,43.622945,-79.48119,At Intersection,Traffic Signal,Clear,Daylight,Dry,Non-Fatal Injury,Turning Movement,Passenger,0 to 4,None,,,Other,,,,,,,,,,,,Yes,,,,,Yes,,,,,,161,Humber Bay Shores,17,Mimico (includes Humber Bay Shores) (17),D22,622538.7384,4831115.2564
522,3603159,907409,6/8/2006 8:00:00 AM,1543,LAKE SHORE BLVD W,PARK LAWN RD,,Major Arterial,Etobicoke York,43.622945,-79.48119,At Intersection,Traffic Signal,Clear,Daylight,Dry,Non-Fatal Injury,Turning Movement,Passenger,0 to 4,Major,,,Other,,,,,,,,,,,,Yes,,,,,Yes,,,,,,161,Humber Bay Shores,17,Mimico (includes Humber Bay Shores) (17),D22,622538.7384,4831115.2564
523,3603160,907409,6/8/2006 8:00:00 AM,1543,LAKE SHORE BLVD W,PARK LAWN RD,,Major Arterial,Etobicoke York,43.622945,-79.48119,At Intersection,Traffic Signal,Clear,Daylight,Dry,Non-Fatal Injury,Turning Movement,Driver,60 to 64,Minimal,,West,"Automobile, Station Wagon",Going Ahead,Driving Properly,Normal,,,,,,,,,Yes,,,,,Yes,,,,,,161,Humber Bay Shores,17,Mimico (includes Humber Bay Shores) (17),D22,622538.7384,4831115.2564
524,3603161,907409,6/8/2006 8:00:00 AM,1543,LAKE SHORE BLVD W,PARK LAWN RD,,Major Arterial,Etobicoke York,43.622945,-79.48119,At Intersection,Traffic Signal,Clear,Daylight,Dry,Non-Fatal Injury,Turning Movement,Driver,40 to 44,None,,East,"Automobile, Station Wagon",Turning Left,Improper Turn,Normal,,,,,,,,,Yes,,,,,Yes,,,,,,161,Humber Bay Shores,17,Mimico (includes Humber Bay Shores) (17),D22,622538.7384,4831115.2564
525,3434759,910258,6/8/2006 8:00:00 AM,2340,KING ST E,ST LAWRENCE ST,,Major Arterial,Toronto and East York,43.656145,-79.35749,,No Control,Rain,Dark,Wet,Non-Fatal Injury,SMV Other,Motorcycle Driver,50 to 54,Major,,East,Motorcycle,Changing Lanes,Driving Properly,Normal,,,,,,,,,,Yes,,,,,,,,,,73,Moss Park,73,Moss Park (73),D51,632446.0854,4834992.5515
526,3434807,910277,6/9/2006 8:00:00 AM,1704,CREEKWOOD DR,SILVERSAND PL,,Local,Scarborough,43.786545,-79.21999,,No Control,Clear,Dark,Dry,Non-Fatal Injury,Pedestrian Collisions,Vehicle Owner,unknown,,,,Other,,,,,,,,,,Yes,,Yes,,,,,,,Yes,,,,135,Morningside,135,Morningside (135),D43,643222.6542,4849704.0785
527,3434808,910277,6/9/2006 8:00:00 AM,1704,CREEKWOOD DR,SILVERSAND PL,,Local,Scarborough,43.786545,-79.21999,,No Control,Clear,Dark,Dry,Non-Fatal Injury,Pedestrian Collisions,Driver,25 to 29,Major,,West,"Automobile, Station Wagon",Reversing,Failed to Yield Right of Way,Normal,,,,,,,Yes,,Yes,,,,,,,Yes,,,,135,Morningside,135,Morningside (135),D43,643222.6542,4849704.0785
528,3434809,910277,6/9/2006 8:00:00 AM,1704,CREEKWOOD DR,SILVERSAND PL,,Local,Scarborough,43.786545,-79.21999,,No Control,Clear,Dark,Dry,Non-Fatal Injury,Pedestrian Collisions,Pedestrian,70 to 74,Minor,,Unknown,Other,,,,Vehicle is reversing and hits pedestrian,"Crossing, no Traffic Control",Normal,,,,Yes,,Yes,,,,,,,Yes,,,,135,Morningside,135,Morningside (135),D43,643222.6542,4849704.0785
529,3427626,907646,6/10/2006 8:00:00 AM,934,MIDLAND AVE,ROMULUS DR,,Major Arterial,Scarborough,43.747045,-79.26339,,No Control,Clear,Daylight,Dry,Fatal,SMV Other,Passenger,85 to 89,Fatal,,,Other,,,,,,,,,,,,Yes,,,,,Yes,,Yes,,,,157,Bendale South,127,Bendale (127),D41,639822.583,4845242.8118
530,3427627,907646,6/10/2006 8:00:00 AM,934,MIDLAND AVE,ROMULUS DR,,Major Arterial,Scarborough,43.747045,-79.26339,,No Control,Clear,Daylight,Dry,Fatal,SMV Other,Driver,75 to 79,Minor,,South,"Automobile, Station Wagon",Going Ahead,Lost control,Normal,,,,,,,,,Yes,,,,,Yes,,Yes,,,,157,Bendale South,127,Bendale (127),D41,639822.583,4845242.8118
531,3478314,926382,6/10/2006 8:00:00 AM,1646,OSSINGTON AVE,DUPONT ST,,Major Arterial,Toronto and East York,43.670043,-79.428989,At Intersection,Traffic Signal,Clear,Daylight,Dry,Non-Fatal Injury,Cyclist Collisions,Vehicle Owner,unknown,,,,,,,,,,,,,,,Yes,,,,Yes,,,,,,,,172,Dovercourt Village,93,Dovercourt-Wallace Emerson-Junction (93),D14,626651.3773,4836424.4645
532,3478315,926382,6/10/2006 8:00:00 AM,1646,OSSINGTON AVE,DUPONT ST,,Major Arterial,Toronto and East York,43.670043,-79.428989,At Intersection,Traffic Signal,Clear,Daylight,Dry,Non-Fatal Injury,Cyclist Collisions,Driver,60 to 64,None,,South,Municipal Transit Bus (TTC),Going Ahead,Driving Properly,Normal,,,,,,,,Yes,,,,Yes,,,,,,,,172,Dovercourt Village,93,Dovercourt-Wallace Emerson-Junction (93),D14,626651.3773,4836424.4645
533,3478316,926382,6/10/2006 8:00:00 AM,1646,OSSINGTON AVE,DUPONT ST,,Major Arterial,Toronto and East York,43.670043,-79.428989,At Intersection,Traffic Signal,Clear,Daylight,Dry,Non-Fatal Injury,Cyclist Collisions,Cyclist,35 to 39,Major,,East,Bicycle,Going Ahead,,,,,,"Cyclist without ROW rides into path of motorist at inter, lnwy, dwy-Cyclist not turn.",Disobeyed Traffic Control,Normal,,Yes,,,,Yes,,,,,,,,172,Dovercourt Village,93,Dovercourt-Wallace Emerson-Junction (93),D14,626651.3773,4836424.4645
534,3435596,910569,6/11/2006 8:00:00 AM,1916,THURODALE AVE,RENFIELD ST,,Local,Etobicoke York,43.702245,-79.49909,,No Control,Clear,Daylight,Dry,Non-Fatal Injury,SMV Other,Vehicle Owner,unknown,None,,,Other,,,,,,,,,,,,,Yes,,,,,,,,,,30,Brookhaven-Amesbury,30,Brookhaven-Amesbury (30),D12,620935.2159,4839896.2929
535,3435597,910569,6/11/2006 8:00:00 AM,1916,THURODALE AVE,RENFIELD ST,,Local,Etobicoke York,43.702245,-79.49909,,No Control,Clear,Daylight,Dry,Non-Fatal Injury,SMV Other,Motorcycle Driver,25 to 29,Major,,East,Motorcycle,Going Ahead,Lost control,Unknown,,,,,,,,,,Yes,,,,,,,,,,30,Brookhaven-Amesbury,30,Brookhaven-Amesbury (30),D12,620935.2159,4839896.2929
536,3447391,914977,6/13/2006 8:00:00 AM,858,LAKE SHORE BLVD W,JAMESON AVE,,Major Arterial,Toronto and East York,43.633345,-79.43459,At Intersection,Traffic Signal,Clear,Daylight,Dry,Non-Fatal Injury,Angle,Driver,40 to 44,Major,,West,"Automobile, Station Wagon",Going Ahead,Failed to Yield Right of Way,Normal,,,,,,,,,Yes,,,,,Yes,,Yes,,,,85,South Parkdale,85,South Parkdale (85),D14,626276.7187,4832340.1385
537,3447392,914977,6/13/2006 8:00:00 AM,858,LAKE SHORE BLVD W,JAMESON AVE,,Major Arterial,Toronto and East York,43.633345,-79.43459,At Intersection,Traffic Signal,Clear,Daylight,Dry,Non-Fatal Injury,Angle,Passenger,40 to 44,None,,,Other,,,,,,,,,,,,Yes,,,,,Yes,,Yes,,,,85,South Parkdale,85,South Parkdale (85),D14,626276.7187,4832340.1385
538,3447393,914977,6/13/2006 8:00:00 AM,858,LAKE SHORE BLVD W,JAMESON AVE,,Major Arterial,Toronto and East York,43.633345,-79.43459,At Intersection,Traffic Signal,Clear,Daylight,Dry,Non-Fatal Injury,Angle,Passenger,35 to 39,None,,,Other,,,,,,,,,,,,Yes,,,,,Yes,,Yes,,,,85,South Parkdale,85,South Parkdale (85),D14,626276.7187,4832340.1385
539,3447394,914977,6/13/2006 8:00:00 AM,858,LAKE SHORE BLVD W,JAMESON AVE,,Major Arterial,Toronto and East York,43.633345,-79.43459,At Intersection,Traffic Signal,Clear,Daylight,Dry,Non-Fatal Injury,Angle,Passenger,unknown,None,,,Other,,,,,,,,,,,,Yes,,,,,Yes,,Yes,,,,85,South Parkdale,85,South Parkdale (85),D14,626276.7187,4832340.1385
540,3447395,914977,6/13/2006 8:00:00 AM,858,LAKE SHORE BLVD W,JAMESON AVE,,Major Arterial,Toronto and East York,43.633345,-79.43459,At Intersection,Traffic Signal,Clear,Daylight,Dry,Non-Fatal Injury,Angle,Vehicle Owner,unknown,None,,,Other,,,,,,,,,,,,Yes,,,,,Yes,,Yes,,,,85,South Parkdale,85,South Parkdale (85),D14,626276.7187,4832340.1385
541,3447396,914977,6/13/2006 8:00:00 AM,858,LAKE SHORE BLVD W,JAMESON AVE,,Major Arterial,Toronto and East York,43.633345,-79.43459,At Intersection,Traffic Signal,Clear,Daylight,Dry,Non-Fatal Injury,Angle,Driver,40 to 44,None,,South,Other,Going Ahead,Driving Properly,Normal,,,,,,,,,Yes,,,,,Yes,,Yes,,,,85,South Parkdale,85,South Parkdale (85),D14,626276.7187,4832340.1385
542,3436608,910951,6/13/2006 8:00:00 AM,2124,SILVERSTONE DR,ALBION RD,,Major Arterial,Etobicoke York,43.742945,-79.60009,At Intersection,Traffic Signal,Clear,Dark,Dry,Non-Fatal Injury,Pedestrian Collisions,Driver,30 to 34,None,,North,"Automobile, Station Wagon",Turning Left,Failed to Yield Right of Way,Normal,,,,,,,Yes,,Yes,,,,,,Yes,Yes,,,,1,West Humber-Clairville,1,West Humber-Clairville (1),D23,612720.7725,4844274.2278
543,3436609,910951,6/13/2006 8:00:00 AM,2124,SILVERSTONE DR,ALBION RD,,Major Arterial,Etobicoke York,43.742945,-79.60009,At Intersection,Traffic Signal,Clear,Dark,Dry,Non-Fatal Injury,Pedestrian Collisions,Pedestrian,55 to 59,Major,,East,Other,,,,Vehicle turns left while ped crosses with ROW at inter.,Crossing with right of way,Normal,,,,Yes,,Yes,,,,,,Yes,Yes,,,,1,West Humber-Clairville,1,West Humber-Clairville (1),D23,612720.7725,4844274.2278
544,3429666,908396,6/14/2006 8:00:00 AM,556,LAKE SHORE BLVD W,YONGE ST,,Major Arterial,Toronto and East York,43.644045,-79.37579,At Intersection,Traffic Signal,Clear,Daylight,Dry,Non-Fatal Injury,Angle,Driver,55 to 59,Major,,West,"Automobile, Station Wagon",Going Ahead,Disobeyed Traffic Control,Unknown,,,,,,,,,Yes,,,,,,,Yes,Yes,,,166,St Lawrence-East Bayfront-The Islands,77,Waterfront Communities-The Island (77),D52,630996.7261,4833619.6395
545,3429667,908396,6/14/2006 8:00:00 AM,556,LAKE SHORE BLVD W,YONGE ST,,Major Arterial,Toronto and East York,43.644045,-79.37579,At Intersection,Traffic Signal,Clear,Daylight,Dry,Non-Fatal Injury,Angle,Vehicle Owner,unknown,None,,,"Automobile, Station Wagon",,,,,,,,,,,,Yes,,,,,,,Yes,Yes,,,166,St Lawrence-East Bayfront-The Islands,77,Waterfront Communities-The Island (77),D52,630996.7261,4833619.6395
546,3429668,908396,6/14/2006 8:00:00 AM,556,LAKE SHORE BLVD W,YONGE ST,,Major Arterial,Toronto and East York,43.644045,-79.37579,At Intersection,Traffic Signal,Clear,Daylight,Dry,Non-Fatal Injury,Angle,Driver,35 to 39,Minimal,,North,"Automobile, Station Wagon",Going Ahead,Driving Properly,Normal,,,,,,,,,Yes,,,,,,,Yes,Yes,,,166,St Lawrence-East Bayfront-The Islands,77,Waterfront Communities-The Island (77),D52,630996.7261,4833619.6395
547,3436764,911012,6/14/2006 8:00:00 AM,1440,KIPLING AVE,BETHRIDGE RD,,Major Arterial,Etobicoke York,43.709145,-79.56549,At Intersection,Traffic Signal,Clear,Daylight,Dry,Non-Fatal Injury,Pedestrian Collisions,Driver,25 to 29,None,,South,"Automobile, Station Wagon",Going Ahead,Driving Properly,Unknown,,,,,,,Yes,,Yes,,,,,,,,,,,1,West Humber-Clairville,1,West Humber-Clairville (1),D23,615571.7626,4840567.9204
548,3436765,911012,6/14/2006 8:00:00 AM,1440,KIPLING AVE,BETHRIDGE RD,,Major Arterial,Etobicoke York,43.709145,-79.56549,At Intersection,Traffic Signal,Clear,Daylight,Dry,Non-Fatal Injury,Pedestrian Collisions,Pedestrian,40 to 44,Major,,West,Other,Going Ahead,,,Vehicle is going straight thru inter.while ped cross without ROW,Crossing without right of way,Inattentive,,,,Yes,,Yes,,,,,,,,,,,1,West Humber-Clairville,1,West Humber-Clairville (1),D23,615571.7626,4840567.9204
549,3430416,908674,6/15/2006 8:00:00 AM,941,EGLINTON AVE E,REDPATH AVE,,Major Arterial,Toronto and East York,43.707845,-79.39279,At Intersection,Traffic Signal,Clear,Daylight,Dry,Non-Fatal Injury,Pedestrian Collisions,Driver,65 to 69,None,,South,"Automobile, Station Wagon",Turning Left,Failed to Yield Right of Way,Normal,,,,,,,Yes,,Yes,,,,,,,Yes,,,,174,South Eglinton-Davisville,104,Mount Pleasant West (104),D53,629488.3181,4840678.8013
550,3430417,908674,6/15/2006 8:00:00 AM,941,EGLINTON AVE E,REDPATH AVE,,Major Arterial,Toronto and East York,43.707845,-79.39279,At Intersection,Traffic Signal,Clear,Daylight,Dry,Non-Fatal Injury,Pedestrian Collisions,Pedestrian,80 to 84,Major,,North,Other,,,,Vehicle turns left while ped crosses with ROW at inter.,Crossing with right of way,Normal,,,,Yes,,Yes,,,,,,,Yes,,,,174,South Eglinton-Davisville,104,Mount Pleasant West (104),D53,629488.3181,4840678.8013
551,3447455,915000,6/17/2006 8:00:00 AM,133,BATHURST ST,RICHMOND ST W,,Major Arterial,Toronto and East York,43.646445,-79.40379,At Intersection,Traffic Signal,Clear,Dark,Dry,Non-Fatal Injury,Turning Movement,Driver,20 to 24,None,,North,"Automobile, Station Wagon",Going Ahead,Disobeyed Traffic Control,Normal,,,,,,,,,Yes,,,,,Yes,,Yes,Yes,,,162,West Queen West,82,Niagara (82),D14,628733.3036,4833842.3764
552,3447456,915000,6/17/2006 8:00:00 AM,133,BATHURST ST,RICHMOND ST W,,Major Arterial,Toronto and East York,43.646445,-79.40379,At Intersection,Traffic Signal,Clear,Dark,Dry,Non-Fatal Injury,Turning Movement,Passenger,20 to 24,Major,,,Other,,,,,,,,,,,,Yes,,,,,Yes,,Yes,Yes,,,162,West Queen West,82,Niagara (82),D14,628733.3036,4833842.3764
553,3447457,915000,6/17/2006 8:00:00 AM,133,BATHURST ST,RICHMOND ST W,,Major Arterial,Toronto and East York,43.646445,-79.40379,At Intersection,Traffic Signal,Clear,Dark,Dry,Non-Fatal Injury,Turning Movement,Driver,25 to 29,None,,West,"Automobile, Station Wagon",Turning Left,Driving Properly,Unknown,,,,,,,,,Yes,,,,,Yes,,Yes,Yes,,,162,West Queen West,82,Niagara (82),D14,628733.3036,4833842.3764
554,3437738,911355,6/17/2006 8:00:00 AM,1325,SHUTER ST,BERKELEY ST,,Minor Arterial,Toronto and East York,43.656645,-79.36629,At Intersection,No Control,Clear,Daylight,Dry,Non-Fatal Injury,Cyclist Collisions,Driver,50 to 54,None,,East,"Automobile, Station Wagon",Going Ahead,Driving Properly,Normal,,,,,,,,Yes,Yes,,,,,,,,,,,73,Moss Park,73,Moss Park (73),D51,631735.384,4835034.074
555,3437739,911355,6/17/2006 8:00:00 AM,1325,SHUTER ST,BERKELEY ST,,Minor Arterial,Toronto and East York,43.656645,-79.36629,At Intersection,No Control,Clear,Daylight,Dry,Non-Fatal Injury,Cyclist Collisions,Cyclist,25 to 29,Major,,North,Bicycle,Turning Right,,,,,,Cyclist turns right across motorists path,Failed to Yield Right of Way,Normal,,Yes,Yes,,,,,,,,,,,73,Moss Park,73,Moss Park (73),D51,631735.384,4835034.074
556,3439400,911964,6/17/2006 8:00:00 AM,1755,FINCH AVE E,YONGE ST,,Major Arterial,North York,43.780045,-79.41399,,No Control,Clear,Daylight,Dry,Non-Fatal Injury,Pedestrian Collisions,Vehicle Owner,unknown,,,,Other,,,,,,,,,,Yes,,Yes,,,,,,,,,,,151,Yonge-Doris,51,Willowdale East (51),D32,627626.7599,4848664.777
557,3439401,911964,6/17/2006 8:00:00 AM,1755,FINCH AVE E,YONGE ST,,Major Arterial,North York,43.780045,-79.41399,,No Control,Clear,Daylight,Dry,Non-Fatal Injury,Pedestrian Collisions,Driver,35 to 39,None,,East,"Automobile, Station Wagon",Going Ahead,Driving Properly,Normal,,,,,,,Yes,,Yes,,,,,,,,,,,151,Yonge-Doris,51,Willowdale East (51),D32,627626.7599,4848664.777
558,3439402,911964,6/17/2006 8:00:00 AM,1755,FINCH AVE E,YONGE ST,,Major Arterial,North York,43.780045,-79.41399,,No Control,Clear,Daylight,Dry,Non-Fatal Injury,Pedestrian Collisions,Pedestrian,45 to 49,Major,,South,Other,,,,Pedestrian hit at mid-block,"Crossing, no Traffic Control",Normal,,,,Yes,,Yes,,,,,,,,,,,151,Yonge-Doris,51,Willowdale East (51),D32,627626.7599,4848664.777