OBJECTID,INDEX,ACCNUM,DATE,TIME,STREET1,STREET2,OFFSET,ROAD_CLASS,DISTRICT,LATITUDE,LONGITUDE,ACCLOC,TRAFFCTL,VISIBILITY,LIGHT,RDSFCOND,ACCLASS,IMPACTYPE,INVTYPE,INVAGE,INJURY,FATAL_NO,INITDIR,VEHTYPE,MANOEUVER,DRIVACT,DRIVCOND,PEDTYPE,PEDACT,PEDCOND,CYCLISTYPE,CYCACT,CYCCOND,PEDESTRIAN,CYCLIST,AUTOMOBILE,MOTORCYCLE,TRUCK,TRSN_CITY_VEH,EMERG_VEH,PASSENGER,SPEEDING,AG_DRIV,REDLIGHT,ALCOHOL,DISABILITY,HOOD_158,NEIGHBOURHOOD_158,HOOD_140,NEIGHBOURHOOD_140,DIVISION,x,y
559,3439045,911839,6/18/2006 8:00:00 AM,215,WOODBINE AVE,DANFORTH AVE,,Major Arterial,Toronto and East York,43.685645,-79.31279,At Intersection,Traffic Signal,Clear,Dark,Dry,Non-Fatal Injury,Cyclist Collisions,Driver,20 to 24,None,,South,"Automobile, Station Wagon",Turning Left,Failed to Yield Right of Way,"Ability Impaired, Alcohol",,,,,,,,Yes,Yes,,,,,,,Yes,,Yes,,64,Woodbine Corridor,64,Woodbine Corridor (64),D55,635983.9332,4838341.2529
560,3439046,911839,6/18/2006 8:00:00 AM,215,WOODBINE AVE,DANFORTH AVE,,Major Arterial,Toronto and East York,43.685645,-79.31279,At Intersection,Traffic Signal,Clear,Dark,Dry,Non-Fatal Injury,Cyclist Collisions,Cyclist,15 to 19,Major,,North,Bicycle,Going Ahead,,,,,,Motorist turned left across cyclists path.,,,,Yes,Yes,,,,,,,Yes,,Yes,,64,Woodbine Corridor,64,Woodbine Corridor (64),D55,635983.9332,4838341.2529
561,3439423,911972,6/18/2006 8:00:00 AM,2105,BLOOR ST W,AVENUE RD,,Major Arterial,Toronto and East York,43.668845,-79.39369,,No Control,Clear,"Dusk, artificial",Dry,Non-Fatal Injury,Cyclist Collisions,Vehicle Owner,unknown,,,,Other,,,,,,,,,,,Yes,Yes,,,,,,,Yes,,,,95,Annex,95,Annex (95),D53,629499.7083,4836345.9089
562,3439424,911972,6/18/2006 8:00:00 AM,2105,BLOOR ST W,AVENUE RD,,Major Arterial,Toronto and East York,43.668845,-79.39369,,No Control,Clear,"Dusk, artificial",Dry,Non-Fatal Injury,Cyclist Collisions,Driver,45 to 49,None,,East,"Automobile, Station Wagon",Overtaking,Improper Passing,Inattentive,,,,,,,,Yes,Yes,,,,,,,Yes,,,,95,Annex,95,Annex (95),D53,629499.7083,4836345.9089
563,3439425,911972,6/18/2006 8:00:00 AM,2105,BLOOR ST W,AVENUE RD,,Major Arterial,Toronto and East York,43.668845,-79.39369,,No Control,Clear,"Dusk, artificial",Dry,Non-Fatal Injury,Cyclist Collisions,Cyclist,65 to 69,Major,,East,Bicycle,Going Ahead,,,,,,Cyclist and Driver travelling in same direction. One vehicle sideswipes the other.,Driving Properly,Normal,,Yes,Yes,,,,,,,Yes,,,,95,Annex,95,Annex (95),D53,629499.7083,4836345.9089
564,3438201,911524,6/18/2006 8:00:00 AM,2210,ST CLAIR AVE E,WESTBOURNE AVE,,Major Arterial,Scarborough,43.709345,-79.29289,At Intersection,Traffic Signal,Clear,Dark,Dry,Non-Fatal Injury,Cyclist Collisions,Vehicle Owner,unknown,,,,Other,,,,,,,,,,,Yes,Yes,,,,,,,Yes,Yes,,,120,Clairlea-Birchmount,120,Clairlea-Birchmount (120),D41,637533.6339,4841006.2985
565,3438202,911524,6/18/2006 8:00:00 AM,2210,ST CLAIR AVE E,WESTBOURNE AVE,,Major Arterial,Scarborough,43.709345,-79.29289,At Intersection,Traffic Signal,Clear,Dark,Dry,Non-Fatal Injury,Cyclist Collisions,Driver,35 to 39,None,,North,"Automobile, Station Wagon",Turning Right,Disobeyed Traffic Control,Normal,,,,,,,,Yes,Yes,,,,,,,Yes,Yes,,,120,Clairlea-Birchmount,120,Clairlea-Birchmount (120),D41,637533.6339,4841006.2985
566,3438203,911524,6/18/2006 8:00:00 AM,2210,ST CLAIR AVE E,WESTBOURNE AVE,,Major Arterial,Scarborough,43.709345,-79.29289,At Intersection,Traffic Signal,Clear,Dark,Dry,Non-Fatal Injury,Cyclist Collisions,Cyclist,15 to 19,Major,,West,Bicycle,Going Ahead,,,,,,Motorist turning right on red at signalized intersection strikes cyclist.,Driving Properly,Normal,,Yes,Yes,,,,,,,Yes,Yes,,,120,Clairlea-Birchmount,120,Clairlea-Birchmount (120),D41,637533.6339,4841006.2985
567,3532843,909071,6/18/2006 8:00:00 AM,2308,REXDALE BLVD,QUEENS PLATE DR,,Major Arterial,Etobicoke York,43.718845,-79.60229,,No Control,Clear,Dark,Dry,Non-Fatal Injury,SMV Other,Vehicle Owner,unknown,,,,Other,,,,,,,,,,,,Yes,,,,,,,,,,,1,West Humber-Clairville,1,West Humber-Clairville (1),D23,612588.7734,4841594.5934
568,3532844,909071,6/18/2006 8:00:00 AM,2308,REXDALE BLVD,QUEENS PLATE DR,,Major Arterial,Etobicoke York,43.718845,-79.60229,,No Control,Clear,Dark,Dry,Non-Fatal Injury,SMV Other,Driver,30 to 34,Major,,West,"Automobile, Station Wagon",Changing Lanes,Lost control,Normal,,,,,,,,,Yes,,,,,,,,,,,1,West Humber-Clairville,1,West Humber-Clairville (1),D23,612588.7734,4841594.5934
569,3532845,909071,6/18/2006 8:00:00 AM,2308,REXDALE BLVD,QUEENS PLATE DR,,Major Arterial,Etobicoke York,43.718845,-79.60229,,No Control,Clear,Dark,Dry,Non-Fatal Injury,SMV Other,Driver,unknown,None,,West,"Automobile, Station Wagon",Changing Lanes,Improper Lane Change,Unknown,,,,,,,,,Yes,,,,,,,,,,,1,West Humber-Clairville,1,West Humber-Clairville (1),D23,612588.7734,4841594.5934
570,3603195,909261,6/19/2006 8:00:00 AM,1208,LAKE SHORE BLVD W,FIFTH ST,,Major Arterial,Etobicoke York,43.601245,-79.50299,At Intersection,Traffic Signal,Clear,Daylight,Dry,Fatal,Pedestrian Collisions,Pedestrian,85 to 89,Fatal,,Unknown,Other,,,,Pedestrian involved in a collision with transit vehicle anywhere along roadway,Crossing without right of way,Normal,,,,Yes,,,,,Yes,,,,,,,,18,New Toronto,18,New Toronto (18),D22,620823.3265,4828673.2657
571,3603196,909261,6/19/2006 8:00:00 AM,1208,LAKE SHORE BLVD W,FIFTH ST,,Major Arterial,Etobicoke York,43.601245,-79.50299,At Intersection,Traffic Signal,Clear,Daylight,Dry,Fatal,Pedestrian Collisions,Vehicle Owner,unknown,,,,Other,,,,,,,,,,Yes,,,,,Yes,,,,,,,,18,New Toronto,18,New Toronto (18),D22,620823.3265,4828673.2657
572,3603197,909261,6/19/2006 8:00:00 AM,1208,LAKE SHORE BLVD W,FIFTH ST,,Major Arterial,Etobicoke York,43.601245,-79.50299,At Intersection,Traffic Signal,Clear,Daylight,Dry,Fatal,Pedestrian Collisions,Driver,40 to 44,None,,West,Municipal Transit Bus (TTC),Going Ahead,Driving Properly,Normal,,,,,,,Yes,,,,,Yes,,,,,,,,18,New Toronto,18,New Toronto (18),D22,620823.3265,4828673.2657
573,3439426,911973,6/19/2006 8:00:00 AM,1700,SHEPPARD AVE W,FAYWOOD BLVD,,Major Arterial,North York,43.752645,-79.45189,,Traffic Signal,Clear,Daylight,Dry,Non-Fatal Injury,Pedestrian Collisions,Driver,50 to 54,None,,North,"Automobile, Station Wagon",Turning Right,Driving Properly,Normal,,,,,,,Yes,,Yes,,,,,,,,,,,33,Clanton Park,33,Clanton Park (33),D32,624633.799,4845563.867
574,3439427,911973,6/19/2006 8:00:00 AM,1700,SHEPPARD AVE W,FAYWOOD BLVD,,Major Arterial,North York,43.752645,-79.45189,,Traffic Signal,Clear,Daylight,Dry,Non-Fatal Injury,Pedestrian Collisions,Pedestrian,50 to 54,Major,,West,Other,,,,Vehicle turns right while ped crosses without ROW at inter.,Crossing without right of way,Normal,,,,Yes,,Yes,,,,,,,,,,,33,Clanton Park,33,Clanton Park (33),D32,624633.799,4845563.867
575,3437992,911449,6/20/2006 8:00:00 AM,2048,EGLINTON Aven W,OLD FOREST HILL Road,,Major Arterial,North York,43.701345,-79.42379,,Traffic Signal,Clear,Dark,Dry,Non-Fatal Injury,Approaching,Driver,30 to 34,Major,,West,"Automobile, Station Wagon",Overtaking,Improper Passing,"Ability Impaired, Alcohol",,,,,,,,,Yes,,,,,,Yes,Yes,,Yes,,101,Forest Hill South,101,Forest Hill South (101),D13,627004.4382,4839908.9293
576,3437993,911449,6/20/2006 8:00:00 AM,2048,EGLINTON Aven W,OLD FOREST HILL Road,,Major Arterial,North York,43.701345,-79.42379,,Traffic Signal,Clear,Dark,Dry,Non-Fatal Injury,Approaching,Driver,35 to 39,None,,East,"Automobile, Station Wagon",Going Ahead,Driving Properly,Normal,,,,,,,,,Yes,,,,,,Yes,Yes,,Yes,,101,Forest Hill South,101,Forest Hill South (101),D13,627004.4382,4839908.9293
577,3437994,911449,6/20/2006 8:00:00 AM,2048,EGLINTON Aven W,OLD FOREST HILL Road,,Major Arterial,North York,43.701345,-79.42379,,Traffic Signal,Clear,Dark,Dry,Non-Fatal Injury,Approaching,Vehicle Owner,unknown,None,,,Other,Unknown,,,,,,,,,,,Yes,,,,,,Yes,Yes,,Yes,,101,Forest Hill South,101,Forest Hill South (101),D13,627004.4382,4839908.9293
578,3437995,911449,6/20/2006 8:00:00 AM,2048,EGLINTON Aven W,OLD FOREST HILL Road,,Major Arterial,North York,43.701345,-79.42379,,Traffic Signal,Clear,Dark,Dry,Non-Fatal Injury,Approaching,Driver,65 to 69,Minor,,East,"Automobile, Station Wagon",Going Ahead,Driving Properly,Normal,,,,,,,,,Yes,,,,,,Yes,Yes,,Yes,,101,Forest Hill South,101,Forest Hill South (101),D13,627004.4382,4839908.9293
579,3603207,909409,6/20/2006 8:00:00 AM,2055,BARTLEY DR,TISDALE AVE,,Collector,North York,43.722245,-79.30709,At Intersection,Stop Sign,Clear,Dark,Dry,Fatal,SMV Unattended Vehicle,Vehicle Owner,unknown,,,,Other,,,,,,,,,,,,Yes,Yes,,,,Yes,Yes,Yes,,,,43,Victoria Village,43,Victoria Village (43),D55,636360.3313,4842415.5678
580,3603208,909409,6/20/2006 8:00:00 AM,2055,BARTLEY DR,TISDALE AVE,,Collector,North York,43.722245,-79.30709,At Intersection,Stop Sign,Clear,Dark,Dry,Fatal,SMV Unattended Vehicle,Motorcycle Driver,30 to 34,Fatal,,West,Motorcycle,Going Ahead,Exceeding Speed Limit,Normal,,,,,,,,,Yes,Yes,,,,Yes,Yes,Yes,,,,43,Victoria Village,43,Victoria Village (43),D55,636360.3313,4842415.5678
581,3603209,909409,6/20/2006 8:00:00 AM,2055,BARTLEY DR,TISDALE AVE,,Collector,North York,43.722245,-79.30709,At Intersection,Stop Sign,Clear,Dark,Dry,Fatal,SMV Unattended Vehicle,Other,unknown,None,,East,Other,Parked,,,,,,,,,,,Yes,Yes,,,,Yes,Yes,Yes,,,,43,Victoria Village,43,Victoria Village (43),D55,636360.3313,4842415.5678
582,3603210,909409,6/20/2006 8:00:00 AM,2055,BARTLEY DR,TISDALE AVE,,Collector,North York,43.722245,-79.30709,At Intersection,Stop Sign,Clear,Dark,Dry,Fatal,SMV Unattended Vehicle,Passenger,20 to 24,None,,,Other,,,,,,,,,,,,Yes,Yes,,,,Yes,Yes,Yes,,,,43,Victoria Village,43,Victoria Village (43),D55,636360.3313,4842415.5678
583,3603211,909409,6/20/2006 8:00:00 AM,2055,BARTLEY DR,TISDALE AVE,,Collector,North York,43.722245,-79.30709,At Intersection,Stop Sign,Clear,Dark,Dry,Fatal,SMV Unattended Vehicle,Vehicle Owner,unknown,,,,Other,,,,,,,,,,,,Yes,Yes,,,,Yes,Yes,Yes,,,,43,Victoria Village,43,Victoria Village (43),D55,636360.3313,4842415.5678
584,3603212,909409,6/20/2006 8:00:00 AM,2055,BARTLEY DR,TISDALE AVE,,Collector,North York,43.722245,-79.30709,At Intersection,Stop Sign,Clear,Dark,Dry,Fatal,SMV Unattended Vehicle,Driver - Not Hit,unknown,None,,,"Automobile, Station Wagon",,,,,,,,,,,,Yes,Yes,,,,Yes,Yes,Yes,,,,43,Victoria Village,43,Victoria Village (43),D55,636360.3313,4842415.5678
585,3455659,918059,6/21/2006 8:00:00 AM,800,DANFORTH AVE,WOODBINE AVE,,Major Arterial,Toronto and East York,43.685645,-79.31279,At Intersection,Traffic Signal,Clear,Daylight,Dry,Non-Fatal Injury,Pedestrian Collisions,Pedestrian,40 to 44,Major,,South,Other,,,,Vehicle is going straight thru inter.while ped cross with ROW,Crossing with right of way,Normal,,,,Yes,Yes,,,,,,,,,,,,64,Woodbine Corridor,64,Woodbine Corridor (64),D55,635983.9332,4838341.2529
586,3455660,918059,6/21/2006 8:00:00 AM,800,DANFORTH AVE,WOODBINE AVE,,Major Arterial,Toronto and East York,43.685645,-79.31279,At Intersection,Traffic Signal,Clear,Daylight,Dry,Non-Fatal Injury,Pedestrian Collisions,Pedestrian,5 to 9,None,,South,Other,,,,Vehicle is going straight thru inter.while ped cross with ROW,Crossing with right of way,Normal,,,,Yes,Yes,,,,,,,,,,,,64,Woodbine Corridor,64,Woodbine Corridor (64),D55,635983.9332,4838341.2529
587,3455661,918059,6/21/2006 8:00:00 AM,800,DANFORTH AVE,WOODBINE AVE,,Major Arterial,Toronto and East York,43.685645,-79.31279,At Intersection,Traffic Signal,Clear,Daylight,Dry,Non-Fatal Injury,Pedestrian Collisions,Cyclist,20 to 24,None,,West,Bicycle,Going Ahead,,,,,,Cyclist strikes pedestrian.,Disobeyed Traffic Control,Normal,Yes,Yes,,,,,,,,,,,,64,Woodbine Corridor,64,Woodbine Corridor (64),D55,635983.9332,4838341.2529
588,3451722,916584,6/21/2006 8:00:00 AM,850,WELLINGTON ST W,YORK ST,,Minor Arterial,Toronto and East York,43.646545,-79.38299,At Intersection,Traffic Signal,Clear,Daylight,Dry,Non-Fatal Injury,Cyclist Collisions,Driver,unknown,None,,West,"Automobile, Station Wagon",Turning Right,Driving Properly,Normal,,,,,,,,Yes,Yes,,,,,,,,,,,170,Yonge-Bay Corridor,76,Bay Street Corridor (76),D52,630410.6115,4833885.9577
589,3451723,916584,6/21/2006 8:00:00 AM,850,WELLINGTON ST W,YORK ST,,Minor Arterial,Toronto and East York,43.646545,-79.38299,At Intersection,Traffic Signal,Clear,Daylight,Dry,Non-Fatal Injury,Cyclist Collisions,Cyclist,50 to 54,Major,,West,Bicycle,Going Ahead,,,,,,Motorist turning right on green or amber at signalized intersection strikes cyclist.,,,,Yes,Yes,,,,,,,,,,,170,Yonge-Bay Corridor,76,Bay Street Corridor (76),D52,630410.6115,4833885.9577
590,3551216,909745,6/22/2006 8:00:00 AM,2210,UNIVERSITY AVE,DUNDAS ST W,,Major Arterial,Toronto and East York,43.655145,-79.38849,At Intersection,No Control,Clear,Dark,Dry,Non-Fatal Injury,Pedestrian Collisions,Driver,25 to 29,None,,North,"Automobile, Station Wagon",Going Ahead,Driving Properly,Normal,,,,,,,Yes,,Yes,,,,,,,,,,,78,Kensington-Chinatown,78,Kensington-Chinatown (78),D52,629948.4876,4834832.4723
591,3551217,909745,6/22/2006 8:00:00 AM,2210,UNIVERSITY AVE,DUNDAS ST W,,Major Arterial,Toronto and East York,43.655145,-79.38849,At Intersection,No Control,Clear,Dark,Dry,Non-Fatal Injury,Pedestrian Collisions,Pedestrian,30 to 34,Major,,West,Other,,,,Pedestrian hit at mid-block,Running onto Roadway,Had Been Drinking,,,,Yes,,Yes,,,,,,,,,,,78,Kensington-Chinatown,78,Kensington-Chinatown (78),D52,629948.4876,4834832.4723
592,3442859,913254,6/24/2006 8:00:00 AM,310,QUEEN ST W,DOWLING AVE,,Major Arterial,Toronto and East York,43.639945,-79.43989,At Intersection,Stop Sign,Clear,Dark,Dry,Non-Fatal Injury,Cyclist Collisions,Vehicle Owner,unknown,None,,,Other,,,,,,,,,,,Yes,Yes,,,,,,,,,,,85,South Parkdale,86,Roncesvalles (86),D14,625835.4031,4833065.1037
593,3442860,913254,6/24/2006 8:00:00 AM,310,QUEEN ST W,DOWLING AVE,,Major Arterial,Toronto and East York,43.639945,-79.43989,At Intersection,Stop Sign,Clear,Dark,Dry,Non-Fatal Injury,Cyclist Collisions,Driver,45 to 49,None,,East,"Automobile, Station Wagon",Going Ahead,Driving Properly,Normal,,,,,,,,Yes,Yes,,,,,,,,,,,85,South Parkdale,86,Roncesvalles (86),D14,625835.4031,4833065.1037
594,3442861,913254,6/24/2006 8:00:00 AM,310,QUEEN ST W,DOWLING AVE,,Major Arterial,Toronto and East York,43.639945,-79.43989,At Intersection,Stop Sign,Clear,Dark,Dry,Non-Fatal Injury,Cyclist Collisions,Cyclist,25 to 29,Major,,North,Bicycle,Turning Left,,,,,,Cyclist turned left across motorists path.,,,,Yes,Yes,,,,,,,,,,,85,South Parkdale,86,Roncesvalles (86),D14,625835.4031,4833065.1037
595,3442882,913263,6/24/2006 8:00:00 AM,1820,KIPLING Aven,NEW TORONTO Stre,,Major Arterial,Etobicoke York,43.604545,-79.51959,,No Control,Clear,Daylight,Dry,Non-Fatal Injury,SMV Other,Driver,20 to 24,Major,,North,"Automobile, Station Wagon",Going Ahead,Other,Normal,,,,,,,,,Yes,,,,,,,,,,,18,New Toronto,18,New Toronto (18),D22,619477.0003,4829015.7572
596,3442965,913288,6/25/2006 8:00:00 AM,1226,PAPE AVE,WESTWOOD AVE,,Major Arterial,Toronto and East York,43.686645,-79.34779,At Intersection,No Control,Clear,Daylight,Dry,Non-Fatal Injury,Cyclist Collisions,Cyclist,35 to 39,Major,,South,Bicycle,Going Ahead,,,,,,Cyclist and Driver travelling in same direction. One vehicle rear-ended the other.,Driving Properly,Normal,,Yes,Yes,,,,,,,,,,,57,Broadview North,57,Broadview North (57),D55,633160.797,4838395.52
597,3442966,913288,6/25/2006 8:00:00 AM,1226,PAPE AVE,WESTWOOD AVE,,Major Arterial,Toronto and East York,43.686645,-79.34779,At Intersection,No Control,Clear,Daylight,Dry,Non-Fatal Injury,Cyclist Collisions,Driver,70 to 74,None,,South,"Automobile, Station Wagon",Turning Right,Improper Turn,Normal,,,,,,,,Yes,Yes,,,,,,,,,,,57,Broadview North,57,Broadview North (57),D55,633160.797,4838395.52
598,3437381,911228,6/25/2006 8:00:00 AM,1729,LAKE SHORE BLVD E,CHERRY ST,,Major Arterial,Toronto and East York,43.648146,-79.354793,At Intersection,Traffic Signal,Clear,Daylight,Dry,Non-Fatal Injury,SMV Other,Motorcycle Passenger,40 to 44,Major,,,Other,,,,,,,,,,,,,Yes,,,,Yes,Yes,Yes,,,,166,St Lawrence-East Bayfront-The Islands,77,Waterfront Communities-The Island (77),D51,632681.1777,4834108.4654
599,3437382,911228,6/25/2006 8:00:00 AM,1729,LAKE SHORE BLVD E,CHERRY ST,,Major Arterial,Toronto and East York,43.648146,-79.354793,At Intersection,Traffic Signal,Clear,Daylight,Dry,Non-Fatal Injury,SMV Other,Motorcycle Driver,40 to 44,Major,,East,Motorcycle,Going Ahead,Speed too Fast For Condition,Unknown,,,,,,,,,,Yes,,,,Yes,Yes,Yes,,,,166,St Lawrence-East Bayfront-The Islands,77,Waterfront Communities-The Island (77),D51,632681.1777,4834108.4654
600,3442992,913296,6/25/2006 8:00:00 AM,2040,29 BLAIR ATHOL Cres,,,Local,Etobicoke York,43.667245,-79.54469,,No Control,Clear,Dusk,Dry,Non-Fatal Injury,Other,Driver,15 to 19,None,,East,"Automobile, Station Wagon",Going Ahead,Other,Normal,,,,,,,,,Yes,,,,,Yes,,,,,,10,Princess-Rosethorn,10,Princess-Rosethorn (10),D22,617329.1959,4835943.5722
601,3442993,913296,6/25/2006 8:00:00 AM,2040,29 BLAIR ATHOL Cres,,,Local,Etobicoke York,43.667245,-79.54469,,No Control,Clear,Dusk,Dry,Non-Fatal Injury,Other,Passenger,15 to 19,Major,,,Other,,,,,,,,,,,,Yes,,,,,Yes,,,,,,10,Princess-Rosethorn,10,Princess-Rosethorn (10),D22,617329.1959,4835943.5722
602,3437675,911336,6/28/2006 8:00:00 AM,1000,BIRCHMOUNT RD,MODERN RD,,Major Arterial,Scarborough,43.744045,-79.28349,,Stop Sign,Clear,Daylight,Dry,Non-Fatal Injury,Cyclist Collisions,Vehicle Owner,unknown,,,,Other,,,,,,,,,,,Yes,Yes,,,,,,,,,,,119,Wexford/Maryvale,119,Wexford/Maryvale (119),D41,638211.1238,4844875.8844
603,3437676,911336,6/28/2006 8:00:00 AM,1000,BIRCHMOUNT RD,MODERN RD,,Major Arterial,Scarborough,43.744045,-79.28349,,Stop Sign,Clear,Daylight,Dry,Non-Fatal Injury,Cyclist Collisions,Driver,45 to 49,None,,South,"Automobile, Station Wagon",Going Ahead,Driving Properly,Normal,,,,,,,,Yes,Yes,,,,,,,,,,,119,Wexford/Maryvale,119,Wexford/Maryvale (119),D41,638211.1238,4844875.8844
604,3437677,911336,6/28/2006 8:00:00 AM,1000,BIRCHMOUNT RD,MODERN RD,,Major Arterial,Scarborough,43.744045,-79.28349,,Stop Sign,Clear,Daylight,Dry,Non-Fatal Injury,Cyclist Collisions,Cyclist,30 to 34,Major,,East,Bicycle,Turning Right,,,,,,Cyclist turns right across motorists path,Failed to Yield Right of Way,Inattentive,,Yes,Yes,,,,,,,,,,,119,Wexford/Maryvale,119,Wexford/Maryvale (119),D41,638211.1238,4844875.8844
605,3448305,915319,6/28/2006 8:00:00 AM,1357,KING ST W,YORK ST,,Major Arterial,Toronto and East York,43.648545,-79.38089,,No Control,Clear,Daylight,Dry,Non-Fatal Injury,Pedestrian Collisions,Pedestrian,35 to 39,Major,,South,Other,,,,Pedestrian involved in a collision with transit vehicle anywhere along roadway,"Crossing, no Traffic Control",Unknown,,,,Yes,,,,,Yes,,,,,,,,170,Yonge-Bay Corridor,76,Bay Street Corridor (76),D52,630575.643,4834111.3859
606,3448306,915319,6/28/2006 8:00:00 AM,1357,KING ST W,YORK ST,,Major Arterial,Toronto and East York,43.648545,-79.38089,,No Control,Clear,Daylight,Dry,Non-Fatal Injury,Pedestrian Collisions,Vehicle Owner,unknown,,,,Other,,,,,,,,,,Yes,,,,,Yes,,,,,,,,170,Yonge-Bay Corridor,76,Bay Street Corridor (76),D52,630575.643,4834111.3859
607,3448307,915319,6/28/2006 8:00:00 AM,1357,KING ST W,YORK ST,,Major Arterial,Toronto and East York,43.648545,-79.38089,,No Control,Clear,Daylight,Dry,Non-Fatal Injury,Pedestrian Collisions,Driver,35 to 39,None,,West,Municipal Transit Bus (TTC),Going Ahead,Driving Properly,Normal,,,,,,,Yes,,,,,Yes,,,,,,,,170,Yonge-Bay Corridor,76,Bay Street Corridor (76),D52,630575.643,4834111.3859
608,3448249,915300,6/28/2006 8:00:00 AM,1730,EGLINTON AVE W,GLENHAVEN ST,,Major Arterial,Etobicoke York,43.691345,-79.46969,At Intersection,Stop Sign,Rain,Daylight,Wet,Non-Fatal Injury,Angle,Vehicle Owner,unknown,None,,,Other,,,,,,,,,,,,Yes,,Yes,,,Yes,,Yes,,,,110,Keelesdale-Eglinton West,110,Keelesdale-Eglinton West (110),D12,623326.4721,4838729.0032
609,3448250,915300,6/28/2006 8:00:00 AM,1730,EGLINTON AVE W,GLENHAVEN ST,,Major Arterial,Etobicoke York,43.691345,-79.46969,At Intersection,Stop Sign,Rain,Daylight,Wet,Non-Fatal Injury,Angle,Truck Driver,40 to 44,Minimal,,South,Truck - Open,Stopped,Driving Properly,Normal,,,,,,,,,Yes,,Yes,,,Yes,,Yes,,,,110,Keelesdale-Eglinton West,110,Keelesdale-Eglinton West (110),D12,623326.4721,4838729.0032
610,3448251,915300,6/28/2006 8:00:00 AM,1730,EGLINTON AVE W,GLENHAVEN ST,,Major Arterial,Etobicoke York,43.691345,-79.46969,At Intersection,Stop Sign,Rain,Daylight,Wet,Non-Fatal Injury,Angle,Vehicle Owner,unknown,None,,,Other,,,,,,,,,,,,Yes,,Yes,,,Yes,,Yes,,,,110,Keelesdale-Eglinton West,110,Keelesdale-Eglinton West (110),D12,623326.4721,4838729.0032
611,3448252,915300,6/28/2006 8:00:00 AM,1730,EGLINTON AVE W,GLENHAVEN ST,,Major Arterial,Etobicoke York,43.691345,-79.46969,At Intersection,Stop Sign,Rain,Daylight,Wet,Non-Fatal Injury,Angle,Passenger,20 to 24,Major,,,Other,,,,,,,,,,,,Yes,,Yes,,,Yes,,Yes,,,,110,Keelesdale-Eglinton West,110,Keelesdale-Eglinton West (110),D12,623326.4721,4838729.0032
612,3448253,915300,6/28/2006 8:00:00 AM,1730,EGLINTON AVE W,GLENHAVEN ST,,Major Arterial,Etobicoke York,43.691345,-79.46969,At Intersection,Stop Sign,Rain,Daylight,Wet,Non-Fatal Injury,Angle,Driver,20 to 24,Minimal,,West,"Automobile, Station Wagon",Going Ahead,Improper Passing,Normal,,,,,,,,,Yes,,Yes,,,Yes,,Yes,,,,110,Keelesdale-Eglinton West,110,Keelesdale-Eglinton West (110),D12,623326.4721,4838729.0032
613,3438192,911521,6/29/2006 8:00:00 AM,954,WESTON RD,JASPER AVE,,Minor Arterial,Etobicoke York,43.683745,-79.48249,,No Control,Clear,Daylight,Dry,Non-Fatal Injury,Cyclist Collisions,Vehicle Owner,unknown,,,,Other,,,,,,,,,,,Yes,Yes,,,,,,,,,,,111,Rockcliffe-Smythe,111,Rockcliffe-Smythe (111),D12,622310.3668,4837865.9635
614,3438193,911521,6/29/2006 8:00:00 AM,954,WESTON RD,JASPER AVE,,Minor Arterial,Etobicoke York,43.683745,-79.48249,,No Control,Clear,Daylight,Dry,Non-Fatal Injury,Cyclist Collisions,Driver,70 to 74,None,,East,"Automobile, Station Wagon",Turning Left,Improper Turn,Inattentive,,,,,,,,Yes,Yes,,,,,,,,,,,111,Rockcliffe-Smythe,111,Rockcliffe-Smythe (111),D12,622310.3668,4837865.9635
615,3438194,911521,6/29/2006 8:00:00 AM,954,WESTON RD,JASPER AVE,,Minor Arterial,Etobicoke York,43.683745,-79.48249,,No Control,Clear,Daylight,Dry,Non-Fatal Injury,Cyclist Collisions,Cyclist,60 to 64,Major,,South,Bicycle,Going Ahead,,,,,,Motorist turned left across cyclists path.,Driving Properly,Normal,,Yes,Yes,,,,,,,,,,,111,Rockcliffe-Smythe,111,Rockcliffe-Smythe (111),D12,622310.3668,4837865.9635
616,3532897,911540,6/30/2006 8:00:00 AM,50,LAWRENCE AVE E,TOWER DR,,Major Arterial,Scarborough,43.744545,-79.29829,,Stop Sign,Clear,Dark,Dry,Non-Fatal Injury,SMV Other,Other Property Owner,unknown,None,,,Other,,,,,,,,,,,,Yes,,,,,Yes,Yes,Yes,,,,119,Wexford/Maryvale,119,Wexford/Maryvale (119),D41,637018.2932,4844906.8306
617,3532898,911540,6/30/2006 8:00:00 AM,50,LAWRENCE AVE E,TOWER DR,,Major Arterial,Scarborough,43.744545,-79.29829,,Stop Sign,Clear,Dark,Dry,Non-Fatal Injury,SMV Other,Passenger,20 to 24,Major,,,Other,,,,,,,,,,,,Yes,,,,,Yes,Yes,Yes,,,,119,Wexford/Maryvale,119,Wexford/Maryvale (119),D41,637018.2932,4844906.8306
618,3532899,911540,6/30/2006 8:00:00 AM,50,LAWRENCE AVE E,TOWER DR,,Major Arterial,Scarborough,43.744545,-79.29829,,Stop Sign,Clear,Dark,Dry,Non-Fatal Injury,SMV Other,Passenger,15 to 19,Minor,,,Other,,,,,,,,,,,,Yes,,,,,Yes,Yes,Yes,,,,119,Wexford/Maryvale,119,Wexford/Maryvale (119),D41,637018.2932,4844906.8306
619,3532900,911540,6/30/2006 8:00:00 AM,50,LAWRENCE AVE E,TOWER DR,,Major Arterial,Scarborough,43.744545,-79.29829,,Stop Sign,Clear,Dark,Dry,Non-Fatal Injury,SMV Other,Vehicle Owner,unknown,None,,,Other,,,,,,,,,,,,Yes,,,,,Yes,Yes,Yes,,,,119,Wexford/Maryvale,119,Wexford/Maryvale (119),D41,637018.2932,4844906.8306