OBJECTID,INDEX,ACCNUM,DATE,TIME,STREET1,STREET2,OFFSET,ROAD_CLASS,DISTRICT,LATITUDE,LONGITUDE,ACCLOC,TRAFFCTL,VISIBILITY,LIGHT,RDSFCOND,ACCLASS,IMPACTYPE,INVTYPE,INVAGE,INJURY,FATAL_NO,INITDIR,VEHTYPE,MANOEUVER,DRIVACT,DRIVCOND,PEDTYPE,PEDACT,PEDCOND,CYCLISTYPE,CYCACT,CYCCOND,PEDESTRIAN,CYCLIST,AUTOMOBILE,MOTORCYCLE,TRUCK,TRSN_CITY_VEH,EMERG_VEH,PASSENGER,SPEEDING,AG_DRIV,REDLIGHT,ALCOHOL,DISABILITY,HOOD_158,NEIGHBOURHOOD_158,HOOD_140,NEIGHBOURHOOD_140,DIVISION,x,y
620,3532901,911540,6/30/2006 8:00:00 AM,50,LAWRENCE AVE E,TOWER DR,,Major Arterial,Scarborough,43.744545,-79.29829,,Stop Sign,Clear,Dark,Dry,Non-Fatal Injury,SMV Other,Driver,20 to 24,None,,West,"Automobile, Station Wagon",Turning Right,Exceeding Speed Limit,Unknown,,,,,,,,,Yes,,,,,Yes,Yes,Yes,,,,119,Wexford/Maryvale,119,Wexford/Maryvale (119),D41,637018.2932,4844906.8306
621,3449528,915777,6/30/2006 8:00:00 AM,926,57 ELLESMERE RD,VICTORIA PARK Aven,,Major Arterial,Scarborough,43.758145,-79.31389,,No Control,Clear,Daylight,Dry,Non-Fatal Injury,Turning Movement,Passenger,45 to 49,Major,,,Other,,,,,,,,,,,,Yes,,,,,Yes,,,,,,119,Wexford/Maryvale,119,Wexford/Maryvale (119),D41,635731.4506,4846391.6313
622,3449529,915777,6/30/2006 8:00:00 AM,926,57 ELLESMERE RD,VICTORIA PARK Aven,,Major Arterial,Scarborough,43.758145,-79.31389,,No Control,Clear,Daylight,Dry,Non-Fatal Injury,Turning Movement,Driver,20 to 24,Minor,,South,"Automobile, Station Wagon",Turning Left,Improper Turn,Normal,,,,,,,,,Yes,,,,,Yes,,,,,,119,Wexford/Maryvale,119,Wexford/Maryvale (119),D41,635731.4506,4846391.6313
623,3449530,915777,6/30/2006 8:00:00 AM,926,57 ELLESMERE RD,VICTORIA PARK Aven,,Major Arterial,Scarborough,43.758145,-79.31389,,No Control,Clear,Daylight,Dry,Non-Fatal Injury,Turning Movement,Driver,25 to 29,Minimal,,North,"Automobile, Station Wagon",Going Ahead,Driving Properly,Normal,,,,,,,,,Yes,,,,,Yes,,,,,,119,Wexford/Maryvale,119,Wexford/Maryvale (119),D41,635731.4506,4846391.6313
624,3551395,919331,6/30/2006 8:00:00 AM,1208,SENLAC RD,BURNETT AVE,,Minor Arterial,North York,43.765245,-79.42519,,No Control,Clear,Daylight,Dry,Non-Fatal Injury,Pedestrian Collisions,Vehicle Owner,unknown,None,,,Other,,,,,,,,,,Yes,,Yes,,,,,,,Yes,,,,38,Lansing-Westgate,38,Lansing-Westgate (38),D32,626756.7474,4847003.807
625,3551396,919331,6/30/2006 8:00:00 AM,1208,SENLAC RD,BURNETT AVE,,Minor Arterial,North York,43.765245,-79.42519,,No Control,Clear,Daylight,Dry,Non-Fatal Injury,Pedestrian Collisions,Driver,50 to 54,None,,South,"Automobile, Station Wagon",Overtaking,Improper Passing,Normal,,,,,,,Yes,,Yes,,,,,,,Yes,,,,38,Lansing-Westgate,38,Lansing-Westgate (38),D32,626756.7474,4847003.807
626,3551397,919331,6/30/2006 8:00:00 AM,1208,SENLAC RD,BURNETT AVE,,Minor Arterial,North York,43.765245,-79.42519,,No Control,Clear,Daylight,Dry,Non-Fatal Injury,Pedestrian Collisions,Pedestrian,10 to 14,Major,,,Other,,,,Pedestrian hit at mid-block,Running onto Roadway,Normal,,,,Yes,,Yes,,,,,,,Yes,,,,38,Lansing-Westgate,38,Lansing-Westgate (38),D32,626756.7474,4847003.807
627,3439249,911913,7/4/2006 8:00:00 AM,1624,DON MILLS RD,VAN HORNE AVE,,Major Arterial,North York,43.787345,-79.35299,At Intersection,Traffic Signal,Clear,Daylight,Dry,Non-Fatal Injury,Angle,Vehicle Owner,unknown,None,,,Other,,,,,,,,,,,,Yes,,Yes,,,,,Yes,Yes,,,47,Don Valley Village,47,Don Valley Village (47),D33,632519.3664,4849571.4029
628,3439250,911913,7/4/2006 8:00:00 AM,1624,DON MILLS RD,VAN HORNE AVE,,Major Arterial,North York,43.787345,-79.35299,At Intersection,Traffic Signal,Clear,Daylight,Dry,Non-Fatal Injury,Angle,Truck Driver,30 to 34,None,,South,Truck - Open,Going Ahead,Disobeyed Traffic Control,Normal,,,,,,,,,Yes,,Yes,,,,,Yes,Yes,,,47,Don Valley Village,47,Don Valley Village (47),D33,632519.3664,4849571.4029
629,3439251,911913,7/4/2006 8:00:00 AM,1624,DON MILLS RD,VAN HORNE AVE,,Major Arterial,North York,43.787345,-79.35299,At Intersection,Traffic Signal,Clear,Daylight,Dry,Non-Fatal Injury,Angle,Vehicle Owner,unknown,None,,,Other,,,,,,,,,,,,Yes,,Yes,,,,,Yes,Yes,,,47,Don Valley Village,47,Don Valley Village (47),D33,632519.3664,4849571.4029
630,3439252,911913,7/4/2006 8:00:00 AM,1624,DON MILLS RD,VAN HORNE AVE,,Major Arterial,North York,43.787345,-79.35299,At Intersection,Traffic Signal,Clear,Daylight,Dry,Non-Fatal Injury,Angle,Driver,60 to 64,Major,,East,"Automobile, Station Wagon",Going Ahead,Driving Properly,Normal,,,,,,,,,Yes,,Yes,,,,,Yes,Yes,,,47,Don Valley Village,47,Don Valley Village (47),D33,632519.3664,4849571.4029
631,3439256,911915,7/4/2006 8:00:00 AM,1827,LAKE SHORE BLVD W,SECOND ST,,Major Arterial,Etobicoke York,43.602045,-79.49909,,No Control,Clear,Daylight,Dry,Non-Fatal Injury,Pedestrian Collisions,Driver,unknown,None,,,"Automobile, Station Wagon",Reversing,,,,,,,,,Yes,,Yes,,,,,,,,,,,18,New Toronto,18,New Toronto (18),D22,621136.492,4828767.7956
632,3439257,911915,7/4/2006 8:00:00 AM,1827,LAKE SHORE BLVD W,SECOND ST,,Major Arterial,Etobicoke York,43.602045,-79.49909,,No Control,Clear,Daylight,Dry,Non-Fatal Injury,Pedestrian Collisions,Pedestrian,unknown,Major,,,Other,Other,,,Unknown,,,,,,Yes,,Yes,,,,,,,,,,,18,New Toronto,18,New Toronto (18),D22,621136.492,4828767.7956
633,3450772,916243,7/4/2006 8:00:00 AM,2015,LAWRENCE AVE E,OVERTURE RD,,Major Arterial,Scarborough,43.765445,-79.19949,At Intersection,Traffic Signal,Clear,Daylight,Dry,Non-Fatal Injury,Rear End,Driver,15 to 19,None,,East,"Automobile, Station Wagon",Going Ahead,Following too Close,Normal,,,,,,,,,Yes,,,,,Yes,,Yes,,,,136,West Hill,136,West Hill (136),D43,644923.106,4847396.2651
634,3450773,916243,7/4/2006 8:00:00 AM,2015,LAWRENCE AVE E,OVERTURE RD,,Major Arterial,Scarborough,43.765445,-79.19949,At Intersection,Traffic Signal,Clear,Daylight,Dry,Non-Fatal Injury,Rear End,Driver,40 to 44,None,,East,"Automobile, Station Wagon",Slowing or Stopping,Driving Properly,Normal,,,,,,,,,Yes,,,,,Yes,,Yes,,,,136,West Hill,136,West Hill (136),D43,644923.106,4847396.2651
635,3450774,916243,7/4/2006 8:00:00 AM,2015,LAWRENCE AVE E,OVERTURE RD,,Major Arterial,Scarborough,43.765445,-79.19949,At Intersection,Traffic Signal,Clear,Daylight,Dry,Non-Fatal Injury,Rear End,Passenger,25 to 29,Major,,,Other,,,,,,,,,,,,Yes,,,,,Yes,,Yes,,,,136,West Hill,136,West Hill (136),D43,644923.106,4847396.2651
636,3551306,916168,7/5/2006 8:00:00 AM,2130,VICTORIA PARK AVE,TERRAVIEW BLVD,,Major Arterial,North York,43.764545,-79.31819,At Intersection,Stop Sign,Clear,Dark,Dry,Non-Fatal Injury,Turning Movement,Motorcycle Driver,25 to 29,Major,,North,Motorcycle,Going Ahead,Driving Properly,Normal,,,,,,,,,Yes,Yes,,,,,,Yes,,,,150,Fenside-Parkwoods,45,Parkwoods-Donalda (45),D33,635370.8626,4847095.4107
637,3551307,916168,7/5/2006 8:00:00 AM,2130,VICTORIA PARK AVE,TERRAVIEW BLVD,,Major Arterial,North York,43.764545,-79.31819,At Intersection,Stop Sign,Clear,Dark,Dry,Non-Fatal Injury,Turning Movement,Vehicle Owner,unknown,None,,,Other,,,,,,,,,,,,Yes,Yes,,,,,,Yes,,,,150,Fenside-Parkwoods,45,Parkwoods-Donalda (45),D33,635370.8626,4847095.4107
638,3551308,916168,7/5/2006 8:00:00 AM,2130,VICTORIA PARK AVE,TERRAVIEW BLVD,,Major Arterial,North York,43.764545,-79.31819,At Intersection,Stop Sign,Clear,Dark,Dry,Non-Fatal Injury,Turning Movement,Driver,45 to 49,None,,West,"Automobile, Station Wagon",Turning Left,Failed to Yield Right of Way,Normal,,,,,,,,,Yes,Yes,,,,,,Yes,,,,150,Fenside-Parkwoods,45,Parkwoods-Donalda (45),D33,635370.8626,4847095.4107
639,3441433,912714,7/7/2006 8:00:00 AM,127,HARBOUR ST,YORK ST,,Major Arterial,Toronto and East York,43.640945,-79.38069,At Intersection,Traffic Signal,Clear,Dark,Dry,Non-Fatal Injury,Angle,Passenger,20 to 24,Major,,,Other,,,,,,,,,,,,Yes,,,,,Yes,,Yes,Yes,,,165,Harbourfront-CityPlace,77,Waterfront Communities-The Island (77),D52,630608.2416,4833267.6217
640,3441434,912714,7/7/2006 8:00:00 AM,127,HARBOUR ST,YORK ST,,Major Arterial,Toronto and East York,43.640945,-79.38069,At Intersection,Traffic Signal,Clear,Dark,Dry,Non-Fatal Injury,Angle,Driver,25 to 29,Major,,East,"Automobile, Station Wagon",Going Ahead,Driving Properly,Normal,,,,,,,,,Yes,,,,,Yes,,Yes,Yes,,,165,Harbourfront-CityPlace,77,Waterfront Communities-The Island (77),D52,630608.2416,4833267.6217
641,3441435,912714,7/7/2006 8:00:00 AM,127,HARBOUR ST,YORK ST,,Major Arterial,Toronto and East York,43.640945,-79.38069,At Intersection,Traffic Signal,Clear,Dark,Dry,Non-Fatal Injury,Angle,Passenger,25 to 29,Minor,,,Other,,,,,,,,,,,,Yes,,,,,Yes,,Yes,Yes,,,165,Harbourfront-CityPlace,77,Waterfront Communities-The Island (77),D52,630608.2416,4833267.6217
642,3441436,912714,7/7/2006 8:00:00 AM,127,HARBOUR ST,YORK ST,,Major Arterial,Toronto and East York,43.640945,-79.38069,At Intersection,Traffic Signal,Clear,Dark,Dry,Non-Fatal Injury,Angle,Driver,20 to 24,Minimal,,South,"Automobile, Station Wagon",Going Ahead,Disobeyed Traffic Control,Had Been Drinking,,,,,,,,,Yes,,,,,Yes,,Yes,Yes,,,165,Harbourfront-CityPlace,77,Waterfront Communities-The Island (77),D52,630608.2416,4833267.6217
643,3451666,916566,7/7/2006 8:00:00 AM,1414,YONGE ST,PLEASANT AVE,,Major Arterial,Toronto and East York,43.687645,-79.39389,,No Control,Clear,Daylight,Dry,Non-Fatal Injury,Pedestrian Collisions,Vehicle Owner,unknown,,,,Other,,,,,,,,,,Yes,,,,,Yes,,,,,,,,98,Rosedale-Moore Park,98,Rosedale-Moore Park (98),D53,629443.1521,4838433.5921
644,3451667,916566,7/7/2006 8:00:00 AM,1414,YONGE ST,PLEASANT AVE,,Major Arterial,Toronto and East York,43.687645,-79.39389,,No Control,Clear,Daylight,Dry,Non-Fatal Injury,Pedestrian Collisions,Driver,35 to 39,None,,North,Municipal Transit Bus (TTC),Going Ahead,Driving Properly,Normal,,,,,,,Yes,,,,,Yes,,,,,,,,98,Rosedale-Moore Park,98,Rosedale-Moore Park (98),D53,629443.1521,4838433.5921
645,3451668,916566,7/7/2006 8:00:00 AM,1414,YONGE ST,PLEASANT AVE,,Major Arterial,Toronto and East York,43.687645,-79.39389,,No Control,Clear,Daylight,Dry,Non-Fatal Injury,Pedestrian Collisions,Pedestrian,75 to 79,Major,,East,Other,,,,Pedestrian involved in a collision with transit vehicle anywhere along roadway,Running onto Roadway,Other,,,,Yes,,,,,Yes,,,,,,,,98,Rosedale-Moore Park,98,Rosedale-Moore Park (98),D53,629443.1521,4838433.5921
646,3441602,912782,7/8/2006 8:00:00 AM,1650,REES ST,LAKE SHORE BLVD W,,Major Arterial,Toronto and East York,43.639445,-79.38679,At Intersection,Traffic Signal,Clear,Daylight,Dry,Non-Fatal Injury,Angle,Driver,25 to 29,None,,East,"Automobile, Station Wagon",Going Ahead,Driving Properly,Normal,,,,,,,,,Yes,,,,,Yes,,Yes,,,,165,Harbourfront-CityPlace,77,Waterfront Communities-The Island (77),D52,630119.4683,4833091.4463
647,3441603,912782,7/8/2006 8:00:00 AM,1650,REES ST,LAKE SHORE BLVD W,,Major Arterial,Toronto and East York,43.639445,-79.38679,At Intersection,Traffic Signal,Clear,Daylight,Dry,Non-Fatal Injury,Angle,Passenger,5 to 9,Major,,,Other,,,,,,,,,,,,Yes,,,,,Yes,,Yes,,,,165,Harbourfront-CityPlace,77,Waterfront Communities-The Island (77),D52,630119.4683,4833091.4463
648,3441604,912782,7/8/2006 8:00:00 AM,1650,REES ST,LAKE SHORE BLVD W,,Major Arterial,Toronto and East York,43.639445,-79.38679,At Intersection,Traffic Signal,Clear,Daylight,Dry,Non-Fatal Injury,Angle,Passenger,30 to 34,Minimal,,,Other,,,,,,,,,,,,Yes,,,,,Yes,,Yes,,,,165,Harbourfront-CityPlace,77,Waterfront Communities-The Island (77),D52,630119.4683,4833091.4463
649,3441605,912782,7/8/2006 8:00:00 AM,1650,REES ST,LAKE SHORE BLVD W,,Major Arterial,Toronto and East York,43.639445,-79.38679,At Intersection,Traffic Signal,Clear,Daylight,Dry,Non-Fatal Injury,Angle,Passenger,5 to 9,Minimal,,,Other,,,,,,,,,,,,Yes,,,,,Yes,,Yes,,,,165,Harbourfront-CityPlace,77,Waterfront Communities-The Island (77),D52,630119.4683,4833091.4463
650,3441606,912782,7/8/2006 8:00:00 AM,1650,REES ST,LAKE SHORE BLVD W,,Major Arterial,Toronto and East York,43.639445,-79.38679,At Intersection,Traffic Signal,Clear,Daylight,Dry,Non-Fatal Injury,Angle,Passenger,30 to 34,Minimal,,,Other,,,,,,,,,,,,Yes,,,,,Yes,,Yes,,,,165,Harbourfront-CityPlace,77,Waterfront Communities-The Island (77),D52,630119.4683,4833091.4463
651,3441607,912782,7/8/2006 8:00:00 AM,1650,REES ST,LAKE SHORE BLVD W,,Major Arterial,Toronto and East York,43.639445,-79.38679,At Intersection,Traffic Signal,Clear,Daylight,Dry,Non-Fatal Injury,Angle,Driver,30 to 34,None,,South,"Automobile, Station Wagon",Going Ahead,Failed to Yield Right of Way,Normal,,,,,,,,,Yes,,,,,Yes,,Yes,,,,165,Harbourfront-CityPlace,77,Waterfront Communities-The Island (77),D52,630119.4683,4833091.4463
652,3441811,912859,7/9/2006 8:00:00 AM,1823,LAKE SHORE BLVD W,BATHURST ST,,Major Arterial,Toronto and East York,43.636445,-79.39959,At Intersection,Traffic Signal,Clear,Daylight,Dry,Non-Fatal Injury,Turning Movement,Driver,35 to 39,None,,West,"Automobile, Station Wagon",Going Ahead,Driving Properly,Normal,,,,,,,,,Yes,,,,,Yes,,Yes,Yes,,,165,Harbourfront-CityPlace,77,Waterfront Communities-The Island (77),D14,629093.45,4832738.2708
653,3441812,912859,7/9/2006 8:00:00 AM,1823,LAKE SHORE BLVD W,BATHURST ST,,Major Arterial,Toronto and East York,43.636445,-79.39959,At Intersection,Traffic Signal,Clear,Daylight,Dry,Non-Fatal Injury,Turning Movement,Passenger,20 to 24,Minor,,,Other,,,,,,,,,,,,Yes,,,,,Yes,,Yes,Yes,,,165,Harbourfront-CityPlace,77,Waterfront Communities-The Island (77),D14,629093.45,4832738.2708
654,3441813,912859,7/9/2006 8:00:00 AM,1823,LAKE SHORE BLVD W,BATHURST ST,,Major Arterial,Toronto and East York,43.636445,-79.39959,At Intersection,Traffic Signal,Clear,Daylight,Dry,Non-Fatal Injury,Turning Movement,Passenger,20 to 24,Major,,,Other,,,,,,,,,,,,Yes,,,,,Yes,,Yes,Yes,,,165,Harbourfront-CityPlace,77,Waterfront Communities-The Island (77),D14,629093.45,4832738.2708
655,3441814,912859,7/9/2006 8:00:00 AM,1823,LAKE SHORE BLVD W,BATHURST ST,,Major Arterial,Toronto and East York,43.636445,-79.39959,At Intersection,Traffic Signal,Clear,Daylight,Dry,Non-Fatal Injury,Turning Movement,Vehicle Owner,unknown,None,,,Other,,,,,,,,,,,,Yes,,,,,Yes,,Yes,Yes,,,165,Harbourfront-CityPlace,77,Waterfront Communities-The Island (77),D14,629093.45,4832738.2708
656,3441815,912859,7/9/2006 8:00:00 AM,1823,LAKE SHORE BLVD W,BATHURST ST,,Major Arterial,Toronto and East York,43.636445,-79.39959,At Intersection,Traffic Signal,Clear,Daylight,Dry,Non-Fatal Injury,Turning Movement,Driver,20 to 24,Minimal,,East,"Automobile, Station Wagon",Turning Left,Disobeyed Traffic Control,Normal,,,,,,,,,Yes,,,,,Yes,,Yes,Yes,,,165,Harbourfront-CityPlace,77,Waterfront Communities-The Island (77),D14,629093.45,4832738.2708
657,3454354,917569,7/10/2006 8:00:00 AM,1310,2609 LAKE SHORE BLVD W,,,Major Arterial,Etobicoke York,43.605445,-79.49109,,No Control,Rain,Daylight,Wet,Non-Fatal Injury,Sideswipe,Vehicle Owner,unknown,,,,Other,,,,,,,,,,,,Yes,,,,,Yes,,Yes,,,,160,Mimico-Queensway,17,Mimico (includes Humber Bay Shores) (17),D22,621775.3074,4829157.1048
658,3454355,917569,7/10/2006 8:00:00 AM,1310,2609 LAKE SHORE BLVD W,,,Major Arterial,Etobicoke York,43.605445,-79.49109,,No Control,Rain,Daylight,Wet,Non-Fatal Injury,Sideswipe,Driver,45 to 49,Minimal,,East,"Automobile, Station Wagon",Going Ahead,Other,Had Been Drinking,,,,,,,,,Yes,,,,,Yes,,Yes,,,,160,Mimico-Queensway,17,Mimico (includes Humber Bay Shores) (17),D22,621775.3074,4829157.1048
659,3454356,917569,7/10/2006 8:00:00 AM,1310,2609 LAKE SHORE BLVD W,,,Major Arterial,Etobicoke York,43.605445,-79.49109,,No Control,Rain,Daylight,Wet,Non-Fatal Injury,Sideswipe,Passenger,70 to 74,Minimal,,,Other,,,,,,,,,,,,Yes,,,,,Yes,,Yes,,,,160,Mimico-Queensway,17,Mimico (includes Humber Bay Shores) (17),D22,621775.3074,4829157.1048
660,3454357,917569,7/10/2006 8:00:00 AM,1310,2609 LAKE SHORE BLVD W,,,Major Arterial,Etobicoke York,43.605445,-79.49109,,No Control,Rain,Daylight,Wet,Non-Fatal Injury,Sideswipe,Driver,60 to 64,Major,,East,"Automobile, Station Wagon",Pulling Away from Shoulder or Curb,Failed to Yield Right of Way,Normal,,,,,,,,,Yes,,,,,Yes,,Yes,,,,160,Mimico-Queensway,17,Mimico (includes Humber Bay Shores) (17),D22,621775.3074,4829157.1048
661,3454233,917526,7/10/2006 8:00:00 AM,1313,MARTIN GROVE RD,LEXINGTON AVE,,Minor Arterial,Etobicoke York,43.744245,-79.59539,At Intersection,Traffic Signal,Clear,Daylight,Dry,Non-Fatal Injury,Turning Movement,Vehicle Owner,unknown,None,,,Other,,,,,,,,,,,,Yes,,,,,Yes,,,,,,1,West Humber-Clairville,1,West Humber-Clairville (1),D23,613096.7711,4844425.0167
662,3454234,917526,7/10/2006 8:00:00 AM,1313,MARTIN GROVE RD,LEXINGTON AVE,,Minor Arterial,Etobicoke York,43.744245,-79.59539,At Intersection,Traffic Signal,Clear,Daylight,Dry,Non-Fatal Injury,Turning Movement,Driver,25 to 29,Minimal,,South,"Automobile, Station Wagon",Going Ahead,Driving Properly,Normal,,,,,,,,,Yes,,,,,Yes,,,,,,1,West Humber-Clairville,1,West Humber-Clairville (1),D23,613096.7711,4844425.0167
663,3454235,917526,7/10/2006 8:00:00 AM,1313,MARTIN GROVE RD,LEXINGTON AVE,,Minor Arterial,Etobicoke York,43.744245,-79.59539,At Intersection,Traffic Signal,Clear,Daylight,Dry,Non-Fatal Injury,Turning Movement,Passenger,15 to 19,Major,,,Other,,,,,,,,,,,,Yes,,,,,Yes,,,,,,1,West Humber-Clairville,1,West Humber-Clairville (1),D23,613096.7711,4844425.0167
664,3454236,917526,7/10/2006 8:00:00 AM,1313,MARTIN GROVE RD,LEXINGTON AVE,,Minor Arterial,Etobicoke York,43.744245,-79.59539,At Intersection,Traffic Signal,Clear,Daylight,Dry,Non-Fatal Injury,Turning Movement,Vehicle Owner,unknown,None,,,Other,,,,,,,,,,,,Yes,,,,,Yes,,,,,,1,West Humber-Clairville,1,West Humber-Clairville (1),D23,613096.7711,4844425.0167
665,3454237,917526,7/10/2006 8:00:00 AM,1313,MARTIN GROVE RD,LEXINGTON AVE,,Minor Arterial,Etobicoke York,43.744245,-79.59539,At Intersection,Traffic Signal,Clear,Daylight,Dry,Non-Fatal Injury,Turning Movement,Driver,35 to 39,Minimal,,North,"Automobile, Station Wagon",Turning Left,Improper Turn,Normal,,,,,,,,,Yes,,,,,Yes,,,,,,1,West Humber-Clairville,1,West Humber-Clairville (1),D23,613096.7711,4844425.0167
666,3603283,913040,7/10/2006 8:00:00 AM,1758,QUEEN ST E,NEVILLE BLVD,,Minor Arterial,Toronto and East York,43.673845,-79.28189,,Stop Sign,Clear,Daylight,Dry,Non-Fatal Injury,Pedestrian Collisions,Driver,85 to 89,None,,East,"Automobile, Station Wagon",Going Ahead,Driving Properly,Normal,,,,,,,Yes,,Yes,,,,,,,,,,,63,The Beaches,63,The Beaches (63),D55,638501.5569,4837081.8322
667,3603284,913040,7/10/2006 8:00:00 AM,1758,QUEEN ST E,NEVILLE BLVD,,Minor Arterial,Toronto and East York,43.673845,-79.28189,,Stop Sign,Clear,Daylight,Dry,Non-Fatal Injury,Pedestrian Collisions,Pedestrian,85 to 89,Major,,North,Other,,,,Vehicle is going straight thru inter.while ped cross without ROW,Crossing without right of way,Inattentive,,,,Yes,,Yes,,,,,,,,,,,63,The Beaches,63,The Beaches (63),D55,638501.5569,4837081.8322
668,3454350,917567,7/11/2006 8:00:00 AM,825,MEADOWVALE RD,ROTARY DR,,Minor Arterial,Scarborough,43.807445,-79.17039,,No Control,Clear,Daylight,Dry,Non-Fatal Injury,Pedestrian Collisions,Driver,55 to 59,None,,North,Other,Turning Left,Failed to Yield Right of Way,Inattentive,,,,,,,Yes,,,,,,,,,Yes,,,,143,West Rouge,131,Rouge (131),D42,647162.2857,4852112.3838
669,3454351,917567,7/11/2006 8:00:00 AM,825,MEADOWVALE RD,ROTARY DR,,Minor Arterial,Scarborough,43.807445,-79.17039,,No Control,Clear,Daylight,Dry,Non-Fatal Injury,Pedestrian Collisions,Pedestrian,35 to 39,Major,,North,Other,,,,Pedestrian hit on sidewalk or shoulder,On Sidewalk or Shoulder,Normal,,,,Yes,,,,,,,,,Yes,,,,143,West Rouge,131,Rouge (131),D42,647162.2857,4852112.3838
670,3454352,917568,7/11/2006 8:00:00 AM,1815,WINNETT AVE,HURSTING AVE,,Local,Toronto and East York,43.686245,-79.43189,,No Control,Clear,Daylight,Dry,Non-Fatal Injury,Cyclist Collisions,Driver,55 to 59,None,,South,"Automobile, Station Wagon",Going Ahead,Driving Properly,Normal,,,,,,,,Yes,Yes,,,,,,,,,,,107,Oakwood Village,107,Oakwood Village (107),D13,626383.483,4838219.4901
671,3454353,917568,7/11/2006 8:00:00 AM,1815,WINNETT AVE,HURSTING AVE,,Local,Toronto and East York,43.686245,-79.43189,,No Control,Clear,Daylight,Dry,Non-Fatal Injury,Cyclist Collisions,Cyclist,5 to 9,Major,,West,Bicycle,Going Ahead,,,,,,"Cyclist without ROW rides into path of motorist at inter, lnwy, dwy-Cyclist not turn.",Failed to Yield Right of Way,Inattentive,,Yes,Yes,,,,,,,,,,,107,Oakwood Village,107,Oakwood Village (107),D13,626383.483,4838219.4901
672,3603427,917719,7/12/2006 8:00:00 AM,150,BURNHAMTHORPE RD,TRANQUIL DR,,Major Arterial,Etobicoke York,43.643045,-79.57379,,No Control,Clear,Dark,Dry,Non-Fatal Injury,Other,Motorcycle Passenger,25 to 29,Minimal,,,Other,,,,,,,,,,,,,Yes,,,,Yes,Yes,Yes,,,,11,Eringate-Centennial-West Deane,11,Eringate-Centennial-West Deane (11),D22,615029.288,4833215.1114
673,3603428,917719,7/12/2006 8:00:00 AM,150,BURNHAMTHORPE RD,TRANQUIL DR,,Major Arterial,Etobicoke York,43.643045,-79.57379,,No Control,Clear,Dark,Dry,Non-Fatal Injury,Other,Motorcycle Driver,30 to 34,Major,,West,Motorcycle,Going Ahead,Exceeding Speed Limit,Had Been Drinking,,,,,,,,,,Yes,,,,Yes,Yes,Yes,,,,11,Eringate-Centennial-West Deane,11,Eringate-Centennial-West Deane (11),D22,615029.288,4833215.1114
674,3454794,917731,7/12/2006 8:00:00 AM,1600,BRIMLEY RD,DORCOT AVE,,Major Arterial,Scarborough,43.758945,-79.25709,At Intersection,Traffic Signal,Other,Daylight,Other,Non-Fatal Injury,Pedestrian Collisions,,unknown,None,,North,"Automobile, Station Wagon",Going Ahead,,,,,,,,,Yes,,Yes,,,,,,,,,,,156,Bendale-Glen Andrew,127,Bendale (127),D43,640302.0192,4846575.1422
675,3454795,917731,7/12/2006 8:00:00 AM,1600,BRIMLEY RD,DORCOT AVE,,Major Arterial,Scarborough,43.758945,-79.25709,At Intersection,Traffic Signal,Other,Daylight,Other,Non-Fatal Injury,Pedestrian Collisions,Pedestrian,50 to 54,Major,,West,Other,,,,Vehicle is going straight thru inter.while ped cross with ROW,Crossing with right of way,Unknown,,,,Yes,,Yes,,,,,,,,,,,156,Bendale-Glen Andrew,127,Bendale (127),D43,640302.0192,4846575.1422
676,3455104,917847,7/13/2006 8:00:00 AM,1100,QUEENS PR S WELLESLEY RAMP E,WELLESLEY ST W,,Minor Arterial,Toronto and East York,43.663145,-79.39269,,Stop Sign,Clear,Daylight,Dry,Non-Fatal Injury,Cyclist Collisions,Driver,45 to 49,None,,South,"Automobile, Station Wagon",Going Ahead,Other,Inattentive,,,,,,,,Yes,Yes,,,,,,,,,,,169,Bay-Cloverhill,76,Bay Street Corridor (76),D52,629592.5936,4835714.4093
677,3455105,917847,7/13/2006 8:00:00 AM,1100,QUEENS PR S WELLESLEY RAMP E,WELLESLEY ST W,,Minor Arterial,Toronto and East York,43.663145,-79.39269,,Stop Sign,Clear,Daylight,Dry,Non-Fatal Injury,Cyclist Collisions,Cyclist,20 to 24,Major,,West,Bicycle,Going Ahead,,,,,,"Cyclist without ROW rides into path of motorist at inter, lnwy, dwy-Cyclist not turn.",Other,Inattentive,,Yes,Yes,,,,,,,,,,,169,Bay-Cloverhill,76,Bay Street Corridor (76),D52,629592.5936,4835714.4093
678,3455125,917855,7/13/2006 8:00:00 AM,1310,SPADINA AVE,RICHMOND ST W,,Major Arterial,Toronto and East York,43.647845,-79.39599,,Traffic Signal,Clear,Daylight,Dry,Non-Fatal Injury,Pedestrian Collisions,Vehicle Owner,unknown,,,,Other,,,,,,,,,,Yes,,,,,Yes,,,,,,,,164,Wellington Place,77,Waterfront Communities-The Island (77),D14,629359.3699,4834009.9934
679,3455126,917855,7/13/2006 8:00:00 AM,1310,SPADINA AVE,RICHMOND ST W,,Major Arterial,Toronto and East York,43.647845,-79.39599,,Traffic Signal,Clear,Daylight,Dry,Non-Fatal Injury,Pedestrian Collisions,Driver,40 to 44,None,,South,Municipal Transit Bus (TTC),Going Ahead,Driving Properly,Unknown,,,,,,,Yes,,,,,Yes,,,,,,,,164,Wellington Place,77,Waterfront Communities-The Island (77),D14,629359.3699,4834009.9934