OBJECTID,INDEX,ACCNUM,DATE,TIME,STREET1,STREET2,OFFSET,ROAD_CLASS,DISTRICT,LATITUDE,LONGITUDE,ACCLOC,TRAFFCTL,VISIBILITY,LIGHT,RDSFCOND,ACCLASS,IMPACTYPE,INVTYPE,INVAGE,INJURY,FATAL_NO,INITDIR,VEHTYPE,MANOEUVER,DRIVACT,DRIVCOND,PEDTYPE,PEDACT,PEDCOND,CYCLISTYPE,CYCACT,CYCCOND,PEDESTRIAN,CYCLIST,AUTOMOBILE,MOTORCYCLE,TRUCK,TRSN_CITY_VEH,EMERG_VEH,PASSENGER,SPEEDING,AG_DRIV,REDLIGHT,ALCOHOL,DISABILITY,HOOD_158,NEIGHBOURHOOD_158,HOOD_140,NEIGHBOURHOOD_140,DIVISION,x,y
680,3455127,917855,7/13/2006 8:00:00 AM,1310,SPADINA AVE,RICHMOND ST W,,Major Arterial,Toronto and East York,43.647845,-79.39599,,Traffic Signal,Clear,Daylight,Dry,Non-Fatal Injury,Pedestrian Collisions,Pedestrian,40 to 44,Major,,East,Other,,,,Pedestrian involved in a collision with transit vehicle anywhere along roadway,Crossing without right of way,Inattentive,,,,Yes,,,,,Yes,,,,,,,,164,Wellington Place,77,Waterfront Communities-The Island (77),D14,629359.3699,4834009.9934
681,3455772,918102,7/14/2006 8:00:00 AM,920,DUFFERIN ST,DUNDAS ST W,,Minor Arterial,Toronto and East York,43.649645,-79.43139,At Intersection,Traffic Signal,Clear,Daylight,Dry,Non-Fatal Injury,Cyclist Collisions,Vehicle Owner,unknown,,,,Other,,,,,,,,,,,Yes,Yes,,,,,,Yes,Yes,Yes,,,84,Little Portugal,84,Little Portugal (84),D14,626500.6418,4834155.3354
682,3455773,918102,7/14/2006 8:00:00 AM,920,DUFFERIN ST,DUNDAS ST W,,Minor Arterial,Toronto and East York,43.649645,-79.43139,At Intersection,Traffic Signal,Clear,Daylight,Dry,Non-Fatal Injury,Cyclist Collisions,Driver,20 to 24,None,,South,"Automobile, Station Wagon",Going Ahead,Disobeyed Traffic Control,Inattentive,,,,,,,,Yes,Yes,,,,,,Yes,Yes,Yes,,,84,Little Portugal,84,Little Portugal (84),D14,626500.6418,4834155.3354
683,3455774,918102,7/14/2006 8:00:00 AM,920,DUFFERIN ST,DUNDAS ST W,,Minor Arterial,Toronto and East York,43.649645,-79.43139,At Intersection,Traffic Signal,Clear,Daylight,Dry,Non-Fatal Injury,Cyclist Collisions,Cyclist,25 to 29,Major,,East,Bicycle,Going Ahead,,,,,,"Motorist without ROW drives into path of cyclist at inter, lnwy, dwy-Driver not turn.",Driving Properly,Normal,,Yes,Yes,,,,,,Yes,Yes,Yes,,,84,Little Portugal,84,Little Portugal (84),D14,626500.6418,4834155.3354
684,3455832,918124,7/14/2006 8:00:00 AM,1310,BURNHAMTHORPE RD,OLD BURNHAMTHORPE RD,,Major Arterial,Etobicoke York,43.642845,-79.57469,At Intersection,No Control,Clear,Daylight,Dry,Non-Fatal Injury,Pedestrian Collisions,Vehicle Owner,unknown,,,,Other,,,,,,,,,,Yes,,,,,Yes,,,,,,,,11,Eringate-Centennial-West Deane,11,Eringate-Centennial-West Deane (11),D22,614957.0804,4833191.652
685,3455833,918124,7/14/2006 8:00:00 AM,1310,BURNHAMTHORPE RD,OLD BURNHAMTHORPE RD,,Major Arterial,Etobicoke York,43.642845,-79.57469,At Intersection,No Control,Clear,Daylight,Dry,Non-Fatal Injury,Pedestrian Collisions,Driver,35 to 39,None,,East,Municipal Transit Bus (TTC),Going Ahead,Driving Properly,Normal,,,,,,,Yes,,,,,Yes,,,,,,,,11,Eringate-Centennial-West Deane,11,Eringate-Centennial-West Deane (11),D22,614957.0804,4833191.652
686,3455834,918124,7/14/2006 8:00:00 AM,1310,BURNHAMTHORPE RD,OLD BURNHAMTHORPE RD,,Major Arterial,Etobicoke York,43.642845,-79.57469,At Intersection,No Control,Clear,Daylight,Dry,Non-Fatal Injury,Pedestrian Collisions,Pedestrian,60 to 64,Major,,North,Other,,,,Pedestrian involved in a collision with transit vehicle anywhere along roadway,Other,Had Been Drinking,,,,Yes,,,,,Yes,,,,,,,,11,Eringate-Centennial-West Deane,11,Eringate-Centennial-West Deane (11),D22,614957.0804,4833191.652
687,3459735,919596,7/14/2006 8:00:00 AM,1600,CHAPLIN CRES,EGLINTON AVE W,,Major Arterial,North York,43.702745,-79.41739,At Intersection,Traffic Signal,Clear,Daylight,Dry,Non-Fatal Injury,Turning Movement,Passenger,40 to 44,Major,,,Other,,,,,,,,,,,,Yes,,,,,Yes,,,,,,102,Forest Hill North,102,Forest Hill North (102),D53,627517.1604,4840074.2428
688,3459736,919596,7/14/2006 8:00:00 AM,1600,CHAPLIN CRES,EGLINTON AVE W,,Major Arterial,North York,43.702745,-79.41739,At Intersection,Traffic Signal,Clear,Daylight,Dry,Non-Fatal Injury,Turning Movement,Driver,35 to 39,None,,South,"Automobile, Station Wagon",Going Ahead,Driving Properly,Normal,,,,,,,,,Yes,,,,,Yes,,,,,,102,Forest Hill North,102,Forest Hill North (102),D53,627517.1604,4840074.2428
689,3459737,919596,7/14/2006 8:00:00 AM,1600,CHAPLIN CRES,EGLINTON AVE W,,Major Arterial,North York,43.702745,-79.41739,At Intersection,Traffic Signal,Clear,Daylight,Dry,Non-Fatal Injury,Turning Movement,Driver,55 to 59,None,,North,"Automobile, Station Wagon",Turning Left,Improper Turn,Normal,,,,,,,,,Yes,,,,,Yes,,,,,,102,Forest Hill North,102,Forest Hill North (102),D53,627517.1604,4840074.2428
690,3603323,913927,7/16/2006 8:00:00 AM,1255,BAYVIEW AVE,SOUDAN AVE,,Major Arterial,North York,43.710745,-79.37709,,No Control,Clear,Daylight,Dry,Non-Fatal Injury,Rear End,Passenger,0 to 4,Minimal,,,Other,,,,,,,,,,,,Yes,,,,,Yes,,,,,Yes,99,Mount Pleasant East,99,Mount Pleasant East (99),D53,630746.9292,4841025.5313
691,3603324,913927,7/16/2006 8:00:00 AM,1255,BAYVIEW AVE,SOUDAN AVE,,Major Arterial,North York,43.710745,-79.37709,,No Control,Clear,Daylight,Dry,Non-Fatal Injury,Rear End,Vehicle Owner,unknown,None,,,Other,Parked,,,,,,,,,,,Yes,,,,,Yes,,,,,Yes,99,Mount Pleasant East,99,Mount Pleasant East (99),D53,630746.9292,4841025.5313
692,3603325,913927,7/16/2006 8:00:00 AM,1255,BAYVIEW AVE,SOUDAN AVE,,Major Arterial,North York,43.710745,-79.37709,,No Control,Clear,Daylight,Dry,Non-Fatal Injury,Rear End,Driver,45 to 49,None,,South,"Automobile, Station Wagon",Parked,Lost control,Normal,,,,,,,,,Yes,,,,,Yes,,,,,Yes,99,Mount Pleasant East,99,Mount Pleasant East (99),D53,630746.9292,4841025.5313
693,3603326,913927,7/16/2006 8:00:00 AM,1255,BAYVIEW AVE,SOUDAN AVE,,Major Arterial,North York,43.710745,-79.37709,,No Control,Clear,Daylight,Dry,Non-Fatal Injury,Rear End,Driver,65 to 69,Major,,South,"Automobile, Station Wagon",Changing Lanes,Other,Medical or Physical Disability,,,,,,,,,Yes,,,,,Yes,,,,,Yes,99,Mount Pleasant East,99,Mount Pleasant East (99),D53,630746.9292,4841025.5313
694,3455847,918129,7/17/2006 8:00:00 AM,1958,BATHURST ST,RICHMOND ST W,,Major Arterial,Toronto and East York,43.646445,-79.40379,At Intersection,Traffic Signal,Clear,Daylight,Dry,Non-Fatal Injury,Angle,Motorcycle Driver,25 to 29,Major,,North,Motorcycle,Going Ahead,Other,Unknown,,,,,,,,,Yes,Yes,,,,,Yes,Yes,,,,162,West Queen West,82,Niagara (82),D14,628733.3036,4833842.3764
695,3455848,918129,7/17/2006 8:00:00 AM,1958,BATHURST ST,RICHMOND ST W,,Major Arterial,Toronto and East York,43.646445,-79.40379,At Intersection,Traffic Signal,Clear,Daylight,Dry,Non-Fatal Injury,Angle,Driver,55 to 59,None,,West,"Automobile, Station Wagon",Going Ahead,Driving Properly,Normal,,,,,,,,,Yes,Yes,,,,,Yes,Yes,,,,162,West Queen West,82,Niagara (82),D14,628733.3036,4833842.3764
696,3456465,918360,7/18/2006 8:00:00 AM,1020,YONGE ST,LORD SEATON RD,,Major Arterial,North York,43.752445,-79.40809,At Intersection,Traffic Signal,Clear,Daylight,Dry,Non-Fatal Injury,Rear End,Passenger,35 to 39,Minimal,,,Other,,,,,,,,,,,,Yes,,,,,Yes,,Yes,,,,40,St.Andrew-Windfields,40,St.Andrew-Windfields (40),D32,628160.4674,4845608.4918
697,3456466,918360,7/18/2006 8:00:00 AM,1020,YONGE ST,LORD SEATON RD,,Major Arterial,North York,43.752445,-79.40809,At Intersection,Traffic Signal,Clear,Daylight,Dry,Non-Fatal Injury,Rear End,Driver,40 to 44,Major,,South,"Automobile, Station Wagon",Stopped,Failed to Yield Right of Way,Normal,,,,,,,,,Yes,,,,,Yes,,Yes,,,,40,St.Andrew-Windfields,40,St.Andrew-Windfields (40),D32,628160.4674,4845608.4918
698,3456467,918360,7/18/2006 8:00:00 AM,1020,YONGE ST,LORD SEATON RD,,Major Arterial,North York,43.752445,-79.40809,At Intersection,Traffic Signal,Clear,Daylight,Dry,Non-Fatal Injury,Rear End,Passenger,50 to 54,Minimal,,,Other,,,,,,,,,,,,Yes,,,,,Yes,,Yes,,,,40,St.Andrew-Windfields,40,St.Andrew-Windfields (40),D32,628160.4674,4845608.4918
699,3456468,918360,7/18/2006 8:00:00 AM,1020,YONGE ST,LORD SEATON RD,,Major Arterial,North York,43.752445,-79.40809,At Intersection,Traffic Signal,Clear,Daylight,Dry,Non-Fatal Injury,Rear End,Driver,50 to 54,None,,South,"Automobile, Station Wagon",Stopped,Driving Properly,Normal,,,,,,,,,Yes,,,,,Yes,,Yes,,,,40,St.Andrew-Windfields,40,St.Andrew-Windfields (40),D32,628160.4674,4845608.4918
700,3456469,918360,7/18/2006 8:00:00 AM,1020,YONGE ST,LORD SEATON RD,,Major Arterial,North York,43.752445,-79.40809,At Intersection,Traffic Signal,Clear,Daylight,Dry,Non-Fatal Injury,Rear End,Passenger,30 to 34,Major,,,Other,,,,,,,,,,,,Yes,,,,,Yes,,Yes,,,,40,St.Andrew-Windfields,40,St.Andrew-Windfields (40),D32,628160.4674,4845608.4918
701,3456470,918360,7/18/2006 8:00:00 AM,1020,YONGE ST,LORD SEATON RD,,Major Arterial,North York,43.752445,-79.40809,At Intersection,Traffic Signal,Clear,Daylight,Dry,Non-Fatal Injury,Rear End,Driver,50 to 54,Major,,South,"Automobile, Station Wagon",Going Ahead,Failed to Yield Right of Way,Inattentive,,,,,,,,,Yes,,,,,Yes,,Yes,,,,40,St.Andrew-Windfields,40,St.Andrew-Windfields (40),D32,628160.4674,4845608.4918
702,3456471,918360,7/18/2006 8:00:00 AM,1020,YONGE ST,LORD SEATON RD,,Major Arterial,North York,43.752445,-79.40809,At Intersection,Traffic Signal,Clear,Daylight,Dry,Non-Fatal Injury,Rear End,Driver,45 to 49,None,,South,"Automobile, Station Wagon",Stopped,Driving Properly,Normal,,,,,,,,,Yes,,,,,Yes,,Yes,,,,40,St.Andrew-Windfields,40,St.Andrew-Windfields (40),D32,628160.4674,4845608.4918
703,3445695,914314,7/19/2006 8:00:00 AM,2230,BLOOR ST W,LANSDOWNE AVE,,Major Arterial,Toronto and East York,43.658345,-79.44269,At Intersection,Traffic Signal,Clear,Dark,Dry,Fatal,Pedestrian Collisions,Driver,20 to 24,None,,South,"Automobile, Station Wagon",Turning Right,Failed to Yield Right of Way,Normal,,,,,,,Yes,,Yes,,,,,,,Yes,,,,83,Dufferin Grove,93,Dovercourt-Wallace Emerson-Junction (93),D11,625571.2101,4835104.4205
704,3445696,914314,7/19/2006 8:00:00 AM,2230,BLOOR ST W,LANSDOWNE AVE,,Major Arterial,Toronto and East York,43.658345,-79.44269,At Intersection,Traffic Signal,Clear,Dark,Dry,Fatal,Pedestrian Collisions,Pedestrian,45 to 49,Fatal,,South,Other,,,,Vehicle turns right while ped crosses with ROW at inter.,Crossing with right of way,Normal,,,,Yes,,Yes,,,,,,,Yes,,,,83,Dufferin Grove,93,Dovercourt-Wallace Emerson-Junction (93),D11,625571.2101,4835104.4205
705,3456520,918378,7/20/2006 8:00:00 AM,1623,EGLINTON AVE W,LLOYD MANOR RD,,Major Arterial,Etobicoke York,43.675745,-79.55709,,No Control,Rain,Daylight,Wet,Non-Fatal Injury,Sideswipe,Motorcycle Driver,40 to 44,Major,,East,Motorcycle,Going Ahead,Driving Properly,Normal,,,,,,,,,Yes,Yes,,,,,,,,,,10,Princess-Rosethorn,10,Princess-Rosethorn (10),D22,616313.0623,4836870.1463
706,3456521,918378,7/20/2006 8:00:00 AM,1623,EGLINTON AVE W,LLOYD MANOR RD,,Major Arterial,Etobicoke York,43.675745,-79.55709,,No Control,Rain,Daylight,Wet,Non-Fatal Injury,Sideswipe,Driver,unknown,None,,East,"Automobile, Station Wagon",Changing Lanes,Improper Lane Change,Unknown,,,,,,,,,Yes,Yes,,,,,,,,,,10,Princess-Rosethorn,10,Princess-Rosethorn (10),D22,616313.0623,4836870.1463
707,3468540,922819,7/20/2006 8:00:00 AM,1624,70 MILNER AVE,,,Minor Arterial,Scarborough,43.784045,-79.25269,,No Control,Clear,Daylight,Dry,Non-Fatal Injury,Pedestrian Collisions,Vehicle Owner,unknown,,,,Other,,,,,,,,,,Yes,,Yes,,,,,,,,,,,128,Agincourt South-Malvern West,128,Agincourt South-Malvern West (128),D42,640597.3867,4849370.3528
708,3468541,922819,7/20/2006 8:00:00 AM,1624,70 MILNER AVE,,,Minor Arterial,Scarborough,43.784045,-79.25269,,No Control,Clear,Daylight,Dry,Non-Fatal Injury,Pedestrian Collisions,Driver,30 to 34,None,,West,"Automobile, Station Wagon",Going Ahead,Driving Properly,Normal,,,,,,,Yes,,Yes,,,,,,,,,,,128,Agincourt South-Malvern West,128,Agincourt South-Malvern West (128),D42,640597.3867,4849370.3528
709,3468542,922819,7/20/2006 8:00:00 AM,1624,70 MILNER AVE,,,Minor Arterial,Scarborough,43.784045,-79.25269,,No Control,Clear,Daylight,Dry,Non-Fatal Injury,Pedestrian Collisions,Pedestrian,60 to 64,Major,,South,Other,,,,Vehicle hits the pedestrian walking or running out from between parked vehicles at mid-block,Coming From Behind Parked Vehicle,Inattentive,,,,Yes,,Yes,,,,,,,,,,,128,Agincourt South-Malvern West,128,Agincourt South-Malvern West (128),D42,640597.3867,4849370.3528
710,3450219,916031,7/20/2006 8:00:00 AM,1715,ST MARKS RD,BROOKSIDE AVE,,Collector,Toronto and East York,43.659845,-79.49149,At Intersection,Stop Sign,Rain,Daylight,Wet,Non-Fatal Injury,Turning Movement,Vehicle Owner,unknown,,,,Other,,,,,,,,,,,,Yes,,,,,,,,,,,114,Lambton Baby Point,114,Lambton Baby Point (114),D11,621633.2358,4835198.3191
711,3450220,916031,7/20/2006 8:00:00 AM,1715,ST MARKS RD,BROOKSIDE AVE,,Collector,Toronto and East York,43.659845,-79.49149,At Intersection,Stop Sign,Rain,Daylight,Wet,Non-Fatal Injury,Turning Movement,Driver,30 to 34,Major,,West,"Automobile, Station Wagon",Going Ahead,Driving Properly,Normal,,,,,,,,,Yes,,,,,,,,,,,114,Lambton Baby Point,114,Lambton Baby Point (114),D11,621633.2358,4835198.3191
712,3450221,916031,7/20/2006 8:00:00 AM,1715,ST MARKS RD,BROOKSIDE AVE,,Collector,Toronto and East York,43.659845,-79.49149,At Intersection,Stop Sign,Rain,Daylight,Wet,Non-Fatal Injury,Turning Movement,Driver,30 to 34,None,,South,"Automobile, Station Wagon",Turning Left,Driving Properly,Normal,,,,,,,,,Yes,,,,,,,,,,,114,Lambton Baby Point,114,Lambton Baby Point (114),D11,621633.2358,4835198.3191
713,3457345,918693,7/22/2006 8:00:00 AM,640,RICHMOND ST E,PARLIAMENT ST,,Major Arterial,Toronto and East York,43.654545,-79.36399,At Intersection,Traffic Signal,Clear,Daylight,Dry,Non-Fatal Injury,Angle,Driver,50 to 54,Major,,West,"Automobile, Station Wagon",Going Ahead,Disobeyed Traffic Control,Inattentive,,,,,,,,,Yes,,,Yes,,,,Yes,Yes,,,73,Moss Park,73,Moss Park (73),D51,631925.4468,4834804.4954
714,3457346,918693,7/22/2006 8:00:00 AM,640,RICHMOND ST E,PARLIAMENT ST,,Major Arterial,Toronto and East York,43.654545,-79.36399,At Intersection,Traffic Signal,Clear,Daylight,Dry,Non-Fatal Injury,Angle,Vehicle Owner,unknown,None,,,Other,,,,,,,,,,,,Yes,,,Yes,,,,Yes,Yes,,,73,Moss Park,73,Moss Park (73),D51,631925.4468,4834804.4954
715,3457347,918693,7/22/2006 8:00:00 AM,640,RICHMOND ST E,PARLIAMENT ST,,Major Arterial,Toronto and East York,43.654545,-79.36399,At Intersection,Traffic Signal,Clear,Daylight,Dry,Non-Fatal Injury,Angle,Driver,40 to 44,None,,North,Municipal Transit Bus (TTC),Going Ahead,Driving Properly,Normal,,,,,,,,,Yes,,,Yes,,,,Yes,Yes,,,73,Moss Park,73,Moss Park (73),D51,631925.4468,4834804.4954
716,3447744,915114,7/23/2006 8:00:00 AM,515,HIGHWAY 27 S  S,401 X W 427 X RAMP,,Major Arterial,Etobicoke York,43.679345,-79.57879,,No Control,Clear,Dark,Dry,Non-Fatal Injury,SMV Other,Driver,45 to 49,Major,,South,"Automobile, Station Wagon",Going Ahead,Other,"Ability Impaired, Alcohol Over .08",,,,,,,,,Yes,,,,,,,,,Yes,,1,West Humber-Clairville,1,West Humber-Clairville (1),D23,614556.9607,4837239.7745
717,3447745,915114,7/23/2006 8:00:00 AM,515,HIGHWAY 27 S  S,401 X W 427 X RAMP,,Major Arterial,Etobicoke York,43.679345,-79.57879,,No Control,Clear,Dark,Dry,Non-Fatal Injury,SMV Other,Other Property Owner,unknown,None,,,Other,,,,,,,,,,,,Yes,,,,,,,,,Yes,,1,West Humber-Clairville,1,West Humber-Clairville (1),D23,614556.9607,4837239.7745
718,3447076,914846,7/23/2006 8:00:00 AM,1357,VICTORIA PARK AVE,BISCAYNE BLVD,,Major Arterial,North York,43.729145,-79.30449,,No Control,Rain,Daylight,Wet,Fatal,Pedestrian Collisions,Driver,35 to 39,None,,North,"Automobile, Station Wagon",Going Ahead,Driving Properly,Normal,,,,,,,Yes,,Yes,,,,,,,,,,,43,Victoria Village,43,Victoria Village (43),D33,636554.0785,4843186.1954
719,3447077,914846,7/23/2006 8:00:00 AM,1357,VICTORIA PARK AVE,BISCAYNE BLVD,,Major Arterial,North York,43.729145,-79.30449,,No Control,Rain,Daylight,Wet,Fatal,Pedestrian Collisions,Pedestrian,70 to 74,Fatal,,West,Other,,,,Vehicle is going straight thru inter.while ped cross without ROW,"Crossing, no Traffic Control",Unknown,,,,Yes,,Yes,,,,,,,,,,,43,Victoria Village,43,Victoria Village (43),D33,636554.0785,4843186.1954
720,3447715,915101,7/24/2006 8:00:00 AM,1302,LAKE SHORE BLVD W,JAMESON LAKESHORE RAMP,,Major Arterial,Toronto and East York,43.631745,-79.43259,,No Control,Clear,Daylight,Dry,Non-Fatal Injury,Cyclist Collisions,Cyclist,30 to 34,Major,,East,Bicycle,Going Ahead,,,,,,"Cyclist loses control and strikes object (pole, ttc track)",Lost control,Unknown,,Yes,,,,,,,,,,,,85,South Parkdale,85,South Parkdale (85),D14,626441.4092,4832165.4826
721,3457596,918775,7/24/2006 8:00:00 AM,1428,STEELES AVE W,ALNESS ST,,Major Arterial,North York,43.784645,-79.48109,At Intersection,Traffic Signal,Clear,Daylight,Dry,Non-Fatal Injury,Sideswipe,Vehicle Owner,unknown,,,,Other,,,,,,,,,,,,Yes,,,,,Yes,,,,,,27,York University Heights,27,York University Heights (27),D32,622217.7824,4849074.4251
722,3457597,918775,7/24/2006 8:00:00 AM,1428,STEELES AVE W,ALNESS ST,,Major Arterial,North York,43.784645,-79.48109,At Intersection,Traffic Signal,Clear,Daylight,Dry,Non-Fatal Injury,Sideswipe,Driver,35 to 39,None,,South,"Automobile, Station Wagon",Stopped,Driving Properly,Unknown,,,,,,,,,Yes,,,,,Yes,,,,,,27,York University Heights,27,York University Heights (27),D32,622217.7824,4849074.4251
723,3457598,918775,7/24/2006 8:00:00 AM,1428,STEELES AVE W,ALNESS ST,,Major Arterial,North York,43.784645,-79.48109,At Intersection,Traffic Signal,Clear,Daylight,Dry,Non-Fatal Injury,Sideswipe,Vehicle Owner,unknown,,,,Other,,,,,,,,,,,,Yes,,,,,Yes,,,,,,27,York University Heights,27,York University Heights (27),D32,622217.7824,4849074.4251
724,3457599,918775,7/24/2006 8:00:00 AM,1428,STEELES AVE W,ALNESS ST,,Major Arterial,North York,43.784645,-79.48109,At Intersection,Traffic Signal,Clear,Daylight,Dry,Non-Fatal Injury,Sideswipe,Driver,15 to 19,None,,North,"Automobile, Station Wagon",Turning Right,Improper Lane Change,Inattentive,,,,,,,,,Yes,,,,,Yes,,,,,,27,York University Heights,27,York University Heights (27),D32,622217.7824,4849074.4251
725,3457600,918775,7/24/2006 8:00:00 AM,1428,STEELES AVE W,ALNESS ST,,Major Arterial,North York,43.784645,-79.48109,At Intersection,Traffic Signal,Clear,Daylight,Dry,Non-Fatal Injury,Sideswipe,Passenger,20 to 24,Minor,,,Other,,,,,,,,,,,,Yes,,,,,Yes,,,,,,27,York University Heights,27,York University Heights (27),D32,622217.7824,4849074.4251
726,3457601,918775,7/24/2006 8:00:00 AM,1428,STEELES AVE W,ALNESS ST,,Major Arterial,North York,43.784645,-79.48109,At Intersection,Traffic Signal,Clear,Daylight,Dry,Non-Fatal Injury,Sideswipe,Driver,60 to 64,Major,,North,"Automobile, Station Wagon",Going Ahead,Driving Properly,Normal,,,,,,,,,Yes,,,,,Yes,,,,,,27,York University Heights,27,York University Heights (27),D32,622217.7824,4849074.4251
727,3458767,919231,7/24/2006 8:00:00 AM,2348,DON MILLS RD,DON VALLEY PARKWAY S  S,,Major Arterial,Toronto and East York,43.700245,-79.33769,,No Control,Clear,Dark,Dry,Non-Fatal Injury,Approaching,Driver,30 to 34,None,,North,"Automobile, Station Wagon",Other,Other,"Ability Impaired, Alcohol Over .08",,,,,,,,,Yes,,,,,Yes,,,,Yes,,58,Old East York,58,Old East York (58),D55,633944.5397,4839922.2581
728,3458768,919231,7/24/2006 8:00:00 AM,2348,DON MILLS RD,DON VALLEY PARKWAY S  S,,Major Arterial,Toronto and East York,43.700245,-79.33769,,No Control,Clear,Dark,Dry,Non-Fatal Injury,Approaching,Passenger,25 to 29,Major,,,Other,,,,,,,,,,,,Yes,,,,,Yes,,,,Yes,,58,Old East York,58,Old East York (58),D55,633944.5397,4839922.2581
729,3458769,919231,7/24/2006 8:00:00 AM,2348,DON MILLS RD,DON VALLEY PARKWAY S  S,,Major Arterial,Toronto and East York,43.700245,-79.33769,,No Control,Clear,Dark,Dry,Non-Fatal Injury,Approaching,Vehicle Owner,unknown,None,,,Other,,,,,,,,,,,,Yes,,,,,Yes,,,,Yes,,58,Old East York,58,Old East York (58),D55,633944.5397,4839922.2581
730,3458770,919231,7/24/2006 8:00:00 AM,2348,DON MILLS RD,DON VALLEY PARKWAY S  S,,Major Arterial,Toronto and East York,43.700245,-79.33769,,No Control,Clear,Dark,Dry,Non-Fatal Injury,Approaching,Driver,25 to 29,Minor,,South,"Automobile, Station Wagon",Going Ahead,Driving Properly,Normal,,,,,,,,,Yes,,,,,Yes,,,,Yes,,58,Old East York,58,Old East York (58),D55,633944.5397,4839922.2581
731,3448893,915543,7/26/2006 8:00:00 AM,544,NUGGET AVE,SHORTING RD,,Minor Arterial,Scarborough,43.796345,-79.25089,,Stop Sign,Clear,Daylight,Other,Non-Fatal Injury,Approaching,Truck Driver,60 to 64,None,,East,Truck - Open,Going Ahead,Driving Properly,Normal,,,,,,,,,Yes,,Yes,,,,,Yes,,,,128,Agincourt South-Malvern West,128,Agincourt South-Malvern West (128),D42,640713.3563,4850739.5229
732,3448894,915543,7/26/2006 8:00:00 AM,544,NUGGET AVE,SHORTING RD,,Minor Arterial,Scarborough,43.796345,-79.25089,,Stop Sign,Clear,Daylight,Other,Non-Fatal Injury,Approaching,Driver,30 to 34,Major,,West,"Automobile, Station Wagon",Going Ahead,Other,Normal,,,,,,,,,Yes,,Yes,,,,,Yes,,,,128,Agincourt South-Malvern West,128,Agincourt South-Malvern West (128),D42,640713.3563,4850739.5229
733,3459509,919514,7/26/2006 8:00:00 AM,2135,ALBION RD,ARMEL CRT,,Major Arterial,Etobicoke York,43.721345,-79.54559,At Intersection,Traffic Signal,Rain,Dark,Wet,Non-Fatal Injury,Angle,Vehicle Owner,unknown,None,,,Other,,,,,,,,,,,,Yes,,,,,Yes,,,,,,5,Elms-Old Rexdale,5,Elms-Old Rexdale (5),D23,617151.2496,4841950.8353
734,3459510,919514,7/26/2006 8:00:00 AM,2135,ALBION RD,ARMEL CRT,,Major Arterial,Etobicoke York,43.721345,-79.54559,At Intersection,Traffic Signal,Rain,Dark,Wet,Non-Fatal Injury,Angle,Driver,20 to 24,Major,,West,"Automobile, Station Wagon",Going Ahead,Other,Normal,,,,,,,,,Yes,,,,,Yes,,,,,,5,Elms-Old Rexdale,5,Elms-Old Rexdale (5),D23,617151.2496,4841950.8353
735,3459511,919514,7/26/2006 8:00:00 AM,2135,ALBION RD,ARMEL CRT,,Major Arterial,Etobicoke York,43.721345,-79.54559,At Intersection,Traffic Signal,Rain,Dark,Wet,Non-Fatal Injury,Angle,Passenger,60 to 64,Minor,,,Other,,,,,,,,,,,,Yes,,,,,Yes,,,,,,5,Elms-Old Rexdale,5,Elms-Old Rexdale (5),D23,617151.2496,4841950.8353
736,3459512,919514,7/26/2006 8:00:00 AM,2135,ALBION RD,ARMEL CRT,,Major Arterial,Etobicoke York,43.721345,-79.54559,At Intersection,Traffic Signal,Rain,Dark,Wet,Non-Fatal Injury,Angle,Driver,65 to 69,Minor,,North,"Automobile, Station Wagon",Going Ahead,Other,Normal,,,,,,,,,Yes,,,,,Yes,,,,,,5,Elms-Old Rexdale,5,Elms-Old Rexdale (5),D23,617151.2496,4841950.8353
737,3533055,919835,7/28/2006 8:00:00 AM,1610,225 BIRMINGHAM ST,,,Collector,Etobicoke York,43.602045,-79.51169,,No Control,Clear,Daylight,Dry,Non-Fatal Injury,Cyclist Collisions,Vehicle Owner,unknown,,,,Other,,,,,,,,,,,Yes,Yes,,,,,,,Yes,,,,18,New Toronto,18,New Toronto (18),D22,620119.5533,4828749.4968
738,3533056,919835,7/28/2006 8:00:00 AM,1610,225 BIRMINGHAM ST,,,Collector,Etobicoke York,43.602045,-79.51169,,No Control,Clear,Daylight,Dry,Non-Fatal Injury,Cyclist Collisions,Driver,55 to 59,None,,North,"Automobile, Station Wagon",Turning Left,Failed to Yield Right of Way,Inattentive,,,,,,,,Yes,Yes,,,,,,,Yes,,,,18,New Toronto,18,New Toronto (18),D22,620119.5533,4828749.4968
739,3533057,919835,7/28/2006 8:00:00 AM,1610,225 BIRMINGHAM ST,,,Collector,Etobicoke York,43.602045,-79.51169,,No Control,Clear,Daylight,Dry,Non-Fatal Injury,Cyclist Collisions,Cyclist,45 to 49,Major,,East,Bicycle,Going Ahead,,,,,,Motorist turned left across cyclists path.,Driving Properly,Normal,,Yes,Yes,,,,,,,Yes,,,,18,New Toronto,18,New Toronto (18),D22,620119.5533,4828749.4968
740,3603371,915991,7/28/2006 8:00:00 AM,1626,ISLINGTON AVE,DIXON RD,,Major Arterial,Etobicoke York,43.694445,-79.54549,,No Control,Clear,Daylight,Dry,Fatal,Pedestrian Collisions,Passenger,5 to 9,None,,,Other,,,,,,,,,,Yes,,Yes,,,,,Yes,,,,,,6,Kingsview Village-The Westway,6,Kingsview Village-The Westway (6),D23,617211.7223,4838963.3617