OBJECTID,INDEX,ACCNUM,DATE,TIME,STREET1,STREET2,OFFSET,ROAD_CLASS,DISTRICT,LATITUDE,LONGITUDE,ACCLOC,TRAFFCTL,VISIBILITY,LIGHT,RDSFCOND,ACCLASS,IMPACTYPE,INVTYPE,INVAGE,INJURY,FATAL_NO,INITDIR,VEHTYPE,MANOEUVER,DRIVACT,DRIVCOND,PEDTYPE,PEDACT,PEDCOND,CYCLISTYPE,CYCACT,CYCCOND,PEDESTRIAN,CYCLIST,AUTOMOBILE,MOTORCYCLE,TRUCK,TRSN_CITY_VEH,EMERG_VEH,PASSENGER,SPEEDING,AG_DRIV,REDLIGHT,ALCOHOL,DISABILITY,HOOD_158,NEIGHBOURHOOD_158,HOOD_140,NEIGHBOURHOOD_140,DIVISION,x,y
741,3603372,915991,7/28/2006 8:00:00 AM,1626,ISLINGTON AVE,DIXON RD,,Major Arterial,Etobicoke York,43.694445,-79.54549,,No Control,Clear,Daylight,Dry,Fatal,Pedestrian Collisions,Vehicle Owner,unknown,,,,Other,,,,,,,,,,Yes,,Yes,,,,,Yes,,,,,,6,Kingsview Village-The Westway,6,Kingsview Village-The Westway (6),D23,617211.7223,4838963.3617
742,3603373,915991,7/28/2006 8:00:00 AM,1626,ISLINGTON AVE,DIXON RD,,Major Arterial,Etobicoke York,43.694445,-79.54549,,No Control,Clear,Daylight,Dry,Fatal,Pedestrian Collisions,Driver,35 to 39,None,,North,"Automobile, Station Wagon",Going Ahead,Lost control,Unknown,,,,,,,Yes,,Yes,,,,,Yes,,,,,,6,Kingsview Village-The Westway,6,Kingsview Village-The Westway (6),D23,617211.7223,4838963.3617
743,3603374,915991,7/28/2006 8:00:00 AM,1626,ISLINGTON AVE,DIXON RD,,Major Arterial,Etobicoke York,43.694445,-79.54549,,No Control,Clear,Daylight,Dry,Fatal,Pedestrian Collisions,Pedestrian,20 to 24,Fatal,,South,Other,,,,Pedestrian hit on sidewalk or shoulder,On Sidewalk or Shoulder,Normal,,,,Yes,,Yes,,,,,Yes,,,,,,6,Kingsview Village-The Westway,6,Kingsview Village-The Westway (6),D23,617211.7223,4838963.3617
744,3472744,924338,7/30/2006 8:00:00 AM,720,LAWRENCE AVE W,JANE ST,,Major Arterial,Etobicoke York,43.702845,-79.50379,At Intersection,Traffic Signal,Clear,Daylight,Dry,Non-Fatal Injury,Pedestrian Collisions,Driver,20 to 24,None,,East,"Automobile, Station Wagon",Turning Right,Failed to Yield Right of Way,Unknown,,,,,,,Yes,,Yes,,,,,,,Yes,,,,30,Brookhaven-Amesbury,30,Brookhaven-Amesbury (30),D12,620555.3097,4839956.0862
745,3472745,924338,7/30/2006 8:00:00 AM,720,LAWRENCE AVE W,JANE ST,,Major Arterial,Etobicoke York,43.702845,-79.50379,At Intersection,Traffic Signal,Clear,Daylight,Dry,Non-Fatal Injury,Pedestrian Collisions,Pedestrian,80 to 84,Major,,East,Other,,,,Vehicle turns right while ped crosses with ROW at inter.,Crossing with right of way,Normal,,,,Yes,,Yes,,,,,,,Yes,,,,30,Brookhaven-Amesbury,30,Brookhaven-Amesbury (30),D12,620555.3097,4839956.0862
746,3467914,922598,7/30/2006 8:00:00 AM,1435,DON MILLS RD,MCNICOLL AVE,,Major Arterial,North York,43.799645,-79.35409,At Intersection,Traffic Signal,Clear,Daylight,Dry,Non-Fatal Injury,Turning Movement,Passenger,45 to 49,Major,,,Other,,,,,,,,,,,,Yes,,,,,Yes,,,,,,48,Hillcrest Village,48,Hillcrest Village (48),D33,632403.6924,4850935.7512
747,3467915,922598,7/30/2006 8:00:00 AM,1435,DON MILLS RD,MCNICOLL AVE,,Major Arterial,North York,43.799645,-79.35409,At Intersection,Traffic Signal,Clear,Daylight,Dry,Non-Fatal Injury,Turning Movement,Driver,45 to 49,Minimal,,North,"Automobile, Station Wagon",Going Ahead,Driving Properly,Normal,,,,,,,,,Yes,,,,,Yes,,,,,,48,Hillcrest Village,48,Hillcrest Village (48),D33,632403.6924,4850935.7512
748,3467916,922598,7/30/2006 8:00:00 AM,1435,DON MILLS RD,MCNICOLL AVE,,Major Arterial,North York,43.799645,-79.35409,At Intersection,Traffic Signal,Clear,Daylight,Dry,Non-Fatal Injury,Turning Movement,Vehicle Owner,unknown,None,,,Other,,,,,,,,,,,,Yes,,,,,Yes,,,,,,48,Hillcrest Village,48,Hillcrest Village (48),D33,632403.6924,4850935.7512
749,3467917,922598,7/30/2006 8:00:00 AM,1435,DON MILLS RD,MCNICOLL AVE,,Major Arterial,North York,43.799645,-79.35409,At Intersection,Traffic Signal,Clear,Daylight,Dry,Non-Fatal Injury,Turning Movement,Driver,35 to 39,None,,South,"Automobile, Station Wagon",Turning Left,Improper Turn,Normal,,,,,,,,,Yes,,,,,Yes,,,,,,48,Hillcrest Village,48,Hillcrest Village (48),D33,632403.6924,4850935.7512
750,3467918,922598,7/30/2006 8:00:00 AM,1435,DON MILLS RD,MCNICOLL AVE,,Major Arterial,North York,43.799645,-79.35409,At Intersection,Traffic Signal,Clear,Daylight,Dry,Non-Fatal Injury,Turning Movement,Other Property Owner,unknown,None,,,Other,,,,,,,,,,,,Yes,,,,,Yes,,,,,,48,Hillcrest Village,48,Hillcrest Village (48),D33,632403.6924,4850935.7512
751,3450204,916024,7/30/2006 8:00:00 AM,2155,F G GARDINER XY Ramp W,GARDINER W S KINGSWAY RAMP,,,Toronto and East York,43.634645,-79.47159,,No Control,Clear,Dark,Dry,Fatal,SMV Other,Motorcycle Driver,20 to 24,Fatal,,West,Motorcycle,Going Ahead,Lost control,Unknown,,,,,,,,,,Yes,,,,,,,,,,85,South Parkdale,85,South Parkdale (85),D11,623289.3581,4832428.9008
752,3451600,916541,7/31/2006 8:00:00 AM,632,FINCH AVE E,BRAHMS AVE,,Major Arterial,North York,43.791945,-79.35809,At Intersection,Traffic Signal,Clear,Daylight,Dry,Non-Fatal Injury,Pedestrian Collisions,Passenger,30 to 34,None,,,Other,,,,,,,,,,Yes,,Yes,,,,,Yes,,,,,,47,Don Valley Village,47,Don Valley Village (47),D33,632098.8791,4850074.1528
753,3451601,916541,7/31/2006 8:00:00 AM,632,FINCH AVE E,BRAHMS AVE,,Major Arterial,North York,43.791945,-79.35809,At Intersection,Traffic Signal,Clear,Daylight,Dry,Non-Fatal Injury,Pedestrian Collisions,Pedestrian,15 to 19,Major,,South,Other,,,,Vehicle is going straight thru inter.while ped cross without ROW,Crossing without right of way,Inattentive,,,,Yes,,Yes,,,,,Yes,,,,,,47,Don Valley Village,47,Don Valley Village (47),D33,632098.8791,4850074.1528
754,3451602,916541,7/31/2006 8:00:00 AM,632,FINCH AVE E,BRAHMS AVE,,Major Arterial,North York,43.791945,-79.35809,At Intersection,Traffic Signal,Clear,Daylight,Dry,Non-Fatal Injury,Pedestrian Collisions,Driver,30 to 34,None,,West,"Automobile, Station Wagon",Going Ahead,Driving Properly,Normal,,,,,,,Yes,,Yes,,,,,Yes,,,,,,47,Don Valley Village,47,Don Valley Village (47),D33,632098.8791,4850074.1528
755,3461340,920182,7/31/2006 8:00:00 AM,1440,BLOOR ST W,KENNEDY AVE,,Major Arterial,Toronto and East York,43.651245,-79.47549,,No Control,Clear,Daylight,Dry,Non-Fatal Injury,Pedestrian Collisions,Vehicle Owner,unknown,,,,Other,,,,,,,,,,Yes,,Yes,,,,,,,Yes,,,,87,High Park-Swansea,87,High Park-Swansea (87),D11,622940.8973,4834266.7572
756,3461341,920182,7/31/2006 8:00:00 AM,1440,BLOOR ST W,KENNEDY AVE,,Major Arterial,Toronto and East York,43.651245,-79.47549,,No Control,Clear,Daylight,Dry,Non-Fatal Injury,Pedestrian Collisions,Driver,40 to 44,None,,West,"Automobile, Station Wagon",Going Ahead,Improper Passing,Normal,,,,,,,Yes,,Yes,,,,,,,Yes,,,,87,High Park-Swansea,87,High Park-Swansea (87),D11,622940.8973,4834266.7572
757,3461342,920182,7/31/2006 8:00:00 AM,1440,BLOOR ST W,KENNEDY AVE,,Major Arterial,Toronto and East York,43.651245,-79.47549,,No Control,Clear,Daylight,Dry,Non-Fatal Injury,Pedestrian Collisions,Pedestrian,10 to 14,Major,,South,Other,,,,Vehicle is going straight thru inter.while ped cross without ROW,Running onto Roadway,Normal,,,,Yes,,Yes,,,,,,,Yes,,,,87,High Park-Swansea,87,High Park-Swansea (87),D11,622940.8973,4834266.7572
758,3461709,920315,7/31/2006 8:00:00 AM,1659,BAY ST,KING ST W,,Major Arterial,Toronto and East York,43.648645,-79.38029,,Traffic Signal,Clear,Daylight,Dry,Non-Fatal Injury,Cyclist Collisions,Cyclist,30 to 34,Major,,South,Bicycle,Pulling Onto Shoulder or towardCurb,,,,,,"Cyclist loses control and strikes object (pole, ttc track)",Lost control,Normal,,Yes,,,,,,,,,,,,170,Yonge-Bay Corridor,76,Bay Street Corridor (76),D52,630623.8146,4834123.4365
759,3462914,920756,8/1/2006 8:00:00 AM,1838,HENLEY CRES,KIPLING AVE,,Local,Etobicoke York,43.730645,-79.57539,At Intersection,No Control,Clear,Daylight,Dry,Non-Fatal Injury,Cyclist Collisions,Driver,70 to 74,None,,West,"Automobile, Station Wagon",Going Ahead,Disobeyed Traffic Control,Unknown,,,,,,,,Yes,Yes,,,,,,,Yes,,,,4,Rexdale-Kipling,4,Rexdale-Kipling (4),D23,614733.1175,4842942.0402
760,3462915,920756,8/1/2006 8:00:00 AM,1838,HENLEY CRES,KIPLING AVE,,Local,Etobicoke York,43.730645,-79.57539,At Intersection,No Control,Clear,Daylight,Dry,Non-Fatal Injury,Cyclist Collisions,Cyclist,60 to 64,Major,,South,Bicycle,Going Ahead,,,,,,Cyclist rode off sidewalk into road at midblock.,Driving Properly,Normal,,Yes,Yes,,,,,,,Yes,,,,4,Rexdale-Kipling,4,Rexdale-Kipling (4),D23,614733.1175,4842942.0402
761,3451849,916630,8/1/2006 8:00:00 AM,2345,NEILSON RD,WICKSON TRL,,Minor Arterial,Scarborough,43.802045,-79.21779,At Intersection,Traffic Signal,Clear,Dark,Dry,Fatal,Pedestrian Collisions,Driver,50 to 54,Minor,,North,"Automobile, Station Wagon",Going Ahead,Driving Properly,Normal,,,,,,,Yes,,Yes,,,,,,,,,,,146,Malvern East,132,Malvern (132),D42,643362.6005,4851429.4123
762,3451850,916630,8/1/2006 8:00:00 AM,2345,NEILSON RD,WICKSON TRL,,Minor Arterial,Scarborough,43.802045,-79.21779,At Intersection,Traffic Signal,Clear,Dark,Dry,Fatal,Pedestrian Collisions,Pedestrian,30 to 34,Fatal,,East,Other,,,,Vehicle is going straight thru inter.while ped cross without ROW,Crossing without right of way,Had Been Drinking,,,,Yes,,Yes,,,,,,,,,,,146,Malvern East,132,Malvern (132),D42,643362.6005,4851429.4123
763,3452785,916979,8/3/2006 8:00:00 AM,122,F G GARDINER XY E  E,LAKESHORE W GARDINER RAMP E,,Major Arterial,Toronto and East York,43.634145,-79.47169,,No Control,Rain,Dark,Wet,Non-Fatal Injury,Pedestrian Collisions,Vehicle Owner,unknown,None,,,Other,,,,,,,,,,Yes,,Yes,,,,,Yes,,,,Yes,,85,South Parkdale,85,South Parkdale (85),D11,623282.3139,4832373.2209
764,3452786,916979,8/3/2006 8:00:00 AM,122,F G GARDINER XY E  E,LAKESHORE W GARDINER RAMP E,,Major Arterial,Toronto and East York,43.634145,-79.47169,,No Control,Rain,Dark,Wet,Non-Fatal Injury,Pedestrian Collisions,Driver,45 to 49,None,,East,"Automobile, Station Wagon",Stopped,Driving Properly,Normal,,,,,,,Yes,,Yes,,,,,Yes,,,,Yes,,85,South Parkdale,85,South Parkdale (85),D11,623282.3139,4832373.2209
765,3452787,916979,8/3/2006 8:00:00 AM,122,F G GARDINER XY E  E,LAKESHORE W GARDINER RAMP E,,Major Arterial,Toronto and East York,43.634145,-79.47169,,No Control,Rain,Dark,Wet,Non-Fatal Injury,Pedestrian Collisions,Passenger,15 to 19,Minor,,,Other,,,,,,,,,,Yes,,Yes,,,,,Yes,,,,Yes,,85,South Parkdale,85,South Parkdale (85),D11,623282.3139,4832373.2209
766,3452788,916979,8/3/2006 8:00:00 AM,122,F G GARDINER XY E  E,LAKESHORE W GARDINER RAMP E,,Major Arterial,Toronto and East York,43.634145,-79.47169,,No Control,Rain,Dark,Wet,Non-Fatal Injury,Pedestrian Collisions,Driver,20 to 24,Minor,,East,"Automobile, Station Wagon",Going Ahead,Lost control,"Ability Impaired, Alcohol",,,,,,,Yes,,Yes,,,,,Yes,,,,Yes,,85,South Parkdale,85,South Parkdale (85),D11,623282.3139,4832373.2209
767,3452789,916979,8/3/2006 8:00:00 AM,122,F G GARDINER XY E  E,LAKESHORE W GARDINER RAMP E,,Major Arterial,Toronto and East York,43.634145,-79.47169,,No Control,Rain,Dark,Wet,Non-Fatal Injury,Pedestrian Collisions,Pedestrian,20 to 24,Major,,East,Other,,,,Pedestrian hit on sidewalk or shoulder,On Sidewalk or Shoulder,Normal,,,,Yes,,Yes,,,,,Yes,,,,Yes,,85,South Parkdale,85,South Parkdale (85),D11,623282.3139,4832373.2209
768,3452790,916979,8/3/2006 8:00:00 AM,122,F G GARDINER XY E  E,LAKESHORE W GARDINER RAMP E,,Major Arterial,Toronto and East York,43.634145,-79.47169,,No Control,Rain,Dark,Wet,Non-Fatal Injury,Pedestrian Collisions,Pedestrian,20 to 24,Minor,,East,Other,,,,Pedestrian hit on sidewalk or shoulder,On Sidewalk or Shoulder,Normal,,,,Yes,,Yes,,,,,Yes,,,,Yes,,85,South Parkdale,85,South Parkdale (85),D11,623282.3139,4832373.2209
769,3603408,917154,8/3/2006 8:00:00 AM,130,JANE ST,FOXWELL ST,,Major Arterial,Etobicoke York,43.672145,-79.49399,,No Control,Rain,Dark,Wet,Fatal,Pedestrian Collisions,Pedestrian,50 to 54,Fatal,,East,Other,,,,Pedestrian hit at mid-block,Running onto Roadway,Unknown,,,,Yes,,Yes,,,,,,,,,,,111,Rockcliffe-Smythe,111,Rockcliffe-Smythe (111),D12,621406.8577,4836560.7335
770,3603409,917154,8/3/2006 8:00:00 AM,130,JANE ST,FOXWELL ST,,Major Arterial,Etobicoke York,43.672145,-79.49399,,No Control,Rain,Dark,Wet,Fatal,Pedestrian Collisions,Vehicle Owner,unknown,,,,Other,,,,,,,,,,Yes,,Yes,,,,,,,,,,,111,Rockcliffe-Smythe,111,Rockcliffe-Smythe (111),D12,621406.8577,4836560.7335
771,3603410,917154,8/3/2006 8:00:00 AM,130,JANE ST,FOXWELL ST,,Major Arterial,Etobicoke York,43.672145,-79.49399,,No Control,Rain,Dark,Wet,Fatal,Pedestrian Collisions,Driver,40 to 44,None,,South,"Automobile, Station Wagon",Going Ahead,Driving Properly,Normal,,,,,,,Yes,,Yes,,,,,,,,,,,111,Rockcliffe-Smythe,111,Rockcliffe-Smythe (111),D12,621406.8577,4836560.7335
772,3452282,916791,8/3/2006 8:00:00 AM,319,MIDLAND AVE,LAWRENCE AVE E,,Major Arterial,Scarborough,43.751545,-79.26509,At Intersection,Traffic Signal,Clear,Dark,Dry,Non-Fatal Injury,Angle,Passenger,25 to 29,None,,,Other,,,,,,,,,,,,Yes,,,,,Yes,,Yes,Yes,,,126,Dorset Park,126,Dorset Park (126),D41,639675.2383,4845739.7369
773,3452283,916791,8/3/2006 8:00:00 AM,319,MIDLAND AVE,LAWRENCE AVE E,,Major Arterial,Scarborough,43.751545,-79.26509,At Intersection,Traffic Signal,Clear,Dark,Dry,Non-Fatal Injury,Angle,Passenger,25 to 29,None,,,Other,,,,,,,,,,,,Yes,,,,,Yes,,Yes,Yes,,,126,Dorset Park,126,Dorset Park (126),D41,639675.2383,4845739.7369
774,3452284,916791,8/3/2006 8:00:00 AM,319,MIDLAND AVE,LAWRENCE AVE E,,Major Arterial,Scarborough,43.751545,-79.26509,At Intersection,Traffic Signal,Clear,Dark,Dry,Non-Fatal Injury,Angle,Passenger,35 to 39,None,,,Other,,,,,,,,,,,,Yes,,,,,Yes,,Yes,Yes,,,126,Dorset Park,126,Dorset Park (126),D41,639675.2383,4845739.7369
775,3452285,916791,8/3/2006 8:00:00 AM,319,MIDLAND AVE,LAWRENCE AVE E,,Major Arterial,Scarborough,43.751545,-79.26509,At Intersection,Traffic Signal,Clear,Dark,Dry,Non-Fatal Injury,Angle,Driver,45 to 49,Minimal,,North,"Automobile, Station Wagon",Going Ahead,Driving Properly,Normal,,,,,,,,,Yes,,,,,Yes,,Yes,Yes,,,126,Dorset Park,126,Dorset Park (126),D41,639675.2383,4845739.7369
776,3452286,916791,8/3/2006 8:00:00 AM,319,MIDLAND AVE,LAWRENCE AVE E,,Major Arterial,Scarborough,43.751545,-79.26509,At Intersection,Traffic Signal,Clear,Dark,Dry,Non-Fatal Injury,Angle,Vehicle Owner,unknown,None,,,Other,,,,,,,,,,,,Yes,,,,,Yes,,Yes,Yes,,,126,Dorset Park,126,Dorset Park (126),D41,639675.2383,4845739.7369
777,3452287,916791,8/3/2006 8:00:00 AM,319,MIDLAND AVE,LAWRENCE AVE E,,Major Arterial,Scarborough,43.751545,-79.26509,At Intersection,Traffic Signal,Clear,Dark,Dry,Non-Fatal Injury,Angle,Passenger,50 to 54,Major,,,Other,,,,,,,,,,,,Yes,,,,,Yes,,Yes,Yes,,,126,Dorset Park,126,Dorset Park (126),D41,639675.2383,4845739.7369
778,3452288,916791,8/3/2006 8:00:00 AM,319,MIDLAND AVE,LAWRENCE AVE E,,Major Arterial,Scarborough,43.751545,-79.26509,At Intersection,Traffic Signal,Clear,Dark,Dry,Non-Fatal Injury,Angle,Driver,35 to 39,Major,,East,"Automobile, Station Wagon",Going Ahead,Disobeyed Traffic Control,Unknown,,,,,,,,,Yes,,,,,Yes,,Yes,Yes,,,126,Dorset Park,126,Dorset Park (126),D41,639675.2383,4845739.7369
779,3603522,920424,8/3/2006 8:00:00 AM,1831,SHEPPARD AVE E,DORIS AVE,,Major Arterial,North York,43.762045,-79.40829,,Traffic Signal,Clear,Daylight,Dry,Non-Fatal Injury,Pedestrian Collisions,Driver,55 to 59,None,,West,"Automobile, Station Wagon",Going Ahead,Driving Properly,Normal,,,,,,,Yes,,Yes,,,,,,,Yes,,,,153,Avondale,51,Willowdale East (51),D32,628123.8749,4846674.406
780,3603523,920424,8/3/2006 8:00:00 AM,1831,SHEPPARD AVE E,DORIS AVE,,Major Arterial,North York,43.762045,-79.40829,,Traffic Signal,Clear,Daylight,Dry,Non-Fatal Injury,Pedestrian Collisions,Driver,60 to 64,None,,East,"Automobile, Station Wagon",Turning Left,Failed to Yield Right of Way,Normal,,,,,,,Yes,,Yes,,,,,,,Yes,,,,153,Avondale,51,Willowdale East (51),D32,628123.8749,4846674.406
781,3603524,920424,8/3/2006 8:00:00 AM,1831,SHEPPARD AVE E,DORIS AVE,,Major Arterial,North York,43.762045,-79.40829,,Traffic Signal,Clear,Daylight,Dry,Non-Fatal Injury,Pedestrian Collisions,Driver,40 to 44,None,,South,"Automobile, Station Wagon",Stopped,Driving Properly,Normal,,,,,,,Yes,,Yes,,,,,,,Yes,,,,153,Avondale,51,Willowdale East (51),D32,628123.8749,4846674.406
782,3603525,920424,8/3/2006 8:00:00 AM,1831,SHEPPARD AVE E,DORIS AVE,,Major Arterial,North York,43.762045,-79.40829,,Traffic Signal,Clear,Daylight,Dry,Non-Fatal Injury,Pedestrian Collisions,Pedestrian,45 to 49,Major,,West,Other,,,,Vehicle turns left while ped crosses with ROW at inter.,Crossing with right of way,Normal,,,,Yes,,Yes,,,,,,,Yes,,,,153,Avondale,51,Willowdale East (51),D32,628123.8749,4846674.406
783,3453438,917223,8/5/2006 8:00:00 AM,6,WESTHEAD RD,DUNNING CRES,,Local,Etobicoke York,43.603245,-79.55459,,No Control,Clear,Dark,Dry,Non-Fatal Injury,Pedestrian Collisions,Driver,20 to 24,None,,South,"Automobile, Station Wagon",Going Ahead,Other,Had Been Drinking,,,,,,,Yes,,Yes,,,,,,,,,,,20,Alderwood,20,Alderwood (20),D22,616654.8024,4828821.625
784,3453439,917223,8/5/2006 8:00:00 AM,6,WESTHEAD RD,DUNNING CRES,,Local,Etobicoke York,43.603245,-79.55459,,No Control,Clear,Dark,Dry,Non-Fatal Injury,Pedestrian Collisions,Pedestrian,15 to 19,Minor,,,Other,,,,Other / Undefined,Walking on Roadway Against Traffic,Had Been Drinking,,,,Yes,,Yes,,,,,,,,,,,20,Alderwood,20,Alderwood (20),D22,616654.8024,4828821.625
785,3453440,917223,8/5/2006 8:00:00 AM,6,WESTHEAD RD,DUNNING CRES,,Local,Etobicoke York,43.603245,-79.55459,,No Control,Clear,Dark,Dry,Non-Fatal Injury,Pedestrian Collisions,Pedestrian,15 to 19,Minor,,,Other,,,,Other / Undefined,Walking on Roadway Against Traffic,Had Been Drinking,,,,Yes,,Yes,,,,,,,,,,,20,Alderwood,20,Alderwood (20),D22,616654.8024,4828821.625
786,3453441,917223,8/5/2006 8:00:00 AM,6,WESTHEAD RD,DUNNING CRES,,Local,Etobicoke York,43.603245,-79.55459,,No Control,Clear,Dark,Dry,Non-Fatal Injury,Pedestrian Collisions,Pedestrian,15 to 19,Major,,,Other,,,,Other / Undefined,Walking on Roadway Against Traffic,Had Been Drinking,,,,Yes,,Yes,,,,,,,,,,,20,Alderwood,20,Alderwood (20),D22,616654.8024,4828821.625
787,3453442,917223,8/5/2006 8:00:00 AM,6,WESTHEAD RD,DUNNING CRES,,Local,Etobicoke York,43.603245,-79.55459,,No Control,Clear,Dark,Dry,Non-Fatal Injury,Pedestrian Collisions,Pedestrian,15 to 19,Major,,,Other,,,,Other / Undefined,Walking on Roadway Against Traffic,Had Been Drinking,,,,Yes,,Yes,,,,,,,,,,,20,Alderwood,20,Alderwood (20),D22,616654.8024,4828821.625
788,3603537,920995,8/5/2006 8:00:00 AM,330,333 KING ST W,,,Major Arterial,Toronto and East York,43.646245,-79.39149,,No Control,Clear,Dark,Dry,Non-Fatal Injury,SMV Unattended Vehicle,Other,Over 95,None,,,Other,Parked,,,,,,,,,,,Yes,,,,,Yes,,Yes,,,,164,Wellington Place,77,Waterfront Communities-The Island (77),D52,629725.7315,4833839.3169
789,3603538,920995,8/5/2006 8:00:00 AM,330,333 KING ST W,,,Major Arterial,Toronto and East York,43.646245,-79.39149,,No Control,Clear,Dark,Dry,Non-Fatal Injury,SMV Unattended Vehicle,Vehicle Owner,unknown,None,,,Other,,,,,,,,,,,,Yes,,,,,Yes,,Yes,,,,164,Wellington Place,77,Waterfront Communities-The Island (77),D52,629725.7315,4833839.3169
790,3603539,920995,8/5/2006 8:00:00 AM,330,333 KING ST W,,,Major Arterial,Toronto and East York,43.646245,-79.39149,,No Control,Clear,Dark,Dry,Non-Fatal Injury,SMV Unattended Vehicle,Passenger,0 to 4,Major,,,Other,,,,,,,,,,,,Yes,,,,,Yes,,Yes,,,,164,Wellington Place,77,Waterfront Communities-The Island (77),D52,629725.7315,4833839.3169
791,3603540,920995,8/5/2006 8:00:00 AM,330,333 KING ST W,,,Major Arterial,Toronto and East York,43.646245,-79.39149,,No Control,Clear,Dark,Dry,Non-Fatal Injury,SMV Unattended Vehicle,Driver,35 to 39,Minimal,,East,"Automobile, Station Wagon",Changing Lanes,Other,Inattentive,,,,,,,,,Yes,,,,,Yes,,Yes,,,,164,Wellington Place,77,Waterfront Communities-The Island (77),D52,629725.7315,4833839.3169
792,3603541,920995,8/5/2006 8:00:00 AM,330,333 KING ST W,,,Major Arterial,Toronto and East York,43.646245,-79.39149,,No Control,Clear,Dark,Dry,Non-Fatal Injury,SMV Unattended Vehicle,Other,Over 95,None,,,Other,Parked,,,,,,,,,,,Yes,,,,,Yes,,Yes,,,,164,Wellington Place,77,Waterfront Communities-The Island (77),D52,629725.7315,4833839.3169
793,3603542,920995,8/5/2006 8:00:00 AM,330,333 KING ST W,,,Major Arterial,Toronto and East York,43.646245,-79.39149,,No Control,Clear,Dark,Dry,Non-Fatal Injury,SMV Unattended Vehicle,Other,Over 95,None,,,Other,Parked,,,,,,,,,,,Yes,,,,,Yes,,Yes,,,,164,Wellington Place,77,Waterfront Communities-The Island (77),D52,629725.7315,4833839.3169
794,3453445,917225,8/6/2006 8:00:00 AM,203,MOUNT PLEASANT RD,SOUTH DR,,Major Arterial,Toronto and East York,43.677645,-79.38059,,No Control,Clear,Dark,Dry,Non-Fatal Injury,Pedestrian Collisions,Driver,20 to 24,None,,North,"Automobile, Station Wagon",Going Ahead,Other,Unknown,,,,,,,Yes,,Yes,,,,,,,,,,,98,Rosedale-Moore Park,98,Rosedale-Moore Park (98),D53,630536.7524,4837343.8014
795,3453446,917225,8/6/2006 8:00:00 AM,203,MOUNT PLEASANT RD,SOUTH DR,,Major Arterial,Toronto and East York,43.677645,-79.38059,,No Control,Clear,Dark,Dry,Non-Fatal Injury,Pedestrian Collisions,Pedestrian,25 to 29,Major,,,Other,,,,Pedestrian hit at mid-block,"Crossing, no Traffic Control",Unknown,,,,Yes,,Yes,,,,,,,,,,,98,Rosedale-Moore Park,98,Rosedale-Moore Park (98),D53,630536.7524,4837343.8014
796,3532379,917572,8/6/2006 8:00:00 AM,2150,DANFORTH AVE,LUTTRELL AVE,,Major Arterial,Toronto and East York,43.690145,-79.29309,,No Control,Clear,Dark,Dry,Non-Fatal Injury,Rear End,Vehicle Owner,unknown,None,,,Other,,,,,,,,,,,,Yes,,,,,,Yes,Yes,,,,61,Taylor-Massey,61,Taylor-Massey (61),D55,637561.4237,4838873.5334
797,3532380,917572,8/6/2006 8:00:00 AM,2150,DANFORTH AVE,LUTTRELL AVE,,Major Arterial,Toronto and East York,43.690145,-79.29309,,No Control,Clear,Dark,Dry,Non-Fatal Injury,Rear End,Driver,45 to 49,Major,,West,Other,Going Ahead,Driving Properly,Normal,,,,,,,,,Yes,,,,,,Yes,Yes,,,,61,Taylor-Massey,61,Taylor-Massey (61),D55,637561.4237,4838873.5334
798,3532381,917572,8/6/2006 8:00:00 AM,2150,DANFORTH AVE,LUTTRELL AVE,,Major Arterial,Toronto and East York,43.690145,-79.29309,,No Control,Clear,Dark,Dry,Non-Fatal Injury,Rear End,Driver,unknown,None,,West,"Automobile, Station Wagon",Going Ahead,Exceeding Speed Limit,Unknown,,,,,,,,,Yes,,,,,,Yes,Yes,,,,61,Taylor-Massey,61,Taylor-Massey (61),D55,637561.4237,4838873.5334
799,3453964,917426,8/7/2006 8:00:00 AM,2110,FINCH AVE W,KISKADEE DR,,Major Arterial,Etobicoke York,43.735245,-79.59819,At Intersection,No Control,Clear,Dark,Dry,Non-Fatal Injury,Pedestrian Collisions,Driver,unknown,None,,North,"Automobile, Station Wagon",Turning Left,Failed to Yield Right of Way,Unknown,,,,,,,Yes,,Yes,,,,,,,Yes,,,,1,West Humber-Clairville,1,West Humber-Clairville (1),D23,612888.2303,4843421.6202
800,3453965,917426,8/7/2006 8:00:00 AM,2110,FINCH AVE W,KISKADEE DR,,Major Arterial,Etobicoke York,43.735245,-79.59819,At Intersection,No Control,Clear,Dark,Dry,Non-Fatal Injury,Pedestrian Collisions,Pedestrian,70 to 74,Major,,North,Other,,,,Vehicle turns left while ped crosses with ROW at inter.,Crossing with right of way,Normal,,,,Yes,,Yes,,,,,,,Yes,,,,1,West Humber-Clairville,1,West Humber-Clairville (1),D23,612888.2303,4843421.6202
801,3463401,920927,8/7/2006 8:00:00 AM,2330,KING ST W,BLUE JAYS WAY,,Major Arterial,Toronto and East York,43.646145,-79.39179,,No Control,Clear,Dark,Dry,Non-Fatal Injury,Pedestrian Collisions,Driver,unknown,None,,West,"Automobile, Station Wagon",Going Ahead,Failed to Yield Right of Way,Unknown,,,,,,,Yes,,Yes,,,,,,,Yes,,,,164,Wellington Place,77,Waterfront Communities-The Island (77),D52,629701.7516,4833827.7417
802,3463402,920927,8/7/2006 8:00:00 AM,2330,KING ST W,BLUE JAYS WAY,,Major Arterial,Toronto and East York,43.646145,-79.39179,,No Control,Clear,Dark,Dry,Non-Fatal Injury,Pedestrian Collisions,Pedestrian,25 to 29,Major,,,Other,,,,Pedestrian hit at mid-block,Running onto Roadway,Had Been Drinking,,,,Yes,,Yes,,,,,,,Yes,,,,164,Wellington Place,77,Waterfront Communities-The Island (77),D52,629701.7516,4833827.7417