OBJECTID,INDEX,ACCNUM,DATE,TIME,STREET1,STREET2,OFFSET,ROAD_CLASS,DISTRICT,LATITUDE,LONGITUDE,ACCLOC,TRAFFCTL,VISIBILITY,LIGHT,RDSFCOND,ACCLASS,IMPACTYPE,INVTYPE,INVAGE,INJURY,FATAL_NO,INITDIR,VEHTYPE,MANOEUVER,DRIVACT,DRIVCOND,PEDTYPE,PEDACT,PEDCOND,CYCLISTYPE,CYCACT,CYCCOND,PEDESTRIAN,CYCLIST,AUTOMOBILE,MOTORCYCLE,TRUCK,TRSN_CITY_VEH,EMERG_VEH,PASSENGER,SPEEDING,AG_DRIV,REDLIGHT,ALCOHOL,DISABILITY,HOOD_158,NEIGHBOURHOOD_158,HOOD_140,NEIGHBOURHOOD_140,DIVISION,x,y
803,3463593,920998,8/8/2006 8:00:00 AM,916,2159 KIPLING AVE,,,Major Arterial,Etobicoke York,43.721145,-79.57119,,No Control,Clear,Daylight,Dry,Non-Fatal Injury,Pedestrian Collisions,Driver,65 to 69,None,,North,"Automobile, Station Wagon",Going Ahead,Driving Properly,Normal,,,,,,,Yes,,Yes,,,,,,,,,,,4,Rexdale-Kipling,4,Rexdale-Kipling (4),D23,615089.5638,4841892.7556
804,3463594,920998,8/8/2006 8:00:00 AM,916,2159 KIPLING AVE,,,Major Arterial,Etobicoke York,43.721145,-79.57119,,No Control,Clear,Daylight,Dry,Non-Fatal Injury,Pedestrian Collisions,Pedestrian,55 to 59,Major,,,Other,,,,Pedestrian hit at mid-block,Other,Normal,,,,Yes,,Yes,,,,,,,,,,,4,Rexdale-Kipling,4,Rexdale-Kipling (4),D23,615089.5638,4841892.7556
805,3454446,917601,8/8/2006 8:00:00 AM,1006,YONGE ST,ATHABASKA AVE,,Major Arterial,North York,43.795445,-79.41939,At Intersection,Traffic Signal,Clear,Daylight,Dry,Non-Fatal Injury,Pedestrian Collisions,Driver,40 to 44,None,,East,"Automobile, Station Wagon",Turning Left,Failed to Yield Right of Way,Normal,,,,,,,Yes,,Yes,,,,,,,Yes,,,,50,Newtonbrook East,50,Newtonbrook East (50),D32,627159.5566,4850366.8752
806,3454447,917601,8/8/2006 8:00:00 AM,1006,YONGE ST,ATHABASKA AVE,,Major Arterial,North York,43.795445,-79.41939,At Intersection,Traffic Signal,Clear,Daylight,Dry,Non-Fatal Injury,Pedestrian Collisions,Pedestrian,80 to 84,Major,,East,Other,,,,Vehicle turns left while ped crosses with ROW at inter.,Crossing with right of way,Normal,,,,Yes,,Yes,,,,,,,Yes,,,,50,Newtonbrook East,50,Newtonbrook East (50),D32,627159.5566,4850366.8752
807,3479484,926819,8/8/2006 8:00:00 AM,1709,GATEWAY BLVD,DON MILLS RD,,Collector,North York,43.714645,-79.33529,,No Control,Clear,Daylight,Dry,Non-Fatal Injury,Rear End,Driver,45 to 49,Major,,East,"Automobile, Station Wagon",Going Ahead,Following too Close,Normal,,,,,,,,,Yes,,,,,Yes,,Yes,,,,44,Flemingdon Park,44,Flemingdon Park (44),D55,634105.8102,4841525.4637
808,3479485,926819,8/8/2006 8:00:00 AM,1709,GATEWAY BLVD,DON MILLS RD,,Collector,North York,43.714645,-79.33529,,No Control,Clear,Daylight,Dry,Non-Fatal Injury,Rear End,Passenger,45 to 49,Major,,,Other,,,,,,,,,,,,Yes,,,,,Yes,,Yes,,,,44,Flemingdon Park,44,Flemingdon Park (44),D55,634105.8102,4841525.4637
809,3479486,926819,8/8/2006 8:00:00 AM,1709,GATEWAY BLVD,DON MILLS RD,,Collector,North York,43.714645,-79.33529,,No Control,Clear,Daylight,Dry,Non-Fatal Injury,Rear End,Driver,35 to 39,Major,,East,"Automobile, Station Wagon",Turning Left,Driving Properly,Normal,,,,,,,,,Yes,,,,,Yes,,Yes,,,,44,Flemingdon Park,44,Flemingdon Park (44),D55,634105.8102,4841525.4637
810,3464130,921192,8/9/2006 8:00:00 AM,1825,ORIOLE PKWY,TRANMER AVE,,Minor Arterial,Toronto and East York,43.699945,-79.40409,At Intersection,Stop Sign,Clear,Daylight,Dry,Non-Fatal Injury,Angle,Vehicle Owner,unknown,None,,,Other,,,,,,,,,,,,Yes,,,,,,,Yes,,,,100,Yonge-Eglinton,100,Yonge-Eglinton (100),D53,628594.7906,4839783.8065
811,3464131,921192,8/9/2006 8:00:00 AM,1825,ORIOLE PKWY,TRANMER AVE,,Minor Arterial,Toronto and East York,43.699945,-79.40409,At Intersection,Stop Sign,Clear,Daylight,Dry,Non-Fatal Injury,Angle,Driver,35 to 39,None,,West,"Automobile, Station Wagon",Going Ahead,Failed to Yield Right of Way,Normal,,,,,,,,,Yes,,,,,,,Yes,,,,100,Yonge-Eglinton,100,Yonge-Eglinton (100),D53,628594.7906,4839783.8065
812,3464132,921192,8/9/2006 8:00:00 AM,1825,ORIOLE PKWY,TRANMER AVE,,Minor Arterial,Toronto and East York,43.699945,-79.40409,At Intersection,Stop Sign,Clear,Daylight,Dry,Non-Fatal Injury,Angle,Driver,40 to 44,Major,,South,"Automobile, Station Wagon",Going Ahead,Driving Properly,Normal,,,,,,,,,Yes,,,,,,,Yes,,,,100,Yonge-Eglinton,100,Yonge-Eglinton (100),D53,628594.7906,4839783.8065
813,3622035,949221,8/9/2006 8:00:00 AM,2155,QUEEN ST E,HAMMERSMITH AVE,,Minor Arterial,Toronto and East York,43.671145,-79.29429,,No Control,Clear,Dark,Dry,Non-Fatal Injury,Pedestrian Collisions,Driver,50 to 54,None,,East,"Automobile, Station Wagon",Reversing,Other,Normal,,,,,,,Yes,,Yes,,,,,,,,,,,63,The Beaches,63,The Beaches (63),D55,637508.1133,4836761.3294
814,3622036,949221,8/9/2006 8:00:00 AM,2155,QUEEN ST E,HAMMERSMITH AVE,,Minor Arterial,Toronto and East York,43.671145,-79.29429,,No Control,Clear,Dark,Dry,Non-Fatal Injury,Pedestrian Collisions,Pedestrian,35 to 39,Major,,North,Other,,,,Vehicle is reversing and hits pedestrian,"Crossing, no Traffic Control",Normal,,,,Yes,,Yes,,,,,,,,,,,63,The Beaches,63,The Beaches (63),D55,637508.1133,4836761.3294
815,3464082,921174,8/10/2006 8:00:00 AM,1826,DON MILLS RD,FRESHMEADOW DR,,Major Arterial,North York,43.808945,-79.35899,At Intersection,Stop Sign,Clear,Daylight,Dry,Non-Fatal Injury,Cyclist Collisions,Driver,45 to 49,None,,North,"Automobile, Station Wagon",Going Ahead,Improper Passing,Normal,,,,,,,,Yes,Yes,,,,,,,Yes,,,,48,Hillcrest Village,48,Hillcrest Village (48),D33,631989.0294,4851960.8365
816,3464083,921174,8/10/2006 8:00:00 AM,1826,DON MILLS RD,FRESHMEADOW DR,,Major Arterial,North York,43.808945,-79.35899,At Intersection,Stop Sign,Clear,Daylight,Dry,Non-Fatal Injury,Cyclist Collisions,Cyclist,40 to 44,Major,,West,Bicycle,Going Ahead,,,,,,"Motorist without ROW drives into path of cyclist at inter, lnwy, dwy-Driver not turn.",Driving Properly,Normal,,Yes,Yes,,,,,,,Yes,,,,48,Hillcrest Village,48,Hillcrest Village (48),D33,631989.0294,4851960.8365
817,3464103,921181,8/10/2006 8:00:00 AM,1836,3279 KINGSTON RD,,,Major Arterial,Scarborough,43.731545,-79.22519,,No Control,Clear,Daylight,Dry,Non-Fatal Injury,Cyclist Collisions,Driver,35 to 39,None,,East,"Automobile, Station Wagon",Turning Right,Improper Turn,Normal,,,,,,,,Yes,Yes,,,,,,,,,,,123,Cliffcrest,123,Cliffcrest (123),D43,642935.1611,4843586.4933
818,3464104,921181,8/10/2006 8:00:00 AM,1836,3279 KINGSTON RD,,,Major Arterial,Scarborough,43.731545,-79.22519,,No Control,Clear,Daylight,Dry,Non-Fatal Injury,Cyclist Collisions,Cyclist,65 to 69,Major,,East,Bicycle,Going Ahead,,,,,,"Motorist turns right at non-signal Inter.(stop, yield, no cont.,and dwy) and strikes cyclist.",Driving Properly,Normal,,Yes,Yes,,,,,,,,,,,123,Cliffcrest,123,Cliffcrest (123),D43,642935.1611,4843586.4933
819,3532999,917941,8/11/2006 8:00:00 AM,2230,ROGERS RD,MCROBERTS AVE,,Minor Arterial,Toronto and East York,43.683245,-79.45599,At Intersection,No Control,Clear,Dark,Dry,Non-Fatal Injury,SMV Other,Passenger,5 to 9,Major,,,Other,,,,,,,,,,,,Yes,,,,,Yes,,,,,,109,Caledonia-Fairbank,109,Caledonia-Fairbank (109),D13,624447.3033,4837849.8543
820,3533000,917941,8/11/2006 8:00:00 AM,2230,ROGERS RD,MCROBERTS AVE,,Minor Arterial,Toronto and East York,43.683245,-79.45599,At Intersection,No Control,Clear,Dark,Dry,Non-Fatal Injury,SMV Other,Passenger,10 to 14,Major,,,Other,,,,,,,,,,,,Yes,,,,,Yes,,,,,,109,Caledonia-Fairbank,109,Caledonia-Fairbank (109),D13,624447.3033,4837849.8543
821,3533001,917941,8/11/2006 8:00:00 AM,2230,ROGERS RD,MCROBERTS AVE,,Minor Arterial,Toronto and East York,43.683245,-79.45599,At Intersection,No Control,Clear,Dark,Dry,Non-Fatal Injury,SMV Other,Vehicle Owner,unknown,None,,,Other,,,,,,,,,,,,Yes,,,,,Yes,,,,,,109,Caledonia-Fairbank,109,Caledonia-Fairbank (109),D13,624447.3033,4837849.8543
822,3533002,917941,8/11/2006 8:00:00 AM,2230,ROGERS RD,MCROBERTS AVE,,Minor Arterial,Toronto and East York,43.683245,-79.45599,At Intersection,No Control,Clear,Dark,Dry,Non-Fatal Injury,SMV Other,Driver,30 to 34,Major,,West,"Automobile, Station Wagon",Going Ahead,Lost control,Unknown,,,,,,,,,Yes,,,,,Yes,,,,,,109,Caledonia-Fairbank,109,Caledonia-Fairbank (109),D13,624447.3033,4837849.8543
823,3533003,917941,8/11/2006 8:00:00 AM,2230,ROGERS RD,MCROBERTS AVE,,Minor Arterial,Toronto and East York,43.683245,-79.45599,At Intersection,No Control,Clear,Dark,Dry,Non-Fatal Injury,SMV Other,Other Property Owner,unknown,None,,,Other,,,,,,,,,,,,Yes,,,,,Yes,,,,,,109,Caledonia-Fairbank,109,Caledonia-Fairbank (109),D13,624447.3033,4837849.8543
824,3551435,921246,8/12/2006 8:00:00 AM,236,WELLESLEY ST E,CHURCH ST,,Minor Arterial,Toronto and East York,43.665745,-79.38099,At Intersection,Traffic Signal,Clear,Dark,Dry,Non-Fatal Injury,Pedestrian Collisions,Driver,20 to 24,None,,East,"Automobile, Station Wagon",Going Ahead,Driving Properly,Normal,,,,,,,Yes,,Yes,,,,,,,,,,,167,Church-Wellesley,75,Church-Yonge Corridor (75),D51,630530.3043,4836021.5163
825,3551436,921246,8/12/2006 8:00:00 AM,236,WELLESLEY ST E,CHURCH ST,,Minor Arterial,Toronto and East York,43.665745,-79.38099,At Intersection,Traffic Signal,Clear,Dark,Dry,Non-Fatal Injury,Pedestrian Collisions,Pedestrian,25 to 29,Major,,North,Other,,,,Vehicle is going straight thru inter.while ped cross without ROW,Crossing without right of way,Had Been Drinking,,,,Yes,,Yes,,,,,,,,,,,167,Church-Wellesley,75,Church-Yonge Corridor (75),D51,630530.3043,4836021.5163
826,3471737,923965,8/12/2006 8:00:00 AM,958,100 UNWIN AVE,,,Collector,Toronto and East York,43.639045,-79.34669,,Stop Sign,Clear,Daylight,Dry,Non-Fatal Injury,Cyclist Collisions,Vehicle Owner,unknown,,,,Other,,,,,,,,,,,Yes,,,Yes,,,,,,,,,70,South Riverdale,70,South Riverdale (70),D51,633354.8043,4833110.6675
827,3471738,923965,8/12/2006 8:00:00 AM,958,100 UNWIN AVE,,,Collector,Toronto and East York,43.639045,-79.34669,,Stop Sign,Clear,Daylight,Dry,Non-Fatal Injury,Cyclist Collisions,Truck Driver,45 to 49,None,,West,Truck - Open,Turning Right,Improper Turn,Normal,,,,,,,,Yes,,,Yes,,,,,,,,,70,South Riverdale,70,South Riverdale (70),D51,633354.8043,4833110.6675
828,3471739,923965,8/12/2006 8:00:00 AM,958,100 UNWIN AVE,,,Collector,Toronto and East York,43.639045,-79.34669,,Stop Sign,Clear,Daylight,Dry,Non-Fatal Injury,Cyclist Collisions,Cyclist,35 to 39,Major,,West,Bicycle,Going Ahead,,,,,,"Motorist turns right at non-signal Inter.(stop, yield, no cont.,and dwy) and strikes cyclist.",Driving Properly,Normal,,Yes,,,Yes,,,,,,,,,70,South Riverdale,70,South Riverdale (70),D51,633354.8043,4833110.6675
829,3481806,927677,8/12/2006 8:00:00 AM,1845,562 BLOOR W ST W,,,Major Arterial,Toronto and East York,43.665045,-79.411586,,No Control,Clear,Daylight,Dry,Non-Fatal Injury,Cyclist Collisions,Driver,45 to 49,None,,West,"Automobile, Station Wagon",Parked,Other,Unknown,,,,,,,,Yes,Yes,,,,,,,,,,,80,Palmerston-Little Italy,95,Annex (95),D14,628065.0102,4835896.0871
830,3481807,927677,8/12/2006 8:00:00 AM,1845,562 BLOOR W ST W,,,Major Arterial,Toronto and East York,43.665045,-79.411586,,No Control,Clear,Daylight,Dry,Non-Fatal Injury,Cyclist Collisions,Cyclist,40 to 44,Major,,West,Bicycle,Going Ahead,,,,,,Cyclist struck opened vehicle door,Driving Properly,Normal,,Yes,Yes,,,,,,,,,,,80,Palmerston-Little Italy,95,Annex (95),D14,628065.0102,4835896.0871
831,3457091,918595,8/15/2006 8:00:00 AM,829,1233 THE QUEENSWAY,,,Major Arterial,Etobicoke York,43.615445,-79.55059,,No Control,Clear,Daylight,Dry,Non-Fatal Injury,Approaching,Vehicle Owner,unknown,None,,,Other,,,,,,,,,,,,Yes,,Yes,,,,,Yes,,,,159,Etobicoke City Centre,14,Islington-City Centre West (14),D22,616953.9866,4830182.2063
832,3457092,918595,8/15/2006 8:00:00 AM,829,1233 THE QUEENSWAY,,,Major Arterial,Etobicoke York,43.615445,-79.55059,,No Control,Clear,Daylight,Dry,Non-Fatal Injury,Approaching,Driver,40 to 44,None,,West,"Automobile, Station Wagon",Going Ahead,Improper Passing,Normal,,,,,,,,,Yes,,Yes,,,,,Yes,,,,159,Etobicoke City Centre,14,Islington-City Centre West (14),D22,616953.9866,4830182.2063
833,3457093,918595,8/15/2006 8:00:00 AM,829,1233 THE QUEENSWAY,,,Major Arterial,Etobicoke York,43.615445,-79.55059,,No Control,Clear,Daylight,Dry,Non-Fatal Injury,Approaching,Vehicle Owner,unknown,None,,,Other,,,,,,,,,,,,Yes,,Yes,,,,,Yes,,,,159,Etobicoke City Centre,14,Islington-City Centre West (14),D22,616953.9866,4830182.2063
834,3457094,918595,8/15/2006 8:00:00 AM,829,1233 THE QUEENSWAY,,,Major Arterial,Etobicoke York,43.615445,-79.55059,,No Control,Clear,Daylight,Dry,Non-Fatal Injury,Approaching,Truck Driver,20 to 24,None,,East,Truck - Open,Going Ahead,Driving Properly,Normal,,,,,,,,,Yes,,Yes,,,,,Yes,,,,159,Etobicoke City Centre,14,Islington-City Centre West (14),D22,616953.9866,4830182.2063
835,3457095,918595,8/15/2006 8:00:00 AM,829,1233 THE QUEENSWAY,,,Major Arterial,Etobicoke York,43.615445,-79.55059,,No Control,Clear,Daylight,Dry,Non-Fatal Injury,Approaching,Driver,35 to 39,Major,,East,"Automobile, Station Wagon",Going Ahead,Driving Properly,Normal,,,,,,,,,Yes,,Yes,,,,,Yes,,,,159,Etobicoke City Centre,14,Islington-City Centre West (14),D22,616953.9866,4830182.2063
836,3457096,918595,8/15/2006 8:00:00 AM,829,1233 THE QUEENSWAY,,,Major Arterial,Etobicoke York,43.615445,-79.55059,,No Control,Clear,Daylight,Dry,Non-Fatal Injury,Approaching,Driver,60 to 64,Major,,West,"Automobile, Station Wagon",Stopped,Driving Properly,Normal,,,,,,,,,Yes,,Yes,,,,,Yes,,,,159,Etobicoke City Centre,14,Islington-City Centre West (14),D22,616953.9866,4830182.2063
837,3468195,922700,8/15/2006 8:00:00 AM,1405,MARKHAM RD,STEELES AVE E,,Major Arterial,Scarborough,43.836545,-79.25119,,Traffic Signal,Clear,Daylight,Dry,Non-Fatal Injury,Turning Movement,Vehicle Owner,unknown,None,,,Other,,,,,,,,,,,,Yes,,,,,,,,,,,130,Milliken,130,Milliken (130),D42,640594.8393,4855203.8827
838,3468196,922700,8/15/2006 8:00:00 AM,1405,MARKHAM RD,STEELES AVE E,,Major Arterial,Scarborough,43.836545,-79.25119,,Traffic Signal,Clear,Daylight,Dry,Non-Fatal Injury,Turning Movement,Driver,20 to 24,Major,,North,"Automobile, Station Wagon",Turning Left,Improper Turn,Normal,,,,,,,,,Yes,,,,,,,,,,,130,Milliken,130,Milliken (130),D42,640594.8393,4855203.8827
839,3468197,922700,8/15/2006 8:00:00 AM,1405,MARKHAM RD,STEELES AVE E,,Major Arterial,Scarborough,43.836545,-79.25119,,Traffic Signal,Clear,Daylight,Dry,Non-Fatal Injury,Turning Movement,Driver,45 to 49,Minimal,,South,"Automobile, Station Wagon",Going Ahead,Driving Properly,Normal,,,,,,,,,Yes,,,,,,,,,,,130,Milliken,130,Milliken (130),D42,640594.8393,4855203.8827
840,3457184,918634,8/15/2006 8:00:00 AM,1519,MCCOWAN RD,SANDHURST CRCL,,Major Arterial,Scarborough,43.811645,-79.26919,At Intersection,Traffic Signal,Clear,Daylight,Dry,Non-Fatal Injury,Turning Movement,Driver,25 to 29,Major,,South,"Automobile, Station Wagon",Going Ahead,Driving Properly,Normal,,,,,,,,,Yes,,,,,,,,,,,129,Agincourt North,129,Agincourt North (129),D42,639205.588,4852407.8828
841,3457185,918634,8/15/2006 8:00:00 AM,1519,MCCOWAN RD,SANDHURST CRCL,,Major Arterial,Scarborough,43.811645,-79.26919,At Intersection,Traffic Signal,Clear,Daylight,Dry,Non-Fatal Injury,Turning Movement,Driver,40 to 44,None,,East,"Automobile, Station Wagon",Stopped,Driving Properly,Normal,,,,,,,,,Yes,,,,,,,,,,,129,Agincourt North,129,Agincourt North (129),D42,639205.588,4852407.8828
842,3457186,918634,8/15/2006 8:00:00 AM,1519,MCCOWAN RD,SANDHURST CRCL,,Major Arterial,Scarborough,43.811645,-79.26919,At Intersection,Traffic Signal,Clear,Daylight,Dry,Non-Fatal Injury,Turning Movement,Driver,65 to 69,None,,North,"Automobile, Station Wagon",Turning Left,Improper Turn,Normal,,,,,,,,,Yes,,,,,,,,,,,129,Agincourt North,129,Agincourt North (129),D42,639205.588,4852407.8828
843,3465412,921668,8/15/2006 8:00:00 AM,1550,QUEEN E ST E,SHERBOURNE ST,,Major Arterial,Toronto and East York,43.654545,-79.36949,At Intersection,Traffic Signal,Clear,Daylight,Dry,Non-Fatal Injury,Cyclist Collisions,Vehicle Owner,unknown,,,,Other,,,,,,,,,,,Yes,,,Yes,,,,,,,,,73,Moss Park,73,Moss Park (73),D51,631481.93,4834795.7656
844,3465413,921668,8/15/2006 8:00:00 AM,1550,QUEEN E ST E,SHERBOURNE ST,,Major Arterial,Toronto and East York,43.654545,-79.36949,At Intersection,Traffic Signal,Clear,Daylight,Dry,Non-Fatal Injury,Cyclist Collisions,Truck Driver,40 to 44,None,,West,Truck - Open,Going Ahead,Driving Properly,Normal,,,,,,,,Yes,,,Yes,,,,,,,,,73,Moss Park,73,Moss Park (73),D51,631481.93,4834795.7656
845,3465414,921668,8/15/2006 8:00:00 AM,1550,QUEEN E ST E,SHERBOURNE ST,,Major Arterial,Toronto and East York,43.654545,-79.36949,At Intersection,Traffic Signal,Clear,Daylight,Dry,Non-Fatal Injury,Cyclist Collisions,Cyclist,40 to 44,Major,,South,Bicycle,Turning Left,,,,,,Cyclist turned left across motorists path.,Disobeyed Traffic Control,Unknown,,Yes,,,Yes,,,,,,,,,73,Moss Park,73,Moss Park (73),D51,631481.93,4834795.7656
846,3468246,922716,8/15/2006 8:00:00 AM,1813,PIPERBROOK CRES,LING RD,,Local,Scarborough,43.767545,-79.18169,,No Control,Clear,Daylight,Dry,Non-Fatal Injury,Pedestrian Collisions,Driver,25 to 29,None,,West,"Automobile, Station Wagon",Going Ahead,Driving Properly,Normal,,,,,,,Yes,,Yes,,,,,,,,,,,136,West Hill,136,West Hill (136),D43,646350.7252,4847660.8107
847,3468247,922716,8/15/2006 8:00:00 AM,1813,PIPERBROOK CRES,LING RD,,Local,Scarborough,43.767545,-79.18169,,No Control,Clear,Daylight,Dry,Non-Fatal Injury,Pedestrian Collisions,Pedestrian,5 to 9,Major,,South,Other,,,,Vehicle hits the pedestrian walking or running out from between parked vehicles at mid-block,Coming From Behind Parked Vehicle,Inattentive,,,,Yes,,Yes,,,,,,,,,,,136,West Hill,136,West Hill (136),D43,646350.7252,4847660.8107
848,3469712,923248,8/17/2006 8:00:00 AM,1725,STEELES E AVE E,TAPSCOTT RD,,Major Arterial,Scarborough,43.840445,-79.23489,,No Control,Clear,Daylight,Dry,Non-Fatal Injury,Rear End,Driver,50 to 54,Major,,East,"Automobile, Station Wagon",Going Ahead,Driving Properly,Normal,,,,,,,,,Yes,,,,,,,,,,,NSA,NSA,NSA,NSA,NSA,641896.0399,4855664.8841
849,3469713,923248,8/17/2006 8:00:00 AM,1725,STEELES E AVE E,TAPSCOTT RD,,Major Arterial,Scarborough,43.840445,-79.23489,,No Control,Clear,Daylight,Dry,Non-Fatal Injury,Rear End,Driver,unknown,None,,East,"Automobile, Station Wagon",Going Ahead,Other,Unknown,,,,,,,,,Yes,,,,,,,,,,,NSA,NSA,NSA,NSA,NSA,641896.0399,4855664.8841
850,3458522,919141,8/17/2006 8:00:00 AM,1828,RICHMOND ST E,PARLIAMENT ST,,Major Arterial,Toronto and East York,43.655045,-79.36209,,No Control,Clear,Dark,Dry,Non-Fatal Injury,Pedestrian Collisions,Vehicle Owner,unknown,None,,,Other,,,,,,,,,,Yes,,Yes,,,,,,,,,,,73,Moss Park,73,Moss Park (73),D51,632077.5655,4834863.0496
851,3458523,919141,8/17/2006 8:00:00 AM,1828,RICHMOND ST E,PARLIAMENT ST,,Major Arterial,Toronto and East York,43.655045,-79.36209,,No Control,Clear,Dark,Dry,Non-Fatal Injury,Pedestrian Collisions,Driver,40 to 44,None,,South,"Automobile, Station Wagon",Turning Right,Driving Properly,Normal,,,,,,,Yes,,Yes,,,,,,,,,,,73,Moss Park,73,Moss Park (73),D51,632077.5655,4834863.0496
852,3458524,919141,8/17/2006 8:00:00 AM,1828,RICHMOND ST E,PARLIAMENT ST,,Major Arterial,Toronto and East York,43.655045,-79.36209,,No Control,Clear,Dark,Dry,Non-Fatal Injury,Pedestrian Collisions,Pedestrian,60 to 64,Major,,North,Other,,,,Pedestrian hit on sidewalk or shoulder,On Sidewalk or Shoulder,Had Been Drinking,,,,Yes,,Yes,,,,,,,,,,,73,Moss Park,73,Moss Park (73),D51,632077.5655,4834863.0496
853,3467109,922297,8/17/2006 8:00:00 AM,2144,QUEEN ST W,SPADINA AVE,,Major Arterial,Toronto and East York,43.649145,-79.39449,,No Control,Clear,Dark,Dry,Non-Fatal Injury,Pedestrian Collisions,Vehicle Owner,unknown,,,,Other,,,,,,,,,,Yes,,,,,,,,,,,,,164,Wellington Place,77,Waterfront Communities-The Island (77),D52,629477.5491,4834156.7146
854,3467110,922297,8/17/2006 8:00:00 AM,2144,QUEEN ST W,SPADINA AVE,,Major Arterial,Toronto and East York,43.649145,-79.39449,,No Control,Clear,Dark,Dry,Non-Fatal Injury,Pedestrian Collisions,Driver,40 to 44,None,,East,Other,Going Ahead,Wrong Way on One Way Road,Normal,,,,,,,Yes,,,,,,,,,,,,,164,Wellington Place,77,Waterfront Communities-The Island (77),D52,629477.5491,4834156.7146
855,3467111,922297,8/17/2006 8:00:00 AM,2144,QUEEN ST W,SPADINA AVE,,Major Arterial,Toronto and East York,43.649145,-79.39449,,No Control,Clear,Dark,Dry,Non-Fatal Injury,Pedestrian Collisions,Pedestrian,35 to 39,Major,,North,Other,,,,Pedestrian hit at mid-block,"Crossing, no Traffic Control",Inattentive,,,,Yes,,,,,,,,,,,,,164,Wellington Place,77,Waterfront Communities-The Island (77),D52,629477.5491,4834156.7146
856,3469716,923250,8/17/2006 8:00:00 AM,2256,224 BEECHGROVE DR,,,Collector,Scarborough,43.772345,-79.16079,,No Control,Clear,Dark,Dry,Non-Fatal Injury,Pedestrian Collisions,Driver,40 to 44,None,,South,"Automobile, Station Wagon",Going Ahead,Failed to Yield Right of Way,"Ability Impaired, Alcohol",,,,,,,Yes,,Yes,,,,,,,Yes,,Yes,,136,West Hill,136,West Hill (136),D43,648021.0879,4848231.0802
857,3469717,923250,8/17/2006 8:00:00 AM,2256,224 BEECHGROVE DR,,,Collector,Scarborough,43.772345,-79.16079,,No Control,Clear,Dark,Dry,Non-Fatal Injury,Pedestrian Collisions,Pedestrian,15 to 19,Major,,South,Other,,,,Pedestrian hit on sidewalk or shoulder,On Sidewalk or Shoulder,Unknown,,,,Yes,,Yes,,,,,,,Yes,,Yes,,136,West Hill,136,West Hill (136),D43,648021.0879,4848231.0802
858,3459034,919332,8/18/2006 8:00:00 AM,1639,SCARBOROUGH GOLF CLUB RD,BRIMORTON DR,,Minor Arterial,Scarborough,43.769845,-79.21869,,Traffic Signal,Clear,Daylight,Dry,Fatal,Approaching,Vehicle Owner,unknown,,,,Other,,,,,,,,,,,,Yes,,,,,Yes,,,,,,135,Morningside,135,Morningside (135),D43,643367.1653,4847851.5295
859,3459035,919332,8/18/2006 8:00:00 AM,1639,SCARBOROUGH GOLF CLUB RD,BRIMORTON DR,,Minor Arterial,Scarborough,43.769845,-79.21869,,Traffic Signal,Clear,Daylight,Dry,Fatal,Approaching,Driver,25 to 29,None,,South,"Automobile, Station Wagon",Going Ahead,Driving Properly,Normal,,,,,,,,,Yes,,,,,Yes,,,,,,135,Morningside,135,Morningside (135),D43,643367.1653,4847851.5295
860,3459036,919332,8/18/2006 8:00:00 AM,1639,SCARBOROUGH GOLF CLUB RD,BRIMORTON DR,,Minor Arterial,Scarborough,43.769845,-79.21869,,Traffic Signal,Clear,Daylight,Dry,Fatal,Approaching,Driver,35 to 39,None,,South,"Automobile, Station Wagon",Going Ahead,Driving Properly,Normal,,,,,,,,,Yes,,,,,Yes,,,,,,135,Morningside,135,Morningside (135),D43,643367.1653,4847851.5295
861,3459037,919332,8/18/2006 8:00:00 AM,1639,SCARBOROUGH GOLF CLUB RD,BRIMORTON DR,,Minor Arterial,Scarborough,43.769845,-79.21869,,Traffic Signal,Clear,Daylight,Dry,Fatal,Approaching,Passenger,0 to 4,None,,,Other,,,,,,,,,,,,Yes,,,,,Yes,,,,,,135,Morningside,135,Morningside (135),D43,643367.1653,4847851.5295
862,3459038,919332,8/18/2006 8:00:00 AM,1639,SCARBOROUGH GOLF CLUB RD,BRIMORTON DR,,Minor Arterial,Scarborough,43.769845,-79.21869,,Traffic Signal,Clear,Daylight,Dry,Fatal,Approaching,Passenger,5 to 9,None,,,Other,,,,,,,,,,,,Yes,,,,,Yes,,,,,,135,Morningside,135,Morningside (135),D43,643367.1653,4847851.5295
863,3459039,919332,8/18/2006 8:00:00 AM,1639,SCARBOROUGH GOLF CLUB RD,BRIMORTON DR,,Minor Arterial,Scarborough,43.769845,-79.21869,,Traffic Signal,Clear,Daylight,Dry,Fatal,Approaching,Passenger,25 to 29,None,,,Other,,,,,,,,,,,,Yes,,,,,Yes,,,,,,135,Morningside,135,Morningside (135),D43,643367.1653,4847851.5295
864,3459040,919332,8/18/2006 8:00:00 AM,1639,SCARBOROUGH GOLF CLUB RD,BRIMORTON DR,,Minor Arterial,Scarborough,43.769845,-79.21869,,Traffic Signal,Clear,Daylight,Dry,Fatal,Approaching,Vehicle Owner,unknown,,,,Other,,,,,,,,,,,,Yes,,,,,Yes,,,,,,135,Morningside,135,Morningside (135),D43,643367.1653,4847851.5295