OBJECTID,INDEX,ACCNUM,DATE,TIME,STREET1,STREET2,OFFSET,ROAD_CLASS,DISTRICT,LATITUDE,LONGITUDE,ACCLOC,TRAFFCTL,VISIBILITY,LIGHT,RDSFCOND,ACCLASS,IMPACTYPE,INVTYPE,INVAGE,INJURY,FATAL_NO,INITDIR,VEHTYPE,MANOEUVER,DRIVACT,DRIVCOND,PEDTYPE,PEDACT,PEDCOND,CYCLISTYPE,CYCACT,CYCCOND,PEDESTRIAN,CYCLIST,AUTOMOBILE,MOTORCYCLE,TRUCK,TRSN_CITY_VEH,EMERG_VEH,PASSENGER,SPEEDING,AG_DRIV,REDLIGHT,ALCOHOL,DISABILITY,HOOD_158,NEIGHBOURHOOD_158,HOOD_140,NEIGHBOURHOOD_140,DIVISION,x,y
865,3459041,919332,8/18/2006 8:00:00 AM,1639,SCARBOROUGH GOLF CLUB RD,BRIMORTON DR,,Minor Arterial,Scarborough,43.769845,-79.21869,,Traffic Signal,Clear,Daylight,Dry,Fatal,Approaching,Driver,25 to 29,None,,South,"Automobile, Station Wagon",Going Ahead,Driving Properly,Normal,,,,,,,,,Yes,,,,,Yes,,,,,,135,Morningside,135,Morningside (135),D43,643367.1653,4847851.5295
866,3459042,919332,8/18/2006 8:00:00 AM,1639,SCARBOROUGH GOLF CLUB RD,BRIMORTON DR,,Minor Arterial,Scarborough,43.769845,-79.21869,,Traffic Signal,Clear,Daylight,Dry,Fatal,Approaching,Passenger,65 to 69,Fatal,,,Other,,,,,,,,,,,,Yes,,,,,Yes,,,,,,135,Morningside,135,Morningside (135),D43,643367.1653,4847851.5295
867,3459043,919332,8/18/2006 8:00:00 AM,1639,SCARBOROUGH GOLF CLUB RD,BRIMORTON DR,,Minor Arterial,Scarborough,43.769845,-79.21869,,Traffic Signal,Clear,Daylight,Dry,Fatal,Approaching,Vehicle Owner,unknown,,,,Other,,,,,,,,,,,,Yes,,,,,Yes,,,,,,135,Morningside,135,Morningside (135),D43,643367.1653,4847851.5295
868,3459044,919332,8/18/2006 8:00:00 AM,1639,SCARBOROUGH GOLF CLUB RD,BRIMORTON DR,,Minor Arterial,Scarborough,43.769845,-79.21869,,Traffic Signal,Clear,Daylight,Dry,Fatal,Approaching,Driver,35 to 39,Minor,,North,"Automobile, Station Wagon",Going Ahead,Other,Inattentive,,,,,,,,,Yes,,,,,Yes,,,,,,135,Morningside,135,Morningside (135),D43,643367.1653,4847851.5295
869,3475968,925504,8/18/2006 8:00:00 AM,1640,DUPONT ST,MANNING AVE,,Major Arterial,Toronto and East York,43.672145,-79.41909,At Intersection,No Control,Clear,Daylight,Dry,Non-Fatal Injury,Turning Movement,Motorcycle Driver,35 to 39,Major,,East,Motorcycle,Going Ahead,Driving Properly,Normal,,,,,,,,,Yes,Yes,,,,,,Yes,,,,95,Annex,95,Annex (95),D14,627444.9711,4836673.0807
870,3475969,925504,8/18/2006 8:00:00 AM,1640,DUPONT ST,MANNING AVE,,Major Arterial,Toronto and East York,43.672145,-79.41909,At Intersection,No Control,Clear,Daylight,Dry,Non-Fatal Injury,Turning Movement,Driver,70 to 74,None,,West,"Automobile, Station Wagon",Turning Left,Failed to Yield Right of Way,Normal,,,,,,,,,Yes,Yes,,,,,,Yes,,,,95,Annex,95,Annex (95),D14,627444.9711,4836673.0807
871,3459026,919330,8/18/2006 8:00:00 AM,2100,BELLAMY RD N,PROGRESS AVE,,Minor Arterial,Scarborough,43.780145,-79.24379,At Intersection,Traffic Signal,Clear,Dark,Dry,Fatal,Turning Movement,Passenger,70 to 74,Fatal,,,Other,,,,,,,,,,,,Yes,,,,,Yes,,,,,,142,Woburn North,137,Woburn (137),D43,641322.7234,4848952.3512
872,3459027,919330,8/18/2006 8:00:00 AM,2100,BELLAMY RD N,PROGRESS AVE,,Minor Arterial,Scarborough,43.780145,-79.24379,At Intersection,Traffic Signal,Clear,Dark,Dry,Fatal,Turning Movement,Driver,70 to 74,Minor,,South,"Automobile, Station Wagon",Going Ahead,Driving Properly,Normal,,,,,,,,,Yes,,,,,Yes,,,,,,142,Woburn North,137,Woburn (137),D43,641322.7234,4848952.3512
873,3459028,919330,8/18/2006 8:00:00 AM,2100,BELLAMY RD N,PROGRESS AVE,,Minor Arterial,Scarborough,43.780145,-79.24379,At Intersection,Traffic Signal,Clear,Dark,Dry,Fatal,Turning Movement,Passenger,15 to 19,Minor,,,Other,,,,,,,,,,,,Yes,,,,,Yes,,,,,,142,Woburn North,137,Woburn (137),D43,641322.7234,4848952.3512
874,3459029,919330,8/18/2006 8:00:00 AM,2100,BELLAMY RD N,PROGRESS AVE,,Minor Arterial,Scarborough,43.780145,-79.24379,At Intersection,Traffic Signal,Clear,Dark,Dry,Fatal,Turning Movement,Vehicle Owner,unknown,,,,Other,,,,,,,,,,,,Yes,,,,,Yes,,,,,,142,Woburn North,137,Woburn (137),D43,641322.7234,4848952.3512
875,3459030,919330,8/18/2006 8:00:00 AM,2100,BELLAMY RD N,PROGRESS AVE,,Minor Arterial,Scarborough,43.780145,-79.24379,At Intersection,Traffic Signal,Clear,Dark,Dry,Fatal,Turning Movement,Driver,20 to 24,Minor,,North,"Automobile, Station Wagon",Turning Left,Improper Turn,Normal,,,,,,,,,Yes,,,,,Yes,,,,,,142,Woburn North,137,Woburn (137),D43,641322.7234,4848952.3512
876,3468335,922743,8/18/2006 8:00:00 AM,2115,BLOOR ST W,HURON ST,,Major Arterial,Toronto and East York,43.667345,-79.40069,,No Control,Clear,Dark,Dry,Non-Fatal Injury,Cyclist Collisions,Driver,45 to 49,None,,East,"Automobile, Station Wagon",Changing Lanes,Driving Properly,Normal,,,,,,,,Yes,Yes,,,,,,,,,,,95,Annex,95,Annex (95),D53,628938.5787,4836168.4102
877,3468336,922743,8/18/2006 8:00:00 AM,2115,BLOOR ST W,HURON ST,,Major Arterial,Toronto and East York,43.667345,-79.40069,,No Control,Clear,Dark,Dry,Non-Fatal Injury,Cyclist Collisions,Cyclist,25 to 29,Major,,East,Bicycle,Changing Lanes,,,,,,Cyclist and Driver travelling in same direction. One vehicle sideswipes the other.,Other,Inattentive,,Yes,Yes,,,,,,,,,,,95,Annex,95,Annex (95),D53,628938.5787,4836168.4102
878,3603480,919641,8/19/2006 8:00:00 AM,1335,ELLESMERE RD,POLLARD DR,,Major Arterial,Scarborough,43.758345,-79.31299,,No Control,Clear,Daylight,Dry,Fatal,Pedestrian Collisions,Driver,55 to 59,None,,West,"Automobile, Station Wagon",Going Ahead,Driving Properly,Normal,,,,,,,Yes,,Yes,,,,,,,,,,,119,Wexford/Maryvale,119,Wexford/Maryvale (119),D41,635803.4487,4846415.3198
879,3603481,919641,8/19/2006 8:00:00 AM,1335,ELLESMERE RD,POLLARD DR,,Major Arterial,Scarborough,43.758345,-79.31299,,No Control,Clear,Daylight,Dry,Fatal,Pedestrian Collisions,Pedestrian,5 to 9,Fatal,,South,Other,,,,Pedestrian hit at mid-block,Running onto Roadway,Medical or Physical Disability,,,,Yes,,Yes,,,,,,,,,,,119,Wexford/Maryvale,119,Wexford/Maryvale (119),D41,635803.4487,4846415.3198
880,3459515,919516,8/19/2006 8:00:00 AM,2345,QUEEN ST E,LESLIE ST,,Minor Arterial,Toronto and East York,43.663245,-79.33019,At Intersection,Traffic Signal,Clear,Dark,Dry,Fatal,Pedestrian Collisions,Driver,75 to 79,None,,North,"Automobile, Station Wagon",Turning Right,Failed to Yield Right of Way,Normal,,,,,,,Yes,,Yes,,,,,,,Yes,,,,65,Greenwood-Coxwell,70,South Riverdale (70),D55,634631.6138,4835825.0414
881,3459516,919516,8/19/2006 8:00:00 AM,2345,QUEEN ST E,LESLIE ST,,Minor Arterial,Toronto and East York,43.663245,-79.33019,At Intersection,Traffic Signal,Clear,Dark,Dry,Fatal,Pedestrian Collisions,Pedestrian,60 to 64,Fatal,,North,Other,,,,Vehicle turns right while ped crosses with ROW at inter.,Crossing with right of way,Had Been Drinking,,,,Yes,,Yes,,,,,,,Yes,,,,65,Greenwood-Coxwell,70,South Riverdale (70),D55,634631.6138,4835825.0414
882,3618251,947697,8/20/2006 8:00:00 AM,209,DUFFERIN ST,GERRY FITZGERALD DR W,,Major Arterial,North York,43.783845,-79.47009,At Intersection,No Control,Clear,Dark,Dry,Non-Fatal Injury,SMV Other,Vehicle Owner,unknown,None,,,Other,,,,,,,,,,,,Yes,,,,,Yes,Yes,Yes,,,,34,Bathurst Manor,34,Bathurst Manor (34),D32,623104.537,4849001.8716
883,3618252,947697,8/20/2006 8:00:00 AM,209,DUFFERIN ST,GERRY FITZGERALD DR W,,Major Arterial,North York,43.783845,-79.47009,At Intersection,No Control,Clear,Dark,Dry,Non-Fatal Injury,SMV Other,Passenger,20 to 24,Major,,,Other,,,,,,,,,,,,Yes,,,,,Yes,Yes,Yes,,,,34,Bathurst Manor,34,Bathurst Manor (34),D32,623104.537,4849001.8716
884,3618253,947697,8/20/2006 8:00:00 AM,209,DUFFERIN ST,GERRY FITZGERALD DR W,,Major Arterial,North York,43.783845,-79.47009,At Intersection,No Control,Clear,Dark,Dry,Non-Fatal Injury,SMV Other,Driver,25 to 29,Major,,North,"Automobile, Station Wagon",Going Ahead,Exceeding Speed Limit,Unknown,,,,,,,,,Yes,,,,,Yes,Yes,Yes,,,,34,Bathurst Manor,34,Bathurst Manor (34),D32,623104.537,4849001.8716
885,3618254,947697,8/20/2006 8:00:00 AM,209,DUFFERIN ST,GERRY FITZGERALD DR W,,Major Arterial,North York,43.783845,-79.47009,At Intersection,No Control,Clear,Dark,Dry,Non-Fatal Injury,SMV Other,Other Property Owner,unknown,None,,,Other,,,,,,,,,,,,Yes,,,,,Yes,Yes,Yes,,,,34,Bathurst Manor,34,Bathurst Manor (34),D32,623104.537,4849001.8716
886,3618255,947697,8/20/2006 8:00:00 AM,209,DUFFERIN ST,GERRY FITZGERALD DR W,,Major Arterial,North York,43.783845,-79.47009,At Intersection,No Control,Clear,Dark,Dry,Non-Fatal Injury,SMV Other,Other Property Owner,unknown,None,,,Other,,,,,,,,,,,,Yes,,,,,Yes,Yes,Yes,,,,34,Bathurst Manor,34,Bathurst Manor (34),D32,623104.537,4849001.8716
887,3470202,923419,8/20/2006 8:00:00 AM,1513,QUEEN ST W,COWAN AVE,,Major Arterial,Toronto and East York,43.641245,-79.43309,At Intersection,Stop Sign,Clear,Daylight,Dry,Non-Fatal Injury,Turning Movement,Motorcycle Driver,55 to 59,Major,,West,Motorcycle,Going Ahead,Driving Properly,Normal,,,,,,,,,Yes,Yes,,,,,,,,,,85,South Parkdale,85,South Parkdale (85),D14,626381.1575,4833219.8171
888,3470203,923419,8/20/2006 8:00:00 AM,1513,QUEEN ST W,COWAN AVE,,Major Arterial,Toronto and East York,43.641245,-79.43309,At Intersection,Stop Sign,Clear,Daylight,Dry,Non-Fatal Injury,Turning Movement,Driver,35 to 39,None,,East,"Automobile, Station Wagon",Making U Turn,Improper Turn,Normal,,,,,,,,,Yes,Yes,,,,,,,,,,85,South Parkdale,85,South Parkdale (85),D14,626381.1575,4833219.8171
889,3495902,932873,8/20/2006 8:00:00 AM,1543,COLLEGE ST,CLINTON ST,,Major Arterial,Toronto and East York,43.655345,-79.41299,At Intersection,No Control,Clear,Daylight,Dry,Non-Fatal Injury,Cyclist Collisions,Passenger,35 to 39,Major,,,Other,,,,,,,,,,,Yes,Yes,,,,,Yes,,,,,,81,Trinity-Bellwoods,81,Trinity-Bellwoods (81),D14,627972.4185,4834816.6077
890,3495903,932873,8/20/2006 8:00:00 AM,1543,COLLEGE ST,CLINTON ST,,Major Arterial,Toronto and East York,43.655345,-79.41299,At Intersection,No Control,Clear,Daylight,Dry,Non-Fatal Injury,Cyclist Collisions,Driver,40 to 44,None,,West,"Automobile, Station Wagon",Parked,Other,Normal,,,,,,,,Yes,Yes,,,,,Yes,,,,,,81,Trinity-Bellwoods,81,Trinity-Bellwoods (81),D14,627972.4185,4834816.6077
891,3495904,932873,8/20/2006 8:00:00 AM,1543,COLLEGE ST,CLINTON ST,,Major Arterial,Toronto and East York,43.655345,-79.41299,At Intersection,No Control,Clear,Daylight,Dry,Non-Fatal Injury,Cyclist Collisions,Cyclist,20 to 24,Minimal,,West,Bicycle,Going Ahead,,,,,,Cyclist struck opened vehicle door,Driving Properly,Normal,,Yes,Yes,,,,,Yes,,,,,,81,Trinity-Bellwoods,81,Trinity-Bellwoods (81),D14,627972.4185,4834816.6077
892,3469962,923341,8/21/2006 8:00:00 AM,850,BIRCHMOUNT RD,GLENDOWER CRCT,,Major Arterial,Scarborough,43.797145,-79.30519,,Traffic Signal,Clear,Daylight,Dry,Non-Fatal Injury,Pedestrian Collisions,Driver,25 to 29,None,,South,"Automobile, Station Wagon",Going Ahead,Driving Properly,Normal,,,,,,,Yes,,Yes,,,,,,,,,,,148,East L'Amoreaux,117,L'Amoreaux (117),D42,636343.1337,4850737.4846
893,3469963,923341,8/21/2006 8:00:00 AM,850,BIRCHMOUNT RD,GLENDOWER CRCT,,Major Arterial,Scarborough,43.797145,-79.30519,,Traffic Signal,Clear,Daylight,Dry,Non-Fatal Injury,Pedestrian Collisions,Pedestrian,10 to 14,Major,,West,Other,,,,Vehicle is going straight thru inter.while ped cross without ROW,Crossing without right of way,Normal,,,,Yes,,Yes,,,,,,,,,,,148,East L'Amoreaux,117,L'Amoreaux (117),D42,636343.1337,4850737.4846
894,3603476,919517,8/21/2006 8:00:00 AM,1040,DVP S EGLINTON RAMP E,EGLINTON AVE E,,Major Arterial,North York,43.722145,-79.33279,,No Control,Clear,Daylight,Other,Non-Fatal Injury,Pedestrian Collisions,Driver,55 to 59,None,,East,"Automobile, Station Wagon",Going Ahead,Driving Properly,Normal,,,,,,,Yes,,Yes,,,,,,,,,,,44,Flemingdon Park,44,Flemingdon Park (44),D55,634290.4513,4842362.4951
895,3603477,919517,8/21/2006 8:00:00 AM,1040,DVP S EGLINTON RAMP E,EGLINTON AVE E,,Major Arterial,North York,43.722145,-79.33279,,No Control,Clear,Daylight,Other,Non-Fatal Injury,Pedestrian Collisions,Pedestrian,25 to 29,Major,,North,Other,,,,Pedestrian hit on sidewalk or shoulder,On Sidewalk or Shoulder,Inattentive,,,,Yes,,Yes,,,,,,,,,,,44,Flemingdon Park,44,Flemingdon Park (44),D55,634290.4513,4842362.4951
896,3459527,919520,8/21/2006 8:00:00 AM,1142,MCCOWAN RD,SHEPPARD AVE E,,Major Arterial,Scarborough,43.789645,-79.25879,At Intersection,Traffic Signal,Clear,Daylight,Dry,Non-Fatal Injury,Pedestrian Collisions,Passenger,40 to 44,None,,,Other,,,,,,,,,,Yes,,Yes,,,,,Yes,,Yes,,,,128,Agincourt South-Malvern West,128,Agincourt South-Malvern West (128),D42,640093.4608,4849981.979
897,3459528,919520,8/21/2006 8:00:00 AM,1142,MCCOWAN RD,SHEPPARD AVE E,,Major Arterial,Scarborough,43.789645,-79.25879,At Intersection,Traffic Signal,Clear,Daylight,Dry,Non-Fatal Injury,Pedestrian Collisions,Driver,75 to 79,None,,West,"Automobile, Station Wagon",Turning Right,Failed to Yield Right of Way,Normal,,,,,,,Yes,,Yes,,,,,Yes,,Yes,,,,128,Agincourt South-Malvern West,128,Agincourt South-Malvern West (128),D42,640093.4608,4849981.979
898,3459529,919520,8/21/2006 8:00:00 AM,1142,MCCOWAN RD,SHEPPARD AVE E,,Major Arterial,Scarborough,43.789645,-79.25879,At Intersection,Traffic Signal,Clear,Daylight,Dry,Non-Fatal Injury,Pedestrian Collisions,Pedestrian,65 to 69,Major,,West,Other,,,,Vehicle turns right while ped crosses with ROW at inter.,Crossing with right of way,Normal,,,,Yes,,Yes,,,,,Yes,,Yes,,,,128,Agincourt South-Malvern West,128,Agincourt South-Malvern West (128),D42,640093.4608,4849981.979
899,3605082,936265,8/21/2006 8:00:00 AM,1315,KHEDIVE AVE,SULTANA AVE,,Local,North York,43.728345,-79.43379,At Intersection,Stop Sign,Clear,Daylight,Dry,Non-Fatal Injury,Pedestrian Collisions,In-Line Skater,50 to 54,None,,North,"Automobile, Station Wagon",Stopped,,,Vehicle is going straight thru inter.while ped cross with ROW,Crossing with right of way,Normal,,,,Yes,,Yes,,,,,,,Yes,,,,32,Englemount-Lawrence,32,Englemount-Lawrence (32),D32,626142.0099,4842892.391
900,3605083,936265,8/21/2006 8:00:00 AM,1315,KHEDIVE AVE,SULTANA AVE,,Local,North York,43.728345,-79.43379,At Intersection,Stop Sign,Clear,Daylight,Dry,Non-Fatal Injury,Pedestrian Collisions,Driver,15 to 19,Major,,North,Other,Going Ahead,Disobeyed Traffic Control,Normal,,,,,,,Yes,,Yes,,,,,,,Yes,,,,32,Englemount-Lawrence,32,Englemount-Lawrence (32),D32,626142.0099,4842892.391
901,3474493,924979,8/22/2006 8:00:00 AM,1045,QUEEN ST W,JAMESON AVE,,Major Arterial,Toronto and East York,43.640445,-79.43729,At Intersection,Stop Sign,Clear,Daylight,Dry,Non-Fatal Injury,Pedestrian Collisions,Passenger,10 to 14,None,,,Other,,,,,,,,,,Yes,,Yes,,,,,Yes,,,,,,85,South Parkdale,86,Roncesvalles (86),D14,626044.0705,4833124.5801
902,3474494,924979,8/22/2006 8:00:00 AM,1045,QUEEN ST W,JAMESON AVE,,Major Arterial,Toronto and East York,43.640445,-79.43729,At Intersection,Stop Sign,Clear,Daylight,Dry,Non-Fatal Injury,Pedestrian Collisions,Passenger,10 to 14,None,,,Other,,,,,,,,,,Yes,,Yes,,,,,Yes,,,,,,85,South Parkdale,86,Roncesvalles (86),D14,626044.0705,4833124.5801
903,3474495,924979,8/22/2006 8:00:00 AM,1045,QUEEN ST W,JAMESON AVE,,Major Arterial,Toronto and East York,43.640445,-79.43729,At Intersection,Stop Sign,Clear,Daylight,Dry,Non-Fatal Injury,Pedestrian Collisions,Passenger,5 to 9,None,,,Other,,,,,,,,,,Yes,,Yes,,,,,Yes,,,,,,85,South Parkdale,86,Roncesvalles (86),D14,626044.0705,4833124.5801
904,3474496,924979,8/22/2006 8:00:00 AM,1045,QUEEN ST W,JAMESON AVE,,Major Arterial,Toronto and East York,43.640445,-79.43729,At Intersection,Stop Sign,Clear,Daylight,Dry,Non-Fatal Injury,Pedestrian Collisions,Driver,60 to 64,None,,North,"Automobile, Station Wagon",Turning Right,Driving Properly,Normal,,,,,,,Yes,,Yes,,,,,Yes,,,,,,85,South Parkdale,86,Roncesvalles (86),D14,626044.0705,4833124.5801
905,3474497,924979,8/22/2006 8:00:00 AM,1045,QUEEN ST W,JAMESON AVE,,Major Arterial,Toronto and East York,43.640445,-79.43729,At Intersection,Stop Sign,Clear,Daylight,Dry,Non-Fatal Injury,Pedestrian Collisions,Passenger,5 to 9,None,,,Other,,,,,,,,,,Yes,,Yes,,,,,Yes,,,,,,85,South Parkdale,86,Roncesvalles (86),D14,626044.0705,4833124.5801
906,3474498,924979,8/22/2006 8:00:00 AM,1045,QUEEN ST W,JAMESON AVE,,Major Arterial,Toronto and East York,43.640445,-79.43729,At Intersection,Stop Sign,Clear,Daylight,Dry,Non-Fatal Injury,Pedestrian Collisions,Pedestrian,65 to 69,Major,,West,Other,,,,Vehicle turns right while ped crosses without ROW at inter.,"Crossing, no Traffic Control",Inattentive,,,,Yes,,Yes,,,,,Yes,,,,,,85,South Parkdale,86,Roncesvalles (86),D14,626044.0705,4833124.5801
907,3470656,923585,8/22/2006 8:00:00 AM,1104,55 SUNNYPOINT CRES,,,Local,Scarborough,43.714545,-79.23159,,No Control,Clear,Daylight,Dry,Non-Fatal Injury,SMV Other,Driver,35 to 39,Major,,North,"Automobile, Station Wagon",Going Ahead,Lost control,Medical or Physical Disability,,,,,,,,,Yes,,,,,,Yes,Yes,,,Yes,123,Cliffcrest,123,Cliffcrest (123),D43,642460.0189,4841687.3707
908,3470657,923585,8/22/2006 8:00:00 AM,1104,55 SUNNYPOINT CRES,,,Local,Scarborough,43.714545,-79.23159,,No Control,Clear,Daylight,Dry,Non-Fatal Injury,SMV Other,Other Property Owner,unknown,None,,,Other,,,,,,,,,,,,Yes,,,,,,Yes,Yes,,,Yes,123,Cliffcrest,123,Cliffcrest (123),D43,642460.0189,4841687.3707
909,3551410,919681,8/22/2006 8:00:00 AM,2004,DUFFERIN ST,LIVINGSTONE AVE,,Major Arterial,North York,43.696445,-79.45079,At Intersection,Stop Sign,Clear,Daylight,Dry,Non-Fatal Injury,Turning Movement,Motorcycle Driver,25 to 29,Major,,North,Motorcycle,Going Ahead,Driving Properly,Normal,,,,,,,,,Yes,Yes,,,,,,,,,,108,Briar Hill-Belgravia,108,Briar Hill-Belgravia (108),D13,624839.0393,4839323.7103
910,3551411,919681,8/22/2006 8:00:00 AM,2004,DUFFERIN ST,LIVINGSTONE AVE,,Major Arterial,North York,43.696445,-79.45079,At Intersection,Stop Sign,Clear,Daylight,Dry,Non-Fatal Injury,Turning Movement,Driver,50 to 54,None,,South,"Automobile, Station Wagon",Turning Left,Improper Turn,Normal,,,,,,,,,Yes,Yes,,,,,,,,,,108,Briar Hill-Belgravia,108,Briar Hill-Belgravia (108),D13,624839.0393,4839323.7103
911,3459970,919684,8/22/2006 8:00:00 AM,2046,EGLINTON AVE E,BELLAMY RD N,,Major Arterial,Scarborough,43.740245,-79.23209,At Intersection,Traffic Signal,Clear,Dark,Dry,Non-Fatal Injury,Pedestrian Collisions,Vehicle Owner,unknown,None,,,Other,,,,,,,,,,Yes,,Yes,,,,,Yes,,Yes,,,,138,Eglinton East,138,Eglinton East (138),D43,642358.8407,4844540.8791
912,3459971,919684,8/22/2006 8:00:00 AM,2046,EGLINTON AVE E,BELLAMY RD N,,Major Arterial,Scarborough,43.740245,-79.23209,At Intersection,Traffic Signal,Clear,Dark,Dry,Non-Fatal Injury,Pedestrian Collisions,Driver,45 to 49,None,,West,"Automobile, Station Wagon",Turning Left,Improper Turn,Normal,,,,,,,Yes,,Yes,,,,,Yes,,Yes,,,,138,Eglinton East,138,Eglinton East (138),D43,642358.8407,4844540.8791
913,3459972,919684,8/22/2006 8:00:00 AM,2046,EGLINTON AVE E,BELLAMY RD N,,Major Arterial,Scarborough,43.740245,-79.23209,At Intersection,Traffic Signal,Clear,Dark,Dry,Non-Fatal Injury,Pedestrian Collisions,Passenger,40 to 44,Minimal,,,Other,,,,,,,,,,Yes,,Yes,,,,,Yes,,Yes,,,,138,Eglinton East,138,Eglinton East (138),D43,642358.8407,4844540.8791
914,3459973,919684,8/22/2006 8:00:00 AM,2046,EGLINTON AVE E,BELLAMY RD N,,Major Arterial,Scarborough,43.740245,-79.23209,At Intersection,Traffic Signal,Clear,Dark,Dry,Non-Fatal Injury,Pedestrian Collisions,Driver,40 to 44,Minimal,,North,"Automobile, Station Wagon",Stopped,Driving Properly,Normal,,,,,,,Yes,,Yes,,,,,Yes,,Yes,,,,138,Eglinton East,138,Eglinton East (138),D43,642358.8407,4844540.8791
915,3459974,919684,8/22/2006 8:00:00 AM,2046,EGLINTON AVE E,BELLAMY RD N,,Major Arterial,Scarborough,43.740245,-79.23209,At Intersection,Traffic Signal,Clear,Dark,Dry,Non-Fatal Injury,Pedestrian Collisions,Vehicle Owner,unknown,None,,,Other,,,,,,,,,,Yes,,Yes,,,,,Yes,,Yes,,,,138,Eglinton East,138,Eglinton East (138),D43,642358.8407,4844540.8791
916,3459975,919684,8/22/2006 8:00:00 AM,2046,EGLINTON AVE E,BELLAMY RD N,,Major Arterial,Scarborough,43.740245,-79.23209,At Intersection,Traffic Signal,Clear,Dark,Dry,Non-Fatal Injury,Pedestrian Collisions,Driver,20 to 24,Minor,,East,"Automobile, Station Wagon",Going Ahead,Driving Properly,Normal,,,,,,,Yes,,Yes,,,,,Yes,,Yes,,,,138,Eglinton East,138,Eglinton East (138),D43,642358.8407,4844540.8791
917,3459976,919684,8/22/2006 8:00:00 AM,2046,EGLINTON AVE E,BELLAMY RD N,,Major Arterial,Scarborough,43.740245,-79.23209,At Intersection,Traffic Signal,Clear,Dark,Dry,Non-Fatal Injury,Pedestrian Collisions,Vehicle Owner,unknown,None,,,Other,,,,,,,,,,Yes,,Yes,,,,,Yes,,Yes,,,,138,Eglinton East,138,Eglinton East (138),D43,642358.8407,4844540.8791
918,3459977,919684,8/22/2006 8:00:00 AM,2046,EGLINTON AVE E,BELLAMY RD N,,Major Arterial,Scarborough,43.740245,-79.23209,At Intersection,Traffic Signal,Clear,Dark,Dry,Non-Fatal Injury,Pedestrian Collisions,Driver,35 to 39,None,,East,"Automobile, Station Wagon",Going Ahead,Driving Properly,Normal,,,,,,,Yes,,Yes,,,,,Yes,,Yes,,,,138,Eglinton East,138,Eglinton East (138),D43,642358.8407,4844540.8791
919,3459978,919684,8/22/2006 8:00:00 AM,2046,EGLINTON AVE E,BELLAMY RD N,,Major Arterial,Scarborough,43.740245,-79.23209,At Intersection,Traffic Signal,Clear,Dark,Dry,Non-Fatal Injury,Pedestrian Collisions,Pedestrian,70 to 74,Major,,,Other,,,,Pedestrian hit on sidewalk or shoulder,On Sidewalk or Shoulder,Normal,,,,Yes,,Yes,,,,,Yes,,Yes,,,,138,Eglinton East,138,Eglinton East (138),D43,642358.8407,4844540.8791
920,3461591,920271,8/23/2006 8:00:00 AM,954,F G GARDINER XY W  W,GARDINER LAKESHORE W RAMP,,,Toronto and East York,43.633245,-79.42779,,No Control,Clear,Daylight,Dry,Non-Fatal Injury,SMV Other,Driver,unknown,None,,West,"Automobile, Station Wagon",Changing Lanes,Failed to Yield Right of Way,Unknown,,,,,,,,,Yes,,,,,Yes,,Yes,,,,163,Fort York-Liberty Village,82,Niagara (82),D14,626825.4692,4832339.3989
921,3461592,920271,8/23/2006 8:00:00 AM,954,F G GARDINER XY W  W,GARDINER LAKESHORE W RAMP,,,Toronto and East York,43.633245,-79.42779,,No Control,Clear,Daylight,Dry,Non-Fatal Injury,SMV Other,Passenger,40 to 44,Major,,,Other,,,,,,,,,,,,Yes,,,,,Yes,,Yes,,,,163,Fort York-Liberty Village,82,Niagara (82),D14,626825.4692,4832339.3989
922,3461593,920271,8/23/2006 8:00:00 AM,954,F G GARDINER XY W  W,GARDINER LAKESHORE W RAMP,,,Toronto and East York,43.633245,-79.42779,,No Control,Clear,Daylight,Dry,Non-Fatal Injury,SMV Other,Vehicle Owner,unknown,None,,,Other,,,,,,,,,,,,Yes,,,,,Yes,,Yes,,,,163,Fort York-Liberty Village,82,Niagara (82),D14,626825.4692,4832339.3989
923,3461594,920271,8/23/2006 8:00:00 AM,954,F G GARDINER XY W  W,GARDINER LAKESHORE W RAMP,,,Toronto and East York,43.633245,-79.42779,,No Control,Clear,Daylight,Dry,Non-Fatal Injury,SMV Other,Driver,50 to 54,Minimal,,West,"Automobile, Station Wagon",Going Ahead,Driving Properly,Normal,,,,,,,,,Yes,,,,,Yes,,Yes,,,,163,Fort York-Liberty Village,82,Niagara (82),D14,626825.4692,4832339.3989
924,3470810,923640,8/24/2006 8:00:00 AM,600,JOHN ST,QUEEN ST W,,Major Arterial,Toronto and East York,43.650145,-79.39119,,No Control,Clear,Dawn,Dry,Non-Fatal Injury,Pedestrian Collisions,Vehicle Owner,unknown,None,,,Other,,,,,,,,,,Yes,,Yes,,,,,,,,,,Yes,78,Kensington-Chinatown,78,Kensington-Chinatown (78),D52,629741.5297,4834272.9318
925,3470811,923640,8/24/2006 8:00:00 AM,600,JOHN ST,QUEEN ST W,,Major Arterial,Toronto and East York,43.650145,-79.39119,,No Control,Clear,Dawn,Dry,Non-Fatal Injury,Pedestrian Collisions,Vehicle Owner,unknown,None,,,Other,,,,,,,,,,Yes,,Yes,,,,,,,,,,Yes,78,Kensington-Chinatown,78,Kensington-Chinatown (78),D52,629741.5297,4834272.9318
926,3470812,923640,8/24/2006 8:00:00 AM,600,JOHN ST,QUEEN ST W,,Major Arterial,Toronto and East York,43.650145,-79.39119,,No Control,Clear,Dawn,Dry,Non-Fatal Injury,Pedestrian Collisions,Driver,50 to 54,None,,East,"Automobile, Station Wagon",Turning Left,Lost control,Medical or Physical Disability,,,,,,,Yes,,Yes,,,,,,,,,,Yes,78,Kensington-Chinatown,78,Kensington-Chinatown (78),D52,629741.5297,4834272.9318