OBJECTID,INDEX,ACCNUM,DATE,TIME,STREET1,STREET2,OFFSET,ROAD_CLASS,DISTRICT,LATITUDE,LONGITUDE,ACCLOC,TRAFFCTL,VISIBILITY,LIGHT,RDSFCOND,ACCLASS,IMPACTYPE,INVTYPE,INVAGE,INJURY,FATAL_NO,INITDIR,VEHTYPE,MANOEUVER,DRIVACT,DRIVCOND,PEDTYPE,PEDACT,PEDCOND,CYCLISTYPE,CYCACT,CYCCOND,PEDESTRIAN,CYCLIST,AUTOMOBILE,MOTORCYCLE,TRUCK,TRSN_CITY_VEH,EMERG_VEH,PASSENGER,SPEEDING,AG_DRIV,REDLIGHT,ALCOHOL,DISABILITY,HOOD_158,NEIGHBOURHOOD_158,HOOD_140,NEIGHBOURHOOD_140,DIVISION,x,y
988,3482401,927891,9/8/2006 8:00:00 AM,1252,EGLINTON AVE W,BLACK CREEK DR,,Major Arterial,Etobicoke York,43.687745,-79.48549,,No Control,Clear,Daylight,Dry,Non-Fatal Injury,Rear End,Driver,30 to 34,None,,West,"Automobile, Station Wagon",Going Ahead,Following too Close,Normal,,,,,,,,,Yes,,,,,,,Yes,,,,110,Keelesdale-Eglinton West,110,Keelesdale-Eglinton West (110),D12,622060.4537,4838305.7976
989,3482402,927891,9/8/2006 8:00:00 AM,1252,EGLINTON AVE W,BLACK CREEK DR,,Major Arterial,Etobicoke York,43.687745,-79.48549,,No Control,Clear,Daylight,Dry,Non-Fatal Injury,Rear End,Driver,50 to 54,Major,,West,"Automobile, Station Wagon",Stopped,Driving Properly,Normal,,,,,,,,,Yes,,,,,,,Yes,,,,110,Keelesdale-Eglinton West,110,Keelesdale-Eglinton West (110),D12,622060.4537,4838305.7976
990,3533121,922947,9/9/2006 8:00:00 AM,19,DANFORTH AVE,GILLARD AVE,,Major Arterial,Toronto and East York,43.682345,-79.32829,At Intersection,No Control,Rain,Dark,Wet,Non-Fatal Injury,Pedestrian Collisions,Passenger,20 to 24,None,,,Other,,,,,,,,,,Yes,,Yes,,,,,Yes,,,,,,65,Greenwood-Coxwell,65,Greenwood-Coxwell (65),D55,634742.0548,4837949.4423
991,3533122,922947,9/9/2006 8:00:00 AM,19,DANFORTH AVE,GILLARD AVE,,Major Arterial,Toronto and East York,43.682345,-79.32829,At Intersection,No Control,Rain,Dark,Wet,Non-Fatal Injury,Pedestrian Collisions,Passenger,20 to 24,None,,,Other,,,,,,,,,,Yes,,Yes,,,,,Yes,,,,,,65,Greenwood-Coxwell,65,Greenwood-Coxwell (65),D55,634742.0548,4837949.4423
992,3533123,922947,9/9/2006 8:00:00 AM,19,DANFORTH AVE,GILLARD AVE,,Major Arterial,Toronto and East York,43.682345,-79.32829,At Intersection,No Control,Rain,Dark,Wet,Non-Fatal Injury,Pedestrian Collisions,Passenger,20 to 24,None,,,Other,,,,,,,,,,Yes,,Yes,,,,,Yes,,,,,,65,Greenwood-Coxwell,65,Greenwood-Coxwell (65),D55,634742.0548,4837949.4423
993,3533124,922947,9/9/2006 8:00:00 AM,19,DANFORTH AVE,GILLARD AVE,,Major Arterial,Toronto and East York,43.682345,-79.32829,At Intersection,No Control,Rain,Dark,Wet,Non-Fatal Injury,Pedestrian Collisions,Driver,20 to 24,None,,West,"Automobile, Station Wagon",Going Ahead,Driving Properly,Normal,,,,,,,Yes,,Yes,,,,,Yes,,,,,,65,Greenwood-Coxwell,65,Greenwood-Coxwell (65),D55,634742.0548,4837949.4423
994,3533125,922947,9/9/2006 8:00:00 AM,19,DANFORTH AVE,GILLARD AVE,,Major Arterial,Toronto and East York,43.682345,-79.32829,At Intersection,No Control,Rain,Dark,Wet,Non-Fatal Injury,Pedestrian Collisions,Pedestrian,50 to 54,Major,,South,Other,,,,Vehicle is going straight thru inter.while ped cross without ROW,"Crossing, no Traffic Control",Unknown,,,,Yes,,Yes,,,,,Yes,,,,,,65,Greenwood-Coxwell,65,Greenwood-Coxwell (65),D55,634742.0548,4837949.4423
995,3468888,922948,9/9/2006 8:00:00 AM,308,MORNINGSIDE AVE,SHEPPARD AVE E,,Major Arterial,Scarborough,43.801945,-79.19979,,Traffic Signal,Clear,Dark,Wet,Fatal,Angle,Vehicle Owner,unknown,,,,Other,,,,,,,,,,,,Yes,,Yes,,,Yes,,Yes,Yes,,,146,Malvern East,132,Malvern (132),D42,644810.7961,4851449.648
996,3468889,922948,9/9/2006 8:00:00 AM,308,MORNINGSIDE AVE,SHEPPARD AVE E,,Major Arterial,Scarborough,43.801945,-79.19979,,Traffic Signal,Clear,Dark,Wet,Fatal,Angle,Passenger,25 to 29,None,,,Other,,,,,,,,,,,,Yes,,Yes,,,Yes,,Yes,Yes,,,146,Malvern East,132,Malvern (132),D42,644810.7961,4851449.648
997,3468890,922948,9/9/2006 8:00:00 AM,308,MORNINGSIDE AVE,SHEPPARD AVE E,,Major Arterial,Scarborough,43.801945,-79.19979,,Traffic Signal,Clear,Dark,Wet,Fatal,Angle,Truck Driver,55 to 59,None,,North,Truck - Open,Going Ahead,Driving Properly,Unknown,,,,,,,,,Yes,,Yes,,,Yes,,Yes,Yes,,,146,Malvern East,132,Malvern (132),D42,644810.7961,4851449.648
998,3468891,922948,9/9/2006 8:00:00 AM,308,MORNINGSIDE AVE,SHEPPARD AVE E,,Major Arterial,Scarborough,43.801945,-79.19979,,Traffic Signal,Clear,Dark,Wet,Fatal,Angle,Passenger,25 to 29,Fatal,,,Other,,,,,,,,,,,,Yes,,Yes,,,Yes,,Yes,Yes,,,146,Malvern East,132,Malvern (132),D42,644810.7961,4851449.648
999,3468892,922948,9/9/2006 8:00:00 AM,308,MORNINGSIDE AVE,SHEPPARD AVE E,,Major Arterial,Scarborough,43.801945,-79.19979,,Traffic Signal,Clear,Dark,Wet,Fatal,Angle,Driver,25 to 29,Major,,East,"Automobile, Station Wagon",Going Ahead,Disobeyed Traffic Control,Unknown,,,,,,,,,Yes,,Yes,,,Yes,,Yes,Yes,,,146,Malvern East,132,Malvern (132),D42,644810.7961,4851449.648
1000,3603832,928049,9/9/2006 8:00:00 AM,2017,1132 LESLIE ST,,,Major Arterial,North York,43.718645,-79.35039,,Stop Sign,Clear,Dark,Dry,Non-Fatal Injury,Turning Movement,Vehicle Owner,unknown,,,,Other,,,,,,,,,,,,Yes,,,,,Yes,,Yes,,,,42,Banbury-Don Mills,42,Banbury-Don Mills (42),D33,632880.5286,4841945.4007
1001,3603833,928049,9/9/2006 8:00:00 AM,2017,1132 LESLIE ST,,,Major Arterial,North York,43.718645,-79.35039,,Stop Sign,Clear,Dark,Dry,Non-Fatal Injury,Turning Movement,Driver,50 to 54,Major,,South,"Automobile, Station Wagon",Going Ahead,Driving Properly,Normal,,,,,,,,,Yes,,,,,Yes,,Yes,,,,42,Banbury-Don Mills,42,Banbury-Don Mills (42),D33,632880.5286,4841945.4007
1002,3603834,928049,9/9/2006 8:00:00 AM,2017,1132 LESLIE ST,,,Major Arterial,North York,43.718645,-79.35039,,Stop Sign,Clear,Dark,Dry,Non-Fatal Injury,Turning Movement,Passenger,0 to 4,Minor,,,Other,,,,,,,,,,,,Yes,,,,,Yes,,Yes,,,,42,Banbury-Don Mills,42,Banbury-Don Mills (42),D33,632880.5286,4841945.4007
1003,3603835,928049,9/9/2006 8:00:00 AM,2017,1132 LESLIE ST,,,Major Arterial,North York,43.718645,-79.35039,,Stop Sign,Clear,Dark,Dry,Non-Fatal Injury,Turning Movement,Driver,55 to 59,Major,,East,"Automobile, Station Wagon",Turning Left,Improper Turn,Had Been Drinking,,,,,,,,,Yes,,,,,Yes,,Yes,,,,42,Banbury-Don Mills,42,Banbury-Don Mills (42),D33,632880.5286,4841945.4007
1004,3603836,928049,9/9/2006 8:00:00 AM,2017,1132 LESLIE ST,,,Major Arterial,North York,43.718645,-79.35039,,Stop Sign,Clear,Dark,Dry,Non-Fatal Injury,Turning Movement,Driver,40 to 44,None,,South,"Automobile, Station Wagon",Stopped,Driving Properly,Normal,,,,,,,,,Yes,,,,,Yes,,Yes,,,,42,Banbury-Don Mills,42,Banbury-Don Mills (42),D33,632880.5286,4841945.4007
1005,3603837,928049,9/9/2006 8:00:00 AM,2017,1132 LESLIE ST,,,Major Arterial,North York,43.718645,-79.35039,,Stop Sign,Clear,Dark,Dry,Non-Fatal Injury,Turning Movement,Other Property Owner,unknown,,,,Other,,,,,,,,,,,,Yes,,,,,Yes,,Yes,,,,42,Banbury-Don Mills,42,Banbury-Don Mills (42),D33,632880.5286,4841945.4007
1006,3603838,928049,9/9/2006 8:00:00 AM,2017,1132 LESLIE ST,,,Major Arterial,North York,43.718645,-79.35039,,Stop Sign,Clear,Dark,Dry,Non-Fatal Injury,Turning Movement,Other Property Owner,unknown,,,,Other,,,,,,,,,,,,Yes,,,,,Yes,,Yes,,,,42,Banbury-Don Mills,42,Banbury-Don Mills (42),D33,632880.5286,4841945.4007
1007,3603608,923176,9/10/2006 8:00:00 AM,1505,36 GRAYLEE AVE,,,Local,Scarborough,43.742345,-79.24749,,No Control,Clear,Daylight,Dry,Non-Fatal Injury,SMV Other,Driver,45 to 49,Major,,East,"Automobile, Station Wagon",Going Ahead,Lost control,Normal,,,,,,,,,Yes,,,,,,,Yes,,,,138,Eglinton East,138,Eglinton East (138),D43,641113.825,4844747.7675
1008,3470107,923394,9/11/2006 8:00:00 AM,1629,EGLINTON AVE E,LESLIE ST,,Major Arterial,North York,43.715945,-79.35349,At Intersection,No Control,Clear,Daylight,Dry,Fatal,Cyclist Collisions,Vehicle Owner,unknown,,,,Other,,,,,,,,,,,Yes,,,Yes,,,,,Yes,,,,55,Thorncliffe Park,55,Thorncliffe Park (55),D53,632636.7698,4841640.5612
1009,3470108,923394,9/11/2006 8:00:00 AM,1629,EGLINTON AVE E,LESLIE ST,,Major Arterial,North York,43.715945,-79.35349,At Intersection,No Control,Clear,Daylight,Dry,Fatal,Cyclist Collisions,Truck Driver,45 to 49,None,,West,Truck - Open,Overtaking,Improper Passing,Inattentive,,,,,,,,Yes,,,Yes,,,,,Yes,,,,55,Thorncliffe Park,55,Thorncliffe Park (55),D53,632636.7698,4841640.5612
1010,3470109,923394,9/11/2006 8:00:00 AM,1629,EGLINTON AVE E,LESLIE ST,,Major Arterial,North York,43.715945,-79.35349,At Intersection,No Control,Clear,Daylight,Dry,Fatal,Cyclist Collisions,Cyclist,45 to 49,Fatal,,West,Bicycle,Going Ahead,,,,,,Cyclist and Driver travelling in same direction. One vehicle sideswipes the other.,Driving Properly,Normal,,Yes,,,Yes,,,,,Yes,,,,55,Thorncliffe Park,55,Thorncliffe Park (55),D53,632636.7698,4841640.5612
1011,3603638,923894,9/12/2006 8:00:00 AM,2208,F G GARDINER XY  W,DOWLING AVE,,Local,Toronto and East York,43.634345,-79.43769,,No Control,Rain,Dark,Wet,Non-Fatal Injury,Pedestrian Collisions,Passenger,45 to 49,None,,,Other,,,,,,,,,,Yes,,Yes,,,,,Yes,,,,,,85,South Parkdale,85,South Parkdale (85),D14,626024.5587,4832446.4901
1012,3603639,923894,9/12/2006 8:00:00 AM,2208,F G GARDINER XY  W,DOWLING AVE,,Local,Toronto and East York,43.634345,-79.43769,,No Control,Rain,Dark,Wet,Non-Fatal Injury,Pedestrian Collisions,Driver,45 to 49,None,,West,"Automobile, Station Wagon",Going Ahead,Driving Properly,Normal,,,,,,,Yes,,Yes,,,,,Yes,,,,,,85,South Parkdale,85,South Parkdale (85),D14,626024.5587,4832446.4901
1013,3603640,923894,9/12/2006 8:00:00 AM,2208,F G GARDINER XY  W,DOWLING AVE,,Local,Toronto and East York,43.634345,-79.43769,,No Control,Rain,Dark,Wet,Non-Fatal Injury,Pedestrian Collisions,Passenger,unknown,None,,,Other,,,,,,,,,,Yes,,Yes,,,,,Yes,,,,,,85,South Parkdale,85,South Parkdale (85),D14,626024.5587,4832446.4901
1014,3603641,923894,9/12/2006 8:00:00 AM,2208,F G GARDINER XY  W,DOWLING AVE,,Local,Toronto and East York,43.634345,-79.43769,,No Control,Rain,Dark,Wet,Non-Fatal Injury,Pedestrian Collisions,Driver,60 to 64,None,,West,"Automobile, Station Wagon",Going Ahead,Driving Properly,Normal,,,,,,,Yes,,Yes,,,,,Yes,,,,,,85,South Parkdale,85,South Parkdale (85),D14,626024.5587,4832446.4901
1015,3603642,923894,9/12/2006 8:00:00 AM,2208,F G GARDINER XY  W,DOWLING AVE,,Local,Toronto and East York,43.634345,-79.43769,,No Control,Rain,Dark,Wet,Non-Fatal Injury,Pedestrian Collisions,Passenger,0 to 4,None,,,Other,,,,,,,,,,Yes,,Yes,,,,,Yes,,,,,,85,South Parkdale,85,South Parkdale (85),D14,626024.5587,4832446.4901
1016,3603643,923894,9/12/2006 8:00:00 AM,2208,F G GARDINER XY  W,DOWLING AVE,,Local,Toronto and East York,43.634345,-79.43769,,No Control,Rain,Dark,Wet,Non-Fatal Injury,Pedestrian Collisions,Passenger,25 to 29,None,,,Other,,,,,,,,,,Yes,,Yes,,,,,Yes,,,,,,85,South Parkdale,85,South Parkdale (85),D14,626024.5587,4832446.4901
1017,3603644,923894,9/12/2006 8:00:00 AM,2208,F G GARDINER XY  W,DOWLING AVE,,Local,Toronto and East York,43.634345,-79.43769,,No Control,Rain,Dark,Wet,Non-Fatal Injury,Pedestrian Collisions,Vehicle Owner,unknown,,,,Other,,,,,,,,,,Yes,,Yes,,,,,Yes,,,,,,85,South Parkdale,85,South Parkdale (85),D14,626024.5587,4832446.4901
1018,3603645,923894,9/12/2006 8:00:00 AM,2208,F G GARDINER XY  W,DOWLING AVE,,Local,Toronto and East York,43.634345,-79.43769,,No Control,Rain,Dark,Wet,Non-Fatal Injury,Pedestrian Collisions,Driver,55 to 59,None,,West,"Automobile, Station Wagon",Going Ahead,Driving Properly,Normal,,,,,,,Yes,,Yes,,,,,Yes,,,,,,85,South Parkdale,85,South Parkdale (85),D14,626024.5587,4832446.4901
1019,3603646,923894,9/12/2006 8:00:00 AM,2208,F G GARDINER XY  W,DOWLING AVE,,Local,Toronto and East York,43.634345,-79.43769,,No Control,Rain,Dark,Wet,Non-Fatal Injury,Pedestrian Collisions,Pedestrian,20 to 24,Major,,North,Other,,,,Pedestrian hit at mid-block,Other,Unknown,,,,Yes,,Yes,,,,,Yes,,,,,,85,South Parkdale,85,South Parkdale (85),D14,626024.5587,4832446.4901
1020,3473019,924445,9/12/2006 8:00:00 AM,2226,MARTIN GROVE RD,LEXINGTON AVE,,Minor Arterial,Etobicoke York,43.744245,-79.59539,At Intersection,Traffic Signal,Rain,Dark,Wet,Non-Fatal Injury,Angle,Driver,30 to 34,None,,South,"Automobile, Station Wagon",Going Ahead,Disobeyed Traffic Control,Inattentive,,,,,,,,,Yes,,,,,,,Yes,Yes,,,1,West Humber-Clairville,1,West Humber-Clairville (1),D23,613096.7711,4844425.0167
1021,3473020,924445,9/12/2006 8:00:00 AM,2226,MARTIN GROVE RD,LEXINGTON AVE,,Minor Arterial,Etobicoke York,43.744245,-79.59539,At Intersection,Traffic Signal,Rain,Dark,Wet,Non-Fatal Injury,Angle,Driver,55 to 59,Major,,East,"Automobile, Station Wagon",Going Ahead,Driving Properly,Normal,,,,,,,,,Yes,,,,,,,Yes,Yes,,,1,West Humber-Clairville,1,West Humber-Clairville (1),D23,613096.7711,4844425.0167
1022,3534129,941100,9/12/2006 8:00:00 AM,2240,CHURCH ST,BLOOR ST E,,Major Arterial,Toronto and East York,43.671045,-79.38319,,Traffic Signal,Rain,Dusk,Wet,Non-Fatal Injury,Pedestrian Collisions,Pedestrian,30 to 34,Major,,,Other,,,,Vehicle turns right while ped crosses with ROW at inter.,Crossing with right of way,Unknown,,,,Yes,,Yes,,,,,,,Yes,,,,98,Rosedale-Moore Park,98,Rosedale-Moore Park (98),D53,630341.4583,4836606.6934
1023,3534130,941100,9/12/2006 8:00:00 AM,2240,CHURCH ST,BLOOR ST E,,Major Arterial,Toronto and East York,43.671045,-79.38319,,Traffic Signal,Rain,Dusk,Wet,Non-Fatal Injury,Pedestrian Collisions,Driver,25 to 29,None,,West,"Automobile, Station Wagon",Turning Right,Failed to Yield Right of Way,Unknown,,,,,,,Yes,,Yes,,,,,,,Yes,,,,98,Rosedale-Moore Park,98,Rosedale-Moore Park (98),D53,630341.4583,4836606.6934
1024,3471547,923895,9/13/2006 8:00:00 AM,2101,THE WEST MALL,BURNHAMTHORPE RD,,Major Arterial,Etobicoke York,43.644545,-79.56719,At Intersection,Traffic Signal,Clear,Dark,Dry,Non-Fatal Injury,Turning Movement,Passenger,60 to 64,Major,,,Other,,,,,,,,,,,,Yes,,,,,Yes,,Yes,,,,13,Etobicoke West Mall,13,Etobicoke West Mall (13),D22,615558.7313,4833390.8733
1025,3471548,923895,9/13/2006 8:00:00 AM,2101,THE WEST MALL,BURNHAMTHORPE RD,,Major Arterial,Etobicoke York,43.644545,-79.56719,At Intersection,Traffic Signal,Clear,Dark,Dry,Non-Fatal Injury,Turning Movement,Driver,65 to 69,Major,,South,"Automobile, Station Wagon",Turning Left,Improper Turn,Normal,,,,,,,,,Yes,,,,,Yes,,Yes,,,,13,Etobicoke West Mall,13,Etobicoke West Mall (13),D22,615558.7313,4833390.8733
1026,3471549,923895,9/13/2006 8:00:00 AM,2101,THE WEST MALL,BURNHAMTHORPE RD,,Major Arterial,Etobicoke York,43.644545,-79.56719,At Intersection,Traffic Signal,Clear,Dark,Dry,Non-Fatal Injury,Turning Movement,Driver,15 to 19,Minimal,,North,"Automobile, Station Wagon",Going Ahead,Driving Properly,Normal,,,,,,,,,Yes,,,,,Yes,,Yes,,,,13,Etobicoke West Mall,13,Etobicoke West Mall (13),D22,615558.7313,4833390.8733
1027,3484580,928690,9/15/2006 8:00:00 AM,2159,DUFFERIN ST,GIBSON ST,,Major Arterial,Toronto and East York,43.690345,-79.44809,,No Control,Clear,Dark,Dry,Non-Fatal Injury,Pedestrian Collisions,Driver,45 to 49,None,,South,"Automobile, Station Wagon",Going Ahead,Driving Properly,Normal,,,,,,,Yes,,Yes,,,,,,,,,,,109,Caledonia-Fairbank,109,Caledonia-Fairbank (109),D13,625069.2932,4838650.2903
1028,3484581,928690,9/15/2006 8:00:00 AM,2159,DUFFERIN ST,GIBSON ST,,Major Arterial,Toronto and East York,43.690345,-79.44809,,No Control,Clear,Dark,Dry,Non-Fatal Injury,Pedestrian Collisions,Pedestrian,55 to 59,Major,,East,Other,,,,Vehicle is going straight thru inter.while ped cross without ROW,"Crossing, no Traffic Control",Normal,,,,Yes,,Yes,,,,,,,,,,,109,Caledonia-Fairbank,109,Caledonia-Fairbank (109),D13,625069.2932,4838650.2903
1029,3485820,929165,9/17/2006 8:00:00 AM,1,LAWRENCE AVE W,HICKORY TREE RD,,Major Arterial,Etobicoke York,43.699945,-79.51709,,No Control,Clear,Dark,Dry,Non-Fatal Injury,Pedestrian Collisions,Pedestrian,55 to 59,Major,,North,Other,,,,Pedestrian hit at mid-block,Running onto Roadway,Had Been Drinking,,,,Yes,,Yes,,,,,,,,,,,113,Weston,113,Weston (113),D12,619489.4304,4839614.748
1030,3485821,929165,9/17/2006 8:00:00 AM,1,LAWRENCE AVE W,HICKORY TREE RD,,Major Arterial,Etobicoke York,43.699945,-79.51709,,No Control,Clear,Dark,Dry,Non-Fatal Injury,Pedestrian Collisions,Driver,50 to 54,None,,West,"Automobile, Station Wagon",Going Ahead,Driving Properly,Normal,,,,,,,Yes,,Yes,,,,,,,,,,,113,Weston,113,Weston (113),D12,619489.4304,4839614.748
1031,3603916,929172,9/17/2006 8:00:00 AM,310,STEELES AVE E,ASPENWOOD DR,,Major Arterial,North York,43.809745,-79.36699,,No Control,"Fog, Mist, Smoke, Dust",Dark,Dry,Non-Fatal Injury,Approaching,Passenger,0 to 4,Minor,,,Other,,,,,,,,,,,,Yes,,,,,Yes,,,,,,48,Hillcrest Village,48,Hillcrest Village (48),D33,631343.8171,4852036.9591
1032,3603917,929172,9/17/2006 8:00:00 AM,310,STEELES AVE E,ASPENWOOD DR,,Major Arterial,North York,43.809745,-79.36699,,No Control,"Fog, Mist, Smoke, Dust",Dark,Dry,Non-Fatal Injury,Approaching,Driver,50 to 54,Major,,West,"Automobile, Station Wagon",Going Ahead,Driving Properly,Normal,,,,,,,,,Yes,,,,,Yes,,,,,,48,Hillcrest Village,48,Hillcrest Village (48),D33,631343.8171,4852036.9591
1033,3603918,929172,9/17/2006 8:00:00 AM,310,STEELES AVE E,ASPENWOOD DR,,Major Arterial,North York,43.809745,-79.36699,,No Control,"Fog, Mist, Smoke, Dust",Dark,Dry,Non-Fatal Injury,Approaching,Driver,20 to 24,Major,,East,"Automobile, Station Wagon",Going Ahead,Other,Fatigue,,,,,,,,,Yes,,,,,Yes,,,,,,48,Hillcrest Village,48,Hillcrest Village (48),D33,631343.8171,4852036.9591
1034,3485828,929168,9/17/2006 8:00:00 AM,2019,QUEEN ST E,KENILWORTH AVE,,Minor Arterial,Toronto and East York,43.669645,-79.30149,,No Control,Clear,Daylight,Dry,Non-Fatal Injury,Cyclist Collisions,Vehicle Owner,unknown,,,,Other,,,,,,,,,,,Yes,Yes,,,,,,,,,,,63,The Beaches,63,The Beaches (63),D55,636931.0799,4836582.8234
1035,3485829,929168,9/17/2006 8:00:00 AM,2019,QUEEN ST E,KENILWORTH AVE,,Minor Arterial,Toronto and East York,43.669645,-79.30149,,No Control,Clear,Daylight,Dry,Non-Fatal Injury,Cyclist Collisions,Driver,35 to 39,None,,East,"Automobile, Station Wagon",Merging,Lost control,Inattentive,,,,,,,,Yes,Yes,,,,,,,,,,,63,The Beaches,63,The Beaches (63),D55,636931.0799,4836582.8234
1036,3485830,929168,9/17/2006 8:00:00 AM,2019,QUEEN ST E,KENILWORTH AVE,,Minor Arterial,Toronto and East York,43.669645,-79.30149,,No Control,Clear,Daylight,Dry,Non-Fatal Injury,Cyclist Collisions,Cyclist,20 to 24,Major,,East,Bicycle,Going Ahead,,,,,,Motorist turned left across cyclists path.,Driving Properly,Normal,,Yes,Yes,,,,,,,,,,,63,The Beaches,63,The Beaches (63),D55,636931.0799,4836582.8234
1037,3486652,929484,9/19/2006 8:00:00 AM,950,WALMER RD,DAVENPORT RD,,Minor Arterial,Toronto and East York,43.676845,-79.41039,At Intersection,Traffic Signal,Clear,Daylight,Dry,Non-Fatal Injury,Cyclist Collisions,Driver,25 to 29,None,,South,"Automobile, Station Wagon",Going Ahead,Failed to Yield Right of Way,Inattentive,,,,,,,,Yes,Yes,,,,,,,Yes,,,,96,Casa Loma,96,Casa Loma (96),D13,628136.3246,4837208.4823
1038,3486653,929484,9/19/2006 8:00:00 AM,950,WALMER RD,DAVENPORT RD,,Minor Arterial,Toronto and East York,43.676845,-79.41039,At Intersection,Traffic Signal,Clear,Daylight,Dry,Non-Fatal Injury,Cyclist Collisions,Cyclist,45 to 49,Major,,South,Bicycle,Turning Left,,,,,,Cyclist turned left across motorists path.,Driving Properly,Normal,,Yes,Yes,,,,,,,Yes,,,,96,Casa Loma,96,Casa Loma (96),D13,628136.3246,4837208.4823
1039,3603939,929545,9/20/2006 8:00:00 AM,830,ISLINGTON AVE,ELMHURST DR,,Major Arterial,Etobicoke York,43.723145,-79.55889,,Traffic Signal,Clear,Daylight,Dry,Non-Fatal Injury,Angle,Passenger,45 to 49,Minimal,,,Other,,,,,,,,,,,,Yes,,,,,Yes,,Yes,Yes,,,5,Elms-Old Rexdale,5,Elms-Old Rexdale (5),D23,616076.4642,4842132.037
1040,3603940,929545,9/20/2006 8:00:00 AM,830,ISLINGTON AVE,ELMHURST DR,,Major Arterial,Etobicoke York,43.723145,-79.55889,,Traffic Signal,Clear,Daylight,Dry,Non-Fatal Injury,Angle,Driver,65 to 69,None,,West,"Automobile, Station Wagon",Going Ahead,Driving Properly,Normal,,,,,,,,,Yes,,,,,Yes,,Yes,Yes,,,5,Elms-Old Rexdale,5,Elms-Old Rexdale (5),D23,616076.4642,4842132.037
1041,3603941,929545,9/20/2006 8:00:00 AM,830,ISLINGTON AVE,ELMHURST DR,,Major Arterial,Etobicoke York,43.723145,-79.55889,,Traffic Signal,Clear,Daylight,Dry,Non-Fatal Injury,Angle,Driver,70 to 74,Major,,East,"Automobile, Station Wagon",Going Ahead,Driving Properly,Normal,,,,,,,,,Yes,,,,,Yes,,Yes,Yes,,,5,Elms-Old Rexdale,5,Elms-Old Rexdale (5),D23,616076.4642,4842132.037
1042,3603942,929545,9/20/2006 8:00:00 AM,830,ISLINGTON AVE,ELMHURST DR,,Major Arterial,Etobicoke York,43.723145,-79.55889,,Traffic Signal,Clear,Daylight,Dry,Non-Fatal Injury,Angle,Passenger,15 to 19,Major,,,Other,,,,,,,,,,,,Yes,,,,,Yes,,Yes,Yes,,,5,Elms-Old Rexdale,5,Elms-Old Rexdale (5),D23,616076.4642,4842132.037
1043,3603943,929545,9/20/2006 8:00:00 AM,830,ISLINGTON AVE,ELMHURST DR,,Major Arterial,Etobicoke York,43.723145,-79.55889,,Traffic Signal,Clear,Daylight,Dry,Non-Fatal Injury,Angle,Driver,45 to 49,Minor,,North,"Automobile, Station Wagon",Going Ahead,Disobeyed Traffic Control,Normal,,,,,,,,,Yes,,,,,Yes,,Yes,Yes,,,5,Elms-Old Rexdale,5,Elms-Old Rexdale (5),D23,616076.4642,4842132.037
1044,3603944,929545,9/20/2006 8:00:00 AM,830,ISLINGTON AVE,ELMHURST DR,,Major Arterial,Etobicoke York,43.723145,-79.55889,,Traffic Signal,Clear,Daylight,Dry,Non-Fatal Injury,Angle,Other Property Owner,unknown,None,,,Other,,,,,,,,,,,,Yes,,,,,Yes,,Yes,Yes,,,5,Elms-Old Rexdale,5,Elms-Old Rexdale (5),D23,616076.4642,4842132.037
1045,3486968,929596,9/20/2006 8:00:00 AM,1315,2440 DUNDAS ST W,,,Minor Arterial,Toronto and East York,43.658545,-79.45309,,No Control,Clear,Daylight,Dry,Non-Fatal Injury,Pedestrian Collisions,Truck Driver,35 to 39,None,,North,Truck - Open,Going Ahead,Driving Properly,Normal,,,,,,,Yes,,Yes,,Yes,,,,,,,,,88,High Park North,88,High Park North (88),D11,624732.2007,4835110.9464
1046,3486969,929596,9/20/2006 8:00:00 AM,1315,2440 DUNDAS ST W,,,Minor Arterial,Toronto and East York,43.658545,-79.45309,,No Control,Clear,Daylight,Dry,Non-Fatal Injury,Pedestrian Collisions,Other Property Owner,unknown,,,,Other,,,,,,,,,,Yes,,Yes,,Yes,,,,,,,,,88,High Park North,88,High Park North (88),D11,624732.2007,4835110.9464
1047,3486970,929596,9/20/2006 8:00:00 AM,1315,2440 DUNDAS ST W,,,Minor Arterial,Toronto and East York,43.658545,-79.45309,,No Control,Clear,Daylight,Dry,Non-Fatal Injury,Pedestrian Collisions,Pedestrian,60 to 64,Major,,North,Other,,,,Vehicle is reversing and hits pedestrian,On Sidewalk or Shoulder,Normal,,,,Yes,,Yes,,Yes,,,,,,,,,88,High Park North,88,High Park North (88),D11,624732.2007,4835110.9464
1048,3486971,929596,9/20/2006 8:00:00 AM,1315,2440 DUNDAS ST W,,,Minor Arterial,Toronto and East York,43.658545,-79.45309,,No Control,Clear,Daylight,Dry,Non-Fatal Injury,Pedestrian Collisions,Driver,80 to 84,None,,East,"Automobile, Station Wagon",Reversing,Lost control,Normal,,,,,,,Yes,,Yes,,Yes,,,,,,,,,88,High Park North,88,High Park North (88),D11,624732.2007,4835110.9464
1049,3533198,925612,9/21/2006 8:00:00 AM,1408,STEELES AVE W,BLACK HAWKWAY,,Major Arterial,North York,43.789845,-79.45759,At Intersection,Traffic Signal,Clear,Daylight,Dry,Non-Fatal Injury,Pedestrian Collisions,Vehicle Owner,unknown,,,,Other,,,,,,,,,,Yes,,Yes,,,,,,,,,,,35,Westminster-Branson,35,Westminster-Branson (35),D32,624097.9437,4849686.928
1050,3533199,925612,9/21/2006 8:00:00 AM,1408,STEELES AVE W,BLACK HAWKWAY,,Major Arterial,North York,43.789845,-79.45759,At Intersection,Traffic Signal,Clear,Daylight,Dry,Non-Fatal Injury,Pedestrian Collisions,Driver,55 to 59,None,,East,Delivery Van,Going Ahead,Driving Properly,Normal,,,,,,,Yes,,Yes,,,,,,,,,,,35,Westminster-Branson,35,Westminster-Branson (35),D32,624097.9437,4849686.928