OBJECTID,INDEX,ACCNUM,DATE,TIME,STREET1,STREET2,OFFSET,ROAD_CLASS,DISTRICT,LATITUDE,LONGITUDE,ACCLOC,TRAFFCTL,VISIBILITY,LIGHT,RDSFCOND,ACCLASS,IMPACTYPE,INVTYPE,INVAGE,INJURY,FATAL_NO,INITDIR,VEHTYPE,MANOEUVER,DRIVACT,DRIVCOND,PEDTYPE,PEDACT,PEDCOND,CYCLISTYPE,CYCACT,CYCCOND,PEDESTRIAN,CYCLIST,AUTOMOBILE,MOTORCYCLE,TRUCK,TRSN_CITY_VEH,EMERG_VEH,PASSENGER,SPEEDING,AG_DRIV,REDLIGHT,ALCOHOL,DISABILITY,HOOD_158,NEIGHBOURHOOD_158,HOOD_140,NEIGHBOURHOOD_140,DIVISION,x,y
1113,3481447,927542,10/2/2006 8:00:00 AM,1340,3295 BIRCHMOUNT RD,,,Major Arterial,Scarborough,43.813045,-79.31319,,No Control,Clear,Daylight,Dry,Non-Fatal Injury,Pedestrian Collisions,Driver,20 to 24,Minor,,North,"Automobile, Station Wagon",Going Ahead,Other,Unknown,,,,,,,Yes,,Yes,,,,,,,,,,,116,Steeles,116,Steeles (116),D42,635663.549,4852490.2863
1114,3481448,927542,10/2/2006 8:00:00 AM,1340,3295 BIRCHMOUNT RD,,,Major Arterial,Scarborough,43.813045,-79.31319,,No Control,Clear,Daylight,Dry,Non-Fatal Injury,Pedestrian Collisions,Other Property Owner,unknown,None,,,Other,,,,,,,,,,Yes,,Yes,,,,,,,,,,,116,Steeles,116,Steeles (116),D42,635663.549,4852490.2863
1115,3481449,927542,10/2/2006 8:00:00 AM,1340,3295 BIRCHMOUNT RD,,,Major Arterial,Scarborough,43.813045,-79.31319,,No Control,Clear,Daylight,Dry,Non-Fatal Injury,Pedestrian Collisions,Pedestrian,25 to 29,Major,,,Other,,,,Pedestrian hit on sidewalk or shoulder,On Sidewalk or Shoulder,Normal,,,,Yes,,Yes,,,,,,,,,,,116,Steeles,116,Steeles (116),D42,635663.549,4852490.2863
1116,3502609,935412,10/2/2006 8:00:00 AM,2308,GILROY DR,BRIGSTOCK RD,,Local,Scarborough,43.760945,-79.28099,,No Control,Clear,Dark,Dry,Non-Fatal Injury,Pedestrian Collisions,Vehicle Owner,unknown,,,,Other,,,,,,,,,,Yes,,Yes,,,,,,,,,,,126,Dorset Park,126,Dorset Park (126),D41,638373.4671,4846757.0605
1117,3502610,935412,10/2/2006 8:00:00 AM,2308,GILROY DR,BRIGSTOCK RD,,Local,Scarborough,43.760945,-79.28099,,No Control,Clear,Dark,Dry,Non-Fatal Injury,Pedestrian Collisions,Driver,30 to 34,Major,,North,"Automobile, Station Wagon",Going Ahead,Other,Normal,,,,,,,Yes,,Yes,,,,,,,,,,,126,Dorset Park,126,Dorset Park (126),D41,638373.4671,4846757.0605
1118,3502611,935412,10/2/2006 8:00:00 AM,2308,GILROY DR,BRIGSTOCK RD,,Local,Scarborough,43.760945,-79.28099,,No Control,Clear,Dark,Dry,Non-Fatal Injury,Pedestrian Collisions,Pedestrian,unknown,None,,,Other,,,,Other / Undefined,Other,Normal,,,,Yes,,Yes,,,,,,,,,,,126,Dorset Park,126,Dorset Park (126),D41,638373.4671,4846757.0605
1119,3491127,931113,10/3/2006 8:00:00 AM,1055,KIPLING AVE,PENLEA AVE,,Major Arterial,Etobicoke York,43.741245,-79.58109,,Pedestrian Crossover,Clear,Daylight,Wet,Non-Fatal Injury,Pedestrian Collisions,Driver,55 to 59,None,,South,"Automobile, Station Wagon",Going Ahead,Disobeyed Traffic Control,Inattentive,,,,,,,Yes,,Yes,,,,,,,Yes,,,,3,Thistletown-Beaumond Heights,3,Thistletown-Beaumond Heights (3),D23,614253.8963,4844111.4445
1120,3491128,931113,10/3/2006 8:00:00 AM,1055,KIPLING AVE,PENLEA AVE,,Major Arterial,Etobicoke York,43.741245,-79.58109,,Pedestrian Crossover,Clear,Daylight,Wet,Non-Fatal Injury,Pedestrian Collisions,Pedestrian,75 to 79,Major,,West,Other,,,,Pedestrian hit a PXO/ped. Mid-block signal,"Crossing, Pedestrian Crossover",Normal,,,,Yes,,Yes,,,,,,,Yes,,,,3,Thistletown-Beaumond Heights,3,Thistletown-Beaumond Heights (3),D23,614253.8963,4844111.4445
1121,3491114,931108,10/3/2006 8:00:00 AM,1728,STEELES AVE W,KEELE ST,,Major Arterial,North York,43.781645,-79.49399,,No Control,Clear,Daylight,Dry,Non-Fatal Injury,Pedestrian Collisions,Driver,60 to 64,None,,West,"Automobile, Station Wagon",Going Ahead,Driving Properly,Normal,,,,,,,Yes,,Yes,,,,,,,,,,,27,York University Heights,27,York University Heights (27),D31,621185.8483,4848722.2652
1122,3491115,931108,10/3/2006 8:00:00 AM,1728,STEELES AVE W,KEELE ST,,Major Arterial,North York,43.781645,-79.49399,,No Control,Clear,Daylight,Dry,Non-Fatal Injury,Pedestrian Collisions,Pedestrian,30 to 34,Major,,South,Other,,,,Pedestrian hit at mid-block,Crossing without right of way,Inattentive,,,,Yes,,Yes,,,,,,,,,,,27,York University Heights,27,York University Heights (27),D31,621185.8483,4848722.2652
1123,3514728,939969,10/4/2006 8:00:00 AM,851,TECUMSETH ST,MITCHELL AVE,,Local,Toronto and East York,43.645345,-79.40609,,No Control,Rain,Daylight,Wet,Non-Fatal Injury,Turning Movement,Motorcycle Driver,30 to 34,Major,,North,Motorcycle,Going Ahead,Driving Properly,Normal,,,,,,,,,,Yes,,,,,,,,,,162,West Queen West,82,Niagara (82),D14,628550.1546,4833716.6419
1124,3514729,939969,10/4/2006 8:00:00 AM,851,TECUMSETH ST,MITCHELL AVE,,Local,Toronto and East York,43.645345,-79.40609,,No Control,Rain,Daylight,Wet,Non-Fatal Injury,Turning Movement,Vehicle Owner,unknown,None,,,Other,,,,,,,,,,,,,Yes,,,,,,,,,,162,West Queen West,82,Niagara (82),D14,628550.1546,4833716.6419
1125,3514730,939969,10/4/2006 8:00:00 AM,851,TECUMSETH ST,MITCHELL AVE,,Local,Toronto and East York,43.645345,-79.40609,,No Control,Rain,Daylight,Wet,Non-Fatal Injury,Turning Movement,Driver,50 to 54,None,,North,Other,Turning Left,Improper Turn,Normal,,,,,,,,,,Yes,,,,,,,,,,162,West Queen West,82,Niagara (82),D14,628550.1546,4833716.6419
1126,3514725,939968,10/4/2006 8:00:00 AM,1230,BLOOR ST W,OSSINGTON AVE,,Major Arterial,Toronto and East York,43.661945,-79.42569,,No Control,Rain,Daylight,Wet,Non-Fatal Injury,Pedestrian Collisions,Pedestrian,35 to 39,Major,,North,Other,,,,Vehicle is going straight thru inter.while ped cross without ROW,"Crossing, no Traffic Control",Had Been Drinking,,,,Yes,,,,Yes,,,,,,,,,80,Palmerston-Little Italy,80,Palmerston-Little Italy (80),D14,626934.4049,4835530.1161
1127,3514726,939968,10/4/2006 8:00:00 AM,1230,BLOOR ST W,OSSINGTON AVE,,Major Arterial,Toronto and East York,43.661945,-79.42569,,No Control,Rain,Daylight,Wet,Non-Fatal Injury,Pedestrian Collisions,Vehicle Owner,unknown,,,,Other,,,,,,,,,,Yes,,,,Yes,,,,,,,,,80,Palmerston-Little Italy,80,Palmerston-Little Italy (80),D14,626934.4049,4835530.1161
1128,3514727,939968,10/4/2006 8:00:00 AM,1230,BLOOR ST W,OSSINGTON AVE,,Major Arterial,Toronto and East York,43.661945,-79.42569,,No Control,Rain,Daylight,Wet,Non-Fatal Injury,Pedestrian Collisions,Truck Driver,45 to 49,None,,East,Truck - Open,Going Ahead,Driving Properly,Normal,,,,,,,Yes,,,,Yes,,,,,,,,,80,Palmerston-Little Italy,80,Palmerston-Little Italy (80),D14,626934.4049,4835530.1161
1129,3605396,937408,10/4/2006 8:00:00 AM,1250,WARDEN AVE,BRIDLETOWNE CRCL,,Major Arterial,Scarborough,43.792145,-79.31389,At Intersection,Traffic Signal,Rain,Daylight,Wet,Non-Fatal Injury,Pedestrian Collisions,Driver,65 to 69,Minimal,,North,"Automobile, Station Wagon",Going Ahead,Lost control,Medical or Physical Disability,,,,,,,Yes,,Yes,,,,,,,,,,Yes,147,L'Amoreaux West,117,L'Amoreaux (117),D42,635654.5471,4850167.8591
1130,3605397,937408,10/4/2006 8:00:00 AM,1250,WARDEN AVE,BRIDLETOWNE CRCL,,Major Arterial,Scarborough,43.792145,-79.31389,At Intersection,Traffic Signal,Rain,Daylight,Wet,Non-Fatal Injury,Pedestrian Collisions,Other Property Owner,unknown,,,,Other,,,,,,,,,,Yes,,Yes,,,,,,,,,,Yes,147,L'Amoreaux West,117,L'Amoreaux (117),D42,635654.5471,4850167.8591
1131,3605398,937408,10/4/2006 8:00:00 AM,1250,WARDEN AVE,BRIDLETOWNE CRCL,,Major Arterial,Scarborough,43.792145,-79.31389,At Intersection,Traffic Signal,Rain,Daylight,Wet,Non-Fatal Injury,Pedestrian Collisions,Other Property Owner,unknown,,,,Other,,,,,,,,,,Yes,,Yes,,,,,,,,,,Yes,147,L'Amoreaux West,117,L'Amoreaux (117),D42,635654.5471,4850167.8591
1132,3605399,937408,10/4/2006 8:00:00 AM,1250,WARDEN AVE,BRIDLETOWNE CRCL,,Major Arterial,Scarborough,43.792145,-79.31389,At Intersection,Traffic Signal,Rain,Daylight,Wet,Non-Fatal Injury,Pedestrian Collisions,Pedestrian,15 to 19,Major,,,Other,,,,Pedestrian hit on sidewalk or shoulder,On Sidewalk or Shoulder,Unknown,,,,Yes,,Yes,,,,,,,,,,Yes,147,L'Amoreaux West,117,L'Amoreaux (117),D42,635654.5471,4850167.8591
1133,3605400,937408,10/4/2006 8:00:00 AM,1250,WARDEN AVE,BRIDLETOWNE CRCL,,Major Arterial,Scarborough,43.792145,-79.31389,At Intersection,Traffic Signal,Rain,Daylight,Wet,Non-Fatal Injury,Pedestrian Collisions,Pedestrian,15 to 19,Major,,,Other,,,,Pedestrian hit on sidewalk or shoulder,On Sidewalk or Shoulder,Unknown,,,,Yes,,Yes,,,,,,,,,,Yes,147,L'Amoreaux West,117,L'Amoreaux (117),D42,635654.5471,4850167.8591
1134,3605401,937408,10/4/2006 8:00:00 AM,1250,WARDEN AVE,BRIDLETOWNE CRCL,,Major Arterial,Scarborough,43.792145,-79.31389,At Intersection,Traffic Signal,Rain,Daylight,Wet,Non-Fatal Injury,Pedestrian Collisions,Pedestrian,60 to 64,Major,,,Other,,,,Pedestrian hit on sidewalk or shoulder,On Sidewalk or Shoulder,Unknown,,,,Yes,,Yes,,,,,,,,,,Yes,147,L'Amoreaux West,117,L'Amoreaux (117),D42,635654.5471,4850167.8591
1135,3482458,927912,10/4/2006 8:00:00 AM,1403,ISLINGTON AVE,REXDALE BLVD,,Major Arterial,Etobicoke York,43.714445,-79.55499,At Intersection,No Control,Clear,Daylight,Dry,Non-Fatal Injury,SMV Other,Driver,70 to 74,Major,,North,"Automobile, Station Wagon",Going Ahead,Lost control,Medical or Physical Disability,,,,,,,,,Yes,,,,,,,,,,Yes,1,West Humber-Clairville,1,West Humber-Clairville (1),D23,616407.4437,4841171.2504
1136,3482459,927912,10/4/2006 8:00:00 AM,1403,ISLINGTON AVE,REXDALE BLVD,,Major Arterial,Etobicoke York,43.714445,-79.55499,At Intersection,No Control,Clear,Daylight,Dry,Non-Fatal Injury,SMV Other,Other Property Owner,unknown,None,,,Other,,,,,,,,,,,,Yes,,,,,,,,,,Yes,1,West Humber-Clairville,1,West Humber-Clairville (1),D23,616407.4437,4841171.2504
1137,3501505,935003,10/4/2006 8:00:00 AM,1500,ROGERS RD,KEELE ST,,Major Arterial,Etobicoke York,43.682145,-79.47159,At Intersection,Traffic Signal,Clear,Daylight,Dry,Non-Fatal Injury,Pedestrian Collisions,Driver,15 to 19,None,,East,"Automobile, Station Wagon",Slowing or Stopping,Disobeyed Traffic Control,Unknown,,,,,,,Yes,,Yes,,,,,,,Yes,Yes,,,110,Keelesdale-Eglinton West,110,Keelesdale-Eglinton West (110),D12,623192.1825,4837704.3946
1138,3501506,935003,10/4/2006 8:00:00 AM,1500,ROGERS RD,KEELE ST,,Major Arterial,Etobicoke York,43.682145,-79.47159,At Intersection,Traffic Signal,Clear,Daylight,Dry,Non-Fatal Injury,Pedestrian Collisions,Pedestrian,10 to 14,Major,,North,Other,,,,Vehicle is going straight thru inter.while ped cross with ROW,Crossing with right of way,Unknown,,,,Yes,,Yes,,,,,,,Yes,Yes,,,110,Keelesdale-Eglinton West,110,Keelesdale-Eglinton West (110),D12,623192.1825,4837704.3946
1139,3492913,931768,10/5/2006 8:00:00 AM,1500,ADELAIDE ST W,UNIVERSITY AVE,,Major Arterial,Toronto and East York,43.648845,-79.38559,At Intersection,Traffic Signal,Clear,Daylight,Dry,Non-Fatal Injury,Pedestrian Collisions,Driver,55 to 59,None,,South,"Automobile, Station Wagon",Turning Left,Driving Properly,Normal,,,,,,,Yes,,Yes,,,,,,,,,,,170,Yonge-Bay Corridor,76,Bay Street Corridor (76),D52,630195.952,4834137.3203
1140,3492914,931768,10/5/2006 8:00:00 AM,1500,ADELAIDE ST W,UNIVERSITY AVE,,Major Arterial,Toronto and East York,43.648845,-79.38559,At Intersection,Traffic Signal,Clear,Daylight,Dry,Non-Fatal Injury,Pedestrian Collisions,Pedestrian,45 to 49,Major,,East,Other,,,,Vehicle turns left while ped crosses without ROW at inter.,Crossing without right of way,Inattentive,,,,Yes,,Yes,,,,,,,,,,,170,Yonge-Bay Corridor,76,Bay Street Corridor (76),D52,630195.952,4834137.3203
1141,3492924,931773,10/5/2006 8:00:00 AM,1940,QUEEN ST E,LOGAN AVE,,Minor Arterial,Toronto and East York,43.660545,-79.34249,At Intersection,Traffic Signal,Clear,Dark,Dry,Non-Fatal Injury,Cyclist Collisions,Driver,35 to 39,Minimal,,South,"Automobile, Station Wagon",Going Ahead,Driving Properly,Normal,,,,,,,,Yes,Yes,,,,,Yes,,Yes,Yes,,,70,South Riverdale,70,South Riverdale (70),D55,633645.8826,4835505.2832
1142,3492925,931773,10/5/2006 8:00:00 AM,1940,QUEEN ST E,LOGAN AVE,,Minor Arterial,Toronto and East York,43.660545,-79.34249,At Intersection,Traffic Signal,Clear,Dark,Dry,Non-Fatal Injury,Cyclist Collisions,Passenger,35 to 39,Minimal,,,Other,,,,,,,,,,,Yes,Yes,,,,,Yes,,Yes,Yes,,,70,South Riverdale,70,South Riverdale (70),D55,633645.8826,4835505.2832
1143,3492926,931773,10/5/2006 8:00:00 AM,1940,QUEEN ST E,LOGAN AVE,,Minor Arterial,Toronto and East York,43.660545,-79.34249,At Intersection,Traffic Signal,Clear,Dark,Dry,Non-Fatal Injury,Cyclist Collisions,Vehicle Owner,unknown,,,,Other,,,,,,,,,,,Yes,Yes,,,,,Yes,,Yes,Yes,,,70,South Riverdale,70,South Riverdale (70),D55,633645.8826,4835505.2832
1144,3492927,931773,10/5/2006 8:00:00 AM,1940,QUEEN ST E,LOGAN AVE,,Minor Arterial,Toronto and East York,43.660545,-79.34249,At Intersection,Traffic Signal,Clear,Dark,Dry,Non-Fatal Injury,Cyclist Collisions,Driver,25 to 29,Minimal,,East,Taxi,Going Ahead,Disobeyed Traffic Control,Inattentive,,,,,,,,Yes,Yes,,,,,Yes,,Yes,Yes,,,70,South Riverdale,70,South Riverdale (70),D55,633645.8826,4835505.2832
1145,3492928,931773,10/5/2006 8:00:00 AM,1940,QUEEN ST E,LOGAN AVE,,Minor Arterial,Toronto and East York,43.660545,-79.34249,At Intersection,Traffic Signal,Clear,Dark,Dry,Non-Fatal Injury,Cyclist Collisions,Cyclist,30 to 34,Major,,North,Bicycle,Going Ahead,,,,,,"Motorist without ROW drives into path of cyclist at inter, lnwy, dwy-Driver not turn.",Driving Properly,Normal,,Yes,Yes,,,,,Yes,,Yes,Yes,,,70,South Riverdale,70,South Riverdale (70),D55,633645.8826,4835505.2832
1146,3603853,928305,10/5/2006 8:00:00 AM,2034,ELLESMERE RD,ORTON PARK RD,,Major Arterial,Scarborough,43.779745,-79.21709,At Intersection,Traffic Signal,Clear,Dark,Dry,Non-Fatal Injury,Turning Movement,Driver,40 to 44,Major,,East,"Automobile, Station Wagon",Going Ahead,Driving Properly,Normal,,,,,,,,,Yes,,,,,Yes,,Yes,,,,135,Morningside,135,Morningside (135),D43,643472.2627,4848953.8523
1147,3603854,928305,10/5/2006 8:00:00 AM,2034,ELLESMERE RD,ORTON PARK RD,,Major Arterial,Scarborough,43.779745,-79.21709,At Intersection,Traffic Signal,Clear,Dark,Dry,Non-Fatal Injury,Turning Movement,Passenger,0 to 4,None,,,Other,,,,,,,,,,,,Yes,,,,,Yes,,Yes,,,,135,Morningside,135,Morningside (135),D43,643472.2627,4848953.8523
1148,3603855,928305,10/5/2006 8:00:00 AM,2034,ELLESMERE RD,ORTON PARK RD,,Major Arterial,Scarborough,43.779745,-79.21709,At Intersection,Traffic Signal,Clear,Dark,Dry,Non-Fatal Injury,Turning Movement,Vehicle Owner,unknown,,,,Other,,,,,,,,,,,,Yes,,,,,Yes,,Yes,,,,135,Morningside,135,Morningside (135),D43,643472.2627,4848953.8523
1149,3603856,928305,10/5/2006 8:00:00 AM,2034,ELLESMERE RD,ORTON PARK RD,,Major Arterial,Scarborough,43.779745,-79.21709,At Intersection,Traffic Signal,Clear,Dark,Dry,Non-Fatal Injury,Turning Movement,Driver,30 to 34,Minor,,West,Other,Going Ahead,Failed to Yield Right of Way,Normal,,,,,,,,,Yes,,,,,Yes,,Yes,,,,135,Morningside,135,Morningside (135),D43,643472.2627,4848953.8523
1150,3603857,928305,10/5/2006 8:00:00 AM,2034,ELLESMERE RD,ORTON PARK RD,,Major Arterial,Scarborough,43.779745,-79.21709,At Intersection,Traffic Signal,Clear,Dark,Dry,Non-Fatal Injury,Turning Movement,Driver,unknown,None,,South,"Automobile, Station Wagon",Turning Right,Other,Unknown,,,,,,,,,Yes,,,,,Yes,,Yes,,,,135,Morningside,135,Morningside (135),D43,643472.2627,4848953.8523
1151,3492635,931671,10/6/2006 8:00:00 AM,638,LAWRENCE AVE W,KEELE ST,,Major Arterial,Etobicoke York,43.708645,-79.47809,At Intersection,Traffic Signal,Clear,Dawn,Dry,Non-Fatal Injury,Turning Movement,Driver,55 to 59,Major,,West,"Automobile, Station Wagon",Turning Left,Driving Properly,Normal,,,,,,,,,Yes,,,,,,,Yes,Yes,,,30,Brookhaven-Amesbury,29,Maple Leaf (29),D12,622614.248,4840637.9479
1152,3492636,931671,10/6/2006 8:00:00 AM,638,LAWRENCE AVE W,KEELE ST,,Major Arterial,Etobicoke York,43.708645,-79.47809,At Intersection,Traffic Signal,Clear,Dawn,Dry,Non-Fatal Injury,Turning Movement,Driver,20 to 24,Minor,,East,"Automobile, Station Wagon",Going Ahead,Disobeyed Traffic Control,Normal,,,,,,,,,Yes,,,,,,,Yes,Yes,,,30,Brookhaven-Amesbury,29,Maple Leaf (29),D12,622614.248,4840637.9479
1153,3497661,933527,10/6/2006 8:00:00 AM,1830,ROGERS RD,GLENHOLME AVE,,Minor Arterial,Toronto and East York,43.686545,-79.441592,At Intersection,Traffic Signal,Clear,"Dusk, artificial",Dry,Non-Fatal Injury,Cyclist Collisions,Driver,75 to 79,None,,West,"Automobile, Station Wagon",Going Ahead,Driving Properly,Normal,,,,,,,,Yes,Yes,,,,,,,,,,,107,Oakwood Village,107,Oakwood Village (107),D13,625600.9066,4838238.0694
1154,3497662,933527,10/6/2006 8:00:00 AM,1830,ROGERS RD,GLENHOLME AVE,,Minor Arterial,Toronto and East York,43.686545,-79.441592,At Intersection,Traffic Signal,Clear,"Dusk, artificial",Dry,Non-Fatal Injury,Cyclist Collisions,Cyclist,40 to 44,Major,,South,Bicycle,Going Ahead,,,,,,"Cyclist without ROW rides into path of motorist at inter, lnwy, dwy-Cyclist not turn.",Disobeyed Traffic Control,Normal,,Yes,Yes,,,,,,,,,,,107,Oakwood Village,107,Oakwood Village (107),D13,625600.9066,4838238.0694
1155,3604254,932897,10/7/2006 8:00:00 AM,850,ST CLAIR AVE W,MOULD AVE,,Major Arterial,Etobicoke York,43.668145,-79.48699,At Intersection,No Control,Clear,Daylight,Dry,Non-Fatal Injury,Rear End,Driver,50 to 54,Major,,West,"Automobile, Station Wagon",Stopped,Driving Properly,Normal,,,,,,,,,Yes,,,,,,,Yes,,,,111,Rockcliffe-Smythe,111,Rockcliffe-Smythe (111),D11,621979.2694,4836126.7493
1156,3604255,932897,10/7/2006 8:00:00 AM,850,ST CLAIR AVE W,MOULD AVE,,Major Arterial,Etobicoke York,43.668145,-79.48699,At Intersection,No Control,Clear,Daylight,Dry,Non-Fatal Injury,Rear End,Driver,20 to 24,None,,West,"Automobile, Station Wagon",Going Ahead,Following too Close,Normal,,,,,,,,,Yes,,,,,,,Yes,,,,111,Rockcliffe-Smythe,111,Rockcliffe-Smythe (111),D11,621979.2694,4836126.7493
1157,3484894,928810,10/9/2006 8:00:00 AM,315,ALBION RD,CLAIREPORT CRES,,Major Arterial,Etobicoke York,43.747445,-79.63419,,No Control,Clear,Dark,Dry,Non-Fatal Injury,SMV Other,Driver,45 to 49,Major,,West,"Automobile, Station Wagon",Going Ahead,Lost control,Unknown,,,,,,,,,Yes,,,,,,,,,,,1,West Humber-Clairville,1,West Humber-Clairville (1),D23,609966.7839,4844728.1874
1158,3493593,932028,10/9/2006 8:00:00 AM,1002,PARLIAMENT ST,GERRARD ST E,,Minor Arterial,Toronto and East York,43.661945,-79.36699,At Intersection,Traffic Signal,Clear,Daylight,Dry,Non-Fatal Injury,Cyclist Collisions,Driver,25 to 29,None,,South,"Automobile, Station Wagon",Going Ahead,Driving Properly,Normal,,,,,,,,Yes,Yes,,,,,,,,,,,72,Regent Park,72,Regent Park (72),D51,631667.353,4835621.5984
1159,3493594,932028,10/9/2006 8:00:00 AM,1002,PARLIAMENT ST,GERRARD ST E,,Minor Arterial,Toronto and East York,43.661945,-79.36699,At Intersection,Traffic Signal,Clear,Daylight,Dry,Non-Fatal Injury,Cyclist Collisions,Cyclist,35 to 39,Major,,East,Bicycle,Turning Left,,,,,,Cyclist turned left across motorists path.,Improper Turn,Normal,,Yes,Yes,,,,,,,,,,,72,Regent Park,72,Regent Park (72),D51,631667.353,4835621.5984
1160,3493616,932038,10/9/2006 8:00:00 AM,1912,YONGE ST,CHURCH AVE,,Major Arterial,North York,43.773745,-79.41399,At Intersection,Traffic Signal,Clear,Dark,Dry,Non-Fatal Injury,Pedestrian Collisions,Driver,60 to 64,None,,North,"Automobile, Station Wagon",Going Ahead,Disobeyed Traffic Control,Had Been Drinking,,,,,,,Yes,,Yes,,,,,,,Yes,Yes,,,151,Yonge-Doris,51,Willowdale East (51),D32,627640.1636,4847965.0656
1161,3493617,932038,10/9/2006 8:00:00 AM,1912,YONGE ST,CHURCH AVE,,Major Arterial,North York,43.773745,-79.41399,At Intersection,Traffic Signal,Clear,Dark,Dry,Non-Fatal Injury,Pedestrian Collisions,Pedestrian,25 to 29,Major,,,Other,,,,Pedestrian hit on sidewalk or shoulder,On Sidewalk or Shoulder,Normal,,,,Yes,,Yes,,,,,,,Yes,Yes,,,151,Yonge-Doris,51,Willowdale East (51),D32,627640.1636,4847965.0656
1162,3493632,932044,10/10/2006 8:00:00 AM,743,CARSLAKE CRES,DANFORTH RD,,Major Arterial,Scarborough,43.747145,-79.24459,At Intersection,Stop Sign,Clear,Daylight,Dry,Non-Fatal Injury,Cyclist Collisions,Driver,50 to 54,None,,West,"Automobile, Station Wagon",Turning Right,Failed to Yield Right of Way,Normal,,,,,,,,Yes,Yes,,,,,,,Yes,,,,157,Bendale South,127,Bendale (127),D43,641336.0415,4845285.8244
1163,3493633,932044,10/10/2006 8:00:00 AM,743,CARSLAKE CRES,DANFORTH RD,,Major Arterial,Scarborough,43.747145,-79.24459,At Intersection,Stop Sign,Clear,Daylight,Dry,Non-Fatal Injury,Cyclist Collisions,Cyclist,10 to 14,Major,,South,Bicycle,Going Ahead,,,,,,"Motorist turns right at non-signal Inter.(stop, yield, no cont.,and dwy) and strikes cyclist.",Driving Properly,Normal,,Yes,Yes,,,,,,,Yes,,,,157,Bendale South,127,Bendale (127),D43,641336.0415,4845285.8244
1164,3502104,935226,10/10/2006 8:00:00 AM,1256,FINCH Aven W,WESTMORE Driv,,Major Arterial,Etobicoke York,43.734645,-79.60099,At Intersection,Traffic Signal,Clear,Daylight,Dry,Non-Fatal Injury,Angle,Driver,60 to 64,Major,,South,"Automobile, Station Wagon",Going Ahead,Driving Properly,Normal,,,,,,,,,Yes,,,,,,,Yes,Yes,,,1,West Humber-Clairville,1,West Humber-Clairville (1),D23,612663.869,4843351.1709
1165,3502105,935226,10/10/2006 8:00:00 AM,1256,FINCH Aven W,WESTMORE Driv,,Major Arterial,Etobicoke York,43.734645,-79.60099,At Intersection,Traffic Signal,Clear,Daylight,Dry,Non-Fatal Injury,Angle,Driver,45 to 49,Minor,,West,"Automobile, Station Wagon",Going Ahead,Disobeyed Traffic Control,Inattentive,,,,,,,,,Yes,,,,,,,Yes,Yes,,,1,West Humber-Clairville,1,West Humber-Clairville (1),D23,612663.869,4843351.1709
1166,3493778,932096,10/11/2006 8:00:00 AM,1406,SPADINA AVE,BALDWIN ST,,Major Arterial,Toronto and East York,43.655545,-79.39909,,No Control,Rain,Daylight,Wet,Non-Fatal Injury,Pedestrian Collisions,Pedestrian,unknown,Minimal,,,Other,,,,Pedestrian involved in a collision with transit vehicle anywhere along roadway,Other,Had Been Drinking,,,,Yes,,,,,Yes,,,,,,,,78,Kensington-Chinatown,78,Kensington-Chinatown (78),D52,629092.8618,4834860.3517
1167,3493779,932096,10/11/2006 8:00:00 AM,1406,SPADINA AVE,BALDWIN ST,,Major Arterial,Toronto and East York,43.655545,-79.39909,,No Control,Rain,Daylight,Wet,Non-Fatal Injury,Pedestrian Collisions,Pedestrian,45 to 49,Major,,,Other,,,,Pedestrian involved in a collision with transit vehicle anywhere along roadway,Other,Had Been Drinking,,,,Yes,,,,,Yes,,,,,,,,78,Kensington-Chinatown,78,Kensington-Chinatown (78),D52,629092.8618,4834860.3517
1168,3493780,932096,10/11/2006 8:00:00 AM,1406,SPADINA AVE,BALDWIN ST,,Major Arterial,Toronto and East York,43.655545,-79.39909,,No Control,Rain,Daylight,Wet,Non-Fatal Injury,Pedestrian Collisions,Vehicle Owner,unknown,,,,Other,,,,,,,,,,Yes,,,,,Yes,,,,,,,,78,Kensington-Chinatown,78,Kensington-Chinatown (78),D52,629092.8618,4834860.3517
1169,3493781,932096,10/11/2006 8:00:00 AM,1406,SPADINA AVE,BALDWIN ST,,Major Arterial,Toronto and East York,43.655545,-79.39909,,No Control,Rain,Daylight,Wet,Non-Fatal Injury,Pedestrian Collisions,Driver,30 to 34,None,,North,Municipal Transit Bus (TTC),Slowing or Stopping,Driving Properly,Normal,,,,,,,Yes,,,,,Yes,,,,,,,,78,Kensington-Chinatown,78,Kensington-Chinatown (78),D52,629092.8618,4834860.3517
1170,3489237,930421,10/11/2006 8:00:00 AM,2255,STEELES AVE W,KEELE ST,,Major Arterial,Etobicoke York,43.781545,-79.49449,At Intersection,Traffic Signal,Rain,Dark,Wet,Non-Fatal Injury,Pedestrian Collisions,Driver,unknown,None,,,"Automobile, Station Wagon",Unknown,,,,,,,,,Yes,,Yes,,,,,,,,,,,27,York University Heights,27,York University Heights (27),D31,621145.8159,4848710.4269
1171,3489238,930421,10/11/2006 8:00:00 AM,2255,STEELES AVE W,KEELE ST,,Major Arterial,Etobicoke York,43.781545,-79.49449,At Intersection,Traffic Signal,Rain,Dark,Wet,Non-Fatal Injury,Pedestrian Collisions,Pedestrian,unknown,Major,,,Other,Other,,,Unknown,,,,,,Yes,,Yes,,,,,,,,,,,27,York University Heights,27,York University Heights (27),D31,621145.8159,4848710.4269