OBJECTID,INDEX,ACCNUM,DATE,TIME,STREET1,STREET2,OFFSET,ROAD_CLASS,DISTRICT,LATITUDE,LONGITUDE,ACCLOC,TRAFFCTL,VISIBILITY,LIGHT,RDSFCOND,ACCLASS,IMPACTYPE,INVTYPE,INVAGE,INJURY,FATAL_NO,INITDIR,VEHTYPE,MANOEUVER,DRIVACT,DRIVCOND,PEDTYPE,PEDACT,PEDCOND,CYCLISTYPE,CYCACT,CYCCOND,PEDESTRIAN,CYCLIST,AUTOMOBILE,MOTORCYCLE,TRUCK,TRSN_CITY_VEH,EMERG_VEH,PASSENGER,SPEEDING,AG_DRIV,REDLIGHT,ALCOHOL,DISABILITY,HOOD_158,NEIGHBOURHOOD_158,HOOD_140,NEIGHBOURHOOD_140,DIVISION,x,y
1172,3603937,929542,10/12/2006 8:00:00 AM,1210,LAKE SHORE BLVD W,LEGION RD,,Major Arterial,Etobicoke York,43.620245,-79.48379,,No Control,Clear,Daylight,Dry,Non-Fatal Injury,Pedestrian Collisions,Truck Driver,35 to 39,None,,East,Truck - Open,Going Ahead,Driving Properly,Normal,,,,,,,Yes,,,,Yes,,,,,,,,,161,Humber Bay Shores,17,Mimico (includes Humber Bay Shores) (17),D22,622334.4424,4830811.5542
1173,3603938,929542,10/12/2006 8:00:00 AM,1210,LAKE SHORE BLVD W,LEGION RD,,Major Arterial,Etobicoke York,43.620245,-79.48379,,No Control,Clear,Daylight,Dry,Non-Fatal Injury,Pedestrian Collisions,Pedestrian,60 to 64,Major,,North,Other,,,,Pedestrian hit at mid-block,"Crossing, no Traffic Control",Unknown,,,,Yes,,,,Yes,,,,,,,,,161,Humber Bay Shores,17,Mimico (includes Humber Bay Shores) (17),D22,622334.4424,4830811.5542
1174,3500829,934738,10/12/2006 8:00:00 AM,1500,SCARLETT RD,LA ROSE AVE,,Major Arterial,Etobicoke York,43.686845,-79.51309,,Traffic Signal,Clear,Daylight,Dry,Non-Fatal Injury,Rear End,Vehicle Owner,unknown,,,,Other,,,,,,,,,,,,Yes,,Yes,,,,,Yes,,Yes,,8,Humber Heights-Westmount,8,Humber Heights-Westmount (8),D23,619837.8324,4838165.5877
1175,3500830,934738,10/12/2006 8:00:00 AM,1500,SCARLETT RD,LA ROSE AVE,,Major Arterial,Etobicoke York,43.686845,-79.51309,,Traffic Signal,Clear,Daylight,Dry,Non-Fatal Injury,Rear End,Truck Driver,35 to 39,None,,North,Truck - Open,Stopped,Driving Properly,Unknown,,,,,,,,,Yes,,Yes,,,,,Yes,,Yes,,8,Humber Heights-Westmount,8,Humber Heights-Westmount (8),D23,619837.8324,4838165.5877
1176,3500831,934738,10/12/2006 8:00:00 AM,1500,SCARLETT RD,LA ROSE AVE,,Major Arterial,Etobicoke York,43.686845,-79.51309,,Traffic Signal,Clear,Daylight,Dry,Non-Fatal Injury,Rear End,Vehicle Owner,unknown,,,,Other,,,,,,,,,,,,Yes,,Yes,,,,,Yes,,Yes,,8,Humber Heights-Westmount,8,Humber Heights-Westmount (8),D23,619837.8324,4838165.5877
1177,3500832,934738,10/12/2006 8:00:00 AM,1500,SCARLETT RD,LA ROSE AVE,,Major Arterial,Etobicoke York,43.686845,-79.51309,,Traffic Signal,Clear,Daylight,Dry,Non-Fatal Injury,Rear End,Driver,25 to 29,Major,,North,"Automobile, Station Wagon",Going Ahead,Following too Close,"Ability Impaired, Alcohol Over .08",,,,,,,,,Yes,,Yes,,,,,Yes,,Yes,,8,Humber Heights-Westmount,8,Humber Heights-Westmount (8),D23,619837.8324,4838165.5877
1178,3502288,935297,10/13/2006 8:00:00 AM,2325,ADELAIDE ST E,YONGE ST,,Major Arterial,Toronto and East York,43.650445,-79.37849,At Intersection,Traffic Signal,Clear,Dark,Dry,Non-Fatal Injury,Cyclist Collisions,Vehicle Owner,unknown,,,,Other,,,,,,,,,,,Yes,Yes,,,,,,,Yes,,,,170,Yonge-Bay Corridor,76,Bay Street Corridor (76),D52,630765.0735,4834326.1849
1179,3502289,935297,10/13/2006 8:00:00 AM,2325,ADELAIDE ST E,YONGE ST,,Major Arterial,Toronto and East York,43.650445,-79.37849,At Intersection,Traffic Signal,Clear,Dark,Dry,Non-Fatal Injury,Cyclist Collisions,Driver,45 to 49,None,,East,Other,Going Ahead,Failed to Yield Right of Way,Inattentive,,,,,,,,Yes,Yes,,,,,,,Yes,,,,170,Yonge-Bay Corridor,76,Bay Street Corridor (76),D52,630765.0735,4834326.1849
1180,3502290,935297,10/13/2006 8:00:00 AM,2325,ADELAIDE ST E,YONGE ST,,Major Arterial,Toronto and East York,43.650445,-79.37849,At Intersection,Traffic Signal,Clear,Dark,Dry,Non-Fatal Injury,Cyclist Collisions,Vehicle Owner,unknown,,,,Other,,,,,,,,,,,Yes,Yes,,,,,,,Yes,,,,170,Yonge-Bay Corridor,76,Bay Street Corridor (76),D52,630765.0735,4834326.1849
1181,3502291,935297,10/13/2006 8:00:00 AM,2325,ADELAIDE ST E,YONGE ST,,Major Arterial,Toronto and East York,43.650445,-79.37849,At Intersection,Traffic Signal,Clear,Dark,Dry,Non-Fatal Injury,Cyclist Collisions,Driver,20 to 24,Minimal,,North,"Automobile, Station Wagon",Going Ahead,Other,Had Been Drinking,,,,,,,,Yes,Yes,,,,,,,Yes,,,,170,Yonge-Bay Corridor,76,Bay Street Corridor (76),D52,630765.0735,4834326.1849
1182,3502292,935297,10/13/2006 8:00:00 AM,2325,ADELAIDE ST E,YONGE ST,,Major Arterial,Toronto and East York,43.650445,-79.37849,At Intersection,Traffic Signal,Clear,Dark,Dry,Non-Fatal Injury,Cyclist Collisions,Other Property Owner,unknown,,,,Other,,,,,,,,,,,Yes,Yes,,,,,,,Yes,,,,170,Yonge-Bay Corridor,76,Bay Street Corridor (76),D52,630765.0735,4834326.1849
1183,3502293,935297,10/13/2006 8:00:00 AM,2325,ADELAIDE ST E,YONGE ST,,Major Arterial,Toronto and East York,43.650445,-79.37849,At Intersection,Traffic Signal,Clear,Dark,Dry,Non-Fatal Injury,Cyclist Collisions,Cyclist,40 to 44,Major,,South,Bicycle,Stopped,,,,,,Insufficient information (to determine cyclist crash type).,Driving Properly,Normal,,Yes,Yes,,,,,,,Yes,,,,170,Yonge-Bay Corridor,76,Bay Street Corridor (76),D52,630765.0735,4834326.1849
1184,3514741,939973,10/14/2006 8:00:00 AM,1348,OSSINGTON AVE,DEWSON ST,,Minor Arterial,Toronto and East York,43.657045,-79.42379,,Pedestrian Crossover,Clear,Daylight,Dry,Non-Fatal Injury,Rear End,Moped Driver,70 to 74,Major,,North,Moped,Going Ahead,Other,Normal,,,,,,,,Yes,Yes,,,,,,,,,,,80,Palmerston-Little Italy,80,Palmerston-Little Italy (80),D14,627097.939,4834988.8152
1185,3514742,939973,10/14/2006 8:00:00 AM,1348,OSSINGTON AVE,DEWSON ST,,Minor Arterial,Toronto and East York,43.657045,-79.42379,,Pedestrian Crossover,Clear,Daylight,Dry,Non-Fatal Injury,Rear End,Driver,35 to 39,None,,North,"Automobile, Station Wagon",Going Ahead,Driving Properly,Normal,,,,,,,,Yes,Yes,,,,,,,,,,,80,Palmerston-Little Italy,80,Palmerston-Little Italy (80),D14,627097.939,4834988.8152
1186,3517714,941113,10/14/2006 8:00:00 AM,2204,DUFFERIN St,CASTLEFIELD Ave,,Major Arterial,North York,43.700745,-79.45179,,Traffic Signal,Clear,Daylight,Dry,Non-Fatal Injury,Pedestrian Collisions,Driver,25 to 29,None,,East,"Automobile, Station Wagon",Turning Left,Failed to Yield Right of Way,Normal,,,,,,,Yes,,Yes,,,,,,,Yes,,,,108,Briar Hill-Belgravia,108,Briar Hill-Belgravia (108),D13,624749.5386,4839799.7796
1187,3517715,941113,10/14/2006 8:00:00 AM,2204,DUFFERIN St,CASTLEFIELD Ave,,Major Arterial,North York,43.700745,-79.45179,,Traffic Signal,Clear,Daylight,Dry,Non-Fatal Injury,Pedestrian Collisions,Pedestrian,20 to 24,Major,,West,Other,,,,Vehicle turns left while ped crosses with ROW at inter.,Crossing with right of way,Normal,,,,Yes,,Yes,,,,,,,Yes,,,,108,Briar Hill-Belgravia,108,Briar Hill-Belgravia (108),D13,624749.5386,4839799.7796
1188,3494853,932486,10/15/2006 8:00:00 AM,1912,2650 FINCH AVE W,,,Major Arterial,Etobicoke York,43.746645,-79.56669,,No Control,Clear,Dark,Dry,Non-Fatal Injury,Cyclist Collisions,Cyclist,45 to 49,Major,,East,Bicycle,Going Ahead,,,,,,"Motorist without ROW drives into path of cyclist at inter, lnwy, dwy-Driver not turn.",Other,Normal,,Yes,Yes,,,,,,,Yes,,,,22,Humbermede,22,Humbermede (22),D31,615403.0494,4844731.1507
1189,3494854,932486,10/15/2006 8:00:00 AM,1912,2650 FINCH AVE W,,,Major Arterial,Etobicoke York,43.746645,-79.56669,,No Control,Clear,Dark,Dry,Non-Fatal Injury,Cyclist Collisions,Driver,40 to 44,None,,South,"Automobile, Station Wagon",Turning Right,Failed to Yield Right of Way,Normal,,,,,,,,Yes,Yes,,,,,,,Yes,,,,22,Humbermede,22,Humbermede (22),D31,615403.0494,4844731.1507
1190,3604208,932574,10/16/2006 8:00:00 AM,745,CUMMER AVE,WILLOWDALE AVE,,Minor Arterial,North York,43.788845,-79.40909,,No Control,Clear,Daylight,Dry,Non-Fatal Injury,Pedestrian Collisions,Driver,40 to 44,None,,East,"Automobile, Station Wagon",Going Ahead,Improper Passing,Normal,,,,,,,Yes,,Yes,,,,,,,Yes,,,,50,Newtonbrook East,50,Newtonbrook East (50),D32,628002.2849,4849649.7186
1191,3604209,932574,10/16/2006 8:00:00 AM,745,CUMMER AVE,WILLOWDALE AVE,,Minor Arterial,North York,43.788845,-79.40909,,No Control,Clear,Daylight,Dry,Non-Fatal Injury,Pedestrian Collisions,Pedestrian,75 to 79,Major,,North,Other,,,,Pedestrian hit at mid-block,"Crossing, no Traffic Control",Normal,,,,Yes,,Yes,,,,,,,Yes,,,,50,Newtonbrook East,50,Newtonbrook East (50),D32,628002.2849,4849649.7186
1192,3495699,932797,10/17/2006 8:00:00 AM,1042,RIVERSIDE DR,RIVERSIDE TRL,,Local,Toronto and East York,43.643545,-79.48489,,No Control,Rain,Daylight,Wet,Non-Fatal Injury,SMV Other,Passenger,10 to 14,Major,,,Other,Other,,,,,,,,,,,Yes,,,,,Yes,,,,,,87,High Park-Swansea,87,High Park-Swansea (87),D11,622198.4597,4833397.6907
1193,3495700,932797,10/17/2006 8:00:00 AM,1042,RIVERSIDE DR,RIVERSIDE TRL,,Local,Toronto and East York,43.643545,-79.48489,,No Control,Rain,Daylight,Wet,Non-Fatal Injury,SMV Other,Passenger,15 to 19,Minor,,,Other,Other,,,,,,,,,,,Yes,,,,,Yes,,,,,,87,High Park-Swansea,87,High Park-Swansea (87),D11,622198.4597,4833397.6907
1194,3495701,932797,10/17/2006 8:00:00 AM,1042,RIVERSIDE DR,RIVERSIDE TRL,,Local,Toronto and East York,43.643545,-79.48489,,No Control,Rain,Daylight,Wet,Non-Fatal Injury,SMV Other,Vehicle Owner,unknown,,,,Other,,,,,,,,,,,,Yes,,,,,Yes,,,,,,87,High Park-Swansea,87,High Park-Swansea (87),D11,622198.4597,4833397.6907
1195,3495702,932797,10/17/2006 8:00:00 AM,1042,RIVERSIDE DR,RIVERSIDE TRL,,Local,Toronto and East York,43.643545,-79.48489,,No Control,Rain,Daylight,Wet,Non-Fatal Injury,SMV Other,Driver,15 to 19,None,,North,"Automobile, Station Wagon",Going Ahead,Lost control,Normal,,,,,,,,,Yes,,,,,Yes,,,,,,87,High Park-Swansea,87,High Park-Swansea (87),D11,622198.4597,4833397.6907
1196,3495703,932797,10/17/2006 8:00:00 AM,1042,RIVERSIDE DR,RIVERSIDE TRL,,Local,Toronto and East York,43.643545,-79.48489,,No Control,Rain,Daylight,Wet,Non-Fatal Injury,SMV Other,Other Property Owner,unknown,,,,Other,,,,,,,,,,,,Yes,,,,,Yes,,,,,,87,High Park-Swansea,87,High Park-Swansea (87),D11,622198.4597,4833397.6907
1197,3489725,930606,10/17/2006 8:00:00 AM,2028,WILSON AVE,GARRATT BLVD,,Major Arterial,North York,43.730345,-79.46809,At Intersection,Traffic Signal,Rain,Dark,Wet,Non-Fatal Injury,Pedestrian Collisions,Vehicle Owner,unknown,None,,,Other,,,,,,,,,,Yes,,Yes,,,,,,,,,,,155,Downsview,26,Downsview-Roding-CFB (26),D32,623375.3695,4843062.8795
1198,3489726,930606,10/17/2006 8:00:00 AM,2028,WILSON AVE,GARRATT BLVD,,Major Arterial,North York,43.730345,-79.46809,At Intersection,Traffic Signal,Rain,Dark,Wet,Non-Fatal Injury,Pedestrian Collisions,Driver,30 to 34,None,,West,"Automobile, Station Wagon",Slowing or Stopping,Driving Properly,Normal,,,,,,,Yes,,Yes,,,,,,,,,,,155,Downsview,26,Downsview-Roding-CFB (26),D32,623375.3695,4843062.8795
1199,3489727,930606,10/17/2006 8:00:00 AM,2028,WILSON AVE,GARRATT BLVD,,Major Arterial,North York,43.730345,-79.46809,At Intersection,Traffic Signal,Rain,Dark,Wet,Non-Fatal Injury,Pedestrian Collisions,Pedestrian,75 to 79,Major,,South,Other,,,,Vehicle is going straight thru inter.while ped cross without ROW,Crossing without right of way,Normal,,,,Yes,,Yes,,,,,,,,,,,155,Downsview,26,Downsview-Roding-CFB (26),D32,623375.3695,4843062.8795
1200,3604821,935384,10/18/2006 8:00:00 AM,637,MCCOWAN RD,BUSHBY DR,,Major Arterial,Scarborough,43.774545,-79.25219,At Intersection,Traffic Signal,Clear,Dawn,Dry,Non-Fatal Injury,Pedestrian Collisions,Vehicle Owner,unknown,,,,Other,,,,,,,,,,Yes,,Yes,,,,,,,Yes,,,,142,Woburn North,137,Woburn (137),D43,640659.896,4848316.0775
1201,3604822,935384,10/18/2006 8:00:00 AM,637,MCCOWAN RD,BUSHBY DR,,Major Arterial,Scarborough,43.774545,-79.25219,At Intersection,Traffic Signal,Clear,Dawn,Dry,Non-Fatal Injury,Pedestrian Collisions,Driver,20 to 24,Minimal,,South,"Automobile, Station Wagon",Turning Left,Failed to Yield Right of Way,Inattentive,,,,,,,Yes,,Yes,,,,,,,Yes,,,,142,Woburn North,137,Woburn (137),D43,640659.896,4848316.0775
1202,3604823,935384,10/18/2006 8:00:00 AM,637,MCCOWAN RD,BUSHBY DR,,Major Arterial,Scarborough,43.774545,-79.25219,At Intersection,Traffic Signal,Clear,Dawn,Dry,Non-Fatal Injury,Pedestrian Collisions,Vehicle Owner,unknown,,,,Other,,,,,,,,,,Yes,,Yes,,,,,,,Yes,,,,142,Woburn North,137,Woburn (137),D43,640659.896,4848316.0775
1203,3604824,935384,10/18/2006 8:00:00 AM,637,MCCOWAN RD,BUSHBY DR,,Major Arterial,Scarborough,43.774545,-79.25219,At Intersection,Traffic Signal,Clear,Dawn,Dry,Non-Fatal Injury,Pedestrian Collisions,Driver,25 to 29,Minor,,North,"Automobile, Station Wagon",Going Ahead,Lost control,Inattentive,,,,,,,Yes,,Yes,,,,,,,Yes,,,,142,Woburn North,137,Woburn (137),D43,640659.896,4848316.0775
1204,3604825,935384,10/18/2006 8:00:00 AM,637,MCCOWAN RD,BUSHBY DR,,Major Arterial,Scarborough,43.774545,-79.25219,At Intersection,Traffic Signal,Clear,Dawn,Dry,Non-Fatal Injury,Pedestrian Collisions,Pedestrian,30 to 34,Major,,,Other,Other,,,Pedestrian hit on sidewalk or shoulder,On Sidewalk or Shoulder,Normal,,,,Yes,,Yes,,,,,,,Yes,,,,142,Woburn North,137,Woburn (137),D43,640659.896,4848316.0775
1205,3490523,930890,10/18/2006 8:00:00 AM,2136,OLD FINCH AVE,REESOR RD,,Collector,Scarborough,43.824745,-79.19059,,No Control,Clear,Dark,Dry,Fatal,SMV Other,Motorcycle Driver,20 to 24,Fatal,,West,Motorcycle,Going Ahead,Lost control,Inattentive,,,,,,,,,,Yes,,,,,,,,,,144,Morningside Heights,131,Rouge (131),D42,645495.4797,4853998.1058
1206,3604108,931507,10/21/2006 8:00:00 AM,1916,DANFORTH AVE,SIBLEY AVE,,Major Arterial,Toronto and East York,43.690245,-79.29269,At Intersection,Stop Sign,Clear,Dark,Dry,Non-Fatal Injury,Pedestrian Collisions,Passenger,15 to 19,None,,,Other,,,,,,,,,,Yes,,Yes,,,,,Yes,,,,,,61,Taylor-Massey,61,Taylor-Massey (61),D55,637593.4318,4838885.3034
1207,3604109,931507,10/21/2006 8:00:00 AM,1916,DANFORTH AVE,SIBLEY AVE,,Major Arterial,Toronto and East York,43.690245,-79.29269,At Intersection,Stop Sign,Clear,Dark,Dry,Non-Fatal Injury,Pedestrian Collisions,Driver,20 to 24,None,,North,"Automobile, Station Wagon",Turning Right,Lost control,Other,,,,,,,Yes,,Yes,,,,,Yes,,,,,,61,Taylor-Massey,61,Taylor-Massey (61),D55,637593.4318,4838885.3034
1208,3604110,931507,10/21/2006 8:00:00 AM,1916,DANFORTH AVE,SIBLEY AVE,,Major Arterial,Toronto and East York,43.690245,-79.29269,At Intersection,Stop Sign,Clear,Dark,Dry,Non-Fatal Injury,Pedestrian Collisions,Pedestrian,55 to 59,Major,,,Other,,,,Pedestrian hit on sidewalk or shoulder,On Sidewalk or Shoulder,Normal,,,,Yes,,Yes,,,,,Yes,,,,,,61,Taylor-Massey,61,Taylor-Massey (61),D55,637593.4318,4838885.3034
1209,3604180,932337,10/25/2006 8:00:00 AM,1300,DON MILLS RD,GREEN BELT DR,,Major Arterial,North York,43.727645,-79.34089,,Traffic Signal,Clear,Daylight,Dry,Non-Fatal Injury,Turning Movement,Passenger,80 to 84,Major,,,Other,,,,,,,,,,,,Yes,,,,,Yes,,,,,,42,Banbury-Don Mills,42,Banbury-Don Mills (42),D33,633625.7758,4842960.2567
1210,3604181,932337,10/25/2006 8:00:00 AM,1300,DON MILLS RD,GREEN BELT DR,,Major Arterial,North York,43.727645,-79.34089,,Traffic Signal,Clear,Daylight,Dry,Non-Fatal Injury,Turning Movement,Driver,70 to 74,Minor,,South,"Automobile, Station Wagon",Turning Left,Improper Turn,Normal,,,,,,,,,Yes,,,,,Yes,,,,,,42,Banbury-Don Mills,42,Banbury-Don Mills (42),D33,633625.7758,4842960.2567
1211,3604182,932337,10/25/2006 8:00:00 AM,1300,DON MILLS RD,GREEN BELT DR,,Major Arterial,North York,43.727645,-79.34089,,Traffic Signal,Clear,Daylight,Dry,Non-Fatal Injury,Turning Movement,Vehicle Owner,unknown,None,,,Other,,,,,,,,,,,,Yes,,,,,Yes,,,,,,42,Banbury-Don Mills,42,Banbury-Don Mills (42),D33,633625.7758,4842960.2567
1212,3604183,932337,10/25/2006 8:00:00 AM,1300,DON MILLS RD,GREEN BELT DR,,Major Arterial,North York,43.727645,-79.34089,,Traffic Signal,Clear,Daylight,Dry,Non-Fatal Injury,Turning Movement,Driver,30 to 34,Minor,,North,"Automobile, Station Wagon",Going Ahead,Driving Properly,Normal,,,,,,,,,Yes,,,,,Yes,,,,,,42,Banbury-Don Mills,42,Banbury-Don Mills (42),D33,633625.7758,4842960.2567
1213,3498827,933951,10/26/2006 8:00:00 AM,225,SHERBOURNE ST,QUEEN ST E,,Major Arterial,Toronto and East York,43.654545,-79.36949,At Intersection,Traffic Signal,Clear,Dark,Dry,Non-Fatal Injury,Pedestrian Collisions,Driver,40 to 44,None,,East,"Automobile, Station Wagon",Turning Left,Driving Properly,Normal,,,,,,,Yes,,Yes,,,,,,,,,,,73,Moss Park,73,Moss Park (73),D51,631481.93,4834795.7656
1214,3498828,933951,10/26/2006 8:00:00 AM,225,SHERBOURNE ST,QUEEN ST E,,Major Arterial,Toronto and East York,43.654545,-79.36949,At Intersection,Traffic Signal,Clear,Dark,Dry,Non-Fatal Injury,Pedestrian Collisions,Pedestrian,45 to 49,Major,,West,Other,,,,Vehicle turns left while ped crosses without ROW at inter.,Running onto Roadway,Inattentive,,,,Yes,,Yes,,,,,,,,,,,73,Moss Park,73,Moss Park (73),D51,631481.93,4834795.7656
1215,3505269,936387,10/27/2006 8:00:00 AM,2215,RICHMOND ST E,BERTI ST,,Major Arterial,Toronto and East York,43.652245,-79.37639,,No Control,Rain,Dark,Wet,Non-Fatal Injury,Pedestrian Collisions,Vehicle Owner,unknown,None,,,Other,,,,,,,,,,Yes,,Yes,,,,,,,,,,,168,Downtown Yonge East,75,Church-Yonge Corridor (75),D51,630930.5163,4834529.4099
1216,3505270,936387,10/27/2006 8:00:00 AM,2215,RICHMOND ST E,BERTI ST,,Major Arterial,Toronto and East York,43.652245,-79.37639,,No Control,Rain,Dark,Wet,Non-Fatal Injury,Pedestrian Collisions,Driver,45 to 49,None,,West,"Automobile, Station Wagon",Going Ahead,Driving Properly,Normal,,,,,,,Yes,,Yes,,,,,,,,,,,168,Downtown Yonge East,75,Church-Yonge Corridor (75),D51,630930.5163,4834529.4099
1217,3505271,936387,10/27/2006 8:00:00 AM,2215,RICHMOND ST E,BERTI ST,,Major Arterial,Toronto and East York,43.652245,-79.37639,,No Control,Rain,Dark,Wet,Non-Fatal Injury,Pedestrian Collisions,Pedestrian,25 to 29,Major,,North,Other,,,,Vehicle is going straight thru inter.while ped cross without ROW,Running onto Roadway,"Ability Impaired, Alcohol",,,,Yes,,Yes,,,,,,,,,,,168,Downtown Yonge East,75,Church-Yonge Corridor (75),D51,630930.5163,4834529.4099
1218,3604506,934070,10/27/2006 8:00:00 AM,2330,1345 BAYVIEW AVE,AIRDRIE Road,,Major Arterial,North York,43.699345,-79.37279,,No Control,Rain,Dark,Wet,Non-Fatal Injury,SMV Other,Passenger,25 to 29,Minor,,,Other,,,,,,,,,,,,Yes,,,,,Yes,Yes,Yes,,,,99,Mount Pleasant East,99,Mount Pleasant East (99),D53,631118.2067,4839766.1918
1219,3604507,934070,10/27/2006 8:00:00 AM,2330,1345 BAYVIEW AVE,AIRDRIE Road,,Major Arterial,North York,43.699345,-79.37279,,No Control,Rain,Dark,Wet,Non-Fatal Injury,SMV Other,Passenger,30 to 34,Minor,,,Other,,,,,,,,,,,,Yes,,,,,Yes,Yes,Yes,,,,99,Mount Pleasant East,99,Mount Pleasant East (99),D53,631118.2067,4839766.1918
1220,3604508,934070,10/27/2006 8:00:00 AM,2330,1345 BAYVIEW AVE,AIRDRIE Road,,Major Arterial,North York,43.699345,-79.37279,,No Control,Rain,Dark,Wet,Non-Fatal Injury,SMV Other,Passenger,15 to 19,Minor,,,Other,,,,,,,,,,,,Yes,,,,,Yes,Yes,Yes,,,,99,Mount Pleasant East,99,Mount Pleasant East (99),D53,631118.2067,4839766.1918
1221,3604509,934070,10/27/2006 8:00:00 AM,2330,1345 BAYVIEW AVE,AIRDRIE Road,,Major Arterial,North York,43.699345,-79.37279,,No Control,Rain,Dark,Wet,Non-Fatal Injury,SMV Other,Driver,25 to 29,Major,,North,"Automobile, Station Wagon",Going Ahead,Speed too Fast For Condition,Normal,,,,,,,,,Yes,,,,,Yes,Yes,Yes,,,,99,Mount Pleasant East,99,Mount Pleasant East (99),D53,631118.2067,4839766.1918
1222,3604510,934070,10/27/2006 8:00:00 AM,2330,1345 BAYVIEW AVE,AIRDRIE Road,,Major Arterial,North York,43.699345,-79.37279,,No Control,Rain,Dark,Wet,Non-Fatal Injury,SMV Other,Other Property Owner,unknown,None,,,Other,,,,,,,,,,,,Yes,,,,,Yes,Yes,Yes,,,,99,Mount Pleasant East,99,Mount Pleasant East (99),D53,631118.2067,4839766.1918
1223,3604511,934070,10/27/2006 8:00:00 AM,2330,1345 BAYVIEW AVE,AIRDRIE Road,,Major Arterial,North York,43.699345,-79.37279,,No Control,Rain,Dark,Wet,Non-Fatal Injury,SMV Other,Other Property Owner,unknown,None,,,Other,,,,,,,,,,,,Yes,,,,,Yes,Yes,Yes,,,,99,Mount Pleasant East,99,Mount Pleasant East (99),D53,631118.2067,4839766.1918
1224,3604303,933152,10/28/2006 8:00:00 AM,2030,EGLINTON AVE E,BRENTCLIFFE RD,,Major Arterial,North York,43.714745,-79.35889,,No Control,Rain,Dark,Wet,Non-Fatal Injury,Pedestrian Collisions,Driver,30 to 34,None,,West,"Automobile, Station Wagon",Going Ahead,Driving Properly,Normal,,,,,,,Yes,,Yes,,,,,,,,,,,55,Thorncliffe Park,55,Thorncliffe Park (55),D53,632204.4001,4841498.6567
1225,3604304,933152,10/28/2006 8:00:00 AM,2030,EGLINTON AVE E,BRENTCLIFFE RD,,Major Arterial,North York,43.714745,-79.35889,,No Control,Rain,Dark,Wet,Non-Fatal Injury,Pedestrian Collisions,Pedestrian,40 to 44,Major,,North,Other,,,,Pedestrian hit at mid-block,"Crossing, no Traffic Control",Normal,,,,Yes,,Yes,,,,,,,,,,,55,Thorncliffe Park,55,Thorncliffe Park (55),D53,632204.4001,4841498.6567
1226,3506005,936669,10/28/2006 8:00:00 AM,2241,FINCH AVE W,WESTMORE DR,,Major Arterial,Etobicoke York,43.734645,-79.60099,At Intersection,Traffic Signal,Rain,Dark,Wet,Non-Fatal Injury,Pedestrian Collisions,Vehicle Owner,unknown,None,,,Other,,,,,,,,,,Yes,,Yes,,,,,,,,,,,1,West Humber-Clairville,1,West Humber-Clairville (1),D23,612663.869,4843351.1709
1227,3506006,936669,10/28/2006 8:00:00 AM,2241,FINCH AVE W,WESTMORE DR,,Major Arterial,Etobicoke York,43.734645,-79.60099,At Intersection,Traffic Signal,Rain,Dark,Wet,Non-Fatal Injury,Pedestrian Collisions,Driver,45 to 49,None,,West,"Automobile, Station Wagon",Going Ahead,Driving Properly,Normal,,,,,,,Yes,,Yes,,,,,,,,,,,1,West Humber-Clairville,1,West Humber-Clairville (1),D23,612663.869,4843351.1709
1228,3506007,936669,10/28/2006 8:00:00 AM,2241,FINCH AVE W,WESTMORE DR,,Major Arterial,Etobicoke York,43.734645,-79.60099,At Intersection,Traffic Signal,Rain,Dark,Wet,Non-Fatal Injury,Pedestrian Collisions,Pedestrian,20 to 24,Major,,North,Other,,,,Vehicle is going straight thru inter.while ped cross without ROW,Crossing without right of way,Had Been Drinking,,,,Yes,,Yes,,,,,,,,,,,1,West Humber-Clairville,1,West Humber-Clairville (1),D23,612663.869,4843351.1709
1229,3551772,933173,10/29/2006 9:00:00 AM,35,HIGHWAY 27  N,HUMBER COLLEGE BLVD,,Major Arterial,Etobicoke York,43.730445,-79.60139,At Intersection,Traffic Signal,Rain,Dark,Wet,Fatal,Pedestrian Collisions,Driver,60 to 64,None,,North,"Automobile, Station Wagon",Going Ahead,Driving Properly,Normal,,,,,,,Yes,,Yes,,,,,,,,,,,1,West Humber-Clairville,1,West Humber-Clairville (1),D23,612639.5294,4842884.158
1230,3551773,933173,10/29/2006 9:00:00 AM,35,HIGHWAY 27  N,HUMBER COLLEGE BLVD,,Major Arterial,Etobicoke York,43.730445,-79.60139,At Intersection,Traffic Signal,Rain,Dark,Wet,Fatal,Pedestrian Collisions,Pedestrian,15 to 19,Fatal,,East,Other,,,,Vehicle is going straight thru inter.while ped cross without ROW,Crossing without right of way,Unknown,,,,Yes,,Yes,,,,,,,,,,,1,West Humber-Clairville,1,West Humber-Clairville (1),D23,612639.5294,4842884.158
1231,3499086,934047,10/29/2006 9:00:00 AM,228,QUEEN ST W,YORK ST,,Major Arterial,Toronto and East York,43.651245,-79.38499,At Intersection,Traffic Signal,Rain,Dark,Wet,Non-Fatal Injury,Pedestrian Collisions,Driver,unknown,None,,West,"Automobile, Station Wagon",Going Ahead,Disobeyed Traffic Control,Unknown,,,,,,,Yes,,Yes,,,,,,,Yes,Yes,,,170,Yonge-Bay Corridor,76,Bay Street Corridor (76),D52,630239.1527,4834404.8133
1232,3499087,934047,10/29/2006 9:00:00 AM,228,QUEEN ST W,YORK ST,,Major Arterial,Toronto and East York,43.651245,-79.38499,At Intersection,Traffic Signal,Rain,Dark,Wet,Non-Fatal Injury,Pedestrian Collisions,Pedestrian,20 to 24,Major,,South,Other,,,,Vehicle is going straight thru inter.while ped cross with ROW,Crossing with right of way,Normal,,,,Yes,,Yes,,,,,,,Yes,Yes,,,170,Yonge-Bay Corridor,76,Bay Street Corridor (76),D52,630239.1527,4834404.8133