OBJECTID,INDEX,ACCNUM,DATE,TIME,STREET1,STREET2,OFFSET,ROAD_CLASS,DISTRICT,LATITUDE,LONGITUDE,ACCLOC,TRAFFCTL,VISIBILITY,LIGHT,RDSFCOND,ACCLASS,IMPACTYPE,INVTYPE,INVAGE,INJURY,FATAL_NO,INITDIR,VEHTYPE,MANOEUVER,DRIVACT,DRIVCOND,PEDTYPE,PEDACT,PEDCOND,CYCLISTYPE,CYCACT,CYCCOND,PEDESTRIAN,CYCLIST,AUTOMOBILE,MOTORCYCLE,TRUCK,TRSN_CITY_VEH,EMERG_VEH,PASSENGER,SPEEDING,AG_DRIV,REDLIGHT,ALCOHOL,DISABILITY,HOOD_158,NEIGHBOURHOOD_158,HOOD_140,NEIGHBOURHOOD_140,DIVISION,x,y
1233,3508075,937458,10/29/2006 9:00:00 AM,735,244 CHARTLAND BLVD S,,,Collector,Scarborough,43.802645,-79.27009,,No Control,Clear,Daylight,Wet,Non-Fatal Injury,SMV Other,Driver,15 to 19,Major,,West,"Automobile, Station Wagon",Going Ahead,Lost control,Normal,,,,,,,,,Yes,,,,,,Yes,Yes,,,,129,Agincourt North,129,Agincourt North (129),D42,639154.1003,4851406.7731
1234,3498860,933963,10/30/2006 10:00:00 AM,1320,SHEPPARD AVE E,KENNEDY RD,,Major Arterial,Scarborough,43.783245,-79.28829,At Intersection,Traffic Signal,Clear,Daylight,Dry,Non-Fatal Injury,Pedestrian Collisions,Vehicle Owner,unknown,,,,Other,,,,,,,,,,Yes,,Yes,,,,,,,Yes,,,,118,Tam O'Shanter-Sullivan,118,Tam O'Shanter-Sullivan (118),D42,637734.6365,4849221.6502
1235,3498861,933963,10/30/2006 10:00:00 AM,1320,SHEPPARD AVE E,KENNEDY RD,,Major Arterial,Scarborough,43.783245,-79.28829,At Intersection,Traffic Signal,Clear,Daylight,Dry,Non-Fatal Injury,Pedestrian Collisions,Driver,45 to 49,None,,East,"Automobile, Station Wagon",Turning Right,Failed to Yield Right of Way,Normal,,,,,,,Yes,,Yes,,,,,,,Yes,,,,118,Tam O'Shanter-Sullivan,118,Tam O'Shanter-Sullivan (118),D42,637734.6365,4849221.6502
1236,3498862,933963,10/30/2006 10:00:00 AM,1320,SHEPPARD AVE E,KENNEDY RD,,Major Arterial,Scarborough,43.783245,-79.28829,At Intersection,Traffic Signal,Clear,Daylight,Dry,Non-Fatal Injury,Pedestrian Collisions,Pedestrian,70 to 74,Major,,East,Other,,,,Pedestrian involved in a collision with transit vehicle anywhere along roadway,Crossing with right of way,Normal,,,,Yes,,Yes,,,,,,,Yes,,,,118,Tam O'Shanter-Sullivan,118,Tam O'Shanter-Sullivan (118),D42,637734.6365,4849221.6502
1237,3508263,937526,11/2/2006 10:00:00 AM,1600,EMPRESS AVE,BAYVIEW AVE,,Major Arterial,North York,43.774345,-79.38979,At Intersection,Traffic Signal,Clear,Daylight,Dry,Non-Fatal Injury,Pedestrian Collisions,Vehicle Owner,unknown,,,,Other,,,,,,,,,,Yes,,Yes,,,,,,,Yes,,,,152,East Willowdale,51,Willowdale East (51),D32,629586.4723,4848069.2959
1238,3508264,937526,11/2/2006 10:00:00 AM,1600,EMPRESS AVE,BAYVIEW AVE,,Major Arterial,North York,43.774345,-79.38979,At Intersection,Traffic Signal,Clear,Daylight,Dry,Non-Fatal Injury,Pedestrian Collisions,Driver,30 to 34,None,,East,"Automobile, Station Wagon",Turning Right,Failed to Yield Right of Way,Inattentive,,,,,,,Yes,,Yes,,,,,,,Yes,,,,152,East Willowdale,51,Willowdale East (51),D32,629586.4723,4848069.2959
1239,3508265,937526,11/2/2006 10:00:00 AM,1600,EMPRESS AVE,BAYVIEW AVE,,Major Arterial,North York,43.774345,-79.38979,At Intersection,Traffic Signal,Clear,Daylight,Dry,Non-Fatal Injury,Pedestrian Collisions,Pedestrian,15 to 19,Major,,North,Other,,,,Vehicle turns right while ped crosses with ROW at inter.,Crossing with right of way,Normal,,,,Yes,,Yes,,,,,,,Yes,,,,152,East Willowdale,51,Willowdale East (51),D32,629586.4723,4848069.2959
1240,3499864,934341,11/3/2006 10:00:00 AM,830,F G GARDINER XY  W,ISLINGTON AVE,,,Etobicoke York,43.620645,-79.51199,,,Other,Daylight,Other,Non-Fatal Injury,Other,Vehicle Owner,unknown,None,,West,Other,Unknown,,,,,,,,,,,Yes,,,,,,,,,,,160,Mimico-Queensway,17,Mimico (includes Humber Bay Shores) (17),D22,620058.3271,4830814.8175
1241,3499865,934341,11/3/2006 10:00:00 AM,830,F G GARDINER XY  W,ISLINGTON AVE,,,Etobicoke York,43.620645,-79.51199,,,Other,Daylight,Other,Non-Fatal Injury,Other,Driver,25 to 29,None,,West,"Automobile, Station Wagon",Unknown,,,,,,,,,,,Yes,,,,,,,,,,,160,Mimico-Queensway,17,Mimico (includes Humber Bay Shores) (17),D22,620058.3271,4830814.8175
1242,3499866,934341,11/3/2006 10:00:00 AM,830,F G GARDINER XY  W,ISLINGTON AVE,,,Etobicoke York,43.620645,-79.51199,,,Other,Daylight,Other,Non-Fatal Injury,Other,Driver,40 to 44,Major,,West,"Automobile, Station Wagon",Unknown,,,,,,,,,,,Yes,,,,,,,,,,,160,Mimico-Queensway,17,Mimico (includes Humber Bay Shores) (17),D22,620058.3271,4830814.8175
1243,3499867,934341,11/3/2006 10:00:00 AM,830,F G GARDINER XY  W,ISLINGTON AVE,,,Etobicoke York,43.620645,-79.51199,,,Other,Daylight,Other,Non-Fatal Injury,Other,Vehicle Owner,unknown,None,,West,Other,Unknown,,,,,,,,,,,Yes,,,,,,,,,,,160,Mimico-Queensway,17,Mimico (includes Humber Bay Shores) (17),D22,620058.3271,4830814.8175
1244,3499868,934341,11/3/2006 10:00:00 AM,830,F G GARDINER XY  W,ISLINGTON AVE,,,Etobicoke York,43.620645,-79.51199,,,Other,Daylight,Other,Non-Fatal Injury,Other,Driver,40 to 44,None,,West,"Automobile, Station Wagon",Unknown,,,,,,,,,,,Yes,,,,,,,,,,,160,Mimico-Queensway,17,Mimico (includes Humber Bay Shores) (17),D22,620058.3271,4830814.8175
1245,3551795,934337,11/3/2006 10:00:00 AM,1053,STEELES AVE E,TOWNSEND RD,,Major Arterial,North York,43.811945,-79.35749,,Traffic Signal,Clear,Daylight,Dry,Non-Fatal Injury,Pedestrian Collisions,Driver,50 to 54,None,,West,"Automobile, Station Wagon",Going Ahead,Driving Properly,Normal,,,,,,,Yes,,Yes,,,,,,,,,,,NSA,NSA,NSA,NSA,NSA,632103.0636,4852296.4285
1246,3551796,934337,11/3/2006 10:00:00 AM,1053,STEELES AVE E,TOWNSEND RD,,Major Arterial,North York,43.811945,-79.35749,,Traffic Signal,Clear,Daylight,Dry,Non-Fatal Injury,Pedestrian Collisions,Driver,40 to 44,None,,West,"Automobile, Station Wagon",Changing Lanes,Improper Lane Change,Normal,,,,,,,Yes,,Yes,,,,,,,,,,,NSA,NSA,NSA,NSA,NSA,632103.0636,4852296.4285
1247,3551797,934337,11/3/2006 10:00:00 AM,1053,STEELES AVE E,TOWNSEND RD,,Major Arterial,North York,43.811945,-79.35749,,Traffic Signal,Clear,Daylight,Dry,Non-Fatal Injury,Pedestrian Collisions,Pedestrian,60 to 64,Major,,,Other,,,,Pedestrian hit on sidewalk or shoulder,On Sidewalk or Shoulder,Normal,,,,Yes,,Yes,,,,,,,,,,,NSA,NSA,NSA,NSA,NSA,632103.0636,4852296.4285
1248,3521577,942571,11/3/2006 10:00:00 AM,1154,4575 KENNEDY Rd,,,Major Arterial,Scarborough,43.822245,-79.30649,,No Control,Clear,Daylight,Dry,Non-Fatal Injury,Turning Movement,Driver,45 to 49,None,,North,"Automobile, Station Wagon",Going Ahead,Driving Properly,Normal,,,,,,,,,Yes,,,,,,,Yes,,,,116,Steeles,116,Steeles (116),D42,636181.4925,4853523.1042
1249,3521578,942571,11/3/2006 10:00:00 AM,1154,4575 KENNEDY Rd,,,Major Arterial,Scarborough,43.822245,-79.30649,,No Control,Clear,Daylight,Dry,Non-Fatal Injury,Turning Movement,Vehicle Owner,unknown,,,,Other,,,,,,,,,,,,Yes,,,,,,,Yes,,,,116,Steeles,116,Steeles (116),D42,636181.4925,4853523.1042
1250,3521579,942571,11/3/2006 10:00:00 AM,1154,4575 KENNEDY Rd,,,Major Arterial,Scarborough,43.822245,-79.30649,,No Control,Clear,Daylight,Dry,Non-Fatal Injury,Turning Movement,Driver,35 to 39,Major,,West,"Automobile, Station Wagon",Turning Left,Failed to Yield Right of Way,Inattentive,,,,,,,,,Yes,,,,,,,Yes,,,,116,Steeles,116,Steeles (116),D42,636181.4925,4853523.1042
1251,3533783,937955,11/4/2006 10:00:00 AM,1800,PHARMACY AVE,KELLYVALE RD,,Minor Arterial,Scarborough,43.757045,-79.31019,,No Control,Clear,Dark,Dry,Non-Fatal Injury,Sideswipe,Driver,75 to 79,None,,North,"Automobile, Station Wagon",Changing Lanes,Improper Lane Change,Inattentive,,,,,,,,Yes,Yes,,,,,,,,,,,119,Wexford/Maryvale,119,Wexford/Maryvale (119),D41,636031.7957,4846275.5302
1252,3533784,937955,11/4/2006 10:00:00 AM,1800,PHARMACY AVE,KELLYVALE RD,,Minor Arterial,Scarborough,43.757045,-79.31019,,No Control,Clear,Dark,Dry,Non-Fatal Injury,Sideswipe,Moped Driver,55 to 59,Major,,North,Moped,Going Ahead,Driving Properly,Normal,,,,,,,,Yes,Yes,,,,,,,,,,,119,Wexford/Maryvale,119,Wexford/Maryvale (119),D41,636031.7957,4846275.5302
1253,3505146,936341,11/4/2006 10:00:00 AM,1805,BIRCHMOUNT RD,IVY BUSH AVE,,Major Arterial,Scarborough,43.810745,-79.31209,At Intersection,Traffic Signal,Clear,Dark,Dry,Fatal,Turning Movement,Driver,75 to 79,Fatal,,South,"Automobile, Station Wagon",Turning Left,Failed to Yield Right of Way,Unknown,,,,,,,,,Yes,,,,,,,Yes,,,,116,Steeles,116,Steeles (116),D42,635757.23,4852236.6384
1254,3505147,936341,11/4/2006 10:00:00 AM,1805,BIRCHMOUNT RD,IVY BUSH AVE,,Major Arterial,Scarborough,43.810745,-79.31209,At Intersection,Traffic Signal,Clear,Dark,Dry,Fatal,Turning Movement,Vehicle Owner,unknown,,,,Other,,,,,,,,,,,,Yes,,,,,,,Yes,,,,116,Steeles,116,Steeles (116),D42,635757.23,4852236.6384
1255,3505148,936341,11/4/2006 10:00:00 AM,1805,BIRCHMOUNT RD,IVY BUSH AVE,,Major Arterial,Scarborough,43.810745,-79.31209,At Intersection,Traffic Signal,Clear,Dark,Dry,Fatal,Turning Movement,Driver,25 to 29,None,,North,"Automobile, Station Wagon",Going Ahead,Driving Properly,Normal,,,,,,,,,Yes,,,,,,,Yes,,,,116,Steeles,116,Steeles (116),D42,635757.23,4852236.6384
1256,3505149,936341,11/4/2006 10:00:00 AM,1805,BIRCHMOUNT RD,IVY BUSH AVE,,Major Arterial,Scarborough,43.810745,-79.31209,At Intersection,Traffic Signal,Clear,Dark,Dry,Fatal,Turning Movement,Driver,65 to 69,None,,West,"Automobile, Station Wagon",Stopped,Driving Properly,Normal,,,,,,,,,Yes,,,,,,,Yes,,,,116,Steeles,116,Steeles (116),D42,635757.23,4852236.6384
1257,3501858,935134,11/7/2006 10:00:00 AM,1916,BATHURST ST,SARANAC BLVD,,Major Arterial,North York,43.723045,-79.43069,At Intersection,Traffic Signal,Rain,Dark,Wet,Non-Fatal Injury,Pedestrian Collisions,Vehicle Owner,unknown,None,,,Other,,,,,,,,,,Yes,,Yes,,,,,,,,,,,32,Englemount-Lawrence,32,Englemount-Lawrence (32),D32,626402.832,4842308.4735
1258,3501859,935134,11/7/2006 10:00:00 AM,1916,BATHURST ST,SARANAC BLVD,,Major Arterial,North York,43.723045,-79.43069,At Intersection,Traffic Signal,Rain,Dark,Wet,Non-Fatal Injury,Pedestrian Collisions,Driver,55 to 59,None,,North,"Automobile, Station Wagon",Going Ahead,Driving Properly,Normal,,,,,,,Yes,,Yes,,,,,,,,,,,32,Englemount-Lawrence,32,Englemount-Lawrence (32),D32,626402.832,4842308.4735
1259,3501860,935134,11/7/2006 10:00:00 AM,1916,BATHURST ST,SARANAC BLVD,,Major Arterial,North York,43.723045,-79.43069,At Intersection,Traffic Signal,Rain,Dark,Wet,Non-Fatal Injury,Pedestrian Collisions,Pedestrian,70 to 74,Major,,East,Other,,,,Vehicle is going straight thru inter.while ped cross without ROW,Crossing without right of way,Normal,,,,Yes,,Yes,,,,,,,,,,,32,Englemount-Lawrence,32,Englemount-Lawrence (32),D32,626402.832,4842308.4735
1260,3510592,938403,11/8/2006 10:00:00 AM,2330,451 ST GERMAIN AVE,,,Local,North York,43.728745,-79.41899,,No Control,Clear,Dark,Wet,Non-Fatal Injury,SMV Unattended Vehicle,Driver,15 to 19,Major,,West,"Automobile, Station Wagon",Going Ahead,Lost control,Normal,,,,,,,,,Yes,,,,,,,,,,,39,Bedford Park-Nortown,39,Bedford Park-Nortown (39),D32,627333.1602,4842959.4522
1261,3510593,938403,11/8/2006 10:00:00 AM,2330,451 ST GERMAIN AVE,,,Local,North York,43.728745,-79.41899,,No Control,Clear,Dark,Wet,Non-Fatal Injury,SMV Unattended Vehicle,Vehicle Owner,unknown,None,,East,Other,Parked,,,,,,,,,,,Yes,,,,,,,,,,,39,Bedford Park-Nortown,39,Bedford Park-Nortown (39),D32,627333.1602,4842959.4522
1262,3503245,935641,11/10/2006 10:00:00 AM,1906,ROGERS RD,CHAMBERS AVE,,Minor Arterial,Etobicoke York,43.682345,-79.46549,At Intersection,Stop Sign,Clear,Dark,Dry,Non-Fatal Injury,Pedestrian Collisions,Pedestrian,50 to 54,Major,,,Other,,,,Vehicle is going straight thru inter.while ped cross without ROW,Crossing without right of way,Inattentive,,,,Yes,,Yes,,,,,,,,,,,110,Keelesdale-Eglinton West,110,Keelesdale-Eglinton West (110),D12,623683.4452,4837735.686
1263,3503246,935641,11/10/2006 10:00:00 AM,1906,ROGERS RD,CHAMBERS AVE,,Minor Arterial,Etobicoke York,43.682345,-79.46549,At Intersection,Stop Sign,Clear,Dark,Dry,Non-Fatal Injury,Pedestrian Collisions,Driver,75 to 79,None,,West,"Automobile, Station Wagon",Going Ahead,Driving Properly,Normal,,,,,,,Yes,,Yes,,,,,,,,,,,110,Keelesdale-Eglinton West,110,Keelesdale-Eglinton West (110),D12,623683.4452,4837735.686
1264,3511397,938714,11/10/2006 10:00:00 AM,2018,COMMISSIONERS ST,CHERRY ST,,Collector,Toronto and East York,43.645345,-79.35249,At Intersection,Stop Sign,Clear,Dark,Dry,Non-Fatal Injury,Pedestrian Collisions,Driver,55 to 59,Minimal,,West,"Automobile, Station Wagon",Going Ahead,Disobeyed Traffic Control,Normal,,,,,,,Yes,,Yes,,,,,,,Yes,,,,70,South Riverdale,70,South Riverdale (70),D51,632873.0858,4833801.0623
1265,3511398,938714,11/10/2006 10:00:00 AM,2018,COMMISSIONERS ST,CHERRY ST,,Collector,Toronto and East York,43.645345,-79.35249,At Intersection,Stop Sign,Clear,Dark,Dry,Non-Fatal Injury,Pedestrian Collisions,Pedestrian,20 to 24,Major,,,Other,Other,,,Vehicle is going straight thru inter.while ped cross with ROW,"Crossing, no Traffic Control",Normal,,,,Yes,,Yes,,,,,,,Yes,,,,70,South Riverdale,70,South Riverdale (70),D51,632873.0858,4833801.0623
1266,3604962,935742,11/11/2006 10:00:00 AM,638,F G GARDINER XY  W,GARDINER W LAKE SHORE W RAMP,,,Etobicoke York,43.629745,-79.47859,,No Control,Clear,Dark,Wet,Fatal,Sideswipe,Driver,45 to 49,Fatal,,West,"Automobile, Station Wagon",Going Ahead,Lost control,Unknown,,,,,,,,,Yes,,,,,Yes,,,,,,161,Humber Bay Shores,17,Mimico (includes Humber Bay Shores) (17),D22,622734.6708,4831874.3215
1267,3604963,935742,11/11/2006 10:00:00 AM,638,F G GARDINER XY  W,GARDINER W LAKE SHORE W RAMP,,,Etobicoke York,43.629745,-79.47859,,No Control,Clear,Dark,Wet,Fatal,Sideswipe,Passenger,25 to 29,None,,,Other,,,,,,,,,,,,Yes,,,,,Yes,,,,,,161,Humber Bay Shores,17,Mimico (includes Humber Bay Shores) (17),D22,622734.6708,4831874.3215
1268,3604964,935742,11/11/2006 10:00:00 AM,638,F G GARDINER XY  W,GARDINER W LAKE SHORE W RAMP,,,Etobicoke York,43.629745,-79.47859,,No Control,Clear,Dark,Wet,Fatal,Sideswipe,Driver,60 to 64,Minor,,West,"Automobile, Station Wagon",Going Ahead,Driving Properly,Normal,,,,,,,,,Yes,,,,,Yes,,,,,,161,Humber Bay Shores,17,Mimico (includes Humber Bay Shores) (17),D22,622734.6708,4831874.3215
1269,3604965,935742,11/11/2006 10:00:00 AM,638,F G GARDINER XY  W,GARDINER W LAKE SHORE W RAMP,,,Etobicoke York,43.629745,-79.47859,,No Control,Clear,Dark,Wet,Fatal,Sideswipe,Passenger,50 to 54,Minor,,,Other,,,,,,,,,,,,Yes,,,,,Yes,,,,,,161,Humber Bay Shores,17,Mimico (includes Humber Bay Shores) (17),D22,622734.6708,4831874.3215
1270,3604966,935742,11/11/2006 10:00:00 AM,638,F G GARDINER XY  W,GARDINER W LAKE SHORE W RAMP,,,Etobicoke York,43.629745,-79.47859,,No Control,Clear,Dark,Wet,Fatal,Sideswipe,Vehicle Owner,unknown,,,,Other,,,,,,,,,,,,Yes,,,,,Yes,,,,,,161,Humber Bay Shores,17,Mimico (includes Humber Bay Shores) (17),D22,622734.6708,4831874.3215
1271,3604967,935742,11/11/2006 10:00:00 AM,638,F G GARDINER XY  W,GARDINER W LAKE SHORE W RAMP,,,Etobicoke York,43.629745,-79.47859,,No Control,Clear,Dark,Wet,Fatal,Sideswipe,Driver,60 to 64,Minor,,West,"Automobile, Station Wagon",Going Ahead,Driving Properly,Normal,,,,,,,,,Yes,,,,,Yes,,,,,,161,Humber Bay Shores,17,Mimico (includes Humber Bay Shores) (17),D22,622734.6708,4831874.3215
1272,3503794,935843,11/12/2006 10:00:00 AM,318,101 YORK MILLS RD,,,Major Arterial,North York,43.745045,-79.39829,,No Control,Clear,Dark,Dry,Non-Fatal Injury,SMV Unattended Vehicle,Other,unknown,None,,,Other,Parked,,,,,,,,,,,Yes,,,,,Yes,,,,,,41,Bridle Path-Sunnybrook-York Mills,41,Bridle Path-Sunnybrook-York Mills (41),D32,628965.3387,4844801.8219
1273,3503795,935843,11/12/2006 10:00:00 AM,318,101 YORK MILLS RD,,,Major Arterial,North York,43.745045,-79.39829,,No Control,Clear,Dark,Dry,Non-Fatal Injury,SMV Unattended Vehicle,Passenger,45 to 49,None,,,"Automobile, Station Wagon",,,,,,,,,,,,Yes,,,,,Yes,,,,,,41,Bridle Path-Sunnybrook-York Mills,41,Bridle Path-Sunnybrook-York Mills (41),D32,628965.3387,4844801.8219
1274,3503796,935843,11/12/2006 10:00:00 AM,318,101 YORK MILLS RD,,,Major Arterial,North York,43.745045,-79.39829,,No Control,Clear,Dark,Dry,Non-Fatal Injury,SMV Unattended Vehicle,Vehicle Owner,unknown,,,,Other,,,,,,,,,,,,Yes,,,,,Yes,,,,,,41,Bridle Path-Sunnybrook-York Mills,41,Bridle Path-Sunnybrook-York Mills (41),D32,628965.3387,4844801.8219
1275,3503797,935843,11/12/2006 10:00:00 AM,318,101 YORK MILLS RD,,,Major Arterial,North York,43.745045,-79.39829,,No Control,Clear,Dark,Dry,Non-Fatal Injury,SMV Unattended Vehicle,Driver,15 to 19,Major,,East,"Automobile, Station Wagon",Going Ahead,Lost control,Had Been Drinking,,,,,,,,,Yes,,,,,Yes,,,,,,41,Bridle Path-Sunnybrook-York Mills,41,Bridle Path-Sunnybrook-York Mills (41),D32,628965.3387,4844801.8219
1276,3533619,935844,11/12/2006 10:00:00 AM,2000,LAWRENCE AVE E,WEXFORD BLVD,,Major Arterial,Scarborough,43.743845,-79.30179,,No Control,Clear,Dark,Dry,Non-Fatal Injury,Pedestrian Collisions,Driver,50 to 54,Minor,,West,"Automobile, Station Wagon",Overtaking,Other,Inattentive,,,,,,,Yes,,Yes,,,,,,,,,,,119,Wexford/Maryvale,119,Wexford/Maryvale (119),D41,636738.0708,4844823.3019
1277,3533620,935844,11/12/2006 10:00:00 AM,2000,LAWRENCE AVE E,WEXFORD BLVD,,Major Arterial,Scarborough,43.743845,-79.30179,,No Control,Clear,Dark,Dry,Non-Fatal Injury,Pedestrian Collisions,Pedestrian,55 to 59,Major,,South,Other,,,,Pedestrian hit at mid-block,"Crossing, no Traffic Control",Inattentive,,,,Yes,,Yes,,,,,,,,,,,119,Wexford/Maryvale,119,Wexford/Maryvale (119),D41,636738.0708,4844823.3019
1278,3517845,941162,11/12/2006 10:00:00 AM,2330,HARBORD ST,MONTROSE AVE,,Minor Arterial,Toronto and East York,43.659545,-79.41959,,Traffic Signal,Other,Dark,Dry,Non-Fatal Injury,Angle,Driver,30 to 34,Major,,East,"Automobile, Station Wagon",Going Ahead,Driving Properly,Normal,,,,,,,,,Yes,,,,,,,Yes,Yes,,,80,Palmerston-Little Italy,80,Palmerston-Little Italy (80),D14,627431.3214,4835272.9151
1279,3517846,941162,11/12/2006 10:00:00 AM,2330,HARBORD ST,MONTROSE AVE,,Minor Arterial,Toronto and East York,43.659545,-79.41959,,Traffic Signal,Other,Dark,Dry,Non-Fatal Injury,Angle,Driver,25 to 29,None,,North,"Automobile, Station Wagon",Going Ahead,Disobeyed Traffic Control,Unknown,,,,,,,,,Yes,,,,,,,Yes,Yes,,,80,Palmerston-Little Italy,80,Palmerston-Little Italy (80),D14,627431.3214,4835272.9151
1280,3612809,945617,11/14/2006 10:00:00 AM,1600,CARLAW AVE,EASTERN AVE,,Major Arterial,Toronto and East York,43.658345,-79.33899,At Intersection,Traffic Signal,Clear,Daylight,Dry,Non-Fatal Injury,Angle,Driver,45 to 49,None,,North,"Automobile, Station Wagon",Going Ahead,Driving Properly,Normal,,,,,,,,,Yes,,Yes,,,,,Yes,Yes,,,70,South Riverdale,70,South Riverdale (70),D55,633932.9841,4835266.5876
1281,3612810,945617,11/14/2006 10:00:00 AM,1600,CARLAW AVE,EASTERN AVE,,Major Arterial,Toronto and East York,43.658345,-79.33899,At Intersection,Traffic Signal,Clear,Daylight,Dry,Non-Fatal Injury,Angle,Vehicle Owner,unknown,None,,,Other,,,,,,,,,,,,Yes,,Yes,,,,,Yes,Yes,,,70,South Riverdale,70,South Riverdale (70),D55,633932.9841,4835266.5876
1282,3612811,945617,11/14/2006 10:00:00 AM,1600,CARLAW AVE,EASTERN AVE,,Major Arterial,Toronto and East York,43.658345,-79.33899,At Intersection,Traffic Signal,Clear,Daylight,Dry,Non-Fatal Injury,Angle,Truck Driver,50 to 54,Minimal,,North,Truck - Open,Going Ahead,Driving Properly,Normal,,,,,,,,,Yes,,Yes,,,,,Yes,Yes,,,70,South Riverdale,70,South Riverdale (70),D55,633932.9841,4835266.5876
1283,3612812,945617,11/14/2006 10:00:00 AM,1600,CARLAW AVE,EASTERN AVE,,Major Arterial,Toronto and East York,43.658345,-79.33899,At Intersection,Traffic Signal,Clear,Daylight,Dry,Non-Fatal Injury,Angle,Vehicle Owner,unknown,None,,,Other,,,,,,,,,,,,Yes,,Yes,,,,,Yes,Yes,,,70,South Riverdale,70,South Riverdale (70),D55,633932.9841,4835266.5876
1284,3612813,945617,11/14/2006 10:00:00 AM,1600,CARLAW AVE,EASTERN AVE,,Major Arterial,Toronto and East York,43.658345,-79.33899,At Intersection,Traffic Signal,Clear,Daylight,Dry,Non-Fatal Injury,Angle,Driver,35 to 39,Major,,East,"Automobile, Station Wagon",Going Ahead,Disobeyed Traffic Control,Normal,,,,,,,,,Yes,,Yes,,,,,Yes,Yes,,,70,South Riverdale,70,South Riverdale (70),D55,633932.9841,4835266.5876
1285,3506134,936726,11/17/2006 10:00:00 AM,203,KENNEDY RD,EGLINTON AVE E,,Major Arterial,Scarborough,43.732145,-79.26789,At Intersection,Traffic Signal,Rain,Dark,Wet,Non-Fatal Injury,Pedestrian Collisions,Driver,20 to 24,None,,South,"Automobile, Station Wagon",Going Ahead,Driving Properly,Normal,,,,,,,Yes,,Yes,,,,,,,,,,,124,Kennedy Park,124,Kennedy Park (124),D41,639494.862,4843580.357
1286,3506135,936726,11/17/2006 10:00:00 AM,203,KENNEDY RD,EGLINTON AVE E,,Major Arterial,Scarborough,43.732145,-79.26789,At Intersection,Traffic Signal,Rain,Dark,Wet,Non-Fatal Injury,Pedestrian Collisions,Pedestrian,45 to 49,Major,,West,Other,,,,Vehicle is going straight thru inter.while ped cross without ROW,Crossing without right of way,Normal,,,,Yes,,Yes,,,,,,,,,,,124,Kennedy Park,124,Kennedy Park (124),D41,639494.862,4843580.357
1287,3533910,938930,11/17/2006 10:00:00 AM,1500,220 GREYABBEY TRL,,,Local,Scarborough,43.753245,-79.17939,,No Control,Clear,Daylight,Dry,Non-Fatal Injury,SMV Other,Driver,60 to 64,Major,,South,"Automobile, Station Wagon",Going Ahead,Lost control,Unknown,,,,,,,,,Yes,,,,,,,,,,,140,Guildwood,140,Guildwood (140),D43,646570.7654,4846076.6402
1288,3534191,941522,11/19/2006 10:00:00 AM,3,BLOOR ST W,DEVONSHIRE PL,,Major Arterial,Toronto and East York,43.667845,-79.39839,,Yield Sign,Clear,Dark,Dry,Non-Fatal Injury,Pedestrian Collisions,Driver,30 to 34,Minimal,,West,"Automobile, Station Wagon",Going Ahead,Driving Properly,Normal,,,,,,,Yes,,Yes,,,,,,,,,,,95,Annex,95,Annex (95),D53,629122.9376,4836227.5193
1289,3534192,941522,11/19/2006 10:00:00 AM,3,BLOOR ST W,DEVONSHIRE PL,,Major Arterial,Toronto and East York,43.667845,-79.39839,,Yield Sign,Clear,Dark,Dry,Non-Fatal Injury,Pedestrian Collisions,Pedestrian,15 to 19,Major,,North,Other,,,,Vehicle is going straight thru inter.while ped cross without ROW,Crossing without right of way,Inattentive,,,,Yes,,Yes,,,,,,,,,,,95,Annex,95,Annex (95),D53,629122.9376,4836227.5193
1290,3518717,941510,11/19/2006 10:00:00 AM,1740,155 UNDERHILL Driv,,,Collector,North York,43.751745,-79.32599,,No Control,Clear,Dark,Dry,Non-Fatal Injury,Pedestrian Collisions,Vehicle Owner,unknown,None,,,Other,,,,,,,,,,Yes,,Yes,,,,,,,,,,,149,Parkwoods-O'Connor Hills,45,Parkwoods-Donalda (45),D33,634771.7599,4845661.0549
1291,3518718,941510,11/19/2006 10:00:00 AM,1740,155 UNDERHILL Driv,,,Collector,North York,43.751745,-79.32599,,No Control,Clear,Dark,Dry,Non-Fatal Injury,Pedestrian Collisions,Driver,20 to 24,None,,North,"Automobile, Station Wagon",Going Ahead,Driving Properly,Normal,,,,,,,Yes,,Yes,,,,,,,,,,,149,Parkwoods-O'Connor Hills,45,Parkwoods-Donalda (45),D33,634771.7599,4845661.0549
1292,3518719,941510,11/19/2006 10:00:00 AM,1740,155 UNDERHILL Driv,,,Collector,North York,43.751745,-79.32599,,No Control,Clear,Dark,Dry,Non-Fatal Injury,Pedestrian Collisions,Pedestrian,25 to 29,Major,,North,Other,,,,Pedestrian hit at mid-block,Crossing without right of way,Inattentive,,,,Yes,,Yes,,,,,,,,,,,149,Parkwoods-O'Connor Hills,45,Parkwoods-Donalda (45),D33,634771.7599,4845661.0549
1293,3518785,941532,11/19/2006 10:00:00 AM,2046,ST CLAIR AVE W,JANE ST,,Major Arterial,Etobicoke York,43.667145,-79.49179,,Traffic Signal,Clear,Dark,Dry,Non-Fatal Injury,SMV Other,Vehicle Owner,unknown,None,,,Other,,,,,,,,,,,,Yes,,,,,,,,,,,111,Rockcliffe-Smythe,111,Rockcliffe-Smythe (111),D11,621594.3079,4836008.6397
1294,3518786,941532,11/19/2006 10:00:00 AM,2046,ST CLAIR AVE W,JANE ST,,Major Arterial,Etobicoke York,43.667145,-79.49179,,Traffic Signal,Clear,Dark,Dry,Non-Fatal Injury,SMV Other,Driver,30 to 34,Major,,South,"Automobile, Station Wagon",Turning Right,Lost control,Other,,,,,,,,,Yes,,,,,,,,,,,111,Rockcliffe-Smythe,111,Rockcliffe-Smythe (111),D11,621594.3079,4836008.6397