OBJECTID,INDEX,ACCNUM,DATE,TIME,STREET1,STREET2,OFFSET,ROAD_CLASS,DISTRICT,LATITUDE,LONGITUDE,ACCLOC,TRAFFCTL,VISIBILITY,LIGHT,RDSFCOND,ACCLASS,IMPACTYPE,INVTYPE,INVAGE,INJURY,FATAL_NO,INITDIR,VEHTYPE,MANOEUVER,DRIVACT,DRIVCOND,PEDTYPE,PEDACT,PEDCOND,CYCLISTYPE,CYCACT,CYCCOND,PEDESTRIAN,CYCLIST,AUTOMOBILE,MOTORCYCLE,TRUCK,TRSN_CITY_VEH,EMERG_VEH,PASSENGER,SPEEDING,AG_DRIV,REDLIGHT,ALCOHOL,DISABILITY,HOOD_158,NEIGHBOURHOOD_158,HOOD_140,NEIGHBOURHOOD_140,DIVISION,x,y
1295,3605366,937278,11/21/2006 10:00:00 AM,225,GARDINER W S KINGSWAY RAMP,F G GARDINER XY Ramp W,,,Toronto and East York,43.634745,-79.47199,,No Control,Clear,Dark,Dry,Non-Fatal Injury,SMV Other,Passenger,unknown,Minimal,,,Other,,,,,,,,,,,,Yes,,,,,Yes,Yes,Yes,,,,87,High Park-Swansea,87,High Park-Swansea (87),D11,623256.8873,4832439.413
1296,3605367,937278,11/21/2006 10:00:00 AM,225,GARDINER W S KINGSWAY RAMP,F G GARDINER XY Ramp W,,,Toronto and East York,43.634745,-79.47199,,No Control,Clear,Dark,Dry,Non-Fatal Injury,SMV Other,Driver,35 to 39,Major,,West,"Automobile, Station Wagon",Slowing or Stopping,Speed too Fast For Condition,Unknown,,,,,,,,,Yes,,,,,Yes,Yes,Yes,,,,87,High Park-Swansea,87,High Park-Swansea (87),D11,623256.8873,4832439.413
1297,3507856,937379,11/21/2006 10:00:00 AM,1315,TWYN RIVERS Driv,SHEPPARD Aven E,,Collector,Scarborough,43.811645,-79.15649,,No Control,Clear,Daylight,Dry,Non-Fatal Injury,SMV Other,Passenger,90 to 94,Major,,,Other,,,,,,,,,,,,Yes,,,,,Yes,,,,,,144,Morningside Heights,131,Rouge (131),D42,648269.9344,4852603.68
1298,3507857,937379,11/21/2006 10:00:00 AM,1315,TWYN RIVERS Driv,SHEPPARD Aven E,,Collector,Scarborough,43.811645,-79.15649,,No Control,Clear,Daylight,Dry,Non-Fatal Injury,SMV Other,Passenger,70 to 74,None,,,Other,,,,,,,,,,,,Yes,,,,,Yes,,,,,,144,Morningside Heights,131,Rouge (131),D42,648269.9344,4852603.68
1299,3507858,937379,11/21/2006 10:00:00 AM,1315,TWYN RIVERS Driv,SHEPPARD Aven E,,Collector,Scarborough,43.811645,-79.15649,,No Control,Clear,Daylight,Dry,Non-Fatal Injury,SMV Other,Driver,80 to 84,None,,East,"Automobile, Station Wagon",Turning Left,Lost control,Inattentive,,,,,,,,,Yes,,,,,Yes,,,,,,144,Morningside Heights,131,Rouge (131),D42,648269.9344,4852603.68
1300,3519702,941871,11/22/2006 10:00:00 AM,1615,DUFFERIN ST,MELBOURNE AVE,,Minor Arterial,Toronto and East York,43.640545,-79.42799,,Pedestrian Crossover,Clear,Daylight,Dry,Non-Fatal Injury,Pedestrian Collisions,Vehicle Owner,unknown,,,,Other,,,,,,,,,,Yes,,,,,,,,,Yes,,,,85,South Parkdale,85,South Parkdale (85),D14,626793.9811,4833149.8514
1301,3519703,941871,11/22/2006 10:00:00 AM,1615,DUFFERIN ST,MELBOURNE AVE,,Minor Arterial,Toronto and East York,43.640545,-79.42799,,Pedestrian Crossover,Clear,Daylight,Dry,Non-Fatal Injury,Pedestrian Collisions,Driver,30 to 34,None,,South,Other,Going Ahead,Failed to Yield Right of Way,Normal,,,,,,,Yes,,,,,,,,,Yes,,,,85,South Parkdale,85,South Parkdale (85),D14,626793.9811,4833149.8514
1302,3519704,941871,11/22/2006 10:00:00 AM,1615,DUFFERIN ST,MELBOURNE AVE,,Minor Arterial,Toronto and East York,43.640545,-79.42799,,Pedestrian Crossover,Clear,Daylight,Dry,Non-Fatal Injury,Pedestrian Collisions,Pedestrian,40 to 44,Major,,East,Other,,,,Pedestrian hit a PXO/ped. Mid-block signal,"Crossing, Pedestrian Crossover",Medical or Physical Disability,,,,Yes,,,,,,,,,Yes,,,,85,South Parkdale,85,South Parkdale (85),D14,626793.9811,4833149.8514
1303,3522002,942726,11/22/2006 10:00:00 AM,2102,DUFFERIN St,LINDSEY Ave,,Major Arterial,Toronto and East York,43.653545,-79.43299,,No Control,Clear,Dark,Dry,Non-Fatal Injury,Rear End,Driver,50 to 54,Minimal,,South,"Automobile, Station Wagon",Stopped,Driving Properly,Normal,,,,,,,,,Yes,,,,,,,Yes,,,,83,Dufferin Grove,83,Dufferin Grove (83),D11,626363.4292,4834586.0433
1304,3522003,942726,11/22/2006 10:00:00 AM,2102,DUFFERIN St,LINDSEY Ave,,Major Arterial,Toronto and East York,43.653545,-79.43299,,No Control,Clear,Dark,Dry,Non-Fatal Injury,Rear End,Driver,40 to 44,None,,South,"Automobile, Station Wagon",Going Ahead,Following too Close,Normal,,,,,,,,,Yes,,,,,,,Yes,,,,83,Dufferin Grove,83,Dufferin Grove (83),D11,626363.4292,4834586.0433
1305,3522004,942726,11/22/2006 10:00:00 AM,2102,DUFFERIN St,LINDSEY Ave,,Major Arterial,Toronto and East York,43.653545,-79.43299,,No Control,Clear,Dark,Dry,Non-Fatal Injury,Rear End,Driver,35 to 39,Major,,South,"Automobile, Station Wagon",Stopped,Driving Properly,Normal,,,,,,,,,Yes,,,,,,,Yes,,,,83,Dufferin Grove,83,Dufferin Grove (83),D11,626363.4292,4834586.0433
1306,3519357,941748,11/23/2006 10:00:00 AM,1352,FINCH AVE W,ISLINGTON AVE,,Major Arterial,Etobicoke York,43.746245,-79.56859,At Intersection,Traffic Signal,Clear,Daylight,Dry,Non-Fatal Injury,Turning Movement,Driver,60 to 64,Major,,East,"Automobile, Station Wagon",Turning Left,Improper Turn,Normal,,,,,,,,,Yes,,,,,Yes,,,,,,22,Humbermede,22,Humbermede (22),D31,615250.8373,4844684.08
1307,3519358,941748,11/23/2006 10:00:00 AM,1352,FINCH AVE W,ISLINGTON AVE,,Major Arterial,Etobicoke York,43.746245,-79.56859,At Intersection,Traffic Signal,Clear,Daylight,Dry,Non-Fatal Injury,Turning Movement,Vehicle Owner,unknown,None,,,Other,,,,,,,,,,,,Yes,,,,,Yes,,,,,,22,Humbermede,22,Humbermede (22),D31,615250.8373,4844684.08
1308,3519359,941748,11/23/2006 10:00:00 AM,1352,FINCH AVE W,ISLINGTON AVE,,Major Arterial,Etobicoke York,43.746245,-79.56859,At Intersection,Traffic Signal,Clear,Daylight,Dry,Non-Fatal Injury,Turning Movement,Passenger,30 to 34,Minimal,,,Other,,,,,,,,,,,,Yes,,,,,Yes,,,,,,22,Humbermede,22,Humbermede (22),D31,615250.8373,4844684.08
1309,3519360,941748,11/23/2006 10:00:00 AM,1352,FINCH AVE W,ISLINGTON AVE,,Major Arterial,Etobicoke York,43.746245,-79.56859,At Intersection,Traffic Signal,Clear,Daylight,Dry,Non-Fatal Injury,Turning Movement,Passenger,35 to 39,Minimal,,,Other,,,,,,,,,,,,Yes,,,,,Yes,,,,,,22,Humbermede,22,Humbermede (22),D31,615250.8373,4844684.08
1310,3519361,941748,11/23/2006 10:00:00 AM,1352,FINCH AVE W,ISLINGTON AVE,,Major Arterial,Etobicoke York,43.746245,-79.56859,At Intersection,Traffic Signal,Clear,Daylight,Dry,Non-Fatal Injury,Turning Movement,Driver,25 to 29,None,,West,"Automobile, Station Wagon",Going Ahead,Driving Properly,Normal,,,,,,,,,Yes,,,,,Yes,,,,,,22,Humbermede,22,Humbermede (22),D31,615250.8373,4844684.08
1311,3519362,941748,11/23/2006 10:00:00 AM,1352,FINCH AVE W,ISLINGTON AVE,,Major Arterial,Etobicoke York,43.746245,-79.56859,At Intersection,Traffic Signal,Clear,Daylight,Dry,Non-Fatal Injury,Turning Movement,Vehicle Owner,unknown,None,,,Other,,,,,,,,,,,,Yes,,,,,Yes,,,,,,22,Humbermede,22,Humbermede (22),D31,615250.8373,4844684.08
1312,3519363,941748,11/23/2006 10:00:00 AM,1352,FINCH AVE W,ISLINGTON AVE,,Major Arterial,Etobicoke York,43.746245,-79.56859,At Intersection,Traffic Signal,Clear,Daylight,Dry,Non-Fatal Injury,Turning Movement,Driver,15 to 19,None,,South,"Automobile, Station Wagon",Stopped,Driving Properly,Normal,,,,,,,,,Yes,,,,,Yes,,,,,,22,Humbermede,22,Humbermede (22),D31,615250.8373,4844684.08
1313,3607539,942131,11/26/2006 10:00:00 AM,2115,ST CLAIR AVE W,JANE ST,,Major Arterial,Etobicoke York,43.667145,-79.49179,,Traffic Signal,Clear,Dark,Dry,Non-Fatal Injury,Angle,Passenger,60 to 64,Major,,,Other,,,,,,,,,,,,Yes,,,,,Yes,Yes,Yes,Yes,,,111,Rockcliffe-Smythe,111,Rockcliffe-Smythe (111),D11,621594.3079,4836008.6397
1314,3607540,942131,11/26/2006 10:00:00 AM,2115,ST CLAIR AVE W,JANE ST,,Major Arterial,Etobicoke York,43.667145,-79.49179,,Traffic Signal,Clear,Dark,Dry,Non-Fatal Injury,Angle,Driver,75 to 79,Major,,West,"Automobile, Station Wagon",Going Ahead,Driving Properly,Normal,,,,,,,,,Yes,,,,,Yes,Yes,Yes,Yes,,,111,Rockcliffe-Smythe,111,Rockcliffe-Smythe (111),D11,621594.3079,4836008.6397
1315,3607541,942131,11/26/2006 10:00:00 AM,2115,ST CLAIR AVE W,JANE ST,,Major Arterial,Etobicoke York,43.667145,-79.49179,,Traffic Signal,Clear,Dark,Dry,Non-Fatal Injury,Angle,Passenger,50 to 54,Major,,,Other,,,,,,,,,,,,Yes,,,,,Yes,Yes,Yes,Yes,,,111,Rockcliffe-Smythe,111,Rockcliffe-Smythe (111),D11,621594.3079,4836008.6397
1316,3607542,942131,11/26/2006 10:00:00 AM,2115,ST CLAIR AVE W,JANE ST,,Major Arterial,Etobicoke York,43.667145,-79.49179,,Traffic Signal,Clear,Dark,Dry,Non-Fatal Injury,Angle,Driver,25 to 29,Major,,North,"Automobile, Station Wagon",Going Ahead,Disobeyed Traffic Control,Normal,,,,,,,,,Yes,,,,,Yes,Yes,Yes,Yes,,,111,Rockcliffe-Smythe,111,Rockcliffe-Smythe (111),D11,621594.3079,4836008.6397
1317,3520823,942286,11/28/2006 10:00:00 AM,1510,CARLAW AVE,EASTERN AVE,,Major Arterial,Toronto and East York,43.658345,-79.33899,,Traffic Signal,Clear,Daylight,Dry,Non-Fatal Injury,Pedestrian Collisions,Driver,65 to 69,None,,South,"Automobile, Station Wagon",Turning Left,Improper Turn,Normal,,,,,,,Yes,,Yes,,,,,,,,,,,70,South Riverdale,70,South Riverdale (70),D55,633932.9841,4835266.5876
1318,3520824,942286,11/28/2006 10:00:00 AM,1510,CARLAW AVE,EASTERN AVE,,Major Arterial,Toronto and East York,43.658345,-79.33899,,Traffic Signal,Clear,Daylight,Dry,Non-Fatal Injury,Pedestrian Collisions,Pedestrian,65 to 69,Major,,West,Other,,,,Vehicle turns left while ped crosses with ROW at inter.,Crossing with right of way,Normal,,,,Yes,,Yes,,,,,,,,,,,70,South Riverdale,70,South Riverdale (70),D55,633932.9841,4835266.5876
1319,3607699,942296,11/28/2006 10:00:00 AM,2300,QUEEN ST E,DALHOUSIE ST,,Major Arterial,Toronto and East York,43.653345,-79.37519,,No Control,Clear,Daylight,Dry,Non-Fatal Injury,Cyclist Collisions,Vehicle Owner,unknown,,,,Other,,,,,,,,,,,Yes,Yes,,,,,,,,,,,168,Downtown Yonge East,75,Church-Yonge Corridor (75),D51,631024.8951,4834653.4735
1320,3607700,942296,11/28/2006 10:00:00 AM,2300,QUEEN ST E,DALHOUSIE ST,,Major Arterial,Toronto and East York,43.653345,-79.37519,,No Control,Clear,Daylight,Dry,Non-Fatal Injury,Cyclist Collisions,Driver,55 to 59,None,,East,"Automobile, Station Wagon",Going Ahead,Driving Properly,Normal,,,,,,,,Yes,Yes,,,,,,,,,,,168,Downtown Yonge East,75,Church-Yonge Corridor (75),D51,631024.8951,4834653.4735
1321,3607701,942296,11/28/2006 10:00:00 AM,2300,QUEEN ST E,DALHOUSIE ST,,Major Arterial,Toronto and East York,43.653345,-79.37519,,No Control,Clear,Daylight,Dry,Non-Fatal Injury,Cyclist Collisions,Cyclist,55 to 59,Major,,East,Bicycle,Changing Lanes,,,,,,Cyclist and Driver travelling in same direction. One vehicle rear-ended the other.,Improper Lane Change,Inattentive,,Yes,Yes,,,,,,,,,,,168,Downtown Yonge East,75,Church-Yonge Corridor (75),D51,631024.8951,4834653.4735
1322,3512976,939300,11/29/2006 10:00:00 AM,1111,EGLINTON AVE W,ELMSTHORPE AVE,,Major Arterial,North York,43.704145,-79.41069,,No Control,"Fog, Mist, Smoke, Dust",Daylight,Wet,Non-Fatal Injury,Pedestrian Collisions,Vehicle Owner,unknown,None,,,Other,,,,,,,,,,Yes,,Yes,,,,,,,,,,,103,Lawrence Park South,103,Lawrence Park South (103),D53,628054.0304,4840240.0596
1323,3512977,939300,11/29/2006 10:00:00 AM,1111,EGLINTON AVE W,ELMSTHORPE AVE,,Major Arterial,North York,43.704145,-79.41069,,No Control,"Fog, Mist, Smoke, Dust",Daylight,Wet,Non-Fatal Injury,Pedestrian Collisions,Driver,25 to 29,None,,East,Taxi,Going Ahead,Driving Properly,Normal,,,,,,,Yes,,Yes,,,,,,,,,,,103,Lawrence Park South,103,Lawrence Park South (103),D53,628054.0304,4840240.0596
1324,3512978,939300,11/29/2006 10:00:00 AM,1111,EGLINTON AVE W,ELMSTHORPE AVE,,Major Arterial,North York,43.704145,-79.41069,,No Control,"Fog, Mist, Smoke, Dust",Daylight,Wet,Non-Fatal Injury,Pedestrian Collisions,Pedestrian,80 to 84,Major,,South,Other,,,,Pedestrian hit at mid-block,Crossing without right of way,Normal,,,,Yes,,Yes,,,,,,,,,,,103,Lawrence Park South,103,Lawrence Park South (103),D53,628054.0304,4840240.0596
1325,3533964,939458,11/30/2006 10:00:00 AM,720,WILSON AVE,BATHURST ST,,Major Arterial,North York,43.737345,-79.43409,,No Control,Rain,Dark,Wet,Fatal,Pedestrian Collisions,Driver,55 to 59,None,,West,"Automobile, Station Wagon",Going Ahead,Driving Properly,Normal,,,,,,,Yes,,Yes,,,,,,,,,,,33,Clanton Park,33,Clanton Park (33),D32,626098.9577,4843891.5146
1326,3533965,939458,11/30/2006 10:00:00 AM,720,WILSON AVE,BATHURST ST,,Major Arterial,North York,43.737345,-79.43409,,No Control,Rain,Dark,Wet,Fatal,Pedestrian Collisions,Vehicle Owner,unknown,,,,Other,,,,,,,,,,Yes,,Yes,,,,,,,,,,,33,Clanton Park,33,Clanton Park (33),D32,626098.9577,4843891.5146
1327,3533966,939458,11/30/2006 10:00:00 AM,720,WILSON AVE,BATHURST ST,,Major Arterial,North York,43.737345,-79.43409,,No Control,Rain,Dark,Wet,Fatal,Pedestrian Collisions,Driver,45 to 49,None,,West,"Automobile, Station Wagon",Going Ahead,Driving Properly,Normal,,,,,,,Yes,,Yes,,,,,,,,,,,33,Clanton Park,33,Clanton Park (33),D32,626098.9577,4843891.5146
1328,3533967,939458,11/30/2006 10:00:00 AM,720,WILSON AVE,BATHURST ST,,Major Arterial,North York,43.737345,-79.43409,,No Control,Rain,Dark,Wet,Fatal,Pedestrian Collisions,Pedestrian,65 to 69,Fatal,,South,Other,,,,Pedestrian hit at mid-block,"Crossing, no Traffic Control",Medical or Physical Disability,,,,Yes,,Yes,,,,,,,,,,,33,Clanton Park,33,Clanton Park (33),D32,626098.9577,4843891.5146
1329,3521545,942557,11/30/2006 10:00:00 AM,1805,DIXON Rd,CELESTINE Dr,,Major Arterial,Etobicoke York,43.693345,-79.56249,At Intersection,Traffic Signal,Rain,Dark,Wet,Non-Fatal Injury,Pedestrian Collisions,Driver,45 to 49,None,,East,"Automobile, Station Wagon",Turning Right,Failed to Yield Right of Way,Normal,,,,,,,Yes,,Yes,,,,,,,Yes,,,,7,Willowridge-Martingrove-Richview,7,Willowridge-Martingrove-Richview (7),D23,615843.8847,4838817.3024
1330,3521546,942557,11/30/2006 10:00:00 AM,1805,DIXON Rd,CELESTINE Dr,,Major Arterial,Etobicoke York,43.693345,-79.56249,At Intersection,Traffic Signal,Rain,Dark,Wet,Non-Fatal Injury,Pedestrian Collisions,Pedestrian,25 to 29,Major,,East,Other,,,,Vehicle turns right while ped crosses with ROW at inter.,Crossing with right of way,Normal,,,,Yes,,Yes,,,,,,,Yes,,,,7,Willowridge-Martingrove-Richview,7,Willowridge-Martingrove-Richview (7),D23,615843.8847,4838817.3024
1331,3521779,942640,11/30/2006 10:00:00 AM,1851,SHEPPARD AVE E,BARBERRY PL,,Major Arterial,North York,43.767445,-79.38499,At Intersection,Traffic Signal,Rain,Dark,Wet,Non-Fatal Injury,Turning Movement,Vehicle Owner,unknown,None,,,Other,,,,,,,,,,,,Yes,,,,,Yes,,,,,,52,Bayview Village,52,Bayview Village (52),D33,629987.7176,4847310.4694
1332,3521780,942640,11/30/2006 10:00:00 AM,1851,SHEPPARD AVE E,BARBERRY PL,,Major Arterial,North York,43.767445,-79.38499,At Intersection,Traffic Signal,Rain,Dark,Wet,Non-Fatal Injury,Turning Movement,Driver,40 to 44,None,,East,"Automobile, Station Wagon",Going Ahead,Driving Properly,Normal,,,,,,,,,Yes,,,,,Yes,,,,,,52,Bayview Village,52,Bayview Village (52),D33,629987.7176,4847310.4694
1333,3521781,942640,11/30/2006 10:00:00 AM,1851,SHEPPARD AVE E,BARBERRY PL,,Major Arterial,North York,43.767445,-79.38499,At Intersection,Traffic Signal,Rain,Dark,Wet,Non-Fatal Injury,Turning Movement,Passenger,80 to 84,Major,,,Other,,,,,,,,,,,,Yes,,,,,Yes,,,,,,52,Bayview Village,52,Bayview Village (52),D33,629987.7176,4847310.4694
1334,3521782,942640,11/30/2006 10:00:00 AM,1851,SHEPPARD AVE E,BARBERRY PL,,Major Arterial,North York,43.767445,-79.38499,At Intersection,Traffic Signal,Rain,Dark,Wet,Non-Fatal Injury,Turning Movement,Passenger,85 to 89,Major,,,Other,,,,,,,,,,,,Yes,,,,,Yes,,,,,,52,Bayview Village,52,Bayview Village (52),D33,629987.7176,4847310.4694
1335,3521783,942640,11/30/2006 10:00:00 AM,1851,SHEPPARD AVE E,BARBERRY PL,,Major Arterial,North York,43.767445,-79.38499,At Intersection,Traffic Signal,Rain,Dark,Wet,Non-Fatal Injury,Turning Movement,Driver,80 to 84,Minimal,,West,"Automobile, Station Wagon",Turning Left,Improper Turn,Inattentive,,,,,,,,,Yes,,,,,Yes,,,,,,52,Bayview Village,52,Bayview Village (52),D33,629987.7176,4847310.4694
1336,3607963,942734,12/1/2006 10:00:00 AM,2120,HARBORD ST,MARKHAM ST,,Minor Arterial,Toronto and East York,43.661245,-79.41099,,No Control,Clear,Dark,Wet,Non-Fatal Injury,Pedestrian Collisions,Vehicle Owner,unknown,,,,Other,,,,,,,,,,Yes,,Yes,,,,,,,Yes,,,,80,Palmerston-Little Italy,80,Palmerston-Little Italy (80),D14,628121.146,4835474.9669
1337,3607964,942734,12/1/2006 10:00:00 AM,2120,HARBORD ST,MARKHAM ST,,Minor Arterial,Toronto and East York,43.661245,-79.41099,,No Control,Clear,Dark,Wet,Non-Fatal Injury,Pedestrian Collisions,Driver,40 to 44,None,,West,"Automobile, Station Wagon",Turning Left,Failed to Yield Right of Way,Normal,,,,,,,Yes,,Yes,,,,,,,Yes,,,,80,Palmerston-Little Italy,80,Palmerston-Little Italy (80),D14,628121.146,4835474.9669
1338,3607965,942734,12/1/2006 10:00:00 AM,2120,HARBORD ST,MARKHAM ST,,Minor Arterial,Toronto and East York,43.661245,-79.41099,,No Control,Clear,Dark,Wet,Non-Fatal Injury,Pedestrian Collisions,Pedestrian,35 to 39,Major,,West,Other,,,,Vehicle turns left while ped crosses with ROW at inter.,Crossing with right of way,Normal,,,,Yes,,Yes,,,,,,,Yes,,,,80,Palmerston-Little Italy,80,Palmerston-Little Italy (80),D14,628121.146,4835474.9669
1339,3616845,947135,12/2/2006 10:00:00 AM,1300,THE EAST MALL,FORMULA CRT,,Minor Arterial,Etobicoke York,43.640145,-79.55709,,No Control,Clear,Daylight,Dry,Non-Fatal Injury,Pedestrian Collisions,Driver,80 to 84,None,,North,"Automobile, Station Wagon",Going Ahead,Driving Properly,Normal,,,,,,,Yes,,Yes,,,,,,,,,,,158,Islington,14,Islington-City Centre West (14),D22,616381.8162,4832916.3102
1340,3616846,947135,12/2/2006 10:00:00 AM,1300,THE EAST MALL,FORMULA CRT,,Minor Arterial,Etobicoke York,43.640145,-79.55709,,No Control,Clear,Daylight,Dry,Non-Fatal Injury,Pedestrian Collisions,Pedestrian,70 to 74,Major,,West,Other,,,,Vehicle is going straight thru inter.while ped cross without ROW,"Crossing, no Traffic Control",Unknown,,,,Yes,,Yes,,,,,,,,,,,158,Islington,14,Islington-City Centre West (14),D22,616381.8162,4832916.3102
1341,3513969,939675,12/2/2006 10:00:00 AM,2116,ST CLAIR AVE W,ALBERTA AVE,,Major Arterial,Toronto and East York,43.680045,-79.43359,At Intersection,No Control,Clear,Dark,Dry,Non-Fatal Injury,Pedestrian Collisions,Driver,65 to 69,None,,West,"Automobile, Station Wagon",Going Ahead,Driving Properly,Normal,,,,,,,Yes,,Yes,,,,,,,,,,,94,Wychwood,94,Wychwood (94),D13,626259.4738,4837528.3066
1342,3513970,939675,12/2/2006 10:00:00 AM,2116,ST CLAIR AVE W,ALBERTA AVE,,Major Arterial,Toronto and East York,43.680045,-79.43359,At Intersection,No Control,Clear,Dark,Dry,Non-Fatal Injury,Pedestrian Collisions,Pedestrian,25 to 29,Major,,South,Other,,,,Vehicle is going straight thru inter.while ped cross without ROW,"Crossing, no Traffic Control",Had Been Drinking,,,,Yes,,Yes,,,,,,,,,,,94,Wychwood,94,Wychwood (94),D13,626259.4738,4837528.3066
1343,3515074,940098,12/5/2006 10:00:00 AM,628,DUFFERIN ST,GLEN BELLE CRES,,Major Arterial,North York,43.722245,-79.45649,,No Control,Clear,Dark,Wet,Non-Fatal Injury,Pedestrian Collisions,Driver,unknown,None,,,"Automobile, Station Wagon",Unknown,,,,,,,,,Yes,,Yes,,,,,,,,,,,31,Yorkdale-Glen Park,31,Yorkdale-Glen Park (31),D32,624326.362,4842180.595
1344,3515075,940098,12/5/2006 10:00:00 AM,628,DUFFERIN ST,GLEN BELLE CRES,,Major Arterial,North York,43.722245,-79.45649,,No Control,Clear,Dark,Wet,Non-Fatal Injury,Pedestrian Collisions,Pedestrian,unknown,Major,,,Other,Other,,,Unknown,,,,,,Yes,,Yes,,,,,,,,,,,31,Yorkdale-Glen Park,31,Yorkdale-Glen Park (31),D32,624326.362,4842180.595
1345,3534052,940479,12/5/2006 10:00:00 AM,1250,VICTORIA PARK Aven,AMSTERDAM Aven,,Major Arterial,Toronto and East York,43.715144,-79.298686,At Intersection,No Control,Clear,Daylight,Other,Non-Fatal Injury,Turning Movement,Driver,unknown,Minor,,,Other,Other,,,,,,,,,,,Yes,,,,,,,,,,,54,O'Connor-Parkview,54,O'Connor-Parkview (54),D55,637053.4531,4841640.7608
1346,3534053,940479,12/5/2006 10:00:00 AM,1250,VICTORIA PARK Aven,AMSTERDAM Aven,,Major Arterial,Toronto and East York,43.715144,-79.298686,At Intersection,No Control,Clear,Daylight,Other,Non-Fatal Injury,Turning Movement,Other,unknown,None,,,Other,Other,,,,,,,,,,,Yes,,,,,,,,,,,54,O'Connor-Parkview,54,O'Connor-Parkview (54),D55,637053.4531,4841640.7608
1347,3534054,940479,12/5/2006 10:00:00 AM,1250,VICTORIA PARK Aven,AMSTERDAM Aven,,Major Arterial,Toronto and East York,43.715144,-79.298686,At Intersection,No Control,Clear,Daylight,Other,Non-Fatal Injury,Turning Movement,Driver,15 to 19,Major,,,"Automobile, Station Wagon",Going Ahead,,,,,,,,,,,Yes,,,,,,,,,,,54,O'Connor-Parkview,54,O'Connor-Parkview (54),D55,637053.4531,4841640.7608
1348,3534018,940240,12/5/2006 10:00:00 AM,1821,VICTORIA PARK Ave,MCNICOLL Ave,,Major Arterial,North York,43.804745,-79.33659,,No Control,Clear,Dark,Dry,Non-Fatal Injury,Pedestrian Collisions,Vehicle Owner,unknown,None,,,Other,,,,,,,,,,Yes,,Yes,,,,,,,,,,,116,Steeles,116,Steeles (116),D42,633800.0917,4851530.3348
1349,3534019,940240,12/5/2006 10:00:00 AM,1821,VICTORIA PARK Ave,MCNICOLL Ave,,Major Arterial,North York,43.804745,-79.33659,,No Control,Clear,Dark,Dry,Non-Fatal Injury,Pedestrian Collisions,Driver,35 to 39,None,,South,"Automobile, Station Wagon",Going Ahead,Driving Properly,Normal,,,,,,,Yes,,Yes,,,,,,,,,,,116,Steeles,116,Steeles (116),D42,633800.0917,4851530.3348
1350,3534020,940240,12/5/2006 10:00:00 AM,1821,VICTORIA PARK Ave,MCNICOLL Ave,,Major Arterial,North York,43.804745,-79.33659,,No Control,Clear,Dark,Dry,Non-Fatal Injury,Pedestrian Collisions,Driver,unknown,None,,North,"Automobile, Station Wagon",Going Ahead,Other,Unknown,,,,,,,Yes,,Yes,,,,,,,,,,,116,Steeles,116,Steeles (116),D42,633800.0917,4851530.3348
1351,3534021,940240,12/5/2006 10:00:00 AM,1821,VICTORIA PARK Ave,MCNICOLL Ave,,Major Arterial,North York,43.804745,-79.33659,,No Control,Clear,Dark,Dry,Non-Fatal Injury,Pedestrian Collisions,Pedestrian,40 to 44,Major,,,Other,,,,Pedestrian hit at mid-block,Crossing without right of way,Normal,,,,Yes,,Yes,,,,,,,,,,,116,Steeles,116,Steeles (116),D42,633800.0917,4851530.3348
1352,3534022,940240,12/5/2006 10:00:00 AM,1821,VICTORIA PARK Ave,MCNICOLL Ave,,Major Arterial,North York,43.804745,-79.33659,,No Control,Clear,Dark,Dry,Non-Fatal Injury,Pedestrian Collisions,Pedestrian,45 to 49,Major,,,Other,,,,Pedestrian hit at mid-block,Crossing without right of way,Normal,,,,Yes,,Yes,,,,,,,,,,,116,Steeles,116,Steeles (116),D42,633800.0917,4851530.3348
1353,3523294,943180,12/6/2006 10:00:00 AM,1300,MORTIMER Aven,BINSWOOD Aven,,Minor Arterial,Toronto and East York,43.691145,-79.32279,At Intersection,Stop Sign,Rain,Daylight,Wet,Non-Fatal Injury,Pedestrian Collisions,Driver,50 to 54,Minor,,West,"Automobile, Station Wagon",Going Ahead,Driving Properly,Normal,,,,,,,Yes,,Yes,,,,,,,Yes,,,,59,Danforth East York,59,Danforth East York (59),D55,635165.6,4838935.7554
1354,3523295,943180,12/6/2006 10:00:00 AM,1300,MORTIMER Aven,BINSWOOD Aven,,Minor Arterial,Toronto and East York,43.691145,-79.32279,At Intersection,Stop Sign,Rain,Daylight,Wet,Non-Fatal Injury,Pedestrian Collisions,Driver,65 to 69,None,,South,"Automobile, Station Wagon",Going Ahead,Wrong Way on One Way Road,Inattentive,,,,,,,Yes,,Yes,,,,,,,Yes,,,,59,Danforth East York,59,Danforth East York (59),D55,635165.6,4838935.7554
1355,3523296,943180,12/6/2006 10:00:00 AM,1300,MORTIMER Aven,BINSWOOD Aven,,Minor Arterial,Toronto and East York,43.691145,-79.32279,At Intersection,Stop Sign,Rain,Daylight,Wet,Non-Fatal Injury,Pedestrian Collisions,Pedestrian,55 to 59,Major,,,Other,,,,Pedestrian hit on sidewalk or shoulder,On Sidewalk or Shoulder,Unknown,,,,Yes,,Yes,,,,,,,Yes,,,,59,Danforth East York,59,Danforth East York (59),D55,635165.6,4838935.7554