OBJECTID,INDEX,ACCNUM,DATE,TIME,STREET1,STREET2,OFFSET,ROAD_CLASS,DISTRICT,LATITUDE,LONGITUDE,ACCLOC,TRAFFCTL,VISIBILITY,LIGHT,RDSFCOND,ACCLASS,IMPACTYPE,INVTYPE,INVAGE,INJURY,FATAL_NO,INITDIR,VEHTYPE,MANOEUVER,DRIVACT,DRIVCOND,PEDTYPE,PEDACT,PEDCOND,CYCLISTYPE,CYCACT,CYCCOND,PEDESTRIAN,CYCLIST,AUTOMOBILE,MOTORCYCLE,TRUCK,TRSN_CITY_VEH,EMERG_VEH,PASSENGER,SPEEDING,AG_DRIV,REDLIGHT,ALCOHOL,DISABILITY,HOOD_158,NEIGHBOURHOOD_158,HOOD_140,NEIGHBOURHOOD_140,DIVISION,x,y
1356,3606380,940482,12/6/2006 10:00:00 AM,1700,1568 MIDLAND Ave,,,Major Arterial,Scarborough,43.755445,-79.26649,,Pedestrian Crossover,Clear,Dark,Wet,Non-Fatal Injury,Pedestrian Collisions,Driver,20 to 24,None,,South,"Automobile, Station Wagon",Going Ahead,Following too Close,Unknown,,,,,,,Yes,,Yes,,,,,,,Yes,,,,126,Dorset Park,126,Dorset Park (126),D41,639553.459,4846170.5315
1357,3606381,940482,12/6/2006 10:00:00 AM,1700,1568 MIDLAND Ave,,,Major Arterial,Scarborough,43.755445,-79.26649,,Pedestrian Crossover,Clear,Dark,Wet,Non-Fatal Injury,Pedestrian Collisions,Pedestrian,55 to 59,Major,,East,Other,,,,Pedestrian hit a PXO/ped. Mid-block signal,"Crossing, Pedestrian Crossover",Unknown,,,,Yes,,Yes,,,,,,,Yes,,,,126,Dorset Park,126,Dorset Park (126),D41,639553.459,4846170.5315
1358,3616864,947143,12/6/2006 10:00:00 AM,2248,VICTORIA PARK AVE,HUNTINGWOOD DR,,Major Arterial,North York,43.780345,-79.32539,At Intersection,Traffic Signal,Drifting Snow,Dark,Wet,Non-Fatal Injury,Pedestrian Collisions,Driver,unknown,None,,South,"Automobile, Station Wagon",Going Ahead,Disobeyed Traffic Control,Unknown,,,,,,,Yes,,Yes,,,,,,,Yes,Yes,,,147,L'Amoreaux West,117,L'Amoreaux (117),D42,634755.8282,4848838.4999
1359,3616865,947143,12/6/2006 10:00:00 AM,2248,VICTORIA PARK AVE,HUNTINGWOOD DR,,Major Arterial,North York,43.780345,-79.32539,At Intersection,Traffic Signal,Drifting Snow,Dark,Wet,Non-Fatal Injury,Pedestrian Collisions,Pedestrian,55 to 59,Major,,East,Other,,,,Vehicle is going straight thru inter.while ped cross with ROW,Crossing with right of way,Unknown,,,,Yes,,Yes,,,,,,,Yes,Yes,,,147,L'Amoreaux West,117,L'Amoreaux (117),D42,634755.8282,4848838.4999
1360,3606475,940622,12/7/2006 10:00:00 AM,700,FENSIDE Dr,YORK MILLS Rd,,Major Arterial,North York,43.760645,-79.32769,,Traffic Signal,Clear,Dawn,Other,Non-Fatal Injury,Pedestrian Collisions,Driver,25 to 29,None,,South,"Automobile, Station Wagon",Going Ahead,Lost control,Normal,,,,,,,Yes,,Yes,,,,,,,,,,,150,Fenside-Parkwoods,45,Parkwoods-Donalda (45),D33,634614.9354,4846646.7701
1361,3606476,940622,12/7/2006 10:00:00 AM,700,FENSIDE Dr,YORK MILLS Rd,,Major Arterial,North York,43.760645,-79.32769,,Traffic Signal,Clear,Dawn,Other,Non-Fatal Injury,Pedestrian Collisions,Pedestrian,45 to 49,Major,,East,Other,,,,Vehicle is going straight thru inter.while ped cross without ROW,Other,Normal,,,,Yes,,Yes,,,,,,,,,,,150,Fenside-Parkwoods,45,Parkwoods-Donalda (45),D33,634614.9354,4846646.7701
1362,3534067,940627,12/7/2006 10:00:00 AM,1517,WHITEWOOD RD,DAVISVILLE AVE,,Collector,North York,43.702745,-79.37529,,No Control,Clear,Daylight,Dry,Non-Fatal Injury,Pedestrian Collisions,Driver,90 to 94,None,,West,"Automobile, Station Wagon",Turning Right,Failed to Yield Right of Way,Normal,,,,,,,Yes,,Yes,,,,,,,Yes,,,,99,Mount Pleasant East,99,Mount Pleasant East (99),D53,630909.3583,4840139.8589
1363,3534068,940627,12/7/2006 10:00:00 AM,1517,WHITEWOOD RD,DAVISVILLE AVE,,Collector,North York,43.702745,-79.37529,,No Control,Clear,Daylight,Dry,Non-Fatal Injury,Pedestrian Collisions,Pedestrian,85 to 89,Major,,East,Other,,,,Vehicle turns right while ped crosses with ROW at inter.,Crossing with right of way,Normal,,,,Yes,,Yes,,,,,,,Yes,,,,99,Mount Pleasant East,99,Mount Pleasant East (99),D53,630909.3583,4840139.8589
1364,3552005,940637,12/7/2006 10:00:00 AM,1545,BRIMLEY RD,HUNTINGWOOD DR,,Major Arterial,Scarborough,43.795845,-79.27219,,No Control,Clear,Daylight,Dry,Fatal,Pedestrian Collisions,Driver,20 to 24,None,,South,"Automobile, Station Wagon",Going Ahead,Driving Properly,Normal,,,,,,,Yes,,Yes,,,,,,,,,,,129,Agincourt North,129,Agincourt North (129),D42,639000.9426,4850647.9946
1365,3552006,940637,12/7/2006 10:00:00 AM,1545,BRIMLEY RD,HUNTINGWOOD DR,,Major Arterial,Scarborough,43.795845,-79.27219,,No Control,Clear,Daylight,Dry,Fatal,Pedestrian Collisions,Pedestrian,80 to 84,Fatal,,East,Other,,,,Pedestrian hit at mid-block,"Crossing, no Traffic Control",Unknown,,,,Yes,,Yes,,,,,,,,,,,129,Agincourt North,129,Agincourt North (129),D42,639000.9426,4850647.9946
1366,3606486,940647,12/7/2006 10:00:00 AM,1630,PARK RD,ROSEDALE VALLEY RD,,Minor Arterial,Toronto and East York,43.673445,-79.38409,At Intersection,Stop Sign,Clear,Daylight,Dry,Non-Fatal Injury,Rear End,Passenger,50 to 54,Major,,,Other,,,,,,,,,,,,Yes,,,,,Yes,,Yes,,,,98,Rosedale-Moore Park,98,Rosedale-Moore Park (98),D53,630263.7103,4836871.832
1367,3606487,940647,12/7/2006 10:00:00 AM,1630,PARK RD,ROSEDALE VALLEY RD,,Minor Arterial,Toronto and East York,43.673445,-79.38409,At Intersection,Stop Sign,Clear,Daylight,Dry,Non-Fatal Injury,Rear End,Passenger,0 to 4,Major,,,Other,,,,,,,,,,,,Yes,,,,,Yes,,Yes,,,,98,Rosedale-Moore Park,98,Rosedale-Moore Park (98),D53,630263.7103,4836871.832
1368,3606488,940647,12/7/2006 10:00:00 AM,1630,PARK RD,ROSEDALE VALLEY RD,,Minor Arterial,Toronto and East York,43.673445,-79.38409,At Intersection,Stop Sign,Clear,Daylight,Dry,Non-Fatal Injury,Rear End,Driver,30 to 34,Minimal,,North,"Automobile, Station Wagon",Stopped,Driving Properly,Normal,,,,,,,,,Yes,,,,,Yes,,Yes,,,,98,Rosedale-Moore Park,98,Rosedale-Moore Park (98),D53,630263.7103,4836871.832
1369,3606489,940647,12/7/2006 10:00:00 AM,1630,PARK RD,ROSEDALE VALLEY RD,,Minor Arterial,Toronto and East York,43.673445,-79.38409,At Intersection,Stop Sign,Clear,Daylight,Dry,Non-Fatal Injury,Rear End,Driver,40 to 44,Major,,North,"Automobile, Station Wagon",Unknown,Following too Close,Unknown,,,,,,,,,Yes,,,,,Yes,,Yes,,,,98,Rosedale-Moore Park,98,Rosedale-Moore Park (98),D53,630263.7103,4836871.832
1370,3523729,943330,12/7/2006 10:00:00 AM,1800,40 KING St W,,,Major Arterial,Toronto and East York,43.648845,-79.37939,,No Control,Clear,Dark,Dry,Non-Fatal Injury,Cyclist Collisions,Driver,40 to 44,None,,,"Automobile, Station Wagon",Stopped,Other,Inattentive,,,,,,,,Yes,Yes,,,,,,Yes,Yes,,,,170,Yonge-Bay Corridor,76,Bay Street Corridor (76),D52,630695.9634,4834147.0661
1371,3523730,943330,12/7/2006 10:00:00 AM,1800,40 KING St W,,,Major Arterial,Toronto and East York,43.648845,-79.37939,,No Control,Clear,Dark,Dry,Non-Fatal Injury,Cyclist Collisions,Cyclist,25 to 29,Major,,West,Bicycle,Overtaking,,,,,,Cyclist struck opened vehicle door,Driving Properly,Normal,,Yes,Yes,,,,,,Yes,Yes,,,,170,Yonge-Bay Corridor,76,Bay Street Corridor (76),D52,630695.9634,4834147.0661
1372,3562067,957584,12/7/2006 10:00:00 AM,2008,SENLAC RD,FINCH AVE W,,Major Arterial,North York,43.776445,-79.43029,,Traffic Signal,Snow,Dark,Wet,Non-Fatal Injury,Pedestrian Collisions,Driver,20 to 24,None,,North,"Automobile, Station Wagon",Turning Left,Failed to Yield Right of Way,Inattentive,,,,,,,Yes,,Yes,,,,,,,Yes,,,,37,Willowdale West,37,Willowdale West (37),D32,626322.6626,4848239.9431
1373,3562068,957584,12/7/2006 10:00:00 AM,2008,SENLAC RD,FINCH AVE W,,Major Arterial,North York,43.776445,-79.43029,,Traffic Signal,Snow,Dark,Wet,Non-Fatal Injury,Pedestrian Collisions,Pedestrian,40 to 44,Minor,,South,Other,,,,Vehicle turns left while ped crosses with ROW at inter.,Crossing with right of way,Normal,,,,Yes,,Yes,,,,,,,Yes,,,,37,Willowdale West,37,Willowdale West (37),D32,626322.6626,4848239.9431
1374,3562069,957584,12/7/2006 10:00:00 AM,2008,SENLAC RD,FINCH AVE W,,Major Arterial,North York,43.776445,-79.43029,,Traffic Signal,Snow,Dark,Wet,Non-Fatal Injury,Pedestrian Collisions,Pedestrian,10 to 14,Major,,South,Other,,,,Vehicle turns left while ped crosses with ROW at inter.,Crossing with right of way,Normal,,,,Yes,,Yes,,,,,,,Yes,,,,37,Willowdale West,37,Willowdale West (37),D32,626322.6626,4848239.9431
1375,3608384,943367,12/8/2006 10:00:00 AM,1024,ST CLAIR Ave W,WINONA Dr,,Major Arterial,Toronto and East York,43.680245,-79.43249,,Traffic Signal,Clear,Daylight,Dry,Non-Fatal Injury,Sideswipe,Vehicle Owner,unknown,None,,,Other,,,,,,,,,,,,Yes,,Yes,,,Yes,,,,,,94,Wychwood,94,Wychwood (94),D13,626347.7197,4837552.1945
1376,3608385,943367,12/8/2006 10:00:00 AM,1024,ST CLAIR Ave W,WINONA Dr,,Major Arterial,Toronto and East York,43.680245,-79.43249,,Traffic Signal,Clear,Daylight,Dry,Non-Fatal Injury,Sideswipe,Truck Driver,30 to 34,None,,East,Truck - Open,Going Ahead,Driving Properly,Normal,,,,,,,,,Yes,,Yes,,,Yes,,,,,,94,Wychwood,94,Wychwood (94),D13,626347.7197,4837552.1945
1377,3608386,943367,12/8/2006 10:00:00 AM,1024,ST CLAIR Ave W,WINONA Dr,,Major Arterial,Toronto and East York,43.680245,-79.43249,,Traffic Signal,Clear,Daylight,Dry,Non-Fatal Injury,Sideswipe,Passenger,20 to 24,Major,,,Other,,,,,,,,,,,,Yes,,Yes,,,Yes,,,,,,94,Wychwood,94,Wychwood (94),D13,626347.7197,4837552.1945
1378,3608387,943367,12/8/2006 10:00:00 AM,1024,ST CLAIR Ave W,WINONA Dr,,Major Arterial,Toronto and East York,43.680245,-79.43249,,Traffic Signal,Clear,Daylight,Dry,Non-Fatal Injury,Sideswipe,Driver,20 to 24,Minor,,East,"Automobile, Station Wagon",Turning Left,Improper Turn,Normal,,,,,,,,,Yes,,Yes,,,Yes,,,,,,94,Wychwood,94,Wychwood (94),D13,626347.7197,4837552.1945
1379,3516851,940775,12/8/2006 10:00:00 AM,1719,JANE ST,BEXLEY CRES,,Major Arterial,Etobicoke York,43.680545,-79.49759,,No Control,Clear,Dark,Dry,Fatal,Pedestrian Collisions,Pedestrian,55 to 59,Fatal,,East,Other,,,,Vehicle is going straight thru inter.while ped cross without ROW,"Crossing, no Traffic Control",Unknown,,,,Yes,,Yes,,,,,Yes,,,,,,111,Rockcliffe-Smythe,111,Rockcliffe-Smythe (111),D12,621099.7437,4837488.4026
1380,3516852,940775,12/8/2006 10:00:00 AM,1719,JANE ST,BEXLEY CRES,,Major Arterial,Etobicoke York,43.680545,-79.49759,,No Control,Clear,Dark,Dry,Fatal,Pedestrian Collisions,Passenger,75 to 79,None,,,Other,,,,,,,,,,Yes,,Yes,,,,,Yes,,,,,,111,Rockcliffe-Smythe,111,Rockcliffe-Smythe (111),D12,621099.7437,4837488.4026
1381,3516853,940775,12/8/2006 10:00:00 AM,1719,JANE ST,BEXLEY CRES,,Major Arterial,Etobicoke York,43.680545,-79.49759,,No Control,Clear,Dark,Dry,Fatal,Pedestrian Collisions,Driver,70 to 74,None,,South,"Automobile, Station Wagon",Going Ahead,Driving Properly,Normal,,,,,,,Yes,,Yes,,,,,Yes,,,,,,111,Rockcliffe-Smythe,111,Rockcliffe-Smythe (111),D12,621099.7437,4837488.4026
1382,3606701,940858,12/8/2006 10:00:00 AM,2250,BAY ST,YORKVILLE AVE,,Major Arterial,Toronto and East York,43.671945,-79.39039,,No Control,Clear,Dark,Dry,Non-Fatal Injury,Approaching,Driver,40 to 44,None,,South,"Automobile, Station Wagon",Going Ahead,Lost control,"Ability Impaired, Alcohol Over .08",,,,,,,,,Yes,,,,,Yes,,,,Yes,,95,Annex,95,Annex (95),D53,629759.0744,4836695.3625
1383,3606702,940858,12/8/2006 10:00:00 AM,2250,BAY ST,YORKVILLE AVE,,Major Arterial,Toronto and East York,43.671945,-79.39039,,No Control,Clear,Dark,Dry,Non-Fatal Injury,Approaching,Passenger,5 to 9,Major,,,Other,,,,,,,,,,,,Yes,,,,,Yes,,,,Yes,,95,Annex,95,Annex (95),D53,629759.0744,4836695.3625
1384,3606703,940858,12/8/2006 10:00:00 AM,2250,BAY ST,YORKVILLE AVE,,Major Arterial,Toronto and East York,43.671945,-79.39039,,No Control,Clear,Dark,Dry,Non-Fatal Injury,Approaching,Passenger,5 to 9,Minimal,,,Other,,,,,,,,,,,,Yes,,,,,Yes,,,,Yes,,95,Annex,95,Annex (95),D53,629759.0744,4836695.3625
1385,3606704,940858,12/8/2006 10:00:00 AM,2250,BAY ST,YORKVILLE AVE,,Major Arterial,Toronto and East York,43.671945,-79.39039,,No Control,Clear,Dark,Dry,Non-Fatal Injury,Approaching,Passenger,0 to 4,Minimal,,,Other,,,,,,,,,,,,Yes,,,,,Yes,,,,Yes,,95,Annex,95,Annex (95),D53,629759.0744,4836695.3625
1386,3606705,940858,12/8/2006 10:00:00 AM,2250,BAY ST,YORKVILLE AVE,,Major Arterial,Toronto and East York,43.671945,-79.39039,,No Control,Clear,Dark,Dry,Non-Fatal Injury,Approaching,Driver,35 to 39,Minimal,,North,"Automobile, Station Wagon",Going Ahead,Driving Properly,Normal,,,,,,,,,Yes,,,,,Yes,,,,Yes,,95,Annex,95,Annex (95),D53,629759.0744,4836695.3625
1387,3609771,944350,12/10/2006 10:00:00 AM,20,LAWRENCE AVE W,ROSEWELL AVE,,Major Arterial,North York,43.722945,-79.41269,,No Control,Clear,Dark,Dry,Non-Fatal Injury,Pedestrian Collisions,Driver,30 to 34,None,,East,"Automobile, Station Wagon",Going Ahead,Driving Properly,Normal,,,,,,,Yes,,Yes,,,,,,,,,,,105,Lawrence Park North,105,Lawrence Park North (105),D32,627852.8999,4842324.9787
1388,3609772,944350,12/10/2006 10:00:00 AM,20,LAWRENCE AVE W,ROSEWELL AVE,,Major Arterial,North York,43.722945,-79.41269,,No Control,Clear,Dark,Dry,Non-Fatal Injury,Pedestrian Collisions,Pedestrian,15 to 19,Major,,North,Other,,,,Pedestrian hit at mid-block,"Crossing, no Traffic Control","Ability Impaired, Alcohol",,,,Yes,,Yes,,,,,,,,,,,105,Lawrence Park North,105,Lawrence Park North (105),D32,627852.8999,4842324.9787
1389,3606799,940984,12/10/2006 10:00:00 AM,831,KING ST W,JOHN ST,,Major Arterial,Toronto and East York,43.646545,-79.38979,At Intersection,Traffic Signal,Clear,Daylight,Dry,Non-Fatal Injury,Angle,Driver,60 to 64,Major,,West,"Automobile, Station Wagon",Going Ahead,Other,Normal,,,,,,,,,Yes,,,,,,,,,,,164,Wellington Place,77,Waterfront Communities-The Island (77),D52,629862.1909,4833875.2946
1390,3606800,940984,12/10/2006 10:00:00 AM,831,KING ST W,JOHN ST,,Major Arterial,Toronto and East York,43.646545,-79.38979,At Intersection,Traffic Signal,Clear,Daylight,Dry,Non-Fatal Injury,Angle,Other,Over 95,None,,,Other,,,,,,,,,,,,Yes,,,,,,,,,,,164,Wellington Place,77,Waterfront Communities-The Island (77),D52,629862.1909,4833875.2946
1391,3606801,940984,12/10/2006 10:00:00 AM,831,KING ST W,JOHN ST,,Major Arterial,Toronto and East York,43.646545,-79.38979,At Intersection,Traffic Signal,Clear,Daylight,Dry,Non-Fatal Injury,Angle,Driver,25 to 29,Minor,,North,"Automobile, Station Wagon",Going Ahead,Other,Normal,,,,,,,,,Yes,,,,,,,,,,,164,Wellington Place,77,Waterfront Communities-The Island (77),D52,629862.1909,4833875.2946
1392,3611064,944952,12/10/2006 10:00:00 AM,1405,YONGE ST,WANLESS AVE,,Major Arterial,North York,43.726245,-79.40249,At Intersection,Stop Sign,Clear,Daylight,Dry,Non-Fatal Injury,Pedestrian Collisions,Pedestrian,60 to 64,Major,,South,Other,,,,Vehicle turns left while ped crosses with ROW at inter.,Crossing with right of way,Unknown,,,,Yes,,Yes,,,,,,,Yes,,,,105,Lawrence Park North,105,Lawrence Park North (105),D32,628667.421,4842707.2776
1393,3611065,944952,12/10/2006 10:00:00 AM,1405,YONGE ST,WANLESS AVE,,Major Arterial,North York,43.726245,-79.40249,At Intersection,Stop Sign,Clear,Daylight,Dry,Non-Fatal Injury,Pedestrian Collisions,Driver,60 to 64,None,,South,"Automobile, Station Wagon",Turning Left,Failed to Yield Right of Way,Normal,,,,,,,Yes,,Yes,,,,,,,Yes,,,,105,Lawrence Park North,105,Lawrence Park North (105),D32,628667.421,4842707.2776
1394,3526773,944497,12/11/2006 10:00:00 AM,1200,CHURCH ST,LOMBARD ST,,Major Arterial,Toronto and East York,43.651445,-79.37509,,No Control,Rain,Daylight,Wet,Non-Fatal Injury,Approaching,Motorcycle Driver,40 to 44,Major,,North,Motorcycle,Going Ahead,Lost control,Unknown,,,,,,,,,Yes,Yes,,,,,,,,,,168,Downtown Yonge East,75,Church-Yonge Corridor (75),D51,631037.0914,4834442.6114
1395,3526774,944497,12/11/2006 10:00:00 AM,1200,CHURCH ST,LOMBARD ST,,Major Arterial,Toronto and East York,43.651445,-79.37509,,No Control,Rain,Daylight,Wet,Non-Fatal Injury,Approaching,Driver,40 to 44,None,,South,"Automobile, Station Wagon",Going Ahead,Driving Properly,Normal,,,,,,,,,Yes,Yes,,,,,,,,,,168,Downtown Yonge East,75,Church-Yonge Corridor (75),D51,631037.0914,4834442.6114
1396,3607006,941251,12/11/2006 10:00:00 AM,1813,ASHTONBEE RD,WARDEN AVE,,Collector,Scarborough,43.731145,-79.28679,,No Control,Clear,Dark,Dry,Non-Fatal Injury,SMV Other,Passenger,15 to 19,Major,,,Other,,,,,,,,,,,,Yes,,,,,Yes,Yes,Yes,,Yes,,119,Wexford/Maryvale,119,Wexford/Maryvale (119),D41,637975.0361,4843437.6463
1397,3607007,941251,12/11/2006 10:00:00 AM,1813,ASHTONBEE RD,WARDEN AVE,,Collector,Scarborough,43.731145,-79.28679,,No Control,Clear,Dark,Dry,Non-Fatal Injury,SMV Other,Driver,20 to 24,Minor,,West,"Automobile, Station Wagon",Going Ahead,Lost control,"Ability Impaired, Alcohol",,,,,,,,,Yes,,,,,Yes,Yes,Yes,,Yes,,119,Wexford/Maryvale,119,Wexford/Maryvale (119),D41,637975.0361,4843437.6463
1398,3607008,941251,12/11/2006 10:00:00 AM,1813,ASHTONBEE RD,WARDEN AVE,,Collector,Scarborough,43.731145,-79.28679,,No Control,Clear,Dark,Dry,Non-Fatal Injury,SMV Other,Vehicle Owner,unknown,None,,,Other,Parked,,,,,,,,,,,Yes,,,,,Yes,Yes,Yes,,Yes,,119,Wexford/Maryvale,119,Wexford/Maryvale (119),D41,637975.0361,4843437.6463
1399,3607009,941251,12/11/2006 10:00:00 AM,1813,ASHTONBEE RD,WARDEN AVE,,Collector,Scarborough,43.731145,-79.28679,,No Control,Clear,Dark,Dry,Non-Fatal Injury,SMV Other,Vehicle Owner,unknown,None,,,Other,Parked,,,,,,,,,,,Yes,,,,,Yes,Yes,Yes,,Yes,,119,Wexford/Maryvale,119,Wexford/Maryvale (119),D41,637975.0361,4843437.6463
1400,3532012,950050,12/13/2006 10:00:00 AM,605,FINCH AVE E,KENNEDY RD,,Major Arterial,Scarborough,43.801245,-79.29659,At Intersection,Traffic Signal,Rain,Dark,Wet,Non-Fatal Injury,Angle,Driver,60 to 64,Major,,South,"Automobile, Station Wagon",Going Ahead,Driving Properly,Normal,,,,,,,,,Yes,,,,,,,Yes,Yes,,,148,East L'Amoreaux,117,L'Amoreaux (117),D42,637025.616,4851207.0593
1401,3532013,950050,12/13/2006 10:00:00 AM,605,FINCH AVE E,KENNEDY RD,,Major Arterial,Scarborough,43.801245,-79.29659,At Intersection,Traffic Signal,Rain,Dark,Wet,Non-Fatal Injury,Angle,Driver,55 to 59,Major,,West,"Automobile, Station Wagon",Going Ahead,Disobeyed Traffic Control,Inattentive,,,,,,,,,Yes,,,,,,,Yes,Yes,,,148,East L'Amoreaux,117,L'Amoreaux (117),D42,637025.616,4851207.0593
1402,3532014,950050,12/13/2006 10:00:00 AM,605,FINCH AVE E,KENNEDY RD,,Major Arterial,Scarborough,43.801245,-79.29659,At Intersection,Traffic Signal,Rain,Dark,Wet,Non-Fatal Injury,Angle,Driver,30 to 34,None,,East,"Automobile, Station Wagon",Stopped,Driving Properly,Normal,,,,,,,,,Yes,,,,,,,Yes,Yes,,,148,East L'Amoreaux,117,L'Amoreaux (117),D42,637025.616,4851207.0593
1403,3569145,960364,12/16/2006 10:00:00 AM,100,ADELAIDE St E,PARLIAMENT St,,Major Arterial,Toronto and East York,43.653545,-79.36359,At Intersection,Traffic Controller,Clear,Dark,Dry,Non-Fatal Injury,Angle,Driver,15 to 19,Minimal,,East,"Automobile, Station Wagon",Going Ahead,Disobeyed Traffic Control,Had Been Drinking,,,,,,,,,Yes,,,,,,Yes,Yes,,,,73,Moss Park,73,Moss Park (73),D51,631959.8928,4834694.0682
1404,3569146,960364,12/16/2006 10:00:00 AM,100,ADELAIDE St E,PARLIAMENT St,,Major Arterial,Toronto and East York,43.653545,-79.36359,At Intersection,Traffic Controller,Clear,Dark,Dry,Non-Fatal Injury,Angle,Driver,35 to 39,Major,,North,"Automobile, Station Wagon",Going Ahead,Driving Properly,Normal,,,,,,,,,Yes,,,,,,Yes,Yes,,,,73,Moss Park,73,Moss Park (73),D51,631959.8928,4834694.0682
1405,3569147,960364,12/16/2006 10:00:00 AM,100,ADELAIDE St E,PARLIAMENT St,,Major Arterial,Toronto and East York,43.653545,-79.36359,At Intersection,Traffic Controller,Clear,Dark,Dry,Non-Fatal Injury,Angle,Vehicle Owner,unknown,None,,,Other,,,,,,,,,,,,Yes,,,,,,Yes,Yes,,,,73,Moss Park,73,Moss Park (73),D51,631959.8928,4834694.0682
1406,3569148,960364,12/16/2006 10:00:00 AM,100,ADELAIDE St E,PARLIAMENT St,,Major Arterial,Toronto and East York,43.653545,-79.36359,At Intersection,Traffic Controller,Clear,Dark,Dry,Non-Fatal Injury,Angle,Driver,35 to 39,None,,North,"Automobile, Station Wagon",Going Ahead,Driving Properly,Normal,,,,,,,,,Yes,,,,,,Yes,Yes,,,,73,Moss Park,73,Moss Park (73),D51,631959.8928,4834694.0682
1407,3520963,942334,12/16/2006 10:00:00 AM,1902,F G GARDINER XY  W,GARDINER X W 427 X N RAMP,,,Etobicoke York,43.616445,-79.53369,,No Control,Clear,Dark,Dry,Non-Fatal Injury,Sideswipe,Driver,20 to 24,Major,,West,"Automobile, Station Wagon",Changing Lanes,Improper Lane Change,Normal,,,,,,,,,Yes,,,,,,Yes,Yes,,,,20,Alderwood,20,Alderwood (20),D22,618315.7105,4830317.2089
1408,3520964,942334,12/16/2006 10:00:00 AM,1902,F G GARDINER XY  W,GARDINER X W 427 X N RAMP,,,Etobicoke York,43.616445,-79.53369,,No Control,Clear,Dark,Dry,Non-Fatal Injury,Sideswipe,Driver,40 to 44,Minimal,,West,"Automobile, Station Wagon",Going Ahead,Driving Properly,Normal,,,,,,,,,Yes,,,,,,Yes,Yes,,,,20,Alderwood,20,Alderwood (20),D22,618315.7105,4830317.2089
1409,3614421,946237,12/17/2006 10:00:00 AM,1355,WILSON AVE,ELROSE AVE,,Major Arterial,Etobicoke York,43.717445,-79.52409,,No Control,Clear,Daylight,Dry,Non-Fatal Injury,Turning Movement,Driver,75 to 79,Major,,North,"Automobile, Station Wagon",Turning Left,Failed to Yield Right of Way,Normal,,,,,,,,,Yes,,,,,Yes,,Yes,,,,154,Oakdale-Beverley Heights,26,Downsview-Roding-CFB (26),D31,618890.779,4841548.3005
1410,3614422,946237,12/17/2006 10:00:00 AM,1355,WILSON AVE,ELROSE AVE,,Major Arterial,Etobicoke York,43.717445,-79.52409,,No Control,Clear,Daylight,Dry,Non-Fatal Injury,Turning Movement,Passenger,40 to 44,Minor,,,Other,,,,,,,,,,,,Yes,,,,,Yes,,Yes,,,,154,Oakdale-Beverley Heights,26,Downsview-Roding-CFB (26),D31,618890.779,4841548.3005
1411,3614423,946237,12/17/2006 10:00:00 AM,1355,WILSON AVE,ELROSE AVE,,Major Arterial,Etobicoke York,43.717445,-79.52409,,No Control,Clear,Daylight,Dry,Non-Fatal Injury,Turning Movement,Passenger,35 to 39,Minor,,,Other,,,,,,,,,,,,Yes,,,,,Yes,,Yes,,,,154,Oakdale-Beverley Heights,26,Downsview-Roding-CFB (26),D31,618890.779,4841548.3005
1412,3614424,946237,12/17/2006 10:00:00 AM,1355,WILSON AVE,ELROSE AVE,,Major Arterial,Etobicoke York,43.717445,-79.52409,,No Control,Clear,Daylight,Dry,Non-Fatal Injury,Turning Movement,Driver,20 to 24,Minor,,East,"Automobile, Station Wagon",Going Ahead,Driving Properly,Normal,,,,,,,,,Yes,,,,,Yes,,Yes,,,,154,Oakdale-Beverley Heights,26,Downsview-Roding-CFB (26),D31,618890.779,4841548.3005
1413,3521272,942452,12/17/2006 10:00:00 AM,1922,LAKE SHORE BLVD E,LOWER JARVIS ST,,Major Arterial,Toronto and East York,43.645645,-79.36989,At Intersection,Traffic Signal,Clear,Dark,Dry,Non-Fatal Injury,Pedestrian Collisions,Passenger,25 to 29,None,,,Other,,,,,,,,,,Yes,,Yes,,,,,Yes,,,,,,166,St Lawrence-East Bayfront-The Islands,77,Waterfront Communities-The Island (77),D51,631469.0911,4833806.6699
1414,3521273,942452,12/17/2006 10:00:00 AM,1922,LAKE SHORE BLVD E,LOWER JARVIS ST,,Major Arterial,Toronto and East York,43.645645,-79.36989,At Intersection,Traffic Signal,Clear,Dark,Dry,Non-Fatal Injury,Pedestrian Collisions,Passenger,25 to 29,None,,,Other,,,,,,,,,,Yes,,Yes,,,,,Yes,,,,,,166,St Lawrence-East Bayfront-The Islands,77,Waterfront Communities-The Island (77),D51,631469.0911,4833806.6699
1415,3521274,942452,12/17/2006 10:00:00 AM,1922,LAKE SHORE BLVD E,LOWER JARVIS ST,,Major Arterial,Toronto and East York,43.645645,-79.36989,At Intersection,Traffic Signal,Clear,Dark,Dry,Non-Fatal Injury,Pedestrian Collisions,Driver,45 to 49,None,,East,"Automobile, Station Wagon",Going Ahead,Driving Properly,Normal,,,,,,,Yes,,Yes,,,,,Yes,,,,,,166,St Lawrence-East Bayfront-The Islands,77,Waterfront Communities-The Island (77),D51,631469.0911,4833806.6699
1416,3521275,942452,12/17/2006 10:00:00 AM,1922,LAKE SHORE BLVD E,LOWER JARVIS ST,,Major Arterial,Toronto and East York,43.645645,-79.36989,At Intersection,Traffic Signal,Clear,Dark,Dry,Non-Fatal Injury,Pedestrian Collisions,Pedestrian,15 to 19,Major,,South,Other,,,,Vehicle is going straight thru inter.while ped cross without ROW,Crossing without right of way,Normal,,,,Yes,,Yes,,,,,Yes,,,,,,166,St Lawrence-East Bayfront-The Islands,77,Waterfront Communities-The Island (77),D51,631469.0911,4833806.6699