OBJECTID,INDEX,ACCNUM,DATE,TIME,STREET1,STREET2,OFFSET,ROAD_CLASS,DISTRICT,LATITUDE,LONGITUDE,ACCLOC,TRAFFCTL,VISIBILITY,LIGHT,RDSFCOND,ACCLASS,IMPACTYPE,INVTYPE,INVAGE,INJURY,FATAL_NO,INITDIR,VEHTYPE,MANOEUVER,DRIVACT,DRIVCOND,PEDTYPE,PEDACT,PEDCOND,CYCLISTYPE,CYCACT,CYCCOND,PEDESTRIAN,CYCLIST,AUTOMOBILE,MOTORCYCLE,TRUCK,TRSN_CITY_VEH,EMERG_VEH,PASSENGER,SPEEDING,AG_DRIV,REDLIGHT,ALCOHOL,DISABILITY,HOOD_158,NEIGHBOURHOOD_158,HOOD_140,NEIGHBOURHOOD_140,DIVISION,x,y
1417,3615350,946585,12/19/2006 10:00:00 AM,1200,WARDEN AVE,BAMBURGH CRCL,,Major Arterial,Scarborough,43.816145,-79.32459,At Intersection,Traffic Signal,Clear,Daylight,Dry,Non-Fatal Injury,Angle,Driver,35 to 39,Major,,West,"Automobile, Station Wagon",Slowing or Stopping,Driving Properly,Normal,,,,,,,,,Yes,,,,,Yes,,Yes,Yes,,,116,Steeles,116,Steeles (116),D42,634739.7099,4852815.9619
1418,3615351,946585,12/19/2006 10:00:00 AM,1200,WARDEN AVE,BAMBURGH CRCL,,Major Arterial,Scarborough,43.816145,-79.32459,At Intersection,Traffic Signal,Clear,Daylight,Dry,Non-Fatal Injury,Angle,Passenger,60 to 64,Major,,,Other,,,,,,,,,,,,Yes,,,,,Yes,,Yes,Yes,,,116,Steeles,116,Steeles (116),D42,634739.7099,4852815.9619
1419,3615352,946585,12/19/2006 10:00:00 AM,1200,WARDEN AVE,BAMBURGH CRCL,,Major Arterial,Scarborough,43.816145,-79.32459,At Intersection,Traffic Signal,Clear,Daylight,Dry,Non-Fatal Injury,Angle,Passenger,80 to 84,Major,,,Other,,,,,,,,,,,,Yes,,,,,Yes,,Yes,Yes,,,116,Steeles,116,Steeles (116),D42,634739.7099,4852815.9619
1420,3615353,946585,12/19/2006 10:00:00 AM,1200,WARDEN AVE,BAMBURGH CRCL,,Major Arterial,Scarborough,43.816145,-79.32459,At Intersection,Traffic Signal,Clear,Daylight,Dry,Non-Fatal Injury,Angle,Vehicle Owner,unknown,None,,,Other,,,,,,,,,,,,Yes,,,,,Yes,,Yes,Yes,,,116,Steeles,116,Steeles (116),D42,634739.7099,4852815.9619
1421,3615354,946585,12/19/2006 10:00:00 AM,1200,WARDEN AVE,BAMBURGH CRCL,,Major Arterial,Scarborough,43.816145,-79.32459,At Intersection,Traffic Signal,Clear,Daylight,Dry,Non-Fatal Injury,Angle,Driver,50 to 54,Major,,South,"Automobile, Station Wagon",Going Ahead,Disobeyed Traffic Control,Normal,,,,,,,,,Yes,,,,,Yes,,Yes,Yes,,,116,Steeles,116,Steeles (116),D42,634739.7099,4852815.9619
1422,3615355,946585,12/19/2006 10:00:00 AM,1200,WARDEN AVE,BAMBURGH CRCL,,Major Arterial,Scarborough,43.816145,-79.32459,At Intersection,Traffic Signal,Clear,Daylight,Dry,Non-Fatal Injury,Angle,Driver,40 to 44,Major,,East,"Automobile, Station Wagon",Going Ahead,Driving Properly,Normal,,,,,,,,,Yes,,,,,Yes,,Yes,Yes,,,116,Steeles,116,Steeles (116),D42,634739.7099,4852815.9619
1423,3613088,945718,12/19/2006 10:00:00 AM,1855,WILLOWDALE AVE,BYNG AVE,,Minor Arterial,North York,43.778545,-79.40579,,Traffic Signal,Clear,Dark,Dry,Non-Fatal Injury,Pedestrian Collisions,Driver,40 to 44,None,,West,"Automobile, Station Wagon",Turning Left,Failed to Yield Right of Way,Inattentive,,,,,,,Yes,,Yes,,,,,,,Yes,,,,152,East Willowdale,51,Willowdale East (51),D32,628289.8306,4848510.8528
1424,3613089,945718,12/19/2006 10:00:00 AM,1855,WILLOWDALE AVE,BYNG AVE,,Minor Arterial,North York,43.778545,-79.40579,,Traffic Signal,Clear,Dark,Dry,Non-Fatal Injury,Pedestrian Collisions,Pedestrian,45 to 49,Major,,East,Other,,,,Vehicle turns left while ped crosses with ROW at inter.,Crossing with right of way,Normal,,,,Yes,,Yes,,,,,,,Yes,,,,152,East Willowdale,51,Willowdale East (51),D32,628289.8306,4848510.8528
1425,3612914,945654,12/19/2006 10:00:00 AM,2000,39 WESTHAMPTON DR,,,Local,Etobicoke York,43.702945,-79.55629,,No Control,Clear,Dark,Dry,Non-Fatal Injury,SMV Unattended Vehicle,Vehicle Owner,unknown,None,,,Other,Parked,,,,,,,,,,,Yes,,,,,Yes,,,,,,6,Kingsview Village-The Westway,6,Kingsview Village-The Westway (6),D23,616324.9602,4839892.1925
1426,3612915,945654,12/19/2006 10:00:00 AM,2000,39 WESTHAMPTON DR,,,Local,Etobicoke York,43.702945,-79.55629,,No Control,Clear,Dark,Dry,Non-Fatal Injury,SMV Unattended Vehicle,Passenger,15 to 19,Major,,,Other,,,,,,,,,,,,Yes,,,,,Yes,,,,,,6,Kingsview Village-The Westway,6,Kingsview Village-The Westway (6),D23,616324.9602,4839892.1925
1427,3612916,945654,12/19/2006 10:00:00 AM,2000,39 WESTHAMPTON DR,,,Local,Etobicoke York,43.702945,-79.55629,,No Control,Clear,Dark,Dry,Non-Fatal Injury,SMV Unattended Vehicle,Vehicle Owner,unknown,None,,,Other,,,,,,,,,,,,Yes,,,,,Yes,,,,,,6,Kingsview Village-The Westway,6,Kingsview Village-The Westway (6),D23,616324.9602,4839892.1925
1428,3612917,945654,12/19/2006 10:00:00 AM,2000,39 WESTHAMPTON DR,,,Local,Etobicoke York,43.702945,-79.55629,,No Control,Clear,Dark,Dry,Non-Fatal Injury,SMV Unattended Vehicle,Driver,20 to 24,Minor,,East,"Automobile, Station Wagon",Slowing or Stopping,Lost control,Normal,,,,,,,,,Yes,,,,,Yes,,,,,,6,Kingsview Village-The Westway,6,Kingsview Village-The Westway (6),D23,616324.9602,4839892.1925
1429,3613021,945694,12/20/2006 10:00:00 AM,1023,DUNDAS ST W,PALMERSTON AVE,,Major Arterial,Toronto and East York,43.651745,-79.40849,At Intersection,Pedestrian Crossover,Clear,Daylight,Dry,Non-Fatal Injury,Pedestrian Collisions,Driver,50 to 54,None,,South,"Automobile, Station Wagon",Turning Left,Failed to Yield Right of Way,Unknown,,,,,,,Yes,,Yes,,,,,,,Yes,,,,81,Trinity-Bellwoods,81,Trinity-Bellwoods (81),D14,628342.9591,4834423.7305
1430,3613022,945694,12/20/2006 10:00:00 AM,1023,DUNDAS ST W,PALMERSTON AVE,,Major Arterial,Toronto and East York,43.651745,-79.40849,At Intersection,Pedestrian Crossover,Clear,Daylight,Dry,Non-Fatal Injury,Pedestrian Collisions,Pedestrian,45 to 49,Major,,North,Other,,,,Pedestrian hit a PXO/ped. Mid-block signal,"Crossing, Pedestrian Crossover",Normal,,,,Yes,,Yes,,,,,,,Yes,,,,81,Trinity-Bellwoods,81,Trinity-Bellwoods (81),D14,628342.9591,4834423.7305
1431,3615444,946614,12/20/2006 10:00:00 AM,1043,MCCOWAN RD,SANDHURST CRCL,,Major Arterial,Scarborough,43.811645,-79.26919,,Traffic Signal,Clear,Daylight,Dry,Non-Fatal Injury,Angle,Driver,35 to 39,Major,,North,"Automobile, Station Wagon",Going Ahead,Disobeyed Traffic Control,Normal,,,,,,,,,Yes,,,,,Yes,,Yes,Yes,,,129,Agincourt North,129,Agincourt North (129),D42,639205.588,4852407.8828
1432,3615445,946614,12/20/2006 10:00:00 AM,1043,MCCOWAN RD,SANDHURST CRCL,,Major Arterial,Scarborough,43.811645,-79.26919,,Traffic Signal,Clear,Daylight,Dry,Non-Fatal Injury,Angle,Driver,40 to 44,Major,,West,"Automobile, Station Wagon",Going Ahead,Driving Properly,Normal,,,,,,,,,Yes,,,,,Yes,,Yes,Yes,,,129,Agincourt North,129,Agincourt North (129),D42,639205.588,4852407.8828
1433,3615446,946614,12/20/2006 10:00:00 AM,1043,MCCOWAN RD,SANDHURST CRCL,,Major Arterial,Scarborough,43.811645,-79.26919,,Traffic Signal,Clear,Daylight,Dry,Non-Fatal Injury,Angle,Passenger,5 to 9,Major,,,Other,,,,,,,,,,,,Yes,,,,,Yes,,Yes,Yes,,,129,Agincourt North,129,Agincourt North (129),D42,639205.588,4852407.8828
1434,3615447,946614,12/20/2006 10:00:00 AM,1043,MCCOWAN RD,SANDHURST CRCL,,Major Arterial,Scarborough,43.811645,-79.26919,,Traffic Signal,Clear,Daylight,Dry,Non-Fatal Injury,Angle,Driver,60 to 64,Major,,South,"Automobile, Station Wagon",Going Ahead,Driving Properly,Normal,,,,,,,,,Yes,,,,,Yes,,Yes,Yes,,,129,Agincourt North,129,Agincourt North (129),D42,639205.588,4852407.8828
1435,3612979,945676,12/20/2006 10:00:00 AM,1420,EMERSON AVE,WALLACE AVE,,Collector,Toronto and East York,43.662745,-79.44239,At Intersection,Stop Sign,Clear,Daylight,Dry,Non-Fatal Injury,Cyclist Collisions,Cyclist,55 to 59,Major,,West,Bicycle,Going Ahead,,,,,,"Cyclist without ROW rides into path of motorist at inter, lnwy, dwy-Cyclist not turn.",Disobeyed Traffic Control,Normal,,Yes,,,,Yes,,,,,,,,171,Junction-Wallace Emerson,93,Dovercourt-Wallace Emerson-Junction (93),D11,625586.2264,4835593.5523
1436,3612980,945676,12/20/2006 10:00:00 AM,1420,EMERSON AVE,WALLACE AVE,,Collector,Toronto and East York,43.662745,-79.44239,At Intersection,Stop Sign,Clear,Daylight,Dry,Non-Fatal Injury,Cyclist Collisions,Vehicle Owner,unknown,,,,Other,,,,,,,,,,,Yes,,,,Yes,,,,,,,,171,Junction-Wallace Emerson,93,Dovercourt-Wallace Emerson-Junction (93),D11,625586.2264,4835593.5523
1437,3612981,945676,12/20/2006 10:00:00 AM,1420,EMERSON AVE,WALLACE AVE,,Collector,Toronto and East York,43.662745,-79.44239,At Intersection,Stop Sign,Clear,Daylight,Dry,Non-Fatal Injury,Cyclist Collisions,Driver,40 to 44,None,,South,Municipal Transit Bus (TTC),Going Ahead,Driving Properly,Normal,,,,,,,,Yes,,,,Yes,,,,,,,,171,Junction-Wallace Emerson,93,Dovercourt-Wallace Emerson-Junction (93),D11,625586.2264,4835593.5523
1438,3613443,945854,12/22/2006 10:00:00 AM,1645,VICTORIA ST,RICHMOND ST E,,Major Arterial,Toronto and East York,43.651945,-79.37779,,Traffic Signal,Rain,Dark,Wet,Non-Fatal Injury,Pedestrian Collisions,Driver,50 to 54,None,,North,"Automobile, Station Wagon",Turning Left,Driving Properly,Normal,,,,,,,Yes,,Yes,,,,,,,,,,,168,Downtown Yonge East,75,Church-Yonge Corridor (75),D51,630818.2682,4834493.8829
1439,3613444,945854,12/22/2006 10:00:00 AM,1645,VICTORIA ST,RICHMOND ST E,,Major Arterial,Toronto and East York,43.651945,-79.37779,,Traffic Signal,Rain,Dark,Wet,Non-Fatal Injury,Pedestrian Collisions,Pedestrian,75 to 79,Major,,East,Other,,,,Vehicle turns left while ped crosses without ROW at inter.,Crossing without right of way,Inattentive,,,,Yes,,Yes,,,,,,,,,,,168,Downtown Yonge East,75,Church-Yonge Corridor (75),D51,630818.2682,4834493.8829
1440,3613893,946028,12/23/2006 10:00:00 AM,425,BIRCHMOUNT RD,ELLESMERE RD,,Major Arterial,Scarborough,43.763445,-79.29139,,Traffic Signal,Clear,Dark,Wet,Non-Fatal Injury,Rear End,Driver,45 to 49,None,,East,"Automobile, Station Wagon",Going Ahead,Disobeyed Traffic Control,Normal,,,,,,,,,Yes,,,,,Yes,,Yes,Yes,,,119,Wexford/Maryvale,119,Wexford/Maryvale (119),D41,637530.5704,4847017.399
1441,3613894,946028,12/23/2006 10:00:00 AM,425,BIRCHMOUNT RD,ELLESMERE RD,,Major Arterial,Scarborough,43.763445,-79.29139,,Traffic Signal,Clear,Dark,Wet,Non-Fatal Injury,Rear End,Passenger,40 to 44,Major,,,Other,,,,,,,,,,,,Yes,,,,,Yes,,Yes,Yes,,,119,Wexford/Maryvale,119,Wexford/Maryvale (119),D41,637530.5704,4847017.399
1442,3613895,946028,12/23/2006 10:00:00 AM,425,BIRCHMOUNT RD,ELLESMERE RD,,Major Arterial,Scarborough,43.763445,-79.29139,,Traffic Signal,Clear,Dark,Wet,Non-Fatal Injury,Rear End,Driver,30 to 34,Minor,,North,"Automobile, Station Wagon",Going Ahead,Driving Properly,Normal,,,,,,,,,Yes,,,,,Yes,,Yes,Yes,,,119,Wexford/Maryvale,119,Wexford/Maryvale (119),D41,637530.5704,4847017.399
1443,3609252,943986,12/23/2006 10:00:00 AM,1809,O CONNOR DR,LEAFY WOODWAY,,Major Arterial,North York,43.722245,-79.30359,,No Control,Rain,Dark,Wet,Fatal,Pedestrian Collisions,Vehicle Owner,unknown,,,,Other,,,,,,,,,,Yes,,Yes,,,,,,,,,,,43,Victoria Village,43,Victoria Village (43),D55,636642.2521,4842421.3327
1444,3609253,943986,12/23/2006 10:00:00 AM,1809,O CONNOR DR,LEAFY WOODWAY,,Major Arterial,North York,43.722245,-79.30359,,No Control,Rain,Dark,Wet,Fatal,Pedestrian Collisions,Driver,30 to 34,None,,East,Taxi,Going Ahead,Driving Properly,Normal,,,,,,,Yes,,Yes,,,,,,,,,,,43,Victoria Village,43,Victoria Village (43),D55,636642.2521,4842421.3327
1445,3609254,943986,12/23/2006 10:00:00 AM,1809,O CONNOR DR,LEAFY WOODWAY,,Major Arterial,North York,43.722245,-79.30359,,No Control,Rain,Dark,Wet,Fatal,Pedestrian Collisions,Pedestrian,65 to 69,Fatal,,North,Other,,,,Pedestrian hit at mid-block,"Crossing, no Traffic Control",Inattentive,,,,Yes,,Yes,,,,,,,,,,,43,Victoria Village,43,Victoria Village (43),D55,636642.2521,4842421.3327
1446,3614089,946102,12/24/2006 10:00:00 AM,30,YONGE ST,MC NAIRN AVE,,Major Arterial,North York,43.735745,-79.40489,,No Control,Clear,Dark,Dry,Non-Fatal Injury,Approaching,Driver,40 to 44,None,,South,"Automobile, Station Wagon",Going Ahead,Lost control,Medical or Physical Disability,,,,,,,,,Yes,,,,,Yes,,,,,Yes,105,Lawrence Park North,105,Lawrence Park North (105),D32,628453.8063,4843758.6668
1447,3614090,946102,12/24/2006 10:00:00 AM,30,YONGE ST,MC NAIRN AVE,,Major Arterial,North York,43.735745,-79.40489,,No Control,Clear,Dark,Dry,Non-Fatal Injury,Approaching,Driver,30 to 34,None,,North,"Automobile, Station Wagon",Going Ahead,Driving Properly,Normal,,,,,,,,,Yes,,,,,Yes,,,,,Yes,105,Lawrence Park North,105,Lawrence Park North (105),D32,628453.8063,4843758.6668
1448,3614091,946102,12/24/2006 10:00:00 AM,30,YONGE ST,MC NAIRN AVE,,Major Arterial,North York,43.735745,-79.40489,,No Control,Clear,Dark,Dry,Non-Fatal Injury,Approaching,Passenger,35 to 39,Minor,,,Other,,,,,,,,,,,,Yes,,,,,Yes,,,,,Yes,105,Lawrence Park North,105,Lawrence Park North (105),D32,628453.8063,4843758.6668
1449,3614092,946102,12/24/2006 10:00:00 AM,30,YONGE ST,MC NAIRN AVE,,Major Arterial,North York,43.735745,-79.40489,,No Control,Clear,Dark,Dry,Non-Fatal Injury,Approaching,Passenger,10 to 14,Minor,,,Other,,,,,,,,,,,,Yes,,,,,Yes,,,,,Yes,105,Lawrence Park North,105,Lawrence Park North (105),D32,628453.8063,4843758.6668
1450,3614093,946102,12/24/2006 10:00:00 AM,30,YONGE ST,MC NAIRN AVE,,Major Arterial,North York,43.735745,-79.40489,,No Control,Clear,Dark,Dry,Non-Fatal Injury,Approaching,Passenger,15 to 19,Minor,,,Other,,,,,,,,,,,,Yes,,,,,Yes,,,,,Yes,105,Lawrence Park North,105,Lawrence Park North (105),D32,628453.8063,4843758.6668
1451,3614094,946102,12/24/2006 10:00:00 AM,30,YONGE ST,MC NAIRN AVE,,Major Arterial,North York,43.735745,-79.40489,,No Control,Clear,Dark,Dry,Non-Fatal Injury,Approaching,Driver,40 to 44,Major,,North,"Automobile, Station Wagon",Going Ahead,Driving Properly,Normal,,,,,,,,,Yes,,,,,Yes,,,,,Yes,105,Lawrence Park North,105,Lawrence Park North (105),D32,628453.8063,4843758.6668
1452,3609319,944033,12/24/2006 10:00:00 AM,820,35 BRAYWIN DR,,,Local,Etobicoke York,43.700245,-79.53629,,No Control,Clear,Daylight,Dry,Non-Fatal Injury,SMV Other,Driver,90 to 94,Major,,West,"Automobile, Station Wagon",Unknown,Driving Properly,Medical or Physical Disability,,,,,,,,,Yes,,,,,,,,,,Yes,6,Kingsview Village-The Westway,6,Kingsview Village-The Westway (6),D23,617941.7389,4839620.5761
1453,3552176,944038,12/24/2006 10:00:00 AM,850,MARKHAM RD,PAINTED POST DR,,Major Arterial,Scarborough,43.767545,-79.22839,At Intersection,Traffic Signal,Clear,Daylight,Dry,Fatal,Angle,Vehicle Owner,unknown,,,,Other,,,,,,,,,,,,Yes,,,,,,,Yes,Yes,,,142,Woburn North,137,Woburn (137),D43,642591.9255,4847579.3285
1454,3552177,944038,12/24/2006 10:00:00 AM,850,MARKHAM RD,PAINTED POST DR,,Major Arterial,Scarborough,43.767545,-79.22839,At Intersection,Traffic Signal,Clear,Daylight,Dry,Fatal,Angle,Driver,25 to 29,Minor,,North,"Automobile, Station Wagon",Going Ahead,Disobeyed Traffic Control,Normal,,,,,,,,,Yes,,,,,,,Yes,Yes,,,142,Woburn North,137,Woburn (137),D43,642591.9255,4847579.3285
1455,3552178,944038,12/24/2006 10:00:00 AM,850,MARKHAM RD,PAINTED POST DR,,Major Arterial,Scarborough,43.767545,-79.22839,At Intersection,Traffic Signal,Clear,Daylight,Dry,Fatal,Angle,Driver,40 to 44,Fatal,,West,"Automobile, Station Wagon",Going Ahead,Driving Properly,Unknown,,,,,,,,,Yes,,,,,,,Yes,Yes,,,142,Woburn North,137,Woburn (137),D43,642591.9255,4847579.3285
1456,3614016,946073,12/24/2006 10:00:00 AM,1350,52 RANEE AVE,,,Collector,North York,43.726345,-79.43439,,No Control,Clear,Daylight,Dry,Non-Fatal Injury,Approaching,Driver,55 to 59,Minor,,East,"Automobile, Station Wagon",Going Ahead,Lost control,Fatigue,,,,,,,,,Yes,,,,,,,,,,,32,Englemount-Lawrence,32,Englemount-Lawrence (32),D32,626097.8823,4842669.3491
1457,3614017,946073,12/24/2006 10:00:00 AM,1350,52 RANEE AVE,,,Collector,North York,43.726345,-79.43439,,No Control,Clear,Daylight,Dry,Non-Fatal Injury,Approaching,Driver,40 to 44,Major,,West,"Automobile, Station Wagon",Going Ahead,Driving Properly,Normal,,,,,,,,,Yes,,,,,,,,,,,32,Englemount-Lawrence,32,Englemount-Lawrence (32),D32,626097.8823,4842669.3491
1458,3614018,946073,12/24/2006 10:00:00 AM,1350,52 RANEE AVE,,,Collector,North York,43.726345,-79.43439,,No Control,Clear,Daylight,Dry,Non-Fatal Injury,Approaching,Other Property Owner,unknown,None,,,Other,,,,,,,,,,,,Yes,,,,,,,,,,,32,Englemount-Lawrence,32,Englemount-Lawrence (32),D32,626097.8823,4842669.3491
1459,3537467,950128,12/24/2006 10:00:00 AM,1933,STEELES AVE E,REDLEA AVE,,Major Arterial,Scarborough,43.824145,-79.30509,,No Control,Clear,Dark,Dry,Non-Fatal Injury,Pedestrian Collisions,Driver,30 to 34,None,,West,"Automobile, Station Wagon",Going Ahead,Driving Properly,Normal,,,,,,,Yes,,Yes,,,,,,,,,,,130,Milliken,130,Milliken (130),D42,636289.7491,4853736.4361
1460,3537468,950128,12/24/2006 10:00:00 AM,1933,STEELES AVE E,REDLEA AVE,,Major Arterial,Scarborough,43.824145,-79.30509,,No Control,Clear,Dark,Dry,Non-Fatal Injury,Pedestrian Collisions,Pedestrian,30 to 34,Major,,South,Other,,,,Pedestrian hit at mid-block,"Crossing, no Traffic Control",Inattentive,,,,Yes,,Yes,,,,,,,,,,,130,Milliken,130,Milliken (130),D42,636289.7491,4853736.4361
1461,3609269,944001,12/24/2006 10:00:00 AM,2259,ROSEDALE VALLEY RD,BAYVIEW AVE,,Minor Arterial,Toronto and East York,43.671545,-79.36549,,No Control,Rain,Dark,Wet,Non-Fatal Injury,SMV Other,Passenger,20 to 24,Minor,,,Other,,,,,,,,,,,,Yes,,,,,Yes,Yes,Yes,,,,71,Cabbagetown-South St.James Town,71,Cabbagetown-South St.James Town (71),D51,631767.2902,4836690.1891
1462,3609270,944001,12/24/2006 10:00:00 AM,2259,ROSEDALE VALLEY RD,BAYVIEW AVE,,Minor Arterial,Toronto and East York,43.671545,-79.36549,,No Control,Rain,Dark,Wet,Non-Fatal Injury,SMV Other,Vehicle Owner,unknown,None,,,Other,,,,,,,,,,,,Yes,,,,,Yes,Yes,Yes,,,,71,Cabbagetown-South St.James Town,71,Cabbagetown-South St.James Town (71),D51,631767.2902,4836690.1891
1463,3609271,944001,12/24/2006 10:00:00 AM,2259,ROSEDALE VALLEY RD,BAYVIEW AVE,,Minor Arterial,Toronto and East York,43.671545,-79.36549,,No Control,Rain,Dark,Wet,Non-Fatal Injury,SMV Other,Driver,25 to 29,Major,,West,"Automobile, Station Wagon",Going Ahead,Speed too Fast For Condition,Normal,,,,,,,,,Yes,,,,,Yes,Yes,Yes,,,,71,Cabbagetown-South St.James Town,71,Cabbagetown-South St.James Town (71),D51,631767.2902,4836690.1891
1464,3609272,944001,12/24/2006 10:00:00 AM,2259,ROSEDALE VALLEY RD,BAYVIEW AVE,,Minor Arterial,Toronto and East York,43.671545,-79.36549,,No Control,Rain,Dark,Wet,Non-Fatal Injury,SMV Other,Vehicle Owner,unknown,None,,,Other,,,,,,,,,,,,Yes,,,,,Yes,Yes,Yes,,,,71,Cabbagetown-South St.James Town,71,Cabbagetown-South St.James Town (71),D51,631767.2902,4836690.1891
1465,3614443,946244,12/25/2006 10:00:00 AM,114,123 REXDALE BLVD,,,Major Arterial,Etobicoke York,43.712045,-79.56509,,Stop Sign,Clear,Dark,Dry,Non-Fatal Injury,Turning Movement,Vehicle Owner,unknown,None,,,Other,,,,,,,,,,,,Yes,,,,,Yes,,,,,,1,West Humber-Clairville,1,West Humber-Clairville (1),D23,615598.4138,4840890.563
1466,3614444,946244,12/25/2006 10:00:00 AM,114,123 REXDALE BLVD,,,Major Arterial,Etobicoke York,43.712045,-79.56509,,Stop Sign,Clear,Dark,Dry,Non-Fatal Injury,Turning Movement,Driver,20 to 24,None,,North,"Automobile, Station Wagon",Turning Left,Improper Turn,Normal,,,,,,,,,Yes,,,,,Yes,,,,,,1,West Humber-Clairville,1,West Humber-Clairville (1),D23,615598.4138,4840890.563
1467,3614445,946244,12/25/2006 10:00:00 AM,114,123 REXDALE BLVD,,,Major Arterial,Etobicoke York,43.712045,-79.56509,,Stop Sign,Clear,Dark,Dry,Non-Fatal Injury,Turning Movement,Passenger,65 to 69,Major,,,Other,,,,,,,,,,,,Yes,,,,,Yes,,,,,,1,West Humber-Clairville,1,West Humber-Clairville (1),D23,615598.4138,4840890.563
1468,3614446,946244,12/25/2006 10:00:00 AM,114,123 REXDALE BLVD,,,Major Arterial,Etobicoke York,43.712045,-79.56509,,Stop Sign,Clear,Dark,Dry,Non-Fatal Injury,Turning Movement,Driver,55 to 59,Major,,East,"Automobile, Station Wagon",Going Ahead,Driving Properly,Normal,,,,,,,,,Yes,,,,,Yes,,,,,,1,West Humber-Clairville,1,West Humber-Clairville (1),D23,615598.4138,4840890.563
1469,3609429,944085,12/25/2006 10:00:00 AM,2205,EGLINTON AVE E,KENNEDY RD,,Major Arterial,Scarborough,43.732145,-79.26789,At Intersection,Traffic Signal,Rain,Dark,Wet,Non-Fatal Injury,Pedestrian Collisions,Driver,45 to 49,None,,East,"Automobile, Station Wagon",Going Ahead,Driving Properly,Normal,,,,,,,Yes,,Yes,,,,,,,,,,,124,Kennedy Park,124,Kennedy Park (124),D41,639494.862,4843580.357
1470,3609430,944085,12/25/2006 10:00:00 AM,2205,EGLINTON AVE E,KENNEDY RD,,Major Arterial,Scarborough,43.732145,-79.26789,At Intersection,Traffic Signal,Rain,Dark,Wet,Non-Fatal Injury,Pedestrian Collisions,Pedestrian,45 to 49,Major,,North,Other,,,,Vehicle is going straight thru inter.while ped cross without ROW,Crossing without right of way,Unknown,,,,Yes,,Yes,,,,,,,,,,,124,Kennedy Park,124,Kennedy Park (124),D41,639494.862,4843580.357
1471,3571561,961325,12/27/2006 10:00:00 AM,2022,25 THE WEST MALL,,,Minor Arterial,Etobicoke York,43.610745,-79.56149,,Traffic Signal,Rain,Dark,Wet,Non-Fatal Injury,Pedestrian Collisions,Driver,unknown,None,,North,"Automobile, Station Wagon",Going Ahead,,,,,,,,,Yes,,Yes,,,,,,,,,,,159,Etobicoke City Centre,14,Islington-City Centre West (14),D22,616083.4922,4829644.9213
1472,3571562,961325,12/27/2006 10:00:00 AM,2022,25 THE WEST MALL,,,Minor Arterial,Etobicoke York,43.610745,-79.56149,,Traffic Signal,Rain,Dark,Wet,Non-Fatal Injury,Pedestrian Collisions,Pedestrian,unknown,Major,,,Other,Other,,,Unknown,,,,,,Yes,,Yes,,,,,,,,,,,159,Etobicoke City Centre,14,Islington-City Centre West (14),D22,616083.4922,4829644.9213
1473,3552215,944492,12/28/2006 10:00:00 AM,645,LAKE SHORE BLVD W,AQUATIC DR,,Major Arterial,Toronto and East York,43.630045,-79.42419,,No Control,Clear,Daylight,Dry,Non-Fatal Injury,SMV Other,Passenger,20 to 24,Major,,,Other,,,,,,,,,,,,Yes,,,,,Yes,,,,Yes,,163,Fort York-Liberty Village,82,Niagara (82),D14,627122.6197,4831989.5048
1474,3552216,944492,12/28/2006 10:00:00 AM,645,LAKE SHORE BLVD W,AQUATIC DR,,Major Arterial,Toronto and East York,43.630045,-79.42419,,No Control,Clear,Daylight,Dry,Non-Fatal Injury,SMV Other,Driver,20 to 24,Major,,West,"Automobile, Station Wagon",Going Ahead,Lost control,"Ability Impaired, Alcohol",,,,,,,,,Yes,,,,,Yes,,,,Yes,,163,Fort York-Liberty Village,82,Niagara (82),D14,627122.6197,4831989.5048
1475,3610663,944794,12/31/2006 10:00:00 AM,1741,LAWRENCE AVE W,BLACK CREEK DR,,Major Arterial,Etobicoke York,43.705245,-79.49289,,No Control,Rain,Dark,Wet,Non-Fatal Injury,Pedestrian Collisions,Driver,65 to 69,None,,East,"Automobile, Station Wagon",Going Ahead,Driving Properly,Other,,,,,,,Yes,,Yes,,,,,,,,,,,28,Rustic,28,Rustic (28),D12,621428.7257,4840238.5467
1476,3610664,944794,12/31/2006 10:00:00 AM,1741,LAWRENCE AVE W,BLACK CREEK DR,,Major Arterial,Etobicoke York,43.705245,-79.49289,,No Control,Rain,Dark,Wet,Non-Fatal Injury,Pedestrian Collisions,Pedestrian,50 to 54,Major,,South,Other,,,,Pedestrian hit at private driveway,"Crossing, no Traffic Control","Ability Impaired, Alcohol Over .80",,,,Yes,,Yes,,,,,,,,,,,28,Rustic,28,Rustic (28),D12,621428.7257,4840238.5467
1477,3619120,948014,12/31/2006 10:00:00 AM,1848,2540 EGLINTON AVE E,,,Major Arterial,Scarborough,43.734945,-79.25609,,No Control,Rain,Dark,Wet,Non-Fatal Injury,Pedestrian Collisions,Vehicle Owner,unknown,,,,Other,,,,,,,,,,Yes,,Yes,,,,,,Yes,Yes,,,,124,Kennedy Park,124,Kennedy Park (124),D41,640438.6367,4843911.2727
1478,3619121,948014,12/31/2006 10:00:00 AM,1848,2540 EGLINTON AVE E,,,Major Arterial,Scarborough,43.734945,-79.25609,,No Control,Rain,Dark,Wet,Non-Fatal Injury,Pedestrian Collisions,Driver,30 to 34,None,,East,"Automobile, Station Wagon",Going Ahead,Speed too Fast For Condition,Normal,,,,,,,Yes,,Yes,,,,,,Yes,Yes,,,,124,Kennedy Park,124,Kennedy Park (124),D41,640438.6367,4843911.2727
1479,3619122,948014,12/31/2006 10:00:00 AM,1848,2540 EGLINTON AVE E,,,Major Arterial,Scarborough,43.734945,-79.25609,,No Control,Rain,Dark,Wet,Non-Fatal Injury,Pedestrian Collisions,Pedestrian,15 to 19,Major,,South,Other,,,,Pedestrian hit at mid-block,"Crossing, no Traffic Control",Normal,,,,Yes,,Yes,,,,,,Yes,Yes,,,,124,Kennedy Park,124,Kennedy Park (124),D41,640438.6367,4843911.2727