OBJECTID,INDEX,ACCNUM,DATE,TIME,STREET1,STREET2,OFFSET,ROAD_CLASS,DISTRICT,LATITUDE,LONGITUDE,ACCLOC,TRAFFCTL,VISIBILITY,LIGHT,RDSFCOND,ACCLASS,IMPACTYPE,INVTYPE,INVAGE,INJURY,FATAL_NO,INITDIR,VEHTYPE,MANOEUVER,DRIVACT,DRIVCOND,PEDTYPE,PEDACT,PEDCOND,CYCLISTYPE,CYCACT,CYCCOND,PEDESTRIAN,CYCLIST,AUTOMOBILE,MOTORCYCLE,TRUCK,TRSN_CITY_VEH,EMERG_VEH,PASSENGER,SPEEDING,AG_DRIV,REDLIGHT,ALCOHOL,DISABILITY,HOOD_158,NEIGHBOURHOOD_158,HOOD_140,NEIGHBOURHOOD_140,DIVISION,x,y
1480,3610658,944792,12/31/2006 10:00:00 AM,1958,F G GARDINER XY  E,GRAND AVE,,,Etobicoke York,43.625745,-79.48839,,No Control,Rain,Dark,Wet,Non-Fatal Injury,SMV Other,Driver,50 to 54,Minimal,,East,"Automobile, Station Wagon",Going Ahead,Driving Properly,Normal,,,,,,,,,Yes,,,,,Yes,Yes,Yes,,,,161,Humber Bay Shores,17,Mimico (includes Humber Bay Shores) (17),D22,621952.17,4831415.63
1481,3610659,944792,12/31/2006 10:00:00 AM,1958,F G GARDINER XY  E,GRAND AVE,,,Etobicoke York,43.625745,-79.48839,,No Control,Rain,Dark,Wet,Non-Fatal Injury,SMV Other,Passenger,15 to 19,Major,,,Other,,,,,,,,,,,,Yes,,,,,Yes,Yes,Yes,,,,161,Humber Bay Shores,17,Mimico (includes Humber Bay Shores) (17),D22,621952.17,4831415.63
1482,3610660,944792,12/31/2006 10:00:00 AM,1958,F G GARDINER XY  E,GRAND AVE,,,Etobicoke York,43.625745,-79.48839,,No Control,Rain,Dark,Wet,Non-Fatal Injury,SMV Other,Passenger,15 to 19,Minor,,,Other,,,,,,,,,,,,Yes,,,,,Yes,Yes,Yes,,,,161,Humber Bay Shores,17,Mimico (includes Humber Bay Shores) (17),D22,621952.17,4831415.63
1483,3610661,944792,12/31/2006 10:00:00 AM,1958,F G GARDINER XY  E,GRAND AVE,,,Etobicoke York,43.625745,-79.48839,,No Control,Rain,Dark,Wet,Non-Fatal Injury,SMV Other,Driver,15 to 19,Minimal,,East,"Automobile, Station Wagon",Changing Lanes,Lost control,Normal,,,,,,,,,Yes,,,,,Yes,Yes,Yes,,,,161,Humber Bay Shores,17,Mimico (includes Humber Bay Shores) (17),D22,621952.17,4831415.63
1484,4118984,944795,1/1/2007 10:00:00 AM,330,DIXON RD,KELFIELD ST,,Major Arterial,Etobicoke York,43.690245,-79.57709,,Traffic Signal,Rain,Dark,Wet,Non-Fatal Injury,Pedestrian Collisions,Driver,25 to 29,None,,North,"Automobile, Station Wagon",Going Ahead,Driving Properly,Normal,,,,,,,Yes,,Yes,,,,,,,,,,,1,West Humber-Clairville,1,West Humber-Clairville (1),D23,614673.2212,4838452.7133
1485,4118985,944795,1/1/2007 10:00:00 AM,330,DIXON RD,KELFIELD ST,,Major Arterial,Etobicoke York,43.690245,-79.57709,,Traffic Signal,Rain,Dark,Wet,Non-Fatal Injury,Pedestrian Collisions,Pedestrian,70 to 74,Major,,East,Other,,,,Vehicle is going straight thru inter.while ped cross without ROW,Crossing without right of way,Inattentive,,,,Yes,,Yes,,,,,,,,,,,1,West Humber-Clairville,1,West Humber-Clairville (1),D23,614673.2212,4838452.7133
1486,4122658,948029,1/1/2007 10:00:00 AM,355,PARKSIDE DR,HIGH PARK BLVD,,Major Arterial,Toronto and East York,43.644845,-79.45629,,Traffic Signal,Rain,Dark,Wet,Non-Fatal Injury,Pedestrian Collisions,Driver,45 to 49,None,,South,"Automobile, Station Wagon",Going Ahead,Driving Properly,Normal,,,,,,,Yes,,Yes,,,,,,,,,,,87,High Park-Swansea,87,High Park-Swansea (87),D11,624502.4769,4833584.5785
1487,4122659,948029,1/1/2007 10:00:00 AM,355,PARKSIDE DR,HIGH PARK BLVD,,Major Arterial,Toronto and East York,43.644845,-79.45629,,Traffic Signal,Rain,Dark,Wet,Non-Fatal Injury,Pedestrian Collisions,Pedestrian,40 to 44,Major,,West,Other,,,,Vehicle is going straight thru inter.while ped cross without ROW,Crossing without right of way,Had Been Drinking,,,,Yes,,Yes,,,,,,,,,,,87,High Park-Swansea,87,High Park-Swansea (87),D11,624502.4769,4833584.5785
1488,4119011,944879,1/1/2007 10:00:00 AM,1645,SENLAC RD,ELLERSLIE AVE,,Minor Arterial,North York,43.768645,-79.42669,At Intersection,Stop Sign,Clear,Dusk,Wet,Non-Fatal Injury,Pedestrian Collisions,Passenger,15 to 19,None,,,Other,,,,,,,,,,Yes,,Yes,,,,,Yes,,Yes,,,,37,Willowdale West,37,Willowdale West (37),D32,626628.8366,4847379.1335
1489,4119012,944879,1/1/2007 10:00:00 AM,1645,SENLAC RD,ELLERSLIE AVE,,Minor Arterial,North York,43.768645,-79.42669,At Intersection,Stop Sign,Clear,Dusk,Wet,Non-Fatal Injury,Pedestrian Collisions,Driver,15 to 19,None,,South,"Automobile, Station Wagon",Going Ahead,Disobeyed Traffic Control,Normal,,,,,,,Yes,,Yes,,,,,Yes,,Yes,,,,37,Willowdale West,37,Willowdale West (37),D32,626628.8366,4847379.1335
1490,4119013,944879,1/1/2007 10:00:00 AM,1645,SENLAC RD,ELLERSLIE AVE,,Minor Arterial,North York,43.768645,-79.42669,At Intersection,Stop Sign,Clear,Dusk,Wet,Non-Fatal Injury,Pedestrian Collisions,Pedestrian,65 to 69,Major,,West,Other,,,,Vehicle is going straight thru inter.while ped cross with ROW,Crossing with right of way,Normal,,,,Yes,,Yes,,,,,Yes,,Yes,,,,37,Willowdale West,37,Willowdale West (37),D32,626628.8366,4847379.1335
1491,4119059,945089,1/2/2007 10:00:00 AM,1750,VICTORIA PARK AVE,HARE GT,,Major Arterial,North York,43.795945,-79.33269,At Intersection,No Control,Clear,Dark,Dry,Fatal,Pedestrian Collisions,Vehicle Owner,unknown,,,,Other,,,,,,,,,,Yes,,Yes,,,,,,,,,,,46,Pleasant View,46,Pleasant View (46),D33,634133.4915,4850559.2681
1492,4119060,945089,1/2/2007 10:00:00 AM,1750,VICTORIA PARK AVE,HARE GT,,Major Arterial,North York,43.795945,-79.33269,At Intersection,No Control,Clear,Dark,Dry,Fatal,Pedestrian Collisions,Driver,50 to 54,None,,North,"Automobile, Station Wagon",Going Ahead,Driving Properly,Normal,,,,,,,Yes,,Yes,,,,,,,,,,,46,Pleasant View,46,Pleasant View (46),D33,634133.4915,4850559.2681
1493,4119061,945089,1/2/2007 10:00:00 AM,1750,VICTORIA PARK AVE,HARE GT,,Major Arterial,North York,43.795945,-79.33269,At Intersection,No Control,Clear,Dark,Dry,Fatal,Pedestrian Collisions,Pedestrian,40 to 44,Fatal,,West,Other,,,,Vehicle is going straight thru inter.while ped cross without ROW,"Crossing, no Traffic Control",Unknown,,,,Yes,,Yes,,,,,,,,,,,46,Pleasant View,46,Pleasant View (46),D33,634133.4915,4850559.2681
1494,4123106,948249,1/3/2007 10:00:00 AM,1335,LAKE SHORE Blvd E,CARLAW Ave,,Major Arterial,Toronto and East York,43.654945,-79.33739,At Intersection,Traffic Signal,Clear,Daylight,Dry,Non-Fatal Injury,Rear End,Driver,80 to 84,Major,,East,"Automobile, Station Wagon",Going Ahead,Following too Close,Inattentive,,,,,,,,,Yes,,,,,,,Yes,,,,70,South Riverdale,70,South Riverdale (70),D55,634069.5657,4834891.5563
1495,4123107,948249,1/3/2007 10:00:00 AM,1335,LAKE SHORE Blvd E,CARLAW Ave,,Major Arterial,Toronto and East York,43.654945,-79.33739,At Intersection,Traffic Signal,Clear,Daylight,Dry,Non-Fatal Injury,Rear End,Vehicle Owner,unknown,None,,,Other,,,,,,,,,,,,Yes,,,,,,,Yes,,,,70,South Riverdale,70,South Riverdale (70),D55,634069.5657,4834891.5563
1496,4123108,948249,1/3/2007 10:00:00 AM,1335,LAKE SHORE Blvd E,CARLAW Ave,,Major Arterial,Toronto and East York,43.654945,-79.33739,At Intersection,Traffic Signal,Clear,Daylight,Dry,Non-Fatal Injury,Rear End,Driver,30 to 34,Minor,,East,"Automobile, Station Wagon",Stopped,Driving Properly,Normal,,,,,,,,,Yes,,,,,,,Yes,,,,70,South Riverdale,70,South Riverdale (70),D55,634069.5657,4834891.5563
1497,4125724,949432,1/4/2007 10:00:00 AM,905,FINCH AVE W,WESTON RD,,Major Arterial,Etobicoke York,43.752045,-79.54239,At Intersection,Traffic Signal,Clear,Daylight,Dry,Non-Fatal Injury,Pedestrian Collisions,Driver,70 to 74,None,,South,"Automobile, Station Wagon",Turning Left,Failed to Yield Right of Way,Normal,,,,,,,Yes,,Yes,,,,,,,Yes,,,,22,Humbermede,22,Humbermede (22),D31,617349.0263,4845365.037
1498,4125725,949432,1/4/2007 10:00:00 AM,905,FINCH AVE W,WESTON RD,,Major Arterial,Etobicoke York,43.752045,-79.54239,At Intersection,Traffic Signal,Clear,Daylight,Dry,Non-Fatal Injury,Pedestrian Collisions,Pedestrian,55 to 59,Major,,North,Other,,,,Vehicle turns left while ped crosses with ROW at inter.,Crossing with right of way,Normal,,,,Yes,,Yes,,,,,,,Yes,,,,22,Humbermede,22,Humbermede (22),D31,617349.0263,4845365.037
1499,4123244,948311,1/5/2007 10:00:00 AM,1207,BATHURST St,WARWICK Ave,,Major Arterial,Toronto and East York,43.695245,-79.42319,,Traffic Signal,Clear,Daylight,Dry,Non-Fatal Injury,Approaching,Other,10 to 14,None,,,Other,,,,,,,,,,,,Yes,,,,,,,,,,Yes,101,Forest Hill South,101,Forest Hill South (101),D13,627065.6685,4839232.359
1500,4123245,948311,1/5/2007 10:00:00 AM,1207,BATHURST St,WARWICK Ave,,Major Arterial,Toronto and East York,43.695245,-79.42319,,Traffic Signal,Clear,Daylight,Dry,Non-Fatal Injury,Approaching,Driver,45 to 49,None,,South,"Automobile, Station Wagon",Slowing or Stopping,Driving Properly,Normal,,,,,,,,,Yes,,,,,,,,,,Yes,101,Forest Hill South,101,Forest Hill South (101),D13,627065.6685,4839232.359
1501,4123246,948311,1/5/2007 10:00:00 AM,1207,BATHURST St,WARWICK Ave,,Major Arterial,Toronto and East York,43.695245,-79.42319,,Traffic Signal,Clear,Daylight,Dry,Non-Fatal Injury,Approaching,Vehicle Owner,unknown,None,,,Other,,,,,,,,,,,,Yes,,,,,,,,,,Yes,101,Forest Hill South,101,Forest Hill South (101),D13,627065.6685,4839232.359
1502,4123247,948311,1/5/2007 10:00:00 AM,1207,BATHURST St,WARWICK Ave,,Major Arterial,Toronto and East York,43.695245,-79.42319,,Traffic Signal,Clear,Daylight,Dry,Non-Fatal Injury,Approaching,Driver,45 to 49,Minor,,South,"Automobile, Station Wagon",Going Ahead,Driving Properly,Normal,,,,,,,,,Yes,,,,,,,,,,Yes,101,Forest Hill South,101,Forest Hill South (101),D13,627065.6685,4839232.359
1503,4123248,948311,1/5/2007 10:00:00 AM,1207,BATHURST St,WARWICK Ave,,Major Arterial,Toronto and East York,43.695245,-79.42319,,Traffic Signal,Clear,Daylight,Dry,Non-Fatal Injury,Approaching,Driver,75 to 79,Major,,South,"Automobile, Station Wagon",Going Ahead,Lost control,Medical or Physical Disability,,,,,,,,,Yes,,,,,,,,,,Yes,101,Forest Hill South,101,Forest Hill South (101),D13,627065.6685,4839232.359
1504,4123271,948322,1/5/2007 10:00:00 AM,1450,KIPLING AVE,WIDDICOMBE HILL,,Major Arterial,Etobicoke York,43.678945,-79.55169,,Traffic Signal,Clear,Daylight,Dry,Non-Fatal Injury,Angle,Driver,70 to 74,Major,,East,"Automobile, Station Wagon",Going Ahead,Driving Properly,Normal,,,,,,,,,Yes,,,,,,,Yes,Yes,,,7,Willowridge-Martingrove-Richview,7,Willowridge-Martingrove-Richview (7),D23,616742.1544,4837233.1346
1505,4123272,948322,1/5/2007 10:00:00 AM,1450,KIPLING AVE,WIDDICOMBE HILL,,Major Arterial,Etobicoke York,43.678945,-79.55169,,Traffic Signal,Clear,Daylight,Dry,Non-Fatal Injury,Angle,Vehicle Owner,unknown,None,,,Other,,,,,,,,,,,,Yes,,,,,,,Yes,Yes,,,7,Willowridge-Martingrove-Richview,7,Willowridge-Martingrove-Richview (7),D23,616742.1544,4837233.1346
1506,4123273,948322,1/5/2007 10:00:00 AM,1450,KIPLING AVE,WIDDICOMBE HILL,,Major Arterial,Etobicoke York,43.678945,-79.55169,,Traffic Signal,Clear,Daylight,Dry,Non-Fatal Injury,Angle,Driver,40 to 44,None,,North,"Automobile, Station Wagon",Going Ahead,Disobeyed Traffic Control,Normal,,,,,,,,,Yes,,,,,,,Yes,Yes,,,7,Willowridge-Martingrove-Richview,7,Willowridge-Martingrove-Richview (7),D23,616742.1544,4837233.1346
1507,4123365,948356,1/6/2007 10:00:00 AM,1140,LAWRENCE AVE E,ORTON PARK RD,,Major Arterial,Scarborough,43.764045,-79.20559,,Traffic Signal,Rain,Daylight,Wet,Non-Fatal Injury,Turning Movement,Vehicle Owner,unknown,None,,,Other,,,,,,,,,,,,Yes,,,,,Yes,,,,,,141,Golfdale-Cedarbrae-Woburn,137,Woburn (137),D43,644435.4802,4847230.1152
1508,4123366,948356,1/6/2007 10:00:00 AM,1140,LAWRENCE AVE E,ORTON PARK RD,,Major Arterial,Scarborough,43.764045,-79.20559,,Traffic Signal,Rain,Daylight,Wet,Non-Fatal Injury,Turning Movement,Driver,40 to 44,Minor,,West,"Automobile, Station Wagon",Going Ahead,Driving Properly,Normal,,,,,,,,,Yes,,,,,Yes,,,,,,141,Golfdale-Cedarbrae-Woburn,137,Woburn (137),D43,644435.4802,4847230.1152
1509,4123367,948356,1/6/2007 10:00:00 AM,1140,LAWRENCE AVE E,ORTON PARK RD,,Major Arterial,Scarborough,43.764045,-79.20559,,Traffic Signal,Rain,Daylight,Wet,Non-Fatal Injury,Turning Movement,Passenger,35 to 39,Major,,,Other,,,,,,,,,,,,Yes,,,,,Yes,,,,,,141,Golfdale-Cedarbrae-Woburn,137,Woburn (137),D43,644435.4802,4847230.1152
1510,4123368,948356,1/6/2007 10:00:00 AM,1140,LAWRENCE AVE E,ORTON PARK RD,,Major Arterial,Scarborough,43.764045,-79.20559,,Traffic Signal,Rain,Daylight,Wet,Non-Fatal Injury,Turning Movement,Driver,55 to 59,Minimal,,East,"Automobile, Station Wagon",Turning Left,Improper Turn,Normal,,,,,,,,,Yes,,,,,Yes,,,,,,141,Golfdale-Cedarbrae-Woburn,137,Woburn (137),D43,644435.4802,4847230.1152
1511,4123369,948356,1/6/2007 10:00:00 AM,1140,LAWRENCE AVE E,ORTON PARK RD,,Major Arterial,Scarborough,43.764045,-79.20559,,Traffic Signal,Rain,Daylight,Wet,Non-Fatal Injury,Turning Movement,Other Property Owner,unknown,None,,,Other,,,,,,,,,,,,Yes,,,,,Yes,,,,,,141,Golfdale-Cedarbrae-Woburn,137,Woburn (137),D43,644435.4802,4847230.1152
1512,4119906,946202,1/7/2007 10:00:00 AM,1336,FINCH AVE E,MARKHAM RD,,Major Arterial,Scarborough,43.811343,-79.250491,Non Intersection,No Control,Clear,Daylight,Dry,Non-Fatal Injury,SMV Other,Motorcycle Driver,20 to 24,Major,,East,Motorcycle,Changing Lanes,Lost control,Normal,,,,,,,,,,Yes,,,,,,,,,,129,Agincourt North,129,Agincourt North (129),D42,640710.2372,4852405.9721
1513,4120429,946528,1/9/2007 10:00:00 AM,2125,DON VALLEY PARKWAY  N,LEASIDE BDGE Road,,Major Arterial,Toronto and East York,43.697845,-79.34959,,No Control,Clear,Dark,Dry,Non-Fatal Injury,Pedestrian Collisions,Passenger,unknown,None,,,Other,Other,,,,,,,,,Yes,,Yes,,,,,Yes,,,,,,58,Old East York,58,Old East York (58),D55,632990.9649,4839636.5475
1514,4120430,946528,1/9/2007 10:00:00 AM,2125,DON VALLEY PARKWAY  N,LEASIDE BDGE Road,,Major Arterial,Toronto and East York,43.697845,-79.34959,,No Control,Clear,Dark,Dry,Non-Fatal Injury,Pedestrian Collisions,Driver,40 to 44,None,,,"Automobile, Station Wagon",Going Ahead,,,,,,,,,Yes,,Yes,,,,,Yes,,,,,,58,Old East York,58,Old East York (58),D55,632990.9649,4839636.5475
1515,4120431,946528,1/9/2007 10:00:00 AM,2125,DON VALLEY PARKWAY  N,LEASIDE BDGE Road,,Major Arterial,Toronto and East York,43.697845,-79.34959,,No Control,Clear,Dark,Dry,Non-Fatal Injury,Pedestrian Collisions,Pedestrian,unknown,Major,,,Other,Other,,,,,,,,,Yes,,Yes,,,,,Yes,,,,,,58,Old East York,58,Old East York (58),D55,632990.9649,4839636.5475
1516,4273313,947325,1/10/2007 10:00:00 AM,1515,HUMBER COLLEGE BLVD,WESTMORE DR,,Minor Arterial,Etobicoke York,43.730945,-79.59939,,No Control,Clear,Daylight,Dry,Non-Fatal Injury,Pedestrian Collisions,Vehicle Owner,unknown,,,,Other,,,,,,,,,,Yes,,Yes,,,,,,,,,,,1,West Humber-Clairville,1,West Humber-Clairville (1),D23,612799.6654,4842942.4105
1517,4273314,947325,1/10/2007 10:00:00 AM,1515,HUMBER COLLEGE BLVD,WESTMORE DR,,Minor Arterial,Etobicoke York,43.730945,-79.59939,,No Control,Clear,Daylight,Dry,Non-Fatal Injury,Pedestrian Collisions,Driver,30 to 34,None,,East,"Automobile, Station Wagon",Going Ahead,Driving Properly,Normal,,,,,,,Yes,,Yes,,,,,,,,,,,1,West Humber-Clairville,1,West Humber-Clairville (1),D23,612799.6654,4842942.4105
1518,4273315,947325,1/10/2007 10:00:00 AM,1515,HUMBER COLLEGE BLVD,WESTMORE DR,,Minor Arterial,Etobicoke York,43.730945,-79.59939,,No Control,Clear,Daylight,Dry,Non-Fatal Injury,Pedestrian Collisions,Pedestrian,50 to 54,Major,,North,Other,,,,Vehicle is going straight thru inter.while ped cross without ROW,Running onto Roadway,Normal,,,,Yes,,Yes,,,,,,,,,,,1,West Humber-Clairville,1,West Humber-Clairville (1),D23,612799.6654,4842942.4105
1519,4131017,951904,1/12/2007 10:00:00 AM,142,F G GARDINER XY Expr E,KIPLING AVE,,,Etobicoke York,43.617945,-79.52489,,No Control,Rain,Dark,Wet,Non-Fatal Injury,SMV Other,Driver,20 to 24,Major,,East,"Automobile, Station Wagon",Going Ahead,Lost control,Had Been Drinking,,,,,,,,,Yes,,,,,,,,,,,160,Mimico-Queensway,17,Mimico (includes Humber Bay Shores) (17),D22,619022.824,4830496.3781
1520,4136978,954598,1/12/2007 10:00:00 AM,640,MCNICOLL AVE,PHARMACY AVE,,Minor Arterial,Scarborough,43.804145,-79.33069,At Intersection,Traffic Signal,Clear,Dark,Wet,Non-Fatal Injury,Pedestrian Collisions,Driver,40 to 44,None,,West,"Automobile, Station Wagon",Going Ahead,Driving Properly,Normal,,,,,,,Yes,,Yes,,,,,,,,,,,116,Steeles,116,Steeles (116),D42,634276.0204,4851473.2521
1521,4136979,954598,1/12/2007 10:00:00 AM,640,MCNICOLL AVE,PHARMACY AVE,,Minor Arterial,Scarborough,43.804145,-79.33069,At Intersection,Traffic Signal,Clear,Dark,Wet,Non-Fatal Injury,Pedestrian Collisions,Pedestrian,55 to 59,Major,,North,Other,,,,Vehicle is going straight thru inter.while ped cross without ROW,Crossing without right of way,Inattentive,,,,Yes,,Yes,,,,,,,,,,,116,Steeles,116,Steeles (116),D42,634276.0204,4851473.2521
1522,4128281,950601,1/12/2007 10:00:00 AM,1910,GERRARD ST E,ENDERBY RD,,Minor Arterial,Toronto and East York,43.683745,-79.30109,,No Control,Rain,Dark,Wet,Non-Fatal Injury,Pedestrian Collisions,Driver,55 to 59,None,,West,"Automobile, Station Wagon",Going Ahead,Driving Properly,Normal,,,,,,,Yes,,Yes,,,,,,,,,,,62,East End-Danforth,62,East End-Danforth (62),D55,636931.2512,4838149.4834
1523,4128282,950601,1/12/2007 10:00:00 AM,1910,GERRARD ST E,ENDERBY RD,,Minor Arterial,Toronto and East York,43.683745,-79.30109,,No Control,Rain,Dark,Wet,Non-Fatal Injury,Pedestrian Collisions,Pedestrian,45 to 49,Major,,North,Other,,,,Pedestrian hit at mid-block,"Crossing, no Traffic Control",Had Been Drinking,,,,Yes,,Yes,,,,,,,,,,,62,East End-Danforth,62,East End-Danforth (62),D55,636931.2512,4838149.4834
1524,4125236,949215,1/12/2007 10:00:00 AM,2030,4071 KINGSTON RD,,,Major Arterial,Scarborough,43.755345,-79.20089,,No Control,Rain,Dark,Wet,Non-Fatal Injury,Pedestrian Collisions,Vehicle Owner,unknown,,,,Other,,,,,,,,,,Yes,,Yes,,,,,,,,,,,136,West Hill,136,West Hill (136),D43,644834.7889,4846272.0537
1525,4125237,949215,1/12/2007 10:00:00 AM,2030,4071 KINGSTON RD,,,Major Arterial,Scarborough,43.755345,-79.20089,,No Control,Rain,Dark,Wet,Non-Fatal Injury,Pedestrian Collisions,Driver,40 to 44,None,,East,"Automobile, Station Wagon",Going Ahead,Driving Properly,Normal,,,,,,,Yes,,Yes,,,,,,,,,,,136,West Hill,136,West Hill (136),D43,644834.7889,4846272.0537
1526,4125238,949215,1/12/2007 10:00:00 AM,2030,4071 KINGSTON RD,,,Major Arterial,Scarborough,43.755345,-79.20089,,No Control,Rain,Dark,Wet,Non-Fatal Injury,Pedestrian Collisions,Pedestrian,35 to 39,Major,,North,Other,,,,Pedestrian hit at mid-block,Running onto Roadway,Normal,,,,Yes,,Yes,,,,,,,,,,,136,West Hill,136,West Hill (136),D43,644834.7889,4846272.0537
1527,4121322,947071,1/14/2007 10:00:00 AM,336,DON VALLEY PARKWAY  N,BAYVIEW BLOOR DVP RAMP,,,Toronto and East York,43.683245,-79.36189,,No Control,Clear,Dark,Dry,Non-Fatal Injury,SMV Other,Passenger,25 to 29,Major,,,Other,,,,,,,,,,,,Yes,,,,,Yes,Yes,Yes,,,,57,Broadview North,57,Broadview North (57),D55,632031.8462,4837995.3588
1528,4121323,947071,1/14/2007 10:00:00 AM,336,DON VALLEY PARKWAY  N,BAYVIEW BLOOR DVP RAMP,,,Toronto and East York,43.683245,-79.36189,,No Control,Clear,Dark,Dry,Non-Fatal Injury,SMV Other,Vehicle Owner,unknown,None,,,Other,,,,,,,,,,,,Yes,,,,,Yes,Yes,Yes,,,,57,Broadview North,57,Broadview North (57),D55,632031.8462,4837995.3588
1529,4121324,947071,1/14/2007 10:00:00 AM,336,DON VALLEY PARKWAY  N,BAYVIEW BLOOR DVP RAMP,,,Toronto and East York,43.683245,-79.36189,,No Control,Clear,Dark,Dry,Non-Fatal Injury,SMV Other,Driver,25 to 29,Major,,North,"Automobile, Station Wagon",Going Ahead,Lost control,Normal,,,,,,,,,Yes,,,,,Yes,Yes,Yes,,,,57,Broadview North,57,Broadview North (57),D55,632031.8462,4837995.3588
1530,4121325,947071,1/14/2007 10:00:00 AM,336,DON VALLEY PARKWAY  N,BAYVIEW BLOOR DVP RAMP,,,Toronto and East York,43.683245,-79.36189,,No Control,Clear,Dark,Dry,Non-Fatal Injury,SMV Other,Other Property Owner,unknown,None,,,Other,,,,,,,,,,,,Yes,,,,,Yes,Yes,Yes,,,,57,Broadview North,57,Broadview North (57),D55,632031.8462,4837995.3588
1531,4126466,949730,1/15/2007 10:00:00 AM,1458,DON MILLS RD,DON MILLS N DVP S RAMP RD S,,Major Arterial,Toronto and East York,43.701845,-79.33679,,No Control,Rain,Daylight,Slush,Non-Fatal Injury,Approaching,Driver,50 to 54,Minor,,South,"Automobile, Station Wagon",Going Ahead,Speed too Fast For Condition,Inattentive,,,,,,,,,Yes,,,,,,Yes,Yes,,,,58,Old East York,58,Old East York (58),D55,634013.4952,4840101.4152
1532,4126467,949730,1/15/2007 10:00:00 AM,1458,DON MILLS RD,DON MILLS N DVP S RAMP RD S,,Major Arterial,Toronto and East York,43.701845,-79.33679,,No Control,Rain,Daylight,Slush,Non-Fatal Injury,Approaching,Vehicle Owner,unknown,,,,Other,,,,,,,,,,,,Yes,,,,,,Yes,Yes,,,,58,Old East York,58,Old East York (58),D55,634013.4952,4840101.4152
1533,4126468,949730,1/15/2007 10:00:00 AM,1458,DON MILLS RD,DON MILLS N DVP S RAMP RD S,,Major Arterial,Toronto and East York,43.701845,-79.33679,,No Control,Rain,Daylight,Slush,Non-Fatal Injury,Approaching,Driver,35 to 39,None,,North,"Automobile, Station Wagon",Going Ahead,Driving Properly,Normal,,,,,,,,,Yes,,,,,,Yes,Yes,,,,58,Old East York,58,Old East York (58),D55,634013.4952,4840101.4152
1534,4126469,949730,1/15/2007 10:00:00 AM,1458,DON MILLS RD,DON MILLS N DVP S RAMP RD S,,Major Arterial,Toronto and East York,43.701845,-79.33679,,No Control,Rain,Daylight,Slush,Non-Fatal Injury,Approaching,Driver,60 to 64,Major,,North,"Automobile, Station Wagon",Going Ahead,Driving Properly,Normal,,,,,,,,,Yes,,,,,,Yes,Yes,,,,58,Old East York,58,Old East York (58),D55,634013.4952,4840101.4152
1535,4126449,949724,1/15/2007 10:00:00 AM,1715,150 DISCO RD,,,Collector,Etobicoke York,43.700645,-79.60769,,No Control,Freezing Rain,Dark,Slush,Non-Fatal Injury,Approaching,Driver,35 to 39,Major,,East,"Automobile, Station Wagon",Going Ahead,Lost control,Normal,,,,,,,,,Yes,,,,,,,Yes,,,,1,West Humber-Clairville,1,West Humber-Clairville (1),D23,612187.7368,4839565.9141
1536,4126450,949724,1/15/2007 10:00:00 AM,1715,150 DISCO RD,,,Collector,Etobicoke York,43.700645,-79.60769,,No Control,Freezing Rain,Dark,Slush,Non-Fatal Injury,Approaching,Vehicle Owner,unknown,None,,,Other,,,,,,,,,,,,Yes,,,,,,,Yes,,,,1,West Humber-Clairville,1,West Humber-Clairville (1),D23,612187.7368,4839565.9141
1537,4126451,949724,1/15/2007 10:00:00 AM,1715,150 DISCO RD,,,Collector,Etobicoke York,43.700645,-79.60769,,No Control,Freezing Rain,Dark,Slush,Non-Fatal Injury,Approaching,Driver,45 to 49,None,,West,"Automobile, Station Wagon",Going Ahead,Driving Properly,Normal,,,,,,,,,Yes,,,,,,,Yes,,,,1,West Humber-Clairville,1,West Humber-Clairville (1),D23,612187.7368,4839565.9141
1538,4126452,949724,1/15/2007 10:00:00 AM,1715,150 DISCO RD,,,Collector,Etobicoke York,43.700645,-79.60769,,No Control,Freezing Rain,Dark,Slush,Non-Fatal Injury,Approaching,Vehicle Owner,unknown,None,,,Other,,,,,,,,,,,,Yes,,,,,,,Yes,,,,1,West Humber-Clairville,1,West Humber-Clairville (1),D23,612187.7368,4839565.9141
1539,4127645,950308,1/16/2007 10:00:00 AM,1513,HUMBERWOOD BLVD,HULLRICK DR,,Collector,Etobicoke York,43.723945,-79.61529,,No Control,Clear,Daylight,Slush,Non-Fatal Injury,Approaching,Vehicle Owner,unknown,None,,,Other,,,,,,,,,,,,Yes,,,,,Yes,,,,,,1,West Humber-Clairville,1,West Humber-Clairville (1),D23,611532.1235,4842143.4425
1540,4127646,950308,1/16/2007 10:00:00 AM,1513,HUMBERWOOD BLVD,HULLRICK DR,,Collector,Etobicoke York,43.723945,-79.61529,,No Control,Clear,Daylight,Slush,Non-Fatal Injury,Approaching,Passenger,40 to 44,Major,,,Other,,,,,,,,,,,,Yes,,,,,Yes,,,,,,1,West Humber-Clairville,1,West Humber-Clairville (1),D23,611532.1235,4842143.4425
1541,4127647,950308,1/16/2007 10:00:00 AM,1513,HUMBERWOOD BLVD,HULLRICK DR,,Collector,Etobicoke York,43.723945,-79.61529,,No Control,Clear,Daylight,Slush,Non-Fatal Injury,Approaching,Driver,40 to 44,None,,North,"Automobile, Station Wagon",Slowing or Stopping,Driving Properly,Normal,,,,,,,,,Yes,,,,,Yes,,,,,,1,West Humber-Clairville,1,West Humber-Clairville (1),D23,611532.1235,4842143.4425