OBJECTID,INDEX,ACCNUM,DATE,TIME,STREET1,STREET2,OFFSET,ROAD_CLASS,DISTRICT,LATITUDE,LONGITUDE,ACCLOC,TRAFFCTL,VISIBILITY,LIGHT,RDSFCOND,ACCLASS,IMPACTYPE,INVTYPE,INVAGE,INJURY,FATAL_NO,INITDIR,VEHTYPE,MANOEUVER,DRIVACT,DRIVCOND,PEDTYPE,PEDACT,PEDCOND,CYCLISTYPE,CYCACT,CYCCOND,PEDESTRIAN,CYCLIST,AUTOMOBILE,MOTORCYCLE,TRUCK,TRSN_CITY_VEH,EMERG_VEH,PASSENGER,SPEEDING,AG_DRIV,REDLIGHT,ALCOHOL,DISABILITY,HOOD_158,NEIGHBOURHOOD_158,HOOD_140,NEIGHBOURHOOD_140,DIVISION,x,y
1542,4127648,950308,1/16/2007 10:00:00 AM,1513,HUMBERWOOD BLVD,HULLRICK DR,,Collector,Etobicoke York,43.723945,-79.61529,,No Control,Clear,Daylight,Slush,Non-Fatal Injury,Approaching,Vehicle Owner,unknown,None,,,Other,,,,,,,,,,,,Yes,,,,,Yes,,,,,,1,West Humber-Clairville,1,West Humber-Clairville (1),D23,611532.1235,4842143.4425
1543,4127649,950308,1/16/2007 10:00:00 AM,1513,HUMBERWOOD BLVD,HULLRICK DR,,Collector,Etobicoke York,43.723945,-79.61529,,No Control,Clear,Daylight,Slush,Non-Fatal Injury,Approaching,Driver,45 to 49,None,,South,"Automobile, Station Wagon",Going Ahead,Lost control,Normal,,,,,,,,,Yes,,,,,Yes,,,,,,1,West Humber-Clairville,1,West Humber-Clairville (1),D23,611532.1235,4842143.4425
1544,4127629,950302,1/16/2007 10:00:00 AM,1735,DIXON RD,ISLINGTON AVE,,Major Arterial,Etobicoke York,43.697045,-79.54669,At Intersection,Traffic Signal,Clear,Dark,Dry,Non-Fatal Injury,Turning Movement,Vehicle Owner,unknown,None,,,Other,,,,,,,,,,,,Yes,,Yes,,,,,,,,,6,Kingsview Village-The Westway,6,Kingsview Village-The Westway (6),D23,617109.9585,4839250.4313
1545,4127630,950302,1/16/2007 10:00:00 AM,1735,DIXON RD,ISLINGTON AVE,,Major Arterial,Etobicoke York,43.697045,-79.54669,At Intersection,Traffic Signal,Clear,Dark,Dry,Non-Fatal Injury,Turning Movement,Truck Driver,40 to 44,Minimal,,East,Truck - Open,Turning Left,Improper Turn,Normal,,,,,,,,,Yes,,Yes,,,,,,,,,6,Kingsview Village-The Westway,6,Kingsview Village-The Westway (6),D23,617109.9585,4839250.4313
1546,4127631,950302,1/16/2007 10:00:00 AM,1735,DIXON RD,ISLINGTON AVE,,Major Arterial,Etobicoke York,43.697045,-79.54669,At Intersection,Traffic Signal,Clear,Dark,Dry,Non-Fatal Injury,Turning Movement,Driver,25 to 29,Major,,West,"Automobile, Station Wagon",Going Ahead,Driving Properly,Normal,,,,,,,,,Yes,,Yes,,,,,,,,,6,Kingsview Village-The Westway,6,Kingsview Village-The Westway (6),D23,617109.9585,4839250.4313
1547,4127319,950150,1/16/2007 10:00:00 AM,1751,648 OLD WESTON RD,,,Minor Arterial,Toronto and East York,43.679545,-79.46539,,No Control,Clear,Dark,Wet,Non-Fatal Injury,Pedestrian Collisions,Driver,60 to 64,None,,South,"Automobile, Station Wagon",Going Ahead,Driving Properly,Normal,,,,,,,Yes,,Yes,,,,,,,,,,,91,Weston-Pelham Park,91,Weston-Pellam Park (91),D12,623697.2593,4837424.8575
1548,4127320,950150,1/16/2007 10:00:00 AM,1751,648 OLD WESTON RD,,,Minor Arterial,Toronto and East York,43.679545,-79.46539,,No Control,Clear,Dark,Wet,Non-Fatal Injury,Pedestrian Collisions,Pedestrian,35 to 39,Major,,East,Other,,,,Pedestrian hit at mid-block,"Crossing, no Traffic Control",Had Been Drinking,,,,Yes,,Yes,,,,,,,,,,,91,Weston-Pelham Park,91,Weston-Pellam Park (91),D12,623697.2593,4837424.8575
1549,4127804,950372,1/17/2007 10:00:00 AM,1559,EGLINTON AVE E,HOLLY ST,,Major Arterial,Toronto and East York,43.707145,-79.39619,,No Control,Snow,Daylight,Packed Snow,Non-Fatal Injury,Pedestrian Collisions,Vehicle Owner,unknown,,,,Other,,,,,,,,,,Yes,,,,,Yes,,,,,,,,174,South Eglinton-Davisville,104,Mount Pleasant West (104),D53,629215.8912,4840595.7511
1550,4127805,950372,1/17/2007 10:00:00 AM,1559,EGLINTON AVE E,HOLLY ST,,Major Arterial,Toronto and East York,43.707145,-79.39619,,No Control,Snow,Daylight,Packed Snow,Non-Fatal Injury,Pedestrian Collisions,Driver,40 to 44,None,,West,Municipal Transit Bus (TTC),Going Ahead,Driving Properly,Normal,,,,,,,Yes,,,,,Yes,,,,,,,,174,South Eglinton-Davisville,104,Mount Pleasant West (104),D53,629215.8912,4840595.7511
1551,4127806,950372,1/17/2007 10:00:00 AM,1559,EGLINTON AVE E,HOLLY ST,,Major Arterial,Toronto and East York,43.707145,-79.39619,,No Control,Snow,Daylight,Packed Snow,Non-Fatal Injury,Pedestrian Collisions,Pedestrian,55 to 59,Major,,South,Other,,,,Pedestrian involved in a collision with transit vehicle anywhere along roadway,Running onto Roadway,Normal,,,,Yes,,,,,Yes,,,,,,,,174,South Eglinton-Davisville,104,Mount Pleasant West (104),D53,629215.8912,4840595.7511
1552,4128789,950837,1/18/2007 10:00:00 AM,705,YORK MILLS RD,FENN AVE,,Major Arterial,North York,43.747045,-79.38899,,Traffic Signal,Clear,Daylight,Dry,Non-Fatal Injury,Angle,Vehicle Owner,unknown,,,,Other,,,,,,,,,,,,Yes,,Yes,,,,,Yes,Yes,,,40,St.Andrew-Windfields,40,St.Andrew-Windfields (40),D32,629709.8368,4845038.4717
1553,4128790,950837,1/18/2007 10:00:00 AM,705,YORK MILLS RD,FENN AVE,,Major Arterial,North York,43.747045,-79.38899,,Traffic Signal,Clear,Daylight,Dry,Non-Fatal Injury,Angle,Truck Driver,25 to 29,None,,West,Truck - Open,Going Ahead,Disobeyed Traffic Control,Normal,,,,,,,,,Yes,,Yes,,,,,Yes,Yes,,,40,St.Andrew-Windfields,40,St.Andrew-Windfields (40),D32,629709.8368,4845038.4717
1554,4128791,950837,1/18/2007 10:00:00 AM,705,YORK MILLS RD,FENN AVE,,Major Arterial,North York,43.747045,-79.38899,,Traffic Signal,Clear,Daylight,Dry,Non-Fatal Injury,Angle,Driver,50 to 54,Major,,South,"Automobile, Station Wagon",Going Ahead,Driving Properly,Normal,,,,,,,,,Yes,,Yes,,,,,Yes,Yes,,,40,St.Andrew-Windfields,40,St.Andrew-Windfields (40),D32,629709.8368,4845038.4717
1555,4128784,950835,1/18/2007 10:00:00 AM,852,BLYTHWOOD RD,MOUNT PLEASANT RD,,Collector,North York,43.717945,-79.39369,,No Control,Clear,Daylight,Dry,Non-Fatal Injury,SMV Other,Passenger,30 to 34,Major,,,Other,,,,,,,,,,,,Yes,,,,,Yes,Yes,Yes,,,,99,Mount Pleasant East,99,Mount Pleasant East (99),D53,629394.0688,4841799.1443
1556,4128785,950835,1/18/2007 10:00:00 AM,852,BLYTHWOOD RD,MOUNT PLEASANT RD,,Collector,North York,43.717945,-79.39369,,No Control,Clear,Daylight,Dry,Non-Fatal Injury,SMV Other,Vehicle Owner,unknown,None,,,Other,,,,,,,,,,,,Yes,,,,,Yes,Yes,Yes,,,,99,Mount Pleasant East,99,Mount Pleasant East (99),D53,629394.0688,4841799.1443
1557,4128786,950835,1/18/2007 10:00:00 AM,852,BLYTHWOOD RD,MOUNT PLEASANT RD,,Collector,North York,43.717945,-79.39369,,No Control,Clear,Daylight,Dry,Non-Fatal Injury,SMV Other,Driver,25 to 29,Minor,,West,"Automobile, Station Wagon",Going Ahead,Speed too Fast For Condition,Normal,,,,,,,,,Yes,,,,,Yes,Yes,Yes,,,,99,Mount Pleasant East,99,Mount Pleasant East (99),D53,629394.0688,4841799.1443
1558,4128810,950847,1/19/2007 10:00:00 AM,710,WALSH AVE,KELVIN AVE,,Major Arterial,Etobicoke York,43.715745,-79.53159,,Stop Sign,Clear,Dark,Dry,Non-Fatal Injury,Pedestrian Collisions,Driver,35 to 39,None,,North,"Automobile, Station Wagon",Turning Left,Failed to Yield Right of Way,Normal,,,,,,,Yes,,Yes,,,,,,,Yes,,,,23,Pelmo Park-Humberlea,23,Pelmo Park-Humberlea (23),D31,618289.9626,4841348.7612
1559,4128811,950847,1/19/2007 10:00:00 AM,710,WALSH AVE,KELVIN AVE,,Major Arterial,Etobicoke York,43.715745,-79.53159,,Stop Sign,Clear,Dark,Dry,Non-Fatal Injury,Pedestrian Collisions,Pedestrian,55 to 59,Major,,South,Other,,,,Vehicle turns left while ped crosses with ROW at inter.,Crossing with right of way,Normal,,,,Yes,,Yes,,,,,,,Yes,,,,23,Pelmo Park-Humberlea,23,Pelmo Park-Humberlea (23),D31,618289.9626,4841348.7612
1560,4125852,949483,1/19/2007 10:00:00 AM,1331,DUFFERIN ST,KING ST W,,Major Arterial,Toronto and East York,43.638945,-79.42739,,Traffic Signal,Clear,Daylight,Dry,Non-Fatal Injury,Pedestrian Collisions,Vehicle Owner,unknown,None,,,Other,,,,,,,,,,Yes,,Yes,,,,,,,Yes,,,,85,South Parkdale,85,South Parkdale (85),D14,626845.7427,4832973.0677
1561,4125853,949483,1/19/2007 10:00:00 AM,1331,DUFFERIN ST,KING ST W,,Major Arterial,Toronto and East York,43.638945,-79.42739,,Traffic Signal,Clear,Daylight,Dry,Non-Fatal Injury,Pedestrian Collisions,Driver,45 to 49,None,,East,"Automobile, Station Wagon",Turning Left,Failed to Yield Right of Way,Inattentive,,,,,,,Yes,,Yes,,,,,,,Yes,,,,85,South Parkdale,85,South Parkdale (85),D14,626845.7427,4832973.0677
1562,4125854,949483,1/19/2007 10:00:00 AM,1331,DUFFERIN ST,KING ST W,,Major Arterial,Toronto and East York,43.638945,-79.42739,,Traffic Signal,Clear,Daylight,Dry,Non-Fatal Injury,Pedestrian Collisions,Pedestrian,65 to 69,Major,,West,Other,,,,Vehicle turns left while ped crosses with ROW at inter.,Crossing with right of way,Normal,,,,Yes,,Yes,,,,,,,Yes,,,,85,South Parkdale,85,South Parkdale (85),D14,626845.7427,4832973.0677
1563,4143391,957650,1/22/2007 10:00:00 AM,1805,EGLINTON Aven E,MIDLAND Aven,,Major Arterial,Scarborough,43.734545,-79.25809,At Intersection,Traffic Signal,Clear,Dark,Wet,Non-Fatal Injury,Turning Movement,Passenger,25 to 29,Major,,,Other,,,,,,,,,,,,Yes,,Yes,,,Yes,,Yes,Yes,,,138,Eglinton East,138,Eglinton East (138),D41,640278.507,4843863.4585
1564,4143392,957650,1/22/2007 10:00:00 AM,1805,EGLINTON Aven E,MIDLAND Aven,,Major Arterial,Scarborough,43.734545,-79.25809,At Intersection,Traffic Signal,Clear,Dark,Wet,Non-Fatal Injury,Turning Movement,Truck Driver,20 to 24,Minor,,East,Truck - Open,Going Ahead,Disobeyed Traffic Control,Normal,,,,,,,,,Yes,,Yes,,,Yes,,Yes,Yes,,,138,Eglinton East,138,Eglinton East (138),D41,640278.507,4843863.4585
1565,4143393,957650,1/22/2007 10:00:00 AM,1805,EGLINTON Aven E,MIDLAND Aven,,Major Arterial,Scarborough,43.734545,-79.25809,At Intersection,Traffic Signal,Clear,Dark,Wet,Non-Fatal Injury,Turning Movement,Driver,20 to 24,None,,North,"Automobile, Station Wagon",Stopped,Driving Properly,Normal,,,,,,,,,Yes,,Yes,,,Yes,,Yes,Yes,,,138,Eglinton East,138,Eglinton East (138),D41,640278.507,4843863.4585
1566,4143394,957650,1/22/2007 10:00:00 AM,1805,EGLINTON Aven E,MIDLAND Aven,,Major Arterial,Scarborough,43.734545,-79.25809,At Intersection,Traffic Signal,Clear,Dark,Wet,Non-Fatal Injury,Turning Movement,Passenger,15 to 19,Major,,,Other,,,,,,,,,,,,Yes,,Yes,,,Yes,,Yes,Yes,,,138,Eglinton East,138,Eglinton East (138),D41,640278.507,4843863.4585
1567,4143395,957650,1/22/2007 10:00:00 AM,1805,EGLINTON Aven E,MIDLAND Aven,,Major Arterial,Scarborough,43.734545,-79.25809,At Intersection,Traffic Signal,Clear,Dark,Wet,Non-Fatal Injury,Turning Movement,Driver,15 to 19,Minor,,West,"Automobile, Station Wagon",Turning Left,Improper Turn,Normal,,,,,,,,,Yes,,Yes,,,Yes,,Yes,Yes,,,138,Eglinton East,138,Eglinton East (138),D41,640278.507,4843863.4585
1568,4132272,952422,1/23/2007 10:00:00 AM,832,QUEEN ST E,MC GEE ST,,Minor Arterial,Toronto and East York,43.660045,-79.34449,,No Control,Clear,Daylight,Wet,Non-Fatal Injury,Pedestrian Collisions,Vehicle Owner,unknown,,,,Other,,,,,,,,,,Yes,,Yes,,,Yes,,,,Yes,,,,70,South Riverdale,70,South Riverdale (70),D55,633485.7278,4835446.5318
1569,4132273,952422,1/23/2007 10:00:00 AM,832,QUEEN ST E,MC GEE ST,,Minor Arterial,Toronto and East York,43.660045,-79.34449,,No Control,Clear,Daylight,Wet,Non-Fatal Injury,Pedestrian Collisions,Driver,40 to 44,None,,East,Municipal Transit Bus (TTC),Stopped,Driving Properly,Normal,,,,,,,Yes,,Yes,,,Yes,,,,Yes,,,,70,South Riverdale,70,South Riverdale (70),D55,633485.7278,4835446.5318
1570,4132274,952422,1/23/2007 10:00:00 AM,832,QUEEN ST E,MC GEE ST,,Minor Arterial,Toronto and East York,43.660045,-79.34449,,No Control,Clear,Daylight,Wet,Non-Fatal Injury,Pedestrian Collisions,Driver,35 to 39,None,,East,"Automobile, Station Wagon",Going Ahead,Failed to Yield Right of Way,Normal,,,,,,,Yes,,Yes,,,Yes,,,,Yes,,,,70,South Riverdale,70,South Riverdale (70),D55,633485.7278,4835446.5318
1571,4132275,952422,1/23/2007 10:00:00 AM,832,QUEEN ST E,MC GEE ST,,Minor Arterial,Toronto and East York,43.660045,-79.34449,,No Control,Clear,Daylight,Wet,Non-Fatal Injury,Pedestrian Collisions,Pedestrian,35 to 39,Major,,South,Other,,,,Pedestrian involved in a collision with transit vehicle anywhere along roadway,Person Getting on/off Vehicle,Normal,,,,Yes,,Yes,,,Yes,,,,Yes,,,,70,South Riverdale,70,South Riverdale (70),D55,633485.7278,4835446.5318
1572,4132044,952335,1/23/2007 10:00:00 AM,1402,201 WESTON Rd,,,Major Arterial,Etobicoke York,43.676845,-79.47129,,No Control,Clear,Daylight,Wet,Non-Fatal Injury,SMV Other,Vehicle Owner,unknown,None,,,Other,,,,,,,,,,,,Yes,,,,,,Yes,Yes,,,,90,Junction Area,90,Junction Area (90),D12,623227.2123,4837116.2042
1573,4132045,952335,1/23/2007 10:00:00 AM,1402,201 WESTON Rd,,,Major Arterial,Etobicoke York,43.676845,-79.47129,,No Control,Clear,Daylight,Wet,Non-Fatal Injury,SMV Other,Driver,30 to 34,Major,,South,"Automobile, Station Wagon",Going Ahead,Speed too Fast For Condition,Unknown,,,,,,,,,Yes,,,,,,Yes,Yes,,,,90,Junction Area,90,Junction Area (90),D12,623227.2123,4837116.2042
1574,4132046,952335,1/23/2007 10:00:00 AM,1402,201 WESTON Rd,,,Major Arterial,Etobicoke York,43.676845,-79.47129,,No Control,Clear,Daylight,Wet,Non-Fatal Injury,SMV Other,Other Property Owner,unknown,None,,,Other,,,,,,,,,,,,Yes,,,,,,Yes,Yes,,,,90,Junction Area,90,Junction Area (90),D12,623227.2123,4837116.2042
1575,4405456,952478,1/24/2007 10:00:00 AM,2245,ISLINGTON Aven,REXDALE Boul,,Major Arterial,Etobicoke York,43.713645,-79.55499,At Intersection,Traffic Signal,Clear,Daylight,Dry,Non-Fatal Injury,Turning Movement,Driver,40 to 44,Major,,South,"Automobile, Station Wagon",Turning Left,Disobeyed Traffic Control,Inattentive,,,,,,,,,Yes,,,,,Yes,,Yes,Yes,,,1,West Humber-Clairville,1,West Humber-Clairville (1),D23,616408.9926,4841082.3993
1576,4405457,952478,1/24/2007 10:00:00 AM,2245,ISLINGTON Aven,REXDALE Boul,,Major Arterial,Etobicoke York,43.713645,-79.55499,At Intersection,Traffic Signal,Clear,Daylight,Dry,Non-Fatal Injury,Turning Movement,Passenger,15 to 19,Minimal,,,Other,,,,,,,,,,,,Yes,,,,,Yes,,Yes,Yes,,,1,West Humber-Clairville,1,West Humber-Clairville (1),D23,616408.9926,4841082.3993
1577,4405458,952478,1/24/2007 10:00:00 AM,2245,ISLINGTON Aven,REXDALE Boul,,Major Arterial,Etobicoke York,43.713645,-79.55499,At Intersection,Traffic Signal,Clear,Daylight,Dry,Non-Fatal Injury,Turning Movement,Driver,45 to 49,Minimal,,West,"Automobile, Station Wagon",Going Ahead,Driving Properly,Normal,,,,,,,,,Yes,,,,,Yes,,Yes,Yes,,,1,West Humber-Clairville,1,West Humber-Clairville (1),D23,616408.9926,4841082.3993
1578,4144100,957981,1/26/2007 10:00:00 AM,1102,DUFFERIN ST,DUPONT ST,,Major Arterial,Toronto and East York,43.668445,-79.43899,At Intersection,Traffic Signal,Clear,Daylight,Dry,Non-Fatal Injury,Pedestrian Collisions,Pedestrian,55 to 59,Minor,,South,Other,,,,Vehicle turns right while ped crosses with ROW at inter.,Crossing with right of way,Normal,,,,Yes,,Yes,,,,,,,Yes,,,,172,Dovercourt Village,93,Dovercourt-Wallace Emerson-Junction (93),D14,625848.451,4836231.765
1579,4144101,957981,1/26/2007 10:00:00 AM,1102,DUFFERIN ST,DUPONT ST,,Major Arterial,Toronto and East York,43.668445,-79.43899,At Intersection,Traffic Signal,Clear,Daylight,Dry,Non-Fatal Injury,Pedestrian Collisions,Pedestrian,80 to 84,Major,,South,Other,,,,Vehicle turns right while ped crosses with ROW at inter.,Crossing with right of way,Normal,,,,Yes,,Yes,,,,,,,Yes,,,,172,Dovercourt Village,93,Dovercourt-Wallace Emerson-Junction (93),D14,625848.451,4836231.765
1580,4144102,957981,1/26/2007 10:00:00 AM,1102,DUFFERIN ST,DUPONT ST,,Major Arterial,Toronto and East York,43.668445,-79.43899,At Intersection,Traffic Signal,Clear,Daylight,Dry,Non-Fatal Injury,Pedestrian Collisions,Driver,70 to 74,None,,South,"Automobile, Station Wagon",Turning Right,Failed to Yield Right of Way,Inattentive,,,,,,,Yes,,Yes,,,,,,,Yes,,,,172,Dovercourt Village,93,Dovercourt-Wallace Emerson-Junction (93),D14,625848.451,4836231.765
1581,4135711,954013,1/29/2007 10:00:00 AM,1435,496 BIRCHMOUNT RD,,,Minor Arterial,Scarborough,43.708145,-79.26859,,No Control,Clear,Daylight,Dry,Non-Fatal Injury,Pedestrian Collisions,Vehicle Owner,unknown,None,,,Other,,,,,,,,,,Yes,,,,Yes,,,,,,,,,120,Clairlea-Birchmount,120,Clairlea-Birchmount (120),D41,639494.175,4840913.6268
1582,4135712,954013,1/29/2007 10:00:00 AM,1435,496 BIRCHMOUNT RD,,,Minor Arterial,Scarborough,43.708145,-79.26859,,No Control,Clear,Daylight,Dry,Non-Fatal Injury,Pedestrian Collisions,Truck Driver,70 to 74,None,,North,Truck - Open,Stopped,Lost control,Normal,,,,,,,Yes,,,,Yes,,,,,,,,,120,Clairlea-Birchmount,120,Clairlea-Birchmount (120),D41,639494.175,4840913.6268
1583,4135713,954013,1/29/2007 10:00:00 AM,1435,496 BIRCHMOUNT RD,,,Minor Arterial,Scarborough,43.708145,-79.26859,,No Control,Clear,Daylight,Dry,Non-Fatal Injury,Pedestrian Collisions,Pedestrian,45 to 49,Major,,,Other,,,,Pedestrian hit at mid-block,Pushing/Working on Vehicle,Normal,,,,Yes,,,,Yes,,,,,,,,,120,Clairlea-Birchmount,120,Clairlea-Birchmount (120),D41,639494.175,4840913.6268
1584,4136589,954398,1/30/2007 10:00:00 AM,1802,MCLEVIN AVE,NEILSON RD,,Minor Arterial,Scarborough,43.809145,-79.22169,At Intersection,Traffic Signal,Snow,Dark,Wet,Non-Fatal Injury,Pedestrian Collisions,Driver,30 to 34,None,,East,"Automobile, Station Wagon",Turning Left,Failed to Yield Right of Way,Inattentive,,,,,,,Yes,,Yes,,,,,,,Yes,,,,145,Malvern West,132,Malvern (132),D42,643031.9298,4852211.2337
1585,4136590,954398,1/30/2007 10:00:00 AM,1802,MCLEVIN AVE,NEILSON RD,,Minor Arterial,Scarborough,43.809145,-79.22169,At Intersection,Traffic Signal,Snow,Dark,Wet,Non-Fatal Injury,Pedestrian Collisions,Pedestrian,70 to 74,Major,,West,Other,,,,Vehicle turns left while ped crosses with ROW at inter.,Crossing with right of way,Normal,,,,Yes,,Yes,,,,,,,Yes,,,,145,Malvern West,132,Malvern (132),D42,643031.9298,4852211.2337
1586,4137500,954826,2/1/2007 10:00:00 AM,1915,POTTERY RD,TODMORDEN MILLS RD,,Minor Arterial,Toronto and East York,43.686845,-79.36029,,No Control,Snow,Dark,Ice,Non-Fatal Injury,SMV Other,Driver,20 to 24,Major,,West,"Automobile, Station Wagon",Going Ahead,Lost control,Normal,,,,,,,,,Yes,,,,,,,,,,,57,Broadview North,57,Broadview North (57),D55,632152.9024,4838397.7369
1587,4273357,951783,2/2/2007 10:00:00 AM,1012,DUNDAS ST W,427 C N DUNDAS RAMP S,,Major Arterial,Etobicoke York,43.628945,-79.55489,At Intersection,Traffic Signal,Clear,Daylight,Dry,Non-Fatal Injury,Turning Movement,Vehicle Owner,unknown,None,,,Other,,,,,,,,,,,,Yes,,,,,,,Yes,Yes,,,159,Etobicoke City Centre,14,Islington-City Centre West (14),D22,616580.9186,4831675.4984
1588,4273358,951783,2/2/2007 10:00:00 AM,1012,DUNDAS ST W,427 C N DUNDAS RAMP S,,Major Arterial,Etobicoke York,43.628945,-79.55489,At Intersection,Traffic Signal,Clear,Daylight,Dry,Non-Fatal Injury,Turning Movement,Driver,60 to 64,Minor,,West,"Automobile, Station Wagon",Going Ahead,Disobeyed Traffic Control,Normal,,,,,,,,,Yes,,,,,,,Yes,Yes,,,159,Etobicoke City Centre,14,Islington-City Centre West (14),D22,616580.9186,4831675.4984
1589,4273359,951783,2/2/2007 10:00:00 AM,1012,DUNDAS ST W,427 C N DUNDAS RAMP S,,Major Arterial,Etobicoke York,43.628945,-79.55489,At Intersection,Traffic Signal,Clear,Daylight,Dry,Non-Fatal Injury,Turning Movement,Driver,75 to 79,Major,,East,"Automobile, Station Wagon",Turning Left,Driving Properly,Normal,,,,,,,,,Yes,,,,,,,Yes,Yes,,,159,Etobicoke City Centre,14,Islington-City Centre West (14),D22,616580.9186,4831675.4984
1590,4129415,951120,2/2/2007 10:00:00 AM,1355,4544 DUFFERIN ST,,,Major Arterial,North York,43.766845,-79.46649,,No Control,Clear,Daylight,Dry,Non-Fatal Injury,Turning Movement,Vehicle Owner,unknown,None,,,Other,,,,,,,,,,,,Yes,,,,,,,Yes,,,,27,York University Heights,27,York University Heights (27),D32,623429.1841,4847119.1235
1591,4129416,951120,2/2/2007 10:00:00 AM,1355,4544 DUFFERIN ST,,,Major Arterial,North York,43.766845,-79.46649,,No Control,Clear,Daylight,Dry,Non-Fatal Injury,Turning Movement,Driver,35 to 39,Minor,,South,"Automobile, Station Wagon",Going Ahead,Driving Properly,Normal,,,,,,,,,Yes,,,,,,,Yes,,,,27,York University Heights,27,York University Heights (27),D32,623429.1841,4847119.1235
1592,4129417,951120,2/2/2007 10:00:00 AM,1355,4544 DUFFERIN ST,,,Major Arterial,North York,43.766845,-79.46649,,No Control,Clear,Daylight,Dry,Non-Fatal Injury,Turning Movement,Driver,55 to 59,Major,,East,"Automobile, Station Wagon",Turning Left,Failed to Yield Right of Way,Normal,,,,,,,,,Yes,,,,,,,Yes,,,,27,York University Heights,27,York University Heights (27),D32,623429.1841,4847119.1235
1593,4405472,957028,2/3/2007 10:00:00 AM,1120,DANFORTH AVE,WOODBINE AVE,,Major Arterial,Toronto and East York,43.685645,-79.31279,At Intersection,Traffic Signal,Clear,Daylight,Dry,Non-Fatal Injury,Pedestrian Collisions,Pedestrian,50 to 54,Major,,North,Other,,,,Vehicle turns left while ped crosses with ROW at inter.,Crossing with right of way,Normal,,,,Yes,,Yes,,,,,,,,,,,64,Woodbine Corridor,64,Woodbine Corridor (64),D55,635983.9332,4838341.2529
1594,4405473,957028,2/3/2007 10:00:00 AM,1120,DANFORTH AVE,WOODBINE AVE,,Major Arterial,Toronto and East York,43.685645,-79.31279,At Intersection,Traffic Signal,Clear,Daylight,Dry,Non-Fatal Injury,Pedestrian Collisions,Driver,60 to 64,None,,South,"Automobile, Station Wagon",Turning Left,Improper Turn,Inattentive,,,,,,,Yes,,Yes,,,,,,,,,,,64,Woodbine Corridor,64,Woodbine Corridor (64),D55,635983.9332,4838341.2529
1595,4129902,951370,2/5/2007 10:00:00 AM,523,CALEDONIA RD,CASTLEFIELD AVE,,Minor Arterial,North York,43.698445,-79.46349,At Intersection,Traffic Signal,Clear,Dark,Dry,Fatal,Angle,Passenger,45 to 49,Minor,,,Other,,,,,,,,,,,,Yes,,,,,Yes,,Yes,Yes,,,108,Briar Hill-Belgravia,108,Briar Hill-Belgravia (108),D13,623811.5176,4839526.795
1596,4129903,951370,2/5/2007 10:00:00 AM,523,CALEDONIA RD,CASTLEFIELD AVE,,Minor Arterial,North York,43.698445,-79.46349,At Intersection,Traffic Signal,Clear,Dark,Dry,Fatal,Angle,Driver,45 to 49,Fatal,,West,"Automobile, Station Wagon",Going Ahead,Driving Properly,Normal,,,,,,,,,Yes,,,,,Yes,,Yes,Yes,,,108,Briar Hill-Belgravia,108,Briar Hill-Belgravia (108),D13,623811.5176,4839526.795
1597,4129904,951370,2/5/2007 10:00:00 AM,523,CALEDONIA RD,CASTLEFIELD AVE,,Minor Arterial,North York,43.698445,-79.46349,At Intersection,Traffic Signal,Clear,Dark,Dry,Fatal,Angle,Vehicle Owner,unknown,,,,Other,,,,,,,,,,,,Yes,,,,,Yes,,Yes,Yes,,,108,Briar Hill-Belgravia,108,Briar Hill-Belgravia (108),D13,623811.5176,4839526.795
1598,4129905,951370,2/5/2007 10:00:00 AM,523,CALEDONIA RD,CASTLEFIELD AVE,,Minor Arterial,North York,43.698445,-79.46349,At Intersection,Traffic Signal,Clear,Dark,Dry,Fatal,Angle,Passenger,20 to 24,Minor,,,Other,,,,,,,,,,,,Yes,,,,,Yes,,Yes,Yes,,,108,Briar Hill-Belgravia,108,Briar Hill-Belgravia (108),D13,623811.5176,4839526.795
1599,4129906,951370,2/5/2007 10:00:00 AM,523,CALEDONIA RD,CASTLEFIELD AVE,,Minor Arterial,North York,43.698445,-79.46349,At Intersection,Traffic Signal,Clear,Dark,Dry,Fatal,Angle,Driver,20 to 24,Minor,,North,"Automobile, Station Wagon",Going Ahead,Disobeyed Traffic Control,Unknown,,,,,,,,,Yes,,,,,Yes,,Yes,Yes,,,108,Briar Hill-Belgravia,108,Briar Hill-Belgravia (108),D13,623811.5176,4839526.795
1600,4129907,951370,2/5/2007 10:00:00 AM,523,CALEDONIA RD,CASTLEFIELD AVE,,Minor Arterial,North York,43.698445,-79.46349,At Intersection,Traffic Signal,Clear,Dark,Dry,Fatal,Angle,Other Property Owner,unknown,,,,Other,,,,,,,,,,,,Yes,,,,,Yes,,Yes,Yes,,,108,Briar Hill-Belgravia,108,Briar Hill-Belgravia (108),D13,623811.5176,4839526.795
1601,4143558,957730,2/6/2007 10:00:00 AM,655,SOUTH KINGSWAY,QUEENSWAY S KINGSWAY RAMP,,Minor Arterial,Toronto and East York,43.636145,-79.47449,At Intersection,Stop Sign,Clear,Dark,Slush,Non-Fatal Injury,Turning Movement,Driver,55 to 59,Major,,South,"Automobile, Station Wagon",Going Ahead,Driving Properly,Normal,,,,,,,,,Yes,,,,,,,Yes,,,,87,High Park-Swansea,87,High Park-Swansea (87),D11,623052.3655,4832591.1916