OBJECTID,INDEX,ACCNUM,DATE,TIME,STREET1,STREET2,OFFSET,ROAD_CLASS,DISTRICT,LATITUDE,LONGITUDE,ACCLOC,TRAFFCTL,VISIBILITY,LIGHT,RDSFCOND,ACCLASS,IMPACTYPE,INVTYPE,INVAGE,INJURY,FATAL_NO,INITDIR,VEHTYPE,MANOEUVER,DRIVACT,DRIVCOND,PEDTYPE,PEDACT,PEDCOND,CYCLISTYPE,CYCACT,CYCCOND,PEDESTRIAN,CYCLIST,AUTOMOBILE,MOTORCYCLE,TRUCK,TRSN_CITY_VEH,EMERG_VEH,PASSENGER,SPEEDING,AG_DRIV,REDLIGHT,ALCOHOL,DISABILITY,HOOD_158,NEIGHBOURHOOD_158,HOOD_140,NEIGHBOURHOOD_140,DIVISION,x,y
1602,4143559,957730,2/6/2007 10:00:00 AM,655,SOUTH KINGSWAY,QUEENSWAY S KINGSWAY RAMP,,Minor Arterial,Toronto and East York,43.636145,-79.47449,At Intersection,Stop Sign,Clear,Dark,Slush,Non-Fatal Injury,Turning Movement,Driver,60 to 64,None,,West,"Automobile, Station Wagon",Turning Left,Failed to Yield Right of Way,Normal,,,,,,,,,Yes,,,,,,,Yes,,,,87,High Park-Swansea,87,High Park-Swansea (87),D11,623052.3655,4832591.1916
1603,4143560,957730,2/6/2007 10:00:00 AM,655,SOUTH KINGSWAY,QUEENSWAY S KINGSWAY RAMP,,Minor Arterial,Toronto and East York,43.636145,-79.47449,At Intersection,Stop Sign,Clear,Dark,Slush,Non-Fatal Injury,Turning Movement,Driver,35 to 39,Minor,,North,"Automobile, Station Wagon",Going Ahead,Driving Properly,Unknown,,,,,,,,,Yes,,,,,,,Yes,,,,87,High Park-Swansea,87,High Park-Swansea (87),D11,623052.3655,4832591.1916
1604,4130569,951700,2/6/2007 10:00:00 AM,800,LAKE SHORE BLVD W,BRITISH COLUMBIA RD,,Major Arterial,Toronto and East York,43.630645,-79.42739,,No Control,Clear,Daylight,Loose Snow,Non-Fatal Injury,SMV Other,Driver,50 to 54,Major,,East,"Automobile, Station Wagon",Going Ahead,Lost control,Normal,,,,,,,,,Yes,,,,,,,,,,,163,Fort York-Liberty Village,82,Niagara (82),D14,626863.2066,4832051.2472
1605,4130570,951700,2/6/2007 10:00:00 AM,800,LAKE SHORE BLVD W,BRITISH COLUMBIA RD,,Major Arterial,Toronto and East York,43.630645,-79.42739,,No Control,Clear,Daylight,Loose Snow,Non-Fatal Injury,SMV Other,Other Property Owner,unknown,None,,,Other,,,,,,,,,,,,Yes,,,,,,,,,,,163,Fort York-Liberty Village,82,Niagara (82),D14,626863.2066,4832051.2472
1606,4144900,958325,2/6/2007 10:00:00 AM,1520,VICTORIA PARK AVE,MORECAMBE GT,,Major Arterial,North York,43.798045,-79.33359,,Traffic Signal,Clear,Daylight,Dry,Non-Fatal Injury,Pedestrian Collisions,Vehicle Owner,unknown,None,,,Other,,,,,,,,,,Yes,,Yes,,,,,,,Yes,,,,147,L'Amoreaux West,117,L'Amoreaux (117),D42,634056.3903,4850791.0482
1607,4144901,958325,2/6/2007 10:00:00 AM,1520,VICTORIA PARK AVE,MORECAMBE GT,,Major Arterial,North York,43.798045,-79.33359,,Traffic Signal,Clear,Daylight,Dry,Non-Fatal Injury,Pedestrian Collisions,Driver,35 to 39,None,,West,"Automobile, Station Wagon",Turning Left,Failed to Yield Right of Way,Normal,,,,,,,Yes,,Yes,,,,,,,Yes,,,,147,L'Amoreaux West,117,L'Amoreaux (117),D42,634056.3903,4850791.0482
1608,4144902,958325,2/6/2007 10:00:00 AM,1520,VICTORIA PARK AVE,MORECAMBE GT,,Major Arterial,North York,43.798045,-79.33359,,Traffic Signal,Clear,Daylight,Dry,Non-Fatal Injury,Pedestrian Collisions,Pedestrian,65 to 69,Major,,West,Other,,,,Vehicle turns left while ped crosses with ROW at inter.,Crossing with right of way,Normal,,,,Yes,,Yes,,,,,,,Yes,,,,147,L'Amoreaux West,117,L'Amoreaux (117),D42,634056.3903,4850791.0482
1609,4143618,957751,2/6/2007 10:00:00 AM,1939,EGLINTON AVE W,BLACK CREEK DR,,Major Arterial,Etobicoke York,43.688345,-79.48289,At Intersection,Traffic Signal,Clear,Dark,Dry,Non-Fatal Injury,Turning Movement,Driver,70 to 74,Minor,,East,"Automobile, Station Wagon",Going Ahead,Driving Properly,Normal,,,,,,,,,Yes,,,,,,,Yes,,,,110,Keelesdale-Eglinton West,110,Keelesdale-Eglinton West (110),D12,622268.7809,4838376.2658
1610,4143619,957751,2/6/2007 10:00:00 AM,1939,EGLINTON AVE W,BLACK CREEK DR,,Major Arterial,Etobicoke York,43.688345,-79.48289,At Intersection,Traffic Signal,Clear,Dark,Dry,Non-Fatal Injury,Turning Movement,Driver,40 to 44,Major,,West,"Automobile, Station Wagon",Turning Left,Failed to Yield Right of Way,Normal,,,,,,,,,Yes,,,,,,,Yes,,,,110,Keelesdale-Eglinton West,110,Keelesdale-Eglinton West (110),D12,622268.7809,4838376.2658
1611,4144331,958067,2/7/2007 10:00:00 AM,750,5714 YONGE ST,,,Major Arterial,North York,43.782069,-79.416087,Non Intersection,No Control,Clear,Daylight,Dry,Non-Fatal Injury,Pedestrian Collisions,Vehicle Owner,unknown,,,,,,,,,,,,,,Yes,,,,,Yes,,,,Yes,,,,50,Newtonbrook East,50,Newtonbrook East (50),D32,627453.7112,4848886.3428
1612,4144332,958067,2/7/2007 10:00:00 AM,750,5714 YONGE ST,,,Major Arterial,North York,43.782069,-79.416087,Non Intersection,No Control,Clear,Daylight,Dry,Non-Fatal Injury,Pedestrian Collisions,Driver,55 to 59,None,,South,Municipal Transit Bus (TTC),Pulling Away from Shoulder or Curb,Failed to Yield Right of Way,Normal,,,,,,,Yes,,,,,Yes,,,,Yes,,,,50,Newtonbrook East,50,Newtonbrook East (50),D32,627453.7112,4848886.3428
1613,4144333,958067,2/7/2007 10:00:00 AM,750,5714 YONGE ST,,,Major Arterial,North York,43.782069,-79.416087,Non Intersection,No Control,Clear,Daylight,Dry,Non-Fatal Injury,Pedestrian Collisions,Pedestrian,45 to 49,Major,,Unknown,,,,,Pedestrian involved in a collision with transit vehicle anywhere along roadway,Walking on Roadway with Traffic,Normal,,,,Yes,,,,,Yes,,,,Yes,,,,50,Newtonbrook East,50,Newtonbrook East (50),D32,627453.7112,4848886.3428
1614,4131045,951917,2/7/2007 10:00:00 AM,1521,114 LA ROSE AVE,,,Collector,Etobicoke York,43.685645,-79.52069,,No Control,Clear,Daylight,Dry,Non-Fatal Injury,Pedestrian Collisions,Pedestrian,85 to 89,Major,,East,Other,,,,Vehicle is reversing and hits pedestrian,"Crossing, no Traffic Control",Normal,,,,Yes,,Yes,,,,,,,,,,,8,Humber Heights-Westmount,8,Humber Heights-Westmount (8),D23,619227.6811,4838021.3576
1615,4131046,951917,2/7/2007 10:00:00 AM,1521,114 LA ROSE AVE,,,Collector,Etobicoke York,43.685645,-79.52069,,No Control,Clear,Daylight,Dry,Non-Fatal Injury,Pedestrian Collisions,Driver,75 to 79,None,,North,"Automobile, Station Wagon",Reversing,Other,Normal,,,,,,,Yes,,Yes,,,,,,,,,,,8,Humber Heights-Westmount,8,Humber Heights-Westmount (8),D23,619227.6811,4838021.3576
1616,4144962,958350,2/8/2007 10:00:00 AM,920,CROCKFORD BLVD,BERTRAND AVE,,Collector,Scarborough,43.733845,-79.28599,,No Control,Clear,Daylight,Dry,Non-Fatal Injury,Turning Movement,Vehicle Owner,unknown,,,,Other,,,,,,,,,,,,Yes,,,,,,,Yes,,,,119,Wexford/Maryvale,119,Wexford/Maryvale (119),D41,638033.2623,4843738.8539
1617,4144963,958350,2/8/2007 10:00:00 AM,920,CROCKFORD BLVD,BERTRAND AVE,,Collector,Scarborough,43.733845,-79.28599,,No Control,Clear,Daylight,Dry,Non-Fatal Injury,Turning Movement,Driver,25 to 29,None,,West,"Automobile, Station Wagon",Turning Right,Lost control,Normal,,,,,,,,,Yes,,,,,,,Yes,,,,119,Wexford/Maryvale,119,Wexford/Maryvale (119),D41,638033.2623,4843738.8539
1618,4144964,958350,2/8/2007 10:00:00 AM,920,CROCKFORD BLVD,BERTRAND AVE,,Collector,Scarborough,43.733845,-79.28599,,No Control,Clear,Daylight,Dry,Non-Fatal Injury,Turning Movement,Vehicle Owner,unknown,,,,Other,,,,,,,,,,,,Yes,,,,,,,Yes,,,,119,Wexford/Maryvale,119,Wexford/Maryvale (119),D41,638033.2623,4843738.8539
1619,4144965,958350,2/8/2007 10:00:00 AM,920,CROCKFORD BLVD,BERTRAND AVE,,Collector,Scarborough,43.733845,-79.28599,,No Control,Clear,Daylight,Dry,Non-Fatal Injury,Turning Movement,Driver,45 to 49,Major,,South,"Automobile, Station Wagon",Going Ahead,Driving Properly,Normal,,,,,,,,,Yes,,,,,,,Yes,,,,119,Wexford/Maryvale,119,Wexford/Maryvale (119),D41,638033.2623,4843738.8539
1620,4144470,958123,2/8/2007 10:00:00 AM,1038,DUFFERIN ST,SYLVAN AVE,,Major Arterial,Toronto and East York,43.654645,-79.43339,,No Control,Clear,Daylight,Dry,Non-Fatal Injury,Pedestrian Collisions,Driver,35 to 39,None,,South,"Automobile, Station Wagon",Going Ahead,Driving Properly,Normal,,,,,,,Yes,,Yes,,,,,,,,,,,83,Dufferin Grove,83,Dufferin Grove (83),D11,626328.8665,4834707.6036
1621,4144471,958123,2/8/2007 10:00:00 AM,1038,DUFFERIN ST,SYLVAN AVE,,Major Arterial,Toronto and East York,43.654645,-79.43339,,No Control,Clear,Daylight,Dry,Non-Fatal Injury,Pedestrian Collisions,Pedestrian,20 to 24,Major,,West,Other,,,,Vehicle is going straight thru inter.while ped cross without ROW,"Crossing, no Traffic Control",Normal,,,,Yes,,Yes,,,,,,,,,,,83,Dufferin Grove,83,Dufferin Grove (83),D11,626328.8665,4834707.6036
1622,4131541,952125,2/8/2007 10:00:00 AM,2000,621 ROYAL YORK Road,,,Minor Arterial,Etobicoke York,43.628345,-79.50329,,No Control,Clear,Dark,Dry,Non-Fatal Injury,SMV Unattended Vehicle,Vehicle Owner,unknown,None,,,Other,Parked,,,,,,,,,,,Yes,,,,,,,,,,,16,Stonegate-Queensway,16,Stonegate-Queensway (16),D22,620744.8663,4831682.6138
1623,4131542,952125,2/8/2007 10:00:00 AM,2000,621 ROYAL YORK Road,,,Minor Arterial,Etobicoke York,43.628345,-79.50329,,No Control,Clear,Dark,Dry,Non-Fatal Injury,SMV Unattended Vehicle,Driver,60 to 64,Major,,North,"Automobile, Station Wagon",Going Ahead,,,,,,,,,,,Yes,,,,,,,,,,,16,Stonegate-Queensway,16,Stonegate-Queensway (16),D22,620744.8663,4831682.6138
1624,4292020,952260,2/9/2007 10:00:00 AM,900,ST CLAIR AVE E,BIRCHMOUNT RD,,Major Arterial,Scarborough,43.715145,-79.26729,,No Control,Clear,Daylight,Dry,Non-Fatal Injury,Rear End,Vehicle Owner,unknown,None,,,Other,,,,,,,,,,,,Yes,,,,,,,Yes,,,,124,Kennedy Park,124,Kennedy Park (124),D41,639582.6612,4841693.2669
1625,4292021,952260,2/9/2007 10:00:00 AM,900,ST CLAIR AVE E,BIRCHMOUNT RD,,Major Arterial,Scarborough,43.715145,-79.26729,,No Control,Clear,Daylight,Dry,Non-Fatal Injury,Rear End,Driver,55 to 59,None,,West,"Automobile, Station Wagon",Going Ahead,Following too Close,Inattentive,,,,,,,,,Yes,,,,,,,Yes,,,,124,Kennedy Park,124,Kennedy Park (124),D41,639582.6612,4841693.2669
1626,4292022,952260,2/9/2007 10:00:00 AM,900,ST CLAIR AVE E,BIRCHMOUNT RD,,Major Arterial,Scarborough,43.715145,-79.26729,,No Control,Clear,Daylight,Dry,Non-Fatal Injury,Rear End,Driver,70 to 74,Minor,,East,"Automobile, Station Wagon",Going Ahead,Driving Properly,Normal,,,,,,,,,Yes,,,,,,,Yes,,,,124,Kennedy Park,124,Kennedy Park (124),D41,639582.6612,4841693.2669
1627,4292023,952260,2/9/2007 10:00:00 AM,900,ST CLAIR AVE E,BIRCHMOUNT RD,,Major Arterial,Scarborough,43.715145,-79.26729,,No Control,Clear,Daylight,Dry,Non-Fatal Injury,Rear End,Driver,30 to 34,Major,,West,"Automobile, Station Wagon",Stopped,Driving Properly,Normal,,,,,,,,,Yes,,,,,,,Yes,,,,124,Kennedy Park,124,Kennedy Park (124),D41,639582.6612,4841693.2669
1628,4292024,952260,2/9/2007 10:00:00 AM,900,ST CLAIR AVE E,BIRCHMOUNT RD,,Major Arterial,Scarborough,43.715145,-79.26729,,No Control,Clear,Daylight,Dry,Non-Fatal Injury,Rear End,Driver,30 to 34,None,,West,"Automobile, Station Wagon",Stopped,Driving Properly,Normal,,,,,,,,,Yes,,,,,,,Yes,,,,124,Kennedy Park,124,Kennedy Park (124),D41,639582.6612,4841693.2669
1629,4292025,952260,2/9/2007 10:00:00 AM,900,ST CLAIR AVE E,BIRCHMOUNT RD,,Major Arterial,Scarborough,43.715145,-79.26729,,No Control,Clear,Daylight,Dry,Non-Fatal Injury,Rear End,Driver,30 to 34,None,,West,"Automobile, Station Wagon",Stopped,Driving Properly,Normal,,,,,,,,,Yes,,,,,,,Yes,,,,124,Kennedy Park,124,Kennedy Park (124),D41,639582.6612,4841693.2669
1630,4181082,974158,2/10/2007 10:00:00 AM,52,OSSINGTON AVE,CHURCHILL AVE,,Minor Arterial,Toronto and East York,43.651945,-79.42179,At Intersection,Traffic Signal,Clear,Dark,Dry,Non-Fatal Injury,Pedestrian Collisions,Pedestrian,10 to 14,Major,,East,Other,,,,Vehicle is going straight thru inter.while ped cross with ROW,Running onto Roadway,"Ability Impaired, Alcohol",,,,Yes,,Yes,,,,,Yes,Yes,Yes,,,,81,Trinity-Bellwoods,81,Trinity-Bellwoods (81),D14,627269.9839,4834425.4589
1631,4181083,974158,2/10/2007 10:00:00 AM,52,OSSINGTON AVE,CHURCHILL AVE,,Minor Arterial,Toronto and East York,43.651945,-79.42179,At Intersection,Traffic Signal,Clear,Dark,Dry,Non-Fatal Injury,Pedestrian Collisions,Passenger,30 to 34,None,,,Other,Other,,,,,,,,,Yes,,Yes,,,,,Yes,Yes,Yes,,,,81,Trinity-Bellwoods,81,Trinity-Bellwoods (81),D14,627269.9839,4834425.4589
1632,4181084,974158,2/10/2007 10:00:00 AM,52,OSSINGTON AVE,CHURCHILL AVE,,Minor Arterial,Toronto and East York,43.651945,-79.42179,At Intersection,Traffic Signal,Clear,Dark,Dry,Non-Fatal Injury,Pedestrian Collisions,Passenger,25 to 29,None,,,Other,Other,,,,,,,,,Yes,,Yes,,,,,Yes,Yes,Yes,,,,81,Trinity-Bellwoods,81,Trinity-Bellwoods (81),D14,627269.9839,4834425.4589
1633,4181085,974158,2/10/2007 10:00:00 AM,52,OSSINGTON AVE,CHURCHILL AVE,,Minor Arterial,Toronto and East York,43.651945,-79.42179,At Intersection,Traffic Signal,Clear,Dark,Dry,Non-Fatal Injury,Pedestrian Collisions,Vehicle Owner,unknown,None,,,Other,Going Ahead,,,,,,,,,Yes,,Yes,,,,,Yes,Yes,Yes,,,,81,Trinity-Bellwoods,81,Trinity-Bellwoods (81),D14,627269.9839,4834425.4589
1634,4181086,974158,2/10/2007 10:00:00 AM,52,OSSINGTON AVE,CHURCHILL AVE,,Minor Arterial,Toronto and East York,43.651945,-79.42179,At Intersection,Traffic Signal,Clear,Dark,Dry,Non-Fatal Injury,Pedestrian Collisions,Driver,25 to 29,None,,South,"Automobile, Station Wagon",Going Ahead,Exceeding Speed Limit,Normal,,,,,,,Yes,,Yes,,,,,Yes,Yes,Yes,,,,81,Trinity-Bellwoods,81,Trinity-Bellwoods (81),D14,627269.9839,4834425.4589
1635,4405459,952529,2/11/2007 10:00:00 AM,202,KIPLING AVE,ADVANCE RD,,Major Arterial,Etobicoke York,43.632645,-79.53159,At Intersection,No Control,Clear,Dark,Dry,Fatal,Pedestrian Collisions,Vehicle Owner,unknown,,,,Other,,,,,,,,,,Yes,,Yes,,,,,,Yes,Yes,,Yes,,159,Etobicoke City Centre,14,Islington-City Centre West (14),D22,618453.3393,4832119.4118
1636,4405460,952529,2/11/2007 10:00:00 AM,202,KIPLING AVE,ADVANCE RD,,Major Arterial,Etobicoke York,43.632645,-79.53159,At Intersection,No Control,Clear,Dark,Dry,Fatal,Pedestrian Collisions,Driver,20 to 24,None,,North,"Automobile, Station Wagon",Going Ahead,Exceeding Speed Limit,"Ability Impaired, Alcohol Over .08",,,,,,,Yes,,Yes,,,,,,Yes,Yes,,Yes,,159,Etobicoke City Centre,14,Islington-City Centre West (14),D22,618453.3393,4832119.4118
1637,4405461,952529,2/11/2007 10:00:00 AM,202,KIPLING AVE,ADVANCE RD,,Major Arterial,Etobicoke York,43.632645,-79.53159,At Intersection,No Control,Clear,Dark,Dry,Fatal,Pedestrian Collisions,Pedestrian,15 to 19,Fatal,,West,Other,,,,Pedestrian hit at mid-block,Walking on Roadway with Traffic,Unknown,,,,Yes,,Yes,,,,,,Yes,Yes,,Yes,,159,Etobicoke City Centre,14,Islington-City Centre West (14),D22,618453.3393,4832119.4118
1638,4147965,959650,2/12/2007 10:00:00 AM,112,NEILSON RD,FINCH AVE E,,Collector,Scarborough,43.817045,-79.22799,,No Control,Clear,Dark,Dry,Non-Fatal Injury,SMV Other,Driver,50 to 54,Major,,South,"Automobile, Station Wagon",Overtaking,Lost control,Unknown,,,,,,,,,Yes,,,,,,,,,,,144,Morningside Heights,131,Rouge (131),D42,642506.4134,4853077.7867
1639,4147966,959650,2/12/2007 10:00:00 AM,112,NEILSON RD,FINCH AVE E,,Collector,Scarborough,43.817045,-79.22799,,No Control,Clear,Dark,Dry,Non-Fatal Injury,SMV Other,Other Property Owner,unknown,,,,Other,,,,,,,,,,,,Yes,,,,,,,,,,,144,Morningside Heights,131,Rouge (131),D42,642506.4134,4853077.7867
1640,4186135,976566,2/12/2007 10:00:00 AM,850,BRIMLEY RD,PITFIELD RD,,Major Arterial,Scarborough,43.783445,-79.26639,At Intersection,Traffic Signal,Snow,Daylight,Loose Snow,Non-Fatal Injury,Cyclist Collisions,Driver,unknown,None,,South,"Automobile, Station Wagon",Going Ahead,Driving Properly,Normal,,,,,,,,Yes,Yes,,,,,,,,,,,128,Agincourt South-Malvern West,128,Agincourt South-Malvern West (128),D42,639496.3986,4849280.5352
1641,4186136,976566,2/12/2007 10:00:00 AM,850,BRIMLEY RD,PITFIELD RD,,Major Arterial,Scarborough,43.783445,-79.26639,At Intersection,Traffic Signal,Snow,Daylight,Loose Snow,Non-Fatal Injury,Cyclist Collisions,Cyclist,40 to 44,Major,,West,Bicycle,Going Ahead,,,,,,"Motorist without ROW drives into path of cyclist at inter, lnwy, dwy-Driver not turn.",Failed to Yield Right of Way,Normal,,Yes,Yes,,,,,,,,,,,128,Agincourt South-Malvern West,128,Agincourt South-Malvern West (128),D42,639496.3986,4849280.5352
1642,4146227,958900,2/13/2007 10:00:00 AM,915,ST CLAIR Aven W,KEELE Stre,,Major Arterial,Etobicoke York,43.672845,-79.46599,,No Control,Clear,Daylight,Dry,Non-Fatal Injury,SMV Other,Vehicle Owner,unknown,None,,,Other,,,,,,,,,,,,,,Yes,,,,,,,,,90,Junction Area,90,Junction Area (90),D11,623662.6575,4836679.8383
1643,4146228,958900,2/13/2007 10:00:00 AM,915,ST CLAIR Aven W,KEELE Stre,,Major Arterial,Etobicoke York,43.672845,-79.46599,,No Control,Clear,Daylight,Dry,Non-Fatal Injury,SMV Other,Truck Driver,30 to 34,Major,,East,Truck - Open,Going Ahead,Driving Properly,Normal,,,,,,,,,,,Yes,,,,,,,,,90,Junction Area,90,Junction Area (90),D11,623662.6575,4836679.8383
1644,4146229,958900,2/13/2007 10:00:00 AM,915,ST CLAIR Aven W,KEELE Stre,,Major Arterial,Etobicoke York,43.672845,-79.46599,,No Control,Clear,Daylight,Dry,Non-Fatal Injury,SMV Other,Other Property Owner,unknown,None,,,Other,,,,,,,,,,,,,,Yes,,,,,,,,,90,Junction Area,90,Junction Area (90),D11,623662.6575,4836679.8383
1645,4146230,958900,2/13/2007 10:00:00 AM,915,ST CLAIR Aven W,KEELE Stre,,Major Arterial,Etobicoke York,43.672845,-79.46599,,No Control,Clear,Daylight,Dry,Non-Fatal Injury,SMV Other,Other Property Owner,unknown,None,,,Other,,,,,,,,,,,,,,Yes,,,,,,,,,90,Junction Area,90,Junction Area (90),D11,623662.6575,4836679.8383
1646,4133907,953178,2/14/2007 10:00:00 AM,700,MCNICOLL AVE,WARDEN AVE,,Minor Arterial,Scarborough,43.806045,-79.32219,,No Control,Snow,Dark,Packed Snow,Fatal,Pedestrian Collisions,Driver,25 to 29,None,,East,"Automobile, Station Wagon",Going Ahead,Speed too Fast For Condition,Normal,,,,,,,Yes,,Yes,,,,,,Yes,Yes,,,,116,Steeles,116,Steeles (116),D42,634955.4719,4851698.1054
1647,4133908,953178,2/14/2007 10:00:00 AM,700,MCNICOLL AVE,WARDEN AVE,,Minor Arterial,Scarborough,43.806045,-79.32219,,No Control,Snow,Dark,Packed Snow,Fatal,Pedestrian Collisions,Pedestrian,30 to 34,Fatal,,North,Other,,,,Pedestrian hit at mid-block,Walking on Roadway with Traffic,Inattentive,,,,Yes,,Yes,,,,,,Yes,Yes,,,,116,Steeles,116,Steeles (116),D42,634955.4719,4851698.1054
1648,4146453,958999,2/14/2007 10:00:00 AM,1305,THE QUEENSWAY,THE EAST MALL,,Major Arterial,Etobicoke York,43.616445,-79.54629,At Intersection,Traffic Signal,Snow,Daylight,Loose Snow,Non-Fatal Injury,Angle,Driver,25 to 29,None,,East,"Automobile, Station Wagon",Going Ahead,Speed too Fast For Condition,Normal,,,,,,,,,Yes,,Yes,,,,Yes,Yes,,,,159,Etobicoke City Centre,14,Islington-City Centre West (14),D22,617299.0154,4830299.3334
1649,4146454,958999,2/14/2007 10:00:00 AM,1305,THE QUEENSWAY,THE EAST MALL,,Major Arterial,Etobicoke York,43.616445,-79.54629,At Intersection,Traffic Signal,Snow,Daylight,Loose Snow,Non-Fatal Injury,Angle,Vehicle Owner,unknown,None,,,Other,,,,,,,,,,,,Yes,,Yes,,,,Yes,Yes,,,,159,Etobicoke City Centre,14,Islington-City Centre West (14),D22,617299.0154,4830299.3334
1650,4146455,958999,2/14/2007 10:00:00 AM,1305,THE QUEENSWAY,THE EAST MALL,,Major Arterial,Etobicoke York,43.616445,-79.54629,At Intersection,Traffic Signal,Snow,Daylight,Loose Snow,Non-Fatal Injury,Angle,Truck Driver,35 to 39,Major,,South,Truck - Open,Going Ahead,Driving Properly,Normal,,,,,,,,,Yes,,Yes,,,,Yes,Yes,,,,159,Etobicoke City Centre,14,Islington-City Centre West (14),D22,617299.0154,4830299.3334
1651,4146456,958999,2/14/2007 10:00:00 AM,1305,THE QUEENSWAY,THE EAST MALL,,Major Arterial,Etobicoke York,43.616445,-79.54629,At Intersection,Traffic Signal,Snow,Daylight,Loose Snow,Non-Fatal Injury,Angle,Other,unknown,None,,,Other,,,,,,,,,,,,Yes,,Yes,,,,Yes,Yes,,,,159,Etobicoke City Centre,14,Islington-City Centre West (14),D22,617299.0154,4830299.3334
1652,4135118,953726,2/15/2007 10:00:00 AM,1445,EGLINTON AVE W,KIPLING AVE,,Major Arterial,Etobicoke York,43.677345,-79.54989,,No Control,Clear,Daylight,Other,Non-Fatal Injury,Rear End,Passenger,40 to 44,Major,,,Other,Other,,,,,,,,,,,Yes,,,,,Yes,,Yes,,,,10,Princess-Rosethorn,10,Princess-Rosethorn (10),D22,616890.3526,4837057.9685
1653,4135119,953726,2/15/2007 10:00:00 AM,1445,EGLINTON AVE W,KIPLING AVE,,Major Arterial,Etobicoke York,43.677345,-79.54989,,No Control,Clear,Daylight,Other,Non-Fatal Injury,Rear End,Driver,40 to 44,Minimal,,West,"Automobile, Station Wagon",Slowing or Stopping,Driving Properly,Normal,,,,,,,,,Yes,,,,,Yes,,Yes,,,,10,Princess-Rosethorn,10,Princess-Rosethorn (10),D22,616890.3526,4837057.9685
1654,4135120,953726,2/15/2007 10:00:00 AM,1445,EGLINTON AVE W,KIPLING AVE,,Major Arterial,Etobicoke York,43.677345,-79.54989,,No Control,Clear,Daylight,Other,Non-Fatal Injury,Rear End,Driver,20 to 24,None,,West,"Automobile, Station Wagon",Going Ahead,Following too Close,Unknown,,,,,,,,,Yes,,,,,Yes,,Yes,,,,10,Princess-Rosethorn,10,Princess-Rosethorn (10),D22,616890.3526,4837057.9685
1655,4146974,959236,2/15/2007 10:00:00 AM,1531,JANE ST,WOOLNER AVE,,Major Arterial,Etobicoke York,43.671645,-79.49369,At Intersection,Traffic Signal,Clear,Daylight,Dry,Non-Fatal Injury,Pedestrian Collisions,Driver,20 to 24,None,,West,"Automobile, Station Wagon",Turning Right,Improper Turn,Normal,,,,,,,Yes,,Yes,,,,,,,,,,,111,Rockcliffe-Smythe,111,Rockcliffe-Smythe (111),D12,621432.0508,4836505.641
1656,4146975,959236,2/15/2007 10:00:00 AM,1531,JANE ST,WOOLNER AVE,,Major Arterial,Etobicoke York,43.671645,-79.49369,At Intersection,Traffic Signal,Clear,Daylight,Dry,Non-Fatal Injury,Pedestrian Collisions,Vehicle Owner,unknown,None,,,Other,,,,,,,,,,Yes,,Yes,,,,,,,,,,,111,Rockcliffe-Smythe,111,Rockcliffe-Smythe (111),D12,621432.0508,4836505.641
1657,4146976,959236,2/15/2007 10:00:00 AM,1531,JANE ST,WOOLNER AVE,,Major Arterial,Etobicoke York,43.671645,-79.49369,At Intersection,Traffic Signal,Clear,Daylight,Dry,Non-Fatal Injury,Pedestrian Collisions,Pedestrian,45 to 49,Major,,West,Other,,,,Vehicle turns right while ped crosses with ROW at inter.,Crossing with right of way,Normal,,,,Yes,,Yes,,,,,,,,,,,111,Rockcliffe-Smythe,111,Rockcliffe-Smythe (111),D12,621432.0508,4836505.641
1658,4135526,953931,2/16/2007 10:00:00 AM,2008,LAKE SHORE BLVD W,NEWFOUNDLAND RD,,Major Arterial,Toronto and East York,43.632445,-79.41079,At Intersection,Traffic Signal,Clear,Dark,Dry,Non-Fatal Injury,Turning Movement,Passenger,35 to 39,Minor,,,"Automobile, Station Wagon",Other,,,,,,,,,,,Yes,,,,,Yes,,Yes,Yes,,,163,Fort York-Liberty Village,82,Niagara (82),D14,628198.5232,4832276.6621
1659,4135527,953931,2/16/2007 10:00:00 AM,2008,LAKE SHORE BLVD W,NEWFOUNDLAND RD,,Major Arterial,Toronto and East York,43.632445,-79.41079,At Intersection,Traffic Signal,Clear,Dark,Dry,Non-Fatal Injury,Turning Movement,Vehicle Owner,unknown,None,,,Other,Other,,,,,,,,,,,Yes,,,,,Yes,,Yes,Yes,,,163,Fort York-Liberty Village,82,Niagara (82),D14,628198.5232,4832276.6621
1660,4135528,953931,2/16/2007 10:00:00 AM,2008,LAKE SHORE BLVD W,NEWFOUNDLAND RD,,Major Arterial,Toronto and East York,43.632445,-79.41079,At Intersection,Traffic Signal,Clear,Dark,Dry,Non-Fatal Injury,Turning Movement,Driver,35 to 39,Minor,,East,"Automobile, Station Wagon",Turning Left,Driving Properly,Normal,,,,,,,,,Yes,,,,,Yes,,Yes,Yes,,,163,Fort York-Liberty Village,82,Niagara (82),D14,628198.5232,4832276.6621
1661,4135529,953931,2/16/2007 10:00:00 AM,2008,LAKE SHORE BLVD W,NEWFOUNDLAND RD,,Major Arterial,Toronto and East York,43.632445,-79.41079,At Intersection,Traffic Signal,Clear,Dark,Dry,Non-Fatal Injury,Turning Movement,Driver,60 to 64,Major,,West,"Automobile, Station Wagon",Other,Disobeyed Traffic Control,Unknown,,,,,,,,,Yes,,,,,Yes,,Yes,Yes,,,163,Fort York-Liberty Village,82,Niagara (82),D14,628198.5232,4832276.6621
1662,4140863,956470,2/16/2007 10:00:00 AM,2305,4400 DUFFERIN Stre,,,Major Arterial,North York,43.765445,-79.46619,At Intersection,Traffic Signal,Clear,Dark,Wet,Non-Fatal Injury,Turning Movement,Vehicle Owner,unknown,None,,,Other,Unknown,,,,,,,,,,,Yes,,,,,Yes,,Yes,Yes,,,27,York University Heights,27,York University Heights (27),D32,623456.2106,4846964.0798