OBJECTID,INDEX,ACCNUM,DATE,TIME,STREET1,STREET2,OFFSET,ROAD_CLASS,DISTRICT,LATITUDE,LONGITUDE,ACCLOC,TRAFFCTL,VISIBILITY,LIGHT,RDSFCOND,ACCLASS,IMPACTYPE,INVTYPE,INVAGE,INJURY,FATAL_NO,INITDIR,VEHTYPE,MANOEUVER,DRIVACT,DRIVCOND,PEDTYPE,PEDACT,PEDCOND,CYCLISTYPE,CYCACT,CYCCOND,PEDESTRIAN,CYCLIST,AUTOMOBILE,MOTORCYCLE,TRUCK,TRSN_CITY_VEH,EMERG_VEH,PASSENGER,SPEEDING,AG_DRIV,REDLIGHT,ALCOHOL,DISABILITY,HOOD_158,NEIGHBOURHOOD_158,HOOD_140,NEIGHBOURHOOD_140,DIVISION,x,y
1663,4140864,956470,2/16/2007 10:00:00 AM,2305,4400 DUFFERIN Stre,,,Major Arterial,North York,43.765445,-79.46619,At Intersection,Traffic Signal,Clear,Dark,Wet,Non-Fatal Injury,Turning Movement,Driver,unknown,None,,South,"Automobile, Station Wagon",Going Ahead,Disobeyed Traffic Control,Unknown,,,,,,,,,Yes,,,,,Yes,,Yes,Yes,,,27,York University Heights,27,York University Heights (27),D32,623456.2106,4846964.0798
1664,4140865,956470,2/16/2007 10:00:00 AM,2305,4400 DUFFERIN Stre,,,Major Arterial,North York,43.765445,-79.46619,At Intersection,Traffic Signal,Clear,Dark,Wet,Non-Fatal Injury,Turning Movement,Passenger,40 to 44,Major,,,Other,Other,,,,,,,,,,,Yes,,,,,Yes,,Yes,Yes,,,27,York University Heights,27,York University Heights (27),D32,623456.2106,4846964.0798
1665,4140866,956470,2/16/2007 10:00:00 AM,2305,4400 DUFFERIN Stre,,,Major Arterial,North York,43.765445,-79.46619,At Intersection,Traffic Signal,Clear,Dark,Wet,Non-Fatal Injury,Turning Movement,Passenger,10 to 14,Minor,,,Other,Other,,,,,,,,,,,Yes,,,,,Yes,,Yes,Yes,,,27,York University Heights,27,York University Heights (27),D32,623456.2106,4846964.0798
1666,4140867,956470,2/16/2007 10:00:00 AM,2305,4400 DUFFERIN Stre,,,Major Arterial,North York,43.765445,-79.46619,At Intersection,Traffic Signal,Clear,Dark,Wet,Non-Fatal Injury,Turning Movement,Passenger,5 to 9,Minimal,,,Other,Other,,,,,,,,,,,Yes,,,,,Yes,,Yes,Yes,,,27,York University Heights,27,York University Heights (27),D32,623456.2106,4846964.0798
1667,4140868,956470,2/16/2007 10:00:00 AM,2305,4400 DUFFERIN Stre,,,Major Arterial,North York,43.765445,-79.46619,At Intersection,Traffic Signal,Clear,Dark,Wet,Non-Fatal Injury,Turning Movement,Passenger,15 to 19,Minor,,,Other,Other,,,,,,,,,,,Yes,,,,,Yes,,Yes,Yes,,,27,York University Heights,27,York University Heights (27),D32,623456.2106,4846964.0798
1668,4140869,956470,2/16/2007 10:00:00 AM,2305,4400 DUFFERIN Stre,,,Major Arterial,North York,43.765445,-79.46619,At Intersection,Traffic Signal,Clear,Dark,Wet,Non-Fatal Injury,Turning Movement,Driver,25 to 29,Minor,,East,"Automobile, Station Wagon",Turning Left,Driving Properly,Normal,,,,,,,,,Yes,,,,,Yes,,Yes,Yes,,,27,York University Heights,27,York University Heights (27),D32,623456.2106,4846964.0798
1669,4148453,959865,2/18/2007 10:00:00 AM,1912,DIXON RD,427 N DIXON RAMP N,,Major Arterial,Etobicoke York,43.686545,-79.59939,At Intersection,Traffic Signal,Clear,Dark,Dry,Non-Fatal Injury,Turning Movement,Driver,55 to 59,Major,,West,"Automobile, Station Wagon",Turning Left,Lost control,Normal,,,,,,,,,Yes,,,,,,,,,,,1,West Humber-Clairville,1,West Humber-Clairville (1),D23,612882.9777,4838011.1846
1670,4148454,959865,2/18/2007 10:00:00 AM,1912,DIXON RD,427 N DIXON RAMP N,,Major Arterial,Etobicoke York,43.686545,-79.59939,At Intersection,Traffic Signal,Clear,Dark,Dry,Non-Fatal Injury,Turning Movement,Driver,45 to 49,None,,West,"Automobile, Station Wagon",Going Ahead,Driving Properly,Normal,,,,,,,,,Yes,,,,,,,,,,,1,West Humber-Clairville,1,West Humber-Clairville (1),D23,612882.9777,4838011.1846
1671,4136608,954405,2/19/2007 10:00:00 AM,1358,SPADINA AVE,WILLISON SQ,,Major Arterial,Toronto and East York,43.652345,-79.39779,,No Control,Clear,Daylight,Wet,Fatal,Pedestrian Collisions,Pedestrian,55 to 59,Fatal,,East,Other,,,,Pedestrian hit at mid-block,"Crossing, no Traffic Control",Normal,,,,Yes,,Yes,,,,,,,,,,,78,Kensington-Chinatown,78,Kensington-Chinatown (78),D52,629204.5535,4834506.973
1672,4136609,954405,2/19/2007 10:00:00 AM,1358,SPADINA AVE,WILLISON SQ,,Major Arterial,Toronto and East York,43.652345,-79.39779,,No Control,Clear,Daylight,Wet,Fatal,Pedestrian Collisions,Vehicle Owner,unknown,,,,Other,,,,,,,,,,Yes,,Yes,,,,,,,,,,,78,Kensington-Chinatown,78,Kensington-Chinatown (78),D52,629204.5535,4834506.973
1673,4136610,954405,2/19/2007 10:00:00 AM,1358,SPADINA AVE,WILLISON SQ,,Major Arterial,Toronto and East York,43.652345,-79.39779,,No Control,Clear,Daylight,Wet,Fatal,Pedestrian Collisions,Driver,35 to 39,None,,North,"Automobile, Station Wagon",Going Ahead,Driving Properly,Normal,,,,,,,Yes,,Yes,,,,,,,,,,,78,Kensington-Chinatown,78,Kensington-Chinatown (78),D52,629204.5535,4834506.973
1674,4148259,959779,2/19/2007 10:00:00 AM,1941,ISLINGTON AVE,LEMSFORD RD,,Major Arterial,Etobicoke York,43.704445,-79.55009,At Intersection,Stop Sign,Clear,Dark,Dry,Non-Fatal Injury,Turning Movement,Driver,60 to 64,None,,West,"Automobile, Station Wagon",Turning Left,Improper Turn,Inattentive,,,,,,,,,Yes,,,,,,,,,,,6,Kingsview Village-The Westway,6,Kingsview Village-The Westway (6),D23,616821.6069,4840067.5056
1675,4148260,959779,2/19/2007 10:00:00 AM,1941,ISLINGTON AVE,LEMSFORD RD,,Major Arterial,Etobicoke York,43.704445,-79.55009,At Intersection,Stop Sign,Clear,Dark,Dry,Non-Fatal Injury,Turning Movement,Driver,25 to 29,Major,,North,"Automobile, Station Wagon",Going Ahead,Driving Properly,Normal,,,,,,,,,Yes,,,,,,,,,,,6,Kingsview Village-The Westway,6,Kingsview Village-The Westway (6),D23,616821.6069,4840067.5056
1676,4137573,954852,2/21/2007 10:00:00 AM,1405,16 HISCOCK BLVD,,,Collector,Scarborough,43.762345,-79.22209,,No Control,Clear,Daylight,Dry,Non-Fatal Injury,Approaching,Vehicle Owner,unknown,None,,,Other,,,,,,,,,,,,Yes,,,,,,Yes,Yes,,Yes,,141,Golfdale-Cedarbrae-Woburn,137,Woburn (137),D43,643111.4012,4847012.6559
1677,4137574,954852,2/21/2007 10:00:00 AM,1405,16 HISCOCK BLVD,,,Collector,Scarborough,43.762345,-79.22209,,No Control,Clear,Daylight,Dry,Non-Fatal Injury,Approaching,Vehicle Owner,unknown,None,,,Other,,,,,,,,,,,,Yes,,,,,,Yes,Yes,,Yes,,141,Golfdale-Cedarbrae-Woburn,137,Woburn (137),D43,643111.4012,4847012.6559
1678,4137575,954852,2/21/2007 10:00:00 AM,1405,16 HISCOCK BLVD,,,Collector,Scarborough,43.762345,-79.22209,,No Control,Clear,Daylight,Dry,Non-Fatal Injury,Approaching,Vehicle Owner,unknown,None,,,Other,,,,,,,,,,,,Yes,,,,,,Yes,Yes,,Yes,,141,Golfdale-Cedarbrae-Woburn,137,Woburn (137),D43,643111.4012,4847012.6559
1679,4137576,954852,2/21/2007 10:00:00 AM,1405,16 HISCOCK BLVD,,,Collector,Scarborough,43.762345,-79.22209,,No Control,Clear,Daylight,Dry,Non-Fatal Injury,Approaching,Driver,65 to 69,Major,,West,"Automobile, Station Wagon",Going Ahead,Speed too Fast For Condition,"Ability Impaired, Alcohol",,,,,,,,,Yes,,,,,,Yes,Yes,,Yes,,141,Golfdale-Cedarbrae-Woburn,137,Woburn (137),D43,643111.4012,4847012.6559
1680,4137577,954852,2/21/2007 10:00:00 AM,1405,16 HISCOCK BLVD,,,Collector,Scarborough,43.762345,-79.22209,,No Control,Clear,Daylight,Dry,Non-Fatal Injury,Approaching,Vehicle Owner,unknown,None,,,Other,,,,,,,,,,,,Yes,,,,,,Yes,Yes,,Yes,,141,Golfdale-Cedarbrae-Woburn,137,Woburn (137),D43,643111.4012,4847012.6559
1681,4137578,954852,2/21/2007 10:00:00 AM,1405,16 HISCOCK BLVD,,,Collector,Scarborough,43.762345,-79.22209,,No Control,Clear,Daylight,Dry,Non-Fatal Injury,Approaching,Vehicle Owner,unknown,None,,,Other,,,,,,,,,,,,Yes,,,,,,Yes,Yes,,Yes,,141,Golfdale-Cedarbrae-Woburn,137,Woburn (137),D43,643111.4012,4847012.6559
1682,4148716,959973,2/23/2007 10:00:00 AM,830,ST CLAIR AVE E,WARDEN AVE,,Major Arterial,Scarborough,43.712045,-79.28099,At Intersection,Traffic Signal,Clear,Daylight,Dry,Non-Fatal Injury,Pedestrian Collisions,Driver,55 to 59,None,,East,"Automobile, Station Wagon",Turning Right,Failed to Yield Right of Way,Normal,,,,,,,Yes,,Yes,,,,,,,Yes,,,,120,Clairlea-Birchmount,120,Clairlea-Birchmount (120),D41,638486.152,4841325.9859
1683,4148717,959973,2/23/2007 10:00:00 AM,830,ST CLAIR AVE E,WARDEN AVE,,Major Arterial,Scarborough,43.712045,-79.28099,At Intersection,Traffic Signal,Clear,Daylight,Dry,Non-Fatal Injury,Pedestrian Collisions,Pedestrian,55 to 59,Major,,East,Other,,,,Vehicle turns right while ped crosses with ROW at inter.,Crossing with right of way,Normal,,,,Yes,,Yes,,,,,,,Yes,,,,120,Clairlea-Birchmount,120,Clairlea-Birchmount (120),D41,638486.152,4841325.9859
1684,4149849,960441,2/24/2007 10:00:00 AM,1610,YORK MILLS RD,BIRCHWOOD AVE,,Major Arterial,North York,43.746445,-79.39159,At Intersection,Pedestrian Crossover,Clear,Daylight,Dry,Non-Fatal Injury,Pedestrian Collisions,Passenger,10 to 14,Minimal,,,Other,,,,,,,,,,Yes,,Yes,,,,,Yes,,Yes,,,,41,Bridle Path-Sunnybrook-York Mills,41,Bridle Path-Sunnybrook-York Mills (41),D32,629501.7906,4844967.7649
1685,4149850,960441,2/24/2007 10:00:00 AM,1610,YORK MILLS RD,BIRCHWOOD AVE,,Major Arterial,North York,43.746445,-79.39159,At Intersection,Pedestrian Crossover,Clear,Daylight,Dry,Non-Fatal Injury,Pedestrian Collisions,Driver,30 to 34,None,,West,"Automobile, Station Wagon",Going Ahead,Disobeyed Traffic Control,Normal,,,,,,,Yes,,Yes,,,,,Yes,,Yes,,,,41,Bridle Path-Sunnybrook-York Mills,41,Bridle Path-Sunnybrook-York Mills (41),D32,629501.7906,4844967.7649
1686,4149851,960441,2/24/2007 10:00:00 AM,1610,YORK MILLS RD,BIRCHWOOD AVE,,Major Arterial,North York,43.746445,-79.39159,At Intersection,Pedestrian Crossover,Clear,Daylight,Dry,Non-Fatal Injury,Pedestrian Collisions,Pedestrian,15 to 19,Major,,,Other,,,,Pedestrian hit a PXO/ped. Mid-block signal,"Crossing, Pedestrian Crossover",Normal,,,,Yes,,Yes,,,,,Yes,,Yes,,,,41,Bridle Path-Sunnybrook-York Mills,41,Bridle Path-Sunnybrook-York Mills (41),D32,629501.7906,4844967.7649
1687,4138802,955425,2/25/2007 10:00:00 AM,334,GARDINER X W 427 X N RAMP E,HIGHWAY 427 X Ramp N,,,Etobicoke York,43.614545,-79.54639,,No Control,Clear,Dark,Dry,Non-Fatal Injury,SMV Other,Vehicle Owner,unknown,,,,Other,,,,,,,,,,,,Yes,,,,,Yes,Yes,Yes,,,,159,Etobicoke City Centre,14,Islington-City Centre West (14),D22,617294.6402,4830088.1742
1688,4138803,955425,2/25/2007 10:00:00 AM,334,GARDINER X W 427 X N RAMP E,HIGHWAY 427 X Ramp N,,,Etobicoke York,43.614545,-79.54639,,No Control,Clear,Dark,Dry,Non-Fatal Injury,SMV Other,Passenger,30 to 34,Major,,,Other,Other,,,,,,,,,,,Yes,,,,,Yes,Yes,Yes,,,,159,Etobicoke City Centre,14,Islington-City Centre West (14),D22,617294.6402,4830088.1742
1689,4138804,955425,2/25/2007 10:00:00 AM,334,GARDINER X W 427 X N RAMP E,HIGHWAY 427 X Ramp N,,,Etobicoke York,43.614545,-79.54639,,No Control,Clear,Dark,Dry,Non-Fatal Injury,SMV Other,Driver,20 to 24,Major,,West,"Automobile, Station Wagon",Going Ahead,Lost control,Had Been Drinking,,,,,,,,,Yes,,,,,Yes,Yes,Yes,,,,159,Etobicoke City Centre,14,Islington-City Centre West (14),D22,617294.6402,4830088.1742
1690,4138845,955463,2/25/2007 10:00:00 AM,1255,DUFFERIN ST,CHANDOS AVE,,Major Arterial,Toronto and East York,43.671245,-79.44029,At Intersection,No Control,Clear,Daylight,Dry,Non-Fatal Injury,Pedestrian Collisions,Vehicle Owner,unknown,,,,Other,,,,,,,,,,Yes,,Yes,,,,,,,Yes,,,,171,Junction-Wallace Emerson,93,Dovercourt-Wallace Emerson-Junction (93),D13,625737.7973,4836540.771
1691,4138846,955463,2/25/2007 10:00:00 AM,1255,DUFFERIN ST,CHANDOS AVE,,Major Arterial,Toronto and East York,43.671245,-79.44029,At Intersection,No Control,Clear,Daylight,Dry,Non-Fatal Injury,Pedestrian Collisions,Driver,35 to 39,None,,North,"Automobile, Station Wagon",Turning Left,Failed to Yield Right of Way,Inattentive,,,,,,,Yes,,Yes,,,,,,,Yes,,,,171,Junction-Wallace Emerson,93,Dovercourt-Wallace Emerson-Junction (93),D13,625737.7973,4836540.771
1692,4138847,955463,2/25/2007 10:00:00 AM,1255,DUFFERIN ST,CHANDOS AVE,,Major Arterial,Toronto and East York,43.671245,-79.44029,At Intersection,No Control,Clear,Daylight,Dry,Non-Fatal Injury,Pedestrian Collisions,Pedestrian,60 to 64,Major,,South,Other,,,,Vehicle turns left while ped crosses with ROW at inter.,Crossing with right of way,Normal,,,,Yes,,Yes,,,,,,,Yes,,,,171,Junction-Wallace Emerson,93,Dovercourt-Wallace Emerson-Junction (93),D13,625737.7973,4836540.771
1693,4150225,960612,2/25/2007 10:00:00 AM,1801,STRACHAN AVE,FLEET ST,,Minor Arterial,Toronto and East York,43.636245,-79.40959,,Traffic Signal,Snow,Dark,Loose Snow,Non-Fatal Injury,Angle,Vehicle Owner,unknown,None,,,Other,Unknown,,,,,,,,,,,Yes,,,,,,,Yes,Yes,,,163,Fort York-Liberty Village,82,Niagara (82),D14,628287.2399,4832700.5545
1694,4150226,960612,2/25/2007 10:00:00 AM,1801,STRACHAN AVE,FLEET ST,,Minor Arterial,Toronto and East York,43.636245,-79.40959,,Traffic Signal,Snow,Dark,Loose Snow,Non-Fatal Injury,Angle,Driver,30 to 34,None,,East,"Automobile, Station Wagon",Going Ahead,Driving Properly,Normal,,,,,,,,,Yes,,,,,,,Yes,Yes,,,163,Fort York-Liberty Village,82,Niagara (82),D14,628287.2399,4832700.5545
1695,4150227,960612,2/25/2007 10:00:00 AM,1801,STRACHAN AVE,FLEET ST,,Minor Arterial,Toronto and East York,43.636245,-79.40959,,Traffic Signal,Snow,Dark,Loose Snow,Non-Fatal Injury,Angle,Vehicle Owner,unknown,None,,,Other,,,,,,,,,,,,Yes,,,,,,,Yes,Yes,,,163,Fort York-Liberty Village,82,Niagara (82),D14,628287.2399,4832700.5545
1696,4150228,960612,2/25/2007 10:00:00 AM,1801,STRACHAN AVE,FLEET ST,,Minor Arterial,Toronto and East York,43.636245,-79.40959,,Traffic Signal,Snow,Dark,Loose Snow,Non-Fatal Injury,Angle,Driver,25 to 29,Major,,North,"Automobile, Station Wagon",Going Ahead,Disobeyed Traffic Control,Normal,,,,,,,,,Yes,,,,,,,Yes,Yes,,,163,Fort York-Liberty Village,82,Niagara (82),D14,628287.2399,4832700.5545
1697,4159351,964573,2/25/2007 10:00:00 AM,2129,SHEPPARD AVE E,NEILSON RD,,Major Arterial,Scarborough,43.798245,-79.21699,,No Control,Snow,Dark,Packed Snow,Non-Fatal Injury,SMV Other,Driver,55 to 59,Major,,East,"Automobile, Station Wagon",Going Ahead,Speed too Fast For Condition,Normal,,,,,,,,,Yes,,,,,,Yes,Yes,,,,146,Malvern East,132,Malvern (132),D42,643436.0476,4851008.7469
1698,4159352,964573,2/25/2007 10:00:00 AM,2129,SHEPPARD AVE E,NEILSON RD,,Major Arterial,Scarborough,43.798245,-79.21699,,No Control,Snow,Dark,Packed Snow,Non-Fatal Injury,SMV Other,Other Property Owner,unknown,None,,,Other,,,,,,,,,,,,Yes,,,,,,Yes,Yes,,,,146,Malvern East,132,Malvern (132),D42,643436.0476,4851008.7469
1699,4273431,956145,2/28/2007 10:00:00 AM,1855,RENFORTH Driv,HIGHWAY 401 X  E,,Major Arterial,Etobicoke York,43.668345,-79.59099,,No Control,Clear,Dark,Dry,Non-Fatal Injury,Cyclist Collisions,Driver,unknown,None,,,"Automobile, Station Wagon",Unknown,,,,,,,,,,Yes,Yes,,,,,,,,,,,NSA,NSA,NSA,NSA,NSA,613594.3209,4836001.3039
1700,4273432,956145,2/28/2007 10:00:00 AM,1855,RENFORTH Driv,HIGHWAY 401 X  E,,Major Arterial,Etobicoke York,43.668345,-79.59099,,No Control,Clear,Dark,Dry,Non-Fatal Injury,Cyclist Collisions,Cyclist,30 to 34,Major,,South,Bicycle,Going Ahead,,,,,,,,,,Yes,Yes,,,,,,,,,,,NSA,NSA,NSA,NSA,NSA,613594.3209,4836001.3039
1701,4273982,990835,2/28/2007 10:00:00 AM,1855,RENFORTH DR,HIGHWAY 401 X  W,,Major Arterial,Etobicoke York,43.669045,-79.59139,,No Control,Clear,Dark,Dry,Non-Fatal Injury,Cyclist Collisions,Driver,unknown,None,,South,"Automobile, Station Wagon",Going Ahead,Improper Passing,Unknown,,,,,,,,Yes,Yes,,,,,,,Yes,,,,NSA,NSA,NSA,NSA,NSA,613560.7527,4836078.5004
1702,4273983,990835,2/28/2007 10:00:00 AM,1855,RENFORTH DR,HIGHWAY 401 X  W,,Major Arterial,Etobicoke York,43.669045,-79.59139,,No Control,Clear,Dark,Dry,Non-Fatal Injury,Cyclist Collisions,Cyclist,30 to 34,Major,,South,Bicycle,Going Ahead,,,,,,Cyclist and Driver travelling in same direction. One vehicle sideswipes the other.,Driving Properly,Normal,,Yes,Yes,,,,,,,Yes,,,,NSA,NSA,NSA,NSA,NSA,613560.7527,4836078.5004
1703,4151393,961100,2/28/2007 10:00:00 AM,2225,ALBION RD,ARCOT BLVD,,Major Arterial,Etobicoke York,43.726745,-79.55209,At Intersection,Traffic Controller,Clear,Dark,Dry,Non-Fatal Injury,Rear End,Vehicle Owner,unknown,None,,,Other,,,,,,,,,,,,Yes,,,,,Yes,,Yes,,,,5,Elms-Old Rexdale,5,Elms-Old Rexdale (5),D23,616617.1995,4842541.4139
1704,4151394,961100,2/28/2007 10:00:00 AM,2225,ALBION RD,ARCOT BLVD,,Major Arterial,Etobicoke York,43.726745,-79.55209,At Intersection,Traffic Controller,Clear,Dark,Dry,Non-Fatal Injury,Rear End,Passenger,30 to 34,Major,,,Other,,,,,,,,,,,,Yes,,,,,Yes,,Yes,,,,5,Elms-Old Rexdale,5,Elms-Old Rexdale (5),D23,616617.1995,4842541.4139
1705,4151395,961100,2/28/2007 10:00:00 AM,2225,ALBION RD,ARCOT BLVD,,Major Arterial,Etobicoke York,43.726745,-79.55209,At Intersection,Traffic Controller,Clear,Dark,Dry,Non-Fatal Injury,Rear End,Passenger,25 to 29,Minimal,,,Other,,,,,,,,,,,,Yes,,,,,Yes,,Yes,,,,5,Elms-Old Rexdale,5,Elms-Old Rexdale (5),D23,616617.1995,4842541.4139
1706,4151396,961100,2/28/2007 10:00:00 AM,2225,ALBION RD,ARCOT BLVD,,Major Arterial,Etobicoke York,43.726745,-79.55209,At Intersection,Traffic Controller,Clear,Dark,Dry,Non-Fatal Injury,Rear End,Passenger,25 to 29,Major,,,Other,,,,,,,,,,,,Yes,,,,,Yes,,Yes,,,,5,Elms-Old Rexdale,5,Elms-Old Rexdale (5),D23,616617.1995,4842541.4139
1707,4151397,961100,2/28/2007 10:00:00 AM,2225,ALBION RD,ARCOT BLVD,,Major Arterial,Etobicoke York,43.726745,-79.55209,At Intersection,Traffic Controller,Clear,Dark,Dry,Non-Fatal Injury,Rear End,Driver,20 to 24,Minimal,,North,"Automobile, Station Wagon",Slowing or Stopping,Driving Properly,Normal,,,,,,,,,Yes,,,,,Yes,,Yes,,,,5,Elms-Old Rexdale,5,Elms-Old Rexdale (5),D23,616617.1995,4842541.4139
1708,4151398,961100,2/28/2007 10:00:00 AM,2225,ALBION RD,ARCOT BLVD,,Major Arterial,Etobicoke York,43.726745,-79.55209,At Intersection,Traffic Controller,Clear,Dark,Dry,Non-Fatal Injury,Rear End,Driver,unknown,None,,North,"Automobile, Station Wagon",Going Ahead,Following too Close,Inattentive,,,,,,,,,Yes,,,,,Yes,,Yes,,,,5,Elms-Old Rexdale,5,Elms-Old Rexdale (5),D23,616617.1995,4842541.4139
1709,4151777,961264,3/1/2007 10:00:00 AM,1426,DON MILLS RD,DON MILLS N DVP S RAMP RD S,,Major Arterial,Toronto and East York,43.699645,-79.33769,,No Control,Snow,Daylight,Loose Snow,Non-Fatal Injury,Approaching,Driver,60 to 64,None,,South,"Automobile, Station Wagon",Going Ahead,Driving Properly,Normal,,,,,,,,,Yes,,Yes,,,,Yes,Yes,,,,58,Old East York,58,Old East York (58),D55,633945.8758,4839855.6196
1710,4151778,961264,3/1/2007 10:00:00 AM,1426,DON MILLS RD,DON MILLS N DVP S RAMP RD S,,Major Arterial,Toronto and East York,43.699645,-79.33769,,No Control,Snow,Daylight,Loose Snow,Non-Fatal Injury,Approaching,Driver,35 to 39,Major,,North,"Automobile, Station Wagon",Going Ahead,Speed too Fast For Condition,Normal,,,,,,,,,Yes,,Yes,,,,Yes,Yes,,,,58,Old East York,58,Old East York (58),D55,633945.8758,4839855.6196
1711,4151779,961264,3/1/2007 10:00:00 AM,1426,DON MILLS RD,DON MILLS N DVP S RAMP RD S,,Major Arterial,Toronto and East York,43.699645,-79.33769,,No Control,Snow,Daylight,Loose Snow,Non-Fatal Injury,Approaching,Vehicle Owner,unknown,None,,,Other,,,,,,,,,,,,Yes,,Yes,,,,Yes,Yes,,,,58,Old East York,58,Old East York (58),D55,633945.8758,4839855.6196
1712,4151780,961264,3/1/2007 10:00:00 AM,1426,DON MILLS RD,DON MILLS N DVP S RAMP RD S,,Major Arterial,Toronto and East York,43.699645,-79.33769,,No Control,Snow,Daylight,Loose Snow,Non-Fatal Injury,Approaching,Truck Driver,35 to 39,None,,South,Truck - Open,Going Ahead,Driving Properly,Normal,,,,,,,,,Yes,,Yes,,,,Yes,Yes,,,,58,Old East York,58,Old East York (58),D55,633945.8758,4839855.6196
1713,4151781,961264,3/1/2007 10:00:00 AM,1426,DON MILLS RD,DON MILLS N DVP S RAMP RD S,,Major Arterial,Toronto and East York,43.699645,-79.33769,,No Control,Snow,Daylight,Loose Snow,Non-Fatal Injury,Approaching,Vehicle Owner,unknown,None,,,Other,,,,,,,,,,,,Yes,,Yes,,,,Yes,Yes,,,,58,Old East York,58,Old East York (58),D55,633945.8758,4839855.6196
1714,4405520,961403,3/3/2007 10:00:00 AM,110,HORTICULTURAL AVE,GERRARD ST E,,Minor Arterial,Toronto and East York,43.660945,-79.37479,,No Control,Clear,Dark,Ice,Non-Fatal Injury,Pedestrian Collisions,Vehicle Owner,unknown,None,,,Other,,,,,,,,,,Yes,,Yes,,,,,,Yes,Yes,,Yes,,73,Moss Park,73,Moss Park (73),D51,631040.6185,4835498.186
1715,4405521,961403,3/3/2007 10:00:00 AM,110,HORTICULTURAL AVE,GERRARD ST E,,Minor Arterial,Toronto and East York,43.660945,-79.37479,,No Control,Clear,Dark,Ice,Non-Fatal Injury,Pedestrian Collisions,Driver,50 to 54,None,,South,"Automobile, Station Wagon",Going Ahead,Lost control,"Ability Impaired, Alcohol",,,,,,,Yes,,Yes,,,,,,Yes,Yes,,Yes,,73,Moss Park,73,Moss Park (73),D51,631040.6185,4835498.186
1716,4405522,961403,3/3/2007 10:00:00 AM,110,HORTICULTURAL AVE,GERRARD ST E,,Minor Arterial,Toronto and East York,43.660945,-79.37479,,No Control,Clear,Dark,Ice,Non-Fatal Injury,Pedestrian Collisions,Other Property Owner,unknown,None,,,Other,,,,,,,,,,Yes,,Yes,,,,,,Yes,Yes,,Yes,,73,Moss Park,73,Moss Park (73),D51,631040.6185,4835498.186
1717,4405523,961403,3/3/2007 10:00:00 AM,110,HORTICULTURAL AVE,GERRARD ST E,,Minor Arterial,Toronto and East York,43.660945,-79.37479,,No Control,Clear,Dark,Ice,Non-Fatal Injury,Pedestrian Collisions,Pedestrian,50 to 54,Major,,,Other,,,,Pedestrian hit on sidewalk or shoulder,On Sidewalk or Shoulder,Normal,,,,Yes,,Yes,,,,,,Yes,Yes,,Yes,,73,Moss Park,73,Moss Park (73),D51,631040.6185,4835498.186
1718,4145135,958417,3/3/2007 10:00:00 AM,326,DANFORTH Aven,CEDARVALE Aven,,Major Arterial,Toronto and East York,43.686145,-79.31069,,No Control,Clear,Dark,Ice,Non-Fatal Injury,Approaching,Driver,40 to 44,Major,,East,"Automobile, Station Wagon",Going Ahead,Other,Had Been Drinking,,,,,,,,,Yes,,,,,Yes,,,,,,62,East End-Danforth,62,East End-Danforth (62),D55,636152.0575,4838400.2305
1719,4145136,958417,3/3/2007 10:00:00 AM,326,DANFORTH Aven,CEDARVALE Aven,,Major Arterial,Toronto and East York,43.686145,-79.31069,,No Control,Clear,Dark,Ice,Non-Fatal Injury,Approaching,Passenger,30 to 34,Major,,,Other,,,,,,,,,,,,Yes,,,,,Yes,,,,,,62,East End-Danforth,62,East End-Danforth (62),D55,636152.0575,4838400.2305
1720,4145137,958417,3/3/2007 10:00:00 AM,326,DANFORTH Aven,CEDARVALE Aven,,Major Arterial,Toronto and East York,43.686145,-79.31069,,No Control,Clear,Dark,Ice,Non-Fatal Injury,Approaching,Vehicle Owner,unknown,None,,,Other,,,,,,,,,,,,Yes,,,,,Yes,,,,,,62,East End-Danforth,62,East End-Danforth (62),D55,636152.0575,4838400.2305
1721,4145138,958417,3/3/2007 10:00:00 AM,326,DANFORTH Aven,CEDARVALE Aven,,Major Arterial,Toronto and East York,43.686145,-79.31069,,No Control,Clear,Dark,Ice,Non-Fatal Injury,Approaching,Driver,45 to 49,Major,,West,"Automobile, Station Wagon",Going Ahead,Other,Normal,,,,,,,,,Yes,,,,,Yes,,,,,,62,East End-Danforth,62,East End-Danforth (62),D55,636152.0575,4838400.2305
1722,4141490,956782,3/4/2007 10:00:00 AM,300,DON VALLEY PARKWAY  N,SPANBRIDGE RD,,,North York,43.715345,-79.32519,,No Control,Clear,Dark,Dry,Non-Fatal Injury,SMV Other,Passenger,25 to 29,Major,,,Other,,,,,,,,,,,,Yes,,,,,Yes,Yes,Yes,,,,44,Flemingdon Park,44,Flemingdon Park (44),D55,634917.8846,4841619.6
1723,4141491,956782,3/4/2007 10:00:00 AM,300,DON VALLEY PARKWAY  N,SPANBRIDGE RD,,,North York,43.715345,-79.32519,,No Control,Clear,Dark,Dry,Non-Fatal Injury,SMV Other,Driver,30 to 34,Major,,North,"Automobile, Station Wagon",Overtaking,Exceeding Speed Limit,Had Been Drinking,,,,,,,,,Yes,,,,,Yes,Yes,Yes,,,,44,Flemingdon Park,44,Flemingdon Park (44),D55,634917.8846,4841619.6
1724,4141492,956782,3/4/2007 10:00:00 AM,300,DON VALLEY PARKWAY  N,SPANBRIDGE RD,,,North York,43.715345,-79.32519,,No Control,Clear,Dark,Dry,Non-Fatal Injury,SMV Other,Other Property Owner,unknown,,,,Other,,,,,,,,,,,,Yes,,,,,Yes,Yes,Yes,,,,44,Flemingdon Park,44,Flemingdon Park (44),D55,634917.8846,4841619.6
1725,4141876,956968,3/5/2007 10:00:00 AM,819,DON MILLS RD,SENECA HILL DR,,Major Arterial,North York,43.790245,-79.35419,At Intersection,Traffic Signal,Clear,Daylight,Dry,Non-Fatal Injury,Pedestrian Collisions,Driver,35 to 39,None,,West,"Automobile, Station Wagon",Going Ahead,Driving Properly,Normal,,,,,,,Yes,,Yes,,,,,,,Yes,Yes,,,47,Don Valley Village,47,Don Valley Village (47),D33,632416.4086,4849891.5729