OBJECTID,INDEX,ACCNUM,DATE,TIME,STREET1,STREET2,OFFSET,ROAD_CLASS,DISTRICT,LATITUDE,LONGITUDE,ACCLOC,TRAFFCTL,VISIBILITY,LIGHT,RDSFCOND,ACCLASS,IMPACTYPE,INVTYPE,INVAGE,INJURY,FATAL_NO,INITDIR,VEHTYPE,MANOEUVER,DRIVACT,DRIVCOND,PEDTYPE,PEDACT,PEDCOND,CYCLISTYPE,CYCACT,CYCCOND,PEDESTRIAN,CYCLIST,AUTOMOBILE,MOTORCYCLE,TRUCK,TRSN_CITY_VEH,EMERG_VEH,PASSENGER,SPEEDING,AG_DRIV,REDLIGHT,ALCOHOL,DISABILITY,HOOD_158,NEIGHBOURHOOD_158,HOOD_140,NEIGHBOURHOOD_140,DIVISION,x,y
1726,4141877,956968,3/5/2007 10:00:00 AM,819,DON MILLS RD,SENECA HILL DR,,Major Arterial,North York,43.790245,-79.35419,At Intersection,Traffic Signal,Clear,Daylight,Dry,Non-Fatal Injury,Pedestrian Collisions,Driver,35 to 39,None,,South,"Automobile, Station Wagon",Going Ahead,Disobeyed Traffic Control,Normal,,,,,,,Yes,,Yes,,,,,,,Yes,Yes,,,47,Don Valley Village,47,Don Valley Village (47),D33,632416.4086,4849891.5729
1727,4141878,956968,3/5/2007 10:00:00 AM,819,DON MILLS RD,SENECA HILL DR,,Major Arterial,North York,43.790245,-79.35419,At Intersection,Traffic Signal,Clear,Daylight,Dry,Non-Fatal Injury,Pedestrian Collisions,Pedestrian,10 to 14,Major,,West,Other,,,,Vehicle is going straight thru inter.while ped cross with ROW,Crossing with right of way,Normal,,,,Yes,,Yes,,,,,,,Yes,Yes,,,47,Don Valley Village,47,Don Valley Village (47),D33,632416.4086,4849891.5729
1728,4405529,961628,3/5/2007 10:00:00 AM,853,ADELAIDE ST E,BERKELEY ST,,Major Arterial,Toronto and East York,43.652945,-79.36479,At Intersection,Traffic Signal,Clear,Daylight,Wet,Non-Fatal Injury,Sideswipe,Vehicle Owner,unknown,None,,,Other,,,,,,,,,,,,Yes,,,,,,,Yes,,,,73,Moss Park,73,Moss Park (73),D51,631864.4371,4834625.5226
1729,4405530,961628,3/5/2007 10:00:00 AM,853,ADELAIDE ST E,BERKELEY ST,,Major Arterial,Toronto and East York,43.652945,-79.36479,At Intersection,Traffic Signal,Clear,Daylight,Wet,Non-Fatal Injury,Sideswipe,Driver,30 to 34,Major,,East,"Automobile, Station Wagon",Going Ahead,Driving Properly,Normal,,,,,,,,,Yes,,,,,,,Yes,,,,73,Moss Park,73,Moss Park (73),D51,631864.4371,4834625.5226
1730,4405531,961628,3/5/2007 10:00:00 AM,853,ADELAIDE ST E,BERKELEY ST,,Major Arterial,Toronto and East York,43.652945,-79.36479,At Intersection,Traffic Signal,Clear,Daylight,Wet,Non-Fatal Injury,Sideswipe,Driver,50 to 54,Minor,,East,"Automobile, Station Wagon",Changing Lanes,Improper Lane Change,Normal,,,,,,,,,Yes,,,,,,,Yes,,,,73,Moss Park,73,Moss Park (73),D51,631864.4371,4834625.5226
1731,4152988,961761,3/5/2007 10:00:00 AM,2145,STEELES AVE W,ALNESS ST,,Major Arterial,North York,43.784645,-79.48109,At Intersection,Traffic Signal,Clear,Dark,Loose Snow,Non-Fatal Injury,Turning Movement,Vehicle Owner,unknown,None,,,Other,,,,,,,,,,,,Yes,,Yes,,,,,Yes,Yes,,Yes,27,York University Heights,27,York University Heights (27),D32,622217.7824,4849074.4251
1732,4152989,961761,3/5/2007 10:00:00 AM,2145,STEELES AVE W,ALNESS ST,,Major Arterial,North York,43.784645,-79.48109,At Intersection,Traffic Signal,Clear,Dark,Loose Snow,Non-Fatal Injury,Turning Movement,Truck Driver,30 to 34,None,,North,Truck - Open,Turning Left,Following too Close,Normal,,,,,,,,,Yes,,Yes,,,,,Yes,Yes,,Yes,27,York University Heights,27,York University Heights (27),D32,622217.7824,4849074.4251
1733,4152990,961761,3/5/2007 10:00:00 AM,2145,STEELES AVE W,ALNESS ST,,Major Arterial,North York,43.784645,-79.48109,At Intersection,Traffic Signal,Clear,Dark,Loose Snow,Non-Fatal Injury,Turning Movement,Driver,50 to 54,Major,,East,"Automobile, Station Wagon",Turning Left,Disobeyed Traffic Control,Medical or Physical Disability,,,,,,,,,Yes,,Yes,,,,,Yes,Yes,,Yes,27,York University Heights,27,York University Heights (27),D32,622217.7824,4849074.4251
1734,4152991,961761,3/5/2007 10:00:00 AM,2145,STEELES AVE W,ALNESS ST,,Major Arterial,North York,43.784645,-79.48109,At Intersection,Traffic Signal,Clear,Dark,Loose Snow,Non-Fatal Injury,Turning Movement,Other,unknown,None,,,Other,,,,,,,,,,,,Yes,,Yes,,,,,Yes,Yes,,Yes,27,York University Heights,27,York University Heights (27),D32,622217.7824,4849074.4251
1735,4142160,957092,3/6/2007 10:00:00 AM,145,F G GARDINER XY  W,PARKSIDE DR,,,Toronto and East York,43.638945,-79.45759,,No Control,Clear,Dark,Dry,Fatal,Rear End,Vehicle Owner,unknown,None,,,Other,Going Ahead,,,,,,,,,,,Yes,,Yes,,,,,,,,,85,South Parkdale,85,South Parkdale (85),D11,624409.8062,4832927.3588
1736,4142161,957092,3/6/2007 10:00:00 AM,145,F G GARDINER XY  W,PARKSIDE DR,,,Toronto and East York,43.638945,-79.45759,,No Control,Clear,Dark,Dry,Fatal,Rear End,Truck Driver,25 to 29,Minimal,,West,Truck - Open,Going Ahead,Driving Properly,Normal,,,,,,,,,Yes,,Yes,,,,,,,,,85,South Parkdale,85,South Parkdale (85),D11,624409.8062,4832927.3588
1737,4142162,957092,3/6/2007 10:00:00 AM,145,F G GARDINER XY  W,PARKSIDE DR,,,Toronto and East York,43.638945,-79.45759,,No Control,Clear,Dark,Dry,Fatal,Rear End,Vehicle Owner,unknown,None,,,Other,Going Ahead,,,,,,,,,,,Yes,,Yes,,,,,,,,,85,South Parkdale,85,South Parkdale (85),D11,624409.8062,4832927.3588
1738,4142163,957092,3/6/2007 10:00:00 AM,145,F G GARDINER XY  W,PARKSIDE DR,,,Toronto and East York,43.638945,-79.45759,,No Control,Clear,Dark,Dry,Fatal,Rear End,Truck Driver,50 to 54,None,,West,Truck - Open,Going Ahead,Driving Properly,Normal,,,,,,,,,Yes,,Yes,,,,,,,,,85,South Parkdale,85,South Parkdale (85),D11,624409.8062,4832927.3588
1739,4142164,957092,3/6/2007 10:00:00 AM,145,F G GARDINER XY  W,PARKSIDE DR,,,Toronto and East York,43.638945,-79.45759,,No Control,Clear,Dark,Dry,Fatal,Rear End,Driver,30 to 34,Fatal,,West,"Automobile, Station Wagon",Changing Lanes,Improper Lane Change,Unknown,,,,,,,,,Yes,,Yes,,,,,,,,,85,South Parkdale,85,South Parkdale (85),D11,624409.8062,4832927.3588
1740,4142165,957092,3/6/2007 10:00:00 AM,145,F G GARDINER XY  W,PARKSIDE DR,,,Toronto and East York,43.638945,-79.45759,,No Control,Clear,Dark,Dry,Fatal,Rear End,Vehicle Owner,unknown,None,,,Other,Going Ahead,,,,,,,,,,,Yes,,Yes,,,,,,,,,85,South Parkdale,85,South Parkdale (85),D11,624409.8062,4832927.3588
1741,4273440,957566,3/7/2007 10:00:00 AM,1027,STEELES AVE W,GIHON SPRING DR,,Major Arterial,Etobicoke York,43.759345,-79.59689,,No Control,Clear,Daylight,Other,Fatal,Approaching,Vehicle Owner,unknown,,,,Other,,,,,,,,,,,,Yes,,,,,,,Yes,,,,NSA,NSA,NSA,NSA,NSA,612947.5861,4846100.0432
1742,4273441,957566,3/7/2007 10:00:00 AM,1027,STEELES AVE W,GIHON SPRING DR,,Major Arterial,Etobicoke York,43.759345,-79.59689,,No Control,Clear,Daylight,Other,Fatal,Approaching,Driver,35 to 39,Minor,,East,Pick Up Truck,Going Ahead,Lost control,Other,,,,,,,,,Yes,,,,,,,Yes,,,,NSA,NSA,NSA,NSA,NSA,612947.5861,4846100.0432
1743,4273442,957566,3/7/2007 10:00:00 AM,1027,STEELES AVE W,GIHON SPRING DR,,Major Arterial,Etobicoke York,43.759345,-79.59689,,No Control,Clear,Daylight,Other,Fatal,Approaching,Vehicle Owner,unknown,,,,Other,,,,,,,,,,,,Yes,,,,,,,Yes,,,,NSA,NSA,NSA,NSA,NSA,612947.5861,4846100.0432
1744,4273443,957566,3/7/2007 10:00:00 AM,1027,STEELES AVE W,GIHON SPRING DR,,Major Arterial,Etobicoke York,43.759345,-79.59689,,No Control,Clear,Daylight,Other,Fatal,Approaching,Driver,60 to 64,Fatal,,West,"Automobile, Station Wagon",Going Ahead,Driving Properly,Normal,,,,,,,,,Yes,,,,,,,Yes,,,,NSA,NSA,NSA,NSA,NSA,612947.5861,4846100.0432
1745,4143208,957570,3/7/2007 10:00:00 AM,1352,DON MILLS RD E,GODSTONE RD,,Major Arterial,North York,43.782745,-79.34909,At Intersection,Traffic Signal,Clear,Daylight,Dry,Non-Fatal Injury,Pedestrian Collisions,Driver,25 to 29,None,,North,"Automobile, Station Wagon",Going Ahead,Failed to Yield Right of Way,Normal,,,,,,,Yes,,Yes,,,,,,,Yes,,,,47,Don Valley Village,47,Don Valley Village (47),D33,632843.3548,4849066.7521
1746,4143209,957570,3/7/2007 10:00:00 AM,1352,DON MILLS RD E,GODSTONE RD,,Major Arterial,North York,43.782745,-79.34909,At Intersection,Traffic Signal,Clear,Daylight,Dry,Non-Fatal Injury,Pedestrian Collisions,Pedestrian,60 to 64,Minor,,East,Other,,,,Vehicle is going straight thru inter.while ped cross with ROW,Crossing with right of way,Normal,,,,Yes,,Yes,,,,,,,Yes,,,,47,Don Valley Village,47,Don Valley Village (47),D33,632843.3548,4849066.7521
1747,4143210,957570,3/7/2007 10:00:00 AM,1352,DON MILLS RD E,GODSTONE RD,,Major Arterial,North York,43.782745,-79.34909,At Intersection,Traffic Signal,Clear,Daylight,Dry,Non-Fatal Injury,Pedestrian Collisions,Pedestrian,5 to 9,Major,,East,Other,,,,Vehicle is going straight thru inter.while ped cross with ROW,Crossing with right of way,Normal,,,,Yes,,Yes,,,,,,,Yes,,,,47,Don Valley Village,47,Don Valley Village (47),D33,632843.3548,4849066.7521
1748,4143216,957573,3/7/2007 10:00:00 AM,1957,EGLINTON AVE W,OAKWOOD AVE,,Major Arterial,North York,43.697245,-79.44279,At Intersection,Traffic Signal,Clear,Dark,Dry,Non-Fatal Injury,Pedestrian Collisions,Driver,35 to 39,None,,West,"Automobile, Station Wagon",Going Ahead,Driving Properly,Normal,,,,,,,Yes,,Yes,,,,,,,,,,,107,Oakwood Village,107,Oakwood Village (107),D13,625482.0356,4839424.6374
1749,4143217,957573,3/7/2007 10:00:00 AM,1957,EGLINTON AVE W,OAKWOOD AVE,,Major Arterial,North York,43.697245,-79.44279,At Intersection,Traffic Signal,Clear,Dark,Dry,Non-Fatal Injury,Pedestrian Collisions,Pedestrian,35 to 39,Major,,North,Other,,,,Vehicle is going straight thru inter.while ped cross without ROW,Crossing without right of way,Normal,,,,Yes,,Yes,,,,,,,,,,,107,Oakwood Village,107,Oakwood Village (107),D13,625482.0356,4839424.6374
1750,4154025,962206,3/9/2007 10:00:00 AM,948,CHURCH ST,ADELAIDE ST E,,Major Arterial,Toronto and East York,43.651145,-79.37489,At Intersection,Traffic Signal,Clear,Daylight,Dry,Non-Fatal Injury,Pedestrian Collisions,Driver,45 to 49,None,,South,"Automobile, Station Wagon",Turning Left,Driving Properly,Normal,,,,,,,Yes,,Yes,,,,,,,,,,,168,Downtown Yonge East,75,Church-Yonge Corridor (75),D51,631053.8726,4834409.6083
1751,4154026,962206,3/9/2007 10:00:00 AM,948,CHURCH ST,ADELAIDE ST E,,Major Arterial,Toronto and East York,43.651145,-79.37489,At Intersection,Traffic Signal,Clear,Daylight,Dry,Non-Fatal Injury,Pedestrian Collisions,Pedestrian,30 to 34,Major,,North,Other,,,,Vehicle turns left while ped crosses without ROW at inter.,Crossing without right of way,Normal,,,,Yes,,Yes,,,,,,,,,,,168,Downtown Yonge East,75,Church-Yonge Corridor (75),D51,631053.8726,4834409.6083
1752,4144069,957966,3/9/2007 10:00:00 AM,1724,O CONNOR DR,PAPE AVE,,Major Arterial,Toronto and East York,43.693245,-79.35029,At Intersection,Traffic Signal,Clear,Dusk,Dry,Fatal,Pedestrian Collisions,Vehicle Owner,unknown,,,,"Automobile, Station Wagon",,,,,,,,,,Yes,,Yes,,,,,,,Yes,,,,58,Old East York,58,Old East York (58),D55,632944.7229,4839124.5305
1753,4144070,957966,3/9/2007 10:00:00 AM,1724,O CONNOR DR,PAPE AVE,,Major Arterial,Toronto and East York,43.693245,-79.35029,At Intersection,Traffic Signal,Clear,Dusk,Dry,Fatal,Pedestrian Collisions,Driver,50 to 54,None,,East,"Automobile, Station Wagon",Turning Left,Failed to Yield Right of Way,Normal,,,,,,,Yes,,Yes,,,,,,,Yes,,,,58,Old East York,58,Old East York (58),D55,632944.7229,4839124.5305
1754,4144071,957966,3/9/2007 10:00:00 AM,1724,O CONNOR DR,PAPE AVE,,Major Arterial,Toronto and East York,43.693245,-79.35029,At Intersection,Traffic Signal,Clear,Dusk,Dry,Fatal,Pedestrian Collisions,Pedestrian,70 to 74,Fatal,,West,Other,,,,Pedestrian involved in a collision with transit vehicle anywhere along roadway,Crossing with right of way,Normal,,,,Yes,,Yes,,,,,,,Yes,,,,58,Old East York,58,Old East York (58),D55,632944.7229,4839124.5305
1755,4155028,962645,3/11/2007 9:00:00 AM,1354,DAVENPORT RD,DOVERCOURT RD,,Minor Arterial,Toronto and East York,43.674245,-79.43469,At Intersection,Stop Sign,Clear,Daylight,Dry,Non-Fatal Injury,Pedestrian Collisions,Driver,45 to 49,None,,West,"Automobile, Station Wagon",Turning Left,Failed to Yield Right of Way,Normal,,,,,,,Yes,,Yes,,,,,,,Yes,,,,171,Junction-Wallace Emerson,93,Dovercourt-Wallace Emerson-Junction (93),D13,626182.9647,4836882.4646
1756,4155029,962645,3/11/2007 9:00:00 AM,1354,DAVENPORT RD,DOVERCOURT RD,,Minor Arterial,Toronto and East York,43.674245,-79.43469,At Intersection,Stop Sign,Clear,Daylight,Dry,Non-Fatal Injury,Pedestrian Collisions,Pedestrian,60 to 64,Major,,East,Other,,,,Vehicle turns left while ped crosses with ROW at inter.,Crossing with right of way,Normal,,,,Yes,,Yes,,,,,,,Yes,,,,171,Junction-Wallace Emerson,93,Dovercourt-Wallace Emerson-Junction (93),D13,626182.9647,4836882.4646
1757,4145439,958563,3/13/2007 8:00:00 AM,1235,22 MAYALL Aven,,,Local,Etobicoke York,43.724745,-79.51969,,No Control,Clear,Daylight,Dry,Non-Fatal Injury,Other,Driver,40 to 44,Major,,East,"Automobile, Station Wagon",Unknown,,,,,,,,,,,Yes,,,,,,,,,,,154,Oakdale-Beverley Heights,26,Downsview-Roding-CFB (26),D31,619230.7394,4842365.3888
1758,4154878,962572,3/13/2007 8:00:00 AM,1556,KINGSTON RD,LOCHLEVEN DR,,Major Arterial,Scarborough,43.736545,-79.21949,,No Control,Clear,Daylight,Dry,Non-Fatal Injury,Cyclist Collisions,Driver,45 to 49,None,,South,"Automobile, Station Wagon",Turning Right,Failed to Yield Right of Way,Inattentive,,,,,,,,Yes,Yes,,,,,,,Yes,,,,139,Scarborough Village,139,Scarborough Village (139),D43,643382.2851,4844151.6674
1759,4154879,962572,3/13/2007 8:00:00 AM,1556,KINGSTON RD,LOCHLEVEN DR,,Major Arterial,Scarborough,43.736545,-79.21949,,No Control,Clear,Daylight,Dry,Non-Fatal Injury,Cyclist Collisions,Cyclist,40 to 44,Major,,West,Bicycle,Going Ahead,,,,,,"Motorist turns right at non-signal Inter.(stop, yield, no cont.,and dwy) and strikes cyclist.",Driving Properly,Normal,,Yes,Yes,,,,,,,Yes,,,,139,Scarborough Village,139,Scarborough Village (139),D43,643382.2851,4844151.6674
1760,4145593,958634,3/14/2007 8:00:00 AM,305,BATHURST ST,COLLEGE ST,,Major Arterial,Toronto and East York,43.657645,-79.40819,,Pedestrian Crossover,Clear,Dark,Wet,Non-Fatal Injury,Sideswipe,Passenger,35 to 39,None,,,Other,,,,,,,,,,,,Yes,,,,,Yes,,,,Yes,,79,University,79,University (79),D14,628354.5817,4835079.467
1761,4145594,958634,3/14/2007 8:00:00 AM,305,BATHURST ST,COLLEGE ST,,Major Arterial,Toronto and East York,43.657645,-79.40819,,Pedestrian Crossover,Clear,Dark,Wet,Non-Fatal Injury,Sideswipe,Vehicle Owner,unknown,None,,,"Automobile, Station Wagon",,,,,,,,,,,,Yes,,,,,Yes,,,,Yes,,79,University,79,University (79),D14,628354.5817,4835079.467
1762,4145595,958634,3/14/2007 8:00:00 AM,305,BATHURST ST,COLLEGE ST,,Major Arterial,Toronto and East York,43.657645,-79.40819,,Pedestrian Crossover,Clear,Dark,Wet,Non-Fatal Injury,Sideswipe,Driver,45 to 49,None,,North,"Automobile, Station Wagon",Going Ahead,Driving Properly,Normal,,,,,,,,,Yes,,,,,Yes,,,,Yes,,79,University,79,University (79),D14,628354.5817,4835079.467
1763,4145596,958634,3/14/2007 8:00:00 AM,305,BATHURST ST,COLLEGE ST,,Major Arterial,Toronto and East York,43.657645,-79.40819,,Pedestrian Crossover,Clear,Dark,Wet,Non-Fatal Injury,Sideswipe,Passenger,20 to 24,Major,,,Other,,,,,,,,,,,,Yes,,,,,Yes,,,,Yes,,79,University,79,University (79),D14,628354.5817,4835079.467
1764,4145597,958634,3/14/2007 8:00:00 AM,305,BATHURST ST,COLLEGE ST,,Major Arterial,Toronto and East York,43.657645,-79.40819,,Pedestrian Crossover,Clear,Dark,Wet,Non-Fatal Injury,Sideswipe,Driver,25 to 29,Minimal,,North,"Automobile, Station Wagon",Overtaking,Lost control,"Ability Impaired, Alcohol",,,,,,,,,Yes,,,,,Yes,,,,Yes,,79,University,79,University (79),D14,628354.5817,4835079.467
1765,4155190,962717,3/14/2007 8:00:00 AM,1457,SIMCOE Stre,PEARL Stre,,Collector,Toronto and East York,43.647945,-79.38639,At Intersection,Stop Sign,Clear,Daylight,Wet,Non-Fatal Injury,Cyclist Collisions,Driver,20 to 24,None,,South,"Automobile, Station Wagon",Going Ahead,Speed too Slow,Normal,,,,,,,,Yes,Yes,,,,,,,,,,,164,Wellington Place,77,Waterfront Communities-The Island (77),D52,630133.3779,4834036.1088
1766,4155191,962717,3/14/2007 8:00:00 AM,1457,SIMCOE Stre,PEARL Stre,,Collector,Toronto and East York,43.647945,-79.38639,At Intersection,Stop Sign,Clear,Daylight,Wet,Non-Fatal Injury,Cyclist Collisions,Cyclist,20 to 24,Major,,West,Bicycle,Going Ahead,,,,,,"Cyclist without ROW rides into path of motorist at inter, lnwy, dwy-Cyclist not turn.",Disobeyed Traffic Control,Inattentive,,Yes,Yes,,,,,,,,,,,164,Wellington Place,77,Waterfront Communities-The Island (77),D52,630133.3779,4834036.1088
1767,4146013,958821,3/14/2007 8:00:00 AM,1550,HIGHWAY 27  N,ROYALCREST RD,,Major Arterial,Etobicoke York,43.749745,-79.61049,At Intersection,Traffic Signal,Clear,Daylight,Dry,Non-Fatal Injury,Turning Movement,Vehicle Owner,unknown,,,,Other,,,,,,,,,,,,Yes,,,Yes,,Yes,,,,,,1,West Humber-Clairville,1,West Humber-Clairville (1),D23,611870.6919,4845015.368
1768,4146014,958821,3/14/2007 8:00:00 AM,1550,HIGHWAY 27  N,ROYALCREST RD,,Major Arterial,Etobicoke York,43.749745,-79.61049,At Intersection,Traffic Signal,Clear,Daylight,Dry,Non-Fatal Injury,Turning Movement,Driver,35 to 39,None,,North,"Automobile, Station Wagon",Going Ahead,Lost control,Normal,,,,,,,,,Yes,,,Yes,,Yes,,,,,,1,West Humber-Clairville,1,West Humber-Clairville (1),D23,611870.6919,4845015.368
1769,4146015,958821,3/14/2007 8:00:00 AM,1550,HIGHWAY 27  N,ROYALCREST RD,,Major Arterial,Etobicoke York,43.749745,-79.61049,At Intersection,Traffic Signal,Clear,Daylight,Dry,Non-Fatal Injury,Turning Movement,Passenger,35 to 39,Minimal,,,Other,,,,,,,,,,,,Yes,,,Yes,,Yes,,,,,,1,West Humber-Clairville,1,West Humber-Clairville (1),D23,611870.6919,4845015.368
1770,4146016,958821,3/14/2007 8:00:00 AM,1550,HIGHWAY 27  N,ROYALCREST RD,,Major Arterial,Etobicoke York,43.749745,-79.61049,At Intersection,Traffic Signal,Clear,Daylight,Dry,Non-Fatal Injury,Turning Movement,Driver,50 to 54,Major,,West,"Automobile, Station Wagon",Turning Right,Driving Properly,Normal,,,,,,,,,Yes,,,Yes,,Yes,,,,,,1,West Humber-Clairville,1,West Humber-Clairville (1),D23,611870.6919,4845015.368
1771,4146017,958821,3/14/2007 8:00:00 AM,1550,HIGHWAY 27  N,ROYALCREST RD,,Major Arterial,Etobicoke York,43.749745,-79.61049,At Intersection,Traffic Signal,Clear,Daylight,Dry,Non-Fatal Injury,Turning Movement,Driver,70 to 74,None,,West,"Automobile, Station Wagon",Turning Right,Driving Properly,Normal,,,,,,,,,Yes,,,Yes,,Yes,,,,,,1,West Humber-Clairville,1,West Humber-Clairville (1),D23,611870.6919,4845015.368
1772,4146018,958821,3/14/2007 8:00:00 AM,1550,HIGHWAY 27  N,ROYALCREST RD,,Major Arterial,Etobicoke York,43.749745,-79.61049,At Intersection,Traffic Signal,Clear,Daylight,Dry,Non-Fatal Injury,Turning Movement,Vehicle Owner,unknown,,,,Other,,,,,,,,,,,,Yes,,,Yes,,Yes,,,,,,1,West Humber-Clairville,1,West Humber-Clairville (1),D23,611870.6919,4845015.368
1773,4146019,958821,3/14/2007 8:00:00 AM,1550,HIGHWAY 27  N,ROYALCREST RD,,Major Arterial,Etobicoke York,43.749745,-79.61049,At Intersection,Traffic Signal,Clear,Daylight,Dry,Non-Fatal Injury,Turning Movement,Driver,55 to 59,None,,South,Municipal Transit Bus (TTC),Turning Left,Driving Properly,Normal,,,,,,,,,Yes,,,Yes,,Yes,,,,,,1,West Humber-Clairville,1,West Humber-Clairville (1),D23,611870.6919,4845015.368
1774,4147011,959250,3/16/2007 8:00:00 AM,617,72 HINTON RD,,,Local,Etobicoke York,43.726345,-79.57119,,No Control,Clear,Dark,Dry,Non-Fatal Injury,Pedestrian Collisions,Driver,65 to 69,None,,West,"Automobile, Station Wagon",Going Ahead,Driving Properly,Normal,,,,,,,Yes,,Yes,,,,,,,,,,,4,Rexdale-Kipling,4,Rexdale-Kipling (4),D23,615079.6073,4842470.2883
1775,4147012,959250,3/16/2007 8:00:00 AM,617,72 HINTON RD,,,Local,Etobicoke York,43.726345,-79.57119,,No Control,Clear,Dark,Dry,Non-Fatal Injury,Pedestrian Collisions,Pedestrian,80 to 84,Major,,North,Other,,,,Pedestrian hit at mid-block,"Crossing, no Traffic Control",Normal,,,,Yes,,Yes,,,,,,,,,,,4,Rexdale-Kipling,4,Rexdale-Kipling (4),D23,615079.6073,4842470.2883
1776,4292077,963700,3/17/2007 8:00:00 AM,400,EASTERN DIVERSION AVE,BROADVIEW AVE,,Major Arterial,Toronto and East York,43.656645,-79.34889,,Traffic Signal,Snow,Dark,Loose Snow,Non-Fatal Injury,SMV Other,Passenger,30 to 34,Major,,,Other,,,,,,,,,,,,Yes,,,,,Yes,,,,,,70,South Riverdale,70,South Riverdale (70),D55,633138.4611,4835061.8468
1777,4292078,963700,3/17/2007 8:00:00 AM,400,EASTERN DIVERSION AVE,BROADVIEW AVE,,Major Arterial,Toronto and East York,43.656645,-79.34889,,Traffic Signal,Snow,Dark,Loose Snow,Non-Fatal Injury,SMV Other,Vehicle Owner,unknown,None,,,Other,,,,,,,,,,,,Yes,,,,,Yes,,,,,,70,South Riverdale,70,South Riverdale (70),D55,633138.4611,4835061.8468
1778,4292079,963700,3/17/2007 8:00:00 AM,400,EASTERN DIVERSION AVE,BROADVIEW AVE,,Major Arterial,Toronto and East York,43.656645,-79.34889,,Traffic Signal,Snow,Dark,Loose Snow,Non-Fatal Injury,SMV Other,Driver,25 to 29,None,,East,"Automobile, Station Wagon",Going Ahead,Lost control,Normal,,,,,,,,,Yes,,,,,Yes,,,,,,70,South Riverdale,70,South Riverdale (70),D55,633138.4611,4835061.8468
1779,4292080,963700,3/17/2007 8:00:00 AM,400,EASTERN DIVERSION AVE,BROADVIEW AVE,,Major Arterial,Toronto and East York,43.656645,-79.34889,,Traffic Signal,Snow,Dark,Loose Snow,Non-Fatal Injury,SMV Other,Other Property Owner,unknown,None,,,Other,,,,,,,,,,,,Yes,,,,,Yes,,,,,,70,South Riverdale,70,South Riverdale (70),D55,633138.4611,4835061.8468
1780,4157884,963932,3/19/2007 8:00:00 AM,1200,DUNDAS ST W,GROVE AVE,,Minor Arterial,Toronto and East York,43.649345,-79.42329,,No Control,Clear,Daylight,Dry,Non-Fatal Injury,Pedestrian Collisions,Driver,45 to 49,None,,North,"Automobile, Station Wagon",Turning Left,Failed to Yield Right of Way,Inattentive,,,,,,,Yes,,Yes,,,,,,,Yes,,,,81,Trinity-Bellwoods,81,Trinity-Bellwoods (81),D14,627154.5062,4834134.3957
1781,4157885,963932,3/19/2007 8:00:00 AM,1200,DUNDAS ST W,GROVE AVE,,Minor Arterial,Toronto and East York,43.649345,-79.42329,,No Control,Clear,Daylight,Dry,Non-Fatal Injury,Pedestrian Collisions,Pedestrian,60 to 64,Major,,South,Other,,,,Vehicle turns left while ped crosses with ROW at inter.,Crossing with right of way,Inattentive,,,,Yes,,Yes,,,,,,,Yes,,,,81,Trinity-Bellwoods,81,Trinity-Bellwoods (81),D14,627154.5062,4834134.3957
1782,4157889,963934,3/19/2007 8:00:00 AM,1400,JARVIS ST,DUNDAS ST E,,Major Arterial,Toronto and East York,43.657045,-79.37459,At Intersection,Traffic Signal,Clear,Daylight,Wet,Non-Fatal Injury,Pedestrian Collisions,Driver,20 to 24,None,,North,"Automobile, Station Wagon",Slowing or Stopping,Disobeyed Traffic Control,Had Been Drinking,,,,,,,Yes,,Yes,,,,,,,Yes,Yes,,,168,Downtown Yonge East,75,Church-Yonge Corridor (75),D51,631065.2301,4835065.355
1783,4157890,963934,3/19/2007 8:00:00 AM,1400,JARVIS ST,DUNDAS ST E,,Major Arterial,Toronto and East York,43.657045,-79.37459,At Intersection,Traffic Signal,Clear,Daylight,Wet,Non-Fatal Injury,Pedestrian Collisions,Pedestrian,55 to 59,Major,,West,Other,,,,Vehicle is going straight thru inter.while ped cross with ROW,Crossing with right of way,Normal,,,,Yes,,Yes,,,,,,,Yes,Yes,,,168,Downtown Yonge East,75,Church-Yonge Corridor (75),D51,631065.2301,4835065.355
1784,4158869,964373,3/22/2007 8:00:00 AM,1844,DUNDAS ST W,SUBWAY CRES,,Major Arterial,Etobicoke York,43.636145,-79.54009,At Intersection,Traffic Signal,Clear,Daylight,Dry,Non-Fatal Injury,Pedestrian Collisions,Driver,55 to 59,None,,North,"Automobile, Station Wagon",Turning Left,Driving Properly,Unknown,,,,,,,Yes,,Yes,,,,,,,,,,,158,Islington,14,Islington-City Centre West (14),D22,617760.8215,4832496.0368
1785,4158870,964373,3/22/2007 8:00:00 AM,1844,DUNDAS ST W,SUBWAY CRES,,Major Arterial,Etobicoke York,43.636145,-79.54009,At Intersection,Traffic Signal,Clear,Daylight,Dry,Non-Fatal Injury,Pedestrian Collisions,Pedestrian,35 to 39,Major,,South,Other,,,,Vehicle turns left while ped crosses without ROW at inter.,Running onto Roadway,Inattentive,,,,Yes,,Yes,,,,,,,,,,,158,Islington,14,Islington-City Centre West (14),D22,617760.8215,4832496.0368