OBJECTID,INDEX,ACCNUM,DATE,TIME,STREET1,STREET2,OFFSET,ROAD_CLASS,DISTRICT,LATITUDE,LONGITUDE,ACCLOC,TRAFFCTL,VISIBILITY,LIGHT,RDSFCOND,ACCLASS,IMPACTYPE,INVTYPE,INVAGE,INJURY,FATAL_NO,INITDIR,VEHTYPE,MANOEUVER,DRIVACT,DRIVCOND,PEDTYPE,PEDACT,PEDCOND,CYCLISTYPE,CYCACT,CYCCOND,PEDESTRIAN,CYCLIST,AUTOMOBILE,MOTORCYCLE,TRUCK,TRSN_CITY_VEH,EMERG_VEH,PASSENGER,SPEEDING,AG_DRIV,REDLIGHT,ALCOHOL,DISABILITY,HOOD_158,NEIGHBOURHOOD_158,HOOD_140,NEIGHBOURHOOD_140,DIVISION,x,y
1849,4196211,980936,4/13/2007 8:00:00 AM,1539,DUNDAS Stre E,HIGHFIELD Road,,Minor Arterial,Toronto and East York,43.667745,-79.32329,At Intersection,No Control,Clear,Daylight,Dry,Non-Fatal Injury,Rear End,Driver,45 to 49,Minor,,East,"Automobile, Station Wagon",Stopped,,,,,,,,,,,Yes,,,,,Yes,,,,,,65,Greenwood-Coxwell,65,Greenwood-Coxwell (65),D55,635177.8446,4836336.0478
1850,4166551,967741,4/14/2007 8:00:00 AM,1042,VICTORIA PARK AVE,COMBERMERE DR,,Major Arterial,North York,43.756645,-79.31479,,No Control,Clear,Daylight,Dry,Non-Fatal Injury,Rear End,Vehicle Owner,unknown,None,,,Other,,,,,,,,,,,,Yes,,,,,Yes,,Yes,,,,119,Wexford/Maryvale,119,Wexford/Maryvale (119),D41,635662.3899,4846223.5589
1851,4166552,967741,4/14/2007 8:00:00 AM,1042,VICTORIA PARK AVE,COMBERMERE DR,,Major Arterial,North York,43.756645,-79.31479,,No Control,Clear,Daylight,Dry,Non-Fatal Injury,Rear End,Driver,30 to 34,None,,South,"Automobile, Station Wagon",Going Ahead,Following too Close,Normal,,,,,,,,,Yes,,,,,Yes,,Yes,,,,119,Wexford/Maryvale,119,Wexford/Maryvale (119),D41,635662.3899,4846223.5589
1852,4166553,967741,4/14/2007 8:00:00 AM,1042,VICTORIA PARK AVE,COMBERMERE DR,,Major Arterial,North York,43.756645,-79.31479,,No Control,Clear,Daylight,Dry,Non-Fatal Injury,Rear End,Driver,55 to 59,Minimal,,South,"Automobile, Station Wagon",Stopped,Driving Properly,Normal,,,,,,,,,Yes,,,,,Yes,,Yes,,,,119,Wexford/Maryvale,119,Wexford/Maryvale (119),D41,635662.3899,4846223.5589
1853,4166554,967741,4/14/2007 8:00:00 AM,1042,VICTORIA PARK AVE,COMBERMERE DR,,Major Arterial,North York,43.756645,-79.31479,,No Control,Clear,Daylight,Dry,Non-Fatal Injury,Rear End,Passenger,50 to 54,Minor,,,Other,,,,,,,,,,,,Yes,,,,,Yes,,Yes,,,,119,Wexford/Maryvale,119,Wexford/Maryvale (119),D41,635662.3899,4846223.5589
1854,4166555,967741,4/14/2007 8:00:00 AM,1042,VICTORIA PARK AVE,COMBERMERE DR,,Major Arterial,North York,43.756645,-79.31479,,No Control,Clear,Daylight,Dry,Non-Fatal Injury,Rear End,Driver,55 to 59,Major,,South,"Automobile, Station Wagon",Stopped,Driving Properly,Normal,,,,,,,,,Yes,,,,,Yes,,Yes,,,,119,Wexford/Maryvale,119,Wexford/Maryvale (119),D41,635662.3899,4846223.5589
1855,4158733,964318,4/14/2007 8:00:00 AM,1305,FINCH AVE E,DON MILLS RD,,Major Arterial,North York,43.792745,-79.35429,,No Control,Clear,Daylight,Dry,Non-Fatal Injury,Pedestrian Collisions,Driver,45 to 49,None,,East,"Automobile, Station Wagon",Going Ahead,Driving Properly,Normal,,,,,,,Yes,,Yes,,,,,,,,,,,47,Don Valley Village,48,Hillcrest Village (48),D33,632402.8421,4850169.0772
1856,4158734,964318,4/14/2007 8:00:00 AM,1305,FINCH AVE E,DON MILLS RD,,Major Arterial,North York,43.792745,-79.35429,,No Control,Clear,Daylight,Dry,Non-Fatal Injury,Pedestrian Collisions,Pedestrian,65 to 69,Major,,North,Other,,,,Pedestrian hit at mid-block,"Crossing, no Traffic Control",Unknown,,,,Yes,,Yes,,,,,,,,,,,47,Don Valley Village,48,Hillcrest Village (48),D33,632402.8421,4850169.0772
1857,4292154,967962,4/15/2007 8:00:00 AM,1040,KIPLING AVE,BELFIELD RD,,Major Arterial,Etobicoke York,43.704845,-79.56349,,Traffic Signal,Clear,Daylight,Dry,Non-Fatal Injury,Angle,Driver,65 to 69,None,,South,"Automobile, Station Wagon",Going Ahead,Disobeyed Traffic Control,Normal,,,,,,,,,Yes,,,,,Yes,,Yes,Yes,,,1,West Humber-Clairville,1,West Humber-Clairville (1),D23,615741.1695,4840093.1367
1858,4292155,967962,4/15/2007 8:00:00 AM,1040,KIPLING AVE,BELFIELD RD,,Major Arterial,Etobicoke York,43.704845,-79.56349,,Traffic Signal,Clear,Daylight,Dry,Non-Fatal Injury,Angle,Passenger,10 to 14,Minimal,,,Other,,,,,,,,,,,,Yes,,,,,Yes,,Yes,Yes,,,1,West Humber-Clairville,1,West Humber-Clairville (1),D23,615741.1695,4840093.1367
1859,4292156,967962,4/15/2007 8:00:00 AM,1040,KIPLING AVE,BELFIELD RD,,Major Arterial,Etobicoke York,43.704845,-79.56349,,Traffic Signal,Clear,Daylight,Dry,Non-Fatal Injury,Angle,Passenger,60 to 64,Major,,,Other,,,,,,,,,,,,Yes,,,,,Yes,,Yes,Yes,,,1,West Humber-Clairville,1,West Humber-Clairville (1),D23,615741.1695,4840093.1367
1860,4292157,967962,4/15/2007 8:00:00 AM,1040,KIPLING AVE,BELFIELD RD,,Major Arterial,Etobicoke York,43.704845,-79.56349,,Traffic Signal,Clear,Daylight,Dry,Non-Fatal Injury,Angle,Passenger,15 to 19,Minimal,,,Other,,,,,,,,,,,,Yes,,,,,Yes,,Yes,Yes,,,1,West Humber-Clairville,1,West Humber-Clairville (1),D23,615741.1695,4840093.1367
1861,4292158,967962,4/15/2007 8:00:00 AM,1040,KIPLING AVE,BELFIELD RD,,Major Arterial,Etobicoke York,43.704845,-79.56349,,Traffic Signal,Clear,Daylight,Dry,Non-Fatal Injury,Angle,Driver,45 to 49,Minimal,,West,"Automobile, Station Wagon",Going Ahead,Driving Properly,Normal,,,,,,,,,Yes,,,,,Yes,,Yes,Yes,,,1,West Humber-Clairville,1,West Humber-Clairville (1),D23,615741.1695,4840093.1367
1862,4159634,964724,4/17/2007 8:00:00 AM,740,WARDEN AVE,SHEPPARD AVE E,,Major Arterial,Scarborough,43.778745,-79.30789,At Intersection,Traffic Signal,Clear,Daylight,Dry,Non-Fatal Injury,Turning Movement,Driver,70 to 74,Major,,North,"Automobile, Station Wagon",Going Ahead,Disobeyed Traffic Control,Medical or Physical Disability,,,,,,,,,Yes,,,,,,,Yes,Yes,,Yes,118,Tam O'Shanter-Sullivan,118,Tam O'Shanter-Sullivan (118),D42,636167.6997,4848689.4299
1863,4159635,964724,4/17/2007 8:00:00 AM,740,WARDEN AVE,SHEPPARD AVE E,,Major Arterial,Scarborough,43.778745,-79.30789,At Intersection,Traffic Signal,Clear,Daylight,Dry,Non-Fatal Injury,Turning Movement,Driver,35 to 39,None,,North,"Automobile, Station Wagon",Reversing,Driving Properly,Normal,,,,,,,,,Yes,,,,,,,Yes,Yes,,Yes,118,Tam O'Shanter-Sullivan,118,Tam O'Shanter-Sullivan (118),D42,636167.6997,4848689.4299
1864,4159636,964724,4/17/2007 8:00:00 AM,740,WARDEN AVE,SHEPPARD AVE E,,Major Arterial,Scarborough,43.778745,-79.30789,At Intersection,Traffic Signal,Clear,Daylight,Dry,Non-Fatal Injury,Turning Movement,Vehicle Owner,unknown,None,,,Other,,,,,,,,,,,,Yes,,,,,,,Yes,Yes,,Yes,118,Tam O'Shanter-Sullivan,118,Tam O'Shanter-Sullivan (118),D42,636167.6997,4848689.4299
1865,4159637,964724,4/17/2007 8:00:00 AM,740,WARDEN AVE,SHEPPARD AVE E,,Major Arterial,Scarborough,43.778745,-79.30789,At Intersection,Traffic Signal,Clear,Daylight,Dry,Non-Fatal Injury,Turning Movement,Driver,35 to 39,Minor,,West,"Automobile, Station Wagon",Turning Left,Driving Properly,Normal,,,,,,,,,Yes,,,,,,,Yes,Yes,,Yes,118,Tam O'Shanter-Sullivan,118,Tam O'Shanter-Sullivan (118),D42,636167.6997,4848689.4299
1866,4167309,968074,4/17/2007 8:00:00 AM,751,SHEPPARD AVE E,BESSARION RD,,Major Arterial,North York,43.769145,-79.37659,At Intersection,Traffic Signal,Clear,Daylight,Dry,Non-Fatal Injury,Angle,Driver,40 to 44,Minimal,,West,"Automobile, Station Wagon",Stopped,Driving Properly,Unknown,,,,,,,,,Yes,,,,,,,Yes,Yes,,,52,Bayview Village,52,Bayview Village (52),D33,630660.1153,4847512.5007
1867,4167310,968074,4/17/2007 8:00:00 AM,751,SHEPPARD AVE E,BESSARION RD,,Major Arterial,North York,43.769145,-79.37659,At Intersection,Traffic Signal,Clear,Daylight,Dry,Non-Fatal Injury,Angle,Vehicle Owner,unknown,None,,,Other,,,,,,,,,,,,Yes,,,,,,,Yes,Yes,,,52,Bayview Village,52,Bayview Village (52),D33,630660.1153,4847512.5007
1868,4167311,968074,4/17/2007 8:00:00 AM,751,SHEPPARD AVE E,BESSARION RD,,Major Arterial,North York,43.769145,-79.37659,At Intersection,Traffic Signal,Clear,Daylight,Dry,Non-Fatal Injury,Angle,Driver,35 to 39,Major,,East,"Automobile, Station Wagon",Going Ahead,Disobeyed Traffic Control,Unknown,,,,,,,,,Yes,,,,,,,Yes,Yes,,,52,Bayview Village,52,Bayview Village (52),D33,630660.1153,4847512.5007
1869,4167312,968074,4/17/2007 8:00:00 AM,751,SHEPPARD AVE E,BESSARION RD,,Major Arterial,North York,43.769145,-79.37659,At Intersection,Traffic Signal,Clear,Daylight,Dry,Non-Fatal Injury,Angle,Driver,70 to 74,None,,South,"Automobile, Station Wagon",Going Ahead,Driving Properly,Normal,,,,,,,,,Yes,,,,,,,Yes,Yes,,,52,Bayview Village,52,Bayview Village (52),D33,630660.1153,4847512.5007
1870,4159889,964835,4/17/2007 8:00:00 AM,1603,149 SHELDON AVE,,,Local,Etobicoke York,43.602645,-79.54319,,No Control,Clear,Daylight,Dry,Fatal,SMV Other,Passenger,80 to 84,Major,,,Other,,,,,,,,,,,,Yes,,,,,Yes,,,,,,20,Alderwood,20,Alderwood (20),D22,617576.0392,4828771.0619
1871,4159890,964835,4/17/2007 8:00:00 AM,1603,149 SHELDON AVE,,,Local,Etobicoke York,43.602645,-79.54319,,No Control,Clear,Daylight,Dry,Fatal,SMV Other,Driver,90 to 94,Fatal,,East,"Automobile, Station Wagon",Going Ahead,Lost control,Had Been Drinking,,,,,,,,,Yes,,,,,Yes,,,,,,20,Alderwood,20,Alderwood (20),D22,617576.0392,4828771.0619
1872,4170981,969646,4/17/2007 8:00:00 AM,1836,DUNDAS SQ,OKEEFE LANE,,Collector,Toronto and East York,43.655945,-79.37979,,No Control,Clear,Daylight,Dry,Non-Fatal Injury,SMV Other,Vehicle Owner,unknown,None,,,Other,,,,,,,,,,,,,Yes,,,,,,,,,,168,Downtown Yonge East,75,Church-Yonge Corridor (75),D51,630648.3082,4834934.9847
1873,4170982,969646,4/17/2007 8:00:00 AM,1836,DUNDAS SQ,OKEEFE LANE,,Collector,Toronto and East York,43.655945,-79.37979,,No Control,Clear,Daylight,Dry,Non-Fatal Injury,SMV Other,Motorcycle Driver,20 to 24,Major,,West,Motorcycle,Going Ahead,Other,Inattentive,,,,,,,,,,Yes,,,,,,,,,,168,Downtown Yonge East,75,Church-Yonge Corridor (75),D51,630648.3082,4834934.9847
1874,4170983,969646,4/17/2007 8:00:00 AM,1836,DUNDAS SQ,OKEEFE LANE,,Collector,Toronto and East York,43.655945,-79.37979,,No Control,Clear,Daylight,Dry,Non-Fatal Injury,SMV Other,Other Property Owner,unknown,None,,,Other,,,,,,,,,,,,,Yes,,,,,,,,,,168,Downtown Yonge East,75,Church-Yonge Corridor (75),D51,630648.3082,4834934.9847
1875,4170984,969646,4/17/2007 8:00:00 AM,1836,DUNDAS SQ,OKEEFE LANE,,Collector,Toronto and East York,43.655945,-79.37979,,No Control,Clear,Daylight,Dry,Non-Fatal Injury,SMV Other,Other Property Owner,unknown,None,,,Other,,,,,,,,,,,,,Yes,,,,,,,,,,168,Downtown Yonge East,75,Church-Yonge Corridor (75),D51,630648.3082,4834934.9847
1876,4167292,968070,4/17/2007 8:00:00 AM,2257,BATHURST ST,MARKDALE AVE,,Major Arterial,Toronto and East York,43.694345,-79.42289,,No Control,Clear,Dark,Dry,Non-Fatal Injury,SMV Unattended Vehicle,Vehicle Owner,unknown,None,,,Other,Parked,,,,,,,,,,,Yes,,,,,Yes,Yes,Yes,,Yes,,106,Humewood-Cedarvale,106,Humewood-Cedarvale (106),D13,627091.7451,4839132.8614
1877,4167293,968070,4/17/2007 8:00:00 AM,2257,BATHURST ST,MARKDALE AVE,,Major Arterial,Toronto and East York,43.694345,-79.42289,,No Control,Clear,Dark,Dry,Non-Fatal Injury,SMV Unattended Vehicle,Driver,35 to 39,Minor,,South,"Automobile, Station Wagon",Going Ahead,Driving Properly,Normal,,,,,,,,,Yes,,,,,Yes,Yes,Yes,,Yes,,106,Humewood-Cedarvale,106,Humewood-Cedarvale (106),D13,627091.7451,4839132.8614
1878,4167294,968070,4/17/2007 8:00:00 AM,2257,BATHURST ST,MARKDALE AVE,,Major Arterial,Toronto and East York,43.694345,-79.42289,,No Control,Clear,Dark,Dry,Non-Fatal Injury,SMV Unattended Vehicle,Driver,35 to 39,None,,North,"Automobile, Station Wagon",Going Ahead,Driving Properly,Normal,,,,,,,,,Yes,,,,,Yes,Yes,Yes,,Yes,,106,Humewood-Cedarvale,106,Humewood-Cedarvale (106),D13,627091.7451,4839132.8614
1879,4167295,968070,4/17/2007 8:00:00 AM,2257,BATHURST ST,MARKDALE AVE,,Major Arterial,Toronto and East York,43.694345,-79.42289,,No Control,Clear,Dark,Dry,Non-Fatal Injury,SMV Unattended Vehicle,Vehicle Owner,unknown,None,,,Other,Parked,,,,,,,,,,,Yes,,,,,Yes,Yes,Yes,,Yes,,106,Humewood-Cedarvale,106,Humewood-Cedarvale (106),D13,627091.7451,4839132.8614
1880,4167296,968070,4/17/2007 8:00:00 AM,2257,BATHURST ST,MARKDALE AVE,,Major Arterial,Toronto and East York,43.694345,-79.42289,,No Control,Clear,Dark,Dry,Non-Fatal Injury,SMV Unattended Vehicle,Passenger,20 to 24,Minor,,,Other,,,,,,,,,,,,Yes,,,,,Yes,Yes,Yes,,Yes,,106,Humewood-Cedarvale,106,Humewood-Cedarvale (106),D13,627091.7451,4839132.8614
1881,4167297,968070,4/17/2007 8:00:00 AM,2257,BATHURST ST,MARKDALE AVE,,Major Arterial,Toronto and East York,43.694345,-79.42289,,No Control,Clear,Dark,Dry,Non-Fatal Injury,SMV Unattended Vehicle,Passenger,20 to 24,Minor,,,Other,,,,,,,,,,,,Yes,,,,,Yes,Yes,Yes,,Yes,,106,Humewood-Cedarvale,106,Humewood-Cedarvale (106),D13,627091.7451,4839132.8614
1882,4167298,968070,4/17/2007 8:00:00 AM,2257,BATHURST ST,MARKDALE AVE,,Major Arterial,Toronto and East York,43.694345,-79.42289,,No Control,Clear,Dark,Dry,Non-Fatal Injury,SMV Unattended Vehicle,Driver,20 to 24,Major,,North,"Automobile, Station Wagon",Changing Lanes,Failed to Yield Right of Way,"Ability Impaired, Alcohol",,,,,,,,,Yes,,,,,Yes,Yes,Yes,,Yes,,106,Humewood-Cedarvale,106,Humewood-Cedarvale (106),D13,627091.7451,4839132.8614
1883,4167299,968070,4/17/2007 8:00:00 AM,2257,BATHURST ST,MARKDALE AVE,,Major Arterial,Toronto and East York,43.694345,-79.42289,,No Control,Clear,Dark,Dry,Non-Fatal Injury,SMV Unattended Vehicle,Other Property Owner,unknown,None,,,Other,,,,,,,,,,,,Yes,,,,,Yes,Yes,Yes,,Yes,,106,Humewood-Cedarvale,106,Humewood-Cedarvale (106),D13,627091.7451,4839132.8614
1884,4160457,965074,4/18/2007 8:00:00 AM,1705,SHEPPARD Ave W,LAURA Rd,,Major Arterial,Etobicoke York,43.738045,-79.51899,,No Control,Clear,Daylight,Dry,Non-Fatal Injury,Approaching,Passenger,75 to 79,Minor,,,Other,,,,,,,,,,,,Yes,,,,,Yes,,Yes,,,,154,Oakdale-Beverley Heights,26,Downsview-Roding-CFB (26),D31,619260.7206,4843843.5505
1885,4160458,965074,4/18/2007 8:00:00 AM,1705,SHEPPARD Ave W,LAURA Rd,,Major Arterial,Etobicoke York,43.738045,-79.51899,,No Control,Clear,Daylight,Dry,Non-Fatal Injury,Approaching,Passenger,30 to 34,Minor,,,Other,,,,,,,,,,,,Yes,,,,,Yes,,Yes,,,,154,Oakdale-Beverley Heights,26,Downsview-Roding-CFB (26),D31,619260.7206,4843843.5505
1886,4160459,965074,4/18/2007 8:00:00 AM,1705,SHEPPARD Ave W,LAURA Rd,,Major Arterial,Etobicoke York,43.738045,-79.51899,,No Control,Clear,Daylight,Dry,Non-Fatal Injury,Approaching,Driver,35 to 39,Minor,,West,"Automobile, Station Wagon",Going Ahead,Driving Properly,Normal,,,,,,,,,Yes,,,,,Yes,,Yes,,,,154,Oakdale-Beverley Heights,26,Downsview-Roding-CFB (26),D31,619260.7206,4843843.5505
1887,4160460,965074,4/18/2007 8:00:00 AM,1705,SHEPPARD Ave W,LAURA Rd,,Major Arterial,Etobicoke York,43.738045,-79.51899,,No Control,Clear,Daylight,Dry,Non-Fatal Injury,Approaching,Driver,30 to 34,Major,,East,"Automobile, Station Wagon",Overtaking,Failed to Yield Right of Way,Normal,,,,,,,,,Yes,,,,,Yes,,Yes,,,,154,Oakdale-Beverley Heights,26,Downsview-Roding-CFB (26),D31,619260.7206,4843843.5505
1888,4161157,965365,4/20/2007 8:00:00 AM,1430,KIPLING AVE,NAMCO RD,,Major Arterial,Etobicoke York,43.708445,-79.56519,,No Control,Clear,Daylight,Dry,Non-Fatal Injury,SMV Other,Vehicle Owner,unknown,None,,,Other,,,,,,,,,,,,Yes,,,,,,,,,,,1,West Humber-Clairville,1,West Humber-Clairville (1),D23,615597.2779,4840490.5941
1889,4161158,965365,4/20/2007 8:00:00 AM,1430,KIPLING AVE,NAMCO RD,,Major Arterial,Etobicoke York,43.708445,-79.56519,,No Control,Clear,Daylight,Dry,Non-Fatal Injury,SMV Other,Driver,20 to 24,Major,,South,"Automobile, Station Wagon",Going Ahead,Lost control,Normal,,,,,,,,,Yes,,,,,,,,,,,1,West Humber-Clairville,1,West Humber-Clairville (1),D23,615597.2779,4840490.5941
1890,4167988,968354,4/20/2007 8:00:00 AM,2240,343 CHEROKEE BLVD,,,Collector,North York,43.799345,-79.33759,,No Control,Clear,Dark,Dry,Non-Fatal Injury,Pedestrian Collisions,Vehicle Owner,unknown,,,,Other,,,,,,,,,,Yes,,Yes,,,,,,,,,,,46,Pleasant View,46,Pleasant View (46),D33,633731.7019,4850928.9623
1891,4167989,968354,4/20/2007 8:00:00 AM,2240,343 CHEROKEE BLVD,,,Collector,North York,43.799345,-79.33759,,No Control,Clear,Dark,Dry,Non-Fatal Injury,Pedestrian Collisions,Vehicle Owner,unknown,,,,Other,,,,,,,,,,Yes,,Yes,,,,,,,,,,,46,Pleasant View,46,Pleasant View (46),D33,633731.7019,4850928.9623
1892,4167990,968354,4/20/2007 8:00:00 AM,2240,343 CHEROKEE BLVD,,,Collector,North York,43.799345,-79.33759,,No Control,Clear,Dark,Dry,Non-Fatal Injury,Pedestrian Collisions,Driver,40 to 44,Major,,East,"Automobile, Station Wagon",Reversing,Lost control,Normal,,,,,,,Yes,,Yes,,,,,,,,,,,46,Pleasant View,46,Pleasant View (46),D33,633731.7019,4850928.9623
1893,4167991,968354,4/20/2007 8:00:00 AM,2240,343 CHEROKEE BLVD,,,Collector,North York,43.799345,-79.33759,,No Control,Clear,Dark,Dry,Non-Fatal Injury,Pedestrian Collisions,Pedestrian,35 to 39,Minor,,,Other,,,,Pedestrian hit at private driveway,Other,Normal,,,,Yes,,Yes,,,,,,,,,,,46,Pleasant View,46,Pleasant View (46),D33,633731.7019,4850928.9623
1894,4168199,968451,4/21/2007 8:00:00 AM,1309,BOOTH AVE,LAKE SHORE BLVD E,,Major Arterial,Toronto and East York,43.653544,-79.340793,At Intersection,Stop Sign,Clear,Daylight,Dry,Non-Fatal Injury,Pedestrian Collisions,Driver,55 to 59,None,,South,"Automobile, Station Wagon",Going Ahead,Failed to Yield Right of Way,Normal,,,,,,,Yes,,Yes,,,,,,,Yes,,,,70,South Riverdale,70,South Riverdale (70),D55,633798.2628,4834730.4637
1895,4168200,968451,4/21/2007 8:00:00 AM,1309,BOOTH AVE,LAKE SHORE BLVD E,,Major Arterial,Toronto and East York,43.653544,-79.340793,At Intersection,Stop Sign,Clear,Daylight,Dry,Non-Fatal Injury,Pedestrian Collisions,Pedestrian,25 to 29,Major,,East,,Going Ahead,,,,,,,,,Yes,,Yes,,,,,,,Yes,,,,70,South Riverdale,70,South Riverdale (70),D55,633798.2628,4834730.4637
1896,4171423,969841,4/21/2007 8:00:00 AM,1741,BLOOR ST W,HURON ST,,Major Arterial,Toronto and East York,43.667145,-79.40149,At Intersection,Traffic Signal,Clear,Daylight,Dry,Non-Fatal Injury,Turning Movement,Driver,25 to 29,None,,West,"Automobile, Station Wagon",Going Ahead,Driving Properly,Normal,,,,,,,,Yes,Yes,,,,,,,Yes,,,,79,University,79,University (79),D52,628874.5089,4836144.9545
1897,4171424,969841,4/21/2007 8:00:00 AM,1741,BLOOR ST W,HURON ST,,Major Arterial,Toronto and East York,43.667145,-79.40149,At Intersection,Traffic Signal,Clear,Daylight,Dry,Non-Fatal Injury,Turning Movement,Moped Driver,50 to 54,Major,,West,Moped,Going Ahead,Driving Properly,Normal,,,,,,,,Yes,Yes,,,,,,,Yes,,,,79,University,79,University (79),D52,628874.5089,4836144.9545
1898,4171425,969841,4/21/2007 8:00:00 AM,1741,BLOOR ST W,HURON ST,,Major Arterial,Toronto and East York,43.667145,-79.40149,At Intersection,Traffic Signal,Clear,Daylight,Dry,Non-Fatal Injury,Turning Movement,Driver,unknown,None,,East,"Automobile, Station Wagon",Turning Left,Failed to Yield Right of Way,,,,,,,,,Yes,Yes,,,,,,,Yes,,,,79,University,79,University (79),D52,628874.5089,4836144.9545
1899,4161166,965369,4/22/2007 8:00:00 AM,4,WARDEN AVE,SHEPPARD AVE E,,Major Arterial,Scarborough,43.778746,-79.307887,At Intersection,Traffic Signal,Clear,Dark,Dry,Fatal,Turning Movement,Motorcycle Driver,20 to 24,Fatal,,North,Motorcycle,Going Ahead,Exceeding Speed Limit,Normal,,,,,,,,,Yes,Yes,,,,,Yes,Yes,,,,118,Tam O'Shanter-Sullivan,118,Tam O'Shanter-Sullivan (118),D42,636167.9389,4848689.5459
1900,4161167,965369,4/22/2007 8:00:00 AM,4,WARDEN AVE,SHEPPARD AVE E,,Major Arterial,Scarborough,43.778746,-79.307887,At Intersection,Traffic Signal,Clear,Dark,Dry,Fatal,Turning Movement,Vehicle Owner,unknown,,,,Other,,,,,,,,,,,,Yes,Yes,,,,,Yes,Yes,,,,118,Tam O'Shanter-Sullivan,118,Tam O'Shanter-Sullivan (118),D42,636167.9389,4848689.5459
1901,4161168,965369,4/22/2007 8:00:00 AM,4,WARDEN AVE,SHEPPARD AVE E,,Major Arterial,Scarborough,43.778746,-79.307887,At Intersection,Traffic Signal,Clear,Dark,Dry,Fatal,Turning Movement,Driver,30 to 34,None,,South,"Automobile, Station Wagon",Turning Left,Improper Turn,Normal,,,,,,,,,Yes,Yes,,,,,Yes,Yes,,,,118,Tam O'Shanter-Sullivan,118,Tam O'Shanter-Sullivan (118),D42,636167.9389,4848689.5459
1902,4168857,968739,4/22/2007 8:00:00 AM,1210,KEELE ST,JACKSON PL,,Major Arterial,Toronto and East York,43.666345,-79.46489,,Stop Sign,Clear,Daylight,Dry,Non-Fatal Injury,Angle,Vehicle Owner,unknown,,,,Other,,,,,,,,,,,,Yes,,,,,Yes,Yes,Yes,,Yes,,90,Junction Area,90,Junction Area (90),D11,623764.6925,4835959.5676
1903,4168858,968739,4/22/2007 8:00:00 AM,1210,KEELE ST,JACKSON PL,,Major Arterial,Toronto and East York,43.666345,-79.46489,,Stop Sign,Clear,Daylight,Dry,Non-Fatal Injury,Angle,Driver,50 to 54,Major,,South,"Automobile, Station Wagon",Going Ahead,Driving Properly,Normal,,,,,,,,,Yes,,,,,Yes,Yes,Yes,,Yes,,90,Junction Area,90,Junction Area (90),D11,623764.6925,4835959.5676
1904,4168859,968739,4/22/2007 8:00:00 AM,1210,KEELE ST,JACKSON PL,,Major Arterial,Toronto and East York,43.666345,-79.46489,,Stop Sign,Clear,Daylight,Dry,Non-Fatal Injury,Angle,Passenger,20 to 24,Minimal,,,Other,,,,,,,,,,,,Yes,,,,,Yes,Yes,Yes,,Yes,,90,Junction Area,90,Junction Area (90),D11,623764.6925,4835959.5676
1905,4168860,968739,4/22/2007 8:00:00 AM,1210,KEELE ST,JACKSON PL,,Major Arterial,Toronto and East York,43.666345,-79.46489,,Stop Sign,Clear,Daylight,Dry,Non-Fatal Injury,Angle,Driver,50 to 54,None,,South,"Automobile, Station Wagon",Going Ahead,Driving Properly,Normal,,,,,,,,,Yes,,,,,Yes,Yes,Yes,,Yes,,90,Junction Area,90,Junction Area (90),D11,623764.6925,4835959.5676
1906,4168861,968739,4/22/2007 8:00:00 AM,1210,KEELE ST,JACKSON PL,,Major Arterial,Toronto and East York,43.666345,-79.46489,,Stop Sign,Clear,Daylight,Dry,Non-Fatal Injury,Angle,Driver,60 to 64,None,,West,"Automobile, Station Wagon",Going Ahead,Failed to Yield Right of Way,"Ability Impaired, Alcohol Over .08",,,,,,,,,Yes,,,,,Yes,Yes,Yes,,Yes,,90,Junction Area,90,Junction Area (90),D11,623764.6925,4835959.5676
1907,4170939,969630,4/28/2007 8:00:00 AM,15,GERRARD ST E,GLENMORE RD,,Minor Arterial,Toronto and East York,43.680645,-79.31109,At Intersection,No Control,Rain,Dark,Wet,Non-Fatal Injury,Pedestrian Collisions,Driver,50 to 54,None,,East,"Automobile, Station Wagon",Going Ahead,Driving Properly,Normal,,,,,,,Yes,,Yes,,,,,,,,,,,64,Woodbine Corridor,64,Woodbine Corridor (64),D55,636132.2585,4837788.7224
1908,4170940,969630,4/28/2007 8:00:00 AM,15,GERRARD ST E,GLENMORE RD,,Minor Arterial,Toronto and East York,43.680645,-79.31109,At Intersection,No Control,Rain,Dark,Wet,Non-Fatal Injury,Pedestrian Collisions,Pedestrian,50 to 54,Minor,,South,Other,,,,Pedestrian hit at mid-block,Running onto Roadway,"Ability Impaired, Alcohol",,,,Yes,,Yes,,,,,,,,,,,64,Woodbine Corridor,64,Woodbine Corridor (64),D55,636132.2585,4837788.7224
1909,4170941,969630,4/28/2007 8:00:00 AM,15,GERRARD ST E,GLENMORE RD,,Minor Arterial,Toronto and East York,43.680645,-79.31109,At Intersection,No Control,Rain,Dark,Wet,Non-Fatal Injury,Pedestrian Collisions,Pedestrian,60 to 64,Major,,South,Other,,,,Pedestrian hit at mid-block,Running onto Roadway,"Ability Impaired, Alcohol",,,,Yes,,Yes,,,,,,,,,,,64,Woodbine Corridor,64,Woodbine Corridor (64),D55,636132.2585,4837788.7224
1910,4164012,966627,4/28/2007 8:00:00 AM,1415,STEELES AVE E,ASHCOTT ST,,Major Arterial,Scarborough,43.827245,-79.29169,At Intersection,Traffic Signal,Clear,Daylight,Dry,Non-Fatal Injury,Pedestrian Collisions,Driver,35 to 39,None,,East,"Automobile, Station Wagon",Going Ahead,Driving Properly,Normal,,,,,,,Yes,,Yes,,,,,,,,,,,130,Milliken,130,Milliken (130),D42,637360.1596,4854102.9077
1911,4164013,966627,4/28/2007 8:00:00 AM,1415,STEELES AVE E,ASHCOTT ST,,Major Arterial,Scarborough,43.827245,-79.29169,At Intersection,Traffic Signal,Clear,Daylight,Dry,Non-Fatal Injury,Pedestrian Collisions,Pedestrian,15 to 19,Major,,South,Other,,,,Vehicle is going straight thru inter.while ped cross without ROW,Crossing without right of way,Normal,,,,Yes,,Yes,,,,,,,,,,,130,Milliken,130,Milliken (130),D42,637360.1596,4854102.9077