OBJECTID,INDEX,ACCNUM,DATE,TIME,STREET1,STREET2,OFFSET,ROAD_CLASS,DISTRICT,LATITUDE,LONGITUDE,ACCLOC,TRAFFCTL,VISIBILITY,LIGHT,RDSFCOND,ACCLASS,IMPACTYPE,INVTYPE,INVAGE,INJURY,FATAL_NO,INITDIR,VEHTYPE,MANOEUVER,DRIVACT,DRIVCOND,PEDTYPE,PEDACT,PEDCOND,CYCLISTYPE,CYCACT,CYCCOND,PEDESTRIAN,CYCLIST,AUTOMOBILE,MOTORCYCLE,TRUCK,TRSN_CITY_VEH,EMERG_VEH,PASSENGER,SPEEDING,AG_DRIV,REDLIGHT,ALCOHOL,DISABILITY,HOOD_158,NEIGHBOURHOOD_158,HOOD_140,NEIGHBOURHOOD_140,DIVISION,x,y
1912,4164028,966632,4/28/2007 8:00:00 AM,1734,746 OSSINGTON AVE,,,Minor Arterial,Toronto and East York,43.662345,-79.42579,,No Control,Clear,Daylight,Dry,Non-Fatal Injury,Pedestrian Collisions,Vehicle Owner,unknown,,,,Other,,,,,,,,,,Yes,,,,,Yes,,,,Yes,,,,172,Dovercourt Village,93,Dovercourt-Wallace Emerson-Junction (93),D14,626925.499,4835574.3884
1913,4164029,966632,4/28/2007 8:00:00 AM,1734,746 OSSINGTON AVE,,,Minor Arterial,Toronto and East York,43.662345,-79.42579,,No Control,Clear,Daylight,Dry,Non-Fatal Injury,Pedestrian Collisions,Driver,45 to 49,None,,North,Municipal Transit Bus (TTC),Turning Left,Failed to Yield Right of Way,Normal,,,,,,,Yes,,,,,Yes,,,,Yes,,,,172,Dovercourt Village,93,Dovercourt-Wallace Emerson-Junction (93),D14,626925.499,4835574.3884
1914,4164030,966632,4/28/2007 8:00:00 AM,1734,746 OSSINGTON AVE,,,Minor Arterial,Toronto and East York,43.662345,-79.42579,,No Control,Clear,Daylight,Dry,Non-Fatal Injury,Pedestrian Collisions,Pedestrian,75 to 79,Major,,South,Other,,,,Pedestrian involved in a collision with transit vehicle anywhere along roadway,"Crossing, no Traffic Control",Normal,,,,Yes,,,,,Yes,,,,Yes,,,,172,Dovercourt Village,93,Dovercourt-Wallace Emerson-Junction (93),D14,626925.499,4835574.3884
1915,4174611,971237,4/28/2007 8:00:00 AM,1905,EGLINTON AVE E,BRIMLEY RD,,Major Arterial,Scarborough,43.736645,-79.24809,,Traffic Signal,Clear,Daylight,Dry,Non-Fatal Injury,Angle,Passenger,0 to 4,Minor,,,Other,,,,,,,,,,,,Yes,,,,,Yes,,Yes,Yes,,,124,Kennedy Park,124,Kennedy Park (124),D41,641078.8992,4844113.6748
1916,4174612,971237,4/28/2007 8:00:00 AM,1905,EGLINTON AVE E,BRIMLEY RD,,Major Arterial,Scarborough,43.736645,-79.24809,,Traffic Signal,Clear,Daylight,Dry,Non-Fatal Injury,Angle,Passenger,10 to 14,Minor,,,Other,,,,,,,,,,,,Yes,,,,,Yes,,Yes,Yes,,,124,Kennedy Park,124,Kennedy Park (124),D41,641078.8992,4844113.6748
1917,4174613,971237,4/28/2007 8:00:00 AM,1905,EGLINTON AVE E,BRIMLEY RD,,Major Arterial,Scarborough,43.736645,-79.24809,,Traffic Signal,Clear,Daylight,Dry,Non-Fatal Injury,Angle,Driver,45 to 49,Major,,East,"Automobile, Station Wagon",Going Ahead,Driving Properly,Normal,,,,,,,,,Yes,,,,,Yes,,Yes,Yes,,,124,Kennedy Park,124,Kennedy Park (124),D41,641078.8992,4844113.6748
1918,4174614,971237,4/28/2007 8:00:00 AM,1905,EGLINTON AVE E,BRIMLEY RD,,Major Arterial,Scarborough,43.736645,-79.24809,,Traffic Signal,Clear,Daylight,Dry,Non-Fatal Injury,Angle,Driver,15 to 19,Minor,,South,"Automobile, Station Wagon",Going Ahead,Disobeyed Traffic Control,Normal,,,,,,,,,Yes,,,,,Yes,,Yes,Yes,,,124,Kennedy Park,124,Kennedy Park (124),D41,641078.8992,4844113.6748
1919,4174636,971246,4/29/2007 8:00:00 AM,1520,DANFORTH AVE,GILLARD AVE,,Major Arterial,Toronto and East York,43.682345,-79.32829,,Traffic Signal,Clear,Daylight,Dry,Non-Fatal Injury,Rear End,Driver,45 to 49,None,,West,"Automobile, Station Wagon",Stopped,Driving Properly,Normal,,,,,,,,,Yes,Yes,,,,,,Yes,,,,65,Greenwood-Coxwell,65,Greenwood-Coxwell (65),D55,634742.0548,4837949.4423
1920,4174637,971246,4/29/2007 8:00:00 AM,1520,DANFORTH AVE,GILLARD AVE,,Major Arterial,Toronto and East York,43.682345,-79.32829,,Traffic Signal,Clear,Daylight,Dry,Non-Fatal Injury,Rear End,Motorcycle Driver,45 to 49,Major,,West,Motorcycle,Going Ahead,Following too Close,Normal,,,,,,,,,Yes,Yes,,,,,,Yes,,,,65,Greenwood-Coxwell,65,Greenwood-Coxwell (65),D55,634742.0548,4837949.4423
1921,4164718,966951,4/30/2007 8:00:00 AM,910,CENTRAL PARK RDWY Road,CORDOVA AVE,,Collector,Etobicoke York,43.647845,-79.52689,At Intersection,Stop Sign,Clear,Daylight,Dry,Non-Fatal Injury,Pedestrian Collisions,Driver,unknown,None,,South,"Automobile, Station Wagon",Turning Left,Failed to Yield Right of Way,Unknown,,,,,,,Yes,,Yes,,,,,,,Yes,,,,159,Etobicoke City Centre,14,Islington-City Centre West (14),D22,618802.5204,4833814.2799
1922,4164719,966951,4/30/2007 8:00:00 AM,910,CENTRAL PARK RDWY Road,CORDOVA AVE,,Collector,Etobicoke York,43.647845,-79.52689,At Intersection,Stop Sign,Clear,Daylight,Dry,Non-Fatal Injury,Pedestrian Collisions,Pedestrian,75 to 79,Major,,North,Other,,,,Vehicle turns left while ped crosses with ROW at inter.,Crossing with right of way,Normal,,,,Yes,,Yes,,,,,,,Yes,,,,159,Etobicoke City Centre,14,Islington-City Centre West (14),D22,618802.5204,4833814.2799
1923,4171453,969857,4/30/2007 8:00:00 AM,1841,MARLEE AVE,WHITMORE AVE,,Minor Arterial,North York,43.699945,-79.44009,At Intersection,Stop Sign,Clear,Daylight,Dry,Non-Fatal Injury,Turning Movement,Vehicle Owner,unknown,None,,,Other,,,,,,,,,,,,Yes,Yes,,,,,Yes,Yes,,,,108,Briar Hill-Belgravia,108,Briar Hill-Belgravia (108),D13,625693.9654,4839728.5995
1924,4171454,969857,4/30/2007 8:00:00 AM,1841,MARLEE AVE,WHITMORE AVE,,Minor Arterial,North York,43.699945,-79.44009,At Intersection,Stop Sign,Clear,Daylight,Dry,Non-Fatal Injury,Turning Movement,Motorcycle Driver,20 to 24,Major,,North,Motorcycle,Going Ahead,Exceeding Speed Limit,Normal,,,,,,,,,Yes,Yes,,,,,Yes,Yes,,,,108,Briar Hill-Belgravia,108,Briar Hill-Belgravia (108),D13,625693.9654,4839728.5995
1925,4171455,969857,4/30/2007 8:00:00 AM,1841,MARLEE AVE,WHITMORE AVE,,Minor Arterial,North York,43.699945,-79.44009,At Intersection,Stop Sign,Clear,Daylight,Dry,Non-Fatal Injury,Turning Movement,Driver,45 to 49,Minor,,West,"Automobile, Station Wagon",Turning Left,Failed to Yield Right of Way,Normal,,,,,,,,,Yes,Yes,,,,,Yes,Yes,,,,108,Briar Hill-Belgravia,108,Briar Hill-Belgravia (108),D13,625693.9654,4839728.5995
1926,4171490,969872,5/1/2007 8:00:00 AM,2108,LAWRENCE AVE W,BRUCEWOOD CRES,,Major Arterial,North York,43.718445,-79.43299,At Intersection,Traffic Signal,Clear,Dark,Wet,Non-Fatal Injury,Turning Movement,Passenger,20 to 24,Minor,,,Other,,,,,,,,,,,,Yes,,,,,Yes,,,,,,32,Englemount-Lawrence,32,Englemount-Lawrence (32),D13,626227.2324,4841794.0725
1927,4171491,969872,5/1/2007 8:00:00 AM,2108,LAWRENCE AVE W,BRUCEWOOD CRES,,Major Arterial,North York,43.718445,-79.43299,At Intersection,Traffic Signal,Clear,Dark,Wet,Non-Fatal Injury,Turning Movement,Driver,20 to 24,Minor,,West,"Automobile, Station Wagon",Going Ahead,Driving Properly,Normal,,,,,,,,,Yes,,,,,Yes,,,,,,32,Englemount-Lawrence,32,Englemount-Lawrence (32),D13,626227.2324,4841794.0725
1928,4171492,969872,5/1/2007 8:00:00 AM,2108,LAWRENCE AVE W,BRUCEWOOD CRES,,Major Arterial,North York,43.718445,-79.43299,At Intersection,Traffic Signal,Clear,Dark,Wet,Non-Fatal Injury,Turning Movement,Passenger,15 to 19,Major,,,Other,,,,,,,,,,,,Yes,,,,,Yes,,,,,,32,Englemount-Lawrence,32,Englemount-Lawrence (32),D13,626227.2324,4841794.0725
1929,4171493,969872,5/1/2007 8:00:00 AM,2108,LAWRENCE AVE W,BRUCEWOOD CRES,,Major Arterial,North York,43.718445,-79.43299,At Intersection,Traffic Signal,Clear,Dark,Wet,Non-Fatal Injury,Turning Movement,Driver,20 to 24,Minor,,East,"Automobile, Station Wagon",Turning Left,Improper Turn,Normal,,,,,,,,,Yes,,,,,Yes,,,,,,32,Englemount-Lawrence,32,Englemount-Lawrence (32),D13,626227.2324,4841794.0725
1930,4292285,970082,5/3/2007 8:00:00 AM,1924,FINCH AVE W,EDITHVALE DR,,Major Arterial,North York,43.777345,-79.42649,At Intersection,Pedestrian Crossover,Clear,Daylight,Dry,Non-Fatal Injury,Pedestrian Collisions,Driver,40 to 44,None,,West,"Automobile, Station Wagon",Going Ahead,Failed to Yield Right of Way,Normal,,,,,,,Yes,,Yes,,,,,,,Yes,,,,36,Newtonbrook West,36,Newtonbrook West (36),D32,626626.5712,4848345.7066
1931,4292286,970082,5/3/2007 8:00:00 AM,1924,FINCH AVE W,EDITHVALE DR,,Major Arterial,North York,43.777345,-79.42649,At Intersection,Pedestrian Crossover,Clear,Daylight,Dry,Non-Fatal Injury,Pedestrian Collisions,Pedestrian,25 to 29,Major,,,Other,,,,Pedestrian hit a PXO/ped. Mid-block signal,"Crossing, Pedestrian Crossover",Normal,,,,Yes,,Yes,,,,,,,Yes,,,,36,Newtonbrook West,36,Newtonbrook West (36),D32,626626.5712,4848345.7066
1932,4405571,967864,5/6/2007 8:00:00 AM,1615,QUEEN ST E,CARLAW AVE,,Minor Arterial,Toronto and East York,43.661045,-79.34009,At Intersection,Traffic Signal,Clear,Daylight,Dry,Non-Fatal Injury,Turning Movement,Motorcycle Driver,25 to 29,Major,,East,Motorcycle,Going Ahead,Driving Properly,Normal,,,,,,,,,Yes,Yes,,,,Yes,,,,,,70,South Riverdale,70,South Riverdale (70),D55,633838.287,4835564.6837
1933,4405572,967864,5/6/2007 8:00:00 AM,1615,QUEEN ST E,CARLAW AVE,,Minor Arterial,Toronto and East York,43.661045,-79.34009,At Intersection,Traffic Signal,Clear,Daylight,Dry,Non-Fatal Injury,Turning Movement,Passenger,15 to 19,None,,,Other,,,,,,,,,,,,Yes,Yes,,,,Yes,,,,,,70,South Riverdale,70,South Riverdale (70),D55,633838.287,4835564.6837
1934,4405573,967864,5/6/2007 8:00:00 AM,1615,QUEEN ST E,CARLAW AVE,,Minor Arterial,Toronto and East York,43.661045,-79.34009,At Intersection,Traffic Signal,Clear,Daylight,Dry,Non-Fatal Injury,Turning Movement,Driver,50 to 54,None,,West,"Automobile, Station Wagon",Turning Left,Improper Turn,Normal,,,,,,,,,Yes,Yes,,,,Yes,,,,,,70,South Riverdale,70,South Riverdale (70),D55,633838.287,4835564.6837
1935,4167450,968131,5/7/2007 8:00:00 AM,645,330 PROGRESS AVE,,,Minor Arterial,Scarborough,43.773945,-79.26839,,No Control,Clear,Daylight,Dry,Non-Fatal Injury,Rear End,Vehicle Owner,unknown,None,,,Other,,,,,,,,,,,,Yes,,,,,Yes,,,,Yes,,156,Bendale-Glen Andrew,127,Bendale (127),D41,639357.5346,4848222.0427
1936,4167451,968131,5/7/2007 8:00:00 AM,645,330 PROGRESS AVE,,,Minor Arterial,Scarborough,43.773945,-79.26839,,No Control,Clear,Daylight,Dry,Non-Fatal Injury,Rear End,Passenger,45 to 49,Minor,,,Other,,,,,,,,,,,,Yes,,,,,Yes,,,,Yes,,156,Bendale-Glen Andrew,127,Bendale (127),D41,639357.5346,4848222.0427
1937,4167452,968131,5/7/2007 8:00:00 AM,645,330 PROGRESS AVE,,,Minor Arterial,Scarborough,43.773945,-79.26839,,No Control,Clear,Daylight,Dry,Non-Fatal Injury,Rear End,Driver,40 to 44,Minor,,East,"Automobile, Station Wagon",Stopped,Driving Properly,Normal,,,,,,,,,Yes,,,,,Yes,,,,Yes,,156,Bendale-Glen Andrew,127,Bendale (127),D41,639357.5346,4848222.0427
1938,4167453,968131,5/7/2007 8:00:00 AM,645,330 PROGRESS AVE,,,Minor Arterial,Scarborough,43.773945,-79.26839,,No Control,Clear,Daylight,Dry,Non-Fatal Injury,Rear End,Vehicle Owner,unknown,None,,,Other,,,,,,,,,,,,Yes,,,,,Yes,,,,Yes,,156,Bendale-Glen Andrew,127,Bendale (127),D41,639357.5346,4848222.0427
1939,4167454,968131,5/7/2007 8:00:00 AM,645,330 PROGRESS AVE,,,Minor Arterial,Scarborough,43.773945,-79.26839,,No Control,Clear,Daylight,Dry,Non-Fatal Injury,Rear End,Driver,25 to 29,Major,,East,"Automobile, Station Wagon",Going Ahead,Lost control,"Ability Impaired, Alcohol",,,,,,,,,Yes,,,,,Yes,,,,Yes,,156,Bendale-Glen Andrew,127,Bendale (127),D41,639357.5346,4848222.0427
1940,4167499,968157,5/7/2007 8:00:00 AM,1103,1369 BLOOR ST W,,,Major Arterial,Toronto and East York,43.657745,-79.44579,,No Control,Clear,Daylight,Dry,Non-Fatal Injury,Pedestrian Collisions,Driver,60 to 64,None,,East,"Automobile, Station Wagon",Going Ahead,Driving Properly,Normal,,,,,,,Yes,,Yes,,,,,,,,,,,171,Junction-Wallace Emerson,93,Dovercourt-Wallace Emerson-Junction (93),D11,625322.4924,4835033.0958
1941,4167500,968157,5/7/2007 8:00:00 AM,1103,1369 BLOOR ST W,,,Major Arterial,Toronto and East York,43.657745,-79.44579,,No Control,Clear,Daylight,Dry,Non-Fatal Injury,Pedestrian Collisions,Pedestrian,75 to 79,Major,,South,Other,,,,Pedestrian hit at mid-block,Running onto Roadway,Unknown,,,,Yes,,Yes,,,,,,,,,,,171,Junction-Wallace Emerson,93,Dovercourt-Wallace Emerson-Junction (93),D11,625322.4924,4835033.0958
1942,4172900,970485,5/7/2007 8:00:00 AM,2300,BIRCHMOUNT RD,MACK AVE,,Minor Arterial,Scarborough,43.701545,-79.26589,At Intersection,Stop Sign,Clear,Dark,Dry,Non-Fatal Injury,Turning Movement,Passenger,30 to 34,Minor,,,Other,,,,,,,,,,,,Yes,,,,,Yes,,Yes,,,,120,Clairlea-Birchmount,120,Clairlea-Birchmount (120),D41,639727.0417,4840185.1489
1943,4172901,970485,5/7/2007 8:00:00 AM,2300,BIRCHMOUNT RD,MACK AVE,,Minor Arterial,Scarborough,43.701545,-79.26589,At Intersection,Stop Sign,Clear,Dark,Dry,Non-Fatal Injury,Turning Movement,Driver,40 to 44,Minimal,,South,"Automobile, Station Wagon",Going Ahead,Driving Properly,Normal,,,,,,,,,Yes,,,,,Yes,,Yes,,,,120,Clairlea-Birchmount,120,Clairlea-Birchmount (120),D41,639727.0417,4840185.1489
1944,4172902,970485,5/7/2007 8:00:00 AM,2300,BIRCHMOUNT RD,MACK AVE,,Minor Arterial,Scarborough,43.701545,-79.26589,At Intersection,Stop Sign,Clear,Dark,Dry,Non-Fatal Injury,Turning Movement,Passenger,15 to 19,Minimal,,,Other,,,,,,,,,,,,Yes,,,,,Yes,,Yes,,,,120,Clairlea-Birchmount,120,Clairlea-Birchmount (120),D41,639727.0417,4840185.1489
1945,4172903,970485,5/7/2007 8:00:00 AM,2300,BIRCHMOUNT RD,MACK AVE,,Minor Arterial,Scarborough,43.701545,-79.26589,At Intersection,Stop Sign,Clear,Dark,Dry,Non-Fatal Injury,Turning Movement,Passenger,15 to 19,Minimal,,,Other,,,,,,,,,,,,Yes,,,,,Yes,,Yes,,,,120,Clairlea-Birchmount,120,Clairlea-Birchmount (120),D41,639727.0417,4840185.1489
1946,4172904,970485,5/7/2007 8:00:00 AM,2300,BIRCHMOUNT RD,MACK AVE,,Minor Arterial,Scarborough,43.701545,-79.26589,At Intersection,Stop Sign,Clear,Dark,Dry,Non-Fatal Injury,Turning Movement,Passenger,15 to 19,Minimal,,,Other,,,,,,,,,,,,Yes,,,,,Yes,,Yes,,,,120,Clairlea-Birchmount,120,Clairlea-Birchmount (120),D41,639727.0417,4840185.1489
1947,4172905,970485,5/7/2007 8:00:00 AM,2300,BIRCHMOUNT RD,MACK AVE,,Minor Arterial,Scarborough,43.701545,-79.26589,At Intersection,Stop Sign,Clear,Dark,Dry,Non-Fatal Injury,Turning Movement,Passenger,15 to 19,Major,,,Other,,,,,,,,,,,,Yes,,,,,Yes,,Yes,,,,120,Clairlea-Birchmount,120,Clairlea-Birchmount (120),D41,639727.0417,4840185.1489
1948,4172906,970485,5/7/2007 8:00:00 AM,2300,BIRCHMOUNT RD,MACK AVE,,Minor Arterial,Scarborough,43.701545,-79.26589,At Intersection,Stop Sign,Clear,Dark,Dry,Non-Fatal Injury,Turning Movement,Passenger,15 to 19,Minor,,,Other,,,,,,,,,,,,Yes,,,,,Yes,,Yes,,,,120,Clairlea-Birchmount,120,Clairlea-Birchmount (120),D41,639727.0417,4840185.1489
1949,4172907,970485,5/7/2007 8:00:00 AM,2300,BIRCHMOUNT RD,MACK AVE,,Minor Arterial,Scarborough,43.701545,-79.26589,At Intersection,Stop Sign,Clear,Dark,Dry,Non-Fatal Injury,Turning Movement,Driver,15 to 19,Minimal,,East,"Automobile, Station Wagon",Turning Left,Improper Turn,Normal,,,,,,,,,Yes,,,,,Yes,,Yes,,,,120,Clairlea-Birchmount,120,Clairlea-Birchmount (120),D41,639727.0417,4840185.1489
1950,4405619,971396,5/8/2007 8:00:00 AM,1050,DON MILLS Road,FINCH Aven E,,Major Arterial,North York,43.792645,-79.35469,At Intersection,Traffic Signal,Clear,Daylight,Dry,Non-Fatal Injury,Pedestrian Collisions,Driver,75 to 79,None,,North,"Automobile, Station Wagon",Going Ahead,Driving Properly,Normal,Vehicle is going straight thru inter.while ped cross without ROW,,,,,,Yes,,Yes,,,,,,,,,,,47,Don Valley Village,47,Don Valley Village (47),D33,632370.8812,4850157.3308
1951,4405620,971396,5/8/2007 8:00:00 AM,1050,DON MILLS Road,FINCH Aven E,,Major Arterial,North York,43.792645,-79.35469,At Intersection,Traffic Signal,Clear,Daylight,Dry,Non-Fatal Injury,Pedestrian Collisions,Pedestrian,20 to 24,Major,,West,Other,,,,Vehicle is going straight thru inter.while ped cross without ROW,Crossing without right of way,Inattentive,,,,Yes,,Yes,,,,,,,,,,,47,Don Valley Village,47,Don Valley Village (47),D33,632370.8812,4850157.3308
1952,4168097,968405,5/8/2007 8:00:00 AM,1450,YONGE Stre,WILLIAM CARSON Cres,,Major Arterial,North York,43.747245,-79.40749,At Intersection,Traffic Signal,Clear,Daylight,Dry,Non-Fatal Injury,Rear End,Driver,60 to 64,Minimal,,North,"Automobile, Station Wagon",Turning Left,Driving Properly,Normal,,,,,,,,,Yes,,,,,,,,,,Yes,39,Bedford Park-Nortown,39,Bedford Park-Nortown (39),D32,628219.8755,4845031.8831
1953,4168098,968405,5/8/2007 8:00:00 AM,1450,YONGE Stre,WILLIAM CARSON Cres,,Major Arterial,North York,43.747245,-79.40749,At Intersection,Traffic Signal,Clear,Daylight,Dry,Non-Fatal Injury,Rear End,Driver,50 to 54,Major,,North,"Automobile, Station Wagon",Turning Left,Other,Medical or Physical Disability,,,,,,,,,Yes,,,,,,,,,,Yes,39,Bedford Park-Nortown,39,Bedford Park-Nortown (39),D32,628219.8755,4845031.8831
1954,4174592,971231,5/9/2007 8:00:00 AM,517,ALBION RD,FINCH AVE W,,Major Arterial,Etobicoke York,43.741045,-79.58919,At Intersection,Traffic Controller,Clear,Daylight,Dry,Non-Fatal Injury,Angle,Driver,30 to 34,Major,,East,"Automobile, Station Wagon",Going Ahead,Disobeyed Traffic Control,Normal,,,,,,,,,Yes,,,,,,,Yes,,,,2,Mount Olive-Silverstone-Jamestown,2,Mount Olive-Silverstone-Jamestown (2),D23,613602.0397,4844078.0934
1955,4174593,971231,5/9/2007 8:00:00 AM,517,ALBION RD,FINCH AVE W,,Major Arterial,Etobicoke York,43.741045,-79.58919,At Intersection,Traffic Controller,Clear,Daylight,Dry,Non-Fatal Injury,Angle,Driver,45 to 49,Major,,North,"Automobile, Station Wagon",Going Ahead,Driving Properly,Normal,,,,,,,,,Yes,,,,,,,Yes,,,,2,Mount Olive-Silverstone-Jamestown,2,Mount Olive-Silverstone-Jamestown (2),D23,613602.0397,4844078.0934
1956,4168489,968566,5/9/2007 8:00:00 AM,1928,STEELES AVE W,PETER KAISER GT,,Major Arterial,Etobicoke York,43.775245,-79.52239,,No Control,Clear,Dark,Dry,Non-Fatal Injury,Approaching,Vehicle Owner,unknown,None,,,Other,,,,,,,,,,,,Yes,,Yes,,,,,,,,,24,Black Creek,24,Black Creek (24),D31,618913.2216,4847970.2688
1957,4168490,968566,5/9/2007 8:00:00 AM,1928,STEELES AVE W,PETER KAISER GT,,Major Arterial,Etobicoke York,43.775245,-79.52239,,No Control,Clear,Dark,Dry,Non-Fatal Injury,Approaching,Truck Driver,35 to 39,None,,East,Truck - Open,Stopped,Driving Properly,Normal,,,,,,,,,Yes,,Yes,,,,,,,,,24,Black Creek,24,Black Creek (24),D31,618913.2216,4847970.2688
1958,4168491,968566,5/9/2007 8:00:00 AM,1928,STEELES AVE W,PETER KAISER GT,,Major Arterial,Etobicoke York,43.775245,-79.52239,,No Control,Clear,Dark,Dry,Non-Fatal Injury,Approaching,Vehicle Owner,unknown,None,,,Other,,,,,,,,,,,,Yes,,Yes,,,,,,,,,24,Black Creek,24,Black Creek (24),D31,618913.2216,4847970.2688
1959,4168492,968566,5/9/2007 8:00:00 AM,1928,STEELES AVE W,PETER KAISER GT,,Major Arterial,Etobicoke York,43.775245,-79.52239,,No Control,Clear,Dark,Dry,Non-Fatal Injury,Approaching,Driver,40 to 44,Major,,West,"Automobile, Station Wagon",Going Ahead,Lost control,Unknown,,,,,,,,,Yes,,Yes,,,,,,,,,24,Black Creek,24,Black Creek (24),D31,618913.2216,4847970.2688
1960,4206564,985348,5/10/2007 8:00:00 AM,226,BROADVIEW AVE,BAIN AVE,,Minor Arterial,Toronto and East York,43.670945,-79.35439,,No Control,Clear,Dark,Dry,Non-Fatal Injury,SMV Other,Driver,40 to 44,Major,,South,"Automobile, Station Wagon",Going Ahead,Other,Fatigue,,,,,,,,,Yes,,,,,,,,,,,68,North Riverdale,68,North Riverdale (68),D55,632663.4569,4836641.2432
1961,4206565,985348,5/10/2007 8:00:00 AM,226,BROADVIEW AVE,BAIN AVE,,Minor Arterial,Toronto and East York,43.670945,-79.35439,,No Control,Clear,Dark,Dry,Non-Fatal Injury,SMV Other,Other Property Owner,unknown,None,,,Other,,,,,,,,,,,,Yes,,,,,,,,,,,68,North Riverdale,68,North Riverdale (68),D55,632663.4569,4836641.2432
1962,4179650,973511,5/11/2007 8:00:00 AM,1930,MARTIN GROVE RD,GARFELLA DR,,Minor Arterial,Etobicoke York,43.744245,-79.59539,At Intersection,Traffic Signal,Clear,Daylight,Dry,Non-Fatal Injury,Angle,Passenger,40 to 44,Minor,,,Other,,,,,,,,,,,,Yes,,,,,Yes,,Yes,Yes,,,1,West Humber-Clairville,1,West Humber-Clairville (1),D23,613096.7711,4844425.0167
1963,4179651,973511,5/11/2007 8:00:00 AM,1930,MARTIN GROVE RD,GARFELLA DR,,Minor Arterial,Etobicoke York,43.744245,-79.59539,At Intersection,Traffic Signal,Clear,Daylight,Dry,Non-Fatal Injury,Angle,Passenger,40 to 44,Minor,,,Other,,,,,,,,,,,,Yes,,,,,Yes,,Yes,Yes,,,1,West Humber-Clairville,1,West Humber-Clairville (1),D23,613096.7711,4844425.0167
1964,4179652,973511,5/11/2007 8:00:00 AM,1930,MARTIN GROVE RD,GARFELLA DR,,Minor Arterial,Etobicoke York,43.744245,-79.59539,At Intersection,Traffic Signal,Clear,Daylight,Dry,Non-Fatal Injury,Angle,Driver,35 to 39,Major,,South,"Automobile, Station Wagon",Going Ahead,Disobeyed Traffic Control,Normal,,,,,,,,,Yes,,,,,Yes,,Yes,Yes,,,1,West Humber-Clairville,1,West Humber-Clairville (1),D23,613096.7711,4844425.0167
1965,4179653,973511,5/11/2007 8:00:00 AM,1930,MARTIN GROVE RD,GARFELLA DR,,Minor Arterial,Etobicoke York,43.744245,-79.59539,At Intersection,Traffic Signal,Clear,Daylight,Dry,Non-Fatal Injury,Angle,Passenger,40 to 44,Minimal,,,Other,,,,,,,,,,,,Yes,,,,,Yes,,Yes,Yes,,,1,West Humber-Clairville,1,West Humber-Clairville (1),D23,613096.7711,4844425.0167
1966,4179654,973511,5/11/2007 8:00:00 AM,1930,MARTIN GROVE RD,GARFELLA DR,,Minor Arterial,Etobicoke York,43.744245,-79.59539,At Intersection,Traffic Signal,Clear,Daylight,Dry,Non-Fatal Injury,Angle,Passenger,15 to 19,Minimal,,,Other,,,,,,,,,,,,Yes,,,,,Yes,,Yes,Yes,,,1,West Humber-Clairville,1,West Humber-Clairville (1),D23,613096.7711,4844425.0167
1967,4179655,973511,5/11/2007 8:00:00 AM,1930,MARTIN GROVE RD,GARFELLA DR,,Minor Arterial,Etobicoke York,43.744245,-79.59539,At Intersection,Traffic Signal,Clear,Daylight,Dry,Non-Fatal Injury,Angle,Passenger,15 to 19,Minimal,,,Other,,,,,,,,,,,,Yes,,,,,Yes,,Yes,Yes,,,1,West Humber-Clairville,1,West Humber-Clairville (1),D23,613096.7711,4844425.0167
1968,4179656,973511,5/11/2007 8:00:00 AM,1930,MARTIN GROVE RD,GARFELLA DR,,Minor Arterial,Etobicoke York,43.744245,-79.59539,At Intersection,Traffic Signal,Clear,Daylight,Dry,Non-Fatal Injury,Angle,Driver,45 to 49,Major,,West,"Automobile, Station Wagon",Going Ahead,Driving Properly,Normal,,,,,,,,,Yes,,,,,Yes,,Yes,Yes,,,1,West Humber-Clairville,1,West Humber-Clairville (1),D23,613096.7711,4844425.0167
1969,4170465,969441,5/14/2007 8:00:00 AM,2103,295 JARVIS ST,,,Major Arterial,Toronto and East York,43.658745,-79.37519,,No Control,Clear,Dark,Dry,Non-Fatal Injury,Pedestrian Collisions,Driver,unknown,None,,South,"Automobile, Station Wagon",Going Ahead,Other,Unknown,,,,,,,Yes,,Yes,,,,,,,,,,,73,Moss Park,73,Moss Park (73),D51,631013.1511,4835253.215
1970,4170466,969441,5/14/2007 8:00:00 AM,2103,295 JARVIS ST,,,Major Arterial,Toronto and East York,43.658745,-79.37519,,No Control,Clear,Dark,Dry,Non-Fatal Injury,Pedestrian Collisions,Pedestrian,80 to 84,Major,,East,Other,,,,Pedestrian hit at mid-block,"Crossing, no Traffic Control",Unknown,,,,Yes,,Yes,,,,,,,,,,,73,Moss Park,73,Moss Park (73),D51,631013.1511,4835253.215
1971,4176330,972018,5/15/2007 8:00:00 AM,1645,GORDON AVE,COLLINGWOOD ST,,Local,Scarborough,43.782345,-79.28629,,No Control,Clear,Daylight,Dry,Non-Fatal Injury,Sideswipe,Motorcycle Driver,25 to 29,Major,,North,Motorcycle,Going Ahead,Driving Properly,Normal,,,,,,,,,Yes,Yes,,,,,,,,,,128,Agincourt South-Malvern West,128,Agincourt South-Malvern West (128),D42,637897.6398,4849125.0207
1972,4176331,972018,5/15/2007 8:00:00 AM,1645,GORDON AVE,COLLINGWOOD ST,,Local,Scarborough,43.782345,-79.28629,,No Control,Clear,Daylight,Dry,Non-Fatal Injury,Sideswipe,Vehicle Owner,unknown,None,,,Other,,,,,,,,,,,,Yes,Yes,,,,,,,,,,128,Agincourt South-Malvern West,128,Agincourt South-Malvern West (128),D42,637897.6398,4849125.0207
1973,4176332,972018,5/15/2007 8:00:00 AM,1645,GORDON AVE,COLLINGWOOD ST,,Local,Scarborough,43.782345,-79.28629,,No Control,Clear,Daylight,Dry,Non-Fatal Injury,Sideswipe,Driver,20 to 24,None,,North,"Automobile, Station Wagon",Turning Left,Improper Turn,Normal,,,,,,,,,Yes,Yes,,,,,,,,,,128,Agincourt South-Malvern West,128,Agincourt South-Malvern West (128),D42,637897.6398,4849125.0207