OBJECTID,INDEX,ACCNUM,DATE,TIME,STREET1,STREET2,OFFSET,ROAD_CLASS,DISTRICT,LATITUDE,LONGITUDE,ACCLOC,TRAFFCTL,VISIBILITY,LIGHT,RDSFCOND,ACCLASS,IMPACTYPE,INVTYPE,INVAGE,INJURY,FATAL_NO,INITDIR,VEHTYPE,MANOEUVER,DRIVACT,DRIVCOND,PEDTYPE,PEDACT,PEDCOND,CYCLISTYPE,CYCACT,CYCCOND,PEDESTRIAN,CYCLIST,AUTOMOBILE,MOTORCYCLE,TRUCK,TRSN_CITY_VEH,EMERG_VEH,PASSENGER,SPEEDING,AG_DRIV,REDLIGHT,ALCOHOL,DISABILITY,HOOD_158,NEIGHBOURHOOD_158,HOOD_140,NEIGHBOURHOOD_140,DIVISION,x,y
1974,4188971,977784,5/16/2007 8:00:00 AM,1145,LANSDOWNE AVE,WADE AVE,,Minor Arterial,Toronto and East York,43.659245,-79.44299,At Intersection,Stop Sign,Rain,Daylight,Wet,Non-Fatal Injury,Pedestrian Collisions,Vehicle Owner,unknown,None,,,Other,Unknown,,,,,,,,,Yes,,Yes,,,,,,,Yes,,,,171,Junction-Wallace Emerson,93,Dovercourt-Wallace Emerson-Junction (93),D11,625545.1441,4835203.9233
1975,4188972,977784,5/16/2007 8:00:00 AM,1145,LANSDOWNE AVE,WADE AVE,,Minor Arterial,Toronto and East York,43.659245,-79.44299,At Intersection,Stop Sign,Rain,Daylight,Wet,Non-Fatal Injury,Pedestrian Collisions,Driver,55 to 59,None,,East,"Automobile, Station Wagon",Turning Left,Failed to Yield Right of Way,Normal,,,,,,,Yes,,Yes,,,,,,,Yes,,,,171,Junction-Wallace Emerson,93,Dovercourt-Wallace Emerson-Junction (93),D11,625545.1441,4835203.9233
1976,4188973,977784,5/16/2007 8:00:00 AM,1145,LANSDOWNE AVE,WADE AVE,,Minor Arterial,Toronto and East York,43.659245,-79.44299,At Intersection,Stop Sign,Rain,Daylight,Wet,Non-Fatal Injury,Pedestrian Collisions,Pedestrian,65 to 69,Major,,West,Other,,,,Vehicle turns left while ped crosses with ROW at inter.,Crossing with right of way,Normal,,,,Yes,,Yes,,,,,,,Yes,,,,171,Junction-Wallace Emerson,93,Dovercourt-Wallace Emerson-Junction (93),D11,625545.1441,4835203.9233
1977,4177664,972580,5/17/2007 8:00:00 AM,19,YONGE ST,STEELES AVE E,,Major Arterial,North York,43.797945,-79.42009,At Intersection,Traffic Signal,Rain,Dark,Wet,Non-Fatal Injury,Rear End,Driver,15 to 19,None,,North,"Automobile, Station Wagon",Going Ahead,Following too Close,Inattentive,,,,,,,,,Yes,,,,,Yes,,Yes,,,,36,Newtonbrook West,36,Newtonbrook West (36),D32,627097.9409,4850643.4641
1978,4177665,972580,5/17/2007 8:00:00 AM,19,YONGE ST,STEELES AVE E,,Major Arterial,North York,43.797945,-79.42009,At Intersection,Traffic Signal,Rain,Dark,Wet,Non-Fatal Injury,Rear End,Passenger,40 to 44,Major,,,Other,,,,,,,,,,,,Yes,,,,,Yes,,Yes,,,,36,Newtonbrook West,36,Newtonbrook West (36),D32,627097.9409,4850643.4641
1979,4177666,972580,5/17/2007 8:00:00 AM,19,YONGE ST,STEELES AVE E,,Major Arterial,North York,43.797945,-79.42009,At Intersection,Traffic Signal,Rain,Dark,Wet,Non-Fatal Injury,Rear End,Driver,25 to 29,Minimal,,North,"Automobile, Station Wagon",Stopped,Driving Properly,Normal,,,,,,,,,Yes,,,,,Yes,,Yes,,,,36,Newtonbrook West,36,Newtonbrook West (36),D32,627097.9409,4850643.4641
1980,4177667,972580,5/17/2007 8:00:00 AM,19,YONGE ST,STEELES AVE E,,Major Arterial,North York,43.797945,-79.42009,At Intersection,Traffic Signal,Rain,Dark,Wet,Non-Fatal Injury,Rear End,Driver,25 to 29,None,,North,"Automobile, Station Wagon",Stopped,Following too Close,Normal,,,,,,,,,Yes,,,,,Yes,,Yes,,,,36,Newtonbrook West,36,Newtonbrook West (36),D32,627097.9409,4850643.4641
1981,4185847,976438,5/18/2007 8:00:00 AM,958,DIXON RD,KIPLING AVE,,Major Arterial,Etobicoke York,43.694245,-79.55859,,Traffic Signal,Clear,Daylight,Dry,Non-Fatal Injury,Angle,Passenger,40 to 44,Major,,,Other,,,,,,,,,,,,Yes,,,,,Yes,,Yes,Yes,,,6,Kingsview Village-The Westway,6,Kingsview Village-The Westway (6),D23,616156.4368,4838922.7152
1982,4185848,976438,5/18/2007 8:00:00 AM,958,DIXON RD,KIPLING AVE,,Major Arterial,Etobicoke York,43.694245,-79.55859,,Traffic Signal,Clear,Daylight,Dry,Non-Fatal Injury,Angle,Vehicle Owner,unknown,None,,,Other,,,,,,,,,,,,Yes,,,,,Yes,,Yes,Yes,,,6,Kingsview Village-The Westway,6,Kingsview Village-The Westway (6),D23,616156.4368,4838922.7152
1983,4185849,976438,5/18/2007 8:00:00 AM,958,DIXON RD,KIPLING AVE,,Major Arterial,Etobicoke York,43.694245,-79.55859,,Traffic Signal,Clear,Daylight,Dry,Non-Fatal Injury,Angle,Driver,35 to 39,Minor,,East,"Automobile, Station Wagon",Going Ahead,Disobeyed Traffic Control,Normal,,,,,,,,,Yes,,,,,Yes,,Yes,Yes,,,6,Kingsview Village-The Westway,6,Kingsview Village-The Westway (6),D23,616156.4368,4838922.7152
1984,4185850,976438,5/18/2007 8:00:00 AM,958,DIXON RD,KIPLING AVE,,Major Arterial,Etobicoke York,43.694245,-79.55859,,Traffic Signal,Clear,Daylight,Dry,Non-Fatal Injury,Angle,Driver,40 to 44,Major,,North,"Automobile, Station Wagon",Going Ahead,Driving Properly,Normal,,,,,,,,,Yes,,,,,Yes,,Yes,Yes,,,6,Kingsview Village-The Westway,6,Kingsview Village-The Westway (6),D23,616156.4368,4838922.7152
1985,4185851,976438,5/18/2007 8:00:00 AM,958,DIXON RD,KIPLING AVE,,Major Arterial,Etobicoke York,43.694245,-79.55859,,Traffic Signal,Clear,Daylight,Dry,Non-Fatal Injury,Angle,Passenger,75 to 79,Minimal,,,Other,,,,,,,,,,,,Yes,,,,,Yes,,Yes,Yes,,,6,Kingsview Village-The Westway,6,Kingsview Village-The Westway (6),D23,616156.4368,4838922.7152
1986,4185852,976438,5/18/2007 8:00:00 AM,958,DIXON RD,KIPLING AVE,,Major Arterial,Etobicoke York,43.694245,-79.55859,,Traffic Signal,Clear,Daylight,Dry,Non-Fatal Injury,Angle,Driver,45 to 49,None,,North,"Automobile, Station Wagon",Going Ahead,Driving Properly,,,,,,,,,,Yes,,,,,Yes,,Yes,Yes,,,6,Kingsview Village-The Westway,6,Kingsview Village-The Westway (6),D23,616156.4368,4838922.7152
1987,4205059,984687,5/18/2007 8:00:00 AM,1425,KEELE ST,LAWRENCE AVE W,,Major Arterial,Etobicoke York,43.708645,-79.47809,,Traffic Signal,Clear,Daylight,Dry,Non-Fatal Injury,Pedestrian Collisions,Other,unknown,None,,,Other,Unknown,,,,,,,,,Yes,,,,Yes,,,,,,,,,30,Brookhaven-Amesbury,29,Maple Leaf (29),D12,622614.248,4840637.9479
1988,4205060,984687,5/18/2007 8:00:00 AM,1425,KEELE ST,LAWRENCE AVE W,,Major Arterial,Etobicoke York,43.708645,-79.47809,,Traffic Signal,Clear,Daylight,Dry,Non-Fatal Injury,Pedestrian Collisions,Pedestrian,30 to 34,Major,,,Other,,,,Pedestrian hit on sidewalk or shoulder,On Sidewalk or Shoulder,Normal,,,,Yes,,,,Yes,,,,,,,,,30,Brookhaven-Amesbury,29,Maple Leaf (29),D12,622614.248,4840637.9479
1989,4205061,984687,5/18/2007 8:00:00 AM,1425,KEELE ST,LAWRENCE AVE W,,Major Arterial,Etobicoke York,43.708645,-79.47809,,Traffic Signal,Clear,Daylight,Dry,Non-Fatal Injury,Pedestrian Collisions,Other Property Owner,unknown,None,,,Other,Unknown,,,,,,,,,Yes,,,,Yes,,,,,,,,,30,Brookhaven-Amesbury,29,Maple Leaf (29),D12,622614.248,4840637.9479
1990,4205062,984687,5/18/2007 8:00:00 AM,1425,KEELE ST,LAWRENCE AVE W,,Major Arterial,Etobicoke York,43.708645,-79.47809,,Traffic Signal,Clear,Daylight,Dry,Non-Fatal Injury,Pedestrian Collisions,Truck Driver,30 to 34,None,,West,Truck - Open,Turning Right,Improper Turn,Normal,,,,,,,Yes,,,,Yes,,,,,,,,,30,Brookhaven-Amesbury,29,Maple Leaf (29),D12,622614.248,4840637.9479
1991,4173248,970644,5/20/2007 8:00:00 AM,440,STEELES AVE E,MIDLAND AVE,,Major Arterial,Scarborough,43.825945,-79.29729,At Intersection,Traffic Signal,Clear,Dark,Dry,Fatal,Pedestrian Collisions,Driver,20 to 24,None,,West,"Automobile, Station Wagon",Going Ahead,Failed to Yield Right of Way,Unknown,,,,,,,Yes,,Yes,,,,,,,Yes,,,,130,Milliken,130,Milliken (130),D42,636912.8477,4853949.2368
1992,4173249,970644,5/20/2007 8:00:00 AM,440,STEELES AVE E,MIDLAND AVE,,Major Arterial,Scarborough,43.825945,-79.29729,At Intersection,Traffic Signal,Clear,Dark,Dry,Fatal,Pedestrian Collisions,Pedestrian,55 to 59,Fatal,,South,Other,,,,Vehicle is going straight thru inter.while ped cross with ROW,Crossing with right of way,Unknown,,,,Yes,,Yes,,,,,,,Yes,,,,130,Milliken,130,Milliken (130),D42,636912.8477,4853949.2368
1993,4185859,976441,5/20/2007 8:00:00 AM,1044,ALBION RD,WESTMORE DR,,Major Arterial,Etobicoke York,43.743645,-79.60389,At Intersection,Traffic Controller,Clear,Daylight,Dry,Non-Fatal Injury,Turning Movement,Driver,35 to 39,Major,,East,"Automobile, Station Wagon",Going Ahead,Improper Turn,Normal,,,,,,,,,Yes,,,,,,,,,,,1,West Humber-Clairville,1,West Humber-Clairville (1),D23,612413.4844,4844346.8097
1994,4185860,976441,5/20/2007 8:00:00 AM,1044,ALBION RD,WESTMORE DR,,Major Arterial,Etobicoke York,43.743645,-79.60389,At Intersection,Traffic Controller,Clear,Daylight,Dry,Non-Fatal Injury,Turning Movement,Driver,15 to 19,Minimal,,West,"Automobile, Station Wagon",Turning Left,Improper Turn,Normal,,,,,,,,,Yes,,,,,,,,,,,1,West Humber-Clairville,1,West Humber-Clairville (1),D23,612413.4844,4844346.8097
1995,4185861,976441,5/20/2007 8:00:00 AM,1044,ALBION RD,WESTMORE DR,,Major Arterial,Etobicoke York,43.743645,-79.60389,At Intersection,Traffic Controller,Clear,Daylight,Dry,Non-Fatal Injury,Turning Movement,Vehicle Owner,unknown,None,,,Other,,,,,,,,,,,,Yes,,,,,,,,,,,1,West Humber-Clairville,1,West Humber-Clairville (1),D23,612413.4844,4844346.8097
1996,4185862,976441,5/20/2007 8:00:00 AM,1044,ALBION RD,WESTMORE DR,,Major Arterial,Etobicoke York,43.743645,-79.60389,At Intersection,Traffic Controller,Clear,Daylight,Dry,Non-Fatal Injury,Turning Movement,Driver,40 to 44,Minor,,East,"Automobile, Station Wagon",Going Ahead,Driving Properly,Normal,,,,,,,,,Yes,,,,,,,,,,,1,West Humber-Clairville,1,West Humber-Clairville (1),D23,612413.4844,4844346.8097
1997,4173279,970666,5/21/2007 8:00:00 AM,237,DON VALLEY PARKWAY  N,BEECHWOOD DR,,Local,Toronto and East York,43.696245,-79.35369,,No Control,Clear,Dark,Dry,Non-Fatal Injury,SMV Other,Vehicle Owner,unknown,,,,Other,,,,,,,,,,,,Yes,,,,,Yes,Yes,Yes,,,,57,Broadview North,57,Broadview North (57),D55,632664.1095,4839452.2767
1998,4173280,970666,5/21/2007 8:00:00 AM,237,DON VALLEY PARKWAY  N,BEECHWOOD DR,,Local,Toronto and East York,43.696245,-79.35369,,No Control,Clear,Dark,Dry,Non-Fatal Injury,SMV Other,Passenger,20 to 24,None,,,Other,,,,,,,,,,,,Yes,,,,,Yes,Yes,Yes,,,,57,Broadview North,57,Broadview North (57),D55,632664.1095,4839452.2767
1999,4173281,970666,5/21/2007 8:00:00 AM,237,DON VALLEY PARKWAY  N,BEECHWOOD DR,,Local,Toronto and East York,43.696245,-79.35369,,No Control,Clear,Dark,Dry,Non-Fatal Injury,SMV Other,Passenger,15 to 19,None,,,Other,,,,,,,,,,,,Yes,,,,,Yes,Yes,Yes,,,,57,Broadview North,57,Broadview North (57),D55,632664.1095,4839452.2767
2000,4173282,970666,5/21/2007 8:00:00 AM,237,DON VALLEY PARKWAY  N,BEECHWOOD DR,,Local,Toronto and East York,43.696245,-79.35369,,No Control,Clear,Dark,Dry,Non-Fatal Injury,SMV Other,Passenger,15 to 19,None,,,Other,,,,,,,,,,,,Yes,,,,,Yes,Yes,Yes,,,,57,Broadview North,57,Broadview North (57),D55,632664.1095,4839452.2767
2001,4173283,970666,5/21/2007 8:00:00 AM,237,DON VALLEY PARKWAY  N,BEECHWOOD DR,,Local,Toronto and East York,43.696245,-79.35369,,No Control,Clear,Dark,Dry,Non-Fatal Injury,SMV Other,Passenger,15 to 19,None,,,Other,,,,,,,,,,,,Yes,,,,,Yes,Yes,Yes,,,,57,Broadview North,57,Broadview North (57),D55,632664.1095,4839452.2767
2002,4173284,970666,5/21/2007 8:00:00 AM,237,DON VALLEY PARKWAY  N,BEECHWOOD DR,,Local,Toronto and East York,43.696245,-79.35369,,No Control,Clear,Dark,Dry,Non-Fatal Injury,SMV Other,Passenger,20 to 24,None,,,Other,,,,,,,,,,,,Yes,,,,,Yes,Yes,Yes,,,,57,Broadview North,57,Broadview North (57),D55,632664.1095,4839452.2767
2003,4173285,970666,5/21/2007 8:00:00 AM,237,DON VALLEY PARKWAY  N,BEECHWOOD DR,,Local,Toronto and East York,43.696245,-79.35369,,No Control,Clear,Dark,Dry,Non-Fatal Injury,SMV Other,Driver,15 to 19,Major,,North,"Automobile, Station Wagon",Going Ahead,Exceeding Speed Limit,Normal,,,,,,,,,Yes,,,,,Yes,Yes,Yes,,,,57,Broadview North,57,Broadview North (57),D55,632664.1095,4839452.2767
2004,4178097,972774,5/22/2007 8:00:00 AM,1840,DON MILLS RD W,ESTERBROOKE AVE,,Major Arterial,North York,43.780145,-79.35009,,No Control,Clear,Daylight,Dry,Non-Fatal Injury,SMV Other,Motorcycle Driver,20 to 24,Major,,South,Motorcycle,Going Ahead,Lost control,Inattentive,,,,,,,,,,Yes,,,,,,Yes,,,,47,Don Valley Village,47,Don Valley Village (47),D33,632768.6425,4848776.3775
2005,4173859,970906,5/22/2007 8:00:00 AM,2157,DON VALLEY PARKWAY  S,DUNDAS ST E,,,Toronto and East York,43.664245,-79.35589,,No Control,Clear,Dark,Dry,Non-Fatal Injury,Pedestrian Collisions,Vehicle Owner,unknown,None,,,Other,,,,,,,,,,Yes,,Yes,,,,,,,,,,,70,South Riverdale,70,South Riverdale (70),D55,632557.2783,4835894.72
2006,4173860,970906,5/22/2007 8:00:00 AM,2157,DON VALLEY PARKWAY  S,DUNDAS ST E,,,Toronto and East York,43.664245,-79.35589,,No Control,Clear,Dark,Dry,Non-Fatal Injury,Pedestrian Collisions,Driver,55 to 59,None,,South,"Automobile, Station Wagon",Going Ahead,Driving Properly,Normal,,,,,,,Yes,,Yes,,,,,,,,,,,70,South Riverdale,70,South Riverdale (70),D55,632557.2783,4835894.72
2007,4173861,970906,5/22/2007 8:00:00 AM,2157,DON VALLEY PARKWAY  S,DUNDAS ST E,,,Toronto and East York,43.664245,-79.35589,,No Control,Clear,Dark,Dry,Non-Fatal Injury,Pedestrian Collisions,Pedestrian,25 to 29,Major,,,Other,,,,Other / Undefined,Other,Other,,,,Yes,,Yes,,,,,,,,,,,70,South Riverdale,70,South Riverdale (70),D55,632557.2783,4835894.72
2008,4181857,974540,5/23/2007 8:00:00 AM,2037,6700 FINCH AVE W,,,Major Arterial,Etobicoke York,43.734445,-79.61329,,No Control,Clear,Dark,Dry,Non-Fatal Injury,Rear End,Driver,15 to 19,Major,,West,"Automobile, Station Wagon",Going Ahead,Following too Close,Normal,,,,,,,,,Yes,,,,,Yes,,Yes,,,,1,West Humber-Clairville,1,West Humber-Clairville (1),D23,611673.7014,4843312.3078
2009,4181858,974540,5/23/2007 8:00:00 AM,2037,6700 FINCH AVE W,,,Major Arterial,Etobicoke York,43.734445,-79.61329,,No Control,Clear,Dark,Dry,Non-Fatal Injury,Rear End,Passenger,20 to 24,Minimal,,,Other,,,,,,,,,,,,Yes,,,,,Yes,,Yes,,,,1,West Humber-Clairville,1,West Humber-Clairville (1),D23,611673.7014,4843312.3078
2010,4181859,974540,5/23/2007 8:00:00 AM,2037,6700 FINCH AVE W,,,Major Arterial,Etobicoke York,43.734445,-79.61329,,No Control,Clear,Dark,Dry,Non-Fatal Injury,Rear End,Passenger,15 to 19,Minimal,,,Other,,,,,,,,,,,,Yes,,,,,Yes,,Yes,,,,1,West Humber-Clairville,1,West Humber-Clairville (1),D23,611673.7014,4843312.3078
2011,4181860,974540,5/23/2007 8:00:00 AM,2037,6700 FINCH AVE W,,,Major Arterial,Etobicoke York,43.734445,-79.61329,,No Control,Clear,Dark,Dry,Non-Fatal Injury,Rear End,Passenger,25 to 29,Minimal,,,Other,,,,,,,,,,,,Yes,,,,,Yes,,Yes,,,,1,West Humber-Clairville,1,West Humber-Clairville (1),D23,611673.7014,4843312.3078
2012,4181861,974540,5/23/2007 8:00:00 AM,2037,6700 FINCH AVE W,,,Major Arterial,Etobicoke York,43.734445,-79.61329,,No Control,Clear,Dark,Dry,Non-Fatal Injury,Rear End,Driver,20 to 24,Minimal,,West,"Automobile, Station Wagon",Going Ahead,Driving Properly,Normal,,,,,,,,,Yes,,,,,Yes,,Yes,,,,1,West Humber-Clairville,1,West Humber-Clairville (1),D23,611673.7014,4843312.3078
2013,4180658,973970,5/24/2007 8:00:00 AM,1610,RUNNYMEDE Road,ST CLAIR Aven W,,Major Arterial,Etobicoke York,43.668745,-79.48349,,No Control,Clear,Daylight,Dry,Non-Fatal Injury,Sideswipe,Passenger,0 to 4,Major,,,Other,,,,,,,,,,,,Yes,,,Yes,,Yes,,Yes,,,,111,Rockcliffe-Smythe,111,Rockcliffe-Smythe (111),D11,622260.2247,4836198.5394
2014,4180659,973970,5/24/2007 8:00:00 AM,1610,RUNNYMEDE Road,ST CLAIR Aven W,,Major Arterial,Etobicoke York,43.668745,-79.48349,,No Control,Clear,Daylight,Dry,Non-Fatal Injury,Sideswipe,Driver,40 to 44,Major,,North,"Automobile, Station Wagon",Going Ahead,Failed to Yield Right of Way,Normal,,,,,,,,,Yes,,,Yes,,Yes,,Yes,,,,111,Rockcliffe-Smythe,111,Rockcliffe-Smythe (111),D11,622260.2247,4836198.5394
2015,4180660,973970,5/24/2007 8:00:00 AM,1610,RUNNYMEDE Road,ST CLAIR Aven W,,Major Arterial,Etobicoke York,43.668745,-79.48349,,No Control,Clear,Daylight,Dry,Non-Fatal Injury,Sideswipe,Vehicle Owner,unknown,None,,,Other,,,,,,,,,,,,Yes,,,Yes,,Yes,,Yes,,,,111,Rockcliffe-Smythe,111,Rockcliffe-Smythe (111),D11,622260.2247,4836198.5394
2016,4180661,973970,5/24/2007 8:00:00 AM,1610,RUNNYMEDE Road,ST CLAIR Aven W,,Major Arterial,Etobicoke York,43.668745,-79.48349,,No Control,Clear,Daylight,Dry,Non-Fatal Injury,Sideswipe,Driver,50 to 54,Major,,North,Municipal Transit Bus (TTC),Going Ahead,Driving Properly,Normal,,,,,,,,,Yes,,,Yes,,Yes,,Yes,,,,111,Rockcliffe-Smythe,111,Rockcliffe-Smythe (111),D11,622260.2247,4836198.5394
2017,4184048,975541,5/27/2007 8:00:00 AM,1630,DUFFERIN ST,LAPPIN AVE,,Major Arterial,Toronto and East York,43.667745,-79.43879,,No Control,Clear,Daylight,Dry,Non-Fatal Injury,Turning Movement,Driver,60 to 64,Major,,South,"Automobile, Station Wagon",Making U Turn,Improper Turn,Inattentive,,,,,,,,,Yes,,,,,,,,,,,171,Junction-Wallace Emerson,93,Dovercourt-Wallace Emerson-Junction (93),D11,625866.0382,4836154.3241
2018,4184049,975541,5/27/2007 8:00:00 AM,1630,DUFFERIN ST,LAPPIN AVE,,Major Arterial,Toronto and East York,43.667745,-79.43879,,No Control,Clear,Daylight,Dry,Non-Fatal Injury,Turning Movement,Vehicle Owner,unknown,None,,,Other,,,,,,,,,,,,Yes,,,,,,,,,,,171,Junction-Wallace Emerson,93,Dovercourt-Wallace Emerson-Junction (93),D11,625866.0382,4836154.3241
2019,4184050,975541,5/27/2007 8:00:00 AM,1630,DUFFERIN ST,LAPPIN AVE,,Major Arterial,Toronto and East York,43.667745,-79.43879,,No Control,Clear,Daylight,Dry,Non-Fatal Injury,Turning Movement,Driver,20 to 24,None,,South,"Automobile, Station Wagon",Going Ahead,Driving Properly,Normal,,,,,,,,,Yes,,,,,,,,,,,171,Junction-Wallace Emerson,93,Dovercourt-Wallace Emerson-Junction (93),D11,625866.0382,4836154.3241
2020,4180618,973958,5/28/2007 8:00:00 AM,505,ELLESMERE RD,MORRISH RD,,Minor Arterial,Scarborough,43.790145,-79.17339,At Intersection,Traffic Signal,Clear,Dark,Dry,Non-Fatal Injury,Pedestrian Collisions,Driver,50 to 54,None,,South,"Automobile, Station Wagon",Turning Left,Failed to Yield Right of Way,Normal,,,,,,,Yes,,Yes,,,,,,,Yes,,,,134,Highland Creek,134,Highland Creek (134),D43,646963.3933,4850185.6052
2021,4180619,973958,5/28/2007 8:00:00 AM,505,ELLESMERE RD,MORRISH RD,,Minor Arterial,Scarborough,43.790145,-79.17339,At Intersection,Traffic Signal,Clear,Dark,Dry,Non-Fatal Injury,Pedestrian Collisions,Other Property Owner,unknown,None,,,Other,,,,,,,,,,Yes,,Yes,,,,,,,Yes,,,,134,Highland Creek,134,Highland Creek (134),D43,646963.3933,4850185.6052
2022,4180620,973958,5/28/2007 8:00:00 AM,505,ELLESMERE RD,MORRISH RD,,Minor Arterial,Scarborough,43.790145,-79.17339,At Intersection,Traffic Signal,Clear,Dark,Dry,Non-Fatal Injury,Pedestrian Collisions,Pedestrian,55 to 59,Major,,,Other,,,,Vehicle turns left while ped crosses with ROW at inter.,Crossing with right of way,Had Been Drinking,,,,Yes,,Yes,,,,,,,Yes,,,,134,Highland Creek,134,Highland Creek (134),D43,646963.3933,4850185.6052
2023,4177064,972321,5/28/2007 8:00:00 AM,1245,TEDDINGTON PARK Ave,YONGE St,,Major Arterial,North York,43.732945,-79.40419,,No Control,Clear,Daylight,Dry,Non-Fatal Injury,Pedestrian Collisions,Driver,60 to 64,None,,West,"Automobile, Station Wagon",Reversing,Failed to Yield Right of Way,Inattentive,,,,,,,Yes,,Yes,,,,,,,Yes,,,,105,Lawrence Park North,105,Lawrence Park North (105),D32,628516.167,4843448.7715
2024,4177065,972321,5/28/2007 8:00:00 AM,1245,TEDDINGTON PARK Ave,YONGE St,,Major Arterial,North York,43.732945,-79.40419,,No Control,Clear,Daylight,Dry,Non-Fatal Injury,Pedestrian Collisions,Pedestrian,85 to 89,Major,,,Other,,,,Vehicle is reversing and hits pedestrian,On Sidewalk or Shoulder,Normal,,,,Yes,,Yes,,,,,,,Yes,,,,105,Lawrence Park North,105,Lawrence Park North (105),D32,628516.167,4843448.7715
2025,4273690,972006,5/28/2007 8:00:00 AM,1800,STEELES AVE W,GIHON SPRING DR,,Major Arterial,Etobicoke York,43.759545,-79.59569,,No Control,Clear,Daylight,Dry,Non-Fatal Injury,Pedestrian Collisions,Driver,30 to 34,None,,West,"Automobile, Station Wagon",Going Ahead,Driving Properly,Unknown,,,,,,,Yes,,Yes,,,,,,,,,,,2,Mount Olive-Silverstone-Jamestown,2,Mount Olive-Silverstone-Jamestown (2),D23,613043.8077,4846123.8932
2026,4273691,972006,5/28/2007 8:00:00 AM,1800,STEELES AVE W,GIHON SPRING DR,,Major Arterial,Etobicoke York,43.759545,-79.59569,,No Control,Clear,Daylight,Dry,Non-Fatal Injury,Pedestrian Collisions,Pedestrian,85 to 89,Major,,South,Other,,,,Pedestrian hit at mid-block,Walking on Roadway with Traffic,Medical or Physical Disability,,,,Yes,,Yes,,,,,,,,,,,2,Mount Olive-Silverstone-Jamestown,2,Mount Olive-Silverstone-Jamestown (2),D23,613043.8077,4846123.8932
2027,4178251,972841,6/1/2007 8:00:00 AM,1910,ELLESMERE RD,BRIMLEY RD,,Major Arterial,Scarborough,43.770045,-79.26129,At Intersection,Traffic Signal,Clear,Daylight,Dry,Fatal,Turning Movement,Motorcycle Driver,35 to 39,Fatal,,West,Motorcycle,Going Ahead,Exceeding Speed Limit,Normal,,,,,,,,,Yes,Yes,,,,Yes,Yes,Yes,,,,156,Bendale-Glen Andrew,127,Bendale (127),D43,639938.0352,4847800.862
2028,4178252,972841,6/1/2007 8:00:00 AM,1910,ELLESMERE RD,BRIMLEY RD,,Major Arterial,Scarborough,43.770045,-79.26129,At Intersection,Traffic Signal,Clear,Daylight,Dry,Fatal,Turning Movement,Passenger,25 to 29,None,,,Other,,,,,,,,,,,,Yes,Yes,,,,Yes,Yes,Yes,,,,156,Bendale-Glen Andrew,127,Bendale (127),D43,639938.0352,4847800.862
2029,4178253,972841,6/1/2007 8:00:00 AM,1910,ELLESMERE RD,BRIMLEY RD,,Major Arterial,Scarborough,43.770045,-79.26129,At Intersection,Traffic Signal,Clear,Daylight,Dry,Fatal,Turning Movement,Passenger,15 to 19,None,,,Other,,,,,,,,,,,,Yes,Yes,,,,Yes,Yes,Yes,,,,156,Bendale-Glen Andrew,127,Bendale (127),D43,639938.0352,4847800.862
2030,4178254,972841,6/1/2007 8:00:00 AM,1910,ELLESMERE RD,BRIMLEY RD,,Major Arterial,Scarborough,43.770045,-79.26129,At Intersection,Traffic Signal,Clear,Daylight,Dry,Fatal,Turning Movement,Vehicle Owner,unknown,,,,Other,,,,,,,,,,,,Yes,Yes,,,,Yes,Yes,Yes,,,,156,Bendale-Glen Andrew,127,Bendale (127),D43,639938.0352,4847800.862
2031,4178255,972841,6/1/2007 8:00:00 AM,1910,ELLESMERE RD,BRIMLEY RD,,Major Arterial,Scarborough,43.770045,-79.26129,At Intersection,Traffic Signal,Clear,Daylight,Dry,Fatal,Turning Movement,Driver,20 to 24,None,,East,"Automobile, Station Wagon",Turning Left,Improper Turn,Normal,,,,,,,,,Yes,Yes,,,,Yes,Yes,Yes,,,,156,Bendale-Glen Andrew,127,Bendale (127),D43,639938.0352,4847800.862
2032,4178258,972843,6/2/2007 8:00:00 AM,2,BLOOR ST E,DRUMSNAB RD,,Major Arterial,Toronto and East York,43.674243,-79.367488,At Intersection,No Control,Clear,Dark,Dry,Fatal,SMV Other,Vehicle Owner,unknown,,,,Other,,,,,,,,,,,,,Yes,,,,,Yes,Yes,,,,71,Cabbagetown-South St.James Town,71,Cabbagetown-South St.James Town (71),D51,631600.3208,4836986.6667
2033,4178259,972843,6/2/2007 8:00:00 AM,2,BLOOR ST E,DRUMSNAB RD,,Major Arterial,Toronto and East York,43.674243,-79.367488,At Intersection,No Control,Clear,Dark,Dry,Fatal,SMV Other,Motorcycle Driver,25 to 29,Fatal,,West,Motorcycle,Slowing or Stopping,Lost control,Unknown,,,,,,,,,,Yes,,,,,Yes,Yes,,,,71,Cabbagetown-South St.James Town,71,Cabbagetown-South St.James Town (71),D51,631600.3208,4836986.6667
2034,4405639,972932,6/2/2007 8:00:00 AM,226,ISLINGTON AVE,FINCH AVE W,,Major Arterial,Etobicoke York,43.746245,-79.56859,At Intersection,Traffic Signal,Clear,Dark,Dry,Fatal,Angle,Vehicle Owner,unknown,,,,Other,,,,,,,,,,,,Yes,,,,,Yes,,Yes,Yes,,,22,Humbermede,22,Humbermede (22),D31,615250.8373,4844684.08
2035,4405640,972932,6/2/2007 8:00:00 AM,226,ISLINGTON AVE,FINCH AVE W,,Major Arterial,Etobicoke York,43.746245,-79.56859,At Intersection,Traffic Signal,Clear,Dark,Dry,Fatal,Angle,Driver,50 to 54,Minimal,,East,Taxi,Going Ahead,Driving Properly,Normal,,,,,,,,,Yes,,,,,Yes,,Yes,Yes,,,22,Humbermede,22,Humbermede (22),D31,615250.8373,4844684.08
2036,4405641,972932,6/2/2007 8:00:00 AM,226,ISLINGTON AVE,FINCH AVE W,,Major Arterial,Etobicoke York,43.746245,-79.56859,At Intersection,Traffic Signal,Clear,Dark,Dry,Fatal,Angle,Vehicle Owner,unknown,,,,Other,,,,,,,,,,,,Yes,,,,,Yes,,Yes,Yes,,,22,Humbermede,22,Humbermede (22),D31,615250.8373,4844684.08