OBJECTID,INDEX,ACCNUM,DATE,TIME,STREET1,STREET2,OFFSET,ROAD_CLASS,DISTRICT,LATITUDE,LONGITUDE,ACCLOC,TRAFFCTL,VISIBILITY,LIGHT,RDSFCOND,ACCLASS,IMPACTYPE,INVTYPE,INVAGE,INJURY,FATAL_NO,INITDIR,VEHTYPE,MANOEUVER,DRIVACT,DRIVCOND,PEDTYPE,PEDACT,PEDCOND,CYCLISTYPE,CYCACT,CYCCOND,PEDESTRIAN,CYCLIST,AUTOMOBILE,MOTORCYCLE,TRUCK,TRSN_CITY_VEH,EMERG_VEH,PASSENGER,SPEEDING,AG_DRIV,REDLIGHT,ALCOHOL,DISABILITY,HOOD_158,NEIGHBOURHOOD_158,HOOD_140,NEIGHBOURHOOD_140,DIVISION,x,y
2037,4405642,972932,6/2/2007 8:00:00 AM,226,ISLINGTON AVE,FINCH AVE W,,Major Arterial,Etobicoke York,43.746245,-79.56859,At Intersection,Traffic Signal,Clear,Dark,Dry,Fatal,Angle,Driver,15 to 19,Fatal,,North,"Automobile, Station Wagon",Going Ahead,Disobeyed Traffic Control,Unknown,,,,,,,,,Yes,,,,,Yes,,Yes,Yes,,,22,Humbermede,22,Humbermede (22),D31,615250.8373,4844684.08
2038,4405643,972932,6/2/2007 8:00:00 AM,226,ISLINGTON AVE,FINCH AVE W,,Major Arterial,Etobicoke York,43.746245,-79.56859,At Intersection,Traffic Signal,Clear,Dark,Dry,Fatal,Angle,Passenger,15 to 19,Fatal,,,Other,,,,,,,,,,,,Yes,,,,,Yes,,Yes,Yes,,,22,Humbermede,22,Humbermede (22),D31,615250.8373,4844684.08
2039,4405644,972932,6/2/2007 8:00:00 AM,226,ISLINGTON AVE,FINCH AVE W,,Major Arterial,Etobicoke York,43.746245,-79.56859,At Intersection,Traffic Signal,Clear,Dark,Dry,Fatal,Angle,Passenger,15 to 19,Fatal,,,Other,,,,,,,,,,,,Yes,,,,,Yes,,Yes,Yes,,,22,Humbermede,22,Humbermede (22),D31,615250.8373,4844684.08
2040,4405645,972932,6/2/2007 8:00:00 AM,226,ISLINGTON AVE,FINCH AVE W,,Major Arterial,Etobicoke York,43.746245,-79.56859,At Intersection,Traffic Signal,Clear,Dark,Dry,Fatal,Angle,Vehicle Owner,unknown,,,,Other,,,,,,,,,,,,Yes,,,,,Yes,,Yes,Yes,,,22,Humbermede,22,Humbermede (22),D31,615250.8373,4844684.08
2041,4405646,972932,6/2/2007 8:00:00 AM,226,ISLINGTON AVE,FINCH AVE W,,Major Arterial,Etobicoke York,43.746245,-79.56859,At Intersection,Traffic Signal,Clear,Dark,Dry,Fatal,Angle,Driver,40 to 44,Minimal,,East,Taxi,Going Ahead,Driving Properly,Normal,,,,,,,,,Yes,,,,,Yes,,Yes,Yes,,,22,Humbermede,22,Humbermede (22),D31,615250.8373,4844684.08
2042,4405647,972932,6/2/2007 8:00:00 AM,226,ISLINGTON AVE,FINCH AVE W,,Major Arterial,Etobicoke York,43.746245,-79.56859,At Intersection,Traffic Signal,Clear,Dark,Dry,Fatal,Angle,Other Property Owner,unknown,,,,Other,,,,,,,,,,,,Yes,,,,,Yes,,Yes,Yes,,,22,Humbermede,22,Humbermede (22),D31,615250.8373,4844684.08
2043,4178465,972948,6/2/2007 8:00:00 AM,2358,LAKE SHORE BLVD W,YONGE ST,,Major Arterial,Toronto and East York,43.644045,-79.37579,,Traffic Signal,Clear,Dark,Dry,Non-Fatal Injury,Turning Movement,Driver,25 to 29,Major,,West,"Automobile, Station Wagon",Going Ahead,Driving Properly,Normal,,,,,,,,,Yes,,,,,,Yes,Yes,,,,166,St Lawrence-East Bayfront-The Islands,77,Waterfront Communities-The Island (77),D52,630996.7261,4833619.6395
2044,4178466,972948,6/2/2007 8:00:00 AM,2358,LAKE SHORE BLVD W,YONGE ST,,Major Arterial,Toronto and East York,43.644045,-79.37579,,Traffic Signal,Clear,Dark,Dry,Non-Fatal Injury,Turning Movement,Vehicle Owner,unknown,,,,Other,,,,,,,,,,,,Yes,,,,,,Yes,Yes,,,,166,St Lawrence-East Bayfront-The Islands,77,Waterfront Communities-The Island (77),D52,630996.7261,4833619.6395
2045,4178467,972948,6/2/2007 8:00:00 AM,2358,LAKE SHORE BLVD W,YONGE ST,,Major Arterial,Toronto and East York,43.644045,-79.37579,,Traffic Signal,Clear,Dark,Dry,Non-Fatal Injury,Turning Movement,Driver,55 to 59,None,,West,"Automobile, Station Wagon",Turning Left,Improper Turn,Normal,,,,,,,,,Yes,,,,,,Yes,Yes,,,,166,St Lawrence-East Bayfront-The Islands,77,Waterfront Communities-The Island (77),D52,630996.7261,4833619.6395
2046,4188651,977666,6/3/2007 8:00:00 AM,1758,MCNICOLL AVE,MIDLAND AVE,,Major Arterial,Scarborough,43.814545,-79.29219,,Traffic Signal,Clear,Daylight,Dry,Non-Fatal Injury,Cyclist Collisions,Driver,40 to 44,None,,West,"Automobile, Station Wagon",Turning Right,Disobeyed Traffic Control,Normal,,,,,,,,Yes,Yes,,,,,,,Yes,Yes,,,130,Milliken,130,Milliken (130),D42,637349.0758,4852691.5343
2047,4188652,977666,6/3/2007 8:00:00 AM,1758,MCNICOLL AVE,MIDLAND AVE,,Major Arterial,Scarborough,43.814545,-79.29219,,Traffic Signal,Clear,Daylight,Dry,Non-Fatal Injury,Cyclist Collisions,Cyclist,60 to 64,Major,,South,Bicycle,Going Ahead,,,,,,Motorist turning right on red at signalized intersection strikes cyclist.,,,,Yes,Yes,,,,,,,Yes,Yes,,,130,Milliken,130,Milliken (130),D42,637349.0758,4852691.5343
2048,4405764,977762,6/3/2007 8:00:00 AM,1921,DANFORTH AVE,MONARCH PARK AVE,,Major Arterial,Toronto and East York,43.682545,-79.32719,,Traffic Signal,Rain,Dark,Wet,Non-Fatal Injury,Pedestrian Collisions,Vehicle Owner,unknown,,,,Other,,,,,,,,,,Yes,,Yes,,,,,,,,,,,65,Greenwood-Coxwell,65,Greenwood-Coxwell (65),D55,634830.2692,4837973.4429
2049,4405765,977762,6/3/2007 8:00:00 AM,1921,DANFORTH AVE,MONARCH PARK AVE,,Major Arterial,Toronto and East York,43.682545,-79.32719,,Traffic Signal,Rain,Dark,Wet,Non-Fatal Injury,Pedestrian Collisions,Driver,20 to 24,None,,East,"Automobile, Station Wagon",Going Ahead,Driving Properly,Normal,,,,,,,Yes,,Yes,,,,,,,,,,,65,Greenwood-Coxwell,65,Greenwood-Coxwell (65),D55,634830.2692,4837973.4429
2050,4405766,977762,6/3/2007 8:00:00 AM,1921,DANFORTH AVE,MONARCH PARK AVE,,Major Arterial,Toronto and East York,43.682545,-79.32719,,Traffic Signal,Rain,Dark,Wet,Non-Fatal Injury,Pedestrian Collisions,Pedestrian,35 to 39,Major,,South,Other,,,,Vehicle is going straight thru inter.while ped cross without ROW,Running onto Roadway,Normal,,,,Yes,,Yes,,,,,,,,,,,65,Greenwood-Coxwell,65,Greenwood-Coxwell (65),D55,634830.2692,4837973.4429
2051,4179915,973640,6/6/2007 8:00:00 AM,1645,CHESTNUT ST,EDWARD ST,,Collector,Toronto and East York,43.655945,-79.38639,At Intersection,No Control,Clear,Daylight,Dry,Non-Fatal Injury,Pedestrian Collisions,Vehicle Owner,unknown,,,,Other,,,,,,,,,,Yes,,,,,Yes,,,,Yes,,,,170,Yonge-Bay Corridor,76,Bay Street Corridor (76),D52,630116.1007,4834924.6138
2052,4179916,973640,6/6/2007 8:00:00 AM,1645,CHESTNUT ST,EDWARD ST,,Collector,Toronto and East York,43.655945,-79.38639,At Intersection,No Control,Clear,Daylight,Dry,Non-Fatal Injury,Pedestrian Collisions,Driver,35 to 39,None,,West,Municipal Transit Bus (TTC),Turning Left,Failed to Yield Right of Way,Normal,,,,,,,Yes,,,,,Yes,,,,Yes,,,,170,Yonge-Bay Corridor,76,Bay Street Corridor (76),D52,630116.1007,4834924.6138
2053,4179917,973640,6/6/2007 8:00:00 AM,1645,CHESTNUT ST,EDWARD ST,,Collector,Toronto and East York,43.655945,-79.38639,At Intersection,No Control,Clear,Daylight,Dry,Non-Fatal Injury,Pedestrian Collisions,Pedestrian,40 to 44,Major,,East,Other,,,,Pedestrian involved in a collision with transit vehicle anywhere along roadway,Crossing with right of way,Unknown,,,,Yes,,,,,Yes,,,,Yes,,,,170,Yonge-Bay Corridor,76,Bay Street Corridor (76),D52,630116.1007,4834924.6138
2054,4180417,973856,6/7/2007 8:00:00 AM,1029,3875 SHEPPARD AVE E,,,Major Arterial,Scarborough,43.782845,-79.28989,,No Control,Clear,Daylight,Dry,Non-Fatal Injury,SMV Other,Driver,70 to 74,Major,,West,"Automobile, Station Wagon",Going Ahead,Lost control,Medical or Physical Disability,,,,,,,,,Yes,,,,,,,,,,Yes,118,Tam O'Shanter-Sullivan,118,Tam O'Shanter-Sullivan (118),D42,637606.8071,4849174.5629
2055,4180911,974080,6/8/2007 8:00:00 AM,809,BAYVIEW AVE,FIFESHIRE RD,,Major Arterial,North York,43.760445,-79.38659,At Intersection,No Control,Clear,Daylight,Dry,Fatal,Cyclist Collisions,Vehicle Owner,unknown,,,,Other,,,,,,,,,,,Yes,Yes,,Yes,,,,,,,,,40,St.Andrew-Windfields,40,St.Andrew-Windfields (40),D33,629874.0836,4846530.503
2056,4180912,974080,6/8/2007 8:00:00 AM,809,BAYVIEW AVE,FIFESHIRE RD,,Major Arterial,North York,43.760445,-79.38659,At Intersection,No Control,Clear,Daylight,Dry,Fatal,Cyclist Collisions,Truck Driver,45 to 49,None,,South,Truck - Open,Going Ahead,Driving Properly,Normal,,,,,,,,Yes,Yes,,Yes,,,,,,,,,40,St.Andrew-Windfields,40,St.Andrew-Windfields (40),D33,629874.0836,4846530.503
2057,4180913,974080,6/8/2007 8:00:00 AM,809,BAYVIEW AVE,FIFESHIRE RD,,Major Arterial,North York,43.760445,-79.38659,At Intersection,No Control,Clear,Daylight,Dry,Fatal,Cyclist Collisions,Cyclist,45 to 49,Fatal,,South,Bicycle,Going Ahead,,,,,,Cyclist and Driver travelling in same direction. One vehicle sideswipes the other.,Other,Unknown,,Yes,Yes,,Yes,,,,,,,,,40,St.Andrew-Windfields,40,St.Andrew-Windfields (40),D33,629874.0836,4846530.503
2058,4180914,974080,6/8/2007 8:00:00 AM,809,BAYVIEW AVE,FIFESHIRE RD,,Major Arterial,North York,43.760445,-79.38659,At Intersection,No Control,Clear,Daylight,Dry,Fatal,Cyclist Collisions,Driver,35 to 39,None,,South,"Automobile, Station Wagon",Going Ahead,Driving Properly,Normal,,,,,,,,Yes,Yes,,Yes,,,,,,,,,40,St.Andrew-Windfields,40,St.Andrew-Windfields (40),D33,629874.0836,4846530.503
2059,4180905,974078,6/8/2007 8:00:00 AM,840,ST CLAIR AVE E,PLAXTON DR,,Major Arterial,Toronto and East York,43.707645,-79.30259,At Intersection,Traffic Signal,Clear,Daylight,Dry,Non-Fatal Injury,Pedestrian Collisions,Driver,40 to 44,None,,East,"Automobile, Station Wagon",Going Ahead,Disobeyed Traffic Control,Inattentive,,,,,,,Yes,,Yes,,,,,,,Yes,Yes,,,54,O'Connor-Parkview,54,O'Connor-Parkview (54),D55,636756.0089,4840801.4406
2060,4180906,974078,6/8/2007 8:00:00 AM,840,ST CLAIR AVE E,PLAXTON DR,,Major Arterial,Toronto and East York,43.707645,-79.30259,At Intersection,Traffic Signal,Clear,Daylight,Dry,Non-Fatal Injury,Pedestrian Collisions,Pedestrian,10 to 14,Major,,North,Other,,,,Vehicle is going straight thru inter.while ped cross with ROW,Crossing with right of way,Normal,,,,Yes,,Yes,,,,,,,Yes,Yes,,,54,O'Connor-Parkview,54,O'Connor-Parkview (54),D55,636756.0089,4840801.4406
2061,4181099,974168,6/9/2007 8:00:00 AM,945,KING ST W,GWYNNE AVE,,Major Arterial,Toronto and East York,43.638645,-79.42889,At Intersection,No Control,Clear,Daylight,Dry,Non-Fatal Injury,Pedestrian Collisions,Driver,45 to 49,None,,East,"Automobile, Station Wagon",Reversing,Wrong Way on One Way Road,Normal,,,,,,,Yes,,Yes,,,,,,,,,,,85,South Parkdale,85,South Parkdale (85),D14,626725.3831,4832937.4576
2062,4181100,974168,6/9/2007 8:00:00 AM,945,KING ST W,GWYNNE AVE,,Major Arterial,Toronto and East York,43.638645,-79.42889,At Intersection,No Control,Clear,Daylight,Dry,Non-Fatal Injury,Pedestrian Collisions,Pedestrian,70 to 74,Major,,East,Other,Unknown,,,Vehicle turns left while ped crosses without ROW at inter.,Crossing with right of way,Normal,,,,Yes,,Yes,,,,,,,,,,,85,South Parkdale,85,South Parkdale (85),D14,626725.3831,4832937.4576
2063,4181275,974270,6/10/2007 8:00:00 AM,1038,STEELES AVE W,CACTUS AVE,,Major Arterial,North York,43.794445,-79.43659,At Intersection,Traffic Signal,Clear,Daylight,Dry,Non-Fatal Injury,Pedestrian Collisions,Passenger,5 to 9,None,,,Other,,,,,,,,,,Yes,,Yes,,,,,Yes,,,,,,NSA,NSA,NSA,NSA,NSA,625777.9084,4850229.5276
2064,4181276,974270,6/10/2007 8:00:00 AM,1038,STEELES AVE W,CACTUS AVE,,Major Arterial,North York,43.794445,-79.43659,At Intersection,Traffic Signal,Clear,Daylight,Dry,Non-Fatal Injury,Pedestrian Collisions,Passenger,0 to 4,None,,,Other,,,,,,,,,,Yes,,Yes,,,,,Yes,,,,,,NSA,NSA,NSA,NSA,NSA,625777.9084,4850229.5276
2065,4181277,974270,6/10/2007 8:00:00 AM,1038,STEELES AVE W,CACTUS AVE,,Major Arterial,North York,43.794445,-79.43659,At Intersection,Traffic Signal,Clear,Daylight,Dry,Non-Fatal Injury,Pedestrian Collisions,Passenger,5 to 9,None,,,Other,,,,,,,,,,Yes,,Yes,,,,,Yes,,,,,,NSA,NSA,NSA,NSA,NSA,625777.9084,4850229.5276
2066,4181278,974270,6/10/2007 8:00:00 AM,1038,STEELES AVE W,CACTUS AVE,,Major Arterial,North York,43.794445,-79.43659,At Intersection,Traffic Signal,Clear,Daylight,Dry,Non-Fatal Injury,Pedestrian Collisions,Passenger,50 to 54,None,,,Other,,,,,,,,,,Yes,,Yes,,,,,Yes,,,,,,NSA,NSA,NSA,NSA,NSA,625777.9084,4850229.5276
2067,4181279,974270,6/10/2007 8:00:00 AM,1038,STEELES AVE W,CACTUS AVE,,Major Arterial,North York,43.794445,-79.43659,At Intersection,Traffic Signal,Clear,Daylight,Dry,Non-Fatal Injury,Pedestrian Collisions,Vehicle Owner,unknown,,,,Other,,,,,,,,,,Yes,,Yes,,,,,Yes,,,,,,NSA,NSA,NSA,NSA,NSA,625777.9084,4850229.5276
2068,4181280,974270,6/10/2007 8:00:00 AM,1038,STEELES AVE W,CACTUS AVE,,Major Arterial,North York,43.794445,-79.43659,At Intersection,Traffic Signal,Clear,Daylight,Dry,Non-Fatal Injury,Pedestrian Collisions,Driver,25 to 29,None,,East,"Automobile, Station Wagon",Going Ahead,Driving Properly,Unknown,,,,,,,Yes,,Yes,,,,,Yes,,,,,,NSA,NSA,NSA,NSA,NSA,625777.9084,4850229.5276
2069,4181281,974270,6/10/2007 8:00:00 AM,1038,STEELES AVE W,CACTUS AVE,,Major Arterial,North York,43.794445,-79.43659,At Intersection,Traffic Signal,Clear,Daylight,Dry,Non-Fatal Injury,Pedestrian Collisions,Pedestrian,10 to 14,Major,,North,Other,,,,Vehicle is going straight thru inter.while ped cross without ROW,Crossing without right of way,Unknown,,,,Yes,,Yes,,,,,Yes,,,,,,NSA,NSA,NSA,NSA,NSA,625777.9084,4850229.5276
2070,4405760,977112,6/13/2007 8:00:00 AM,1420,CHARLES ST E,YONGE ST,,Major Arterial,Toronto and East York,43.668645,-79.38609,At Intersection,Traffic Signal,Clear,Daylight,Dry,Non-Fatal Injury,Pedestrian Collisions,Pedestrian,70 to 74,Minor,,North,Other,,,,Pedestrian hit on sidewalk or shoulder,On Sidewalk or Shoulder,Normal,,,,Yes,,Yes,,,,,,,,,,,167,Church-Wellesley,75,Church-Yonge Corridor (75),D51,630112.8541,4836335.5884
2071,4405761,977112,6/13/2007 8:00:00 AM,1420,CHARLES ST E,YONGE ST,,Major Arterial,Toronto and East York,43.668645,-79.38609,At Intersection,Traffic Signal,Clear,Daylight,Dry,Non-Fatal Injury,Pedestrian Collisions,Pedestrian,65 to 69,Minor,,North,Other,,,,Pedestrian hit on sidewalk or shoulder,On Sidewalk or Shoulder,Normal,,,,Yes,,Yes,,,,,,,,,,,167,Church-Wellesley,75,Church-Yonge Corridor (75),D51,630112.8541,4836335.5884
2072,4405762,977112,6/13/2007 8:00:00 AM,1420,CHARLES ST E,YONGE ST,,Major Arterial,Toronto and East York,43.668645,-79.38609,At Intersection,Traffic Signal,Clear,Daylight,Dry,Non-Fatal Injury,Pedestrian Collisions,Driver,35 to 39,Major,,West,"Automobile, Station Wagon",Making U Turn,Lost control,Unknown,,,,,,,Yes,,Yes,,,,,,,,,,,167,Church-Wellesley,75,Church-Yonge Corridor (75),D51,630112.8541,4836335.5884
2073,4405763,977112,6/13/2007 8:00:00 AM,1420,CHARLES ST E,YONGE ST,,Major Arterial,Toronto and East York,43.668645,-79.38609,At Intersection,Traffic Signal,Clear,Daylight,Dry,Non-Fatal Injury,Pedestrian Collisions,Vehicle Owner,unknown,None,,,Other,Making U Turn,,,,,,,,,Yes,,Yes,,,,,,,,,,,167,Church-Wellesley,75,Church-Yonge Corridor (75),D51,630112.8541,4836335.5884
2074,4194168,980093,6/14/2007 8:00:00 AM,908,ST CLAIR AVE W,LAUGHTON AVE,,Major Arterial,Toronto and East York,43.674745,-79.45739,,No Control,Clear,Daylight,Dry,Non-Fatal Injury,Cyclist Collisions,Vehicle Owner,unknown,,,,Other,,,,,,,,,,,Yes,Yes,,,,,,,,,,,91,Weston-Pelham Park,91,Weston-Pellam Park (91),D11,624352.0198,4836903.7153
2075,4194169,980093,6/14/2007 8:00:00 AM,908,ST CLAIR AVE W,LAUGHTON AVE,,Major Arterial,Toronto and East York,43.674745,-79.45739,,No Control,Clear,Daylight,Dry,Non-Fatal Injury,Cyclist Collisions,Driver,30 to 34,None,,East,"Automobile, Station Wagon",Going Ahead,Driving Properly,Normal,,,,,,,,Yes,Yes,,,,,,,,,,,91,Weston-Pelham Park,91,Weston-Pellam Park (91),D11,624352.0198,4836903.7153
2076,4194170,980093,6/14/2007 8:00:00 AM,908,ST CLAIR AVE W,LAUGHTON AVE,,Major Arterial,Toronto and East York,43.674745,-79.45739,,No Control,Clear,Daylight,Dry,Non-Fatal Injury,Cyclist Collisions,Cyclist,50 to 54,Major,,West,Bicycle,Turning Left,,,,,,Cyclist turned left across motorists path.,Failed to Yield Right of Way,Inattentive,,Yes,Yes,,,,,,,,,,,91,Weston-Pelham Park,91,Weston-Pellam Park (91),D11,624352.0198,4836903.7153
2077,4194433,980194,6/14/2007 8:00:00 AM,1029,ST CLAIR AVE W,GREENLAW AVE,,Major Arterial,Toronto and East York,43.676945,-79.44779,,No Control,Clear,Daylight,Dry,Non-Fatal Injury,Turning Movement,Motorcycle Driver,55 to 59,Major,,East,Motorcycle,Going Ahead,Driving Properly,Normal,,,,,,,,,Yes,Yes,,,,,,Yes,,,,92,Corso Italia-Davenport,92,Corso Italia-Davenport (92),D13,625121.3245,4837162.4914
2078,4194434,980194,6/14/2007 8:00:00 AM,1029,ST CLAIR AVE W,GREENLAW AVE,,Major Arterial,Toronto and East York,43.676945,-79.44779,,No Control,Clear,Daylight,Dry,Non-Fatal Injury,Turning Movement,Driver,70 to 74,None,,East,"Automobile, Station Wagon",Making U Turn,Failed to Yield Right of Way,Inattentive,,,,,,,,,Yes,Yes,,,,,,Yes,,,,92,Corso Italia-Davenport,92,Corso Italia-Davenport (92),D13,625121.3245,4837162.4914
2079,4273727,975035,6/14/2007 8:00:00 AM,1124,COLLEGE ST,GRACE ST,,Major Arterial,Toronto and East York,43.654945,-79.41559,At Intersection,Traffic Signal,Clear,Daylight,Dry,Fatal,Pedestrian Collisions,Vehicle Owner,unknown,,,,Other,,,,,,,,,,Yes,,Yes,,,,,,,,,,,81,Trinity-Bellwoods,80,Palmerston-Little Italy (80),D14,627763.6074,4834768.1758
2080,4273728,975035,6/14/2007 8:00:00 AM,1124,COLLEGE ST,GRACE ST,,Major Arterial,Toronto and East York,43.654945,-79.41559,At Intersection,Traffic Signal,Clear,Daylight,Dry,Fatal,Pedestrian Collisions,Driver,50 to 54,None,,West,"Automobile, Station Wagon",Turning Left,Improper Turn,Normal,,,,,,,Yes,,Yes,,,,,,,,,,,81,Trinity-Bellwoods,80,Palmerston-Little Italy (80),D14,627763.6074,4834768.1758
2081,4273729,975035,6/14/2007 8:00:00 AM,1124,COLLEGE ST,GRACE ST,,Major Arterial,Toronto and East York,43.654945,-79.41559,At Intersection,Traffic Signal,Clear,Daylight,Dry,Fatal,Pedestrian Collisions,Pedestrian,70 to 74,Fatal,,East,Other,,,,Vehicle turns left while ped crosses with ROW at inter.,Crossing with right of way,Other,,,,Yes,,Yes,,,,,,,,,,,81,Trinity-Bellwoods,80,Palmerston-Little Italy (80),D14,627763.6074,4834768.1758
2082,4183269,975174,6/15/2007 8:00:00 AM,1715,BLOOR ST W,THE EAST MALL,,Major Arterial,Etobicoke York,43.636945,-79.55669,At Intersection,Traffic Signal,Clear,Daylight,Dry,Non-Fatal Injury,Turning Movement,Driver,45 to 49,None,,East,"Automobile, Station Wagon",Turning Left,Improper Turn,Normal,,,,,,,,,Yes,,,,,Yes,,,,,,158,Islington,14,Islington-City Centre West (14),D22,616420.2591,4832561.4712
2083,4183270,975174,6/15/2007 8:00:00 AM,1715,BLOOR ST W,THE EAST MALL,,Major Arterial,Etobicoke York,43.636945,-79.55669,At Intersection,Traffic Signal,Clear,Daylight,Dry,Non-Fatal Injury,Turning Movement,Passenger,25 to 29,Major,,,Other,,,,,,,,,,,,Yes,,,,,Yes,,,,,,158,Islington,14,Islington-City Centre West (14),D22,616420.2591,4832561.4712
2084,4183271,975174,6/15/2007 8:00:00 AM,1715,BLOOR ST W,THE EAST MALL,,Major Arterial,Etobicoke York,43.636945,-79.55669,At Intersection,Traffic Signal,Clear,Daylight,Dry,Non-Fatal Injury,Turning Movement,Driver,30 to 34,Minor,,West,"Automobile, Station Wagon",Going Ahead,Driving Properly,Normal,,,,,,,,,Yes,,,,,Yes,,,,,,158,Islington,14,Islington-City Centre West (14),D22,616420.2591,4832561.4712
2085,4183428,975246,6/17/2007 8:00:00 AM,425,MCROBERTS Aven,KITCHENER Aven,,Local,Toronto and East York,43.689345,-79.45919,At Intersection,Stop Sign,Clear,Dark,Dry,Non-Fatal Injury,Pedestrian Collisions,Passenger,unknown,None,,,Other,Other,,,,,,,,,Yes,,Yes,,,,,Yes,,,,,,109,Caledonia-Fairbank,109,Caledonia-Fairbank (109),D13,624176.7936,4838522.5453
2086,4183429,975246,6/17/2007 8:00:00 AM,425,MCROBERTS Aven,KITCHENER Aven,,Local,Toronto and East York,43.689345,-79.45919,At Intersection,Stop Sign,Clear,Dark,Dry,Non-Fatal Injury,Pedestrian Collisions,Passenger,unknown,None,,South,Other,Other,,,,,,,,,Yes,,Yes,,,,,Yes,,,,,,109,Caledonia-Fairbank,109,Caledonia-Fairbank (109),D13,624176.7936,4838522.5453
2087,4183430,975246,6/17/2007 8:00:00 AM,425,MCROBERTS Aven,KITCHENER Aven,,Local,Toronto and East York,43.689345,-79.45919,At Intersection,Stop Sign,Clear,Dark,Dry,Non-Fatal Injury,Pedestrian Collisions,Passenger,unknown,None,,South,Other,Other,,,,,,,,,Yes,,Yes,,,,,Yes,,,,,,109,Caledonia-Fairbank,109,Caledonia-Fairbank (109),D13,624176.7936,4838522.5453
2088,4183431,975246,6/17/2007 8:00:00 AM,425,MCROBERTS Aven,KITCHENER Aven,,Local,Toronto and East York,43.689345,-79.45919,At Intersection,Stop Sign,Clear,Dark,Dry,Non-Fatal Injury,Pedestrian Collisions,Vehicle Owner,unknown,,,,Other,,,,,,,,,,Yes,,Yes,,,,,Yes,,,,,,109,Caledonia-Fairbank,109,Caledonia-Fairbank (109),D13,624176.7936,4838522.5453
2089,4183432,975246,6/17/2007 8:00:00 AM,425,MCROBERTS Aven,KITCHENER Aven,,Local,Toronto and East York,43.689345,-79.45919,At Intersection,Stop Sign,Clear,Dark,Dry,Non-Fatal Injury,Pedestrian Collisions,Driver,20 to 24,None,,South,"Automobile, Station Wagon",Unknown,,,,,,,,,Yes,,Yes,,,,,Yes,,,,,,109,Caledonia-Fairbank,109,Caledonia-Fairbank (109),D13,624176.7936,4838522.5453
2090,4183433,975246,6/17/2007 8:00:00 AM,425,MCROBERTS Aven,KITCHENER Aven,,Local,Toronto and East York,43.689345,-79.45919,At Intersection,Stop Sign,Clear,Dark,Dry,Non-Fatal Injury,Pedestrian Collisions,Pedestrian,unknown,Major,,,Other,Other,,,,,,,,,Yes,,Yes,,,,,Yes,,,,,,109,Caledonia-Fairbank,109,Caledonia-Fairbank (109),D13,624176.7936,4838522.5453
2091,4183921,975488,6/18/2007 8:00:00 AM,1549,LONDON GREEN CRT,DRIFTWOOD AVE,,Local,Etobicoke York,43.752245,-79.51259,,No Control,Clear,Daylight,Dry,Non-Fatal Injury,Pedestrian Collisions,Vehicle Owner,unknown,,,,Other,,,,,,,,,,Yes,,Yes,,,,,,,,,,,25,Glenfield-Jane Heights,25,Glenfield-Jane Heights (25),D31,619747.7789,4845429.8985
2092,4183922,975488,6/18/2007 8:00:00 AM,1549,LONDON GREEN CRT,DRIFTWOOD AVE,,Local,Etobicoke York,43.752245,-79.51259,,No Control,Clear,Daylight,Dry,Non-Fatal Injury,Pedestrian Collisions,Driver,unknown,None,,South,"Automobile, Station Wagon",Going Ahead,Lost control,Unknown,,,,,,,Yes,,Yes,,,,,,,,,,,25,Glenfield-Jane Heights,25,Glenfield-Jane Heights (25),D31,619747.7789,4845429.8985
2093,4183923,975488,6/18/2007 8:00:00 AM,1549,LONDON GREEN CRT,DRIFTWOOD AVE,,Local,Etobicoke York,43.752245,-79.51259,,No Control,Clear,Daylight,Dry,Non-Fatal Injury,Pedestrian Collisions,Pedestrian,10 to 14,Major,,West,Other,,,,Pedestrian hit on sidewalk or shoulder,On Sidewalk or Shoulder,Unknown,,,,Yes,,Yes,,,,,,,,,,,25,Glenfield-Jane Heights,25,Glenfield-Jane Heights (25),D31,619747.7789,4845429.8985
2094,4184509,975759,6/20/2007 8:00:00 AM,639,BRIMLEY RD,PROGRESS AVE,,Major Arterial,Scarborough,43.776145,-79.26349,,No Control,Clear,Daylight,Dry,Non-Fatal Injury,SMV Other,Passenger,20 to 24,Major,,,Other,,,,,,,,,,,,Yes,,,,,Yes,,,,,,156,Bendale-Glen Andrew,127,Bendale (127),D43,639746.7592,4848474.6464
2095,4184510,975759,6/20/2007 8:00:00 AM,639,BRIMLEY RD,PROGRESS AVE,,Major Arterial,Scarborough,43.776145,-79.26349,,No Control,Clear,Daylight,Dry,Non-Fatal Injury,SMV Other,Vehicle Owner,unknown,None,,,Other,,,,,,,,,,,,Yes,,,,,Yes,,,,,,156,Bendale-Glen Andrew,127,Bendale (127),D43,639746.7592,4848474.6464
2096,4184511,975759,6/20/2007 8:00:00 AM,639,BRIMLEY RD,PROGRESS AVE,,Major Arterial,Scarborough,43.776145,-79.26349,,No Control,Clear,Daylight,Dry,Non-Fatal Injury,SMV Other,Driver,50 to 54,Major,,South,"Automobile, Station Wagon",Going Ahead,Lost control,Normal,,,,,,,,,Yes,,,,,Yes,,,,,,156,Bendale-Glen Andrew,127,Bendale (127),D43,639746.7592,4848474.6464
2097,4195734,980728,6/21/2007 8:00:00 AM,226,RICHMOND ST E,CHURCH ST,,Major Arterial,Toronto and East York,43.652445,-79.37549,At Intersection,Traffic Signal,Clear,Dark,Dry,Non-Fatal Injury,Angle,Vehicle Owner,unknown,None,,,Other,,,,,,,,,,,,Yes,,,,,Yes,,Yes,Yes,,,168,Downtown Yonge East,75,Church-Yonge Corridor (75),D51,631002.6597,4834553.043
2098,4195735,980728,6/21/2007 8:00:00 AM,226,RICHMOND ST E,CHURCH ST,,Major Arterial,Toronto and East York,43.652445,-79.37549,At Intersection,Traffic Signal,Clear,Dark,Dry,Non-Fatal Injury,Angle,Driver,30 to 34,None,,West,"Automobile, Station Wagon",Going Ahead,Driving Properly,Normal,,,,,,,,,Yes,,,,,Yes,,Yes,Yes,,,168,Downtown Yonge East,75,Church-Yonge Corridor (75),D51,631002.6597,4834553.043