OBJECTID,INDEX,ACCNUM,DATE,TIME,STREET1,STREET2,OFFSET,ROAD_CLASS,DISTRICT,LATITUDE,LONGITUDE,ACCLOC,TRAFFCTL,VISIBILITY,LIGHT,RDSFCOND,ACCLASS,IMPACTYPE,INVTYPE,INVAGE,INJURY,FATAL_NO,INITDIR,VEHTYPE,MANOEUVER,DRIVACT,DRIVCOND,PEDTYPE,PEDACT,PEDCOND,CYCLISTYPE,CYCACT,CYCCOND,PEDESTRIAN,CYCLIST,AUTOMOBILE,MOTORCYCLE,TRUCK,TRSN_CITY_VEH,EMERG_VEH,PASSENGER,SPEEDING,AG_DRIV,REDLIGHT,ALCOHOL,DISABILITY,HOOD_158,NEIGHBOURHOOD_158,HOOD_140,NEIGHBOURHOOD_140,DIVISION,x,y
2099,4195736,980728,6/21/2007 8:00:00 AM,226,RICHMOND ST E,CHURCH ST,,Major Arterial,Toronto and East York,43.652445,-79.37549,At Intersection,Traffic Signal,Clear,Dark,Dry,Non-Fatal Injury,Angle,Passenger,15 to 19,Minor,,,Other,,,,,,,,,,,,Yes,,,,,Yes,,Yes,Yes,,,168,Downtown Yonge East,75,Church-Yonge Corridor (75),D51,631002.6597,4834553.043
2100,4195737,980728,6/21/2007 8:00:00 AM,226,RICHMOND ST E,CHURCH ST,,Major Arterial,Toronto and East York,43.652445,-79.37549,At Intersection,Traffic Signal,Clear,Dark,Dry,Non-Fatal Injury,Angle,Passenger,20 to 24,Major,,,Other,,,,,,,,,,,,Yes,,,,,Yes,,Yes,Yes,,,168,Downtown Yonge East,75,Church-Yonge Corridor (75),D51,631002.6597,4834553.043
2101,4195738,980728,6/21/2007 8:00:00 AM,226,RICHMOND ST E,CHURCH ST,,Major Arterial,Toronto and East York,43.652445,-79.37549,At Intersection,Traffic Signal,Clear,Dark,Dry,Non-Fatal Injury,Angle,Passenger,15 to 19,Minor,,,Other,,,,,,,,,,,,Yes,,,,,Yes,,Yes,Yes,,,168,Downtown Yonge East,75,Church-Yonge Corridor (75),D51,631002.6597,4834553.043
2102,4195739,980728,6/21/2007 8:00:00 AM,226,RICHMOND ST E,CHURCH ST,,Major Arterial,Toronto and East York,43.652445,-79.37549,At Intersection,Traffic Signal,Clear,Dark,Dry,Non-Fatal Injury,Angle,Vehicle Owner,unknown,None,,,Other,,,,,,,,,,,,Yes,,,,,Yes,,Yes,Yes,,,168,Downtown Yonge East,75,Church-Yonge Corridor (75),D51,631002.6597,4834553.043
2103,4195740,980728,6/21/2007 8:00:00 AM,226,RICHMOND ST E,CHURCH ST,,Major Arterial,Toronto and East York,43.652445,-79.37549,At Intersection,Traffic Signal,Clear,Dark,Dry,Non-Fatal Injury,Angle,Driver,35 to 39,Minimal,,North,"Automobile, Station Wagon",Going Ahead,Disobeyed Traffic Control,Normal,,,,,,,,,Yes,,,,,Yes,,Yes,Yes,,,168,Downtown Yonge East,75,Church-Yonge Corridor (75),D51,631002.6597,4834553.043
2104,4195741,980728,6/21/2007 8:00:00 AM,226,RICHMOND ST E,CHURCH ST,,Major Arterial,Toronto and East York,43.652445,-79.37549,At Intersection,Traffic Signal,Clear,Dark,Dry,Non-Fatal Injury,Angle,Other Property Owner,unknown,None,,,Other,Unknown,,,,,,,,,,,Yes,,,,,Yes,,Yes,Yes,,,168,Downtown Yonge East,75,Church-Yonge Corridor (75),D51,631002.6597,4834553.043
2105,4195361,980579,6/21/2007 8:00:00 AM,954,YONGE ST,MERTON ST,,Major Arterial,Toronto and East York,43.696145,-79.39619,At Intersection,Traffic Signal,Clear,Daylight,Dry,Non-Fatal Injury,Pedestrian Collisions,Pedestrian,35 to 39,Major,,East,Other,,,,Vehicle is going straight thru inter.while ped cross with ROW,Crossing with right of way,Normal,,,,Yes,Yes,,,,,,,,,,,,174,South Eglinton-Davisville,104,Mount Pleasant West (104),D53,629239.5246,4839374.0471
2106,4195362,980579,6/21/2007 8:00:00 AM,954,YONGE ST,MERTON ST,,Major Arterial,Toronto and East York,43.696145,-79.39619,At Intersection,Traffic Signal,Clear,Daylight,Dry,Non-Fatal Injury,Pedestrian Collisions,Cyclist,15 to 19,Minor,,South,Bicycle,Going Ahead,,,,,,Cyclist strikes pedestrian.,Disobeyed Traffic Control,Normal,Yes,Yes,,,,,,,,,,,,174,South Eglinton-Davisville,104,Mount Pleasant West (104),D53,629239.5246,4839374.0471
2107,4195761,980737,6/21/2007 8:00:00 AM,2250,YONGE ST,SHEPPARD AVE W,,Major Arterial,North York,43.761845,-79.41099,,No Control,Clear,Daylight,Dry,Non-Fatal Injury,Pedestrian Collisions,Driver,20 to 24,None,,South,"Automobile, Station Wagon",Going Ahead,Speed too Fast For Condition,"Ability Impaired, Alcohol",,,,,,,Yes,,Yes,,,,,,Yes,Yes,,Yes,,151,Yonge-Doris,51,Willowdale East (51),D32,627906.964,4846648.0194
2108,4195762,980737,6/21/2007 8:00:00 AM,2250,YONGE ST,SHEPPARD AVE W,,Major Arterial,North York,43.761845,-79.41099,,No Control,Clear,Daylight,Dry,Non-Fatal Injury,Pedestrian Collisions,Pedestrian,30 to 34,Major,,East,Other,,,,Pedestrian hit at mid-block,"Crossing, no Traffic Control",Normal,,,,Yes,,Yes,,,,,,Yes,Yes,,Yes,,151,Yonge-Doris,51,Willowdale East (51),D32,627906.964,4846648.0194
2109,4185407,976207,6/22/2007 8:00:00 AM,1029,BRIMLEY RD,BLUFFERS PARK,,Other,Scarborough,43.706145,-79.23599,,No Control,Clear,Daylight,Dry,Non-Fatal Injury,Pedestrian Collisions,Pedestrian,unknown,Major,,,Other,Other,,,,,,,,,Yes,,,,,,,,,,,,,123,Cliffcrest,123,Cliffcrest (123),D41,642125.4125,4840746.8748
2110,4185408,976207,6/22/2007 8:00:00 AM,1029,BRIMLEY RD,BLUFFERS PARK,,Other,Scarborough,43.706145,-79.23599,,No Control,Clear,Daylight,Dry,Non-Fatal Injury,Pedestrian Collisions,Vehicle Owner,unknown,,,,Other,,,,,,,,,,Yes,,,,,,,,,,,,,123,Cliffcrest,123,Cliffcrest (123),D41,642125.4125,4840746.8748
2111,4185409,976207,6/22/2007 8:00:00 AM,1029,BRIMLEY RD,BLUFFERS PARK,,Other,Scarborough,43.706145,-79.23599,,No Control,Clear,Daylight,Dry,Non-Fatal Injury,Pedestrian Collisions,Driver,45 to 49,None,,,Other,Going Ahead,,,,,,,,,Yes,,,,,,,,,,,,,123,Cliffcrest,123,Cliffcrest (123),D41,642125.4125,4840746.8748
2112,4196849,981212,6/22/2007 8:00:00 AM,1210,OLD KINGSTON RD,MORRISH RD,,Minor Arterial,Scarborough,43.783245,-79.17069,At Intersection,Stop Sign,Clear,Daylight,Dry,Non-Fatal Injury,SMV Other,Motorcycle Driver,40 to 44,Major,,West,Motorcycle,Going Ahead,Driving Properly,Normal,,,,,,,,,,Yes,,,,,,Yes,,,,133,Centennial Scarborough,133,Centennial Scarborough (133),D43,647197.5666,4849424.0469
2113,4196850,981212,6/22/2007 8:00:00 AM,1210,OLD KINGSTON RD,MORRISH RD,,Minor Arterial,Scarborough,43.783245,-79.17069,At Intersection,Stop Sign,Clear,Daylight,Dry,Non-Fatal Injury,SMV Other,Vehicle Owner,unknown,,,,Other,,,,,,,,,,,,,Yes,,,,,,Yes,,,,133,Centennial Scarborough,133,Centennial Scarborough (133),D43,647197.5666,4849424.0469
2114,4196851,981212,6/22/2007 8:00:00 AM,1210,OLD KINGSTON RD,MORRISH RD,,Minor Arterial,Scarborough,43.783245,-79.17069,At Intersection,Stop Sign,Clear,Daylight,Dry,Non-Fatal Injury,SMV Other,Driver,40 to 44,None,,South,Other,Turning Left,Failed to Yield Right of Way,Normal,,,,,,,,,,Yes,,,,,,Yes,,,,133,Centennial Scarborough,133,Centennial Scarborough (133),D43,647197.5666,4849424.0469
2115,4186430,976691,6/22/2007 8:00:00 AM,2009,WARDEN AVE,SHEPPARD AVE E,,Major Arterial,Scarborough,43.778745,-79.30789,At Intersection,Traffic Signal,Clear,Daylight,Dry,Non-Fatal Injury,Pedestrian Collisions,Pedestrian,70 to 74,Major,,South,Other,,,,Vehicle turns left while ped crosses with ROW at inter.,Crossing with right of way,Normal,,,,Yes,,Yes,,,,,Yes,,,,,,118,Tam O'Shanter-Sullivan,118,Tam O'Shanter-Sullivan (118),D42,636167.6997,4848689.4299
2116,4186431,976691,6/22/2007 8:00:00 AM,2009,WARDEN AVE,SHEPPARD AVE E,,Major Arterial,Scarborough,43.778745,-79.30789,At Intersection,Traffic Signal,Clear,Daylight,Dry,Non-Fatal Injury,Pedestrian Collisions,Passenger,0 to 4,None,,,Other,,,,,,,,,,Yes,,Yes,,,,,Yes,,,,,,118,Tam O'Shanter-Sullivan,118,Tam O'Shanter-Sullivan (118),D42,636167.6997,4848689.4299
2117,4186432,976691,6/22/2007 8:00:00 AM,2009,WARDEN AVE,SHEPPARD AVE E,,Major Arterial,Scarborough,43.778745,-79.30789,At Intersection,Traffic Signal,Clear,Daylight,Dry,Non-Fatal Injury,Pedestrian Collisions,Passenger,5 to 9,None,,,Other,,,,,,,,,,Yes,,Yes,,,,,Yes,,,,,,118,Tam O'Shanter-Sullivan,118,Tam O'Shanter-Sullivan (118),D42,636167.6997,4848689.4299
2118,4186433,976691,6/22/2007 8:00:00 AM,2009,WARDEN AVE,SHEPPARD AVE E,,Major Arterial,Scarborough,43.778745,-79.30789,At Intersection,Traffic Signal,Clear,Daylight,Dry,Non-Fatal Injury,Pedestrian Collisions,Passenger,0 to 4,None,,,Other,,,,,,,,,,Yes,,Yes,,,,,Yes,,,,,,118,Tam O'Shanter-Sullivan,118,Tam O'Shanter-Sullivan (118),D42,636167.6997,4848689.4299
2119,4186434,976691,6/22/2007 8:00:00 AM,2009,WARDEN AVE,SHEPPARD AVE E,,Major Arterial,Scarborough,43.778745,-79.30789,At Intersection,Traffic Signal,Clear,Daylight,Dry,Non-Fatal Injury,Pedestrian Collisions,Passenger,30 to 34,None,,,Other,,,,,,,,,,Yes,,Yes,,,,,Yes,,,,,,118,Tam O'Shanter-Sullivan,118,Tam O'Shanter-Sullivan (118),D42,636167.6997,4848689.4299
2120,4186435,976691,6/22/2007 8:00:00 AM,2009,WARDEN AVE,SHEPPARD AVE E,,Major Arterial,Scarborough,43.778745,-79.30789,At Intersection,Traffic Signal,Clear,Daylight,Dry,Non-Fatal Injury,Pedestrian Collisions,Driver,35 to 39,None,,North,"Automobile, Station Wagon",Turning Left,Improper Turn,Inattentive,,,,,,,Yes,,Yes,,,,,Yes,,,,,,118,Tam O'Shanter-Sullivan,118,Tam O'Shanter-Sullivan (118),D42,636167.6997,4848689.4299
2121,4197021,981273,6/22/2007 8:00:00 AM,2300,KIPLING AVE,WIDDICOMBE HILL BLVD,,Major Arterial,Etobicoke York,43.678945,-79.55169,,Traffic Signal,Clear,Dark,Dry,Non-Fatal Injury,Rear End,Driver,70 to 74,None,,North,"Automobile, Station Wagon",Going Ahead,Following too Close,Inattentive,,,,,,,,,Yes,,,,,Yes,,Yes,,,,7,Willowridge-Martingrove-Richview,7,Willowridge-Martingrove-Richview (7),D23,616742.1544,4837233.1346
2122,4197022,981273,6/22/2007 8:00:00 AM,2300,KIPLING AVE,WIDDICOMBE HILL BLVD,,Major Arterial,Etobicoke York,43.678945,-79.55169,,Traffic Signal,Clear,Dark,Dry,Non-Fatal Injury,Rear End,Passenger,60 to 64,Major,,,Other,,,,,,,,,,,,Yes,,,,,Yes,,Yes,,,,7,Willowridge-Martingrove-Richview,7,Willowridge-Martingrove-Richview (7),D23,616742.1544,4837233.1346
2123,4197023,981273,6/22/2007 8:00:00 AM,2300,KIPLING AVE,WIDDICOMBE HILL BLVD,,Major Arterial,Etobicoke York,43.678945,-79.55169,,Traffic Signal,Clear,Dark,Dry,Non-Fatal Injury,Rear End,Driver,65 to 69,Minimal,,North,"Automobile, Station Wagon",Stopped,Driving Properly,Normal,,,,,,,,,Yes,,,,,Yes,,Yes,,,,7,Willowridge-Martingrove-Richview,7,Willowridge-Martingrove-Richview (7),D23,616742.1544,4837233.1346
2124,4196587,981104,6/23/2007 8:00:00 AM,1000,STEELES AVE E,BEARE RD,,Minor Arterial,Scarborough,43.853145,-79.17999,At Intersection,Stop Sign,Clear,Daylight,Dry,Non-Fatal Injury,Angle,Driver,45 to 49,Major,,East,Other,Going Ahead,Driving Properly,Normal,,,,,,,,,Yes,,,,,Yes,,Yes,,,,144,Morningside Heights,131,Rouge (131),D42,646278.4177,4857171.1086
2125,4196588,981104,6/23/2007 8:00:00 AM,1000,STEELES AVE E,BEARE RD,,Minor Arterial,Scarborough,43.853145,-79.17999,At Intersection,Stop Sign,Clear,Daylight,Dry,Non-Fatal Injury,Angle,Passenger,45 to 49,Major,,,Other,,,,,,,,,,,,Yes,,,,,Yes,,Yes,,,,144,Morningside Heights,131,Rouge (131),D42,646278.4177,4857171.1086
2126,4196589,981104,6/23/2007 8:00:00 AM,1000,STEELES AVE E,BEARE RD,,Minor Arterial,Scarborough,43.853145,-79.17999,At Intersection,Stop Sign,Clear,Daylight,Dry,Non-Fatal Injury,Angle,Vehicle Owner,unknown,None,,,Other,,,,,,,,,,,,Yes,,,,,Yes,,Yes,,,,144,Morningside Heights,131,Rouge (131),D42,646278.4177,4857171.1086
2127,4196590,981104,6/23/2007 8:00:00 AM,1000,STEELES AVE E,BEARE RD,,Minor Arterial,Scarborough,43.853145,-79.17999,At Intersection,Stop Sign,Clear,Daylight,Dry,Non-Fatal Injury,Angle,Driver,40 to 44,Minimal,,South,"Automobile, Station Wagon",Going Ahead,Failed to Yield Right of Way,Inattentive,,,,,,,,,Yes,,,,,Yes,,Yes,,,,144,Morningside Heights,131,Rouge (131),D42,646278.4177,4857171.1086
2128,4197100,981306,6/24/2007 8:00:00 AM,2123,ISLINGTON AVE,ABERFOYLE CRES,,Major Arterial,Etobicoke York,43.645845,-79.52389,,No Control,Clear,Dark,Dry,Non-Fatal Injury,Pedestrian Collisions,Driver,20 to 24,None,,North,"Automobile, Station Wagon",Going Ahead,Driving Properly,Normal,,,,,,,Yes,,Yes,,,,,,,,,,,158,Islington,14,Islington-City Centre West (14),D22,619048.4153,4833596.4534
2129,4197101,981306,6/24/2007 8:00:00 AM,2123,ISLINGTON AVE,ABERFOYLE CRES,,Major Arterial,Etobicoke York,43.645845,-79.52389,,No Control,Clear,Dark,Dry,Non-Fatal Injury,Pedestrian Collisions,Pedestrian,60 to 64,Major,,West,Other,,,,Pedestrian hit at mid-block,"Crossing, no Traffic Control",Inattentive,,,,Yes,,Yes,,,,,,,,,,,158,Islington,14,Islington-City Centre West (14),D22,619048.4153,4833596.4534
2130,4197283,981377,6/25/2007 8:00:00 AM,712,EGLINTON AVE W,SCARLETT RD,,Major Arterial,Etobicoke York,43.684445,-79.50809,,No Control,Clear,Daylight,Dry,Non-Fatal Injury,Pedestrian Collisions,Driver,20 to 24,None,,West,"Automobile, Station Wagon",Slowing or Stopping,Driving Properly,Normal,,,,,,,Yes,,Yes,,,,,,,,,,,111,Rockcliffe-Smythe,111,Rockcliffe-Smythe (111),D12,620245.6068,4837906.2727
2131,4197284,981377,6/25/2007 8:00:00 AM,712,EGLINTON AVE W,SCARLETT RD,,Major Arterial,Etobicoke York,43.684445,-79.50809,,No Control,Clear,Daylight,Dry,Non-Fatal Injury,Pedestrian Collisions,Pedestrian,80 to 84,Major,,North,Other,,,,Pedestrian hit at mid-block,"Crossing, no Traffic Control",Normal,,,,Yes,,Yes,,,,,,,,,,,111,Rockcliffe-Smythe,111,Rockcliffe-Smythe (111),D12,620245.6068,4837906.2727
2132,4197375,981405,6/25/2007 8:00:00 AM,855,DIXON RD,KIPLING AVE,,Major Arterial,Etobicoke York,43.694245,-79.55859,At Intersection,Traffic Signal,Clear,Daylight,Dry,Non-Fatal Injury,Angle,Driver,70 to 74,Minor,,North,"Automobile, Station Wagon",Going Ahead,Driving Properly,Normal,,,,,,,,,Yes,,,,,,,Yes,Yes,,,6,Kingsview Village-The Westway,6,Kingsview Village-The Westway (6),D23,616156.4368,4838922.7152
2133,4197376,981405,6/25/2007 8:00:00 AM,855,DIXON RD,KIPLING AVE,,Major Arterial,Etobicoke York,43.694245,-79.55859,At Intersection,Traffic Signal,Clear,Daylight,Dry,Non-Fatal Injury,Angle,Driver,40 to 44,Major,,West,"Automobile, Station Wagon",Going Ahead,Disobeyed Traffic Control,Inattentive,,,,,,,,,Yes,,,,,,,Yes,Yes,,,6,Kingsview Village-The Westway,6,Kingsview Village-The Westway (6),D23,616156.4368,4838922.7152
2134,4197377,981405,6/25/2007 8:00:00 AM,855,DIXON RD,KIPLING AVE,,Major Arterial,Etobicoke York,43.694245,-79.55859,At Intersection,Traffic Signal,Clear,Daylight,Dry,Non-Fatal Injury,Angle,Driver,50 to 54,None,,North,"Automobile, Station Wagon",Going Ahead,Driving Properly,Normal,,,,,,,,,Yes,,,,,,,Yes,Yes,,,6,Kingsview Village-The Westway,6,Kingsview Village-The Westway (6),D23,616156.4368,4838922.7152
2135,4197840,981582,6/26/2007 8:00:00 AM,1139,BAYVIEW AVE,SCENIC MILLWAY,,Major Arterial,North York,43.750745,-79.38469,,No Control,Clear,Daylight,Dry,Non-Fatal Injury,Cyclist Collisions,Driver,55 to 59,None,,North,"Automobile, Station Wagon",Overtaking,Driving Properly,Normal,,,,,,,,Yes,Yes,,,,,,,,,,,40,St.Andrew-Windfields,40,St.Andrew-Windfields (40),D33,630048.0395,4845456.1538
2136,4197841,981582,6/26/2007 8:00:00 AM,1139,BAYVIEW AVE,SCENIC MILLWAY,,Major Arterial,North York,43.750745,-79.38469,,No Control,Clear,Daylight,Dry,Non-Fatal Injury,Cyclist Collisions,Cyclist,70 to 74,Major,,North,Bicycle,Going Ahead,,,,,,Cyclist and Driver travelling in same direction. One vehicle sideswipes the other.,Lost control,Normal,,Yes,Yes,,,,,,,,,,,40,St.Andrew-Windfields,40,St.Andrew-Windfields (40),D33,630048.0395,4845456.1538
2137,4186552,976741,6/26/2007 8:00:00 AM,1500,SHEPPARD AVE E,WASHBURN WAY,,Major Arterial,Scarborough,43.796145,-79.22749,At Intersection,Traffic Signal,Clear,Daylight,Dry,Non-Fatal Injury,Turning Movement,Vehicle Owner,unknown,None,,,Other,,,,,,,,,,,,Yes,,,,,Yes,,,,,,146,Malvern East,132,Malvern (132),D42,642596.35,4850757.3625
2138,4186553,976741,6/26/2007 8:00:00 AM,1500,SHEPPARD AVE E,WASHBURN WAY,,Major Arterial,Scarborough,43.796145,-79.22749,At Intersection,Traffic Signal,Clear,Daylight,Dry,Non-Fatal Injury,Turning Movement,Driver,50 to 54,None,,East,"Automobile, Station Wagon",Turning Left,Improper Turn,Normal,,,,,,,,,Yes,,,,,Yes,,,,,,146,Malvern East,132,Malvern (132),D42,642596.35,4850757.3625
2139,4186554,976741,6/26/2007 8:00:00 AM,1500,SHEPPARD AVE E,WASHBURN WAY,,Major Arterial,Scarborough,43.796145,-79.22749,At Intersection,Traffic Signal,Clear,Daylight,Dry,Non-Fatal Injury,Turning Movement,Passenger,10 to 14,Major,,,Other,,,,,,,,,,,,Yes,,,,,Yes,,,,,,146,Malvern East,132,Malvern (132),D42,642596.35,4850757.3625
2140,4186555,976741,6/26/2007 8:00:00 AM,1500,SHEPPARD AVE E,WASHBURN WAY,,Major Arterial,Scarborough,43.796145,-79.22749,At Intersection,Traffic Signal,Clear,Daylight,Dry,Non-Fatal Injury,Turning Movement,Passenger,65 to 69,Major,,,Other,,,,,,,,,,,,Yes,,,,,Yes,,,,,,146,Malvern East,132,Malvern (132),D42,642596.35,4850757.3625
2141,4186556,976741,6/26/2007 8:00:00 AM,1500,SHEPPARD AVE E,WASHBURN WAY,,Major Arterial,Scarborough,43.796145,-79.22749,At Intersection,Traffic Signal,Clear,Daylight,Dry,Non-Fatal Injury,Turning Movement,Vehicle Owner,unknown,None,,,Other,,,,,,,,,,,,Yes,,,,,Yes,,,,,,146,Malvern East,132,Malvern (132),D42,642596.35,4850757.3625
2142,4186557,976741,6/26/2007 8:00:00 AM,1500,SHEPPARD AVE E,WASHBURN WAY,,Major Arterial,Scarborough,43.796145,-79.22749,At Intersection,Traffic Signal,Clear,Daylight,Dry,Non-Fatal Injury,Turning Movement,Driver,30 to 34,Major,,West,"Automobile, Station Wagon",Going Ahead,Driving Properly,Normal,,,,,,,,,Yes,,,,,Yes,,,,,,146,Malvern East,132,Malvern (132),D42,642596.35,4850757.3625
2143,4189941,978198,6/26/2007 8:00:00 AM,1730,STEELES AVE W,BATHURST ST,,Major Arterial,North York,43.792445,-79.44579,At Intersection,Traffic Signal,Clear,Daylight,Dry,Non-Fatal Injury,Pedestrian Collisions,Driver,unknown,Major,,West,"Automobile, Station Wagon",Going Ahead,Other,Unknown,,,,,,,Yes,,Yes,,,,,,,,,,,NSA,NSA,NSA,NSA,D32,625041.924,4849993.4568
2144,4189942,978198,6/26/2007 8:00:00 AM,1730,STEELES AVE W,BATHURST ST,,Major Arterial,North York,43.792445,-79.44579,At Intersection,Traffic Signal,Clear,Daylight,Dry,Non-Fatal Injury,Pedestrian Collisions,Pedestrian,20 to 24,Minor,,,Other,,,,Vehicle is going straight thru inter.while ped cross without ROW,Crossing without right of way,Unknown,,,,Yes,,Yes,,,,,,,,,,,NSA,NSA,NSA,NSA,D32,625041.924,4849993.4568
2145,4189943,978198,6/26/2007 8:00:00 AM,1730,STEELES AVE W,BATHURST ST,,Major Arterial,North York,43.792445,-79.44579,At Intersection,Traffic Signal,Clear,Daylight,Dry,Non-Fatal Injury,Pedestrian Collisions,Pedestrian,45 to 49,Minor,,,Other,,,,Vehicle is going straight thru inter.while ped cross without ROW,Crossing without right of way,Unknown,,,,Yes,,Yes,,,,,,,,,,,NSA,NSA,NSA,NSA,D32,625041.924,4849993.4568
2146,4186563,976743,6/26/2007 8:00:00 AM,1935,LESLIE ST,TOTTENHAM RD,,Major Arterial,North York,43.734045,-79.35589,At Intersection,No Control,Clear,Daylight,Dry,Non-Fatal Injury,Rear End,Vehicle Owner,unknown,,,,Other,,,,,,,,,,,,Yes,,,,,,Yes,Yes,,,,42,Banbury-Don Mills,42,Banbury-Don Mills (42),D33,632403.55,4843646.9912
2147,4186564,976743,6/26/2007 8:00:00 AM,1935,LESLIE ST,TOTTENHAM RD,,Major Arterial,North York,43.734045,-79.35589,At Intersection,No Control,Clear,Daylight,Dry,Non-Fatal Injury,Rear End,Driver,40 to 44,None,,North,"Automobile, Station Wagon",Slowing or Stopping,Driving Properly,Normal,,,,,,,,,Yes,,,,,,Yes,Yes,,,,42,Banbury-Don Mills,42,Banbury-Don Mills (42),D33,632403.55,4843646.9912
2148,4186565,976743,6/26/2007 8:00:00 AM,1935,LESLIE ST,TOTTENHAM RD,,Major Arterial,North York,43.734045,-79.35589,At Intersection,No Control,Clear,Daylight,Dry,Non-Fatal Injury,Rear End,Vehicle Owner,unknown,,,,Other,,,,,,,,,,,,Yes,,,,,,Yes,Yes,,,,42,Banbury-Don Mills,42,Banbury-Don Mills (42),D33,632403.55,4843646.9912
2149,4186566,976743,6/26/2007 8:00:00 AM,1935,LESLIE ST,TOTTENHAM RD,,Major Arterial,North York,43.734045,-79.35589,At Intersection,No Control,Clear,Daylight,Dry,Non-Fatal Injury,Rear End,Driver,55 to 59,Major,,South,"Automobile, Station Wagon",Going Ahead,Lost control,Unknown,,,,,,,,,Yes,,,,,,Yes,Yes,,,,42,Banbury-Don Mills,42,Banbury-Don Mills (42),D33,632403.55,4843646.9912
2150,4186567,976743,6/26/2007 8:00:00 AM,1935,LESLIE ST,TOTTENHAM RD,,Major Arterial,North York,43.734045,-79.35589,At Intersection,No Control,Clear,Daylight,Dry,Non-Fatal Injury,Rear End,Vehicle Owner,unknown,,,,Other,,,,,,,,,,,,Yes,,,,,,Yes,Yes,,,,42,Banbury-Don Mills,42,Banbury-Don Mills (42),D33,632403.55,4843646.9912
2151,4186568,976743,6/26/2007 8:00:00 AM,1935,LESLIE ST,TOTTENHAM RD,,Major Arterial,North York,43.734045,-79.35589,At Intersection,No Control,Clear,Daylight,Dry,Non-Fatal Injury,Rear End,Driver,35 to 39,None,,South,"Automobile, Station Wagon",Stopped,Driving Properly,Normal,,,,,,,,,Yes,,,,,,Yes,Yes,,,,42,Banbury-Don Mills,42,Banbury-Don Mills (42),D33,632403.55,4843646.9912
2152,4186569,976743,6/26/2007 8:00:00 AM,1935,LESLIE ST,TOTTENHAM RD,,Major Arterial,North York,43.734045,-79.35589,At Intersection,No Control,Clear,Daylight,Dry,Non-Fatal Injury,Rear End,Other,unknown,None,,,Other,,,,,,,,,,,,Yes,,,,,,Yes,Yes,,,,42,Banbury-Don Mills,42,Banbury-Don Mills (42),D33,632403.55,4843646.9912
2153,4186927,976891,6/27/2007 8:00:00 AM,1645,STEELES AVE E,BEARE RD,,Minor Arterial,Scarborough,43.854245,-79.17549,At Intersection,No Control,Clear,Daylight,Dry,Non-Fatal Injury,SMV Other,Driver,20 to 24,Major,,East,"Automobile, Station Wagon",Going Ahead,Other,Fatigue,,,,,,,,,Yes,,,,,,Yes,Yes,,,,144,Morningside Heights,NSA,NSA,D42,646637.4011,4857301.2547
2154,4197857,981588,6/28/2007 8:00:00 AM,1930,YONGE ST,PRINCESS AVE,,Major Arterial,North York,43.768845,-79.41279,,No Control,Clear,Daylight,Dry,Non-Fatal Injury,Pedestrian Collisions,Vehicle Owner,unknown,,,,Other,,,,,,,,,,Yes,,Yes,,,,,,,,,,,37,Willowdale West,37,Willowdale West (37),D32,627747.171,4847422.6966
2155,4197858,981588,6/28/2007 8:00:00 AM,1930,YONGE ST,PRINCESS AVE,,Major Arterial,North York,43.768845,-79.41279,,No Control,Clear,Daylight,Dry,Non-Fatal Injury,Pedestrian Collisions,Driver,15 to 19,None,,North,"Automobile, Station Wagon",Going Ahead,Driving Properly,Normal,,,,,,,Yes,,Yes,,,,,,,,,,,37,Willowdale West,37,Willowdale West (37),D32,627747.171,4847422.6966
2156,4197859,981588,6/28/2007 8:00:00 AM,1930,YONGE ST,PRINCESS AVE,,Major Arterial,North York,43.768845,-79.41279,,No Control,Clear,Daylight,Dry,Non-Fatal Injury,Pedestrian Collisions,Pedestrian,30 to 34,Major,,West,Other,,,,Pedestrian hit at mid-block,"Crossing, no Traffic Control",Normal,,,,Yes,,Yes,,,,,,,,,,,37,Willowdale West,37,Willowdale West (37),D32,627747.171,4847422.6966
2157,4187648,977226,6/29/2007 8:00:00 AM,2110,CASTLEFIELD AVE,CALEDONIA RD,,Collector,North York,43.698345,-79.46229,At Intersection,No Control,Clear,Dark,Dry,Non-Fatal Injury,Approaching,Vehicle Owner,unknown,,,,Other,,,,,,,,,,,,Yes,,,,,Yes,Yes,Yes,,,,108,Briar Hill-Belgravia,108,Briar Hill-Belgravia (108),D13,623908.42,4839517.4812
2158,4187649,977226,6/29/2007 8:00:00 AM,2110,CASTLEFIELD AVE,CALEDONIA RD,,Collector,North York,43.698345,-79.46229,At Intersection,No Control,Clear,Dark,Dry,Non-Fatal Injury,Approaching,Driver,20 to 24,Major,,West,"Automobile, Station Wagon",Unknown,Speed too Fast For Condition,Inattentive,,,,,,,,,Yes,,,,,Yes,Yes,Yes,,,,108,Briar Hill-Belgravia,108,Briar Hill-Belgravia (108),D13,623908.42,4839517.4812
2159,4187650,977226,6/29/2007 8:00:00 AM,2110,CASTLEFIELD AVE,CALEDONIA RD,,Collector,North York,43.698345,-79.46229,At Intersection,No Control,Clear,Dark,Dry,Non-Fatal Injury,Approaching,Passenger,0 to 4,None,,,Other,,,,,,,,,,,,Yes,,,,,Yes,Yes,Yes,,,,108,Briar Hill-Belgravia,108,Briar Hill-Belgravia (108),D13,623908.42,4839517.4812
2160,4187651,977226,6/29/2007 8:00:00 AM,2110,CASTLEFIELD AVE,CALEDONIA RD,,Collector,North York,43.698345,-79.46229,At Intersection,No Control,Clear,Dark,Dry,Non-Fatal Injury,Approaching,Passenger,5 to 9,Minimal,,,Other,,,,,,,,,,,,Yes,,,,,Yes,Yes,Yes,,,,108,Briar Hill-Belgravia,108,Briar Hill-Belgravia (108),D13,623908.42,4839517.4812