OBJECTID,INDEX,ACCNUM,DATE,TIME,STREET1,STREET2,OFFSET,ROAD_CLASS,DISTRICT,LATITUDE,LONGITUDE,ACCLOC,TRAFFCTL,VISIBILITY,LIGHT,RDSFCOND,ACCLASS,IMPACTYPE,INVTYPE,INVAGE,INJURY,FATAL_NO,INITDIR,VEHTYPE,MANOEUVER,DRIVACT,DRIVCOND,PEDTYPE,PEDACT,PEDCOND,CYCLISTYPE,CYCACT,CYCCOND,PEDESTRIAN,CYCLIST,AUTOMOBILE,MOTORCYCLE,TRUCK,TRSN_CITY_VEH,EMERG_VEH,PASSENGER,SPEEDING,AG_DRIV,REDLIGHT,ALCOHOL,DISABILITY,HOOD_158,NEIGHBOURHOOD_158,HOOD_140,NEIGHBOURHOOD_140,DIVISION,x,y
2161,4187652,977226,6/29/2007 8:00:00 AM,2110,CASTLEFIELD AVE,CALEDONIA RD,,Collector,North York,43.698345,-79.46229,At Intersection,No Control,Clear,Dark,Dry,Non-Fatal Injury,Approaching,Vehicle Owner,unknown,,,,Other,,,,,,,,,,,,Yes,,,,,Yes,Yes,Yes,,,,108,Briar Hill-Belgravia,108,Briar Hill-Belgravia (108),D13,623908.42,4839517.4812
2162,4187653,977226,6/29/2007 8:00:00 AM,2110,CASTLEFIELD AVE,CALEDONIA RD,,Collector,North York,43.698345,-79.46229,At Intersection,No Control,Clear,Dark,Dry,Non-Fatal Injury,Approaching,Driver,25 to 29,None,,East,"Automobile, Station Wagon",Going Ahead,Driving Properly,Normal,,,,,,,,,Yes,,,,,Yes,Yes,Yes,,,,108,Briar Hill-Belgravia,108,Briar Hill-Belgravia (108),D13,623908.42,4839517.4812
2163,4187639,977223,6/30/2007 8:00:00 AM,212,BURRARD RD,CAULFIELD RD,,Local,Etobicoke York,43.716345,-79.55349,At Intersection,No Control,Clear,Dark,Dry,Fatal,SMV Other,Vehicle Owner,unknown,,,,Other,,,,,,,,,,,,Yes,,,,,,Yes,Yes,,,,5,Elms-Old Rexdale,5,Elms-Old Rexdale (5),D23,616524.5994,4841384.3793
2164,4187640,977223,6/30/2007 8:00:00 AM,212,BURRARD RD,CAULFIELD RD,,Local,Etobicoke York,43.716345,-79.55349,At Intersection,No Control,Clear,Dark,Dry,Fatal,SMV Other,Driver,15 to 19,Fatal,,North,"Automobile, Station Wagon",Going Ahead,Exceeding Speed Limit,Had Been Drinking,,,,,,,,,Yes,,,,,,Yes,Yes,,,,5,Elms-Old Rexdale,5,Elms-Old Rexdale (5),D23,616524.5994,4841384.3793
2165,4198678,981935,6/30/2007 8:00:00 AM,1447,DAVENPORT RD,AVENUE RD,,Major Arterial,Toronto and East York,43.674945,-79.39569,,No Control,Clear,Daylight,Dry,Non-Fatal Injury,Cyclist Collisions,Driver,45 to 49,None,,East,"Automobile, Station Wagon",Parked,Other,Normal,,,,,,,,Yes,Yes,,,,,,,,,,,95,Annex,95,Annex (95),D53,629325.3652,4837020.2759
2166,4198679,981935,6/30/2007 8:00:00 AM,1447,DAVENPORT RD,AVENUE RD,,Major Arterial,Toronto and East York,43.674945,-79.39569,,No Control,Clear,Daylight,Dry,Non-Fatal Injury,Cyclist Collisions,Cyclist,50 to 54,Major,,East,Bicycle,Going Ahead,,,,,,Cyclist struck opened vehicle door,,,,Yes,Yes,,,,,,,,,,,95,Annex,95,Annex (95),D53,629325.3652,4837020.2759
2167,4210256,986987,6/30/2007 8:00:00 AM,2143,QUEEN ST E,CRAVEN RD,,Minor Arterial,Toronto and East York,43.666045,-79.31799,,No Control,Clear,Dark,Dry,Non-Fatal Injury,Cyclist Collisions,Driver,45 to 49,None,,West,"Automobile, Station Wagon",Parked,Other,Normal,,,,,,,,Yes,Yes,,,,,,,,,,,65,Greenwood-Coxwell,65,Greenwood-Coxwell (65),D55,635608.9684,4836155.8898
2168,4210257,986987,6/30/2007 8:00:00 AM,2143,QUEEN ST E,CRAVEN RD,,Minor Arterial,Toronto and East York,43.666045,-79.31799,,No Control,Clear,Dark,Dry,Non-Fatal Injury,Cyclist Collisions,Cyclist,35 to 39,Major,,West,Bicycle,Going Ahead,,,,,,Cyclist struck opened vehicle door,Driving Properly,Normal,,Yes,Yes,,,,,,,,,,,65,Greenwood-Coxwell,65,Greenwood-Coxwell (65),D55,635608.9684,4836155.8898
2169,4190041,978249,7/1/2007 8:00:00 AM,805,ELLESMERE RD,KENNEDY RD,,Major Arterial,Scarborough,43.765745,-79.28109,At Intersection,Traffic Signal,Clear,Daylight,Dry,Fatal,Angle,Driver,30 to 34,Minimal,,North,"Automobile, Station Wagon",Going Ahead,Driving Properly,Normal,,,,,,,,,Yes,,,,,,,Yes,Yes,,,126,Dorset Park,126,Dorset Park (126),D41,638354.3515,4847290.0073
2170,4190042,978249,7/1/2007 8:00:00 AM,805,ELLESMERE RD,KENNEDY RD,,Major Arterial,Scarborough,43.765745,-79.28109,At Intersection,Traffic Signal,Clear,Daylight,Dry,Fatal,Angle,Vehicle Owner,unknown,,,,Other,,,,,,,,,,,,Yes,,,,,,,Yes,Yes,,,126,Dorset Park,126,Dorset Park (126),D41,638354.3515,4847290.0073
2171,4190043,978249,7/1/2007 8:00:00 AM,805,ELLESMERE RD,KENNEDY RD,,Major Arterial,Scarborough,43.765745,-79.28109,At Intersection,Traffic Signal,Clear,Daylight,Dry,Fatal,Angle,Driver,60 to 64,Fatal,,West,"Automobile, Station Wagon",Going Ahead,Disobeyed Traffic Control,Normal,,,,,,,,,Yes,,,,,,,Yes,Yes,,,126,Dorset Park,126,Dorset Park (126),D41,638354.3515,4847290.0073
2172,4201242,983041,7/1/2007 8:00:00 AM,1815,LAWRENCE AVE W,BLOSSOMFIELD DR,,Major Arterial,North York,43.715445,-79.44729,,No Control,Clear,Daylight,Dry,Non-Fatal Injury,Rear End,Driver,35 to 39,None,,East,"Automobile, Station Wagon",Going Ahead,Other,Inattentive,,,,,,,,,Yes,,,,,Yes,,,,,,31,Yorkdale-Glen Park,31,Yorkdale-Glen Park (31),D13,625081.557,4841439.201
2173,4201243,983041,7/1/2007 8:00:00 AM,1815,LAWRENCE AVE W,BLOSSOMFIELD DR,,Major Arterial,North York,43.715445,-79.44729,,No Control,Clear,Daylight,Dry,Non-Fatal Injury,Rear End,Passenger,40 to 44,Major,,,Other,,,,,,,,,,,,Yes,,,,,Yes,,,,,,31,Yorkdale-Glen Park,31,Yorkdale-Glen Park (31),D13,625081.557,4841439.201
2174,4201244,983041,7/1/2007 8:00:00 AM,1815,LAWRENCE AVE W,BLOSSOMFIELD DR,,Major Arterial,North York,43.715445,-79.44729,,No Control,Clear,Daylight,Dry,Non-Fatal Injury,Rear End,Vehicle Owner,unknown,None,,,Other,,,,,,,,,,,,Yes,,,,,Yes,,,,,,31,Yorkdale-Glen Park,31,Yorkdale-Glen Park (31),D13,625081.557,4841439.201
2175,4201245,983041,7/1/2007 8:00:00 AM,1815,LAWRENCE AVE W,BLOSSOMFIELD DR,,Major Arterial,North York,43.715445,-79.44729,,No Control,Clear,Daylight,Dry,Non-Fatal Injury,Rear End,Driver,35 to 39,None,,East,Other,Stopped,Driving Properly,Normal,,,,,,,,,Yes,,,,,Yes,,,,,,31,Yorkdale-Glen Park,31,Yorkdale-Glen Park (31),D13,625081.557,4841439.201
2176,4237977,998916,7/2/2007 8:00:00 AM,142,BAYVIEW AVE,POTTERY RD,,Major Arterial,North York,43.687945,-79.36359,At Intersection,Traffic Signal,Clear,Dark,Dry,Non-Fatal Injury,Turning Movement,Motorcycle Driver,35 to 39,Major,,North,Motorcycle,Going Ahead,Disobeyed Traffic Control,Unknown,,,,,,,,,Yes,Yes,,,,Yes,Yes,Yes,Yes,,,56,Leaside-Bennington,56,Leaside-Bennington (56),D53,631884.5243,4838514.6536
2177,4237978,998916,7/2/2007 8:00:00 AM,142,BAYVIEW AVE,POTTERY RD,,Major Arterial,North York,43.687945,-79.36359,At Intersection,Traffic Signal,Clear,Dark,Dry,Non-Fatal Injury,Turning Movement,Passenger,50 to 54,Major,,,Other,,,,,,,,,,,,Yes,Yes,,,,Yes,Yes,Yes,Yes,,,56,Leaside-Bennington,56,Leaside-Bennington (56),D53,631884.5243,4838514.6536
2178,4237979,998916,7/2/2007 8:00:00 AM,142,BAYVIEW AVE,POTTERY RD,,Major Arterial,North York,43.687945,-79.36359,At Intersection,Traffic Signal,Clear,Dark,Dry,Non-Fatal Injury,Turning Movement,Vehicle Owner,unknown,,,,Other,,,,,,,,,,,,Yes,Yes,,,,Yes,Yes,Yes,Yes,,,56,Leaside-Bennington,56,Leaside-Bennington (56),D53,631884.5243,4838514.6536
2179,4237980,998916,7/2/2007 8:00:00 AM,142,BAYVIEW AVE,POTTERY RD,,Major Arterial,North York,43.687945,-79.36359,At Intersection,Traffic Signal,Clear,Dark,Dry,Non-Fatal Injury,Turning Movement,Driver,45 to 49,None,,South,"Automobile, Station Wagon",Turning Left,Driving Properly,Normal,,,,,,,,,Yes,Yes,,,,Yes,Yes,Yes,Yes,,,56,Leaside-Bennington,56,Leaside-Bennington (56),D53,631884.5243,4838514.6536
2180,4188527,977612,7/2/2007 8:00:00 AM,1120,WESTON RD,LAWRENCE AVE W,,Major Arterial,Etobicoke York,43.700144,-79.516193,At Intersection,Traffic Signal,Clear,Daylight,Dry,Non-Fatal Injury,Cyclist Collisions,Driver,80 to 84,Minimal,,West,"Automobile, Station Wagon",Turning Right,Driving Properly,Inattentive,,,,,,,,Yes,Yes,,,,,,,,,,,113,Weston,113,Weston (113),D12,619561.3136,4839638.1427
2181,4188528,977612,7/2/2007 8:00:00 AM,1120,WESTON RD,LAWRENCE AVE W,,Major Arterial,Etobicoke York,43.700144,-79.516193,At Intersection,Traffic Signal,Clear,Daylight,Dry,Non-Fatal Injury,Cyclist Collisions,Cyclist,80 to 84,Major,,West,Bicycle,Going Ahead,,,,,,Motorist turning right on green or amber at signalized intersection strikes cyclist.,,,,Yes,Yes,,,,,,,,,,,113,Weston,113,Weston (113),D12,619561.3136,4839638.1427
2182,4199537,982327,7/2/2007 8:00:00 AM,2042,ELLESMERE Road,MILITARY Trai,,Minor Arterial,Scarborough,43.786545,-79.18829,At Intersection,Traffic Signal,Clear,Dark,Dry,Non-Fatal Injury,Turning Movement,Driver,35 to 39,Major,,West,"Automobile, Station Wagon",Going Ahead,Disobeyed Traffic Control,Inattentive,,,,,,,,,Yes,,,,,Yes,,Yes,Yes,,,134,Highland Creek,134,Highland Creek (134),D43,645773.3221,4849759.4181
2183,4199538,982327,7/2/2007 8:00:00 AM,2042,ELLESMERE Road,MILITARY Trai,,Minor Arterial,Scarborough,43.786545,-79.18829,At Intersection,Traffic Signal,Clear,Dark,Dry,Non-Fatal Injury,Turning Movement,Passenger,15 to 19,Minor,,,Other,,,,,,,,,,,,Yes,,,,,Yes,,Yes,Yes,,,134,Highland Creek,134,Highland Creek (134),D43,645773.3221,4849759.4181
2184,4199539,982327,7/2/2007 8:00:00 AM,2042,ELLESMERE Road,MILITARY Trai,,Minor Arterial,Scarborough,43.786545,-79.18829,At Intersection,Traffic Signal,Clear,Dark,Dry,Non-Fatal Injury,Turning Movement,Vehicle Owner,unknown,,,,Other,,,,,,,,,,,,Yes,,,,,Yes,,Yes,Yes,,,134,Highland Creek,134,Highland Creek (134),D43,645773.3221,4849759.4181
2185,4199540,982327,7/2/2007 8:00:00 AM,2042,ELLESMERE Road,MILITARY Trai,,Minor Arterial,Scarborough,43.786545,-79.18829,At Intersection,Traffic Signal,Clear,Dark,Dry,Non-Fatal Injury,Turning Movement,Driver,15 to 19,Minor,,South,"Automobile, Station Wagon",Turning Left,Driving Properly,Normal,,,,,,,,,Yes,,,,,Yes,,Yes,Yes,,,134,Highland Creek,134,Highland Creek (134),D43,645773.3221,4849759.4181
2186,4188586,977635,7/3/2007 8:00:00 AM,1101,BAYVIEW Ave,401 C E BAYVIEW RAMP E,,Major Arterial,North York,43.761845,-79.38679,At Intersection,Traffic Signal,Clear,Daylight,Dry,Non-Fatal Injury,Turning Movement,Passenger,85 to 89,Major,,,Other,,,,,,,,,,,,Yes,,,,,Yes,,Yes,Yes,,,40,St.Andrew-Windfields,40,St.Andrew-Windfields (40),D33,629854.9553,4846685.6805
2187,4188587,977635,7/3/2007 8:00:00 AM,1101,BAYVIEW Ave,401 C E BAYVIEW RAMP E,,Major Arterial,North York,43.761845,-79.38679,At Intersection,Traffic Signal,Clear,Daylight,Dry,Non-Fatal Injury,Turning Movement,Vehicle Owner,unknown,None,,,Other,,,,,,,,,,,,Yes,,,,,Yes,,Yes,Yes,,,40,St.Andrew-Windfields,40,St.Andrew-Windfields (40),D33,629854.9553,4846685.6805
2188,4188588,977635,7/3/2007 8:00:00 AM,1101,BAYVIEW Ave,401 C E BAYVIEW RAMP E,,Major Arterial,North York,43.761845,-79.38679,At Intersection,Traffic Signal,Clear,Daylight,Dry,Non-Fatal Injury,Turning Movement,Driver,65 to 69,Minor,,East,"Automobile, Station Wagon",Turning Left,Driving Properly,Normal,,,,,,,,,Yes,,,,,Yes,,Yes,Yes,,,40,St.Andrew-Windfields,40,St.Andrew-Windfields (40),D33,629854.9553,4846685.6805
2189,4188589,977635,7/3/2007 8:00:00 AM,1101,BAYVIEW Ave,401 C E BAYVIEW RAMP E,,Major Arterial,North York,43.761845,-79.38679,At Intersection,Traffic Signal,Clear,Daylight,Dry,Non-Fatal Injury,Turning Movement,Passenger,45 to 49,None,,,Other,,,,,,,,,,,,Yes,,,,,Yes,,Yes,Yes,,,40,St.Andrew-Windfields,40,St.Andrew-Windfields (40),D33,629854.9553,4846685.6805
2190,4188590,977635,7/3/2007 8:00:00 AM,1101,BAYVIEW Ave,401 C E BAYVIEW RAMP E,,Major Arterial,North York,43.761845,-79.38679,At Intersection,Traffic Signal,Clear,Daylight,Dry,Non-Fatal Injury,Turning Movement,Vehicle Owner,unknown,None,,,"Automobile, Station Wagon",,,,,,,,,,,,Yes,,,,,Yes,,Yes,Yes,,,40,St.Andrew-Windfields,40,St.Andrew-Windfields (40),D33,629854.9553,4846685.6805
2191,4188591,977635,7/3/2007 8:00:00 AM,1101,BAYVIEW Ave,401 C E BAYVIEW RAMP E,,Major Arterial,North York,43.761845,-79.38679,At Intersection,Traffic Signal,Clear,Daylight,Dry,Non-Fatal Injury,Turning Movement,Driver,55 to 59,None,,North,"Automobile, Station Wagon",Stopped,Driving Properly,Normal,,,,,,,,,Yes,,,,,Yes,,Yes,Yes,,,40,St.Andrew-Windfields,40,St.Andrew-Windfields (40),D33,629854.9553,4846685.6805
2192,4188592,977635,7/3/2007 8:00:00 AM,1101,BAYVIEW Ave,401 C E BAYVIEW RAMP E,,Major Arterial,North York,43.761845,-79.38679,At Intersection,Traffic Signal,Clear,Daylight,Dry,Non-Fatal Injury,Turning Movement,Driver,50 to 54,Minor,,South,"Automobile, Station Wagon",Going Ahead,Disobeyed Traffic Control,Normal,,,,,,,,,Yes,,,,,Yes,,Yes,Yes,,,40,St.Andrew-Windfields,40,St.Andrew-Windfields (40),D33,629854.9553,4846685.6805
2193,4188593,977635,7/3/2007 8:00:00 AM,1101,BAYVIEW Ave,401 C E BAYVIEW RAMP E,,Major Arterial,North York,43.761845,-79.38679,At Intersection,Traffic Signal,Clear,Daylight,Dry,Non-Fatal Injury,Turning Movement,Vehicle Owner,unknown,None,,,Other,,,,,,,,,,,,Yes,,,,,Yes,,Yes,Yes,,,40,St.Andrew-Windfields,40,St.Andrew-Windfields (40),D33,629854.9553,4846685.6805
2194,4188594,977635,7/3/2007 8:00:00 AM,1101,BAYVIEW Ave,401 C E BAYVIEW RAMP E,,Major Arterial,North York,43.761845,-79.38679,At Intersection,Traffic Signal,Clear,Daylight,Dry,Non-Fatal Injury,Turning Movement,Driver,45 to 49,None,,North,"Automobile, Station Wagon",Stopped,Driving Properly,Normal,,,,,,,,,Yes,,,,,Yes,,Yes,Yes,,,40,St.Andrew-Windfields,40,St.Andrew-Windfields (40),D33,629854.9553,4846685.6805
2195,4188595,977635,7/3/2007 8:00:00 AM,1101,BAYVIEW Ave,401 C E BAYVIEW RAMP E,,Major Arterial,North York,43.761845,-79.38679,At Intersection,Traffic Signal,Clear,Daylight,Dry,Non-Fatal Injury,Turning Movement,Other Property Owner,unknown,None,,,Other,,,,,,,,,,,,Yes,,,,,Yes,,Yes,Yes,,,40,St.Andrew-Windfields,40,St.Andrew-Windfields (40),D33,629854.9553,4846685.6805
2196,4199729,982399,7/3/2007 8:00:00 AM,1730,KEELE Stre,LAWRENCE Aven W,,Major Arterial,Etobicoke York,43.708645,-79.47809,At Intersection,Traffic Signal,Clear,Daylight,Dry,Non-Fatal Injury,Rear End,Vehicle Owner,unknown,None,,,Other,,,,,,,,,,,,Yes,,,,,,,Yes,,,,30,Brookhaven-Amesbury,29,Maple Leaf (29),D12,622614.248,4840637.9479
2197,4199730,982399,7/3/2007 8:00:00 AM,1730,KEELE Stre,LAWRENCE Aven W,,Major Arterial,Etobicoke York,43.708645,-79.47809,At Intersection,Traffic Signal,Clear,Daylight,Dry,Non-Fatal Injury,Rear End,Driver,15 to 19,None,,South,"Automobile, Station Wagon",Going Ahead,Following too Close,Normal,,,,,,,,,Yes,,,,,,,Yes,,,,30,Brookhaven-Amesbury,29,Maple Leaf (29),D12,622614.248,4840637.9479
2198,4199731,982399,7/3/2007 8:00:00 AM,1730,KEELE Stre,LAWRENCE Aven W,,Major Arterial,Etobicoke York,43.708645,-79.47809,At Intersection,Traffic Signal,Clear,Daylight,Dry,Non-Fatal Injury,Rear End,Driver,35 to 39,Major,,South,"Automobile, Station Wagon",Stopped,Driving Properly,Normal,,,,,,,,,Yes,,,,,,,Yes,,,,30,Brookhaven-Amesbury,29,Maple Leaf (29),D12,622614.248,4840637.9479
2199,4200211,982600,7/4/2007 8:00:00 AM,2020,DUFFERIN ST,BEAVER AVE,,Major Arterial,Toronto and East York,43.672145,-79.44059,At Intersection,Stop Sign,Clear,Daylight,Dry,Non-Fatal Injury,Turning Movement,Passenger,10 to 14,Minimal,,,Other,,,,,,,,,,,,Yes,,,,,Yes,,,,,,171,Junction-Wallace Emerson,93,Dovercourt-Wallace Emerson-Junction (93),D13,625711.7332,4836640.2733
2200,4200212,982600,7/4/2007 8:00:00 AM,2020,DUFFERIN ST,BEAVER AVE,,Major Arterial,Toronto and East York,43.672145,-79.44059,At Intersection,Stop Sign,Clear,Daylight,Dry,Non-Fatal Injury,Turning Movement,Driver,25 to 29,Major,,South,"Automobile, Station Wagon",Going Ahead,Driving Properly,Normal,,,,,,,,,Yes,,,,,Yes,,,,,,171,Junction-Wallace Emerson,93,Dovercourt-Wallace Emerson-Junction (93),D13,625711.7332,4836640.2733
2201,4200213,982600,7/4/2007 8:00:00 AM,2020,DUFFERIN ST,BEAVER AVE,,Major Arterial,Toronto and East York,43.672145,-79.44059,At Intersection,Stop Sign,Clear,Daylight,Dry,Non-Fatal Injury,Turning Movement,Passenger,5 to 9,Minimal,,,Other,,,,,,,,,,,,Yes,,,,,Yes,,,,,,171,Junction-Wallace Emerson,93,Dovercourt-Wallace Emerson-Junction (93),D13,625711.7332,4836640.2733
2202,4200214,982600,7/4/2007 8:00:00 AM,2020,DUFFERIN ST,BEAVER AVE,,Major Arterial,Toronto and East York,43.672145,-79.44059,At Intersection,Stop Sign,Clear,Daylight,Dry,Non-Fatal Injury,Turning Movement,Driver,40 to 44,Minimal,,East,"Automobile, Station Wagon",Turning Left,Improper Turn,Inattentive,,,,,,,,,Yes,,,,,Yes,,,,,,171,Junction-Wallace Emerson,93,Dovercourt-Wallace Emerson-Junction (93),D13,625711.7332,4836640.2733
2203,4200235,982611,7/4/2007 8:00:00 AM,2038,PARKSIDE DR,GARDEN AVE,,Major Arterial,Toronto and East York,43.641945,-79.45499,,No Control,Clear,Daylight,Wet,Non-Fatal Injury,Pedestrian Collisions,Driver,35 to 39,None,,North,"Automobile, Station Wagon",Slowing or Stopping,Driving Properly,Normal,,,,,,,Yes,,Yes,,,,,,,,,,,87,High Park-Swansea,87,High Park-Swansea (87),D11,624613.3205,4833264.4474
2204,4200236,982611,7/4/2007 8:00:00 AM,2038,PARKSIDE DR,GARDEN AVE,,Major Arterial,Toronto and East York,43.641945,-79.45499,,No Control,Clear,Daylight,Wet,Non-Fatal Injury,Pedestrian Collisions,Pedestrian,30 to 34,Major,,East,Other,,,,Vehicle hits the pedestrian walking or running out from between parked vehicles at mid-block,Running onto Roadway,"Ability Impaired, Alcohol",,,,Yes,,Yes,,,,,,,,,,,87,High Park-Swansea,87,High Park-Swansea (87),D11,624613.3205,4833264.4474
2205,4189763,978116,7/5/2007 8:00:00 AM,530,BRAYMORE BLVD,BLACKTOFT DR,,Collector,Scarborough,43.803145,-79.17689,,No Control,"Fog, Mist, Smoke, Dust",Dark,Dry,Fatal,SMV Other,Passenger,15 to 19,Minor,,,Other,,,,,,,,,,,,Yes,,,,,Yes,,,,,,143,West Rouge,131,Rouge (131),D42,646649.9828,4851623.2578
2206,4189764,978116,7/5/2007 8:00:00 AM,530,BRAYMORE BLVD,BLACKTOFT DR,,Collector,Scarborough,43.803145,-79.17689,,No Control,"Fog, Mist, Smoke, Dust",Dark,Dry,Fatal,SMV Other,Driver,15 to 19,Fatal,,North,"Automobile, Station Wagon",Going Ahead,Lost control,Had Been Drinking,,,,,,,,,Yes,,,,,Yes,,,,,,143,West Rouge,131,Rouge (131),D42,646649.9828,4851623.2578
2207,4189765,978116,7/5/2007 8:00:00 AM,530,BRAYMORE BLVD,BLACKTOFT DR,,Collector,Scarborough,43.803145,-79.17689,,No Control,"Fog, Mist, Smoke, Dust",Dark,Dry,Fatal,SMV Other,Other,55 to 59,None,,East,Other,Parked,,,,,,,,,,,Yes,,,,,Yes,,,,,,143,West Rouge,131,Rouge (131),D42,646649.9828,4851623.2578
2208,4200742,982822,7/6/2007 8:00:00 AM,1045,STEELES AVE E,REESOR RD,,Minor Arterial,Scarborough,43.848445,-79.19929,At Intersection,Traffic Signal,Clear,Daylight,Dry,Non-Fatal Injury,Turning Movement,Driver,25 to 29,Minor,,East,"Automobile, Station Wagon",Turning Left,Improper Turn,Normal,,,,,,,,,Yes,,,,,,,Yes,,,,144,Morningside Heights,131,Rouge (131),D42,644738.5835,4856615.1248
2209,4200743,982822,7/6/2007 8:00:00 AM,1045,STEELES AVE E,REESOR RD,,Minor Arterial,Scarborough,43.848445,-79.19929,At Intersection,Traffic Signal,Clear,Daylight,Dry,Non-Fatal Injury,Turning Movement,Driver,25 to 29,Major,,West,"Automobile, Station Wagon",Going Ahead,Driving Properly,Normal,,,,,,,,,Yes,,,,,,,Yes,,,,144,Morningside Heights,131,Rouge (131),D42,644738.5835,4856615.1248
2210,4208531,986221,7/7/2007 8:00:00 AM,316,COLLEGE ST,BRUNSWICK AVE,,Major Arterial,Toronto and East York,43.657245,-79.40379,,No Control,Clear,Dark,Dry,Non-Fatal Injury,Pedestrian Collisions,Driver,20 to 24,None,,East,"Automobile, Station Wagon",Going Ahead,Driving Properly,Normal,,,,,,,Yes,,Yes,,,,,,,,,,,78,Kensington-Chinatown,78,Kensington-Chinatown (78),D14,628710.2311,4835041.8577
2211,4208532,986221,7/7/2007 8:00:00 AM,316,COLLEGE ST,BRUNSWICK AVE,,Major Arterial,Toronto and East York,43.657245,-79.40379,,No Control,Clear,Dark,Dry,Non-Fatal Injury,Pedestrian Collisions,Pedestrian,55 to 59,Major,,,Other,,,,Vehicle is going straight thru inter.while ped cross without ROW,"Crossing, no Traffic Control",Unknown,,,,Yes,,Yes,,,,,,,,,,,78,Kensington-Chinatown,78,Kensington-Chinatown (78),D14,628710.2311,4835041.8577
2212,4201809,983259,7/8/2007 8:00:00 AM,1030,DUNDAS ST W,SORAUREN AVE,,Minor Arterial,Toronto and East York,43.651145,-79.44529,At Intersection,Traffic Signal,Rain,Daylight,Wet,Non-Fatal Injury,SMV Other,Motorcycle Driver,45 to 49,Major,,West,Motorcycle,Going Ahead,Lost control,Normal,,,,,,,,,,Yes,,,,,,,,,,86,Roncesvalles,86,Roncesvalles (86),D11,625376.5436,4834300.8351
2213,4201848,983273,7/8/2007 8:00:00 AM,2051,EGLINTON AVE W,ISLINGTON AVE,,Major Arterial,Etobicoke York,43.680945,-79.53369,,No Control,Rain,Dusk,Wet,Non-Fatal Injury,Sideswipe,Driver,45 to 49,Major,,West,"Automobile, Station Wagon",Going Ahead,Driving Properly,Normal,,,,,,,,,Yes,,,,,,,Yes,,,,7,Willowridge-Martingrove-Richview,7,Willowridge-Martingrove-Richview (7),D23,618189.1429,4837480.753
2214,4201849,983273,7/8/2007 8:00:00 AM,2051,EGLINTON AVE W,ISLINGTON AVE,,Major Arterial,Etobicoke York,43.680945,-79.53369,,No Control,Rain,Dusk,Wet,Non-Fatal Injury,Sideswipe,Driver,55 to 59,None,,East,"Automobile, Station Wagon",Changing Lanes,Following too Close,Unknown,,,,,,,,,Yes,,,,,,,Yes,,,,7,Willowridge-Martingrove-Richview,7,Willowridge-Martingrove-Richview (7),D23,618189.1429,4837480.753
2215,4201850,983273,7/8/2007 8:00:00 AM,2051,EGLINTON AVE W,ISLINGTON AVE,,Major Arterial,Etobicoke York,43.680945,-79.53369,,No Control,Rain,Dusk,Wet,Non-Fatal Injury,Sideswipe,Driver,20 to 24,None,,West,"Automobile, Station Wagon",Stopped,Driving Properly,Normal,,,,,,,,,Yes,,,,,,,Yes,,,,7,Willowridge-Martingrove-Richview,7,Willowridge-Martingrove-Richview (7),D23,618189.1429,4837480.753
2216,4192981,979559,7/10/2007 8:00:00 AM,2227,ALBION RD,MARTIN GROVE RD,,Major Arterial,Etobicoke York,43.741945,-79.59419,At Intersection,Traffic Signal,Clear,Dark,Dry,Non-Fatal Injury,Angle,Vehicle Owner,unknown,None,,,Other,,,,,,,,,,,,Yes,,,,,Yes,Yes,Yes,Yes,,,2,Mount Olive-Silverstone-Jamestown,2,Mount Olive-Silverstone-Jamestown (2),D23,613197.7282,4844171.2077
2217,4192982,979559,7/10/2007 8:00:00 AM,2227,ALBION RD,MARTIN GROVE RD,,Major Arterial,Etobicoke York,43.741945,-79.59419,At Intersection,Traffic Signal,Clear,Dark,Dry,Non-Fatal Injury,Angle,Passenger,25 to 29,None,,,Other,,,,,,,,,,,,Yes,,,,,Yes,Yes,Yes,Yes,,,2,Mount Olive-Silverstone-Jamestown,2,Mount Olive-Silverstone-Jamestown (2),D23,613197.7282,4844171.2077
2218,4192983,979559,7/10/2007 8:00:00 AM,2227,ALBION RD,MARTIN GROVE RD,,Major Arterial,Etobicoke York,43.741945,-79.59419,At Intersection,Traffic Signal,Clear,Dark,Dry,Non-Fatal Injury,Angle,Passenger,20 to 24,None,,,Other,,,,,,,,,,,,Yes,,,,,Yes,Yes,Yes,Yes,,,2,Mount Olive-Silverstone-Jamestown,2,Mount Olive-Silverstone-Jamestown (2),D23,613197.7282,4844171.2077
2219,4192984,979559,7/10/2007 8:00:00 AM,2227,ALBION RD,MARTIN GROVE RD,,Major Arterial,Etobicoke York,43.741945,-79.59419,At Intersection,Traffic Signal,Clear,Dark,Dry,Non-Fatal Injury,Angle,Driver,20 to 24,Minimal,,South,"Automobile, Station Wagon",Unknown,Disobeyed Traffic Control,Inattentive,,,,,,,,,Yes,,,,,Yes,Yes,Yes,Yes,,,2,Mount Olive-Silverstone-Jamestown,2,Mount Olive-Silverstone-Jamestown (2),D23,613197.7282,4844171.2077
2220,4192985,979559,7/10/2007 8:00:00 AM,2227,ALBION RD,MARTIN GROVE RD,,Major Arterial,Etobicoke York,43.741945,-79.59419,At Intersection,Traffic Signal,Clear,Dark,Dry,Non-Fatal Injury,Angle,Vehicle Owner,unknown,None,,,Other,,,,,,,,,,,,Yes,,,,,Yes,Yes,Yes,Yes,,,2,Mount Olive-Silverstone-Jamestown,2,Mount Olive-Silverstone-Jamestown (2),D23,613197.7282,4844171.2077
2221,4192986,979559,7/10/2007 8:00:00 AM,2227,ALBION RD,MARTIN GROVE RD,,Major Arterial,Etobicoke York,43.741945,-79.59419,At Intersection,Traffic Signal,Clear,Dark,Dry,Non-Fatal Injury,Angle,Driver,25 to 29,Major,,West,"Automobile, Station Wagon",Going Ahead,Exceeding Speed Limit,Unknown,,,,,,,,,Yes,,,,,Yes,Yes,Yes,Yes,,,2,Mount Olive-Silverstone-Jamestown,2,Mount Olive-Silverstone-Jamestown (2),D23,613197.7282,4844171.2077
2222,4202898,983732,7/11/2007 8:00:00 AM,1827,IRWIN RD,TURPIN AVE,,Local,Etobicoke York,43.725745,-79.55579,,No Control,Clear,Daylight,Dry,Non-Fatal Injury,Rear End,Passenger,20 to 24,Major,,,Other,,,,,,,,,,,,Yes,,,,,Yes,,Yes,,,,5,Elms-Old Rexdale,5,Elms-Old Rexdale (5),D23,616321.1283,4842425.1499