OBJECTID,INDEX,ACCNUM,DATE,TIME,STREET1,STREET2,OFFSET,ROAD_CLASS,DISTRICT,LATITUDE,LONGITUDE,ACCLOC,TRAFFCTL,VISIBILITY,LIGHT,RDSFCOND,ACCLASS,IMPACTYPE,INVTYPE,INVAGE,INJURY,FATAL_NO,INITDIR,VEHTYPE,MANOEUVER,DRIVACT,DRIVCOND,PEDTYPE,PEDACT,PEDCOND,CYCLISTYPE,CYCACT,CYCCOND,PEDESTRIAN,CYCLIST,AUTOMOBILE,MOTORCYCLE,TRUCK,TRSN_CITY_VEH,EMERG_VEH,PASSENGER,SPEEDING,AG_DRIV,REDLIGHT,ALCOHOL,DISABILITY,HOOD_158,NEIGHBOURHOOD_158,HOOD_140,NEIGHBOURHOOD_140,DIVISION,x,y
2223,4202899,983732,7/11/2007 8:00:00 AM,1827,IRWIN RD,TURPIN AVE,,Local,Etobicoke York,43.725745,-79.55579,,No Control,Clear,Daylight,Dry,Non-Fatal Injury,Rear End,Driver,25 to 29,None,,West,"Automobile, Station Wagon",Going Ahead,Driving Properly,Normal,,,,,,,,,Yes,,,,,Yes,,Yes,,,,5,Elms-Old Rexdale,5,Elms-Old Rexdale (5),D23,616321.1283,4842425.1499
2224,4202900,983732,7/11/2007 8:00:00 AM,1827,IRWIN RD,TURPIN AVE,,Local,Etobicoke York,43.725745,-79.55579,,No Control,Clear,Daylight,Dry,Non-Fatal Injury,Rear End,Driver,25 to 29,None,,West,"Automobile, Station Wagon",Going Ahead,Following too Close,Normal,,,,,,,,,Yes,,,,,Yes,,Yes,,,,5,Elms-Old Rexdale,5,Elms-Old Rexdale (5),D23,616321.1283,4842425.1499
2225,4405785,979400,7/11/2007 8:00:00 AM,2013,MCCOWAN RD,BRIDLEGROVE DR,,Minor Arterial,Scarborough,43.735245,-79.23669,,No Control,Clear,Daylight,Dry,Fatal,Pedestrian Collisions,Driver,55 to 59,None,,South,"Automobile, Station Wagon",Going Ahead,Lost control,"Ability Impaired, Alcohol Over .08",,,,,,,Yes,,Yes,,,,,,,,,Yes,,123,Cliffcrest,123,Cliffcrest (123),D43,642000.246,4843977.6594
2226,4405786,979400,7/11/2007 8:00:00 AM,2013,MCCOWAN RD,BRIDLEGROVE DR,,Minor Arterial,Scarborough,43.735245,-79.23669,,No Control,Clear,Daylight,Dry,Fatal,Pedestrian Collisions,Pedestrian,0 to 4,Major,,South,Other,,,,Pedestrian hit on sidewalk or shoulder,On Sidewalk or Shoulder,Normal,,,,Yes,,Yes,,,,,,,,,Yes,,123,Cliffcrest,123,Cliffcrest (123),D43,642000.246,4843977.6594
2227,4405787,979400,7/11/2007 8:00:00 AM,2013,MCCOWAN RD,BRIDLEGROVE DR,,Minor Arterial,Scarborough,43.735245,-79.23669,,No Control,Clear,Daylight,Dry,Fatal,Pedestrian Collisions,Pedestrian,35 to 39,Fatal,,South,Other,,,,Pedestrian hit on sidewalk or shoulder,On Sidewalk or Shoulder,Normal,,,,Yes,,Yes,,,,,,,,,Yes,,123,Cliffcrest,123,Cliffcrest (123),D43,642000.246,4843977.6594
2228,4202817,983702,7/11/2007 8:00:00 AM,2157,EGLINTON AVE W,WIDDICOMBE HILL BLVD,,Major Arterial,Etobicoke York,43.675645,-79.55769,At Intersection,Traffic Controller,Clear,Dark,Dry,Non-Fatal Injury,Turning Movement,Vehicle Owner,unknown,None,,,Other,,,,,,,,,,,,Yes,,,,,,,,,,,7,Willowridge-Martingrove-Richview,7,Willowridge-Martingrove-Richview (7),D23,616264.889,4836858.1988
2229,4202818,983702,7/11/2007 8:00:00 AM,2157,EGLINTON AVE W,WIDDICOMBE HILL BLVD,,Major Arterial,Etobicoke York,43.675645,-79.55769,At Intersection,Traffic Controller,Clear,Dark,Dry,Non-Fatal Injury,Turning Movement,Driver,25 to 29,Major,,South,"Automobile, Station Wagon",Going Ahead,Driving Properly,Normal,,,,,,,,,Yes,,,,,,,,,,,7,Willowridge-Martingrove-Richview,7,Willowridge-Martingrove-Richview (7),D23,616264.889,4836858.1988
2230,4202819,983702,7/11/2007 8:00:00 AM,2157,EGLINTON AVE W,WIDDICOMBE HILL BLVD,,Major Arterial,Etobicoke York,43.675645,-79.55769,At Intersection,Traffic Controller,Clear,Dark,Dry,Non-Fatal Injury,Turning Movement,Vehicle Owner,unknown,None,,,Other,,,,,,,,,,,,Yes,,,,,,,,,,,7,Willowridge-Martingrove-Richview,7,Willowridge-Martingrove-Richview (7),D23,616264.889,4836858.1988
2231,4202820,983702,7/11/2007 8:00:00 AM,2157,EGLINTON AVE W,WIDDICOMBE HILL BLVD,,Major Arterial,Etobicoke York,43.675645,-79.55769,At Intersection,Traffic Controller,Clear,Dark,Dry,Non-Fatal Injury,Turning Movement,Driver,20 to 24,None,,North,"Automobile, Station Wagon",Turning Left,Improper Turn,Normal,,,,,,,,,Yes,,,,,,,,,,,7,Willowridge-Martingrove-Richview,7,Willowridge-Martingrove-Richview (7),D23,616264.889,4836858.1988
2232,4235487,997814,7/12/2007 8:00:00 AM,1929,ST CLAIR AVE E,WARDEN AVE,,Major Arterial,Scarborough,43.712045,-79.28099,At Intersection,Traffic Signal,Clear,Daylight,Dry,Non-Fatal Injury,Pedestrian Collisions,Driver,35 to 39,None,,North,"Automobile, Station Wagon",Turning Left,Failed to Yield Right of Way,Inattentive,,,,,,,Yes,,Yes,,,,,,,Yes,,,,120,Clairlea-Birchmount,120,Clairlea-Birchmount (120),D41,638486.152,4841325.9859
2233,4235488,997814,7/12/2007 8:00:00 AM,1929,ST CLAIR AVE E,WARDEN AVE,,Major Arterial,Scarborough,43.712045,-79.28099,At Intersection,Traffic Signal,Clear,Daylight,Dry,Non-Fatal Injury,Pedestrian Collisions,Pedestrian,40 to 44,Major,,North,Other,,,,Vehicle turns left while ped crosses with ROW at inter.,Crossing with right of way,Normal,,,,Yes,,Yes,,,,,,,Yes,,,,120,Clairlea-Birchmount,120,Clairlea-Birchmount (120),D41,638486.152,4841325.9859
2234,4193006,979564,7/12/2007 8:00:00 AM,2155,BATHURST ST,BROWNS LANE W,,Major Arterial,Toronto and East York,43.644745,-79.40299,At Intersection,No Control,Clear,Dark,Dry,Non-Fatal Injury,Pedestrian Collisions,Vehicle Owner,unknown,None,,,Other,,,,,,,,,,Yes,,Yes,,,,,,,,,,,164,Wellington Place,77,Waterfront Communities-The Island (77),D14,628801.457,4833654.8106
2235,4193007,979564,7/12/2007 8:00:00 AM,2155,BATHURST ST,BROWNS LANE W,,Major Arterial,Toronto and East York,43.644745,-79.40299,At Intersection,No Control,Clear,Dark,Dry,Non-Fatal Injury,Pedestrian Collisions,Driver,45 to 49,None,,South,"Automobile, Station Wagon",Going Ahead,Driving Properly,,,,,,,,Yes,,Yes,,,,,,,,,,,164,Wellington Place,77,Waterfront Communities-The Island (77),D14,628801.457,4833654.8106
2236,4193008,979564,7/12/2007 8:00:00 AM,2155,BATHURST ST,BROWNS LANE W,,Major Arterial,Toronto and East York,43.644745,-79.40299,At Intersection,No Control,Clear,Dark,Dry,Non-Fatal Injury,Pedestrian Collisions,Pedestrian,55 to 59,Major,,West,Other,,,,Pedestrian hit at mid-block,Running onto Roadway,Inattentive,,,,Yes,,Yes,,,,,,,,,,,164,Wellington Place,77,Waterfront Communities-The Island (77),D14,628801.457,4833654.8106
2237,4192800,979478,7/14/2007 8:00:00 AM,925,391 ALTON TOWERS CRCL,,,Collector,Scarborough,43.822245,-79.27519,,No Control,Clear,Daylight,Dry,Non-Fatal Injury,Pedestrian Collisions,Pedestrian,5 to 9,Major,,,Other,,,,Pedestrian hit at mid-block,Walking on Roadway with Traffic,Unknown,,,,Yes,,Yes,,,,,,,,,,,130,Milliken,130,Milliken (130),D42,638698.4695,4853575.1086
2238,4192801,979478,7/14/2007 8:00:00 AM,925,391 ALTON TOWERS CRCL,,,Collector,Scarborough,43.822245,-79.27519,,No Control,Clear,Daylight,Dry,Non-Fatal Injury,Pedestrian Collisions,Driver,40 to 44,None,,West,"Automobile, Station Wagon",Other,Other,Inattentive,,,,,,,Yes,,Yes,,,,,,,,,,,130,Milliken,130,Milliken (130),D42,638698.4695,4853575.1086
2239,4273782,979549,7/15/2007 8:00:00 AM,430,THE QUEENSWAY,SOUTHPORT ST,,Major Arterial,Toronto and East York,43.637145,-79.47029,At Intersection,No Control,Clear,Dark,Dry,Non-Fatal Injury,SMV Other,Passenger,55 to 59,Minor,,,Other,,,,,,,,,,,,Yes,,,,,Yes,,Yes,,,,87,High Park-Swansea,87,High Park-Swansea (87),D11,623389.107,4832708.4889
2240,4273783,979549,7/15/2007 8:00:00 AM,430,THE QUEENSWAY,SOUTHPORT ST,,Major Arterial,Toronto and East York,43.637145,-79.47029,At Intersection,No Control,Clear,Dark,Dry,Non-Fatal Injury,SMV Other,Vehicle Owner,unknown,,,,Other,,,,,,,,,,,,Yes,,,,,Yes,,Yes,,,,87,High Park-Swansea,87,High Park-Swansea (87),D11,623389.107,4832708.4889
2241,4273784,979549,7/15/2007 8:00:00 AM,430,THE QUEENSWAY,SOUTHPORT ST,,Major Arterial,Toronto and East York,43.637145,-79.47029,At Intersection,No Control,Clear,Dark,Dry,Non-Fatal Injury,SMV Other,Driver,35 to 39,Major,,West,"Automobile, Station Wagon",Going Ahead,Disobeyed Traffic Control,Unknown,,,,,,,,,Yes,,,,,Yes,,Yes,,,,87,High Park-Swansea,87,High Park-Swansea (87),D11,623389.107,4832708.4889
2242,4204367,984365,7/15/2007 8:00:00 AM,1830,DUNDAS ST W,COLLEGE ST,,Minor Arterial,Toronto and East York,43.650245,-79.44099,At Intersection,Stop Sign,Clear,Daylight,Dry,Non-Fatal Injury,SMV Other,Moped Driver,50 to 54,Major,,East,Moped,Turning Left,Lost control,Normal,,,,,,,,Yes,,,,,,,,,,,,84,Little Portugal,84,Little Portugal (84),D11,625725.1898,4834207.3841
2243,4204408,984384,7/16/2007 8:00:00 AM,2230,SEWELLS RD,OLD FINCH AVE,,Collector,Scarborough,43.825245,-79.19959,At Intersection,Stop Sign,Clear,Dark,Dry,Non-Fatal Injury,Turning Movement,Passenger,45 to 49,Minor,,,Other,,,,,,,,,,,,Yes,,Yes,,,Yes,,,,,,144,Morningside Heights,131,Rouge (131),D42,644770.5682,4854037.8474
2244,4204409,984384,7/16/2007 8:00:00 AM,2230,SEWELLS RD,OLD FINCH AVE,,Collector,Scarborough,43.825245,-79.19959,At Intersection,Stop Sign,Clear,Dark,Dry,Non-Fatal Injury,Turning Movement,Truck Driver,25 to 29,Major,,North,Truck - Open,Going Ahead,Driving Properly,Normal,,,,,,,,,Yes,,Yes,,,Yes,,,,,,144,Morningside Heights,131,Rouge (131),D42,644770.5682,4854037.8474
2245,4204410,984384,7/16/2007 8:00:00 AM,2230,SEWELLS RD,OLD FINCH AVE,,Collector,Scarborough,43.825245,-79.19959,At Intersection,Stop Sign,Clear,Dark,Dry,Non-Fatal Injury,Turning Movement,Driver,30 to 34,Minor,,West,"Automobile, Station Wagon",Turning Left,Improper Turn,Normal,,,,,,,,,Yes,,Yes,,,Yes,,,,,,144,Morningside Heights,131,Rouge (131),D42,644770.5682,4854037.8474
2246,4209726,986760,7/18/2007 8:00:00 AM,809,GOWAN AVE,PAPE AVE,,Major Arterial,Toronto and East York,43.688445,-79.34839,,No Control,Clear,Daylight,Dry,Non-Fatal Injury,Pedestrian Collisions,Driver,50 to 54,None,,South,Pick Up Truck,Reversing,Other,Inattentive,,,,,,,Yes,,Yes,,,,,,,,,,,59,Danforth East York,59,Danforth East York (59),D55,633108.4575,4838594.4717
2247,4209727,986760,7/18/2007 8:00:00 AM,809,GOWAN AVE,PAPE AVE,,Major Arterial,Toronto and East York,43.688445,-79.34839,,No Control,Clear,Daylight,Dry,Non-Fatal Injury,Pedestrian Collisions,Pedestrian,70 to 74,Major,,North,Other,,,,Vehicle is reversing and hits pedestrian,"Crossing, no Traffic Control",Normal,,,,Yes,,Yes,,,,,,,,,,,59,Danforth East York,59,Danforth East York (59),D55,633108.4575,4838594.4717
2248,4232601,996561,7/18/2007 8:00:00 AM,1330,MARTIN GROVE RD,FINCH AVE W,,Major Arterial,Etobicoke York,43.736745,-79.59169,At Intersection,Traffic Signal,Clear,Daylight,Dry,Non-Fatal Injury,Turning Movement,Vehicle Owner,unknown,None,,,Other,,,,,,,,,,,,Yes,,Yes,,,Yes,,Yes,Yes,,,1,West Humber-Clairville,1,West Humber-Clairville (1),D23,613408.8494,4843597.0925
2249,4232602,996561,7/18/2007 8:00:00 AM,1330,MARTIN GROVE RD,FINCH AVE W,,Major Arterial,Etobicoke York,43.736745,-79.59169,At Intersection,Traffic Signal,Clear,Daylight,Dry,Non-Fatal Injury,Turning Movement,Truck Driver,15 to 19,None,,West,Truck - Open,Going Ahead,Disobeyed Traffic Control,Normal,,,,,,,,,Yes,,Yes,,,Yes,,Yes,Yes,,,1,West Humber-Clairville,1,West Humber-Clairville (1),D23,613408.8494,4843597.0925
2250,4232603,996561,7/18/2007 8:00:00 AM,1330,MARTIN GROVE RD,FINCH AVE W,,Major Arterial,Etobicoke York,43.736745,-79.59169,At Intersection,Traffic Signal,Clear,Daylight,Dry,Non-Fatal Injury,Turning Movement,Passenger,35 to 39,Major,,,Other,,,,,,,,,,,,Yes,,Yes,,,Yes,,Yes,Yes,,,1,West Humber-Clairville,1,West Humber-Clairville (1),D23,613408.8494,4843597.0925
2251,4232604,996561,7/18/2007 8:00:00 AM,1330,MARTIN GROVE RD,FINCH AVE W,,Major Arterial,Etobicoke York,43.736745,-79.59169,At Intersection,Traffic Signal,Clear,Daylight,Dry,Non-Fatal Injury,Turning Movement,Driver,35 to 39,Minor,,South,"Automobile, Station Wagon",Turning Left,Driving Properly,Normal,,,,,,,,,Yes,,Yes,,,Yes,,Yes,Yes,,,1,West Humber-Clairville,1,West Humber-Clairville (1),D23,613408.8494,4843597.0925
2252,4232605,996561,7/18/2007 8:00:00 AM,1330,MARTIN GROVE RD,FINCH AVE W,,Major Arterial,Etobicoke York,43.736745,-79.59169,At Intersection,Traffic Signal,Clear,Daylight,Dry,Non-Fatal Injury,Turning Movement,Driver,20 to 24,None,,South,"Automobile, Station Wagon",Stopped,Other,Normal,,,,,,,,,Yes,,Yes,,,Yes,,Yes,Yes,,,1,West Humber-Clairville,1,West Humber-Clairville (1),D23,613408.8494,4843597.0925
2253,4405829,982207,7/18/2007 8:00:00 AM,1607,LAWRENCE AVE E,WARDEN AVE,,Major Arterial,Scarborough,43.745345,-79.29469,At Intersection,Traffic Signal,Clear,Daylight,Dry,Fatal,Pedestrian Collisions,Driver,25 to 29,Minor,,South,"Automobile, Station Wagon",Stopped,Driving Properly,Normal,,,,,,,Yes,,Yes,,Yes,,,Yes,,,,,,119,Wexford/Maryvale,119,Wexford/Maryvale (119),D41,637306.3322,4845001.6435
2254,4405830,982207,7/18/2007 8:00:00 AM,1607,LAWRENCE AVE E,WARDEN AVE,,Major Arterial,Scarborough,43.745345,-79.29469,At Intersection,Traffic Signal,Clear,Daylight,Dry,Fatal,Pedestrian Collisions,Driver,50 to 54,None,,North,"Automobile, Station Wagon",Going Ahead,Driving Properly,Normal,,,,,,,Yes,,Yes,,Yes,,,Yes,,,,,,119,Wexford/Maryvale,119,Wexford/Maryvale (119),D41,637306.3322,4845001.6435
2255,4405831,982207,7/18/2007 8:00:00 AM,1607,LAWRENCE AVE E,WARDEN AVE,,Major Arterial,Scarborough,43.745345,-79.29469,At Intersection,Traffic Signal,Clear,Daylight,Dry,Fatal,Pedestrian Collisions,Vehicle Owner,unknown,,,,Other,,,,,,,,,,Yes,,Yes,,Yes,,,Yes,,,,,,119,Wexford/Maryvale,119,Wexford/Maryvale (119),D41,637306.3322,4845001.6435
2256,4405832,982207,7/18/2007 8:00:00 AM,1607,LAWRENCE AVE E,WARDEN AVE,,Major Arterial,Scarborough,43.745345,-79.29469,At Intersection,Traffic Signal,Clear,Daylight,Dry,Fatal,Pedestrian Collisions,Passenger,5 to 9,Minor,,,Other,,,,,,,,,,Yes,,Yes,,Yes,,,Yes,,,,,,119,Wexford/Maryvale,119,Wexford/Maryvale (119),D41,637306.3322,4845001.6435
2257,4405833,982207,7/18/2007 8:00:00 AM,1607,LAWRENCE AVE E,WARDEN AVE,,Major Arterial,Scarborough,43.745345,-79.29469,At Intersection,Traffic Signal,Clear,Daylight,Dry,Fatal,Pedestrian Collisions,Passenger,0 to 4,Minor,,,Other,,,,,,,,,,Yes,,Yes,,Yes,,,Yes,,,,,,119,Wexford/Maryvale,119,Wexford/Maryvale (119),D41,637306.3322,4845001.6435
2258,4405834,982207,7/18/2007 8:00:00 AM,1607,LAWRENCE AVE E,WARDEN AVE,,Major Arterial,Scarborough,43.745345,-79.29469,At Intersection,Traffic Signal,Clear,Daylight,Dry,Fatal,Pedestrian Collisions,Driver,45 to 49,Major,,East,"Automobile, Station Wagon",Going Ahead,Lost control,Unknown,,,,,,,Yes,,Yes,,Yes,,,Yes,,,,,,119,Wexford/Maryvale,119,Wexford/Maryvale (119),D41,637306.3322,4845001.6435
2259,4405835,982207,7/18/2007 8:00:00 AM,1607,LAWRENCE AVE E,WARDEN AVE,,Major Arterial,Scarborough,43.745345,-79.29469,At Intersection,Traffic Signal,Clear,Daylight,Dry,Fatal,Pedestrian Collisions,Other,unknown,None,,,Other,,,,,,,,,,Yes,,Yes,,Yes,,,Yes,,,,,,119,Wexford/Maryvale,119,Wexford/Maryvale (119),D41,637306.3322,4845001.6435
2260,4405836,982207,7/18/2007 8:00:00 AM,1607,LAWRENCE AVE E,WARDEN AVE,,Major Arterial,Scarborough,43.745345,-79.29469,At Intersection,Traffic Signal,Clear,Daylight,Dry,Fatal,Pedestrian Collisions,Other Property Owner,unknown,,,,Other,,,,,,,,,,Yes,,Yes,,Yes,,,Yes,,,,,,119,Wexford/Maryvale,119,Wexford/Maryvale (119),D41,637306.3322,4845001.6435
2261,4405837,982207,7/18/2007 8:00:00 AM,1607,LAWRENCE AVE E,WARDEN AVE,,Major Arterial,Scarborough,43.745345,-79.29469,At Intersection,Traffic Signal,Clear,Daylight,Dry,Fatal,Pedestrian Collisions,Other Property Owner,unknown,,,,Other,,,,,,,,,,Yes,,Yes,,Yes,,,Yes,,,,,,119,Wexford/Maryvale,119,Wexford/Maryvale (119),D41,637306.3322,4845001.6435
2262,4405838,982207,7/18/2007 8:00:00 AM,1607,LAWRENCE AVE E,WARDEN AVE,,Major Arterial,Scarborough,43.745345,-79.29469,At Intersection,Traffic Signal,Clear,Daylight,Dry,Fatal,Pedestrian Collisions,Pedestrian,35 to 39,Minor,,,Other,,,,Pedestrian hit on sidewalk or shoulder,On Sidewalk or Shoulder,Normal,,,,Yes,,Yes,,Yes,,,Yes,,,,,,119,Wexford/Maryvale,119,Wexford/Maryvale (119),D41,637306.3322,4845001.6435
2263,4405839,982207,7/18/2007 8:00:00 AM,1607,LAWRENCE AVE E,WARDEN AVE,,Major Arterial,Scarborough,43.745345,-79.29469,At Intersection,Traffic Signal,Clear,Daylight,Dry,Fatal,Pedestrian Collisions,Pedestrian,unknown,Minor,,,Other,,,,Pedestrian hit on sidewalk or shoulder,On Sidewalk or Shoulder,Normal,,,,Yes,,Yes,,Yes,,,Yes,,,,,,119,Wexford/Maryvale,119,Wexford/Maryvale (119),D41,637306.3322,4845001.6435
2264,4405840,982207,7/18/2007 8:00:00 AM,1607,LAWRENCE AVE E,WARDEN AVE,,Major Arterial,Scarborough,43.745345,-79.29469,At Intersection,Traffic Signal,Clear,Daylight,Dry,Fatal,Pedestrian Collisions,Pedestrian,35 to 39,Fatal,,,Other,,,,Pedestrian hit on sidewalk or shoulder,On Sidewalk or Shoulder,Normal,,,,Yes,,Yes,,Yes,,,Yes,,,,,,119,Wexford/Maryvale,119,Wexford/Maryvale (119),D41,637306.3322,4845001.6435
2265,4405841,982207,7/18/2007 8:00:00 AM,1607,LAWRENCE AVE E,WARDEN AVE,,Major Arterial,Scarborough,43.745345,-79.29469,At Intersection,Traffic Signal,Clear,Daylight,Dry,Fatal,Pedestrian Collisions,Vehicle Owner,unknown,,,,Other,,,,,,,,,,Yes,,Yes,,Yes,,,Yes,,,,,,119,Wexford/Maryvale,119,Wexford/Maryvale (119),D41,637306.3322,4845001.6435
2266,4405842,982207,7/18/2007 8:00:00 AM,1607,LAWRENCE AVE E,WARDEN AVE,,Major Arterial,Scarborough,43.745345,-79.29469,At Intersection,Traffic Signal,Clear,Daylight,Dry,Fatal,Pedestrian Collisions,Truck Driver,50 to 54,Minor,,South,Truck - Open,Going Ahead,Driving Properly,Normal,,,,,,,Yes,,Yes,,Yes,,,Yes,,,,,,119,Wexford/Maryvale,119,Wexford/Maryvale (119),D41,637306.3322,4845001.6435
2267,4195641,980693,7/20/2007 8:00:00 AM,818,BLOOR ST E,PARLIAMENT ST,,Major Arterial,Toronto and East York,43.672045,-79.37069,At Intersection,Traffic Signal,Clear,Daylight,Dry,Non-Fatal Injury,Rear End,Passenger,35 to 39,Major,,,Other,,,,,,,,,,,,Yes,,,,,Yes,,,,,,98,Rosedale-Moore Park,98,Rosedale-Moore Park (98),D53,631346.9929,4836737.4739
2268,4195642,980693,7/20/2007 8:00:00 AM,818,BLOOR ST E,PARLIAMENT ST,,Major Arterial,Toronto and East York,43.672045,-79.37069,At Intersection,Traffic Signal,Clear,Daylight,Dry,Non-Fatal Injury,Rear End,Driver,35 to 39,Major,,South,"Automobile, Station Wagon",Turning Right,Lost control,Normal,,,,,,,,,Yes,,,,,Yes,,,,,,98,Rosedale-Moore Park,98,Rosedale-Moore Park (98),D53,631346.9929,4836737.4739
2269,4195643,980693,7/20/2007 8:00:00 AM,818,BLOOR ST E,PARLIAMENT ST,,Major Arterial,Toronto and East York,43.672045,-79.37069,At Intersection,Traffic Signal,Clear,Daylight,Dry,Non-Fatal Injury,Rear End,Passenger,35 to 39,None,,,Other,,,,,,,,,,,,Yes,,,,,Yes,,,,,,98,Rosedale-Moore Park,98,Rosedale-Moore Park (98),D53,631346.9929,4836737.4739
2270,4195644,980693,7/20/2007 8:00:00 AM,818,BLOOR ST E,PARLIAMENT ST,,Major Arterial,Toronto and East York,43.672045,-79.37069,At Intersection,Traffic Signal,Clear,Daylight,Dry,Non-Fatal Injury,Rear End,Driver,30 to 34,None,,South,"Automobile, Station Wagon",Turning Left,Driving Properly,Normal,,,,,,,,,Yes,,,,,Yes,,,,,,98,Rosedale-Moore Park,98,Rosedale-Moore Park (98),D53,631346.9929,4836737.4739
2271,4195645,980693,7/20/2007 8:00:00 AM,818,BLOOR ST E,PARLIAMENT ST,,Major Arterial,Toronto and East York,43.672045,-79.37069,At Intersection,Traffic Signal,Clear,Daylight,Dry,Non-Fatal Injury,Rear End,Driver,40 to 44,None,,South,"Automobile, Station Wagon",Stopped,Driving Properly,Normal,,,,,,,,,Yes,,,,,Yes,,,,,,98,Rosedale-Moore Park,98,Rosedale-Moore Park (98),D53,631346.9929,4836737.4739
2272,4273811,980783,7/20/2007 8:00:00 AM,1637,1210 MARKHAM RD,,,Major Arterial,Scarborough,43.778245,-79.23239,,No Control,Clear,Daylight,Dry,Non-Fatal Injury,Pedestrian Collisions,Pedestrian,0 to 4,Minimal,,West,Other,,,,Pedestrian hit at mid-block,"Crossing, no Traffic Control",Inattentive,,,,Yes,,Yes,,,,,,,,,,,142,Woburn North,137,Woburn (137),D43,642244.6013,4848760.8508
2273,4273812,980783,7/20/2007 8:00:00 AM,1637,1210 MARKHAM RD,,,Major Arterial,Scarborough,43.778245,-79.23239,,No Control,Clear,Daylight,Dry,Non-Fatal Injury,Pedestrian Collisions,Pedestrian,25 to 29,Major,,West,Other,,,,Pedestrian hit at mid-block,Crossing without right of way,Inattentive,,,,Yes,,Yes,,,,,,,,,,,142,Woburn North,137,Woburn (137),D43,642244.6013,4848760.8508
2274,4273813,980783,7/20/2007 8:00:00 AM,1637,1210 MARKHAM RD,,,Major Arterial,Scarborough,43.778245,-79.23239,,No Control,Clear,Daylight,Dry,Non-Fatal Injury,Pedestrian Collisions,Vehicle Owner,unknown,,,,Other,,,,,,,,,,Yes,,Yes,,,,,,,,,,,142,Woburn North,137,Woburn (137),D43,642244.6013,4848760.8508
2275,4273814,980783,7/20/2007 8:00:00 AM,1637,1210 MARKHAM RD,,,Major Arterial,Scarborough,43.778245,-79.23239,,No Control,Clear,Daylight,Dry,Non-Fatal Injury,Pedestrian Collisions,Driver,30 to 34,None,,South,"Automobile, Station Wagon",Going Ahead,Driving Properly,Normal,,,,,,,Yes,,Yes,,,,,,,,,,,142,Woburn North,137,Woburn (137),D43,642244.6013,4848760.8508
2276,4222038,992122,7/21/2007 8:00:00 AM,210,QUEEN ST E,KNOX AVE,,Minor Arterial,Toronto and East York,43.664245,-79.32569,,No Control,Clear,Dark,Dry,Non-Fatal Injury,Cyclist Collisions,Driver,30 to 34,None,,East,"Automobile, Station Wagon",Stopped,Driving Properly,Normal,,,,,,,,Yes,Yes,,,,,,,,,,,65,Greenwood-Coxwell,65,Greenwood-Coxwell (65),D55,634992.1976,4835943.4173
2277,4222039,992122,7/21/2007 8:00:00 AM,210,QUEEN ST E,KNOX AVE,,Minor Arterial,Toronto and East York,43.664245,-79.32569,,No Control,Clear,Dark,Dry,Non-Fatal Injury,Cyclist Collisions,Cyclist,20 to 24,Major,,East,Bicycle,Going Ahead,,,,,,Cyclist and Driver travelling in same direction. One vehicle rear-ended the other.,Following too Close,Unknown,,Yes,Yes,,,,,,,,,,,65,Greenwood-Coxwell,65,Greenwood-Coxwell (65),D55,634992.1976,4835943.4173
2278,4206188,985171,7/21/2007 8:00:00 AM,1700,597 MELITA CRES,,,Local,Toronto and East York,43.672645,-79.42319,,No Control,Clear,Daylight,Dry,Non-Fatal Injury,Pedestrian Collisions,Driver,unknown,None,,South,"Automobile, Station Wagon",Going Ahead,Driving Properly,Normal,,,,,,,Yes,,Yes,,,,,,,,,,,94,Wychwood,94,Wychwood (94),D13,627113.391,4836722.3214
2279,4206189,985171,7/21/2007 8:00:00 AM,1700,597 MELITA CRES,,,Local,Toronto and East York,43.672645,-79.42319,,No Control,Clear,Daylight,Dry,Non-Fatal Injury,Pedestrian Collisions,Pedestrian,35 to 39,Major,,,Other,,,,Pedestrian hit at mid-block,"Crossing, no Traffic Control",Normal,,,,Yes,,Yes,,,,,,,,,,,94,Wychwood,94,Wychwood (94),D13,627113.391,4836722.3214
2280,4204300,984340,7/22/2007 8:00:00 AM,1301,JANE ST,SAN MARINOWAY,,Major Arterial,Etobicoke York,43.744145,-79.51439,At Intersection,No Control,Clear,Daylight,Dry,Non-Fatal Injury,Sideswipe,Driver,40 to 44,None,,South,"Automobile, Station Wagon",Going Ahead,Driving Properly,Normal,,,,,,,,,Yes,,,,,Yes,,,,Yes,,25,Glenfield-Jane Heights,25,Glenfield-Jane Heights (25),D31,619618.9976,4844527.675
2281,4204301,984340,7/22/2007 8:00:00 AM,1301,JANE ST,SAN MARINOWAY,,Major Arterial,Etobicoke York,43.744145,-79.51439,At Intersection,No Control,Clear,Daylight,Dry,Non-Fatal Injury,Sideswipe,Passenger,15 to 19,Major,,,Other,,,,,,,,,,,,Yes,,,,,Yes,,,,Yes,,25,Glenfield-Jane Heights,25,Glenfield-Jane Heights (25),D31,619618.9976,4844527.675
2282,4204302,984340,7/22/2007 8:00:00 AM,1301,JANE ST,SAN MARINOWAY,,Major Arterial,Etobicoke York,43.744145,-79.51439,At Intersection,No Control,Clear,Daylight,Dry,Non-Fatal Injury,Sideswipe,Passenger,25 to 29,None,,,Other,,,,,,,,,,,,Yes,,,,,Yes,,,,Yes,,25,Glenfield-Jane Heights,25,Glenfield-Jane Heights (25),D31,619618.9976,4844527.675
2283,4204303,984340,7/22/2007 8:00:00 AM,1301,JANE ST,SAN MARINOWAY,,Major Arterial,Etobicoke York,43.744145,-79.51439,At Intersection,No Control,Clear,Daylight,Dry,Non-Fatal Injury,Sideswipe,Vehicle Owner,unknown,None,,,Other,,,,,,,,,,,,Yes,,,,,Yes,,,,Yes,,25,Glenfield-Jane Heights,25,Glenfield-Jane Heights (25),D31,619618.9976,4844527.675