OBJECTID,INDEX,ACCNUM,DATE,TIME,STREET1,STREET2,OFFSET,ROAD_CLASS,DISTRICT,LATITUDE,LONGITUDE,ACCLOC,TRAFFCTL,VISIBILITY,LIGHT,RDSFCOND,ACCLASS,IMPACTYPE,INVTYPE,INVAGE,INJURY,FATAL_NO,INITDIR,VEHTYPE,MANOEUVER,DRIVACT,DRIVCOND,PEDTYPE,PEDACT,PEDCOND,CYCLISTYPE,CYCACT,CYCCOND,PEDESTRIAN,CYCLIST,AUTOMOBILE,MOTORCYCLE,TRUCK,TRSN_CITY_VEH,EMERG_VEH,PASSENGER,SPEEDING,AG_DRIV,REDLIGHT,ALCOHOL,DISABILITY,HOOD_158,NEIGHBOURHOOD_158,HOOD_140,NEIGHBOURHOOD_140,DIVISION,x,y
2346,4201972,983329,8/3/2007 8:00:00 AM,2156,KENNEDY RD,FOXRIDGE DR,,Major Arterial,Scarborough,43.724045,-79.26449,At Intersection,No Control,Clear,"Dusk, artificial",Dry,Non-Fatal Injury,Turning Movement,Vehicle Owner,unknown,None,,,Other,,,,,,,,,,,Yes,Yes,,,,,Yes,,,,,,124,Kennedy Park,124,Kennedy Park (124),D41,639787.525,4842686.4618
2347,4201973,983329,8/3/2007 8:00:00 AM,2156,KENNEDY RD,FOXRIDGE DR,,Major Arterial,Scarborough,43.724045,-79.26449,At Intersection,No Control,Clear,"Dusk, artificial",Dry,Non-Fatal Injury,Turning Movement,Moped Driver,35 to 39,Major,,South,"Automobile, Station Wagon",Going Ahead,Driving Properly,Normal,,,,,,,,Yes,Yes,,,,,Yes,,,,,,124,Kennedy Park,124,Kennedy Park (124),D41,639787.525,4842686.4618
2348,4201974,983329,8/3/2007 8:00:00 AM,2156,KENNEDY RD,FOXRIDGE DR,,Major Arterial,Scarborough,43.724045,-79.26449,At Intersection,No Control,Clear,"Dusk, artificial",Dry,Non-Fatal Injury,Turning Movement,Passenger,15 to 19,None,,,Other,,,,,,,,,,,Yes,Yes,,,,,Yes,,,,,,124,Kennedy Park,124,Kennedy Park (124),D41,639787.525,4842686.4618
2349,4201975,983329,8/3/2007 8:00:00 AM,2156,KENNEDY RD,FOXRIDGE DR,,Major Arterial,Scarborough,43.724045,-79.26449,At Intersection,No Control,Clear,"Dusk, artificial",Dry,Non-Fatal Injury,Turning Movement,Passenger,75 to 79,None,,,Other,,,,,,,,,,,Yes,Yes,,,,,Yes,,,,,,124,Kennedy Park,124,Kennedy Park (124),D41,639787.525,4842686.4618
2350,4201976,983329,8/3/2007 8:00:00 AM,2156,KENNEDY RD,FOXRIDGE DR,,Major Arterial,Scarborough,43.724045,-79.26449,At Intersection,No Control,Clear,"Dusk, artificial",Dry,Non-Fatal Injury,Turning Movement,Driver,20 to 24,None,,North,"Automobile, Station Wagon",Turning Left,Improper Turn,Normal,,,,,,,,Yes,Yes,,,,,Yes,,,,,,124,Kennedy Park,124,Kennedy Park (124),D41,639787.525,4842686.4618
2351,4211227,987374,8/3/2007 8:00:00 AM,2330,MCCOWAN RD,STEELES AVE E,,Major Arterial,Scarborough,43.831045,-79.27519,At Intersection,Traffic Signal,Clear,Dark,Dry,Non-Fatal Injury,Pedestrian Collisions,Driver,45 to 49,None,,South,"Automobile, Station Wagon",Going Ahead,Driving Properly,Normal,,,,,,,Yes,,Yes,,,,,,,,,,,130,Milliken,NSA,NSA,D42,638678.0886,4854552.4941
2352,4211228,987374,8/3/2007 8:00:00 AM,2330,MCCOWAN RD,STEELES AVE E,,Major Arterial,Scarborough,43.831045,-79.27519,At Intersection,Traffic Signal,Clear,Dark,Dry,Non-Fatal Injury,Pedestrian Collisions,Pedestrian,45 to 49,Major,,West,Other,,,,Vehicle is going straight thru inter.while ped cross without ROW,Crossing without right of way,Unknown,,,,Yes,,Yes,,,,,,,,,,,130,Milliken,NSA,NSA,D42,638678.0886,4854552.4941
2353,4209593,986718,8/5/2007 8:00:00 AM,1055,LAWRENCE AVE E,MCCOWAN RD,,Major Arterial,Scarborough,43.755345,-79.24609,,No Control,Clear,Daylight,Dry,Fatal,Pedestrian Collisions,Vehicle Owner,unknown,,,,Other,,,,,,,,,,Yes,,Yes,,,,,,,,,,,157,Bendale South,127,Bendale (127),D43,641195.9831,4846194.0013
2354,4209594,986718,8/5/2007 8:00:00 AM,1055,LAWRENCE AVE E,MCCOWAN RD,,Major Arterial,Scarborough,43.755345,-79.24609,,No Control,Clear,Daylight,Dry,Fatal,Pedestrian Collisions,Driver,50 to 54,None,,East,"Automobile, Station Wagon",Going Ahead,Driving Properly,Normal,,,,,,,Yes,,Yes,,,,,,,,,,,157,Bendale South,127,Bendale (127),D43,641195.9831,4846194.0013
2355,4209595,986718,8/5/2007 8:00:00 AM,1055,LAWRENCE AVE E,MCCOWAN RD,,Major Arterial,Scarborough,43.755345,-79.24609,,No Control,Clear,Daylight,Dry,Fatal,Pedestrian Collisions,Vehicle Owner,unknown,,,,Other,,,,,,,,,,Yes,,Yes,,,,,,,,,,,157,Bendale South,127,Bendale (127),D43,641195.9831,4846194.0013
2356,4209596,986718,8/5/2007 8:00:00 AM,1055,LAWRENCE AVE E,MCCOWAN RD,,Major Arterial,Scarborough,43.755345,-79.24609,,No Control,Clear,Daylight,Dry,Fatal,Pedestrian Collisions,Driver,35 to 39,None,,East,"Automobile, Station Wagon",Going Ahead,Driving Properly,Normal,,,,,,,Yes,,Yes,,,,,,,,,,,157,Bendale South,127,Bendale (127),D43,641195.9831,4846194.0013
2357,4209597,986718,8/5/2007 8:00:00 AM,1055,LAWRENCE AVE E,MCCOWAN RD,,Major Arterial,Scarborough,43.755345,-79.24609,,No Control,Clear,Daylight,Dry,Fatal,Pedestrian Collisions,Pedestrian,75 to 79,Fatal,,North,Other,,,,Pedestrian hit at mid-block,"Crossing, no Traffic Control",Normal,,,,Yes,,Yes,,,,,,,,,,,157,Bendale South,127,Bendale (127),D43,641195.9831,4846194.0013
2358,4202952,983751,8/7/2007 8:00:00 AM,1100,TANGIERS RD,FINCH AVE W,,Major Arterial,North York,43.764045,-79.48829,At Intersection,Traffic Signal,Clear,Daylight,Dry,Non-Fatal Injury,Pedestrian Collisions,Driver,50 to 54,None,,South,"Automobile, Station Wagon",Turning Right,Failed to Yield Right of Way,Normal,,,,,,,Yes,,Yes,,,,,,,Yes,,,,27,York University Heights,27,York University Heights (27),D31,621680.208,4846775.8796
2359,4202953,983751,8/7/2007 8:00:00 AM,1100,TANGIERS RD,FINCH AVE W,,Major Arterial,North York,43.764045,-79.48829,At Intersection,Traffic Signal,Clear,Daylight,Dry,Non-Fatal Injury,Pedestrian Collisions,Pedestrian,75 to 79,Major,,South,Other,,,,Vehicle turns right while ped crosses with ROW at inter.,Crossing with right of way,Normal,,,,Yes,,Yes,,,,,,,Yes,,,,27,York University Heights,27,York University Heights (27),D31,621680.208,4846775.8796
2360,4203639,984072,8/9/2007 8:00:00 AM,450,121 WELLESWORTH DR,,,Collector,Etobicoke York,43.663345,-79.58219,,No Control,Clear,Dark,Dry,Non-Fatal Injury,SMV Other,Vehicle Owner,unknown,None,,,Other,,,,,,,,,,,,Yes,,,,,,,,,,,11,Eringate-Centennial-West Deane,11,Eringate-Centennial-West Deane (11),D22,614313.2713,4835458.0763
2361,4203640,984072,8/9/2007 8:00:00 AM,450,121 WELLESWORTH DR,,,Collector,Etobicoke York,43.663345,-79.58219,,No Control,Clear,Dark,Dry,Non-Fatal Injury,SMV Other,Driver,20 to 24,Major,,South,"Automobile, Station Wagon",Going Ahead,Lost control,Had Been Drinking,,,,,,,,,Yes,,,,,,,,,,,11,Eringate-Centennial-West Deane,11,Eringate-Centennial-West Deane (11),D22,614313.2713,4835458.0763
2362,4203681,984087,8/9/2007 8:00:00 AM,845,QUEENS QUAY W,YORK ST,,Minor Arterial,Toronto and East York,43.639945,-79.38019,At Intersection,Traffic Signal,Clear,Daylight,Dry,Non-Fatal Injury,Pedestrian Collisions,Pedestrian,60 to 64,Major,,North,Other,,,,Vehicle is going straight thru inter.while ped cross with ROW,Crossing with right of way,Normal,,,,Yes,Yes,,,,,,,,,,,,166,St Lawrence-East Bayfront-The Islands,77,Waterfront Communities-The Island (77),D52,630650.7379,4833157.3457
2363,4203682,984087,8/9/2007 8:00:00 AM,845,QUEENS QUAY W,YORK ST,,Minor Arterial,Toronto and East York,43.639945,-79.38019,At Intersection,Traffic Signal,Clear,Daylight,Dry,Non-Fatal Injury,Pedestrian Collisions,Cyclist,30 to 34,Major,,East,Bicycle,Going Ahead,,,,,,Cyclist strikes pedestrian.,Disobeyed Traffic Control,Normal,Yes,Yes,,,,,,,,,,,,166,St Lawrence-East Bayfront-The Islands,77,Waterfront Communities-The Island (77),D52,630650.7379,4833157.3457
2364,4292907,989043,8/10/2007 8:00:00 AM,210,278 GREENWOOD AVE,IVY Aven,,Minor Arterial,Toronto and East York,43.673245,-79.32899,,No Control,Clear,Dark,Dry,Non-Fatal Injury,Pedestrian Collisions,Vehicle Owner,unknown,,,,Other,,,,,,,,,,Yes,,Yes,,,,,,,Yes,,,,70,South Riverdale,70,South Riverdale (70),D55,634705.9952,4836937.6252
2365,4292908,989043,8/10/2007 8:00:00 AM,210,278 GREENWOOD AVE,IVY Aven,,Minor Arterial,Toronto and East York,43.673245,-79.32899,,No Control,Clear,Dark,Dry,Non-Fatal Injury,Pedestrian Collisions,Vehicle Owner,unknown,,,,Other,,,,,,,,,,Yes,,Yes,,,,,,,Yes,,,,70,South Riverdale,70,South Riverdale (70),D55,634705.9952,4836937.6252
2366,4292909,989043,8/10/2007 8:00:00 AM,210,278 GREENWOOD AVE,IVY Aven,,Minor Arterial,Toronto and East York,43.673245,-79.32899,,No Control,Clear,Dark,Dry,Non-Fatal Injury,Pedestrian Collisions,Driver,30 to 34,Minimal,,South,"Automobile, Station Wagon",Stopped,Other,Normal,,,,,,,Yes,,Yes,,,,,,,Yes,,,,70,South Riverdale,70,South Riverdale (70),D55,634705.9952,4836937.6252
2367,4292910,989043,8/10/2007 8:00:00 AM,210,278 GREENWOOD AVE,IVY Aven,,Minor Arterial,Toronto and East York,43.673245,-79.32899,,No Control,Clear,Dark,Dry,Non-Fatal Injury,Pedestrian Collisions,Driver,25 to 29,Minor,,South,"Automobile, Station Wagon",Going Ahead,Lost control,Fatigue,,,,,,,Yes,,Yes,,,,,,,Yes,,,,70,South Riverdale,70,South Riverdale (70),D55,634705.9952,4836937.6252
2368,4292911,989043,8/10/2007 8:00:00 AM,210,278 GREENWOOD AVE,IVY Aven,,Minor Arterial,Toronto and East York,43.673245,-79.32899,,No Control,Clear,Dark,Dry,Non-Fatal Injury,Pedestrian Collisions,Pedestrian,25 to 29,Major,,,Other,,,,Pedestrian hit at mid-block,Person Getting on/off Vehicle,Normal,,,,Yes,,Yes,,,,,,,Yes,,,,70,South Riverdale,70,South Riverdale (70),D55,634705.9952,4836937.6252
2369,4273843,984399,8/10/2007 8:00:00 AM,1502,LAKE SHORE BLVD W,REMEMBRANCE DR,,Major Arterial,Toronto and East York,43.634445,-79.40869,At Intersection,Traffic Signal,Clear,Daylight,Dry,Non-Fatal Injury,Cyclist Collisions,Driver,20 to 24,None,,East,"Automobile, Station Wagon",Going Ahead,Driving Properly,Normal,,,,,,,,Yes,Yes,,,,,,,,,,,163,Fort York-Liberty Village,82,Niagara (82),D14,628363.6698,4832502.0328
2370,4273844,984399,8/10/2007 8:00:00 AM,1502,LAKE SHORE BLVD W,REMEMBRANCE DR,,Major Arterial,Toronto and East York,43.634445,-79.40869,At Intersection,Traffic Signal,Clear,Daylight,Dry,Non-Fatal Injury,Cyclist Collisions,Cyclist,75 to 79,Major,,South,Bicycle,Going Ahead,,,,,,"Cyclist without ROW rides into path of motorist at inter, lnwy, dwy-Cyclist not turn.",Disobeyed Traffic Control,Normal,,Yes,Yes,,,,,,,,,,,163,Fort York-Liberty Village,82,Niagara (82),D14,628363.6698,4832502.0328
2371,4405970,988601,8/11/2007 8:00:00 AM,217,WARDEN AVE,WARDEN AV S 401 C E RAMP E,,Major Arterial,Scarborough,43.768945,-79.30359,At Intersection,Traffic Signal,Clear,Dark,Dry,Non-Fatal Injury,Turning Movement,Vehicle Owner,unknown,None,,,Other,,,,,,,,,,,,Yes,Yes,,,,,,Yes,,,,119,Wexford/Maryvale,119,Wexford/Maryvale (119),D41,636536.0349,4847608.0693
2372,4405971,988601,8/11/2007 8:00:00 AM,217,WARDEN AVE,WARDEN AV S 401 C E RAMP E,,Major Arterial,Scarborough,43.768945,-79.30359,At Intersection,Traffic Signal,Clear,Dark,Dry,Non-Fatal Injury,Turning Movement,Motorcycle Driver,20 to 24,Major,,North,Motorcycle,Going Ahead,Driving Properly,Normal,,,,,,,,,Yes,Yes,,,,,,Yes,,,,119,Wexford/Maryvale,119,Wexford/Maryvale (119),D41,636536.0349,4847608.0693
2373,4405972,988601,8/11/2007 8:00:00 AM,217,WARDEN AVE,WARDEN AV S 401 C E RAMP E,,Major Arterial,Scarborough,43.768945,-79.30359,At Intersection,Traffic Signal,Clear,Dark,Dry,Non-Fatal Injury,Turning Movement,Driver,30 to 34,Minimal,,South,"Automobile, Station Wagon",Turning Left,Failed to Yield Right of Way,Inattentive,,,,,,,,,Yes,Yes,,,,,,Yes,,,,119,Wexford/Maryvale,119,Wexford/Maryvale (119),D41,636536.0349,4847608.0693
2374,4213932,988599,8/11/2007 8:00:00 AM,300,LAKE SHORE BLVD W,STRACHAN AVE,,Major Arterial,Toronto and East York,43.634445,-79.40869,At Intersection,Traffic Signal,Clear,Dark,Dry,Non-Fatal Injury,Turning Movement,Passenger,20 to 24,Minor,,,Other,,,,,,,,,,,,Yes,,,,,Yes,,Yes,Yes,,,163,Fort York-Liberty Village,82,Niagara (82),D14,628363.6698,4832502.0328
2375,4213933,988599,8/11/2007 8:00:00 AM,300,LAKE SHORE BLVD W,STRACHAN AVE,,Major Arterial,Toronto and East York,43.634445,-79.40869,At Intersection,Traffic Signal,Clear,Dark,Dry,Non-Fatal Injury,Turning Movement,Passenger,20 to 24,Major,,,Other,,,,,,,,,,,,Yes,,,,,Yes,,Yes,Yes,,,163,Fort York-Liberty Village,82,Niagara (82),D14,628363.6698,4832502.0328
2376,4213934,988599,8/11/2007 8:00:00 AM,300,LAKE SHORE BLVD W,STRACHAN AVE,,Major Arterial,Toronto and East York,43.634445,-79.40869,At Intersection,Traffic Signal,Clear,Dark,Dry,Non-Fatal Injury,Turning Movement,Driver,20 to 24,Minimal,,West,"Automobile, Station Wagon",Going Ahead,Driving Properly,Normal,,,,,,,,,Yes,,,,,Yes,,Yes,Yes,,,163,Fort York-Liberty Village,82,Niagara (82),D14,628363.6698,4832502.0328
2377,4213935,988599,8/11/2007 8:00:00 AM,300,LAKE SHORE BLVD W,STRACHAN AVE,,Major Arterial,Toronto and East York,43.634445,-79.40869,At Intersection,Traffic Signal,Clear,Dark,Dry,Non-Fatal Injury,Turning Movement,Vehicle Owner,unknown,None,,,Other,,,,,,,,,,,,Yes,,,,,Yes,,Yes,Yes,,,163,Fort York-Liberty Village,82,Niagara (82),D14,628363.6698,4832502.0328
2378,4213936,988599,8/11/2007 8:00:00 AM,300,LAKE SHORE BLVD W,STRACHAN AVE,,Major Arterial,Toronto and East York,43.634445,-79.40869,At Intersection,Traffic Signal,Clear,Dark,Dry,Non-Fatal Injury,Turning Movement,Driver,45 to 49,None,,South,Taxi,Turning Left,Disobeyed Traffic Control,Inattentive,,,,,,,,,Yes,,,,,Yes,,Yes,Yes,,,163,Fort York-Liberty Village,82,Niagara (82),D14,628363.6698,4832502.0328
2379,4213919,988595,8/11/2007 8:00:00 AM,728,MORNINGSIDE AVE,LAWRENCE AVE E,,Major Arterial,Scarborough,43.768445,-79.18619,At Intersection,Traffic Signal,Clear,Daylight,Dry,Non-Fatal Injury,Turning Movement,Passenger,65 to 69,Major,,,Other,,,,,,,,,,,,Yes,,,,,Yes,,,,,,136,West Hill,136,West Hill (136),D43,645986.3383,4847752.8259
2380,4213920,988595,8/11/2007 8:00:00 AM,728,MORNINGSIDE AVE,LAWRENCE AVE E,,Major Arterial,Scarborough,43.768445,-79.18619,At Intersection,Traffic Signal,Clear,Daylight,Dry,Non-Fatal Injury,Turning Movement,Driver,30 to 34,Minor,,South,"Automobile, Station Wagon",Going Ahead,Driving Properly,Normal,,,,,,,,,Yes,,,,,Yes,,,,,,136,West Hill,136,West Hill (136),D43,645986.3383,4847752.8259
2381,4213921,988595,8/11/2007 8:00:00 AM,728,MORNINGSIDE AVE,LAWRENCE AVE E,,Major Arterial,Scarborough,43.768445,-79.18619,At Intersection,Traffic Signal,Clear,Daylight,Dry,Non-Fatal Injury,Turning Movement,Driver,30 to 34,Minimal,,North,"Automobile, Station Wagon",Turning Left,Improper Turn,Normal,,,,,,,,,Yes,,,,,Yes,,,,,,136,West Hill,136,West Hill (136),D43,645986.3383,4847752.8259
2382,4273851,984625,8/13/2007 8:00:00 AM,51,F G GARDINER XY  E,JAMESON AVE,,Major Arterial,Toronto and East York,43.634545,-79.43879,,No Control,Clear,Dark,Dry,Fatal,Rear End,Vehicle Owner,unknown,,,,Other,,,,,,,,,,,,Yes,,,,,Yes,,,,,,85,South Parkdale,85,South Parkdale (85),D14,625935.408,4832467.0332
2383,4273852,984625,8/13/2007 8:00:00 AM,51,F G GARDINER XY  E,JAMESON AVE,,Major Arterial,Toronto and East York,43.634545,-79.43879,,No Control,Clear,Dark,Dry,Fatal,Rear End,Passenger,70 to 74,Major,,,Other,,,,,,,,,,,,Yes,,,,,Yes,,,,,,85,South Parkdale,85,South Parkdale (85),D14,625935.408,4832467.0332
2384,4273853,984625,8/13/2007 8:00:00 AM,51,F G GARDINER XY  E,JAMESON AVE,,Major Arterial,Toronto and East York,43.634545,-79.43879,,No Control,Clear,Dark,Dry,Fatal,Rear End,Passenger,30 to 34,Minor,,,Other,,,,,,,,,,,,Yes,,,,,Yes,,,,,,85,South Parkdale,85,South Parkdale (85),D14,625935.408,4832467.0332
2385,4273854,984625,8/13/2007 8:00:00 AM,51,F G GARDINER XY  E,JAMESON AVE,,Major Arterial,Toronto and East York,43.634545,-79.43879,,No Control,Clear,Dark,Dry,Fatal,Rear End,Passenger,0 to 4,Fatal,,,Other,,,,,,,,,,,,Yes,,,,,Yes,,,,,,85,South Parkdale,85,South Parkdale (85),D14,625935.408,4832467.0332
2386,4273855,984625,8/13/2007 8:00:00 AM,51,F G GARDINER XY  E,JAMESON AVE,,Major Arterial,Toronto and East York,43.634545,-79.43879,,No Control,Clear,Dark,Dry,Fatal,Rear End,Passenger,60 to 64,Fatal,,,Other,,,,,,,,,,,,Yes,,,,,Yes,,,,,,85,South Parkdale,85,South Parkdale (85),D14,625935.408,4832467.0332
2387,4273856,984625,8/13/2007 8:00:00 AM,51,F G GARDINER XY  E,JAMESON AVE,,Major Arterial,Toronto and East York,43.634545,-79.43879,,No Control,Clear,Dark,Dry,Fatal,Rear End,Driver,35 to 39,Minor,,East,"Automobile, Station Wagon",Stopped,Driving Properly,Inattentive,,,,,,,,,Yes,,,,,Yes,,,,,,85,South Parkdale,85,South Parkdale (85),D14,625935.408,4832467.0332
2388,4273857,984625,8/13/2007 8:00:00 AM,51,F G GARDINER XY  E,JAMESON AVE,,Major Arterial,Toronto and East York,43.634545,-79.43879,,No Control,Clear,Dark,Dry,Fatal,Rear End,Driver,45 to 49,None,,East,"Automobile, Station Wagon",Going Ahead,Lost control,Inattentive,,,,,,,,,Yes,,,,,Yes,,,,,,85,South Parkdale,85,South Parkdale (85),D14,625935.408,4832467.0332
2389,4208028,986004,8/16/2007 8:00:00 AM,1015,KINGSTON RD,RYLANDER BLVD,,Major Arterial,Scarborough,43.797045,-79.14919,At Intersection,Traffic Signal,Clear,Daylight,Dry,Non-Fatal Injury,Cyclist Collisions,Driver,unknown,None,,East,"Automobile, Station Wagon",Going Ahead,Driving Properly,,,,,,,,,Yes,Yes,,,,,,,,,,,143,West Rouge,131,Rouge (131),D42,648893.3376,4850995.2182
2390,4208029,986004,8/16/2007 8:00:00 AM,1015,KINGSTON RD,RYLANDER BLVD,,Major Arterial,Scarborough,43.797045,-79.14919,At Intersection,Traffic Signal,Clear,Daylight,Dry,Non-Fatal Injury,Cyclist Collisions,Cyclist,55 to 59,Major,,East,Bicycle,Going Ahead,,,,,,Cyclist and Driver travelling in same direction. One vehicle sideswipes the other.,Driving Properly,Normal,,Yes,Yes,,,,,,,,,,,143,West Rouge,131,Rouge (131),D42,648893.3376,4850995.2182
2391,4216768,989800,8/16/2007 8:00:00 AM,1250,LIPTON AVE,PAPE AVE,,Local,Toronto and East York,43.679745,-79.34469,,No Control,Clear,Daylight,Dry,Non-Fatal Injury,SMV Other,Passenger,25 to 29,Major,,,Other,,,,,,,,,,,,Yes,,,,,Yes,,,,,,66,Danforth,66,Danforth (66),D55,633425.9417,4837634.1623
2392,4216769,989800,8/16/2007 8:00:00 AM,1250,LIPTON AVE,PAPE AVE,,Local,Toronto and East York,43.679745,-79.34469,,No Control,Clear,Daylight,Dry,Non-Fatal Injury,SMV Other,Vehicle Owner,unknown,None,,,Other,Unknown,,,,,,,,,,,Yes,,,,,Yes,,,,,,66,Danforth,66,Danforth (66),D55,633425.9417,4837634.1623
2393,4216770,989800,8/16/2007 8:00:00 AM,1250,LIPTON AVE,PAPE AVE,,Local,Toronto and East York,43.679745,-79.34469,,No Control,Clear,Daylight,Dry,Non-Fatal Injury,SMV Other,Driver,30 to 34,Major,,East,"Automobile, Station Wagon",Making U Turn,Lost control,Other,,,,,,,,,Yes,,,,,Yes,,,,,,66,Danforth,66,Danforth (66),D55,633425.9417,4837634.1623
2394,4216771,989800,8/16/2007 8:00:00 AM,1250,LIPTON AVE,PAPE AVE,,Local,Toronto and East York,43.679745,-79.34469,,No Control,Clear,Daylight,Dry,Non-Fatal Injury,SMV Other,Other Property Owner,unknown,None,,,Other,,,,,,,,,,,,Yes,,,,,Yes,,,,,,66,Danforth,66,Danforth (66),D55,633425.9417,4837634.1623
2395,4219991,991226,8/16/2007 8:00:00 AM,1500,DON MILLS RD,ROCHEFORT DR E,,Major Arterial,North York,43.720045,-79.33879,,No Control,Clear,Daylight,Dry,Non-Fatal Injury,Pedestrian Collisions,Driver,60 to 64,None,,North,"Automobile, Station Wagon",Going Ahead,Driving Properly,Normal,,,,,,,Yes,,Yes,,,,,,,,,,,44,Flemingdon Park,44,Flemingdon Park (44),D55,633811.8332,4842119.5546
2396,4219992,991226,8/16/2007 8:00:00 AM,1500,DON MILLS RD,ROCHEFORT DR E,,Major Arterial,North York,43.720045,-79.33879,,No Control,Clear,Daylight,Dry,Non-Fatal Injury,Pedestrian Collisions,Pedestrian,35 to 39,Major,,East,Other,,,,Pedestrian hit at mid-block,"Crossing, no Traffic Control",Inattentive,,,,Yes,,Yes,,,,,,,,,,,44,Flemingdon Park,44,Flemingdon Park (44),D55,633811.8332,4842119.5546
2397,4217677,990178,8/17/2007 8:00:00 AM,928,LAWRENCE Aven E,CENTENNIAL Road,,Minor Arterial,Scarborough,43.777345,-79.14659,At Intersection,Traffic Signal,Clear,Daylight,Dry,Non-Fatal Injury,Angle,Driver,40 to 44,Minor,,West,"Automobile, Station Wagon",Going Ahead,Disobeyed Traffic Control,Normal,,,,,,,,,Yes,,,,,,,Yes,Yes,,,133,Centennial Scarborough,133,Centennial Scarborough (133),D43,649151.4983,4848811.8957
2398,4217678,990178,8/17/2007 8:00:00 AM,928,LAWRENCE Aven E,CENTENNIAL Road,,Minor Arterial,Scarborough,43.777345,-79.14659,At Intersection,Traffic Signal,Clear,Daylight,Dry,Non-Fatal Injury,Angle,Driver,55 to 59,Major,,South,"Automobile, Station Wagon",Going Ahead,Driving Properly,Normal,,,,,,,,,Yes,,,,,,,Yes,Yes,,,133,Centennial Scarborough,133,Centennial Scarborough (133),D43,649151.4983,4848811.8957
2399,4217597,990139,8/17/2007 8:00:00 AM,1425,OSSINGTON Aven,LEEDS Stre,,Minor Arterial,Toronto and East York,43.664045,-79.42649,,Pedestrian Crossover,Clear,Daylight,Dry,Non-Fatal Injury,Rear End,Vehicle Owner,unknown,None,,,Other,,,,,,,,,,,,Yes,,,Yes,,,Yes,Yes,,,,172,Dovercourt Village,93,Dovercourt-Wallace Emerson-Junction (93),D14,626865.478,4835762.1252
2400,4217598,990139,8/17/2007 8:00:00 AM,1425,OSSINGTON Aven,LEEDS Stre,,Minor Arterial,Toronto and East York,43.664045,-79.42649,,Pedestrian Crossover,Clear,Daylight,Dry,Non-Fatal Injury,Rear End,Driver,45 to 49,Major,,North,"Automobile, Station Wagon",Going Ahead,Following too Close,Inattentive,,,,,,,,,Yes,,,Yes,,,Yes,Yes,,,,172,Dovercourt Village,93,Dovercourt-Wallace Emerson-Junction (93),D14,626865.478,4835762.1252
2401,4217599,990139,8/17/2007 8:00:00 AM,1425,OSSINGTON Aven,LEEDS Stre,,Minor Arterial,Toronto and East York,43.664045,-79.42649,,Pedestrian Crossover,Clear,Daylight,Dry,Non-Fatal Injury,Rear End,Vehicle Owner,unknown,None,,,Other,,,,,,,,,,,,Yes,,,Yes,,,Yes,Yes,,,,172,Dovercourt Village,93,Dovercourt-Wallace Emerson-Junction (93),D14,626865.478,4835762.1252
2402,4217600,990139,8/17/2007 8:00:00 AM,1425,OSSINGTON Aven,LEEDS Stre,,Minor Arterial,Toronto and East York,43.664045,-79.42649,,Pedestrian Crossover,Clear,Daylight,Dry,Non-Fatal Injury,Rear End,Driver,35 to 39,None,,North,"Automobile, Station Wagon",Stopped,Other,Normal,,,,,,,,,Yes,,,Yes,,,Yes,Yes,,,,172,Dovercourt Village,93,Dovercourt-Wallace Emerson-Junction (93),D14,626865.478,4835762.1252
2403,4217601,990139,8/17/2007 8:00:00 AM,1425,OSSINGTON Aven,LEEDS Stre,,Minor Arterial,Toronto and East York,43.664045,-79.42649,,Pedestrian Crossover,Clear,Daylight,Dry,Non-Fatal Injury,Rear End,Vehicle Owner,unknown,None,,,Other,,,,,,,,,,,,Yes,,,Yes,,,Yes,Yes,,,,172,Dovercourt Village,93,Dovercourt-Wallace Emerson-Junction (93),D14,626865.478,4835762.1252
2404,4217602,990139,8/17/2007 8:00:00 AM,1425,OSSINGTON Aven,LEEDS Stre,,Minor Arterial,Toronto and East York,43.664045,-79.42649,,Pedestrian Crossover,Clear,Daylight,Dry,Non-Fatal Injury,Rear End,Driver,45 to 49,None,,North,Municipal Transit Bus (TTC),Stopped,Other,Normal,,,,,,,,,Yes,,,Yes,,,Yes,Yes,,,,172,Dovercourt Village,93,Dovercourt-Wallace Emerson-Junction (93),D14,626865.478,4835762.1252
2405,4206772,985455,8/18/2007 8:00:00 AM,1341,MADELAINE AVE,DANFORTH AVE,,Local,Scarborough,43.692446,-79.284587,,No Control,Clear,Daylight,Dry,Non-Fatal Injury,Pedestrian Collisions,Vehicle Owner,unknown,,,,Other,,,,,,,,,,Yes,,,,,,,,,,,,,121,Oakridge,121,Oakridge (121),D41,638241.4094,4839143.2331
2406,4206773,985455,8/18/2007 8:00:00 AM,1341,MADELAINE AVE,DANFORTH AVE,,Local,Scarborough,43.692446,-79.284587,,No Control,Clear,Daylight,Dry,Non-Fatal Injury,Pedestrian Collisions,Pedestrian,60 to 64,Major,,,Other,,,,Pedestrian hit at parking lot,Other,Normal,,,,Yes,,,,,,,,,,,,,121,Oakridge,121,Oakridge (121),D41,638241.4094,4839143.2331
2407,4206774,985456,8/18/2007 8:00:00 AM,1341,MADELAINE AVE,DANFORTH AVE,,Major Arterial,Scarborough,43.692045,-79.28449,,No Control,Clear,Daylight,Dry,Non-Fatal Injury,Pedestrian Collisions,Driver,50 to 54,None,,South,"Automobile, Station Wagon",Going Ahead,Other,Unknown,,,,,,,Yes,,Yes,,,,,,,,,,,121,Oakridge,121,Oakridge (121),D41,638250.1479,4839098.8581
2408,4206775,985456,8/18/2007 8:00:00 AM,1341,MADELAINE AVE,DANFORTH AVE,,Major Arterial,Scarborough,43.692045,-79.28449,,No Control,Clear,Daylight,Dry,Non-Fatal Injury,Pedestrian Collisions,Pedestrian,60 to 64,Major,,,Other,,,,Other / Undefined,Other,Unknown,,,,Yes,,Yes,,,,,,,,,,,121,Oakridge,121,Oakridge (121),D41,638250.1479,4839098.8581