OBJECTID,INDEX,ACCNUM,DATE,TIME,STREET1,STREET2,OFFSET,ROAD_CLASS,DISTRICT,LATITUDE,LONGITUDE,ACCLOC,TRAFFCTL,VISIBILITY,LIGHT,RDSFCOND,ACCLASS,IMPACTYPE,INVTYPE,INVAGE,INJURY,FATAL_NO,INITDIR,VEHTYPE,MANOEUVER,DRIVACT,DRIVCOND,PEDTYPE,PEDACT,PEDCOND,CYCLISTYPE,CYCACT,CYCCOND,PEDESTRIAN,CYCLIST,AUTOMOBILE,MOTORCYCLE,TRUCK,TRSN_CITY_VEH,EMERG_VEH,PASSENGER,SPEEDING,AG_DRIV,REDLIGHT,ALCOHOL,DISABILITY,HOOD_158,NEIGHBOURHOOD_158,HOOD_140,NEIGHBOURHOOD_140,DIVISION,x,y
2409,4206776,985457,8/18/2007 8:00:00 AM,1345,JOHN ST,WESTON RD,,Collector,Etobicoke York,43.701245,-79.51749,,No Control,Clear,Daylight,Dry,Non-Fatal Injury,Pedestrian Collisions,Passenger,20 to 24,None,,,Other,,,,,,,,,,Yes,,Yes,,,,,Yes,Yes,Yes,,,,113,Weston,113,Weston (113),D12,619454.6174,4839758.5544
2410,4206777,985457,8/18/2007 8:00:00 AM,1345,JOHN ST,WESTON RD,,Collector,Etobicoke York,43.701245,-79.51749,,No Control,Clear,Daylight,Dry,Non-Fatal Injury,Pedestrian Collisions,Driver,15 to 19,None,,West,"Automobile, Station Wagon",Going Ahead,Exceeding Speed Limit,Other,,,,,,,Yes,,Yes,,,,,Yes,Yes,Yes,,,,113,Weston,113,Weston (113),D12,619454.6174,4839758.5544
2411,4206778,985457,8/18/2007 8:00:00 AM,1345,JOHN ST,WESTON RD,,Collector,Etobicoke York,43.701245,-79.51749,,No Control,Clear,Daylight,Dry,Non-Fatal Injury,Pedestrian Collisions,Pedestrian,20 to 24,Major,,South,Other,,,,Pedestrian hit at mid-block,"Crossing, no Traffic Control",Normal,,,,Yes,,Yes,,,,,Yes,Yes,Yes,,,,113,Weston,113,Weston (113),D12,619454.6174,4839758.5544
2412,4206846,985490,8/19/2007 8:00:00 AM,1134,ISLINGTON AVE,ROWNTREE MILL RD,,Major Arterial,Etobicoke York,43.753345,-79.56859,,No Control,Clear,Daylight,Dry,Non-Fatal Injury,Pedestrian Collisions,Vehicle Owner,unknown,,,,Other,,,,,,,,,,Yes,,Yes,,,,,,,,,,,21,Humber Summit,21,Humber Summit (21),D31,615237.2115,4845472.6377
2413,4206847,985490,8/19/2007 8:00:00 AM,1134,ISLINGTON AVE,ROWNTREE MILL RD,,Major Arterial,Etobicoke York,43.753345,-79.56859,,No Control,Clear,Daylight,Dry,Non-Fatal Injury,Pedestrian Collisions,Driver,55 to 59,None,,South,"Automobile, Station Wagon",Going Ahead,Other,Inattentive,,,,,,,Yes,,Yes,,,,,,,,,,,21,Humber Summit,21,Humber Summit (21),D31,615237.2115,4845472.6377
2414,4206848,985490,8/19/2007 8:00:00 AM,1134,ISLINGTON AVE,ROWNTREE MILL RD,,Major Arterial,Etobicoke York,43.753345,-79.56859,,No Control,Clear,Daylight,Dry,Non-Fatal Injury,Pedestrian Collisions,Pedestrian,70 to 74,Major,,,Other,,,,Vehicle is reversing and hits pedestrian,Other,Normal,,,,Yes,,Yes,,,,,,,,,,,21,Humber Summit,21,Humber Summit (21),D31,615237.2115,4845472.6377
2415,4219962,991215,8/20/2007 8:00:00 AM,1655,TRITON RD,BOROUGH DR,,Other,Scarborough,43.775345,-79.25299,,No Control,Clear,Daylight,Dry,Non-Fatal Injury,Pedestrian Collisions,Vehicle Owner,unknown,,,,Other,,,,,,,,,,Yes,,,,,Yes,,,,,,,,156,Bendale-Glen Andrew,127,Bendale (127),D43,640593.6381,4848403.5712
2416,4219963,991215,8/20/2007 8:00:00 AM,1655,TRITON RD,BOROUGH DR,,Other,Scarborough,43.775345,-79.25299,,No Control,Clear,Daylight,Dry,Non-Fatal Injury,Pedestrian Collisions,Driver,50 to 54,None,,West,Municipal Transit Bus (TTC),Going Ahead,Driving Properly,Normal,,,,,,,Yes,,,,,Yes,,,,,,,,156,Bendale-Glen Andrew,127,Bendale (127),D43,640593.6381,4848403.5712
2417,4219964,991215,8/20/2007 8:00:00 AM,1655,TRITON RD,BOROUGH DR,,Other,Scarborough,43.775345,-79.25299,,No Control,Clear,Daylight,Dry,Non-Fatal Injury,Pedestrian Collisions,Pedestrian,10 to 14,Major,,North,Other,,,,Pedestrian involved in a collision with transit vehicle anywhere along roadway,Running onto Roadway,Normal,,,,Yes,,,,,Yes,,,,,,,,156,Bendale-Glen Andrew,127,Bendale (127),D43,640593.6381,4848403.5712
2418,4292948,991252,8/22/2007 8:00:00 AM,1204,ST CLAIR AVE W,CALEDONIA RD,,Major Arterial,Toronto and East York,43.675345,-79.45479,,Traffic Signal,Clear,Daylight,Dry,Non-Fatal Injury,Rear End,Driver,90 to 94,None,,West,"Automobile, Station Wagon",Slowing or Stopping,Following too Close,Normal,,,,,,,,,Yes,,,,,,,Yes,,,,92,Corso Italia-Davenport,92,Corso Italia-Davenport (92),D13,624560.3701,4836974.2544
2419,4292949,991252,8/22/2007 8:00:00 AM,1204,ST CLAIR AVE W,CALEDONIA RD,,Major Arterial,Toronto and East York,43.675345,-79.45479,,Traffic Signal,Clear,Daylight,Dry,Non-Fatal Injury,Rear End,Driver,40 to 44,Major,,West,"Automobile, Station Wagon",Stopped,Driving Properly,Normal,,,,,,,,,Yes,,,,,,,Yes,,,,92,Corso Italia-Davenport,92,Corso Italia-Davenport (92),D13,624560.3701,4836974.2544
2420,4219904,991193,8/23/2007 8:00:00 AM,1939,26 GLEN EVEREST RD,,,Local,Scarborough,43.700345,-79.25329,,No Control,Clear,Daylight,Dry,Non-Fatal Injury,SMV Other,Vehicle Owner,unknown,None,,,Other,,,,,,,,,,,,,,,,,,,,,,,122,Birchcliffe-Cliffside,122,Birchcliffe-Cliffside (122),D41,640745.1155,4840073.1854
2421,4219905,991193,8/23/2007 8:00:00 AM,1939,26 GLEN EVEREST RD,,,Local,Scarborough,43.700345,-79.25329,,No Control,Clear,Daylight,Dry,Non-Fatal Injury,SMV Other,,unknown,None,,,Other,,,,,,,,,,,,,,,,,,,,,,,122,Birchcliffe-Cliffside,122,Birchcliffe-Cliffside (122),D41,640745.1155,4840073.1854
2422,4219906,991193,8/23/2007 8:00:00 AM,1939,26 GLEN EVEREST RD,,,Local,Scarborough,43.700345,-79.25329,,No Control,Clear,Daylight,Dry,Non-Fatal Injury,SMV Other,Driver,55 to 59,Major,,North,Other,Reversing,Other,Normal,,,,,,,,,,,,,,,,,,,,122,Birchcliffe-Cliffside,122,Birchcliffe-Cliffside (122),D41,640745.1155,4840073.1854
2423,4220257,991336,8/24/2007 8:00:00 AM,1815,COMBERMERE DR,RAYOAK DR,,Local,North York,43.759545,-79.31809,,Stop Sign,Clear,Daylight,Dry,Non-Fatal Injury,Cyclist Collisions,Vehicle Owner,unknown,,,,Other,,,,,,,,,,,Yes,Yes,,,,,,,,,,,150,Fenside-Parkwoods,45,Parkwoods-Donalda (45),D33,635390.1902,4846540.2478
2424,4220258,991336,8/24/2007 8:00:00 AM,1815,COMBERMERE DR,RAYOAK DR,,Local,North York,43.759545,-79.31809,,Stop Sign,Clear,Daylight,Dry,Non-Fatal Injury,Cyclist Collisions,Driver,20 to 24,None,,West,"Automobile, Station Wagon",Slowing or Stopping,Driving Properly,Normal,,,,,,,,Yes,Yes,,,,,,,,,,,150,Fenside-Parkwoods,45,Parkwoods-Donalda (45),D33,635390.1902,4846540.2478
2425,4220259,991336,8/24/2007 8:00:00 AM,1815,COMBERMERE DR,RAYOAK DR,,Local,North York,43.759545,-79.31809,,Stop Sign,Clear,Daylight,Dry,Non-Fatal Injury,Cyclist Collisions,Cyclist,5 to 9,Major,,North,Bicycle,Other,,,,,,"Cyclist without ROW rides into path of motorist at inter, lnwy, dwy-Cyclist not turn.",Failed to Yield Right of Way,Inattentive,,Yes,Yes,,,,,,,,,,,150,Fenside-Parkwoods,45,Parkwoods-Donalda (45),D33,635390.1902,4846540.2478
2426,4218162,990402,8/27/2007 8:00:00 AM,1441,FINCH Aven E,LESLIE Stre,,Major Arterial,North York,43.790045,-79.36809,At Intersection,Traffic Signal,Clear,Daylight,Dry,Non-Fatal Injury,Cyclist Collisions,Passenger,20 to 24,None,,,Other,,,,,,,,,,,Yes,Yes,,,,,Yes,,,,,,49,Bayview Woods-Steeles,49,Bayview Woods-Steeles (49),D33,631298.4879,4849847.2167
2427,4218163,990402,8/27/2007 8:00:00 AM,1441,FINCH Aven E,LESLIE Stre,,Major Arterial,North York,43.790045,-79.36809,At Intersection,Traffic Signal,Clear,Daylight,Dry,Non-Fatal Injury,Cyclist Collisions,Driver,30 to 34,None,,East,"Automobile, Station Wagon",Going Ahead,Driving Properly,Normal,,,,,,,,Yes,Yes,,,,,Yes,,,,,,49,Bayview Woods-Steeles,49,Bayview Woods-Steeles (49),D33,631298.4879,4849847.2167
2428,4218164,990402,8/27/2007 8:00:00 AM,1441,FINCH Aven E,LESLIE Stre,,Major Arterial,North York,43.790045,-79.36809,At Intersection,Traffic Signal,Clear,Daylight,Dry,Non-Fatal Injury,Cyclist Collisions,Cyclist,70 to 74,Major,,South,Bicycle,Going Ahead,,,,,,"Cyclist without ROW rides into path of motorist at inter, lnwy, dwy-Cyclist not turn.",Disobeyed Traffic Control,Unknown,,Yes,Yes,,,,,Yes,,,,,,49,Bayview Woods-Steeles,49,Bayview Woods-Steeles (49),D33,631298.4879,4849847.2167
2429,4210139,986950,8/28/2007 8:00:00 AM,714,BISHOP Aven,YONGE Stre,,Major Arterial,North York,43.781645,-79.41599,,Traffic Signal,Clear,Daylight,Dry,Non-Fatal Injury,Sideswipe,Vehicle Owner,unknown,None,,,Other,Other,,,,,,,,,,,Yes,,,,,,,,,,,50,Newtonbrook East,50,Newtonbrook East (50),D32,627462.4177,4848839.4004
2430,4210140,986950,8/28/2007 8:00:00 AM,714,BISHOP Aven,YONGE Stre,,Major Arterial,North York,43.781645,-79.41599,,Traffic Signal,Clear,Daylight,Dry,Non-Fatal Injury,Sideswipe,Driver,55 to 59,None,,,"Automobile, Station Wagon",Stopped,,,,,,,,,,,Yes,,,,,,,,,,,50,Newtonbrook East,50,Newtonbrook East (50),D32,627462.4177,4848839.4004
2431,4210141,986950,8/28/2007 8:00:00 AM,714,BISHOP Aven,YONGE Stre,,Major Arterial,North York,43.781645,-79.41599,,Traffic Signal,Clear,Daylight,Dry,Non-Fatal Injury,Sideswipe,Driver,35 to 39,None,,,"Automobile, Station Wagon",Parked,,,,,,,,,,,Yes,,,,,,,,,,,50,Newtonbrook East,50,Newtonbrook East (50),D32,627462.4177,4848839.4004
2432,4210142,986950,8/28/2007 8:00:00 AM,714,BISHOP Aven,YONGE Stre,,Major Arterial,North York,43.781645,-79.41599,,Traffic Signal,Clear,Daylight,Dry,Non-Fatal Injury,Sideswipe,Vehicle Owner,unknown,None,,,Other,Other,,,,,,,,,,,Yes,,,,,,,,,,,50,Newtonbrook East,50,Newtonbrook East (50),D32,627462.4177,4848839.4004
2433,4210143,986950,8/28/2007 8:00:00 AM,714,BISHOP Aven,YONGE Stre,,Major Arterial,North York,43.781645,-79.41599,,Traffic Signal,Clear,Daylight,Dry,Non-Fatal Injury,Sideswipe,Driver,55 to 59,None,,,"Automobile, Station Wagon",Stopped,,,,,,,,,,,Yes,,,,,,,,,,,50,Newtonbrook East,50,Newtonbrook East (50),D32,627462.4177,4848839.4004
2434,4210144,986950,8/28/2007 8:00:00 AM,714,BISHOP Aven,YONGE Stre,,Major Arterial,North York,43.781645,-79.41599,,Traffic Signal,Clear,Daylight,Dry,Non-Fatal Injury,Sideswipe,Driver,90 to 94,Major,,,"Automobile, Station Wagon",Going Ahead,,,,,,,,,,,Yes,,,,,,,,,,,50,Newtonbrook East,50,Newtonbrook East (50),D32,627462.4177,4848839.4004
2435,4292892,987119,8/28/2007 8:00:00 AM,1244,BAY MILLS BLVD,EAGLESTONE RD,,Collector,Scarborough,43.782145,-79.30349,At Intersection,Pedestrian Crossover,Clear,Daylight,Dry,Fatal,Cyclist Collisions,Vehicle Owner,unknown,,,,Other,,,,,,,,,,,Yes,Yes,,,,,,,,,,,118,Tam O'Shanter-Sullivan,118,Tam O'Shanter-Sullivan (118),D42,636514.0423,4849074.2995
2436,4292893,987119,8/28/2007 8:00:00 AM,1244,BAY MILLS BLVD,EAGLESTONE RD,,Collector,Scarborough,43.782145,-79.30349,At Intersection,Pedestrian Crossover,Clear,Daylight,Dry,Fatal,Cyclist Collisions,Driver,40 to 44,None,,East,Delivery Van,Going Ahead,Driving Properly,Normal,,,,,,,,Yes,Yes,,,,,,,,,,,118,Tam O'Shanter-Sullivan,118,Tam O'Shanter-Sullivan (118),D42,636514.0423,4849074.2995
2437,4292894,987119,8/28/2007 8:00:00 AM,1244,BAY MILLS BLVD,EAGLESTONE RD,,Collector,Scarborough,43.782145,-79.30349,At Intersection,Pedestrian Crossover,Clear,Daylight,Dry,Fatal,Cyclist Collisions,Cyclist,5 to 9,Fatal,,South,Bicycle,Going Ahead,,,,,,Cyclist struck at PXO(cyclist either travel in same dir. as veh. or ride across xwalk),Disobeyed Traffic Control,Normal,,Yes,Yes,,,,,,,,,,,118,Tam O'Shanter-Sullivan,118,Tam O'Shanter-Sullivan (118),D42,636514.0423,4849074.2995
2438,4210161,986957,8/28/2007 8:00:00 AM,2027,371 ORTON PARK Rd,,,Other,Scarborough,43.778645,-79.21469,,No Control,Clear,Dark,Dry,Non-Fatal Injury,Sideswipe,Motorcycle Driver,unknown,None,,North,Motorcycle,Going Ahead,Other,Unknown,,,,,,,,,,Yes,,,,,,,,,,135,Morningside,135,Morningside (135),D43,643668.0297,4848835.8421
2439,4210162,986957,8/28/2007 8:00:00 AM,2027,371 ORTON PARK Rd,,,Other,Scarborough,43.778645,-79.21469,,No Control,Clear,Dark,Dry,Non-Fatal Injury,Sideswipe,Motorcycle Driver,55 to 59,Major,,North,Motorcycle,Going Ahead,Other,Unknown,,,,,,,,,,Yes,,,,,,,,,,135,Morningside,135,Morningside (135),D43,643668.0297,4848835.8421
2440,4223202,992609,8/30/2007 8:00:00 AM,1757,DUNDAS ST W,CARLYLE ST,,Major Arterial,Toronto and East York,43.652145,-79.40479,,No Control,Clear,Daylight,Dry,Non-Fatal Injury,Pedestrian Collisions,Vehicle Owner,unknown,,,,Other,,,,,,,,,,Yes,,Yes,,,,,,,,,,,78,Kensington-Chinatown,78,Kensington-Chinatown (78),D14,628640.4845,4834473.885
2441,4223203,992609,8/30/2007 8:00:00 AM,1757,DUNDAS ST W,CARLYLE ST,,Major Arterial,Toronto and East York,43.652145,-79.40479,,No Control,Clear,Daylight,Dry,Non-Fatal Injury,Pedestrian Collisions,Driver,40 to 44,None,,West,"Automobile, Station Wagon",Going Ahead,Driving Properly,Normal,,,,,,,Yes,,Yes,,,,,,,,,,,78,Kensington-Chinatown,78,Kensington-Chinatown (78),D14,628640.4845,4834473.885
2442,4223204,992609,8/30/2007 8:00:00 AM,1757,DUNDAS ST W,CARLYLE ST,,Major Arterial,Toronto and East York,43.652145,-79.40479,,No Control,Clear,Daylight,Dry,Non-Fatal Injury,Pedestrian Collisions,Pedestrian,60 to 64,Major,,South,Other,,,,Vehicle is going straight thru inter.while ped cross without ROW,"Crossing, no Traffic Control",Inattentive,,,,Yes,,Yes,,,,,,,,,,,78,Kensington-Chinatown,78,Kensington-Chinatown (78),D14,628640.4845,4834473.885
2443,4211231,987376,8/30/2007 8:00:00 AM,2252,F G GARDINER XY  W,JAMESON AVE,,,Toronto and East York,43.632745,-79.43379,,No Control,Clear,Dark,Dry,Fatal,SMV Other,Motorcycle Driver,25 to 29,Fatal,,West,Motorcycle,Going Ahead,Lost control,Normal,,,,,,,,,,Yes,,,,,,,,,,85,South Parkdale,85,South Parkdale (85),D14,626342.5101,4832274.7181
2444,4229949,995439,8/31/2007 8:00:00 AM,1129,227 EGLINTON AVE W,,,Major Arterial,North York,43.705245,-79.40559,,No Control,Clear,Daylight,Dry,Non-Fatal Injury,Angle,Driver,40 to 44,Minor,,East,"Automobile, Station Wagon",Going Ahead,Other,Normal,,,,,,,,,Yes,,,,,,,,,,,100,Yonge-Eglinton,100,Yonge-Eglinton (100),D53,628462.6024,4840370.1202
2445,4229950,995439,8/31/2007 8:00:00 AM,1129,227 EGLINTON AVE W,,,Major Arterial,North York,43.705245,-79.40559,,No Control,Clear,Daylight,Dry,Non-Fatal Injury,Angle,Vehicle Owner,unknown,None,,,Other,,,,,,,,,,,,Yes,,,,,,,,,,,100,Yonge-Eglinton,100,Yonge-Eglinton (100),D53,628462.6024,4840370.1202
2446,4229951,995439,8/31/2007 8:00:00 AM,1129,227 EGLINTON AVE W,,,Major Arterial,North York,43.705245,-79.40559,,No Control,Clear,Daylight,Dry,Non-Fatal Injury,Angle,Driver,40 to 44,Major,,North,"Automobile, Station Wagon",Going Ahead,Driving Properly,Normal,,,,,,,,,Yes,,,,,,,,,,,100,Yonge-Eglinton,100,Yonge-Eglinton (100),D53,628462.6024,4840370.1202
2447,4211392,987443,8/31/2007 8:00:00 AM,1409,EGLINTON AVE W,MARTIN GROVE RD,,Major Arterial,Etobicoke York,43.674445,-79.56319,,Traffic Signal,Clear,Daylight,Dry,Non-Fatal Injury,Turning Movement,Truck Driver,45 to 49,None,,West,Truck - Open,Slowing or Stopping,Driving Properly,Normal,,,,,,,,,Yes,,Yes,,,Yes,,,,,,11,Eringate-Centennial-West Deane,11,Eringate-Centennial-West Deane (11),D22,615823.8381,4836717.2289
2448,4211393,987443,8/31/2007 8:00:00 AM,1409,EGLINTON AVE W,MARTIN GROVE RD,,Major Arterial,Etobicoke York,43.674445,-79.56319,,Traffic Signal,Clear,Daylight,Dry,Non-Fatal Injury,Turning Movement,Passenger,30 to 34,None,,,Other,,,,,,,,,,,,Yes,,Yes,,,Yes,,,,,,11,Eringate-Centennial-West Deane,11,Eringate-Centennial-West Deane (11),D22,615823.8381,4836717.2289
2449,4211394,987443,8/31/2007 8:00:00 AM,1409,EGLINTON AVE W,MARTIN GROVE RD,,Major Arterial,Etobicoke York,43.674445,-79.56319,,Traffic Signal,Clear,Daylight,Dry,Non-Fatal Injury,Turning Movement,Driver,40 to 44,None,,East,"Automobile, Station Wagon",Turning Left,Driving Properly,Normal,,,,,,,,,Yes,,Yes,,,Yes,,,,,,11,Eringate-Centennial-West Deane,11,Eringate-Centennial-West Deane (11),D22,615823.8381,4836717.2289
2450,4211395,987443,8/31/2007 8:00:00 AM,1409,EGLINTON AVE W,MARTIN GROVE RD,,Major Arterial,Etobicoke York,43.674445,-79.56319,,Traffic Signal,Clear,Daylight,Dry,Non-Fatal Injury,Turning Movement,Passenger,45 to 49,Minor,,,Other,,,,,,,,,,,,Yes,,Yes,,,Yes,,,,,,11,Eringate-Centennial-West Deane,11,Eringate-Centennial-West Deane (11),D22,615823.8381,4836717.2289
2451,4211396,987443,8/31/2007 8:00:00 AM,1409,EGLINTON AVE W,MARTIN GROVE RD,,Major Arterial,Etobicoke York,43.674445,-79.56319,,Traffic Signal,Clear,Daylight,Dry,Non-Fatal Injury,Turning Movement,Passenger,50 to 54,Minor,,,Other,,,,,,,,,,,,Yes,,Yes,,,Yes,,,,,,11,Eringate-Centennial-West Deane,11,Eringate-Centennial-West Deane (11),D22,615823.8381,4836717.2289
2452,4211397,987443,8/31/2007 8:00:00 AM,1409,EGLINTON AVE W,MARTIN GROVE RD,,Major Arterial,Etobicoke York,43.674445,-79.56319,,Traffic Signal,Clear,Daylight,Dry,Non-Fatal Injury,Turning Movement,Passenger,65 to 69,Minor,,,Other,,,,,,,,,,,,Yes,,Yes,,,Yes,,,,,,11,Eringate-Centennial-West Deane,11,Eringate-Centennial-West Deane (11),D22,615823.8381,4836717.2289
2453,4211398,987443,8/31/2007 8:00:00 AM,1409,EGLINTON AVE W,MARTIN GROVE RD,,Major Arterial,Etobicoke York,43.674445,-79.56319,,Traffic Signal,Clear,Daylight,Dry,Non-Fatal Injury,Turning Movement,Driver,50 to 54,Major,,East,"Automobile, Station Wagon",Slowing or Stopping,Driving Properly,Normal,,,,,,,,,Yes,,Yes,,,Yes,,,,,,11,Eringate-Centennial-West Deane,11,Eringate-Centennial-West Deane (11),D22,615823.8381,4836717.2289
2454,4211399,987443,8/31/2007 8:00:00 AM,1409,EGLINTON AVE W,MARTIN GROVE RD,,Major Arterial,Etobicoke York,43.674445,-79.56319,,Traffic Signal,Clear,Daylight,Dry,Non-Fatal Injury,Turning Movement,Vehicle Owner,unknown,None,,,Other,,,,,,,,,,,,Yes,,Yes,,,Yes,,,,,,11,Eringate-Centennial-West Deane,11,Eringate-Centennial-West Deane (11),D22,615823.8381,4836717.2289
2455,4211400,987443,8/31/2007 8:00:00 AM,1409,EGLINTON AVE W,MARTIN GROVE RD,,Major Arterial,Etobicoke York,43.674445,-79.56319,,Traffic Signal,Clear,Daylight,Dry,Non-Fatal Injury,Turning Movement,Driver,25 to 29,None,,East,"Automobile, Station Wagon",Turning Left,Driving Properly,Normal,,,,,,,,,Yes,,Yes,,,Yes,,,,,,11,Eringate-Centennial-West Deane,11,Eringate-Centennial-West Deane (11),D22,615823.8381,4836717.2289
2456,4211401,987443,8/31/2007 8:00:00 AM,1409,EGLINTON AVE W,MARTIN GROVE RD,,Major Arterial,Etobicoke York,43.674445,-79.56319,,Traffic Signal,Clear,Daylight,Dry,Non-Fatal Injury,Turning Movement,Driver,25 to 29,None,,East,"Automobile, Station Wagon",Slowing or Stopping,Driving Properly,Normal,,,,,,,,,Yes,,Yes,,,Yes,,,,,,11,Eringate-Centennial-West Deane,11,Eringate-Centennial-West Deane (11),D22,615823.8381,4836717.2289
2457,4211402,987443,8/31/2007 8:00:00 AM,1409,EGLINTON AVE W,MARTIN GROVE RD,,Major Arterial,Etobicoke York,43.674445,-79.56319,,Traffic Signal,Clear,Daylight,Dry,Non-Fatal Injury,Turning Movement,Driver,30 to 34,None,,East,"Automobile, Station Wagon",Turning Left,Driving Properly,Normal,,,,,,,,,Yes,,Yes,,,Yes,,,,,,11,Eringate-Centennial-West Deane,11,Eringate-Centennial-West Deane (11),D22,615823.8381,4836717.2289
2458,4211403,987443,8/31/2007 8:00:00 AM,1409,EGLINTON AVE W,MARTIN GROVE RD,,Major Arterial,Etobicoke York,43.674445,-79.56319,,Traffic Signal,Clear,Daylight,Dry,Non-Fatal Injury,Turning Movement,Driver,25 to 29,None,,East,"Automobile, Station Wagon",Slowing or Stopping,Driving Properly,Normal,,,,,,,,,Yes,,Yes,,,Yes,,,,,,11,Eringate-Centennial-West Deane,11,Eringate-Centennial-West Deane (11),D22,615823.8381,4836717.2289
2459,4211404,987443,8/31/2007 8:00:00 AM,1409,EGLINTON AVE W,MARTIN GROVE RD,,Major Arterial,Etobicoke York,43.674445,-79.56319,,Traffic Signal,Clear,Daylight,Dry,Non-Fatal Injury,Turning Movement,Vehicle Owner,unknown,None,,,Other,,,,,,,,,,,,Yes,,Yes,,,Yes,,,,,,11,Eringate-Centennial-West Deane,11,Eringate-Centennial-West Deane (11),D22,615823.8381,4836717.2289
2460,4211405,987443,8/31/2007 8:00:00 AM,1409,EGLINTON AVE W,MARTIN GROVE RD,,Major Arterial,Etobicoke York,43.674445,-79.56319,,Traffic Signal,Clear,Daylight,Dry,Non-Fatal Injury,Turning Movement,Driver,20 to 24,Minor,,East,"Automobile, Station Wagon",Turning Left,Improper Turn,Normal,,,,,,,,,Yes,,Yes,,,Yes,,,,,,11,Eringate-Centennial-West Deane,11,Eringate-Centennial-West Deane (11),D22,615823.8381,4836717.2289
2461,4224104,992979,9/1/2007 8:00:00 AM,1433,UNIVERSITY AVE,GERRARD ST W,,Major Arterial,Toronto and East York,43.657545,-79.38949,At Intersection,Traffic Signal,Clear,Daylight,Dry,Non-Fatal Injury,Turning Movement,Driver,25 to 29,None,,North,"Automobile, Station Wagon",Going Ahead,Driving Properly,Normal,,,,,,,,,Yes,,,,,Yes,,Yes,,,,170,Yonge-Bay Corridor,76,Bay Street Corridor (76),D52,629862.6754,4835097.4584
2462,4224105,992979,9/1/2007 8:00:00 AM,1433,UNIVERSITY AVE,GERRARD ST W,,Major Arterial,Toronto and East York,43.657545,-79.38949,At Intersection,Traffic Signal,Clear,Daylight,Dry,Non-Fatal Injury,Turning Movement,Passenger,25 to 29,Major,,,Other,,,,,,,,,,,,Yes,,,,,Yes,,Yes,,,,170,Yonge-Bay Corridor,76,Bay Street Corridor (76),D52,629862.6754,4835097.4584
2463,4224106,992979,9/1/2007 8:00:00 AM,1433,UNIVERSITY AVE,GERRARD ST W,,Major Arterial,Toronto and East York,43.657545,-79.38949,At Intersection,Traffic Signal,Clear,Daylight,Dry,Non-Fatal Injury,Turning Movement,Vehicle Owner,unknown,None,,,Other,,,,,,,,,,,,Yes,,,,,Yes,,Yes,,,,170,Yonge-Bay Corridor,76,Bay Street Corridor (76),D52,629862.6754,4835097.4584
2464,4224107,992979,9/1/2007 8:00:00 AM,1433,UNIVERSITY AVE,GERRARD ST W,,Major Arterial,Toronto and East York,43.657545,-79.38949,At Intersection,Traffic Signal,Clear,Daylight,Dry,Non-Fatal Injury,Turning Movement,Driver,30 to 34,Minimal,,South,"Automobile, Station Wagon",Turning Left,Failed to Yield Right of Way,Inattentive,,,,,,,,,Yes,,,,,Yes,,Yes,,,,170,Yonge-Bay Corridor,76,Bay Street Corridor (76),D52,629862.6754,4835097.4584
2465,4224108,992979,9/1/2007 8:00:00 AM,1433,UNIVERSITY AVE,GERRARD ST W,,Major Arterial,Toronto and East York,43.657545,-79.38949,At Intersection,Traffic Signal,Clear,Daylight,Dry,Non-Fatal Injury,Turning Movement,Passenger,35 to 39,Major,,,Other,,,,,,,,,,,,Yes,,,,,Yes,,Yes,,,,170,Yonge-Bay Corridor,76,Bay Street Corridor (76),D52,629862.6754,4835097.4584
2466,4224109,992979,9/1/2007 8:00:00 AM,1433,UNIVERSITY AVE,GERRARD ST W,,Major Arterial,Toronto and East York,43.657545,-79.38949,At Intersection,Traffic Signal,Clear,Daylight,Dry,Non-Fatal Injury,Turning Movement,Driver,50 to 54,Minimal,,North,"Automobile, Station Wagon",Going Ahead,Driving Properly,Normal,,,,,,,,,Yes,,,,,Yes,,Yes,,,,170,Yonge-Bay Corridor,76,Bay Street Corridor (76),D52,629862.6754,4835097.4584
2467,4211542,987506,9/1/2007 8:00:00 AM,1605,STEELES Aven E,MARKHAM Road,,Major Arterial,Scarborough,43.836545,-79.25119,At Intersection,Traffic Signal,Clear,Daylight,Dry,Non-Fatal Injury,Angle,Vehicle Owner,unknown,None,,,Other,,,,,,,,,,,,Yes,,,,,Yes,Yes,Yes,Yes,,,130,Milliken,130,Milliken (130),D42,640594.8393,4855203.8827
2468,4211543,987506,9/1/2007 8:00:00 AM,1605,STEELES Aven E,MARKHAM Road,,Major Arterial,Scarborough,43.836545,-79.25119,At Intersection,Traffic Signal,Clear,Daylight,Dry,Non-Fatal Injury,Angle,Driver,45 to 49,Major,,East,"Automobile, Station Wagon",Going Ahead,Disobeyed Traffic Control,Unknown,,,,,,,,,Yes,,,,,Yes,Yes,Yes,Yes,,,130,Milliken,130,Milliken (130),D42,640594.8393,4855203.8827
2469,4211544,987506,9/1/2007 8:00:00 AM,1605,STEELES Aven E,MARKHAM Road,,Major Arterial,Scarborough,43.836545,-79.25119,At Intersection,Traffic Signal,Clear,Daylight,Dry,Non-Fatal Injury,Angle,Passenger,45 to 49,None,,,Other,,,,,,,,,,,,Yes,,,,,Yes,Yes,Yes,Yes,,,130,Milliken,130,Milliken (130),D42,640594.8393,4855203.8827
2470,4211545,987506,9/1/2007 8:00:00 AM,1605,STEELES Aven E,MARKHAM Road,,Major Arterial,Scarborough,43.836545,-79.25119,At Intersection,Traffic Signal,Clear,Daylight,Dry,Non-Fatal Injury,Angle,Driver,50 to 54,None,,North,"Automobile, Station Wagon",Going Ahead,Driving Properly,Normal,,,,,,,,,Yes,,,,,Yes,Yes,Yes,Yes,,,130,Milliken,130,Milliken (130),D42,640594.8393,4855203.8827