OBJECTID,INDEX,ACCNUM,DATE,TIME,STREET1,STREET2,OFFSET,ROAD_CLASS,DISTRICT,LATITUDE,LONGITUDE,ACCLOC,TRAFFCTL,VISIBILITY,LIGHT,RDSFCOND,ACCLASS,IMPACTYPE,INVTYPE,INVAGE,INJURY,FATAL_NO,INITDIR,VEHTYPE,MANOEUVER,DRIVACT,DRIVCOND,PEDTYPE,PEDACT,PEDCOND,CYCLISTYPE,CYCACT,CYCCOND,PEDESTRIAN,CYCLIST,AUTOMOBILE,MOTORCYCLE,TRUCK,TRSN_CITY_VEH,EMERG_VEH,PASSENGER,SPEEDING,AG_DRIV,REDLIGHT,ALCOHOL,DISABILITY,HOOD_158,NEIGHBOURHOOD_158,HOOD_140,NEIGHBOURHOOD_140,DIVISION,x,y
2471,4211546,987506,9/1/2007 8:00:00 AM,1605,STEELES Aven E,MARKHAM Road,,Major Arterial,Scarborough,43.836545,-79.25119,At Intersection,Traffic Signal,Clear,Daylight,Dry,Non-Fatal Injury,Angle,Passenger,0 to 4,Minor,,,Other,,,,,,,,,,,,Yes,,,,,Yes,Yes,Yes,Yes,,,130,Milliken,130,Milliken (130),D42,640594.8393,4855203.8827
2472,4211547,987506,9/1/2007 8:00:00 AM,1605,STEELES Aven E,MARKHAM Road,,Major Arterial,Scarborough,43.836545,-79.25119,At Intersection,Traffic Signal,Clear,Daylight,Dry,Non-Fatal Injury,Angle,Passenger,15 to 19,Minor,,,Other,,,,,,,,,,,,Yes,,,,,Yes,Yes,Yes,Yes,,,130,Milliken,130,Milliken (130),D42,640594.8393,4855203.8827
2473,4211548,987506,9/1/2007 8:00:00 AM,1605,STEELES Aven E,MARKHAM Road,,Major Arterial,Scarborough,43.836545,-79.25119,At Intersection,Traffic Signal,Clear,Daylight,Dry,Non-Fatal Injury,Angle,Driver,35 to 39,None,,North,"Automobile, Station Wagon",Going Ahead,Driving Properly,Normal,,,,,,,,,Yes,,,,,Yes,Yes,Yes,Yes,,,130,Milliken,130,Milliken (130),D42,640594.8393,4855203.8827
2474,4211549,987506,9/1/2007 8:00:00 AM,1605,STEELES Aven E,MARKHAM Road,,Major Arterial,Scarborough,43.836545,-79.25119,At Intersection,Traffic Signal,Clear,Daylight,Dry,Non-Fatal Injury,Angle,Passenger,40 to 44,Minor,,,Other,,,,,,,,,,,,Yes,,,,,Yes,Yes,Yes,Yes,,,130,Milliken,130,Milliken (130),D42,640594.8393,4855203.8827
2475,4211550,987506,9/1/2007 8:00:00 AM,1605,STEELES Aven E,MARKHAM Road,,Major Arterial,Scarborough,43.836545,-79.25119,At Intersection,Traffic Signal,Clear,Daylight,Dry,Non-Fatal Injury,Angle,Driver,40 to 44,Minimal,,South,"Automobile, Station Wagon",Going Ahead,Driving Properly,Normal,,,,,,,,,Yes,,,,,Yes,Yes,Yes,Yes,,,130,Milliken,130,Milliken (130),D42,640594.8393,4855203.8827
2476,4211551,987506,9/1/2007 8:00:00 AM,1605,STEELES Aven E,MARKHAM Road,,Major Arterial,Scarborough,43.836545,-79.25119,At Intersection,Traffic Signal,Clear,Daylight,Dry,Non-Fatal Injury,Angle,Passenger,5 to 9,None,,,Other,,,,,,,,,,,,Yes,,,,,Yes,Yes,Yes,Yes,,,130,Milliken,130,Milliken (130),D42,640594.8393,4855203.8827
2477,4211552,987506,9/1/2007 8:00:00 AM,1605,STEELES Aven E,MARKHAM Road,,Major Arterial,Scarborough,43.836545,-79.25119,At Intersection,Traffic Signal,Clear,Daylight,Dry,Non-Fatal Injury,Angle,Passenger,0 to 4,None,,,Other,,,,,,,,,,,,Yes,,,,,Yes,Yes,Yes,Yes,,,130,Milliken,130,Milliken (130),D42,640594.8393,4855203.8827
2478,4211553,987506,9/1/2007 8:00:00 AM,1605,STEELES Aven E,MARKHAM Road,,Major Arterial,Scarborough,43.836545,-79.25119,At Intersection,Traffic Signal,Clear,Daylight,Dry,Non-Fatal Injury,Angle,Passenger,5 to 9,None,,,Other,,,,,,,,,,,,Yes,,,,,Yes,Yes,Yes,Yes,,,130,Milliken,130,Milliken (130),D42,640594.8393,4855203.8827
2479,4211554,987506,9/1/2007 8:00:00 AM,1605,STEELES Aven E,MARKHAM Road,,Major Arterial,Scarborough,43.836545,-79.25119,At Intersection,Traffic Signal,Clear,Daylight,Dry,Non-Fatal Injury,Angle,Passenger,30 to 34,Minor,,,Other,,,,,,,,,,,,Yes,,,,,Yes,Yes,Yes,Yes,,,130,Milliken,130,Milliken (130),D42,640594.8393,4855203.8827
2480,4211555,987506,9/1/2007 8:00:00 AM,1605,STEELES Aven E,MARKHAM Road,,Major Arterial,Scarborough,43.836545,-79.25119,At Intersection,Traffic Signal,Clear,Daylight,Dry,Non-Fatal Injury,Angle,Driver,30 to 34,None,,North,"Automobile, Station Wagon",Going Ahead,Driving Properly,Normal,,,,,,,,,Yes,,,,,Yes,Yes,Yes,Yes,,,130,Milliken,130,Milliken (130),D42,640594.8393,4855203.8827
2481,4211523,987501,9/1/2007 8:00:00 AM,2350,KENNEDY RD,SUFFERANCE RD,,Major Arterial,Scarborough,43.777545,-79.28569,,No Control,Clear,Dark,Dry,Non-Fatal Injury,SMV Other,Passenger,60 to 64,Major,,,Other,,,,,,,,,,,,Yes,,,,,Yes,,,,,,118,Tam O'Shanter-Sullivan,118,Tam O'Shanter-Sullivan (118),D42,637956.9603,4848592.9051
2482,4211524,987501,9/1/2007 8:00:00 AM,2350,KENNEDY RD,SUFFERANCE RD,,Major Arterial,Scarborough,43.777545,-79.28569,,No Control,Clear,Dark,Dry,Non-Fatal Injury,SMV Other,Passenger,65 to 69,Minimal,,,Other,,,,,,,,,,,,Yes,,,,,Yes,,,,,,118,Tam O'Shanter-Sullivan,118,Tam O'Shanter-Sullivan (118),D42,637956.9603,4848592.9051
2483,4211525,987501,9/1/2007 8:00:00 AM,2350,KENNEDY RD,SUFFERANCE RD,,Major Arterial,Scarborough,43.777545,-79.28569,,No Control,Clear,Dark,Dry,Non-Fatal Injury,SMV Other,Passenger,55 to 59,Minimal,,,Other,,,,,,,,,,,,Yes,,,,,Yes,,,,,,118,Tam O'Shanter-Sullivan,118,Tam O'Shanter-Sullivan (118),D42,637956.9603,4848592.9051
2484,4211526,987501,9/1/2007 8:00:00 AM,2350,KENNEDY RD,SUFFERANCE RD,,Major Arterial,Scarborough,43.777545,-79.28569,,No Control,Clear,Dark,Dry,Non-Fatal Injury,SMV Other,Driver,70 to 74,Minimal,,North,"Automobile, Station Wagon",Going Ahead,Lost control,Had Been Drinking,,,,,,,,,Yes,,,,,Yes,,,,,,118,Tam O'Shanter-Sullivan,118,Tam O'Shanter-Sullivan (118),D42,637956.9603,4848592.9051
2485,4273923,987500,9/2/2007 8:00:00 AM,48,SHEPPARD AVE W,SENTINEL RD,,Major Arterial,North York,43.743645,-79.49179,,Traffic Signal,Clear,Dark,Dry,Fatal,SMV Other,Driver,40 to 44,Fatal,,East,"Automobile, Station Wagon",Going Ahead,Lost control,Unknown,,,,,,,,,Yes,,,,,,,,,,,155,Downsview,26,Downsview-Roding-CFB (26),D31,621439.7396,4844505.0229
2486,4273924,987504,9/2/2007 8:00:00 AM,245,1 MURRAY GLEN DR,,,Local,Scarborough,43.751145,-79.30649,,No Control,Clear,Dark,Dry,Fatal,Cyclist Collisions,Truck Driver,unknown,None,,West,Truck - Open,Going Ahead,Other,Unknown,,,,,,,,Yes,,,Yes,,,,,,,,,119,Wexford/Maryvale,119,Wexford/Maryvale (119),D41,636343.0519,4845626.3296
2487,4273925,987504,9/2/2007 8:00:00 AM,245,1 MURRAY GLEN DR,,,Local,Scarborough,43.751145,-79.30649,,No Control,Clear,Dark,Dry,Fatal,Cyclist Collisions,Vehicle Owner,unknown,,,,Other,,,,,,,,,,,Yes,,,Yes,,,,,,,,,119,Wexford/Maryvale,119,Wexford/Maryvale (119),D41,636343.0519,4845626.3296
2488,4273926,987504,9/2/2007 8:00:00 AM,245,1 MURRAY GLEN DR,,,Local,Scarborough,43.751145,-79.30649,,No Control,Clear,Dark,Dry,Fatal,Cyclist Collisions,Cyclist,40 to 44,Fatal,,West,Bicycle,Going Ahead,,,,,,Insufficient information (to determine cyclist crash type).,Other,Unknown,,Yes,,,Yes,,,,,,,,,119,Wexford/Maryvale,119,Wexford/Maryvale (119),D41,636343.0519,4845626.3296
2489,4226246,993905,9/2/2007 8:00:00 AM,324,BELLAMY RD N,PROGRESS AVE,,Collector,Scarborough,43.780645,-79.24419,,No Control,Clear,Dark,Dry,Non-Fatal Injury,SMV Other,Passenger,20 to 24,Minor,,,Other,,,,,,,,,,,,Yes,,,,,Yes,Yes,Yes,,Yes,,142,Woburn North,137,Woburn (137),D43,641289.3571,4849007.2013
2490,4226247,993905,9/2/2007 8:00:00 AM,324,BELLAMY RD N,PROGRESS AVE,,Collector,Scarborough,43.780645,-79.24419,,No Control,Clear,Dark,Dry,Non-Fatal Injury,SMV Other,Passenger,20 to 24,Minor,,,Other,,,,,,,,,,,,Yes,,,,,Yes,Yes,Yes,,Yes,,142,Woburn North,137,Woburn (137),D43,641289.3571,4849007.2013
2491,4226248,993905,9/2/2007 8:00:00 AM,324,BELLAMY RD N,PROGRESS AVE,,Collector,Scarborough,43.780645,-79.24419,,No Control,Clear,Dark,Dry,Non-Fatal Injury,SMV Other,Passenger,20 to 24,Major,,,Other,,,,,,,,,,,,Yes,,,,,Yes,Yes,Yes,,Yes,,142,Woburn North,137,Woburn (137),D43,641289.3571,4849007.2013
2492,4226249,993905,9/2/2007 8:00:00 AM,324,BELLAMY RD N,PROGRESS AVE,,Collector,Scarborough,43.780645,-79.24419,,No Control,Clear,Dark,Dry,Non-Fatal Injury,SMV Other,Vehicle Owner,unknown,None,,,Other,,,,,,,,,,,,Yes,,,,,Yes,Yes,Yes,,Yes,,142,Woburn North,137,Woburn (137),D43,641289.3571,4849007.2013
2493,4226250,993905,9/2/2007 8:00:00 AM,324,BELLAMY RD N,PROGRESS AVE,,Collector,Scarborough,43.780645,-79.24419,,No Control,Clear,Dark,Dry,Non-Fatal Injury,SMV Other,Driver,25 to 29,Minimal,,North,"Automobile, Station Wagon",Going Ahead,Lost control,"Ability Impaired, Alcohol Over .08",,,,,,,,,Yes,,,,,Yes,Yes,Yes,,Yes,,142,Woburn North,137,Woburn (137),D43,641289.3571,4849007.2013
2494,4226251,993905,9/2/2007 8:00:00 AM,324,BELLAMY RD N,PROGRESS AVE,,Collector,Scarborough,43.780645,-79.24419,,No Control,Clear,Dark,Dry,Non-Fatal Injury,SMV Other,Other Property Owner,unknown,None,,,Other,,,,,,,,,,,,Yes,,,,,Yes,Yes,Yes,,Yes,,142,Woburn North,137,Woburn (137),D43,641289.3571,4849007.2013
2495,4214272,988731,9/2/2007 8:00:00 AM,930,FINCH Aven E,BRIDLETOWNE Circ,,Major Arterial,Scarborough,43.797445,-79.31229,At Intersection,Traffic Signal,Clear,Daylight,Dry,Non-Fatal Injury,Angle,Vehicle Owner,unknown,None,,,Other,Unknown,,,,,,,,,,,Yes,,,,,,,,,,,148,East L'Amoreaux,117,L'Amoreaux (117),D42,635771.2714,4850759.1319
2496,4214273,988731,9/2/2007 8:00:00 AM,930,FINCH Aven E,BRIDLETOWNE Circ,,Major Arterial,Scarborough,43.797445,-79.31229,At Intersection,Traffic Signal,Clear,Daylight,Dry,Non-Fatal Injury,Angle,Driver,unknown,None,,South,"Automobile, Station Wagon",Going Ahead,,,,,,,,,,,Yes,,,,,,,,,,,148,East L'Amoreaux,117,L'Amoreaux (117),D42,635771.2714,4850759.1319
2497,4214274,988731,9/2/2007 8:00:00 AM,930,FINCH Aven E,BRIDLETOWNE Circ,,Major Arterial,Scarborough,43.797445,-79.31229,At Intersection,Traffic Signal,Clear,Daylight,Dry,Non-Fatal Injury,Angle,Driver,70 to 74,Major,,West,"Automobile, Station Wagon",Going Ahead,,,,,,,,,,,Yes,,,,,,,,,,,148,East L'Amoreaux,117,L'Amoreaux (117),D42,635771.2714,4850759.1319
2498,4223916,992910,9/3/2007 8:00:00 AM,630,MCNICOLL AVE,SILVER SPRINGS BLVD,,Minor Arterial,Scarborough,43.811245,-79.30419,,No Control,Clear,Daylight,Dry,Non-Fatal Injury,SMV Other,Driver,45 to 49,Major,,West,"Automobile, Station Wagon",Going Ahead,Other,Fatigue,,,,,,,,,Yes,,,,,,,,,,,116,Steeles,116,Steeles (116),D42,636391.4889,4852305.164
2499,4223917,992910,9/3/2007 8:00:00 AM,630,MCNICOLL AVE,SILVER SPRINGS BLVD,,Minor Arterial,Scarborough,43.811245,-79.30419,,No Control,Clear,Daylight,Dry,Non-Fatal Injury,SMV Other,Other Property Owner,unknown,None,,,Other,,,,,,,,,,,,Yes,,,,,,,,,,,116,Steeles,116,Steeles (116),D42,636391.4889,4852305.164
2500,4212133,987827,9/3/2007 8:00:00 AM,2212,DUNDAS ST E,RIVER ST,,Major Arterial,Toronto and East York,43.661345,-79.35759,,No Control,Clear,Dark,Dry,Non-Fatal Injury,Sideswipe,Driver,25 to 29,None,,East,Other,Stopped,Driving Properly,Normal,,,,,,,,,Yes,,,,,,,,,,,72,Regent Park,72,Regent Park (72),D51,632426.5895,4835569.9212
2501,4212134,987827,9/3/2007 8:00:00 AM,2212,DUNDAS ST E,RIVER ST,,Major Arterial,Toronto and East York,43.661345,-79.35759,,No Control,Clear,Dark,Dry,Non-Fatal Injury,Sideswipe,Vehicle Owner,unknown,None,,,Other,,,,,,,,,,,,Yes,,,,,,,,,,,72,Regent Park,72,Regent Park (72),D51,632426.5895,4835569.9212
2502,4212135,987827,9/3/2007 8:00:00 AM,2212,DUNDAS ST E,RIVER ST,,Major Arterial,Toronto and East York,43.661345,-79.35759,,No Control,Clear,Dark,Dry,Non-Fatal Injury,Sideswipe,Driver,30 to 34,Major,,West,"Automobile, Station Wagon",Going Ahead,Lost control,Normal,,,,,,,,,Yes,,,,,,,,,,,72,Regent Park,72,Regent Park (72),D51,632426.5895,4835569.9212
2503,4212136,987827,9/3/2007 8:00:00 AM,2212,DUNDAS ST E,RIVER ST,,Major Arterial,Toronto and East York,43.661345,-79.35759,,No Control,Clear,Dark,Dry,Non-Fatal Injury,Sideswipe,Vehicle Owner,unknown,None,,,Other,,,,,,,,,,,,Yes,,,,,,,,,,,72,Regent Park,72,Regent Park (72),D51,632426.5895,4835569.9212
2504,4224249,993029,9/4/2007 8:00:00 AM,855,BAYVIEW AVE,SUNNYDENE CRES,,Major Arterial,North York,43.719745,-79.37869,,No Control,Clear,Daylight,Dry,Non-Fatal Injury,Pedestrian Collisions,Wheelchair,90 to 94,Major,,North,Other,Going Ahead,,,Other / Undefined,On Sidewalk or Shoulder,Medical or Physical Disability,,,,Yes,,,,,,,,,,,,,41,Bridle Path-Sunnybrook-York Mills,41,Bridle Path-Sunnybrook-York Mills (41),D53,630598.4742,4842022.5874
2505,4212347,987941,9/4/2007 8:00:00 AM,1015,EGLINTON AVE W,RAKELY CRT,,Major Arterial,Etobicoke York,43.651045,-79.60369,,No Control,Clear,Daylight,Dry,Non-Fatal Injury,Sideswipe,Driver,40 to 44,None,,East,"Automobile, Station Wagon",Going Ahead,Driving Properly,Normal,,,,,,,,,Yes,,,,,,,,,,Yes,NSA,NSA,NSA,NSA,NSA,612602.7733,4834062.6077
2506,4212348,987941,9/4/2007 8:00:00 AM,1015,EGLINTON AVE W,RAKELY CRT,,Major Arterial,Etobicoke York,43.651045,-79.60369,,No Control,Clear,Daylight,Dry,Non-Fatal Injury,Sideswipe,Vehicle Owner,unknown,None,,,Other,,,,,,,,,,,,Yes,,,,,,,,,,Yes,NSA,NSA,NSA,NSA,NSA,612602.7733,4834062.6077
2507,4212349,987941,9/4/2007 8:00:00 AM,1015,EGLINTON AVE W,RAKELY CRT,,Major Arterial,Etobicoke York,43.651045,-79.60369,,No Control,Clear,Daylight,Dry,Non-Fatal Injury,Sideswipe,Driver,50 to 54,Major,,West,"Automobile, Station Wagon",Going Ahead,Lost control,Medical or Physical Disability,,,,,,,,,Yes,,,,,,,,,,Yes,NSA,NSA,NSA,NSA,NSA,612602.7733,4834062.6077
2508,4225160,993458,9/5/2007 8:00:00 AM,535,QUEENS PARK CRES W,QUEENS PARK,,Major Arterial,Toronto and East York,43.665745,-79.39339,,Traffic Signal,Rain,Dark,Wet,Non-Fatal Injury,SMV Other,Driver,75 to 79,Major,,South,"Automobile, Station Wagon",Going Ahead,Speed too Fast For Condition,Inattentive,,,,,,,,,Yes,,,,,,Yes,Yes,,,,169,Bay-Cloverhill,76,Bay Street Corridor (76),D52,629530.5621,4836002.0808
2509,4225063,993424,9/5/2007 8:00:00 AM,830,QUEEN ST W,GLADSTONE AVE,,Major Arterial,Toronto and East York,43.642545,-79.42719,,Traffic Signal,Clear,Daylight,Dry,Non-Fatal Injury,Cyclist Collisions,Driver,unknown,None,,East,"Automobile, Station Wagon",Stopped,Other,Unknown,,,,,,,,Yes,Yes,,,,,,,,,,,84,Little Portugal,84,Little Portugal (84),D14,626854.2983,4833373.1995
2510,4225064,993424,9/5/2007 8:00:00 AM,830,QUEEN ST W,GLADSTONE AVE,,Major Arterial,Toronto and East York,43.642545,-79.42719,,Traffic Signal,Clear,Daylight,Dry,Non-Fatal Injury,Cyclist Collisions,Cyclist,30 to 34,Major,,East,Bicycle,Going Ahead,,,,,,Cyclist struck opened vehicle door,,,,Yes,Yes,,,,,,,,,,,84,Little Portugal,84,Little Portugal (84),D14,626854.2983,4833373.1995
2511,4406046,993657,9/5/2007 8:00:00 AM,1110,10 MUIRHEAD RD,,,Local,North York,43.778545,-79.33799,,No Control,Clear,Daylight,Dry,Non-Fatal Injury,Turning Movement,Driver,20 to 24,Minimal,,South,"Automobile, Station Wagon",Going Ahead,Driving Properly,Normal,,,,,,,,,Yes,,,,,,,,,,,46,Pleasant View,46,Pleasant View (46),D33,633745.9096,4848618.1492
2512,4406047,993657,9/5/2007 8:00:00 AM,1110,10 MUIRHEAD RD,,,Local,North York,43.778545,-79.33799,,No Control,Clear,Daylight,Dry,Non-Fatal Injury,Turning Movement,Driver,65 to 69,Major,,North,"Automobile, Station Wagon",Turning Left,Improper Turn,Normal,,,,,,,,,Yes,,,,,,,,,,,46,Pleasant View,46,Pleasant View (46),D33,633745.9096,4848618.1492
2513,4225065,993425,9/6/2007 8:00:00 AM,826,ISLINGTON AVE,ST GEORGES BLVD,,Major Arterial,Etobicoke York,43.703245,-79.54959,At Intersection,Stop Sign,Clear,Daylight,Dry,Non-Fatal Injury,Turning Movement,Driver,35 to 39,None,,South,"Automobile, Station Wagon",Going Ahead,Driving Properly,Normal,,,,,,,,,Yes,,,,,,,,,,,6,Kingsview Village-The Westway,6,Kingsview Village-The Westway (6),D23,616864.2246,4839934.9339
2514,4225066,993425,9/6/2007 8:00:00 AM,826,ISLINGTON AVE,ST GEORGES BLVD,,Major Arterial,Etobicoke York,43.703245,-79.54959,At Intersection,Stop Sign,Clear,Daylight,Dry,Non-Fatal Injury,Turning Movement,Driver,40 to 44,Major,,East,"Automobile, Station Wagon",Turning Left,Improper Turn,Normal,,,,,,,,,Yes,,,,,,,,,,,6,Kingsview Village-The Westway,6,Kingsview Village-The Westway (6),D23,616864.2246,4839934.9339
2515,4213823,988551,9/6/2007 8:00:00 AM,1530,YONGE ST,ALBERTUS AVE,,Major Arterial,North York,43.714545,-79.39999,At Intersection,No Control,Clear,Daylight,Dry,Non-Fatal Injury,Pedestrian Collisions,Driver,55 to 59,None,,South,"Automobile, Station Wagon",Going Ahead,Driving Properly,Normal,,,,,,,Yes,,Yes,,,,,,,,,,,99,Mount Pleasant East,99,Mount Pleasant East (99),D53,628893.8656,4841411.7097
2516,4213824,988551,9/6/2007 8:00:00 AM,1530,YONGE ST,ALBERTUS AVE,,Major Arterial,North York,43.714545,-79.39999,At Intersection,No Control,Clear,Daylight,Dry,Non-Fatal Injury,Pedestrian Collisions,Pedestrian,80 to 84,Major,,West,Other,,,,Vehicle is going straight thru inter.while ped cross without ROW,Running onto Roadway,Inattentive,,,,Yes,,Yes,,,,,,,,,,,99,Mount Pleasant East,99,Mount Pleasant East (99),D53,628893.8656,4841411.7097
2517,4225348,993532,9/7/2007 8:00:00 AM,510,FINCH AVE E,LONGMORE ST,,Major Arterial,North York,43.782545,-79.40279,,No Control,Clear,Dark,Dry,Non-Fatal Injury,SMV Other,Passenger,20 to 24,Major,,,Other,,,,,,,,,,,,Yes,,,,,Yes,,Yes,,,,152,East Willowdale,51,Willowdale East (51),D32,628522.6788,4848959.7675
2518,4225349,993532,9/7/2007 8:00:00 AM,510,FINCH AVE E,LONGMORE ST,,Major Arterial,North York,43.782545,-79.40279,,No Control,Clear,Dark,Dry,Non-Fatal Injury,SMV Other,Driver,15 to 19,Minor,,East,"Automobile, Station Wagon",Going Ahead,Lost control,Unknown,,,,,,,,,Yes,,,,,Yes,,Yes,,,,152,East Willowdale,51,Willowdale East (51),D32,628522.6788,4848959.7675
2519,4223727,992822,9/7/2007 8:00:00 AM,1330,5001 FINCH AVE E,,,Major Arterial,Scarborough,43.807745,-79.26789,,No Control,Clear,Daylight,Dry,Non-Fatal Injury,Pedestrian Collisions,Vehicle Owner,unknown,,,,Other,,,,,,,,,,Yes,,Yes,,,,,,,,,,,129,Agincourt North,129,Agincourt North (129),D42,639319.2134,4851976.9125
2520,4223728,992822,9/7/2007 8:00:00 AM,1330,5001 FINCH AVE E,,,Major Arterial,Scarborough,43.807745,-79.26789,,No Control,Clear,Daylight,Dry,Non-Fatal Injury,Pedestrian Collisions,Driver,60 to 64,None,,West,"Automobile, Station Wagon",Slowing or Stopping,Driving Properly,Inattentive,,,,,,,Yes,,Yes,,,,,,,,,,,129,Agincourt North,129,Agincourt North (129),D42,639319.2134,4851976.9125
2521,4223729,992822,9/7/2007 8:00:00 AM,1330,5001 FINCH AVE E,,,Major Arterial,Scarborough,43.807745,-79.26789,,No Control,Clear,Daylight,Dry,Non-Fatal Injury,Pedestrian Collisions,Pedestrian,45 to 49,Major,,,Other,,,,Vehicle is reversing and hits pedestrian,Playing or Working on Highway,Inattentive,,,,Yes,,Yes,,,,,,,,,,,129,Agincourt North,129,Agincourt North (129),D42,639319.2134,4851976.9125
2522,4223730,992822,9/7/2007 8:00:00 AM,1330,5001 FINCH AVE E,,,Major Arterial,Scarborough,43.807745,-79.26789,,No Control,Clear,Daylight,Dry,Non-Fatal Injury,Pedestrian Collisions,Vehicle Owner,unknown,,,,Other,,,,,,,,,,Yes,,Yes,,,,,,,,,,,129,Agincourt North,129,Agincourt North (129),D42,639319.2134,4851976.9125
2523,4223731,992822,9/7/2007 8:00:00 AM,1330,5001 FINCH AVE E,,,Major Arterial,Scarborough,43.807745,-79.26789,,No Control,Clear,Daylight,Dry,Non-Fatal Injury,Pedestrian Collisions,Driver,45 to 49,None,,East,Other,Reversing,Other,Inattentive,,,,,,,Yes,,Yes,,,,,,,,,,,129,Agincourt North,129,Agincourt North (129),D42,639319.2134,4851976.9125
2524,4225503,993583,9/8/2007 8:00:00 AM,1041,10155 SHEPPARD AVE E,,,Minor Arterial,Scarborough,43.805445,-79.15969,,No Control,Clear,Daylight,Dry,Non-Fatal Injury,Cyclist Collisions,Vehicle Owner,unknown,,,,Other,,,,,,,,,,,Yes,Yes,,,,,,,Yes,,,,143,West Rouge,131,Rouge (131),D42,648027.8777,4851909.3377
2525,4225504,993583,9/8/2007 8:00:00 AM,1041,10155 SHEPPARD AVE E,,,Minor Arterial,Scarborough,43.805445,-79.15969,,No Control,Clear,Daylight,Dry,Non-Fatal Injury,Cyclist Collisions,Driver,40 to 44,None,,East,"Automobile, Station Wagon",Reversing,Failed to Yield Right of Way,Normal,,,,,,,,Yes,Yes,,,,,,,Yes,,,,143,West Rouge,131,Rouge (131),D42,648027.8777,4851909.3377
2526,4225505,993583,9/8/2007 8:00:00 AM,1041,10155 SHEPPARD AVE E,,,Minor Arterial,Scarborough,43.805445,-79.15969,,No Control,Clear,Daylight,Dry,Non-Fatal Injury,Cyclist Collisions,Cyclist,60 to 64,Major,,South,Bicycle,Going Ahead,,,,,,Motorist reversing struck cyclist.,Driving Properly,Normal,,Yes,Yes,,,,,,,Yes,,,,143,West Rouge,131,Rouge (131),D42,648027.8777,4851909.3377
2527,4225640,993646,9/9/2007 8:00:00 AM,300,ADELAIDE ST W,PETER ST,,Major Arterial,Toronto and East York,43.647345,-79.39289,At Intersection,Traffic Signal,Clear,Dark,Dry,Non-Fatal Injury,Pedestrian Collisions,Vehicle Owner,unknown,None,,,Other,,,,,,,,,,Yes,,Yes,,,,,,,,,,,164,Wellington Place,77,Waterfront Communities-The Island (77),D52,629610.4551,4833959.2988
2528,4225641,993646,9/9/2007 8:00:00 AM,300,ADELAIDE ST W,PETER ST,,Major Arterial,Toronto and East York,43.647345,-79.39289,At Intersection,Traffic Signal,Clear,Dark,Dry,Non-Fatal Injury,Pedestrian Collisions,Driver,45 to 49,None,,East,"Automobile, Station Wagon",Going Ahead,Driving Properly,Normal,,,,,,,Yes,,Yes,,,,,,,,,,,164,Wellington Place,77,Waterfront Communities-The Island (77),D52,629610.4551,4833959.2988
2529,4225642,993646,9/9/2007 8:00:00 AM,300,ADELAIDE ST W,PETER ST,,Major Arterial,Toronto and East York,43.647345,-79.39289,At Intersection,Traffic Signal,Clear,Dark,Dry,Non-Fatal Injury,Pedestrian Collisions,Pedestrian,15 to 19,Major,,North,Other,,,,Vehicle is going straight thru inter.while ped cross without ROW,Crossing without right of way,Had Been Drinking,,,,Yes,,Yes,,,,,,,,,,,164,Wellington Place,77,Waterfront Communities-The Island (77),D52,629610.4551,4833959.2988
2530,4220606,991480,9/9/2007 8:00:00 AM,2030,DON MILLS RD,DVP S DON MILLS N RAMP RD S,,Major Arterial,Toronto and East York,43.702145,-79.33599,At Intersection,Stop Sign,Clear,Dark,Dry,Non-Fatal Injury,Angle,Passenger,15 to 19,Minor,,,Other,Other,,,,,,,,,,,Yes,,,,,Yes,,Yes,,,,58,Old East York,58,Old East York (58),D55,634077.2873,4840136.0279
2531,4220607,991480,9/9/2007 8:00:00 AM,2030,DON MILLS RD,DVP S DON MILLS N RAMP RD S,,Major Arterial,Toronto and East York,43.702145,-79.33599,At Intersection,Stop Sign,Clear,Dark,Dry,Non-Fatal Injury,Angle,Driver,45 to 49,Major,,North,"Automobile, Station Wagon",Going Ahead,Failed to Yield Right of Way,Normal,,,,,,,,,Yes,,,,,Yes,,Yes,,,,58,Old East York,58,Old East York (58),D55,634077.2873,4840136.0279
2532,4220608,991480,9/9/2007 8:00:00 AM,2030,DON MILLS RD,DVP S DON MILLS N RAMP RD S,,Major Arterial,Toronto and East York,43.702145,-79.33599,At Intersection,Stop Sign,Clear,Dark,Dry,Non-Fatal Injury,Angle,Vehicle Owner,unknown,,,,Other,,,,,,,,,,,,Yes,,,,,Yes,,Yes,,,,58,Old East York,58,Old East York (58),D55,634077.2873,4840136.0279
2533,4220609,991480,9/9/2007 8:00:00 AM,2030,DON MILLS RD,DVP S DON MILLS N RAMP RD S,,Major Arterial,Toronto and East York,43.702145,-79.33599,At Intersection,Stop Sign,Clear,Dark,Dry,Non-Fatal Injury,Angle,Driver,25 to 29,Minor,,North,"Automobile, Station Wagon",Going Ahead,Driving Properly,Normal,,,,,,,,,Yes,,,,,Yes,,Yes,,,,58,Old East York,58,Old East York (58),D55,634077.2873,4840136.0279
2534,4216009,989495,9/10/2007 8:00:00 AM,1635,EGLINTON AVE E,PHARMACY AVE,,Major Arterial,Scarborough,43.726545,-79.29319,,No Control,Clear,Daylight,Dry,Non-Fatal Injury,Pedestrian Collisions,Vehicle Owner,unknown,,,,Other,,,,,,,,,,Yes,,Yes,,,,,,,Yes,,,,120,Clairlea-Birchmount,120,Clairlea-Birchmount (120),D41,637470.1234,4842916.1112
2535,4216010,989495,9/10/2007 8:00:00 AM,1635,EGLINTON AVE E,PHARMACY AVE,,Major Arterial,Scarborough,43.726545,-79.29319,,No Control,Clear,Daylight,Dry,Non-Fatal Injury,Pedestrian Collisions,Driver,40 to 44,None,,West,"Automobile, Station Wagon",Going Ahead,Failed to Yield Right of Way,Normal,,,,,,,Yes,,Yes,,,,,,,Yes,,,,120,Clairlea-Birchmount,120,Clairlea-Birchmount (120),D41,637470.1234,4842916.1112
2536,4216011,989495,9/10/2007 8:00:00 AM,1635,EGLINTON AVE E,PHARMACY AVE,,Major Arterial,Scarborough,43.726545,-79.29319,,No Control,Clear,Daylight,Dry,Non-Fatal Injury,Pedestrian Collisions,Pedestrian,55 to 59,Major,,South,Other,,,,Pedestrian hit at mid-block,"Crossing, no Traffic Control",Normal,,,,Yes,,Yes,,,,,,,Yes,,,,120,Clairlea-Birchmount,120,Clairlea-Birchmount (120),D41,637470.1234,4842916.1112