OBJECTID,INDEX,ACCNUM,DATE,TIME,STREET1,STREET2,OFFSET,ROAD_CLASS,DISTRICT,LATITUDE,LONGITUDE,ACCLOC,TRAFFCTL,VISIBILITY,LIGHT,RDSFCOND,ACCLASS,IMPACTYPE,INVTYPE,INVAGE,INJURY,FATAL_NO,INITDIR,VEHTYPE,MANOEUVER,DRIVACT,DRIVCOND,PEDTYPE,PEDACT,PEDCOND,CYCLISTYPE,CYCACT,CYCCOND,PEDESTRIAN,CYCLIST,AUTOMOBILE,MOTORCYCLE,TRUCK,TRSN_CITY_VEH,EMERG_VEH,PASSENGER,SPEEDING,AG_DRIV,REDLIGHT,ALCOHOL,DISABILITY,HOOD_158,NEIGHBOURHOOD_158,HOOD_140,NEIGHBOURHOOD_140,DIVISION,x,y
2537,4274060,994409,9/11/2007 8:00:00 AM,610,KENNEDY RD,ELLESMERE RD,,Major Arterial,Scarborough,43.765745,-79.28109,At Intersection,Traffic Signal,Rain,Dark,Wet,Non-Fatal Injury,Pedestrian Collisions,Driver,55 to 59,None,,East,"Automobile, Station Wagon",Turning Left,Failed to Yield Right of Way,Unknown,,,,,,,Yes,,Yes,,,,,,,Yes,,,,126,Dorset Park,126,Dorset Park (126),D41,638354.3515,4847290.0073
2538,4274061,994409,9/11/2007 8:00:00 AM,610,KENNEDY RD,ELLESMERE RD,,Major Arterial,Scarborough,43.765745,-79.28109,At Intersection,Traffic Signal,Rain,Dark,Wet,Non-Fatal Injury,Pedestrian Collisions,Pedestrian,45 to 49,Major,,East,Other,,,,Vehicle turns left while ped crosses with ROW at inter.,Crossing with right of way,Normal,,,,Yes,,Yes,,,,,,,Yes,,,,126,Dorset Park,126,Dorset Park (126),D41,638354.3515,4847290.0073
2539,4231577,996101,9/11/2007 8:00:00 AM,1510,DON MILLS RD,EGLINTON AVE E,,Major Arterial,North York,43.720445,-79.33889,,Traffic Signal,Clear,Daylight,Dry,Non-Fatal Injury,Turning Movement,Driver,30 to 34,Major,,South,"Automobile, Station Wagon",Going Ahead,Driving Properly,Normal,,,,,,,,,Yes,,,,,,,,,,,44,Flemingdon Park,44,Flemingdon Park (44),D55,633802.8876,4842163.819
2540,4231578,996101,9/11/2007 8:00:00 AM,1510,DON MILLS RD,EGLINTON AVE E,,Major Arterial,North York,43.720445,-79.33889,,Traffic Signal,Clear,Daylight,Dry,Non-Fatal Injury,Turning Movement,Driver,80 to 84,None,,North,"Automobile, Station Wagon",Turning Left,Improper Turn,Normal,,,,,,,,,Yes,,,,,,,,,,,44,Flemingdon Park,44,Flemingdon Park (44),D55,633802.8876,4842163.819
2541,4217300,990014,9/13/2007 8:00:00 AM,1005,OAKDALE RD,FINCH AVE W,,Major Arterial,Etobicoke York,43.755945,-79.52429,At Intersection,Traffic Signal,Clear,Daylight,Dry,Fatal,Pedestrian Collisions,Vehicle Owner,unknown,,,,Other,,,,,,,,,,Yes,,,,Yes,,,,,,,,,24,Black Creek,24,Black Creek (24),D31,618798.5119,4845823.9901
2542,4217301,990014,9/13/2007 8:00:00 AM,1005,OAKDALE RD,FINCH AVE W,,Major Arterial,Etobicoke York,43.755945,-79.52429,At Intersection,Traffic Signal,Clear,Daylight,Dry,Fatal,Pedestrian Collisions,Truck Driver,20 to 24,None,,North,Truck - Open,Turning Left,Driving Properly,Normal,,,,,,,Yes,,,,Yes,,,,,,,,,24,Black Creek,24,Black Creek (24),D31,618798.5119,4845823.9901
2543,4217302,990014,9/13/2007 8:00:00 AM,1005,OAKDALE RD,FINCH AVE W,,Major Arterial,Etobicoke York,43.755945,-79.52429,At Intersection,Traffic Signal,Clear,Daylight,Dry,Fatal,Pedestrian Collisions,Pedestrian,65 to 69,Fatal,,South,Other,,,,Vehicle turns left while ped crosses without ROW at inter.,Crossing without right of way,Unknown,,,,Yes,,,,Yes,,,,,,,,,24,Black Creek,24,Black Creek (24),D31,618798.5119,4845823.9901
2544,4226897,994169,9/13/2007 8:00:00 AM,1851,PEARSON AVE,RONCESVALLES AVE,,Minor Arterial,Toronto and East York,43.641945,-79.44729,At Intersection,No Control,Clear,Daylight,Dry,Non-Fatal Injury,Pedestrian Collisions,Driver,40 to 44,None,,South,"Automobile, Station Wagon",Turning Left,Failed to Yield Right of Way,Inattentive,,,,,,,Yes,,Yes,,,,,,,Yes,,,,86,Roncesvalles,86,Roncesvalles (86),D11,625234.3726,4833276.0369
2545,4226898,994169,9/13/2007 8:00:00 AM,1851,PEARSON AVE,RONCESVALLES AVE,,Minor Arterial,Toronto and East York,43.641945,-79.44729,At Intersection,No Control,Clear,Daylight,Dry,Non-Fatal Injury,Pedestrian Collisions,Pedestrian,65 to 69,Major,,South,Other,,,,Vehicle turns left while ped crosses with ROW at inter.,Crossing with right of way,Normal,,,,Yes,,Yes,,,,,,,Yes,,,,86,Roncesvalles,86,Roncesvalles (86),D11,625234.3726,4833276.0369
2546,4227228,994300,9/14/2007 8:00:00 AM,820,AUKLAND RD,SUBWAY CRES W,,Major Arterial,Etobicoke York,43.638345,-79.53769,,No Control,Clear,Daylight,Dry,Non-Fatal Injury,Pedestrian Collisions,Driver,20 to 24,None,,North,"Automobile, Station Wagon",Going Ahead,Driving Properly,Normal,,,,,,,Yes,,Yes,,,,,,,,,,,159,Etobicoke City Centre,14,Islington-City Centre West (14),D22,617950.1101,4832743.7818
2547,4227229,994300,9/14/2007 8:00:00 AM,820,AUKLAND RD,SUBWAY CRES W,,Major Arterial,Etobicoke York,43.638345,-79.53769,,No Control,Clear,Daylight,Dry,Non-Fatal Injury,Pedestrian Collisions,Pedestrian,35 to 39,Major,,West,Other,,,,Pedestrian hit at mid-block,"Crossing, no Traffic Control",Inattentive,,,,Yes,,Yes,,,,,,,,,,,159,Etobicoke City Centre,14,Islington-City Centre West (14),D22,617950.1101,4832743.7818
2548,4227792,994544,9/14/2007 8:00:00 AM,1450,ALBION RD,FINCH AVE W,,Major Arterial,Etobicoke York,43.740745,-79.58699,,Stop Sign,Clear,Daylight,Dry,Non-Fatal Injury,Turning Movement,Vehicle Owner,unknown,None,,,Other,,,,,,,,,,,,Yes,,,,,,,Yes,,,,2,Mount Olive-Silverstone-Jamestown,2,Mount Olive-Silverstone-Jamestown (2),D23,613779.7587,4844047.793
2549,4227793,994544,9/14/2007 8:00:00 AM,1450,ALBION RD,FINCH AVE W,,Major Arterial,Etobicoke York,43.740745,-79.58699,,Stop Sign,Clear,Daylight,Dry,Non-Fatal Injury,Turning Movement,Driver,45 to 49,None,,South,"Automobile, Station Wagon",Turning Right,Failed to Yield Right of Way,Normal,,,,,,,,,Yes,,,,,,,Yes,,,,2,Mount Olive-Silverstone-Jamestown,2,Mount Olive-Silverstone-Jamestown (2),D23,613779.7587,4844047.793
2550,4227794,994544,9/14/2007 8:00:00 AM,1450,ALBION RD,FINCH AVE W,,Major Arterial,Etobicoke York,43.740745,-79.58699,,Stop Sign,Clear,Daylight,Dry,Non-Fatal Injury,Turning Movement,Driver,20 to 24,Major,,West,"Automobile, Station Wagon",Going Ahead,Driving Properly,Normal,,,,,,,,,Yes,,,,,,,Yes,,,,2,Mount Olive-Silverstone-Jamestown,2,Mount Olive-Silverstone-Jamestown (2),D23,613779.7587,4844047.793
2551,4226178,993875,9/14/2007 8:00:00 AM,1814,WILSON AVE,INGLESIDE DR,,Major Arterial,North York,43.727945,-79.47849,,No Control,Rain,Daylight,Wet,Non-Fatal Injury,Cyclist Collisions,Vehicle Owner,unknown,,,,Other,,,,,,,,,,,Yes,Yes,,,,,,,Yes,,,,155,Downsview,26,Downsview-Roding-CFB (26),D31,622542.6723,4842780.8935
2552,4226179,993875,9/14/2007 8:00:00 AM,1814,WILSON AVE,INGLESIDE DR,,Major Arterial,North York,43.727945,-79.47849,,No Control,Rain,Daylight,Wet,Non-Fatal Injury,Cyclist Collisions,Driver,45 to 49,None,,South,"Automobile, Station Wagon",Going Ahead,Failed to Yield Right of Way,Normal,,,,,,,,Yes,Yes,,,,,,,Yes,,,,155,Downsview,26,Downsview-Roding-CFB (26),D31,622542.6723,4842780.8935
2553,4226180,993875,9/14/2007 8:00:00 AM,1814,WILSON AVE,INGLESIDE DR,,Major Arterial,North York,43.727945,-79.47849,,No Control,Rain,Daylight,Wet,Non-Fatal Injury,Cyclist Collisions,Cyclist,30 to 34,Major,,West,Bicycle,Going Ahead,,,,,,"Motorist without ROW drives into path of cyclist at inter, lnwy, dwy-Driver not turn.",Driving Properly,Normal,,Yes,Yes,,,,,,,Yes,,,,155,Downsview,26,Downsview-Roding-CFB (26),D31,622542.6723,4842780.8935
2554,4217833,990256,9/14/2007 8:00:00 AM,1913,MANITOBA ST,WESLEY ST,,Local,Etobicoke York,43.622245,-79.49749,,Stop Sign,Rain,Dawn,Wet,Non-Fatal Injury,Angle,Passenger,10 to 14,None,,,Other,,,,,,,,,,,,Yes,,,,,Yes,,Yes,,,,160,Mimico-Queensway,17,Mimico (includes Humber Bay Shores) (17),D22,621225.0372,4831013.5853
2555,4217834,990256,9/14/2007 8:00:00 AM,1913,MANITOBA ST,WESLEY ST,,Local,Etobicoke York,43.622245,-79.49749,,Stop Sign,Rain,Dawn,Wet,Non-Fatal Injury,Angle,Vehicle Owner,unknown,None,,,Other,,,,,,,,,,,,Yes,,,,,Yes,,Yes,,,,160,Mimico-Queensway,17,Mimico (includes Humber Bay Shores) (17),D22,621225.0372,4831013.5853
2556,4217835,990256,9/14/2007 8:00:00 AM,1913,MANITOBA ST,WESLEY ST,,Local,Etobicoke York,43.622245,-79.49749,,Stop Sign,Rain,Dawn,Wet,Non-Fatal Injury,Angle,Driver,40 to 44,Major,,North,"Automobile, Station Wagon",Slowing or Stopping,Driving Properly,Normal,,,,,,,,,Yes,,,,,Yes,,Yes,,,,160,Mimico-Queensway,17,Mimico (includes Humber Bay Shores) (17),D22,621225.0372,4831013.5853
2557,4217836,990256,9/14/2007 8:00:00 AM,1913,MANITOBA ST,WESLEY ST,,Local,Etobicoke York,43.622245,-79.49749,,Stop Sign,Rain,Dawn,Wet,Non-Fatal Injury,Angle,Passenger,0 to 4,None,,,Other,,,,,,,,,,,,Yes,,,,,Yes,,Yes,,,,160,Mimico-Queensway,17,Mimico (includes Humber Bay Shores) (17),D22,621225.0372,4831013.5853
2558,4217837,990256,9/14/2007 8:00:00 AM,1913,MANITOBA ST,WESLEY ST,,Local,Etobicoke York,43.622245,-79.49749,,Stop Sign,Rain,Dawn,Wet,Non-Fatal Injury,Angle,Driver,45 to 49,Minimal,,South,"Automobile, Station Wagon",Going Ahead,Failed to Yield Right of Way,Normal,,,,,,,,,Yes,,,,,Yes,,Yes,,,,160,Mimico-Queensway,17,Mimico (includes Humber Bay Shores) (17),D22,621225.0372,4831013.5853
2559,4217838,990256,9/14/2007 8:00:00 AM,1913,MANITOBA ST,WESLEY ST,,Local,Etobicoke York,43.622245,-79.49749,,Stop Sign,Rain,Dawn,Wet,Non-Fatal Injury,Angle,Vehicle Owner,unknown,None,,,Other,,,,,,,,,,,,Yes,,,,,Yes,,Yes,,,,160,Mimico-Queensway,17,Mimico (includes Humber Bay Shores) (17),D22,621225.0372,4831013.5853
2560,4217839,990256,9/14/2007 8:00:00 AM,1913,MANITOBA ST,WESLEY ST,,Local,Etobicoke York,43.622245,-79.49749,,Stop Sign,Rain,Dawn,Wet,Non-Fatal Injury,Angle,Passenger,25 to 29,Minimal,,,Other,,,,,,,,,,,,Yes,,,,,Yes,,Yes,,,,160,Mimico-Queensway,17,Mimico (includes Humber Bay Shores) (17),D22,621225.0372,4831013.5853
2561,4217840,990256,9/14/2007 8:00:00 AM,1913,MANITOBA ST,WESLEY ST,,Local,Etobicoke York,43.622245,-79.49749,,Stop Sign,Rain,Dawn,Wet,Non-Fatal Injury,Angle,Driver,35 to 39,Minimal,,East,"Automobile, Station Wagon",Going Ahead,Driving Properly,Normal,,,,,,,,,Yes,,,,,Yes,,Yes,,,,160,Mimico-Queensway,17,Mimico (includes Humber Bay Shores) (17),D22,621225.0372,4831013.5853
2562,4226939,994188,9/15/2007 8:00:00 AM,2116,DANFORTH RD,ST CLAIR AVE E,,Major Arterial,Scarborough,43.716845,-79.25989,At Intersection,Traffic Signal,Clear,Dark,Dry,Non-Fatal Injury,Cyclist Collisions,Vehicle Owner,unknown,None,,,Other,,,,,,,,,,,Yes,Yes,,,,,,,Yes,,,,120,Clairlea-Birchmount,120,Clairlea-Birchmount (120),D41,640174.8292,4841894.5658
2563,4226940,994188,9/15/2007 8:00:00 AM,2116,DANFORTH RD,ST CLAIR AVE E,,Major Arterial,Scarborough,43.716845,-79.25989,At Intersection,Traffic Signal,Clear,Dark,Dry,Non-Fatal Injury,Cyclist Collisions,Driver,55 to 59,None,,South,"Automobile, Station Wagon",Turning Right,Failed to Yield Right of Way,Normal,,,,,,,,Yes,Yes,,,,,,,Yes,,,,120,Clairlea-Birchmount,120,Clairlea-Birchmount (120),D41,640174.8292,4841894.5658
2564,4226941,994188,9/15/2007 8:00:00 AM,2116,DANFORTH RD,ST CLAIR AVE E,,Major Arterial,Scarborough,43.716845,-79.25989,At Intersection,Traffic Signal,Clear,Dark,Dry,Non-Fatal Injury,Cyclist Collisions,Cyclist,15 to 19,Major,,North,Bicycle,Going Ahead,,,,,,Motorist turning right on red at signalized intersection strikes cyclist.,,,,Yes,Yes,,,,,,,Yes,,,,120,Clairlea-Birchmount,120,Clairlea-Birchmount (120),D41,640174.8292,4841894.5658
2565,4219064,990803,9/18/2007 8:00:00 AM,18,VICTORIA PARK AVE,HOLLAND AVE,,Major Arterial,Toronto and East York,43.715945,-79.29899,At Intersection,No Control,Clear,Dark,Dry,Fatal,Approaching,Driver,30 to 34,Major,,North,"Automobile, Station Wagon",Going Ahead,Driving Properly,Normal,,,,,,,,,Yes,,,,,,Yes,Yes,,,,54,O'Connor-Parkview,54,O'Connor-Parkview (54),D55,637027.1376,4841729.2208
2566,4219065,990803,9/18/2007 8:00:00 AM,18,VICTORIA PARK AVE,HOLLAND AVE,,Major Arterial,Toronto and East York,43.715945,-79.29899,At Intersection,No Control,Clear,Dark,Dry,Fatal,Approaching,Driver,15 to 19,Fatal,,South,"Automobile, Station Wagon",Going Ahead,Lost control,Unknown,,,,,,,,,Yes,,,,,,Yes,Yes,,,,54,O'Connor-Parkview,54,O'Connor-Parkview (54),D55,637027.1376,4841729.2208
2567,4273984,990888,9/18/2007 8:00:00 AM,1314,1541 THE QUEENSWAY,,,Major Arterial,Etobicoke York,43.618545,-79.53759,,No Control,Clear,Daylight,Dry,Non-Fatal Injury,Pedestrian Collisions,Passenger,0 to 4,None,,,Other,,,,,,,,,,Yes,,Yes,,,,,Yes,,,,,,159,Etobicoke City Centre,14,Islington-City Centre West (14),D22,617996.9116,4830544.8899
2568,4273985,990888,9/18/2007 8:00:00 AM,1314,1541 THE QUEENSWAY,,,Major Arterial,Etobicoke York,43.618545,-79.53759,,No Control,Clear,Daylight,Dry,Non-Fatal Injury,Pedestrian Collisions,Driver,30 to 34,None,,West,"Automobile, Station Wagon",Going Ahead,Driving Properly,Normal,,,,,,,Yes,,Yes,,,,,Yes,,,,,,159,Etobicoke City Centre,14,Islington-City Centre West (14),D22,617996.9116,4830544.8899
2569,4273986,990888,9/18/2007 8:00:00 AM,1314,1541 THE QUEENSWAY,,,Major Arterial,Etobicoke York,43.618545,-79.53759,,No Control,Clear,Daylight,Dry,Non-Fatal Injury,Pedestrian Collisions,Pedestrian,35 to 39,Major,,South,Other,Going Ahead,,,Pedestrian hit at mid-block,"Crossing, no Traffic Control",Normal,,,,Yes,,Yes,,,,,Yes,,,,,,159,Etobicoke City Centre,14,Islington-City Centre West (14),D22,617996.9116,4830544.8899
2570,4405988,990885,9/18/2007 8:00:00 AM,1637,FINCH AVE W,WESTON RD,,Major Arterial,Etobicoke York,43.752145,-79.54149,At Intersection,No Control,Clear,Daylight,Dry,Non-Fatal Injury,Rear End,Driver,35 to 39,None,,East,"Automobile, Station Wagon",Stopped,Driving Properly,Normal,,,,,,,,,Yes,,,,,Yes,,,,,,22,Humbermede,22,Humbermede (22),D31,617421.2884,4845377.4188
2571,4405989,990885,9/18/2007 8:00:00 AM,1637,FINCH AVE W,WESTON RD,,Major Arterial,Etobicoke York,43.752145,-79.54149,At Intersection,No Control,Clear,Daylight,Dry,Non-Fatal Injury,Rear End,Passenger,5 to 9,Major,,,Other,,,,,,,,,,,,Yes,,,,,Yes,,,,,,22,Humbermede,22,Humbermede (22),D31,617421.2884,4845377.4188
2572,4405990,990885,9/18/2007 8:00:00 AM,1637,FINCH AVE W,WESTON RD,,Major Arterial,Etobicoke York,43.752145,-79.54149,At Intersection,No Control,Clear,Daylight,Dry,Non-Fatal Injury,Rear End,Driver,20 to 24,Minimal,,East,"Automobile, Station Wagon",Going Ahead,Lost control,Inattentive,,,,,,,,,Yes,,,,,Yes,,,,,,22,Humbermede,22,Humbermede (22),D31,617421.2884,4845377.4188
2573,4405991,990885,9/18/2007 8:00:00 AM,1637,FINCH AVE W,WESTON RD,,Major Arterial,Etobicoke York,43.752145,-79.54149,At Intersection,No Control,Clear,Daylight,Dry,Non-Fatal Injury,Rear End,Driver,20 to 24,None,,East,"Automobile, Station Wagon",Stopped,Driving Properly,Normal,,,,,,,,,Yes,,,,,Yes,,,,,,22,Humbermede,22,Humbermede (22),D31,617421.2884,4845377.4188
2574,4230103,995498,9/18/2007 8:00:00 AM,1920,MOUNT PLEASANT RD,HEATH ST E,,Major Arterial,Toronto and East York,43.692245,-79.38409,At Intersection,No Control,Clear,Daylight,Dry,Non-Fatal Injury,Cyclist Collisions,Driver,55 to 59,None,,South,"Automobile, Station Wagon",Turning Left,Driving Properly,Normal,,,,,,,,Yes,Yes,,,,,,,,,,,98,Rosedale-Moore Park,98,Rosedale-Moore Park (98),D53,630223.0278,4838959.8294
2575,4230104,995498,9/18/2007 8:00:00 AM,1920,MOUNT PLEASANT RD,HEATH ST E,,Major Arterial,Toronto and East York,43.692245,-79.38409,At Intersection,No Control,Clear,Daylight,Dry,Non-Fatal Injury,Cyclist Collisions,Cyclist,40 to 44,Major,,North,Bicycle,Going Ahead,,,,,,Motorist turned left across cyclists path.,Driving Properly,Normal,,Yes,Yes,,,,,,,,,,,98,Rosedale-Moore Park,98,Rosedale-Moore Park (98),D53,630223.0278,4838959.8294
2576,4405992,991154,9/19/2007 8:00:00 AM,1308,AVOCA AVE,ST CLAIR AVE E,,Major Arterial,Toronto and East York,43.688945,-79.38989,At Intersection,School Guard,Clear,Daylight,Dry,Non-Fatal Injury,Pedestrian Collisions,Driver,70 to 74,Minimal,,West,"Automobile, Station Wagon",Turning Left,Failed to Yield Right of Way,Inattentive,,,,,,,Yes,,Yes,,,,,,,Yes,,,,98,Rosedale-Moore Park,98,Rosedale-Moore Park (98),D53,629762.7288,4838584.2265
2577,4405993,991154,9/19/2007 8:00:00 AM,1308,AVOCA AVE,ST CLAIR AVE E,,Major Arterial,Toronto and East York,43.688945,-79.38989,At Intersection,School Guard,Clear,Daylight,Dry,Non-Fatal Injury,Pedestrian Collisions,Pedestrian,65 to 69,Major,,East,Other,,,,Vehicle turns left while ped crosses with ROW at inter.,Crossing with right of way,Normal,,,,Yes,,Yes,,,,,,,Yes,,,,98,Rosedale-Moore Park,98,Rosedale-Moore Park (98),D53,629762.7288,4838584.2265
2578,4250567,1004530,9/20/2007 8:00:00 AM,1030,MCCOWAN RD,PITFIELD RD,,Major Arterial,Scarborough,43.787345,-79.25729,At Intersection,Traffic Signal,Clear,Daylight,Dry,Non-Fatal Injury,Rear End,Driver,75 to 79,Major,,North,"Automobile, Station Wagon",Going Ahead,Disobeyed Traffic Control,Normal,,,,,,,,,Yes,,,,,,,Yes,Yes,,,128,Agincourt South-Malvern West,128,Agincourt South-Malvern West (128),D42,640219.5269,4849729.0673
2579,4250568,1004530,9/20/2007 8:00:00 AM,1030,MCCOWAN RD,PITFIELD RD,,Major Arterial,Scarborough,43.787345,-79.25729,At Intersection,Traffic Signal,Clear,Daylight,Dry,Non-Fatal Injury,Rear End,Driver,50 to 54,Major,,North,"Automobile, Station Wagon",Stopped,Driving Properly,Normal,,,,,,,,,Yes,,,,,,,Yes,Yes,,,128,Agincourt South-Malvern West,128,Agincourt South-Malvern West (128),D42,640219.5269,4849729.0673
2580,4228503,994814,9/20/2007 8:00:00 AM,1825,QUEEN ST E,HASTINGS AVE,,Minor Arterial,Toronto and East York,43.663645,-79.32859,,No Control,Clear,Daylight,Dry,Non-Fatal Injury,Cyclist Collisions,Vehicle Owner,unknown,,,,Other,,,,,,,,,,,Yes,Yes,,,Yes,,,,,,,,70,South Riverdale,70,South Riverdale (70),D55,634759.7233,4835872.0645
2581,4228504,994814,9/20/2007 8:00:00 AM,1825,QUEEN ST E,HASTINGS AVE,,Minor Arterial,Toronto and East York,43.663645,-79.32859,,No Control,Clear,Daylight,Dry,Non-Fatal Injury,Cyclist Collisions,Driver,30 to 34,None,,East,Municipal Transit Bus (TTC),Going Ahead,Driving Properly,Normal,,,,,,,,Yes,Yes,,,Yes,,,,,,,,70,South Riverdale,70,South Riverdale (70),D55,634759.7233,4835872.0645
2582,4228505,994814,9/20/2007 8:00:00 AM,1825,QUEEN ST E,HASTINGS AVE,,Minor Arterial,Toronto and East York,43.663645,-79.32859,,No Control,Clear,Daylight,Dry,Non-Fatal Injury,Cyclist Collisions,Driver,60 to 64,None,,East,"Automobile, Station Wagon",Parked,Other,Normal,,,,,,,,Yes,Yes,,,Yes,,,,,,,,70,South Riverdale,70,South Riverdale (70),D55,634759.7233,4835872.0645
2583,4228506,994814,9/20/2007 8:00:00 AM,1825,QUEEN ST E,HASTINGS AVE,,Minor Arterial,Toronto and East York,43.663645,-79.32859,,No Control,Clear,Daylight,Dry,Non-Fatal Injury,Cyclist Collisions,Cyclist,30 to 34,Major,,East,Bicycle,Going Ahead,,,,,,Cyclist struck opened vehicle door,Driving Properly,Normal,,Yes,Yes,,,Yes,,,,,,,,70,South Riverdale,70,South Riverdale (70),D55,634759.7233,4835872.0645
2584,4292973,991727,9/20/2007 8:00:00 AM,2005,AVENUE RD,CASTLEFIELD AVE,,Major Arterial,North York,43.709445,-79.41079,At Intersection,Stop Sign,Clear,Dark,Dry,Fatal,Angle,Vehicle Owner,unknown,,,,Other,,,,,,,,,,,,Yes,,Yes,,,Yes,Yes,Yes,,,,103,Lawrence Park South,103,Lawrence Park South (103),D53,628034.6887,4840828.5446
2585,4292974,991727,9/20/2007 8:00:00 AM,2005,AVENUE RD,CASTLEFIELD AVE,,Major Arterial,North York,43.709445,-79.41079,At Intersection,Stop Sign,Clear,Dark,Dry,Fatal,Angle,Truck Driver,35 to 39,None,,East,Truck - Open,Going Ahead,Failed to Yield Right of Way,Normal,,,,,,,,,Yes,,Yes,,,Yes,Yes,Yes,,,,103,Lawrence Park South,103,Lawrence Park South (103),D53,628034.6887,4840828.5446
2586,4292975,991727,9/20/2007 8:00:00 AM,2005,AVENUE RD,CASTLEFIELD AVE,,Major Arterial,North York,43.709445,-79.41079,At Intersection,Stop Sign,Clear,Dark,Dry,Fatal,Angle,Passenger,35 to 39,Minor,,,Other,,,,,,,,,,,,Yes,,Yes,,,Yes,Yes,Yes,,,,103,Lawrence Park South,103,Lawrence Park South (103),D53,628034.6887,4840828.5446
2587,4292976,991727,9/20/2007 8:00:00 AM,2005,AVENUE RD,CASTLEFIELD AVE,,Major Arterial,North York,43.709445,-79.41079,At Intersection,Stop Sign,Clear,Dark,Dry,Fatal,Angle,Driver,35 to 39,Minor,,West,"Automobile, Station Wagon",Stopped,Driving Properly,Normal,,,,,,,,,Yes,,Yes,,,Yes,Yes,Yes,,,,103,Lawrence Park South,103,Lawrence Park South (103),D53,628034.6887,4840828.5446
2588,4292977,991727,9/20/2007 8:00:00 AM,2005,AVENUE RD,CASTLEFIELD AVE,,Major Arterial,North York,43.709445,-79.41079,At Intersection,Stop Sign,Clear,Dark,Dry,Fatal,Angle,Passenger,20 to 24,Minor,,,Other,,,,,,,,,,,,Yes,,Yes,,,Yes,Yes,Yes,,,,103,Lawrence Park South,103,Lawrence Park South (103),D53,628034.6887,4840828.5446
2589,4292978,991727,9/20/2007 8:00:00 AM,2005,AVENUE RD,CASTLEFIELD AVE,,Major Arterial,North York,43.709445,-79.41079,At Intersection,Stop Sign,Clear,Dark,Dry,Fatal,Angle,Driver,20 to 24,Fatal,,North,"Automobile, Station Wagon",Going Ahead,Exceeding Speed Limit,Normal,,,,,,,,,Yes,,Yes,,,Yes,Yes,Yes,,,,103,Lawrence Park South,103,Lawrence Park South (103),D53,628034.6887,4840828.5446
2590,4406009,991482,9/20/2007 8:00:00 AM,2155,SPADINA RD,BERNARD AVE,,Minor Arterial,Toronto and East York,43.672145,-79.40599,At Intersection,Traffic Signal,Clear,Dark,Dry,Fatal,Turning Movement,Passenger,20 to 24,Fatal,,,Other,,,,,,,,,,,,Yes,,,,,Yes,Yes,Yes,,,,95,Annex,95,Annex (95),D53,628501.0373,4836693.2906
2591,4406010,991482,9/20/2007 8:00:00 AM,2155,SPADINA RD,BERNARD AVE,,Minor Arterial,Toronto and East York,43.672145,-79.40599,At Intersection,Traffic Signal,Clear,Dark,Dry,Fatal,Turning Movement,Vehicle Owner,unknown,,,,Other,,,,,,,,,,,,Yes,,,,,Yes,Yes,Yes,,,,95,Annex,95,Annex (95),D53,628501.0373,4836693.2906
2592,4406011,991482,9/20/2007 8:00:00 AM,2155,SPADINA RD,BERNARD AVE,,Minor Arterial,Toronto and East York,43.672145,-79.40599,At Intersection,Traffic Signal,Clear,Dark,Dry,Fatal,Turning Movement,Driver,20 to 24,Minimal,,South,"Automobile, Station Wagon",Turning Left,Improper Turn,Unknown,,,,,,,,,Yes,,,,,Yes,Yes,Yes,,,,95,Annex,95,Annex (95),D53,628501.0373,4836693.2906
2593,4406012,991482,9/20/2007 8:00:00 AM,2155,SPADINA RD,BERNARD AVE,,Minor Arterial,Toronto and East York,43.672145,-79.40599,At Intersection,Traffic Signal,Clear,Dark,Dry,Fatal,Turning Movement,Passenger,40 to 44,Minor,,,Other,,,,,,,,,,,,Yes,,,,,Yes,Yes,Yes,,,,95,Annex,95,Annex (95),D53,628501.0373,4836693.2906
2594,4406013,991482,9/20/2007 8:00:00 AM,2155,SPADINA RD,BERNARD AVE,,Minor Arterial,Toronto and East York,43.672145,-79.40599,At Intersection,Traffic Signal,Clear,Dark,Dry,Fatal,Turning Movement,Driver,35 to 39,Minimal,,North,"Automobile, Station Wagon",Going Ahead,Driving Properly,Normal,,,,,,,,,Yes,,,,,Yes,Yes,Yes,,,,95,Annex,95,Annex (95),D53,628501.0373,4836693.2906
2595,4406078,994868,9/21/2007 8:00:00 AM,1053,DANFORTH RD,BIRCHMOUNT RD,,Minor Arterial,Scarborough,43.706945,-79.26809,,Traffic Signal,Clear,Daylight,Dry,Non-Fatal Injury,Cyclist Collisions,Driver,45 to 49,None,,East,"Automobile, Station Wagon",Turning Right,Driving Properly,Normal,,,,,,,,Yes,Yes,,,,,,,,,,,120,Clairlea-Birchmount,120,Clairlea-Birchmount (120),D41,639537.2434,4840781.191
2596,4406079,994868,9/21/2007 8:00:00 AM,1053,DANFORTH RD,BIRCHMOUNT RD,,Minor Arterial,Scarborough,43.706945,-79.26809,,Traffic Signal,Clear,Daylight,Dry,Non-Fatal Injury,Cyclist Collisions,Cyclist,55 to 59,Major,,North,Bicycle,Unknown,,,,,,Motorist turning right on red at signalized intersection strikes cyclist.,Other,Unknown,,Yes,Yes,,,,,,,,,,,120,Clairlea-Birchmount,120,Clairlea-Birchmount (120),D41,639537.2434,4840781.191
2597,4233748,997046,9/22/2007 8:00:00 AM,457,ST CLAIR AVE W,DUFFERIN ST,,Major Arterial,Toronto and East York,43.677945,-79.44309,At Intersection,Traffic Signal,Clear,Dark,Dry,Non-Fatal Injury,Angle,Vehicle Owner,unknown,None,,,Other,,,,,,,,,,,,Yes,,Yes,,,,,,,,,92,Corso Italia-Davenport,92,Corso Italia-Davenport (92),D13,625498.1033,4837280.6554