OBJECTID,INDEX,ACCNUM,DATE,TIME,STREET1,STREET2,OFFSET,ROAD_CLASS,DISTRICT,LATITUDE,LONGITUDE,ACCLOC,TRAFFCTL,VISIBILITY,LIGHT,RDSFCOND,ACCLASS,IMPACTYPE,INVTYPE,INVAGE,INJURY,FATAL_NO,INITDIR,VEHTYPE,MANOEUVER,DRIVACT,DRIVCOND,PEDTYPE,PEDACT,PEDCOND,CYCLISTYPE,CYCACT,CYCCOND,PEDESTRIAN,CYCLIST,AUTOMOBILE,MOTORCYCLE,TRUCK,TRSN_CITY_VEH,EMERG_VEH,PASSENGER,SPEEDING,AG_DRIV,REDLIGHT,ALCOHOL,DISABILITY,HOOD_158,NEIGHBOURHOOD_158,HOOD_140,NEIGHBOURHOOD_140,DIVISION,x,y
2598,4233749,997046,9/22/2007 8:00:00 AM,457,ST CLAIR AVE W,DUFFERIN ST,,Major Arterial,Toronto and East York,43.677945,-79.44309,At Intersection,Traffic Signal,Clear,Dark,Dry,Non-Fatal Injury,Angle,Truck Driver,30 to 34,None,,North,Truck - Open,Going Ahead,Driving Properly,Normal,,,,,,,,,Yes,,Yes,,,,,,,,,92,Corso Italia-Davenport,92,Corso Italia-Davenport (92),D13,625498.1033,4837280.6554
2599,4233750,997046,9/22/2007 8:00:00 AM,457,ST CLAIR AVE W,DUFFERIN ST,,Major Arterial,Toronto and East York,43.677945,-79.44309,At Intersection,Traffic Signal,Clear,Dark,Dry,Non-Fatal Injury,Angle,Vehicle Owner,unknown,None,,,Other,,,,,,,,,,,,Yes,,Yes,,,,,,,,,92,Corso Italia-Davenport,92,Corso Italia-Davenport (92),D13,625498.1033,4837280.6554
2600,4233751,997046,9/22/2007 8:00:00 AM,457,ST CLAIR AVE W,DUFFERIN ST,,Major Arterial,Toronto and East York,43.677945,-79.44309,At Intersection,Traffic Signal,Clear,Dark,Dry,Non-Fatal Injury,Angle,Driver,30 to 34,Major,,West,"Automobile, Station Wagon",Going Ahead,Driving Properly,Unknown,,,,,,,,,Yes,,Yes,,,,,,,,,92,Corso Italia-Davenport,92,Corso Italia-Davenport (92),D13,625498.1033,4837280.6554
2601,4233752,997046,9/22/2007 8:00:00 AM,457,ST CLAIR AVE W,DUFFERIN ST,,Major Arterial,Toronto and East York,43.677945,-79.44309,At Intersection,Traffic Signal,Clear,Dark,Dry,Non-Fatal Injury,Angle,Other,unknown,None,,,Other,,,,,,,,,,,,Yes,,Yes,,,,,,,,,92,Corso Italia-Davenport,92,Corso Italia-Davenport (92),D13,625498.1033,4837280.6554
2602,4241607,1000446,9/22/2007 8:00:00 AM,726,QUEEN ST E,EASTERN AVE,,Major Arterial,Toronto and East York,43.667245,-79.31259,,Stop Sign,Clear,Dark,Dry,Non-Fatal Injury,Cyclist Collisions,Driver,75 to 79,None,,North,"Automobile, Station Wagon",Turning Left,Improper Turn,Normal,,,,,,,,Yes,Yes,,,,,,,,,,,63,The Beaches,64,Woodbine Corridor (64),D55,636041.6277,4836298.0075
2603,4241608,1000446,9/22/2007 8:00:00 AM,726,QUEEN ST E,EASTERN AVE,,Major Arterial,Toronto and East York,43.667245,-79.31259,,Stop Sign,Clear,Dark,Dry,Non-Fatal Injury,Cyclist Collisions,Cyclist,25 to 29,Major,,East,Bicycle,Going Ahead,,,,,,Motorist turned left across cyclists path.,Driving Properly,Normal,,Yes,Yes,,,,,,,,,,,63,The Beaches,64,Woodbine Corridor (64),D55,636041.6277,4836298.0075
2604,4229801,995372,9/24/2007 8:00:00 AM,235,BROADVIEW AVE,VICTOR AVE,,Minor Arterial,Toronto and East York,43.667345,-79.35339,,No Control,Clear,Dark,Dry,Non-Fatal Injury,SMV Other,Driver,15 to 19,Major,,South,"Automobile, Station Wagon",Going Ahead,Lost control,"Ability Impaired, Alcohol",,,,,,,,,Yes,,,,,,Yes,Yes,,Yes,,68,North Riverdale,68,North Riverdale (68),D55,632752.0108,4836243.0143
2605,4229802,995372,9/24/2007 8:00:00 AM,235,BROADVIEW AVE,VICTOR AVE,,Minor Arterial,Toronto and East York,43.667345,-79.35339,,No Control,Clear,Dark,Dry,Non-Fatal Injury,SMV Other,Other Property Owner,unknown,,,,Other,,,,,,,,,,,,Yes,,,,,,Yes,Yes,,Yes,,68,North Riverdale,68,North Riverdale (68),D55,632752.0108,4836243.0143
2606,4223134,992577,9/24/2007 8:00:00 AM,1711,HOWLAND AVE,BRUNSWICK AVE,,Major Arterial,Toronto and East York,43.673845,-79.41089,,No Control,Clear,Daylight,Dry,Non-Fatal Injury,SMV Unattended Vehicle,Vehicle Owner,unknown,None,,,Other,,,,,,,,,,,,Yes,,,,,,,,,,,95,Annex,95,Annex (95),D14,628102.4031,4836874.5195
2607,4223135,992577,9/24/2007 8:00:00 AM,1711,HOWLAND AVE,BRUNSWICK AVE,,Major Arterial,Toronto and East York,43.673845,-79.41089,,No Control,Clear,Daylight,Dry,Non-Fatal Injury,SMV Unattended Vehicle,Vehicle Owner,unknown,None,,,Other,,,,,,,,,,,,Yes,,,,,,,,,,,95,Annex,95,Annex (95),D14,628102.4031,4836874.5195
2608,4223136,992577,9/24/2007 8:00:00 AM,1711,HOWLAND AVE,BRUNSWICK AVE,,Major Arterial,Toronto and East York,43.673845,-79.41089,,No Control,Clear,Daylight,Dry,Non-Fatal Injury,SMV Unattended Vehicle,Driver,75 to 79,Major,,West,"Automobile, Station Wagon",Reversing,Lost control,Normal,,,,,,,,,Yes,,,,,,,,,,,95,Annex,95,Annex (95),D14,628102.4031,4836874.5195
2609,4223137,992577,9/24/2007 8:00:00 AM,1711,HOWLAND AVE,BRUNSWICK AVE,,Major Arterial,Toronto and East York,43.673845,-79.41089,,No Control,Clear,Daylight,Dry,Non-Fatal Injury,SMV Unattended Vehicle,Vehicle Owner,unknown,None,,,Other,,,,,,,,,,,,Yes,,,,,,,,,,,95,Annex,95,Annex (95),D14,628102.4031,4836874.5195
2610,4223131,992576,9/26/2007 8:00:00 AM,950,STEELES AVE E,VICTORIA PARK AVE,,Major Arterial,Scarborough,43.816745,-79.33699,At Intersection,No Control,Clear,Daylight,Dry,Non-Fatal Injury,Pedestrian Collisions,Pedestrian,40 to 44,None,,North,Other,,,,Pedestrian hit at mid-block,"Crossing, no Traffic Control",Inattentive,,,,Yes,,,,Yes,,,,,,,,,NSA,NSA,NSA,NSA,NSA,633741.1286,4852862.4813
2611,4223132,992576,9/26/2007 8:00:00 AM,950,STEELES AVE E,VICTORIA PARK AVE,,Major Arterial,Scarborough,43.816745,-79.33699,At Intersection,No Control,Clear,Daylight,Dry,Non-Fatal Injury,Pedestrian Collisions,Truck Driver,60 to 64,None,,East,Truck - Open,Going Ahead,Driving Properly,Normal,,,,,,,Yes,,,,Yes,,,,,,,,,NSA,NSA,NSA,NSA,NSA,633741.1286,4852862.4813
2612,4223133,992576,9/26/2007 8:00:00 AM,950,STEELES AVE E,VICTORIA PARK AVE,,Major Arterial,Scarborough,43.816745,-79.33699,At Intersection,No Control,Clear,Daylight,Dry,Non-Fatal Injury,Pedestrian Collisions,Pedestrian,40 to 44,Major,,North,Other,,,,Pedestrian hit at mid-block,"Crossing, no Traffic Control",Inattentive,,,,Yes,,,,Yes,,,,,,,,,NSA,NSA,NSA,NSA,NSA,633741.1286,4852862.4813
2613,4274500,1002607,9/26/2007 8:00:00 AM,1415,DANFORTH RD,BIRCHMOUNT RD,,Minor Arterial,Scarborough,43.706945,-79.26809,At Intersection,Traffic Signal,Clear,Daylight,Wet,Non-Fatal Injury,Pedestrian Collisions,Driver,75 to 79,None,,West,"Automobile, Station Wagon",Going Ahead,Driving Properly,Normal,,,,,,,Yes,,Yes,,,,,,,Yes,Yes,,,120,Clairlea-Birchmount,120,Clairlea-Birchmount (120),D41,639537.2434,4840781.191
2614,4274501,1002607,9/26/2007 8:00:00 AM,1415,DANFORTH RD,BIRCHMOUNT RD,,Minor Arterial,Scarborough,43.706945,-79.26809,At Intersection,Traffic Signal,Clear,Daylight,Wet,Non-Fatal Injury,Pedestrian Collisions,Vehicle Owner,unknown,,,,Other,,,,,,,,,,Yes,,Yes,,,,,,,Yes,Yes,,,120,Clairlea-Birchmount,120,Clairlea-Birchmount (120),D41,639537.2434,4840781.191
2615,4274502,1002607,9/26/2007 8:00:00 AM,1415,DANFORTH RD,BIRCHMOUNT RD,,Minor Arterial,Scarborough,43.706945,-79.26809,At Intersection,Traffic Signal,Clear,Daylight,Wet,Non-Fatal Injury,Pedestrian Collisions,Driver,50 to 54,None,,North,"Automobile, Station Wagon",Going Ahead,Disobeyed Traffic Control,Normal,,,,,,,Yes,,Yes,,,,,,,Yes,Yes,,,120,Clairlea-Birchmount,120,Clairlea-Birchmount (120),D41,639537.2434,4840781.191
2616,4274503,1002607,9/26/2007 8:00:00 AM,1415,DANFORTH RD,BIRCHMOUNT RD,,Minor Arterial,Scarborough,43.706945,-79.26809,At Intersection,Traffic Signal,Clear,Daylight,Wet,Non-Fatal Injury,Pedestrian Collisions,Pedestrian,30 to 34,Major,,,Other,,,,Vehicle is going straight thru inter.while ped cross without ROW,Crossing without right of way,Normal,,,,Yes,,Yes,,,,,,,Yes,Yes,,,120,Clairlea-Birchmount,120,Clairlea-Birchmount (120),D41,639537.2434,4840781.191
2617,4274052,994265,9/26/2007 8:00:00 AM,1555,ALBION RD,CALSTOCK DR,,Major Arterial,Etobicoke York,43.733945,-79.55789,At Intersection,No Control,Clear,Daylight,Dry,Non-Fatal Injury,Approaching,Vehicle Owner,unknown,,,,Other,,,,,,,,,,,,Yes,,,,,,,,,,,3,Thistletown-Beaumond Heights,3,Thistletown-Beaumond Heights (3),D23,616136.1379,4843332.9303
2618,4274053,994265,9/26/2007 8:00:00 AM,1555,ALBION RD,CALSTOCK DR,,Major Arterial,Etobicoke York,43.733945,-79.55789,At Intersection,No Control,Clear,Daylight,Dry,Non-Fatal Injury,Approaching,Driver,50 to 54,None,,East,"Automobile, Station Wagon",Going Ahead,Driving Properly,Normal,,,,,,,,,Yes,,,,,,,,,,,3,Thistletown-Beaumond Heights,3,Thistletown-Beaumond Heights (3),D23,616136.1379,4843332.9303
2619,4274054,994265,9/26/2007 8:00:00 AM,1555,ALBION RD,CALSTOCK DR,,Major Arterial,Etobicoke York,43.733945,-79.55789,At Intersection,No Control,Clear,Daylight,Dry,Non-Fatal Injury,Approaching,Driver,30 to 34,Major,,West,"Automobile, Station Wagon",Going Ahead,Lost control,Normal,,,,,,,,,Yes,,,,,,,,,,,3,Thistletown-Beaumond Heights,3,Thistletown-Beaumond Heights (3),D23,616136.1379,4843332.9303
2620,4223798,992854,9/27/2007 8:00:00 AM,1640,DON MILLS RD,EGLINTON AVE E,,Major Arterial,North York,43.720945,-79.33899,,No Control,Clear,Daylight,Dry,Non-Fatal Injury,Rear End,Driver,45 to 49,None,,South,"Automobile, Station Wagon",Going Ahead,Driving Properly,Normal,,,,,,,,,Yes,,,,,,,Yes,,,,42,Banbury-Don Mills,42,Banbury-Don Mills (42),D33,633793.7195,4842219.1898
2621,4223799,992854,9/27/2007 8:00:00 AM,1640,DON MILLS RD,EGLINTON AVE E,,Major Arterial,North York,43.720945,-79.33899,,No Control,Clear,Daylight,Dry,Non-Fatal Injury,Rear End,Driver,60 to 64,Major,,South,"Automobile, Station Wagon",Going Ahead,Failed to Yield Right of Way,Inattentive,,,,,,,,,Yes,,,,,,,Yes,,,,42,Banbury-Don Mills,42,Banbury-Don Mills (42),D33,633793.7195,4842219.1898
2622,4223800,992854,9/27/2007 8:00:00 AM,1640,DON MILLS RD,EGLINTON AVE E,,Major Arterial,North York,43.720945,-79.33899,,No Control,Clear,Daylight,Dry,Non-Fatal Injury,Rear End,Vehicle Owner,unknown,,,,Other,,,,,,,,,,,,Yes,,,,,,,Yes,,,,42,Banbury-Don Mills,42,Banbury-Don Mills (42),D33,633793.7195,4842219.1898
2623,4223801,992854,9/27/2007 8:00:00 AM,1640,DON MILLS RD,EGLINTON AVE E,,Major Arterial,North York,43.720945,-79.33899,,No Control,Clear,Daylight,Dry,Non-Fatal Injury,Rear End,Driver,25 to 29,Minimal,,South,"Automobile, Station Wagon",Stopped,Driving Properly,Normal,,,,,,,,,Yes,,,,,,,Yes,,,,42,Banbury-Don Mills,42,Banbury-Don Mills (42),D33,633793.7195,4842219.1898
2624,4235689,997888,9/28/2007 8:00:00 AM,1225,QUEENS QUAY W,ROBERTSON CRES,,Minor Arterial,Toronto and East York,43.638845,-79.38659,At Intersection,Traffic Signal,Clear,Daylight,Dry,Non-Fatal Injury,Turning Movement,Motorcycle Driver,55 to 59,Major,,East,Motorcycle,Going Ahead,Following too Close,Inattentive,,,,,,,,,Yes,Yes,,,,,,Yes,,,,165,Harbourfront-CityPlace,77,Waterfront Communities-The Island (77),D52,630136.8956,4833025.1221
2625,4235690,997888,9/28/2007 8:00:00 AM,1225,QUEENS QUAY W,ROBERTSON CRES,,Minor Arterial,Toronto and East York,43.638845,-79.38659,At Intersection,Traffic Signal,Clear,Daylight,Dry,Non-Fatal Injury,Turning Movement,Driver,35 to 39,None,,West,"Automobile, Station Wagon",Turning Left,Driving Properly,Normal,,,,,,,,,Yes,Yes,,,,,,Yes,,,,165,Harbourfront-CityPlace,77,Waterfront Communities-The Island (77),D52,630136.8956,4833025.1221
2626,4226027,993818,9/28/2007 8:00:00 AM,1932,HIGHWAY 27  N,HUMBER COLLEGE BLVD,,Major Arterial,Etobicoke York,43.731545,-79.60189,,No Control,Clear,Dark,Dry,Fatal,Pedestrian Collisions,Vehicle Owner,unknown,,,,Other,,,,,,,,,,Yes,,Yes,,,,,,,,,,,1,West Humber-Clairville,1,West Humber-Clairville (1),D23,612597.1995,4843005.6489
2627,4226028,993818,9/28/2007 8:00:00 AM,1932,HIGHWAY 27  N,HUMBER COLLEGE BLVD,,Major Arterial,Etobicoke York,43.731545,-79.60189,,No Control,Clear,Dark,Dry,Fatal,Pedestrian Collisions,Driver,55 to 59,None,,North,"Automobile, Station Wagon",Going Ahead,Driving Properly,Normal,,,,,,,Yes,,Yes,,,,,,,,,,,1,West Humber-Clairville,1,West Humber-Clairville (1),D23,612597.1995,4843005.6489
2628,4226029,993818,9/28/2007 8:00:00 AM,1932,HIGHWAY 27  N,HUMBER COLLEGE BLVD,,Major Arterial,Etobicoke York,43.731545,-79.60189,,No Control,Clear,Dark,Dry,Fatal,Pedestrian Collisions,Pedestrian,80 to 84,Fatal,,West,Other,,,,Pedestrian hit at mid-block,"Crossing, no Traffic Control",Unknown,,,,Yes,,Yes,,,,,,,,,,,1,West Humber-Clairville,1,West Humber-Clairville (1),D23,612597.1995,4843005.6489
2629,4233339,996853,9/28/2007 8:00:00 AM,2033,FINCH AVE E,MCCOWAN RD,,Major Arterial,Scarborough,43.808745,-79.26319,,No Control,Clear,Dark,Dry,Non-Fatal Injury,Pedestrian Collisions,Driver,25 to 29,None,,West,"Automobile, Station Wagon",Going Ahead,Driving Properly,Normal,,,,,,,Yes,,Yes,,,,,,,,,,,129,Agincourt North,129,Agincourt North (129),D42,639694.9225,4852095.9032
2630,4233340,996853,9/28/2007 8:00:00 AM,2033,FINCH AVE E,MCCOWAN RD,,Major Arterial,Scarborough,43.808745,-79.26319,,No Control,Clear,Dark,Dry,Non-Fatal Injury,Pedestrian Collisions,Pedestrian,45 to 49,Major,,South,Other,,,,Pedestrian hit at mid-block,"Crossing, no Traffic Control",Normal,,,,Yes,,Yes,,,,,,,,,,,129,Agincourt North,129,Agincourt North (129),D42,639694.9225,4852095.9032
2631,4406103,995821,9/29/2007 8:00:00 AM,1600,WESTON RD,KNOB HILL DR,,Major Arterial,Etobicoke York,43.711245,-79.53519,At Intersection,Stop Sign,Clear,Daylight,Dry,Non-Fatal Injury,Angle,Vehicle Owner,unknown,None,,,Other,,,,,,,,,,,,Yes,,,,,Yes,,Yes,,,,23,Pelmo Park-Humberlea,23,Pelmo Park-Humberlea (23),D12,618008.7888,4840843.8425
2632,4406104,995821,9/29/2007 8:00:00 AM,1600,WESTON RD,KNOB HILL DR,,Major Arterial,Etobicoke York,43.711245,-79.53519,At Intersection,Stop Sign,Clear,Daylight,Dry,Non-Fatal Injury,Angle,Driver,60 to 64,Major,,North,"Automobile, Station Wagon",Going Ahead,Driving Properly,Normal,,,,,,,,,Yes,,,,,Yes,,Yes,,,,23,Pelmo Park-Humberlea,23,Pelmo Park-Humberlea (23),D12,618008.7888,4840843.8425
2633,4406105,995821,9/29/2007 8:00:00 AM,1600,WESTON RD,KNOB HILL DR,,Major Arterial,Etobicoke York,43.711245,-79.53519,At Intersection,Stop Sign,Clear,Daylight,Dry,Non-Fatal Injury,Angle,Passenger,55 to 59,Minor,,,Other,,,,,,,,,,,,Yes,,,,,Yes,,Yes,,,,23,Pelmo Park-Humberlea,23,Pelmo Park-Humberlea (23),D12,618008.7888,4840843.8425
2634,4406106,995821,9/29/2007 8:00:00 AM,1600,WESTON RD,KNOB HILL DR,,Major Arterial,Etobicoke York,43.711245,-79.53519,At Intersection,Stop Sign,Clear,Daylight,Dry,Non-Fatal Injury,Angle,Driver,45 to 49,Minor,,West,"Automobile, Station Wagon",Going Ahead,Failed to Yield Right of Way,Inattentive,,,,,,,,,Yes,,,,,Yes,,Yes,,,,23,Pelmo Park-Humberlea,23,Pelmo Park-Humberlea (23),D12,618008.7888,4840843.8425
2635,4224792,993300,9/30/2007 8:00:00 AM,310,MARKHAM RD,PASSMORE AVE,,Major Arterial,Scarborough,43.831545,-79.25089,At Intersection,No Control,Clear,Dark,Dry,Non-Fatal Injury,Rear End,Passenger,40 to 44,Minimal,,,Other,,,,,,,,,,,,Yes,,,,,Yes,,,,,,144,Morningside Heights,131,Rouge (131),D42,640630.7029,4854649.0592
2636,4224793,993300,9/30/2007 8:00:00 AM,310,MARKHAM RD,PASSMORE AVE,,Major Arterial,Scarborough,43.831545,-79.25089,At Intersection,No Control,Clear,Dark,Dry,Non-Fatal Injury,Rear End,Vehicle Owner,unknown,None,,,Other,,,,,,,,,,,,Yes,,,,,Yes,,,,,,144,Morningside Heights,131,Rouge (131),D42,640630.7029,4854649.0592
2637,4224794,993300,9/30/2007 8:00:00 AM,310,MARKHAM RD,PASSMORE AVE,,Major Arterial,Scarborough,43.831545,-79.25089,At Intersection,No Control,Clear,Dark,Dry,Non-Fatal Injury,Rear End,Driver,40 to 44,Minor,,North,"Automobile, Station Wagon",Stopped,Driving Properly,Normal,,,,,,,,,Yes,,,,,Yes,,,,,,144,Morningside Heights,131,Rouge (131),D42,640630.7029,4854649.0592
2638,4224795,993300,9/30/2007 8:00:00 AM,310,MARKHAM RD,PASSMORE AVE,,Major Arterial,Scarborough,43.831545,-79.25089,At Intersection,No Control,Clear,Dark,Dry,Non-Fatal Injury,Rear End,Driver,35 to 39,Minor,,North,"Automobile, Station Wagon",Going Ahead,Lost control,Had Been Drinking,,,,,,,,,Yes,,,,,Yes,,,,,,144,Morningside Heights,131,Rouge (131),D42,640630.7029,4854649.0592
2639,4224796,993300,9/30/2007 8:00:00 AM,310,MARKHAM RD,PASSMORE AVE,,Major Arterial,Scarborough,43.831545,-79.25089,At Intersection,No Control,Clear,Dark,Dry,Non-Fatal Injury,Rear End,Vehicle Owner,unknown,None,,,Other,,,,,,,,,,,,Yes,,,,,Yes,,,,,,144,Morningside Heights,131,Rouge (131),D42,640630.7029,4854649.0592
2640,4224797,993300,9/30/2007 8:00:00 AM,310,MARKHAM RD,PASSMORE AVE,,Major Arterial,Scarborough,43.831545,-79.25089,At Intersection,No Control,Clear,Dark,Dry,Non-Fatal Injury,Rear End,Driver,50 to 54,Major,,North,Other,Stopped,Driving Properly,Normal,,,,,,,,,Yes,,,,,Yes,,,,,,144,Morningside Heights,131,Rouge (131),D42,640630.7029,4854649.0592
2641,4226032,993820,10/1/2007 8:00:00 AM,605,YONGE ST,GLENFOREST RD,,Major Arterial,North York,43.730245,-79.40359,At Intersection,No Control,Clear,Dark,Dry,Fatal,Pedestrian Collisions,Vehicle Owner,unknown,,,,Other,,,,,,,,,,Yes,,,,Yes,,,,,Yes,,,,105,Lawrence Park North,105,Lawrence Park North (105),D32,628570.2649,4843149.8281
2642,4226033,993820,10/1/2007 8:00:00 AM,605,YONGE ST,GLENFOREST RD,,Major Arterial,North York,43.730245,-79.40359,At Intersection,No Control,Clear,Dark,Dry,Fatal,Pedestrian Collisions,Truck Driver,35 to 39,None,,South,Truck - Open,Turning Left,Failed to Yield Right of Way,Normal,,,,,,,Yes,,,,Yes,,,,,Yes,,,,105,Lawrence Park North,105,Lawrence Park North (105),D32,628570.2649,4843149.8281
2643,4226034,993820,10/1/2007 8:00:00 AM,605,YONGE ST,GLENFOREST RD,,Major Arterial,North York,43.730245,-79.40359,At Intersection,No Control,Clear,Dark,Dry,Fatal,Pedestrian Collisions,Pedestrian,70 to 74,Fatal,,North,Other,,,,Vehicle turns left while ped crosses with ROW at inter.,Crossing with right of way,Unknown,,,,Yes,,,,Yes,,,,,Yes,,,,105,Lawrence Park North,105,Lawrence Park North (105),D32,628570.2649,4843149.8281
2644,4237036,998487,10/2/2007 8:00:00 AM,1750,ADELAIDE ST W,PORTLAND ST,,Major Arterial,Toronto and East York,43.645845,-79.39989,,No Control,Clear,Daylight,Dry,Non-Fatal Injury,SMV Other,Passenger,35 to 39,Major,,,Other,,,,,,,,,,,,Yes,,,,,Yes,Yes,Yes,,,,164,Wellington Place,77,Waterfront Communities-The Island (77),D14,629049.1242,4833781.7956
2645,4237037,998487,10/2/2007 8:00:00 AM,1750,ADELAIDE ST W,PORTLAND ST,,Major Arterial,Toronto and East York,43.645845,-79.39989,,No Control,Clear,Daylight,Dry,Non-Fatal Injury,SMV Other,Vehicle Owner,unknown,,,,Other,,,,,,,,,,,,Yes,,,,,Yes,Yes,Yes,,,,164,Wellington Place,77,Waterfront Communities-The Island (77),D14,629049.1242,4833781.7956
2646,4237038,998487,10/2/2007 8:00:00 AM,1750,ADELAIDE ST W,PORTLAND ST,,Major Arterial,Toronto and East York,43.645845,-79.39989,,No Control,Clear,Daylight,Dry,Non-Fatal Injury,SMV Other,Driver,30 to 34,Minor,,North,"Automobile, Station Wagon",Pulling Onto Shoulder or towardCurb,Lost control,Unknown,,,,,,,,,Yes,,,,,Yes,Yes,Yes,,,,164,Wellington Place,77,Waterfront Communities-The Island (77),D14,629049.1242,4833781.7956
2647,4237039,998487,10/2/2007 8:00:00 AM,1750,ADELAIDE ST W,PORTLAND ST,,Major Arterial,Toronto and East York,43.645845,-79.39989,,No Control,Clear,Daylight,Dry,Non-Fatal Injury,SMV Other,Other Property Owner,unknown,,,,Other,,,,,,,,,,,,Yes,,,,,Yes,Yes,Yes,,,,164,Wellington Place,77,Waterfront Communities-The Island (77),D14,629049.1242,4833781.7956
2648,4274198,998090,10/3/2007 8:00:00 AM,1620,WARDEN Aven,FAIRFAX Cres,,Major Arterial,Scarborough,43.716645,-79.28289,,No Control,Clear,Daylight,Dry,Non-Fatal Injury,Turning Movement,Motorcycle Driver,50 to 54,Major,,South,Motorcycle,Going Ahead,Driving Properly,Normal,,,,,,,,,Yes,Yes,,,,,,,,,,120,Clairlea-Birchmount,120,Clairlea-Birchmount (120),D41,638322.499,4841833.7099
2649,4274199,998090,10/3/2007 8:00:00 AM,1620,WARDEN Aven,FAIRFAX Cres,,Major Arterial,Scarborough,43.716645,-79.28289,,No Control,Clear,Daylight,Dry,Non-Fatal Injury,Turning Movement,Driver,75 to 79,None,,North,"Automobile, Station Wagon",Turning Left,Improper Turn,Normal,,,,,,,,,Yes,Yes,,,,,,,,,,120,Clairlea-Birchmount,120,Clairlea-Birchmount (120),D41,638322.499,4841833.7099
2650,4232637,996573,10/5/2007 8:00:00 AM,1857,DUPONT ST,DOVERCOURT RD,,Major Arterial,Toronto and East York,43.669645,-79.43279,At Intersection,Traffic Signal,Clear,Dusk,Dry,Non-Fatal Injury,Turning Movement,Driver,25 to 29,None,,North,"Automobile, Station Wagon",Stopped,Driving Properly,Normal,,,,,,,,,Yes,,,,,Yes,Yes,Yes,,,,172,Dovercourt Village,93,Dovercourt-Wallace Emerson-Junction (93),D14,626345.7813,4836374.4652
2651,4232638,996573,10/5/2007 8:00:00 AM,1857,DUPONT ST,DOVERCOURT RD,,Major Arterial,Toronto and East York,43.669645,-79.43279,At Intersection,Traffic Signal,Clear,Dusk,Dry,Non-Fatal Injury,Turning Movement,Passenger,30 to 34,Minimal,,,Other,,,,,,,,,,,,Yes,,,,,Yes,Yes,Yes,,,,172,Dovercourt Village,93,Dovercourt-Wallace Emerson-Junction (93),D14,626345.7813,4836374.4652
2652,4232639,996573,10/5/2007 8:00:00 AM,1857,DUPONT ST,DOVERCOURT RD,,Major Arterial,Toronto and East York,43.669645,-79.43279,At Intersection,Traffic Signal,Clear,Dusk,Dry,Non-Fatal Injury,Turning Movement,Driver,30 to 34,Major,,East,"Automobile, Station Wagon",Going Ahead,Driving Properly,Normal,,,,,,,,,Yes,,,,,Yes,Yes,Yes,,,,172,Dovercourt Village,93,Dovercourt-Wallace Emerson-Junction (93),D14,626345.7813,4836374.4652
2653,4232640,996573,10/5/2007 8:00:00 AM,1857,DUPONT ST,DOVERCOURT RD,,Major Arterial,Toronto and East York,43.669645,-79.43279,At Intersection,Traffic Signal,Clear,Dusk,Dry,Non-Fatal Injury,Turning Movement,Driver,50 to 54,Minimal,,West,"Automobile, Station Wagon",Turning Left,Improper Turn,Inattentive,,,,,,,,,Yes,,,,,Yes,Yes,Yes,,,,172,Dovercourt Village,93,Dovercourt-Wallace Emerson-Junction (93),D14,626345.7813,4836374.4652
2654,4235737,997905,10/6/2007 8:00:00 AM,1630,695 WILSON Ave,,,Major Arterial,North York,43.732445,-79.45689,,No Control,Rain,Daylight,Wet,Non-Fatal Injury,Rear End,Driver,80 to 84,None,,East,"Automobile, Station Wagon",Going Ahead,Driving Properly,Normal,,,,,,,,,Yes,,,,,,,Yes,,,,33,Clanton Park,33,Clanton Park (33),D32,624273.0478,4843312.851
2655,4235738,997905,10/6/2007 8:00:00 AM,1630,695 WILSON Ave,,,Major Arterial,North York,43.732445,-79.45689,,No Control,Rain,Daylight,Wet,Non-Fatal Injury,Rear End,Driver,45 to 49,Major,,East,"Automobile, Station Wagon",Stopped,Following too Close,Inattentive,,,,,,,,,Yes,,,,,,,Yes,,,,33,Clanton Park,33,Clanton Park (33),D32,624273.0478,4843312.851
2656,4235739,997905,10/6/2007 8:00:00 AM,1630,695 WILSON Ave,,,Major Arterial,North York,43.732445,-79.45689,,No Control,Rain,Daylight,Wet,Non-Fatal Injury,Rear End,Driver,unknown,None,,East,"Automobile, Station Wagon",Unknown,Driving Properly,Unknown,,,,,,,,,Yes,,,,,,,Yes,,,,33,Clanton Park,33,Clanton Park (33),D32,624273.0478,4843312.851
2657,4235883,997965,10/8/2007 8:00:00 AM,300,MEADOWVALE RD,WANITA RD,,Collector,Scarborough,43.778445,-79.15779,At Intersection,Stop Sign,Clear,Dark,Dry,Non-Fatal Injury,Cyclist Collisions,Driver,20 to 24,None,,South,"Automobile, Station Wagon",Going Ahead,Disobeyed Traffic Control,Normal,,,,,,,,Yes,Yes,,,,,,,Yes,,,,133,Centennial Scarborough,133,Centennial Scarborough (133),D43,648247.4578,4848913.9504
2658,4235884,997965,10/8/2007 8:00:00 AM,300,MEADOWVALE RD,WANITA RD,,Collector,Scarborough,43.778445,-79.15779,At Intersection,Stop Sign,Clear,Dark,Dry,Non-Fatal Injury,Cyclist Collisions,Cyclist,15 to 19,Major,,East,Bicycle,Going Ahead,,,,,,"Cyclist without ROW rides into path of motorist at inter, lnwy, dwy-Cyclist not turn.",Disobeyed Traffic Control,"Ability Impaired, Drugs",,Yes,Yes,,,,,,,Yes,,,,133,Centennial Scarborough,133,Centennial Scarborough (133),D43,648247.4578,4848913.9504
2659,4233391,996876,10/9/2007 8:00:00 AM,1801,THE WEST MALL,CIVIC CENTRE CRT,,Minor Arterial,Etobicoke York,43.642245,-79.56599,At Intersection,Traffic Signal,Clear,Daylight,Dry,Non-Fatal Injury,Pedestrian Collisions,Driver,30 to 34,None,,West,"Automobile, Station Wagon",Turning Left,Failed to Yield Right of Way,Normal,,,,,,,Yes,,Yes,,,,,,,Yes,,,,13,Etobicoke West Mall,13,Etobicoke West Mall (13),D22,615659.9276,4833137.101