OBJECTID,INDEX,ACCNUM,DATE,TIME,STREET1,STREET2,OFFSET,ROAD_CLASS,DISTRICT,LATITUDE,LONGITUDE,ACCLOC,TRAFFCTL,VISIBILITY,LIGHT,RDSFCOND,ACCLASS,IMPACTYPE,INVTYPE,INVAGE,INJURY,FATAL_NO,INITDIR,VEHTYPE,MANOEUVER,DRIVACT,DRIVCOND,PEDTYPE,PEDACT,PEDCOND,CYCLISTYPE,CYCACT,CYCCOND,PEDESTRIAN,CYCLIST,AUTOMOBILE,MOTORCYCLE,TRUCK,TRSN_CITY_VEH,EMERG_VEH,PASSENGER,SPEEDING,AG_DRIV,REDLIGHT,ALCOHOL,DISABILITY,HOOD_158,NEIGHBOURHOOD_158,HOOD_140,NEIGHBOURHOOD_140,DIVISION,x,y
2660,4233392,996876,10/9/2007 8:00:00 AM,1801,THE WEST MALL,CIVIC CENTRE CRT,,Minor Arterial,Etobicoke York,43.642245,-79.56599,At Intersection,Traffic Signal,Clear,Daylight,Dry,Non-Fatal Injury,Pedestrian Collisions,Pedestrian,50 to 54,Major,,West,Other,,,,Vehicle turns left while ped crosses with ROW at inter.,Crossing with right of way,Normal,,,,Yes,,Yes,,,,,,,Yes,,,,13,Etobicoke West Mall,13,Etobicoke West Mall (13),D22,615659.9276,4833137.101
2661,4232948,996697,10/9/2007 8:00:00 AM,1836,SPADINA AVE,NASSAU ST,,Major Arterial,Toronto and East York,43.655845,-79.39919,At Intersection,Traffic Signal,Clear,Daylight,Dry,Non-Fatal Injury,Turning Movement,Passenger,30 to 34,Minor,,,Other,,,,,,,,,,,,Yes,,,Yes,,Yes,,Yes,Yes,,,78,Kensington-Chinatown,78,Kensington-Chinatown (78),D52,629084.1552,4834893.5151
2662,4232949,996697,10/9/2007 8:00:00 AM,1836,SPADINA AVE,NASSAU ST,,Major Arterial,Toronto and East York,43.655845,-79.39919,At Intersection,Traffic Signal,Clear,Daylight,Dry,Non-Fatal Injury,Turning Movement,Driver,35 to 39,Major,,South,"Automobile, Station Wagon",Making U Turn,Disobeyed Traffic Control,Inattentive,,,,,,,,,Yes,,,Yes,,Yes,,Yes,Yes,,,78,Kensington-Chinatown,78,Kensington-Chinatown (78),D52,629084.1552,4834893.5151
2663,4232950,996697,10/9/2007 8:00:00 AM,1836,SPADINA AVE,NASSAU ST,,Major Arterial,Toronto and East York,43.655845,-79.39919,At Intersection,Traffic Signal,Clear,Daylight,Dry,Non-Fatal Injury,Turning Movement,Vehicle Owner,unknown,,,,Other,,,,,,,,,,,,Yes,,,Yes,,Yes,,Yes,Yes,,,78,Kensington-Chinatown,78,Kensington-Chinatown (78),D52,629084.1552,4834893.5151
2664,4232951,996697,10/9/2007 8:00:00 AM,1836,SPADINA AVE,NASSAU ST,,Major Arterial,Toronto and East York,43.655845,-79.39919,At Intersection,Traffic Signal,Clear,Daylight,Dry,Non-Fatal Injury,Turning Movement,Driver,25 to 29,None,,South,Municipal Transit Bus (TTC),Going Ahead,Driving Properly,Normal,,,,,,,,,Yes,,,Yes,,Yes,,Yes,Yes,,,78,Kensington-Chinatown,78,Kensington-Chinatown (78),D52,629084.1552,4834893.5151
2665,4230771,995772,10/10/2007 8:00:00 AM,1130,LOGAN AVE,EASTERN AVE,,Major Arterial,Toronto and East York,43.657845,-79.34139,At Intersection,Traffic Signal,Clear,Daylight,Dry,Non-Fatal Injury,Pedestrian Collisions,Driver,35 to 39,None,,South,"Automobile, Station Wagon",Turning Left,Failed to Yield Right of Way,Normal,Vehicle turns left while ped crosses with ROW at inter.,,,,,,Yes,,Yes,,,,,,,Yes,,,,70,South Riverdale,70,South Riverdale (70),D55,633740.5717,4835207.1846
2666,4230772,995772,10/10/2007 8:00:00 AM,1130,LOGAN AVE,EASTERN AVE,,Major Arterial,Toronto and East York,43.657845,-79.34139,At Intersection,Traffic Signal,Clear,Daylight,Dry,Non-Fatal Injury,Pedestrian Collisions,Pedestrian,70 to 74,Major,,North,Other,,,,Vehicle turns left while ped crosses with ROW at inter.,Crossing with right of way,Normal,,,,Yes,,Yes,,,,,,,Yes,,,,70,South Riverdale,70,South Riverdale (70),D55,633740.5717,4835207.1846
2667,4233428,996892,10/10/2007 8:00:00 AM,1448,ROYAL YORK RD,NEWCASTLE ST,,Minor Arterial,Etobicoke York,43.617445,-79.49889,At Intersection,Traffic Signal,Clear,Daylight,Dry,Non-Fatal Injury,Pedestrian Collisions,Driver,80 to 84,None,,West,"Automobile, Station Wagon",Turning Left,Failed to Yield Right of Way,Normal,,,,,,,Yes,,Yes,,,,,,,Yes,,,,160,Mimico-Queensway,17,Mimico (includes Humber Bay Shores) (17),D22,621121.7193,4830478.4433
2668,4233429,996892,10/10/2007 8:00:00 AM,1448,ROYAL YORK RD,NEWCASTLE ST,,Minor Arterial,Etobicoke York,43.617445,-79.49889,At Intersection,Traffic Signal,Clear,Daylight,Dry,Non-Fatal Injury,Pedestrian Collisions,Pedestrian,40 to 44,Major,,East,Other,,,,Vehicle turns left while ped crosses with ROW at inter.,Crossing with right of way,Normal,,,,Yes,,Yes,,,,,,,Yes,,,,160,Mimico-Queensway,17,Mimico (includes Humber Bay Shores) (17),D22,621121.7193,4830478.4433
2669,4293076,995785,10/10/2007 8:00:00 AM,1503,LA ROSE AVE,WATLING ST,,Local,Etobicoke York,43.683045,-79.53259,,No Control,Clear,Daylight,Wet,Fatal,SMV Other,Vehicle Owner,unknown,,,,Other,,,,,,,,,,,,Yes,,,,,,Yes,Yes,,,,7,Willowridge-Martingrove-Richview,7,Willowridge-Martingrove-Richview (7),D23,618273.6805,4837715.554
2670,4293077,995785,10/10/2007 8:00:00 AM,1503,LA ROSE AVE,WATLING ST,,Local,Etobicoke York,43.683045,-79.53259,,No Control,Clear,Daylight,Wet,Fatal,SMV Other,Driver,55 to 59,Fatal,,East,"Automobile, Station Wagon",Going Ahead,Exceeding Speed Limit,Unknown,,,,,,,,,Yes,,,,,,Yes,Yes,,,,7,Willowridge-Martingrove-Richview,7,Willowridge-Martingrove-Richview (7),D23,618273.6805,4837715.554
2671,4274117,996032,10/10/2007 8:00:00 AM,1946,FINCH AVE E,BRIDLETOWNE CRCL,,Major Arterial,Scarborough,43.796045,-79.31849,,No Control,Rain,Dark,Wet,Fatal,Pedestrian Collisions,Driver,80 to 84,None,,West,"Automobile, Station Wagon",Changing Lanes,Driving Properly,Normal,,,,,,,Yes,,Yes,,,,,,,,,,,147,L'Amoreaux West,117,L'Amoreaux (117),D42,635275.6539,4850593.4869
2672,4274118,996032,10/10/2007 8:00:00 AM,1946,FINCH AVE E,BRIDLETOWNE CRCL,,Major Arterial,Scarborough,43.796045,-79.31849,,No Control,Rain,Dark,Wet,Fatal,Pedestrian Collisions,Pedestrian,50 to 54,Fatal,,South,Other,,,,Pedestrian hit at mid-block,"Crossing, no Traffic Control",Inattentive,,,,Yes,,Yes,,,,,,,,,,,147,L'Amoreaux West,117,L'Amoreaux (117),D42,635275.6539,4850593.4869
2673,4241545,1000423,10/10/2007 8:00:00 AM,1955,BATHURST Stre,WOLSELEY Stre,,Major Arterial,Toronto and East York,43.648345,-79.40449,,No Control,Clear,Dark,Dry,Non-Fatal Injury,Approaching,Vehicle Owner,unknown,,,,Other,,,,,,,,,,,,Yes,,,,,Yes,Yes,Yes,,,,81,Trinity-Bellwoods,81,Trinity-Bellwoods (81),D14,628672.7916,4834052.3105
2674,4241546,1000423,10/10/2007 8:00:00 AM,1955,BATHURST Stre,WOLSELEY Stre,,Major Arterial,Toronto and East York,43.648345,-79.40449,,No Control,Clear,Dark,Dry,Non-Fatal Injury,Approaching,Driver,25 to 29,None,,South,"Automobile, Station Wagon",Changing Lanes,Exceeding Speed Limit,Unknown,,,,,,,,,Yes,,,,,Yes,Yes,Yes,,,,81,Trinity-Bellwoods,81,Trinity-Bellwoods (81),D14,628672.7916,4834052.3105
2675,4241547,1000423,10/10/2007 8:00:00 AM,1955,BATHURST Stre,WOLSELEY Stre,,Major Arterial,Toronto and East York,43.648345,-79.40449,,No Control,Clear,Dark,Dry,Non-Fatal Injury,Approaching,Driver,50 to 54,Major,,North,"Automobile, Station Wagon",Going Ahead,Driving Properly,Normal,,,,,,,,,Yes,,,,,Yes,Yes,Yes,,,,81,Trinity-Bellwoods,81,Trinity-Bellwoods (81),D14,628672.7916,4834052.3105
2676,4241548,1000423,10/10/2007 8:00:00 AM,1955,BATHURST Stre,WOLSELEY Stre,,Major Arterial,Toronto and East York,43.648345,-79.40449,,No Control,Clear,Dark,Dry,Non-Fatal Injury,Approaching,Passenger,50 to 54,Major,,,Other,,,,,,,,,,,,Yes,,,,,Yes,Yes,Yes,,,,81,Trinity-Bellwoods,81,Trinity-Bellwoods (81),D14,628672.7916,4834052.3105
2677,4241549,1000423,10/10/2007 8:00:00 AM,1955,BATHURST Stre,WOLSELEY Stre,,Major Arterial,Toronto and East York,43.648345,-79.40449,,No Control,Clear,Dark,Dry,Non-Fatal Injury,Approaching,Other Property Owner,unknown,,,,Other,,,,,,,,,,,,Yes,,,,,Yes,Yes,Yes,,,,81,Trinity-Bellwoods,81,Trinity-Bellwoods (81),D14,628672.7916,4834052.3105
2678,4241550,1000423,10/10/2007 8:00:00 AM,1955,BATHURST Stre,WOLSELEY Stre,,Major Arterial,Toronto and East York,43.648345,-79.40449,,No Control,Clear,Dark,Dry,Non-Fatal Injury,Approaching,Other Property Owner,unknown,,,,Other,,,,,,,,,,,,Yes,,,,,Yes,Yes,Yes,,,,81,Trinity-Bellwoods,81,Trinity-Bellwoods (81),D14,628672.7916,4834052.3105
2679,4406107,996081,10/11/2007 8:00:00 AM,1910,100 STEELES Aven W,,,Major Arterial,North York,43.796945,-79.42479,,Traffic Signal,Clear,Daylight,Dry,Non-Fatal Injury,Pedestrian Collisions,Driver,65 to 69,None,,North,"Automobile, Station Wagon",Turning Right,Failed to Yield Right of Way,Normal,,,,,,,Yes,,Yes,,,,,,,Yes,,,,36,Newtonbrook West,36,Newtonbrook West (36),D32,626721.9538,4850525.1913
2680,4406108,996081,10/11/2007 8:00:00 AM,1910,100 STEELES Aven W,,,Major Arterial,North York,43.796945,-79.42479,,Traffic Signal,Clear,Daylight,Dry,Non-Fatal Injury,Pedestrian Collisions,Pedestrian,55 to 59,Major,,North,Other,Going Ahead,,,Pedestrian hit at mid-block,Crossing with right of way,Normal,,,,Yes,,Yes,,,,,,,Yes,,,,36,Newtonbrook West,36,Newtonbrook West (36),D32,626721.9538,4850525.1913
2681,4239965,999780,10/13/2007 8:00:00 AM,1930,3950 LAWRENCE AVE E,,,Major Arterial,Scarborough,43.764245,-79.20449,,No Control,Rain,Dark,Wet,Non-Fatal Injury,Pedestrian Collisions,Vehicle Owner,unknown,None,,,Other,,,,,,,,,,Yes,,Yes,,,,,,,,,,,141,Golfdale-Cedarbrae-Woburn,137,Woburn (137),D43,644523.5408,4847254.2476
2682,4239966,999780,10/13/2007 8:00:00 AM,1930,3950 LAWRENCE AVE E,,,Major Arterial,Scarborough,43.764245,-79.20449,,No Control,Rain,Dark,Wet,Non-Fatal Injury,Pedestrian Collisions,Driver,55 to 59,None,,West,"Automobile, Station Wagon",Going Ahead,Driving Properly,Normal,,,,,,,Yes,,Yes,,,,,,,,,,,141,Golfdale-Cedarbrae-Woburn,137,Woburn (137),D43,644523.5408,4847254.2476
2683,4239967,999780,10/13/2007 8:00:00 AM,1930,3950 LAWRENCE AVE E,,,Major Arterial,Scarborough,43.764245,-79.20449,,No Control,Rain,Dark,Wet,Non-Fatal Injury,Pedestrian Collisions,Pedestrian,60 to 64,Major,,North,Other,,,,Pedestrian hit at mid-block,Running onto Roadway,Inattentive,,,,Yes,,Yes,,,,,,,,,,,141,Golfdale-Cedarbrae-Woburn,137,Woburn (137),D43,644523.5408,4847254.2476
2684,4232550,996538,10/14/2007 8:00:00 AM,1900,LESLIE ST,LAWRENCE AVE E,,Major Arterial,North York,43.734545,-79.35599,At Intersection,Traffic Signal,Clear,Dark,Dry,Non-Fatal Injury,Turning Movement,Driver,85 to 89,Major,,South,"Automobile, Station Wagon",Turning Left,Improper Turn,Normal,,,,,,,,,Yes,,,,,,,,,,,42,Banbury-Don Mills,42,Banbury-Don Mills (42),D33,632394.3949,4843702.3637
2685,4232551,996538,10/14/2007 8:00:00 AM,1900,LESLIE ST,LAWRENCE AVE E,,Major Arterial,North York,43.734545,-79.35599,At Intersection,Traffic Signal,Clear,Dark,Dry,Non-Fatal Injury,Turning Movement,Driver,40 to 44,None,,North,"Automobile, Station Wagon",Going Ahead,Driving Properly,Normal,,,,,,,,,Yes,,,,,,,,,,,42,Banbury-Don Mills,42,Banbury-Don Mills (42),D33,632394.3949,4843702.3637
2686,4274278,1000080,10/15/2007 8:00:00 AM,125,BATHURST Stre,CARPENTER Road,,Major Arterial,North York,43.789045,-79.44649,At Intersection,No Control,Clear,Dark,Dry,Non-Fatal Injury,SMV Other,Passenger,unknown,Minor,,,Other,Other,,,,,,,,,,,Yes,,,,,Yes,,,,,,36,Newtonbrook West,36,Newtonbrook West (36),D32,624992.6932,4849614.7769
2687,4274279,1000080,10/15/2007 8:00:00 AM,125,BATHURST Stre,CARPENTER Road,,Major Arterial,North York,43.789045,-79.44649,At Intersection,No Control,Clear,Dark,Dry,Non-Fatal Injury,SMV Other,Vehicle Owner,unknown,None,,,Other,Other,,,,,,,,,,,Yes,,,,,Yes,,,,,,36,Newtonbrook West,36,Newtonbrook West (36),D32,624992.6932,4849614.7769
2688,4274280,1000080,10/15/2007 8:00:00 AM,125,BATHURST Stre,CARPENTER Road,,Major Arterial,North York,43.789045,-79.44649,At Intersection,No Control,Clear,Dark,Dry,Non-Fatal Injury,SMV Other,Driver,25 to 29,Major,,North,"Automobile, Station Wagon",Going Ahead,,,,,,,,,,,Yes,,,,,Yes,,,,,,36,Newtonbrook West,36,Newtonbrook West (36),D32,624992.6932,4849614.7769
2689,4238709,999249,10/18/2007 8:00:00 AM,1810,WILMINGTON Aven,COMBE Aven,,Minor Arterial,North York,43.759645,-79.45559,At Intersection,No Control,Rain,Daylight,Wet,Non-Fatal Injury,Rear End,Passenger,10 to 14,Minimal,,,Other,,,,,,,,,,,,Yes,,,,,Yes,,Yes,,,,34,Bathurst Manor,34,Bathurst Manor (34),D32,624321.4236,4846335.7602
2690,4238710,999249,10/18/2007 8:00:00 AM,1810,WILMINGTON Aven,COMBE Aven,,Minor Arterial,North York,43.759645,-79.45559,At Intersection,No Control,Rain,Daylight,Wet,Non-Fatal Injury,Rear End,Passenger,40 to 44,Major,,,Other,,,,,,,,,,,,Yes,,,,,Yes,,Yes,,,,34,Bathurst Manor,34,Bathurst Manor (34),D32,624321.4236,4846335.7602
2691,4238711,999249,10/18/2007 8:00:00 AM,1810,WILMINGTON Aven,COMBE Aven,,Minor Arterial,North York,43.759645,-79.45559,At Intersection,No Control,Rain,Daylight,Wet,Non-Fatal Injury,Rear End,Driver,40 to 44,Minor,,South,"Automobile, Station Wagon",Stopped,Driving Properly,Normal,,,,,,,,,Yes,,,,,Yes,,Yes,,,,34,Bathurst Manor,34,Bathurst Manor (34),D32,624321.4236,4846335.7602
2692,4238712,999249,10/18/2007 8:00:00 AM,1810,WILMINGTON Aven,COMBE Aven,,Minor Arterial,North York,43.759645,-79.45559,At Intersection,No Control,Rain,Daylight,Wet,Non-Fatal Injury,Rear End,Driver,25 to 29,None,,South,"Automobile, Station Wagon",Going Ahead,Following too Close,Normal,,,,,,,,,Yes,,,,,Yes,,Yes,,,,34,Bathurst Manor,34,Bathurst Manor (34),D32,624321.4236,4846335.7602
2693,4406116,997564,10/19/2007 8:00:00 AM,1010,BERGAMOT AVE,ISLINGTON AVE,,Collector,Etobicoke York,43.716245,-79.55869,,No Control,Rain,Daylight,Wet,Fatal,Approaching,Passenger,80 to 84,Fatal,,,Other,,,,,,,,,,,,Yes,,,Yes,,Yes,,,,Yes,,4,Rexdale-Kipling,4,Rexdale-Kipling (4),D23,616105.8999,4841365.9759
2694,4406117,997564,10/19/2007 8:00:00 AM,1010,BERGAMOT AVE,ISLINGTON AVE,,Collector,Etobicoke York,43.716245,-79.55869,,No Control,Rain,Daylight,Wet,Fatal,Approaching,Passenger,80 to 84,Fatal,,,Other,,,,,,,,,,,,Yes,,,Yes,,Yes,,,,Yes,,4,Rexdale-Kipling,4,Rexdale-Kipling (4),D23,616105.8999,4841365.9759
2695,4406118,997564,10/19/2007 8:00:00 AM,1010,BERGAMOT AVE,ISLINGTON AVE,,Collector,Etobicoke York,43.716245,-79.55869,,No Control,Rain,Daylight,Wet,Fatal,Approaching,Vehicle Owner,unknown,,,,Other,,,,,,,,,,,,Yes,,,Yes,,Yes,,,,Yes,,4,Rexdale-Kipling,4,Rexdale-Kipling (4),D23,616105.8999,4841365.9759
2696,4406119,997564,10/19/2007 8:00:00 AM,1010,BERGAMOT AVE,ISLINGTON AVE,,Collector,Etobicoke York,43.716245,-79.55869,,No Control,Rain,Daylight,Wet,Fatal,Approaching,Driver,70 to 74,Major,,North,"Automobile, Station Wagon",Going Ahead,Lost control,"Ability Impaired, Alcohol Over .08",,,,,,,,,Yes,,,Yes,,Yes,,,,Yes,,4,Rexdale-Kipling,4,Rexdale-Kipling (4),D23,616105.8999,4841365.9759
2697,4406120,997564,10/19/2007 8:00:00 AM,1010,BERGAMOT AVE,ISLINGTON AVE,,Collector,Etobicoke York,43.716245,-79.55869,,No Control,Rain,Daylight,Wet,Fatal,Approaching,Vehicle Owner,unknown,,,,Other,,,,,,,,,,,,Yes,,,Yes,,Yes,,,,Yes,,4,Rexdale-Kipling,4,Rexdale-Kipling (4),D23,616105.8999,4841365.9759
2698,4406121,997564,10/19/2007 8:00:00 AM,1010,BERGAMOT AVE,ISLINGTON AVE,,Collector,Etobicoke York,43.716245,-79.55869,,No Control,Rain,Daylight,Wet,Fatal,Approaching,Driver,55 to 59,None,,South,Municipal Transit Bus (TTC),Going Ahead,Driving Properly,Normal,,,,,,,,,Yes,,,Yes,,Yes,,,,Yes,,4,Rexdale-Kipling,4,Rexdale-Kipling (4),D23,616105.8999,4841365.9759
2699,4235207,997688,10/21/2007 8:00:00 AM,120,YONGE ST,GREENFIELD AVE,,Major Arterial,North York,43.763245,-79.41139,At Intersection,Traffic Signal,Clear,Dark,Dry,Non-Fatal Injury,Pedestrian Collisions,Vehicle Owner,unknown,,,,Other,,,,,,,,,,Yes,,Yes,,,,,,,,,,,38,Lansing-Westgate,38,Lansing-Westgate (38),D32,627871.7831,4846802.8928
2700,4235208,997688,10/21/2007 8:00:00 AM,120,YONGE ST,GREENFIELD AVE,,Major Arterial,North York,43.763245,-79.41139,At Intersection,Traffic Signal,Clear,Dark,Dry,Non-Fatal Injury,Pedestrian Collisions,Driver,45 to 49,None,,North,"Automobile, Station Wagon",Going Ahead,Driving Properly,Normal,,,,,,,Yes,,Yes,,,,,,,,,,,38,Lansing-Westgate,38,Lansing-Westgate (38),D32,627871.7831,4846802.8928
2701,4235209,997688,10/21/2007 8:00:00 AM,120,YONGE ST,GREENFIELD AVE,,Major Arterial,North York,43.763245,-79.41139,At Intersection,Traffic Signal,Clear,Dark,Dry,Non-Fatal Injury,Pedestrian Collisions,Pedestrian,25 to 29,Major,,West,Other,,,,Vehicle is going straight thru inter.while ped cross without ROW,Running onto Roadway,Normal,,,,Yes,,Yes,,,,,,,,,,,38,Lansing-Westgate,38,Lansing-Westgate (38),D32,627871.7831,4846802.8928
2702,4293121,997765,10/21/2007 8:00:00 AM,235,215 CARLINGVIEW Driv,,,Major Arterial,Etobicoke York,43.686145,-79.59529,,No Control,Clear,Dark,Dry,Non-Fatal Injury,Pedestrian Collisions,Driver,25 to 29,None,,West,"Automobile, Station Wagon",Other,,"Ability Impaired, Alcohol",,,,,,,Yes,,Yes,,,,,Yes,,,,Yes,,1,West Humber-Clairville,1,West Humber-Clairville (1),D23,613214.1743,4837972.348
2703,4293122,997765,10/21/2007 8:00:00 AM,235,215 CARLINGVIEW Driv,,,Major Arterial,Etobicoke York,43.686145,-79.59529,,No Control,Clear,Dark,Dry,Non-Fatal Injury,Pedestrian Collisions,Passenger,unknown,None,,,Other,Other,,,,,,,,,Yes,,Yes,,,,,Yes,,,,Yes,,1,West Humber-Clairville,1,West Humber-Clairville (1),D23,613214.1743,4837972.348
2704,4293123,997765,10/21/2007 8:00:00 AM,235,215 CARLINGVIEW Driv,,,Major Arterial,Etobicoke York,43.686145,-79.59529,,No Control,Clear,Dark,Dry,Non-Fatal Injury,Pedestrian Collisions,Passenger,unknown,None,,,Other,Other,,,,,,,,,Yes,,Yes,,,,,Yes,,,,Yes,,1,West Humber-Clairville,1,West Humber-Clairville (1),D23,613214.1743,4837972.348
2705,4293124,997765,10/21/2007 8:00:00 AM,235,215 CARLINGVIEW Driv,,,Major Arterial,Etobicoke York,43.686145,-79.59529,,No Control,Clear,Dark,Dry,Non-Fatal Injury,Pedestrian Collisions,Passenger,unknown,None,,,Other,Other,,,,,,,,,Yes,,Yes,,,,,Yes,,,,Yes,,1,West Humber-Clairville,1,West Humber-Clairville (1),D23,613214.1743,4837972.348
2706,4293125,997765,10/21/2007 8:00:00 AM,235,215 CARLINGVIEW Driv,,,Major Arterial,Etobicoke York,43.686145,-79.59529,,No Control,Clear,Dark,Dry,Non-Fatal Injury,Pedestrian Collisions,Pedestrian,unknown,Major,,,Other,Other,,,,,,,,,Yes,,Yes,,,,,Yes,,,,Yes,,1,West Humber-Clairville,1,West Humber-Clairville (1),D23,613214.1743,4837972.348
2707,4274318,1000440,10/21/2007 8:00:00 AM,1449,STEELES Aven E,BEARE Road,,Minor Arterial,Scarborough,43.853145,-79.17999,,Stop Sign,Clear,Daylight,Dry,Non-Fatal Injury,Angle,Motorcycle Driver,45 to 49,Major,,East,Motorcycle,Going Ahead,Driving Properly,Normal,,,,,,,,,Yes,Yes,,,,,,Yes,,,,144,Morningside Heights,131,Rouge (131),D42,646278.4177,4857171.1086
2708,4274319,1000440,10/21/2007 8:00:00 AM,1449,STEELES Aven E,BEARE Road,,Minor Arterial,Scarborough,43.853145,-79.17999,,Stop Sign,Clear,Daylight,Dry,Non-Fatal Injury,Angle,Driver,55 to 59,None,,North,"Automobile, Station Wagon",Going Ahead,Failed to Yield Right of Way,Inattentive,,,,,,,,,Yes,Yes,,,,,,Yes,,,,144,Morningside Heights,131,Rouge (131),D42,646278.4177,4857171.1086
2709,4239956,999776,10/22/2007 8:00:00 AM,945,TECUMSETH ST,RICHMOND ST W,,Local,Toronto and East York,43.645945,-79.40629,At Intersection,Stop Sign,Clear,Daylight,Dry,Non-Fatal Injury,Pedestrian Collisions,Vehicle Owner,unknown,,,,Other,,,,,,,,,,Yes,,Yes,,,,,,,Yes,,,,162,West Queen West,82,Niagara (82),D14,628532.7446,4833782.9699
2710,4239957,999776,10/22/2007 8:00:00 AM,945,TECUMSETH ST,RICHMOND ST W,,Local,Toronto and East York,43.645945,-79.40629,At Intersection,Stop Sign,Clear,Daylight,Dry,Non-Fatal Injury,Pedestrian Collisions,Driver,40 to 44,None,,South,"Automobile, Station Wagon",Turning Left,Failed to Yield Right of Way,Inattentive,,,,,,,Yes,,Yes,,,,,,,Yes,,,,162,West Queen West,82,Niagara (82),D14,628532.7446,4833782.9699
2711,4239958,999776,10/22/2007 8:00:00 AM,945,TECUMSETH ST,RICHMOND ST W,,Local,Toronto and East York,43.645945,-79.40629,At Intersection,Stop Sign,Clear,Daylight,Dry,Non-Fatal Injury,Pedestrian Collisions,Pedestrian,25 to 29,Major,,North,Other,,,,Vehicle turns left while ped crosses with ROW at inter.,Crossing with right of way,Normal,,,,Yes,,Yes,,,,,,,Yes,,,,162,West Queen West,82,Niagara (82),D14,628532.7446,4833782.9699
2712,4239904,999758,10/22/2007 8:00:00 AM,1020,STEELES Aven W,PETROLIA Road,,Major Arterial,North York,43.782545,-79.49009,At Intersection,Traffic Signal,Clear,Daylight,Dry,Non-Fatal Injury,Angle,Driver,45 to 49,Major,,North,"Automobile, Station Wagon",Going Ahead,Disobeyed Traffic Control,Unknown,,,,,,,,,Yes,,,,,,,Yes,Yes,,,27,York University Heights,27,York University Heights (27),D31,621497.8535,4848827.9402
2713,4239905,999758,10/22/2007 8:00:00 AM,1020,STEELES Aven W,PETROLIA Road,,Major Arterial,North York,43.782545,-79.49009,At Intersection,Traffic Signal,Clear,Daylight,Dry,Non-Fatal Injury,Angle,Driver,70 to 74,None,,East,"Automobile, Station Wagon",Going Ahead,Driving Properly,Normal,,,,,,,,,Yes,,,,,,,Yes,Yes,,,27,York University Heights,27,York University Heights (27),D31,621497.8535,4848827.9402
2714,4236009,998025,10/22/2007 8:00:00 AM,1350,SIGNET Driv,FINCH Aven W,,Major Arterial,Etobicoke York,43.753245,-79.53629,At Intersection,Traffic Signal,Clear,Daylight,Dry,Non-Fatal Injury,Approaching,Driver,60 to 64,None,,South,"Automobile, Station Wagon",Turning Left,Driving Properly,Normal,,,,,,,,,Yes,,,,,,,,,,Yes,22,Humbermede,22,Humbermede (22),D31,617837.7726,4845506.9743
2715,4236010,998025,10/22/2007 8:00:00 AM,1350,SIGNET Driv,FINCH Aven W,,Major Arterial,Etobicoke York,43.753245,-79.53629,At Intersection,Traffic Signal,Clear,Daylight,Dry,Non-Fatal Injury,Approaching,Driver,45 to 49,Major,,North,"Automobile, Station Wagon",Going Ahead,Lost control,Medical or Physical Disability,,,,,,,,,Yes,,,,,,,,,,Yes,22,Humbermede,22,Humbermede (22),D31,617837.7726,4845506.9743
2716,4240164,999852,10/23/2007 8:00:00 AM,650,YONGE ST,AVONDALE AVE,,Major Arterial,North York,43.758245,-79.41009,At Intersection,Traffic Signal,Rain,Dark,Wet,Non-Fatal Injury,Pedestrian Collisions,Vehicle Owner,unknown,,,,Other,,,,,,,,,,Yes,,Yes,,,,,,,Yes,,,,153,Avondale,51,Willowdale East (51),D32,627987.0857,4846249.5758
2717,4240165,999852,10/23/2007 8:00:00 AM,650,YONGE ST,AVONDALE AVE,,Major Arterial,North York,43.758245,-79.41009,At Intersection,Traffic Signal,Rain,Dark,Wet,Non-Fatal Injury,Pedestrian Collisions,Driver,20 to 24,None,,North,"Automobile, Station Wagon",Turning Right,Failed to Yield Right of Way,Normal,,,,,,,Yes,,Yes,,,,,,,Yes,,,,153,Avondale,51,Willowdale East (51),D32,627987.0857,4846249.5758
2718,4240166,999852,10/23/2007 8:00:00 AM,650,YONGE ST,AVONDALE AVE,,Major Arterial,North York,43.758245,-79.41009,At Intersection,Traffic Signal,Rain,Dark,Wet,Non-Fatal Injury,Pedestrian Collisions,Pedestrian,25 to 29,Major,,North,Other,,,,Vehicle turns right while ped crosses with ROW at inter.,Crossing with right of way,Normal,,,,Yes,,Yes,,,,,,,Yes,,,,153,Avondale,51,Willowdale East (51),D32,627987.0857,4846249.5758
2719,4240659,1000055,10/24/2007 8:00:00 AM,924,DUNDAS ST E,SHERBOURNE ST,,Major Arterial,Toronto and East York,43.658445,-79.37029,,No Control,Clear,Daylight,Dry,Non-Fatal Injury,Pedestrian Collisions,Vehicle Owner,unknown,,,,Other,,,,,,,,,,Yes,,,,Yes,,,,,,,,,73,Moss Park,73,Moss Park (73),D51,631408.9111,4835227.6449
2720,4240660,1000055,10/24/2007 8:00:00 AM,924,DUNDAS ST E,SHERBOURNE ST,,Major Arterial,Toronto and East York,43.658445,-79.37029,,No Control,Clear,Daylight,Dry,Non-Fatal Injury,Pedestrian Collisions,Truck Driver,60 to 64,None,,East,Truck - Open,Going Ahead,Driving Properly,Normal,,,,,,,Yes,,,,Yes,,,,,,,,,73,Moss Park,73,Moss Park (73),D51,631408.9111,4835227.6449
2721,4240661,1000055,10/24/2007 8:00:00 AM,924,DUNDAS ST E,SHERBOURNE ST,,Major Arterial,Toronto and East York,43.658445,-79.37029,,No Control,Clear,Daylight,Dry,Non-Fatal Injury,Pedestrian Collisions,Pedestrian,30 to 34,Major,,,Other,,,,Pedestrian hit on sidewalk or shoulder,On Sidewalk or Shoulder,Normal,,,,Yes,,,,Yes,,,,,,,,,73,Moss Park,73,Moss Park (73),D51,631408.9111,4835227.6449