OBJECTID,INDEX,ACCNUM,DATE,TIME,STREET1,STREET2,OFFSET,ROAD_CLASS,DISTRICT,LATITUDE,LONGITUDE,ACCLOC,TRAFFCTL,VISIBILITY,LIGHT,RDSFCOND,ACCLASS,IMPACTYPE,INVTYPE,INVAGE,INJURY,FATAL_NO,INITDIR,VEHTYPE,MANOEUVER,DRIVACT,DRIVCOND,PEDTYPE,PEDACT,PEDCOND,CYCLISTYPE,CYCACT,CYCCOND,PEDESTRIAN,CYCLIST,AUTOMOBILE,MOTORCYCLE,TRUCK,TRSN_CITY_VEH,EMERG_VEH,PASSENGER,SPEEDING,AG_DRIV,REDLIGHT,ALCOHOL,DISABILITY,HOOD_158,NEIGHBOURHOOD_158,HOOD_140,NEIGHBOURHOOD_140,DIVISION,x,y
2722,4406139,998724,10/25/2007 8:00:00 AM,2200,FINCH AVE W,DRIFTWOOD AVE,,Major Arterial,Etobicoke York,43.758045,-79.51339,At Intersection,Traffic Signal,Clear,Dark,Dry,Non-Fatal Injury,Turning Movement,Vehicle Owner,unknown,,,,Other,,,,,,,,,,,,Yes,,,,,,,Yes,,,,25,Glenfield-Jane Heights,25,Glenfield-Jane Heights (25),D31,619671.8108,4846072.9175
2723,4406140,998724,10/25/2007 8:00:00 AM,2200,FINCH AVE W,DRIFTWOOD AVE,,Major Arterial,Etobicoke York,43.758045,-79.51339,At Intersection,Traffic Signal,Clear,Dark,Dry,Non-Fatal Injury,Turning Movement,Driver,35 to 39,Major,,East,"Automobile, Station Wagon",Going Ahead,Driving Properly,Normal,,,,,,,,,Yes,,,,,,,Yes,,,,25,Glenfield-Jane Heights,25,Glenfield-Jane Heights (25),D31,619671.8108,4846072.9175
2724,4406141,998724,10/25/2007 8:00:00 AM,2200,FINCH AVE W,DRIFTWOOD AVE,,Major Arterial,Etobicoke York,43.758045,-79.51339,At Intersection,Traffic Signal,Clear,Dark,Dry,Non-Fatal Injury,Turning Movement,Driver,20 to 24,Minimal,,West,"Automobile, Station Wagon",Turning Left,Failed to Yield Right of Way,Normal,,,,,,,,,Yes,,,,,,,Yes,,,,25,Glenfield-Jane Heights,25,Glenfield-Jane Heights (25),D31,619671.8108,4846072.9175
2725,4406255,1002027,10/26/2007 8:00:00 AM,2135,PHARMACY AVE,BOLSTER AVE,,Minor Arterial,Scarborough,43.706545,-79.28949,At Intersection,Pedestrian Crossover,Rain,Dark,Wet,Non-Fatal Injury,Pedestrian Collisions,Driver,50 to 54,None,,North,"Automobile, Station Wagon",Going Ahead,Disobeyed Traffic Control,Inattentive,,,,,,,Yes,,Yes,,,,,,,Yes,,,,120,Clairlea-Birchmount,120,Clairlea-Birchmount (120),D41,637813.9757,4840700.9651
2726,4406256,1002027,10/26/2007 8:00:00 AM,2135,PHARMACY AVE,BOLSTER AVE,,Minor Arterial,Scarborough,43.706545,-79.28949,At Intersection,Pedestrian Crossover,Rain,Dark,Wet,Non-Fatal Injury,Pedestrian Collisions,Pedestrian,45 to 49,Major,,West,Other,,,,Pedestrian hit a PXO/ped. Mid-block signal,"Crossing, Pedestrian Crossover",Normal,,,,Yes,,Yes,,,,,,,Yes,,,,120,Clairlea-Birchmount,120,Clairlea-Birchmount (120),D41,637813.9757,4840700.9651
2727,4239040,999384,10/29/2007 8:00:00 AM,1140,DON VALLEY PARKWAY  N,F G GARDINER XY  W,,,Toronto and East York,43.653745,-79.34909,At Intersection,No Control,Clear,Daylight,Dry,Non-Fatal Injury,SMV Other,Vehicle Owner,unknown,,,,Other,,,,,,,,,,,,,,Yes,,,,,,,,,70,South Riverdale,70,South Riverdale (70),D55,633128.742,4834739.4423
2728,4239041,999384,10/29/2007 8:00:00 AM,1140,DON VALLEY PARKWAY  N,F G GARDINER XY  W,,,Toronto and East York,43.653745,-79.34909,At Intersection,No Control,Clear,Daylight,Dry,Non-Fatal Injury,SMV Other,Truck Driver,25 to 29,Major,,North,Truck - Open,Merging,Lost control,Inattentive,,,,,,,,,,,Yes,,,,,,,,,70,South Riverdale,70,South Riverdale (70),D55,633128.742,4834739.4423
2729,4251502,1004974,10/31/2007 8:00:00 AM,1803,5810 SHEPPARD AVE E,,,Major Arterial,Scarborough,43.795645,-79.22979,At Intersection,No Control,Clear,Dark,Dry,Non-Fatal Injury,Pedestrian Collisions,Vehicle Owner,unknown,,,,Other,,,,,,,,,,Yes,,Yes,,,,,,,Yes,,,,146,Malvern East,132,Malvern (132),D42,642412.5033,4850697.869
2730,4251503,1004974,10/31/2007 8:00:00 AM,1803,5810 SHEPPARD AVE E,,,Major Arterial,Scarborough,43.795645,-79.22979,At Intersection,No Control,Clear,Dark,Dry,Non-Fatal Injury,Pedestrian Collisions,Driver,45 to 49,None,,West,"Automobile, Station Wagon",Slowing or Stopping,Driving Properly,Normal,,,,,,,Yes,,Yes,,,,,,,Yes,,,,146,Malvern East,132,Malvern (132),D42,642412.5033,4850697.869
2731,4251504,1004974,10/31/2007 8:00:00 AM,1803,5810 SHEPPARD AVE E,,,Major Arterial,Scarborough,43.795645,-79.22979,At Intersection,No Control,Clear,Dark,Dry,Non-Fatal Injury,Pedestrian Collisions,Other,60 to 64,None,,South,"Automobile, Station Wagon",Parked,,,,,,,,,Yes,,Yes,,,,,,,Yes,,,,146,Malvern East,132,Malvern (132),D42,642412.5033,4850697.869
2732,4251505,1004974,10/31/2007 8:00:00 AM,1803,5810 SHEPPARD AVE E,,,Major Arterial,Scarborough,43.795645,-79.22979,At Intersection,No Control,Clear,Dark,Dry,Non-Fatal Injury,Pedestrian Collisions,Driver,15 to 19,None,,West,"Automobile, Station Wagon",Going Ahead,Following too Close,Normal,,,,,,,Yes,,Yes,,,,,,,Yes,,,,146,Malvern East,132,Malvern (132),D42,642412.5033,4850697.869
2733,4251506,1004974,10/31/2007 8:00:00 AM,1803,5810 SHEPPARD AVE E,,,Major Arterial,Scarborough,43.795645,-79.22979,At Intersection,No Control,Clear,Dark,Dry,Non-Fatal Injury,Pedestrian Collisions,Other Property Owner,unknown,,,,Other,,,,,,,,,,Yes,,Yes,,,,,,,Yes,,,,146,Malvern East,132,Malvern (132),D42,642412.5033,4850697.869
2734,4251507,1004974,10/31/2007 8:00:00 AM,1803,5810 SHEPPARD AVE E,,,Major Arterial,Scarborough,43.795645,-79.22979,At Intersection,No Control,Clear,Dark,Dry,Non-Fatal Injury,Pedestrian Collisions,Pedestrian,35 to 39,Major,,,Other,,,,Pedestrian hit on sidewalk or shoulder,On Sidewalk or Shoulder,Normal,,,,Yes,,Yes,,,,,,,Yes,,,,146,Malvern East,132,Malvern (132),D42,642412.5033,4850697.869
2735,4274273,1000028,11/1/2007 8:00:00 AM,126,OAKWOOD AVE,ROSEMOUNT AVE,,Minor Arterial,Toronto and East York,43.677945,-79.43529,At Intersection,Stop Sign,Rain,Dark,Wet,Non-Fatal Injury,Angle,Passenger,20 to 24,Major,,,Other,,,,,,,,,,,,Yes,,,Yes,,Yes,Yes,Yes,,,,92,Corso Italia-Davenport,92,Corso Italia-Davenport (92),D13,626126.8451,4837292.4868
2736,4274274,1000028,11/1/2007 8:00:00 AM,126,OAKWOOD AVE,ROSEMOUNT AVE,,Minor Arterial,Toronto and East York,43.677945,-79.43529,At Intersection,Stop Sign,Rain,Dark,Wet,Non-Fatal Injury,Angle,Vehicle Owner,unknown,,,,Other,,,,,,,,,,,,Yes,,,Yes,,Yes,Yes,Yes,,,,92,Corso Italia-Davenport,92,Corso Italia-Davenport (92),D13,626126.8451,4837292.4868
2737,4274275,1000028,11/1/2007 8:00:00 AM,126,OAKWOOD AVE,ROSEMOUNT AVE,,Minor Arterial,Toronto and East York,43.677945,-79.43529,At Intersection,Stop Sign,Rain,Dark,Wet,Non-Fatal Injury,Angle,Driver,20 to 24,Major,,East,"Automobile, Station Wagon",Going Ahead,Disobeyed Traffic Control,Normal,,,,,,,,,Yes,,,Yes,,Yes,Yes,Yes,,,,92,Corso Italia-Davenport,92,Corso Italia-Davenport (92),D13,626126.8451,4837292.4868
2738,4274276,1000028,11/1/2007 8:00:00 AM,126,OAKWOOD AVE,ROSEMOUNT AVE,,Minor Arterial,Toronto and East York,43.677945,-79.43529,At Intersection,Stop Sign,Rain,Dark,Wet,Non-Fatal Injury,Angle,Vehicle Owner,unknown,,,,Other,,,,,,,,,,,,Yes,,,Yes,,Yes,Yes,Yes,,,,92,Corso Italia-Davenport,92,Corso Italia-Davenport (92),D13,626126.8451,4837292.4868
2739,4274277,1000028,11/1/2007 8:00:00 AM,126,OAKWOOD AVE,ROSEMOUNT AVE,,Minor Arterial,Toronto and East York,43.677945,-79.43529,At Intersection,Stop Sign,Rain,Dark,Wet,Non-Fatal Injury,Angle,Driver,40 to 44,None,,North,Municipal Transit Bus (TTC),Going Ahead,Driving Properly,Normal,,,,,,,,,Yes,,,Yes,,Yes,Yes,Yes,,,,92,Corso Italia-Davenport,92,Corso Italia-Davenport (92),D13,626126.8451,4837292.4868
2740,4245468,1002191,11/2/2007 8:00:00 AM,1642,PROGRESS AVE,BOROUGH DR,,Minor Arterial,Scarborough,43.776945,-79.25449,,No Control,Clear,Daylight,Dry,Non-Fatal Injury,Cyclist Collisions,Driver,55 to 59,None,,East,"Automobile, Station Wagon",Turning Left,Other,Normal,,,,,,,,Yes,Yes,,,,,,,,,,,156,Bendale-Glen Andrew,127,Bendale (127),D43,640469.175,4848578.7301
2741,4245469,1002191,11/2/2007 8:00:00 AM,1642,PROGRESS AVE,BOROUGH DR,,Minor Arterial,Scarborough,43.776945,-79.25449,,No Control,Clear,Daylight,Dry,Non-Fatal Injury,Cyclist Collisions,Cyclist,45 to 49,Major,,North,Bicycle,Going Ahead,,,,,,Motorist turned left across cyclists path.,,,,Yes,Yes,,,,,,,,,,,156,Bendale-Glen Andrew,127,Bendale (127),D43,640469.175,4848578.7301
2742,4406197,1000312,11/3/2007 8:00:00 AM,200,LAKE SHORE BLVD W,LONG BRANCH AVE,,Major Arterial,Etobicoke York,43.594345,-79.53399,,Traffic Signal,Clear,Dark,Dry,Non-Fatal Injury,SMV Other,Driver,40 to 44,Major,,West,"Automobile, Station Wagon",Going Ahead,Exceeding Speed Limit,Had Been Drinking,,,,,,,,,Yes,,,,,,Yes,Yes,,,,19,Long Branch,19,Long Branch (19),D22,618334.8265,4827862.3133
2743,4406198,1000312,11/3/2007 8:00:00 AM,200,LAKE SHORE BLVD W,LONG BRANCH AVE,,Major Arterial,Etobicoke York,43.594345,-79.53399,,Traffic Signal,Clear,Dark,Dry,Non-Fatal Injury,SMV Other,Other Property Owner,unknown,,,,Other,,,,,,,,,,,,Yes,,,,,,Yes,Yes,,,,19,Long Branch,19,Long Branch (19),D22,618334.8265,4827862.3133
2744,4274311,1000339,11/3/2007 8:00:00 AM,610,STEELES AVE W,NORTHWEST GT,,Major Arterial,Etobicoke York,43.777745,-79.51109,At Intersection,No Control,Clear,Dark,Dry,Non-Fatal Injury,Pedestrian Collisions,Driver,55 to 59,None,,West,"Automobile, Station Wagon",Going Ahead,Driving Properly,Normal,,,,,,,Yes,,Yes,,,,,,,,,,,NSA,NSA,NSA,NSA,NSA,619817.6222,4848264.2223
2745,4274312,1000339,11/3/2007 8:00:00 AM,610,STEELES AVE W,NORTHWEST GT,,Major Arterial,Etobicoke York,43.777745,-79.51109,At Intersection,No Control,Clear,Dark,Dry,Non-Fatal Injury,Pedestrian Collisions,Pedestrian,25 to 29,Major,,South,Other,,,,Pedestrian hit at mid-block,"Crossing, no Traffic Control",Had Been Drinking,,,,Yes,,Yes,,,,,,,,,,,NSA,NSA,NSA,NSA,NSA,619817.6222,4848264.2223
2746,4241454,1000380,11/4/2007 9:00:00 AM,1005,JAMESON AVE,KING ST W,,Major Arterial,Toronto and East York,43.637145,-79.43599,At Intersection,Traffic Signal,Clear,Daylight,Dry,Non-Fatal Injury,Pedestrian Collisions,Vehicle Owner,unknown,,,,Other,,,,,,,,,,Yes,,Yes,,,,,,,,,,,85,South Parkdale,85,South Parkdale (85),D14,626155.8321,4832760.048
2747,4241455,1000380,11/4/2007 9:00:00 AM,1005,JAMESON AVE,KING ST W,,Major Arterial,Toronto and East York,43.637145,-79.43599,At Intersection,Traffic Signal,Clear,Daylight,Dry,Non-Fatal Injury,Pedestrian Collisions,Driver,55 to 59,None,,West,"Automobile, Station Wagon",Turning Right,Driving Properly,Normal,,,,,,,Yes,,Yes,,,,,,,,,,,85,South Parkdale,85,South Parkdale (85),D14,626155.8321,4832760.048
2748,4241456,1000380,11/4/2007 9:00:00 AM,1005,JAMESON AVE,KING ST W,,Major Arterial,Toronto and East York,43.637145,-79.43599,At Intersection,Traffic Signal,Clear,Daylight,Dry,Non-Fatal Injury,Pedestrian Collisions,Pedestrian,75 to 79,Major,,West,Other,,,,Vehicle turns right while ped crosses without ROW at inter.,Crossing without right of way,Normal,,,,Yes,,Yes,,,,,,,,,,,85,South Parkdale,85,South Parkdale (85),D14,626155.8321,4832760.048
2749,4245769,1002316,11/5/2007 10:00:00 AM,1852,COXWELL AVE,EASTWOOD RD,,Minor Arterial,Toronto and East York,43.672945,-79.31929,At Intersection,Traffic Signal,Rain,Dark,Wet,Non-Fatal Injury,Pedestrian Collisions,Driver,45 to 49,None,,East,"Automobile, Station Wagon",Turning Left,Failed to Yield Right of Way,Normal,,,,,,,Yes,,Yes,,,,,,,Yes,,,,64,Woodbine Corridor,64,Woodbine Corridor (64),D55,635488.6304,4836920.1046
2750,4245770,1002316,11/5/2007 10:00:00 AM,1852,COXWELL AVE,EASTWOOD RD,,Minor Arterial,Toronto and East York,43.672945,-79.31929,At Intersection,Traffic Signal,Rain,Dark,Wet,Non-Fatal Injury,Pedestrian Collisions,Pedestrian,70 to 74,Major,,East,Other,,,,Vehicle turns left while ped crosses with ROW at inter.,Crossing with right of way,Normal,,,,Yes,,Yes,,,,,,,Yes,,,,64,Woodbine Corridor,64,Woodbine Corridor (64),D55,635488.6304,4836920.1046
2751,4246565,1002690,11/6/2007 10:00:00 AM,635,MARKHAM RD,FINCH AVE E,,Major Arterial,Scarborough,43.812945,-79.24309,At Intersection,Traffic Signal,Rain,Dark,Wet,Non-Fatal Injury,Rear End,Vehicle Owner,unknown,,,,Other,,,,,,,,,,,,Yes,,Yes,,,Yes,,Yes,,,,129,Agincourt North,129,Agincourt North (129),D42,641301.7163,4852596.514
2752,4246566,1002690,11/6/2007 10:00:00 AM,635,MARKHAM RD,FINCH AVE E,,Major Arterial,Scarborough,43.812945,-79.24309,At Intersection,Traffic Signal,Rain,Dark,Wet,Non-Fatal Injury,Rear End,Truck Driver,55 to 59,None,,South,Truck - Open,Slowing or Stopping,Following too Close,Inattentive,,,,,,,,,Yes,,Yes,,,Yes,,Yes,,,,129,Agincourt North,129,Agincourt North (129),D42,641301.7163,4852596.514
2753,4246567,1002690,11/6/2007 10:00:00 AM,635,MARKHAM RD,FINCH AVE E,,Major Arterial,Scarborough,43.812945,-79.24309,At Intersection,Traffic Signal,Rain,Dark,Wet,Non-Fatal Injury,Rear End,Passenger,20 to 24,Major,,,Other,,,,,,,,,,,,Yes,,Yes,,,Yes,,Yes,,,,129,Agincourt North,129,Agincourt North (129),D42,641301.7163,4852596.514
2754,4246568,1002690,11/6/2007 10:00:00 AM,635,MARKHAM RD,FINCH AVE E,,Major Arterial,Scarborough,43.812945,-79.24309,At Intersection,Traffic Signal,Rain,Dark,Wet,Non-Fatal Injury,Rear End,Vehicle Owner,unknown,,,,Other,,,,,,,,,,,,Yes,,Yes,,,Yes,,Yes,,,,129,Agincourt North,129,Agincourt North (129),D42,641301.7163,4852596.514
2755,4246569,1002690,11/6/2007 10:00:00 AM,635,MARKHAM RD,FINCH AVE E,,Major Arterial,Scarborough,43.812945,-79.24309,At Intersection,Traffic Signal,Rain,Dark,Wet,Non-Fatal Injury,Rear End,Driver,25 to 29,Minor,,South,"Automobile, Station Wagon",Stopped,Driving Properly,Normal,,,,,,,,,Yes,,Yes,,,Yes,,Yes,,,,129,Agincourt North,129,Agincourt North (129),D42,641301.7163,4852596.514
2756,4293248,1000871,11/6/2007 10:00:00 AM,710,WARDEN AVE,MANHATTAN DR,,Major Arterial,Scarborough,43.752045,-79.29749,At Intersection,Traffic Signal,Clear,Daylight,Dry,Fatal,Pedestrian Collisions,Driver,35 to 39,None,,East,"Automobile, Station Wagon",Turning Left,Failed to Yield Right of Way,Inattentive,,,,,,,Yes,,Yes,,,,,,,Yes,,,,119,Wexford/Maryvale,119,Wexford/Maryvale (119),D41,637065.5877,4845741.1423
2757,4293249,1000871,11/6/2007 10:00:00 AM,710,WARDEN AVE,MANHATTAN DR,,Major Arterial,Scarborough,43.752045,-79.29749,At Intersection,Traffic Signal,Clear,Daylight,Dry,Fatal,Pedestrian Collisions,Pedestrian,45 to 49,Fatal,,West,Other,,,,Vehicle turns left while ped crosses with ROW at inter.,Crossing with right of way,Normal,,,,Yes,,Yes,,,,,,,Yes,,,,119,Wexford/Maryvale,119,Wexford/Maryvale (119),D41,637065.5877,4845741.1423
2758,4274550,1003217,11/6/2007 10:00:00 AM,1836,BUSHBY DR,MCCOWAN RD,,Major Arterial,Scarborough,43.774545,-79.25219,,Traffic Signal,Rain,Dusk,Wet,Non-Fatal Injury,Pedestrian Collisions,Vehicle Owner,unknown,,,,Other,,,,,,,,,,Yes,,Yes,,,,,,,Yes,,,,142,Woburn North,137,Woburn (137),D43,640659.896,4848316.0775
2759,4274551,1003217,11/6/2007 10:00:00 AM,1836,BUSHBY DR,MCCOWAN RD,,Major Arterial,Scarborough,43.774545,-79.25219,,Traffic Signal,Rain,Dusk,Wet,Non-Fatal Injury,Pedestrian Collisions,Driver,60 to 64,None,,South,"Automobile, Station Wagon",Turning Left,Failed to Yield Right of Way,Had Been Drinking,,,,,,,Yes,,Yes,,,,,,,Yes,,,,142,Woburn North,137,Woburn (137),D43,640659.896,4848316.0775
2760,4274552,1003217,11/6/2007 10:00:00 AM,1836,BUSHBY DR,MCCOWAN RD,,Major Arterial,Scarborough,43.774545,-79.25219,,Traffic Signal,Rain,Dusk,Wet,Non-Fatal Injury,Pedestrian Collisions,Pedestrian,30 to 34,Major,,South,Other,,,,Vehicle turns left while ped crosses with ROW at inter.,Crossing with right of way,Normal,,,,Yes,,Yes,,,,,,,Yes,,,,142,Woburn North,137,Woburn (137),D43,640659.896,4848316.0775
2761,4293250,1000894,11/6/2007 10:00:00 AM,2115,FLAVIAN CRES,RAMEAU DR,,Local,North York,43.793945,-79.35789,At Intersection,No Control,Rain,Dark,Wet,Non-Fatal Injury,Pedestrian Collisions,Driver,55 to 59,None,,East,"Automobile, Station Wagon",Turning Left,Failed to Yield Right of Way,Unknown,,,,,,,Yes,,Yes,,,,,,,Yes,,,,48,Hillcrest Village,48,Hillcrest Village (48),D33,632110.563,4850296.6035
2762,4293251,1000894,11/6/2007 10:00:00 AM,2115,FLAVIAN CRES,RAMEAU DR,,Local,North York,43.793945,-79.35789,At Intersection,No Control,Rain,Dark,Wet,Non-Fatal Injury,Pedestrian Collisions,Vehicle Owner,unknown,,,,Other,,,,,,,,,,Yes,,Yes,,,,,,,Yes,,,,48,Hillcrest Village,48,Hillcrest Village (48),D33,632110.563,4850296.6035
2763,4293252,1000894,11/6/2007 10:00:00 AM,2115,FLAVIAN CRES,RAMEAU DR,,Local,North York,43.793945,-79.35789,At Intersection,No Control,Rain,Dark,Wet,Non-Fatal Injury,Pedestrian Collisions,Pedestrian,30 to 34,Major,,West,Other,,,,Vehicle turns left while ped crosses with ROW at inter.,Crossing with right of way,Normal,,,,Yes,,Yes,,,,,,,Yes,,,,48,Hillcrest Village,48,Hillcrest Village (48),D33,632110.563,4850296.6035
2764,4259518,1008556,11/7/2007 10:00:00 AM,1130,EGLINTON AVE W,CAMBERWELL RD,,Major Arterial,North York,43.700045,-79.42989,,No Control,Clear,Daylight,Dry,Non-Fatal Injury,Pedestrian Collisions,Vehicle Owner,unknown,,,,Other,,,,,,,,,,Yes,,Yes,,,,,,,,,,,106,Humewood-Cedarvale,106,Humewood-Cedarvale (106),D13,626515.6553,4839755.2199
2765,4259519,1008556,11/7/2007 10:00:00 AM,1130,EGLINTON AVE W,CAMBERWELL RD,,Major Arterial,North York,43.700045,-79.42989,,No Control,Clear,Daylight,Dry,Non-Fatal Injury,Pedestrian Collisions,Driver,35 to 39,None,,East,"Automobile, Station Wagon",Reversing,Other,Normal,,,,,,,Yes,,Yes,,,,,,,,,,,106,Humewood-Cedarvale,106,Humewood-Cedarvale (106),D13,626515.6553,4839755.2199
2766,4259520,1008556,11/7/2007 10:00:00 AM,1130,EGLINTON AVE W,CAMBERWELL RD,,Major Arterial,North York,43.700045,-79.42989,,No Control,Clear,Daylight,Dry,Non-Fatal Injury,Pedestrian Collisions,Pedestrian,65 to 69,Major,,North,Other,,,,Vehicle is reversing and hits pedestrian,"Crossing, no Traffic Control",Inattentive,,,,Yes,,Yes,,,,,,,,,,,106,Humewood-Cedarvale,106,Humewood-Cedarvale (106),D13,626515.6553,4839755.2199
2767,4274731,1005011,11/7/2007 10:00:00 AM,2206,WARDEN AVE,HUNTINGWOOD DR,,Major Arterial,Scarborough,43.784728,-79.310634,,No Control,Clear,Dark,Dry,Non-Fatal Injury,Pedestrian Collisions,Vehicle Owner,unknown,,,,Other,,,,,,,,,,Yes,,Yes,,,,,,,,,,,118,Tam O'Shanter-Sullivan,118,Tam O'Shanter-Sullivan (118),D42,635933.3213,4849349.426
2768,4274732,1005011,11/7/2007 10:00:00 AM,2206,WARDEN AVE,HUNTINGWOOD DR,,Major Arterial,Scarborough,43.784728,-79.310634,,No Control,Clear,Dark,Dry,Non-Fatal Injury,Pedestrian Collisions,Vehicle Owner,unknown,,,,Other,,,,,,,,,,Yes,,Yes,,,,,,,,,,,118,Tam O'Shanter-Sullivan,118,Tam O'Shanter-Sullivan (118),D42,635933.3213,4849349.426
2769,4274733,1005011,11/7/2007 10:00:00 AM,2206,WARDEN AVE,HUNTINGWOOD DR,,Major Arterial,Scarborough,43.784728,-79.310634,,No Control,Clear,Dark,Dry,Non-Fatal Injury,Pedestrian Collisions,Driver,40 to 44,None,,South,"Automobile, Station Wagon",Going Ahead,Other,Normal,,,,,,,Yes,,Yes,,,,,,,,,,,118,Tam O'Shanter-Sullivan,118,Tam O'Shanter-Sullivan (118),D42,635933.3213,4849349.426
2770,4274734,1005011,11/7/2007 10:00:00 AM,2206,WARDEN AVE,HUNTINGWOOD DR,,Major Arterial,Scarborough,43.784728,-79.310634,,No Control,Clear,Dark,Dry,Non-Fatal Injury,Pedestrian Collisions,Pedestrian,40 to 44,Major,,Unknown,Other,,,,Pedestrian hit at mid-block,Other,Normal,,,,Yes,,Yes,,,,,,,,,,,118,Tam O'Shanter-Sullivan,118,Tam O'Shanter-Sullivan (118),D42,635933.3213,4849349.426
2771,4274735,1005011,11/7/2007 10:00:00 AM,2206,WARDEN AVE,HUNTINGWOOD DR,,Major Arterial,Scarborough,43.784728,-79.310634,,No Control,Clear,Dark,Dry,Non-Fatal Injury,Pedestrian Collisions,Pedestrian,30 to 34,Major,,Unknown,Other,,,,Pedestrian hit at mid-block,Other,Normal,,,,Yes,,Yes,,,,,,,,,,,118,Tam O'Shanter-Sullivan,118,Tam O'Shanter-Sullivan (118),D42,635933.3213,4849349.426
2772,4274386,1001270,11/8/2007 10:00:00 AM,643,ALBION RD,MARTIN GROVE N ALBION E RAMP,,Major Arterial,Etobicoke York,43.741145,-79.58939,At Intersection,No Control,Clear,Daylight,Dry,Non-Fatal Injury,Pedestrian Collisions,Pedestrian,45 to 49,Major,,South,Other,,,,Vehicle is going straight thru inter.while ped cross without ROW,"Crossing, no Traffic Control",Normal,,,,Yes,,Yes,,,,,,,,,,,2,Mount Olive-Silverstone-Jamestown,2,Mount Olive-Silverstone-Jamestown (2),D23,613585.7459,4844088.9257
2773,4274387,1001270,11/8/2007 10:00:00 AM,643,ALBION RD,MARTIN GROVE N ALBION E RAMP,,Major Arterial,Etobicoke York,43.741145,-79.58939,At Intersection,No Control,Clear,Daylight,Dry,Non-Fatal Injury,Pedestrian Collisions,Driver,25 to 29,None,,West,"Automobile, Station Wagon",Going Ahead,Driving Properly,Unknown,,,,,,,Yes,,Yes,,,,,,,,,,,2,Mount Olive-Silverstone-Jamestown,2,Mount Olive-Silverstone-Jamestown (2),D23,613585.7459,4844088.9257
2774,4247943,1003332,11/8/2007 10:00:00 AM,1945,MIDLAND AVE,NORBURY CRES,,Major Arterial,Scarborough,43.756045,-79.26669,,No Control,Rain,Dark,Wet,Non-Fatal Injury,Pedestrian Collisions,Driver,50 to 54,None,,North,"Automobile, Station Wagon",Going Ahead,Driving Properly,Normal,,,,,,,Yes,,Yes,,,,,,,,,,,156,Bendale-Glen Andrew,127,Bendale (127),D41,639535.9635,4846236.8337
2775,4247944,1003332,11/8/2007 10:00:00 AM,1945,MIDLAND AVE,NORBURY CRES,,Major Arterial,Scarborough,43.756045,-79.26669,,No Control,Rain,Dark,Wet,Non-Fatal Injury,Pedestrian Collisions,Pedestrian,40 to 44,Major,,East,Other,,,,Vehicle is going straight thru inter.while ped cross without ROW,"Crossing, no Traffic Control",Had Been Drinking,,,,Yes,,Yes,,,,,,,,,,,156,Bendale-Glen Andrew,127,Bendale (127),D41,639535.9635,4846236.8337
2776,4274560,1003447,11/8/2007 10:00:00 AM,2014,ST CLAIR AVE W,CHRISTIE ST,,Major Arterial,Toronto and East York,43.681745,-79.42569,,Traffic Signal,Rain,Dark,Wet,Non-Fatal Injury,Cyclist Collisions,Driver,60 to 64,None,,West,"Automobile, Station Wagon",Going Ahead,Driving Properly,Normal,,,,,,,,Yes,Yes,,,,,,,,,,,94,Wychwood,94,Wychwood (94),D13,626892.6705,4837729.1712
2777,4274561,1003447,11/8/2007 10:00:00 AM,2014,ST CLAIR AVE W,CHRISTIE ST,,Major Arterial,Toronto and East York,43.681745,-79.42569,,Traffic Signal,Rain,Dark,Wet,Non-Fatal Injury,Cyclist Collisions,Vehicle Owner,unknown,,,,Other,,,,,,,,,,,Yes,Yes,,,,,,,,,,,94,Wychwood,94,Wychwood (94),D13,626892.6705,4837729.1712
2778,4274562,1003447,11/8/2007 10:00:00 AM,2014,ST CLAIR AVE W,CHRISTIE ST,,Major Arterial,Toronto and East York,43.681745,-79.42569,,Traffic Signal,Rain,Dark,Wet,Non-Fatal Injury,Cyclist Collisions,Cyclist,35 to 39,Major,,West,Bicycle,Stopped,,,,,,Cyclist and Driver travelling in same direction. One vehicle rear-ended the other.,Driving Properly,Normal,,Yes,Yes,,,,,,,,,,,94,Wychwood,94,Wychwood (94),D13,626892.6705,4837729.1712
2779,4274455,1002002,11/8/2007 10:00:00 AM,2154,GERRARD Stre E,PARLIAMENT Stre,,Minor Arterial,Toronto and East York,43.661945,-79.36699,At Intersection,Traffic Signal,Rain,Dark,Wet,Non-Fatal Injury,Pedestrian Collisions,Driver,unknown,None,,West,"Automobile, Station Wagon",Going Ahead,Disobeyed Traffic Control,Unknown,,,,,,,Yes,,Yes,,,,,,,Yes,Yes,,,72,Regent Park,72,Regent Park (72),D51,631667.353,4835621.5984
2780,4274456,1002002,11/8/2007 10:00:00 AM,2154,GERRARD Stre E,PARLIAMENT Stre,,Minor Arterial,Toronto and East York,43.661945,-79.36699,At Intersection,Traffic Signal,Rain,Dark,Wet,Non-Fatal Injury,Pedestrian Collisions,Pedestrian,40 to 44,Minimal,,South,Other,,,,Vehicle is going straight thru inter.while ped cross with ROW,Crossing with right of way,Normal,,,,Yes,,Yes,,,,,,,Yes,Yes,,,72,Regent Park,72,Regent Park (72),D51,631667.353,4835621.5984
2781,4274457,1002002,11/8/2007 10:00:00 AM,2154,GERRARD Stre E,PARLIAMENT Stre,,Minor Arterial,Toronto and East York,43.661945,-79.36699,At Intersection,Traffic Signal,Rain,Dark,Wet,Non-Fatal Injury,Pedestrian Collisions,Pedestrian,10 to 14,Major,,South,Other,,,,Vehicle is going straight thru inter.while ped cross with ROW,Crossing with right of way,Normal,,,,Yes,,Yes,,,,,,,Yes,Yes,,,72,Regent Park,72,Regent Park (72),D51,631667.353,4835621.5984