OBJECTID,INDEX,ACCNUM,DATE,TIME,STREET1,STREET2,OFFSET,ROAD_CLASS,DISTRICT,LATITUDE,LONGITUDE,ACCLOC,TRAFFCTL,VISIBILITY,LIGHT,RDSFCOND,ACCLASS,IMPACTYPE,INVTYPE,INVAGE,INJURY,FATAL_NO,INITDIR,VEHTYPE,MANOEUVER,DRIVACT,DRIVCOND,PEDTYPE,PEDACT,PEDCOND,CYCLISTYPE,CYCACT,CYCCOND,PEDESTRIAN,CYCLIST,AUTOMOBILE,MOTORCYCLE,TRUCK,TRSN_CITY_VEH,EMERG_VEH,PASSENGER,SPEEDING,AG_DRIV,REDLIGHT,ALCOHOL,DISABILITY,HOOD_158,NEIGHBOURHOOD_158,HOOD_140,NEIGHBOURHOOD_140,DIVISION,x,y
2782,4274458,1002002,11/8/2007 10:00:00 AM,2154,GERRARD Stre E,PARLIAMENT Stre,,Minor Arterial,Toronto and East York,43.661945,-79.36699,At Intersection,Traffic Signal,Rain,Dark,Wet,Non-Fatal Injury,Pedestrian Collisions,Pedestrian,5 to 9,Minimal,,South,Other,,,,Vehicle is going straight thru inter.while ped cross with ROW,Crossing with right of way,Normal,,,,Yes,,Yes,,,,,,,Yes,Yes,,,72,Regent Park,72,Regent Park (72),D51,631667.353,4835621.5984
2783,4248411,1003525,11/9/2007 10:00:00 AM,840,PATRICIA AVE,LACONIA DR,,Collector,North York,43.785045,-79.44169,,No Control,Clear,"Daylight, artificial",Dry,Non-Fatal Injury,Pedestrian Collisions,Driver,45 to 49,None,,West,"Automobile, Station Wagon",Going Ahead,Driving Properly,Normal,,,,,,,Yes,,Yes,,,,,,,,,,,36,Newtonbrook West,36,Newtonbrook West (36),D32,625387.2592,4849177.7745
2784,4248412,1003525,11/9/2007 10:00:00 AM,840,PATRICIA AVE,LACONIA DR,,Collector,North York,43.785045,-79.44169,,No Control,Clear,"Daylight, artificial",Dry,Non-Fatal Injury,Pedestrian Collisions,Pedestrian,10 to 14,Major,,South,Other,,,,Pedestrian hit at mid-block,"Crossing, no Traffic Control",Normal,,,,Yes,,Yes,,,,,,,,,,,36,Newtonbrook West,36,Newtonbrook West (36),D32,625387.2592,4849177.7745
2785,4274440,1001761,11/9/2007 10:00:00 AM,1810,JANE ST,FIRGROVE CRES,,Major Arterial,Etobicoke York,43.754845,-79.51709,At Intersection,Traffic Signal,Rain,Dark,Wet,Fatal,Pedestrian Collisions,Driver,35 to 39,None,,East,"Automobile, Station Wagon",Turning Left,Failed to Yield Right of Way,Inattentive,,,,,,,Yes,,Yes,,,,,,,Yes,,,,25,Glenfield-Jane Heights,25,Glenfield-Jane Heights (25),D31,619380.3223,4845712.171
2786,4274441,1001761,11/9/2007 10:00:00 AM,1810,JANE ST,FIRGROVE CRES,,Major Arterial,Etobicoke York,43.754845,-79.51709,At Intersection,Traffic Signal,Rain,Dark,Wet,Fatal,Pedestrian Collisions,Pedestrian,80 to 84,Fatal,,West,Other,,,,Vehicle turns left while ped crosses with ROW at inter.,Crossing with right of way,Unknown,,,,Yes,,Yes,,,,,,,Yes,,,,25,Glenfield-Jane Heights,25,Glenfield-Jane Heights (25),D31,619380.3223,4845712.171
2787,4293313,1002149,11/9/2007 10:00:00 AM,1825,WESTON RD,ST PHILLIPS RD,,Major Arterial,Etobicoke York,43.706245,-79.53239,At Intersection,Traffic Signal,Rain,Dark,Wet,Non-Fatal Injury,Pedestrian Collisions,Pedestrian,65 to 69,Major,,East,"Automobile, Station Wagon",,,,Vehicle is going straight thru inter.while ped cross with ROW,Crossing with right of way,Normal,,,,Yes,,Yes,,,,,,,,,,,113,Weston,113,Weston (113),D12,618244.1966,4840292.5134
2788,4293314,1002149,11/9/2007 10:00:00 AM,1825,WESTON RD,ST PHILLIPS RD,,Major Arterial,Etobicoke York,43.706245,-79.53239,At Intersection,Traffic Signal,Rain,Dark,Wet,Non-Fatal Injury,Pedestrian Collisions,Driver,unknown,None,,South,"Automobile, Station Wagon",Going Ahead,Other,Unknown,,,,,,,Yes,,Yes,,,,,,,,,,,113,Weston,113,Weston (113),D12,618244.1966,4840292.5134
2789,4406246,1001762,11/9/2007 10:00:00 AM,1853,SANDHURST CRCL,FINCH AVE E,,Collector,Scarborough,43.809245,-79.27119,,Pedestrian Crossover,Rain,Dark,Wet,Non-Fatal Injury,Pedestrian Collisions,Driver,20 to 24,None,,South,"Automobile, Station Wagon",Going Ahead,Failed to Yield Right of Way,Normal,,,,,,,Yes,,Yes,,,,,Yes,,Yes,,,,129,Agincourt North,129,Agincourt North (129),D42,639050.2999,4852137.9606
2790,4406247,1001762,11/9/2007 10:00:00 AM,1853,SANDHURST CRCL,FINCH AVE E,,Collector,Scarborough,43.809245,-79.27119,,Pedestrian Crossover,Rain,Dark,Wet,Non-Fatal Injury,Pedestrian Collisions,Passenger,30 to 34,None,,,Other,,,,,,,,,,Yes,,Yes,,,,,Yes,,Yes,,,,129,Agincourt North,129,Agincourt North (129),D42,639050.2999,4852137.9606
2791,4406248,1001762,11/9/2007 10:00:00 AM,1853,SANDHURST CRCL,FINCH AVE E,,Collector,Scarborough,43.809245,-79.27119,,Pedestrian Crossover,Rain,Dark,Wet,Non-Fatal Injury,Pedestrian Collisions,Vehicle Owner,unknown,,,,Other,,,,,,,,,,Yes,,Yes,,,,,Yes,,Yes,,,,129,Agincourt North,129,Agincourt North (129),D42,639050.2999,4852137.9606
2792,4406249,1001762,11/9/2007 10:00:00 AM,1853,SANDHURST CRCL,FINCH AVE E,,Collector,Scarborough,43.809245,-79.27119,,Pedestrian Crossover,Rain,Dark,Wet,Non-Fatal Injury,Pedestrian Collisions,Pedestrian,15 to 19,Minimal,,West,Other,,,,Pedestrian hit a PXO/ped. Mid-block signal,"Crossing, Pedestrian Crossover",Normal,,,,Yes,,Yes,,,,,Yes,,Yes,,,,129,Agincourt North,129,Agincourt North (129),D42,639050.2999,4852137.9606
2793,4406250,1001762,11/9/2007 10:00:00 AM,1853,SANDHURST CRCL,FINCH AVE E,,Collector,Scarborough,43.809245,-79.27119,,Pedestrian Crossover,Rain,Dark,Wet,Non-Fatal Injury,Pedestrian Collisions,Pedestrian,40 to 44,Major,,West,Other,,,,Pedestrian hit a PXO/ped. Mid-block signal,"Crossing, Pedestrian Crossover",Normal,,,,Yes,,Yes,,,,,Yes,,Yes,,,,129,Agincourt North,129,Agincourt North (129),D42,639050.2999,4852137.9606
2794,4244805,1001877,11/10/2007 10:00:00 AM,1050,BLOOR ST W,DURIE ST,,Major Arterial,Toronto and East York,43.650745,-79.47819,At Intersection,No Control,Clear,Daylight,Dry,Non-Fatal Injury,Pedestrian Collisions,Driver,40 to 44,None,,East,"Automobile, Station Wagon",Going Ahead,Driving Properly,Normal,,,,,,,Yes,,Yes,,,,,,,,,,,89,Runnymede-Bloor West Village,89,Runnymede-Bloor West Village (89),D11,622724.1779,4834207.2293
2795,4244806,1001877,11/10/2007 10:00:00 AM,1050,BLOOR ST W,DURIE ST,,Major Arterial,Toronto and East York,43.650745,-79.47819,At Intersection,No Control,Clear,Daylight,Dry,Non-Fatal Injury,Pedestrian Collisions,Pedestrian,70 to 74,Major,,East,Other,,,,Pedestrian hit on sidewalk or shoulder,On Sidewalk or Shoulder,Normal,,,,Yes,,Yes,,,,,,,,,,,89,Runnymede-Bloor West Village,89,Runnymede-Bloor West Village (89),D11,622724.1779,4834207.2293
2796,4248515,1003569,11/11/2007 10:00:00 AM,1551,ST CLARENS AVE,WYNDHAM ST,,Local,Toronto and East York,43.647345,-79.43729,,No Control,Clear,Daylight,Dry,Non-Fatal Injury,Pedestrian Collisions,Driver,30 to 34,None,,West,"Automobile, Station Wagon",Turning Right,Driving Properly,Normal,,,,,,,Yes,,Yes,,,,,,,,,,,84,Little Portugal,84,Little Portugal (84),D11,626029.6414,4833890.9138
2797,4248516,1003569,11/11/2007 10:00:00 AM,1551,ST CLARENS AVE,WYNDHAM ST,,Local,Toronto and East York,43.647345,-79.43729,,No Control,Clear,Daylight,Dry,Non-Fatal Injury,Pedestrian Collisions,Pedestrian,70 to 74,Major,,,Other,,,,Vehicle turns right while ped crosses without ROW at inter.,Crossing without right of way,Inattentive,,,,Yes,,Yes,,,,,,,,,,,84,Little Portugal,84,Little Portugal (84),D11,626029.6414,4833890.9138
2798,4248652,1003629,11/13/2007 10:00:00 AM,635,YONGE ST,UPPER MADISON AVE,,Major Arterial,North York,43.765045,-79.41179,,No Control,Clear,Dark,Dry,Non-Fatal Injury,Rear End,Vehicle Owner,unknown,,,,Other,,,,,,,,,,,,Yes,,,,,,,Yes,,,,151,Yonge-Doris,51,Willowdale East (51),D32,627835.7516,4847002.1924
2799,4248653,1003629,11/13/2007 10:00:00 AM,635,YONGE ST,UPPER MADISON AVE,,Major Arterial,North York,43.765045,-79.41179,,No Control,Clear,Dark,Dry,Non-Fatal Injury,Rear End,Driver,45 to 49,Minor,,South,"Automobile, Station Wagon",Going Ahead,Following too Close,Normal,,,,,,,,,Yes,,,,,,,Yes,,,,151,Yonge-Doris,51,Willowdale East (51),D32,627835.7516,4847002.1924
2800,4248654,1003629,11/13/2007 10:00:00 AM,635,YONGE ST,UPPER MADISON AVE,,Major Arterial,North York,43.765045,-79.41179,,No Control,Clear,Dark,Dry,Non-Fatal Injury,Rear End,Driver,55 to 59,Minimal,,South,"Automobile, Station Wagon",Slowing or Stopping,Driving Properly,Normal,,,,,,,,,Yes,,,,,,,Yes,,,,151,Yonge-Doris,51,Willowdale East (51),D32,627835.7516,4847002.1924
2801,4248655,1003629,11/13/2007 10:00:00 AM,635,YONGE ST,UPPER MADISON AVE,,Major Arterial,North York,43.765045,-79.41179,,No Control,Clear,Dark,Dry,Non-Fatal Injury,Rear End,Driver,35 to 39,Major,,South,"Automobile, Station Wagon",Slowing or Stopping,Driving Properly,Normal,,,,,,,,,Yes,,,,,,,Yes,,,,151,Yonge-Doris,51,Willowdale East (51),D32,627835.7516,4847002.1924
2802,4254801,1006449,11/14/2007 10:00:00 AM,1825,KING ST W,SUDBURY ST,,Major Arterial,Toronto and East York,43.640945,-79.41719,At Intersection,Traffic Signal,Clear,Dark,Dry,Non-Fatal Injury,Cyclist Collisions,Driver,75 to 79,None,,East,"Automobile, Station Wagon",Turning Left,Improper Turn,Inattentive,,,,,,,,Yes,Yes,,,,,,,,,,,162,West Queen West,82,Niagara (82),D14,627664.2408,4833210.8318
2803,4254802,1006449,11/14/2007 10:00:00 AM,1825,KING ST W,SUDBURY ST,,Major Arterial,Toronto and East York,43.640945,-79.41719,At Intersection,Traffic Signal,Clear,Dark,Dry,Non-Fatal Injury,Cyclist Collisions,Cyclist,30 to 34,Major,,West,Bicycle,Going Ahead,,,,,,Motorist turned left across cyclists path.,Driving Properly,Normal,,Yes,Yes,,,,,,,,,,,162,West Queen West,82,Niagara (82),D14,627664.2408,4833210.8318
2804,4275176,1008571,11/15/2007 10:00:00 AM,724,LAKE SHORE BLVD W,LONG BRANCH AVE,,Major Arterial,Etobicoke York,43.594345,-79.53399,At Intersection,Traffic Signal,Clear,Daylight,Dry,Non-Fatal Injury,Pedestrian Collisions,Vehicle Owner,unknown,,,,Other,,,,,,,,,,Yes,,Yes,,,,,,,,,,,19,Long Branch,19,Long Branch (19),D22,618334.8265,4827862.3133
2805,4275177,1008571,11/15/2007 10:00:00 AM,724,LAKE SHORE BLVD W,LONG BRANCH AVE,,Major Arterial,Etobicoke York,43.594345,-79.53399,At Intersection,Traffic Signal,Clear,Daylight,Dry,Non-Fatal Injury,Pedestrian Collisions,Driver,40 to 44,None,,East,"Automobile, Station Wagon",Going Ahead,Driving Properly,Normal,,,,,,,Yes,,Yes,,,,,,,,,,,19,Long Branch,19,Long Branch (19),D22,618334.8265,4827862.3133
2806,4275178,1008571,11/15/2007 10:00:00 AM,724,LAKE SHORE BLVD W,LONG BRANCH AVE,,Major Arterial,Etobicoke York,43.594345,-79.53399,At Intersection,Traffic Signal,Clear,Daylight,Dry,Non-Fatal Injury,Pedestrian Collisions,Pedestrian,20 to 24,Major,,North,Other,,,,Vehicle is going straight thru inter.while ped cross without ROW,Crossing marked crosswalk without ROW,Inattentive,,,,Yes,,Yes,,,,,,,,,,,19,Long Branch,19,Long Branch (19),D22,618334.8265,4827862.3133
2807,4253189,1005723,11/16/2007 10:00:00 AM,1050,2098 BRIMLEY Rd,,,Major Arterial,Scarborough,43.788245,-79.26899,,No Control,Clear,Daylight,Dry,Non-Fatal Injury,Turning Movement,Driver,50 to 54,Major,,East,"Automobile, Station Wagon",Stopped,Driving Properly,Normal,,,,,,,,,Yes,,,,,,,,,,,128,Agincourt South-Malvern West,128,Agincourt South-Malvern West (128),D42,639276.0366,4849809.2731
2808,4253190,1005723,11/16/2007 10:00:00 AM,1050,2098 BRIMLEY Rd,,,Major Arterial,Scarborough,43.788245,-79.26899,,No Control,Clear,Daylight,Dry,Non-Fatal Injury,Turning Movement,Vehicle Owner,unknown,,,,Other,,,,,,,,,,,,Yes,,,,,,,,,,,128,Agincourt South-Malvern West,128,Agincourt South-Malvern West (128),D42,639276.0366,4849809.2731
2809,4253191,1005723,11/16/2007 10:00:00 AM,1050,2098 BRIMLEY Rd,,,Major Arterial,Scarborough,43.788245,-79.26899,,No Control,Clear,Daylight,Dry,Non-Fatal Injury,Turning Movement,Driver,25 to 29,None,,South,"Automobile, Station Wagon",Turning Right,Lost control,Normal,,,,,,,,,Yes,,,,,,,,,,,128,Agincourt South-Malvern West,128,Agincourt South-Malvern West (128),D42,639276.0366,4849809.2731
2810,4259566,1008573,11/17/2007 10:00:00 AM,205,ROMAC DR,CAMOR CRT,,Local,Scarborough,43.787645,-79.17039,,No Control,Clear,Dark,Dry,Non-Fatal Injury,Pedestrian Collisions,Driver,30 to 34,None,,South,"Automobile, Station Wagon",Parked,Other,Had Been Drinking,,,,,,,Yes,,Yes,,,,,,,,,,,134,Highland Creek,134,Highland Creek (134),D43,647210.9049,4849913.2712
2811,4259567,1008573,11/17/2007 10:00:00 AM,205,ROMAC DR,CAMOR CRT,,Local,Scarborough,43.787645,-79.17039,,No Control,Clear,Dark,Dry,Non-Fatal Injury,Pedestrian Collisions,Pedestrian,25 to 29,Major,,,Other,,,,Pedestrian hit at mid-block,Other,Had Been Drinking,,,,Yes,,Yes,,,,,,,,,,,134,Highland Creek,134,Highland Creek (134),D43,647210.9049,4849913.2712
2812,4259568,1008573,11/17/2007 10:00:00 AM,205,ROMAC DR,CAMOR CRT,,Local,Scarborough,43.787645,-79.17039,,No Control,Clear,Dark,Dry,Non-Fatal Injury,Pedestrian Collisions,Driver,unknown,None,,North,"Automobile, Station Wagon",Other,Other,Unknown,,,,,,,Yes,,Yes,,,,,,,,,,,134,Highland Creek,134,Highland Creek (134),D43,647210.9049,4849913.2712
2813,4293359,1003358,11/17/2007 10:00:00 AM,1255,DUFFERIN ST,HOLMESDALE RD,,Major Arterial,Toronto and East York,43.688645,-79.44739,At Intersection,Traffic Signal,Clear,Daylight,Dry,Non-Fatal Injury,Pedestrian Collisions,Driver,75 to 79,None,,South,"Automobile, Station Wagon",Going Ahead,Disobeyed Traffic Control,Inattentive,,,,,,,Yes,,Yes,,,,,,,Yes,Yes,,,109,Caledonia-Fairbank,109,Caledonia-Fairbank (109),D13,625129.2421,4838462.5381
2814,4293360,1003358,11/17/2007 10:00:00 AM,1255,DUFFERIN ST,HOLMESDALE RD,,Major Arterial,Toronto and East York,43.688645,-79.44739,At Intersection,Traffic Signal,Clear,Daylight,Dry,Non-Fatal Injury,Pedestrian Collisions,Pedestrian,40 to 44,Major,,East,Other,,,,Vehicle is going straight thru inter.while ped cross with ROW,Crossing with right of way,Normal,,,,Yes,,Yes,,,,,,,Yes,Yes,,,109,Caledonia-Fairbank,109,Caledonia-Fairbank (109),D13,625129.2421,4838462.5381
2815,4253213,1005733,11/17/2007 10:00:00 AM,1650,MARKET ST,THE ESPLANADE,,Local,Toronto and East York,43.648745,-79.37199,At Intersection,No Control,Clear,Dusk,Dry,Non-Fatal Injury,Pedestrian Collisions,Cyclist,unknown,Major,,North,Bicycle,Going Ahead,,,,,,Cyclist strikes pedestrian.,Failed to Yield Right of Way,Unknown,Yes,Yes,,,,,,,,,,,,166,St Lawrence-East Bayfront-The Islands,77,Waterfront Communities-The Island (77),D51,631292.9693,4834147.6408
2816,4253214,1005733,11/17/2007 10:00:00 AM,1650,MARKET ST,THE ESPLANADE,,Local,Toronto and East York,43.648745,-79.37199,At Intersection,No Control,Clear,Dusk,Dry,Non-Fatal Injury,Pedestrian Collisions,Pedestrian,75 to 79,Minimal,,East,Other,,,,Pedestrian hit at mid-block,"Crossing, no Traffic Control",Normal,,,,Yes,Yes,,,,,,,,,,,,166,St Lawrence-East Bayfront-The Islands,77,Waterfront Communities-The Island (77),D51,631292.9693,4834147.6408
2817,4252339,1005351,11/18/2007 10:00:00 AM,735,DON VALLEY PARKWAY  N,DON MILLS Road,,,Toronto and East York,43.700545,-79.33709,,No Control,Clear,Daylight,Dry,Non-Fatal Injury,SMV Other,Vehicle Owner,unknown,,,,Other,,,,,,,,,,,,Yes,,,,,,,,,,,58,Old East York,58,Old East York (58),D55,633992.2184,4839956.5469
2818,4252340,1005351,11/18/2007 10:00:00 AM,735,DON VALLEY PARKWAY  N,DON MILLS Road,,,Toronto and East York,43.700545,-79.33709,,No Control,Clear,Daylight,Dry,Non-Fatal Injury,SMV Other,Driver,30 to 34,Major,,South,"Automobile, Station Wagon",Unknown,,,,,,,,,,,Yes,,,,,,,,,,,58,Old East York,58,Old East York (58),D55,633992.2184,4839956.5469
2819,4256200,1007071,11/19/2007 10:00:00 AM,1937,DAVENPORT RD,BELMONT ST,,Major Arterial,Toronto and East York,43.674745,-79.39289,At Intersection,Traffic Signal,Rain,Dark,Wet,Non-Fatal Injury,Pedestrian Collisions,Driver,25 to 29,None,,South,"Automobile, Station Wagon",Turning Left,Failed to Yield Right of Way,Normal,,,,,,,Yes,,Yes,,,,,,,Yes,,,,95,Annex,95,Annex (95),D53,629551.5093,4837002.4326
2820,4256201,1007071,11/19/2007 10:00:00 AM,1937,DAVENPORT RD,BELMONT ST,,Major Arterial,Toronto and East York,43.674745,-79.39289,At Intersection,Traffic Signal,Rain,Dark,Wet,Non-Fatal Injury,Pedestrian Collisions,Pedestrian,unknown,Major,,South,Other,,,,Vehicle turns left while ped crosses with ROW at inter.,Crossing with right of way,Normal,,,,Yes,,Yes,,,,,,,Yes,,,,95,Annex,95,Annex (95),D53,629551.5093,4837002.4326
2821,4406424,1007074,11/21/2007 10:00:00 AM,1100,KING ST W,TECUMSETH ST,,Major Arterial,Toronto and East York,43.643845,-79.40329,,No Control,Rain,Daylight,Wet,Non-Fatal Injury,Cyclist Collisions,Vehicle Owner,unknown,,,,Other,,,,,,,,,,,Yes,Yes,,,,,,,,,,,162,West Queen West,82,Niagara (82),D14,628779.1843,4833554.3884
2822,4406425,1007074,11/21/2007 10:00:00 AM,1100,KING ST W,TECUMSETH ST,,Major Arterial,Toronto and East York,43.643845,-79.40329,,No Control,Rain,Daylight,Wet,Non-Fatal Injury,Cyclist Collisions,Driver,45 to 49,None,,East,"Automobile, Station Wagon",Changing Lanes,Improper Lane Change,Unknown,,,,,,,,Yes,Yes,,,,,,,,,,,162,West Queen West,82,Niagara (82),D14,628779.1843,4833554.3884
2823,4406426,1007074,11/21/2007 10:00:00 AM,1100,KING ST W,TECUMSETH ST,,Major Arterial,Toronto and East York,43.643845,-79.40329,,No Control,Rain,Daylight,Wet,Non-Fatal Injury,Cyclist Collisions,Cyclist,30 to 34,Major,,East,Bicycle,Going Ahead,,,,,,Cyclist and Driver travelling in same direction. One vehicle sideswipes the other.,Other,Unknown,,Yes,Yes,,,,,,,,,,,162,West Queen West,82,Niagara (82),D14,628779.1843,4833554.3884
2824,4259577,1008576,11/21/2007 10:00:00 AM,1925,283 COXWELL AVE,,,Minor Arterial,Toronto and East York,43.673745,-79.31969,,No Control,Rain,Dark,Wet,Non-Fatal Injury,Pedestrian Collisions,Driver,50 to 54,None,,North,"Automobile, Station Wagon",Going Ahead,Driving Properly,Normal,,,,,,,Yes,,Yes,,,,,,,,,,,65,Greenwood-Coxwell,65,Greenwood-Coxwell (65),D55,635454.5846,4837008.3022
2825,4259578,1008576,11/21/2007 10:00:00 AM,1925,283 COXWELL AVE,,,Minor Arterial,Toronto and East York,43.673745,-79.31969,,No Control,Rain,Dark,Wet,Non-Fatal Injury,Pedestrian Collisions,Pedestrian,45 to 49,Major,,,Other,,,,Pedestrian hit at mid-block,"Crossing, no Traffic Control",Normal,,,,Yes,,Yes,,,,,,,,,,,65,Greenwood-Coxwell,65,Greenwood-Coxwell (65),D55,635454.5846,4837008.3022
2826,4274855,1006207,11/22/2007 10:00:00 AM,2209,KIPLING AVE,MOUNT OLIVE DR,,Major Arterial,Etobicoke York,43.746845,-79.58379,At Intersection,Traffic Controller,Clear,Dark,Other,Non-Fatal Injury,Turning Movement,Truck Driver,20 to 24,None,,South,Truck - Open,Going Ahead,Other,Normal,,,,,,,,,Yes,,Yes,,,,,Yes,,,,2,Mount Olive-Silverstone-Jamestown,2,Mount Olive-Silverstone-Jamestown (2),D23,614025.8528,4844729.6849
2827,4274856,1006207,11/22/2007 10:00:00 AM,2209,KIPLING AVE,MOUNT OLIVE DR,,Major Arterial,Etobicoke York,43.746845,-79.58379,At Intersection,Traffic Controller,Clear,Dark,Other,Non-Fatal Injury,Turning Movement,Driver,25 to 29,Major,,East,"Automobile, Station Wagon",Turning Left,Other,Normal,,,,,,,,,Yes,,Yes,,,,,Yes,,,,2,Mount Olive-Silverstone-Jamestown,2,Mount Olive-Silverstone-Jamestown (2),D23,614025.8528,4844729.6849
2828,4254626,1006380,11/23/2007 10:00:00 AM,830,NORTH CARSON ST,LANOR AVE,,Local,Etobicoke York,43.610545,-79.53779,At Intersection,Stop Sign,Snow,Daylight,Ice,Non-Fatal Injury,Angle,Driver,55 to 59,None,,South,"Automobile, Station Wagon",Slowing or Stopping,Disobeyed Traffic Control,Normal,,,,,,,,,Yes,,,Yes,,Yes,,Yes,,,,20,Alderwood,20,Alderwood (20),D22,617996.4187,4829656.1092
2829,4254627,1006380,11/23/2007 10:00:00 AM,830,NORTH CARSON ST,LANOR AVE,,Local,Etobicoke York,43.610545,-79.53779,At Intersection,Stop Sign,Snow,Daylight,Ice,Non-Fatal Injury,Angle,Passenger,55 to 59,Major,,,Other,,,,,,,,,,,,Yes,,,Yes,,Yes,,Yes,,,,20,Alderwood,20,Alderwood (20),D22,617996.4187,4829656.1092
2830,4254628,1006380,11/23/2007 10:00:00 AM,830,NORTH CARSON ST,LANOR AVE,,Local,Etobicoke York,43.610545,-79.53779,At Intersection,Stop Sign,Snow,Daylight,Ice,Non-Fatal Injury,Angle,Vehicle Owner,unknown,,,,Other,,,,,,,,,,,,Yes,,,Yes,,Yes,,Yes,,,,20,Alderwood,20,Alderwood (20),D22,617996.4187,4829656.1092
2831,4254629,1006380,11/23/2007 10:00:00 AM,830,NORTH CARSON ST,LANOR AVE,,Local,Etobicoke York,43.610545,-79.53779,At Intersection,Stop Sign,Snow,Daylight,Ice,Non-Fatal Injury,Angle,Driver,55 to 59,None,,West,Municipal Transit Bus (TTC),Going Ahead,Driving Properly,Normal,,,,,,,,,Yes,,,Yes,,Yes,,Yes,,,,20,Alderwood,20,Alderwood (20),D22,617996.4187,4829656.1092
2832,4250200,1004342,11/23/2007 10:00:00 AM,950,DON MILLS RD,OVERLEA BLVD,,Major Arterial,North York,43.710945,-79.33479,,No Control,Clear,Daylight,Wet,Fatal,Pedestrian Collisions,Vehicle Owner,unknown,,,,Other,,,,,,,,,,Yes,,,,,Yes,,,,,,,,44,Flemingdon Park,44,Flemingdon Park (44),D55,634154.3454,4841115.3347
2833,4250201,1004342,11/23/2007 10:00:00 AM,950,DON MILLS RD,OVERLEA BLVD,,Major Arterial,North York,43.710945,-79.33479,,No Control,Clear,Daylight,Wet,Fatal,Pedestrian Collisions,Driver,50 to 54,None,,South,Municipal Transit Bus (TTC),Going Ahead,Driving Properly,Normal,,,,,,,Yes,,,,,Yes,,,,,,,,44,Flemingdon Park,44,Flemingdon Park (44),D55,634154.3454,4841115.3347
2834,4250202,1004342,11/23/2007 10:00:00 AM,950,DON MILLS RD,OVERLEA BLVD,,Major Arterial,North York,43.710945,-79.33479,,No Control,Clear,Daylight,Wet,Fatal,Pedestrian Collisions,Pedestrian,85 to 89,Major,,West,Other,,,,Pedestrian involved in a collision with transit vehicle anywhere along roadway,"Crossing, no Traffic Control",Unknown,,,,Yes,,,,,Yes,,,,,,,,44,Flemingdon Park,44,Flemingdon Park (44),D55,634154.3454,4841115.3347
2835,4250203,1004342,11/23/2007 10:00:00 AM,950,DON MILLS RD,OVERLEA BLVD,,Major Arterial,North York,43.710945,-79.33479,,No Control,Clear,Daylight,Wet,Fatal,Pedestrian Collisions,Pedestrian,75 to 79,Fatal,,West,Other,,,,Pedestrian involved in a collision with transit vehicle anywhere along roadway,"Crossing, no Traffic Control",Unknown,,,,Yes,,,,,Yes,,,,,,,,44,Flemingdon Park,44,Flemingdon Park (44),D55,634154.3454,4841115.3347
2836,4254570,1006355,11/23/2007 10:00:00 AM,1700,LAWRENCE AVE E,GOODERHAM DR,,Major Arterial,Scarborough,43.743845,-79.30179,,No Control,Clear,Dusk,Dry,Non-Fatal Injury,Pedestrian Collisions,Driver,45 to 49,None,,West,"Automobile, Station Wagon",Merging,Speed too Fast For Condition,Unknown,,,,,,,Yes,,Yes,,,,,,Yes,Yes,,,,119,Wexford/Maryvale,119,Wexford/Maryvale (119),D41,636738.0708,4844823.3019
2837,4254571,1006355,11/23/2007 10:00:00 AM,1700,LAWRENCE AVE E,GOODERHAM DR,,Major Arterial,Scarborough,43.743845,-79.30179,,No Control,Clear,Dusk,Dry,Non-Fatal Injury,Pedestrian Collisions,Pedestrian,20 to 24,Major,,North,Other,,,,Pedestrian hit at mid-block,"Crossing, no Traffic Control",Normal,,,,Yes,,Yes,,,,,,Yes,Yes,,,,119,Wexford/Maryvale,119,Wexford/Maryvale (119),D41,636738.0708,4844823.3019
2838,4274635,1004306,11/23/2007 10:00:00 AM,1947,ST CLAIR AVE E,BRIMLEY RD,,Minor Arterial,Scarborough,43.720645,-79.24259,,No Control,Clear,Dark,Other,Fatal,SMV Unattended Vehicle,Other,unknown,None,,West,Other,Parked,,,,,,,,,,,Yes,,,,,Yes,,,,,,123,Cliffcrest,123,Cliffcrest (123),D41,641559.501,4842346.017
2839,4274636,1004306,11/23/2007 10:00:00 AM,1947,ST CLAIR AVE E,BRIMLEY RD,,Minor Arterial,Scarborough,43.720645,-79.24259,,No Control,Clear,Dark,Other,Fatal,SMV Unattended Vehicle,Passenger,20 to 24,Fatal,,,Other,,,,,,,,,,,,Yes,,,,,Yes,,,,,,123,Cliffcrest,123,Cliffcrest (123),D41,641559.501,4842346.017
2840,4274637,1004306,11/23/2007 10:00:00 AM,1947,ST CLAIR AVE E,BRIMLEY RD,,Minor Arterial,Scarborough,43.720645,-79.24259,,No Control,Clear,Dark,Other,Fatal,SMV Unattended Vehicle,Driver,25 to 29,None,,West,"Automobile, Station Wagon",Going Ahead,Lost control,Inattentive,,,,,,,,,Yes,,,,,Yes,,,,,,123,Cliffcrest,123,Cliffcrest (123),D41,641559.501,4842346.017
2841,4255601,1006820,11/24/2007 10:00:00 AM,2352,ST CLAIR AVE W,OSLER ST,,Major Arterial,Toronto and East York,43.674145,-79.46039,,No Control,Clear,Dark,Wet,Non-Fatal Injury,Pedestrian Collisions,Driver,70 to 74,None,,East,"Automobile, Station Wagon",Going Ahead,Driving Properly,Normal,,,,,,,Yes,,Yes,,,,,,,,,,,91,Weston-Pelham Park,91,Weston-Pellam Park (91),D12,624111.4201,4836832.5842