OBJECTID,INDEX,ACCNUM,DATE,TIME,STREET1,STREET2,OFFSET,ROAD_CLASS,DISTRICT,LATITUDE,LONGITUDE,ACCLOC,TRAFFCTL,VISIBILITY,LIGHT,RDSFCOND,ACCLASS,IMPACTYPE,INVTYPE,INVAGE,INJURY,FATAL_NO,INITDIR,VEHTYPE,MANOEUVER,DRIVACT,DRIVCOND,PEDTYPE,PEDACT,PEDCOND,CYCLISTYPE,CYCACT,CYCCOND,PEDESTRIAN,CYCLIST,AUTOMOBILE,MOTORCYCLE,TRUCK,TRSN_CITY_VEH,EMERG_VEH,PASSENGER,SPEEDING,AG_DRIV,REDLIGHT,ALCOHOL,DISABILITY,HOOD_158,NEIGHBOURHOOD_158,HOOD_140,NEIGHBOURHOOD_140,DIVISION,x,y
2842,4255602,1006820,11/24/2007 10:00:00 AM,2352,ST CLAIR AVE W,OSLER ST,,Major Arterial,Toronto and East York,43.674145,-79.46039,,No Control,Clear,Dark,Wet,Non-Fatal Injury,Pedestrian Collisions,Pedestrian,65 to 69,Major,,South,Other,,,,Vehicle is going straight thru inter.while ped cross without ROW,"Crossing, no Traffic Control",Had Been Drinking,,,,Yes,,Yes,,,,,,,,,,,91,Weston-Pelham Park,91,Weston-Pellam Park (91),D12,624111.4201,4836832.5842
2843,4250334,1004413,11/25/2007 10:00:00 AM,250,KINGSTON RD,HIGHVIEW AVE,,Major Arterial,Scarborough,43.703445,-79.25319,At Intersection,No Control,Clear,Dark,Dry,Non-Fatal Injury,SMV Other,Passenger,20 to 24,Major,,,Other,,,,,,,,,,,,Yes,,,,,Yes,Yes,Yes,,,,122,Birchcliffe-Cliffside,122,Birchcliffe-Cliffside (122),D41,640745.9187,4840417.6548
2844,4250335,1004413,11/25/2007 10:00:00 AM,250,KINGSTON RD,HIGHVIEW AVE,,Major Arterial,Scarborough,43.703445,-79.25319,At Intersection,No Control,Clear,Dark,Dry,Non-Fatal Injury,SMV Other,Driver,30 to 34,Major,,West,"Automobile, Station Wagon",Going Ahead,Lost control,Had Been Drinking,,,,,,,,,Yes,,,,,Yes,Yes,Yes,,,,122,Birchcliffe-Cliffside,122,Birchcliffe-Cliffside (122),D41,640745.9187,4840417.6548
2845,4266187,1011587,11/25/2007 10:00:00 AM,2045,FRONT ST W,SPADINA AVE,,Minor Arterial,Toronto and East York,43.643245,-79.39199,,No Control,Clear,Dark,Dry,Non-Fatal Injury,Pedestrian Collisions,Driver,55 to 59,None,,West,"Automobile, Station Wagon",Going Ahead,Driving Properly,Normal,,,,,,,Yes,,Yes,,,,,,,,,,,165,Harbourfront-CityPlace,77,Waterfront Communities-The Island (77),D52,629691.8619,4833505.3465
2846,4266188,1011587,11/25/2007 10:00:00 AM,2045,FRONT ST W,SPADINA AVE,,Minor Arterial,Toronto and East York,43.643245,-79.39199,,No Control,Clear,Dark,Dry,Non-Fatal Injury,Pedestrian Collisions,Pedestrian,40 to 44,Major,,North,Other,,,,Pedestrian hit at mid-block,"Crossing, no Traffic Control",Had Been Drinking,,,,Yes,,Yes,,,,,,,,,,,165,Harbourfront-CityPlace,77,Waterfront Communities-The Island (77),D52,629691.8619,4833505.3465
2847,4258319,1008034,11/28/2007 10:00:00 AM,805,OAKWOOD AVE,HANSON RD,,Minor Arterial,Toronto and East York,43.688945,-79.43939,,No Control,Clear,Daylight,Ice,Non-Fatal Injury,Pedestrian Collisions,Driver,75 to 79,None,,South,"Automobile, Station Wagon",Going Ahead,Lost control,Normal,,,,,,,Yes,,Yes,,,,,,,,,,,107,Oakwood Village,107,Oakwood Village (107),D13,625773.3638,4838507.9595
2848,4258320,1008034,11/28/2007 10:00:00 AM,805,OAKWOOD AVE,HANSON RD,,Minor Arterial,Toronto and East York,43.688945,-79.43939,,No Control,Clear,Daylight,Ice,Non-Fatal Injury,Pedestrian Collisions,Pedestrian,20 to 24,Major,,South,Other,,,,Vehicle is going straight thru inter.while ped cross with ROW,Crossing with right of way,Normal,,,,Yes,,Yes,,,,,,,,,,,107,Oakwood Village,107,Oakwood Village (107),D13,625773.3638,4838507.9595
2849,4262206,1009774,11/28/2007 10:00:00 AM,845,ST CLAIR Aven W,FRENCH Aven,,Major Arterial,Etobicoke York,43.667445,-79.49059,,No Control,Clear,Daylight,Dry,Non-Fatal Injury,Pedestrian Collisions,Driver,50 to 54,None,,West,"Automobile, Station Wagon",Going Ahead,Driving Properly,Normal,,,,,,,Yes,,Yes,,,,,,,,,,,111,Rockcliffe-Smythe,111,Rockcliffe-Smythe (111),D12,621690.4485,4836043.7182
2850,4262207,1009774,11/28/2007 10:00:00 AM,845,ST CLAIR Aven W,FRENCH Aven,,Major Arterial,Etobicoke York,43.667445,-79.49059,,No Control,Clear,Daylight,Dry,Non-Fatal Injury,Pedestrian Collisions,Pedestrian,5 to 9,Major,,South,Other,,,,Pedestrian hit at mid-block,"Crossing, no Traffic Control",Inattentive,,,,Yes,,Yes,,,,,,,,,,,111,Rockcliffe-Smythe,111,Rockcliffe-Smythe (111),D12,621690.4485,4836043.7182
2851,4252249,1005315,11/28/2007 10:00:00 AM,1510,YONGE St,WELLINGTON St E,,Major Arterial,Toronto and East York,43.647845,-79.37739,At Intersection,Traffic Signal,Clear,Daylight,Dry,Non-Fatal Injury,Pedestrian Collisions,Driver,35 to 39,None,,West,"Automobile, Station Wagon",Turning Left,Failed to Yield Right of Way,Normal,,,,,,,Yes,,Yes,,,,,,,Yes,,,,170,Yonge-Bay Corridor,76,Bay Street Corridor (76),D52,630859.429,4834039.1548
2852,4252250,1005315,11/28/2007 10:00:00 AM,1510,YONGE St,WELLINGTON St E,,Major Arterial,Toronto and East York,43.647845,-79.37739,At Intersection,Traffic Signal,Clear,Daylight,Dry,Non-Fatal Injury,Pedestrian Collisions,Pedestrian,70 to 74,Major,,,Other,,,,Vehicle turns left while ped crosses with ROW at inter.,Crossing with right of way,Normal,,,,Yes,,Yes,,,,,,,Yes,,,,170,Yonge-Bay Corridor,76,Bay Street Corridor (76),D52,630859.429,4834039.1548
2853,4275393,1009783,11/29/2007 10:00:00 AM,144,BAY ST,QUEEN ST W,,Major Arterial,Toronto and East York,43.652345,-79.38239,At Intersection,No Control,Rain,Dark,Wet,Non-Fatal Injury,SMV Other,Passenger,20 to 24,Major,,,Other,,,,,,,,,,,,Yes,,,,,Yes,Yes,Yes,,,,170,Yonge-Bay Corridor,76,Bay Street Corridor (76),D52,630446.445,4834531.0667
2854,4275394,1009783,11/29/2007 10:00:00 AM,144,BAY ST,QUEEN ST W,,Major Arterial,Toronto and East York,43.652345,-79.38239,At Intersection,No Control,Rain,Dark,Wet,Non-Fatal Injury,SMV Other,Driver,20 to 24,None,,North,"Automobile, Station Wagon",Going Ahead,Lost control,Had Been Drinking,,,,,,,,,Yes,,,,,Yes,Yes,Yes,,,,170,Yonge-Bay Corridor,76,Bay Street Corridor (76),D52,630446.445,4834531.0667
2855,4406475,1007992,11/29/2007 10:00:00 AM,1742,BRIMLEY Road,ST CLAIR Aven E,,Minor Arterial,Scarborough,43.720845,-79.24149,At Intersection,Traffic Signal,Clear,Dark,Dry,Non-Fatal Injury,Pedestrian Collisions,Driver,60 to 64,None,,South,"Automobile, Station Wagon",Turning Left,Failed to Yield Right of Way,Inattentive,,,,,,,Yes,,Yes,,,,,,,Yes,,,,123,Cliffcrest,123,Cliffcrest (123),D41,641647.6359,4842370.1095
2856,4406476,1007992,11/29/2007 10:00:00 AM,1742,BRIMLEY Road,ST CLAIR Aven E,,Minor Arterial,Scarborough,43.720845,-79.24149,At Intersection,Traffic Signal,Clear,Dark,Dry,Non-Fatal Injury,Pedestrian Collisions,Pedestrian,55 to 59,Major,,South,Other,,,,Vehicle turns left while ped crosses with ROW at inter.,Crossing with right of way,Normal,,,,Yes,,Yes,,,,,,,Yes,,,,123,Cliffcrest,123,Cliffcrest (123),D41,641647.6359,4842370.1095
2857,4293488,1005791,11/29/2007 10:00:00 AM,2357,GERRARD ST E,PARLIAMENT ST,,Minor Arterial,Toronto and East York,43.661945,-79.36699,At Intersection,Traffic Signal,Clear,Dark,Dry,Non-Fatal Injury,Pedestrian Collisions,Driver,unknown,None,,East,"Automobile, Station Wagon",Going Ahead,Driving Properly,Unknown,,,,,,,Yes,,Yes,,,,,,,,,,,72,Regent Park,72,Regent Park (72),D51,631667.353,4835621.5984
2858,4293489,1005791,11/29/2007 10:00:00 AM,2357,GERRARD ST E,PARLIAMENT ST,,Minor Arterial,Toronto and East York,43.661945,-79.36699,At Intersection,Traffic Signal,Clear,Dark,Dry,Non-Fatal Injury,Pedestrian Collisions,Pedestrian,60 to 64,Major,,North,Other,,,,Vehicle is going straight thru inter.while ped cross without ROW,Crossing without right of way,Normal,,,,Yes,,Yes,,,,,,,,,,,72,Regent Park,72,Regent Park (72),D51,631667.353,4835621.5984
2859,4253290,1005767,11/30/2007 10:00:00 AM,1814,DON MILLS RD,LAWRENCE AVE E,,Major Arterial,North York,43.744045,-79.34529,,No Control,Clear,Dark,Dry,Non-Fatal Injury,Rear End,Passenger,45 to 49,None,,,Other,,,,,,,,,,,,Yes,,,,,Yes,Yes,Yes,,Yes,,42,Banbury-Don Mills,42,Banbury-Don Mills (42),D33,633235.0161,4844774.6325
2860,4253291,1005767,11/30/2007 10:00:00 AM,1814,DON MILLS RD,LAWRENCE AVE E,,Major Arterial,North York,43.744045,-79.34529,,No Control,Clear,Dark,Dry,Non-Fatal Injury,Rear End,Driver,50 to 54,None,,South,"Automobile, Station Wagon",Going Ahead,Driving Properly,Normal,,,,,,,,,Yes,,,,,Yes,Yes,Yes,,Yes,,42,Banbury-Don Mills,42,Banbury-Don Mills (42),D33,633235.0161,4844774.6325
2861,4253292,1005767,11/30/2007 10:00:00 AM,1814,DON MILLS RD,LAWRENCE AVE E,,Major Arterial,North York,43.744045,-79.34529,,No Control,Clear,Dark,Dry,Non-Fatal Injury,Rear End,Passenger,unknown,Minimal,,,Other,,,,,,,,,,,,Yes,,,,,Yes,Yes,Yes,,Yes,,42,Banbury-Don Mills,42,Banbury-Don Mills (42),D33,633235.0161,4844774.6325
2862,4253293,1005767,11/30/2007 10:00:00 AM,1814,DON MILLS RD,LAWRENCE AVE E,,Major Arterial,North York,43.744045,-79.34529,,No Control,Clear,Dark,Dry,Non-Fatal Injury,Rear End,Passenger,unknown,Minimal,,,Other,,,,,,,,,,,,Yes,,,,,Yes,Yes,Yes,,Yes,,42,Banbury-Don Mills,42,Banbury-Don Mills (42),D33,633235.0161,4844774.6325
2863,4253294,1005767,11/30/2007 10:00:00 AM,1814,DON MILLS RD,LAWRENCE AVE E,,Major Arterial,North York,43.744045,-79.34529,,No Control,Clear,Dark,Dry,Non-Fatal Injury,Rear End,Driver,50 to 54,Major,,North,"Automobile, Station Wagon",Going Ahead,Driving Properly,Normal,,,,,,,,,Yes,,,,,Yes,Yes,Yes,,Yes,,42,Banbury-Don Mills,42,Banbury-Don Mills (42),D33,633235.0161,4844774.6325
2864,4253295,1005767,11/30/2007 10:00:00 AM,1814,DON MILLS RD,LAWRENCE AVE E,,Major Arterial,North York,43.744045,-79.34529,,No Control,Clear,Dark,Dry,Non-Fatal Injury,Rear End,Vehicle Owner,unknown,,,,Other,,,,,,,,,,,,Yes,,,,,Yes,Yes,Yes,,Yes,,42,Banbury-Don Mills,42,Banbury-Don Mills (42),D33,633235.0161,4844774.6325
2865,4253296,1005767,11/30/2007 10:00:00 AM,1814,DON MILLS RD,LAWRENCE AVE E,,Major Arterial,North York,43.744045,-79.34529,,No Control,Clear,Dark,Dry,Non-Fatal Injury,Rear End,Driver,50 to 54,None,,North,"Automobile, Station Wagon",Overtaking,Speed too Fast For Condition,"Ability Impaired, Alcohol",,,,,,,,,Yes,,,,,Yes,Yes,Yes,,Yes,,42,Banbury-Don Mills,42,Banbury-Don Mills (42),D33,633235.0161,4844774.6325
2866,4262411,1009854,12/2/2007 10:00:00 AM,258,267 DAVENPORT Rd,,,Major Arterial,Toronto and East York,43.674345,-79.39819,,No Control,Snow,Dark,Packed Snow,Non-Fatal Injury,Pedestrian Collisions,Driver,35 to 39,None,,West,"Automobile, Station Wagon",Changing Lanes,Speed too Fast For Condition,"Ability Impaired, Alcohol",,,,,,,Yes,,Yes,,,,,,Yes,Yes,,Yes,,95,Annex,95,Annex (95),D53,629125.122,4836949.743
2867,4262412,1009854,12/2/2007 10:00:00 AM,258,267 DAVENPORT Rd,,,Major Arterial,Toronto and East York,43.674345,-79.39819,,No Control,Snow,Dark,Packed Snow,Non-Fatal Injury,Pedestrian Collisions,Other Property Owner,unknown,,,,Other,,,,,,,,,,Yes,,Yes,,,,,,Yes,Yes,,Yes,,95,Annex,95,Annex (95),D53,629125.122,4836949.743
2868,4262413,1009854,12/2/2007 10:00:00 AM,258,267 DAVENPORT Rd,,,Major Arterial,Toronto and East York,43.674345,-79.39819,,No Control,Snow,Dark,Packed Snow,Non-Fatal Injury,Pedestrian Collisions,Pedestrian,40 to 44,Major,,East,Other,,,,Pedestrian hit at mid-block,Walking on Roadway Against Traffic,Normal,,,,Yes,,Yes,,,,,,Yes,Yes,,Yes,,95,Annex,95,Annex (95),D53,629125.122,4836949.743
2869,4258853,1008261,12/3/2007 10:00:00 AM,1250,DON MILLS RD,CLIFFWOOD RD,,Major Arterial,North York,43.807645,-79.35749,,No Control,Clear,Daylight,Wet,Non-Fatal Injury,Rear End,Driver,45 to 49,Minimal,,South,"Automobile, Station Wagon",Stopped,Driving Properly,Normal,,,,,,,,,Yes,,,,,Yes,,Yes,,,,48,Hillcrest Village,48,Hillcrest Village (48),D33,632112.544,4851818.8445
2870,4258854,1008261,12/3/2007 10:00:00 AM,1250,DON MILLS RD,CLIFFWOOD RD,,Major Arterial,North York,43.807645,-79.35749,,No Control,Clear,Daylight,Wet,Non-Fatal Injury,Rear End,Passenger,85 to 89,Major,,,Other,,,,,,,,,,,,Yes,,,,,Yes,,Yes,,,,48,Hillcrest Village,48,Hillcrest Village (48),D33,632112.544,4851818.8445
2871,4258855,1008261,12/3/2007 10:00:00 AM,1250,DON MILLS RD,CLIFFWOOD RD,,Major Arterial,North York,43.807645,-79.35749,,No Control,Clear,Daylight,Wet,Non-Fatal Injury,Rear End,Driver,45 to 49,Minimal,,South,"Automobile, Station Wagon",Going Ahead,Following too Close,Inattentive,,,,,,,,,Yes,,,,,Yes,,Yes,,,,48,Hillcrest Village,48,Hillcrest Village (48),D33,632112.544,4851818.8445
2872,4258856,1008261,12/3/2007 10:00:00 AM,1250,DON MILLS RD,CLIFFWOOD RD,,Major Arterial,North York,43.807645,-79.35749,,No Control,Clear,Daylight,Wet,Non-Fatal Injury,Rear End,Driver,35 to 39,Minor,,South,"Automobile, Station Wagon",Stopped,Driving Properly,Normal,,,,,,,,,Yes,,,,,Yes,,Yes,,,,48,Hillcrest Village,48,Hillcrest Village (48),D33,632112.544,4851818.8445
2873,4255106,1006590,12/4/2007 10:00:00 AM,730,ISLINGTON Ave,STANMILLS Rd,,Major Arterial,Etobicoke York,43.624645,-79.51519,At Intersection,Stop Sign,Strong wind,Daylight,Wet,Non-Fatal Injury,Pedestrian Collisions,Vehicle Owner,unknown,,,,Other,,,,,,,,,,Yes,,Yes,,,,,,,,,,,16,Stonegate-Queensway,16,Stonegate-Queensway (16),D22,619792.1922,4831254.4446
2874,4255107,1006590,12/4/2007 10:00:00 AM,730,ISLINGTON Ave,STANMILLS Rd,,Major Arterial,Etobicoke York,43.624645,-79.51519,At Intersection,Stop Sign,Strong wind,Daylight,Wet,Non-Fatal Injury,Pedestrian Collisions,Driver,50 to 54,None,,North,"Automobile, Station Wagon",Going Ahead,Driving Properly,Normal,,,,,,,Yes,,Yes,,,,,,,,,,,16,Stonegate-Queensway,16,Stonegate-Queensway (16),D22,619792.1922,4831254.4446
2875,4255108,1006590,12/4/2007 10:00:00 AM,730,ISLINGTON Ave,STANMILLS Rd,,Major Arterial,Etobicoke York,43.624645,-79.51519,At Intersection,Stop Sign,Strong wind,Daylight,Wet,Non-Fatal Injury,Pedestrian Collisions,Pedestrian,45 to 49,Major,,East,Other,,,,Vehicle is going straight thru inter.while ped cross without ROW,Crossing without right of way,Inattentive,,,,Yes,,Yes,,,,,,,,,,,16,Stonegate-Queensway,16,Stonegate-Queensway (16),D22,619792.1922,4831254.4446
2876,4263070,1010140,12/4/2007 10:00:00 AM,1250,YONGE ST,CHURCH ST,,Major Arterial,Toronto and East York,43.672845,-79.38789,At Intersection,Traffic Signal,Clear,Daylight,Dry,Non-Fatal Injury,Pedestrian Collisions,Vehicle Owner,unknown,,,,Other,,,,,,,,,,Yes,,,,Yes,,,,,,,,,95,Annex,95,Annex (95),D53,629958.672,4836799.2333
2877,4263071,1010140,12/4/2007 10:00:00 AM,1250,YONGE ST,CHURCH ST,,Major Arterial,Toronto and East York,43.672845,-79.38789,At Intersection,Traffic Signal,Clear,Daylight,Dry,Non-Fatal Injury,Pedestrian Collisions,Truck Driver,35 to 39,None,,West,Truck - Open,Turning Right,Driving Properly,Normal,,,,,,,Yes,,,,Yes,,,,,,,,,95,Annex,95,Annex (95),D53,629958.672,4836799.2333
2878,4263072,1010140,12/4/2007 10:00:00 AM,1250,YONGE ST,CHURCH ST,,Major Arterial,Toronto and East York,43.672845,-79.38789,At Intersection,Traffic Signal,Clear,Daylight,Dry,Non-Fatal Injury,Pedestrian Collisions,Pedestrian,15 to 19,Major,,Unknown,Other,,,,Other / Undefined,On Sidewalk or Shoulder,Normal,,,,Yes,,,,Yes,,,,,,,,,95,Annex,95,Annex (95),D53,629958.672,4836799.2333
2879,4293564,1006875,12/5/2007 10:00:00 AM,1856,OSSINGTON AVE,CHURCHILL AVE,,Minor Arterial,Toronto and East York,43.652445,-79.42199,,No Control,Clear,Dark,Dry,Fatal,Pedestrian Collisions,Driver,75 to 79,None,,North,"Automobile, Station Wagon",Going Ahead,Driving Properly,Normal,,,,,,,Yes,,Yes,,,,,,,,,,,81,Trinity-Bellwoods,81,Trinity-Bellwoods (81),D14,627252.7993,4834480.6837
2880,4293565,1006875,12/5/2007 10:00:00 AM,1856,OSSINGTON AVE,CHURCHILL AVE,,Minor Arterial,Toronto and East York,43.652445,-79.42199,,No Control,Clear,Dark,Dry,Fatal,Pedestrian Collisions,Pedestrian,45 to 49,Fatal,,West,Other,,,,Vehicle hits the pedestrian walking or running out from between parked vehicles at mid-block,Coming From Behind Parked Vehicle,Had Been Drinking,,,,Yes,,Yes,,,,,,,,,,,81,Trinity-Bellwoods,81,Trinity-Bellwoods (81),D14,627252.7993,4834480.6837
2881,4256491,1007205,12/6/2007 10:00:00 AM,1755,RONCESVALLES Aven,CONSTANCE Stre,,Minor Arterial,Toronto and East York,43.649645,-79.45039,At Intersection,No Control,Clear,Dark,Dry,Non-Fatal Injury,Pedestrian Collisions,Driver,unknown,None,,North,"Automobile, Station Wagon",Turning Left,Failed to Yield Right of Way,Inattentive,,,,,,,Yes,,Yes,,,,,,,Yes,,,,87,High Park-Swansea,87,High Park-Swansea (87),D11,624968.371,4834126.548
2882,4256492,1007205,12/6/2007 10:00:00 AM,1755,RONCESVALLES Aven,CONSTANCE Stre,,Minor Arterial,Toronto and East York,43.649645,-79.45039,At Intersection,No Control,Clear,Dark,Dry,Non-Fatal Injury,Pedestrian Collisions,Pedestrian,70 to 74,Major,,South,Other,,,,Vehicle turns left while ped crosses with ROW at inter.,Crossing with right of way,Normal,,,,Yes,,Yes,,,,,,,Yes,,,,87,High Park-Swansea,87,High Park-Swansea (87),D11,624968.371,4834126.548
2883,4266501,1011759,12/8/2007 10:00:00 AM,1949,1073 WARDEN AVE,,,Major Arterial,Scarborough,43.741545,-79.29319,,No Control,Clear,Dark,Wet,Non-Fatal Injury,Rear End,Driver,60 to 64,Major,,North,"Automobile, Station Wagon",Going Ahead,Lost control,"Ability Impaired, Alcohol",,,,,,,,,Yes,,,,,,,,,Yes,,119,Wexford/Maryvale,119,Wexford/Maryvale (119),D41,637435.8045,4844582.0839
2884,4266502,1011759,12/8/2007 10:00:00 AM,1949,1073 WARDEN AVE,,,Major Arterial,Scarborough,43.741545,-79.29319,,No Control,Clear,Dark,Wet,Non-Fatal Injury,Rear End,Driver,60 to 64,None,,North,"Automobile, Station Wagon",Going Ahead,Driving Properly,Normal,,,,,,,,,Yes,,,,,,,,,Yes,,119,Wexford/Maryvale,119,Wexford/Maryvale (119),D41,637435.8045,4844582.0839
2885,4406952,1015759,12/10/2007 10:00:00 AM,1657,JANE BLACK CR S RAMP ST,JANE ST,,Major Arterial,Etobicoke York,43.711045,-79.50599,,Traffic Signal,Clear,Daylight,Dry,Non-Fatal Injury,Rear End,Vehicle Owner,unknown,,,,Other,,,,,,,,,,,,Yes,,Yes,,,Yes,,Yes,,,,23,Pelmo Park-Humberlea,23,Pelmo Park-Humberlea (23),D12,620361.6334,4840863.6129
2886,4406953,1015759,12/10/2007 10:00:00 AM,1657,JANE BLACK CR S RAMP ST,JANE ST,,Major Arterial,Etobicoke York,43.711045,-79.50599,,Traffic Signal,Clear,Daylight,Dry,Non-Fatal Injury,Rear End,Truck Driver,70 to 74,None,,East,Truck - Open,Stopped,Driving Properly,Normal,,,,,,,,,Yes,,Yes,,,Yes,,Yes,,,,23,Pelmo Park-Humberlea,23,Pelmo Park-Humberlea (23),D12,620361.6334,4840863.6129
2887,4406954,1015759,12/10/2007 10:00:00 AM,1657,JANE BLACK CR S RAMP ST,JANE ST,,Major Arterial,Etobicoke York,43.711045,-79.50599,,Traffic Signal,Clear,Daylight,Dry,Non-Fatal Injury,Rear End,Driver,45 to 49,None,,East,"Automobile, Station Wagon",Stopped,Driving Properly,Normal,,,,,,,,,Yes,,Yes,,,Yes,,Yes,,,,23,Pelmo Park-Humberlea,23,Pelmo Park-Humberlea (23),D12,620361.6334,4840863.6129
2888,4406955,1015759,12/10/2007 10:00:00 AM,1657,JANE BLACK CR S RAMP ST,JANE ST,,Major Arterial,Etobicoke York,43.711045,-79.50599,,Traffic Signal,Clear,Daylight,Dry,Non-Fatal Injury,Rear End,Driver,30 to 34,Major,,East,"Automobile, Station Wagon",Stopped,Driving Properly,Normal,,,,,,,,,Yes,,Yes,,,Yes,,Yes,,,,23,Pelmo Park-Humberlea,23,Pelmo Park-Humberlea (23),D12,620361.6334,4840863.6129
2889,4406956,1015759,12/10/2007 10:00:00 AM,1657,JANE BLACK CR S RAMP ST,JANE ST,,Major Arterial,Etobicoke York,43.711045,-79.50599,,Traffic Signal,Clear,Daylight,Dry,Non-Fatal Injury,Rear End,Driver,55 to 59,None,,East,"Automobile, Station Wagon",Stopped,Driving Properly,Normal,,,,,,,,,Yes,,Yes,,,Yes,,Yes,,,,23,Pelmo Park-Humberlea,23,Pelmo Park-Humberlea (23),D12,620361.6334,4840863.6129
2890,4406957,1015759,12/10/2007 10:00:00 AM,1657,JANE BLACK CR S RAMP ST,JANE ST,,Major Arterial,Etobicoke York,43.711045,-79.50599,,Traffic Signal,Clear,Daylight,Dry,Non-Fatal Injury,Rear End,Passenger,60 to 64,Minor,,,Other,,,,,,,,,,,,Yes,,Yes,,,Yes,,Yes,,,,23,Pelmo Park-Humberlea,23,Pelmo Park-Humberlea (23),D12,620361.6334,4840863.6129
2891,4406958,1015759,12/10/2007 10:00:00 AM,1657,JANE BLACK CR S RAMP ST,JANE ST,,Major Arterial,Etobicoke York,43.711045,-79.50599,,Traffic Signal,Clear,Daylight,Dry,Non-Fatal Injury,Rear End,Driver,70 to 74,Minor,,East,"Automobile, Station Wagon",Going Ahead,Following too Close,Normal,,,,,,,,,Yes,,Yes,,,Yes,,Yes,,,,23,Pelmo Park-Humberlea,23,Pelmo Park-Humberlea (23),D12,620361.6334,4840863.6129
2892,4406959,1015759,12/10/2007 10:00:00 AM,1657,JANE BLACK CR S RAMP ST,JANE ST,,Major Arterial,Etobicoke York,43.711045,-79.50599,,Traffic Signal,Clear,Daylight,Dry,Non-Fatal Injury,Rear End,Driver,35 to 39,None,,East,"Automobile, Station Wagon",Stopped,Driving Properly,Normal,,,,,,,,,Yes,,Yes,,,Yes,,Yes,,,,23,Pelmo Park-Humberlea,23,Pelmo Park-Humberlea (23),D12,620361.6334,4840863.6129
2893,4267048,1012000,12/10/2007 10:00:00 AM,1700,CULFORD RD,VANWYCK RD,,Collector,Etobicoke York,43.705945,-79.48749,,No Control,Clear,Dark,Wet,Non-Fatal Injury,Approaching,Driver,25 to 29,None,,North,"Automobile, Station Wagon",Going Ahead,Improper Passing,Inattentive,,,,,,,,,Yes,,,,,,,Yes,,,,30,Brookhaven-Amesbury,30,Brookhaven-Amesbury (30),D12,621862.3921,4840324.2149
2894,4267049,1012000,12/10/2007 10:00:00 AM,1700,CULFORD RD,VANWYCK RD,,Collector,Etobicoke York,43.705945,-79.48749,,No Control,Clear,Dark,Wet,Non-Fatal Injury,Approaching,Vehicle Owner,unknown,,,,Other,,,,,,,,,,,,Yes,,,,,,,Yes,,,,30,Brookhaven-Amesbury,30,Brookhaven-Amesbury (30),D12,621862.3921,4840324.2149
2895,4267050,1012000,12/10/2007 10:00:00 AM,1700,CULFORD RD,VANWYCK RD,,Collector,Etobicoke York,43.705945,-79.48749,,No Control,Clear,Dark,Wet,Non-Fatal Injury,Approaching,Driver,35 to 39,Major,,South,"Automobile, Station Wagon",Going Ahead,Driving Properly,Normal,,,,,,,,,Yes,,,,,,,Yes,,,,30,Brookhaven-Amesbury,30,Brookhaven-Amesbury (30),D12,621862.3921,4840324.2149
2896,4258051,1007918,12/10/2007 10:00:00 AM,1806,MARTIN GROVE Road,ROYALCREST Road,,Minor Arterial,Etobicoke York,43.752245,-79.59929,,No Control,Clear,Dark,Wet,Non-Fatal Injury,Pedestrian Collisions,Driver,35 to 39,None,,North,"Automobile, Station Wagon",Going Ahead,Driving Properly,Normal,,,,,,,Yes,,Yes,,,,,,,,,,,1,West Humber-Clairville,1,West Humber-Clairville (1),D23,612767.7246,4845308.2151
2897,4258052,1007918,12/10/2007 10:00:00 AM,1806,MARTIN GROVE Road,ROYALCREST Road,,Minor Arterial,Etobicoke York,43.752245,-79.59929,,No Control,Clear,Dark,Wet,Non-Fatal Injury,Pedestrian Collisions,Pedestrian,85 to 89,Major,,West,Other,,,,Vehicle is going straight thru inter.while ped cross without ROW,"Crossing, no Traffic Control",Inattentive,,,,Yes,,Yes,,,,,,,,,,,1,West Humber-Clairville,1,West Humber-Clairville (1),D23,612767.7246,4845308.2151
2898,4293762,1009323,12/11/2007 10:00:00 AM,630,ISLINGTON Aven,SUMMITCREST Driv,,Major Arterial,Etobicoke York,43.683145,-79.54049,At Intersection,Traffic Signal,Clear,Dark,Wet,Non-Fatal Injury,Pedestrian Collisions,Driver,55 to 59,None,,West,"Automobile, Station Wagon",Turning Left,Failed to Yield Right of Way,Inattentive,,,,,,,Yes,,Yes,,,,,,,Yes,,,,7,Willowridge-Martingrove-Richview,7,Willowridge-Martingrove-Richview (7),D23,617636.7378,4837715.4249
2899,4293763,1009323,12/11/2007 10:00:00 AM,630,ISLINGTON Aven,SUMMITCREST Driv,,Major Arterial,Etobicoke York,43.683145,-79.54049,At Intersection,Traffic Signal,Clear,Dark,Wet,Non-Fatal Injury,Pedestrian Collisions,Pedestrian,50 to 54,Major,,East,Other,,,,Vehicle turns left while ped crosses with ROW at inter.,Crossing with right of way,Normal,,,,Yes,,Yes,,,,,,,Yes,,,,7,Willowridge-Martingrove-Richview,7,Willowridge-Martingrove-Richview (7),D23,617636.7378,4837715.4249
2900,4259822,1008693,12/12/2007 10:00:00 AM,1247,2155 ST CLAIR Aven W,,,Major Arterial,Etobicoke York,43.671145,-79.47359,,No Control,Clear,Daylight,Dry,Non-Fatal Injury,SMV Unattended Vehicle,Driver,70 to 74,Major,,,"Automobile, Station Wagon",Unknown,,,,,,,,,,,Yes,,,,,,,,,,,90,Junction Area,90,Junction Area (90),D11,623053.4599,4836479.7289