OBJECTID,INDEX,ACCNUM,DATE,TIME,STREET1,STREET2,OFFSET,ROAD_CLASS,DISTRICT,LATITUDE,LONGITUDE,ACCLOC,TRAFFCTL,VISIBILITY,LIGHT,RDSFCOND,ACCLASS,IMPACTYPE,INVTYPE,INVAGE,INJURY,FATAL_NO,INITDIR,VEHTYPE,MANOEUVER,DRIVACT,DRIVCOND,PEDTYPE,PEDACT,PEDCOND,CYCLISTYPE,CYCACT,CYCCOND,PEDESTRIAN,CYCLIST,AUTOMOBILE,MOTORCYCLE,TRUCK,TRSN_CITY_VEH,EMERG_VEH,PASSENGER,SPEEDING,AG_DRIV,REDLIGHT,ALCOHOL,DISABILITY,HOOD_158,NEIGHBOURHOOD_158,HOOD_140,NEIGHBOURHOOD_140,DIVISION,x,y
2901,4259823,1008693,12/12/2007 10:00:00 AM,1247,2155 ST CLAIR Aven W,,,Major Arterial,Etobicoke York,43.671145,-79.47359,,No Control,Clear,Daylight,Dry,Non-Fatal Injury,SMV Unattended Vehicle,Vehicle Owner,unknown,,,,Other,,,,,,,,,,,,Yes,,,,,,,,,,,90,Junction Area,90,Junction Area (90),D11,623053.4599,4836479.7289
2902,4294089,1012088,12/13/2007 10:00:00 AM,935,VICTORIA PARK Aven,ST CLAIR Aven E,,Major Arterial,Toronto and East York,43.709345,-79.29619,,No Control,Clear,Daylight,Wet,Non-Fatal Injury,Pedestrian Collisions,Driver,45 to 49,None,,North,"Automobile, Station Wagon",Making U Turn,Improper Turn,Normal,,,,,,,Yes,,Yes,,,,,,,,,,,120,Clairlea-Birchmount,120,Clairlea-Birchmount (120),D41,637267.7657,4841000.8284
2903,4294090,1012088,12/13/2007 10:00:00 AM,935,VICTORIA PARK Aven,ST CLAIR Aven E,,Major Arterial,Toronto and East York,43.709345,-79.29619,,No Control,Clear,Daylight,Wet,Non-Fatal Injury,Pedestrian Collisions,Pedestrian,25 to 29,Major,,East,Other,,,,Other / Undefined,Crossing without right of way,Normal,,,,Yes,,Yes,,,,,,,,,,,120,Clairlea-Birchmount,120,Clairlea-Birchmount (120),D41,637267.7657,4841000.8284
2904,4265610,1011331,12/14/2007 10:00:00 AM,2057,QUEEN ST W,DUNN AVE,,Major Arterial,Toronto and East York,43.641045,-79.43449,At Intersection,Traffic Signal,Clear,Dark,Dry,Non-Fatal Injury,Pedestrian Collisions,Driver,65 to 69,None,,West,"Automobile, Station Wagon",Going Ahead,Driving Properly,Normal,,,,,,,Yes,,Yes,,,,,,,,,,,86,Roncesvalles,86,Roncesvalles (86),D11,626268.6565,4833195.4737
2905,4265611,1011331,12/14/2007 10:00:00 AM,2057,QUEEN ST W,DUNN AVE,,Major Arterial,Toronto and East York,43.641045,-79.43449,At Intersection,Traffic Signal,Clear,Dark,Dry,Non-Fatal Injury,Pedestrian Collisions,Pedestrian,45 to 49,Major,,South,Other,,,,Vehicle is going straight thru inter.while ped cross without ROW,Crossing without right of way,Normal,,,,Yes,,Yes,,,,,,,,,,,86,Roncesvalles,86,Roncesvalles (86),D11,626268.6565,4833195.4737
2906,4293735,1008986,12/15/2007 10:00:00 AM,1212,LAWRENCE AVE E,MOSSBANK DR,,Major Arterial,Scarborough,43.762845,-79.21109,,No Control,Snow,Daylight,Loose Snow,Fatal,Pedestrian Collisions,Vehicle Owner,unknown,,,,Other,,,,,,,,,,Yes,,Yes,,,,,,,,,,,141,Golfdale-Cedarbrae-Woburn,137,Woburn (137),D43,643995.6484,4847087.2578
2907,4293736,1008986,12/15/2007 10:00:00 AM,1212,LAWRENCE AVE E,MOSSBANK DR,,Major Arterial,Scarborough,43.762845,-79.21109,,No Control,Snow,Daylight,Loose Snow,Fatal,Pedestrian Collisions,Driver,55 to 59,None,,West,"Automobile, Station Wagon",Going Ahead,Driving Properly,Normal,,,,,,,Yes,,Yes,,,,,,,,,,,141,Golfdale-Cedarbrae-Woburn,137,Woburn (137),D43,643995.6484,4847087.2578
2908,4293737,1008986,12/15/2007 10:00:00 AM,1212,LAWRENCE AVE E,MOSSBANK DR,,Major Arterial,Scarborough,43.762845,-79.21109,,No Control,Snow,Daylight,Loose Snow,Fatal,Pedestrian Collisions,Pedestrian,40 to 44,Fatal,,North,Other,,,,Pedestrian hit at mid-block,Running onto Roadway,Normal,,,,Yes,,Yes,,,,,,,,,,,141,Golfdale-Cedarbrae-Woburn,137,Woburn (137),D43,643995.6484,4847087.2578
2909,4260529,1009018,12/16/2007 10:00:00 AM,58,DON VALLEY PARKWAY  S,LAWRENCE AVE E,,,North York,43.743645,-79.33259,,No Control,Snow,Dark,Loose Snow,Non-Fatal Injury,SMV Other,Vehicle Owner,unknown,,,,Other,,,,,,,,,,,,Yes,,,,,,,,,,,149,Parkwoods-O'Connor Hills,45,Parkwoods-Donalda (45),D33,634258.5079,4844750.7108
2910,4260530,1009018,12/16/2007 10:00:00 AM,58,DON VALLEY PARKWAY  S,LAWRENCE AVE E,,,North York,43.743645,-79.33259,,No Control,Snow,Dark,Loose Snow,Non-Fatal Injury,SMV Other,Driver,40 to 44,None,,South,Tow Truck,Going Ahead,Driving Properly,Normal,,,,,,,,,Yes,,,,,,,,,,,149,Parkwoods-O'Connor Hills,45,Parkwoods-Donalda (45),D33,634258.5079,4844750.7108
2911,4260531,1009018,12/16/2007 10:00:00 AM,58,DON VALLEY PARKWAY  S,LAWRENCE AVE E,,,North York,43.743645,-79.33259,,No Control,Snow,Dark,Loose Snow,Non-Fatal Injury,SMV Other,Vehicle Owner,unknown,,,,Other,,,,,,,,,,,,Yes,,,,,,,,,,,149,Parkwoods-O'Connor Hills,45,Parkwoods-Donalda (45),D33,634258.5079,4844750.7108
2912,4260532,1009018,12/16/2007 10:00:00 AM,58,DON VALLEY PARKWAY  S,LAWRENCE AVE E,,,North York,43.743645,-79.33259,,No Control,Snow,Dark,Loose Snow,Non-Fatal Injury,SMV Other,Driver,20 to 24,Major,,South,"Automobile, Station Wagon",Going Ahead,Lost control,Normal,,,,,,,,,Yes,,,,,,,,,,,149,Parkwoods-O'Connor Hills,45,Parkwoods-Donalda (45),D33,634258.5079,4844750.7108
2913,4266298,1011635,12/16/2007 10:00:00 AM,1222,FINCH AVE W,MARTIN GROVE RD,,Major Arterial,Etobicoke York,43.737045,-79.59059,,No Control,Snow,Daylight,Packed Snow,Non-Fatal Injury,Approaching,Driver,55 to 59,Minimal,,West,"Automobile, Station Wagon",Pulling Away from Shoulder or Curb,Lost control,Normal,,,,,,,,,Yes,,,,,,,,,,,2,Mount Olive-Silverstone-Jamestown,2,Mount Olive-Silverstone-Jamestown (2),D23,613496.8643,4843631.9179
2914,4266299,1011635,12/16/2007 10:00:00 AM,1222,FINCH AVE W,MARTIN GROVE RD,,Major Arterial,Etobicoke York,43.737045,-79.59059,,No Control,Snow,Daylight,Packed Snow,Non-Fatal Injury,Approaching,Driver,25 to 29,Major,,East,"Automobile, Station Wagon",Going Ahead,Driving Properly,Normal,,,,,,,,,Yes,,,,,,,,,,,2,Mount Olive-Silverstone-Jamestown,2,Mount Olive-Silverstone-Jamestown (2),D23,613496.8643,4843631.9179
2915,7644501,1011634,12/16/2007 10:00:00 AM,1800,ISLINGTON AVE,KINGSVIEW BLVD,,Major Arterial,Etobicoke York,43.699745,-79.547989,,Stop Sign,Snow,Dark,Packed Snow,Non-Fatal Injury,Turning Movement,Vehicle Owner,unknown,,,,Other,,,,,,,,,,,,Yes,,,,,,,,,,,6,Kingsview Village-The Westway,6,Kingsview Village-The Westway (6),D23,617000.031,4839548.4691
2916,7644502,1011634,12/16/2007 10:00:00 AM,1800,ISLINGTON AVE,KINGSVIEW BLVD,,Major Arterial,Etobicoke York,43.699745,-79.547989,,Stop Sign,Snow,Dark,Packed Snow,Non-Fatal Injury,Turning Movement,Driver,25 to 29,None,,North,Pick Up Truck,Turning Left,Improper Turn,Normal,,,,,,,,,Yes,,,,,,,,,,,6,Kingsview Village-The Westway,6,Kingsview Village-The Westway (6),D23,617000.031,4839548.4691
2917,7644503,1011634,12/16/2007 10:00:00 AM,1800,ISLINGTON AVE,KINGSVIEW BLVD,,Major Arterial,Etobicoke York,43.699745,-79.547989,,Stop Sign,Snow,Dark,Packed Snow,Non-Fatal Injury,Turning Movement,Driver,30 to 34,Major,,South,"Automobile, Station Wagon",Going Ahead,Driving Properly,Normal,,,,,,,,,Yes,,,,,,,,,,,6,Kingsview Village-The Westway,6,Kingsview Village-The Westway (6),D23,617000.031,4839548.4691
2918,4266099,1011551,12/17/2007 10:00:00 AM,1232,MARTIN GROVE RD,401 X W MARTIN GROVE RAMP,,Major Arterial,Etobicoke York,43.692845,-79.57149,,Traffic Signal,Clear,Daylight,Wet,Non-Fatal Injury,Angle,Passenger,5 to 9,Minimal,,,Other,,,,,,,,,,,,Yes,,,,,Yes,,Yes,Yes,,,1,West Humber-Clairville,1,West Humber-Clairville (1),D23,615119.5577,4838749.2371
2919,4266100,1011551,12/17/2007 10:00:00 AM,1232,MARTIN GROVE RD,401 X W MARTIN GROVE RAMP,,Major Arterial,Etobicoke York,43.692845,-79.57149,,Traffic Signal,Clear,Daylight,Wet,Non-Fatal Injury,Angle,Passenger,5 to 9,Minimal,,,Other,,,,,,,,,,,,Yes,,,,,Yes,,Yes,Yes,,,1,West Humber-Clairville,1,West Humber-Clairville (1),D23,615119.5577,4838749.2371
2920,4266101,1011551,12/17/2007 10:00:00 AM,1232,MARTIN GROVE RD,401 X W MARTIN GROVE RAMP,,Major Arterial,Etobicoke York,43.692845,-79.57149,,Traffic Signal,Clear,Daylight,Wet,Non-Fatal Injury,Angle,Driver,35 to 39,Major,,North,"Automobile, Station Wagon",Going Ahead,Disobeyed Traffic Control,Normal,,,,,,,,,Yes,,,,,Yes,,Yes,Yes,,,1,West Humber-Clairville,1,West Humber-Clairville (1),D23,615119.5577,4838749.2371
2921,4266102,1011551,12/17/2007 10:00:00 AM,1232,MARTIN GROVE RD,401 X W MARTIN GROVE RAMP,,Major Arterial,Etobicoke York,43.692845,-79.57149,,Traffic Signal,Clear,Daylight,Wet,Non-Fatal Injury,Angle,Driver,45 to 49,Minimal,,West,"Automobile, Station Wagon",Going Ahead,Driving Properly,Normal,,,,,,,,,Yes,,,,,Yes,,Yes,Yes,,,1,West Humber-Clairville,1,West Humber-Clairville (1),D23,615119.5577,4838749.2371
2922,4268634,1013128,12/20/2007 10:00:00 AM,455,YORK ST,BREMNER BLVD,,Major Arterial,Toronto and East York,43.644545,-79.38219,,No Control,Clear,Dark,Dry,Non-Fatal Injury,Pedestrian Collisions,Driver,40 to 44,None,,South,"Automobile, Station Wagon",Going Ahead,Driving Properly,Normal,,,,,,,Yes,,Yes,,,,,,,,,,,165,Harbourfront-CityPlace,77,Waterfront Communities-The Island (77),D52,630479.4616,4833665.0891
2923,4268635,1013128,12/20/2007 10:00:00 AM,455,YORK ST,BREMNER BLVD,,Major Arterial,Toronto and East York,43.644545,-79.38219,,No Control,Clear,Dark,Dry,Non-Fatal Injury,Pedestrian Collisions,Pedestrian,20 to 24,Major,,West,Other,,,,Pedestrian hit at mid-block,"Crossing, no Traffic Control",Unknown,,,,Yes,,Yes,,,,,,,,,,,165,Harbourfront-CityPlace,77,Waterfront Communities-The Island (77),D52,630479.4616,4833665.0891
2924,4265812,1011408,12/20/2007 10:00:00 AM,846,DANFORTH Aven,CHESTER Aven,,Major Arterial,Toronto and East York,43.677545,-79.35199,At Intersection,Traffic Signal,Clear,Daylight,Wet,Non-Fatal Injury,Approaching,Driver,45 to 49,Major,,West,"Automobile, Station Wagon",Going Ahead,,,,,,,,,,,Yes,,,,,,,,,,,68,North Riverdale,68,North Riverdale (68),D55,632842.3751,4837378.1042
2925,4290905,1023759,12/20/2007 10:00:00 AM,1820,DUFFERIN ST,BRIAR HILL AVE,,Major Arterial,North York,43.702345,-79.45209,At Intersection,Traffic Signal,Clear,Dark,Dry,Non-Fatal Injury,Pedestrian Collisions,Driver,40 to 44,None,,East,"Automobile, Station Wagon",Turning Left,Driving Properly,Normal,,,,,,,Yes,,Yes,,,,,,,,,,,108,Briar Hill-Belgravia,108,Briar Hill-Belgravia (108),D13,624722.0477,4839977.0304
2926,4290906,1023759,12/20/2007 10:00:00 AM,1820,DUFFERIN ST,BRIAR HILL AVE,,Major Arterial,North York,43.702345,-79.45209,At Intersection,Traffic Signal,Clear,Dark,Dry,Non-Fatal Injury,Pedestrian Collisions,Pedestrian,50 to 54,Major,,West,Other,,,,Vehicle turns left while ped crosses without ROW at inter.,Crossing without right of way,Inattentive,,,,Yes,,Yes,,,,,,,,,,,108,Briar Hill-Belgravia,108,Briar Hill-Belgravia (108),D13,624722.0477,4839977.0304
2927,4406751,1013134,12/21/2007 10:00:00 AM,525,WILSON AVE,DUFFERIN ST,,Major Arterial,North York,43.732445,-79.45729,,No Control,Clear,Dark,Dry,Non-Fatal Injury,Turning Movement,Passenger,20 to 24,Minimal,,,Other,,,,,,,,,,,,Yes,,Yes,,,Yes,,,,,,155,Downsview,26,Downsview-Roding-CFB (26),D32,624240.8339,4843312.2512
2928,4406752,1013134,12/21/2007 10:00:00 AM,525,WILSON AVE,DUFFERIN ST,,Major Arterial,North York,43.732445,-79.45729,,No Control,Clear,Dark,Dry,Non-Fatal Injury,Turning Movement,Driver,20 to 24,Major,,East,"Automobile, Station Wagon",Going Ahead,Driving Properly,Normal,,,,,,,,,Yes,,Yes,,,Yes,,,,,,155,Downsview,26,Downsview-Roding-CFB (26),D32,624240.8339,4843312.2512
2929,4406753,1013134,12/21/2007 10:00:00 AM,525,WILSON AVE,DUFFERIN ST,,Major Arterial,North York,43.732445,-79.45729,,No Control,Clear,Dark,Dry,Non-Fatal Injury,Turning Movement,Other,unknown,None,,,Other,,,,,,,,,,,,Yes,,Yes,,,Yes,,,,,,155,Downsview,26,Downsview-Roding-CFB (26),D32,624240.8339,4843312.2512
2930,4406754,1013134,12/21/2007 10:00:00 AM,525,WILSON AVE,DUFFERIN ST,,Major Arterial,North York,43.732445,-79.45729,,No Control,Clear,Dark,Dry,Non-Fatal Injury,Turning Movement,Other Property Owner,unknown,,,,Other,,,,,,,,,,,,Yes,,Yes,,,Yes,,,,,,155,Downsview,26,Downsview-Roding-CFB (26),D32,624240.8339,4843312.2512
2931,4406755,1013134,12/21/2007 10:00:00 AM,525,WILSON AVE,DUFFERIN ST,,Major Arterial,North York,43.732445,-79.45729,,No Control,Clear,Dark,Dry,Non-Fatal Injury,Turning Movement,Vehicle Owner,unknown,,,,Other,,,,,,,,,,,,Yes,,Yes,,,Yes,,,,,,155,Downsview,26,Downsview-Roding-CFB (26),D32,624240.8339,4843312.2512
2932,4406756,1013134,12/21/2007 10:00:00 AM,525,WILSON AVE,DUFFERIN ST,,Major Arterial,North York,43.732445,-79.45729,,No Control,Clear,Dark,Dry,Non-Fatal Injury,Turning Movement,Truck Driver,60 to 64,None,,East,Truck - Open,Turning Right,Improper Turn,Normal,,,,,,,,,Yes,,Yes,,,Yes,,,,,,155,Downsview,26,Downsview-Roding-CFB (26),D32,624240.8339,4843312.2512
2933,4264865,1011018,12/23/2007 10:00:00 AM,135,3003 DANFORTH AVE,,,Major Arterial,Toronto and East York,43.690345,-79.29209,,Traffic Signal,Clear,Dark,Wet,Non-Fatal Injury,Pedestrian Collisions,Driver,unknown,None,,,"Automobile, Station Wagon",Unknown,,,,,,,,,Yes,,Yes,,,,,,,,,,,61,Taylor-Massey,61,Taylor-Massey (61),D55,637641.558,4838897.4056
2934,4264866,1011018,12/23/2007 10:00:00 AM,135,3003 DANFORTH AVE,,,Major Arterial,Toronto and East York,43.690345,-79.29209,,Traffic Signal,Clear,Dark,Wet,Non-Fatal Injury,Pedestrian Collisions,Pedestrian,unknown,Major,,,Other,Other,,,,,,,,,Yes,,Yes,,,,,,,,,,,61,Taylor-Massey,61,Taylor-Massey (61),D55,637641.558,4838897.4056
2935,4275777,1011055,12/23/2007 10:00:00 AM,1905,JARVIS ST,CARLTON ST,,Major Arterial,Toronto and East York,43.662945,-79.37689,,No Control,Clear,Dark,Dry,Non-Fatal Injury,Pedestrian Collisions,Driver,15 to 19,None,,North,"Automobile, Station Wagon",Going Ahead,Driving Properly,Normal,,,,,,,Yes,,Yes,,,,,,,,,,,71,Cabbagetown-South St.James Town,71,Cabbagetown-South St.James Town (71),D51,630866.9483,4835716.998
2936,4275778,1011055,12/23/2007 10:00:00 AM,1905,JARVIS ST,CARLTON ST,,Major Arterial,Toronto and East York,43.662945,-79.37689,,No Control,Clear,Dark,Dry,Non-Fatal Injury,Pedestrian Collisions,Pedestrian,35 to 39,Major,,East,Other,,,,Pedestrian hit at mid-block,"Crossing, no Traffic Control",Had Been Drinking,,,,Yes,,Yes,,,,,,,,,,,71,Cabbagetown-South St.James Town,71,Cabbagetown-South St.James Town (71),D51,630866.9483,4835716.998
2937,4294014,1011231,12/24/2007 10:00:00 AM,2135,FINCH AVE E,ALAMOSA DR,,Major Arterial,North York,43.789145,-79.37329,,Traffic Signal,Clear,Dark,Dry,Fatal,Pedestrian Collisions,Driver,90 to 94,None,,West,"Automobile, Station Wagon",Going Ahead,Driving Properly,Normal,,,,,,,Yes,,Yes,,,,,,,,,,,52,Bayview Village,49,Bayview Woods-Steeles (49),D33,630882.0723,4849739.0222
2938,4294015,1011231,12/24/2007 10:00:00 AM,2135,FINCH AVE E,ALAMOSA DR,,Major Arterial,North York,43.789145,-79.37329,,Traffic Signal,Clear,Dark,Dry,Fatal,Pedestrian Collisions,Pedestrian,75 to 79,Fatal,,North,Other,,,,Vehicle is going straight thru inter.while ped cross without ROW,Crossing without right of way,Inattentive,,,,Yes,,Yes,,,,,,,,,,,52,Bayview Village,49,Bayview Woods-Steeles (49),D33,630882.0723,4849739.0222
2939,4270315,1014428,12/27/2007 10:00:00 AM,3,VICTORIA PARK AVE,BIGGIN CRT,,Major Arterial,North York,43.728845,-79.30439,,No Control,Clear,Dark,Dry,Non-Fatal Injury,Turning Movement,Vehicle Owner,unknown,,,,Other,,,,,,,,,,,,Yes,,,,,Yes,,,,,,43,Victoria Village,43,Victoria Village (43),D33,636562.8143,4843153.0407
2940,4270316,1014428,12/27/2007 10:00:00 AM,3,VICTORIA PARK AVE,BIGGIN CRT,,Major Arterial,North York,43.728845,-79.30439,,No Control,Clear,Dark,Dry,Non-Fatal Injury,Turning Movement,Driver,25 to 29,None,,North,"Automobile, Station Wagon",Making U Turn,Improper Turn,Inattentive,,,,,,,,,Yes,,,,,Yes,,,,,,43,Victoria Village,43,Victoria Village (43),D33,636562.8143,4843153.0407
2941,4270317,1014428,12/27/2007 10:00:00 AM,3,VICTORIA PARK AVE,BIGGIN CRT,,Major Arterial,North York,43.728845,-79.30439,,No Control,Clear,Dark,Dry,Non-Fatal Injury,Turning Movement,Passenger,20 to 24,Minor,,,Other,,,,,,,,,,,,Yes,,,,,Yes,,,,,,43,Victoria Village,43,Victoria Village (43),D33,636562.8143,4843153.0407
2942,4270318,1014428,12/27/2007 10:00:00 AM,3,VICTORIA PARK AVE,BIGGIN CRT,,Major Arterial,North York,43.728845,-79.30439,,No Control,Clear,Dark,Dry,Non-Fatal Injury,Turning Movement,Driver,20 to 24,Major,,South,"Automobile, Station Wagon",Going Ahead,Driving Properly,Normal,,,,,,,,,Yes,,,,,Yes,,,,,,43,Victoria Village,43,Victoria Village (43),D33,636562.8143,4843153.0407
2943,4275834,1011434,12/27/2007 10:00:00 AM,904,3495 LAWRENCE Aven E,,,Major Arterial,Scarborough,43.759045,-79.22839,,Traffic Signal,Clear,Daylight,Dry,Non-Fatal Injury,Pedestrian Collisions,Driver,55 to 59,None,,East,"Automobile, Station Wagon",Going Ahead,,,,,,,,,Yes,,Yes,,,,,,,,,,,141,Golfdale-Cedarbrae-Woburn,137,Woburn (137),D43,642612.1225,4846635.2714
2944,4275835,1011434,12/27/2007 10:00:00 AM,904,3495 LAWRENCE Aven E,,,Major Arterial,Scarborough,43.759045,-79.22839,,Traffic Signal,Clear,Daylight,Dry,Non-Fatal Injury,Pedestrian Collisions,Pedestrian,80 to 84,Major,,,Other,Other,,,,,,,,,Yes,,Yes,,,,,,,,,,,141,Golfdale-Cedarbrae-Woburn,137,Woburn (137),D43,642612.1225,4846635.2714
2945,4266412,1011703,12/28/2007 10:00:00 AM,1455,WESTON RD,GUNNS RD,,Major Arterial,Etobicoke York,43.675945,-79.47039,,Traffic Signal,Clear,Daylight,Dry,Non-Fatal Injury,SMV Other,Other Property Owner,unknown,,,,Other,,,,,,,,,,,,Yes,,,,,Yes,Yes,Yes,,,,90,Junction Area,90,Junction Area (90),D12,623301.6039,4837017.5846
2946,4266413,1011703,12/28/2007 10:00:00 AM,1455,WESTON RD,GUNNS RD,,Major Arterial,Etobicoke York,43.675945,-79.47039,,Traffic Signal,Clear,Daylight,Dry,Non-Fatal Injury,SMV Other,Passenger,35 to 39,Major,,,Other,,,,,,,,,,,,Yes,,,,,Yes,Yes,Yes,,,,90,Junction Area,90,Junction Area (90),D12,623301.6039,4837017.5846
2947,4266414,1011703,12/28/2007 10:00:00 AM,1455,WESTON RD,GUNNS RD,,Major Arterial,Etobicoke York,43.675945,-79.47039,,Traffic Signal,Clear,Daylight,Dry,Non-Fatal Injury,SMV Other,Driver,25 to 29,Major,,North,"Automobile, Station Wagon",Going Ahead,Exceeding Speed Limit,Unknown,,,,,,,,,Yes,,,,,Yes,Yes,Yes,,,,90,Junction Area,90,Junction Area (90),D12,623301.6039,4837017.5846
2948,4294388,1014978,12/29/2007 10:00:00 AM,1303,ARAGON AVE,BIRCHARD ST,,Local,Scarborough,43.775645,-79.30289,,No Control,Clear,Daylight,Dry,Non-Fatal Injury,Approaching,Driver,70 to 74,Minimal,,South,"Automobile, Station Wagon",Other,Failed to Yield Right of Way,Inattentive,,,,,,,,,Yes,,,,,Yes,,Yes,,,,118,Tam O'Shanter-Sullivan,118,Tam O'Shanter-Sullivan (118),D42,636577.1225,4848353.3626
2949,4294389,1014978,12/29/2007 10:00:00 AM,1303,ARAGON AVE,BIRCHARD ST,,Local,Scarborough,43.775645,-79.30289,,No Control,Clear,Daylight,Dry,Non-Fatal Injury,Approaching,Passenger,25 to 29,Minimal,,,Other,,,,,,,,,,,,Yes,,,,,Yes,,Yes,,,,118,Tam O'Shanter-Sullivan,118,Tam O'Shanter-Sullivan (118),D42,636577.1225,4848353.3626
2950,4294390,1014978,12/29/2007 10:00:00 AM,1303,ARAGON AVE,BIRCHARD ST,,Local,Scarborough,43.775645,-79.30289,,No Control,Clear,Daylight,Dry,Non-Fatal Injury,Approaching,Passenger,25 to 29,Minimal,,,Other,,,,,,,,,,,,Yes,,,,,Yes,,Yes,,,,118,Tam O'Shanter-Sullivan,118,Tam O'Shanter-Sullivan (118),D42,636577.1225,4848353.3626
2951,4294391,1014978,12/29/2007 10:00:00 AM,1303,ARAGON AVE,BIRCHARD ST,,Local,Scarborough,43.775645,-79.30289,,No Control,Clear,Daylight,Dry,Non-Fatal Injury,Approaching,Driver,30 to 34,Major,,North,"Automobile, Station Wagon",Going Ahead,Driving Properly,Normal,,,,,,,,,Yes,,,,,Yes,,Yes,,,,118,Tam O'Shanter-Sullivan,118,Tam O'Shanter-Sullivan (118),D42,636577.1225,4848353.3626
2952,4406805,1013702,12/29/2007 10:00:00 AM,2158,DANFORTH AVE,CEDARVALE AVE,,Major Arterial,Toronto and East York,43.686145,-79.31069,,No Control,Clear,Dark,Dry,Non-Fatal Injury,Pedestrian Collisions,Driver,60 to 64,None,,,"Automobile, Station Wagon",Going Ahead,,,,,,,,,Yes,,Yes,,,,,,,,,,,62,East End-Danforth,62,East End-Danforth (62),D55,636152.0575,4838400.2305
2953,4406806,1013702,12/29/2007 10:00:00 AM,2158,DANFORTH AVE,CEDARVALE AVE,,Major Arterial,Toronto and East York,43.686145,-79.31069,,No Control,Clear,Dark,Dry,Non-Fatal Injury,Pedestrian Collisions,Pedestrian,unknown,Major,,,Other,Other,,,,,,,,,Yes,,Yes,,,,,,,,,,,62,East End-Danforth,62,East End-Danforth (62),D55,636152.0575,4838400.2305
2954,4270492,1014571,12/31/2007 10:00:00 AM,647,STEELES AVE W,NORFINCH DR,,Major Arterial,Etobicoke York,43.773345,-79.53179,At Intersection,Traffic Signal,Snow,Dark,Loose Snow,Non-Fatal Injury,Sideswipe,Driver,65 to 69,Major,,East,"Automobile, Station Wagon",Going Ahead,Speed too Fast For Condition,Normal,,,,,,,,,Yes,,,,,,Yes,Yes,,,,NSA,NSA,NSA,NSA,NSA,618160.4767,4847745.7882
2955,4270493,1014571,12/31/2007 10:00:00 AM,647,STEELES AVE W,NORFINCH DR,,Major Arterial,Etobicoke York,43.773345,-79.53179,At Intersection,Traffic Signal,Snow,Dark,Loose Snow,Non-Fatal Injury,Sideswipe,Driver,45 to 49,Major,,East,"Automobile, Station Wagon",Slowing or Stopping,Driving Properly,Normal,,,,,,,,,Yes,,,,,,Yes,Yes,,,,NSA,NSA,NSA,NSA,NSA,618160.4767,4847745.7882
2956,4276654,1014715,12/31/2007 10:00:00 AM,1510,ISLINGTON AVE,SANDHILL DR,,Major Arterial,Etobicoke York,43.734045,-79.56389,,No Control,Clear,Daylight,Dry,Non-Fatal Injury,Rear End,Driver,55 to 59,Major,,South,"Automobile, Station Wagon",Slowing or Stopping,Driving Properly,Normal,,,,,,,,,Yes,,,,,,,Yes,,,,3,Thistletown-Beaumond Heights,3,Thistletown-Beaumond Heights (3),D23,615652.7494,4843335.6448
2957,4276655,1014715,12/31/2007 10:00:00 AM,1510,ISLINGTON AVE,SANDHILL DR,,Major Arterial,Etobicoke York,43.734045,-79.56389,,No Control,Clear,Daylight,Dry,Non-Fatal Injury,Rear End,Driver,35 to 39,None,,South,"Automobile, Station Wagon",Going Ahead,Following too Close,Normal,,,,,,,,,Yes,,,,,,,Yes,,,,3,Thistletown-Beaumond Heights,3,Thistletown-Beaumond Heights (3),D23,615652.7494,4843335.6448
2958,5309518,1015097,1/3/2008 10:00:00 AM,1623,BAYVIEW AVE,EGLINTON AVE E,,Major Arterial,North York,43.711045,-79.37719,,Traffic Signal,Snow,Daylight,Loose Snow,Non-Fatal Injury,Rear End,Driver,35 to 39,None,,South,"Automobile, Station Wagon",Stopped,Driving Properly,Normal,,,,,,,,,Yes,,,,,,,,,,,99,Mount Pleasant East,99,Mount Pleasant East (99),D53,630738.2205,4841058.6928
2959,5309519,1015097,1/3/2008 10:00:00 AM,1623,BAYVIEW AVE,EGLINTON AVE E,,Major Arterial,North York,43.711045,-79.37719,,Traffic Signal,Snow,Daylight,Loose Snow,Non-Fatal Injury,Rear End,Driver,60 to 64,Major,,South,"Automobile, Station Wagon",Stopped,Lost control,Normal,,,,,,,,,Yes,,,,,,,,,,,99,Mount Pleasant East,99,Mount Pleasant East (99),D53,630738.2205,4841058.6928
2960,5309566,1015121,1/4/2008 10:00:00 AM,1540,YORK MILLS RD,UPJOHN RD,,Major Arterial,North York,43.755045,-79.35029,,No Control,Clear,Daylight,Dry,Non-Fatal Injury,Approaching,Driver,55 to 59,Minor,,West,"Automobile, Station Wagon",Going Ahead,Lost control,Fatigue,,,,,,,,,Yes,,,,,,,,,,,42,Banbury-Don Mills,42,Banbury-Don Mills (42),D33,632808.0871,4845988.3178
2961,5309567,1015121,1/4/2008 10:00:00 AM,1540,YORK MILLS RD,UPJOHN RD,,Major Arterial,North York,43.755045,-79.35029,,No Control,Clear,Daylight,Dry,Non-Fatal Injury,Approaching,Driver,15 to 19,Major,,East,"Automobile, Station Wagon",Going Ahead,Driving Properly,Normal,,,,,,,,,Yes,,,,,,,,,,,42,Banbury-Don Mills,42,Banbury-Don Mills (42),D33,632808.0871,4845988.3178
2962,5307140,1012986,1/5/2008 10:00:00 AM,1826,EGLINTON AVE E,OSWEGO RD,,Major Arterial,Scarborough,43.737645,-79.24369,,No Control,Rain,Dark,Wet,Fatal,Pedestrian Collisions,Driver,45 to 49,None,,East,"Automobile, Station Wagon",Going Ahead,Driving Properly,Normal,,,,,,,Yes,,Yes,,,,,,,,,,,138,Eglinton East,138,Eglinton East (138),D43,641430.875,4844232.2417
2963,5307141,1012986,1/5/2008 10:00:00 AM,1826,EGLINTON AVE E,OSWEGO RD,,Major Arterial,Scarborough,43.737645,-79.24369,,No Control,Rain,Dark,Wet,Fatal,Pedestrian Collisions,Pedestrian,30 to 34,Fatal,1,North,Other,,,,Vehicle is going straight thru inter.while ped cross without ROW,"Crossing, no Traffic Control",Normal,,,,Yes,,Yes,,,,,,,,,,,138,Eglinton East,138,Eglinton East (138),D43,641430.875,4844232.2417