OBJECTID,INDEX,ACCNUM,DATE,TIME,STREET1,STREET2,OFFSET,ROAD_CLASS,DISTRICT,LATITUDE,LONGITUDE,ACCLOC,TRAFFCTL,VISIBILITY,LIGHT,RDSFCOND,ACCLASS,IMPACTYPE,INVTYPE,INVAGE,INJURY,FATAL_NO,INITDIR,VEHTYPE,MANOEUVER,DRIVACT,DRIVCOND,PEDTYPE,PEDACT,PEDCOND,CYCLISTYPE,CYCACT,CYCCOND,PEDESTRIAN,CYCLIST,AUTOMOBILE,MOTORCYCLE,TRUCK,TRSN_CITY_VEH,EMERG_VEH,PASSENGER,SPEEDING,AG_DRIV,REDLIGHT,ALCOHOL,DISABILITY,HOOD_158,NEIGHBOURHOOD_158,HOOD_140,NEIGHBOURHOOD_140,DIVISION,x,y
3023,5317588,1018923,1/25/2008 10:00:00 AM,900,RONCESVALLES AVE,MARMADUKE ST,,Minor Arterial,Toronto and East York,43.650445,-79.45069,At Intersection,Pedestrian Crossover,Clear,Daylight,Wet,Non-Fatal Injury,Approaching,Driver,35 to 39,None,,North,"Automobile, Station Wagon",Going Ahead,Driving Properly,Normal,,,,,,,,,Yes,,,,,,,Yes,,,,87,High Park-Swansea,87,High Park-Swansea (87),D11,624942.5185,4834214.9467
3024,5313832,1017137,1/25/2008 10:00:00 AM,1823,ROGERS RD,KANE AVE,,Minor Arterial,Etobicoke York,43.682045,-79.46649,,Stop Sign,Clear,Dark,Dry,Fatal,Angle,Passenger,55 to 59,Minor,,,Other,,,,,,,,,,,,Yes,,,,,Yes,Yes,Yes,,,,110,Keelesdale-Eglinton West,110,Keelesdale-Eglinton West (110),D12,623603.4593,4837700.8762
3025,5313833,1017137,1/25/2008 10:00:00 AM,1823,ROGERS RD,KANE AVE,,Minor Arterial,Etobicoke York,43.682045,-79.46649,,Stop Sign,Clear,Dark,Dry,Fatal,Angle,Driver,75 to 79,Fatal,5,South,"Automobile, Station Wagon",Going Ahead,Failed to Yield Right of Way,Normal,,,,,,,,,Yes,,,,,Yes,Yes,Yes,,,,110,Keelesdale-Eglinton West,110,Keelesdale-Eglinton West (110),D12,623603.4593,4837700.8762
3026,5313834,1017137,1/25/2008 10:00:00 AM,1823,ROGERS RD,KANE AVE,,Minor Arterial,Etobicoke York,43.682045,-79.46649,,Stop Sign,Clear,Dark,Dry,Fatal,Angle,Vehicle Owner,unknown,,,,Other,,,,,,,,,,,,Yes,,,,,Yes,Yes,Yes,,,,110,Keelesdale-Eglinton West,110,Keelesdale-Eglinton West (110),D12,623603.4593,4837700.8762
3027,5313835,1017137,1/25/2008 10:00:00 AM,1823,ROGERS RD,KANE AVE,,Minor Arterial,Etobicoke York,43.682045,-79.46649,,Stop Sign,Clear,Dark,Dry,Fatal,Angle,Driver,25 to 29,None,,East,"Automobile, Station Wagon",Going Ahead,Driving Properly,Normal,,,,,,,,,Yes,,,,,Yes,Yes,Yes,,,,110,Keelesdale-Eglinton West,110,Keelesdale-Eglinton West (110),D12,623603.4593,4837700.8762
3028,5331444,1025433,1/26/2008 10:00:00 AM,1047,AVENUE RD,OXTON AVE,,Major Arterial,Toronto and East York,43.697445,-79.40559,At Intersection,Stop Sign,Clear,Daylight,Wet,Non-Fatal Injury,Turning Movement,Vehicle Owner,unknown,,,,Other,,,,,,,,,,,,Yes,,,,,,,Yes,,,,97,Yonge-St.Clair,97,Yonge-St.Clair (97),D53,628479.2623,4839503.8213
3029,5331445,1025433,1/26/2008 10:00:00 AM,1047,AVENUE RD,OXTON AVE,,Major Arterial,Toronto and East York,43.697445,-79.40559,At Intersection,Stop Sign,Clear,Daylight,Wet,Non-Fatal Injury,Turning Movement,Driver,40 to 44,None,,North,"Automobile, Station Wagon",Going Ahead,Failed to Yield Right of Way,Normal,,,,,,,,,Yes,,,,,,,Yes,,,,97,Yonge-St.Clair,97,Yonge-St.Clair (97),D53,628479.2623,4839503.8213
3030,5331446,1025433,1/26/2008 10:00:00 AM,1047,AVENUE RD,OXTON AVE,,Major Arterial,Toronto and East York,43.697445,-79.40559,At Intersection,Stop Sign,Clear,Daylight,Wet,Non-Fatal Injury,Turning Movement,Vehicle Owner,unknown,,,,Other,,,,,,,,,,,,Yes,,,,,,,Yes,,,,97,Yonge-St.Clair,97,Yonge-St.Clair (97),D53,628479.2623,4839503.8213
3031,5331447,1025433,1/26/2008 10:00:00 AM,1047,AVENUE RD,OXTON AVE,,Major Arterial,Toronto and East York,43.697445,-79.40559,At Intersection,Stop Sign,Clear,Daylight,Wet,Non-Fatal Injury,Turning Movement,Driver,45 to 49,Major,,South,"Automobile, Station Wagon",Turning Left,Driving Properly,Normal,,,,,,,,,Yes,,,,,,,Yes,,,,97,Yonge-St.Clair,97,Yonge-St.Clair (97),D53,628479.2623,4839503.8213
3032,5331412,1025421,1/26/2008 10:00:00 AM,1415,79 BLOOR ST W,,,Major Arterial,Toronto and East York,43.669543,-79.389987,,No Control,Clear,Daylight,Dry,Non-Fatal Injury,Pedestrian Collisions,Cyclist,unknown,None,,East,Bicycle,Going Ahead,,,,,,Cyclist strikes pedestrian.,Failed to Yield Right of Way,Inattentive,Yes,Yes,,,,,,,,,,,,169,Bay-Cloverhill,76,Bay Street Corridor (76),D52,629796.7404,4836429.2185
3033,5331413,1025421,1/26/2008 10:00:00 AM,1415,79 BLOOR ST W,,,Major Arterial,Toronto and East York,43.669543,-79.389987,,No Control,Clear,Daylight,Dry,Non-Fatal Injury,Pedestrian Collisions,Pedestrian,75 to 79,Major,,West,,,,,Pedestrian hit on sidewalk or shoulder,On Sidewalk or Shoulder,Normal,,,,Yes,Yes,,,,,,,,,,,,169,Bay-Cloverhill,76,Bay Street Corridor (76),D52,629796.7404,4836429.2185
3034,5324253,1022016,1/27/2008 10:00:00 AM,1015,2450 LAWRENCE AVE E,,,Major Arterial,Scarborough,43.751045,-79.26719,At Intersection,Stop Sign,Clear,Daylight,Wet,Non-Fatal Injury,Pedestrian Collisions,Driver,25 to 29,None,,North,"Automobile, Station Wagon",Slowing or Stopping,Failed to Yield Right of Way,Inattentive,,,,,,,Yes,,Yes,,,,,,,Yes,,,,126,Dorset Park,126,Dorset Park (126),D41,639507.3299,4845680.6651
3035,5324254,1022016,1/27/2008 10:00:00 AM,1015,2450 LAWRENCE AVE E,,,Major Arterial,Scarborough,43.751045,-79.26719,At Intersection,Stop Sign,Clear,Daylight,Wet,Non-Fatal Injury,Pedestrian Collisions,Pedestrian,65 to 69,Major,,East,Other,,,,Vehicle is going straight thru inter.while ped cross with ROW,Crossing with right of way,Normal,,,,Yes,,Yes,,,,,,,Yes,,,,126,Dorset Park,126,Dorset Park (126),D41,639507.3299,4845680.6651
3036,5314813,1017587,1/28/2008 10:00:00 AM,817,MCNICOLL AVE,LA PEER BLVD,,Minor Arterial,Scarborough,43.807545,-79.31549,,Stop Sign,Clear,Daylight,Dry,Non-Fatal Injury,Pedestrian Collisions,Driver,55 to 59,None,,North,"Automobile, Station Wagon",Turning Left,Failed to Yield Right of Way,Inattentive,,,,,,,Yes,,Yes,,,,,,,Yes,,,,116,Steeles,116,Steeles (116),D42,635491.0036,4851875.6537
3037,5314814,1017587,1/28/2008 10:00:00 AM,817,MCNICOLL AVE,LA PEER BLVD,,Minor Arterial,Scarborough,43.807545,-79.31549,,Stop Sign,Clear,Daylight,Dry,Non-Fatal Injury,Pedestrian Collisions,Pedestrian,70 to 74,Major,,South,Other,,,,Vehicle turns left while ped crosses with ROW at inter.,Crossing with right of way,Medical or Physical Disability,,,,Yes,,Yes,,,,,,,Yes,,,,116,Steeles,116,Steeles (116),D42,635491.0036,4851875.6537
3038,5318996,1019552,1/29/2008 10:00:00 AM,1754,SHUTER ST,MUTUAL ST,,Minor Arterial,Toronto and East York,43.655245,-79.37459,At Intersection,No Control,Clear,Dark,Wet,Non-Fatal Injury,Pedestrian Collisions,Driver,50 to 54,None,,East,"Automobile, Station Wagon",Slowing or Stopping,Driving Properly,Inattentive,,,,,,,Yes,,Yes,,,,,,,,,,,168,Downtown Yonge East,75,Church-Yonge Corridor (75),D51,631069.1462,4834865.4412
3039,5318997,1019552,1/29/2008 10:00:00 AM,1754,SHUTER ST,MUTUAL ST,,Minor Arterial,Toronto and East York,43.655245,-79.37459,At Intersection,No Control,Clear,Dark,Wet,Non-Fatal Injury,Pedestrian Collisions,Pedestrian,65 to 69,Major,,North,Other,,,,Pedestrian involved in a collision with transit vehicle anywhere along roadway,"Crossing, no Traffic Control","Ability Impaired, Alcohol",,,,Yes,,Yes,,,,,,,,,,,168,Downtown Yonge East,75,Church-Yonge Corridor (75),D51,631069.1462,4834865.4412
3040,5320670,1020344,1/29/2008 10:00:00 AM,1955,HAMILTON ST,GERRARD ST E,,Minor Arterial,Toronto and East York,43.665245,-79.35349,,No Control,Rain,Dark,Wet,Non-Fatal Injury,Pedestrian Collisions,Driver,20 to 24,None,,West,"Automobile, Station Wagon",Turning Left,Failed to Yield Right of Way,Normal,,,,,,,Yes,,Yes,,,,,,,Yes,,,,70,South Riverdale,70,South Riverdale (70),D55,632748.5776,4836009.621
3041,5320671,1020344,1/29/2008 10:00:00 AM,1955,HAMILTON ST,GERRARD ST E,,Minor Arterial,Toronto and East York,43.665245,-79.35349,,No Control,Rain,Dark,Wet,Non-Fatal Injury,Pedestrian Collisions,Pedestrian,65 to 69,Major,,West,Other,,,,Vehicle turns left while ped crosses with ROW at inter.,Crossing with right of way,Normal,,,,Yes,,Yes,,,,,,,Yes,,,,70,South Riverdale,70,South Riverdale (70),D55,632748.5776,4836009.621
3042,5331569,1025489,1/29/2008 10:00:00 AM,2129,BROADVIEW AVE,ALLEN AVE,,Minor Arterial,Toronto and East York,43.663645,-79.35189,,Pedestrian Crossover,Rain,Dark,Wet,Non-Fatal Injury,Pedestrian Collisions,Driver,55 to 59,None,,North,"Automobile, Station Wagon",Going Ahead,Failed to Yield Right of Way,Normal,,,,,,,Yes,,Yes,,,,,,,Yes,,,,70,South Riverdale,70,South Riverdale (70),D55,632881.1079,4835834.4809
3043,5331570,1025489,1/29/2008 10:00:00 AM,2129,BROADVIEW AVE,ALLEN AVE,,Minor Arterial,Toronto and East York,43.663645,-79.35189,,Pedestrian Crossover,Rain,Dark,Wet,Non-Fatal Injury,Pedestrian Collisions,Pedestrian,30 to 34,Major,,East,Other,,,,Pedestrian hit a PXO/ped. Mid-block signal,"Crossing, Pedestrian Crossover",Normal,,,,Yes,,Yes,,,,,,,Yes,,,,70,South Riverdale,70,South Riverdale (70),D55,632881.1079,4835834.4809
3044,5315591,1017943,1/29/2008 10:00:00 AM,2355,EGLINTON AVE W,ENNERDALE RD,,Major Arterial,North York,43.695045,-79.45319,,No Control,Rain,Dark,Wet,Non-Fatal Injury,Rear End,Driver,40 to 44,Major,,East,"Automobile, Station Wagon",Parked,Driving Properly,Normal,,,,,,,,,Yes,,,,,,,Yes,,,,109,Caledonia-Fairbank,109,Caledonia-Fairbank (109),D13,624648.5404,4839164.6104
3045,5315592,1017943,1/29/2008 10:00:00 AM,2355,EGLINTON AVE W,ENNERDALE RD,,Major Arterial,North York,43.695045,-79.45319,,No Control,Rain,Dark,Wet,Non-Fatal Injury,Rear End,Vehicle Owner,unknown,,,,Other,,,,,,,,,,,,Yes,,,,,,,Yes,,,,109,Caledonia-Fairbank,109,Caledonia-Fairbank (109),D13,624648.5404,4839164.6104
3046,5315593,1017943,1/29/2008 10:00:00 AM,2355,EGLINTON AVE W,ENNERDALE RD,,Major Arterial,North York,43.695045,-79.45319,,No Control,Rain,Dark,Wet,Non-Fatal Injury,Rear End,Driver,35 to 39,Minor,,East,"Automobile, Station Wagon",Going Ahead,Following too Close,Normal,,,,,,,,,Yes,,,,,,,Yes,,,,109,Caledonia-Fairbank,109,Caledonia-Fairbank (109),D13,624648.5404,4839164.6104
3047,5315594,1017943,1/29/2008 10:00:00 AM,2355,EGLINTON AVE W,ENNERDALE RD,,Major Arterial,North York,43.695045,-79.45319,,No Control,Rain,Dark,Wet,Non-Fatal Injury,Rear End,Vehicle Owner,unknown,,,,Other,,,,,,,,,,,,Yes,,,,,,,Yes,,,,109,Caledonia-Fairbank,109,Caledonia-Fairbank (109),D13,624648.5404,4839164.6104
3048,5322181,1021038,1/30/2008 10:00:00 AM,1049,DUFFERIN ST,SYLVAN AVE,,Major Arterial,Toronto and East York,43.655245,-79.43359,,Traffic Signal,Clear,Daylight,Dry,Non-Fatal Injury,Pedestrian Collisions,Driver,25 to 29,None,,North,"Automobile, Station Wagon",Going Ahead,Driving Properly,Normal,,,,,,,Yes,,Yes,,,,,,,,,,,83,Dufferin Grove,83,Dufferin Grove (83),D11,626311.4807,4834773.937
3049,5322182,1021038,1/30/2008 10:00:00 AM,1049,DUFFERIN ST,SYLVAN AVE,,Major Arterial,Toronto and East York,43.655245,-79.43359,,Traffic Signal,Clear,Daylight,Dry,Non-Fatal Injury,Pedestrian Collisions,Pedestrian,25 to 29,Major,,West,Other,,,,Vehicle is going straight thru inter.while ped cross without ROW,Crossing without right of way,Inattentive,,,,Yes,,Yes,,,,,,,,,,,83,Dufferin Grove,83,Dufferin Grove (83),D11,626311.4807,4834773.937
3050,5316444,1018347,1/31/2008 10:00:00 AM,1440,DON MILLS RD E,GODSTONE RD,,Major Arterial,North York,43.782745,-79.34909,At Intersection,Traffic Signal,Clear,Daylight,Dry,Fatal,SMV Other,Passenger,80 to 84,Fatal,6,,Other,,,,,,,,,,,,Yes,,,,,Yes,,,,,,47,Don Valley Village,47,Don Valley Village (47),D33,632843.3548,4849066.7521
3051,5316445,1018347,1/31/2008 10:00:00 AM,1440,DON MILLS RD E,GODSTONE RD,,Major Arterial,North York,43.782745,-79.34909,At Intersection,Traffic Signal,Clear,Daylight,Dry,Fatal,SMV Other,Driver,85 to 89,Minor,,West,"Automobile, Station Wagon",Turning Left,Lost control,Inattentive,,,,,,,,,Yes,,,,,Yes,,,,,,47,Don Valley Village,47,Don Valley Village (47),D33,632843.3548,4849066.7521
3052,5317048,1018638,2/2/2008 10:00:00 AM,1249,BELLAMY RD N,BRIMORTON DR,,Minor Arterial,Scarborough,43.767445,-79.23919,At Intersection,Traffic Signal,Clear,Daylight,Wet,Non-Fatal Injury,Turning Movement,Driver,80 to 84,Major,,North,"Automobile, Station Wagon",Turning Left,Failed to Yield Right of Way,Normal,,,,,,,,,Yes,,,,,,Yes,Yes,,,,142,Woburn North,137,Woburn (137),D43,641722.8895,4847549.6801
3053,5317049,1018638,2/2/2008 10:00:00 AM,1249,BELLAMY RD N,BRIMORTON DR,,Minor Arterial,Scarborough,43.767445,-79.23919,At Intersection,Traffic Signal,Clear,Daylight,Wet,Non-Fatal Injury,Turning Movement,Driver,20 to 24,Major,,South,"Automobile, Station Wagon",Going Ahead,Exceeding Speed Limit,Normal,,,,,,,,,Yes,,,,,,Yes,Yes,,,,142,Woburn North,137,Woburn (137),D43,641722.8895,4847549.6801
3054,5322753,1021293,2/2/2008 10:00:00 AM,2307,BRIMLEY RD,CHARTLAND BLVD S,,Major Arterial,Scarborough,43.804445,-79.27619,,No Control,Snow,Dark,Slush,Non-Fatal Injury,Approaching,Passenger,20 to 24,Major,,,Other,,,,,,,,,,,,Yes,,,,,Yes,Yes,Yes,,,,129,Agincourt North,129,Agincourt North (129),D42,638659.2458,4851596.4523
3055,5322754,1021293,2/2/2008 10:00:00 AM,2307,BRIMLEY RD,CHARTLAND BLVD S,,Major Arterial,Scarborough,43.804445,-79.27619,,No Control,Snow,Dark,Slush,Non-Fatal Injury,Approaching,Vehicle Owner,unknown,,,,Other,,,,,,,,,,,,Yes,,,,,Yes,Yes,Yes,,,,129,Agincourt North,129,Agincourt North (129),D42,638659.2458,4851596.4523
3056,5322755,1021293,2/2/2008 10:00:00 AM,2307,BRIMLEY RD,CHARTLAND BLVD S,,Major Arterial,Scarborough,43.804445,-79.27619,,No Control,Snow,Dark,Slush,Non-Fatal Injury,Approaching,Driver,20 to 24,Minor,,North,"Automobile, Station Wagon",Going Ahead,Speed too Fast For Condition,Normal,,,,,,,,,Yes,,,,,Yes,Yes,Yes,,,,129,Agincourt North,129,Agincourt North (129),D42,638659.2458,4851596.4523
3057,5322756,1021293,2/2/2008 10:00:00 AM,2307,BRIMLEY RD,CHARTLAND BLVD S,,Major Arterial,Scarborough,43.804445,-79.27619,,No Control,Snow,Dark,Slush,Non-Fatal Injury,Approaching,Vehicle Owner,unknown,,,,Other,,,,,,,,,,,,Yes,,,,,Yes,Yes,Yes,,,,129,Agincourt North,129,Agincourt North (129),D42,638659.2458,4851596.4523
3058,5322757,1021293,2/2/2008 10:00:00 AM,2307,BRIMLEY RD,CHARTLAND BLVD S,,Major Arterial,Scarborough,43.804445,-79.27619,,No Control,Snow,Dark,Slush,Non-Fatal Injury,Approaching,Driver,15 to 19,None,,South,"Automobile, Station Wagon",Going Ahead,Driving Properly,Normal,,,,,,,,,Yes,,,,,Yes,Yes,Yes,,,,129,Agincourt North,129,Agincourt North (129),D42,638659.2458,4851596.4523
3059,5326661,1023204,2/3/2008 10:00:00 AM,343,STEELES AVE E,MARKHAM RD,,Major Arterial,Scarborough,43.836545,-79.25119,At Intersection,Traffic Signal,Clear,Dark,Dry,Non-Fatal Injury,Angle,Passenger,30 to 34,Major,,,Other,,,,,,,,,,,,Yes,,,,,Yes,,Yes,Yes,Yes,,130,Milliken,130,Milliken (130),D42,640594.8393,4855203.8827
3060,5326662,1023204,2/3/2008 10:00:00 AM,343,STEELES AVE E,MARKHAM RD,,Major Arterial,Scarborough,43.836545,-79.25119,At Intersection,Traffic Signal,Clear,Dark,Dry,Non-Fatal Injury,Angle,Passenger,35 to 39,Minor,,,Other,,,,,,,,,,,,Yes,,,,,Yes,,Yes,Yes,Yes,,130,Milliken,130,Milliken (130),D42,640594.8393,4855203.8827
3061,5326663,1023204,2/3/2008 10:00:00 AM,343,STEELES AVE E,MARKHAM RD,,Major Arterial,Scarborough,43.836545,-79.25119,At Intersection,Traffic Signal,Clear,Dark,Dry,Non-Fatal Injury,Angle,Driver,35 to 39,Minor,,West,"Automobile, Station Wagon",Going Ahead,Driving Properly,Normal,,,,,,,,,Yes,,,,,Yes,,Yes,Yes,Yes,,130,Milliken,130,Milliken (130),D42,640594.8393,4855203.8827
3062,5326664,1023204,2/3/2008 10:00:00 AM,343,STEELES AVE E,MARKHAM RD,,Major Arterial,Scarborough,43.836545,-79.25119,At Intersection,Traffic Signal,Clear,Dark,Dry,Non-Fatal Injury,Angle,Driver,15 to 19,None,,South,"Automobile, Station Wagon",Going Ahead,Disobeyed Traffic Control,"Ability Impaired, Alcohol Over .08",,,,,,,,,Yes,,,,,Yes,,Yes,Yes,Yes,,130,Milliken,130,Milliken (130),D42,640594.8393,4855203.8827
3063,5321604,1020755,2/3/2008 10:00:00 AM,1520,KENNEDY RD,BRIGSTOCK RD,,Major Arterial,Scarborough,43.762345,-79.27989,,No Control,Clear,Daylight,Wet,Non-Fatal Injury,Approaching,Vehicle Owner,unknown,,,,Other,,,,,,,,,,,,Yes,,,,,Yes,Yes,Yes,,,,126,Dorset Park,126,Dorset Park (126),D41,638458.784,4846914.3906
3064,5321605,1020755,2/3/2008 10:00:00 AM,1520,KENNEDY RD,BRIGSTOCK RD,,Major Arterial,Scarborough,43.762345,-79.27989,,No Control,Clear,Daylight,Wet,Non-Fatal Injury,Approaching,Driver,50 to 54,Major,,South,"Automobile, Station Wagon",Going Ahead,Driving Properly,Normal,,,,,,,,,Yes,,,,,Yes,Yes,Yes,,,,126,Dorset Park,126,Dorset Park (126),D41,638458.784,4846914.3906
3065,5321606,1020755,2/3/2008 10:00:00 AM,1520,KENNEDY RD,BRIGSTOCK RD,,Major Arterial,Scarborough,43.762345,-79.27989,,No Control,Clear,Daylight,Wet,Non-Fatal Injury,Approaching,Passenger,20 to 24,Minimal,,,Other,,,,,,,,,,,,Yes,,,,,Yes,Yes,Yes,,,,126,Dorset Park,126,Dorset Park (126),D41,638458.784,4846914.3906
3066,5321607,1020755,2/3/2008 10:00:00 AM,1520,KENNEDY RD,BRIGSTOCK RD,,Major Arterial,Scarborough,43.762345,-79.27989,,No Control,Clear,Daylight,Wet,Non-Fatal Injury,Approaching,Passenger,20 to 24,Minimal,,,Other,,,,,,,,,,,,Yes,,,,,Yes,Yes,Yes,,,,126,Dorset Park,126,Dorset Park (126),D41,638458.784,4846914.3906
3067,5321608,1020755,2/3/2008 10:00:00 AM,1520,KENNEDY RD,BRIGSTOCK RD,,Major Arterial,Scarborough,43.762345,-79.27989,,No Control,Clear,Daylight,Wet,Non-Fatal Injury,Approaching,Vehicle Owner,unknown,,,,Other,,,,,,,,,,,,Yes,,,,,Yes,Yes,Yes,,,,126,Dorset Park,126,Dorset Park (126),D41,638458.784,4846914.3906
3068,5321609,1020755,2/3/2008 10:00:00 AM,1520,KENNEDY RD,BRIGSTOCK RD,,Major Arterial,Scarborough,43.762345,-79.27989,,No Control,Clear,Daylight,Wet,Non-Fatal Injury,Approaching,Driver,20 to 24,None,,North,"Automobile, Station Wagon",Going Ahead,Speed too Fast For Condition,Normal,,,,,,,,,Yes,,,,,Yes,Yes,Yes,,,,126,Dorset Park,126,Dorset Park (126),D41,638458.784,4846914.3906
3069,5318177,1019180,2/4/2008 10:00:00 AM,1245,O CONNOR DR,WOODBINE AVE,,Major Arterial,Toronto and East York,43.700148,-79.319026,At Intersection,Traffic Signal,Clear,Daylight,Dry,Non-Fatal Injury,Other,Passenger,55 to 59,None,,,Other,,,,,,,,,,,,Yes,,,,,Yes,,,,,,60,Woodbine-Lumsden,60,Woodbine-Lumsden (60),D55,635448.6706,4839941.8079
3070,5318178,1019180,2/4/2008 10:00:00 AM,1245,O CONNOR DR,WOODBINE AVE,,Major Arterial,Toronto and East York,43.700148,-79.319026,At Intersection,Traffic Signal,Clear,Daylight,Dry,Non-Fatal Injury,Other,Passenger,85 to 89,Major,,,Other,,,,,,,,,,,,Yes,,,,,Yes,,,,,,60,Woodbine-Lumsden,60,Woodbine-Lumsden (60),D55,635448.6706,4839941.8079
3071,5318179,1019180,2/4/2008 10:00:00 AM,1245,O CONNOR DR,WOODBINE AVE,,Major Arterial,Toronto and East York,43.700148,-79.319026,At Intersection,Traffic Signal,Clear,Daylight,Dry,Non-Fatal Injury,Other,Vehicle Owner,unknown,,,,Other,,,,,,,,,,,,Yes,,,,,Yes,,,,,,60,Woodbine-Lumsden,60,Woodbine-Lumsden (60),D55,635448.6706,4839941.8079
3072,5318180,1019180,2/4/2008 10:00:00 AM,1245,O CONNOR DR,WOODBINE AVE,,Major Arterial,Toronto and East York,43.700148,-79.319026,At Intersection,Traffic Signal,Clear,Daylight,Dry,Non-Fatal Injury,Other,Driver,45 to 49,None,,West,"Automobile, Station Wagon",Slowing or Stopping,Driving Properly,Normal,,,,,,,,,Yes,,,,,Yes,,,,,,60,Woodbine-Lumsden,60,Woodbine-Lumsden (60),D55,635448.6706,4839941.8079
3073,5333499,1026352,2/4/2008 10:00:00 AM,2250,KIPLING AVE,NEW TORONTO ST,,Major Arterial,Etobicoke York,43.604445,-79.51949,,No Control,Clear,Dark,Loose Snow,Non-Fatal Injury,Angle,Passenger,35 to 39,Minor,,,Other,,,,,,,,,,,,Yes,,,,,Yes,,Yes,,,,18,New Toronto,18,New Toronto (18),D22,619485.2689,4829004.7948
3074,5333500,1026352,2/4/2008 10:00:00 AM,2250,KIPLING AVE,NEW TORONTO ST,,Major Arterial,Etobicoke York,43.604445,-79.51949,,No Control,Clear,Dark,Loose Snow,Non-Fatal Injury,Angle,Driver,40 to 44,None,,North,"Automobile, Station Wagon",Going Ahead,Lost control,Inattentive,,,,,,,,,Yes,,,,,Yes,,Yes,,,,18,New Toronto,18,New Toronto (18),D22,619485.2689,4829004.7948
3075,5333501,1026352,2/4/2008 10:00:00 AM,2250,KIPLING AVE,NEW TORONTO ST,,Major Arterial,Etobicoke York,43.604445,-79.51949,,No Control,Clear,Dark,Loose Snow,Non-Fatal Injury,Angle,Driver,15 to 19,None,,North,"Automobile, Station Wagon",Going Ahead,Following too Close,Normal,,,,,,,,,Yes,,,,,Yes,,Yes,,,,18,New Toronto,18,New Toronto (18),D22,619485.2689,4829004.7948
3076,5333502,1026352,2/4/2008 10:00:00 AM,2250,KIPLING AVE,NEW TORONTO ST,,Major Arterial,Etobicoke York,43.604445,-79.51949,,No Control,Clear,Dark,Loose Snow,Non-Fatal Injury,Angle,Passenger,15 to 19,Major,,,Other,,,,,,,,,,,,Yes,,,,,Yes,,Yes,,,,18,New Toronto,18,New Toronto (18),D22,619485.2689,4829004.7948
3077,5333503,1026352,2/4/2008 10:00:00 AM,2250,KIPLING AVE,NEW TORONTO ST,,Major Arterial,Etobicoke York,43.604445,-79.51949,,No Control,Clear,Dark,Loose Snow,Non-Fatal Injury,Angle,Driver,20 to 24,Major,,North,"Automobile, Station Wagon",Going Ahead,Lost control,Normal,,,,,,,,,Yes,,,,,Yes,,Yes,,,,18,New Toronto,18,New Toronto (18),D22,619485.2689,4829004.7948
3078,5321732,1020812,2/5/2008 10:00:00 AM,1651,KIPLING AVE,EGLINTON AVE W,,Major Arterial,Etobicoke York,43.678645,-79.55159,,No Control,Clear,Dusk,Dry,Non-Fatal Injury,Rear End,Driver,70 to 74,Major,,South,"Automobile, Station Wagon",Slowing or Stopping,Driving Properly,Normal,,,,,,,,,Yes,,,,,Yes,,Yes,,,,7,Willowridge-Martingrove-Richview,7,Willowridge-Martingrove-Richview (7),D23,616750.7969,4837199.9564
3079,5321733,1020812,2/5/2008 10:00:00 AM,1651,KIPLING AVE,EGLINTON AVE W,,Major Arterial,Etobicoke York,43.678645,-79.55159,,No Control,Clear,Dusk,Dry,Non-Fatal Injury,Rear End,Passenger,50 to 54,Minimal,,,Other,,,,,,,,,,,,Yes,,,,,Yes,,Yes,,,,7,Willowridge-Martingrove-Richview,7,Willowridge-Martingrove-Richview (7),D23,616750.7969,4837199.9564
3080,5321734,1020812,2/5/2008 10:00:00 AM,1651,KIPLING AVE,EGLINTON AVE W,,Major Arterial,Etobicoke York,43.678645,-79.55159,,No Control,Clear,Dusk,Dry,Non-Fatal Injury,Rear End,Driver,30 to 34,Minimal,,South,"Automobile, Station Wagon",Going Ahead,Following too Close,Normal,,,,,,,,,Yes,,,,,Yes,,Yes,,,,7,Willowridge-Martingrove-Richview,7,Willowridge-Martingrove-Richview (7),D23,616750.7969,4837199.9564
3081,5325760,1022763,2/5/2008 10:00:00 AM,2337,3559 EGLINTON AVE W,,,Major Arterial,Etobicoke York,43.686245,-79.49239,,No Control,Freezing Rain,Dark,Slush,Non-Fatal Injury,Turning Movement,Vehicle Owner,unknown,,,,Other,,,,,,,,,,,,Yes,,,,,,,Yes,,,,115,Mount Dennis,115,Mount Dennis (115),D12,621507.3787,4838129.0697
3082,5325761,1022763,2/5/2008 10:00:00 AM,2337,3559 EGLINTON AVE W,,,Major Arterial,Etobicoke York,43.686245,-79.49239,,No Control,Freezing Rain,Dark,Slush,Non-Fatal Injury,Turning Movement,Driver,40 to 44,Major,,East,"Automobile, Station Wagon",Going Ahead,Driving Properly,Normal,,,,,,,,,Yes,,,,,,,Yes,,,,115,Mount Dennis,115,Mount Dennis (115),D12,621507.3787,4838129.0697
3083,5325762,1022763,2/5/2008 10:00:00 AM,2337,3559 EGLINTON AVE W,,,Major Arterial,Etobicoke York,43.686245,-79.49239,,No Control,Freezing Rain,Dark,Slush,Non-Fatal Injury,Turning Movement,Driver,25 to 29,Minimal,,West,"Automobile, Station Wagon",Turning Left,Failed to Yield Right of Way,Normal,,,,,,,,,Yes,,,,,,,Yes,,,,115,Mount Dennis,115,Mount Dennis (115),D12,621507.3787,4838129.0697
3084,5319394,1019756,2/8/2008 10:00:00 AM,1749,WILSON AVE,ALLINGHAM GDNS,,Major Arterial,North York,43.735545,-79.44269,At Intersection,Traffic Signal,Rain,Daylight,Wet,Fatal,Pedestrian Collisions,Passenger,25 to 29,None,,,Other,,,,,,,,,,Yes,,Yes,,,,,Yes,,,,,,33,Clanton Park,33,Clanton Park (33),D32,625410.1718,4843678.5457
3085,5319395,1019756,2/8/2008 10:00:00 AM,1749,WILSON AVE,ALLINGHAM GDNS,,Major Arterial,North York,43.735545,-79.44269,At Intersection,Traffic Signal,Rain,Daylight,Wet,Fatal,Pedestrian Collisions,Vehicle Owner,unknown,,,,Other,,,,,,,,,,Yes,,Yes,,,,,Yes,,,,,,33,Clanton Park,33,Clanton Park (33),D32,625410.1718,4843678.5457