OBJECTID,INDEX,ACCNUM,DATE,TIME,STREET1,STREET2,OFFSET,ROAD_CLASS,DISTRICT,LATITUDE,LONGITUDE,ACCLOC,TRAFFCTL,VISIBILITY,LIGHT,RDSFCOND,ACCLASS,IMPACTYPE,INVTYPE,INVAGE,INJURY,FATAL_NO,INITDIR,VEHTYPE,MANOEUVER,DRIVACT,DRIVCOND,PEDTYPE,PEDACT,PEDCOND,CYCLISTYPE,CYCACT,CYCCOND,PEDESTRIAN,CYCLIST,AUTOMOBILE,MOTORCYCLE,TRUCK,TRSN_CITY_VEH,EMERG_VEH,PASSENGER,SPEEDING,AG_DRIV,REDLIGHT,ALCOHOL,DISABILITY,HOOD_158,NEIGHBOURHOOD_158,HOOD_140,NEIGHBOURHOOD_140,DIVISION,x,y
3086,5319396,1019756,2/8/2008 10:00:00 AM,1749,WILSON AVE,ALLINGHAM GDNS,,Major Arterial,North York,43.735545,-79.44269,At Intersection,Traffic Signal,Rain,Daylight,Wet,Fatal,Pedestrian Collisions,Driver,20 to 24,None,,West,"Automobile, Station Wagon",Going Ahead,Driving Properly,Normal,,,,,,,Yes,,Yes,,,,,Yes,,,,,,33,Clanton Park,33,Clanton Park (33),D32,625410.1718,4843678.5457
3087,5319397,1019756,2/8/2008 10:00:00 AM,1749,WILSON AVE,ALLINGHAM GDNS,,Major Arterial,North York,43.735545,-79.44269,At Intersection,Traffic Signal,Rain,Daylight,Wet,Fatal,Pedestrian Collisions,Pedestrian,20 to 24,Fatal,7,South,Other,,,,Vehicle is going straight thru inter.while ped cross without ROW,Crossing without right of way,"Ability Impaired, Alcohol",,,,Yes,,Yes,,,,,Yes,,,,,,33,Clanton Park,33,Clanton Park (33),D32,625410.1718,4843678.5457
3088,5328686,1024139,2/11/2008 10:00:00 AM,1239,OAKWOOD AVE,ST CLAIR AVE W,,Minor Arterial,Toronto and East York,43.679945,-79.43579,,No Control,Clear,Daylight,Wet,Non-Fatal Injury,Pedestrian Collisions,Driver,75 to 79,None,,North,"Automobile, Station Wagon",Going Ahead,Driving Properly,Normal,,,,,,,Yes,,Yes,,,,,,,,,,,94,Wychwood,94,Wychwood (94),D13,626082.352,4837513.8536
3089,5328687,1024139,2/11/2008 10:00:00 AM,1239,OAKWOOD AVE,ST CLAIR AVE W,,Minor Arterial,Toronto and East York,43.679945,-79.43579,,No Control,Clear,Daylight,Wet,Non-Fatal Injury,Pedestrian Collisions,Pedestrian,40 to 44,Major,,,Other,,,,Pedestrian hit at mid-block,Running onto Roadway,Inattentive,,,,Yes,,Yes,,,,,,,,,,,94,Wychwood,94,Wychwood (94),D13,626082.352,4837513.8536
3090,5328938,1024249,2/11/2008 10:00:00 AM,1509,EGLINTON AVE E,PHARMACY AVE,,Major Arterial,Scarborough,43.725645,-79.29749,At Intersection,Traffic Signal,Clear,Daylight,Wet,Non-Fatal Injury,Turning Movement,Driver,45 to 49,Minor,,East,"Automobile, Station Wagon",Turning Left,Driving Properly,Normal,,,,,,,,,Yes,,,,,,,Yes,Yes,,,120,Clairlea-Birchmount,120,Clairlea-Birchmount (120),D41,637125.8419,4842809.0285
3091,5328939,1024249,2/11/2008 10:00:00 AM,1509,EGLINTON AVE E,PHARMACY AVE,,Major Arterial,Scarborough,43.725645,-79.29749,At Intersection,Traffic Signal,Clear,Daylight,Wet,Non-Fatal Injury,Turning Movement,Driver,50 to 54,None,,South,"Automobile, Station Wagon",Stopped,Driving Properly,Normal,,,,,,,,,Yes,,,,,,,Yes,Yes,,,120,Clairlea-Birchmount,120,Clairlea-Birchmount (120),D41,637125.8419,4842809.0285
3092,5328940,1024249,2/11/2008 10:00:00 AM,1509,EGLINTON AVE E,PHARMACY AVE,,Major Arterial,Scarborough,43.725645,-79.29749,At Intersection,Traffic Signal,Clear,Daylight,Wet,Non-Fatal Injury,Turning Movement,Driver,35 to 39,Major,,West,"Automobile, Station Wagon",Going Ahead,Disobeyed Traffic Control,Normal,,,,,,,,,Yes,,,,,,,Yes,Yes,,,120,Clairlea-Birchmount,120,Clairlea-Birchmount (120),D41,637125.8419,4842809.0285
3093,5329228,1024408,2/15/2008 10:00:00 AM,1900,WARDEN AVE,BOWATER DR,,Major Arterial,Scarborough,43.780945,-79.30899,,No Control,Clear,Dark,Dry,Non-Fatal Injury,Pedestrian Collisions,Driver,unknown,None,,South,"Automobile, Station Wagon",Going Ahead,Driving Properly,Unknown,,,,,,,Yes,,Yes,,,,,,,,,,,118,Tam O'Shanter-Sullivan,118,Tam O'Shanter-Sullivan (118),D42,636074.1884,4848931.9655
3094,5329229,1024408,2/15/2008 10:00:00 AM,1900,WARDEN AVE,BOWATER DR,,Major Arterial,Scarborough,43.780945,-79.30899,,No Control,Clear,Dark,Dry,Non-Fatal Injury,Pedestrian Collisions,Pedestrian,60 to 64,Major,,West,Other,,,,Vehicle is going straight thru inter.while ped cross without ROW,"Crossing, no Traffic Control",Unknown,,,,Yes,,Yes,,,,,,,,,,,118,Tam O'Shanter-Sullivan,118,Tam O'Shanter-Sullivan (118),D42,636074.1884,4848931.9655
3095,5323863,1021860,2/17/2008 10:00:00 AM,215,1601 LAKE SHORE BLVD W,,,Major Arterial,Toronto and East York,43.636945,-79.44689,,No Control,Clear,Dark,Dry,Non-Fatal Injury,Pedestrian Collisions,Vehicle Owner,unknown,,,,Other,,,,,,,,,,Yes,,Yes,,,,,,,,,,,85,South Parkdale,85,South Parkdale (85),D11,625277.0258,4832721.3268
3096,5323864,1021860,2/17/2008 10:00:00 AM,215,1601 LAKE SHORE BLVD W,,,Major Arterial,Toronto and East York,43.636945,-79.44689,,No Control,Clear,Dark,Dry,Non-Fatal Injury,Pedestrian Collisions,Driver,20 to 24,Minor,,East,"Automobile, Station Wagon",Going Ahead,Lost control,Unknown,,,,,,,Yes,,Yes,,,,,,,,,,,85,South Parkdale,85,South Parkdale (85),D11,625277.0258,4832721.3268
3097,5323865,1021860,2/17/2008 10:00:00 AM,215,1601 LAKE SHORE BLVD W,,,Major Arterial,Toronto and East York,43.636945,-79.44689,,No Control,Clear,Dark,Dry,Non-Fatal Injury,Pedestrian Collisions,Other,30 to 34,None,,North,"Automobile, Station Wagon",Parked,,,,,,,,,Yes,,Yes,,,,,,,,,,,85,South Parkdale,85,South Parkdale (85),D11,625277.0258,4832721.3268
3098,5323866,1021860,2/17/2008 10:00:00 AM,215,1601 LAKE SHORE BLVD W,,,Major Arterial,Toronto and East York,43.636945,-79.44689,,No Control,Clear,Dark,Dry,Non-Fatal Injury,Pedestrian Collisions,Vehicle Owner,unknown,,,,Other,,,,,,,,,,Yes,,Yes,,,,,,,,,,,85,South Parkdale,85,South Parkdale (85),D11,625277.0258,4832721.3268
3099,5323867,1021860,2/17/2008 10:00:00 AM,215,1601 LAKE SHORE BLVD W,,,Major Arterial,Toronto and East York,43.636945,-79.44689,,No Control,Clear,Dark,Dry,Non-Fatal Injury,Pedestrian Collisions,Pedestrian,25 to 29,Minor,,,Other,,,,Pedestrian hit on sidewalk or shoulder,On Sidewalk or Shoulder,Inattentive,,,,Yes,,Yes,,,,,,,,,,,85,South Parkdale,85,South Parkdale (85),D11,625277.0258,4832721.3268
3100,5323868,1021860,2/17/2008 10:00:00 AM,215,1601 LAKE SHORE BLVD W,,,Major Arterial,Toronto and East York,43.636945,-79.44689,,No Control,Clear,Dark,Dry,Non-Fatal Injury,Pedestrian Collisions,Pedestrian,25 to 29,Major,,,Other,,,,Pedestrian hit on sidewalk or shoulder,On Sidewalk or Shoulder,Inattentive,,,,Yes,,Yes,,,,,,,,,,,85,South Parkdale,85,South Parkdale (85),D11,625277.0258,4832721.3268
3101,5323869,1021860,2/17/2008 10:00:00 AM,215,1601 LAKE SHORE BLVD W,,,Major Arterial,Toronto and East York,43.636945,-79.44689,,No Control,Clear,Dark,Dry,Non-Fatal Injury,Pedestrian Collisions,Pedestrian,40 to 44,Major,,,Other,,,,Pedestrian hit on sidewalk or shoulder,On Sidewalk or Shoulder,Inattentive,,,,Yes,,Yes,,,,,,,,,,,85,South Parkdale,85,South Parkdale (85),D11,625277.0258,4832721.3268
3102,5323837,1021846,2/17/2008 10:00:00 AM,1058,910 MARKHAM Rd,PAINTED POST Driv,,Major Arterial,Scarborough,43.769045,-79.22899,,No Control,Rain,Daylight,Wet,Non-Fatal Injury,Approaching,Driver,65 to 69,Major,,South,"Automobile, Station Wagon",Going Ahead,Driving Properly,Normal,,,,,,,,,Yes,,,,,Yes,,,,Yes,,142,Woburn North,137,Woburn (137),D43,642540.0693,4847744.8938
3103,5323838,1021846,2/17/2008 10:00:00 AM,1058,910 MARKHAM Rd,PAINTED POST Driv,,Major Arterial,Scarborough,43.769045,-79.22899,,No Control,Rain,Daylight,Wet,Non-Fatal Injury,Approaching,Passenger,20 to 24,Minimal,,,Other,,,,,,,,,,,,Yes,,,,,Yes,,,,Yes,,142,Woburn North,137,Woburn (137),D43,642540.0693,4847744.8938
3104,5323839,1021846,2/17/2008 10:00:00 AM,1058,910 MARKHAM Rd,PAINTED POST Driv,,Major Arterial,Scarborough,43.769045,-79.22899,,No Control,Rain,Daylight,Wet,Non-Fatal Injury,Approaching,Vehicle Owner,unknown,,,,Other,,,,,,,,,,,,Yes,,,,,Yes,,,,Yes,,142,Woburn North,137,Woburn (137),D43,642540.0693,4847744.8938
3105,5323840,1021846,2/17/2008 10:00:00 AM,1058,910 MARKHAM Rd,PAINTED POST Driv,,Major Arterial,Scarborough,43.769045,-79.22899,,No Control,Rain,Daylight,Wet,Non-Fatal Injury,Approaching,Driver,25 to 29,Minimal,,North,"Automobile, Station Wagon",Going Ahead,Lost control,"Ability Impaired, Alcohol",,,,,,,,,Yes,,,,,Yes,,,,Yes,,142,Woburn North,137,Woburn (137),D43,642540.0693,4847744.8938
3106,5331655,1025521,2/18/2008 10:00:00 AM,103,LAKE SHORE BLVD W,THIRTY FIFTH ST,,Major Arterial,Etobicoke York,43.594245,-79.53449,,No Control,Rain,Dark,Wet,Non-Fatal Injury,SMV Other,Driver,60 to 64,Major,,East,"Automobile, Station Wagon",Other,Lost control,"Ability Impaired, Alcohol Over .08",,,,,,,,,Yes,,,,,,Yes,Yes,,Yes,,19,Long Branch,19,Long Branch (19),D22,618294.6626,4827850.495
3107,5332460,1025897,2/20/2008 10:00:00 AM,905,ONTARIO ST,RICHMOND ST E,,Local,Toronto and East York,43.654245,-79.36689,At Intersection,No Control,Clear,Daylight,Ice,Non-Fatal Injury,Pedestrian Collisions,Driver,50 to 54,None,,South,"Automobile, Station Wagon",Reversing,Failed to Yield Right of Way,Normal,,,,,,,Yes,,Yes,,,,,,,Yes,,,,73,Moss Park,73,Moss Park (73),D51,631692.2482,4834766.5697
3108,5332461,1025897,2/20/2008 10:00:00 AM,905,ONTARIO ST,RICHMOND ST E,,Local,Toronto and East York,43.654245,-79.36689,At Intersection,No Control,Clear,Daylight,Ice,Non-Fatal Injury,Pedestrian Collisions,Pedestrian,25 to 29,Major,,East,Other,,,,Vehicle is reversing and hits pedestrian,"Crossing, no Traffic Control",Normal,,,,Yes,,Yes,,,,,,,Yes,,,,73,Moss Park,73,Moss Park (73),D51,631692.2482,4834766.5697
3109,5332866,1026057,2/23/2008 10:00:00 AM,940,DON MILLS RD,SENECA HILL DR,,Major Arterial,North York,43.790245,-79.35419,At Intersection,Traffic Signal,Clear,Daylight,Dry,Non-Fatal Injury,Angle,Passenger,15 to 19,Minimal,,,Other,,,,,,,,,,,,Yes,,,,,Yes,,Yes,Yes,,,47,Don Valley Village,47,Don Valley Village (47),D33,632416.4086,4849891.5729
3110,5332867,1026057,2/23/2008 10:00:00 AM,940,DON MILLS RD,SENECA HILL DR,,Major Arterial,North York,43.790245,-79.35419,At Intersection,Traffic Signal,Clear,Daylight,Dry,Non-Fatal Injury,Angle,Passenger,50 to 54,Minimal,,,Other,,,,,,,,,,,,Yes,,,,,Yes,,Yes,Yes,,,47,Don Valley Village,47,Don Valley Village (47),D33,632416.4086,4849891.5729
3111,5332868,1026057,2/23/2008 10:00:00 AM,940,DON MILLS RD,SENECA HILL DR,,Major Arterial,North York,43.790245,-79.35419,At Intersection,Traffic Signal,Clear,Daylight,Dry,Non-Fatal Injury,Angle,Driver,45 to 49,Major,,East,"Automobile, Station Wagon",Going Ahead,Driving Properly,Normal,,,,,,,,,Yes,,,,,Yes,,Yes,Yes,,,47,Don Valley Village,47,Don Valley Village (47),D33,632416.4086,4849891.5729
3112,5332869,1026057,2/23/2008 10:00:00 AM,940,DON MILLS RD,SENECA HILL DR,,Major Arterial,North York,43.790245,-79.35419,At Intersection,Traffic Signal,Clear,Daylight,Dry,Non-Fatal Injury,Angle,Driver,35 to 39,Minor,,South,"Automobile, Station Wagon",Going Ahead,Disobeyed Traffic Control,Normal,,,,,,,,,Yes,,,,,Yes,,Yes,Yes,,,47,Don Valley Village,47,Don Valley Village (47),D33,632416.4086,4849891.5729
3113,5332810,1026032,2/24/2008 10:00:00 AM,1245,DIXON RD,MARTIN GROVE RD,,Major Arterial,Etobicoke York,43.691545,-79.57079,At Intersection,Traffic Signal,Clear,Daylight,Dry,Non-Fatal Injury,Angle,Driver,40 to 44,None,,East,"Automobile, Station Wagon",Going Ahead,Disobeyed Traffic Control,Normal,,,,,,,,,Yes,,,,,Yes,,Yes,Yes,,,1,West Humber-Clairville,1,West Humber-Clairville (1),D23,615178.4575,4838605.8266
3114,5332811,1026032,2/24/2008 10:00:00 AM,1245,DIXON RD,MARTIN GROVE RD,,Major Arterial,Etobicoke York,43.691545,-79.57079,At Intersection,Traffic Signal,Clear,Daylight,Dry,Non-Fatal Injury,Angle,Passenger,60 to 64,Minor,,,Other,,,,,,,,,,,,Yes,,,,,Yes,,Yes,Yes,,,1,West Humber-Clairville,1,West Humber-Clairville (1),D23,615178.4575,4838605.8266
3115,5332812,1026032,2/24/2008 10:00:00 AM,1245,DIXON RD,MARTIN GROVE RD,,Major Arterial,Etobicoke York,43.691545,-79.57079,At Intersection,Traffic Signal,Clear,Daylight,Dry,Non-Fatal Injury,Angle,Driver,65 to 69,Major,,North,"Automobile, Station Wagon",Going Ahead,Driving Properly,Normal,,,,,,,,,Yes,,,,,Yes,,Yes,Yes,,,1,West Humber-Clairville,1,West Humber-Clairville (1),D23,615178.4575,4838605.8266
3116,5326613,1023187,2/24/2008 10:00:00 AM,2132,BATHURST ST,CARPENTER RD,,Major Arterial,North York,43.788245,-79.44669,,No Control,Clear,Dark,Dry,Fatal,Approaching,Passenger,60 to 64,Minor,,,Other,,,,,,,,,,,,Yes,,,,,Yes,,,,Yes,,35,Westminster-Branson,35,Westminster-Branson (35),D32,624978.2688,4849525.6226
3117,5326614,1023187,2/24/2008 10:00:00 AM,2132,BATHURST ST,CARPENTER RD,,Major Arterial,North York,43.788245,-79.44669,,No Control,Clear,Dark,Dry,Fatal,Approaching,Driver,65 to 69,Minor,,North,"Automobile, Station Wagon",Going Ahead,Driving Properly,Normal,,,,,,,,,Yes,,,,,Yes,,,,Yes,,35,Westminster-Branson,35,Westminster-Branson (35),D32,624978.2688,4849525.6226
3118,5326615,1023187,2/24/2008 10:00:00 AM,2132,BATHURST ST,CARPENTER RD,,Major Arterial,North York,43.788245,-79.44669,,No Control,Clear,Dark,Dry,Fatal,Approaching,Passenger,15 to 19,Fatal,8,,Other,,,,,,,,,,,,Yes,,,,,Yes,,,,Yes,,35,Westminster-Branson,35,Westminster-Branson (35),D32,624978.2688,4849525.6226
3119,5326616,1023187,2/24/2008 10:00:00 AM,2132,BATHURST ST,CARPENTER RD,,Major Arterial,North York,43.788245,-79.44669,,No Control,Clear,Dark,Dry,Fatal,Approaching,Passenger,15 to 19,Minor,,,Other,,,,,,,,,,,,Yes,,,,,Yes,,,,Yes,,35,Westminster-Branson,35,Westminster-Branson (35),D32,624978.2688,4849525.6226
3120,5326617,1023187,2/24/2008 10:00:00 AM,2132,BATHURST ST,CARPENTER RD,,Major Arterial,North York,43.788245,-79.44669,,No Control,Clear,Dark,Dry,Fatal,Approaching,Passenger,15 to 19,Minor,,,Other,,,,,,,,,,,,Yes,,,,,Yes,,,,Yes,,35,Westminster-Branson,35,Westminster-Branson (35),D32,624978.2688,4849525.6226
3121,5326618,1023187,2/24/2008 10:00:00 AM,2132,BATHURST ST,CARPENTER RD,,Major Arterial,North York,43.788245,-79.44669,,No Control,Clear,Dark,Dry,Fatal,Approaching,Driver,15 to 19,Minor,,South,"Automobile, Station Wagon",Going Ahead,Lost control,"Ability Impaired, Alcohol Over .08",,,,,,,,,Yes,,,,,Yes,,,,Yes,,35,Westminster-Branson,35,Westminster-Branson (35),D32,624978.2688,4849525.6226
3122,5328394,1024000,2/26/2008 10:00:00 AM,1651,JANE ST,BLACK CR N JANE RAMP ST,,Major Arterial,Etobicoke York,43.715145,-79.50709,,No Control,Snow,Dark,Wet,Non-Fatal Injury,Pedestrian Collisions,Vehicle Owner,unknown,,,,Other,,,,,,,,,,Yes,,Yes,,,,,,,Yes,,,,28,Rustic,28,Rustic (28),D12,620264.8124,4841317.3784
3123,5328395,1024000,2/26/2008 10:00:00 AM,1651,JANE ST,BLACK CR N JANE RAMP ST,,Major Arterial,Etobicoke York,43.715145,-79.50709,,No Control,Snow,Dark,Wet,Non-Fatal Injury,Pedestrian Collisions,Driver,35 to 39,None,,South,"Automobile, Station Wagon",Going Ahead,Failed to Yield Right of Way,Inattentive,,,,,,,Yes,,Yes,,,,,,,Yes,,,,28,Rustic,28,Rustic (28),D12,620264.8124,4841317.3784
3124,5328396,1024000,2/26/2008 10:00:00 AM,1651,JANE ST,BLACK CR N JANE RAMP ST,,Major Arterial,Etobicoke York,43.715145,-79.50709,,No Control,Snow,Dark,Wet,Non-Fatal Injury,Pedestrian Collisions,Pedestrian,0 to 4,Major,,,Other,,,,Other / Undefined,Person Getting on/off Vehicle,Normal,,,,Yes,,Yes,,,,,,,Yes,,,,28,Rustic,28,Rustic (28),D12,620264.8124,4841317.3784
3125,5333191,1026199,2/26/2008 10:00:00 AM,2040,HUMBER COLLEGE BLVD,HIGHWAY 27  S,,Major Arterial,Etobicoke York,43.730445,-79.60159,,Traffic Signal,Snow,Dark,Wet,Non-Fatal Injury,Rear End,Passenger,20 to 24,Major,,,Other,,,,,,,,,,,,Yes,,,,,Yes,Yes,Yes,,,,1,West Humber-Clairville,1,West Humber-Clairville (1),D23,612623.4219,4842883.8861
3126,5333192,1026199,2/26/2008 10:00:00 AM,2040,HUMBER COLLEGE BLVD,HIGHWAY 27  S,,Major Arterial,Etobicoke York,43.730445,-79.60159,,Traffic Signal,Snow,Dark,Wet,Non-Fatal Injury,Rear End,Driver,20 to 24,Minor,,East,"Automobile, Station Wagon",Stopped,Driving Properly,Normal,,,,,,,,,Yes,,,,,Yes,Yes,Yes,,,,1,West Humber-Clairville,1,West Humber-Clairville (1),D23,612623.4219,4842883.8861
3127,5333193,1026199,2/26/2008 10:00:00 AM,2040,HUMBER COLLEGE BLVD,HIGHWAY 27  S,,Major Arterial,Etobicoke York,43.730445,-79.60159,,Traffic Signal,Snow,Dark,Wet,Non-Fatal Injury,Rear End,Driver,30 to 34,None,,East,Other,Going Ahead,Speed too Fast For Condition,Inattentive,,,,,,,,,Yes,,,,,Yes,Yes,Yes,,,,1,West Humber-Clairville,1,West Humber-Clairville (1),D23,612623.4219,4842883.8861
3128,4510988,1026360,2/27/2008 10:00:00 AM,845,YORK MILLS RD,NESS DR,,Collector,North York,43.761745,-79.32289,,Pedestrian Crossover,Clear,Daylight,Wet,Non-Fatal Injury,Pedestrian Collisions,Driver,35 to 39,None,,East,"Automobile, Station Wagon",Going Ahead,Failed to Yield Right of Way,Inattentive,,,,,,,Yes,,Yes,,,,,,,Yes,,,,150,Fenside-Parkwoods,45,Parkwoods-Donalda (45),D33,634998.8481,4846776.7554
3129,4510989,1026360,2/27/2008 10:00:00 AM,845,YORK MILLS RD,NESS DR,,Collector,North York,43.761745,-79.32289,,Pedestrian Crossover,Clear,Daylight,Wet,Non-Fatal Injury,Pedestrian Collisions,Pedestrian,5 to 9,Major,,,Other,,,,Pedestrian hit a PXO/ped. Mid-block signal,"Crossing, Pedestrian Crossover",Normal,,,,Yes,,Yes,,,,,,,Yes,,,,150,Fenside-Parkwoods,45,Parkwoods-Donalda (45),D33,634998.8481,4846776.7554
3130,5335373,1027277,2/27/2008 10:00:00 AM,1432,DIXON RD,ISLINGTON AVE,,Major Arterial,Etobicoke York,43.697045,-79.54669,At Intersection,Traffic Signal,Clear,Daylight,Dry,Non-Fatal Injury,Rear End,Driver,50 to 54,Major,,West,"Automobile, Station Wagon",Stopped,Driving Properly,Normal,,,,,,,,,Yes,,,,,,,,,,,6,Kingsview Village-The Westway,6,Kingsview Village-The Westway (6),D23,617109.9585,4839250.4313
3131,5335374,1027277,2/27/2008 10:00:00 AM,1432,DIXON RD,ISLINGTON AVE,,Major Arterial,Etobicoke York,43.697045,-79.54669,At Intersection,Traffic Signal,Clear,Daylight,Dry,Non-Fatal Injury,Rear End,Driver,unknown,None,,West,"Automobile, Station Wagon",Going Ahead,Lost control,Unknown,,,,,,,,,Yes,,,,,,,,,,,6,Kingsview Village-The Westway,6,Kingsview Village-The Westway (6),D23,617109.9585,4839250.4313
3132,5328822,1024196,2/28/2008 10:00:00 AM,600,STEVENSON RD,PAMELA CRT,,Local,Etobicoke York,43.743345,-79.59299,,No Control,Clear,Dark,Dry,Non-Fatal Injury,Pedestrian Collisions,Driver,unknown,None,,South,"Automobile, Station Wagon",Going Ahead,Failed to Yield Right of Way,Unknown,,,,,,,Yes,,Yes,,,,,,,Yes,,,,2,Mount Olive-Silverstone-Jamestown,2,Mount Olive-Silverstone-Jamestown (2),D23,613291.7138,4844328.3379
3133,5328823,1024196,2/28/2008 10:00:00 AM,600,STEVENSON RD,PAMELA CRT,,Local,Etobicoke York,43.743345,-79.59299,,No Control,Clear,Dark,Dry,Non-Fatal Injury,Pedestrian Collisions,Pedestrian,45 to 49,Major,,East,Other,,,,Pedestrian hit at mid-block,Walking on Roadway with Traffic,Normal,,,,Yes,,Yes,,,,,,,Yes,,,,2,Mount Olive-Silverstone-Jamestown,2,Mount Olive-Silverstone-Jamestown (2),D23,613291.7138,4844328.3379
3134,5335447,1027306,2/28/2008 10:00:00 AM,1025,BIRCHMOUNT RD,STEELES AVE E,,Major Arterial,Scarborough,43.821345,-79.31689,At Intersection,Traffic Signal,Clear,Daylight,Dry,Fatal,Angle,Driver,60 to 64,Fatal,12,East,"Automobile, Station Wagon",Going Ahead,Driving Properly,Normal,,,,,,,,,Yes,,,,,,,Yes,Yes,,,116,Steeles,116,Steeles (116),D42,635347.2148,4853406.076
3135,5335448,1027306,2/28/2008 10:00:00 AM,1025,BIRCHMOUNT RD,STEELES AVE E,,Major Arterial,Scarborough,43.821345,-79.31689,At Intersection,Traffic Signal,Clear,Daylight,Dry,Fatal,Angle,Vehicle Owner,unknown,,,,,,,,,,,,,,,,Yes,,,,,,,Yes,Yes,,,116,Steeles,116,Steeles (116),D42,635347.2148,4853406.076
3136,5335449,1027306,2/28/2008 10:00:00 AM,1025,BIRCHMOUNT RD,STEELES AVE E,,Major Arterial,Scarborough,43.821345,-79.31689,At Intersection,Traffic Signal,Clear,Daylight,Dry,Fatal,Angle,Driver,60 to 64,Minor,,South,"Automobile, Station Wagon",Going Ahead,Disobeyed Traffic Control,Inattentive,,,,,,,,,Yes,,,,,,,Yes,Yes,,,116,Steeles,116,Steeles (116),D42,635347.2148,4853406.076
3137,5335378,1027279,2/28/2008 10:00:00 AM,1913,UNIVERSITY AVE,COLLEGE ST,,Major Arterial,Toronto and East York,43.659845,-79.39049,At Intersection,Traffic Signal,Clear,Dusk,Dry,Non-Fatal Injury,Pedestrian Collisions,Driver,25 to 29,None,,South,"Automobile, Station Wagon",Going Ahead,Driving Properly,Normal,,,,,,,Yes,,Yes,,,,,,,,,,,78,Kensington-Chinatown,78,Kensington-Chinatown (78),D52,629777.0849,4835351.3392
3138,5335379,1027279,2/28/2008 10:00:00 AM,1913,UNIVERSITY AVE,COLLEGE ST,,Major Arterial,Toronto and East York,43.659845,-79.39049,At Intersection,Traffic Signal,Clear,Dusk,Dry,Non-Fatal Injury,Pedestrian Collisions,Pedestrian,35 to 39,Major,,West,Other,,,,Vehicle is going straight thru inter.while ped cross without ROW,Crossing without right of way,Inattentive,,,,Yes,,Yes,,,,,,,,,,,78,Kensington-Chinatown,78,Kensington-Chinatown (78),D52,629777.0849,4835351.3392
3139,5329696,1024623,2/29/2008 10:00:00 AM,1530,WESTON RD,STARVIEW LANE,,Major Arterial,Etobicoke York,43.726445,-79.53559,,No Control,Snow,Daylight,Slush,Fatal,Approaching,Truck Driver,50 to 54,None,,South,Truck - Open,Going Ahead,Driving Properly,Normal,,,,,,,,,Yes,,Yes,,,Yes,Yes,Yes,,,,23,Pelmo Park-Humberlea,23,Pelmo Park-Humberlea (23),D31,617946.7369,4842531.4456
3140,5329697,1024623,2/29/2008 10:00:00 AM,1530,WESTON RD,STARVIEW LANE,,Major Arterial,Etobicoke York,43.726445,-79.53559,,No Control,Snow,Daylight,Slush,Fatal,Approaching,Passenger,30 to 34,Fatal,10,,Other,,,,,,,,,,,,Yes,,Yes,,,Yes,Yes,Yes,,,,23,Pelmo Park-Humberlea,23,Pelmo Park-Humberlea (23),D31,617946.7369,4842531.4456
3141,5329698,1024623,2/29/2008 10:00:00 AM,1530,WESTON RD,STARVIEW LANE,,Major Arterial,Etobicoke York,43.726445,-79.53559,,No Control,Snow,Daylight,Slush,Fatal,Approaching,Driver,55 to 59,Fatal,9,North,"Automobile, Station Wagon",Going Ahead,Speed too Fast For Condition,Normal,,,,,,,,,Yes,,Yes,,,Yes,Yes,Yes,,,,23,Pelmo Park-Humberlea,23,Pelmo Park-Humberlea (23),D31,617946.7369,4842531.4456
3142,5335553,1027349,3/1/2008 10:00:00 AM,1341,55 AVENUE RD,,,Major Arterial,Toronto and East York,43.671145,-79.39509,At Intersection,No Control,Clear,Daylight,Dry,Non-Fatal Injury,Pedestrian Collisions,Driver,25 to 29,None,,West,"Automobile, Station Wagon",Turning Left,Failed to Yield Right of Way,Normal,,,,,,,Yes,,Yes,,,,,,,Yes,,,,95,Annex,95,Annex (95),D53,629381.898,4836599.1703
3143,5335554,1027349,3/1/2008 10:00:00 AM,1341,55 AVENUE RD,,,Major Arterial,Toronto and East York,43.671145,-79.39509,At Intersection,No Control,Clear,Daylight,Dry,Non-Fatal Injury,Pedestrian Collisions,Pedestrian,15 to 19,Major,,West,Other,,,,Pedestrian hit at mid-block,"Crossing, no Traffic Control",Normal,,,,Yes,,Yes,,,,,,,Yes,,,,95,Annex,95,Annex (95),D53,629381.898,4836599.1703
3144,5338059,1028580,3/4/2008 10:00:00 AM,1230,2701 LAWRENCE AVE E,,,Major Arterial,Scarborough,43.752345,-79.26119,,No Control,Clear,Daylight,Dry,Non-Fatal Injury,Pedestrian Collisions,Vehicle Owner,unknown,,,,Other,,,,,,,,,,Yes,,Yes,,,,,,Yes,Yes,,,,156,Bendale-Glen Andrew,127,Bendale (127),D41,639987.3603,4845835.1733
3145,5338060,1028580,3/4/2008 10:00:00 AM,1230,2701 LAWRENCE AVE E,,,Major Arterial,Scarborough,43.752345,-79.26119,,No Control,Clear,Daylight,Dry,Non-Fatal Injury,Pedestrian Collisions,Driver,35 to 39,Minor,,West,"Automobile, Station Wagon",Turning Left,Driving Properly,Normal,,,,,,,Yes,,Yes,,,,,,Yes,Yes,,,,156,Bendale-Glen Andrew,127,Bendale (127),D41,639987.3603,4845835.1733
3146,5338061,1028580,3/4/2008 10:00:00 AM,1230,2701 LAWRENCE AVE E,,,Major Arterial,Scarborough,43.752345,-79.26119,,No Control,Clear,Daylight,Dry,Non-Fatal Injury,Pedestrian Collisions,Pedestrian,20 to 24,Major,,,Other,,,,Pedestrian hit on sidewalk or shoulder,On Sidewalk or Shoulder,Normal,,,,Yes,,Yes,,,,,,Yes,Yes,,,,156,Bendale-Glen Andrew,127,Bendale (127),D41,639987.3603,4845835.1733