OBJECTID,INDEX,ACCNUM,DATE,TIME,STREET1,STREET2,OFFSET,ROAD_CLASS,DISTRICT,LATITUDE,LONGITUDE,ACCLOC,TRAFFCTL,VISIBILITY,LIGHT,RDSFCOND,ACCLASS,IMPACTYPE,INVTYPE,INVAGE,INJURY,FATAL_NO,INITDIR,VEHTYPE,MANOEUVER,DRIVACT,DRIVCOND,PEDTYPE,PEDACT,PEDCOND,CYCLISTYPE,CYCACT,CYCCOND,PEDESTRIAN,CYCLIST,AUTOMOBILE,MOTORCYCLE,TRUCK,TRSN_CITY_VEH,EMERG_VEH,PASSENGER,SPEEDING,AG_DRIV,REDLIGHT,ALCOHOL,DISABILITY,HOOD_158,NEIGHBOURHOOD_158,HOOD_140,NEIGHBOURHOOD_140,DIVISION,x,y
3147,5338062,1028580,3/4/2008 10:00:00 AM,1230,2701 LAWRENCE AVE E,,,Major Arterial,Scarborough,43.752345,-79.26119,,No Control,Clear,Daylight,Dry,Non-Fatal Injury,Pedestrian Collisions,Driver,20 to 24,Minor,,East,"Automobile, Station Wagon",Going Ahead,Exceeding Speed Limit,Fatigue,,,,,,,Yes,,Yes,,,,,,Yes,Yes,,,,156,Bendale-Glen Andrew,127,Bendale (127),D41,639987.3603,4845835.1733
3148,5331837,1025610,3/4/2008 10:00:00 AM,1331,EGLINTON AVE W,SCARLETT RD,,Major Arterial,Etobicoke York,43.684545,-79.50809,At Intersection,No Control,Clear,Daylight,Dry,Non-Fatal Injury,SMV Other,Driver,70 to 74,Major,,East,"Automobile, Station Wagon",Going Ahead,Lost control,Medical or Physical Disability,,,,,,,,,Yes,,,,,,,,,,Yes,115,Mount Dennis,115,Mount Dennis (115),D12,620245.407,4837917.379
3149,5343445,1031031,3/6/2008 10:00:00 AM,1530,DUNDAS ST W,JANE ST,,Major Arterial,Toronto and East York,43.665745,-79.49119,At Intersection,Traffic Signal,Clear,Daylight,Dry,Non-Fatal Injury,Pedestrian Collisions,Driver,50 to 54,None,,North,"Automobile, Station Wagon",Turning Right,Driving Properly,Normal,,,,,,,Yes,,Yes,,,,,,,,,,,89,Runnymede-Bloor West Village,89,Runnymede-Bloor West Village (89),D11,621645.5091,4835854.0309
3150,5343446,1031031,3/6/2008 10:00:00 AM,1530,DUNDAS ST W,JANE ST,,Major Arterial,Toronto and East York,43.665745,-79.49119,At Intersection,Traffic Signal,Clear,Daylight,Dry,Non-Fatal Injury,Pedestrian Collisions,Pedestrian,15 to 19,Major,,North,Other,,,,Vehicle turns right while ped crosses without ROW at inter.,Crossing without right of way,Inattentive,,,,Yes,,Yes,,,,,,,,,,,89,Runnymede-Bloor West Village,89,Runnymede-Bloor West Village (89),D11,621645.5091,4835854.0309
3151,5333904,1026562,3/7/2008 10:00:00 AM,1700,CONSUMERS RD,YORKLAND BLVD,,Minor Arterial,North York,43.770945,-79.32479,,No Control,Snow,Daylight,Loose Snow,Non-Fatal Injury,Approaching,Driver,25 to 29,None,,West,"Automobile, Station Wagon",Going Ahead,Speed too Fast For Condition,Normal,,,,,,,,,Yes,,,,,,Yes,Yes,,,,53,Henry Farm,53,Henry Farm (53),D33,634825.2349,4847795.461
3152,5333905,1026562,3/7/2008 10:00:00 AM,1700,CONSUMERS RD,YORKLAND BLVD,,Minor Arterial,North York,43.770945,-79.32479,,No Control,Snow,Daylight,Loose Snow,Non-Fatal Injury,Approaching,Driver,50 to 54,Major,,East,"Automobile, Station Wagon",Going Ahead,Driving Properly,Normal,,,,,,,,,Yes,,,,,,Yes,Yes,,,,53,Henry Farm,53,Henry Farm (53),D33,634825.2349,4847795.461
3153,5334474,1026843,3/9/2008 9:00:00 AM,920,SCARLETT RD,RICHVIEW RD,,Major Arterial,Etobicoke York,43.685545,-79.51249,,Stop Sign,Clear,Daylight,Packed Snow,Fatal,Turning Movement,Passenger,60 to 64,Minor,,,Other,,,,,,,,,,,,Yes,,,,,Yes,,Yes,,,,8,Humber Heights-Westmount,8,Humber Heights-Westmount (8),D23,619888.7796,4838022.0724
3154,5334475,1026843,3/9/2008 9:00:00 AM,920,SCARLETT RD,RICHVIEW RD,,Major Arterial,Etobicoke York,43.685545,-79.51249,,Stop Sign,Clear,Daylight,Packed Snow,Fatal,Turning Movement,Driver,85 to 89,Fatal,11,East,"Automobile, Station Wagon",Turning Left,Failed to Yield Right of Way,Unknown,,,,,,,,,Yes,,,,,Yes,,Yes,,,,8,Humber Heights-Westmount,8,Humber Heights-Westmount (8),D23,619888.7796,4838022.0724
3155,5334476,1026843,3/9/2008 9:00:00 AM,920,SCARLETT RD,RICHVIEW RD,,Major Arterial,Etobicoke York,43.685545,-79.51249,,Stop Sign,Clear,Daylight,Packed Snow,Fatal,Turning Movement,Driver,70 to 74,Minor,,South,"Automobile, Station Wagon",Going Ahead,Driving Properly,Normal,,,,,,,,,Yes,,,,,Yes,,Yes,,,,8,Humber Heights-Westmount,8,Humber Heights-Westmount (8),D23,619888.7796,4838022.0724
3156,5334694,1026958,3/9/2008 9:00:00 AM,2253,SHEPPARD AVE W,JOHN DRURY DR,,Major Arterial,North York,43.749045,-79.48279,,No Control,Clear,Dark,Dry,Non-Fatal Injury,Approaching,Driver,40 to 44,Minor,,West,"Automobile, Station Wagon",Going Ahead,,"Ability Impaired, Alcohol",,,,,,,,,Yes,,,,,,,,,Yes,,155,Downsview,26,Downsview-Roding-CFB (26),D31,622153.4334,4845118.0038
3157,5334695,1026958,3/9/2008 9:00:00 AM,2253,SHEPPARD AVE W,JOHN DRURY DR,,Major Arterial,North York,43.749045,-79.48279,,No Control,Clear,Dark,Dry,Non-Fatal Injury,Approaching,Driver,60 to 64,Major,,East,"Automobile, Station Wagon",Going Ahead,,,,,,,,,,,Yes,,,,,,,,,Yes,,155,Downsview,26,Downsview-Roding-CFB (26),D31,622153.4334,4845118.0038
3158,5334628,1026920,3/10/2008 8:00:00 AM,300,F G GARDINER XY Expr E,DOWLING AVE,,Major Arterial,Toronto and East York,43.633945,-79.43739,,No Control,Clear,Dark,Wet,Non-Fatal Injury,SMV Other,Vehicle Owner,unknown,,,,Other,,,,,,,,,,,,Yes,,,,,,,,,,,85,South Parkdale,85,South Parkdale (85),D14,626049.5948,4832402.5205
3159,5334629,1026920,3/10/2008 8:00:00 AM,300,F G GARDINER XY Expr E,DOWLING AVE,,Major Arterial,Toronto and East York,43.633945,-79.43739,,No Control,Clear,Dark,Wet,Non-Fatal Injury,SMV Other,Driver,25 to 29,Major,,East,"Automobile, Station Wagon",Going Ahead,Lost control,Inattentive,,,,,,,,,Yes,,,,,,,,,,,85,South Parkdale,85,South Parkdale (85),D14,626049.5948,4832402.5205
3160,5335105,1027159,3/10/2008 8:00:00 AM,1522,GUILDWOOD PKWY,PRINCE PHILIP BLVD,,Minor Arterial,Scarborough,43.746745,-79.20449,,No Control,Clear,Daylight,Dry,Non-Fatal Injury,Approaching,Driver,70 to 74,Major,,South,"Automobile, Station Wagon",Going Ahead,Lost control,Unknown,,,,,,,,,Yes,,,,,,,,,,,140,Guildwood,140,Guildwood (140),D43,644565.6783,4845310.602
3161,5335106,1027159,3/10/2008 8:00:00 AM,1522,GUILDWOOD PKWY,PRINCE PHILIP BLVD,,Minor Arterial,Scarborough,43.746745,-79.20449,,No Control,Clear,Daylight,Dry,Non-Fatal Injury,Approaching,Driver,40 to 44,None,,North,"Automobile, Station Wagon",Going Ahead,Driving Properly,Normal,,,,,,,,,Yes,,,,,,,,,,,140,Guildwood,140,Guildwood (140),D43,644565.6783,4845310.602
3162,5342534,1030609,3/10/2008 8:00:00 AM,1720,55 QUEENS QUAY W,,,Minor Arterial,Toronto and East York,43.640545,-79.37849,,No Control,Clear,Daylight,Dry,Non-Fatal Injury,Turning Movement,Driver,50 to 54,Major,,West,"Automobile, Station Wagon",Turning Left,Improper Turn,Inattentive,,,,,,,,,Yes,,,Yes,,,,,,,,166,St Lawrence-East Bayfront-The Islands,77,Waterfront Communities-The Island (77),D52,630786.5562,4833226.6609
3163,5342535,1030609,3/10/2008 8:00:00 AM,1720,55 QUEENS QUAY W,,,Minor Arterial,Toronto and East York,43.640545,-79.37849,,No Control,Clear,Daylight,Dry,Non-Fatal Injury,Turning Movement,Vehicle Owner,unknown,,,,Other,,,,,,,,,,,,Yes,,,Yes,,,,,,,,166,St Lawrence-East Bayfront-The Islands,77,Waterfront Communities-The Island (77),D52,630786.5562,4833226.6609
3164,5342536,1030609,3/10/2008 8:00:00 AM,1720,55 QUEENS QUAY W,,,Minor Arterial,Toronto and East York,43.640545,-79.37849,,No Control,Clear,Daylight,Dry,Non-Fatal Injury,Turning Movement,Driver,60 to 64,None,,West,Municipal Transit Bus (TTC),Going Ahead,Driving Properly,Normal,,,,,,,,,Yes,,,Yes,,,,,,,,166,St Lawrence-East Bayfront-The Islands,77,Waterfront Communities-The Island (77),D52,630786.5562,4833226.6609
3165,5335112,1027162,3/10/2008 8:00:00 AM,2155,EGLINTON AVE W,ISLINGTON AVE,,Major Arterial,Etobicoke York,43.679845,-79.53899,,Traffic Signal,Clear,Dark,Dry,Non-Fatal Injury,Turning Movement,Passenger,85 to 89,Major,,,"Automobile, Station Wagon",,,,,,,,,,,,Yes,,,,,Yes,Yes,Yes,,,,7,Willowridge-Martingrove-Richview,7,Willowridge-Martingrove-Richview (7),D23,617764.095,4837351.0447
3166,5335113,1027162,3/10/2008 8:00:00 AM,2155,EGLINTON AVE W,ISLINGTON AVE,,Major Arterial,Etobicoke York,43.679845,-79.53899,,Traffic Signal,Clear,Dark,Dry,Non-Fatal Injury,Turning Movement,Driver,85 to 89,Minor,,West,"Automobile, Station Wagon",Turning Left,Failed to Yield Right of Way,Normal,,,,,,,,,Yes,,,,,Yes,Yes,Yes,,,,7,Willowridge-Martingrove-Richview,7,Willowridge-Martingrove-Richview (7),D23,617764.095,4837351.0447
3167,5335114,1027162,3/10/2008 8:00:00 AM,2155,EGLINTON AVE W,ISLINGTON AVE,,Major Arterial,Etobicoke York,43.679845,-79.53899,,Traffic Signal,Clear,Dark,Dry,Non-Fatal Injury,Turning Movement,Vehicle Owner,unknown,,,,Other,,,,,,,,,,,,Yes,,,,,Yes,Yes,Yes,,,,7,Willowridge-Martingrove-Richview,7,Willowridge-Martingrove-Richview (7),D23,617764.095,4837351.0447
3168,5335115,1027162,3/10/2008 8:00:00 AM,2155,EGLINTON AVE W,ISLINGTON AVE,,Major Arterial,Etobicoke York,43.679845,-79.53899,,Traffic Signal,Clear,Dark,Dry,Non-Fatal Injury,Turning Movement,Driver,15 to 19,Minimal,,East,"Automobile, Station Wagon",Slowing or Stopping,Driving Properly,Normal,,,,,,,,,Yes,,,,,Yes,Yes,Yes,,,,7,Willowridge-Martingrove-Richview,7,Willowridge-Martingrove-Richview (7),D23,617764.095,4837351.0447
3169,5344642,1031555,3/11/2008 8:00:00 AM,1055,BLACK CREEK DR,WESTON RD,,Major Arterial,Etobicoke York,43.683345,-79.48029,At Intersection,No Control,Clear,Daylight,Dry,Non-Fatal Injury,Rear End,Driver,20 to 24,Major,,North,"Automobile, Station Wagon",Going Ahead,Following too Close,Inattentive,,,,,,,,,Yes,,,,,,,Yes,,,,111,Rockcliffe-Smythe,111,Rockcliffe-Smythe (111),D12,622488.501,4837824.785
3170,5344643,1031555,3/11/2008 8:00:00 AM,1055,BLACK CREEK DR,WESTON RD,,Major Arterial,Etobicoke York,43.683345,-79.48029,At Intersection,No Control,Clear,Daylight,Dry,Non-Fatal Injury,Rear End,Driver,25 to 29,None,,North,"Automobile, Station Wagon",Stopped,Driving Properly,Normal,,,,,,,,,Yes,,,,,,,Yes,,,,111,Rockcliffe-Smythe,111,Rockcliffe-Smythe (111),D12,622488.501,4837824.785
3171,5340531,1029708,3/11/2008 8:00:00 AM,1450,DANFORTH RD,WOLFE AVE,,Major Arterial,Scarborough,43.727345,-79.25259,At Intersection,Traffic Signal,Clear,Daylight,Dry,Non-Fatal Injury,Turning Movement,Driver,30 to 34,Major,,East,"Automobile, Station Wagon",Going Ahead,Driving Properly,Normal,,,,,,,,,Yes,,,,,,,Yes,Yes,,,124,Kennedy Park,124,Kennedy Park (124),D41,640738.2994,4843073.1181
3172,5340532,1029708,3/11/2008 8:00:00 AM,1450,DANFORTH RD,WOLFE AVE,,Major Arterial,Scarborough,43.727345,-79.25259,At Intersection,Traffic Signal,Clear,Daylight,Dry,Non-Fatal Injury,Turning Movement,Driver,15 to 19,Minimal,,South,"Automobile, Station Wagon",Going Ahead,Disobeyed Traffic Control,Normal,,,,,,,,,Yes,,,,,,,Yes,Yes,,,124,Kennedy Park,124,Kennedy Park (124),D41,640738.2994,4843073.1181
3173,5340533,1029708,3/11/2008 8:00:00 AM,1450,DANFORTH RD,WOLFE AVE,,Major Arterial,Scarborough,43.727345,-79.25259,At Intersection,Traffic Signal,Clear,Daylight,Dry,Non-Fatal Injury,Turning Movement,Other Property Owner,unknown,,,,Other,,,,,,,,,,,,Yes,,,,,,,Yes,Yes,,,124,Kennedy Park,124,Kennedy Park (124),D41,640738.2994,4843073.1181
3174,5345498,1031943,3/13/2008 8:00:00 AM,10,CARLAW AVE,EASTERN AVE,,Major Arterial,Toronto and East York,43.658345,-79.33899,At Intersection,Traffic Signal,Clear,Dark,Dry,Non-Fatal Injury,Angle,Vehicle Owner,unknown,,,,Other,,,,,,,,,,,,Yes,,,,,Yes,Yes,Yes,Yes,,,70,South Riverdale,70,South Riverdale (70),D55,633932.9841,4835266.5876
3175,5345499,1031943,3/13/2008 8:00:00 AM,10,CARLAW AVE,EASTERN AVE,,Major Arterial,Toronto and East York,43.658345,-79.33899,At Intersection,Traffic Signal,Clear,Dark,Dry,Non-Fatal Injury,Angle,Driver,35 to 39,Major,,West,"Automobile, Station Wagon",Going Ahead,Disobeyed Traffic Control,Normal,,,,,,,,,Yes,,,,,Yes,Yes,Yes,Yes,,,70,South Riverdale,70,South Riverdale (70),D55,633932.9841,4835266.5876
3176,5345500,1031943,3/13/2008 8:00:00 AM,10,CARLAW AVE,EASTERN AVE,,Major Arterial,Toronto and East York,43.658345,-79.33899,At Intersection,Traffic Signal,Clear,Dark,Dry,Non-Fatal Injury,Angle,Passenger,unknown,Minimal,,,Other,,,,,,,,,,,,Yes,,,,,Yes,Yes,Yes,Yes,,,70,South Riverdale,70,South Riverdale (70),D55,633932.9841,4835266.5876
3177,5345501,1031943,3/13/2008 8:00:00 AM,10,CARLAW AVE,EASTERN AVE,,Major Arterial,Toronto and East York,43.658345,-79.33899,At Intersection,Traffic Signal,Clear,Dark,Dry,Non-Fatal Injury,Angle,Driver,40 to 44,Minimal,,North,"Automobile, Station Wagon",Going Ahead,Driving Properly,Normal,,,,,,,,,Yes,,,,,Yes,Yes,Yes,Yes,,,70,South Riverdale,70,South Riverdale (70),D55,633932.9841,4835266.5876
3178,5345502,1031943,3/13/2008 8:00:00 AM,10,CARLAW AVE,EASTERN AVE,,Major Arterial,Toronto and East York,43.658345,-79.33899,At Intersection,Traffic Signal,Clear,Dark,Dry,Non-Fatal Injury,Angle,Other Property Owner,unknown,,,,Other,,,,,,,,,,,,Yes,,,,,Yes,Yes,Yes,Yes,,,70,South Riverdale,70,South Riverdale (70),D55,633932.9841,4835266.5876
3179,5340684,1029779,3/13/2008 8:00:00 AM,2219,KING ST W,UNIVERSITY AVE,,Major Arterial,Toronto and East York,43.647645,-79.38479,,Traffic Signal,Clear,Dark,Dry,Non-Fatal Injury,Rear End,Driver,35 to 39,Major,,East,"Automobile, Station Wagon",Stopped,Driving Properly,Normal,,,,,,,,,Yes,,,,,,,Yes,,,,170,Yonge-Bay Corridor,76,Bay Street Corridor (76),D52,630263.0635,4834005.3001
3180,5340685,1029779,3/13/2008 8:00:00 AM,2219,KING ST W,UNIVERSITY AVE,,Major Arterial,Toronto and East York,43.647645,-79.38479,,Traffic Signal,Clear,Dark,Dry,Non-Fatal Injury,Rear End,Driver,30 to 34,None,,East,"Automobile, Station Wagon",Going Ahead,Failed to Yield Right of Way,Inattentive,,,,,,,,,Yes,,,,,,,Yes,,,,170,Yonge-Bay Corridor,76,Bay Street Corridor (76),D52,630263.0635,4834005.3001
3181,5337297,1028235,3/15/2008 8:00:00 AM,1404,MOUNT PLEASANT RD,MOUNT PLEASANT BLOOR RAMP,,Major Arterial,Toronto and East York,43.672345,-79.37959,At Intersection,No Control,Clear,Daylight,Dry,Fatal,Pedestrian Collisions,Vehicle Owner,unknown,,,,Other,,,,,,,,,,Yes,,Yes,,,,,,,,,,,98,Rosedale-Moore Park,98,Rosedale-Moore Park (98),D53,630628.8601,4836756.7388
3182,5337298,1028235,3/15/2008 8:00:00 AM,1404,MOUNT PLEASANT RD,MOUNT PLEASANT BLOOR RAMP,,Major Arterial,Toronto and East York,43.672345,-79.37959,At Intersection,No Control,Clear,Daylight,Dry,Fatal,Pedestrian Collisions,Driver,20 to 24,None,,South,"Automobile, Station Wagon",Going Ahead,Driving Properly,Normal,,,,,,,Yes,,Yes,,,,,,,,,,,98,Rosedale-Moore Park,98,Rosedale-Moore Park (98),D53,630628.8601,4836756.7388
3183,5337299,1028235,3/15/2008 8:00:00 AM,1404,MOUNT PLEASANT RD,MOUNT PLEASANT BLOOR RAMP,,Major Arterial,Toronto and East York,43.672345,-79.37959,At Intersection,No Control,Clear,Daylight,Dry,Fatal,Pedestrian Collisions,Pedestrian,25 to 29,Fatal,13,,Other,,,,Pedestrian hit at mid-block,"Crossing, no Traffic Control",Medical or Physical Disability,,,,Yes,,Yes,,,,,,,,,,,98,Rosedale-Moore Park,98,Rosedale-Moore Park (98),D53,630628.8601,4836756.7388
3184,5342803,1030716,3/17/2008 8:00:00 AM,2230,DAVENPORT RD,SOMERSET AVE,,Minor Arterial,Toronto and East York,43.674645,-79.43179,,No Control,Clear,Dark,Dry,Non-Fatal Injury,Pedestrian Collisions,Driver,unknown,None,,East,"Automobile, Station Wagon",Going Ahead,Exceeding Speed Limit,Unknown,,,,,,,Yes,,Yes,,,,,,Yes,Yes,,,,94,Wychwood,94,Wychwood (94),D13,626415.9022,4836931.3056
3185,5342804,1030716,3/17/2008 8:00:00 AM,2230,DAVENPORT RD,SOMERSET AVE,,Minor Arterial,Toronto and East York,43.674645,-79.43179,,No Control,Clear,Dark,Dry,Non-Fatal Injury,Pedestrian Collisions,Pedestrian,65 to 69,Major,,,Other,,,,Pedestrian hit at mid-block,Person Getting on/off Vehicle,Normal,,,,Yes,,Yes,,,,,,Yes,Yes,,,,94,Wychwood,94,Wychwood (94),D13,626415.9022,4836931.3056
3186,5339446,1029220,3/19/2008 8:00:00 AM,1332,QUEEN ST W,NIAGARA ST,,Major Arterial,Toronto and East York,43.645945,-79.40989,At Intersection,Traffic Signal,Clear,Daylight,Dry,Non-Fatal Injury,Cyclist Collisions,Driver,50 to 54,None,,East,"Automobile, Station Wagon",Turning Right,Improper Turn,Normal,,,,,,,,Yes,Yes,,,,,,,,,,,162,West Queen West,82,Niagara (82),D14,628242.4015,4833777.4007
3187,5339447,1029220,3/19/2008 8:00:00 AM,1332,QUEEN ST W,NIAGARA ST,,Major Arterial,Toronto and East York,43.645945,-79.40989,At Intersection,Traffic Signal,Clear,Daylight,Dry,Non-Fatal Injury,Cyclist Collisions,Cyclist,35 to 39,Major,,East,Bicycle,Turning Right,,,,,,Motorist turning right on green or amber at signalized intersection strikes cyclist.,Driving Properly,Normal,,Yes,Yes,,,,,,,,,,,162,West Queen West,82,Niagara (82),D14,628242.4015,4833777.4007
3188,5339891,1029413,3/20/2008 8:00:00 AM,1305,GLENCAIRN AVE,DALEMOUNT AVE,,Minor Arterial,North York,43.711345,-79.43269,At Intersection,Stop Sign,Clear,Daylight,Dry,Non-Fatal Injury,Turning Movement,Driver,85 to 89,Major,,North,"Automobile, Station Wagon",Turning Left,Improper Turn,Normal,,,,,,,,,Yes,,,,,,,,,,,32,Englemount-Lawrence,32,Englemount-Lawrence (32),D13,626266.3091,4841005.974
3189,5339892,1029413,3/20/2008 8:00:00 AM,1305,GLENCAIRN AVE,DALEMOUNT AVE,,Minor Arterial,North York,43.711345,-79.43269,At Intersection,Stop Sign,Clear,Daylight,Dry,Non-Fatal Injury,Turning Movement,Driver,55 to 59,Minor,,East,"Automobile, Station Wagon",Going Ahead,Driving Properly,Normal,,,,,,,,,Yes,,,,,,,,,,,32,Englemount-Lawrence,32,Englemount-Lawrence (32),D13,626266.3091,4841005.974
3190,5346732,1032504,3/24/2008 8:00:00 AM,1,TAPSCOTT RD,FINCH AVE E,,Minor Arterial,Scarborough,43.814245,-79.23709,At Intersection,Traffic Signal,Clear,Daylight,Dry,Non-Fatal Injury,Angle,Driver,45 to 49,Major,,South,"Automobile, Station Wagon",Stopped,Driving Properly,Normal,,,,,,,,,Yes,,,,,,,,,,,144,Morningside Heights,131,Rouge (131),D42,641781.2028,4852751.1653
3191,5346733,1032504,3/24/2008 8:00:00 AM,1,TAPSCOTT RD,FINCH AVE E,,Minor Arterial,Scarborough,43.814245,-79.23709,At Intersection,Traffic Signal,Clear,Daylight,Dry,Non-Fatal Injury,Angle,Vehicle Owner,unknown,,,,Other,,,,,,,,,,,,Yes,,,,,,,,,,,144,Morningside Heights,131,Rouge (131),D42,641781.2028,4852751.1653
3192,5346734,1032504,3/24/2008 8:00:00 AM,1,TAPSCOTT RD,FINCH AVE E,,Minor Arterial,Scarborough,43.814245,-79.23709,At Intersection,Traffic Signal,Clear,Daylight,Dry,Non-Fatal Injury,Angle,Driver,45 to 49,None,,South,"Automobile, Station Wagon",Stopped,Driving Properly,Normal,,,,,,,,,Yes,,,,,,,,,,,144,Morningside Heights,131,Rouge (131),D42,641781.2028,4852751.1653
3193,5346735,1032504,3/24/2008 8:00:00 AM,1,TAPSCOTT RD,FINCH AVE E,,Minor Arterial,Scarborough,43.814245,-79.23709,At Intersection,Traffic Signal,Clear,Daylight,Dry,Non-Fatal Injury,Angle,Vehicle Owner,unknown,,,,Other,,,,,,,,,,,,Yes,,,,,,,,,,,144,Morningside Heights,131,Rouge (131),D42,641781.2028,4852751.1653
3194,5346736,1032504,3/24/2008 8:00:00 AM,1,TAPSCOTT RD,FINCH AVE E,,Minor Arterial,Scarborough,43.814245,-79.23709,At Intersection,Traffic Signal,Clear,Daylight,Dry,Non-Fatal Injury,Angle,Driver,55 to 59,None,,East,"Automobile, Station Wagon",Going Ahead,Driving Properly,Normal,,,,,,,,,Yes,,,,,,,,,,,144,Morningside Heights,131,Rouge (131),D42,641781.2028,4852751.1653
3195,5346737,1032504,3/24/2008 8:00:00 AM,1,TAPSCOTT RD,FINCH AVE E,,Minor Arterial,Scarborough,43.814245,-79.23709,At Intersection,Traffic Signal,Clear,Daylight,Dry,Non-Fatal Injury,Angle,Driver,15 to 19,None,,North,"Automobile, Station Wagon",Going Ahead,Lost control,Inattentive,,,,,,,,,Yes,,,,,,,,,,,144,Morningside Heights,131,Rouge (131),D42,641781.2028,4852751.1653
3196,5352757,1035278,3/26/2008 8:00:00 AM,2152,YORK MILLS RD,DON MILLS RD,,Major Arterial,North York,43.755845,-79.34699,At Intersection,Traffic Signal,Clear,Dark,Dry,Non-Fatal Injury,Pedestrian Collisions,Vehicle Owner,unknown,,,,Other,,,,,,,,,,Yes,,Yes,,,,,,,,,,,40,St.Andrew-Windfields,40,St.Andrew-Windfields (40),D33,633071.9794,4846082.4667
3197,5352758,1035278,3/26/2008 8:00:00 AM,2152,YORK MILLS RD,DON MILLS RD,,Major Arterial,North York,43.755845,-79.34699,At Intersection,Traffic Signal,Clear,Dark,Dry,Non-Fatal Injury,Pedestrian Collisions,Driver,20 to 24,None,,West,"Automobile, Station Wagon",Going Ahead,Driving Properly,Normal,,,,,,,Yes,,Yes,,,,,,,,,,,40,St.Andrew-Windfields,40,St.Andrew-Windfields (40),D33,633071.9794,4846082.4667
3198,5352759,1035278,3/26/2008 8:00:00 AM,2152,YORK MILLS RD,DON MILLS RD,,Major Arterial,North York,43.755845,-79.34699,At Intersection,Traffic Signal,Clear,Dark,Dry,Non-Fatal Injury,Pedestrian Collisions,Pedestrian,40 to 44,Major,,North,Other,,,,Vehicle is going straight thru inter.while ped cross without ROW,Crossing without right of way,Inattentive,,,,Yes,,Yes,,,,,,,,,,,40,St.Andrew-Windfields,40,St.Andrew-Windfields (40),D33,633071.9794,4846082.4667
3199,5343004,1030828,3/28/2008 8:00:00 AM,1350,LAWRENCE AVE E,HOWDEN RD,,Major Arterial,Scarborough,43.746845,-79.28799,At Intersection,Traffic Signal,Clear,Daylight,Dry,Non-Fatal Injury,Pedestrian Collisions,Vehicle Owner,unknown,,,,Other,,,,,,,,,,Yes,,Yes,,,,,,,Yes,,,,119,Wexford/Maryvale,119,Wexford/Maryvale (119),D41,637842.3586,4845179.3685
3200,5343005,1030828,3/28/2008 8:00:00 AM,1350,LAWRENCE AVE E,HOWDEN RD,,Major Arterial,Scarborough,43.746845,-79.28799,At Intersection,Traffic Signal,Clear,Daylight,Dry,Non-Fatal Injury,Pedestrian Collisions,Driver,40 to 44,None,,East,"Automobile, Station Wagon",Going Ahead,Failed to Yield Right of Way,Inattentive,,,,,,,Yes,,Yes,,,,,,,Yes,,,,119,Wexford/Maryvale,119,Wexford/Maryvale (119),D41,637842.3586,4845179.3685
3201,5343006,1030828,3/28/2008 8:00:00 AM,1350,LAWRENCE AVE E,HOWDEN RD,,Major Arterial,Scarborough,43.746845,-79.28799,At Intersection,Traffic Signal,Clear,Daylight,Dry,Non-Fatal Injury,Pedestrian Collisions,Pedestrian,75 to 79,Major,,South,Other,,,,Vehicle is going straight thru inter.while ped cross with ROW,Crossing with right of way,Medical or Physical Disability,,,,Yes,,Yes,,,,,,,Yes,,,,119,Wexford/Maryvale,119,Wexford/Maryvale (119),D41,637842.3586,4845179.3685
3202,5346309,1032314,3/28/2008 8:00:00 AM,1800,160 MARKHAM RD,,,Major Arterial,Scarborough,43.741445,-79.21819,,No Control,Clear,Daylight,Dry,Non-Fatal Injury,Pedestrian Collisions,Driver,60 to 64,None,,South,"Automobile, Station Wagon",Going Ahead,Driving Properly,Normal,,,,,,,Yes,,Yes,,,,,,,,,,,139,Scarborough Village,139,Scarborough Village (139),D43,643475.269,4844698.1372
3203,5346310,1032314,3/28/2008 8:00:00 AM,1800,160 MARKHAM RD,,,Major Arterial,Scarborough,43.741445,-79.21819,,No Control,Clear,Daylight,Dry,Non-Fatal Injury,Pedestrian Collisions,Pedestrian,10 to 14,Major,,West,Other,,,,Pedestrian hit at mid-block,Running onto Roadway,Normal,,,,Yes,,Yes,,,,,,,,,,,139,Scarborough Village,139,Scarborough Village (139),D43,643475.269,4844698.1372
3204,5349909,1033955,3/29/2008 8:00:00 AM,1422,EGLINTON AVE W,PEVERIL HILL  N,,Major Arterial,North York,43.700845,-79.42639,,No Control,Clear,Daylight,Dry,Non-Fatal Injury,Pedestrian Collisions,Driver,65 to 69,None,,East,"Automobile, Station Wagon",Going Ahead,Driving Properly,Normal,,,,,,,Yes,,Yes,,,,,,,,,,,102,Forest Hill North,102,Forest Hill North (102),D13,626795.9931,4839849.4178
3205,5349910,1033955,3/29/2008 8:00:00 AM,1422,EGLINTON AVE W,PEVERIL HILL  N,,Major Arterial,North York,43.700845,-79.42639,,No Control,Clear,Daylight,Dry,Non-Fatal Injury,Pedestrian Collisions,Pedestrian,40 to 44,Major,,South,Other,,,,Pedestrian hit at mid-block,Running onto Roadway,Unknown,,,,Yes,,Yes,,,,,,,,,,,102,Forest Hill North,102,Forest Hill North (102),D13,626795.9931,4839849.4178
3206,5344474,1031488,4/1/2008 8:00:00 AM,1915,LAKE SHORE BLVD W,BAY ST,,Major Arterial,Toronto and East York,43.643045,-79.37779,,Traffic Signal,Clear,Dark,Dry,Non-Fatal Injury,Pedestrian Collisions,Pedestrian,35 to 39,Minimal,,,Other,,,,Pedestrian hit on sidewalk or shoulder,On Sidewalk or Shoulder,Normal,,,,Yes,,Yes,,,,,,,Yes,Yes,,,166,St Lawrence-East Bayfront-The Islands,77,Waterfront Communities-The Island (77),D52,630837.59,4833505.4216