OBJECTID,INDEX,ACCNUM,DATE,TIME,STREET1,STREET2,OFFSET,ROAD_CLASS,DISTRICT,LATITUDE,LONGITUDE,ACCLOC,TRAFFCTL,VISIBILITY,LIGHT,RDSFCOND,ACCLASS,IMPACTYPE,INVTYPE,INVAGE,INJURY,FATAL_NO,INITDIR,VEHTYPE,MANOEUVER,DRIVACT,DRIVCOND,PEDTYPE,PEDACT,PEDCOND,CYCLISTYPE,CYCACT,CYCCOND,PEDESTRIAN,CYCLIST,AUTOMOBILE,MOTORCYCLE,TRUCK,TRSN_CITY_VEH,EMERG_VEH,PASSENGER,SPEEDING,AG_DRIV,REDLIGHT,ALCOHOL,DISABILITY,HOOD_158,NEIGHBOURHOOD_158,HOOD_140,NEIGHBOURHOOD_140,DIVISION,x,y
3207,5344475,1031488,4/1/2008 8:00:00 AM,1915,LAKE SHORE BLVD W,BAY ST,,Major Arterial,Toronto and East York,43.643045,-79.37779,,Traffic Signal,Clear,Dark,Dry,Non-Fatal Injury,Pedestrian Collisions,Pedestrian,45 to 49,Major,,,Other,,,,Pedestrian hit on sidewalk or shoulder,On Sidewalk or Shoulder,Normal,,,,Yes,,Yes,,,,,,,Yes,Yes,,,166,St Lawrence-East Bayfront-The Islands,77,Waterfront Communities-The Island (77),D52,630837.59,4833505.4216
3208,5344476,1031488,4/1/2008 8:00:00 AM,1915,LAKE SHORE BLVD W,BAY ST,,Major Arterial,Toronto and East York,43.643045,-79.37779,,Traffic Signal,Clear,Dark,Dry,Non-Fatal Injury,Pedestrian Collisions,Vehicle Owner,unknown,,,,Other,,,,,,,,,,Yes,,Yes,,,,,,,Yes,Yes,,,166,St Lawrence-East Bayfront-The Islands,77,Waterfront Communities-The Island (77),D52,630837.59,4833505.4216
3209,5344477,1031488,4/1/2008 8:00:00 AM,1915,LAKE SHORE BLVD W,BAY ST,,Major Arterial,Toronto and East York,43.643045,-79.37779,,Traffic Signal,Clear,Dark,Dry,Non-Fatal Injury,Pedestrian Collisions,Driver,50 to 54,Major,,West,"Automobile, Station Wagon",Going Ahead,Disobeyed Traffic Control,Normal,,,,,,,Yes,,Yes,,,,,,,Yes,Yes,,,166,St Lawrence-East Bayfront-The Islands,77,Waterfront Communities-The Island (77),D52,630837.59,4833505.4216
3210,5345663,1032022,4/3/2008 8:00:00 AM,1743,43 MILNER AVE,,,Minor Arterial,Scarborough,43.785345,-79.25389,,No Control,Clear,Daylight,Dry,Non-Fatal Injury,Turning Movement,Motorcycle Driver,30 to 34,Major,,West,Motorcycle,Turning Right,Driving Properly,Normal,,,,,,,,,Yes,Yes,,,,Yes,,,,,,128,Agincourt South-Malvern West,128,Agincourt South-Malvern West (128),D42,640497.7819,4849512.7009
3211,5345664,1032022,4/3/2008 8:00:00 AM,1743,43 MILNER AVE,,,Minor Arterial,Scarborough,43.785345,-79.25389,,No Control,Clear,Daylight,Dry,Non-Fatal Injury,Turning Movement,Passenger,50 to 54,None,,,Other,,,,,,,,,,,,Yes,Yes,,,,Yes,,,,,,128,Agincourt South-Malvern West,128,Agincourt South-Malvern West (128),D42,640497.7819,4849512.7009
3212,5345665,1032022,4/3/2008 8:00:00 AM,1743,43 MILNER AVE,,,Minor Arterial,Scarborough,43.785345,-79.25389,,No Control,Clear,Daylight,Dry,Non-Fatal Injury,Turning Movement,Passenger,35 to 39,None,,,Other,,,,,,,,,,,,Yes,Yes,,,,Yes,,,,,,128,Agincourt South-Malvern West,128,Agincourt South-Malvern West (128),D42,640497.7819,4849512.7009
3213,5345666,1032022,4/3/2008 8:00:00 AM,1743,43 MILNER AVE,,,Minor Arterial,Scarborough,43.785345,-79.25389,,No Control,Clear,Daylight,Dry,Non-Fatal Injury,Turning Movement,Vehicle Owner,unknown,,,,Other,,,,,,,,,,,,Yes,Yes,,,,Yes,,,,,,128,Agincourt South-Malvern West,128,Agincourt South-Malvern West (128),D42,640497.7819,4849512.7009
3214,5345667,1032022,4/3/2008 8:00:00 AM,1743,43 MILNER AVE,,,Minor Arterial,Scarborough,43.785345,-79.25389,,No Control,Clear,Daylight,Dry,Non-Fatal Injury,Turning Movement,Driver,40 to 44,None,,South,"Automobile, Station Wagon",Turning Left,Improper Turn,Normal,,,,,,,,,Yes,Yes,,,,Yes,,,,,,128,Agincourt South-Malvern West,128,Agincourt South-Malvern West (128),D42,640497.7819,4849512.7009
3215,5346034,1032200,4/6/2008 8:00:00 AM,1645,MARKHAM Rd,SHEPPARD Ave E,,Major Arterial,Scarborough,43.793845,-79.23879,At Intersection,Traffic Signal,Clear,Daylight,Dry,Non-Fatal Injury,Pedestrian Collisions,Driver,70 to 74,None,,West,"Automobile, Station Wagon",Turning Left,Driving Properly,Normal,,,,,,,Yes,,Yes,,,,,,,,,,,128,Agincourt South-Malvern West,128,Agincourt South-Malvern West (128),D42,641692.7038,4850482.5023
3216,5346035,1032200,4/6/2008 8:00:00 AM,1645,MARKHAM Rd,SHEPPARD Ave E,,Major Arterial,Scarborough,43.793845,-79.23879,At Intersection,Traffic Signal,Clear,Daylight,Dry,Non-Fatal Injury,Pedestrian Collisions,Pedestrian,70 to 74,Major,,East,Other,,,,Vehicle turns left while ped crosses without ROW at inter.,Crossing without right of way,Unknown,,,,Yes,,Yes,,,,,,,,,,,128,Agincourt South-Malvern West,128,Agincourt South-Malvern West (128),D42,641692.7038,4850482.5023
3217,5346438,1032373,4/7/2008 8:00:00 AM,1200,CARLTON St,JARVIS St,,Major Arterial,Toronto and East York,43.662445,-79.37669,At Intersection,Traffic Signal,Clear,Daylight,Dry,Non-Fatal Injury,Pedestrian Collisions,Vehicle Owner,unknown,,,,Other,,,,,,,,,,Yes,,Yes,,,,,,,,,,,71,Cabbagetown-South St.James Town,71,Cabbagetown-South St.James Town (71),D51,630884.1604,4835661.7818
3218,5346439,1032373,4/7/2008 8:00:00 AM,1200,CARLTON St,JARVIS St,,Major Arterial,Toronto and East York,43.662445,-79.37669,At Intersection,Traffic Signal,Clear,Daylight,Dry,Non-Fatal Injury,Pedestrian Collisions,Driver,30 to 34,None,,South,Other,Stopped,Driving Properly,Normal,,,,,,,Yes,,Yes,,,,,,,,,,,71,Cabbagetown-South St.James Town,71,Cabbagetown-South St.James Town (71),D51,630884.1604,4835661.7818
3219,5346440,1032373,4/7/2008 8:00:00 AM,1200,CARLTON St,JARVIS St,,Major Arterial,Toronto and East York,43.662445,-79.37669,At Intersection,Traffic Signal,Clear,Daylight,Dry,Non-Fatal Injury,Pedestrian Collisions,Vehicle Owner,unknown,,,,Other,,,,,,,,,,Yes,,Yes,,,,,,,,,,,71,Cabbagetown-South St.James Town,71,Cabbagetown-South St.James Town (71),D51,630884.1604,4835661.7818
3220,5346441,1032373,4/7/2008 8:00:00 AM,1200,CARLTON St,JARVIS St,,Major Arterial,Toronto and East York,43.662445,-79.37669,At Intersection,Traffic Signal,Clear,Daylight,Dry,Non-Fatal Injury,Pedestrian Collisions,Driver,20 to 24,Minimal,,West,"Automobile, Station Wagon",Going Ahead,Lost control,Normal,,,,,,,Yes,,Yes,,,,,,,,,,,71,Cabbagetown-South St.James Town,71,Cabbagetown-South St.James Town (71),D51,630884.1604,4835661.7818
3221,5346442,1032373,4/7/2008 8:00:00 AM,1200,CARLTON St,JARVIS St,,Major Arterial,Toronto and East York,43.662445,-79.37669,At Intersection,Traffic Signal,Clear,Daylight,Dry,Non-Fatal Injury,Pedestrian Collisions,Pedestrian,50 to 54,Major,,North,Other,,,,Pedestrian hit on sidewalk or shoulder,On Sidewalk or Shoulder,Normal,,,,Yes,,Yes,,,,,,,,,,,71,Cabbagetown-South St.James Town,71,Cabbagetown-South St.James Town (71),D51,630884.1604,4835661.7818
3222,5346855,1032559,4/8/2008 8:00:00 AM,624,HOPE St,DUFFERIN St,,Major Arterial,Toronto and East York,43.682345,-79.44479,At Intersection,Traffic Signal,Clear,Dark,Dry,Non-Fatal Injury,Pedestrian Collisions,Driver,40 to 44,None,,East,"Automobile, Station Wagon",Turning Left,Failed to Yield Right of Way,Inattentive,,,,,,,Yes,,Yes,,,,,,,Yes,,,,92,Corso Italia-Davenport,92,Corso Italia-Davenport (92),D13,625351.9067,4837766.764
3223,5346856,1032559,4/8/2008 8:00:00 AM,624,HOPE St,DUFFERIN St,,Major Arterial,Toronto and East York,43.682345,-79.44479,At Intersection,Traffic Signal,Clear,Dark,Dry,Non-Fatal Injury,Pedestrian Collisions,Pedestrian,65 to 69,Major,,West,Other,,,,Vehicle turns left while ped crosses with ROW at inter.,Crossing with right of way,Normal,,,,Yes,,Yes,,,,,,,Yes,,,,92,Corso Italia-Davenport,92,Corso Italia-Davenport (92),D13,625351.9067,4837766.764
3224,5355426,1036453,4/10/2008 8:00:00 AM,1646,437 DANFORTH Ave,,,Major Arterial,Toronto and East York,43.677745,-79.35039,,No Control,Clear,Daylight,Dry,Non-Fatal Injury,Pedestrian Collisions,Driver,60 to 64,None,,East,"Automobile, Station Wagon",Going Ahead,Driving Properly,Unknown,,,,,,,Yes,,Yes,,,,,,,,,,,68,North Riverdale,68,North Riverdale (68),D55,632970.9072,4837402.8808
3225,5355427,1036453,4/10/2008 8:00:00 AM,1646,437 DANFORTH Ave,,,Major Arterial,Toronto and East York,43.677745,-79.35039,,No Control,Clear,Daylight,Dry,Non-Fatal Injury,Pedestrian Collisions,Pedestrian,45 to 49,Major,,South,Other,,,,Pedestrian hit at mid-block,Running onto Roadway,Had Been Drinking,,,,Yes,,Yes,,,,,,,,,,,68,North Riverdale,68,North Riverdale (68),D55,632970.9072,4837402.8808
3226,5347399,1032843,4/10/2008 8:00:00 AM,2210,3111 DANFORTH Ave,,,Major Arterial,Scarborough,43.691745,-79.28589,,No Control,Clear,Dark,Dry,Non-Fatal Injury,Pedestrian Collisions,Driver,30 to 34,None,,East,"Automobile, Station Wagon",Going Ahead,Driving Properly,Normal,,,,,,,Yes,,Yes,,,,,,,,,,,121,Oakridge,121,Oakridge (121),D41,638138.0117,4839063.2056
3227,5347400,1032843,4/10/2008 8:00:00 AM,2210,3111 DANFORTH Ave,,,Major Arterial,Scarborough,43.691745,-79.28589,,No Control,Clear,Dark,Dry,Non-Fatal Injury,Pedestrian Collisions,Pedestrian,40 to 44,Major,,North,"Automobile, Station Wagon",,,,Pedestrian hit at mid-block,Running onto Roadway,"Ability Impaired, Alcohol",,,,Yes,,Yes,,,,,,,,,,,121,Oakridge,121,Oakridge (121),D41,638138.0117,4839063.2056
3228,5350687,1034287,4/11/2008 8:00:00 AM,1849,EGLINTON AVE W,SCARLETT RD,,Major Arterial,Etobicoke York,43.683945,-79.51149,At Intersection,Traffic Signal,Clear,Daylight,Dry,Non-Fatal Injury,Rear End,Passenger,35 to 39,None,,,Other,,,,,,,,,,,,Yes,,,,,Yes,,Yes,,,,9,Edenbridge-Humber Valley,9,Edenbridge-Humber Valley (9),D22,619972.5666,4837845.817
3229,5350688,1034287,4/11/2008 8:00:00 AM,1849,EGLINTON AVE W,SCARLETT RD,,Major Arterial,Etobicoke York,43.683945,-79.51149,At Intersection,Traffic Signal,Clear,Daylight,Dry,Non-Fatal Injury,Rear End,Vehicle Owner,unknown,,,,Other,,,,,,,,,,,,Yes,,,,,Yes,,Yes,,,,9,Edenbridge-Humber Valley,9,Edenbridge-Humber Valley (9),D22,619972.5666,4837845.817
3230,5350689,1034287,4/11/2008 8:00:00 AM,1849,EGLINTON AVE W,SCARLETT RD,,Major Arterial,Etobicoke York,43.683945,-79.51149,At Intersection,Traffic Signal,Clear,Daylight,Dry,Non-Fatal Injury,Rear End,Driver,40 to 44,Major,,West,"Automobile, Station Wagon",Slowing or Stopping,Driving Properly,Normal,,,,,,,,,Yes,,,,,Yes,,Yes,,,,9,Edenbridge-Humber Valley,9,Edenbridge-Humber Valley (9),D22,619972.5666,4837845.817
3231,5350690,1034287,4/11/2008 8:00:00 AM,1849,EGLINTON AVE W,SCARLETT RD,,Major Arterial,Etobicoke York,43.683945,-79.51149,At Intersection,Traffic Signal,Clear,Daylight,Dry,Non-Fatal Injury,Rear End,Driver,45 to 49,Minimal,,West,"Automobile, Station Wagon",Going Ahead,Following too Close,Normal,,,,,,,,,Yes,,,,,Yes,,Yes,,,,9,Edenbridge-Humber Valley,9,Edenbridge-Humber Valley (9),D22,619972.5666,4837845.817
3232,5347937,1033099,4/12/2008 8:00:00 AM,2209,KINGSTON RD,GRADWELL DR,,Major Arterial,Scarborough,43.720145,-79.23809,,No Control,Rain,Dark,Wet,Non-Fatal Injury,Rear End,Vehicle Owner,unknown,,,,Other,,,,,,,,,,,,Yes,,,,,Yes,,,,,,123,Cliffcrest,123,Cliffcrest (123),D43,641923.1615,4842298.1811
3233,5347938,1033099,4/12/2008 8:00:00 AM,2209,KINGSTON RD,GRADWELL DR,,Major Arterial,Scarborough,43.720145,-79.23809,,No Control,Rain,Dark,Wet,Non-Fatal Injury,Rear End,Driver,45 to 49,None,,West,"Automobile, Station Wagon",Parked,Other,Unknown,,,,,,,,,Yes,,,,,Yes,,,,,,123,Cliffcrest,123,Cliffcrest (123),D43,641923.1615,4842298.1811
3234,5347939,1033099,4/12/2008 8:00:00 AM,2209,KINGSTON RD,GRADWELL DR,,Major Arterial,Scarborough,43.720145,-79.23809,,No Control,Rain,Dark,Wet,Non-Fatal Injury,Rear End,Passenger,70 to 74,Major,,,Other,,,,,,,,,,,,Yes,,,,,Yes,,,,,,123,Cliffcrest,123,Cliffcrest (123),D43,641923.1615,4842298.1811
3235,5347940,1033099,4/12/2008 8:00:00 AM,2209,KINGSTON RD,GRADWELL DR,,Major Arterial,Scarborough,43.720145,-79.23809,,No Control,Rain,Dark,Wet,Non-Fatal Injury,Rear End,Driver,70 to 74,Minimal,,West,"Automobile, Station Wagon",Going Ahead,Other,Unknown,,,,,,,,,Yes,,,,,Yes,,,,,,123,Cliffcrest,123,Cliffcrest (123),D43,641923.1615,4842298.1811
3236,5347971,1033112,4/13/2008 8:00:00 AM,244,OSSINGTON AVE,COLLEGE ST,,Major Arterial,Toronto and East York,43.654345,-79.422687,,Traffic Signal,Rain,Dark,Wet,Fatal,Pedestrian Collisions,Passenger,20 to 24,None,,,Other,,,,,,,,,,Yes,,Yes,,,,,Yes,,,,,,81,Trinity-Bellwoods,81,Trinity-Bellwoods (81),D14,627192.5807,4834690.6349
3237,5347972,1033112,4/13/2008 8:00:00 AM,244,OSSINGTON AVE,COLLEGE ST,,Major Arterial,Toronto and East York,43.654345,-79.422687,,Traffic Signal,Rain,Dark,Wet,Fatal,Pedestrian Collisions,Vehicle Owner,unknown,,,,Other,,,,,,,,,,Yes,,Yes,,,,,Yes,,,,,,81,Trinity-Bellwoods,81,Trinity-Bellwoods (81),D14,627192.5807,4834690.6349
3238,5347973,1033112,4/13/2008 8:00:00 AM,244,OSSINGTON AVE,COLLEGE ST,,Major Arterial,Toronto and East York,43.654345,-79.422687,,Traffic Signal,Rain,Dark,Wet,Fatal,Pedestrian Collisions,Driver,45 to 49,None,,South,Taxi,Going Ahead,Driving Properly,Normal,,,,,,,Yes,,Yes,,,,,Yes,,,,,,81,Trinity-Bellwoods,81,Trinity-Bellwoods (81),D14,627192.5807,4834690.6349
3239,5347974,1033112,4/13/2008 8:00:00 AM,244,OSSINGTON AVE,COLLEGE ST,,Major Arterial,Toronto and East York,43.654345,-79.422687,,Traffic Signal,Rain,Dark,Wet,Fatal,Pedestrian Collisions,Pedestrian,20 to 24,Fatal,14,East,Other,,,,Vehicle is going straight thru inter.while ped cross without ROW,Running onto Roadway,"Ability Impaired, Alcohol",,,,Yes,,Yes,,,,,Yes,,,,,,81,Trinity-Bellwoods,81,Trinity-Bellwoods (81),D14,627192.5807,4834690.6349
3240,5351640,1034749,4/13/2008 8:00:00 AM,1110,LAMBTON AVE,WESTON RD,,Minor Arterial,Etobicoke York,43.684245,-79.48399,At Intersection,Traffic Signal,Clear,Daylight,Dry,Non-Fatal Injury,Rear End,Driver,20 to 24,None,,East,"Automobile, Station Wagon",Slowing or Stopping,Following too Close,Inattentive,,,,,,,,,Yes,,,,,Yes,,Yes,,,,115,Mount Dennis,115,Mount Dennis (115),D12,622188.4516,4837919.2842
3241,5351641,1034749,4/13/2008 8:00:00 AM,1110,LAMBTON AVE,WESTON RD,,Minor Arterial,Etobicoke York,43.684245,-79.48399,At Intersection,Traffic Signal,Clear,Daylight,Dry,Non-Fatal Injury,Rear End,Passenger,35 to 39,Major,,,Other,,,,,,,,,,,,Yes,,,,,Yes,,Yes,,,,115,Mount Dennis,115,Mount Dennis (115),D12,622188.4516,4837919.2842
3242,5351642,1034749,4/13/2008 8:00:00 AM,1110,LAMBTON AVE,WESTON RD,,Minor Arterial,Etobicoke York,43.684245,-79.48399,At Intersection,Traffic Signal,Clear,Daylight,Dry,Non-Fatal Injury,Rear End,Vehicle Owner,unknown,,,,Other,,,,,,,,,,,,Yes,,,,,Yes,,Yes,,,,115,Mount Dennis,115,Mount Dennis (115),D12,622188.4516,4837919.2842
3243,5351643,1034749,4/13/2008 8:00:00 AM,1110,LAMBTON AVE,WESTON RD,,Minor Arterial,Etobicoke York,43.684245,-79.48399,At Intersection,Traffic Signal,Clear,Daylight,Dry,Non-Fatal Injury,Rear End,Driver,40 to 44,None,,West,"Automobile, Station Wagon",Stopped,Driving Properly,Normal,,,,,,,,,Yes,,,,,Yes,,Yes,,,,115,Mount Dennis,115,Mount Dennis (115),D12,622188.4516,4837919.2842
3244,5351644,1034751,4/13/2008 8:00:00 AM,1430,KENNEDY RD,401 C E KENNEDY N RAMP RD E,,Major Arterial,Scarborough,43.773145,-79.28389,,Traffic Signal,Clear,Daylight,Dry,Non-Fatal Injury,Angle,Driver,50 to 54,Minor,,North,"Automobile, Station Wagon",Going Ahead,Disobeyed Traffic Control,Normal,,,,,,,,,Yes,,,,,Yes,,Yes,Yes,,,126,Dorset Park,126,Dorset Park (126),D41,638111.9441,4848107.2175
3245,5351645,1034751,4/13/2008 8:00:00 AM,1430,KENNEDY RD,401 C E KENNEDY N RAMP RD E,,Major Arterial,Scarborough,43.773145,-79.28389,,Traffic Signal,Clear,Daylight,Dry,Non-Fatal Injury,Angle,Passenger,60 to 64,Minor,,,Other,,,,,,,,,,,,Yes,,,,,Yes,,Yes,Yes,,,126,Dorset Park,126,Dorset Park (126),D41,638111.9441,4848107.2175
3246,5351646,1034751,4/13/2008 8:00:00 AM,1430,KENNEDY RD,401 C E KENNEDY N RAMP RD E,,Major Arterial,Scarborough,43.773145,-79.28389,,Traffic Signal,Clear,Daylight,Dry,Non-Fatal Injury,Angle,Driver,60 to 64,Major,,East,"Automobile, Station Wagon",Going Ahead,Driving Properly,Normal,,,,,,,,,Yes,,,,,Yes,,Yes,Yes,,,126,Dorset Park,126,Dorset Park (126),D41,638111.9441,4848107.2175
3247,5348046,1033146,4/13/2008 8:00:00 AM,1509,PAPE AVE,BAIN AVE,,Minor Arterial,Toronto and East York,43.672945,-79.34239,At Intersection,Stop Sign,Clear,Daylight,Dry,Non-Fatal Injury,Pedestrian Collisions,Driver,unknown,None,,South,"Automobile, Station Wagon",Unknown,Failed to Yield Right of Way,Unknown,,,,,,,Yes,,Yes,,,,,,,Yes,,,,68,North Riverdale,68,North Riverdale (68),D55,633626.4279,4836882.6319
3248,5348047,1033146,4/13/2008 8:00:00 AM,1509,PAPE AVE,BAIN AVE,,Minor Arterial,Toronto and East York,43.672945,-79.34239,At Intersection,Stop Sign,Clear,Daylight,Dry,Non-Fatal Injury,Pedestrian Collisions,Pedestrian,35 to 39,Major,,South,Other,Unknown,,,Pedestrian hit on sidewalk or shoulder,On Sidewalk or Shoulder,Medical or Physical Disability,,,,Yes,,Yes,,,,,,,Yes,,,,68,North Riverdale,68,North Riverdale (68),D55,633626.4279,4836882.6319
3249,5348518,1033337,4/14/2008 8:00:00 AM,1630,PARLIAMENT ST,WELLESLEY ST E,,Minor Arterial,Toronto and East York,43.668145,-79.36959,At Intersection,Traffic Signal,Clear,Daylight,Dry,Non-Fatal Injury,Pedestrian Collisions,Vehicle Owner,unknown,,,,Other,,,,,,,,,,Yes,,,,Yes,,,,,,,,,71,Cabbagetown-South St.James Town,71,Cabbagetown-South St.James Town (71),D51,631444.1837,4836306.0686
3250,5348519,1033337,4/14/2008 8:00:00 AM,1630,PARLIAMENT ST,WELLESLEY ST E,,Minor Arterial,Toronto and East York,43.668145,-79.36959,At Intersection,Traffic Signal,Clear,Daylight,Dry,Non-Fatal Injury,Pedestrian Collisions,Truck Driver,40 to 44,None,,North,Truck - Open,Turning Left,Driving Properly,Normal,,,,,,,Yes,,,,Yes,,,,,,,,,71,Cabbagetown-South St.James Town,71,Cabbagetown-South St.James Town (71),D51,631444.1837,4836306.0686
3251,5348520,1033337,4/14/2008 8:00:00 AM,1630,PARLIAMENT ST,WELLESLEY ST E,,Minor Arterial,Toronto and East York,43.668145,-79.36959,At Intersection,Traffic Signal,Clear,Daylight,Dry,Non-Fatal Injury,Pedestrian Collisions,Pedestrian,30 to 34,Major,,West,Other,,,,Vehicle turns left while ped crosses without ROW at inter.,Crossing without right of way,Had Been Drinking,,,,Yes,,,,Yes,,,,,,,,,71,Cabbagetown-South St.James Town,71,Cabbagetown-South St.James Town (71),D51,631444.1837,4836306.0686
3252,5351200,1034552,4/14/2008 8:00:00 AM,2321,FINCH AVE W,WESTMORE DR,,Major Arterial,Etobicoke York,43.734645,-79.60099,,Traffic Signal,Clear,Dark,Dry,Non-Fatal Injury,Rear End,Passenger,40 to 44,Major,,,Other,,,,,,,,,,,,Yes,,,,,Yes,,Yes,,,,1,West Humber-Clairville,1,West Humber-Clairville (1),D23,612663.869,4843351.1709
3253,5351201,1034552,4/14/2008 8:00:00 AM,2321,FINCH AVE W,WESTMORE DR,,Major Arterial,Etobicoke York,43.734645,-79.60099,,Traffic Signal,Clear,Dark,Dry,Non-Fatal Injury,Rear End,Passenger,25 to 29,Major,,,Other,,,,,,,,,,,,Yes,,,,,Yes,,Yes,,,,1,West Humber-Clairville,1,West Humber-Clairville (1),D23,612663.869,4843351.1709
3254,5351202,1034552,4/14/2008 8:00:00 AM,2321,FINCH AVE W,WESTMORE DR,,Major Arterial,Etobicoke York,43.734645,-79.60099,,Traffic Signal,Clear,Dark,Dry,Non-Fatal Injury,Rear End,Passenger,30 to 34,Minimal,,,Other,,,,,,,,,,,,Yes,,,,,Yes,,Yes,,,,1,West Humber-Clairville,1,West Humber-Clairville (1),D23,612663.869,4843351.1709
3255,5351203,1034552,4/14/2008 8:00:00 AM,2321,FINCH AVE W,WESTMORE DR,,Major Arterial,Etobicoke York,43.734645,-79.60099,,Traffic Signal,Clear,Dark,Dry,Non-Fatal Injury,Rear End,Driver,25 to 29,None,,West,"Automobile, Station Wagon",Stopped,Driving Properly,Normal,,,,,,,,,Yes,,,,,Yes,,Yes,,,,1,West Humber-Clairville,1,West Humber-Clairville (1),D23,612663.869,4843351.1709
3256,5351204,1034552,4/14/2008 8:00:00 AM,2321,FINCH AVE W,WESTMORE DR,,Major Arterial,Etobicoke York,43.734645,-79.60099,,Traffic Signal,Clear,Dark,Dry,Non-Fatal Injury,Rear End,Passenger,25 to 29,Major,,,Other,,,,,,,,,,,,Yes,,,,,Yes,,Yes,,,,1,West Humber-Clairville,1,West Humber-Clairville (1),D23,612663.869,4843351.1709
3257,5351205,1034552,4/14/2008 8:00:00 AM,2321,FINCH AVE W,WESTMORE DR,,Major Arterial,Etobicoke York,43.734645,-79.60099,,Traffic Signal,Clear,Dark,Dry,Non-Fatal Injury,Rear End,Passenger,50 to 54,Major,,,Other,,,,,,,,,,,,Yes,,,,,Yes,,Yes,,,,1,West Humber-Clairville,1,West Humber-Clairville (1),D23,612663.869,4843351.1709
3258,5351206,1034552,4/14/2008 8:00:00 AM,2321,FINCH AVE W,WESTMORE DR,,Major Arterial,Etobicoke York,43.734645,-79.60099,,Traffic Signal,Clear,Dark,Dry,Non-Fatal Injury,Rear End,Vehicle Owner,unknown,,,,Other,,,,,,,,,,,,Yes,,,,,Yes,,Yes,,,,1,West Humber-Clairville,1,West Humber-Clairville (1),D23,612663.869,4843351.1709
3259,5351207,1034552,4/14/2008 8:00:00 AM,2321,FINCH AVE W,WESTMORE DR,,Major Arterial,Etobicoke York,43.734645,-79.60099,,Traffic Signal,Clear,Dark,Dry,Non-Fatal Injury,Rear End,Driver,35 to 39,None,,West,"Automobile, Station Wagon",Going Ahead,Following too Close,Normal,,,,,,,,,Yes,,,,,Yes,,Yes,,,,1,West Humber-Clairville,1,West Humber-Clairville (1),D23,612663.869,4843351.1709
3260,5357850,1037550,4/15/2008 8:00:00 AM,2100,SHEPPARD Aven E,WASHBURN Way,,Major Arterial,Scarborough,43.796645,-79.22509,,No Control,Clear,Dark,Dry,Non-Fatal Injury,Pedestrian Collisions,Driver,35 to 39,None,,West,"Automobile, Station Wagon",Going Ahead,Driving Properly,Normal,,,,,,,Yes,,Yes,,,,,,,,,,,145,Malvern West,132,Malvern (132),D42,642788.2384,4850817.0336
3261,5357851,1037550,4/15/2008 8:00:00 AM,2100,SHEPPARD Aven E,WASHBURN Way,,Major Arterial,Scarborough,43.796645,-79.22509,,No Control,Clear,Dark,Dry,Non-Fatal Injury,Pedestrian Collisions,Pedestrian,15 to 19,Major,,South,Other,,,,Pedestrian hit at mid-block,"Crossing, no Traffic Control",Unknown,,,,Yes,,Yes,,,,,,,,,,,145,Malvern West,132,Malvern (132),D42,642788.2384,4850817.0336
3262,5349470,1033770,4/15/2008 8:00:00 AM,2225,STEELES AVE W,YONGE ST,,Major Arterial,North York,43.797945,-79.42009,At Intersection,Traffic Signal,Clear,Daylight,Dry,Non-Fatal Injury,Rear End,Driver,20 to 24,None,,East,"Automobile, Station Wagon",Slowing or Stopping,Following too Close,Normal,,,,,,,,,Yes,,,,,,,Yes,,,,36,Newtonbrook West,36,Newtonbrook West (36),D32,627097.9409,4850643.4641
3263,5349471,1033770,4/15/2008 8:00:00 AM,2225,STEELES AVE W,YONGE ST,,Major Arterial,North York,43.797945,-79.42009,At Intersection,Traffic Signal,Clear,Daylight,Dry,Non-Fatal Injury,Rear End,Driver,25 to 29,Major,,East,"Automobile, Station Wagon",Stopped,Driving Properly,Normal,,,,,,,,,Yes,,,,,,,Yes,,,,36,Newtonbrook West,36,Newtonbrook West (36),D32,627097.9409,4850643.4641
3264,5355240,1036361,4/18/2008 8:00:00 AM,1405,YONGE ST,CARLTON ST,,Major Arterial,Toronto and East York,43.661345,-79.38309,At Intersection,Traffic Signal,Clear,Daylight,Dry,Non-Fatal Injury,Pedestrian Collisions,Vehicle Owner,unknown,,,,Other,,,,,,,,,,Yes,,Yes,,,,,,,Yes,,,,168,Downtown Yonge East,75,Church-Yonge Corridor (75),D51,630370.517,4835529.5355
3265,5355241,1036361,4/18/2008 8:00:00 AM,1405,YONGE ST,CARLTON ST,,Major Arterial,Toronto and East York,43.661345,-79.38309,At Intersection,Traffic Signal,Clear,Daylight,Dry,Non-Fatal Injury,Pedestrian Collisions,Driver,45 to 49,None,,North,"Automobile, Station Wagon",Slowing or Stopping,Failed to Yield Right of Way,Normal,,,,,,,Yes,,Yes,,,,,,,Yes,,,,168,Downtown Yonge East,75,Church-Yonge Corridor (75),D51,630370.517,4835529.5355
3266,5355242,1036361,4/18/2008 8:00:00 AM,1405,YONGE ST,CARLTON ST,,Major Arterial,Toronto and East York,43.661345,-79.38309,At Intersection,Traffic Signal,Clear,Daylight,Dry,Non-Fatal Injury,Pedestrian Collisions,Pedestrian,20 to 24,Major,,West,Other,,,,Vehicle is going straight thru inter.while ped cross with ROW,Crossing with right of way,Normal,,,,Yes,,Yes,,,,,,,Yes,,,,168,Downtown Yonge East,75,Church-Yonge Corridor (75),D51,630370.517,4835529.5355
3267,5355501,1036484,4/19/2008 8:00:00 AM,1240,CARLAW AVE,VICTOR AVE,,Minor Arterial,Toronto and East York,43.669145,-79.34339,At Intersection,No Control,Clear,Daylight,Dry,Non-Fatal Injury,Pedestrian Collisions,Driver,45 to 49,None,,South,"Automobile, Station Wagon",Slowing or Stopping,Driving Properly,Normal,,,,,,,Yes,,Yes,,,,,,,,,,,68,North Riverdale,68,North Riverdale (68),D55,633554.2415,4836458.9798