OBJECTID,INDEX,ACCNUM,DATE,TIME,STREET1,STREET2,OFFSET,ROAD_CLASS,DISTRICT,LATITUDE,LONGITUDE,ACCLOC,TRAFFCTL,VISIBILITY,LIGHT,RDSFCOND,ACCLASS,IMPACTYPE,INVTYPE,INVAGE,INJURY,FATAL_NO,INITDIR,VEHTYPE,MANOEUVER,DRIVACT,DRIVCOND,PEDTYPE,PEDACT,PEDCOND,CYCLISTYPE,CYCACT,CYCCOND,PEDESTRIAN,CYCLIST,AUTOMOBILE,MOTORCYCLE,TRUCK,TRSN_CITY_VEH,EMERG_VEH,PASSENGER,SPEEDING,AG_DRIV,REDLIGHT,ALCOHOL,DISABILITY,HOOD_158,NEIGHBOURHOOD_158,HOOD_140,NEIGHBOURHOOD_140,DIVISION,x,y
3329,5367499,1041784,5/9/2008 8:00:00 AM,1956,ST CLAIR AVE W,BATHURST ST,,Major Arterial,Toronto and East York,43.683093,-79.418262,At Intersection,Traffic Signal,Clear,Daylight,Dry,Non-Fatal Injury,Pedestrian Collisions,Driver,40 to 44,None,,West,Municipal Transit Bus (TTC),Pulling Away from Shoulder or Curb,Failed to Yield Right of Way,Inattentive,,,,,,,Yes,,,,,Yes,,,,Yes,,,,96,Casa Loma,96,Casa Loma (96),D13,627488.5333,4837890.2764
3330,5367500,1041784,5/9/2008 8:00:00 AM,1956,ST CLAIR AVE W,BATHURST ST,,Major Arterial,Toronto and East York,43.683093,-79.418262,At Intersection,Traffic Signal,Clear,Daylight,Dry,Non-Fatal Injury,Pedestrian Collisions,Pedestrian,60 to 64,Major,,South,,,,,Pedestrian involved in a collision with transit vehicle anywhere along roadway,Person Getting on/off Vehicle,Normal,,,,Yes,,,,,Yes,,,,Yes,,,,96,Casa Loma,96,Casa Loma (96),D13,627488.5333,4837890.2764
3331,5430120,1069312,5/9/2008 8:00:00 AM,2240,31 MOORE PARK AVE,,,Local,North York,43.793245,-79.42169,,No Control,Clear,Dark,Dry,Non-Fatal Injury,Pedestrian Collisions,Vehicle Owner,unknown,,,,Other,,,,,,,,,,Yes,,,,,,,,,,,,,36,Newtonbrook West,36,Newtonbrook West (36),D32,626979.1802,4850118.9997
3332,5430121,1069312,5/9/2008 8:00:00 AM,2240,31 MOORE PARK AVE,,,Local,North York,43.793245,-79.42169,,No Control,Clear,Dark,Dry,Non-Fatal Injury,Pedestrian Collisions,Driver,unknown,None,,South,Other,Reversing,Other,Normal,,,,,,,Yes,,,,,,,,,,,,,36,Newtonbrook West,36,Newtonbrook West (36),D32,626979.1802,4850118.9997
3333,5430122,1069312,5/9/2008 8:00:00 AM,2240,31 MOORE PARK AVE,,,Local,North York,43.793245,-79.42169,,No Control,Clear,Dark,Dry,Non-Fatal Injury,Pedestrian Collisions,Pedestrian,50 to 54,Major,,,Other,,,,Vehicle is reversing and hits pedestrian,Person Getting on/off Vehicle,Normal,,,,Yes,,,,,,,,,,,,,36,Newtonbrook West,36,Newtonbrook West (36),D32,626979.1802,4850118.9997
3334,5357527,1037389,5/10/2008 8:00:00 AM,1216,DUFFERIN ST,ROGERS RD,,Major Arterial,Toronto and East York,43.685545,-79.44609,At Intersection,Traffic Signal,Clear,Daylight,Dry,Non-Fatal Injury,Pedestrian Collisions,Driver,60 to 64,None,,North,"Automobile, Station Wagon",Going Ahead,Driving Properly,Normal,,,,,,,Yes,,Yes,,,,,,,,,,,107,Oakwood Village,107,Oakwood Village (107),D13,625240.4651,4838120.2033
3335,5357528,1037389,5/10/2008 8:00:00 AM,1216,DUFFERIN ST,ROGERS RD,,Major Arterial,Toronto and East York,43.685545,-79.44609,At Intersection,Traffic Signal,Clear,Daylight,Dry,Non-Fatal Injury,Pedestrian Collisions,Pedestrian,30 to 34,Major,,West,Other,,,,Vehicle is going straight thru inter.while ped cross without ROW,Crossing without right of way,Normal,,,,Yes,,Yes,,,,,,,,,,,107,Oakwood Village,107,Oakwood Village (107),D13,625240.4651,4838120.2033
3336,5359679,1038340,5/13/2008 8:00:00 AM,2030,EGLINTON AVE E,CREDIT UNION DR,,Major Arterial,North York,43.725945,-79.31939,,No Control,Clear,Dark,Dry,Fatal,Approaching,Vehicle Owner,unknown,,,,Other,,,,,,,,,,,,Yes,,,,,Yes,Yes,Yes,,,,43,Victoria Village,43,Victoria Village (43),D33,635361.2475,4842806.3417
3337,5359680,1038340,5/13/2008 8:00:00 AM,2030,EGLINTON AVE E,CREDIT UNION DR,,Major Arterial,North York,43.725945,-79.31939,,No Control,Clear,Dark,Dry,Fatal,Approaching,Driver,25 to 29,Minor,,East,"Automobile, Station Wagon",Going Ahead,Driving Properly,Normal,,,,,,,,,Yes,,,,,Yes,Yes,Yes,,,,43,Victoria Village,43,Victoria Village (43),D33,635361.2475,4842806.3417
3338,5359681,1038340,5/13/2008 8:00:00 AM,2030,EGLINTON AVE E,CREDIT UNION DR,,Major Arterial,North York,43.725945,-79.31939,,No Control,Clear,Dark,Dry,Fatal,Approaching,Driver,55 to 59,Minor,,East,"Automobile, Station Wagon",Going Ahead,Driving Properly,Normal,,,,,,,,,Yes,,,,,Yes,Yes,Yes,,,,43,Victoria Village,43,Victoria Village (43),D33,635361.2475,4842806.3417
3339,5359682,1038340,5/13/2008 8:00:00 AM,2030,EGLINTON AVE E,CREDIT UNION DR,,Major Arterial,North York,43.725945,-79.31939,,No Control,Clear,Dark,Dry,Fatal,Approaching,Vehicle Owner,unknown,,,,Other,,,,,,,,,,,,Yes,,,,,Yes,Yes,Yes,,,,43,Victoria Village,43,Victoria Village (43),D33,635361.2475,4842806.3417
3340,5359683,1038340,5/13/2008 8:00:00 AM,2030,EGLINTON AVE E,CREDIT UNION DR,,Major Arterial,North York,43.725945,-79.31939,,No Control,Clear,Dark,Dry,Fatal,Approaching,Driver,25 to 29,Minor,,East,"Automobile, Station Wagon",Going Ahead,Driving Properly,Normal,,,,,,,,,Yes,,,,,Yes,Yes,Yes,,,,43,Victoria Village,43,Victoria Village (43),D33,635361.2475,4842806.3417
3341,5359684,1038340,5/13/2008 8:00:00 AM,2030,EGLINTON AVE E,CREDIT UNION DR,,Major Arterial,North York,43.725945,-79.31939,,No Control,Clear,Dark,Dry,Fatal,Approaching,Driver,30 to 34,Minor,,East,"Automobile, Station Wagon",Going Ahead,Driving Properly,Unknown,,,,,,,,,Yes,,,,,Yes,Yes,Yes,,,,43,Victoria Village,43,Victoria Village (43),D33,635361.2475,4842806.3417
3342,5359685,1038340,5/13/2008 8:00:00 AM,2030,EGLINTON AVE E,CREDIT UNION DR,,Major Arterial,North York,43.725945,-79.31939,,No Control,Clear,Dark,Dry,Fatal,Approaching,Passenger,30 to 34,None,,,Other,,,,,,,,,,,,Yes,,,,,Yes,Yes,Yes,,,,43,Victoria Village,43,Victoria Village (43),D33,635361.2475,4842806.3417
3343,5359686,1038340,5/13/2008 8:00:00 AM,2030,EGLINTON AVE E,CREDIT UNION DR,,Major Arterial,North York,43.725945,-79.31939,,No Control,Clear,Dark,Dry,Fatal,Approaching,Passenger,25 to 29,Minor,,,Other,,,,,,,,,,,,Yes,,,,,Yes,Yes,Yes,,,,43,Victoria Village,43,Victoria Village (43),D33,635361.2475,4842806.3417
3344,5359687,1038340,5/13/2008 8:00:00 AM,2030,EGLINTON AVE E,CREDIT UNION DR,,Major Arterial,North York,43.725945,-79.31939,,No Control,Clear,Dark,Dry,Fatal,Approaching,Passenger,20 to 24,Major,,,Other,,,,,,,,,,,,Yes,,,,,Yes,Yes,Yes,,,,43,Victoria Village,43,Victoria Village (43),D33,635361.2475,4842806.3417
3345,5359688,1038340,5/13/2008 8:00:00 AM,2030,EGLINTON AVE E,CREDIT UNION DR,,Major Arterial,North York,43.725945,-79.31939,,No Control,Clear,Dark,Dry,Fatal,Approaching,Passenger,15 to 19,Major,,,Other,,,,,,,,,,,,Yes,,,,,Yes,Yes,Yes,,,,43,Victoria Village,43,Victoria Village (43),D33,635361.2475,4842806.3417
3346,5359689,1038340,5/13/2008 8:00:00 AM,2030,EGLINTON AVE E,CREDIT UNION DR,,Major Arterial,North York,43.725945,-79.31939,,No Control,Clear,Dark,Dry,Fatal,Approaching,Passenger,20 to 24,Fatal,18,,Other,,,,,,,,,,,,Yes,,,,,Yes,Yes,Yes,,,,43,Victoria Village,43,Victoria Village (43),D33,635361.2475,4842806.3417
3347,5359690,1038340,5/13/2008 8:00:00 AM,2030,EGLINTON AVE E,CREDIT UNION DR,,Major Arterial,North York,43.725945,-79.31939,,No Control,Clear,Dark,Dry,Fatal,Approaching,Passenger,15 to 19,Fatal,19,,Other,,,,,,,,,,,,Yes,,,,,Yes,Yes,Yes,,,,43,Victoria Village,43,Victoria Village (43),D33,635361.2475,4842806.3417
3348,5359691,1038340,5/13/2008 8:00:00 AM,2030,EGLINTON AVE E,CREDIT UNION DR,,Major Arterial,North York,43.725945,-79.31939,,No Control,Clear,Dark,Dry,Fatal,Approaching,Driver,20 to 24,Minor,,West,"Automobile, Station Wagon",Going Ahead,Exceeding Speed Limit,Had Been Drinking,,,,,,,,,Yes,,,,,Yes,Yes,Yes,,,,43,Victoria Village,43,Victoria Village (43),D33,635361.2475,4842806.3417
3349,5359692,1038340,5/13/2008 8:00:00 AM,2030,EGLINTON AVE E,CREDIT UNION DR,,Major Arterial,North York,43.725945,-79.31939,,No Control,Clear,Dark,Dry,Fatal,Approaching,Vehicle Owner,unknown,,,,Other,,,,,,,,,,,,Yes,,,,,Yes,Yes,Yes,,,,43,Victoria Village,43,Victoria Village (43),D33,635361.2475,4842806.3417
3350,5359693,1038340,5/13/2008 8:00:00 AM,2030,EGLINTON AVE E,CREDIT UNION DR,,Major Arterial,North York,43.725945,-79.31939,,No Control,Clear,Dark,Dry,Fatal,Approaching,Driver,30 to 34,Minor,,East,"Automobile, Station Wagon",Going Ahead,Driving Properly,Normal,,,,,,,,,Yes,,,,,Yes,Yes,Yes,,,,43,Victoria Village,43,Victoria Village (43),D33,635361.2475,4842806.3417
3351,5359694,1038340,5/13/2008 8:00:00 AM,2030,EGLINTON AVE E,CREDIT UNION DR,,Major Arterial,North York,43.725945,-79.31939,,No Control,Clear,Dark,Dry,Fatal,Approaching,Vehicle Owner,unknown,,,,Other,,,,,,,,,,,,Yes,,,,,Yes,Yes,Yes,,,,43,Victoria Village,43,Victoria Village (43),D33,635361.2475,4842806.3417
3352,5359544,1038269,5/14/2008 8:00:00 AM,800,PECKHAM AVE,GREENWIN VILLAGE RD,,Collector,North York,43.792745,-79.43679,,Stop Sign,Clear,Daylight,Dry,Non-Fatal Injury,Pedestrian Collisions,Driver,65 to 69,None,,South,"Automobile, Station Wagon",Turning Left,Failed to Yield Right of Way,Inattentive,,,,,,,Yes,,Yes,,,,,,,Yes,,,,36,Newtonbrook West,36,Newtonbrook West (36),D32,625765.384,4850040.4122
3353,5359545,1038269,5/14/2008 8:00:00 AM,800,PECKHAM AVE,GREENWIN VILLAGE RD,,Collector,North York,43.792745,-79.43679,,Stop Sign,Clear,Daylight,Dry,Non-Fatal Injury,Pedestrian Collisions,Pedestrian,45 to 49,Major,,North,Other,,,,Vehicle turns left while ped crosses with ROW at inter.,Crossing with right of way,Normal,,,,Yes,,Yes,,,,,,,Yes,,,,36,Newtonbrook West,36,Newtonbrook West (36),D32,625765.384,4850040.4122
3354,5360089,1038512,5/15/2008 8:00:00 AM,950,RATHBURN Road,THE EAST MALL,,Minor Arterial,Etobicoke York,43.654945,-79.56429,At Intersection,Traffic Signal,Clear,Daylight,Dry,Non-Fatal Injury,Turning Movement,Driver,35 to 39,None,,East,"Automobile, Station Wagon",Turning Left,Driving Properly,Normal,,,,,,,,,Yes,,,,,,,Yes,Yes,,Yes,11,Eringate-Centennial-West Deane,11,Eringate-Centennial-West Deane (11),D22,615772.6413,4834549.9666
3355,5360090,1038512,5/15/2008 8:00:00 AM,950,RATHBURN Road,THE EAST MALL,,Minor Arterial,Etobicoke York,43.654945,-79.56429,At Intersection,Traffic Signal,Clear,Daylight,Dry,Non-Fatal Injury,Turning Movement,Driver,80 to 84,Major,,West,"Automobile, Station Wagon",Going Ahead,Disobeyed Traffic Control,Medical or Physical Disability,,,,,,,,,Yes,,,,,,,Yes,Yes,,Yes,11,Eringate-Centennial-West Deane,11,Eringate-Centennial-West Deane (11),D22,615772.6413,4834549.9666
3356,5360108,1038517,5/15/2008 8:00:00 AM,1403,AVENUE RD,YORKVILLE AVE,,Major Arterial,Toronto and East York,43.670345,-79.39479,At Intersection,Traffic Signal,Clear,Daylight,Dry,Non-Fatal Injury,Pedestrian Collisions,Pedestrian,70 to 74,Major,,,Other,,,,Vehicle turns left while ped crosses with ROW at inter.,Crossing with right of way,Normal,,,,Yes,,Yes,,,,,,,Yes,,,,95,Annex,95,Annex (95),D53,629407.8025,4836510.7875
3357,5360109,1038517,5/15/2008 8:00:00 AM,1403,AVENUE RD,YORKVILLE AVE,,Major Arterial,Toronto and East York,43.670345,-79.39479,At Intersection,Traffic Signal,Clear,Daylight,Dry,Non-Fatal Injury,Pedestrian Collisions,Vehicle Owner,unknown,,,,Other,,,,,,,,,,Yes,,Yes,,,,,,,Yes,,,,95,Annex,95,Annex (95),D53,629407.8025,4836510.7875
3358,5360110,1038517,5/15/2008 8:00:00 AM,1403,AVENUE RD,YORKVILLE AVE,,Major Arterial,Toronto and East York,43.670345,-79.39479,At Intersection,Traffic Signal,Clear,Daylight,Dry,Non-Fatal Injury,Pedestrian Collisions,Driver,35 to 39,None,,West,"Automobile, Station Wagon",Turning Left,Failed to Yield Right of Way,Inattentive,,,,,,,Yes,,Yes,,,,,,,Yes,,,,95,Annex,95,Annex (95),D53,629407.8025,4836510.7875
3359,5360102,1038516,5/15/2008 8:00:00 AM,1428,FINCH AVE W,SENLAC RD,,Major Arterial,North York,43.776445,-79.43029,At Intersection,Traffic Signal,Clear,"Daylight, artificial",Dry,Non-Fatal Injury,Turning Movement,Passenger,80 to 84,Major,,,Other,,,,,,,,,,,,Yes,,,,,Yes,,Yes,,,,37,Willowdale West,37,Willowdale West (37),D32,626322.6626,4848239.9431
3360,5360103,1038516,5/15/2008 8:00:00 AM,1428,FINCH AVE W,SENLAC RD,,Major Arterial,North York,43.776445,-79.43029,At Intersection,Traffic Signal,Clear,"Daylight, artificial",Dry,Non-Fatal Injury,Turning Movement,Driver,90 to 94,Minimal,,West,"Automobile, Station Wagon",Turning Left,Failed to Yield Right of Way,Normal,,,,,,,,,Yes,,,,,Yes,,Yes,,,,37,Willowdale West,37,Willowdale West (37),D32,626322.6626,4848239.9431
3361,5360104,1038516,5/15/2008 8:00:00 AM,1428,FINCH AVE W,SENLAC RD,,Major Arterial,North York,43.776445,-79.43029,At Intersection,Traffic Signal,Clear,"Daylight, artificial",Dry,Non-Fatal Injury,Turning Movement,Passenger,20 to 24,None,,,Other,,,,,,,,,,,,Yes,,,,,Yes,,Yes,,,,37,Willowdale West,37,Willowdale West (37),D32,626322.6626,4848239.9431
3362,5360105,1038516,5/15/2008 8:00:00 AM,1428,FINCH AVE W,SENLAC RD,,Major Arterial,North York,43.776445,-79.43029,At Intersection,Traffic Signal,Clear,"Daylight, artificial",Dry,Non-Fatal Injury,Turning Movement,Vehicle Owner,unknown,,,,Other,,,,,,,,,,,,Yes,,,,,Yes,,Yes,,,,37,Willowdale West,37,Willowdale West (37),D32,626322.6626,4848239.9431
3363,5360106,1038516,5/15/2008 8:00:00 AM,1428,FINCH AVE W,SENLAC RD,,Major Arterial,North York,43.776445,-79.43029,At Intersection,Traffic Signal,Clear,"Daylight, artificial",Dry,Non-Fatal Injury,Turning Movement,Driver,25 to 29,None,,East,"Automobile, Station Wagon",Going Ahead,Driving Properly,Normal,,,,,,,,,Yes,,,,,Yes,,Yes,,,,37,Willowdale West,37,Willowdale West (37),D32,626322.6626,4848239.9431
3364,5360107,1038516,5/15/2008 8:00:00 AM,1428,FINCH AVE W,SENLAC RD,,Major Arterial,North York,43.776445,-79.43029,At Intersection,Traffic Signal,Clear,"Daylight, artificial",Dry,Non-Fatal Injury,Turning Movement,Other Property Owner,unknown,,,,Other,,,,,,,,,,,,Yes,,,,,Yes,,Yes,,,,37,Willowdale West,37,Willowdale West (37),D32,626322.6626,4848239.9431
3365,5368592,1042286,5/15/2008 8:00:00 AM,1920,WOBURN AVE,GREY RD,,Collector,North York,43.724845,-79.41979,At Intersection,Stop Sign,Clear,Daylight,Dry,Non-Fatal Injury,Cyclist Collisions,Driver,60 to 64,None,,West,"Automobile, Station Wagon",Going Ahead,Driving Properly,Normal,,,,,,,,Yes,Yes,,,,,,,,,,,39,Bedford Park-Nortown,39,Bedford Park-Nortown (39),D32,627276.9879,4842525.0721
3366,5368593,1042286,5/15/2008 8:00:00 AM,1920,WOBURN AVE,GREY RD,,Collector,North York,43.724845,-79.41979,At Intersection,Stop Sign,Clear,Daylight,Dry,Non-Fatal Injury,Cyclist Collisions,Cyclist,35 to 39,Major,,North,Bicycle,Going Ahead,,,,,,"Cyclist without ROW rides into path of motorist at inter, lnwy, dwy-Cyclist not turn.",Failed to Yield Right of Way,Normal,,Yes,Yes,,,,,,,,,,,39,Bedford Park-Nortown,39,Bedford Park-Nortown (39),D32,627276.9879,4842525.0721
3367,5365117,1040690,5/18/2008 8:00:00 AM,535,FINCH AVE W,MADELINE RD,,Major Arterial,North York,43.778445,-79.42159,At Intersection,No Control,Clear,Dark,Dry,Non-Fatal Injury,SMV Other,Driver,25 to 29,Major,,West,"Automobile, Station Wagon",Going Ahead,Lost control,Had Been Drinking,,,,,,,,,Yes,,,,,,,,,,,36,Newtonbrook West,36,Newtonbrook West (36),D32,627018.5679,4848475.3844
3368,5365118,1040690,5/18/2008 8:00:00 AM,535,FINCH AVE W,MADELINE RD,,Major Arterial,North York,43.778445,-79.42159,At Intersection,No Control,Clear,Dark,Dry,Non-Fatal Injury,SMV Other,Other Property Owner,unknown,,,,Other,,,,,,,,,,,,Yes,,,,,,,,,,,36,Newtonbrook West,36,Newtonbrook West (36),D32,627018.5679,4848475.3844
3369,5367083,1041602,5/18/2008 8:00:00 AM,840,LAWSON Rd,MEADOWVALE Rd,,Collector,Scarborough,43.784845,-79.16249,,No Control,Clear,Daylight,Dry,Non-Fatal Injury,Approaching,Vehicle Owner,unknown,,,,Other,,,,,,,,,,,,Yes,,,,,Yes,,,,,,133,Centennial Scarborough,133,Centennial Scarborough (133),D43,647853.4529,4849616.3671
3370,5367084,1041602,5/18/2008 8:00:00 AM,840,LAWSON Rd,MEADOWVALE Rd,,Collector,Scarborough,43.784845,-79.16249,,No Control,Clear,Daylight,Dry,Non-Fatal Injury,Approaching,Driver,40 to 44,Major,,West,"Automobile, Station Wagon",Going Ahead,Driving Properly,Normal,,,,,,,,,Yes,,,,,Yes,,,,,,133,Centennial Scarborough,133,Centennial Scarborough (133),D43,647853.4529,4849616.3671
3371,5367085,1041602,5/18/2008 8:00:00 AM,840,LAWSON Rd,MEADOWVALE Rd,,Collector,Scarborough,43.784845,-79.16249,,No Control,Clear,Daylight,Dry,Non-Fatal Injury,Approaching,Passenger,65 to 69,Major,,,Other,,,,,,,,,,,,Yes,,,,,Yes,,,,,,133,Centennial Scarborough,133,Centennial Scarborough (133),D43,647853.4529,4849616.3671
3372,5367086,1041602,5/18/2008 8:00:00 AM,840,LAWSON Rd,MEADOWVALE Rd,,Collector,Scarborough,43.784845,-79.16249,,No Control,Clear,Daylight,Dry,Non-Fatal Injury,Approaching,Driver,35 to 39,Minor,,East,"Automobile, Station Wagon",Going Ahead,Lost control,Normal,,,,,,,,,Yes,,,,,Yes,,,,,,133,Centennial Scarborough,133,Centennial Scarborough (133),D43,647853.4529,4849616.3671
3373,5375083,1045205,5/20/2008 8:00:00 AM,1840,ST CLAIR AVE W,VAUGHAN RD,,Major Arterial,Toronto and East York,43.682745,-79.42019,At Intersection,Traffic Signal,Clear,Daylight,Dry,Non-Fatal Injury,Rear End,Driver,50 to 54,Major,,East,"Automobile, Station Wagon",Stopped,Driving Properly,Normal,,,,,,,,,Yes,,,,,,,Yes,,,,94,Wychwood,94,Wychwood (94),D13,627333.8707,4837848.6644
3374,5375084,1045205,5/20/2008 8:00:00 AM,1840,ST CLAIR AVE W,VAUGHAN RD,,Major Arterial,Toronto and East York,43.682745,-79.42019,At Intersection,Traffic Signal,Clear,Daylight,Dry,Non-Fatal Injury,Rear End,Driver,40 to 44,Minor,,East,"Automobile, Station Wagon",Stopped,Driving Properly,Normal,,,,,,,,,Yes,,,,,,,Yes,,,,94,Wychwood,94,Wychwood (94),D13,627333.8707,4837848.6644
3375,5375085,1045205,5/20/2008 8:00:00 AM,1840,ST CLAIR AVE W,VAUGHAN RD,,Major Arterial,Toronto and East York,43.682745,-79.42019,At Intersection,Traffic Signal,Clear,Daylight,Dry,Non-Fatal Injury,Rear End,Vehicle Owner,unknown,,,,Other,,,,,,,,,,,,Yes,,,,,,,Yes,,,,94,Wychwood,94,Wychwood (94),D13,627333.8707,4837848.6644
3376,5375086,1045205,5/20/2008 8:00:00 AM,1840,ST CLAIR AVE W,VAUGHAN RD,,Major Arterial,Toronto and East York,43.682745,-79.42019,At Intersection,Traffic Signal,Clear,Daylight,Dry,Non-Fatal Injury,Rear End,Driver,40 to 44,None,,East,"Automobile, Station Wagon",Going Ahead,Following too Close,Inattentive,,,,,,,,,Yes,,,,,,,Yes,,,,94,Wychwood,94,Wychwood (94),D13,627333.8707,4837848.6644
3377,5362590,1039584,5/22/2008 8:00:00 AM,1310,EGLINTON AVE W,ELMSTHORPE AVE,,Major Arterial,North York,43.704245,-79.41029,,No Control,Clear,Daylight,Dry,Fatal,Cyclist Collisions,Driver,55 to 59,None,,East,Delivery Van,Going Ahead,Driving Properly,Normal,,,,,,,,Yes,Yes,,,,,,,,,,,103,Lawrence Park South,103,Lawrence Park South (103),D53,628086.0465,4840251.7839
3378,5362591,1039584,5/22/2008 8:00:00 AM,1310,EGLINTON AVE W,ELMSTHORPE AVE,,Major Arterial,North York,43.704245,-79.41029,,No Control,Clear,Daylight,Dry,Fatal,Cyclist Collisions,Vehicle Owner,unknown,,,,Other,,,,,,,,,,,Yes,Yes,,,,,,,,,,,103,Lawrence Park South,103,Lawrence Park South (103),D53,628086.0465,4840251.7839
3379,5362592,1039584,5/22/2008 8:00:00 AM,1310,EGLINTON AVE W,ELMSTHORPE AVE,,Major Arterial,North York,43.704245,-79.41029,,No Control,Clear,Daylight,Dry,Fatal,Cyclist Collisions,Driver,40 to 44,None,,East,"Automobile, Station Wagon",Parked,Other,Inattentive,,,,,,,,Yes,Yes,,,,,,,,,,,103,Lawrence Park South,103,Lawrence Park South (103),D53,628086.0465,4840251.7839
3380,5362593,1039584,5/22/2008 8:00:00 AM,1310,EGLINTON AVE W,ELMSTHORPE AVE,,Major Arterial,North York,43.704245,-79.41029,,No Control,Clear,Daylight,Dry,Fatal,Cyclist Collisions,Cyclist,55 to 59,Fatal,20,East,Bicycle,Going Ahead,,,,,,Cyclist struck opened vehicle door,Driving Properly,Unknown,,Yes,Yes,,,,,,,,,,,103,Lawrence Park South,103,Lawrence Park South (103),D53,628086.0465,4840251.7839
3381,5367605,1041835,5/23/2008 8:00:00 AM,1244,KIPLING AVE,SNARESBROOK DR,,Major Arterial,Etobicoke York,43.721645,-79.57149,At Intersection,Traffic Signal,Clear,Daylight,Dry,Non-Fatal Injury,Pedestrian Collisions,Vehicle Owner,unknown,,,,Other,,,,,,,,,,Yes,,Yes,,,,,,,,,,,1,West Humber-Clairville,1,West Humber-Clairville (1),D23,615064.4418,4841947.8711
3382,5367606,1041835,5/23/2008 8:00:00 AM,1244,KIPLING AVE,SNARESBROOK DR,,Major Arterial,Etobicoke York,43.721645,-79.57149,At Intersection,Traffic Signal,Clear,Daylight,Dry,Non-Fatal Injury,Pedestrian Collisions,Driver,35 to 39,None,,North,"Automobile, Station Wagon",Going Ahead,Driving Properly,Normal,,,,,,,Yes,,Yes,,,,,,,,,,,1,West Humber-Clairville,1,West Humber-Clairville (1),D23,615064.4418,4841947.8711
3383,5367607,1041835,5/23/2008 8:00:00 AM,1244,KIPLING AVE,SNARESBROOK DR,,Major Arterial,Etobicoke York,43.721645,-79.57149,At Intersection,Traffic Signal,Clear,Daylight,Dry,Non-Fatal Injury,Pedestrian Collisions,Pedestrian,10 to 14,Major,,West,Other,,,,Vehicle is going straight thru inter.while ped cross without ROW,Crossing without right of way,Inattentive,,,,Yes,,Yes,,,,,,,,,,,1,West Humber-Clairville,1,West Humber-Clairville (1),D23,615064.4418,4841947.8711
3384,5368873,1042389,5/23/2008 8:00:00 AM,2135,CENTENNIAL PARK Rd,RATHBURN Rd,,Minor Arterial,Etobicoke York,43.650745,-79.58149,,No Control,Clear,Dark,Dry,Non-Fatal Injury,Turning Movement,Passenger,25 to 29,Major,,,Other,,,,,,,,,,,,Yes,Yes,,,,Yes,,Yes,,,,11,Eringate-Centennial-West Deane,11,Eringate-Centennial-West Deane (11),D22,614393.6326,4834059.6505
3385,5368874,1042389,5/23/2008 8:00:00 AM,2135,CENTENNIAL PARK Rd,RATHBURN Rd,,Minor Arterial,Etobicoke York,43.650745,-79.58149,,No Control,Clear,Dark,Dry,Non-Fatal Injury,Turning Movement,Motorcycle Driver,20 to 24,Minor,,North,Motorcycle,Going Ahead,Lost control,Normal,,,,,,,,,Yes,Yes,,,,Yes,,Yes,,,,11,Eringate-Centennial-West Deane,11,Eringate-Centennial-West Deane (11),D22,614393.6326,4834059.6505
3386,5368875,1042389,5/23/2008 8:00:00 AM,2135,CENTENNIAL PARK Rd,RATHBURN Rd,,Minor Arterial,Etobicoke York,43.650745,-79.58149,,No Control,Clear,Dark,Dry,Non-Fatal Injury,Turning Movement,Driver,20 to 24,None,,West,"Automobile, Station Wagon",Turning Left,Failed to Yield Right of Way,Normal,,,,,,,,,Yes,Yes,,,,Yes,,Yes,,,,11,Eringate-Centennial-West Deane,11,Eringate-Centennial-West Deane (11),D22,614393.6326,4834059.6505
3387,5363175,1039861,5/24/2008 8:00:00 AM,30,BAYVIEW Aven,BLOOR Ramp,,,Toronto and East York,43.677146,-79.367893,,No Control,Clear,Dark,Dry,Fatal,SMV Other,Motorcycle Driver,25 to 29,Fatal,21,North,Motorcycle,Going Ahead,Exceeding Speed Limit,Unknown,,,,,,,,,,Yes,,,,,Yes,Yes,,,,98,Rosedale-Moore Park,98,Rosedale-Moore Park (98),D53,631561.3284,4837308.4419
3388,5368533,1042256,5/24/2008 8:00:00 AM,200,SPADINA AVE,CLARENCE SQ W,,Major Arterial,Toronto and East York,43.644845,-79.39479,,No Control,Clear,Dark,Dry,Non-Fatal Injury,SMV Other,Motorcycle Passenger,20 to 24,Minimal,,,Other,,,,,,,,,,,,,Yes,,,,Yes,,,,,,164,Wellington Place,77,Waterfront Communities-The Island (77),D52,629462.5924,4833678.6756
3389,5368534,1042256,5/24/2008 8:00:00 AM,200,SPADINA AVE,CLARENCE SQ W,,Major Arterial,Toronto and East York,43.644845,-79.39479,,No Control,Clear,Dark,Dry,Non-Fatal Injury,SMV Other,Motorcycle Driver,20 to 24,Major,,South,Motorcycle,Turning Left,Lost control,Normal,,,,,,,,,,Yes,,,,Yes,,,,,,164,Wellington Place,77,Waterfront Communities-The Island (77),D52,629462.5924,4833678.6756
3390,5368554,1042268,5/24/2008 8:00:00 AM,1238,CHRISTIE ST,LAMBERTLODGE AVE,,Minor Arterial,Toronto and East York,43.673845,-79.42239,At Intersection,Stop Sign,Clear,Daylight,Dry,Non-Fatal Injury,Cyclist Collisions,Driver,25 to 29,None,,South,"Automobile, Station Wagon",Turning Right,Failed to Yield Right of Way,Inattentive,,,,,,,,Yes,Yes,,,,,,,Yes,,,,94,Wychwood,94,Wychwood (94),D13,627175.3483,4836856.8237