OBJECTID,INDEX,ACCNUM,DATE,TIME,STREET1,STREET2,OFFSET,ROAD_CLASS,DISTRICT,LATITUDE,LONGITUDE,ACCLOC,TRAFFCTL,VISIBILITY,LIGHT,RDSFCOND,ACCLASS,IMPACTYPE,INVTYPE,INVAGE,INJURY,FATAL_NO,INITDIR,VEHTYPE,MANOEUVER,DRIVACT,DRIVCOND,PEDTYPE,PEDACT,PEDCOND,CYCLISTYPE,CYCACT,CYCCOND,PEDESTRIAN,CYCLIST,AUTOMOBILE,MOTORCYCLE,TRUCK,TRSN_CITY_VEH,EMERG_VEH,PASSENGER,SPEEDING,AG_DRIV,REDLIGHT,ALCOHOL,DISABILITY,HOOD_158,NEIGHBOURHOOD_158,HOOD_140,NEIGHBOURHOOD_140,DIVISION,x,y
3391,5368555,1042268,5/24/2008 8:00:00 AM,1238,CHRISTIE ST,LAMBERTLODGE AVE,,Minor Arterial,Toronto and East York,43.673845,-79.42239,At Intersection,Stop Sign,Clear,Daylight,Dry,Non-Fatal Injury,Cyclist Collisions,Cyclist,35 to 39,Major,,South,Bicycle,Going Ahead,,,,,,"Motorist turns right at non-signal Inter.(stop, yield, no cont.,and dwy) and strikes cyclist.",Driving Properly,Normal,,Yes,Yes,,,,,,,Yes,,,,94,Wychwood,94,Wychwood (94),D13,627175.3483,4836856.8237
3392,5376328,1045776,5/25/2008 8:00:00 AM,1215,2300 LAKE SHORE BLVD W,,,Major Arterial,Etobicoke York,43.618545,-79.48669,,No Control,Clear,Daylight,Dry,Non-Fatal Injury,Cyclist Collisions,Driver,20 to 24,None,,West,"Automobile, Station Wagon",Stopped,Failed to Yield Right of Way,Unknown,,,,,,,,Yes,Yes,,,,,,,Yes,,,,160,Mimico-Queensway,17,Mimico (includes Humber Bay Shores) (17),D22,622103.8966,4830618.4797
3393,5376329,1045776,5/25/2008 8:00:00 AM,1215,2300 LAKE SHORE BLVD W,,,Major Arterial,Etobicoke York,43.618545,-79.48669,,No Control,Clear,Daylight,Dry,Non-Fatal Injury,Cyclist Collisions,Cyclist,25 to 29,Major,,North,Bicycle,Going Ahead,,,,,,"Motorist without ROW drives into path of cyclist at inter, lnwy, dwy-Driver not turn.",Driving Properly,Normal,,Yes,Yes,,,,,,,Yes,,,,160,Mimico-Queensway,17,Mimico (includes Humber Bay Shores) (17),D22,622103.8966,4830618.4797
3394,5363703,1040090,5/26/2008 8:00:00 AM,1125,1835 YONGE ST,,,Major Arterial,Toronto and East York,43.696639,-79.396304,,No Control,Clear,Daylight,Dry,Non-Fatal Injury,Approaching,Driver,45 to 49,None,,South,"Automobile, Station Wagon",Going Ahead,Driving Properly,Normal,,,,,,,,,Yes,,,,,,,,,,Yes,174,South Eglinton-Davisville,104,Mount Pleasant West (104),D53,629229.2769,4839428.735
3395,5363704,1040090,5/26/2008 8:00:00 AM,1125,1835 YONGE ST,,,Major Arterial,Toronto and East York,43.696639,-79.396304,,No Control,Clear,Daylight,Dry,Non-Fatal Injury,Approaching,Vehicle Owner,unknown,,,,Other,,,,,,,,,,,,Yes,,,,,,,,,,Yes,174,South Eglinton-Davisville,104,Mount Pleasant West (104),D53,629229.2769,4839428.735
3396,5363705,1040090,5/26/2008 8:00:00 AM,1125,1835 YONGE ST,,,Major Arterial,Toronto and East York,43.696639,-79.396304,,No Control,Clear,Daylight,Dry,Non-Fatal Injury,Approaching,Driver,45 to 49,Major,,North,"Automobile, Station Wagon",Going Ahead,Lost control,Medical or Physical Disability,,,,,,,,,Yes,,,,,,,,,,Yes,174,South Eglinton-Davisville,104,Mount Pleasant West (104),D53,629229.2769,4839428.735
3397,5367385,1041737,5/26/2008 8:00:00 AM,1125,1835 YONGE ST,,,Major Arterial,Toronto and East York,43.696645,-79.39629,,No Control,Clear,Daylight,Dry,Non-Fatal Injury,Approaching,Driver,50 to 54,None,,South,"Automobile, Station Wagon",Going Ahead,,,,,,,,,,,Yes,,,,,,,,,,,174,South Eglinton-Davisville,104,Mount Pleasant West (104),D53,629230.3922,4839429.4232
3398,5367386,1041737,5/26/2008 8:00:00 AM,1125,1835 YONGE ST,,,Major Arterial,Toronto and East York,43.696645,-79.39629,,No Control,Clear,Daylight,Dry,Non-Fatal Injury,Approaching,Driver,45 to 49,Major,,North,"Automobile, Station Wagon",Other,,,,,,,,,,,Yes,,,,,,,,,,,174,South Eglinton-Davisville,104,Mount Pleasant West (104),D53,629230.3922,4839429.4232
3399,5376332,1045778,5/26/2008 8:00:00 AM,1410,KING ST W,YORK ST,,Major Arterial,Toronto and East York,43.648345,-79.38179,At Intersection,No Control,Clear,Daylight,Dry,Non-Fatal Injury,Cyclist Collisions,Passenger,40 to 44,None,,,Other,,,,,,,,,,,Yes,Yes,,,,,Yes,,,,,,170,Yonge-Bay Corridor,76,Bay Street Corridor (76),D52,630503.4934,4834087.7576
3400,5376333,1045778,5/26/2008 8:00:00 AM,1410,KING ST W,YORK ST,,Major Arterial,Toronto and East York,43.648345,-79.38179,At Intersection,No Control,Clear,Daylight,Dry,Non-Fatal Injury,Cyclist Collisions,Vehicle Owner,unknown,,,,Other,,,,,,,,,,,Yes,Yes,,,,,Yes,,,,,,170,Yonge-Bay Corridor,76,Bay Street Corridor (76),D52,630503.4934,4834087.7576
3401,5376334,1045778,5/26/2008 8:00:00 AM,1410,KING ST W,YORK ST,,Major Arterial,Toronto and East York,43.648345,-79.38179,At Intersection,No Control,Clear,Daylight,Dry,Non-Fatal Injury,Cyclist Collisions,Driver,50 to 54,None,,West,"Automobile, Station Wagon",Turning Left,Other,Normal,,,,,,,,Yes,Yes,,,,,Yes,,,,,,170,Yonge-Bay Corridor,76,Bay Street Corridor (76),D52,630503.4934,4834087.7576
3402,5376335,1045778,5/26/2008 8:00:00 AM,1410,KING ST W,YORK ST,,Major Arterial,Toronto and East York,43.648345,-79.38179,At Intersection,No Control,Clear,Daylight,Dry,Non-Fatal Injury,Cyclist Collisions,Cyclist,20 to 24,Major,,,Bicycle,Unknown,,,,,,Cyclist struck opened vehicle door,Driving Properly,Normal,,Yes,Yes,,,,,Yes,,,,,,170,Yonge-Bay Corridor,76,Bay Street Corridor (76),D52,630503.4934,4834087.7576
3403,5363697,1040088,5/26/2008 8:00:00 AM,1440,230 QUEEN ST E,,,Major Arterial,Toronto and East York,43.654645,-79.36899,At Intersection,No Control,Clear,Daylight,Dry,Non-Fatal Injury,Approaching,Driver,60 to 64,Major,,East,"Automobile, Station Wagon",Going Ahead,Lost control,Medical or Physical Disability,,,,,,,,,Yes,,,Yes,,,,,,,Yes,73,Moss Park,73,Moss Park (73),D51,631522.0314,4834807.6643
3404,5363698,1040088,5/26/2008 8:00:00 AM,1440,230 QUEEN ST E,,,Major Arterial,Toronto and East York,43.654645,-79.36899,At Intersection,No Control,Clear,Daylight,Dry,Non-Fatal Injury,Approaching,Vehicle Owner,unknown,,,,"Automobile, Station Wagon",,,,,,,,,,,,Yes,,,Yes,,,,,,,Yes,73,Moss Park,73,Moss Park (73),D51,631522.0314,4834807.6643
3405,5363699,1040088,5/26/2008 8:00:00 AM,1440,230 QUEEN ST E,,,Major Arterial,Toronto and East York,43.654645,-79.36899,At Intersection,No Control,Clear,Daylight,Dry,Non-Fatal Injury,Approaching,Driver,50 to 54,None,,West,Municipal Transit Bus (TTC),Slowing or Stopping,Driving Properly,Normal,,,,,,,,,Yes,,,Yes,,,,,,,Yes,73,Moss Park,73,Moss Park (73),D51,631522.0314,4834807.6643
3406,5364538,1040428,5/28/2008 8:00:00 AM,810,PARLIAMENT St,LAKE SHORE Blvd E,,Minor Arterial,Toronto and East York,43.648645,-79.36149,At Intersection,No Control,Clear,Daylight,Dry,Non-Fatal Injury,Cyclist Collisions,Driver,40 to 44,None,,North,"Automobile, Station Wagon",Going Ahead,Driving Properly,Normal,,,,,,,,Yes,Yes,,,,,,,,,,,166,St Lawrence-East Bayfront-The Islands,77,Waterfront Communities-The Island (77),D51,632139.9839,4834153.2003
3407,5364539,1040428,5/28/2008 8:00:00 AM,810,PARLIAMENT St,LAKE SHORE Blvd E,,Minor Arterial,Toronto and East York,43.648645,-79.36149,At Intersection,No Control,Clear,Daylight,Dry,Non-Fatal Injury,Cyclist Collisions,Cyclist,20 to 24,Major,,North,Bicycle,Changing Lanes,,,,,,Cyclist and Driver travelling in same direction. One vehicle sideswipes the other.,Improper Lane Change,Inattentive,,Yes,Yes,,,,,,,,,,,166,St Lawrence-East Bayfront-The Islands,77,Waterfront Communities-The Island (77),D51,632139.9839,4834153.2003
3408,5369445,1042639,5/28/2008 8:00:00 AM,1648,MILLWOOD RD,VILLAGE STATION RD,,Major Arterial,North York,43.701869,-79.358073,At Intersection,Traffic Signal,Clear,Daylight,Dry,Non-Fatal Injury,Turning Movement,Motorcycle Driver,45 to 49,Major,,East,Motorcycle,Going Ahead,Exceeding Speed Limit,Normal,,,,,,,,,Yes,Yes,,,,,Yes,Yes,,,,56,Leaside-Bennington,56,Leaside-Bennington (56),D53,632298.5419,4840069.8973
3409,5369446,1042639,5/28/2008 8:00:00 AM,1648,MILLWOOD RD,VILLAGE STATION RD,,Major Arterial,North York,43.701869,-79.358073,At Intersection,Traffic Signal,Clear,Daylight,Dry,Non-Fatal Injury,Turning Movement,Driver,50 to 54,None,,West,"Automobile, Station Wagon",Turning Left,Driving Properly,Normal,,,,,,,,,Yes,Yes,,,,,Yes,Yes,,,,56,Leaside-Bennington,56,Leaside-Bennington (56),D53,632298.5419,4840069.8973
3410,5379613,1047170,5/28/2008 8:00:00 AM,2310,LAWRENCE AVE W,LAWRENCE W ALLEN X S RAMP,,Major Arterial,North York,43.715945,-79.44499,At Intersection,Traffic Signal,Clear,Dark,Dry,Non-Fatal Injury,Turning Movement,Vehicle Owner,unknown,,,,Other,,,,,,,,,,,,Yes,,,,,,,Yes,,,,31,Yorkdale-Glen Park,31,Yorkdale-Glen Park (31),D32,625265.7978,4841498.2065
3411,5379614,1047170,5/28/2008 8:00:00 AM,2310,LAWRENCE AVE W,LAWRENCE W ALLEN X S RAMP,,Major Arterial,North York,43.715945,-79.44499,At Intersection,Traffic Signal,Clear,Dark,Dry,Non-Fatal Injury,Turning Movement,Driver,65 to 69,None,,West,"Automobile, Station Wagon",Turning Left,Failed to Yield Right of Way,Inattentive,,,,,,,,,Yes,,,,,,,Yes,,,,31,Yorkdale-Glen Park,31,Yorkdale-Glen Park (31),D32,625265.7978,4841498.2065
3412,5379615,1047170,5/28/2008 8:00:00 AM,2310,LAWRENCE AVE W,LAWRENCE W ALLEN X S RAMP,,Major Arterial,North York,43.715945,-79.44499,At Intersection,Traffic Signal,Clear,Dark,Dry,Non-Fatal Injury,Turning Movement,Driver,35 to 39,Major,,East,"Automobile, Station Wagon",Going Ahead,Driving Properly,Normal,,,,,,,,,Yes,,,,,,,Yes,,,,31,Yorkdale-Glen Park,31,Yorkdale-Glen Park (31),D32,625265.7978,4841498.2065
3413,5365579,1040891,5/30/2008 8:00:00 AM,746,BAY ST,YORKVILLE AVE,,Major Arterial,Toronto and East York,43.671345,-79.39019,,Traffic Signal,Clear,Daylight,Dry,Fatal,Pedestrian Collisions,Vehicle Owner,unknown,,,,Other,,,,,,,,,,Yes,,Yes,,,,,,,,,,,95,Annex,95,Annex (95),D53,629776.4908,4836629.0372
3414,5365580,1040891,5/30/2008 8:00:00 AM,746,BAY ST,YORKVILLE AVE,,Major Arterial,Toronto and East York,43.671345,-79.39019,,Traffic Signal,Clear,Daylight,Dry,Fatal,Pedestrian Collisions,Driver,40 to 44,None,,West,"Automobile, Station Wagon",Turning Left,Driving Properly,Normal,,,,,,,Yes,,Yes,,,,,,,,,,,95,Annex,95,Annex (95),D53,629776.4908,4836629.0372
3415,5365581,1040891,5/30/2008 8:00:00 AM,746,BAY ST,YORKVILLE AVE,,Major Arterial,Toronto and East York,43.671345,-79.39019,,Traffic Signal,Clear,Daylight,Dry,Fatal,Pedestrian Collisions,Pedestrian,70 to 74,Fatal,22,East,Other,,,,Pedestrian involved in a collision with transit vehicle anywhere along roadway,Crossing without right of way,Unknown,,,,Yes,,Yes,,,,,,,,,,,95,Annex,95,Annex (95),D53,629776.4908,4836629.0372
3416,5365594,1040898,5/30/2008 8:00:00 AM,1138,331 TRUDELLE St,,,Collector,Scarborough,43.741545,-79.23449,,No Control,Rain,Daylight,Wet,Non-Fatal Injury,Pedestrian Collisions,Driver,50 to 54,Major,,North,"Automobile, Station Wagon",Going Ahead,Lost control,Medical or Physical Disability,,,,,,,Yes,,Yes,,,,,,Yes,Yes,,,Yes,138,Eglinton East,138,Eglinton East (138),D43,642162.5041,4844681.1424
3417,5365595,1040898,5/30/2008 8:00:00 AM,1138,331 TRUDELLE St,,,Collector,Scarborough,43.741545,-79.23449,,No Control,Rain,Daylight,Wet,Non-Fatal Injury,Pedestrian Collisions,Other,unknown,Major,,,Other,Parked,,,,,,,,,Yes,,Yes,,,,,,Yes,Yes,,,Yes,138,Eglinton East,138,Eglinton East (138),D43,642162.5041,4844681.1424
3418,5365596,1040898,5/30/2008 8:00:00 AM,1138,331 TRUDELLE St,,,Collector,Scarborough,43.741545,-79.23449,,No Control,Rain,Daylight,Wet,Non-Fatal Injury,Pedestrian Collisions,Pedestrian,10 to 14,Major,,Unknown,Other,Other,,,Pedestrian hit on sidewalk or shoulder,On Sidewalk or Shoulder,Normal,,,,Yes,,Yes,,,,,,Yes,Yes,,,Yes,138,Eglinton East,138,Eglinton East (138),D43,642162.5041,4844681.1424
3419,5372742,1044158,6/1/2008 8:00:00 AM,1031,EGLINTON AVE E,BELLAMY RD N,,Major Arterial,Scarborough,43.740245,-79.23209,At Intersection,Traffic Signal,Clear,Daylight,Dry,Non-Fatal Injury,Pedestrian Collisions,Passenger,20 to 24,Minimal,,,Other,,,,,,,,,,Yes,,Yes,,,,,Yes,Yes,Yes,Yes,,,138,Eglinton East,138,Eglinton East (138),D43,642358.8407,4844540.8791
3420,5372743,1044158,6/1/2008 8:00:00 AM,1031,EGLINTON AVE E,BELLAMY RD N,,Major Arterial,Scarborough,43.740245,-79.23209,At Intersection,Traffic Signal,Clear,Daylight,Dry,Non-Fatal Injury,Pedestrian Collisions,Passenger,20 to 24,Minimal,,,Other,,,,,,,,,,Yes,,Yes,,,,,Yes,Yes,Yes,Yes,,,138,Eglinton East,138,Eglinton East (138),D43,642358.8407,4844540.8791
3421,5372744,1044158,6/1/2008 8:00:00 AM,1031,EGLINTON AVE E,BELLAMY RD N,,Major Arterial,Scarborough,43.740245,-79.23209,At Intersection,Traffic Signal,Clear,Daylight,Dry,Non-Fatal Injury,Pedestrian Collisions,Driver,25 to 29,Minimal,,South,"Automobile, Station Wagon",Going Ahead,Driving Properly,Normal,,,,,,,Yes,,Yes,,,,,Yes,Yes,Yes,Yes,,,138,Eglinton East,138,Eglinton East (138),D43,642358.8407,4844540.8791
3422,5372745,1044158,6/1/2008 8:00:00 AM,1031,EGLINTON AVE E,BELLAMY RD N,,Major Arterial,Scarborough,43.740245,-79.23209,At Intersection,Traffic Signal,Clear,Daylight,Dry,Non-Fatal Injury,Pedestrian Collisions,Driver,60 to 64,Minimal,,West,"Automobile, Station Wagon",Going Ahead,Disobeyed Traffic Control,Unknown,,,,,,,Yes,,Yes,,,,,Yes,Yes,Yes,Yes,,,138,Eglinton East,138,Eglinton East (138),D43,642358.8407,4844540.8791
3423,5372746,1044158,6/1/2008 8:00:00 AM,1031,EGLINTON AVE E,BELLAMY RD N,,Major Arterial,Scarborough,43.740245,-79.23209,At Intersection,Traffic Signal,Clear,Daylight,Dry,Non-Fatal Injury,Pedestrian Collisions,Pedestrian,35 to 39,Minor,,South,Other,,,,Vehicle is going straight thru inter.while ped cross with ROW,Crossing with right of way,Normal,,,,Yes,,Yes,,,,,Yes,Yes,Yes,Yes,,,138,Eglinton East,138,Eglinton East (138),D43,642358.8407,4844540.8791
3424,5372747,1044158,6/1/2008 8:00:00 AM,1031,EGLINTON AVE E,BELLAMY RD N,,Major Arterial,Scarborough,43.740245,-79.23209,At Intersection,Traffic Signal,Clear,Daylight,Dry,Non-Fatal Injury,Pedestrian Collisions,Pedestrian,25 to 29,Major,,South,Other,,,,Vehicle is going straight thru inter.while ped cross with ROW,Crossing with right of way,Normal,,,,Yes,,Yes,,,,,Yes,Yes,Yes,Yes,,,138,Eglinton East,138,Eglinton East (138),D43,642358.8407,4844540.8791
3425,5373443,1044477,6/1/2008 8:00:00 AM,1150,DANFORTH AVE,LINNSMORE CRES,,Major Arterial,Toronto and East York,43.682045,-79.32979,,Traffic Signal,Clear,Daylight,Dry,Non-Fatal Injury,Pedestrian Collisions,Driver,40 to 44,None,,South,Other,Turning Left,Failed to Yield Right of Way,Inattentive,,,,,,,Yes,,,,,,,,,Yes,,,,65,Greenwood-Coxwell,65,Greenwood-Coxwell (65),D55,634621.8224,4837913.6872
3426,5373444,1044477,6/1/2008 8:00:00 AM,1150,DANFORTH AVE,LINNSMORE CRES,,Major Arterial,Toronto and East York,43.682045,-79.32979,,Traffic Signal,Clear,Daylight,Dry,Non-Fatal Injury,Pedestrian Collisions,Pedestrian,50 to 54,Major,,North,Other,,,,Vehicle turns left while ped crosses with ROW at inter.,Crossing with right of way,Normal,,,,Yes,,,,,,,,,Yes,,,,65,Greenwood-Coxwell,65,Greenwood-Coxwell (65),D55,634621.8224,4837913.6872
3427,5366041,1041105,6/1/2008 8:00:00 AM,1838,LAWRENCE Ave W,ROXALINE St,,Minor Arterial,Etobicoke York,43.696845,-79.52969,At Intersection,Stop Sign,Clear,Daylight,Dry,Non-Fatal Injury,Angle,Driver,50 to 54,None,,West,"Automobile, Station Wagon",Going Ahead,Driving Properly,Normal,,,,,,,,,Yes,,,,,,,Yes,,,,8,Humber Heights-Westmount,8,Humber Heights-Westmount (8),D23,618480.2491,4839252.3694
3428,5366042,1041105,6/1/2008 8:00:00 AM,1838,LAWRENCE Ave W,ROXALINE St,,Minor Arterial,Etobicoke York,43.696845,-79.52969,At Intersection,Stop Sign,Clear,Daylight,Dry,Non-Fatal Injury,Angle,Driver,15 to 19,Major,,South,"Automobile, Station Wagon",Going Ahead,Disobeyed Traffic Control,Inattentive,,,,,,,,,Yes,,,,,,,Yes,,,,8,Humber Heights-Westmount,8,Humber Heights-Westmount (8),D23,618480.2491,4839252.3694
3429,5373647,1044584,6/2/2008 8:00:00 AM,1146,72 CORDELLA AVE,,,Local,Etobicoke York,43.680445,-79.48349,,No Control,Clear,Daylight,Dry,Non-Fatal Injury,SMV Other,Vehicle Owner,unknown,,,,Other,,,,,,,,,,,,Yes,,,,,,,,,,,111,Rockcliffe-Smythe,111,Rockcliffe-Smythe (111),D12,622236.4682,4837497.9799
3430,5373648,1044584,6/2/2008 8:00:00 AM,1146,72 CORDELLA AVE,,,Local,Etobicoke York,43.680445,-79.48349,,No Control,Clear,Daylight,Dry,Non-Fatal Injury,SMV Other,Driver,25 to 29,Major,,West,"Automobile, Station Wagon",Going Ahead,Lost control,Inattentive,,,,,,,,,Yes,,,,,,,,,,,111,Rockcliffe-Smythe,111,Rockcliffe-Smythe (111),D12,622236.4682,4837497.9799
3431,5373823,1044659,6/2/2008 8:00:00 AM,1455,FINCH AVE E,BAYVIEW AVE,,Major Arterial,North York,43.785045,-79.39209,At Intersection,Traffic Signal,Clear,Daylight,Dry,Non-Fatal Injury,Sideswipe,Driver,70 to 74,None,,East,"Automobile, Station Wagon",Stopped,Driving Properly,Normal,,,,,,,,,Yes,,,,,Yes,,,,,,49,Bayview Woods-Steeles,49,Bayview Woods-Steeles (49),D33,629378.2904,4849254.0986
3432,5373824,1044659,6/2/2008 8:00:00 AM,1455,FINCH AVE E,BAYVIEW AVE,,Major Arterial,North York,43.785045,-79.39209,At Intersection,Traffic Signal,Clear,Daylight,Dry,Non-Fatal Injury,Sideswipe,Vehicle Owner,unknown,,,,Other,,,,,,,,,,,,Yes,,,,,Yes,,,,,,49,Bayview Woods-Steeles,49,Bayview Woods-Steeles (49),D33,629378.2904,4849254.0986
3433,5373825,1044659,6/2/2008 8:00:00 AM,1455,FINCH AVE E,BAYVIEW AVE,,Major Arterial,North York,43.785045,-79.39209,At Intersection,Traffic Signal,Clear,Daylight,Dry,Non-Fatal Injury,Sideswipe,Driver,60 to 64,Major,,East,"Automobile, Station Wagon",Pulling Onto Shoulder or towardCurb,Lost control,Unknown,,,,,,,,,Yes,,,,,Yes,,,,,,49,Bayview Woods-Steeles,49,Bayview Woods-Steeles (49),D33,629378.2904,4849254.0986
3434,5373826,1044659,6/2/2008 8:00:00 AM,1455,FINCH AVE E,BAYVIEW AVE,,Major Arterial,North York,43.785045,-79.39209,At Intersection,Traffic Signal,Clear,Daylight,Dry,Non-Fatal Injury,Sideswipe,Passenger,35 to 39,Minimal,,,Other,,,,,,,,,,,,Yes,,,,,Yes,,,,,,49,Bayview Woods-Steeles,49,Bayview Woods-Steeles (49),D33,629378.2904,4849254.0986
3435,5373827,1044659,6/2/2008 8:00:00 AM,1455,FINCH AVE E,BAYVIEW AVE,,Major Arterial,North York,43.785045,-79.39209,At Intersection,Traffic Signal,Clear,Daylight,Dry,Non-Fatal Injury,Sideswipe,Driver,45 to 49,Minor,,North,"Automobile, Station Wagon",Going Ahead,Driving Properly,Normal,,,,,,,,,Yes,,,,,Yes,,,,,,49,Bayview Woods-Steeles,49,Bayview Woods-Steeles (49),D33,629378.2904,4849254.0986
3436,5373828,1044659,6/2/2008 8:00:00 AM,1455,FINCH AVE E,BAYVIEW AVE,,Major Arterial,North York,43.785045,-79.39209,At Intersection,Traffic Signal,Clear,Daylight,Dry,Non-Fatal Injury,Sideswipe,Driver,45 to 49,None,,South,"Automobile, Station Wagon",Going Ahead,Driving Properly,Normal,,,,,,,,,Yes,,,,,Yes,,,,,,49,Bayview Woods-Steeles,49,Bayview Woods-Steeles (49),D33,629378.2904,4849254.0986
3437,5373829,1044659,6/2/2008 8:00:00 AM,1455,FINCH AVE E,BAYVIEW AVE,,Major Arterial,North York,43.785045,-79.39209,At Intersection,Traffic Signal,Clear,Daylight,Dry,Non-Fatal Injury,Sideswipe,Other Property Owner,unknown,,,,Other,,,,,,,,,,,,Yes,,,,,Yes,,,,,,49,Bayview Woods-Steeles,49,Bayview Woods-Steeles (49),D33,629378.2904,4849254.0986
3438,5366719,1041453,6/3/2008 8:00:00 AM,1230,SENLAC RD,SHEPPARD AVE W,,Major Arterial,North York,43.758945,-79.42259,At Intersection,Traffic Signal,Rain,Daylight,Wet,Non-Fatal Injury,Pedestrian Collisions,Pedestrian,70 to 74,Major,,West,Other,,,,Vehicle turns left while ped crosses with ROW at inter.,Crossing with right of way,Normal,,,,Yes,,Yes,,,,,,,Yes,,,,38,Lansing-Westgate,38,Lansing-Westgate (38),D32,626979.3512,4846308.0804
3439,5366720,1041453,6/3/2008 8:00:00 AM,1230,SENLAC RD,SHEPPARD AVE W,,Major Arterial,North York,43.758945,-79.42259,At Intersection,Traffic Signal,Rain,Daylight,Wet,Non-Fatal Injury,Pedestrian Collisions,Driver,80 to 84,None,,East,"Automobile, Station Wagon",Turning Left,Failed to Yield Right of Way,Inattentive,,,,,,,Yes,,Yes,,,,,,,Yes,,,,38,Lansing-Westgate,38,Lansing-Westgate (38),D32,626979.3512,4846308.0804
3440,5373870,1044675,6/3/2008 8:00:00 AM,1517,HILDA AVE,CROSSEN DR,,Collector,North York,43.793245,-79.42739,,No Control,Clear,Daylight,Dry,Non-Fatal Injury,Pedestrian Collisions,Driver,40 to 44,None,,South,"Automobile, Station Wagon",Going Ahead,Driving Properly,Normal,,,,,,,Yes,,Yes,,,,,,,,,,,36,Newtonbrook West,36,Newtonbrook West (36),D32,626520.5962,4850110.2709
3441,5373871,1044675,6/3/2008 8:00:00 AM,1517,HILDA AVE,CROSSEN DR,,Collector,North York,43.793245,-79.42739,,No Control,Clear,Daylight,Dry,Non-Fatal Injury,Pedestrian Collisions,Pedestrian,15 to 19,Major,,West,Other,,,,Pedestrian hit at mid-block,Running onto Roadway,Inattentive,,,,Yes,,Yes,,,,,,,,,,,36,Newtonbrook West,36,Newtonbrook West (36),D32,626520.5962,4850110.2709
3442,5374158,1044781,6/4/2008 8:00:00 AM,1355,FINCH AVE W,MILVAN DR,,Major Arterial,Etobicoke York,43.749945,-79.55229,At Intersection,Traffic Signal,Clear,Daylight,Dry,Non-Fatal Injury,Angle,Vehicle Owner,unknown,,,,Other,,,,,,,,,,,,Yes,,,,,,,Yes,Yes,,,22,Humbermede,21,Humber Summit (21),D31,616556.0693,4845117.824
3443,5374159,1044781,6/4/2008 8:00:00 AM,1355,FINCH AVE W,MILVAN DR,,Major Arterial,Etobicoke York,43.749945,-79.55229,At Intersection,Traffic Signal,Clear,Daylight,Dry,Non-Fatal Injury,Angle,Driver,50 to 54,Minimal,,South,"Automobile, Station Wagon",Stopped,Driving Properly,Normal,,,,,,,,,Yes,,,,,,,Yes,Yes,,,22,Humbermede,21,Humber Summit (21),D31,616556.0693,4845117.824
3444,5374160,1044781,6/4/2008 8:00:00 AM,1355,FINCH AVE W,MILVAN DR,,Major Arterial,Etobicoke York,43.749945,-79.55229,At Intersection,Traffic Signal,Clear,Daylight,Dry,Non-Fatal Injury,Angle,Driver,25 to 29,Minimal,,West,"Automobile, Station Wagon",Going Ahead,Disobeyed Traffic Control,Normal,,,,,,,,,Yes,,,,,,,Yes,Yes,,,22,Humbermede,21,Humber Summit (21),D31,616556.0693,4845117.824
3445,5374161,1044781,6/4/2008 8:00:00 AM,1355,FINCH AVE W,MILVAN DR,,Major Arterial,Etobicoke York,43.749945,-79.55229,At Intersection,Traffic Signal,Clear,Daylight,Dry,Non-Fatal Injury,Angle,Driver,60 to 64,Major,,North,"Automobile, Station Wagon",Going Ahead,Driving Properly,Normal,,,,,,,,,Yes,,,,,,,Yes,Yes,,,22,Humbermede,21,Humber Summit (21),D31,616556.0693,4845117.824
3446,5367054,1041588,6/4/2008 8:00:00 AM,1838,PORT UNION Road,KINGSTON Road,,Minor Arterial,Scarborough,43.798545,-79.14579,At Intersection,No Control,Clear,Daylight,Dry,Non-Fatal Injury,Angle,Driver,60 to 64,None,,,"Automobile, Station Wagon",Going Ahead,,,,,,,,,,,Yes,,,,,,,,,,,133,Centennial Scarborough,133,Centennial Scarborough (133),D42,649163.1304,4851167.9406
3447,5367055,1041588,6/4/2008 8:00:00 AM,1838,PORT UNION Road,KINGSTON Road,,Minor Arterial,Scarborough,43.798545,-79.14579,At Intersection,No Control,Clear,Daylight,Dry,Non-Fatal Injury,Angle,Driver,65 to 69,Major,,,"Automobile, Station Wagon",Changing Lanes,,,,,,,,,,,Yes,,,,,,,,,,,133,Centennial Scarborough,133,Centennial Scarborough (133),D42,649163.1304,4851167.9406
3448,5375918,1045598,6/5/2008 8:00:00 AM,1220,WESTON RD,WESTON ALBION RD RAMP RD,,Major Arterial,Etobicoke York,43.718045,-79.53779,At Intersection,No Control,Clear,Daylight,Dry,Non-Fatal Injury,Sideswipe,Motorcycle Driver,30 to 34,Major,,South,Motorcycle,Changing Lanes,Improper Lane Change,Normal,,,,,,,,,Yes,Yes,,,,,,,,,,23,Pelmo Park-Humberlea,23,Pelmo Park-Humberlea (23),D31,617786.0022,4841595.3789
3449,5375919,1045598,6/5/2008 8:00:00 AM,1220,WESTON RD,WESTON ALBION RD RAMP RD,,Major Arterial,Etobicoke York,43.718045,-79.53779,At Intersection,No Control,Clear,Daylight,Dry,Non-Fatal Injury,Sideswipe,Vehicle Owner,unknown,,,,Other,,,,,,,,,,,,Yes,Yes,,,,,,,,,,23,Pelmo Park-Humberlea,23,Pelmo Park-Humberlea (23),D31,617786.0022,4841595.3789
3450,5375920,1045598,6/5/2008 8:00:00 AM,1220,WESTON RD,WESTON ALBION RD RAMP RD,,Major Arterial,Etobicoke York,43.718045,-79.53779,At Intersection,No Control,Clear,Daylight,Dry,Non-Fatal Injury,Sideswipe,Driver,60 to 64,None,,South,"Automobile, Station Wagon",Going Ahead,Driving Properly,Normal,,,,,,,,,Yes,Yes,,,,,,,,,,23,Pelmo Park-Humberlea,23,Pelmo Park-Humberlea (23),D31,617786.0022,4841595.3789