OBJECTID,INDEX,ACCNUM,DATE,TIME,STREET1,STREET2,OFFSET,ROAD_CLASS,DISTRICT,LATITUDE,LONGITUDE,ACCLOC,TRAFFCTL,VISIBILITY,LIGHT,RDSFCOND,ACCLASS,IMPACTYPE,INVTYPE,INVAGE,INJURY,FATAL_NO,INITDIR,VEHTYPE,MANOEUVER,DRIVACT,DRIVCOND,PEDTYPE,PEDACT,PEDCOND,CYCLISTYPE,CYCACT,CYCCOND,PEDESTRIAN,CYCLIST,AUTOMOBILE,MOTORCYCLE,TRUCK,TRSN_CITY_VEH,EMERG_VEH,PASSENGER,SPEEDING,AG_DRIV,REDLIGHT,ALCOHOL,DISABILITY,HOOD_158,NEIGHBOURHOOD_158,HOOD_140,NEIGHBOURHOOD_140,DIVISION,x,y
3451,5367714,1041888,6/6/2008 8:00:00 AM,750,EGLINTON AVE W,RICHARDSON AVE,,Major Arterial,Etobicoke York,43.690945,-79.47149,At Intersection,Traffic Signal,Clear,Daylight,Dry,Non-Fatal Injury,Rear End,Motorcycle Driver,25 to 29,Major,,East,Motorcycle,Going Ahead,Lost control,Normal,,,,,,,,,Yes,Yes,,,,,,,,,,110,Keelesdale-Eglinton West,110,Keelesdale-Eglinton West (110),D12,623182.2291,4838681.9023
3452,5367715,1041888,6/6/2008 8:00:00 AM,750,EGLINTON AVE W,RICHARDSON AVE,,Major Arterial,Etobicoke York,43.690945,-79.47149,At Intersection,Traffic Signal,Clear,Daylight,Dry,Non-Fatal Injury,Rear End,Driver,55 to 59,None,,East,"Automobile, Station Wagon",Stopped,Driving Properly,Normal,,,,,,,,,Yes,Yes,,,,,,,,,,110,Keelesdale-Eglinton West,110,Keelesdale-Eglinton West (110),D12,623182.2291,4838681.9023
3453,5367716,1041888,6/6/2008 8:00:00 AM,750,EGLINTON AVE W,RICHARDSON AVE,,Major Arterial,Etobicoke York,43.690945,-79.47149,At Intersection,Traffic Signal,Clear,Daylight,Dry,Non-Fatal Injury,Rear End,Driver,35 to 39,None,,East,"Automobile, Station Wagon",Stopped,Driving Properly,Normal,,,,,,,,,Yes,Yes,,,,,,,,,,110,Keelesdale-Eglinton West,110,Keelesdale-Eglinton West (110),D12,623182.2291,4838681.9023
3454,5368104,1042071,6/8/2008 8:00:00 AM,800,MORNINGSIDE AVE,MCLEVIN AVE,,Major Arterial,Scarborough,43.808945,-79.20269,At Intersection,Traffic Signal,Clear,Daylight,Dry,Non-Fatal Injury,Rear End,Vehicle Owner,unknown,,,,Other,,,,,,,,,,,,Yes,,,,,Yes,Yes,Yes,Yes,,,144,Morningside Heights,131,Rouge (131),D42,644560.6268,4852222.0416
3455,5368105,1042071,6/8/2008 8:00:00 AM,800,MORNINGSIDE AVE,MCLEVIN AVE,,Major Arterial,Scarborough,43.808945,-79.20269,At Intersection,Traffic Signal,Clear,Daylight,Dry,Non-Fatal Injury,Rear End,Driver,40 to 44,Minor,,North,"Automobile, Station Wagon",Going Ahead,Disobeyed Traffic Control,Inattentive,,,,,,,,,Yes,,,,,Yes,Yes,Yes,Yes,,,144,Morningside Heights,131,Rouge (131),D42,644560.6268,4852222.0416
3456,5368106,1042071,6/8/2008 8:00:00 AM,800,MORNINGSIDE AVE,MCLEVIN AVE,,Major Arterial,Scarborough,43.808945,-79.20269,At Intersection,Traffic Signal,Clear,Daylight,Dry,Non-Fatal Injury,Rear End,Driver,45 to 49,Minor,,West,"Automobile, Station Wagon",Stopped,Driving Properly,Normal,,,,,,,,,Yes,,,,,Yes,Yes,Yes,Yes,,,144,Morningside Heights,131,Rouge (131),D42,644560.6268,4852222.0416
3457,5368107,1042071,6/8/2008 8:00:00 AM,800,MORNINGSIDE AVE,MCLEVIN AVE,,Major Arterial,Scarborough,43.808945,-79.20269,At Intersection,Traffic Signal,Clear,Daylight,Dry,Non-Fatal Injury,Rear End,Passenger,10 to 14,Minimal,,,Other,,,,,,,,,,,,Yes,,,,,Yes,Yes,Yes,Yes,,,144,Morningside Heights,131,Rouge (131),D42,644560.6268,4852222.0416
3458,5368108,1042071,6/8/2008 8:00:00 AM,800,MORNINGSIDE AVE,MCLEVIN AVE,,Major Arterial,Scarborough,43.808945,-79.20269,At Intersection,Traffic Signal,Clear,Daylight,Dry,Non-Fatal Injury,Rear End,Passenger,45 to 49,Minor,,,Other,,,,,,,,,,,,Yes,,,,,Yes,Yes,Yes,Yes,,,144,Morningside Heights,131,Rouge (131),D42,644560.6268,4852222.0416
3459,5368109,1042071,6/8/2008 8:00:00 AM,800,MORNINGSIDE AVE,MCLEVIN AVE,,Major Arterial,Scarborough,43.808945,-79.20269,At Intersection,Traffic Signal,Clear,Daylight,Dry,Non-Fatal Injury,Rear End,Vehicle Owner,unknown,,,,Other,,,,,,,,,,,,Yes,,,,,Yes,Yes,Yes,Yes,,,144,Morningside Heights,131,Rouge (131),D42,644560.6268,4852222.0416
3460,5368110,1042071,6/8/2008 8:00:00 AM,800,MORNINGSIDE AVE,MCLEVIN AVE,,Major Arterial,Scarborough,43.808945,-79.20269,At Intersection,Traffic Signal,Clear,Daylight,Dry,Non-Fatal Injury,Rear End,Driver,20 to 24,Major,,West,"Automobile, Station Wagon",Going Ahead,Driving Properly,Normal,,,,,,,,,Yes,,,,,Yes,Yes,Yes,Yes,,,144,Morningside Heights,131,Rouge (131),D42,644560.6268,4852222.0416
3461,5368625,1042297,6/8/2008 8:00:00 AM,1720,WESTON Road,FLINDON Road,,Major Arterial,Etobicoke York,43.721045,-79.537387,,No Control,Clear,Daylight,Dry,Non-Fatal Injury,SMV Other,Passenger,60 to 64,Minimal,,,Other,Other,,,,,,,,,,,Yes,,,,,Yes,,,,,Yes,23,Pelmo Park-Humberlea,23,Pelmo Park-Humberlea (23),D31,617812.5858,4841929.1437
3462,5368626,1042297,6/8/2008 8:00:00 AM,1720,WESTON Road,FLINDON Road,,Major Arterial,Etobicoke York,43.721045,-79.537387,,No Control,Clear,Daylight,Dry,Non-Fatal Injury,SMV Other,Passenger,65 to 69,Minimal,,,Other,Other,,,,,,,,,,,Yes,,,,,Yes,,,,,Yes,23,Pelmo Park-Humberlea,23,Pelmo Park-Humberlea (23),D31,617812.5858,4841929.1437
3463,5368627,1042297,6/8/2008 8:00:00 AM,1720,WESTON Road,FLINDON Road,,Major Arterial,Etobicoke York,43.721045,-79.537387,,No Control,Clear,Daylight,Dry,Non-Fatal Injury,SMV Other,Passenger,75 to 79,Minimal,,,Other,Other,,,,,,,,,,,Yes,,,,,Yes,,,,,Yes,23,Pelmo Park-Humberlea,23,Pelmo Park-Humberlea (23),D31,617812.5858,4841929.1437
3464,5368628,1042297,6/8/2008 8:00:00 AM,1720,WESTON Road,FLINDON Road,,Major Arterial,Etobicoke York,43.721045,-79.537387,,No Control,Clear,Daylight,Dry,Non-Fatal Injury,SMV Other,Passenger,80 to 84,Minimal,,,Other,Other,,,,,,,,,,,Yes,,,,,Yes,,,,,Yes,23,Pelmo Park-Humberlea,23,Pelmo Park-Humberlea (23),D31,617812.5858,4841929.1437
3465,5368629,1042297,6/8/2008 8:00:00 AM,1720,WESTON Road,FLINDON Road,,Major Arterial,Etobicoke York,43.721045,-79.537387,,No Control,Clear,Daylight,Dry,Non-Fatal Injury,SMV Other,Passenger,60 to 64,Minimal,,,Other,Other,,,,,,,,,,,Yes,,,,,Yes,,,,,Yes,23,Pelmo Park-Humberlea,23,Pelmo Park-Humberlea (23),D31,617812.5858,4841929.1437
3466,5368630,1042297,6/8/2008 8:00:00 AM,1720,WESTON Road,FLINDON Road,,Major Arterial,Etobicoke York,43.721045,-79.537387,,No Control,Clear,Daylight,Dry,Non-Fatal Injury,SMV Other,Driver,65 to 69,Major,,South,"Automobile, Station Wagon",Going Ahead,Lost control,Medical or Physical Disability,,,,,,,,,Yes,,,,,Yes,,,,,Yes,23,Pelmo Park-Humberlea,23,Pelmo Park-Humberlea (23),D31,617812.5858,4841929.1437
3467,5368187,1042100,6/8/2008 8:00:00 AM,2120,ALBION RD,MARTIN GROVE RD,,Major Arterial,Etobicoke York,43.742045,-79.59479,,,Other,Dusk,Other,Non-Fatal Injury,Other,Driver,30 to 34,Major,,,"Automobile, Station Wagon",Unknown,,,,,,,,,,,Yes,,,,,,,,,,,1,West Humber-Clairville,1,West Humber-Clairville (1),D23,613149.2267,4844181.4945
3468,5368613,1042295,6/9/2008 8:00:00 AM,1223,WARDEN AVE,MANHATTAN DR,,Major Arterial,Scarborough,43.752045,-79.29749,At Intersection,Traffic Signal,Clear,Daylight,Dry,Non-Fatal Injury,Angle,Driver,75 to 79,Major,,East,"Automobile, Station Wagon",Going Ahead,Driving Properly,Normal,,,,,,,,,Yes,,,,,Yes,,Yes,Yes,,,119,Wexford/Maryvale,119,Wexford/Maryvale (119),D41,637065.5877,4845741.1423
3469,5368614,1042295,6/9/2008 8:00:00 AM,1223,WARDEN AVE,MANHATTAN DR,,Major Arterial,Scarborough,43.752045,-79.29749,At Intersection,Traffic Signal,Clear,Daylight,Dry,Non-Fatal Injury,Angle,Passenger,5 to 9,None,,,Other,,,,,,,,,,,,Yes,,,,,Yes,,Yes,Yes,,,119,Wexford/Maryvale,119,Wexford/Maryvale (119),D41,637065.5877,4845741.1423
3470,5368615,1042295,6/9/2008 8:00:00 AM,1223,WARDEN AVE,MANHATTAN DR,,Major Arterial,Scarborough,43.752045,-79.29749,At Intersection,Traffic Signal,Clear,Daylight,Dry,Non-Fatal Injury,Angle,Driver,35 to 39,None,,South,"Automobile, Station Wagon",Going Ahead,Disobeyed Traffic Control,Normal,,,,,,,,,Yes,,,,,Yes,,Yes,Yes,,,119,Wexford/Maryvale,119,Wexford/Maryvale (119),D41,637065.5877,4845741.1423
3471,5377663,1046342,6/11/2008 8:00:00 AM,550,DUNDAS ST W,BAY ST,,Major Arterial,Toronto and East York,43.655745,-79.38379,At Intersection,Traffic Signal,Clear,Daylight,Dry,Non-Fatal Injury,Other,Passenger,55 to 59,Minimal,,,Other,,,,,,,,,,,,,,,Yes,,Yes,,,,,,170,Yonge-Bay Corridor,76,Bay Street Corridor (76),D52,630326.1909,4834906.4816
3472,5377664,1046342,6/11/2008 8:00:00 AM,550,DUNDAS ST W,BAY ST,,Major Arterial,Toronto and East York,43.655745,-79.38379,At Intersection,Traffic Signal,Clear,Daylight,Dry,Non-Fatal Injury,Other,Passenger,55 to 59,Minimal,,,Other,,,,,,,,,,,,,,,Yes,,Yes,,,,,,170,Yonge-Bay Corridor,76,Bay Street Corridor (76),D52,630326.1909,4834906.4816
3473,5377665,1046342,6/11/2008 8:00:00 AM,550,DUNDAS ST W,BAY ST,,Major Arterial,Toronto and East York,43.655745,-79.38379,At Intersection,Traffic Signal,Clear,Daylight,Dry,Non-Fatal Injury,Other,Passenger,35 to 39,Minimal,,,Other,,,,,,,,,,,,,,,Yes,,Yes,,,,,,170,Yonge-Bay Corridor,76,Bay Street Corridor (76),D52,630326.1909,4834906.4816
3474,5377666,1046342,6/11/2008 8:00:00 AM,550,DUNDAS ST W,BAY ST,,Major Arterial,Toronto and East York,43.655745,-79.38379,At Intersection,Traffic Signal,Clear,Daylight,Dry,Non-Fatal Injury,Other,Passenger,30 to 34,Minimal,,,Other,,,,,,,,,,,,,,,Yes,,Yes,,,,,,170,Yonge-Bay Corridor,76,Bay Street Corridor (76),D52,630326.1909,4834906.4816
3475,5377667,1046342,6/11/2008 8:00:00 AM,550,DUNDAS ST W,BAY ST,,Major Arterial,Toronto and East York,43.655745,-79.38379,At Intersection,Traffic Signal,Clear,Daylight,Dry,Non-Fatal Injury,Other,Passenger,40 to 44,Minimal,,,Other,,,,,,,,,,,,,,,Yes,,Yes,,,,,,170,Yonge-Bay Corridor,76,Bay Street Corridor (76),D52,630326.1909,4834906.4816
3476,5377668,1046342,6/11/2008 8:00:00 AM,550,DUNDAS ST W,BAY ST,,Major Arterial,Toronto and East York,43.655745,-79.38379,At Intersection,Traffic Signal,Clear,Daylight,Dry,Non-Fatal Injury,Other,Passenger,60 to 64,Major,,,Other,,,,,,,,,,,,,,,Yes,,Yes,,,,,,170,Yonge-Bay Corridor,76,Bay Street Corridor (76),D52,630326.1909,4834906.4816
3477,5377669,1046342,6/11/2008 8:00:00 AM,550,DUNDAS ST W,BAY ST,,Major Arterial,Toronto and East York,43.655745,-79.38379,At Intersection,Traffic Signal,Clear,Daylight,Dry,Non-Fatal Injury,Other,Driver,50 to 54,None,,West,Municipal Transit Bus (TTC),Going Ahead,Driving Properly,Normal,,,,,,,,,,,,Yes,,Yes,,,,,,170,Yonge-Bay Corridor,76,Bay Street Corridor (76),D52,630326.1909,4834906.4816
3478,5377670,1046342,6/11/2008 8:00:00 AM,550,DUNDAS ST W,BAY ST,,Major Arterial,Toronto and East York,43.655745,-79.38379,At Intersection,Traffic Signal,Clear,Daylight,Dry,Non-Fatal Injury,Other,Vehicle Owner,unknown,,,,Other,,,,,,,,,,,,,,,Yes,,Yes,,,,,,170,Yonge-Bay Corridor,76,Bay Street Corridor (76),D52,630326.1909,4834906.4816
3479,5377671,1046342,6/11/2008 8:00:00 AM,550,DUNDAS ST W,BAY ST,,Major Arterial,Toronto and East York,43.655745,-79.38379,At Intersection,Traffic Signal,Clear,Daylight,Dry,Non-Fatal Injury,Other,Driver,60 to 64,Major,,East,Municipal Transit Bus (TTC),Going Ahead,Other,Inattentive,,,,,,,,,,,,Yes,,Yes,,,,,,170,Yonge-Bay Corridor,76,Bay Street Corridor (76),D52,630326.1909,4834906.4816
3480,5370892,1043273,6/11/2008 8:00:00 AM,2010,LAKE SHORE BLVD W,LONG BRANCH AVE,,Major Arterial,Etobicoke York,43.594345,-79.53399,At Intersection,Traffic Signal,Clear,Dusk,Dry,Fatal,Pedestrian Collisions,Vehicle Owner,unknown,,,,Other,,,,,,,,,,Yes,,Yes,,,,,,,Yes,,,,19,Long Branch,19,Long Branch (19),D22,618334.8265,4827862.3133
3481,5370893,1043273,6/11/2008 8:00:00 AM,2010,LAKE SHORE BLVD W,LONG BRANCH AVE,,Major Arterial,Etobicoke York,43.594345,-79.53399,At Intersection,Traffic Signal,Clear,Dusk,Dry,Fatal,Pedestrian Collisions,Driver,55 to 59,None,,North,"Automobile, Station Wagon",Turning Left,Failed to Yield Right of Way,Unknown,,,,,,,Yes,,Yes,,,,,,,Yes,,,,19,Long Branch,19,Long Branch (19),D22,618334.8265,4827862.3133
3482,5370894,1043273,6/11/2008 8:00:00 AM,2010,LAKE SHORE BLVD W,LONG BRANCH AVE,,Major Arterial,Etobicoke York,43.594345,-79.53399,At Intersection,Traffic Signal,Clear,Dusk,Dry,Fatal,Pedestrian Collisions,Pedestrian,60 to 64,Fatal,26,South,Other,,,,Vehicle turns left while ped crosses with ROW at inter.,Crossing with right of way,Normal,,,,Yes,,Yes,,,,,,,Yes,,,,19,Long Branch,19,Long Branch (19),D22,618334.8265,4827862.3133
3483,5384787,1049415,6/12/2008 8:00:00 AM,853,KING Stre W,BATHURST Stre,,Major Arterial,Toronto and East York,43.643945,-79.40269,At Intersection,Traffic Signal,Clear,Daylight,Dry,Non-Fatal Injury,Cyclist Collisions,Driver,30 to 34,None,,East,"Automobile, Station Wagon",Stopped,Driving Properly,Normal,,,,,,,,Yes,Yes,,,,,,,,,,,164,Wellington Place,77,Waterfront Communities-The Island (77),D14,628827.3627,4833566.4258
3484,5384788,1049415,6/12/2008 8:00:00 AM,853,KING Stre W,BATHURST Stre,,Major Arterial,Toronto and East York,43.643945,-79.40269,At Intersection,Traffic Signal,Clear,Daylight,Dry,Non-Fatal Injury,Cyclist Collisions,Cyclist,40 to 44,Major,,East,Bicycle,Going Ahead,,,,,,Cyclist and Driver travelling in same direction. One vehicle sideswipes the other.,Lost control,Normal,,Yes,Yes,,,,,,,,,,,164,Wellington Place,77,Waterfront Communities-The Island (77),D14,628827.3627,4833566.4258
3485,5378236,1046604,6/12/2008 8:00:00 AM,902,ST CLAIR AVE W,RUSSELL HILL RD,,Major Arterial,Toronto and East York,43.685345,-79.40789,At Intersection,Police Control,Clear,Daylight,Dry,Non-Fatal Injury,Pedestrian Collisions,Driver,60 to 64,None,,West,"Automobile, Station Wagon",Going Ahead,Failed to Yield Right of Way,Normal,,,,,,,Yes,,Yes,,,,,,,Yes,,,,96,Casa Loma,96,Casa Loma (96),D53,628319.7262,4838156.388
3486,5378237,1046604,6/12/2008 8:00:00 AM,902,ST CLAIR AVE W,RUSSELL HILL RD,,Major Arterial,Toronto and East York,43.685345,-79.40789,At Intersection,Police Control,Clear,Daylight,Dry,Non-Fatal Injury,Pedestrian Collisions,Pedestrian,35 to 39,Major,,Unknown,Other,,,,Other / Undefined,Playing or Working on Highway,Normal,,,,Yes,,Yes,,,,,,,Yes,,,,96,Casa Loma,96,Casa Loma (96),D53,628319.7262,4838156.388
3487,5378234,1046603,6/12/2008 8:00:00 AM,945,AVENUE Road,BLOOR Stre W,,Major Arterial,Toronto and East York,43.668745,-79.39409,At Intersection,Traffic Signal,Clear,Daylight,Dry,Non-Fatal Injury,Cyclist Collisions,Driver,35 to 39,None,,North,"Automobile, Station Wagon",Going Ahead,Driving Properly,Normal,,,,,,,,Yes,Yes,,,,,,,,,,,95,Annex,95,Annex (95),D53,629467.6752,4836334.1782
3488,5378235,1046603,6/12/2008 8:00:00 AM,945,AVENUE Road,BLOOR Stre W,,Major Arterial,Toronto and East York,43.668745,-79.39409,At Intersection,Traffic Signal,Clear,Daylight,Dry,Non-Fatal Injury,Cyclist Collisions,Cyclist,20 to 24,Major,,East,Bicycle,Changing Lanes,,,,,,"Cyclist without ROW rides into path of motorist at inter, lnwy, dwy-Cyclist not turn.",Disobeyed Traffic Control,Inattentive,,Yes,Yes,,,,,,,,,,,95,Annex,95,Annex (95),D53,629467.6752,4836334.1782
3489,5378443,1046692,6/12/2008 8:00:00 AM,2236,ROSE VALLEY CRES,WOODGATE DR,,Local,Etobicoke York,43.676645,-79.50229,,No Control,Clear,Dark,Dry,Non-Fatal Injury,Other,Motorcycle Driver,25 to 29,Major,,East,Motorcycle,Going Ahead,Lost control,Unknown,,,,,,,,,,Yes,,,,,,,,,,111,Rockcliffe-Smythe,111,Rockcliffe-Smythe (111),D12,620728.7246,4837048.4041
3490,5370273,1043009,6/13/2008 8:00:00 AM,1235,BROWNS LINE Line,HORNER AVE,,Major Arterial,Etobicoke York,43.601645,-79.54519,At Intersection,Traffic Signal,Clear,Daylight,Dry,Non-Fatal Injury,Angle,Passenger,75 to 79,Minor,,,Other,,,,,,,,,,,,Yes,,,,,Yes,,Yes,Yes,,,20,Alderwood,20,Alderwood (20),D22,617416.5674,4828657.171
3491,5370274,1043009,6/13/2008 8:00:00 AM,1235,BROWNS LINE Line,HORNER AVE,,Major Arterial,Etobicoke York,43.601645,-79.54519,At Intersection,Traffic Signal,Clear,Daylight,Dry,Non-Fatal Injury,Angle,Driver,50 to 54,Minor,,West,"Automobile, Station Wagon",Going Ahead,Driving Properly,Normal,,,,,,,,,Yes,,,,,Yes,,Yes,Yes,,,20,Alderwood,20,Alderwood (20),D22,617416.5674,4828657.171
3492,5370275,1043009,6/13/2008 8:00:00 AM,1235,BROWNS LINE Line,HORNER AVE,,Major Arterial,Etobicoke York,43.601645,-79.54519,At Intersection,Traffic Signal,Clear,Daylight,Dry,Non-Fatal Injury,Angle,Passenger,85 to 89,Minor,,,Other,,,,,,,,,,,,Yes,,,,,Yes,,Yes,Yes,,,20,Alderwood,20,Alderwood (20),D22,617416.5674,4828657.171
3493,5370276,1043009,6/13/2008 8:00:00 AM,1235,BROWNS LINE Line,HORNER AVE,,Major Arterial,Etobicoke York,43.601645,-79.54519,At Intersection,Traffic Signal,Clear,Daylight,Dry,Non-Fatal Injury,Angle,Driver,50 to 54,Minimal,,South,"Automobile, Station Wagon",Going Ahead,Disobeyed Traffic Control,Normal,,,,,,,,,Yes,,,,,Yes,,Yes,Yes,,,20,Alderwood,20,Alderwood (20),D22,617416.5674,4828657.171
3494,5370277,1043009,6/13/2008 8:00:00 AM,1235,BROWNS LINE Line,HORNER AVE,,Major Arterial,Etobicoke York,43.601645,-79.54519,At Intersection,Traffic Signal,Clear,Daylight,Dry,Non-Fatal Injury,Angle,Passenger,35 to 39,Minimal,,,Other,,,,,,,,,,,,Yes,,,,,Yes,,Yes,Yes,,,20,Alderwood,20,Alderwood (20),D22,617416.5674,4828657.171
3495,5370278,1043009,6/13/2008 8:00:00 AM,1235,BROWNS LINE Line,HORNER AVE,,Major Arterial,Etobicoke York,43.601645,-79.54519,At Intersection,Traffic Signal,Clear,Daylight,Dry,Non-Fatal Injury,Angle,Driver,40 to 44,Major,,East,"Automobile, Station Wagon",Going Ahead,Driving Properly,Normal,,,,,,,,,Yes,,,,,Yes,,Yes,Yes,,,20,Alderwood,20,Alderwood (20),D22,617416.5674,4828657.171
3496,5381426,1047995,6/13/2008 8:00:00 AM,1400,COLLEGE St,CRAWFORD St,,Major Arterial,Toronto and East York,43.655145,-79.41899,,No Control,Clear,Daylight,Dry,Non-Fatal Injury,Cyclist Collisions,Vehicle Owner,unknown,,,,Other,,,,,,,,,,,Yes,Yes,,,,,,,,,,,81,Trinity-Bellwoods,81,Trinity-Bellwoods (81),D14,627489.0123,4834785.159
3497,5381427,1047995,6/13/2008 8:00:00 AM,1400,COLLEGE St,CRAWFORD St,,Major Arterial,Toronto and East York,43.655145,-79.41899,,No Control,Clear,Daylight,Dry,Non-Fatal Injury,Cyclist Collisions,Driver,60 to 64,None,,West,Taxi,Changing Lanes,Improper Lane Change,Normal,,,,,,,,Yes,Yes,,,,,,,,,,,81,Trinity-Bellwoods,81,Trinity-Bellwoods (81),D14,627489.0123,4834785.159
3498,5381428,1047995,6/13/2008 8:00:00 AM,1400,COLLEGE St,CRAWFORD St,,Major Arterial,Toronto and East York,43.655145,-79.41899,,No Control,Clear,Daylight,Dry,Non-Fatal Injury,Cyclist Collisions,Cyclist,50 to 54,Major,,West,Bicycle,Going Ahead,,,,,,Cyclist and Driver travelling in same direction. One vehicle sideswipes the other.,Driving Properly,Normal,,Yes,Yes,,,,,,,,,,,81,Trinity-Bellwoods,81,Trinity-Bellwoods (81),D14,627489.0123,4834785.159
3499,5370282,1043011,6/13/2008 8:00:00 AM,2321,DON MILLS RD,HIGHWAY 401 C Boul W,,Major Arterial,North York,43.769145,-79.34659,,No Control,Rain,Dark,Wet,Non-Fatal Injury,Pedestrian Collisions,Driver,25 to 29,Minimal,,South,"Automobile, Station Wagon",Going Ahead,Driving Properly,Normal,,,,,,,Yes,,Yes,,,,,,,,,,,53,Henry Farm,53,Henry Farm (53),D33,633074.6886,4847560.2768
3500,5370283,1043011,6/13/2008 8:00:00 AM,2321,DON MILLS RD,HIGHWAY 401 C Boul W,,Major Arterial,North York,43.769145,-79.34659,,No Control,Rain,Dark,Wet,Non-Fatal Injury,Pedestrian Collisions,Pedestrian,25 to 29,Major,,,Other,,,,Pedestrian hit at mid-block,Walking on Roadway Against Traffic,"Ability Impaired, Drugs",,,,Yes,,Yes,,,,,,,,,,,53,Henry Farm,53,Henry Farm (53),D33,633074.6886,4847560.2768
3501,5371155,1043405,6/14/2008 8:00:00 AM,5,3440 PHARMACY AVE,,,Minor Arterial,Scarborough,43.807745,-79.33239,,No Control,Rain,Dark,Wet,Fatal,Pedestrian Collisions,Driver,45 to 49,None,,South,"Automobile, Station Wagon",Going Ahead,Driving Properly,Had Been Drinking,,,,,,,Yes,,Yes,,,,,,,Yes,,,,116,Steeles,116,Steeles (116),D42,634131.2165,4851870.3326
3502,5371156,1043405,6/14/2008 8:00:00 AM,5,3440 PHARMACY AVE,,,Minor Arterial,Scarborough,43.807745,-79.33239,,No Control,Rain,Dark,Wet,Fatal,Pedestrian Collisions,Pedestrian,25 to 29,Fatal,23,East,Other,,,,Pedestrian hit at mid-block,"Crossing, no Traffic Control",Unknown,,,,Yes,,Yes,,,,,,,Yes,,,,116,Steeles,116,Steeles (116),D42,634131.2165,4851870.3326
3503,5371157,1043405,6/14/2008 8:00:00 AM,5,3440 PHARMACY AVE,,,Minor Arterial,Scarborough,43.807745,-79.33239,,No Control,Rain,Dark,Wet,Fatal,Pedestrian Collisions,Pedestrian,25 to 29,Fatal,24,East,Other,,,,Pedestrian hit at mid-block,"Crossing, no Traffic Control",Unknown,,,,Yes,,Yes,,,,,,,Yes,,,,116,Steeles,116,Steeles (116),D42,634131.2165,4851870.3326
3504,5379248,1047021,6/14/2008 8:00:00 AM,1340,DUFFERIN Stre,SYLVAN Aven,,Major Arterial,Toronto and East York,43.655045,-79.43349,,No Control,Clear,Daylight,Dry,Non-Fatal Injury,Cyclist Collisions,Driver,40 to 44,None,,South,"Automobile, Station Wagon",Overtaking,Improper Passing,Inattentive,,,,,,,,Yes,Yes,,,,,,,Yes,,,,83,Dufferin Grove,83,Dufferin Grove (83),D14,626319.9639,4834751.8766
3505,5379249,1047021,6/14/2008 8:00:00 AM,1340,DUFFERIN Stre,SYLVAN Aven,,Major Arterial,Toronto and East York,43.655045,-79.43349,,No Control,Clear,Daylight,Dry,Non-Fatal Injury,Cyclist Collisions,Cyclist,15 to 19,Major,,South,Bicycle,Going Ahead,,,,,,Cyclist and Driver travelling in same direction. One vehicle sideswipes the other.,Driving Properly,Normal,,Yes,Yes,,,,,,,Yes,,,,83,Dufferin Grove,83,Dufferin Grove (83),D14,626319.9639,4834751.8766
3506,5370469,1043101,6/14/2008 8:00:00 AM,1813,BATHURST ST,SULTANA AVE,,Major Arterial,North York,43.728745,-79.43199,At Intersection,No Control,Clear,Daylight,Dry,Non-Fatal Injury,Pedestrian Collisions,Driver,75 to 79,Major,,South,"Automobile, Station Wagon",Changing Lanes,Improper Lane Change,Normal,,,,,,,Yes,,Yes,,,Yes,,,,,,,,32,Englemount-Lawrence,32,Englemount-Lawrence (32),D32,626286.142,4842939.5584
3507,5370470,1043101,6/14/2008 8:00:00 AM,1813,BATHURST ST,SULTANA AVE,,Major Arterial,North York,43.728745,-79.43199,At Intersection,No Control,Clear,Daylight,Dry,Non-Fatal Injury,Pedestrian Collisions,Vehicle Owner,unknown,,,,Other,,,,,,,,,,Yes,,Yes,,,Yes,,,,,,,,32,Englemount-Lawrence,32,Englemount-Lawrence (32),D32,626286.142,4842939.5584
3508,5370471,1043101,6/14/2008 8:00:00 AM,1813,BATHURST ST,SULTANA AVE,,Major Arterial,North York,43.728745,-79.43199,At Intersection,No Control,Clear,Daylight,Dry,Non-Fatal Injury,Pedestrian Collisions,Vehicle Owner,unknown,,,,Other,,,,,,,,,,Yes,,Yes,,,Yes,,,,,,,,32,Englemount-Lawrence,32,Englemount-Lawrence (32),D32,626286.142,4842939.5584
3509,5370472,1043101,6/14/2008 8:00:00 AM,1813,BATHURST ST,SULTANA AVE,,Major Arterial,North York,43.728745,-79.43199,At Intersection,No Control,Clear,Daylight,Dry,Non-Fatal Injury,Pedestrian Collisions,Driver,25 to 29,None,,South,Municipal Transit Bus (TTC),Going Ahead,Driving Properly,Normal,,,,,,,Yes,,Yes,,,Yes,,,,,,,,32,Englemount-Lawrence,32,Englemount-Lawrence (32),D32,626286.142,4842939.5584
3510,5370473,1043101,6/14/2008 8:00:00 AM,1813,BATHURST ST,SULTANA AVE,,Major Arterial,North York,43.728745,-79.43199,At Intersection,No Control,Clear,Daylight,Dry,Non-Fatal Injury,Pedestrian Collisions,Pedestrian,55 to 59,Major,,South,Other,,,,Pedestrian involved in a collision with transit vehicle anywhere along roadway,"Crossing, no Traffic Control",Normal,,,,Yes,,Yes,,,Yes,,,,,,,,32,Englemount-Lawrence,32,Englemount-Lawrence (32),D32,626286.142,4842939.5584
3511,5373509,1044518,6/15/2008 8:00:00 AM,215,DUNDAS ST W,RONCESVALLES AVE,,Minor Arterial,Toronto and East York,43.653645,-79.45139,,No Control,Clear,Dark,Dry,Non-Fatal Injury,Cyclist Collisions,Driver,unknown,None,,West,"Automobile, Station Wagon",Going Ahead,Lost control,Normal,,,,,,,,Yes,Yes,,,,,,,,,,,86,Roncesvalles,86,Roncesvalles (86),D11,624879.4348,4834569.2945