OBJECTID,INDEX,ACCNUM,DATE,TIME,STREET1,STREET2,OFFSET,ROAD_CLASS,DISTRICT,LATITUDE,LONGITUDE,ACCLOC,TRAFFCTL,VISIBILITY,LIGHT,RDSFCOND,ACCLASS,IMPACTYPE,INVTYPE,INVAGE,INJURY,FATAL_NO,INITDIR,VEHTYPE,MANOEUVER,DRIVACT,DRIVCOND,PEDTYPE,PEDACT,PEDCOND,CYCLISTYPE,CYCACT,CYCCOND,PEDESTRIAN,CYCLIST,AUTOMOBILE,MOTORCYCLE,TRUCK,TRSN_CITY_VEH,EMERG_VEH,PASSENGER,SPEEDING,AG_DRIV,REDLIGHT,ALCOHOL,DISABILITY,HOOD_158,NEIGHBOURHOOD_158,HOOD_140,NEIGHBOURHOOD_140,DIVISION,x,y
3512,5373510,1044518,6/15/2008 8:00:00 AM,215,DUNDAS ST W,RONCESVALLES AVE,,Minor Arterial,Toronto and East York,43.653645,-79.45139,,No Control,Clear,Dark,Dry,Non-Fatal Injury,Cyclist Collisions,Cyclist,35 to 39,Major,,West,Bicycle,Going Ahead,,,,,,Motorist loses control and strikes cyclist.,Driving Properly,Normal,,Yes,Yes,,,,,,,,,,,86,Roncesvalles,86,Roncesvalles (86),D11,624879.4348,4834569.2945
3513,5379316,1047045,6/15/2008 8:00:00 AM,1840,REXDALE BLVD,KIPLING AVE,,Major Arterial,Etobicoke York,43.711745,-79.56669,At Intersection,Traffic Signal,Rain,Dark,Wet,Non-Fatal Injury,SMV Other,Driver,25 to 29,Minor,,East,"Automobile, Station Wagon",Going Ahead,Driving Properly,Normal,,,,,,,,,Yes,,,,,,,Yes,,,,4,Rexdale-Kipling,4,Rexdale-Kipling (4),D23,615470.0907,4840855.0139
3514,5379317,1047045,6/15/2008 8:00:00 AM,1840,REXDALE BLVD,KIPLING AVE,,Major Arterial,Etobicoke York,43.711745,-79.56669,At Intersection,Traffic Signal,Rain,Dark,Wet,Non-Fatal Injury,SMV Other,Driver,45 to 49,Major,,West,"Automobile, Station Wagon",Turning Left,Failed to Yield Right of Way,Normal,,,,,,,,,Yes,,,,,,,Yes,,,,4,Rexdale-Kipling,4,Rexdale-Kipling (4),D23,615470.0907,4840855.0139
3515,5379318,1047045,6/15/2008 8:00:00 AM,1840,REXDALE BLVD,KIPLING AVE,,Major Arterial,Etobicoke York,43.711745,-79.56669,At Intersection,Traffic Signal,Rain,Dark,Wet,Non-Fatal Injury,SMV Other,Other Property Owner,unknown,,,,Other,,,,,,,,,,,,Yes,,,,,,,Yes,,,,4,Rexdale-Kipling,4,Rexdale-Kipling (4),D23,615470.0907,4840855.0139
3516,5371615,1043639,6/16/2008 8:00:00 AM,1355,BATHURST ST N,SOUTHBOURNE AVE,,Major Arterial,North York,43.738845,-79.43439,,No Control,Clear,Daylight,Dry,Non-Fatal Injury,Pedestrian Collisions,Vehicle Owner,unknown,,,,Other,,,,,,,,,,Yes,,Yes,,,,,,,,,,,33,Clanton Park,33,Clanton Park (33),D32,626071.6512,4844057.6549
3517,5371616,1043639,6/16/2008 8:00:00 AM,1355,BATHURST ST N,SOUTHBOURNE AVE,,Major Arterial,North York,43.738845,-79.43439,,No Control,Clear,Daylight,Dry,Non-Fatal Injury,Pedestrian Collisions,Driver,20 to 24,None,,North,"Automobile, Station Wagon",Going Ahead,Driving Properly,Normal,,,,,,,Yes,,Yes,,,,,,,,,,,33,Clanton Park,33,Clanton Park (33),D32,626071.6512,4844057.6549
3518,5371617,1043639,6/16/2008 8:00:00 AM,1355,BATHURST ST N,SOUTHBOURNE AVE,,Major Arterial,North York,43.738845,-79.43439,,No Control,Clear,Daylight,Dry,Non-Fatal Injury,Pedestrian Collisions,Pedestrian,35 to 39,Major,,East,Other,,,,Pedestrian hit at mid-block,"Crossing, no Traffic Control",Inattentive,,,,Yes,,Yes,,,,,,,,,,,33,Clanton Park,33,Clanton Park (33),D32,626071.6512,4844057.6549
3519,5371618,1043639,6/16/2008 8:00:00 AM,1355,BATHURST ST N,SOUTHBOURNE AVE,,Major Arterial,North York,43.738845,-79.43439,,No Control,Clear,Daylight,Dry,Non-Fatal Injury,Pedestrian Collisions,Pedestrian,0 to 4,Major,,East,Other,,,,Pedestrian hit at mid-block,"Crossing, no Traffic Control",Inattentive,,,,Yes,,Yes,,,,,,,,,,,33,Clanton Park,33,Clanton Park (33),D32,626071.6512,4844057.6549
3520,5379919,1047294,6/17/2008 8:00:00 AM,1540,130 THE QUEENSWAY,,,Major Arterial,Etobicoke York,43.630845,-79.48189,At Intersection,No Control,Clear,Daylight,Dry,Non-Fatal Injury,Pedestrian Collisions,Vehicle Owner,unknown,,,,Other,,,,,,,,,,Yes,,Yes,,,,,,,,,,,16,Stonegate-Queensway,16,Stonegate-Queensway (16),D22,622466.2179,4831991.6168
3521,5379920,1047294,6/17/2008 8:00:00 AM,1540,130 THE QUEENSWAY,,,Major Arterial,Etobicoke York,43.630845,-79.48189,At Intersection,No Control,Clear,Daylight,Dry,Non-Fatal Injury,Pedestrian Collisions,Driver,45 to 49,None,,West,"Automobile, Station Wagon",Going Ahead,Driving Properly,Normal,,,,,,,Yes,,Yes,,,,,,,,,,,16,Stonegate-Queensway,16,Stonegate-Queensway (16),D22,622466.2179,4831991.6168
3522,5379921,1047294,6/17/2008 8:00:00 AM,1540,130 THE QUEENSWAY,,,Major Arterial,Etobicoke York,43.630845,-79.48189,At Intersection,No Control,Clear,Daylight,Dry,Non-Fatal Injury,Pedestrian Collisions,Pedestrian,75 to 79,Major,,South,Other,,,,Pedestrian hit at mid-block,"Crossing, no Traffic Control",Normal,,,,Yes,,Yes,,,,,,,,,,,16,Stonegate-Queensway,16,Stonegate-Queensway (16),D22,622466.2179,4831991.6168
3523,5373755,1044627,6/17/2008 8:00:00 AM,1614,DOVERCOURT Rd,GEARY Ave,,Minor Arterial,Toronto and East York,43.670745,-79.43319,At Intersection,Stop Sign,Clear,Daylight,Dry,Non-Fatal Injury,Angle,Driver,70 to 74,None,,East,"Automobile, Station Wagon",Going Ahead,Disobeyed Traffic Control,Normal,,,,,,,,,Yes,,,,,Yes,,Yes,,,,171,Junction-Wallace Emerson,93,Dovercourt-Wallace Emerson-Junction (93),D13,626311.2262,4836496.0257
3524,5373756,1044627,6/17/2008 8:00:00 AM,1614,DOVERCOURT Rd,GEARY Ave,,Minor Arterial,Toronto and East York,43.670745,-79.43319,At Intersection,Stop Sign,Clear,Daylight,Dry,Non-Fatal Injury,Angle,Passenger,50 to 54,Major,,,"Automobile, Station Wagon",,,,,,,,,,,,Yes,,,,,Yes,,Yes,,,,171,Junction-Wallace Emerson,93,Dovercourt-Wallace Emerson-Junction (93),D13,626311.2262,4836496.0257
3525,5373757,1044627,6/17/2008 8:00:00 AM,1614,DOVERCOURT Rd,GEARY Ave,,Minor Arterial,Toronto and East York,43.670745,-79.43319,At Intersection,Stop Sign,Clear,Daylight,Dry,Non-Fatal Injury,Angle,Driver,50 to 54,None,,South,"Automobile, Station Wagon",Going Ahead,Driving Properly,Normal,,,,,,,,,Yes,,,,,Yes,,Yes,,,,171,Junction-Wallace Emerson,93,Dovercourt-Wallace Emerson-Junction (93),D13,626311.2262,4836496.0257
3526,5371850,1043747,6/18/2008 8:00:00 AM,909,SCARLETT RD,BERNICE CRES,,Minor Arterial,Etobicoke York,43.666945,-79.49949,At Intersection,Pedestrian Crossover,Clear,Daylight,Dry,Fatal,Pedestrian Collisions,Pedestrian,85 to 89,Fatal,25,East,Other,,,,Pedestrian hit a PXO/ped. Mid-block signal,"Crossing, Pedestrian Crossover",Normal,,,,Yes,,Yes,,,,,,,Yes,,,,111,Rockcliffe-Smythe,111,Rockcliffe-Smythe (111),D12,620973.918,4835975.1702
3527,5371851,1043747,6/18/2008 8:00:00 AM,909,SCARLETT RD,BERNICE CRES,,Minor Arterial,Etobicoke York,43.666945,-79.49949,At Intersection,Pedestrian Crossover,Clear,Daylight,Dry,Fatal,Pedestrian Collisions,Vehicle Owner,unknown,,,,Other,,,,,,,,,,Yes,,Yes,,,,,,,Yes,,,,111,Rockcliffe-Smythe,111,Rockcliffe-Smythe (111),D12,620973.918,4835975.1702
3528,5371852,1043747,6/18/2008 8:00:00 AM,909,SCARLETT RD,BERNICE CRES,,Minor Arterial,Etobicoke York,43.666945,-79.49949,At Intersection,Pedestrian Crossover,Clear,Daylight,Dry,Fatal,Pedestrian Collisions,Driver,55 to 59,None,,North,"Automobile, Station Wagon",Going Ahead,Failed to Yield Right of Way,Inattentive,,,,,,,Yes,,Yes,,,,,,,Yes,,,,111,Rockcliffe-Smythe,111,Rockcliffe-Smythe (111),D12,620973.918,4835975.1702
3529,5403463,1057630,6/20/2008 8:00:00 AM,1030,SEELEY DR,SHEPPARD AVE W,,Major Arterial,North York,43.743045,-79.49419,At Intersection,No Control,Clear,Daylight,Dry,Non-Fatal Injury,Pedestrian Collisions,Driver,unknown,None,,West,"Automobile, Station Wagon",Turning Left,Failed to Yield Right of Way,Unknown,,,,,,,Yes,,Yes,,,,,,,Yes,,,,155,Downsview,26,Downsview-Roding-CFB (26),D31,621247.7034,4844434.8689
3530,5403464,1057630,6/20/2008 8:00:00 AM,1030,SEELEY DR,SHEPPARD AVE W,,Major Arterial,North York,43.743045,-79.49419,At Intersection,No Control,Clear,Daylight,Dry,Non-Fatal Injury,Pedestrian Collisions,Pedestrian,20 to 24,Major,,West,Other,,,,Vehicle turns left while ped crosses with ROW at inter.,Crossing with right of way,Normal,,,,Yes,,Yes,,,,,,,Yes,,,,155,Downsview,26,Downsview-Roding-CFB (26),D31,621247.7034,4844434.8689
3531,5372924,1044246,6/20/2008 8:00:00 AM,1500,PROGRESS AVE,401 C E PROGRESS AV RAMP E,,Minor Arterial,Scarborough,43.777745,-79.26099,,Traffic Signal,Clear,Daylight,Dry,Non-Fatal Injury,SMV Other,Vehicle Owner,unknown,,,,Other,,,,,,,,,,,,Yes,,,,,,,,,,Yes,156,Bendale-Glen Andrew,127,Bendale (127),D43,639944.2179,4848656.5745
3532,5372925,1044246,6/20/2008 8:00:00 AM,1500,PROGRESS AVE,401 C E PROGRESS AV RAMP E,,Minor Arterial,Scarborough,43.777745,-79.26099,,Traffic Signal,Clear,Daylight,Dry,Non-Fatal Injury,SMV Other,Driver,50 to 54,Major,,East,"Automobile, Station Wagon",Going Ahead,Lost control,Medical or Physical Disability,,,,,,,,,Yes,,,,,,,,,,Yes,156,Bendale-Glen Andrew,127,Bendale (127),D43,639944.2179,4848656.5745
3533,5382044,1048237,6/22/2008 8:00:00 AM,1805,WESTON Road,WALSH Aven,,Major Arterial,Etobicoke York,43.717045,-79.53729,At Intersection,Traffic Signal,Clear,Daylight,Dry,Non-Fatal Injury,Cyclist Collisions,Vehicle Owner,unknown,,,,Other,,,,,,,,,,,Yes,Yes,,,,,,,,,,,23,Pelmo Park-Humberlea,23,Pelmo Park-Humberlea (23),D31,617828.2392,4841485.0257
3534,5382045,1048237,6/22/2008 8:00:00 AM,1805,WESTON Road,WALSH Aven,,Major Arterial,Etobicoke York,43.717045,-79.53729,At Intersection,Traffic Signal,Clear,Daylight,Dry,Non-Fatal Injury,Cyclist Collisions,Driver,45 to 49,None,,North,"Automobile, Station Wagon",Going Ahead,Driving Properly,Normal,,,,,,,,Yes,Yes,,,,,,,,,,,23,Pelmo Park-Humberlea,23,Pelmo Park-Humberlea (23),D31,617828.2392,4841485.0257
3535,5382046,1048237,6/22/2008 8:00:00 AM,1805,WESTON Road,WALSH Aven,,Major Arterial,Etobicoke York,43.717045,-79.53729,At Intersection,Traffic Signal,Clear,Daylight,Dry,Non-Fatal Injury,Cyclist Collisions,Cyclist,35 to 39,Major,,East,Bicycle,Going Ahead,,,,,,"Cyclist without ROW rides into path of motorist at inter, lnwy, dwy-Cyclist not turn.",Failed to Yield Right of Way,Normal,,Yes,Yes,,,,,,,,,,,23,Pelmo Park-Humberlea,23,Pelmo Park-Humberlea (23),D31,617828.2392,4841485.0257
3536,5382062,1048242,6/23/2008 8:00:00 AM,950,SPADINA Aven,HARBORD Stre,,Major Arterial,Toronto and East York,43.663045,-79.40209,At Intersection,Traffic Signal,Clear,Daylight,Dry,Non-Fatal Injury,Pedestrian Collisions,Pedestrian,20 to 24,Major,,East,Other,,,,Pedestrian involved in a collision with transit vehicle anywhere along roadway,Crossing without right of way,Inattentive,,,,Yes,,,,,Yes,,,,,,,,79,University,79,University (79),D52,628834.9059,4835688.6629
3537,5382063,1048242,6/23/2008 8:00:00 AM,950,SPADINA Aven,HARBORD Stre,,Major Arterial,Toronto and East York,43.663045,-79.40209,At Intersection,Traffic Signal,Clear,Daylight,Dry,Non-Fatal Injury,Pedestrian Collisions,Vehicle Owner,unknown,,,,Other,,,,,,,,,,Yes,,,,,Yes,,,,,,,,79,University,79,University (79),D52,628834.9059,4835688.6629
3538,5382064,1048242,6/23/2008 8:00:00 AM,950,SPADINA Aven,HARBORD Stre,,Major Arterial,Toronto and East York,43.663045,-79.40209,At Intersection,Traffic Signal,Clear,Daylight,Dry,Non-Fatal Injury,Pedestrian Collisions,Driver,40 to 44,None,,North,Municipal Transit Bus (TTC),Going Ahead,Driving Properly,Normal,,,,,,,Yes,,,,,Yes,,,,,,,,79,University,79,University (79),D52,628834.9059,4835688.6629
3539,5377809,1046409,6/24/2008 8:00:00 AM,1838,F G GARDINER XY  W,LAKE SHORE BLVD E,,Major Arterial,Toronto and East York,43.653346,-79.341487,,No Control,Clear,Daylight,Dry,Non-Fatal Injury,Sideswipe,Motorcycle Driver,35 to 39,Major,,West,Motorcycle,Going Ahead,Driving Properly,Normal,,,,,,,,,Yes,Yes,,,,,Yes,Yes,,,,70,South Riverdale,70,South Riverdale (70),D55,633742.7376,4834707.3544
3540,5377810,1046409,6/24/2008 8:00:00 AM,1838,F G GARDINER XY  W,LAKE SHORE BLVD E,,Major Arterial,Toronto and East York,43.653346,-79.341487,,No Control,Clear,Daylight,Dry,Non-Fatal Injury,Sideswipe,Driver,50 to 54,None,,West,"Automobile, Station Wagon",Changing Lanes,Improper Lane Change,Normal,,,,,,,,,Yes,Yes,,,,,Yes,Yes,,,,70,South Riverdale,70,South Riverdale (70),D55,633742.7376,4834707.3544
3541,5374244,1044815,6/24/2008 8:00:00 AM,2226,WILSON AVE,JETHRO RD,,Major Arterial,Etobicoke York,43.718745,-79.51839,At Intersection,Traffic Signal,Clear,Dark,Dry,Fatal,Pedestrian Collisions,Vehicle Owner,unknown,,,,Other,,,,,,,,,,Yes,,Yes,,,,,,,Yes,,,,154,Oakdale-Beverley Heights,26,Downsview-Roding-CFB (26),D31,619347.3607,4841700.8755
3542,5374245,1044815,6/24/2008 8:00:00 AM,2226,WILSON AVE,JETHRO RD,,Major Arterial,Etobicoke York,43.718745,-79.51839,At Intersection,Traffic Signal,Clear,Dark,Dry,Fatal,Pedestrian Collisions,Driver,25 to 29,None,,East,"Automobile, Station Wagon",Going Ahead,Driving Properly,Normal,,,,,,,Yes,,Yes,,,,,,,Yes,,,,154,Oakdale-Beverley Heights,26,Downsview-Roding-CFB (26),D31,619347.3607,4841700.8755
3543,5374246,1044815,6/24/2008 8:00:00 AM,2226,WILSON AVE,JETHRO RD,,Major Arterial,Etobicoke York,43.718745,-79.51839,At Intersection,Traffic Signal,Clear,Dark,Dry,Fatal,Pedestrian Collisions,Pedestrian,75 to 79,Fatal,27,North,Other,,,,Vehicle is going straight thru inter.while ped cross without ROW,Crossing without right of way,Unknown,,,,Yes,,Yes,,,,,,,Yes,,,,154,Oakdale-Beverley Heights,26,Downsview-Roding-CFB (26),D31,619347.3607,4841700.8755
3544,5382892,1048611,6/25/2008 8:00:00 AM,730,MORNINGSIDE AVE,KINGSTON RD,,Major Arterial,Scarborough,43.770645,-79.18689,At Intersection,Traffic Signal,Clear,Daylight,Dry,Non-Fatal Injury,Pedestrian Collisions,Vehicle Owner,unknown,,,,Other,,,,,,,,,,Yes,,Yes,,,,,,,,,,,136,West Hill,136,West Hill (136),D43,645924.6468,4847995.9366
3545,5382893,1048611,6/25/2008 8:00:00 AM,730,MORNINGSIDE AVE,KINGSTON RD,,Major Arterial,Scarborough,43.770645,-79.18689,At Intersection,Traffic Signal,Clear,Daylight,Dry,Non-Fatal Injury,Pedestrian Collisions,Driver,40 to 44,None,,North,"Automobile, Station Wagon",Turning Left,Improper Turn,Normal,,,,,,,Yes,,Yes,,,,,,,,,,,136,West Hill,136,West Hill (136),D43,645924.6468,4847995.9366
3546,5382894,1048611,6/25/2008 8:00:00 AM,730,MORNINGSIDE AVE,KINGSTON RD,,Major Arterial,Scarborough,43.770645,-79.18689,At Intersection,Traffic Signal,Clear,Daylight,Dry,Non-Fatal Injury,Pedestrian Collisions,Pedestrian,50 to 54,Major,,,Other,Unknown,,,Vehicle turns left while ped crosses with ROW at inter.,Crossing with right of way,Normal,,,,Yes,,Yes,,,,,,,,,,,136,West Hill,136,West Hill (136),D43,645924.6468,4847995.9366
3547,5390543,1051990,6/25/2008 8:00:00 AM,1820,AVENUE RD,POPLAR PLAINS CRES,,Major Arterial,Toronto and East York,43.680745,-79.39909,At Intersection,No Control,Clear,Daylight,Dry,Non-Fatal Injury,Cyclist Collisions,Driver,65 to 69,None,,North,"Automobile, Station Wagon",Turning Left,Improper Turn,Inattentive,,,,,,,,Yes,Yes,,,,,,,,,,,96,Casa Loma,96,Casa Loma (96),D53,629038.8511,4837659.1491
3548,5390544,1051990,6/25/2008 8:00:00 AM,1820,AVENUE RD,POPLAR PLAINS CRES,,Major Arterial,Toronto and East York,43.680745,-79.39909,At Intersection,No Control,Clear,Daylight,Dry,Non-Fatal Injury,Cyclist Collisions,Cyclist,35 to 39,Major,,South,Bicycle,Going Ahead,,,,,,Motorist turned left across cyclists path.,Driving Properly,Normal,,Yes,Yes,,,,,,,,,,,96,Casa Loma,96,Casa Loma (96),D53,629038.8511,4837659.1491
3549,5374506,1044949,6/25/2008 8:00:00 AM,2040,136 NEAMES CRES,,,Local,Etobicoke York,43.728245,-79.51259,,No Control,Clear,Daylight,Dry,Non-Fatal Injury,Cyclist Collisions,Passenger,35 to 39,None,,,Other,,,,,,,,,,,Yes,Yes,,,,,Yes,,,,,,154,Oakdale-Beverley Heights,26,Downsview-Roding-CFB (26),D31,619795.6325,4842764.3525
3550,5374507,1044949,6/25/2008 8:00:00 AM,2040,136 NEAMES CRES,,,Local,Etobicoke York,43.728245,-79.51259,,No Control,Clear,Daylight,Dry,Non-Fatal Injury,Cyclist Collisions,Driver,35 to 39,None,,North,"Automobile, Station Wagon",Going Ahead,Driving Properly,Normal,,,,,,,,Yes,Yes,,,,,Yes,,,,,,154,Oakdale-Beverley Heights,26,Downsview-Roding-CFB (26),D31,619795.6325,4842764.3525
3551,5374508,1044949,6/25/2008 8:00:00 AM,2040,136 NEAMES CRES,,,Local,Etobicoke York,43.728245,-79.51259,,No Control,Clear,Daylight,Dry,Non-Fatal Injury,Cyclist Collisions,Cyclist,5 to 9,Major,,South,Bicycle,Going Ahead,,,,,,Insufficient information (to determine cyclist crash type).,Other,Inattentive,,Yes,Yes,,,,,Yes,,,,,,154,Oakdale-Beverley Heights,26,Downsview-Roding-CFB (26),D31,619795.6325,4842764.3525
3552,5374978,1045157,6/26/2008 8:00:00 AM,815,VICTORIA PARK AVE,PEARD RD,,Major Arterial,Toronto and East York,43.710645,-79.29679,At Intersection,No Control,Clear,Daylight,Dry,Non-Fatal Injury,Pedestrian Collisions,Driver,15 to 19,None,,North,"Automobile, Station Wagon",Going Ahead,Failed to Yield Right of Way,Normal,,,,,,,Yes,,Yes,,,,,,,Yes,,,,54,O'Connor-Parkview,54,O'Connor-Parkview (54),D55,637216.4593,4841144.2187
3553,5374979,1045157,6/26/2008 8:00:00 AM,815,VICTORIA PARK AVE,PEARD RD,,Major Arterial,Toronto and East York,43.710645,-79.29679,At Intersection,No Control,Clear,Daylight,Dry,Non-Fatal Injury,Pedestrian Collisions,Pedestrian,20 to 24,Minor,,,Other,Unknown,,,Pedestrian hit on sidewalk or shoulder,On Sidewalk or Shoulder,Normal,,,,Yes,,Yes,,,,,,,Yes,,,,54,O'Connor-Parkview,54,O'Connor-Parkview (54),D55,637216.4593,4841144.2187
3554,5374980,1045157,6/26/2008 8:00:00 AM,815,VICTORIA PARK AVE,PEARD RD,,Major Arterial,Toronto and East York,43.710645,-79.29679,At Intersection,No Control,Clear,Daylight,Dry,Non-Fatal Injury,Pedestrian Collisions,Pedestrian,85 to 89,Major,,,Other,Unknown,,,Pedestrian hit on sidewalk or shoulder,On Sidewalk or Shoulder,Normal,,,,Yes,,Yes,,,,,,,Yes,,,,54,O'Connor-Parkview,54,O'Connor-Parkview (54),D55,637216.4593,4841144.2187
3555,5375121,1045221,6/27/2008 8:00:00 AM,53,FLEET ST,STADIUM RD,,Major Arterial,Toronto and East York,43.636045,-79.40189,,No Control,Clear,Dark,Dry,Fatal,Approaching,Vehicle Owner,unknown,,,,Other,,,,,,,,,,,,Yes,,,Yes,,Yes,Yes,Yes,,Yes,,163,Fort York-Liberty Village,82,Niagara (82),D14,628908.7791,4832690.2712
3556,5375122,1045221,6/27/2008 8:00:00 AM,53,FLEET ST,STADIUM RD,,Major Arterial,Toronto and East York,43.636045,-79.40189,,No Control,Clear,Dark,Dry,Fatal,Approaching,Driver,30 to 34,None,,East,Municipal Transit Bus (TTC),Going Ahead,Driving Properly,Normal,,,,,,,,,Yes,,,Yes,,Yes,Yes,Yes,,Yes,,163,Fort York-Liberty Village,82,Niagara (82),D14,628908.7791,4832690.2712
3557,5375123,1045221,6/27/2008 8:00:00 AM,53,FLEET ST,STADIUM RD,,Major Arterial,Toronto and East York,43.636045,-79.40189,,No Control,Clear,Dark,Dry,Fatal,Approaching,Passenger,20 to 24,Major,,,Other,,,,,,,,,,,,Yes,,,Yes,,Yes,Yes,Yes,,Yes,,163,Fort York-Liberty Village,82,Niagara (82),D14,628908.7791,4832690.2712
3558,5375124,1045221,6/27/2008 8:00:00 AM,53,FLEET ST,STADIUM RD,,Major Arterial,Toronto and East York,43.636045,-79.40189,,No Control,Clear,Dark,Dry,Fatal,Approaching,Driver,20 to 24,Fatal,28,West,"Automobile, Station Wagon",Going Ahead,Wrong Way on One Way Road,"Ability Impaired, Alcohol",,,,,,,,,Yes,,,Yes,,Yes,Yes,Yes,,Yes,,163,Fort York-Liberty Village,82,Niagara (82),D14,628908.7791,4832690.2712
3559,5383481,1048845,6/28/2008 8:00:00 AM,1601,COLLEGE ST,SPADINA AVE,,Major Arterial,Toronto and East York,43.658045,-79.39949,,No Control,Clear,Daylight,Dry,Non-Fatal Injury,Pedestrian Collisions,Vehicle Owner,unknown,,,,Other,,,,,,,,,,Yes,,Yes,,,,,,,,,,,79,University,79,University (79),D52,629055.2509,4835137.3874
3560,5383482,1048845,6/28/2008 8:00:00 AM,1601,COLLEGE ST,SPADINA AVE,,Major Arterial,Toronto and East York,43.658045,-79.39949,,No Control,Clear,Daylight,Dry,Non-Fatal Injury,Pedestrian Collisions,Driver,35 to 39,None,,West,"Automobile, Station Wagon",Going Ahead,Driving Properly,Normal,,,,,,,Yes,,Yes,,,,,,,,,,,79,University,79,University (79),D52,629055.2509,4835137.3874
3561,5383483,1048845,6/28/2008 8:00:00 AM,1601,COLLEGE ST,SPADINA AVE,,Major Arterial,Toronto and East York,43.658045,-79.39949,,No Control,Clear,Daylight,Dry,Non-Fatal Injury,Pedestrian Collisions,Pedestrian,25 to 29,Major,,Unknown,Other,,,,Other / Undefined,Other,Medical or Physical Disability,,,,Yes,,Yes,,,,,,,,,,,79,University,79,University (79),D52,629055.2509,4835137.3874
3562,5375829,1045558,6/30/2008 8:00:00 AM,120,F G GARDINER XY  W,ISLINGTON AVE,,,Etobicoke York,43.621145,-79.50979,,No Control,Clear,Dark,Dry,Non-Fatal Injury,SMV Other,Passenger,20 to 24,Minor,,,Other,,,,,,,,,,,,Yes,,,,,Yes,,,,Yes,,160,Mimico-Queensway,16,Stonegate-Queensway (16),D22,620234.8364,4830873.532
3563,5375830,1045558,6/30/2008 8:00:00 AM,120,F G GARDINER XY  W,ISLINGTON AVE,,,Etobicoke York,43.621145,-79.50979,,No Control,Clear,Dark,Dry,Non-Fatal Injury,SMV Other,Passenger,25 to 29,Minor,,,Other,,,,,,,,,,,,Yes,,,,,Yes,,,,Yes,,160,Mimico-Queensway,16,Stonegate-Queensway (16),D22,620234.8364,4830873.532
3564,5375831,1045558,6/30/2008 8:00:00 AM,120,F G GARDINER XY  W,ISLINGTON AVE,,,Etobicoke York,43.621145,-79.50979,,No Control,Clear,Dark,Dry,Non-Fatal Injury,SMV Other,Passenger,25 to 29,Major,,,Other,,,,,,,,,,,,Yes,,,,,Yes,,,,Yes,,160,Mimico-Queensway,16,Stonegate-Queensway (16),D22,620234.8364,4830873.532
3565,5375832,1045558,6/30/2008 8:00:00 AM,120,F G GARDINER XY  W,ISLINGTON AVE,,,Etobicoke York,43.621145,-79.50979,,No Control,Clear,Dark,Dry,Non-Fatal Injury,SMV Other,Passenger,25 to 29,Major,,,Other,,,,,,,,,,,,Yes,,,,,Yes,,,,Yes,,160,Mimico-Queensway,16,Stonegate-Queensway (16),D22,620234.8364,4830873.532
3566,5375833,1045558,6/30/2008 8:00:00 AM,120,F G GARDINER XY  W,ISLINGTON AVE,,,Etobicoke York,43.621145,-79.50979,,No Control,Clear,Dark,Dry,Non-Fatal Injury,SMV Other,Driver,30 to 34,Major,,West,"Automobile, Station Wagon",Going Ahead,Lost control,"Ability Impaired, Alcohol",,,,,,,,,Yes,,,,,Yes,,,,Yes,,160,Mimico-Queensway,16,Stonegate-Queensway (16),D22,620234.8364,4830873.532
3567,5384800,1049419,6/30/2008 8:00:00 AM,1040,DUNDAS ST W,LANSDOWNE AVE,,Minor Arterial,Toronto and East York,43.650145,-79.43929,,No Control,Clear,Daylight,Dry,Non-Fatal Injury,Cyclist Collisions,Driver,45 to 49,None,,East,"Automobile, Station Wagon",Parked,Other,Normal,,,,,,,,Yes,Yes,,,,,,,,,,,84,Little Portugal,83,Dufferin Grove (83),D11,625862.4953,4834198.8547
3568,5384801,1049419,6/30/2008 8:00:00 AM,1040,DUNDAS ST W,LANSDOWNE AVE,,Minor Arterial,Toronto and East York,43.650145,-79.43929,,No Control,Clear,Daylight,Dry,Non-Fatal Injury,Cyclist Collisions,Cyclist,20 to 24,Major,,East,Bicycle,Going Ahead,,,,,,Cyclist struck opened vehicle door,Driving Properly,Normal,,Yes,Yes,,,,,,,,,,,84,Little Portugal,83,Dufferin Grove (83),D11,625862.4953,4834198.8547
3569,5376138,1045692,6/30/2008 8:00:00 AM,1733,YORK MILLS RD,FENN AVE,,Major Arterial,North York,43.747045,-79.38899,At Intersection,Traffic Signal,Clear,Daylight,Dry,Non-Fatal Injury,Pedestrian Collisions,Vehicle Owner,unknown,,,,Other,,,,,,,,,,Yes,,Yes,,,,,,,Yes,Yes,,,40,St.Andrew-Windfields,40,St.Andrew-Windfields (40),D32,629709.8368,4845038.4717
3570,5376139,1045692,6/30/2008 8:00:00 AM,1733,YORK MILLS RD,FENN AVE,,Major Arterial,North York,43.747045,-79.38899,At Intersection,Traffic Signal,Clear,Daylight,Dry,Non-Fatal Injury,Pedestrian Collisions,Driver,25 to 29,None,,East,"Automobile, Station Wagon",Going Ahead,Disobeyed Traffic Control,Normal,,,,,,,Yes,,Yes,,,,,,,Yes,Yes,,,40,St.Andrew-Windfields,40,St.Andrew-Windfields (40),D32,629709.8368,4845038.4717
3571,5376140,1045692,6/30/2008 8:00:00 AM,1733,YORK MILLS RD,FENN AVE,,Major Arterial,North York,43.747045,-79.38899,At Intersection,Traffic Signal,Clear,Daylight,Dry,Non-Fatal Injury,Pedestrian Collisions,Pedestrian,5 to 9,None,,,Other,,,,Vehicle is going straight thru inter.while ped cross with ROW,Crossing with right of way,Normal,,,,Yes,,Yes,,,,,,,Yes,Yes,,,40,St.Andrew-Windfields,40,St.Andrew-Windfields (40),D32,629709.8368,4845038.4717
3572,5376141,1045692,6/30/2008 8:00:00 AM,1733,YORK MILLS RD,FENN AVE,,Major Arterial,North York,43.747045,-79.38899,At Intersection,Traffic Signal,Clear,Daylight,Dry,Non-Fatal Injury,Pedestrian Collisions,Pedestrian,5 to 9,None,,,Other,Unknown,,,Vehicle is going straight thru inter.while ped cross with ROW,Crossing with right of way,Normal,,,,Yes,,Yes,,,,,,,Yes,Yes,,,40,St.Andrew-Windfields,40,St.Andrew-Windfields (40),D32,629709.8368,4845038.4717