OBJECTID,INDEX,ACCNUM,DATE,TIME,STREET1,STREET2,OFFSET,ROAD_CLASS,DISTRICT,LATITUDE,LONGITUDE,ACCLOC,TRAFFCTL,VISIBILITY,LIGHT,RDSFCOND,ACCLASS,IMPACTYPE,INVTYPE,INVAGE,INJURY,FATAL_NO,INITDIR,VEHTYPE,MANOEUVER,DRIVACT,DRIVCOND,PEDTYPE,PEDACT,PEDCOND,CYCLISTYPE,CYCACT,CYCCOND,PEDESTRIAN,CYCLIST,AUTOMOBILE,MOTORCYCLE,TRUCK,TRSN_CITY_VEH,EMERG_VEH,PASSENGER,SPEEDING,AG_DRIV,REDLIGHT,ALCOHOL,DISABILITY,HOOD_158,NEIGHBOURHOOD_158,HOOD_140,NEIGHBOURHOOD_140,DIVISION,x,y
3573,5376142,1045692,6/30/2008 8:00:00 AM,1733,YORK MILLS RD,FENN AVE,,Major Arterial,North York,43.747045,-79.38899,At Intersection,Traffic Signal,Clear,Daylight,Dry,Non-Fatal Injury,Pedestrian Collisions,Pedestrian,25 to 29,Minor,,,Other,,,,Vehicle is going straight thru inter.while ped cross with ROW,Crossing with right of way,Normal,,,,Yes,,Yes,,,,,,,Yes,Yes,,,40,St.Andrew-Windfields,40,St.Andrew-Windfields (40),D32,629709.8368,4845038.4717
3574,5376143,1045692,6/30/2008 8:00:00 AM,1733,YORK MILLS RD,FENN AVE,,Major Arterial,North York,43.747045,-79.38899,At Intersection,Traffic Signal,Clear,Daylight,Dry,Non-Fatal Injury,Pedestrian Collisions,Pedestrian,15 to 19,Major,,,Other,Unknown,,,Vehicle is going straight thru inter.while ped cross with ROW,Crossing with right of way,Normal,,,,Yes,,Yes,,,,,,,Yes,Yes,,,40,St.Andrew-Windfields,40,St.Andrew-Windfields (40),D32,629709.8368,4845038.4717
3575,5391873,1052609,7/3/2008 8:00:00 AM,1155,KEELE St,ST REGIS Cres,,Major Arterial,Etobicoke York,43.754545,-79.48879,At Intersection,Traffic Signal,Clear,Daylight,Dry,Non-Fatal Injury,Rear End,Driver,30 to 34,None,,South,"Automobile, Station Wagon",Going Ahead,Following too Close,Normal,,,,,,,,,Yes,,,,,Yes,,Yes,,,,27,York University Heights,27,York University Heights (27),D31,621659.2139,4845720.0293
3576,5391874,1052609,7/3/2008 8:00:00 AM,1155,KEELE St,ST REGIS Cres,,Major Arterial,Etobicoke York,43.754545,-79.48879,At Intersection,Traffic Signal,Clear,Daylight,Dry,Non-Fatal Injury,Rear End,Passenger,0 to 4,Major,,,Other,,,,,,,,,,,,Yes,,,,,Yes,,Yes,,,,27,York University Heights,27,York University Heights (27),D31,621659.2139,4845720.0293
3577,5391875,1052609,7/3/2008 8:00:00 AM,1155,KEELE St,ST REGIS Cres,,Major Arterial,Etobicoke York,43.754545,-79.48879,At Intersection,Traffic Signal,Clear,Daylight,Dry,Non-Fatal Injury,Rear End,Driver,30 to 34,Minor,,South,"Automobile, Station Wagon",Slowing or Stopping,Driving Properly,Normal,,,,,,,,,Yes,,,,,Yes,,Yes,,,,27,York University Heights,27,York University Heights (27),D31,621659.2139,4845720.0293
3578,5385697,1049787,7/4/2008 8:00:00 AM,1302,BRIMLEY RD,DEERFIELD RD,,Major Arterial,Scarborough,43.745445,-79.25199,,Traffic Signal,Clear,Daylight,Dry,Non-Fatal Injury,Turning Movement,Driver,45 to 49,Minor,,North,"Automobile, Station Wagon",Turning Left,Lost control,Normal,,,,,,,,,Yes,,,,,,,,,,,157,Bendale South,127,Bendale (127),D43,640744.2111,4845084.4138
3579,5385698,1049787,7/4/2008 8:00:00 AM,1302,BRIMLEY RD,DEERFIELD RD,,Major Arterial,Scarborough,43.745445,-79.25199,,Traffic Signal,Clear,Daylight,Dry,Non-Fatal Injury,Turning Movement,Vehicle Owner,unknown,,,,Other,,,,,,,,,,,,Yes,,,,,,,,,,,157,Bendale South,127,Bendale (127),D43,640744.2111,4845084.4138
3580,5385699,1049787,7/4/2008 8:00:00 AM,1302,BRIMLEY RD,DEERFIELD RD,,Major Arterial,Scarborough,43.745445,-79.25199,,Traffic Signal,Clear,Daylight,Dry,Non-Fatal Injury,Turning Movement,Driver,25 to 29,Major,,North,"Automobile, Station Wagon",Going Ahead,Driving Properly,Normal,,,,,,,,,Yes,,,,,,,,,,,157,Bendale South,127,Bendale (127),D43,640744.2111,4845084.4138
3581,5385700,1049787,7/4/2008 8:00:00 AM,1302,BRIMLEY RD,DEERFIELD RD,,Major Arterial,Scarborough,43.745445,-79.25199,,Traffic Signal,Clear,Daylight,Dry,Non-Fatal Injury,Turning Movement,Driver,25 to 29,Major,,South,"Automobile, Station Wagon",Going Ahead,Driving Properly,Normal,,,,,,,,,Yes,,,,,,,,,,,157,Bendale South,127,Bendale (127),D43,640744.2111,4845084.4138
3582,5377815,1046412,7/4/2008 8:00:00 AM,1345,EGLINTON AVE E,BARBADOS BLVD,,Major Arterial,Scarborough,43.737945,-79.24239,,No Control,Clear,Daylight,Dry,Fatal,Approaching,Driver,25 to 29,Minor,,West,"Automobile, Station Wagon",Going Ahead,Driving Properly,Normal,,,,,,,,,Yes,,,,,,,Yes,,,,138,Eglinton East,138,Eglinton East (138),D43,641534.8549,4844267.7813
3583,5377816,1046412,7/4/2008 8:00:00 AM,1345,EGLINTON AVE E,BARBADOS BLVD,,Major Arterial,Scarborough,43.737945,-79.24239,,No Control,Clear,Daylight,Dry,Fatal,Approaching,Driver,80 to 84,Fatal,29,East,"Automobile, Station Wagon",Going Ahead,Lost control,Unknown,,,,,,,,,Yes,,,,,,,Yes,,,,138,Eglinton East,138,Eglinton East (138),D43,641534.8549,4844267.7813
3584,5377813,1046411,7/4/2008 8:00:00 AM,1750,EGLINTON AVE W,GABIAN WAY,,Major Arterial,Etobicoke York,43.691845,-79.46579,,No Control,Clear,Daylight,Dry,Non-Fatal Injury,Pedestrian Collisions,Driver,50 to 54,None,,East,"Automobile, Station Wagon",Changing Lanes,Lost control,Inattentive,,,,,,,Yes,,Yes,,,,,,,,,,,110,Keelesdale-Eglinton West,110,Keelesdale-Eglinton West (110),D12,623639.7454,4838790.3425
3585,5377814,1046411,7/4/2008 8:00:00 AM,1750,EGLINTON AVE W,GABIAN WAY,,Major Arterial,Etobicoke York,43.691845,-79.46579,,No Control,Clear,Daylight,Dry,Non-Fatal Injury,Pedestrian Collisions,Pedestrian,25 to 29,Major,,,Other,,,,Pedestrian hit on sidewalk or shoulder,On Sidewalk or Shoulder,Normal,,,,Yes,,Yes,,,,,,,,,,,110,Keelesdale-Eglinton West,110,Keelesdale-Eglinton West (110),D12,623639.7454,4838790.3425
3586,5378133,1046554,7/6/2008 8:00:00 AM,552,633 SILVER STAR BLVD,,,Collector,Scarborough,43.821245,-79.29879,,No Control,Clear,Daylight,Dry,Non-Fatal Injury,Pedestrian Collisions,Pedestrian,15 to 19,Major,,,Other,,,,Pedestrian hit at mid-block,Other,Had Been Drinking,,,,Yes,,,,,,,,,,,,,130,Milliken,130,Milliken (130),D42,636802.9689,4853424.7429
3587,5387026,1050384,7/7/2008 8:00:00 AM,437,DIXON Rd,ROYAL YORK Rd,,Major Arterial,Etobicoke York,43.699845,-79.53429,At Intersection,Traffic Signal,Clear,Dark,Dry,Non-Fatal Injury,SMV Other,Driver,20 to 24,Major,,West,"Automobile, Station Wagon",Pulling Onto Shoulder or towardCurb,Lost control,Fatigue,,,,,,,,,Yes,,,,,,,Yes,,,,6,Kingsview Village-The Westway,6,Kingsview Village-The Westway (6),D23,618103.68,4839578.9975
3588,5387027,1050384,7/7/2008 8:00:00 AM,437,DIXON Rd,ROYAL YORK Rd,,Major Arterial,Etobicoke York,43.699845,-79.53429,At Intersection,Traffic Signal,Clear,Dark,Dry,Non-Fatal Injury,SMV Other,Other Property Owner,unknown,,,,Other,,,,,,,,,,,,Yes,,,,,,,Yes,,,,6,Kingsview Village-The Westway,6,Kingsview Village-The Westway (6),D23,618103.68,4839578.9975
3589,5387028,1050384,7/7/2008 8:00:00 AM,437,DIXON Rd,ROYAL YORK Rd,,Major Arterial,Etobicoke York,43.699845,-79.53429,At Intersection,Traffic Signal,Clear,Dark,Dry,Non-Fatal Injury,SMV Other,Other Property Owner,unknown,,,,Other,,,,,,,,,,,,Yes,,,,,,,Yes,,,,6,Kingsview Village-The Westway,6,Kingsview Village-The Westway (6),D23,618103.68,4839578.9975
3590,5380162,1047410,7/10/2008 8:00:00 AM,1348,DON VALLEY PARKWAY  N,GERRARD ST E,,,Toronto and East York,43.669145,-79.35709,,No Control,Clear,Daylight,Dry,Non-Fatal Injury,Pedestrian Collisions,Vehicle Owner,unknown,,,,Other,,,,,,,,,,Yes,,Yes,,,,,,,,,,,68,North Riverdale,68,North Riverdale (68),D55,632449.7491,4836437.0143
3591,5380163,1047410,7/10/2008 8:00:00 AM,1348,DON VALLEY PARKWAY  N,GERRARD ST E,,,Toronto and East York,43.669145,-79.35709,,No Control,Clear,Daylight,Dry,Non-Fatal Injury,Pedestrian Collisions,Driver,25 to 29,None,,North,"Automobile, Station Wagon",Going Ahead,Driving Properly,Normal,,,,,,,Yes,,Yes,,,,,,,,,,,68,North Riverdale,68,North Riverdale (68),D55,632449.7491,4836437.0143
3592,5380164,1047410,7/10/2008 8:00:00 AM,1348,DON VALLEY PARKWAY  N,GERRARD ST E,,,Toronto and East York,43.669145,-79.35709,,No Control,Clear,Daylight,Dry,Non-Fatal Injury,Pedestrian Collisions,Pedestrian,40 to 44,Major,,West,Other,,,,Pedestrian hit at mid-block,Running onto Roadway,"Ability Impaired, Drugs",,,,Yes,,Yes,,,,,,,,,,,68,North Riverdale,68,North Riverdale (68),D55,632449.7491,4836437.0143
3593,5381351,1047968,7/11/2008 8:00:00 AM,2155,STEELES AVE W,HIDDEN TRL,,Major Arterial,North York,43.788445,-79.46399,,No Control,Clear,Dark,Dry,Fatal,Approaching,Vehicle Owner,unknown,,,,Other,,,,,,,,,,,,Yes,,Yes,,,Yes,Yes,Yes,,,,35,Westminster-Branson,35,Westminster-Branson (35),D32,623585.899,4849521.8613
3594,5381352,1047968,7/11/2008 8:00:00 AM,2155,STEELES AVE W,HIDDEN TRL,,Major Arterial,North York,43.788445,-79.46399,,No Control,Clear,Dark,Dry,Fatal,Approaching,Truck Driver,25 to 29,None,,West,Truck - Open,Going Ahead,Driving Properly,Normal,,,,,,,,,Yes,,Yes,,,Yes,Yes,Yes,,,,35,Westminster-Branson,35,Westminster-Branson (35),D32,623585.899,4849521.8613
3595,5381353,1047968,7/11/2008 8:00:00 AM,2155,STEELES AVE W,HIDDEN TRL,,Major Arterial,North York,43.788445,-79.46399,,No Control,Clear,Dark,Dry,Fatal,Approaching,Passenger,20 to 24,Minor,,,Other,,,,,,,,,,,,Yes,,Yes,,,Yes,Yes,Yes,,,,35,Westminster-Branson,35,Westminster-Branson (35),D32,623585.899,4849521.8613
3596,5381354,1047968,7/11/2008 8:00:00 AM,2155,STEELES AVE W,HIDDEN TRL,,Major Arterial,North York,43.788445,-79.46399,,No Control,Clear,Dark,Dry,Fatal,Approaching,Driver,55 to 59,Minor,,West,"Automobile, Station Wagon",Going Ahead,Driving Properly,Normal,,,,,,,,,Yes,,Yes,,,Yes,Yes,Yes,,,,35,Westminster-Branson,35,Westminster-Branson (35),D32,623585.899,4849521.8613
3597,5381355,1047968,7/11/2008 8:00:00 AM,2155,STEELES AVE W,HIDDEN TRL,,Major Arterial,North York,43.788445,-79.46399,,No Control,Clear,Dark,Dry,Fatal,Approaching,Vehicle Owner,unknown,,,,Other,,,,,,,,,,,,Yes,,Yes,,,Yes,Yes,Yes,,,,35,Westminster-Branson,35,Westminster-Branson (35),D32,623585.899,4849521.8613
3598,5381356,1047968,7/11/2008 8:00:00 AM,2155,STEELES AVE W,HIDDEN TRL,,Major Arterial,North York,43.788445,-79.46399,,No Control,Clear,Dark,Dry,Fatal,Approaching,Driver,30 to 34,Fatal,30,East,"Automobile, Station Wagon",Going Ahead,Lost control,Unknown,,,,,,,,,Yes,,Yes,,,Yes,Yes,Yes,,,,35,Westminster-Branson,35,Westminster-Branson (35),D32,623585.899,4849521.8613
3599,5381357,1047968,7/11/2008 8:00:00 AM,2155,STEELES AVE W,HIDDEN TRL,,Major Arterial,North York,43.788445,-79.46399,,No Control,Clear,Dark,Dry,Fatal,Approaching,Vehicle Owner,unknown,,,,Other,,,,,,,,,,,,Yes,,Yes,,,Yes,Yes,Yes,,,,35,Westminster-Branson,35,Westminster-Branson (35),D32,623585.899,4849521.8613
3600,5380705,1047657,7/12/2008 8:00:00 AM,38,688 SCARLETT RD,,,Major Arterial,Etobicoke York,43.694745,-79.51949,,No Control,Clear,Dark,Dry,Fatal,SMV Other,Driver,25 to 29,Fatal,31,South,"Automobile, Station Wagon",Overtaking,Exceeding Speed Limit,Unknown,,,,,,,,,Yes,,,,,,Yes,Yes,,,,8,Humber Heights-Westmount,8,Humber Heights-Westmount (8),D23,619306.3544,4839033.7612
3601,5380706,1047657,7/12/2008 8:00:00 AM,38,688 SCARLETT RD,,,Major Arterial,Etobicoke York,43.694745,-79.51949,,No Control,Clear,Dark,Dry,Fatal,SMV Other,Other,unknown,None,,West,"Automobile, Station Wagon",Parked,,,,,,,,,,,Yes,,,,,,Yes,Yes,,,,8,Humber Heights-Westmount,8,Humber Heights-Westmount (8),D23,619306.3544,4839033.7612
3602,5380707,1047657,7/12/2008 8:00:00 AM,38,688 SCARLETT RD,,,Major Arterial,Etobicoke York,43.694745,-79.51949,,No Control,Clear,Dark,Dry,Fatal,SMV Other,Other,unknown,,,West,"Automobile, Station Wagon",Parked,,,,,,,,,,,Yes,,,,,,Yes,Yes,,,,8,Humber Heights-Westmount,8,Humber Heights-Westmount (8),D23,619306.3544,4839033.7612
3603,5380708,1047657,7/12/2008 8:00:00 AM,38,688 SCARLETT RD,,,Major Arterial,Etobicoke York,43.694745,-79.51949,,No Control,Clear,Dark,Dry,Fatal,SMV Other,Other,unknown,None,,East,"Automobile, Station Wagon",Parked,,,,,,,,,,,Yes,,,,,,Yes,Yes,,,,8,Humber Heights-Westmount,8,Humber Heights-Westmount (8),D23,619306.3544,4839033.7612
3604,5388094,1050893,7/13/2008 8:00:00 AM,1220,BLOOR Stre W,KEELE Stre,,Major Arterial,Toronto and East York,43.654845,-79.45949,,No Control,Clear,Daylight,Dry,Non-Fatal Injury,Cyclist Collisions,Driver,30 to 34,None,,East,"Automobile, Station Wagon",Turning Left,Driving Properly,Normal,,,,,,,,Yes,Yes,,,,,,,,,,,88,High Park North,88,High Park North (88),D11,624223.773,4834690.4121
3605,5388095,1050893,7/13/2008 8:00:00 AM,1220,BLOOR Stre W,KEELE Stre,,Major Arterial,Toronto and East York,43.654845,-79.45949,,No Control,Clear,Daylight,Dry,Non-Fatal Injury,Cyclist Collisions,Cyclist,55 to 59,Major,,West,Bicycle,Going Ahead,,,,,,Motorist turned left across cyclists path.,Improper Passing,Normal,,Yes,Yes,,,,,,,,,,,88,High Park North,88,High Park North (88),D11,624223.773,4834690.4121
3606,5380767,1047683,7/13/2008 8:00:00 AM,2018,19 LYNDHURST CRT,,,Local,Toronto and East York,43.677645,-79.41219,,No Control,Clear,Dusk,Dry,Fatal,Pedestrian Collisions,Driver,60 to 64,None,,South,"Automobile, Station Wagon",Reversing,Other,Inattentive,,,,,,,Yes,,Yes,,,,,,,,,,,96,Casa Loma,96,Casa Loma (96),D13,627989.5267,4837294.5539
3607,5380768,1047683,7/13/2008 8:00:00 AM,2018,19 LYNDHURST CRT,,,Local,Toronto and East York,43.677645,-79.41219,,No Control,Clear,Dusk,Dry,Fatal,Pedestrian Collisions,Pedestrian,85 to 89,Fatal,32,Unknown,Other,,,,Vehicle is reversing and hits pedestrian,Other,Unknown,,,,Yes,,Yes,,,,,,,,,,,96,Casa Loma,96,Casa Loma (96),D13,627989.5267,4837294.5539
3608,5381210,1047910,7/14/2008 8:00:00 AM,1337,DANFORTH AVE,COXWELL AVE,,Major Arterial,Toronto and East York,43.683345,-79.32359,At Intersection,Traffic Signal,Clear,Daylight,Dry,Fatal,Pedestrian Collisions,Vehicle Owner,unknown,,,,Other,,,,,,,,,,Yes,,Yes,,,,,Yes,Yes,Yes,,,Yes,64,Woodbine Corridor,64,Woodbine Corridor (64),D55,635118.6403,4838068.153
3609,5381211,1047910,7/14/2008 8:00:00 AM,1337,DANFORTH AVE,COXWELL AVE,,Major Arterial,Toronto and East York,43.683345,-79.32359,At Intersection,Traffic Signal,Clear,Daylight,Dry,Fatal,Pedestrian Collisions,Driver,30 to 34,None,,North,"Automobile, Station Wagon",Going Ahead,Driving Properly,Normal,,,,,,,Yes,,Yes,,,,,Yes,Yes,Yes,,,Yes,64,Woodbine Corridor,64,Woodbine Corridor (64),D55,635118.6403,4838068.153
3610,5381212,1047910,7/14/2008 8:00:00 AM,1337,DANFORTH AVE,COXWELL AVE,,Major Arterial,Toronto and East York,43.683345,-79.32359,At Intersection,Traffic Signal,Clear,Daylight,Dry,Fatal,Pedestrian Collisions,Driver,60 to 64,Major,,West,"Automobile, Station Wagon",Going Ahead,Exceeding Speed Limit,Medical or Physical Disability,,,,,,,Yes,,Yes,,,,,Yes,Yes,Yes,,,Yes,64,Woodbine Corridor,64,Woodbine Corridor (64),D55,635118.6403,4838068.153
3611,5381213,1047910,7/14/2008 8:00:00 AM,1337,DANFORTH AVE,COXWELL AVE,,Major Arterial,Toronto and East York,43.683345,-79.32359,At Intersection,Traffic Signal,Clear,Daylight,Dry,Fatal,Pedestrian Collisions,Passenger,0 to 4,None,,,Other,,,,,,,,,,Yes,,Yes,,,,,Yes,Yes,Yes,,,Yes,64,Woodbine Corridor,64,Woodbine Corridor (64),D55,635118.6403,4838068.153
3612,5381214,1047910,7/14/2008 8:00:00 AM,1337,DANFORTH AVE,COXWELL AVE,,Major Arterial,Toronto and East York,43.683345,-79.32359,At Intersection,Traffic Signal,Clear,Daylight,Dry,Fatal,Pedestrian Collisions,Passenger,10 to 14,None,,,Other,,,,,,,,,,Yes,,Yes,,,,,Yes,Yes,Yes,,,Yes,64,Woodbine Corridor,64,Woodbine Corridor (64),D55,635118.6403,4838068.153
3613,5381215,1047910,7/14/2008 8:00:00 AM,1337,DANFORTH AVE,COXWELL AVE,,Major Arterial,Toronto and East York,43.683345,-79.32359,At Intersection,Traffic Signal,Clear,Daylight,Dry,Fatal,Pedestrian Collisions,Passenger,0 to 4,None,,,Other,,,,,,,,,,Yes,,Yes,,,,,Yes,Yes,Yes,,,Yes,64,Woodbine Corridor,64,Woodbine Corridor (64),D55,635118.6403,4838068.153
3614,5381216,1047910,7/14/2008 8:00:00 AM,1337,DANFORTH AVE,COXWELL AVE,,Major Arterial,Toronto and East York,43.683345,-79.32359,At Intersection,Traffic Signal,Clear,Daylight,Dry,Fatal,Pedestrian Collisions,Passenger,15 to 19,None,,,Other,,,,,,,,,,Yes,,Yes,,,,,Yes,Yes,Yes,,,Yes,64,Woodbine Corridor,64,Woodbine Corridor (64),D55,635118.6403,4838068.153
3615,5381217,1047910,7/14/2008 8:00:00 AM,1337,DANFORTH AVE,COXWELL AVE,,Major Arterial,Toronto and East York,43.683345,-79.32359,At Intersection,Traffic Signal,Clear,Daylight,Dry,Fatal,Pedestrian Collisions,Vehicle Owner,unknown,,,,Other,,,,,,,,,,Yes,,Yes,,,,,Yes,Yes,Yes,,,Yes,64,Woodbine Corridor,64,Woodbine Corridor (64),D55,635118.6403,4838068.153
3616,5381218,1047910,7/14/2008 8:00:00 AM,1337,DANFORTH AVE,COXWELL AVE,,Major Arterial,Toronto and East York,43.683345,-79.32359,At Intersection,Traffic Signal,Clear,Daylight,Dry,Fatal,Pedestrian Collisions,Driver,50 to 54,None,,West,"Automobile, Station Wagon",Stopped,Driving Properly,Normal,,,,,,,Yes,,Yes,,,,,Yes,Yes,Yes,,,Yes,64,Woodbine Corridor,64,Woodbine Corridor (64),D55,635118.6403,4838068.153
3617,5381219,1047910,7/14/2008 8:00:00 AM,1337,DANFORTH AVE,COXWELL AVE,,Major Arterial,Toronto and East York,43.683345,-79.32359,At Intersection,Traffic Signal,Clear,Daylight,Dry,Fatal,Pedestrian Collisions,Pedestrian,50 to 54,Fatal,33,North,Other,,,,Vehicle is going straight thru inter.while ped cross with ROW,Crossing with right of way,Normal,,,,Yes,,Yes,,,,,Yes,Yes,Yes,,,Yes,64,Woodbine Corridor,64,Woodbine Corridor (64),D55,635118.6403,4838068.153
3618,5388812,1051205,7/15/2008 8:00:00 AM,1935,DON MILLS RD,GEORGE HENRY BLVD,,Major Arterial,North York,43.773445,-79.34649,At Intersection,Stop Sign,Clear,Dusk,Dry,Non-Fatal Injury,Pedestrian Collisions,Driver,25 to 29,None,,West,"Automobile, Station Wagon",Going Ahead,Failed to Yield Right of Way,Normal,,,,,,,Yes,,Yes,,,,,,,Yes,,,,53,Henry Farm,53,Henry Farm (53),D33,633073.2,4848038.0186
3619,5388813,1051205,7/15/2008 8:00:00 AM,1935,DON MILLS RD,GEORGE HENRY BLVD,,Major Arterial,North York,43.773445,-79.34649,At Intersection,Stop Sign,Clear,Dusk,Dry,Non-Fatal Injury,Pedestrian Collisions,Pedestrian,35 to 39,Major,,South,Other,,,,Vehicle is going straight thru inter.while ped cross with ROW,Crossing with right of way,Normal,,,,Yes,,Yes,,,,,,,Yes,,,,53,Henry Farm,53,Henry Farm (53),D33,633073.2,4848038.0186
3620,5388772,1051188,7/15/2008 8:00:00 AM,2000,JANE ST,TRETHEWEY DR,,Major Arterial,Etobicoke York,43.697545,-79.50239,At Intersection,Traffic Signal,Clear,Daylight,Dry,Non-Fatal Injury,Turning Movement,Driver,50 to 54,Major,,South,"Automobile, Station Wagon",Turning Left,Driving Properly,Normal,,,,,,,,,Yes,,,,,,,Yes,Yes,,,113,Weston,113,Weston (113),D12,620678.7462,4839369.4852
3621,5388773,1051188,7/15/2008 8:00:00 AM,2000,JANE ST,TRETHEWEY DR,,Major Arterial,Etobicoke York,43.697545,-79.50239,At Intersection,Traffic Signal,Clear,Daylight,Dry,Non-Fatal Injury,Turning Movement,Driver,20 to 24,Minor,,North,"Automobile, Station Wagon",Going Ahead,Disobeyed Traffic Control,Inattentive,,,,,,,,,Yes,,,,,,,Yes,Yes,,,113,Weston,113,Weston (113),D12,620678.7462,4839369.4852
3622,5391619,1052487,7/16/2008 8:00:00 AM,1110,WARDEN AVE,CASS AVE,,Major Arterial,Scarborough,43.775945,-79.30659,At Intersection,Stop Sign,Clear,Daylight,Dry,Non-Fatal Injury,Turning Movement,Driver,55 to 59,Major,,West,"Automobile, Station Wagon",Turning Left,Driving Properly,Normal,,,,,,,,,Yes,,,,,,Yes,Yes,,,,118,Tam O'Shanter-Sullivan,118,Tam O'Shanter-Sullivan (118),D42,636278.6756,4848380.5853
3623,5391620,1052487,7/16/2008 8:00:00 AM,1110,WARDEN AVE,CASS AVE,,Major Arterial,Scarborough,43.775945,-79.30659,At Intersection,Stop Sign,Clear,Daylight,Dry,Non-Fatal Injury,Turning Movement,Vehicle Owner,unknown,,,,Other,,,,,,,,,,,,Yes,,,,,,Yes,Yes,,,,118,Tam O'Shanter-Sullivan,118,Tam O'Shanter-Sullivan (118),D42,636278.6756,4848380.5853
3624,5391621,1052487,7/16/2008 8:00:00 AM,1110,WARDEN AVE,CASS AVE,,Major Arterial,Scarborough,43.775945,-79.30659,At Intersection,Stop Sign,Clear,Daylight,Dry,Non-Fatal Injury,Turning Movement,Driver,15 to 19,None,,North,"Automobile, Station Wagon",Going Ahead,Speed too Fast For Condition,Inattentive,,,,,,,,,Yes,,,,,,Yes,Yes,,,,118,Tam O'Shanter-Sullivan,118,Tam O'Shanter-Sullivan (118),D42,636278.6756,4848380.5853
3625,5382528,1048465,7/16/2008 8:00:00 AM,1655,YONGE Stre,KEMPFORD Boul,,Major Arterial,North York,43.776945,-79.41489,At Intersection,Traffic Signal,Clear,Daylight,Dry,Non-Fatal Injury,Rear End,Driver,65 to 69,Major,,North,"Automobile, Station Wagon",Going Ahead,Disobeyed Traffic Control,Medical or Physical Disability,,,,,,,,,Yes,,,,,,,Yes,Yes,,Yes,37,Willowdale West,37,Willowdale West (37),D32,627560.9279,4848319.0874
3626,5382529,1048465,7/16/2008 8:00:00 AM,1655,YONGE Stre,KEMPFORD Boul,,Major Arterial,North York,43.776945,-79.41489,At Intersection,Traffic Signal,Clear,Daylight,Dry,Non-Fatal Injury,Rear End,Driver,55 to 59,None,,North,"Automobile, Station Wagon",Stopped,Driving Properly,Normal,,,,,,,,,Yes,,,,,,,Yes,Yes,,Yes,37,Willowdale West,37,Willowdale West (37),D32,627560.9279,4848319.0874
3627,5392432,1052865,7/18/2008 8:00:00 AM,751,RICHMOND ST W,DUNCAN ST,,Major Arterial,Toronto and East York,43.649745,-79.38799,,No Control,Clear,Daylight,Dry,Non-Fatal Injury,Turning Movement,Driver,40 to 44,None,,West,"Automobile, Station Wagon",Going Ahead,Driving Properly,Normal,,,,,,,,,Yes,,,,,,,,,,,164,Wellington Place,77,Waterfront Communities-The Island (77),D52,630000.4575,4834233.5146
3628,5392433,1052865,7/18/2008 8:00:00 AM,751,RICHMOND ST W,DUNCAN ST,,Major Arterial,Toronto and East York,43.649745,-79.38799,,No Control,Clear,Daylight,Dry,Non-Fatal Injury,Turning Movement,Driver,65 to 69,Major,,West,"Automobile, Station Wagon",Turning Left,Improper Turn,Inattentive,,,,,,,,,Yes,,,,,,,,,,,164,Wellington Place,77,Waterfront Communities-The Island (77),D52,630000.4575,4834233.5146
3629,5392434,1052865,7/18/2008 8:00:00 AM,751,RICHMOND ST W,DUNCAN ST,,Major Arterial,Toronto and East York,43.649745,-79.38799,,No Control,Clear,Daylight,Dry,Non-Fatal Injury,Turning Movement,Other Property Owner,unknown,,,,Other,,,,,,,,,,,,Yes,,,,,,,,,,,164,Wellington Place,77,Waterfront Communities-The Island (77),D52,630000.4575,4834233.5146
3630,5392707,1052983,7/18/2008 8:00:00 AM,800,RIVERDALE Ave,PAPE Ave,,Local,Toronto and East York,43.671345,-79.34119,,No Control,Clear,Daylight,Dry,Non-Fatal Injury,Cyclist Collisions,Driver,30 to 34,None,,North,"Automobile, Station Wagon",Turning Left,Failed to Yield Right of Way,Normal,,,,,,,,Yes,Yes,,,,,,,Yes,,,,69,Blake-Jones,69,Blake-Jones (69),D55,633726.7193,4836706.864
3631,5392708,1052983,7/18/2008 8:00:00 AM,800,RIVERDALE Ave,PAPE Ave,,Local,Toronto and East York,43.671345,-79.34119,,No Control,Clear,Daylight,Dry,Non-Fatal Injury,Cyclist Collisions,Cyclist,55 to 59,Major,,East,Bicycle,Going Ahead,,,,,,Motorist turned left across cyclists path.,Driving Properly,Normal,,Yes,Yes,,,,,,,Yes,,,,69,Blake-Jones,69,Blake-Jones (69),D55,633726.7193,4836706.864
3632,5393287,1053246,7/19/2008 8:00:00 AM,1744,BATHURST ST,DUNDAS ST W,,Major Arterial,Toronto and East York,43.652345,-79.40599,At Intersection,Traffic Signal,Clear,Daylight,Dry,Non-Fatal Injury,Turning Movement,Motorcycle Driver,45 to 49,Major,,South,Motorcycle,Going Ahead,Driving Properly,Normal,,,,,,,,,Yes,Yes,,,,,,,,Yes,,78,Kensington-Chinatown,78,Kensington-Chinatown (78),D14,628543.2868,4834494.238
3633,5393288,1053246,7/19/2008 8:00:00 AM,1744,BATHURST ST,DUNDAS ST W,,Major Arterial,Toronto and East York,43.652345,-79.40599,At Intersection,Traffic Signal,Clear,Daylight,Dry,Non-Fatal Injury,Turning Movement,Driver,25 to 29,None,,North,"Automobile, Station Wagon",Turning Left,Improper Turn,"Ability Impaired, Alcohol",,,,,,,,,Yes,Yes,,,,,,,,Yes,,78,Kensington-Chinatown,78,Kensington-Chinatown (78),D14,628543.2868,4834494.238