OBJECTID,INDEX,ACCNUM,DATE,TIME,STREET1,STREET2,OFFSET,ROAD_CLASS,DISTRICT,LATITUDE,LONGITUDE,ACCLOC,TRAFFCTL,VISIBILITY,LIGHT,RDSFCOND,ACCLASS,IMPACTYPE,INVTYPE,INVAGE,INJURY,FATAL_NO,INITDIR,VEHTYPE,MANOEUVER,DRIVACT,DRIVCOND,PEDTYPE,PEDACT,PEDCOND,CYCLISTYPE,CYCACT,CYCCOND,PEDESTRIAN,CYCLIST,AUTOMOBILE,MOTORCYCLE,TRUCK,TRSN_CITY_VEH,EMERG_VEH,PASSENGER,SPEEDING,AG_DRIV,REDLIGHT,ALCOHOL,DISABILITY,HOOD_158,NEIGHBOURHOOD_158,HOOD_140,NEIGHBOURHOOD_140,DIVISION,x,y
3634,5384019,1049080,7/20/2008 8:00:00 AM,300,WESTON RD,ROGERS RD,,Major Arterial,Etobicoke York,43.681645,-79.47679,At Intersection,Traffic Signal,Rain,Dark,Wet,Non-Fatal Injury,Turning Movement,Passenger,25 to 29,None,,,Other,,,,,,,,,,,,Yes,,,,,Yes,,,,,,111,Rockcliffe-Smythe,111,Rockcliffe-Smythe (111),D12,622774.0707,4837641.1522
3635,5384020,1049080,7/20/2008 8:00:00 AM,300,WESTON RD,ROGERS RD,,Major Arterial,Etobicoke York,43.681645,-79.47679,At Intersection,Traffic Signal,Rain,Dark,Wet,Non-Fatal Injury,Turning Movement,Passenger,35 to 39,Minor,,,Other,,,,,,,,,,,,Yes,,,,,Yes,,,,,,111,Rockcliffe-Smythe,111,Rockcliffe-Smythe (111),D12,622774.0707,4837641.1522
3636,5384021,1049080,7/20/2008 8:00:00 AM,300,WESTON RD,ROGERS RD,,Major Arterial,Etobicoke York,43.681645,-79.47679,At Intersection,Traffic Signal,Rain,Dark,Wet,Non-Fatal Injury,Turning Movement,Passenger,70 to 74,Major,,,Other,,,,,,,,,,,,Yes,,,,,Yes,,,,,,111,Rockcliffe-Smythe,111,Rockcliffe-Smythe (111),D12,622774.0707,4837641.1522
3637,5384022,1049080,7/20/2008 8:00:00 AM,300,WESTON RD,ROGERS RD,,Major Arterial,Etobicoke York,43.681645,-79.47679,At Intersection,Traffic Signal,Rain,Dark,Wet,Non-Fatal Injury,Turning Movement,Vehicle Owner,unknown,,,,Other,,,,,,,,,,,,Yes,,,,,Yes,,,,,,111,Rockcliffe-Smythe,111,Rockcliffe-Smythe (111),D12,622774.0707,4837641.1522
3638,5384023,1049080,7/20/2008 8:00:00 AM,300,WESTON RD,ROGERS RD,,Major Arterial,Etobicoke York,43.681645,-79.47679,At Intersection,Traffic Signal,Rain,Dark,Wet,Non-Fatal Injury,Turning Movement,Driver,30 to 34,Minimal,,North,"Automobile, Station Wagon",Going Ahead,Driving Properly,Normal,,,,,,,,,Yes,,,,,Yes,,,,,,111,Rockcliffe-Smythe,111,Rockcliffe-Smythe (111),D12,622774.0707,4837641.1522
3639,5384024,1049080,7/20/2008 8:00:00 AM,300,WESTON RD,ROGERS RD,,Major Arterial,Etobicoke York,43.681645,-79.47679,At Intersection,Traffic Signal,Rain,Dark,Wet,Non-Fatal Injury,Turning Movement,Driver,15 to 19,Minimal,,South,"Automobile, Station Wagon",Turning Left,Improper Turn,Normal,,,,,,,,,Yes,,,,,Yes,,,,,,111,Rockcliffe-Smythe,111,Rockcliffe-Smythe (111),D12,622774.0707,4837641.1522
3640,5394520,1053809,7/20/2008 8:00:00 AM,320,4982 YONGE ST,,,Major Arterial,North York,43.765945,-79.41209,,No Control,Rain,Dark,Wet,Non-Fatal Injury,Pedestrian Collisions,Driver,30 to 34,None,,South,"Automobile, Station Wagon",Going Ahead,Driving Properly,Normal,,,,,,,Yes,,Yes,,,,,,,,,,,38,Lansing-Westgate,38,Lansing-Westgate (38),D32,627809.6876,4847101.6879
3641,5394521,1053809,7/20/2008 8:00:00 AM,320,4982 YONGE ST,,,Major Arterial,North York,43.765945,-79.41209,,No Control,Rain,Dark,Wet,Non-Fatal Injury,Pedestrian Collisions,Pedestrian,25 to 29,Major,,East,Other,,,,Pedestrian hit at mid-block,Running onto Roadway,Normal,,,,Yes,,Yes,,,,,,,,,,,38,Lansing-Westgate,38,Lansing-Westgate (38),D32,627809.6876,4847101.6879
3642,5384102,1049124,7/21/2008 8:00:00 AM,305,STEELES AVE E,YONGE ST,,Major Arterial,North York,43.797945,-79.42009,At Intersection,Traffic Signal,Clear,Dark,Dry,Fatal,Pedestrian Collisions,Passenger,20 to 24,Minor,,,Other,,,,,,,,,,Yes,,Yes,,,,,Yes,,,,,,36,Newtonbrook West,36,Newtonbrook West (36),D32,627097.9409,4850643.4641
3643,5384103,1049124,7/21/2008 8:00:00 AM,305,STEELES AVE E,YONGE ST,,Major Arterial,North York,43.797945,-79.42009,At Intersection,Traffic Signal,Clear,Dark,Dry,Fatal,Pedestrian Collisions,Driver,30 to 34,Minor,,West,"Automobile, Station Wagon",Going Ahead,Driving Properly,Normal,,,,,,,Yes,,Yes,,,,,Yes,,,,,,36,Newtonbrook West,36,Newtonbrook West (36),D32,627097.9409,4850643.4641
3644,5384104,1049124,7/21/2008 8:00:00 AM,305,STEELES AVE E,YONGE ST,,Major Arterial,North York,43.797945,-79.42009,At Intersection,Traffic Signal,Clear,Dark,Dry,Fatal,Pedestrian Collisions,Pedestrian,35 to 39,Fatal,34,North,Other,,,,Vehicle is going straight thru inter.while ped cross without ROW,Crossing without right of way,Unknown,,,,Yes,,Yes,,,,,Yes,,,,,,36,Newtonbrook West,36,Newtonbrook West (36),D32,627097.9409,4850643.4641
3645,5394907,1053990,7/21/2008 8:00:00 AM,857,416 O CONNOR DR,,,Major Arterial,Toronto and East York,43.696445,-79.33539,,No Control,Rain,Dark,Wet,Non-Fatal Injury,Rear End,Driver,50 to 54,None,,West,"Automobile, Station Wagon",Going Ahead,Driving Properly,Normal,,,,,,,,,Yes,,,,,,,Yes,,,,58,Old East York,58,Old East York (58),D55,634138.3431,4839503.933
3646,5394908,1053990,7/21/2008 8:00:00 AM,857,416 O CONNOR DR,,,Major Arterial,Toronto and East York,43.696445,-79.33539,,No Control,Rain,Dark,Wet,Non-Fatal Injury,Rear End,Driver,35 to 39,None,,West,"Automobile, Station Wagon",Going Ahead,Driving Properly,Normal,,,,,,,,,Yes,,,,,,,Yes,,,,58,Old East York,58,Old East York (58),D55,634138.3431,4839503.933
3647,5394909,1053990,7/21/2008 8:00:00 AM,857,416 O CONNOR DR,,,Major Arterial,Toronto and East York,43.696445,-79.33539,,No Control,Rain,Dark,Wet,Non-Fatal Injury,Rear End,Driver,45 to 49,Major,,West,"Automobile, Station Wagon",Going Ahead,Disobeyed Traffic Control,Inattentive,,,,,,,,,Yes,,,,,,,Yes,,,,58,Old East York,58,Old East York (58),D55,634138.3431,4839503.933
3648,5394910,1053990,7/21/2008 8:00:00 AM,857,416 O CONNOR DR,,,Major Arterial,Toronto and East York,43.696445,-79.33539,,No Control,Rain,Dark,Wet,Non-Fatal Injury,Rear End,Driver,40 to 44,None,,West,"Automobile, Station Wagon",Going Ahead,Following too Close,Inattentive,,,,,,,,,Yes,,,,,,,Yes,,,,58,Old East York,58,Old East York (58),D55,634138.3431,4839503.933
3649,5394991,1054021,7/22/2008 8:00:00 AM,2119,YONGE ST,WELLINGTON ST E,,Major Arterial,Toronto and East York,43.647845,-79.37739,At Intersection,Traffic Signal,Clear,Daylight,Dry,Non-Fatal Injury,Rear End,Motorcycle Driver,35 to 39,Major,,North,Motorcycle,Going Ahead,Following too Close,Had Been Drinking,,,,,,,,,Yes,Yes,,,,,,Yes,,,,170,Yonge-Bay Corridor,76,Bay Street Corridor (76),D52,630859.429,4834039.1548
3650,5394992,1054021,7/22/2008 8:00:00 AM,2119,YONGE ST,WELLINGTON ST E,,Major Arterial,Toronto and East York,43.647845,-79.37739,At Intersection,Traffic Signal,Clear,Daylight,Dry,Non-Fatal Injury,Rear End,Driver,25 to 29,None,,North,"Automobile, Station Wagon",Slowing or Stopping,Driving Properly,Normal,,,,,,,,,Yes,Yes,,,,,,Yes,,,,170,Yonge-Bay Corridor,76,Bay Street Corridor (76),D52,630859.429,4834039.1548
3651,5394969,1054012,7/22/2008 8:00:00 AM,2329,BATHURST ST,NASSAU ST,,Major Arterial,Toronto and East York,43.654745,-79.40699,,No Control,Rain,Dark,Wet,Non-Fatal Injury,Pedestrian Collisions,Driver,60 to 64,None,,North,"Automobile, Station Wagon",Going Ahead,Driving Properly,Normal,,,,,,,Yes,,Yes,,,,,,,,,,,78,Kensington-Chinatown,78,Kensington-Chinatown (78),D14,628457.5274,4834759.2409
3652,5394970,1054012,7/22/2008 8:00:00 AM,2329,BATHURST ST,NASSAU ST,,Major Arterial,Toronto and East York,43.654745,-79.40699,,No Control,Rain,Dark,Wet,Non-Fatal Injury,Pedestrian Collisions,Pedestrian,50 to 54,Major,,East,Other,,,,Pedestrian hit at mid-block,Walking on Roadway Against Traffic,Had Been Drinking,,,,Yes,,Yes,,,,,,,,,,,78,Kensington-Chinatown,78,Kensington-Chinatown (78),D14,628457.5274,4834759.2409
3653,5388729,1051168,7/22/2008 8:00:00 AM,2330,BLOOR ST W,BATHURST ST,,Major Arterial,Toronto and East York,43.665145,-79.41119,At Intersection,Traffic Signal,Rain,Dark,Wet,Non-Fatal Injury,Pedestrian Collisions,Driver,unknown,None,,East,"Automobile, Station Wagon",Unknown,Other,Unknown,,,,,,,Yes,,Yes,,,,,,,,,,,95,Annex,95,Annex (95),D14,628096.7251,4835907.8048
3654,5388730,1051168,7/22/2008 8:00:00 AM,2330,BLOOR ST W,BATHURST ST,,Major Arterial,Toronto and East York,43.665145,-79.41119,At Intersection,Traffic Signal,Rain,Dark,Wet,Non-Fatal Injury,Pedestrian Collisions,Pedestrian,45 to 49,Major,,,Other,,,,Other / Undefined,Other,"Ability Impaired, Alcohol",,,,Yes,,Yes,,,,,,,,,,,95,Annex,95,Annex (95),D14,628096.7251,4835907.8048
3655,5386401,1050109,7/25/2008 8:00:00 AM,1133,F G GARDINER Expr E,DOWLING Aven,,Major Arterial,Toronto and East York,43.633944,-79.43719,,No Control,Clear,Daylight,Dry,Non-Fatal Injury,SMV Other,Motorcycle Driver,35 to 39,Major,,East,Motorcycle,Slowing or Stopping,Speed too Fast For Condition,Normal,,,,,,,,,,Yes,,,,,Yes,Yes,,,,85,South Parkdale,85,South Parkdale (85),D14,626065.7303,4832402.7132
3656,5396076,1054475,7/28/2008 8:00:00 AM,542,RONCESVALLES AVE,HIGH PARK BLVD,,Minor Arterial,Toronto and East York,43.646345,-79.44909,,No Control,Clear,Daylight,Dry,Non-Fatal Injury,Pedestrian Collisions,Driver,30 to 34,None,,North,"Automobile, Station Wagon",Changing Lanes,Lost control,Unknown,,,,,,,Yes,,Yes,,,,,,,,,,,87,High Park-Swansea,87,High Park-Swansea (87),D11,625080.0598,4833761.9989
3657,5396077,1054475,7/28/2008 8:00:00 AM,542,RONCESVALLES AVE,HIGH PARK BLVD,,Minor Arterial,Toronto and East York,43.646345,-79.44909,,No Control,Clear,Daylight,Dry,Non-Fatal Injury,Pedestrian Collisions,Other,unknown,None,,,Other,Parked,,,,,,,,,Yes,,Yes,,,,,,,,,,,87,High Park-Swansea,87,High Park-Swansea (87),D11,625080.0598,4833761.9989
3658,5396078,1054475,7/28/2008 8:00:00 AM,542,RONCESVALLES AVE,HIGH PARK BLVD,,Minor Arterial,Toronto and East York,43.646345,-79.44909,,No Control,Clear,Daylight,Dry,Non-Fatal Injury,Pedestrian Collisions,Pedestrian,50 to 54,Major,,North,Other,,,,Other / Undefined,Person Getting on/off Vehicle,Normal,,,,Yes,,Yes,,,,,,,,,,,87,High Park-Swansea,87,High Park-Swansea (87),D11,625080.0598,4833761.9989
3659,5387108,1050426,7/28/2008 8:00:00 AM,1407,COSBURN AVE,LOGAN AVE,,Minor Arterial,Toronto and East York,43.689045,-79.35089,,No Control,Clear,Daylight,Dry,Non-Fatal Injury,Pedestrian Collisions,Pedestrian,75 to 79,Major,,South,Other,,,,Vehicle is reversing and hits pedestrian,Other,Inattentive,,,,Yes,,Yes,,,,,,,Yes,,,,57,Broadview North,57,Broadview North (57),D55,632905.6472,4838657.1001
3660,5387109,1050426,7/28/2008 8:00:00 AM,1407,COSBURN AVE,LOGAN AVE,,Minor Arterial,Toronto and East York,43.689045,-79.35089,,No Control,Clear,Daylight,Dry,Non-Fatal Injury,Pedestrian Collisions,Driver,50 to 54,None,,South,"Automobile, Station Wagon",Reversing,Failed to Yield Right of Way,Normal,,,,,,,Yes,,Yes,,,,,,,Yes,,,,57,Broadview North,57,Broadview North (57),D55,632905.6472,4838657.1001
3661,5396138,1054496,7/28/2008 8:00:00 AM,1553,MORTIMER AVE,LOGAN AVE,,Minor Arterial,Toronto and East York,43.684845,-79.35189,At Intersection,Traffic Signal,Clear,Daylight,Dry,Non-Fatal Injury,Angle,Driver,30 to 34,None,,West,"Automobile, Station Wagon",Going Ahead,Driving Properly,Normal,,,,,,,,,Yes,Yes,,,,,,Yes,Yes,,,57,Broadview North,57,Broadview North (57),D55,632834.3246,4838189.0297
3662,5396139,1054496,7/28/2008 8:00:00 AM,1553,MORTIMER AVE,LOGAN AVE,,Minor Arterial,Toronto and East York,43.684845,-79.35189,At Intersection,Traffic Signal,Clear,Daylight,Dry,Non-Fatal Injury,Angle,Motorcycle Driver,45 to 49,Major,,North,Motorcycle,Going Ahead,Disobeyed Traffic Control,Inattentive,,,,,,,,,Yes,Yes,,,,,,Yes,Yes,,,57,Broadview North,57,Broadview North (57),D55,632834.3246,4838189.0297
3663,5397921,1055263,7/28/2008 8:00:00 AM,2005,FINCH AVE W,JAYZEL DR,,Major Arterial,Etobicoke York,43.750645,-79.54909,At Intersection,Traffic Signal,Clear,Daylight,Dry,Non-Fatal Injury,Pedestrian Collisions,Vehicle Owner,unknown,,,,Other,,,,,,,,,,Yes,,,,,Yes,,,,,,,,22,Humbermede,21,Humber Summit (21),D31,616812.3435,4845200.0767
3664,5397922,1055263,7/28/2008 8:00:00 AM,2005,FINCH AVE W,JAYZEL DR,,Major Arterial,Etobicoke York,43.750645,-79.54909,At Intersection,Traffic Signal,Clear,Daylight,Dry,Non-Fatal Injury,Pedestrian Collisions,Driver,unknown,None,,West,Municipal Transit Bus (TTC),Changing Lanes,Improper Lane Change,Unknown,,,,,,,Yes,,,,,Yes,,,,,,,,22,Humbermede,21,Humber Summit (21),D31,616812.3435,4845200.0767
3665,5397923,1055263,7/28/2008 8:00:00 AM,2005,FINCH AVE W,JAYZEL DR,,Major Arterial,Etobicoke York,43.750645,-79.54909,At Intersection,Traffic Signal,Clear,Daylight,Dry,Non-Fatal Injury,Pedestrian Collisions,Pedestrian,45 to 49,Major,,Unknown,Other,,,,Pedestrian involved in a collision with transit vehicle anywhere along roadway,Pushing/Working on Vehicle,Normal,,,,Yes,,,,,Yes,,,,,,,,22,Humbermede,21,Humber Summit (21),D31,616812.3435,4845200.0767
3666,5387380,1050560,7/29/2008 8:00:00 AM,708,BEVERLY HILLS Driv,JANE Stre,,Major Arterial,Etobicoke York,43.719045,-79.50819,At Intersection,Traffic Signal,Clear,Daylight,Dry,Non-Fatal Injury,Pedestrian Collisions,Vehicle Owner,unknown,,,,Other,,,,,,,,,,Yes,,Yes,,,,,,,Yes,,,,154,Oakdale-Beverley Heights,26,Downsview-Roding-CFB (26),D31,620168.4028,4841748.9326
3667,5387381,1050560,7/29/2008 8:00:00 AM,708,BEVERLY HILLS Driv,JANE Stre,,Major Arterial,Etobicoke York,43.719045,-79.50819,At Intersection,Traffic Signal,Clear,Daylight,Dry,Non-Fatal Injury,Pedestrian Collisions,Driver,55 to 59,None,,East,"Automobile, Station Wagon",Turning Left,Failed to Yield Right of Way,Inattentive,,,,,,,Yes,,Yes,,,,,,,Yes,,,,154,Oakdale-Beverley Heights,26,Downsview-Roding-CFB (26),D31,620168.4028,4841748.9326
3668,5387382,1050560,7/29/2008 8:00:00 AM,708,BEVERLY HILLS Driv,JANE Stre,,Major Arterial,Etobicoke York,43.719045,-79.50819,At Intersection,Traffic Signal,Clear,Daylight,Dry,Non-Fatal Injury,Pedestrian Collisions,Pedestrian,75 to 79,Major,,,Other,,,,Vehicle turns left while ped crosses with ROW at inter.,Crossing with right of way,Normal,,,,Yes,,Yes,,,,,,,Yes,,,,154,Oakdale-Beverley Heights,26,Downsview-Roding-CFB (26),D31,620168.4028,4841748.9326
3669,5387386,1050562,7/29/2008 8:00:00 AM,1235,KELSONIA AVE,SCARBORO CRES,,Local,Scarborough,43.711545,-79.24639,,No Control,Clear,Daylight,Dry,Non-Fatal Injury,Pedestrian Collisions,Vehicle Owner,unknown,,,,Other,,,,,,,,,,Yes,,Yes,,,,,,,,,,,123,Cliffcrest,123,Cliffcrest (123),D41,641274.7913,4841328.8447
3670,5387387,1050562,7/29/2008 8:00:00 AM,1235,KELSONIA AVE,SCARBORO CRES,,Local,Scarborough,43.711545,-79.24639,,No Control,Clear,Daylight,Dry,Non-Fatal Injury,Pedestrian Collisions,Other,unknown,None,,,Other,Parked,,,,,,,,,Yes,,Yes,,,,,,,,,,,123,Cliffcrest,123,Cliffcrest (123),D41,641274.7913,4841328.8447
3671,5387388,1050562,7/29/2008 8:00:00 AM,1235,KELSONIA AVE,SCARBORO CRES,,Local,Scarborough,43.711545,-79.24639,,No Control,Clear,Daylight,Dry,Non-Fatal Injury,Pedestrian Collisions,Vehicle Owner,unknown,,,,Other,,,,,,,,,,Yes,,Yes,,,,,,,,,,,123,Cliffcrest,123,Cliffcrest (123),D41,641274.7913,4841328.8447
3672,5387389,1050562,7/29/2008 8:00:00 AM,1235,KELSONIA AVE,SCARBORO CRES,,Local,Scarborough,43.711545,-79.24639,,No Control,Clear,Daylight,Dry,Non-Fatal Injury,Pedestrian Collisions,Other,unknown,None,,,Other,Parked,,,,,,,,,Yes,,Yes,,,,,,,,,,,123,Cliffcrest,123,Cliffcrest (123),D41,641274.7913,4841328.8447
3673,5387390,1050562,7/29/2008 8:00:00 AM,1235,KELSONIA AVE,SCARBORO CRES,,Local,Scarborough,43.711545,-79.24639,,No Control,Clear,Daylight,Dry,Non-Fatal Injury,Pedestrian Collisions,Driver,55 to 59,None,,East,"Automobile, Station Wagon",Going Ahead,Lost control,Inattentive,,,,,,,Yes,,Yes,,,,,,,,,,,123,Cliffcrest,123,Cliffcrest (123),D41,641274.7913,4841328.8447
3674,5387391,1050562,7/29/2008 8:00:00 AM,1235,KELSONIA AVE,SCARBORO CRES,,Local,Scarborough,43.711545,-79.24639,,No Control,Clear,Daylight,Dry,Non-Fatal Injury,Pedestrian Collisions,Pedestrian,45 to 49,Major,,,Other,,,,Pedestrian hit at mid-block,Person Getting on/off Vehicle,Normal,,,,Yes,,Yes,,,,,,,,,,,123,Cliffcrest,123,Cliffcrest (123),D41,641274.7913,4841328.8447
3675,5396763,1054754,7/31/2008 8:00:00 AM,1610,THE QUEENSWAY,STEPHEN Driv,,Major Arterial,Etobicoke York,43.630345,-79.48429,At Intersection,Traffic Signal,Clear,Daylight,Dry,Non-Fatal Injury,Cyclist Collisions,Driver,25 to 29,None,,West,"Automobile, Station Wagon",Going Ahead,Driving Properly,Normal,,,,,,,,Yes,Yes,,,,,,,,,,,16,Stonegate-Queensway,16,Stonegate-Queensway (16),D22,622273.6215,4831932.5478
3676,5396764,1054754,7/31/2008 8:00:00 AM,1610,THE QUEENSWAY,STEPHEN Driv,,Major Arterial,Etobicoke York,43.630345,-79.48429,At Intersection,Traffic Signal,Clear,Daylight,Dry,Non-Fatal Injury,Cyclist Collisions,Cyclist,20 to 24,Major,,West,Bicycle,Changing Lanes,,,,,,Cyclist and Driver travelling in same direction. One vehicle sideswipes the other.,Improper Lane Change,Unknown,,Yes,Yes,,,,,,,,,,,16,Stonegate-Queensway,16,Stonegate-Queensway (16),D22,622273.6215,4831932.5478
3677,5388635,1051130,7/31/2008 8:00:00 AM,2245,LOWER JARVIS ST,THE ESPLANADE,,Major Arterial,Toronto and East York,43.648245,-79.37089,At Intersection,Traffic Signal,Clear,Dark,Dry,Non-Fatal Injury,Cyclist Collisions,Vehicle Owner,unknown,,,,Other,,,,,,,,,,,Yes,Yes,,,,,,,Yes,Yes,Yes,,166,St Lawrence-East Bayfront-The Islands,77,Waterfront Communities-The Island (77),D51,631382.7713,4834093.8502
3678,5388636,1051130,7/31/2008 8:00:00 AM,2245,LOWER JARVIS ST,THE ESPLANADE,,Major Arterial,Toronto and East York,43.648245,-79.37089,At Intersection,Traffic Signal,Clear,Dark,Dry,Non-Fatal Injury,Cyclist Collisions,Driver,55 to 59,None,,South,"Automobile, Station Wagon",Going Ahead,Disobeyed Traffic Control,"Ability Impaired, Alcohol Over .08",,,,,,,,Yes,Yes,,,,,,,Yes,Yes,Yes,,166,St Lawrence-East Bayfront-The Islands,77,Waterfront Communities-The Island (77),D51,631382.7713,4834093.8502
3679,5388637,1051130,7/31/2008 8:00:00 AM,2245,LOWER JARVIS ST,THE ESPLANADE,,Major Arterial,Toronto and East York,43.648245,-79.37089,At Intersection,Traffic Signal,Clear,Dark,Dry,Non-Fatal Injury,Cyclist Collisions,Cyclist,50 to 54,Major,,North,Bicycle,Turning Left,,,,,,Cyclist turned left across motorists path.,Driving Properly,Normal,,Yes,Yes,,,,,,,Yes,Yes,Yes,,166,St Lawrence-East Bayfront-The Islands,77,Waterfront Communities-The Island (77),D51,631382.7713,4834093.8502
3680,5399210,1055801,8/1/2008 8:00:00 AM,1815,LANSDOWNE Aven,BLOOR Stre W,,Minor Arterial,Toronto and East York,43.658645,-79.44279,,No Control,Clear,Daylight,Dry,Non-Fatal Injury,Turning Movement,Vehicle Owner,unknown,,,,Other,,,,,,,,,,,,Yes,,,,,,,Yes,,,,171,Junction-Wallace Emerson,93,Dovercourt-Wallace Emerson-Junction (93),D11,625562.5214,4835137.5881
3681,5399211,1055801,8/1/2008 8:00:00 AM,1815,LANSDOWNE Aven,BLOOR Stre W,,Minor Arterial,Toronto and East York,43.658645,-79.44279,,No Control,Clear,Daylight,Dry,Non-Fatal Injury,Turning Movement,Driver,25 to 29,Major,,South,"Automobile, Station Wagon",Going Ahead,Driving Properly,Normal,,,,,,,,,Yes,,,,,,,Yes,,,,171,Junction-Wallace Emerson,93,Dovercourt-Wallace Emerson-Junction (93),D11,625562.5214,4835137.5881
3682,5399212,1055801,8/1/2008 8:00:00 AM,1815,LANSDOWNE Aven,BLOOR Stre W,,Minor Arterial,Toronto and East York,43.658645,-79.44279,,No Control,Clear,Daylight,Dry,Non-Fatal Injury,Turning Movement,Vehicle Owner,unknown,,,,Other,,,,,,,,,,,,Yes,,,,,,,Yes,,,,171,Junction-Wallace Emerson,93,Dovercourt-Wallace Emerson-Junction (93),D11,625562.5214,4835137.5881
3683,5399213,1055801,8/1/2008 8:00:00 AM,1815,LANSDOWNE Aven,BLOOR Stre W,,Minor Arterial,Toronto and East York,43.658645,-79.44279,,No Control,Clear,Daylight,Dry,Non-Fatal Injury,Turning Movement,Driver,20 to 24,Minimal,,East,Other,Turning Left,Failed to Yield Right of Way,Normal,,,,,,,,,Yes,,,,,,,Yes,,,,171,Junction-Wallace Emerson,93,Dovercourt-Wallace Emerson-Junction (93),D11,625562.5214,4835137.5881
3684,5389224,1051391,8/1/2008 8:00:00 AM,2110,KINGSTON RD,ORCHARD PARK DR,,Major Arterial,Scarborough,43.774645,-79.17929,,Stop Sign,Clear,Dark,Dry,Non-Fatal Injury,Pedestrian Collisions,Driver,15 to 19,None,,West,"Automobile, Station Wagon",Going Ahead,Speed too Fast For Condition,"Ability Impaired, Alcohol",,,,,,,Yes,,Yes,,,,,Yes,Yes,Yes,,Yes,,136,West Hill,136,West Hill (136),D43,646526.5561,4848453.6228
3685,5389225,1051391,8/1/2008 8:00:00 AM,2110,KINGSTON RD,ORCHARD PARK DR,,Major Arterial,Scarborough,43.774645,-79.17929,,Stop Sign,Clear,Dark,Dry,Non-Fatal Injury,Pedestrian Collisions,Pedestrian,15 to 19,None,,North,Other,,,,Vehicle is going straight thru inter.while ped cross without ROW,"Crossing, no Traffic Control",Normal,,,,Yes,,Yes,,,,,Yes,Yes,Yes,,Yes,,136,West Hill,136,West Hill (136),D43,646526.5561,4848453.6228
3686,5389226,1051391,8/1/2008 8:00:00 AM,2110,KINGSTON RD,ORCHARD PARK DR,,Major Arterial,Scarborough,43.774645,-79.17929,,Stop Sign,Clear,Dark,Dry,Non-Fatal Injury,Pedestrian Collisions,Passenger,15 to 19,None,,,Other,,,,,,,,,,Yes,,Yes,,,,,Yes,Yes,Yes,,Yes,,136,West Hill,136,West Hill (136),D43,646526.5561,4848453.6228
3687,5389227,1051391,8/1/2008 8:00:00 AM,2110,KINGSTON RD,ORCHARD PARK DR,,Major Arterial,Scarborough,43.774645,-79.17929,,Stop Sign,Clear,Dark,Dry,Non-Fatal Injury,Pedestrian Collisions,Pedestrian,40 to 44,Major,,North,Other,,,,Vehicle is going straight thru inter.while ped cross without ROW,"Crossing, no Traffic Control",Normal,,,,Yes,,Yes,,,,,Yes,Yes,Yes,,Yes,,136,West Hill,136,West Hill (136),D43,646526.5561,4848453.6228
3688,5399133,1055774,8/1/2008 8:00:00 AM,2307,LAKE SHORE W BLVD E,YONGE ST,,Major Arterial,Toronto and East York,43.644045,-79.37579,At Intersection,Traffic Signal,Clear,Dark,Dry,Non-Fatal Injury,Pedestrian Collisions,Passenger,15 to 19,Minor,,,Other,,,,,,,,,,Yes,,Yes,,,,,Yes,,Yes,,Yes,,166,St Lawrence-East Bayfront-The Islands,77,Waterfront Communities-The Island (77),D52,630996.7261,4833619.6395
3689,5399134,1055774,8/1/2008 8:00:00 AM,2307,LAKE SHORE W BLVD E,YONGE ST,,Major Arterial,Toronto and East York,43.644045,-79.37579,At Intersection,Traffic Signal,Clear,Dark,Dry,Non-Fatal Injury,Pedestrian Collisions,Driver,20 to 24,Minor,,West,"Automobile, Station Wagon",Turning Left,Driving Properly,Normal,,,,,,,Yes,,Yes,,,,,Yes,,Yes,,Yes,,166,St Lawrence-East Bayfront-The Islands,77,Waterfront Communities-The Island (77),D52,630996.7261,4833619.6395
3690,5399135,1055774,8/1/2008 8:00:00 AM,2307,LAKE SHORE W BLVD E,YONGE ST,,Major Arterial,Toronto and East York,43.644045,-79.37579,At Intersection,Traffic Signal,Clear,Dark,Dry,Non-Fatal Injury,Pedestrian Collisions,Vehicle Owner,unknown,,,,Other,,,,,,,,,,Yes,,Yes,,,,,Yes,,Yes,,Yes,,166,St Lawrence-East Bayfront-The Islands,77,Waterfront Communities-The Island (77),D52,630996.7261,4833619.6395
3691,5399136,1055774,8/1/2008 8:00:00 AM,2307,LAKE SHORE W BLVD E,YONGE ST,,Major Arterial,Toronto and East York,43.644045,-79.37579,At Intersection,Traffic Signal,Clear,Dark,Dry,Non-Fatal Injury,Pedestrian Collisions,Driver,15 to 19,None,,West,"Automobile, Station Wagon",Going Ahead,Following too Close,"Ability Impaired, Alcohol Over .08",,,,,,,Yes,,Yes,,,,,Yes,,Yes,,Yes,,166,St Lawrence-East Bayfront-The Islands,77,Waterfront Communities-The Island (77),D52,630996.7261,4833619.6395
3692,5399137,1055774,8/1/2008 8:00:00 AM,2307,LAKE SHORE W BLVD E,YONGE ST,,Major Arterial,Toronto and East York,43.644045,-79.37579,At Intersection,Traffic Signal,Clear,Dark,Dry,Non-Fatal Injury,Pedestrian Collisions,Pedestrian,25 to 29,Major,,Unknown,Other,,,,Pedestrian hit on sidewalk or shoulder,On Sidewalk or Shoulder,Normal,,,,Yes,,Yes,,,,,Yes,,Yes,,Yes,,166,St Lawrence-East Bayfront-The Islands,77,Waterfront Communities-The Island (77),D52,630996.7261,4833619.6395
3693,5400291,1056289,8/2/2008 8:00:00 AM,2007,CALEDONIA Road,JOYCE Park,,Minor Arterial,North York,43.709345,-79.46609,At Intersection,Stop Sign,Clear,Daylight,Dry,Non-Fatal Injury,Turning Movement,Vehicle Owner,unknown,,,,Other,,,,,,,,,,,,Yes,Yes,,,,,,Yes,,,,31,Yorkdale-Glen Park,31,Yorkdale-Glen Park (31),D13,623579.6102,4840733.5119