OBJECTID,INDEX,ACCNUM,DATE,TIME,STREET1,STREET2,OFFSET,ROAD_CLASS,DISTRICT,LATITUDE,LONGITUDE,ACCLOC,TRAFFCTL,VISIBILITY,LIGHT,RDSFCOND,ACCLASS,IMPACTYPE,INVTYPE,INVAGE,INJURY,FATAL_NO,INITDIR,VEHTYPE,MANOEUVER,DRIVACT,DRIVCOND,PEDTYPE,PEDACT,PEDCOND,CYCLISTYPE,CYCACT,CYCCOND,PEDESTRIAN,CYCLIST,AUTOMOBILE,MOTORCYCLE,TRUCK,TRSN_CITY_VEH,EMERG_VEH,PASSENGER,SPEEDING,AG_DRIV,REDLIGHT,ALCOHOL,DISABILITY,HOOD_158,NEIGHBOURHOOD_158,HOOD_140,NEIGHBOURHOOD_140,DIVISION,x,y
3694,5400292,1056289,8/2/2008 8:00:00 AM,2007,CALEDONIA Road,JOYCE Park,,Minor Arterial,North York,43.709345,-79.46609,At Intersection,Stop Sign,Clear,Daylight,Dry,Non-Fatal Injury,Turning Movement,Motorcycle Driver,35 to 39,Major,,North,Motorcycle,Going Ahead,Driving Properly,Normal,,,,,,,,,Yes,Yes,,,,,,Yes,,,,31,Yorkdale-Glen Park,31,Yorkdale-Glen Park (31),D13,623579.6102,4840733.5119
3695,5400293,1056289,8/2/2008 8:00:00 AM,2007,CALEDONIA Road,JOYCE Park,,Minor Arterial,North York,43.709345,-79.46609,At Intersection,Stop Sign,Clear,Daylight,Dry,Non-Fatal Injury,Turning Movement,Driver,35 to 39,None,,West,"Automobile, Station Wagon",Turning Left,Failed to Yield Right of Way,Normal,,,,,,,,,Yes,Yes,,,,,,Yes,,,,31,Yorkdale-Glen Park,31,Yorkdale-Glen Park (31),D13,623579.6102,4840733.5119
3696,5400626,1056442,8/3/2008 8:00:00 AM,1540,68 NORSEMAN ST,,,Collector,Etobicoke York,43.635545,-79.51369,,No Control,Clear,Daylight,Dry,Non-Fatal Injury,Cyclist Collisions,Cyclist,20 to 24,Major,,West,Bicycle,Going Ahead,,,,,,Cyclist strikes a parked vehicle.,Other,Inattentive,,Yes,,,,,,,,,,,,16,Stonegate-Queensway,16,Stonegate-Queensway (16),D22,619891.5376,4832467.1902
3697,5400627,1056442,8/3/2008 8:00:00 AM,1540,68 NORSEMAN ST,,,Collector,Etobicoke York,43.635545,-79.51369,,No Control,Clear,Daylight,Dry,Non-Fatal Injury,Cyclist Collisions,Other,unknown,None,,,Other,Parked,,,,,,,,,,Yes,,,,,,,,,,,,16,Stonegate-Queensway,16,Stonegate-Queensway (16),D22,619891.5376,4832467.1902
3698,5402356,1057170,8/4/2008 8:00:00 AM,1737,DANFORTH Road,DANFORTH Aven,,Major Arterial,Scarborough,43.693645,-79.27729,At Intersection,Traffic Signal,Clear,Daylight,Dry,Non-Fatal Injury,Rear End,Passenger,35 to 39,Minor,,,Other,,,,,,,,,,,,Yes,,,,,Yes,,Yes,,,Yes,121,Oakridge,121,Oakridge (121),D41,638826.6992,4839288.5907
3699,5402357,1057170,8/4/2008 8:00:00 AM,1737,DANFORTH Road,DANFORTH Aven,,Major Arterial,Scarborough,43.693645,-79.27729,At Intersection,Traffic Signal,Clear,Daylight,Dry,Non-Fatal Injury,Rear End,Driver,50 to 54,Minor,,South,"Automobile, Station Wagon",Stopped,Driving Properly,Normal,,,,,,,,,Yes,,,,,Yes,,Yes,,,Yes,121,Oakridge,121,Oakridge (121),D41,638826.6992,4839288.5907
3700,5402358,1057170,8/4/2008 8:00:00 AM,1737,DANFORTH Road,DANFORTH Aven,,Major Arterial,Scarborough,43.693645,-79.27729,At Intersection,Traffic Signal,Clear,Daylight,Dry,Non-Fatal Injury,Rear End,Passenger,15 to 19,Minor,,,Other,Other,,,,,,,,,,,Yes,,,,,Yes,,Yes,,,Yes,121,Oakridge,121,Oakridge (121),D41,638826.6992,4839288.5907
3701,5402359,1057170,8/4/2008 8:00:00 AM,1737,DANFORTH Road,DANFORTH Aven,,Major Arterial,Scarborough,43.693645,-79.27729,At Intersection,Traffic Signal,Clear,Daylight,Dry,Non-Fatal Injury,Rear End,Passenger,10 to 14,Minor,,,Other,,,,,,,,,,,,Yes,,,,,Yes,,Yes,,,Yes,121,Oakridge,121,Oakridge (121),D41,638826.6992,4839288.5907
3702,5402360,1057170,8/4/2008 8:00:00 AM,1737,DANFORTH Road,DANFORTH Aven,,Major Arterial,Scarborough,43.693645,-79.27729,At Intersection,Traffic Signal,Clear,Daylight,Dry,Non-Fatal Injury,Rear End,Vehicle Owner,unknown,,,,Other,,,,,,,,,,,,Yes,,,,,Yes,,Yes,,,Yes,121,Oakridge,121,Oakridge (121),D41,638826.6992,4839288.5907
3703,5402361,1057170,8/4/2008 8:00:00 AM,1737,DANFORTH Road,DANFORTH Aven,,Major Arterial,Scarborough,43.693645,-79.27729,At Intersection,Traffic Signal,Clear,Daylight,Dry,Non-Fatal Injury,Rear End,Driver,30 to 34,Major,,South,"Automobile, Station Wagon",Going Ahead,Following too Close,Medical or Physical Disability,,,,,,,,,Yes,,,,,Yes,,Yes,,,Yes,121,Oakridge,121,Oakridge (121),D41,638826.6992,4839288.5907
3704,5394362,1053740,8/6/2008 8:00:00 AM,2210,ANCONA ST,FINCH AVE W,,Major Arterial,North York,43.774545,-79.43879,At Intersection,Stop Sign,Clear,Dark,Dry,Non-Fatal Injury,Cyclist Collisions,Driver,unknown,None,,North,"Automobile, Station Wagon",Turning Left,Improper Turn,Inattentive,,,,,,,,Yes,Yes,,,,,,,,,,,37,Willowdale West,37,Willowdale West (37),D32,625642.5969,4848015.9855
3705,5394363,1053740,8/6/2008 8:00:00 AM,2210,ANCONA ST,FINCH AVE W,,Major Arterial,North York,43.774545,-79.43879,At Intersection,Stop Sign,Clear,Dark,Dry,Non-Fatal Injury,Cyclist Collisions,Cyclist,40 to 44,Major,,West,Bicycle,Going Ahead,,,,,,Motorist turned left across cyclists path.,Driving Properly,Normal,,Yes,Yes,,,,,,,,,,,37,Willowdale West,37,Willowdale West (37),D32,625642.5969,4848015.9855
3706,5407636,1059312,8/7/2008 8:00:00 AM,151,DANFORTH Aven,BASTEDO Aven,,Major Arterial,Toronto and East York,43.684345,-79.31919,,No Control,Clear,Dark,Dry,Non-Fatal Injury,Sideswipe,Vehicle Owner,unknown,,,,Other,,,,,,,,,,,,Yes,Yes,,,,,,,,Yes,,66,Danforth,66,Danforth (66),D55,635471.0333,4838186.3951
3707,5407637,1059312,8/7/2008 8:00:00 AM,151,DANFORTH Aven,BASTEDO Aven,,Major Arterial,Toronto and East York,43.684345,-79.31919,,No Control,Clear,Dark,Dry,Non-Fatal Injury,Sideswipe,Motorcycle Driver,45 to 49,Major,,West,Motorcycle,Pulling Away from Shoulder or Curb,Lost control,"Ability Impaired, Alcohol Over .08",,,,,,,,,Yes,Yes,,,,,,,,Yes,,66,Danforth,66,Danforth (66),D55,635471.0333,4838186.3951
3708,5407638,1059312,8/7/2008 8:00:00 AM,151,DANFORTH Aven,BASTEDO Aven,,Major Arterial,Toronto and East York,43.684345,-79.31919,,No Control,Clear,Dark,Dry,Non-Fatal Injury,Sideswipe,Vehicle Owner,unknown,,,,"Automobile, Station Wagon",,,,,,,,,,,,Yes,Yes,,,,,,,,Yes,,66,Danforth,66,Danforth (66),D55,635471.0333,4838186.3951
3709,5407639,1059312,8/7/2008 8:00:00 AM,151,DANFORTH Aven,BASTEDO Aven,,Major Arterial,Toronto and East York,43.684345,-79.31919,,No Control,Clear,Dark,Dry,Non-Fatal Injury,Sideswipe,Driver,35 to 39,None,,East,"Automobile, Station Wagon",Going Ahead,Driving Properly,Normal,,,,,,,,,Yes,Yes,,,,,,,,Yes,,66,Danforth,66,Danforth (66),D55,635471.0333,4838186.3951
3710,5392032,1052679,8/7/2008 8:00:00 AM,316,ST CLARENS Aven,BLOOR Stre W,,Major Arterial,Toronto and East York,43.658545,-79.44169,,Stop Sign,Clear,Dark,Dry,Non-Fatal Injury,SMV Other,Vehicle Owner,unknown,None,,,Other,Parked,,,,,,,,,,,Yes,,,,,Yes,,,,,,83,Dufferin Grove,83,Dufferin Grove (83),D11,625651.4271,4835128.147
3711,5392033,1052679,8/7/2008 8:00:00 AM,316,ST CLARENS Aven,BLOOR Stre W,,Major Arterial,Toronto and East York,43.658545,-79.44169,,Stop Sign,Clear,Dark,Dry,Non-Fatal Injury,SMV Other,Passenger,unknown,Minor,,,Other,Other,,,,,,,,,,,Yes,,,,,Yes,,,,,,83,Dufferin Grove,83,Dufferin Grove (83),D11,625651.4271,4835128.147
3712,5392034,1052679,8/7/2008 8:00:00 AM,316,ST CLARENS Aven,BLOOR Stre W,,Major Arterial,Toronto and East York,43.658545,-79.44169,,Stop Sign,Clear,Dark,Dry,Non-Fatal Injury,SMV Other,Vehicle Owner,unknown,None,,,Other,Unknown,,,,,,,,,,,Yes,,,,,Yes,,,,,,83,Dufferin Grove,83,Dufferin Grove (83),D11,625651.4271,4835128.147
3713,5392035,1052679,8/7/2008 8:00:00 AM,316,ST CLARENS Aven,BLOOR Stre W,,Major Arterial,Toronto and East York,43.658545,-79.44169,,Stop Sign,Clear,Dark,Dry,Non-Fatal Injury,SMV Other,Passenger,unknown,Major,,,Other,Other,,,,,,,,,,,Yes,,,,,Yes,,,,,,83,Dufferin Grove,83,Dufferin Grove (83),D11,625651.4271,4835128.147
3714,5392036,1052679,8/7/2008 8:00:00 AM,316,ST CLARENS Aven,BLOOR Stre W,,Major Arterial,Toronto and East York,43.658545,-79.44169,,Stop Sign,Clear,Dark,Dry,Non-Fatal Injury,SMV Other,Passenger,unknown,Minor,,,Other,Other,,,,,,,,,,,Yes,,,,,Yes,,,,,,83,Dufferin Grove,83,Dufferin Grove (83),D11,625651.4271,4835128.147
3715,5392037,1052679,8/7/2008 8:00:00 AM,316,ST CLARENS Aven,BLOOR Stre W,,Major Arterial,Toronto and East York,43.658545,-79.44169,,Stop Sign,Clear,Dark,Dry,Non-Fatal Injury,SMV Other,Driver,unknown,None,,North,"Automobile, Station Wagon",Going Ahead,,,,,,,,,,,Yes,,,,,Yes,,,,,,83,Dufferin Grove,83,Dufferin Grove (83),D11,625651.4271,4835128.147
3716,5391370,1052382,8/9/2008 8:00:00 AM,1035,BALLIOL ST,MOUNT PLEASANT RD,,Major Arterial,North York,43.699245,-79.38669,At Intersection,Stop Sign,Clear,Daylight,Dry,Fatal,Pedestrian Collisions,Passenger,20 to 24,None,,,"Automobile, Station Wagon",,,,,,,,,,Yes,,Yes,,Yes,,,Yes,,Yes,,,,99,Mount Pleasant East,99,Mount Pleasant East (99),D53,629998.3698,4839733.1969
3717,5391371,1052382,8/9/2008 8:00:00 AM,1035,BALLIOL ST,MOUNT PLEASANT RD,,Major Arterial,North York,43.699245,-79.38669,At Intersection,Stop Sign,Clear,Daylight,Dry,Fatal,Pedestrian Collisions,Passenger,30 to 34,None,,,Other,,,,,,,,,,Yes,,Yes,,Yes,,,Yes,,Yes,,,,99,Mount Pleasant East,99,Mount Pleasant East (99),D53,629998.3698,4839733.1969
3718,5391372,1052382,8/9/2008 8:00:00 AM,1035,BALLIOL ST,MOUNT PLEASANT RD,,Major Arterial,North York,43.699245,-79.38669,At Intersection,Stop Sign,Clear,Daylight,Dry,Fatal,Pedestrian Collisions,Vehicle Owner,unknown,,,,Other,,,,,,,,,,Yes,,Yes,,Yes,,,Yes,,Yes,,,,99,Mount Pleasant East,99,Mount Pleasant East (99),D53,629998.3698,4839733.1969
3719,5391373,1052382,8/9/2008 8:00:00 AM,1035,BALLIOL ST,MOUNT PLEASANT RD,,Major Arterial,North York,43.699245,-79.38669,At Intersection,Stop Sign,Clear,Daylight,Dry,Fatal,Pedestrian Collisions,Truck Driver,60 to 64,None,,East,Truck - Open,Turning Left,Failed to Yield Right of Way,Inattentive,,,,,,,Yes,,Yes,,Yes,,,Yes,,Yes,,,,99,Mount Pleasant East,99,Mount Pleasant East (99),D53,629998.3698,4839733.1969
3720,5391374,1052382,8/9/2008 8:00:00 AM,1035,BALLIOL ST,MOUNT PLEASANT RD,,Major Arterial,North York,43.699245,-79.38669,At Intersection,Stop Sign,Clear,Daylight,Dry,Fatal,Pedestrian Collisions,Pedestrian,80 to 84,Fatal,35,North,Other,,,,Vehicle turns left while ped crosses with ROW at inter.,Crossing with right of way,Normal,,,,Yes,,Yes,,Yes,,,Yes,,Yes,,,,99,Mount Pleasant East,99,Mount Pleasant East (99),D53,629998.3698,4839733.1969
3721,5393092,1053153,8/14/2008 8:00:00 AM,1659,AMHERST AVE,GLENHOLME AVE,,Local,Toronto and East York,43.691245,-79.44099,,No Control,Clear,Daylight,Dry,Non-Fatal Injury,Pedestrian Collisions,Other,unknown,,,East,"Automobile, Station Wagon",Parked,,,,,,,,,Yes,,Yes,,,,,,,,,,,107,Oakwood Village,107,Oakwood Village (107),D13,625639.6123,4838760.9806
3722,5393093,1053153,8/14/2008 8:00:00 AM,1659,AMHERST AVE,GLENHOLME AVE,,Local,Toronto and East York,43.691245,-79.44099,,No Control,Clear,Daylight,Dry,Non-Fatal Injury,Pedestrian Collisions,Other,unknown,,,East,Other,Parked,,,,,,,,,Yes,,Yes,,,,,,,,,,,107,Oakwood Village,107,Oakwood Village (107),D13,625639.6123,4838760.9806
3723,5393094,1053153,8/14/2008 8:00:00 AM,1659,AMHERST AVE,GLENHOLME AVE,,Local,Toronto and East York,43.691245,-79.44099,,No Control,Clear,Daylight,Dry,Non-Fatal Injury,Pedestrian Collisions,Vehicle Owner,unknown,,,,Other,,,,,,,,,,Yes,,Yes,,,,,,,,,,,107,Oakwood Village,107,Oakwood Village (107),D13,625639.6123,4838760.9806
3724,5393095,1053153,8/14/2008 8:00:00 AM,1659,AMHERST AVE,GLENHOLME AVE,,Local,Toronto and East York,43.691245,-79.44099,,No Control,Clear,Daylight,Dry,Non-Fatal Injury,Pedestrian Collisions,Driver,unknown,None,,South,"Automobile, Station Wagon",Reversing,Lost control,Unknown,,,,,,,Yes,,Yes,,,,,,,,,,,107,Oakwood Village,107,Oakwood Village (107),D13,625639.6123,4838760.9806
3725,5393096,1053153,8/14/2008 8:00:00 AM,1659,AMHERST AVE,GLENHOLME AVE,,Local,Toronto and East York,43.691245,-79.44099,,No Control,Clear,Daylight,Dry,Non-Fatal Injury,Pedestrian Collisions,Pedestrian,5 to 9,Major,,East,Other,,,,Vehicle is reversing and hits pedestrian,On Sidewalk or Shoulder,Normal,,,,Yes,,Yes,,,,,,,,,,,107,Oakwood Village,107,Oakwood Village (107),D13,625639.6123,4838760.9806
3726,5394733,1053906,8/14/2008 8:00:00 AM,2045,ST CLAIR Aven W,FORD Stre,,Major Arterial,Toronto and East York,43.673645,-79.46249,At Intersection,No Control,Clear,Dark,Dry,Non-Fatal Injury,Sideswipe,Motorcycle Driver,25 to 29,Major,,East,Motorcycle,Going Ahead,Driving Properly,Normal,,,,,,,,,Yes,Yes,,,,,,,,,,91,Weston-Pelham Park,91,Weston-Pellam Park (91),D11,623943.1622,4836773.9126
3727,5394734,1053906,8/14/2008 8:00:00 AM,2045,ST CLAIR Aven W,FORD Stre,,Major Arterial,Toronto and East York,43.673645,-79.46249,At Intersection,No Control,Clear,Dark,Dry,Non-Fatal Injury,Sideswipe,Driver,unknown,None,,East,"Automobile, Station Wagon",Changing Lanes,Improper Lane Change,Unknown,,,,,,,,,Yes,Yes,,,,,,,,,,91,Weston-Pelham Park,91,Weston-Pellam Park (91),D11,623943.1622,4836773.9126
3728,5414741,1062414,8/15/2008 8:00:00 AM,630,LAWRENCE AVE W,CALEDONIA RD,,Major Arterial,North York,43.711345,-79.46719,,No Control,Clear,Daylight,Dry,Non-Fatal Injury,Sideswipe,Driver,40 to 44,None,,East,"Automobile, Station Wagon",Going Ahead,Driving Properly,Normal,,,,,,,,,Yes,,,,,,,,,,Yes,31,Yorkdale-Glen Park,31,Yorkdale-Glen Park (31),D13,623486.8805,4840954.0006
3729,5414742,1062414,8/15/2008 8:00:00 AM,630,LAWRENCE AVE W,CALEDONIA RD,,Major Arterial,North York,43.711345,-79.46719,,No Control,Clear,Daylight,Dry,Non-Fatal Injury,Sideswipe,Driver,85 to 89,Major,,East,"Automobile, Station Wagon",Going Ahead,Lost control,Medical or Physical Disability,,,,,,,,,Yes,,,,,,,,,,Yes,31,Yorkdale-Glen Park,31,Yorkdale-Glen Park (31),D13,623486.8805,4840954.0006
3730,5393861,1053515,8/15/2008 8:00:00 AM,700,EGLINTON AVE W,AVENUE RD,,Major Arterial,North York,43.704645,-79.40829,,No Control,Clear,Daylight,Dry,Non-Fatal Injury,Rear End,Driver,30 to 34,None,,East,"Automobile, Station Wagon",Turning Right,Driving Properly,Normal,,,,,,,,,Yes,,,,,,,Yes,,,Yes,100,Yonge-Eglinton,100,Yonge-Eglinton (100),D53,628246.339,4840299.3015
3731,5393862,1053515,8/15/2008 8:00:00 AM,700,EGLINTON AVE W,AVENUE RD,,Major Arterial,North York,43.704645,-79.40829,,No Control,Clear,Daylight,Dry,Non-Fatal Injury,Rear End,Driver,85 to 89,Major,,East,"Automobile, Station Wagon",Going Ahead,Following too Close,Medical or Physical Disability,,,,,,,,,Yes,,,,,,,Yes,,,Yes,100,Yonge-Eglinton,100,Yonge-Eglinton (100),D53,628246.339,4840299.3015
3732,5393863,1053515,8/15/2008 8:00:00 AM,700,EGLINTON AVE W,AVENUE RD,,Major Arterial,North York,43.704645,-79.40829,,No Control,Clear,Daylight,Dry,Non-Fatal Injury,Rear End,Other Property Owner,unknown,,,,Other,,,,,,,,,,,,Yes,,,,,,,Yes,,,Yes,100,Yonge-Eglinton,100,Yonge-Eglinton (100),D53,628246.339,4840299.3015
3733,5393693,1053428,8/15/2008 8:00:00 AM,1831,HORSHAM AVE,YONGE ST,,Major Arterial,North York,43.775145,-79.41439,,No Control,Clear,Daylight,Wet,Non-Fatal Injury,Pedestrian Collisions,Vehicle Owner,unknown,,,,Other,,,,,,,,,,Yes,,Yes,,,,,Yes,,,,,,37,Willowdale West,37,Willowdale West (37),D32,627604.9941,4848119.9404
3734,5393694,1053428,8/15/2008 8:00:00 AM,1831,HORSHAM AVE,YONGE ST,,Major Arterial,North York,43.775145,-79.41439,,No Control,Clear,Daylight,Wet,Non-Fatal Injury,Pedestrian Collisions,Passenger,0 to 4,None,,,Other,,,,,,,,,,Yes,,Yes,,,,,Yes,,,,,,37,Willowdale West,37,Willowdale West (37),D32,627604.9941,4848119.9404
3735,5393695,1053428,8/15/2008 8:00:00 AM,1831,HORSHAM AVE,YONGE ST,,Major Arterial,North York,43.775145,-79.41439,,No Control,Clear,Daylight,Wet,Non-Fatal Injury,Pedestrian Collisions,Passenger,0 to 4,None,,,Other,,,,,,,,,,Yes,,Yes,,,,,Yes,,,,,,37,Willowdale West,37,Willowdale West (37),D32,627604.9941,4848119.9404
3736,5393696,1053428,8/15/2008 8:00:00 AM,1831,HORSHAM AVE,YONGE ST,,Major Arterial,North York,43.775145,-79.41439,,No Control,Clear,Daylight,Wet,Non-Fatal Injury,Pedestrian Collisions,Passenger,30 to 34,None,,,Other,,,,,,,,,,Yes,,Yes,,,,,Yes,,,,,,37,Willowdale West,37,Willowdale West (37),D32,627604.9941,4848119.9404
3737,5393697,1053428,8/15/2008 8:00:00 AM,1831,HORSHAM AVE,YONGE ST,,Major Arterial,North York,43.775145,-79.41439,,No Control,Clear,Daylight,Wet,Non-Fatal Injury,Pedestrian Collisions,Driver,30 to 34,None,,East,"Automobile, Station Wagon",Going Ahead,Driving Properly,Normal,,,,,,,Yes,,Yes,,,,,Yes,,,,,,37,Willowdale West,37,Willowdale West (37),D32,627604.9941,4848119.9404
3738,5393698,1053428,8/15/2008 8:00:00 AM,1831,HORSHAM AVE,YONGE ST,,Major Arterial,North York,43.775145,-79.41439,,No Control,Clear,Daylight,Wet,Non-Fatal Injury,Pedestrian Collisions,Pedestrian,5 to 9,Major,,North,Other,,,,Vehicle is going straight thru inter.while ped cross without ROW,Running onto Roadway,Inattentive,,,,Yes,,Yes,,,,,Yes,,,,,,37,Willowdale West,37,Willowdale West (37),D32,627604.9941,4848119.9404
3739,5403404,1057611,8/15/2008 8:00:00 AM,1958,DUPONT Stre,CHRISTIE Stre,,Major Arterial,Toronto and East York,43.671745,-79.42089,,No Control,Rain,Daylight,Wet,Non-Fatal Injury,Sideswipe,Driver,35 to 39,None,,West,"Automobile, Station Wagon",Stopped,Driving Properly,Normal,,,,,,,,,Yes,,,,,,,,,,,95,Annex,95,Annex (95),D14,627300.7084,4836625.8914
3740,5403405,1057611,8/15/2008 8:00:00 AM,1958,DUPONT Stre,CHRISTIE Stre,,Major Arterial,Toronto and East York,43.671745,-79.42089,,No Control,Rain,Daylight,Wet,Non-Fatal Injury,Sideswipe,Driver,60 to 64,None,,West,"Automobile, Station Wagon",Stopped,Driving Properly,Normal,,,,,,,,,Yes,,,,,,,,,,,95,Annex,95,Annex (95),D14,627300.7084,4836625.8914
3741,5403406,1057611,8/15/2008 8:00:00 AM,1958,DUPONT Stre,CHRISTIE Stre,,Major Arterial,Toronto and East York,43.671745,-79.42089,,No Control,Rain,Daylight,Wet,Non-Fatal Injury,Sideswipe,Driver,40 to 44,None,,West,"Automobile, Station Wagon",Going Ahead,Driving Properly,Normal,,,,,,,,,Yes,,,,,,,,,,,95,Annex,95,Annex (95),D14,627300.7084,4836625.8914
3742,5403407,1057611,8/15/2008 8:00:00 AM,1958,DUPONT Stre,CHRISTIE Stre,,Major Arterial,Toronto and East York,43.671745,-79.42089,,No Control,Rain,Daylight,Wet,Non-Fatal Injury,Sideswipe,Vehicle Owner,unknown,,,,Other,,,,,,,,,,,,Yes,,,,,,,,,,,95,Annex,95,Annex (95),D14,627300.7084,4836625.8914
3743,5403408,1057611,8/15/2008 8:00:00 AM,1958,DUPONT Stre,CHRISTIE Stre,,Major Arterial,Toronto and East York,43.671745,-79.42089,,No Control,Rain,Daylight,Wet,Non-Fatal Injury,Sideswipe,Driver,15 to 19,None,,West,"Automobile, Station Wagon",Stopped,Driving Properly,Normal,,,,,,,,,Yes,,,,,,,,,,,95,Annex,95,Annex (95),D14,627300.7084,4836625.8914
3744,5403409,1057611,8/15/2008 8:00:00 AM,1958,DUPONT Stre,CHRISTIE Stre,,Major Arterial,Toronto and East York,43.671745,-79.42089,,No Control,Rain,Daylight,Wet,Non-Fatal Injury,Sideswipe,Driver,30 to 34,Minimal,,West,"Automobile, Station Wagon",Stopped,Driving Properly,Normal,,,,,,,,,Yes,,,,,,,,,,,95,Annex,95,Annex (95),D14,627300.7084,4836625.8914
3745,5403410,1057611,8/15/2008 8:00:00 AM,1958,DUPONT Stre,CHRISTIE Stre,,Major Arterial,Toronto and East York,43.671745,-79.42089,,No Control,Rain,Daylight,Wet,Non-Fatal Injury,Sideswipe,Driver,50 to 54,Major,,West,"Automobile, Station Wagon",Going Ahead,Lost control,Unknown,,,,,,,,,Yes,,,,,,,,,,,95,Annex,95,Annex (95),D14,627300.7084,4836625.8914
3746,5403411,1057611,8/15/2008 8:00:00 AM,1958,DUPONT Stre,CHRISTIE Stre,,Major Arterial,Toronto and East York,43.671745,-79.42089,,No Control,Rain,Daylight,Wet,Non-Fatal Injury,Sideswipe,Driver,30 to 34,Minimal,,West,"Automobile, Station Wagon",Stopped,Driving Properly,Normal,,,,,,,,,Yes,,,,,,,,,,,95,Annex,95,Annex (95),D14,627300.7084,4836625.8914
3747,5394192,1053672,8/17/2008 8:00:00 AM,2125,WARDEN Aven,FINCH Aven E,,Major Arterial,Scarborough,43.797845,-79.31619,,No Control,Clear,Dark,Dry,Fatal,Pedestrian Collisions,Driver,65 to 69,None,,North,"Automobile, Station Wagon",Going Ahead,Driving Properly,Unknown,,,,,,,Yes,,Yes,,,,,,,,,,,148,East L'Amoreaux,117,L'Amoreaux (117),D42,635456.6208,4850797.1675
3748,5394193,1053672,8/17/2008 8:00:00 AM,2125,WARDEN Aven,FINCH Aven E,,Major Arterial,Scarborough,43.797845,-79.31619,,No Control,Clear,Dark,Dry,Fatal,Pedestrian Collisions,Pedestrian,45 to 49,Fatal,36,East,Other,Going Ahead,,,Pedestrian hit at mid-block,"Crossing, no Traffic Control","Ability Impaired, Alcohol",,,,Yes,,Yes,,,,,,,,,,,148,East L'Amoreaux,117,L'Amoreaux (117),D42,635456.6208,4850797.1675
3749,5394102,1053634,8/18/2008 8:00:00 AM,250,SCARLETT RD,ST CLAIR AVE W,,Major Arterial,Etobicoke York,43.666045,-79.49929,,Traffic Signal,Clear,Dark,Dry,Non-Fatal Injury,SMV Other,Driver,80 to 84,Major,,South,"Automobile, Station Wagon",Going Ahead,Other,Other,,,,,,,,,Yes,,,,,,Yes,Yes,,,,111,Rockcliffe-Smythe,111,Rockcliffe-Smythe (111),D12,620991.8506,4835875.5051
3750,5403829,1057794,8/18/2008 8:00:00 AM,750,3807 VICTORIA PARK Ave,,,Major Arterial,North York,43.809945,-79.33879,,No Control,Clear,Daylight,Dry,Non-Fatal Injury,Approaching,Driver,65 to 69,Minimal,,South,"Automobile, Station Wagon",Going Ahead,Lost control,Medical or Physical Disability,,,,,,,,,Yes,,,,,,,,,,Yes,116,Steeles,116,Steeles (116),D42,633611.5332,4852104.3233
3751,5403830,1057794,8/18/2008 8:00:00 AM,750,3807 VICTORIA PARK Ave,,,Major Arterial,North York,43.809945,-79.33879,,No Control,Clear,Daylight,Dry,Non-Fatal Injury,Approaching,Driver,50 to 54,Major,,North,"Automobile, Station Wagon",Going Ahead,Driving Properly,Normal,,,,,,,,,Yes,,,,,,,,,,Yes,116,Steeles,116,Steeles (116),D42,633611.5332,4852104.3233
3752,5404215,1057950,8/19/2008 8:00:00 AM,1220,BAY ST,DAVENPORT RD,,Major Arterial,Toronto and East York,43.673145,-79.39079,At Intersection,Traffic Signal,Clear,Daylight,Dry,Non-Fatal Injury,Pedestrian Collisions,Truck Driver,55 to 59,None,,North,Truck - Open,Going Ahead,Failed to Yield Right of Way,Inattentive,,,,,,,Yes,,,,Yes,,,,,Yes,,,,95,Annex,95,Annex (95),D53,629724.2425,4836828.013
3753,5404216,1057950,8/19/2008 8:00:00 AM,1220,BAY ST,DAVENPORT RD,,Major Arterial,Toronto and East York,43.673145,-79.39079,At Intersection,Traffic Signal,Clear,Daylight,Dry,Non-Fatal Injury,Pedestrian Collisions,Pedestrian,85 to 89,Major,,East,Other,,,,Vehicle is going straight thru inter.while ped cross with ROW,Crossing with right of way,Unknown,,,,Yes,,,,Yes,,,,,Yes,,,,95,Annex,95,Annex (95),D53,629724.2425,4836828.013
3754,5404950,1058226,8/20/2008 8:00:00 AM,1913,BURNHAMTHORPE Road,RENFORTH Driv,,Major Arterial,Etobicoke York,43.643345,-79.57249,At Intersection,Traffic Signal,Clear,Daylight,Dry,Non-Fatal Injury,Turning Movement,Driver,50 to 54,Major,,East,"Automobile, Station Wagon",Turning Left,Improper Turn,Normal,,,,,,,,,Yes,,,,,,,Yes,Yes,,,11,Eringate-Centennial-West Deane,11,Eringate-Centennial-West Deane (11),D22,615133.5657,4833250.2327
3755,5404951,1058226,8/20/2008 8:00:00 AM,1913,BURNHAMTHORPE Road,RENFORTH Driv,,Major Arterial,Etobicoke York,43.643345,-79.57249,At Intersection,Traffic Signal,Clear,Daylight,Dry,Non-Fatal Injury,Turning Movement,Driver,50 to 54,Minimal,,West,"Automobile, Station Wagon",Going Ahead,Disobeyed Traffic Control,Normal,,,,,,,,,Yes,,,,,,,Yes,Yes,,,11,Eringate-Centennial-West Deane,11,Eringate-Centennial-West Deane (11),D22,615133.5657,4833250.2327
3756,5404952,1058226,8/20/2008 8:00:00 AM,1913,BURNHAMTHORPE Road,RENFORTH Driv,,Major Arterial,Etobicoke York,43.643345,-79.57249,At Intersection,Traffic Signal,Clear,Daylight,Dry,Non-Fatal Injury,Turning Movement,Driver,60 to 64,None,,South,"Automobile, Station Wagon",Stopped,Driving Properly,Normal,,,,,,,,,Yes,,,,,,,Yes,Yes,,,11,Eringate-Centennial-West Deane,11,Eringate-Centennial-West Deane (11),D22,615133.5657,4833250.2327