OBJECTID,INDEX,ACCNUM,DATE,TIME,STREET1,STREET2,OFFSET,ROAD_CLASS,DISTRICT,LATITUDE,LONGITUDE,ACCLOC,TRAFFCTL,VISIBILITY,LIGHT,RDSFCOND,ACCLASS,IMPACTYPE,INVTYPE,INVAGE,INJURY,FATAL_NO,INITDIR,VEHTYPE,MANOEUVER,DRIVACT,DRIVCOND,PEDTYPE,PEDACT,PEDCOND,CYCLISTYPE,CYCACT,CYCCOND,PEDESTRIAN,CYCLIST,AUTOMOBILE,MOTORCYCLE,TRUCK,TRSN_CITY_VEH,EMERG_VEH,PASSENGER,SPEEDING,AG_DRIV,REDLIGHT,ALCOHOL,DISABILITY,HOOD_158,NEIGHBOURHOOD_158,HOOD_140,NEIGHBOURHOOD_140,DIVISION,x,y
3757,5404318,1057990,8/21/2008 8:00:00 AM,1755,EGLINTON Aven W,LLOYD MANOR Road,,Major Arterial,Etobicoke York,43.676345,-79.55439,,No Control,Clear,Daylight,Dry,Non-Fatal Injury,Rear End,Driver,25 to 29,Minimal,,East,"Automobile, Station Wagon",Stopped,Driving Properly,Normal,,,,,,,,,Yes,,Yes,,,,,Yes,,,,10,Princess-Rosethorn,10,Princess-Rosethorn (10),D22,616529.5498,4836940.5737
3758,5404319,1057990,8/21/2008 8:00:00 AM,1755,EGLINTON Aven W,LLOYD MANOR Road,,Major Arterial,Etobicoke York,43.676345,-79.55439,,No Control,Clear,Daylight,Dry,Non-Fatal Injury,Rear End,Vehicle Owner,unknown,,,,Other,,,,,,,,,,,,Yes,,Yes,,,,,Yes,,,,10,Princess-Rosethorn,10,Princess-Rosethorn (10),D22,616529.5498,4836940.5737
3759,5404320,1057990,8/21/2008 8:00:00 AM,1755,EGLINTON Aven W,LLOYD MANOR Road,,Major Arterial,Etobicoke York,43.676345,-79.55439,,No Control,Clear,Daylight,Dry,Non-Fatal Injury,Rear End,Truck Driver,25 to 29,None,,East,Truck - Open,Going Ahead,Following too Close,Normal,,,,,,,,,Yes,,Yes,,,,,Yes,,,,10,Princess-Rosethorn,10,Princess-Rosethorn (10),D22,616529.5498,4836940.5737
3760,5404321,1057990,8/21/2008 8:00:00 AM,1755,EGLINTON Aven W,LLOYD MANOR Road,,Major Arterial,Etobicoke York,43.676345,-79.55439,,No Control,Clear,Daylight,Dry,Non-Fatal Injury,Rear End,Driver,30 to 34,None,,East,"Automobile, Station Wagon",Stopped,Driving Properly,Normal,,,,,,,,,Yes,,Yes,,,,,Yes,,,,10,Princess-Rosethorn,10,Princess-Rosethorn (10),D22,616529.5498,4836940.5737
3761,5404322,1057990,8/21/2008 8:00:00 AM,1755,EGLINTON Aven W,LLOYD MANOR Road,,Major Arterial,Etobicoke York,43.676345,-79.55439,,No Control,Clear,Daylight,Dry,Non-Fatal Injury,Rear End,Driver,60 to 64,None,,East,"Automobile, Station Wagon",Stopped,Driving Properly,Normal,,,,,,,,,Yes,,Yes,,,,,Yes,,,,10,Princess-Rosethorn,10,Princess-Rosethorn (10),D22,616529.5498,4836940.5737
3762,5404323,1057990,8/21/2008 8:00:00 AM,1755,EGLINTON Aven W,LLOYD MANOR Road,,Major Arterial,Etobicoke York,43.676345,-79.55439,,No Control,Clear,Daylight,Dry,Non-Fatal Injury,Rear End,Driver,40 to 44,Major,,East,"Automobile, Station Wagon",Stopped,Driving Properly,Normal,,,,,,,,,Yes,,Yes,,,,,Yes,,,,10,Princess-Rosethorn,10,Princess-Rosethorn (10),D22,616529.5498,4836940.5737
3763,5405290,1058363,8/22/2008 8:00:00 AM,1355,DUNDAS Stre W,WEST MALL Cres,,Major Arterial,Etobicoke York,43.627345,-79.56239,At Intersection,Traffic Signal,Clear,Daylight,Dry,Non-Fatal Injury,Turning Movement,Vehicle Owner,unknown,,,,Other,,,,,,,,,,,,Yes,,,,,,,Yes,,,,12,Markland Wood,12,Markland Wood (12),D22,615978.9457,4831487.2944
3764,5405291,1058363,8/22/2008 8:00:00 AM,1355,DUNDAS Stre W,WEST MALL Cres,,Major Arterial,Etobicoke York,43.627345,-79.56239,At Intersection,Traffic Signal,Clear,Daylight,Dry,Non-Fatal Injury,Turning Movement,Driver,15 to 19,None,,West,Pick Up Truck,Turning Left,Failed to Yield Right of Way,Inattentive,,,,,,,,,Yes,,,,,,,Yes,,,,12,Markland Wood,12,Markland Wood (12),D22,615978.9457,4831487.2944
3765,5405292,1058363,8/22/2008 8:00:00 AM,1355,DUNDAS Stre W,WEST MALL Cres,,Major Arterial,Etobicoke York,43.627345,-79.56239,At Intersection,Traffic Signal,Clear,Daylight,Dry,Non-Fatal Injury,Turning Movement,Vehicle Owner,unknown,,,,Other,,,,,,,,,,,,Yes,,,,,,,Yes,,,,12,Markland Wood,12,Markland Wood (12),D22,615978.9457,4831487.2944
3766,5405293,1058363,8/22/2008 8:00:00 AM,1355,DUNDAS Stre W,WEST MALL Cres,,Major Arterial,Etobicoke York,43.627345,-79.56239,At Intersection,Traffic Signal,Clear,Daylight,Dry,Non-Fatal Injury,Turning Movement,Driver,40 to 44,None,,North,Pick Up Truck,Stopped,Driving Properly,Normal,,,,,,,,,Yes,,,,,,,Yes,,,,12,Markland Wood,12,Markland Wood (12),D22,615978.9457,4831487.2944
3767,5405294,1058363,8/22/2008 8:00:00 AM,1355,DUNDAS Stre W,WEST MALL Cres,,Major Arterial,Etobicoke York,43.627345,-79.56239,At Intersection,Traffic Signal,Clear,Daylight,Dry,Non-Fatal Injury,Turning Movement,Driver,25 to 29,Major,,East,"Automobile, Station Wagon",Going Ahead,Driving Properly,Normal,,,,,,,,,Yes,,,,,,,Yes,,,,12,Markland Wood,12,Markland Wood (12),D22,615978.9457,4831487.2944
3768,5404699,1058134,8/23/2008 8:00:00 AM,220,SHAVER Aven S,BLOOR Stre W,,Collector,Etobicoke York,43.638345,-79.54769,,No Control,Clear,Dark,Dry,Non-Fatal Injury,SMV Other,Vehicle Owner,unknown,,,,Other,,,,,,,,,,,,Yes,,,,,,Yes,Yes,,Yes,,158,Islington,14,Islington-City Centre West (14),D22,617143.5024,4832729.6206
3769,5404700,1058134,8/23/2008 8:00:00 AM,220,SHAVER Aven S,BLOOR Stre W,,Collector,Etobicoke York,43.638345,-79.54769,,No Control,Clear,Dark,Dry,Non-Fatal Injury,SMV Other,Driver,25 to 29,Major,,South,"Automobile, Station Wagon",Going Ahead,Lost control,"Ability Impaired, Alcohol",,,,,,,,,Yes,,,,,,Yes,Yes,,Yes,,158,Islington,14,Islington-City Centre West (14),D22,617143.5024,4832729.6206
3770,5410999,1060815,8/23/2008 8:00:00 AM,1425,MILLWOOD Rd,REDWAY Rd,,Major Arterial,North York,43.701845,-79.35819,At Intersection,Traffic Signal,Clear,Daylight,Dry,Non-Fatal Injury,Cyclist Collisions,Driver,25 to 29,None,,North,"Automobile, Station Wagon",Turning Left,Improper Turn,Normal,,,,,,,,Yes,Yes,,,,,,,,,,,56,Leaside-Bennington,56,Leaside-Bennington (56),D53,632289.1673,4840067.0451
3771,5411000,1060815,8/23/2008 8:00:00 AM,1425,MILLWOOD Rd,REDWAY Rd,,Major Arterial,North York,43.701845,-79.35819,At Intersection,Traffic Signal,Clear,Daylight,Dry,Non-Fatal Injury,Cyclist Collisions,Cyclist,45 to 49,Major,,South,Bicycle,Going Ahead,,,,,,Motorist turned left across cyclists path.,Disobeyed Traffic Control,Normal,,Yes,Yes,,,,,,,,,,,56,Leaside-Bennington,56,Leaside-Bennington (56),D53,632289.1673,4840067.0451
3772,5397016,1054857,8/23/2008 8:00:00 AM,2123,QUEEN ST E,SHERBOURNE ST,,Major Arterial,Toronto and East York,43.654545,-79.36949,At Intersection,Traffic Signal,Clear,Dark,Dry,Non-Fatal Injury,Pedestrian Collisions,Pedestrian,55 to 59,Major,,North,Other,,,,Vehicle is going straight thru inter.while ped cross without ROW,Crossing without right of way,Unknown,,,,Yes,,Yes,,,,,,Yes,Yes,,,,73,Moss Park,73,Moss Park (73),D51,631481.93,4834795.7656
3773,5397017,1054857,8/23/2008 8:00:00 AM,2123,QUEEN ST E,SHERBOURNE ST,,Major Arterial,Toronto and East York,43.654545,-79.36949,At Intersection,Traffic Signal,Clear,Dark,Dry,Non-Fatal Injury,Pedestrian Collisions,Driver,unknown,None,,West,"Automobile, Station Wagon",Unknown,Exceeding Speed Limit,Unknown,,,,,,,Yes,,Yes,,,,,,Yes,Yes,,,,73,Moss Park,73,Moss Park (73),D51,631481.93,4834795.7656
3774,5418919,1064349,8/26/2008 8:00:00 AM,235,CARLAW Aven,LAKE SHORE Boul E,,Major Arterial,Toronto and East York,43.654945,-79.33739,At Intersection,Traffic Signal,Clear,Dark,Dry,Non-Fatal Injury,Angle,Driver,30 to 34,Major,,South,"Automobile, Station Wagon",Going Ahead,Disobeyed Traffic Control,"Ability Impaired, Alcohol",,,,,,,,,Yes,,,,,Yes,,Yes,Yes,Yes,,70,South Riverdale,70,South Riverdale (70),D55,634069.5657,4834891.5563
3775,5418920,1064349,8/26/2008 8:00:00 AM,235,CARLAW Aven,LAKE SHORE Boul E,,Major Arterial,Toronto and East York,43.654945,-79.33739,At Intersection,Traffic Signal,Clear,Dark,Dry,Non-Fatal Injury,Angle,Passenger,25 to 29,Major,,,Other,,,,,,,,,,,,Yes,,,,,Yes,,Yes,Yes,Yes,,70,South Riverdale,70,South Riverdale (70),D55,634069.5657,4834891.5563
3776,5418921,1064349,8/26/2008 8:00:00 AM,235,CARLAW Aven,LAKE SHORE Boul E,,Major Arterial,Toronto and East York,43.654945,-79.33739,At Intersection,Traffic Signal,Clear,Dark,Dry,Non-Fatal Injury,Angle,Passenger,20 to 24,Major,,,Other,,,,,,,,,,,,Yes,,,,,Yes,,Yes,Yes,Yes,,70,South Riverdale,70,South Riverdale (70),D55,634069.5657,4834891.5563
3777,5418922,1064349,8/26/2008 8:00:00 AM,235,CARLAW Aven,LAKE SHORE Boul E,,Major Arterial,Toronto and East York,43.654945,-79.33739,At Intersection,Traffic Signal,Clear,Dark,Dry,Non-Fatal Injury,Angle,Driver,25 to 29,Major,,West,"Automobile, Station Wagon",Going Ahead,Driving Properly,Normal,,,,,,,,,Yes,,,,,Yes,,Yes,Yes,Yes,,70,South Riverdale,70,South Riverdale (70),D55,634069.5657,4834891.5563
3778,5405580,1058466,8/26/2008 8:00:00 AM,745,ST CLAIR AVE W,WINONA DR,,Major Arterial,Toronto and East York,43.680145,-79.43299,,No Control,Clear,Daylight,Dry,Non-Fatal Injury,Cyclist Collisions,Driver,30 to 34,None,,West,"Automobile, Station Wagon",Parked,Other,Normal,,,,,,,,Yes,Yes,,,,,,,,,,,94,Wychwood,94,Wychwood (94),D13,626307.6271,4837540.3265
3779,5405581,1058466,8/26/2008 8:00:00 AM,745,ST CLAIR AVE W,WINONA DR,,Major Arterial,Toronto and East York,43.680145,-79.43299,,No Control,Clear,Daylight,Dry,Non-Fatal Injury,Cyclist Collisions,Cyclist,45 to 49,Major,,West,Bicycle,Going Ahead,,,,,,Cyclist struck opened vehicle door,Driving Properly,Normal,,Yes,Yes,,,,,,,,,,,94,Wychwood,94,Wychwood (94),D13,626307.6271,4837540.3265
3780,5397761,1055195,8/26/2008 8:00:00 AM,1111,PLEWES RD,ANCASTER RD,,Collector,North York,43.734645,-79.46599,,No Control,Clear,Daylight,Dry,Fatal,Pedestrian Collisions,Vehicle Owner,unknown,,,,Other,,,,,,,,,,Yes,,Yes,,,,,,,,,,,155,Downsview,26,Downsview-Roding-CFB (26),D32,623535.6573,4843543.5851
3781,5397762,1055195,8/26/2008 8:00:00 AM,1111,PLEWES RD,ANCASTER RD,,Collector,North York,43.734645,-79.46599,,No Control,Clear,Daylight,Dry,Fatal,Pedestrian Collisions,Driver,65 to 69,None,,East,"Automobile, Station Wagon",Reversing,Other,Unknown,,,,,,,Yes,,Yes,,,,,,,,,,,155,Downsview,26,Downsview-Roding-CFB (26),D32,623535.6573,4843543.5851
3782,5397763,1055195,8/26/2008 8:00:00 AM,1111,PLEWES RD,ANCASTER RD,,Collector,North York,43.734645,-79.46599,,No Control,Clear,Daylight,Dry,Fatal,Pedestrian Collisions,Pedestrian,75 to 79,Fatal,37,South,Other,,,,Vehicle is reversing and hits pedestrian,Other,Unknown,,,,Yes,,Yes,,,,,,,,,,,155,Downsview,26,Downsview-Roding-CFB (26),D32,623535.6573,4843543.5851
3783,5406125,1058686,8/27/2008 8:00:00 AM,723,EGLINTON Aven W,ALAMEDA Aven,,Major Arterial,North York,43.697845,-79.44029,At Intersection,Stop Sign,Clear,Daylight,Dry,Non-Fatal Injury,Turning Movement,Motorcycle Driver,50 to 54,Major,,East,Motorcycle,Going Ahead,Improper Passing,Normal,,,,,,,,,Yes,Yes,,,,,,Yes,,,,108,Briar Hill-Belgravia,108,Briar Hill-Belgravia (108),D13,625682.2372,4839495.0622
3784,5406126,1058686,8/27/2008 8:00:00 AM,723,EGLINTON Aven W,ALAMEDA Aven,,Major Arterial,North York,43.697845,-79.44029,At Intersection,Stop Sign,Clear,Daylight,Dry,Non-Fatal Injury,Turning Movement,Driver,55 to 59,Minimal,,North,"Automobile, Station Wagon",Turning Left,Improper Turn,Normal,,,,,,,,,Yes,Yes,,,,,,Yes,,,,108,Briar Hill-Belgravia,108,Briar Hill-Belgravia (108),D13,625682.2372,4839495.0622
3785,5406153,1058699,8/27/2008 8:00:00 AM,1354,VICTORIA PARK Aven,SLOANE Aven,,Major Arterial,North York,43.738745,-79.30849,At Intersection,Stop Sign,Clear,Daylight,Dry,Non-Fatal Injury,Pedestrian Collisions,Motorcycle Driver,45 to 49,Major,,South,Motorcycle,Going Ahead,Lost control,Normal,,,,,,,Yes,,,Yes,,,,,,,,,,43,Victoria Village,43,Victoria Village (43),D33,636210.1533,4844245.8334
3786,5406154,1058699,8/27/2008 8:00:00 AM,1354,VICTORIA PARK Aven,SLOANE Aven,,Major Arterial,North York,43.738745,-79.30849,At Intersection,Stop Sign,Clear,Daylight,Dry,Non-Fatal Injury,Pedestrian Collisions,Pedestrian,40 to 44,None,,,Other,,,,Vehicle is going straight thru inter.while ped cross without ROW,Crossing without right of way,Unknown,,,,Yes,,,Yes,,,,,,,,,,43,Victoria Village,43,Victoria Village (43),D33,636210.1533,4844245.8334
3787,5405691,1058507,8/28/2008 8:00:00 AM,1402,LAKE SHORE BLVD W,THIRTY SEVENTH ST,,Major Arterial,Etobicoke York,43.593345,-79.53819,At Intersection,Traffic Signal,Clear,Daylight,Dry,Non-Fatal Injury,Turning Movement,Vehicle Owner,unknown,,,,Other,,,,,,,,,,,,Yes,,Yes,,,,,,,,,19,Long Branch,19,Long Branch (19),D22,617997.7582,4827745.2774
3788,5405692,1058507,8/28/2008 8:00:00 AM,1402,LAKE SHORE BLVD W,THIRTY SEVENTH ST,,Major Arterial,Etobicoke York,43.593345,-79.53819,At Intersection,Traffic Signal,Clear,Daylight,Dry,Non-Fatal Injury,Turning Movement,Truck Driver,50 to 54,Minor,,East,Truck - Open,Going Ahead,Driving Properly,Normal,,,,,,,,,Yes,,Yes,,,,,,,,,19,Long Branch,19,Long Branch (19),D22,617997.7582,4827745.2774
3789,5405693,1058507,8/28/2008 8:00:00 AM,1402,LAKE SHORE BLVD W,THIRTY SEVENTH ST,,Major Arterial,Etobicoke York,43.593345,-79.53819,At Intersection,Traffic Signal,Clear,Daylight,Dry,Non-Fatal Injury,Turning Movement,Driver,25 to 29,Major,,East,"Automobile, Station Wagon",Making U Turn,Improper Turn,Normal,,,,,,,,,Yes,,Yes,,,,,,,,,19,Long Branch,19,Long Branch (19),D22,617997.7582,4827745.2774
3790,5398248,1055418,8/28/2008 8:00:00 AM,2022,SHEPPARD AVE E,PHARMACY AVE,,Major Arterial,Scarborough,43.776545,-79.31779,At Intersection,Traffic Signal,Clear,Dark,Dry,Non-Fatal Injury,Pedestrian Collisions,Driver,unknown,None,,West,"Automobile, Station Wagon",Going Ahead,Failed to Yield Right of Way,Normal,,,,,,,Yes,,Yes,,,,,,,Yes,,,,147,L'Amoreaux West,117,L'Amoreaux (117),D42,635375.9821,4848428.8499
3791,5398249,1055418,8/28/2008 8:00:00 AM,2022,SHEPPARD AVE E,PHARMACY AVE,,Major Arterial,Scarborough,43.776545,-79.31779,At Intersection,Traffic Signal,Clear,Dark,Dry,Non-Fatal Injury,Pedestrian Collisions,Pedestrian,85 to 89,Major,,North,Other,,,,Vehicle is going straight thru inter.while ped cross without ROW,Crossing without right of way,Inattentive,,,,Yes,,Yes,,,,,,,Yes,,,,147,L'Amoreaux West,117,L'Amoreaux (117),D42,635375.9821,4848428.8499
3792,5408154,1059535,8/29/2008 8:00:00 AM,1333,RUNNYMEDE RD,GLENWOOD AVE,,Minor Arterial,Toronto and East York,43.657145,-79.47879,At Intersection,No Control,Clear,Daylight,Dry,Non-Fatal Injury,Cyclist Collisions,Driver,80 to 84,None,,North,"Automobile, Station Wagon",Going Ahead,Failed to Yield Right of Way,Normal,,,,,,,,Yes,Yes,,,,,,,Yes,,,,88,High Park North,88,High Park North (88),D11,622662.761,4834917.1449
3793,5408155,1059535,8/29/2008 8:00:00 AM,1333,RUNNYMEDE RD,GLENWOOD AVE,,Minor Arterial,Toronto and East York,43.657145,-79.47879,At Intersection,No Control,Clear,Daylight,Dry,Non-Fatal Injury,Cyclist Collisions,Cyclist,60 to 64,Major,,North,Bicycle,Going Ahead,,,,,,Cyclist and Driver travelling in same direction. One vehicle rear-ended the other.,Driving Properly,Normal,,Yes,Yes,,,,,,,Yes,,,,88,High Park North,88,High Park North (88),D11,622662.761,4834917.1449
3794,5405737,1058523,8/29/2008 8:00:00 AM,1440,ST DENNIS DR,DEAUVILLE LANE,,Collector,North York,43.718345,-79.33139,At Intersection,Traffic Signal,Clear,Daylight,Dry,Non-Fatal Injury,Angle,Truck Driver,45 to 49,Major,,West,Truck - Open,Going Ahead,Disobeyed Traffic Control,Inattentive,,,,,,,,,Yes,,Yes,,,Yes,,Yes,Yes,,,44,Flemingdon Park,44,Flemingdon Park (44),D55,634411.717,4841942.7196
3795,5405738,1058523,8/29/2008 8:00:00 AM,1440,ST DENNIS DR,DEAUVILLE LANE,,Collector,North York,43.718345,-79.33139,At Intersection,Traffic Signal,Clear,Daylight,Dry,Non-Fatal Injury,Angle,Passenger,55 to 59,Minor,,,Other,,,,,,,,,,,,Yes,,Yes,,,Yes,,Yes,Yes,,,44,Flemingdon Park,44,Flemingdon Park (44),D55,634411.717,4841942.7196
3796,5405739,1058523,8/29/2008 8:00:00 AM,1440,ST DENNIS DR,DEAUVILLE LANE,,Collector,North York,43.718345,-79.33139,At Intersection,Traffic Signal,Clear,Daylight,Dry,Non-Fatal Injury,Angle,Driver,70 to 74,Minimal,,North,"Automobile, Station Wagon",Going Ahead,Driving Properly,Normal,,,,,,,,,Yes,,Yes,,,Yes,,Yes,Yes,,,44,Flemingdon Park,44,Flemingdon Park (44),D55,634411.717,4841942.7196
3797,5406247,1058736,8/30/2008 8:00:00 AM,308,UNIVERSITY AVE,ELM ST,,Major Arterial,Toronto and East York,43.656345,-79.38899,,Traffic Signal,Clear,Daylight,Dry,Non-Fatal Injury,Turning Movement,Vehicle Owner,unknown,,,,Other,,,,,,,,,,,,Yes,,,,,Yes,,,,,,78,Kensington-Chinatown,78,Kensington-Chinatown (78),D52,629905.5807,4834964.9652
3798,5406248,1058736,8/30/2008 8:00:00 AM,308,UNIVERSITY AVE,ELM ST,,Major Arterial,Toronto and East York,43.656345,-79.38899,,Traffic Signal,Clear,Daylight,Dry,Non-Fatal Injury,Turning Movement,Driver,40 to 44,None,,South,"Automobile, Station Wagon",Going Ahead,Driving Properly,Normal,,,,,,,,,Yes,,,,,Yes,,,,,,78,Kensington-Chinatown,78,Kensington-Chinatown (78),D52,629905.5807,4834964.9652
3799,5406249,1058736,8/30/2008 8:00:00 AM,308,UNIVERSITY AVE,ELM ST,,Major Arterial,Toronto and East York,43.656345,-79.38899,,Traffic Signal,Clear,Daylight,Dry,Non-Fatal Injury,Turning Movement,Vehicle Owner,unknown,,,,Other,,,,,,,,,,,,Yes,,,,,Yes,,,,,,78,Kensington-Chinatown,78,Kensington-Chinatown (78),D52,629905.5807,4834964.9652
3800,5406250,1058736,8/30/2008 8:00:00 AM,308,UNIVERSITY AVE,ELM ST,,Major Arterial,Toronto and East York,43.656345,-79.38899,,Traffic Signal,Clear,Daylight,Dry,Non-Fatal Injury,Turning Movement,Driver,40 to 44,None,,South,"Automobile, Station Wagon",Going Ahead,Driving Properly,Normal,,,,,,,,,Yes,,,,,Yes,,,,,,78,Kensington-Chinatown,78,Kensington-Chinatown (78),D52,629905.5807,4834964.9652
3801,5406251,1058736,8/30/2008 8:00:00 AM,308,UNIVERSITY AVE,ELM ST,,Major Arterial,Toronto and East York,43.656345,-79.38899,,Traffic Signal,Clear,Daylight,Dry,Non-Fatal Injury,Turning Movement,Passenger,20 to 24,Major,,,Other,,,,,,,,,,,,Yes,,,,,Yes,,,,,,78,Kensington-Chinatown,78,Kensington-Chinatown (78),D52,629905.5807,4834964.9652
3802,5406252,1058736,8/30/2008 8:00:00 AM,308,UNIVERSITY AVE,ELM ST,,Major Arterial,Toronto and East York,43.656345,-79.38899,,Traffic Signal,Clear,Daylight,Dry,Non-Fatal Injury,Turning Movement,Driver,25 to 29,None,,West,"Automobile, Station Wagon",Turning Left,Improper Turn,Normal,,,,,,,,,Yes,,,,,Yes,,,,,,78,Kensington-Chinatown,78,Kensington-Chinatown (78),D52,629905.5807,4834964.9652
3803,5398744,1055623,8/31/2008 8:00:00 AM,1614,MCCOWAN RD,HURONIA GT,,Major Arterial,Scarborough,43.768645,-79.25019,At Intersection,No Control,Clear,Daylight,Dry,Non-Fatal Injury,Rear End,Driver,45 to 49,None,,South,"Automobile, Station Wagon",Stopped,Driving Properly,Normal,,,,,,,,,Yes,,,,,Yes,,,,,,142,Woburn North,137,Woburn (137),D43,640834.7021,4847664.1902
3804,5398745,1055623,8/31/2008 8:00:00 AM,1614,MCCOWAN RD,HURONIA GT,,Major Arterial,Scarborough,43.768645,-79.25019,At Intersection,No Control,Clear,Daylight,Dry,Non-Fatal Injury,Rear End,Driver,35 to 39,None,,South,"Automobile, Station Wagon",Going Ahead,Lost control,Inattentive,,,,,,,,,Yes,,,,,Yes,,,,,,142,Woburn North,137,Woburn (137),D43,640834.7021,4847664.1902
3805,5398746,1055623,8/31/2008 8:00:00 AM,1614,MCCOWAN RD,HURONIA GT,,Major Arterial,Scarborough,43.768645,-79.25019,At Intersection,No Control,Clear,Daylight,Dry,Non-Fatal Injury,Rear End,Passenger,25 to 29,Major,,,Other,,,,,,,,,,,,Yes,,,,,Yes,,,,,,142,Woburn North,137,Woburn (137),D43,640834.7021,4847664.1902
3806,5398747,1055623,8/31/2008 8:00:00 AM,1614,MCCOWAN RD,HURONIA GT,,Major Arterial,Scarborough,43.768645,-79.25019,At Intersection,No Control,Clear,Daylight,Dry,Non-Fatal Injury,Rear End,Driver,30 to 34,None,,North,"Automobile, Station Wagon",Going Ahead,Driving Properly,Normal,,,,,,,,,Yes,,,,,Yes,,,,,,142,Woburn North,137,Woburn (137),D43,640834.7021,4847664.1902
3807,5398748,1055623,8/31/2008 8:00:00 AM,1614,MCCOWAN RD,HURONIA GT,,Major Arterial,Scarborough,43.768645,-79.25019,At Intersection,No Control,Clear,Daylight,Dry,Non-Fatal Injury,Rear End,Driver,40 to 44,Minor,,South,"Automobile, Station Wagon",Going Ahead,Driving Properly,Normal,,,,,,,,,Yes,,,,,Yes,,,,,,142,Woburn North,137,Woburn (137),D43,640834.7021,4847664.1902
3808,5406543,1058854,8/31/2008 8:00:00 AM,1825,ALBION RD,BEATTIE AVE,,Major Arterial,Etobicoke York,43.725345,-79.55079,,No Control,Clear,Daylight,Dry,Non-Fatal Injury,Rear End,Passenger,40 to 44,Major,,,Other,,,,,,,,,,,,Yes,,,,,Yes,,Yes,,,,5,Elms-Old Rexdale,5,Elms-Old Rexdale (5),D23,616724.6235,4842387.7543
3809,5406544,1058854,8/31/2008 8:00:00 AM,1825,ALBION RD,BEATTIE AVE,,Major Arterial,Etobicoke York,43.725345,-79.55079,,No Control,Clear,Daylight,Dry,Non-Fatal Injury,Rear End,Driver,45 to 49,None,,North,"Automobile, Station Wagon",Stopped,Driving Properly,Normal,,,,,,,,,Yes,,,,,Yes,,Yes,,,,5,Elms-Old Rexdale,5,Elms-Old Rexdale (5),D23,616724.6235,4842387.7543
3810,5406545,1058854,8/31/2008 8:00:00 AM,1825,ALBION RD,BEATTIE AVE,,Major Arterial,Etobicoke York,43.725345,-79.55079,,No Control,Clear,Daylight,Dry,Non-Fatal Injury,Rear End,Driver,30 to 34,Minor,,North,"Automobile, Station Wagon",Going Ahead,Following too Close,Normal,,,,,,,,,Yes,,,,,Yes,,Yes,,,,5,Elms-Old Rexdale,5,Elms-Old Rexdale (5),D23,616724.6235,4842387.7543
3811,5406454,1058820,8/31/2008 8:00:00 AM,2240,LESLIE ST,FINCH AVE E,,Major Arterial,North York,43.789345,-79.36789,,No Control,Clear,Dark,Dry,Non-Fatal Injury,SMV Other,Driver,50 to 54,Major,,South,"Automobile, Station Wagon",Going Ahead,Lost control,Had Been Drinking,,,,,,,,,Yes,,,,,,Yes,Yes,,,,47,Don Valley Village,47,Don Valley Village (47),D33,631316.1125,4849769.788
3812,5406455,1058820,8/31/2008 8:00:00 AM,2240,LESLIE ST,FINCH AVE E,,Major Arterial,North York,43.789345,-79.36789,,No Control,Clear,Dark,Dry,Non-Fatal Injury,SMV Other,Other Property Owner,unknown,,,,Other,,,,,,,,,,,,Yes,,,,,,Yes,Yes,,,,47,Don Valley Village,47,Don Valley Village (47),D33,631316.1125,4849769.788
3813,5413936,1062115,9/2/2008 8:00:00 AM,920,ST CLAIR AVE W,LAUGHTON AVE,,Major Arterial,Toronto and East York,43.674745,-79.45759,At Intersection,Traffic Signal,Clear,Daylight,Dry,Non-Fatal Injury,Pedestrian Collisions,Vehicle Owner,unknown,,,,Other,,,,,,,,,,Yes,,Yes,,,,,,,Yes,,,,91,Weston-Pelham Park,91,Weston-Pellam Park (91),D12,624335.8974,4836903.4155
3814,5413937,1062115,9/2/2008 8:00:00 AM,920,ST CLAIR AVE W,LAUGHTON AVE,,Major Arterial,Toronto and East York,43.674745,-79.45759,At Intersection,Traffic Signal,Clear,Daylight,Dry,Non-Fatal Injury,Pedestrian Collisions,Driver,20 to 24,None,,North,"Automobile, Station Wagon",Turning Left,Failed to Yield Right of Way,Inattentive,,,,,,,Yes,,Yes,,,,,,,Yes,,,,91,Weston-Pelham Park,91,Weston-Pellam Park (91),D12,624335.8974,4836903.4155
3815,5413938,1062115,9/2/2008 8:00:00 AM,920,ST CLAIR AVE W,LAUGHTON AVE,,Major Arterial,Toronto and East York,43.674745,-79.45759,At Intersection,Traffic Signal,Clear,Daylight,Dry,Non-Fatal Injury,Pedestrian Collisions,Pedestrian,0 to 4,None,,,Other,,,,Vehicle turns left while ped crosses with ROW at inter.,Crossing with right of way,Normal,,,,Yes,,Yes,,,,,,,Yes,,,,91,Weston-Pelham Park,91,Weston-Pellam Park (91),D12,624335.8974,4836903.4155
3816,5413939,1062115,9/2/2008 8:00:00 AM,920,ST CLAIR AVE W,LAUGHTON AVE,,Major Arterial,Toronto and East York,43.674745,-79.45759,At Intersection,Traffic Signal,Clear,Daylight,Dry,Non-Fatal Injury,Pedestrian Collisions,Pedestrian,30 to 34,Major,,,Other,Unknown,,,Vehicle turns left while ped crosses with ROW at inter.,Crossing with right of way,Normal,,,,Yes,,Yes,,,,,,,Yes,,,,91,Weston-Pelham Park,91,Weston-Pellam Park (91),D12,624335.8974,4836903.4155
3817,5399550,1055967,9/3/2008 8:00:00 AM,1027,VICTORIA PARK AVE,CASSANDRA BLVD,,Major Arterial,North York,43.754345,-79.31399,,Traffic Signal,Clear,Daylight,Dry,Non-Fatal Injury,Pedestrian Collisions,Driver,40 to 44,None,,South,"Automobile, Station Wagon",Going Ahead,Following too Close,Normal,,,,,,,Yes,,Yes,,,,,,,Yes,,,,119,Wexford/Maryvale,119,Wexford/Maryvale (119),D41,635731.9922,4845969.4197