OBJECTID,INDEX,ACCNUM,DATE,TIME,STREET1,STREET2,OFFSET,ROAD_CLASS,DISTRICT,LATITUDE,LONGITUDE,ACCLOC,TRAFFCTL,VISIBILITY,LIGHT,RDSFCOND,ACCLASS,IMPACTYPE,INVTYPE,INVAGE,INJURY,FATAL_NO,INITDIR,VEHTYPE,MANOEUVER,DRIVACT,DRIVCOND,PEDTYPE,PEDACT,PEDCOND,CYCLISTYPE,CYCACT,CYCCOND,PEDESTRIAN,CYCLIST,AUTOMOBILE,MOTORCYCLE,TRUCK,TRSN_CITY_VEH,EMERG_VEH,PASSENGER,SPEEDING,AG_DRIV,REDLIGHT,ALCOHOL,DISABILITY,HOOD_158,NEIGHBOURHOOD_158,HOOD_140,NEIGHBOURHOOD_140,DIVISION,x,y
3818,5399551,1055967,9/3/2008 8:00:00 AM,1027,VICTORIA PARK AVE,CASSANDRA BLVD,,Major Arterial,North York,43.754345,-79.31399,,Traffic Signal,Clear,Daylight,Dry,Non-Fatal Injury,Pedestrian Collisions,Driver,20 to 24,Minor,,South,"Automobile, Station Wagon",Stopped,Driving Properly,Normal,,,,,,,Yes,,Yes,,,,,,,Yes,,,,119,Wexford/Maryvale,119,Wexford/Maryvale (119),D41,635731.9922,4845969.4197
3819,5399552,1055967,9/3/2008 8:00:00 AM,1027,VICTORIA PARK AVE,CASSANDRA BLVD,,Major Arterial,North York,43.754345,-79.31399,,Traffic Signal,Clear,Daylight,Dry,Non-Fatal Injury,Pedestrian Collisions,Pedestrian,70 to 74,Major,,,Other,,,,Pedestrian hit on sidewalk or shoulder,On Sidewalk or Shoulder,Normal,,,,Yes,,Yes,,,,,,,Yes,,,,119,Wexford/Maryvale,119,Wexford/Maryvale (119),D41,635731.9922,4845969.4197
3820,5407279,1059152,9/3/2008 8:00:00 AM,1445,185 CARLINGVIEW Driv,,,Major Arterial,Etobicoke York,43.684845,-79.59469,,No Control,Clear,Daylight,Dry,Non-Fatal Injury,Rear End,Driver,35 to 39,Minimal,,South,"Automobile, Station Wagon",Going Ahead,Following too Close,Normal,,,,,,,,,Yes,,,,,,,Yes,,,,1,West Humber-Clairville,1,West Humber-Clairville (1),D23,613264.9788,4837828.785
3821,5407280,1059152,9/3/2008 8:00:00 AM,1445,185 CARLINGVIEW Driv,,,Major Arterial,Etobicoke York,43.684845,-79.59469,,No Control,Clear,Daylight,Dry,Non-Fatal Injury,Rear End,Driver,45 to 49,Major,,South,"Automobile, Station Wagon",Stopped,Driving Properly,Normal,,,,,,,,,Yes,,,,,,,Yes,,,,1,West Humber-Clairville,1,West Humber-Clairville (1),D23,613264.9788,4837828.785
3822,5407885,1059416,9/3/2008 8:00:00 AM,1900,ALBION RD,INDIAN LINE Aven W,,Major Arterial,Etobicoke York,43.749045,-79.63839,,No Control,Clear,Daylight,Dry,Non-Fatal Injury,Rear End,Vehicle Owner,unknown,,,,Other,,,,,,,,,,,,Yes,,,,,Yes,,Yes,,,,1,West Humber-Clairville,1,West Humber-Clairville (1),D23,609625.7026,4844900.3237
3823,5407886,1059416,9/3/2008 8:00:00 AM,1900,ALBION RD,INDIAN LINE Aven W,,Major Arterial,Etobicoke York,43.749045,-79.63839,,No Control,Clear,Daylight,Dry,Non-Fatal Injury,Rear End,Driver,45 to 49,None,,South,"Automobile, Station Wagon",Going Ahead,Driving Properly,Normal,,,,,,,,,Yes,,,,,Yes,,Yes,,,,1,West Humber-Clairville,1,West Humber-Clairville (1),D23,609625.7026,4844900.3237
3824,5407887,1059416,9/3/2008 8:00:00 AM,1900,ALBION RD,INDIAN LINE Aven W,,Major Arterial,Etobicoke York,43.749045,-79.63839,,No Control,Clear,Daylight,Dry,Non-Fatal Injury,Rear End,Passenger,40 to 44,Major,,,Other,,,,,,,,,,,,Yes,,,,,Yes,,Yes,,,,1,West Humber-Clairville,1,West Humber-Clairville (1),D23,609625.7026,4844900.3237
3825,5407888,1059416,9/3/2008 8:00:00 AM,1900,ALBION RD,INDIAN LINE Aven W,,Major Arterial,Etobicoke York,43.749045,-79.63839,,No Control,Clear,Daylight,Dry,Non-Fatal Injury,Rear End,Driver,25 to 29,Minor,,South,"Automobile, Station Wagon",Pulling Onto Shoulder or towardCurb,Following too Close,Normal,,,,,,,,,Yes,,,,,Yes,,Yes,,,,1,West Humber-Clairville,1,West Humber-Clairville (1),D23,609625.7026,4844900.3237
3826,5400540,1056407,9/3/2008 8:00:00 AM,1945,1420 VICTORIA PARK AVE,,,Major Arterial,North York,43.721245,-79.30119,,No Control,Clear,Daylight,Dry,Non-Fatal Injury,Pedestrian Collisions,Pedestrian,80 to 84,Major,,,Other,Unknown,,,Pedestrian hit at mid-block,"Crossing, no Traffic Control",Normal,,,,Yes,,Yes,,,,,,,Yes,,,,120,Clairlea-Birchmount,120,Clairlea-Birchmount (120),D41,636837.8459,4842314.2281
3827,5400541,1056407,9/3/2008 8:00:00 AM,1945,1420 VICTORIA PARK AVE,,,Major Arterial,North York,43.721245,-79.30119,,No Control,Clear,Daylight,Dry,Non-Fatal Injury,Pedestrian Collisions,Driver,45 to 49,None,,South,"Automobile, Station Wagon",Going Ahead,Failed to Yield Right of Way,Unknown,,,,,,,Yes,,Yes,,,,,,,Yes,,,,120,Clairlea-Birchmount,120,Clairlea-Birchmount (120),D41,636837.8459,4842314.2281
3828,5401661,1056886,9/4/2008 8:00:00 AM,1450,AVENUE RD,HEATH ST W,,Major Arterial,Toronto and East York,43.690043,-79.402889,,No Control,Clear,Daylight,Dry,Non-Fatal Injury,Cyclist Collisions,Driver,unknown,None,,South,"Automobile, Station Wagon",Changing Lanes,Improper Passing,Inattentive,,,,,,,,Yes,Yes,,,,Yes,,,Yes,,,,96,Casa Loma,96,Casa Loma (96),D53,628712.7483,4838685.9157
3829,5401662,1056886,9/4/2008 8:00:00 AM,1450,AVENUE RD,HEATH ST W,,Major Arterial,Toronto and East York,43.690043,-79.402889,,No Control,Clear,Daylight,Dry,Non-Fatal Injury,Cyclist Collisions,Vehicle Owner,unknown,,,,,,,,,,,,,,,Yes,Yes,,,,Yes,,,Yes,,,,96,Casa Loma,96,Casa Loma (96),D53,628712.7483,4838685.9157
3830,5401663,1056886,9/4/2008 8:00:00 AM,1450,AVENUE RD,HEATH ST W,,Major Arterial,Toronto and East York,43.690043,-79.402889,,No Control,Clear,Daylight,Dry,Non-Fatal Injury,Cyclist Collisions,Cyclist,35 to 39,Major,,East,Police Vehicle,Going Ahead,,,,,,Cyclist and Driver travelling in same direction. One vehicle sideswipes the other.,Driving Properly,Normal,,Yes,Yes,,,,Yes,,,Yes,,,,96,Casa Loma,96,Casa Loma (96),D53,628712.7483,4838685.9157
3831,5406739,1058925,9/4/2008 8:00:00 AM,2334,YONGE Stre,BREADALBANE Stre,,Major Arterial,Toronto and East York,43.663845,-79.38419,At Intersection,Stop Sign,Clear,Daylight,Dry,Non-Fatal Injury,Pedestrian Collisions,Vehicle Owner,unknown,,,,Other,,,,,,,,,,Yes,,Yes,,,,,,,Yes,,Yes,,169,Bay-Cloverhill,76,Bay Street Corridor (76),D52,630276.4162,4835805.466
3832,5406740,1058925,9/4/2008 8:00:00 AM,2334,YONGE Stre,BREADALBANE Stre,,Major Arterial,Toronto and East York,43.663845,-79.38419,At Intersection,Stop Sign,Clear,Daylight,Dry,Non-Fatal Injury,Pedestrian Collisions,Driver,20 to 24,None,,East,"Automobile, Station Wagon",Turning Left,Failed to Yield Right of Way,"Ability Impaired, Alcohol Over .08",,,,,,,Yes,,Yes,,,,,,,Yes,,Yes,,169,Bay-Cloverhill,76,Bay Street Corridor (76),D52,630276.4162,4835805.466
3833,5406741,1058925,9/4/2008 8:00:00 AM,2334,YONGE Stre,BREADALBANE Stre,,Major Arterial,Toronto and East York,43.663845,-79.38419,At Intersection,Stop Sign,Clear,Daylight,Dry,Non-Fatal Injury,Pedestrian Collisions,Pedestrian,35 to 39,Major,,East,Other,,,,Vehicle turns left while ped crosses with ROW at inter.,Crossing with right of way,Had Been Drinking,,,,Yes,,Yes,,,,,,,Yes,,Yes,,169,Bay-Cloverhill,76,Bay Street Corridor (76),D52,630276.4162,4835805.466
3834,5407061,1059047,9/6/2008 8:00:00 AM,610,BURNHAMTHORPE RD,THE WEST MALL,,Major Arterial,Etobicoke York,43.644545,-79.567188,At Intersection,Traffic Signal,Rain,Dark,Wet,Non-Fatal Injury,Pedestrian Collisions,Driver,45 to 49,None,,West,"Automobile, Station Wagon",Going Ahead,Driving Properly,Normal,,,,,,,Yes,,Yes,,,,,,,,,,,13,Etobicoke West Mall,13,Etobicoke West Mall (13),D22,615558.8926,4833390.8761
3835,5407062,1059047,9/6/2008 8:00:00 AM,610,BURNHAMTHORPE RD,THE WEST MALL,,Major Arterial,Etobicoke York,43.644545,-79.567188,At Intersection,Traffic Signal,Rain,Dark,Wet,Non-Fatal Injury,Pedestrian Collisions,Pedestrian,50 to 54,Major,,,Other,Other,,,Vehicle is going straight thru inter.while ped cross without ROW,Crossing without right of way,Inattentive,,,,Yes,,Yes,,,,,,,,,,,13,Etobicoke West Mall,13,Etobicoke West Mall (13),D22,615558.8926,4833390.8761
3836,5401044,1056625,9/6/2008 8:00:00 AM,1134,EGLINTON AVE W,ATLAS AVE,,Major Arterial,North York,43.698245,-79.43839,,No Control,Clear,Daylight,Dry,Non-Fatal Injury,Pedestrian Collisions,Driver,20 to 24,None,,East,"Automobile, Station Wagon",Going Ahead,Driving Properly,Normal,,,,,,,Yes,,Yes,,,,,,,,,,,107,Oakwood Village,107,Oakwood Village (107),D13,625834.5049,4839542.3696
3837,5401045,1056625,9/6/2008 8:00:00 AM,1134,EGLINTON AVE W,ATLAS AVE,,Major Arterial,North York,43.698245,-79.43839,,No Control,Clear,Daylight,Dry,Non-Fatal Injury,Pedestrian Collisions,Pedestrian,60 to 64,Major,,North,Other,,,,Pedestrian hit at mid-block,"Crossing, no Traffic Control",Inattentive,,,,Yes,,Yes,,,,,,,,,,,107,Oakwood Village,107,Oakwood Village (107),D13,625834.5049,4839542.3696
3838,5402155,1057099,9/8/2008 8:00:00 AM,859,VALHALLA INN RD,427 C N VALHALLA INN RAMP,,Collector,Etobicoke York,43.641045,-79.55969,,No Control,Clear,Daylight,Dry,Non-Fatal Injury,Pedestrian Collisions,Vehicle Owner,unknown,,,,Other,,,,,,,,,,Yes,,Yes,,,,,,,,,,,158,Islington,14,Islington-City Centre West (14),D22,616170.37,4833012.6242
3839,5402156,1057099,9/8/2008 8:00:00 AM,859,VALHALLA INN RD,427 C N VALHALLA INN RAMP,,Collector,Etobicoke York,43.641045,-79.55969,,No Control,Clear,Daylight,Dry,Non-Fatal Injury,Pedestrian Collisions,Driver,20 to 24,None,,East,"Automobile, Station Wagon",Going Ahead,Driving Properly,Normal,,,,,,,Yes,,Yes,,,,,,,,,,,158,Islington,14,Islington-City Centre West (14),D22,616170.37,4833012.6242
3840,5402157,1057099,9/8/2008 8:00:00 AM,859,VALHALLA INN RD,427 C N VALHALLA INN RAMP,,Collector,Etobicoke York,43.641045,-79.55969,,No Control,Clear,Daylight,Dry,Non-Fatal Injury,Pedestrian Collisions,Pedestrian,20 to 24,Major,,North,Other,,,,Pedestrian hit at mid-block,Running onto Roadway,Inattentive,,,,Yes,,Yes,,,,,,,,,,,158,Islington,14,Islington-City Centre West (14),D22,616170.37,4833012.6242
3841,5410784,1060729,9/8/2008 8:00:00 AM,1613,FINCH AVE W,KEELE ST,,Major Arterial,Etobicoke York,43.763545,-79.49089,At Intersection,Traffic Signal,Clear,Daylight,Dry,Non-Fatal Injury,Pedestrian Collisions,Vehicle Owner,unknown,,,,Other,,,,,,,,,,Yes,,Yes,,,,,,,,,,,27,York University Heights,27,York University Heights (27),D31,621471.9397,4846716.5302
3842,5410785,1060729,9/8/2008 8:00:00 AM,1613,FINCH AVE W,KEELE ST,,Major Arterial,Etobicoke York,43.763545,-79.49089,At Intersection,Traffic Signal,Clear,Daylight,Dry,Non-Fatal Injury,Pedestrian Collisions,Driver,20 to 24,None,,West,"Automobile, Station Wagon",Going Ahead,Driving Properly,Normal,,,,,,,Yes,,Yes,,,,,,,,,,,27,York University Heights,27,York University Heights (27),D31,621471.9397,4846716.5302
3843,5410786,1060729,9/8/2008 8:00:00 AM,1613,FINCH AVE W,KEELE ST,,Major Arterial,Etobicoke York,43.763545,-79.49089,At Intersection,Traffic Signal,Clear,Daylight,Dry,Non-Fatal Injury,Pedestrian Collisions,Pedestrian,45 to 49,Major,,South,Other,,,,Vehicle is going straight thru inter.while ped cross without ROW,"Crossing, no Traffic Control",Normal,,,,Yes,,Yes,,,,,,,,,,,27,York University Heights,27,York University Heights (27),D31,621471.9397,4846716.5302
3844,5402314,1057151,9/8/2008 8:00:00 AM,2150,MARKHAM RD,NASHDENE RD,,Major Arterial,Scarborough,43.819445,-79.24579,,No Control,Rain,Dark,Wet,Fatal,Pedestrian Collisions,Driver,25 to 29,None,,North,"Automobile, Station Wagon",Going Ahead,Driving Properly,Normal,,,,,,,Yes,,Yes,,,,,,,,,,,144,Morningside Heights,131,Rouge (131),D42,641069.255,4853313.838
3845,5402315,1057151,9/8/2008 8:00:00 AM,2150,MARKHAM RD,NASHDENE RD,,Major Arterial,Scarborough,43.819445,-79.24579,,No Control,Rain,Dark,Wet,Fatal,Pedestrian Collisions,Pedestrian,45 to 49,Fatal,38,West,Other,,,,Pedestrian hit at mid-block,Running onto Roadway,Unknown,,,,Yes,,Yes,,,,,,,,,,,144,Morningside Heights,131,Rouge (131),D42,641069.255,4853313.838
3846,5404090,1057892,9/10/2008 8:00:00 AM,806,TRETHEWEY DR,TEDDER ST,,Minor Arterial,Etobicoke York,43.697345,-79.49899,At Intersection,No Control,Clear,Daylight,Dry,Fatal,Cyclist Collisions,Driver,50 to 54,None,,East,"Automobile, Station Wagon",Turning Left,Failed to Yield Right of Way,Inattentive,,,,,,,,Yes,Yes,,,,,,Yes,Yes,,,,30,Brookhaven-Amesbury,30,Brookhaven-Amesbury (30),D12,620953.1256,4839352.2266
3847,5404091,1057892,9/10/2008 8:00:00 AM,806,TRETHEWEY DR,TEDDER ST,,Minor Arterial,Etobicoke York,43.697345,-79.49899,At Intersection,No Control,Clear,Daylight,Dry,Fatal,Cyclist Collisions,Cyclist,50 to 54,Fatal,39,West,Bicycle,,,,,,,Motorist turned left across cyclists path.,Driving Properly,Normal,,Yes,Yes,,,,,,Yes,Yes,,,,30,Brookhaven-Amesbury,30,Brookhaven-Amesbury (30),D12,620953.1256,4839352.2266
3848,5410888,1060768,9/10/2008 8:00:00 AM,2047,ST CLAIR Aven E,MIDLAND Aven,,Minor Arterial,Scarborough,43.718745,-79.25129,At Intersection,Traffic Signal,Clear,Daylight,Dry,Non-Fatal Injury,Cyclist Collisions,Driver,65 to 69,None,,South,"Automobile, Station Wagon",Turning Left,Failed to Yield Right of Way,Normal,,,,,,,,Yes,Yes,,,,,,,Yes,,,,122,Birchcliffe-Cliffside,123,Cliffcrest (123),D41,640863.1595,4842120.1699
3849,5410889,1060768,9/10/2008 8:00:00 AM,2047,ST CLAIR Aven E,MIDLAND Aven,,Minor Arterial,Scarborough,43.718745,-79.25129,At Intersection,Traffic Signal,Clear,Daylight,Dry,Non-Fatal Injury,Cyclist Collisions,Cyclist,55 to 59,Major,,North,Bicycle,Going Ahead,,,,,,Motorist turned left across cyclists path.,Other,Had Been Drinking,,Yes,Yes,,,,,,,Yes,,,,122,Birchcliffe-Cliffside,123,Cliffcrest (123),D41,640863.1595,4842120.1699
3850,5404162,1057921,9/10/2008 8:00:00 AM,2133,F G GARDINER XY Expr E,SPADINA AVE,,,Toronto and East York,43.637745,-79.39849,,No Control,Clear,Dark,Dry,Non-Fatal Injury,SMV Other,Driver,40 to 44,Major,,East,"Automobile, Station Wagon",Going Ahead,Lost control,Unknown,,,,,,,,,Yes,,,,,,,,,,,165,Harbourfront-CityPlace,77,Waterfront Communities-The Island (77),D14,629179.3942,4832884.3639
3851,5426827,1067813,9/11/2008 8:00:00 AM,1529,CARLTON ST,MUTUAL ST,,Major Arterial,Toronto and East York,43.662145,-79.37789,,No Control,Clear,Daylight,Dry,Non-Fatal Injury,Pedestrian Collisions,Driver,30 to 34,None,,West,"Automobile, Station Wagon",Going Ahead,Driving Properly,Normal,,,,,,,Yes,,Yes,,,,,,,,,,,168,Downtown Yonge East,75,Church-Yonge Corridor (75),D51,630788.0573,4835626.5704
3852,5426828,1067813,9/11/2008 8:00:00 AM,1529,CARLTON ST,MUTUAL ST,,Major Arterial,Toronto and East York,43.662145,-79.37789,,No Control,Clear,Daylight,Dry,Non-Fatal Injury,Pedestrian Collisions,Wheelchair,45 to 49,Major,,North,Other,,,,Vehicle is going straight thru inter.while ped cross without ROW,"Crossing, no Traffic Control",Medical or Physical Disability,,,,Yes,,Yes,,,,,,,,,,,168,Downtown Yonge East,75,Church-Yonge Corridor (75),D51,630788.0573,4835626.5704
3853,5414947,1062512,9/13/2008 8:00:00 AM,1450,ADELAIDE St E,POWER St,,Major Arterial,Toronto and East York,43.654345,-79.36229,,No Control,Clear,Daylight,Dry,Non-Fatal Injury,Cyclist Collisions,Cyclist,20 to 24,Major,,East,Bicycle,Going Ahead,,,,,,"Cyclist loses control and strikes object (pole, ttc track)",Lost control,Normal,,Yes,,,,,,,,,,,,73,Moss Park,73,Moss Park (73),D51,632062.9722,4834784.987
3854,5406056,1058658,9/14/2008 8:00:00 AM,2152,F G GARDINER Expr E,DON VALLEY PARKWAY  N,,,Toronto and East York,43.650945,-79.34839,,No Control,Rain,Dark,Wet,Non-Fatal Injury,SMV Other,Driver,30 to 34,Major,,East,"Automobile, Station Wagon",Going Ahead,Lost control,Normal,,,,,,,,,Yes,,,,,,,,,,,166,St Lawrence-East Bayfront-The Islands,77,Waterfront Communities-The Island (77),D51,633191.3799,4834429.5886
3855,5406057,1058659,9/14/2008 8:00:00 AM,2230,F G GARDINER Expr W,CHERRY Stre,,Major Arterial,Toronto and East York,43.649145,-79.35609,,No Control,Clear,Dark,Dry,Non-Fatal Injury,SMV Other,Driver,30 to 34,Major,,East,"Automobile, Station Wagon",Going Ahead,Lost control,Normal,,,,,,,,,Yes,,,,,,,,,,,166,St Lawrence-East Bayfront-The Islands,77,Waterfront Communities-The Island (77),D51,632574.3794,4834217.3446
3856,5418270,1064077,9/14/2008 8:00:00 AM,2300,SIMPSON AVE,BROADVIEW AVE,,Local,Toronto and East York,43.667145,-79.34859,,No Control,Rain,Dark,Wet,Non-Fatal Injury,Pedestrian Collisions,Driver,unknown,None,,West,"Automobile, Station Wagon",Going Ahead,Failed to Yield Right of Way,Normal,,,,,,,Yes,,Yes,,,,,,,Yes,,,,68,North Riverdale,68,North Riverdale (68),D55,633139.44,4836228.494
3857,5418271,1064077,9/14/2008 8:00:00 AM,2300,SIMPSON AVE,BROADVIEW AVE,,Local,Toronto and East York,43.667145,-79.34859,,No Control,Rain,Dark,Wet,Non-Fatal Injury,Pedestrian Collisions,Pedestrian,25 to 29,Major,,,Other,,,,Pedestrian hit at mid-block,"Crossing, no Traffic Control",Had Been Drinking,,,,Yes,,Yes,,,,,,,Yes,,,,68,North Riverdale,68,North Riverdale (68),D55,633139.44,4836228.494
3858,5406921,1058993,9/15/2008 8:00:00 AM,1003,261 FINCH Aven W,,,Major Arterial,North York,43.774545,-79.43839,,No Control,Clear,Daylight,Dry,Non-Fatal Injury,Angle,Driver,20 to 24,Major,,,"Automobile, Station Wagon",Changing Lanes,,,,,,,,,,,Yes,,,,,,,,,,,37,Willowdale West,37,Willowdale West (37),D32,625674.7883,4848016.5925
3859,5406897,1058981,9/15/2008 8:00:00 AM,2205,FINCH Aven W,BATHURST Stre,,Major Arterial,North York,43.773945,-79.44239,,,Other,Dark,Other,Non-Fatal Injury,SMV Other,Driver,20 to 24,Major,,,"Automobile, Station Wagon",Going Ahead,,,,,,,,,,,Yes,,,,,,,,,,,36,Newtonbrook West,36,Newtonbrook West (36),D32,625354.1283,4847943.8897
3860,5416579,1063278,9/16/2008 8:00:00 AM,1655,JANE St,HOMEVIEW Ave,,Major Arterial,Etobicoke York,43.668645,-79.49239,,No Control,Clear,Daylight,Dry,Non-Fatal Injury,Pedestrian Collisions,Vehicle Owner,unknown,,,,Other,,,,,,,,,,Yes,,,,,Yes,,,,,,,,111,Rockcliffe-Smythe,111,Rockcliffe-Smythe (111),D12,621542.9071,4836174.3552
3861,5416580,1063278,9/16/2008 8:00:00 AM,1655,JANE St,HOMEVIEW Ave,,Major Arterial,Etobicoke York,43.668645,-79.49239,,No Control,Clear,Daylight,Dry,Non-Fatal Injury,Pedestrian Collisions,Driver,50 to 54,None,,North,Municipal Transit Bus (TTC),Going Ahead,Driving Properly,Normal,,,,,,,Yes,,,,,Yes,,,,,,,,111,Rockcliffe-Smythe,111,Rockcliffe-Smythe (111),D12,621542.9071,4836174.3552
3862,5416581,1063278,9/16/2008 8:00:00 AM,1655,JANE St,HOMEVIEW Ave,,Major Arterial,Etobicoke York,43.668645,-79.49239,,No Control,Clear,Daylight,Dry,Non-Fatal Injury,Pedestrian Collisions,Pedestrian,15 to 19,Major,,West,Other,,,,Pedestrian involved in a collision with transit vehicle anywhere along roadway,On Sidewalk or Shoulder,Inattentive,,,,Yes,,,,,Yes,,,,,,,,111,Rockcliffe-Smythe,111,Rockcliffe-Smythe (111),D12,621542.9071,4836174.3552
3863,5407845,1059399,9/17/2008 8:00:00 AM,1838,KINGSTON RD,WOODBINE AVE,,Major Arterial,Toronto and East York,43.673945,-79.30789,At Intersection,Traffic Signal,Clear,Daylight,Dry,Fatal,Approaching,Vehicle Owner,unknown,,,,Other,,,,,,,,,,,,Yes,,Yes,,,,,,,,Yes,63,The Beaches,63,The Beaches (63),D55,636405.3742,4837049.8525
3864,5407846,1059399,9/17/2008 8:00:00 AM,1838,KINGSTON RD,WOODBINE AVE,,Major Arterial,Toronto and East York,43.673945,-79.30789,At Intersection,Traffic Signal,Clear,Daylight,Dry,Fatal,Approaching,Truck Driver,45 to 49,Fatal,40,West,Truck - Open,Going Ahead,Lost control,Medical or Physical Disability,,,,,,,,,Yes,,Yes,,,,,,,,Yes,63,The Beaches,63,The Beaches (63),D55,636405.3742,4837049.8525
3865,5407847,1059399,9/17/2008 8:00:00 AM,1838,KINGSTON RD,WOODBINE AVE,,Major Arterial,Toronto and East York,43.673945,-79.30789,At Intersection,Traffic Signal,Clear,Daylight,Dry,Fatal,Approaching,Vehicle Owner,unknown,,,,Other,,,,,,,,,,,,Yes,,Yes,,,,,,,,Yes,63,The Beaches,63,The Beaches (63),D55,636405.3742,4837049.8525
3866,5407848,1059399,9/17/2008 8:00:00 AM,1838,KINGSTON RD,WOODBINE AVE,,Major Arterial,Toronto and East York,43.673945,-79.30789,At Intersection,Traffic Signal,Clear,Daylight,Dry,Fatal,Approaching,Driver,50 to 54,None,,East,"Automobile, Station Wagon",Stopped,Driving Properly,Normal,,,,,,,,,Yes,,Yes,,,,,,,,Yes,63,The Beaches,63,The Beaches (63),D55,636405.3742,4837049.8525
3867,5414362,1062269,9/18/2008 8:00:00 AM,1620,BEVERLEY St,COLLEGE St,,Minor Arterial,Toronto and East York,43.657945,-79.39559,,No Control,Clear,Daylight,Dry,Non-Fatal Injury,Cyclist Collisions,Driver,55 to 59,None,,South,"Automobile, Station Wagon",Making U Turn,Failed to Yield Right of Way,Inattentive,,,,,,,,Yes,Yes,,,,,,,Yes,,,,78,Kensington-Chinatown,78,Kensington-Chinatown (78),D52,629369.9408,4835132.3546
3868,5414363,1062269,9/18/2008 8:00:00 AM,1620,BEVERLEY St,COLLEGE St,,Minor Arterial,Toronto and East York,43.657945,-79.39559,,No Control,Clear,Daylight,Dry,Non-Fatal Injury,Cyclist Collisions,Cyclist,30 to 34,Major,,South,Bicycle,Going Ahead,,,,,,Motorist makes u-turn in-front of cyclist.,Driving Properly,Normal,,Yes,Yes,,,,,,,Yes,,,,78,Kensington-Chinatown,78,Kensington-Chinatown (78),D52,629369.9408,4835132.3546
3869,5418893,1064337,9/19/2008 8:00:00 AM,840,SILVERSTONE DR,MARTIN GROVE RD,,Minor Arterial,Etobicoke York,43.750845,-79.59859,At Intersection,Traffic Signal,Clear,Daylight,Dry,Non-Fatal Injury,Pedestrian Collisions,Driver,unknown,None,,West,"Automobile, Station Wagon",Turning Left,Failed to Yield Right of Way,Unknown,,,,,,,Yes,,Yes,,,,,,,Yes,,,,1,West Humber-Clairville,1,West Humber-Clairville (1),D23,612826.7108,4845153.6781
3870,5418894,1064337,9/19/2008 8:00:00 AM,840,SILVERSTONE DR,MARTIN GROVE RD,,Minor Arterial,Etobicoke York,43.750845,-79.59859,At Intersection,Traffic Signal,Clear,Daylight,Dry,Non-Fatal Injury,Pedestrian Collisions,Pedestrian,10 to 14,Major,,East,Other,,,,Vehicle turns left while ped crosses with ROW at inter.,Crossing with right of way,Normal,,,,Yes,,Yes,,,,,,,Yes,,,,1,West Humber-Clairville,1,West Humber-Clairville (1),D23,612826.7108,4845153.6781
3871,5415119,1062586,9/20/2008 8:00:00 AM,1025,ISLINGTON AVE,DIXON RD,,Major Arterial,Etobicoke York,43.697045,-79.54669,,No Control,Clear,Daylight,Dry,Non-Fatal Injury,Rear End,Driver,55 to 59,Minimal,,South,"Automobile, Station Wagon",Going Ahead,Following too Close,Normal,,,,,,,,,Yes,,,,,,,Yes,,,,6,Kingsview Village-The Westway,6,Kingsview Village-The Westway (6),D23,617109.9585,4839250.4313
3872,5415120,1062586,9/20/2008 8:00:00 AM,1025,ISLINGTON AVE,DIXON RD,,Major Arterial,Etobicoke York,43.697045,-79.54669,,No Control,Clear,Daylight,Dry,Non-Fatal Injury,Rear End,Driver,45 to 49,Major,,South,"Automobile, Station Wagon",Slowing or Stopping,Driving Properly,Normal,,,,,,,,,Yes,,,,,,,Yes,,,,6,Kingsview Village-The Westway,6,Kingsview Village-The Westway (6),D23,617109.9585,4839250.4313
3873,5421518,1065436,9/21/2008 8:00:00 AM,2021,BATHURST ST,BRIAR HILL AVE,,Major Arterial,North York,43.707945,-79.42709,,Traffic Signal,Clear,Dark,Dry,Non-Fatal Injury,Turning Movement,Driver,65 to 69,Major,,South,"Automobile, Station Wagon",Going Ahead,Driving Properly,Normal,,,,,,,,,Yes,,,,,,,,,Yes,,102,Forest Hill North,102,Forest Hill North (102),D13,626724.628,4840636.9017
3874,5421519,1065436,9/21/2008 8:00:00 AM,2021,BATHURST ST,BRIAR HILL AVE,,Major Arterial,North York,43.707945,-79.42709,,Traffic Signal,Clear,Dark,Dry,Non-Fatal Injury,Turning Movement,Driver,80 to 84,None,,West,"Automobile, Station Wagon",Turning Right,Improper Turn,"Ability Impaired, Alcohol",,,,,,,,,Yes,,,,,,,,,Yes,,102,Forest Hill North,102,Forest Hill North (102),D13,626724.628,4840636.9017
3875,5421633,1065481,9/22/2008 8:00:00 AM,1305,ROWATSON RD,FAREHAM CRES,,Local,Scarborough,43.748245,-79.20289,,No Control,Clear,Daylight,Dry,Non-Fatal Injury,Pedestrian Collisions,Driver,75 to 79,None,,South,"Automobile, Station Wagon",Going Ahead,Failed to Yield Right of Way,Inattentive,,,,,,,Yes,,Yes,,,,,,,Yes,,,,140,Guildwood,140,Guildwood (140),D43,644690.8896,4845479.9937
3876,5421634,1065481,9/22/2008 8:00:00 AM,1305,ROWATSON RD,FAREHAM CRES,,Local,Scarborough,43.748245,-79.20289,,No Control,Clear,Daylight,Dry,Non-Fatal Injury,Pedestrian Collisions,Pedestrian,65 to 69,Major,,,Other,,,,Pedestrian hit at mid-block,Other,Normal,,,,Yes,,Yes,,,,,,,Yes,,,,140,Guildwood,140,Guildwood (140),D43,644690.8896,4845479.9937