OBJECTID,INDEX,ACCNUM,DATE,TIME,STREET1,STREET2,OFFSET,ROAD_CLASS,DISTRICT,LATITUDE,LONGITUDE,ACCLOC,TRAFFCTL,VISIBILITY,LIGHT,RDSFCOND,ACCLASS,IMPACTYPE,INVTYPE,INVAGE,INJURY,FATAL_NO,INITDIR,VEHTYPE,MANOEUVER,DRIVACT,DRIVCOND,PEDTYPE,PEDACT,PEDCOND,CYCLISTYPE,CYCACT,CYCCOND,PEDESTRIAN,CYCLIST,AUTOMOBILE,MOTORCYCLE,TRUCK,TRSN_CITY_VEH,EMERG_VEH,PASSENGER,SPEEDING,AG_DRIV,REDLIGHT,ALCOHOL,DISABILITY,HOOD_158,NEIGHBOURHOOD_158,HOOD_140,NEIGHBOURHOOD_140,DIVISION,x,y
3940,5418146,1064016,10/8/2008 8:00:00 AM,1600,ELIZABETH Stre,GERRARD Stre W,,Minor Arterial,Toronto and East York,43.658145,-79.38639,,No Control,Rain,Daylight,Wet,Non-Fatal Injury,Approaching,Vehicle Owner,unknown,None,,,Other,Parked,,,,,,,,,,,Yes,,,,,,,,,,,170,Yonge-Bay Corridor,76,Bay Street Corridor (76),D52,630111.349,4835168.9529
3941,5424657,1066823,10/10/2008 8:00:00 AM,1013,DIXON RD,KIPLING AVE,,Major Arterial,Etobicoke York,43.694245,-79.55859,,Traffic Signal,Clear,Daylight,Dry,Non-Fatal Injury,Turning Movement,Driver,60 to 64,Major,,North,"Automobile, Station Wagon",Turning Left,Improper Turn,Normal,,,,,,,,,Yes,,,,,,,Yes,,,,6,Kingsview Village-The Westway,6,Kingsview Village-The Westway (6),D23,616156.4368,4838922.7152
3942,5424658,1066823,10/10/2008 8:00:00 AM,1013,DIXON RD,KIPLING AVE,,Major Arterial,Etobicoke York,43.694245,-79.55859,,Traffic Signal,Clear,Daylight,Dry,Non-Fatal Injury,Turning Movement,Vehicle Owner,unknown,,,,Other,,,,,,,,,,,,Yes,,,,,,,Yes,,,,6,Kingsview Village-The Westway,6,Kingsview Village-The Westway (6),D23,616156.4368,4838922.7152
3943,5424659,1066823,10/10/2008 8:00:00 AM,1013,DIXON RD,KIPLING AVE,,Major Arterial,Etobicoke York,43.694245,-79.55859,,Traffic Signal,Clear,Daylight,Dry,Non-Fatal Injury,Turning Movement,Driver,50 to 54,None,,West,Pick Up Truck,Going Ahead,Failed to Yield Right of Way,Normal,,,,,,,,,Yes,,,,,,,Yes,,,,6,Kingsview Village-The Westway,6,Kingsview Village-The Westway (6),D23,616156.4368,4838922.7152
3944,5417990,1063951,10/13/2008 8:00:00 AM,145,EGLINTON Ave E,MIDLAND Ave,,Major Arterial,Scarborough,43.734545,-79.25809,At Intersection,Traffic Signal,Clear,Dark,Dry,Non-Fatal Injury,Angle,Vehicle Owner,unknown,,,,Other,,,,,,,,,,,,Yes,,,,,,,Yes,Yes,,,138,Eglinton East,138,Eglinton East (138),D41,640278.507,4843863.4585
3945,5417991,1063951,10/13/2008 8:00:00 AM,145,EGLINTON Ave E,MIDLAND Ave,,Major Arterial,Scarborough,43.734545,-79.25809,At Intersection,Traffic Signal,Clear,Dark,Dry,Non-Fatal Injury,Angle,Driver,30 to 34,None,,West,"Automobile, Station Wagon",Going Ahead,Driving Properly,Normal,,,,,,,,,Yes,,,,,,,Yes,Yes,,,138,Eglinton East,138,Eglinton East (138),D41,640278.507,4843863.4585
3946,5417992,1063951,10/13/2008 8:00:00 AM,145,EGLINTON Ave E,MIDLAND Ave,,Major Arterial,Scarborough,43.734545,-79.25809,At Intersection,Traffic Signal,Clear,Dark,Dry,Non-Fatal Injury,Angle,Vehicle Owner,unknown,,,,Other,,,,,,,,,,,,Yes,,,,,,,Yes,Yes,,,138,Eglinton East,138,Eglinton East (138),D41,640278.507,4843863.4585
3947,5417993,1063951,10/13/2008 8:00:00 AM,145,EGLINTON Ave E,MIDLAND Ave,,Major Arterial,Scarborough,43.734545,-79.25809,At Intersection,Traffic Signal,Clear,Dark,Dry,Non-Fatal Injury,Angle,Driver,35 to 39,Major,,South,"Automobile, Station Wagon",Going Ahead,Disobeyed Traffic Control,Unknown,,,,,,,,,Yes,,,,,,,Yes,Yes,,,138,Eglinton East,138,Eglinton East (138),D41,640278.507,4843863.4585
3948,5421298,1065334,10/14/2008 8:00:00 AM,2207,KIPLING AVE,BURNHAMTHORPE RD,,Major Arterial,Etobicoke York,43.650945,-79.53939,At Intersection,Traffic Signal,Clear,Dark,Dry,Non-Fatal Injury,Pedestrian Collisions,Driver,unknown,None,,East,"Automobile, Station Wagon",Turning Right,Failed to Yield Right of Way,Unknown,,,,,,,Yes,,Yes,,,,,,,Yes,,,,158,Islington,14,Islington-City Centre West (14),D22,617788.36,4834140.7564
3949,5421299,1065334,10/14/2008 8:00:00 AM,2207,KIPLING AVE,BURNHAMTHORPE RD,,Major Arterial,Etobicoke York,43.650945,-79.53939,At Intersection,Traffic Signal,Clear,Dark,Dry,Non-Fatal Injury,Pedestrian Collisions,Pedestrian,80 to 84,Major,,East,Other,,,,Vehicle turns right while ped crosses with ROW at inter.,Crossing with right of way,Normal,,,,Yes,,Yes,,,,,,,Yes,,,,158,Islington,14,Islington-City Centre West (14),D22,617788.36,4834140.7564
3950,5419805,1064702,10/16/2008 8:00:00 AM,1150,LAWRENCE AVE E,MIDLAND AVE,,Major Arterial,Scarborough,43.751545,-79.26509,At Intersection,Traffic Signal,Other,Daylight,Dry,Non-Fatal Injury,Pedestrian Collisions,Vehicle Owner,unknown,,,,Other,,,,,,,,,,Yes,,,,Yes,,,,,Yes,,,,126,Dorset Park,126,Dorset Park (126),D41,639675.2383,4845739.7369
3951,5419806,1064702,10/16/2008 8:00:00 AM,1150,LAWRENCE AVE E,MIDLAND AVE,,Major Arterial,Scarborough,43.751545,-79.26509,At Intersection,Traffic Signal,Other,Daylight,Dry,Non-Fatal Injury,Pedestrian Collisions,Truck Driver,45 to 49,None,,South,Truck - Open,Turning Right,Failed to Yield Right of Way,Normal,,,,,,,Yes,,,,Yes,,,,,Yes,,,,126,Dorset Park,126,Dorset Park (126),D41,639675.2383,4845739.7369
3952,5419807,1064702,10/16/2008 8:00:00 AM,1150,LAWRENCE AVE E,MIDLAND AVE,,Major Arterial,Scarborough,43.751545,-79.26509,At Intersection,Traffic Signal,Other,Daylight,Dry,Non-Fatal Injury,Pedestrian Collisions,Pedestrian,35 to 39,Major,,South,Other,,,,Vehicle turns right while ped crosses with ROW at inter.,Crossing with right of way,Normal,,,,Yes,,,,Yes,,,,,Yes,,,,126,Dorset Park,126,Dorset Park (126),D41,639675.2383,4845739.7369
3953,5428115,1068411,10/16/2008 8:00:00 AM,1748,YONGE ST,CHURCHILL AVE,,Major Arterial,North York,43.774145,-79.41409,At Intersection,No Control,Clear,Daylight,Dry,Non-Fatal Injury,Cyclist Collisions,Driver,45 to 49,None,,South,"Automobile, Station Wagon",Changing Lanes,Improper Lane Change,Normal,,,,,,,,Yes,Yes,,,,,,,,,,,151,Yonge-Doris,51,Willowdale East (51),D32,627631.2647,4848009.3375
3954,5428116,1068411,10/16/2008 8:00:00 AM,1748,YONGE ST,CHURCHILL AVE,,Major Arterial,North York,43.774145,-79.41409,At Intersection,No Control,Clear,Daylight,Dry,Non-Fatal Injury,Cyclist Collisions,Cyclist,30 to 34,Major,,South,Bicycle,Going Ahead,,,,,,Cyclist and Driver travelling in same direction. One vehicle sideswipes the other.,Driving Properly,Normal,,Yes,Yes,,,,,,,,,,,151,Yonge-Doris,51,Willowdale East (51),D32,627631.2647,4848009.3375
3955,5428066,1068386,10/16/2008 8:00:00 AM,1905,BIRCHMOUNT RD,ALLANFORD RD,,Major Arterial,Scarborough,43.774245,-79.29509,At Intersection,Traffic Signal,Clear,Dark,Dry,Non-Fatal Injury,Pedestrian Collisions,Driver,50 to 54,None,,North,"Automobile, Station Wagon",Turning Left,Failed to Yield Right of Way,Inattentive,,,,,,,Yes,,Yes,,,,,,,Yes,,,,118,Tam O'Shanter-Sullivan,118,Tam O'Shanter-Sullivan (118),D42,637208.0464,4848210.7677
3956,5428067,1068386,10/16/2008 8:00:00 AM,1905,BIRCHMOUNT RD,ALLANFORD RD,,Major Arterial,Scarborough,43.774245,-79.29509,At Intersection,Traffic Signal,Clear,Dark,Dry,Non-Fatal Injury,Pedestrian Collisions,Pedestrian,45 to 49,Major,,,Other,,,,Vehicle turns left while ped crosses with ROW at inter.,Crossing with right of way,Normal,,,,Yes,,Yes,,,,,,,Yes,,,,118,Tam O'Shanter-Sullivan,118,Tam O'Shanter-Sullivan (118),D42,637208.0464,4848210.7677
3957,5428681,1068648,10/17/2008 8:00:00 AM,1219,KINGSTON RD,GALLOWAY RD,,Major Arterial,Scarborough,43.762045,-79.19469,At Intersection,Traffic Signal,Clear,Daylight,Dry,Non-Fatal Injury,Angle,Passenger,20 to 24,Major,,,Other,,,,,,,,,,,,Yes,,,,,Yes,,Yes,Yes,,,136,West Hill,136,West Hill (136),D43,645317.6958,4847027.0541
3958,5428682,1068648,10/17/2008 8:00:00 AM,1219,KINGSTON RD,GALLOWAY RD,,Major Arterial,Scarborough,43.762045,-79.19469,At Intersection,Traffic Signal,Clear,Daylight,Dry,Non-Fatal Injury,Angle,Driver,20 to 24,Major,,East,"Automobile, Station Wagon",Going Ahead,Driving Properly,Normal,,,,,,,,,Yes,,,,,Yes,,Yes,Yes,,,136,West Hill,136,West Hill (136),D43,645317.6958,4847027.0541
3959,5428683,1068648,10/17/2008 8:00:00 AM,1219,KINGSTON RD,GALLOWAY RD,,Major Arterial,Scarborough,43.762045,-79.19469,At Intersection,Traffic Signal,Clear,Daylight,Dry,Non-Fatal Injury,Angle,Driver,50 to 54,None,,North,"Automobile, Station Wagon",Going Ahead,Disobeyed Traffic Control,Normal,,,,,,,,,Yes,,,,,Yes,,Yes,Yes,,,136,West Hill,136,West Hill (136),D43,645317.6958,4847027.0541
3960,5428684,1068648,10/17/2008 8:00:00 AM,1219,KINGSTON RD,GALLOWAY RD,,Major Arterial,Scarborough,43.762045,-79.19469,At Intersection,Traffic Signal,Clear,Daylight,Dry,Non-Fatal Injury,Angle,Other Property Owner,unknown,,,,Other,,,,,,,,,,,,Yes,,,,,Yes,,Yes,Yes,,,136,West Hill,136,West Hill (136),D43,645317.6958,4847027.0541
3961,5428685,1068648,10/17/2008 8:00:00 AM,1219,KINGSTON RD,GALLOWAY RD,,Major Arterial,Scarborough,43.762045,-79.19469,At Intersection,Traffic Signal,Clear,Daylight,Dry,Non-Fatal Injury,Angle,Other Property Owner,unknown,,,,Other,,,,,,,,,,,,Yes,,,,,Yes,,Yes,Yes,,,136,West Hill,136,West Hill (136),D43,645317.6958,4847027.0541
3962,5420531,1064977,10/17/2008 8:00:00 AM,1755,LUMSDEN AVE,GLEDHILL AVE,,Minor Arterial,Toronto and East York,43.693645,-79.31159,At Intersection,Pedestrian Crossover,Clear,Daylight,Dry,Fatal,Pedestrian Collisions,Driver,80 to 84,None,,West,"Automobile, Station Wagon",Going Ahead,Failed to Yield Right of Way,Had Been Drinking,,,,,,,Yes,,Yes,,,,,,,Yes,,,,60,Woodbine-Lumsden,60,Woodbine-Lumsden (60),D55,636062.5595,4839231.7333
3963,5420532,1064977,10/17/2008 8:00:00 AM,1755,LUMSDEN AVE,GLEDHILL AVE,,Minor Arterial,Toronto and East York,43.693645,-79.31159,At Intersection,Pedestrian Crossover,Clear,Daylight,Dry,Fatal,Pedestrian Collisions,Pedestrian,70 to 74,Fatal,46,South,Other,,,,Pedestrian hit a PXO/ped. Mid-block signal,"Crossing, Pedestrian Crossover",Normal,,,,Yes,,Yes,,,,,,,Yes,,,,60,Woodbine-Lumsden,60,Woodbine-Lumsden (60),D55,636062.5595,4839231.7333
3964,5420533,1064978,10/17/2008 8:00:00 AM,1956,KEELE ST,VICTORY DR,,Major Arterial,North York,43.728545,-79.48249,,No Control,Clear,Dark,Dry,Non-Fatal Injury,Pedestrian Collisions,Pedestrian,40 to 44,Major,,,Other,,,,Vehicle is going straight thru inter.while ped cross without ROW,"Crossing, no Traffic Control",Normal,,,,Yes,,Yes,,,,,,,,,,,155,Downsview,26,Downsview-Roding-CFB (26),D31,622219.2886,4842841.6248
3965,5420534,1064978,10/17/2008 8:00:00 AM,1956,KEELE ST,VICTORY DR,,Major Arterial,North York,43.728545,-79.48249,,No Control,Clear,Dark,Dry,Non-Fatal Injury,Pedestrian Collisions,Driver,25 to 29,None,,North,"Automobile, Station Wagon",Going Ahead,Driving Properly,Normal,,,,,,,Yes,,Yes,,,,,,,,,,,155,Downsview,26,Downsview-Roding-CFB (26),D31,622219.2886,4842841.6248
3966,5420711,1065056,10/18/2008 8:00:00 AM,915,STEELES AVE E,WILLOWDALE AVE,,Major Arterial,North York,43.799245,-79.41449,,Traffic Signal,Clear,Daylight,Other,Non-Fatal Injury,Pedestrian Collisions,Vehicle Owner,unknown,,,,Other,,,,,,,,,,Yes,,Yes,,,,,,,Yes,,,,50,Newtonbrook East,NSA,NSA,D32,627545.6781,4850796.4647
3967,5420712,1065056,10/18/2008 8:00:00 AM,915,STEELES AVE E,WILLOWDALE AVE,,Major Arterial,North York,43.799245,-79.41449,,Traffic Signal,Clear,Daylight,Other,Non-Fatal Injury,Pedestrian Collisions,Driver,50 to 54,None,,South,"Automobile, Station Wagon",Turning Left,Failed to Yield Right of Way,Inattentive,,,,,,,Yes,,Yes,,,,,,,Yes,,,,50,Newtonbrook East,NSA,NSA,D32,627545.6781,4850796.4647
3968,5420713,1065056,10/18/2008 8:00:00 AM,915,STEELES AVE E,WILLOWDALE AVE,,Major Arterial,North York,43.799245,-79.41449,,Traffic Signal,Clear,Daylight,Other,Non-Fatal Injury,Pedestrian Collisions,Pedestrian,75 to 79,Major,,North,Other,,,,Vehicle turns left while ped crosses with ROW at inter.,Crossing with right of way,Normal,,,,Yes,,Yes,,,,,,,Yes,,,,50,Newtonbrook East,NSA,NSA,D32,627545.6781,4850796.4647
3969,5420894,1065135,10/18/2008 8:00:00 AM,1315,BAYVIEW BLOOR S RAMP N,BLOOR RAMP,,,Toronto and East York,43.678245,-79.36889,,No Control,Clear,Daylight,Dry,Fatal,Approaching,Passenger,50 to 54,None,,,Other,,,,,,,,,,,,Yes,Yes,,,,Yes,,,,,,98,Rosedale-Moore Park,98,Rosedale-Moore Park (98),D53,631478.5607,4837428.9199
3970,5420895,1065135,10/18/2008 8:00:00 AM,1315,BAYVIEW BLOOR S RAMP N,BLOOR RAMP,,,Toronto and East York,43.678245,-79.36889,,No Control,Clear,Daylight,Dry,Fatal,Approaching,Passenger,50 to 54,None,,,Other,,,,,,,,,,,,Yes,Yes,,,,Yes,,,,,,98,Rosedale-Moore Park,98,Rosedale-Moore Park (98),D53,631478.5607,4837428.9199
3971,5420896,1065135,10/18/2008 8:00:00 AM,1315,BAYVIEW BLOOR S RAMP N,BLOOR RAMP,,,Toronto and East York,43.678245,-79.36889,,No Control,Clear,Daylight,Dry,Fatal,Approaching,Driver,25 to 29,None,,West,"Automobile, Station Wagon",Going Ahead,Driving Properly,Normal,,,,,,,,,Yes,Yes,,,,Yes,,,,,,98,Rosedale-Moore Park,98,Rosedale-Moore Park (98),D53,631478.5607,4837428.9199
3972,5420897,1065135,10/18/2008 8:00:00 AM,1315,BAYVIEW BLOOR S RAMP N,BLOOR RAMP,,,Toronto and East York,43.678245,-79.36889,,No Control,Clear,Daylight,Dry,Fatal,Approaching,Motorcycle Driver,30 to 34,Fatal,45,East,Motorcycle,Going Ahead,Lost control,Unknown,,,,,,,,,Yes,Yes,,,,Yes,,,,,,98,Rosedale-Moore Park,98,Rosedale-Moore Park (98),D53,631478.5607,4837428.9199
3973,5420898,1065135,10/18/2008 8:00:00 AM,1315,BAYVIEW BLOOR S RAMP N,BLOOR RAMP,,,Toronto and East York,43.678245,-79.36889,,No Control,Clear,Daylight,Dry,Fatal,Approaching,Driver,20 to 24,None,,West,"Automobile, Station Wagon",Going Ahead,Driving Properly,Normal,,,,,,,,,Yes,Yes,,,,Yes,,,,,,98,Rosedale-Moore Park,98,Rosedale-Moore Park (98),D53,631478.5607,4837428.9199
3974,5429720,1069132,10/18/2008 8:00:00 AM,1500,STEELES AVE E,FENTON RD,,Major Arterial,Scarborough,43.827245,-79.29169,At Intersection,Traffic Signal,Clear,Daylight,Dry,Non-Fatal Injury,Cyclist Collisions,Vehicle Owner,unknown,,,,Other,,,,,,,,,,,Yes,Yes,,,,,,,Yes,,,,130,Milliken,130,Milliken (130),D42,637360.1596,4854102.9077
3975,5429721,1069132,10/18/2008 8:00:00 AM,1500,STEELES AVE E,FENTON RD,,Major Arterial,Scarborough,43.827245,-79.29169,At Intersection,Traffic Signal,Clear,Daylight,Dry,Non-Fatal Injury,Cyclist Collisions,Driver,45 to 49,None,,South,"Automobile, Station Wagon",Turning Right,Failed to Yield Right of Way,Inattentive,,,,,,,,Yes,Yes,,,,,,,Yes,,,,130,Milliken,130,Milliken (130),D42,637360.1596,4854102.9077
3976,5429722,1069132,10/18/2008 8:00:00 AM,1500,STEELES AVE E,FENTON RD,,Major Arterial,Scarborough,43.827245,-79.29169,At Intersection,Traffic Signal,Clear,Daylight,Dry,Non-Fatal Injury,Cyclist Collisions,Cyclist,65 to 69,Major,,South,Bicycle,Going Ahead,,,,,,Motorist turning right on red at signalized intersection strikes cyclist.,Driving Properly,Normal,,Yes,Yes,,,,,,,Yes,,,,130,Milliken,130,Milliken (130),D42,637360.1596,4854102.9077
3977,5420917,1065143,10/19/2008 8:00:00 AM,220,BATHURST ST,MELROSE AVE,,Major Arterial,North York,43.727345,-79.43159,,No Control,Clear,Dark,Dry,Non-Fatal Injury,Pedestrian Collisions,Pedestrian,30 to 34,Major,,East,Other,,,,Vehicle is going straight thru inter.while ped cross without ROW,"Crossing, no Traffic Control",Had Been Drinking,,,,Yes,,,,,,,,,,,,,39,Bedford Park-Nortown,39,Bedford Park-Nortown (39),D32,626321.3009,4842784.6779
3978,5420909,1065141,10/19/2008 8:00:00 AM,850,MCCOWAN RD,401 C E MCCOWAN RD RAMP,,Major Arterial,Scarborough,43.779545,-79.25419,At Intersection,Traffic Signal,Clear,Daylight,Dry,Non-Fatal Injury,Pedestrian Collisions,Truck Driver,55 to 59,None,,South,Truck - Open,Going Ahead,Speed too Fast For Condition,Inattentive,,,,,,,Yes,,,,Yes,,,,Yes,Yes,,,,142,Woburn North,137,Woburn (137),D43,640487.2281,4848868.0101
3979,5420910,1065141,10/19/2008 8:00:00 AM,850,MCCOWAN RD,401 C E MCCOWAN RD RAMP,,Major Arterial,Scarborough,43.779545,-79.25419,At Intersection,Traffic Signal,Clear,Daylight,Dry,Non-Fatal Injury,Pedestrian Collisions,Other,60 to 64,,,South,Other,Parked,,,,,,,,,Yes,,,,Yes,,,,Yes,Yes,,,,142,Woburn North,137,Woburn (137),D43,640487.2281,4848868.0101
3980,5420911,1065141,10/19/2008 8:00:00 AM,850,MCCOWAN RD,401 C E MCCOWAN RD RAMP,,Major Arterial,Scarborough,43.779545,-79.25419,At Intersection,Traffic Signal,Clear,Daylight,Dry,Non-Fatal Injury,Pedestrian Collisions,Pedestrian,60 to 64,Major,,Unknown,Other,,,,Other / Undefined,Pushing/Working on Vehicle,Unknown,,,,Yes,,,,Yes,,,,Yes,Yes,,,,142,Woburn North,137,Woburn (137),D43,640487.2281,4848868.0101
3981,5429894,1069209,10/21/2008 8:00:00 AM,400,JANE ST,SHEPPARD AVE W,,Major Arterial,Etobicoke York,43.739345,-79.51319,At Intersection,Traffic Signal,Rain,Dark,Wet,Non-Fatal Injury,SMV Other,Vehicle Owner,unknown,,,,Taxi,,,,,,,,,,,,Yes,,,,,,,,,,Yes,25,Glenfield-Jane Heights,25,Glenfield-Jane Heights (25),D31,619725.1876,4843996.2991
3982,5429895,1069209,10/21/2008 8:00:00 AM,400,JANE ST,SHEPPARD AVE W,,Major Arterial,Etobicoke York,43.739345,-79.51319,At Intersection,Traffic Signal,Rain,Dark,Wet,Non-Fatal Injury,SMV Other,Driver,60 to 64,Major,,South,Other,Reversing,Lost control,Medical or Physical Disability,,,,,,,,,Yes,,,,,,,,,,Yes,25,Glenfield-Jane Heights,25,Glenfield-Jane Heights (25),D31,619725.1876,4843996.2991
3983,5421905,1065595,10/21/2008 8:00:00 AM,545,HIGHWAY 27 Ramp S,27 S DIXON W RAMP,,Major Arterial,Etobicoke York,43.690045,-79.58279,,No Control,Clear,Dark,Dry,Fatal,SMV Other,Vehicle Owner,unknown,,,,Other,,,,,,,,,,,,,,Yes,,,,Yes,Yes,,,,1,West Humber-Clairville,1,West Humber-Clairville (1),D23,614214.2309,4838422.6345
3984,5421906,1065595,10/21/2008 8:00:00 AM,545,HIGHWAY 27 Ramp S,27 S DIXON W RAMP,,Major Arterial,Etobicoke York,43.690045,-79.58279,,No Control,Clear,Dark,Dry,Fatal,SMV Other,Truck Driver,20 to 24,Fatal,47,South,Truck - Open,Going Ahead,Exceeding Speed Limit,Normal,,,,,,,,,,,Yes,,,,Yes,Yes,,,,1,West Humber-Clairville,1,West Humber-Clairville (1),D23,614214.2309,4838422.6345
3985,5430298,1069392,10/21/2008 8:00:00 AM,1520,GRENVIEW BLVD S,MEADOWVALE DR,,Local,Etobicoke York,43.646445,-79.50729,,No Control,Clear,Daylight,Dry,Non-Fatal Injury,Pedestrian Collisions,Vehicle Owner,unknown,,,,Other,,,,,,,,,,Yes,,,,Yes,,,,,Yes,,,,16,Stonegate-Queensway,16,Stonegate-Queensway (16),D22,620386.0197,4833687.0363
3986,5430299,1069392,10/21/2008 8:00:00 AM,1520,GRENVIEW BLVD S,MEADOWVALE DR,,Local,Etobicoke York,43.646445,-79.50729,,No Control,Clear,Daylight,Dry,Non-Fatal Injury,Pedestrian Collisions,Truck Driver,35 to 39,None,,South,Truck - Open,Going Ahead,Failed to Yield Right of Way,Normal,,,,,,,Yes,,,,Yes,,,,,Yes,,,,16,Stonegate-Queensway,16,Stonegate-Queensway (16),D22,620386.0197,4833687.0363
3987,5430300,1069392,10/21/2008 8:00:00 AM,1520,GRENVIEW BLVD S,MEADOWVALE DR,,Local,Etobicoke York,43.646445,-79.50729,,No Control,Clear,Daylight,Dry,Non-Fatal Injury,Pedestrian Collisions,Pedestrian,60 to 64,Major,,South,Other,,,,Pedestrian hit on sidewalk or shoulder,On Sidewalk or Shoulder,Normal,,,,Yes,,,,Yes,,,,,Yes,,,,16,Stonegate-Queensway,16,Stonegate-Queensway (16),D22,620386.0197,4833687.0363
3988,5421845,1065571,10/22/2008 8:00:00 AM,231,BLOOR ST W,WILLARD AVE,,Major Arterial,Toronto and East York,43.649945,-79.48179,At Intersection,No Control,Clear,Dark,Dry,Non-Fatal Injury,SMV Other,Passenger,70 to 74,None,,,Other,,,,,,,,,,,,Yes,,,,,Yes,,,,,Yes,89,Runnymede-Bloor West Village,89,Runnymede-Bloor West Village (89),D11,622435.4839,4834113.0614
3989,5421846,1065571,10/22/2008 8:00:00 AM,231,BLOOR ST W,WILLARD AVE,,Major Arterial,Toronto and East York,43.649945,-79.48179,At Intersection,No Control,Clear,Dark,Dry,Non-Fatal Injury,SMV Other,Driver,75 to 79,Major,,East,"Automobile, Station Wagon",Going Ahead,Lost control,Medical or Physical Disability,,,,,,,,,Yes,,,,,Yes,,,,,Yes,89,Runnymede-Bloor West Village,89,Runnymede-Bloor West Village (89),D11,622435.4839,4834113.0614
3990,5430668,1069547,10/22/2008 8:00:00 AM,1927,COXWELL AVE,COSBURN AVE,,Minor Arterial,Toronto and East York,43.694145,-79.32799,At Intersection,Traffic Signal,Clear,Dark,Dry,Non-Fatal Injury,Cyclist Collisions,Driver,25 to 29,None,,East,"Automobile, Station Wagon",Turning Left,Improper Turn,Normal,,,,,,,,Yes,Yes,,,,,,,,,,,59,Danforth East York,58,Old East York (58),D55,634739.811,4839260.4842
3991,5430669,1069547,10/22/2008 8:00:00 AM,1927,COXWELL AVE,COSBURN AVE,,Minor Arterial,Toronto and East York,43.694145,-79.32799,At Intersection,Traffic Signal,Clear,Dark,Dry,Non-Fatal Injury,Cyclist Collisions,Cyclist,25 to 29,Major,,West,Bicycle,Going Ahead,,,,,,Motorist turned left across cyclists path.,Driving Properly,Normal,,Yes,Yes,,,,,,,,,,,59,Danforth East York,58,Old East York (58),D55,634739.811,4839260.4842
3992,5430559,1069502,10/23/2008 8:00:00 AM,1448,KEELE ST,STEELES AVE W,,Major Arterial,Etobicoke York,43.781545,-79.49449,At Intersection,Traffic Signal,Clear,Daylight,Dry,Non-Fatal Injury,Pedestrian Collisions,Vehicle Owner,unknown,,,,Other,,,,,,,,,,Yes,,Yes,,,,,,,Yes,,,,27,York University Heights,27,York University Heights (27),D31,621145.8159,4848710.4269
3993,5430560,1069502,10/23/2008 8:00:00 AM,1448,KEELE ST,STEELES AVE W,,Major Arterial,Etobicoke York,43.781545,-79.49449,At Intersection,Traffic Signal,Clear,Daylight,Dry,Non-Fatal Injury,Pedestrian Collisions,Driver,40 to 44,None,,South,"Automobile, Station Wagon",Turning Right,Failed to Yield Right of Way,Normal,,,,,,,Yes,,Yes,,,,,,,Yes,,,,27,York University Heights,27,York University Heights (27),D31,621145.8159,4848710.4269
3994,5430561,1069502,10/23/2008 8:00:00 AM,1448,KEELE ST,STEELES AVE W,,Major Arterial,Etobicoke York,43.781545,-79.49449,At Intersection,Traffic Signal,Clear,Daylight,Dry,Non-Fatal Injury,Pedestrian Collisions,Pedestrian,25 to 29,Major,,East,Other,,,,Vehicle turns right while ped crosses with ROW at inter.,Crossing with right of way,Normal,,,,Yes,,Yes,,,,,,,Yes,,,,27,York University Heights,27,York University Heights (27),D31,621145.8159,4848710.4269
3995,5423029,1066104,10/23/2008 8:00:00 AM,1940,BRENTCLIFFE RD,WICKSTEED AVE,,Minor Arterial,North York,43.711445,-79.35849,At Intersection,Traffic Signal,Clear,Dark,Dry,Non-Fatal Injury,Pedestrian Collisions,Pedestrian,65 to 69,Major,,North,Other,Going Ahead,,,Other / Undefined,Pushing/Working on Vehicle,Inattentive,,,,Yes,,,,,,,,,,,,,55,Thorncliffe Park,55,Thorncliffe Park (55),D53,632243.8819,4841132.7826
3996,5423382,1066274,10/24/2008 8:00:00 AM,2235,EGLINTON AVE E,SWIFT DR,,Major Arterial,North York,43.726145,-79.31829,At Intersection,Traffic Signal,Rain,Dark,Wet,Fatal,Pedestrian Collisions,Driver,60 to 64,None,,West,"Automobile, Station Wagon",Going Ahead,Driving Properly,Normal,,,,,,,Yes,,Yes,,,,,,,,,,,43,Victoria Village,43,Victoria Village (43),D33,635449.3949,4842830.352
3997,5423383,1066274,10/24/2008 8:00:00 AM,2235,EGLINTON AVE E,SWIFT DR,,Major Arterial,North York,43.726145,-79.31829,At Intersection,Traffic Signal,Rain,Dark,Wet,Fatal,Pedestrian Collisions,Pedestrian,75 to 79,Fatal,48,North,Other,,,,Vehicle is going straight thru inter.while ped cross without ROW,Crossing without right of way,Unknown,,,,Yes,,Yes,,,,,,,,,,,43,Victoria Village,43,Victoria Village (43),D33,635449.3949,4842830.352
3998,5423628,1066390,10/25/2008 8:00:00 AM,2329,DENISON RD E,JANE ST,,Collector,Etobicoke York,43.696745,-79.50589,,Traffic Gate,Clear,Dark,Dry,Fatal,Pedestrian Collisions,Other,35 to 39,None,,South,"Automobile, Station Wagon",Going Ahead,,,,,,,,,Yes,,Yes,,,,,,,,,,,113,Weston,113,Weston (113),D12,620398.3118,4839275.5462
3999,5423629,1066390,10/25/2008 8:00:00 AM,2329,DENISON RD E,JANE ST,,Collector,Etobicoke York,43.696745,-79.50589,,Traffic Gate,Clear,Dark,Dry,Fatal,Pedestrian Collisions,Vehicle Owner,unknown,,,,"Automobile, Station Wagon",,,,,,,,,,Yes,,Yes,,,,,,,,,,,113,Weston,113,Weston (113),D12,620398.3118,4839275.5462