OBJECTID,INDEX,ACCNUM,DATE,TIME,STREET1,STREET2,OFFSET,ROAD_CLASS,DISTRICT,LATITUDE,LONGITUDE,ACCLOC,TRAFFCTL,VISIBILITY,LIGHT,RDSFCOND,ACCLASS,IMPACTYPE,INVTYPE,INVAGE,INJURY,FATAL_NO,INITDIR,VEHTYPE,MANOEUVER,DRIVACT,DRIVCOND,PEDTYPE,PEDACT,PEDCOND,CYCLISTYPE,CYCACT,CYCCOND,PEDESTRIAN,CYCLIST,AUTOMOBILE,MOTORCYCLE,TRUCK,TRSN_CITY_VEH,EMERG_VEH,PASSENGER,SPEEDING,AG_DRIV,REDLIGHT,ALCOHOL,DISABILITY,HOOD_158,NEIGHBOURHOOD_158,HOOD_140,NEIGHBOURHOOD_140,DIVISION,x,y
4000,5423630,1066390,10/25/2008 8:00:00 AM,2329,DENISON RD E,JANE ST,,Collector,Etobicoke York,43.696745,-79.50589,,Traffic Gate,Clear,Dark,Dry,Fatal,Pedestrian Collisions,Pedestrian,20 to 24,Fatal,49,East,Other,,,,Pedestrian hit at mid-block,Other,Unknown,,,,Yes,,Yes,,,,,,,,,,,113,Weston,113,Weston (113),D12,620398.3118,4839275.5462
4001,5424413,1066713,10/27/2008 8:00:00 AM,707,BRIMLEY RD,SHEDIAC RD,,Major Arterial,Scarborough,43.748845,-79.25339,,Traffic Signal,Clear,Daylight,Dry,Non-Fatal Injury,Pedestrian Collisions,Driver,50 to 54,None,,East,"Automobile, Station Wagon",Turning Left,Failed to Yield Right of Way,Normal,,,,,,,Yes,,Yes,,,,,,,Yes,,,,157,Bendale South,127,Bendale (127),D43,640623.5238,4845459.6576
4002,5424414,1066713,10/27/2008 8:00:00 AM,707,BRIMLEY RD,SHEDIAC RD,,Major Arterial,Scarborough,43.748845,-79.25339,,Traffic Signal,Clear,Daylight,Dry,Non-Fatal Injury,Pedestrian Collisions,Pedestrian,50 to 54,Major,,West,Other,,,,Vehicle turns left while ped crosses with ROW at inter.,Crossing with right of way,Normal,,,,Yes,,Yes,,,,,,,Yes,,,,157,Bendale South,127,Bendale (127),D43,640623.5238,4845459.6576
4003,5435416,1071735,10/29/2008 8:00:00 AM,900,ELLESMERE RD,NEILSON RD,,Major Arterial,Scarborough,43.782245,-79.20619,,No Control,Snow,Daylight,Ice,Non-Fatal Injury,Approaching,Driver,60 to 64,Major,,West,"Automobile, Station Wagon",Going Ahead,Lost control,Normal,,,,,,,,,Yes,,,,,,,,,,,135,Morningside,135,Morningside (135),D43,644343.3888,4849250.4658
4004,5435417,1071735,10/29/2008 8:00:00 AM,900,ELLESMERE RD,NEILSON RD,,Major Arterial,Scarborough,43.782245,-79.20619,,No Control,Snow,Daylight,Ice,Non-Fatal Injury,Approaching,Driver,30 to 34,Minimal,,East,"Automobile, Station Wagon",Going Ahead,Lost control,Normal,,,,,,,,,Yes,,,,,,,,,,,135,Morningside,135,Morningside (135),D43,644343.3888,4849250.4658
4005,5428096,1068403,10/29/2008 8:00:00 AM,1705,IAN MACDONALD BLVD,FOUNDERS RD,,Other,Etobicoke York,43.777845,-79.50319,,No Control,Clear,Daylight,Dry,Non-Fatal Injury,Sideswipe,Vehicle Owner,unknown,,,,Other,,,,,,,,,,,,Yes,,,,,Yes,,,,,,27,York University Heights,27,York University Heights (27),D31,620453.1659,4848286.7918
4006,5428097,1068403,10/29/2008 8:00:00 AM,1705,IAN MACDONALD BLVD,FOUNDERS RD,,Other,Etobicoke York,43.777845,-79.50319,,No Control,Clear,Daylight,Dry,Non-Fatal Injury,Sideswipe,Driver,unknown,None,,East,"Automobile, Station Wagon",Going Ahead,,,,,,,,,,,Yes,,,,,Yes,,,,,,27,York University Heights,27,York University Heights (27),D31,620453.1659,4848286.7918
4007,5428098,1068403,10/29/2008 8:00:00 AM,1705,IAN MACDONALD BLVD,FOUNDERS RD,,Other,Etobicoke York,43.777845,-79.50319,,No Control,Clear,Daylight,Dry,Non-Fatal Injury,Sideswipe,Passenger,unknown,Minimal,,,Other,Other,,,,,,,,,,,Yes,,,,,Yes,,,,,,27,York University Heights,27,York University Heights (27),D31,620453.1659,4848286.7918
4008,5428099,1068403,10/29/2008 8:00:00 AM,1705,IAN MACDONALD BLVD,FOUNDERS RD,,Other,Etobicoke York,43.777845,-79.50319,,No Control,Clear,Daylight,Dry,Non-Fatal Injury,Sideswipe,Passenger,unknown,Major,,,Other,Other,,,,,,,,,,,Yes,,,,,Yes,,,,,,27,York University Heights,27,York University Heights (27),D31,620453.1659,4848286.7918
4009,5428100,1068403,10/29/2008 8:00:00 AM,1705,IAN MACDONALD BLVD,FOUNDERS RD,,Other,Etobicoke York,43.777845,-79.50319,,No Control,Clear,Daylight,Dry,Non-Fatal Injury,Sideswipe,Passenger,unknown,Minor,,,Other,Other,,,,,,,,,,,Yes,,,,,Yes,,,,,,27,York University Heights,27,York University Heights (27),D31,620453.1659,4848286.7918
4010,5428101,1068403,10/29/2008 8:00:00 AM,1705,IAN MACDONALD BLVD,FOUNDERS RD,,Other,Etobicoke York,43.777845,-79.50319,,No Control,Clear,Daylight,Dry,Non-Fatal Injury,Sideswipe,Driver,25 to 29,Minimal,,East,"Automobile, Station Wagon",Going Ahead,,,,,,,,,,,Yes,,,,,Yes,,,,,,27,York University Heights,27,York University Heights (27),D31,620453.1659,4848286.7918
4011,5425397,1067165,10/29/2008 8:00:00 AM,1836,BAY ST,DUNDAS ST W,,Major Arterial,Toronto and East York,43.655745,-79.38379,At Intersection,Traffic Signal,Clear,Dark,Dry,Non-Fatal Injury,Pedestrian Collisions,Passenger,50 to 54,None,,,Other,,,,,,,,,,Yes,,Yes,,,,,Yes,Yes,Yes,,,,170,Yonge-Bay Corridor,76,Bay Street Corridor (76),D52,630326.1909,4834906.4816
4012,5425398,1067165,10/29/2008 8:00:00 AM,1836,BAY ST,DUNDAS ST W,,Major Arterial,Toronto and East York,43.655745,-79.38379,At Intersection,Traffic Signal,Clear,Dark,Dry,Non-Fatal Injury,Pedestrian Collisions,Vehicle Owner,unknown,,,,Other,,,,,,,,,,Yes,,Yes,,,,,Yes,Yes,Yes,,,,170,Yonge-Bay Corridor,76,Bay Street Corridor (76),D52,630326.1909,4834906.4816
4013,5425399,1067165,10/29/2008 8:00:00 AM,1836,BAY ST,DUNDAS ST W,,Major Arterial,Toronto and East York,43.655745,-79.38379,At Intersection,Traffic Signal,Clear,Dark,Dry,Non-Fatal Injury,Pedestrian Collisions,Driver,65 to 69,None,,North,"Automobile, Station Wagon",Turning Left,Improper Turn,Normal,,,,,,,Yes,,Yes,,,,,Yes,Yes,Yes,,,,170,Yonge-Bay Corridor,76,Bay Street Corridor (76),D52,630326.1909,4834906.4816
4014,5425400,1067165,10/29/2008 8:00:00 AM,1836,BAY ST,DUNDAS ST W,,Major Arterial,Toronto and East York,43.655745,-79.38379,At Intersection,Traffic Signal,Clear,Dark,Dry,Non-Fatal Injury,Pedestrian Collisions,Passenger,20 to 24,None,,,Other,,,,,,,,,,Yes,,Yes,,,,,Yes,Yes,Yes,,,,170,Yonge-Bay Corridor,76,Bay Street Corridor (76),D52,630326.1909,4834906.4816
4015,5425401,1067165,10/29/2008 8:00:00 AM,1836,BAY ST,DUNDAS ST W,,Major Arterial,Toronto and East York,43.655745,-79.38379,At Intersection,Traffic Signal,Clear,Dark,Dry,Non-Fatal Injury,Pedestrian Collisions,Driver,20 to 24,None,,South,"Automobile, Station Wagon",Changing Lanes,Lost control,Unknown,,,,,,,Yes,,Yes,,,,,Yes,Yes,Yes,,,,170,Yonge-Bay Corridor,76,Bay Street Corridor (76),D52,630326.1909,4834906.4816
4016,5425402,1067165,10/29/2008 8:00:00 AM,1836,BAY ST,DUNDAS ST W,,Major Arterial,Toronto and East York,43.655745,-79.38379,At Intersection,Traffic Signal,Clear,Dark,Dry,Non-Fatal Injury,Pedestrian Collisions,Pedestrian,20 to 24,Major,,,Other,,,,Pedestrian hit on sidewalk or shoulder,On Sidewalk or Shoulder,Normal,,,,Yes,,Yes,,,,,Yes,Yes,Yes,,,,170,Yonge-Bay Corridor,76,Bay Street Corridor (76),D52,630326.1909,4834906.4816
4017,5425406,1067167,10/29/2008 8:00:00 AM,2144,MARTIN GROVE RD,LAVINGTON DR,,Major Arterial,Etobicoke York,43.688245,-79.56939,,Traffic Signal,Clear,Dark,Dry,Non-Fatal Injury,Pedestrian Collisions,Driver,50 to 54,None,,North,"Automobile, Station Wagon",Going Ahead,Disobeyed Traffic Control,Normal,,,,,,,Yes,,Yes,,,,,,,Yes,Yes,,,7,Willowridge-Martingrove-Richview,7,Willowridge-Martingrove-Richview (7),D23,615297.6054,4838241.263
4018,5425407,1067167,10/29/2008 8:00:00 AM,2144,MARTIN GROVE RD,LAVINGTON DR,,Major Arterial,Etobicoke York,43.688245,-79.56939,,Traffic Signal,Clear,Dark,Dry,Non-Fatal Injury,Pedestrian Collisions,Pedestrian,85 to 89,Major,,East,Other,,,,Vehicle is going straight thru inter.while ped cross with ROW,Crossing with right of way,Unknown,,,,Yes,,Yes,,,,,,,Yes,Yes,,,7,Willowridge-Martingrove-Richview,7,Willowridge-Martingrove-Richview (7),D23,615297.6054,4838241.263
4019,5425835,1067364,10/31/2008 8:00:00 AM,817,HIGHWAY 2A  E,LAWSON RD,,,Scarborough,43.788645,-79.15869,,No Control,Clear,Daylight,Dry,Fatal,SMV Other,Vehicle Owner,unknown,,,,"Automobile, Station Wagon",,,,,,,,,,,,Yes,,,,,,,,,,Yes,133,Centennial Scarborough,133,Centennial Scarborough (133),D43,648149.8314,4850045.2131
4020,5425836,1067364,10/31/2008 8:00:00 AM,817,HIGHWAY 2A  E,LAWSON RD,,,Scarborough,43.788645,-79.15869,,No Control,Clear,Daylight,Dry,Fatal,SMV Other,Driver,55 to 59,Fatal,50,East,"Automobile, Station Wagon",Going Ahead,Driving Properly,Medical or Physical Disability,,,,,,,,,Yes,,,,,,,,,,Yes,133,Centennial Scarborough,133,Centennial Scarborough (133),D43,648149.8314,4850045.2131
4021,5426051,1067454,10/31/2008 8:00:00 AM,1137,VALERMO DR,BROWNS LINE Driv,,Major Arterial,Etobicoke York,43.606045,-79.54709,At Intersection,Traffic Signal,Clear,Daylight,Dry,Non-Fatal Injury,Pedestrian Collisions,Vehicle Owner,unknown,,,,Other,,,,,,,,,,Yes,,Yes,,,,,,,,,,,20,Alderwood,20,Alderwood (20),D22,617254.6706,4829143.159
4022,5426052,1067454,10/31/2008 8:00:00 AM,1137,VALERMO DR,BROWNS LINE Driv,,Major Arterial,Etobicoke York,43.606045,-79.54709,At Intersection,Traffic Signal,Clear,Daylight,Dry,Non-Fatal Injury,Pedestrian Collisions,Driver,40 to 44,None,,South,"Automobile, Station Wagon",Going Ahead,Driving Properly,Normal,,,,,,,Yes,,Yes,,,,,,,,,,,20,Alderwood,20,Alderwood (20),D22,617254.6706,4829143.159
4023,5426053,1067454,10/31/2008 8:00:00 AM,1137,VALERMO DR,BROWNS LINE Driv,,Major Arterial,Etobicoke York,43.606045,-79.54709,At Intersection,Traffic Signal,Clear,Daylight,Dry,Non-Fatal Injury,Pedestrian Collisions,Pedestrian,10 to 14,Minimal,,West,Other,,,,Vehicle is going straight thru inter.while ped cross without ROW,Crossing without right of way,Normal,,,,Yes,,Yes,,,,,,,,,,,20,Alderwood,20,Alderwood (20),D22,617254.6706,4829143.159
4024,5426054,1067454,10/31/2008 8:00:00 AM,1137,VALERMO DR,BROWNS LINE Driv,,Major Arterial,Etobicoke York,43.606045,-79.54709,At Intersection,Traffic Signal,Clear,Daylight,Dry,Non-Fatal Injury,Pedestrian Collisions,Pedestrian,40 to 44,Major,,West,Other,,,,Vehicle is going straight thru inter.while ped cross without ROW,Crossing without right of way,Normal,,,,Yes,,Yes,,,,,,,,,,,20,Alderwood,20,Alderwood (20),D22,617254.6706,4829143.159
4025,5426535,1067680,11/1/2008 8:00:00 AM,1145,1168 QUEEN ST E,,,Minor Arterial,Toronto and East York,43.662845,-79.33219,,No Control,Clear,Daylight,Dry,Non-Fatal Injury,Pedestrian Collisions,Driver,50 to 54,None,,East,"Automobile, Station Wagon",Making U Turn,Improper Turn,Unknown,,,,,,,Yes,,Yes,,,,,,,,,,,70,South Riverdale,70,South Riverdale (70),D55,634471.2512,4835777.3723
4026,5426536,1067680,11/1/2008 8:00:00 AM,1145,1168 QUEEN ST E,,,Minor Arterial,Toronto and East York,43.662845,-79.33219,,No Control,Clear,Daylight,Dry,Non-Fatal Injury,Pedestrian Collisions,Pedestrian,55 to 59,Major,,Unknown,Other,,,,Pedestrian hit on sidewalk or shoulder,On Sidewalk or Shoulder,Normal,,,,Yes,,Yes,,,,,,,,,,,70,South Riverdale,70,South Riverdale (70),D55,634471.2512,4835777.3723
4027,5435429,1071740,11/1/2008 8:00:00 AM,1725,167 CLEARBROOKE CRCL,,,Local,Etobicoke York,43.721345,-79.56779,,No Control,Clear,Daylight,Dry,Non-Fatal Injury,SMV Unattended Vehicle,Other,unknown,None,,West,Other,Parked,,,,,,,,,,,Yes,,,,,Yes,,,,,,4,Rexdale-Kipling,4,Rexdale-Kipling (4),D23,615363.0494,4841919.6953
4028,5435430,1071740,11/1/2008 8:00:00 AM,1725,167 CLEARBROOKE CRCL,,,Local,Etobicoke York,43.721345,-79.56779,,No Control,Clear,Daylight,Dry,Non-Fatal Injury,SMV Unattended Vehicle,Passenger,60 to 64,Minor,,,Other,,,,,,,,,,,,Yes,,,,,Yes,,,,,,4,Rexdale-Kipling,4,Rexdale-Kipling (4),D23,615363.0494,4841919.6953
4029,5435431,1071740,11/1/2008 8:00:00 AM,1725,167 CLEARBROOKE CRCL,,,Local,Etobicoke York,43.721345,-79.56779,,No Control,Clear,Daylight,Dry,Non-Fatal Injury,SMV Unattended Vehicle,Passenger,15 to 19,Major,,,Other,,,,,,,,,,,,Yes,,,,,Yes,,,,,,4,Rexdale-Kipling,4,Rexdale-Kipling (4),D23,615363.0494,4841919.6953
4030,5435432,1071740,11/1/2008 8:00:00 AM,1725,167 CLEARBROOKE CRCL,,,Local,Etobicoke York,43.721345,-79.56779,,No Control,Clear,Daylight,Dry,Non-Fatal Injury,SMV Unattended Vehicle,Vehicle Owner,unknown,,,,Other,,,,,,,,,,,,Yes,,,,,Yes,,,,,,4,Rexdale-Kipling,4,Rexdale-Kipling (4),D23,615363.0494,4841919.6953
4031,5435433,1071740,11/1/2008 8:00:00 AM,1725,167 CLEARBROOKE CRCL,,,Local,Etobicoke York,43.721345,-79.56779,,No Control,Clear,Daylight,Dry,Non-Fatal Injury,SMV Unattended Vehicle,Driver,50 to 54,Minor,,West,"Automobile, Station Wagon",Going Ahead,Driving Properly,Inattentive,,,,,,,,,Yes,,,,,Yes,,,,,,4,Rexdale-Kipling,4,Rexdale-Kipling (4),D23,615363.0494,4841919.6953
4032,5435434,1071740,11/1/2008 8:00:00 AM,1725,167 CLEARBROOKE CRCL,,,Local,Etobicoke York,43.721345,-79.56779,,No Control,Clear,Daylight,Dry,Non-Fatal Injury,SMV Unattended Vehicle,Other,unknown,None,,West,Other,Parked,,,,,,,,,,,Yes,,,,,Yes,,,,,,4,Rexdale-Kipling,4,Rexdale-Kipling (4),D23,615363.0494,4841919.6953
4033,5435435,1071740,11/1/2008 8:00:00 AM,1725,167 CLEARBROOKE CRCL,,,Local,Etobicoke York,43.721345,-79.56779,,No Control,Clear,Daylight,Dry,Non-Fatal Injury,SMV Unattended Vehicle,Passenger,30 to 34,Minor,,,Other,,,,,,,,,,,,Yes,,,,,Yes,,,,,,4,Rexdale-Kipling,4,Rexdale-Kipling (4),D23,615363.0494,4841919.6953
4034,5436094,1072032,11/2/2008 9:00:00 AM,50,6931 STEELES AVE W,,,Major Arterial,Etobicoke York,43.753145,-79.62429,,No Control,Clear,Dark,Dry,Non-Fatal Injury,Sideswipe,Passenger,55 to 59,Major,,,Other,,,,,,,,,,,,Yes,,,,,Yes,Yes,Yes,,,,1,West Humber-Clairville,1,West Humber-Clairville (1),D23,610753.3636,4845374.4432
4035,5436095,1072032,11/2/2008 9:00:00 AM,50,6931 STEELES AVE W,,,Major Arterial,Etobicoke York,43.753145,-79.62429,,No Control,Clear,Dark,Dry,Non-Fatal Injury,Sideswipe,Passenger,25 to 29,Minor,,,Other,,,,,,,,,,,,Yes,,,,,Yes,Yes,Yes,,,,1,West Humber-Clairville,1,West Humber-Clairville (1),D23,610753.3636,4845374.4432
4036,5436096,1072032,11/2/2008 9:00:00 AM,50,6931 STEELES AVE W,,,Major Arterial,Etobicoke York,43.753145,-79.62429,,No Control,Clear,Dark,Dry,Non-Fatal Injury,Sideswipe,Passenger,65 to 69,Minor,,,Other,,,,,,,,,,,,Yes,,,,,Yes,Yes,Yes,,,,1,West Humber-Clairville,1,West Humber-Clairville (1),D23,610753.3636,4845374.4432
4037,5436097,1072032,11/2/2008 9:00:00 AM,50,6931 STEELES AVE W,,,Major Arterial,Etobicoke York,43.753145,-79.62429,,No Control,Clear,Dark,Dry,Non-Fatal Injury,Sideswipe,Driver,25 to 29,Minor,,East,"Automobile, Station Wagon",Changing Lanes,Improper Lane Change,Normal,,,,,,,,,Yes,,,,,Yes,Yes,Yes,,,,1,West Humber-Clairville,1,West Humber-Clairville (1),D23,610753.3636,4845374.4432
4038,5436098,1072032,11/2/2008 9:00:00 AM,50,6931 STEELES AVE W,,,Major Arterial,Etobicoke York,43.753145,-79.62429,,No Control,Clear,Dark,Dry,Non-Fatal Injury,Sideswipe,Driver,15 to 19,Minor,,East,"Automobile, Station Wagon",Going Ahead,Exceeding Speed Limit,Had Been Drinking,,,,,,,,,Yes,,,,,Yes,Yes,Yes,,,,1,West Humber-Clairville,1,West Humber-Clairville (1),D23,610753.3636,4845374.4432
4039,5436145,1072049,11/2/2008 9:00:00 AM,1510,61 RICHVIEW RD,,,Local,Etobicoke York,43.683845,-79.51969,,No Control,Clear,Daylight,Dry,Non-Fatal Injury,Turning Movement,Passenger,40 to 44,Major,,,Other,,,,,,,,,,,,Yes,,,,,Yes,,,,,,9,Edenbridge-Humber Valley,9,Edenbridge-Humber Valley (9),D23,619311.8468,4837822.8816
4040,5436146,1072049,11/2/2008 9:00:00 AM,1510,61 RICHVIEW RD,,,Local,Etobicoke York,43.683845,-79.51969,,No Control,Clear,Daylight,Dry,Non-Fatal Injury,Turning Movement,Driver,40 to 44,Minimal,,East,"Automobile, Station Wagon",Going Ahead,Driving Properly,Normal,,,,,,,,,Yes,,,,,Yes,,,,,,9,Edenbridge-Humber Valley,9,Edenbridge-Humber Valley (9),D23,619311.8468,4837822.8816
4041,5436147,1072049,11/2/2008 9:00:00 AM,1510,61 RICHVIEW RD,,,Local,Etobicoke York,43.683845,-79.51969,,No Control,Clear,Daylight,Dry,Non-Fatal Injury,Turning Movement,Driver,20 to 24,None,,West,"Automobile, Station Wagon",Making U Turn,Improper Turn,Normal,,,,,,,,,Yes,,,,,Yes,,,,,,9,Edenbridge-Humber Valley,9,Edenbridge-Humber Valley (9),D23,619311.8468,4837822.8816
4042,5426990,1067883,11/3/2008 10:00:00 AM,930,1491 LAKE SHORE BLVD W,,,Major Arterial,Toronto and East York,43.636445,-79.44399,,No Control,Clear,Daylight,Dry,Fatal,SMV Other,Passenger,90 to 94,Fatal,51,,Other,,,,,,,,,,,,Yes,,,,,Yes,,,,,,85,South Parkdale,85,South Parkdale (85),D14,625511.9889,4832670.1764
4043,5426991,1067883,11/3/2008 10:00:00 AM,930,1491 LAKE SHORE BLVD W,,,Major Arterial,Toronto and East York,43.636445,-79.44399,,No Control,Clear,Daylight,Dry,Fatal,SMV Other,Vehicle Owner,unknown,,,,Other,,,,,,,,,,,,Yes,,,,,Yes,,,,,,85,South Parkdale,85,South Parkdale (85),D14,625511.9889,4832670.1764
4044,5426992,1067883,11/3/2008 10:00:00 AM,930,1491 LAKE SHORE BLVD W,,,Major Arterial,Toronto and East York,43.636445,-79.44399,,No Control,Clear,Daylight,Dry,Fatal,SMV Other,Driver,40 to 44,Minor,,East,"Automobile, Station Wagon",Going Ahead,Lost control,Unknown,,,,,,,,,Yes,,,,,Yes,,,,,,85,South Parkdale,85,South Parkdale (85),D14,625511.9889,4832670.1764
4045,5438208,1072989,11/6/2008 10:00:00 AM,1310,KENNEDY RD,FINCH AVE E,,Major Arterial,Scarborough,43.801245,-79.29659,At Intersection,Traffic Signal,Clear,Daylight,Dry,Non-Fatal Injury,Pedestrian Collisions,Driver,15 to 19,None,,South,"Automobile, Station Wagon",Turning Right,Failed to Yield Right of Way,Unknown,,,,,,,Yes,,Yes,,,,,,,Yes,,,,148,East L'Amoreaux,117,L'Amoreaux (117),D42,637025.616,4851207.0593
4046,5438209,1072989,11/6/2008 10:00:00 AM,1310,KENNEDY RD,FINCH AVE E,,Major Arterial,Scarborough,43.801245,-79.29659,At Intersection,Traffic Signal,Clear,Daylight,Dry,Non-Fatal Injury,Pedestrian Collisions,Pedestrian,70 to 74,Major,,South,Other,,,,Vehicle turns right while ped crosses with ROW at inter.,Crossing with right of way,Normal,,,,Yes,,Yes,,,,,,,Yes,,,,148,East L'Amoreaux,117,L'Amoreaux (117),D42,637025.616,4851207.0593
4047,5438433,1073092,11/6/2008 10:00:00 AM,1620,DUPONT ST,WALMER RD,,Major Arterial,Toronto and East York,43.674745,-79.40769,,No Control,Clear,Daylight,Dry,Non-Fatal Injury,SMV Other,Driver,20 to 24,Major,,East,"Automobile, Station Wagon",Going Ahead,Lost control,Normal,,,,,,,,,Yes,,,,,,,,,,,95,Annex,95,Annex (95),D14,628358.4474,4836979.4236
4048,5438434,1073092,11/6/2008 10:00:00 AM,1620,DUPONT ST,WALMER RD,,Major Arterial,Toronto and East York,43.674745,-79.40769,,No Control,Clear,Daylight,Dry,Non-Fatal Injury,SMV Other,Other Property Owner,unknown,,,,Other,,,,,,,,,,,,Yes,,,,,,,,,,,95,Annex,95,Annex (95),D14,628358.4474,4836979.4236
4049,5438842,1073297,11/7/2008 10:00:00 AM,1040,WARDEN AVE,MCNICOLL AVE,,Major Arterial,Scarborough,43.806345,-79.32099,At Intersection,Traffic Signal,Clear,Daylight,Dry,Non-Fatal Injury,Angle,Driver,30 to 34,Minor,,East,"Automobile, Station Wagon",Going Ahead,Disobeyed Traffic Control,Inattentive,,,,,,,,,Yes,,,,,,,Yes,Yes,,,116,Steeles,116,Steeles (116),D42,635051.3193,4851733.3831
4050,5438843,1073297,11/7/2008 10:00:00 AM,1040,WARDEN AVE,MCNICOLL AVE,,Major Arterial,Scarborough,43.806345,-79.32099,At Intersection,Traffic Signal,Clear,Daylight,Dry,Non-Fatal Injury,Angle,Driver,55 to 59,Major,,North,"Automobile, Station Wagon",Going Ahead,Driving Properly,Normal,,,,,,,,,Yes,,,,,,,Yes,Yes,,,116,Steeles,116,Steeles (116),D42,635051.3193,4851733.3831
4051,5439238,1073449,11/8/2008 10:00:00 AM,1820,WARDEN AVE,BERTRAND AVE,,Major Arterial,Scarborough,43.733045,-79.28969,At Intersection,Traffic Signal,Clear,Dark,Wet,Non-Fatal Injury,Turning Movement,Vehicle Owner,unknown,,,,Other,,,,,,,,,,,,Yes,,,,,,,Yes,Yes,,,119,Wexford/Maryvale,119,Wexford/Maryvale (119),D41,637737.1233,4843643.8445
4052,5439239,1073449,11/8/2008 10:00:00 AM,1820,WARDEN AVE,BERTRAND AVE,,Major Arterial,Scarborough,43.733045,-79.28969,At Intersection,Traffic Signal,Clear,Dark,Wet,Non-Fatal Injury,Turning Movement,Driver,45 to 49,None,,West,"Automobile, Station Wagon",Turning Right,Disobeyed Traffic Control,Normal,,,,,,,,,Yes,,,,,,,Yes,Yes,,,119,Wexford/Maryvale,119,Wexford/Maryvale (119),D41,637737.1233,4843643.8445
4053,5439240,1073449,11/8/2008 10:00:00 AM,1820,WARDEN AVE,BERTRAND AVE,,Major Arterial,Scarborough,43.733045,-79.28969,At Intersection,Traffic Signal,Clear,Dark,Wet,Non-Fatal Injury,Turning Movement,Driver,40 to 44,Major,,North,"Automobile, Station Wagon",Going Ahead,Driving Properly,Normal,,,,,,,,,Yes,,,,,,,Yes,Yes,,,119,Wexford/Maryvale,119,Wexford/Maryvale (119),D41,637737.1233,4843643.8445
4054,5439334,1073493,11/8/2008 10:00:00 AM,2220,ADELAIDE ST W,JOHN ST,,Major Arterial,Toronto and East York,43.647845,-79.39029,At Intersection,Traffic Signal,Clear,Dark,Dry,Non-Fatal Injury,Pedestrian Collisions,Pedestrian,20 to 24,Major,,North,Other,,,,Vehicle is going straight thru inter.while ped cross without ROW,Crossing without right of way,Inattentive,,,,Yes,,Yes,,,,,,,,,,,164,Wellington Place,77,Waterfront Communities-The Island (77),D52,629819.0653,4834018.8942
4055,5439335,1073493,11/8/2008 10:00:00 AM,2220,ADELAIDE ST W,JOHN ST,,Major Arterial,Toronto and East York,43.647845,-79.39029,At Intersection,Traffic Signal,Clear,Dark,Dry,Non-Fatal Injury,Pedestrian Collisions,Driver,20 to 24,None,,East,"Automobile, Station Wagon",Going Ahead,Driving Properly,Normal,,,,,,,Yes,,Yes,,,,,,,,,,,164,Wellington Place,77,Waterfront Communities-The Island (77),D52,629819.0653,4834018.8942
4056,5440500,1073990,11/10/2008 10:00:00 AM,1130,WESTON RD,EGLINTON AVE W,,Major Arterial,Etobicoke York,43.686945,-79.48949,At Intersection,Traffic Signal,Clear,Daylight,Dry,Non-Fatal Injury,Pedestrian Collisions,Driver,45 to 49,None,,South,"Automobile, Station Wagon",Going Ahead,Disobeyed Traffic Control,Inattentive,,,,,,,Yes,,Yes,,,,,,,Yes,Yes,,,115,Mount Dennis,115,Mount Dennis (115),D12,621739.6932,4838211.0671
4057,5440501,1073990,11/10/2008 10:00:00 AM,1130,WESTON RD,EGLINTON AVE W,,Major Arterial,Etobicoke York,43.686945,-79.48949,At Intersection,Traffic Signal,Clear,Daylight,Dry,Non-Fatal Injury,Pedestrian Collisions,Pedestrian,35 to 39,Major,,East,Other,,,,Vehicle is going straight thru inter.while ped cross with ROW,Crossing with right of way,Normal,,,,Yes,,Yes,,,,,,,Yes,Yes,,,115,Mount Dennis,115,Mount Dennis (115),D12,621739.6932,4838211.0671
4058,5440505,1073992,11/10/2008 10:00:00 AM,1152,DUFFERIN Stre,WHITLEY Aven,,Major Arterial,North York,43.729045,-79.45809,,No Control,Clear,Daylight,Dry,Non-Fatal Injury,Rear End,Driver,85 to 89,Major,,South,"Automobile, Station Wagon",Going Ahead,Following too Close,Unknown,,,,,,,,,Yes,,,,,Yes,,Yes,,,,33,Clanton Park,33,Clanton Park (33),D32,624183.4326,4842933.4332
4059,5440506,1073992,11/10/2008 10:00:00 AM,1152,DUFFERIN Stre,WHITLEY Aven,,Major Arterial,North York,43.729045,-79.45809,,No Control,Clear,Daylight,Dry,Non-Fatal Injury,Rear End,Passenger,50 to 54,Minor,,,Other,,,,,,,,,,,,Yes,,,,,Yes,,Yes,,,,33,Clanton Park,33,Clanton Park (33),D32,624183.4326,4842933.4332
4060,5440507,1073992,11/10/2008 10:00:00 AM,1152,DUFFERIN Stre,WHITLEY Aven,,Major Arterial,North York,43.729045,-79.45809,,No Control,Clear,Daylight,Dry,Non-Fatal Injury,Rear End,Driver,20 to 24,Minor,,South,"Automobile, Station Wagon",Stopped,Driving Properly,Normal,,,,,,,,,Yes,,,,,Yes,,Yes,,,,33,Clanton Park,33,Clanton Park (33),D32,624183.4326,4842933.4332
4061,5440508,1073992,11/10/2008 10:00:00 AM,1152,DUFFERIN Stre,WHITLEY Aven,,Major Arterial,North York,43.729045,-79.45809,,No Control,Clear,Daylight,Dry,Non-Fatal Injury,Rear End,Driver,50 to 54,Minor,,South,"Automobile, Station Wagon",Stopped,Driving Properly,Normal,,,,,,,,,Yes,,,,,Yes,,Yes,,,,33,Clanton Park,33,Clanton Park (33),D32,624183.4326,4842933.4332
4062,5430130,1069315,11/11/2008 10:00:00 AM,720,PHARMACY AVE,STEELES AVE E,,Major Arterial,Scarborough,43.816847,-79.336452,At Intersection,Traffic Signal,Clear,Daylight,Dry,Fatal,Pedestrian Collisions,Pedestrian,55 to 59,Fatal,52,West,Other,,,,Vehicle turns right while ped crosses with ROW at inter.,Crossing with right of way,Unknown,,,,Yes,,,,,Yes,,,,Yes,,,,116,Steeles,116,Steeles (116),D42,633784.1678,4852874.6799