OBJECTID,INDEX,ACCNUM,DATE,TIME,STREET1,STREET2,OFFSET,ROAD_CLASS,DISTRICT,LATITUDE,LONGITUDE,ACCLOC,TRAFFCTL,VISIBILITY,LIGHT,RDSFCOND,ACCLASS,IMPACTYPE,INVTYPE,INVAGE,INJURY,FATAL_NO,INITDIR,VEHTYPE,MANOEUVER,DRIVACT,DRIVCOND,PEDTYPE,PEDACT,PEDCOND,CYCLISTYPE,CYCACT,CYCCOND,PEDESTRIAN,CYCLIST,AUTOMOBILE,MOTORCYCLE,TRUCK,TRSN_CITY_VEH,EMERG_VEH,PASSENGER,SPEEDING,AG_DRIV,REDLIGHT,ALCOHOL,DISABILITY,HOOD_158,NEIGHBOURHOOD_158,HOOD_140,NEIGHBOURHOOD_140,DIVISION,x,y
4063,5430131,1069315,11/11/2008 10:00:00 AM,720,PHARMACY AVE,STEELES AVE E,,Major Arterial,Scarborough,43.816847,-79.336452,At Intersection,Traffic Signal,Clear,Daylight,Dry,Fatal,Pedestrian Collisions,Vehicle Owner,unknown,,,,Other,,,,,,,,,,Yes,,,,,Yes,,,,Yes,,,,116,Steeles,116,Steeles (116),D42,633784.1678,4852874.6799
4064,5430132,1069315,11/11/2008 10:00:00 AM,720,PHARMACY AVE,STEELES AVE E,,Major Arterial,Scarborough,43.816847,-79.336452,At Intersection,Traffic Signal,Clear,Daylight,Dry,Fatal,Pedestrian Collisions,Driver,65 to 69,None,,North,Municipal Transit Bus (TTC),Turning Right,Failed to Yield Right of Way,Unknown,,,,,,,Yes,,,,,Yes,,,,Yes,,,,116,Steeles,116,Steeles (116),D42,633784.1678,4852874.6799
4065,5439712,1073663,11/11/2008 10:00:00 AM,1435,DIXON RD,SKYWAY AVE,,Major Arterial,Etobicoke York,43.687945,-79.58679,At Intersection,Traffic Signal,Clear,Daylight,Dry,Non-Fatal Injury,Pedestrian Collisions,Vehicle Owner,unknown,,,,Other,,,,,,,,,,Yes,,,,,Yes,,,,Yes,,,,1,West Humber-Clairville,1,West Humber-Clairville (1),D23,613895.8395,4838183.9003
4066,5439713,1073663,11/11/2008 10:00:00 AM,1435,DIXON RD,SKYWAY AVE,,Major Arterial,Etobicoke York,43.687945,-79.58679,At Intersection,Traffic Signal,Clear,Daylight,Dry,Non-Fatal Injury,Pedestrian Collisions,Driver,45 to 49,None,,North,Municipal Transit Bus (TTC),Turning Left,Failed to Yield Right of Way,Normal,,,,,,,Yes,,,,,Yes,,,,Yes,,,,1,West Humber-Clairville,1,West Humber-Clairville (1),D23,613895.8395,4838183.9003
4067,5439714,1073663,11/11/2008 10:00:00 AM,1435,DIXON RD,SKYWAY AVE,,Major Arterial,Etobicoke York,43.687945,-79.58679,At Intersection,Traffic Signal,Clear,Daylight,Dry,Non-Fatal Injury,Pedestrian Collisions,Pedestrian,30 to 34,Major,,South,Other,,,,Pedestrian involved in a collision with transit vehicle anywhere along roadway,Crossing with right of way,Normal,,,,Yes,,,,,Yes,,,,Yes,,,,1,West Humber-Clairville,1,West Humber-Clairville (1),D23,613895.8395,4838183.9003
4068,5430710,1069560,11/12/2008 10:00:00 AM,1151,EGLINTON AVE W,KEELE ST,,Major Arterial,Etobicoke York,43.690445,-79.47389,At Intersection,No Control,Clear,Daylight,Dry,Non-Fatal Injury,Pedestrian Collisions,Driver,40 to 44,None,,West,"Automobile, Station Wagon",Going Ahead,Driving Properly,Normal,,,,,,,Yes,,Yes,,,,,Yes,,,,,,112,Beechborough-Greenbrook,112,Beechborough-Greenbrook (112),D12,622989.834,4838622.8081
4069,5430711,1069560,11/12/2008 10:00:00 AM,1151,EGLINTON AVE W,KEELE ST,,Major Arterial,Etobicoke York,43.690445,-79.47389,At Intersection,No Control,Clear,Daylight,Dry,Non-Fatal Injury,Pedestrian Collisions,Passenger,50 to 54,None,,,Other,,,,,,,,,,Yes,,Yes,,,,,Yes,,,,,,112,Beechborough-Greenbrook,112,Beechborough-Greenbrook (112),D12,622989.834,4838622.8081
4070,5430712,1069560,11/12/2008 10:00:00 AM,1151,EGLINTON AVE W,KEELE ST,,Major Arterial,Etobicoke York,43.690445,-79.47389,At Intersection,No Control,Clear,Daylight,Dry,Non-Fatal Injury,Pedestrian Collisions,Pedestrian,10 to 14,Major,,North,Other,,,,Vehicle is going straight thru inter.while ped cross without ROW,"Crossing, no Traffic Control",Inattentive,,,,Yes,,Yes,,,,,Yes,,,,,,112,Beechborough-Greenbrook,112,Beechborough-Greenbrook (112),D12,622989.834,4838622.8081
4071,5439862,1073722,11/12/2008 10:00:00 AM,1819,CALEDONIA RD,MARCIA AVE,,Minor Arterial,North York,43.710445,-79.46639,At Intersection,Stop Sign,Clear,Dark,Dry,Non-Fatal Injury,Pedestrian Collisions,Driver,30 to 34,None,,South,"Automobile, Station Wagon",Going Ahead,Driving Properly,Normal,,,,,,,Yes,,Yes,,,,,,,,,,,31,Yorkdale-Glen Park,31,Yorkdale-Glen Park (31),D13,623553.1803,4840855.2351
4072,5439863,1073722,11/12/2008 10:00:00 AM,1819,CALEDONIA RD,MARCIA AVE,,Minor Arterial,North York,43.710445,-79.46639,At Intersection,Stop Sign,Clear,Dark,Dry,Non-Fatal Injury,Pedestrian Collisions,Pedestrian,25 to 29,Major,,West,Other,,,,Vehicle is going straight thru inter.while ped cross without ROW,Crossing without right of way,Inattentive,,,,Yes,,Yes,,,,,,,,,,,31,Yorkdale-Glen Park,31,Yorkdale-Glen Park (31),D13,623553.1803,4840855.2351
4073,5440699,1074072,11/13/2008 10:00:00 AM,1105,VICTORIA PARK AVE,PAGET RD,,Major Arterial,North York,43.759945,-79.31619,,No Control,Rain,Daylight,Wet,Non-Fatal Injury,Pedestrian Collisions,Vehicle Owner,unknown,,,,Other,,,,,,,,,,Yes,,Yes,,,,,,,,,,,150,Fenside-Parkwoods,45,Parkwoods-Donalda (45),D33,635542.2346,4846587.7818
4074,5440700,1074072,11/13/2008 10:00:00 AM,1105,VICTORIA PARK AVE,PAGET RD,,Major Arterial,North York,43.759945,-79.31619,,No Control,Rain,Daylight,Wet,Non-Fatal Injury,Pedestrian Collisions,Driver,30 to 34,None,,North,"Automobile, Station Wagon",Going Ahead,Driving Properly,Normal,,,,,,,Yes,,Yes,,,,,,,,,,,150,Fenside-Parkwoods,45,Parkwoods-Donalda (45),D33,635542.2346,4846587.7818
4075,5440701,1074072,11/13/2008 10:00:00 AM,1105,VICTORIA PARK AVE,PAGET RD,,Major Arterial,North York,43.759945,-79.31619,,No Control,Rain,Daylight,Wet,Non-Fatal Injury,Pedestrian Collisions,Pedestrian,15 to 19,Major,,West,Other,,,,Vehicle is going straight thru inter.while ped cross without ROW,Running onto Roadway,Inattentive,,,,Yes,,Yes,,,,,,,,,,,150,Fenside-Parkwoods,45,Parkwoods-Donalda (45),D33,635542.2346,4846587.7818
4076,5431406,1069861,11/14/2008 10:00:00 AM,226,DOVERCOURT RD,ARGYLE ST,,Collector,Toronto and East York,43.646145,-79.42349,,No Control,Clear,Dark,Dry,Non-Fatal Injury,Cyclist Collisions,Vehicle Owner,unknown,,,,Other,,,,,,,,,,,Yes,Yes,,,,,,,,,,,84,Little Portugal,84,Little Portugal (84),D14,627145.1283,4833778.6878
4077,5431407,1069861,11/14/2008 10:00:00 AM,226,DOVERCOURT RD,ARGYLE ST,,Collector,Toronto and East York,43.646145,-79.42349,,No Control,Clear,Dark,Dry,Non-Fatal Injury,Cyclist Collisions,Driver,35 to 39,None,,West,"Automobile, Station Wagon",Reversing,Other,Unknown,,,,,,,,Yes,Yes,,,,,,,,,,,84,Little Portugal,84,Little Portugal (84),D14,627145.1283,4833778.6878
4078,5431408,1069861,11/14/2008 10:00:00 AM,226,DOVERCOURT RD,ARGYLE ST,,Collector,Toronto and East York,43.646145,-79.42349,,No Control,Clear,Dark,Dry,Non-Fatal Injury,Cyclist Collisions,Cyclist,35 to 39,Major,,North,Bicycle,Stopped,,,,,,Motorist reversing struck cyclist.,Driving Properly,Unknown,,Yes,Yes,,,,,,,,,,,84,Little Portugal,84,Little Portugal (84),D14,627145.1283,4833778.6878
4079,5443160,1075169,11/15/2008 10:00:00 AM,1020,DUPONT ST,MADISON AVE,,Major Arterial,Toronto and East York,43.675145,-79.40599,,No Control,Rain,Daylight,Wet,Non-Fatal Injury,Rear End,Vehicle Owner,unknown,,,,Other,,,,,,,,,,,,Yes,,,,,Yes,,Yes,,,,95,Annex,95,Annex (95),D53,628494.6346,4837026.4811
4080,5443161,1075169,11/15/2008 10:00:00 AM,1020,DUPONT ST,MADISON AVE,,Major Arterial,Toronto and East York,43.675145,-79.40599,,No Control,Rain,Daylight,Wet,Non-Fatal Injury,Rear End,Driver,25 to 29,None,,West,"Automobile, Station Wagon",Going Ahead,Following too Close,Inattentive,,,,,,,,,Yes,,,,,Yes,,Yes,,,,95,Annex,95,Annex (95),D53,628494.6346,4837026.4811
4081,5443162,1075169,11/15/2008 10:00:00 AM,1020,DUPONT ST,MADISON AVE,,Major Arterial,Toronto and East York,43.675145,-79.40599,,No Control,Rain,Daylight,Wet,Non-Fatal Injury,Rear End,Driver,50 to 54,None,,West,"Automobile, Station Wagon",Stopped,Driving Properly,Normal,,,,,,,,,Yes,,,,,Yes,,Yes,,,,95,Annex,95,Annex (95),D53,628494.6346,4837026.4811
4082,5443163,1075169,11/15/2008 10:00:00 AM,1020,DUPONT ST,MADISON AVE,,Major Arterial,Toronto and East York,43.675145,-79.40599,,No Control,Rain,Daylight,Wet,Non-Fatal Injury,Rear End,Passenger,55 to 59,Major,,,Other,,,,,,,,,,,,Yes,,,,,Yes,,Yes,,,,95,Annex,95,Annex (95),D53,628494.6346,4837026.4811
4083,5443164,1075169,11/15/2008 10:00:00 AM,1020,DUPONT ST,MADISON AVE,,Major Arterial,Toronto and East York,43.675145,-79.40599,,No Control,Rain,Daylight,Wet,Non-Fatal Injury,Rear End,Driver,55 to 59,Major,,West,"Automobile, Station Wagon",Stopped,Driving Properly,Normal,,,,,,,,,Yes,,,,,Yes,,Yes,,,,95,Annex,95,Annex (95),D53,628494.6346,4837026.4811
4084,5431866,1070099,11/15/2008 10:00:00 AM,1620,EGLINTON AVE E,LEBOVIC AVE,,Major Arterial,Scarborough,43.726945,-79.29149,At Intersection,No Control,Rain,Daylight,Wet,Non-Fatal Injury,Pedestrian Collisions,Pedestrian,75 to 79,Major,,,Other,Other,,,,,,,,,Yes,,,,,,,,,,,,,120,Clairlea-Birchmount,120,Clairlea-Birchmount (120),D41,637606.1307,4842963.3587
4085,5432495,1070403,11/17/2008 10:00:00 AM,748,RENFORTH Dr,BURNHAMTHORPE Rd,,Major Arterial,Etobicoke York,43.643345,-79.57249,At Intersection,Traffic Signal,Clear,Daylight,Dry,Non-Fatal Injury,Approaching,Driver,50 to 54,Major,,North,"Automobile, Station Wagon",Stopped,Lost control,Medical or Physical Disability,,,,,,,,,Yes,,,,,,,,,,Yes,11,Eringate-Centennial-West Deane,11,Eringate-Centennial-West Deane (11),D22,615133.5657,4833250.2327
4086,5432496,1070403,11/17/2008 10:00:00 AM,748,RENFORTH Dr,BURNHAMTHORPE Rd,,Major Arterial,Etobicoke York,43.643345,-79.57249,At Intersection,Traffic Signal,Clear,Daylight,Dry,Non-Fatal Injury,Approaching,Driver,35 to 39,None,,South,"Automobile, Station Wagon",Stopped,Driving Properly,Unknown,,,,,,,,,Yes,,,,,,,,,,Yes,11,Eringate-Centennial-West Deane,11,Eringate-Centennial-West Deane (11),D22,615133.5657,4833250.2327
4087,5432497,1070403,11/17/2008 10:00:00 AM,748,RENFORTH Dr,BURNHAMTHORPE Rd,,Major Arterial,Etobicoke York,43.643345,-79.57249,At Intersection,Traffic Signal,Clear,Daylight,Dry,Non-Fatal Injury,Approaching,Driver,45 to 49,None,,South,"Automobile, Station Wagon",Stopped,Driving Properly,Normal,,,,,,,,,Yes,,,,,,,,,,Yes,11,Eringate-Centennial-West Deane,11,Eringate-Centennial-West Deane (11),D22,615133.5657,4833250.2327
4088,5433161,1070690,11/18/2008 10:00:00 AM,1915,ELLESMERE RD,DEEP DENE DR,,Minor Arterial,Scarborough,43.790845,-79.17029,At Intersection,Stop Sign,Clear,Dark,Other,Non-Fatal Injury,Pedestrian Collisions,Pedestrian,40 to 44,Major,,North,Other,,,,Vehicle is going straight thru inter.while ped cross without ROW,Crossing without right of way,Unknown,,,,Yes,,Yes,,,,,,,,,,,134,Highland Creek,134,Highland Creek (134),D43,647211.0941,4850268.8607
4089,5433162,1070690,11/18/2008 10:00:00 AM,1915,ELLESMERE RD,DEEP DENE DR,,Minor Arterial,Scarborough,43.790845,-79.17029,At Intersection,Stop Sign,Clear,Dark,Other,Non-Fatal Injury,Pedestrian Collisions,Driver,75 to 79,None,,East,"Automobile, Station Wagon",Going Ahead,Driving Properly,Normal,,,,,,,Yes,,Yes,,,,,,,,,,,134,Highland Creek,134,Highland Creek (134),D43,647211.0941,4850268.8607
4090,5444571,1075796,11/19/2008 10:00:00 AM,920,BLOOR ST W,BROCK AVE,,Major Arterial,Toronto and East York,43.659245,-79.43869,,No Control,Clear,Daylight,Dry,Non-Fatal Injury,Pedestrian Collisions,Driver,30 to 34,None,,South,"Automobile, Station Wagon",Turning Left,,,,,,,,,Yes,,Yes,,,,,,,,,,,171,Junction-Wallace Emerson,93,Dovercourt-Wallace Emerson-Junction (93),D11,625891.8659,4835210.4386
4091,5444572,1075796,11/19/2008 10:00:00 AM,920,BLOOR ST W,BROCK AVE,,Major Arterial,Toronto and East York,43.659245,-79.43869,,No Control,Clear,Daylight,Dry,Non-Fatal Injury,Pedestrian Collisions,Pedestrian,unknown,Major,,,Other,Other,,,,,,,,,Yes,,Yes,,,,,,,,,,,171,Junction-Wallace Emerson,93,Dovercourt-Wallace Emerson-Junction (93),D11,625891.8659,4835210.4386
4092,5442463,1074830,11/20/2008 10:00:00 AM,1445,ROGERS Road,SCOTT Road,,Minor Arterial,Etobicoke York,43.682345,-79.46909,,No Control,Clear,Daylight,Dry,Non-Fatal Injury,SMV Unattended Vehicle,Vehicle Owner,unknown,,,,Other,,,,,,,,,,,,Yes,,,,,,Yes,Yes,,,,110,Keelesdale-Eglinton West,110,Keelesdale-Eglinton West (110),D12,623393.2781,4837730.3237
4093,5442464,1074830,11/20/2008 10:00:00 AM,1445,ROGERS Road,SCOTT Road,,Minor Arterial,Etobicoke York,43.682345,-79.46909,,No Control,Clear,Daylight,Dry,Non-Fatal Injury,SMV Unattended Vehicle,Driver,45 to 49,Major,,South,"Automobile, Station Wagon",Turning Left,Lost control,Unknown,,,,,,,,,Yes,,,,,,Yes,Yes,,,,110,Keelesdale-Eglinton West,110,Keelesdale-Eglinton West (110),D12,623393.2781,4837730.3237
4094,5442465,1074830,11/20/2008 10:00:00 AM,1445,ROGERS Road,SCOTT Road,,Minor Arterial,Etobicoke York,43.682345,-79.46909,,No Control,Clear,Daylight,Dry,Non-Fatal Injury,SMV Unattended Vehicle,Other,unknown,None,,,Other,Parked,,,,,,,,,,,Yes,,,,,,Yes,Yes,,,,110,Keelesdale-Eglinton West,110,Keelesdale-Eglinton West (110),D12,623393.2781,4837730.3237
4095,5442466,1074830,11/20/2008 10:00:00 AM,1445,ROGERS Road,SCOTT Road,,Minor Arterial,Etobicoke York,43.682345,-79.46909,,No Control,Clear,Daylight,Dry,Non-Fatal Injury,SMV Unattended Vehicle,Other Property Owner,unknown,,,,Other,,,,,,,,,,,,Yes,,,,,,Yes,Yes,,,,110,Keelesdale-Eglinton West,110,Keelesdale-Eglinton West (110),D12,623393.2781,4837730.3237
4096,5434968,1071508,11/21/2008 10:00:00 AM,840,THE WEST MALL,RATHBURN RD,,Minor Arterial,Etobicoke York,43.653045,-79.57249,At Intersection,Traffic Signal,Clear,Daylight,Dry,Non-Fatal Injury,Pedestrian Collisions,Driver,40 to 44,None,,South,"Automobile, Station Wagon",Turning Left,Improper Turn,Normal,,,,,,,Yes,,Yes,,,,,,,,,,,11,Eringate-Centennial-West Deane,11,Eringate-Centennial-West Deane (11),D22,615115.0355,4834327.5399
4097,5434969,1071508,11/21/2008 10:00:00 AM,840,THE WEST MALL,RATHBURN RD,,Minor Arterial,Etobicoke York,43.653045,-79.57249,At Intersection,Traffic Signal,Clear,Daylight,Dry,Non-Fatal Injury,Pedestrian Collisions,Pedestrian,70 to 74,Major,,South,Other,,,,Vehicle turns left while ped crosses with ROW at inter.,Crossing with right of way,Normal,,,,Yes,,Yes,,,,,,,,,,,11,Eringate-Centennial-West Deane,11,Eringate-Centennial-West Deane (11),D22,615115.0355,4834327.5399
4098,5443707,1075399,11/21/2008 10:00:00 AM,1810,LAWRENCE Aven W,RALPH Stre,,Major Arterial,Etobicoke York,43.700945,-79.51279,,No Control,Clear,Daylight,Dry,Non-Fatal Injury,Rear End,Vehicle Owner,unknown,,,,Other,,,,,,,,,,,,Yes,,,,,,,Yes,,,,113,Weston,113,Weston (113),D12,619833.9249,4839732.0176
4099,5443708,1075399,11/21/2008 10:00:00 AM,1810,LAWRENCE Aven W,RALPH Stre,,Major Arterial,Etobicoke York,43.700945,-79.51279,,No Control,Clear,Daylight,Dry,Non-Fatal Injury,Rear End,Driver,80 to 84,None,,East,"Automobile, Station Wagon",Going Ahead,Following too Close,Inattentive,,,,,,,,,Yes,,,,,,,Yes,,,,113,Weston,113,Weston (113),D12,619833.9249,4839732.0176
4100,5443709,1075399,11/21/2008 10:00:00 AM,1810,LAWRENCE Aven W,RALPH Stre,,Major Arterial,Etobicoke York,43.700945,-79.51279,,No Control,Clear,Daylight,Dry,Non-Fatal Injury,Rear End,Vehicle Owner,unknown,,,,Other,,,,,,,,,,,,Yes,,,,,,,Yes,,,,113,Weston,113,Weston (113),D12,619833.9249,4839732.0176
4101,5443710,1075399,11/21/2008 10:00:00 AM,1810,LAWRENCE Aven W,RALPH Stre,,Major Arterial,Etobicoke York,43.700945,-79.51279,,No Control,Clear,Daylight,Dry,Non-Fatal Injury,Rear End,Driver,30 to 34,Major,,East,"Automobile, Station Wagon",Stopped,Driving Properly,Normal,,,,,,,,,Yes,,,,,,,Yes,,,,113,Weston,113,Weston (113),D12,619833.9249,4839732.0176
4102,5444718,1075854,11/23/2008 10:00:00 AM,145,COLLEGE ST,MARKHAM ST,,Major Arterial,Toronto and East York,43.656245,-79.40899,At Intersection,Stop Sign,Clear,Dark,Dry,Non-Fatal Injury,Pedestrian Collisions,Driver,45 to 49,None,,East,"Automobile, Station Wagon",Turning Right,Failed to Yield Right of Way,Inattentive,,,,,,,Yes,,Yes,,,,,,,Yes,,,,80,Palmerston-Little Italy,80,Palmerston-Little Italy (80),D14,628293.055,4834922.7413
4103,5444719,1075854,11/23/2008 10:00:00 AM,145,COLLEGE ST,MARKHAM ST,,Major Arterial,Toronto and East York,43.656245,-79.40899,At Intersection,Stop Sign,Clear,Dark,Dry,Non-Fatal Injury,Pedestrian Collisions,Pedestrian,30 to 34,Major,,East,Other,,,,Vehicle turns right while ped crosses with ROW at inter.,Crossing with right of way,Normal,,,,Yes,,Yes,,,,,,,Yes,,,,80,Palmerston-Little Italy,80,Palmerston-Little Italy (80),D14,628293.055,4834922.7413
4104,5444711,1075851,11/23/2008 10:00:00 AM,1943,NEILSON Rd,MCLEVIN Ave,,Minor Arterial,Scarborough,43.809145,-79.22169,,Traffic Signal,Clear,Daylight,Dry,Non-Fatal Injury,SMV Other,Driver,25 to 29,Major,,South,"Automobile, Station Wagon",Turning Left,Lost control,Medical or Physical Disability,,,,,,,,,Yes,,,,,,,,,,Yes,145,Malvern West,132,Malvern (132),D42,643031.9298,4852211.2337
4105,5444712,1075851,11/23/2008 10:00:00 AM,1943,NEILSON Rd,MCLEVIN Ave,,Minor Arterial,Scarborough,43.809145,-79.22169,,Traffic Signal,Clear,Daylight,Dry,Non-Fatal Injury,SMV Other,Other Property Owner,unknown,,,,Other,,,,,,,,,,,,Yes,,,,,,,,,,Yes,145,Malvern West,132,Malvern (132),D42,643031.9298,4852211.2337
4106,5444973,1075972,11/24/2008 10:00:00 AM,46,LAKE SHORE Blvd W,FORTIETH St,,Major Arterial,Etobicoke York,43.592545,-79.54179,,No Control,Clear,Dark,Dry,Non-Fatal Injury,Turning Movement,Driver,15 to 19,Major,,West,"Automobile, Station Wagon",Making U Turn,Improper Turn,Normal,,,,,,,,,Yes,,,Yes,,,,,,,,19,Long Branch,19,Long Branch (19),D22,617708.7222,4827651.321
4107,5444974,1075972,11/24/2008 10:00:00 AM,46,LAKE SHORE Blvd W,FORTIETH St,,Major Arterial,Etobicoke York,43.592545,-79.54179,,No Control,Clear,Dark,Dry,Non-Fatal Injury,Turning Movement,Vehicle Owner,unknown,,,,Other,,,,,,,,,,,,Yes,,,Yes,,,,,,,,19,Long Branch,19,Long Branch (19),D22,617708.7222,4827651.321
4108,5444975,1075972,11/24/2008 10:00:00 AM,46,LAKE SHORE Blvd W,FORTIETH St,,Major Arterial,Etobicoke York,43.592545,-79.54179,,No Control,Clear,Dark,Dry,Non-Fatal Injury,Turning Movement,Driver,40 to 44,None,,West,Municipal Transit Bus (TTC),Going Ahead,Driving Properly,Normal,,,,,,,,,Yes,,,Yes,,,,,,,,19,Long Branch,19,Long Branch (19),D22,617708.7222,4827651.321
4109,5445272,1076123,11/24/2008 10:00:00 AM,1754,RIVER ST,SHUTER ST,,Minor Arterial,Toronto and East York,43.659545,-79.35749,At Intersection,Traffic Signal,Rain,Dark,Wet,Non-Fatal Injury,Pedestrian Collisions,Pedestrian,50 to 54,Major,,South,Other,,,,Vehicle turns left while ped crosses with ROW at inter.,Crossing with right of way,Normal,,,,Yes,,Yes,,,,,,,,,,,72,Regent Park,72,Regent Park (72),D51,632438.6102,4835370.1668
4110,5445273,1076123,11/24/2008 10:00:00 AM,1754,RIVER ST,SHUTER ST,,Minor Arterial,Toronto and East York,43.659545,-79.35749,At Intersection,Traffic Signal,Rain,Dark,Wet,Non-Fatal Injury,Pedestrian Collisions,Driver,45 to 49,None,,North,"Automobile, Station Wagon",Turning Left,Improper Turn,Normal,,,,,,,Yes,,Yes,,,,,,,,,,,72,Regent Park,72,Regent Park (72),D51,632438.6102,4835370.1668
4111,5445162,1076080,11/25/2008 10:00:00 AM,1814,324 EASTERN AVE,,,Major Arterial,Toronto and East York,43.656645,-79.34669,,No Control,Rain,Dark,Wet,Non-Fatal Injury,Cyclist Collisions,Driver,40 to 44,None,,South,"Automobile, Station Wagon",Turning Right,Failed to Yield Right of Way,Normal,,,,,,,,Yes,Yes,,,,,,,Yes,,,,70,South Riverdale,70,South Riverdale (70),D55,633315.8617,4835065.3792
4112,5445163,1076080,11/25/2008 10:00:00 AM,1814,324 EASTERN AVE,,,Major Arterial,Toronto and East York,43.656645,-79.34669,,No Control,Rain,Dark,Wet,Non-Fatal Injury,Cyclist Collisions,Cyclist,35 to 39,Major,,East,Bicycle,Going Ahead,,,,,,"Motorist turns right at non-signal Inter.(stop, yield, no cont.,and dwy) and strikes cyclist.",Driving Properly,Normal,,Yes,Yes,,,,,,,Yes,,,,70,South Riverdale,70,South Riverdale (70),D55,633315.8617,4835065.3792
4113,5437262,1072541,11/26/2008 10:00:00 AM,1714,WARDEN AVE,FINCH AVE E,,Major Arterial,Scarborough,43.794845,-79.31499,,No Control,Rain,Dark,Wet,Fatal,Pedestrian Collisions,Passenger,65 to 69,None,,,Other,,,,,,,,,,Yes,,Yes,,,,,Yes,,,,,,148,East L'Amoreaux,117,L'Amoreaux (117),D42,635559.9415,4850465.9346
4114,5437263,1072541,11/26/2008 10:00:00 AM,1714,WARDEN AVE,FINCH AVE E,,Major Arterial,Scarborough,43.794845,-79.31499,,No Control,Rain,Dark,Wet,Fatal,Pedestrian Collisions,Driver,70 to 74,None,,North,"Automobile, Station Wagon",Going Ahead,Driving Properly,Inattentive,,,,,,,Yes,,Yes,,,,,Yes,,,,,,148,East L'Amoreaux,117,L'Amoreaux (117),D42,635559.9415,4850465.9346
4115,5437264,1072541,11/26/2008 10:00:00 AM,1714,WARDEN AVE,FINCH AVE E,,Major Arterial,Scarborough,43.794845,-79.31499,,No Control,Rain,Dark,Wet,Fatal,Pedestrian Collisions,Driver,45 to 49,None,,South,"Automobile, Station Wagon",Going Ahead,Driving Properly,Normal,,,,,,,Yes,,Yes,,,,,Yes,,,,,,148,East L'Amoreaux,117,L'Amoreaux (117),D42,635559.9415,4850465.9346
4116,5437265,1072541,11/26/2008 10:00:00 AM,1714,WARDEN AVE,FINCH AVE E,,Major Arterial,Scarborough,43.794845,-79.31499,,No Control,Rain,Dark,Wet,Fatal,Pedestrian Collisions,Pedestrian,55 to 59,Fatal,53,West,Other,,,,Pedestrian hit at mid-block,"Crossing, no Traffic Control",Unknown,,,,Yes,,Yes,,,,,Yes,,,,,,148,East L'Amoreaux,117,L'Amoreaux (117),D42,635559.9415,4850465.9346
4117,5437266,1072542,11/26/2008 10:00:00 AM,1919,KIPLING AVE,JOHN GARLAND BLVD,,Major Arterial,Etobicoke York,43.738845,-79.57999,At Intersection,No Control,Rain,Dark,Wet,Non-Fatal Injury,Pedestrian Collisions,Driver,20 to 24,None,,North,"Automobile, Station Wagon",Merging,Driving Properly,Inattentive,,,,,,,Yes,,Yes,,,,,,,,,,,2,Mount Olive-Silverstone-Jamestown,2,Mount Olive-Silverstone-Jamestown (2),D23,614347.0399,4843846.4078
4118,5437267,1072542,11/26/2008 10:00:00 AM,1919,KIPLING AVE,JOHN GARLAND BLVD,,Major Arterial,Etobicoke York,43.738845,-79.57999,At Intersection,No Control,Rain,Dark,Wet,Non-Fatal Injury,Pedestrian Collisions,Pedestrian,30 to 34,Major,,,Other,,,,Pedestrian hit at mid-block,"Crossing, no Traffic Control",Inattentive,,,,Yes,,Yes,,,,,,,,,,,2,Mount Olive-Silverstone-Jamestown,2,Mount Olive-Silverstone-Jamestown (2),D23,614347.0399,4843846.4078
4119,5445990,1076502,11/27/2008 10:00:00 AM,946,MIDLAND AVE,HAVENDALE RD,,Major Arterial,Scarborough,43.793245,-79.28189,At Intersection,Traffic Signal,Clear,Daylight,Dry,Non-Fatal Injury,Pedestrian Collisions,Driver,90 to 94,None,,East,"Automobile, Station Wagon",Turning Left,Failed to Yield Right of Way,Inattentive,,,,,,,Yes,,Yes,,,,,,,Yes,,,,128,Agincourt South-Malvern West,128,Agincourt South-Malvern West (128),D42,638226.5714,4850342.9772
4120,5445991,1076502,11/27/2008 10:00:00 AM,946,MIDLAND AVE,HAVENDALE RD,,Major Arterial,Scarborough,43.793245,-79.28189,At Intersection,Traffic Signal,Clear,Daylight,Dry,Non-Fatal Injury,Pedestrian Collisions,Pedestrian,55 to 59,Major,,West,Other,,,,Vehicle turns left while ped crosses with ROW at inter.,Crossing with right of way,Normal,,,,Yes,,Yes,,,,,,,Yes,,,,128,Agincourt South-Malvern West,128,Agincourt South-Malvern West (128),D42,638226.5714,4850342.9772
4121,5455182,1083356,11/28/2008 10:00:00 AM,950,MCCOWAN RD,TOWN CENTRE CRT,,Major Arterial,Scarborough,43.774545,-79.25219,At Intersection,Traffic Signal,Clear,Daylight,Wet,Non-Fatal Injury,Angle,Driver,70 to 74,None,,South,"Automobile, Station Wagon",Going Ahead,Disobeyed Traffic Control,Normal,,,,,,,,,Yes,,,,,,,Yes,Yes,,,142,Woburn North,137,Woburn (137),D43,640659.896,4848316.0775
4122,5455183,1083356,11/28/2008 10:00:00 AM,950,MCCOWAN RD,TOWN CENTRE CRT,,Major Arterial,Scarborough,43.774545,-79.25219,At Intersection,Traffic Signal,Clear,Daylight,Wet,Non-Fatal Injury,Angle,Driver,35 to 39,Major,,West,"Automobile, Station Wagon",Going Ahead,Driving Properly,Normal,,,,,,,,,Yes,,,,,,,Yes,Yes,,,142,Woburn North,137,Woburn (137),D43,640659.896,4848316.0775