OBJECTID,INDEX,ACCNUM,DATE,TIME,STREET1,STREET2,OFFSET,ROAD_CLASS,DISTRICT,LATITUDE,LONGITUDE,ACCLOC,TRAFFCTL,VISIBILITY,LIGHT,RDSFCOND,ACCLASS,IMPACTYPE,INVTYPE,INVAGE,INJURY,FATAL_NO,INITDIR,VEHTYPE,MANOEUVER,DRIVACT,DRIVCOND,PEDTYPE,PEDACT,PEDCOND,CYCLISTYPE,CYCACT,CYCCOND,PEDESTRIAN,CYCLIST,AUTOMOBILE,MOTORCYCLE,TRUCK,TRSN_CITY_VEH,EMERG_VEH,PASSENGER,SPEEDING,AG_DRIV,REDLIGHT,ALCOHOL,DISABILITY,HOOD_158,NEIGHBOURHOOD_158,HOOD_140,NEIGHBOURHOOD_140,DIVISION,x,y
4123,5455184,1083356,11/28/2008 10:00:00 AM,950,MCCOWAN RD,TOWN CENTRE CRT,,Major Arterial,Scarborough,43.774545,-79.25219,At Intersection,Traffic Signal,Clear,Daylight,Wet,Non-Fatal Injury,Angle,Driver,35 to 39,None,,East,"Automobile, Station Wagon",Stopped,Driving Properly,Normal,,,,,,,,,Yes,,,,,,,Yes,Yes,,,142,Woburn North,137,Woburn (137),D43,640659.896,4848316.0775
4124,5437692,1072743,11/28/2008 10:00:00 AM,1854,BLOOR ST E,PARLIAMENT ST,,Major Arterial,Toronto and East York,43.672045,-79.37069,At Intersection,Yield Sign,Rain,Dark,Wet,Non-Fatal Injury,Pedestrian Collisions,Driver,60 to 64,None,,East,"Automobile, Station Wagon",Turning Right,Failed to Yield Right of Way,"Ability Impaired, Alcohol",,,,,,,Yes,,Yes,,,,,,,Yes,,Yes,,98,Rosedale-Moore Park,98,Rosedale-Moore Park (98),D53,631346.9929,4836737.4739
4125,5437693,1072743,11/28/2008 10:00:00 AM,1854,BLOOR ST E,PARLIAMENT ST,,Major Arterial,Toronto and East York,43.672045,-79.37069,At Intersection,Yield Sign,Rain,Dark,Wet,Non-Fatal Injury,Pedestrian Collisions,Pedestrian,50 to 54,Major,,South,Other,,,,Vehicle turns right while ped crosses with ROW at inter.,Crossing with right of way,Normal,,,,Yes,,Yes,,,,,,,Yes,,Yes,,98,Rosedale-Moore Park,98,Rosedale-Moore Park (98),D53,631346.9929,4836737.4739
4126,5444788,1075887,11/30/2008 10:00:00 AM,1930,BARKWIN DR,ISLINGTON AVE,,Major Arterial,Etobicoke York,43.738145,-79.56569,At Intersection,Stop Sign,Clear,Dark,Dry,Non-Fatal Injury,Cyclist Collisions,Driver,unknown,None,,West,"Automobile, Station Wagon",Slowing or Stopping,Driving Properly,Unknown,,,,,,,,Yes,Yes,,,,,,,,,,,3,Thistletown-Beaumond Heights,3,Thistletown-Beaumond Heights (3),D23,615499.9085,4843788.4974
4127,5444789,1075887,11/30/2008 10:00:00 AM,1930,BARKWIN DR,ISLINGTON AVE,,Major Arterial,Etobicoke York,43.738145,-79.56569,At Intersection,Stop Sign,Clear,Dark,Dry,Non-Fatal Injury,Cyclist Collisions,Cyclist,45 to 49,Major,,South,Bicycle,Going Ahead,,,,,,"Cyclist without ROW rides into path of motorist at inter, lnwy, dwy-Cyclist not turn.",Failed to Yield Right of Way,Inattentive,,Yes,Yes,,,,,,,,,,,3,Thistletown-Beaumond Heights,3,Thistletown-Beaumond Heights (3),D23,615499.9085,4843788.4974
4128,5450611,1078711,12/1/2008 10:00:00 AM,1330,BATHURST Stre,ULSTER Stre,,Major Arterial,Toronto and East York,43.659745,-79.40909,At Intersection,Traffic Signal,Freezing Rain,Daylight,Wet,Non-Fatal Injury,Sideswipe,Motorcycle Driver,35 to 39,Major,,North,Motorcycle,Changing Lanes,Improper Lane Change,Inattentive,,,,,,,,,Yes,Yes,,,,,,,,,,80,Palmerston-Little Italy,80,Palmerston-Little Italy (80),D14,628277.538,4835311.3078
4129,5450612,1078711,12/1/2008 10:00:00 AM,1330,BATHURST Stre,ULSTER Stre,,Major Arterial,Toronto and East York,43.659745,-79.40909,At Intersection,Traffic Signal,Freezing Rain,Daylight,Wet,Non-Fatal Injury,Sideswipe,Driver,20 to 24,None,,North,"Automobile, Station Wagon",Going Ahead,Driving Properly,Normal,,,,,,,,,Yes,Yes,,,,,,,,,,80,Palmerston-Little Italy,80,Palmerston-Little Italy (80),D14,628277.538,4835311.3078
4130,5439444,1073546,12/2/2008 10:00:00 AM,1222,STEELES AVE W,PETROLIA RD,,Major Arterial,North York,43.782545,-79.49009,At Intersection,Traffic Signal,Clear,Daylight,Dry,Non-Fatal Injury,Pedestrian Collisions,Pedestrian,40 to 44,Major,,North,Other,,,,Vehicle turns left while ped crosses with ROW at inter.,Crossing with right of way,Normal,,,,Yes,,Yes,,,,,,,Yes,,,,27,York University Heights,27,York University Heights (27),D31,621497.8535,4848827.9402
4131,5439445,1073546,12/2/2008 10:00:00 AM,1222,STEELES AVE W,PETROLIA RD,,Major Arterial,North York,43.782545,-79.49009,At Intersection,Traffic Signal,Clear,Daylight,Dry,Non-Fatal Injury,Pedestrian Collisions,Driver,50 to 54,None,,South,"Automobile, Station Wagon",Turning Left,Failed to Yield Right of Way,Inattentive,,,,,,,Yes,,Yes,,,,,,,Yes,,,,27,York University Heights,27,York University Heights (27),D31,621497.8535,4848827.9402
4132,5451690,1079532,12/3/2008 10:00:00 AM,1134,EGLINTON AVE E,ST DENNIS EGLINTON E RAMP,,Major Arterial,North York,43.724945,-79.32319,,No Control,Clear,Daylight,Dry,Non-Fatal Injury,Pedestrian Collisions,Vehicle Owner,unknown,,,,Other,,,,,,,,,,Yes,,,,Yes,,,,,,,,,44,Flemingdon Park,44,Flemingdon Park (44),D55,635057.4284,4842689.0769
4133,5451691,1079532,12/3/2008 10:00:00 AM,1134,EGLINTON AVE E,ST DENNIS EGLINTON E RAMP,,Major Arterial,North York,43.724945,-79.32319,,No Control,Clear,Daylight,Dry,Non-Fatal Injury,Pedestrian Collisions,Truck Driver,40 to 44,None,,East,Truck - Open,Going Ahead,Driving Properly,Normal,,,,,,,Yes,,,,Yes,,,,,,,,,44,Flemingdon Park,44,Flemingdon Park (44),D55,635057.4284,4842689.0769
4134,5451692,1079532,12/3/2008 10:00:00 AM,1134,EGLINTON AVE E,ST DENNIS EGLINTON E RAMP,,Major Arterial,North York,43.724945,-79.32319,,No Control,Clear,Daylight,Dry,Non-Fatal Injury,Pedestrian Collisions,Other,unknown,None,,,Other,Unknown,,,,,,,,,Yes,,,,Yes,,,,,,,,,44,Flemingdon Park,44,Flemingdon Park (44),D55,635057.4284,4842689.0769
4135,5451693,1079532,12/3/2008 10:00:00 AM,1134,EGLINTON AVE E,ST DENNIS EGLINTON E RAMP,,Major Arterial,North York,43.724945,-79.32319,,No Control,Clear,Daylight,Dry,Non-Fatal Injury,Pedestrian Collisions,Pedestrian,50 to 54,Major,,,Other,,,,Pedestrian hit at mid-block,Running onto Roadway,Inattentive,,,,Yes,,,,Yes,,,,,,,,,44,Flemingdon Park,44,Flemingdon Park (44),D55,635057.4284,4842689.0769
4136,5452114,1079815,12/3/2008 10:00:00 AM,1905,40 CLUNY DR,CRESCENT Road,,Local,Toronto and East York,43.676945,-79.38629,,No Control,Clear,Dark,Dry,Non-Fatal Injury,Pedestrian Collisions,Vehicle Owner,unknown,,,,Other,,,,,,,,,,Yes,,Yes,,,,,,,,,,,98,Rosedale-Moore Park,98,Rosedale-Moore Park (98),D53,630078.7969,4837257.1019
4137,5452115,1079815,12/3/2008 10:00:00 AM,1905,40 CLUNY DR,CRESCENT Road,,Local,Toronto and East York,43.676945,-79.38629,,No Control,Clear,Dark,Dry,Non-Fatal Injury,Pedestrian Collisions,Driver,40 to 44,None,,South,"Automobile, Station Wagon",Going Ahead,Driving Properly,Normal,,,,,,,Yes,,Yes,,,,,,,,,,,98,Rosedale-Moore Park,98,Rosedale-Moore Park (98),D53,630078.7969,4837257.1019
4138,5452116,1079815,12/3/2008 10:00:00 AM,1905,40 CLUNY DR,CRESCENT Road,,Local,Toronto and East York,43.676945,-79.38629,,No Control,Clear,Dark,Dry,Non-Fatal Injury,Pedestrian Collisions,Pedestrian,55 to 59,Major,,East,Other,,,,Pedestrian hit at mid-block,"Crossing, no Traffic Control",Inattentive,,,,Yes,,Yes,,,,,,,,,,,98,Rosedale-Moore Park,98,Rosedale-Moore Park (98),D53,630078.7969,4837257.1019
4139,5440604,1074035,12/4/2008 10:00:00 AM,701,HIGHWAY 27  S,ALBION RD,,Major Arterial,Etobicoke York,43.749345,-79.61029,,No Control,Clear,Dark,Wet,Non-Fatal Injury,Pedestrian Collisions,Vehicle Owner,unknown,,,,Other,,,,,,,,,,Yes,,,,Yes,,,,,,,,,1,West Humber-Clairville,1,West Humber-Clairville (1),D23,611887.5395,4844971.2123
4140,5440605,1074035,12/4/2008 10:00:00 AM,701,HIGHWAY 27  S,ALBION RD,,Major Arterial,Etobicoke York,43.749345,-79.61029,,No Control,Clear,Dark,Wet,Non-Fatal Injury,Pedestrian Collisions,Truck Driver,55 to 59,None,,South,Truck - Open,Going Ahead,Driving Properly,Normal,,,,,,,Yes,,,,Yes,,,,,,,,,1,West Humber-Clairville,1,West Humber-Clairville (1),D23,611887.5395,4844971.2123
4141,5440606,1074035,12/4/2008 10:00:00 AM,701,HIGHWAY 27  S,ALBION RD,,Major Arterial,Etobicoke York,43.749345,-79.61029,,No Control,Clear,Dark,Wet,Non-Fatal Injury,Pedestrian Collisions,Vehicle Owner,unknown,,,,Other,,,,,,,,,,Yes,,,,Yes,,,,,,,,,1,West Humber-Clairville,1,West Humber-Clairville (1),D23,611887.5395,4844971.2123
4142,5440607,1074035,12/4/2008 10:00:00 AM,701,HIGHWAY 27  S,ALBION RD,,Major Arterial,Etobicoke York,43.749345,-79.61029,,No Control,Clear,Dark,Wet,Non-Fatal Injury,Pedestrian Collisions,Pedestrian,15 to 19,Major,,East,Other,,,,Pedestrian hit at mid-block,"Crossing, no Traffic Control",Normal,,,,Yes,,,,Yes,,,,,,,,,1,West Humber-Clairville,1,West Humber-Clairville (1),D23,611887.5395,4844971.2123
4143,5451791,1079597,12/4/2008 10:00:00 AM,706,WILSON AVE,LEXFIELD AVE,,Major Arterial,North York,43.723345,-79.49679,,No Control,Clear,Daylight,Wet,Non-Fatal Injury,Pedestrian Collisions,Driver,50 to 54,None,,West,"Automobile, Station Wagon",Going Ahead,Driving Properly,Normal,,,,,,,Yes,,Yes,,,,,,,,,,,154,Oakdale-Beverley Heights,26,Downsview-Roding-CFB (26),D31,621078.0421,4842243.0998
4144,5451792,1079597,12/4/2008 10:00:00 AM,706,WILSON AVE,LEXFIELD AVE,,Major Arterial,North York,43.723345,-79.49679,,No Control,Clear,Daylight,Wet,Non-Fatal Injury,Pedestrian Collisions,Pedestrian,40 to 44,Major,,South,Other,,,,Vehicle is going straight thru inter.while ped cross without ROW,Running onto Roadway,Normal,,,,Yes,,Yes,,,,,,,,,,,154,Oakdale-Beverley Heights,26,Downsview-Roding-CFB (26),D31,621078.0421,4842243.0998
4145,5441139,1074266,12/5/2008 10:00:00 AM,1353,SHEPPARD AVE W,YEOMANS RD,,Major Arterial,North York,43.754745,-79.44219,,No Control,Clear,Daylight,Dry,Non-Fatal Injury,Pedestrian Collisions,Vehicle Owner,unknown,,,,Other,,,,,,,,,,Yes,,Yes,,,,,,,,,,,33,Clanton Park,33,Clanton Park (33),D32,625410.3378,4845811.7442
4146,5441140,1074266,12/5/2008 10:00:00 AM,1353,SHEPPARD AVE W,YEOMANS RD,,Major Arterial,North York,43.754745,-79.44219,,No Control,Clear,Daylight,Dry,Non-Fatal Injury,Pedestrian Collisions,Driver,40 to 44,None,,East,"Automobile, Station Wagon",Slowing or Stopping,Driving Properly,Normal,,,,,,,Yes,,Yes,,,,,,,,,,,33,Clanton Park,33,Clanton Park (33),D32,625410.3378,4845811.7442
4147,5441141,1074266,12/5/2008 10:00:00 AM,1353,SHEPPARD AVE W,YEOMANS RD,,Major Arterial,North York,43.754745,-79.44219,,No Control,Clear,Daylight,Dry,Non-Fatal Injury,Pedestrian Collisions,Pedestrian,80 to 84,Major,,South,Other,,,,Pedestrian hit at mid-block,"Crossing, no Traffic Control",Inattentive,,,,Yes,,Yes,,,,,,,,,,,33,Clanton Park,33,Clanton Park (33),D32,625410.3378,4845811.7442
4148,5441135,1074265,12/5/2008 10:00:00 AM,1450,KEELE ST,TORO RD W,,Major Arterial,Etobicoke York,43.762845,-79.49089,At Intersection,No Control,Clear,Daylight,Dry,Non-Fatal Injury,Pedestrian Collisions,Driver,35 to 39,None,,South,"Automobile, Station Wagon",Going Ahead,Driving Properly,Normal,,,,,,,Yes,,Yes,,,,,,,Yes,,,,27,York University Heights,27,York University Heights (27),D31,621473.3564,4846638.7848
4149,5441136,1074265,12/5/2008 10:00:00 AM,1450,KEELE ST,TORO RD W,,Major Arterial,Etobicoke York,43.762845,-79.49089,At Intersection,No Control,Clear,Daylight,Dry,Non-Fatal Injury,Pedestrian Collisions,Vehicle Owner,unknown,,,,Other,,,,,,,,,,Yes,,Yes,,,,,,,Yes,,,,27,York University Heights,27,York University Heights (27),D31,621473.3564,4846638.7848
4150,5441137,1074265,12/5/2008 10:00:00 AM,1450,KEELE ST,TORO RD W,,Major Arterial,Etobicoke York,43.762845,-79.49089,At Intersection,No Control,Clear,Daylight,Dry,Non-Fatal Injury,Pedestrian Collisions,Driver,70 to 74,None,,East,"Automobile, Station Wagon",Turning Right,Failed to Yield Right of Way,Normal,,,,,,,Yes,,Yes,,,,,,,Yes,,,,27,York University Heights,27,York University Heights (27),D31,621473.3564,4846638.7848
4151,5441138,1074265,12/5/2008 10:00:00 AM,1450,KEELE ST,TORO RD W,,Major Arterial,Etobicoke York,43.762845,-79.49089,At Intersection,No Control,Clear,Daylight,Dry,Non-Fatal Injury,Pedestrian Collisions,Pedestrian,40 to 44,Major,,North,Other,,,,Pedestrian hit on sidewalk or shoulder,On Sidewalk or Shoulder,Normal,,,,Yes,,Yes,,,,,,,Yes,,,,27,York University Heights,27,York University Heights (27),D31,621473.3564,4846638.7848
4152,5452478,1080111,12/8/2008 10:00:00 AM,555,FINCH Ave W,OAKDALE Rd,,Major Arterial,Etobicoke York,43.755945,-79.52429,At Intersection,Traffic Signal,Clear,Dark,Wet,Non-Fatal Injury,Rear End,Driver,60 to 64,Minor,,South,"Automobile, Station Wagon",Going Ahead,Driving Properly,Normal,,,,,,,,,Yes,,,,,Yes,,Yes,Yes,,,24,Black Creek,24,Black Creek (24),D31,618798.5119,4845823.9901
4153,5452479,1080111,12/8/2008 10:00:00 AM,555,FINCH Ave W,OAKDALE Rd,,Major Arterial,Etobicoke York,43.755945,-79.52429,At Intersection,Traffic Signal,Clear,Dark,Wet,Non-Fatal Injury,Rear End,Passenger,45 to 49,Major,,,Other,,,,,,,,,,,,Yes,,,,,Yes,,Yes,Yes,,,24,Black Creek,24,Black Creek (24),D31,618798.5119,4845823.9901
4154,5452480,1080111,12/8/2008 10:00:00 AM,555,FINCH Ave W,OAKDALE Rd,,Major Arterial,Etobicoke York,43.755945,-79.52429,At Intersection,Traffic Signal,Clear,Dark,Wet,Non-Fatal Injury,Rear End,Vehicle Owner,unknown,,,,Other,,,,,,,,,,,,Yes,,,,,Yes,,Yes,Yes,,,24,Black Creek,24,Black Creek (24),D31,618798.5119,4845823.9901
4155,5452481,1080111,12/8/2008 10:00:00 AM,555,FINCH Ave W,OAKDALE Rd,,Major Arterial,Etobicoke York,43.755945,-79.52429,At Intersection,Traffic Signal,Clear,Dark,Wet,Non-Fatal Injury,Rear End,Driver,25 to 29,Minimal,,East,"Automobile, Station Wagon",Going Ahead,Disobeyed Traffic Control,Inattentive,,,,,,,,,Yes,,,,,Yes,,Yes,Yes,,,24,Black Creek,24,Black Creek (24),D31,618798.5119,4845823.9901
4156,5442122,1074689,12/9/2008 10:00:00 AM,245,F G GARDINER XY Expr W,WICKMAN RD,,,Etobicoke York,43.617245,-79.52979,,No Control,Snow,Dark,Loose Snow,Non-Fatal Injury,SMV Other,Passenger,10 to 14,Minor,,,Other,,,,,,,,,,,,Yes,,,,,Yes,,,,,,160,Mimico-Queensway,14,Islington-City Centre West (14),D22,618628.8288,4830411.6228
4157,5442123,1074689,12/9/2008 10:00:00 AM,245,F G GARDINER XY Expr W,WICKMAN RD,,,Etobicoke York,43.617245,-79.52979,,No Control,Snow,Dark,Loose Snow,Non-Fatal Injury,SMV Other,Passenger,45 to 49,Major,,,Other,,,,,,,,,,,,Yes,,,,,Yes,,,,,,160,Mimico-Queensway,14,Islington-City Centre West (14),D22,618628.8288,4830411.6228
4158,5442124,1074689,12/9/2008 10:00:00 AM,245,F G GARDINER XY Expr W,WICKMAN RD,,,Etobicoke York,43.617245,-79.52979,,No Control,Snow,Dark,Loose Snow,Non-Fatal Injury,SMV Other,Vehicle Owner,unknown,,,,Other,,,,,,,,,,,,Yes,,,,,Yes,,,,,,160,Mimico-Queensway,14,Islington-City Centre West (14),D22,618628.8288,4830411.6228
4159,5442125,1074689,12/9/2008 10:00:00 AM,245,F G GARDINER XY Expr W,WICKMAN RD,,,Etobicoke York,43.617245,-79.52979,,No Control,Snow,Dark,Loose Snow,Non-Fatal Injury,SMV Other,Driver,25 to 29,Minor,,West,"Automobile, Station Wagon",Going Ahead,Lost control,Unknown,,,,,,,,,Yes,,,,,Yes,,,,,,160,Mimico-Queensway,14,Islington-City Centre West (14),D22,618628.8288,4830411.6228
4160,5452789,1080622,12/9/2008 10:00:00 AM,1830,MACPHERSON AVE,SPADINA RD,,Minor Arterial,Toronto and East York,43.675845,-79.40749,At Intersection,No Control,Rain,Dark,Wet,Non-Fatal Injury,Pedestrian Collisions,Vehicle Owner,unknown,,,,Other,,,,,,,,,,Yes,,Yes,,,,,,,,,,,96,Casa Loma,96,Casa Loma (96),D13,628372.2243,4837101.9029
4161,5452790,1080622,12/9/2008 10:00:00 AM,1830,MACPHERSON AVE,SPADINA RD,,Minor Arterial,Toronto and East York,43.675845,-79.40749,At Intersection,No Control,Rain,Dark,Wet,Non-Fatal Injury,Pedestrian Collisions,Driver,50 to 54,None,,North,"Automobile, Station Wagon",Turning Left,Driving Properly,Normal,,,,,,,Yes,,Yes,,,,,,,,,,,96,Casa Loma,96,Casa Loma (96),D13,628372.2243,4837101.9029
4162,5452791,1080622,12/9/2008 10:00:00 AM,1830,MACPHERSON AVE,SPADINA RD,,Minor Arterial,Toronto and East York,43.675845,-79.40749,At Intersection,No Control,Rain,Dark,Wet,Non-Fatal Injury,Pedestrian Collisions,Pedestrian,55 to 59,Major,,North,Other,,,,Vehicle turns left while ped crosses without ROW at inter.,Crossing without right of way,Normal,,,,Yes,,Yes,,,,,,,,,,,96,Casa Loma,96,Casa Loma (96),D13,628372.2243,4837101.9029
4163,5453332,1081003,12/10/2008 10:00:00 AM,1215,LAKE SHORE BLVD E,LOWER JARVIS ST,,Major Arterial,Toronto and East York,43.645645,-79.36989,,Traffic Signal,Clear,Daylight,Wet,Non-Fatal Injury,Turning Movement,Driver,55 to 59,Minimal,,East,"Automobile, Station Wagon",Turning Left,Improper Turn,Inattentive,,,,,,,,,Yes,,,,,Yes,,,,,,166,St Lawrence-East Bayfront-The Islands,77,Waterfront Communities-The Island (77),D51,631469.0911,4833806.6699
4164,5453333,1081003,12/10/2008 10:00:00 AM,1215,LAKE SHORE BLVD E,LOWER JARVIS ST,,Major Arterial,Toronto and East York,43.645645,-79.36989,,Traffic Signal,Clear,Daylight,Wet,Non-Fatal Injury,Turning Movement,Passenger,70 to 74,Major,,,Other,,,,,,,,,,,,Yes,,,,,Yes,,,,,,166,St Lawrence-East Bayfront-The Islands,77,Waterfront Communities-The Island (77),D51,631469.0911,4833806.6699
4165,5453334,1081003,12/10/2008 10:00:00 AM,1215,LAKE SHORE BLVD E,LOWER JARVIS ST,,Major Arterial,Toronto and East York,43.645645,-79.36989,,Traffic Signal,Clear,Daylight,Wet,Non-Fatal Injury,Turning Movement,Driver,70 to 74,Minor,,West,"Automobile, Station Wagon",Going Ahead,Driving Properly,Normal,,,,,,,,,Yes,,,,,Yes,,,,,,166,St Lawrence-East Bayfront-The Islands,77,Waterfront Communities-The Island (77),D51,631469.0911,4833806.6699
4166,5453645,1081341,12/11/2008 10:00:00 AM,2350,RICHMOND ST W,JOHN ST,,Major Arterial,Toronto and East York,43.649145,-79.39079,At Intersection,Traffic Signal,Clear,Dark,Dry,Non-Fatal Injury,Pedestrian Collisions,Vehicle Owner,unknown,,,,Other,,,,,,,,,,Yes,,Yes,,,,,,,,,,,164,Wellington Place,77,Waterfront Communities-The Island (77),D52,629775.9415,4834162.4942
4167,5453646,1081341,12/11/2008 10:00:00 AM,2350,RICHMOND ST W,JOHN ST,,Major Arterial,Toronto and East York,43.649145,-79.39079,At Intersection,Traffic Signal,Clear,Dark,Dry,Non-Fatal Injury,Pedestrian Collisions,Driver,30 to 34,None,,North,"Automobile, Station Wagon",Turning Left,Improper Turn,Inattentive,,,,,,,Yes,,Yes,,,,,,,,,,,164,Wellington Place,77,Waterfront Communities-The Island (77),D52,629775.9415,4834162.4942
4168,5453647,1081341,12/11/2008 10:00:00 AM,2350,RICHMOND ST W,JOHN ST,,Major Arterial,Toronto and East York,43.649145,-79.39079,At Intersection,Traffic Signal,Clear,Dark,Dry,Non-Fatal Injury,Pedestrian Collisions,Pedestrian,20 to 24,Major,,South,Other,,,,Vehicle turns left while ped crosses with ROW at inter.,Crossing with right of way,Normal,,,,Yes,,Yes,,,,,,,,,,,164,Wellington Place,77,Waterfront Communities-The Island (77),D52,629775.9415,4834162.4942
4169,5444199,1075633,12/13/2008 10:00:00 AM,2101,SHEPPARD AVE E,MORNINGSIDE AVE,,Major Arterial,Scarborough,43.802245,-79.19869,,No Control,Clear,Dark,Wet,Fatal,Turning Movement,Driver,30 to 34,Fatal,54,West,"Automobile, Station Wagon",Turning Left,Improper Turn,Unknown,,,,,,,,,Yes,,,,,,,,,,,144,Morningside Heights,131,Rouge (131),D42,644898.557,4851484.8935
4170,5444200,1075633,12/13/2008 10:00:00 AM,2101,SHEPPARD AVE E,MORNINGSIDE AVE,,Major Arterial,Scarborough,43.802245,-79.19869,,No Control,Clear,Dark,Wet,Fatal,Turning Movement,Vehicle Owner,unknown,,,,Other,,,,,,,,,,,,Yes,,,,,,,,,,,144,Morningside Heights,131,Rouge (131),D42,644898.557,4851484.8935
4171,5444201,1075633,12/13/2008 10:00:00 AM,2101,SHEPPARD AVE E,MORNINGSIDE AVE,,Major Arterial,Scarborough,43.802245,-79.19869,,No Control,Clear,Dark,Wet,Fatal,Turning Movement,Driver,60 to 64,None,,East,"Automobile, Station Wagon",Going Ahead,Driving Properly,Normal,,,,,,,,,Yes,,,,,,,,,,,144,Morningside Heights,131,Rouge (131),D42,644898.557,4851484.8935
4172,5454425,1082425,12/14/2008 10:00:00 AM,305,FINCH AVE W,JANE ST,,Major Arterial,Etobicoke York,43.757245,-79.51769,At Intersection,Traffic Signal,Freezing Rain,Dark,Wet,Non-Fatal Injury,Pedestrian Collisions,Driver,25 to 29,None,,West,"Automobile, Station Wagon",Going Ahead,Failed to Yield Right of Way,Normal,,,,,,,Yes,,Yes,,,,,,,Yes,,,,24,Black Creek,24,Black Creek (24),D31,619327.2492,4845977.8617
4173,5454426,1082425,12/14/2008 10:00:00 AM,305,FINCH AVE W,JANE ST,,Major Arterial,Etobicoke York,43.757245,-79.51769,At Intersection,Traffic Signal,Freezing Rain,Dark,Wet,Non-Fatal Injury,Pedestrian Collisions,Pedestrian,30 to 34,Major,,South,Other,,,,Vehicle is going straight thru inter.while ped cross with ROW,Crossing with right of way,Normal,,,,Yes,,Yes,,,,,,,Yes,,,,24,Black Creek,24,Black Creek (24),D31,619327.2492,4845977.8617
4174,5454145,1081813,12/15/2008 10:00:00 AM,925,EGLINTON AVE W,CHAPLIN CRES,,Major Arterial,North York,43.702745,-79.41739,At Intersection,Traffic Signal,Rain,Daylight,Wet,Non-Fatal Injury,Pedestrian Collisions,Driver,25 to 29,None,,South,"Automobile, Station Wagon",Turning Left,Driving Properly,Normal,,,,,,,Yes,,Yes,,,,,,,,,,,102,Forest Hill North,102,Forest Hill North (102),D53,627517.1604,4840074.2428
4175,5454146,1081813,12/15/2008 10:00:00 AM,925,EGLINTON AVE W,CHAPLIN CRES,,Major Arterial,North York,43.702745,-79.41739,At Intersection,Traffic Signal,Rain,Daylight,Wet,Non-Fatal Injury,Pedestrian Collisions,Pedestrian,30 to 34,Major,,South,Other,,,,Vehicle turns left while ped crosses without ROW at inter.,Running onto Roadway,Normal,,,,Yes,,Yes,,,,,,,,,,,102,Forest Hill North,102,Forest Hill North (102),D53,627517.1604,4840074.2428
4176,5455045,1083156,12/17/2008 10:00:00 AM,2205,QUEEN ST W,BAY ST,,Major Arterial,Toronto and East York,43.651845,-79.38169,,Traffic Signal,Clear,Dark,Dry,Non-Fatal Injury,Pedestrian Collisions,Driver,40 to 44,None,,West,"Automobile, Station Wagon",Going Ahead,Driving Properly,Normal,,,,,,,Yes,,Yes,,,,,,,,,,,170,Yonge-Bay Corridor,76,Bay Street Corridor (76),D52,630503.9776,4834476.6357
4177,5455046,1083156,12/17/2008 10:00:00 AM,2205,QUEEN ST W,BAY ST,,Major Arterial,Toronto and East York,43.651845,-79.38169,,Traffic Signal,Clear,Dark,Dry,Non-Fatal Injury,Pedestrian Collisions,Pedestrian,55 to 59,Major,,,Other,,,,Vehicle is going straight thru inter.while ped cross without ROW,Crossing without right of way,"Ability Impaired, Alcohol",,,,Yes,,Yes,,,,,,,,,,,170,Yonge-Bay Corridor,76,Bay Street Corridor (76),D52,630503.9776,4834476.6357
4178,5455391,1083673,12/22/2008 10:00:00 AM,1710,SPADINA AVE,SULLIVAN ST,,Major Arterial,Toronto and East York,43.650845,-79.39719,At Intersection,Traffic Signal,Snow,Dark,Loose Snow,Non-Fatal Injury,Pedestrian Collisions,Vehicle Owner,unknown,,,,Other,,,,,,,,,,Yes,,,,,Yes,,,,,,,,78,Kensington-Chinatown,78,Kensington-Chinatown (78),D52,629256.1566,4834341.3128
4179,5455392,1083673,12/22/2008 10:00:00 AM,1710,SPADINA AVE,SULLIVAN ST,,Major Arterial,Toronto and East York,43.650845,-79.39719,At Intersection,Traffic Signal,Snow,Dark,Loose Snow,Non-Fatal Injury,Pedestrian Collisions,Driver,45 to 49,None,,North,Municipal Transit Bus (TTC),Going Ahead,Driving Properly,Normal,,,,,,,Yes,,,,,Yes,,,,,,,,78,Kensington-Chinatown,78,Kensington-Chinatown (78),D52,629256.1566,4834341.3128
4180,5455393,1083673,12/22/2008 10:00:00 AM,1710,SPADINA AVE,SULLIVAN ST,,Major Arterial,Toronto and East York,43.650845,-79.39719,At Intersection,Traffic Signal,Snow,Dark,Loose Snow,Non-Fatal Injury,Pedestrian Collisions,Pedestrian,45 to 49,Major,,West,Other,,,,Pedestrian involved in a collision with transit vehicle anywhere along roadway,Crossing without right of way,Inattentive,,,,Yes,,,,,Yes,,,,,,,,78,Kensington-Chinatown,78,Kensington-Chinatown (78),D52,629256.1566,4834341.3128
4181,5448451,1077611,12/24/2008 10:00:00 AM,1650,YONGE ST,FINCH AVE W,,Major Arterial,North York,43.779745,-79.41559,At Intersection,,Other,Daylight,Other,Non-Fatal Injury,Pedestrian Collisions,Driver,55 to 59,None,,North,"Automobile, Station Wagon",Unknown,Failed to Yield Right of Way,,,,,,,,Yes,,Yes,,,,,,,Yes,,,,37,Willowdale West,37,Willowdale West (37),D32,627498.6438,4848628.9921