OBJECTID,INDEX,ACCNUM,DATE,TIME,STREET1,STREET2,OFFSET,ROAD_CLASS,DISTRICT,LATITUDE,LONGITUDE,ACCLOC,TRAFFCTL,VISIBILITY,LIGHT,RDSFCOND,ACCLASS,IMPACTYPE,INVTYPE,INVAGE,INJURY,FATAL_NO,INITDIR,VEHTYPE,MANOEUVER,DRIVACT,DRIVCOND,PEDTYPE,PEDACT,PEDCOND,CYCLISTYPE,CYCACT,CYCCOND,PEDESTRIAN,CYCLIST,AUTOMOBILE,MOTORCYCLE,TRUCK,TRSN_CITY_VEH,EMERG_VEH,PASSENGER,SPEEDING,AG_DRIV,REDLIGHT,ALCOHOL,DISABILITY,HOOD_158,NEIGHBOURHOOD_158,HOOD_140,NEIGHBOURHOOD_140,DIVISION,x,y
4182,5448452,1077611,12/24/2008 10:00:00 AM,1650,YONGE ST,FINCH AVE W,,Major Arterial,North York,43.779745,-79.41559,At Intersection,,Other,Daylight,Other,Non-Fatal Injury,Pedestrian Collisions,Pedestrian,unknown,Major,,,Other,Other,,,,,,,,,Yes,,Yes,,,,,,,Yes,,,,37,Willowdale West,37,Willowdale West (37),D32,627498.6438,4848628.9921
4183,5456190,1084533,12/26/2008 10:00:00 AM,1205,VICTORIA PARK AVE,CASSANDRA BLVD,,Major Arterial,North York,43.754345,-79.31399,At Intersection,Traffic Signal,Snow,Daylight,Slush,Non-Fatal Injury,Rear End,Driver,20 to 24,None,,North,"Automobile, Station Wagon",Going Ahead,Following too Close,Normal,,,,,,,,,Yes,,,,,,,Yes,,,,119,Wexford/Maryvale,119,Wexford/Maryvale (119),D41,635731.9922,4845969.4197
4184,5456191,1084533,12/26/2008 10:00:00 AM,1205,VICTORIA PARK AVE,CASSANDRA BLVD,,Major Arterial,North York,43.754345,-79.31399,At Intersection,Traffic Signal,Snow,Daylight,Slush,Non-Fatal Injury,Rear End,Driver,35 to 39,Major,,North,"Automobile, Station Wagon",Turning Left,Driving Properly,Normal,,,,,,,,,Yes,,,,,,,Yes,,,,119,Wexford/Maryvale,119,Wexford/Maryvale (119),D41,635731.9922,4845969.4197
4185,5456376,1084803,12/29/2008 10:00:00 AM,920,FINCH AVE W,VIRGILWOOD DR,,Major Arterial,North York,43.772845,-79.44819,At Intersection,Traffic Signal,Clear,Daylight,Dry,Non-Fatal Injury,Pedestrian Collisions,Vehicle Owner,unknown,,,,Other,,,,,,,,,,Yes,,Yes,,,,,,,Yes,,,,35,Westminster-Branson,35,Westminster-Branson (35),D32,624889.6388,4847812.9534
4186,5456377,1084803,12/29/2008 10:00:00 AM,920,FINCH AVE W,VIRGILWOOD DR,,Major Arterial,North York,43.772845,-79.44819,At Intersection,Traffic Signal,Clear,Daylight,Dry,Non-Fatal Injury,Pedestrian Collisions,Driver,40 to 44,None,,South,"Automobile, Station Wagon",Turning Left,Failed to Yield Right of Way,Normal,,,,,,,Yes,,Yes,,,,,,,Yes,,,,35,Westminster-Branson,35,Westminster-Branson (35),D32,624889.6388,4847812.9534
4187,5456378,1084803,12/29/2008 10:00:00 AM,920,FINCH AVE W,VIRGILWOOD DR,,Major Arterial,North York,43.772845,-79.44819,At Intersection,Traffic Signal,Clear,Daylight,Dry,Non-Fatal Injury,Pedestrian Collisions,Pedestrian,50 to 54,Major,,North,Other,,,,Vehicle turns left while ped crosses with ROW at inter.,Crossing with right of way,Normal,,,,Yes,,Yes,,,,,,,Yes,,,,35,Westminster-Branson,35,Westminster-Branson (35),D32,624889.6388,4847812.9534
4188,5449937,1078367,12/31/2008 10:00:00 AM,52,DON VALLEY PARKWAY  S,GERRARD ST E,,,Toronto and East York,43.665345,-79.35619,,No Control,Snow,Dark,Loose Snow,Non-Fatal Injury,SMV Other,Vehicle Owner,unknown,,,,Other,,,,,,,,,,,,Yes,,,,,Yes,Yes,Yes,,,,68,North Riverdale,68,North Riverdale (68),D55,632530.6697,4836016.4105
4189,5449938,1078367,12/31/2008 10:00:00 AM,52,DON VALLEY PARKWAY  S,GERRARD ST E,,,Toronto and East York,43.665345,-79.35619,,No Control,Snow,Dark,Loose Snow,Non-Fatal Injury,SMV Other,Driver,30 to 34,None,,South,"Automobile, Station Wagon",Going Ahead,Driving Properly,Normal,,,,,,,,,Yes,,,,,Yes,Yes,Yes,,,,68,North Riverdale,68,North Riverdale (68),D55,632530.6697,4836016.4105
4190,5449939,1078367,12/31/2008 10:00:00 AM,52,DON VALLEY PARKWAY  S,GERRARD ST E,,,Toronto and East York,43.665345,-79.35619,,No Control,Snow,Dark,Loose Snow,Non-Fatal Injury,SMV Other,Vehicle Owner,unknown,,,,Other,,,,,,,,,,,,Yes,,,,,Yes,Yes,Yes,,,,68,North Riverdale,68,North Riverdale (68),D55,632530.6697,4836016.4105
4191,5449940,1078367,12/31/2008 10:00:00 AM,52,DON VALLEY PARKWAY  S,GERRARD ST E,,,Toronto and East York,43.665345,-79.35619,,No Control,Snow,Dark,Loose Snow,Non-Fatal Injury,SMV Other,Driver,20 to 24,Minimal,,South,"Automobile, Station Wagon",Going Ahead,Speed too Fast For Condition,Normal,,,,,,,,,Yes,,,,,Yes,Yes,Yes,,,,68,North Riverdale,68,North Riverdale (68),D55,632530.6697,4836016.4105
4192,5449941,1078367,12/31/2008 10:00:00 AM,52,DON VALLEY PARKWAY  S,GERRARD ST E,,,Toronto and East York,43.665345,-79.35619,,No Control,Snow,Dark,Loose Snow,Non-Fatal Injury,SMV Other,Passenger,45 to 49,None,,,Other,,,,,,,,,,,,Yes,,,,,Yes,Yes,Yes,,,,68,North Riverdale,68,North Riverdale (68),D55,632530.6697,4836016.4105
4193,5449942,1078367,12/31/2008 10:00:00 AM,52,DON VALLEY PARKWAY  S,GERRARD ST E,,,Toronto and East York,43.665345,-79.35619,,No Control,Snow,Dark,Loose Snow,Non-Fatal Injury,SMV Other,Passenger,45 to 49,Minimal,,,Other,,,,,,,,,,,,Yes,,,,,Yes,Yes,Yes,,,,68,North Riverdale,68,North Riverdale (68),D55,632530.6697,4836016.4105
4194,5449943,1078367,12/31/2008 10:00:00 AM,52,DON VALLEY PARKWAY  S,GERRARD ST E,,,Toronto and East York,43.665345,-79.35619,,No Control,Snow,Dark,Loose Snow,Non-Fatal Injury,SMV Other,Passenger,40 to 44,Major,,,Other,,,,,,,,,,,,Yes,,,,,Yes,Yes,Yes,,,,68,North Riverdale,68,North Riverdale (68),D55,632530.6697,4836016.4105
4195,5449944,1078367,12/31/2008 10:00:00 AM,52,DON VALLEY PARKWAY  S,GERRARD ST E,,,Toronto and East York,43.665345,-79.35619,,No Control,Snow,Dark,Loose Snow,Non-Fatal Injury,SMV Other,Driver,40 to 44,None,,South,"Automobile, Station Wagon",Going Ahead,Driving Properly,Normal,,,,,,,,,Yes,,,,,Yes,Yes,Yes,,,,68,North Riverdale,68,North Riverdale (68),D55,632530.6697,4836016.4105
4196,5449945,1078367,12/31/2008 10:00:00 AM,52,DON VALLEY PARKWAY  S,GERRARD ST E,,,Toronto and East York,43.665345,-79.35619,,No Control,Snow,Dark,Loose Snow,Non-Fatal Injury,SMV Other,Other,unknown,None,,,Other,,,,,,,,,,,,Yes,,,,,Yes,Yes,Yes,,,,68,North Riverdale,68,North Riverdale (68),D55,632530.6697,4836016.4105
4197,5188678,1078551,1/1/2009 10:00:00 AM,259,EGLINTON AVE E,DANFORTH RD,,Major Arterial,Scarborough,43.737045,-79.24619,At Intersection,Traffic Signal,Clear,Dark,Wet,Fatal,Pedestrian Collisions,Driver,20 to 24,None,,West,"Automobile, Station Wagon",Going Ahead,Driving Properly,Normal,,,,,,,Yes,,Yes,,,,,,,,,,,138,Eglinton East,138,Eglinton East (138),D43,641230.965,4844161.3379
4198,5188679,1078551,1/1/2009 10:00:00 AM,259,EGLINTON AVE E,DANFORTH RD,,Major Arterial,Scarborough,43.737045,-79.24619,At Intersection,Traffic Signal,Clear,Dark,Wet,Fatal,Pedestrian Collisions,Pedestrian,50 to 54,Fatal,1,North,Other,,,,Vehicle is going straight thru inter.while ped cross without ROW,Crossing without right of way,"Ability Impaired, Alcohol Over .80",,,,Yes,,Yes,,,,,,,,,,,138,Eglinton East,138,Eglinton East (138),D43,641230.965,4844161.3379
4199,5188761,1078876,1/2/2009 10:00:00 AM,2011,BRIDLETOWNE CRCL,FINCH AVE E,,Minor Arterial,Scarborough,43.797945,-79.31249,,No Control,Snow,Dark,Other,Non-Fatal Injury,SMV Other,Passenger,70 to 74,Major,,,Other,,,,,,,,,,,,Yes,,,,,Yes,,,,,,148,East L'Amoreaux,117,L'Amoreaux (117),D42,635754.0495,4850814.3367
4200,5188762,1078876,1/2/2009 10:00:00 AM,2011,BRIDLETOWNE CRCL,FINCH AVE E,,Minor Arterial,Scarborough,43.797945,-79.31249,,No Control,Snow,Dark,Other,Non-Fatal Injury,SMV Other,Driver,80 to 84,Minimal,,North,"Automobile, Station Wagon",Going Ahead,Lost control,Normal,,,,,,,,,Yes,,,,,Yes,,,,,,148,East L'Amoreaux,117,L'Amoreaux (117),D42,635754.0495,4850814.3367
4201,5197087,1085413,1/2/2009 10:00:00 AM,2140,MCLEVIN Aven,FAWCETT Trai,,Collector,Scarborough,43.808345,-79.20649,At Intersection,Stop Sign,Other,Dark,Wet,Non-Fatal Injury,Angle,Driver,20 to 24,Major,,West,"Automobile, Station Wagon",Going Ahead,Driving Properly,Normal,,,,,,,,,Yes,,,,,,,Yes,,,,146,Malvern East,132,Malvern (132),D42,644256.4273,4852148.7694
4202,5197088,1085413,1/2/2009 10:00:00 AM,2140,MCLEVIN Aven,FAWCETT Trai,,Collector,Scarborough,43.808345,-79.20649,At Intersection,Stop Sign,Other,Dark,Wet,Non-Fatal Injury,Angle,Driver,20 to 24,None,,North,"Automobile, Station Wagon",Going Ahead,Failed to Yield Right of Way,Normal,,,,,,,,,Yes,,,,,,,Yes,,,,146,Malvern East,132,Malvern (132),D42,644256.4273,4852148.7694
4203,5188773,1078881,1/3/2009 10:00:00 AM,339,JANE St,CHURCH St,,Major Arterial,Etobicoke York,43.709245,-79.50559,,Traffic Controller,Clear,Dark,Wet,Non-Fatal Injury,Rear End,Driver,25 to 29,Minor,,South,"Automobile, Station Wagon",Stopped,Driving Properly,Normal,,,,,,,,,Yes,,,,,,,Yes,,,,113,Weston,113,Weston (113),D12,620397.4627,4840664.2787
4204,5188774,1078881,1/3/2009 10:00:00 AM,339,JANE St,CHURCH St,,Major Arterial,Etobicoke York,43.709245,-79.50559,,Traffic Controller,Clear,Dark,Wet,Non-Fatal Injury,Rear End,Driver,20 to 24,Major,,South,"Automobile, Station Wagon",Going Ahead,Following too Close,Normal,,,,,,,,,Yes,,,,,,,Yes,,,,113,Weston,113,Weston (113),D12,620397.4627,4840664.2787
4205,5188812,1078999,1/3/2009 10:00:00 AM,1937,330 UNIVERSITY AVE,,,Major Arterial,Toronto and East York,43.651351,-79.386829,Non Intersection,No Control,Clear,"Dark, artificial",Other,Non-Fatal Injury,SMV Other,Vehicle Owner,unknown,,,,,,,,,,,,,,,,Yes,,,,,,,,,,,170,Yonge-Bay Corridor,76,Bay Street Corridor (76),D52,630090.6199,4834413.7013
4206,5188813,1078999,1/3/2009 10:00:00 AM,1937,330 UNIVERSITY AVE,,,Major Arterial,Toronto and East York,43.651351,-79.386829,Non Intersection,No Control,Clear,"Dark, artificial",Other,Non-Fatal Injury,SMV Other,Driver,40 to 44,Major,,South,"Automobile, Station Wagon",Unknown,Lost control,Unknown,,,,,,,,,Yes,,,,,,,,,,,170,Yonge-Bay Corridor,76,Bay Street Corridor (76),D52,630090.6199,4834413.7013
4207,5188814,1078999,1/3/2009 10:00:00 AM,1937,330 UNIVERSITY AVE,,,Major Arterial,Toronto and East York,43.651351,-79.386829,Non Intersection,No Control,Clear,"Dark, artificial",Other,Non-Fatal Injury,SMV Other,Other Property Owner,unknown,,,,,,,,,,,,,,,,Yes,,,,,,,,,,,170,Yonge-Bay Corridor,76,Bay Street Corridor (76),D52,630090.6199,4834413.7013
4208,5198947,1086335,1/5/2009 10:00:00 AM,831,380 CARLINGVIEW DR,,,Major Arterial,Etobicoke York,43.695345,-79.59939,,No Control,Clear,Daylight,Dry,Non-Fatal Injury,Turning Movement,Vehicle Owner,unknown,,,,Other,,,,,,,,,,,,Yes,,,,,,,Yes,,,,1,West Humber-Clairville,1,West Humber-Clairville (1),D23,612866.4708,4838988.5418
4209,5198948,1086335,1/5/2009 10:00:00 AM,831,380 CARLINGVIEW DR,,,Major Arterial,Etobicoke York,43.695345,-79.59939,,No Control,Clear,Daylight,Dry,Non-Fatal Injury,Turning Movement,Driver,45 to 49,Minor,,North,"Automobile, Station Wagon",Turning Left,Improper Turn,Inattentive,,,,,,,,,Yes,,,,,,,Yes,,,,1,West Humber-Clairville,1,West Humber-Clairville (1),D23,612866.4708,4838988.5418
4210,5198949,1086335,1/5/2009 10:00:00 AM,831,380 CARLINGVIEW DR,,,Major Arterial,Etobicoke York,43.695345,-79.59939,,No Control,Clear,Daylight,Dry,Non-Fatal Injury,Turning Movement,Driver,55 to 59,Major,,South,"Automobile, Station Wagon",Going Ahead,Driving Properly,Normal,,,,,,,,,Yes,,,,,,,Yes,,,,1,West Humber-Clairville,1,West Humber-Clairville (1),D23,612866.4708,4838988.5418
4211,5189180,1079383,1/5/2009 10:00:00 AM,1247,VICTORIA PARK AVE,CONSUMERS RD,,Major Arterial,North York,43.771945,-79.32149,,Traffic Signal,Clear,Daylight,Dry,Non-Fatal Injury,Pedestrian Collisions,Driver,70 to 74,None,,South,"Automobile, Station Wagon",Changing Lanes,Lost control,Normal,,,,,,,Yes,,Yes,,,,,,,,,,,118,Tam O'Shanter-Sullivan,118,Tam O'Shanter-Sullivan (118),D42,635088.5787,4847911.9052
4212,5189181,1079383,1/5/2009 10:00:00 AM,1247,VICTORIA PARK AVE,CONSUMERS RD,,Major Arterial,North York,43.771945,-79.32149,,Traffic Signal,Clear,Daylight,Dry,Non-Fatal Injury,Pedestrian Collisions,Other Property Owner,unknown,,,,Other,,,,,,,,,,Yes,,Yes,,,,,,,,,,,118,Tam O'Shanter-Sullivan,118,Tam O'Shanter-Sullivan (118),D42,635088.5787,4847911.9052
4213,5189182,1079383,1/5/2009 10:00:00 AM,1247,VICTORIA PARK AVE,CONSUMERS RD,,Major Arterial,North York,43.771945,-79.32149,,Traffic Signal,Clear,Daylight,Dry,Non-Fatal Injury,Pedestrian Collisions,Other Property Owner,unknown,,,,Other,,,,,,,,,,Yes,,Yes,,,,,,,,,,,118,Tam O'Shanter-Sullivan,118,Tam O'Shanter-Sullivan (118),D42,635088.5787,4847911.9052
4214,5189183,1079383,1/5/2009 10:00:00 AM,1247,VICTORIA PARK AVE,CONSUMERS RD,,Major Arterial,North York,43.771945,-79.32149,,Traffic Signal,Clear,Daylight,Dry,Non-Fatal Injury,Pedestrian Collisions,Other Property Owner,unknown,,,,Other,,,,,,,,,,Yes,,Yes,,,,,,,,,,,118,Tam O'Shanter-Sullivan,118,Tam O'Shanter-Sullivan (118),D42,635088.5787,4847911.9052
4215,5189184,1079383,1/5/2009 10:00:00 AM,1247,VICTORIA PARK AVE,CONSUMERS RD,,Major Arterial,North York,43.771945,-79.32149,,Traffic Signal,Clear,Daylight,Dry,Non-Fatal Injury,Pedestrian Collisions,Pedestrian,40 to 44,Minimal,,,Other,,,,Other / Undefined,Other,Normal,,,,Yes,,Yes,,,,,,,,,,,118,Tam O'Shanter-Sullivan,118,Tam O'Shanter-Sullivan (118),D42,635088.5787,4847911.9052
4216,5189185,1079383,1/5/2009 10:00:00 AM,1247,VICTORIA PARK AVE,CONSUMERS RD,,Major Arterial,North York,43.771945,-79.32149,,Traffic Signal,Clear,Daylight,Dry,Non-Fatal Injury,Pedestrian Collisions,Pedestrian,25 to 29,Major,,,Other,,,,Other / Undefined,Other,Normal,,,,Yes,,Yes,,,,,,,,,,,118,Tam O'Shanter-Sullivan,118,Tam O'Shanter-Sullivan (118),D42,635088.5787,4847911.9052
4217,5199573,1086605,1/6/2009 10:00:00 AM,715,MIDDLEFIELD RD,COMPASS CRT,,Minor Arterial,Scarborough,43.806645,-79.25519,At Intersection,No Control,Clear,Daylight,Wet,Non-Fatal Injury,Angle,Passenger,45 to 49,Major,,,"Automobile, Station Wagon",,,,,,,,,,,,Yes,,,,,Yes,,,,,,129,Agincourt North,129,Agincourt North (129),D42,640343.3031,4851876.2019
4218,5199574,1086605,1/6/2009 10:00:00 AM,715,MIDDLEFIELD RD,COMPASS CRT,,Minor Arterial,Scarborough,43.806645,-79.25519,At Intersection,No Control,Clear,Daylight,Wet,Non-Fatal Injury,Angle,Driver,60 to 64,Minor,,East,"Automobile, Station Wagon",Going Ahead,Driving Properly,Normal,,,,,,,,,Yes,,,,,Yes,,,,,,129,Agincourt North,129,Agincourt North (129),D42,640343.3031,4851876.2019
4219,5199575,1086605,1/6/2009 10:00:00 AM,715,MIDDLEFIELD RD,COMPASS CRT,,Minor Arterial,Scarborough,43.806645,-79.25519,At Intersection,No Control,Clear,Daylight,Wet,Non-Fatal Injury,Angle,Driver,35 to 39,Minor,,South,"Automobile, Station Wagon",Going Ahead,Lost control,Normal,,,,,,,,,Yes,,,,,Yes,,,,,,129,Agincourt North,129,Agincourt North (129),D42,640343.3031,4851876.2019
4220,5189456,1079671,1/6/2009 10:00:00 AM,1349,SHEPPARD AVE E,REAN DR,,Major Arterial,North York,43.767745,-79.38309,At Intersection,Traffic Signal,Clear,Daylight,Dry,Fatal,Pedestrian Collisions,Driver,50 to 54,None,,North,"Automobile, Station Wagon",Turning Left,Failed to Yield Right of Way,Inattentive,,,,,,,Yes,,Yes,,,,,,,Yes,,,,52,Bayview Village,52,Bayview Village (52),D33,630139.9942,4847346.7733
4221,5189457,1079671,1/6/2009 10:00:00 AM,1349,SHEPPARD AVE E,REAN DR,,Major Arterial,North York,43.767745,-79.38309,At Intersection,Traffic Signal,Clear,Daylight,Dry,Fatal,Pedestrian Collisions,Pedestrian,65 to 69,Fatal,2,North,Other,,,,Vehicle turns left while ped crosses with ROW at inter.,Crossing with right of way,Unknown,,,,Yes,,Yes,,,,,,,Yes,,,,52,Bayview Village,52,Bayview Village (52),D33,630139.9942,4847346.7733
4222,5189719,1079931,1/7/2009 10:00:00 AM,1640,2160 EGLINTON AVE W,CALEDONIA Road,,Major Arterial,North York,43.693445,-79.46029,,No Control,Snow,Daylight,Slush,Non-Fatal Injury,Pedestrian Collisions,Vehicle Owner,unknown,,,,Other,,,,,,,,,,Yes,,,,,Yes,,,,,,,,109,Caledonia-Fairbank,109,Caledonia-Fairbank (109),D13,624079.6867,4838976.2597
4223,5189720,1079931,1/7/2009 10:00:00 AM,1640,2160 EGLINTON AVE W,CALEDONIA Road,,Major Arterial,North York,43.693445,-79.46029,,No Control,Snow,Daylight,Slush,Non-Fatal Injury,Pedestrian Collisions,Driver,50 to 54,None,,West,Municipal Transit Bus (TTC),Going Ahead,Driving Properly,Normal,,,,,,,Yes,,,,,Yes,,,,,,,,109,Caledonia-Fairbank,109,Caledonia-Fairbank (109),D13,624079.6867,4838976.2597
4224,5189721,1079931,1/7/2009 10:00:00 AM,1640,2160 EGLINTON AVE W,CALEDONIA Road,,Major Arterial,North York,43.693445,-79.46029,,No Control,Snow,Daylight,Slush,Non-Fatal Injury,Pedestrian Collisions,Pedestrian,55 to 59,Major,,,Other,,,,Pedestrian involved in a collision with transit vehicle anywhere along roadway,"Crossing, no Traffic Control",Medical or Physical Disability,,,,Yes,,,,,Yes,,,,,,,,109,Caledonia-Fairbank,109,Caledonia-Fairbank (109),D13,624079.6867,4838976.2597
4225,4728644,1080314,1/8/2009 10:00:00 AM,1430,BATHURST ST,COLLEGE ST,,Major Arterial,Toronto and East York,43.656445,-79.40769,,Traffic Signal,Clear,Daylight,Slush,Non-Fatal Injury,Rear End,Passenger,unknown,Minimal,,,Other,,,,,,,,,,,,Yes,,,,,Yes,,Yes,,,,78,Kensington-Chinatown,78,Kensington-Chinatown (78),D14,628397.4569,4834946.9648
4226,4728645,1080314,1/8/2009 10:00:00 AM,1430,BATHURST ST,COLLEGE ST,,Major Arterial,Toronto and East York,43.656445,-79.40769,,Traffic Signal,Clear,Daylight,Slush,Non-Fatal Injury,Rear End,Driver,45 to 49,Major,,South,"Automobile, Station Wagon",Stopped,Driving Properly,Normal,,,,,,,,,Yes,,,,,Yes,,Yes,,,,78,Kensington-Chinatown,78,Kensington-Chinatown (78),D14,628397.4569,4834946.9648
4227,4728646,1080314,1/8/2009 10:00:00 AM,1430,BATHURST ST,COLLEGE ST,,Major Arterial,Toronto and East York,43.656445,-79.40769,,Traffic Signal,Clear,Daylight,Slush,Non-Fatal Injury,Rear End,Driver,25 to 29,None,,South,"Automobile, Station Wagon",Going Ahead,Following too Close,Normal,,,,,,,,,Yes,,,,,Yes,,Yes,,,,78,Kensington-Chinatown,78,Kensington-Chinatown (78),D14,628397.4569,4834946.9648
4228,5190310,1080448,1/8/2009 10:00:00 AM,1445,STEELES AVE W,TANGREEN CRT,,Major Arterial,North York,43.796614,-79.426364,,Stop Sign,Clear,Daylight,Slush,Non-Fatal Injury,Pedestrian Collisions,Vehicle Owner,unknown,,,,Other,,,,,,,,,,Yes,,Yes,,,,,,,,,,,36,Newtonbrook West,36,Newtonbrook West (36),D32,626596.0271,4850486.0198
4229,5190311,1080448,1/8/2009 10:00:00 AM,1445,STEELES AVE W,TANGREEN CRT,,Major Arterial,North York,43.796614,-79.426364,,Stop Sign,Clear,Daylight,Slush,Non-Fatal Injury,Pedestrian Collisions,Driver,20 to 24,None,,North,"Automobile, Station Wagon",Turning Left,Improper Turn,Normal,,,,,,,Yes,,Yes,,,,,,,,,,,36,Newtonbrook West,36,Newtonbrook West (36),D32,626596.0271,4850486.0198
4230,5190312,1080448,1/8/2009 10:00:00 AM,1445,STEELES AVE W,TANGREEN CRT,,Major Arterial,North York,43.796614,-79.426364,,Stop Sign,Clear,Daylight,Slush,Non-Fatal Injury,Pedestrian Collisions,Pedestrian,70 to 74,Minor,,South,Other,,,,Vehicle turns left while ped crosses without ROW at inter.,"Crossing, no Traffic Control",Normal,,,,Yes,,Yes,,,,,,,,,,,36,Newtonbrook West,36,Newtonbrook West (36),D32,626596.0271,4850486.0198
4231,5190313,1080448,1/8/2009 10:00:00 AM,1445,STEELES AVE W,TANGREEN CRT,,Major Arterial,North York,43.796614,-79.426364,,Stop Sign,Clear,Daylight,Slush,Non-Fatal Injury,Pedestrian Collisions,Pedestrian,70 to 74,Major,,South,Other,,,,Vehicle turns left while ped crosses without ROW at inter.,"Crossing, no Traffic Control",Normal,,,,Yes,,Yes,,,,,,,,,,,36,Newtonbrook West,36,Newtonbrook West (36),D32,626596.0271,4850486.0198
4232,5201756,1087632,1/9/2009 10:00:00 AM,1640,GERRARD ST E,PAPE AVE,,Minor Arterial,Toronto and East York,43.668145,-79.34039,At Intersection,Traffic Signal,Clear,Daylight,Wet,Non-Fatal Injury,Pedestrian Collisions,Driver,65 to 69,None,,West,"Automobile, Station Wagon",Turning Left,Failed to Yield Right of Way,Normal,,,,,,,Yes,,Yes,,,,,,,Yes,,,,70,South Riverdale,70,South Riverdale (70),D55,633798.3232,4836352.7505
4233,5201757,1087632,1/9/2009 10:00:00 AM,1640,GERRARD ST E,PAPE AVE,,Minor Arterial,Toronto and East York,43.668145,-79.34039,At Intersection,Traffic Signal,Clear,Daylight,Wet,Non-Fatal Injury,Pedestrian Collisions,Pedestrian,50 to 54,Major,,East,Other,,,,Vehicle turns left while ped crosses with ROW at inter.,Crossing with right of way,Normal,,,,Yes,,Yes,,,,,,,Yes,,,,70,South Riverdale,70,South Riverdale (70),D55,633798.3232,4836352.7505
4234,5190392,1080485,1/10/2009 10:00:00 AM,1848,KEELE ST,NASHVILLE AVE,,Major Arterial,Etobicoke York,43.683745,-79.47229,At Intersection,No Control,Clear,Dark,Dry,Non-Fatal Injury,Sideswipe,Vehicle Owner,unknown,,,,Other,,,,,,,,,,,,Yes,,,,,,,,,,Yes,110,Keelesdale-Eglinton West,110,Keelesdale-Eglinton West (110),D12,623132.4876,4837881.0566
4235,5190393,1080485,1/10/2009 10:00:00 AM,1848,KEELE ST,NASHVILLE AVE,,Major Arterial,Etobicoke York,43.683745,-79.47229,At Intersection,No Control,Clear,Dark,Dry,Non-Fatal Injury,Sideswipe,Driver,25 to 29,None,,South,"Automobile, Station Wagon",Going Ahead,Driving Properly,Normal,,,,,,,,,Yes,,,,,,,,,,Yes,110,Keelesdale-Eglinton West,110,Keelesdale-Eglinton West (110),D12,623132.4876,4837881.0566
4236,5190394,1080485,1/10/2009 10:00:00 AM,1848,KEELE ST,NASHVILLE AVE,,Major Arterial,Etobicoke York,43.683745,-79.47229,At Intersection,No Control,Clear,Dark,Dry,Non-Fatal Injury,Sideswipe,Driver,65 to 69,Major,,South,"Automobile, Station Wagon",Going Ahead,Lost control,Medical or Physical Disability,,,,,,,,,Yes,,,,,,,,,,Yes,110,Keelesdale-Eglinton West,110,Keelesdale-Eglinton West (110),D12,623132.4876,4837881.0566
4237,5203197,1088236,1/12/2009 10:00:00 AM,850,MILNER AVE,CINEMART DR,,Minor Arterial,Scarborough,43.797445,-79.20479,,Stop Sign,Clear,Daylight,Dry,Non-Fatal Injury,Turning Movement,Driver,45 to 49,Major,,North,"Automobile, Station Wagon",Turning Left,Improper Turn,Normal,,,,,,,,,Yes,,,,,Yes,,,,,,146,Malvern East,132,Malvern (132),D42,644419.4283,4850941.1121
4238,5203198,1088236,1/12/2009 10:00:00 AM,850,MILNER AVE,CINEMART DR,,Minor Arterial,Scarborough,43.797445,-79.20479,,Stop Sign,Clear,Daylight,Dry,Non-Fatal Injury,Turning Movement,Passenger,unknown,Minor,,,Other,,,,,,,,,,,,Yes,,,,,Yes,,,,,,146,Malvern East,132,Malvern (132),D42,644419.4283,4850941.1121
4239,5203199,1088236,1/12/2009 10:00:00 AM,850,MILNER AVE,CINEMART DR,,Minor Arterial,Scarborough,43.797445,-79.20479,,Stop Sign,Clear,Daylight,Dry,Non-Fatal Injury,Turning Movement,Driver,15 to 19,None,,East,"Automobile, Station Wagon",Going Ahead,Driving Properly,Normal,,,,,,,,,Yes,,,,,Yes,,,,,,146,Malvern East,132,Malvern (132),D42,644419.4283,4850941.1121
4240,5203156,1088222,1/12/2009 10:00:00 AM,1116,EGLINTON AVE E,SLOANE AVE,,Major Arterial,North York,43.726045,-79.31349,,Traffic Signal,Clear,Daylight,Dry,Non-Fatal Injury,Pedestrian Collisions,Driver,50 to 54,None,,South,"Automobile, Station Wagon",Turning Left,Failed to Yield Right of Way,Inattentive,,,,,,,Yes,,Yes,,,,,,,Yes,,,,43,Victoria Village,43,Victoria Village (43),D33,635836.23,4842827.1025
4241,5203157,1088222,1/12/2009 10:00:00 AM,1116,EGLINTON AVE E,SLOANE AVE,,Major Arterial,North York,43.726045,-79.31349,,Traffic Signal,Clear,Daylight,Dry,Non-Fatal Injury,Pedestrian Collisions,Pedestrian,40 to 44,Major,,North,Other,,,,Vehicle turns left while ped crosses with ROW at inter.,Crossing with right of way,Normal,,,,Yes,,Yes,,,,,,,Yes,,,,43,Victoria Village,43,Victoria Village (43),D33,635836.23,4842827.1025
4242,5206038,1089553,1/13/2009 10:00:00 AM,938,LAWRENCE Aven E,MOSSBANK Driv,,Major Arterial,Scarborough,43.762645,-79.21169,At Intersection,No Control,Snow,Daylight,Loose Snow,Non-Fatal Injury,Pedestrian Collisions,Driver,80 to 84,None,,West,"Automobile, Station Wagon",Going Ahead,Driving Properly,Normal,,,,,,,Yes,,Yes,,,,,,,,,,,141,Golfdale-Cedarbrae-Woburn,137,Woburn (137),D43,643947.8314,4847064.0015