OBJECTID,INDEX,ACCNUM,DATE,TIME,STREET1,STREET2,OFFSET,ROAD_CLASS,DISTRICT,LATITUDE,LONGITUDE,ACCLOC,TRAFFCTL,VISIBILITY,LIGHT,RDSFCOND,ACCLASS,IMPACTYPE,INVTYPE,INVAGE,INJURY,FATAL_NO,INITDIR,VEHTYPE,MANOEUVER,DRIVACT,DRIVCOND,PEDTYPE,PEDACT,PEDCOND,CYCLISTYPE,CYCACT,CYCCOND,PEDESTRIAN,CYCLIST,AUTOMOBILE,MOTORCYCLE,TRUCK,TRSN_CITY_VEH,EMERG_VEH,PASSENGER,SPEEDING,AG_DRIV,REDLIGHT,ALCOHOL,DISABILITY,HOOD_158,NEIGHBOURHOOD_158,HOOD_140,NEIGHBOURHOOD_140,DIVISION,x,y
4304,5204828,1088989,2/13/2009 10:00:00 AM,125,423 BRIMORTON DR,,,Collector,Scarborough,43.768945,-79.23769,,No Control,Clear,Dark,Dry,Fatal,SMV Other,Driver,20 to 24,Minor,,West,"Automobile, Station Wagon",Going Ahead,Lost control,"Ability Impaired, Alcohol",,,,,,,,,Yes,,,,,Yes,,,,Yes,,142,Woburn North,137,Woburn (137),D43,641840.0762,4847718.8469
4305,5215961,1094001,2/13/2009 10:00:00 AM,1725,YONGE ST,HARLANDALE AVE W,,Major Arterial,North York,43.762345,-79.41119,,No Control,Clear,Daylight,Dry,Non-Fatal Injury,Pedestrian Collisions,Driver,30 to 34,None,,North,"Automobile, Station Wagon",Going Ahead,Driving Properly,Normal,,,,,,,Yes,,Yes,,,,,,,,,,,38,Lansing-Westgate,38,Lansing-Westgate (38),D32,627889.7996,4846703.243
4306,5215962,1094001,2/13/2009 10:00:00 AM,1725,YONGE ST,HARLANDALE AVE W,,Major Arterial,North York,43.762345,-79.41119,,No Control,Clear,Daylight,Dry,Non-Fatal Injury,Pedestrian Collisions,Pedestrian,25 to 29,Major,,East,Other,,,,Vehicle is going straight thru inter.while ped cross without ROW,Running onto Roadway,Normal,,,,Yes,,Yes,,,,,,,,,,,38,Lansing-Westgate,38,Lansing-Westgate (38),D32,627889.7996,4846703.243
4307,5205933,1089504,2/16/2009 10:00:00 AM,1621,HOVE St,SHEPPARD Ave W,,Local,North York,43.755245,-79.44149,,No Control,Clear,Daylight,Dry,Non-Fatal Injury,Pedestrian Collisions,Driver,55 to 59,None,,East,"Automobile, Station Wagon",Reversing,Other,Normal,,,,,,,Yes,,Yes,,,,,,,,,,,34,Bathurst Manor,34,Bathurst Manor (34),D32,625465.6463,4845868.3368
4308,5205934,1089504,2/16/2009 10:00:00 AM,1621,HOVE St,SHEPPARD Ave W,,Local,North York,43.755245,-79.44149,,No Control,Clear,Daylight,Dry,Non-Fatal Injury,Pedestrian Collisions,Pedestrian,85 to 89,Major,,North,Other,,,,Pedestrian hit at private driveway,Other,Normal,,,,Yes,,Yes,,,,,,,,,,,34,Bathurst Manor,34,Bathurst Manor (34),D32,625465.6463,4845868.3368
4309,5205978,1089526,2/17/2009 10:00:00 AM,613,MCNICOLL Aven,MIDLAND Aven,,Major Arterial,Scarborough,43.814645,-79.29219,At Intersection,Traffic Controller,Clear,Dark,Dry,Non-Fatal Injury,Pedestrian Collisions,Pedestrian,50 to 54,Major,,,Other,Other,,,,,,,,,Yes,,Yes,,,,,,,,,,,130,Milliken,130,Milliken (130),D42,637348.8465,4852702.6409
4310,5205979,1089526,2/17/2009 10:00:00 AM,613,MCNICOLL Aven,MIDLAND Aven,,Major Arterial,Scarborough,43.814645,-79.29219,At Intersection,Traffic Controller,Clear,Dark,Dry,Non-Fatal Injury,Pedestrian Collisions,Driver,unknown,None,,,"Automobile, Station Wagon",Going Ahead,,,,,,,,,Yes,,Yes,,,,,,,,,,,130,Milliken,130,Milliken (130),D42,637348.8465,4852702.6409
4311,5205980,1089527,2/17/2009 10:00:00 AM,613,MCNICOLL AVE,MIDLAND AVE,,Major Arterial,Scarborough,43.814545,-79.29219,At Intersection,Traffic Signal,Clear,Dark,Dry,Non-Fatal Injury,Pedestrian Collisions,Driver,55 to 59,None,,West,"Automobile, Station Wagon",Turning Left,Failed to Yield Right of Way,Unknown,,,,,,,Yes,,Yes,,,,,,,Yes,,,,130,Milliken,130,Milliken (130),D42,637349.0758,4852691.5343
4312,5205981,1089527,2/17/2009 10:00:00 AM,613,MCNICOLL AVE,MIDLAND AVE,,Major Arterial,Scarborough,43.814545,-79.29219,At Intersection,Traffic Signal,Clear,Dark,Dry,Non-Fatal Injury,Pedestrian Collisions,Pedestrian,60 to 64,Major,,Unknown,Other,,,,Vehicle turns left while ped crosses with ROW at inter.,Crossing with right of way,Unknown,,,,Yes,,Yes,,,,,,,Yes,,,,130,Milliken,130,Milliken (130),D42,637349.0758,4852691.5343
4313,5207703,1090380,2/17/2009 10:00:00 AM,955,DON MILLS RD,OVERLEA BLVD,,Major Arterial,North York,43.709445,-79.334186,,No Control,Clear,Daylight,Dry,Non-Fatal Injury,Other,Driver,50 to 54,None,,South,"Automobile, Station Wagon",Slowing or Stopping,Driving Properly,Normal,,,,,,,,,Yes,,,,,Yes,,,,,,44,Flemingdon Park,44,Flemingdon Park (44),D55,634206.3539,4840949.7159
4314,5207704,1090380,2/17/2009 10:00:00 AM,955,DON MILLS RD,OVERLEA BLVD,,Major Arterial,North York,43.709445,-79.334186,,No Control,Clear,Daylight,Dry,Non-Fatal Injury,Other,Passenger,75 to 79,Major,,,Other,,,,,,,,,,,,Yes,,,,,Yes,,,,,,44,Flemingdon Park,44,Flemingdon Park (44),D55,634206.3539,4840949.7159
4315,5218379,1095081,2/17/2009 10:00:00 AM,1438,VICTORIA PARK AVE,MUSGRAVE ST,,Major Arterial,Toronto and East York,43.687945,-79.28699,,Traffic Signal,Clear,Daylight,Dry,Non-Fatal Injury,Pedestrian Collisions,Driver,60 to 64,None,,South,"Automobile, Station Wagon",Going Ahead,Driving Properly,Normal,,,,,,,Yes,,Yes,,,,,,,,,,,122,Birchcliffe-Cliffside,122,Birchcliffe-Cliffside (122),D41,638058.0816,4838639.3301
4316,5218380,1095081,2/17/2009 10:00:00 AM,1438,VICTORIA PARK AVE,MUSGRAVE ST,,Major Arterial,Toronto and East York,43.687945,-79.28699,,Traffic Signal,Clear,Daylight,Dry,Non-Fatal Injury,Pedestrian Collisions,Pedestrian,40 to 44,Major,,,Other,Other,,,Vehicle is going straight thru inter.while ped cross without ROW,Crossing without right of way,Fatigue,,,,Yes,,Yes,,,,,,,,,,,122,Birchcliffe-Cliffside,122,Birchcliffe-Cliffside (122),D41,638058.0816,4838639.3301
4317,5214403,1093334,2/19/2009 10:00:00 AM,1945,WESTON RD,CLOUSTON AVE,,Minor Arterial,Etobicoke York,43.694745,-79.50639,,Pedestrian Crossover,Clear,Dark,Dry,Non-Fatal Injury,Pedestrian Collisions,Driver,unknown,None,,South,"Automobile, Station Wagon",Going Ahead,Failed to Yield Right of Way,Unknown,,,,,,,Yes,,Yes,,,,,,,Yes,,,,113,Weston,113,Weston (113),D12,620362.0217,4839052.693
4318,5214404,1093334,2/19/2009 10:00:00 AM,1945,WESTON RD,CLOUSTON AVE,,Minor Arterial,Etobicoke York,43.694745,-79.50639,,Pedestrian Crossover,Clear,Dark,Dry,Non-Fatal Injury,Pedestrian Collisions,Wheelchair,40 to 44,Major,,East,Other,,,,Pedestrian hit a PXO/ped. Mid-block signal,"Crossing, Pedestrian Crossover",Normal,,,,Yes,,Yes,,,,,,,Yes,,,,113,Weston,113,Weston (113),D12,620362.0217,4839052.693
4319,5218360,1095072,2/21/2009 10:00:00 AM,255,STADACONA DR,WILSON AVE,,Major Arterial,North York,43.736845,-79.43669,,Stop Sign,Clear,Dark,Wet,Non-Fatal Injury,Pedestrian Collisions,Driver,35 to 39,None,,North,"Automobile, Station Wagon",Going Ahead,Failed to Yield Right of Way,"Ability Impaired, Alcohol Over .08",,,,,,,Yes,,Yes,,,,,,,Yes,,Yes,,33,Clanton Park,33,Clanton Park (33),D32,625890.6319,4843832.0285
4320,5218361,1095072,2/21/2009 10:00:00 AM,255,STADACONA DR,WILSON AVE,,Major Arterial,North York,43.736845,-79.43669,,Stop Sign,Clear,Dark,Wet,Non-Fatal Injury,Pedestrian Collisions,Pedestrian,30 to 34,Major,,,Other,Other,,,Vehicle is going straight thru inter.while ped cross without ROW,Crossing without right of way,Had Been Drinking,,,,Yes,,Yes,,,,,,,Yes,,Yes,,33,Clanton Park,33,Clanton Park (33),D32,625890.6319,4843832.0285
4321,5207692,1090371,2/21/2009 10:00:00 AM,1105,BROADWAY Aven,MOUNT PLEASANT Road,,Major Arterial,North York,43.711145,-79.39119,At Intersection,Traffic Signal,Clear,Daylight,Dry,Non-Fatal Injury,SMV Other,Driver,80 to 84,Major,,West,"Automobile, Station Wagon",Going Ahead,Lost control,Medical or Physical Disability,,,,,,,,,Yes,,,,,,,,,,Yes,99,Mount Pleasant East,99,Mount Pleasant East (99),D53,629610.1136,4841047.8135
4322,5207705,1090381,2/21/2009 10:00:00 AM,2001,YORK MILLS RD,DON MILLS RD,,Major Arterial,North York,43.755845,-79.34699,At Intersection,Traffic Signal,Snow,Dark,Loose Snow,Non-Fatal Injury,Approaching,Driver,85 to 89,Major,,East,"Automobile, Station Wagon",Going Ahead,Lost control,Medical or Physical Disability,,,,,,,,,Yes,,,,,,,,,,Yes,40,St.Andrew-Windfields,40,St.Andrew-Windfields (40),D33,633071.9794,4846082.4667
4323,5207706,1090381,2/21/2009 10:00:00 AM,2001,YORK MILLS RD,DON MILLS RD,,Major Arterial,North York,43.755845,-79.34699,At Intersection,Traffic Signal,Snow,Dark,Loose Snow,Non-Fatal Injury,Approaching,Driver,35 to 39,Minimal,,West,"Automobile, Station Wagon",Slowing or Stopping,Driving Properly,Normal,,,,,,,,,Yes,,,,,,,,,,Yes,40,St.Andrew-Windfields,40,St.Andrew-Windfields (40),D33,633071.9794,4846082.4667
4324,5208559,1090810,2/23/2009 10:00:00 AM,1635,F G GARDINER XY  E,YONGE ST,,Major Arterial,Toronto and East York,43.644645,-79.37469,,No Control,Clear,Daylight,Dry,Non-Fatal Injury,Rear End,Vehicle Owner,unknown,,,,Other,,,,,,,,,,,,Yes,,,,,,,Yes,,,,166,St Lawrence-East Bayfront-The Islands,77,Waterfront Communities-The Island (77),D51,631084.1399,4833688.0141
4325,5208560,1090810,2/23/2009 10:00:00 AM,1635,F G GARDINER XY  E,YONGE ST,,Major Arterial,Toronto and East York,43.644645,-79.37469,,No Control,Clear,Daylight,Dry,Non-Fatal Injury,Rear End,Driver,25 to 29,Major,,East,"Automobile, Station Wagon",Stopped,Driving Properly,Normal,,,,,,,,,Yes,,,,,,,Yes,,,,166,St Lawrence-East Bayfront-The Islands,77,Waterfront Communities-The Island (77),D51,631084.1399,4833688.0141
4326,5208561,1090810,2/23/2009 10:00:00 AM,1635,F G GARDINER XY  E,YONGE ST,,Major Arterial,Toronto and East York,43.644645,-79.37469,,No Control,Clear,Daylight,Dry,Non-Fatal Injury,Rear End,Driver,55 to 59,None,,East,"Automobile, Station Wagon",Stopped,Driving Properly,Normal,,,,,,,,,Yes,,,,,,,Yes,,,,166,St Lawrence-East Bayfront-The Islands,77,Waterfront Communities-The Island (77),D51,631084.1399,4833688.0141
4327,5208562,1090810,2/23/2009 10:00:00 AM,1635,F G GARDINER XY  E,YONGE ST,,Major Arterial,Toronto and East York,43.644645,-79.37469,,No Control,Clear,Daylight,Dry,Non-Fatal Injury,Rear End,Driver,60 to 64,None,,East,"Automobile, Station Wagon",Going Ahead,Following too Close,Had Been Drinking,,,,,,,,,Yes,,,,,,,Yes,,,,166,St Lawrence-East Bayfront-The Islands,77,Waterfront Communities-The Island (77),D51,631084.1399,4833688.0141
4328,5219064,1095383,2/23/2009 10:00:00 AM,1925,KING ST W,BAY ST,,Major Arterial,Toronto and East York,43.648638,-79.380267,At Intersection,Traffic Signal,Clear,"Dark, artificial",Dry,Non-Fatal Injury,Pedestrian Collisions,Vehicle Owner,unknown,,,,Other,,,,,,,,,,Yes,,,,,Yes,,,,,,,,170,Yonge-Bay Corridor,76,Bay Street Corridor (76),D52,630625.6847,4834122.6952
4329,5219065,1095383,2/23/2009 10:00:00 AM,1925,KING ST W,BAY ST,,Major Arterial,Toronto and East York,43.648638,-79.380267,At Intersection,Traffic Signal,Clear,"Dark, artificial",Dry,Non-Fatal Injury,Pedestrian Collisions,Driver,60 to 64,None,,East,Municipal Transit Bus (TTC),Turning Right,Improper Turn,Inattentive,,,,,,,Yes,,,,,Yes,,,,,,,,170,Yonge-Bay Corridor,76,Bay Street Corridor (76),D52,630625.6847,4834122.6952
4330,5219066,1095383,2/23/2009 10:00:00 AM,1925,KING ST W,BAY ST,,Major Arterial,Toronto and East York,43.648638,-79.380267,At Intersection,Traffic Signal,Clear,"Dark, artificial",Dry,Non-Fatal Injury,Pedestrian Collisions,Pedestrian,30 to 34,Major,,Unknown,Other,,,,Pedestrian involved in a collision with transit vehicle anywhere along roadway,On Sidewalk or Shoulder,Unknown,,,,Yes,,,,,Yes,,,,,,,,170,Yonge-Bay Corridor,76,Bay Street Corridor (76),D52,630625.6847,4834122.6952
4331,5227763,1099302,2/24/2009 10:00:00 AM,308,YONGE ST,WILLIAM CARSON CRES,,Major Arterial,North York,43.752145,-79.40809,,No Control,Clear,Dark,Dry,Non-Fatal Injury,Pedestrian Collisions,Vehicle Owner,unknown,,,,Other,,,,,,,,,,Yes,,,,,Yes,,,,,,,,40,St.Andrew-Windfields,40,St.Andrew-Windfields (40),D32,628161.1077,4845575.1723
4332,5227764,1099302,2/24/2009 10:00:00 AM,308,YONGE ST,WILLIAM CARSON CRES,,Major Arterial,North York,43.752145,-79.40809,,No Control,Clear,Dark,Dry,Non-Fatal Injury,Pedestrian Collisions,Driver,unknown,None,,South,Municipal Transit Bus (TTC),Pulling Away from Shoulder or Curb,Driving Properly,Unknown,,,,,,,Yes,,,,,Yes,,,,,,,,40,St.Andrew-Windfields,40,St.Andrew-Windfields (40),D32,628161.1077,4845575.1723
4333,5227765,1099302,2/24/2009 10:00:00 AM,308,YONGE ST,WILLIAM CARSON CRES,,Major Arterial,North York,43.752145,-79.40809,,No Control,Clear,Dark,Dry,Non-Fatal Injury,Pedestrian Collisions,Pedestrian,55 to 59,Major,,,Other,,,,Pedestrian involved in a collision with transit vehicle anywhere along roadway,Person Getting on/off Vehicle,Had Been Drinking,,,,Yes,,,,,Yes,,,,,,,,40,St.Andrew-Windfields,40,St.Andrew-Windfields (40),D32,628161.1077,4845575.1723
4334,5209641,1091289,2/25/2009 10:00:00 AM,1930,HUMBER COLLEGE Boul,WINDWOOD Driv,,Minor Arterial,Etobicoke York,43.730745,-79.60669,,Pedestrian Crossover,Rain,Dark,Wet,Non-Fatal Injury,Pedestrian Collisions,Driver,60 to 64,None,,East,"Automobile, Station Wagon",Going Ahead,Driving Properly,Normal,,,,,,,Yes,,Yes,,,,,,,,,,,1,West Humber-Clairville,1,West Humber-Clairville (1),D23,612212.1216,4842910.2868
4335,5209642,1091289,2/25/2009 10:00:00 AM,1930,HUMBER COLLEGE Boul,WINDWOOD Driv,,Minor Arterial,Etobicoke York,43.730745,-79.60669,,Pedestrian Crossover,Rain,Dark,Wet,Non-Fatal Injury,Pedestrian Collisions,Pedestrian,20 to 24,Major,,North,Other,,,,Pedestrian hit a PXO/ped. Mid-block signal,"Crossing, Pedestrian Crossover",Normal,,,,Yes,,Yes,,,,,,,,,,,1,West Humber-Clairville,1,West Humber-Clairville (1),D23,612212.1216,4842910.2868
4336,5219247,1095466,2/26/2009 10:00:00 AM,730,KENNEDY RD,401 C W KENNEDY S RAMP RD,,Major Arterial,Scarborough,43.776305,-79.285159,At Intersection,Traffic Signal,Clear,Daylight,Dry,Non-Fatal Injury,Angle,Passenger,45 to 49,Major,,,Other,,,,,,,,,,,,Yes,,,,,Yes,,,,,,128,Agincourt South-Malvern West,128,Agincourt South-Malvern West (128),D42,638002.545,4848456.0687
4337,5219248,1095466,2/26/2009 10:00:00 AM,730,KENNEDY RD,401 C W KENNEDY S RAMP RD,,Major Arterial,Scarborough,43.776305,-79.285159,At Intersection,Traffic Signal,Clear,Daylight,Dry,Non-Fatal Injury,Angle,Driver,45 to 49,Minor,,North,"Automobile, Station Wagon",Going Ahead,Driving Properly,Normal,,,,,,,,,Yes,,,,,Yes,,,,,,128,Agincourt South-Malvern West,128,Agincourt South-Malvern West (128),D42,638002.545,4848456.0687
4338,5219249,1095466,2/26/2009 10:00:00 AM,730,KENNEDY RD,401 C W KENNEDY S RAMP RD,,Major Arterial,Scarborough,43.776305,-79.285159,At Intersection,Traffic Signal,Clear,Daylight,Dry,Non-Fatal Injury,Angle,Vehicle Owner,unknown,,,,Other,,,,,,,,,,,,Yes,,,,,Yes,,,,,,128,Agincourt South-Malvern West,128,Agincourt South-Malvern West (128),D42,638002.545,4848456.0687
4339,5219250,1095466,2/26/2009 10:00:00 AM,730,KENNEDY RD,401 C W KENNEDY S RAMP RD,,Major Arterial,Scarborough,43.776305,-79.285159,At Intersection,Traffic Signal,Clear,Daylight,Dry,Non-Fatal Injury,Angle,Driver,55 to 59,Minor,,West,"Automobile, Station Wagon",Going Ahead,Lost control,Unknown,,,,,,,,,Yes,,,,,Yes,,,,,,128,Agincourt South-Malvern West,128,Agincourt South-Malvern West (128),D42,638002.545,4848456.0687
4340,5219863,1095752,2/26/2009 10:00:00 AM,2319,QUEEN ST E,LESLIE ST,,Minor Arterial,Toronto and East York,43.663245,-79.33019,,Traffic Signal,Clear,Dark,Dry,Non-Fatal Injury,Pedestrian Collisions,Driver,35 to 39,None,,West,"Automobile, Station Wagon",Turning Left,Failed to Yield Right of Way,Inattentive,,,,,,,Yes,,Yes,,,,,,,Yes,,,,65,Greenwood-Coxwell,70,South Riverdale (70),D55,634631.6138,4835825.0414
4341,5219864,1095752,2/26/2009 10:00:00 AM,2319,QUEEN ST E,LESLIE ST,,Minor Arterial,Toronto and East York,43.663245,-79.33019,,Traffic Signal,Clear,Dark,Dry,Non-Fatal Injury,Pedestrian Collisions,Pedestrian,25 to 29,Major,,,Other,Other,,,Vehicle turns left while ped crosses with ROW at inter.,Crossing with right of way,Normal,,,,Yes,,Yes,,,,,,,Yes,,,,65,Greenwood-Coxwell,70,South Riverdale (70),D55,634631.6138,4835825.0414
4342,5220720,1096124,3/2/2009 10:00:00 AM,1628,130 DORIS Ave,,,Minor Arterial,North York,43.765769,-79.409107,,Pedestrian Crossover,Clear,Daylight,Dry,Non-Fatal Injury,Pedestrian Collisions,Driver,45 to 49,None,,South,"Automobile, Station Wagon",Going Ahead,Failed to Yield Right of Way,Inattentive,,,,,,,Yes,,Yes,,,,,,,Yes,,,,151,Yonge-Doris,51,Willowdale East (51),D32,628050.1647,4847086.7488
4343,5220721,1096124,3/2/2009 10:00:00 AM,1628,130 DORIS Ave,,,Minor Arterial,North York,43.765769,-79.409107,,Pedestrian Crossover,Clear,Daylight,Dry,Non-Fatal Injury,Pedestrian Collisions,Pedestrian,35 to 39,Major,,East,Other,,,,Pedestrian hit a PXO/ped. Mid-block signal,"Crossing, Pedestrian Crossover",Normal,,,,Yes,,Yes,,,,,,,Yes,,,,151,Yonge-Doris,51,Willowdale East (51),D32,628050.1647,4847086.7488
4344,5792228,1092352,3/3/2009 10:00:00 AM,1042,RELMAR RD,LONSDALE RD,,Local,Toronto and East York,43.688345,-79.41389,At Intersection,Stop Sign,Clear,Daylight,Dry,Non-Fatal Injury,Pedestrian Collisions,Vehicle Owner,unknown,,,,Other,,,,,,,,,,Yes,,Yes,,,,,,,Yes,,,,101,Forest Hill South,101,Forest Hill South (101),D13,627829.7652,4838480.3128
4345,5792229,1092352,3/3/2009 10:00:00 AM,1042,RELMAR RD,LONSDALE RD,,Local,Toronto and East York,43.688345,-79.41389,At Intersection,Stop Sign,Clear,Daylight,Dry,Non-Fatal Injury,Pedestrian Collisions,Driver,45 to 49,None,,South,"Automobile, Station Wagon",Turning Left,Disobeyed Traffic Control,Inattentive,,,,,,,Yes,,Yes,,,,,,,Yes,,,,101,Forest Hill South,101,Forest Hill South (101),D13,627829.7652,4838480.3128
4346,5792230,1092352,3/3/2009 10:00:00 AM,1042,RELMAR RD,LONSDALE RD,,Local,Toronto and East York,43.688345,-79.41389,At Intersection,Stop Sign,Clear,Daylight,Dry,Non-Fatal Injury,Pedestrian Collisions,Pedestrian,85 to 89,Major,,,Other,Other,,,Vehicle turns left while ped crosses with ROW at inter.,Crossing with right of way,Normal,,,,Yes,,Yes,,,,,,,Yes,,,,101,Forest Hill South,101,Forest Hill South (101),D13,627829.7652,4838480.3128
4347,5223949,1097606,3/3/2009 10:00:00 AM,1850,SHEPPARD AVE E,GLEN WATFORD DR,,Major Arterial,Scarborough,43.786645,-79.27299,,No Control,Clear,Dawn,Dry,Non-Fatal Injury,Rear End,Vehicle Owner,unknown,,,,Other,,,,,,,,,,,,Yes,,,,,,Yes,Yes,,,,128,Agincourt South-Malvern West,128,Agincourt South-Malvern West (128),D42,638957.9031,4849624.8449
4348,5223950,1097606,3/3/2009 10:00:00 AM,1850,SHEPPARD AVE E,GLEN WATFORD DR,,Major Arterial,Scarborough,43.786645,-79.27299,,No Control,Clear,Dawn,Dry,Non-Fatal Injury,Rear End,Driver,60 to 64,Major,,West,Pick Up Truck,Going Ahead,Following too Close,Unknown,,,,,,,,,Yes,,,,,,Yes,Yes,,,,128,Agincourt South-Malvern West,128,Agincourt South-Malvern West (128),D42,638957.9031,4849624.8449
4349,5223951,1097606,3/3/2009 10:00:00 AM,1850,SHEPPARD AVE E,GLEN WATFORD DR,,Major Arterial,Scarborough,43.786645,-79.27299,,No Control,Clear,Dawn,Dry,Non-Fatal Injury,Rear End,Driver,45 to 49,None,,West,"Automobile, Station Wagon",Going Ahead,Driving Properly,Normal,,,,,,,,,Yes,,,,,,Yes,Yes,,,,128,Agincourt South-Malvern West,128,Agincourt South-Malvern West (128),D42,638957.9031,4849624.8449
4350,5212695,1092623,3/4/2009 10:00:00 AM,804,NEILSON Rd,MCLEVIN Ave,,Minor Arterial,Scarborough,43.808645,-79.22069,At Intersection,No Control,Clear,Daylight,Dry,Non-Fatal Injury,Pedestrian Collisions,Driver,35 to 39,None,,South,"Automobile, Station Wagon",Slowing or Stopping,Driving Properly,Normal,,,,,,,Yes,,Yes,,,,,,,,,,,145,Malvern West,132,Malvern (132),D42,643113.5563,4852157.4297
4351,5212696,1092623,3/4/2009 10:00:00 AM,804,NEILSON Rd,MCLEVIN Ave,,Minor Arterial,Scarborough,43.808645,-79.22069,At Intersection,No Control,Clear,Daylight,Dry,Non-Fatal Injury,Pedestrian Collisions,Pedestrian,75 to 79,Major,,West,Other,,,,Pedestrian hit at mid-block,"Crossing, no Traffic Control",Normal,,,,Yes,,Yes,,,,,,,,,,,145,Malvern West,132,Malvern (132),D42,643113.5563,4852157.4297
4352,5213327,1092885,3/4/2009 10:00:00 AM,2141,MAIN Stre,DANFORTH Aven,,Major Arterial,Toronto and East York,43.688145,-79.30179,,,Other,Dark,Other,Non-Fatal Injury,Other,Vehicle Owner,unknown,None,,,Other,Other,,,,,,,,,,,Yes,,,,,Yes,,,,,,62,East End-Danforth,62,East End-Danforth (62),D55,636864.8236,4838637.0092
4353,5213328,1092885,3/4/2009 10:00:00 AM,2141,MAIN Stre,DANFORTH Aven,,Major Arterial,Toronto and East York,43.688145,-79.30179,,,Other,Dark,Other,Non-Fatal Injury,Other,Driver,unknown,None,,,Other,Unknown,,,,,,,,,,,Yes,,,,,Yes,,,,,,62,East End-Danforth,62,East End-Danforth (62),D55,636864.8236,4838637.0092
4354,5213329,1092885,3/4/2009 10:00:00 AM,2141,MAIN Stre,DANFORTH Aven,,Major Arterial,Toronto and East York,43.688145,-79.30179,,,Other,Dark,Other,Non-Fatal Injury,Other,Passenger,unknown,Major,,,Other,Other,,,,,,,,,,,Yes,,,,,Yes,,,,,,62,East End-Danforth,62,East End-Danforth (62),D55,636864.8236,4838637.0092
4355,5213330,1092885,3/4/2009 10:00:00 AM,2141,MAIN Stre,DANFORTH Aven,,Major Arterial,Toronto and East York,43.688145,-79.30179,,,Other,Dark,Other,Non-Fatal Injury,Other,Passenger,unknown,Minor,,,Other,Other,,,,,,,,,,,Yes,,,,,Yes,,,,,,62,East End-Danforth,62,East End-Danforth (62),D55,636864.8236,4838637.0092
4356,5213331,1092885,3/4/2009 10:00:00 AM,2141,MAIN Stre,DANFORTH Aven,,Major Arterial,Toronto and East York,43.688145,-79.30179,,,Other,Dark,Other,Non-Fatal Injury,Other,Vehicle Owner,unknown,None,,,Other,Other,,,,,,,,,,,Yes,,,,,Yes,,,,,,62,East End-Danforth,62,East End-Danforth (62),D55,636864.8236,4838637.0092
4357,5213332,1092885,3/4/2009 10:00:00 AM,2141,MAIN Stre,DANFORTH Aven,,Major Arterial,Toronto and East York,43.688145,-79.30179,,,Other,Dark,Other,Non-Fatal Injury,Other,Driver,50 to 54,Minor,,,"Automobile, Station Wagon",Unknown,,,,,,,,,,,Yes,,,,,Yes,,,,,,62,East End-Danforth,62,East End-Danforth (62),D55,636864.8236,4838637.0092
4358,5213333,1092886,3/4/2009 10:00:00 AM,2141,DANFORTH Aven,MAIN Stre,,Major Arterial,Toronto and East York,43.688145,-79.30179,,,Other,Dark,Other,Non-Fatal Injury,Other,Vehicle Owner,unknown,None,,,Other,Other,,,,,,,,,,,Yes,,,,,Yes,,,,,,62,East End-Danforth,62,East End-Danforth (62),D55,636864.8236,4838637.0092
4359,5213334,1092886,3/4/2009 10:00:00 AM,2141,DANFORTH Aven,MAIN Stre,,Major Arterial,Toronto and East York,43.688145,-79.30179,,,Other,Dark,Other,Non-Fatal Injury,Other,Driver,unknown,None,,,Other,Unknown,,,,,,,,,,,Yes,,,,,Yes,,,,,,62,East End-Danforth,62,East End-Danforth (62),D55,636864.8236,4838637.0092
4360,5213335,1092886,3/4/2009 10:00:00 AM,2141,DANFORTH Aven,MAIN Stre,,Major Arterial,Toronto and East York,43.688145,-79.30179,,,Other,Dark,Other,Non-Fatal Injury,Other,Passenger,unknown,Major,,,Other,Other,,,,,,,,,,,Yes,,,,,Yes,,,,,,62,East End-Danforth,62,East End-Danforth (62),D55,636864.8236,4838637.0092
4361,5213336,1092886,3/4/2009 10:00:00 AM,2141,DANFORTH Aven,MAIN Stre,,Major Arterial,Toronto and East York,43.688145,-79.30179,,,Other,Dark,Other,Non-Fatal Injury,Other,Passenger,unknown,Minor,,,Other,Other,,,,,,,,,,,Yes,,,,,Yes,,,,,,62,East End-Danforth,62,East End-Danforth (62),D55,636864.8236,4838637.0092
4362,5213337,1092886,3/4/2009 10:00:00 AM,2141,DANFORTH Aven,MAIN Stre,,Major Arterial,Toronto and East York,43.688145,-79.30179,,,Other,Dark,Other,Non-Fatal Injury,Other,Vehicle Owner,unknown,None,,,Other,Other,,,,,,,,,,,Yes,,,,,Yes,,,,,,62,East End-Danforth,62,East End-Danforth (62),D55,636864.8236,4838637.0092
4363,5213338,1092886,3/4/2009 10:00:00 AM,2141,DANFORTH Aven,MAIN Stre,,Major Arterial,Toronto and East York,43.688145,-79.30179,,,Other,Dark,Other,Non-Fatal Injury,Other,Driver,50 to 54,Minor,,,"Automobile, Station Wagon",Unknown,,,,,,,,,,,Yes,,,,,Yes,,,,,,62,East End-Danforth,62,East End-Danforth (62),D55,636864.8236,4838637.0092
4364,5213339,1092886,3/4/2009 10:00:00 AM,2141,DANFORTH Aven,MAIN Stre,,Major Arterial,Toronto and East York,43.688145,-79.30179,,,Other,Dark,Other,Non-Fatal Injury,Other,Other Property Owner,unknown,None,,,Other,Other,,,,,,,,,,,Yes,,,,,Yes,,,,,,62,East End-Danforth,62,East End-Danforth (62),D55,636864.8236,4838637.0092