OBJECTID,INDEX,ACCNUM,DATE,TIME,STREET1,STREET2,OFFSET,ROAD_CLASS,DISTRICT,LATITUDE,LONGITUDE,ACCLOC,TRAFFCTL,VISIBILITY,LIGHT,RDSFCOND,ACCLASS,IMPACTYPE,INVTYPE,INVAGE,INJURY,FATAL_NO,INITDIR,VEHTYPE,MANOEUVER,DRIVACT,DRIVCOND,PEDTYPE,PEDACT,PEDCOND,CYCLISTYPE,CYCACT,CYCCOND,PEDESTRIAN,CYCLIST,AUTOMOBILE,MOTORCYCLE,TRUCK,TRSN_CITY_VEH,EMERG_VEH,PASSENGER,SPEEDING,AG_DRIV,REDLIGHT,ALCOHOL,DISABILITY,HOOD_158,NEIGHBOURHOOD_158,HOOD_140,NEIGHBOURHOOD_140,DIVISION,x,y
4365,5864711,1093205,3/7/2009 10:00:00 AM,420,F G GARDINER XY Expr W,PARKSIDE DR,,,Toronto and East York,43.636345,-79.44239,,No Control,Clear,Dark,Dry,Non-Fatal Injury,Rear End,Vehicle Owner,unknown,,,,Other,,,,,,,,,,,,Yes,,,,,Yes,,Yes,,,,85,South Parkdale,85,South Parkdale (85),D14,625641.259,4832661.4907
4366,5864712,1093205,3/7/2009 10:00:00 AM,420,F G GARDINER XY Expr W,PARKSIDE DR,,,Toronto and East York,43.636345,-79.44239,,No Control,Clear,Dark,Dry,Non-Fatal Injury,Rear End,Passenger,30 to 34,Minimal,,,Other,,,,,,,,,,,,Yes,,,,,Yes,,Yes,,,,85,South Parkdale,85,South Parkdale (85),D14,625641.259,4832661.4907
4367,5864713,1093205,3/7/2009 10:00:00 AM,420,F G GARDINER XY Expr W,PARKSIDE DR,,,Toronto and East York,43.636345,-79.44239,,No Control,Clear,Dark,Dry,Non-Fatal Injury,Rear End,Passenger,25 to 29,Minimal,,,Other,,,,,,,,,,,,Yes,,,,,Yes,,Yes,,,,85,South Parkdale,85,South Parkdale (85),D14,625641.259,4832661.4907
4368,5864714,1093205,3/7/2009 10:00:00 AM,420,F G GARDINER XY Expr W,PARKSIDE DR,,,Toronto and East York,43.636345,-79.44239,,No Control,Clear,Dark,Dry,Non-Fatal Injury,Rear End,Passenger,30 to 34,Minimal,,,Other,,,,,,,,,,,,Yes,,,,,Yes,,Yes,,,,85,South Parkdale,85,South Parkdale (85),D14,625641.259,4832661.4907
4369,5864715,1093205,3/7/2009 10:00:00 AM,420,F G GARDINER XY Expr W,PARKSIDE DR,,,Toronto and East York,43.636345,-79.44239,,No Control,Clear,Dark,Dry,Non-Fatal Injury,Rear End,Driver,30 to 34,None,,West,"Automobile, Station Wagon",Stopped,Driving Properly,Normal,,,,,,,,,Yes,,,,,Yes,,Yes,,,,85,South Parkdale,85,South Parkdale (85),D14,625641.259,4832661.4907
4370,5864716,1093205,3/7/2009 10:00:00 AM,420,F G GARDINER XY Expr W,PARKSIDE DR,,,Toronto and East York,43.636345,-79.44239,,No Control,Clear,Dark,Dry,Non-Fatal Injury,Rear End,Passenger,25 to 29,None,,,Other,,,,,,,,,,,,Yes,,,,,Yes,,Yes,,,,85,South Parkdale,85,South Parkdale (85),D14,625641.259,4832661.4907
4371,5864717,1093205,3/7/2009 10:00:00 AM,420,F G GARDINER XY Expr W,PARKSIDE DR,,,Toronto and East York,43.636345,-79.44239,,No Control,Clear,Dark,Dry,Non-Fatal Injury,Rear End,Passenger,25 to 29,Minor,,,Other,,,,,,,,,,,,Yes,,,,,Yes,,Yes,,,,85,South Parkdale,85,South Parkdale (85),D14,625641.259,4832661.4907
4372,5864718,1093205,3/7/2009 10:00:00 AM,420,F G GARDINER XY Expr W,PARKSIDE DR,,,Toronto and East York,43.636345,-79.44239,,No Control,Clear,Dark,Dry,Non-Fatal Injury,Rear End,Driver,25 to 29,Major,,West,"Automobile, Station Wagon",Stopped,Following too Close,Normal,,,,,,,,,Yes,,,,,Yes,,Yes,,,,85,South Parkdale,85,South Parkdale (85),D14,625641.259,4832661.4907
4373,5864719,1093205,3/7/2009 10:00:00 AM,420,F G GARDINER XY Expr W,PARKSIDE DR,,,Toronto and East York,43.636345,-79.44239,,No Control,Clear,Dark,Dry,Non-Fatal Injury,Rear End,Driver,25 to 29,None,,West,"Automobile, Station Wagon",Stopped,Driving Properly,Normal,,,,,,,,,Yes,,,,,Yes,,Yes,,,,85,South Parkdale,85,South Parkdale (85),D14,625641.259,4832661.4907
4374,5864720,1093205,3/7/2009 10:00:00 AM,420,F G GARDINER XY Expr W,PARKSIDE DR,,,Toronto and East York,43.636345,-79.44239,,No Control,Clear,Dark,Dry,Non-Fatal Injury,Rear End,Vehicle Owner,unknown,,,,Other,,,,,,,,,,,,Yes,,,,,Yes,,Yes,,,,85,South Parkdale,85,South Parkdale (85),D14,625641.259,4832661.4907
4375,5864721,1093205,3/7/2009 10:00:00 AM,420,F G GARDINER XY Expr W,PARKSIDE DR,,,Toronto and East York,43.636345,-79.44239,,No Control,Clear,Dark,Dry,Non-Fatal Injury,Rear End,Driver,45 to 49,None,,West,"Automobile, Station Wagon",Going Ahead,Following too Close,Normal,,,,,,,,,Yes,,,,,Yes,,Yes,,,,85,South Parkdale,85,South Parkdale (85),D14,625641.259,4832661.4907
4376,5213958,1093141,3/7/2009 10:00:00 AM,440,WILLIAM R ALLEN RD,TRANSIT RD,,Major Arterial,North York,43.741845,-79.45429,At Intersection,Traffic Signal,Clear,Dark,Wet,Fatal,SMV Other,Vehicle Owner,unknown,,,,Other,,,,,,,,,,,,Yes,,,,,,,,,,,33,Clanton Park,33,Clanton Park (33),D32,624462.9619,4844360.76
4377,5213959,1093141,3/7/2009 10:00:00 AM,440,WILLIAM R ALLEN RD,TRANSIT RD,,Major Arterial,North York,43.741845,-79.45429,At Intersection,Traffic Signal,Clear,Dark,Wet,Fatal,SMV Other,Driver,20 to 24,Fatal,5,North,"Automobile, Station Wagon",Going Ahead,Lost control,Unknown,,,,,,,,,Yes,,,,,,,,,,,33,Clanton Park,33,Clanton Park (33),D32,624462.9619,4844360.76
4378,5221510,1096493,3/7/2009 10:00:00 AM,1318,ROGERS RD,NORTHCLIFFE BLVD,,Minor Arterial,Toronto and East York,43.686145,-79.44329,,No Control,Rain,Daylight,Wet,Non-Fatal Injury,Pedestrian Collisions,Driver,30 to 34,None,,East,"Automobile, Station Wagon",Going Ahead,Driving Properly,Normal,,,,,,,Yes,,Yes,,,,,,,,,,,107,Oakwood Village,107,Oakwood Village (107),D13,625464.8879,4838191.0737
4379,5221511,1096493,3/7/2009 10:00:00 AM,1318,ROGERS RD,NORTHCLIFFE BLVD,,Minor Arterial,Toronto and East York,43.686145,-79.44329,,No Control,Rain,Daylight,Wet,Non-Fatal Injury,Pedestrian Collisions,Pedestrian,10 to 14,Major,,,Other,Other,,,Vehicle hits the pedestrian walking or running out from between parked vehicles at mid-block,Coming From Behind Parked Vehicle,Inattentive,,,,Yes,,Yes,,,,,,,,,,,107,Oakwood Village,107,Oakwood Village (107),D13,625464.8879,4838191.0737
4380,5214084,1093202,3/8/2009 9:00:00 AM,12,BROWNS LINE Line,HORNER AVE,,Major Arterial,Etobicoke York,43.601645,-79.54519,,Traffic Signal,Rain,Dark,Wet,Non-Fatal Injury,Rear End,Driver,50 to 54,Major,,South,"Automobile, Station Wagon",Going Ahead,Following too Close,"Ability Impaired, Alcohol",,,,,,,,,Yes,,,Yes,,Yes,,Yes,,Yes,,20,Alderwood,20,Alderwood (20),D22,617416.5674,4828657.171
4381,5214085,1093202,3/8/2009 9:00:00 AM,12,BROWNS LINE Line,HORNER AVE,,Major Arterial,Etobicoke York,43.601645,-79.54519,,Traffic Signal,Rain,Dark,Wet,Non-Fatal Injury,Rear End,Vehicle Owner,unknown,,,,Other,,,,,,,,,,,,Yes,,,Yes,,Yes,,Yes,,Yes,,20,Alderwood,20,Alderwood (20),D22,617416.5674,4828657.171
4382,5214086,1093202,3/8/2009 9:00:00 AM,12,BROWNS LINE Line,HORNER AVE,,Major Arterial,Etobicoke York,43.601645,-79.54519,,Traffic Signal,Rain,Dark,Wet,Non-Fatal Injury,Rear End,Passenger,unknown,Minimal,,,Other,,,,,,,,,,,,Yes,,,Yes,,Yes,,Yes,,Yes,,20,Alderwood,20,Alderwood (20),D22,617416.5674,4828657.171
4383,5214087,1093202,3/8/2009 9:00:00 AM,12,BROWNS LINE Line,HORNER AVE,,Major Arterial,Etobicoke York,43.601645,-79.54519,,Traffic Signal,Rain,Dark,Wet,Non-Fatal Injury,Rear End,Vehicle Owner,unknown,,,,Other,,,,,,,,,,,,Yes,,,Yes,,Yes,,Yes,,Yes,,20,Alderwood,20,Alderwood (20),D22,617416.5674,4828657.171
4384,5214088,1093202,3/8/2009 9:00:00 AM,12,BROWNS LINE Line,HORNER AVE,,Major Arterial,Etobicoke York,43.601645,-79.54519,,Traffic Signal,Rain,Dark,Wet,Non-Fatal Injury,Rear End,Driver,35 to 39,None,,South,Municipal Transit Bus (TTC),Stopped,Driving Properly,Normal,,,,,,,,,Yes,,,Yes,,Yes,,Yes,,Yes,,20,Alderwood,20,Alderwood (20),D22,617416.5674,4828657.171
4385,5241785,1105663,3/8/2009 9:00:00 AM,15,DUNDAS ST W,MC CAUL ST,,Major Arterial,Toronto and East York,43.654345,-79.39149,At Intersection,Traffic Signal,Clear,Dark,Wet,Non-Fatal Injury,Rear End,Passenger,20 to 24,Minimal,,,Other,,,,,,,,,,,,Yes,,,,,Yes,,Yes,,,,78,Kensington-Chinatown,78,Kensington-Chinatown (78),D52,629708.2942,4834738.9279
4386,5241786,1105663,3/8/2009 9:00:00 AM,15,DUNDAS ST W,MC CAUL ST,,Major Arterial,Toronto and East York,43.654345,-79.39149,At Intersection,Traffic Signal,Clear,Dark,Wet,Non-Fatal Injury,Rear End,Driver,20 to 24,Minimal,,West,"Automobile, Station Wagon",Stopped,Driving Properly,Normal,,,,,,,,,Yes,,,,,Yes,,Yes,,,,78,Kensington-Chinatown,78,Kensington-Chinatown (78),D52,629708.2942,4834738.9279
4387,5241787,1105663,3/8/2009 9:00:00 AM,15,DUNDAS ST W,MC CAUL ST,,Major Arterial,Toronto and East York,43.654345,-79.39149,At Intersection,Traffic Signal,Clear,Dark,Wet,Non-Fatal Injury,Rear End,Vehicle Owner,unknown,,,,Other,,,,,,,,,,,,Yes,,,,,Yes,,Yes,,,,78,Kensington-Chinatown,78,Kensington-Chinatown (78),D52,629708.2942,4834738.9279
4388,5241788,1105663,3/8/2009 9:00:00 AM,15,DUNDAS ST W,MC CAUL ST,,Major Arterial,Toronto and East York,43.654345,-79.39149,At Intersection,Traffic Signal,Clear,Dark,Wet,Non-Fatal Injury,Rear End,Driver,55 to 59,Major,,West,"Automobile, Station Wagon",Slowing or Stopping,Following too Close,Inattentive,,,,,,,,,Yes,,,,,Yes,,Yes,,,,78,Kensington-Chinatown,78,Kensington-Chinatown (78),D52,629708.2942,4834738.9279
4389,5214089,1093203,3/8/2009 9:00:00 AM,350,HILL CRES,HEATHFIELD DR,,Collector,Scarborough,43.737845,-79.21059,,No Control,Rain,Dark,Wet,Fatal,SMV Other,Other,unknown,None,,North,Other,Parked,,,,,,,,,,,Yes,,,,,Yes,Yes,Yes,,Yes,,139,Scarborough Village,139,Scarborough Village (139),D43,644095.8818,4844311.4935
4390,5214090,1093203,3/8/2009 9:00:00 AM,350,HILL CRES,HEATHFIELD DR,,Collector,Scarborough,43.737845,-79.21059,,No Control,Rain,Dark,Wet,Fatal,SMV Other,Passenger,20 to 24,Fatal,6,,Other,,,,,,,,,,,,Yes,,,,,Yes,Yes,Yes,,Yes,,139,Scarborough Village,139,Scarborough Village (139),D43,644095.8818,4844311.4935
4391,5214091,1093203,3/8/2009 9:00:00 AM,350,HILL CRES,HEATHFIELD DR,,Collector,Scarborough,43.737845,-79.21059,,No Control,Rain,Dark,Wet,Fatal,SMV Other,Driver,20 to 24,Major,,East,"Automobile, Station Wagon",Going Ahead,Exceeding Speed Limit,"Ability Impaired, Alcohol Over .08",,,,,,,,,Yes,,,,,Yes,Yes,Yes,,Yes,,139,Scarborough Village,139,Scarborough Village (139),D43,644095.8818,4844311.4935
4392,5222835,1097106,3/10/2009 8:00:00 AM,1156,GERRARD St E,CARLAW Ave,,Minor Arterial,Toronto and East York,43.667445,-79.343387,,No Control,Clear,Daylight,Dry,Non-Fatal Injury,Cyclist Collisions,Driver,50 to 54,None,,West,"Automobile, Station Wagon",Parked,Other,Inattentive,,,,,,,,Yes,Yes,,,,,,,,,,,70,South Riverdale,70,South Riverdale (70),D55,633558.2538,4836270.1766
4393,5222836,1097106,3/10/2009 8:00:00 AM,1156,GERRARD St E,CARLAW Ave,,Minor Arterial,Toronto and East York,43.667445,-79.343387,,No Control,Clear,Daylight,Dry,Non-Fatal Injury,Cyclist Collisions,Cyclist,45 to 49,Major,,West,Bicycle,Going Ahead,,,,,,Cyclist struck opened vehicle door,Driving Properly,Normal,,Yes,Yes,,,,,,,,,,,70,South Riverdale,70,South Riverdale (70),D55,633558.2538,4836270.1766
4394,5222919,1097142,3/10/2009 8:00:00 AM,2051,SHEPPARD Aven E,PROGRESS Aven,,Major Arterial,Scarborough,43.794645,-79.23489,At Intersection,Traffic Signal,Rain,Dark,Wet,Non-Fatal Injury,Pedestrian Collisions,Driver,15 to 19,None,,North,"Automobile, Station Wagon",Turning Left,Failed to Yield Right of Way,Inattentive,,,,,,,Yes,,Yes,,,,,,,Yes,,,,146,Malvern East,132,Malvern (132),D42,642004.5749,4850578.0395
4395,5222920,1097142,3/10/2009 8:00:00 AM,2051,SHEPPARD Aven E,PROGRESS Aven,,Major Arterial,Scarborough,43.794645,-79.23489,At Intersection,Traffic Signal,Rain,Dark,Wet,Non-Fatal Injury,Pedestrian Collisions,Pedestrian,45 to 49,Major,,South,Other,,,,Vehicle turns left while ped crosses with ROW at inter.,Crossing with right of way,Normal,,,,Yes,,Yes,,,,,,,Yes,,,,146,Malvern East,132,Malvern (132),D42,642004.5749,4850578.0395
4396,5215509,1093819,3/11/2009 8:00:00 AM,652,STEELES AVE W,PINE VALLEY  DR,,Major Arterial,Etobicoke York,43.766535,-79.564769,At Intersection,Traffic Signal,Rain,Dark,Wet,Fatal,Pedestrian Collisions,Vehicle Owner,unknown,,,,Other,,,,,,,,,,Yes,,,,Yes,,,,,,,,,21,Humber Summit,21,Humber Summit (21),D31,615519.4416,4846942.9034
4397,5215510,1093819,3/11/2009 8:00:00 AM,652,STEELES AVE W,PINE VALLEY  DR,,Major Arterial,Etobicoke York,43.766535,-79.564769,At Intersection,Traffic Signal,Rain,Dark,Wet,Fatal,Pedestrian Collisions,Truck Driver,45 to 49,None,,South,Truck - Open,Turning Left,Driving Properly,Inattentive,,,,,,,Yes,,,,Yes,,,,,,,,,21,Humber Summit,21,Humber Summit (21),D31,615519.4416,4846942.9034
4398,5215511,1093819,3/11/2009 8:00:00 AM,652,STEELES AVE W,PINE VALLEY  DR,,Major Arterial,Etobicoke York,43.766535,-79.564769,At Intersection,Traffic Signal,Rain,Dark,Wet,Fatal,Pedestrian Collisions,Pedestrian,55 to 59,Fatal,7,South,Other,,,,Pedestrian hit at mid-block,"Crossing, no Traffic Control",Inattentive,,,,Yes,,,,Yes,,,,,,,,,21,Humber Summit,21,Humber Summit (21),D31,615519.4416,4846942.9034
4399,5216022,1094026,3/11/2009 8:00:00 AM,828,LESMILL Road,DUNCAN MILL Road,,Collector,North York,43.760645,-79.35849,At Intersection,No Control,Clear,Daylight,Dry,Non-Fatal Injury,Pedestrian Collisions,Vehicle Owner,unknown,,,,Other,,,,,,,,,,Yes,,,,,Yes,,,,Yes,,,,40,St.Andrew-Windfields,40,St.Andrew-Windfields (40),D33,632135.6212,4846597.1664
4400,5216023,1094026,3/11/2009 8:00:00 AM,828,LESMILL Road,DUNCAN MILL Road,,Collector,North York,43.760645,-79.35849,At Intersection,No Control,Clear,Daylight,Dry,Non-Fatal Injury,Pedestrian Collisions,Pedestrian,20 to 24,Major,,North,Other,,,,Pedestrian involved in a collision with transit vehicle anywhere along roadway,Crossing with right of way,Normal,,,,Yes,,,,,Yes,,,,Yes,,,,40,St.Andrew-Windfields,40,St.Andrew-Windfields (40),D33,632135.6212,4846597.1664
4401,5216024,1094026,3/11/2009 8:00:00 AM,828,LESMILL Road,DUNCAN MILL Road,,Collector,North York,43.760645,-79.35849,At Intersection,No Control,Clear,Daylight,Dry,Non-Fatal Injury,Pedestrian Collisions,Driver,45 to 49,None,,North,Municipal Transit Bus (TTC),Turning Right,Failed to Yield Right of Way,Normal,,,,,,,Yes,,,,,Yes,,,,Yes,,,,40,St.Andrew-Windfields,40,St.Andrew-Windfields (40),D33,632135.6212,4846597.1664
4402,5223002,1097174,3/11/2009 8:00:00 AM,2128,DUNDAS ST W,BLOOR ST W,,Major Arterial,Toronto and East York,43.656345,-79.45249,,No Control,Clear,Dark,Dry,Non-Fatal Injury,Pedestrian Collisions,Pedestrian,40 to 44,Major,,,Other,,,,Pedestrian involved in a collision with transit vehicle anywhere along roadway,Running onto Roadway,"Ability Impaired, Alcohol Over .80",,,,Yes,,,,,Yes,,,,,,,,88,High Park North,88,High Park North (88),D11,624785.138,4834867.5098
4403,5223003,1097174,3/11/2009 8:00:00 AM,2128,DUNDAS ST W,BLOOR ST W,,Major Arterial,Toronto and East York,43.656345,-79.45249,,No Control,Clear,Dark,Dry,Non-Fatal Injury,Pedestrian Collisions,Driver,40 to 44,None,,North,Municipal Transit Bus (TTC),Going Ahead,Driving Properly,Normal,,,,,,,Yes,,,,,Yes,,,,,,,,88,High Park North,88,High Park North (88),D11,624785.138,4834867.5098
4404,5216217,1094123,3/12/2009 8:00:00 AM,1535,FIRGROVE CRES,NEEDLE FIRWAY,,Local,Etobicoke York,43.753745,-79.51859,,No Control,Clear,Daylight,Dry,Non-Fatal Injury,Pedestrian Collisions,Driver,80 to 84,None,,West,"Automobile, Station Wagon",Going Ahead,Driving Properly,Medical or Physical Disability,,,,,,,Yes,,Yes,,,,,,,,,,Yes,25,Glenfield-Jane Heights,25,Glenfield-Jane Heights (25),D31,619261.7503,4845587.8391
4405,5216218,1094123,3/12/2009 8:00:00 AM,1535,FIRGROVE CRES,NEEDLE FIRWAY,,Local,Etobicoke York,43.753745,-79.51859,,No Control,Clear,Daylight,Dry,Non-Fatal Injury,Pedestrian Collisions,Pedestrian,5 to 9,Major,,North,Other,,,,Pedestrian hit at mid-block,Running onto Roadway,Inattentive,,,,Yes,,Yes,,,,,,,,,,Yes,25,Glenfield-Jane Heights,25,Glenfield-Jane Heights (25),D31,619261.7503,4845587.8391
4406,5223993,1097622,3/13/2009 8:00:00 AM,500,ATTWELL DR,CARLSON CRT,,Collector,Etobicoke York,43.689545,-79.58729,At Intersection,Stop Sign,Clear,Dark,Dry,Non-Fatal Injury,Turning Movement,Vehicle Owner,unknown,,,,Other,,,,,,,,,,,,Yes,,Yes,,,,,,,,,1,West Humber-Clairville,1,West Humber-Clairville (1),D23,613852.5153,4838360.915
4407,5223994,1097622,3/13/2009 8:00:00 AM,500,ATTWELL DR,CARLSON CRT,,Collector,Etobicoke York,43.689545,-79.58729,At Intersection,Stop Sign,Clear,Dark,Dry,Non-Fatal Injury,Turning Movement,Truck Driver,50 to 54,Minimal,,West,Truck - Open,Turning Left,Improper Turn,Normal,,,,,,,,,Yes,,Yes,,,,,,,,,1,West Humber-Clairville,1,West Humber-Clairville (1),D23,613852.5153,4838360.915
4408,5223995,1097622,3/13/2009 8:00:00 AM,500,ATTWELL DR,CARLSON CRT,,Collector,Etobicoke York,43.689545,-79.58729,At Intersection,Stop Sign,Clear,Dark,Dry,Non-Fatal Injury,Turning Movement,Driver,45 to 49,Major,,North,"Automobile, Station Wagon",Going Ahead,Driving Properly,Normal,,,,,,,,,Yes,,Yes,,,,,,,,,1,West Humber-Clairville,1,West Humber-Clairville (1),D23,613852.5153,4838360.915
4409,5807227,1094299,3/13/2009 8:00:00 AM,914,GERRARD ST E,DE GRASSI ST,,Minor Arterial,Toronto and East York,43.666346,-79.348491,At Intersection,Pedestrian Crossover,Other,Daylight,Other,Fatal,Pedestrian Collisions,Pedestrian,85 to 89,Fatal,8,South,Other,,,,Pedestrian involved in a collision with transit vehicle anywhere along roadway,"Crossing, Pedestrian Crossover",Normal,,,,Yes,,,,,Yes,,,,Yes,,,,70,South Riverdale,70,South Riverdale (70),D55,633149.1882,4836139.9131
4410,5807228,1094299,3/13/2009 8:00:00 AM,914,GERRARD ST E,DE GRASSI ST,,Minor Arterial,Toronto and East York,43.666346,-79.348491,At Intersection,Pedestrian Crossover,Other,Daylight,Other,Fatal,Pedestrian Collisions,Driver,40 to 44,None,,West,Municipal Transit Bus (TTC),Going Ahead,Failed to Yield Right of Way,Normal,,,,,,,Yes,,,,,Yes,,,,Yes,,,,70,South Riverdale,70,South Riverdale (70),D55,633149.1882,4836139.9131
4411,5861896,1098055,3/14/2009 8:00:00 AM,1707,BAY ST,WELLINGTON ST W,,Major Arterial,Toronto and East York,43.648045,-79.37999,,No Control,Clear,Daylight,Dry,Non-Fatal Injury,Pedestrian Collisions,Driver,50 to 54,None,,South,"Automobile, Station Wagon",Going Ahead,Driving Properly,Normal,,,,,,,Yes,,Yes,,,,,,,,,,,170,Yonge-Bay Corridor,76,Bay Street Corridor (76),D52,630649.3097,4834057.2709
4412,5861897,1098055,3/14/2009 8:00:00 AM,1707,BAY ST,WELLINGTON ST W,,Major Arterial,Toronto and East York,43.648045,-79.37999,,No Control,Clear,Daylight,Dry,Non-Fatal Injury,Pedestrian Collisions,Pedestrian,15 to 19,Major,,East,Other,,,,Pedestrian hit at mid-block,"Crossing, no Traffic Control",Normal,,,,Yes,,Yes,,,,,,,,,,,170,Yonge-Bay Corridor,76,Bay Street Corridor (76),D52,630649.3097,4834057.2709
4413,5226169,1098588,3/17/2009 8:00:00 AM,1840,BLACK CREEK DR,EGLINTON AVE W,,Major Arterial,Etobicoke York,43.690245,-79.48349,At Intersection,No Control,Clear,Daylight,Dry,Non-Fatal Injury,Rear End,Driver,65 to 69,None,,South,"Automobile, Station Wagon",Stopped,Driving Properly,Normal,,,,,,,,,Yes,,,,,,,Yes,,,,112,Beechborough-Greenbrook,112,Beechborough-Greenbrook (112),D12,622216.5656,4838586.4021
4414,5226170,1098588,3/17/2009 8:00:00 AM,1840,BLACK CREEK DR,EGLINTON AVE W,,Major Arterial,Etobicoke York,43.690245,-79.48349,At Intersection,No Control,Clear,Daylight,Dry,Non-Fatal Injury,Rear End,Vehicle Owner,unknown,,,,Other,,,,,,,,,,,,Yes,,,,,,,Yes,,,,112,Beechborough-Greenbrook,112,Beechborough-Greenbrook (112),D12,622216.5656,4838586.4021
4415,5226171,1098588,3/17/2009 8:00:00 AM,1840,BLACK CREEK DR,EGLINTON AVE W,,Major Arterial,Etobicoke York,43.690245,-79.48349,At Intersection,No Control,Clear,Daylight,Dry,Non-Fatal Injury,Rear End,Driver,20 to 24,Major,,South,"Automobile, Station Wagon",Going Ahead,Following too Close,Inattentive,,,,,,,,,Yes,,,,,,,Yes,,,,112,Beechborough-Greenbrook,112,Beechborough-Greenbrook (112),D12,622216.5656,4838586.4021
4416,5219807,1095732,3/19/2009 8:00:00 AM,2320,KINGSTON Road,MIDLAND Aven,,Major Arterial,Scarborough,43.711145,-79.24819,,Traffic Signal,Clear,Dark,Dry,Non-Fatal Injury,Pedestrian Collisions,Driver,40 to 44,None,,East,"Automobile, Station Wagon",Going Ahead,Driving Properly,Normal,,,,,,,Yes,,Yes,,,,,,,,,,,123,Cliffcrest,123,Cliffcrest (123),D41,641130.7164,4841281.3525
4417,5219808,1095732,3/19/2009 8:00:00 AM,2320,KINGSTON Road,MIDLAND Aven,,Major Arterial,Scarborough,43.711145,-79.24819,,Traffic Signal,Clear,Dark,Dry,Non-Fatal Injury,Pedestrian Collisions,Pedestrian,15 to 19,Major,,North,Other,,,,Vehicle is going straight thru inter.while ped cross without ROW,Crossing without right of way,Normal,,,,Yes,,Yes,,,,,,,,,,,123,Cliffcrest,123,Cliffcrest (123),D41,641130.7164,4841281.3525
4418,5219333,1095501,3/20/2009 8:00:00 AM,852,LAWRENCE AVE W,GOOD SHEPHERD CRT,,Major Arterial,North York,43.713745,-79.45619,,No Control,Clear,Daylight,Other,Non-Fatal Injury,Pedestrian Collisions,Vehicle Owner,unknown,,,,Other,,,,,,,,,,Yes,,Yes,,,,,,,,,,,31,Yorkdale-Glen Park,31,Yorkdale-Glen Park (31),D13,624368.1105,4841236.9999
4419,5219334,1095501,3/20/2009 8:00:00 AM,852,LAWRENCE AVE W,GOOD SHEPHERD CRT,,Major Arterial,North York,43.713745,-79.45619,,No Control,Clear,Daylight,Other,Non-Fatal Injury,Pedestrian Collisions,Driver,30 to 34,None,,West,"Automobile, Station Wagon",Going Ahead,Driving Properly,Normal,,,,,,,Yes,,Yes,,,,,,,,,,,31,Yorkdale-Glen Park,31,Yorkdale-Glen Park (31),D13,624368.1105,4841236.9999
4420,5219335,1095501,3/20/2009 8:00:00 AM,852,LAWRENCE AVE W,GOOD SHEPHERD CRT,,Major Arterial,North York,43.713745,-79.45619,,No Control,Clear,Daylight,Other,Non-Fatal Injury,Pedestrian Collisions,Pedestrian,70 to 74,Major,,South,Other,,,,Pedestrian hit at mid-block,"Crossing, no Traffic Control",Normal,,,,Yes,,Yes,,,,,,,,,,,31,Yorkdale-Glen Park,31,Yorkdale-Glen Park (31),D13,624368.1105,4841236.9999
4421,5219605,1095631,3/21/2009 8:00:00 AM,2100,REXDALE BLVD,QUEENS PLATE DR,,Major Arterial,Etobicoke York,43.719145,-79.60349,At Intersection,No Control,Clear,Dark,Dry,Non-Fatal Injury,Pedestrian Collisions,Driver,80 to 84,None,,East,"Automobile, Station Wagon",Going Ahead,Driving Properly,Normal,,,,,,,Yes,,Yes,,,,,,,,,,,1,West Humber-Clairville,1,West Humber-Clairville (1),D23,612491.5486,4841626.2832
4422,5219606,1095631,3/21/2009 8:00:00 AM,2100,REXDALE BLVD,QUEENS PLATE DR,,Major Arterial,Etobicoke York,43.719145,-79.60349,At Intersection,No Control,Clear,Dark,Dry,Non-Fatal Injury,Pedestrian Collisions,Pedestrian,70 to 74,Major,,North,Other,,,,Pedestrian hit at mid-block,Crossing without right of way,Normal,,,,Yes,,Yes,,,,,,,,,,,1,West Humber-Clairville,1,West Humber-Clairville (1),D23,612491.5486,4841626.2832
4423,5792279,1096330,3/25/2009 8:00:00 AM,2128,FRONT ST W,BLUE JAYS WAY,,Minor Arterial,Toronto and East York,43.643445,-79.39129,At Intersection,Traffic Signal,Rain,Dark,Wet,Fatal,Pedestrian Collisions,Vehicle Owner,unknown,,,,Other,,,,,,,,,,Yes,,,,Yes,,,,,Yes,,,,164,Wellington Place,77,Waterfront Communities-The Island (77),D52,629747.8895,4833528.6532
4424,5792280,1096330,3/25/2009 8:00:00 AM,2128,FRONT ST W,BLUE JAYS WAY,,Minor Arterial,Toronto and East York,43.643445,-79.39129,At Intersection,Traffic Signal,Rain,Dark,Wet,Fatal,Pedestrian Collisions,Truck Driver,30 to 34,None,,South,Truck - Open,Turning Right,Failed to Yield Right of Way,Inattentive,,,,,,,Yes,,,,Yes,,,,,Yes,,,,164,Wellington Place,77,Waterfront Communities-The Island (77),D52,629747.8895,4833528.6532
4425,5792281,1096330,3/25/2009 8:00:00 AM,2128,FRONT ST W,BLUE JAYS WAY,,Minor Arterial,Toronto and East York,43.643445,-79.39129,At Intersection,Traffic Signal,Rain,Dark,Wet,Fatal,Pedestrian Collisions,Pedestrian,25 to 29,Fatal,9,South,Other,,,,Vehicle turns right while ped crosses with ROW at inter.,Crossing with right of way,Inattentive,,,,Yes,,,,Yes,,,,,Yes,,,,164,Wellington Place,77,Waterfront Communities-The Island (77),D52,629747.8895,4833528.6532
4426,5229560,1100116,3/27/2009 8:00:00 AM,1900,185 FIFTH ST,,,Local,Etobicoke York,43.603245,-79.50389,,No Control,Clear,Daylight,Dry,Non-Fatal Injury,SMV Other,Vehicle Owner,unknown,,,,Other,,,,,,,,,,,,,Yes,,,,,,,,,,18,New Toronto,18,New Toronto (18),D22,620746.6861,4828894.0808