OBJECTID,INDEX,ACCNUM,DATE,TIME,STREET1,STREET2,OFFSET,ROAD_CLASS,DISTRICT,LATITUDE,LONGITUDE,ACCLOC,TRAFFCTL,VISIBILITY,LIGHT,RDSFCOND,ACCLASS,IMPACTYPE,INVTYPE,INVAGE,INJURY,FATAL_NO,INITDIR,VEHTYPE,MANOEUVER,DRIVACT,DRIVCOND,PEDTYPE,PEDACT,PEDCOND,CYCLISTYPE,CYCACT,CYCCOND,PEDESTRIAN,CYCLIST,AUTOMOBILE,MOTORCYCLE,TRUCK,TRSN_CITY_VEH,EMERG_VEH,PASSENGER,SPEEDING,AG_DRIV,REDLIGHT,ALCOHOL,DISABILITY,HOOD_158,NEIGHBOURHOOD_158,HOOD_140,NEIGHBOURHOOD_140,DIVISION,x,y
4427,5229561,1100116,3/27/2009 8:00:00 AM,1900,185 FIFTH ST,,,Local,Etobicoke York,43.603245,-79.50389,,No Control,Clear,Daylight,Dry,Non-Fatal Injury,SMV Other,Motorcycle Driver,40 to 44,Major,,West,Motorcycle,Turning Right,Lost control,Normal,,,,,,,,,,Yes,,,,,,,,,,18,New Toronto,18,New Toronto (18),D22,620746.6861,4828894.0808
4428,5221829,1096633,3/27/2009 8:00:00 AM,2337,1749 JANE ST,,,Major Arterial,Etobicoke York,43.704745,-79.50429,At Intersection,No Control,Clear,Dark,Dry,Non-Fatal Injury,Pedestrian Collisions,Driver,unknown,None,,North,"Automobile, Station Wagon",Going Ahead,Failed to Yield Right of Way,Unknown,,,,,,,Yes,,Yes,,,,,,,Yes,,,,28,Rustic,28,Rustic (28),D12,620511.2154,4840166.3804
4429,5221830,1096633,3/27/2009 8:00:00 AM,2337,1749 JANE ST,,,Major Arterial,Etobicoke York,43.704745,-79.50429,At Intersection,No Control,Clear,Dark,Dry,Non-Fatal Injury,Pedestrian Collisions,Pedestrian,35 to 39,Major,,West,Other,,,,Pedestrian hit at mid-block,"Crossing, no Traffic Control",Had Been Drinking,,,,Yes,,Yes,,,,,,,Yes,,,,28,Rustic,28,Rustic (28),D12,620511.2154,4840166.3804
4430,5237766,1103828,3/28/2009 8:00:00 AM,1444,DUNDAS ST W,SORAUREN AVE,,Minor Arterial,Toronto and East York,43.651145,-79.44529,,No Control,Clear,Daylight,Dry,Non-Fatal Injury,Cyclist Collisions,Driver,unknown,None,,West,"Automobile, Station Wagon",Unknown,Failed to Yield Right of Way,Unknown,,,,,,,,Yes,Yes,,,,,,,Yes,,,,86,Roncesvalles,86,Roncesvalles (86),D11,625376.5436,4834300.8351
4431,5237767,1103828,3/28/2009 8:00:00 AM,1444,DUNDAS ST W,SORAUREN AVE,,Minor Arterial,Toronto and East York,43.651145,-79.44529,,No Control,Clear,Daylight,Dry,Non-Fatal Injury,Cyclist Collisions,Cyclist,30 to 34,Major,,West,Bicycle,Going Ahead,,,,,,Cyclist and Driver travelling in same direction. One vehicle sideswipes the other.,Driving Properly,Normal,,Yes,Yes,,,,,,,Yes,,,,86,Roncesvalles,86,Roncesvalles (86),D11,625376.5436,4834300.8351
4432,5229676,1100162,3/29/2009 8:00:00 AM,215,ST CLAIR Aven W,HOUNSLOW HEATH Road,,Major Arterial,Toronto and East York,43.674143,-79.459987,At Intersection,Traffic Signal,Clear,Dark,Dry,Non-Fatal Injury,Approaching,Passenger,20 to 24,Major,,,Other,Other,,,,,,,,,,,Yes,,,,,Yes,,,,,,91,Weston-Pelham Park,91,Weston-Pellam Park (91),D11,624143.9113,4836832.9652
4433,5229677,1100162,3/29/2009 8:00:00 AM,215,ST CLAIR Aven W,HOUNSLOW HEATH Road,,Major Arterial,Toronto and East York,43.674143,-79.459987,At Intersection,Traffic Signal,Clear,Dark,Dry,Non-Fatal Injury,Approaching,Passenger,20 to 24,Major,,,Other,Other,,,,,,,,,,,Yes,,,,,Yes,,,,,,91,Weston-Pelham Park,91,Weston-Pellam Park (91),D11,624143.9113,4836832.9652
4434,5229678,1100162,3/29/2009 8:00:00 AM,215,ST CLAIR Aven W,HOUNSLOW HEATH Road,,Major Arterial,Toronto and East York,43.674143,-79.459987,At Intersection,Traffic Signal,Clear,Dark,Dry,Non-Fatal Injury,Approaching,Driver,20 to 24,Minimal,,East,"Automobile, Station Wagon",Stopped,Driving Properly,Normal,,,,,,,,,Yes,,,,,Yes,,,,,,91,Weston-Pelham Park,91,Weston-Pellam Park (91),D11,624143.9113,4836832.9652
4435,5229679,1100162,3/29/2009 8:00:00 AM,215,ST CLAIR Aven W,HOUNSLOW HEATH Road,,Major Arterial,Toronto and East York,43.674143,-79.459987,At Intersection,Traffic Signal,Clear,Dark,Dry,Non-Fatal Injury,Approaching,Passenger,30 to 34,None,,North,Other,Turning Left,,,,,,,,,,,Yes,,,,,Yes,,,,,,91,Weston-Pelham Park,91,Weston-Pellam Park (91),D11,624143.9113,4836832.9652
4436,5229680,1100162,3/29/2009 8:00:00 AM,215,ST CLAIR Aven W,HOUNSLOW HEATH Road,,Major Arterial,Toronto and East York,43.674143,-79.459987,At Intersection,Traffic Signal,Clear,Dark,Dry,Non-Fatal Injury,Approaching,Driver,unknown,,,,"Automobile, Station Wagon",,,,,,,,,,,,Yes,,,,,Yes,,,,,,91,Weston-Pelham Park,91,Weston-Pellam Park (91),D11,624143.9113,4836832.9652
4437,5229681,1100162,3/29/2009 8:00:00 AM,215,ST CLAIR Aven W,HOUNSLOW HEATH Road,,Major Arterial,Toronto and East York,43.674143,-79.459987,At Intersection,Traffic Signal,Clear,Dark,Dry,Non-Fatal Injury,Approaching,Passenger,20 to 24,Major,,,Other,Other,,,,,,,,,,,Yes,,,,,Yes,,,,,,91,Weston-Pelham Park,91,Weston-Pellam Park (91),D11,624143.9113,4836832.9652
4438,5233877,1102013,3/31/2009 8:00:00 AM,908,ST CLAIR AVE E,ARDEN CRES,,Major Arterial,Scarborough,43.710845,-79.28659,,No Control,Clear,Daylight,Dry,Non-Fatal Injury,Approaching,Driver,30 to 34,Major,,West,"Automobile, Station Wagon",Going Ahead,Driving Properly,Normal,,,,,,,,,Yes,,,,,,,,,,,120,Clairlea-Birchmount,120,Clairlea-Birchmount (120),D41,638037.7568,4841183.3674
4439,5233878,1102013,3/31/2009 8:00:00 AM,908,ST CLAIR AVE E,ARDEN CRES,,Major Arterial,Scarborough,43.710845,-79.28659,,No Control,Clear,Daylight,Dry,Non-Fatal Injury,Approaching,Driver,50 to 54,Minor,,East,"Automobile, Station Wagon",Other,Other,Inattentive,,,,,,,,,Yes,,,,,,,,,,,120,Clairlea-Birchmount,120,Clairlea-Birchmount (120),D41,638037.7568,4841183.3674
4440,5224764,1097979,4/1/2009 8:00:00 AM,1245,10 MARTHA EATON WAY,MARTHA EATON Way,,Other,Etobicoke York,43.696645,-79.48979,,No Control,Clear,Daylight,Dry,Non-Fatal Injury,Rear End,Driver,15 to 19,None,,East,"Automobile, Station Wagon",Going Ahead,Following too Close,Inattentive,,,,,,,,,Yes,,,,,,,Yes,,,,30,Brookhaven-Amesbury,30,Brookhaven-Amesbury (30),D12,621695.8945,4839287.9436
4441,5224765,1097979,4/1/2009 8:00:00 AM,1245,10 MARTHA EATON WAY,MARTHA EATON Way,,Other,Etobicoke York,43.696645,-79.48979,,No Control,Clear,Daylight,Dry,Non-Fatal Injury,Rear End,Driver,40 to 44,Major,,East,"Automobile, Station Wagon",Stopped,Driving Properly,Normal,,,,,,,,,Yes,,,,,,,Yes,,,,30,Brookhaven-Amesbury,30,Brookhaven-Amesbury (30),D12,621695.8945,4839287.9436
4442,5223589,1097433,4/2/2009 8:00:00 AM,1143,VICTORIA PARK AVE,FARM GREENWAY,,Major Arterial,North York,43.763845,-79.31789,,No Control,Clear,Daylight,Dry,Non-Fatal Injury,SMV Other,Vehicle Owner,unknown,,,,Other,,,,,,,,,,,,Yes,,,,,,,,,,Yes,119,Wexford/Maryvale,119,Wexford/Maryvale (119),D41,635396.5894,4847018.1555
4443,5223590,1097433,4/2/2009 8:00:00 AM,1143,VICTORIA PARK AVE,FARM GREENWAY,,Major Arterial,North York,43.763845,-79.31789,,No Control,Clear,Daylight,Dry,Non-Fatal Injury,SMV Other,Driver,80 to 84,Major,,South,"Automobile, Station Wagon",Going Ahead,Lost control,Medical or Physical Disability,,,,,,,,,Yes,,,,,,,,,,Yes,119,Wexford/Maryvale,119,Wexford/Maryvale (119),D41,635396.5894,4847018.1555
4444,5226633,1098793,4/3/2009 8:00:00 AM,1429,JARVIS ST,WELLESLEY ST E,,Major Arterial,Toronto and East York,43.666245,-79.37829,At Intersection,Traffic Signal,Rain,Daylight,Wet,Fatal,Pedestrian Collisions,Vehicle Owner,unknown,,,,Other,,,,,,,,,,Yes,,Yes,,,,,,,,,,,71,Cabbagetown-South St.James Town,71,Cabbagetown-South St.James Town (71),D51,630746.9046,4836081.2997
4445,5226634,1098793,4/3/2009 8:00:00 AM,1429,JARVIS ST,WELLESLEY ST E,,Major Arterial,Toronto and East York,43.666245,-79.37829,At Intersection,Traffic Signal,Rain,Daylight,Wet,Fatal,Pedestrian Collisions,Driver,15 to 19,None,,West,"Automobile, Station Wagon",Turning Left,Driving Properly,Unknown,,,,,,,Yes,,Yes,,,,,,,,,,,71,Cabbagetown-South St.James Town,71,Cabbagetown-South St.James Town (71),D51,630746.9046,4836081.2997
4446,5226635,1098793,4/3/2009 8:00:00 AM,1429,JARVIS ST,WELLESLEY ST E,,Major Arterial,Toronto and East York,43.666245,-79.37829,At Intersection,Traffic Signal,Rain,Daylight,Wet,Fatal,Pedestrian Collisions,Pedestrian,90 to 94,Fatal,11,East,Other,,,,Vehicle turns left while ped crosses without ROW at inter.,Crossing without right of way,Inattentive,,,,Yes,,Yes,,,,,,,,,,,71,Cabbagetown-South St.James Town,71,Cabbagetown-South St.James Town (71),D51,630746.9046,4836081.2997
4447,5224187,1097712,4/4/2009 8:00:00 AM,228,LIPPINCOTT ST,BLOOR ST W,,Major Arterial,Toronto and East York,43.665345,-79.40999,,No Control,Rain,Dark,Wet,Fatal,Pedestrian Collisions,Pedestrian,25 to 29,Fatal,10,West,Other,,,,Pedestrian hit at mid-block,Other,Had Been Drinking,,,,Yes,,Yes,,,,,,,,,Yes,,79,University,79,University (79),D14,628193.0495,4835931.871
4448,5224188,1097712,4/4/2009 8:00:00 AM,228,LIPPINCOTT ST,BLOOR ST W,,Major Arterial,Toronto and East York,43.665345,-79.40999,,No Control,Rain,Dark,Wet,Fatal,Pedestrian Collisions,Driver,20 to 24,None,,North,"Automobile, Station Wagon",Going Ahead,Other,"Ability Impaired, Alcohol Over .08",,,,,,,Yes,,Yes,,,,,,,,,Yes,,79,University,79,University (79),D14,628193.0495,4835931.871
4449,5232259,1101272,4/6/2009 8:00:00 AM,2140,FINCH AVE E,SCOTTFIELD DR,,Major Arterial,Scarborough,43.810843,-79.25291,At Intersection,Traffic Signal,Freezing Rain,Dark,Ice,Non-Fatal Injury,Rear End,Passenger,15 to 19,Minor,,,Other,,,,,,,,,,,,Yes,,,Yes,,Yes,,,,,,129,Agincourt North,129,Agincourt North (129),D42,640516.8513,4852346.3278
4450,5232260,1101272,4/6/2009 8:00:00 AM,2140,FINCH AVE E,SCOTTFIELD DR,,Major Arterial,Scarborough,43.810843,-79.25291,At Intersection,Traffic Signal,Freezing Rain,Dark,Ice,Non-Fatal Injury,Rear End,Driver,55 to 59,Major,,East,"Automobile, Station Wagon",Going Ahead,Lost control,Normal,,,,,,,,,Yes,,,Yes,,Yes,,,,,,129,Agincourt North,129,Agincourt North (129),D42,640516.8513,4852346.3278
4451,5232261,1101272,4/6/2009 8:00:00 AM,2140,FINCH AVE E,SCOTTFIELD DR,,Major Arterial,Scarborough,43.810843,-79.25291,At Intersection,Traffic Signal,Freezing Rain,Dark,Ice,Non-Fatal Injury,Rear End,Passenger,15 to 19,Minor,,,Other,,,,,,,,,,,,Yes,,,Yes,,Yes,,,,,,129,Agincourt North,129,Agincourt North (129),D42,640516.8513,4852346.3278
4452,5232262,1101272,4/6/2009 8:00:00 AM,2140,FINCH AVE E,SCOTTFIELD DR,,Major Arterial,Scarborough,43.810843,-79.25291,At Intersection,Traffic Signal,Freezing Rain,Dark,Ice,Non-Fatal Injury,Rear End,Passenger,20 to 24,Minor,,,Other,,,,,,,,,,,,Yes,,,Yes,,Yes,,,,,,129,Agincourt North,129,Agincourt North (129),D42,640516.8513,4852346.3278
4453,5232263,1101272,4/6/2009 8:00:00 AM,2140,FINCH AVE E,SCOTTFIELD DR,,Major Arterial,Scarborough,43.810843,-79.25291,At Intersection,Traffic Signal,Freezing Rain,Dark,Ice,Non-Fatal Injury,Rear End,Driver,45 to 49,Minor,,East,"Automobile, Station Wagon",Going Ahead,Driving Properly,Normal,,,,,,,,,Yes,,,Yes,,Yes,,,,,,129,Agincourt North,129,Agincourt North (129),D42,640516.8513,4852346.3278
4454,5232264,1101272,4/6/2009 8:00:00 AM,2140,FINCH AVE E,SCOTTFIELD DR,,Major Arterial,Scarborough,43.810843,-79.25291,At Intersection,Traffic Signal,Freezing Rain,Dark,Ice,Non-Fatal Injury,Rear End,Vehicle Owner,unknown,,,,Other,,,,,,,,,,,,Yes,,,Yes,,Yes,,,,,,129,Agincourt North,129,Agincourt North (129),D42,640516.8513,4852346.3278
4455,5232265,1101272,4/6/2009 8:00:00 AM,2140,FINCH AVE E,SCOTTFIELD DR,,Major Arterial,Scarborough,43.810843,-79.25291,At Intersection,Traffic Signal,Freezing Rain,Dark,Ice,Non-Fatal Injury,Rear End,Driver,30 to 34,None,,East,Municipal Transit Bus (TTC),Stopped,Driving Properly,Normal,,,,,,,,,Yes,,,Yes,,Yes,,,,,,129,Agincourt North,129,Agincourt North (129),D42,640516.8513,4852346.3278
4456,5230924,1100690,4/6/2009 8:00:00 AM,2150,ALBION RD,STEINWAY BLVD,,Major Arterial,Etobicoke York,43.747645,-79.62659,,No Control,Freezing Rain,Dark,Ice,Non-Fatal Injury,Rear End,Driver,40 to 44,Minor,,West,"Automobile, Station Wagon",Going Ahead,Speed too Fast For Condition,"Ability Impaired, Alcohol",,,,,,,,,Yes,,,,,,Yes,Yes,,Yes,,1,West Humber-Clairville,1,West Humber-Clairville (1),D23,610578.3255,4844760.5166
4457,5230925,1100690,4/6/2009 8:00:00 AM,2150,ALBION RD,STEINWAY BLVD,,Major Arterial,Etobicoke York,43.747645,-79.62659,,No Control,Freezing Rain,Dark,Ice,Non-Fatal Injury,Rear End,Driver,35 to 39,Major,,West,"Automobile, Station Wagon",Going Ahead,Driving Properly,Normal,,,,,,,,,Yes,,,,,,Yes,Yes,,Yes,,1,West Humber-Clairville,1,West Humber-Clairville (1),D23,610578.3255,4844760.5166
4458,5231235,1100819,4/7/2009 8:00:00 AM,45,FINCH Aven W,HIGHWAY 427  N,,Major Arterial,Etobicoke York,43.734345,-79.62619,At Intersection,No Control,Freezing Rain,Dark,Ice,Non-Fatal Injury,SMV Other,Vehicle Owner,unknown,,,,"Automobile, Station Wagon",,,,,,,,,,,,Yes,,,,,,,,,,,1,West Humber-Clairville,1,West Humber-Clairville (1),D23,610635.0241,4843283.897
4459,5231236,1100819,4/7/2009 8:00:00 AM,45,FINCH Aven W,HIGHWAY 427  N,,Major Arterial,Etobicoke York,43.734345,-79.62619,At Intersection,No Control,Freezing Rain,Dark,Ice,Non-Fatal Injury,SMV Other,Driver,45 to 49,Major,,West,"Automobile, Station Wagon",Going Ahead,Lost control,Normal,,,,,,,,,Yes,,,,,,,,,,,1,West Humber-Clairville,1,West Humber-Clairville (1),D23,610635.0241,4843283.897
4460,5231237,1100819,4/7/2009 8:00:00 AM,45,FINCH Aven W,HIGHWAY 427  N,,Major Arterial,Etobicoke York,43.734345,-79.62619,At Intersection,No Control,Freezing Rain,Dark,Ice,Non-Fatal Injury,SMV Other,Vehicle Owner,unknown,,,,Other,,,,,,,,,,,,Yes,,,,,,,,,,,1,West Humber-Clairville,1,West Humber-Clairville (1),D23,610635.0241,4843283.897
4461,5241825,1105683,4/7/2009 8:00:00 AM,1247,LAKE SHORE BLVD W,BATHURST ST,,Major Arterial,Toronto and East York,43.636445,-79.39959,At Intersection,Traffic Signal,Clear,Daylight,Dry,Non-Fatal Injury,Approaching,Driver,30 to 34,None,,West,"Automobile, Station Wagon",Going Ahead,Following too Close,Normal,,,,,,,,,Yes,,,,,,,Yes,,,,165,Harbourfront-CityPlace,77,Waterfront Communities-The Island (77),D14,629093.45,4832738.2708
4462,5241826,1105683,4/7/2009 8:00:00 AM,1247,LAKE SHORE BLVD W,BATHURST ST,,Major Arterial,Toronto and East York,43.636445,-79.39959,At Intersection,Traffic Signal,Clear,Daylight,Dry,Non-Fatal Injury,Approaching,Driver,60 to 64,Major,,East,"Automobile, Station Wagon",Going Ahead,Driving Properly,Normal,,,,,,,,,Yes,,,,,,,Yes,,,,165,Harbourfront-CityPlace,77,Waterfront Communities-The Island (77),D14,629093.45,4832738.2708
4463,5234111,1102106,4/7/2009 8:00:00 AM,1608,BROADVIEW AVE,GAMBLE AVE,,Minor Arterial,Toronto and East York,43.689345,-79.35499,,No Control,Clear,Daylight,Dry,Non-Fatal Injury,SMV Other,Vehicle Owner,unknown,,,,Other,,,,,,,,,,,,Yes,,,,,,Yes,Yes,,Yes,,57,Broadview North,57,Broadview North (57),D55,632574.5541,4838683.8563
4464,5234112,1102106,4/7/2009 8:00:00 AM,1608,BROADVIEW AVE,GAMBLE AVE,,Minor Arterial,Toronto and East York,43.689345,-79.35499,,No Control,Clear,Daylight,Dry,Non-Fatal Injury,SMV Other,Driver,55 to 59,Major,,South,"Automobile, Station Wagon",Going Ahead,Exceeding Speed Limit,"Ability Impaired, Alcohol Over .08",,,,,,,,,Yes,,,,,,Yes,Yes,,Yes,,57,Broadview North,57,Broadview North (57),D55,632574.5541,4838683.8563
4465,5225908,1098480,4/8/2009 8:00:00 AM,1418,552 PRINCE EDWARD DR N,,,Collector,Etobicoke York,43.659743,-79.510089,,No Control,Clear,Daylight,Dry,Non-Fatal Injury,Pedestrian Collisions,Vehicle Owner,unknown,,,,Other,,,,,,,,,,Yes,,Yes,,,,,,,,,,,15,Kingsway South,15,Kingsway South (15),D22,620133.7635,4835159.8936
4466,5225909,1098480,4/8/2009 8:00:00 AM,1418,552 PRINCE EDWARD DR N,,,Collector,Etobicoke York,43.659743,-79.510089,,No Control,Clear,Daylight,Dry,Non-Fatal Injury,Pedestrian Collisions,Driver,30 to 34,None,,South,"Automobile, Station Wagon",Going Ahead,Driving Properly,Normal,,,,,,,Yes,,Yes,,,,,,,,,,,15,Kingsway South,15,Kingsway South (15),D22,620133.7635,4835159.8936
4467,5225910,1098480,4/8/2009 8:00:00 AM,1418,552 PRINCE EDWARD DR N,,,Collector,Etobicoke York,43.659743,-79.510089,,No Control,Clear,Daylight,Dry,Non-Fatal Injury,Pedestrian Collisions,Wheelchair,65 to 69,Major,,North,Other,Going Ahead,,,Pedestrian hit at mid-block,On Sidewalk or Shoulder,,,,,Yes,,Yes,,,,,,,,,,,15,Kingsway South,15,Kingsway South (15),D22,620133.7635,4835159.8936
4468,5232959,1101573,4/9/2009 8:00:00 AM,52,MCNICOLL AVE,MARKHAM RD,,Major Arterial,Scarborough,43.824545,-79.24809,,No Control,Clear,Dark,Dry,Non-Fatal Injury,Angle,Passenger,45 to 49,Major,,,Other,,,,,,,,,,,,Yes,,,,,Yes,Yes,Yes,,,,130,Milliken,130,Milliken (130),D42,640872.2963,4853876.3576
4469,5232960,1101573,4/9/2009 8:00:00 AM,52,MCNICOLL AVE,MARKHAM RD,,Major Arterial,Scarborough,43.824545,-79.24809,,No Control,Clear,Dark,Dry,Non-Fatal Injury,Angle,Driver,50 to 54,None,,North,"Automobile, Station Wagon",Going Ahead,Failed to Yield Right of Way,Normal,,,,,,,,,Yes,,,,,Yes,Yes,Yes,,,,130,Milliken,130,Milliken (130),D42,640872.2963,4853876.3576
4470,5232961,1101573,4/9/2009 8:00:00 AM,52,MCNICOLL AVE,MARKHAM RD,,Major Arterial,Scarborough,43.824545,-79.24809,,No Control,Clear,Dark,Dry,Non-Fatal Injury,Angle,Passenger,unknown,Minimal,,,Other,,,,,,,,,,,,Yes,,,,,Yes,Yes,Yes,,,,130,Milliken,130,Milliken (130),D42,640872.2963,4853876.3576
4471,5232962,1101573,4/9/2009 8:00:00 AM,52,MCNICOLL AVE,MARKHAM RD,,Major Arterial,Scarborough,43.824545,-79.24809,,No Control,Clear,Dark,Dry,Non-Fatal Injury,Angle,Driver,25 to 29,None,,East,"Automobile, Station Wagon",Going Ahead,Exceeding Speed Limit,Normal,,,,,,,,,Yes,,,,,Yes,Yes,Yes,,,,130,Milliken,130,Milliken (130),D42,640872.2963,4853876.3576
4472,5226631,1098792,4/10/2009 8:00:00 AM,910,DOVERCOURT RD,BLOOR ST W,,Major Arterial,Toronto and East York,43.661145,-79.42939,At Intersection,Traffic Signal,Clear,Daylight,Dry,Non-Fatal Injury,Pedestrian Collisions,Driver,75 to 79,None,,South,"Automobile, Station Wagon",Turning Left,Failed to Yield Right of Way,Inattentive,,,,,,,Yes,,Yes,,,,,,,Yes,,,,80,Palmerston-Little Italy,80,Palmerston-Little Italy (80),D14,626637.7581,4835435.6115
4473,5226632,1098792,4/10/2009 8:00:00 AM,910,DOVERCOURT RD,BLOOR ST W,,Major Arterial,Toronto and East York,43.661145,-79.42939,At Intersection,Traffic Signal,Clear,Daylight,Dry,Non-Fatal Injury,Pedestrian Collisions,Pedestrian,75 to 79,Major,,North,Other,,,,Vehicle turns left while ped crosses with ROW at inter.,Crossing with right of way,Normal,,,,Yes,,Yes,,,,,,,Yes,,,,80,Palmerston-Little Italy,80,Palmerston-Little Italy (80),D14,626637.7581,4835435.6115
4474,5231773,1101048,4/10/2009 8:00:00 AM,1808,PHARMACY AVE,ELLESMERE RD,,Major Arterial,Scarborough,43.759045,-79.31019,,No Control,Clear,Daylight,Dry,Non-Fatal Injury,SMV Other,Passenger,10 to 14,Minor,,,Other,,,,,,,,,,,,Yes,,,,,Yes,,,,,,119,Wexford/Maryvale,119,Wexford/Maryvale (119),D41,636027.2634,4846497.6606
4475,5231774,1101048,4/10/2009 8:00:00 AM,1808,PHARMACY AVE,ELLESMERE RD,,Major Arterial,Scarborough,43.759045,-79.31019,,No Control,Clear,Daylight,Dry,Non-Fatal Injury,SMV Other,Vehicle Owner,unknown,,,,Other,,,,,,,,,,,,Yes,,,,,Yes,,,,,,119,Wexford/Maryvale,119,Wexford/Maryvale (119),D41,636027.2634,4846497.6606
4476,5231775,1101048,4/10/2009 8:00:00 AM,1808,PHARMACY AVE,ELLESMERE RD,,Major Arterial,Scarborough,43.759045,-79.31019,,No Control,Clear,Daylight,Dry,Non-Fatal Injury,SMV Other,Driver,35 to 39,Major,,South,"Automobile, Station Wagon",Going Ahead,Lost control,Inattentive,,,,,,,,,Yes,,,,,Yes,,,,,,119,Wexford/Maryvale,119,Wexford/Maryvale (119),D41,636027.2634,4846497.6606
4477,5231776,1101048,4/10/2009 8:00:00 AM,1808,PHARMACY AVE,ELLESMERE RD,,Major Arterial,Scarborough,43.759045,-79.31019,,No Control,Clear,Daylight,Dry,Non-Fatal Injury,SMV Other,Other Property Owner,unknown,,,,Other,,,,,,,,,,,,Yes,,,,,Yes,,,,,,119,Wexford/Maryvale,119,Wexford/Maryvale (119),D41,636027.2634,4846497.6606
4478,5234285,1102178,4/11/2009 8:00:00 AM,2040,DONLANDS AVE,MORTIMER AVE,,Minor Arterial,Toronto and East York,43.687645,-79.34029,At Intersection,Traffic Signal,Clear,Dark,Dry,Non-Fatal Injury,Pedestrian Collisions,Driver,70 to 74,None,,South,"Automobile, Station Wagon",Going Ahead,Driving Properly,Normal,,,,,,,Yes,,Yes,,,,,,,,,,,59,Danforth East York,59,Danforth East York (59),D55,633763.0475,4838518.6543
4479,5234286,1102178,4/11/2009 8:00:00 AM,2040,DONLANDS AVE,MORTIMER AVE,,Minor Arterial,Toronto and East York,43.687645,-79.34029,At Intersection,Traffic Signal,Clear,Dark,Dry,Non-Fatal Injury,Pedestrian Collisions,Pedestrian,10 to 14,Major,,,Other,,,,Vehicle is going straight thru inter.while ped cross without ROW,Crossing without right of way,Inattentive,,,,Yes,,Yes,,,,,,,,,,,59,Danforth East York,59,Danforth East York (59),D55,633763.0475,4838518.6543
4480,5861927,1098951,4/13/2009 8:00:00 AM,2302,SHEPPARD AVE E,MCCOWAN RD,,Major Arterial,Scarborough,43.789645,-79.25879,At Intersection,Traffic Signal,Clear,Dark,Dry,Non-Fatal Injury,Pedestrian Collisions,Driver,60 to 64,None,,West,"Automobile, Station Wagon",Going Ahead,Driving Properly,Normal,,,,,,,Yes,,Yes,,,,,,,,,,,128,Agincourt South-Malvern West,128,Agincourt South-Malvern West (128),D42,640093.4608,4849981.979
4481,5861928,1098951,4/13/2009 8:00:00 AM,2302,SHEPPARD AVE E,MCCOWAN RD,,Major Arterial,Scarborough,43.789645,-79.25879,At Intersection,Traffic Signal,Clear,Dark,Dry,Non-Fatal Injury,Pedestrian Collisions,Pedestrian,30 to 34,Major,,North,Other,,,,Vehicle is going straight thru inter.while ped cross without ROW,Crossing without right of way,Inattentive,,,,Yes,,Yes,,,,,,,,,,,128,Agincourt South-Malvern West,128,Agincourt South-Malvern West (128),D42,640093.4608,4849981.979
4482,5237534,1103726,4/15/2009 8:00:00 AM,1540,BELFIELD RD,MCCULLOCH AVE,,Minor Arterial,Etobicoke York,43.702545,-79.57299,,No Control,Clear,Daylight,Dry,Non-Fatal Injury,SMV Other,Driver,60 to 64,Major,,West,"Automobile, Station Wagon",Going Ahead,Lost control,Medical or Physical Disability,,,,,,,,,Yes,,,,,,,,,,Yes,1,West Humber-Clairville,1,West Humber-Clairville (1),D23,614980.1355,4839824.4718
4483,5228973,1099856,4/17/2009 8:00:00 AM,1045,TOWNSLEY ST,OLD WESTON RD,,Minor Arterial,Toronto and East York,43.674045,-79.46319,,Stop Sign,Clear,Daylight,Dry,Fatal,Pedestrian Collisions,Driver,20 to 24,None,,East,"Automobile, Station Wagon",Reversing,Other,Normal,,,,,,,Yes,,Yes,,,,,,,,,,,91,Weston-Pelham Park,91,Weston-Pellam Park (91),D12,623885.9095,4836817.2923
4484,5228974,1099856,4/17/2009 8:00:00 AM,1045,TOWNSLEY ST,OLD WESTON RD,,Minor Arterial,Toronto and East York,43.674045,-79.46319,,Stop Sign,Clear,Daylight,Dry,Fatal,Pedestrian Collisions,Pedestrian,65 to 69,Fatal,12,North,Other,,,,Vehicle is reversing and hits pedestrian,Other,Normal,,,,Yes,,Yes,,,,,,,,,,,91,Weston-Pelham Park,91,Weston-Pellam Park (91),D12,623885.9095,4836817.2923
4485,5260764,1114016,4/17/2009 8:00:00 AM,1859,MCCULLOCH AVE,1 AUTUMN AVE,,Local,Etobicoke York,43.701445,-79.57249,,No Control,Clear,Daylight,Dry,Non-Fatal Injury,Sideswipe,Passenger,20 to 24,Major,,,Other,,,,,,,,,,,,,Yes,Yes,,,Yes,,Yes,,,,1,West Humber-Clairville,1,West Humber-Clairville (1),D23,615022.5263,4839702.9953
4486,5260765,1114016,4/17/2009 8:00:00 AM,1859,MCCULLOCH AVE,1 AUTUMN AVE,,Local,Etobicoke York,43.701445,-79.57249,,No Control,Clear,Daylight,Dry,Non-Fatal Injury,Sideswipe,Motorcycle Driver,35 to 39,Minor,,South,Motorcycle,Overtaking,Improper Passing,Normal,,,,,,,,,,Yes,Yes,,,Yes,,Yes,,,,1,West Humber-Clairville,1,West Humber-Clairville (1),D23,615022.5263,4839702.9953
4487,5260766,1114016,4/17/2009 8:00:00 AM,1859,MCCULLOCH AVE,1 AUTUMN AVE,,Local,Etobicoke York,43.701445,-79.57249,,No Control,Clear,Daylight,Dry,Non-Fatal Injury,Sideswipe,Vehicle Owner,unknown,,,,Other,,,,,,,,,,,,,Yes,Yes,,,Yes,,Yes,,,,1,West Humber-Clairville,1,West Humber-Clairville (1),D23,615022.5263,4839702.9953