OBJECTID,INDEX,ACCNUM,DATE,TIME,STREET1,STREET2,OFFSET,ROAD_CLASS,DISTRICT,LATITUDE,LONGITUDE,ACCLOC,TRAFFCTL,VISIBILITY,LIGHT,RDSFCOND,ACCLASS,IMPACTYPE,INVTYPE,INVAGE,INJURY,FATAL_NO,INITDIR,VEHTYPE,MANOEUVER,DRIVACT,DRIVCOND,PEDTYPE,PEDACT,PEDCOND,CYCLISTYPE,CYCACT,CYCCOND,PEDESTRIAN,CYCLIST,AUTOMOBILE,MOTORCYCLE,TRUCK,TRSN_CITY_VEH,EMERG_VEH,PASSENGER,SPEEDING,AG_DRIV,REDLIGHT,ALCOHOL,DISABILITY,HOOD_158,NEIGHBOURHOOD_158,HOOD_140,NEIGHBOURHOOD_140,DIVISION,x,y
4488,5260767,1114016,4/17/2009 8:00:00 AM,1859,MCCULLOCH AVE,1 AUTUMN AVE,,Local,Etobicoke York,43.701445,-79.57249,,No Control,Clear,Daylight,Dry,Non-Fatal Injury,Sideswipe,Truck Driver,40 to 44,None,,South,Truck - Open,Turning Left,Driving Properly,Normal,,,,,,,,,,Yes,Yes,,,Yes,,Yes,,,,1,West Humber-Clairville,1,West Humber-Clairville (1),D23,615022.5263,4839702.9953
4489,5260768,1114016,4/17/2009 8:00:00 AM,1859,MCCULLOCH AVE,1 AUTUMN AVE,,Local,Etobicoke York,43.701445,-79.57249,,No Control,Clear,Daylight,Dry,Non-Fatal Injury,Sideswipe,Vehicle Owner,unknown,,,,Other,,,,,,,,,,,,,Yes,Yes,,,Yes,,Yes,,,,1,West Humber-Clairville,1,West Humber-Clairville (1),D23,615022.5263,4839702.9953
4490,5229076,1099908,4/18/2009 8:00:00 AM,1534,YONGE ST,LAKE SHORE W BLVD E,,Major Arterial,Toronto and East York,43.644045,-79.37579,At Intersection,Traffic Signal,Clear,Daylight,Dry,Non-Fatal Injury,Angle,Passenger,35 to 39,Minimal,,,Other,,,,,,,,,,,,Yes,,,,,Yes,,Yes,Yes,,,166,St Lawrence-East Bayfront-The Islands,77,Waterfront Communities-The Island (77),D52,630996.7261,4833619.6395
4491,5229077,1099908,4/18/2009 8:00:00 AM,1534,YONGE ST,LAKE SHORE W BLVD E,,Major Arterial,Toronto and East York,43.644045,-79.37579,At Intersection,Traffic Signal,Clear,Daylight,Dry,Non-Fatal Injury,Angle,Driver,55 to 59,Minimal,,South,"Automobile, Station Wagon",Stopped,Driving Properly,Normal,,,,,,,,,Yes,,,,,Yes,,Yes,Yes,,,166,St Lawrence-East Bayfront-The Islands,77,Waterfront Communities-The Island (77),D52,630996.7261,4833619.6395
4492,5229078,1099908,4/18/2009 8:00:00 AM,1534,YONGE ST,LAKE SHORE W BLVD E,,Major Arterial,Toronto and East York,43.644045,-79.37579,At Intersection,Traffic Signal,Clear,Daylight,Dry,Non-Fatal Injury,Angle,Driver,40 to 44,Minimal,,West,"Automobile, Station Wagon",Going Ahead,Driving Properly,Normal,,,,,,,,,Yes,,,,,Yes,,Yes,Yes,,,166,St Lawrence-East Bayfront-The Islands,77,Waterfront Communities-The Island (77),D52,630996.7261,4833619.6395
4493,5229079,1099908,4/18/2009 8:00:00 AM,1534,YONGE ST,LAKE SHORE W BLVD E,,Major Arterial,Toronto and East York,43.644045,-79.37579,At Intersection,Traffic Signal,Clear,Daylight,Dry,Non-Fatal Injury,Angle,Passenger,0 to 4,Minimal,,,Other,,,,,,,,,,,,Yes,,,,,Yes,,Yes,Yes,,,166,St Lawrence-East Bayfront-The Islands,77,Waterfront Communities-The Island (77),D52,630996.7261,4833619.6395
4494,5229080,1099908,4/18/2009 8:00:00 AM,1534,YONGE ST,LAKE SHORE W BLVD E,,Major Arterial,Toronto and East York,43.644045,-79.37579,At Intersection,Traffic Signal,Clear,Daylight,Dry,Non-Fatal Injury,Angle,Passenger,0 to 4,Major,,,Other,,,,,,,,,,,,Yes,,,,,Yes,,Yes,Yes,,,166,St Lawrence-East Bayfront-The Islands,77,Waterfront Communities-The Island (77),D52,630996.7261,4833619.6395
4495,5229081,1099908,4/18/2009 8:00:00 AM,1534,YONGE ST,LAKE SHORE W BLVD E,,Major Arterial,Toronto and East York,43.644045,-79.37579,At Intersection,Traffic Signal,Clear,Daylight,Dry,Non-Fatal Injury,Angle,Passenger,0 to 4,Minimal,,,Other,,,,,,,,,,,,Yes,,,,,Yes,,Yes,Yes,,,166,St Lawrence-East Bayfront-The Islands,77,Waterfront Communities-The Island (77),D52,630996.7261,4833619.6395
4496,5229082,1099908,4/18/2009 8:00:00 AM,1534,YONGE ST,LAKE SHORE W BLVD E,,Major Arterial,Toronto and East York,43.644045,-79.37579,At Intersection,Traffic Signal,Clear,Daylight,Dry,Non-Fatal Injury,Angle,Passenger,25 to 29,Minor,,,Other,,,,,,,,,,,,Yes,,,,,Yes,,Yes,Yes,,,166,St Lawrence-East Bayfront-The Islands,77,Waterfront Communities-The Island (77),D52,630996.7261,4833619.6395
4497,5229083,1099908,4/18/2009 8:00:00 AM,1534,YONGE ST,LAKE SHORE W BLVD E,,Major Arterial,Toronto and East York,43.644045,-79.37579,At Intersection,Traffic Signal,Clear,Daylight,Dry,Non-Fatal Injury,Angle,Passenger,0 to 4,Major,,,Other,,,,,,,,,,,,Yes,,,,,Yes,,Yes,Yes,,,166,St Lawrence-East Bayfront-The Islands,77,Waterfront Communities-The Island (77),D52,630996.7261,4833619.6395
4498,5229084,1099908,4/18/2009 8:00:00 AM,1534,YONGE ST,LAKE SHORE W BLVD E,,Major Arterial,Toronto and East York,43.644045,-79.37579,At Intersection,Traffic Signal,Clear,Daylight,Dry,Non-Fatal Injury,Angle,Driver,35 to 39,Minimal,,North,"Automobile, Station Wagon",Going Ahead,Disobeyed Traffic Control,Inattentive,,,,,,,,,Yes,,,,,Yes,,Yes,Yes,,,166,St Lawrence-East Bayfront-The Islands,77,Waterfront Communities-The Island (77),D52,630996.7261,4833619.6395
4499,5807420,1100023,4/18/2009 8:00:00 AM,2250,HIGHWAY 27  N,HUMBER COLLEGE BLVD,,Major Arterial,Etobicoke York,43.731145,-79.60169,,No Control,Clear,Dark,Dry,Non-Fatal Injury,Rear End,Driver,40 to 44,Minor,,,"Automobile, Station Wagon",Going Ahead,,,,,,,,,,,Yes,,,,,,,,,,,1,West Humber-Clairville,1,West Humber-Clairville (1),D23,612614.0564,4842961.4951
4500,5807421,1100023,4/18/2009 8:00:00 AM,2250,HIGHWAY 27  N,HUMBER COLLEGE BLVD,,Major Arterial,Etobicoke York,43.731145,-79.60169,,No Control,Clear,Dark,Dry,Non-Fatal Injury,Rear End,Driver,unknown,Major,,,"Automobile, Station Wagon",Stopped,,,,,,,,,,,Yes,,,,,,,,,,,1,West Humber-Clairville,1,West Humber-Clairville (1),D23,612614.0564,4842961.4951
4501,5229859,1100239,4/20/2009 8:00:00 AM,1330,RONCESVALLES AVE,HIGH PARK BLVD,,Minor Arterial,Toronto and East York,43.646327,-79.449046,,Traffic Signal,Rain,Daylight,Wet,Fatal,Pedestrian Collisions,Pedestrian,85 to 89,Fatal,13,West,Other,,,,Vehicle turns left while ped crosses with ROW at inter.,Crossing with right of way,Normal,,,,Yes,,,,,Yes,,,,Yes,,,,86,Roncesvalles,86,Roncesvalles (86),D11,625083.6458,4833760.0661
4502,5229860,1100239,4/20/2009 8:00:00 AM,1330,RONCESVALLES AVE,HIGH PARK BLVD,,Minor Arterial,Toronto and East York,43.646327,-79.449046,,Traffic Signal,Rain,Daylight,Wet,Fatal,Pedestrian Collisions,Vehicle Owner,unknown,,,,Other,,,,,,,,,,Yes,,,,,Yes,,,,Yes,,,,86,Roncesvalles,86,Roncesvalles (86),D11,625083.6458,4833760.0661
4503,5229861,1100239,4/20/2009 8:00:00 AM,1330,RONCESVALLES AVE,HIGH PARK BLVD,,Minor Arterial,Toronto and East York,43.646327,-79.449046,,Traffic Signal,Rain,Daylight,Wet,Fatal,Pedestrian Collisions,Driver,40 to 44,None,,East,Municipal Transit Bus (TTC),Turning Left,Failed to Yield Right of Way,Inattentive,,,,,,,Yes,,,,,Yes,,,,Yes,,,,86,Roncesvalles,86,Roncesvalles (86),D11,625083.6458,4833760.0661
4504,5230826,1100641,4/22/2009 8:00:00 AM,541,FINCH AVE W,KIPLING AVE,,Major Arterial,Etobicoke York,43.743245,-79.58209,,Traffic Signal,Clear,Dawn,Dry,Non-Fatal Injury,Pedestrian Collisions,Vehicle Owner,unknown,,,,Other,,,,,,,,,,Yes,,Yes,,,,,,,,,,,3,Thistletown-Beaumond Heights,3,Thistletown-Beaumond Heights (3),D23,614169.572,4844332.1945
4505,5230827,1100641,4/22/2009 8:00:00 AM,541,FINCH AVE W,KIPLING AVE,,Major Arterial,Etobicoke York,43.743245,-79.58209,,Traffic Signal,Clear,Dawn,Dry,Non-Fatal Injury,Pedestrian Collisions,Driver,40 to 44,None,,West,"Automobile, Station Wagon",Going Ahead,Driving Properly,Normal,,,,,,,Yes,,Yes,,,,,,,,,,,3,Thistletown-Beaumond Heights,3,Thistletown-Beaumond Heights (3),D23,614169.572,4844332.1945
4506,5230828,1100641,4/22/2009 8:00:00 AM,541,FINCH AVE W,KIPLING AVE,,Major Arterial,Etobicoke York,43.743245,-79.58209,,Traffic Signal,Clear,Dawn,Dry,Non-Fatal Injury,Pedestrian Collisions,Pedestrian,55 to 59,Major,,South,Other,,,,Vehicle is going straight thru inter.while ped cross without ROW,Crossing without right of way,Medical or Physical Disability,,,,Yes,,Yes,,,,,,,,,,,3,Thistletown-Beaumond Heights,3,Thistletown-Beaumond Heights (3),D23,614169.572,4844332.1945
4507,5239690,1104694,4/22/2009 8:00:00 AM,2336,SCARLETT RD,EGLINTON AVE W,,Major Arterial,Etobicoke York,43.683945,-79.51149,At Intersection,Traffic Signal,Clear,Dark,Dry,Non-Fatal Injury,Turning Movement,Driver,50 to 54,None,,North,"Automobile, Station Wagon",Turning Left,Improper Turn,Inattentive,,,,,,,,,Yes,,,,,,,,,,,9,Edenbridge-Humber Valley,9,Edenbridge-Humber Valley (9),D22,619972.5666,4837845.817
4508,5239691,1104694,4/22/2009 8:00:00 AM,2336,SCARLETT RD,EGLINTON AVE W,,Major Arterial,Etobicoke York,43.683945,-79.51149,At Intersection,Traffic Signal,Clear,Dark,Dry,Non-Fatal Injury,Turning Movement,Driver,40 to 44,Major,,South,"Automobile, Station Wagon",Going Ahead,Driving Properly,Normal,,,,,,,,,Yes,,,,,,,,,,,9,Edenbridge-Humber Valley,9,Edenbridge-Humber Valley (9),D22,619972.5666,4837845.817
4509,5231442,1100910,4/23/2009 8:00:00 AM,1730,77 BOSTON AVE,,,Local,Toronto and East York,43.663545,-79.33969,,No Control,Clear,Daylight,Dry,Non-Fatal Injury,Pedestrian Collisions,Driver,30 to 34,None,,South,"Automobile, Station Wagon",Slowing or Stopping,Driving Properly,Normal,,,,,,,Yes,,Yes,,,,,,,,,,,70,South Riverdale,70,South Riverdale (70),D55,633864.9827,4835842.9877
4510,5231443,1100910,4/23/2009 8:00:00 AM,1730,77 BOSTON AVE,,,Local,Toronto and East York,43.663545,-79.33969,,No Control,Clear,Daylight,Dry,Non-Fatal Injury,Pedestrian Collisions,Pedestrian,55 to 59,Major,,West,Other,,,,Pedestrian hit at mid-block,"Crossing, no Traffic Control",Normal,,,,Yes,,Yes,,,,,,,,,,,70,South Riverdale,70,South Riverdale (70),D55,633864.9827,4835842.9877
4511,5231819,1101072,4/24/2009 8:00:00 AM,1035,QUEENS QUAY W,YORK ST,,Minor Arterial,Toronto and East York,43.639945,-79.38019,,Traffic Signal,Clear,Daylight,Dry,Non-Fatal Injury,Pedestrian Collisions,Vehicle Owner,unknown,,,,"Automobile, Station Wagon",,,,,,,,,,Yes,,Yes,,,,,,,Yes,,,,166,St Lawrence-East Bayfront-The Islands,77,Waterfront Communities-The Island (77),D52,630650.7379,4833157.3457
4512,5231820,1101072,4/24/2009 8:00:00 AM,1035,QUEENS QUAY W,YORK ST,,Minor Arterial,Toronto and East York,43.639945,-79.38019,,Traffic Signal,Clear,Daylight,Dry,Non-Fatal Injury,Pedestrian Collisions,Driver,35 to 39,None,,East,"Automobile, Station Wagon",Going Ahead,Failed to Yield Right of Way,Inattentive,,,,,,,Yes,,Yes,,,,,,,Yes,,,,166,St Lawrence-East Bayfront-The Islands,77,Waterfront Communities-The Island (77),D52,630650.7379,4833157.3457
4513,5231821,1101072,4/24/2009 8:00:00 AM,1035,QUEENS QUAY W,YORK ST,,Minor Arterial,Toronto and East York,43.639945,-79.38019,,Traffic Signal,Clear,Daylight,Dry,Non-Fatal Injury,Pedestrian Collisions,Pedestrian,0 to 4,Major,,South,Other,,,,Vehicle is going straight thru inter.while ped cross with ROW,Crossing with right of way,Normal,,,,Yes,,Yes,,,,,,,Yes,,,,166,St Lawrence-East Bayfront-The Islands,77,Waterfront Communities-The Island (77),D52,630650.7379,4833157.3457
4514,5236937,1103447,4/25/2009 8:00:00 AM,555,VICTORIA PARK AVE,EGLINTON AVE E,,Major Arterial,North York,43.724745,-79.30259,,Traffic Signal,Clear,Dark,Dry,Non-Fatal Injury,Angle,Driver,50 to 54,Minimal,,South,"Automobile, Station Wagon",Going Ahead,Driving Properly,Normal,,,,,,,,,Yes,,,,,,,Yes,Yes,,,119,Wexford/Maryvale,119,Wexford/Maryvale (119),D41,636717.1137,4842700.6436
4515,5236938,1103447,4/25/2009 8:00:00 AM,555,VICTORIA PARK AVE,EGLINTON AVE E,,Major Arterial,North York,43.724745,-79.30259,,Traffic Signal,Clear,Dark,Dry,Non-Fatal Injury,Angle,Driver,25 to 29,Major,,East,"Automobile, Station Wagon",Going Ahead,Disobeyed Traffic Control,Normal,,,,,,,,,Yes,,,,,,,Yes,Yes,,,119,Wexford/Maryvale,119,Wexford/Maryvale (119),D41,636717.1137,4842700.6436
4516,5233038,1101613,4/28/2009 8:00:00 AM,24,ELLESMERE RD,KENNEDY RD,,Major Arterial,Scarborough,43.765745,-79.28109,At Intersection,Traffic Signal,Clear,Dark,Dry,Non-Fatal Injury,Angle,Passenger,20 to 24,Major,,,Other,,,,,,,,,,,,Yes,,,,,Yes,,Yes,Yes,,,126,Dorset Park,126,Dorset Park (126),D41,638354.3515,4847290.0073
4517,5233039,1101613,4/28/2009 8:00:00 AM,24,ELLESMERE RD,KENNEDY RD,,Major Arterial,Scarborough,43.765745,-79.28109,At Intersection,Traffic Signal,Clear,Dark,Dry,Non-Fatal Injury,Angle,Vehicle Owner,unknown,,,,Other,,,,,,,,,,,,Yes,,,,,Yes,,Yes,Yes,,,126,Dorset Park,126,Dorset Park (126),D41,638354.3515,4847290.0073
4518,5233040,1101613,4/28/2009 8:00:00 AM,24,ELLESMERE RD,KENNEDY RD,,Major Arterial,Scarborough,43.765745,-79.28109,At Intersection,Traffic Signal,Clear,Dark,Dry,Non-Fatal Injury,Angle,Driver,30 to 34,Major,,South,"Automobile, Station Wagon",Going Ahead,Driving Properly,Normal,,,,,,,,,Yes,,,,,Yes,,Yes,Yes,,,126,Dorset Park,126,Dorset Park (126),D41,638354.3515,4847290.0073
4519,5233041,1101613,4/28/2009 8:00:00 AM,24,ELLESMERE RD,KENNEDY RD,,Major Arterial,Scarborough,43.765745,-79.28109,At Intersection,Traffic Signal,Clear,Dark,Dry,Non-Fatal Injury,Angle,Driver,20 to 24,Minimal,,East,"Automobile, Station Wagon",Going Ahead,Disobeyed Traffic Control,Inattentive,,,,,,,,,Yes,,,,,Yes,,Yes,Yes,,,126,Dorset Park,126,Dorset Park (126),D41,638354.3515,4847290.0073
4520,5242451,1105956,4/29/2009 8:00:00 AM,2039,THE QUEENSWAY Stre,NORTH QUEEN ST,,Major Arterial,Etobicoke York,43.614345,-79.55519,,No Control,Clear,Dark,Dry,Non-Fatal Injury,Turning Movement,Driver,20 to 24,None,,South,"Automobile, Station Wagon",Turning Right,Improper Turn,Inattentive,,,,,,,,,Yes,Yes,,,,,Yes,Yes,,,,159,Etobicoke City Centre,14,Islington-City Centre West (14),D22,616584.9317,4830053.5698
4521,5242452,1105956,4/29/2009 8:00:00 AM,2039,THE QUEENSWAY Stre,NORTH QUEEN ST,,Major Arterial,Etobicoke York,43.614345,-79.55519,,No Control,Clear,Dark,Dry,Non-Fatal Injury,Turning Movement,Motorcycle Driver,25 to 29,Major,,West,Motorcycle,Going Ahead,Exceeding Speed Limit,Inattentive,,,,,,,,,Yes,Yes,,,,,Yes,Yes,,,,159,Etobicoke City Centre,14,Islington-City Centre West (14),D22,616584.9317,4830053.5698
4522,5242857,1106122,4/30/2009 8:00:00 AM,33,SHEPPARD AVE E,MORNINGSIDE AVE,,Major Arterial,Scarborough,43.801945,-79.19979,At Intersection,Traffic Signal,Clear,Dark,Dry,Non-Fatal Injury,Pedestrian Collisions,Driver,20 to 24,None,,South,"Automobile, Station Wagon",Turning Left,Failed to Yield Right of Way,Normal,,,,,,,Yes,,Yes,,,,,,,Yes,,,,146,Malvern East,132,Malvern (132),D42,644810.7961,4851449.648
4523,5242858,1106122,4/30/2009 8:00:00 AM,33,SHEPPARD AVE E,MORNINGSIDE AVE,,Major Arterial,Scarborough,43.801945,-79.19979,At Intersection,Traffic Signal,Clear,Dark,Dry,Non-Fatal Injury,Pedestrian Collisions,Pedestrian,25 to 29,Major,,North,Other,,,,Vehicle turns left while ped crosses with ROW at inter.,Crossing with right of way,Normal,,,,Yes,,Yes,,,,,,,Yes,,,,146,Malvern East,132,Malvern (132),D42,644810.7961,4851449.648
4524,5243317,1106309,4/30/2009 8:00:00 AM,1540,MCINTOSH ST,NATAL AVE,,Collector,Scarborough,43.707945,-79.25189,At Intersection,Stop Sign,Clear,Daylight,Dry,Non-Fatal Injury,Cyclist Collisions,Driver,15 to 19,None,,West,"Automobile, Station Wagon",Going Ahead,Exceeding Speed Limit,Normal,,,,,,,,Yes,Yes,,,,,,Yes,Yes,,,,122,Birchcliffe-Cliffside,122,Birchcliffe-Cliffside (122),D41,640840.1256,4840919.6528
4525,5243318,1106309,4/30/2009 8:00:00 AM,1540,MCINTOSH ST,NATAL AVE,,Collector,Scarborough,43.707945,-79.25189,At Intersection,Stop Sign,Clear,Daylight,Dry,Non-Fatal Injury,Cyclist Collisions,Cyclist,20 to 24,Major,,South,Bicycle,Turning Left,,,,,,"Motorist without ROW drives into path of cyclist at inter, lnwy, dwy-Driver not turn.",Driving Properly,Normal,,Yes,Yes,,,,,,Yes,Yes,,,,122,Birchcliffe-Cliffside,122,Birchcliffe-Cliffside (122),D41,640840.1256,4840919.6528
4526,5234603,1102324,5/1/2009 8:00:00 AM,1236,ST CLAIR AVE W,ORIOLE RD,,Major Arterial,Toronto and East York,43.686945,-79.39979,,No Control,Clear,Daylight,Dry,Fatal,SMV Unattended Vehicle,Other,unknown,None,,East,Other,Parked,,,,,,,,,,,Yes,,,,,Yes,,,,,,97,Yonge-St.Clair,97,Yonge-St.Clair (97),D53,628969.1417,4838346.655
4527,5234604,1102324,5/1/2009 8:00:00 AM,1236,ST CLAIR AVE W,ORIOLE RD,,Major Arterial,Toronto and East York,43.686945,-79.39979,,No Control,Clear,Daylight,Dry,Fatal,SMV Unattended Vehicle,Passenger,80 to 84,Minor,,,Other,,,,,,,,,,,,Yes,,,,,Yes,,,,,,97,Yonge-St.Clair,97,Yonge-St.Clair (97),D53,628969.1417,4838346.655
4528,5234605,1102324,5/1/2009 8:00:00 AM,1236,ST CLAIR AVE W,ORIOLE RD,,Major Arterial,Toronto and East York,43.686945,-79.39979,,No Control,Clear,Daylight,Dry,Fatal,SMV Unattended Vehicle,Passenger,30 to 34,Minor,,,Other,,,,,,,,,,,,Yes,,,,,Yes,,,,,,97,Yonge-St.Clair,97,Yonge-St.Clair (97),D53,628969.1417,4838346.655
4529,5234606,1102324,5/1/2009 8:00:00 AM,1236,ST CLAIR AVE W,ORIOLE RD,,Major Arterial,Toronto and East York,43.686945,-79.39979,,No Control,Clear,Daylight,Dry,Fatal,SMV Unattended Vehicle,Driver,35 to 39,Minor,,East,"Automobile, Station Wagon",Going Ahead,Lost control,Unknown,,,,,,,,,Yes,,,,,Yes,,,,,,97,Yonge-St.Clair,97,Yonge-St.Clair (97),D53,628969.1417,4838346.655
4530,5234607,1102324,5/1/2009 8:00:00 AM,1236,ST CLAIR AVE W,ORIOLE RD,,Major Arterial,Toronto and East York,43.686945,-79.39979,,No Control,Clear,Daylight,Dry,Fatal,SMV Unattended Vehicle,Passenger,90 to 94,Fatal,14,,Other,,,,,,,,,,,,Yes,,,,,Yes,,,,,,97,Yonge-St.Clair,97,Yonge-St.Clair (97),D53,628969.1417,4838346.655
4531,5234608,1102324,5/1/2009 8:00:00 AM,1236,ST CLAIR AVE W,ORIOLE RD,,Major Arterial,Toronto and East York,43.686945,-79.39979,,No Control,Clear,Daylight,Dry,Fatal,SMV Unattended Vehicle,Other,unknown,None,,East,Other,Parked,,,,,,,,,,,Yes,,,,,Yes,,,,,,97,Yonge-St.Clair,97,Yonge-St.Clair (97),D53,628969.1417,4838346.655
4532,5234609,1102324,5/1/2009 8:00:00 AM,1236,ST CLAIR AVE W,ORIOLE RD,,Major Arterial,Toronto and East York,43.686945,-79.39979,,No Control,Clear,Daylight,Dry,Fatal,SMV Unattended Vehicle,Other,unknown,None,,East,Other,Parked,,,,,,,,,,,Yes,,,,,Yes,,,,,,97,Yonge-St.Clair,97,Yonge-St.Clair (97),D53,628969.1417,4838346.655
4533,5234610,1102324,5/1/2009 8:00:00 AM,1236,ST CLAIR AVE W,ORIOLE RD,,Major Arterial,Toronto and East York,43.686945,-79.39979,,No Control,Clear,Daylight,Dry,Fatal,SMV Unattended Vehicle,Other,unknown,None,,East,Other,Parked,,,,,,,,,,,Yes,,,,,Yes,,,,,,97,Yonge-St.Clair,97,Yonge-St.Clair (97),D53,628969.1417,4838346.655
4534,5243421,1106355,5/2/2009 8:00:00 AM,1052,JAMESON AVE,GARDINER JAMESON AV RAMP,,Minor Arterial,Toronto and East York,43.632445,-79.43429,At Intersection,No Control,Clear,Daylight,Dry,Non-Fatal Injury,Turning Movement,Vehicle Owner,unknown,,,,Other,,,,,,,,,,,,Yes,,Yes,,,,,Yes,,,,85,South Parkdale,85,South Parkdale (85),D14,626302.8043,4832240.6385
4535,5243422,1106355,5/2/2009 8:00:00 AM,1052,JAMESON AVE,GARDINER JAMESON AV RAMP,,Minor Arterial,Toronto and East York,43.632445,-79.43429,At Intersection,No Control,Clear,Daylight,Dry,Non-Fatal Injury,Turning Movement,Truck Driver,35 to 39,None,,South,Truck - Open,Going Ahead,Driving Properly,Normal,,,,,,,,,Yes,,Yes,,,,,Yes,,,,85,South Parkdale,85,South Parkdale (85),D14,626302.8043,4832240.6385
4536,5243423,1106355,5/2/2009 8:00:00 AM,1052,JAMESON AVE,GARDINER JAMESON AV RAMP,,Minor Arterial,Toronto and East York,43.632445,-79.43429,At Intersection,No Control,Clear,Daylight,Dry,Non-Fatal Injury,Turning Movement,Driver,20 to 24,Major,,East,"Automobile, Station Wagon",Turning Left,Failed to Yield Right of Way,Normal,,,,,,,,,Yes,,Yes,,,,,Yes,,,,85,South Parkdale,85,South Parkdale (85),D14,626302.8043,4832240.6385
4537,5243424,1106355,5/2/2009 8:00:00 AM,1052,JAMESON AVE,GARDINER JAMESON AV RAMP,,Minor Arterial,Toronto and East York,43.632445,-79.43429,At Intersection,No Control,Clear,Daylight,Dry,Non-Fatal Injury,Turning Movement,Other,unknown,None,,,Other,,,,,,,,,,,,Yes,,Yes,,,,,Yes,,,,85,South Parkdale,85,South Parkdale (85),D14,626302.8043,4832240.6385
4538,5243933,1106578,5/4/2009 8:00:00 AM,1100,TRETHEWEY DR,BROOKHAVEN DR,,Minor Arterial,Etobicoke York,43.696945,-79.49389,At Intersection,No Control,Clear,Daylight,Dry,Non-Fatal Injury,Turning Movement,Vehicle Owner,unknown,,,,Other,,,,,,,,,,,,Yes,,,,,Yes,,,,,,30,Brookhaven-Amesbury,30,Brookhaven-Amesbury (30),D12,621364.8999,4839315.2534
4539,5243934,1106578,5/4/2009 8:00:00 AM,1100,TRETHEWEY DR,BROOKHAVEN DR,,Minor Arterial,Etobicoke York,43.696945,-79.49389,At Intersection,No Control,Clear,Daylight,Dry,Non-Fatal Injury,Turning Movement,Driver,45 to 49,Major,,East,"Automobile, Station Wagon",Turning Left,Improper Turn,Inattentive,,,,,,,,,Yes,,,,,Yes,,,,,,30,Brookhaven-Amesbury,30,Brookhaven-Amesbury (30),D12,621364.8999,4839315.2534
4540,5243935,1106578,5/4/2009 8:00:00 AM,1100,TRETHEWEY DR,BROOKHAVEN DR,,Minor Arterial,Etobicoke York,43.696945,-79.49389,At Intersection,No Control,Clear,Daylight,Dry,Non-Fatal Injury,Turning Movement,Passenger,50 to 54,Major,,,Other,,,,,,,,,,,,Yes,,,,,Yes,,,,,,30,Brookhaven-Amesbury,30,Brookhaven-Amesbury (30),D12,621364.8999,4839315.2534
4541,5243936,1106578,5/4/2009 8:00:00 AM,1100,TRETHEWEY DR,BROOKHAVEN DR,,Minor Arterial,Etobicoke York,43.696945,-79.49389,At Intersection,No Control,Clear,Daylight,Dry,Non-Fatal Injury,Turning Movement,Vehicle Owner,unknown,,,,Other,,,,,,,,,,,,Yes,,,,,Yes,,,,,,30,Brookhaven-Amesbury,30,Brookhaven-Amesbury (30),D12,621364.8999,4839315.2534
4542,5243937,1106578,5/4/2009 8:00:00 AM,1100,TRETHEWEY DR,BROOKHAVEN DR,,Minor Arterial,Etobicoke York,43.696945,-79.49389,At Intersection,No Control,Clear,Daylight,Dry,Non-Fatal Injury,Turning Movement,Driver,55 to 59,None,,East,"Automobile, Station Wagon",Going Ahead,Driving Properly,Normal,,,,,,,,,Yes,,,,,Yes,,,,,,30,Brookhaven-Amesbury,30,Brookhaven-Amesbury (30),D12,621364.8999,4839315.2534
4543,5244474,1106823,5/6/2009 8:00:00 AM,1909,1472 AVENUE RD,,,Major Arterial,North York,43.720445,-79.41509,,No Control,Clear,Daylight,Dry,Non-Fatal Injury,Pedestrian Collisions,Vehicle Owner,unknown,,,,Other,,,,,,,,,,Yes,,Yes,,,,,,,,,,,39,Bedford Park-Nortown,39,Bedford Park-Nortown (39),D53,627664.8954,4842043.6182
4544,5244475,1106823,5/6/2009 8:00:00 AM,1909,1472 AVENUE RD,,,Major Arterial,North York,43.720445,-79.41509,,No Control,Clear,Daylight,Dry,Non-Fatal Injury,Pedestrian Collisions,Driver,40 to 44,None,,South,"Automobile, Station Wagon",Going Ahead,Driving Properly,Normal,,,,,,,Yes,,Yes,,,,,,,,,,,39,Bedford Park-Nortown,39,Bedford Park-Nortown (39),D53,627664.8954,4842043.6182
4545,5244476,1106823,5/6/2009 8:00:00 AM,1909,1472 AVENUE RD,,,Major Arterial,North York,43.720445,-79.41509,,No Control,Clear,Daylight,Dry,Non-Fatal Injury,Pedestrian Collisions,Pedestrian,25 to 29,Major,,,Other,,,,Pedestrian hit at mid-block,Running onto Roadway,Had Been Drinking,,,,Yes,,Yes,,,,,,,,,,,39,Bedford Park-Nortown,39,Bedford Park-Nortown (39),D53,627664.8954,4842043.6182
4546,5668315,1107097,5/7/2009 8:00:00 AM,553,ANNETTE ST,KEELE ST,,Major Arterial,Toronto and East York,43.663645,-79.46379,At Intersection,Traffic Signal,Rain,Dawn,Wet,Non-Fatal Injury,Angle,Driver,45 to 49,Major,,South,"Automobile, Station Wagon",Going Ahead,Driving Properly,Normal,,,,,,,,,Yes,,,,,,,Yes,Yes,Yes,,90,Junction Area,90,Junction Area (90),D11,623858.9308,4835661.3387
4547,5668316,1107097,5/7/2009 8:00:00 AM,553,ANNETTE ST,KEELE ST,,Major Arterial,Toronto and East York,43.663645,-79.46379,At Intersection,Traffic Signal,Rain,Dawn,Wet,Non-Fatal Injury,Angle,Vehicle Owner,unknown,,,,Other,,,,,,,,,,,,Yes,,,,,,,Yes,Yes,Yes,,90,Junction Area,90,Junction Area (90),D11,623858.9308,4835661.3387
4548,5668317,1107097,5/7/2009 8:00:00 AM,553,ANNETTE ST,KEELE ST,,Major Arterial,Toronto and East York,43.663645,-79.46379,At Intersection,Traffic Signal,Rain,Dawn,Wet,Non-Fatal Injury,Angle,Driver,25 to 29,None,,West,"Automobile, Station Wagon",Going Ahead,Disobeyed Traffic Control,"Ability Impaired, Alcohol Over .08",,,,,,,,,Yes,,,,,,,Yes,Yes,Yes,,90,Junction Area,90,Junction Area (90),D11,623858.9308,4835661.3387