OBJECTID,INDEX,ACCNUM,DATE,TIME,STREET1,STREET2,OFFSET,ROAD_CLASS,DISTRICT,LATITUDE,LONGITUDE,ACCLOC,TRAFFCTL,VISIBILITY,LIGHT,RDSFCOND,ACCLASS,IMPACTYPE,INVTYPE,INVAGE,INJURY,FATAL_NO,INITDIR,VEHTYPE,MANOEUVER,DRIVACT,DRIVCOND,PEDTYPE,PEDACT,PEDCOND,CYCLISTYPE,CYCACT,CYCCOND,PEDESTRIAN,CYCLIST,AUTOMOBILE,MOTORCYCLE,TRUCK,TRSN_CITY_VEH,EMERG_VEH,PASSENGER,SPEEDING,AG_DRIV,REDLIGHT,ALCOHOL,DISABILITY,HOOD_158,NEIGHBOURHOOD_158,HOOD_140,NEIGHBOURHOOD_140,DIVISION,x,y
4549,5668318,1107097,5/7/2009 8:00:00 AM,553,ANNETTE ST,KEELE ST,,Major Arterial,Toronto and East York,43.663645,-79.46379,At Intersection,Traffic Signal,Rain,Dawn,Wet,Non-Fatal Injury,Angle,Other Property Owner,unknown,,,,Other,,,,,,,,,,,,Yes,,,,,,,Yes,Yes,Yes,,90,Junction Area,90,Junction Area (90),D11,623858.9308,4835661.3387
4550,5792382,1103248,5/7/2009 8:00:00 AM,2307,COXWELL AVE,CASCI AVE,,Minor Arterial,Toronto and East York,43.676543,-79.320789,,No Control,Clear,Dark,Dry,Non-Fatal Injury,Cyclist Collisions,Driver,15 to 19,None,,North,Passenger Van,Going Ahead,Driving Properly,Normal,,,,,,,,Yes,Yes,,,,,,,,,,,64,Woodbine Corridor,64,Woodbine Corridor (64),D55,635359.6989,4837317.2644
4551,5792383,1103248,5/7/2009 8:00:00 AM,2307,COXWELL AVE,CASCI AVE,,Minor Arterial,Toronto and East York,43.676543,-79.320789,,No Control,Clear,Dark,Dry,Non-Fatal Injury,Cyclist Collisions,Cyclist,15 to 19,Major,,North,Bicycle,Changing Lanes,,,,,,Cyclist and Driver travelling in same direction. One vehicle sideswipes the other.,Improper Lane Change,,,Yes,Yes,,,,,,,,,,,64,Woodbine Corridor,64,Woodbine Corridor (64),D55,635359.6989,4837317.2644
4552,5246210,1107567,5/8/2009 8:00:00 AM,1743,WOODBINE AVE,DANFORTH AVE,,Major Arterial,Toronto and East York,43.685645,-79.31279,At Intersection,Traffic Signal,Clear,Daylight,Dry,Non-Fatal Injury,SMV Other,Passenger,15 to 19,Major,,,Other,Other,,,,,,,,,,,Yes,,,,,Yes,,Yes,,,,64,Woodbine Corridor,64,Woodbine Corridor (64),D55,635983.9332,4838341.2529
4553,5246211,1107567,5/8/2009 8:00:00 AM,1743,WOODBINE AVE,DANFORTH AVE,,Major Arterial,Toronto and East York,43.685645,-79.31279,At Intersection,Traffic Signal,Clear,Daylight,Dry,Non-Fatal Injury,SMV Other,Driver,20 to 24,Minor,,West,"Automobile, Station Wagon",Going Ahead,Lost control,Normal,,,,,,,,,Yes,,,,,Yes,,Yes,,,,64,Woodbine Corridor,64,Woodbine Corridor (64),D55,635983.9332,4838341.2529
4554,5246212,1107567,5/8/2009 8:00:00 AM,1743,WOODBINE AVE,DANFORTH AVE,,Major Arterial,Toronto and East York,43.685645,-79.31279,At Intersection,Traffic Signal,Clear,Daylight,Dry,Non-Fatal Injury,SMV Other,Other Property Owner,unknown,,,,Other,,,,,,,,,,,,Yes,,,,,Yes,,Yes,,,,64,Woodbine Corridor,64,Woodbine Corridor (64),D55,635983.9332,4838341.2529
4555,5245204,1107143,5/9/2009 8:00:00 AM,1340,QUEEN ST W,BAY ST,,Major Arterial,Toronto and East York,43.651845,-79.38169,At Intersection,Traffic Signal,Rain,Daylight,Wet,Non-Fatal Injury,Pedestrian Collisions,Driver,60 to 64,None,,East,"Automobile, Station Wagon",Going Ahead,Driving Properly,Normal,,,,,,,Yes,,Yes,,,,,,,,,,,170,Yonge-Bay Corridor,76,Bay Street Corridor (76),D52,630503.9776,4834476.6357
4556,5245205,1107143,5/9/2009 8:00:00 AM,1340,QUEEN ST W,BAY ST,,Major Arterial,Toronto and East York,43.651845,-79.38169,At Intersection,Traffic Signal,Rain,Daylight,Wet,Non-Fatal Injury,Pedestrian Collisions,Pedestrian,60 to 64,Major,,South,Other,,,,Vehicle is going straight thru inter.while ped cross without ROW,Crossing without right of way,Inattentive,,,,Yes,,Yes,,,,,,,,,,,170,Yonge-Bay Corridor,76,Bay Street Corridor (76),D52,630503.9776,4834476.6357
4557,5250508,1109447,5/11/2009 8:00:00 AM,722,FRONT ST W,SPADINA AVE,,Minor Arterial,Toronto and East York,43.642245,-79.39569,,No Control,Clear,Daylight,Dry,Non-Fatal Injury,Pedestrian Collisions,Vehicle Owner,unknown,,,,Other,,,,,,,,,,Yes,,,,Yes,,,,,,,,,165,Harbourfront-CityPlace,77,Waterfront Communities-The Island (77),D14,629395.5871,4833388.5084
4558,5250509,1109447,5/11/2009 8:00:00 AM,722,FRONT ST W,SPADINA AVE,,Minor Arterial,Toronto and East York,43.642245,-79.39569,,No Control,Clear,Daylight,Dry,Non-Fatal Injury,Pedestrian Collisions,Truck Driver,50 to 54,None,,West,Truck - Open,Going Ahead,Driving Properly,Normal,,,,,,,Yes,,,,Yes,,,,,,,,,165,Harbourfront-CityPlace,77,Waterfront Communities-The Island (77),D14,629395.5871,4833388.5084
4559,5250510,1109447,5/11/2009 8:00:00 AM,722,FRONT ST W,SPADINA AVE,,Minor Arterial,Toronto and East York,43.642245,-79.39569,,No Control,Clear,Daylight,Dry,Non-Fatal Injury,Pedestrian Collisions,Pedestrian,30 to 34,Major,,,Other,,,,Pedestrian hit at mid-block,Running onto Roadway,Other,,,,Yes,,,,Yes,,,,,,,,,165,Harbourfront-CityPlace,77,Waterfront Communities-The Island (77),D14,629395.5871,4833388.5084
4560,5237952,1103903,5/12/2009 8:00:00 AM,1540,MIDLAND AVE,SOUTH SHIELDS AVE,,Major Arterial,Scarborough,43.807045,-79.28879,At Intersection,Traffic Signal,Clear,Daylight,Dry,Non-Fatal Injury,Pedestrian Collisions,Pedestrian,20 to 24,Major,,North,Other,Other,,,Vehicle turns left while ped crosses with ROW at inter.,Crossing with right of way,Normal,,,,Yes,,Yes,,,,,,,Yes,,,,129,Agincourt North,129,Agincourt North (129),D42,637639.7486,4851864.1878
4561,5237953,1103903,5/12/2009 8:00:00 AM,1540,MIDLAND AVE,SOUTH SHIELDS AVE,,Major Arterial,Scarborough,43.807045,-79.28879,At Intersection,Traffic Signal,Clear,Daylight,Dry,Non-Fatal Injury,Pedestrian Collisions,Driver,60 to 64,None,,South,"Automobile, Station Wagon",Turning Left,Failed to Yield Right of Way,Inattentive,,,,,,,Yes,,Yes,,,,,,,Yes,,,,129,Agincourt North,129,Agincourt North (129),D42,637639.7486,4851864.1878
4562,5246571,1107709,5/13/2009 8:00:00 AM,1729,610 VAUGHAN RD,,,Minor Arterial,Toronto and East York,43.691845,-79.43949,,No Control,Clear,Daylight,Dry,Non-Fatal Injury,Pedestrian Collisions,Vehicle Owner,unknown,,,,Other,,,,,,,,,,Yes,,Yes,,,,,,,,,,,107,Oakwood Village,107,Oakwood Village (107),D13,625759.2434,4838829.8926
4563,5246572,1107709,5/13/2009 8:00:00 AM,1729,610 VAUGHAN RD,,,Minor Arterial,Toronto and East York,43.691845,-79.43949,,No Control,Clear,Daylight,Dry,Non-Fatal Injury,Pedestrian Collisions,Driver,35 to 39,None,,West,"Automobile, Station Wagon",Going Ahead,Driving Properly,Normal,,,,,,,Yes,,Yes,,,,,,,,,,,107,Oakwood Village,107,Oakwood Village (107),D13,625759.2434,4838829.8926
4564,5246573,1107709,5/13/2009 8:00:00 AM,1729,610 VAUGHAN RD,,,Minor Arterial,Toronto and East York,43.691845,-79.43949,,No Control,Clear,Daylight,Dry,Non-Fatal Injury,Pedestrian Collisions,Pedestrian,35 to 39,Major,,North,Other,,,,Pedestrian hit at mid-block,"Crossing, no Traffic Control",Had Been Drinking,,,,Yes,,Yes,,,,,,,,,,,107,Oakwood Village,107,Oakwood Village (107),D13,625759.2434,4838829.8926
4565,5243461,1106370,5/15/2009 8:00:00 AM,239,DIXON RD,CARLINGVIEW DR,,Major Arterial,Etobicoke York,43.686645,-79.59799,,No Control,Clear,Dark,Dry,Non-Fatal Injury,Pedestrian Collisions,Driver,unknown,None,,West,"Automobile, Station Wagon",Going Ahead,Exceeding Speed Limit,Unknown,,,,,,,Yes,,Yes,,,,,,Yes,Yes,,,,1,West Humber-Clairville,1,West Humber-Clairville (1),D23,612995.6246,4838024.1974
4566,5243462,1106370,5/15/2009 8:00:00 AM,239,DIXON RD,CARLINGVIEW DR,,Major Arterial,Etobicoke York,43.686645,-79.59799,,No Control,Clear,Dark,Dry,Non-Fatal Injury,Pedestrian Collisions,Pedestrian,35 to 39,Major,,North,Other,,,,Pedestrian hit at mid-block,"Crossing, no Traffic Control","Ability Impaired, Alcohol Over .80",,,,Yes,,Yes,,,,,,Yes,Yes,,,,1,West Humber-Clairville,1,West Humber-Clairville (1),D23,612995.6246,4838024.1974
4567,5247443,1108048,5/15/2009 8:00:00 AM,1100,4175 LAWRENCE AVE E,,,Major Arterial,Scarborough,43.768045,-79.18769,,No Control,Clear,Daylight,Dry,Non-Fatal Injury,Pedestrian Collisions,Pedestrian,60 to 64,Major,,South,Other,,,,Pedestrian hit at mid-block,"Crossing, no Traffic Control",Had Been Drinking,,,,Yes,,Yes,,,,,,,,,,,136,West Hill,136,West Hill (136),D43,645866.5802,4847705.756
4568,5247444,1108048,5/15/2009 8:00:00 AM,1100,4175 LAWRENCE AVE E,,,Major Arterial,Scarborough,43.768045,-79.18769,,No Control,Clear,Daylight,Dry,Non-Fatal Injury,Pedestrian Collisions,Driver,80 to 84,None,,West,"Automobile, Station Wagon",Going Ahead,Driving Properly,Normal,,,,,,,Yes,,Yes,,,,,,,,,,,136,West Hill,136,West Hill (136),D43,645866.5802,4847705.756
4569,5254017,1111047,5/15/2009 8:00:00 AM,1205,KENNEDY RD,ANTRIM CRES,,Major Arterial,Scarborough,43.771745,-79.28329,At Intersection,Traffic Signal,Clear,Daylight,Dry,Non-Fatal Injury,Pedestrian Collisions,Driver,55 to 59,None,,East,"Automobile, Station Wagon",Turning Left,Failed to Yield Right of Way,Inattentive,,,,,,,Yes,,Yes,,,,,,,Yes,,,,126,Dorset Park,126,Dorset Park (126),D41,638163.4564,4847952.7268
4570,5254018,1111047,5/15/2009 8:00:00 AM,1205,KENNEDY RD,ANTRIM CRES,,Major Arterial,Scarborough,43.771745,-79.28329,At Intersection,Traffic Signal,Clear,Daylight,Dry,Non-Fatal Injury,Pedestrian Collisions,Pedestrian,20 to 24,Major,,East,Other,,,,Vehicle turns left while ped crosses with ROW at inter.,Crossing with right of way,Normal,,,,Yes,,Yes,,,,,,,Yes,,,,126,Dorset Park,126,Dorset Park (126),D41,638163.4564,4847952.7268
4571,5662544,1104513,5/16/2009 8:00:00 AM,928,DAWES RD,BETH ST,,Minor Arterial,Toronto and East York,43.705345,-79.29589,,No Control,Clear,Daylight,Wet,Non-Fatal Injury,Approaching,Vehicle Owner,unknown,,,,Other,,,,,,,,,,,,Yes,,,,,,,,,,,54,O'Connor-Parkview,54,O'Connor-Parkview (54),D55,637301.0683,4840557.0678
4572,5662545,1104513,5/16/2009 8:00:00 AM,928,DAWES RD,BETH ST,,Minor Arterial,Toronto and East York,43.705345,-79.29589,,No Control,Clear,Daylight,Wet,Non-Fatal Injury,Approaching,Driver,75 to 79,Major,,North,"Automobile, Station Wagon",Going Ahead,Driving Properly,Normal,,,,,,,,,Yes,,,,,,,,,,,54,O'Connor-Parkview,54,O'Connor-Parkview (54),D55,637301.0683,4840557.0678
4573,5662546,1104513,5/16/2009 8:00:00 AM,928,DAWES RD,BETH ST,,Minor Arterial,Toronto and East York,43.705345,-79.29589,,No Control,Clear,Daylight,Wet,Non-Fatal Injury,Approaching,Vehicle Owner,unknown,,,,Other,,,,,,,,,,,,Yes,,,,,,,,,,,54,O'Connor-Parkview,54,O'Connor-Parkview (54),D55,637301.0683,4840557.0678
4574,5662547,1104513,5/16/2009 8:00:00 AM,928,DAWES RD,BETH ST,,Minor Arterial,Toronto and East York,43.705345,-79.29589,,No Control,Clear,Daylight,Wet,Non-Fatal Injury,Approaching,Driver,20 to 24,Major,,South,"Automobile, Station Wagon",Going Ahead,Lost control,Normal,,,,,,,,,Yes,,,,,,,,,,,54,O'Connor-Parkview,54,O'Connor-Parkview (54),D55,637301.0683,4840557.0678
4575,5248143,1108349,5/17/2009 8:00:00 AM,1623,YORK MILLS Road,CHIPSTEAD Road,,Major Arterial,North York,43.751445,-79.37049,At Intersection,Traffic Signal,Clear,Daylight,Dry,Non-Fatal Injury,Turning Movement,Passenger,10 to 14,Major,,,Other,,,,,,,,,,,,Yes,,,,,Yes,,,,,,42,Banbury-Don Mills,40,St.Andrew-Windfields (40),D33,631189.7582,4845556.2917
4576,5248144,1108349,5/17/2009 8:00:00 AM,1623,YORK MILLS Road,CHIPSTEAD Road,,Major Arterial,North York,43.751445,-79.37049,At Intersection,Traffic Signal,Clear,Daylight,Dry,Non-Fatal Injury,Turning Movement,Passenger,80 to 84,Minimal,,,Other,,,,,,,,,,,,Yes,,,,,Yes,,,,,,42,Banbury-Don Mills,40,St.Andrew-Windfields (40),D33,631189.7582,4845556.2917
4577,5248145,1108349,5/17/2009 8:00:00 AM,1623,YORK MILLS Road,CHIPSTEAD Road,,Major Arterial,North York,43.751445,-79.37049,At Intersection,Traffic Signal,Clear,Daylight,Dry,Non-Fatal Injury,Turning Movement,Passenger,10 to 14,Minor,,,Other,,,,,,,,,,,,Yes,,,,,Yes,,,,,,42,Banbury-Don Mills,40,St.Andrew-Windfields (40),D33,631189.7582,4845556.2917
4578,5248146,1108349,5/17/2009 8:00:00 AM,1623,YORK MILLS Road,CHIPSTEAD Road,,Major Arterial,North York,43.751445,-79.37049,At Intersection,Traffic Signal,Clear,Daylight,Dry,Non-Fatal Injury,Turning Movement,Driver,80 to 84,None,,East,"Automobile, Station Wagon",Going Ahead,Driving Properly,Normal,,,,,,,,,Yes,,,,,Yes,,,,,,42,Banbury-Don Mills,40,St.Andrew-Windfields (40),D33,631189.7582,4845556.2917
4579,5248147,1108349,5/17/2009 8:00:00 AM,1623,YORK MILLS Road,CHIPSTEAD Road,,Major Arterial,North York,43.751445,-79.37049,At Intersection,Traffic Signal,Clear,Daylight,Dry,Non-Fatal Injury,Turning Movement,Vehicle Owner,unknown,,,,Other,,,,,,,,,,,,Yes,,,,,Yes,,,,,,42,Banbury-Don Mills,40,St.Andrew-Windfields (40),D33,631189.7582,4845556.2917
4580,5248148,1108349,5/17/2009 8:00:00 AM,1623,YORK MILLS Road,CHIPSTEAD Road,,Major Arterial,North York,43.751445,-79.37049,At Intersection,Traffic Signal,Clear,Daylight,Dry,Non-Fatal Injury,Turning Movement,Driver,15 to 19,Minimal,,West,"Automobile, Station Wagon",Turning Left,Improper Turn,Inattentive,,,,,,,,,Yes,,,,,Yes,,,,,,42,Banbury-Don Mills,40,St.Andrew-Windfields (40),D33,631189.7582,4845556.2917
4581,5859925,1104621,5/18/2009 8:00:00 AM,2141,AVENUE Road,LAWRENCE Aven W,,Major Arterial,North York,43.722245,-79.41559,At Intersection,Traffic Controller,Clear,Dark,Dry,Non-Fatal Injury,Rear End,Vehicle Owner,unknown,,,,Other,,,,,,,,,,,,Yes,,,,,,,,,,Yes,39,Bedford Park-Nortown,39,Bedford Park-Nortown (39),D53,627620.798,4842242.7638
4582,5859926,1104621,5/18/2009 8:00:00 AM,2141,AVENUE Road,LAWRENCE Aven W,,Major Arterial,North York,43.722245,-79.41559,At Intersection,Traffic Controller,Clear,Dark,Dry,Non-Fatal Injury,Rear End,Driver,40 to 44,Major,,East,"Automobile, Station Wagon",Going Ahead,Lost control,Medical or Physical Disability,,,,,,,,,Yes,,,,,,,,,,Yes,39,Bedford Park-Nortown,39,Bedford Park-Nortown (39),D53,627620.798,4842242.7638
4583,5859927,1104621,5/18/2009 8:00:00 AM,2141,AVENUE Road,LAWRENCE Aven W,,Major Arterial,North York,43.722245,-79.41559,At Intersection,Traffic Controller,Clear,Dark,Dry,Non-Fatal Injury,Rear End,Vehicle Owner,unknown,,,,Other,,,,,,,,,,,,Yes,,,,,,,,,,Yes,39,Bedford Park-Nortown,39,Bedford Park-Nortown (39),D53,627620.798,4842242.7638
4584,5859928,1104621,5/18/2009 8:00:00 AM,2141,AVENUE Road,LAWRENCE Aven W,,Major Arterial,North York,43.722245,-79.41559,At Intersection,Traffic Controller,Clear,Dark,Dry,Non-Fatal Injury,Rear End,Driver,15 to 19,None,,East,"Automobile, Station Wagon",Stopped,Driving Properly,Normal,,,,,,,,,Yes,,,,,,,,,,Yes,39,Bedford Park-Nortown,39,Bedford Park-Nortown (39),D53,627620.798,4842242.7638
4585,5249583,1109010,5/19/2009 8:00:00 AM,1646,KINGSTON Road,OLD KINGSTON Road,,Minor Arterial,Scarborough,43.784545,-79.16879,At Intersection,Traffic Signal,Clear,Daylight,Dry,Non-Fatal Injury,Turning Movement,Driver,35 to 39,Major,,West,"Automobile, Station Wagon",Turning Left,Improper Turn,Normal,,,,,,,,,Yes,,,,,Yes,,,,,,134,Highland Creek,134,Highland Creek (134),D43,647347.2601,4849571.8132
4586,5249584,1109010,5/19/2009 8:00:00 AM,1646,KINGSTON Road,OLD KINGSTON Road,,Minor Arterial,Scarborough,43.784545,-79.16879,At Intersection,Traffic Signal,Clear,Daylight,Dry,Non-Fatal Injury,Turning Movement,Passenger,20 to 24,Minor,,,Other,,,,,,,,,,,,Yes,,,,,Yes,,,,,,134,Highland Creek,134,Highland Creek (134),D43,647347.2601,4849571.8132
4587,5249585,1109010,5/19/2009 8:00:00 AM,1646,KINGSTON Road,OLD KINGSTON Road,,Minor Arterial,Scarborough,43.784545,-79.16879,At Intersection,Traffic Signal,Clear,Daylight,Dry,Non-Fatal Injury,Turning Movement,Driver,20 to 24,Minor,,East,"Automobile, Station Wagon",Going Ahead,Driving Properly,Normal,,,,,,,,,Yes,,,,,Yes,,,,,,134,Highland Creek,134,Highland Creek (134),D43,647347.2601,4849571.8132
4588,5251858,1110059,5/21/2009 8:00:00 AM,2159,KING ST W,SHAW ST,,Major Arterial,Toronto and East York,43.641345,-79.41519,,No Control,Clear,Dark,Dry,Non-Fatal Injury,SMV Unattended Vehicle,Driver,40 to 44,Major,,West,"Automobile, Station Wagon",Going Ahead,Lost control,Medical or Physical Disability,,,,,,,,,Yes,,,,,,,,,,Yes,162,West Queen West,82,Niagara (82),D14,627824.7076,4833258.3352
4589,5251859,1110059,5/21/2009 8:00:00 AM,2159,KING ST W,SHAW ST,,Major Arterial,Toronto and East York,43.641345,-79.41519,,No Control,Clear,Dark,Dry,Non-Fatal Injury,SMV Unattended Vehicle,Other,unknown,None,,West,Other,Parked,,,,,,,,,,,Yes,,,,,,,,,,Yes,162,West Queen West,82,Niagara (82),D14,627824.7076,4833258.3352
4590,5255012,1111516,5/22/2009 8:00:00 AM,252,BARTON Ave,CHRISTIE St,,Minor Arterial,Toronto and East York,43.666545,-79.41959,,No Control,Clear,Dark,Dry,Non-Fatal Injury,SMV Other,Vehicle Owner,unknown,,,,Other,,,,,,,,,,,,Yes,,,,,,,,,,,95,Annex,95,Annex (95),D14,627416.5121,4836050.3578
4591,5255013,1111516,5/22/2009 8:00:00 AM,252,BARTON Ave,CHRISTIE St,,Minor Arterial,Toronto and East York,43.666545,-79.41959,,No Control,Clear,Dark,Dry,Non-Fatal Injury,SMV Other,Driver,30 to 34,Major,,West,Taxi,Pulling Onto Shoulder or towardCurb,Lost control,Normal,,,,,,,,,Yes,,,,,,,,,,,95,Annex,95,Annex (95),D14,627416.5121,4836050.3578
4592,5255014,1111516,5/22/2009 8:00:00 AM,252,BARTON Ave,CHRISTIE St,,Minor Arterial,Toronto and East York,43.666545,-79.41959,,No Control,Clear,Dark,Dry,Non-Fatal Injury,SMV Other,Other Property Owner,unknown,,,,Other,,,,,,,,,,,,Yes,,,,,,,,,,,95,Annex,95,Annex (95),D14,627416.5121,4836050.3578
4593,5255015,1111516,5/22/2009 8:00:00 AM,252,BARTON Ave,CHRISTIE St,,Minor Arterial,Toronto and East York,43.666545,-79.41959,,No Control,Clear,Dark,Dry,Non-Fatal Injury,SMV Other,Other Property Owner,unknown,,,,Other,,,,,,,,,,,,Yes,,,,,,,,,,,95,Annex,95,Annex (95),D14,627416.5121,4836050.3578
4594,5241491,1105521,5/22/2009 8:00:00 AM,1525,KING Stre E,ASHBY Plac,,Major Arterial,Toronto and East York,43.655945,-79.35769,,No Control,Clear,Daylight,Dry,Non-Fatal Injury,Pedestrian Collisions,Pedestrian,45 to 49,Major,,,Other,Other,,,Vehicle is going straight thru inter.while ped cross without ROW,Walking on Roadway Against Traffic,Had Been Drinking,,,,Yes,,Yes,,,,,,,,,,,73,Moss Park,73,Moss Park (73),D51,632430.3976,4834970.0196
4595,5241492,1105521,5/22/2009 8:00:00 AM,1525,KING Stre E,ASHBY Plac,,Major Arterial,Toronto and East York,43.655945,-79.35769,,No Control,Clear,Daylight,Dry,Non-Fatal Injury,Pedestrian Collisions,Vehicle Owner,unknown,,,,Other,,,,,,,,,,Yes,,Yes,,,,,,,,,,,73,Moss Park,73,Moss Park (73),D51,632430.3976,4834970.0196
4596,5241493,1105521,5/22/2009 8:00:00 AM,1525,KING Stre E,ASHBY Plac,,Major Arterial,Toronto and East York,43.655945,-79.35769,,No Control,Clear,Daylight,Dry,Non-Fatal Injury,Pedestrian Collisions,Driver,40 to 44,None,,West,"Automobile, Station Wagon",Going Ahead,Driving Properly,Normal,,,,,,,Yes,,Yes,,,,,,,,,,,73,Moss Park,73,Moss Park (73),D51,632430.3976,4834970.0196
4597,5253045,1110609,5/22/2009 8:00:00 AM,1845,JANE Stre,ALLIANCE Aven,,Major Arterial,Etobicoke York,43.676145,-79.49569,At Intersection,Traffic Signal,Clear,Daylight,Dry,Non-Fatal Injury,Rear End,Vehicle Owner,unknown,,,,Other,,,,,,,,,,,,Yes,,,,,Yes,,Yes,,,,111,Rockcliffe-Smythe,111,Rockcliffe-Smythe (111),D12,621261.7548,4837002.4999
4598,5253046,1110609,5/22/2009 8:00:00 AM,1845,JANE Stre,ALLIANCE Aven,,Major Arterial,Etobicoke York,43.676145,-79.49569,At Intersection,Traffic Signal,Clear,Daylight,Dry,Non-Fatal Injury,Rear End,Driver,40 to 44,None,,North,"Automobile, Station Wagon",Stopped,Driving Properly,Normal,,,,,,,,,Yes,,,,,Yes,,Yes,,,,111,Rockcliffe-Smythe,111,Rockcliffe-Smythe (111),D12,621261.7548,4837002.4999
4599,5253047,1110609,5/22/2009 8:00:00 AM,1845,JANE Stre,ALLIANCE Aven,,Major Arterial,Etobicoke York,43.676145,-79.49569,At Intersection,Traffic Signal,Clear,Daylight,Dry,Non-Fatal Injury,Rear End,Driver,65 to 69,None,,North,"Automobile, Station Wagon",Stopped,Driving Properly,Normal,,,,,,,,,Yes,,,,,Yes,,Yes,,,,111,Rockcliffe-Smythe,111,Rockcliffe-Smythe (111),D12,621261.7548,4837002.4999
4600,5253048,1110609,5/22/2009 8:00:00 AM,1845,JANE Stre,ALLIANCE Aven,,Major Arterial,Etobicoke York,43.676145,-79.49569,At Intersection,Traffic Signal,Clear,Daylight,Dry,Non-Fatal Injury,Rear End,Passenger,45 to 49,Major,,,Other,,,,,,,,,,,,Yes,,,,,Yes,,Yes,,,,111,Rockcliffe-Smythe,111,Rockcliffe-Smythe (111),D12,621261.7548,4837002.4999
4601,5253049,1110609,5/22/2009 8:00:00 AM,1845,JANE Stre,ALLIANCE Aven,,Major Arterial,Etobicoke York,43.676145,-79.49569,At Intersection,Traffic Signal,Clear,Daylight,Dry,Non-Fatal Injury,Rear End,Driver,50 to 54,None,,North,"Automobile, Station Wagon",Going Ahead,Following too Close,Inattentive,,,,,,,,,Yes,,,,,Yes,,Yes,,,,111,Rockcliffe-Smythe,111,Rockcliffe-Smythe (111),D12,621261.7548,4837002.4999
4602,5253167,1110667,5/22/2009 8:00:00 AM,2135,675 ANNETTE Stre,,,Minor Arterial,Toronto and East York,43.659045,-79.48429,,No Control,Clear,Dark,Dry,Non-Fatal Injury,Cyclist Collisions,Driver,35 to 39,None,,East,"Automobile, Station Wagon",Going Ahead,Following too Close,Normal,,,,,,,,Yes,Yes,,,,,,,Yes,,,,89,Runnymede-Bloor West Village,89,Runnymede-Bloor West Village (89),D11,622215.4099,4835120.0487
4603,5253168,1110667,5/22/2009 8:00:00 AM,2135,675 ANNETTE Stre,,,Minor Arterial,Toronto and East York,43.659045,-79.48429,,No Control,Clear,Dark,Dry,Non-Fatal Injury,Cyclist Collisions,Cyclist,15 to 19,Major,,East,Bicycle,Turning Left,,,,,,Cyclist and Driver travelling in same direction. One vehicle rear-ended the other.,Other,Normal,,Yes,Yes,,,,,,,Yes,,,,89,Runnymede-Bloor West Village,89,Runnymede-Bloor West Village (89),D11,622215.4099,4835120.0487
4604,5255192,1111585,5/24/2009 8:00:00 AM,1345,BRIMLEY RD,ELLESMERE RD,,Major Arterial,Scarborough,43.770045,-79.26129,At Intersection,Traffic Signal,Clear,Daylight,Dry,Non-Fatal Injury,Angle,Passenger,80 to 84,Major,,,Other,,,,,,,,,,,,Yes,,,,,Yes,,Yes,Yes,,,156,Bendale-Glen Andrew,127,Bendale (127),D43,639938.0352,4847800.862
4605,5255193,1111585,5/24/2009 8:00:00 AM,1345,BRIMLEY RD,ELLESMERE RD,,Major Arterial,Scarborough,43.770045,-79.26129,At Intersection,Traffic Signal,Clear,Daylight,Dry,Non-Fatal Injury,Angle,Passenger,15 to 19,Minor,,,Other,,,,,,,,,,,,Yes,,,,,Yes,,Yes,Yes,,,156,Bendale-Glen Andrew,127,Bendale (127),D43,639938.0352,4847800.862
4606,5255194,1111585,5/24/2009 8:00:00 AM,1345,BRIMLEY RD,ELLESMERE RD,,Major Arterial,Scarborough,43.770045,-79.26129,At Intersection,Traffic Signal,Clear,Daylight,Dry,Non-Fatal Injury,Angle,Passenger,40 to 44,Major,,,Other,,,,,,,,,,,,Yes,,,,,Yes,,Yes,Yes,,,156,Bendale-Glen Andrew,127,Bendale (127),D43,639938.0352,4847800.862
4607,5255195,1111585,5/24/2009 8:00:00 AM,1345,BRIMLEY RD,ELLESMERE RD,,Major Arterial,Scarborough,43.770045,-79.26129,At Intersection,Traffic Signal,Clear,Daylight,Dry,Non-Fatal Injury,Angle,Driver,45 to 49,Minor,,East,"Automobile, Station Wagon",Going Ahead,Driving Properly,Normal,,,,,,,,,Yes,,,,,Yes,,Yes,Yes,,,156,Bendale-Glen Andrew,127,Bendale (127),D43,639938.0352,4847800.862
4608,5255196,1111585,5/24/2009 8:00:00 AM,1345,BRIMLEY RD,ELLESMERE RD,,Major Arterial,Scarborough,43.770045,-79.26129,At Intersection,Traffic Signal,Clear,Daylight,Dry,Non-Fatal Injury,Angle,Driver,40 to 44,Minimal,,East,"Automobile, Station Wagon",Going Ahead,Driving Properly,Normal,,,,,,,,,Yes,,,,,Yes,,Yes,Yes,,,156,Bendale-Glen Andrew,127,Bendale (127),D43,639938.0352,4847800.862
4609,5255197,1111585,5/24/2009 8:00:00 AM,1345,BRIMLEY RD,ELLESMERE RD,,Major Arterial,Scarborough,43.770045,-79.26129,At Intersection,Traffic Signal,Clear,Daylight,Dry,Non-Fatal Injury,Angle,Passenger,55 to 59,Minor,,,Other,,,,,,,,,,,,Yes,,,,,Yes,,Yes,Yes,,,156,Bendale-Glen Andrew,127,Bendale (127),D43,639938.0352,4847800.862
4610,5255198,1111585,5/24/2009 8:00:00 AM,1345,BRIMLEY RD,ELLESMERE RD,,Major Arterial,Scarborough,43.770045,-79.26129,At Intersection,Traffic Signal,Clear,Daylight,Dry,Non-Fatal Injury,Angle,Driver,45 to 49,Minimal,,East,"Automobile, Station Wagon",Going Ahead,Driving Properly,Normal,,,,,,,,,Yes,,,,,Yes,,Yes,Yes,,,156,Bendale-Glen Andrew,127,Bendale (127),D43,639938.0352,4847800.862