OBJECTID,INDEX,ACCNUM,DATE,TIME,STREET1,STREET2,OFFSET,ROAD_CLASS,DISTRICT,LATITUDE,LONGITUDE,ACCLOC,TRAFFCTL,VISIBILITY,LIGHT,RDSFCOND,ACCLASS,IMPACTYPE,INVTYPE,INVAGE,INJURY,FATAL_NO,INITDIR,VEHTYPE,MANOEUVER,DRIVACT,DRIVCOND,PEDTYPE,PEDACT,PEDCOND,CYCLISTYPE,CYCACT,CYCCOND,PEDESTRIAN,CYCLIST,AUTOMOBILE,MOTORCYCLE,TRUCK,TRSN_CITY_VEH,EMERG_VEH,PASSENGER,SPEEDING,AG_DRIV,REDLIGHT,ALCOHOL,DISABILITY,HOOD_158,NEIGHBOURHOOD_158,HOOD_140,NEIGHBOURHOOD_140,DIVISION,x,y
4611,5255199,1111585,5/24/2009 8:00:00 AM,1345,BRIMLEY RD,ELLESMERE RD,,Major Arterial,Scarborough,43.770045,-79.26129,At Intersection,Traffic Signal,Clear,Daylight,Dry,Non-Fatal Injury,Angle,Driver,60 to 64,Minimal,,North,"Automobile, Station Wagon",Going Ahead,Disobeyed Traffic Control,Normal,,,,,,,,,Yes,,,,,Yes,,Yes,Yes,,,156,Bendale-Glen Andrew,127,Bendale (127),D43,639938.0352,4847800.862
4612,5255700,1111784,5/25/2009 8:00:00 AM,1720,FINCH Aven W,ALNESS Stre,,Major Arterial,North York,43.768145,-79.46959,,No Control,Clear,Daylight,Dry,Non-Fatal Injury,Turning Movement,Motorcycle Driver,35 to 39,Major,,East,Motorcycle,Going Ahead,Improper Passing,Inattentive,,,,,,,,,Yes,Yes,,,,,,Yes,,,,27,York University Heights,27,York University Heights (27),D32,623177.0008,4847258.8921
4613,5255701,1111784,5/25/2009 8:00:00 AM,1720,FINCH Aven W,ALNESS Stre,,Major Arterial,North York,43.768145,-79.46959,,No Control,Clear,Daylight,Dry,Non-Fatal Injury,Turning Movement,Driver,25 to 29,None,,North,"Automobile, Station Wagon",Turning Left,Driving Properly,Normal,,,,,,,,,Yes,Yes,,,,,,Yes,,,,27,York University Heights,27,York University Heights (27),D32,623177.0008,4847258.8921
4614,5243010,1106184,5/26/2009 8:00:00 AM,1915,ROGERS Road,SILVERTHORN Aven,,Minor Arterial,Etobicoke York,43.682745,-79.46329,,Traffic Signal,Rain,Daylight,Wet,Non-Fatal Injury,Cyclist Collisions,Driver,25 to 29,None,,West,"Automobile, Station Wagon",Turning Right,Improper Turn,Inattentive,,,,,,,,Yes,Yes,,,,,,,,,,,110,Keelesdale-Eglinton West,110,Keelesdale-Eglinton West (110),D12,623859.9464,4837783.3946
4615,5243011,1106184,5/26/2009 8:00:00 AM,1915,ROGERS Road,SILVERTHORN Aven,,Minor Arterial,Etobicoke York,43.682745,-79.46329,,Traffic Signal,Rain,Daylight,Wet,Non-Fatal Injury,Cyclist Collisions,Cyclist,50 to 54,Major,,West,Bicycle,Going Ahead,,,,,,Motorist turning right on red at signalized intersection strikes cyclist.,Driving Properly,Normal,,Yes,Yes,,,,,,,,,,,110,Keelesdale-Eglinton West,110,Keelesdale-Eglinton West (110),D12,623859.9464,4837783.3946
4616,5256464,1112152,5/27/2009 8:00:00 AM,1352,COXWELL Aven,QUEEN Stre E,,Minor Arterial,Toronto and East York,43.666345,-79.31659,At Intersection,Traffic Signal,Clear,Daylight,Dry,Non-Fatal Injury,Turning Movement,Vehicle Owner,unknown,,,,Other,,,,,,,,,,,,Yes,,,,,,,,,,Yes,65,Greenwood-Coxwell,65,Greenwood-Coxwell (65),D55,635721.1661,4836191.4984
4617,5256465,1112152,5/27/2009 8:00:00 AM,1352,COXWELL Aven,QUEEN Stre E,,Minor Arterial,Toronto and East York,43.666345,-79.31659,At Intersection,Traffic Signal,Clear,Daylight,Dry,Non-Fatal Injury,Turning Movement,Driver,35 to 39,None,,North,"Automobile, Station Wagon",Going Ahead,Driving Properly,Normal,,,,,,,,,Yes,,,,,,,,,,Yes,65,Greenwood-Coxwell,65,Greenwood-Coxwell (65),D55,635721.1661,4836191.4984
4618,5256466,1112152,5/27/2009 8:00:00 AM,1352,COXWELL Aven,QUEEN Stre E,,Minor Arterial,Toronto and East York,43.666345,-79.31659,At Intersection,Traffic Signal,Clear,Daylight,Dry,Non-Fatal Injury,Turning Movement,Driver,45 to 49,None,,West,"Automobile, Station Wagon",Stopped,Driving Properly,Normal,,,,,,,,,Yes,,,,,,,,,,Yes,65,Greenwood-Coxwell,65,Greenwood-Coxwell (65),D55,635721.1661,4836191.4984
4619,5256467,1112152,5/27/2009 8:00:00 AM,1352,COXWELL Aven,QUEEN Stre E,,Minor Arterial,Toronto and East York,43.666345,-79.31659,At Intersection,Traffic Signal,Clear,Daylight,Dry,Non-Fatal Injury,Turning Movement,Vehicle Owner,unknown,,,,Other,,,,,,,,,,,,Yes,,,,,,,,,,Yes,65,Greenwood-Coxwell,65,Greenwood-Coxwell (65),D55,635721.1661,4836191.4984
4620,5256468,1112152,5/27/2009 8:00:00 AM,1352,COXWELL Aven,QUEEN Stre E,,Minor Arterial,Toronto and East York,43.666345,-79.31659,At Intersection,Traffic Signal,Clear,Daylight,Dry,Non-Fatal Injury,Turning Movement,Driver,35 to 39,Major,,South,"Automobile, Station Wagon",Turning Left,Improper Turn,Medical or Physical Disability,,,,,,,,,Yes,,,,,,,,,,Yes,65,Greenwood-Coxwell,65,Greenwood-Coxwell (65),D55,635721.1661,4836191.4984
4621,5243733,1106499,5/27/2009 8:00:00 AM,1534,DIXON ROAD,KELFIELD ST,,Major Arterial,Etobicoke York,43.690245,-79.57709,At Intersection,Traffic Signal,Rain,Daylight,Wet,Non-Fatal Injury,SMV Other,Driver,65 to 69,Major,,East,"Automobile, Station Wagon",Going Ahead,Lost control,Medical or Physical Disability,,,,,,,,,Yes,,,,,,,,,,Yes,1,West Humber-Clairville,1,West Humber-Clairville (1),D23,614673.2212,4838452.7133
4622,5258496,1113026,5/27/2009 8:00:00 AM,2353,MCCOWAN Road,LAWRENCE Aven E,,Major Arterial,Scarborough,43.755545,-79.24539,At Intersection,Traffic Signal,Rain,Dark,Wet,Non-Fatal Injury,Pedestrian Collisions,Vehicle Owner,unknown,,,,Other,,,,,,,,,,Yes,,Yes,,,,,,,Yes,,,,157,Bendale South,127,Bendale (127),D43,641251.8657,4846217.408
4623,5258497,1113026,5/27/2009 8:00:00 AM,2353,MCCOWAN Road,LAWRENCE Aven E,,Major Arterial,Scarborough,43.755545,-79.24539,At Intersection,Traffic Signal,Rain,Dark,Wet,Non-Fatal Injury,Pedestrian Collisions,Driver,30 to 34,None,,North,"Automobile, Station Wagon",Turning Left,Failed to Yield Right of Way,Normal,,,,,,,Yes,,Yes,,,,,,,Yes,,,,157,Bendale South,127,Bendale (127),D43,641251.8657,4846217.408
4624,5258498,1113026,5/27/2009 8:00:00 AM,2353,MCCOWAN Road,LAWRENCE Aven E,,Major Arterial,Scarborough,43.755545,-79.24539,At Intersection,Traffic Signal,Rain,Dark,Wet,Non-Fatal Injury,Pedestrian Collisions,Pedestrian,40 to 44,Major,,North,Other,,,,Vehicle turns left while ped crosses with ROW at inter.,Crossing with right of way,Normal,,,,Yes,,Yes,,,,,,,Yes,,,,157,Bendale South,127,Bendale (127),D43,641251.8657,4846217.408
4625,5244196,1106697,5/28/2009 8:00:00 AM,1252,JOHN GARLAND Blvd,COLLINGDALE Rd,,Collector,Etobicoke York,43.732845,-79.58319,,No Control,Rain,Daylight,Wet,Non-Fatal Injury,SMV Other,Passenger,10 to 14,Major,,,Other,,,,,,,,,,,,Yes,,,,,Yes,,,,,,2,Mount Olive-Silverstone-Jamestown,2,Mount Olive-Silverstone-Jamestown (2),D23,614100.7509,4843175.6114
4626,5244197,1106697,5/28/2009 8:00:00 AM,1252,JOHN GARLAND Blvd,COLLINGDALE Rd,,Collector,Etobicoke York,43.732845,-79.58319,,No Control,Rain,Daylight,Wet,Non-Fatal Injury,SMV Other,Passenger,5 to 9,Major,,,Other,,,,,,,,,,,,Yes,,,,,Yes,,,,,,2,Mount Olive-Silverstone-Jamestown,2,Mount Olive-Silverstone-Jamestown (2),D23,614100.7509,4843175.6114
4627,5244198,1106697,5/28/2009 8:00:00 AM,1252,JOHN GARLAND Blvd,COLLINGDALE Rd,,Collector,Etobicoke York,43.732845,-79.58319,,No Control,Rain,Daylight,Wet,Non-Fatal Injury,SMV Other,Vehicle Owner,unknown,,,,Other,,,,,,,,,,,,Yes,,,,,Yes,,,,,,2,Mount Olive-Silverstone-Jamestown,2,Mount Olive-Silverstone-Jamestown (2),D23,614100.7509,4843175.6114
4628,5244199,1106697,5/28/2009 8:00:00 AM,1252,JOHN GARLAND Blvd,COLLINGDALE Rd,,Collector,Etobicoke York,43.732845,-79.58319,,No Control,Rain,Daylight,Wet,Non-Fatal Injury,SMV Other,Driver,40 to 44,Major,,East,"Automobile, Station Wagon",Going Ahead,Lost control,Unknown,,,,,,,,,Yes,,,,,Yes,,,,,,2,Mount Olive-Silverstone-Jamestown,2,Mount Olive-Silverstone-Jamestown (2),D23,614100.7509,4843175.6114
4629,5256271,1112065,5/28/2009 8:00:00 AM,1500,EGLINTON Aven E,BERMONDSEY Road,,Major Arterial,North York,43.726045,-79.31349,At Intersection,Traffic Signal,Rain,Daylight,Wet,Non-Fatal Injury,Rear End,Driver,40 to 44,None,,East,"Automobile, Station Wagon",Going Ahead,Following too Close,Inattentive,,,,,,,,,Yes,,,,,,,Yes,,,,43,Victoria Village,43,Victoria Village (43),D33,635836.23,4842827.1025
4630,5256272,1112065,5/28/2009 8:00:00 AM,1500,EGLINTON Aven E,BERMONDSEY Road,,Major Arterial,North York,43.726045,-79.31349,At Intersection,Traffic Signal,Rain,Daylight,Wet,Non-Fatal Injury,Rear End,Driver,50 to 54,Major,,East,"Automobile, Station Wagon",Stopped,Driving Properly,Normal,,,,,,,,,Yes,,,,,,,Yes,,,,43,Victoria Village,43,Victoria Village (43),D33,635836.23,4842827.1025
4631,5256273,1112065,5/28/2009 8:00:00 AM,1500,EGLINTON Aven E,BERMONDSEY Road,,Major Arterial,North York,43.726045,-79.31349,At Intersection,Traffic Signal,Rain,Daylight,Wet,Non-Fatal Injury,Rear End,Driver,30 to 34,None,,East,"Automobile, Station Wagon",Stopped,Driving Properly,Normal,,,,,,,,,Yes,,,,,,,Yes,,,,43,Victoria Village,43,Victoria Village (43),D33,635836.23,4842827.1025
4632,5248069,1108321,5/29/2009 8:00:00 AM,2110,DANFORTH Road,ST CLAIR Aven E,,Major Arterial,Scarborough,43.716845,-79.25989,At Intersection,Traffic Signal,Rain,Dark,Wet,Non-Fatal Injury,Pedestrian Collisions,Driver,45 to 49,None,,South,"Automobile, Station Wagon",Turning Left,Failed to Yield Right of Way,Normal,,,,,,,Yes,,Yes,,,,,,,Yes,,,,120,Clairlea-Birchmount,120,Clairlea-Birchmount (120),D41,640174.8292,4841894.5658
4633,5248070,1108321,5/29/2009 8:00:00 AM,2110,DANFORTH Road,ST CLAIR Aven E,,Major Arterial,Scarborough,43.716845,-79.25989,At Intersection,Traffic Signal,Rain,Dark,Wet,Non-Fatal Injury,Pedestrian Collisions,Pedestrian,55 to 59,Major,,North,Other,,,,Vehicle turns left while ped crosses with ROW at inter.,Crossing with right of way,Had Been Drinking,,,,Yes,,Yes,,,,,,,Yes,,,,120,Clairlea-Birchmount,120,Clairlea-Birchmount (120),D41,640174.8292,4841894.5658
4634,5244987,1107035,5/31/2009 8:00:00 AM,423,WESTON RD,EGLINTON AVE W,,Major Arterial,Etobicoke York,43.686945,-79.48949,At Intersection,Traffic Signal,Clear,Dark,Dry,Non-Fatal Injury,SMV Other,Passenger,unknown,Minor,,,Other,Other,,,,,,,,,,,Yes,,,,,Yes,,,,Yes,,115,Mount Dennis,115,Mount Dennis (115),D12,621739.6932,4838211.0671
4635,5244988,1107035,5/31/2009 8:00:00 AM,423,WESTON RD,EGLINTON AVE W,,Major Arterial,Etobicoke York,43.686945,-79.48949,At Intersection,Traffic Signal,Clear,Dark,Dry,Non-Fatal Injury,SMV Other,Driver,20 to 24,Major,,,"Automobile, Station Wagon",Going Ahead,,"Ability Impaired, Alcohol Over .08",,,,,,,,,Yes,,,,,Yes,,,,Yes,,115,Mount Dennis,115,Mount Dennis (115),D12,621739.6932,4838211.0671
4636,5258211,1112907,6/1/2009 8:00:00 AM,1641,EASTERN AVE,QUEEN ST E,,Minor Arterial,Toronto and East York,43.666745,-79.31479,At Intersection,Stop Sign,Clear,Daylight,Dry,Non-Fatal Injury,Pedestrian Collisions,Driver,35 to 39,Minor,,North,"Automobile, Station Wagon",Turning Right,Failed to Yield Right of Way,Inattentive,,,,,,,Yes,,Yes,,,,,,,Yes,,,,63,The Beaches,63,The Beaches (63),D55,635865.3863,4836238.8702
4637,5258212,1112907,6/1/2009 8:00:00 AM,1641,EASTERN AVE,QUEEN ST E,,Minor Arterial,Toronto and East York,43.666745,-79.31479,At Intersection,Stop Sign,Clear,Daylight,Dry,Non-Fatal Injury,Pedestrian Collisions,Pedestrian,35 to 39,Major,,West,Other,,,,Vehicle turns right while ped crosses with ROW at inter.,Crossing with right of way,Normal,,,,Yes,,Yes,,,,,,,Yes,,,,63,The Beaches,63,The Beaches (63),D55,635865.3863,4836238.8702
4638,5864472,1154355,6/2/2009 8:00:00 AM,820,MANOR RD E,MOUNT PLEASANT RD,,Major Arterial,North York,43.704245,-79.38859,,Traffic Signal,Clear,Daylight,Dry,Non-Fatal Injury,Cyclist Collisions,Driver,45 to 49,None,,West,"Automobile, Station Wagon",Stopped,Driving Properly,Inattentive,,,,,,,,Yes,Yes,,,,,,,,,,,174,South Eglinton-Davisville,104,Mount Pleasant West (104),D53,629834.4753,4840285.5397
4639,5864473,1154355,6/2/2009 8:00:00 AM,820,MANOR RD E,MOUNT PLEASANT RD,,Major Arterial,North York,43.704245,-79.38859,,Traffic Signal,Clear,Daylight,Dry,Non-Fatal Injury,Cyclist Collisions,Cyclist,20 to 24,Major,,West,Bicycle,Going Ahead,,,,,,Cyclist struck opened vehicle door,Driving Properly,Normal,,Yes,Yes,,,,,,,,,,,174,South Eglinton-Davisville,104,Mount Pleasant West (104),D53,629834.4753,4840285.5397
4640,5258543,1113047,6/2/2009 8:00:00 AM,1256,PRITCHARD Aven,MOULD Aven,,Local,Etobicoke York,43.670545,-79.48809,At Intersection,Stop Sign,Clear,Daylight,Dry,Non-Fatal Injury,Pedestrian Collisions,In-Line Skater,15 to 19,Major,,West,Other,Going Ahead,,,Other / Undefined,Crossing with right of way,Normal,,,,Yes,,,,,,,,,,,,,111,Rockcliffe-Smythe,111,Rockcliffe-Smythe (111),D12,621885.7285,4836391.6842
4641,5807569,1107544,6/2/2009 8:00:00 AM,2013,QUEEN St W,UNIVERSITY Ave,,Major Arterial,Toronto and East York,43.650845,-79.38659,At Intersection,Traffic Signal,Clear,Dark,Dry,Non-Fatal Injury,Pedestrian Collisions,Driver,55 to 59,Minimal,,South,"Automobile, Station Wagon",Slowing or Stopping,Driving Properly,Normal,,,,,,,Yes,,Yes,,,,,Yes,,Yes,Yes,,,170,Yonge-Bay Corridor,76,Bay Street Corridor (76),D52,630110.9864,4834357.8781
4642,5807570,1107544,6/2/2009 8:00:00 AM,2013,QUEEN St W,UNIVERSITY Ave,,Major Arterial,Toronto and East York,43.650845,-79.38659,At Intersection,Traffic Signal,Clear,Dark,Dry,Non-Fatal Injury,Pedestrian Collisions,Driver,60 to 64,Minor,,South,"Automobile, Station Wagon",Going Ahead,Driving Properly,Normal,,,,,,,Yes,,Yes,,,,,Yes,,Yes,Yes,,,170,Yonge-Bay Corridor,76,Bay Street Corridor (76),D52,630110.9864,4834357.8781
4643,5807571,1107544,6/2/2009 8:00:00 AM,2013,QUEEN St W,UNIVERSITY Ave,,Major Arterial,Toronto and East York,43.650845,-79.38659,At Intersection,Traffic Signal,Clear,Dark,Dry,Non-Fatal Injury,Pedestrian Collisions,Passenger,15 to 19,None,,,Other,,,,,,,,,,Yes,,Yes,,,,,Yes,,Yes,Yes,,,170,Yonge-Bay Corridor,76,Bay Street Corridor (76),D52,630110.9864,4834357.8781
4644,5807572,1107544,6/2/2009 8:00:00 AM,2013,QUEEN St W,UNIVERSITY Ave,,Major Arterial,Toronto and East York,43.650845,-79.38659,At Intersection,Traffic Signal,Clear,Dark,Dry,Non-Fatal Injury,Pedestrian Collisions,Passenger,15 to 19,Minimal,,,Other,,,,,,,,,,Yes,,Yes,,,,,Yes,,Yes,Yes,,,170,Yonge-Bay Corridor,76,Bay Street Corridor (76),D52,630110.9864,4834357.8781
4645,5807573,1107544,6/2/2009 8:00:00 AM,2013,QUEEN St W,UNIVERSITY Ave,,Major Arterial,Toronto and East York,43.650845,-79.38659,At Intersection,Traffic Signal,Clear,Dark,Dry,Non-Fatal Injury,Pedestrian Collisions,Vehicle Owner,unknown,,,,Other,,,,,,,,,,Yes,,Yes,,,,,Yes,,Yes,Yes,,,170,Yonge-Bay Corridor,76,Bay Street Corridor (76),D52,630110.9864,4834357.8781
4646,5807574,1107544,6/2/2009 8:00:00 AM,2013,QUEEN St W,UNIVERSITY Ave,,Major Arterial,Toronto and East York,43.650845,-79.38659,At Intersection,Traffic Signal,Clear,Dark,Dry,Non-Fatal Injury,Pedestrian Collisions,Driver,20 to 24,Minimal,,West,"Automobile, Station Wagon",Going Ahead,Disobeyed Traffic Control,Unknown,,,,,,,Yes,,Yes,,,,,Yes,,Yes,Yes,,,170,Yonge-Bay Corridor,76,Bay Street Corridor (76),D52,630110.9864,4834357.8781
4647,5807575,1107544,6/2/2009 8:00:00 AM,2013,QUEEN St W,UNIVERSITY Ave,,Major Arterial,Toronto and East York,43.650845,-79.38659,At Intersection,Traffic Signal,Clear,Dark,Dry,Non-Fatal Injury,Pedestrian Collisions,Pedestrian,20 to 24,Minimal,,,Other,,,,Pedestrian hit on sidewalk or shoulder,On Sidewalk or Shoulder,Normal,,,,Yes,,Yes,,,,,Yes,,Yes,Yes,,,170,Yonge-Bay Corridor,76,Bay Street Corridor (76),D52,630110.9864,4834357.8781
4648,5807576,1107544,6/2/2009 8:00:00 AM,2013,QUEEN St W,UNIVERSITY Ave,,Major Arterial,Toronto and East York,43.650845,-79.38659,At Intersection,Traffic Signal,Clear,Dark,Dry,Non-Fatal Injury,Pedestrian Collisions,Pedestrian,30 to 34,Major,,,Other,,,,Pedestrian hit on sidewalk or shoulder,On Sidewalk or Shoulder,Normal,,,,Yes,,Yes,,,,,Yes,,Yes,Yes,,,170,Yonge-Bay Corridor,76,Bay Street Corridor (76),D52,630110.9864,4834357.8781
4649,5807577,1107544,6/2/2009 8:00:00 AM,2013,QUEEN St W,UNIVERSITY Ave,,Major Arterial,Toronto and East York,43.650845,-79.38659,At Intersection,Traffic Signal,Clear,Dark,Dry,Non-Fatal Injury,Pedestrian Collisions,Pedestrian,25 to 29,Major,,,Other,,,,Pedestrian hit on sidewalk or shoulder,On Sidewalk or Shoulder,Normal,,,,Yes,,Yes,,,,,Yes,,Yes,Yes,,,170,Yonge-Bay Corridor,76,Bay Street Corridor (76),D52,630110.9864,4834357.8781
4650,5246677,1107752,6/3/2009 8:00:00 AM,1646,WILLIAM R ALLEN RD N,LAWRENCE W ALLEN X N RAMP W,,,North York,43.718145,-79.44519,,No Control,Clear,Daylight,Dry,Non-Fatal Injury,Rear End,Driver,30 to 34,Minimal,,South,"Automobile, Station Wagon",Slowing or Stopping,Following too Close,Normal,,,,,,,,,Yes,,,,,Yes,,Yes,,,,31,Yorkdale-Glen Park,31,Yorkdale-Glen Park (31),D32,625245.1029,4841742.2454
4651,5246678,1107752,6/3/2009 8:00:00 AM,1646,WILLIAM R ALLEN RD N,LAWRENCE W ALLEN X N RAMP W,,,North York,43.718145,-79.44519,,No Control,Clear,Daylight,Dry,Non-Fatal Injury,Rear End,Passenger,60 to 64,Major,,,"Automobile, Station Wagon",,,,,,,,,,,,Yes,,,,,Yes,,Yes,,,,31,Yorkdale-Glen Park,31,Yorkdale-Glen Park (31),D32,625245.1029,4841742.2454
4652,5246679,1107752,6/3/2009 8:00:00 AM,1646,WILLIAM R ALLEN RD N,LAWRENCE W ALLEN X N RAMP W,,,North York,43.718145,-79.44519,,No Control,Clear,Daylight,Dry,Non-Fatal Injury,Rear End,Driver,65 to 69,Minimal,,South,"Automobile, Station Wagon",Stopped,Driving Properly,Normal,,,,,,,,,Yes,,,,,Yes,,Yes,,,,31,Yorkdale-Glen Park,31,Yorkdale-Glen Park (31),D32,625245.1029,4841742.2454
4653,5247585,1108100,6/3/2009 8:00:00 AM,1750,EVANS Ave,ISLINGTON Ave,,Major Arterial,Etobicoke York,43.618345,-79.51129,At Intersection,Traffic Signal,Clear,Daylight,Dry,Non-Fatal Injury,Angle,Vehicle Owner,unknown,,,,Other,,,,,,,,,,,,Yes,,,,,Yes,Yes,Yes,Yes,,,160,Mimico-Queensway,17,Mimico (includes Humber Bay Shores) (17),D22,620119.386,4830560.3868
4654,5247586,1108100,6/3/2009 8:00:00 AM,1750,EVANS Ave,ISLINGTON Ave,,Major Arterial,Etobicoke York,43.618345,-79.51129,At Intersection,Traffic Signal,Clear,Daylight,Dry,Non-Fatal Injury,Angle,Driver,30 to 34,None,,East,"Automobile, Station Wagon",Going Ahead,Disobeyed Traffic Control,Unknown,,,,,,,,,Yes,,,,,Yes,Yes,Yes,Yes,,,160,Mimico-Queensway,17,Mimico (includes Humber Bay Shores) (17),D22,620119.386,4830560.3868
4655,5247587,1108100,6/3/2009 8:00:00 AM,1750,EVANS Ave,ISLINGTON Ave,,Major Arterial,Etobicoke York,43.618345,-79.51129,At Intersection,Traffic Signal,Clear,Daylight,Dry,Non-Fatal Injury,Angle,Passenger,0 to 4,Minor,,,Other,,,,,,,,,,,,Yes,,,,,Yes,Yes,Yes,Yes,,,160,Mimico-Queensway,17,Mimico (includes Humber Bay Shores) (17),D22,620119.386,4830560.3868
4656,5247588,1108100,6/3/2009 8:00:00 AM,1750,EVANS Ave,ISLINGTON Ave,,Major Arterial,Etobicoke York,43.618345,-79.51129,At Intersection,Traffic Signal,Clear,Daylight,Dry,Non-Fatal Injury,Angle,Passenger,35 to 39,Minor,,,Other,,,,,,,,,,,,Yes,,,,,Yes,Yes,Yes,Yes,,,160,Mimico-Queensway,17,Mimico (includes Humber Bay Shores) (17),D22,620119.386,4830560.3868
4657,5247589,1108100,6/3/2009 8:00:00 AM,1750,EVANS Ave,ISLINGTON Ave,,Major Arterial,Etobicoke York,43.618345,-79.51129,At Intersection,Traffic Signal,Clear,Daylight,Dry,Non-Fatal Injury,Angle,Vehicle Owner,unknown,,,,Other,,,,,,,,,,,,Yes,,,,,Yes,Yes,Yes,Yes,,,160,Mimico-Queensway,17,Mimico (includes Humber Bay Shores) (17),D22,620119.386,4830560.3868
4658,5247590,1108100,6/3/2009 8:00:00 AM,1750,EVANS Ave,ISLINGTON Ave,,Major Arterial,Etobicoke York,43.618345,-79.51129,At Intersection,Traffic Signal,Clear,Daylight,Dry,Non-Fatal Injury,Angle,Driver,40 to 44,Major,,North,"Automobile, Station Wagon",Going Ahead,Driving Properly,Normal,,,,,,,,,Yes,,,,,Yes,Yes,Yes,Yes,,,160,Mimico-Queensway,17,Mimico (includes Humber Bay Shores) (17),D22,620119.386,4830560.3868
4659,5259439,1113420,6/4/2009 8:00:00 AM,1258,FINCH Aven W,CLARKHILL Stre,,Major Arterial,North York,43.775445,-79.43499,At Intersection,Stop Sign,Clear,Daylight,Dry,Non-Fatal Injury,Turning Movement,Motorcycle Driver,45 to 49,Major,,West,Motorcycle,Going Ahead,Driving Properly,Normal,,,,,,,,,Yes,Yes,,,,,,,,,,37,Willowdale West,37,Willowdale West (37),D32,625946.5255,4848121.7176
4660,5259440,1113420,6/4/2009 8:00:00 AM,1258,FINCH Aven W,CLARKHILL Stre,,Major Arterial,North York,43.775445,-79.43499,At Intersection,Stop Sign,Clear,Daylight,Dry,Non-Fatal Injury,Turning Movement,Vehicle Owner,unknown,,,,Other,,,,,,,,,,,,Yes,Yes,,,,,,,,,,37,Willowdale West,37,Willowdale West (37),D32,625946.5255,4848121.7176
4661,5259441,1113420,6/4/2009 8:00:00 AM,1258,FINCH Aven W,CLARKHILL Stre,,Major Arterial,North York,43.775445,-79.43499,At Intersection,Stop Sign,Clear,Daylight,Dry,Non-Fatal Injury,Turning Movement,Driver,65 to 69,None,,East,"Automobile, Station Wagon",Making U Turn,Improper Turn,Normal,,,,,,,,,Yes,Yes,,,,,,,,,,37,Willowdale West,37,Willowdale West (37),D32,625946.5255,4848121.7176
4662,5860030,1107892,6/4/2009 8:00:00 AM,1400,DON VALLEY PARKWAY  S,BEECHWOOD DR,,Local,Toronto and East York,43.695998,-79.354053,Non Intersection,No Control,Clear,Daylight,Dry,Non-Fatal Injury,SMV Other,Passenger,25 to 29,Minimal,,,,,,,,,,,,,,,Yes,,,,,Yes,,,,,,57,Broadview North,57,Broadview North (57),D55,632635.4023,4839424.2631
4663,5860031,1107892,6/4/2009 8:00:00 AM,1400,DON VALLEY PARKWAY  S,BEECHWOOD DR,,Local,Toronto and East York,43.695998,-79.354053,Non Intersection,No Control,Clear,Daylight,Dry,Non-Fatal Injury,SMV Other,Driver,30 to 34,Major,,South,"Automobile, Station Wagon",Slowing or Stopping,Lost control,Inattentive,,,,,,,,,Yes,,,,,Yes,,,,,,57,Broadview North,57,Broadview North (57),D55,632635.4023,4839424.2631
4664,5860032,1107892,6/4/2009 8:00:00 AM,1400,DON VALLEY PARKWAY  S,BEECHWOOD DR,,Local,Toronto and East York,43.695998,-79.354053,Non Intersection,No Control,Clear,Daylight,Dry,Non-Fatal Injury,SMV Other,Driver,40 to 44,None,,South,"Automobile, Station Wagon",Slowing or Stopping,Driving Properly,Normal,,,,,,,,,Yes,,,,,Yes,,,,,,57,Broadview North,57,Broadview North (57),D55,632635.4023,4839424.2631
4665,5862099,1108205,6/4/2009 8:00:00 AM,2128,PARKSIDE DR,CONSTANCE ST,,Major Arterial,Toronto and East York,43.648245,-79.45769,,No Control,Clear,Dark,Dry,Non-Fatal Injury,Pedestrian Collisions,Passenger,5 to 9,Minimal,,,Other,,,,,,,,,,Yes,,Yes,,,,,Yes,,,,,,87,High Park-Swansea,87,High Park-Swansea (87),D11,624382.5463,4833960.0929
4666,5862100,1108205,6/4/2009 8:00:00 AM,2128,PARKSIDE DR,CONSTANCE ST,,Major Arterial,Toronto and East York,43.648245,-79.45769,,No Control,Clear,Dark,Dry,Non-Fatal Injury,Pedestrian Collisions,Driver,35 to 39,Minimal,,North,"Automobile, Station Wagon",Slowing or Stopping,Driving Properly,Normal,,,,,,,Yes,,Yes,,,,,Yes,,,,,,87,High Park-Swansea,87,High Park-Swansea (87),D11,624382.5463,4833960.0929
4667,5862101,1108205,6/4/2009 8:00:00 AM,2128,PARKSIDE DR,CONSTANCE ST,,Major Arterial,Toronto and East York,43.648245,-79.45769,,No Control,Clear,Dark,Dry,Non-Fatal Injury,Pedestrian Collisions,Passenger,30 to 34,Minimal,,,Other,,,,,,,,,,Yes,,Yes,,,,,Yes,,,,,,87,High Park-Swansea,87,High Park-Swansea (87),D11,624382.5463,4833960.0929
4668,5862102,1108205,6/4/2009 8:00:00 AM,2128,PARKSIDE DR,CONSTANCE ST,,Major Arterial,Toronto and East York,43.648245,-79.45769,,No Control,Clear,Dark,Dry,Non-Fatal Injury,Pedestrian Collisions,Driver,30 to 34,None,,South,"Automobile, Station Wagon",Turning Left,Lost control,Normal,,,,,,,Yes,,Yes,,,,,Yes,,,,,,87,High Park-Swansea,87,High Park-Swansea (87),D11,624382.5463,4833960.0929
4669,5862103,1108205,6/4/2009 8:00:00 AM,2128,PARKSIDE DR,CONSTANCE ST,,Major Arterial,Toronto and East York,43.648245,-79.45769,,No Control,Clear,Dark,Dry,Non-Fatal Injury,Pedestrian Collisions,Pedestrian,25 to 29,Major,,Unknown,Other,,,,Pedestrian hit on sidewalk or shoulder,On Sidewalk or Shoulder,Normal,,,,Yes,,Yes,,,,,Yes,,,,,,87,High Park-Swansea,87,High Park-Swansea (87),D11,624382.5463,4833960.0929