OBJECTID,INDEX,ACCNUM,DATE,TIME,STREET1,STREET2,OFFSET,ROAD_CLASS,DISTRICT,LATITUDE,LONGITUDE,ACCLOC,TRAFFCTL,VISIBILITY,LIGHT,RDSFCOND,ACCLASS,IMPACTYPE,INVTYPE,INVAGE,INJURY,FATAL_NO,INITDIR,VEHTYPE,MANOEUVER,DRIVACT,DRIVCOND,PEDTYPE,PEDACT,PEDCOND,CYCLISTYPE,CYCACT,CYCCOND,PEDESTRIAN,CYCLIST,AUTOMOBILE,MOTORCYCLE,TRUCK,TRSN_CITY_VEH,EMERG_VEH,PASSENGER,SPEEDING,AG_DRIV,REDLIGHT,ALCOHOL,DISABILITY,HOOD_158,NEIGHBOURHOOD_158,HOOD_140,NEIGHBOURHOOD_140,DIVISION,x,y
4670,5259536,1113455,6/5/2009 8:00:00 AM,1206,THE QUEENSWAY,CHARTWELL Road,,Major Arterial,Etobicoke York,43.624545,-79.51049,At Intersection,No Control,Clear,Daylight,Dry,Non-Fatal Injury,Turning Movement,Driver,80 to 84,None,,East,"Automobile, Station Wagon",Turning Left,Improper Turn,Normal,,,,,,,,,Yes,Yes,,,,,,,,,,16,Stonegate-Queensway,16,Stonegate-Queensway (16),D22,620171.5835,4831250.1304
4671,5259537,1113455,6/5/2009 8:00:00 AM,1206,THE QUEENSWAY,CHARTWELL Road,,Major Arterial,Etobicoke York,43.624545,-79.51049,At Intersection,No Control,Clear,Daylight,Dry,Non-Fatal Injury,Turning Movement,Motorcycle Driver,20 to 24,Major,,West,Motorcycle,Going Ahead,Driving Properly,Normal,,,,,,,,,Yes,Yes,,,,,,,,,,16,Stonegate-Queensway,16,Stonegate-Queensway (16),D22,620171.5835,4831250.1304
4672,5247781,1108193,6/5/2009 8:00:00 AM,1547,FINCH AVE W,HALESIA DR,,Major Arterial,Etobicoke York,43.733745,-79.60669,At Intersection,Traffic Signal,Clear,Daylight,Dry,Fatal,Turning Movement,Motorcycle Driver,35 to 39,Fatal,15,East,Motorcycle,Slowing or Stopping,Lost control,Unknown,,,,,,,,,Yes,Yes,,,,,,Yes,,,,1,West Humber-Clairville,1,West Humber-Clairville (1),D23,612206.5193,4843243.4789
4673,5247782,1108193,6/5/2009 8:00:00 AM,1547,FINCH AVE W,HALESIA DR,,Major Arterial,Etobicoke York,43.733745,-79.60669,At Intersection,Traffic Signal,Clear,Daylight,Dry,Fatal,Turning Movement,Driver,35 to 39,None,,West,"Automobile, Station Wagon",Turning Left,Failed to Yield Right of Way,Inattentive,,,,,,,,,Yes,Yes,,,,,,Yes,,,,1,West Humber-Clairville,1,West Humber-Clairville (1),D23,612206.5193,4843243.4789
4674,5259449,1113423,6/5/2009 8:00:00 AM,1830,1183 FINCH Ave W,,,Major Arterial,North York,43.765245,-79.48289,,Traffic Signal,Clear,Daylight,Dry,Non-Fatal Injury,Rear End,Vehicle Owner,unknown,,,,Other,,,,,,,,,,,,Yes,,,,,,,Yes,,,,27,York University Heights,27,York University Heights (27),D31,622112.4254,4846917.106
4675,5259450,1113423,6/5/2009 8:00:00 AM,1830,1183 FINCH Ave W,,,Major Arterial,North York,43.765245,-79.48289,,Traffic Signal,Clear,Daylight,Dry,Non-Fatal Injury,Rear End,Driver,20 to 24,Minimal,,East,"Automobile, Station Wagon",Going Ahead,Following too Close,Normal,,,,,,,,,Yes,,,,,,,Yes,,,,27,York University Heights,27,York University Heights (27),D31,622112.4254,4846917.106
4676,5259451,1113423,6/5/2009 8:00:00 AM,1830,1183 FINCH Ave W,,,Major Arterial,North York,43.765245,-79.48289,,Traffic Signal,Clear,Daylight,Dry,Non-Fatal Injury,Rear End,Driver,65 to 69,Major,,East,Other,Stopped,Driving Properly,Normal,,,,,,,,,Yes,,,,,,,Yes,,,,27,York University Heights,27,York University Heights (27),D31,622112.4254,4846917.106
4677,5260187,1113770,6/6/2009 8:00:00 AM,2009,COXWELL Ave,ROBBINS Ave,,Minor Arterial,Toronto and East York,43.670645,-79.31829,,No Control,Clear,Daylight,Dry,Non-Fatal Injury,Cyclist Collisions,Driver,40 to 44,None,,South,"Automobile, Station Wagon",Parked,Other,Inattentive,,,,,,,,Yes,Yes,,,,,,,,,,,64,Woodbine Corridor,64,Woodbine Corridor (64),D55,635574.4241,4836666.292
4678,5260188,1113770,6/6/2009 8:00:00 AM,2009,COXWELL Ave,ROBBINS Ave,,Minor Arterial,Toronto and East York,43.670645,-79.31829,,No Control,Clear,Daylight,Dry,Non-Fatal Injury,Cyclist Collisions,Cyclist,50 to 54,Major,,South,Bicycle,Going Ahead,,,,,,Cyclist struck opened vehicle door,Driving Properly,Normal,,Yes,Yes,,,,,,,,,,,64,Woodbine Corridor,64,Woodbine Corridor (64),D55,635574.4241,4836666.292
4679,5260677,1113980,6/7/2009 8:00:00 AM,1631,ISLINGTON Ave,ABERLADY Rd,,Major Arterial,Etobicoke York,43.630045,-79.51739,,No Control,Clear,Daylight,Dry,Non-Fatal Injury,SMV Other,Motorcycle Driver,35 to 39,Major,,North,Motorcycle,Going Ahead,Lost control,Normal,,,,,,,,,,Yes,,,,,,,,,,16,Stonegate-Queensway,16,Stonegate-Queensway (16),D22,619603.9881,4831851.0095
4680,5250037,1109235,6/9/2009 8:00:00 AM,1613,CUMMER Aven,BAYVIEW Aven,,Major Arterial,North York,43.792245,-79.39359,At Intersection,Traffic Signal,Clear,Daylight,Dry,Non-Fatal Injury,Pedestrian Collisions,Pedestrian,60 to 64,Major,,North,Other,,,,Vehicle is going straight thru inter.while ped cross without ROW,Crossing without right of way,Inattentive,,,,Yes,,Yes,,,,,,,,,,,50,Newtonbrook East,50,Newtonbrook East (50),D32,629242.0747,4850051.4275
4681,5250038,1109235,6/9/2009 8:00:00 AM,1613,CUMMER Aven,BAYVIEW Aven,,Major Arterial,North York,43.792245,-79.39359,At Intersection,Traffic Signal,Clear,Daylight,Dry,Non-Fatal Injury,Pedestrian Collisions,Vehicle Owner,unknown,,,,Other,,,,,,,,,,Yes,,Yes,,,,,,,,,,,50,Newtonbrook East,50,Newtonbrook East (50),D32,629242.0747,4850051.4275
4682,5250039,1109235,6/9/2009 8:00:00 AM,1613,CUMMER Aven,BAYVIEW Aven,,Major Arterial,North York,43.792245,-79.39359,At Intersection,Traffic Signal,Clear,Daylight,Dry,Non-Fatal Injury,Pedestrian Collisions,Driver,20 to 24,None,,West,"Automobile, Station Wagon",Going Ahead,Driving Properly,Normal,,,,,,,Yes,,Yes,,,,,,,,,,,50,Newtonbrook East,50,Newtonbrook East (50),D32,629242.0747,4850051.4275
4683,5248953,1108724,6/10/2009 8:00:00 AM,1546,EGLINTON AVE W,OLD PARK RD,,Major Arterial,North York,43.699845,-79.43099,,Traffic Signal,Clear,Daylight,Dry,Non-Fatal Injury,Pedestrian Collisions,Vehicle Owner,unknown,,,,Other,,,,,,,,,,Yes,,Yes,,,,,,,,,,,102,Forest Hill North,102,Forest Hill North (102),D13,626427.4395,4839731.3292
4684,5248954,1108724,6/10/2009 8:00:00 AM,1546,EGLINTON AVE W,OLD PARK RD,,Major Arterial,North York,43.699845,-79.43099,,Traffic Signal,Clear,Daylight,Dry,Non-Fatal Injury,Pedestrian Collisions,Driver,50 to 54,None,,West,"Automobile, Station Wagon",Going Ahead,Driving Properly,Normal,,,,,,,Yes,,Yes,,,,,,,,,,,102,Forest Hill North,102,Forest Hill North (102),D13,626427.4395,4839731.3292
4685,5248955,1108724,6/10/2009 8:00:00 AM,1546,EGLINTON AVE W,OLD PARK RD,,Major Arterial,North York,43.699845,-79.43099,,Traffic Signal,Clear,Daylight,Dry,Non-Fatal Injury,Pedestrian Collisions,Driver,50 to 54,None,,West,"Automobile, Station Wagon",Going Ahead,Driving Properly,Normal,,,,,,,Yes,,Yes,,,,,,,,,,,102,Forest Hill North,102,Forest Hill North (102),D13,626427.4395,4839731.3292
4686,5248956,1108724,6/10/2009 8:00:00 AM,1546,EGLINTON AVE W,OLD PARK RD,,Major Arterial,North York,43.699845,-79.43099,,Traffic Signal,Clear,Daylight,Dry,Non-Fatal Injury,Pedestrian Collisions,Pedestrian,40 to 44,Major,,South,Other,,,,Vehicle is going straight thru inter.while ped cross without ROW,Running onto Roadway,,,,,Yes,,Yes,,,,,,,,,,,102,Forest Hill North,102,Forest Hill North (102),D13,626427.4395,4839731.3292
4687,5253657,1110888,6/11/2009 8:00:00 AM,835,WELLINGTON ST W,YORK ST,,Minor Arterial,Toronto and East York,43.646545,-79.38299,At Intersection,Traffic Signal,Clear,Daylight,Dry,Non-Fatal Injury,Cyclist Collisions,Driver,unknown,None,,West,"Automobile, Station Wagon",Going Ahead,Driving Properly,Normal,,,,,,,,Yes,Yes,,,,,,,,,,,170,Yonge-Bay Corridor,76,Bay Street Corridor (76),D52,630410.6115,4833885.9577
4688,5253658,1110888,6/11/2009 8:00:00 AM,835,WELLINGTON ST W,YORK ST,,Minor Arterial,Toronto and East York,43.646545,-79.38299,At Intersection,Traffic Signal,Clear,Daylight,Dry,Non-Fatal Injury,Cyclist Collisions,Cyclist,40 to 44,Major,,West,Bicycle,Slowing or Stopping,,,,,,Cyclist and Driver travelling in same direction. One vehicle sideswipes the other.,Lost control,Normal,,Yes,Yes,,,,,,,,,,,170,Yonge-Bay Corridor,76,Bay Street Corridor (76),D52,630410.6115,4833885.9577
4689,5249609,1109028,6/11/2009 8:00:00 AM,1030,SOUTH KINGSWAY,THE QUEENSWAY,,Minor Arterial,Toronto and East York,43.634945,-79.47299,,No Control,Clear,Daylight,Dry,Non-Fatal Injury,Rear End,Passenger,55 to 59,Minimal,,,Other,,,,,,,,,,,,Yes,,,,,Yes,,,,,,87,High Park-Swansea,87,High Park-Swansea (87),D11,623175.813,4832460.1412
4690,5249610,1109028,6/11/2009 8:00:00 AM,1030,SOUTH KINGSWAY,THE QUEENSWAY,,Minor Arterial,Toronto and East York,43.634945,-79.47299,,No Control,Clear,Daylight,Dry,Non-Fatal Injury,Rear End,Passenger,unknown,Major,,,Other,,,,,,,,,,,,Yes,,,,,Yes,,,,,,87,High Park-Swansea,87,High Park-Swansea (87),D11,623175.813,4832460.1412
4691,5249611,1109028,6/11/2009 8:00:00 AM,1030,SOUTH KINGSWAY,THE QUEENSWAY,,Minor Arterial,Toronto and East York,43.634945,-79.47299,,No Control,Clear,Daylight,Dry,Non-Fatal Injury,Rear End,Driver,55 to 59,Minimal,,South,"Automobile, Station Wagon",Slowing or Stopping,Lost control,Normal,,,,,,,,,Yes,,,,,Yes,,,,,,87,High Park-Swansea,87,High Park-Swansea (87),D11,623175.813,4832460.1412
4692,5249612,1109028,6/11/2009 8:00:00 AM,1030,SOUTH KINGSWAY,THE QUEENSWAY,,Minor Arterial,Toronto and East York,43.634945,-79.47299,,No Control,Clear,Daylight,Dry,Non-Fatal Injury,Rear End,Vehicle Owner,unknown,,,,Other,,,,,,,,,,,,Yes,,,,,Yes,,,,,,87,High Park-Swansea,87,High Park-Swansea (87),D11,623175.813,4832460.1412
4693,5249613,1109028,6/11/2009 8:00:00 AM,1030,SOUTH KINGSWAY,THE QUEENSWAY,,Minor Arterial,Toronto and East York,43.634945,-79.47299,,No Control,Clear,Daylight,Dry,Non-Fatal Injury,Rear End,Driver,50 to 54,None,,South,"Automobile, Station Wagon",Stopped,Driving Properly,Normal,,,,,,,,,Yes,,,,,Yes,,,,,,87,High Park-Swansea,87,High Park-Swansea (87),D11,623175.813,4832460.1412
4694,5262301,1114683,6/12/2009 8:00:00 AM,1725,AMSTERDAM AVE,O CONNOR DR,,Major Arterial,Toronto and East York,43.714245,-79.30599,,No Control,Clear,Daylight,Dry,Non-Fatal Injury,Approaching,Motorcycle Driver,35 to 39,Major,,South,Motorcycle,Going Ahead,Improper Turn,Normal,,,,,,,,,Yes,Yes,,,,,,,,,,54,O'Connor-Parkview,54,O'Connor-Parkview (54),D55,636467.0958,4841528.8621
4695,5262302,1114683,6/12/2009 8:00:00 AM,1725,AMSTERDAM AVE,O CONNOR DR,,Major Arterial,Toronto and East York,43.714245,-79.30599,,No Control,Clear,Daylight,Dry,Non-Fatal Injury,Approaching,Driver,45 to 49,None,,North,"Automobile, Station Wagon",Going Ahead,Driving Properly,Normal,,,,,,,,,Yes,Yes,,,,,,,,,,54,O'Connor-Parkview,54,O'Connor-Parkview (54),D55,636467.0958,4841528.8621
4696,5249873,1109154,6/13/2009 8:00:00 AM,852,WILLIAM R ALLEN RD S,ELM RIDGE DR,,,North York,43.703345,-79.43799,,No Control,Clear,Daylight,Dry,Non-Fatal Injury,Rear End,Driver,45 to 49,Major,,South,"Automobile, Station Wagon",Slowing or Stopping,Driving Properly,Normal,,,,,,,,,Yes,,,,,Yes,,Yes,,,,102,Forest Hill North,102,Forest Hill North (102),D13,625856.0657,4840109.4025
4697,5249874,1109154,6/13/2009 8:00:00 AM,852,WILLIAM R ALLEN RD S,ELM RIDGE DR,,,North York,43.703345,-79.43799,,No Control,Clear,Daylight,Dry,Non-Fatal Injury,Rear End,Driver,40 to 44,Minimal,,South,"Automobile, Station Wagon",Stopped,Driving Properly,Normal,,,,,,,,,Yes,,,,,Yes,,Yes,,,,102,Forest Hill North,102,Forest Hill North (102),D13,625856.0657,4840109.4025
4698,5249875,1109154,6/13/2009 8:00:00 AM,852,WILLIAM R ALLEN RD S,ELM RIDGE DR,,,North York,43.703345,-79.43799,,No Control,Clear,Daylight,Dry,Non-Fatal Injury,Rear End,Passenger,15 to 19,Minimal,,,Other,,,,,,,,,,,,Yes,,,,,Yes,,Yes,,,,102,Forest Hill North,102,Forest Hill North (102),D13,625856.0657,4840109.4025
4699,5249876,1109154,6/13/2009 8:00:00 AM,852,WILLIAM R ALLEN RD S,ELM RIDGE DR,,,North York,43.703345,-79.43799,,No Control,Clear,Daylight,Dry,Non-Fatal Injury,Rear End,Driver,65 to 69,None,,South,"Automobile, Station Wagon",Unknown,Following too Close,Inattentive,,,,,,,,,Yes,,,,,Yes,,Yes,,,,102,Forest Hill North,102,Forest Hill North (102),D13,625856.0657,4840109.4025
4700,5262963,1114984,6/13/2009 8:00:00 AM,1818,DUPONT ST,SHAW ST,,Major Arterial,Toronto and East York,43.670545,-79.42659,,No Control,Clear,Daylight,Dry,Non-Fatal Injury,Turning Movement,Motorcycle Driver,35 to 39,Major,,East,Motorcycle,Slowing or Stopping,Driving Properly,Normal,,,,,,,,,Yes,Yes,,,,,,,,,,172,Dovercourt Village,93,Dovercourt-Wallace Emerson-Junction (93),D14,626843.7236,4836483.8838
4701,5262964,1114984,6/13/2009 8:00:00 AM,1818,DUPONT ST,SHAW ST,,Major Arterial,Toronto and East York,43.670545,-79.42659,,No Control,Clear,Daylight,Dry,Non-Fatal Injury,Turning Movement,Vehicle Owner,unknown,,,,Other,,,,,,,,,,,,Yes,Yes,,,,,,,,,,172,Dovercourt Village,93,Dovercourt-Wallace Emerson-Junction (93),D14,626843.7236,4836483.8838
4702,5262965,1114984,6/13/2009 8:00:00 AM,1818,DUPONT ST,SHAW ST,,Major Arterial,Toronto and East York,43.670545,-79.42659,,No Control,Clear,Daylight,Dry,Non-Fatal Injury,Turning Movement,Driver,15 to 19,None,,East,"Automobile, Station Wagon",Making U Turn,Improper Turn,Inattentive,,,,,,,,,Yes,Yes,,,,,,,,,,172,Dovercourt Village,93,Dovercourt-Wallace Emerson-Junction (93),D14,626843.7236,4836483.8838
4703,5250165,1109297,6/14/2009 8:00:00 AM,2206,THE QUEENSWAY,STEPHEN DR,,Major Arterial,Etobicoke York,43.630445,-79.48349,,No Control,Clear,Dark,Dry,Non-Fatal Injury,SMV Other,Passenger,30 to 34,Major,,,Other,,,,,,,,,,,,Yes,,,,,Yes,,,,Yes,,16,Stonegate-Queensway,16,Stonegate-Queensway (16),D22,622337.9559,4831944.8327
4704,5250166,1109297,6/14/2009 8:00:00 AM,2206,THE QUEENSWAY,STEPHEN DR,,Major Arterial,Etobicoke York,43.630445,-79.48349,,No Control,Clear,Dark,Dry,Non-Fatal Injury,SMV Other,Driver,30 to 34,Minimal,,East,"Automobile, Station Wagon",Going Ahead,Lost control,"Ability Impaired, Alcohol",,,,,,,,,Yes,,,,,Yes,,,,Yes,,16,Stonegate-Queensway,16,Stonegate-Queensway (16),D22,622337.9559,4831944.8327
4705,5792455,1109820,6/17/2009 8:00:00 AM,1708,KEELE ST,DUNDAS ST W,,Major Arterial,Toronto and East York,43.664945,-79.46439,,No Control,Rain,Daylight,Wet,Fatal,Pedestrian Collisions,Vehicle Owner,unknown,,,,Other,,,,,,,,,,Yes,,,,Yes,,,,,,,,,90,Junction Area,90,Junction Area (90),D11,623807.8822,4835804.8252
4706,5792456,1109820,6/17/2009 8:00:00 AM,1708,KEELE ST,DUNDAS ST W,,Major Arterial,Toronto and East York,43.664945,-79.46439,,No Control,Rain,Daylight,Wet,Fatal,Pedestrian Collisions,Truck Driver,60 to 64,None,,North,Truck - Open,Going Ahead,Driving Properly,Normal,,,,,,,Yes,,,,Yes,,,,,,,,,90,Junction Area,90,Junction Area (90),D11,623807.8822,4835804.8252
4707,5792457,1109820,6/17/2009 8:00:00 AM,1708,KEELE ST,DUNDAS ST W,,Major Arterial,Toronto and East York,43.664945,-79.46439,,No Control,Rain,Daylight,Wet,Fatal,Pedestrian Collisions,Pedestrian,85 to 89,Fatal,16,Unknown,Other,,,,Pedestrian hit at mid-block,Other,Normal,,,,Yes,,,,Yes,,,,,,,,,90,Junction Area,90,Junction Area (90),D11,623807.8822,4835804.8252
4708,5253911,1111004,6/17/2009 8:00:00 AM,1915,ST CLAIR AVE W,TWEEDSMUIR AVE,,Major Arterial,Toronto and East York,43.684145,-79.41339,,Traffic Signal,Rain,Dark,Wet,Non-Fatal Injury,Pedestrian Collisions,Driver,unknown,None,,East,"Automobile, Station Wagon",Reversing,Other,Unknown,,,,,,,Yes,,Yes,,,,,,,,,,,96,Casa Loma,96,Casa Loma (96),D13,627878.9865,4838014.6162
4709,5253912,1111004,6/17/2009 8:00:00 AM,1915,ST CLAIR AVE W,TWEEDSMUIR AVE,,Major Arterial,Toronto and East York,43.684145,-79.41339,,Traffic Signal,Rain,Dark,Wet,Non-Fatal Injury,Pedestrian Collisions,Pedestrian,80 to 84,Major,,South,Other,,,,Vehicle is reversing and hits pedestrian,Crossing with right of way,Normal,,,,Yes,,Yes,,,,,,,,,,,96,Casa Loma,96,Casa Loma (96),D13,627878.9865,4838014.6162
4710,5251737,1110013,6/18/2009 8:00:00 AM,2213,EGLINTON AVE W,MARTIN GROVE RD,,Major Arterial,Etobicoke York,43.674445,-79.56319,,Traffic Controller,Clear,Dark,Dry,Non-Fatal Injury,Turning Movement,Driver,40 to 44,Major,,East,"Automobile, Station Wagon",Turning Left,Failed to Yield Right of Way,Normal,,,,,,,,,Yes,,,,,,,Yes,,,,11,Eringate-Centennial-West Deane,11,Eringate-Centennial-West Deane (11),D22,615823.8381,4836717.2289
4711,5251738,1110013,6/18/2009 8:00:00 AM,2213,EGLINTON AVE W,MARTIN GROVE RD,,Major Arterial,Etobicoke York,43.674445,-79.56319,,Traffic Controller,Clear,Dark,Dry,Non-Fatal Injury,Turning Movement,Driver,20 to 24,Major,,West,"Automobile, Station Wagon",Going Ahead,Driving Properly,Normal,,,,,,,,,Yes,,,,,,,Yes,,,,11,Eringate-Centennial-West Deane,11,Eringate-Centennial-West Deane (11),D22,615823.8381,4836717.2289
4712,5265149,1115921,6/19/2009 8:00:00 AM,1030,MANNING AVE,BLOOR ST W,,Major Arterial,Toronto and East York,43.664245,-79.41609,,Traffic Signal,Clear,Daylight,Dry,Non-Fatal Injury,Pedestrian Collisions,Other,unknown,None,,South,Other,Parked,,,,,,,,,Yes,,Yes,,,,,,,,,,,95,Annex,95,Annex (95),D14,627703.5703,4835800.2937
4713,5265150,1115921,6/19/2009 8:00:00 AM,1030,MANNING AVE,BLOOR ST W,,Major Arterial,Toronto and East York,43.664245,-79.41609,,Traffic Signal,Clear,Daylight,Dry,Non-Fatal Injury,Pedestrian Collisions,Driver,70 to 74,None,,South,"Automobile, Station Wagon",Reversing,Other,Normal,,,,,,,Yes,,Yes,,,,,,,,,,,95,Annex,95,Annex (95),D14,627703.5703,4835800.2937
4714,5265151,1115921,6/19/2009 8:00:00 AM,1030,MANNING AVE,BLOOR ST W,,Major Arterial,Toronto and East York,43.664245,-79.41609,,Traffic Signal,Clear,Daylight,Dry,Non-Fatal Injury,Pedestrian Collisions,Pedestrian,40 to 44,Major,,,Other,,,,Vehicle is reversing and hits pedestrian,Playing or Working on Highway,Normal,,,,Yes,,Yes,,,,,,,,,,,95,Annex,95,Annex (95),D14,627703.5703,4835800.2937
4715,5265152,1115922,6/19/2009 8:00:00 AM,1430,COLLINGSBROOK BLVD,SOLWAY CRT,,Collector,Scarborough,43.790845,-79.31619,At Intersection,Stop Sign,Clear,Daylight,Dry,Non-Fatal Injury,Approaching,Driver,60 to 64,Major,,South,"Automobile, Station Wagon",Going Ahead,Driving Properly,Normal,,,,,,,,,Yes,,,,,,,,,Yes,,147,L'Amoreaux West,117,L'Amoreaux (117),D42,635472.4379,4850019.7064
4716,5265153,1115922,6/19/2009 8:00:00 AM,1430,COLLINGSBROOK BLVD,SOLWAY CRT,,Collector,Scarborough,43.790845,-79.31619,At Intersection,Stop Sign,Clear,Daylight,Dry,Non-Fatal Injury,Approaching,Vehicle Owner,unknown,,,,Other,,,,,,,,,,,,Yes,,,,,,,,,Yes,,147,L'Amoreaux West,117,L'Amoreaux (117),D42,635472.4379,4850019.7064
4717,5265154,1115922,6/19/2009 8:00:00 AM,1430,COLLINGSBROOK BLVD,SOLWAY CRT,,Collector,Scarborough,43.790845,-79.31619,At Intersection,Stop Sign,Clear,Daylight,Dry,Non-Fatal Injury,Approaching,Driver,35 to 39,Minimal,,North,"Automobile, Station Wagon",Going Ahead,Improper Lane Change,"Ability Impaired, Alcohol Over .08",,,,,,,,,Yes,,,,,,,,,Yes,,147,L'Amoreaux West,117,L'Amoreaux (117),D42,635472.4379,4850019.7064
4718,5252135,1110181,6/19/2009 8:00:00 AM,1844,PARLIAMENT ST,OAK ST,,Minor Arterial,Toronto and East York,43.660645,-79.36649,At Intersection,Pedestrian Crossover,Clear,Daylight,Dry,Non-Fatal Injury,Cyclist Collisions,Passenger,30 to 34,None,,,Other,,,,,,,,,,,Yes,Yes,,,,,Yes,,Yes,,,,72,Regent Park,72,Regent Park (72),D51,631710.5104,4835478.0097
4719,5252136,1110181,6/19/2009 8:00:00 AM,1844,PARLIAMENT ST,OAK ST,,Minor Arterial,Toronto and East York,43.660645,-79.36649,At Intersection,Pedestrian Crossover,Clear,Daylight,Dry,Non-Fatal Injury,Cyclist Collisions,Driver,25 to 29,None,,South,"Automobile, Station Wagon",Going Ahead,Disobeyed Traffic Control,Inattentive,,,,,,,,Yes,Yes,,,,,Yes,,Yes,,,,72,Regent Park,72,Regent Park (72),D51,631710.5104,4835478.0097
4720,5252137,1110181,6/19/2009 8:00:00 AM,1844,PARLIAMENT ST,OAK ST,,Minor Arterial,Toronto and East York,43.660645,-79.36649,At Intersection,Pedestrian Crossover,Clear,Daylight,Dry,Non-Fatal Injury,Cyclist Collisions,Cyclist,5 to 9,Major,,West,Bicycle,Going Ahead,,,,,,Cyclist struck at PXO(cyclist either travel in same dir. as veh. or ride across xwalk),Other,Normal,,Yes,Yes,,,,,Yes,,Yes,,,,72,Regent Park,72,Regent Park (72),D51,631710.5104,4835478.0097
4721,5265277,1115973,6/20/2009 8:00:00 AM,2130,JANE ST,MACDONALD AVE,,Major Arterial,Etobicoke York,43.704445,-79.50419,,No Control,Clear,Dark,Dry,Non-Fatal Injury,Pedestrian Collisions,Vehicle Owner,unknown,,,,Other,,,,,,,,,,Yes,,Yes,,,,,,,,,,,28,Rustic,28,Rustic (28),D12,620519.8738,4840133.2066
4722,5265278,1115973,6/20/2009 8:00:00 AM,2130,JANE ST,MACDONALD AVE,,Major Arterial,Etobicoke York,43.704445,-79.50419,,No Control,Clear,Dark,Dry,Non-Fatal Injury,Pedestrian Collisions,Driver,35 to 39,None,,South,"Automobile, Station Wagon",Going Ahead,Driving Properly,Normal,,,,,,,Yes,,Yes,,,,,,,,,,,28,Rustic,28,Rustic (28),D12,620519.8738,4840133.2066
4723,5265279,1115973,6/20/2009 8:00:00 AM,2130,JANE ST,MACDONALD AVE,,Major Arterial,Etobicoke York,43.704445,-79.50419,,No Control,Clear,Dark,Dry,Non-Fatal Injury,Pedestrian Collisions,Pedestrian,0 to 4,Major,,,Other,,,,Other / Undefined,Running onto Roadway,Inattentive,,,,Yes,,Yes,,,,,,,,,,,28,Rustic,28,Rustic (28),D12,620519.8738,4840133.2066
4724,5265331,1116001,6/20/2009 8:00:00 AM,2152,COSBURN AVE,GREENWOOD AVE,,Minor Arterial,Toronto and East York,43.692045,-79.33779,At Intersection,Traffic Signal,Clear,Dark,Wet,Non-Fatal Injury,Pedestrian Collisions,Driver,45 to 49,None,,West,"Automobile, Station Wagon",Going Ahead,Driving Properly,Normal,,,,,,,Yes,,Yes,,,,,,,,,,,58,Old East York,58,Old East York (58),D55,633954.7396,4839011.3713
4725,5265332,1116001,6/20/2009 8:00:00 AM,2152,COSBURN AVE,GREENWOOD AVE,,Minor Arterial,Toronto and East York,43.692045,-79.33779,At Intersection,Traffic Signal,Clear,Dark,Wet,Non-Fatal Injury,Pedestrian Collisions,Pedestrian,15 to 19,Major,,,Other,,,,Vehicle is going straight thru inter.while ped cross without ROW,Running onto Roadway,Inattentive,,,,Yes,,Yes,,,,,,,,,,,58,Old East York,58,Old East York (58),D55,633954.7396,4839011.3713
4726,5252557,1110376,6/21/2009 8:00:00 AM,1600,WARDEN AVE,KINGSTON RD,,Major Arterial,Scarborough,43.687745,-79.27089,At Intersection,Traffic Signal,Clear,Daylight,Dry,Non-Fatal Injury,Cyclist Collisions,Driver,unknown,None,,South,"Automobile, Station Wagon",Going Ahead,Following too Close,Unknown,,,,,,,,Yes,Yes,,,,,,,Yes,,,,122,Birchcliffe-Cliffside,122,Birchcliffe-Cliffside (122),D41,639356.1216,4838644.0479
4727,5252558,1110376,6/21/2009 8:00:00 AM,1600,WARDEN AVE,KINGSTON RD,,Major Arterial,Scarborough,43.687745,-79.27089,At Intersection,Traffic Signal,Clear,Daylight,Dry,Non-Fatal Injury,Cyclist Collisions,Cyclist,45 to 49,Major,,South,Bicycle,Turning Right,,,,,,Cyclist and Driver travelling in same direction. One vehicle rear-ended the other.,Driving Properly,Had Been Drinking,,Yes,Yes,,,,,,,Yes,,,,122,Birchcliffe-Cliffside,122,Birchcliffe-Cliffside (122),D41,639356.1216,4838644.0479
4728,5266119,1116367,6/21/2009 8:00:00 AM,1838,DANFORTH AVE,WOODYCREST AVE,,Major Arterial,Toronto and East York,43.679545,-79.34179,,No Control,Clear,Daylight,Dry,Non-Fatal Injury,Cyclist Collisions,Driver,30 to 34,None,,East,"Automobile, Station Wagon",Parked,Other,Inattentive,,,,,,,,Yes,Yes,,,,,,,,,,,69,Blake-Jones,69,Blake-Jones (69),D55,633660.1423,4837616.619
4729,5266120,1116367,6/21/2009 8:00:00 AM,1838,DANFORTH AVE,WOODYCREST AVE,,Major Arterial,Toronto and East York,43.679545,-79.34179,,No Control,Clear,Daylight,Dry,Non-Fatal Injury,Cyclist Collisions,Cyclist,35 to 39,Major,,East,Bicycle,Overtaking,,,,,,Cyclist struck opened vehicle door,Driving Properly,Normal,,Yes,Yes,,,,,,,,,,,69,Blake-Jones,69,Blake-Jones (69),D55,633660.1423,4837616.619
4730,5245961,1107460,6/22/2009 8:00:00 AM,0,F G GARDINER XY  E,KIPLING AVE,,,Etobicoke York,43.618045,-79.52479,,No Control,Clear,Daylight,Dry,Non-Fatal Injury,Sideswipe,Motorcycle Driver,25 to 29,Major,,East,Motorcycle,Going Ahead,Driving Properly,Normal,,,,,,,,,Yes,Yes,,,,,Yes,Yes,,,,160,Mimico-Queensway,17,Mimico (includes Humber Bay Shores) (17),D22,619030.6955,4830507.6277