OBJECTID,INDEX,ACCNUM,DATE,TIME,STREET1,STREET2,OFFSET,ROAD_CLASS,DISTRICT,LATITUDE,LONGITUDE,ACCLOC,TRAFFCTL,VISIBILITY,LIGHT,RDSFCOND,ACCLASS,IMPACTYPE,INVTYPE,INVAGE,INJURY,FATAL_NO,INITDIR,VEHTYPE,MANOEUVER,DRIVACT,DRIVCOND,PEDTYPE,PEDACT,PEDCOND,CYCLISTYPE,CYCACT,CYCCOND,PEDESTRIAN,CYCLIST,AUTOMOBILE,MOTORCYCLE,TRUCK,TRSN_CITY_VEH,EMERG_VEH,PASSENGER,SPEEDING,AG_DRIV,REDLIGHT,ALCOHOL,DISABILITY,HOOD_158,NEIGHBOURHOOD_158,HOOD_140,NEIGHBOURHOOD_140,DIVISION,x,y
4731,5245962,1107460,6/22/2009 8:00:00 AM,0,F G GARDINER XY  E,KIPLING AVE,,,Etobicoke York,43.618045,-79.52479,,No Control,Clear,Daylight,Dry,Non-Fatal Injury,Sideswipe,Driver,40 to 44,None,,East,"Automobile, Station Wagon",Changing Lanes,Improper Lane Change,Normal,,,,,,,,,Yes,Yes,,,,,Yes,Yes,,,,160,Mimico-Queensway,17,Mimico (includes Humber Bay Shores) (17),D22,619030.6955,4830507.6277
4732,5252887,1110532,6/22/2009 8:00:00 AM,802,22 ELINOR AVE,,,Local,Scarborough,43.746045,-79.30139,,No Control,Clear,Daylight,Dry,Non-Fatal Injury,Rear End,Passenger,0 to 4,Major,,,Other,,,,,,,,,,,,Yes,,,,,Yes,,Yes,,,,119,Wexford/Maryvale,119,Wexford/Maryvale (119),D41,636765.2685,4845068.3053
4733,5252888,1110532,6/22/2009 8:00:00 AM,802,22 ELINOR AVE,,,Local,Scarborough,43.746045,-79.30139,,No Control,Clear,Daylight,Dry,Non-Fatal Injury,Rear End,Driver,25 to 29,Minor,,South,"Automobile, Station Wagon",Going Ahead,Following too Close,Normal,,,,,,,,,Yes,,,,,Yes,,Yes,,,,119,Wexford/Maryvale,119,Wexford/Maryvale (119),D41,636765.2685,4845068.3053
4734,5252889,1110532,6/22/2009 8:00:00 AM,802,22 ELINOR AVE,,,Local,Scarborough,43.746045,-79.30139,,No Control,Clear,Daylight,Dry,Non-Fatal Injury,Rear End,Vehicle Owner,unknown,,,,Other,,,,,,,,,,,,Yes,,,,,Yes,,Yes,,,,119,Wexford/Maryvale,119,Wexford/Maryvale (119),D41,636765.2685,4845068.3053
4735,5266668,1116599,6/22/2009 8:00:00 AM,1600,ST CLAIR AVE W,JANE ST,,Major Arterial,Etobicoke York,43.667145,-79.49179,,Traffic Signal,Clear,Daylight,Dry,Non-Fatal Injury,Pedestrian Collisions,Driver,65 to 69,None,,North,"Automobile, Station Wagon",Turning Left,Failed to Yield Right of Way,Unknown,,,,,,,Yes,,Yes,,,,,,,Yes,,,,111,Rockcliffe-Smythe,111,Rockcliffe-Smythe (111),D11,621594.3079,4836008.6397
4736,5266669,1116599,6/22/2009 8:00:00 AM,1600,ST CLAIR AVE W,JANE ST,,Major Arterial,Etobicoke York,43.667145,-79.49179,,Traffic Signal,Clear,Daylight,Dry,Non-Fatal Injury,Pedestrian Collisions,Pedestrian,55 to 59,Major,,South,Other,,,,Vehicle turns left while ped crosses with ROW at inter.,Crossing with right of way,Normal,,,,Yes,,Yes,,,,,,,Yes,,,,111,Rockcliffe-Smythe,111,Rockcliffe-Smythe (111),D11,621594.3079,4836008.6397
4737,5266649,1116589,6/22/2009 8:00:00 AM,2218,DANFORTH AVE,GREENWOOD AVE,,Major Arterial,Toronto and East York,43.681445,-79.33239,At Intersection,Traffic Signal,Clear,Dark,Dry,Non-Fatal Injury,Turning Movement,Passenger,25 to 29,Major,,,Other,,,,,,,,,,,,Yes,Yes,,,,Yes,,,,,,69,Blake-Jones,69,Blake-Jones (69),D55,634413.5955,4837842.8318
4738,5266650,1116589,6/22/2009 8:00:00 AM,2218,DANFORTH AVE,GREENWOOD AVE,,Major Arterial,Toronto and East York,43.681445,-79.33239,At Intersection,Traffic Signal,Clear,Dark,Dry,Non-Fatal Injury,Turning Movement,Motorcycle Driver,30 to 34,Minimal,,East,Motorcycle,Going Ahead,Driving Properly,Normal,,,,,,,,,Yes,Yes,,,,Yes,,,,,,69,Blake-Jones,69,Blake-Jones (69),D55,634413.5955,4837842.8318
4739,5266651,1116589,6/22/2009 8:00:00 AM,2218,DANFORTH AVE,GREENWOOD AVE,,Major Arterial,Toronto and East York,43.681445,-79.33239,At Intersection,Traffic Signal,Clear,Dark,Dry,Non-Fatal Injury,Turning Movement,Vehicle Owner,unknown,,,,Other,,,,,,,,,,,,Yes,Yes,,,,Yes,,,,,,69,Blake-Jones,69,Blake-Jones (69),D55,634413.5955,4837842.8318
4740,5266652,1116589,6/22/2009 8:00:00 AM,2218,DANFORTH AVE,GREENWOOD AVE,,Major Arterial,Toronto and East York,43.681445,-79.33239,At Intersection,Traffic Signal,Clear,Dark,Dry,Non-Fatal Injury,Turning Movement,Driver,40 to 44,None,,West,"Automobile, Station Wagon",Turning Left,Improper Turn,Inattentive,,,,,,,,,Yes,Yes,,,,Yes,,,,,,69,Blake-Jones,69,Blake-Jones (69),D55,634413.5955,4837842.8318
4741,5252924,1110560,6/22/2009 8:00:00 AM,2350,F G GARDINER Expr W,DUFFERIN Stre,,,Toronto and East York,43.634945,-79.42139,,No Control,Clear,Dark,Dry,Non-Fatal Injury,Rear End,Vehicle Owner,unknown,,,,"Automobile, Station Wagon",,,,,,,,,,,,Yes,,,,,,,Yes,,,,163,Fort York-Liberty Village,82,Niagara (82),D14,627338.1526,4832538.0034
4742,5252925,1110560,6/22/2009 8:00:00 AM,2350,F G GARDINER Expr W,DUFFERIN Stre,,,Toronto and East York,43.634945,-79.42139,,No Control,Clear,Dark,Dry,Non-Fatal Injury,Rear End,Driver,45 to 49,Minor,,West,"Automobile, Station Wagon",Stopped,Driving Properly,Normal,,,,,,,,,Yes,,,,,,,Yes,,,,163,Fort York-Liberty Village,82,Niagara (82),D14,627338.1526,4832538.0034
4743,5252926,1110560,6/22/2009 8:00:00 AM,2350,F G GARDINER Expr W,DUFFERIN Stre,,,Toronto and East York,43.634945,-79.42139,,No Control,Clear,Dark,Dry,Non-Fatal Injury,Rear End,Driver,35 to 39,Major,,West,"Automobile, Station Wagon",Going Ahead,Following too Close,Unknown,,,,,,,,,Yes,,,,,,,Yes,,,,163,Fort York-Liberty Village,82,Niagara (82),D14,627338.1526,4832538.0034
4744,5252927,1110560,6/22/2009 8:00:00 AM,2350,F G GARDINER Expr W,DUFFERIN Stre,,,Toronto and East York,43.634945,-79.42139,,No Control,Clear,Dark,Dry,Non-Fatal Injury,Rear End,Driver,25 to 29,Minor,,West,"Automobile, Station Wagon",Stopped,Driving Properly,Normal,,,,,,,,,Yes,,,,,,,Yes,,,,163,Fort York-Liberty Village,82,Niagara (82),D14,627338.1526,4832538.0034
4745,5253284,1110725,6/23/2009 8:00:00 AM,1449,BLOOR ST W,ST HELENS AVE,,Major Arterial,Toronto and East York,43.658045,-79.44399,At Intersection,Stop Sign,Clear,Daylight,Dry,Fatal,Pedestrian Collisions,Vehicle Owner,unknown,,,,Other,,,,,,,,,,Yes,,,,Yes,,,,,Yes,,,,83,Dufferin Grove,83,Dufferin Grove (83),D11,625467.0105,4835069.1349
4746,5253285,1110725,6/23/2009 8:00:00 AM,1449,BLOOR ST W,ST HELENS AVE,,Major Arterial,Toronto and East York,43.658045,-79.44399,At Intersection,Stop Sign,Clear,Daylight,Dry,Fatal,Pedestrian Collisions,Truck Driver,30 to 34,None,,North,Truck - Open,Turning Left,Failed to Yield Right of Way,Normal,,,,,,,Yes,,,,Yes,,,,,Yes,,,,83,Dufferin Grove,83,Dufferin Grove (83),D11,625467.0105,4835069.1349
4747,5253286,1110725,6/23/2009 8:00:00 AM,1449,BLOOR ST W,ST HELENS AVE,,Major Arterial,Toronto and East York,43.658045,-79.44399,At Intersection,Stop Sign,Clear,Daylight,Dry,Fatal,Pedestrian Collisions,Pedestrian,75 to 79,Fatal,17,West,Other,,,,Vehicle turns left while ped crosses with ROW at inter.,Crossing with right of way,Normal,,,,Yes,,,,Yes,,,,,Yes,,,,83,Dufferin Grove,83,Dufferin Grove (83),D11,625467.0105,4835069.1349
4748,5266944,1116707,6/23/2009 8:00:00 AM,1900,PALMERSTON AVE,DUNDAS ST W,,Major Arterial,Toronto and East York,43.651745,-79.40849,,Stop Sign,Clear,Daylight,Dry,Non-Fatal Injury,Pedestrian Collisions,Pedestrian,90 to 94,Major,,,Other,,,,Vehicle turns left while ped crosses with ROW at inter.,Crossing with right of way,Normal,,,,Yes,Yes,,,,,,,,,,,,81,Trinity-Bellwoods,81,Trinity-Bellwoods (81),D14,628342.9591,4834423.7305
4749,5266945,1116707,6/23/2009 8:00:00 AM,1900,PALMERSTON AVE,DUNDAS ST W,,Major Arterial,Toronto and East York,43.651745,-79.40849,,Stop Sign,Clear,Daylight,Dry,Non-Fatal Injury,Pedestrian Collisions,Cyclist,15 to 19,None,,East,Bicycle,Turning Left,,,,,,Cyclist strikes pedestrian.,Failed to Yield Right of Way,Normal,Yes,Yes,,,,,,,,,,,,81,Trinity-Bellwoods,81,Trinity-Bellwoods (81),D14,628342.9591,4834423.7305
4750,5253844,1110977,6/24/2009 8:00:00 AM,2144,WILLIAM R ALLEN RD S,RIDELLE AVE,,,North York,43.705745,-79.43909,,No Control,Clear,Dark,Dry,Non-Fatal Injury,Rear End,Motorcycle Driver,35 to 39,Major,,South,Motorcycle,Slowing or Stopping,Driving Properly,Normal,,,,,,,,,Yes,Yes,,,,,,Yes,,,,31,Yorkdale-Glen Park,31,Yorkdale-Glen Park (31),D13,625762.4158,4840374.2867
4751,5253845,1110977,6/24/2009 8:00:00 AM,2144,WILLIAM R ALLEN RD S,RIDELLE AVE,,,North York,43.705745,-79.43909,,No Control,Clear,Dark,Dry,Non-Fatal Injury,Rear End,Driver,25 to 29,None,,South,"Automobile, Station Wagon",Going Ahead,Following too Close,Normal,,,,,,,,,Yes,Yes,,,,,,Yes,,,,31,Yorkdale-Glen Park,31,Yorkdale-Glen Park (31),D13,625762.4158,4840374.2867
4752,5253846,1110977,6/24/2009 8:00:00 AM,2144,WILLIAM R ALLEN RD S,RIDELLE AVE,,,North York,43.705745,-79.43909,,No Control,Clear,Dark,Dry,Non-Fatal Injury,Rear End,Driver,25 to 29,None,,South,"Automobile, Station Wagon",Slowing or Stopping,Driving Properly,Normal,,,,,,,,,Yes,Yes,,,,,,Yes,,,,31,Yorkdale-Glen Park,31,Yorkdale-Glen Park (31),D13,625762.4158,4840374.2867
4753,5268125,1117245,6/25/2009 8:00:00 AM,1806,GLENHURST AVE,ROSENEATH GDNS,,Local,Toronto and East York,43.682245,-79.43459,,Stop Sign,Clear,Daylight,Dry,Non-Fatal Injury,Pedestrian Collisions,Driver,15 to 19,None,,East,"Automobile, Station Wagon",Going Ahead,Driving Properly,Normal,,,,,,,Yes,,Yes,,,,,,,,,,,107,Oakwood Village,107,Oakwood Village (107),D13,626174.257,4837771.1246
4754,5268126,1117245,6/25/2009 8:00:00 AM,1806,GLENHURST AVE,ROSENEATH GDNS,,Local,Toronto and East York,43.682245,-79.43459,,Stop Sign,Clear,Daylight,Dry,Non-Fatal Injury,Pedestrian Collisions,Pedestrian,5 to 9,Major,,South,Other,,,,Vehicle is going straight thru inter.while ped cross without ROW,Running onto Roadway,Inattentive,,,,Yes,,Yes,,,,,,,,,,,107,Oakwood Village,107,Oakwood Village (107),D13,626174.257,4837771.1246
4755,5270568,1118330,6/29/2009 8:00:00 AM,648,ALBION RD,WESTON RD,,Major Arterial,Etobicoke York,43.717445,-79.53839,,No Control,Clear,Daylight,Dry,Non-Fatal Injury,SMV Other,Driver,30 to 34,Major,,East,"Automobile, Station Wagon",Going Ahead,Lost control,Medical or Physical Disability,,,,,,,,,Yes,,,,,,,,,,Yes,23,Pelmo Park-Humberlea,23,Pelmo Park-Humberlea (23),D31,617738.8449,4841527.8881
4756,5270569,1118330,6/29/2009 8:00:00 AM,648,ALBION RD,WESTON RD,,Major Arterial,Etobicoke York,43.717445,-79.53839,,No Control,Clear,Daylight,Dry,Non-Fatal Injury,SMV Other,Other Property Owner,unknown,,,,Other,,,,,,,,,,,,Yes,,,,,,,,,,Yes,23,Pelmo Park-Humberlea,23,Pelmo Park-Humberlea (23),D31,617738.8449,4841527.8881
4757,5255424,1111668,6/29/2009 8:00:00 AM,1011,SHEPPARD AVE W,YEOMANS RD,,Major Arterial,North York,43.754545,-79.44319,,No Control,Clear,Daylight,Dry,Non-Fatal Injury,Pedestrian Collisions,Vehicle Owner,unknown,,,,Other,,,,,,,,,,Yes,,Yes,,,,,,,,,,,33,Clanton Park,33,Clanton Park (33),D32,625330.2503,4845788.0176
4758,5255425,1111668,6/29/2009 8:00:00 AM,1011,SHEPPARD AVE W,YEOMANS RD,,Major Arterial,North York,43.754545,-79.44319,,No Control,Clear,Daylight,Dry,Non-Fatal Injury,Pedestrian Collisions,Driver,20 to 24,None,,East,"Automobile, Station Wagon",Going Ahead,Driving Properly,Normal,,,,,,,Yes,,Yes,,,,,,,,,,,33,Clanton Park,33,Clanton Park (33),D32,625330.2503,4845788.0176
4759,5255426,1111668,6/29/2009 8:00:00 AM,1011,SHEPPARD AVE W,YEOMANS RD,,Major Arterial,North York,43.754545,-79.44319,,No Control,Clear,Daylight,Dry,Non-Fatal Injury,Pedestrian Collisions,Pedestrian,80 to 84,Major,,North,Other,,,,Vehicle is going straight thru inter.while ped cross without ROW,"Crossing, no Traffic Control",Inattentive,,,,Yes,,Yes,,,,,,,,,,,33,Clanton Park,33,Clanton Park (33),D32,625330.2503,4845788.0176
4760,5270558,1118326,6/29/2009 8:00:00 AM,1542,QUEEN ST W,CAMERON ST,,Major Arterial,Toronto and East York,43.648545,-79.39739,,No Control,Clear,Daylight,Wet,Non-Fatal Injury,Angle,Motorcycle Driver,50 to 54,Major,,West,Motorcycle,Going Ahead,Driving Properly,Normal,,,,,,,,,Yes,Yes,,,,,,,,,,164,Wellington Place,78,Kensington-Chinatown (78),D14,629244.9609,4834085.5562
4761,5270559,1118326,6/29/2009 8:00:00 AM,1542,QUEEN ST W,CAMERON ST,,Major Arterial,Toronto and East York,43.648545,-79.39739,,No Control,Clear,Daylight,Wet,Non-Fatal Injury,Angle,Vehicle Owner,unknown,,,,Other,,,,,,,,,,,,Yes,Yes,,,,,,,,,,164,Wellington Place,78,Kensington-Chinatown (78),D14,629244.9609,4834085.5562
4762,5270560,1118326,6/29/2009 8:00:00 AM,1542,QUEEN ST W,CAMERON ST,,Major Arterial,Toronto and East York,43.648545,-79.39739,,No Control,Clear,Daylight,Wet,Non-Fatal Injury,Angle,Driver,50 to 54,None,,East,"Automobile, Station Wagon",Reversing,Other,Normal,,,,,,,,,Yes,Yes,,,,,,,,,,164,Wellington Place,78,Kensington-Chinatown (78),D14,629244.9609,4834085.5562
4763,5270699,1118389,6/30/2009 8:00:00 AM,1158,AVENUE RD,GLENVIEW AVE,,Major Arterial,North York,43.717445,-79.41399,,No Control,Clear,Daylight,Dry,Non-Fatal Injury,Angle,Passenger,35 to 39,Minimal,,,Other,,,,,,,,,,,,Yes,,,,,Yes,,,,,,103,Lawrence Park South,103,Lawrence Park South (103),D53,627759.8775,4841712.1204
4764,5270700,1118389,6/30/2009 8:00:00 AM,1158,AVENUE RD,GLENVIEW AVE,,Major Arterial,North York,43.717445,-79.41399,,No Control,Clear,Daylight,Dry,Non-Fatal Injury,Angle,Vehicle Owner,unknown,,,,Other,,,,,,,,,,,,Yes,,,,,Yes,,,,,,103,Lawrence Park South,103,Lawrence Park South (103),D53,627759.8775,4841712.1204
4765,5270701,1118389,6/30/2009 8:00:00 AM,1158,AVENUE RD,GLENVIEW AVE,,Major Arterial,North York,43.717445,-79.41399,,No Control,Clear,Daylight,Dry,Non-Fatal Injury,Angle,Driver,45 to 49,Minimal,,North,"Automobile, Station Wagon",Going Ahead,Driving Properly,Normal,,,,,,,,,Yes,,,,,Yes,,,,,,103,Lawrence Park South,103,Lawrence Park South (103),D53,627759.8775,4841712.1204
4766,5270702,1118389,6/30/2009 8:00:00 AM,1158,AVENUE RD,GLENVIEW AVE,,Major Arterial,North York,43.717445,-79.41399,,No Control,Clear,Daylight,Dry,Non-Fatal Injury,Angle,Driver,50 to 54,Major,,South,"Automobile, Station Wagon",Going Ahead,Lost control,Normal,,,,,,,,,Yes,,,,,Yes,,,,,,103,Lawrence Park South,103,Lawrence Park South (103),D53,627759.8775,4841712.1204
4767,5792490,1111945,6/30/2009 8:00:00 AM,1930,5050 SHEPPARD AVE E,,,Major Arterial,Scarborough,43.793045,-79.24249,,No Control,Clear,Daylight,Dry,Fatal,Pedestrian Collisions,Vehicle Owner,unknown,,,,Other,,,,,,,,,,Yes,,,,,Yes,,,,Yes,,,,128,Agincourt South-Malvern West,128,Agincourt South-Malvern West (128),D42,641396.9151,4850387.3216
4768,5792491,1111945,6/30/2009 8:00:00 AM,1930,5050 SHEPPARD AVE E,,,Major Arterial,Scarborough,43.793045,-79.24249,,No Control,Clear,Daylight,Dry,Fatal,Pedestrian Collisions,Driver,50 to 54,None,,East,Municipal Transit Bus (TTC),Turning Left,Failed to Yield Right of Way,Inattentive,,,,,,,Yes,,,,,Yes,,,,Yes,,,,128,Agincourt South-Malvern West,128,Agincourt South-Malvern West (128),D42,641396.9151,4850387.3216
4769,5792492,1111945,6/30/2009 8:00:00 AM,1930,5050 SHEPPARD AVE E,,,Major Arterial,Scarborough,43.793045,-79.24249,,No Control,Clear,Daylight,Dry,Fatal,Pedestrian Collisions,Pedestrian,70 to 74,Fatal,24,East,Other,,,,Pedestrian involved in a collision with transit vehicle anywhere along roadway,On Sidewalk or Shoulder,Normal,,,,Yes,,,,,Yes,,,,Yes,,,,128,Agincourt South-Malvern West,128,Agincourt South-Malvern West (128),D42,641396.9151,4850387.3216
4770,5860334,1119631,7/1/2009 8:00:00 AM,2120,BAYVIEW AVE,BAYVIEW MEWS LANE,,Major Arterial,North York,43.769345,-79.38869,At Intersection,Traffic Signal,Clear,Dark,Dry,Non-Fatal Injury,Pedestrian Collisions,Vehicle Owner,unknown,,,,Other,,,,,,,,,,Yes,,Yes,,,,,Yes,,Yes,Yes,,,152,East Willowdale,51,Willowdale East (51),D32,629685.8056,4847515.6918
4771,5860335,1119631,7/1/2009 8:00:00 AM,2120,BAYVIEW AVE,BAYVIEW MEWS LANE,,Major Arterial,North York,43.769345,-79.38869,At Intersection,Traffic Signal,Clear,Dark,Dry,Non-Fatal Injury,Pedestrian Collisions,Driver,65 to 69,None,,South,"Automobile, Station Wagon",Turning Left,Failed to Yield Right of Way,Normal,,,,,,,Yes,,Yes,,,,,Yes,,Yes,Yes,,,152,East Willowdale,51,Willowdale East (51),D32,629685.8056,4847515.6918
4772,5860336,1119631,7/1/2009 8:00:00 AM,2120,BAYVIEW AVE,BAYVIEW MEWS LANE,,Major Arterial,North York,43.769345,-79.38869,At Intersection,Traffic Signal,Clear,Dark,Dry,Non-Fatal Injury,Pedestrian Collisions,Passenger,20 to 24,Minimal,,,Other,,,,,,,,,,Yes,,Yes,,,,,Yes,,Yes,Yes,,,152,East Willowdale,51,Willowdale East (51),D32,629685.8056,4847515.6918
4773,5860337,1119631,7/1/2009 8:00:00 AM,2120,BAYVIEW AVE,BAYVIEW MEWS LANE,,Major Arterial,North York,43.769345,-79.38869,At Intersection,Traffic Signal,Clear,Dark,Dry,Non-Fatal Injury,Pedestrian Collisions,Driver,20 to 24,None,,North,"Automobile, Station Wagon",Going Ahead,Disobeyed Traffic Control,Normal,,,,,,,Yes,,Yes,,,,,Yes,,Yes,Yes,,,152,East Willowdale,51,Willowdale East (51),D32,629685.8056,4847515.6918
4774,5860338,1119631,7/1/2009 8:00:00 AM,2120,BAYVIEW AVE,BAYVIEW MEWS LANE,,Major Arterial,North York,43.769345,-79.38869,At Intersection,Traffic Signal,Clear,Dark,Dry,Non-Fatal Injury,Pedestrian Collisions,Other Property Owner,unknown,,,,Other,,,,,,,,,,Yes,,Yes,,,,,Yes,,Yes,Yes,,,152,East Willowdale,51,Willowdale East (51),D32,629685.8056,4847515.6918
4775,5860339,1119631,7/1/2009 8:00:00 AM,2120,BAYVIEW AVE,BAYVIEW MEWS LANE,,Major Arterial,North York,43.769345,-79.38869,At Intersection,Traffic Signal,Clear,Dark,Dry,Non-Fatal Injury,Pedestrian Collisions,Pedestrian,50 to 54,Major,,,Other,,,,Pedestrian hit on sidewalk or shoulder,On Sidewalk or Shoulder,Normal,,,,Yes,,Yes,,,,,Yes,,Yes,Yes,,,152,East Willowdale,51,Willowdale East (51),D32,629685.8056,4847515.6918
4776,5260419,1113871,7/4/2009 8:00:00 AM,300,EGLINTON AVE W,DUFFERIN ST,,Major Arterial,North York,43.695945,-79.44909,,No Control,Clear,Dark,Dry,Non-Fatal Injury,Pedestrian Collisions,Driver,unknown,None,,West,"Automobile, Station Wagon",Going Ahead,Failed to Yield Right of Way,Unknown,,,,,,,Yes,,Yes,,,,,,,Yes,,,,107,Oakwood Village,108,Briar Hill-Belgravia (108),D13,624977.0693,4839270.7394
4777,5260420,1113871,7/4/2009 8:00:00 AM,300,EGLINTON AVE W,DUFFERIN ST,,Major Arterial,North York,43.695945,-79.44909,,No Control,Clear,Dark,Dry,Non-Fatal Injury,Pedestrian Collisions,Pedestrian,45 to 49,Major,,North,Other,,,,Pedestrian hit at mid-block,"Crossing, no Traffic Control",Normal,,,,Yes,,Yes,,,,,,,Yes,,,,107,Oakwood Village,108,Briar Hill-Belgravia (108),D13,624977.0693,4839270.7394
4778,5257704,1112683,7/6/2009 8:00:00 AM,2030,DON VALLEY PARKWAY  N,ST DENNIS DR,,,North York,43.718745,-79.32799,,No Control,Clear,Daylight,Dry,Fatal,SMV Other,Passenger,20 to 24,Minor,,,Other,,,,,,,,,,,,Yes,,,,,Yes,Yes,Yes,,,,44,Flemingdon Park,44,Flemingdon Park (44),D55,634684.7043,4841992.6651
4779,5257705,1112683,7/6/2009 8:00:00 AM,2030,DON VALLEY PARKWAY  N,ST DENNIS DR,,,North York,43.718745,-79.32799,,No Control,Clear,Daylight,Dry,Fatal,SMV Other,Passenger,20 to 24,Fatal,18,,Other,,,,,,,,,,,,Yes,,,,,Yes,Yes,Yes,,,,44,Flemingdon Park,44,Flemingdon Park (44),D55,634684.7043,4841992.6651
4780,5257706,1112683,7/6/2009 8:00:00 AM,2030,DON VALLEY PARKWAY  N,ST DENNIS DR,,,North York,43.718745,-79.32799,,No Control,Clear,Daylight,Dry,Fatal,SMV Other,Vehicle Owner,unknown,,,,Other,,,,,,,,,,,,Yes,,,,,Yes,Yes,Yes,,,,44,Flemingdon Park,44,Flemingdon Park (44),D55,634684.7043,4841992.6651
4781,5257707,1112683,7/6/2009 8:00:00 AM,2030,DON VALLEY PARKWAY  N,ST DENNIS DR,,,North York,43.718745,-79.32799,,No Control,Clear,Daylight,Dry,Fatal,SMV Other,Driver,20 to 24,Fatal,19,North,"Automobile, Station Wagon",Changing Lanes,Exceeding Speed Limit,Unknown,,,,,,,,,Yes,,,,,Yes,Yes,Yes,,,,44,Flemingdon Park,44,Flemingdon Park (44),D55,634684.7043,4841992.6651
4782,5274369,1120071,7/6/2009 8:00:00 AM,2030,FINCH AVE W,WILMINGTON AVE,,Major Arterial,North York,43.770245,-79.46069,At Intersection,Traffic Signal,Clear,Daylight,Dry,Non-Fatal Injury,Turning Movement,Driver,75 to 79,None,,West,"Automobile, Station Wagon",Turning Left,Improper Turn,Normal,,,,,,,,,Yes,Yes,,,,,Yes,Yes,Yes,,,34,Bathurst Manor,34,Bathurst Manor (34),D32,623888.9988,4847505.4061
4783,5274370,1120071,7/6/2009 8:00:00 AM,2030,FINCH AVE W,WILMINGTON AVE,,Major Arterial,North York,43.770245,-79.46069,At Intersection,Traffic Signal,Clear,Daylight,Dry,Non-Fatal Injury,Turning Movement,Motorcycle Driver,20 to 24,Major,,East,Motorcycle,Going Ahead,Disobeyed Traffic Control,Normal,,,,,,,,,Yes,Yes,,,,,Yes,Yes,Yes,,,34,Bathurst Manor,34,Bathurst Manor (34),D32,623888.9988,4847505.4061
4784,5274085,1119932,7/6/2009 8:00:00 AM,2235,BRIMLEY RD S,BLUFFERS PARK RD,,Collector,Scarborough,43.709545,-79.23849,,No Control,Clear,Dark,Dry,Non-Fatal Injury,Cyclist Collisions,Driver,20 to 24,None,,North,"Automobile, Station Wagon",Going Ahead,Driving Properly,Normal,,,,,,,,Yes,Yes,,,,,,,,,,,123,Cliffcrest,123,Cliffcrest (123),D43,641915.9617,4841120.2109
4785,5274086,1119932,7/6/2009 8:00:00 AM,2235,BRIMLEY RD S,BLUFFERS PARK RD,,Collector,Scarborough,43.709545,-79.23849,,No Control,Clear,Dark,Dry,Non-Fatal Injury,Cyclist Collisions,Cyclist,15 to 19,Major,,South,Bicycle,Going Ahead,,,,,,Cyclist falls off bike - no contact with motorist.,Lost control,Inattentive,,Yes,Yes,,,,,,,,,,,123,Cliffcrest,123,Cliffcrest (123),D43,641915.9617,4841120.2109
4786,5259758,1113557,7/10/2009 8:00:00 AM,1900,KEELE ST,VICTORY DR,,Major Arterial,North York,43.728545,-79.48249,,No Control,Clear,Daylight,Dry,Non-Fatal Injury,Pedestrian Collisions,Vehicle Owner,unknown,,,,Other,,,,,,,,,,Yes,,Yes,,,,,,,Yes,,,,155,Downsview,26,Downsview-Roding-CFB (26),D31,622219.2886,4842841.6248
4787,5259759,1113557,7/10/2009 8:00:00 AM,1900,KEELE ST,VICTORY DR,,Major Arterial,North York,43.728545,-79.48249,,No Control,Clear,Daylight,Dry,Non-Fatal Injury,Pedestrian Collisions,Driver,40 to 44,None,,North,"Automobile, Station Wagon",Going Ahead,Failed to Yield Right of Way,Inattentive,,,,,,,Yes,,Yes,,,,,,,Yes,,,,155,Downsview,26,Downsview-Roding-CFB (26),D31,622219.2886,4842841.6248
4788,5259760,1113557,7/10/2009 8:00:00 AM,1900,KEELE ST,VICTORY DR,,Major Arterial,North York,43.728545,-79.48249,,No Control,Clear,Daylight,Dry,Non-Fatal Injury,Pedestrian Collisions,Pedestrian,15 to 19,Major,,East,Other,,,,Vehicle is going straight thru inter.while ped cross with ROW,Crossing with right of way,Inattentive,,,,Yes,,Yes,,,,,,,Yes,,,,155,Downsview,26,Downsview-Roding-CFB (26),D31,622219.2886,4842841.6248
4789,5274973,1120288,7/10/2009 8:00:00 AM,2355,1144 ROYAL YORK RD,,,Minor Arterial,Etobicoke York,43.661045,-79.51739,,No Control,Clear,Dark,Dry,Non-Fatal Injury,Pedestrian Collisions,Driver,60 to 64,None,,South,"Automobile, Station Wagon",Going Ahead,Driving Properly,Normal,,,,,,,Yes,,Yes,,,,,,,,,,,9,Edenbridge-Humber Valley,9,Edenbridge-Humber Valley (9),D22,619542.4842,4835293.9526
4790,5274974,1120288,7/10/2009 8:00:00 AM,2355,1144 ROYAL YORK RD,,,Minor Arterial,Etobicoke York,43.661045,-79.51739,,No Control,Clear,Dark,Dry,Non-Fatal Injury,Pedestrian Collisions,Pedestrian,50 to 54,Major,,East,Other,,,,Pedestrian hit at mid-block,"Crossing, no Traffic Control","Ability Impaired, Alcohol Over .80",,,,Yes,,Yes,,,,,,,,,,,9,Edenbridge-Humber Valley,9,Edenbridge-Humber Valley (9),D22,619542.4842,4835293.9526
4791,5862257,1120462,7/11/2009 8:00:00 AM,559,WILSON AVE,ALLARD AVE,,Major Arterial,North York,43.737745,-79.42999,,No Control,Clear,Daylight,Dry,Non-Fatal Injury,SMV Other,Driver,60 to 64,Major,,East,"Automobile, Station Wagon",Going Ahead,Lost control,Fatigue,,,,,,,,,Yes,,,,,,,,,,,39,Bedford Park-Nortown,39,Bedford Park-Nortown (39),D32,626428.282,4843942.1886
4792,5269698,1117940,7/13/2009 8:00:00 AM,1440,STANLEY AVE,QUEENS AVE,,Local,Etobicoke York,43.614845,-79.49209,,No Control,Clear,Daylight,Dry,Non-Fatal Injury,Pedestrian Collisions,Driver,20 to 24,None,,East,"Automobile, Station Wagon",Going Ahead,Driving Properly,Normal,,,,,,,Yes,,Yes,,,,,,,,,,,160,Mimico-Queensway,17,Mimico (includes Humber Bay Shores) (17),D22,621675.647,4830199.6229