OBJECTID,INDEX,ACCNUM,DATE,TIME,STREET1,STREET2,OFFSET,ROAD_CLASS,DISTRICT,LATITUDE,LONGITUDE,ACCLOC,TRAFFCTL,VISIBILITY,LIGHT,RDSFCOND,ACCLASS,IMPACTYPE,INVTYPE,INVAGE,INJURY,FATAL_NO,INITDIR,VEHTYPE,MANOEUVER,DRIVACT,DRIVCOND,PEDTYPE,PEDACT,PEDCOND,CYCLISTYPE,CYCACT,CYCCOND,PEDESTRIAN,CYCLIST,AUTOMOBILE,MOTORCYCLE,TRUCK,TRSN_CITY_VEH,EMERG_VEH,PASSENGER,SPEEDING,AG_DRIV,REDLIGHT,ALCOHOL,DISABILITY,HOOD_158,NEIGHBOURHOOD_158,HOOD_140,NEIGHBOURHOOD_140,DIVISION,x,y
4793,5269699,1117940,7/13/2009 8:00:00 AM,1440,STANLEY AVE,QUEENS AVE,,Local,Etobicoke York,43.614845,-79.49209,,No Control,Clear,Daylight,Dry,Non-Fatal Injury,Pedestrian Collisions,Pedestrian,20 to 24,Major,,East,Other,,,,Pedestrian hit at mid-block,Other,Normal,,,,Yes,,Yes,,,,,,,,,,,160,Mimico-Queensway,17,Mimico (includes Humber Bay Shores) (17),D22,621675.647,4830199.6229
4794,5862258,1120474,7/13/2009 8:00:00 AM,1743,GERRARD ST E,MALVERN AVE,,Minor Arterial,Toronto and East York,43.685145,-79.29469,At Intersection,Traffic Signal,Clear,Daylight,Dry,Non-Fatal Injury,Pedestrian Collisions,Driver,45 to 49,None,,North,"Automobile, Station Wagon",Turning Right,Improper Turn,Normal,,,,,,,Yes,,Yes,,,,,,,,,,,62,East End-Danforth,62,East End-Danforth (62),D55,637443.8965,4838315.5602
4795,5862259,1120474,7/13/2009 8:00:00 AM,1743,GERRARD ST E,MALVERN AVE,,Minor Arterial,Toronto and East York,43.685145,-79.29469,At Intersection,Traffic Signal,Clear,Daylight,Dry,Non-Fatal Injury,Pedestrian Collisions,Pedestrian,15 to 19,Major,,West,Other,,,,Vehicle turns right while ped crosses with ROW at inter.,Crossing with right of way,Normal,,,,Yes,,Yes,,,,,,,,,,,62,East End-Danforth,62,East End-Danforth (62),D55,637443.8965,4838315.5602
4796,5260626,1113959,7/13/2009 8:00:00 AM,1825,FRONT ST W,SPADINA AVE,,Major Arterial,Toronto and East York,43.642745,-79.39389,At Intersection,Traffic Signal,Clear,Daylight,Dry,Non-Fatal Injury,Cyclist Collisions,Driver,30 to 34,None,,West,"Automobile, Station Wagon",Going Ahead,Driving Properly,Normal,,,,,,,,Yes,Yes,,,,,,,,,,,165,Harbourfront-CityPlace,77,Waterfront Communities-The Island (77),D52,629539.693,4833446.8477
4797,5260627,1113959,7/13/2009 8:00:00 AM,1825,FRONT ST W,SPADINA AVE,,Major Arterial,Toronto and East York,43.642745,-79.39389,At Intersection,Traffic Signal,Clear,Daylight,Dry,Non-Fatal Injury,Cyclist Collisions,Cyclist,30 to 34,Major,,North,Bicycle,Going Ahead,,,,,,"Cyclist without ROW rides into path of motorist at inter, lnwy, dwy-Cyclist not turn.",Disobeyed Traffic Control,Normal,,Yes,Yes,,,,,,,,,,,165,Harbourfront-CityPlace,77,Waterfront Communities-The Island (77),D52,629539.693,4833446.8477
4798,5865152,1120536,7/13/2009 8:00:00 AM,2028,EGLINTON AVE W,BATHURST ST,,Major Arterial,North York,43.700945,-79.42559,,Traffic Signal,Clear,Daylight,Dry,Non-Fatal Injury,Cyclist Collisions,Vehicle Owner,unknown,,,,Other,,,,,,,,,,,Yes,Yes,,,,,,,,,,,106,Humewood-Cedarvale,106,Humewood-Cedarvale (106),D13,626860.244,4839861.748
4799,5865153,1120536,7/13/2009 8:00:00 AM,2028,EGLINTON AVE W,BATHURST ST,,Major Arterial,North York,43.700945,-79.42559,,Traffic Signal,Clear,Daylight,Dry,Non-Fatal Injury,Cyclist Collisions,Driver,20 to 24,None,,North,"Automobile, Station Wagon",Turning Left,Driving Properly,Normal,,,,,,,,Yes,Yes,,,,,,,,,,,106,Humewood-Cedarvale,106,Humewood-Cedarvale (106),D13,626860.244,4839861.748
4800,5865154,1120536,7/13/2009 8:00:00 AM,2028,EGLINTON AVE W,BATHURST ST,,Major Arterial,North York,43.700945,-79.42559,,Traffic Signal,Clear,Daylight,Dry,Non-Fatal Injury,Cyclist Collisions,Cyclist,20 to 24,Major,,South,Bicycle,Going Ahead,,,,,,"Cyclist without ROW rides into path of motorist at inter, lnwy, dwy-Cyclist not turn.",Disobeyed Traffic Control,Normal,,Yes,Yes,,,,,,,,,,,106,Humewood-Cedarvale,106,Humewood-Cedarvale (106),D13,626860.244,4839861.748
4801,5792549,1114459,7/16/2009 8:00:00 AM,8,SHEPPARD AVE E,MCCOWAN RD,,Major Arterial,Scarborough,43.791045,-79.25189,,No Control,Clear,Dark,Dry,Non-Fatal Injury,Turning Movement,Vehicle Owner,unknown,,,,Other,,,,,,,,,,,,Yes,Yes,,,,,Yes,Yes,,,,128,Agincourt South-Malvern West,128,Agincourt South-Malvern West (128),D42,640645.3401,4850149.1732
4802,5792550,1114459,7/16/2009 8:00:00 AM,8,SHEPPARD AVE E,MCCOWAN RD,,Major Arterial,Scarborough,43.791045,-79.25189,,No Control,Clear,Dark,Dry,Non-Fatal Injury,Turning Movement,Driver,35 to 39,None,,East,"Automobile, Station Wagon",Turning Left,Improper Turn,Had Been Drinking,,,,,,,,,Yes,Yes,,,,,Yes,Yes,,,,128,Agincourt South-Malvern West,128,Agincourt South-Malvern West (128),D42,640645.3401,4850149.1732
4803,5792551,1114459,7/16/2009 8:00:00 AM,8,SHEPPARD AVE E,MCCOWAN RD,,Major Arterial,Scarborough,43.791045,-79.25189,,No Control,Clear,Dark,Dry,Non-Fatal Injury,Turning Movement,Motorcycle Driver,35 to 39,Major,,West,Motorcycle,Going Ahead,Exceeding Speed Limit,Normal,,,,,,,,,Yes,Yes,,,,,Yes,Yes,,,,128,Agincourt South-Malvern West,128,Agincourt South-Malvern West (128),D42,640645.3401,4850149.1732
4804,5860380,1121120,7/17/2009 8:00:00 AM,1009,HARBORD ST,SPADINA AVE,,Major Arterial,Toronto and East York,43.663045,-79.40209,At Intersection,Traffic Signal,Clear,Daylight,Dry,Non-Fatal Injury,Cyclist Collisions,Driver,35 to 39,None,,East,"Automobile, Station Wagon",Turning Right,Improper Turn,Normal,,,,,,,,Yes,Yes,,,,,,,,,,,79,University,79,University (79),D52,628834.9059,4835688.6629
4805,5860381,1121120,7/17/2009 8:00:00 AM,1009,HARBORD ST,SPADINA AVE,,Major Arterial,Toronto and East York,43.663045,-79.40209,At Intersection,Traffic Signal,Clear,Daylight,Dry,Non-Fatal Injury,Cyclist Collisions,Cyclist,25 to 29,Major,,East,Bicycle,Going Ahead,,,,,,Motorist turning right on red at signalized intersection strikes cyclist.,Driving Properly,Normal,,Yes,Yes,,,,,,,,,,,79,University,79,University (79),D52,628834.9059,4835688.6629
4806,5277389,1121287,7/18/2009 8:00:00 AM,242,RIVER ST,DUNDAS ST E,,Major Arterial,Toronto and East York,43.661145,-79.35819,At Intersection,Traffic Signal,Clear,Dark,Dry,Non-Fatal Injury,Cyclist Collisions,Vehicle Owner,unknown,,,,Other,,,,,,,,,,,Yes,Yes,,,,,,,,,,,72,Regent Park,72,Regent Park (72),D51,632378.6509,4835546.751
4807,5277390,1121287,7/18/2009 8:00:00 AM,242,RIVER ST,DUNDAS ST E,,Major Arterial,Toronto and East York,43.661145,-79.35819,At Intersection,Traffic Signal,Clear,Dark,Dry,Non-Fatal Injury,Cyclist Collisions,Driver,50 to 54,None,,North,"Automobile, Station Wagon",Going Ahead,Driving Properly,Normal,,,,,,,,Yes,Yes,,,,,,,,,,,72,Regent Park,72,Regent Park (72),D51,632378.6509,4835546.751
4808,5277391,1121287,7/18/2009 8:00:00 AM,242,RIVER ST,DUNDAS ST E,,Major Arterial,Toronto and East York,43.661145,-79.35819,At Intersection,Traffic Signal,Clear,Dark,Dry,Non-Fatal Injury,Cyclist Collisions,Cyclist,20 to 24,Major,,East,Bicycle,Going Ahead,,,,,,"Cyclist without ROW rides into path of motorist at inter, lnwy, dwy-Cyclist not turn.",Disobeyed Traffic Control,Inattentive,,Yes,Yes,,,,,,,,,,,72,Regent Park,72,Regent Park (72),D51,632378.6509,4835546.751
4809,5807665,1114902,7/18/2009 8:00:00 AM,1137,WOODBINE AVE,MORTIMER AVE,,Major Arterial,Toronto and East York,43.692745,-79.31589,At Intersection,Traffic Signal,Clear,Daylight,Dry,Fatal,Pedestrian Collisions,Passenger,20 to 24,None,,,Other,,,,,,,,,,Yes,,Yes,,,,,Yes,,,,,,59,Danforth East York,59,Danforth East York (59),D55,635718.065,4839124.7285
4810,5807666,1114902,7/18/2009 8:00:00 AM,1137,WOODBINE AVE,MORTIMER AVE,,Major Arterial,Toronto and East York,43.692745,-79.31589,At Intersection,Traffic Signal,Clear,Daylight,Dry,Fatal,Pedestrian Collisions,Vehicle Owner,unknown,,,,Other,,,,,,,,,,Yes,,Yes,,,,,Yes,,,,,,59,Danforth East York,59,Danforth East York (59),D55,635718.065,4839124.7285
4811,5807667,1114902,7/18/2009 8:00:00 AM,1137,WOODBINE AVE,MORTIMER AVE,,Major Arterial,Toronto and East York,43.692745,-79.31589,At Intersection,Traffic Signal,Clear,Daylight,Dry,Fatal,Pedestrian Collisions,Driver,40 to 44,None,,South,"Automobile, Station Wagon",Going Ahead,Driving Properly,Unknown,,,,,,,Yes,,Yes,,,,,Yes,,,,,,59,Danforth East York,59,Danforth East York (59),D55,635718.065,4839124.7285
4812,5807668,1114902,7/18/2009 8:00:00 AM,1137,WOODBINE AVE,MORTIMER AVE,,Major Arterial,Toronto and East York,43.692745,-79.31589,At Intersection,Traffic Signal,Clear,Daylight,Dry,Fatal,Pedestrian Collisions,Pedestrian,85 to 89,Fatal,20,West,Other,,,,Vehicle is going straight thru inter.while ped cross without ROW,Crossing without right of way,Inattentive,,,,Yes,,Yes,,,,,Yes,,,,,,59,Danforth East York,59,Danforth East York (59),D55,635718.065,4839124.7285
4813,5278145,1121596,7/18/2009 8:00:00 AM,1653,QUEEN ST E,SCARBORO BEACH BLVD,,Minor Arterial,Toronto and East York,43.671345,-79.29349,At Intersection,Stop Sign,Clear,Daylight,Dry,Non-Fatal Injury,Turning Movement,Vehicle Owner,unknown,,,,Other,,,,,,,,,,,,Yes,Yes,,,,,,Yes,,,,63,The Beaches,63,The Beaches (63),D55,637572.1502,4836784.8686
4814,5278146,1121596,7/18/2009 8:00:00 AM,1653,QUEEN ST E,SCARBORO BEACH BLVD,,Minor Arterial,Toronto and East York,43.671345,-79.29349,At Intersection,Stop Sign,Clear,Daylight,Dry,Non-Fatal Injury,Turning Movement,Driver,65 to 69,None,,North,"Automobile, Station Wagon",Turning Left,Failed to Yield Right of Way,Inattentive,,,,,,,,,Yes,Yes,,,,,,Yes,,,,63,The Beaches,63,The Beaches (63),D55,637572.1502,4836784.8686
4815,5278147,1121596,7/18/2009 8:00:00 AM,1653,QUEEN ST E,SCARBORO BEACH BLVD,,Minor Arterial,Toronto and East York,43.671345,-79.29349,At Intersection,Stop Sign,Clear,Daylight,Dry,Non-Fatal Injury,Turning Movement,Other,unknown,None,,West,Other,Parked,,,,,,,,,,,Yes,Yes,,,,,,Yes,,,,63,The Beaches,63,The Beaches (63),D55,637572.1502,4836784.8686
4816,5278148,1121596,7/18/2009 8:00:00 AM,1653,QUEEN ST E,SCARBORO BEACH BLVD,,Minor Arterial,Toronto and East York,43.671345,-79.29349,At Intersection,Stop Sign,Clear,Daylight,Dry,Non-Fatal Injury,Turning Movement,Motorcycle Driver,55 to 59,Major,,West,Motorcycle,Going Ahead,Driving Properly,Normal,,,,,,,,,Yes,Yes,,,,,,Yes,,,,63,The Beaches,63,The Beaches (63),D55,637572.1502,4836784.8686
4817,5278149,1121597,7/18/2009 8:00:00 AM,2110,CHURCH ST,LOMBARD ST,,Minor Arterial,Toronto and East York,43.651845,-79.37519,At Intersection,Stop Sign,Clear,Dark,Dry,Non-Fatal Injury,Pedestrian Collisions,Vehicle Owner,unknown,,,,Other,,,,,,,,,,Yes,,Yes,,,,,Yes,,Yes,,,,168,Downtown Yonge East,75,Church-Yonge Corridor (75),D51,631028.1572,4834486.8788
4818,5278150,1121597,7/18/2009 8:00:00 AM,2110,CHURCH ST,LOMBARD ST,,Minor Arterial,Toronto and East York,43.651845,-79.37519,At Intersection,Stop Sign,Clear,Dark,Dry,Non-Fatal Injury,Pedestrian Collisions,Driver,55 to 59,None,,West,"Automobile, Station Wagon",Going Ahead,Failed to Yield Right of Way,Normal,,,,,,,Yes,,Yes,,,,,Yes,,Yes,,,,168,Downtown Yonge East,75,Church-Yonge Corridor (75),D51,631028.1572,4834486.8788
4819,5278151,1121597,7/18/2009 8:00:00 AM,2110,CHURCH ST,LOMBARD ST,,Minor Arterial,Toronto and East York,43.651845,-79.37519,At Intersection,Stop Sign,Clear,Dark,Dry,Non-Fatal Injury,Pedestrian Collisions,Vehicle Owner,unknown,,,,Other,,,,,,,,,,Yes,,Yes,,,,,Yes,,Yes,,,,168,Downtown Yonge East,75,Church-Yonge Corridor (75),D51,631028.1572,4834486.8788
4820,5278152,1121597,7/18/2009 8:00:00 AM,2110,CHURCH ST,LOMBARD ST,,Minor Arterial,Toronto and East York,43.651845,-79.37519,At Intersection,Stop Sign,Clear,Dark,Dry,Non-Fatal Injury,Pedestrian Collisions,Passenger,20 to 24,Minimal,,,Other,,,,,,,,,,Yes,,Yes,,,,,Yes,,Yes,,,,168,Downtown Yonge East,75,Church-Yonge Corridor (75),D51,631028.1572,4834486.8788
4821,5278153,1121597,7/18/2009 8:00:00 AM,2110,CHURCH ST,LOMBARD ST,,Minor Arterial,Toronto and East York,43.651845,-79.37519,At Intersection,Stop Sign,Clear,Dark,Dry,Non-Fatal Injury,Pedestrian Collisions,Driver,25 to 29,None,,South,"Automobile, Station Wagon",Going Ahead,Driving Properly,Normal,,,,,,,Yes,,Yes,,,,,Yes,,Yes,,,,168,Downtown Yonge East,75,Church-Yonge Corridor (75),D51,631028.1572,4834486.8788
4822,5278154,1121597,7/18/2009 8:00:00 AM,2110,CHURCH ST,LOMBARD ST,,Minor Arterial,Toronto and East York,43.651845,-79.37519,At Intersection,Stop Sign,Clear,Dark,Dry,Non-Fatal Injury,Pedestrian Collisions,Pedestrian,20 to 24,Major,,South,Other,,,,Vehicle is going straight thru inter.while ped cross with ROW,Crossing with right of way,Normal,,,,Yes,,Yes,,,,,Yes,,Yes,,,,168,Downtown Yonge East,75,Church-Yonge Corridor (75),D51,631028.1572,4834486.8788
4823,5278155,1121597,7/18/2009 8:00:00 AM,2110,CHURCH ST,LOMBARD ST,,Minor Arterial,Toronto and East York,43.651845,-79.37519,At Intersection,Stop Sign,Clear,Dark,Dry,Non-Fatal Injury,Pedestrian Collisions,Pedestrian,20 to 24,Major,,South,Other,,,,Vehicle is going straight thru inter.while ped cross with ROW,Crossing with right of way,Normal,,,,Yes,,Yes,,,,,Yes,,Yes,,,,168,Downtown Yonge East,75,Church-Yonge Corridor (75),D51,631028.1572,4834486.8788
4824,5277874,1121495,7/20/2009 8:00:00 AM,1050,BLOOR ST W,PALMERSTON BLVD,,Major Arterial,Toronto and East York,43.664745,-79.41309,,No Control,Clear,Daylight,Dry,Non-Fatal Injury,Cyclist Collisions,Driver,45 to 49,None,,East,"Automobile, Station Wagon",Parked,Other,Normal,,,,,,,,Yes,Yes,,,,,,,,,,,95,Annex,95,Annex (95),D14,627944.3871,4835860.4476
4825,5277875,1121495,7/20/2009 8:00:00 AM,1050,BLOOR ST W,PALMERSTON BLVD,,Major Arterial,Toronto and East York,43.664745,-79.41309,,No Control,Clear,Daylight,Dry,Non-Fatal Injury,Cyclist Collisions,Cyclist,35 to 39,Major,,East,Bicycle,Going Ahead,,,,,,Cyclist struck opened vehicle door,Driving Properly,Normal,,Yes,Yes,,,,,,,,,,,95,Annex,95,Annex (95),D14,627944.3871,4835860.4476
4826,5264376,1115566,7/21/2009 8:00:00 AM,1720,BENTWORTH AVE,DUFFERIN ST,,Major Arterial,North York,43.721845,-79.45649,At Intersection,Traffic Signal,Rain,Daylight,Wet,Non-Fatal Injury,Pedestrian Collisions,Driver,45 to 49,None,,East,"Automobile, Station Wagon",Turning Left,Failed to Yield Right of Way,Normal,,,,,,,Yes,,Yes,,,,,,,Yes,,,,31,Yorkdale-Glen Park,31,Yorkdale-Glen Park (31),D32,624327.1894,4842136.1693
4827,5264377,1115566,7/21/2009 8:00:00 AM,1720,BENTWORTH AVE,DUFFERIN ST,,Major Arterial,North York,43.721845,-79.45649,At Intersection,Traffic Signal,Rain,Daylight,Wet,Non-Fatal Injury,Pedestrian Collisions,Pedestrian,80 to 84,Major,,West,Other,,,,Vehicle turns left while ped crosses with ROW at inter.,Crossing with right of way,Normal,,,,Yes,,Yes,,,,,,,Yes,,,,31,Yorkdale-Glen Park,31,Yorkdale-Glen Park (31),D32,624327.1894,4842136.1693
4828,5278907,1121910,7/23/2009 8:00:00 AM,128,DUNDAS ST W,SPADINA AVE,,Major Arterial,Toronto and East York,43.652945,-79.39799,,Traffic Signal,Rain,Dark,Wet,Non-Fatal Injury,Pedestrian Collisions,Driver,30 to 34,None,,East,"Automobile, Station Wagon",Going Ahead,Driving Properly,Normal,,,,,,,Yes,,Yes,,,,,,,,,,,78,Kensington-Chinatown,78,Kensington-Chinatown (78),D52,629187.1386,4834573.2995
4829,5278908,1121910,7/23/2009 8:00:00 AM,128,DUNDAS ST W,SPADINA AVE,,Major Arterial,Toronto and East York,43.652945,-79.39799,,Traffic Signal,Rain,Dark,Wet,Non-Fatal Injury,Pedestrian Collisions,Pedestrian,30 to 34,Major,,South,Other,,,,Vehicle is going straight thru inter.while ped cross without ROW,Running onto Roadway,Had Been Drinking,,,,Yes,,Yes,,,,,,,,,,,78,Kensington-Chinatown,78,Kensington-Chinatown (78),D52,629187.1386,4834573.2995
4830,5279819,1122296,7/24/2009 8:00:00 AM,1647,WOODBINE AVE,MILVERTON BLVD,,Major Arterial,Toronto and East York,43.689045,-79.31429,At Intersection,Pedestrian Crossover,Clear,Daylight,Dry,Non-Fatal Injury,Pedestrian Collisions,Driver,40 to 44,None,,West,"Automobile, Station Wagon",Turning Left,Failed to Yield Right of Way,Inattentive,,,,,,,Yes,,Yes,,,,,,,Yes,,,,59,Danforth East York,59,Danforth East York (59),D55,635855.3603,4838716.4117
4831,5279820,1122296,7/24/2009 8:00:00 AM,1647,WOODBINE AVE,MILVERTON BLVD,,Major Arterial,Toronto and East York,43.689045,-79.31429,At Intersection,Pedestrian Crossover,Clear,Daylight,Dry,Non-Fatal Injury,Pedestrian Collisions,Pedestrian,55 to 59,Major,,East,Other,,,,Pedestrian hit a PXO/ped. Mid-block signal,"Crossing, Pedestrian Crossover",Normal,,,,Yes,,Yes,,,,,,,Yes,,,,59,Danforth East York,59,Danforth East York (59),D55,635855.3603,4838716.4117
4832,5751164,1116082,7/25/2009 8:00:00 AM,350,VICTORIA PARK AVE,LAWRENCE AVE E,,Major Arterial,North York,43.742145,-79.30979,,Traffic Signal,Rain,Dark,Wet,Non-Fatal Injury,SMV Other,Passenger,20 to 24,Major,,,Other,,,,,,,,,,,,Yes,,,,,Yes,Yes,Yes,,,,119,Wexford/Maryvale,119,Wexford/Maryvale (119),D41,636097.7645,4844621.3176
4833,5751165,1116082,7/25/2009 8:00:00 AM,350,VICTORIA PARK AVE,LAWRENCE AVE E,,Major Arterial,North York,43.742145,-79.30979,,Traffic Signal,Rain,Dark,Wet,Non-Fatal Injury,SMV Other,Driver,unknown,Major,,North,"Automobile, Station Wagon",Going Ahead,Exceeding Speed Limit,Had Been Drinking,,,,,,,,,Yes,,,,,Yes,Yes,Yes,,,,119,Wexford/Maryvale,119,Wexford/Maryvale (119),D41,636097.7645,4844621.3176
4834,5751159,1116081,7/25/2009 8:00:00 AM,351,JANE ST,GORDON MACKAY RD,,Major Arterial,Etobicoke York,43.717045,-79.50769,,No Control,Clear,Dark,Dry,Non-Fatal Injury,Approaching,Driver,30 to 34,None,,South,Pick Up Truck,Going Ahead,Lost control,Fatigue,,,,,,,,,Yes,,,,,Yes,,Yes,,,,23,Pelmo Park-Humberlea,23,Pelmo Park-Humberlea (23),D12,620212.6785,4841527.5296
4835,5751160,1116081,7/25/2009 8:00:00 AM,351,JANE ST,GORDON MACKAY RD,,Major Arterial,Etobicoke York,43.717045,-79.50769,,No Control,Clear,Dark,Dry,Non-Fatal Injury,Approaching,Passenger,15 to 19,Major,,,Other,,,,,,,,,,,,Yes,,,,,Yes,,Yes,,,,23,Pelmo Park-Humberlea,23,Pelmo Park-Humberlea (23),D12,620212.6785,4841527.5296
4836,5751161,1116081,7/25/2009 8:00:00 AM,351,JANE ST,GORDON MACKAY RD,,Major Arterial,Etobicoke York,43.717045,-79.50769,,No Control,Clear,Dark,Dry,Non-Fatal Injury,Approaching,Passenger,15 to 19,Major,,,Other,,,,,,,,,,,,Yes,,,,,Yes,,Yes,,,,23,Pelmo Park-Humberlea,23,Pelmo Park-Humberlea (23),D12,620212.6785,4841527.5296
4837,5751162,1116081,7/25/2009 8:00:00 AM,351,JANE ST,GORDON MACKAY RD,,Major Arterial,Etobicoke York,43.717045,-79.50769,,No Control,Clear,Dark,Dry,Non-Fatal Injury,Approaching,Vehicle Owner,unknown,,,,Other,,,,,,,,,,,,Yes,,,,,Yes,,Yes,,,,23,Pelmo Park-Humberlea,23,Pelmo Park-Humberlea (23),D12,620212.6785,4841527.5296
4838,5751163,1116081,7/25/2009 8:00:00 AM,351,JANE ST,GORDON MACKAY RD,,Major Arterial,Etobicoke York,43.717045,-79.50769,,No Control,Clear,Dark,Dry,Non-Fatal Injury,Approaching,Driver,15 to 19,Major,,North,"Automobile, Station Wagon",Going Ahead,Driving Properly,Normal,,,,,,,,,Yes,,,,,Yes,,Yes,,,,23,Pelmo Park-Humberlea,23,Pelmo Park-Humberlea (23),D12,620212.6785,4841527.5296
4839,5765404,1122274,7/25/2009 8:00:00 AM,731,MARTIN GROVE RD,BETHRIDGE RD,,Major Arterial,Etobicoke York,43.712245,-79.58039,,No Control,Clear,Daylight,Dry,Non-Fatal Injury,Approaching,Vehicle Owner,unknown,,,,Other,,,,,,,,,,,,Yes,,,,,,,,,,,1,West Humber-Clairville,1,West Humber-Clairville (1),D23,614365.4348,4840891.5535
4840,5765405,1122274,7/25/2009 8:00:00 AM,731,MARTIN GROVE RD,BETHRIDGE RD,,Major Arterial,Etobicoke York,43.712245,-79.58039,,No Control,Clear,Daylight,Dry,Non-Fatal Injury,Approaching,Driver,30 to 34,Minor,,North,"Automobile, Station Wagon",Going Ahead,Driving Properly,Normal,,,,,,,,,Yes,,,,,,,,,,,1,West Humber-Clairville,1,West Humber-Clairville (1),D23,614365.4348,4840891.5535
4841,5765406,1122274,7/25/2009 8:00:00 AM,731,MARTIN GROVE RD,BETHRIDGE RD,,Major Arterial,Etobicoke York,43.712245,-79.58039,,No Control,Clear,Daylight,Dry,Non-Fatal Injury,Approaching,Vehicle Owner,unknown,,,,Other,,,,,,,,,,,,Yes,,,,,,,,,,,1,West Humber-Clairville,1,West Humber-Clairville (1),D23,614365.4348,4840891.5535
4842,5765407,1122274,7/25/2009 8:00:00 AM,731,MARTIN GROVE RD,BETHRIDGE RD,,Major Arterial,Etobicoke York,43.712245,-79.58039,,No Control,Clear,Daylight,Dry,Non-Fatal Injury,Approaching,Driver,40 to 44,Major,,South,"Automobile, Station Wagon",Going Ahead,Other,Inattentive,,,,,,,,,Yes,,,,,,,,,,,1,West Humber-Clairville,1,West Humber-Clairville (1),D23,614365.4348,4840891.5535
4843,5273576,1119725,7/26/2009 8:00:00 AM,236,3330 PHARMACY Aven,,,Minor Arterial,Scarborough,43.804445,-79.33099,,No Control,Clear,Dark,Dry,Non-Fatal Injury,Pedestrian Collisions,Vehicle Owner,unknown,,,,Other,,,,,,,,,,Yes,,Yes,,,,,,,,,,,116,Steeles,116,Steeles (116),D42,634251.2167,4851506.0851
4844,5273577,1119725,7/26/2009 8:00:00 AM,236,3330 PHARMACY Aven,,,Minor Arterial,Scarborough,43.804445,-79.33099,,No Control,Clear,Dark,Dry,Non-Fatal Injury,Pedestrian Collisions,Driver,unknown,None,,South,"Automobile, Station Wagon",Going Ahead,,,,,,,,,Yes,,Yes,,,,,,,,,,,116,Steeles,116,Steeles (116),D42,634251.2167,4851506.0851
4845,5273578,1119725,7/26/2009 8:00:00 AM,236,3330 PHARMACY Aven,,,Minor Arterial,Scarborough,43.804445,-79.33099,,No Control,Clear,Dark,Dry,Non-Fatal Injury,Pedestrian Collisions,Pedestrian,unknown,Major,,,Other,Other,,,,,,,,,Yes,,Yes,,,,,,,,,,,116,Steeles,116,Steeles (116),D42,634251.2167,4851506.0851
4846,5273579,1119725,7/26/2009 8:00:00 AM,236,3330 PHARMACY Aven,,,Minor Arterial,Scarborough,43.804445,-79.33099,,No Control,Clear,Dark,Dry,Non-Fatal Injury,Pedestrian Collisions,Pedestrian,unknown,Minimal,,,Other,Other,,,,,,,,,Yes,,Yes,,,,,,,,,,,116,Steeles,116,Steeles (116),D42,634251.2167,4851506.0851
4847,5269805,1117988,7/26/2009 8:00:00 AM,2300,WARDEN AVE,ELLESMERE RD,,Major Arterial,Scarborough,43.761145,-79.30079,At Intersection,Traffic Signal,Rain,Dark,Wet,Non-Fatal Injury,Pedestrian Collisions,Vehicle Owner,unknown,,,,Other,,,,,,,,,,Yes,,Yes,,,,,,,Yes,,,,119,Wexford/Maryvale,119,Wexford/Maryvale (119),D41,636779.1725,4846746.3802
4848,5269806,1117988,7/26/2009 8:00:00 AM,2300,WARDEN AVE,ELLESMERE RD,,Major Arterial,Scarborough,43.761145,-79.30079,At Intersection,Traffic Signal,Rain,Dark,Wet,Non-Fatal Injury,Pedestrian Collisions,Driver,40 to 44,None,,West,"Automobile, Station Wagon",Turning Right,Failed to Yield Right of Way,Normal,,,,,,,Yes,,Yes,,,,,,,Yes,,,,119,Wexford/Maryvale,119,Wexford/Maryvale (119),D41,636779.1725,4846746.3802
4849,5269807,1117988,7/26/2009 8:00:00 AM,2300,WARDEN AVE,ELLESMERE RD,,Major Arterial,Scarborough,43.761145,-79.30079,At Intersection,Traffic Signal,Rain,Dark,Wet,Non-Fatal Injury,Pedestrian Collisions,Pedestrian,40 to 44,Major,,East,Other,,,,Vehicle turns right while ped crosses with ROW at inter.,Crossing with right of way,Normal,,,,Yes,,Yes,,,,,,,Yes,,,,119,Wexford/Maryvale,119,Wexford/Maryvale (119),D41,636779.1725,4846746.3802
4850,5280221,1122468,7/28/2009 8:00:00 AM,1230,WINCOTT DR,SHEFFLEY CRES,,Collector,Etobicoke York,43.686445,-79.54919,,No Control,Clear,Daylight,Dry,Non-Fatal Injury,Cyclist Collisions,Driver,30 to 34,None,,North,"Automobile, Station Wagon",Going Ahead,Driving Properly,Normal,,,,,,,,Yes,Yes,,,,,,,,,,,7,Willowridge-Martingrove-Richview,7,Willowridge-Martingrove-Richview (7),D23,616929.0997,4838069.6309
4851,5280222,1122468,7/28/2009 8:00:00 AM,1230,WINCOTT DR,SHEFFLEY CRES,,Collector,Etobicoke York,43.686445,-79.54919,,No Control,Clear,Daylight,Dry,Non-Fatal Injury,Cyclist Collisions,Cyclist,35 to 39,Major,,South,Bicycle,Other,,,,,,"Cyclist loses control and strikes object (pole, ttc track)",Lost control,Normal,,Yes,Yes,,,,,,,,,,,7,Willowridge-Martingrove-Richview,7,Willowridge-Martingrove-Richview (7),D23,616929.0997,4838069.6309
4852,5280503,1122576,7/30/2009 8:00:00 AM,725,JOHN ST,WELLINGTON ST W,,Minor Arterial,Toronto and East York,43.645245,-79.38919,At Intersection,Traffic Signal,Clear,Daylight,Dry,Non-Fatal Injury,Angle,Vehicle Owner,unknown,,,,Other,,,,,,,,,,,,Yes,,,,,,,Yes,Yes,,,164,Wellington Place,77,Waterfront Communities-The Island (77),D52,629913.3833,4833731.8517