OBJECTID,INDEX,ACCNUM,DATE,TIME,STREET1,STREET2,OFFSET,ROAD_CLASS,DISTRICT,LATITUDE,LONGITUDE,ACCLOC,TRAFFCTL,VISIBILITY,LIGHT,RDSFCOND,ACCLASS,IMPACTYPE,INVTYPE,INVAGE,INJURY,FATAL_NO,INITDIR,VEHTYPE,MANOEUVER,DRIVACT,DRIVCOND,PEDTYPE,PEDACT,PEDCOND,CYCLISTYPE,CYCACT,CYCCOND,PEDESTRIAN,CYCLIST,AUTOMOBILE,MOTORCYCLE,TRUCK,TRSN_CITY_VEH,EMERG_VEH,PASSENGER,SPEEDING,AG_DRIV,REDLIGHT,ALCOHOL,DISABILITY,HOOD_158,NEIGHBOURHOOD_158,HOOD_140,NEIGHBOURHOOD_140,DIVISION,x,y
4853,5280504,1122576,7/30/2009 8:00:00 AM,725,JOHN ST,WELLINGTON ST W,,Minor Arterial,Toronto and East York,43.645245,-79.38919,At Intersection,Traffic Signal,Clear,Daylight,Dry,Non-Fatal Injury,Angle,Driver,35 to 39,Minimal,,North,"Automobile, Station Wagon",Going Ahead,Disobeyed Traffic Control,Inattentive,,,,,,,,,Yes,,,,,,,Yes,Yes,,,164,Wellington Place,77,Waterfront Communities-The Island (77),D52,629913.3833,4833731.8517
4854,5280505,1122576,7/30/2009 8:00:00 AM,725,JOHN ST,WELLINGTON ST W,,Minor Arterial,Toronto and East York,43.645245,-79.38919,At Intersection,Traffic Signal,Clear,Daylight,Dry,Non-Fatal Injury,Angle,Vehicle Owner,unknown,,,,Other,,,,,,,,,,,,Yes,,,,,,,Yes,Yes,,,164,Wellington Place,77,Waterfront Communities-The Island (77),D52,629913.3833,4833731.8517
4855,5280506,1122576,7/30/2009 8:00:00 AM,725,JOHN ST,WELLINGTON ST W,,Minor Arterial,Toronto and East York,43.645245,-79.38919,At Intersection,Traffic Signal,Clear,Daylight,Dry,Non-Fatal Injury,Angle,Driver,30 to 34,Major,,West,"Automobile, Station Wagon",Going Ahead,Driving Properly,Normal,,,,,,,,,Yes,,,,,,,Yes,Yes,,,164,Wellington Place,77,Waterfront Communities-The Island (77),D52,629913.3833,4833731.8517
4856,5280412,1122545,7/31/2009 8:00:00 AM,812,KINGSTON RD,MAIN ST,,Major Arterial,Toronto and East York,43.678845,-79.29799,At Intersection,Traffic Signal,Clear,Daylight,Dry,Non-Fatal Injury,Pedestrian Collisions,Vehicle Owner,unknown,,,,Other,,,,,,,,,,Yes,,Yes,,,,,,,,,,,63,The Beaches,63,The Beaches (63),D55,637192.2809,4837610.3935
4857,5280413,1122545,7/31/2009 8:00:00 AM,812,KINGSTON RD,MAIN ST,,Major Arterial,Toronto and East York,43.678845,-79.29799,At Intersection,Traffic Signal,Clear,Daylight,Dry,Non-Fatal Injury,Pedestrian Collisions,Driver,35 to 39,None,,West,"Automobile, Station Wagon",Going Ahead,Driving Properly,Normal,,,,,,,Yes,,Yes,,,,,,,,,,,63,The Beaches,63,The Beaches (63),D55,637192.2809,4837610.3935
4858,5280414,1122545,7/31/2009 8:00:00 AM,812,KINGSTON RD,MAIN ST,,Major Arterial,Toronto and East York,43.678845,-79.29799,At Intersection,Traffic Signal,Clear,Daylight,Dry,Non-Fatal Injury,Pedestrian Collisions,Pedestrian,40 to 44,Major,,South,Other,,,,Vehicle is going straight thru inter.while ped cross without ROW,Crossing without right of way,Normal,,,,Yes,,Yes,,,,,,,,,,,63,The Beaches,63,The Beaches (63),D55,637192.2809,4837610.3935
4859,5280938,1122728,8/1/2009 8:00:00 AM,636,ISLINGTON AVE,THE WESTWAY,,Major Arterial,Etobicoke York,43.688645,-79.54289,At Intersection,Traffic Signal,Clear,Daylight,Dry,Non-Fatal Injury,Angle,Passenger,50 to 54,Minimal,,,Other,,,,,,,,,,,,Yes,,,,,Yes,,Yes,Yes,,,6,Kingsview Village-The Westway,6,Kingsview Village-The Westway (6),D23,617432.5637,4838322.8721
4860,5280939,1122728,8/1/2009 8:00:00 AM,636,ISLINGTON AVE,THE WESTWAY,,Major Arterial,Etobicoke York,43.688645,-79.54289,At Intersection,Traffic Signal,Clear,Daylight,Dry,Non-Fatal Injury,Angle,Driver,45 to 49,Minor,,South,"Automobile, Station Wagon",Going Ahead,Disobeyed Traffic Control,Normal,,,,,,,,,Yes,,,,,Yes,,Yes,Yes,,,6,Kingsview Village-The Westway,6,Kingsview Village-The Westway (6),D23,617432.5637,4838322.8721
4861,5280940,1122728,8/1/2009 8:00:00 AM,636,ISLINGTON AVE,THE WESTWAY,,Major Arterial,Etobicoke York,43.688645,-79.54289,At Intersection,Traffic Signal,Clear,Daylight,Dry,Non-Fatal Injury,Angle,Driver,40 to 44,Major,,East,"Automobile, Station Wagon",Going Ahead,Driving Properly,Normal,,,,,,,,,Yes,,,,,Yes,,Yes,Yes,,,6,Kingsview Village-The Westway,6,Kingsview Village-The Westway (6),D23,617432.5637,4838322.8721
4862,5280965,1122739,8/1/2009 8:00:00 AM,703,QUEEN ST E,EASTERN AVE,,Major Arterial,Toronto and East York,43.667245,-79.31259,At Intersection,Traffic Signal,Clear,Daylight,Dry,Non-Fatal Injury,SMV Other,Driver,25 to 29,Major,,East,"Automobile, Station Wagon",Going Ahead,Exceeding Speed Limit,"Ability Impaired, Alcohol",,,,,,,,,Yes,,,,,,Yes,Yes,,Yes,,63,The Beaches,64,Woodbine Corridor (64),D55,636041.6277,4836298.0075
4863,5281072,1122775,8/1/2009 8:00:00 AM,740,MERTON ST,PAILTON CRES,,Collector,Toronto and East York,43.697645,-79.38879,,No Control,Clear,Daylight,Dry,Non-Fatal Injury,SMV Unattended Vehicle,Driver,60 to 64,Major,,East,"Automobile, Station Wagon",Going Ahead,Following too Close,Inattentive,,,,,,,,,Yes,,,,,,,Yes,,,,174,South Eglinton-Davisville,104,Mount Pleasant West (104),D53,629832.6061,4839552.204
4864,5281073,1122775,8/1/2009 8:00:00 AM,740,MERTON ST,PAILTON CRES,,Collector,Toronto and East York,43.697645,-79.38879,,No Control,Clear,Daylight,Dry,Non-Fatal Injury,SMV Unattended Vehicle,Other,unknown,None,,East,Other,Parked,,,,,,,,,,,Yes,,,,,,,Yes,,,,174,South Eglinton-Davisville,104,Mount Pleasant West (104),D53,629832.6061,4839552.204
4865,5280963,1122738,8/1/2009 8:00:00 AM,1310,JANE ST,FALSTAFF AVE,,Major Arterial,Etobicoke York,43.715445,-79.50719,At Intersection,Traffic Signal,Clear,Daylight,Dry,Non-Fatal Injury,Pedestrian Collisions,Driver,55 to 59,None,,West,"Automobile, Station Wagon",Turning Left,Failed to Yield Right of Way,Normal,,,,,,,Yes,,Yes,,,,,,,Yes,,,,28,Rustic,28,Rustic (28),D12,620256.1566,4841350.5525
4866,5280964,1122738,8/1/2009 8:00:00 AM,1310,JANE ST,FALSTAFF AVE,,Major Arterial,Etobicoke York,43.715445,-79.50719,At Intersection,Traffic Signal,Clear,Daylight,Dry,Non-Fatal Injury,Pedestrian Collisions,Pedestrian,70 to 74,Major,,East,Other,,,,Vehicle turns left while ped crosses with ROW at inter.,Crossing with right of way,Normal,,,,Yes,,Yes,,,,,,,Yes,,,,28,Rustic,28,Rustic (28),D12,620256.1566,4841350.5525
4867,5267526,1116959,8/2/2009 8:00:00 AM,2138,LAKE SHORE BLVD E,CHERRY ST,,Major Arterial,Toronto and East York,43.648645,-79.35259,,No Control,Clear,Dark,Dry,Non-Fatal Injury,SMV Other,Passenger,35 to 39,Minor,,,Other,,,,,,,,,,,,Yes,,,,,Yes,Yes,Yes,,,,166,St Lawrence-East Bayfront-The Islands,77,Waterfront Communities-The Island (77),D51,632857.7451,4834167.4105
4868,5267527,1116959,8/2/2009 8:00:00 AM,2138,LAKE SHORE BLVD E,CHERRY ST,,Major Arterial,Toronto and East York,43.648645,-79.35259,,No Control,Clear,Dark,Dry,Non-Fatal Injury,SMV Other,Driver,25 to 29,Major,,East,"Automobile, Station Wagon",Going Ahead,Lost control,Normal,,,,,,,,,Yes,,,,,Yes,Yes,Yes,,,,166,St Lawrence-East Bayfront-The Islands,77,Waterfront Communities-The Island (77),D51,632857.7451,4834167.4105
4869,5267771,1117084,8/3/2009 8:00:00 AM,1240,ROSEDALE VALLEY RD,BAYVIEW S ROSEDALE VL RAMP,,Minor Arterial,Toronto and East York,43.670045,-79.36089,,No Control,Clear,Daylight,Dry,Non-Fatal Injury,Approaching,Passenger,40 to 44,Minor,,,Other,,,,,,,,,,,,Yes,,,,,Yes,,,,,,71,Cabbagetown-South St.James Town,71,Cabbagetown-South St.James Town (71),D51,632141.4186,4836530.9112
4870,5267772,1117084,8/3/2009 8:00:00 AM,1240,ROSEDALE VALLEY RD,BAYVIEW S ROSEDALE VL RAMP,,Minor Arterial,Toronto and East York,43.670045,-79.36089,,No Control,Clear,Daylight,Dry,Non-Fatal Injury,Approaching,Driver,40 to 44,None,,West,"Automobile, Station Wagon",Going Ahead,Other,Normal,,,,,,,,,Yes,,,,,Yes,,,,,,71,Cabbagetown-South St.James Town,71,Cabbagetown-South St.James Town (71),D51,632141.4186,4836530.9112
4871,5267773,1117084,8/3/2009 8:00:00 AM,1240,ROSEDALE VALLEY RD,BAYVIEW S ROSEDALE VL RAMP,,Minor Arterial,Toronto and East York,43.670045,-79.36089,,No Control,Clear,Daylight,Dry,Non-Fatal Injury,Approaching,Driver,50 to 54,Major,,East,"Automobile, Station Wagon",Going Ahead,Other,Normal,,,,,,,,,Yes,,,,,Yes,,,,,,71,Cabbagetown-South St.James Town,71,Cabbagetown-South St.James Town (71),D51,632141.4186,4836530.9112
4872,5274329,1120053,8/4/2009 8:00:00 AM,1010,VICTORIA PARK AVE,BIGGIN CRT,,Major Arterial,North York,43.728845,-79.30439,At Intersection,Stop Sign,Clear,Daylight,Dry,Non-Fatal Injury,Turning Movement,Vehicle Owner,unknown,,,,Other,,,,,,,,,,,,Yes,,,,,,,,,,,43,Victoria Village,43,Victoria Village (43),D33,636562.8143,4843153.0407
4873,5274330,1120053,8/4/2009 8:00:00 AM,1010,VICTORIA PARK AVE,BIGGIN CRT,,Major Arterial,North York,43.728845,-79.30439,At Intersection,Stop Sign,Clear,Daylight,Dry,Non-Fatal Injury,Turning Movement,Driver,45 to 49,Minimal,,East,Other,Turning Left,Lost control,Normal,,,,,,,,,Yes,,,,,,,,,,,43,Victoria Village,43,Victoria Village (43),D33,636562.8143,4843153.0407
4874,5274331,1120053,8/4/2009 8:00:00 AM,1010,VICTORIA PARK AVE,BIGGIN CRT,,Major Arterial,North York,43.728845,-79.30439,At Intersection,Stop Sign,Clear,Daylight,Dry,Non-Fatal Injury,Turning Movement,Driver,30 to 34,Minimal,,South,"Automobile, Station Wagon",Going Ahead,Driving Properly,Normal,,,,,,,,,Yes,,,,,,,,,,,43,Victoria Village,43,Victoria Village (43),D33,636562.8143,4843153.0407
4875,5274332,1120053,8/4/2009 8:00:00 AM,1010,VICTORIA PARK AVE,BIGGIN CRT,,Major Arterial,North York,43.728845,-79.30439,At Intersection,Stop Sign,Clear,Daylight,Dry,Non-Fatal Injury,Turning Movement,Driver,40 to 44,Major,,South,"Automobile, Station Wagon",Going Ahead,Driving Properly,Normal,,,,,,,,,Yes,,,,,,,,,,,43,Victoria Village,43,Victoria Village (43),D33,636562.8143,4843153.0407
4876,5306314,1144058,8/5/2009 8:00:00 AM,820,3 DUFFIELD Rd,,,Local,Etobicoke York,43.690545,-79.53199,,No Control,Clear,Daylight,Dry,Non-Fatal Injury,SMV Unattended Vehicle,Vehicle Owner,unknown,,,,Other,,,,,,,,,,,,Yes,,,,,,,Yes,,,,7,Willowridge-Martingrove-Richview,7,Willowridge-Martingrove-Richview (7),D23,618307.2965,4838549.3853
4877,5306315,1144058,8/5/2009 8:00:00 AM,820,3 DUFFIELD Rd,,,Local,Etobicoke York,43.690545,-79.53199,,No Control,Clear,Daylight,Dry,Non-Fatal Injury,SMV Unattended Vehicle,Driver,40 to 44,Major,,South,"Automobile, Station Wagon",Going Ahead,Lost control,Normal,,,,,,,,,Yes,,,,,,,Yes,,,,7,Willowridge-Martingrove-Richview,7,Willowridge-Martingrove-Richview (7),D23,618307.2965,4838549.3853
4878,5306316,1144058,8/5/2009 8:00:00 AM,820,3 DUFFIELD Rd,,,Local,Etobicoke York,43.690545,-79.53199,,No Control,Clear,Daylight,Dry,Non-Fatal Injury,SMV Unattended Vehicle,Other,unknown,None,,,Other,Parked,,,,,,,,,,,Yes,,,,,,,Yes,,,,7,Willowridge-Martingrove-Richview,7,Willowridge-Martingrove-Richview (7),D23,618307.2965,4838549.3853
4879,5306317,1144058,8/5/2009 8:00:00 AM,820,3 DUFFIELD Rd,,,Local,Etobicoke York,43.690545,-79.53199,,No Control,Clear,Daylight,Dry,Non-Fatal Injury,SMV Unattended Vehicle,Vehicle Owner,unknown,,,,Other,,,,,,,,,,,,Yes,,,,,,,Yes,,,,7,Willowridge-Martingrove-Richview,7,Willowridge-Martingrove-Richview (7),D23,618307.2965,4838549.3853
4880,5295902,1129232,8/5/2009 8:00:00 AM,1216,230 ISLAND Rd,,,Local,Scarborough,43.799345,-79.13299,,No Control,Clear,Daylight,Dry,Non-Fatal Injury,SMV Other,Driver,75 to 79,Major,,East,"Automobile, Station Wagon",Going Ahead,Lost control,Medical or Physical Disability,,,,,,,,,Yes,,,,,,,,,,Yes,143,West Rouge,131,Rouge (131),D43,650190.8437,4851279.9458
4881,5295903,1129232,8/5/2009 8:00:00 AM,1216,230 ISLAND Rd,,,Local,Scarborough,43.799345,-79.13299,,No Control,Clear,Daylight,Dry,Non-Fatal Injury,SMV Other,Other Property Owner,unknown,,,,Other,,,,,,,,,,,,Yes,,,,,,,,,,Yes,143,West Rouge,131,Rouge (131),D43,650190.8437,4851279.9458
4882,5281065,1122772,8/5/2009 8:00:00 AM,1230,BAYVIEW AVE,401 C W BAYVIEW RAMP,,Major Arterial,North York,43.764545,-79.38749,At Intersection,Traffic Signal,Clear,Daylight,Dry,Non-Fatal Injury,Pedestrian Collisions,Driver,30 to 34,None,,West,"Automobile, Station Wagon",Turning Right,Failed to Yield Right of Way,Normal,,,,,,,Yes,,Yes,,,,,,,Yes,,,,52,Bayview Village,52,Bayview Village (52),D33,629792.7694,4846984.4589
4883,5281066,1122772,8/5/2009 8:00:00 AM,1230,BAYVIEW AVE,401 C W BAYVIEW RAMP,,Major Arterial,North York,43.764545,-79.38749,At Intersection,Traffic Signal,Clear,Daylight,Dry,Non-Fatal Injury,Pedestrian Collisions,Pedestrian,40 to 44,Major,,South,Other,,,,Vehicle turns right while ped crosses with ROW at inter.,Crossing with right of way,Normal,,,,Yes,,Yes,,,,,,,Yes,,,,52,Bayview Village,52,Bayview Village (52),D33,629792.7694,4846984.4589
4884,5792649,1117715,8/6/2009 8:00:00 AM,1535,2330 KENNEDY RD,,,Major Arterial,Scarborough,43.784145,-79.28869,,No Control,Clear,Daylight,Dry,Non-Fatal Injury,Pedestrian Collisions,Pedestrian,55 to 59,Major,,South,Other,,,,Pedestrian hit on sidewalk or shoulder,On Sidewalk or Shoulder,Normal,,,,Yes,Yes,,,,,,,,,,,,128,Agincourt South-Malvern West,128,Agincourt South-Malvern West (128),D42,637700.3832,4849320.9439
4885,5792650,1117715,8/6/2009 8:00:00 AM,1535,2330 KENNEDY RD,,,Major Arterial,Scarborough,43.784145,-79.28869,,No Control,Clear,Daylight,Dry,Non-Fatal Injury,Pedestrian Collisions,Cyclist,15 to 19,None,,North,Bicycle,Going Ahead,,,,,,Cyclist strikes pedestrian.,Failed to Yield Right of Way,Normal,Yes,Yes,,,,,,,,,,,,128,Agincourt South-Malvern West,128,Agincourt South-Malvern West (128),D42,637700.3832,4849320.9439
4886,5792659,1117854,8/7/2009 8:00:00 AM,1448,179 FALLINGBROOK RD,,,Collector,Scarborough,43.684645,-79.28029,,No Control,Clear,Daylight,Dry,Fatal,Pedestrian Collisions,Pedestrian,80 to 84,Fatal,21,North,Other,,,,Pedestrian hit at private driveway,Other,Medical or Physical Disability,,,,Yes,,Yes,,,,,,,,,,,122,Birchcliffe-Cliffside,122,Birchcliffe-Cliffside (122),D41,638605.6675,4838283.9953
4887,5792660,1117854,8/7/2009 8:00:00 AM,1448,179 FALLINGBROOK RD,,,Collector,Scarborough,43.684645,-79.28029,,No Control,Clear,Daylight,Dry,Fatal,Pedestrian Collisions,Driver,55 to 59,None,,East,"Automobile, Station Wagon",Reversing,Other,Inattentive,,,,,,,Yes,,Yes,,,,,,,,,,,122,Birchcliffe-Cliffside,122,Birchcliffe-Cliffside (122),D41,638605.6675,4838283.9953
4888,5282570,1123411,8/7/2009 8:00:00 AM,1540,HOVE ST,SHEPPARD AVE W,,Local,North York,43.755345,-79.44159,,No Control,Clear,Daylight,Dry,Non-Fatal Injury,Pedestrian Collisions,Driver,80 to 84,None,,East,"Automobile, Station Wagon",Turning Right,Failed to Yield Right of Way,Normal,,,,,,,Yes,,Yes,,,,,,,Yes,,,,34,Bathurst Manor,34,Bathurst Manor (34),D32,625457.3869,4845879.2918
4889,5282571,1123411,8/7/2009 8:00:00 AM,1540,HOVE ST,SHEPPARD AVE W,,Local,North York,43.755345,-79.44159,,No Control,Clear,Daylight,Dry,Non-Fatal Injury,Pedestrian Collisions,Pedestrian,60 to 64,Major,,,Other,,,,Pedestrian hit at mid-block,"Crossing, no Traffic Control",Unknown,,,,Yes,,Yes,,,,,,,Yes,,,,34,Bathurst Manor,34,Bathurst Manor (34),D32,625457.3869,4845879.2918
4890,5865028,1117851,8/7/2009 8:00:00 AM,1731,3221 DUFFERIN St,,,Major Arterial,North York,43.719245,-79.45589,,No Control,Clear,Daylight,Dry,Non-Fatal Injury,Cyclist Collisions,Vehicle Owner,unknown,,,,Other,,,,,,,,,,,Yes,Yes,,,,,,,,,,,31,Yorkdale-Glen Park,31,Yorkdale-Glen Park (31),D32,624380.8987,4841848.3027
4891,5865029,1117851,8/7/2009 8:00:00 AM,1731,3221 DUFFERIN St,,,Major Arterial,North York,43.719245,-79.45589,,No Control,Clear,Daylight,Dry,Non-Fatal Injury,Cyclist Collisions,Driver,60 to 64,None,,North,"Automobile, Station Wagon",Turning Right,Driving Properly,Normal,,,,,,,,Yes,Yes,,,,,,,,,,,31,Yorkdale-Glen Park,31,Yorkdale-Glen Park (31),D32,624380.8987,4841848.3027
4892,5865030,1117851,8/7/2009 8:00:00 AM,1731,3221 DUFFERIN St,,,Major Arterial,North York,43.719245,-79.45589,,No Control,Clear,Daylight,Dry,Non-Fatal Injury,Cyclist Collisions,Cyclist,50 to 54,Major,,South,Bicycle,Going Ahead,,,,,,"Cyclist without ROW rides into path of motorist at inter, lnwy, dwy-Cyclist not turn.",Failed to Yield Right of Way,Inattentive,,Yes,Yes,,,,,,,,,,,31,Yorkdale-Glen Park,31,Yorkdale-Glen Park (31),D32,624380.8987,4841848.3027
4893,5269889,1118031,8/9/2009 8:00:00 AM,1851,ROYAL YORK Road,JUDSON Stre,,Minor Arterial,Etobicoke York,43.615945,-79.49829,At Intersection,No Control,Clear,Daylight,Dry,Non-Fatal Injury,Cyclist Collisions,Cyclist,50 to 54,Major,,South,Bicycle,Going Ahead,,,,,,"Cyclist loses control and strikes object (pole, ttc track)",Lost control,Normal,,Yes,,,,,,,,,,,,160,Mimico-Queensway,17,Mimico (includes Humber Bay Shores) (17),D22,621173.1453,4830312.7254
4894,5865362,1124459,8/10/2009 8:00:00 AM,10,FINCH Aven E,DON MILLS Road,,Major Arterial,North York,43.792645,-79.35469,At Intersection,Traffic Signal,Clear,Dark,Wet,Non-Fatal Injury,Cyclist Collisions,Vehicle Owner,unknown,,,,Other,,,,,,,,,,,Yes,Yes,,,,,,,,,,,47,Don Valley Village,47,Don Valley Village (47),D33,632370.8812,4850157.3308
4895,5865363,1124459,8/10/2009 8:00:00 AM,10,FINCH Aven E,DON MILLS Road,,Major Arterial,North York,43.792645,-79.35469,At Intersection,Traffic Signal,Clear,Dark,Wet,Non-Fatal Injury,Cyclist Collisions,Driver,45 to 49,None,,East,"Automobile, Station Wagon",Going Ahead,Driving Properly,Normal,,,,,,,,Yes,Yes,,,,,,,,,,,47,Don Valley Village,47,Don Valley Village (47),D33,632370.8812,4850157.3308
4896,5865364,1124459,8/10/2009 8:00:00 AM,10,FINCH Aven E,DON MILLS Road,,Major Arterial,North York,43.792645,-79.35469,At Intersection,Traffic Signal,Clear,Dark,Wet,Non-Fatal Injury,Cyclist Collisions,Cyclist,25 to 29,Major,,North,Bicycle,Going Ahead,,,,,,"Cyclist without ROW rides into path of motorist at inter, lnwy, dwy-Cyclist not turn.",Disobeyed Traffic Control,Had Been Drinking,,Yes,Yes,,,,,,,,,,,47,Don Valley Village,47,Don Valley Village (47),D33,632370.8812,4850157.3308
4897,5865338,1123824,8/11/2009 8:00:00 AM,856,EASTERN AVE,BOOTH AVE,,Major Arterial,Toronto and East York,43.657645,-79.34249,At Intersection,Stop Sign,Clear,Daylight,Dry,Non-Fatal Injury,Pedestrian Collisions,Vehicle Owner,unknown,,,,Other,,,,,,,,,,Yes,,Yes,,,,,,,,,,,70,South Riverdale,70,South Riverdale (70),D55,633652.3169,4835183.1994
4898,5865339,1123824,8/11/2009 8:00:00 AM,856,EASTERN AVE,BOOTH AVE,,Major Arterial,Toronto and East York,43.657645,-79.34249,At Intersection,Stop Sign,Clear,Daylight,Dry,Non-Fatal Injury,Pedestrian Collisions,Driver,45 to 49,None,,West,"Automobile, Station Wagon",Going Ahead,Driving Properly,Normal,,,,,,,Yes,,Yes,,,,,,,,,,,70,South Riverdale,70,South Riverdale (70),D55,633652.3169,4835183.1994
4899,5865340,1123824,8/11/2009 8:00:00 AM,856,EASTERN AVE,BOOTH AVE,,Major Arterial,Toronto and East York,43.657645,-79.34249,At Intersection,Stop Sign,Clear,Daylight,Dry,Non-Fatal Injury,Pedestrian Collisions,Pedestrian,20 to 24,Major,,,Other,,,,Vehicle is going straight thru inter.while ped cross without ROW,Crossing without right of way,Inattentive,,,,Yes,,Yes,,,,,,,,,,,70,South Riverdale,70,South Riverdale (70),D55,633652.3169,4835183.1994
4900,5283704,1123907,8/11/2009 8:00:00 AM,2242,SHEPPARD Aven E,MEADOWVALE Road,,Major Arterial,Scarborough,43.808345,-79.17079,At Intersection,Traffic Signal,Clear,Dark,Dry,Non-Fatal Injury,Angle,Passenger,35 to 39,Major,,,Other,,,,,,,,,,,,Yes,,,,,Yes,,Yes,Yes,,,143,West Rouge,131,Rouge (131),D42,647127.9019,4852211.6322
4901,5283705,1123907,8/11/2009 8:00:00 AM,2242,SHEPPARD Aven E,MEADOWVALE Road,,Major Arterial,Scarborough,43.808345,-79.17079,At Intersection,Traffic Signal,Clear,Dark,Dry,Non-Fatal Injury,Angle,Driver,40 to 44,None,,South,"Automobile, Station Wagon",Going Ahead,Driving Properly,Normal,,,,,,,,,Yes,,,,,Yes,,Yes,Yes,,,143,West Rouge,131,Rouge (131),D42,647127.9019,4852211.6322
4902,5283706,1123907,8/11/2009 8:00:00 AM,2242,SHEPPARD Aven E,MEADOWVALE Road,,Major Arterial,Scarborough,43.808345,-79.17079,At Intersection,Traffic Signal,Clear,Dark,Dry,Non-Fatal Injury,Angle,Driver,20 to 24,None,,West,"Automobile, Station Wagon",Going Ahead,Disobeyed Traffic Control,Normal,,,,,,,,,Yes,,,,,Yes,,Yes,Yes,,,143,West Rouge,131,Rouge (131),D42,647127.9019,4852211.6322
4903,5283707,1123907,8/11/2009 8:00:00 AM,2242,SHEPPARD Aven E,MEADOWVALE Road,,Major Arterial,Scarborough,43.808345,-79.17079,At Intersection,Traffic Signal,Clear,Dark,Dry,Non-Fatal Injury,Angle,Other Property Owner,unknown,,,,Other,,,,,,,,,,,,Yes,,,,,Yes,,Yes,Yes,,,143,West Rouge,131,Rouge (131),D42,647127.9019,4852211.6322
4904,5271124,1118576,8/12/2009 8:00:00 AM,1433,TODD BAYLIS Boul,BLACK CREEK Driv,,Collector,Etobicoke York,43.691345,-79.48479,,No Control,Clear,Daylight,Dry,Non-Fatal Injury,Approaching,Vehicle Owner,unknown,,,,Other,,,,,,,,,,,,Yes,,,,,,,,,,,112,Beechborough-Greenbrook,112,Beechborough-Greenbrook (112),D12,622109.5645,4838706.6569
4905,5271125,1118576,8/12/2009 8:00:00 AM,1433,TODD BAYLIS Boul,BLACK CREEK Driv,,Collector,Etobicoke York,43.691345,-79.48479,,No Control,Clear,Daylight,Dry,Non-Fatal Injury,Approaching,Driver,40 to 44,None,,North,"Automobile, Station Wagon",Going Ahead,Lost control,Normal,,,,,,,,,Yes,,,,,,,,,,,112,Beechborough-Greenbrook,112,Beechborough-Greenbrook (112),D12,622109.5645,4838706.6569
4906,5271126,1118576,8/12/2009 8:00:00 AM,1433,TODD BAYLIS Boul,BLACK CREEK Driv,,Collector,Etobicoke York,43.691345,-79.48479,,No Control,Clear,Daylight,Dry,Non-Fatal Injury,Approaching,Driver,50 to 54,Major,,South,"Automobile, Station Wagon",Going Ahead,Lost control,Normal,,,,,,,,,Yes,,,,,,,,,,,112,Beechborough-Greenbrook,112,Beechborough-Greenbrook (112),D12,622109.5645,4838706.6569
4907,5271671,1118840,8/13/2009 8:00:00 AM,2101,YONGE ST,ST CLAIR AVE W,,Major Arterial,Toronto and East York,43.688545,-79.39429,,No Control,Clear,Dark,Dry,Non-Fatal Injury,Pedestrian Collisions,Driver,20 to 24,Major,,South,"Automobile, Station Wagon",Going Ahead,,Unknown,,,,,,,Yes,,Yes,,,,,,,,,,,98,Rosedale-Moore Park,98,Rosedale-Moore Park (98),D53,629408.9786,4838532.9252
4908,5271672,1118840,8/13/2009 8:00:00 AM,2101,YONGE ST,ST CLAIR AVE W,,Major Arterial,Toronto and East York,43.688545,-79.39429,,No Control,Clear,Dark,Dry,Non-Fatal Injury,Pedestrian Collisions,Pedestrian,unknown,None,,,Other,Other,,,,,Unknown,,,,Yes,,Yes,,,,,,,,,,,98,Rosedale-Moore Park,98,Rosedale-Moore Park (98),D53,629408.9786,4838532.9252
4909,5285298,1124647,8/14/2009 8:00:00 AM,1800,164 STERLING Road,,,Local,Toronto and East York,43.655145,-79.44549,,No Control,Clear,Daylight,Dry,Non-Fatal Injury,SMV Other,Passenger,20 to 24,Major,,,Other,,,,,,,,,,,,Yes,,,,,Yes,,,,,,83,Dufferin Grove,83,Dufferin Grove (83),D11,625352.0926,4834744.785
4910,5285299,1124647,8/14/2009 8:00:00 AM,1800,164 STERLING Road,,,Local,Toronto and East York,43.655145,-79.44549,,No Control,Clear,Daylight,Dry,Non-Fatal Injury,SMV Other,Driver,20 to 24,None,,North,"Automobile, Station Wagon",Turning Left,Lost control,Normal,,,,,,,,,Yes,,,,,Yes,,,,,,83,Dufferin Grove,83,Dufferin Grove (83),D11,625352.0926,4834744.785
4911,5285300,1124647,8/14/2009 8:00:00 AM,1800,164 STERLING Road,,,Local,Toronto and East York,43.655145,-79.44549,,No Control,Clear,Daylight,Dry,Non-Fatal Injury,SMV Other,Other Property Owner,unknown,,,,Other,,,,,,,,,,,,Yes,,,,,Yes,,,,,,83,Dufferin Grove,83,Dufferin Grove (83),D11,625352.0926,4834744.785
4912,5271774,1118884,8/15/2009 8:00:00 AM,1400,LAWRENCE Aven E,MORNINGSIDE Aven,,Major Arterial,Scarborough,43.768445,-79.18619,At Intersection,Traffic Signal,Clear,Daylight,Dry,Non-Fatal Injury,Angle,Vehicle Owner,unknown,,,,Other,,,,,,,,,,,,Yes,,,,,,,Yes,Yes,,,136,West Hill,136,West Hill (136),D43,645986.3383,4847752.8259
4913,5271775,1118884,8/15/2009 8:00:00 AM,1400,LAWRENCE Aven E,MORNINGSIDE Aven,,Major Arterial,Scarborough,43.768445,-79.18619,At Intersection,Traffic Signal,Clear,Daylight,Dry,Non-Fatal Injury,Angle,Driver,65 to 69,Minimal,,North,"Automobile, Station Wagon",Going Ahead,Disobeyed Traffic Control,Normal,,,,,,,,,Yes,,,,,,,Yes,Yes,,,136,West Hill,136,West Hill (136),D43,645986.3383,4847752.8259