OBJECTID,INDEX,ACCNUM,DATE,TIME,STREET1,STREET2,OFFSET,ROAD_CLASS,DISTRICT,LATITUDE,LONGITUDE,ACCLOC,TRAFFCTL,VISIBILITY,LIGHT,RDSFCOND,ACCLASS,IMPACTYPE,INVTYPE,INVAGE,INJURY,FATAL_NO,INITDIR,VEHTYPE,MANOEUVER,DRIVACT,DRIVCOND,PEDTYPE,PEDACT,PEDCOND,CYCLISTYPE,CYCACT,CYCCOND,PEDESTRIAN,CYCLIST,AUTOMOBILE,MOTORCYCLE,TRUCK,TRSN_CITY_VEH,EMERG_VEH,PASSENGER,SPEEDING,AG_DRIV,REDLIGHT,ALCOHOL,DISABILITY,HOOD_158,NEIGHBOURHOOD_158,HOOD_140,NEIGHBOURHOOD_140,DIVISION,x,y
4914,5271776,1118884,8/15/2009 8:00:00 AM,1400,LAWRENCE Aven E,MORNINGSIDE Aven,,Major Arterial,Scarborough,43.768445,-79.18619,At Intersection,Traffic Signal,Clear,Daylight,Dry,Non-Fatal Injury,Angle,Driver,55 to 59,Major,,West,"Automobile, Station Wagon",Going Ahead,Driving Properly,Normal,,,,,,,,,Yes,,,,,,,Yes,Yes,,,136,West Hill,136,West Hill (136),D43,645986.3383,4847752.8259
4915,5271906,1118939,8/16/2009 8:00:00 AM,200,KEELE ST,DUNDAS ST W,,Major Arterial,Toronto and East York,43.665345,-79.46459,At Intersection,Traffic Signal,Other,Dark,Dry,Non-Fatal Injury,Pedestrian Collisions,Driver,40 to 44,None,,North,"Automobile, Station Wagon",Going Ahead,Driving Properly,Normal,,,,,,,Yes,,Yes,,,,,,,,,,,90,Junction Area,90,Junction Area (90),D11,623790.935,4835848.9521
4916,5271907,1118939,8/16/2009 8:00:00 AM,200,KEELE ST,DUNDAS ST W,,Major Arterial,Toronto and East York,43.665345,-79.46459,At Intersection,Traffic Signal,Other,Dark,Dry,Non-Fatal Injury,Pedestrian Collisions,Pedestrian,65 to 69,Major,,East,"Automobile, Station Wagon",,,,Vehicle is going straight thru inter.while ped cross without ROW,Crossing without right of way,Inattentive,,,,Yes,,Yes,,,,,,,,,,,90,Junction Area,90,Junction Area (90),D11,623790.935,4835848.9521
4917,5272000,1118994,8/16/2009 8:00:00 AM,1455,YONGE ST,CHAPLIN CRES,,Major Arterial,Toronto and East York,43.698245,-79.39659,,Traffic Signal,Clear,Daylight,Dry,Non-Fatal Injury,Pedestrian Collisions,Pedestrian,75 to 79,Major,,East,Other,,,,Vehicle is going straight thru inter.while ped cross without ROW,Crossing without right of way,Normal,,,,Yes,Yes,,,,,,,,,,,,174,South Eglinton-Davisville,104,Mount Pleasant West (104),D53,629202.7808,4839606.6579
4918,5272001,1118994,8/16/2009 8:00:00 AM,1455,YONGE ST,CHAPLIN CRES,,Major Arterial,Toronto and East York,43.698245,-79.39659,,Traffic Signal,Clear,Daylight,Dry,Non-Fatal Injury,Pedestrian Collisions,Cyclist,30 to 34,Minimal,,South,Bicycle,Going Ahead,,,,,,Cyclist strikes pedestrian.,Driving Properly,Normal,Yes,Yes,,,,,,,,,,,,174,South Eglinton-Davisville,104,Mount Pleasant West (104),D53,629202.7808,4839606.6579
4919,5272023,1119005,8/16/2009 8:00:00 AM,1919,LANSDOWNE AVE,DUNDAS ST W,,Minor Arterial,Toronto and East York,43.650145,-79.43969,At Intersection,Traffic Signal,Clear,Daylight,Dry,Non-Fatal Injury,Pedestrian Collisions,Pedestrian,80 to 84,Major,,South,Other,,,,Vehicle turns left while ped crosses with ROW at inter.,Crossing with right of way,Normal,,,,Yes,,Yes,,,,,,,Yes,,,,84,Little Portugal,84,Little Portugal (84),D11,625830.2372,4834198.2481
4920,5272024,1119005,8/16/2009 8:00:00 AM,1919,LANSDOWNE AVE,DUNDAS ST W,,Minor Arterial,Toronto and East York,43.650145,-79.43969,At Intersection,Traffic Signal,Clear,Daylight,Dry,Non-Fatal Injury,Pedestrian Collisions,Driver,20 to 24,None,,East,"Automobile, Station Wagon",Turning Left,Failed to Yield Right of Way,Normal,,,,,,,Yes,,Yes,,,,,,,Yes,,,,84,Little Portugal,84,Little Portugal (84),D11,625830.2372,4834198.2481
4921,5289851,1126624,8/16/2009 8:00:00 AM,2040,4660 KINGSTON Road,,,Major Arterial,Scarborough,43.775445,-79.17509,,No Control,Clear,Dark,Dry,Non-Fatal Injury,Cyclist Collisions,Driver,unknown,None,,South,"Automobile, Station Wagon",Going Ahead,Failed to Yield Right of Way,Unknown,,,,,,,,Yes,Yes,,,,,,,Yes,,,,136,West Hill,136,West Hill (136),D43,646862.6083,4848549.9175
4922,5289852,1126624,8/16/2009 8:00:00 AM,2040,4660 KINGSTON Road,,,Major Arterial,Scarborough,43.775445,-79.17509,,No Control,Clear,Dark,Dry,Non-Fatal Injury,Cyclist Collisions,Cyclist,55 to 59,Major,,East,Bicycle,Going Ahead,,,,,,"Motorist without ROW drives into path of cyclist at inter, lnwy, dwy-Driver not turn.",Driving Properly,Unknown,,Yes,Yes,,,,,,,Yes,,,,136,West Hill,136,West Hill (136),D43,646862.6083,4848549.9175
4923,5284374,1124210,8/17/2009 8:00:00 AM,745,YONGE ST,MILL ST,,Major Arterial,North York,43.740345,-79.40589,At Intersection,Traffic Signal,Clear,Daylight,Dry,Non-Fatal Injury,SMV Other,Moped Driver,55 to 59,Major,,North,Moped,Going Ahead,Lost control,Normal,,,,,,,,Yes,,,,,,,,,,,,41,Bridle Path-Sunnybrook-York Mills,41,Bridle Path-Sunnybrook-York Mills (41),D32,628363.446,4844268.0143
4924,5862330,1125153,8/17/2009 8:00:00 AM,1350,YONGE ST,STEELES AVE E,,Major Arterial,North York,43.797945,-79.42009,At Intersection,Traffic Signal,Clear,Daylight,Dry,Non-Fatal Injury,Pedestrian Collisions,Vehicle Owner,unknown,,,,Other,,,,,,,,,,Yes,,Yes,,,,,,,Yes,,,,36,Newtonbrook West,36,Newtonbrook West (36),D32,627097.9409,4850643.4641
4925,5862331,1125153,8/17/2009 8:00:00 AM,1350,YONGE ST,STEELES AVE E,,Major Arterial,North York,43.797945,-79.42009,At Intersection,Traffic Signal,Clear,Daylight,Dry,Non-Fatal Injury,Pedestrian Collisions,Driver,20 to 24,None,,South,"Automobile, Station Wagon",Turning Right,Failed to Yield Right of Way,Inattentive,,,,,,,Yes,,Yes,,,,,,,Yes,,,,36,Newtonbrook West,36,Newtonbrook West (36),D32,627097.9409,4850643.4641
4926,5862332,1125153,8/17/2009 8:00:00 AM,1350,YONGE ST,STEELES AVE E,,Major Arterial,North York,43.797945,-79.42009,At Intersection,Traffic Signal,Clear,Daylight,Dry,Non-Fatal Injury,Pedestrian Collisions,Pedestrian,50 to 54,Major,,East,Other,,,,Vehicle turns right while ped crosses with ROW at inter.,Crossing with right of way,Normal,,,,Yes,,Yes,,,,,,,Yes,,,,36,Newtonbrook West,36,Newtonbrook West (36),D32,627097.9409,4850643.4641
4927,5286186,1124992,8/17/2009 8:00:00 AM,1826,SOUTH KINGSWAY,RIPLEY AVE,,Minor Arterial,Toronto and East York,43.636745,-79.47529,At Intersection,Stop Sign,Clear,Daylight,Dry,Non-Fatal Injury,Turning Movement,Motorcycle Driver,50 to 54,Major,,North,Motorcycle,Going Ahead,Driving Properly,Normal,,,,,,,,,Yes,Yes,,,,,,Yes,,,,87,High Park-Swansea,87,High Park-Swansea (87),D11,622986.6105,4832656.6435
4928,5286187,1124992,8/17/2009 8:00:00 AM,1826,SOUTH KINGSWAY,RIPLEY AVE,,Minor Arterial,Toronto and East York,43.636745,-79.47529,At Intersection,Stop Sign,Clear,Daylight,Dry,Non-Fatal Injury,Turning Movement,Driver,55 to 59,None,,West,"Automobile, Station Wagon",Turning Left,Failed to Yield Right of Way,Normal,,,,,,,,,Yes,Yes,,,,,,Yes,,,,87,High Park-Swansea,87,High Park-Swansea (87),D11,622986.6105,4832656.6435
4929,5288063,1125870,8/19/2009 8:00:00 AM,29,QUEEN ST E,KINGSTON RD,,Major Arterial,Toronto and East York,43.667245,-79.31259,At Intersection,Traffic Signal,Clear,Dark,Dry,Non-Fatal Injury,Turning Movement,Vehicle Owner,unknown,,,,Other,,,,,,,,,,,,Yes,,,,,,,Yes,,,,63,The Beaches,64,Woodbine Corridor (64),D55,636041.6277,4836298.0075
4930,5288064,1125870,8/19/2009 8:00:00 AM,29,QUEEN ST E,KINGSTON RD,,Major Arterial,Toronto and East York,43.667245,-79.31259,At Intersection,Traffic Signal,Clear,Dark,Dry,Non-Fatal Injury,Turning Movement,Driver,30 to 34,None,,East,"Automobile, Station Wagon",Turning Left,Failed to Yield Right of Way,Normal,,,,,,,,,Yes,,,,,,,Yes,,,,63,The Beaches,64,Woodbine Corridor (64),D55,636041.6277,4836298.0075
4931,5288065,1125870,8/19/2009 8:00:00 AM,29,QUEEN ST E,KINGSTON RD,,Major Arterial,Toronto and East York,43.667245,-79.31259,At Intersection,Traffic Signal,Clear,Dark,Dry,Non-Fatal Injury,Turning Movement,Driver,60 to 64,Major,,West,"Automobile, Station Wagon",Going Ahead,Driving Properly,Normal,,,,,,,,,Yes,,,,,,,Yes,,,,63,The Beaches,64,Woodbine Corridor (64),D55,636041.6277,4836298.0075
4932,5288154,1125917,8/19/2009 8:00:00 AM,1057,3150 PHARMACY AVE,,,Minor Arterial,Scarborough,43.798709,-79.328235,,Pedestrian Crossover,Clear,Daylight,Dry,Non-Fatal Injury,Pedestrian Collisions,Driver,45 to 49,None,,North,"Automobile, Station Wagon",Going Ahead,Failed to Yield Right of Way,Normal,,,,,,,Yes,,Yes,,,,,,,Yes,,,,147,L'Amoreaux West,117,L'Amoreaux (117),D42,634485.6945,4850873.4841
4933,5288155,1125917,8/19/2009 8:00:00 AM,1057,3150 PHARMACY AVE,,,Minor Arterial,Scarborough,43.798709,-79.328235,,Pedestrian Crossover,Clear,Daylight,Dry,Non-Fatal Injury,Pedestrian Collisions,Pedestrian,55 to 59,Major,,East,Other,,,,Pedestrian hit a PXO/ped. Mid-block signal,"Crossing, Pedestrian Crossover",Normal,,,,Yes,,Yes,,,,,,,Yes,,,,147,L'Amoreaux West,117,L'Amoreaux (117),D42,634485.6945,4850873.4841
4934,5288502,1126056,8/20/2009 8:00:00 AM,2034,VICTORIA PARK AVE,MCNICOLL AVE,,Major Arterial,North York,43.804045,-79.33629,,Traffic Signal,Rain,Dark,Wet,Non-Fatal Injury,Angle,Driver,45 to 49,None,,East,"Automobile, Station Wagon",Going Ahead,Failed to Yield Right of Way,Normal,,,,,,,,,Yes,,,,,,,Yes,,,,116,Steeles,116,Steeles (116),D42,633825.7862,4851453.0737
4935,5288503,1126056,8/20/2009 8:00:00 AM,2034,VICTORIA PARK AVE,MCNICOLL AVE,,Major Arterial,North York,43.804045,-79.33629,,Traffic Signal,Rain,Dark,Wet,Non-Fatal Injury,Angle,Driver,40 to 44,Major,,North,"Automobile, Station Wagon",Going Ahead,Driving Properly,Normal,,,,,,,,,Yes,,,,,,,Yes,,,,116,Steeles,116,Steeles (116),D42,633825.7862,4851453.0737
4936,5276412,1120870,8/24/2009 8:00:00 AM,539,JANE ST,WILLIAM CRAGG DR,,Major Arterial,Etobicoke York,43.722345,-79.50899,At Intersection,No Control,Clear,Dark,Dry,Non-Fatal Injury,Pedestrian Collisions,Vehicle Owner,unknown,,,,Other,,,,,,,,,,Yes,,Yes,,,,,,,,,,,154,Oakdale-Beverley Heights,26,Downsview-Roding-CFB (26),D31,620097.3672,4842114.2845
4937,5276413,1120870,8/24/2009 8:00:00 AM,539,JANE ST,WILLIAM CRAGG DR,,Major Arterial,Etobicoke York,43.722345,-79.50899,At Intersection,No Control,Clear,Dark,Dry,Non-Fatal Injury,Pedestrian Collisions,Driver,65 to 69,None,,North,"Automobile, Station Wagon",Going Ahead,Driving Properly,Normal,,,,,,,Yes,,Yes,,,,,,,,,,,154,Oakdale-Beverley Heights,26,Downsview-Roding-CFB (26),D31,620097.3672,4842114.2845
4938,5276414,1120870,8/24/2009 8:00:00 AM,539,JANE ST,WILLIAM CRAGG DR,,Major Arterial,Etobicoke York,43.722345,-79.50899,At Intersection,No Control,Clear,Dark,Dry,Non-Fatal Injury,Pedestrian Collisions,Pedestrian,20 to 24,Major,,,Other,,,,Vehicle is going straight thru inter.while ped cross without ROW,"Crossing, no Traffic Control",Inattentive,,,,Yes,,Yes,,,,,,,,,,,154,Oakdale-Beverley Heights,26,Downsview-Roding-CFB (26),D31,620097.3672,4842114.2845
4939,5289824,1126613,8/25/2009 8:00:00 AM,1806,LAWRENCE AVE E,WEST HILL DR,,Minor Arterial,Scarborough,43.769845,-79.17989,,No Control,Clear,Daylight,Dry,Non-Fatal Injury,Rear End,Motorcycle Driver,40 to 44,Major,,East,Motorcycle,Going Ahead,Following too Close,Normal,,,,,,,,,Yes,Yes,,,,,,Yes,,,,136,West Hill,136,West Hill (136),D43,646489.9887,4847919.4451
4940,5289825,1126613,8/25/2009 8:00:00 AM,1806,LAWRENCE AVE E,WEST HILL DR,,Minor Arterial,Scarborough,43.769845,-79.17989,,No Control,Clear,Daylight,Dry,Non-Fatal Injury,Rear End,Driver,30 to 34,None,,East,"Automobile, Station Wagon",Going Ahead,Driving Properly,Normal,,,,,,,,,Yes,Yes,,,,,,Yes,,,,136,West Hill,136,West Hill (136),D43,646489.9887,4847919.4451
4941,5291123,1127178,8/26/2009 8:00:00 AM,715,ELLESMERE RD,BRIMLEY RD,,Major Arterial,Scarborough,43.770045,-79.26129,At Intersection,Traffic Signal,Rain,Daylight,Wet,Non-Fatal Injury,Turning Movement,Driver,50 to 54,None,,South,"Automobile, Station Wagon",Turning Left,Lost control,Unknown,,,,,,,,,Yes,,,,,,,,,,,156,Bendale-Glen Andrew,127,Bendale (127),D43,639938.0352,4847800.862
4942,5291124,1127178,8/26/2009 8:00:00 AM,715,ELLESMERE RD,BRIMLEY RD,,Major Arterial,Scarborough,43.770045,-79.26129,At Intersection,Traffic Signal,Rain,Daylight,Wet,Non-Fatal Injury,Turning Movement,Driver,40 to 44,Major,,West,"Automobile, Station Wagon",Stopped,Driving Properly,Normal,,,,,,,,,Yes,,,,,,,,,,,156,Bendale-Glen Andrew,127,Bendale (127),D43,639938.0352,4847800.862
4943,5792839,1121624,8/27/2009 8:00:00 AM,947,LAWRENCE AVE W,MARLEE AVE,,Major Arterial,North York,43.715644,-79.446491,At Intersection,Traffic Signal,Clear,Daylight,Dry,Fatal,Pedestrian Collisions,Driver,30 to 34,None,,North,"Automobile, Station Wagon",Turning Left,Failed to Yield Right of Way,Inattentive,,,,,,,Yes,,Yes,,,,,,,Yes,,,,31,Yorkdale-Glen Park,31,Yorkdale-Glen Park (31),D32,625145.5083,4841462.5088
4944,5792840,1121624,8/27/2009 8:00:00 AM,947,LAWRENCE AVE W,MARLEE AVE,,Major Arterial,North York,43.715644,-79.446491,At Intersection,Traffic Signal,Clear,Daylight,Dry,Fatal,Pedestrian Collisions,Pedestrian,85 to 89,Fatal,22,South,Other,,,,Vehicle turns left while ped crosses with ROW at inter.,Crossing with right of way,Normal,,,,Yes,,Yes,,,,,,,Yes,,,,31,Yorkdale-Glen Park,31,Yorkdale-Glen Park (31),D32,625145.5083,4841462.5088
4945,5292406,1127732,8/29/2009 8:00:00 AM,1800,SHEPPARD AVE E,MEADOWVALE RD,,Major Arterial,Scarborough,43.808345,-79.17079,At Intersection,Traffic Signal,Clear,Daylight,Dry,Non-Fatal Injury,Turning Movement,Motorcycle Driver,60 to 64,Major,,East,Motorcycle,Turning Left,Disobeyed Traffic Control,Normal,,,,,,,,,Yes,Yes,,,,,,Yes,Yes,,,143,West Rouge,131,Rouge (131),D42,647127.9019,4852211.6322
4946,5292407,1127732,8/29/2009 8:00:00 AM,1800,SHEPPARD AVE E,MEADOWVALE RD,,Major Arterial,Scarborough,43.808345,-79.17079,At Intersection,Traffic Signal,Clear,Daylight,Dry,Non-Fatal Injury,Turning Movement,Vehicle Owner,unknown,,,,Other,,,,,,,,,,,,Yes,Yes,,,,,,Yes,Yes,,,143,West Rouge,131,Rouge (131),D42,647127.9019,4852211.6322
4947,5292408,1127732,8/29/2009 8:00:00 AM,1800,SHEPPARD AVE E,MEADOWVALE RD,,Major Arterial,Scarborough,43.808345,-79.17079,At Intersection,Traffic Signal,Clear,Daylight,Dry,Non-Fatal Injury,Turning Movement,Driver,25 to 29,Minimal,,South,"Automobile, Station Wagon",Going Ahead,Driving Properly,Normal,,,,,,,,,Yes,Yes,,,,,,Yes,Yes,,,143,West Rouge,131,Rouge (131),D42,647127.9019,4852211.6322
4948,5292567,1127797,8/29/2009 8:00:00 AM,2111,OVERLEA Boul,THORNCLIFFE PARK Driv,,Major Arterial,North York,43.707645,-79.34289,,No Control,Clear,Dark,Dry,Non-Fatal Injury,Pedestrian Collisions,Vehicle Owner,unknown,,,,Other,,,,,,,,,,Yes,,Yes,,,,,,,,,,,55,Thorncliffe Park,55,Thorncliffe Park (55),D53,633509.1047,4840735.745
4949,5292568,1127797,8/29/2009 8:00:00 AM,2111,OVERLEA Boul,THORNCLIFFE PARK Driv,,Major Arterial,North York,43.707645,-79.34289,,No Control,Clear,Dark,Dry,Non-Fatal Injury,Pedestrian Collisions,Driver,50 to 54,None,,East,"Automobile, Station Wagon",Going Ahead,Driving Properly,Normal,,,,,,,Yes,,Yes,,,,,,,,,,,55,Thorncliffe Park,55,Thorncliffe Park (55),D53,633509.1047,4840735.745
4950,5292569,1127797,8/29/2009 8:00:00 AM,2111,OVERLEA Boul,THORNCLIFFE PARK Driv,,Major Arterial,North York,43.707645,-79.34289,,No Control,Clear,Dark,Dry,Non-Fatal Injury,Pedestrian Collisions,Pedestrian,45 to 49,Major,,South,Other,,,,Pedestrian hit at mid-block,Running onto Roadway,Inattentive,,,,Yes,,Yes,,,,,,,,,,,55,Thorncliffe Park,55,Thorncliffe Park (55),D53,633509.1047,4840735.745
4951,5278938,1121922,8/31/2009 8:00:00 AM,2150,BLOOR ST W,AVENUE RD,,Major Arterial,Toronto and East York,43.668845,-79.393192,,No Control,Clear,Dark,Dry,Fatal,Pedestrian Collisions,Driver,40 to 44,None,,West,"Automobile, Station Wagon",Going Ahead,Lost control,Normal,,,,,,,Yes,,Yes,,,,,,,,,,,169,Bay-Cloverhill,76,Bay Street Corridor (76),D52,629539.8572,4836346.6865
4952,5278939,1121922,8/31/2009 8:00:00 AM,2150,BLOOR ST W,AVENUE RD,,Major Arterial,Toronto and East York,43.668845,-79.393192,,No Control,Clear,Dark,Dry,Fatal,Pedestrian Collisions,Pedestrian,30 to 34,Fatal,23,West,,,,,Other / Undefined,Other,Had Been Drinking,,,,Yes,,Yes,,,,,,,,,,,169,Bay-Cloverhill,76,Bay Street Corridor (76),D52,629539.8572,4836346.6865
4953,5279428,1122151,9/1/2009 8:00:00 AM,1024,MC CAUL St,ORDE St,,Collector,Toronto and East York,43.658445,-79.39319,At Intersection,No Control,Clear,Daylight,Dry,Non-Fatal Injury,Cyclist Collisions,Driver,40 to 44,None,,North,"Automobile, Station Wagon",Going Ahead,Driving Properly,Normal,,,,,,,,Yes,Yes,,,,,,,,,,,78,Kensington-Chinatown,78,Kensington-Chinatown (78),D52,629562.3889,4835191.631
4954,5279429,1122151,9/1/2009 8:00:00 AM,1024,MC CAUL St,ORDE St,,Collector,Toronto and East York,43.658445,-79.39319,At Intersection,No Control,Clear,Daylight,Dry,Non-Fatal Injury,Cyclist Collisions,Driver,65 to 69,None,,North,"Automobile, Station Wagon",Parked,Other,Inattentive,,,,,,,,Yes,Yes,,,,,,,,,,,78,Kensington-Chinatown,78,Kensington-Chinatown (78),D52,629562.3889,4835191.631
4955,5279430,1122151,9/1/2009 8:00:00 AM,1024,MC CAUL St,ORDE St,,Collector,Toronto and East York,43.658445,-79.39319,At Intersection,No Control,Clear,Daylight,Dry,Non-Fatal Injury,Cyclist Collisions,Cyclist,30 to 34,Major,,North,Bicycle,Going Ahead,,,,,,Cyclist struck opened vehicle door,Driving Properly,Normal,,Yes,Yes,,,,,,,,,,,78,Kensington-Chinatown,78,Kensington-Chinatown (78),D52,629562.3889,4835191.631
4956,5807803,1122417,9/1/2009 8:00:00 AM,1203,SPADINA AVE,NASSAU ST,,Major Arterial,Toronto and East York,43.655845,-79.39919,,Traffic Signal,Clear,Daylight,Dry,Fatal,Cyclist Collisions,Driver,45 to 49,None,,South,Municipal Transit Bus (TTC),Going Ahead,Driving Properly,Unknown,,,,,,,,Yes,,,,Yes,,,,,,,,78,Kensington-Chinatown,78,Kensington-Chinatown (78),D52,629084.1552,4834893.5151
4957,5807804,1122417,9/1/2009 8:00:00 AM,1203,SPADINA AVE,NASSAU ST,,Major Arterial,Toronto and East York,43.655845,-79.39919,,Traffic Signal,Clear,Daylight,Dry,Fatal,Cyclist Collisions,Cyclist,65 to 69,Fatal,25,South,Bicycle,Turning Left,,,,,,Cyclist turned left across motorists path.,Disobeyed Traffic Control,Normal,,Yes,,,,Yes,,,,,,,,78,Kensington-Chinatown,78,Kensington-Chinatown (78),D52,629084.1552,4834893.5151
4958,5293332,1128125,9/1/2009 8:00:00 AM,1440,UNIVERSITY AVE,COLLEGE ST,,Major Arterial,Toronto and East York,43.659845,-79.39049,At Intersection,Traffic Signal,Clear,Daylight,Dry,Non-Fatal Injury,Cyclist Collisions,Driver,25 to 29,Minimal,,South,"Automobile, Station Wagon",Going Ahead,Driving Properly,Normal,,,,,,,,Yes,Yes,,,,,,,,,,,78,Kensington-Chinatown,78,Kensington-Chinatown (78),D52,629777.0849,4835351.3392
4959,5293333,1128125,9/1/2009 8:00:00 AM,1440,UNIVERSITY AVE,COLLEGE ST,,Major Arterial,Toronto and East York,43.659845,-79.39049,At Intersection,Traffic Signal,Clear,Daylight,Dry,Non-Fatal Injury,Cyclist Collisions,Cyclist,45 to 49,Major,,East,Bicycle,Going Ahead,,,,,,"Cyclist without ROW rides into path of motorist at inter, lnwy, dwy-Cyclist not turn.",Disobeyed Traffic Control,Inattentive,,Yes,Yes,,,,,,,,,,,78,Kensington-Chinatown,78,Kensington-Chinatown (78),D52,629777.0849,4835351.3392
4960,5293511,1128196,9/1/2009 8:00:00 AM,2020,4777 YONGE ST,,,Major Arterial,North York,43.760345,-79.41069,,No Control,Clear,Dark,Dry,Non-Fatal Injury,Pedestrian Collisions,Vehicle Owner,unknown,,,,Other,,,,,,,,,,Yes,,Yes,,,,,,,Yes,,,,38,Lansing-Westgate,38,Lansing-Westgate (38),D32,627934.3098,4846481.8852
4961,5293512,1128196,9/1/2009 8:00:00 AM,2020,4777 YONGE ST,,,Major Arterial,North York,43.760345,-79.41069,,No Control,Clear,Dark,Dry,Non-Fatal Injury,Pedestrian Collisions,Driver,55 to 59,None,,West,"Automobile, Station Wagon",Going Ahead,Failed to Yield Right of Way,Inattentive,,,,,,,Yes,,Yes,,,,,,,Yes,,,,38,Lansing-Westgate,38,Lansing-Westgate (38),D32,627934.3098,4846481.8852
4962,5293513,1128196,9/1/2009 8:00:00 AM,2020,4777 YONGE ST,,,Major Arterial,North York,43.760345,-79.41069,,No Control,Clear,Dark,Dry,Non-Fatal Injury,Pedestrian Collisions,Pedestrian,25 to 29,Major,,North,Other,,,,Pedestrian hit on sidewalk or shoulder,On Sidewalk or Shoulder,Normal,,,,Yes,,Yes,,,,,,,Yes,,,,38,Lansing-Westgate,38,Lansing-Westgate (38),D32,627934.3098,4846481.8852
4963,5873122,128407,9/1/2009 8:00:00 AM,2140,PICKERING TOWN LINE,STEELES AVE E,,Local,Scarborough,43.854145,-79.16969,,No Control,Clear,Dark,Dry,Non-Fatal Injury,SMV Other,Driver,15 to 19,Major,,South,"Automobile, Station Wagon",Going Ahead,Lost control,Inattentive,,,,,,,,,Yes,,,,,Yes,Yes,Yes,,,,NSA,NSA,NSA,NSA,D42,647103.8035,4857300.4522
4964,5873123,128407,9/1/2009 8:00:00 AM,2140,PICKERING TOWN LINE,STEELES AVE E,,Local,Scarborough,43.854145,-79.16969,,No Control,Clear,Dark,Dry,Non-Fatal Injury,SMV Other,Passenger,15 to 19,Major,,South,"Automobile, Station Wagon",,,,,,,,,,,,Yes,,,,,Yes,Yes,Yes,,,,NSA,NSA,NSA,NSA,D42,647103.8035,4857300.4522
4965,5873129,128407,9/1/2009 8:00:00 AM,2140,PICKERING TOWN LINE,STEELES AVE E,,Local,Scarborough,43.854145,-79.16969,,No Control,Clear,Dark,Dry,Non-Fatal Injury,SMV Other,Passenger,15 to 19,Major,,South,"Automobile, Station Wagon",,,,,,,,,,,,Yes,,,,,Yes,Yes,Yes,,,,NSA,NSA,NSA,NSA,D42,647103.8035,4857300.4522
4966,5873130,128407,9/1/2009 8:00:00 AM,2140,PICKERING TOWN LINE,STEELES AVE E,,Local,Scarborough,43.854145,-79.16969,,No Control,Clear,Dark,Dry,Non-Fatal Injury,SMV Other,Passenger,15 to 19,Major,,South,"Automobile, Station Wagon",,,,,,,,,,,,Yes,,,,,Yes,Yes,Yes,,,,NSA,NSA,NSA,NSA,D42,647103.8035,4857300.4522
4967,5873131,128407,9/1/2009 8:00:00 AM,2140,PICKERING TOWN LINE,STEELES AVE E,,Local,Scarborough,43.854145,-79.16969,,No Control,Clear,Dark,Dry,Non-Fatal Injury,SMV Other,Passenger,15 to 19,Major,,South,"Automobile, Station Wagon",,,,,,,,,,,,Yes,,,,,Yes,Yes,Yes,,,,NSA,NSA,NSA,NSA,D42,647103.8035,4857300.4522
4968,5279433,1122153,9/1/2009 8:00:00 AM,2357,KIPLING AVE,EVANS AVE,,Major Arterial,Etobicoke York,43.615845,-79.52459,,Traffic Signal,Clear,Dark,Dry,Non-Fatal Injury,Turning Movement,Driver,20 to 24,Major,,West,"Automobile, Station Wagon",Turning Left,Driving Properly,Normal,,,,,,,,,Yes,,,,,,,Yes,Yes,,,160,Mimico-Queensway,17,Mimico (includes Humber Bay Shores) (17),D22,619051.1744,4830263.5777
4969,5279434,1122153,9/1/2009 8:00:00 AM,2357,KIPLING AVE,EVANS AVE,,Major Arterial,Etobicoke York,43.615845,-79.52459,,Traffic Signal,Clear,Dark,Dry,Non-Fatal Injury,Turning Movement,Driver,20 to 24,None,,North,"Automobile, Station Wagon",Going Ahead,Disobeyed Traffic Control,Normal,,,,,,,,,Yes,,,,,,,Yes,Yes,,,160,Mimico-Queensway,17,Mimico (includes Humber Bay Shores) (17),D22,619051.1744,4830263.5777
4970,5865261,1122431,9/2/2009 8:00:00 AM,1715,BATHURST ST,BANNOCKBURN AVE,,Major Arterial,North York,43.731245,-79.43249,At Intersection,No Control,Clear,Daylight,Dry,Non-Fatal Injury,Pedestrian Collisions,Driver,35 to 39,None,,South,"Automobile, Station Wagon",Going Ahead,Driving Properly,Normal,,,,,,,Yes,,Yes,,,,,,,,,,,39,Bedford Park-Nortown,39,Bedford Park-Nortown (39),D32,626240.6198,4843216.4575
4971,5865262,1122431,9/2/2009 8:00:00 AM,1715,BATHURST ST,BANNOCKBURN AVE,,Major Arterial,North York,43.731245,-79.43249,At Intersection,No Control,Clear,Daylight,Dry,Non-Fatal Injury,Pedestrian Collisions,Pedestrian,10 to 14,Major,,West,Other,,,,Vehicle is going straight thru inter.while ped cross without ROW,"Crossing, no Traffic Control",Normal,,,,Yes,,Yes,,,,,,,,,,,39,Bedford Park-Nortown,39,Bedford Park-Nortown (39),D32,626240.6198,4843216.4575
4972,5293168,1128059,9/2/2009 8:00:00 AM,2203,FINCH AVE W,JAYZEL DR,,Major Arterial,Etobicoke York,43.751745,-79.54409,,No Control,Clear,Dark,Dry,Non-Fatal Injury,Pedestrian Collisions,Driver,25 to 29,None,,East,"Automobile, Station Wagon",Going Ahead,Exceeding Speed Limit,"Ability Impaired, Alcohol Over .08",,,,,,,Yes,,Yes,,,,,,Yes,Yes,,Yes,,22,Humbermede,21,Humber Summit (21),D31,617212.7477,4845329.3106