OBJECTID,INDEX,ACCNUM,DATE,TIME,STREET1,STREET2,OFFSET,ROAD_CLASS,DISTRICT,LATITUDE,LONGITUDE,ACCLOC,TRAFFCTL,VISIBILITY,LIGHT,RDSFCOND,ACCLASS,IMPACTYPE,INVTYPE,INVAGE,INJURY,FATAL_NO,INITDIR,VEHTYPE,MANOEUVER,DRIVACT,DRIVCOND,PEDTYPE,PEDACT,PEDCOND,CYCLISTYPE,CYCACT,CYCCOND,PEDESTRIAN,CYCLIST,AUTOMOBILE,MOTORCYCLE,TRUCK,TRSN_CITY_VEH,EMERG_VEH,PASSENGER,SPEEDING,AG_DRIV,REDLIGHT,ALCOHOL,DISABILITY,HOOD_158,NEIGHBOURHOOD_158,HOOD_140,NEIGHBOURHOOD_140,DIVISION,x,y
4973,5293169,1128059,9/2/2009 8:00:00 AM,2203,FINCH AVE W,JAYZEL DR,,Major Arterial,Etobicoke York,43.751745,-79.54409,,No Control,Clear,Dark,Dry,Non-Fatal Injury,Pedestrian Collisions,Pedestrian,25 to 29,Major,,,Other,,,,Pedestrian hit at mid-block,Person Getting on/off Vehicle,Normal,,,,Yes,,Yes,,,,,,Yes,Yes,,Yes,,22,Humbermede,21,Humber Summit (21),D31,617212.7477,4845329.3106
4974,5293433,1128166,9/4/2009 8:00:00 AM,1142,741 KENNEDY RD,,,Major Arterial,Scarborough,43.731145,-79.26759,,No Control,Clear,Daylight,Dry,Non-Fatal Injury,Pedestrian Collisions,Truck Driver,20 to 24,None,,West,Truck - Open,Turning Right,Failed to Yield Right of Way,Inattentive,,,,,,,Yes,,,,Yes,,,,,Yes,,,,125,Ionview,125,Ionview (125),D41,639521.3449,4843469.7972
4975,5293434,1128166,9/4/2009 8:00:00 AM,1142,741 KENNEDY RD,,,Major Arterial,Scarborough,43.731145,-79.26759,,No Control,Clear,Daylight,Dry,Non-Fatal Injury,Pedestrian Collisions,Pedestrian,20 to 24,Major,,South,Other,,,,Pedestrian hit at private driveway,On Sidewalk or Shoulder,Normal,,,,Yes,,,,Yes,,,,,Yes,,,,125,Ionview,125,Ionview (125),D41,639521.3449,4843469.7972
4976,5281996,1123169,9/7/2009 8:00:00 AM,430,48 ISABELLA ST,,,Collector,Toronto and East York,43.667945,-79.38349,,No Control,Clear,Dark,Dry,Non-Fatal Injury,Pedestrian Collisions,Driver,unknown,None,,East,"Automobile, Station Wagon",Going Ahead,Driving Properly,Unknown,,,,,,,Yes,,Yes,,,,,,,,,,,167,Church-Wellesley,75,Church-Yonge Corridor (75),D51,630323.9823,4836261.9253
4977,5281997,1123169,9/7/2009 8:00:00 AM,430,48 ISABELLA ST,,,Collector,Toronto and East York,43.667945,-79.38349,,No Control,Clear,Dark,Dry,Non-Fatal Injury,Pedestrian Collisions,Pedestrian,35 to 39,Major,,Unknown,Other,,,,Pedestrian hit at mid-block,"Crossing, no Traffic Control",Unknown,,,,Yes,,Yes,,,,,,,,,,,167,Church-Wellesley,75,Church-Yonge Corridor (75),D51,630323.9823,4836261.9253
4978,5293908,1128346,9/8/2009 8:00:00 AM,1501,QUEEN ST E,MUNRO PARK AVE,,Minor Arterial,Toronto and East York,43.673445,-79.283489,At Intersection,No Control,Clear,Daylight,Dry,Non-Fatal Injury,Turning Movement,Motorcycle Driver,45 to 49,Major,,West,Motorcycle,Going Ahead,Driving Properly,Normal,,,,,,,,,Yes,Yes,,,,,,,,,,63,The Beaches,63,The Beaches (63),D55,638373.5749,4837034.7379
4979,5293909,1128346,9/8/2009 8:00:00 AM,1501,QUEEN ST E,MUNRO PARK AVE,,Minor Arterial,Toronto and East York,43.673445,-79.283489,At Intersection,No Control,Clear,Daylight,Dry,Non-Fatal Injury,Turning Movement,Driver,30 to 34,None,,East,"Automobile, Station Wagon",Making U Turn,Improper Turn,Had Been Drinking,,,,,,,,,Yes,Yes,,,,,,,,,,63,The Beaches,63,The Beaches (63),D55,638373.5749,4837034.7379
4980,5296064,1129305,9/8/2009 8:00:00 AM,1941,KING ST W,BATHURST ST,,Major Arterial,Toronto and East York,43.644045,-79.40199,,No Control,Clear,Dark,Dry,Non-Fatal Injury,Sideswipe,Passenger,20 to 24,Minor,,,Other,,,,,,,,,,,,Yes,Yes,,,,Yes,,Yes,,,,164,Wellington Place,77,Waterfront Communities-The Island (77),D14,628883.6064,4833578.6189
4981,5296065,1129305,9/8/2009 8:00:00 AM,1941,KING ST W,BATHURST ST,,Major Arterial,Toronto and East York,43.644045,-79.40199,,No Control,Clear,Dark,Dry,Non-Fatal Injury,Sideswipe,Motorcycle Driver,30 to 34,Major,,East,Motorcycle,Going Ahead,Improper Passing,Normal,,,,,,,,,Yes,Yes,,,,Yes,,Yes,,,,164,Wellington Place,77,Waterfront Communities-The Island (77),D14,628883.6064,4833578.6189
4982,5296066,1129305,9/8/2009 8:00:00 AM,1941,KING ST W,BATHURST ST,,Major Arterial,Toronto and East York,43.644045,-79.40199,,No Control,Clear,Dark,Dry,Non-Fatal Injury,Sideswipe,Driver,40 to 44,None,,East,"Automobile, Station Wagon",Turning Right,Failed to Yield Right of Way,Normal,,,,,,,,,Yes,Yes,,,,Yes,,Yes,,,,164,Wellington Place,77,Waterfront Communities-The Island (77),D14,628883.6064,4833578.6189
4983,5295843,1129211,9/9/2009 8:00:00 AM,1400,GERRARD ST E,BERKELEY ST,,Minor Arterial,Toronto and East York,43.662045,-79.36849,,No Control,Clear,Daylight,Dry,Non-Fatal Injury,Turning Movement,Motorcycle Driver,25 to 29,Major,,West,Motorcycle,Going Ahead,Driving Properly,Normal,,,,,,,,,Yes,Yes,,,,,,,,,,73,Moss Park,73,Moss Park (73),D51,631546.1903,4835630.3253
4984,5295844,1129211,9/9/2009 8:00:00 AM,1400,GERRARD ST E,BERKELEY ST,,Minor Arterial,Toronto and East York,43.662045,-79.36849,,No Control,Clear,Daylight,Dry,Non-Fatal Injury,Turning Movement,Vehicle Owner,unknown,,,,Other,,,,,,,,,,,,Yes,Yes,,,,,,,,,,73,Moss Park,73,Moss Park (73),D51,631546.1903,4835630.3253
4985,5295845,1129211,9/9/2009 8:00:00 AM,1400,GERRARD ST E,BERKELEY ST,,Minor Arterial,Toronto and East York,43.662045,-79.36849,,No Control,Clear,Daylight,Dry,Non-Fatal Injury,Turning Movement,Driver,20 to 24,None,,West,"Automobile, Station Wagon",Making U Turn,Improper Turn,Inattentive,,,,,,,,,Yes,Yes,,,,,,,,,,73,Moss Park,73,Moss Park (73),D51,631546.1903,4835630.3253
4986,5283203,1123704,9/9/2009 8:00:00 AM,1452,KINGSTON Rd,LEE Ave,,Major Arterial,Toronto and East York,43.678145,-79.30119,At Intersection,Pedestrian Crossover,Clear,Daylight,Dry,Non-Fatal Injury,Pedestrian Collisions,Wheelchair,80 to 84,Major,,South,Other,Going Ahead,,,Pedestrian hit a PXO/ped. Mid-block signal,"Crossing, Pedestrian Crossover",Normal,,,,Yes,,Yes,,,,,,,Yes,,,,62,East End-Danforth,62,East End-Danforth (62),D55,636935.9309,4837527.3605
4987,5283204,1123704,9/9/2009 8:00:00 AM,1452,KINGSTON Rd,LEE Ave,,Major Arterial,Toronto and East York,43.678145,-79.30119,At Intersection,Pedestrian Crossover,Clear,Daylight,Dry,Non-Fatal Injury,Pedestrian Collisions,Vehicle Owner,unknown,,,,Other,,,,,,,,,,Yes,,Yes,,,,,,,Yes,,,,62,East End-Danforth,62,East End-Danforth (62),D55,636935.9309,4837527.3605
4988,5283205,1123704,9/9/2009 8:00:00 AM,1452,KINGSTON Rd,LEE Ave,,Major Arterial,Toronto and East York,43.678145,-79.30119,At Intersection,Pedestrian Crossover,Clear,Daylight,Dry,Non-Fatal Injury,Pedestrian Collisions,Driver,60 to 64,None,,West,"Automobile, Station Wagon",Going Ahead,Failed to Yield Right of Way,Inattentive,,,,,,,Yes,,Yes,,,,,,,Yes,,,,62,East End-Danforth,62,East End-Danforth (62),D55,636935.9309,4837527.3605
4989,5294946,1128823,9/11/2009 8:00:00 AM,1132,CASTLEFIELD AVE,WOODBOROUGH AVE,,Collector,Etobicoke York,43.696345,-79.46869,At Intersection,No Control,Clear,Daylight,Dry,Non-Fatal Injury,Cyclist Collisions,Driver,75 to 79,None,,West,"Automobile, Station Wagon",Turning Left,Improper Turn,Inattentive,,,,,,,,Yes,Yes,,,,,,,,,,,112,Beechborough-Greenbrook,112,Beechborough-Greenbrook (112),D12,623396.8069,4839285.8093
4990,5294947,1128823,9/11/2009 8:00:00 AM,1132,CASTLEFIELD AVE,WOODBOROUGH AVE,,Collector,Etobicoke York,43.696345,-79.46869,At Intersection,No Control,Clear,Daylight,Dry,Non-Fatal Injury,Cyclist Collisions,Cyclist,55 to 59,Major,,East,Bicycle,Going Ahead,,,,,,Motorist turned left across cyclists path.,Driving Properly,Normal,,Yes,Yes,,,,,,,,,,,112,Beechborough-Greenbrook,112,Beechborough-Greenbrook (112),D12,623396.8069,4839285.8093
4991,5807858,1124219,9/11/2009 8:00:00 AM,1253,SHEPPARD Ave W,WELBECK Rd,,Major Arterial,North York,43.759545,-79.41979,,No Control,Clear,Daylight,Dry,Non-Fatal Injury,Pedestrian Collisions,Driver,45 to 49,Major,,East,"Automobile, Station Wagon",Going Ahead,Lost control,Medical or Physical Disability,,,,,,,Yes,,Yes,,,,,,,,,,Yes,38,Lansing-Westgate,38,Lansing-Westgate (38),D32,627203.4779,4846379.0161
4992,5807859,1124219,9/11/2009 8:00:00 AM,1253,SHEPPARD Ave W,WELBECK Rd,,Major Arterial,North York,43.759545,-79.41979,,No Control,Clear,Daylight,Dry,Non-Fatal Injury,Pedestrian Collisions,Vehicle Owner,unknown,,,,Other,,,,,,,,,,Yes,,Yes,,,,,,,,,,Yes,38,Lansing-Westgate,38,Lansing-Westgate (38),D32,627203.4779,4846379.0161
4993,5807860,1124219,9/11/2009 8:00:00 AM,1253,SHEPPARD Ave W,WELBECK Rd,,Major Arterial,North York,43.759545,-79.41979,,No Control,Clear,Daylight,Dry,Non-Fatal Injury,Pedestrian Collisions,Driver,50 to 54,None,,West,"Automobile, Station Wagon",Going Ahead,Driving Properly,Normal,,,,,,,Yes,,Yes,,,,,,,,,,Yes,38,Lansing-Westgate,38,Lansing-Westgate (38),D32,627203.4779,4846379.0161
4994,5807861,1124219,9/11/2009 8:00:00 AM,1253,SHEPPARD Ave W,WELBECK Rd,,Major Arterial,North York,43.759545,-79.41979,,No Control,Clear,Daylight,Dry,Non-Fatal Injury,Pedestrian Collisions,Pedestrian,55 to 59,Major,,West,Other,,,,Pedestrian hit on sidewalk or shoulder,On Sidewalk or Shoulder,Normal,,,,Yes,,Yes,,,,,,,,,,Yes,38,Lansing-Westgate,38,Lansing-Westgate (38),D32,627203.4779,4846379.0161
4995,5807862,1124221,9/11/2009 8:00:00 AM,2009,VICTORIA PARK AVE,ARNCLIFFE CRES,,Major Arterial,North York,43.731845,-79.30559,At Intersection,Traffic Signal,Clear,Dark,Dry,Fatal,Pedestrian Collisions,Driver,35 to 39,None,,North,"Automobile, Station Wagon",Going Ahead,Driving Properly,Normal,,,,,,,Yes,,Yes,,,,,,,,,,,119,Wexford/Maryvale,119,Wexford/Maryvale (119),D41,636459.3529,4843484.258
4996,5807863,1124221,9/11/2009 8:00:00 AM,2009,VICTORIA PARK AVE,ARNCLIFFE CRES,,Major Arterial,North York,43.731845,-79.30559,At Intersection,Traffic Signal,Clear,Dark,Dry,Fatal,Pedestrian Collisions,Pedestrian,15 to 19,Fatal,26,East,Other,,,,Vehicle is going straight thru inter.while ped cross without ROW,Crossing without right of way,Inattentive,,,,Yes,,Yes,,,,,,,,,,,119,Wexford/Maryvale,119,Wexford/Maryvale (119),D41,636459.3529,4843484.258
4997,5860573,1129523,9/14/2009 8:00:00 AM,1413,150 GRAYDON HALL DR,,,Collector,North York,43.764945,-79.34349,,No Control,Clear,Daylight,Dry,Non-Fatal Injury,Turning Movement,Motorcycle Driver,30 to 34,Major,,West,Motorcycle,Going Ahead,Exceeding Speed Limit,Had Been Drinking,,,,,,,,,Yes,Yes,,,,,Yes,Yes,,,,150,Fenside-Parkwoods,45,Parkwoods-Donalda (45),D33,633333.5262,4847098.7893
4998,5860574,1129523,9/14/2009 8:00:00 AM,1413,150 GRAYDON HALL DR,,,Collector,North York,43.764945,-79.34349,,No Control,Clear,Daylight,Dry,Non-Fatal Injury,Turning Movement,Driver,20 to 24,None,,East,"Automobile, Station Wagon",Turning Left,Driving Properly,Normal,,,,,,,,,Yes,Yes,,,,,Yes,Yes,,,,150,Fenside-Parkwoods,45,Parkwoods-Donalda (45),D33,633333.5262,4847098.7893
4999,5285163,1124595,9/14/2009 8:00:00 AM,2103,KINGSTON RD,CLIFFSIDE DR,,Major Arterial,Scarborough,43.703945,-79.25279,At Intersection,Traffic Signal,Clear,Dark,Dry,Non-Fatal Injury,Cyclist Collisions,Driver,30 to 34,Minor,,West,"Automobile, Station Wagon",Going Ahead,Driving Properly,Normal,,,,,,,,Yes,Yes,,,,,Yes,,,,,,122,Birchcliffe-Cliffside,122,Birchcliffe-Cliffside (122),D41,640776.9779,4840473.8662
5000,5285164,1124595,9/14/2009 8:00:00 AM,2103,KINGSTON RD,CLIFFSIDE DR,,Major Arterial,Scarborough,43.703945,-79.25279,At Intersection,Traffic Signal,Clear,Dark,Dry,Non-Fatal Injury,Cyclist Collisions,Passenger,50 to 54,Minor,,,Other,Other,,,,,,,,,,Yes,Yes,,,,,Yes,,,,,,122,Birchcliffe-Cliffside,122,Birchcliffe-Cliffside (122),D41,640776.9779,4840473.8662
5001,5285165,1124595,9/14/2009 8:00:00 AM,2103,KINGSTON RD,CLIFFSIDE DR,,Major Arterial,Scarborough,43.703945,-79.25279,At Intersection,Traffic Signal,Clear,Dark,Dry,Non-Fatal Injury,Cyclist Collisions,Cyclist,45 to 49,Major,,,Bicycle,Going Ahead,,,,,,"Cyclist without ROW rides into path of motorist at inter, lnwy, dwy-Cyclist not turn.",Disobeyed Traffic Control,"Ability Impaired, Alcohol Over .80",,Yes,Yes,,,,,Yes,,,,,,122,Birchcliffe-Cliffside,122,Birchcliffe-Cliffside (122),D41,640776.9779,4840473.8662
5002,5285850,1124865,9/15/2009 8:00:00 AM,1400,KIPLING AVE,ALBION RD,,Major Arterial,Etobicoke York,43.738945,-79.57999,,No Control,Clear,Daylight,Dry,Fatal,Pedestrian Collisions,Driver,40 to 44,None,,South,"Automobile, Station Wagon",Going Ahead,Driving Properly,Normal,,,,,,,Yes,,Yes,,,,,,,,,,,3,Thistletown-Beaumond Heights,3,Thistletown-Beaumond Heights (3),D23,614346.8495,4843857.5142
5003,5285851,1124865,9/15/2009 8:00:00 AM,1400,KIPLING AVE,ALBION RD,,Major Arterial,Etobicoke York,43.738945,-79.57999,,No Control,Clear,Daylight,Dry,Fatal,Pedestrian Collisions,Pedestrian,75 to 79,Fatal,27,East,Other,,,,Pedestrian hit at mid-block,"Crossing, no Traffic Control",Inattentive,,,,Yes,,Yes,,,,,,,,,,,3,Thistletown-Beaumond Heights,3,Thistletown-Beaumond Heights (3),D23,614346.8495,4843857.5142
5004,5287010,1125395,9/16/2009 8:00:00 AM,833,2680 KEELE ST,,,Major Arterial,North York,43.724445,-79.48159,At Intersection,No Control,Clear,Daylight,Dry,Non-Fatal Injury,Turning Movement,Vehicle Owner,unknown,,,,Other,,,,,,,,,,,,Yes,,Yes,,,,,,,,,154,Oakdale-Beverley Heights,26,Downsview-Roding-CFB (26),D31,622300.118,4842387.5892
5005,5287011,1125395,9/16/2009 8:00:00 AM,833,2680 KEELE ST,,,Major Arterial,North York,43.724445,-79.48159,At Intersection,No Control,Clear,Daylight,Dry,Non-Fatal Injury,Turning Movement,Truck Driver,50 to 54,None,,South,Truck - Open,Going Ahead,Driving Properly,Normal,,,,,,,,,Yes,,Yes,,,,,,,,,154,Oakdale-Beverley Heights,26,Downsview-Roding-CFB (26),D31,622300.118,4842387.5892
5006,5287012,1125395,9/16/2009 8:00:00 AM,833,2680 KEELE ST,,,Major Arterial,North York,43.724445,-79.48159,At Intersection,No Control,Clear,Daylight,Dry,Non-Fatal Injury,Turning Movement,Driver,85 to 89,Major,,North,"Automobile, Station Wagon",Turning Left,Improper Turn,Inattentive,,,,,,,,,Yes,,Yes,,,,,,,,,154,Oakdale-Beverley Heights,26,Downsview-Roding-CFB (26),D31,622300.118,4842387.5892
5007,5287013,1125395,9/16/2009 8:00:00 AM,833,2680 KEELE ST,,,Major Arterial,North York,43.724445,-79.48159,At Intersection,No Control,Clear,Daylight,Dry,Non-Fatal Injury,Turning Movement,Other,unknown,None,,,Other,,,,,,,,,,,,Yes,,Yes,,,,,,,,,154,Oakdale-Beverley Heights,26,Downsview-Roding-CFB (26),D31,622300.118,4842387.5892
5008,5297991,1130210,9/16/2009 8:00:00 AM,950,BAY ST,ST JOSEPH ST,,Major Arterial,Toronto and East York,43.665645,-79.38769,At Intersection,Traffic Signal,Clear,Daylight,Dry,Non-Fatal Injury,Rear End,Motorcycle Driver,25 to 29,Major,,South,Motorcycle,Slowing or Stopping,Following too Close,Inattentive,,,,,,,,,Yes,Yes,,,,,Yes,Yes,,,,169,Bay-Cloverhill,76,Bay Street Corridor (76),D52,629990.3368,4835999.89
5009,5297992,1130210,9/16/2009 8:00:00 AM,950,BAY ST,ST JOSEPH ST,,Major Arterial,Toronto and East York,43.665645,-79.38769,At Intersection,Traffic Signal,Clear,Daylight,Dry,Non-Fatal Injury,Rear End,Driver,50 to 54,None,,South,"Automobile, Station Wagon",Stopped,Driving Properly,Normal,,,,,,,,,Yes,Yes,,,,,Yes,Yes,,,,169,Bay-Cloverhill,76,Bay Street Corridor (76),D52,629990.3368,4835999.89
5010,5298259,1130310,9/16/2009 8:00:00 AM,2320,QUEENS PARK CRES E,GROSVENOR ST,,Major Arterial,Toronto and East York,43.661745,-79.38989,,No Control,Clear,Dark,Dry,Non-Fatal Injury,SMV Other,Motorcycle Driver,20 to 24,Major,,North,Motorcycle,Going Ahead,Lost control,Inattentive,,,,,,,,,,Yes,,,,,Yes,Yes,,,,169,Bay-Cloverhill,76,Bay Street Corridor (76),D52,629821.3691,4835563.2981
5011,5287090,1125430,9/17/2009 8:00:00 AM,1349,KEELE ST,MURRAY ROSS PKWY,,Major Arterial,Etobicoke York,43.767345,-79.49199,At Intersection,Traffic Signal,Clear,Daylight,Dry,Non-Fatal Injury,SMV Other,Vehicle Owner,unknown,,,,Other,,,,,,,,,,,,Yes,,,,,,,,,,Yes,27,York University Heights,27,York University Heights (27),D31,621375.712,4847136.9641
5012,5287091,1125430,9/17/2009 8:00:00 AM,1349,KEELE ST,MURRAY ROSS PKWY,,Major Arterial,Etobicoke York,43.767345,-79.49199,At Intersection,Traffic Signal,Clear,Daylight,Dry,Non-Fatal Injury,SMV Other,Driver,45 to 49,Major,,North,"Automobile, Station Wagon",Going Ahead,Lost control,Medical or Physical Disability,,,,,,,,,Yes,,,,,,,,,,Yes,27,York University Heights,27,York University Heights (27),D31,621375.712,4847136.9641
5013,5862348,1125601,9/17/2009 8:00:00 AM,1520,MARKHAM Road,TUXEDO Cour,,Major Arterial,Scarborough,43.779545,-79.23299,,Traffic Signal,Clear,Daylight,Dry,Non-Fatal Injury,Pedestrian Collisions,Driver,35 to 39,None,,South,"Automobile, Station Wagon",Going Ahead,Driving Properly,Normal,,,,,,,Yes,,Yes,,,,,,,,,,,142,Woburn North,137,Woburn (137),D43,642193.2352,4848904.2056
5014,5862349,1125601,9/17/2009 8:00:00 AM,1520,MARKHAM Road,TUXEDO Cour,,Major Arterial,Scarborough,43.779545,-79.23299,,Traffic Signal,Clear,Daylight,Dry,Non-Fatal Injury,Pedestrian Collisions,Pedestrian,75 to 79,Major,,West,Other,,,,Vehicle is going straight thru inter.while ped cross without ROW,Crossing without right of way,Normal,,,,Yes,,Yes,,,,,,,,,,,142,Woburn North,137,Woburn (137),D43,642193.2352,4848904.2056
5015,5298686,1130482,9/18/2009 8:00:00 AM,45,KINGSTON Rd,BIRCHCLIFF Ave,,Major Arterial,Scarborough,43.691245,-79.26519,,No Control,Clear,Dark,Dry,Non-Fatal Injury,Pedestrian Collisions,Driver,40 to 44,None,,East,"Automobile, Station Wagon",Going Ahead,Driving Properly,Normal,,,,,,,Yes,,Yes,,,,,,,,,,,122,Birchcliffe-Cliffside,122,Birchcliffe-Cliffside (122),D41,639807.3813,4839042.3672
5016,5298687,1130482,9/18/2009 8:00:00 AM,45,KINGSTON Rd,BIRCHCLIFF Ave,,Major Arterial,Scarborough,43.691245,-79.26519,,No Control,Clear,Dark,Dry,Non-Fatal Injury,Pedestrian Collisions,Pedestrian,15 to 19,Major,,South,Other,,,,Pedestrian hit at mid-block,Running onto Roadway,"Ability Impaired, Alcohol",,,,Yes,,Yes,,,,,,,,,,,122,Birchcliffe-Cliffside,122,Birchcliffe-Cliffside (122),D41,639807.3813,4839042.3672
5017,5298728,1130499,9/18/2009 8:00:00 AM,2302,DON MILLS RD,OVERLEA BLVD,,Major Arterial,North York,43.709945,-79.33439,At Intersection,Traffic Signal,Clear,Dark,Dry,Non-Fatal Injury,Pedestrian Collisions,Driver,50 to 54,None,,West,"Automobile, Station Wagon",Turning Left,Driving Properly,Normal,,,,,,,Yes,,Yes,,,,,,,,,,,44,Flemingdon Park,44,Flemingdon Park (44),D55,634188.8026,4841004.9178
5018,5298729,1130499,9/18/2009 8:00:00 AM,2302,DON MILLS RD,OVERLEA BLVD,,Major Arterial,North York,43.709945,-79.33439,At Intersection,Traffic Signal,Clear,Dark,Dry,Non-Fatal Injury,Pedestrian Collisions,Pedestrian,25 to 29,Major,,West,Other,,,,Vehicle turns left while ped crosses with ROW at inter.,Crossing with right of way,Inattentive,,,,Yes,,Yes,,,,,,,,,,,44,Flemingdon Park,44,Flemingdon Park (44),D55,634188.8026,4841004.9178
5019,5298513,1130411,9/19/2009 8:00:00 AM,1418,ELLESMERE RD,DEWEY DR,,Major Arterial,Scarborough,43.760345,-79.30449,At Intersection,Stop Sign,Clear,Daylight,Dry,Fatal,Turning Movement,Driver,30 to 34,None,,East,"Automobile, Station Wagon",Going Ahead,Driving Properly,Normal,,,,,,,,,Yes,,,,,,,Yes,,,,119,Wexford/Maryvale,119,Wexford/Maryvale (119),D41,636483.1542,4846651.4235
5020,5298514,1130411,9/19/2009 8:00:00 AM,1418,ELLESMERE RD,DEWEY DR,,Major Arterial,Scarborough,43.760345,-79.30449,At Intersection,Stop Sign,Clear,Daylight,Dry,Fatal,Turning Movement,Driver,85 to 89,Fatal,28,North,"Automobile, Station Wagon",Turning Left,Failed to Yield Right of Way,Inattentive,,,,,,,,,Yes,,,,,,,Yes,,,,119,Wexford/Maryvale,119,Wexford/Maryvale (119),D41,636483.1542,4846651.4235
5021,5299382,1130772,9/19/2009 8:00:00 AM,2047,DANFORTH Aven,DAWES Road,,Major Arterial,Toronto and East York,43.689245,-79.29679,At Intersection,Traffic Signal,Clear,Dark,Dry,Non-Fatal Injury,Pedestrian Collisions,Driver,20 to 24,None,,North,"Automobile, Station Wagon",Turning Left,Failed to Yield Right of Way,Normal,,,,,,,Yes,,Yes,,,,,,Yes,Yes,,,,62,East End-Danforth,62,East End-Danforth (62),D55,637265.2869,4838767.4443
5022,5299383,1130772,9/19/2009 8:00:00 AM,2047,DANFORTH Aven,DAWES Road,,Major Arterial,Toronto and East York,43.689245,-79.29679,At Intersection,Traffic Signal,Clear,Dark,Dry,Non-Fatal Injury,Pedestrian Collisions,Pedestrian,55 to 59,Major,,South,Other,,,,Vehicle turns left while ped crosses with ROW at inter.,Crossing with right of way,Normal,,,,Yes,,Yes,,,,,,Yes,Yes,,,,62,East End-Danforth,62,East End-Danforth (62),D55,637265.2869,4838767.4443
5023,5865466,1126375,9/19/2009 8:00:00 AM,2315,DON MILLS RD,HAVENBROOK BLVD,,Major Arterial,North York,43.769545,-79.34649,At Intersection,Traffic Signal,Clear,Dark,Dry,Non-Fatal Injury,Pedestrian Collisions,Driver,unknown,None,,South,"Automobile, Station Wagon",Going Ahead,Failed to Yield Right of Way,Unknown,,,,,,,Yes,,Yes,,,,,,,Yes,,,,53,Henry Farm,53,Henry Farm (53),D33,633081.85,4847604.8637
5024,5865467,1126375,9/19/2009 8:00:00 AM,2315,DON MILLS RD,HAVENBROOK BLVD,,Major Arterial,North York,43.769545,-79.34649,At Intersection,Traffic Signal,Clear,Dark,Dry,Non-Fatal Injury,Pedestrian Collisions,Pedestrian,15 to 19,Major,,West,Other,,,,Vehicle is going straight thru inter.while ped cross with ROW,Crossing with right of way,Normal,,,,Yes,,Yes,,,,,,,Yes,,,,53,Henry Farm,53,Henry Farm (53),D33,633081.85,4847604.8637
5025,5287878,1125793,9/20/2009 8:00:00 AM,244,DUNDAS ST W,DOVERCOURT RD,,Minor Arterial,Toronto and East York,43.649445,-79.42469,At Intersection,Traffic Signal,Clear,Dark,Dry,Non-Fatal Injury,Rear End,Driver,45 to 49,Major,,East,"Automobile, Station Wagon",Going Ahead,Driving Properly,Normal,,,,,,,,,Yes,,,,,,Yes,Yes,,Yes,,81,Trinity-Bellwoods,81,Trinity-Bellwoods (81),D14,627041.3906,4834143.3578
5026,5287879,1125793,9/20/2009 8:00:00 AM,244,DUNDAS ST W,DOVERCOURT RD,,Minor Arterial,Toronto and East York,43.649445,-79.42469,At Intersection,Traffic Signal,Clear,Dark,Dry,Non-Fatal Injury,Rear End,Driver,65 to 69,Major,,West,"Automobile, Station Wagon",Going Ahead,Exceeding Speed Limit,"Ability Impaired, Alcohol Over .08",,,,,,,,,Yes,,,,,,Yes,Yes,,Yes,,81,Trinity-Bellwoods,81,Trinity-Bellwoods (81),D14,627041.3906,4834143.3578
5027,5287880,1125793,9/20/2009 8:00:00 AM,244,DUNDAS ST W,DOVERCOURT RD,,Minor Arterial,Toronto and East York,43.649445,-79.42469,At Intersection,Traffic Signal,Clear,Dark,Dry,Non-Fatal Injury,Rear End,Driver,15 to 19,Major,,West,"Automobile, Station Wagon",Going Ahead,Driving Properly,Normal,,,,,,,,,Yes,,,,,,Yes,Yes,,Yes,,81,Trinity-Bellwoods,81,Trinity-Bellwoods (81),D14,627041.3906,4834143.3578
5028,5287881,1125793,9/20/2009 8:00:00 AM,244,DUNDAS ST W,DOVERCOURT RD,,Minor Arterial,Toronto and East York,43.649445,-79.42469,At Intersection,Traffic Signal,Clear,Dark,Dry,Non-Fatal Injury,Rear End,Driver,45 to 49,Major,,East,"Automobile, Station Wagon",Going Ahead,Driving Properly,Normal,,,,,,,,,Yes,,,,,,Yes,Yes,,Yes,,81,Trinity-Bellwoods,81,Trinity-Bellwoods (81),D14,627041.3906,4834143.3578
5029,5287882,1125794,9/20/2009 8:00:00 AM,244,DUNDAS ST W,COOLMINE RD,,Minor Arterial,Toronto and East York,43.649445,-79.42559,At Intersection,No Control,Clear,Dark,Dry,Non-Fatal Injury,Rear End,Driver,65 to 69,Major,,West,"Automobile, Station Wagon",Going Ahead,Exceeding Speed Limit,"Ability Impaired, Alcohol Over .08",,,,,,,,,Yes,,,,,,Yes,Yes,,Yes,,84,Little Portugal,84,Little Portugal (84),D14,626968.8091,4834141.9804
5030,5287883,1125794,9/20/2009 8:00:00 AM,244,DUNDAS ST W,COOLMINE RD,,Minor Arterial,Toronto and East York,43.649445,-79.42559,At Intersection,No Control,Clear,Dark,Dry,Non-Fatal Injury,Rear End,Driver,40 to 44,Major,,East,"Automobile, Station Wagon",Going Ahead,Driving Properly,Normal,,,,,,,,,Yes,,,,,,Yes,Yes,,Yes,,84,Little Portugal,84,Little Portugal (84),D14,626968.8091,4834141.9804
5031,5287884,1125794,9/20/2009 8:00:00 AM,244,DUNDAS ST W,COOLMINE RD,,Minor Arterial,Toronto and East York,43.649445,-79.42559,At Intersection,No Control,Clear,Dark,Dry,Non-Fatal Injury,Rear End,Driver,30 to 34,Major,,West,"Automobile, Station Wagon",Going Ahead,Driving Properly,Normal,,,,,,,,,Yes,,,,,,Yes,Yes,,Yes,,84,Little Portugal,84,Little Portugal (84),D14,626968.8091,4834141.9804