OBJECTID,INDEX,ACCNUM,DATE,TIME,STREET1,STREET2,OFFSET,ROAD_CLASS,DISTRICT,LATITUDE,LONGITUDE,ACCLOC,TRAFFCTL,VISIBILITY,LIGHT,RDSFCOND,ACCLASS,IMPACTYPE,INVTYPE,INVAGE,INJURY,FATAL_NO,INITDIR,VEHTYPE,MANOEUVER,DRIVACT,DRIVCOND,PEDTYPE,PEDACT,PEDCOND,CYCLISTYPE,CYCACT,CYCCOND,PEDESTRIAN,CYCLIST,AUTOMOBILE,MOTORCYCLE,TRUCK,TRSN_CITY_VEH,EMERG_VEH,PASSENGER,SPEEDING,AG_DRIV,REDLIGHT,ALCOHOL,DISABILITY,HOOD_158,NEIGHBOURHOOD_158,HOOD_140,NEIGHBOURHOOD_140,DIVISION,x,y
5032,5302532,1132426,9/20/2009 8:00:00 AM,1220,BLOOR ST W,RENFORTH DR,,Major Arterial,Etobicoke York,43.635345,-79.56369,At Intersection,Stop Sign,Clear,Daylight,Dry,Non-Fatal Injury,Turning Movement,Driver,40 to 44,None,,South,"Automobile, Station Wagon",Turning Left,Disobeyed Traffic Control,Normal,,,,,,,,,Yes,,,,,Yes,,Yes,,,,12,Markland Wood,12,Markland Wood (12),D22,615858.6955,4832373.9777
5033,5302533,1132426,9/20/2009 8:00:00 AM,1220,BLOOR ST W,RENFORTH DR,,Major Arterial,Etobicoke York,43.635345,-79.56369,At Intersection,Stop Sign,Clear,Daylight,Dry,Non-Fatal Injury,Turning Movement,Passenger,40 to 44,Minimal,,,Other,,,,,,,,,,,,Yes,,,,,Yes,,Yes,,,,12,Markland Wood,12,Markland Wood (12),D22,615858.6955,4832373.9777
5034,5302534,1132426,9/20/2009 8:00:00 AM,1220,BLOOR ST W,RENFORTH DR,,Major Arterial,Etobicoke York,43.635345,-79.56369,At Intersection,Stop Sign,Clear,Daylight,Dry,Non-Fatal Injury,Turning Movement,Driver,40 to 44,Major,,East,"Automobile, Station Wagon",Going Ahead,Driving Properly,Normal,,,,,,,,,Yes,,,,,Yes,,Yes,,,,12,Markland Wood,12,Markland Wood (12),D22,615858.6955,4832373.9777
5035,5288400,1126015,9/22/2009 8:00:00 AM,52,MURRAY ROSS PKWY,LEITCH AVE,,Collector,Etobicoke York,43.765945,-79.49609,,No Control,Clear,Dark,Wet,Non-Fatal Injury,Pedestrian Collisions,Passenger,20 to 24,None,,,Other,,,,,,,,,,Yes,,Yes,,,,,Yes,Yes,Yes,,,,27,York University Heights,27,York University Heights (27),D31,621048.5351,4846975.4719
5036,5288401,1126015,9/22/2009 8:00:00 AM,52,MURRAY ROSS PKWY,LEITCH AVE,,Collector,Etobicoke York,43.765945,-79.49609,,No Control,Clear,Dark,Wet,Non-Fatal Injury,Pedestrian Collisions,Driver,25 to 29,None,,West,"Automobile, Station Wagon",Going Ahead,Exceeding Speed Limit,Unknown,,,,,,,Yes,,Yes,,,,,Yes,Yes,Yes,,,,27,York University Heights,27,York University Heights (27),D31,621048.5351,4846975.4719
5037,5288402,1126015,9/22/2009 8:00:00 AM,52,MURRAY ROSS PKWY,LEITCH AVE,,Collector,Etobicoke York,43.765945,-79.49609,,No Control,Clear,Dark,Wet,Non-Fatal Injury,Pedestrian Collisions,Pedestrian,20 to 24,Major,,,Other,,,,Pedestrian hit on sidewalk or shoulder,On Sidewalk or Shoulder,Normal,,,,Yes,,Yes,,,,,Yes,Yes,Yes,,,,27,York University Heights,27,York University Heights (27),D31,621048.5351,4846975.4719
5038,5301396,1131662,9/22/2009 8:00:00 AM,1320,SUNNYSIDE Aven,MARION Stre,,Collector,Toronto and East York,43.639945,-79.44889,,No Control,Clear,Daylight,Dry,Non-Fatal Injury,Pedestrian Collisions,Vehicle Owner,unknown,,,,Other,,,,,,,,,,Yes,,Yes,,,,,,,,,,,87,High Park-Swansea,87,High Park-Swansea (87),D11,625109.4738,4833051.4984
5039,5301397,1131662,9/22/2009 8:00:00 AM,1320,SUNNYSIDE Aven,MARION Stre,,Collector,Toronto and East York,43.639945,-79.44889,,No Control,Clear,Daylight,Dry,Non-Fatal Injury,Pedestrian Collisions,Driver,65 to 69,None,,North,"Automobile, Station Wagon",Going Ahead,Driving Properly,Normal,,,,,,,Yes,,Yes,,,,,,,,,,,87,High Park-Swansea,87,High Park-Swansea (87),D11,625109.4738,4833051.4984
5040,5301398,1131662,9/22/2009 8:00:00 AM,1320,SUNNYSIDE Aven,MARION Stre,,Collector,Toronto and East York,43.639945,-79.44889,,No Control,Clear,Daylight,Dry,Non-Fatal Injury,Pedestrian Collisions,Pedestrian,40 to 44,Major,,West,Other,,,,Vehicle hits the pedestrian walking or running out from between parked vehicles at mid-block,Coming From Behind Parked Vehicle,Normal,,,,Yes,,Yes,,,,,,,,,,,87,High Park-Swansea,87,High Park-Swansea (87),D11,625109.4738,4833051.4984
5041,5865457,1126214,9/22/2009 8:00:00 AM,2220,YONGE Stre,GROSVENOR Stre,,Major Arterial,Toronto and East York,43.663045,-79.38379,At Intersection,Traffic Signal,Clear,Dark,Dry,Non-Fatal Injury,Pedestrian Collisions,Driver,40 to 44,None,,South,"Automobile, Station Wagon",Going Ahead,Driving Properly,Normal,,,,,,,Yes,,Yes,,,,,,,,,,,167,Church-Wellesley,75,Church-Yonge Corridor (75),D51,630310.3978,4835717.2435
5042,5865458,1126214,9/22/2009 8:00:00 AM,2220,YONGE Stre,GROSVENOR Stre,,Major Arterial,Toronto and East York,43.663045,-79.38379,At Intersection,Traffic Signal,Clear,Dark,Dry,Non-Fatal Injury,Pedestrian Collisions,Vehicle Owner,unknown,,,,Other,,,,,,,,,,Yes,,Yes,,,,,,,,,,,167,Church-Wellesley,75,Church-Yonge Corridor (75),D51,630310.3978,4835717.2435
5043,5865459,1126214,9/22/2009 8:00:00 AM,2220,YONGE Stre,GROSVENOR Stre,,Major Arterial,Toronto and East York,43.663045,-79.38379,At Intersection,Traffic Signal,Clear,Dark,Dry,Non-Fatal Injury,Pedestrian Collisions,Driver,20 to 24,None,,South,"Automobile, Station Wagon",Going Ahead,Driving Properly,Normal,,,,,,,Yes,,Yes,,,,,,,,,,,167,Church-Wellesley,75,Church-Yonge Corridor (75),D51,630310.3978,4835717.2435
5044,5865460,1126214,9/22/2009 8:00:00 AM,2220,YONGE Stre,GROSVENOR Stre,,Major Arterial,Toronto and East York,43.663045,-79.38379,At Intersection,Traffic Signal,Clear,Dark,Dry,Non-Fatal Injury,Pedestrian Collisions,Pedestrian,30 to 34,Major,,,Other,,,,Vehicle is going straight thru inter.while ped cross without ROW,Other,Unknown,,,,Yes,,Yes,,,,,,,,,,,167,Church-Wellesley,75,Church-Yonge Corridor (75),D51,630310.3978,4835717.2435
5045,5294928,1128816,9/23/2009 8:00:00 AM,1230,LAKE SHORE BLVD E,LOWER JARVIS ST,,Major Arterial,Toronto and East York,43.645945,-79.36809,,No Control,Clear,Daylight,Dry,Non-Fatal Injury,Sideswipe,Driver,25 to 29,None,,West,"Automobile, Station Wagon",Changing Lanes,Improper Lane Change,Normal,,,,,,,,,Yes,,,,,Yes,,,,,,166,St Lawrence-East Bayfront-The Islands,77,Waterfront Communities-The Island (77),D51,631613.6083,4833842.8418
5046,5294929,1128816,9/23/2009 8:00:00 AM,1230,LAKE SHORE BLVD E,LOWER JARVIS ST,,Major Arterial,Toronto and East York,43.645945,-79.36809,,No Control,Clear,Daylight,Dry,Non-Fatal Injury,Sideswipe,Passenger,50 to 54,Major,,,Other,,,,,,,,,,,,Yes,,,,,Yes,,,,,,166,St Lawrence-East Bayfront-The Islands,77,Waterfront Communities-The Island (77),D51,631613.6083,4833842.8418
5047,5294930,1128816,9/23/2009 8:00:00 AM,1230,LAKE SHORE BLVD E,LOWER JARVIS ST,,Major Arterial,Toronto and East York,43.645945,-79.36809,,No Control,Clear,Daylight,Dry,Non-Fatal Injury,Sideswipe,Driver,25 to 29,None,,West,"Automobile, Station Wagon",Going Ahead,Driving Properly,Normal,,,,,,,,,Yes,,,,,Yes,,,,,,166,St Lawrence-East Bayfront-The Islands,77,Waterfront Communities-The Island (77),D51,631613.6083,4833842.8418
5048,5302050,1132051,9/24/2009 8:00:00 AM,1010,CHURCH ST,GOULD ST,,Minor Arterial,Toronto and East York,43.658745,-79.37809,,No Control,Clear,Daylight,Dry,Non-Fatal Injury,Cyclist Collisions,Driver,unknown,None,,South,"Automobile, Station Wagon",Parked,Other,Inattentive,,,,,,,,Yes,Yes,,,,,,,,,,,168,Downtown Yonge East,75,Church-Yonge Corridor (75),D51,630779.3132,4835248.6399
5049,5302051,1132051,9/24/2009 8:00:00 AM,1010,CHURCH ST,GOULD ST,,Minor Arterial,Toronto and East York,43.658745,-79.37809,,No Control,Clear,Daylight,Dry,Non-Fatal Injury,Cyclist Collisions,Cyclist,20 to 24,Major,,South,Bicycle,Slowing or Stopping,,,,,,Cyclist struck opened vehicle door,Driving Properly,Normal,,Yes,Yes,,,,,,,,,,,168,Downtown Yonge East,75,Church-Yonge Corridor (75),D51,630779.3132,4835248.6399
5050,5301961,1131978,9/24/2009 8:00:00 AM,1730,DUPONT ST,OSLER ST,,Major Arterial,Toronto and East York,43.664545,-79.45659,,No Control,Clear,Daylight,Dry,Non-Fatal Injury,Cyclist Collisions,Driver,35 to 39,None,,East,"Automobile, Station Wagon",Turning Left,Improper Turn,Normal,,,,,,,,Yes,Yes,,,,,,,,,,,171,Junction-Wallace Emerson,93,Dovercourt-Wallace Emerson-Junction (93),D11,624437.586,4835772.0696
5051,5301962,1131978,9/24/2009 8:00:00 AM,1730,DUPONT ST,OSLER ST,,Major Arterial,Toronto and East York,43.664545,-79.45659,,No Control,Clear,Daylight,Dry,Non-Fatal Injury,Cyclist Collisions,Cyclist,30 to 34,Major,,West,Bicycle,Going Ahead,,,,,,Motorist turned left across cyclists path.,Driving Properly,Normal,,Yes,Yes,,,,,,,,,,,171,Junction-Wallace Emerson,93,Dovercourt-Wallace Emerson-Junction (93),D11,624437.586,4835772.0696
5052,5303380,1133302,9/24/2009 8:00:00 AM,2115,MARTIN GROVE Road,EGLINTON Aven W,,Major Arterial,Etobicoke York,43.674445,-79.56319,At Intersection,Traffic Signal,Clear,Dark,Dry,Non-Fatal Injury,Turning Movement,Driver,25 to 29,None,,North,"Automobile, Station Wagon",Going Ahead,Driving Properly,Normal,,,,,,,,,Yes,Yes,,,,Yes,,,,,,11,Eringate-Centennial-West Deane,11,Eringate-Centennial-West Deane (11),D22,615823.8381,4836717.2289
5053,5303381,1133302,9/24/2009 8:00:00 AM,2115,MARTIN GROVE Road,EGLINTON Aven W,,Major Arterial,Etobicoke York,43.674445,-79.56319,At Intersection,Traffic Signal,Clear,Dark,Dry,Non-Fatal Injury,Turning Movement,Passenger,25 to 29,Major,,,Other,,,,,,,,,,,,Yes,Yes,,,,Yes,,,,,,11,Eringate-Centennial-West Deane,11,Eringate-Centennial-West Deane (11),D22,615823.8381,4836717.2289
5054,5303382,1133302,9/24/2009 8:00:00 AM,2115,MARTIN GROVE Road,EGLINTON Aven W,,Major Arterial,Etobicoke York,43.674445,-79.56319,At Intersection,Traffic Signal,Clear,Dark,Dry,Non-Fatal Injury,Turning Movement,Motorcycle Driver,30 to 34,Major,,South,Motorcycle,Turning Left,Improper Turn,Inattentive,,,,,,,,,Yes,Yes,,,,Yes,,,,,,11,Eringate-Centennial-West Deane,11,Eringate-Centennial-West Deane (11),D22,615823.8381,4836717.2289
5055,5290548,1126950,9/25/2009 8:00:00 AM,1340,80 AUTO MALL DR,,,Local,Scarborough,43.802344,-79.191989,,No Control,Clear,Daylight,Dry,Non-Fatal Injury,Sideswipe,Driver,50 to 54,None,,North,Passenger Van,Turning Left,Driving Properly,Normal,,,,,,,,,Yes,Yes,,,,,,Yes,,,,144,Morningside Heights,131,Rouge (131),D42,645437.3562,4851507.6449
5056,5290549,1126950,9/25/2009 8:00:00 AM,1340,80 AUTO MALL DR,,,Local,Scarborough,43.802344,-79.191989,,No Control,Clear,Daylight,Dry,Non-Fatal Injury,Sideswipe,Motorcycle Driver,30 to 34,Major,,North,Motorcycle,Overtaking,Improper Passing,Inattentive,,,,,,,,,Yes,Yes,,,,,,Yes,,,,144,Morningside Heights,131,Rouge (131),D42,645437.3562,4851507.6449
5057,5302094,1132092,9/25/2009 8:00:00 AM,1700,O CONNOR DR,COXWELL AVE,,Major Arterial,Toronto and East York,43.697745,-79.32949,,Traffic Signal,Clear,Daylight,Dry,Non-Fatal Injury,Turning Movement,Driver,30 to 34,Minor,,West,"Automobile, Station Wagon",Going Ahead,Driving Properly,Normal,,,,,,,,,Yes,,,,,Yes,,Yes,,,,58,Old East York,58,Old East York (58),D55,634610.8758,4839657.8784
5058,5302095,1132092,9/25/2009 8:00:00 AM,1700,O CONNOR DR,COXWELL AVE,,Major Arterial,Toronto and East York,43.697745,-79.32949,,Traffic Signal,Clear,Daylight,Dry,Non-Fatal Injury,Turning Movement,Passenger,25 to 29,Major,,,Other,,,,,,,,,,,,Yes,,,,,Yes,,Yes,,,,58,Old East York,58,Old East York (58),D55,634610.8758,4839657.8784
5059,5302096,1132092,9/25/2009 8:00:00 AM,1700,O CONNOR DR,COXWELL AVE,,Major Arterial,Toronto and East York,43.697745,-79.32949,,Traffic Signal,Clear,Daylight,Dry,Non-Fatal Injury,Turning Movement,Driver,20 to 24,Minor,,East,"Automobile, Station Wagon",Turning Left,Failed to Yield Right of Way,Normal,,,,,,,,,Yes,,,,,Yes,,Yes,,,,58,Old East York,58,Old East York (58),D55,634610.8758,4839657.8784
5060,5302056,1132060,9/25/2009 8:00:00 AM,2315,LAWRENCE AVE E,BIRCHMOUNT RD,,Major Arterial,Scarborough,43.747645,-79.28399,,No Control,Clear,Dark,Dry,Non-Fatal Injury,Pedestrian Collisions,Pedestrian,50 to 54,Major,,,Other,,,,Pedestrian involved in a collision with transit vehicle anywhere along roadway,Running onto Roadway,Had Been Drinking,,,,Yes,,,,,Yes,,,,,,,,126,Dorset Park,126,Dorset Park (126),D41,638162.5813,4845274.8846
5061,5302057,1132060,9/25/2009 8:00:00 AM,2315,LAWRENCE AVE E,BIRCHMOUNT RD,,Major Arterial,Scarborough,43.747645,-79.28399,,No Control,Clear,Dark,Dry,Non-Fatal Injury,Pedestrian Collisions,Vehicle Owner,unknown,,,,Other,,,,,,,,,,Yes,,,,,Yes,,,,,,,,126,Dorset Park,126,Dorset Park (126),D41,638162.5813,4845274.8846
5062,5302058,1132060,9/25/2009 8:00:00 AM,2315,LAWRENCE AVE E,BIRCHMOUNT RD,,Major Arterial,Scarborough,43.747645,-79.28399,,No Control,Clear,Dark,Dry,Non-Fatal Injury,Pedestrian Collisions,Driver,50 to 54,None,,East,Municipal Transit Bus (TTC),Pulling Away from Shoulder or Curb,Driving Properly,Normal,,,,,,,Yes,,,,,Yes,,,,,,,,126,Dorset Park,126,Dorset Park (126),D41,638162.5813,4845274.8846
5063,5860628,1132218,9/26/2009 8:00:00 AM,535,HIGHWAY 27  N,STEELES AVE W,,Major Arterial,Etobicoke York,43.755445,-79.61409,At Intersection,Traffic Signal,Clear,Dark,Dry,Non-Fatal Injury,Angle,Driver,50 to 54,None,,South,"Automobile, Station Wagon",Going Ahead,Driving Properly,Normal,,,,,,,,,Yes,,,,,Yes,,Yes,Yes,,,1,West Humber-Clairville,1,West Humber-Clairville (1),D23,611570.2592,4845643.5798
5064,5860629,1132218,9/26/2009 8:00:00 AM,535,HIGHWAY 27  N,STEELES AVE W,,Major Arterial,Etobicoke York,43.755445,-79.61409,At Intersection,Traffic Signal,Clear,Dark,Dry,Non-Fatal Injury,Angle,Driver,30 to 34,Minimal,,West,"Automobile, Station Wagon",Going Ahead,Disobeyed Traffic Control,Normal,,,,,,,,,Yes,,,,,Yes,,Yes,Yes,,,1,West Humber-Clairville,1,West Humber-Clairville (1),D23,611570.2592,4845643.5798
5065,5860630,1132218,9/26/2009 8:00:00 AM,535,HIGHWAY 27  N,STEELES AVE W,,Major Arterial,Etobicoke York,43.755445,-79.61409,At Intersection,Traffic Signal,Clear,Dark,Dry,Non-Fatal Injury,Angle,Passenger,25 to 29,Minimal,,,Other,,,,,,,,,,,,Yes,,,,,Yes,,Yes,Yes,,,1,West Humber-Clairville,1,West Humber-Clairville (1),D23,611570.2592,4845643.5798
5066,5860631,1132218,9/26/2009 8:00:00 AM,535,HIGHWAY 27  N,STEELES AVE W,,Major Arterial,Etobicoke York,43.755445,-79.61409,At Intersection,Traffic Signal,Clear,Dark,Dry,Non-Fatal Injury,Angle,Driver,20 to 24,Major,,South,"Automobile, Station Wagon",Slowing or Stopping,Driving Properly,Normal,,,,,,,,,Yes,,,,,Yes,,Yes,Yes,,,1,West Humber-Clairville,1,West Humber-Clairville (1),D23,611570.2592,4845643.5798
5067,5302655,1132522,9/27/2009 8:00:00 AM,1530,ST CLAIR AVE W,ARLINGTON AVE,,Major Arterial,Toronto and East York,43.681045,-79.42889,At Intersection,Traffic Signal,Clear,Daylight,Dry,Non-Fatal Injury,Rear End,Passenger,55 to 59,Major,,,Other,,,,,,,,,,,,Yes,,,,,Yes,,Yes,,,,94,Wychwood,94,Wychwood (94),D13,626636.2141,4837646.5357
5068,5302656,1132522,9/27/2009 8:00:00 AM,1530,ST CLAIR AVE W,ARLINGTON AVE,,Major Arterial,Toronto and East York,43.681045,-79.42889,At Intersection,Traffic Signal,Clear,Daylight,Dry,Non-Fatal Injury,Rear End,Driver,55 to 59,Minimal,,East,"Automobile, Station Wagon",Stopped,Driving Properly,Normal,,,,,,,,,Yes,,,,,Yes,,Yes,,,,94,Wychwood,94,Wychwood (94),D13,626636.2141,4837646.5357
5069,5302657,1132522,9/27/2009 8:00:00 AM,1530,ST CLAIR AVE W,ARLINGTON AVE,,Major Arterial,Toronto and East York,43.681045,-79.42889,At Intersection,Traffic Signal,Clear,Daylight,Dry,Non-Fatal Injury,Rear End,Vehicle Owner,unknown,,,,Other,,,,,,,,,,,,Yes,,,,,Yes,,Yes,,,,94,Wychwood,94,Wychwood (94),D13,626636.2141,4837646.5357
5070,5302658,1132522,9/27/2009 8:00:00 AM,1530,ST CLAIR AVE W,ARLINGTON AVE,,Major Arterial,Toronto and East York,43.681045,-79.42889,At Intersection,Traffic Signal,Clear,Daylight,Dry,Non-Fatal Injury,Rear End,Passenger,20 to 24,Major,,,Other,,,,,,,,,,,,Yes,,,,,Yes,,Yes,,,,94,Wychwood,94,Wychwood (94),D13,626636.2141,4837646.5357
5071,5302659,1132522,9/27/2009 8:00:00 AM,1530,ST CLAIR AVE W,ARLINGTON AVE,,Major Arterial,Toronto and East York,43.681045,-79.42889,At Intersection,Traffic Signal,Clear,Daylight,Dry,Non-Fatal Injury,Rear End,Driver,20 to 24,Minimal,,East,"Automobile, Station Wagon",Stopped,Driving Properly,Normal,,,,,,,,,Yes,,,,,Yes,,Yes,,,,94,Wychwood,94,Wychwood (94),D13,626636.2141,4837646.5357
5072,5302660,1132522,9/27/2009 8:00:00 AM,1530,ST CLAIR AVE W,ARLINGTON AVE,,Major Arterial,Toronto and East York,43.681045,-79.42889,At Intersection,Traffic Signal,Clear,Daylight,Dry,Non-Fatal Injury,Rear End,Driver,25 to 29,None,,East,"Automobile, Station Wagon",Going Ahead,Following too Close,Normal,,,,,,,,,Yes,,,,,Yes,,Yes,,,,94,Wychwood,94,Wychwood (94),D13,626636.2141,4837646.5357
5073,5292069,1127576,9/29/2009 8:00:00 AM,1122,JANE ST,WILSON AVE,,Major Arterial,Etobicoke York,43.720945,-79.50859,At Intersection,Traffic Signal,Rain,Daylight,Wet,Fatal,Pedestrian Collisions,Truck Driver,45 to 49,None,,East,Truck - Open,Turning Right,Improper Turn,Inattentive,,,,,,,Yes,,,,Yes,,,,,,,,,154,Oakdale-Beverley Heights,26,Downsview-Roding-CFB (26),D31,620132.3845,4841959.3745
5074,5292070,1127576,9/29/2009 8:00:00 AM,1122,JANE ST,WILSON AVE,,Major Arterial,Etobicoke York,43.720945,-79.50859,At Intersection,Traffic Signal,Rain,Daylight,Wet,Fatal,Pedestrian Collisions,Vehicle Owner,unknown,,,,Other,,,,,,,,,,Yes,,,,Yes,,,,,,,,,154,Oakdale-Beverley Heights,26,Downsview-Roding-CFB (26),D31,620132.3845,4841959.3745
5075,5292071,1127576,9/29/2009 8:00:00 AM,1122,JANE ST,WILSON AVE,,Major Arterial,Etobicoke York,43.720945,-79.50859,At Intersection,Traffic Signal,Rain,Daylight,Wet,Fatal,Pedestrian Collisions,Pedestrian,85 to 89,Fatal,30,East,Other,,,,Pedestrian hit on sidewalk or shoulder,On Sidewalk or Shoulder,Medical or Physical Disability,,,,Yes,,,,Yes,,,,,,,,,154,Oakdale-Beverley Heights,26,Downsview-Roding-CFB (26),D31,620132.3845,4841959.3745
5076,5862625,1132987,9/30/2009 8:00:00 AM,1527,MARKHAM RD,ELLESMERE RD,,Major Arterial,Scarborough,43.777245,-79.23199,,No Control,Clear,Daylight,Dry,Non-Fatal Injury,Pedestrian Collisions,Vehicle Owner,unknown,,,,Other,,,,,,,,,,Yes,,Yes,,,,,,,,,,,142,Woburn North,137,Woburn (137),D43,642279.1627,4848650.4724
5077,5862626,1132987,9/30/2009 8:00:00 AM,1527,MARKHAM RD,ELLESMERE RD,,Major Arterial,Scarborough,43.777245,-79.23199,,No Control,Clear,Daylight,Dry,Non-Fatal Injury,Pedestrian Collisions,Driver,25 to 29,None,,West,"Automobile, Station Wagon",Turning Left,Improper Turn,Normal,,,,,,,Yes,,Yes,,,,,,,,,,,142,Woburn North,137,Woburn (137),D43,642279.1627,4848650.4724
5078,5862627,1132987,9/30/2009 8:00:00 AM,1527,MARKHAM RD,ELLESMERE RD,,Major Arterial,Scarborough,43.777245,-79.23199,,No Control,Clear,Daylight,Dry,Non-Fatal Injury,Pedestrian Collisions,Pedestrian,55 to 59,Major,,,Other,,,,Pedestrian hit at mid-block,"Crossing, no Traffic Control",Normal,,,,Yes,,Yes,,,,,,,,,,,142,Woburn North,137,Woburn (137),D43,642279.1627,4848650.4724
5079,5293558,1128218,10/1/2009 8:00:00 AM,1039,HORNER AVE,BROWNS LINE Line,,Major Arterial,Etobicoke York,43.602245,-79.54549,At Intersection,No Control,Clear,Daylight,Dry,Non-Fatal Injury,Pedestrian Collisions,Driver,80 to 84,None,,South,"Automobile, Station Wagon",Turning Right,Failed to Yield Right of Way,Normal,,,,,,,Yes,,Yes,,,,,,,Yes,,,,20,Alderwood,20,Alderwood (20),D22,617391.1875,4828723.384
5080,5293559,1128218,10/1/2009 8:00:00 AM,1039,HORNER AVE,BROWNS LINE Line,,Major Arterial,Etobicoke York,43.602245,-79.54549,At Intersection,No Control,Clear,Daylight,Dry,Non-Fatal Injury,Pedestrian Collisions,Wheelchair,70 to 74,Major,,East,Other,Disabled,,,Pedestrian hit on sidewalk or shoulder,On Sidewalk or Shoulder,Normal,,,,Yes,,Yes,,,,,,,Yes,,,,20,Alderwood,20,Alderwood (20),D22,617391.1875,4828723.384
5081,5860651,1133393,10/2/2009 8:00:00 AM,1240,1255 THE QUEENSWAY,,,Major Arterial,Etobicoke York,43.621345,-79.52509,,Stop Sign,Rain,Daylight,Wet,Non-Fatal Injury,Turning Movement,Driver,55 to 59,Minor,,North,"Automobile, Station Wagon",Turning Left,Improper Turn,Normal,,,,,,,,,Yes,,,,,,,,,,,159,Etobicoke City Centre,14,Islington-City Centre West (14),D22,618999.9791,4830873.7029
5082,5860652,1133393,10/2/2009 8:00:00 AM,1240,1255 THE QUEENSWAY,,,Major Arterial,Etobicoke York,43.621345,-79.52509,,Stop Sign,Rain,Daylight,Wet,Non-Fatal Injury,Turning Movement,Driver,25 to 29,Major,,East,"Automobile, Station Wagon",Going Ahead,Driving Properly,Normal,,,,,,,,,Yes,,,,,,,,,,,159,Etobicoke City Centre,14,Islington-City Centre West (14),D22,618999.9791,4830873.7029
5083,5793633,1133034,10/2/2009 8:00:00 AM,1400,BLOOR ST E,SHERBOURNE ST N,,Major Arterial,Toronto and East York,43.672345,-79.37689,,Traffic Signal,Rain,Daylight,Wet,Fatal,Pedestrian Collisions,Driver,60 to 64,None,,South,"Automobile, Station Wagon",Turning Left,Driving Properly,Normal,,,,,,,Yes,,Yes,,,,,,,,,,,74,North St.James Town,98,Rosedale-Moore Park (98),D51,630846.5221,4836760.9943
5084,5793634,1133034,10/2/2009 8:00:00 AM,1400,BLOOR ST E,SHERBOURNE ST N,,Major Arterial,Toronto and East York,43.672345,-79.37689,,Traffic Signal,Rain,Daylight,Wet,Fatal,Pedestrian Collisions,Pedestrian,40 to 44,Fatal,31,North,Other,,,,Pedestrian hit at mid-block,"Crossing, no Traffic Control",Inattentive,,,,Yes,,Yes,,,,,,,,,,,74,North St.James Town,98,Rosedale-Moore Park (98),D51,630846.5221,4836760.9943
5085,5865957,1133570,10/2/2009 8:00:00 AM,1626,FINCH AVE W,KEELE ST,,Major Arterial,Etobicoke York,43.763445,-79.49099,At Intersection,Traffic Signal,Rain,Daylight,Wet,Non-Fatal Injury,Pedestrian Collisions,Vehicle Owner,unknown,,,,Other,,,,,,,,,,Yes,,,,Yes,,,,,,,,,27,York University Heights,27,York University Heights (27),D31,621464.0928,4846705.2771
5086,5865958,1133570,10/2/2009 8:00:00 AM,1626,FINCH AVE W,KEELE ST,,Major Arterial,Etobicoke York,43.763445,-79.49099,At Intersection,Traffic Signal,Rain,Daylight,Wet,Non-Fatal Injury,Pedestrian Collisions,Truck Driver,40 to 44,None,,South,Truck - Open,Turning Right,Driving Properly,Normal,,,,,,,Yes,,,,Yes,,,,,,,,,27,York University Heights,27,York University Heights (27),D31,621464.0928,4846705.2771
5087,5865959,1133570,10/2/2009 8:00:00 AM,1626,FINCH AVE W,KEELE ST,,Major Arterial,Etobicoke York,43.763445,-79.49099,At Intersection,Traffic Signal,Rain,Daylight,Wet,Non-Fatal Injury,Pedestrian Collisions,Other,unknown,None,,,Other,,,,,,,,,,Yes,,,,Yes,,,,,,,,,27,York University Heights,27,York University Heights (27),D31,621464.0928,4846705.2771
5088,5865960,1133570,10/2/2009 8:00:00 AM,1626,FINCH AVE W,KEELE ST,,Major Arterial,Etobicoke York,43.763445,-79.49099,At Intersection,Traffic Signal,Rain,Daylight,Wet,Non-Fatal Injury,Pedestrian Collisions,Pedestrian,60 to 64,Major,,South,Other,,,,Vehicle turns right while ped crosses without ROW at inter.,Crossing without right of way,Unknown,,,,Yes,,,,Yes,,,,,,,,,27,York University Heights,27,York University Heights (27),D31,621464.0928,4846705.2771
5089,5865594,1128465,10/2/2009 8:00:00 AM,2057,EGLINTON AVE W,MARLEE AVE,,Major Arterial,North York,43.698045,-79.43939,At Intersection,Traffic Signal,Rain,Dark,Wet,Non-Fatal Injury,Pedestrian Collisions,Driver,50 to 54,None,,East,"Automobile, Station Wagon",Going Ahead,Driving Properly,Normal,,,,,,,Yes,,Yes,,,,,,,,,,,102,Forest Hill North,108,Briar Hill-Belgravia (108),D13,625754.3422,4839518.6396
5090,5865595,1128465,10/2/2009 8:00:00 AM,2057,EGLINTON AVE W,MARLEE AVE,,Major Arterial,North York,43.698045,-79.43939,At Intersection,Traffic Signal,Rain,Dark,Wet,Non-Fatal Injury,Pedestrian Collisions,Pedestrian,90 to 94,Major,,South,Other,,,,Vehicle is going straight thru inter.while ped cross without ROW,Crossing without right of way,Inattentive,,,,Yes,,Yes,,,,,,,,,,,102,Forest Hill North,108,Briar Hill-Belgravia (108),D13,625754.3422,4839518.6396