OBJECTID,INDEX,ACCNUM,DATE,TIME,STREET1,STREET2,OFFSET,ROAD_CLASS,DISTRICT,LATITUDE,LONGITUDE,ACCLOC,TRAFFCTL,VISIBILITY,LIGHT,RDSFCOND,ACCLASS,IMPACTYPE,INVTYPE,INVAGE,INJURY,FATAL_NO,INITDIR,VEHTYPE,MANOEUVER,DRIVACT,DRIVCOND,PEDTYPE,PEDACT,PEDCOND,CYCLISTYPE,CYCACT,CYCCOND,PEDESTRIAN,CYCLIST,AUTOMOBILE,MOTORCYCLE,TRUCK,TRSN_CITY_VEH,EMERG_VEH,PASSENGER,SPEEDING,AG_DRIV,REDLIGHT,ALCOHOL,DISABILITY,HOOD_158,NEIGHBOURHOOD_158,HOOD_140,NEIGHBOURHOOD_140,DIVISION,x,y
5091,5303553,1133419,10/3/2009 8:00:00 AM,1018,STEELES AVE E,STRAWBERRY HILLS DR,,Major Arterial,Scarborough,43.829845,-79.28039,At Intersection,Traffic Signal,Rain,Dusk,Wet,Non-Fatal Injury,Pedestrian Collisions,Driver,45 to 49,None,,East,"Automobile, Station Wagon",Turning Left,Failed to Yield Right of Way,Inattentive,,,,,,,Yes,,Yes,,,,,,,Yes,,,,130,Milliken,NSA,NSA,D42,638262.7651,4854410.5084
5092,5303554,1133419,10/3/2009 8:00:00 AM,1018,STEELES AVE E,STRAWBERRY HILLS DR,,Major Arterial,Scarborough,43.829845,-79.28039,At Intersection,Traffic Signal,Rain,Dusk,Wet,Non-Fatal Injury,Pedestrian Collisions,Pedestrian,60 to 64,Major,,North,Other,,,,Vehicle turns left while ped crosses with ROW at inter.,Crossing with right of way,Normal,,,,Yes,,Yes,,,,,,,Yes,,,,130,Milliken,NSA,NSA,D42,638262.7651,4854410.5084
5093,5303532,1133411,10/3/2009 8:00:00 AM,1710,MCNICOLL Ave,BIRCHMOUNT Rd,,Major Arterial,Scarborough,43.808627,-79.31116,At Intersection,Traffic Signal,Clear,Daylight,Dry,Non-Fatal Injury,Turning Movement,Driver,40 to 44,None,,West,"Automobile, Station Wagon",Stopped,Driving Properly,Normal,,,,,,,,,Yes,,,,,,,,,,,116,Steeles,116,Steeles (116),D42,635836.8313,4852002.9266
5094,5303533,1133411,10/3/2009 8:00:00 AM,1710,MCNICOLL Ave,BIRCHMOUNT Rd,,Major Arterial,Scarborough,43.808627,-79.31116,At Intersection,Traffic Signal,Clear,Daylight,Dry,Non-Fatal Injury,Turning Movement,Driver,50 to 54,Major,,West,"Automobile, Station Wagon",Turning Left,Improper Turn,Normal,,,,,,,,,Yes,,,,,,,,,,,116,Steeles,116,Steeles (116),D42,635836.8313,4852002.9266
5095,5303534,1133411,10/3/2009 8:00:00 AM,1710,MCNICOLL Ave,BIRCHMOUNT Rd,,Major Arterial,Scarborough,43.808627,-79.31116,At Intersection,Traffic Signal,Clear,Daylight,Dry,Non-Fatal Injury,Turning Movement,Driver,35 to 39,Minimal,,East,"Automobile, Station Wagon",Going Ahead,Driving Properly,Normal,,,,,,,,,Yes,,,,,,,,,,,116,Steeles,116,Steeles (116),D42,635836.8313,4852002.9266
5096,5303660,1133515,10/4/2009 8:00:00 AM,348,LAWRENCE Aven E,MOUNT PLEASANT Road,,Major Arterial,North York,43.726145,-79.39719,,Traffic Signal,Clear,Dark,Dry,Non-Fatal Injury,Rear End,Vehicle Owner,unknown,,,,Other,,,,,,,,,,,,Yes,,,,,Yes,Yes,Yes,,,,103,Lawrence Park South,103,Lawrence Park South (103),D53,629094.5151,4842704.4139
5097,5303661,1133515,10/4/2009 8:00:00 AM,348,LAWRENCE Aven E,MOUNT PLEASANT Road,,Major Arterial,North York,43.726145,-79.39719,,Traffic Signal,Clear,Dark,Dry,Non-Fatal Injury,Rear End,Driver,25 to 29,Major,,East,"Automobile, Station Wagon",Going Ahead,Following too Close,Inattentive,,,,,,,,,Yes,,,,,Yes,Yes,Yes,,,,103,Lawrence Park South,103,Lawrence Park South (103),D53,629094.5151,4842704.4139
5098,5303662,1133515,10/4/2009 8:00:00 AM,348,LAWRENCE Aven E,MOUNT PLEASANT Road,,Major Arterial,North York,43.726145,-79.39719,,Traffic Signal,Clear,Dark,Dry,Non-Fatal Injury,Rear End,Passenger,20 to 24,Minimal,,,Other,,,,,,,,,,,,Yes,,,,,Yes,Yes,Yes,,,,103,Lawrence Park South,103,Lawrence Park South (103),D53,629094.5151,4842704.4139
5099,5303663,1133515,10/4/2009 8:00:00 AM,348,LAWRENCE Aven E,MOUNT PLEASANT Road,,Major Arterial,North York,43.726145,-79.39719,,Traffic Signal,Clear,Dark,Dry,Non-Fatal Injury,Rear End,Vehicle Owner,unknown,,,,Other,,,,,,,,,,,,Yes,,,,,Yes,Yes,Yes,,,,103,Lawrence Park South,103,Lawrence Park South (103),D53,629094.5151,4842704.4139
5100,5303664,1133515,10/4/2009 8:00:00 AM,348,LAWRENCE Aven E,MOUNT PLEASANT Road,,Major Arterial,North York,43.726145,-79.39719,,Traffic Signal,Clear,Dark,Dry,Non-Fatal Injury,Rear End,Driver,20 to 24,None,,East,Other,Stopped,Driving Properly,Normal,,,,,,,,,Yes,,,,,Yes,Yes,Yes,,,,103,Lawrence Park South,103,Lawrence Park South (103),D53,629094.5151,4842704.4139
5101,5303803,1133583,10/4/2009 8:00:00 AM,1400,UNIVERSITY Ave,RICHMOND St W,,Major Arterial,Toronto and East York,43.650045,-79.38629,At Intersection,Traffic Signal,Rain,Daylight,Wet,Non-Fatal Injury,Angle,Driver,55 to 59,None,,North,"Automobile, Station Wagon",Going Ahead,Disobeyed Traffic Control,Inattentive,,,,,,,,,Yes,,,,,Yes,,Yes,Yes,,,170,Yonge-Bay Corridor,76,Bay Street Corridor (76),D52,630136.9074,4834269.4981
5102,5303804,1133583,10/4/2009 8:00:00 AM,1400,UNIVERSITY Ave,RICHMOND St W,,Major Arterial,Toronto and East York,43.650045,-79.38629,At Intersection,Traffic Signal,Rain,Daylight,Wet,Non-Fatal Injury,Angle,Passenger,35 to 39,Major,,,Other,,,,,,,,,,,,Yes,,,,,Yes,,Yes,Yes,,,170,Yonge-Bay Corridor,76,Bay Street Corridor (76),D52,630136.9074,4834269.4981
5103,5303805,1133583,10/4/2009 8:00:00 AM,1400,UNIVERSITY Ave,RICHMOND St W,,Major Arterial,Toronto and East York,43.650045,-79.38629,At Intersection,Traffic Signal,Rain,Daylight,Wet,Non-Fatal Injury,Angle,Vehicle Owner,unknown,,,,Other,,,,,,,,,,,,Yes,,,,,Yes,,Yes,Yes,,,170,Yonge-Bay Corridor,76,Bay Street Corridor (76),D52,630136.9074,4834269.4981
5104,5303806,1133583,10/4/2009 8:00:00 AM,1400,UNIVERSITY Ave,RICHMOND St W,,Major Arterial,Toronto and East York,43.650045,-79.38629,At Intersection,Traffic Signal,Rain,Daylight,Wet,Non-Fatal Injury,Angle,Driver,35 to 39,None,,West,Taxi,Going Ahead,Driving Properly,Normal,,,,,,,,,Yes,,,,,Yes,,Yes,Yes,,,170,Yonge-Bay Corridor,76,Bay Street Corridor (76),D52,630136.9074,4834269.4981
5105,5303780,1133576,10/4/2009 8:00:00 AM,1520,OAKWOOD AVE,EGLINTON AVE W,,Major Arterial,North York,43.697291,-79.442783,,Traffic Signal,Clear,Daylight,Wet,Non-Fatal Injury,Turning Movement,Driver,50 to 54,None,,West,"Automobile, Station Wagon",Turning Left,Lost control,Inattentive,,,,,,,,,Yes,,,,,Yes,,,,,,107,Oakwood Village,107,Oakwood Village (107),D13,625482.5037,4839429.7569
5106,5303781,1133576,10/4/2009 8:00:00 AM,1520,OAKWOOD AVE,EGLINTON AVE W,,Major Arterial,North York,43.697291,-79.442783,,Traffic Signal,Clear,Daylight,Wet,Non-Fatal Injury,Turning Movement,Passenger,25 to 29,Major,,,Other,,,,,,,,,,,,Yes,,,,,Yes,,,,,,107,Oakwood Village,107,Oakwood Village (107),D13,625482.5037,4839429.7569
5107,5303782,1133576,10/4/2009 8:00:00 AM,1520,OAKWOOD AVE,EGLINTON AVE W,,Major Arterial,North York,43.697291,-79.442783,,Traffic Signal,Clear,Daylight,Wet,Non-Fatal Injury,Turning Movement,Driver,35 to 39,Minimal,,North,"Automobile, Station Wagon",Going Ahead,Driving Properly,Normal,,,,,,,,,Yes,,,,,Yes,,,,,,107,Oakwood Village,107,Oakwood Village (107),D13,625482.5037,4839429.7569
5108,5301759,1131878,10/5/2009 8:00:00 AM,1203,WILLIAM R ALLEN RD,SHEPPARD AVE W,,Major Arterial,North York,43.750245,-79.46339,,Traffic Signal,Clear,Daylight,Dry,Non-Fatal Injury,Turning Movement,Driver,70 to 74,Major,,West,"Automobile, Station Wagon",Turning Left,Failed to Yield Right of Way,Normal,,,,,,,,,Yes,,,,,Yes,,Yes,,,,155,Downsview,27,York University Heights (27),D32,623712.9046,4845280.0721
5109,5301760,1131878,10/5/2009 8:00:00 AM,1203,WILLIAM R ALLEN RD,SHEPPARD AVE W,,Major Arterial,North York,43.750245,-79.46339,,Traffic Signal,Clear,Daylight,Dry,Non-Fatal Injury,Turning Movement,Driver,25 to 29,Minimal,,East,"Automobile, Station Wagon",Stopped,Driving Properly,Normal,,,,,,,,,Yes,,,,,Yes,,Yes,,,,155,Downsview,27,York University Heights (27),D32,623712.9046,4845280.0721
5110,5301761,1131878,10/5/2009 8:00:00 AM,1203,WILLIAM R ALLEN RD,SHEPPARD AVE W,,Major Arterial,North York,43.750245,-79.46339,,Traffic Signal,Clear,Daylight,Dry,Non-Fatal Injury,Turning Movement,Passenger,45 to 49,None,,,"Automobile, Station Wagon",,,,,,,,,,,,Yes,,,,,Yes,,Yes,,,,155,Downsview,27,York University Heights (27),D32,623712.9046,4845280.0721
5111,5301762,1131878,10/5/2009 8:00:00 AM,1203,WILLIAM R ALLEN RD,SHEPPARD AVE W,,Major Arterial,North York,43.750245,-79.46339,,Traffic Signal,Clear,Daylight,Dry,Non-Fatal Injury,Turning Movement,Passenger,30 to 34,None,,,"Automobile, Station Wagon",,,,,,,,,,,,Yes,,,,,Yes,,Yes,,,,155,Downsview,27,York University Heights (27),D32,623712.9046,4845280.0721
5112,5301763,1131878,10/5/2009 8:00:00 AM,1203,WILLIAM R ALLEN RD,SHEPPARD AVE W,,Major Arterial,North York,43.750245,-79.46339,,Traffic Signal,Clear,Daylight,Dry,Non-Fatal Injury,Turning Movement,Vehicle Owner,unknown,,,,Other,,,,,,,,,,,,Yes,,,,,Yes,,Yes,,,,155,Downsview,27,York University Heights (27),D32,623712.9046,4845280.0721
5113,5301764,1131878,10/5/2009 8:00:00 AM,1203,WILLIAM R ALLEN RD,SHEPPARD AVE W,,Major Arterial,North York,43.750245,-79.46339,,Traffic Signal,Clear,Daylight,Dry,Non-Fatal Injury,Turning Movement,Driver,40 to 44,Minimal,,East,"Automobile, Station Wagon",Going Ahead,Driving Properly,Normal,,,,,,,,,Yes,,,,,Yes,,Yes,,,,155,Downsview,27,York University Heights (27),D32,623712.9046,4845280.0721
5114,5304597,1134547,10/5/2009 8:00:00 AM,1234,KINGSTON RD,LAWRENCE AVE E,,Major Arterial,Scarborough,43.767645,-79.18959,At Intersection,Traffic Signal,Clear,Daylight,Dry,Non-Fatal Injury,Pedestrian Collisions,Driver,85 to 89,None,,East,Other,Going Ahead,Driving Properly,Normal,,,,,,,Yes,,,,,,,,,,,,,136,West Hill,136,West Hill (136),D43,645714.6251,4847657.9843
5115,5304598,1134547,10/5/2009 8:00:00 AM,1234,KINGSTON RD,LAWRENCE AVE E,,Major Arterial,Scarborough,43.767645,-79.18959,At Intersection,Traffic Signal,Clear,Daylight,Dry,Non-Fatal Injury,Pedestrian Collisions,Pedestrian,15 to 19,Major,,South,Other,,,,Vehicle is going straight thru inter.while ped cross without ROW,Crossing marked crosswalk without ROW,Inattentive,,,,Yes,,,,,,,,,,,,,136,West Hill,136,West Hill (136),D43,645714.6251,4847657.9843
5116,5303946,1133727,10/5/2009 8:00:00 AM,1654,LESLIE Stre,LESMILL Road,,Major Arterial,North York,43.762345,-79.36189,At Intersection,No Control,Clear,Daylight,Dry,Non-Fatal Injury,Rear End,Driver,25 to 29,Minimal,,North,"Automobile, Station Wagon",Stopped,Driving Properly,Normal,,,,,,,,,Yes,,,,,,,Yes,,,,40,St.Andrew-Windfields,40,St.Andrew-Windfields (40),D33,631858.196,4846780.558
5117,5303947,1133727,10/5/2009 8:00:00 AM,1654,LESLIE Stre,LESMILL Road,,Major Arterial,North York,43.762345,-79.36189,At Intersection,No Control,Clear,Daylight,Dry,Non-Fatal Injury,Rear End,Vehicle Owner,unknown,,,,Other,,,,,,,,,,,,Yes,,,,,,,Yes,,,,40,St.Andrew-Windfields,40,St.Andrew-Windfields (40),D33,631858.196,4846780.558
5118,5303948,1133727,10/5/2009 8:00:00 AM,1654,LESLIE Stre,LESMILL Road,,Major Arterial,North York,43.762345,-79.36189,At Intersection,No Control,Clear,Daylight,Dry,Non-Fatal Injury,Rear End,Driver,30 to 34,None,,North,"Automobile, Station Wagon",Going Ahead,Following too Close,Normal,,,,,,,,,Yes,,,,,,,Yes,,,,40,St.Andrew-Windfields,40,St.Andrew-Windfields (40),D33,631858.196,4846780.558
5119,5303949,1133727,10/5/2009 8:00:00 AM,1654,LESLIE Stre,LESMILL Road,,Major Arterial,North York,43.762345,-79.36189,At Intersection,No Control,Clear,Daylight,Dry,Non-Fatal Injury,Rear End,Driver,40 to 44,Major,,North,"Automobile, Station Wagon",Stopped,Driving Properly,Normal,,,,,,,,,Yes,,,,,,,Yes,,,,40,St.Andrew-Windfields,40,St.Andrew-Windfields (40),D33,631858.196,4846780.558
5120,5304054,1133805,10/6/2009 8:00:00 AM,701,OLD WESTON RD,ST CLAIR AVE W,,Major Arterial,Toronto and East York,43.673745,-79.46309,,No Control,Clear,Daylight,Dry,Non-Fatal Injury,Pedestrian Collisions,Vehicle Owner,unknown,,,,Other,,,,,,,,,,Yes,,,,,Yes,,,,,,,,91,Weston-Pelham Park,91,Weston-Pellam Park (91),D12,623894.5882,4836784.1226
5121,5304055,1133805,10/6/2009 8:00:00 AM,701,OLD WESTON RD,ST CLAIR AVE W,,Major Arterial,Toronto and East York,43.673745,-79.46309,,No Control,Clear,Daylight,Dry,Non-Fatal Injury,Pedestrian Collisions,Driver,20 to 24,None,,North,Municipal Transit Bus (TTC),Pulling Away from Shoulder or Curb,Driving Properly,Normal,,,,,,,Yes,,,,,Yes,,,,,,,,91,Weston-Pelham Park,91,Weston-Pellam Park (91),D12,623894.5882,4836784.1226
5122,5304056,1133805,10/6/2009 8:00:00 AM,701,OLD WESTON RD,ST CLAIR AVE W,,Major Arterial,Toronto and East York,43.673745,-79.46309,,No Control,Clear,Daylight,Dry,Non-Fatal Injury,Pedestrian Collisions,Pedestrian,65 to 69,Major,,Unknown,Other,,,,Pedestrian involved in a collision with transit vehicle anywhere along roadway,Running onto Roadway,Inattentive,,,,Yes,,,,,Yes,,,,,,,,91,Weston-Pelham Park,91,Weston-Pellam Park (91),D12,623894.5882,4836784.1226
5123,5808092,1129154,10/6/2009 8:00:00 AM,935,CENTRE AVE,WILLOWDALE AVE,,Minor Arterial,North York,43.793045,-79.41189,At Intersection,Stop Sign,Clear,Daylight,Dry,Non-Fatal Injury,Pedestrian Collisions,Driver,55 to 59,None,,South,"Automobile, Station Wagon",Turning Left,Failed to Yield Right of Way,Normal,,,,,,,Yes,,Yes,,,,,,,Yes,,,,50,Newtonbrook East,50,Newtonbrook East (50),D32,627768.049,4850111.8679
5124,5808093,1129154,10/6/2009 8:00:00 AM,935,CENTRE AVE,WILLOWDALE AVE,,Minor Arterial,North York,43.793045,-79.41189,At Intersection,Stop Sign,Clear,Daylight,Dry,Non-Fatal Injury,Pedestrian Collisions,Pedestrian,85 to 89,Major,,East,Other,,,,Vehicle turns left while ped crosses with ROW at inter.,Crossing with right of way,Normal,,,,Yes,,Yes,,,,,,,Yes,,,,50,Newtonbrook East,50,Newtonbrook East (50),D32,627768.049,4850111.8679
5125,5304238,1133909,10/8/2009 8:00:00 AM,1915,EGLINTON Aven E,MIDLAND Aven,,Major Arterial,Scarborough,43.734545,-79.25809,At Intersection,Traffic Signal,Clear,Dark,Dry,Non-Fatal Injury,Turning Movement,Driver,20 to 24,None,,East,"Automobile, Station Wagon",Turning Left,Failed to Yield Right of Way,Normal,,,,,,,,,Yes,,,,,Yes,,Yes,,,,138,Eglinton East,138,Eglinton East (138),D41,640278.507,4843863.4585
5126,5304239,1133909,10/8/2009 8:00:00 AM,1915,EGLINTON Aven E,MIDLAND Aven,,Major Arterial,Scarborough,43.734545,-79.25809,At Intersection,Traffic Signal,Clear,Dark,Dry,Non-Fatal Injury,Turning Movement,Passenger,5 to 9,Major,,,Other,,,,,,,,,,,,Yes,,,,,Yes,,Yes,,,,138,Eglinton East,138,Eglinton East (138),D41,640278.507,4843863.4585
5127,5304240,1133909,10/8/2009 8:00:00 AM,1915,EGLINTON Aven E,MIDLAND Aven,,Major Arterial,Scarborough,43.734545,-79.25809,At Intersection,Traffic Signal,Clear,Dark,Dry,Non-Fatal Injury,Turning Movement,Passenger,0 to 4,Major,,,Other,,,,,,,,,,,,Yes,,,,,Yes,,Yes,,,,138,Eglinton East,138,Eglinton East (138),D41,640278.507,4843863.4585
5128,5304241,1133909,10/8/2009 8:00:00 AM,1915,EGLINTON Aven E,MIDLAND Aven,,Major Arterial,Scarborough,43.734545,-79.25809,At Intersection,Traffic Signal,Clear,Dark,Dry,Non-Fatal Injury,Turning Movement,Passenger,0 to 4,Minor,,,Other,,,,,,,,,,,,Yes,,,,,Yes,,Yes,,,,138,Eglinton East,138,Eglinton East (138),D41,640278.507,4843863.4585
5129,5304242,1133909,10/8/2009 8:00:00 AM,1915,EGLINTON Aven E,MIDLAND Aven,,Major Arterial,Scarborough,43.734545,-79.25809,At Intersection,Traffic Signal,Clear,Dark,Dry,Non-Fatal Injury,Turning Movement,Passenger,35 to 39,Minor,,,Other,,,,,,,,,,,,Yes,,,,,Yes,,Yes,,,,138,Eglinton East,138,Eglinton East (138),D41,640278.507,4843863.4585
5130,5304243,1133909,10/8/2009 8:00:00 AM,1915,EGLINTON Aven E,MIDLAND Aven,,Major Arterial,Scarborough,43.734545,-79.25809,At Intersection,Traffic Signal,Clear,Dark,Dry,Non-Fatal Injury,Turning Movement,Driver,40 to 44,Minor,,West,"Automobile, Station Wagon",Going Ahead,Other,Normal,,,,,,,,,Yes,,,,,Yes,,Yes,,,,138,Eglinton East,138,Eglinton East (138),D41,640278.507,4843863.4585
5131,5304831,1134719,10/9/2009 8:00:00 AM,815,REDCLIFF BLVD,COOLHURST DR,,Local,Etobicoke York,43.718945,-79.56899,At Intersection,No Control,Rain,Daylight,Wet,Non-Fatal Injury,Pedestrian Collisions,Driver,35 to 39,None,,South,"Automobile, Station Wagon",Turning Left,Failed to Yield Right of Way,Normal,,,,,,,Yes,,Yes,,,,,,,Yes,,,,4,Rexdale-Kipling,4,Rexdale-Kipling (4),D23,615270.992,4841651.4723
5132,5304832,1134719,10/9/2009 8:00:00 AM,815,REDCLIFF BLVD,COOLHURST DR,,Local,Etobicoke York,43.718945,-79.56899,At Intersection,No Control,Rain,Daylight,Wet,Non-Fatal Injury,Pedestrian Collisions,Pedestrian,75 to 79,Major,,North,Other,,,,Vehicle turns left while ped crosses with ROW at inter.,Crossing with right of way,Normal,,,,Yes,,Yes,,,,,,,Yes,,,,4,Rexdale-Kipling,4,Rexdale-Kipling (4),D23,615270.992,4841651.4723
5133,6914844,1130539,10/9/2009 8:00:00 AM,2145,ISLINGTON AVE,ALBION RD,,Major Arterial,Etobicoke York,43.737245,-79.56529,,Traffic Signal,Rain,"Dark, artificial",Wet,Non-Fatal Injury,Pedestrian Collisions,Pedestrian,20 to 24,Major,,North,Other,,,,Vehicle turns left while ped crosses with ROW at inter.,Crossing with right of way,Normal,,,,Yes,,Yes,,,,,,,Yes,,,,3,Thistletown-Beaumond Heights,3,Thistletown-Beaumond Heights (3),D23,615533.8501,4843689.0973
5134,6914845,1130539,10/9/2009 8:00:00 AM,2145,ISLINGTON AVE,ALBION RD,,Major Arterial,Etobicoke York,43.737245,-79.56529,,Traffic Signal,Rain,"Dark, artificial",Wet,Non-Fatal Injury,Pedestrian Collisions,Driver,unknown,None,,South,"Automobile, Station Wagon",Turning Left,Failed to Yield Right of Way,Unknown,,,,,,,Yes,,Yes,,,,,,,Yes,,,,3,Thistletown-Beaumond Heights,3,Thistletown-Beaumond Heights (3),D23,615533.8501,4843689.0973
5135,5298469,1130393,10/13/2009 8:00:00 AM,656,KENNEDY RD,ELLESMERE RD,,Major Arterial,Scarborough,43.765745,-79.28109,,Traffic Signal,Rain,Dawn,Wet,Fatal,SMV Other,Passenger,35 to 39,Fatal,29,,Other,,,,,,,,,,,,Yes,,,,,Yes,,,,,,126,Dorset Park,126,Dorset Park (126),D41,638354.3515,4847290.0073
5136,5298470,1130393,10/13/2009 8:00:00 AM,656,KENNEDY RD,ELLESMERE RD,,Major Arterial,Scarborough,43.765745,-79.28109,,Traffic Signal,Rain,Dawn,Wet,Fatal,SMV Other,Vehicle Owner,unknown,,,,Other,,,,,,,,,,,,Yes,,,,,Yes,,,,,,126,Dorset Park,126,Dorset Park (126),D41,638354.3515,4847290.0073
5137,5298471,1130393,10/13/2009 8:00:00 AM,656,KENNEDY RD,ELLESMERE RD,,Major Arterial,Scarborough,43.765745,-79.28109,,Traffic Signal,Rain,Dawn,Wet,Fatal,SMV Other,Driver,25 to 29,Major,,South,"Automobile, Station Wagon",Going Ahead,Lost control,Unknown,,,,,,,,,Yes,,,,,Yes,,,,,,126,Dorset Park,126,Dorset Park (126),D41,638354.3515,4847290.0073
5138,5298472,1130393,10/13/2009 8:00:00 AM,656,KENNEDY RD,ELLESMERE RD,,Major Arterial,Scarborough,43.765745,-79.28109,,Traffic Signal,Rain,Dawn,Wet,Fatal,SMV Other,Other Property Owner,unknown,,,,Other,,,,,,,,,,,,Yes,,,,,Yes,,,,,,126,Dorset Park,126,Dorset Park (126),D41,638354.3515,4847290.0073
5139,5305045,1134906,10/14/2009 8:00:00 AM,1047,JARVIS ST,ISABELLA ST,,Major Arterial,Toronto and East York,43.668845,-79.37949,At Intersection,Traffic Signal,Clear,Daylight,Dry,Non-Fatal Injury,Turning Movement,Moped Driver,35 to 39,Major,,North,"Automobile, Station Wagon",Going Ahead,Driving Properly,Normal,,,,,,,,Yes,Yes,,,,,,,,,,,167,Church-Wellesley,75,Church-Yonge Corridor (75),D51,630644.5154,4836368.1741
5140,5305046,1134906,10/14/2009 8:00:00 AM,1047,JARVIS ST,ISABELLA ST,,Major Arterial,Toronto and East York,43.668845,-79.37949,At Intersection,Traffic Signal,Clear,Daylight,Dry,Non-Fatal Injury,Turning Movement,Driver,40 to 44,None,,South,"Automobile, Station Wagon",Turning Left,Improper Turn,Inattentive,,,,,,,,Yes,Yes,,,,,,,,,,,167,Church-Wellesley,75,Church-Yonge Corridor (75),D51,630644.5154,4836368.1741
5141,5299930,1131025,10/16/2009 8:00:00 AM,220,225 QUEEN ST W,QUEEN Stre W,,Major Arterial,Toronto and East York,43.650545,-79.38799,At Intersection,No Control,Clear,Dark,Dry,Non-Fatal Injury,Pedestrian Collisions,Vehicle Owner,unknown,,,,"Automobile, Station Wagon",,,,,,,,,,Yes,,Yes,,,,,,Yes,Yes,,Yes,,164,Wellington Place,77,Waterfront Communities-The Island (77),D52,629998.7315,4834322.365
5142,5299931,1131025,10/16/2009 8:00:00 AM,220,225 QUEEN ST W,QUEEN Stre W,,Major Arterial,Toronto and East York,43.650545,-79.38799,At Intersection,No Control,Clear,Dark,Dry,Non-Fatal Injury,Pedestrian Collisions,Driver,15 to 19,None,,East,"Automobile, Station Wagon",Going Ahead,Exceeding Speed Limit,"Ability Impaired, Alcohol Over .08",,,,,,,Yes,,Yes,,,,,,Yes,Yes,,Yes,,164,Wellington Place,77,Waterfront Communities-The Island (77),D52,629998.7315,4834322.365
5143,5299932,1131025,10/16/2009 8:00:00 AM,220,225 QUEEN ST W,QUEEN Stre W,,Major Arterial,Toronto and East York,43.650545,-79.38799,At Intersection,No Control,Clear,Dark,Dry,Non-Fatal Injury,Pedestrian Collisions,Vehicle Owner,unknown,,,,Other,,,,,,,,,,Yes,,Yes,,,,,,Yes,Yes,,Yes,,164,Wellington Place,77,Waterfront Communities-The Island (77),D52,629998.7315,4834322.365
5144,5299933,1131025,10/16/2009 8:00:00 AM,220,225 QUEEN ST W,QUEEN Stre W,,Major Arterial,Toronto and East York,43.650545,-79.38799,At Intersection,No Control,Clear,Dark,Dry,Non-Fatal Injury,Pedestrian Collisions,Driver,35 to 39,None,,East,"Automobile, Station Wagon",Stopped,Driving Properly,Normal,,,,,,,Yes,,Yes,,,,,,Yes,Yes,,Yes,,164,Wellington Place,77,Waterfront Communities-The Island (77),D52,629998.7315,4834322.365
5145,5299934,1131025,10/16/2009 8:00:00 AM,220,225 QUEEN ST W,QUEEN Stre W,,Major Arterial,Toronto and East York,43.650545,-79.38799,At Intersection,No Control,Clear,Dark,Dry,Non-Fatal Injury,Pedestrian Collisions,Pedestrian,45 to 49,Major,,,Other,,,,Pedestrian hit at mid-block,Person Getting on/off Vehicle,Had Been Drinking,,,,Yes,,Yes,,,,,,Yes,Yes,,Yes,,164,Wellington Place,77,Waterfront Communities-The Island (77),D52,629998.7315,4834322.365
5146,5793441,1131172,10/16/2009 8:00:00 AM,1301,STEELES AVE W,TANGREEN CRT,,Major Arterial,North York,43.796645,-79.42629,,No Control,Clear,Daylight,Dry,Fatal,Pedestrian Collisions,Vehicle Owner,unknown,,,,Other,,,,,,,,,,Yes,,Yes,,,,,,,,,,,NSA,NSA,NSA,NSA,D32,626601.9149,4850489.576
5147,5793442,1131172,10/16/2009 8:00:00 AM,1301,STEELES AVE W,TANGREEN CRT,,Major Arterial,North York,43.796645,-79.42629,,No Control,Clear,Daylight,Dry,Fatal,Pedestrian Collisions,Driver,50 to 54,None,,West,"Automobile, Station Wagon",Going Ahead,Driving Properly,Normal,,,,,,,Yes,,Yes,,,,,,,,,,,NSA,NSA,NSA,NSA,D32,626601.9149,4850489.576
5148,5793443,1131172,10/16/2009 8:00:00 AM,1301,STEELES AVE W,TANGREEN CRT,,Major Arterial,North York,43.796645,-79.42629,,No Control,Clear,Daylight,Dry,Fatal,Pedestrian Collisions,Pedestrian,80 to 84,Fatal,41,South,Other,,,,Vehicle is going straight thru inter.while ped cross without ROW,"Crossing, no Traffic Control",Inattentive,,,,Yes,,Yes,,,,,,,,,,,NSA,NSA,NSA,NSA,D32,626601.9149,4850489.576
5149,5300490,1131255,10/17/2009 8:00:00 AM,207,BATHURST ST,DUPONT ST,,Major Arterial,Toronto and East York,43.673145,-79.41439,At Intersection,Traffic Signal,Clear,Dark,Dry,Non-Fatal Injury,Pedestrian Collisions,Driver,30 to 34,None,,South,"Automobile, Station Wagon",Going Ahead,Driving Properly,Normal,,,,,,,Yes,,Yes,,,,,,,,,,,95,Annex,95,Annex (95),D14,627821.7421,4836791.3758
5150,5300491,1131255,10/17/2009 8:00:00 AM,207,BATHURST ST,DUPONT ST,,Major Arterial,Toronto and East York,43.673145,-79.41439,At Intersection,Traffic Signal,Clear,Dark,Dry,Non-Fatal Injury,Pedestrian Collisions,Pedestrian,25 to 29,Major,,West,Other,,,,Vehicle is going straight thru inter.while ped cross without ROW,Crossing without right of way,Normal,,,,Yes,,Yes,,,,,,,,,,,95,Annex,95,Annex (95),D14,627821.7421,4836791.3758
5151,5793455,1131264,10/17/2009 8:00:00 AM,2352,FINCH AVE W,TOBERMORY DR,,Major Arterial,Etobicoke York,43.759245,-79.50789,At Intersection,Traffic Signal,Clear,Dark,Dry,Fatal,Turning Movement,Passenger,60 to 64,Fatal,34,,Other,,,,,,,,,,,,Yes,,,,,Yes,Yes,Yes,,Yes,,25,Glenfield-Jane Heights,25,Glenfield-Jane Heights (25),D31,620112.162,4846214.1568