OBJECTID,INDEX,ACCNUM,DATE,TIME,STREET1,STREET2,OFFSET,ROAD_CLASS,DISTRICT,LATITUDE,LONGITUDE,ACCLOC,TRAFFCTL,VISIBILITY,LIGHT,RDSFCOND,ACCLASS,IMPACTYPE,INVTYPE,INVAGE,INJURY,FATAL_NO,INITDIR,VEHTYPE,MANOEUVER,DRIVACT,DRIVCOND,PEDTYPE,PEDACT,PEDCOND,CYCLISTYPE,CYCACT,CYCCOND,PEDESTRIAN,CYCLIST,AUTOMOBILE,MOTORCYCLE,TRUCK,TRSN_CITY_VEH,EMERG_VEH,PASSENGER,SPEEDING,AG_DRIV,REDLIGHT,ALCOHOL,DISABILITY,HOOD_158,NEIGHBOURHOOD_158,HOOD_140,NEIGHBOURHOOD_140,DIVISION,x,y
5152,5793456,1131264,10/17/2009 8:00:00 AM,2352,FINCH AVE W,TOBERMORY DR,,Major Arterial,Etobicoke York,43.759245,-79.50789,At Intersection,Traffic Signal,Clear,Dark,Dry,Fatal,Turning Movement,Passenger,35 to 39,Major,,,Other,,,,,,,,,,,,Yes,,,,,Yes,Yes,Yes,,Yes,,25,Glenfield-Jane Heights,25,Glenfield-Jane Heights (25),D31,620112.162,4846214.1568
5153,5793457,1131264,10/17/2009 8:00:00 AM,2352,FINCH AVE W,TOBERMORY DR,,Major Arterial,Etobicoke York,43.759245,-79.50789,At Intersection,Traffic Signal,Clear,Dark,Dry,Fatal,Turning Movement,Passenger,40 to 44,Fatal,33,,Other,,,,,,,,,,,,Yes,,,,,Yes,Yes,Yes,,Yes,,25,Glenfield-Jane Heights,25,Glenfield-Jane Heights (25),D31,620112.162,4846214.1568
5154,5793458,1131264,10/17/2009 8:00:00 AM,2352,FINCH AVE W,TOBERMORY DR,,Major Arterial,Etobicoke York,43.759245,-79.50789,At Intersection,Traffic Signal,Clear,Dark,Dry,Fatal,Turning Movement,Passenger,20 to 24,Fatal,32,,Other,,,,,,,,,,,,Yes,,,,,Yes,Yes,Yes,,Yes,,25,Glenfield-Jane Heights,25,Glenfield-Jane Heights (25),D31,620112.162,4846214.1568
5155,5793459,1131264,10/17/2009 8:00:00 AM,2352,FINCH AVE W,TOBERMORY DR,,Major Arterial,Etobicoke York,43.759245,-79.50789,At Intersection,Traffic Signal,Clear,Dark,Dry,Fatal,Turning Movement,Driver,40 to 44,Minor,,East,"Automobile, Station Wagon",Turning Left,Driving Properly,Normal,,,,,,,,,Yes,,,,,Yes,Yes,Yes,,Yes,,25,Glenfield-Jane Heights,25,Glenfield-Jane Heights (25),D31,620112.162,4846214.1568
5156,5793460,1131264,10/17/2009 8:00:00 AM,2352,FINCH AVE W,TOBERMORY DR,,Major Arterial,Etobicoke York,43.759245,-79.50789,At Intersection,Traffic Signal,Clear,Dark,Dry,Fatal,Turning Movement,Driver,20 to 24,Major,,West,"Automobile, Station Wagon",Going Ahead,Exceeding Speed Limit,"Ability Impaired, Alcohol",,,,,,,,,Yes,,,,,Yes,Yes,Yes,,Yes,,25,Glenfield-Jane Heights,25,Glenfield-Jane Heights (25),D31,620112.162,4846214.1568
5157,5862767,1135676,10/18/2009 8:00:00 AM,250,BLOOR Stre W,BRUNSWICK Aven,,Major Arterial,Toronto and East York,43.665745,-79.40799,,No Control,Clear,Dark,Dry,Non-Fatal Injury,Rear End,Vehicle Owner,unknown,,,,Other,,,,,,,,,,,,Yes,,,,,,,Yes,,,,79,University,79,University (79),D14,628353.4467,4835979.3887
5158,5862768,1135676,10/18/2009 8:00:00 AM,250,BLOOR Stre W,BRUNSWICK Aven,,Major Arterial,Toronto and East York,43.665745,-79.40799,,No Control,Clear,Dark,Dry,Non-Fatal Injury,Rear End,Driver,45 to 49,None,,West,"Automobile, Station Wagon",Going Ahead,Following too Close,Fatigue,,,,,,,,,Yes,,,,,,,Yes,,,,79,University,79,University (79),D14,628353.4467,4835979.3887
5159,5862769,1135676,10/18/2009 8:00:00 AM,250,BLOOR Stre W,BRUNSWICK Aven,,Major Arterial,Toronto and East York,43.665745,-79.40799,,No Control,Clear,Dark,Dry,Non-Fatal Injury,Rear End,Other,unknown,None,,,Other,Parked,,,,,,,,,,,Yes,,,,,,,Yes,,,,79,University,79,University (79),D14,628353.4467,4835979.3887
5160,5862770,1135676,10/18/2009 8:00:00 AM,250,BLOOR Stre W,BRUNSWICK Aven,,Major Arterial,Toronto and East York,43.665745,-79.40799,,No Control,Clear,Dark,Dry,Non-Fatal Injury,Rear End,Driver,20 to 24,Major,,West,"Automobile, Station Wagon",Parked,Driving Properly,Normal,,,,,,,,,Yes,,,,,,,Yes,,,,79,University,79,University (79),D14,628353.4467,4835979.3887
5161,5300761,1131365,10/18/2009 8:00:00 AM,306,ADELAIDE ST E,VICTORIA ST,,Major Arterial,Toronto and East York,43.650645,-79.37729,,Traffic Signal,Clear,Dark,Dry,Non-Fatal Injury,Pedestrian Collisions,Pedestrian,25 to 29,Major,,,Other,Other,,,Unknown,Other,Normal,,,,Yes,,,,,,,,,,,,,168,Downtown Yonge East,75,Church-Yonge Corridor (75),D51,630861.413,4834350.2892
5162,5045945,1135987,10/20/2009 8:00:00 AM,1142,ST CLAIR Aven W,OLD WESTON Road,,Major Arterial,Toronto and East York,43.673045,-79.46499,,Traffic Controller,Clear,Daylight,Dry,Non-Fatal Injury,Cyclist Collisions,Vehicle Owner,unknown,,,,Other,,,,,,,,,,,Yes,,,Yes,,,,,,,,,91,Weston-Pelham Park,91,Weston-Pellam Park (91),D11,623742.8612,4836703.5422
5163,5045946,1135987,10/20/2009 8:00:00 AM,1142,ST CLAIR Aven W,OLD WESTON Road,,Major Arterial,Toronto and East York,43.673045,-79.46499,,Traffic Controller,Clear,Daylight,Dry,Non-Fatal Injury,Cyclist Collisions,Truck Driver,40 to 44,None,,North,Truck - Open,Stopped,Driving Properly,Normal,,,,,,,,Yes,,,Yes,,,,,,,,,91,Weston-Pelham Park,91,Weston-Pellam Park (91),D11,623742.8612,4836703.5422
5164,5045947,1135987,10/20/2009 8:00:00 AM,1142,ST CLAIR Aven W,OLD WESTON Road,,Major Arterial,Toronto and East York,43.673045,-79.46499,,Traffic Controller,Clear,Daylight,Dry,Non-Fatal Injury,Cyclist Collisions,Cyclist,35 to 39,Major,,West,Bicycle,Going Ahead,,,,,,"Cyclist loses control and strikes object (pole, ttc track)",Lost control,Normal,,Yes,,,Yes,,,,,,,,,91,Weston-Pelham Park,91,Weston-Pellam Park (91),D11,623742.8612,4836703.5422
5165,5866176,1135839,10/20/2009 8:00:00 AM,1230,ALBION RD,ARMEL CRT,,Major Arterial,Etobicoke York,43.721345,-79.54559,At Intersection,Traffic Signal,Clear,"Daylight, artificial",Dry,Non-Fatal Injury,Pedestrian Collisions,Driver,20 to 24,None,,South,"Automobile, Station Wagon",Turning Left,Failed to Yield Right of Way,Inattentive,,,,,,,Yes,,Yes,,,,,,,Yes,,,,5,Elms-Old Rexdale,5,Elms-Old Rexdale (5),D23,617151.2496,4841950.8353
5166,5866177,1135839,10/20/2009 8:00:00 AM,1230,ALBION RD,ARMEL CRT,,Major Arterial,Etobicoke York,43.721345,-79.54559,At Intersection,Traffic Signal,Clear,"Daylight, artificial",Dry,Non-Fatal Injury,Pedestrian Collisions,Pedestrian,50 to 54,Major,,North,Other,,,,Vehicle turns left while ped crosses with ROW at inter.,Crossing with right of way,Normal,,,,Yes,,Yes,,,,,,,Yes,,,,5,Elms-Old Rexdale,5,Elms-Old Rexdale (5),D23,617151.2496,4841950.8353
5167,5045973,1136012,10/20/2009 8:00:00 AM,1850,OAKWOOD AVE,EARLSDALE AVE,,Minor Arterial,Toronto and East York,43.685045,-79.43789,,No Control,Clear,Dusk,Dry,Non-Fatal Injury,Pedestrian Collisions,Driver,15 to 19,None,,South,"Automobile, Station Wagon",Going Ahead,Driving Properly,Normal,,,,,,,Yes,,Yes,,,,,,,,,,,107,Oakwood Village,107,Oakwood Village (107),D13,625902.4125,4838077.0875
5168,5045974,1136012,10/20/2009 8:00:00 AM,1850,OAKWOOD AVE,EARLSDALE AVE,,Minor Arterial,Toronto and East York,43.685045,-79.43789,,No Control,Clear,Dusk,Dry,Non-Fatal Injury,Pedestrian Collisions,Pedestrian,20 to 24,Major,,West,Other,,,,Pedestrian hit at mid-block,"Crossing, no Traffic Control",Inattentive,,,,Yes,,Yes,,,,,,,,,,,107,Oakwood Village,107,Oakwood Village (107),D13,625902.4125,4838077.0875
5169,5040682,1132127,10/21/2009 8:00:00 AM,1255,WESTON RD,FENMAR DR,,Major Arterial,Etobicoke York,43.756345,-79.54349,At Intersection,No Control,Rain,Daylight,Wet,Fatal,Pedestrian Collisions,Other,unknown,None,,South,Other,Parked,,,,,,,,,Yes,,,,Yes,,,,,,,,,21,Humber Summit,21,Humber Summit (21),D31,617252.0694,4845841.057
5170,5040683,1132127,10/21/2009 8:00:00 AM,1255,WESTON RD,FENMAR DR,,Major Arterial,Etobicoke York,43.756345,-79.54349,At Intersection,No Control,Rain,Daylight,Wet,Fatal,Pedestrian Collisions,Vehicle Owner,unknown,,,,Other,,,,,,,,,,Yes,,,,Yes,,,,,,,,,21,Humber Summit,21,Humber Summit (21),D31,617252.0694,4845841.057
5171,5040684,1132127,10/21/2009 8:00:00 AM,1255,WESTON RD,FENMAR DR,,Major Arterial,Etobicoke York,43.756345,-79.54349,At Intersection,No Control,Rain,Daylight,Wet,Fatal,Pedestrian Collisions,Truck Driver,20 to 24,None,,South,Truck - Open,Slowing or Stopping,Other,Normal,,,,,,,Yes,,,,Yes,,,,,,,,,21,Humber Summit,21,Humber Summit (21),D31,617252.0694,4845841.057
5172,5040685,1132127,10/21/2009 8:00:00 AM,1255,WESTON RD,FENMAR DR,,Major Arterial,Etobicoke York,43.756345,-79.54349,At Intersection,No Control,Rain,Daylight,Wet,Fatal,Pedestrian Collisions,Pedestrian,50 to 54,Fatal,35,Unknown,Other,,,,Other / Undefined,Pushing/Working on Vehicle,Unknown,,,,Yes,,,,Yes,,,,,,,,,21,Humber Summit,21,Humber Summit (21),D31,617252.0694,4845841.057
5173,5046062,1136056,10/21/2009 8:00:00 AM,1819,ROYAL YORK Road,ALLANHURST Driv,,Minor Arterial,Etobicoke York,43.679245,-79.52529,,Traffic Signal,Clear,Dark,Wet,Non-Fatal Injury,Rear End,Truck Driver,70 to 74,None,,South,Truck - Open,Slowing or Stopping,Driving Properly,Normal,,,,,,,,,Yes,,Yes,,,,Yes,Yes,,,,9,Edenbridge-Humber Valley,9,Edenbridge-Humber Valley (9),D22,618869.5713,4837303.9495
5174,5046063,1136056,10/21/2009 8:00:00 AM,1819,ROYAL YORK Road,ALLANHURST Driv,,Minor Arterial,Etobicoke York,43.679245,-79.52529,,Traffic Signal,Clear,Dark,Wet,Non-Fatal Injury,Rear End,Driver,35 to 39,Major,,South,"Automobile, Station Wagon",Slowing or Stopping,Driving Properly,Normal,,,,,,,,,Yes,,Yes,,,,Yes,Yes,,,,9,Edenbridge-Humber Valley,9,Edenbridge-Humber Valley (9),D22,618869.5713,4837303.9495
5175,5046064,1136056,10/21/2009 8:00:00 AM,1819,ROYAL YORK Road,ALLANHURST Driv,,Minor Arterial,Etobicoke York,43.679245,-79.52529,,Traffic Signal,Clear,Dark,Wet,Non-Fatal Injury,Rear End,Driver,30 to 34,None,,South,"Automobile, Station Wagon",Going Ahead,Following too Close,Inattentive,,,,,,,,,Yes,,Yes,,,,Yes,Yes,,,,9,Edenbridge-Humber Valley,9,Edenbridge-Humber Valley (9),D22,618869.5713,4837303.9495
5176,5860623,1132126,10/21/2009 8:00:00 AM,2023,1549 ALBION RD,,,Major Arterial,Etobicoke York,43.740745,-79.58679,,No Control,Clear,Dark,Dry,Non-Fatal Injury,Pedestrian Collisions,Vehicle Owner,unknown,,,,Other,,,,,,,,,,Yes,,,,,Yes,,,,,,,,2,Mount Olive-Silverstone-Jamestown,2,Mount Olive-Silverstone-Jamestown (2),D23,613795.8634,4844048.0677
5177,5860624,1132126,10/21/2009 8:00:00 AM,2023,1549 ALBION RD,,,Major Arterial,Etobicoke York,43.740745,-79.58679,,No Control,Clear,Dark,Dry,Non-Fatal Injury,Pedestrian Collisions,Driver,25 to 29,None,,East,Municipal Transit Bus (TTC),Going Ahead,Driving Properly,Normal,,,,,,,Yes,,,,,Yes,,,,,,,,2,Mount Olive-Silverstone-Jamestown,2,Mount Olive-Silverstone-Jamestown (2),D23,613795.8634,4844048.0677
5178,5860625,1132126,10/21/2009 8:00:00 AM,2023,1549 ALBION RD,,,Major Arterial,Etobicoke York,43.740745,-79.58679,,No Control,Clear,Dark,Dry,Non-Fatal Injury,Pedestrian Collisions,Pedestrian,40 to 44,Major,,South,Other,,,,Pedestrian involved in a collision with transit vehicle anywhere along roadway,"Crossing, no Traffic Control",Had Been Drinking,,,,Yes,,,,,Yes,,,,,,,,2,Mount Olive-Silverstone-Jamestown,2,Mount Olive-Silverstone-Jamestown (2),D23,613795.8634,4844048.0677
5179,5860740,1136099,10/22/2009 8:00:00 AM,710,LANSDOWNE Aven,DUNDAS Stre W,,Minor Arterial,Toronto and East York,43.650145,-79.43969,At Intersection,Traffic Signal,Clear,Daylight,Dry,Non-Fatal Injury,Turning Movement,Driver,45 to 49,None,,South,"Automobile, Station Wagon",Going Ahead,Driving Properly,Normal,,,,,,,,,Yes,,,,,Yes,,,,,,84,Little Portugal,84,Little Portugal (84),D11,625830.2372,4834198.2481
5180,5860741,1136099,10/22/2009 8:00:00 AM,710,LANSDOWNE Aven,DUNDAS Stre W,,Minor Arterial,Toronto and East York,43.650145,-79.43969,At Intersection,Traffic Signal,Clear,Daylight,Dry,Non-Fatal Injury,Turning Movement,Passenger,30 to 34,Minor,,,Other,,,,,,,,,,,,Yes,,,,,Yes,,,,,,84,Little Portugal,84,Little Portugal (84),D11,625830.2372,4834198.2481
5181,5860742,1136099,10/22/2009 8:00:00 AM,710,LANSDOWNE Aven,DUNDAS Stre W,,Minor Arterial,Toronto and East York,43.650145,-79.43969,At Intersection,Traffic Signal,Clear,Daylight,Dry,Non-Fatal Injury,Turning Movement,Driver,30 to 34,Major,,North,"Automobile, Station Wagon",Turning Left,Improper Turn,Normal,,,,,,,,,Yes,,,,,Yes,,,,,,84,Little Portugal,84,Little Portugal (84),D11,625830.2372,4834198.2481
5182,5041267,1132676,10/23/2009 8:00:00 AM,715,FINCH AVE E,BLACKBIRD GT,,Minor Arterial,Scarborough,43.816945,-79.22429,At Intersection,No Control,Rain,Dark,Wet,Fatal,Pedestrian Collisions,Driver,45 to 49,Minor,,West,"Automobile, Station Wagon",Going Ahead,Driving Properly,Normal,,,,,,,Yes,,Yes,,,,,,,,,,,144,Morningside Heights,132,Malvern (132),D42,642804.2121,4853073.0604
5183,5041268,1132676,10/23/2009 8:00:00 AM,715,FINCH AVE E,BLACKBIRD GT,,Minor Arterial,Scarborough,43.816945,-79.22429,At Intersection,No Control,Rain,Dark,Wet,Fatal,Pedestrian Collisions,Pedestrian,60 to 64,Fatal,36,North,Other,,,,Vehicle is going straight thru inter.while ped cross without ROW,"Crossing, no Traffic Control",Inattentive,,,,Yes,,Yes,,,,,,,,,,,144,Morningside Heights,132,Malvern (132),D42,642804.2121,4853073.0604
5184,5862619,1132677,10/23/2009 8:00:00 AM,755,1251 KENNEDY Rd,,,Major Arterial,Scarborough,43.756345,-79.27739,,No Control,Rain,Daylight,Wet,Non-Fatal Injury,SMV Other,Driver,30 to 34,Major,,North,"Automobile, Station Wagon",Going Ahead,Lost control,Unknown,,,,,,,,,Yes,,,,,,,,,,,126,Dorset Park,126,Dorset Park (126),D41,638673.8828,4846252.1816
5185,5041299,1132688,10/23/2009 8:00:00 AM,1708,STEELES AVE W,TURBINE DR,,Major Arterial,Etobicoke York,43.767945,-79.55779,At Intersection,No Control,Rain,Daylight,Wet,Non-Fatal Injury,Pedestrian Collisions,Vehicle Owner,unknown,,,,Other,,,,,,,,,,Yes,,Yes,,,,,,,,,,,21,Humber Summit,21,Humber Summit (21),D31,616078.4466,4847109.2638
5186,5041300,1132688,10/23/2009 8:00:00 AM,1708,STEELES AVE W,TURBINE DR,,Major Arterial,Etobicoke York,43.767945,-79.55779,At Intersection,No Control,Rain,Daylight,Wet,Non-Fatal Injury,Pedestrian Collisions,Driver,40 to 44,None,,West,"Automobile, Station Wagon",Going Ahead,Driving Properly,Normal,,,,,,,Yes,,Yes,,,,,,,,,,,21,Humber Summit,21,Humber Summit (21),D31,616078.4466,4847109.2638
5187,5041301,1132688,10/23/2009 8:00:00 AM,1708,STEELES AVE W,TURBINE DR,,Major Arterial,Etobicoke York,43.767945,-79.55779,At Intersection,No Control,Rain,Daylight,Wet,Non-Fatal Injury,Pedestrian Collisions,Pedestrian,35 to 39,Major,,South,Other,,,,Vehicle is going straight thru inter.while ped cross without ROW,"Crossing, no Traffic Control",Normal,,,,Yes,,Yes,,,,,,,,,,,21,Humber Summit,21,Humber Summit (21),D31,616078.4466,4847109.2638
5188,5041366,1132715,10/23/2009 8:00:00 AM,2015,BAY ST,WELLESLEY ST W,,Major Arterial,Toronto and East York,43.664345,-79.38719,At Intersection,Traffic Signal,Rain,Dark,Wet,Non-Fatal Injury,Pedestrian Collisions,Driver,20 to 24,None,,East,"Automobile, Station Wagon",Turning Left,Failed to Yield Right of Way,Normal,,,,,,,Yes,,Yes,,,,,,,Yes,,,,169,Bay-Cloverhill,76,Bay Street Corridor (76),D52,630033.4559,4835856.2911
5189,5041367,1132715,10/23/2009 8:00:00 AM,2015,BAY ST,WELLESLEY ST W,,Major Arterial,Toronto and East York,43.664345,-79.38719,At Intersection,Traffic Signal,Rain,Dark,Wet,Non-Fatal Injury,Pedestrian Collisions,Pedestrian,35 to 39,Major,,East,Other,,,,Vehicle turns left while ped crosses with ROW at inter.,Crossing with right of way,Normal,,,,Yes,,Yes,,,,,,,Yes,,,,169,Bay-Cloverhill,76,Bay Street Corridor (76),D52,630033.4559,4835856.2911
5190,5048956,1137499,10/25/2009 8:00:00 AM,116,DUFFERIN ST,ASCOT AVE,,Major Arterial,Toronto and East York,43.680645,-79.44419,,Stop Sign,Clear,Dark,Dry,Non-Fatal Injury,Approaching,Driver,45 to 49,Minor,,South,"Automobile, Station Wagon",Going Ahead,Driving Properly,Normal,,,,,,,,,Yes,,,,,Yes,,Yes,,,,92,Corso Italia-Davenport,92,Corso Italia-Davenport (92),D13,625403.8096,4837578.863
5191,5048957,1137499,10/25/2009 8:00:00 AM,116,DUFFERIN ST,ASCOT AVE,,Major Arterial,Toronto and East York,43.680645,-79.44419,,Stop Sign,Clear,Dark,Dry,Non-Fatal Injury,Approaching,Passenger,15 to 19,Minor,,,Other,,,,,,,,,,,,Yes,,,,,Yes,,Yes,,,,92,Corso Italia-Davenport,92,Corso Italia-Davenport (92),D13,625403.8096,4837578.863
5192,5048958,1137499,10/25/2009 8:00:00 AM,116,DUFFERIN ST,ASCOT AVE,,Major Arterial,Toronto and East York,43.680645,-79.44419,,Stop Sign,Clear,Dark,Dry,Non-Fatal Injury,Approaching,Passenger,25 to 29,Minor,,,Other,,,,,,,,,,,,Yes,,,,,Yes,,Yes,,,,92,Corso Italia-Davenport,92,Corso Italia-Davenport (92),D13,625403.8096,4837578.863
5193,5048959,1137499,10/25/2009 8:00:00 AM,116,DUFFERIN ST,ASCOT AVE,,Major Arterial,Toronto and East York,43.680645,-79.44419,,Stop Sign,Clear,Dark,Dry,Non-Fatal Injury,Approaching,Driver,25 to 29,Major,,North,"Automobile, Station Wagon",Stopped,Following too Close,Normal,,,,,,,,,Yes,,,,,Yes,,Yes,,,,92,Corso Italia-Davenport,92,Corso Italia-Davenport (92),D13,625403.8096,4837578.863
5194,5048960,1137499,10/25/2009 8:00:00 AM,116,DUFFERIN ST,ASCOT AVE,,Major Arterial,Toronto and East York,43.680645,-79.44419,,Stop Sign,Clear,Dark,Dry,Non-Fatal Injury,Approaching,Passenger,15 to 19,Minor,,,Other,,,,,,,,,,,,Yes,,,,,Yes,,Yes,,,,92,Corso Italia-Davenport,92,Corso Italia-Davenport (92),D13,625403.8096,4837578.863
5195,5048961,1137499,10/25/2009 8:00:00 AM,116,DUFFERIN ST,ASCOT AVE,,Major Arterial,Toronto and East York,43.680645,-79.44419,,Stop Sign,Clear,Dark,Dry,Non-Fatal Injury,Approaching,Passenger,40 to 44,Minor,,,Other,,,,,,,,,,,,Yes,,,,,Yes,,Yes,,,,92,Corso Italia-Davenport,92,Corso Italia-Davenport (92),D13,625403.8096,4837578.863
5196,5048962,1137499,10/25/2009 8:00:00 AM,116,DUFFERIN ST,ASCOT AVE,,Major Arterial,Toronto and East York,43.680645,-79.44419,,Stop Sign,Clear,Dark,Dry,Non-Fatal Injury,Approaching,Vehicle Owner,unknown,,,,Other,,,,,,,,,,,,Yes,,,,,Yes,,Yes,,,,92,Corso Italia-Davenport,92,Corso Italia-Davenport (92),D13,625403.8096,4837578.863
5197,5048963,1137499,10/25/2009 8:00:00 AM,116,DUFFERIN ST,ASCOT AVE,,Major Arterial,Toronto and East York,43.680645,-79.44419,,Stop Sign,Clear,Dark,Dry,Non-Fatal Injury,Approaching,Driver,55 to 59,Minor,,North,"Automobile, Station Wagon",Stopped,Driving Properly,Normal,,,,,,,,,Yes,,,,,Yes,,Yes,,,,92,Corso Italia-Davenport,92,Corso Italia-Davenport (92),D13,625403.8096,4837578.863
5198,5048964,1137499,10/25/2009 8:00:00 AM,116,DUFFERIN ST,ASCOT AVE,,Major Arterial,Toronto and East York,43.680645,-79.44419,,Stop Sign,Clear,Dark,Dry,Non-Fatal Injury,Approaching,Driver,20 to 24,None,,North,"Automobile, Station Wagon",Going Ahead,Lost control,Unknown,,,,,,,,,Yes,,,,,Yes,,Yes,,,,92,Corso Italia-Davenport,92,Corso Italia-Davenport (92),D13,625403.8096,4837578.863
5199,5862853,1137440,10/25/2009 8:00:00 AM,1722,ALBION RD,FINCH AVE W,,Major Arterial,Etobicoke York,43.741045,-79.58919,At Intersection,Traffic Signal,Clear,Daylight,Dry,Non-Fatal Injury,Turning Movement,Driver,20 to 24,Major,,West,Taxi,Turning Left,Improper Turn,Normal,,,,,,,,,Yes,,,,,,,Yes,,,,2,Mount Olive-Silverstone-Jamestown,2,Mount Olive-Silverstone-Jamestown (2),D23,613602.0397,4844078.0934
5200,5862854,1137440,10/25/2009 8:00:00 AM,1722,ALBION RD,FINCH AVE W,,Major Arterial,Etobicoke York,43.741045,-79.58919,At Intersection,Traffic Signal,Clear,Daylight,Dry,Non-Fatal Injury,Turning Movement,Driver,25 to 29,Minor,,East,"Automobile, Station Wagon",Going Ahead,Driving Properly,Normal,,,,,,,,,Yes,,,,,,,Yes,,,,2,Mount Olive-Silverstone-Jamestown,2,Mount Olive-Silverstone-Jamestown (2),D23,613602.0397,4844078.0934
5201,5049221,1137620,10/27/2009 8:00:00 AM,848,BATHURST ST,STEELES AVE W,,Major Arterial,North York,43.792245,-79.44569,At Intersection,No Control,Clear,Daylight,Dry,Non-Fatal Injury,Pedestrian Collisions,Driver,45 to 49,None,,North,"Automobile, Station Wagon",Going Ahead,Driving Properly,Normal,,,,,,,Yes,,Yes,,,,,,,,,,,36,Newtonbrook West,36,Newtonbrook West (36),D32,625050.3866,4849971.3948
5202,5049222,1137620,10/27/2009 8:00:00 AM,848,BATHURST ST,STEELES AVE W,,Major Arterial,North York,43.792245,-79.44569,At Intersection,No Control,Clear,Daylight,Dry,Non-Fatal Injury,Pedestrian Collisions,Pedestrian,35 to 39,Major,,West,Other,,,,Vehicle is going straight thru inter.while ped cross without ROW,Running onto Roadway,Normal,,,,Yes,,Yes,,,,,,,,,,,36,Newtonbrook West,36,Newtonbrook West (36),D32,625050.3866,4849971.3948
5203,5860657,1133598,10/28/2009 8:00:00 AM,707,BIRMINGHAM ST,NINETEENTH ST,,Collector,Etobicoke York,43.600444,-79.519092,,No Control,Rain,"Dawn, artificial",Wet,Non-Fatal Injury,Pedestrian Collisions,Pedestrian,5 to 9,None,,North,Other,,,,Vehicle is going straight thru inter.while ped cross without ROW,"Crossing, no Traffic Control",Inattentive,,,,Yes,,,,,Yes,,,,,,,,18,New Toronto,18,New Toronto (18),D22,619525.3125,4828561.0088
5204,5860658,1133598,10/28/2009 8:00:00 AM,707,BIRMINGHAM ST,NINETEENTH ST,,Collector,Etobicoke York,43.600444,-79.519092,,No Control,Rain,"Dawn, artificial",Wet,Non-Fatal Injury,Pedestrian Collisions,Pedestrian,30 to 34,None,,North,Other,,,,Vehicle is going straight thru inter.while ped cross without ROW,"Crossing, no Traffic Control",Inattentive,,,,Yes,,,,,Yes,,,,,,,,18,New Toronto,18,New Toronto (18),D22,619525.3125,4828561.0088
5205,5860659,1133598,10/28/2009 8:00:00 AM,707,BIRMINGHAM ST,NINETEENTH ST,,Collector,Etobicoke York,43.600444,-79.519092,,No Control,Rain,"Dawn, artificial",Wet,Non-Fatal Injury,Pedestrian Collisions,Pedestrian,5 to 9,Major,,North,Other,,,,Vehicle is going straight thru inter.while ped cross without ROW,"Crossing, no Traffic Control",Inattentive,,,,Yes,,,,,Yes,,,,,,,,18,New Toronto,18,New Toronto (18),D22,619525.3125,4828561.0088
5206,5860660,1133598,10/28/2009 8:00:00 AM,707,BIRMINGHAM ST,NINETEENTH ST,,Collector,Etobicoke York,43.600444,-79.519092,,No Control,Rain,"Dawn, artificial",Wet,Non-Fatal Injury,Pedestrian Collisions,Vehicle Owner,unknown,,,,Other,,,,,,,,,,Yes,,,,,Yes,,,,,,,,18,New Toronto,18,New Toronto (18),D22,619525.3125,4828561.0088
5207,5860661,1133598,10/28/2009 8:00:00 AM,707,BIRMINGHAM ST,NINETEENTH ST,,Collector,Etobicoke York,43.600444,-79.519092,,No Control,Rain,"Dawn, artificial",Wet,Non-Fatal Injury,Pedestrian Collisions,Driver,35 to 39,None,,West,Municipal Transit Bus (TTC),Going Ahead,Driving Properly,Unknown,,,,,,,Yes,,,,,Yes,,,,,,,,18,New Toronto,18,New Toronto (18),D22,619525.3125,4828561.0088
5208,5049235,1137628,10/28/2009 8:00:00 AM,1100,QUEEN Stre W,BATHURST Stre,,Major Arterial,Toronto and East York,43.647145,-79.40399,,Traffic Signal,Clear,Daylight,Dry,Non-Fatal Injury,Pedestrian Collisions,Driver,65 to 69,None,,East,"Automobile, Station Wagon",Going Ahead,Driving Properly,Normal,,,,,,,Yes,,Yes,,,,,,,,,,,164,Wellington Place,77,Waterfront Communities-The Island (77),D14,628715.6785,4833919.8102
5209,5049236,1137628,10/28/2009 8:00:00 AM,1100,QUEEN Stre W,BATHURST Stre,,Major Arterial,Toronto and East York,43.647145,-79.40399,,Traffic Signal,Clear,Daylight,Dry,Non-Fatal Injury,Pedestrian Collisions,Pedestrian,45 to 49,Major,,,Other,,,,Vehicle is going straight thru inter.while ped cross without ROW,Crossing without right of way,Unknown,,,,Yes,,Yes,,,,,,,,,,,164,Wellington Place,77,Waterfront Communities-The Island (77),D14,628715.6785,4833919.8102
5210,5049237,1137628,10/28/2009 8:00:00 AM,1100,QUEEN Stre W,BATHURST Stre,,Major Arterial,Toronto and East York,43.647145,-79.40399,,Traffic Signal,Clear,Daylight,Dry,Non-Fatal Injury,Pedestrian Collisions,Vehicle Owner,unknown,,,,Other,,,,,,,,,,Yes,,Yes,,,,,,,,,,,164,Wellington Place,77,Waterfront Communities-The Island (77),D14,628715.6785,4833919.8102
5211,5050973,1138372,10/30/2009 8:00:00 AM,1950,MIDLAND AVE,WOLFE AVE,,Minor Arterial,Scarborough,43.727445,-79.25509,,No Control,Clear,Dark,Dry,Non-Fatal Injury,Pedestrian Collisions,Pedestrian,15 to 19,Major,,Unknown,Other,,,,Vehicle is reversing and hits pedestrian,Other,Normal,,,,Yes,,Yes,,,,,,,,,,,124,Kennedy Park,124,Kennedy Park (124),D41,640536.7104,4843079.9815
5212,5050974,1138372,10/30/2009 8:00:00 AM,1950,MIDLAND AVE,WOLFE AVE,,Minor Arterial,Scarborough,43.727445,-79.25509,,No Control,Clear,Dark,Dry,Non-Fatal Injury,Pedestrian Collisions,Vehicle Owner,unknown,,,,Other,,,,,,,,,,Yes,,Yes,,,,,,,,,,,124,Kennedy Park,124,Kennedy Park (124),D41,640536.7104,4843079.9815