OBJECTID,INDEX,ACCNUM,DATE,TIME,STREET1,STREET2,OFFSET,ROAD_CLASS,DISTRICT,LATITUDE,LONGITUDE,ACCLOC,TRAFFCTL,VISIBILITY,LIGHT,RDSFCOND,ACCLASS,IMPACTYPE,INVTYPE,INVAGE,INJURY,FATAL_NO,INITDIR,VEHTYPE,MANOEUVER,DRIVACT,DRIVCOND,PEDTYPE,PEDACT,PEDCOND,CYCLISTYPE,CYCACT,CYCCOND,PEDESTRIAN,CYCLIST,AUTOMOBILE,MOTORCYCLE,TRUCK,TRSN_CITY_VEH,EMERG_VEH,PASSENGER,SPEEDING,AG_DRIV,REDLIGHT,ALCOHOL,DISABILITY,HOOD_158,NEIGHBOURHOOD_158,HOOD_140,NEIGHBOURHOOD_140,DIVISION,x,y
5331,5861201,1143896,11/30/2009 10:00:00 AM,631,ELLESMERE Rd,CLAUDIUS Gt,,Major Arterial,Scarborough,43.759545,-79.30789,,No Control,Clear,Dark,Wet,Non-Fatal Injury,Pedestrian Collisions,Pedestrian,30 to 34,Major,,North,Other,,,,Vehicle is going straight thru inter.while ped cross without ROW,Running onto Roadway,Inattentive,,,,Yes,,Yes,,,,,,,,,,,119,Wexford/Maryvale,119,Wexford/Maryvale (119),D41,636211.2775,4846556.9736
5332,5801019,1146935,11/30/2009 10:00:00 AM,1430,DANFORTH Rd,BIRCHMOUNT Rd,,Minor Arterial,Scarborough,43.707445,-79.26779,,No Control,Clear,Daylight,Dry,Non-Fatal Injury,Cyclist Collisions,Cyclist,55 to 59,Major,,North,Bicycle,Going Ahead,,,,,,"Cyclist loses control and strikes object (pole, ttc track)",Lost control,Unknown,,Yes,,,,,,,,,,,,120,Clairlea-Birchmount,120,Clairlea-Birchmount (120),D41,639560.2538,4840837.2283
5333,5866653,1139818,11/30/2009 10:00:00 AM,1716,LAWRENCE AVE W,BRUCEWOOD CRES,,Major Arterial,North York,43.718945,-79.43099,At Intersection,No Control,Clear,Dark,Dry,Non-Fatal Injury,Pedestrian Collisions,Driver,60 to 64,None,,East,"Automobile, Station Wagon",Going Ahead,Driving Properly,Normal,,,,,,,Yes,,Yes,,,,,,,,,,,32,Englemount-Lawrence,32,Englemount-Lawrence (32),D13,626387.2884,4841852.6526
5334,5866654,1139818,11/30/2009 10:00:00 AM,1716,LAWRENCE AVE W,BRUCEWOOD CRES,,Major Arterial,North York,43.718945,-79.43099,At Intersection,No Control,Clear,Dark,Dry,Non-Fatal Injury,Pedestrian Collisions,Pedestrian,50 to 54,Major,,South,Other,,,,Pedestrian hit at mid-block,"Crossing, no Traffic Control",Normal,,,,Yes,,Yes,,,,,,,,,,,32,Englemount-Lawrence,32,Englemount-Lawrence (32),D13,626387.2884,4841852.6526
5335,5063598,1143968,12/1/2009 10:00:00 AM,1510,ALBION RD,CLAIREPORT CRES,,Major Arterial,Etobicoke York,43.747745,-79.63249,At Intersection,Traffic Signal,Clear,Daylight,Dry,Non-Fatal Injury,Rear End,Vehicle Owner,unknown,,,,Other,,,,,,,,,,,,Yes,,,,,,,Yes,,,,1,West Humber-Clairville,1,West Humber-Clairville (1),D23,610103.1085,4844763.7647
5336,5063599,1143968,12/1/2009 10:00:00 AM,1510,ALBION RD,CLAIREPORT CRES,,Major Arterial,Etobicoke York,43.747745,-79.63249,At Intersection,Traffic Signal,Clear,Daylight,Dry,Non-Fatal Injury,Rear End,Driver,55 to 59,None,,East,"Automobile, Station Wagon",Going Ahead,Following too Close,Normal,,,,,,,,,Yes,,,,,,,Yes,,,,1,West Humber-Clairville,1,West Humber-Clairville (1),D23,610103.1085,4844763.7647
5337,5063600,1143968,12/1/2009 10:00:00 AM,1510,ALBION RD,CLAIREPORT CRES,,Major Arterial,Etobicoke York,43.747745,-79.63249,At Intersection,Traffic Signal,Clear,Daylight,Dry,Non-Fatal Injury,Rear End,Vehicle Owner,unknown,,,,Other,,,,,,,,,,,,Yes,,,,,,,Yes,,,,1,West Humber-Clairville,1,West Humber-Clairville (1),D23,610103.1085,4844763.7647
5338,5063601,1143968,12/1/2009 10:00:00 AM,1510,ALBION RD,CLAIREPORT CRES,,Major Arterial,Etobicoke York,43.747745,-79.63249,At Intersection,Traffic Signal,Clear,Daylight,Dry,Non-Fatal Injury,Rear End,Driver,35 to 39,Major,,East,"Automobile, Station Wagon",Stopped,Driving Properly,Normal,,,,,,,,,Yes,,,,,,,Yes,,,,1,West Humber-Clairville,1,West Humber-Clairville (1),D23,610103.1085,4844763.7647
5339,5063602,1143969,12/1/2009 10:00:00 AM,1920,HIGHWAY 27  S,QUEENS PLATE DR,,Major Arterial,Etobicoke York,43.722745,-79.59819,At Intersection,Traffic Signal,Clear,Dark,Dry,Non-Fatal Injury,Rear End,Driver,20 to 24,None,,South,"Automobile, Station Wagon",Turning Left,Following too Close,Normal,,,,,,,,,Yes,,,,,Yes,,Yes,,,,1,West Humber-Clairville,1,West Humber-Clairville (1),D23,612911.7142,4842033.32
5340,5063603,1143969,12/1/2009 10:00:00 AM,1920,HIGHWAY 27  S,QUEENS PLATE DR,,Major Arterial,Etobicoke York,43.722745,-79.59819,At Intersection,Traffic Signal,Clear,Dark,Dry,Non-Fatal Injury,Rear End,Passenger,15 to 19,Minor,,,Other,,,,,,,,,,,,Yes,,,,,Yes,,Yes,,,,1,West Humber-Clairville,1,West Humber-Clairville (1),D23,612911.7142,4842033.32
5341,5063604,1143969,12/1/2009 10:00:00 AM,1920,HIGHWAY 27  S,QUEENS PLATE DR,,Major Arterial,Etobicoke York,43.722745,-79.59819,At Intersection,Traffic Signal,Clear,Dark,Dry,Non-Fatal Injury,Rear End,Driver,30 to 34,Major,,South,"Automobile, Station Wagon",Turning Left,Driving Properly,Normal,,,,,,,,,Yes,,,,,Yes,,Yes,,,,1,West Humber-Clairville,1,West Humber-Clairville (1),D23,612911.7142,4842033.32
5342,5055593,1140459,12/5/2009 10:00:00 AM,2211,PHARMACY AVE,FINCH AVE E,,Major Arterial,Scarborough,43.794345,-79.32599,,Traffic Signal,Clear,Dark,Dry,Non-Fatal Injury,Pedestrian Collisions,Driver,45 to 49,None,,North,"Automobile, Station Wagon",Turning Left,Failed to Yield Right of Way,Normal,,,,,,,Yes,,Yes,,,,,,,Yes,,,,147,L'Amoreaux West,117,L'Amoreaux (117),D42,634676.0998,4850392.4433
5343,5055594,1140459,12/5/2009 10:00:00 AM,2211,PHARMACY AVE,FINCH AVE E,,Major Arterial,Scarborough,43.794345,-79.32599,,Traffic Signal,Clear,Dark,Dry,Non-Fatal Injury,Pedestrian Collisions,Pedestrian,50 to 54,Major,,South,Other,,,,Vehicle turns left while ped crosses with ROW at inter.,Crossing with right of way,Normal,,,,Yes,,Yes,,,,,,,Yes,,,,147,L'Amoreaux West,117,L'Amoreaux (117),D42,634676.0998,4850392.4433
5344,5863171,1141277,12/5/2009 10:00:00 AM,2320,FINCH AVE W,BATHURST ST,,Major Arterial,North York,43.773845,-79.44299,,Traffic Signal,Clear,Dark,Dry,Non-Fatal Injury,Pedestrian Collisions,Pedestrian,30 to 34,Major,,South,Other,,,,Vehicle is going straight thru inter.while ped cross with ROW,Crossing with right of way,Normal,,,,Yes,,Yes,,,,,,,Yes,Yes,,,37,Willowdale West,37,Willowdale West (37),D32,625306.0497,4847931.875
5345,5863172,1141277,12/5/2009 10:00:00 AM,2320,FINCH AVE W,BATHURST ST,,Major Arterial,North York,43.773845,-79.44299,,Traffic Signal,Clear,Dark,Dry,Non-Fatal Injury,Pedestrian Collisions,Driver,unknown,None,,East,"Automobile, Station Wagon",Going Ahead,Disobeyed Traffic Control,Unknown,,,,,,,Yes,,Yes,,,,,,,Yes,Yes,,,37,Willowdale West,37,Willowdale West (37),D32,625306.0497,4847931.875
5346,5065774,1144951,12/6/2009 10:00:00 AM,750,EGLINTON AVE W,EXPLORER DR,,Major Arterial,Etobicoke York,43.659745,-79.59409,At Intersection,Traffic Signal,Clear,Daylight,Dry,Non-Fatal Injury,Rear End,Driver,55 to 59,Major,,West,"Automobile, Station Wagon",Stopped,Driving Properly,Normal,,,,,,,,,Yes,,,,,,,Yes,,,,11,Eringate-Centennial-West Deane,NSA,NSA,D22,613360.5821,4835041.9236
5347,5065775,1144951,12/6/2009 10:00:00 AM,750,EGLINTON AVE W,EXPLORER DR,,Major Arterial,Etobicoke York,43.659745,-79.59409,At Intersection,Traffic Signal,Clear,Daylight,Dry,Non-Fatal Injury,Rear End,Vehicle Owner,unknown,,,,Other,,,,,,,,,,,,Yes,,,,,,,Yes,,,,11,Eringate-Centennial-West Deane,NSA,NSA,D22,613360.5821,4835041.9236
5348,5065776,1144951,12/6/2009 10:00:00 AM,750,EGLINTON AVE W,EXPLORER DR,,Major Arterial,Etobicoke York,43.659745,-79.59409,At Intersection,Traffic Signal,Clear,Daylight,Dry,Non-Fatal Injury,Rear End,Driver,15 to 19,None,,West,"Automobile, Station Wagon",Going Ahead,Following too Close,Fatigue,,,,,,,,,Yes,,,,,,,Yes,,,,11,Eringate-Centennial-West Deane,NSA,NSA,D22,613360.5821,4835041.9236
5349,5065777,1144951,12/6/2009 10:00:00 AM,750,EGLINTON AVE W,EXPLORER DR,,Major Arterial,Etobicoke York,43.659745,-79.59409,At Intersection,Traffic Signal,Clear,Daylight,Dry,Non-Fatal Injury,Rear End,Other Property Owner,unknown,,,,Other,,,,,,,,,,,,Yes,,,,,,,Yes,,,,11,Eringate-Centennial-West Deane,NSA,NSA,D22,613360.5821,4835041.9236
5350,5808800,1140944,12/8/2009 10:00:00 AM,540,FINCH AVE W,KIPLING AVE,,Major Arterial,Etobicoke York,43.743245,-79.58209,At Intersection,Traffic Signal,Clear,Dark,Dry,Fatal,Pedestrian Collisions,Vehicle Owner,unknown,,,,Other,,,,,,,,,,Yes,,Yes,,,,,,,,,,,3,Thistletown-Beaumond Heights,3,Thistletown-Beaumond Heights (3),D23,614169.572,4844332.1945
5351,5808801,1140944,12/8/2009 10:00:00 AM,540,FINCH AVE W,KIPLING AVE,,Major Arterial,Etobicoke York,43.743245,-79.58209,At Intersection,Traffic Signal,Clear,Dark,Dry,Fatal,Pedestrian Collisions,Driver,60 to 64,None,,South,"Automobile, Station Wagon",Turning Left,Other,Inattentive,,,,,,,Yes,,Yes,,,,,,,,,,,3,Thistletown-Beaumond Heights,3,Thistletown-Beaumond Heights (3),D23,614169.572,4844332.1945
5352,5808802,1140944,12/8/2009 10:00:00 AM,540,FINCH AVE W,KIPLING AVE,,Major Arterial,Etobicoke York,43.743245,-79.58209,At Intersection,Traffic Signal,Clear,Dark,Dry,Fatal,Pedestrian Collisions,Pedestrian,70 to 74,Fatal,43,North,Other,,,,Other / Undefined,Other,Normal,,,,Yes,,Yes,,,,,,,,,,,3,Thistletown-Beaumond Heights,3,Thistletown-Beaumond Heights (3),D23,614169.572,4844332.1945
5353,5861297,1145801,12/8/2009 10:00:00 AM,1405,110 CARRIER Dr,,,Collector,Etobicoke York,43.739445,-79.61289,,No Control,Clear,Daylight,Dry,Non-Fatal Injury,Pedestrian Collisions,Pedestrian,25 to 29,Major,,West,Other,,,,Pedestrian hit at mid-block,Running onto Roadway,Inattentive,,,,Yes,,Yes,,,,,,,,,,,1,West Humber-Clairville,1,West Humber-Clairville (1),D23,611696.6178,4843868.1677
5354,5861298,1145801,12/8/2009 10:00:00 AM,1405,110 CARRIER Dr,,,Collector,Etobicoke York,43.739445,-79.61289,,No Control,Clear,Daylight,Dry,Non-Fatal Injury,Pedestrian Collisions,Vehicle Owner,unknown,,,,Other,,,,,,,,,,Yes,,Yes,,,,,,,,,,,1,West Humber-Clairville,1,West Humber-Clairville (1),D23,611696.6178,4843868.1677
5355,5861299,1145801,12/8/2009 10:00:00 AM,1405,110 CARRIER Dr,,,Collector,Etobicoke York,43.739445,-79.61289,,No Control,Clear,Daylight,Dry,Non-Fatal Injury,Pedestrian Collisions,Driver,25 to 29,None,,North,"Automobile, Station Wagon",Going Ahead,Driving Properly,Normal,,,,,,,Yes,,Yes,,,,,,,,,,,1,West Humber-Clairville,1,West Humber-Clairville (1),D23,611696.6178,4843868.1677
5356,5794771,1140988,12/8/2009 10:00:00 AM,1456,FINCH AVE E,DON MILLS RD,,Major Arterial,North York,43.792645,-79.35469,,Traffic Signal,Clear,Daylight,Dry,Fatal,Turning Movement,Passenger,85 to 89,Fatal,44,,Other,,,,,,,,,,,,Yes,,,,,Yes,,,,,,47,Don Valley Village,47,Don Valley Village (47),D33,632370.8812,4850157.3308
5357,5794772,1140988,12/8/2009 10:00:00 AM,1456,FINCH AVE E,DON MILLS RD,,Major Arterial,North York,43.792645,-79.35469,,Traffic Signal,Clear,Daylight,Dry,Fatal,Turning Movement,Driver,70 to 74,Minor,,East,"Automobile, Station Wagon",Turning Left,Improper Turn,Normal,,,,,,,,,Yes,,,,,Yes,,,,,,47,Don Valley Village,47,Don Valley Village (47),D33,632370.8812,4850157.3308
5358,5794773,1140988,12/8/2009 10:00:00 AM,1456,FINCH AVE E,DON MILLS RD,,Major Arterial,North York,43.792645,-79.35469,,Traffic Signal,Clear,Daylight,Dry,Fatal,Turning Movement,Driver,20 to 24,None,,South,"Automobile, Station Wagon",Stopped,Driving Properly,Normal,,,,,,,,,Yes,,,,,Yes,,,,,,47,Don Valley Village,47,Don Valley Village (47),D33,632370.8812,4850157.3308
5359,5794774,1140988,12/8/2009 10:00:00 AM,1456,FINCH AVE E,DON MILLS RD,,Major Arterial,North York,43.792645,-79.35469,,Traffic Signal,Clear,Daylight,Dry,Fatal,Turning Movement,Vehicle Owner,unknown,,,,"Automobile, Station Wagon",,,,,,,,,,,,Yes,,,,,Yes,,,,,,47,Don Valley Village,47,Don Valley Village (47),D33,632370.8812,4850157.3308
5360,5794775,1140988,12/8/2009 10:00:00 AM,1456,FINCH AVE E,DON MILLS RD,,Major Arterial,North York,43.792645,-79.35469,,Traffic Signal,Clear,Daylight,Dry,Fatal,Turning Movement,Driver,20 to 24,Minor,,West,"Automobile, Station Wagon",Going Ahead,Driving Properly,Normal,,,,,,,,,Yes,,,,,Yes,,,,,,47,Don Valley Village,47,Don Valley Village (47),D33,632370.8812,4850157.3308
5361,5863980,1147258,12/8/2009 10:00:00 AM,1732,PITFIELD Road,BRIMLEY Road,,Major Arterial,Scarborough,43.783445,-79.26639,At Intersection,Traffic Signal,Clear,Dark,Dry,Non-Fatal Injury,Turning Movement,Passenger,40 to 44,Major,,,Other,,,,,,,,,,,,Yes,,,,,Yes,,,,,,128,Agincourt South-Malvern West,128,Agincourt South-Malvern West (128),D42,639496.3986,4849280.5352
5362,5863981,1147258,12/8/2009 10:00:00 AM,1732,PITFIELD Road,BRIMLEY Road,,Major Arterial,Scarborough,43.783445,-79.26639,At Intersection,Traffic Signal,Clear,Dark,Dry,Non-Fatal Injury,Turning Movement,Driver,60 to 64,Major,,East,"Automobile, Station Wagon",Going Ahead,Driving Properly,Normal,,,,,,,,,Yes,,,,,Yes,,,,,,128,Agincourt South-Malvern West,128,Agincourt South-Malvern West (128),D42,639496.3986,4849280.5352
5363,5863982,1147258,12/8/2009 10:00:00 AM,1732,PITFIELD Road,BRIMLEY Road,,Major Arterial,Scarborough,43.783445,-79.26639,At Intersection,Traffic Signal,Clear,Dark,Dry,Non-Fatal Injury,Turning Movement,Driver,45 to 49,None,,West,"Automobile, Station Wagon",Turning Left,Improper Turn,Normal,,,,,,,,,Yes,,,,,Yes,,,,,,128,Agincourt South-Malvern West,128,Agincourt South-Malvern West (128),D42,639496.3986,4849280.5352
5364,5870440,1146015,12/9/2009 10:00:00 AM,1754,LEDUC DR,TORBOLTON DR,,Local,Etobicoke York,43.717945,-79.55859,At Intersection,No Control,Clear,Dark,Wet,Non-Fatal Injury,Pedestrian Collisions,Driver,25 to 29,None,,East,"Automobile, Station Wagon",Going Ahead,Other,Normal,,,,,,,Yes,,Yes,,,,,,,,,,,4,Rexdale-Kipling,4,Rexdale-Kipling (4),D23,616110.6722,4841554.9246
5365,5870441,1146015,12/9/2009 10:00:00 AM,1754,LEDUC DR,TORBOLTON DR,,Local,Etobicoke York,43.717945,-79.55859,At Intersection,No Control,Clear,Dark,Wet,Non-Fatal Injury,Pedestrian Collisions,Pedestrian,25 to 29,Major,,East,Other,,,,Other / Undefined,Walking on Roadway with Traffic,Normal,,,,Yes,,Yes,,,,,,,,,,,4,Rexdale-Kipling,4,Rexdale-Kipling (4),D23,616110.6722,4841554.9246
5366,5799735,1146277,12/10/2009 10:00:00 AM,617,6 QUEENS PARK CRES E,,,Major Arterial,Toronto and East York,43.661145,-79.39009,,No Control,Snow,Dark,Ice,Non-Fatal Injury,SMV Other,Passenger,40 to 44,Major,,,Other,,,,,,,,,,,,Yes,,,,,Yes,Yes,Yes,,,,169,Bay-Cloverhill,76,Bay Street Corridor (76),D52,629806.5362,4835496.3472
5367,5799736,1146277,12/10/2009 10:00:00 AM,617,6 QUEENS PARK CRES E,,,Major Arterial,Toronto and East York,43.661145,-79.39009,,No Control,Snow,Dark,Ice,Non-Fatal Injury,SMV Other,Vehicle Owner,unknown,,,,Other,,,,,,,,,,,,Yes,,,,,Yes,Yes,Yes,,,,169,Bay-Cloverhill,76,Bay Street Corridor (76),D52,629806.5362,4835496.3472
5368,5799737,1146277,12/10/2009 10:00:00 AM,617,6 QUEENS PARK CRES E,,,Major Arterial,Toronto and East York,43.661145,-79.39009,,No Control,Snow,Dark,Ice,Non-Fatal Injury,SMV Other,Driver,55 to 59,Minimal,,South,"Automobile, Station Wagon",Going Ahead,Speed too Fast For Condition,Normal,,,,,,,,,Yes,,,,,Yes,Yes,Yes,,,,169,Bay-Cloverhill,76,Bay Street Corridor (76),D52,629806.5362,4835496.3472
5369,5799738,1146277,12/10/2009 10:00:00 AM,617,6 QUEENS PARK CRES E,,,Major Arterial,Toronto and East York,43.661145,-79.39009,,No Control,Snow,Dark,Ice,Non-Fatal Injury,SMV Other,Other Property Owner,unknown,,,,Other,,,,,,,,,,,,Yes,,,,,Yes,Yes,Yes,,,,169,Bay-Cloverhill,76,Bay Street Corridor (76),D52,629806.5362,4835496.3472
5370,5064979,1144593,12/10/2009 10:00:00 AM,1545,DUNDAS Stre W,ELIZABETH Stre,,Major Arterial,Toronto and East York,43.655445,-79.38519,At Intersection,Stop Sign,Clear,Daylight,Dry,Non-Fatal Injury,Pedestrian Collisions,Vehicle Owner,unknown,,,,Other,,,,,,,,,,Yes,,Yes,,,,,,,Yes,,,,170,Yonge-Bay Corridor,76,Bay Street Corridor (76),D52,630213.9464,4834870.9647
5371,5064980,1144593,12/10/2009 10:00:00 AM,1545,DUNDAS Stre W,ELIZABETH Stre,,Major Arterial,Toronto and East York,43.655445,-79.38519,At Intersection,Stop Sign,Clear,Daylight,Dry,Non-Fatal Injury,Pedestrian Collisions,Driver,30 to 34,None,,South,"Automobile, Station Wagon",Going Ahead,Failed to Yield Right of Way,Inattentive,,,,,,,Yes,,Yes,,,,,,,Yes,,,,170,Yonge-Bay Corridor,76,Bay Street Corridor (76),D52,630213.9464,4834870.9647
5372,5064981,1144593,12/10/2009 10:00:00 AM,1545,DUNDAS Stre W,ELIZABETH Stre,,Major Arterial,Toronto and East York,43.655445,-79.38519,At Intersection,Stop Sign,Clear,Daylight,Dry,Non-Fatal Injury,Pedestrian Collisions,Pedestrian,55 to 59,Major,,West,Other,,,,Vehicle is going straight thru inter.while ped cross with ROW,Crossing with right of way,Normal,,,,Yes,,Yes,,,,,,,Yes,,,,170,Yonge-Bay Corridor,76,Bay Street Corridor (76),D52,630213.9464,4834870.9647
5373,5867830,1142942,12/10/2009 10:00:00 AM,2010,BLOOR Stre W,SHAVER Aven N,,Major Arterial,Etobicoke York,43.639045,-79.54779,,Traffic Signal,Rain,Dark,Wet,Non-Fatal Injury,Angle,Driver,65 to 69,Major,,South,"Automobile, Station Wagon",Going Ahead,Driving Properly,Normal,,,,,,,,,Yes,,,,,,Yes,Yes,Yes,,,158,Islington,14,Islington-City Centre West (14),D22,617134.0762,4832807.2232
5374,5867831,1142942,12/10/2009 10:00:00 AM,2010,BLOOR Stre W,SHAVER Aven N,,Major Arterial,Etobicoke York,43.639045,-79.54779,,Traffic Signal,Rain,Dark,Wet,Non-Fatal Injury,Angle,Driver,55 to 59,Minor,,North,"Automobile, Station Wagon",Going Ahead,Driving Properly,Normal,,,,,,,,,Yes,,,,,,Yes,Yes,Yes,,,158,Islington,14,Islington-City Centre West (14),D22,617134.0762,4832807.2232
5375,5867832,1142942,12/10/2009 10:00:00 AM,2010,BLOOR Stre W,SHAVER Aven N,,Major Arterial,Etobicoke York,43.639045,-79.54779,,Traffic Signal,Rain,Dark,Wet,Non-Fatal Injury,Angle,Vehicle Owner,unknown,,,,Other,,,,,,,,,,,,Yes,,,,,,Yes,Yes,Yes,,,158,Islington,14,Islington-City Centre West (14),D22,617134.0762,4832807.2232
5376,5867833,1142942,12/10/2009 10:00:00 AM,2010,BLOOR Stre W,SHAVER Aven N,,Major Arterial,Etobicoke York,43.639045,-79.54779,,Traffic Signal,Rain,Dark,Wet,Non-Fatal Injury,Angle,Driver,unknown,None,,East,"Automobile, Station Wagon",Going Ahead,Disobeyed Traffic Control,Unknown,,,,,,,,,Yes,,,,,,Yes,Yes,Yes,,,158,Islington,14,Islington-City Centre West (14),D22,617134.0762,4832807.2232
5377,5058639,1141818,12/12/2009 10:00:00 AM,1125,BROWNS LINE,RIMILTON AVE,,Major Arterial,Etobicoke York,43.603845,-79.54619,,No Control,Clear,Daylight,Dry,Non-Fatal Injury,Cyclist Collisions,Cyclist,65 to 69,Major,,South,Bicycle,Going Ahead,,,,,,Cyclist falls off bike - no contact with motorist.,Lost control,Medical or Physical Disability,,Yes,,,,,,,,,,,,20,Alderwood,20,Alderwood (20),D22,617331.5809,4828900.0939
5378,5867326,1142007,12/13/2009 10:00:00 AM,1805,WARDEN AVE,MCNICOLL AVE,,Major Arterial,Scarborough,43.809145,-79.32229,,No Control,Rain,Dark,Wet,Non-Fatal Injury,Pedestrian Collisions,Driver,50 to 54,None,,North,"Automobile, Station Wagon",Slowing or Stopping,Driving Properly,Normal,,,,,,,Yes,,Yes,,,,,,,,,,,116,Steeles,116,Steeles (116),D42,634940.4472,4852042.2472
5379,5867327,1142007,12/13/2009 10:00:00 AM,1805,WARDEN AVE,MCNICOLL AVE,,Major Arterial,Scarborough,43.809145,-79.32229,,No Control,Rain,Dark,Wet,Non-Fatal Injury,Pedestrian Collisions,Pedestrian,20 to 24,Major,,West,Other,,,,Pedestrian hit at mid-block,"Crossing, no Traffic Control",Inattentive,,,,Yes,,Yes,,,,,,,,,,,116,Steeles,116,Steeles (116),D42,634940.4472,4852042.2472
5380,5871173,1146948,12/14/2009 10:00:00 AM,1618,GERRARD Stre E,MARJORY Aven,,Minor Arterial,Toronto and East York,43.668745,-79.33759,At Intersection,Traffic Signal,Rain,Daylight,Wet,Non-Fatal Injury,Pedestrian Collisions,Vehicle Owner,unknown,,,,Other,,,,,,,,,,Yes,,Yes,,,,,,,,,,,70,South Riverdale,70,South Riverdale (70),D55,634022.7272,4836423.9086
5381,5871174,1146948,12/14/2009 10:00:00 AM,1618,GERRARD Stre E,MARJORY Aven,,Minor Arterial,Toronto and East York,43.668745,-79.33759,At Intersection,Traffic Signal,Rain,Daylight,Wet,Non-Fatal Injury,Pedestrian Collisions,Driver,40 to 44,None,,West,"Automobile, Station Wagon",Going Ahead,Driving Properly,Normal,,,,,,,Yes,,Yes,,,,,,,,,,,70,South Riverdale,70,South Riverdale (70),D55,634022.7272,4836423.9086
5382,5871175,1146948,12/14/2009 10:00:00 AM,1618,GERRARD Stre E,MARJORY Aven,,Minor Arterial,Toronto and East York,43.668745,-79.33759,At Intersection,Traffic Signal,Rain,Daylight,Wet,Non-Fatal Injury,Pedestrian Collisions,Pedestrian,40 to 44,Major,,South,Other,,,,Vehicle is going straight thru inter.while ped cross without ROW,Crossing without right of way,Inattentive,,,,Yes,,Yes,,,,,,,,,,,70,South Riverdale,70,South Riverdale (70),D55,634022.7272,4836423.9086
5383,5871218,1146990,12/14/2009 10:00:00 AM,1724,KENNETH Aven,FINCH Aven E,,Major Arterial,North York,43.780445,-79.41229,At Intersection,Traffic Signal,Rain,Daylight,Wet,Non-Fatal Injury,Pedestrian Collisions,Driver,30 to 34,None,,North,"Automobile, Station Wagon",Turning Right,Failed to Yield Right of Way,Normal,,,,,,,Yes,,Yes,,,,,,,Yes,,,,152,East Willowdale,51,Willowdale East (51),D32,627762.7087,4848711.8253
5384,5871219,1146990,12/14/2009 10:00:00 AM,1724,KENNETH Aven,FINCH Aven E,,Major Arterial,North York,43.780445,-79.41229,At Intersection,Traffic Signal,Rain,Daylight,Wet,Non-Fatal Injury,Pedestrian Collisions,Pedestrian,50 to 54,Major,,East,Other,,,,Vehicle turns right while ped crosses with ROW at inter.,Crossing with right of way,Normal,,,,Yes,,Yes,,,,,,,Yes,,,,152,East Willowdale,51,Willowdale East (51),D32,627762.7087,4848711.8253
5385,5795267,1142168,12/15/2009 10:00:00 AM,122,WILSON AVE,DUFFERIN ST,,Major Arterial,North York,43.732245,-79.45799,At Intersection,No Control,Clear,Dark,Wet,Fatal,SMV Unattended Vehicle,Driver,25 to 29,Fatal,45,West,"Automobile, Station Wagon",Going Ahead,Lost control,Had Been Drinking,,,,,,,,,Yes,,,,,,,,,,,33,Clanton Park,33,Clanton Park (33),D32,624184.8729,4843288.989
5386,5795268,1142168,12/15/2009 10:00:00 AM,122,WILSON AVE,DUFFERIN ST,,Major Arterial,North York,43.732245,-79.45799,At Intersection,No Control,Clear,Dark,Wet,Fatal,SMV Unattended Vehicle,Other,unknown,None,,West,Other,Parked,,,,,,,,,,,Yes,,,,,,,,,,,33,Clanton Park,33,Clanton Park (33),D32,624184.8729,4843288.989
5387,5871685,1148052,12/15/2009 10:00:00 AM,745,MIDLAND Aven,HUNTINGWOOD Driv,,Major Arterial,Scarborough,43.797045,-79.28339,At Intersection,Traffic Signal,Clear,Daylight,Wet,Non-Fatal Injury,Turning Movement,Driver,50 to 54,Major,,South,"Automobile, Station Wagon",Going Ahead,Driving Properly,Normal,,,,,,,,,Yes,,,,,,,,,,,128,Agincourt South-Malvern West,128,Agincourt South-Malvern West (128),D42,638097.1372,4850762.5238
5388,5871686,1148052,12/15/2009 10:00:00 AM,745,MIDLAND Aven,HUNTINGWOOD Driv,,Major Arterial,Scarborough,43.797045,-79.28339,At Intersection,Traffic Signal,Clear,Daylight,Wet,Non-Fatal Injury,Turning Movement,Driver,40 to 44,None,,North,"Automobile, Station Wagon",Turning Left,Improper Turn,Inattentive,,,,,,,,,Yes,,,,,,,,,,,128,Agincourt South-Malvern West,128,Agincourt South-Malvern West (128),D42,638097.1372,4850762.5238
5389,5059944,1142399,12/15/2009 10:00:00 AM,1943,505 KINGSTON RD,,,Major Arterial,Toronto and East York,43.677545,-79.30259,,No Control,Clear,Dark,Dry,Non-Fatal Injury,Cyclist Collisions,Driver,unknown,None,,Unknown,"Automobile, Station Wagon",Parked,Other,Unknown,,,,,,,,Yes,Yes,,,,,,,,,,,63,The Beaches,62,East End-Danforth (62),D55,636824.4436,4837458.4117
5390,5059945,1142399,12/15/2009 10:00:00 AM,1943,505 KINGSTON RD,,,Major Arterial,Toronto and East York,43.677545,-79.30259,,No Control,Clear,Dark,Dry,Non-Fatal Injury,Cyclist Collisions,Driver,unknown,None,,West,"Automobile, Station Wagon",Parked,Other,Unknown,,,,,,,,Yes,Yes,,,,,,,,,,,63,The Beaches,62,East End-Danforth (62),D55,636824.4436,4837458.4117
5391,5059946,1142399,12/15/2009 10:00:00 AM,1943,505 KINGSTON RD,,,Major Arterial,Toronto and East York,43.677545,-79.30259,,No Control,Clear,Dark,Dry,Non-Fatal Injury,Cyclist Collisions,Cyclist,40 to 44,Major,,West,Bicycle,Going Ahead,,,,,,Cyclist strikes a parked vehicle.,Improper Passing,"Ability Impaired, Alcohol",,Yes,Yes,,,,,,,,,,,63,The Beaches,62,East End-Danforth (62),D55,636824.4436,4837458.4117