OBJECTID,INDEX,ACCNUM,DATE,TIME,STREET1,STREET2,OFFSET,ROAD_CLASS,DISTRICT,LATITUDE,LONGITUDE,ACCLOC,TRAFFCTL,VISIBILITY,LIGHT,RDSFCOND,ACCLASS,IMPACTYPE,INVTYPE,INVAGE,INJURY,FATAL_NO,INITDIR,VEHTYPE,MANOEUVER,DRIVACT,DRIVCOND,PEDTYPE,PEDACT,PEDCOND,CYCLISTYPE,CYCACT,CYCCOND,PEDESTRIAN,CYCLIST,AUTOMOBILE,MOTORCYCLE,TRUCK,TRSN_CITY_VEH,EMERG_VEH,PASSENGER,SPEEDING,AG_DRIV,REDLIGHT,ALCOHOL,DISABILITY,HOOD_158,NEIGHBOURHOOD_158,HOOD_140,NEIGHBOURHOOD_140,DIVISION,x,y
5392,5795670,1142865,12/17/2009 10:00:00 AM,1950,BLOOR ST E,CASTLE FRANK CRES,,Major Arterial,Toronto and East York,43.672945,-79.36929,At Intersection,No Control,Clear,Dark,Dry,Fatal,Pedestrian Collisions,Driver,35 to 39,None,,West,"Automobile, Station Wagon",Going Ahead,Driving Properly,Normal,,,,,,,Yes,,Yes,,,,,,,,,,,71,Cabbagetown-South St.James Town,71,Cabbagetown-South St.James Town (71),D51,631457.8902,4836839.6488
5393,5795671,1142865,12/17/2009 10:00:00 AM,1950,BLOOR ST E,CASTLE FRANK CRES,,Major Arterial,Toronto and East York,43.672945,-79.36929,At Intersection,No Control,Clear,Dark,Dry,Fatal,Pedestrian Collisions,Pedestrian,60 to 64,Fatal,46,North,Other,,,,Pedestrian hit at mid-block,Running onto Roadway,Inattentive,,,,Yes,,Yes,,,,,,,,,,,71,Cabbagetown-South St.James Town,71,Cabbagetown-South St.James Town (71),D51,631457.8902,4836839.6488
5394,5871795,1148132,12/17/2009 10:00:00 AM,2100,SPADINA Road,BLOOR Stre W,,Minor Arterial,Toronto and East York,43.667845,-79.40429,,No Control,Clear,Dark,Dry,Non-Fatal Injury,Pedestrian Collisions,Driver,25 to 29,Minimal,,North,"Automobile, Station Wagon",Going Ahead,Driving Properly,Normal,,,,,,,Yes,,Yes,,,,,,,,,,,95,Annex,95,Annex (95),D53,628647.2706,4836218.3529
5395,5871796,1148132,12/17/2009 10:00:00 AM,2100,SPADINA Road,BLOOR Stre W,,Minor Arterial,Toronto and East York,43.667845,-79.40429,,No Control,Clear,Dark,Dry,Non-Fatal Injury,Pedestrian Collisions,Pedestrian,20 to 24,Major,,East,Other,,,,Pedestrian hit at mid-block,Running onto Roadway,Medical or Physical Disability,,,,Yes,,Yes,,,,,,,,,,,95,Annex,95,Annex (95),D53,628647.2706,4836218.3529
5396,6914879,1143126,12/18/2009 10:00:00 AM,700,ST CLAIR Aven E,BRIMLEY Road,,Minor Arterial,Scarborough,43.720845,-79.24149,At Intersection,Traffic Signal,Clear,Daylight,Wet,Non-Fatal Injury,Angle,Driver,40 to 44,Major,,North,"Automobile, Station Wagon",Going Ahead,Disobeyed Traffic Control,Normal,,,,,,,,,Yes,,,,,,,Yes,Yes,,,123,Cliffcrest,123,Cliffcrest (123),D41,641647.6359,4842370.1095
5397,6914880,1143126,12/18/2009 10:00:00 AM,700,ST CLAIR Aven E,BRIMLEY Road,,Minor Arterial,Scarborough,43.720845,-79.24149,At Intersection,Traffic Signal,Clear,Daylight,Wet,Non-Fatal Injury,Angle,Driver,35 to 39,Minor,,West,"Automobile, Station Wagon",Going Ahead,Driving Properly,Normal,,,,,,,,,Yes,,,,,,,Yes,Yes,,,123,Cliffcrest,123,Cliffcrest (123),D41,641647.6359,4842370.1095
5398,5861416,1148238,12/19/2009 10:00:00 AM,2120,FINCH Aven E,MIDLAND Aven,,Major Arterial,Scarborough,43.803745,-79.28629,At Intersection,Traffic Signal,Clear,Dark,Dry,Non-Fatal Injury,Pedestrian Collisions,Vehicle Owner,unknown,,,,Other,,,,,,,,,,Yes,,Yes,,,,,,,Yes,,,,128,Agincourt South-Malvern West,128,Agincourt South-Malvern West (128),D42,637848.4268,4851501.8312
5399,5861417,1148238,12/19/2009 10:00:00 AM,2120,FINCH Aven E,MIDLAND Aven,,Major Arterial,Scarborough,43.803745,-79.28629,At Intersection,Traffic Signal,Clear,Dark,Dry,Non-Fatal Injury,Pedestrian Collisions,Driver,30 to 34,None,,South,"Automobile, Station Wagon",Turning Left,Failed to Yield Right of Way,Normal,,,,,,,Yes,,Yes,,,,,,,Yes,,,,128,Agincourt South-Malvern West,128,Agincourt South-Malvern West (128),D42,637848.4268,4851501.8312
5400,5861418,1148238,12/19/2009 10:00:00 AM,2120,FINCH Aven E,MIDLAND Aven,,Major Arterial,Scarborough,43.803745,-79.28629,At Intersection,Traffic Signal,Clear,Dark,Dry,Non-Fatal Injury,Pedestrian Collisions,Pedestrian,45 to 49,Major,,South,Other,,,,Vehicle turns left while ped crosses with ROW at inter.,Crossing with right of way,Normal,,,,Yes,,Yes,,,,,,,Yes,,,,128,Agincourt South-Malvern West,128,Agincourt South-Malvern West (128),D42,637848.4268,4851501.8312
5401,5872051,1148424,12/21/2009 10:00:00 AM,1933,LIVINGSTON RD,EARSWICK DR,,Collector,Scarborough,43.746245,-79.19879,At Intersection,No Control,Clear,Dark,Dry,Non-Fatal Injury,Pedestrian Collisions,Driver,70 to 74,None,,South,"Automobile, Station Wagon",Turning Right,Failed to Yield Right of Way,"Ability Impaired, Alcohol",,,,,,,Yes,,Yes,,,,,,,Yes,,Yes,,140,Guildwood,140,Guildwood (140),D43,645025.8278,4845265.0332
5402,5872052,1148424,12/21/2009 10:00:00 AM,1933,LIVINGSTON RD,EARSWICK DR,,Collector,Scarborough,43.746245,-79.19879,At Intersection,No Control,Clear,Dark,Dry,Non-Fatal Injury,Pedestrian Collisions,Pedestrian,65 to 69,Major,,South,Other,,,,Vehicle turns right while ped crosses with ROW at inter.,Crossing with right of way,Normal,,,,Yes,,Yes,,,,,,,Yes,,Yes,,140,Guildwood,140,Guildwood (140),D43,645025.8278,4845265.0332
5403,7558569,1148504,12/22/2009 10:00:00 AM,1525,DUNDAS ST W,ROYALAVON CRES,,Major Arterial,Etobicoke York,43.645245,-79.53199,At Intersection,Traffic Signal,Clear,Daylight,Dry,Non-Fatal Injury,Pedestrian Collisions,Vehicle Owner,unknown,,,,Other,,,,,,,,,,Yes,,Yes,,,,,,,Yes,Yes,,,158,Islington,14,Islington-City Centre West (14),D22,618396.3228,4833518.229
5404,7558570,1148504,12/22/2009 10:00:00 AM,1525,DUNDAS ST W,ROYALAVON CRES,,Major Arterial,Etobicoke York,43.645245,-79.53199,At Intersection,Traffic Signal,Clear,Daylight,Dry,Non-Fatal Injury,Pedestrian Collisions,Driver,15 to 19,None,,West,"Automobile, Station Wagon",Going Ahead,Disobeyed Traffic Control,Inattentive,,,,,,,Yes,,Yes,,,,,,,Yes,Yes,,,158,Islington,14,Islington-City Centre West (14),D22,618396.3228,4833518.229
5405,7558571,1148504,12/22/2009 10:00:00 AM,1525,DUNDAS ST W,ROYALAVON CRES,,Major Arterial,Etobicoke York,43.645245,-79.53199,At Intersection,Traffic Signal,Clear,Daylight,Dry,Non-Fatal Injury,Pedestrian Collisions,Pedestrian,20 to 24,Major,,Unknown,Other,,,,Vehicle is going straight thru inter.while ped cross with ROW,Crossing with right of way,Normal,,,,Yes,,Yes,,,,,,,Yes,Yes,,,158,Islington,14,Islington-City Centre West (14),D22,618396.3228,4833518.229
5406,5796401,1143989,12/23/2009 10:00:00 AM,935,KINGSTON RD,MARKHAM RD,,Major Arterial,Scarborough,43.738145,-79.21779,At Intersection,No Control,Clear,Daylight,Dry,Fatal,Sideswipe,Driver,80 to 84,Fatal,47,East,"Automobile, Station Wagon",Changing Lanes,Lost control,Medical or Physical Disability,,,,,,,,,Yes,,,,,,,,,,Yes,139,Scarborough Village,139,Scarborough Village (139),D43,643515.363,4844332.3151
5407,5796402,1143989,12/23/2009 10:00:00 AM,935,KINGSTON RD,MARKHAM RD,,Major Arterial,Scarborough,43.738145,-79.21779,At Intersection,No Control,Clear,Daylight,Dry,Fatal,Sideswipe,Driver,55 to 59,None,,East,"Automobile, Station Wagon",Going Ahead,Driving Properly,Normal,,,,,,,,,Yes,,,,,,,,,,Yes,139,Scarborough Village,139,Scarborough Village (139),D43,643515.363,4844332.3151
5408,5796403,1143989,12/23/2009 10:00:00 AM,935,KINGSTON RD,MARKHAM RD,,Major Arterial,Scarborough,43.738145,-79.21779,At Intersection,No Control,Clear,Daylight,Dry,Fatal,Sideswipe,Vehicle Owner,unknown,,,,Other,,,,,,,,,,,,Yes,,,,,,,,,,Yes,139,Scarborough Village,139,Scarborough Village (139),D43,643515.363,4844332.3151
5409,5796404,1143989,12/23/2009 10:00:00 AM,935,KINGSTON RD,MARKHAM RD,,Major Arterial,Scarborough,43.738145,-79.21779,At Intersection,No Control,Clear,Daylight,Dry,Fatal,Sideswipe,Driver,50 to 54,Minimal,,East,"Automobile, Station Wagon",Going Ahead,Driving Properly,Normal,,,,,,,,,Yes,,,,,,,,,,Yes,139,Scarborough Village,139,Scarborough Village (139),D43,643515.363,4844332.3151
5410,5796405,1143989,12/23/2009 10:00:00 AM,935,KINGSTON RD,MARKHAM RD,,Major Arterial,Scarborough,43.738145,-79.21779,At Intersection,No Control,Clear,Daylight,Dry,Fatal,Sideswipe,Other Property Owner,unknown,,,,Other,,,,,,,,,,,,Yes,,,,,,,,,,Yes,139,Scarborough Village,139,Scarborough Village (139),D43,643515.363,4844332.3151
5411,5809275,1144154,12/24/2009 10:00:00 AM,640,MARWILL ST,ALMORE AVE,,Local,North York,43.746845,-79.44449,,No Control,Clear,Dark,Dry,Fatal,Pedestrian Collisions,Vehicle Owner,unknown,,,,Other,,,,,,,,,,Yes,,Yes,,,,,,,,,,,33,Clanton Park,33,Clanton Park (33),D32,625241.6529,4844930.8527
5412,5809276,1144154,12/24/2009 10:00:00 AM,640,MARWILL ST,ALMORE AVE,,Local,North York,43.746845,-79.44449,,No Control,Clear,Dark,Dry,Fatal,Pedestrian Collisions,Driver,60 to 64,None,,South,"Automobile, Station Wagon",Going Ahead,Driving Properly,Normal,,,,,,,Yes,,Yes,,,,,,,,,,,33,Clanton Park,33,Clanton Park (33),D32,625241.6529,4844930.8527
5413,5809277,1144154,12/24/2009 10:00:00 AM,640,MARWILL ST,ALMORE AVE,,Local,North York,43.746845,-79.44449,,No Control,Clear,Dark,Dry,Fatal,Pedestrian Collisions,Pedestrian,85 to 89,Fatal,48,South,Other,,,,Pedestrian hit at mid-block,Walking on Roadway with Traffic,Normal,,,,Yes,,Yes,,,,,,,,,,,33,Clanton Park,33,Clanton Park (33),D32,625241.6529,4844930.8527
5414,5809280,1144189,12/24/2009 10:00:00 AM,1517,BAYVIEW AVE,BAYVIEW S BLOOR E RAMP,,Major Arterial,Toronto and East York,43.678245,-79.36769,,No Control,Drifting Snow,Daylight,Ice,Non-Fatal Injury,Approaching,Passenger,55 to 59,Major,,,Other,,,,,,,,,,,,Yes,,,,,Yes,Yes,Yes,,,,98,Rosedale-Moore Park,98,Rosedale-Moore Park (98),D53,631575.2899,4837430.8229
5415,5809281,1144189,12/24/2009 10:00:00 AM,1517,BAYVIEW AVE,BAYVIEW S BLOOR E RAMP,,Major Arterial,Toronto and East York,43.678245,-79.36769,,No Control,Drifting Snow,Daylight,Ice,Non-Fatal Injury,Approaching,Passenger,50 to 54,Major,,,Other,,,,,,,,,,,,Yes,,,,,Yes,Yes,Yes,,,,98,Rosedale-Moore Park,98,Rosedale-Moore Park (98),D53,631575.2899,4837430.8229
5416,5809282,1144189,12/24/2009 10:00:00 AM,1517,BAYVIEW AVE,BAYVIEW S BLOOR E RAMP,,Major Arterial,Toronto and East York,43.678245,-79.36769,,No Control,Drifting Snow,Daylight,Ice,Non-Fatal Injury,Approaching,Driver,60 to 64,Major,,North,"Automobile, Station Wagon",Going Ahead,Driving Properly,Normal,,,,,,,,,Yes,,,,,Yes,Yes,Yes,,,,98,Rosedale-Moore Park,98,Rosedale-Moore Park (98),D53,631575.2899,4837430.8229
5417,5809283,1144189,12/24/2009 10:00:00 AM,1517,BAYVIEW AVE,BAYVIEW S BLOOR E RAMP,,Major Arterial,Toronto and East York,43.678245,-79.36769,,No Control,Drifting Snow,Daylight,Ice,Non-Fatal Injury,Approaching,Driver,20 to 24,Minor,,South,"Automobile, Station Wagon",Going Ahead,Speed too Fast For Condition,Normal,,,,,,,,,Yes,,,,,Yes,Yes,Yes,,,,98,Rosedale-Moore Park,98,Rosedale-Moore Park (98),D53,631575.2899,4837430.8229
5418,5809284,1144189,12/24/2009 10:00:00 AM,1517,BAYVIEW AVE,BAYVIEW S BLOOR E RAMP,,Major Arterial,Toronto and East York,43.678245,-79.36769,,No Control,Drifting Snow,Daylight,Ice,Non-Fatal Injury,Approaching,Driver,25 to 29,Minimal,,North,"Automobile, Station Wagon",Going Ahead,Driving Properly,Normal,,,,,,,,,Yes,,,,,Yes,Yes,Yes,,,,98,Rosedale-Moore Park,98,Rosedale-Moore Park (98),D53,631575.2899,4837430.8229
5419,5864086,1148477,12/25/2009 10:00:00 AM,1845,LAWRENCE AVE W,BATHURST ST,,Major Arterial,North York,43.719245,-79.42979,At Intersection,Traffic Signal,Rain,Dark,Wet,Non-Fatal Injury,Pedestrian Collisions,Driver,20 to 24,None,,South,"Automobile, Station Wagon",Turning Left,Failed to Yield Right of Way,Normal,,,,,,,Yes,,Yes,,,,,,,Yes,,,,39,Bedford Park-Nortown,39,Bedford Park-Nortown (39),D53,626483.3208,4841887.8024
5420,5864087,1148477,12/25/2009 10:00:00 AM,1845,LAWRENCE AVE W,BATHURST ST,,Major Arterial,North York,43.719245,-79.42979,At Intersection,Traffic Signal,Rain,Dark,Wet,Non-Fatal Injury,Pedestrian Collisions,Pedestrian,55 to 59,Minor,,South,Other,,,,Vehicle turns left while ped crosses with ROW at inter.,Crossing with right of way,Normal,,,,Yes,,Yes,,,,,,,Yes,,,,39,Bedford Park-Nortown,39,Bedford Park-Nortown (39),D53,626483.3208,4841887.8024
5421,5864088,1148477,12/25/2009 10:00:00 AM,1845,LAWRENCE AVE W,BATHURST ST,,Major Arterial,North York,43.719245,-79.42979,At Intersection,Traffic Signal,Rain,Dark,Wet,Non-Fatal Injury,Pedestrian Collisions,Pedestrian,30 to 34,Major,,South,Other,,,,Vehicle turns left while ped crosses with ROW at inter.,Crossing with right of way,Normal,,,,Yes,,Yes,,,,,,,Yes,,,,39,Bedford Park-Nortown,39,Bedford Park-Nortown (39),D53,626483.3208,4841887.8024
5422,5861220,1144191,12/26/2009 10:00:00 AM,132,1340 DANFORTH Rd,,,Major Arterial,Scarborough,43.743645,-79.24489,,No Control,Rain,Dark,Wet,Non-Fatal Injury,Pedestrian Collisions,Driver,unknown,None,,South,"Automobile, Station Wagon",Going Ahead,Other,Unknown,,,,,,,Yes,,Yes,,,,,,,,,,,138,Eglinton East,138,Eglinton East (138),D43,641320.1231,4844896.5844
5423,5861221,1144191,12/26/2009 10:00:00 AM,132,1340 DANFORTH Rd,,,Major Arterial,Scarborough,43.743645,-79.24489,,No Control,Rain,Dark,Wet,Non-Fatal Injury,Pedestrian Collisions,Pedestrian,25 to 29,Major,,West,Other,,,,Pedestrian hit at mid-block,"Crossing, no Traffic Control",Unknown,,,,Yes,,Yes,,,,,,,,,,,138,Eglinton East,138,Eglinton East (138),D43,641320.1231,4844896.5844
5424,5871661,1147865,12/28/2009 10:00:00 AM,2317,FINCH AVE E,BRIDLETOWNE CRCL,,Major Arterial,Scarborough,43.797445,-79.31229,At Intersection,Traffic Signal,Clear,Dark,Wet,Non-Fatal Injury,Pedestrian Collisions,Driver,unknown,None,,South,"Automobile, Station Wagon",Turning Left,Failed to Yield Right of Way,Unknown,,,,,,,Yes,,Yes,,,,,,,Yes,,,,148,East L'Amoreaux,117,L'Amoreaux (117),D42,635771.2714,4850759.1319
5425,5871662,1147865,12/28/2009 10:00:00 AM,2317,FINCH AVE E,BRIDLETOWNE CRCL,,Major Arterial,Scarborough,43.797445,-79.31229,At Intersection,Traffic Signal,Clear,Dark,Wet,Non-Fatal Injury,Pedestrian Collisions,Pedestrian,50 to 54,Major,,North,Other,,,,Vehicle turns left while ped crosses with ROW at inter.,Crossing with right of way,Normal,,,,Yes,,Yes,,,,,,,Yes,,,,148,East L'Amoreaux,117,L'Amoreaux (117),D42,635771.2714,4850759.1319
5426,5796889,1144503,12/29/2009 10:00:00 AM,1420,SHUTER ST,SUMACH ST,,Minor Arterial,Toronto and East York,43.658145,-79.35969,At Intersection,Pedestrian Crossover,Clear,Daylight,Dry,Non-Fatal Injury,Pedestrian Collisions,Vehicle Owner,unknown,,,,Other,,,,,,,,,,Yes,,Yes,,,,,,,Yes,,,,72,Regent Park,72,Regent Park (72),D51,632264.2921,4835211.1688
5427,5796890,1144503,12/29/2009 10:00:00 AM,1420,SHUTER ST,SUMACH ST,,Minor Arterial,Toronto and East York,43.658145,-79.35969,At Intersection,Pedestrian Crossover,Clear,Daylight,Dry,Non-Fatal Injury,Pedestrian Collisions,Driver,45 to 49,None,,West,"Automobile, Station Wagon",Going Ahead,Failed to Yield Right of Way,Normal,,,,,,,Yes,,Yes,,,,,,,Yes,,,,72,Regent Park,72,Regent Park (72),D51,632264.2921,4835211.1688
5428,5796891,1144503,12/29/2009 10:00:00 AM,1420,SHUTER ST,SUMACH ST,,Minor Arterial,Toronto and East York,43.658145,-79.35969,At Intersection,Pedestrian Crossover,Clear,Daylight,Dry,Non-Fatal Injury,Pedestrian Collisions,Pedestrian,0 to 4,Major,,North,Other,,,,Pedestrian hit a PXO/ped. Mid-block signal,"Crossing, Pedestrian Crossover",Unknown,,,,Yes,,Yes,,,,,,,Yes,,,,72,Regent Park,72,Regent Park (72),D51,632264.2921,4835211.1688
5429,5796898,1144508,12/29/2009 10:00:00 AM,1700,SAMMON AVE,DONLANDS AVE,,Minor Arterial,Toronto and East York,43.685845,-79.33939,At Intersection,No Control,Clear,Daylight,Dry,Non-Fatal Injury,Cyclist Collisions,Cyclist,75 to 79,Major,,West,Bicycle,Stopped,,,,,,Insufficient information (to determine cyclist crash type).,Driving Properly,Medical or Physical Disability,,Yes,,,,,,,,,,,,59,Danforth East York,59,Danforth East York (59),D55,633839.5863,4838320.1915
5430,5805914,1149839,12/31/2009 10:00:00 AM,322,TWYN RIVERS DR,SHEPPARD AVE E,,Collector,Scarborough,43.811645,-79.15649,,No Control,Snow,Dark,Wet,Non-Fatal Injury,SMV Other,Passenger,45 to 49,Major,,,Other,,,,,,,,,,,,Yes,,,,,Yes,Yes,Yes,,Yes,,144,Morningside Heights,131,Rouge (131),D42,648269.9344,4852603.68
5431,5805915,1149839,12/31/2009 10:00:00 AM,322,TWYN RIVERS DR,SHEPPARD AVE E,,Collector,Scarborough,43.811645,-79.15649,,No Control,Snow,Dark,Wet,Non-Fatal Injury,SMV Other,Driver,35 to 39,None,,South,"Automobile, Station Wagon",Going Ahead,Speed too Fast For Condition,"Ability Impaired, Alcohol Over .08",,,,,,,,,Yes,,,,,Yes,Yes,Yes,,Yes,,144,Morningside Heights,131,Rouge (131),D42,648269.9344,4852603.68
5432,5805916,1149839,12/31/2009 10:00:00 AM,322,TWYN RIVERS DR,SHEPPARD AVE E,,Collector,Scarborough,43.811645,-79.15649,,No Control,Snow,Dark,Wet,Non-Fatal Injury,SMV Other,Other Property Owner,unknown,,,,Other,,,,,,,,,,,,Yes,,,,,Yes,Yes,Yes,,Yes,,144,Morningside Heights,131,Rouge (131),D42,648269.9344,4852603.68
5433,5797425,1145050,12/31/2009 10:00:00 AM,1059,LAWRENCE AVE E,CENTENNIAL RD,,Minor Arterial,Scarborough,43.777545,-79.14569,,No Control,Rain,Daylight,Wet,Non-Fatal Injury,SMV Other,Driver,80 to 84,Major,,West,"Automobile, Station Wagon",Going Ahead,Lost control,Normal,,,,,,,,,Yes,,,,,,,,,,,133,Centennial Scarborough,133,Centennial Scarborough (133),D43,649223.4284,4848835.7308
5434,5869459,1145082,12/31/2009 10:00:00 AM,1903,BATHURST ST,GLENGROVE AVE,,Major Arterial,North York,43.714145,-79.42859,,No Control,Rain,Dark,Wet,Non-Fatal Injury,Pedestrian Collisions,Driver,40 to 44,None,,South,"Automobile, Station Wagon",Going Ahead,Driving Properly,Normal,,,,,,,Yes,,Yes,,,,,,,,,,,32,Englemount-Lawrence,32,Englemount-Lawrence (32),D13,626590.7227,4841323.2071
5435,5869460,1145082,12/31/2009 10:00:00 AM,1903,BATHURST ST,GLENGROVE AVE,,Major Arterial,North York,43.714145,-79.42859,,No Control,Rain,Dark,Wet,Non-Fatal Injury,Pedestrian Collisions,Pedestrian,35 to 39,Major,,East,Other,,,,Vehicle is going straight thru inter.while ped cross without ROW,"Crossing, no Traffic Control",Normal,,,,Yes,,Yes,,,,,,,,,,,32,Englemount-Lawrence,32,Englemount-Lawrence (32),D13,626590.7227,4841323.2071
5436,5864211,1149845,12/31/2009 10:00:00 AM,1947,WESTON RD,JANE ST,,Major Arterial,Etobicoke York,43.691245,-79.50089,At Intersection,Traffic Signal,Rain,Dark,Wet,Non-Fatal Injury,Pedestrian Collisions,Vehicle Owner,unknown,,,,Other,,,,,,,,,,Yes,,Yes,,,,,,,Yes,,,,115,Mount Dennis,115,Mount Dennis (115),D12,620812.2683,4838671.9687
5437,5864212,1149845,12/31/2009 10:00:00 AM,1947,WESTON RD,JANE ST,,Major Arterial,Etobicoke York,43.691245,-79.50089,At Intersection,Traffic Signal,Rain,Dark,Wet,Non-Fatal Injury,Pedestrian Collisions,Driver,40 to 44,None,,North,"Automobile, Station Wagon",Turning Left,Failed to Yield Right of Way,Inattentive,,,,,,,Yes,,Yes,,,,,,,Yes,,,,115,Mount Dennis,115,Mount Dennis (115),D12,620812.2683,4838671.9687
5438,5864213,1149845,12/31/2009 10:00:00 AM,1947,WESTON RD,JANE ST,,Major Arterial,Etobicoke York,43.691245,-79.50089,At Intersection,Traffic Signal,Rain,Dark,Wet,Non-Fatal Injury,Pedestrian Collisions,Pedestrian,40 to 44,Major,,North,Other,,,,Vehicle turns left while ped crosses with ROW at inter.,Crossing with right of way,Normal,,,,Yes,,Yes,,,,,,,Yes,,,,115,Mount Dennis,115,Mount Dennis (115),D12,620812.2683,4838671.9687
5439,6100457,1149846,1/1/2010 10:00:00 AM,350,SPADINA AVE,WILLCOCKS ST,,Major Arterial,Toronto and East York,43.661245,-79.40139,At Intersection,Traffic Signal,Clear,Dark,Wet,Non-Fatal Injury,Sideswipe,Driver,25 to 29,None,,North,"Automobile, Station Wagon",Changing Lanes,Improper Lane Change,Inattentive,,,,,,,,,Yes,,,,,Yes,,,,,,79,University,79,University (79),D14,628895.1974,4835489.8363
5440,6100458,1149846,1/1/2010 10:00:00 AM,350,SPADINA AVE,WILLCOCKS ST,,Major Arterial,Toronto and East York,43.661245,-79.40139,At Intersection,Traffic Signal,Clear,Dark,Wet,Non-Fatal Injury,Sideswipe,Passenger,20 to 24,Minor,,,Other,,,,,,,,,,,,Yes,,,,,Yes,,,,,,79,University,79,University (79),D14,628895.1974,4835489.8363
5441,6100459,1149846,1/1/2010 10:00:00 AM,350,SPADINA AVE,WILLCOCKS ST,,Major Arterial,Toronto and East York,43.661245,-79.40139,At Intersection,Traffic Signal,Clear,Dark,Wet,Non-Fatal Injury,Sideswipe,Passenger,20 to 24,Major,,,Other,,,,,,,,,,,,Yes,,,,,Yes,,,,,,79,University,79,University (79),D14,628895.1974,4835489.8363
5442,6100460,1149846,1/1/2010 10:00:00 AM,350,SPADINA AVE,WILLCOCKS ST,,Major Arterial,Toronto and East York,43.661245,-79.40139,At Intersection,Traffic Signal,Clear,Dark,Wet,Non-Fatal Injury,Sideswipe,Vehicle Owner,unknown,,,,Other,,,,,,,,,,,,Yes,,,,,Yes,,,,,,79,University,79,University (79),D14,628895.1974,4835489.8363
5443,6100461,1149846,1/1/2010 10:00:00 AM,350,SPADINA AVE,WILLCOCKS ST,,Major Arterial,Toronto and East York,43.661245,-79.40139,At Intersection,Traffic Signal,Clear,Dark,Wet,Non-Fatal Injury,Sideswipe,Driver,40 to 44,None,,North,"Automobile, Station Wagon",Going Ahead,Driving Properly,Normal,,,,,,,,,Yes,,,,,Yes,,,,,,79,University,79,University (79),D14,628895.1974,4835489.8363
5444,6100462,1149846,1/1/2010 10:00:00 AM,350,SPADINA AVE,WILLCOCKS ST,,Major Arterial,Toronto and East York,43.661245,-79.40139,At Intersection,Traffic Signal,Clear,Dark,Wet,Non-Fatal Injury,Sideswipe,Other Property Owner,unknown,,,,Other,,,,,,,,,,,,Yes,,,,,Yes,,,,,,79,University,79,University (79),D14,628895.1974,4835489.8363
5445,6100943,1150084,1/3/2010 10:00:00 AM,1250,MCCOWAN RD,ALTON TOWERS CRCL,,Major Arterial,Scarborough,43.825545,-79.27529,,No Control,Snow,Daylight,Loose Snow,Non-Fatal Injury,Approaching,Driver,30 to 34,None,,North,"Automobile, Station Wagon",Going Ahead,Driving Properly,Normal,,,,,,,,,Yes,,,,,Yes,,,,,,130,Milliken,130,Milliken (130),D42,638682.786,4853941.4604
5446,6100944,1150084,1/3/2010 10:00:00 AM,1250,MCCOWAN RD,ALTON TOWERS CRCL,,Major Arterial,Scarborough,43.825545,-79.27529,,No Control,Snow,Daylight,Loose Snow,Non-Fatal Injury,Approaching,Vehicle Owner,unknown,,,,Other,,,,,,,,,,,,Yes,,,,,Yes,,,,,,130,Milliken,130,Milliken (130),D42,638682.786,4853941.4604
5447,6100945,1150084,1/3/2010 10:00:00 AM,1250,MCCOWAN RD,ALTON TOWERS CRCL,,Major Arterial,Scarborough,43.825545,-79.27529,,No Control,Snow,Daylight,Loose Snow,Non-Fatal Injury,Approaching,Passenger,70 to 74,Major,,,Other,,,,,,,,,,,,Yes,,,,,Yes,,,,,,130,Milliken,130,Milliken (130),D42,638682.786,4853941.4604
5448,6100946,1150084,1/3/2010 10:00:00 AM,1250,MCCOWAN RD,ALTON TOWERS CRCL,,Major Arterial,Scarborough,43.825545,-79.27529,,No Control,Snow,Daylight,Loose Snow,Non-Fatal Injury,Approaching,Driver,70 to 74,None,,North,"Automobile, Station Wagon",Going Ahead,Driving Properly,Normal,,,,,,,,,Yes,,,,,Yes,,,,,,130,Milliken,130,Milliken (130),D42,638682.786,4853941.4604
5449,6100947,1150084,1/3/2010 10:00:00 AM,1250,MCCOWAN RD,ALTON TOWERS CRCL,,Major Arterial,Scarborough,43.825545,-79.27529,,No Control,Snow,Daylight,Loose Snow,Non-Fatal Injury,Approaching,Passenger,60 to 64,Minimal,,,Other,,,,,,,,,,,,Yes,,,,,Yes,,,,,,130,Milliken,130,Milliken (130),D42,638682.786,4853941.4604
5450,6100948,1150084,1/3/2010 10:00:00 AM,1250,MCCOWAN RD,ALTON TOWERS CRCL,,Major Arterial,Scarborough,43.825545,-79.27529,,No Control,Snow,Daylight,Loose Snow,Non-Fatal Injury,Approaching,Driver,65 to 69,Major,,South,"Automobile, Station Wagon",Going Ahead,Lost control,Normal,,,,,,,,,Yes,,,,,Yes,,,,,,130,Milliken,130,Milliken (130),D42,638682.786,4853941.4604
5451,6100949,1150084,1/3/2010 10:00:00 AM,1250,MCCOWAN RD,ALTON TOWERS CRCL,,Major Arterial,Scarborough,43.825545,-79.27529,,No Control,Snow,Daylight,Loose Snow,Non-Fatal Injury,Approaching,Other Property Owner,unknown,,,,Other,,,,,,,,,,,,Yes,,,,,Yes,,,,,,130,Milliken,130,Milliken (130),D42,638682.786,4853941.4604