OBJECTID,INDEX,ACCNUM,DATE,TIME,STREET1,STREET2,OFFSET,ROAD_CLASS,DISTRICT,LATITUDE,LONGITUDE,ACCLOC,TRAFFCTL,VISIBILITY,LIGHT,RDSFCOND,ACCLASS,IMPACTYPE,INVTYPE,INVAGE,INJURY,FATAL_NO,INITDIR,VEHTYPE,MANOEUVER,DRIVACT,DRIVCOND,PEDTYPE,PEDACT,PEDCOND,CYCLISTYPE,CYCACT,CYCCOND,PEDESTRIAN,CYCLIST,AUTOMOBILE,MOTORCYCLE,TRUCK,TRSN_CITY_VEH,EMERG_VEH,PASSENGER,SPEEDING,AG_DRIV,REDLIGHT,ALCOHOL,DISABILITY,HOOD_158,NEIGHBOURHOOD_158,HOOD_140,NEIGHBOURHOOD_140,DIVISION,x,y
5452,6095304,1146000,1/5/2010 10:00:00 AM,2034,ST CLAIR AVE W,YONGE ST,,Major Arterial,Toronto and East York,43.687945,-79.39459,,No Control,Clear,Dark,Wet,Non-Fatal Injury,SMV Unattended Vehicle,Driver,55 to 59,Major,,East,"Automobile, Station Wagon",Going Ahead,Lost control,Medical or Physical Disability,,,,,,,,,Yes,,,,,,,,,,Yes,97,Yonge-St.Clair,97,Yonge-St.Clair (97),D53,629386.0905,4838465.8188
5453,6095305,1146000,1/5/2010 10:00:00 AM,2034,ST CLAIR AVE W,YONGE ST,,Major Arterial,Toronto and East York,43.687945,-79.39459,,No Control,Clear,Dark,Wet,Non-Fatal Injury,SMV Unattended Vehicle,Other,unknown,None,,East,Other,Parked,,,,,,,,,,,Yes,,,,,,,,,,Yes,97,Yonge-St.Clair,97,Yonge-St.Clair (97),D53,629386.0905,4838465.8188
5454,6095309,1146005,1/5/2010 10:00:00 AM,2044,MOUNT PLEASANT RD,ST CLAIR AVE E,,Major Arterial,Toronto and East York,43.690345,-79.38329,At Intersection,No Control,Clear,Dark,Wet,Non-Fatal Injury,Turning Movement,Driver,55 to 59,Major,,East,"Automobile, Station Wagon",Turning Right,Lost control,Medical or Physical Disability,,,,,,,,,Yes,,,,,,,,,,Yes,98,Rosedale-Moore Park,98,Rosedale-Moore Park (98),D53,630291.6131,4838750.0648
5455,6095310,1146005,1/5/2010 10:00:00 AM,2044,MOUNT PLEASANT RD,ST CLAIR AVE E,,Major Arterial,Toronto and East York,43.690345,-79.38329,At Intersection,No Control,Clear,Dark,Wet,Non-Fatal Injury,Turning Movement,Driver,50 to 54,None,,North,"Automobile, Station Wagon",Stopped,Driving Properly,Normal,,,,,,,,,Yes,,,,,,,,,,Yes,98,Rosedale-Moore Park,98,Rosedale-Moore Park (98),D53,630291.6131,4838750.0648
5456,6102674,1150854,1/6/2010 10:00:00 AM,257,665 LAWRENCE AVE W,,,Major Arterial,North York,43.716245,-79.44369,,No Control,Clear,Dark,Dry,Non-Fatal Injury,Pedestrian Collisions,Pedestrian,50 to 54,Minor,,Unknown,Other,,,,Pedestrian hit at mid-block,Playing or Working on Highway,Normal,,,,Yes,,,,,,,,,,,,,32,Englemount-Lawrence,32,Englemount-Lawrence (32),D32,625369.8963,4841533.4912
5457,6102675,1150854,1/6/2010 10:00:00 AM,257,665 LAWRENCE AVE W,,,Major Arterial,North York,43.716245,-79.44369,,No Control,Clear,Dark,Dry,Non-Fatal Injury,Pedestrian Collisions,Pedestrian,40 to 44,Major,,Unknown,Other,,,,Pedestrian hit at mid-block,Playing or Working on Highway,Inattentive,,,,Yes,,,,,,,,,,,,,32,Englemount-Lawrence,32,Englemount-Lawrence (32),D32,625369.8963,4841533.4912
5458,6101709,1150406,1/7/2010 10:00:00 AM,2108,DANFORTH Road,MACKINAC Cres,,Major Arterial,Scarborough,43.749545,-79.24449,,No Control,Clear,Dark,Dry,Non-Fatal Injury,Cyclist Collisions,Vehicle Owner,unknown,,,,Other,,,,,,,,,,,Yes,Yes,,,,,,,Yes,,,,157,Bendale South,127,Bendale (127),D43,641338.4438,4845552.5516
5459,6101710,1150406,1/7/2010 10:00:00 AM,2108,DANFORTH Road,MACKINAC Cres,,Major Arterial,Scarborough,43.749545,-79.24449,,No Control,Clear,Dark,Dry,Non-Fatal Injury,Cyclist Collisions,Driver,20 to 24,None,,North,"Automobile, Station Wagon",Overtaking,Failed to Yield Right of Way,Inattentive,,,,,,,,Yes,Yes,,,,,,,Yes,,,,157,Bendale South,127,Bendale (127),D43,641338.4438,4845552.5516
5460,6101711,1150406,1/7/2010 10:00:00 AM,2108,DANFORTH Road,MACKINAC Cres,,Major Arterial,Scarborough,43.749545,-79.24449,,No Control,Clear,Dark,Dry,Non-Fatal Injury,Cyclist Collisions,Cyclist,40 to 44,Major,,North,Bicycle,Going Ahead,,,,,,Cyclist and Driver travelling in same direction. One vehicle rear-ended the other.,Driving Properly,Normal,,Yes,Yes,,,,,,,Yes,,,,157,Bendale South,127,Bendale (127),D43,641338.4438,4845552.5516
5461,6253437,1150954,1/8/2010 10:00:00 AM,302,UNIVERSITY Ave,DUNDAS St W,,Major Arterial,Toronto and East York,43.654745,-79.38829,,No Control,Clear,Dark,Wet,Non-Fatal Injury,Pedestrian Collisions,Driver,30 to 34,None,,North,"Automobile, Station Wagon",Going Ahead,Driving Properly,Normal,,,,,,,Yes,,Yes,,,,,,,,,,,170,Yonge-Bay Corridor,76,Bay Street Corridor (76),D52,629965.4782,4834788.3603
5462,6253438,1150954,1/8/2010 10:00:00 AM,302,UNIVERSITY Ave,DUNDAS St W,,Major Arterial,Toronto and East York,43.654745,-79.38829,,No Control,Clear,Dark,Wet,Non-Fatal Injury,Pedestrian Collisions,Pedestrian,60 to 64,Major,,East,Other,Going Ahead,,,Vehicle is going straight thru inter.while ped cross without ROW,"Crossing, no Traffic Control",Inattentive,,,,Yes,,Yes,,,,,,,,,,,170,Yonge-Bay Corridor,76,Bay Street Corridor (76),D52,629965.4782,4834788.3603
5463,6096024,1146660,1/8/2010 10:00:00 AM,1810,FINCH AVE W,YORK GATE BLVD,,Major Arterial,Etobicoke York,43.756945,-79.51989,At Intersection,No Control,Clear,Dark,Dry,Fatal,Pedestrian Collisions,Driver,50 to 54,None,,West,"Automobile, Station Wagon",Going Ahead,Driving Properly,Normal,,,,,,,Yes,,Yes,,,,,,,,,,,24,Black Creek,24,Black Creek (24),D31,619150.7414,4845941.3751
5464,6096025,1146660,1/8/2010 10:00:00 AM,1810,FINCH AVE W,YORK GATE BLVD,,Major Arterial,Etobicoke York,43.756945,-79.51989,At Intersection,No Control,Clear,Dark,Dry,Fatal,Pedestrian Collisions,Pedestrian,85 to 89,Fatal,9,North,Other,,,,Pedestrian hit at mid-block,"Crossing, no Traffic Control",Normal,,,,Yes,,Yes,,,,,,,,,,,24,Black Creek,24,Black Creek (24),D31,619150.7414,4845941.3751
5465,6096194,1146741,1/9/2010 10:00:00 AM,1012,DANFORTH AVE,DAWES RD,,Major Arterial,Toronto and East York,43.689345,-79.29679,At Intersection,Traffic Signal,Clear,Daylight,Dry,Non-Fatal Injury,Pedestrian Collisions,Vehicle Owner,unknown,,,,Other,,,,,,,,,,Yes,,Yes,,,,,,,Yes,,,,62,East End-Danforth,62,East End-Danforth (62),D55,637265.0588,4838778.5507
5466,6096195,1146741,1/9/2010 10:00:00 AM,1012,DANFORTH AVE,DAWES RD,,Major Arterial,Toronto and East York,43.689345,-79.29679,At Intersection,Traffic Signal,Clear,Daylight,Dry,Non-Fatal Injury,Pedestrian Collisions,Driver,55 to 59,None,,South,"Automobile, Station Wagon",Turning Left,Failed to Yield Right of Way,Inattentive,,,,,,,Yes,,Yes,,,,,,,Yes,,,,62,East End-Danforth,62,East End-Danforth (62),D55,637265.0588,4838778.5507
5467,6096196,1146741,1/9/2010 10:00:00 AM,1012,DANFORTH AVE,DAWES RD,,Major Arterial,Toronto and East York,43.689345,-79.29679,At Intersection,Traffic Signal,Clear,Daylight,Dry,Non-Fatal Injury,Pedestrian Collisions,Pedestrian,80 to 84,Major,,North,Other,,,,Vehicle turns left while ped crosses with ROW at inter.,Crossing with right of way,Normal,,,,Yes,,Yes,,,,,,,Yes,,,,62,East End-Danforth,62,East End-Danforth (62),D55,637265.0588,4838778.5507
5468,6096192,1146740,1/9/2010 10:00:00 AM,1119,MARLEE AVE,VIEWMOUNT AVE,,Minor Arterial,North York,43.707145,-79.44309,,Pedestrian Crossover,Clear,Daylight,Other,Non-Fatal Injury,Pedestrian Collisions,Driver,65 to 69,None,,South,"Automobile, Station Wagon",Going Ahead,Failed to Yield Right of Way,Unknown,,,,,,,Yes,,Yes,,,,,,,Yes,,,,31,Yorkdale-Glen Park,31,Yorkdale-Glen Park (31),D13,625437.213,4840523.7159
5469,6096193,1146740,1/9/2010 10:00:00 AM,1119,MARLEE AVE,VIEWMOUNT AVE,,Minor Arterial,North York,43.707145,-79.44309,,Pedestrian Crossover,Clear,Daylight,Other,Non-Fatal Injury,Pedestrian Collisions,Pedestrian,90 to 94,Major,,East,Other,,,,Pedestrian hit a PXO/ped. Mid-block signal,"Crossing, Pedestrian Crossover",Unknown,,,,Yes,,Yes,,,,,,,Yes,,,,31,Yorkdale-Glen Park,31,Yorkdale-Glen Park (31),D13,625437.213,4840523.7159
5470,6096352,1146815,1/9/2010 10:00:00 AM,2308,TED ROGERS  WAY,MOUNT PLEASANT RD,,Major Arterial,Toronto and East York,43.669963,-79.379894,At Intersection,Traffic Signal,Clear,"Dark, artificial",Wet,Non-Fatal Injury,Sideswipe,Passenger,20 to 24,None,,,Other,,,,,,,,,,,,Yes,,,,,Yes,Yes,Yes,,,,74,North St.James Town,74,North St.James Town (74),D51,630609.5198,4836491.7069
5471,6096353,1146815,1/9/2010 10:00:00 AM,2308,TED ROGERS  WAY,MOUNT PLEASANT RD,,Major Arterial,Toronto and East York,43.669963,-79.379894,At Intersection,Traffic Signal,Clear,"Dark, artificial",Wet,Non-Fatal Injury,Sideswipe,Passenger,20 to 24,None,,,Other,,,,,,,,,,,,Yes,,,,,Yes,Yes,Yes,,,,74,North St.James Town,74,North St.James Town (74),D51,630609.5198,4836491.7069
5472,6096354,1146815,1/9/2010 10:00:00 AM,2308,TED ROGERS  WAY,MOUNT PLEASANT RD,,Major Arterial,Toronto and East York,43.669963,-79.379894,At Intersection,Traffic Signal,Clear,"Dark, artificial",Wet,Non-Fatal Injury,Sideswipe,Passenger,20 to 24,None,,,Other,,,,,,,,,,,,Yes,,,,,Yes,Yes,Yes,,,,74,North St.James Town,74,North St.James Town (74),D51,630609.5198,4836491.7069
5473,6096355,1146815,1/9/2010 10:00:00 AM,2308,TED ROGERS  WAY,MOUNT PLEASANT RD,,Major Arterial,Toronto and East York,43.669963,-79.379894,At Intersection,Traffic Signal,Clear,"Dark, artificial",Wet,Non-Fatal Injury,Sideswipe,Passenger,20 to 24,None,,,Other,,,,,,,,,,,,Yes,,,,,Yes,Yes,Yes,,,,74,North St.James Town,74,North St.James Town (74),D51,630609.5198,4836491.7069
5474,6096356,1146815,1/9/2010 10:00:00 AM,2308,TED ROGERS  WAY,MOUNT PLEASANT RD,,Major Arterial,Toronto and East York,43.669963,-79.379894,At Intersection,Traffic Signal,Clear,"Dark, artificial",Wet,Non-Fatal Injury,Sideswipe,Driver,20 to 24,None,,South,"Automobile, Station Wagon",Going Ahead,Exceeding Speed Limit,Had Been Drinking,,,,,,,,,Yes,,,,,Yes,Yes,Yes,,,,74,North St.James Town,74,North St.James Town (74),D51,630609.5198,4836491.7069
5475,6096357,1146815,1/9/2010 10:00:00 AM,2308,TED ROGERS  WAY,MOUNT PLEASANT RD,,Major Arterial,Toronto and East York,43.669963,-79.379894,At Intersection,Traffic Signal,Clear,"Dark, artificial",Wet,Non-Fatal Injury,Sideswipe,Passenger,25 to 29,Minor,,,Other,,,,,,,,,,,,Yes,,,,,Yes,Yes,Yes,,,,74,North St.James Town,74,North St.James Town (74),D51,630609.5198,4836491.7069
5476,6096358,1146815,1/9/2010 10:00:00 AM,2308,TED ROGERS  WAY,MOUNT PLEASANT RD,,Major Arterial,Toronto and East York,43.669963,-79.379894,At Intersection,Traffic Signal,Clear,"Dark, artificial",Wet,Non-Fatal Injury,Sideswipe,Driver,45 to 49,Major,,South,"Automobile, Station Wagon",Stopped,Driving Properly,Normal,,,,,,,,,Yes,,,,,Yes,Yes,Yes,,,,74,North St.James Town,74,North St.James Town (74),D51,630609.5198,4836491.7069
5477,6253428,1146864,1/10/2010 10:00:00 AM,329,KING ST E,PARLIAMENT ST,,Major Arterial,Toronto and East York,43.652745,-79.36319,At Intersection,Traffic Signal,Clear,Dark,Dry,Fatal,Approaching,Driver,35 to 39,Fatal,1,East,"Automobile, Station Wagon",Going Ahead,Lost control,Had Been Drinking,,,,,,,,,Yes,,,,,,Yes,Yes,,,,73,Moss Park,73,Moss Park (73),D51,631993.9017,4834605.8538
5478,6253429,1146864,1/10/2010 10:00:00 AM,329,KING ST E,PARLIAMENT ST,,Major Arterial,Toronto and East York,43.652745,-79.36319,At Intersection,Traffic Signal,Clear,Dark,Dry,Fatal,Approaching,Vehicle Owner,unknown,,,,Other,,,,,,,,,,,,Yes,,,,,,Yes,Yes,,,,73,Moss Park,73,Moss Park (73),D51,631993.9017,4834605.8538
5479,6253430,1146864,1/10/2010 10:00:00 AM,329,KING ST E,PARLIAMENT ST,,Major Arterial,Toronto and East York,43.652745,-79.36319,At Intersection,Traffic Signal,Clear,Dark,Dry,Fatal,Approaching,Driver,35 to 39,Minor,,West,"Automobile, Station Wagon",Going Ahead,Driving Properly,Normal,,,,,,,,,Yes,,,,,,Yes,Yes,,,,73,Moss Park,73,Moss Park (73),D51,631993.9017,4834605.8538
5480,6103997,1151467,1/10/2010 10:00:00 AM,933,SENTINEL Road,STILECROFT Driv,,Collector,North York,43.750445,-79.49419,At Intersection,Stop Sign,Clear,Daylight,Dry,Non-Fatal Injury,Pedestrian Collisions,Truck Driver,35 to 39,None,,South,Truck - Open,Going Ahead,Failed to Yield Right of Way,Inattentive,,,,,,,Yes,,,,Yes,,,,,Yes,,,,27,York University Heights,27,York University Heights (27),D31,621232.7641,4845256.7468
5481,6103998,1151467,1/10/2010 10:00:00 AM,933,SENTINEL Road,STILECROFT Driv,,Collector,North York,43.750445,-79.49419,At Intersection,Stop Sign,Clear,Daylight,Dry,Non-Fatal Injury,Pedestrian Collisions,Pedestrian,65 to 69,Major,,East,Other,,,,Vehicle is going straight thru inter.while ped cross with ROW,Crossing with right of way,Normal,,,,Yes,,,,Yes,,,,,Yes,,,,27,York University Heights,27,York University Heights (27),D31,621232.7641,4845256.7468
5482,6104306,1151614,1/12/2010 10:00:00 AM,1153,EGLINTON Aven E,CEDAR Driv,,Major Arterial,Scarborough,43.743945,-79.21559,At Intersection,Traffic Signal,Clear,Daylight,Dry,Non-Fatal Injury,Pedestrian Collisions,Passenger,20 to 24,Major,,,Other,,,,,,,,,,Yes,,Yes,,,,,Yes,,Yes,,,,139,Scarborough Village,139,Scarborough Village (139),D43,643678.6484,4844980.3066
5483,6104307,1151614,1/12/2010 10:00:00 AM,1153,EGLINTON Aven E,CEDAR Driv,,Major Arterial,Scarborough,43.743945,-79.21559,At Intersection,Traffic Signal,Clear,Daylight,Dry,Non-Fatal Injury,Pedestrian Collisions,Driver,50 to 54,Minor,,West,"Automobile, Station Wagon",Going Ahead,Driving Properly,Normal,,,,,,,Yes,,Yes,,,,,Yes,,Yes,,,,139,Scarborough Village,139,Scarborough Village (139),D43,643678.6484,4844980.3066
5484,6104308,1151614,1/12/2010 10:00:00 AM,1153,EGLINTON Aven E,CEDAR Driv,,Major Arterial,Scarborough,43.743945,-79.21559,At Intersection,Traffic Signal,Clear,Daylight,Dry,Non-Fatal Injury,Pedestrian Collisions,Driver,50 to 54,Minor,,East,"Automobile, Station Wagon",Turning Left,Failed to Yield Right of Way,Inattentive,,,,,,,Yes,,Yes,,,,,Yes,,Yes,,,,139,Scarborough Village,139,Scarborough Village (139),D43,643678.6484,4844980.3066
5485,6104309,1151614,1/12/2010 10:00:00 AM,1153,EGLINTON Aven E,CEDAR Driv,,Major Arterial,Scarborough,43.743945,-79.21559,At Intersection,Traffic Signal,Clear,Daylight,Dry,Non-Fatal Injury,Pedestrian Collisions,Other Property Owner,unknown,,,,Other,,,,,,,,,,Yes,,Yes,,,,,Yes,,Yes,,,,139,Scarborough Village,139,Scarborough Village (139),D43,643678.6484,4844980.3066
5486,6104310,1151614,1/12/2010 10:00:00 AM,1153,EGLINTON Aven E,CEDAR Driv,,Major Arterial,Scarborough,43.743945,-79.21559,At Intersection,Traffic Signal,Clear,Daylight,Dry,Non-Fatal Injury,Pedestrian Collisions,Pedestrian,60 to 64,Major,,West,Other,,,,Vehicle turns left while ped crosses with ROW at inter.,Crossing with right of way,Normal,,,,Yes,,Yes,,,,,Yes,,Yes,,,,139,Scarborough Village,139,Scarborough Village (139),D43,643678.6484,4844980.3066
5487,6097032,1147341,1/12/2010 10:00:00 AM,1240,MARTIN GROVE RD,EGLINTON AVE W,,Major Arterial,Etobicoke York,43.674445,-79.56319,At Intersection,Traffic Signal,Clear,Daylight,Dry,Fatal,Pedestrian Collisions,Passenger,85 to 89,None,,,Other,,,,,,,,,,Yes,,Yes,,,,,Yes,,Yes,Yes,,,11,Eringate-Centennial-West Deane,11,Eringate-Centennial-West Deane (11),D22,615823.8381,4836717.2289
5488,6097033,1147341,1/12/2010 10:00:00 AM,1240,MARTIN GROVE RD,EGLINTON AVE W,,Major Arterial,Etobicoke York,43.674445,-79.56319,At Intersection,Traffic Signal,Clear,Daylight,Dry,Fatal,Pedestrian Collisions,Driver,80 to 84,None,,North,"Automobile, Station Wagon",Going Ahead,Disobeyed Traffic Control,Unknown,,,,,,,Yes,,Yes,,,,,Yes,,Yes,Yes,,,11,Eringate-Centennial-West Deane,11,Eringate-Centennial-West Deane (11),D22,615823.8381,4836717.2289
5489,6097034,1147341,1/12/2010 10:00:00 AM,1240,MARTIN GROVE RD,EGLINTON AVE W,,Major Arterial,Etobicoke York,43.674445,-79.56319,At Intersection,Traffic Signal,Clear,Daylight,Dry,Fatal,Pedestrian Collisions,Pedestrian,0 to 4,Minor,,East,Other,,,,Vehicle is going straight thru inter.while ped cross with ROW,Crossing with right of way,Normal,,,,Yes,,Yes,,,,,Yes,,Yes,Yes,,,11,Eringate-Centennial-West Deane,11,Eringate-Centennial-West Deane (11),D22,615823.8381,4836717.2289
5490,6097035,1147341,1/12/2010 10:00:00 AM,1240,MARTIN GROVE RD,EGLINTON AVE W,,Major Arterial,Etobicoke York,43.674445,-79.56319,At Intersection,Traffic Signal,Clear,Daylight,Dry,Fatal,Pedestrian Collisions,Pedestrian,30 to 34,Fatal,2,East,Other,,,,Vehicle is going straight thru inter.while ped cross with ROW,Crossing with right of way,Normal,,,,Yes,,Yes,,,,,Yes,,Yes,Yes,,,11,Eringate-Centennial-West Deane,11,Eringate-Centennial-West Deane (11),D22,615823.8381,4836717.2289
5491,6097036,1147342,1/12/2010 10:00:00 AM,1317,DUNDAS ST W,RONCESVALLES AVE,,Minor Arterial,Toronto and East York,43.653845,-79.45179,At Intersection,Traffic Signal,Clear,Daylight,Dry,Fatal,Pedestrian Collisions,Vehicle Owner,unknown,,,,Other,,,,,,,,,,Yes,,Yes,,,,,,,,,,,86,Roncesvalles,86,Roncesvalles (86),D11,624846.7642,4834590.9052
5492,6097037,1147342,1/12/2010 10:00:00 AM,1317,DUNDAS ST W,RONCESVALLES AVE,,Minor Arterial,Toronto and East York,43.653845,-79.45179,At Intersection,Traffic Signal,Clear,Daylight,Dry,Fatal,Pedestrian Collisions,Driver,20 to 24,None,,South,"Automobile, Station Wagon",Going Ahead,Driving Properly,Normal,,,,,,,Yes,,Yes,,,,,,,,,,,86,Roncesvalles,86,Roncesvalles (86),D11,624846.7642,4834590.9052
5493,6097038,1147342,1/12/2010 10:00:00 AM,1317,DUNDAS ST W,RONCESVALLES AVE,,Minor Arterial,Toronto and East York,43.653845,-79.45179,At Intersection,Traffic Signal,Clear,Daylight,Dry,Fatal,Pedestrian Collisions,Pedestrian,40 to 44,Minor,,East,Other,,,,Vehicle is going straight thru inter.while ped cross without ROW,Crossing without right of way,Inattentive,,,,Yes,,Yes,,,,,,,,,,,86,Roncesvalles,86,Roncesvalles (86),D11,624846.7642,4834590.9052
5494,6097039,1147342,1/12/2010 10:00:00 AM,1317,DUNDAS ST W,RONCESVALLES AVE,,Minor Arterial,Toronto and East York,43.653845,-79.45179,At Intersection,Traffic Signal,Clear,Daylight,Dry,Fatal,Pedestrian Collisions,Pedestrian,80 to 84,Fatal,3,East,Other,,,,Vehicle is going straight thru inter.while ped cross without ROW,Crossing without right of way,Inattentive,,,,Yes,,Yes,,,,,,,,,,,86,Roncesvalles,86,Roncesvalles (86),D11,624846.7642,4834590.9052
5495,6104992,1151934,1/12/2010 10:00:00 AM,1401,JANE Stre,HARDING Aven,,Major Arterial,Etobicoke York,43.699545,-79.50289,At Intersection,Traffic Signal,Clear,Daylight,Dry,Non-Fatal Injury,Pedestrian Collisions,Vehicle Owner,unknown,,,,Other,,,,,,,,,,Yes,,Yes,,,,,,,Yes,,,,30,Brookhaven-Amesbury,30,Brookhaven-Amesbury (30),D12,620634.4447,4839590.8849
5496,6104993,1151934,1/12/2010 10:00:00 AM,1401,JANE Stre,HARDING Aven,,Major Arterial,Etobicoke York,43.699545,-79.50289,At Intersection,Traffic Signal,Clear,Daylight,Dry,Non-Fatal Injury,Pedestrian Collisions,Driver,45 to 49,None,,West,"Automobile, Station Wagon",Turning Left,Failed to Yield Right of Way,Inattentive,,,,,,,Yes,,Yes,,,,,,,Yes,,,,30,Brookhaven-Amesbury,30,Brookhaven-Amesbury (30),D12,620634.4447,4839590.8849
5497,6104994,1151934,1/12/2010 10:00:00 AM,1401,JANE Stre,HARDING Aven,,Major Arterial,Etobicoke York,43.699545,-79.50289,At Intersection,Traffic Signal,Clear,Daylight,Dry,Non-Fatal Injury,Pedestrian Collisions,Pedestrian,50 to 54,Major,,East,Other,,,,Vehicle turns left while ped crosses with ROW at inter.,Crossing with right of way,Normal,,,,Yes,,Yes,,,,,,,Yes,,,,30,Brookhaven-Amesbury,30,Brookhaven-Amesbury (30),D12,620634.4447,4839590.8849
5498,6097283,1147486,1/13/2010 10:00:00 AM,1224,EASTERN AVE,CHERRY ST,,Minor Arterial,Toronto and East York,43.653945,-79.35849,At Intersection,Traffic Signal,Clear,Daylight,Dry,Non-Fatal Injury,Angle,Vehicle Owner,unknown,,,,Other,,,,,,,,,,,,Yes,,,,,Yes,,Yes,Yes,,,73,Moss Park,73,Moss Park (73),D51,632370.2818,4834746.6166
5499,6097284,1147486,1/13/2010 10:00:00 AM,1224,EASTERN AVE,CHERRY ST,,Minor Arterial,Toronto and East York,43.653945,-79.35849,At Intersection,Traffic Signal,Clear,Daylight,Dry,Non-Fatal Injury,Angle,Driver,55 to 59,None,,East,"Automobile, Station Wagon",Going Ahead,Disobeyed Traffic Control,Normal,,,,,,,,,Yes,,,,,Yes,,Yes,Yes,,,73,Moss Park,73,Moss Park (73),D51,632370.2818,4834746.6166
5500,6097285,1147486,1/13/2010 10:00:00 AM,1224,EASTERN AVE,CHERRY ST,,Minor Arterial,Toronto and East York,43.653945,-79.35849,At Intersection,Traffic Signal,Clear,Daylight,Dry,Non-Fatal Injury,Angle,Driver,20 to 24,Minimal,,South,"Automobile, Station Wagon",Going Ahead,Driving Properly,Normal,,,,,,,,,Yes,,,,,Yes,,Yes,Yes,,,73,Moss Park,73,Moss Park (73),D51,632370.2818,4834746.6166
5501,6097286,1147486,1/13/2010 10:00:00 AM,1224,EASTERN AVE,CHERRY ST,,Minor Arterial,Toronto and East York,43.653945,-79.35849,At Intersection,Traffic Signal,Clear,Daylight,Dry,Non-Fatal Injury,Angle,Passenger,25 to 29,Major,,,Other,,,,,,,,,,,,Yes,,,,,Yes,,Yes,Yes,,,73,Moss Park,73,Moss Park (73),D51,632370.2818,4834746.6166
5502,6097398,1147555,1/14/2010 10:00:00 AM,148,BURNHAMTHORPE RD,PRENNAN AVE,,Major Arterial,Etobicoke York,43.650745,-79.54079,At Intersection,No Control,Clear,Dark,Wet,Non-Fatal Injury,SMV Other,Driver,20 to 24,Major,,West,"Automobile, Station Wagon",Going Ahead,Lost control,Had Been Drinking,,,,,,,,,Yes,,,,,,Yes,Yes,,,,158,Islington,14,Islington-City Centre West (14),D22,617675.8491,4834116.5577
5503,6105543,1152191,1/14/2010 10:00:00 AM,1743,PASSMORE AVE,SILVER STAR BLVD,,Collector,Scarborough,43.819945,-79.29809,At Intersection,Traffic Signal,Clear,Dark,Wet,Non-Fatal Injury,Pedestrian Collisions,Vehicle Owner,unknown,,,,Other,,,,,,,,,,Yes,,Yes,,,,,,,Yes,,,,130,Milliken,130,Milliken (130),D42,636862.2305,4853281.5145
5504,6105544,1152191,1/14/2010 10:00:00 AM,1743,PASSMORE AVE,SILVER STAR BLVD,,Collector,Scarborough,43.819945,-79.29809,At Intersection,Traffic Signal,Clear,Dark,Wet,Non-Fatal Injury,Pedestrian Collisions,Driver,25 to 29,None,,East,"Automobile, Station Wagon",Turning Left,Failed to Yield Right of Way,Inattentive,,,,,,,Yes,,Yes,,,,,,,Yes,,,,130,Milliken,130,Milliken (130),D42,636862.2305,4853281.5145
5505,6105545,1152191,1/14/2010 10:00:00 AM,1743,PASSMORE AVE,SILVER STAR BLVD,,Collector,Scarborough,43.819945,-79.29809,At Intersection,Traffic Signal,Clear,Dark,Wet,Non-Fatal Injury,Pedestrian Collisions,Pedestrian,25 to 29,Major,,East,Other,,,,Vehicle turns left while ped crosses with ROW at inter.,Crossing with right of way,Normal,,,,Yes,,Yes,,,,,,,Yes,,,,130,Milliken,130,Milliken (130),D42,636862.2305,4853281.5145
5506,6105457,1152152,1/14/2010 10:00:00 AM,2150,DON MILLS RD,SHEPPARD AVE E,,Major Arterial,North York,43.775145,-79.34699,At Intersection,Traffic Signal,Clear,Dark,Wet,Non-Fatal Injury,Angle,Driver,50 to 54,Minimal,,East,"Automobile, Station Wagon",Going Ahead,Driving Properly,Normal,,,,,,,,,Yes,,,,,Yes,Yes,Yes,,,,47,Don Valley Village,47,Don Valley Village (47),D33,633029.1904,4848226.0264
5507,6105458,1152152,1/14/2010 10:00:00 AM,2150,DON MILLS RD,SHEPPARD AVE E,,Major Arterial,North York,43.775145,-79.34699,At Intersection,Traffic Signal,Clear,Dark,Wet,Non-Fatal Injury,Angle,Passenger,20 to 24,Minimal,,,Other,,,,,,,,,,,,Yes,,,,,Yes,Yes,Yes,,,,47,Don Valley Village,47,Don Valley Village (47),D33,633029.1904,4848226.0264
5508,6105459,1152152,1/14/2010 10:00:00 AM,2150,DON MILLS RD,SHEPPARD AVE E,,Major Arterial,North York,43.775145,-79.34699,At Intersection,Traffic Signal,Clear,Dark,Wet,Non-Fatal Injury,Angle,Vehicle Owner,unknown,,,,Other,,,,,,,,,,,,Yes,,,,,Yes,Yes,Yes,,,,47,Don Valley Village,47,Don Valley Village (47),D33,633029.1904,4848226.0264
5509,6105460,1152152,1/14/2010 10:00:00 AM,2150,DON MILLS RD,SHEPPARD AVE E,,Major Arterial,North York,43.775145,-79.34699,At Intersection,Traffic Signal,Clear,Dark,Wet,Non-Fatal Injury,Angle,Driver,25 to 29,Major,,North,"Automobile, Station Wagon",Going Ahead,Failed to Yield Right of Way,Inattentive,,,,,,,,,Yes,,,,,Yes,Yes,Yes,,,,47,Don Valley Village,47,Don Valley Village (47),D33,633029.1904,4848226.0264
5510,6097817,1147870,1/15/2010 10:00:00 AM,655,KIPLING AVE,STEVENSON RD,,Major Arterial,Etobicoke York,43.744945,-79.58289,,No Control,Clear,Dusk,Wet,Non-Fatal Injury,Pedestrian Collisions,Vehicle Owner,unknown,,,,Other,,,,,,,,,,Yes,,Yes,,,,,,,,,,,2,Mount Olive-Silverstone-Jamestown,2,Mount Olive-Silverstone-Jamestown (2),D23,614101.9263,4844519.9018