OBJECTID,INDEX,ACCNUM,DATE,TIME,STREET1,STREET2,OFFSET,ROAD_CLASS,DISTRICT,LATITUDE,LONGITUDE,ACCLOC,TRAFFCTL,VISIBILITY,LIGHT,RDSFCOND,ACCLASS,IMPACTYPE,INVTYPE,INVAGE,INJURY,FATAL_NO,INITDIR,VEHTYPE,MANOEUVER,DRIVACT,DRIVCOND,PEDTYPE,PEDACT,PEDCOND,CYCLISTYPE,CYCACT,CYCCOND,PEDESTRIAN,CYCLIST,AUTOMOBILE,MOTORCYCLE,TRUCK,TRSN_CITY_VEH,EMERG_VEH,PASSENGER,SPEEDING,AG_DRIV,REDLIGHT,ALCOHOL,DISABILITY,HOOD_158,NEIGHBOURHOOD_158,HOOD_140,NEIGHBOURHOOD_140,DIVISION,x,y
5511,6097818,1147870,1/15/2010 10:00:00 AM,655,KIPLING AVE,STEVENSON RD,,Major Arterial,Etobicoke York,43.744945,-79.58289,,No Control,Clear,Dusk,Wet,Non-Fatal Injury,Pedestrian Collisions,Driver,45 to 49,None,,North,"Automobile, Station Wagon",Going Ahead,Driving Properly,Normal,,,,,,,Yes,,Yes,,,,,,,,,,,2,Mount Olive-Silverstone-Jamestown,2,Mount Olive-Silverstone-Jamestown (2),D23,614101.9263,4844519.9018
5512,6097819,1147870,1/15/2010 10:00:00 AM,655,KIPLING AVE,STEVENSON RD,,Major Arterial,Etobicoke York,43.744945,-79.58289,,No Control,Clear,Dusk,Wet,Non-Fatal Injury,Pedestrian Collisions,Pedestrian,75 to 79,Major,,West,Other,,,,Pedestrian hit at mid-block,"Crossing, no Traffic Control",Unknown,,,,Yes,,Yes,,,,,,,,,,,2,Mount Olive-Silverstone-Jamestown,2,Mount Olive-Silverstone-Jamestown (2),D23,614101.9263,4844519.9018
5513,6109943,1154258,1/15/2010 10:00:00 AM,1810,DIXON RD,ST PHILLIPS RD,,Major Arterial,Etobicoke York,43.699845,-79.53429,,Traffic Signal,Clear,Dark,Dry,Non-Fatal Injury,Turning Movement,Driver,25 to 29,Major,,West,"Automobile, Station Wagon",Going Ahead,Failed to Yield Right of Way,Normal,,,,,,,,,Yes,,,,,,,Yes,,,,6,Kingsview Village-The Westway,6,Kingsview Village-The Westway (6),D23,618103.68,4839578.9975
5514,6109944,1154258,1/15/2010 10:00:00 AM,1810,DIXON RD,ST PHILLIPS RD,,Major Arterial,Etobicoke York,43.699845,-79.53429,,Traffic Signal,Clear,Dark,Dry,Non-Fatal Injury,Turning Movement,Driver,25 to 29,Minimal,,East,"Automobile, Station Wagon",Turning Left,Driving Properly,Normal,,,,,,,,,Yes,,,,,,,Yes,,,,6,Kingsview Village-The Westway,6,Kingsview Village-The Westway (6),D23,618103.68,4839578.9975
5515,6098470,1148390,1/18/2010 10:00:00 AM,655,MOUNT PLEASANT RD,EGLINTON AVE E,,Major Arterial,North York,43.708445,-79.39019,At Intersection,Traffic Signal,Clear,Dark,Dry,Fatal,Pedestrian Collisions,Vehicle Owner,unknown,,,,Other,,,,,,,,,,Yes,,,,,Yes,,,,Yes,,,,99,Mount Pleasant East,99,Mount Pleasant East (99),D53,629696.5006,4840749.5043
5516,6098471,1148390,1/18/2010 10:00:00 AM,655,MOUNT PLEASANT RD,EGLINTON AVE E,,Major Arterial,North York,43.708445,-79.39019,At Intersection,Traffic Signal,Clear,Dark,Dry,Fatal,Pedestrian Collisions,Driver,50 to 54,None,,South,Municipal Transit Bus (TTC),Turning Right,Failed to Yield Right of Way,Normal,,,,,,,Yes,,,,,Yes,,,,Yes,,,,99,Mount Pleasant East,99,Mount Pleasant East (99),D53,629696.5006,4840749.5043
5517,6098472,1148390,1/18/2010 10:00:00 AM,655,MOUNT PLEASANT RD,EGLINTON AVE E,,Major Arterial,North York,43.708445,-79.39019,At Intersection,Traffic Signal,Clear,Dark,Dry,Fatal,Pedestrian Collisions,Pedestrian,60 to 64,Fatal,4,South,Other,,,,Pedestrian involved in a collision with transit vehicle anywhere along roadway,Crossing with right of way,Normal,,,,Yes,,,,,Yes,,,,Yes,,,,99,Mount Pleasant East,99,Mount Pleasant East (99),D53,629696.5006,4840749.5043
5518,6098460,1148377,1/18/2010 10:00:00 AM,1339,FINCH Aven E,ALEXMUIR Boul,,Major Arterial,Scarborough,43.804745,-79.28149,At Intersection,No Control,Clear,Daylight,Dry,Non-Fatal Injury,SMV Other,Vehicle Owner,unknown,,,,Other,,,,,,,,,,,,Yes,,,,,,,,,,Yes,129,Agincourt North,129,Agincourt North (129),D42,638232.2296,4851620.9047
5519,6098461,1148377,1/18/2010 10:00:00 AM,1339,FINCH Aven E,ALEXMUIR Boul,,Major Arterial,Scarborough,43.804745,-79.28149,At Intersection,No Control,Clear,Daylight,Dry,Non-Fatal Injury,SMV Other,Driver,45 to 49,Major,,West,"Automobile, Station Wagon",Going Ahead,Lost control,Medical or Physical Disability,,,,,,,,,Yes,,,,,,,,,,Yes,129,Agincourt North,129,Agincourt North (129),D42,638232.2296,4851620.9047
5520,6098462,1148377,1/18/2010 10:00:00 AM,1339,FINCH Aven E,ALEXMUIR Boul,,Major Arterial,Scarborough,43.804745,-79.28149,At Intersection,No Control,Clear,Daylight,Dry,Non-Fatal Injury,SMV Other,Other Property Owner,unknown,,,,Other,,,,,,,,,,,,Yes,,,,,,,,,,Yes,129,Agincourt North,129,Agincourt North (129),D42,638232.2296,4851620.9047
5521,6114342,1156323,1/19/2010 10:00:00 AM,115,QUEENS PARK CRES E,ST JOSEPH ST,,Major Arterial,Toronto and East York,43.665745,-79.39159,,No Control,Clear,Dark,Wet,Non-Fatal Injury,SMV Other,Driver,40 to 44,Major,,North,"Automobile, Station Wagon",Going Ahead,Speed too Fast For Condition,Had Been Drinking,,,,,,,,,Yes,,,,,,Yes,Yes,,,,169,Bay-Cloverhill,76,Bay Street Corridor (76),D52,629675.686,4836004.8928
5522,6098715,1148593,1/19/2010 10:00:00 AM,1150,ST CLAIR GDNS,NORTON AVE,,Local,Toronto and East York,43.678345,-79.44539,,No Control,Clear,Daylight,Dry,Non-Fatal Injury,Pedestrian Collisions,Vehicle Owner,unknown,,,,Other,,,,,,,,,,Yes,,Yes,,,,,,,,,,,92,Corso Italia-Davenport,92,Corso Italia-Davenport (92),D13,625311.8724,4837321.6033
5523,6098716,1148593,1/19/2010 10:00:00 AM,1150,ST CLAIR GDNS,NORTON AVE,,Local,Toronto and East York,43.678345,-79.44539,,No Control,Clear,Daylight,Dry,Non-Fatal Injury,Pedestrian Collisions,Driver,65 to 69,None,,South,"Automobile, Station Wagon",Reversing,Other,Normal,,,,,,,Yes,,Yes,,,,,,,,,,,92,Corso Italia-Davenport,92,Corso Italia-Davenport (92),D13,625311.8724,4837321.6033
5524,6098717,1148593,1/19/2010 10:00:00 AM,1150,ST CLAIR GDNS,NORTON AVE,,Local,Toronto and East York,43.678345,-79.44539,,No Control,Clear,Daylight,Dry,Non-Fatal Injury,Pedestrian Collisions,Pedestrian,70 to 74,Major,,West,Other,,,,Vehicle is reversing and hits pedestrian,"Crossing, no Traffic Control",Normal,,,,Yes,,Yes,,,,,,,,,,,92,Corso Italia-Davenport,92,Corso Italia-Davenport (92),D13,625311.8724,4837321.6033
5525,6098823,1148773,1/20/2010 10:00:00 AM,700,DUFFERIN ST,PRESTON RD,,Major Arterial,Toronto and East York,43.691345,-79.44849,At Intersection,No Control,Clear,Dark,Dry,Fatal,Pedestrian Collisions,Passenger,15 to 19,None,,,Other,,,,,,,,,,Yes,,Yes,,,,,Yes,,,,,,109,Caledonia-Fairbank,109,Caledonia-Fairbank (109),D13,625034.9787,4838760.7508
5526,6098824,1148773,1/20/2010 10:00:00 AM,700,DUFFERIN ST,PRESTON RD,,Major Arterial,Toronto and East York,43.691345,-79.44849,At Intersection,No Control,Clear,Dark,Dry,Fatal,Pedestrian Collisions,Passenger,15 to 19,None,,,Other,,,,,,,,,,Yes,,Yes,,,,,Yes,,,,,,109,Caledonia-Fairbank,109,Caledonia-Fairbank (109),D13,625034.9787,4838760.7508
5527,6098825,1148773,1/20/2010 10:00:00 AM,700,DUFFERIN ST,PRESTON RD,,Major Arterial,Toronto and East York,43.691345,-79.44849,At Intersection,No Control,Clear,Dark,Dry,Fatal,Pedestrian Collisions,Driver,40 to 44,None,,South,"Automobile, Station Wagon",Going Ahead,Driving Properly,Normal,,,,,,,Yes,,Yes,,,,,Yes,,,,,,109,Caledonia-Fairbank,109,Caledonia-Fairbank (109),D13,625034.9787,4838760.7508
5528,6098826,1148773,1/20/2010 10:00:00 AM,700,DUFFERIN ST,PRESTON RD,,Major Arterial,Toronto and East York,43.691345,-79.44849,At Intersection,No Control,Clear,Dark,Dry,Fatal,Pedestrian Collisions,Pedestrian,50 to 54,Fatal,5,East,Other,,,,Pedestrian hit at mid-block,Running onto Roadway,Unknown,,,,Yes,,Yes,,,,,Yes,,,,,,109,Caledonia-Fairbank,109,Caledonia-Fairbank (109),D13,625034.9787,4838760.7508
5529,6099389,1149291,1/22/2010 10:00:00 AM,1132,DANFORTH AVE,BROADVIEW AVE,,Major Arterial,Toronto and East York,43.676145,-79.35889,At Intersection,Traffic Signal,Clear,Daylight,Dry,Fatal,Pedestrian Collisions,Vehicle Owner,unknown,,,,Other,,,,,,,,,,Yes,,,,Yes,,,,,Yes,,,,68,North Riverdale,68,North Riverdale (68),D55,632289.2521,4837211.5869
5530,6099390,1149291,1/22/2010 10:00:00 AM,1132,DANFORTH AVE,BROADVIEW AVE,,Major Arterial,Toronto and East York,43.676145,-79.35889,At Intersection,Traffic Signal,Clear,Daylight,Dry,Fatal,Pedestrian Collisions,Pedestrian,55 to 59,Fatal,6,East,Other,,,,Vehicle turns right while ped crosses with ROW at inter.,Crossing with right of way,Normal,,,,Yes,,,,Yes,,,,,Yes,,,,68,North Riverdale,68,North Riverdale (68),D55,632289.2521,4837211.5869
5531,6099391,1149291,1/22/2010 10:00:00 AM,1132,DANFORTH AVE,BROADVIEW AVE,,Major Arterial,Toronto and East York,43.676145,-79.35889,At Intersection,Traffic Signal,Clear,Daylight,Dry,Fatal,Pedestrian Collisions,Truck Driver,35 to 39,None,,East,Truck - Open,Turning Right,Failed to Yield Right of Way,Normal,,,,,,,Yes,,,,Yes,,,,,Yes,,,,68,North Riverdale,68,North Riverdale (68),D55,632289.2521,4837211.5869
5532,6112161,1155324,1/22/2010 10:00:00 AM,1520,BATHGATE DR,FEAGAN DR,,Local,Scarborough,43.779445,-79.15099,,Stop Sign,Clear,Daylight,Dry,Non-Fatal Injury,SMV Other,Driver,75 to 79,Major,,West,"Automobile, Station Wagon",Going Ahead,Lost control,Inattentive,,,,,,,,,Yes,,,,,,,,,,,133,Centennial Scarborough,133,Centennial Scarborough (133),D43,648792.1981,4849037.2163
5533,6112162,1155324,1/22/2010 10:00:00 AM,1520,BATHGATE DR,FEAGAN DR,,Local,Scarborough,43.779445,-79.15099,,Stop Sign,Clear,Daylight,Dry,Non-Fatal Injury,SMV Other,Other Property Owner,unknown,,,,Other,,,,,,,,,,,,Yes,,,,,,,,,,,133,Centennial Scarborough,133,Centennial Scarborough (133),D43,648792.1981,4849037.2163
5534,6278847,1155683,1/23/2010 10:00:00 AM,834,SHEPPARD AVE W,ARLETA AVE,,Major Arterial,Etobicoke York,43.741445,-79.50149,At Intersection,Traffic Signal,Clear,Daylight,Dry,Non-Fatal Injury,Pedestrian Collisions,Driver,45 to 49,None,,South,"Automobile, Station Wagon",Turning Left,Failed to Yield Right of Way,Normal,,,,,,,Yes,,Yes,,,,,,,Yes,,,,25,Glenfield-Jane Heights,25,Glenfield-Jane Heights (25),D31,620663.1175,4844246.5079
5535,6278848,1155683,1/23/2010 10:00:00 AM,834,SHEPPARD AVE W,ARLETA AVE,,Major Arterial,Etobicoke York,43.741445,-79.50149,At Intersection,Traffic Signal,Clear,Daylight,Dry,Non-Fatal Injury,Pedestrian Collisions,Pedestrian,60 to 64,Major,,North,Other,,,,Vehicle turns left while ped crosses with ROW at inter.,Crossing with right of way,Normal,,,,Yes,,Yes,,,,,,,Yes,,,,25,Glenfield-Jane Heights,25,Glenfield-Jane Heights (25),D31,620663.1175,4844246.5079
5536,6099925,1149557,1/24/2010 10:00:00 AM,32,QUEEN ST E,MUNRO ST,,Major Arterial,Toronto and East York,43.658545,-79.35139,At Intersection,No Control,Clear,Dark,Dry,Fatal,Pedestrian Collisions,Vehicle Owner,unknown,,,,Other,,,,,,,,,,Yes,,,,,Yes,,,,,,,,70,South Riverdale,70,South Riverdale (70),D55,632932.6767,4835268.8586
5537,6099926,1149557,1/24/2010 10:00:00 AM,32,QUEEN ST E,MUNRO ST,,Major Arterial,Toronto and East York,43.658545,-79.35139,At Intersection,No Control,Clear,Dark,Dry,Fatal,Pedestrian Collisions,Driver,50 to 54,None,,East,Municipal Transit Bus (TTC),Going Ahead,Driving Properly,Normal,,,,,,,Yes,,,,,Yes,,,,,,,,70,South Riverdale,70,South Riverdale (70),D55,632932.6767,4835268.8586
5538,6099927,1149557,1/24/2010 10:00:00 AM,32,QUEEN ST E,MUNRO ST,,Major Arterial,Toronto and East York,43.658545,-79.35139,At Intersection,No Control,Clear,Dark,Dry,Fatal,Pedestrian Collisions,Pedestrian,35 to 39,Fatal,7,North,Other,,,,Pedestrian involved in a collision with transit vehicle anywhere along roadway,"Crossing, no Traffic Control",Inattentive,,,,Yes,,,,,Yes,,,,,,,,70,South Riverdale,70,South Riverdale (70),D55,632932.6767,4835268.8586
5539,6112910,1155651,1/24/2010 10:00:00 AM,242,COLLEGE ST,BORDEN ST,,Major Arterial,Toronto and East York,43.656945,-79.40539,,Traffic Signal,Clear,Dark,Wet,Non-Fatal Injury,Pedestrian Collisions,Vehicle Owner,unknown,,,,Other,,,,,,,,,,Yes,,Yes,,,,,,,,,,,78,Kensington-Chinatown,79,University (79),D14,628581.8543,4835006.058
5540,6112911,1155651,1/24/2010 10:00:00 AM,242,COLLEGE ST,BORDEN ST,,Major Arterial,Toronto and East York,43.656945,-79.40539,,Traffic Signal,Clear,Dark,Wet,Non-Fatal Injury,Pedestrian Collisions,Driver,30 to 34,None,,East,"Automobile, Station Wagon",Going Ahead,Driving Properly,Normal,,,,,,,Yes,,Yes,,,,,,,,,,,78,Kensington-Chinatown,79,University (79),D14,628581.8543,4835006.058
5541,6112912,1155651,1/24/2010 10:00:00 AM,242,COLLEGE ST,BORDEN ST,,Major Arterial,Toronto and East York,43.656945,-79.40539,,Traffic Signal,Clear,Dark,Wet,Non-Fatal Injury,Pedestrian Collisions,Pedestrian,15 to 19,Major,,North,Other,,,,Vehicle hits the pedestrian walking or running out from between parked vehicles at mid-block,Crossing without right of way,Had Been Drinking,,,,Yes,,Yes,,,,,,,,,,,78,Kensington-Chinatown,79,University (79),D14,628581.8543,4835006.058
5542,6099928,1149558,1/24/2010 10:00:00 AM,1503,ST CLAIR Aven W,HENDRICK Aven,,Major Arterial,Toronto and East York,43.680545,-79.43129,,No Control,Rain,Daylight,Wet,Non-Fatal Injury,Turning Movement,Vehicle Owner,unknown,,,,Other,,,,,,,,,,,,Yes,,,Yes,,,,Yes,,,,94,Wychwood,94,Wychwood (94),D13,626443.8153,4837587.3423
5543,6099929,1149558,1/24/2010 10:00:00 AM,1503,ST CLAIR Aven W,HENDRICK Aven,,Major Arterial,Toronto and East York,43.680545,-79.43129,,No Control,Rain,Daylight,Wet,Non-Fatal Injury,Turning Movement,Driver,45 to 49,None,,West,Municipal Transit Bus (TTC),Going Ahead,Driving Properly,Normal,,,,,,,,,Yes,,,Yes,,,,Yes,,,,94,Wychwood,94,Wychwood (94),D13,626443.8153,4837587.3423
5544,6099930,1149558,1/24/2010 10:00:00 AM,1503,ST CLAIR Aven W,HENDRICK Aven,,Major Arterial,Toronto and East York,43.680545,-79.43129,,No Control,Rain,Daylight,Wet,Non-Fatal Injury,Turning Movement,Driver,35 to 39,Major,,West,"Automobile, Station Wagon",Turning Left,Disobeyed Traffic Control,Fatigue,,,,,,,,,Yes,,,Yes,,,,Yes,,,,94,Wychwood,94,Wychwood (94),D13,626443.8153,4837587.3423
5545,6099931,1149559,1/24/2010 10:00:00 AM,1741,CARLINGVIEW DR,DIXON RD,,Major Arterial,Etobicoke York,43.686745,-79.59559,At Intersection,Traffic Signal,Rain,Dark,Wet,Non-Fatal Injury,Pedestrian Collisions,Driver,40 to 44,None,,West,"Automobile, Station Wagon",Turning Left,Failed to Yield Right of Way,Inattentive,,,,,,,Yes,,Yes,,,,,,,Yes,,,,1,West Humber-Clairville,1,West Humber-Clairville (1),D23,613188.8669,4838038.5765
5546,6099932,1149559,1/24/2010 10:00:00 AM,1741,CARLINGVIEW DR,DIXON RD,,Major Arterial,Etobicoke York,43.686745,-79.59559,At Intersection,Traffic Signal,Rain,Dark,Wet,Non-Fatal Injury,Pedestrian Collisions,Pedestrian,45 to 49,Major,,West,Other,,,,Vehicle turns left while ped crosses with ROW at inter.,Crossing with right of way,Normal,,,,Yes,,Yes,,,,,,,Yes,,,,1,West Humber-Clairville,1,West Humber-Clairville (1),D23,613188.8669,4838038.5765
5547,6112890,1155645,1/24/2010 10:00:00 AM,2031,MCCOWAN RD,SANDHURST CRCL,,Major Arterial,Scarborough,43.811645,-79.26919,At Intersection,Traffic Signal,Rain,Daylight,Wet,Non-Fatal Injury,Angle,Passenger,35 to 39,Minor,,,Other,,,,,,,,,,,,Yes,,,,,Yes,,Yes,Yes,,,129,Agincourt North,129,Agincourt North (129),D42,639205.588,4852407.8828
5548,6112891,1155645,1/24/2010 10:00:00 AM,2031,MCCOWAN RD,SANDHURST CRCL,,Major Arterial,Scarborough,43.811645,-79.26919,At Intersection,Traffic Signal,Rain,Daylight,Wet,Non-Fatal Injury,Angle,Driver,30 to 34,Minor,,North,"Automobile, Station Wagon",Slowing or Stopping,Driving Properly,Normal,,,,,,,,,Yes,,,,,Yes,,Yes,Yes,,,129,Agincourt North,129,Agincourt North (129),D42,639205.588,4852407.8828
5549,6112892,1155645,1/24/2010 10:00:00 AM,2031,MCCOWAN RD,SANDHURST CRCL,,Major Arterial,Scarborough,43.811645,-79.26919,At Intersection,Traffic Signal,Rain,Daylight,Wet,Non-Fatal Injury,Angle,Vehicle Owner,unknown,,,,Other,,,,,,,,,,,,Yes,,,,,Yes,,Yes,Yes,,,129,Agincourt North,129,Agincourt North (129),D42,639205.588,4852407.8828
5550,6112893,1155645,1/24/2010 10:00:00 AM,2031,MCCOWAN RD,SANDHURST CRCL,,Major Arterial,Scarborough,43.811645,-79.26919,At Intersection,Traffic Signal,Rain,Daylight,Wet,Non-Fatal Injury,Angle,Driver,20 to 24,Minimal,,South,"Automobile, Station Wagon",Going Ahead,Disobeyed Traffic Control,Unknown,,,,,,,,,Yes,,,,,Yes,,Yes,Yes,,,129,Agincourt North,129,Agincourt North (129),D42,639205.588,4852407.8828
5551,6112894,1155645,1/24/2010 10:00:00 AM,2031,MCCOWAN RD,SANDHURST CRCL,,Major Arterial,Scarborough,43.811645,-79.26919,At Intersection,Traffic Signal,Rain,Daylight,Wet,Non-Fatal Injury,Angle,Vehicle Owner,unknown,,,,Other,,,,,,,,,,,,Yes,,,,,Yes,,Yes,Yes,,,129,Agincourt North,129,Agincourt North (129),D42,639205.588,4852407.8828
5552,6112895,1155645,1/24/2010 10:00:00 AM,2031,MCCOWAN RD,SANDHURST CRCL,,Major Arterial,Scarborough,43.811645,-79.26919,At Intersection,Traffic Signal,Rain,Daylight,Wet,Non-Fatal Injury,Angle,Driver,30 to 34,Minimal,,North,"Automobile, Station Wagon",Slowing or Stopping,Driving Properly,Normal,,,,,,,,,Yes,,,,,Yes,,Yes,Yes,,,129,Agincourt North,129,Agincourt North (129),D42,639205.588,4852407.8828
5553,6112896,1155645,1/24/2010 10:00:00 AM,2031,MCCOWAN RD,SANDHURST CRCL,,Major Arterial,Scarborough,43.811645,-79.26919,At Intersection,Traffic Signal,Rain,Daylight,Wet,Non-Fatal Injury,Angle,Vehicle Owner,unknown,,,,Other,,,,,,,,,,,,Yes,,,,,Yes,,Yes,Yes,,,129,Agincourt North,129,Agincourt North (129),D42,639205.588,4852407.8828
5554,6112897,1155645,1/24/2010 10:00:00 AM,2031,MCCOWAN RD,SANDHURST CRCL,,Major Arterial,Scarborough,43.811645,-79.26919,At Intersection,Traffic Signal,Rain,Daylight,Wet,Non-Fatal Injury,Angle,Driver,40 to 44,Major,,East,"Automobile, Station Wagon",Going Ahead,Driving Properly,Normal,,,,,,,,,Yes,,,,,Yes,,Yes,Yes,,,129,Agincourt North,129,Agincourt North (129),D42,639205.588,4852407.8828
5555,6100286,1149753,1/25/2010 10:00:00 AM,1825,SYMINGTON AVE,DAVENPORT RD,,Minor Arterial,Toronto and East York,43.670745,-79.45329,At Intersection,Traffic Signal,Clear,Dark,Wet,Fatal,Pedestrian Collisions,Driver,25 to 29,None,,North,"Automobile, Station Wagon",Turning Left,Driving Properly,Normal,,,,,,,Yes,,Yes,,,,,,,,,,,91,Weston-Pelham Park,91,Weston-Pellam Park (91),D11,624690.8132,4836465.6166
5556,6100287,1149753,1/25/2010 10:00:00 AM,1825,SYMINGTON AVE,DAVENPORT RD,,Minor Arterial,Toronto and East York,43.670745,-79.45329,At Intersection,Traffic Signal,Clear,Dark,Wet,Fatal,Pedestrian Collisions,Pedestrian,35 to 39,Fatal,8,South,Other,,,,Pedestrian hit at mid-block,"Crossing, no Traffic Control",Unknown,,,,Yes,,Yes,,,,,,,,,,,91,Weston-Pelham Park,91,Weston-Pellam Park (91),D11,624690.8132,4836465.6166
5557,6107736,1153216,1/25/2010 10:00:00 AM,1845,GRACEDALE BLVD,FINCH AVE W,,Major Arterial,Etobicoke York,43.748545,-79.55879,At Intersection,No Control,Clear,Dusk,Wet,Non-Fatal Injury,Pedestrian Collisions,Driver,unknown,None,,East,"Automobile, Station Wagon",Turning Left,Failed to Yield Right of Way,Unknown,,,,,,,Yes,,Yes,,,,,,,Yes,,,,22,Humbermede,22,Humbermede (22),D31,616035.4516,4844953.2085
5558,6107737,1153216,1/25/2010 10:00:00 AM,1845,GRACEDALE BLVD,FINCH AVE W,,Major Arterial,Etobicoke York,43.748545,-79.55879,At Intersection,No Control,Clear,Dusk,Wet,Non-Fatal Injury,Pedestrian Collisions,Pedestrian,50 to 54,Major,,East,Other,,,,Vehicle turns left while ped crosses with ROW at inter.,Crossing with right of way,Normal,,,,Yes,,Yes,,,,,,,Yes,,,,22,Humbermede,22,Humbermede (22),D31,616035.4516,4844953.2085
5559,6113572,1155951,1/27/2010 10:00:00 AM,1030,DVP S EASTERN AV W RAMP S,EASTERN DIVERSION AVE E,,Pending,Toronto and East York,43.656745,-79.35349,,No Control,Snow,Daylight,Packed Snow,Non-Fatal Injury,SMV Other,Driver,40 to 44,Major,,South,"Automobile, Station Wagon",Going Ahead,Lost control,Normal,,,,,,,,,Yes,,,,,,,,,,,73,Moss Park,73,Moss Park (73),D51,632767.3122,4835065.5822
5560,6114750,1156513,1/28/2010 10:00:00 AM,1541,SECORD AVE,EASTDALE AVE,,Collector,Toronto and East York,43.693145,-79.30009,,No Control,Clear,Daylight,Dry,Non-Fatal Injury,Pedestrian Collisions,Driver,20 to 24,None,,West,"Automobile, Station Wagon",Going Ahead,Driving Properly,Normal,,,,,,,Yes,,Yes,,,,,,,,,,,61,Taylor-Massey,61,Taylor-Massey (61),D55,636990.4501,4839195.1367
5561,6114751,1156513,1/28/2010 10:00:00 AM,1541,SECORD AVE,EASTDALE AVE,,Collector,Toronto and East York,43.693145,-79.30009,,No Control,Clear,Daylight,Dry,Non-Fatal Injury,Pedestrian Collisions,Pedestrian,50 to 54,Major,,North,Other,,,,Vehicle is going straight thru inter.while ped cross without ROW,"Crossing, no Traffic Control",Inattentive,,,,Yes,,Yes,,,,,,,,,,,61,Taylor-Massey,61,Taylor-Massey (61),D55,636990.4501,4839195.1367
5562,6102171,1150609,1/29/2010 10:00:00 AM,1635,OLD KINGSTON RD,MANSE RD,,Collector,Scarborough,43.776645,-79.18059,,No Control,Clear,Dusk,Dry,Non-Fatal Injury,Rear End,Driver,60 to 64,None,,South,"Automobile, Station Wagon",Slowing or Stopping,Driving Properly,Normal,,,,,,,,,Yes,,,,,,,,,,,136,West Hill,136,West Hill (136),D43,646417.0521,4848673.4545
5563,6102172,1150609,1/29/2010 10:00:00 AM,1635,OLD KINGSTON RD,MANSE RD,,Collector,Scarborough,43.776645,-79.18059,,No Control,Clear,Dusk,Dry,Non-Fatal Injury,Rear End,Driver,80 to 84,Major,,South,"Automobile, Station Wagon",Going Ahead,Lost control,Normal,,,,,,,,,Yes,,,,,,,,,,,136,West Hill,136,West Hill (136),D43,646417.0521,4848673.4545
5564,6102173,1150610,1/29/2010 10:00:00 AM,1636,OLD KINGSTON RD,MANSE RD,,Collector,Scarborough,43.776545,-79.18069,,No Control,Clear,Dusk,Dry,Non-Fatal Injury,Rear End,Driver,80 to 84,Major,,South,"Automobile, Station Wagon",Other,Lost control,Normal,,,,,,,,,Yes,,,,,,,,,,,136,West Hill,136,West Hill (136),D43,646409.2486,4848662.1711
5565,6102174,1150610,1/29/2010 10:00:00 AM,1636,OLD KINGSTON RD,MANSE RD,,Collector,Scarborough,43.776545,-79.18069,,No Control,Clear,Dusk,Dry,Non-Fatal Injury,Rear End,Driver,45 to 49,None,,South,"Automobile, Station Wagon",Stopped,Driving Properly,Normal,,,,,,,,,Yes,,,,,,,,,,,136,West Hill,136,West Hill (136),D43,646409.2486,4848662.1711
5566,6102581,1150809,1/30/2010 10:00:00 AM,1629,EUCLID AVE,BLOOR ST W,,Major Arterial,Toronto and East York,43.664345,-79.41489,At Intersection,Stop Sign,Clear,Daylight,Dry,Non-Fatal Injury,Pedestrian Collisions,Driver,unknown,None,,North,"Automobile, Station Wagon",Turning Right,Driving Properly,Unknown,,,,,,,Yes,,Yes,,,,,,,,,,,95,Annex,95,Annex (95),D14,627800.1097,4835813.2479
5567,6102582,1150809,1/30/2010 10:00:00 AM,1629,EUCLID AVE,BLOOR ST W,,Major Arterial,Toronto and East York,43.664345,-79.41489,At Intersection,Stop Sign,Clear,Daylight,Dry,Non-Fatal Injury,Pedestrian Collisions,Pedestrian,65 to 69,Major,,Unknown,Other,,,,Vehicle turns right while ped crosses without ROW at inter.,Running onto Roadway,Normal,,,,Yes,,Yes,,,,,,,,,,,95,Annex,95,Annex (95),D14,627800.1097,4835813.2479
5568,6115501,1156841,1/31/2010 10:00:00 AM,1620,25 THE WEST MALL,,,Minor Arterial,Etobicoke York,43.610745,-79.56149,,No Control,Clear,Daylight,Dry,Non-Fatal Injury,Pedestrian Collisions,Driver,70 to 74,None,,East,"Automobile, Station Wagon",Going Ahead,Driving Properly,Normal,,,,,,,Yes,,Yes,,,,,,,,,,,159,Etobicoke City Centre,14,Islington-City Centre West (14),D22,616083.4922,4829644.9213
5569,6115502,1156841,1/31/2010 10:00:00 AM,1620,25 THE WEST MALL,,,Minor Arterial,Etobicoke York,43.610745,-79.56149,,No Control,Clear,Daylight,Dry,Non-Fatal Injury,Pedestrian Collisions,Pedestrian,35 to 39,Major,,South,Other,,,,Pedestrian hit at mid-block,"Crossing, no Traffic Control",Normal,,,,Yes,,Yes,,,,,,,,,,,159,Etobicoke City Centre,14,Islington-City Centre West (14),D22,616083.4922,4829644.9213
5570,6179781,1184757,2/3/2010 10:00:00 AM,800,LAKE SHORE BLVD W,LOUISA ST,,Major Arterial,Etobicoke York,43.618945,-79.48649,At Intersection,Stop Sign,Clear,Daylight,Dry,Non-Fatal Injury,Pedestrian Collisions,Driver,unknown,None,,West,"Automobile, Station Wagon",Going Ahead,Failed to Yield Right of Way,Unknown,,,,,,,Yes,,Yes,,,,,,,Yes,,,,160,Mimico-Queensway,17,Mimico (includes Humber Bay Shores) (17),D22,622119.2243,4830663.1987