OBJECTID,INDEX,ACCNUM,DATE,TIME,STREET1,STREET2,OFFSET,ROAD_CLASS,DISTRICT,LATITUDE,LONGITUDE,ACCLOC,TRAFFCTL,VISIBILITY,LIGHT,RDSFCOND,ACCLASS,IMPACTYPE,INVTYPE,INVAGE,INJURY,FATAL_NO,INITDIR,VEHTYPE,MANOEUVER,DRIVACT,DRIVCOND,PEDTYPE,PEDACT,PEDCOND,CYCLISTYPE,CYCACT,CYCCOND,PEDESTRIAN,CYCLIST,AUTOMOBILE,MOTORCYCLE,TRUCK,TRSN_CITY_VEH,EMERG_VEH,PASSENGER,SPEEDING,AG_DRIV,REDLIGHT,ALCOHOL,DISABILITY,HOOD_158,NEIGHBOURHOOD_158,HOOD_140,NEIGHBOURHOOD_140,DIVISION,x,y
5571,6179782,1184757,2/3/2010 10:00:00 AM,800,LAKE SHORE BLVD W,LOUISA ST,,Major Arterial,Etobicoke York,43.618945,-79.48649,At Intersection,Stop Sign,Clear,Daylight,Dry,Non-Fatal Injury,Pedestrian Collisions,Pedestrian,50 to 54,Major,,Unknown,Other,,,,Vehicle is going straight thru inter.while ped cross without ROW,"Crossing, no Traffic Control",Medical or Physical Disability,,,,Yes,,Yes,,,,,,,Yes,,,,160,Mimico-Queensway,17,Mimico (includes Humber Bay Shores) (17),D22,622119.2243,4830663.1987
5572,6117109,1157556,2/3/2010 10:00:00 AM,1915,BATHURST Stre,VAUGHAN Road,,Major Arterial,Toronto and East York,43.681045,-79.41749,,No Control,Other,Dark,Other,Non-Fatal Injury,Pedestrian Collisions,Driver,55 to 59,None,,Unknown,Other,Unknown,Other,Unknown,,,,,,,Yes,,,,,,,,,,,,,94,Wychwood,94,Wychwood (94),D13,627555.0974,4837664.0052
5573,6117110,1157556,2/3/2010 10:00:00 AM,1915,BATHURST Stre,VAUGHAN Road,,Major Arterial,Toronto and East York,43.681045,-79.41749,,No Control,Other,Dark,Other,Non-Fatal Injury,Pedestrian Collisions,Pedestrian,unknown,Major,,Unknown,Other,Unknown,,,Unknown,Other,Unknown,,,,Yes,,,,,,,,,,,,,94,Wychwood,94,Wychwood (94),D13,627555.0974,4837664.0052
5574,6109014,1153821,2/4/2010 10:00:00 AM,1546,SHEPPARD AVE W,LAURA RD,,Major Arterial,Etobicoke York,43.739045,-79.51449,At Intersection,No Control,Clear,Daylight,Dry,Non-Fatal Injury,Pedestrian Collisions,Pedestrian,70 to 74,Major,,South,Other,,,,Pedestrian hit at mid-block,"Crossing, no Traffic Control",Normal,,,,Yes,,Yes,,,,,,,Yes,,,,154,Oakdale-Beverley Heights,26,Downsview-Roding-CFB (26),D31,619621.1018,4843961.102
5575,6109015,1153821,2/4/2010 10:00:00 AM,1546,SHEPPARD AVE W,LAURA RD,,Major Arterial,Etobicoke York,43.739045,-79.51449,At Intersection,No Control,Clear,Daylight,Dry,Non-Fatal Injury,Pedestrian Collisions,Driver,65 to 69,None,,West,"Automobile, Station Wagon",Going Ahead,Failed to Yield Right of Way,Normal,,,,,,,Yes,,Yes,,,,,,,Yes,,,,154,Oakdale-Beverley Heights,26,Downsview-Roding-CFB (26),D31,619621.1018,4843961.102
5576,6116475,1157271,2/4/2010 10:00:00 AM,1848,O CONNOR Driv,BEECHWOOD Cres,,Minor Arterial,Toronto and East York,43.692345,-79.35449,,No Control,Clear,Dark,Dry,Non-Fatal Injury,Cyclist Collisions,Other,unknown,None,,,Other,Parked,,,,,,,,,,Yes,,,,,,,,,,,,57,Broadview North,57,Broadview North (57),D55,632608.2386,4839017.8475
5577,6116476,1157271,2/4/2010 10:00:00 AM,1848,O CONNOR Driv,BEECHWOOD Cres,,Minor Arterial,Toronto and East York,43.692345,-79.35449,,No Control,Clear,Dark,Dry,Non-Fatal Injury,Cyclist Collisions,Cyclist,50 to 54,Major,,West,Bicycle,Going Ahead,,,,,,Cyclist strikes a parked vehicle.,Lost control,Normal,,Yes,,,,,,,,,,,,57,Broadview North,57,Broadview North (57),D55,632608.2386,4839017.8475
5578,6117028,1157528,2/6/2010 10:00:00 AM,2020,HILLBORN AVE,SYMES RD,,Local,Etobicoke York,43.674545,-79.48089,,No Control,Clear,Dark,Dry,Non-Fatal Injury,SMV Unattended Vehicle,Passenger,20 to 24,Major,,,Other,,,,,,,,,,,,Yes,,,,,Yes,Yes,Yes,,,,111,Rockcliffe-Smythe,111,Rockcliffe-Smythe (111),D12,622458.0408,4836846.5413
5579,6117029,1157528,2/6/2010 10:00:00 AM,2020,HILLBORN AVE,SYMES RD,,Local,Etobicoke York,43.674545,-79.48089,,No Control,Clear,Dark,Dry,Non-Fatal Injury,SMV Unattended Vehicle,Vehicle Owner,unknown,,,,Other,,,,,,,,,,,,Yes,,,,,Yes,Yes,Yes,,,,111,Rockcliffe-Smythe,111,Rockcliffe-Smythe (111),D12,622458.0408,4836846.5413
5580,6117030,1157528,2/6/2010 10:00:00 AM,2020,HILLBORN AVE,SYMES RD,,Local,Etobicoke York,43.674545,-79.48089,,No Control,Clear,Dark,Dry,Non-Fatal Injury,SMV Unattended Vehicle,Driver,35 to 39,None,,East,"Automobile, Station Wagon",Going Ahead,Lost control,Normal,,,,,,,,,Yes,,,,,Yes,Yes,Yes,,,,111,Rockcliffe-Smythe,111,Rockcliffe-Smythe (111),D12,622458.0408,4836846.5413
5581,6117031,1157528,2/6/2010 10:00:00 AM,2020,HILLBORN AVE,SYMES RD,,Local,Etobicoke York,43.674545,-79.48089,,No Control,Clear,Dark,Dry,Non-Fatal Injury,SMV Unattended Vehicle,Other,unknown,None,,North,Other,Parked,,,,,,,,,,,Yes,,,,,Yes,Yes,Yes,,,,111,Rockcliffe-Smythe,111,Rockcliffe-Smythe (111),D12,622458.0408,4836846.5413
5582,6118020,1157957,2/8/2010 10:00:00 AM,1942,QUEEN Stre W,BATHURST Stre,,Major Arterial,Toronto and East York,43.647145,-79.40399,At Intersection,Traffic Signal,Clear,Dark,Dry,Non-Fatal Injury,Pedestrian Collisions,Driver,45 to 49,None,,North,"Automobile, Station Wagon",Going Ahead,Driving Properly,Normal,,,,,,,Yes,,Yes,,,,,,,,,,,164,Wellington Place,77,Waterfront Communities-The Island (77),D14,628715.6785,4833919.8102
5583,6118021,1157957,2/8/2010 10:00:00 AM,1942,QUEEN Stre W,BATHURST Stre,,Major Arterial,Toronto and East York,43.647145,-79.40399,At Intersection,Traffic Signal,Clear,Dark,Dry,Non-Fatal Injury,Pedestrian Collisions,Pedestrian,25 to 29,Major,,East,Other,,,,Vehicle is going straight thru inter.while ped cross without ROW,Crossing without right of way,Inattentive,,,,Yes,,Yes,,,,,,,,,,,164,Wellington Place,77,Waterfront Communities-The Island (77),D14,628715.6785,4833919.8102
5584,6111549,1155029,2/10/2010 10:00:00 AM,1522,DAVENPORT RD,PERTH AVE,,Minor Arterial,Toronto and East York,43.670545,-79.45449,,No Control,Clear,Daylight,Dry,Non-Fatal Injury,Sideswipe,Passenger,90 to 94,Major,,,Other,,,,,,,,,,,,Yes,,,,,Yes,,Yes,,,,91,Weston-Pelham Park,91,Weston-Pellam Park (91),D11,624594.486,4836441.6009
5585,6111550,1155029,2/10/2010 10:00:00 AM,1522,DAVENPORT RD,PERTH AVE,,Minor Arterial,Toronto and East York,43.670545,-79.45449,,No Control,Clear,Daylight,Dry,Non-Fatal Injury,Sideswipe,Vehicle Owner,unknown,,,,Other,,,,,,,,,,,,Yes,,,,,Yes,,Yes,,,,91,Weston-Pelham Park,91,Weston-Pellam Park (91),D11,624594.486,4836441.6009
5586,6111551,1155029,2/10/2010 10:00:00 AM,1522,DAVENPORT RD,PERTH AVE,,Minor Arterial,Toronto and East York,43.670545,-79.45449,,No Control,Clear,Daylight,Dry,Non-Fatal Injury,Sideswipe,Driver,55 to 59,None,,West,"Automobile, Station Wagon",Pulling Away from Shoulder or Curb,Failed to Yield Right of Way,Inattentive,,,,,,,,,Yes,,,,,Yes,,Yes,,,,91,Weston-Pelham Park,91,Weston-Pellam Park (91),D11,624594.486,4836441.6009
5587,6111552,1155029,2/10/2010 10:00:00 AM,1522,DAVENPORT RD,PERTH AVE,,Minor Arterial,Toronto and East York,43.670545,-79.45449,,No Control,Clear,Daylight,Dry,Non-Fatal Injury,Sideswipe,Driver,75 to 79,None,,West,Other,Going Ahead,Driving Properly,Normal,,,,,,,,,Yes,,,,,Yes,,Yes,,,,91,Weston-Pelham Park,91,Weston-Pellam Park (91),D11,624594.486,4836441.6009
5588,6118776,1158263,2/11/2010 10:00:00 AM,1305,BLOOR Stre W,GRACE Stre,,Major Arterial,Toronto and East York,43.663445,-79.41889,At Intersection,Traffic Signal,Clear,Daylight,Dry,Non-Fatal Injury,Pedestrian Collisions,Vehicle Owner,unknown,,,,Other,,,,,,,,,,Yes,,Yes,,,,,,,Yes,,,,80,Palmerston-Little Italy,80,Palmerston-Little Italy (80),D14,627479.5099,4835707.137
5589,6118777,1158263,2/11/2010 10:00:00 AM,1305,BLOOR Stre W,GRACE Stre,,Major Arterial,Toronto and East York,43.663445,-79.41889,At Intersection,Traffic Signal,Clear,Daylight,Dry,Non-Fatal Injury,Pedestrian Collisions,Driver,40 to 44,None,,South,"Automobile, Station Wagon",Turning Left,Failed to Yield Right of Way,Normal,,,,,,,Yes,,Yes,,,,,,,Yes,,,,80,Palmerston-Little Italy,80,Palmerston-Little Italy (80),D14,627479.5099,4835707.137
5590,6118778,1158263,2/11/2010 10:00:00 AM,1305,BLOOR Stre W,GRACE Stre,,Major Arterial,Toronto and East York,43.663445,-79.41889,At Intersection,Traffic Signal,Clear,Daylight,Dry,Non-Fatal Injury,Pedestrian Collisions,Pedestrian,65 to 69,Major,,South,Other,,,,Vehicle turns left while ped crosses with ROW at inter.,Crossing with right of way,Normal,,,,Yes,,Yes,,,,,,,Yes,,,,80,Palmerston-Little Italy,80,Palmerston-Little Italy (80),D14,627479.5099,4835707.137
5591,6106781,1152788,2/12/2010 10:00:00 AM,2303,ADDINGTON AVE,SHEPPARD AVE W,,Major Arterial,North York,43.758445,-79.42459,At Intersection,No Control,Clear,Dark,Dry,Non-Fatal Injury,Pedestrian Collisions,Vehicle Owner,unknown,,,,Other,,,,,,,,,,Yes,,Yes,,,,,,,Yes,,,,38,Lansing-Westgate,38,Lansing-Westgate (38),D32,626819.4088,4846249.4835
5592,6106782,1152788,2/12/2010 10:00:00 AM,2303,ADDINGTON AVE,SHEPPARD AVE W,,Major Arterial,North York,43.758445,-79.42459,At Intersection,No Control,Clear,Dark,Dry,Non-Fatal Injury,Pedestrian Collisions,Driver,70 to 74,None,,East,"Automobile, Station Wagon",Turning Left,Failed to Yield Right of Way,Unknown,,,,,,,Yes,,Yes,,,,,,,Yes,,,,38,Lansing-Westgate,38,Lansing-Westgate (38),D32,626819.4088,4846249.4835
5593,6106783,1152788,2/12/2010 10:00:00 AM,2303,ADDINGTON AVE,SHEPPARD AVE W,,Major Arterial,North York,43.758445,-79.42459,At Intersection,No Control,Clear,Dark,Dry,Non-Fatal Injury,Pedestrian Collisions,Pedestrian,55 to 59,Major,,West,Other,,,,Vehicle turns left while ped crosses with ROW at inter.,Crossing with right of way,Had Been Drinking,,,,Yes,,Yes,,,,,,,Yes,,,,38,Lansing-Westgate,38,Lansing-Westgate (38),D32,626819.4088,4846249.4835
5594,6107080,1152926,2/13/2010 10:00:00 AM,144,BLOOR ST W,LAUREL AVE,,Major Arterial,Etobicoke York,43.638145,-79.55149,,Stop Sign,Clear,Dark,Dry,Non-Fatal Injury,Angle,Vehicle Owner,unknown,,,,Other,,,,,,,,,,,,Yes,Yes,,,,,,Yes,,,,158,Islington,14,Islington-City Centre West (14),D22,616837.3791,4832702.0523
5595,6107081,1152926,2/13/2010 10:00:00 AM,144,BLOOR ST W,LAUREL AVE,,Major Arterial,Etobicoke York,43.638145,-79.55149,,Stop Sign,Clear,Dark,Dry,Non-Fatal Injury,Angle,Driver,40 to 44,None,,West,Taxi,Going Ahead,Driving Properly,Normal,,,,,,,,,Yes,Yes,,,,,,Yes,,,,158,Islington,14,Islington-City Centre West (14),D22,616837.3791,4832702.0523
5596,6107082,1152926,2/13/2010 10:00:00 AM,144,BLOOR ST W,LAUREL AVE,,Major Arterial,Etobicoke York,43.638145,-79.55149,,Stop Sign,Clear,Dark,Dry,Non-Fatal Injury,Angle,Motorcycle Driver,15 to 19,Major,,South,Motorcycle,Going Ahead,Disobeyed Traffic Control,Had Been Drinking,,,,,,,,,Yes,Yes,,,,,,Yes,,,,158,Islington,14,Islington-City Centre West (14),D22,616837.3791,4832702.0523
5597,6107400,1153073,2/15/2010 10:00:00 AM,9,LAWRENCE AVE E,PHARMACY AVE,,Major Arterial,Scarborough,43.743245,-79.30459,,Traffic Signal,Clear,Dark,Dry,Fatal,Turning Movement,Vehicle Owner,unknown,,,,Other,,,,,,,,,,,,Yes,,,,,Yes,,,,,,119,Wexford/Maryvale,119,Wexford/Maryvale (119),D41,636513.9791,4844752.045
5598,6107401,1153073,2/15/2010 10:00:00 AM,9,LAWRENCE AVE E,PHARMACY AVE,,Major Arterial,Scarborough,43.743245,-79.30459,,Traffic Signal,Clear,Dark,Dry,Fatal,Turning Movement,Driver,40 to 44,Major,,West,"Automobile, Station Wagon",Going Ahead,Other,Unknown,,,,,,,,,Yes,,,,,Yes,,,,,,119,Wexford/Maryvale,119,Wexford/Maryvale (119),D41,636513.9791,4844752.045
5599,6107402,1153073,2/15/2010 10:00:00 AM,9,LAWRENCE AVE E,PHARMACY AVE,,Major Arterial,Scarborough,43.743245,-79.30459,,Traffic Signal,Clear,Dark,Dry,Fatal,Turning Movement,Passenger,15 to 19,Major,,,Other,,,,,,,,,,,,Yes,,,,,Yes,,,,,,119,Wexford/Maryvale,119,Wexford/Maryvale (119),D41,636513.9791,4844752.045
5600,6107403,1153073,2/15/2010 10:00:00 AM,9,LAWRENCE AVE E,PHARMACY AVE,,Major Arterial,Scarborough,43.743245,-79.30459,,Traffic Signal,Clear,Dark,Dry,Fatal,Turning Movement,Passenger,45 to 49,Major,,,Other,,,,,,,,,,,,Yes,,,,,Yes,,,,,,119,Wexford/Maryvale,119,Wexford/Maryvale (119),D41,636513.9791,4844752.045
5601,6107404,1153073,2/15/2010 10:00:00 AM,9,LAWRENCE AVE E,PHARMACY AVE,,Major Arterial,Scarborough,43.743245,-79.30459,,Traffic Signal,Clear,Dark,Dry,Fatal,Turning Movement,Passenger,15 to 19,Minor,,,Other,,,,,,,,,,,,Yes,,,,,Yes,,,,,,119,Wexford/Maryvale,119,Wexford/Maryvale (119),D41,636513.9791,4844752.045
5602,6107405,1153073,2/15/2010 10:00:00 AM,9,LAWRENCE AVE E,PHARMACY AVE,,Major Arterial,Scarborough,43.743245,-79.30459,,Traffic Signal,Clear,Dark,Dry,Fatal,Turning Movement,Passenger,30 to 34,Major,,,Other,,,,,,,,,,,,Yes,,,,,Yes,,,,,,119,Wexford/Maryvale,119,Wexford/Maryvale (119),D41,636513.9791,4844752.045
5603,6107406,1153073,2/15/2010 10:00:00 AM,9,LAWRENCE AVE E,PHARMACY AVE,,Major Arterial,Scarborough,43.743245,-79.30459,,Traffic Signal,Clear,Dark,Dry,Fatal,Turning Movement,Passenger,35 to 39,Major,,,Other,,,,,,,,,,,,Yes,,,,,Yes,,,,,,119,Wexford/Maryvale,119,Wexford/Maryvale (119),D41,636513.9791,4844752.045
5604,6107407,1153073,2/15/2010 10:00:00 AM,9,LAWRENCE AVE E,PHARMACY AVE,,Major Arterial,Scarborough,43.743245,-79.30459,,Traffic Signal,Clear,Dark,Dry,Fatal,Turning Movement,Driver,25 to 29,Fatal,10,West,"Automobile, Station Wagon",Turning Left,Driving Properly,Normal,,,,,,,,,Yes,,,,,Yes,,,,,,119,Wexford/Maryvale,119,Wexford/Maryvale (119),D41,636513.9791,4844752.045
5605,6107997,1153339,2/17/2010 10:00:00 AM,833,BAYVIEW AVE,EGLINTON AVE E,,Major Arterial,North York,43.711045,-79.37719,At Intersection,Traffic Signal,Snow,Daylight,Wet,Non-Fatal Injury,Pedestrian Collisions,Driver,40 to 44,None,,East,"Automobile, Station Wagon",Going Ahead,Disobeyed Traffic Control,Inattentive,,,,,,,Yes,,Yes,,,,,,,Yes,Yes,,,99,Mount Pleasant East,99,Mount Pleasant East (99),D53,630738.2205,4841058.6928
5606,6107998,1153339,2/17/2010 10:00:00 AM,833,BAYVIEW AVE,EGLINTON AVE E,,Major Arterial,North York,43.711045,-79.37719,At Intersection,Traffic Signal,Snow,Daylight,Wet,Non-Fatal Injury,Pedestrian Collisions,Pedestrian,50 to 54,Major,,South,Other,,,,Vehicle is going straight thru inter.while ped cross with ROW,Crossing with right of way,Normal,,,,Yes,,Yes,,,,,,,Yes,Yes,,,99,Mount Pleasant East,99,Mount Pleasant East (99),D53,630738.2205,4841058.6928
5607,6107999,1153339,2/17/2010 10:00:00 AM,833,BAYVIEW AVE,EGLINTON AVE E,,Major Arterial,North York,43.711045,-79.37719,At Intersection,Traffic Signal,Snow,Daylight,Wet,Non-Fatal Injury,Pedestrian Collisions,Pedestrian,60 to 64,Major,,South,Other,,,,Vehicle is going straight thru inter.while ped cross with ROW,Crossing with right of way,Normal,,,,Yes,,Yes,,,,,,,Yes,Yes,,,99,Mount Pleasant East,99,Mount Pleasant East (99),D53,630738.2205,4841058.6928
5608,6914923,1153473,2/18/2010 10:00:00 AM,18,PHARMACY AVE,ST BEDES RD,,Minor Arterial,Scarborough,43.704645,-79.28869,At Intersection,No Control,Clear,Dark,Wet,Fatal,SMV Other,Vehicle Owner,unknown,,,,Other,,,,,,,,,,,,Yes,,,,,Yes,Yes,Yes,,,,120,Clairlea-Birchmount,120,Clairlea-Birchmount (120),D41,637882.7879,4840491.2731
5609,6914924,1153473,2/18/2010 10:00:00 AM,18,PHARMACY AVE,ST BEDES RD,,Minor Arterial,Scarborough,43.704645,-79.28869,At Intersection,No Control,Clear,Dark,Wet,Fatal,SMV Other,Passenger,15 to 19,Fatal,11,,Other,,,,,,,,,,,,Yes,,,,,Yes,Yes,Yes,,,,120,Clairlea-Birchmount,120,Clairlea-Birchmount (120),D41,637882.7879,4840491.2731
5610,6914925,1153473,2/18/2010 10:00:00 AM,18,PHARMACY AVE,ST BEDES RD,,Minor Arterial,Scarborough,43.704645,-79.28869,At Intersection,No Control,Clear,Dark,Wet,Fatal,SMV Other,Passenger,15 to 19,Major,,,Other,,,,,,,,,,,,Yes,,,,,Yes,Yes,Yes,,,,120,Clairlea-Birchmount,120,Clairlea-Birchmount (120),D41,637882.7879,4840491.2731
5611,6914926,1153473,2/18/2010 10:00:00 AM,18,PHARMACY AVE,ST BEDES RD,,Minor Arterial,Scarborough,43.704645,-79.28869,At Intersection,No Control,Clear,Dark,Wet,Fatal,SMV Other,Passenger,15 to 19,Major,,,Other,,,,,,,,,,,,Yes,,,,,Yes,Yes,Yes,,,,120,Clairlea-Birchmount,120,Clairlea-Birchmount (120),D41,637882.7879,4840491.2731
5612,6914927,1153473,2/18/2010 10:00:00 AM,18,PHARMACY AVE,ST BEDES RD,,Minor Arterial,Scarborough,43.704645,-79.28869,At Intersection,No Control,Clear,Dark,Wet,Fatal,SMV Other,Driver,15 to 19,None,,South,"Automobile, Station Wagon",Going Ahead,Exceeding Speed Limit,Unknown,,,,,,,,,Yes,,,,,Yes,Yes,Yes,,,,120,Clairlea-Birchmount,120,Clairlea-Birchmount (120),D41,637882.7879,4840491.2731
5613,6914928,1153473,2/18/2010 10:00:00 AM,18,PHARMACY AVE,ST BEDES RD,,Minor Arterial,Scarborough,43.704645,-79.28869,At Intersection,No Control,Clear,Dark,Wet,Fatal,SMV Other,Other Property Owner,unknown,,,,Other,,,,,,,,,,,,Yes,,,,,Yes,Yes,Yes,,,,120,Clairlea-Birchmount,120,Clairlea-Birchmount (120),D41,637882.7879,4840491.2731
5614,6108380,1153514,2/18/2010 10:00:00 AM,1108,JETHRO RD,MINNIE AVE,,Local,Etobicoke York,43.723545,-79.52129,,No Control,Clear,Daylight,Dry,Non-Fatal Injury,SMV Other,Driver,75 to 79,Major,,North,"Automobile, Station Wagon",Going Ahead,Lost control,Unknown,,,,,,,,,Yes,,,,,,,,,,,154,Oakdale-Beverley Heights,26,Downsview-Roding-CFB (26),D31,619104.2453,4842229.8112
5615,6108381,1153514,2/18/2010 10:00:00 AM,1108,JETHRO RD,MINNIE AVE,,Local,Etobicoke York,43.723545,-79.52129,,No Control,Clear,Daylight,Dry,Non-Fatal Injury,SMV Other,Other Property Owner,unknown,,,,Other,,,,,,,,,,,,Yes,,,,,,,,,,,154,Oakdale-Beverley Heights,26,Downsview-Roding-CFB (26),D31,619104.2453,4842229.8112
5616,6255103,1200768,2/19/2010 10:00:00 AM,910,BARTLETT AVE,DUPONT ST,,Local,Toronto and East York,43.669545,-79.43659,,Traffic Gate,Clear,Daylight,Dry,Non-Fatal Injury,Pedestrian Collisions,Pedestrian,75 to 79,Major,,North,Other,Other,,,Other / Undefined,Other,Unknown,,,,Yes,,Yes,,,,,,,,,,,171,Junction-Wallace Emerson,93,Dovercourt-Wallace Emerson-Junction (93),D13,626039.6382,4836357.5783
5617,6255104,1200768,2/19/2010 10:00:00 AM,910,BARTLETT AVE,DUPONT ST,,Local,Toronto and East York,43.669545,-79.43659,,Traffic Gate,Clear,Daylight,Dry,Non-Fatal Injury,Pedestrian Collisions,Other,50 to 54,Minor,,West,"Automobile, Station Wagon",Going Ahead,,,,,,,,,Yes,,Yes,,,,,,,,,,,171,Junction-Wallace Emerson,93,Dovercourt-Wallace Emerson-Junction (93),D13,626039.6382,4836357.5783
5618,6121367,1159418,2/20/2010 10:00:00 AM,1625,STEELES Aven E,BIRCHMOUNT Road,,Major Arterial,Scarborough,43.821345,-79.31689,At Intersection,Traffic Signal,Clear,Daylight,Dry,Non-Fatal Injury,Turning Movement,Driver,15 to 19,Minimal,,West,"Automobile, Station Wagon",Turning Left,Improper Turn,Inattentive,,,,,,,,,Yes,,,,,Yes,,,,,,116,Steeles,116,Steeles (116),D42,635347.2148,4853406.076
5619,6121368,1159418,2/20/2010 10:00:00 AM,1625,STEELES Aven E,BIRCHMOUNT Road,,Major Arterial,Scarborough,43.821345,-79.31689,At Intersection,Traffic Signal,Clear,Daylight,Dry,Non-Fatal Injury,Turning Movement,Passenger,15 to 19,Major,,,Other,,,,,,,,,,,,Yes,,,,,Yes,,,,,,116,Steeles,116,Steeles (116),D42,635347.2148,4853406.076
5620,6121369,1159418,2/20/2010 10:00:00 AM,1625,STEELES Aven E,BIRCHMOUNT Road,,Major Arterial,Scarborough,43.821345,-79.31689,At Intersection,Traffic Signal,Clear,Daylight,Dry,Non-Fatal Injury,Turning Movement,Vehicle Owner,unknown,,,,Other,,,,,,,,,,,,Yes,,,,,Yes,,,,,,116,Steeles,116,Steeles (116),D42,635347.2148,4853406.076
5621,6121370,1159418,2/20/2010 10:00:00 AM,1625,STEELES Aven E,BIRCHMOUNT Road,,Major Arterial,Scarborough,43.821345,-79.31689,At Intersection,Traffic Signal,Clear,Daylight,Dry,Non-Fatal Injury,Turning Movement,Driver,55 to 59,Minor,,East,"Automobile, Station Wagon",Going Ahead,Driving Properly,Normal,,,,,,,,,Yes,,,,,Yes,,,,,,116,Steeles,116,Steeles (116),D42,635347.2148,4853406.076
5622,6123461,1160348,2/24/2010 10:00:00 AM,1605,LAKE SHORE Boul W,JAMESON Aven,,Major Arterial,Toronto and East York,43.632045,-79.43439,,No Control,Clear,Daylight,Dry,Non-Fatal Injury,Turning Movement,Driver,50 to 54,Minimal,,East,"Automobile, Station Wagon",Going Ahead,Driving Properly,Normal,,,,,,,,,Yes,,,,,Yes,,,,,,85,South Parkdale,85,South Parkdale (85),D14,626295.5752,4832196.0613
5623,6123462,1160348,2/24/2010 10:00:00 AM,1605,LAKE SHORE Boul W,JAMESON Aven,,Major Arterial,Toronto and East York,43.632045,-79.43439,,No Control,Clear,Daylight,Dry,Non-Fatal Injury,Turning Movement,Passenger,35 to 39,Major,,,Other,,,,,,,,,,,,Yes,,,,,Yes,,,,,,85,South Parkdale,85,South Parkdale (85),D14,626295.5752,4832196.0613
5624,6123463,1160348,2/24/2010 10:00:00 AM,1605,LAKE SHORE Boul W,JAMESON Aven,,Major Arterial,Toronto and East York,43.632045,-79.43439,,No Control,Clear,Daylight,Dry,Non-Fatal Injury,Turning Movement,Driver,30 to 34,Minor,,East,"Automobile, Station Wagon",Making U Turn,Improper Lane Change,Inattentive,,,,,,,,,Yes,,,,,Yes,,,,,,85,South Parkdale,85,South Parkdale (85),D14,626295.5752,4832196.0613
5625,6123464,1160348,2/24/2010 10:00:00 AM,1605,LAKE SHORE Boul W,JAMESON Aven,,Major Arterial,Toronto and East York,43.632045,-79.43439,,No Control,Clear,Daylight,Dry,Non-Fatal Injury,Turning Movement,Driver,35 to 39,None,,East,"Automobile, Station Wagon",Going Ahead,Driving Properly,Normal,,,,,,,,,Yes,,,,,Yes,,,,,,85,South Parkdale,85,South Parkdale (85),D14,626295.5752,4832196.0613
5626,6124439,1160789,2/27/2010 10:00:00 AM,515,FINCH Aven W,EDITHVALE Driv,,Major Arterial,North York,43.777245,-79.42709,At Intersection,Traffic Signal,Snow,Dark,Slush,Non-Fatal Injury,SMV Other,Driver,30 to 34,Major,,East,"Automobile, Station Wagon",Going Ahead,Speed too Fast For Condition,"Ability Impaired, Alcohol Over .08",,,,,,,,,Yes,,,,,,Yes,Yes,,Yes,,36,Newtonbrook West,36,Newtonbrook West (36),D32,626578.4974,4848333.6826
5627,6124440,1160789,2/27/2010 10:00:00 AM,515,FINCH Aven W,EDITHVALE Driv,,Major Arterial,North York,43.777245,-79.42709,At Intersection,Traffic Signal,Snow,Dark,Slush,Non-Fatal Injury,SMV Other,Other Property Owner,unknown,,,,Other,,,,,,,,,,,,Yes,,,,,,Yes,Yes,,Yes,,36,Newtonbrook West,36,Newtonbrook West (36),D32,626578.4974,4848333.6826
5628,6111001,1154795,2/27/2010 10:00:00 AM,2320,THE QUEENSWAY,HIGH ST,,Major Arterial,Etobicoke York,43.630845,-79.48209,,Traffic Signal,Clear,Dark,Dry,Non-Fatal Injury,Pedestrian Collisions,Pedestrian,50 to 54,Major,,South,Other,,,,Vehicle is going straight thru inter.while ped cross without ROW,Crossing without right of way,Inattentive,,,,Yes,,Yes,,,,,,,,,,,16,Stonegate-Queensway,16,Stonegate-Queensway (16),D22,622450.0837,4831991.3217
5629,6111002,1154795,2/27/2010 10:00:00 AM,2320,THE QUEENSWAY,HIGH ST,,Major Arterial,Etobicoke York,43.630845,-79.48209,,Traffic Signal,Clear,Dark,Dry,Non-Fatal Injury,Pedestrian Collisions,Pedestrian,50 to 54,Major,,South,Other,,,,Vehicle is going straight thru inter.while ped cross without ROW,Crossing without right of way,Inattentive,,,,Yes,,Yes,,,,,,,,,,,16,Stonegate-Queensway,16,Stonegate-Queensway (16),D22,622450.0837,4831991.3217
5630,6111003,1154795,2/27/2010 10:00:00 AM,2320,THE QUEENSWAY,HIGH ST,,Major Arterial,Etobicoke York,43.630845,-79.48209,,Traffic Signal,Clear,Dark,Dry,Non-Fatal Injury,Pedestrian Collisions,Driver,20 to 24,None,,East,"Automobile, Station Wagon",Going Ahead,Driving Properly,Normal,,,,,,,Yes,,Yes,,,,,,,,,,,16,Stonegate-Queensway,16,Stonegate-Queensway (16),D22,622450.0837,4831991.3217
5631,6111456,1154990,2/28/2010 10:00:00 AM,2300,VILLIERS ST,MUNITION ST,,Local,Toronto and East York,43.648545,-79.34989,,No Control,Clear,Dark,Dry,Fatal,SMV Unattended Vehicle,Other,unknown,None,,East,Other,Parked,,,,,,,,,,,Yes,,,,,,Yes,Yes,,,,70,South Riverdale,70,South Riverdale (70),D51,633075.7138,4834160.6304
5632,6111457,1154990,2/28/2010 10:00:00 AM,2300,VILLIERS ST,MUNITION ST,,Local,Toronto and East York,43.648545,-79.34989,,No Control,Clear,Dark,Dry,Fatal,SMV Unattended Vehicle,Driver,50 to 54,Fatal,12,East,"Automobile, Station Wagon",Going Ahead,Exceeding Speed Limit,Other,,,,,,,,,Yes,,,,,,Yes,Yes,,,,70,South Riverdale,70,South Riverdale (70),D51,633075.7138,4834160.6304