OBJECTID,INDEX,ACCNUM,DATE,TIME,STREET1,STREET2,OFFSET,ROAD_CLASS,DISTRICT,LATITUDE,LONGITUDE,ACCLOC,TRAFFCTL,VISIBILITY,LIGHT,RDSFCOND,ACCLASS,IMPACTYPE,INVTYPE,INVAGE,INJURY,FATAL_NO,INITDIR,VEHTYPE,MANOEUVER,DRIVACT,DRIVCOND,PEDTYPE,PEDACT,PEDCOND,CYCLISTYPE,CYCACT,CYCCOND,PEDESTRIAN,CYCLIST,AUTOMOBILE,MOTORCYCLE,TRUCK,TRSN_CITY_VEH,EMERG_VEH,PASSENGER,SPEEDING,AG_DRIV,REDLIGHT,ALCOHOL,DISABILITY,HOOD_158,NEIGHBOURHOOD_158,HOOD_140,NEIGHBOURHOOD_140,DIVISION,x,y
5633,6125129,1161062,3/1/2010 10:00:00 AM,746,WOODBINE Aven,KINGSTON Road,,Major Arterial,Toronto and East York,43.673945,-79.30789,At Intersection,Traffic Signal,Clear,Daylight,Dry,Non-Fatal Injury,Angle,Passenger,40 to 44,Minimal,,,Other,,,,,,,,,,,,Yes,,Yes,,,Yes,,Yes,Yes,,,63,The Beaches,63,The Beaches (63),D55,636405.3742,4837049.8525
5634,6125130,1161062,3/1/2010 10:00:00 AM,746,WOODBINE Aven,KINGSTON Road,,Major Arterial,Toronto and East York,43.673945,-79.30789,At Intersection,Traffic Signal,Clear,Daylight,Dry,Non-Fatal Injury,Angle,Vehicle Owner,unknown,,,,Other,,,,,,,,,,,,Yes,,Yes,,,Yes,,Yes,Yes,,,63,The Beaches,63,The Beaches (63),D55,636405.3742,4837049.8525
5635,6125131,1161062,3/1/2010 10:00:00 AM,746,WOODBINE Aven,KINGSTON Road,,Major Arterial,Toronto and East York,43.673945,-79.30789,At Intersection,Traffic Signal,Clear,Daylight,Dry,Non-Fatal Injury,Angle,Truck Driver,35 to 39,Major,,East,Truck - Open,Going Ahead,Driving Properly,Normal,,,,,,,,,Yes,,Yes,,,Yes,,Yes,Yes,,,63,The Beaches,63,The Beaches (63),D55,636405.3742,4837049.8525
5636,6125132,1161062,3/1/2010 10:00:00 AM,746,WOODBINE Aven,KINGSTON Road,,Major Arterial,Toronto and East York,43.673945,-79.30789,At Intersection,Traffic Signal,Clear,Daylight,Dry,Non-Fatal Injury,Angle,Driver,55 to 59,Minor,,South,"Automobile, Station Wagon",Going Ahead,Disobeyed Traffic Control,Inattentive,,,,,,,,,Yes,,Yes,,,Yes,,Yes,Yes,,,63,The Beaches,63,The Beaches (63),D55,636405.3742,4837049.8525
5637,6125621,1161266,3/1/2010 10:00:00 AM,1700,KINGSTON RD,SHEPPARD AVE E,,Major Arterial,Scarborough,43.798911,-79.14622,At Intersection,Traffic Signal,Clear,Daylight,Dry,Non-Fatal Injury,Turning Movement,Vehicle Owner,unknown,,,,Other,,,,,,,,,,,,Yes,,,,,Yes,,Yes,,,,133,Centennial Scarborough,133,Centennial Scarborough (133),D42,649127.6277,4851207.8159
5638,6125622,1161266,3/1/2010 10:00:00 AM,1700,KINGSTON RD,SHEPPARD AVE E,,Major Arterial,Scarborough,43.798911,-79.14622,At Intersection,Traffic Signal,Clear,Daylight,Dry,Non-Fatal Injury,Turning Movement,Passenger,70 to 74,Major,,,Other,,,,,,,,,,,,Yes,,,,,Yes,,Yes,,,,133,Centennial Scarborough,133,Centennial Scarborough (133),D42,649127.6277,4851207.8159
5639,6125623,1161266,3/1/2010 10:00:00 AM,1700,KINGSTON RD,SHEPPARD AVE E,,Major Arterial,Scarborough,43.798911,-79.14622,At Intersection,Traffic Signal,Clear,Daylight,Dry,Non-Fatal Injury,Turning Movement,Driver,20 to 24,None,,East,"Automobile, Station Wagon",Turning Left,Failed to Yield Right of Way,Inattentive,,,,,,,,,Yes,,,,,Yes,,Yes,,,,133,Centennial Scarborough,133,Centennial Scarborough (133),D42,649127.6277,4851207.8159
5640,6125624,1161266,3/1/2010 10:00:00 AM,1700,KINGSTON RD,SHEPPARD AVE E,,Major Arterial,Scarborough,43.798911,-79.14622,At Intersection,Traffic Signal,Clear,Daylight,Dry,Non-Fatal Injury,Turning Movement,Vehicle Owner,unknown,,,,Other,,,,,,,,,,,,Yes,,,,,Yes,,Yes,,,,133,Centennial Scarborough,133,Centennial Scarborough (133),D42,649127.6277,4851207.8159
5641,6125625,1161266,3/1/2010 10:00:00 AM,1700,KINGSTON RD,SHEPPARD AVE E,,Major Arterial,Scarborough,43.798911,-79.14622,At Intersection,Traffic Signal,Clear,Daylight,Dry,Non-Fatal Injury,Turning Movement,Driver,55 to 59,Minimal,,West,"Automobile, Station Wagon",Going Ahead,Driving Properly,Normal,,,,,,,,,Yes,,,,,Yes,,Yes,,,,133,Centennial Scarborough,133,Centennial Scarborough (133),D42,649127.6277,4851207.8159
5642,6125626,1161266,3/1/2010 10:00:00 AM,1700,KINGSTON RD,SHEPPARD AVE E,,Major Arterial,Scarborough,43.798911,-79.14622,At Intersection,Traffic Signal,Clear,Daylight,Dry,Non-Fatal Injury,Turning Movement,Other Property Owner,unknown,,,,Other,,,,,,,,,,,,Yes,,,,,Yes,,Yes,,,,133,Centennial Scarborough,133,Centennial Scarborough (133),D42,649127.6277,4851207.8159
5643,6125627,1161266,3/1/2010 10:00:00 AM,1700,KINGSTON RD,SHEPPARD AVE E,,Major Arterial,Scarborough,43.798911,-79.14622,At Intersection,Traffic Signal,Clear,Daylight,Dry,Non-Fatal Injury,Turning Movement,Other Property Owner,unknown,,,,Other,,,,,,,,,,,,Yes,,,,,Yes,,Yes,,,,133,Centennial Scarborough,133,Centennial Scarborough (133),D42,649127.6277,4851207.8159
5644,6125097,1161050,3/1/2010 10:00:00 AM,2004,QUEEN Stre E,LOCKWOOD Road,,Minor Arterial,Toronto and East York,43.668045,-79.30869,,No Control,Clear,Dark,Dry,Non-Fatal Injury,Rear End,Driver,50 to 54,None,,West,"Automobile, Station Wagon",Going Ahead,Following too Close,"Ability Impaired, Alcohol Over .08",,,,,,,,,Yes,,,,,,,Yes,,Yes,,63,The Beaches,63,The Beaches (63),D55,636354.244,4836393.2615
5645,6125098,1161050,3/1/2010 10:00:00 AM,2004,QUEEN Stre E,LOCKWOOD Road,,Minor Arterial,Toronto and East York,43.668045,-79.30869,,No Control,Clear,Dark,Dry,Non-Fatal Injury,Rear End,Driver,25 to 29,None,,West,"Automobile, Station Wagon",Going Ahead,Driving Properly,Unknown,,,,,,,,,Yes,,,,,,,Yes,,Yes,,63,The Beaches,63,The Beaches (63),D55,636354.244,4836393.2615
5646,6125099,1161050,3/1/2010 10:00:00 AM,2004,QUEEN Stre E,LOCKWOOD Road,,Minor Arterial,Toronto and East York,43.668045,-79.30869,,No Control,Clear,Dark,Dry,Non-Fatal Injury,Rear End,Driver,55 to 59,Major,,West,"Automobile, Station Wagon",Stopped,Driving Properly,Normal,,,,,,,,,Yes,,,,,,,Yes,,Yes,,63,The Beaches,63,The Beaches (63),D55,636354.244,4836393.2615
5647,6112329,1155407,3/2/2010 10:00:00 AM,1605,HORNER AVE,EDILOU DR,,Minor Arterial,Etobicoke York,43.604745,-79.53139,,No Control,Clear,Daylight,Dry,Fatal,Pedestrian Collisions,Vehicle Owner,unknown,,,,Other,,,,,,,,,,Yes,,,,Yes,,,,,,,,,20,Alderwood,20,Alderwood (20),D22,618524.2764,4829021.063
5648,6112330,1155407,3/2/2010 10:00:00 AM,1605,HORNER AVE,EDILOU DR,,Minor Arterial,Etobicoke York,43.604745,-79.53139,,No Control,Clear,Daylight,Dry,Fatal,Pedestrian Collisions,Truck Driver,45 to 49,None,,West,Truck - Open,Going Ahead,Driving Properly,Normal,,,,,,,Yes,,,,Yes,,,,,,,,,20,Alderwood,20,Alderwood (20),D22,618524.2764,4829021.063
5649,6112331,1155407,3/2/2010 10:00:00 AM,1605,HORNER AVE,EDILOU DR,,Minor Arterial,Etobicoke York,43.604745,-79.53139,,No Control,Clear,Daylight,Dry,Fatal,Pedestrian Collisions,Pedestrian,55 to 59,Fatal,13,South,Other,,,,Pedestrian hit at mid-block,"Crossing, no Traffic Control",Unknown,,,,Yes,,,,Yes,,,,,,,,,20,Alderwood,20,Alderwood (20),D22,618524.2764,4829021.063
5650,6278854,1155869,3/4/2010 10:00:00 AM,1308,SHEPPARD Ave E,BROWNSPRING Rd,,Major Arterial,Scarborough,43.788845,-79.26249,At Intersection,No Control,Clear,Daylight,Dry,Non-Fatal Injury,Turning Movement,Motorcycle Driver,20 to 24,Major,,East,Motorcycle,Going Ahead,Driving Properly,Normal,,,,,,,,,Yes,Yes,,,,,,Yes,,,,128,Agincourt South-Malvern West,128,Agincourt South-Malvern West (128),D42,639797.6298,4849886.8704
5651,6278855,1155869,3/4/2010 10:00:00 AM,1308,SHEPPARD Ave E,BROWNSPRING Rd,,Major Arterial,Scarborough,43.788845,-79.26249,At Intersection,No Control,Clear,Daylight,Dry,Non-Fatal Injury,Turning Movement,Vehicle Owner,unknown,None,,,Other,Unknown,,,,,,,,,,,Yes,Yes,,,,,,Yes,,,,128,Agincourt South-Malvern West,128,Agincourt South-Malvern West (128),D42,639797.6298,4849886.8704
5652,6278856,1155869,3/4/2010 10:00:00 AM,1308,SHEPPARD Ave E,BROWNSPRING Rd,,Major Arterial,Scarborough,43.788845,-79.26249,At Intersection,No Control,Clear,Daylight,Dry,Non-Fatal Injury,Turning Movement,Driver,50 to 54,None,,West,"Automobile, Station Wagon",Turning Left,Improper Turn,Normal,,,,,,,,,Yes,Yes,,,,,,Yes,,,,128,Agincourt South-Malvern West,128,Agincourt South-Malvern West (128),D42,639797.6298,4849886.8704
5653,6126140,1161474,3/5/2010 10:00:00 AM,2210,DUFFERIN Stre,EGLINTON Aven W,,Major Arterial,North York,43.695645,-79.45029,,No Control,Clear,Dark,Dry,Non-Fatal Injury,Pedestrian Collisions,Driver,20 to 24,None,,South,"Automobile, Station Wagon",Going Ahead,Driving Properly,Normal,,,,,,,Yes,,Yes,,,,,,,,,,,109,Caledonia-Fairbank,109,Caledonia-Fairbank (109),D13,624880.9914,4839235.6123
5654,6126141,1161474,3/5/2010 10:00:00 AM,2210,DUFFERIN Stre,EGLINTON Aven W,,Major Arterial,North York,43.695645,-79.45029,,No Control,Clear,Dark,Dry,Non-Fatal Injury,Pedestrian Collisions,Pedestrian,45 to 49,Major,,East,Other,,,,Vehicle is going straight thru inter.while ped cross without ROW,Running onto Roadway,"Ability Impaired, Alcohol",,,,Yes,,Yes,,,,,,,,,,,109,Caledonia-Fairbank,109,Caledonia-Fairbank (109),D13,624880.9914,4839235.6123
5655,6126443,1161585,3/8/2010 10:00:00 AM,733,MILNER Aven,MCCOWAN Road,,Major Arterial,Scarborough,43.785345,-79.25649,At Intersection,Traffic Signal,Clear,Daylight,Dry,Non-Fatal Injury,Pedestrian Collisions,Driver,55 to 59,None,,South,"Automobile, Station Wagon",Turning Left,Failed to Yield Right of Way,Normal,,,,,,,Yes,,Yes,,,,,,,Yes,,,,128,Agincourt South-Malvern West,128,Agincourt South-Malvern West (128),D42,640288.5749,4849508.2911
5656,6126444,1161585,3/8/2010 10:00:00 AM,733,MILNER Aven,MCCOWAN Road,,Major Arterial,Scarborough,43.785345,-79.25649,At Intersection,Traffic Signal,Clear,Daylight,Dry,Non-Fatal Injury,Pedestrian Collisions,Pedestrian,55 to 59,Major,,North,Other,,,,Vehicle turns left while ped crosses with ROW at inter.,Crossing with right of way,Normal,,,,Yes,,Yes,,,,,,,Yes,,,,128,Agincourt South-Malvern West,128,Agincourt South-Malvern West (128),D42,640288.5749,4849508.2911
5657,6114623,1156458,3/8/2010 10:00:00 AM,1353,YONGE ST,MAITLAND ST,,Major Arterial,Toronto and East York,43.663845,-79.38419,,No Control,Clear,Daylight,Dry,Non-Fatal Injury,Pedestrian Collisions,Vehicle Owner,unknown,,,,Other,,,,,,,,,,Yes,,Yes,,,,,,,Yes,,,,169,Bay-Cloverhill,76,Bay Street Corridor (76),D52,630276.4162,4835805.466
5658,6114624,1156458,3/8/2010 10:00:00 AM,1353,YONGE ST,MAITLAND ST,,Major Arterial,Toronto and East York,43.663845,-79.38419,,No Control,Clear,Daylight,Dry,Non-Fatal Injury,Pedestrian Collisions,Driver,45 to 49,Minor,,West,"Automobile, Station Wagon",Turning Left,Failed to Yield Right of Way,Inattentive,,,,,,,Yes,,Yes,,,,,,,Yes,,,,169,Bay-Cloverhill,76,Bay Street Corridor (76),D52,630276.4162,4835805.466
5659,6114625,1156458,3/8/2010 10:00:00 AM,1353,YONGE ST,MAITLAND ST,,Major Arterial,Toronto and East York,43.663845,-79.38419,,No Control,Clear,Daylight,Dry,Non-Fatal Injury,Pedestrian Collisions,Pedestrian,75 to 79,Major,,East,Other,,,,Vehicle turns left while ped crosses with ROW at inter.,Crossing with right of way,Normal,,,,Yes,,Yes,,,,,,,Yes,,,,169,Bay-Cloverhill,76,Bay Street Corridor (76),D52,630276.4162,4835805.466
5660,6114626,1156458,3/8/2010 10:00:00 AM,1353,YONGE ST,MAITLAND ST,,Major Arterial,Toronto and East York,43.663845,-79.38419,,No Control,Clear,Daylight,Dry,Non-Fatal Injury,Pedestrian Collisions,Pedestrian,75 to 79,Major,,East,Other,,,,Vehicle turns left while ped crosses with ROW at inter.,Crossing with right of way,Normal,,,,Yes,,Yes,,,,,,,Yes,,,,169,Bay-Cloverhill,76,Bay Street Corridor (76),D52,630276.4162,4835805.466
5661,6115274,1156744,3/9/2010 10:00:00 AM,1504,STEELES AVE W,GIHON SPRING DR,,Major Arterial,Etobicoke York,43.759545,-79.59529,,No Control,Clear,Daylight,Dry,Fatal,Approaching,Vehicle Owner,unknown,,,,Other,,,,,,,,,,,,Yes,,Yes,,,,,,,,,2,Mount Olive-Silverstone-Jamestown,2,Mount Olive-Silverstone-Jamestown (2),D23,613076.007,4846124.4393
5662,6115275,1156744,3/9/2010 10:00:00 AM,1504,STEELES AVE W,GIHON SPRING DR,,Major Arterial,Etobicoke York,43.759545,-79.59529,,No Control,Clear,Daylight,Dry,Fatal,Approaching,Truck Driver,40 to 44,None,,West,Truck - Open,Going Ahead,Driving Properly,Normal,,,,,,,,,Yes,,Yes,,,,,,,,,2,Mount Olive-Silverstone-Jamestown,2,Mount Olive-Silverstone-Jamestown (2),D23,613076.007,4846124.4393
5663,6115276,1156744,3/9/2010 10:00:00 AM,1504,STEELES AVE W,GIHON SPRING DR,,Major Arterial,Etobicoke York,43.759545,-79.59529,,No Control,Clear,Daylight,Dry,Fatal,Approaching,Driver,45 to 49,Fatal,14,East,"Automobile, Station Wagon",Going Ahead,Lost control,Unknown,,,,,,,,,Yes,,Yes,,,,,,,,,2,Mount Olive-Silverstone-Jamestown,2,Mount Olive-Silverstone-Jamestown (2),D23,613076.007,4846124.4393
5664,6115277,1156744,3/9/2010 10:00:00 AM,1504,STEELES AVE W,GIHON SPRING DR,,Major Arterial,Etobicoke York,43.759545,-79.59529,,No Control,Clear,Daylight,Dry,Fatal,Approaching,Other,unknown,None,,,Other,,,,,,,,,,,,Yes,,Yes,,,,,,,,,2,Mount Olive-Silverstone-Jamestown,2,Mount Olive-Silverstone-Jamestown (2),D23,613076.007,4846124.4393
5665,6116477,1157272,3/12/2010 10:00:00 AM,523,ROYAL DR,DON VALLEY PARKWAY  N,,,Toronto and East York,43.672745,-79.35879,,No Control,Clear,Dark,Dry,Fatal,SMV Other,Passenger,45 to 49,Minor,,,Other,,,,,,,,,,,,,,Yes,,,Yes,Yes,Yes,,,,68,North Riverdale,68,North Riverdale (68),D55,632304.7848,4836834.1302
5666,6116478,1157272,3/12/2010 10:00:00 AM,523,ROYAL DR,DON VALLEY PARKWAY  N,,,Toronto and East York,43.672745,-79.35879,,No Control,Clear,Dark,Dry,Fatal,SMV Other,Vehicle Owner,unknown,,,,Other,,,,,,,,,,,,,,Yes,,,Yes,Yes,Yes,,,,68,North Riverdale,68,North Riverdale (68),D55,632304.7848,4836834.1302
5667,6116479,1157272,3/12/2010 10:00:00 AM,523,ROYAL DR,DON VALLEY PARKWAY  N,,,Toronto and East York,43.672745,-79.35879,,No Control,Clear,Dark,Dry,Fatal,SMV Other,Truck Driver,30 to 34,Fatal,15,South,Truck - Open,Going Ahead,Speed too Fast For Condition,Normal,,,,,,,,,,,Yes,,,Yes,Yes,Yes,,,,68,North Riverdale,68,North Riverdale (68),D55,632304.7848,4836834.1302
5668,6116480,1157272,3/12/2010 10:00:00 AM,523,ROYAL DR,DON VALLEY PARKWAY  N,,,Toronto and East York,43.672745,-79.35879,,No Control,Clear,Dark,Dry,Fatal,SMV Other,Other Property Owner,unknown,,,,Other,,,,,,,,,,,,,,Yes,,,Yes,Yes,Yes,,,,68,North Riverdale,68,North Riverdale (68),D55,632304.7848,4836834.1302
5669,6127437,1161998,3/12/2010 10:00:00 AM,1937,MARKHAM Rd,BRIMORTON Dr,,Major Arterial,Scarborough,43.773445,-79.23069,At Intersection,Traffic Signal,Rain,Dark,Wet,Non-Fatal Injury,Pedestrian Collisions,Driver,50 to 54,None,,South,"Automobile, Station Wagon",Turning Left,Failed to Yield Right of Way,Normal,,,,,,,Yes,,Yes,,,,,,,Yes,,,,142,Woburn North,137,Woburn (137),D43,642392.7999,4848230.6576
5670,6127438,1161998,3/12/2010 10:00:00 AM,1937,MARKHAM Rd,BRIMORTON Dr,,Major Arterial,Scarborough,43.773445,-79.23069,At Intersection,Traffic Signal,Rain,Dark,Wet,Non-Fatal Injury,Pedestrian Collisions,Pedestrian,25 to 29,Major,,South,Other,,,,Vehicle turns left while ped crosses with ROW at inter.,Crossing with right of way,Normal,,,,Yes,,Yes,,,,,,,Yes,,,,142,Woburn North,137,Woburn (137),D43,642392.7999,4848230.6576
5671,6128980,1162673,3/15/2010 8:00:00 AM,2030,BURNHAMTHORPE RD,MARTIN GROVE RD,,Major Arterial,Etobicoke York,43.648845,-79.54899,At Intersection,Traffic Signal,Clear,Dark,Dry,Non-Fatal Injury,Turning Movement,Driver,55 to 59,Major,,East,"Automobile, Station Wagon",Turning Left,Improper Turn,Normal,,,,,,,,,Yes,,,,,,,,,,,158,Islington,14,Islington-City Centre West (14),D22,617018.2564,4833893.9438
5672,6128981,1162673,3/15/2010 8:00:00 AM,2030,BURNHAMTHORPE RD,MARTIN GROVE RD,,Major Arterial,Etobicoke York,43.648845,-79.54899,At Intersection,Traffic Signal,Clear,Dark,Dry,Non-Fatal Injury,Turning Movement,Driver,25 to 29,None,,West,"Automobile, Station Wagon",Going Ahead,Driving Properly,Normal,,,,,,,,,Yes,,,,,,,,,,,158,Islington,14,Islington-City Centre West (14),D22,617018.2564,4833893.9438
5673,6128982,1162673,3/15/2010 8:00:00 AM,2030,BURNHAMTHORPE RD,MARTIN GROVE RD,,Major Arterial,Etobicoke York,43.648845,-79.54899,At Intersection,Traffic Signal,Clear,Dark,Dry,Non-Fatal Injury,Turning Movement,Other Property Owner,unknown,,,,Other,,,,,,,,,,,,Yes,,,,,,,,,,,158,Islington,14,Islington-City Centre West (14),D22,617018.2564,4833893.9438
5674,6128983,1162673,3/15/2010 8:00:00 AM,2030,BURNHAMTHORPE RD,MARTIN GROVE RD,,Major Arterial,Etobicoke York,43.648845,-79.54899,At Intersection,Traffic Signal,Clear,Dark,Dry,Non-Fatal Injury,Turning Movement,Other Property Owner,unknown,,,,Other,,,,,,,,,,,,Yes,,,,,,,,,,,158,Islington,14,Islington-City Centre West (14),D22,617018.2564,4833893.9438
5675,6128804,1162587,3/16/2010 8:00:00 AM,838,FINCH Aven E,BRIDLETOWNE Circ,,Major Arterial,Scarborough,43.797445,-79.31229,At Intersection,Traffic Signal,Clear,Daylight,Dry,Non-Fatal Injury,Pedestrian Collisions,Driver,50 to 54,Minimal,,South,"Automobile, Station Wagon",Turning Left,Failed to Yield Right of Way,Normal,,,,,,,Yes,,Yes,,,,,,,Yes,,,,148,East L'Amoreaux,117,L'Amoreaux (117),D42,635771.2714,4850759.1319
5676,6128805,1162587,3/16/2010 8:00:00 AM,838,FINCH Aven E,BRIDLETOWNE Circ,,Major Arterial,Scarborough,43.797445,-79.31229,At Intersection,Traffic Signal,Clear,Daylight,Dry,Non-Fatal Injury,Pedestrian Collisions,Pedestrian,50 to 54,Major,,North,Other,,,,Vehicle turns left while ped crosses with ROW at inter.,Crossing with right of way,Normal,,,,Yes,,Yes,,,,,,,Yes,,,,148,East L'Amoreaux,117,L'Amoreaux (117),D42,635771.2714,4850759.1319
5677,6118127,1158000,3/17/2010 8:00:00 AM,955,FAYWOOD Boul,BAINBRIDGE Aven,,Collector,North York,43.748045,-79.44969,,Pedestrian Crossover,Clear,Daylight,Dry,Non-Fatal Injury,Pedestrian Collisions,Vehicle Owner,unknown,,,,Other,,,,,,,,,,Yes,,Yes,,,,,,,Yes,,,,33,Clanton Park,33,Clanton Park (33),D32,624820.4778,4845056.2818
5678,6118128,1158000,3/17/2010 8:00:00 AM,955,FAYWOOD Boul,BAINBRIDGE Aven,,Collector,North York,43.748045,-79.44969,,Pedestrian Crossover,Clear,Daylight,Dry,Non-Fatal Injury,Pedestrian Collisions,Driver,55 to 59,None,,North,"Automobile, Station Wagon",Going Ahead,Failed to Yield Right of Way,Inattentive,,,,,,,Yes,,Yes,,,,,,,Yes,,,,33,Clanton Park,33,Clanton Park (33),D32,624820.4778,4845056.2818
5679,6118129,1158000,3/17/2010 8:00:00 AM,955,FAYWOOD Boul,BAINBRIDGE Aven,,Collector,North York,43.748045,-79.44969,,Pedestrian Crossover,Clear,Daylight,Dry,Non-Fatal Injury,Pedestrian Collisions,Pedestrian,80 to 84,Major,,East,Other,,,,Pedestrian hit a PXO/ped. Mid-block signal,"Crossing, Pedestrian Crossover",Normal,,,,Yes,,Yes,,,,,,,Yes,,,,33,Clanton Park,33,Clanton Park (33),D32,624820.4778,4845056.2818
5680,6118183,1158031,3/17/2010 8:00:00 AM,1546,LAWRENCE AVE E,WEST HILL DR,,Minor Arterial,Scarborough,43.770045,-79.17879,,No Control,Clear,Daylight,Dry,Non-Fatal Injury,SMV Unattended Vehicle,Driver,80 to 84,Major,,East,"Automobile, Station Wagon",Going Ahead,Lost control,Unknown,,,,,,,,,Yes,,,,,,,,,,,136,West Hill,136,West Hill (136),D43,646578.0338,4847943.605
5681,6118184,1158031,3/17/2010 8:00:00 AM,1546,LAWRENCE AVE E,WEST HILL DR,,Minor Arterial,Scarborough,43.770045,-79.17879,,No Control,Clear,Daylight,Dry,Non-Fatal Injury,SMV Unattended Vehicle,Vehicle Owner,unknown,,,,Other,,,,,,,,,,,,Yes,,,,,,,,,,,136,West Hill,136,West Hill (136),D43,646578.0338,4847943.605
5682,6118897,1158315,3/19/2010 8:00:00 AM,400,DON VALLEY PARKWAY  N,LEASIDE BDGE,,Major Arterial,Toronto and East York,43.697845,-79.34939,,No Control,Clear,Dark,Dry,Non-Fatal Injury,Pedestrian Collisions,Passenger,10 to 14,None,,,Other,,,,,,,,,,Yes,,Yes,,,,,Yes,,,,,,58,Old East York,58,Old East York (58),D55,633007.0812,4839636.8683
5683,6118898,1158315,3/19/2010 8:00:00 AM,400,DON VALLEY PARKWAY  N,LEASIDE BDGE,,Major Arterial,Toronto and East York,43.697845,-79.34939,,No Control,Clear,Dark,Dry,Non-Fatal Injury,Pedestrian Collisions,Passenger,25 to 29,None,,,Other,,,,,,,,,,Yes,,Yes,,,,,Yes,,,,,,58,Old East York,58,Old East York (58),D55,633007.0812,4839636.8683
5684,6118899,1158315,3/19/2010 8:00:00 AM,400,DON VALLEY PARKWAY  N,LEASIDE BDGE,,Major Arterial,Toronto and East York,43.697845,-79.34939,,No Control,Clear,Dark,Dry,Non-Fatal Injury,Pedestrian Collisions,Driver,25 to 29,None,,North,"Automobile, Station Wagon",Going Ahead,Driving Properly,Normal,,,,,,,Yes,,Yes,,,,,Yes,,,,,,58,Old East York,58,Old East York (58),D55,633007.0812,4839636.8683
5685,6118900,1158315,3/19/2010 8:00:00 AM,400,DON VALLEY PARKWAY  N,LEASIDE BDGE,,Major Arterial,Toronto and East York,43.697845,-79.34939,,No Control,Clear,Dark,Dry,Non-Fatal Injury,Pedestrian Collisions,Pedestrian,30 to 34,Major,,Unknown,Other,,,,Other / Undefined,Other,Other,,,,Yes,,Yes,,,,,Yes,,,,,,58,Old East York,58,Old East York (58),D55,633007.0812,4839636.8683
5686,6278874,1158316,3/19/2010 8:00:00 AM,402,DON VALLEY PARKWAY  N,LEASIDE BDGE,,Major Arterial,Toronto and East York,43.698045,-79.34969,,No Control,Clear,Dark,Dry,Non-Fatal Injury,Pedestrian Collisions,Passenger,40 to 44,None,,,Other,,,,,,,,,,Yes,,Yes,,,,,Yes,,,,,,58,Old East York,58,Old East York (58),D55,632982.4647,4839658.5999
5687,6278875,1158316,3/19/2010 8:00:00 AM,402,DON VALLEY PARKWAY  N,LEASIDE BDGE,,Major Arterial,Toronto and East York,43.698045,-79.34969,,No Control,Clear,Dark,Dry,Non-Fatal Injury,Pedestrian Collisions,Vehicle Owner,unknown,,,,Other,,,,,,,,,,Yes,,Yes,,,,,Yes,,,,,,58,Old East York,58,Old East York (58),D55,632982.4647,4839658.5999
5688,6278876,1158316,3/19/2010 8:00:00 AM,402,DON VALLEY PARKWAY  N,LEASIDE BDGE,,Major Arterial,Toronto and East York,43.698045,-79.34969,,No Control,Clear,Dark,Dry,Non-Fatal Injury,Pedestrian Collisions,Driver,25 to 29,None,,North,"Automobile, Station Wagon",Going Ahead,Driving Properly,Normal,,,,,,,Yes,,Yes,,,,,Yes,,,,,,58,Old East York,58,Old East York (58),D55,632982.4647,4839658.5999
5689,6278877,1158316,3/19/2010 8:00:00 AM,402,DON VALLEY PARKWAY  N,LEASIDE BDGE,,Major Arterial,Toronto and East York,43.698045,-79.34969,,No Control,Clear,Dark,Dry,Non-Fatal Injury,Pedestrian Collisions,Pedestrian,30 to 34,Major,,Unknown,Other,,,,Pedestrian hit at mid-block,Other,Other,,,,Yes,,Yes,,,,,Yes,,,,,,58,Old East York,58,Old East York (58),D55,632982.4647,4839658.5999
5690,6130686,1163442,3/21/2010 8:00:00 AM,845,ROYAL YORK Road,NEWCASTLE Stre,,Minor Arterial,Etobicoke York,43.617445,-79.49889,At Intersection,Traffic Signal,Clear,Daylight,Dry,Non-Fatal Injury,Pedestrian Collisions,Driver,75 to 79,None,,North,"Automobile, Station Wagon",Going Ahead,Failed to Yield Right of Way,Normal,,,,,,,Yes,,Yes,,,,,,,Yes,,,,160,Mimico-Queensway,17,Mimico (includes Humber Bay Shores) (17),D22,621121.7193,4830478.4433
5691,6130687,1163442,3/21/2010 8:00:00 AM,845,ROYAL YORK Road,NEWCASTLE Stre,,Minor Arterial,Etobicoke York,43.617445,-79.49889,At Intersection,Traffic Signal,Clear,Daylight,Dry,Non-Fatal Injury,Pedestrian Collisions,Pedestrian,85 to 89,Major,,East,Other,,,,Vehicle is going straight thru inter.while ped cross with ROW,Crossing with right of way,Normal,,,,Yes,,Yes,,,,,,,Yes,,,,160,Mimico-Queensway,17,Mimico (includes Humber Bay Shores) (17),D22,621121.7193,4830478.4433
5692,6130851,1163512,3/22/2010 8:00:00 AM,2000,CARLINGVIEW Driv,DIXON Road,,Major Arterial,Etobicoke York,43.686745,-79.59559,At Intersection,Traffic Signal,Rain,Dark,Wet,Non-Fatal Injury,Pedestrian Collisions,Driver,45 to 49,None,,North,"Automobile, Station Wagon",Going Ahead,Driving Properly,Normal,,,,,,,Yes,,Yes,,,,,,,,,,,1,West Humber-Clairville,1,West Humber-Clairville (1),D23,613188.8669,4838038.5765
5693,6130852,1163512,3/22/2010 8:00:00 AM,2000,CARLINGVIEW Driv,DIXON Road,,Major Arterial,Etobicoke York,43.686745,-79.59559,At Intersection,Traffic Signal,Rain,Dark,Wet,Non-Fatal Injury,Pedestrian Collisions,Pedestrian,35 to 39,Major,,West,Other,,,,Vehicle is going straight thru inter.while ped cross without ROW,Crossing without right of way,Unknown,,,,Yes,,Yes,,,,,,,,,,,1,West Humber-Clairville,1,West Humber-Clairville (1),D23,613188.8669,4838038.5765