OBJECTID,INDEX,ACCNUM,DATE,TIME,STREET1,STREET2,OFFSET,ROAD_CLASS,DISTRICT,LATITUDE,LONGITUDE,ACCLOC,TRAFFCTL,VISIBILITY,LIGHT,RDSFCOND,ACCLASS,IMPACTYPE,INVTYPE,INVAGE,INJURY,FATAL_NO,INITDIR,VEHTYPE,MANOEUVER,DRIVACT,DRIVCOND,PEDTYPE,PEDACT,PEDCOND,CYCLISTYPE,CYCACT,CYCCOND,PEDESTRIAN,CYCLIST,AUTOMOBILE,MOTORCYCLE,TRUCK,TRSN_CITY_VEH,EMERG_VEH,PASSENGER,SPEEDING,AG_DRIV,REDLIGHT,ALCOHOL,DISABILITY,HOOD_158,NEIGHBOURHOOD_158,HOOD_140,NEIGHBOURHOOD_140,DIVISION,x,y
5755,6253556,1162482,4/14/2010 8:00:00 AM,2358,DON VALLEY PARKWAY  N,LAWRENCE AVE E,,,North York,43.740245,-79.33209,,No Control,Clear,Dark,Dry,Non-Fatal Injury,Other,Vehicle Owner,unknown,,,,Other,,,,,,,,,,,,Yes,,,,,Yes,,Yes,,,,42,Banbury-Don Mills,42,Banbury-Don Mills (42),D33,634306.3706,4844373.9006
5756,6253557,1162482,4/14/2010 8:00:00 AM,2358,DON VALLEY PARKWAY  N,LAWRENCE AVE E,,,North York,43.740245,-79.33209,,No Control,Clear,Dark,Dry,Non-Fatal Injury,Other,Driver,40 to 44,Minor,,North,"Automobile, Station Wagon",Stopped,Driving Properly,Normal,,,,,,,,,Yes,,,,,Yes,,Yes,,,,42,Banbury-Don Mills,42,Banbury-Don Mills (42),D33,634306.3706,4844373.9006
5757,6130542,1163368,4/15/2010 8:00:00 AM,805,CARLINGVIEW Driv,INTERNATIONAL Boul,,Minor Arterial,Etobicoke York,43.675845,-79.59059,,No Control,Clear,Daylight,Dry,Non-Fatal Injury,Rear End,Driver,20 to 24,Major,,South,"Automobile, Station Wagon",Going Ahead,Following too Close,Normal,,,,,,,,,Yes,,,,,,,Yes,,,,1,West Humber-Clairville,1,West Humber-Clairville (1),D23,613612.4172,4836834.8242
5758,6130543,1163368,4/15/2010 8:00:00 AM,805,CARLINGVIEW Driv,INTERNATIONAL Boul,,Minor Arterial,Etobicoke York,43.675845,-79.59059,,No Control,Clear,Daylight,Dry,Non-Fatal Injury,Rear End,Vehicle Owner,unknown,,,,Other,,,,,,,,,,,,Yes,,,,,,,Yes,,,,1,West Humber-Clairville,1,West Humber-Clairville (1),D23,613612.4172,4836834.8242
5759,6130544,1163368,4/15/2010 8:00:00 AM,805,CARLINGVIEW Driv,INTERNATIONAL Boul,,Minor Arterial,Etobicoke York,43.675845,-79.59059,,No Control,Clear,Daylight,Dry,Non-Fatal Injury,Rear End,Driver,unknown,None,,South,"Automobile, Station Wagon",Unknown,Other,Unknown,,,,,,,,,Yes,,,,,,,Yes,,,,1,West Humber-Clairville,1,West Humber-Clairville (1),D23,613612.4172,4836834.8242
5760,6130545,1163368,4/15/2010 8:00:00 AM,805,CARLINGVIEW Driv,INTERNATIONAL Boul,,Minor Arterial,Etobicoke York,43.675845,-79.59059,,No Control,Clear,Daylight,Dry,Non-Fatal Injury,Rear End,Driver,45 to 49,Minimal,,South,"Automobile, Station Wagon",Stopped,Driving Properly,Normal,,,,,,,,,Yes,,,,,,,Yes,,,,1,West Humber-Clairville,1,West Humber-Clairville (1),D23,613612.4172,4836834.8242
5761,6253600,1165628,4/15/2010 8:00:00 AM,1619,RUNNYMEDE Rd,ST JOHNS Rd,,Minor Arterial,Toronto and East York,43.663845,-79.48139,At Intersection,Traffic Signal,Clear,Daylight,Dry,Non-Fatal Injury,Angle,Driver,55 to 59,Major,,East,"Automobile, Station Wagon",Going Ahead,Driving Properly,Normal,,,,,,,,,Yes,,,,,,,Yes,Yes,,,90,Junction Area,90,Junction Area (90),D11,622439.4886,4835657.427
5762,6253601,1165628,4/15/2010 8:00:00 AM,1619,RUNNYMEDE Rd,ST JOHNS Rd,,Minor Arterial,Toronto and East York,43.663845,-79.48139,At Intersection,Traffic Signal,Clear,Daylight,Dry,Non-Fatal Injury,Angle,Driver,30 to 34,None,,South,"Automobile, Station Wagon",Going Ahead,Disobeyed Traffic Control,Normal,,,,,,,,,Yes,,,,,,,Yes,Yes,,,90,Junction Area,90,Junction Area (90),D11,622439.4886,4835657.427
5763,6129924,1163084,4/16/2010 8:00:00 AM,1643,LAKE SHORE BLVD W,BUDAPEST LANE,,Major Arterial,Toronto and East York,43.637045,-79.44769,,Traffic Signal,Clear,Daylight,Dry,Non-Fatal Injury,Pedestrian Collisions,Vehicle Owner,unknown,,,,Other,,,,,,,,,,Yes,,,,,Yes,,,,,,,,85,South Parkdale,85,South Parkdale (85),D11,625212.2878,4832731.226
5764,6129925,1163084,4/16/2010 8:00:00 AM,1643,LAKE SHORE BLVD W,BUDAPEST LANE,,Major Arterial,Toronto and East York,43.637045,-79.44769,,Traffic Signal,Clear,Daylight,Dry,Non-Fatal Injury,Pedestrian Collisions,Driver,35 to 39,None,,East,Municipal Transit Bus (TTC),Going Ahead,Driving Properly,Normal,,,,,,,Yes,,,,,Yes,,,,,,,,85,South Parkdale,85,South Parkdale (85),D11,625212.2878,4832731.226
5765,6129926,1163084,4/16/2010 8:00:00 AM,1643,LAKE SHORE BLVD W,BUDAPEST LANE,,Major Arterial,Toronto and East York,43.637045,-79.44769,,Traffic Signal,Clear,Daylight,Dry,Non-Fatal Injury,Pedestrian Collisions,Pedestrian,55 to 59,Major,,North,Other,,,,Pedestrian involved in a collision with transit vehicle anywhere along roadway,Running onto Roadway,Unknown,,,,Yes,,,,,Yes,,,,,,,,85,South Parkdale,85,South Parkdale (85),D11,625212.2878,4832731.226
5766,6130116,1163175,4/18/2010 8:00:00 AM,1059,BATHURST ST,DANBY AVE,,Major Arterial,North York,43.749145,-79.43689,At Intersection,No Control,Clear,Daylight,Dry,Non-Fatal Injury,Pedestrian Collisions,Vehicle Owner,unknown,,,,Other,,,,,,,,,,Yes,,,,,Yes,,,,,,,,38,Lansing-Westgate,38,Lansing-Westgate (38),D32,625848.751,4845197.8198
5767,6130117,1163175,4/18/2010 8:00:00 AM,1059,BATHURST ST,DANBY AVE,,Major Arterial,North York,43.749145,-79.43689,At Intersection,No Control,Clear,Daylight,Dry,Non-Fatal Injury,Pedestrian Collisions,Driver,35 to 39,None,,North,Municipal Transit Bus (TTC),Overtaking,Driving Properly,Normal,,,,,,,Yes,,,,,Yes,,,,,,,,38,Lansing-Westgate,38,Lansing-Westgate (38),D32,625848.751,4845197.8198
5768,6130118,1163175,4/18/2010 8:00:00 AM,1059,BATHURST ST,DANBY AVE,,Major Arterial,North York,43.749145,-79.43689,At Intersection,No Control,Clear,Daylight,Dry,Non-Fatal Injury,Pedestrian Collisions,Pedestrian,10 to 14,Major,,East,Other,,,,Pedestrian involved in a collision with transit vehicle anywhere along roadway,Coming From Behind Parked Vehicle,Unknown,,,,Yes,,,,,Yes,,,,,,,,38,Lansing-Westgate,38,Lansing-Westgate (38),D32,625848.751,4845197.8198
5769,6137406,1166313,4/20/2010 8:00:00 AM,2030,EGLINTON Ave W,BLACKTHORN Ave,,Major Arterial,Etobicoke York,43.691745,-79.46659,At Intersection,No Control,Clear,Dark,Dry,Non-Fatal Injury,Rear End,Vehicle Owner,unknown,,,,Other,,,,,,,,,,,,Yes,,,,,,,,,,,110,Keelesdale-Eglinton West,110,Keelesdale-Eglinton West (110),D12,623575.4793,4838778.0437
5770,6137407,1166313,4/20/2010 8:00:00 AM,2030,EGLINTON Ave W,BLACKTHORN Ave,,Major Arterial,Etobicoke York,43.691745,-79.46659,At Intersection,No Control,Clear,Dark,Dry,Non-Fatal Injury,Rear End,Driver,55 to 59,None,,East,"Automobile, Station Wagon",Going Ahead,Lost control,Inattentive,,,,,,,,,Yes,,,,,,,,,,,110,Keelesdale-Eglinton West,110,Keelesdale-Eglinton West (110),D12,623575.4793,4838778.0437
5771,6137408,1166313,4/20/2010 8:00:00 AM,2030,EGLINTON Ave W,BLACKTHORN Ave,,Major Arterial,Etobicoke York,43.691745,-79.46659,At Intersection,No Control,Clear,Dark,Dry,Non-Fatal Injury,Rear End,Driver,25 to 29,Major,,East,"Automobile, Station Wagon",Stopped,Driving Properly,Normal,,,,,,,,,Yes,,,,,,,,,,,110,Keelesdale-Eglinton West,110,Keelesdale-Eglinton West (110),D12,623575.4793,4838778.0437
5772,6141246,1167934,4/21/2010 8:00:00 AM,705,STEELES AVE E,NINTH LINE,,Minor Arterial,Scarborough,43.842545,-79.22589,,No Control,Clear,Daylight,Dry,Non-Fatal Injury,Rear End,Driver,55 to 59,Major,,West,"Automobile, Station Wagon",Going Ahead,Following too Close,Normal,,,,,,,,,Yes,,,,,,,Yes,,,,NSA,NSA,NSA,NSA,NSA,642614.5481,4855913.6076
5773,6141247,1167934,4/21/2010 8:00:00 AM,705,STEELES AVE E,NINTH LINE,,Minor Arterial,Scarborough,43.842545,-79.22589,,No Control,Clear,Daylight,Dry,Non-Fatal Injury,Rear End,Driver,25 to 29,None,,West,"Automobile, Station Wagon",Stopped,Driving Properly,Normal,,,,,,,,,Yes,,,,,,,Yes,,,,NSA,NSA,NSA,NSA,NSA,642614.5481,4855913.6076
5774,6145410,1169892,4/21/2010 8:00:00 AM,1013,MOUNT PLEASANT Road,ELM Aven,,Major Arterial,Toronto and East York,43.674545,-79.38019,At Intersection,Traffic Signal,Clear,Daylight,Dry,Non-Fatal Injury,Rear End,Motorcycle Driver,20 to 24,Major,,South,Motorcycle,Changing Lanes,Lost control,Inattentive,,,,,,,,,Yes,Yes,,,,,,,,,,98,Rosedale-Moore Park,98,Rosedale-Moore Park (98),D53,630575.7194,4837000.1339
5775,6145411,1169892,4/21/2010 8:00:00 AM,1013,MOUNT PLEASANT Road,ELM Aven,,Major Arterial,Toronto and East York,43.674545,-79.38019,At Intersection,Traffic Signal,Clear,Daylight,Dry,Non-Fatal Injury,Rear End,Driver,55 to 59,None,,South,"Automobile, Station Wagon",Stopped,Driving Properly,Normal,,,,,,,,,Yes,Yes,,,,,,,,,,98,Rosedale-Moore Park,98,Rosedale-Moore Park (98),D53,630575.7194,4837000.1339
5776,6131850,1163934,4/22/2010 8:00:00 AM,21,1181 FINCH AVE W,,,Major Arterial,North York,43.765245,-79.48289,At Intersection,Traffic Signal,Clear,Dark,Dry,Non-Fatal Injury,SMV Other,Passenger,25 to 29,Major,,,Other,,,,,,,,,,,,Yes,,,,,Yes,Yes,Yes,,Yes,,27,York University Heights,27,York University Heights (27),D31,622112.4254,4846917.106
5777,6131851,1163934,4/22/2010 8:00:00 AM,21,1181 FINCH AVE W,,,Major Arterial,North York,43.765245,-79.48289,At Intersection,Traffic Signal,Clear,Dark,Dry,Non-Fatal Injury,SMV Other,Driver,25 to 29,Major,,East,"Automobile, Station Wagon",Going Ahead,Exceeding Speed Limit,"Ability Impaired, Alcohol",,,,,,,,,Yes,,,,,Yes,Yes,Yes,,Yes,,27,York University Heights,27,York University Heights (27),D31,622112.4254,4846917.106
5778,6139785,1167297,4/24/2010 8:00:00 AM,2302,DUNDAS Stre W,COLLEGE Stre,,Minor Arterial,Toronto and East York,43.650345,-79.44159,,No Control,Clear,Dark,Dry,Non-Fatal Injury,Cyclist Collisions,Driver,80 to 84,None,,East,"Automobile, Station Wagon",Going Ahead,Exceeding Speed Limit,Inattentive,,,,,,,,Yes,Yes,,,,,,Yes,Yes,,,,84,Little Portugal,84,Little Portugal (84),D11,625676.5943,4834217.5815
5779,6139786,1167297,4/24/2010 8:00:00 AM,2302,DUNDAS Stre W,COLLEGE Stre,,Minor Arterial,Toronto and East York,43.650345,-79.44159,,No Control,Clear,Dark,Dry,Non-Fatal Injury,Cyclist Collisions,Cyclist,25 to 29,Major,,East,Bicycle,Stopped,,,,,,Cyclist and Driver travelling in same direction. One vehicle rear-ended the other.,Driving Properly,Normal,,Yes,Yes,,,,,,Yes,Yes,,,,84,Little Portugal,84,Little Portugal (84),D11,625676.5943,4834217.5815
5780,6139181,1167046,4/25/2010 8:00:00 AM,2103,WILLOWDALE AVE,ELMWOOD AVE,,Minor Arterial,North York,43.768845,-79.40169,At Intersection,No Control,Clear,Dark,Dry,Non-Fatal Injury,Turning Movement,Passenger,30 to 34,Minimal,,,Other,,,,,,,,,,,,Yes,,,,,Yes,,,,,,152,East Willowdale,51,Willowdale East (51),D32,628640.5667,4847439.881
5781,6139182,1167046,4/25/2010 8:00:00 AM,2103,WILLOWDALE AVE,ELMWOOD AVE,,Minor Arterial,North York,43.768845,-79.40169,At Intersection,No Control,Clear,Dark,Dry,Non-Fatal Injury,Turning Movement,Passenger,40 to 44,Minimal,,,Other,,,,,,,,,,,,Yes,,,,,Yes,,,,,,152,East Willowdale,51,Willowdale East (51),D32,628640.5667,4847439.881
5782,6139183,1167046,4/25/2010 8:00:00 AM,2103,WILLOWDALE AVE,ELMWOOD AVE,,Minor Arterial,North York,43.768845,-79.40169,At Intersection,No Control,Clear,Dark,Dry,Non-Fatal Injury,Turning Movement,Passenger,50 to 54,Major,,,Other,,,,,,,,,,,,Yes,,,,,Yes,,,,,,152,East Willowdale,51,Willowdale East (51),D32,628640.5667,4847439.881
5783,6139184,1167046,4/25/2010 8:00:00 AM,2103,WILLOWDALE AVE,ELMWOOD AVE,,Minor Arterial,North York,43.768845,-79.40169,At Intersection,No Control,Clear,Dark,Dry,Non-Fatal Injury,Turning Movement,Passenger,20 to 24,Minimal,,,Other,,,,,,,,,,,,Yes,,,,,Yes,,,,,,152,East Willowdale,51,Willowdale East (51),D32,628640.5667,4847439.881
5784,6139185,1167046,4/25/2010 8:00:00 AM,2103,WILLOWDALE AVE,ELMWOOD AVE,,Minor Arterial,North York,43.768845,-79.40169,At Intersection,No Control,Clear,Dark,Dry,Non-Fatal Injury,Turning Movement,Driver,35 to 39,Minimal,,North,"Automobile, Station Wagon",Going Ahead,Driving Properly,Inattentive,,,,,,,,,Yes,,,,,Yes,,,,,,152,East Willowdale,51,Willowdale East (51),D32,628640.5667,4847439.881
5785,6139186,1167046,4/25/2010 8:00:00 AM,2103,WILLOWDALE AVE,ELMWOOD AVE,,Minor Arterial,North York,43.768845,-79.40169,At Intersection,No Control,Clear,Dark,Dry,Non-Fatal Injury,Turning Movement,Driver,20 to 24,None,,South,"Automobile, Station Wagon",Turning Left,Driving Properly,Normal,,,,,,,,,Yes,,,,,Yes,,,,,,152,East Willowdale,51,Willowdale East (51),D32,628640.5667,4847439.881
5786,6145088,1169755,4/26/2010 8:00:00 AM,1008,ELLESMERE Road,BRIMLEY Road,,Major Arterial,Scarborough,43.770045,-79.26129,At Intersection,Traffic Controller,Clear,Daylight,Dry,Non-Fatal Injury,Turning Movement,Passenger,80 to 84,Major,,,Other,,,,,,,,,,,,Yes,,,,,Yes,,Yes,,,,156,Bendale-Glen Andrew,127,Bendale (127),D43,639938.0352,4847800.862
5787,6145089,1169755,4/26/2010 8:00:00 AM,1008,ELLESMERE Road,BRIMLEY Road,,Major Arterial,Scarborough,43.770045,-79.26129,At Intersection,Traffic Controller,Clear,Daylight,Dry,Non-Fatal Injury,Turning Movement,Driver,80 to 84,None,,West,"Automobile, Station Wagon",Turning Left,Failed to Yield Right of Way,Inattentive,,,,,,,,,Yes,,,,,Yes,,Yes,,,,156,Bendale-Glen Andrew,127,Bendale (127),D43,639938.0352,4847800.862
5788,6145090,1169755,4/26/2010 8:00:00 AM,1008,ELLESMERE Road,BRIMLEY Road,,Major Arterial,Scarborough,43.770045,-79.26129,At Intersection,Traffic Controller,Clear,Daylight,Dry,Non-Fatal Injury,Turning Movement,Driver,35 to 39,None,,South,Pick Up Truck,Going Ahead,Failed to Yield Right of Way,Inattentive,,,,,,,,,Yes,,,,,Yes,,Yes,,,,156,Bendale-Glen Andrew,127,Bendale (127),D43,639938.0352,4847800.862
5789,6134243,1164945,4/27/2010 8:00:00 AM,52,SPADINA Aven,BALDWIN Stre,,Major Arterial,Toronto and East York,43.654845,-79.39879,,No Control,Clear,Dark,Dry,Non-Fatal Injury,Pedestrian Collisions,Passenger,25 to 29,None,,,Other,,,,,,,,,,Yes,,,,,Yes,,Yes,,,,,,78,Kensington-Chinatown,78,Kensington-Chinatown (78),D52,629118.5534,4834783.0743
5790,6134244,1164945,4/27/2010 8:00:00 AM,52,SPADINA Aven,BALDWIN Stre,,Major Arterial,Toronto and East York,43.654845,-79.39879,,No Control,Clear,Dark,Dry,Non-Fatal Injury,Pedestrian Collisions,Passenger,15 to 19,None,,,Other,,,,,,,,,,Yes,,,,,Yes,,Yes,,,,,,78,Kensington-Chinatown,78,Kensington-Chinatown (78),D52,629118.5534,4834783.0743
5791,6134245,1164945,4/27/2010 8:00:00 AM,52,SPADINA Aven,BALDWIN Stre,,Major Arterial,Toronto and East York,43.654845,-79.39879,,No Control,Clear,Dark,Dry,Non-Fatal Injury,Pedestrian Collisions,Passenger,40 to 44,None,,,Other,,,,,,,,,,Yes,,,,,Yes,,Yes,,,,,,78,Kensington-Chinatown,78,Kensington-Chinatown (78),D52,629118.5534,4834783.0743
5792,6134246,1164945,4/27/2010 8:00:00 AM,52,SPADINA Aven,BALDWIN Stre,,Major Arterial,Toronto and East York,43.654845,-79.39879,,No Control,Clear,Dark,Dry,Non-Fatal Injury,Pedestrian Collisions,Pedestrian,15 to 19,Major,,West,Other,,,,Pedestrian involved in a collision with transit vehicle anywhere along roadway,Running onto Roadway,Unknown,,,,Yes,,,,,Yes,,Yes,,,,,,78,Kensington-Chinatown,78,Kensington-Chinatown (78),D52,629118.5534,4834783.0743
5793,6134247,1164945,4/27/2010 8:00:00 AM,52,SPADINA Aven,BALDWIN Stre,,Major Arterial,Toronto and East York,43.654845,-79.39879,,No Control,Clear,Dark,Dry,Non-Fatal Injury,Pedestrian Collisions,Driver,25 to 29,None,,North,Municipal Transit Bus (TTC),Going Ahead,Driving Properly,Normal,,,,,,,Yes,,,,,Yes,,Yes,,,,,,78,Kensington-Chinatown,78,Kensington-Chinatown (78),D52,629118.5534,4834783.0743
5794,6158681,1175797,4/27/2010 8:00:00 AM,1542,QUEEN St E,BROOKLYN Ave,,Minor Arterial,Toronto and East York,43.662045,-79.33589,,No Control,Clear,Daylight,Dry,Non-Fatal Injury,Cyclist Collisions,Cyclist,25 to 29,Major,,East,Bicycle,Going Ahead,,,,,,Cyclist and Driver travelling in same direction. One vehicle sideswipes the other.,Driving Properly,Normal,,Yes,Yes,,,,,,,,,,,70,South Riverdale,70,South Riverdale (70),D55,634174.7085,4835682.531
5795,6158682,1175797,4/27/2010 8:00:00 AM,1542,QUEEN St E,BROOKLYN Ave,,Minor Arterial,Toronto and East York,43.662045,-79.33589,,No Control,Clear,Daylight,Dry,Non-Fatal Injury,Cyclist Collisions,Vehicle Owner,unknown,,,,Other,,,,,,,,,,,Yes,Yes,,,,,,,,,,,70,South Riverdale,70,South Riverdale (70),D55,634174.7085,4835682.531
5796,6158683,1175797,4/27/2010 8:00:00 AM,1542,QUEEN St E,BROOKLYN Ave,,Minor Arterial,Toronto and East York,43.662045,-79.33589,,No Control,Clear,Daylight,Dry,Non-Fatal Injury,Cyclist Collisions,Driver,50 to 54,None,,East,"Automobile, Station Wagon",Going Ahead,Driving Properly,Normal,,,,,,,,Yes,Yes,,,,,,,,,,,70,South Riverdale,70,South Riverdale (70),D55,634174.7085,4835682.531
5797,6135362,1165411,4/28/2010 8:00:00 AM,630,F G GARDINER XY Expr E,DOWLING AVE,,Major Arterial,Toronto and East York,43.634145,-79.43759,,No Control,Clear,Daylight,Spilled liquid,Non-Fatal Injury,Other,Motorcycle Driver,50 to 54,Major,,East,Motorcycle,Going Ahead,Driving Properly,Normal,,,,,,,,,,Yes,,,,,,,,,,85,South Parkdale,85,South Parkdale (85),D14,626033.0434,4832424.4294
5798,6135979,1165679,4/29/2010 8:00:00 AM,916,SANDHURST CRCL,MCCOWAN RD,,Major Arterial,Scarborough,43.811645,-79.26919,At Intersection,Traffic Signal,Clear,Daylight,Dry,Non-Fatal Injury,Cyclist Collisions,Driver,60 to 64,None,,West,"Automobile, Station Wagon",Turning Right,Failed to Yield Right of Way,Normal,,,,,,,,Yes,Yes,,,,,,,Yes,,,,129,Agincourt North,129,Agincourt North (129),D42,639205.588,4852407.8828
5799,6135980,1165679,4/29/2010 8:00:00 AM,916,SANDHURST CRCL,MCCOWAN RD,,Major Arterial,Scarborough,43.811645,-79.26919,At Intersection,Traffic Signal,Clear,Daylight,Dry,Non-Fatal Injury,Cyclist Collisions,Cyclist,50 to 54,Major,,South,Bicycle,Going Ahead,,,,,,Motorist turning right on red at signalized intersection strikes cyclist.,Other,Normal,,Yes,Yes,,,,,,,Yes,,,,129,Agincourt North,129,Agincourt North (129),D42,639205.588,4852407.8828
5800,6151294,1172452,4/29/2010 8:00:00 AM,1333,ELM ST,UNIVERSITY AVE,,Collector,Toronto and East York,43.656545,-79.38799,At Intersection,No Control,Clear,Daylight,Dry,Non-Fatal Injury,Cyclist Collisions,Driver,30 to 34,None,,West,"Automobile, Station Wagon",Overtaking,Improper Passing,Inattentive,,,,,,,,Yes,Yes,,,,,,,Yes,,,,170,Yonge-Bay Corridor,76,Bay Street Corridor (76),D52,629985.7861,4834988.744
5801,6151295,1172452,4/29/2010 8:00:00 AM,1333,ELM ST,UNIVERSITY AVE,,Collector,Toronto and East York,43.656545,-79.38799,At Intersection,No Control,Clear,Daylight,Dry,Non-Fatal Injury,Cyclist Collisions,Cyclist,25 to 29,Major,,West,Bicycle,Going Ahead,,,,,,Cyclist and Driver travelling in same direction. One vehicle rear-ended the other.,Driving Properly,Normal,,Yes,Yes,,,,,,,Yes,,,,170,Yonge-Bay Corridor,76,Bay Street Corridor (76),D52,629985.7861,4834988.744
5802,6141568,1168069,4/29/2010 8:00:00 AM,1720,ROGERS RD,KANE AVE,,Minor Arterial,Etobicoke York,43.682045,-79.46649,,No Control,Clear,Daylight,Dry,Non-Fatal Injury,Sideswipe,Motorcycle Driver,30 to 34,Major,,West,Motorcycle,Overtaking,Improper Passing,Inattentive,,,,,,,,,Yes,Yes,,,,,,Yes,,,,110,Keelesdale-Eglinton West,110,Keelesdale-Eglinton West (110),D12,623603.4593,4837700.8762
5803,6141569,1168069,4/29/2010 8:00:00 AM,1720,ROGERS RD,KANE AVE,,Minor Arterial,Etobicoke York,43.682045,-79.46649,,No Control,Clear,Daylight,Dry,Non-Fatal Injury,Sideswipe,Driver,40 to 44,None,,West,"Automobile, Station Wagon",Slowing or Stopping,Driving Properly,Normal,,,,,,,,,Yes,Yes,,,,,,Yes,,,,110,Keelesdale-Eglinton West,110,Keelesdale-Eglinton West (110),D12,623603.4593,4837700.8762
5804,6149521,1171688,4/30/2010 8:00:00 AM,1705,DAWES RD,DENTONIA PARK AVE,,Minor Arterial,Toronto and East York,43.692145,-79.29709,At Intersection,Pedestrian Crossover,Clear,Daylight,Dry,Non-Fatal Injury,Rear End,Driver,65 to 69,None,,South,"Automobile, Station Wagon",Going Ahead,Following too Close,Unknown,,,,,,,,,Yes,,,,,Yes,,Yes,,,,61,Taylor-Massey,61,Taylor-Massey (61),D55,637234.4945,4839089.0335
5805,6149522,1171688,4/30/2010 8:00:00 AM,1705,DAWES RD,DENTONIA PARK AVE,,Minor Arterial,Toronto and East York,43.692145,-79.29709,At Intersection,Pedestrian Crossover,Clear,Daylight,Dry,Non-Fatal Injury,Rear End,Passenger,80 to 84,Major,,,Other,,,,,,,,,,,,Yes,,,,,Yes,,Yes,,,,61,Taylor-Massey,61,Taylor-Massey (61),D55,637234.4945,4839089.0335
5806,6149523,1171688,4/30/2010 8:00:00 AM,1705,DAWES RD,DENTONIA PARK AVE,,Minor Arterial,Toronto and East York,43.692145,-79.29709,At Intersection,Pedestrian Crossover,Clear,Daylight,Dry,Non-Fatal Injury,Rear End,Driver,75 to 79,None,,South,"Automobile, Station Wagon",Slowing or Stopping,Driving Properly,Normal,,,,,,,,,Yes,,,,,Yes,,Yes,,,,61,Taylor-Massey,61,Taylor-Massey (61),D55,637234.4945,4839089.0335
5807,6136533,1165924,5/1/2010 8:00:00 AM,752,MAPLE LEAF DR,CIRILLO CRT,,Collector,Etobicoke York,43.713545,-79.48479,,No Control,Clear,Daylight,Dry,Non-Fatal Injury,SMV Other,Driver,75 to 79,Major,,West,"Automobile, Station Wagon",Going Ahead,Lost control,Medical or Physical Disability,,,,,,,,,Yes,,,,,,,,,,Yes,29,Maple Leaf,29,Maple Leaf (29),D12,622064.5036,4841172.2732
5808,6154948,1174097,5/1/2010 8:00:00 AM,1700,BRIMLEY RD,ST CLAIR AVE E,,Minor Arterial,Scarborough,43.720845,-79.24149,,Traffic Signal,Clear,Daylight,Dry,Non-Fatal Injury,Pedestrian Collisions,Driver,55 to 59,None,,North,"Automobile, Station Wagon",Going Ahead,Driving Properly,Normal,,,,,,,Yes,,Yes,,,,,,,,,,,123,Cliffcrest,123,Cliffcrest (123),D41,641647.6359,4842370.1095
5809,6154949,1174097,5/1/2010 8:00:00 AM,1700,BRIMLEY RD,ST CLAIR AVE E,,Minor Arterial,Scarborough,43.720845,-79.24149,,Traffic Signal,Clear,Daylight,Dry,Non-Fatal Injury,Pedestrian Collisions,Pedestrian,35 to 39,Major,,West,Other,,,,Vehicle is going straight thru inter.while ped cross without ROW,Crossing without right of way,Normal,,,,Yes,,Yes,,,,,,,,,,,123,Cliffcrest,123,Cliffcrest (123),D41,641647.6359,4842370.1095
5810,6145452,1169909,5/2/2010 8:00:00 AM,1704,KENHATCH BLVD,MARRAKESH DR,,Collector,Scarborough,43.802745,-79.26219,,No Control,Clear,Daylight,Dry,Non-Fatal Injury,SMV Other,Driver,50 to 54,Major,,North,"Automobile, Station Wagon",Going Ahead,Lost control,Medical or Physical Disability,,,,,,,,,Yes,,,,,,,,,,Yes,129,Agincourt North,129,Agincourt North (129),D42,639789.3507,4851431.1948
5811,6145906,1170095,5/5/2010 8:00:00 AM,1700,DANFORTH Ave,SIBLEY Ave,,Major Arterial,Toronto and East York,43.690045,-79.29319,,No Control,Rain,Daylight,Wet,Non-Fatal Injury,Sideswipe,Driver,45 to 49,Major,,West,"Automobile, Station Wagon",Going Ahead,Driving Properly,Normal,,,,,,,,,Yes,,,,,Yes,,,,,,61,Taylor-Massey,61,Taylor-Massey (61),D55,637553.5931,4838862.2611
5812,6145907,1170095,5/5/2010 8:00:00 AM,1700,DANFORTH Ave,SIBLEY Ave,,Major Arterial,Toronto and East York,43.690045,-79.29319,,No Control,Rain,Daylight,Wet,Non-Fatal Injury,Sideswipe,Passenger,40 to 44,Major,,,Other,,,,,,,,,,,,Yes,,,,,Yes,,,,,,61,Taylor-Massey,61,Taylor-Massey (61),D55,637553.5931,4838862.2611
5813,6145908,1170095,5/5/2010 8:00:00 AM,1700,DANFORTH Ave,SIBLEY Ave,,Major Arterial,Toronto and East York,43.690045,-79.29319,,No Control,Rain,Daylight,Wet,Non-Fatal Injury,Sideswipe,Driver,40 to 44,Major,,West,"Automobile, Station Wagon",Changing Lanes,Improper Lane Change,Normal,,,,,,,,,Yes,,,,,Yes,,,,,,61,Taylor-Massey,61,Taylor-Massey (61),D55,637553.5931,4838862.2611
5814,6139521,1167187,5/6/2010 8:00:00 AM,1630,WELLINGTON ST W,SIMCOE ST,,Minor Arterial,Toronto and East York,43.645845,-79.38629,,No Control,Clear,Daylight,Dry,Fatal,Angle,Driver,40 to 44,None,,East,"Automobile, Station Wagon",Going Ahead,Driving Properly,Normal,,,,,,,,,Yes,,,,,Yes,,Yes,,,,164,Wellington Place,77,Waterfront Communities-The Island (77),D52,630145.9779,4833803.0332
5815,6139522,1167187,5/6/2010 8:00:00 AM,1630,WELLINGTON ST W,SIMCOE ST,,Minor Arterial,Toronto and East York,43.645845,-79.38629,,No Control,Clear,Daylight,Dry,Fatal,Angle,Passenger,80 to 84,Fatal,17,,Other,,,,,,,,,,,,Yes,,,,,Yes,,Yes,,,,164,Wellington Place,77,Waterfront Communities-The Island (77),D52,630145.9779,4833803.0332