OBJECTID,INDEX,ACCNUM,DATE,TIME,STREET1,STREET2,OFFSET,ROAD_CLASS,DISTRICT,LATITUDE,LONGITUDE,ACCLOC,TRAFFCTL,VISIBILITY,LIGHT,RDSFCOND,ACCLASS,IMPACTYPE,INVTYPE,INVAGE,INJURY,FATAL_NO,INITDIR,VEHTYPE,MANOEUVER,DRIVACT,DRIVCOND,PEDTYPE,PEDACT,PEDCOND,CYCLISTYPE,CYCACT,CYCCOND,PEDESTRIAN,CYCLIST,AUTOMOBILE,MOTORCYCLE,TRUCK,TRSN_CITY_VEH,EMERG_VEH,PASSENGER,SPEEDING,AG_DRIV,REDLIGHT,ALCOHOL,DISABILITY,HOOD_158,NEIGHBOURHOOD_158,HOOD_140,NEIGHBOURHOOD_140,DIVISION,x,y
5816,6139523,1167187,5/6/2010 8:00:00 AM,1630,WELLINGTON ST W,SIMCOE ST,,Minor Arterial,Toronto and East York,43.645845,-79.38629,,No Control,Clear,Daylight,Dry,Fatal,Angle,Passenger,80 to 84,Minor,,,Other,,,,,,,,,,,,Yes,,,,,Yes,,Yes,,,,164,Wellington Place,77,Waterfront Communities-The Island (77),D52,630145.9779,4833803.0332
5817,6139524,1167187,5/6/2010 8:00:00 AM,1630,WELLINGTON ST W,SIMCOE ST,,Minor Arterial,Toronto and East York,43.645845,-79.38629,,No Control,Clear,Daylight,Dry,Fatal,Angle,Driver,75 to 79,Minor,,South,"Automobile, Station Wagon",Going Ahead,Failed to Yield Right of Way,Inattentive,,,,,,,,,Yes,,,,,Yes,,Yes,,,,164,Wellington Place,77,Waterfront Communities-The Island (77),D52,630145.9779,4833803.0332
5818,6139525,1167187,5/6/2010 8:00:00 AM,1630,WELLINGTON ST W,SIMCOE ST,,Minor Arterial,Toronto and East York,43.645845,-79.38629,,No Control,Clear,Daylight,Dry,Fatal,Angle,Other Property Owner,unknown,,,,Other,,,,,,,,,,,,Yes,,,,,Yes,,Yes,,,,164,Wellington Place,77,Waterfront Communities-The Island (77),D52,630145.9779,4833803.0332
5819,6151678,1172619,5/11/2010 8:00:00 AM,1521,18 HURNDALE AVE,,,Local,Toronto and East York,43.677845,-79.35459,,No Control,Clear,Daylight,Dry,Non-Fatal Injury,Cyclist Collisions,Vehicle Owner,unknown,,,,Other,,,,,,,,,,,Yes,Yes,,,,,,,,,,,67,Playter Estates-Danforth,67,Playter Estates-Danforth (67),D55,632632.1317,4837407.2623
5820,6151679,1172619,5/11/2010 8:00:00 AM,1521,18 HURNDALE AVE,,,Local,Toronto and East York,43.677845,-79.35459,,No Control,Clear,Daylight,Dry,Non-Fatal Injury,Cyclist Collisions,Driver,40 to 44,None,,East,"Automobile, Station Wagon",Parked,Other,Inattentive,,,,,,,,Yes,Yes,,,,,,,,,,,67,Playter Estates-Danforth,67,Playter Estates-Danforth (67),D55,632632.1317,4837407.2623
5821,6151680,1172619,5/11/2010 8:00:00 AM,1521,18 HURNDALE AVE,,,Local,Toronto and East York,43.677845,-79.35459,,No Control,Clear,Daylight,Dry,Non-Fatal Injury,Cyclist Collisions,Cyclist,35 to 39,Major,,East,Bicycle,Going Ahead,,,,,,Cyclist struck opened vehicle door,Driving Properly,Unknown,,Yes,Yes,,,,,,,,,,,67,Playter Estates-Danforth,67,Playter Estates-Danforth (67),D55,632632.1317,4837407.2623
5822,6142307,1168399,5/11/2010 8:00:00 AM,2240,DUPONT ST,LANSDOWNE AVE,,Major Arterial,Toronto and East York,43.666745,-79.44649,At Intersection,Traffic Signal,Rain,Dark,Wet,Non-Fatal Injury,Pedestrian Collisions,Driver,40 to 44,None,,South,"Automobile, Station Wagon",Turning Left,Failed to Yield Right of Way,Normal,,,,,,,Yes,,Yes,,,,,,,Yes,,,,171,Junction-Wallace Emerson,93,Dovercourt-Wallace Emerson-Junction (93),D11,625247.3318,4836031.6072
5823,6142308,1168399,5/11/2010 8:00:00 AM,2240,DUPONT ST,LANSDOWNE AVE,,Major Arterial,Toronto and East York,43.666745,-79.44649,At Intersection,Traffic Signal,Rain,Dark,Wet,Non-Fatal Injury,Pedestrian Collisions,Pedestrian,55 to 59,Major,,South,Other,,,,Vehicle turns left while ped crosses with ROW at inter.,Crossing with right of way,Normal,,,,Yes,,Yes,,,,,,,Yes,,,,171,Junction-Wallace Emerson,93,Dovercourt-Wallace Emerson-Junction (93),D11,625247.3318,4836031.6072
5824,6279062,1168213,5/12/2010 8:00:00 AM,1415,F G GARDINER XY Expr W,KIPLING AVE,,,Etobicoke York,43.620345,-79.51379,,No Control,Clear,Daylight,Dry,Non-Fatal Injury,Sideswipe,Vehicle Owner,unknown,,,,Other,,,,,,,,,,,,Yes,,,,,,,Yes,,,,160,Mimico-Queensway,17,Mimico (includes Humber Bay Shores) (17),D22,619913.6913,4830778.8978
5825,6279063,1168213,5/12/2010 8:00:00 AM,1415,F G GARDINER XY Expr W,KIPLING AVE,,,Etobicoke York,43.620345,-79.51379,,No Control,Clear,Daylight,Dry,Non-Fatal Injury,Sideswipe,Driver,15 to 19,None,,West,"Automobile, Station Wagon",Going Ahead,Driving Properly,Normal,,,,,,,,,Yes,,,,,,,Yes,,,,160,Mimico-Queensway,17,Mimico (includes Humber Bay Shores) (17),D22,619913.6913,4830778.8978
5826,6279064,1168213,5/12/2010 8:00:00 AM,1415,F G GARDINER XY Expr W,KIPLING AVE,,,Etobicoke York,43.620345,-79.51379,,No Control,Clear,Daylight,Dry,Non-Fatal Injury,Sideswipe,Vehicle Owner,unknown,,,,Other,,,,,,,,,,,,Yes,,,,,,,Yes,,,,160,Mimico-Queensway,17,Mimico (includes Humber Bay Shores) (17),D22,619913.6913,4830778.8978
5827,6279065,1168213,5/12/2010 8:00:00 AM,1415,F G GARDINER XY Expr W,KIPLING AVE,,,Etobicoke York,43.620345,-79.51379,,No Control,Clear,Daylight,Dry,Non-Fatal Injury,Sideswipe,Driver,35 to 39,Major,,West,"Automobile, Station Wagon",Changing Lanes,Lost control,Had Been Drinking,,,,,,,,,Yes,,,,,,,Yes,,,,160,Mimico-Queensway,17,Mimico (includes Humber Bay Shores) (17),D22,619913.6913,4830778.8978
5828,6151703,1172629,5/13/2010 8:00:00 AM,812,BLOOR ST W,SPADINA AVE,,Major Arterial,Toronto and East York,43.666645,-79.40389,At Intersection,Traffic Signal,Clear,Daylight,Dry,Non-Fatal Injury,Cyclist Collisions,Driver,50 to 54,None,,West,"Automobile, Station Wagon",Turning Left,Failed to Yield Right of Way,Inattentive,,,,,,,,Yes,Yes,,,,,,,Yes,,,,79,University,79,University (79),D14,628682.0834,4836085.6972
5829,6151704,1172629,5/13/2010 8:00:00 AM,812,BLOOR ST W,SPADINA AVE,,Major Arterial,Toronto and East York,43.666645,-79.40389,At Intersection,Traffic Signal,Clear,Daylight,Dry,Non-Fatal Injury,Cyclist Collisions,Cyclist,25 to 29,Major,,East,Bicycle,Going Ahead,,,,,,Motorist turned left across cyclists path.,Driving Properly,Normal,,Yes,Yes,,,,,,,Yes,,,,79,University,79,University (79),D14,628682.0834,4836085.6972
5830,6142297,1168396,5/13/2010 8:00:00 AM,1136,DUNDAS ST W,COLLEGE ST,,Minor Arterial,Toronto and East York,43.650445,-79.44189,,No Control,Clear,Daylight,Dry,Fatal,Pedestrian Collisions,Vehicle Owner,unknown,,,,Other,,,,,,,,,,Yes,,Yes,,,,,,,,,,,83,Dufferin Grove,83,Dufferin Grove (83),D11,625652.1923,4834228.2335
5831,6142298,1168396,5/13/2010 8:00:00 AM,1136,DUNDAS ST W,COLLEGE ST,,Minor Arterial,Toronto and East York,43.650445,-79.44189,,No Control,Clear,Daylight,Dry,Fatal,Pedestrian Collisions,Driver,25 to 29,None,,West,"Automobile, Station Wagon",Going Ahead,Driving Properly,Normal,,,,,,,Yes,,Yes,,,,,,,,,,,83,Dufferin Grove,83,Dufferin Grove (83),D11,625652.1923,4834228.2335
5832,6142299,1168396,5/13/2010 8:00:00 AM,1136,DUNDAS ST W,COLLEGE ST,,Minor Arterial,Toronto and East York,43.650445,-79.44189,,No Control,Clear,Daylight,Dry,Fatal,Pedestrian Collisions,Pedestrian,65 to 69,Fatal,18,North,Other,,,,Pedestrian hit at mid-block,"Crossing, no Traffic Control",Normal,,,,Yes,,Yes,,,,,,,,,,,83,Dufferin Grove,83,Dufferin Grove (83),D11,625652.1923,4834228.2335
5833,6153008,1173217,5/13/2010 8:00:00 AM,1306,ELLESMERE RD,HELICON GT,,Major Arterial,Scarborough,43.778545,-79.22219,At Intersection,Traffic Signal,Rain,Daylight,Wet,Non-Fatal Injury,Turning Movement,Driver,55 to 59,Minor,,East,"Automobile, Station Wagon",Turning Left,Failed to Yield Right of Way,Normal,,,,,,,,,Yes,,,,,,Yes,Yes,,,,135,Morningside,135,Morningside (135),D43,643064.7186,4848811.7471
5834,6153009,1173217,5/13/2010 8:00:00 AM,1306,ELLESMERE RD,HELICON GT,,Major Arterial,Scarborough,43.778545,-79.22219,At Intersection,Traffic Signal,Rain,Daylight,Wet,Non-Fatal Injury,Turning Movement,Driver,40 to 44,Major,,West,"Automobile, Station Wagon",Going Ahead,Driving Properly,Normal,,,,,,,,,Yes,,,,,,Yes,Yes,,,,135,Morningside,135,Morningside (135),D43,643064.7186,4848811.7471
5835,6149801,1171795,5/13/2010 8:00:00 AM,2100,DONLANDS AVE,O CONNOR DR,,Major Arterial,Toronto and East York,43.694745,-79.34309,At Intersection,Traffic Signal,Rain,Dark,Wet,Non-Fatal Injury,Pedestrian Collisions,Driver,75 to 79,None,,North,"Automobile, Station Wagon",Turning Right,Failed to Yield Right of Way,Unknown,,,,,,,Yes,,Yes,,,,,,,Yes,,,,58,Old East York,58,Old East York (58),D55,633521.6246,4839302.6957
5836,6149802,1171795,5/13/2010 8:00:00 AM,2100,DONLANDS AVE,O CONNOR DR,,Major Arterial,Toronto and East York,43.694745,-79.34309,At Intersection,Traffic Signal,Rain,Dark,Wet,Non-Fatal Injury,Pedestrian Collisions,Pedestrian,40 to 44,Major,,North,Other,,,,Vehicle turns right while ped crosses with ROW at inter.,Crossing with right of way,Normal,,,,Yes,,Yes,,,,,,,Yes,,,,58,Old East York,58,Old East York (58),D55,633521.6246,4839302.6957
5837,6279078,1168520,5/14/2010 8:00:00 AM,1312,EVANS AVE,CREMORNE AVE,,Minor Arterial,Etobicoke York,43.620845,-79.50099,,No Control,Clear,Daylight,Dry,Non-Fatal Injury,Pedestrian Collisions,Driver,75 to 79,Minimal,,West,"Automobile, Station Wagon",Going Ahead,Driving Properly,Normal,,,,,,,Yes,,Yes,,,,,,,,,,,160,Mimico-Queensway,17,Mimico (includes Humber Bay Shores) (17),D22,620945.4559,4830852.9939
5838,6279079,1168520,5/14/2010 8:00:00 AM,1312,EVANS AVE,CREMORNE AVE,,Minor Arterial,Etobicoke York,43.620845,-79.50099,,No Control,Clear,Daylight,Dry,Non-Fatal Injury,Pedestrian Collisions,Pedestrian,65 to 69,Major,,North,Other,,,,Pedestrian hit at mid-block,Running onto Roadway,Inattentive,,,,Yes,,Yes,,,,,,,,,,,160,Mimico-Queensway,17,Mimico (includes Humber Bay Shores) (17),D22,620945.4559,4830852.9939
5839,6155449,1174308,5/17/2010 8:00:00 AM,1325,KEELE ST,CALVINGTON DR,,Major Arterial,North York,43.733545,-79.48369,,Traffic Signal,Clear,Daylight,Dry,Non-Fatal Injury,Rear End,Driver,60 to 64,Minimal,,South,"Automobile, Station Wagon",Slowing or Stopping,Driving Properly,Normal,,,,,,,,,Yes,,,,,,Yes,Yes,,,,155,Downsview,26,Downsview-Roding-CFB (26),D31,622112.479,4843395.1772
5840,6155450,1174308,5/17/2010 8:00:00 AM,1325,KEELE ST,CALVINGTON DR,,Major Arterial,North York,43.733545,-79.48369,,Traffic Signal,Clear,Daylight,Dry,Non-Fatal Injury,Rear End,Driver,45 to 49,Minimal,,South,"Automobile, Station Wagon",Stopped,Driving Properly,Normal,,,,,,,,,Yes,,,,,,Yes,Yes,,,,155,Downsview,26,Downsview-Roding-CFB (26),D31,622112.479,4843395.1772
5841,6155451,1174308,5/17/2010 8:00:00 AM,1325,KEELE ST,CALVINGTON DR,,Major Arterial,North York,43.733545,-79.48369,,Traffic Signal,Clear,Daylight,Dry,Non-Fatal Injury,Rear End,Driver,35 to 39,Major,,South,"Automobile, Station Wagon",Going Ahead,Speed too Fast For Condition,Inattentive,,,,,,,,,Yes,,,,,,Yes,Yes,,,,155,Downsview,26,Downsview-Roding-CFB (26),D31,622112.479,4843395.1772
5842,6155452,1174308,5/17/2010 8:00:00 AM,1325,KEELE ST,CALVINGTON DR,,Major Arterial,North York,43.733545,-79.48369,,Traffic Signal,Clear,Daylight,Dry,Non-Fatal Injury,Rear End,Driver,30 to 34,Minimal,,South,"Automobile, Station Wagon",Stopped,Driving Properly,Normal,,,,,,,,,Yes,,,,,,Yes,Yes,,,,155,Downsview,26,Downsview-Roding-CFB (26),D31,622112.479,4843395.1772
5843,6163959,1178114,5/18/2010 8:00:00 AM,1318,AVENUE RD,ELGIN AVE,,Major Arterial,Toronto and East York,43.672473,-79.395664,,No Control,Clear,Daylight,Dry,Non-Fatal Injury,Cyclist Collisions,Driver,50 to 54,None,,South,"Automobile, Station Wagon",Parked,Other,Inattentive,,,,,,,,Yes,Yes,,,Yes,,,,,,,,95,Annex,95,Annex (95),D53,629332.7712,4836745.7675
5844,6163960,1178114,5/18/2010 8:00:00 AM,1318,AVENUE RD,ELGIN AVE,,Major Arterial,Toronto and East York,43.672473,-79.395664,,No Control,Clear,Daylight,Dry,Non-Fatal Injury,Cyclist Collisions,Vehicle Owner,unknown,,,,Other,,,,,,,,,,,Yes,Yes,,,Yes,,,,,,,,95,Annex,95,Annex (95),D53,629332.7712,4836745.7675
5845,6163961,1178114,5/18/2010 8:00:00 AM,1318,AVENUE RD,ELGIN AVE,,Major Arterial,Toronto and East York,43.672473,-79.395664,,No Control,Clear,Daylight,Dry,Non-Fatal Injury,Cyclist Collisions,Driver,50 to 54,None,,South,Municipal Transit Bus (TTC),Going Ahead,Driving Properly,Normal,,,,,,,,Yes,Yes,,,Yes,,,,,,,,95,Annex,95,Annex (95),D53,629332.7712,4836745.7675
5846,6163962,1178114,5/18/2010 8:00:00 AM,1318,AVENUE RD,ELGIN AVE,,Major Arterial,Toronto and East York,43.672473,-79.395664,,No Control,Clear,Daylight,Dry,Non-Fatal Injury,Cyclist Collisions,Cyclist,15 to 19,Major,,South,Bicycle,Overtaking,,,,,,Cyclist struck opened vehicle door,Driving Properly,Normal,,Yes,Yes,,,Yes,,,,,,,,95,Annex,95,Annex (95),D53,629332.7712,4836745.7675
5847,6155455,1174310,5/18/2010 8:00:00 AM,2110,LAKE SHORE BLVD W,FOURTH ST,,Major Arterial,Etobicoke York,43.601504,-79.501865,At Intersection,No Control,Clear,"Dark, artificial",Dry,Non-Fatal Injury,Pedestrian Collisions,Vehicle Owner,unknown,,,,Other,,,,,,,,,,Yes,,Yes,,,,,,,,,,,18,New Toronto,18,New Toronto (18),D22,620913.607,4828703.6678
5848,6155456,1174310,5/18/2010 8:00:00 AM,2110,LAKE SHORE BLVD W,FOURTH ST,,Major Arterial,Etobicoke York,43.601504,-79.501865,At Intersection,No Control,Clear,"Dark, artificial",Dry,Non-Fatal Injury,Pedestrian Collisions,Driver,30 to 34,None,,East,"Automobile, Station Wagon",Making U Turn,Improper Turn,Normal,,,,,,,Yes,,Yes,,,,,,,,,,,18,New Toronto,18,New Toronto (18),D22,620913.607,4828703.6678
5849,6155457,1174310,5/18/2010 8:00:00 AM,2110,LAKE SHORE BLVD W,FOURTH ST,,Major Arterial,Etobicoke York,43.601504,-79.501865,At Intersection,No Control,Clear,"Dark, artificial",Dry,Non-Fatal Injury,Pedestrian Collisions,Pedestrian,45 to 49,Major,,North,Other,,,,Other / Undefined,"Crossing, no Traffic Control",Had Been Drinking,,,,Yes,,Yes,,,,,,,,,,,18,New Toronto,18,New Toronto (18),D22,620913.607,4828703.6678
5850,6155458,1174310,5/18/2010 8:00:00 AM,2110,LAKE SHORE BLVD W,FOURTH ST,,Major Arterial,Etobicoke York,43.601504,-79.501865,At Intersection,No Control,Clear,"Dark, artificial",Dry,Non-Fatal Injury,Pedestrian Collisions,Pedestrian,45 to 49,Major,,North,Other,,,,Other / Undefined,"Crossing, no Traffic Control",Had Been Drinking,,,,Yes,,Yes,,,,,,,,,,,18,New Toronto,18,New Toronto (18),D22,620913.607,4828703.6678
5851,6158736,1175820,5/19/2010 8:00:00 AM,1530,WANDLE AVE,KEELE ST,,Major Arterial,North York,43.731145,-79.48319,At Intersection,No Control,Clear,Daylight,Dry,Non-Fatal Injury,Pedestrian Collisions,Driver,35 to 39,None,,East,"Automobile, Station Wagon",Going Ahead,Driving Properly,Unknown,,,,,,,Yes,,Yes,,,,,,,Yes,,,,155,Downsview,26,Downsview-Roding-CFB (26),D31,622157.6249,4843129.3598
5852,6158737,1175820,5/19/2010 8:00:00 AM,1530,WANDLE AVE,KEELE ST,,Major Arterial,North York,43.731145,-79.48319,At Intersection,No Control,Clear,Daylight,Dry,Non-Fatal Injury,Pedestrian Collisions,Driver,55 to 59,Minimal,,North,"Automobile, Station Wagon",Turning Left,Failed to Yield Right of Way,Normal,,,,,,,Yes,,Yes,,,,,,,Yes,,,,155,Downsview,26,Downsview-Roding-CFB (26),D31,622157.6249,4843129.3598
5853,6158738,1175820,5/19/2010 8:00:00 AM,1530,WANDLE AVE,KEELE ST,,Major Arterial,North York,43.731145,-79.48319,At Intersection,No Control,Clear,Daylight,Dry,Non-Fatal Injury,Pedestrian Collisions,Vehicle Owner,unknown,,,,Other,,,,,,,,,,Yes,,Yes,,,,,,,Yes,,,,155,Downsview,26,Downsview-Roding-CFB (26),D31,622157.6249,4843129.3598
5854,6158739,1175820,5/19/2010 8:00:00 AM,1530,WANDLE AVE,KEELE ST,,Major Arterial,North York,43.731145,-79.48319,At Intersection,No Control,Clear,Daylight,Dry,Non-Fatal Injury,Pedestrian Collisions,Driver,20 to 24,None,,South,"Automobile, Station Wagon",Stopped,Driving Properly,Normal,,,,,,,Yes,,Yes,,,,,,,Yes,,,,155,Downsview,26,Downsview-Roding-CFB (26),D31,622157.6249,4843129.3598
5855,6158740,1175820,5/19/2010 8:00:00 AM,1530,WANDLE AVE,KEELE ST,,Major Arterial,North York,43.731145,-79.48319,At Intersection,No Control,Clear,Daylight,Dry,Non-Fatal Injury,Pedestrian Collisions,Pedestrian,35 to 39,Major,,South,Other,,,,Vehicle turns left while ped crosses with ROW at inter.,Crossing with right of way,Normal,,,,Yes,,Yes,,,,,,,Yes,,,,155,Downsview,26,Downsview-Roding-CFB (26),D31,622157.6249,4843129.3598
5856,6156731,1174844,5/19/2010 8:00:00 AM,1732,BENNINGTON HEIGHTS DR,MOOREHILL DR,,Local,North York,43.693145,-79.37229,,Yield Sign,Clear,Daylight,Dry,Non-Fatal Injury,Turning Movement,Driver,15 to 19,Minimal,,North,"Automobile, Station Wagon",Turning Left,Failed to Yield Right of Way,Normal,,,,,,,,,Yes,,,,,,,Yes,,,,56,Leaside-Bennington,56,Leaside-Bennington (56),D53,631172.0144,4839078.3861
5857,6156732,1174844,5/19/2010 8:00:00 AM,1732,BENNINGTON HEIGHTS DR,MOOREHILL DR,,Local,North York,43.693145,-79.37229,,Yield Sign,Clear,Daylight,Dry,Non-Fatal Injury,Turning Movement,Driver,30 to 34,Major,,West,"Automobile, Station Wagon",Going Ahead,Driving Properly,Normal,,,,,,,,,Yes,,,,,,,Yes,,,,56,Leaside-Bennington,56,Leaside-Bennington (56),D53,631172.0144,4839078.3861
5858,6159377,1176088,5/20/2010 8:00:00 AM,855,MOUNT PLEASANT RD,PENROSE RD,,Major Arterial,North York,43.703245,-79.38819,At Intersection,No Control,Clear,Daylight,Dry,Non-Fatal Injury,Turning Movement,Moped Driver,20 to 24,Major,,South,Moped,Going Ahead,Driving Properly,Normal,,,,,,,,Yes,Yes,,,,,,,Yes,,,,174,South Eglinton-Davisville,104,Mount Pleasant West (104),D53,629868.8637,4840175.1021
5859,6159378,1176088,5/20/2010 8:00:00 AM,855,MOUNT PLEASANT RD,PENROSE RD,,Major Arterial,North York,43.703245,-79.38819,At Intersection,No Control,Clear,Daylight,Dry,Non-Fatal Injury,Turning Movement,Vehicle Owner,unknown,,,,Other,,,,,,,,,,,Yes,Yes,,,,,,,Yes,,,,174,South Eglinton-Davisville,104,Mount Pleasant West (104),D53,629868.8637,4840175.1021
5860,6159379,1176088,5/20/2010 8:00:00 AM,855,MOUNT PLEASANT RD,PENROSE RD,,Major Arterial,North York,43.703245,-79.38819,At Intersection,No Control,Clear,Daylight,Dry,Non-Fatal Injury,Turning Movement,Driver,45 to 49,None,,North,"Automobile, Station Wagon",Turning Left,Improper Turn,Normal,,,,,,,,Yes,Yes,,,,,,,Yes,,,,174,South Eglinton-Davisville,104,Mount Pleasant West (104),D53,629868.8637,4840175.1021
5861,6144308,1169356,5/20/2010 8:00:00 AM,2105,TWYN RIVERS DR,SHEPPARD AVE E,,Collector,Scarborough,43.810045,-79.16279,,No Control,Clear,Dark,Dry,Non-Fatal Injury,SMV Other,Motorcycle Driver,20 to 24,Major,,East,Motorcycle,Going Ahead,Lost control,Inattentive,,,,,,,,,,Yes,,,,,,,,,,144,Morningside Heights,131,Rouge (131),D42,647767.1773,4852414.7023
5862,6144309,1169356,5/20/2010 8:00:00 AM,2105,TWYN RIVERS DR,SHEPPARD AVE E,,Collector,Scarborough,43.810045,-79.16279,,No Control,Clear,Dark,Dry,Non-Fatal Injury,SMV Other,Other Property Owner,unknown,,,,Other,,,,,,,,,,,,,Yes,,,,,,,,,,144,Morningside Heights,131,Rouge (131),D42,647767.1773,4852414.7023
5863,6159307,1176062,5/21/2010 8:00:00 AM,614,KING ST W,STRACHAN AVE,,Major Arterial,Toronto and East York,43.642031,-79.41196,,No Control,Clear,Daylight,Dry,Non-Fatal Injury,Pedestrian Collisions,Vehicle Owner,unknown,,,,Other,,,,,,,,,,Yes,,,,,Yes,,,,,,,,162,West Queen West,82,Niagara (82),D14,628083.7719,4833339.5039
5864,6159308,1176062,5/21/2010 8:00:00 AM,614,KING ST W,STRACHAN AVE,,Major Arterial,Toronto and East York,43.642031,-79.41196,,No Control,Clear,Daylight,Dry,Non-Fatal Injury,Pedestrian Collisions,Driver,30 to 34,None,,East,Municipal Transit Bus (TTC),Going Ahead,Driving Properly,Normal,,,,,,,Yes,,,,,Yes,,,,,,,,162,West Queen West,82,Niagara (82),D14,628083.7719,4833339.5039
5865,6159309,1176062,5/21/2010 8:00:00 AM,614,KING ST W,STRACHAN AVE,,Major Arterial,Toronto and East York,43.642031,-79.41196,,No Control,Clear,Daylight,Dry,Non-Fatal Injury,Pedestrian Collisions,Pedestrian,45 to 49,Major,,North,Other,,,,Pedestrian involved in a collision with transit vehicle anywhere along roadway,"Crossing, no Traffic Control",Had Been Drinking,,,,Yes,,,,,Yes,,,,,,,,162,West Queen West,82,Niagara (82),D14,628083.7719,4833339.5039
5866,6160564,1176586,5/23/2010 8:00:00 AM,240,187 TEDDINGTON PARK AVE,,,Local,North York,43.734745,-79.39509,,No Control,Clear,Dark,Dry,Non-Fatal Injury,Pedestrian Collisions,Vehicle Owner,unknown,,,,Other,,,,,,,,,,Yes,,Yes,,,,,,,Yes,,,,105,Lawrence Park North,105,Lawrence Park North (105),D32,629245.1567,4843662.8423
5867,6160565,1176586,5/23/2010 8:00:00 AM,240,187 TEDDINGTON PARK AVE,,,Local,North York,43.734745,-79.39509,,No Control,Clear,Dark,Dry,Non-Fatal Injury,Pedestrian Collisions,Driver,30 to 34,None,,East,"Automobile, Station Wagon",Going Ahead,Following too Close,Normal,,,,,,,Yes,,Yes,,,,,,,Yes,,,,105,Lawrence Park North,105,Lawrence Park North (105),D32,629245.1567,4843662.8423
5868,6160566,1176586,5/23/2010 8:00:00 AM,240,187 TEDDINGTON PARK AVE,,,Local,North York,43.734745,-79.39509,,No Control,Clear,Dark,Dry,Non-Fatal Injury,Pedestrian Collisions,Pedestrian,20 to 24,Major,,East,Other,,,,Pedestrian hit at mid-block,Running onto Roadway,Had Been Drinking,,,,Yes,,Yes,,,,,,,Yes,,,,105,Lawrence Park North,105,Lawrence Park North (105),D32,629245.1567,4843662.8423
5869,6161119,1176855,5/24/2010 8:00:00 AM,2326,LAKE SHORE BLVD W,NEWFOUNDLAND RD,,Major Arterial,Toronto and East York,43.632445,-79.41079,At Intersection,Traffic Signal,Clear,Dark,Dry,Non-Fatal Injury,SMV Other,Passenger,25 to 29,Major,,,Other,,,,,,,,,,,,Yes,,,,,Yes,,,,,,163,Fort York-Liberty Village,82,Niagara (82),D14,628198.5232,4832276.6621
5870,6161120,1176855,5/24/2010 8:00:00 AM,2326,LAKE SHORE BLVD W,NEWFOUNDLAND RD,,Major Arterial,Toronto and East York,43.632445,-79.41079,At Intersection,Traffic Signal,Clear,Dark,Dry,Non-Fatal Injury,SMV Other,Vehicle Owner,unknown,,,,Other,,,,,,,,,,,,Yes,,,,,Yes,,,,,,163,Fort York-Liberty Village,82,Niagara (82),D14,628198.5232,4832276.6621
5871,6161121,1176855,5/24/2010 8:00:00 AM,2326,LAKE SHORE BLVD W,NEWFOUNDLAND RD,,Major Arterial,Toronto and East York,43.632445,-79.41079,At Intersection,Traffic Signal,Clear,Dark,Dry,Non-Fatal Injury,SMV Other,Driver,25 to 29,Major,,West,"Automobile, Station Wagon",Going Ahead,Lost control,Inattentive,,,,,,,,,Yes,,,,,Yes,,,,,,163,Fort York-Liberty Village,82,Niagara (82),D14,628198.5232,4832276.6621
5872,6145164,1169790,5/25/2010 8:00:00 AM,1028,ORTON PARK RD,AMBOY RD,,Minor Arterial,Scarborough,43.767545,-79.20709,,No Control,Clear,Daylight,Dry,Fatal,Approaching,Motorcycle Driver,50 to 54,Fatal,19,North,Motorcycle,Going Ahead,Driving Properly,Unknown,,,,,,,,,Yes,Yes,,,,,,,,,,135,Morningside,135,Morningside (135),D43,644306.324,4847616.2296
5873,6145165,1169790,5/25/2010 8:00:00 AM,1028,ORTON PARK RD,AMBOY RD,,Minor Arterial,Scarborough,43.767545,-79.20709,,No Control,Clear,Daylight,Dry,Fatal,Approaching,Driver,40 to 44,None,,South,"Automobile, Station Wagon",Going Ahead,Lost control,Inattentive,,,,,,,,,Yes,Yes,,,,,,,,,,135,Morningside,135,Morningside (135),D43,644306.324,4847616.2296
5874,6161980,1177202,5/25/2010 8:00:00 AM,1030,BATHURST ST,EGLINTON AVE W,,Major Arterial,North York,43.700945,-79.42559,At Intersection,Traffic Signal,Clear,Daylight,Dry,Non-Fatal Injury,Turning Movement,Passenger,10 to 14,Minor,,,Other,,,,,,,,,,,,Yes,,,,,Yes,,,,,,106,Humewood-Cedarvale,106,Humewood-Cedarvale (106),D13,626860.244,4839861.748
5875,6161981,1177202,5/25/2010 8:00:00 AM,1030,BATHURST ST,EGLINTON AVE W,,Major Arterial,North York,43.700945,-79.42559,At Intersection,Traffic Signal,Clear,Daylight,Dry,Non-Fatal Injury,Turning Movement,Vehicle Owner,unknown,,,,Other,,,,,,,,,,,,Yes,,,,,Yes,,,,,,106,Humewood-Cedarvale,106,Humewood-Cedarvale (106),D13,626860.244,4839861.748
5876,6161982,1177202,5/25/2010 8:00:00 AM,1030,BATHURST ST,EGLINTON AVE W,,Major Arterial,North York,43.700945,-79.42559,At Intersection,Traffic Signal,Clear,Daylight,Dry,Non-Fatal Injury,Turning Movement,Driver,35 to 39,Minimal,,North,"Automobile, Station Wagon",Going Ahead,Driving Properly,Normal,,,,,,,,,Yes,,,,,Yes,,,,,,106,Humewood-Cedarvale,106,Humewood-Cedarvale (106),D13,626860.244,4839861.748