OBJECTID,INDEX,ACCNUM,DATE,TIME,STREET1,STREET2,OFFSET,ROAD_CLASS,DISTRICT,LATITUDE,LONGITUDE,ACCLOC,TRAFFCTL,VISIBILITY,LIGHT,RDSFCOND,ACCLASS,IMPACTYPE,INVTYPE,INVAGE,INJURY,FATAL_NO,INITDIR,VEHTYPE,MANOEUVER,DRIVACT,DRIVCOND,PEDTYPE,PEDACT,PEDCOND,CYCLISTYPE,CYCACT,CYCCOND,PEDESTRIAN,CYCLIST,AUTOMOBILE,MOTORCYCLE,TRUCK,TRSN_CITY_VEH,EMERG_VEH,PASSENGER,SPEEDING,AG_DRIV,REDLIGHT,ALCOHOL,DISABILITY,HOOD_158,NEIGHBOURHOOD_158,HOOD_140,NEIGHBOURHOOD_140,DIVISION,x,y
5877,6161983,1177202,5/25/2010 8:00:00 AM,1030,BATHURST ST,EGLINTON AVE W,,Major Arterial,North York,43.700945,-79.42559,At Intersection,Traffic Signal,Clear,Daylight,Dry,Non-Fatal Injury,Turning Movement,Passenger,10 to 14,Major,,,Other,,,,,,,,,,,,Yes,,,,,Yes,,,,,,106,Humewood-Cedarvale,106,Humewood-Cedarvale (106),D13,626860.244,4839861.748
5878,6161984,1177202,5/25/2010 8:00:00 AM,1030,BATHURST ST,EGLINTON AVE W,,Major Arterial,North York,43.700945,-79.42559,At Intersection,Traffic Signal,Clear,Daylight,Dry,Non-Fatal Injury,Turning Movement,Passenger,5 to 9,Major,,,Other,,,,,,,,,,,,Yes,,,,,Yes,,,,,,106,Humewood-Cedarvale,106,Humewood-Cedarvale (106),D13,626860.244,4839861.748
5879,6161985,1177202,5/25/2010 8:00:00 AM,1030,BATHURST ST,EGLINTON AVE W,,Major Arterial,North York,43.700945,-79.42559,At Intersection,Traffic Signal,Clear,Daylight,Dry,Non-Fatal Injury,Turning Movement,Passenger,40 to 44,Major,,,Other,,,,,,,,,,,,Yes,,,,,Yes,,,,,,106,Humewood-Cedarvale,106,Humewood-Cedarvale (106),D13,626860.244,4839861.748
5880,6161986,1177202,5/25/2010 8:00:00 AM,1030,BATHURST ST,EGLINTON AVE W,,Major Arterial,North York,43.700945,-79.42559,At Intersection,Traffic Signal,Clear,Daylight,Dry,Non-Fatal Injury,Turning Movement,Passenger,40 to 44,Minor,,,Other,,,,,,,,,,,,Yes,,,,,Yes,,,,,,106,Humewood-Cedarvale,106,Humewood-Cedarvale (106),D13,626860.244,4839861.748
5881,6161987,1177202,5/25/2010 8:00:00 AM,1030,BATHURST ST,EGLINTON AVE W,,Major Arterial,North York,43.700945,-79.42559,At Intersection,Traffic Signal,Clear,Daylight,Dry,Non-Fatal Injury,Turning Movement,Vehicle Owner,unknown,,,,Other,,,,,,,,,,,,Yes,,,,,Yes,,,,,,106,Humewood-Cedarvale,106,Humewood-Cedarvale (106),D13,626860.244,4839861.748
5882,6161988,1177202,5/25/2010 8:00:00 AM,1030,BATHURST ST,EGLINTON AVE W,,Major Arterial,North York,43.700945,-79.42559,At Intersection,Traffic Signal,Clear,Daylight,Dry,Non-Fatal Injury,Turning Movement,Driver,40 to 44,Minimal,,South,"Automobile, Station Wagon",Turning Left,Improper Turn,Inattentive,,,,,,,,,Yes,,,,,Yes,,,,,,106,Humewood-Cedarvale,106,Humewood-Cedarvale (106),D13,626860.244,4839861.748
5883,6161945,1177187,5/25/2010 8:00:00 AM,1050,NOBLE ST,BROCK AVE,,Collector,Toronto and East York,43.642345,-79.43269,At Intersection,No Control,Clear,Daylight,Dry,Non-Fatal Injury,Pedestrian Collisions,Driver,35 to 39,None,,South,"Automobile, Station Wagon",Turning Left,Failed to Yield Right of Way,Inattentive,,,,,,,Yes,,Yes,,,,,,,Yes,,,,86,Roncesvalles,86,Roncesvalles (86),D11,626411.1133,4833342.5953
5884,6161946,1177187,5/25/2010 8:00:00 AM,1050,NOBLE ST,BROCK AVE,,Collector,Toronto and East York,43.642345,-79.43269,At Intersection,No Control,Clear,Daylight,Dry,Non-Fatal Injury,Pedestrian Collisions,Pedestrian,40 to 44,Major,,Unknown,Other,,,,Vehicle turns left while ped crosses with ROW at inter.,Crossing with right of way,Normal,,,,Yes,,Yes,,,,,,,Yes,,,,86,Roncesvalles,86,Roncesvalles (86),D11,626411.1133,4833342.5953
5885,6146111,1170181,5/27/2010 8:00:00 AM,1538,PORT UNION Rd,HIGHWAY 401 C  E,,Minor Arterial,Scarborough,43.797045,-79.14409,,No Control,Clear,Daylight,Dry,Non-Fatal Injury,Cyclist Collisions,Other,unknown,,,North,Other,Parked,,,,,,,,,,Yes,,,,,,,,,,,,143,West Rouge,131,Rouge (131),D43,649303.6261,4851004.4068
5886,6146112,1170181,5/27/2010 8:00:00 AM,1538,PORT UNION Rd,HIGHWAY 401 C  E,,Minor Arterial,Scarborough,43.797045,-79.14409,,No Control,Clear,Daylight,Dry,Non-Fatal Injury,Cyclist Collisions,Cyclist,35 to 39,Major,,North,Bicycle,Going Ahead,,,,,,Cyclist and Driver travelling in same direction. One vehicle rear-ended the other.,Other,"Ability Impaired, Drugs",,Yes,,,,,,,,,,,,143,West Rouge,131,Rouge (131),D43,649303.6261,4851004.4068
5887,6164359,1178296,5/28/2010 8:00:00 AM,1508,QUEENS QUAY W,LOWER SIMCOE ST,,Minor Arterial,Toronto and East York,43.639245,-79.38389,,No Control,Clear,Daylight,Dry,Non-Fatal Injury,Turning Movement,Passenger,40 to 44,Major,,,Other,,,,,,,,,,,,Yes,,,Yes,,Yes,,,,,,165,Harbourfront-CityPlace,77,Waterfront Communities-The Island (77),D52,630353.8136,4833073.7841
5888,6164360,1178296,5/28/2010 8:00:00 AM,1508,QUEENS QUAY W,LOWER SIMCOE ST,,Minor Arterial,Toronto and East York,43.639245,-79.38389,,No Control,Clear,Daylight,Dry,Non-Fatal Injury,Turning Movement,Driver,45 to 49,Major,,West,"Automobile, Station Wagon",Turning Left,Improper Turn,Inattentive,,,,,,,,,Yes,,,Yes,,Yes,,,,,,165,Harbourfront-CityPlace,77,Waterfront Communities-The Island (77),D52,630353.8136,4833073.7841
5889,6164361,1178296,5/28/2010 8:00:00 AM,1508,QUEENS QUAY W,LOWER SIMCOE ST,,Minor Arterial,Toronto and East York,43.639245,-79.38389,,No Control,Clear,Daylight,Dry,Non-Fatal Injury,Turning Movement,Vehicle Owner,unknown,,,,Other,,,,,,,,,,,,Yes,,,Yes,,Yes,,,,,,165,Harbourfront-CityPlace,77,Waterfront Communities-The Island (77),D52,630353.8136,4833073.7841
5890,6164362,1178296,5/28/2010 8:00:00 AM,1508,QUEENS QUAY W,LOWER SIMCOE ST,,Minor Arterial,Toronto and East York,43.639245,-79.38389,,No Control,Clear,Daylight,Dry,Non-Fatal Injury,Turning Movement,Driver,45 to 49,None,,West,Municipal Transit Bus (TTC),Going Ahead,Driving Properly,Normal,,,,,,,,,Yes,,,Yes,,Yes,,,,,,165,Harbourfront-CityPlace,77,Waterfront Communities-The Island (77),D52,630353.8136,4833073.7841
5891,6166514,1179238,5/30/2010 8:00:00 AM,1410,CALEDONIA RD,KITCHENER AVE,,Minor Arterial,Toronto and East York,43.688945,-79.46049,At Intersection,Traffic Signal,Clear,Daylight,Dry,Non-Fatal Injury,Pedestrian Collisions,Pedestrian,15 to 19,Minor,,East,Other,,,,Vehicle turns left while ped crosses with ROW at inter.,Crossing with right of way,Normal,,,,Yes,,Yes,,,,,,,Yes,,,,109,Caledonia-Fairbank,109,Caledonia-Fairbank (109),D13,624072.8479,4838476.174
5892,6166515,1179238,5/30/2010 8:00:00 AM,1410,CALEDONIA RD,KITCHENER AVE,,Minor Arterial,Toronto and East York,43.688945,-79.46049,At Intersection,Traffic Signal,Clear,Daylight,Dry,Non-Fatal Injury,Pedestrian Collisions,Driver,50 to 54,Major,,West,"Automobile, Station Wagon",Turning Left,Failed to Yield Right of Way,Normal,,,,,,,Yes,,Yes,,,,,,,Yes,,,,109,Caledonia-Fairbank,109,Caledonia-Fairbank (109),D13,624072.8479,4838476.174
5893,6165045,1178593,5/31/2010 8:00:00 AM,1541,BLOOR ST W,ROYAL YORK RD,,Major Arterial,Etobicoke York,43.647345,-79.51139,At Intersection,Traffic Signal,Clear,Daylight,Dry,Non-Fatal Injury,Rear End,Vehicle Owner,unknown,,,,Other,,,,,,,,,,,,Yes,,,,,,,,,,,16,Stonegate-Queensway,16,Stonegate-Queensway (16),D22,620053.5619,4833781.0536
5894,6165046,1178593,5/31/2010 8:00:00 AM,1541,BLOOR ST W,ROYAL YORK RD,,Major Arterial,Etobicoke York,43.647345,-79.51139,At Intersection,Traffic Signal,Clear,Daylight,Dry,Non-Fatal Injury,Rear End,Driver,40 to 44,None,,East,"Automobile, Station Wagon",Going Ahead,Driving Properly,Normal,,,,,,,,,Yes,,,,,,,,,,,16,Stonegate-Queensway,16,Stonegate-Queensway (16),D22,620053.5619,4833781.0536
5895,6165047,1178593,5/31/2010 8:00:00 AM,1541,BLOOR ST W,ROYAL YORK RD,,Major Arterial,Etobicoke York,43.647345,-79.51139,At Intersection,Traffic Signal,Clear,Daylight,Dry,Non-Fatal Injury,Rear End,Vehicle Owner,unknown,,,,Other,,,,,,,,,,,,Yes,,,,,,,,,,,16,Stonegate-Queensway,16,Stonegate-Queensway (16),D22,620053.5619,4833781.0536
5896,6165048,1178593,5/31/2010 8:00:00 AM,1541,BLOOR ST W,ROYAL YORK RD,,Major Arterial,Etobicoke York,43.647345,-79.51139,At Intersection,Traffic Signal,Clear,Daylight,Dry,Non-Fatal Injury,Rear End,Driver,35 to 39,Major,,East,"Automobile, Station Wagon",Going Ahead,Lost control,Normal,,,,,,,,,Yes,,,,,,,,,,,16,Stonegate-Queensway,16,Stonegate-Queensway (16),D22,620053.5619,4833781.0536
5897,6165049,1178593,5/31/2010 8:00:00 AM,1541,BLOOR ST W,ROYAL YORK RD,,Major Arterial,Etobicoke York,43.647345,-79.51139,At Intersection,Traffic Signal,Clear,Daylight,Dry,Non-Fatal Injury,Rear End,Vehicle Owner,unknown,,,,Other,,,,,,,,,,,,Yes,,,,,,,,,,,16,Stonegate-Queensway,16,Stonegate-Queensway (16),D22,620053.5619,4833781.0536
5898,6165050,1178593,5/31/2010 8:00:00 AM,1541,BLOOR ST W,ROYAL YORK RD,,Major Arterial,Etobicoke York,43.647345,-79.51139,At Intersection,Traffic Signal,Clear,Daylight,Dry,Non-Fatal Injury,Rear End,Driver,40 to 44,None,,East,"Automobile, Station Wagon",Going Ahead,Driving Properly,Normal,,,,,,,,,Yes,,,,,,,,,,,16,Stonegate-Queensway,16,Stonegate-Queensway (16),D22,620053.5619,4833781.0536
5899,6915025,1178852,6/1/2010 8:00:00 AM,143,DIXON RD,MARTIN GROVE RD,,Major Arterial,Etobicoke York,43.691545,-79.57079,At Intersection,Traffic Signal,Rain,Dark,Wet,Non-Fatal Injury,Angle,Vehicle Owner,unknown,,,,Other,,,,,,,,,,,,Yes,,,,,,,Yes,Yes,,,1,West Humber-Clairville,1,West Humber-Clairville (1),D23,615178.4575,4838605.8266
5900,6915026,1178852,6/1/2010 8:00:00 AM,143,DIXON RD,MARTIN GROVE RD,,Major Arterial,Etobicoke York,43.691545,-79.57079,At Intersection,Traffic Signal,Rain,Dark,Wet,Non-Fatal Injury,Angle,Driver,20 to 24,Minimal,,South,"Automobile, Station Wagon",Going Ahead,Driving Properly,Normal,,,,,,,,,Yes,,,,,,,Yes,Yes,,,1,West Humber-Clairville,1,West Humber-Clairville (1),D23,615178.4575,4838605.8266
5901,6915027,1178852,6/1/2010 8:00:00 AM,143,DIXON RD,MARTIN GROVE RD,,Major Arterial,Etobicoke York,43.691545,-79.57079,At Intersection,Traffic Signal,Rain,Dark,Wet,Non-Fatal Injury,Angle,Driver,60 to 64,Major,,East,"Automobile, Station Wagon",Going Ahead,Disobeyed Traffic Control,Unknown,,,,,,,,,Yes,,,,,,,Yes,Yes,,,1,West Humber-Clairville,1,West Humber-Clairville (1),D23,615178.4575,4838605.8266
5902,6167369,1179667,6/1/2010 8:00:00 AM,1239,KENNEDY RD,SHEPPARD AVE E,,Major Arterial,Scarborough,43.784645,-79.28899,,No Control,Clear,Daylight,Dry,Non-Fatal Injury,Rear End,Driver,45 to 49,None,,North,Pick Up Truck,Going Ahead,Speed too Fast For Condition,Normal,,,,,,,,,Yes,,,,,Yes,Yes,Yes,,,,118,Tam O'Shanter-Sullivan,118,Tam O'Shanter-Sullivan (118),D42,637675.0957,4849375.9777
5903,6167370,1179667,6/1/2010 8:00:00 AM,1239,KENNEDY RD,SHEPPARD AVE E,,Major Arterial,Scarborough,43.784645,-79.28899,,No Control,Clear,Daylight,Dry,Non-Fatal Injury,Rear End,Passenger,75 to 79,Major,,,Other,,,,,,,,,,,,Yes,,,,,Yes,Yes,Yes,,,,118,Tam O'Shanter-Sullivan,118,Tam O'Shanter-Sullivan (118),D42,637675.0957,4849375.9777
5904,6167371,1179667,6/1/2010 8:00:00 AM,1239,KENNEDY RD,SHEPPARD AVE E,,Major Arterial,Scarborough,43.784645,-79.28899,,No Control,Clear,Daylight,Dry,Non-Fatal Injury,Rear End,Driver,55 to 59,Minimal,,North,"Automobile, Station Wagon",Stopped,Driving Properly,Normal,,,,,,,,,Yes,,,,,Yes,Yes,Yes,,,,118,Tam O'Shanter-Sullivan,118,Tam O'Shanter-Sullivan (118),D42,637675.0957,4849375.9777
5905,6167372,1179667,6/1/2010 8:00:00 AM,1239,KENNEDY RD,SHEPPARD AVE E,,Major Arterial,Scarborough,43.784645,-79.28899,,No Control,Clear,Daylight,Dry,Non-Fatal Injury,Rear End,Passenger,20 to 24,Minor,,,Other,,,,,,,,,,,,Yes,,,,,Yes,Yes,Yes,,,,118,Tam O'Shanter-Sullivan,118,Tam O'Shanter-Sullivan (118),D42,637675.0957,4849375.9777
5906,6167373,1179667,6/1/2010 8:00:00 AM,1239,KENNEDY RD,SHEPPARD AVE E,,Major Arterial,Scarborough,43.784645,-79.28899,,No Control,Clear,Daylight,Dry,Non-Fatal Injury,Rear End,Driver,50 to 54,Minor,,North,"Automobile, Station Wagon",Stopped,Driving Properly,Normal,,,,,,,,,Yes,,,,,Yes,Yes,Yes,,,,118,Tam O'Shanter-Sullivan,118,Tam O'Shanter-Sullivan (118),D42,637675.0957,4849375.9777
5907,6167318,1179647,6/1/2010 8:00:00 AM,1750,AVENUE RD,HILLHURST BLVD,,Major Arterial,North York,43.712045,-79.41169,At Intersection,Traffic Signal,Clear,Daylight,Dry,Non-Fatal Injury,Pedestrian Collisions,Vehicle Owner,unknown,,,,Other,,,,,,,,,,Yes,,Yes,,,,,,,Yes,,,,103,Lawrence Park South,103,Lawrence Park South (103),D53,627956.6465,4841115.9216
5908,6167319,1179647,6/1/2010 8:00:00 AM,1750,AVENUE RD,HILLHURST BLVD,,Major Arterial,North York,43.712045,-79.41169,At Intersection,Traffic Signal,Clear,Daylight,Dry,Non-Fatal Injury,Pedestrian Collisions,Driver,15 to 19,None,,South,"Automobile, Station Wagon",Going Ahead,Following too Close,Normal,,,,,,,Yes,,Yes,,,,,,,Yes,,,,103,Lawrence Park South,103,Lawrence Park South (103),D53,627956.6465,4841115.9216
5909,6167320,1179647,6/1/2010 8:00:00 AM,1750,AVENUE RD,HILLHURST BLVD,,Major Arterial,North York,43.712045,-79.41169,At Intersection,Traffic Signal,Clear,Daylight,Dry,Non-Fatal Injury,Pedestrian Collisions,Vehicle Owner,unknown,,,,Other,,,,,,,,,,Yes,,Yes,,,,,,,Yes,,,,103,Lawrence Park South,103,Lawrence Park South (103),D53,627956.6465,4841115.9216
5910,6167321,1179647,6/1/2010 8:00:00 AM,1750,AVENUE RD,HILLHURST BLVD,,Major Arterial,North York,43.712045,-79.41169,At Intersection,Traffic Signal,Clear,Daylight,Dry,Non-Fatal Injury,Pedestrian Collisions,Driver,35 to 39,None,,South,"Automobile, Station Wagon",Turning Right,Driving Properly,Normal,,,,,,,Yes,,Yes,,,,,,,Yes,,,,103,Lawrence Park South,103,Lawrence Park South (103),D53,627956.6465,4841115.9216
5911,6167322,1179647,6/1/2010 8:00:00 AM,1750,AVENUE RD,HILLHURST BLVD,,Major Arterial,North York,43.712045,-79.41169,At Intersection,Traffic Signal,Clear,Daylight,Dry,Non-Fatal Injury,Pedestrian Collisions,Pedestrian,40 to 44,Major,,North,Other,,,,Vehicle turns right while ped crosses with ROW at inter.,Crossing with right of way,Normal,,,,Yes,,Yes,,,,,,,Yes,,,,103,Lawrence Park South,103,Lawrence Park South (103),D53,627956.6465,4841115.9216
5912,6166767,1179395,6/2/2010 8:00:00 AM,1115,MARKHAM RD,STEELES AVE E,,Major Arterial,Scarborough,43.836545,-79.25119,At Intersection,Traffic Signal,Clear,Daylight,Dry,Non-Fatal Injury,Angle,Vehicle Owner,unknown,,,,Other,,,,,,,,,,,,Yes,,,,,,,Yes,,,,130,Milliken,130,Milliken (130),D42,640594.8393,4855203.8827
5913,6166768,1179395,6/2/2010 8:00:00 AM,1115,MARKHAM RD,STEELES AVE E,,Major Arterial,Scarborough,43.836545,-79.25119,At Intersection,Traffic Signal,Clear,Daylight,Dry,Non-Fatal Injury,Angle,Driver,40 to 44,None,,East,"Automobile, Station Wagon",Going Ahead,Failed to Yield Right of Way,Normal,,,,,,,,,Yes,,,,,,,Yes,,,,130,Milliken,130,Milliken (130),D42,640594.8393,4855203.8827
5914,6166769,1179395,6/2/2010 8:00:00 AM,1115,MARKHAM RD,STEELES AVE E,,Major Arterial,Scarborough,43.836545,-79.25119,At Intersection,Traffic Signal,Clear,Daylight,Dry,Non-Fatal Injury,Angle,Driver,35 to 39,Major,,North,"Automobile, Station Wagon",Going Ahead,Driving Properly,Normal,,,,,,,,,Yes,,,,,,,Yes,,,,130,Milliken,130,Milliken (130),D42,640594.8393,4855203.8827
5915,6153552,1173447,6/2/2010 8:00:00 AM,2039,ALEXDON RD,FINCH AVE W,,Major Arterial,North York,43.764645,-79.48549,At Intersection,Stop Sign,Rain,Dark,Wet,Non-Fatal Injury,Pedestrian Collisions,Driver,unknown,None,,North,"Automobile, Station Wagon",Turning Right,Failed to Yield Right of Way,Normal,,,,,,,Yes,,Yes,,,,,,,Yes,,,,27,York University Heights,27,York University Heights (27),D31,621904.368,4846846.6364
5916,6153553,1173447,6/2/2010 8:00:00 AM,2039,ALEXDON RD,FINCH AVE W,,Major Arterial,North York,43.764645,-79.48549,At Intersection,Stop Sign,Rain,Dark,Wet,Non-Fatal Injury,Pedestrian Collisions,Pedestrian,15 to 19,Major,,East,Other,,,,Vehicle turns right while ped crosses with ROW at inter.,Crossing with right of way,Normal,,,,Yes,,Yes,,,,,,,Yes,,,,27,York University Heights,27,York University Heights (27),D31,621904.368,4846846.6364
5917,6253671,1171252,6/2/2010 8:00:00 AM,2145,UNIVERSITY AVE,GERRARD ST W,,Major Arterial,Toronto and East York,43.657545,-79.38949,At Intersection,Traffic Signal,Rain,Dark,Wet,Non-Fatal Injury,Pedestrian Collisions,Driver,30 to 34,None,,South,"Automobile, Station Wagon",Going Ahead,Driving Properly,Normal,,,,,,,Yes,,Yes,,,,,,,,,,,170,Yonge-Bay Corridor,76,Bay Street Corridor (76),D52,629862.6754,4835097.4584
5918,6253672,1171252,6/2/2010 8:00:00 AM,2145,UNIVERSITY AVE,GERRARD ST W,,Major Arterial,Toronto and East York,43.657545,-79.38949,At Intersection,Traffic Signal,Rain,Dark,Wet,Non-Fatal Injury,Pedestrian Collisions,Pedestrian,30 to 34,Major,,West,Other,,,,Vehicle is going straight thru inter.while ped cross without ROW,Crossing without right of way,Had Been Drinking,,,,Yes,,Yes,,,,,,,,,,,170,Yonge-Bay Corridor,76,Bay Street Corridor (76),D52,629862.6754,4835097.4584
5919,6148450,1171250,6/3/2010 8:00:00 AM,120,DUFFERIN ST,ST CLAIR AVE W,,Major Arterial,Toronto and East York,43.677945,-79.44309,At Intersection,Traffic Signal,Rain,Dark,Wet,Fatal,Pedestrian Collisions,Driver,45 to 49,None,,North,"Automobile, Station Wagon",Going Ahead,Driving Properly,Normal,,,,,,,Yes,,Yes,,,,,,,,,,,92,Corso Italia-Davenport,92,Corso Italia-Davenport (92),D13,625498.1033,4837280.6554
5920,6148451,1171250,6/3/2010 8:00:00 AM,120,DUFFERIN ST,ST CLAIR AVE W,,Major Arterial,Toronto and East York,43.677945,-79.44309,At Intersection,Traffic Signal,Rain,Dark,Wet,Fatal,Pedestrian Collisions,Pedestrian,50 to 54,Fatal,20,West,Other,,,,Vehicle is going straight thru inter.while ped cross without ROW,Crossing without right of way,Unknown,,,,Yes,,Yes,,,,,,,,,,,92,Corso Italia-Davenport,92,Corso Italia-Davenport (92),D13,625498.1033,4837280.6554
5921,6168065,1179966,6/3/2010 8:00:00 AM,1302,MILVERTON BLVD,LINNSMORE CRES,,Local,Toronto and East York,43.685345,-79.33049,,No Control,Clear,Daylight,Dry,Non-Fatal Injury,Cyclist Collisions,Driver,35 to 39,None,,West,"Automobile, Station Wagon",Parked,Other,Inattentive,,,,,,,,Yes,Yes,,,,,,,,,,,66,Danforth,66,Danforth (66),D55,634558.0224,4838279.0619
5922,6168066,1179966,6/3/2010 8:00:00 AM,1302,MILVERTON BLVD,LINNSMORE CRES,,Local,Toronto and East York,43.685345,-79.33049,,No Control,Clear,Daylight,Dry,Non-Fatal Injury,Cyclist Collisions,Cyclist,20 to 24,Major,,West,Bicycle,Going Ahead,,,,,,Cyclist struck opened vehicle door,Driving Properly,Normal,,Yes,Yes,,,,,,,,,,,66,Danforth,66,Danforth (66),D55,634558.0224,4838279.0619
5923,6149392,1171639,6/4/2010 8:00:00 AM,310,KING ST W,JOE SHUSTER WAY,,Major Arterial,Toronto and East York,43.639745,-79.42359,At Intersection,Traffic Signal,Clear,Dark,Dry,Non-Fatal Injury,Rear End,Driver,30 to 34,None,,West,"Automobile, Station Wagon",Going Ahead,Other,Normal,,,,,,,,Yes,Yes,,,,,,,,,,,85,South Parkdale,85,South Parkdale (85),D14,627150.564,4833067.7322
5924,6149393,1171639,6/4/2010 8:00:00 AM,310,KING ST W,JOE SHUSTER WAY,,Major Arterial,Toronto and East York,43.639745,-79.42359,At Intersection,Traffic Signal,Clear,Dark,Dry,Non-Fatal Injury,Rear End,Moped Driver,35 to 39,Major,,West,"Automobile, Station Wagon",Going Ahead,Other,Had Been Drinking,,,,,,,,Yes,Yes,,,,,,,,,,,85,South Parkdale,85,South Parkdale (85),D14,627150.564,4833067.7322
5925,6150097,1171946,6/5/2010 8:00:00 AM,246,BAYVIEW AVE,POTTERY RD,,Major Arterial,North York,43.690745,-79.36219,,No Control,Rain,Dark,Wet,Non-Fatal Injury,SMV Other,Driver,30 to 34,Major,,South,"Automobile, Station Wagon",Going Ahead,Speed too Fast For Condition,Normal,,,,,,,,,Yes,,,,,,Yes,Yes,,,,56,Leaside-Bennington,56,Leaside-Bennington (56),D53,631991.2149,4838827.8599
5926,6150098,1171946,6/5/2010 8:00:00 AM,246,BAYVIEW AVE,POTTERY RD,,Major Arterial,North York,43.690745,-79.36219,,No Control,Rain,Dark,Wet,Non-Fatal Injury,SMV Other,Other Property Owner,unknown,,,,Other,,,,,,,,,,,,Yes,,,,,,Yes,Yes,,,,56,Leaside-Bennington,56,Leaside-Bennington (56),D53,631991.2149,4838827.8599
5927,6149933,1171865,6/5/2010 8:00:00 AM,345,EGLINTON AVE W,LOCKSLEY AVE,,Major Arterial,North York,43.696345,-79.44729,At Intersection,No Control,"Fog, Mist, Smoke, Dust",Dark,Dry,Non-Fatal Injury,Pedestrian Collisions,Vehicle Owner,unknown,,,,Other,,,,,,,,,,Yes,,Yes,,,,,,,Yes,,,,107,Oakwood Village,107,Oakwood Village (107),D13,625121.2882,4839317.8796
5928,6149934,1171865,6/5/2010 8:00:00 AM,345,EGLINTON AVE W,LOCKSLEY AVE,,Major Arterial,North York,43.696345,-79.44729,At Intersection,No Control,"Fog, Mist, Smoke, Dust",Dark,Dry,Non-Fatal Injury,Pedestrian Collisions,Driver,20 to 24,None,,East,"Automobile, Station Wagon",Going Ahead,Other,Had Been Drinking,,,,,,,Yes,,Yes,,,,,,,Yes,,,,107,Oakwood Village,107,Oakwood Village (107),D13,625121.2882,4839317.8796
5929,6149935,1171865,6/5/2010 8:00:00 AM,345,EGLINTON AVE W,LOCKSLEY AVE,,Major Arterial,North York,43.696345,-79.44729,At Intersection,No Control,"Fog, Mist, Smoke, Dust",Dark,Dry,Non-Fatal Injury,Pedestrian Collisions,Pedestrian,35 to 39,Major,,North,Other,,,,Pedestrian hit at mid-block,"Crossing, no Traffic Control",Had Been Drinking,,,,Yes,,Yes,,,,,,,Yes,,,,107,Oakwood Village,107,Oakwood Village (107),D13,625121.2882,4839317.8796
5930,6169098,1180385,6/6/2010 8:00:00 AM,45,1492 LAKE SHORE BLVD W,,,Major Arterial,Toronto and East York,43.637945,-79.45739,,No Control,Rain,Dark,Wet,Non-Fatal Injury,SMV Other,Passenger,15 to 19,Minimal,,,Other,,,,,,,,,,,,Yes,,,,,Yes,,,,,,85,South Parkdale,85,South Parkdale (85),D11,624428.0023,4832816.5959
5931,6169099,1180385,6/6/2010 8:00:00 AM,45,1492 LAKE SHORE BLVD W,,,Major Arterial,Toronto and East York,43.637945,-79.45739,,No Control,Rain,Dark,Wet,Non-Fatal Injury,SMV Other,Driver,40 to 44,Major,,East,"Automobile, Station Wagon",Going Ahead,Lost control,Normal,,,,,,,,,Yes,,,,,Yes,,,,,,85,South Parkdale,85,South Parkdale (85),D11,624428.0023,4832816.5959
5932,6169100,1180385,6/6/2010 8:00:00 AM,45,1492 LAKE SHORE BLVD W,,,Major Arterial,Toronto and East York,43.637945,-79.45739,,No Control,Rain,Dark,Wet,Non-Fatal Injury,SMV Other,Passenger,15 to 19,Minor,,,Other,,,,,,,,,,,,Yes,,,,,Yes,,,,,,85,South Parkdale,85,South Parkdale (85),D11,624428.0023,4832816.5959
5933,6169101,1180385,6/6/2010 8:00:00 AM,45,1492 LAKE SHORE BLVD W,,,Major Arterial,Toronto and East York,43.637945,-79.45739,,No Control,Rain,Dark,Wet,Non-Fatal Injury,SMV Other,Other Property Owner,unknown,,,,Other,,,,,,,,,,,,Yes,,,,,Yes,,,,,,85,South Parkdale,85,South Parkdale (85),D11,624428.0023,4832816.5959
5934,6153558,1173449,6/6/2010 8:00:00 AM,325,DUNDAS ST W,BLOOR ST W,,Major Arterial,Toronto and East York,43.656345,-79.45249,At Intersection,Traffic Signal,Rain,Dark,Wet,Non-Fatal Injury,Pedestrian Collisions,Driver,unknown,None,,South,"Automobile, Station Wagon",Turning Left,Failed to Yield Right of Way,Unknown,,,,,,,Yes,,Yes,,,,,,,Yes,,,,88,High Park North,88,High Park North (88),D11,624785.138,4834867.5098
5935,6153559,1173449,6/6/2010 8:00:00 AM,325,DUNDAS ST W,BLOOR ST W,,Major Arterial,Toronto and East York,43.656345,-79.45249,At Intersection,Traffic Signal,Rain,Dark,Wet,Non-Fatal Injury,Pedestrian Collisions,Pedestrian,25 to 29,Major,,South,Other,,,,Vehicle turns left while ped crosses with ROW at inter.,Crossing with right of way,Normal,,,,Yes,,Yes,,,,,,,Yes,,,,88,High Park North,88,High Park North (88),D11,624785.138,4834867.5098
5936,6150244,1171997,6/6/2010 8:00:00 AM,822,UNIVERSITY AVE,ORDE ST,,Major Arterial,Toronto and East York,43.658744,-79.389987,,No Control,Rain,Daylight,Wet,Fatal,Pedestrian Collisions,Vehicle Owner,unknown,,,,Other,,,,,,,,,,Yes,,,,,Yes,,,,,,,,170,Yonge-Bay Corridor,76,Bay Street Corridor (76),D52,629820.0157,4835229.8455
5937,6150245,1171997,6/6/2010 8:00:00 AM,822,UNIVERSITY AVE,ORDE ST,,Major Arterial,Toronto and East York,43.658744,-79.389987,,No Control,Rain,Daylight,Wet,Fatal,Pedestrian Collisions,Driver,30 to 34,None,,South,Municipal Transit Bus (TTC),Going Ahead,Driving Properly,Normal,,,,,,,Yes,,,,,Yes,,,,,,,,170,Yonge-Bay Corridor,76,Bay Street Corridor (76),D52,629820.0157,4835229.8455