OBJECTID,INDEX,ACCNUM,DATE,TIME,STREET1,STREET2,OFFSET,ROAD_CLASS,DISTRICT,LATITUDE,LONGITUDE,ACCLOC,TRAFFCTL,VISIBILITY,LIGHT,RDSFCOND,ACCLASS,IMPACTYPE,INVTYPE,INVAGE,INJURY,FATAL_NO,INITDIR,VEHTYPE,MANOEUVER,DRIVACT,DRIVCOND,PEDTYPE,PEDACT,PEDCOND,CYCLISTYPE,CYCACT,CYCCOND,PEDESTRIAN,CYCLIST,AUTOMOBILE,MOTORCYCLE,TRUCK,TRSN_CITY_VEH,EMERG_VEH,PASSENGER,SPEEDING,AG_DRIV,REDLIGHT,ALCOHOL,DISABILITY,HOOD_158,NEIGHBOURHOOD_158,HOOD_140,NEIGHBOURHOOD_140,DIVISION,x,y
5938,6150246,1171997,6/6/2010 8:00:00 AM,822,UNIVERSITY AVE,ORDE ST,,Major Arterial,Toronto and East York,43.658744,-79.389987,,No Control,Rain,Daylight,Wet,Fatal,Pedestrian Collisions,Pedestrian,40 to 44,Fatal,22,West,Other,,,,Vehicle is going straight thru inter.while ped cross without ROW,"Crossing, no Traffic Control",Unknown,,,,Yes,,,,,Yes,,,,,,,,170,Yonge-Bay Corridor,76,Bay Street Corridor (76),D52,629820.0157,4835229.8455
5939,6170349,1180878,6/8/2010 8:00:00 AM,908,DUNDAS ST E,SACKVILLE ST,,Major Arterial,Toronto and East York,43.660145,-79.36299,,No Control,Clear,Daylight,Dry,Non-Fatal Injury,Cyclist Collisions,Driver,35 to 39,None,,West,"Automobile, Station Wagon",Overtaking,Improper Passing,Normal,,,,,,,,Yes,Yes,,,,,,,Yes,,,,72,Regent Park,72,Regent Park (72),D51,631993.8154,4835428.0402
5940,6170350,1180878,6/8/2010 8:00:00 AM,908,DUNDAS ST E,SACKVILLE ST,,Major Arterial,Toronto and East York,43.660145,-79.36299,,No Control,Clear,Daylight,Dry,Non-Fatal Injury,Cyclist Collisions,Cyclist,40 to 44,Major,,West,Bicycle,Going Ahead,,,,,,Cyclist and Driver travelling in same direction. One vehicle sideswipes the other.,Driving Properly,Normal,,Yes,Yes,,,,,,,Yes,,,,72,Regent Park,72,Regent Park (72),D51,631993.8154,4835428.0402
5941,6171522,1181330,6/10/2010 8:00:00 AM,1548,MILNER AVE,MORNINGSIDE AVE,,Major Arterial,Scarborough,43.800245,-79.19909,At Intersection,Traffic Signal,Clear,Daylight,Dry,Non-Fatal Injury,Pedestrian Collisions,Vehicle Owner,unknown,,,,Other,,,,,,,,,,Yes,,Yes,,,,,,,,,,,146,Malvern East,132,Malvern (132),D42,644871.2146,4851262.0606
5942,6171523,1181330,6/10/2010 8:00:00 AM,1548,MILNER AVE,MORNINGSIDE AVE,,Major Arterial,Scarborough,43.800245,-79.19909,At Intersection,Traffic Signal,Clear,Daylight,Dry,Non-Fatal Injury,Pedestrian Collisions,Driver,30 to 34,None,,East,"Automobile, Station Wagon",Going Ahead,Driving Properly,Normal,,,,,,,Yes,,Yes,,,,,,,,,,,146,Malvern East,132,Malvern (132),D42,644871.2146,4851262.0606
5943,6171524,1181330,6/10/2010 8:00:00 AM,1548,MILNER AVE,MORNINGSIDE AVE,,Major Arterial,Scarborough,43.800245,-79.19909,At Intersection,Traffic Signal,Clear,Daylight,Dry,Non-Fatal Injury,Pedestrian Collisions,Pedestrian,30 to 34,Major,,South,Other,,,,Vehicle is going straight thru inter.while ped cross without ROW,Crossing without right of way,Normal,,,,Yes,,Yes,,,,,,,,,,,146,Malvern East,132,Malvern (132),D42,644871.2146,4851262.0606
5944,6170617,1180994,6/10/2010 8:00:00 AM,1659,QUEEN ST W,CAMERON ST,,Major Arterial,Toronto and East York,43.648445,-79.39759,,No Control,Clear,Daylight,Dry,Non-Fatal Injury,Turning Movement,Motorcycle Driver,25 to 29,Major,,West,Motorcycle,Going Ahead,Driving Properly,Normal,,,,,,,,,Yes,Yes,,,,,,,,,,164,Wellington Place,77,Waterfront Communities-The Island (77),D14,629229.0459,4834074.1384
5945,6170618,1180994,6/10/2010 8:00:00 AM,1659,QUEEN ST W,CAMERON ST,,Major Arterial,Toronto and East York,43.648445,-79.39759,,No Control,Clear,Daylight,Dry,Non-Fatal Injury,Turning Movement,Driver,20 to 24,None,,West,"Automobile, Station Wagon",Making U Turn,Improper Turn,Normal,,,,,,,,,Yes,Yes,,,,,,,,,,164,Wellington Place,77,Waterfront Communities-The Island (77),D14,629229.0459,4834074.1384
5946,6253694,1172906,6/11/2010 8:00:00 AM,155,WESTON RD,PORTER AVE,,Major Arterial,Etobicoke York,43.682845,-79.47869,At Intersection,No Control,Clear,Dark,Dry,Non-Fatal Injury,Pedestrian Collisions,Driver,55 to 59,None,,North,"Automobile, Station Wagon",Going Ahead,Disobeyed Traffic Control,Normal,,,,,,,Yes,,Yes,,,,,,,Yes,,,,111,Rockcliffe-Smythe,111,Rockcliffe-Smythe (111),D12,622618.4806,4837771.6175
5947,6253695,1172906,6/11/2010 8:00:00 AM,155,WESTON RD,PORTER AVE,,Major Arterial,Etobicoke York,43.682845,-79.47869,At Intersection,No Control,Clear,Dark,Dry,Non-Fatal Injury,Pedestrian Collisions,Pedestrian,20 to 24,Major,,South,Other,,,,Vehicle is going straight thru inter.while ped cross without ROW,"Crossing, no Traffic Control",Had Been Drinking,,,,Yes,,Yes,,,,,,,Yes,,,,111,Rockcliffe-Smythe,111,Rockcliffe-Smythe (111),D12,622618.4806,4837771.6175
5948,6152497,1172992,6/12/2010 8:00:00 AM,916,ISLINGTON AVE,THE WESTWAY,,Major Arterial,Etobicoke York,43.688645,-79.54289,At Intersection,Traffic Signal,Clear,Daylight,Dry,Fatal,Angle,Driver,25 to 29,Fatal,21,East,"Automobile, Station Wagon",Going Ahead,Driving Properly,Unknown,,,,,,,,,Yes,,,,,,,Yes,Yes,,,6,Kingsview Village-The Westway,6,Kingsview Village-The Westway (6),D23,617432.5637,4838322.8721
5949,6152498,1172992,6/12/2010 8:00:00 AM,916,ISLINGTON AVE,THE WESTWAY,,Major Arterial,Etobicoke York,43.688645,-79.54289,At Intersection,Traffic Signal,Clear,Daylight,Dry,Fatal,Angle,Driver,40 to 44,None,,North,"Automobile, Station Wagon",Stopped,Driving Properly,Normal,,,,,,,,,Yes,,,,,,,Yes,Yes,,,6,Kingsview Village-The Westway,6,Kingsview Village-The Westway (6),D23,617432.5637,4838322.8721
5950,6152499,1172992,6/12/2010 8:00:00 AM,916,ISLINGTON AVE,THE WESTWAY,,Major Arterial,Etobicoke York,43.688645,-79.54289,At Intersection,Traffic Signal,Clear,Daylight,Dry,Fatal,Angle,Vehicle Owner,unknown,,,,Other,,,,,,,,,,,,Yes,,,,,,,Yes,Yes,,,6,Kingsview Village-The Westway,6,Kingsview Village-The Westway (6),D23,617432.5637,4838322.8721
5951,6152500,1172992,6/12/2010 8:00:00 AM,916,ISLINGTON AVE,THE WESTWAY,,Major Arterial,Etobicoke York,43.688645,-79.54289,At Intersection,Traffic Signal,Clear,Daylight,Dry,Fatal,Angle,Driver,20 to 24,Minor,,South,"Automobile, Station Wagon",Going Ahead,Disobeyed Traffic Control,Normal,,,,,,,,,Yes,,,,,,,Yes,Yes,,,6,Kingsview Village-The Westway,6,Kingsview Village-The Westway (6),D23,617432.5637,4838322.8721
5952,6171015,1181132,6/13/2010 8:00:00 AM,2145,124 ELLESMERE RD,,,Major Arterial,Scarborough,43.759145,-79.30949,,No Control,Clear,Dark,Dry,Non-Fatal Injury,Turning Movement,Driver,55 to 59,Major,,South,"Automobile, Station Wagon",Turning Left,Improper Turn,Unknown,,,,,,,,,Yes,,,,,,,,,,,119,Wexford/Maryvale,119,Wexford/Maryvale (119),D41,636083.3863,4846509.9171
5953,6171016,1181132,6/13/2010 8:00:00 AM,2145,124 ELLESMERE RD,,,Major Arterial,Scarborough,43.759145,-79.30949,,No Control,Clear,Dark,Dry,Non-Fatal Injury,Turning Movement,Driver,25 to 29,None,,West,"Automobile, Station Wagon",Going Ahead,Driving Properly,Normal,,,,,,,,,Yes,,,,,,,,,,,119,Wexford/Maryvale,119,Wexford/Maryvale (119),D41,636083.3863,4846509.9171
5954,6171180,1181194,6/14/2010 8:00:00 AM,1156,SCARBOROUGH GOLF CLUB RD,LAWRENCE AVE E,,Major Arterial,Scarborough,43.761845,-79.21579,At Intersection,Traffic Signal,Clear,Daylight,Dry,Non-Fatal Injury,Angle,Vehicle Owner,unknown,,,,Other,,,,,,,,,,,,Yes,,,,,,,Yes,Yes,,,141,Golfdale-Cedarbrae-Woburn,137,Woburn (137),D43,643619.7172,4846968.0301
5955,6171181,1181194,6/14/2010 8:00:00 AM,1156,SCARBOROUGH GOLF CLUB RD,LAWRENCE AVE E,,Major Arterial,Scarborough,43.761845,-79.21579,At Intersection,Traffic Signal,Clear,Daylight,Dry,Non-Fatal Injury,Angle,Driver,70 to 74,Major,,North,"Automobile, Station Wagon",Going Ahead,Disobeyed Traffic Control,Normal,,,,,,,,,Yes,,,,,,,Yes,Yes,,,141,Golfdale-Cedarbrae-Woburn,137,Woburn (137),D43,643619.7172,4846968.0301
5956,6171182,1181194,6/14/2010 8:00:00 AM,1156,SCARBOROUGH GOLF CLUB RD,LAWRENCE AVE E,,Major Arterial,Scarborough,43.761845,-79.21579,At Intersection,Traffic Signal,Clear,Daylight,Dry,Non-Fatal Injury,Angle,Driver,40 to 44,Minimal,,East,"Automobile, Station Wagon",Going Ahead,Driving Properly,Normal,,,,,,,,,Yes,,,,,,,Yes,Yes,,,141,Golfdale-Cedarbrae-Woburn,137,Woburn (137),D43,643619.7172,4846968.0301
5957,6153492,1173424,6/15/2010 8:00:00 AM,1846,DOVERCOURT RD,DUPONT ST,,Major Arterial,Toronto and East York,43.669645,-79.43279,At Intersection,Traffic Signal,Clear,Daylight,Dry,Non-Fatal Injury,Cyclist Collisions,Driver,45 to 49,None,,North,"Automobile, Station Wagon",Going Ahead,Disobeyed Traffic Control,"Ability Impaired, Alcohol Over .08",,,,,,,,Yes,Yes,,,,,,,Yes,Yes,Yes,,172,Dovercourt Village,93,Dovercourt-Wallace Emerson-Junction (93),D14,626345.7813,4836374.4652
5958,6153493,1173424,6/15/2010 8:00:00 AM,1846,DOVERCOURT RD,DUPONT ST,,Major Arterial,Toronto and East York,43.669645,-79.43279,At Intersection,Traffic Signal,Clear,Daylight,Dry,Non-Fatal Injury,Cyclist Collisions,Cyclist,25 to 29,Major,,East,Bicycle,Going Ahead,,,,,,"Cyclist without ROW rides into path of motorist at inter, lnwy, dwy-Cyclist not turn.",Disobeyed Traffic Control,Normal,,Yes,Yes,,,,,,,Yes,Yes,Yes,,172,Dovercourt Village,93,Dovercourt-Wallace Emerson-Junction (93),D14,626345.7813,4836374.4652
5959,6171683,1181388,6/16/2010 8:00:00 AM,1722,ELM RIDGE DR,NEWGATE RD,,Collector,North York,43.703145,-79.43699,,No Control,Clear,Daylight,Dry,Non-Fatal Injury,Pedestrian Collisions,Vehicle Owner,unknown,,,,Other,,,,,,,,,,Yes,,Yes,,,,,,,,,,,102,Forest Hill North,102,Forest Hill North (102),D13,625937.0584,4840088.7083
5960,6171684,1181388,6/16/2010 8:00:00 AM,1722,ELM RIDGE DR,NEWGATE RD,,Collector,North York,43.703145,-79.43699,,No Control,Clear,Daylight,Dry,Non-Fatal Injury,Pedestrian Collisions,Driver,60 to 64,None,,East,"Automobile, Station Wagon",Going Ahead,Driving Properly,Normal,,,,,,,Yes,,Yes,,,,,,,,,,,102,Forest Hill North,102,Forest Hill North (102),D13,625937.0584,4840088.7083
5961,6171685,1181388,6/16/2010 8:00:00 AM,1722,ELM RIDGE DR,NEWGATE RD,,Collector,North York,43.703145,-79.43699,,No Control,Clear,Daylight,Dry,Non-Fatal Injury,Pedestrian Collisions,Pedestrian,35 to 39,Major,,South,Other,,,,Vehicle is going straight thru inter.while ped cross without ROW,Running onto Roadway,Inattentive,,,,Yes,,Yes,,,,,,,,,,,102,Forest Hill North,102,Forest Hill North (102),D13,625937.0584,4840088.7083
5962,6172204,1181618,6/17/2010 8:00:00 AM,1927,350 MIDWEST RD,,,Collector,Scarborough,43.761745,-79.27159,,No Control,Clear,Dark,Dry,Non-Fatal Injury,Turning Movement,Motorcycle Driver,35 to 39,Major,,South,Motorcycle,Going Ahead,Improper Passing,Inattentive,,,,,,,,,,Yes,Yes,,,,,Yes,,,,126,Dorset Park,126,Dorset Park (126),D41,639128.2839,4846861.6623
5963,6172205,1181618,6/17/2010 8:00:00 AM,1927,350 MIDWEST RD,,,Collector,Scarborough,43.761745,-79.27159,,No Control,Clear,Dark,Dry,Non-Fatal Injury,Turning Movement,Vehicle Owner,unknown,,,,Other,,,,,,,,,,,,,Yes,Yes,,,,,Yes,,,,126,Dorset Park,126,Dorset Park (126),D41,639128.2839,4846861.6623
5964,6172206,1181618,6/17/2010 8:00:00 AM,1927,350 MIDWEST RD,,,Collector,Scarborough,43.761745,-79.27159,,No Control,Clear,Dark,Dry,Non-Fatal Injury,Turning Movement,Vehicle Owner,unknown,,,,Other,,,,,,,,,,,,,Yes,Yes,,,,,Yes,,,,126,Dorset Park,126,Dorset Park (126),D41,639128.2839,4846861.6623
5965,6172207,1181618,6/17/2010 8:00:00 AM,1927,350 MIDWEST RD,,,Collector,Scarborough,43.761745,-79.27159,,No Control,Clear,Dark,Dry,Non-Fatal Injury,Turning Movement,Truck Driver,25 to 29,None,,South,Truck - Open,Turning Right,Driving Properly,Normal,,,,,,,,,,Yes,Yes,,,,,Yes,,,,126,Dorset Park,126,Dorset Park (126),D41,639128.2839,4846861.6623
5966,6172036,1181546,6/18/2010 8:00:00 AM,1700,26 ALABASTER RD,,,Local,Etobicoke York,43.756345,-79.59959,,No Control,Clear,Daylight,Dry,Non-Fatal Injury,Pedestrian Collisions,Other,unknown,None,,Unknown,Other,Parked,,,,,,,,,Yes,,,,,,,,,,,,,2,Mount Olive-Silverstone-Jamestown,2,Mount Olive-Silverstone-Jamestown (2),D23,612735.8736,4845763.1711
5967,6172037,1181546,6/18/2010 8:00:00 AM,1700,26 ALABASTER RD,,,Local,Etobicoke York,43.756345,-79.59959,,No Control,Clear,Daylight,Dry,Non-Fatal Injury,Pedestrian Collisions,Pedestrian,30 to 34,Major,,Unknown,Other,,,,Other / Undefined,Person Getting on/off Vehicle,Unknown,,,,Yes,,,,,,,,,,,,,2,Mount Olive-Silverstone-Jamestown,2,Mount Olive-Silverstone-Jamestown (2),D23,612735.8736,4845763.1711
5968,6172191,1181613,6/19/2010 8:00:00 AM,1600,COLLEGE ST,BAY ST,,Major Arterial,Toronto and East York,43.661045,-79.38479,,No Control,Clear,Daylight,Dry,Non-Fatal Injury,Cyclist Collisions,Driver,50 to 54,None,,East,"Automobile, Station Wagon",Stopped,Other,Normal,,,,,,,,Yes,Yes,,,,,,,,,,,169,Bay-Cloverhill,76,Bay Street Corridor (76),D52,630234.0942,4835493.5467
5969,6172192,1181613,6/19/2010 8:00:00 AM,1600,COLLEGE ST,BAY ST,,Major Arterial,Toronto and East York,43.661045,-79.38479,,No Control,Clear,Daylight,Dry,Non-Fatal Injury,Cyclist Collisions,Cyclist,30 to 34,Major,,East,Bicycle,Going Ahead,,,,,,Cyclist struck opened vehicle door,Driving Properly,Normal,,Yes,Yes,,,,,,,,,,,169,Bay-Cloverhill,76,Bay Street Corridor (76),D52,630234.0942,4835493.5467
5970,6159552,1176162,6/19/2010 8:00:00 AM,1800,KING ST W,PETER ST,,Major Arterial,Toronto and East York,43.645983,-79.392284,At Intersection,Traffic Signal,Clear,Daylight,Dry,Non-Fatal Injury,Cyclist Collisions,Driver,unknown,None,,East,"Automobile, Station Wagon",Turning Left,Improper Turn,Unknown,,,,,,,,Yes,Yes,,,,,,,,,,,164,Wellington Place,77,Waterfront Communities-The Island (77),D52,629662.2588,4833808.9776
5971,6159553,1176162,6/19/2010 8:00:00 AM,1800,KING ST W,PETER ST,,Major Arterial,Toronto and East York,43.645983,-79.392284,At Intersection,Traffic Signal,Clear,Daylight,Dry,Non-Fatal Injury,Cyclist Collisions,Cyclist,20 to 24,Major,,West,Bicycle,Going Ahead,,,,,,Motorist turned left across cyclists path.,Driving Properly,Normal,,Yes,Yes,,,,,,,,,,,164,Wellington Place,77,Waterfront Communities-The Island (77),D52,629662.2588,4833808.9776
5972,6172703,1181809,6/19/2010 8:00:00 AM,1932,WARDEN AVE,HYMUS RD,,Major Arterial,Scarborough,43.719545,-79.28419,At Intersection,Stop Sign,Clear,Daylight,Dry,Non-Fatal Injury,Turning Movement,Motorcycle Driver,30 to 34,Major,,South,Motorcycle,Going Ahead,Driving Properly,Normal,,,,,,,,,Yes,Yes,,,,,,Yes,,Yes,,120,Clairlea-Birchmount,120,Clairlea-Birchmount (120),D41,638211.1077,4842153.6284
5973,6172704,1181809,6/19/2010 8:00:00 AM,1932,WARDEN AVE,HYMUS RD,,Major Arterial,Scarborough,43.719545,-79.28419,At Intersection,Stop Sign,Clear,Daylight,Dry,Non-Fatal Injury,Turning Movement,Driver,25 to 29,None,,East,"Automobile, Station Wagon",Turning Left,Failed to Yield Right of Way,"Ability Impaired, Alcohol",,,,,,,,,Yes,Yes,,,,,,Yes,,Yes,,120,Clairlea-Birchmount,120,Clairlea-Birchmount (120),D41,638211.1077,4842153.6284
5974,6279438,1182360,6/22/2010 8:00:00 AM,1748,ST CLAIR Ave W,ST CLARENS Ave,,Major Arterial,Toronto and East York,43.676645,-79.44899,,No Control,Clear,Daylight,Dry,Non-Fatal Injury,Cyclist Collisions,Vehicle Owner,unknown,,,,Other,,,,,,,,,,,Yes,,,,Yes,,,,,,,,92,Corso Italia-Davenport,92,Corso Italia-Davenport (92),D13,625025.2164,4837127.3628
5975,6279439,1182360,6/22/2010 8:00:00 AM,1748,ST CLAIR Ave W,ST CLARENS Ave,,Major Arterial,Toronto and East York,43.676645,-79.44899,,No Control,Clear,Daylight,Dry,Non-Fatal Injury,Cyclist Collisions,Driver,30 to 34,None,,West,Municipal Transit Bus (TTC),Going Ahead,Driving Properly,Normal,,,,,,,,Yes,,,,Yes,,,,,,,,92,Corso Italia-Davenport,92,Corso Italia-Davenport (92),D13,625025.2164,4837127.3628
5976,6279440,1182360,6/22/2010 8:00:00 AM,1748,ST CLAIR Ave W,ST CLARENS Ave,,Major Arterial,Toronto and East York,43.676645,-79.44899,,No Control,Clear,Daylight,Dry,Non-Fatal Injury,Cyclist Collisions,Cyclist,45 to 49,Major,,South,Bicycle,Going Ahead,,,,,,Cyclist rode off sidewalk into road at midblock.,Failed to Yield Right of Way,Inattentive,,Yes,,,,Yes,,,,,,,,92,Corso Italia-Davenport,92,Corso Italia-Davenport (92),D13,625025.2164,4837127.3628
5977,6174014,1182348,6/22/2010 8:00:00 AM,2126,36 MILVAN DR,PENN Driv,,Collector,Etobicoke York,43.753045,-79.55369,,No Control,Clear,Dark,Dry,Non-Fatal Injury,Turning Movement,Passenger,20 to 24,Major,,,Other,,,,,,,,,,,,Yes,,,,,Yes,,Yes,,,,21,Humber Summit,21,Humber Summit (21),D31,616437.3422,4845460.1552
5978,6174015,1182348,6/22/2010 8:00:00 AM,2126,36 MILVAN DR,PENN Driv,,Collector,Etobicoke York,43.753045,-79.55369,,No Control,Clear,Dark,Dry,Non-Fatal Injury,Turning Movement,Driver,45 to 49,Minimal,,East,"Automobile, Station Wagon",Turning Right,Failed to Yield Right of Way,Inattentive,,,,,,,,,Yes,,,,,Yes,,Yes,,,,21,Humber Summit,21,Humber Summit (21),D31,616437.3422,4845460.1552
5979,6174016,1182348,6/22/2010 8:00:00 AM,2126,36 MILVAN DR,PENN Driv,,Collector,Etobicoke York,43.753045,-79.55369,,No Control,Clear,Dark,Dry,Non-Fatal Injury,Turning Movement,Passenger,20 to 24,Minimal,,,Other,,,,,,,,,,,,Yes,,,,,Yes,,Yes,,,,21,Humber Summit,21,Humber Summit (21),D31,616437.3422,4845460.1552
5980,6174017,1182348,6/22/2010 8:00:00 AM,2126,36 MILVAN DR,PENN Driv,,Collector,Etobicoke York,43.753045,-79.55369,,No Control,Clear,Dark,Dry,Non-Fatal Injury,Turning Movement,Driver,20 to 24,None,,South,"Automobile, Station Wagon",Going Ahead,Driving Properly,Normal,,,,,,,,,Yes,,,,,Yes,,Yes,,,,21,Humber Summit,21,Humber Summit (21),D31,616437.3422,4845460.1552
5981,6157454,1175178,6/24/2010 8:00:00 AM,1600,DUFFERIN ST,EGLINTON AVE W,,Major Arterial,North York,43.695645,-79.45029,,Traffic Signal,Clear,Daylight,Dry,Non-Fatal Injury,Rear End,Driver,20 to 24,Minimal,,North,"Automobile, Station Wagon",Going Ahead,Following too Close,Normal,,,,,,,,,Yes,,,,,Yes,,Yes,,,,109,Caledonia-Fairbank,109,Caledonia-Fairbank (109),D13,624880.9914,4839235.6123
5982,6157455,1175178,6/24/2010 8:00:00 AM,1600,DUFFERIN ST,EGLINTON AVE W,,Major Arterial,North York,43.695645,-79.45029,,Traffic Signal,Clear,Daylight,Dry,Non-Fatal Injury,Rear End,Passenger,25 to 29,Minimal,,,Other,,,,,,,,,,,,Yes,,,,,Yes,,Yes,,,,109,Caledonia-Fairbank,109,Caledonia-Fairbank (109),D13,624880.9914,4839235.6123
5983,6157456,1175178,6/24/2010 8:00:00 AM,1600,DUFFERIN ST,EGLINTON AVE W,,Major Arterial,North York,43.695645,-79.45029,,Traffic Signal,Clear,Daylight,Dry,Non-Fatal Injury,Rear End,Passenger,25 to 29,Minimal,,,Other,,,,,,,,,,,,Yes,,,,,Yes,,Yes,,,,109,Caledonia-Fairbank,109,Caledonia-Fairbank (109),D13,624880.9914,4839235.6123
5984,6157457,1175178,6/24/2010 8:00:00 AM,1600,DUFFERIN ST,EGLINTON AVE W,,Major Arterial,North York,43.695645,-79.45029,,Traffic Signal,Clear,Daylight,Dry,Non-Fatal Injury,Rear End,Driver,15 to 19,Major,,North,"Automobile, Station Wagon",Slowing or Stopping,Driving Properly,Normal,,,,,,,,,Yes,,,,,Yes,,Yes,,,,109,Caledonia-Fairbank,109,Caledonia-Fairbank (109),D13,624880.9914,4839235.6123
5985,6173775,1182235,6/24/2010 8:00:00 AM,2345,LAWRENCE Ave W,PINE St,,Major Arterial,Etobicoke York,43.701945,-79.50829,,Traffic Signal,Clear,Dark,Dry,Non-Fatal Injury,Turning Movement,Vehicle Owner,unknown,,,,Other,,,,,,,,,,,,Yes,,,,,Yes,,,,,,113,Weston,113,Weston (113),D12,620194.5231,4839849.5952
5986,6173776,1182235,6/24/2010 8:00:00 AM,2345,LAWRENCE Ave W,PINE St,,Major Arterial,Etobicoke York,43.701945,-79.50829,,Traffic Signal,Clear,Dark,Dry,Non-Fatal Injury,Turning Movement,Driver,25 to 29,Major,,West,"Automobile, Station Wagon",Turning Left,Improper Turn,Inattentive,,,,,,,,,Yes,,,,,Yes,,,,,,113,Weston,113,Weston (113),D12,620194.5231,4839849.5952
5987,6173777,1182235,6/24/2010 8:00:00 AM,2345,LAWRENCE Ave W,PINE St,,Major Arterial,Etobicoke York,43.701945,-79.50829,,Traffic Signal,Clear,Dark,Dry,Non-Fatal Injury,Turning Movement,Passenger,60 to 64,Minor,,,Other,,,,,,,,,,,,Yes,,,,,Yes,,,,,,113,Weston,113,Weston (113),D12,620194.5231,4839849.5952
5988,6173778,1182235,6/24/2010 8:00:00 AM,2345,LAWRENCE Ave W,PINE St,,Major Arterial,Etobicoke York,43.701945,-79.50829,,Traffic Signal,Clear,Dark,Dry,Non-Fatal Injury,Turning Movement,Driver,65 to 69,Minor,,East,"Automobile, Station Wagon",Going Ahead,Driving Properly,Normal,,,,,,,,,Yes,,,,,Yes,,,,,,113,Weston,113,Weston (113),D12,620194.5231,4839849.5952
5989,6162754,1177549,6/25/2010 8:00:00 AM,1730,OTONABEE AVE,YONGE ST,,Major Arterial,North York,43.794645,-79.41919,At Intersection,Stop Sign,Clear,Daylight,Dry,Non-Fatal Injury,Cyclist Collisions,Driver,unknown,None,,West,"Automobile, Station Wagon",Going Ahead,Disobeyed Traffic Control,Unknown,,,,,,,,Yes,Yes,,,,,,,Yes,,,,50,Newtonbrook East,50,Newtonbrook East (50),D32,627177.3437,4850278.3299
5990,6162755,1177549,6/25/2010 8:00:00 AM,1730,OTONABEE AVE,YONGE ST,,Major Arterial,North York,43.794645,-79.41919,At Intersection,Stop Sign,Clear,Daylight,Dry,Non-Fatal Injury,Cyclist Collisions,Cyclist,50 to 54,Major,,South,Bicycle,Going Ahead,,,,,,"Motorist without ROW drives into path of cyclist at inter, lnwy, dwy-Driver not turn.",Speed too Fast For Condition,Unknown,,Yes,Yes,,,,,,,Yes,,,,50,Newtonbrook East,50,Newtonbrook East (50),D32,627177.3437,4850278.3299
5991,6157219,1175068,6/26/2010 8:00:00 AM,1110,LAWRENCE AVE E,MORNINGSIDE AVE,,Minor Arterial,Scarborough,43.768645,-79.18509,At Intersection,No Control,Other,Daylight,Wet,Non-Fatal Injury,Pedestrian Collisions,Driver,80 to 84,None,,East,"Automobile, Station Wagon",Going Ahead,Driving Properly,Normal,,,,,,,Yes,,Yes,,,,,,,,,,,136,West Hill,136,West Hill (136),D43,646074.3872,4847776.9791
5992,6157220,1175068,6/26/2010 8:00:00 AM,1110,LAWRENCE AVE E,MORNINGSIDE AVE,,Minor Arterial,Scarborough,43.768645,-79.18509,At Intersection,No Control,Other,Daylight,Wet,Non-Fatal Injury,Pedestrian Collisions,Pedestrian,70 to 74,Major,,North,Other,,,,Pedestrian hit at mid-block,"Crossing, no Traffic Control",Inattentive,,,,Yes,,Yes,,,,,,,,,,,136,West Hill,136,West Hill (136),D43,646074.3872,4847776.9791
5993,6174886,1182676,6/26/2010 8:00:00 AM,1254,SHAW St,HARBORD St,,Minor Arterial,Toronto and East York,43.659045,-79.42189,At Intersection,Traffic Signal,Rain,Daylight,Wet,Non-Fatal Injury,Pedestrian Collisions,Pedestrian,80 to 84,Major,,South,Other,,,,Vehicle turns left while ped crosses with ROW at inter.,Crossing with right of way,Normal,,,,Yes,,Yes,,,,,,,Yes,,,,80,Palmerston-Little Italy,80,Palmerston-Little Italy (80),D14,627246.9226,4835213.8536
5994,6174887,1182676,6/26/2010 8:00:00 AM,1254,SHAW St,HARBORD St,,Minor Arterial,Toronto and East York,43.659045,-79.42189,At Intersection,Traffic Signal,Rain,Daylight,Wet,Non-Fatal Injury,Pedestrian Collisions,Driver,70 to 74,None,,South,"Automobile, Station Wagon",Turning Left,Failed to Yield Right of Way,Normal,,,,,,,Yes,,Yes,,,,,,,Yes,,,,80,Palmerston-Little Italy,80,Palmerston-Little Italy (80),D14,627246.9226,4835213.8536
5995,6157221,1175069,6/26/2010 8:00:00 AM,1415,PAPE AVE,GAMBLE AVE,,Major Arterial,Toronto and East York,43.690545,-79.34919,,No Control,Rain,Daylight,Wet,Non-Fatal Injury,Pedestrian Collisions,Vehicle Owner,unknown,,,,Other,,,,,,,,,,Yes,,Yes,,,,,,,,,,,58,Old East York,58,Old East York (58),D55,633039.3392,4838826.4221
5996,6157222,1175069,6/26/2010 8:00:00 AM,1415,PAPE AVE,GAMBLE AVE,,Major Arterial,Toronto and East York,43.690545,-79.34919,,No Control,Rain,Daylight,Wet,Non-Fatal Injury,Pedestrian Collisions,Driver,15 to 19,None,,South,"Automobile, Station Wagon",Going Ahead,Driving Properly,Normal,,,,,,,Yes,,Yes,,,,,,,,,,,58,Old East York,58,Old East York (58),D55,633039.3392,4838826.4221
5997,6157223,1175069,6/26/2010 8:00:00 AM,1415,PAPE AVE,GAMBLE AVE,,Major Arterial,Toronto and East York,43.690545,-79.34919,,No Control,Rain,Daylight,Wet,Non-Fatal Injury,Pedestrian Collisions,Pedestrian,15 to 19,Major,,East,Other,,,,Pedestrian hit at mid-block,Crossing without right of way,Inattentive,,,,Yes,,Yes,,,,,,,,,,,58,Old East York,58,Old East York (58),D55,633039.3392,4838826.4221