OBJECTID,INDEX,ACCNUM,DATE,TIME,STREET1,STREET2,OFFSET,ROAD_CLASS,DISTRICT,LATITUDE,LONGITUDE,ACCLOC,TRAFFCTL,VISIBILITY,LIGHT,RDSFCOND,ACCLASS,IMPACTYPE,INVTYPE,INVAGE,INJURY,FATAL_NO,INITDIR,VEHTYPE,MANOEUVER,DRIVACT,DRIVCOND,PEDTYPE,PEDACT,PEDCOND,CYCLISTYPE,CYCACT,CYCCOND,PEDESTRIAN,CYCLIST,AUTOMOBILE,MOTORCYCLE,TRUCK,TRSN_CITY_VEH,EMERG_VEH,PASSENGER,SPEEDING,AG_DRIV,REDLIGHT,ALCOHOL,DISABILITY,HOOD_158,NEIGHBOURHOOD_158,HOOD_140,NEIGHBOURHOOD_140,DIVISION,x,y
5998,6174211,1182422,6/26/2010 8:00:00 AM,2201,OVERLEA BLVD,THORNCLIFFE PARK DR,,Major Arterial,North York,43.707145,-79.34509,,No Control,Rain,Dark,Wet,Non-Fatal Injury,Pedestrian Collisions,Vehicle Owner,unknown,,,,Other,,,,,,,,,,Yes,,,,,Yes,,,,,,,,55,Thorncliffe Park,55,Thorncliffe Park (55),D53,633332.9631,4840676.672
5999,6174212,1182422,6/26/2010 8:00:00 AM,2201,OVERLEA BLVD,THORNCLIFFE PARK DR,,Major Arterial,North York,43.707145,-79.34509,,No Control,Rain,Dark,Wet,Non-Fatal Injury,Pedestrian Collisions,Driver,30 to 34,None,,East,Municipal Transit Bus (TTC),Slowing or Stopping,Driving Properly,Normal,,,,,,,Yes,,,,,Yes,,,,,,,,55,Thorncliffe Park,55,Thorncliffe Park (55),D53,633332.9631,4840676.672
6000,6174213,1182422,6/26/2010 8:00:00 AM,2201,OVERLEA BLVD,THORNCLIFFE PARK DR,,Major Arterial,North York,43.707145,-79.34509,,No Control,Rain,Dark,Wet,Non-Fatal Injury,Pedestrian Collisions,Pedestrian,50 to 54,Major,,North,Other,,,,Pedestrian involved in a collision with transit vehicle anywhere along roadway,Running onto Roadway,Had Been Drinking,,,,Yes,,,,,Yes,,,,,,,,55,Thorncliffe Park,55,Thorncliffe Park (55),D53,633332.9631,4840676.672
6001,6225179,1203769,6/27/2010 8:00:00 AM,1710,THE QUEENSWAY,GARDINER QUEENSWAY W RAMP,,Major Arterial,Toronto and East York,43.635945,-79.47299,At Intersection,Traffic Signal,Clear,Daylight,Wet,Non-Fatal Injury,Rear End,Vehicle Owner,unknown,,,,Other,,,,,,,,,,,,,,,Yes,,Yes,,Yes,,,,87,High Park-Swansea,87,High Park-Swansea (87),D11,623173.7699,4832571.2038
6002,6225180,1203769,6/27/2010 8:00:00 AM,1710,THE QUEENSWAY,GARDINER QUEENSWAY W RAMP,,Major Arterial,Toronto and East York,43.635945,-79.47299,At Intersection,Traffic Signal,Clear,Daylight,Wet,Non-Fatal Injury,Rear End,Driver,30 to 34,None,,West,Municipal Transit Bus (TTC),Going Ahead,Following too Close,Inattentive,,,,,,,,,,,,Yes,,Yes,,Yes,,,,87,High Park-Swansea,87,High Park-Swansea (87),D11,623173.7699,4832571.2038
6003,6225181,1203769,6/27/2010 8:00:00 AM,1710,THE QUEENSWAY,GARDINER QUEENSWAY W RAMP,,Major Arterial,Toronto and East York,43.635945,-79.47299,At Intersection,Traffic Signal,Clear,Daylight,Wet,Non-Fatal Injury,Rear End,Passenger,unknown,Minimal,,,Other,,,,,,,,,,,,,,,Yes,,Yes,,Yes,,,,87,High Park-Swansea,87,High Park-Swansea (87),D11,623173.7699,4832571.2038
6004,6225182,1203769,6/27/2010 8:00:00 AM,1710,THE QUEENSWAY,GARDINER QUEENSWAY W RAMP,,Major Arterial,Toronto and East York,43.635945,-79.47299,At Intersection,Traffic Signal,Clear,Daylight,Wet,Non-Fatal Injury,Rear End,Passenger,65 to 69,Minimal,,,Other,,,,,,,,,,,,,,,Yes,,Yes,,Yes,,,,87,High Park-Swansea,87,High Park-Swansea (87),D11,623173.7699,4832571.2038
6005,6225183,1203769,6/27/2010 8:00:00 AM,1710,THE QUEENSWAY,GARDINER QUEENSWAY W RAMP,,Major Arterial,Toronto and East York,43.635945,-79.47299,At Intersection,Traffic Signal,Clear,Daylight,Wet,Non-Fatal Injury,Rear End,Passenger,45 to 49,Minimal,,,Other,,,,,,,,,,,,,,,Yes,,Yes,,Yes,,,,87,High Park-Swansea,87,High Park-Swansea (87),D11,623173.7699,4832571.2038
6006,6225184,1203769,6/27/2010 8:00:00 AM,1710,THE QUEENSWAY,GARDINER QUEENSWAY W RAMP,,Major Arterial,Toronto and East York,43.635945,-79.47299,At Intersection,Traffic Signal,Clear,Daylight,Wet,Non-Fatal Injury,Rear End,Passenger,65 to 69,Minimal,,,Other,,,,,,,,,,,,,,,Yes,,Yes,,Yes,,,,87,High Park-Swansea,87,High Park-Swansea (87),D11,623173.7699,4832571.2038
6007,6225185,1203769,6/27/2010 8:00:00 AM,1710,THE QUEENSWAY,GARDINER QUEENSWAY W RAMP,,Major Arterial,Toronto and East York,43.635945,-79.47299,At Intersection,Traffic Signal,Clear,Daylight,Wet,Non-Fatal Injury,Rear End,Passenger,50 to 54,Minimal,,,Other,,,,,,,,,,,,,,,Yes,,Yes,,Yes,,,,87,High Park-Swansea,87,High Park-Swansea (87),D11,623173.7699,4832571.2038
6008,6225186,1203769,6/27/2010 8:00:00 AM,1710,THE QUEENSWAY,GARDINER QUEENSWAY W RAMP,,Major Arterial,Toronto and East York,43.635945,-79.47299,At Intersection,Traffic Signal,Clear,Daylight,Wet,Non-Fatal Injury,Rear End,Passenger,65 to 69,Major,,,Other,,,,,,,,,,,,,,,Yes,,Yes,,Yes,,,,87,High Park-Swansea,87,High Park-Swansea (87),D11,623173.7699,4832571.2038
6009,6225187,1203769,6/27/2010 8:00:00 AM,1710,THE QUEENSWAY,GARDINER QUEENSWAY W RAMP,,Major Arterial,Toronto and East York,43.635945,-79.47299,At Intersection,Traffic Signal,Clear,Daylight,Wet,Non-Fatal Injury,Rear End,Vehicle Owner,unknown,,,,Other,,,,,,,,,,,,,,,Yes,,Yes,,Yes,,,,87,High Park-Swansea,87,High Park-Swansea (87),D11,623173.7699,4832571.2038
6010,6225188,1203769,6/27/2010 8:00:00 AM,1710,THE QUEENSWAY,GARDINER QUEENSWAY W RAMP,,Major Arterial,Toronto and East York,43.635945,-79.47299,At Intersection,Traffic Signal,Clear,Daylight,Wet,Non-Fatal Injury,Rear End,Driver,35 to 39,None,,West,Municipal Transit Bus (TTC),Stopped,Driving Properly,Normal,,,,,,,,,,,,Yes,,Yes,,Yes,,,,87,High Park-Swansea,87,High Park-Swansea (87),D11,623173.7699,4832571.2038
6011,6174443,1182503,6/27/2010 8:00:00 AM,2050,BATHURST ST,WILD GINGERWAY Aven,,Major Arterial,North York,43.764945,-79.44079,,No Control,Rain,Dark,Wet,Non-Fatal Injury,Approaching,Vehicle Owner,unknown,,,,Other,,,,,,,,,,,,Yes,,,,,Yes,,Yes,,Yes,,37,Willowdale West,37,Willowdale West (37),D32,625501.717,4846946.7273
6012,6174444,1182503,6/27/2010 8:00:00 AM,2050,BATHURST ST,WILD GINGERWAY Aven,,Major Arterial,North York,43.764945,-79.44079,,No Control,Rain,Dark,Wet,Non-Fatal Injury,Approaching,Driver,60 to 64,Major,,North,"Automobile, Station Wagon",Going Ahead,Driving Properly,Normal,,,,,,,,,Yes,,,,,Yes,,Yes,,Yes,,37,Willowdale West,37,Willowdale West (37),D32,625501.717,4846946.7273
6013,6174445,1182503,6/27/2010 8:00:00 AM,2050,BATHURST ST,WILD GINGERWAY Aven,,Major Arterial,North York,43.764945,-79.44079,,No Control,Rain,Dark,Wet,Non-Fatal Injury,Approaching,Passenger,15 to 19,Minimal,,,Other,,,,,,,,,,,,Yes,,,,,Yes,,Yes,,Yes,,37,Willowdale West,37,Willowdale West (37),D32,625501.717,4846946.7273
6014,6174446,1182503,6/27/2010 8:00:00 AM,2050,BATHURST ST,WILD GINGERWAY Aven,,Major Arterial,North York,43.764945,-79.44079,,No Control,Rain,Dark,Wet,Non-Fatal Injury,Approaching,Driver,45 to 49,Minor,,North,"Automobile, Station Wagon",Going Ahead,Driving Properly,Normal,,,,,,,,,Yes,,,,,Yes,,Yes,,Yes,,37,Willowdale West,37,Willowdale West (37),D32,625501.717,4846946.7273
6015,6174447,1182503,6/27/2010 8:00:00 AM,2050,BATHURST ST,WILD GINGERWAY Aven,,Major Arterial,North York,43.764945,-79.44079,,No Control,Rain,Dark,Wet,Non-Fatal Injury,Approaching,Driver,20 to 24,Minor,,South,"Automobile, Station Wagon",Going Ahead,Lost control,"Ability Impaired, Alcohol",,,,,,,,,Yes,,,,,Yes,,Yes,,Yes,,37,Willowdale West,37,Willowdale West (37),D32,625501.717,4846946.7273
6016,6157787,1175328,6/28/2010 8:00:00 AM,256,HIGHWAY 401 X Ramp W,MARTIN GROVE RD,,,Etobicoke York,43.690045,-79.57059,,No Control,Clear,Dark,Dry,Non-Fatal Injury,Pedestrian Collisions,Vehicle Owner,unknown,,,,Other,,,,,,,,,,Yes,,Yes,,,,,,,,,,,7,Willowridge-Martingrove-Richview,7,Willowridge-Martingrove-Richview (7),D23,615197.4469,4838439.5094
6017,6157788,1175328,6/28/2010 8:00:00 AM,256,HIGHWAY 401 X Ramp W,MARTIN GROVE RD,,,Etobicoke York,43.690045,-79.57059,,No Control,Clear,Dark,Dry,Non-Fatal Injury,Pedestrian Collisions,Vehicle Owner,unknown,,,,Other,,,,,,,,,,Yes,,Yes,,,,,,,,,,,7,Willowridge-Martingrove-Richview,7,Willowridge-Martingrove-Richview (7),D23,615197.4469,4838439.5094
6018,6157789,1175328,6/28/2010 8:00:00 AM,256,HIGHWAY 401 X Ramp W,MARTIN GROVE RD,,,Etobicoke York,43.690045,-79.57059,,No Control,Clear,Dark,Dry,Non-Fatal Injury,Pedestrian Collisions,Driver,30 to 34,None,,East,"Automobile, Station Wagon",Going Ahead,Driving Properly,Normal,,,,,,,Yes,,Yes,,,,,,,,,,,7,Willowridge-Martingrove-Richview,7,Willowridge-Martingrove-Richview (7),D23,615197.4469,4838439.5094
6019,6157790,1175328,6/28/2010 8:00:00 AM,256,HIGHWAY 401 X Ramp W,MARTIN GROVE RD,,,Etobicoke York,43.690045,-79.57059,,No Control,Clear,Dark,Dry,Non-Fatal Injury,Pedestrian Collisions,Pedestrian,25 to 29,Major,,Unknown,Other,,,,Pedestrian hit at mid-block,Other,Had Been Drinking,,,,Yes,,Yes,,,,,,,,,,,7,Willowridge-Martingrove-Richview,7,Willowridge-Martingrove-Richview (7),D23,615197.4469,4838439.5094
6020,6174432,1182499,6/28/2010 8:00:00 AM,2140,LANSDOWNE Ave,PATON Rd,,Minor Arterial,Toronto and East York,43.660645,-79.44359,At Intersection,Traffic Signal,Clear,Dark,Dry,Non-Fatal Injury,SMV Unattended Vehicle,Other,unknown,None,,,Other,Parked,,,,,,,,,,,,Yes,,,,,,,,,,171,Junction-Wallace Emerson,93,Dovercourt-Wallace Emerson-Junction (93),D11,625493.8476,4835358.504
6021,6174433,1182499,6/28/2010 8:00:00 AM,2140,LANSDOWNE Ave,PATON Rd,,Minor Arterial,Toronto and East York,43.660645,-79.44359,At Intersection,Traffic Signal,Clear,Dark,Dry,Non-Fatal Injury,SMV Unattended Vehicle,Motorcycle Driver,25 to 29,Major,,South,Motorcycle,Going Ahead,Lost control,Inattentive,,,,,,,,,,Yes,,,,,,,,,,171,Junction-Wallace Emerson,93,Dovercourt-Wallace Emerson-Junction (93),D11,625493.8476,4835358.504
6022,6174540,1182546,6/29/2010 8:00:00 AM,830,EGLINTON AVE W,SATELLITE DR,,Major Arterial,Etobicoke York,43.651545,-79.60309,At Intersection,Traffic Signal,Clear,Daylight,Dry,Non-Fatal Injury,Pedestrian Collisions,Driver,30 to 34,None,,South,"Automobile, Station Wagon",Turning Left,Failed to Yield Right of Way,Normal,,,,,,,Yes,,Yes,,,,,,,Yes,,,,11,Eringate-Centennial-West Deane,11,Eringate-Centennial-West Deane (11),D22,612650.2247,4834118.9533
6023,6174541,1182546,6/29/2010 8:00:00 AM,830,EGLINTON AVE W,SATELLITE DR,,Major Arterial,Etobicoke York,43.651545,-79.60309,At Intersection,Traffic Signal,Clear,Daylight,Dry,Non-Fatal Injury,Pedestrian Collisions,Pedestrian,20 to 24,Major,,South,Other,,,,Vehicle turns left while ped crosses with ROW at inter.,Crossing with right of way,Normal,,,,Yes,,Yes,,,,,,,Yes,,,,11,Eringate-Centennial-West Deane,11,Eringate-Centennial-West Deane (11),D22,612650.2247,4834118.9533
6024,6159804,1176276,6/30/2010 8:00:00 AM,1430,QUEEN ST E,BERTMOUNT AVE,,Minor Arterial,Toronto and East York,43.662245,-79.33489,,No Control,Clear,Daylight,Dry,Non-Fatal Injury,Pedestrian Collisions,Truck Driver,unknown,None,,East,Truck - Open,Going Ahead,Driving Properly,Unknown,,,,,,,Yes,,,,Yes,,,,,,,,,70,South Riverdale,70,South Riverdale (70),D55,634254.8921,4835706.3615
6025,6159805,1176276,6/30/2010 8:00:00 AM,1430,QUEEN ST E,BERTMOUNT AVE,,Minor Arterial,Toronto and East York,43.662245,-79.33489,,No Control,Clear,Daylight,Dry,Non-Fatal Injury,Pedestrian Collisions,Pedestrian,30 to 34,Major,,South,Other,,,,Vehicle is going straight thru inter.while ped cross without ROW,"Crossing, no Traffic Control",Other,,,,Yes,,,,Yes,,,,,,,,,70,South Riverdale,70,South Riverdale (70),D55,634254.8921,4835706.3615
6026,6175538,1182961,7/2/2010 8:00:00 AM,2128,SEDGEMOUNT Dr,ROCHMAN Blvd,,Local,Scarborough,43.760545,-79.23319,,No Control,Clear,Dark,Dry,Non-Fatal Injury,SMV Unattended Vehicle,Other,unknown,None,,,Other,Parked,,,,,,,,,,,Yes,,,,,,,Yes,,,,142,Woburn North,137,Woburn (137),D43,642222.1703,4846793.6149
6027,6175539,1182961,7/2/2010 8:00:00 AM,2128,SEDGEMOUNT Dr,ROCHMAN Blvd,,Local,Scarborough,43.760545,-79.23319,,No Control,Clear,Dark,Dry,Non-Fatal Injury,SMV Unattended Vehicle,Driver,55 to 59,Major,,South,"Automobile, Station Wagon",Going Ahead,Improper Passing,Fatigue,,,,,,,,,Yes,,,,,,,Yes,,,,142,Woburn North,137,Woburn (137),D43,642222.1703,4846793.6149
6028,6161006,1176798,7/3/2010 8:00:00 AM,2100,KIPLING AVE,THE QUEENSWAY,,Major Arterial,Etobicoke York,43.620945,-79.52669,At Intersection,Traffic Signal,Clear,Dark,Dry,Non-Fatal Injury,Turning Movement,Vehicle Owner,unknown,,,,Other,,,,,,,,,,,,Yes,,,,,,,,,,,159,Etobicoke City Centre,14,Islington-City Centre West (14),D22,618871.6737,4830826.9862
6029,6161007,1176798,7/3/2010 8:00:00 AM,2100,KIPLING AVE,THE QUEENSWAY,,Major Arterial,Etobicoke York,43.620945,-79.52669,At Intersection,Traffic Signal,Clear,Dark,Dry,Non-Fatal Injury,Turning Movement,Driver,50 to 54,None,,North,"Automobile, Station Wagon",Turning Left,Improper Turn,Normal,,,,,,,,,Yes,,,,,,,,,,,159,Etobicoke City Centre,14,Islington-City Centre West (14),D22,618871.6737,4830826.9862
6030,6161008,1176798,7/3/2010 8:00:00 AM,2100,KIPLING AVE,THE QUEENSWAY,,Major Arterial,Etobicoke York,43.620945,-79.52669,At Intersection,Traffic Signal,Clear,Dark,Dry,Non-Fatal Injury,Turning Movement,Driver,45 to 49,Major,,South,"Automobile, Station Wagon",Going Ahead,Driving Properly,Normal,,,,,,,,,Yes,,,,,,,,,,,159,Etobicoke City Centre,14,Islington-City Centre West (14),D22,618871.6737,4830826.9862
6031,6176590,1183452,7/5/2010 8:00:00 AM,602,JANE St,BEXLEY Cres,,Major Arterial,Etobicoke York,43.680545,-79.49759,,No Control,Clear,Daylight,Dry,Non-Fatal Injury,Approaching,Driver,45 to 49,Minor,,South,"Automobile, Station Wagon",Going Ahead,Driving Properly,Normal,,,,,,,,,Yes,,,,,,,,,,,111,Rockcliffe-Smythe,111,Rockcliffe-Smythe (111),D12,621099.7437,4837488.4026
6032,6176591,1183452,7/5/2010 8:00:00 AM,602,JANE St,BEXLEY Cres,,Major Arterial,Etobicoke York,43.680545,-79.49759,,No Control,Clear,Daylight,Dry,Non-Fatal Injury,Approaching,Driver,35 to 39,Major,,North,"Automobile, Station Wagon",Going Ahead,Other,Fatigue,,,,,,,,,Yes,,,,,,,,,,,111,Rockcliffe-Smythe,111,Rockcliffe-Smythe (111),D12,621099.7437,4837488.4026
6033,6176592,1183452,7/5/2010 8:00:00 AM,602,JANE St,BEXLEY Cres,,Major Arterial,Etobicoke York,43.680545,-79.49759,,No Control,Clear,Daylight,Dry,Non-Fatal Injury,Approaching,Vehicle Owner,unknown,,,,Other,,,,,,,,,,,,Yes,,,,,,,,,,,111,Rockcliffe-Smythe,111,Rockcliffe-Smythe (111),D12,621099.7437,4837488.4026
6034,6176593,1183452,7/5/2010 8:00:00 AM,602,JANE St,BEXLEY Cres,,Major Arterial,Etobicoke York,43.680545,-79.49759,,No Control,Clear,Daylight,Dry,Non-Fatal Injury,Approaching,Driver,20 to 24,Minor,,South,"Automobile, Station Wagon",Going Ahead,Driving Properly,Normal,,,,,,,,,Yes,,,,,,,,,,,111,Rockcliffe-Smythe,111,Rockcliffe-Smythe (111),D12,621099.7437,4837488.4026
6035,6176857,1183570,7/5/2010 8:00:00 AM,1019,COSBURN Ave,WOODBINE Ave,,Major Arterial,Toronto and East York,43.696445,-79.31739,At Intersection,Traffic Signal,Clear,Daylight,Dry,Non-Fatal Injury,Cyclist Collisions,Driver,45 to 49,None,,West,"Automobile, Station Wagon",Going Ahead,Driving Properly,Normal,,,,,,,,Yes,Yes,,,,,,,,,,,60,Woodbine-Lumsden,60,Woodbine-Lumsden (60),D55,635588.8434,4839533.2115
6036,6176858,1183570,7/5/2010 8:00:00 AM,1019,COSBURN Ave,WOODBINE Ave,,Major Arterial,Toronto and East York,43.696445,-79.31739,At Intersection,Traffic Signal,Clear,Daylight,Dry,Non-Fatal Injury,Cyclist Collisions,Cyclist,45 to 49,Major,,East,Bicycle,Turning Left,,,,,,Cyclist turned left across motorists path.,Improper Turn,Inattentive,,Yes,Yes,,,,,,,,,,,60,Woodbine-Lumsden,60,Woodbine-Lumsden (60),D55,635588.8434,4839533.2115
6037,6177172,1183691,7/6/2010 8:00:00 AM,1130,KENNEDY Rd,PROGRESS Ave,,Major Arterial,Scarborough,43.769445,-79.28229,At Intersection,Traffic Signal,Clear,Daylight,Dry,Non-Fatal Injury,Pedestrian Collisions,Driver,30 to 34,None,,West,"Automobile, Station Wagon",Turning Left,Failed to Yield Right of Way,Inattentive,,,,,,,Yes,,Yes,,,,,,,Yes,,,,126,Dorset Park,126,Dorset Park (126),D41,638249.2383,4847698.9453
6038,6177173,1183691,7/6/2010 8:00:00 AM,1130,KENNEDY Rd,PROGRESS Ave,,Major Arterial,Scarborough,43.769445,-79.28229,At Intersection,Traffic Signal,Clear,Daylight,Dry,Non-Fatal Injury,Pedestrian Collisions,Pedestrian,45 to 49,Major,,East,Other,,,,Vehicle turns left while ped crosses with ROW at inter.,Crossing with right of way,Normal,,,,Yes,,Yes,,,,,,,Yes,,,,126,Dorset Park,126,Dorset Park (126),D41,638249.2383,4847698.9453
6039,6177151,1183681,7/6/2010 8:00:00 AM,1420,DUNDAS St E,CHURCH St,,Major Arterial,Toronto and East York,43.656445,-79.37709,At Intersection,Traffic Signal,Clear,Daylight,Dry,Non-Fatal Injury,Cyclist Collisions,Driver,50 to 54,None,,East,"Automobile, Station Wagon",Turning Right,Improper Turn,Normal,,,,,,,,Yes,Yes,,,,,,,,,,,168,Downtown Yonge East,75,Church-Yonge Corridor (75),D51,630864.9434,4834994.7711
6040,6177152,1183681,7/6/2010 8:00:00 AM,1420,DUNDAS St E,CHURCH St,,Major Arterial,Toronto and East York,43.656445,-79.37709,At Intersection,Traffic Signal,Clear,Daylight,Dry,Non-Fatal Injury,Cyclist Collisions,Cyclist,50 to 54,Major,,East,Bicycle,Going Ahead,,,,,,Motorist turning right on green or amber at signalized intersection strikes cyclist.,Driving Properly,Normal,,Yes,Yes,,,,,,,,,,,168,Downtown Yonge East,75,Church-Yonge Corridor (75),D51,630864.9434,4834994.7711
6041,6166118,1179068,7/6/2010 8:00:00 AM,1530,EGLINTON Aven E,RAWLINSON Aven,,Major Arterial,North York,43.708845,-79.38789,At Intersection,Stop Sign,Clear,Daylight,Dry,Non-Fatal Injury,Cyclist Collisions,Driver,unknown,None,,South,"Automobile, Station Wagon",Turning Left,Failed to Yield Right of Way,Normal,,,,,,,,Yes,Yes,,,,,,,Yes,,,,99,Mount Pleasant East,99,Mount Pleasant East (99),D53,629880.9411,4840797.5311
6042,6166119,1179068,7/6/2010 8:00:00 AM,1530,EGLINTON Aven E,RAWLINSON Aven,,Major Arterial,North York,43.708845,-79.38789,At Intersection,Stop Sign,Clear,Daylight,Dry,Non-Fatal Injury,Cyclist Collisions,Cyclist,30 to 34,Major,,East,Bicycle,Slowing or Stopping,,,,,,Motorist turned left across cyclists path.,Driving Properly,Normal,,Yes,Yes,,,,,,,Yes,,,,99,Mount Pleasant East,99,Mount Pleasant East (99),D53,629880.9411,4840797.5311
6043,6160001,1176359,7/7/2010 8:00:00 AM,1723,471 ASHDALE AVE,,,Local,Toronto and East York,43.676645,-79.32369,,No Control,Clear,Daylight,Dry,Non-Fatal Injury,Pedestrian Collisions,Driver,55 to 59,None,,East,"Automobile, Station Wagon",Reversing,Other,Other,,,,,,,Yes,,Yes,,,,,,,,,,,65,Greenwood-Coxwell,65,Greenwood-Coxwell (65),D55,635125.6202,4837323.8626
6044,6160002,1176359,7/7/2010 8:00:00 AM,1723,471 ASHDALE AVE,,,Local,Toronto and East York,43.676645,-79.32369,,No Control,Clear,Daylight,Dry,Non-Fatal Injury,Pedestrian Collisions,Pedestrian,55 to 59,Major,,Unknown,Other,,,,Vehicle is reversing and hits pedestrian,Other,Unknown,,,,Yes,,Yes,,,,,,,,,,,65,Greenwood-Coxwell,65,Greenwood-Coxwell (65),D55,635125.6202,4837323.8626
6045,6160006,1176361,7/7/2010 8:00:00 AM,2359,BICKNELL Ave,NASHVILLE Ave,,Collector,Etobicoke York,43.683245,-79.47429,,No Control,Clear,Dark,Dry,Non-Fatal Injury,Cyclist Collisions,Vehicle Owner,unknown,,,,Other,,,,,,,,,,,Yes,Yes,,,,,,,,,,,110,Keelesdale-Eglinton West,110,Keelesdale-Eglinton West (110),D12,622972.309,4837822.5575
6046,6160007,1176361,7/7/2010 8:00:00 AM,2359,BICKNELL Ave,NASHVILLE Ave,,Collector,Etobicoke York,43.683245,-79.47429,,No Control,Clear,Dark,Dry,Non-Fatal Injury,Cyclist Collisions,Driver,40 to 44,None,,North,"Automobile, Station Wagon",Parked,Driving Properly,Normal,,,,,,,,Yes,Yes,,,,,,,,,,,110,Keelesdale-Eglinton West,110,Keelesdale-Eglinton West (110),D12,622972.309,4837822.5575
6047,6160008,1176361,7/7/2010 8:00:00 AM,2359,BICKNELL Ave,NASHVILLE Ave,,Collector,Etobicoke York,43.683245,-79.47429,,No Control,Clear,Dark,Dry,Non-Fatal Injury,Cyclist Collisions,Cyclist,40 to 44,Major,,North,Bicycle,Going Ahead,,,,,,Cyclist and Driver travelling in same direction. One vehicle rear-ended the other.,Other,Had Been Drinking,,Yes,Yes,,,,,,,,,,,110,Keelesdale-Eglinton West,110,Keelesdale-Eglinton West (110),D12,622972.309,4837822.5575
6048,6187077,1187759,7/8/2010 8:00:00 AM,1429,1048 BLOOR ST W,,,Major Arterial,Toronto and East York,43.660545,-79.43229,,No Control,Clear,Daylight,Dry,Non-Fatal Injury,Pedestrian Collisions,Driver,20 to 24,None,,East,"Automobile, Station Wagon",Going Ahead,Driving Properly,Normal,,,,,,,Yes,,Yes,,,,,,,,,,,172,Dovercourt Village,93,Dovercourt-Wallace Emerson-Junction (93),D14,626405.189,4835364.5513
6049,6187078,1187759,7/8/2010 8:00:00 AM,1429,1048 BLOOR ST W,,,Major Arterial,Toronto and East York,43.660545,-79.43229,,No Control,Clear,Daylight,Dry,Non-Fatal Injury,Pedestrian Collisions,Pedestrian,10 to 14,Major,,North,Other,,,,Vehicle is going straight thru inter.while ped cross without ROW,Running onto Roadway,,,,,Yes,,Yes,,,,,,,,,,,172,Dovercourt Village,93,Dovercourt-Wallace Emerson-Junction (93),D14,626405.189,4835364.5513
6050,6160317,1176502,7/8/2010 8:00:00 AM,1725,EGLINTON AVE E,BIMBROK RD,,Major Arterial,Scarborough,43.735945,-79.251392,At Intersection,No Control,Clear,Daylight,Dry,Non-Fatal Injury,Pedestrian Collisions,Vehicle Owner,unknown,,,,Other,,,,,,,,,,Yes,,,,,Yes,,,,,,,,124,Kennedy Park,124,Kennedy Park (124),D41,640814.6313,4844030.3118
6051,6160318,1176502,7/8/2010 8:00:00 AM,1725,EGLINTON AVE E,BIMBROK RD,,Major Arterial,Scarborough,43.735945,-79.251392,At Intersection,No Control,Clear,Daylight,Dry,Non-Fatal Injury,Pedestrian Collisions,Driver,55 to 59,None,,West,Municipal Transit Bus (TTC),Going Ahead,Driving Properly,Normal,,,,,,,Yes,,,,,Yes,,,,,,,,124,Kennedy Park,124,Kennedy Park (124),D41,640814.6313,4844030.3118
6052,6160319,1176502,7/8/2010 8:00:00 AM,1725,EGLINTON AVE E,BIMBROK RD,,Major Arterial,Scarborough,43.735945,-79.251392,At Intersection,No Control,Clear,Daylight,Dry,Non-Fatal Injury,Pedestrian Collisions,Pedestrian,55 to 59,Major,,North,Other,Unknown,,,Pedestrian involved in a collision with transit vehicle anywhere along roadway,Crossing without right of way,Had Been Drinking,,,,Yes,,,,,Yes,,,,,,,,124,Kennedy Park,124,Kennedy Park (124),D41,640814.6313,4844030.3118
6053,6253954,1184000,7/9/2010 8:00:00 AM,627,ALBION Rd,WESTON Rd,,Major Arterial,Etobicoke York,43.718645,-79.54119,,No Control,Rain,Daylight,Wet,Non-Fatal Injury,Approaching,Vehicle Owner,unknown,,,,Other,,,,,,,,,,,,Yes,,,,,,Yes,Yes,,Yes,,23,Pelmo Park-Humberlea,23,Pelmo Park-Humberlea (23),D31,617510.9457,4841657.1913
6054,6253955,1184000,7/9/2010 8:00:00 AM,627,ALBION Rd,WESTON Rd,,Major Arterial,Etobicoke York,43.718645,-79.54119,,No Control,Rain,Daylight,Wet,Non-Fatal Injury,Approaching,Driver,50 to 54,Major,,East,"Automobile, Station Wagon",Going Ahead,Driving Properly,Normal,,,,,,,,,Yes,,,,,,Yes,Yes,,Yes,,23,Pelmo Park-Humberlea,23,Pelmo Park-Humberlea (23),D31,617510.9457,4841657.1913
6055,6253956,1184000,7/9/2010 8:00:00 AM,627,ALBION Rd,WESTON Rd,,Major Arterial,Etobicoke York,43.718645,-79.54119,,No Control,Rain,Daylight,Wet,Non-Fatal Injury,Approaching,Driver,25 to 29,Minor,,West,"Automobile, Station Wagon",Going Ahead,Exceeding Speed Limit,"Ability Impaired, Alcohol Over .08",,,,,,,,,Yes,,,,,,Yes,Yes,,Yes,,23,Pelmo Park-Humberlea,23,Pelmo Park-Humberlea (23),D31,617510.9457,4841657.1913
6056,6177836,1183977,7/9/2010 8:00:00 AM,1545,KINGSTON Road,GLEN MANOR Driv,,Major Arterial,Toronto and East York,43.679745,-79.29449,At Intersection,Stop Sign,Clear,Daylight,Dry,Non-Fatal Injury,Turning Movement,Passenger,45 to 49,Minor,,,Other,,,,,,,,,,,,Yes,,,,,Yes,,,,,,62,East End-Danforth,62,East End-Danforth (62),D55,637472.3499,4837716.1465
6057,6177837,1183977,7/9/2010 8:00:00 AM,1545,KINGSTON Road,GLEN MANOR Driv,,Major Arterial,Toronto and East York,43.679745,-79.29449,At Intersection,Stop Sign,Clear,Daylight,Dry,Non-Fatal Injury,Turning Movement,Driver,30 to 34,Minor,,East,"Automobile, Station Wagon",Going Ahead,Driving Properly,Normal,,,,,,,,,Yes,,,,,Yes,,,,,,62,East End-Danforth,62,East End-Danforth (62),D55,637472.3499,4837716.1465