OBJECTID,INDEX,ACCNUM,DATE,TIME,STREET1,STREET2,OFFSET,ROAD_CLASS,DISTRICT,LATITUDE,LONGITUDE,ACCLOC,TRAFFCTL,VISIBILITY,LIGHT,RDSFCOND,ACCLASS,IMPACTYPE,INVTYPE,INVAGE,INJURY,FATAL_NO,INITDIR,VEHTYPE,MANOEUVER,DRIVACT,DRIVCOND,PEDTYPE,PEDACT,PEDCOND,CYCLISTYPE,CYCACT,CYCCOND,PEDESTRIAN,CYCLIST,AUTOMOBILE,MOTORCYCLE,TRUCK,TRSN_CITY_VEH,EMERG_VEH,PASSENGER,SPEEDING,AG_DRIV,REDLIGHT,ALCOHOL,DISABILITY,HOOD_158,NEIGHBOURHOOD_158,HOOD_140,NEIGHBOURHOOD_140,DIVISION,x,y
6058,6177838,1183977,7/9/2010 8:00:00 AM,1545,KINGSTON Road,GLEN MANOR Driv,,Major Arterial,Toronto and East York,43.679745,-79.29449,At Intersection,Stop Sign,Clear,Daylight,Dry,Non-Fatal Injury,Turning Movement,Driver,25 to 29,Major,,North,"Automobile, Station Wagon",Turning Left,Improper Turn,Normal,,,,,,,,,Yes,,,,,Yes,,,,,,62,East End-Danforth,62,East End-Danforth (62),D55,637472.3499,4837716.1465
6059,6176541,1183429,7/9/2010 8:00:00 AM,1920,PORT UNION RD,KINGSTON RD,,Major Arterial,Scarborough,43.798911,-79.14622,At Intersection,Traffic Signal,Clear,Daylight,Dry,Non-Fatal Injury,Turning Movement,Driver,15 to 19,None,,North,"Automobile, Station Wagon",Turning Left,Failed to Yield Right of Way,Inattentive,,,,,,,,,Yes,,,,,Yes,,Yes,,,,133,Centennial Scarborough,133,Centennial Scarborough (133),D42,649127.6277,4851207.8159
6060,6176542,1183429,7/9/2010 8:00:00 AM,1920,PORT UNION RD,KINGSTON RD,,Major Arterial,Scarborough,43.798911,-79.14622,At Intersection,Traffic Signal,Clear,Daylight,Dry,Non-Fatal Injury,Turning Movement,Passenger,5 to 9,Minimal,,,Other,,,,,,,,,,,,Yes,,,,,Yes,,Yes,,,,133,Centennial Scarborough,133,Centennial Scarborough (133),D42,649127.6277,4851207.8159
6061,6176543,1183429,7/9/2010 8:00:00 AM,1920,PORT UNION RD,KINGSTON RD,,Major Arterial,Scarborough,43.798911,-79.14622,At Intersection,Traffic Signal,Clear,Daylight,Dry,Non-Fatal Injury,Turning Movement,Driver,40 to 44,Major,,South,"Automobile, Station Wagon",Going Ahead,Driving Properly,Normal,,,,,,,,,Yes,,,,,Yes,,Yes,,,,133,Centennial Scarborough,133,Centennial Scarborough (133),D42,649127.6277,4851207.8159
6062,6178401,1184180,7/9/2010 8:00:00 AM,2115,CARLAW Ave,COLGATE Ave,,Minor Arterial,Toronto and East York,43.662745,-79.340793,,No Control,Clear,Dark,Dry,Non-Fatal Injury,Sideswipe,Passenger,45 to 49,Minor,,,,,,,,,,,,,,Yes,Yes,,,,,Yes,,,,,,70,South Riverdale,70,South Riverdale (70),D55,633777.8276,4835752.3577
6063,6178402,1184180,7/9/2010 8:00:00 AM,2115,CARLAW Ave,COLGATE Ave,,Minor Arterial,Toronto and East York,43.662745,-79.340793,,No Control,Clear,Dark,Dry,Non-Fatal Injury,Sideswipe,Driver,45 to 49,None,,North,"Automobile, Station Wagon",Parked,Other,Normal,,,,,,,,Yes,Yes,,,,,Yes,,,,,,70,South Riverdale,70,South Riverdale (70),D55,633777.8276,4835752.3577
6064,6178403,1184180,7/9/2010 8:00:00 AM,2115,CARLAW Ave,COLGATE Ave,,Minor Arterial,Toronto and East York,43.662745,-79.340793,,No Control,Clear,Dark,Dry,Non-Fatal Injury,Sideswipe,Vehicle Owner,unknown,,,,,,,,,,,,,,,Yes,Yes,,,,,Yes,,,,,,70,South Riverdale,70,South Riverdale (70),D55,633777.8276,4835752.3577
6065,6178404,1184180,7/9/2010 8:00:00 AM,2115,CARLAW Ave,COLGATE Ave,,Minor Arterial,Toronto and East York,43.662745,-79.340793,,No Control,Clear,Dark,Dry,Non-Fatal Injury,Sideswipe,Passenger,15 to 19,Major,,,,,,,,,,,,,,Yes,Yes,,,,,Yes,,,,,,70,South Riverdale,70,South Riverdale (70),D55,633777.8276,4835752.3577
6066,6178405,1184180,7/9/2010 8:00:00 AM,2115,CARLAW Ave,COLGATE Ave,,Minor Arterial,Toronto and East York,43.662745,-79.340793,,No Control,Clear,Dark,Dry,Non-Fatal Injury,Sideswipe,Moped Driver,15 to 19,None,,North,Moped,,,,,,,,,,,Yes,Yes,,,,,Yes,,,,,,70,South Riverdale,70,South Riverdale (70),D55,633777.8276,4835752.3577
6067,6178107,1184071,7/10/2010 8:00:00 AM,341,BURNHAMTHORPE RD,BURNHAMTHORPE CRES,,Major Arterial,Etobicoke York,43.649445,-79.53119,,No Control,Clear,Dark,Dry,Non-Fatal Injury,SMV Other,Passenger,20 to 24,Major,,,Other,,,,,,,,,,,,Yes,,,,,Yes,,,,Yes,,158,Islington,14,Islington-City Centre West (14),D22,618452.5886,4833985.8338
6068,6178108,1184071,7/10/2010 8:00:00 AM,341,BURNHAMTHORPE RD,BURNHAMTHORPE CRES,,Major Arterial,Etobicoke York,43.649445,-79.53119,,No Control,Clear,Dark,Dry,Non-Fatal Injury,SMV Other,Passenger,20 to 24,Minimal,,,Other,,,,,,,,,,,,Yes,,,,,Yes,,,,Yes,,158,Islington,14,Islington-City Centre West (14),D22,618452.5886,4833985.8338
6069,6178109,1184071,7/10/2010 8:00:00 AM,341,BURNHAMTHORPE RD,BURNHAMTHORPE CRES,,Major Arterial,Etobicoke York,43.649445,-79.53119,,No Control,Clear,Dark,Dry,Non-Fatal Injury,SMV Other,Driver,25 to 29,None,,South,"Automobile, Station Wagon",Going Ahead,Lost control,"Ability Impaired, Alcohol Over .08",,,,,,,,,Yes,,,,,Yes,,,,Yes,,158,Islington,14,Islington-City Centre West (14),D22,618452.5886,4833985.8338
6070,6178110,1184071,7/10/2010 8:00:00 AM,341,BURNHAMTHORPE RD,BURNHAMTHORPE CRES,,Major Arterial,Etobicoke York,43.649445,-79.53119,,No Control,Clear,Dark,Dry,Non-Fatal Injury,SMV Other,Vehicle Owner,unknown,,,,Other,,,,,,,,,,,,Yes,,,,,Yes,,,,Yes,,158,Islington,14,Islington-City Centre West (14),D22,618452.5886,4833985.8338
6071,6178084,1184066,7/10/2010 8:00:00 AM,1910,DUFFERIN St,EVERSFIELD Rd,,Major Arterial,Toronto and East York,43.686845,-79.44669,,No Control,Clear,Daylight,Dry,Non-Fatal Injury,Pedestrian Collisions,Vehicle Owner,unknown,,,,Other,,,,,,,,,,Yes,,,,,Yes,,,,,,,,109,Caledonia-Fairbank,109,Caledonia-Fairbank (109),D13,625189.4021,4838263.6801
6072,6178085,1184066,7/10/2010 8:00:00 AM,1910,DUFFERIN St,EVERSFIELD Rd,,Major Arterial,Toronto and East York,43.686845,-79.44669,,No Control,Clear,Daylight,Dry,Non-Fatal Injury,Pedestrian Collisions,Driver,40 to 44,None,,North,Municipal Transit Bus (TTC),Going Ahead,Driving Properly,Normal,,,,,,,Yes,,,,,Yes,,,,,,,,109,Caledonia-Fairbank,109,Caledonia-Fairbank (109),D13,625189.4021,4838263.6801
6073,6178086,1184066,7/10/2010 8:00:00 AM,1910,DUFFERIN St,EVERSFIELD Rd,,Major Arterial,Toronto and East York,43.686845,-79.44669,,No Control,Clear,Daylight,Dry,Non-Fatal Injury,Pedestrian Collisions,Pedestrian,55 to 59,Major,,,Other,,,,Pedestrian involved in a collision with transit vehicle anywhere along roadway,Other,Had Been Drinking,,,,Yes,,,,,Yes,,,,,,,,109,Caledonia-Fairbank,109,Caledonia-Fairbank (109),D13,625189.4021,4838263.6801
6074,6253957,1184036,7/11/2010 8:00:00 AM,1936,MEADOWVALE Rd,SHEPPARD Ave E,,Major Arterial,Scarborough,43.808345,-79.17079,At Intersection,Traffic Signal,Clear,Daylight,Dry,Non-Fatal Injury,Pedestrian Collisions,Driver,50 to 54,None,,North,"Automobile, Station Wagon",Turning Left,Failed to Yield Right of Way,Inattentive,,,,,,,Yes,,Yes,,,,,,,Yes,,,,143,West Rouge,131,Rouge (131),D42,647127.9019,4852211.6322
6075,6253958,1184036,7/11/2010 8:00:00 AM,1936,MEADOWVALE Rd,SHEPPARD Ave E,,Major Arterial,Scarborough,43.808345,-79.17079,At Intersection,Traffic Signal,Clear,Daylight,Dry,Non-Fatal Injury,Pedestrian Collisions,Pedestrian,60 to 64,Major,,South,Other,,,,Vehicle turns left while ped crosses with ROW at inter.,Crossing with right of way,Normal,,,,Yes,,Yes,,,,,,,Yes,,,,143,West Rouge,131,Rouge (131),D42,647127.9019,4852211.6322
6076,6178878,1184369,7/12/2010 8:00:00 AM,105,ELLESMERE Road,MCCOWAN Road,,Major Arterial,Scarborough,43.772045,-79.25149,At Intersection,Traffic Signal,Clear,Dark,Dry,Non-Fatal Injury,SMV Other,Driver,20 to 24,Major,,East,"Automobile, Station Wagon",Going Ahead,Exceeding Speed Limit,Had Been Drinking,,,,,,,,,Yes,,,,,,Yes,Yes,,,,156,Bendale-Glen Andrew,127,Bendale (127),D43,640722.095,4848039.6029
6077,6178879,1184369,7/12/2010 8:00:00 AM,105,ELLESMERE Road,MCCOWAN Road,,Major Arterial,Scarborough,43.772045,-79.25149,At Intersection,Traffic Signal,Clear,Dark,Dry,Non-Fatal Injury,SMV Other,Other Property Owner,unknown,,,,Other,,,,,,,,,,,,Yes,,,,,,Yes,Yes,,,,156,Bendale-Glen Andrew,127,Bendale (127),D43,640722.095,4848039.6029
6078,6178854,1184354,7/12/2010 8:00:00 AM,1800,93 BRIMWOOD Boul,,,Collector,Scarborough,43.812945,-79.27509,,No Control,Clear,Daylight,Dry,Non-Fatal Injury,Other,Passenger,55 to 59,Major,,,Other,,,,,,,,,,,,Yes,,,,,Yes,,,,,,129,Agincourt North,129,Agincourt North (129),D42,638728.0475,4852542.359
6079,6178855,1184354,7/12/2010 8:00:00 AM,1800,93 BRIMWOOD Boul,,,Collector,Scarborough,43.812945,-79.27509,,No Control,Clear,Daylight,Dry,Non-Fatal Injury,Other,Vehicle Owner,unknown,,,,Other,,,,,,,,,,,,Yes,,,,,Yes,,,,,,129,Agincourt North,129,Agincourt North (129),D42,638728.0475,4852542.359
6080,6178856,1184354,7/12/2010 8:00:00 AM,1800,93 BRIMWOOD Boul,,,Collector,Scarborough,43.812945,-79.27509,,No Control,Clear,Daylight,Dry,Non-Fatal Injury,Other,Driver,15 to 19,None,,West,"Automobile, Station Wagon",Reversing,Other,Inattentive,,,,,,,,,Yes,,,,,Yes,,,,,,129,Agincourt North,129,Agincourt North (129),D42,638728.0475,4852542.359
6081,6218179,1200876,7/13/2010 8:00:00 AM,1030,COMMISSIONERS Stre,SAULTER Stre S,,Collector,Toronto and East York,43.649345,-79.34319,At Intersection,No Control,Clear,Daylight,Dry,Non-Fatal Injury,SMV Other,Vehicle Owner,unknown,,,,Other,,,,,,,,,,,,,,Yes,,,,,,,,,70,South Riverdale,70,South Riverdale (70),D55,633614.278,4834260.2469
6082,6218180,1200876,7/13/2010 8:00:00 AM,1030,COMMISSIONERS Stre,SAULTER Stre S,,Collector,Toronto and East York,43.649345,-79.34319,At Intersection,No Control,Clear,Daylight,Dry,Non-Fatal Injury,SMV Other,Truck Driver,30 to 34,Major,,West,Truck - Open,Going Ahead,Lost control,Normal,,,,,,,,,,,Yes,,,,,,,,,70,South Riverdale,70,South Riverdale (70),D55,633614.278,4834260.2469
6083,6179527,1184650,7/13/2010 8:00:00 AM,1835,EGLINTON Ave E,LAIRD Dr,,Major Arterial,North York,43.713545,-79.36479,,Traffic Signal,Clear,Daylight,Dry,Non-Fatal Injury,Rear End,Driver,30 to 34,Minor,,East,"Automobile, Station Wagon",Stopped,Driving Properly,Normal,,,,,,,,,Yes,,,,,,,,,,,55,Thorncliffe Park,55,Thorncliffe Park (55),D53,631731.7328,4841355.9858
6084,6179528,1184650,7/13/2010 8:00:00 AM,1835,EGLINTON Ave E,LAIRD Dr,,Major Arterial,North York,43.713545,-79.36479,,Traffic Signal,Clear,Daylight,Dry,Non-Fatal Injury,Rear End,Driver,35 to 39,Minor,,East,"Automobile, Station Wagon",Stopped,Driving Properly,Normal,,,,,,,,,Yes,,,,,,,,,,,55,Thorncliffe Park,55,Thorncliffe Park (55),D53,631731.7328,4841355.9858
6085,6179529,1184650,7/13/2010 8:00:00 AM,1835,EGLINTON Ave E,LAIRD Dr,,Major Arterial,North York,43.713545,-79.36479,,Traffic Signal,Clear,Daylight,Dry,Non-Fatal Injury,Rear End,Vehicle Owner,unknown,,,,Other,,,,,,,,,,,,Yes,,,,,,,,,,,55,Thorncliffe Park,55,Thorncliffe Park (55),D53,631731.7328,4841355.9858
6086,6179530,1184650,7/13/2010 8:00:00 AM,1835,EGLINTON Ave E,LAIRD Dr,,Major Arterial,North York,43.713545,-79.36479,,Traffic Signal,Clear,Daylight,Dry,Non-Fatal Injury,Rear End,Driver,50 to 54,Major,,West,Other,Stopped,Driving Properly,Normal,,,,,,,,,Yes,,,,,,,,,,,55,Thorncliffe Park,55,Thorncliffe Park (55),D53,631731.7328,4841355.9858
6087,6179531,1184650,7/13/2010 8:00:00 AM,1835,EGLINTON Ave E,LAIRD Dr,,Major Arterial,North York,43.713545,-79.36479,,Traffic Signal,Clear,Daylight,Dry,Non-Fatal Injury,Rear End,Driver,20 to 24,None,,West,"Automobile, Station Wagon",Stopped,Driving Properly,Normal,,,,,,,,,Yes,,,,,,,,,,,55,Thorncliffe Park,55,Thorncliffe Park (55),D53,631731.7328,4841355.9858
6088,6179532,1184650,7/13/2010 8:00:00 AM,1835,EGLINTON Ave E,LAIRD Dr,,Major Arterial,North York,43.713545,-79.36479,,Traffic Signal,Clear,Daylight,Dry,Non-Fatal Injury,Rear End,Vehicle Owner,unknown,,,,Other,,,,,,,,,,,,Yes,,,,,,,,,,,55,Thorncliffe Park,55,Thorncliffe Park (55),D53,631731.7328,4841355.9858
6089,6179533,1184650,7/13/2010 8:00:00 AM,1835,EGLINTON Ave E,LAIRD Dr,,Major Arterial,North York,43.713545,-79.36479,,Traffic Signal,Clear,Daylight,Dry,Non-Fatal Injury,Rear End,Driver,20 to 24,Minimal,,East,"Automobile, Station Wagon",Going Ahead,Lost control,Inattentive,,,,,,,,,Yes,,,,,,,,,,,55,Thorncliffe Park,55,Thorncliffe Park (55),D53,631731.7328,4841355.9858
6090,6161271,1176916,7/13/2010 8:00:00 AM,2035,KIPLING AVE,BELFIELD RD,,Major Arterial,Etobicoke York,43.704845,-79.56349,At Intersection,Traffic Signal,Clear,Dark,Dry,Fatal,Angle,Truck Driver,40 to 44,None,,West,Truck - Open,Going Ahead,Driving Properly,Normal,,,,,,,,,Yes,,Yes,,,,,Yes,Yes,,,1,West Humber-Clairville,1,West Humber-Clairville (1),D23,615741.1695,4840093.1367
6091,6161272,1176916,7/13/2010 8:00:00 AM,2035,KIPLING AVE,BELFIELD RD,,Major Arterial,Etobicoke York,43.704845,-79.56349,At Intersection,Traffic Signal,Clear,Dark,Dry,Fatal,Angle,Vehicle Owner,unknown,,,,Other,,,,,,,,,,,,Yes,,Yes,,,,,Yes,Yes,,,1,West Humber-Clairville,1,West Humber-Clairville (1),D23,615741.1695,4840093.1367
6092,6161273,1176916,7/13/2010 8:00:00 AM,2035,KIPLING AVE,BELFIELD RD,,Major Arterial,Etobicoke York,43.704845,-79.56349,At Intersection,Traffic Signal,Clear,Dark,Dry,Fatal,Angle,Driver,65 to 69,Fatal,23,South,"Automobile, Station Wagon",Going Ahead,Disobeyed Traffic Control,Unknown,,,,,,,,,Yes,,Yes,,,,,Yes,Yes,,,1,West Humber-Clairville,1,West Humber-Clairville (1),D23,615741.1695,4840093.1367
6093,6161274,1176916,7/13/2010 8:00:00 AM,2035,KIPLING AVE,BELFIELD RD,,Major Arterial,Etobicoke York,43.704845,-79.56349,At Intersection,Traffic Signal,Clear,Dark,Dry,Fatal,Angle,Other Property Owner,unknown,,,,Other,,,,,,,,,,,,Yes,,Yes,,,,,Yes,Yes,,,1,West Humber-Clairville,1,West Humber-Clairville (1),D23,615741.1695,4840093.1367
6094,6162408,1177384,7/15/2010 8:00:00 AM,2018,CALEDONIA PARK RD,DAVENPORT RD,,Minor Arterial,Toronto and East York,43.671045,-79.45109,At Intersection,Traffic Controller,Clear,Dusk,Dry,Non-Fatal Injury,Cyclist Collisions,Cyclist,40 to 44,Major,,South,Bicycle,Turning Left,,,,,,"Cyclist loses control and strikes object (pole, ttc track)",Lost control,Normal,,Yes,,,,,,,,,,,,171,Junction-Wallace Emerson,93,Dovercourt-Wallace Emerson-Junction (93),D13,624867.5497,4836502.2448
6095,6168213,1180034,7/16/2010 8:00:00 AM,1011,SPADINA AVE,ST ANDREW ST,,Major Arterial,Toronto and East York,43.654345,-79.398593,,Traffic Signal,Clear,Daylight,Dry,Non-Fatal Injury,Pedestrian Collisions,Pedestrian,50 to 54,Major,,West,Other,,,,Pedestrian involved in a collision with transit vehicle anywhere along roadway,Crossing without right of way,Had Been Drinking,,,,Yes,,,,,Yes,,,,,,,,78,Kensington-Chinatown,78,Kensington-Chinatown (78),D52,629135.511,4834727.8493
6096,6168214,1180034,7/16/2010 8:00:00 AM,1011,SPADINA AVE,ST ANDREW ST,,Major Arterial,Toronto and East York,43.654345,-79.398593,,Traffic Signal,Clear,Daylight,Dry,Non-Fatal Injury,Pedestrian Collisions,Vehicle Owner,unknown,,,,Other,,,,,,,,,,Yes,,,,,Yes,,,,,,,,78,Kensington-Chinatown,78,Kensington-Chinatown (78),D52,629135.511,4834727.8493
6097,6168215,1180034,7/16/2010 8:00:00 AM,1011,SPADINA AVE,ST ANDREW ST,,Major Arterial,Toronto and East York,43.654345,-79.398593,,Traffic Signal,Clear,Daylight,Dry,Non-Fatal Injury,Pedestrian Collisions,Driver,40 to 44,None,,South,Municipal Transit Bus (TTC),Going Ahead,Driving Properly,Normal,,,,,,,Yes,,,,,Yes,,,,,,,,78,Kensington-Chinatown,78,Kensington-Chinatown (78),D52,629135.511,4834727.8493
6098,6279257,1177531,7/16/2010 8:00:00 AM,1647,JANE ST,DUNDAS ST W,,Major Arterial,Toronto and East York,43.665745,-79.49119,At Intersection,Traffic Signal,Clear,Daylight,Dry,Fatal,Turning Movement,Driver,75 to 79,Major,,South,"Automobile, Station Wagon",Turning Left,Improper Turn,Unknown,,,,,,,,,Yes,,,Yes,,Yes,,Yes,,,,89,Runnymede-Bloor West Village,89,Runnymede-Bloor West Village (89),D11,621645.5091,4835854.0309
6099,6279258,1177531,7/16/2010 8:00:00 AM,1647,JANE ST,DUNDAS ST W,,Major Arterial,Toronto and East York,43.665745,-79.49119,At Intersection,Traffic Signal,Clear,Daylight,Dry,Fatal,Turning Movement,Passenger,85 to 89,Fatal,25,,Other,,,,,,,,,,,,Yes,,,Yes,,Yes,,Yes,,,,89,Runnymede-Bloor West Village,89,Runnymede-Bloor West Village (89),D11,621645.5091,4835854.0309
6100,6279259,1177531,7/16/2010 8:00:00 AM,1647,JANE ST,DUNDAS ST W,,Major Arterial,Toronto and East York,43.665745,-79.49119,At Intersection,Traffic Signal,Clear,Daylight,Dry,Fatal,Turning Movement,Passenger,90 to 94,Fatal,24,,Other,,,,,,,,,,,,Yes,,,Yes,,Yes,,Yes,,,,89,Runnymede-Bloor West Village,89,Runnymede-Bloor West Village (89),D11,621645.5091,4835854.0309
6101,6279260,1177531,7/16/2010 8:00:00 AM,1647,JANE ST,DUNDAS ST W,,Major Arterial,Toronto and East York,43.665745,-79.49119,At Intersection,Traffic Signal,Clear,Daylight,Dry,Fatal,Turning Movement,Driver,25 to 29,None,,South,"Automobile, Station Wagon",Stopped,Driving Properly,Normal,,,,,,,,,Yes,,,Yes,,Yes,,Yes,,,,89,Runnymede-Bloor West Village,89,Runnymede-Bloor West Village (89),D11,621645.5091,4835854.0309
6102,6279261,1177531,7/16/2010 8:00:00 AM,1647,JANE ST,DUNDAS ST W,,Major Arterial,Toronto and East York,43.665745,-79.49119,At Intersection,Traffic Signal,Clear,Daylight,Dry,Fatal,Turning Movement,Vehicle Owner,unknown,,,,Other,,,,,,,,,,,,Yes,,,Yes,,Yes,,Yes,,,,89,Runnymede-Bloor West Village,89,Runnymede-Bloor West Village (89),D11,621645.5091,4835854.0309
6103,6279262,1177531,7/16/2010 8:00:00 AM,1647,JANE ST,DUNDAS ST W,,Major Arterial,Toronto and East York,43.665745,-79.49119,At Intersection,Traffic Signal,Clear,Daylight,Dry,Fatal,Turning Movement,Driver,45 to 49,None,,North,Municipal Transit Bus (TTC),Going Ahead,Driving Properly,Normal,,,,,,,,,Yes,,,Yes,,Yes,,Yes,,,,89,Runnymede-Bloor West Village,89,Runnymede-Bloor West Village (89),D11,621645.5091,4835854.0309
6104,6187958,1188104,7/17/2010 8:00:00 AM,240,HARBORD ST,BATHURST ST,,Major Arterial,Toronto and East York,43.661545,-79.40979,At Intersection,Traffic Signal,Clear,Dark,Dry,Non-Fatal Injury,Pedestrian Collisions,Driver,25 to 29,None,,South,"Automobile, Station Wagon",Going Ahead,Exceeding Speed Limit,Normal,,,,,,,Yes,,Yes,,,,,,Yes,Yes,,,,80,Palmerston-Little Italy,80,Palmerston-Little Italy (80),D14,628217.2638,4835510.1396
6105,6187959,1188104,7/17/2010 8:00:00 AM,240,HARBORD ST,BATHURST ST,,Major Arterial,Toronto and East York,43.661545,-79.40979,At Intersection,Traffic Signal,Clear,Dark,Dry,Non-Fatal Injury,Pedestrian Collisions,Driver,25 to 29,None,,North,"Automobile, Station Wagon",Turning Left,Failed to Yield Right of Way,Unknown,,,,,,,Yes,,Yes,,,,,,Yes,Yes,,,,80,Palmerston-Little Italy,80,Palmerston-Little Italy (80),D14,628217.2638,4835510.1396
6106,6187960,1188104,7/17/2010 8:00:00 AM,240,HARBORD ST,BATHURST ST,,Major Arterial,Toronto and East York,43.661545,-79.40979,At Intersection,Traffic Signal,Clear,Dark,Dry,Non-Fatal Injury,Pedestrian Collisions,Pedestrian,20 to 24,Major,,Unknown,Other,,,,Pedestrian hit on sidewalk or shoulder,On Sidewalk or Shoulder,Inattentive,,,,Yes,,Yes,,,,,,Yes,Yes,,,,80,Palmerston-Little Italy,80,Palmerston-Little Italy (80),D14,628217.2638,4835510.1396
6107,6187961,1188104,7/17/2010 8:00:00 AM,240,HARBORD ST,BATHURST ST,,Major Arterial,Toronto and East York,43.661545,-79.40979,At Intersection,Traffic Signal,Clear,Dark,Dry,Non-Fatal Injury,Pedestrian Collisions,Pedestrian,50 to 54,Major,,Unknown,Other,,,,Pedestrian hit on sidewalk or shoulder,On Sidewalk or Shoulder,Normal,,,,Yes,,Yes,,,,,,Yes,Yes,,,,80,Palmerston-Little Italy,80,Palmerston-Little Italy (80),D14,628217.2638,4835510.1396
6108,6162943,1177627,7/18/2010 8:00:00 AM,110,GREENCEDAR CRCT,DAPHNE RD,,Collector,Scarborough,43.756845,-79.22939,At Intersection,No Control,Clear,Dark,Dry,Fatal,SMV Other,Vehicle Owner,unknown,,,,Other,,,,,,,,,,,,Yes,,,,,Yes,,,,,,141,Golfdale-Cedarbrae-Woburn,137,Woburn (137),D43,642536.847,4846389.2059
6109,6162944,1177627,7/18/2010 8:00:00 AM,110,GREENCEDAR CRCT,DAPHNE RD,,Collector,Scarborough,43.756845,-79.22939,At Intersection,No Control,Clear,Dark,Dry,Fatal,SMV Other,Passenger,15 to 19,Minor,,,Other,,,,,,,,,,,,Yes,,,,,Yes,,,,,,141,Golfdale-Cedarbrae-Woburn,137,Woburn (137),D43,642536.847,4846389.2059
6110,6162945,1177627,7/18/2010 8:00:00 AM,110,GREENCEDAR CRCT,DAPHNE RD,,Collector,Scarborough,43.756845,-79.22939,At Intersection,No Control,Clear,Dark,Dry,Fatal,SMV Other,Passenger,15 to 19,Major,,,Other,,,,,,,,,,,,Yes,,,,,Yes,,,,,,141,Golfdale-Cedarbrae-Woburn,137,Woburn (137),D43,642536.847,4846389.2059
6111,6162946,1177627,7/18/2010 8:00:00 AM,110,GREENCEDAR CRCT,DAPHNE RD,,Collector,Scarborough,43.756845,-79.22939,At Intersection,No Control,Clear,Dark,Dry,Fatal,SMV Other,Passenger,15 to 19,Major,,,Other,,,,,,,,,,,,Yes,,,,,Yes,,,,,,141,Golfdale-Cedarbrae-Woburn,137,Woburn (137),D43,642536.847,4846389.2059
6112,6162947,1177627,7/18/2010 8:00:00 AM,110,GREENCEDAR CRCT,DAPHNE RD,,Collector,Scarborough,43.756845,-79.22939,At Intersection,No Control,Clear,Dark,Dry,Fatal,SMV Other,Passenger,15 to 19,Fatal,26,,Other,,,,,,,,,,,,Yes,,,,,Yes,,,,,,141,Golfdale-Cedarbrae-Woburn,137,Woburn (137),D43,642536.847,4846389.2059
6113,6162948,1177627,7/18/2010 8:00:00 AM,110,GREENCEDAR CRCT,DAPHNE RD,,Collector,Scarborough,43.756845,-79.22939,At Intersection,No Control,Clear,Dark,Dry,Fatal,SMV Other,Driver,15 to 19,Major,,East,"Automobile, Station Wagon",Going Ahead,Lost control,Unknown,,,,,,,,,Yes,,,,,Yes,,,,,,141,Golfdale-Cedarbrae-Woburn,137,Woburn (137),D43,642536.847,4846389.2059
6114,6162949,1177627,7/18/2010 8:00:00 AM,110,GREENCEDAR CRCT,DAPHNE RD,,Collector,Scarborough,43.756845,-79.22939,At Intersection,No Control,Clear,Dark,Dry,Fatal,SMV Other,Other Property Owner,unknown,,,,Other,,,,,,,,,,,,Yes,,,,,Yes,,,,,,141,Golfdale-Cedarbrae-Woburn,137,Woburn (137),D43,642536.847,4846389.2059
6115,6183728,1186370,7/18/2010 8:00:00 AM,427,QUEEN ST W,UNIVERSITY AVE,,Major Arterial,Toronto and East York,43.650845,-79.38659,,Traffic Signal,Clear,Dark,Dry,Non-Fatal Injury,Pedestrian Collisions,Vehicle Owner,unknown,,,,Other,,,,,,,,,,Yes,,Yes,,,,,,,Yes,Yes,,,170,Yonge-Bay Corridor,76,Bay Street Corridor (76),D52,630110.9864,4834357.8781
6116,6183729,1186370,7/18/2010 8:00:00 AM,427,QUEEN ST W,UNIVERSITY AVE,,Major Arterial,Toronto and East York,43.650845,-79.38659,,Traffic Signal,Clear,Dark,Dry,Non-Fatal Injury,Pedestrian Collisions,Driver,35 to 39,None,,East,"Automobile, Station Wagon",Going Ahead,Disobeyed Traffic Control,Inattentive,,,,,,,Yes,,Yes,,,,,,,Yes,Yes,,,170,Yonge-Bay Corridor,76,Bay Street Corridor (76),D52,630110.9864,4834357.8781
6117,6183730,1186370,7/18/2010 8:00:00 AM,427,QUEEN ST W,UNIVERSITY AVE,,Major Arterial,Toronto and East York,43.650845,-79.38659,,Traffic Signal,Clear,Dark,Dry,Non-Fatal Injury,Pedestrian Collisions,Pedestrian,25 to 29,Major,,North,Other,,,,Vehicle is going straight thru inter.while ped cross with ROW,Crossing with right of way,Had Been Drinking,,,,Yes,,Yes,,,,,,,Yes,Yes,,,170,Yonge-Bay Corridor,76,Bay Street Corridor (76),D52,630110.9864,4834357.8781
6118,6163097,1177697,7/19/2010 8:00:00 AM,219,LAWRENCE AVE E,CARNFORTH RD,,Major Arterial,North York,43.741645,-79.31269,,No Control,Rain,Dark,Wet,Non-Fatal Injury,Pedestrian Collisions,Driver,20 to 24,None,,East,"Automobile, Station Wagon",Going Ahead,Driving Properly,Normal,,,,,,,Yes,,Yes,,,,,,,,,,,149,Parkwoods-O'Connor Hills,45,Parkwoods-Donalda (45),D33,635865.3814,4844561.0249
6119,6163098,1177697,7/19/2010 8:00:00 AM,219,LAWRENCE AVE E,CARNFORTH RD,,Major Arterial,North York,43.741645,-79.31269,,No Control,Rain,Dark,Wet,Non-Fatal Injury,Pedestrian Collisions,Pedestrian,25 to 29,Major,,North,Other,,,,Pedestrian hit at mid-block,"Crossing, no Traffic Control",Had Been Drinking,,,,Yes,,Yes,,,,,,,,,,,149,Parkwoods-O'Connor Hills,45,Parkwoods-Donalda (45),D33,635865.3814,4844561.0249
6120,6182149,1185727,7/20/2010 8:00:00 AM,2141,FLEET ST,FLEET LAKE SHORE BLVD RAMP ST,,Major Arterial,Toronto and East York,43.636045,-79.40209,,Traffic Signal,Clear,Dark,Dry,Non-Fatal Injury,Cyclist Collisions,Vehicle Owner,unknown,,,,Other,,,,,,,,,,,Yes,,,,Yes,,,,,,,,163,Fort York-Liberty Village,82,Niagara (82),D14,628892.6463,4832689.9606