OBJECTID,INDEX,ACCNUM,DATE,TIME,STREET1,STREET2,OFFSET,ROAD_CLASS,DISTRICT,LATITUDE,LONGITUDE,ACCLOC,TRAFFCTL,VISIBILITY,LIGHT,RDSFCOND,ACCLASS,IMPACTYPE,INVTYPE,INVAGE,INJURY,FATAL_NO,INITDIR,VEHTYPE,MANOEUVER,DRIVACT,DRIVCOND,PEDTYPE,PEDACT,PEDCOND,CYCLISTYPE,CYCACT,CYCCOND,PEDESTRIAN,CYCLIST,AUTOMOBILE,MOTORCYCLE,TRUCK,TRSN_CITY_VEH,EMERG_VEH,PASSENGER,SPEEDING,AG_DRIV,REDLIGHT,ALCOHOL,DISABILITY,HOOD_158,NEIGHBOURHOOD_158,HOOD_140,NEIGHBOURHOOD_140,DIVISION,x,y
6121,6182150,1185727,7/20/2010 8:00:00 AM,2141,FLEET ST,FLEET LAKE SHORE BLVD RAMP ST,,Major Arterial,Toronto and East York,43.636045,-79.40209,,Traffic Signal,Clear,Dark,Dry,Non-Fatal Injury,Cyclist Collisions,Driver,50 to 54,None,,West,Municipal Transit Bus (TTC),Going Ahead,Driving Properly,Normal,,,,,,,,Yes,,,,Yes,,,,,,,,163,Fort York-Liberty Village,82,Niagara (82),D14,628892.6463,4832689.9606
6122,6182151,1185727,7/20/2010 8:00:00 AM,2141,FLEET ST,FLEET LAKE SHORE BLVD RAMP ST,,Major Arterial,Toronto and East York,43.636045,-79.40209,,Traffic Signal,Clear,Dark,Dry,Non-Fatal Injury,Cyclist Collisions,Cyclist,50 to 54,Major,,North,Bicycle,Going Ahead,,,,,,"Cyclist without ROW rides into path of motorist at inter, lnwy, dwy-Cyclist not turn.",Disobeyed Traffic Control,Normal,,Yes,,,,Yes,,,,,,,,163,Fort York-Liberty Village,82,Niagara (82),D14,628892.6463,4832689.9606
6123,6182756,1185970,7/22/2010 8:00:00 AM,823,OAKWOOD AVE,ROGERS RD,,Minor Arterial,Toronto and East York,43.687145,-79.43869,At Intersection,Traffic Signal,Clear,Daylight,Dry,Non-Fatal Injury,Pedestrian Collisions,Driver,25 to 29,None,,East,"Automobile, Station Wagon",Turning Left,Failed to Yield Right of Way,Inattentive,,,,,,,Yes,,Yes,,,,,,,Yes,,,,107,Oakwood Village,107,Oakwood Village (107),D13,625833.5428,4838309.1069
6124,6182757,1185970,7/22/2010 8:00:00 AM,823,OAKWOOD AVE,ROGERS RD,,Minor Arterial,Toronto and East York,43.687145,-79.43869,At Intersection,Traffic Signal,Clear,Daylight,Dry,Non-Fatal Injury,Pedestrian Collisions,Pedestrian,20 to 24,Major,,West,Other,,,,Vehicle turns left while ped crosses with ROW at inter.,Crossing with right of way,Normal,,,,Yes,,Yes,,,,,,,Yes,,,,107,Oakwood Village,107,Oakwood Village (107),D13,625833.5428,4838309.1069
6125,6182758,1185970,7/22/2010 8:00:00 AM,823,OAKWOOD AVE,ROGERS RD,,Minor Arterial,Toronto and East York,43.687145,-79.43869,At Intersection,Traffic Signal,Clear,Daylight,Dry,Non-Fatal Injury,Pedestrian Collisions,Vehicle Owner,unknown,,,,Other,,,,,,,,,,Yes,,Yes,,,,,,,Yes,,,,107,Oakwood Village,107,Oakwood Village (107),D13,625833.5428,4838309.1069
6126,6182228,1185756,7/22/2010 8:00:00 AM,1234,KING ST W,UNIVERSITY AVE,,Major Arterial,Toronto and East York,43.647643,-79.384792,At Intersection,Traffic Signal,Clear,Daylight,Dry,Non-Fatal Injury,Cyclist Collisions,Vehicle Owner,unknown,,,,,,,,,,,,,,,Yes,Yes,,,,,,,,,,,170,Yonge-Bay Corridor,76,Bay Street Corridor (76),D52,630262.9066,4834005.0748
6127,6182229,1185756,7/22/2010 8:00:00 AM,1234,KING ST W,UNIVERSITY AVE,,Major Arterial,Toronto and East York,43.647643,-79.384792,At Intersection,Traffic Signal,Clear,Daylight,Dry,Non-Fatal Injury,Cyclist Collisions,Driver,25 to 29,None,,East,"Automobile, Station Wagon",Stopped,Driving Properly,Normal,,,,,,,,Yes,Yes,,,,,,,,,,,170,Yonge-Bay Corridor,76,Bay Street Corridor (76),D52,630262.9066,4834005.0748
6128,6182230,1185756,7/22/2010 8:00:00 AM,1234,KING ST W,UNIVERSITY AVE,,Major Arterial,Toronto and East York,43.647643,-79.384792,At Intersection,Traffic Signal,Clear,Daylight,Dry,Non-Fatal Injury,Cyclist Collisions,Cyclist,15 to 19,Major,,East,Bicycle,Going Ahead,,,,,,Cyclist and Driver travelling in same direction. One vehicle rear-ended the other.,Improper Passing,Inattentive,,Yes,Yes,,,,,,,,,,,170,Yonge-Bay Corridor,76,Bay Street Corridor (76),D52,630262.9066,4834005.0748
6129,6184106,1186516,7/23/2010 8:00:00 AM,1737,DANFORTH AVE,GREENWOOD AVE,,Major Arterial,Toronto and East York,43.681245,-79.33319,,No Control,Clear,Daylight,Dry,Non-Fatal Injury,Turning Movement,Motorcycle Driver,25 to 29,Major,,West,Motorcycle,Going Ahead,Driving Properly,Normal,,,,,,,,,Yes,Yes,,,,,,,,,,69,Blake-Jones,69,Blake-Jones (69),D55,634349.5592,4837819.3228
6130,6184107,1186516,7/23/2010 8:00:00 AM,1737,DANFORTH AVE,GREENWOOD AVE,,Major Arterial,Toronto and East York,43.681245,-79.33319,,No Control,Clear,Daylight,Dry,Non-Fatal Injury,Turning Movement,Other,unknown,None,,East,Other,Parked,,,,,,,,,,,Yes,Yes,,,,,,,,,,69,Blake-Jones,69,Blake-Jones (69),D55,634349.5592,4837819.3228
6131,6184108,1186516,7/23/2010 8:00:00 AM,1737,DANFORTH AVE,GREENWOOD AVE,,Major Arterial,Toronto and East York,43.681245,-79.33319,,No Control,Clear,Daylight,Dry,Non-Fatal Injury,Turning Movement,Vehicle Owner,unknown,,,,Other,,,,,,,,,,,,Yes,Yes,,,,,,,,,,69,Blake-Jones,69,Blake-Jones (69),D55,634349.5592,4837819.3228
6132,6184109,1186516,7/23/2010 8:00:00 AM,1737,DANFORTH AVE,GREENWOOD AVE,,Major Arterial,Toronto and East York,43.681245,-79.33319,,No Control,Clear,Daylight,Dry,Non-Fatal Injury,Turning Movement,Driver,35 to 39,None,,East,"Automobile, Station Wagon",Making U Turn,Improper Turn,Inattentive,,,,,,,,,Yes,Yes,,,,,,,,,,69,Blake-Jones,69,Blake-Jones (69),D55,634349.5592,4837819.3228
6133,6188430,1188309,7/24/2010 8:00:00 AM,200,COLLEGE ST,BATHURST ST,,Major Arterial,Toronto and East York,43.656445,-79.40769,At Intersection,Traffic Signal,Clear,Dark,Dry,Non-Fatal Injury,Pedestrian Collisions,Vehicle Owner,unknown,,,,Other,,,,,,,,,,Yes,,Yes,,,,,,,,,,,78,Kensington-Chinatown,78,Kensington-Chinatown (78),D14,628397.4569,4834946.9648
6134,6188431,1188309,7/24/2010 8:00:00 AM,200,COLLEGE ST,BATHURST ST,,Major Arterial,Toronto and East York,43.656445,-79.40769,At Intersection,Traffic Signal,Clear,Dark,Dry,Non-Fatal Injury,Pedestrian Collisions,Driver,50 to 54,None,,West,Taxi,Going Ahead,Driving Properly,Normal,,,,,,,Yes,,Yes,,,,,,,,,,,78,Kensington-Chinatown,78,Kensington-Chinatown (78),D14,628397.4569,4834946.9648
6135,6188432,1188309,7/24/2010 8:00:00 AM,200,COLLEGE ST,BATHURST ST,,Major Arterial,Toronto and East York,43.656445,-79.40769,At Intersection,Traffic Signal,Clear,Dark,Dry,Non-Fatal Injury,Pedestrian Collisions,Pedestrian,60 to 64,Major,,North,Other,,,,Vehicle is going straight thru inter.while ped cross without ROW,Crossing without right of way,Inattentive,,,,Yes,,Yes,,,,,,,,,,,78,Kensington-Chinatown,78,Kensington-Chinatown (78),D14,628397.4569,4834946.9648
6136,6182918,1186032,7/24/2010 8:00:00 AM,309,DUFFERIN ST,WALLACE AVE,,Major Arterial,Toronto and East York,43.664245,-79.43719,,No Control,Clear,Daylight,Dry,Non-Fatal Injury,SMV Unattended Vehicle,Other,unknown,None,,Unknown,Other,Parked,,,,,,,,,,,Yes,,,,,,Yes,Yes,,Yes,,172,Dovercourt Village,93,Dovercourt-Wallace Emerson-Junction (93),D14,626002.3554,4835768.0315
6137,6182919,1186032,7/24/2010 8:00:00 AM,309,DUFFERIN ST,WALLACE AVE,,Major Arterial,Toronto and East York,43.664245,-79.43719,,No Control,Clear,Daylight,Dry,Non-Fatal Injury,SMV Unattended Vehicle,Other,unknown,None,,Unknown,Other,Parked,,,,,,,,,,,Yes,,,,,,Yes,Yes,,Yes,,172,Dovercourt Village,93,Dovercourt-Wallace Emerson-Junction (93),D14,626002.3554,4835768.0315
6138,6182920,1186032,7/24/2010 8:00:00 AM,309,DUFFERIN ST,WALLACE AVE,,Major Arterial,Toronto and East York,43.664245,-79.43719,,No Control,Clear,Daylight,Dry,Non-Fatal Injury,SMV Unattended Vehicle,Vehicle Owner,unknown,,,,Other,,,,,,,,,,,,Yes,,,,,,Yes,Yes,,Yes,,172,Dovercourt Village,93,Dovercourt-Wallace Emerson-Junction (93),D14,626002.3554,4835768.0315
6139,6182921,1186032,7/24/2010 8:00:00 AM,309,DUFFERIN ST,WALLACE AVE,,Major Arterial,Toronto and East York,43.664245,-79.43719,,No Control,Clear,Daylight,Dry,Non-Fatal Injury,SMV Unattended Vehicle,Driver,25 to 29,Major,,North,"Automobile, Station Wagon",Going Ahead,Lost control,"Ability Impaired, Alcohol",,,,,,,,,Yes,,,,,,Yes,Yes,,Yes,,172,Dovercourt Village,93,Dovercourt-Wallace Emerson-Junction (93),D14,626002.3554,4835768.0315
6140,6182922,1186032,7/24/2010 8:00:00 AM,309,DUFFERIN ST,WALLACE AVE,,Major Arterial,Toronto and East York,43.664245,-79.43719,,No Control,Clear,Daylight,Dry,Non-Fatal Injury,SMV Unattended Vehicle,Other,unknown,None,,Unknown,Other,Parked,,,,,,,,,,,Yes,,,,,,Yes,Yes,,Yes,,172,Dovercourt Village,93,Dovercourt-Wallace Emerson-Junction (93),D14,626002.3554,4835768.0315
6141,6165755,1178905,7/24/2010 8:00:00 AM,1329,WESTON RD,JANE ST,,Major Arterial,Etobicoke York,43.691245,-79.50089,,Traffic Signal,Rain,Daylight,Wet,Non-Fatal Injury,Pedestrian Collisions,Driver,25 to 29,None,,West,"Automobile, Station Wagon",Going Ahead,Driving Properly,Normal,,,,,,,Yes,,Yes,,,,,,,,,,,115,Mount Dennis,115,Mount Dennis (115),D12,620812.2683,4838671.9687
6142,6165756,1178905,7/24/2010 8:00:00 AM,1329,WESTON RD,JANE ST,,Major Arterial,Etobicoke York,43.691245,-79.50089,,Traffic Signal,Rain,Daylight,Wet,Non-Fatal Injury,Pedestrian Collisions,Pedestrian,10 to 14,Major,,North,Other,,,,Pedestrian hit at mid-block,Running onto Roadway,Normal,,,,Yes,,Yes,,,,,,,,,,,115,Mount Dennis,115,Mount Dennis (115),D12,620812.2683,4838671.9687
6143,6183471,1186269,7/25/2010 8:00:00 AM,1340,MAPLEBRANCH PATH,DIXON RD,,Major Arterial,Etobicoke York,43.697445,-79.54519,At Intersection,Stop Sign,Clear,Daylight,Dry,Non-Fatal Injury,Cyclist Collisions,Driver,55 to 59,None,,South,"Automobile, Station Wagon",Turning Right,Failed to Yield Right of Way,Inattentive,,,,,,,,Yes,Yes,,,,,,,Yes,,,,6,Kingsview Village-The Westway,6,Kingsview Village-The Westway (6),D23,617230.0522,4839296.9764
6144,6183472,1186269,7/25/2010 8:00:00 AM,1340,MAPLEBRANCH PATH,DIXON RD,,Major Arterial,Etobicoke York,43.697445,-79.54519,At Intersection,Stop Sign,Clear,Daylight,Dry,Non-Fatal Injury,Cyclist Collisions,Cyclist,15 to 19,Major,,East,Bicycle,Going Ahead,,,,,,"Motorist turns right at non-signal Inter.(stop, yield, no cont.,and dwy) and strikes cyclist.",Failed to Yield Right of Way,Inattentive,,Yes,Yes,,,,,,,Yes,,,,6,Kingsview Village-The Westway,6,Kingsview Village-The Westway (6),D23,617230.0522,4839296.9764
6145,6183559,1186302,7/26/2010 8:00:00 AM,1947,YONGE ST,DUNDAS ST E,,Major Arterial,Toronto and East York,43.656345,-79.38089,,Traffic Signal,Clear,Daylight,Dry,Non-Fatal Injury,Cyclist Collisions,Driver,30 to 34,Major,,North,Other,Going Ahead,Driving Properly,Normal,,,,,,,,Yes,,,,,,,,,,,,168,Downtown Yonge East,75,Church-Yonge Corridor (75),D51,630558.7401,4834977.6785
6146,6183560,1186302,7/26/2010 8:00:00 AM,1947,YONGE ST,DUNDAS ST E,,Major Arterial,Toronto and East York,43.656345,-79.38089,,Traffic Signal,Clear,Daylight,Dry,Non-Fatal Injury,Cyclist Collisions,Vehicle Owner,unknown,,,,Other,,,,,,,,,,,Yes,,,,,,,,,,,,168,Downtown Yonge East,75,Church-Yonge Corridor (75),D51,630558.7401,4834977.6785
6147,6183561,1186302,7/26/2010 8:00:00 AM,1947,YONGE ST,DUNDAS ST E,,Major Arterial,Toronto and East York,43.656345,-79.38089,,Traffic Signal,Clear,Daylight,Dry,Non-Fatal Injury,Cyclist Collisions,Cyclist,40 to 44,None,,North,Bicycle,Turning Left,,,,,,Cyclist turned left across motorists path.,Improper Turn,Had Been Drinking,,Yes,,,,,,,,,,,,168,Downtown Yonge East,75,Church-Yonge Corridor (75),D51,630558.7401,4834977.6785
6148,6209549,1197349,7/29/2010 8:00:00 AM,905,UNIVERSITY AVE,QUEEN ST W,,Major Arterial,Toronto and East York,43.650845,-79.38659,At Intersection,Traffic Signal,Clear,Daylight,Dry,Non-Fatal Injury,Cyclist Collisions,Driver,50 to 54,None,,North,"Automobile, Station Wagon",Going Ahead,Disobeyed Traffic Control,Inattentive,,,,,,,,Yes,Yes,,,,,,,Yes,Yes,,,170,Yonge-Bay Corridor,76,Bay Street Corridor (76),D52,630110.9864,4834357.8781
6149,6209550,1197349,7/29/2010 8:00:00 AM,905,UNIVERSITY AVE,QUEEN ST W,,Major Arterial,Toronto and East York,43.650845,-79.38659,At Intersection,Traffic Signal,Clear,Daylight,Dry,Non-Fatal Injury,Cyclist Collisions,Cyclist,35 to 39,Major,,West,Bicycle,Going Ahead,,,,,,"Motorist without ROW drives into path of cyclist at inter, lnwy, dwy-Driver not turn.",Disobeyed Traffic Control,Inattentive,,Yes,Yes,,,,,,,Yes,Yes,,,170,Yonge-Bay Corridor,76,Bay Street Corridor (76),D52,630110.9864,4834357.8781
6150,6167892,1179891,7/29/2010 8:00:00 AM,1149,YONGE ST,YORK MILLS RD,,Major Arterial,North York,43.744145,-79.40669,,Traffic Signal,Clear,Daylight,Dry,Fatal,Angle,Vehicle Owner,unknown,,,,Other,,,,,,,,,,,,Yes,,,,,,,Yes,Yes,,,40,St.Andrew-Windfields,40,St.Andrew-Windfields (40),D32,628290.9096,4844688.8209
6151,6167893,1179891,7/29/2010 8:00:00 AM,1149,YONGE ST,YORK MILLS RD,,Major Arterial,North York,43.744145,-79.40669,,Traffic Signal,Clear,Daylight,Dry,Fatal,Angle,Driver,75 to 79,Minor,,East,"Automobile, Station Wagon",Going Ahead,Driving Properly,Normal,,,,,,,,,Yes,,,,,,,Yes,Yes,,,40,St.Andrew-Windfields,40,St.Andrew-Windfields (40),D32,628290.9096,4844688.8209
6152,6167894,1179891,7/29/2010 8:00:00 AM,1149,YONGE ST,YORK MILLS RD,,Major Arterial,North York,43.744145,-79.40669,,Traffic Signal,Clear,Daylight,Dry,Fatal,Angle,Driver,45 to 49,Minimal,,East,"Automobile, Station Wagon",Going Ahead,Driving Properly,Normal,,,,,,,,,Yes,,,,,,,Yes,Yes,,,40,St.Andrew-Windfields,40,St.Andrew-Windfields (40),D32,628290.9096,4844688.8209
6153,6167895,1179891,7/29/2010 8:00:00 AM,1149,YONGE ST,YORK MILLS RD,,Major Arterial,North York,43.744145,-79.40669,,Traffic Signal,Clear,Daylight,Dry,Fatal,Angle,Driver,85 to 89,Fatal,28,South,"Automobile, Station Wagon",Going Ahead,Disobeyed Traffic Control,Normal,,,,,,,,,Yes,,,,,,,Yes,Yes,,,40,St.Andrew-Windfields,40,St.Andrew-Windfields (40),D32,628290.9096,4844688.8209
6154,6279692,1186961,7/29/2010 8:00:00 AM,1420,AVENUE RD,PEARS AVE,,Major Arterial,Toronto and East York,43.675545,-79.39689,At Intersection,No Control,Clear,Daylight,Dry,Non-Fatal Injury,Rear End,Vehicle Owner,unknown,,,,Other,,,,,,,,,,,,Yes,,,,,,,Yes,,,,95,Annex,95,Annex (95),D53,629227.3429,4837085.0437
6155,6279693,1186961,7/29/2010 8:00:00 AM,1420,AVENUE RD,PEARS AVE,,Major Arterial,Toronto and East York,43.675545,-79.39689,At Intersection,No Control,Clear,Daylight,Dry,Non-Fatal Injury,Rear End,Driver,25 to 29,None,,North,"Automobile, Station Wagon",Going Ahead,Following too Close,Inattentive,,,,,,,,,Yes,,,,,,,Yes,,,,95,Annex,95,Annex (95),D53,629227.3429,4837085.0437
6156,6279694,1186961,7/29/2010 8:00:00 AM,1420,AVENUE RD,PEARS AVE,,Major Arterial,Toronto and East York,43.675545,-79.39689,At Intersection,No Control,Clear,Daylight,Dry,Non-Fatal Injury,Rear End,Driver,40 to 44,Major,,North,"Automobile, Station Wagon",Stopped,Driving Properly,Normal,,,,,,,,,Yes,,,,,,,Yes,,,,95,Annex,95,Annex (95),D53,629227.3429,4837085.0437
6157,6186723,1187617,7/30/2010 8:00:00 AM,505,BATHURST ST,ARDMORE RD,,Major Arterial,Toronto and East York,43.693745,-79.42259,At Intersection,Stop Sign,Clear,Dark,Dry,Non-Fatal Injury,Turning Movement,Vehicle Owner,unknown,,,,Other,,,,,,,,,,,,Yes,,,,,,,Yes,,,,101,Forest Hill South,101,Forest Hill South (101),D13,627117.1886,4839066.683
6158,6186724,1187617,7/30/2010 8:00:00 AM,505,BATHURST ST,ARDMORE RD,,Major Arterial,Toronto and East York,43.693745,-79.42259,At Intersection,Stop Sign,Clear,Dark,Dry,Non-Fatal Injury,Turning Movement,Driver,55 to 59,Major,,West,"Automobile, Station Wagon",Turning Right,Failed to Yield Right of Way,Inattentive,,,,,,,,,Yes,,,,,,,Yes,,,,101,Forest Hill South,101,Forest Hill South (101),D13,627117.1886,4839066.683
6159,6186725,1187617,7/30/2010 8:00:00 AM,505,BATHURST ST,ARDMORE RD,,Major Arterial,Toronto and East York,43.693745,-79.42259,At Intersection,Stop Sign,Clear,Dark,Dry,Non-Fatal Injury,Turning Movement,Driver,25 to 29,None,,North,"Automobile, Station Wagon",Going Ahead,Driving Properly,Normal,,,,,,,,,Yes,,,,,,,Yes,,,,101,Forest Hill South,101,Forest Hill South (101),D13,627117.1886,4839066.683
6160,6186726,1187617,7/30/2010 8:00:00 AM,505,BATHURST ST,ARDMORE RD,,Major Arterial,Toronto and East York,43.693745,-79.42259,At Intersection,Stop Sign,Clear,Dark,Dry,Non-Fatal Injury,Turning Movement,Other Property Owner,unknown,,,,Other,,,,,,,,,,,,Yes,,,,,,,Yes,,,,101,Forest Hill South,101,Forest Hill South (101),D13,627117.1886,4839066.683
6161,6186763,1187629,7/30/2010 8:00:00 AM,2015,THE ESPLANADE,CHURCH ST,,Collector,Toronto and East York,43.647245,-79.37329,At Intersection,Traffic Signal,Clear,Daylight,Dry,Non-Fatal Injury,Turning Movement,Passenger,15 to 19,Minor,,,Other,,,,,,,,,,,,Yes,Yes,,,,Yes,,Yes,,,,166,St Lawrence-East Bayfront-The Islands,77,Waterfront Communities-The Island (77),D51,631191.3935,4833978.9903
6162,6186764,1187629,7/30/2010 8:00:00 AM,2015,THE ESPLANADE,CHURCH ST,,Collector,Toronto and East York,43.647245,-79.37329,At Intersection,Traffic Signal,Clear,Daylight,Dry,Non-Fatal Injury,Turning Movement,Motorcycle Driver,25 to 29,Major,,East,Motorcycle,Going Ahead,Other,Had Been Drinking,,,,,,,,,Yes,Yes,,,,Yes,,Yes,,,,166,St Lawrence-East Bayfront-The Islands,77,Waterfront Communities-The Island (77),D51,631191.3935,4833978.9903
6163,6186765,1187629,7/30/2010 8:00:00 AM,2015,THE ESPLANADE,CHURCH ST,,Collector,Toronto and East York,43.647245,-79.37329,At Intersection,Traffic Signal,Clear,Daylight,Dry,Non-Fatal Injury,Turning Movement,Driver,25 to 29,None,,West,"Automobile, Station Wagon",Turning Left,Failed to Yield Right of Way,Normal,,,,,,,,,Yes,Yes,,,,Yes,,Yes,,,,166,St Lawrence-East Bayfront-The Islands,77,Waterfront Communities-The Island (77),D51,631191.3935,4833978.9903
6164,6168410,1180110,7/31/2010 8:00:00 AM,700,GRANTBROOK ST,CHARLTON BLVD,,Collector,North York,43.781245,-79.43289,At Intersection,Stop Sign,Clear,Daylight,Dry,Fatal,Angle,Other,unknown,None,,North,Other,Parked,,,,,,,,,,,Yes,,,,,Yes,Yes,Yes,,Yes,,36,Newtonbrook West,36,Newtonbrook West (36),D32,626103.3344,4848769.0929
6165,6168411,1180110,7/31/2010 8:00:00 AM,700,GRANTBROOK ST,CHARLTON BLVD,,Collector,North York,43.781245,-79.43289,At Intersection,Stop Sign,Clear,Daylight,Dry,Fatal,Angle,Other,unknown,None,,North,Other,Parked,,,,,,,,,,,Yes,,,,,Yes,Yes,Yes,,Yes,,36,Newtonbrook West,36,Newtonbrook West (36),D32,626103.3344,4848769.0929
6166,6168412,1180110,7/31/2010 8:00:00 AM,700,GRANTBROOK ST,CHARLTON BLVD,,Collector,North York,43.781245,-79.43289,At Intersection,Stop Sign,Clear,Daylight,Dry,Fatal,Angle,Passenger,60 to 64,Major,,,Other,,,,,,,,,,,,Yes,,,,,Yes,Yes,Yes,,Yes,,36,Newtonbrook West,36,Newtonbrook West (36),D32,626103.3344,4848769.0929
6167,6168413,1180110,7/31/2010 8:00:00 AM,700,GRANTBROOK ST,CHARLTON BLVD,,Collector,North York,43.781245,-79.43289,At Intersection,Stop Sign,Clear,Daylight,Dry,Fatal,Angle,Driver,60 to 64,Minor,,North,"Automobile, Station Wagon",Going Ahead,Driving Properly,Normal,,,,,,,,,Yes,,,,,Yes,Yes,Yes,,Yes,,36,Newtonbrook West,36,Newtonbrook West (36),D32,626103.3344,4848769.0929
6168,6168414,1180110,7/31/2010 8:00:00 AM,700,GRANTBROOK ST,CHARLTON BLVD,,Collector,North York,43.781245,-79.43289,At Intersection,Stop Sign,Clear,Daylight,Dry,Fatal,Angle,Passenger,25 to 29,Minor,,,Other,,,,,,,,,,,,Yes,,,,,Yes,Yes,Yes,,Yes,,36,Newtonbrook West,36,Newtonbrook West (36),D32,626103.3344,4848769.0929
6169,6168415,1180110,7/31/2010 8:00:00 AM,700,GRANTBROOK ST,CHARLTON BLVD,,Collector,North York,43.781245,-79.43289,At Intersection,Stop Sign,Clear,Daylight,Dry,Fatal,Angle,Passenger,25 to 29,Fatal,27,,Other,,,,,,,,,,,,Yes,,,,,Yes,Yes,Yes,,Yes,,36,Newtonbrook West,36,Newtonbrook West (36),D32,626103.3344,4848769.0929
6170,6168416,1180110,7/31/2010 8:00:00 AM,700,GRANTBROOK ST,CHARLTON BLVD,,Collector,North York,43.781245,-79.43289,At Intersection,Stop Sign,Clear,Daylight,Dry,Fatal,Angle,Driver,25 to 29,Major,,West,"Automobile, Station Wagon",Going Ahead,Disobeyed Traffic Control,"Ability Impaired, Alcohol Over .08",,,,,,,,,Yes,,,,,Yes,Yes,Yes,,Yes,,36,Newtonbrook West,36,Newtonbrook West (36),D32,626103.3344,4848769.0929
6171,6187546,1187943,8/2/2010 8:00:00 AM,850,SPADINA Rd,MACPHERSON Ave,,Minor Arterial,Toronto and East York,43.675845,-79.40749,At Intersection,Stop Sign,Clear,Daylight,Dry,Non-Fatal Injury,Angle,Passenger,55 to 59,Major,,,Other,,,,,,,,,,,,Yes,,,,,Yes,,Yes,,,,96,Casa Loma,96,Casa Loma (96),D13,628372.2243,4837101.9029
6172,6187547,1187943,8/2/2010 8:00:00 AM,850,SPADINA Rd,MACPHERSON Ave,,Minor Arterial,Toronto and East York,43.675845,-79.40749,At Intersection,Stop Sign,Clear,Daylight,Dry,Non-Fatal Injury,Angle,Passenger,30 to 34,Minimal,,,Other,,,,,,,,,,,,Yes,,,,,Yes,,Yes,,,,96,Casa Loma,96,Casa Loma (96),D13,628372.2243,4837101.9029
6173,6187548,1187943,8/2/2010 8:00:00 AM,850,SPADINA Rd,MACPHERSON Ave,,Minor Arterial,Toronto and East York,43.675845,-79.40749,At Intersection,Stop Sign,Clear,Daylight,Dry,Non-Fatal Injury,Angle,Driver,30 to 34,None,,South,"Automobile, Station Wagon",Going Ahead,Driving Properly,Normal,,,,,,,,,Yes,,,,,Yes,,Yes,,,,96,Casa Loma,96,Casa Loma (96),D13,628372.2243,4837101.9029
6174,6187549,1187943,8/2/2010 8:00:00 AM,850,SPADINA Rd,MACPHERSON Ave,,Minor Arterial,Toronto and East York,43.675845,-79.40749,At Intersection,Stop Sign,Clear,Daylight,Dry,Non-Fatal Injury,Angle,Driver,25 to 29,None,,West,"Automobile, Station Wagon",Going Ahead,Failed to Yield Right of Way,Inattentive,,,,,,,,,Yes,,,,,Yes,,Yes,,,,96,Casa Loma,96,Casa Loma (96),D13,628372.2243,4837101.9029
6175,6915136,1188456,8/4/2010 8:00:00 AM,1530,5785 YONGE ST,,,Major Arterial,North York,43.783745,-79.41659,,No Control,Clear,Daylight,Dry,Non-Fatal Injury,Turning Movement,Motorcycle Driver,20 to 24,Major,,North,Motorcycle,Going Ahead,Driving Properly,Normal,,,,,,,,,Yes,Yes,,,,,,,,,,36,Newtonbrook West,36,Newtonbrook West (36),D32,627409.6753,4849071.7141
6176,6915137,1188456,8/4/2010 8:00:00 AM,1530,5785 YONGE ST,,,Major Arterial,North York,43.783745,-79.41659,,No Control,Clear,Daylight,Dry,Non-Fatal Injury,Turning Movement,Driver,35 to 39,None,,South,"Automobile, Station Wagon",Turning Left,Improper Turn,Normal,,,,,,,,,Yes,Yes,,,,,,,,,,36,Newtonbrook West,36,Newtonbrook West (36),D32,627409.6753,4849071.7141
6177,6170909,1181100,8/6/2010 8:00:00 AM,845,WARDEN AVE,BRIDLETOWNE CRCL,,Major Arterial,Scarborough,43.801445,-79.31869,At Intersection,Traffic Signal,Clear,Daylight,Dry,Non-Fatal Injury,Pedestrian Collisions,Vehicle Owner,unknown,,,,Other,,,,,,,,,,Yes,,,,Yes,,,,,,,,,148,East L'Amoreaux,117,L'Amoreaux (117),D42,635247.3793,4851192.916
6178,6170910,1181100,8/6/2010 8:00:00 AM,845,WARDEN AVE,BRIDLETOWNE CRCL,,Major Arterial,Scarborough,43.801445,-79.31869,At Intersection,Traffic Signal,Clear,Daylight,Dry,Non-Fatal Injury,Pedestrian Collisions,Truck Driver,55 to 59,None,,North,Truck - Open,Going Ahead,Driving Properly,Normal,,,,,,,Yes,,,,Yes,,,,,,,,,148,East L'Amoreaux,117,L'Amoreaux (117),D42,635247.3793,4851192.916
6179,6170911,1181100,8/6/2010 8:00:00 AM,845,WARDEN AVE,BRIDLETOWNE CRCL,,Major Arterial,Scarborough,43.801445,-79.31869,At Intersection,Traffic Signal,Clear,Daylight,Dry,Non-Fatal Injury,Pedestrian Collisions,Vehicle Owner,unknown,,,,Other,,,,,,,,,,Yes,,,,Yes,,,,,,,,,148,East L'Amoreaux,117,L'Amoreaux (117),D42,635247.3793,4851192.916
6180,6170912,1181100,8/6/2010 8:00:00 AM,845,WARDEN AVE,BRIDLETOWNE CRCL,,Major Arterial,Scarborough,43.801445,-79.31869,At Intersection,Traffic Signal,Clear,Daylight,Dry,Non-Fatal Injury,Pedestrian Collisions,Pedestrian,25 to 29,Major,,West,Other,,,,Vehicle is going straight thru inter.while ped cross without ROW,Crossing without right of way,Inattentive,,,,Yes,,,,Yes,,,,,,,,,148,East L'Amoreaux,117,L'Amoreaux (117),D42,635247.3793,4851192.916