OBJECTID,INDEX,ACCNUM,DATE,TIME,STREET1,STREET2,OFFSET,ROAD_CLASS,DISTRICT,LATITUDE,LONGITUDE,ACCLOC,TRAFFCTL,VISIBILITY,LIGHT,RDSFCOND,ACCLASS,IMPACTYPE,INVTYPE,INVAGE,INJURY,FATAL_NO,INITDIR,VEHTYPE,MANOEUVER,DRIVACT,DRIVCOND,PEDTYPE,PEDACT,PEDCOND,CYCLISTYPE,CYCACT,CYCCOND,PEDESTRIAN,CYCLIST,AUTOMOBILE,MOTORCYCLE,TRUCK,TRSN_CITY_VEH,EMERG_VEH,PASSENGER,SPEEDING,AG_DRIV,REDLIGHT,ALCOHOL,DISABILITY,HOOD_158,NEIGHBOURHOOD_158,HOOD_140,NEIGHBOURHOOD_140,DIVISION,x,y
6241,6198679,1192618,9/1/2010 8:00:00 AM,1810,FINCH AVE W,PEARLDALE AVE,,Major Arterial,Etobicoke York,43.747745,-79.56239,At Intersection,Traffic Signal,Clear,Daylight,Dry,Non-Fatal Injury,Pedestrian Collisions,Driver,25 to 29,None,,North,"Automobile, Station Wagon",Turning Left,Failed to Yield Right of Way,Normal,,,,,,,Yes,,Yes,,,,,,,Yes,,,,22,Humbermede,22,Humbermede (22),D31,615747.1465,4844859.3207
6242,6198680,1192618,9/1/2010 8:00:00 AM,1810,FINCH AVE W,PEARLDALE AVE,,Major Arterial,Etobicoke York,43.747745,-79.56239,At Intersection,Traffic Signal,Clear,Daylight,Dry,Non-Fatal Injury,Pedestrian Collisions,Pedestrian,35 to 39,Major,,South,Other,,,,Vehicle turns left while ped crosses with ROW at inter.,Crossing with right of way,Normal,,,,Yes,,Yes,,,,,,,Yes,,,,22,Humbermede,22,Humbermede (22),D31,615747.1465,4844859.3207
6243,6198693,1192624,9/1/2010 8:00:00 AM,1905,SHAFTESBURY ST,CODSELL AVE,,Local,North York,43.754843,-79.456088,,Stop Sign,Clear,Dusk,Dry,Non-Fatal Injury,SMV Other,Moped Driver,55 to 59,Major,,South,Moped,Going Ahead,,,,,,,,,,Yes,,,,,,,,,,,,34,Bathurst Manor,34,Bathurst Manor (34),D32,624291.2771,4845801.6793
6244,6185145,1186908,9/2/2010 8:00:00 AM,1040,MILLWOOD Rd,VILLAGE STATION Rd,,Major Arterial,North York,43.701845,-79.35809,At Intersection,No Control,Clear,Daylight,Dry,Non-Fatal Injury,Angle,Driver,45 to 49,Minimal,,East,"Automobile, Station Wagon",Going Ahead,Driving Properly,Normal,,,,,,,,,Yes,,,,,,,,,,,56,Leaside-Bennington,56,Leaside-Bennington (56),D53,632297.2249,4840067.2046
6245,6185146,1186908,9/2/2010 8:00:00 AM,1040,MILLWOOD Rd,VILLAGE STATION Rd,,Major Arterial,North York,43.701845,-79.35809,At Intersection,No Control,Clear,Daylight,Dry,Non-Fatal Injury,Angle,Driver,85 to 89,Major,,South,"Automobile, Station Wagon",Going Ahead,Lost control,Unknown,,,,,,,,,Yes,,,,,,,,,,,56,Leaside-Bennington,56,Leaside-Bennington (56),D53,632297.2249,4840067.2046
6246,6199887,1193217,9/2/2010 8:00:00 AM,1640,COLLEGE ST,GLADSTONE AVE,,Major Arterial,Toronto and East York,43.652845,-79.43109,At Intersection,No Control,Clear,Daylight,Dry,Non-Fatal Injury,Cyclist Collisions,Driver,40 to 44,None,,West,"Automobile, Station Wagon",Going Ahead,Driving Properly,Normal,,,,,,,,Yes,Yes,,,,,,,,,,,84,Little Portugal,83,Dufferin Grove (83),D14,626518.1163,4834511.1943
6247,6199888,1193217,9/2/2010 8:00:00 AM,1640,COLLEGE ST,GLADSTONE AVE,,Major Arterial,Toronto and East York,43.652845,-79.43109,At Intersection,No Control,Clear,Daylight,Dry,Non-Fatal Injury,Cyclist Collisions,Cyclist,45 to 49,Major,,North,Bicycle,Going Ahead,,,,,,"Cyclist without ROW rides into path of motorist at inter, lnwy, dwy-Cyclist not turn.",Other,Normal,,Yes,Yes,,,,,,,,,,,84,Little Portugal,83,Dufferin Grove (83),D14,626518.1163,4834511.1943
6248,6199854,1193206,9/2/2010 8:00:00 AM,1715,MCLEVIN AVE,HUPFIELD TRL,,Minor Arterial,Scarborough,43.810045,-79.22049,,No Control,Clear,Daylight,Dry,Non-Fatal Injury,Rear End,Driver,45 to 49,Minimal,,West,Other,Parked,Driving Properly,Unknown,,,,,,,,,Yes,,,,,Yes,Yes,Yes,,,,146,Malvern East,132,Malvern (132),D42,643126.2987,4852313.2686
6249,6199855,1193206,9/2/2010 8:00:00 AM,1715,MCLEVIN AVE,HUPFIELD TRL,,Minor Arterial,Scarborough,43.810045,-79.22049,,No Control,Clear,Daylight,Dry,Non-Fatal Injury,Rear End,Passenger,25 to 29,Major,,,Other,,,,,,,,,,,,Yes,,,,,Yes,Yes,Yes,,,,146,Malvern East,132,Malvern (132),D42,643126.2987,4852313.2686
6250,6199856,1193206,9/2/2010 8:00:00 AM,1715,MCLEVIN AVE,HUPFIELD TRL,,Minor Arterial,Scarborough,43.810045,-79.22049,,No Control,Clear,Daylight,Dry,Non-Fatal Injury,Rear End,Driver,20 to 24,Major,,West,"Automobile, Station Wagon",Going Ahead,Speed too Fast For Condition,Normal,,,,,,,,,Yes,,,,,Yes,Yes,Yes,,,,146,Malvern East,132,Malvern (132),D42,643126.2987,4852313.2686
6251,6254865,1198891,9/3/2010 8:00:00 AM,1140,KENNEDY RD,MERRIAN RD,,Major Arterial,Scarborough,43.727445,-79.26589,At Intersection,Traffic Signal,Rain,Daylight,Wet,Non-Fatal Injury,Angle,Driver,25 to 29,None,,South,"Automobile, Station Wagon",Going Ahead,Disobeyed Traffic Control,Inattentive,,,,,,,,,Yes,,,,,,,Yes,Yes,,,124,Kennedy Park,124,Kennedy Park (124),D41,639666.8577,4843061.7213
6252,6254866,1198891,9/3/2010 8:00:00 AM,1140,KENNEDY RD,MERRIAN RD,,Major Arterial,Scarborough,43.727445,-79.26589,At Intersection,Traffic Signal,Rain,Daylight,Wet,Non-Fatal Injury,Angle,Vehicle Owner,unknown,,,,Other,,,,,,,,,,,,Yes,,,,,,,Yes,Yes,,,124,Kennedy Park,124,Kennedy Park (124),D41,639666.8577,4843061.7213
6253,6254867,1198891,9/3/2010 8:00:00 AM,1140,KENNEDY RD,MERRIAN RD,,Major Arterial,Scarborough,43.727445,-79.26589,At Intersection,Traffic Signal,Rain,Daylight,Wet,Non-Fatal Injury,Angle,Driver,45 to 49,Major,,West,"Automobile, Station Wagon",Going Ahead,Driving Properly,Normal,,,,,,,,,Yes,,,,,,,Yes,Yes,,,124,Kennedy Park,124,Kennedy Park (124),D41,639666.8577,4843061.7213
6254,6202753,1194416,9/9/2010 8:00:00 AM,1120,QUEEN ST W,BAY ST,,Major Arterial,Toronto and East York,43.651645,-79.38309,,No Control,Clear,Daylight,Dry,Non-Fatal Injury,Pedestrian Collisions,Driver,20 to 24,None,,East,"Automobile, Station Wagon",Overtaking,Improper Passing,Inattentive,,,,,,,Yes,,Yes,,,Yes,,,,Yes,,,,170,Yonge-Bay Corridor,76,Bay Street Corridor (76),D52,630391.5103,4834452.2223
6255,6202754,1194416,9/9/2010 8:00:00 AM,1120,QUEEN ST W,BAY ST,,Major Arterial,Toronto and East York,43.651645,-79.38309,,No Control,Clear,Daylight,Dry,Non-Fatal Injury,Pedestrian Collisions,Pedestrian,20 to 24,Major,,South,Other,,,,Pedestrian involved in a collision with transit vehicle anywhere along roadway,Person Getting on/off Vehicle,Unknown,,,,Yes,,Yes,,,Yes,,,,Yes,,,,170,Yonge-Bay Corridor,76,Bay Street Corridor (76),D52,630391.5103,4834452.2223
6256,6202755,1194416,9/9/2010 8:00:00 AM,1120,QUEEN ST W,BAY ST,,Major Arterial,Toronto and East York,43.651645,-79.38309,,No Control,Clear,Daylight,Dry,Non-Fatal Injury,Pedestrian Collisions,Vehicle Owner,unknown,,,,Other,,,,,,,,,,Yes,,Yes,,,Yes,,,,Yes,,,,170,Yonge-Bay Corridor,76,Bay Street Corridor (76),D52,630391.5103,4834452.2223
6257,6202756,1194416,9/9/2010 8:00:00 AM,1120,QUEEN ST W,BAY ST,,Major Arterial,Toronto and East York,43.651645,-79.38309,,No Control,Clear,Daylight,Dry,Non-Fatal Injury,Pedestrian Collisions,Driver - Not Hit,45 to 49,None,,,Municipal Transit Bus (TTC),,,,,,,,,,Yes,,Yes,,,Yes,,,,Yes,,,,170,Yonge-Bay Corridor,76,Bay Street Corridor (76),D52,630391.5103,4834452.2223
6258,6254436,1194386,9/9/2010 8:00:00 AM,2158,SQUIRES Aven,FERRIS Road,,Collector,Toronto and East York,43.704745,-79.29889,At Intersection,Stop Sign,Clear,Dark,Dry,Non-Fatal Injury,Cyclist Collisions,Vehicle Owner,unknown,,,,Other,,,,,,,,,,,Yes,,,,Yes,,,,,,,,54,O'Connor-Parkview,54,O'Connor-Parkview (54),D55,637060.7213,4840485.4648
6259,6254437,1194386,9/9/2010 8:00:00 AM,2158,SQUIRES Aven,FERRIS Road,,Collector,Toronto and East York,43.704745,-79.29889,At Intersection,Stop Sign,Clear,Dark,Dry,Non-Fatal Injury,Cyclist Collisions,Driver,50 to 54,None,,West,Municipal Transit Bus (TTC),Going Ahead,Driving Properly,Normal,,,,,,,,Yes,,,,Yes,,,,,,,,54,O'Connor-Parkview,54,O'Connor-Parkview (54),D55,637060.7213,4840485.4648
6260,6254438,1194386,9/9/2010 8:00:00 AM,2158,SQUIRES Aven,FERRIS Road,,Collector,Toronto and East York,43.704745,-79.29889,At Intersection,Stop Sign,Clear,Dark,Dry,Non-Fatal Injury,Cyclist Collisions,Cyclist,20 to 24,Major,,South,Bicycle,Turning Left,,,,,,Cyclist turned left across motorists path.,Failed to Yield Right of Way,Inattentive,,Yes,,,,Yes,,,,,,,,54,O'Connor-Parkview,54,O'Connor-Parkview (54),D55,637060.7213,4840485.4648
6261,6202656,1194376,9/10/2010 8:00:00 AM,940,2600 LESLIE St,,,Major Arterial,North York,43.762645,-79.36199,,No Control,Clear,Daylight,Dry,Non-Fatal Injury,Cyclist Collisions,Cyclist,45 to 49,Major,,South,Bicycle,Going Ahead,,,,,,"Cyclist loses control and strikes object (pole, ttc track)",Driving Properly,Normal,,Yes,,,,,,,,,,,,40,St.Andrew-Windfields,40,St.Andrew-Windfields (40),D33,631849.4875,4846813.7184
6262,6214738,1199497,9/11/2010 8:00:00 AM,1609,QUEENS QUAY W,LOWER SIMCOE ST,,Minor Arterial,Toronto and East York,43.638545,-79.38789,,No Control,Clear,Daylight,Dry,Non-Fatal Injury,Sideswipe,Vehicle Owner,unknown,,,,Other,,,,,,,,,,,,Yes,,,Yes,,,,,,,,165,Harbourfront-CityPlace,77,Waterfront Communities-The Island (77),D52,630032.6842,4832989.7658
6263,6214739,1199497,9/11/2010 8:00:00 AM,1609,QUEENS QUAY W,LOWER SIMCOE ST,,Minor Arterial,Toronto and East York,43.638545,-79.38789,,No Control,Clear,Daylight,Dry,Non-Fatal Injury,Sideswipe,Driver,55 to 59,Major,,West,"Automobile, Station Wagon",Turning Left,Improper Lane Change,Inattentive,,,,,,,,,Yes,,,Yes,,,,,,,,165,Harbourfront-CityPlace,77,Waterfront Communities-The Island (77),D52,630032.6842,4832989.7658
6264,6214740,1199497,9/11/2010 8:00:00 AM,1609,QUEENS QUAY W,LOWER SIMCOE ST,,Minor Arterial,Toronto and East York,43.638545,-79.38789,,No Control,Clear,Daylight,Dry,Non-Fatal Injury,Sideswipe,Vehicle Owner,unknown,,,,Other,,,,,,,,,,,,Yes,,,Yes,,,,,,,,165,Harbourfront-CityPlace,77,Waterfront Communities-The Island (77),D52,630032.6842,4832989.7658
6265,6214741,1199497,9/11/2010 8:00:00 AM,1609,QUEENS QUAY W,LOWER SIMCOE ST,,Minor Arterial,Toronto and East York,43.638545,-79.38789,,No Control,Clear,Daylight,Dry,Non-Fatal Injury,Sideswipe,Driver,40 to 44,None,,West,Municipal Transit Bus (TTC),Going Ahead,Driving Properly,Normal,,,,,,,,,Yes,,,Yes,,,,,,,,165,Harbourfront-CityPlace,77,Waterfront Communities-The Island (77),D52,630032.6842,4832989.7658
6266,6204821,1195361,9/11/2010 8:00:00 AM,2052,DUFFERIN ST,SHANLY ST,,Major Arterial,Toronto and East York,43.662945,-79.43669,At Intersection,Traffic Signal,Clear,Dark,Dry,Non-Fatal Injury,Turning Movement,Motorcycle Passenger,25 to 29,Minimal,,,Other,,,,,,,,,,,,Yes,Yes,,,,Yes,,,,,,171,Junction-Wallace Emerson,93,Dovercourt-Wallace Emerson-Junction (93),D11,626045.3891,4835624.4089
6267,6204822,1195361,9/11/2010 8:00:00 AM,2052,DUFFERIN ST,SHANLY ST,,Major Arterial,Toronto and East York,43.662945,-79.43669,At Intersection,Traffic Signal,Clear,Dark,Dry,Non-Fatal Injury,Turning Movement,Motorcycle Driver,35 to 39,Major,,North,Motorcycle,Going Ahead,Driving Properly,Normal,,,,,,,,,Yes,Yes,,,,Yes,,,,,,171,Junction-Wallace Emerson,93,Dovercourt-Wallace Emerson-Junction (93),D11,626045.3891,4835624.4089
6268,6204823,1195361,9/11/2010 8:00:00 AM,2052,DUFFERIN ST,SHANLY ST,,Major Arterial,Toronto and East York,43.662945,-79.43669,At Intersection,Traffic Signal,Clear,Dark,Dry,Non-Fatal Injury,Turning Movement,Vehicle Owner,unknown,,,,Other,,,,,,,,,,,,Yes,Yes,,,,Yes,,,,,,171,Junction-Wallace Emerson,93,Dovercourt-Wallace Emerson-Junction (93),D11,626045.3891,4835624.4089
6269,6204824,1195361,9/11/2010 8:00:00 AM,2052,DUFFERIN ST,SHANLY ST,,Major Arterial,Toronto and East York,43.662945,-79.43669,At Intersection,Traffic Signal,Clear,Dark,Dry,Non-Fatal Injury,Turning Movement,Driver,40 to 44,None,,South,"Automobile, Station Wagon",Turning Left,Improper Turn,Normal,,,,,,,,,Yes,Yes,,,,Yes,,,,,,171,Junction-Wallace Emerson,93,Dovercourt-Wallace Emerson-Junction (93),D11,626045.3891,4835624.4089
6270,6205161,1195510,9/12/2010 8:00:00 AM,14,SPADINA AVE,OXFORD ST,,Major Arterial,Toronto and East York,43.657445,-79.39979,,No Control,Rain,Dark,Wet,Non-Fatal Injury,Pedestrian Collisions,Vehicle Owner,unknown,,,,Other,,,,,,,,,,Yes,,,,,Yes,,,,,,,,78,Kensington-Chinatown,78,Kensington-Chinatown (78),D52,629032.3456,4835070.2829
6271,6205162,1195510,9/12/2010 8:00:00 AM,14,SPADINA AVE,OXFORD ST,,Major Arterial,Toronto and East York,43.657445,-79.39979,,No Control,Rain,Dark,Wet,Non-Fatal Injury,Pedestrian Collisions,Driver,40 to 44,None,,North,Municipal Transit Bus (TTC),Going Ahead,Driving Properly,Normal,,,,,,,Yes,,,,,Yes,,,,,,,,78,Kensington-Chinatown,78,Kensington-Chinatown (78),D52,629032.3456,4835070.2829
6272,6205163,1195510,9/12/2010 8:00:00 AM,14,SPADINA AVE,OXFORD ST,,Major Arterial,Toronto and East York,43.657445,-79.39979,,No Control,Rain,Dark,Wet,Non-Fatal Injury,Pedestrian Collisions,Pedestrian,55 to 59,Major,,East,Other,,,,Pedestrian involved in a collision with transit vehicle anywhere along roadway,"Crossing, no Traffic Control",Inattentive,,,,Yes,,,,,Yes,,,,,,,,78,Kensington-Chinatown,78,Kensington-Chinatown (78),D52,629032.3456,4835070.2829
6273,6279776,1188832,9/13/2010 8:00:00 AM,639,MARKHAM RD,ELLESMERE RD,,Major Arterial,Scarborough,43.776445,-79.23179,At Intersection,Traffic Signal,Rain,Dawn,Wet,Non-Fatal Injury,Pedestrian Collisions,Driver,35 to 39,None,,East,"Automobile, Station Wagon",Turning Left,Driving Properly,Normal,,,,,,,Yes,,Yes,,,,,,,,,,,142,Woburn North,137,Woburn (137),D43,642297.1555,4848561.9635
6274,6279777,1188832,9/13/2010 8:00:00 AM,639,MARKHAM RD,ELLESMERE RD,,Major Arterial,Scarborough,43.776445,-79.23179,At Intersection,Traffic Signal,Rain,Dawn,Wet,Non-Fatal Injury,Pedestrian Collisions,Pedestrian,20 to 24,Major,,North,Other,,,,Vehicle turns left while ped crosses without ROW at inter.,Crossing without right of way,Unknown,,,,Yes,,Yes,,,,,,,,,,,142,Woburn North,137,Woburn (137),D43,642297.1555,4848561.9635
6275,6254152,1189019,9/14/2010 8:00:00 AM,20,LAKE SHORE Boul W,ISLINGTON Aven,,Major Arterial,Etobicoke York,43.600845,-79.50469,,No Control,Clear,Dark,Dry,Non-Fatal Injury,SMV Unattended Vehicle,Passenger,25 to 29,Minor,,,Other,,,,,,,,,,,,Yes,,,,,Yes,,,,,Yes,18,New Toronto,18,New Toronto (18),D22,620686.9184,4828626.3695
6276,6254153,1189019,9/14/2010 8:00:00 AM,20,LAKE SHORE Boul W,ISLINGTON Aven,,Major Arterial,Etobicoke York,43.600845,-79.50469,,No Control,Clear,Dark,Dry,Non-Fatal Injury,SMV Unattended Vehicle,Driver,60 to 64,Major,,West,"Automobile, Station Wagon",Going Ahead,Lost control,Medical or Physical Disability,,,,,,,,,Yes,,,,,Yes,,,,,Yes,18,New Toronto,18,New Toronto (18),D22,620686.9184,4828626.3695
6277,6254154,1189019,9/14/2010 8:00:00 AM,20,LAKE SHORE Boul W,ISLINGTON Aven,,Major Arterial,Etobicoke York,43.600845,-79.50469,,No Control,Clear,Dark,Dry,Non-Fatal Injury,SMV Unattended Vehicle,Vehicle Owner,unknown,,,,Other,,,,,,,,,,,,Yes,,,,,Yes,,,,,Yes,18,New Toronto,18,New Toronto (18),D22,620686.9184,4828626.3695
6278,6254155,1189019,9/14/2010 8:00:00 AM,20,LAKE SHORE Boul W,ISLINGTON Aven,,Major Arterial,Etobicoke York,43.600845,-79.50469,,No Control,Clear,Dark,Dry,Non-Fatal Injury,SMV Unattended Vehicle,Vehicle Owner,unknown,,,,Other,,,,,,,,,,,,Yes,,,,,Yes,,,,,Yes,18,New Toronto,18,New Toronto (18),D22,620686.9184,4828626.3695
6279,6280138,1196138,9/14/2010 8:00:00 AM,35,26 FIRENZA DR,,,Local,Etobicoke York,43.751345,-79.56569,,No Control,Clear,Dark,Dry,Non-Fatal Injury,Pedestrian Collisions,Other,unknown,None,,West,Other,Parked,,,,,,,,,Yes,,Yes,,,,,,,,,,,21,Humber Summit,21,Humber Summit (21),D31,615474.5269,4845254.5472
6280,6280139,1196138,9/14/2010 8:00:00 AM,35,26 FIRENZA DR,,,Local,Etobicoke York,43.751345,-79.56569,,No Control,Clear,Dark,Dry,Non-Fatal Injury,Pedestrian Collisions,Driver,15 to 19,None,,West,"Automobile, Station Wagon",Going Ahead,Other,Unknown,,,,,,,Yes,,Yes,,,,,,,,,,,21,Humber Summit,21,Humber Summit (21),D31,615474.5269,4845254.5472
6281,6280140,1196138,9/14/2010 8:00:00 AM,35,26 FIRENZA DR,,,Local,Etobicoke York,43.751345,-79.56569,,No Control,Clear,Dark,Dry,Non-Fatal Injury,Pedestrian Collisions,Pedestrian,15 to 19,Major,,Unknown,Other,,,,Pedestrian hit at private driveway,Other,Had Been Drinking,,,,Yes,,Yes,,,,,,,,,,,21,Humber Summit,21,Humber Summit (21),D31,615474.5269,4845254.5472
6282,6254160,1189134,9/14/2010 8:00:00 AM,1055,SPADINA AVE,SULLIVAN ST,,Major Arterial,Toronto and East York,43.650945,-79.39729,,No Control,Clear,Daylight,Dry,Fatal,Pedestrian Collisions,Vehicle Owner,unknown,,,,Other,,,,,,,,,,Yes,,,,,Yes,,,,,,,,78,Kensington-Chinatown,78,Kensington-Chinatown (78),D14,629247.8777,4834352.2633
6283,6254161,1189134,9/14/2010 8:00:00 AM,1055,SPADINA AVE,SULLIVAN ST,,Major Arterial,Toronto and East York,43.650945,-79.39729,,No Control,Clear,Daylight,Dry,Fatal,Pedestrian Collisions,Driver,35 to 39,None,,North,Municipal Transit Bus (TTC),Going Ahead,Driving Properly,Normal,,,,,,,Yes,,,,,Yes,,,,,,,,78,Kensington-Chinatown,78,Kensington-Chinatown (78),D14,629247.8777,4834352.2633
6284,6254162,1189134,9/14/2010 8:00:00 AM,1055,SPADINA AVE,SULLIVAN ST,,Major Arterial,Toronto and East York,43.650945,-79.39729,,No Control,Clear,Daylight,Dry,Fatal,Pedestrian Collisions,Pedestrian,80 to 84,Fatal,30,West,Other,,,,Pedestrian involved in a collision with transit vehicle anywhere along roadway,"Crossing, no Traffic Control",Unknown,,,,Yes,,,,,Yes,,,,,,,,78,Kensington-Chinatown,78,Kensington-Chinatown (78),D14,629247.8777,4834352.2633
6285,6190417,1189140,9/14/2010 8:00:00 AM,1100,KINGSTON RD,LAKESIDE AVE,,Major Arterial,Scarborough,43.690745,-79.26609,At Intersection,Stop Sign,Clear,Daylight,Dry,Non-Fatal Injury,Turning Movement,Motorcycle Driver,70 to 74,Major,,North,Motorcycle,Turning Left,Failed to Yield Right of Way,Normal,,,,,,,,,Yes,Yes,,,,,,Yes,,,,122,Birchcliffe-Cliffside,122,Birchcliffe-Cliffside (122),D41,639736.0111,4838985.318
6286,6190418,1189140,9/14/2010 8:00:00 AM,1100,KINGSTON RD,LAKESIDE AVE,,Major Arterial,Scarborough,43.690745,-79.26609,At Intersection,Stop Sign,Clear,Daylight,Dry,Non-Fatal Injury,Turning Movement,Driver,70 to 74,None,,East,"Automobile, Station Wagon",Going Ahead,Driving Properly,Normal,,,,,,,,,Yes,Yes,,,,,,Yes,,,,122,Birchcliffe-Cliffside,122,Birchcliffe-Cliffside (122),D41,639736.0111,4838985.318
6287,6279808,1189375,9/15/2010 8:00:00 AM,418,WESTON RD,CHURCH ST,,Minor Arterial,Etobicoke York,43.703245,-79.52599,,No Control,Clear,Dark,Dry,Fatal,SMV Unattended Vehicle,Other,unknown,None,,South,Other,Parked,,,,,,,,,,,Yes,,,,,,Yes,Yes,,,,113,Weston,113,Weston (113),D12,618765.7675,4839968.4703
6288,6279809,1189375,9/15/2010 8:00:00 AM,418,WESTON RD,CHURCH ST,,Minor Arterial,Etobicoke York,43.703245,-79.52599,,No Control,Clear,Dark,Dry,Fatal,SMV Unattended Vehicle,Vehicle Owner,unknown,,,,Other,,,,,,,,,,,,Yes,,,,,,Yes,Yes,,,,113,Weston,113,Weston (113),D12,618765.7675,4839968.4703
6289,6279810,1189375,9/15/2010 8:00:00 AM,418,WESTON RD,CHURCH ST,,Minor Arterial,Etobicoke York,43.703245,-79.52599,,No Control,Clear,Dark,Dry,Fatal,SMV Unattended Vehicle,Driver,25 to 29,Fatal,31,North,"Automobile, Station Wagon",Going Ahead,Lost control,Had Been Drinking,,,,,,,,,Yes,,,,,,Yes,Yes,,,,113,Weston,113,Weston (113),D12,618765.7675,4839968.4703
6290,6279811,1189375,9/15/2010 8:00:00 AM,418,WESTON RD,CHURCH ST,,Minor Arterial,Etobicoke York,43.703245,-79.52599,,No Control,Clear,Dark,Dry,Fatal,SMV Unattended Vehicle,Other Property Owner,unknown,,,,Other,,,,,,,,,,,,Yes,,,,,,Yes,Yes,,,,113,Weston,113,Weston (113),D12,618765.7675,4839968.4703
6291,6207088,1196331,9/15/2010 8:00:00 AM,1128,MAIN ST,DANFORTH AVE,,Minor Arterial,Toronto and East York,43.688745,-79.30209,,No Control,Clear,Daylight,Dry,Non-Fatal Injury,Turning Movement,Vehicle Owner,unknown,,,,Other,,,,,,,,,,,,Yes,,,Yes,,,,Yes,,,,62,East End-Danforth,62,East End-Danforth (62),D55,636839.2808,4838703.1525
6292,6207089,1196331,9/15/2010 8:00:00 AM,1128,MAIN ST,DANFORTH AVE,,Minor Arterial,Toronto and East York,43.688745,-79.30209,,No Control,Clear,Daylight,Dry,Non-Fatal Injury,Turning Movement,Driver,40 to 44,None,,North,"Automobile, Station Wagon",Going Ahead,Driving Properly,Normal,,,,,,,,,Yes,,,Yes,,,,Yes,,,,62,East End-Danforth,62,East End-Danforth (62),D55,636839.2808,4838703.1525
6293,6207090,1196331,9/15/2010 8:00:00 AM,1128,MAIN ST,DANFORTH AVE,,Minor Arterial,Toronto and East York,43.688745,-79.30209,,No Control,Clear,Daylight,Dry,Non-Fatal Injury,Turning Movement,Vehicle Owner,unknown,,,,Other,,,,,,,,,,,,Yes,,,Yes,,,,Yes,,,,62,East End-Danforth,62,East End-Danforth (62),D55,636839.2808,4838703.1525
6294,6207091,1196331,9/15/2010 8:00:00 AM,1128,MAIN ST,DANFORTH AVE,,Minor Arterial,Toronto and East York,43.688745,-79.30209,,No Control,Clear,Daylight,Dry,Non-Fatal Injury,Turning Movement,Driver,45 to 49,Major,,West,Municipal Transit Bus (TTC),Turning Right,Failed to Yield Right of Way,Inattentive,,,,,,,,,Yes,,,Yes,,,,Yes,,,,62,East End-Danforth,62,East End-Danforth (62),D55,636839.2808,4838703.1525
6295,6229026,1205381,9/15/2010 8:00:00 AM,1952,QUEEN Stre W,SPADINA Aven,,Major Arterial,Toronto and East York,43.648845,-79.39579,,No Control,Clear,Dark,Dry,Non-Fatal Injury,Pedestrian Collisions,Driver,35 to 39,None,,West,"Automobile, Station Wagon",Going Ahead,Driving Properly,Normal,,,,,,,Yes,,Yes,,,,,,,,,,,164,Wellington Place,77,Waterfront Communities-The Island (77),D52,629373.3526,4834121.3682
6296,6229027,1205381,9/15/2010 8:00:00 AM,1952,QUEEN Stre W,SPADINA Aven,,Major Arterial,Toronto and East York,43.648845,-79.39579,,No Control,Clear,Dark,Dry,Non-Fatal Injury,Pedestrian Collisions,Pedestrian,30 to 34,Major,,South,Other,,,,Pedestrian hit at mid-block,Crossing without right of way,"Ability Impaired, Alcohol",,,,Yes,,Yes,,,,,,,,,,,164,Wellington Place,77,Waterfront Communities-The Island (77),D52,629373.3526,4834121.3682
6297,6209176,1197199,9/19/2010 8:00:00 AM,1550,EGLINTON AVE E,VICTORIA PARK AVE,,Major Arterial,North York,43.724745,-79.302593,At Intersection,Traffic Signal,Clear,Daylight,Dry,Non-Fatal Injury,Turning Movement,Motorcycle Driver,40 to 44,Major,,East,Motorcycle,Going Ahead,Driving Properly,Normal,,,,,,,,,Yes,Yes,,,,,,,,,,119,Wexford/Maryvale,119,Wexford/Maryvale (119),D41,636716.8721,4842700.6386
6298,6209177,1197199,9/19/2010 8:00:00 AM,1550,EGLINTON AVE E,VICTORIA PARK AVE,,Major Arterial,North York,43.724745,-79.302593,At Intersection,Traffic Signal,Clear,Daylight,Dry,Non-Fatal Injury,Turning Movement,Driver,60 to 64,None,,West,"Automobile, Station Wagon",Turning Left,Improper Turn,Inattentive,,,,,,,,,Yes,Yes,,,,,,,,,,119,Wexford/Maryvale,119,Wexford/Maryvale (119),D41,636716.8721,4842700.6386
6299,6193125,1190299,9/20/2010 8:00:00 AM,1008,PINEWAY BLVD,FINCH AVE E,,Major Arterial,North York,43.789145,-79.37329,At Intersection,Traffic Signal,Clear,Daylight,Dry,Non-Fatal Injury,Pedestrian Collisions,Driver,30 to 34,None,,South,"Automobile, Station Wagon",Turning Left,Failed to Yield Right of Way,Normal,,,,,,,Yes,,Yes,,,,,,,Yes,,,,52,Bayview Village,49,Bayview Woods-Steeles (49),D33,630882.0723,4849739.0222
6300,6193126,1190299,9/20/2010 8:00:00 AM,1008,PINEWAY BLVD,FINCH AVE E,,Major Arterial,North York,43.789145,-79.37329,At Intersection,Traffic Signal,Clear,Daylight,Dry,Non-Fatal Injury,Pedestrian Collisions,Pedestrian,70 to 74,Major,,North,Other,,,,Vehicle turns left while ped crosses with ROW at inter.,Crossing with right of way,Normal,,,,Yes,,Yes,,,,,,,Yes,,,,52,Bayview Village,49,Bayview Woods-Steeles (49),D33,630882.0723,4849739.0222
6301,6209426,1197305,9/20/2010 8:00:00 AM,2317,PASSMORE AVE,TAPSCOTT RD,,Minor Arterial,Scarborough,43.831645,-79.24569,At Intersection,Stop Sign,Clear,Dark,Dry,Non-Fatal Injury,Angle,Driver,30 to 34,Minor,,North,"Automobile, Station Wagon",Going Ahead,Driving Properly,Normal,,,,,,,,,Yes,,,,,,,Yes,,Yes,,144,Morningside Heights,131,Rouge (131),D42,641048.5586,4854669.0209