OBJECTID,INDEX,ACCNUM,DATE,TIME,STREET1,STREET2,OFFSET,ROAD_CLASS,DISTRICT,LATITUDE,LONGITUDE,ACCLOC,TRAFFCTL,VISIBILITY,LIGHT,RDSFCOND,ACCLASS,IMPACTYPE,INVTYPE,INVAGE,INJURY,FATAL_NO,INITDIR,VEHTYPE,MANOEUVER,DRIVACT,DRIVCOND,PEDTYPE,PEDACT,PEDCOND,CYCLISTYPE,CYCACT,CYCCOND,PEDESTRIAN,CYCLIST,AUTOMOBILE,MOTORCYCLE,TRUCK,TRSN_CITY_VEH,EMERG_VEH,PASSENGER,SPEEDING,AG_DRIV,REDLIGHT,ALCOHOL,DISABILITY,HOOD_158,NEIGHBOURHOOD_158,HOOD_140,NEIGHBOURHOOD_140,DIVISION,x,y
6363,6215671,1199899,10/4/2010 8:00:00 AM,848,CHETTA PL,WINCOTT DR,,Local,Etobicoke York,43.696645,-79.55169,,No Control,Clear,Daylight,Dry,Non-Fatal Injury,Pedestrian Collisions,Vehicle Owner,unknown,,,,Other,,,,,,,,,,Yes,,Yes,,,,,,,,,,,6,Kingsview Village-The Westway,6,Kingsview Village-The Westway (6),D23,616707.8237,4839198.9562
6364,6215672,1199899,10/4/2010 8:00:00 AM,848,CHETTA PL,WINCOTT DR,,Local,Etobicoke York,43.696645,-79.55169,,No Control,Clear,Daylight,Dry,Non-Fatal Injury,Pedestrian Collisions,Driver,45 to 49,None,,West,"Automobile, Station Wagon",Going Ahead,Driving Properly,Normal,,,,,,,Yes,,Yes,,,,,,,,,,,6,Kingsview Village-The Westway,6,Kingsview Village-The Westway (6),D23,616707.8237,4839198.9562
6365,6215673,1199899,10/4/2010 8:00:00 AM,848,CHETTA PL,WINCOTT DR,,Local,Etobicoke York,43.696645,-79.55169,,No Control,Clear,Daylight,Dry,Non-Fatal Injury,Pedestrian Collisions,Pedestrian - Not Hit,35 to 39,None,,,Other,,,,,,,,,,Yes,,Yes,,,,,,,,,,,6,Kingsview Village-The Westway,6,Kingsview Village-The Westway (6),D23,616707.8237,4839198.9562
6366,6215674,1199899,10/4/2010 8:00:00 AM,848,CHETTA PL,WINCOTT DR,,Local,Etobicoke York,43.696645,-79.55169,,No Control,Clear,Daylight,Dry,Non-Fatal Injury,Pedestrian Collisions,Pedestrian,5 to 9,Major,,North,Other,,,,Pedestrian hit at mid-block,Running onto Roadway,Inattentive,,,,Yes,,Yes,,,,,,,,,,,6,Kingsview Village-The Westway,6,Kingsview Village-The Westway (6),D23,616707.8237,4839198.9562
6367,6915247,1199695,10/4/2010 8:00:00 AM,1120,BLOOR ST W,DUNDAS ST W,,Major Arterial,Toronto and East York,43.656345,-79.45249,At Intersection,Traffic Signal,Clear,Daylight,Dry,Non-Fatal Injury,Pedestrian Collisions,Driver,55 to 59,None,,West,"Automobile, Station Wagon",Stopped,Driving Properly,Normal,,,,,,,Yes,,Yes,,,,,,,Yes,,,,88,High Park North,88,High Park North (88),D11,624785.138,4834867.5098
6368,6915248,1199695,10/4/2010 8:00:00 AM,1120,BLOOR ST W,DUNDAS ST W,,Major Arterial,Toronto and East York,43.656345,-79.45249,At Intersection,Traffic Signal,Clear,Daylight,Dry,Non-Fatal Injury,Pedestrian Collisions,Vehicle Owner,unknown,,,,Other,,,,,,,,,,Yes,,Yes,,,,,,,Yes,,,,88,High Park North,88,High Park North (88),D11,624785.138,4834867.5098
6369,6915249,1199695,10/4/2010 8:00:00 AM,1120,BLOOR ST W,DUNDAS ST W,,Major Arterial,Toronto and East York,43.656345,-79.45249,At Intersection,Traffic Signal,Clear,Daylight,Dry,Non-Fatal Injury,Pedestrian Collisions,Vehicle Owner,unknown,,,,Other,,,,,,,,,,Yes,,Yes,,,,,,,Yes,,,,88,High Park North,88,High Park North (88),D11,624785.138,4834867.5098
6370,6915250,1199695,10/4/2010 8:00:00 AM,1120,BLOOR ST W,DUNDAS ST W,,Major Arterial,Toronto and East York,43.656345,-79.45249,At Intersection,Traffic Signal,Clear,Daylight,Dry,Non-Fatal Injury,Pedestrian Collisions,Driver,40 to 44,None,,South,"Automobile, Station Wagon",Turning Left,Failed to Yield Right of Way,Normal,,,,,,,Yes,,Yes,,,,,,,Yes,,,,88,High Park North,88,High Park North (88),D11,624785.138,4834867.5098
6371,6915251,1199695,10/4/2010 8:00:00 AM,1120,BLOOR ST W,DUNDAS ST W,,Major Arterial,Toronto and East York,43.656345,-79.45249,At Intersection,Traffic Signal,Clear,Daylight,Dry,Non-Fatal Injury,Pedestrian Collisions,Pedestrian,15 to 19,Major,,North,Other,,,,Vehicle turns left while ped crosses without ROW at inter.,Running onto Roadway,Normal,,,,Yes,,Yes,,,,,,,Yes,,,,88,High Park North,88,High Park North (88),D11,624785.138,4834867.5098
6372,6199438,1193019,10/4/2010 8:00:00 AM,1619,FRONT ST W,BLUE JAYS WAY,,Minor Arterial,Toronto and East York,43.643445,-79.39129,At Intersection,Traffic Signal,Rain,Daylight,Wet,Non-Fatal Injury,Turning Movement,Driver,30 to 34,Major,,East,"Automobile, Station Wagon",Going Ahead,Driving Properly,Normal,,,,,,,,,Yes,,,,,,,Yes,,,,164,Wellington Place,77,Waterfront Communities-The Island (77),D52,629747.8895,4833528.6532
6373,6199439,1193019,10/4/2010 8:00:00 AM,1619,FRONT ST W,BLUE JAYS WAY,,Minor Arterial,Toronto and East York,43.643445,-79.39129,At Intersection,Traffic Signal,Rain,Daylight,Wet,Non-Fatal Injury,Turning Movement,Driver,35 to 39,Minimal,,West,"Automobile, Station Wagon",Turning Left,Failed to Yield Right of Way,Normal,,,,,,,,,Yes,,,,,,,Yes,,,,164,Wellington Place,77,Waterfront Communities-The Island (77),D52,629747.8895,4833528.6532
6374,6216098,1200079,10/5/2010 8:00:00 AM,1730,MILNER AVE,AUTO MALL DR,,Minor Arterial,Scarborough,43.800445,-79.19069,,No Control,Rain,Daylight,Wet,Non-Fatal Injury,SMV Other,Driver,30 to 34,Major,,East,"Automobile, Station Wagon",Going Ahead,Speed too Fast For Condition,Normal,,,,,,,,,Yes,,,,,,Yes,Yes,,,,144,Morningside Heights,131,Rouge (131),D42,645546.4613,4851299.0139
6375,6216099,1200079,10/5/2010 8:00:00 AM,1730,MILNER AVE,AUTO MALL DR,,Minor Arterial,Scarborough,43.800445,-79.19069,,No Control,Rain,Daylight,Wet,Non-Fatal Injury,SMV Other,Other Property Owner,unknown,,,,Other,,,,,,,,,,,,Yes,,,,,,Yes,Yes,,,,144,Morningside Heights,131,Rouge (131),D42,645546.4613,4851299.0139
6376,6201188,1193747,10/7/2010 8:00:00 AM,2044,DORIS AVE,HOLLYWOOD AVE,,Minor Arterial,North York,43.765745,-79.40909,,Pedestrian Crossover,Clear,Dark,Dry,Fatal,Pedestrian Collisions,Driver,40 to 44,None,,South,"Automobile, Station Wagon",Going Ahead,Failed to Yield Right of Way,Normal,,,,,,,Yes,,Yes,,,,,,,Yes,,,,151,Yonge-Doris,51,Willowdale East (51),D32,628051.5843,4847084.1095
6377,6201189,1193747,10/7/2010 8:00:00 AM,2044,DORIS AVE,HOLLYWOOD AVE,,Minor Arterial,North York,43.765745,-79.40909,,Pedestrian Crossover,Clear,Dark,Dry,Fatal,Pedestrian Collisions,Pedestrian,40 to 44,Fatal,34,West,Other,,,,Pedestrian hit a PXO/ped. Mid-block signal,"Crossing, Pedestrian Crossover",Normal,,,,Yes,,Yes,,,,,,,Yes,,,,151,Yonge-Doris,51,Willowdale East (51),D32,628051.5843,4847084.1095
6378,6201417,1193861,10/8/2010 8:00:00 AM,815,ALBION RD,SANAGAN RD,,Major Arterial,Etobicoke York,43.738945,-79.57619,At Intersection,Traffic Signal,Clear,Daylight,Dry,Non-Fatal Injury,Pedestrian Collisions,Driver,45 to 49,None,,East,"Automobile, Station Wagon",Going Ahead,Disobeyed Traffic Control,Inattentive,,,,,,,Yes,,Yes,,,,,,,Yes,Yes,,,3,Thistletown-Beaumond Heights,3,Thistletown-Beaumond Heights (3),D23,614652.848,4843862.7655
6379,6201418,1193861,10/8/2010 8:00:00 AM,815,ALBION RD,SANAGAN RD,,Major Arterial,Etobicoke York,43.738945,-79.57619,At Intersection,Traffic Signal,Clear,Daylight,Dry,Non-Fatal Injury,Pedestrian Collisions,Pedestrian,70 to 74,Major,,North,Other,,,,Vehicle is going straight thru inter.while ped cross with ROW,Crossing with right of way,Unknown,,,,Yes,,Yes,,,,,,,Yes,Yes,,,3,Thistletown-Beaumond Heights,3,Thistletown-Beaumond Heights (3),D23,614652.848,4843862.7655
6380,6201514,1193897,10/8/2010 8:00:00 AM,915,SHEPPARD AVE E,KENNEDY RD,,Major Arterial,Scarborough,43.783045,-79.289287,,No Control,Clear,Daylight,Dry,Non-Fatal Injury,Pedestrian Collisions,Vehicle Owner,unknown,,,,Other,,,,,,,,,,Yes,,,,,Yes,,,,Yes,,,,118,Tam O'Shanter-Sullivan,118,Tam O'Shanter-Sullivan (118),D42,637654.87,4849197.7786
6381,6201515,1193897,10/8/2010 8:00:00 AM,915,SHEPPARD AVE E,KENNEDY RD,,Major Arterial,Scarborough,43.783045,-79.289287,,No Control,Clear,Daylight,Dry,Non-Fatal Injury,Pedestrian Collisions,Driver,60 to 64,None,,West,Municipal Transit Bus (TTC),Pulling Away from Shoulder or Curb,Failed to Yield Right of Way,Normal,,,,,,,Yes,,,,,Yes,,,,Yes,,,,118,Tam O'Shanter-Sullivan,118,Tam O'Shanter-Sullivan (118),D42,637654.87,4849197.7786
6382,6201516,1193897,10/8/2010 8:00:00 AM,915,SHEPPARD AVE E,KENNEDY RD,,Major Arterial,Scarborough,43.783045,-79.289287,,No Control,Clear,Daylight,Dry,Non-Fatal Injury,Pedestrian Collisions,Pedestrian,85 to 89,Major,,Unknown,Other,,,,Pedestrian involved in a collision with transit vehicle anywhere along roadway,Person Getting on/off Vehicle,Normal,,,,Yes,,,,,Yes,,,,Yes,,,,118,Tam O'Shanter-Sullivan,118,Tam O'Shanter-Sullivan (118),D42,637654.87,4849197.7786
6383,6216742,1200323,10/8/2010 8:00:00 AM,1130,WILSON AVE,PRIVET RD,,Major Arterial,North York,43.722745,-79.49939,,No Control,Clear,Daylight,Dry,Non-Fatal Injury,Turning Movement,Motorcycle Driver,25 to 29,Major,,East,Motorcycle,Going Ahead,Driving Properly,Normal,,,,,,,,,Yes,Yes,,,,,,Yes,,,,154,Oakdale-Beverley Heights,26,Downsview-Roding-CFB (26),D31,620869.8265,4842172.6662
6384,6216743,1200323,10/8/2010 8:00:00 AM,1130,WILSON AVE,PRIVET RD,,Major Arterial,North York,43.722745,-79.49939,,No Control,Clear,Daylight,Dry,Non-Fatal Injury,Turning Movement,Driver,75 to 79,None,,West,"Automobile, Station Wagon",Turning Left,Improper Turn,Inattentive,,,,,,,,,Yes,Yes,,,,,,Yes,,,,154,Oakdale-Beverley Heights,26,Downsview-Roding-CFB (26),D31,620869.8265,4842172.6662
6385,6216978,1200416,10/8/2010 8:00:00 AM,2255,ST CLAIR AVE E,AVOCA AVE,,Major Arterial,Toronto and East York,43.688945,-79.38989,At Intersection,Traffic Signal,Clear,Dark,Dry,Non-Fatal Injury,Rear End,Passenger,40 to 44,Minor,,,Other,,,,,,,,,,,,Yes,,,,,Yes,,Yes,,,,98,Rosedale-Moore Park,98,Rosedale-Moore Park (98),D53,629762.7288,4838584.2265
6386,6216979,1200416,10/8/2010 8:00:00 AM,2255,ST CLAIR AVE E,AVOCA AVE,,Major Arterial,Toronto and East York,43.688945,-79.38989,At Intersection,Traffic Signal,Clear,Dark,Dry,Non-Fatal Injury,Rear End,Driver,40 to 44,Minor,,East,"Automobile, Station Wagon",Stopped,Driving Properly,Normal,,,,,,,,,Yes,,,,,Yes,,Yes,,,,98,Rosedale-Moore Park,98,Rosedale-Moore Park (98),D53,629762.7288,4838584.2265
6387,6216980,1200416,10/8/2010 8:00:00 AM,2255,ST CLAIR AVE E,AVOCA AVE,,Major Arterial,Toronto and East York,43.688945,-79.38989,At Intersection,Traffic Signal,Clear,Dark,Dry,Non-Fatal Injury,Rear End,Driver,40 to 44,Major,,East,"Automobile, Station Wagon",Stopped,Driving Properly,Normal,,,,,,,,,Yes,,,,,Yes,,Yes,,,,98,Rosedale-Moore Park,98,Rosedale-Moore Park (98),D53,629762.7288,4838584.2265
6388,6216981,1200416,10/8/2010 8:00:00 AM,2255,ST CLAIR AVE E,AVOCA AVE,,Major Arterial,Toronto and East York,43.688945,-79.38989,At Intersection,Traffic Signal,Clear,Dark,Dry,Non-Fatal Injury,Rear End,Driver,45 to 49,None,,East,"Automobile, Station Wagon",Going Ahead,Following too Close,Normal,,,,,,,,,Yes,,,,,Yes,,Yes,,,,98,Rosedale-Moore Park,98,Rosedale-Moore Park (98),D53,629762.7288,4838584.2265
6389,6280059,1193945,10/9/2010 8:00:00 AM,203,HIGHWAY 27  N,BETHRIDGE Rd,,Major Arterial,Etobicoke York,43.708145,-79.59119,,No Control,Clear,Dark,Dry,Non-Fatal Injury,Rear End,Truck Driver,30 to 34,Minimal,,North,Truck - Open,Going Ahead,Driving Properly,Normal,,,,,,,,,Yes,,Yes,,,,Yes,Yes,,,,1,West Humber-Clairville,1,West Humber-Clairville (1),D23,613503.1069,4840421.349
6390,6280060,1193945,10/9/2010 8:00:00 AM,203,HIGHWAY 27  N,BETHRIDGE Rd,,Major Arterial,Etobicoke York,43.708145,-79.59119,,No Control,Clear,Dark,Dry,Non-Fatal Injury,Rear End,Vehicle Owner,unknown,,,,Other,,,,,,,,,,,,Yes,,Yes,,,,Yes,Yes,,,,1,West Humber-Clairville,1,West Humber-Clairville (1),D23,613503.1069,4840421.349
6391,6280061,1193945,10/9/2010 8:00:00 AM,203,HIGHWAY 27  N,BETHRIDGE Rd,,Major Arterial,Etobicoke York,43.708145,-79.59119,,No Control,Clear,Dark,Dry,Non-Fatal Injury,Rear End,Vehicle Owner,unknown,,,,Other,,,,,,,,,,,,Yes,,Yes,,,,Yes,Yes,,,,1,West Humber-Clairville,1,West Humber-Clairville (1),D23,613503.1069,4840421.349
6392,6280062,1193945,10/9/2010 8:00:00 AM,203,HIGHWAY 27  N,BETHRIDGE Rd,,Major Arterial,Etobicoke York,43.708145,-79.59119,,No Control,Clear,Dark,Dry,Non-Fatal Injury,Rear End,Driver,20 to 24,Major,,North,"Automobile, Station Wagon",Going Ahead,Exceeding Speed Limit,Unknown,,,,,,,,,Yes,,Yes,,,,Yes,Yes,,,,1,West Humber-Clairville,1,West Humber-Clairville (1),D23,613503.1069,4840421.349
6393,6280063,1193945,10/9/2010 8:00:00 AM,203,HIGHWAY 27  N,BETHRIDGE Rd,,Major Arterial,Etobicoke York,43.708145,-79.59119,,No Control,Clear,Dark,Dry,Non-Fatal Injury,Rear End,Other,unknown,None,,,Other,Unknown,,,,,,,,,,,Yes,,Yes,,,,Yes,Yes,,,,1,West Humber-Clairville,1,West Humber-Clairville (1),D23,613503.1069,4840421.349
6394,6280064,1193990,10/9/2010 8:00:00 AM,1123,FINCH AVE E,SKYMARK DR,,Major Arterial,North York,43.79309,-79.352252,At Intersection,Traffic Signal,Clear,Daylight,Dry,Non-Fatal Injury,Pedestrian Collisions,Driver,75 to 79,None,,East,"Automobile, Station Wagon",Going Ahead,Driving Properly,Normal,,,,,,,Yes,,Yes,,,,,,,,,,,47,Don Valley Village,47,Don Valley Village (47),D33,632566.0447,4850210.6571
6395,6280065,1193990,10/9/2010 8:00:00 AM,1123,FINCH AVE E,SKYMARK DR,,Major Arterial,North York,43.79309,-79.352252,At Intersection,Traffic Signal,Clear,Daylight,Dry,Non-Fatal Injury,Pedestrian Collisions,Pedestrian,80 to 84,Major,,North,,,,,Vehicle is going straight thru inter.while ped cross without ROW,Crossing without right of way,Normal,,,,Yes,,Yes,,,,,,,,,,,47,Don Valley Village,47,Don Valley Village (47),D33,632566.0447,4850210.6571
6396,6280066,1194056,10/9/2010 8:00:00 AM,2350,KINGSTON RD,KALMAR AVE,,Major Arterial,Scarborough,43.689745,-79.26789,,No Control,Clear,Dark,Dry,Non-Fatal Injury,Pedestrian Collisions,Driver,unknown,None,,West,"Automobile, Station Wagon",Going Ahead,Driving Properly,Unknown,,,,,,,Yes,,Yes,,,,,,,,,,,122,Birchcliffe-Cliffside,122,Birchcliffe-Cliffside (122),D41,639593.2671,4838871.2221
6397,6280067,1194056,10/9/2010 8:00:00 AM,2350,KINGSTON RD,KALMAR AVE,,Major Arterial,Scarborough,43.689745,-79.26789,,No Control,Clear,Dark,Dry,Non-Fatal Injury,Pedestrian Collisions,Pedestrian,50 to 54,Major,,South,Other,,,,Vehicle is going straight thru inter.while ped cross without ROW,Crossing without right of way,Unknown,,,,Yes,,Yes,,,,,,,,,,,122,Birchcliffe-Cliffside,122,Birchcliffe-Cliffside (122),D41,639593.2671,4838871.2221
6398,6201919,1194057,10/10/2010 8:00:00 AM,220,YONGE ST,AVONDALE AVE,,Major Arterial,North York,43.758045,-79.41009,,No Control,Clear,Daylight,Dry,Non-Fatal Injury,Sideswipe,Vehicle Owner,unknown,,,,Other,,,,,,,,,,,,Yes,,,,,,Yes,Yes,,,,38,Lansing-Westgate,38,Lansing-Westgate (38),D32,627987.5122,4846227.3628
6399,6201920,1194057,10/10/2010 8:00:00 AM,220,YONGE ST,AVONDALE AVE,,Major Arterial,North York,43.758045,-79.41009,,No Control,Clear,Daylight,Dry,Non-Fatal Injury,Sideswipe,Driver,20 to 24,Major,,North,"Automobile, Station Wagon",Going Ahead,Exceeding Speed Limit,Unknown,,,,,,,,,Yes,,,,,,Yes,Yes,,,,38,Lansing-Westgate,38,Lansing-Westgate (38),D32,627987.5122,4846227.3628
6400,6201921,1194057,10/10/2010 8:00:00 AM,220,YONGE ST,AVONDALE AVE,,Major Arterial,North York,43.758045,-79.41009,,No Control,Clear,Daylight,Dry,Non-Fatal Injury,Sideswipe,Driver,unknown,None,,North,"Automobile, Station Wagon",Going Ahead,Driving Properly,Unknown,,,,,,,,,Yes,,,,,,Yes,Yes,,,,38,Lansing-Westgate,38,Lansing-Westgate (38),D32,627987.5122,4846227.3628
6401,6209433,1197308,10/11/2010 8:00:00 AM,2050,KINGSTON RD,SANDOWN AVE,,Major Arterial,Scarborough,43.708245,-79.25009,,No Control,Clear,Dark,Dry,Non-Fatal Injury,Rear End,Motorcycle Driver,30 to 34,Major,,East,Motorcycle,Going Ahead,Following too Close,Had Been Drinking,,,,,,,,,Yes,Yes,,,,,,Yes,,Yes,,122,Birchcliffe-Cliffside,122,Birchcliffe-Cliffside (122),D41,640984.4447,4840956.032
6402,6209434,1197308,10/11/2010 8:00:00 AM,2050,KINGSTON RD,SANDOWN AVE,,Major Arterial,Scarborough,43.708245,-79.25009,,No Control,Clear,Dark,Dry,Non-Fatal Injury,Rear End,Driver,45 to 49,None,,East,"Automobile, Station Wagon",Slowing or Stopping,Other,"Ability Impaired, Alcohol Over .08",,,,,,,,,Yes,Yes,,,,,,Yes,,Yes,,122,Birchcliffe-Cliffside,122,Birchcliffe-Cliffside (122),D41,640984.4447,4840956.032
6403,6217307,1200544,10/12/2010 8:00:00 AM,955,STEELES AVE E,OLD KENNEDY RD,,Major Arterial,Scarborough,43.825345,-79.30009,At Intersection,Traffic Signal,Clear,Daylight,Dry,Non-Fatal Injury,Pedestrian Collisions,Driver,75 to 79,None,,South,"Automobile, Station Wagon",Turning Left,Failed to Yield Right of Way,Inattentive,,,,,,,Yes,,Yes,,,,,,,Yes,,,,NSA,NSA,NSA,NSA,NSA,636689.0703,4853877.9661
6404,6217308,1200544,10/12/2010 8:00:00 AM,955,STEELES AVE E,OLD KENNEDY RD,,Major Arterial,Scarborough,43.825345,-79.30009,At Intersection,Traffic Signal,Clear,Daylight,Dry,Non-Fatal Injury,Pedestrian Collisions,Pedestrian,75 to 79,Minor,,North,Other,,,,Vehicle turns left while ped crosses with ROW at inter.,Crossing with right of way,Normal,,,,Yes,,Yes,,,,,,,Yes,,,,NSA,NSA,NSA,NSA,NSA,636689.0703,4853877.9661
6405,6217309,1200544,10/12/2010 8:00:00 AM,955,STEELES AVE E,OLD KENNEDY RD,,Major Arterial,Scarborough,43.825345,-79.30009,At Intersection,Traffic Signal,Clear,Daylight,Dry,Non-Fatal Injury,Pedestrian Collisions,Pedestrian,75 to 79,Major,,North,Other,,,,Vehicle turns left while ped crosses with ROW at inter.,Crossing with right of way,Normal,,,,Yes,,Yes,,,,,,,Yes,,,,NSA,NSA,NSA,NSA,NSA,636689.0703,4853877.9661
6406,6203359,1194692,10/13/2010 8:00:00 AM,2224,LANSDOWNE Aven,WALLACE Aven,,Minor Arterial,Toronto and East York,43.663345,-79.44519,,No Control,Rain,Dark,Wet,Non-Fatal Injury,Sideswipe,Vehicle Owner,unknown,,,,Other,,,,,,,,,,,,Yes,,Yes,,,,,Yes,,,,171,Junction-Wallace Emerson,93,Dovercourt-Wallace Emerson-Junction (93),D11,625359.2184,4835655.9557
6407,6203360,1194692,10/13/2010 8:00:00 AM,2224,LANSDOWNE Aven,WALLACE Aven,,Minor Arterial,Toronto and East York,43.663345,-79.44519,,No Control,Rain,Dark,Wet,Non-Fatal Injury,Sideswipe,Truck Driver,35 to 39,None,,North,Truck - Open,Stopped,Driving Properly,Normal,,,,,,,,,Yes,,Yes,,,,,Yes,,,,171,Junction-Wallace Emerson,93,Dovercourt-Wallace Emerson-Junction (93),D11,625359.2184,4835655.9557
6408,6203361,1194692,10/13/2010 8:00:00 AM,2224,LANSDOWNE Aven,WALLACE Aven,,Minor Arterial,Toronto and East York,43.663345,-79.44519,,No Control,Rain,Dark,Wet,Non-Fatal Injury,Sideswipe,Driver,70 to 74,Major,,North,"Automobile, Station Wagon",Overtaking,Improper Passing,Unknown,,,,,,,,,Yes,,Yes,,,,,Yes,,,,171,Junction-Wallace Emerson,93,Dovercourt-Wallace Emerson-Junction (93),D11,625359.2184,4835655.9557
6409,6218333,1200942,10/14/2010 8:00:00 AM,622,STEELES AVE W,GERRY FITZGERALD DR,,Major Arterial,North York,43.786145,-79.47479,At Intersection,Traffic Signal,Rain,Dark,Wet,Non-Fatal Injury,Pedestrian Collisions,Driver,45 to 49,None,,East,"Automobile, Station Wagon",Going Ahead,Driving Properly,Normal,,,,,,,Yes,,Yes,,,,,,,,,,,27,York University Heights,27,York University Heights (27),D32,622721.641,4849250.3434
6410,6218334,1200942,10/14/2010 8:00:00 AM,622,STEELES AVE W,GERRY FITZGERALD DR,,Major Arterial,North York,43.786145,-79.47479,At Intersection,Traffic Signal,Rain,Dark,Wet,Non-Fatal Injury,Pedestrian Collisions,Pedestrian,60 to 64,Major,,South,Other,,,,Vehicle is going straight thru inter.while ped cross without ROW,Crossing without right of way,Inattentive,,,,Yes,,Yes,,,,,,,,,,,27,York University Heights,27,York University Heights (27),D32,622721.641,4849250.3434
6411,6280810,1205176,10/14/2010 8:00:00 AM,1703,BLOOR ST E,CASTLE FRANK RD,,Major Arterial,Toronto and East York,43.674045,-79.36769,,No Control,Rain,Daylight,Wet,Non-Fatal Injury,Approaching,Vehicle Owner,unknown,,,,Other,,,,,,,,,,,,Yes,,,,,,Yes,Yes,,,,71,Cabbagetown-South St.James Town,71,Cabbagetown-South St.James Town (71),D51,631584.4697,4836964.3557
6412,6280811,1205176,10/14/2010 8:00:00 AM,1703,BLOOR ST E,CASTLE FRANK RD,,Major Arterial,Toronto and East York,43.674045,-79.36769,,No Control,Rain,Daylight,Wet,Non-Fatal Injury,Approaching,Driver,15 to 19,Minimal,,East,"Automobile, Station Wagon",Going Ahead,Speed too Fast For Condition,Inattentive,,,,,,,,,Yes,,,,,,Yes,Yes,,,,71,Cabbagetown-South St.James Town,71,Cabbagetown-South St.James Town (71),D51,631584.4697,4836964.3557
6413,6280812,1205176,10/14/2010 8:00:00 AM,1703,BLOOR ST E,CASTLE FRANK RD,,Major Arterial,Toronto and East York,43.674045,-79.36769,,No Control,Rain,Daylight,Wet,Non-Fatal Injury,Approaching,Vehicle Owner,unknown,,,,Other,,,,,,,,,,,,Yes,,,,,,Yes,Yes,,,,71,Cabbagetown-South St.James Town,71,Cabbagetown-South St.James Town (71),D51,631584.4697,4836964.3557
6414,6280813,1205176,10/14/2010 8:00:00 AM,1703,BLOOR ST E,CASTLE FRANK RD,,Major Arterial,Toronto and East York,43.674045,-79.36769,,No Control,Rain,Daylight,Wet,Non-Fatal Injury,Approaching,Driver,30 to 34,Major,,West,"Automobile, Station Wagon",Going Ahead,Driving Properly,Normal,,,,,,,,,Yes,,,,,,Yes,Yes,,,,71,Cabbagetown-South St.James Town,71,Cabbagetown-South St.James Town (71),D51,631584.4697,4836964.3557
6415,6220296,1201798,10/16/2010 8:00:00 AM,1553,CHURCH ST,MC GILL ST,,Minor Arterial,Toronto and East York,43.660645,-79.37889,,No Control,Clear,Daylight,Dry,Non-Fatal Injury,Turning Movement,Motorcycle Driver,45 to 49,Major,,North,Motorcycle,Going Ahead,Driving Properly,Normal,,,,,,,,,Yes,Yes,,,,,,,,,,168,Downtown Yonge East,75,Church-Yonge Corridor (75),D51,630710.6832,4835458.3995
6416,6220297,1201798,10/16/2010 8:00:00 AM,1553,CHURCH ST,MC GILL ST,,Minor Arterial,Toronto and East York,43.660645,-79.37889,,No Control,Clear,Daylight,Dry,Non-Fatal Injury,Turning Movement,Driver,20 to 24,None,,South,"Automobile, Station Wagon",Turning Left,Improper Turn,Normal,,,,,,,,,Yes,Yes,,,,,,,,,,168,Downtown Yonge East,75,Church-Yonge Corridor (75),D51,630710.6832,4835458.3995
6417,6255154,1201223,10/18/2010 8:00:00 AM,859,VICTORIA PARK AVE,ROWENA DR,,Major Arterial,North York,43.751445,-79.31299,At Intersection,Traffic Signal,Clear,Daylight,Dry,Non-Fatal Injury,Pedestrian Collisions,Driver,30 to 34,None,,North,"Automobile, Station Wagon",Going Ahead,Driving Properly,Normal,,,,,,,Yes,,Yes,,,,,,,,,,,119,Wexford/Maryvale,119,Wexford/Maryvale (119),D41,635819.0581,4845648.9701
6418,6255155,1201223,10/18/2010 8:00:00 AM,859,VICTORIA PARK AVE,ROWENA DR,,Major Arterial,North York,43.751445,-79.31299,At Intersection,Traffic Signal,Clear,Daylight,Dry,Non-Fatal Injury,Pedestrian Collisions,Pedestrian,15 to 19,Major,,West,Other,,,,Vehicle is going straight thru inter.while ped cross without ROW,Crossing without right of way,Inattentive,,,,Yes,,Yes,,,,,,,,,,,119,Wexford/Maryvale,119,Wexford/Maryvale (119),D41,635819.0581,4845648.9701
6419,6255156,1201223,10/18/2010 8:00:00 AM,859,VICTORIA PARK AVE,ROWENA DR,,Major Arterial,North York,43.751445,-79.31299,At Intersection,Traffic Signal,Clear,Daylight,Dry,Non-Fatal Injury,Pedestrian Collisions,Pedestrian,15 to 19,Minor,,West,Other,,,,Vehicle is going straight thru inter.while ped cross without ROW,Crossing without right of way,Inattentive,,,,Yes,,Yes,,,,,,,,,,,119,Wexford/Maryvale,119,Wexford/Maryvale (119),D41,635819.0581,4845648.9701
6420,6220574,1201907,10/20/2010 8:00:00 AM,1825,QUEEN Stre E,KENILWORTH Aven,,Minor Arterial,Toronto and East York,43.669645,-79.30189,,No Control,Clear,Dark,Dry,Non-Fatal Injury,Cyclist Collisions,Driver,25 to 29,None,,West,"Automobile, Station Wagon",Parked,Other,Normal,,,,,,,,Yes,Yes,,,,,,,,,,,63,The Beaches,63,The Beaches (63),D55,636898.8321,4836582.1632
6421,6220575,1201907,10/20/2010 8:00:00 AM,1825,QUEEN Stre E,KENILWORTH Aven,,Minor Arterial,Toronto and East York,43.669645,-79.30189,,No Control,Clear,Dark,Dry,Non-Fatal Injury,Cyclist Collisions,Cyclist,50 to 54,Major,,West,Bicycle,Going Ahead,,,,,,Cyclist struck opened vehicle door,Other,Normal,,Yes,Yes,,,,,,,,,,,63,The Beaches,63,The Beaches (63),D55,636898.8321,4836582.1632