OBJECTID,INDEX,ACCNUM,DATE,TIME,STREET1,STREET2,OFFSET,ROAD_CLASS,DISTRICT,LATITUDE,LONGITUDE,ACCLOC,TRAFFCTL,VISIBILITY,LIGHT,RDSFCOND,ACCLASS,IMPACTYPE,INVTYPE,INVAGE,INJURY,FATAL_NO,INITDIR,VEHTYPE,MANOEUVER,DRIVACT,DRIVCOND,PEDTYPE,PEDACT,PEDCOND,CYCLISTYPE,CYCACT,CYCCOND,PEDESTRIAN,CYCLIST,AUTOMOBILE,MOTORCYCLE,TRUCK,TRSN_CITY_VEH,EMERG_VEH,PASSENGER,SPEEDING,AG_DRIV,REDLIGHT,ALCOHOL,DISABILITY,HOOD_158,NEIGHBOURHOOD_158,HOOD_140,NEIGHBOURHOOD_140,DIVISION,x,y
6422,6207397,1196444,10/21/2010 8:00:00 AM,1315,STEELES AVE W,CARPENTER RD,,Major Arterial,North York,43.792045,-79.44759,At Intersection,Traffic Signal,Clear,Daylight,Dry,Non-Fatal Injury,Pedestrian Collisions,Vehicle Owner,unknown,,,,Other,,,,,,,,,,Yes,,Yes,,,,,,,Yes,,,,NSA,NSA,NSA,NSA,D32,624897.9394,4849946.313
6423,6207398,1196444,10/21/2010 8:00:00 AM,1315,STEELES AVE W,CARPENTER RD,,Major Arterial,North York,43.792045,-79.44759,At Intersection,Traffic Signal,Clear,Daylight,Dry,Non-Fatal Injury,Pedestrian Collisions,Driver,20 to 24,None,,South,"Automobile, Station Wagon",Turning Left,Failed to Yield Right of Way,Normal,,,,,,,Yes,,Yes,,,,,,,Yes,,,,NSA,NSA,NSA,NSA,D32,624897.9394,4849946.313
6424,6207399,1196444,10/21/2010 8:00:00 AM,1315,STEELES AVE W,CARPENTER RD,,Major Arterial,North York,43.792045,-79.44759,At Intersection,Traffic Signal,Clear,Daylight,Dry,Non-Fatal Injury,Pedestrian Collisions,Pedestrian,60 to 64,Major,,North,Other,,,,Vehicle turns left while ped crosses with ROW at inter.,Crossing with right of way,Normal,,,,Yes,,Yes,,,,,,,Yes,,,,NSA,NSA,NSA,NSA,D32,624897.9394,4849946.313
6425,6220670,1201944,10/21/2010 8:00:00 AM,2050,EGLINTON AVE E,BIRCHMOUNT RD,,Major Arterial,Scarborough,43.730145,-79.27709,,No Control,Clear,Dark,Dry,Non-Fatal Injury,Pedestrian Collisions,Driver,30 to 34,None,,East,"Automobile, Station Wagon",Going Ahead,Driving Properly,Normal,,,,,,,Yes,,Yes,,,,,,,,,,,125,Ionview,125,Ionview (125),D41,638758.5535,4843342.7796
6426,6220671,1201944,10/21/2010 8:00:00 AM,2050,EGLINTON AVE E,BIRCHMOUNT RD,,Major Arterial,Scarborough,43.730145,-79.27709,,No Control,Clear,Dark,Dry,Non-Fatal Injury,Pedestrian Collisions,Pedestrian,40 to 44,Major,,South,Other,,,,Pedestrian hit at mid-block,"Crossing, no Traffic Control",Inattentive,,,,Yes,,Yes,,,,,,,,,,,125,Ionview,125,Ionview (125),D41,638758.5535,4843342.7796
6427,6207491,1196492,10/21/2010 8:00:00 AM,2328,120 MOUNT PLEASANT RD,,,Major Arterial,Toronto and East York,43.675245,-79.38049,,No Control,Clear,Dark,Dry,Non-Fatal Injury,Pedestrian Collisions,Driver,45 to 49,None,,South,"Automobile, Station Wagon",Going Ahead,Driving Properly,Other,,,,,,,Yes,,Yes,,,,,,,,,,,98,Rosedale-Moore Park,98,Rosedale-Moore Park (98),D53,630550.0177,4837077.4062
6428,6207492,1196492,10/21/2010 8:00:00 AM,2328,120 MOUNT PLEASANT RD,,,Major Arterial,Toronto and East York,43.675245,-79.38049,,No Control,Clear,Dark,Dry,Non-Fatal Injury,Pedestrian Collisions,Pedestrian,35 to 39,Major,,Unknown,Other,,,,Pedestrian hit at mid-block,"Crossing, no Traffic Control",Had Been Drinking,,,,Yes,,Yes,,,,,,,,,,,98,Rosedale-Moore Park,98,Rosedale-Moore Park (98),D53,630550.0177,4837077.4062
6429,6254631,1196819,10/22/2010 8:00:00 AM,817,INTERNATIONAL BLVD,CARLINGVIEW DR,,Major Arterial,Etobicoke York,43.676845,-79.59109,At Intersection,Traffic Signal,Clear,Daylight,Dry,Non-Fatal Injury,Pedestrian Collisions,Driver,55 to 59,None,,South,"Automobile, Station Wagon",Turning Left,Failed to Yield Right of Way,Normal,,,,,,,Yes,,Yes,,,,,,,Yes,,,,1,West Humber-Clairville,1,West Humber-Clairville (1),D23,613570.2256,4836945.2025
6430,6254632,1196819,10/22/2010 8:00:00 AM,817,INTERNATIONAL BLVD,CARLINGVIEW DR,,Major Arterial,Etobicoke York,43.676845,-79.59109,At Intersection,Traffic Signal,Clear,Daylight,Dry,Non-Fatal Injury,Pedestrian Collisions,Pedestrian,55 to 59,Major,,North,Other,,,,Vehicle turns left while ped crosses with ROW at inter.,Crossing with right of way,Normal,,,,Yes,,Yes,,,,,,,Yes,,,,1,West Humber-Clairville,1,West Humber-Clairville (1),D23,613570.2256,4836945.2025
6431,6221410,1202238,10/23/2010 8:00:00 AM,232,BEVERLEY ST,CECIL ST,,Minor Arterial,Toronto and East York,43.656545,-79.39499,,No Control,Clear,Dark,Dry,Non-Fatal Injury,Pedestrian Collisions,Other,unknown,None,,North,Other,Parked,,,,,,,,,Yes,,Yes,,,,,,Yes,Yes,,Yes,,78,Kensington-Chinatown,78,Kensington-Chinatown (78),D52,629421.3293,4834977.8018
6432,6221411,1202238,10/23/2010 8:00:00 AM,232,BEVERLEY ST,CECIL ST,,Minor Arterial,Toronto and East York,43.656545,-79.39499,,No Control,Clear,Dark,Dry,Non-Fatal Injury,Pedestrian Collisions,Other,unknown,None,,North,Other,Parked,,,,,,,,,Yes,,Yes,,,,,,Yes,Yes,,Yes,,78,Kensington-Chinatown,78,Kensington-Chinatown (78),D52,629421.3293,4834977.8018
6433,6221412,1202238,10/23/2010 8:00:00 AM,232,BEVERLEY ST,CECIL ST,,Minor Arterial,Toronto and East York,43.656545,-79.39499,,No Control,Clear,Dark,Dry,Non-Fatal Injury,Pedestrian Collisions,Vehicle Owner,unknown,,,,Other,,,,,,,,,,Yes,,Yes,,,,,,Yes,Yes,,Yes,,78,Kensington-Chinatown,78,Kensington-Chinatown (78),D52,629421.3293,4834977.8018
6434,6221413,1202238,10/23/2010 8:00:00 AM,232,BEVERLEY ST,CECIL ST,,Minor Arterial,Toronto and East York,43.656545,-79.39499,,No Control,Clear,Dark,Dry,Non-Fatal Injury,Pedestrian Collisions,Driver,20 to 24,None,,North,"Automobile, Station Wagon",Going Ahead,Other,"Ability Impaired, Alcohol Over .08",,,,,,,Yes,,Yes,,,,,,Yes,Yes,,Yes,,78,Kensington-Chinatown,78,Kensington-Chinatown (78),D52,629421.3293,4834977.8018
6435,6221414,1202238,10/23/2010 8:00:00 AM,232,BEVERLEY ST,CECIL ST,,Minor Arterial,Toronto and East York,43.656545,-79.39499,,No Control,Clear,Dark,Dry,Non-Fatal Injury,Pedestrian Collisions,Pedestrian,20 to 24,Major,,Unknown,Other,,,,Vehicle hits the pedestrian walking or running out from between parked vehicles at mid-block,Coming From Behind Parked Vehicle,Normal,,,,Yes,,Yes,,,,,,Yes,Yes,,Yes,,78,Kensington-Chinatown,78,Kensington-Chinatown (78),D52,629421.3293,4834977.8018
6436,6210758,1197862,10/23/2010 8:00:00 AM,2001,6212 YONGE ST,,,Major Arterial,North York,43.794745,-79.41919,,No Control,Rain,Dark,Wet,Non-Fatal Injury,Pedestrian Collisions,Driver,70 to 74,None,,East,"Automobile, Station Wagon",Going Ahead,Failed to Yield Right of Way,Normal,,,,,,,Yes,,Yes,,,,,,,Yes,,,,50,Newtonbrook East,50,Newtonbrook East (50),D32,627177.1316,4850289.4365
6437,6210759,1197862,10/23/2010 8:00:00 AM,2001,6212 YONGE ST,,,Major Arterial,North York,43.794745,-79.41919,,No Control,Rain,Dark,Wet,Non-Fatal Injury,Pedestrian Collisions,Pedestrian,30 to 34,Major,,North,Other,,,,Pedestrian hit at private driveway,On Sidewalk or Shoulder,Unknown,,,,Yes,,Yes,,,,,,,Yes,,,,50,Newtonbrook East,50,Newtonbrook East (50),D32,627177.1316,4850289.4365
6438,6255315,1202163,10/23/2010 8:00:00 AM,2250,DIXON RD,KIPLING AVE,,Major Arterial,Etobicoke York,43.694245,-79.55859,At Intersection,Traffic Signal,Rain,Dark,Wet,Non-Fatal Injury,Pedestrian Collisions,Vehicle Owner,unknown,,,,Other,,,,,,,,,,Yes,,Yes,,,,,,,,,,,6,Kingsview Village-The Westway,6,Kingsview Village-The Westway (6),D23,616156.4368,4838922.7152
6439,6255316,1202163,10/23/2010 8:00:00 AM,2250,DIXON RD,KIPLING AVE,,Major Arterial,Etobicoke York,43.694245,-79.55859,At Intersection,Traffic Signal,Rain,Dark,Wet,Non-Fatal Injury,Pedestrian Collisions,Driver,20 to 24,None,,East,"Automobile, Station Wagon",Turning Left,Lost control,Unknown,,,,,,,Yes,,Yes,,,,,,,,,,,6,Kingsview Village-The Westway,6,Kingsview Village-The Westway (6),D23,616156.4368,4838922.7152
6440,6255317,1202163,10/23/2010 8:00:00 AM,2250,DIXON RD,KIPLING AVE,,Major Arterial,Etobicoke York,43.694245,-79.55859,At Intersection,Traffic Signal,Rain,Dark,Wet,Non-Fatal Injury,Pedestrian Collisions,Pedestrian,45 to 49,Major,,East,Other,,,,Vehicle turns left while ped crosses with ROW at inter.,Crossing with right of way,Normal,,,,Yes,,Yes,,,,,,,,,,,6,Kingsview Village-The Westway,6,Kingsview Village-The Westway (6),D23,616156.4368,4838922.7152
6441,6221300,1202192,10/24/2010 8:00:00 AM,1945,PARLIAMENT ST,GERRARD ST E,,Minor Arterial,Toronto and East York,43.661945,-79.36699,At Intersection,Traffic Signal,Clear,Dark,Dry,Non-Fatal Injury,Pedestrian Collisions,Driver,50 to 54,None,,South,"Automobile, Station Wagon",Turning Left,Failed to Yield Right of Way,Normal,,,,,,,Yes,,Yes,,,,,,,Yes,,,,72,Regent Park,72,Regent Park (72),D51,631667.353,4835621.5984
6442,6221301,1202192,10/24/2010 8:00:00 AM,1945,PARLIAMENT ST,GERRARD ST E,,Minor Arterial,Toronto and East York,43.661945,-79.36699,At Intersection,Traffic Signal,Clear,Dark,Dry,Non-Fatal Injury,Pedestrian Collisions,Pedestrian,50 to 54,Major,,North,Other,,,,Vehicle turns left while ped crosses with ROW at inter.,Crossing with right of way,Normal,,,,Yes,,Yes,,,,,,,Yes,,,,72,Regent Park,72,Regent Park (72),D51,631667.353,4835621.5984
6443,6221127,1202126,10/24/2010 8:00:00 AM,2022,KEELE ST,MURRAY ROSS PKWY,,Major Arterial,Etobicoke York,43.767345,-79.49199,At Intersection,Traffic Signal,Rain,Dark,Wet,Non-Fatal Injury,Turning Movement,Driver,50 to 54,None,,South,"Automobile, Station Wagon",Going Ahead,Disobeyed Traffic Control,Unknown,,,,,,,,,Yes,,,,,,,Yes,Yes,,,27,York University Heights,27,York University Heights (27),D31,621375.712,4847136.9641
6444,6221128,1202126,10/24/2010 8:00:00 AM,2022,KEELE ST,MURRAY ROSS PKWY,,Major Arterial,Etobicoke York,43.767345,-79.49199,At Intersection,Traffic Signal,Rain,Dark,Wet,Non-Fatal Injury,Turning Movement,Driver,20 to 24,Major,,North,"Automobile, Station Wagon",Turning Left,Driving Properly,Normal,,,,,,,,,Yes,,,,,,,Yes,Yes,,,27,York University Heights,27,York University Heights (27),D31,621375.712,4847136.9641
6445,6218767,1201108,10/25/2010 8:00:00 AM,1740,SHEPPARD AVE E,REAN DR,,Major Arterial,North York,43.767745,-79.38309,At Intersection,Traffic Signal,Clear,Dark,Dry,Non-Fatal Injury,Turning Movement,Driver,45 to 49,Minor,,West,"Automobile, Station Wagon",Going Ahead,Driving Properly,Normal,,,,,,,,,Yes,,,,,,,Yes,,,,52,Bayview Village,52,Bayview Village (52),D33,630139.9942,4847346.7733
6446,6218768,1201108,10/25/2010 8:00:00 AM,1740,SHEPPARD AVE E,REAN DR,,Major Arterial,North York,43.767745,-79.38309,At Intersection,Traffic Signal,Clear,Dark,Dry,Non-Fatal Injury,Turning Movement,Vehicle Owner,unknown,,,,Other,,,,,,,,,,,,Yes,,,,,,,Yes,,,,52,Bayview Village,52,Bayview Village (52),D33,630139.9942,4847346.7733
6447,6218769,1201108,10/25/2010 8:00:00 AM,1740,SHEPPARD AVE E,REAN DR,,Major Arterial,North York,43.767745,-79.38309,At Intersection,Traffic Signal,Clear,Dark,Dry,Non-Fatal Injury,Turning Movement,Driver,30 to 34,Major,,East,"Automobile, Station Wagon",Turning Left,Failed to Yield Right of Way,Inattentive,,,,,,,,,Yes,,,,,,,Yes,,,,52,Bayview Village,52,Bayview Village (52),D33,630139.9942,4847346.7733
6448,6218770,1201108,10/25/2010 8:00:00 AM,1740,SHEPPARD AVE E,REAN DR,,Major Arterial,North York,43.767745,-79.38309,At Intersection,Traffic Signal,Clear,Dark,Dry,Non-Fatal Injury,Turning Movement,Vehicle Owner,unknown,,,,Other,,,,,,,,,,,,Yes,,,,,,,Yes,,,,52,Bayview Village,52,Bayview Village (52),D33,630139.9942,4847346.7733
6449,6255373,1202550,10/25/2010 8:00:00 AM,2022,SHEPPARD AVE E,BIRCHMOUNT RD,,Major Arterial,Scarborough,43.781045,-79.29809,At Intersection,Traffic Signal,Clear,Dark,Dry,Non-Fatal Injury,Turning Movement,Passenger,45 to 49,Minor,,,Other,,,,,,,,,,,,Yes,,,,,Yes,,,,,,118,Tam O'Shanter-Sullivan,118,Tam O'Shanter-Sullivan (118),D42,636951.0836,4848961.0465
6450,6255374,1202550,10/25/2010 8:00:00 AM,2022,SHEPPARD AVE E,BIRCHMOUNT RD,,Major Arterial,Scarborough,43.781045,-79.29809,At Intersection,Traffic Signal,Clear,Dark,Dry,Non-Fatal Injury,Turning Movement,Passenger,unknown,Minor,,,Other,,,,,,,,,,,,Yes,,,,,Yes,,,,,,118,Tam O'Shanter-Sullivan,118,Tam O'Shanter-Sullivan (118),D42,636951.0836,4848961.0465
6451,6255375,1202550,10/25/2010 8:00:00 AM,2022,SHEPPARD AVE E,BIRCHMOUNT RD,,Major Arterial,Scarborough,43.781045,-79.29809,At Intersection,Traffic Signal,Clear,Dark,Dry,Non-Fatal Injury,Turning Movement,Passenger,unknown,Major,,,Other,,,,,,,,,,,,Yes,,,,,Yes,,,,,,118,Tam O'Shanter-Sullivan,118,Tam O'Shanter-Sullivan (118),D42,636951.0836,4848961.0465
6452,6255376,1202550,10/25/2010 8:00:00 AM,2022,SHEPPARD AVE E,BIRCHMOUNT RD,,Major Arterial,Scarborough,43.781045,-79.29809,At Intersection,Traffic Signal,Clear,Dark,Dry,Non-Fatal Injury,Turning Movement,Passenger,25 to 29,Major,,,Other,,,,,,,,,,,,Yes,,,,,Yes,,,,,,118,Tam O'Shanter-Sullivan,118,Tam O'Shanter-Sullivan (118),D42,636951.0836,4848961.0465
6453,6255377,1202550,10/25/2010 8:00:00 AM,2022,SHEPPARD AVE E,BIRCHMOUNT RD,,Major Arterial,Scarborough,43.781045,-79.29809,At Intersection,Traffic Signal,Clear,Dark,Dry,Non-Fatal Injury,Turning Movement,Passenger,25 to 29,Major,,,Other,,,,,,,,,,,,Yes,,,,,Yes,,,,,,118,Tam O'Shanter-Sullivan,118,Tam O'Shanter-Sullivan (118),D42,636951.0836,4848961.0465
6454,6255378,1202550,10/25/2010 8:00:00 AM,2022,SHEPPARD AVE E,BIRCHMOUNT RD,,Major Arterial,Scarborough,43.781045,-79.29809,At Intersection,Traffic Signal,Clear,Dark,Dry,Non-Fatal Injury,Turning Movement,Driver,25 to 29,Minimal,,East,"Automobile, Station Wagon",Turning Left,Improper Turn,Normal,,,,,,,,,Yes,,,,,Yes,,,,,,118,Tam O'Shanter-Sullivan,118,Tam O'Shanter-Sullivan (118),D42,636951.0836,4848961.0465
6455,6222524,1202672,10/27/2010 8:00:00 AM,726,DON MILLS RD,STEELES AVE E,,Major Arterial,North York,43.811145,-79.36079,At Intersection,Traffic Signal,Clear,Daylight,Wet,Non-Fatal Injury,Turning Movement,Motorcycle Driver,35 to 39,Major,,North,Motorcycle,Going Ahead,Disobeyed Traffic Control,Normal,,,,,,,,,Yes,Yes,,,,,,Yes,Yes,,,48,Hillcrest Village,48,Hillcrest Village (48),D33,631839.4104,4852202.3121
6456,6222525,1202672,10/27/2010 8:00:00 AM,726,DON MILLS RD,STEELES AVE E,,Major Arterial,North York,43.811145,-79.36079,At Intersection,Traffic Signal,Clear,Daylight,Wet,Non-Fatal Injury,Turning Movement,Driver,30 to 34,None,,South,"Automobile, Station Wagon",Turning Left,Driving Properly,Normal,,,,,,,,,Yes,Yes,,,,,,Yes,Yes,,,48,Hillcrest Village,48,Hillcrest Village (48),D33,631839.4104,4852202.3121
6457,6222289,1202582,10/27/2010 8:00:00 AM,910,BLOOR ST W,MARKLAND DR,,Major Arterial,Etobicoke York,43.633545,-79.57079,At Intersection,Traffic Signal,Clear,Daylight,Dry,Non-Fatal Injury,Pedestrian Collisions,Driver,70 to 74,None,,South,"Automobile, Station Wagon",Turning Left,Failed to Yield Right of Way,Normal,,,,,,,Yes,,Yes,,,,,,,Yes,,,,12,Markland Wood,12,Markland Wood (12),D22,615289.4176,4832164.1805
6458,6222290,1202582,10/27/2010 8:00:00 AM,910,BLOOR ST W,MARKLAND DR,,Major Arterial,Etobicoke York,43.633545,-79.57079,At Intersection,Traffic Signal,Clear,Daylight,Dry,Non-Fatal Injury,Pedestrian Collisions,Pedestrian,85 to 89,Major,,North,Other,,,,Vehicle turns left while ped crosses with ROW at inter.,Crossing with right of way,Normal,,,,Yes,,Yes,,,,,,,Yes,,,,12,Markland Wood,12,Markland Wood (12),D22,615289.4176,4832164.1805
6459,6211632,1198247,10/29/2010 8:00:00 AM,1834,1000 GERRARD St E,,,Minor Arterial,Toronto and East York,43.668645,-79.33859,,No Control,Clear,Dusk,Dry,Non-Fatal Injury,Pedestrian Collisions,Driver,unknown,None,,,"Automobile, Station Wagon",Unknown,,,,,,,,,Yes,,Yes,,,,,,,,,,,70,South Riverdale,70,South Riverdale (70),D55,633942.3292,4836411.1871
6460,6211633,1198247,10/29/2010 8:00:00 AM,1834,1000 GERRARD St E,,,Minor Arterial,Toronto and East York,43.668645,-79.33859,,No Control,Clear,Dusk,Dry,Non-Fatal Injury,Pedestrian Collisions,Other,unknown,None,,,Other,Going Ahead,,,,,,,,,Yes,,Yes,,,,,,,,,,,70,South Riverdale,70,South Riverdale (70),D55,633942.3292,4836411.1871
6461,6211634,1198247,10/29/2010 8:00:00 AM,1834,1000 GERRARD St E,,,Minor Arterial,Toronto and East York,43.668645,-79.33859,,No Control,Clear,Dusk,Dry,Non-Fatal Injury,Pedestrian Collisions,Pedestrian,unknown,Major,,,Other,Other,,,,,,,,,Yes,,Yes,,,,,,,,,,,70,South Riverdale,70,South Riverdale (70),D55,633942.3292,4836411.1871
6462,6281379,1209188,10/29/2010 8:00:00 AM,2242,DUNDAS ST E,GEORGE ST,,Major Arterial,Toronto and East York,43.657745,-79.37299,,No Control,Clear,Dark,Dry,Non-Fatal Injury,SMV Other,Motorcycle Driver,40 to 44,Major,,East,Motorcycle,Going Ahead,Lost control,Unknown,,,,,,,,,,Yes,,,,,,,,,,73,Moss Park,73,Moss Park (73),D51,631192.7233,4835145.6279
6463,6280240,1198672,11/1/2010 8:00:00 AM,1100,LAWRENCE AVE E,MCCOWAN RD,,Major Arterial,Scarborough,43.755545,-79.24529,,No Control,Clear,Daylight,Dry,Non-Fatal Injury,Pedestrian Collisions,Pedestrian,45 to 49,Major,,South,Other,,,,Pedestrian hit at mid-block,"Crossing, no Traffic Control",Unknown,,,,Yes,,Yes,,,,,,,,,,,157,Bendale South,127,Bendale (127),D43,641259.9161,4846217.5786
6464,6280241,1198672,11/1/2010 8:00:00 AM,1100,LAWRENCE AVE E,MCCOWAN RD,,Major Arterial,Scarborough,43.755545,-79.24529,,No Control,Clear,Daylight,Dry,Non-Fatal Injury,Pedestrian Collisions,Driver,50 to 54,None,,West,"Automobile, Station Wagon",Going Ahead,Driving Properly,Normal,,,,,,,Yes,,Yes,,,,,,,,,,,157,Bendale South,127,Bendale (127),D43,641259.9161,4846217.5786
6465,6255486,1203098,11/1/2010 8:00:00 AM,1410,ROYAL YORK RD,NEWCASTLE ST,,Minor Arterial,Etobicoke York,43.617445,-79.49889,,Traffic Signal,Clear,Daylight,Dry,Non-Fatal Injury,Pedestrian Collisions,Driver,85 to 89,None,,West,"Automobile, Station Wagon",Turning Left,Failed to Yield Right of Way,Normal,,,,,,,Yes,,Yes,,,,,,,Yes,,,,160,Mimico-Queensway,17,Mimico (includes Humber Bay Shores) (17),D22,621121.7193,4830478.4433
6466,6255487,1203098,11/1/2010 8:00:00 AM,1410,ROYAL YORK RD,NEWCASTLE ST,,Minor Arterial,Etobicoke York,43.617445,-79.49889,,Traffic Signal,Clear,Daylight,Dry,Non-Fatal Injury,Pedestrian Collisions,Pedestrian,65 to 69,Major,,East,Other,,,,Vehicle turns left while ped crosses with ROW at inter.,Crossing with right of way,Normal,,,,Yes,,Yes,,,,,,,Yes,,,,160,Mimico-Queensway,17,Mimico (includes Humber Bay Shores) (17),D22,621121.7193,4830478.4433
6467,6280503,1203088,11/1/2010 8:00:00 AM,1740,AVENUE RD,ST CLAIR AVE W,,Major Arterial,Toronto and East York,43.687545,-79.40189,,No Control,Clear,Daylight,Dry,Non-Fatal Injury,Rear End,Driver,35 to 39,None,,South,"Automobile, Station Wagon",Going Ahead,Driving Properly,Normal,,,,,,,,,Yes,,,,,Yes,,,,,Yes,96,Casa Loma,96,Casa Loma (96),D53,628798.6061,4838410.0295
6468,6280504,1203088,11/1/2010 8:00:00 AM,1740,AVENUE RD,ST CLAIR AVE W,,Major Arterial,Toronto and East York,43.687545,-79.40189,,No Control,Clear,Daylight,Dry,Non-Fatal Injury,Rear End,Driver,55 to 59,None,,South,"Automobile, Station Wagon",Going Ahead,Driving Properly,Normal,,,,,,,,,Yes,,,,,Yes,,,,,Yes,96,Casa Loma,96,Casa Loma (96),D53,628798.6061,4838410.0295
6469,6280505,1203088,11/1/2010 8:00:00 AM,1740,AVENUE RD,ST CLAIR AVE W,,Major Arterial,Toronto and East York,43.687545,-79.40189,,No Control,Clear,Daylight,Dry,Non-Fatal Injury,Rear End,Driver,25 to 29,None,,South,"Automobile, Station Wagon",Going Ahead,Driving Properly,Normal,,,,,,,,,Yes,,,,,Yes,,,,,Yes,96,Casa Loma,96,Casa Loma (96),D53,628798.6061,4838410.0295
6470,6280506,1203088,11/1/2010 8:00:00 AM,1740,AVENUE RD,ST CLAIR AVE W,,Major Arterial,Toronto and East York,43.687545,-79.40189,,No Control,Clear,Daylight,Dry,Non-Fatal Injury,Rear End,Driver,40 to 44,None,,South,"Automobile, Station Wagon",Stopped,Driving Properly,Normal,,,,,,,,,Yes,,,,,Yes,,,,,Yes,96,Casa Loma,96,Casa Loma (96),D53,628798.6061,4838410.0295
6471,6280507,1203088,11/1/2010 8:00:00 AM,1740,AVENUE RD,ST CLAIR AVE W,,Major Arterial,Toronto and East York,43.687545,-79.40189,,No Control,Clear,Daylight,Dry,Non-Fatal Injury,Rear End,Driver,65 to 69,Major,,South,"Automobile, Station Wagon",Going Ahead,Lost control,Medical or Physical Disability,,,,,,,,,Yes,,,,,Yes,,,,,Yes,96,Casa Loma,96,Casa Loma (96),D53,628798.6061,4838410.0295
6472,6280508,1203088,11/1/2010 8:00:00 AM,1740,AVENUE RD,ST CLAIR AVE W,,Major Arterial,Toronto and East York,43.687545,-79.40189,,No Control,Clear,Daylight,Dry,Non-Fatal Injury,Rear End,Passenger,20 to 24,Minimal,,,Other,,,,,,,,,,,,Yes,,,,,Yes,,,,,Yes,96,Casa Loma,96,Casa Loma (96),D53,628798.6061,4838410.0295
6473,6280509,1203088,11/1/2010 8:00:00 AM,1740,AVENUE RD,ST CLAIR AVE W,,Major Arterial,Toronto and East York,43.687545,-79.40189,,No Control,Clear,Daylight,Dry,Non-Fatal Injury,Rear End,Driver,30 to 34,Minimal,,South,"Automobile, Station Wagon",Stopped,Driving Properly,Normal,,,,,,,,,Yes,,,,,Yes,,,,,Yes,96,Casa Loma,96,Casa Loma (96),D53,628798.6061,4838410.0295
6474,6280245,1198936,11/2/2010 8:00:00 AM,956,STEELES AVE E,PUTNAM  GT,,Major Arterial,Scarborough,43.822445,-79.31229,,Traffic Signal,Clear,Daylight,Dry,Non-Fatal Injury,Pedestrian Collisions,Driver,55 to 59,None,,South,"Automobile, Station Wagon",Turning Left,Improper Turn,Inattentive,,,,,,,Yes,,Yes,,,,,,,,,,,116,Steeles,116,Steeles (116),D42,635714.6348,4853535.7856
6475,6280246,1198936,11/2/2010 8:00:00 AM,956,STEELES AVE E,PUTNAM  GT,,Major Arterial,Scarborough,43.822445,-79.31229,,Traffic Signal,Clear,Daylight,Dry,Non-Fatal Injury,Pedestrian Collisions,Pedestrian,75 to 79,Major,,North,Other,,,,Vehicle turns left while ped crosses with ROW at inter.,Crossing with right of way,Normal,,,,Yes,,Yes,,,,,,,,,,,116,Steeles,116,Steeles (116),D42,635714.6348,4853535.7856
6476,6214132,1199249,11/3/2010 8:00:00 AM,858,MOUNT PLEASANT RD,LAWRENCE AVE E,,Major Arterial,North York,43.726345,-79.39639,At Intersection,Traffic Signal,Clear,Daylight,Dry,Non-Fatal Injury,Pedestrian Collisions,Pedestrian,20 to 24,Major,,North,Other,,,,Vehicle turns left while ped crosses with ROW at inter.,Crossing with right of way,Normal,,,,Yes,,Yes,,,,,Yes,,Yes,,,,103,Lawrence Park South,105,Lawrence Park North (105),D53,629158.52,4842727.8733
6477,6214133,1199249,11/3/2010 8:00:00 AM,858,MOUNT PLEASANT RD,LAWRENCE AVE E,,Major Arterial,North York,43.726345,-79.39639,At Intersection,Traffic Signal,Clear,Daylight,Dry,Non-Fatal Injury,Pedestrian Collisions,Passenger,0 to 4,None,,,Other,,,,,,,,,,Yes,,Yes,,,,,Yes,,Yes,,,,103,Lawrence Park South,105,Lawrence Park North (105),D53,629158.52,4842727.8733
6478,6214134,1199249,11/3/2010 8:00:00 AM,858,MOUNT PLEASANT RD,LAWRENCE AVE E,,Major Arterial,North York,43.726345,-79.39639,At Intersection,Traffic Signal,Clear,Daylight,Dry,Non-Fatal Injury,Pedestrian Collisions,Driver,35 to 39,None,,South,"Automobile, Station Wagon",Turning Left,Failed to Yield Right of Way,Normal,,,,,,,Yes,,Yes,,,,,Yes,,Yes,,,,103,Lawrence Park South,105,Lawrence Park North (105),D53,629158.52,4842727.8733
6479,6224632,1203535,11/3/2010 8:00:00 AM,1050,MIDLAND AVE,BENJAMIN BLVD,,Minor Arterial,Scarborough,43.732245,-79.25709,At Intersection,No Control,Clear,Daylight,Dry,Non-Fatal Injury,Rear End,Vehicle Owner,unknown,,,,Other,,,,,,,,,,,,Yes,,,,,,,,,,,124,Kennedy Park,124,Kennedy Park (124),D41,640364.4129,4843609.7028
6480,6224633,1203535,11/3/2010 8:00:00 AM,1050,MIDLAND AVE,BENJAMIN BLVD,,Minor Arterial,Scarborough,43.732245,-79.25709,At Intersection,No Control,Clear,Daylight,Dry,Non-Fatal Injury,Rear End,Driver,70 to 74,Minor,,North,"Automobile, Station Wagon",Going Ahead,Lost control,Normal,,,,,,,,,Yes,,,,,,,,,,,124,Kennedy Park,124,Kennedy Park (124),D41,640364.4129,4843609.7028
6481,6224634,1203535,11/3/2010 8:00:00 AM,1050,MIDLAND AVE,BENJAMIN BLVD,,Minor Arterial,Scarborough,43.732245,-79.25709,At Intersection,No Control,Clear,Daylight,Dry,Non-Fatal Injury,Rear End,Driver,20 to 24,Major,,North,"Automobile, Station Wagon",Stopped,Driving Properly,Normal,,,,,,,,,Yes,,,,,,,,,,,124,Kennedy Park,124,Kennedy Park (124),D41,640364.4129,4843609.7028