OBJECTID,INDEX,ACCNUM,DATE,TIME,STREET1,STREET2,OFFSET,ROAD_CLASS,DISTRICT,LATITUDE,LONGITUDE,ACCLOC,TRAFFCTL,VISIBILITY,LIGHT,RDSFCOND,ACCLASS,IMPACTYPE,INVTYPE,INVAGE,INJURY,FATAL_NO,INITDIR,VEHTYPE,MANOEUVER,DRIVACT,DRIVCOND,PEDTYPE,PEDACT,PEDCOND,CYCLISTYPE,CYCACT,CYCCOND,PEDESTRIAN,CYCLIST,AUTOMOBILE,MOTORCYCLE,TRUCK,TRSN_CITY_VEH,EMERG_VEH,PASSENGER,SPEEDING,AG_DRIV,REDLIGHT,ALCOHOL,DISABILITY,HOOD_158,NEIGHBOURHOOD_158,HOOD_140,NEIGHBOURHOOD_140,DIVISION,x,y
6482,6226306,1204248,11/7/2010 9:00:00 AM,15,AUGUSTA AVE,COLLEGE ST,,Collector,Toronto and East York,43.656546,-79.402889,,No Control,Clear,Dark,Dry,Non-Fatal Injury,Pedestrian Collisions,Vehicle Owner,unknown,,,,,,,,,,,,,,Yes,,Yes,,,,,,Yes,Yes,,,,78,Kensington-Chinatown,78,Kensington-Chinatown (78),D14,628784.3782,4834965.6225
6483,6226307,1204248,11/7/2010 9:00:00 AM,15,AUGUSTA AVE,COLLEGE ST,,Collector,Toronto and East York,43.656546,-79.402889,,No Control,Clear,Dark,Dry,Non-Fatal Injury,Pedestrian Collisions,Driver,15 to 19,None,,South,"Automobile, Station Wagon",Going Ahead,Wrong Way on One Way Road,Unknown,,,,,,,Yes,,Yes,,,,,,Yes,Yes,,,,78,Kensington-Chinatown,78,Kensington-Chinatown (78),D14,628784.3782,4834965.6225
6484,6226308,1204248,11/7/2010 9:00:00 AM,15,AUGUSTA AVE,COLLEGE ST,,Collector,Toronto and East York,43.656546,-79.402889,,No Control,Clear,Dark,Dry,Non-Fatal Injury,Pedestrian Collisions,Pedestrian,45 to 49,Major,,East,Other,,,,Pedestrian hit at mid-block,"Crossing, no Traffic Control",Had Been Drinking,,,,Yes,,Yes,,,,,,Yes,Yes,,,,78,Kensington-Chinatown,78,Kensington-Chinatown (78),D14,628784.3782,4834965.6225
6485,6215662,1199895,11/7/2010 9:00:00 AM,443,96 JAMESON Aven,,,Minor Arterial,Toronto and East York,43.634945,-79.43529,,No Control,Clear,Dark,Dry,Non-Fatal Injury,Other,Driver,35 to 39,Major,,,"Automobile, Station Wagon",Unknown,,,,,,,,,,,Yes,,,,,,,,,,,85,South Parkdale,85,South Parkdale (85),D14,626216.9017,4832516.7742
6486,6217286,1200535,11/9/2010 10:00:00 AM,2146,KIPLING AVE,ALBION RD,,Major Arterial,Etobicoke York,43.738545,-79.57979,,No Control,Clear,Dark,Dry,Non-Fatal Injury,Pedestrian Collisions,Pedestrian,65 to 69,Major,,East,Other,,,,Pedestrian hit at mid-block,"Crossing, no Traffic Control",Inattentive,,,,Yes,,Yes,,,,,,,,,Yes,,3,Thistletown-Beaumond Heights,3,Thistletown-Beaumond Heights (3),D23,614363.7162,4843813.3645
6487,6217287,1200535,11/9/2010 10:00:00 AM,2146,KIPLING AVE,ALBION RD,,Major Arterial,Etobicoke York,43.738545,-79.57979,,No Control,Clear,Dark,Dry,Non-Fatal Injury,Pedestrian Collisions,Driver,65 to 69,None,,North,"Automobile, Station Wagon",Going Ahead,Other,"Ability Impaired, Alcohol",,,,,,,Yes,,Yes,,,,,,,,,Yes,,3,Thistletown-Beaumond Heights,3,Thistletown-Beaumond Heights (3),D23,614363.7162,4843813.3645
6488,6463483,1200535,11/9/2010 10:00:00 AM,2146,KIPLING AVE,ALBION RD,,Major Arterial,Etobicoke York,43.738545,-79.57979,,No Control,Clear,Dark,Dry,Non-Fatal Injury,Pedestrian Collisions,Pedestrian,65 to 69,Major,,East,Other,,,,Pedestrian hit at mid-block,"Crossing, no Traffic Control",Inattentive,,,,Yes,,Yes,,,,,,,,,Yes,,3,Thistletown-Beaumond Heights,3,Thistletown-Beaumond Heights (3),D23,614363.7162,4843813.3645
6489,6218312,1200931,11/11/2010 10:00:00 AM,934,F G GARDINER Expr W,DON VALLEY PARKWAY  N,,,Toronto and East York,43.650745,-79.34899,,No Control,Clear,Daylight,Dry,Non-Fatal Injury,SMV Other,Motorcycle Driver,25 to 29,Major,,West,Motorcycle,Going Ahead,Lost control,Normal,,,,,,,,,,Yes,,,,,Yes,Yes,,,,166,St Lawrence-East Bayfront-The Islands,77,Waterfront Communities-The Island (77),D51,633143.4353,4834406.413
6490,6258751,1207710,11/11/2010 10:00:00 AM,1225,KINGSTON RD,MARKHAM RD,,Major Arterial,Scarborough,43.738745,-79.21699,At Intersection,Traffic Signal,Clear,Daylight,Dry,Non-Fatal Injury,Turning Movement,Motorcycle Driver,45 to 49,Major,,East,Motorcycle,Going Ahead,Driving Properly,Normal,,,,,,,,,Yes,Yes,,,,,,,,,,139,Scarborough Village,139,Scarborough Village (139),D43,643578.3509,4844400.3404
6491,6258752,1207710,11/11/2010 10:00:00 AM,1225,KINGSTON RD,MARKHAM RD,,Major Arterial,Scarborough,43.738745,-79.21699,At Intersection,Traffic Signal,Clear,Daylight,Dry,Non-Fatal Injury,Turning Movement,Driver,20 to 24,None,,West,"Automobile, Station Wagon",Turning Left,Improper Turn,Normal,,,,,,,,,Yes,Yes,,,,,,,,,,139,Scarborough Village,139,Scarborough Village (139),D43,643578.3509,4844400.3404
6492,6258786,1207741,11/12/2010 10:00:00 AM,1820,322 THE WESTWAY,,,Minor Arterial,Etobicoke York,43.685345,-79.55769,,No Control,Clear,Dark,Dry,Non-Fatal Injury,Pedestrian Collisions,Vehicle Owner,unknown,,,,Other,,,,,,,,,,Yes,,Yes,,,,,,,,,,,7,Willowridge-Martingrove-Richview,7,Willowridge-Martingrove-Richview (7),D23,616246.1555,4837935.5121
6493,6258787,1207741,11/12/2010 10:00:00 AM,1820,322 THE WESTWAY,,,Minor Arterial,Etobicoke York,43.685345,-79.55769,,No Control,Clear,Dark,Dry,Non-Fatal Injury,Pedestrian Collisions,Driver,40 to 44,None,,West,"Automobile, Station Wagon",Going Ahead,Driving Properly,Normal,,,,,,,Yes,,Yes,,,,,,,,,,,7,Willowridge-Martingrove-Richview,7,Willowridge-Martingrove-Richview (7),D23,616246.1555,4837935.5121
6494,6258788,1207741,11/12/2010 10:00:00 AM,1820,322 THE WESTWAY,,,Minor Arterial,Etobicoke York,43.685345,-79.55769,,No Control,Clear,Dark,Dry,Non-Fatal Injury,Pedestrian Collisions,Pedestrian,45 to 49,Major,,South,Other,,,,Pedestrian hit at mid-block,"Crossing, no Traffic Control",Had Been Drinking,,,,Yes,,Yes,,,,,,,,,,,7,Willowridge-Martingrove-Richview,7,Willowridge-Martingrove-Richview (7),D23,616246.1555,4837935.5121
6495,6230000,1205839,11/13/2010 10:00:00 AM,1430,LAKE SHORE Boul W,ONTARIO Driv,,Major Arterial,Toronto and East York,43.630445,-79.41979,At Intersection,Traffic Signal,Clear,Daylight,Dry,Non-Fatal Injury,Turning Movement,Motorcycle Driver,25 to 29,Major,,West,Motorcycle,Going Ahead,Driving Properly,Normal,,,,,,,,,Yes,Yes,,,,,,,,,,163,Fort York-Liberty Village,82,Niagara (82),D14,627476.7313,4832040.677
6496,6230001,1205839,11/13/2010 10:00:00 AM,1430,LAKE SHORE Boul W,ONTARIO Driv,,Major Arterial,Toronto and East York,43.630445,-79.41979,At Intersection,Traffic Signal,Clear,Daylight,Dry,Non-Fatal Injury,Turning Movement,Driver,70 to 74,None,,East,"Automobile, Station Wagon",Turning Left,Improper Turn,Normal,,,,,,,,,Yes,Yes,,,,,,,,,,163,Fort York-Liberty Village,82,Niagara (82),D14,627476.7313,4832040.677
6497,6225151,1203754,11/14/2010 10:00:00 AM,330,SPADINA Rd,BLOOR St W,,Major Arterial,Toronto and East York,43.666645,-79.40389,At Intersection,Traffic Signal,Clear,Dark,Dry,Non-Fatal Injury,Pedestrian Collisions,Driver,unknown,None,,North,"Automobile, Station Wagon",Going Ahead,Failed to Yield Right of Way,Unknown,,,,,,,Yes,,Yes,,,,,,,Yes,,,,79,University,79,University (79),D14,628682.0834,4836085.6972
6498,6225152,1203754,11/14/2010 10:00:00 AM,330,SPADINA Rd,BLOOR St W,,Major Arterial,Toronto and East York,43.666645,-79.40389,At Intersection,Traffic Signal,Clear,Dark,Dry,Non-Fatal Injury,Pedestrian Collisions,Pedestrian,20 to 24,Major,,North,Other,,,,Vehicle is going straight thru inter.while ped cross with ROW,Crossing with right of way,Had Been Drinking,,,,Yes,,Yes,,,,,,,Yes,,,,79,University,79,University (79),D14,628682.0834,4836085.6972
6499,6233480,1207328,11/14/2010 10:00:00 AM,1850,JANE ST,EGLINTON AVE W,,Major Arterial,Etobicoke York,43.684445,-79.49879,At Intersection,Traffic Signal,Clear,Dark,Dry,Non-Fatal Injury,Pedestrian Collisions,Driver,35 to 39,None,,South,"Automobile, Station Wagon",Going Ahead,Driving Properly,Normal,,,,,,,Yes,,Yes,,,,,,,,,,,115,Mount Dennis,115,Mount Dennis (115),D12,620995.1785,4837919.7985
6500,6233481,1207328,11/14/2010 10:00:00 AM,1850,JANE ST,EGLINTON AVE W,,Major Arterial,Etobicoke York,43.684445,-79.49879,At Intersection,Traffic Signal,Clear,Dark,Dry,Non-Fatal Injury,Pedestrian Collisions,Pedestrian,40 to 44,Major,,East,Other,,,,Vehicle is going straight thru inter.while ped cross without ROW,Crossing without right of way,Unknown,,,,Yes,,Yes,,,,,,,,,,,115,Mount Dennis,115,Mount Dennis (115),D12,620995.1785,4837919.7985
6501,6233714,1207434,11/14/2010 10:00:00 AM,1958,FALMOUTH Aven,DANFORTH Road,,Major Arterial,Scarborough,43.730545,-79.25099,At Intersection,Stop Sign,Clear,Dark,Dry,Non-Fatal Injury,Turning Movement,Passenger,45 to 49,Major,,,Other,,,,,,,,,,,,Yes,,,,,Yes,,Yes,,,,124,Kennedy Park,124,Kennedy Park (124),D41,640859.6649,4843431.2444
6502,6233715,1207434,11/14/2010 10:00:00 AM,1958,FALMOUTH Aven,DANFORTH Road,,Major Arterial,Scarborough,43.730545,-79.25099,At Intersection,Stop Sign,Clear,Dark,Dry,Non-Fatal Injury,Turning Movement,Driver,50 to 54,Major,,West,"Automobile, Station Wagon",Going Ahead,Driving Properly,Unknown,,,,,,,,,Yes,,,,,Yes,,Yes,,,,124,Kennedy Park,124,Kennedy Park (124),D41,640859.6649,4843431.2444
6503,6233716,1207434,11/14/2010 10:00:00 AM,1958,FALMOUTH Aven,DANFORTH Road,,Major Arterial,Scarborough,43.730545,-79.25099,At Intersection,Stop Sign,Clear,Dark,Dry,Non-Fatal Injury,Turning Movement,Driver,40 to 44,Minimal,,East,"Automobile, Station Wagon",Going Ahead,Driving Properly,Normal,,,,,,,,,Yes,,,,,Yes,,Yes,,,,124,Kennedy Park,124,Kennedy Park (124),D41,640859.6649,4843431.2444
6504,6233717,1207434,11/14/2010 10:00:00 AM,1958,FALMOUTH Aven,DANFORTH Road,,Major Arterial,Scarborough,43.730545,-79.25099,At Intersection,Stop Sign,Clear,Dark,Dry,Non-Fatal Injury,Turning Movement,Driver,85 to 89,Minimal,,South,"Automobile, Station Wagon",Turning Left,Failed to Yield Right of Way,Inattentive,,,,,,,,,Yes,,,,,Yes,,Yes,,,,124,Kennedy Park,124,Kennedy Park (124),D41,640859.6649,4843431.2444
6505,6280405,1201760,11/15/2010 10:00:00 AM,2303,STEELES Aven W,HIGHWAY 400  N,,Major Arterial,Etobicoke York,43.772045,-79.53789,At Intersection,Traffic Signal,Clear,Dark,Dry,Non-Fatal Injury,Turning Movement,Motorcycle Driver,20 to 24,Major,,West,Motorcycle,Going Ahead,Driving Properly,Normal,,,,,,,,,Yes,Yes,,,,,,,,,,21,Humber Summit,21,Humber Summit (21),D31,617672.0991,4847592.717
6506,6280406,1201760,11/15/2010 10:00:00 AM,2303,STEELES Aven W,HIGHWAY 400  N,,Major Arterial,Etobicoke York,43.772045,-79.53789,At Intersection,Traffic Signal,Clear,Dark,Dry,Non-Fatal Injury,Turning Movement,Driver,20 to 24,Minor,,East,"Automobile, Station Wagon",Turning Left,Improper Turn,Inattentive,,,,,,,,,Yes,Yes,,,,,,,,,,21,Humber Summit,21,Humber Summit (21),D31,617672.0991,4847592.717
6507,6256353,1205226,11/16/2010 10:00:00 AM,1820,PARKSIDE DR,HOWARD PARK AVE,,Major Arterial,Toronto and East York,43.648645,-79.45779,At Intersection,Traffic Signal,Rain,Dark,Wet,Non-Fatal Injury,Pedestrian Collisions,Driver,35 to 39,None,,South,"Automobile, Station Wagon",Turning Left,Failed to Yield Right of Way,Normal,,,,,,,Yes,,Yes,,,,,,,Yes,,,,87,High Park-Swansea,87,High Park-Swansea (87),D11,624373.656,4834004.3682
6508,6256354,1205226,11/16/2010 10:00:00 AM,1820,PARKSIDE DR,HOWARD PARK AVE,,Major Arterial,Toronto and East York,43.648645,-79.45779,At Intersection,Traffic Signal,Rain,Dark,Wet,Non-Fatal Injury,Pedestrian Collisions,Pedestrian,25 to 29,Major,,South,Other,,,,Vehicle turns left while ped crosses with ROW at inter.,Crossing with right of way,Normal,,,,Yes,,Yes,,,,,,,Yes,,,,87,High Park-Swansea,87,High Park-Swansea (87),D11,624373.656,4834004.3682
6509,6256355,1205226,11/16/2010 10:00:00 AM,1820,PARKSIDE DR,HOWARD PARK AVE,,Major Arterial,Toronto and East York,43.648645,-79.45779,At Intersection,Traffic Signal,Rain,Dark,Wet,Non-Fatal Injury,Pedestrian Collisions,Pedestrian,60 to 64,Major,,South,Other,,,,Vehicle turns left while ped crosses with ROW at inter.,Crossing with right of way,Normal,,,,Yes,,Yes,,,,,,,Yes,,,,87,High Park-Swansea,87,High Park-Swansea (87),D11,624373.656,4834004.3682
6510,6229104,1205411,11/16/2010 10:00:00 AM,2001,50 YORK GATE BLVD,,,Minor Arterial,Etobicoke York,43.758445,-79.52149,,No Control,Rain,Dark,Wet,Non-Fatal Injury,Pedestrian Collisions,Driver,40 to 44,None,,South,"Automobile, Station Wagon",Going Ahead,Driving Properly,Normal,,,,,,,Yes,,Yes,,,,,,,,,,,24,Black Creek,24,Black Creek (24),D31,619018.9645,4846105.6717
6511,6229105,1205411,11/16/2010 10:00:00 AM,2001,50 YORK GATE BLVD,,,Minor Arterial,Etobicoke York,43.758445,-79.52149,,No Control,Rain,Dark,Wet,Non-Fatal Injury,Pedestrian Collisions,Pedestrian,25 to 29,Major,,East,Other,,,,Vehicle is going straight thru inter.while ped cross without ROW,"Crossing, no Traffic Control",Had Been Drinking,,,,Yes,,Yes,,,,,,,,,,,24,Black Creek,24,Black Creek (24),D31,619018.9645,4846105.6717
6512,6221250,1202173,11/17/2010 10:00:00 AM,818,DUNDAS ST W,KENNETH AVE,,Minor Arterial,Toronto and East York,43.662445,-79.45589,,No Control,Rain,Daylight,Wet,Fatal,Pedestrian Collisions,Vehicle Owner,unknown,,,,Other,,,,,,,,,,Yes,,,,Yes,,,,,,,,,88,High Park North,88,High Park North (88),D11,624498.3648,4835539.8871
6513,6221251,1202173,11/17/2010 10:00:00 AM,818,DUNDAS ST W,KENNETH AVE,,Minor Arterial,Toronto and East York,43.662445,-79.45589,,No Control,Rain,Daylight,Wet,Fatal,Pedestrian Collisions,Truck Driver,30 to 34,None,,North,Truck - Open,Going Ahead,Driving Properly,Normal,,,,,,,Yes,,,,Yes,,,,,,,,,88,High Park North,88,High Park North (88),D11,624498.3648,4835539.8871
6514,6221252,1202173,11/17/2010 10:00:00 AM,818,DUNDAS ST W,KENNETH AVE,,Minor Arterial,Toronto and East York,43.662445,-79.45589,,No Control,Rain,Daylight,Wet,Fatal,Pedestrian Collisions,Pedestrian,50 to 54,Fatal,35,West,Other,,,,Vehicle is going straight thru inter.while ped cross without ROW,"Crossing, no Traffic Control",Unknown,,,,Yes,,,,Yes,,,,,,,,,88,High Park North,88,High Park North (88),D11,624498.3648,4835539.8871
6515,6280853,1205539,11/17/2010 10:00:00 AM,1534,DANFORTH RD,MIDLAND AVE,,Major Arterial,Scarborough,43.724845,-79.25399,At Intersection,Traffic Signal,Clear,Daylight,Dry,Non-Fatal Injury,Pedestrian Collisions,Vehicle Owner,unknown,,,,Other,,,,,,,,,,Yes,,Yes,,,,,,,,,,,124,Kennedy Park,124,Kennedy Park (124),D41,640631.3909,4842793.0792
6516,6280854,1205539,11/17/2010 10:00:00 AM,1534,DANFORTH RD,MIDLAND AVE,,Major Arterial,Scarborough,43.724845,-79.25399,At Intersection,Traffic Signal,Clear,Daylight,Dry,Non-Fatal Injury,Pedestrian Collisions,Driver,50 to 54,None,,North,"Automobile, Station Wagon",Turning Right,Driving Properly,Unknown,,,,,,,Yes,,Yes,,,,,,,,,,,124,Kennedy Park,124,Kennedy Park (124),D41,640631.3909,4842793.0792
6517,6280855,1205539,11/17/2010 10:00:00 AM,1534,DANFORTH RD,MIDLAND AVE,,Major Arterial,Scarborough,43.724845,-79.25399,At Intersection,Traffic Signal,Clear,Daylight,Dry,Non-Fatal Injury,Pedestrian Collisions,Pedestrian,25 to 29,Major,,West,Other,Unknown,,,Vehicle turns right while ped crosses without ROW at inter.,Running onto Roadway,Unknown,,,,Yes,,Yes,,,,,,,,,,,124,Kennedy Park,124,Kennedy Park (124),D41,640631.3909,4842793.0792
6518,6221650,1202322,11/17/2010 10:00:00 AM,1853,FINCH Ave W,VIRGILWOOD Dr,,Major Arterial,North York,43.772845,-79.44819,At Intersection,Traffic Signal,Clear,Daylight,Dry,Non-Fatal Injury,Pedestrian Collisions,Passenger,10 to 14,None,,,Other,,,,,,,,,,Yes,,Yes,,,,,Yes,,,,,,35,Westminster-Branson,35,Westminster-Branson (35),D32,624889.6388,4847812.9534
6519,6221651,1202322,11/17/2010 10:00:00 AM,1853,FINCH Ave W,VIRGILWOOD Dr,,Major Arterial,North York,43.772845,-79.44819,At Intersection,Traffic Signal,Clear,Daylight,Dry,Non-Fatal Injury,Pedestrian Collisions,Driver,75 to 79,None,,East,"Automobile, Station Wagon",Going Ahead,Driving Properly,Normal,,,,,,,Yes,,Yes,,,,,Yes,,,,,,35,Westminster-Branson,35,Westminster-Branson (35),D32,624889.6388,4847812.9534
6520,6221652,1202322,11/17/2010 10:00:00 AM,1853,FINCH Ave W,VIRGILWOOD Dr,,Major Arterial,North York,43.772845,-79.44819,At Intersection,Traffic Signal,Clear,Daylight,Dry,Non-Fatal Injury,Pedestrian Collisions,Pedestrian,20 to 24,Major,,North,Other,,,,Vehicle is going straight thru inter.while ped cross without ROW,Crossing without right of way,Inattentive,,,,Yes,,Yes,,,,,Yes,,,,,,35,Westminster-Branson,35,Westminster-Branson (35),D32,624889.6388,4847812.9534
6521,6230642,1206111,11/18/2010 10:00:00 AM,2041,PARLIAMENT St,FRONT St E,,Minor Arterial,Toronto and East York,43.651545,-79.36269,At Intersection,Traffic Signal,Clear,Dark,Dry,Non-Fatal Injury,Angle,Driver,75 to 79,Minor,,East,"Automobile, Station Wagon",Going Ahead,Disobeyed Traffic Control,Unknown,,,,,,,,,Yes,,,,,Yes,,Yes,Yes,,,166,St Lawrence-East Bayfront-The Islands,77,Waterfront Communities-The Island (77),D51,632036.8523,4834473.3734
6522,6230643,1206111,11/18/2010 10:00:00 AM,2041,PARLIAMENT St,FRONT St E,,Minor Arterial,Toronto and East York,43.651545,-79.36269,At Intersection,Traffic Signal,Clear,Dark,Dry,Non-Fatal Injury,Angle,Passenger,unknown,Minimal,,,Other,,,,,,,,,,,,Yes,,,,,Yes,,Yes,Yes,,,166,St Lawrence-East Bayfront-The Islands,77,Waterfront Communities-The Island (77),D51,632036.8523,4834473.3734
6523,6230644,1206111,11/18/2010 10:00:00 AM,2041,PARLIAMENT St,FRONT St E,,Minor Arterial,Toronto and East York,43.651545,-79.36269,At Intersection,Traffic Signal,Clear,Dark,Dry,Non-Fatal Injury,Angle,Passenger,unknown,Major,,,Other,,,,,,,,,,,,Yes,,,,,Yes,,Yes,Yes,,,166,St Lawrence-East Bayfront-The Islands,77,Waterfront Communities-The Island (77),D51,632036.8523,4834473.3734
6524,6230645,1206111,11/18/2010 10:00:00 AM,2041,PARLIAMENT St,FRONT St E,,Minor Arterial,Toronto and East York,43.651545,-79.36269,At Intersection,Traffic Signal,Clear,Dark,Dry,Non-Fatal Injury,Angle,Driver,25 to 29,Minor,,North,"Automobile, Station Wagon",Going Ahead,Driving Properly,Unknown,,,,,,,,,Yes,,,,,Yes,,Yes,Yes,,,166,St Lawrence-East Bayfront-The Islands,77,Waterfront Communities-The Island (77),D51,632036.8523,4834473.3734
6525,6280487,1202989,11/19/2010 10:00:00 AM,744,LOWER SPADINA AVE,LAKE SHORE BLVD W,,Major Arterial,Toronto and East York,43.638445,-79.39219,At Intersection,Traffic Signal,Clear,Daylight,Dry,Fatal,Cyclist Collisions,Vehicle Owner,unknown,,,,Other,,,,,,,,,,,Yes,,,,Yes,,,,,,,,165,Harbourfront-CityPlace,77,Waterfront Communities-The Island (77),D52,629686.0579,4832971.932
6526,6280488,1202989,11/19/2010 10:00:00 AM,744,LOWER SPADINA AVE,LAKE SHORE BLVD W,,Major Arterial,Toronto and East York,43.638445,-79.39219,At Intersection,Traffic Signal,Clear,Daylight,Dry,Fatal,Cyclist Collisions,Driver,30 to 34,None,,South,Municipal Transit Bus (TTC),Going Ahead,Driving Properly,Normal,,,,,,,,Yes,,,,Yes,,,,,,,,165,Harbourfront-CityPlace,77,Waterfront Communities-The Island (77),D52,629686.0579,4832971.932
6527,6280489,1202989,11/19/2010 10:00:00 AM,744,LOWER SPADINA AVE,LAKE SHORE BLVD W,,Major Arterial,Toronto and East York,43.638445,-79.39219,At Intersection,Traffic Signal,Clear,Daylight,Dry,Fatal,Cyclist Collisions,Cyclist,60 to 64,Fatal,36,East,Bicycle,Pulling Away from Shoulder or Curb,,,,,,"Cyclist without ROW rides into path of motorist at inter, lnwy, dwy-Cyclist not turn.",Disobeyed Traffic Control,Normal,,Yes,,,,Yes,,,,,,,,165,Harbourfront-CityPlace,77,Waterfront Communities-The Island (77),D52,629686.0579,4832971.932
6528,6225392,1203855,11/22/2010 10:00:00 AM,1542,THORNCLIFFE PARK DR,OVERLEA BLVD,,Major Arterial,North York,43.705045,-79.34989,At Intersection,Traffic Signal,Rain,Daylight,Wet,Non-Fatal Injury,Pedestrian Collisions,Driver,25 to 29,None,,North,"Automobile, Station Wagon",Turning Left,Failed to Yield Right of Way,Normal,,,,,,,Yes,,Yes,,,,,,,Yes,,,,55,Thorncliffe Park,55,Thorncliffe Park (55),D53,632950.8746,4840435.7279
6529,6225393,1203855,11/22/2010 10:00:00 AM,1542,THORNCLIFFE PARK DR,OVERLEA BLVD,,Major Arterial,North York,43.705045,-79.34989,At Intersection,Traffic Signal,Rain,Daylight,Wet,Non-Fatal Injury,Pedestrian Collisions,Pedestrian,65 to 69,Major,,North,Other,,,,Vehicle turns left while ped crosses with ROW at inter.,Crossing with right of way,Normal,,,,Yes,,Yes,,,,,,,Yes,,,,55,Thorncliffe Park,55,Thorncliffe Park (55),D53,632950.8746,4840435.7279
6530,6280547,1203435,11/22/2010 10:00:00 AM,1818,GLENCAIRN AVE,AVENUE RD,,Major Arterial,North York,43.715945,-79.41229,At Intersection,Stop Sign,Rain,Dark,Wet,Non-Fatal Injury,Pedestrian Collisions,Driver,45 to 49,None,,West,"Automobile, Station Wagon",Going Ahead,Driving Properly,Normal,,,,,,,Yes,,Yes,,,,,,,,,,,103,Lawrence Park South,103,Lawrence Park South (103),D53,627900.0123,4841548.1459
6531,6280548,1203435,11/22/2010 10:00:00 AM,1818,GLENCAIRN AVE,AVENUE RD,,Major Arterial,North York,43.715945,-79.41229,At Intersection,Stop Sign,Rain,Dark,Wet,Non-Fatal Injury,Pedestrian Collisions,Pedestrian,20 to 24,Major,,North,Other,,,,Vehicle is going straight thru inter.while ped cross without ROW,Crossing without right of way,Normal,,,,Yes,,Yes,,,,,,,,,,,103,Lawrence Park South,103,Lawrence Park South (103),D53,627900.0123,4841548.1459
6532,6464852,1204112,11/25/2010 10:00:00 AM,1051,KENNEDY RD,TROJAN GT,,Major Arterial,Scarborough,43.803845,-79.29819,At Intersection,Traffic Signal,Clear,Daylight,Dry,Non-Fatal Injury,Turning Movement,Vehicle Owner,unknown,,,,Other,,,,,,,,,,,,Yes,,,Yes,,Yes,,Yes,,,,130,Milliken,130,Milliken (130),D42,636890.9689,4851493.1829
6533,6464853,1204112,11/25/2010 10:00:00 AM,1051,KENNEDY RD,TROJAN GT,,Major Arterial,Scarborough,43.803845,-79.29819,At Intersection,Traffic Signal,Clear,Daylight,Dry,Non-Fatal Injury,Turning Movement,Driver,40 to 44,None,,South,"Automobile, Station Wagon",Turning Left,Failed to Yield Right of Way,Inattentive,,,,,,,,,Yes,,,Yes,,Yes,,Yes,,,,130,Milliken,130,Milliken (130),D42,636890.9689,4851493.1829
6534,6464854,1204112,11/25/2010 10:00:00 AM,1051,KENNEDY RD,TROJAN GT,,Major Arterial,Scarborough,43.803845,-79.29819,At Intersection,Traffic Signal,Clear,Daylight,Dry,Non-Fatal Injury,Turning Movement,Passenger,30 to 34,Minimal,,,Other,,,,,,,,,,,,Yes,,,Yes,,Yes,,Yes,,,,130,Milliken,130,Milliken (130),D42,636890.9689,4851493.1829
6535,6464855,1204112,11/25/2010 10:00:00 AM,1051,KENNEDY RD,TROJAN GT,,Major Arterial,Scarborough,43.803845,-79.29819,At Intersection,Traffic Signal,Clear,Daylight,Dry,Non-Fatal Injury,Turning Movement,Passenger,35 to 39,Minor,,,Other,,,,,,,,,,,,Yes,,,Yes,,Yes,,Yes,,,,130,Milliken,130,Milliken (130),D42,636890.9689,4851493.1829
6536,6464856,1204112,11/25/2010 10:00:00 AM,1051,KENNEDY RD,TROJAN GT,,Major Arterial,Scarborough,43.803845,-79.29819,At Intersection,Traffic Signal,Clear,Daylight,Dry,Non-Fatal Injury,Turning Movement,Passenger,35 to 39,Minor,,,Other,,,,,,,,,,,,Yes,,,Yes,,Yes,,Yes,,,,130,Milliken,130,Milliken (130),D42,636890.9689,4851493.1829
6537,6464857,1204112,11/25/2010 10:00:00 AM,1051,KENNEDY RD,TROJAN GT,,Major Arterial,Scarborough,43.803845,-79.29819,At Intersection,Traffic Signal,Clear,Daylight,Dry,Non-Fatal Injury,Turning Movement,Passenger,90 to 94,Major,,,Other,,,,,,,,,,,,Yes,,,Yes,,Yes,,Yes,,,,130,Milliken,130,Milliken (130),D42,636890.9689,4851493.1829
6538,6464858,1204112,11/25/2010 10:00:00 AM,1051,KENNEDY RD,TROJAN GT,,Major Arterial,Scarborough,43.803845,-79.29819,At Intersection,Traffic Signal,Clear,Daylight,Dry,Non-Fatal Injury,Turning Movement,Vehicle Owner,unknown,,,,Other,,,,,,,,,,,,Yes,,,Yes,,Yes,,Yes,,,,130,Milliken,130,Milliken (130),D42,636890.9689,4851493.1829
6539,6464859,1204112,11/25/2010 10:00:00 AM,1051,KENNEDY RD,TROJAN GT,,Major Arterial,Scarborough,43.803845,-79.29819,At Intersection,Traffic Signal,Clear,Daylight,Dry,Non-Fatal Injury,Turning Movement,Driver,60 to 64,None,,North,Municipal Transit Bus (TTC),Going Ahead,Driving Properly,Normal,,,,,,,,,Yes,,,Yes,,Yes,,Yes,,,,130,Milliken,130,Milliken (130),D42,636890.9689,4851493.1829