OBJECTID,INDEX,ACCNUM,DATE,TIME,STREET1,STREET2,OFFSET,ROAD_CLASS,DISTRICT,LATITUDE,LONGITUDE,ACCLOC,TRAFFCTL,VISIBILITY,LIGHT,RDSFCOND,ACCLASS,IMPACTYPE,INVTYPE,INVAGE,INJURY,FATAL_NO,INITDIR,VEHTYPE,MANOEUVER,DRIVACT,DRIVCOND,PEDTYPE,PEDACT,PEDCOND,CYCLISTYPE,CYCACT,CYCCOND,PEDESTRIAN,CYCLIST,AUTOMOBILE,MOTORCYCLE,TRUCK,TRSN_CITY_VEH,EMERG_VEH,PASSENGER,SPEEDING,AG_DRIV,REDLIGHT,ALCOHOL,DISABILITY,HOOD_158,NEIGHBOURHOOD_158,HOOD_140,NEIGHBOURHOOD_140,DIVISION,x,y
6540,6226425,1204296,11/26/2010 10:00:00 AM,1719,HUMEWOOD GDNS,RUSHTON RD,,Local,Toronto and East York,43.682945,-79.42839,At Intersection,Stop Sign,Clear,Dark,Dry,Fatal,Pedestrian Collisions,Driver,70 to 74,None,,West,"Automobile, Station Wagon",Going Ahead,Failed to Yield Right of Way,Normal,,,,,,,Yes,,Yes,,,,,,,Yes,,,,106,Humewood-Cedarvale,106,Humewood-Cedarvale (106),D13,626672.5173,4837858.32
6541,6226426,1204296,11/26/2010 10:00:00 AM,1719,HUMEWOOD GDNS,RUSHTON RD,,Local,Toronto and East York,43.682945,-79.42839,At Intersection,Stop Sign,Clear,Dark,Dry,Fatal,Pedestrian Collisions,Pedestrian,75 to 79,Fatal,38,North,Other,,,,Vehicle is going straight thru inter.while ped cross with ROW,Crossing with right of way,Normal,,,,Yes,,Yes,,,,,,,Yes,,,,106,Humewood-Cedarvale,106,Humewood-Cedarvale (106),D13,626672.5173,4837858.32
6542,6255926,1204298,11/26/2010 10:00:00 AM,2026,EGLINTON AVE E,SUTHERLAND DR,,Major Arterial,North York,43.713045,-79.36719,,Traffic Signal,Clear,Dark,Dry,Non-Fatal Injury,Pedestrian Collisions,Driver,25 to 29,None,,East,"Automobile, Station Wagon",Going Ahead,Driving Properly,Normal,,,,,,,Yes,,Yes,,,,,,,,,,,56,Leaside-Bennington,56,Leaside-Bennington (56),D53,631539.4818,4841296.6422
6543,6255927,1204298,11/26/2010 10:00:00 AM,2026,EGLINTON AVE E,SUTHERLAND DR,,Major Arterial,North York,43.713045,-79.36719,,Traffic Signal,Clear,Dark,Dry,Non-Fatal Injury,Pedestrian Collisions,Pedestrian,75 to 79,Major,,South,Other,,,,Vehicle is going straight thru inter.while ped cross without ROW,Crossing without right of way,Unknown,,,,Yes,,Yes,,,,,,,,,,,56,Leaside-Bennington,56,Leaside-Bennington (56),D53,631539.4818,4841296.6422
6544,6280719,1204643,11/28/2010 10:00:00 AM,235,DUNDAS ST W,YONGE ST,,Major Arterial,Toronto and East York,43.656245,-79.38139,,No Control,Clear,"Dark, artificial",Dry,Non-Fatal Injury,Pedestrian Collisions,Driver,unknown,None,,East,Taxi,Pulling Away from Shoulder or Curb,Failed to Yield Right of Way,Unknown,,,,,,,Yes,,Yes,,,,,,,Yes,,,,170,Yonge-Bay Corridor,76,Bay Street Corridor (76),D52,630518.6383,4834965.7856
6545,6280720,1204643,11/28/2010 10:00:00 AM,235,DUNDAS ST W,YONGE ST,,Major Arterial,Toronto and East York,43.656245,-79.38139,,No Control,Clear,"Dark, artificial",Dry,Non-Fatal Injury,Pedestrian Collisions,Pedestrian,20 to 24,Major,,Unknown,Other,,,,Pedestrian hit at mid-block,Other,Had Been Drinking,,,,Yes,,Yes,,,,,,,Yes,,,,170,Yonge-Bay Corridor,76,Bay Street Corridor (76),D52,630518.6383,4834965.7856
6546,6280668,1204378,11/28/2010 10:00:00 AM,545,BLOOR RAMP,CASTLE FRANK RD,,,Toronto and East York,43.676545,-79.36809,,No Control,Clear,Dark,Dry,Non-Fatal Injury,SMV Other,Passenger,0 to 4,Major,,,Other,,,,,,,,,,,,Yes,,,,,Yes,,,,Yes,,98,Rosedale-Moore Park,98,Rosedale-Moore Park (98),D53,631546.7617,4837241.3802
6547,6280669,1204378,11/28/2010 10:00:00 AM,545,BLOOR RAMP,CASTLE FRANK RD,,,Toronto and East York,43.676545,-79.36809,,No Control,Clear,Dark,Dry,Non-Fatal Injury,SMV Other,Passenger,35 to 39,Major,,,Other,,,,,,,,,,,,Yes,,,,,Yes,,,,Yes,,98,Rosedale-Moore Park,98,Rosedale-Moore Park (98),D53,631546.7617,4837241.3802
6548,6280670,1204378,11/28/2010 10:00:00 AM,545,BLOOR RAMP,CASTLE FRANK RD,,,Toronto and East York,43.676545,-79.36809,,No Control,Clear,Dark,Dry,Non-Fatal Injury,SMV Other,Driver,25 to 29,Minimal,,South,"Automobile, Station Wagon",Going Ahead,Other,"Ability Impaired, Alcohol Over .08",,,,,,,,,Yes,,,,,Yes,,,,Yes,,98,Rosedale-Moore Park,98,Rosedale-Moore Park (98),D53,631546.7617,4837241.3802
6549,6280671,1204378,11/28/2010 10:00:00 AM,545,BLOOR RAMP,CASTLE FRANK RD,,,Toronto and East York,43.676545,-79.36809,,No Control,Clear,Dark,Dry,Non-Fatal Injury,SMV Other,Other Property Owner,unknown,,,,Other,,,,,,,,,,,,Yes,,,,,Yes,,,,Yes,,98,Rosedale-Moore Park,98,Rosedale-Moore Park (98),D53,631546.7617,4837241.3802
6550,6255979,1204379,11/28/2010 10:00:00 AM,1217,HARBOUR ST,BAY ST,,Major Arterial,Toronto and East York,43.642045,-79.37749,At Intersection,Traffic Signal,Clear,Daylight,Dry,Non-Fatal Injury,Pedestrian Collisions,Driver,60 to 64,None,,East,"Automobile, Station Wagon",Going Ahead,Driving Properly,Normal,,,,,,,Yes,,Yes,,,,,,,,,,,166,St Lawrence-East Bayfront-The Islands,77,Waterfront Communities-The Island (77),D52,630863.9577,4833394.8316
6551,6255980,1204379,11/28/2010 10:00:00 AM,1217,HARBOUR ST,BAY ST,,Major Arterial,Toronto and East York,43.642045,-79.37749,At Intersection,Traffic Signal,Clear,Daylight,Dry,Non-Fatal Injury,Pedestrian Collisions,Driver,25 to 29,None,,East,"Automobile, Station Wagon",Turning Left,Improper Turn,Normal,,,,,,,Yes,,Yes,,,,,,,,,,,166,St Lawrence-East Bayfront-The Islands,77,Waterfront Communities-The Island (77),D52,630863.9577,4833394.8316
6552,6255981,1204379,11/28/2010 10:00:00 AM,1217,HARBOUR ST,BAY ST,,Major Arterial,Toronto and East York,43.642045,-79.37749,At Intersection,Traffic Signal,Clear,Daylight,Dry,Non-Fatal Injury,Pedestrian Collisions,Pedestrian,30 to 34,Minor,,Unknown,Other,,,,Pedestrian hit on sidewalk or shoulder,On Sidewalk or Shoulder,Normal,,,,Yes,,Yes,,,,,,,,,,,166,St Lawrence-East Bayfront-The Islands,77,Waterfront Communities-The Island (77),D52,630863.9577,4833394.8316
6553,6255982,1204379,11/28/2010 10:00:00 AM,1217,HARBOUR ST,BAY ST,,Major Arterial,Toronto and East York,43.642045,-79.37749,At Intersection,Traffic Signal,Clear,Daylight,Dry,Non-Fatal Injury,Pedestrian Collisions,Pedestrian,0 to 4,Major,,Unknown,Other,,,,Pedestrian hit on sidewalk or shoulder,On Sidewalk or Shoulder,Normal,,,,Yes,,Yes,,,,,,,,,,,166,St Lawrence-East Bayfront-The Islands,77,Waterfront Communities-The Island (77),D52,630863.9577,4833394.8316
6554,6256087,1204639,11/29/2010 10:00:00 AM,1620,LAKE SHORE BLVD W,PARKSIDE DR,,Major Arterial,Toronto and East York,43.638251,-79.453464,At Intersection,Traffic Signal,Clear,Daylight,Dry,Non-Fatal Injury,Cyclist Collisions,Driver,45 to 49,None,,East,"Automobile, Station Wagon",Going Ahead,Driving Properly,Normal,,,,,,,,Yes,Yes,,,,,,,,,,,85,South Parkdale,85,South Parkdale (85),D11,624744.046,4832856.4739
6555,6256088,1204639,11/29/2010 10:00:00 AM,1620,LAKE SHORE BLVD W,PARKSIDE DR,,Major Arterial,Toronto and East York,43.638251,-79.453464,At Intersection,Traffic Signal,Clear,Daylight,Dry,Non-Fatal Injury,Cyclist Collisions,Cyclist,50 to 54,Major,,North,Bicycle,Going Ahead,,,,,,"Cyclist without ROW rides into path of motorist at inter, lnwy, dwy-Cyclist not turn.",Disobeyed Traffic Control,Inattentive,,Yes,Yes,,,,,,,,,,,85,South Parkdale,85,South Parkdale (85),D11,624744.046,4832856.4739
6556,6256172,1204889,11/30/2010 10:00:00 AM,1812,LAWRENCE AVE E,ELINOR AVE,,Major Arterial,Scarborough,43.744045,-79.30059,At Intersection,Traffic Signal,Rain,Dark,Wet,Non-Fatal Injury,Pedestrian Collisions,Driver,20 to 24,None,,West,"Automobile, Station Wagon",Going Ahead,Driving Properly,Normal,,,,,,,Yes,,Yes,,,,,,,,,,,119,Wexford/Maryvale,119,Wexford/Maryvale (119),D41,636834.239,4844847.4964
6557,6256173,1204889,11/30/2010 10:00:00 AM,1812,LAWRENCE AVE E,ELINOR AVE,,Major Arterial,Scarborough,43.744045,-79.30059,At Intersection,Traffic Signal,Rain,Dark,Wet,Non-Fatal Injury,Pedestrian Collisions,Pedestrian,80 to 84,Major,,North,Other,,,,Vehicle is going straight thru inter.while ped cross without ROW,Crossing without right of way,Normal,,,,Yes,,Yes,,,,,,,,,,,119,Wexford/Maryvale,119,Wexford/Maryvale (119),D41,636834.239,4844847.4964
6558,6235688,1208298,12/1/2010 10:00:00 AM,620,FINCH AVE W,ALBION RD,,Major Arterial,Etobicoke York,43.743144,-79.587093,At Intersection,Traffic Signal,Rain,"Dark, artificial",Wet,Non-Fatal Injury,Pedestrian Collisions,Driver,30 to 34,None,,West,"Automobile, Station Wagon",Going Ahead,Driving Properly,Normal,,,,,,,Yes,,Yes,,,,,,,,,,,2,Mount Olive-Silverstone-Jamestown,2,Mount Olive-Silverstone-Jamestown (2),D23,613766.921,4844314.0948
6559,6235689,1208298,12/1/2010 10:00:00 AM,620,FINCH AVE W,ALBION RD,,Major Arterial,Etobicoke York,43.743144,-79.587093,At Intersection,Traffic Signal,Rain,"Dark, artificial",Wet,Non-Fatal Injury,Pedestrian Collisions,Pedestrian,40 to 44,Major,,South,Other,,,,Vehicle is going straight thru inter.while ped cross without ROW,Crossing without right of way,Inattentive,,,,Yes,,Yes,,,,,,,,,,,2,Mount Olive-Silverstone-Jamestown,2,Mount Olive-Silverstone-Jamestown (2),D23,613766.921,4844314.0948
6560,6262995,1210705,12/4/2010 10:00:00 AM,1430,CARRIER Driv,WOODBINE DOWNS Boul,,Collector,Etobicoke York,43.738645,-79.60759,At Intersection,Stop Sign,Clear,Daylight,Dry,Non-Fatal Injury,Angle,Driver,40 to 44,None,,North,"Automobile, Station Wagon",Going Ahead,Disobeyed Traffic Control,Inattentive,,,,,,,,,Yes,,,,,Yes,,Yes,,,,1,West Humber-Clairville,1,West Humber-Clairville (1),D23,612124.8946,4843786.4749
6561,6262996,1210705,12/4/2010 10:00:00 AM,1430,CARRIER Driv,WOODBINE DOWNS Boul,,Collector,Etobicoke York,43.738645,-79.60759,At Intersection,Stop Sign,Clear,Daylight,Dry,Non-Fatal Injury,Angle,Passenger,5 to 9,Minor,,,Other,,,,,,,,,,,,Yes,,,,,Yes,,Yes,,,,1,West Humber-Clairville,1,West Humber-Clairville (1),D23,612124.8946,4843786.4749
6562,6262997,1210705,12/4/2010 10:00:00 AM,1430,CARRIER Driv,WOODBINE DOWNS Boul,,Collector,Etobicoke York,43.738645,-79.60759,At Intersection,Stop Sign,Clear,Daylight,Dry,Non-Fatal Injury,Angle,Passenger,10 to 14,Major,,,Other,,,,,,,,,,,,Yes,,,,,Yes,,Yes,,,,1,West Humber-Clairville,1,West Humber-Clairville (1),D23,612124.8946,4843786.4749
6563,6262998,1210705,12/4/2010 10:00:00 AM,1430,CARRIER Driv,WOODBINE DOWNS Boul,,Collector,Etobicoke York,43.738645,-79.60759,At Intersection,Stop Sign,Clear,Daylight,Dry,Non-Fatal Injury,Angle,Passenger,65 to 69,Minor,,,Other,,,,,,,,,,,,Yes,,,,,Yes,,Yes,,,,1,West Humber-Clairville,1,West Humber-Clairville (1),D23,612124.8946,4843786.4749
6564,6262999,1210705,12/4/2010 10:00:00 AM,1430,CARRIER Driv,WOODBINE DOWNS Boul,,Collector,Etobicoke York,43.738645,-79.60759,At Intersection,Stop Sign,Clear,Daylight,Dry,Non-Fatal Injury,Angle,Driver,35 to 39,Minor,,West,"Automobile, Station Wagon",Going Ahead,Driving Properly,Normal,,,,,,,,,Yes,,,,,Yes,,Yes,,,,1,West Humber-Clairville,1,West Humber-Clairville (1),D23,612124.8946,4843786.4749
6565,6256933,1205835,12/5/2010 10:00:00 AM,421,422 BRIMORTON DR,,,Collector,Scarborough,43.769045,-79.23759,,No Control,Clear,Dark,Dry,Fatal,SMV Other,Passenger,25 to 29,Major,,,Other,,,,,,,,,,,,Yes,,,,,Yes,,,,,,142,Woburn North,137,Woburn (137),D43,641847.8884,4847730.1248
6566,6256934,1205835,12/5/2010 10:00:00 AM,421,422 BRIMORTON DR,,,Collector,Scarborough,43.769045,-79.23759,,No Control,Clear,Dark,Dry,Fatal,SMV Other,Driver,25 to 29,Fatal,37,West,"Automobile, Station Wagon",Going Ahead,Lost control,Had Been Drinking,,,,,,,,,Yes,,,,,Yes,,,,,,142,Woburn North,137,Woburn (137),D43,641847.8884,4847730.1248
6567,6256935,1205835,12/5/2010 10:00:00 AM,421,422 BRIMORTON DR,,,Collector,Scarborough,43.769045,-79.23759,,No Control,Clear,Dark,Dry,Fatal,SMV Other,Other Property Owner,unknown,,,,Other,,,,,,,,,,,,Yes,,,,,Yes,,,,,,142,Woburn North,137,Woburn (137),D43,641847.8884,4847730.1248
6568,6256936,1205835,12/5/2010 10:00:00 AM,421,422 BRIMORTON DR,,,Collector,Scarborough,43.769045,-79.23759,,No Control,Clear,Dark,Dry,Fatal,SMV Other,Other Property Owner,unknown,,,,Other,,,,,,,,,,,,Yes,,,,,Yes,,,,,,142,Woburn North,137,Woburn (137),D43,641847.8884,4847730.1248
6569,6264026,1211648,12/6/2010 10:00:00 AM,845,JANE ST,JOHN ST,,Major Arterial,Etobicoke York,43.706645,-79.50479,At Intersection,Traffic Signal,Snow,Daylight,Wet,Non-Fatal Injury,Turning Movement,Driver,45 to 49,None,,North,"Automobile, Station Wagon",Going Ahead,Driving Properly,Normal,,,,,,,,,Yes,,,,,Yes,,,,,,28,Rustic,28,Rustic (28),D12,620467.1236,4840376.6749
6570,6264027,1211648,12/6/2010 10:00:00 AM,845,JANE ST,JOHN ST,,Major Arterial,Etobicoke York,43.706645,-79.50479,At Intersection,Traffic Signal,Snow,Daylight,Wet,Non-Fatal Injury,Turning Movement,Vehicle Owner,unknown,,,,Other,,,,,,,,,,,,Yes,,,,,Yes,,,,,,28,Rustic,28,Rustic (28),D12,620467.1236,4840376.6749
6571,6264028,1211648,12/6/2010 10:00:00 AM,845,JANE ST,JOHN ST,,Major Arterial,Etobicoke York,43.706645,-79.50479,At Intersection,Traffic Signal,Snow,Daylight,Wet,Non-Fatal Injury,Turning Movement,Driver,30 to 34,Minor,,South,"Automobile, Station Wagon",Turning Left,Improper Turn,Normal,,,,,,,,,Yes,,,,,Yes,,,,,,28,Rustic,28,Rustic (28),D12,620467.1236,4840376.6749
6572,6264029,1211648,12/6/2010 10:00:00 AM,845,JANE ST,JOHN ST,,Major Arterial,Etobicoke York,43.706645,-79.50479,At Intersection,Traffic Signal,Snow,Daylight,Wet,Non-Fatal Injury,Turning Movement,Passenger,5 to 9,Major,,,Other,,,,,,,,,,,,Yes,,,,,Yes,,,,,,28,Rustic,28,Rustic (28),D12,620467.1236,4840376.6749
6573,6280882,1205981,12/6/2010 10:00:00 AM,1445,ANNETTE ST,RUNNYMEDE RD,,Minor Arterial,Toronto and East York,43.660045,-79.47999,At Intersection,Traffic Signal,Clear,Daylight,Loose Snow,Non-Fatal Injury,Pedestrian Collisions,Driver,35 to 39,None,,West,"Automobile, Station Wagon",Turning Left,Failed to Yield Right of Way,Inattentive,,,,,,,Yes,,Yes,,,,,,,Yes,,,,88,High Park North,88,High Park North (88),D11,622560.0979,4835237.4544
6574,6280883,1205981,12/6/2010 10:00:00 AM,1445,ANNETTE ST,RUNNYMEDE RD,,Minor Arterial,Toronto and East York,43.660045,-79.47999,At Intersection,Traffic Signal,Clear,Daylight,Loose Snow,Non-Fatal Injury,Pedestrian Collisions,Pedestrian,80 to 84,Major,,East,Other,,,,Vehicle turns left while ped crosses with ROW at inter.,Crossing with right of way,Normal,,,,Yes,,Yes,,,,,,,Yes,,,,88,High Park North,88,High Park North (88),D11,622560.0979,4835237.4544
6575,6230340,1205980,12/6/2010 10:00:00 AM,1855,THE QUEENSWAY,COLBORNE LODGE DR,,Major Arterial,Toronto and East York,43.639645,-79.45669,,No Control,Snow,Dark,Dry,Non-Fatal Injury,Pedestrian Collisions,Driver,35 to 39,None,,East,"Automobile, Station Wagon",Going Ahead,Driving Properly,Unknown,,,,,,,Yes,,Yes,,,,,,,,,,,87,High Park-Swansea,87,High Park-Swansea (87),D11,624480.9548,4833006.4521
6576,6230341,1205980,12/6/2010 10:00:00 AM,1855,THE QUEENSWAY,COLBORNE LODGE DR,,Major Arterial,Toronto and East York,43.639645,-79.45669,,No Control,Snow,Dark,Dry,Non-Fatal Injury,Pedestrian Collisions,Pedestrian,45 to 49,Major,,North,Other,,,,Pedestrian hit at mid-block,"Crossing, no Traffic Control",Had Been Drinking,,,,Yes,,Yes,,,,,,,,,,,87,High Park-Swansea,87,High Park-Swansea (87),D11,624480.9548,4833006.4521
6577,6264633,1212390,12/8/2010 10:00:00 AM,821,4472 STEELES AVE E,,,Major Arterial,Scarborough,43.821845,-79.31499,,No Control,Clear,Daylight,Dry,Non-Fatal Injury,Pedestrian Collisions,Vehicle Owner,unknown,,,,Other,,,,,,,,,,Yes,,Yes,,,,,,,,,,,NSA,NSA,NSA,NSA,D42,635498.8736,4853464.7196
6578,6264634,1212390,12/8/2010 10:00:00 AM,821,4472 STEELES AVE E,,,Major Arterial,Scarborough,43.821845,-79.31499,,No Control,Clear,Daylight,Dry,Non-Fatal Injury,Pedestrian Collisions,Driver,40 to 44,None,,South,"Automobile, Station Wagon",Turning Left,Driving Properly,Inattentive,,,,,,,Yes,,Yes,,,,,,,,,,,NSA,NSA,NSA,NSA,D42,635498.8736,4853464.7196
6579,6264635,1212390,12/8/2010 10:00:00 AM,821,4472 STEELES AVE E,,,Major Arterial,Scarborough,43.821845,-79.31499,,No Control,Clear,Daylight,Dry,Non-Fatal Injury,Pedestrian Collisions,Pedestrian,60 to 64,Major,,East,Other,,,,Pedestrian hit at private driveway,On Sidewalk or Shoulder,Normal,,,,Yes,,Yes,,,,,,,,,,,NSA,NSA,NSA,NSA,D42,635498.8736,4853464.7196
6580,6264560,1212205,12/8/2010 10:00:00 AM,1512,BIRCHMOUNT RD,WINTERMUTE BLVD,,Major Arterial,Scarborough,43.816245,-79.31449,At Intersection,Traffic Signal,Clear,Daylight,Dry,Non-Fatal Injury,Pedestrian Collisions,Driver,60 to 64,None,,West,"Automobile, Station Wagon",Turning Left,Failed to Yield Right of Way,Normal,,,,,,,Yes,,Yes,,,,,,,Yes,,,,116,Steeles,116,Steeles (116),D42,635551.7534,4852843.5674
6581,6264561,1212205,12/8/2010 10:00:00 AM,1512,BIRCHMOUNT RD,WINTERMUTE BLVD,,Major Arterial,Scarborough,43.816245,-79.31449,At Intersection,Traffic Signal,Clear,Daylight,Dry,Non-Fatal Injury,Pedestrian Collisions,Pedestrian,15 to 19,Major,,East,Other,,,,Vehicle turns left while ped crosses with ROW at inter.,Crossing with right of way,Normal,,,,Yes,,Yes,,,,,,,Yes,,,,116,Steeles,116,Steeles (116),D42,635551.7534,4852843.5674
6582,6231656,1206537,12/8/2010 10:00:00 AM,2055,SHEPPARD Aven W,JANE Stre,,Major Arterial,Etobicoke York,43.739445,-79.51179,,No Control,Clear,Dark,Dry,Non-Fatal Injury,SMV Other,Driver,40 to 44,Major,,West,"Automobile, Station Wagon",Going Ahead,Lost control,Medical or Physical Disability,,,,,,,,,Yes,,,,,,,,,,Yes,25,Glenfield-Jane Heights,25,Glenfield-Jane Heights (25),D31,619837.7238,4844009.4295
6583,6231657,1206538,12/8/2010 10:00:00 AM,2055,SHEPPARD Aven W,JANE Stre,,Major Arterial,Etobicoke York,43.739345,-79.51319,At Intersection,Traffic Signal,Clear,Dark,Dry,Non-Fatal Injury,Rear End,Driver,40 to 44,Major,,West,"Automobile, Station Wagon",Going Ahead,Lost control,Medical or Physical Disability,,,,,,,,,Yes,,,,,,,,,,Yes,25,Glenfield-Jane Heights,25,Glenfield-Jane Heights (25),D31,619725.1876,4843996.2991
6584,6231658,1206538,12/8/2010 10:00:00 AM,2055,SHEPPARD Aven W,JANE Stre,,Major Arterial,Etobicoke York,43.739345,-79.51319,At Intersection,Traffic Signal,Clear,Dark,Dry,Non-Fatal Injury,Rear End,Driver,30 to 34,None,,West,"Automobile, Station Wagon",Stopped,Driving Properly,Normal,,,,,,,,,Yes,,,,,,,,,,Yes,25,Glenfield-Jane Heights,25,Glenfield-Jane Heights (25),D31,619725.1876,4843996.2991
6585,6281864,1212585,12/9/2010 10:00:00 AM,631,RIVALDA RD,SHEPPARD AVE W,,Major Arterial,Etobicoke York,43.734645,-79.53389,At Intersection,Traffic Signal,Clear,Dark,Dry,Non-Fatal Injury,Pedestrian Collisions,Driver,55 to 59,None,,North,"Automobile, Station Wagon",Turning Right,Failed to Yield Right of Way,Normal,,,,,,,Yes,,Yes,,,,,,,Yes,,,,23,Pelmo Park-Humberlea,23,Pelmo Park-Humberlea (23),D31,618067.5467,4843444.5928
6586,6281865,1212585,12/9/2010 10:00:00 AM,631,RIVALDA RD,SHEPPARD AVE W,,Major Arterial,Etobicoke York,43.734645,-79.53389,At Intersection,Traffic Signal,Clear,Dark,Dry,Non-Fatal Injury,Pedestrian Collisions,Pedestrian,20 to 24,Major,,West,Other,,,,Vehicle turns right while ped crosses with ROW at inter.,Crossing with right of way,Normal,,,,Yes,,Yes,,,,,,,Yes,,,,23,Pelmo Park-Humberlea,23,Pelmo Park-Humberlea (23),D31,618067.5467,4843444.5928
6587,6265154,1213166,12/10/2010 10:00:00 AM,1700,911 BRIMORTON Dr,,,Collector,Scarborough,43.771045,-79.21269,,No Control,Snow,Dark,Slush,Non-Fatal Injury,SMV Other,Driver,30 to 34,Major,,West,"Automobile, Station Wagon",Going Ahead,Lost control,Unknown,,,,,,,,,Yes,,,,,,Yes,Yes,,,,141,Golfdale-Cedarbrae-Woburn,137,Woburn (137),D43,643847.1989,4847995.215
6588,6243092,1213789,12/11/2010 10:00:00 AM,937,349 HULLMAR DR,,,Collector,Etobicoke York,43.773345,-79.52539,,No Control,Snow,Daylight,Other,Non-Fatal Injury,Pedestrian Collisions,Driver,35 to 39,None,,South,"Automobile, Station Wagon",Reversing,Other,Normal,,,,,,,Yes,,Yes,,,,,,,,,,,24,Black Creek,24,Black Creek (24),D31,618675.5478,4847754.9411
6589,6243093,1213789,12/11/2010 10:00:00 AM,937,349 HULLMAR DR,,,Collector,Etobicoke York,43.773345,-79.52539,,No Control,Snow,Daylight,Other,Non-Fatal Injury,Pedestrian Collisions,Pedestrian,75 to 79,Major,,West,Other,,,,Pedestrian hit at private driveway,Other,Normal,,,,Yes,,Yes,,,,,,,,,,,24,Black Creek,24,Black Creek (24),D31,618675.5478,4847754.9411
6590,6280999,1206992,12/11/2010 10:00:00 AM,1935,ST CLAIR AVE E,DANFORTH RD,,Major Arterial,Scarborough,43.716845,-79.25989,At Intersection,Traffic Signal,Clear,Dark,Dry,Fatal,Pedestrian Collisions,Vehicle Owner,unknown,,,,Other,,,,,,,,,,Yes,,,,,Yes,,,,,,,,120,Clairlea-Birchmount,120,Clairlea-Birchmount (120),D41,640174.8292,4841894.5658
6591,6281000,1206992,12/11/2010 10:00:00 AM,1935,ST CLAIR AVE E,DANFORTH RD,,Major Arterial,Scarborough,43.716845,-79.25989,At Intersection,Traffic Signal,Clear,Dark,Dry,Fatal,Pedestrian Collisions,Driver,45 to 49,None,,South,Municipal Transit Bus (TTC),Going Ahead,Driving Properly,Normal,,,,,,,Yes,,,,,Yes,,,,,,,,120,Clairlea-Birchmount,120,Clairlea-Birchmount (120),D41,640174.8292,4841894.5658
6592,6281001,1206992,12/11/2010 10:00:00 AM,1935,ST CLAIR AVE E,DANFORTH RD,,Major Arterial,Scarborough,43.716845,-79.25989,At Intersection,Traffic Signal,Clear,Dark,Dry,Fatal,Pedestrian Collisions,Pedestrian,65 to 69,Fatal,40,East,Other,,,,Pedestrian involved in a collision with transit vehicle anywhere along roadway,Crossing without right of way,Inattentive,,,,Yes,,,,,Yes,,,,,,,,120,Clairlea-Birchmount,120,Clairlea-Birchmount (120),D41,640174.8292,4841894.5658
6593,6281935,1213957,12/13/2010 10:00:00 AM,1725,LAKE SHORE BLVD W,HILLSIDE AVE,,Major Arterial,Etobicoke York,43.611145,-79.48999,At Intersection,Traffic Signal,Clear,Dark,Dry,Non-Fatal Injury,Pedestrian Collisions,Driver,65 to 69,Major,,West,"Automobile, Station Wagon",Going Ahead,Driving Properly,Unknown,,,,,,,Yes,,Yes,,,,,,,,,,,161,Humber Bay Shores,17,Mimico (includes Humber Bay Shores) (17),D22,621852.5729,4829791.7721
6594,6281936,1213957,12/13/2010 10:00:00 AM,1725,LAKE SHORE BLVD W,HILLSIDE AVE,,Major Arterial,Etobicoke York,43.611145,-79.48999,At Intersection,Traffic Signal,Clear,Dark,Dry,Non-Fatal Injury,Pedestrian Collisions,Pedestrian,80 to 84,Minor,,North,Other,,,,Vehicle is going straight thru inter.while ped cross without ROW,Crossing without right of way,Had Been Drinking,,,,Yes,,Yes,,,,,,,,,,,161,Humber Bay Shores,17,Mimico (includes Humber Bay Shores) (17),D22,621852.5729,4829791.7721
6595,6258402,1207370,12/14/2010 10:00:00 AM,216,KINGSTON RD,ST QUENTIN AVE,,Major Arterial,Scarborough,43.719145,-79.23929,,No Control,Snow,Dark,Packed Snow,Fatal,SMV Other,Passenger,15 to 19,Minimal,,,Other,,,,,,,,,,,,Yes,,,,,Yes,,,,,,123,Cliffcrest,123,Cliffcrest (123),D43,641828.859,4842185.0621
6596,6258403,1207370,12/14/2010 10:00:00 AM,216,KINGSTON RD,ST QUENTIN AVE,,Major Arterial,Scarborough,43.719145,-79.23929,,No Control,Snow,Dark,Packed Snow,Fatal,SMV Other,Driver,20 to 24,Fatal,39,West,"Automobile, Station Wagon",Going Ahead,Lost control,Unknown,,,,,,,,,Yes,,,,,Yes,,,,,,123,Cliffcrest,123,Cliffcrest (123),D43,641828.859,4842185.0621
6597,6258404,1207370,12/14/2010 10:00:00 AM,216,KINGSTON RD,ST QUENTIN AVE,,Major Arterial,Scarborough,43.719145,-79.23929,,No Control,Snow,Dark,Packed Snow,Fatal,SMV Other,Other Property Owner,unknown,,,,Other,,,,,,,,,,,,Yes,,,,,Yes,,,,,,123,Cliffcrest,123,Cliffcrest (123),D43,641828.859,4842185.0621
6598,6234824,1207896,12/15/2010 10:00:00 AM,1318,DUNDAS ST W,CHELSEA AVE,,Minor Arterial,Toronto and East York,43.658845,-79.45319,,No Control,Clear,Daylight,Wet,Non-Fatal Injury,Pedestrian Collisions,Driver,75 to 79,None,,South,"Automobile, Station Wagon",Going Ahead,Driving Properly,Normal,,,,,,,Yes,,Yes,,,,,,,,,,,88,High Park North,88,High Park North (88),D11,624723.5161,4835144.115
6599,6234825,1207896,12/15/2010 10:00:00 AM,1318,DUNDAS ST W,CHELSEA AVE,,Minor Arterial,Toronto and East York,43.658845,-79.45319,,No Control,Clear,Daylight,Wet,Non-Fatal Injury,Pedestrian Collisions,Pedestrian,85 to 89,Major,,East,Other,,,,Vehicle hits the pedestrian walking or running out from between parked vehicles at mid-block,Coming From Behind Parked Vehicle,Inattentive,,,,Yes,,Yes,,,,,,,,,,,88,High Park North,88,High Park North (88),D11,624723.5161,4835144.115