OBJECTID,INDEX,ACCNUM,DATE,TIME,STREET1,STREET2,OFFSET,ROAD_CLASS,DISTRICT,LATITUDE,LONGITUDE,ACCLOC,TRAFFCTL,VISIBILITY,LIGHT,RDSFCOND,ACCLASS,IMPACTYPE,INVTYPE,INVAGE,INJURY,FATAL_NO,INITDIR,VEHTYPE,MANOEUVER,DRIVACT,DRIVCOND,PEDTYPE,PEDACT,PEDCOND,CYCLISTYPE,CYCACT,CYCCOND,PEDESTRIAN,CYCLIST,AUTOMOBILE,MOTORCYCLE,TRUCK,TRSN_CITY_VEH,EMERG_VEH,PASSENGER,SPEEDING,AG_DRIV,REDLIGHT,ALCOHOL,DISABILITY,HOOD_158,NEIGHBOURHOOD_158,HOOD_140,NEIGHBOURHOOD_140,DIVISION,x,y
6600,6234828,1207898,12/15/2010 10:00:00 AM,1602,HORNER Aven,CONNELL Cour,,Minor Arterial,Etobicoke York,43.614145,-79.51729,,Stop Sign,Clear,Daylight,Dry,Non-Fatal Injury,Turning Movement,Driver,50 to 54,Major,,East,"Automobile, Station Wagon",Turning Left,Failed to Yield Right of Way,Inattentive,,,,,,,,,Yes,,,,,,,Yes,,,,160,Mimico-Queensway,17,Mimico (includes Humber Bay Shores) (17),D22,619643.5893,4830085.2637
6601,6234829,1207898,12/15/2010 10:00:00 AM,1602,HORNER Aven,CONNELL Cour,,Minor Arterial,Etobicoke York,43.614145,-79.51729,,Stop Sign,Clear,Daylight,Dry,Non-Fatal Injury,Turning Movement,Vehicle Owner,unknown,,,,Other,,,,,,,,,,,,Yes,,,,,,,Yes,,,,160,Mimico-Queensway,17,Mimico (includes Humber Bay Shores) (17),D22,619643.5893,4830085.2637
6602,6234830,1207898,12/15/2010 10:00:00 AM,1602,HORNER Aven,CONNELL Cour,,Minor Arterial,Etobicoke York,43.614145,-79.51729,,Stop Sign,Clear,Daylight,Dry,Non-Fatal Injury,Turning Movement,Driver,20 to 24,None,,South,"Automobile, Station Wagon",Going Ahead,Driving Properly,Normal,,,,,,,,,Yes,,,,,,,Yes,,,,160,Mimico-Queensway,17,Mimico (includes Humber Bay Shores) (17),D22,619643.5893,4830085.2637
6603,6266218,1215424,12/15/2010 10:00:00 AM,2115,1251 BRIDLETOWNE Circ,,,Collector,Scarborough,43.793645,-79.31209,,Pedestrian Crossover,Snow,Dark,Wet,Non-Fatal Injury,SMV Other,Driver,40 to 44,Major,,North,"Automobile, Station Wagon",Going Ahead,Speed too Fast For Condition,"Ability Impaired, Alcohol",,,,,,,,,Yes,,,,,,Yes,Yes,,Yes,,148,East L'Amoreaux,117,L'Amoreaux (117),D42,635795.9685,4850337.4096
6604,6266219,1215424,12/15/2010 10:00:00 AM,2115,1251 BRIDLETOWNE Circ,,,Collector,Scarborough,43.793645,-79.31209,,Pedestrian Crossover,Snow,Dark,Wet,Non-Fatal Injury,SMV Other,Other Property Owner,unknown,,,,Other,,,,,,,,,,,,Yes,,,,,,Yes,Yes,,Yes,,148,East L'Amoreaux,117,L'Amoreaux (117),D42,635795.9685,4850337.4096
6605,6281281,1208694,12/18/2010 10:00:00 AM,2256,MCCOWAN RD,MELDAZY DR,,Major Arterial,Scarborough,43.763845,-79.24839,,No Control,Clear,Dark,Dry,Fatal,Approaching,Vehicle Owner,unknown,,,,Other,,,,,,,,,,,,Yes,,,,,,,,,,,156,Bendale-Glen Andrew,127,Bendale (127),D43,640990.8552,4847134.1388
6606,6281282,1208694,12/18/2010 10:00:00 AM,2256,MCCOWAN RD,MELDAZY DR,,Major Arterial,Scarborough,43.763845,-79.24839,,No Control,Clear,Dark,Dry,Fatal,Approaching,Driver,35 to 39,Minor,,South,"Automobile, Station Wagon",Going Ahead,Other,Other,,,,,,,,,Yes,,,,,,,,,,,156,Bendale-Glen Andrew,127,Bendale (127),D43,640990.8552,4847134.1388
6607,6281283,1208694,12/18/2010 10:00:00 AM,2256,MCCOWAN RD,MELDAZY DR,,Major Arterial,Scarborough,43.763845,-79.24839,,No Control,Clear,Dark,Dry,Fatal,Approaching,Driver,55 to 59,Fatal,41,North,"Automobile, Station Wagon",Going Ahead,Driving Properly,Inattentive,,,,,,,,,Yes,,,,,,,,,,,156,Bendale-Glen Andrew,127,Bendale (127),D43,640990.8552,4847134.1388
6608,6282482,1216616,12/19/2010 10:00:00 AM,211,DUNDAS ST W,MANNING AVE,,Major Arterial,Toronto and East York,43.651345,-79.41089,At Intersection,Traffic Signal,Clear,Dark,Dry,Non-Fatal Injury,Pedestrian Collisions,Vehicle Owner,unknown,,,,Other,,,,,,,,,,Yes,,Yes,,,,,,,,,,,81,Trinity-Bellwoods,81,Trinity-Bellwoods (81),D14,628150.2665,4834375.5962
6609,6282483,1216616,12/19/2010 10:00:00 AM,211,DUNDAS ST W,MANNING AVE,,Major Arterial,Toronto and East York,43.651345,-79.41089,At Intersection,Traffic Signal,Clear,Dark,Dry,Non-Fatal Injury,Pedestrian Collisions,Driver,55 to 59,None,,East,Taxi,Going Ahead,Driving Properly,Normal,,,,,,,Yes,,Yes,,,,,,,,,,,81,Trinity-Bellwoods,81,Trinity-Bellwoods (81),D14,628150.2665,4834375.5962
6610,6282484,1216616,12/19/2010 10:00:00 AM,211,DUNDAS ST W,MANNING AVE,,Major Arterial,Toronto and East York,43.651345,-79.41089,At Intersection,Traffic Signal,Clear,Dark,Dry,Non-Fatal Injury,Pedestrian Collisions,Pedestrian,30 to 34,Major,,South,Other,,,,Vehicle is going straight thru inter.while ped cross without ROW,Crossing without right of way,"Ability Impaired, Alcohol",,,,Yes,,Yes,,,,,,,,,,,81,Trinity-Bellwoods,81,Trinity-Bellwoods (81),D14,628150.2665,4834375.5962
6611,6244561,1216368,12/20/2010 10:00:00 AM,1540,VICTORIA PARK AVE,PACHINO BLVD,,Major Arterial,North York,43.761845,-79.31699,,No Control,Clear,Daylight,Wet,Non-Fatal Injury,Pedestrian Collisions,Driver,45 to 49,None,,North,"Automobile, Station Wagon",Going Ahead,Driving Properly,Normal,,,,,,,Yes,,Yes,,,,,,,,,,,119,Wexford/Maryvale,119,Wexford/Maryvale (119),D41,635473.5475,4846797.4968
6612,6244562,1216368,12/20/2010 10:00:00 AM,1540,VICTORIA PARK AVE,PACHINO BLVD,,Major Arterial,North York,43.761845,-79.31699,,No Control,Clear,Daylight,Wet,Non-Fatal Injury,Pedestrian Collisions,Pedestrian,45 to 49,Major,,West,Other,,,,Pedestrian hit at mid-block,Running onto Roadway,Medical or Physical Disability,,,,Yes,,Yes,,,,,,,,,,,119,Wexford/Maryvale,119,Wexford/Maryvale (119),D41,635473.5475,4846797.4968
6613,6237033,1208896,12/21/2010 10:00:00 AM,1639,DANFORTH Ave,BROADVIEW Ave,,Major Arterial,Toronto and East York,43.676145,-79.35889,,No Control,Clear,Daylight,Dry,Non-Fatal Injury,Cyclist Collisions,Vehicle Owner,unknown,,,,Other,,,,,,,,,,,Yes,Yes,,,,,,,,,,,68,North Riverdale,68,North Riverdale (68),D55,632289.2521,4837211.5869
6614,6237034,1208896,12/21/2010 10:00:00 AM,1639,DANFORTH Ave,BROADVIEW Ave,,Major Arterial,Toronto and East York,43.676145,-79.35889,,No Control,Clear,Daylight,Dry,Non-Fatal Injury,Cyclist Collisions,Driver,30 to 34,None,,East,"Automobile, Station Wagon",Pulling Onto Shoulder or towardCurb,Improper Lane Change,Inattentive,,,,,,,,Yes,Yes,,,,,,,,,,,68,North Riverdale,68,North Riverdale (68),D55,632289.2521,4837211.5869
6615,6237035,1208896,12/21/2010 10:00:00 AM,1639,DANFORTH Ave,BROADVIEW Ave,,Major Arterial,Toronto and East York,43.676145,-79.35889,,No Control,Clear,Daylight,Dry,Non-Fatal Injury,Cyclist Collisions,Cyclist,55 to 59,Major,,East,Bicycle,Going Ahead,,,,,,Cyclist and Driver travelling in same direction. One vehicle rear-ended the other.,Driving Properly,Normal,,Yes,Yes,,,,,,,,,,,68,North Riverdale,68,North Riverdale (68),D55,632289.2521,4837211.5869
6616,6281386,1209207,12/23/2010 10:00:00 AM,2027,BATHURST ST,BRIDGMAN AVE,,Major Arterial,Toronto and East York,43.673945,-79.41469,,No Control,Clear,Dark,Dry,Fatal,Pedestrian Collisions,Other,unknown,None,,South,Other,Parked,,,,,,,,,Yes,,,,,Yes,,Yes,,Yes,,,,96,Casa Loma,96,Casa Loma (96),D13,627795.8597,4836879.7643
6617,6281387,1209207,12/23/2010 10:00:00 AM,2027,BATHURST ST,BRIDGMAN AVE,,Major Arterial,Toronto and East York,43.673945,-79.41469,,No Control,Clear,Dark,Dry,Fatal,Pedestrian Collisions,Passenger,50 to 54,Major,,,Other,,,,,,,,,,Yes,,,,,Yes,,Yes,,Yes,,,,96,Casa Loma,96,Casa Loma (96),D13,627795.8597,4836879.7643
6618,6281388,1209207,12/23/2010 10:00:00 AM,2027,BATHURST ST,BRIDGMAN AVE,,Major Arterial,Toronto and East York,43.673945,-79.41469,,No Control,Clear,Dark,Dry,Fatal,Pedestrian Collisions,Vehicle Owner,unknown,,,,Other,,,,,,,,,,Yes,,,,,Yes,,Yes,,Yes,,,,96,Casa Loma,96,Casa Loma (96),D13,627795.8597,4836879.7643
6619,6281389,1209207,12/23/2010 10:00:00 AM,2027,BATHURST ST,BRIDGMAN AVE,,Major Arterial,Toronto and East York,43.673945,-79.41469,,No Control,Clear,Dark,Dry,Fatal,Pedestrian Collisions,Driver,50 to 54,None,,South,Municipal Transit Bus (TTC),Going Ahead,Improper Passing,Normal,,,,,,,Yes,,,,,Yes,,Yes,,Yes,,,,96,Casa Loma,96,Casa Loma (96),D13,627795.8597,4836879.7643
6620,6281390,1209207,12/23/2010 10:00:00 AM,2027,BATHURST ST,BRIDGMAN AVE,,Major Arterial,Toronto and East York,43.673945,-79.41469,,No Control,Clear,Dark,Dry,Fatal,Pedestrian Collisions,Pedestrian,40 to 44,Fatal,42,Unknown,Other,,,,Pedestrian involved in a collision with transit vehicle anywhere along roadway,Playing or Working on Highway,Normal,,,,Yes,,,,,Yes,,Yes,,Yes,,,,96,Casa Loma,96,Casa Loma (96),D13,627795.8597,4836879.7643
6621,6281419,1209440,12/28/2010 10:00:00 AM,1734,STEELES AVE E,SILVER STAR BLVD,,Major Arterial,Scarborough,43.825345,-79.29999,At Intersection,Traffic Signal,Snow,Dark,Wet,Fatal,Pedestrian Collisions,Passenger,70 to 74,None,,,Other,,,,,,,,,,Yes,,Yes,,,,,Yes,,,,,,NSA,NSA,NSA,NSA,NSA,636697.1113,4853878.1314
6622,6281420,1209440,12/28/2010 10:00:00 AM,1734,STEELES AVE E,SILVER STAR BLVD,,Major Arterial,Scarborough,43.825345,-79.29999,At Intersection,Traffic Signal,Snow,Dark,Wet,Fatal,Pedestrian Collisions,Driver,75 to 79,None,,East,"Automobile, Station Wagon",Going Ahead,Driving Properly,Normal,,,,,,,Yes,,Yes,,,,,Yes,,,,,,NSA,NSA,NSA,NSA,NSA,636697.1113,4853878.1314
6623,6281421,1209440,12/28/2010 10:00:00 AM,1734,STEELES AVE E,SILVER STAR BLVD,,Major Arterial,Scarborough,43.825345,-79.29999,At Intersection,Traffic Signal,Snow,Dark,Wet,Fatal,Pedestrian Collisions,Pedestrian,30 to 34,Fatal,43,North,Other,,,,Pedestrian hit at mid-block,"Crossing, no Traffic Control",Unknown,,,,Yes,,Yes,,,,,Yes,,,,,,NSA,NSA,NSA,NSA,NSA,636697.1113,4853878.1314
6624,6238248,1209441,12/28/2010 10:00:00 AM,1750,STEELES AVE E,MIDLAND AVE,,Major Arterial,Scarborough,43.825945,-79.29729,At Intersection,Traffic Signal,Snow,Dark,Wet,Non-Fatal Injury,Pedestrian Collisions,Driver,unknown,None,,North,"Automobile, Station Wagon",Turning Right,Improper Turn,Unknown,,,,,,,Yes,,Yes,,,,,,,,,,,130,Milliken,130,Milliken (130),D42,636912.8477,4853949.2368
6625,6238249,1209441,12/28/2010 10:00:00 AM,1750,STEELES AVE E,MIDLAND AVE,,Major Arterial,Scarborough,43.825945,-79.29729,At Intersection,Traffic Signal,Snow,Dark,Wet,Non-Fatal Injury,Pedestrian Collisions,Pedestrian,30 to 34,Major,,Unknown,Other,,,,Vehicle turns right while ped crosses without ROW at inter.,"Crossing, no Traffic Control",Other,,,,Yes,,Yes,,,,,,,,,,,130,Milliken,130,Milliken (130),D42,636912.8477,4853949.2368
6626,6246145,1219081,12/29/2010 10:00:00 AM,2159,DANFORTH AVE,BOWDEN ST,,Major Arterial,Toronto and East York,43.677043,-79.354587,,No Control,Clear,Dark,Dry,Non-Fatal Injury,Pedestrian Collisions,Pedestrian,60 to 64,Major,,,,,,,Pedestrian hit at mid-block,Person Getting on/off Vehicle,Normal,,,,Yes,,Yes,,,,,,,Yes,,Yes,,67,Playter Estates-Danforth,67,Playter Estates-Danforth (67),D55,632634.1406,4837318.1941
6627,6246146,1219081,12/29/2010 10:00:00 AM,2159,DANFORTH AVE,BOWDEN ST,,Major Arterial,Toronto and East York,43.677043,-79.354587,,No Control,Clear,Dark,Dry,Non-Fatal Injury,Pedestrian Collisions,Vehicle Owner,unknown,,,,Other,,,,,,,,,,Yes,,Yes,,,,,,,Yes,,Yes,,67,Playter Estates-Danforth,67,Playter Estates-Danforth (67),D55,632634.1406,4837318.1941
6628,6246147,1219081,12/29/2010 10:00:00 AM,2159,DANFORTH AVE,BOWDEN ST,,Major Arterial,Toronto and East York,43.677043,-79.354587,,No Control,Clear,Dark,Dry,Non-Fatal Injury,Pedestrian Collisions,Driver,30 to 34,None,,East,"Automobile, Station Wagon",Changing Lanes,Improper Passing,"Ability Impaired, Alcohol",,,,,,,Yes,,Yes,,,,,,,Yes,,Yes,,67,Playter Estates-Danforth,67,Playter Estates-Danforth (67),D55,632634.1406,4837318.1941
6629,6598265,1220521,1/1/2011 10:00:00 AM,328,HIGH PARK AVE,DUNDAS ST W,,Local,Toronto and East York,43.665045,-79.47019,,No Control,Clear,Dark,Wet,Non-Fatal Injury,Pedestrian Collisions,Driver,55 to 59,None,,South,"Automobile, Station Wagon",Going Ahead,Driving Properly,Normal,,,,,,,Yes,,Yes,,,,,,,,,,,90,Junction Area,90,Junction Area (90),D11,623340.0507,4835807.2925
6630,6598266,1220521,1/1/2011 10:00:00 AM,328,HIGH PARK AVE,DUNDAS ST W,,Local,Toronto and East York,43.665045,-79.47019,,No Control,Clear,Dark,Wet,Non-Fatal Injury,Pedestrian Collisions,Pedestrian,25 to 29,Major,,Unknown,Other,,,,Other / Undefined,Other,"Ability Impaired, Alcohol",,,,Yes,,Yes,,,,,,,,,,,90,Junction Area,90,Junction Area (90),D11,623340.0507,4835807.2925
6631,6581555,1210091,1/1/2011 10:00:00 AM,513,SPADINA RD,DUPONT ST,,Major Arterial,Toronto and East York,43.674845,-79.40709,At Intersection,Traffic Signal,Clear,Dark,Wet,Non-Fatal Injury,Cyclist Collisions,Driver,60 to 64,None,,South,"Automobile, Station Wagon",Turning Left,Failed to Yield Right of Way,Normal,,,,,,,,Yes,Yes,,,,,,,Yes,,,,95,Annex,95,Annex (95),D53,628406.6015,4836991.4586
6632,6581556,1210091,1/1/2011 10:00:00 AM,513,SPADINA RD,DUPONT ST,,Major Arterial,Toronto and East York,43.674845,-79.40709,At Intersection,Traffic Signal,Clear,Dark,Wet,Non-Fatal Injury,Cyclist Collisions,Cyclist,20 to 24,Major,,North,Bicycle,Going Ahead,,,,,,Motorist turned left across cyclists path.,Driving Properly,Had Been Drinking,,Yes,Yes,,,,,,,Yes,,,,95,Annex,95,Annex (95),D53,628406.6015,4836991.4586
6633,6581562,1210132,1/2/2011 10:00:00 AM,105,MCCOWAN RD,ELLESMERE RD,,Major Arterial,Scarborough,43.772145,-79.25149,At Intersection,Traffic Signal,Clear,Dark,Dry,Non-Fatal Injury,Turning Movement,Driver,55 to 59,None,,South,"Automobile, Station Wagon",Turning Left,Improper Turn,Normal,,,,,,,,,Yes,Yes,,,,,Yes,Yes,,,,142,Woburn North,137,Woburn (137),D43,640721.8604,4848050.7095
6634,6581563,1210132,1/2/2011 10:00:00 AM,105,MCCOWAN RD,ELLESMERE RD,,Major Arterial,Scarborough,43.772145,-79.25149,At Intersection,Traffic Signal,Clear,Dark,Dry,Non-Fatal Injury,Turning Movement,Motorcycle Driver,20 to 24,Major,,North,Motorcycle,Going Ahead,Exceeding Speed Limit,Normal,,,,,,,,,Yes,Yes,,,,,Yes,Yes,,,,142,Woburn North,137,Woburn (137),D43,640721.8604,4848050.7095
6635,6596190,1219581,1/4/2011 10:00:00 AM,1640,DUFFERIN ST,PRESTON RD,,Major Arterial,Toronto and East York,43.691045,-79.44829,,No Control,Clear,Dusk,Dry,Non-Fatal Injury,Approaching,Driver,60 to 64,Major,,North,"Automobile, Station Wagon",Going Ahead,Driving Properly,Normal,,,,,,,,,Yes,,,,,,,,,,,107,Oakwood Village,107,Oakwood Village (107),D13,625051.7202,4838727.7333
6636,6596191,1219581,1/4/2011 10:00:00 AM,1640,DUFFERIN ST,PRESTON RD,,Major Arterial,Toronto and East York,43.691045,-79.44829,,No Control,Clear,Dusk,Dry,Non-Fatal Injury,Approaching,Driver,30 to 34,None,,South,"Automobile, Station Wagon",Going Ahead,Lost control,Inattentive,,,,,,,,,Yes,,,,,,,,,,,107,Oakwood Village,107,Oakwood Village (107),D13,625051.7202,4838727.7333
6637,6596192,1219581,1/4/2011 10:00:00 AM,1640,DUFFERIN ST,PRESTON RD,,Major Arterial,Toronto and East York,43.691045,-79.44829,,No Control,Clear,Dusk,Dry,Non-Fatal Injury,Approaching,Driver,30 to 34,Minimal,,South,"Automobile, Station Wagon",Going Ahead,Lost control,Inattentive,,,,,,,,,Yes,,,,,,,,,,,107,Oakwood Village,107,Oakwood Village (107),D13,625051.7202,4838727.7333
6638,6596454,1219697,1/5/2011 10:00:00 AM,1007,DUPONT ST,CHRISTIE ST,,Major Arterial,Toronto and East York,43.671645,-79.42149,At Intersection,Traffic Signal,Clear,Daylight,Dry,Non-Fatal Injury,Pedestrian Collisions,Driver,60 to 64,None,,South,"Automobile, Station Wagon",Turning Left,Failed to Yield Right of Way,Normal,,,,,,,Yes,,Yes,,,,,,,Yes,,,,95,Annex,95,Annex (95),D14,627252.55,4836613.8645
6639,6596455,1219697,1/5/2011 10:00:00 AM,1007,DUPONT ST,CHRISTIE ST,,Major Arterial,Toronto and East York,43.671645,-79.42149,At Intersection,Traffic Signal,Clear,Daylight,Dry,Non-Fatal Injury,Pedestrian Collisions,Pedestrian,80 to 84,Major,,North,Other,,,,Vehicle turns left while ped crosses with ROW at inter.,Crossing with right of way,Normal,,,,Yes,,Yes,,,,,,,Yes,,,,95,Annex,95,Annex (95),D14,627252.55,4836613.8645
6640,6596803,1219857,1/5/2011 10:00:00 AM,1639,KENNEDY RD,CARDWELL AVE,,Major Arterial,Scarborough,43.785745,-79.28949,At Intersection,Traffic Signal,Clear,Dark,Wet,Non-Fatal Injury,Pedestrian Collisions,Vehicle Owner,unknown,,,,Other,,,,,,,,,,Yes,,Yes,,,,,,,,,,,118,Tam O'Shanter-Sullivan,118,Tam O'Shanter-Sullivan (118),D42,637632.3386,4849497.3186
6641,6596804,1219857,1/5/2011 10:00:00 AM,1639,KENNEDY RD,CARDWELL AVE,,Major Arterial,Scarborough,43.785745,-79.28949,At Intersection,Traffic Signal,Clear,Dark,Wet,Non-Fatal Injury,Pedestrian Collisions,Driver,20 to 24,None,,North,"Automobile, Station Wagon",Turning Right,Driving Properly,Normal,,,,,,,Yes,,Yes,,,,,,,,,,,118,Tam O'Shanter-Sullivan,118,Tam O'Shanter-Sullivan (118),D42,637632.3386,4849497.3186
6642,6596805,1219857,1/5/2011 10:00:00 AM,1639,KENNEDY RD,CARDWELL AVE,,Major Arterial,Scarborough,43.785745,-79.28949,At Intersection,Traffic Signal,Clear,Dark,Wet,Non-Fatal Injury,Pedestrian Collisions,Pedestrian,75 to 79,Major,,East,Other,,,,Vehicle turns right while ped crosses without ROW at inter.,Crossing without right of way,Normal,,,,Yes,,Yes,,,,,,,,,,,118,Tam O'Shanter-Sullivan,118,Tam O'Shanter-Sullivan (118),D42,637632.3386,4849497.3186
6643,6596467,1219703,1/5/2011 10:00:00 AM,1951,FINCH AVE E,WARDEN AVE,,Major Arterial,Scarborough,43.796945,-79.31499,At Intersection,No Control,Clear,Dark,Wet,Non-Fatal Injury,Rear End,Driver,70 to 74,None,,West,"Automobile, Station Wagon",Going Ahead,Following too Close,Normal,,,,,,,,,Yes,,,,,,,Yes,,,,148,East L'Amoreaux,117,L'Amoreaux (117),D42,635555.1928,4850699.173
6644,6596468,1219703,1/5/2011 10:00:00 AM,1951,FINCH AVE E,WARDEN AVE,,Major Arterial,Scarborough,43.796945,-79.31499,At Intersection,No Control,Clear,Dark,Wet,Non-Fatal Injury,Rear End,Driver,40 to 44,Major,,West,"Automobile, Station Wagon",Stopped,Driving Properly,Normal,,,,,,,,,Yes,,,,,,,Yes,,,,148,East L'Amoreaux,117,L'Amoreaux (117),D42,635555.1928,4850699.173
6645,6597284,1220073,1/6/2011 10:00:00 AM,1415,QUEEN ST W,YORK ST,,Major Arterial,Toronto and East York,43.651045,-79.38579,,No Control,Snow,Daylight,Wet,Non-Fatal Injury,Pedestrian Collisions,Pedestrian,20 to 24,Major,,South,Other,,,,Pedestrian involved in a collision with transit vehicle anywhere along roadway,Walking on Roadway Against Traffic,"Ability Impaired, Alcohol",,,,Yes,,,,,Yes,,,,,,,,170,Yonge-Bay Corridor,76,Bay Street Corridor (76),D52,630175.0697,4834381.3454
6646,6597285,1220073,1/6/2011 10:00:00 AM,1415,QUEEN ST W,YORK ST,,Major Arterial,Toronto and East York,43.651045,-79.38579,,No Control,Snow,Daylight,Wet,Non-Fatal Injury,Pedestrian Collisions,Vehicle Owner,unknown,,,,Other,,,,,,,,,,Yes,,,,,Yes,,,,,,,,170,Yonge-Bay Corridor,76,Bay Street Corridor (76),D52,630175.0697,4834381.3454
6647,6597286,1220073,1/6/2011 10:00:00 AM,1415,QUEEN ST W,YORK ST,,Major Arterial,Toronto and East York,43.651045,-79.38579,,No Control,Snow,Daylight,Wet,Non-Fatal Injury,Pedestrian Collisions,Driver,40 to 44,None,,West,Municipal Transit Bus (TTC),Going Ahead,Driving Properly,Unknown,,,,,,,Yes,,,,,Yes,,,,,,,,170,Yonge-Bay Corridor,76,Bay Street Corridor (76),D52,630175.0697,4834381.3454
6648,6597409,1220130,1/6/2011 10:00:00 AM,2030,ELLESMERE RD,GANDER DR,,Major Arterial,Scarborough,43.777545,-79.22659,,Traffic Signal,Snow,Dark,Loose Snow,Non-Fatal Injury,Sideswipe,Driver,40 to 44,None,,East,"Automobile, Station Wagon",Going Ahead,Lost control,Normal,,,,,,,,,Yes,,,,,Yes,,,,,,141,Golfdale-Cedarbrae-Woburn,137,Woburn (137),D43,642713.0148,4848693.0868
6649,6597410,1220130,1/6/2011 10:00:00 AM,2030,ELLESMERE RD,GANDER DR,,Major Arterial,Scarborough,43.777545,-79.22659,,Traffic Signal,Snow,Dark,Loose Snow,Non-Fatal Injury,Sideswipe,Passenger,50 to 54,Major,,,Other,,,,,,,,,,,,Yes,,,,,Yes,,,,,,141,Golfdale-Cedarbrae-Woburn,137,Woburn (137),D43,642713.0148,4848693.0868
6650,6597411,1220130,1/6/2011 10:00:00 AM,2030,ELLESMERE RD,GANDER DR,,Major Arterial,Scarborough,43.777545,-79.22659,,Traffic Signal,Snow,Dark,Loose Snow,Non-Fatal Injury,Sideswipe,Passenger,50 to 54,Major,,,Other,,,,,,,,,,,,Yes,,,,,Yes,,,,,,141,Golfdale-Cedarbrae-Woburn,137,Woburn (137),D43,642713.0148,4848693.0868
6651,6597412,1220130,1/6/2011 10:00:00 AM,2030,ELLESMERE RD,GANDER DR,,Major Arterial,Scarborough,43.777545,-79.22659,,Traffic Signal,Snow,Dark,Loose Snow,Non-Fatal Injury,Sideswipe,Driver,50 to 54,Minimal,,East,"Automobile, Station Wagon",Going Ahead,Driving Properly,Normal,,,,,,,,,Yes,,,,,Yes,,,,,,141,Golfdale-Cedarbrae-Woburn,137,Woburn (137),D43,642713.0148,4848693.0868
6652,6582358,1211140,1/7/2011 10:00:00 AM,1430,BATHURST ST,PORTUGAL SQ,,Major Arterial,Toronto and East York,43.645503,-79.403354,,No Control,Clear,Daylight,Wet,Non-Fatal Injury,Pedestrian Collisions,Driver,50 to 54,None,,North,"Automobile, Station Wagon",Turning Left,Failed to Yield Right of Way,Normal,,,,,,,Yes,,Yes,,,,,,,Yes,,,,164,Wellington Place,77,Waterfront Communities-The Island (77),D14,628770.4799,4833738.4314
6653,6582359,1211140,1/7/2011 10:00:00 AM,1430,BATHURST ST,PORTUGAL SQ,,Major Arterial,Toronto and East York,43.645503,-79.403354,,No Control,Clear,Daylight,Wet,Non-Fatal Injury,Pedestrian Collisions,Wheelchair,50 to 54,Major,,North,Other,,,,Vehicle turns left while ped crosses with ROW at inter.,Crossing with right of way,Normal,,,,Yes,,Yes,,,,,,,Yes,,,,164,Wellington Place,77,Waterfront Communities-The Island (77),D14,628770.4799,4833738.4314
6654,6582385,1211163,1/7/2011 10:00:00 AM,1900,FINCH AVE W,YORK GATE BLVD,,Major Arterial,Etobicoke York,43.756945,-79.51979,At Intersection,No Control,Clear,Dark,Dry,Non-Fatal Injury,Pedestrian Collisions,Driver,35 to 39,None,,West,"Automobile, Station Wagon",Going Ahead,Driving Properly,Normal,,,,,,,Yes,,Yes,,,,,,,,,,,25,Glenfield-Jane Heights,24,Black Creek (24),D31,619158.7915,4845941.519
6655,6582386,1211163,1/7/2011 10:00:00 AM,1900,FINCH AVE W,YORK GATE BLVD,,Major Arterial,Etobicoke York,43.756945,-79.51979,At Intersection,No Control,Clear,Dark,Dry,Non-Fatal Injury,Pedestrian Collisions,Pedestrian,45 to 49,Major,,North,Other,,,,Pedestrian hit at mid-block,"Crossing, no Traffic Control",Had Been Drinking,,,,Yes,,Yes,,,,,,,,,,,25,Glenfield-Jane Heights,24,Black Creek (24),D31,619158.7915,4845941.519
6656,6804269,1211679,1/10/2011 10:00:00 AM,837,VICTORIA PARK AVE,SLOANE AVE,,Major Arterial,North York,43.738845,-79.30849,,No Control,Clear,Daylight,Wet,Non-Fatal Injury,Rear End,Driver,40 to 44,None,,South,"Automobile, Station Wagon",Going Ahead,Speed too Fast For Condition,Inattentive,,,,,,,,,Yes,,,Yes,,Yes,Yes,Yes,,,,43,Victoria Village,43,Victoria Village (43),D33,636209.9265,4844256.9399
6657,6804270,1211679,1/10/2011 10:00:00 AM,837,VICTORIA PARK AVE,SLOANE AVE,,Major Arterial,North York,43.738845,-79.30849,,No Control,Clear,Daylight,Wet,Non-Fatal Injury,Rear End,Passenger,10 to 14,Major,,,Other,,,,,,,,,,,,Yes,,,Yes,,Yes,Yes,Yes,,,,43,Victoria Village,43,Victoria Village (43),D33,636209.9265,4844256.9399
6658,6804271,1211679,1/10/2011 10:00:00 AM,837,VICTORIA PARK AVE,SLOANE AVE,,Major Arterial,North York,43.738845,-79.30849,,No Control,Clear,Daylight,Wet,Non-Fatal Injury,Rear End,Vehicle Owner,unknown,,,,Other,,,,,,,,,,,,Yes,,,Yes,,Yes,Yes,Yes,,,,43,Victoria Village,43,Victoria Village (43),D33,636209.9265,4844256.9399
6659,6804272,1211679,1/10/2011 10:00:00 AM,837,VICTORIA PARK AVE,SLOANE AVE,,Major Arterial,North York,43.738845,-79.30849,,No Control,Clear,Daylight,Wet,Non-Fatal Injury,Rear End,Driver,25 to 29,None,,South,Municipal Transit Bus (TTC),Stopped,Driving Properly,Normal,,,,,,,,,Yes,,,Yes,,Yes,Yes,Yes,,,,43,Victoria Village,43,Victoria Village (43),D33,636209.9265,4844256.9399