OBJECTID,INDEX,ACCNUM,DATE,TIME,STREET1,STREET2,OFFSET,ROAD_CLASS,DISTRICT,LATITUDE,LONGITUDE,ACCLOC,TRAFFCTL,VISIBILITY,LIGHT,RDSFCOND,ACCLASS,IMPACTYPE,INVTYPE,INVAGE,INJURY,FATAL_NO,INITDIR,VEHTYPE,MANOEUVER,DRIVACT,DRIVCOND,PEDTYPE,PEDACT,PEDCOND,CYCLISTYPE,CYCACT,CYCCOND,PEDESTRIAN,CYCLIST,AUTOMOBILE,MOTORCYCLE,TRUCK,TRSN_CITY_VEH,EMERG_VEH,PASSENGER,SPEEDING,AG_DRIV,REDLIGHT,ALCOHOL,DISABILITY,HOOD_158,NEIGHBOURHOOD_158,HOOD_140,NEIGHBOURHOOD_140,DIVISION,x,y
6660,6599219,1220905,1/10/2011 10:00:00 AM,1232,SHEPPARD AVE W,BEECROFT RD,,Major Arterial,North York,43.761045,-79.41319,,Traffic Signal,Clear,Daylight,Dry,Non-Fatal Injury,Pedestrian Collisions,Vehicle Owner,unknown,,,,Other,,,,,,,,,,Yes,,Yes,,,,,,,Yes,,,,38,Lansing-Westgate,38,Lansing-Westgate (38),D32,627731.5764,4846555.7719
6661,6599220,1220905,1/10/2011 10:00:00 AM,1232,SHEPPARD AVE W,BEECROFT RD,,Major Arterial,North York,43.761045,-79.41319,,Traffic Signal,Clear,Daylight,Dry,Non-Fatal Injury,Pedestrian Collisions,Driver,45 to 49,None,,South,"Automobile, Station Wagon",Turning Right,Failed to Yield Right of Way,Normal,,,,,,,Yes,,Yes,,,,,,,Yes,,,,38,Lansing-Westgate,38,Lansing-Westgate (38),D32,627731.5764,4846555.7719
6662,6599221,1220905,1/10/2011 10:00:00 AM,1232,SHEPPARD AVE W,BEECROFT RD,,Major Arterial,North York,43.761045,-79.41319,,Traffic Signal,Clear,Daylight,Dry,Non-Fatal Injury,Pedestrian Collisions,Pedestrian,65 to 69,Major,,East,Other,,,,Vehicle turns right while ped crosses with ROW at inter.,Crossing with right of way,Normal,,,,Yes,,Yes,,,,,,,Yes,,,,38,Lansing-Westgate,38,Lansing-Westgate (38),D32,627731.5764,4846555.7719
6663,6608882,1225333,1/11/2011 10:00:00 AM,615,EGLINTON AVE E,IONVIEW RD,,Major Arterial,Scarborough,43.731445,-79.27119,At Intersection,Traffic Signal,Clear,Dawn,Wet,Non-Fatal Injury,Rear End,Driver,40 to 44,Minor,,West,"Automobile, Station Wagon",Stopped,Driving Properly,Normal,,,,,,,,,Yes,,,,,Yes,,Yes,,,,125,Ionview,125,Ionview (125),D41,639230.7167,4843497.0611
6664,6608883,1225333,1/11/2011 10:00:00 AM,615,EGLINTON AVE E,IONVIEW RD,,Major Arterial,Scarborough,43.731445,-79.27119,At Intersection,Traffic Signal,Clear,Dawn,Wet,Non-Fatal Injury,Rear End,Passenger,30 to 34,Major,,,Other,,,,,,,,,,,,Yes,,,,,Yes,,Yes,,,,125,Ionview,125,Ionview (125),D41,639230.7167,4843497.0611
6665,6608884,1225333,1/11/2011 10:00:00 AM,615,EGLINTON AVE E,IONVIEW RD,,Major Arterial,Scarborough,43.731445,-79.27119,At Intersection,Traffic Signal,Clear,Dawn,Wet,Non-Fatal Injury,Rear End,Vehicle Owner,unknown,,,,Other,,,,,,,,,,,,Yes,,,,,Yes,,Yes,,,,125,Ionview,125,Ionview (125),D41,639230.7167,4843497.0611
6666,6608885,1225333,1/11/2011 10:00:00 AM,615,EGLINTON AVE E,IONVIEW RD,,Major Arterial,Scarborough,43.731445,-79.27119,At Intersection,Traffic Signal,Clear,Dawn,Wet,Non-Fatal Injury,Rear End,Driver,40 to 44,Minimal,,West,"Automobile, Station Wagon",Going Ahead,Following too Close,Normal,,,,,,,,,Yes,,,,,Yes,,Yes,,,,125,Ionview,125,Ionview (125),D41,639230.7167,4843497.0611
6667,6583562,1212031,1/11/2011 10:00:00 AM,1023,QUEEN ST W,BATHURST ST,,Major Arterial,Toronto and East York,43.647245,-79.40389,At Intersection,No Control,Clear,Daylight,Wet,Fatal,Pedestrian Collisions,Pedestrian,unknown,Fatal,1,North,Other,,,,Pedestrian involved in a collision with transit vehicle anywhere along roadway,"Crossing, no Traffic Control",Unknown,,,,Yes,,,,,Yes,,,,,,,,78,Kensington-Chinatown,78,Kensington-Chinatown (78),D14,628723.5298,4833931.0716
6668,6583563,1212031,1/11/2011 10:00:00 AM,1023,QUEEN ST W,BATHURST ST,,Major Arterial,Toronto and East York,43.647245,-79.40389,At Intersection,No Control,Clear,Daylight,Wet,Fatal,Pedestrian Collisions,Vehicle Owner,unknown,,,,Other,,,,,,,,,,Yes,,,,,Yes,,,,,,,,78,Kensington-Chinatown,78,Kensington-Chinatown (78),D14,628723.5298,4833931.0716
6669,6583564,1212031,1/11/2011 10:00:00 AM,1023,QUEEN ST W,BATHURST ST,,Major Arterial,Toronto and East York,43.647245,-79.40389,At Intersection,No Control,Clear,Daylight,Wet,Fatal,Pedestrian Collisions,Driver,50 to 54,None,,West,Municipal Transit Bus (TTC),Going Ahead,Driving Properly,Normal,,,,,,,Yes,,,,,Yes,,,,,,,,78,Kensington-Chinatown,78,Kensington-Chinatown (78),D14,628723.5298,4833931.0716
6670,6599489,1221014,1/11/2011 10:00:00 AM,1140,DUNDAS ST W,BAY ST,,Major Arterial,Toronto and East York,43.655745,-79.38379,At Intersection,Traffic Signal,Clear,Daylight,Dry,Non-Fatal Injury,Pedestrian Collisions,Passenger,30 to 34,Minor,,,Other,,,,,,,,,,Yes,,Yes,,,,,Yes,,Yes,,,,170,Yonge-Bay Corridor,76,Bay Street Corridor (76),D52,630326.1909,4834906.4816
6671,6599490,1221014,1/11/2011 10:00:00 AM,1140,DUNDAS ST W,BAY ST,,Major Arterial,Toronto and East York,43.655745,-79.38379,At Intersection,Traffic Signal,Clear,Daylight,Dry,Non-Fatal Injury,Pedestrian Collisions,Driver,25 to 29,None,,West,"Automobile, Station Wagon",Going Ahead,Driving Properly,Inattentive,,,,,,,Yes,,Yes,,,,,Yes,,Yes,,,,170,Yonge-Bay Corridor,76,Bay Street Corridor (76),D52,630326.1909,4834906.4816
6672,6599491,1221014,1/11/2011 10:00:00 AM,1140,DUNDAS ST W,BAY ST,,Major Arterial,Toronto and East York,43.655745,-79.38379,At Intersection,Traffic Signal,Clear,Daylight,Dry,Non-Fatal Injury,Pedestrian Collisions,Driver,40 to 44,Minimal,,East,"Automobile, Station Wagon",Turning Left,Failed to Yield Right of Way,Inattentive,,,,,,,Yes,,Yes,,,,,Yes,,Yes,,,,170,Yonge-Bay Corridor,76,Bay Street Corridor (76),D52,630326.1909,4834906.4816
6673,6599492,1221014,1/11/2011 10:00:00 AM,1140,DUNDAS ST W,BAY ST,,Major Arterial,Toronto and East York,43.655745,-79.38379,At Intersection,Traffic Signal,Clear,Daylight,Dry,Non-Fatal Injury,Pedestrian Collisions,Other Property Owner,unknown,,,,Other,,,,,,,,,,Yes,,Yes,,,,,Yes,,Yes,,,,170,Yonge-Bay Corridor,76,Bay Street Corridor (76),D52,630326.1909,4834906.4816
6674,6599493,1221014,1/11/2011 10:00:00 AM,1140,DUNDAS ST W,BAY ST,,Major Arterial,Toronto and East York,43.655745,-79.38379,At Intersection,Traffic Signal,Clear,Daylight,Dry,Non-Fatal Injury,Pedestrian Collisions,Pedestrian,65 to 69,Major,,East,Other,,,,Pedestrian hit on sidewalk or shoulder,On Sidewalk or Shoulder,Normal,,,,Yes,,Yes,,,,,Yes,,Yes,,,,170,Yonge-Bay Corridor,76,Bay Street Corridor (76),D52,630326.1909,4834906.4816
6675,6599837,1221155,1/11/2011 10:00:00 AM,1956,QUEEN ST W,RYERSON AVE,,Major Arterial,Toronto and East York,43.647545,-79.40219,,No Control,Snow,Dark,Loose Snow,Non-Fatal Injury,Pedestrian Collisions,Truck Driver,40 to 44,None,,West,Truck - Open,Going Ahead,Other,"Ability Impaired, Alcohol Over .08",,,,,,,Yes,,,,Yes,,,,,,,Yes,,164,Wellington Place,77,Waterfront Communities-The Island (77),D14,628859.9918,4833967.0288
6676,6599838,1221155,1/11/2011 10:00:00 AM,1956,QUEEN ST W,RYERSON AVE,,Major Arterial,Toronto and East York,43.647545,-79.40219,,No Control,Snow,Dark,Loose Snow,Non-Fatal Injury,Pedestrian Collisions,Vehicle Owner,unknown,,,,Other,,,,,,,,,,Yes,,,,Yes,,,,,,,Yes,,164,Wellington Place,77,Waterfront Communities-The Island (77),D14,628859.9918,4833967.0288
6677,6599839,1221155,1/11/2011 10:00:00 AM,1956,QUEEN ST W,RYERSON AVE,,Major Arterial,Toronto and East York,43.647545,-79.40219,,No Control,Snow,Dark,Loose Snow,Non-Fatal Injury,Pedestrian Collisions,Pedestrian,55 to 59,Major,,Unknown,Other,,,,Pedestrian hit at mid-block,Person Getting on/off Vehicle,Normal,,,,Yes,,,,Yes,,,,,,,Yes,,164,Wellington Place,77,Waterfront Communities-The Island (77),D14,628859.9918,4833967.0288
6678,6599776,1221131,1/12/2011 10:00:00 AM,334,AVENUE RD,LAWRENCE AVE W,,Major Arterial,North York,43.722245,-79.41559,At Intersection,Traffic Signal,Snow,Dark,Packed Snow,Non-Fatal Injury,Angle,Passenger,35 to 39,Minimal,,,Other,,,,,,,,,,,,Yes,,,Yes,,Yes,,Yes,Yes,,,39,Bedford Park-Nortown,39,Bedford Park-Nortown (39),D53,627620.798,4842242.7638
6679,6599777,1221131,1/12/2011 10:00:00 AM,334,AVENUE RD,LAWRENCE AVE W,,Major Arterial,North York,43.722245,-79.41559,At Intersection,Traffic Signal,Snow,Dark,Packed Snow,Non-Fatal Injury,Angle,Vehicle Owner,unknown,,,,Other,,,,,,,,,,,,Yes,,,Yes,,Yes,,Yes,Yes,,,39,Bedford Park-Nortown,39,Bedford Park-Nortown (39),D53,627620.798,4842242.7638
6680,6599778,1221131,1/12/2011 10:00:00 AM,334,AVENUE RD,LAWRENCE AVE W,,Major Arterial,North York,43.722245,-79.41559,At Intersection,Traffic Signal,Snow,Dark,Packed Snow,Non-Fatal Injury,Angle,Driver,25 to 29,Major,,North,"Automobile, Station Wagon",Going Ahead,Driving Properly,Normal,,,,,,,,,Yes,,,Yes,,Yes,,Yes,Yes,,,39,Bedford Park-Nortown,39,Bedford Park-Nortown (39),D53,627620.798,4842242.7638
6681,6599779,1221131,1/12/2011 10:00:00 AM,334,AVENUE RD,LAWRENCE AVE W,,Major Arterial,North York,43.722245,-79.41559,At Intersection,Traffic Signal,Snow,Dark,Packed Snow,Non-Fatal Injury,Angle,Vehicle Owner,unknown,,,,Other,,,,,,,,,,,,Yes,,,Yes,,Yes,,Yes,Yes,,,39,Bedford Park-Nortown,39,Bedford Park-Nortown (39),D53,627620.798,4842242.7638
6682,6599780,1221131,1/12/2011 10:00:00 AM,334,AVENUE RD,LAWRENCE AVE W,,Major Arterial,North York,43.722245,-79.41559,At Intersection,Traffic Signal,Snow,Dark,Packed Snow,Non-Fatal Injury,Angle,Driver,45 to 49,None,,East,Municipal Transit Bus (TTC),Going Ahead,Disobeyed Traffic Control,Normal,,,,,,,,,Yes,,,Yes,,Yes,,Yes,Yes,,,39,Bedford Park-Nortown,39,Bedford Park-Nortown (39),D53,627620.798,4842242.7638
6683,6599985,1221211,1/13/2011 10:00:00 AM,656,HUMBER BLVD,ALLIANCE AVE,,Collector,Etobicoke York,43.678744,-79.483386,,Pedestrian Crossover,Clear,Dark,Wet,Non-Fatal Injury,Pedestrian Collisions,Driver,60 to 64,None,,South,"Automobile, Station Wagon",Going Ahead,Disobeyed Traffic Control,Inattentive,,,,,,,Yes,,Yes,,,,,,,Yes,,,,111,Rockcliffe-Smythe,111,Rockcliffe-Smythe (111),D12,622248.3054,4837309.2144
6684,6599986,1221211,1/13/2011 10:00:00 AM,656,HUMBER BLVD,ALLIANCE AVE,,Collector,Etobicoke York,43.678744,-79.483386,,Pedestrian Crossover,Clear,Dark,Wet,Non-Fatal Injury,Pedestrian Collisions,Pedestrian,30 to 34,Major,,West,Other,,,,Pedestrian hit a PXO/ped. Mid-block signal,"Crossing, Pedestrian Crossover",Normal,,,,Yes,,Yes,,,,,,,Yes,,,,111,Rockcliffe-Smythe,111,Rockcliffe-Smythe (111),D12,622248.3054,4837309.2144
6685,6584745,1212862,1/15/2011 10:00:00 AM,1025,EGLINTON AVE W,RENFORTH DR,,Minor Arterial,Etobicoke York,43.665545,-79.58619,,No Control,Snow,Daylight,Slush,Non-Fatal Injury,SMV Other,Passenger,15 to 19,Minor,,,Other,,,,,,,,,,,,Yes,,,,,Yes,Yes,Yes,,,,11,Eringate-Centennial-West Deane,11,Eringate-Centennial-West Deane (11),D22,613986.5988,4835696.9113
6686,6584746,1212862,1/15/2011 10:00:00 AM,1025,EGLINTON AVE W,RENFORTH DR,,Minor Arterial,Etobicoke York,43.665545,-79.58619,,No Control,Snow,Daylight,Slush,Non-Fatal Injury,SMV Other,Driver,45 to 49,Major,,East,"Automobile, Station Wagon",Going Ahead,Speed too Fast For Condition,Normal,,,,,,,,,Yes,,,,,Yes,Yes,Yes,,,,11,Eringate-Centennial-West Deane,11,Eringate-Centennial-West Deane (11),D22,613986.5988,4835696.9113
6687,6603687,1222965,1/16/2011 10:00:00 AM,2005,ST CLAIR AVE W,GUNNS RD,,Major Arterial,Etobicoke York,43.671745,-79.47109,At Intersection,Traffic Signal,Clear,Dark,Dry,Non-Fatal Injury,Rear End,Driver,70 to 74,Major,,West,"Automobile, Station Wagon",Going Ahead,Driving Properly,Normal,,,,,,,,,Yes,,,,,,Yes,Yes,,,,90,Junction Area,90,Junction Area (90),D11,623253.7742,4836550.0784
6688,6603688,1222965,1/16/2011 10:00:00 AM,2005,ST CLAIR AVE W,GUNNS RD,,Major Arterial,Etobicoke York,43.671745,-79.47109,At Intersection,Traffic Signal,Clear,Dark,Dry,Non-Fatal Injury,Rear End,Driver,55 to 59,None,,West,"Automobile, Station Wagon",Going Ahead,Speed too Fast For Condition,Inattentive,,,,,,,,,Yes,,,,,,Yes,Yes,,,,90,Junction Area,90,Junction Area (90),D11,623253.7742,4836550.0784
6689,6606188,1224139,1/19/2011 10:00:00 AM,1351,O CONNOR DR,WOODBINE AVE,,Major Arterial,Toronto and East York,43.700148,-79.319026,At Intersection,Traffic Signal,Snow,Daylight,Wet,Non-Fatal Injury,Pedestrian Collisions,Driver,65 to 69,None,,West,"Automobile, Station Wagon",Going Ahead,Disobeyed Traffic Control,Inattentive,,,,,,,Yes,,Yes,,,,,,,Yes,Yes,,,60,Woodbine-Lumsden,60,Woodbine-Lumsden (60),D55,635448.6706,4839941.8079
6690,6606189,1224139,1/19/2011 10:00:00 AM,1351,O CONNOR DR,WOODBINE AVE,,Major Arterial,Toronto and East York,43.700148,-79.319026,At Intersection,Traffic Signal,Snow,Daylight,Wet,Non-Fatal Injury,Pedestrian Collisions,Pedestrian,50 to 54,Major,,South,Other,,,,Vehicle is going straight thru inter.while ped cross with ROW,Crossing with right of way,Normal,,,,Yes,,Yes,,,,,,,Yes,Yes,,,60,Woodbine-Lumsden,60,Woodbine-Lumsden (60),D55,635448.6706,4839941.8079
6691,6605736,1223946,1/19/2011 10:00:00 AM,1545,WESTON RD,AVON CRES,,Major Arterial,Etobicoke York,43.681045,-79.47619,At Intersection,Stop Sign,Clear,Daylight,Dry,Non-Fatal Injury,Pedestrian Collisions,Pedestrian,45 to 49,Major,,North,Other,,,,Other / Undefined,Walking on Roadway with Traffic,Inattentive,,,,Yes,,Yes,,,,,,,,,,,111,Rockcliffe-Smythe,111,Rockcliffe-Smythe (111),D12,622823.6568,4837575.4025
6692,6605737,1223946,1/19/2011 10:00:00 AM,1545,WESTON RD,AVON CRES,,Major Arterial,Etobicoke York,43.681045,-79.47619,At Intersection,Stop Sign,Clear,Daylight,Dry,Non-Fatal Injury,Pedestrian Collisions,Driver,35 to 39,None,,East,"Automobile, Station Wagon",Turning Left,Driving Properly,Normal,,,,,,,Yes,,Yes,,,,,,,,,,,111,Rockcliffe-Smythe,111,Rockcliffe-Smythe (111),D12,622823.6568,4837575.4025
6693,6606087,1224097,1/19/2011 10:00:00 AM,1930,LAWRENCE AVE W,BROOKHAVEN DR,,Major Arterial,Etobicoke York,43.704345,-79.49669,At Intersection,Traffic Signal,Rain,Dark,Wet,Non-Fatal Injury,Rear End,Passenger,25 to 29,Major,,,Other,,,,,,,,,,,,Yes,,,,,Yes,,Yes,,,,30,Brookhaven-Amesbury,30,Brookhaven-Amesbury (30),D12,621124.3675,4840133.0304
6694,6606088,1224097,1/19/2011 10:00:00 AM,1930,LAWRENCE AVE W,BROOKHAVEN DR,,Major Arterial,Etobicoke York,43.704345,-79.49669,At Intersection,Traffic Signal,Rain,Dark,Wet,Non-Fatal Injury,Rear End,Driver,35 to 39,Minor,,East,"Automobile, Station Wagon",Stopped,Driving Properly,Normal,,,,,,,,,Yes,,,,,Yes,,Yes,,,,30,Brookhaven-Amesbury,30,Brookhaven-Amesbury (30),D12,621124.3675,4840133.0304
6695,6606089,1224097,1/19/2011 10:00:00 AM,1930,LAWRENCE AVE W,BROOKHAVEN DR,,Major Arterial,Etobicoke York,43.704345,-79.49669,At Intersection,Traffic Signal,Rain,Dark,Wet,Non-Fatal Injury,Rear End,Driver,15 to 19,None,,East,"Automobile, Station Wagon",Slowing or Stopping,Following too Close,Normal,,,,,,,,,Yes,,,,,Yes,,Yes,,,,30,Brookhaven-Amesbury,30,Brookhaven-Amesbury (30),D12,621124.3675,4840133.0304
6696,6606959,1224469,1/20/2011 10:00:00 AM,1555,STEELES AVE E,GORDON MURISON LANE,,Minor Arterial,Scarborough,43.850945,-79.18899,,No Control,Clear,Daylight,Wet,Non-Fatal Injury,Rear End,Passenger,60 to 64,Major,,,Other,,,,,,,,,,,,Yes,,,,,Yes,Yes,Yes,,,,144,Morningside Heights,131,Rouge (131),D42,645560.4108,4856910.8756
6697,6606960,1224469,1/20/2011 10:00:00 AM,1555,STEELES AVE E,GORDON MURISON LANE,,Minor Arterial,Scarborough,43.850945,-79.18899,,No Control,Clear,Daylight,Wet,Non-Fatal Injury,Rear End,Driver,55 to 59,None,,West,"Automobile, Station Wagon",Going Ahead,Speed too Fast For Condition,Normal,,,,,,,,,Yes,,,,,Yes,Yes,Yes,,,,144,Morningside Heights,131,Rouge (131),D42,645560.4108,4856910.8756
6698,6606961,1224469,1/20/2011 10:00:00 AM,1555,STEELES AVE E,GORDON MURISON LANE,,Minor Arterial,Scarborough,43.850945,-79.18899,,No Control,Clear,Daylight,Wet,Non-Fatal Injury,Rear End,Driver,50 to 54,None,,West,"Automobile, Station Wagon",Stopped,Driving Properly,Normal,,,,,,,,,Yes,,,,,Yes,Yes,Yes,,,,144,Morningside Heights,131,Rouge (131),D42,645560.4108,4856910.8756
6699,6586494,1213866,1/21/2011 10:00:00 AM,519,DUFFERIN ST,NORTON AVE W,,Major Arterial,Toronto and East York,43.678645,-79.44329,,No Control,Snow,Dark,Slush,Fatal,Pedestrian Collisions,Vehicle Owner,unknown,,,,Other,,,,,,,,,,Yes,,,,,Yes,,,,,,,,92,Corso Italia-Davenport,92,Corso Italia-Davenport (92),D13,625480.5225,4837358.0972
6700,6586495,1213866,1/21/2011 10:00:00 AM,519,DUFFERIN ST,NORTON AVE W,,Major Arterial,Toronto and East York,43.678645,-79.44329,,No Control,Snow,Dark,Slush,Fatal,Pedestrian Collisions,Driver,55 to 59,None,,South,Municipal Transit Bus (TTC),Stopped,Driving Properly,Normal,,,,,,,Yes,,,,,Yes,,,,,,,,92,Corso Italia-Davenport,92,Corso Italia-Davenport (92),D13,625480.5225,4837358.0972
6701,6586496,1213866,1/21/2011 10:00:00 AM,519,DUFFERIN ST,NORTON AVE W,,Major Arterial,Toronto and East York,43.678645,-79.44329,,No Control,Snow,Dark,Slush,Fatal,Pedestrian Collisions,Pedestrian,55 to 59,Fatal,2,Unknown,Other,,,,Pedestrian involved in a collision with transit vehicle anywhere along roadway,Person Getting on/off Vehicle,Unknown,,,,Yes,,,,,Yes,,,,,,,,92,Corso Italia-Davenport,92,Corso Italia-Davenport (92),D13,625480.5225,4837358.0972
6702,6608167,1225017,1/21/2011 10:00:00 AM,1150,DUNDAS ST W,BAY ST,,Major Arterial,Toronto and East York,43.655845,-79.38299,,No Control,Clear,Daylight,Wet,Non-Fatal Injury,Cyclist Collisions,Driver,40 to 44,None,,East,"Automobile, Station Wagon",Changing Lanes,Improper Lane Change,Inattentive,,,,,,,,Yes,Yes,,,,,,,,,,,170,Yonge-Bay Corridor,76,Bay Street Corridor (76),D52,630390.4846,4834918.8448
6703,6608168,1225017,1/21/2011 10:00:00 AM,1150,DUNDAS ST W,BAY ST,,Major Arterial,Toronto and East York,43.655845,-79.38299,,No Control,Clear,Daylight,Wet,Non-Fatal Injury,Cyclist Collisions,Cyclist,20 to 24,Major,,East,Bicycle,Overtaking,,,,,,Cyclist and Driver travelling in same direction. One vehicle sideswipes the other.,Driving Properly,Normal,,Yes,Yes,,,,,,,,,,,170,Yonge-Bay Corridor,76,Bay Street Corridor (76),D52,630390.4846,4834918.8448
6704,6587071,1214196,1/22/2011 10:00:00 AM,319,F G GARDINER XY Expr E,JAMESON AVE,,,Toronto and East York,43.632445,-79.43279,,No Control,Clear,Dark,Dry,Non-Fatal Injury,Rear End,Vehicle Owner,unknown,,,,Other,,,,,,,,,,,,Yes,,,,,,,,,Yes,,85,South Parkdale,85,South Parkdale (85),D14,626423.8076,4832242.9218
6705,6587072,1214196,1/22/2011 10:00:00 AM,319,F G GARDINER XY Expr E,JAMESON AVE,,,Toronto and East York,43.632445,-79.43279,,No Control,Clear,Dark,Dry,Non-Fatal Injury,Rear End,Driver,45 to 49,Major,,East,"Automobile, Station Wagon",Going Ahead,Lost control,"Ability Impaired, Alcohol",,,,,,,,,Yes,,,,,,,,,Yes,,85,South Parkdale,85,South Parkdale (85),D14,626423.8076,4832242.9218
6706,6587073,1214196,1/22/2011 10:00:00 AM,319,F G GARDINER XY Expr E,JAMESON AVE,,,Toronto and East York,43.632445,-79.43279,,No Control,Clear,Dark,Dry,Non-Fatal Injury,Rear End,Vehicle Owner,unknown,,,,Other,,,,,,,,,,,,Yes,,,,,,,,,Yes,,85,South Parkdale,85,South Parkdale (85),D14,626423.8076,4832242.9218
6707,6587074,1214196,1/22/2011 10:00:00 AM,319,F G GARDINER XY Expr E,JAMESON AVE,,,Toronto and East York,43.632445,-79.43279,,No Control,Clear,Dark,Dry,Non-Fatal Injury,Rear End,Driver,55 to 59,Minor,,East,Other,Stopped,Driving Properly,Normal,,,,,,,,,Yes,,,,,,,,,Yes,,85,South Parkdale,85,South Parkdale (85),D14,626423.8076,4832242.9218
6708,6587075,1214196,1/22/2011 10:00:00 AM,319,F G GARDINER XY Expr E,JAMESON AVE,,,Toronto and East York,43.632445,-79.43279,,No Control,Clear,Dark,Dry,Non-Fatal Injury,Rear End,Vehicle Owner,unknown,,,,Other,,,,,,,,,,,,Yes,,,,,,,,,Yes,,85,South Parkdale,85,South Parkdale (85),D14,626423.8076,4832242.9218
6709,6587076,1214196,1/22/2011 10:00:00 AM,319,F G GARDINER XY Expr E,JAMESON AVE,,,Toronto and East York,43.632445,-79.43279,,No Control,Clear,Dark,Dry,Non-Fatal Injury,Rear End,Driver,40 to 44,Minor,,East,Other,Stopped,Driving Properly,Normal,,,,,,,,,Yes,,,,,,,,,Yes,,85,South Parkdale,85,South Parkdale (85),D14,626423.8076,4832242.9218
6710,6607983,1224952,1/22/2011 10:00:00 AM,1545,BATHURST ST,DUPONT ST,,Major Arterial,Toronto and East York,43.673145,-79.41439,At Intersection,Traffic Signal,Snow,Daylight,Loose Snow,Non-Fatal Injury,Turning Movement,Driver,60 to 64,None,,East,"Automobile, Station Wagon",Turning Left,Failed to Yield Right of Way,Normal,,,,,,,,,Yes,,,,,,,Yes,,,,95,Annex,95,Annex (95),D14,627821.7421,4836791.3758
6711,6607984,1224952,1/22/2011 10:00:00 AM,1545,BATHURST ST,DUPONT ST,,Major Arterial,Toronto and East York,43.673145,-79.41439,At Intersection,Traffic Signal,Snow,Daylight,Loose Snow,Non-Fatal Injury,Turning Movement,Driver,40 to 44,Major,,South,"Automobile, Station Wagon",Going Ahead,Driving Properly,Normal,,,,,,,,,Yes,,,,,,,Yes,,,,95,Annex,95,Annex (95),D14,627821.7421,4836791.3758
6712,6587795,1214567,1/24/2011 10:00:00 AM,1300,2372 FINCH AVE W,,,Major Arterial,Etobicoke York,43.751545,-79.54479,,No Control,Clear,Daylight,Wet,Non-Fatal Injury,Turning Movement,Passenger,35 to 39,Minor,,,Other,,,,,,,,,,,,Yes,,,,,Yes,,Yes,,,,22,Humbermede,22,Humbermede (22),D31,617156.7817,4845306.1075
6713,6587796,1214567,1/24/2011 10:00:00 AM,1300,2372 FINCH AVE W,,,Major Arterial,Etobicoke York,43.751545,-79.54479,,No Control,Clear,Daylight,Wet,Non-Fatal Injury,Turning Movement,Passenger,55 to 59,Minor,,,Other,,,,,,,,,,,,Yes,,,,,Yes,,Yes,,,,22,Humbermede,22,Humbermede (22),D31,617156.7817,4845306.1075
6714,6587797,1214567,1/24/2011 10:00:00 AM,1300,2372 FINCH AVE W,,,Major Arterial,Etobicoke York,43.751545,-79.54479,,No Control,Clear,Daylight,Wet,Non-Fatal Injury,Turning Movement,Driver,70 to 74,Major,,South,"Automobile, Station Wagon",Turning Left,Failed to Yield Right of Way,Normal,,,,,,,,,Yes,,,,,Yes,,Yes,,,,22,Humbermede,22,Humbermede (22),D31,617156.7817,4845306.1075
6715,6587798,1214567,1/24/2011 10:00:00 AM,1300,2372 FINCH AVE W,,,Major Arterial,Etobicoke York,43.751545,-79.54479,,No Control,Clear,Daylight,Wet,Non-Fatal Injury,Turning Movement,Driver,45 to 49,Minor,,West,"Automobile, Station Wagon",Going Ahead,Driving Properly,Normal,,,,,,,,,Yes,,,,,Yes,,Yes,,,,22,Humbermede,22,Humbermede (22),D31,617156.7817,4845306.1075
6716,6588020,1214720,1/25/2011 10:00:00 AM,825,MCCOWAN RD,ST ANDREWS RD,,Major Arterial,Scarborough,43.759445,-79.24659,,No Control,Clear,Daylight,Wet,Non-Fatal Injury,Pedestrian Collisions,Vehicle Owner,unknown,,,,Other,,,,,,,,,,Yes,,Yes,,,,,,,Yes,,,,142,Woburn North,137,Woburn (137),D43,641146.0899,4846648.5171
6717,6588021,1214720,1/25/2011 10:00:00 AM,825,MCCOWAN RD,ST ANDREWS RD,,Major Arterial,Scarborough,43.759445,-79.24659,,No Control,Clear,Daylight,Wet,Non-Fatal Injury,Pedestrian Collisions,Driver,65 to 69,Minimal,,South,"Automobile, Station Wagon",Going Ahead,Failed to Yield Right of Way,Fatigue,,,,,,,Yes,,Yes,,,,,,,Yes,,,,142,Woburn North,137,Woburn (137),D43,641146.0899,4846648.5171
6718,6588022,1214720,1/25/2011 10:00:00 AM,825,MCCOWAN RD,ST ANDREWS RD,,Major Arterial,Scarborough,43.759445,-79.24659,,No Control,Clear,Daylight,Wet,Non-Fatal Injury,Pedestrian Collisions,Pedestrian,45 to 49,Major,,Unknown,Other,,,,Pedestrian hit at mid-block,Playing or Working on Highway,Normal,,,,Yes,,Yes,,,,,,,Yes,,,,142,Woburn North,137,Woburn (137),D43,641146.0899,4846648.5171
6719,6588037,1214725,1/25/2011 10:00:00 AM,2058,BATHURST ST,FOREST RIDGE DR,,Major Arterial,North York,43.706645,-79.42669,,No Control,Clear,Dark,Wet,Fatal,Pedestrian Collisions,Driver,70 to 74,None,,South,"Automobile, Station Wagon",Going Ahead,Driving Properly,Normal,,,,,,,Yes,,Yes,,,,,,,Yes,,,,102,Forest Hill North,102,Forest Hill North (102),D53,626759.5953,4840493.13
6720,6588038,1214725,1/25/2011 10:00:00 AM,2058,BATHURST ST,FOREST RIDGE DR,,Major Arterial,North York,43.706645,-79.42669,,No Control,Clear,Dark,Wet,Fatal,Pedestrian Collisions,Pedestrian,75 to 79,Fatal,4,West,Other,,,,Pedestrian hit at mid-block,"Crossing, no Traffic Control",Inattentive,,,,Yes,,Yes,,,,,,,Yes,,,,102,Forest Hill North,102,Forest Hill North (102),D53,626759.5953,4840493.13