OBJECTID,INDEX,ACCNUM,DATE,TIME,STREET1,STREET2,OFFSET,ROAD_CLASS,DISTRICT,LATITUDE,LONGITUDE,ACCLOC,TRAFFCTL,VISIBILITY,LIGHT,RDSFCOND,ACCLASS,IMPACTYPE,INVTYPE,INVAGE,INJURY,FATAL_NO,INITDIR,VEHTYPE,MANOEUVER,DRIVACT,DRIVCOND,PEDTYPE,PEDACT,PEDCOND,CYCLISTYPE,CYCACT,CYCCOND,PEDESTRIAN,CYCLIST,AUTOMOBILE,MOTORCYCLE,TRUCK,TRSN_CITY_VEH,EMERG_VEH,PASSENGER,SPEEDING,AG_DRIV,REDLIGHT,ALCOHOL,DISABILITY,HOOD_158,NEIGHBOURHOOD_158,HOOD_140,NEIGHBOURHOOD_140,DIVISION,x,y
6721,6609232,1225497,1/26/2011 10:00:00 AM,1730,BAY ST,TEMPERANCE ST W,,Major Arterial,Toronto and East York,43.650445,-79.38099,,No Control,Clear,Dark,Dry,Non-Fatal Injury,Cyclist Collisions,Driver,45 to 49,None,,South,"Automobile, Station Wagon",Making U Turn,Failed to Yield Right of Way,Inattentive,,,,,,,,Yes,Yes,,,,,,,Yes,,,,170,Yonge-Bay Corridor,76,Bay Street Corridor (76),D52,630563.4613,4834322.2485
6722,6609233,1225497,1/26/2011 10:00:00 AM,1730,BAY ST,TEMPERANCE ST W,,Major Arterial,Toronto and East York,43.650445,-79.38099,,No Control,Clear,Dark,Dry,Non-Fatal Injury,Cyclist Collisions,Cyclist,55 to 59,Major,,South,Bicycle,Going Ahead,,,,,,Motorist makes u-turn in-front of cyclist.,Driving Properly,Normal,,Yes,Yes,,,,,,,Yes,,,,170,Yonge-Bay Corridor,76,Bay Street Corridor (76),D52,630563.4613,4834322.2485
6723,6609525,1225643,1/27/2011 10:00:00 AM,1035,NORTH QUEEN ST,VANSCO RD,,Minor Arterial,Etobicoke York,43.623545,-79.53579,,No Control,Clear,Daylight,Dry,Non-Fatal Injury,Sideswipe,Driver,25 to 29,Major,,West,"Automobile, Station Wagon",Going Ahead,Lost control,Normal,,,,,,,,,Yes,,,Yes,,,,,,,,159,Etobicoke City Centre,14,Islington-City Centre West (14),D22,618132.3564,4831102.7603
6724,6609526,1225643,1/27/2011 10:00:00 AM,1035,NORTH QUEEN ST,VANSCO RD,,Minor Arterial,Etobicoke York,43.623545,-79.53579,,No Control,Clear,Daylight,Dry,Non-Fatal Injury,Sideswipe,Vehicle Owner,unknown,,,,Other,,,,,,,,,,,,Yes,,,Yes,,,,,,,,159,Etobicoke City Centre,14,Islington-City Centre West (14),D22,618132.3564,4831102.7603
6725,6609527,1225643,1/27/2011 10:00:00 AM,1035,NORTH QUEEN ST,VANSCO RD,,Minor Arterial,Etobicoke York,43.623545,-79.53579,,No Control,Clear,Daylight,Dry,Non-Fatal Injury,Sideswipe,Vehicle Owner,unknown,,,,Other,,,,,,,,,,,,Yes,,,Yes,,,,,,,,159,Etobicoke City Centre,14,Islington-City Centre West (14),D22,618132.3564,4831102.7603
6726,6609528,1225643,1/27/2011 10:00:00 AM,1035,NORTH QUEEN ST,VANSCO RD,,Minor Arterial,Etobicoke York,43.623545,-79.53579,,No Control,Clear,Daylight,Dry,Non-Fatal Injury,Sideswipe,Driver,55 to 59,None,,West,Municipal Transit Bus (TTC),Stopped,Driving Properly,Normal,,,,,,,,,Yes,,,Yes,,,,,,,,159,Etobicoke City Centre,14,Islington-City Centre West (14),D22,618132.3564,4831102.7603
6727,6609529,1225643,1/27/2011 10:00:00 AM,1035,NORTH QUEEN ST,VANSCO RD,,Minor Arterial,Etobicoke York,43.623545,-79.53579,,No Control,Clear,Daylight,Dry,Non-Fatal Injury,Sideswipe,Other Property Owner,unknown,,,,Other,,,,,,,,,,,,Yes,,,Yes,,,,,,,,159,Etobicoke City Centre,14,Islington-City Centre West (14),D22,618132.3564,4831102.7603
6728,6588940,1215284,1/29/2011 10:00:00 AM,0,BLOOR ST W,CONCORD AVE,,Major Arterial,Toronto and East York,43.661745,-79.42689,At Intersection,No Control,Clear,Dark,Dry,Fatal,Pedestrian Collisions,Vehicle Owner,unknown,,,,Other,,,,,,,,,,Yes,,,,,Yes,,,,Yes,,,,172,Dovercourt Village,93,Dovercourt-Wallace Emerson-Junction (93),D14,626838.0708,4835506.0682
6729,6588941,1215284,1/29/2011 10:00:00 AM,0,BLOOR ST W,CONCORD AVE,,Major Arterial,Toronto and East York,43.661745,-79.42689,At Intersection,No Control,Clear,Dark,Dry,Fatal,Pedestrian Collisions,Driver,35 to 39,None,,West,Municipal Transit Bus (TTC),Turning Right,Failed to Yield Right of Way,Inattentive,,,,,,,Yes,,,,,Yes,,,,Yes,,,,172,Dovercourt Village,93,Dovercourt-Wallace Emerson-Junction (93),D14,626838.0708,4835506.0682
6730,6588942,1215284,1/29/2011 10:00:00 AM,0,BLOOR ST W,CONCORD AVE,,Major Arterial,Toronto and East York,43.661745,-79.42689,At Intersection,No Control,Clear,Dark,Dry,Fatal,Pedestrian Collisions,Pedestrian,60 to 64,Fatal,3,East,Other,,,,Pedestrian involved in a collision with transit vehicle anywhere along roadway,Crossing with right of way,Had Been Drinking,,,,Yes,,,,,Yes,,,,Yes,,,,172,Dovercourt Village,93,Dovercourt-Wallace Emerson-Junction (93),D14,626838.0708,4835506.0682
6731,6611188,1226385,1/31/2011 10:00:00 AM,745,KINGSTON RD,CATHEDRAL BLUFFS DR,,Major Arterial,Scarborough,43.725145,-79.23239,At Intersection,Traffic Signal,Clear,Daylight,Dry,Non-Fatal Injury,Pedestrian Collisions,Driver,45 to 49,None,,South,"Automobile, Station Wagon",Turning Left,Failed to Yield Right of Way,Normal,,,,,,,Yes,,Yes,,,,,,,Yes,,,,123,Cliffcrest,123,Cliffcrest (123),D43,642370.4615,4842863.2824
6732,6611189,1226385,1/31/2011 10:00:00 AM,745,KINGSTON RD,CATHEDRAL BLUFFS DR,,Major Arterial,Scarborough,43.725145,-79.23239,At Intersection,Traffic Signal,Clear,Daylight,Dry,Non-Fatal Injury,Pedestrian Collisions,Pedestrian,20 to 24,Major,,North,Other,,,,Vehicle turns left while ped crosses with ROW at inter.,Crossing with right of way,Normal,,,,Yes,,Yes,,,,,,,Yes,,,,123,Cliffcrest,123,Cliffcrest (123),D43,642370.4615,4842863.2824
6733,6589562,1215589,2/1/2011 10:00:00 AM,847,MARTIN GROVE RD,JOHN GARLAND BLVD,,Major Arterial,Etobicoke York,43.732045,-79.58939,At Intersection,Traffic Signal,Snow,Daylight,Loose Snow,Non-Fatal Injury,Pedestrian Collisions,Vehicle Owner,unknown,,,,Other,,,,,,,,,,Yes,,,,,Yes,,,,Yes,,,,2,Mount Olive-Silverstone-Jamestown,2,Mount Olive-Silverstone-Jamestown (2),D23,613602.952,4843078.2416
6734,6589563,1215589,2/1/2011 10:00:00 AM,847,MARTIN GROVE RD,JOHN GARLAND BLVD,,Major Arterial,Etobicoke York,43.732045,-79.58939,At Intersection,Traffic Signal,Snow,Daylight,Loose Snow,Non-Fatal Injury,Pedestrian Collisions,Driver,40 to 44,None,,East,Municipal Transit Bus (TTC),Turning Right,Failed to Yield Right of Way,Inattentive,,,,,,,Yes,,,,,Yes,,,,Yes,,,,2,Mount Olive-Silverstone-Jamestown,2,Mount Olive-Silverstone-Jamestown (2),D23,613602.952,4843078.2416
6735,6589564,1215589,2/1/2011 10:00:00 AM,847,MARTIN GROVE RD,JOHN GARLAND BLVD,,Major Arterial,Etobicoke York,43.732045,-79.58939,At Intersection,Traffic Signal,Snow,Daylight,Loose Snow,Non-Fatal Injury,Pedestrian Collisions,Pedestrian,10 to 14,Major,,East,Other,,,,Pedestrian involved in a collision with transit vehicle anywhere along roadway,Crossing with right of way,Normal,,,,Yes,,,,,Yes,,,,Yes,,,,2,Mount Olive-Silverstone-Jamestown,2,Mount Olive-Silverstone-Jamestown (2),D23,613602.952,4843078.2416
6736,6591898,1216997,2/8/2011 10:00:00 AM,830,DUFFERIN ST,GORDON ST,,Minor Arterial,Toronto and East York,43.646845,-79.43039,At Intersection,No Control,Clear,Daylight,Dry,Non-Fatal Injury,Pedestrian Collisions,Driver,35 to 39,None,,South,"Automobile, Station Wagon",Going Ahead,Driving Properly,Normal,,,,,,,Yes,,Yes,,,,,,,,,,,84,Little Portugal,84,Little Portugal (84),D11,626587.1692,4833845.8839
6737,6591899,1216997,2/8/2011 10:00:00 AM,830,DUFFERIN ST,GORDON ST,,Minor Arterial,Toronto and East York,43.646845,-79.43039,At Intersection,No Control,Clear,Daylight,Dry,Non-Fatal Injury,Pedestrian Collisions,Pedestrian,10 to 14,Major,,East,Other,,,,Vehicle is going straight thru inter.while ped cross without ROW,Running onto Roadway,Inattentive,,,,Yes,,Yes,,,,,,,,,,,84,Little Portugal,84,Little Portugal (84),D11,626587.1692,4833845.8839
6738,6591879,1216987,2/10/2011 10:00:00 AM,828,DUNDAS ST W,NEILSON DR,,Major Arterial,Etobicoke York,43.627345,-79.56239,At Intersection,Traffic Signal,Clear,Daylight,Dry,Fatal,Pedestrian Collisions,Passenger,15 to 19,None,,,Other,,,,,,,,,,Yes,,Yes,,,,,Yes,,Yes,,,,12,Markland Wood,12,Markland Wood (12),D22,615978.9457,4831487.2944
6739,6591880,1216987,2/10/2011 10:00:00 AM,828,DUNDAS ST W,NEILSON DR,,Major Arterial,Etobicoke York,43.627345,-79.56239,At Intersection,Traffic Signal,Clear,Daylight,Dry,Fatal,Pedestrian Collisions,Driver,45 to 49,None,,South,"Automobile, Station Wagon",Turning Left,Failed to Yield Right of Way,Inattentive,,,,,,,Yes,,Yes,,,,,Yes,,Yes,,,,12,Markland Wood,12,Markland Wood (12),D22,615978.9457,4831487.2944
6740,6591881,1216987,2/10/2011 10:00:00 AM,828,DUNDAS ST W,NEILSON DR,,Major Arterial,Etobicoke York,43.627345,-79.56239,At Intersection,Traffic Signal,Clear,Daylight,Dry,Fatal,Pedestrian Collisions,Pedestrian,55 to 59,Fatal,5,South,Other,,,,Vehicle turns left while ped crosses with ROW at inter.,Crossing with right of way,Normal,,,,Yes,,Yes,,,,,Yes,,Yes,,,,12,Markland Wood,12,Markland Wood (12),D22,615978.9457,4831487.2944
6741,6592613,1217361,2/11/2011 10:00:00 AM,1822,DUNDAS ST E,SHERBOURNE ST,,Major Arterial,Toronto and East York,43.658245,-79.37099,At Intersection,Traffic Signal,Clear,Dark,Dry,Non-Fatal Injury,Pedestrian Collisions,Driver,60 to 64,None,,East,"Automobile, Station Wagon",Going Ahead,Driving Properly,Normal,,,,,,,Yes,,Yes,,,,,,,,,,,73,Moss Park,73,Moss Park (73),D51,631352.9032,4835204.3238
6742,6592614,1217361,2/11/2011 10:00:00 AM,1822,DUNDAS ST E,SHERBOURNE ST,,Major Arterial,Toronto and East York,43.658245,-79.37099,At Intersection,Traffic Signal,Clear,Dark,Dry,Non-Fatal Injury,Pedestrian Collisions,Pedestrian,40 to 44,Major,,North,Other,,,,Vehicle is going straight thru inter.while ped cross without ROW,Crossing without right of way,Inattentive,,,,Yes,,Yes,,,,,,,,,,,73,Moss Park,73,Moss Park (73),D51,631352.9032,4835204.3238
6743,6614520,1227844,2/12/2011 10:00:00 AM,114,QUEEN ST W,CLAREMONT ST,,Major Arterial,Toronto and East York,43.646045,-79.40959,,No Control,Snow,Dark,Wet,Non-Fatal Injury,Pedestrian Collisions,Vehicle Owner,unknown,,,,Other,,,,,,,,,,Yes,,Yes,,,,,,,,,,,162,West Queen West,82,Niagara (82),D14,628266.384,4833788.9706
6744,6614521,1227844,2/12/2011 10:00:00 AM,114,QUEEN ST W,CLAREMONT ST,,Major Arterial,Toronto and East York,43.646045,-79.40959,,No Control,Snow,Dark,Wet,Non-Fatal Injury,Pedestrian Collisions,Driver,25 to 29,None,,East,"Automobile, Station Wagon",Going Ahead,Other,Had Been Drinking,,,,,,,Yes,,Yes,,,,,,,,,,,162,West Queen West,82,Niagara (82),D14,628266.384,4833788.9706
6745,6614522,1227844,2/12/2011 10:00:00 AM,114,QUEEN ST W,CLAREMONT ST,,Major Arterial,Toronto and East York,43.646045,-79.40959,,No Control,Snow,Dark,Wet,Non-Fatal Injury,Pedestrian Collisions,Pedestrian,25 to 29,Major,,North,Other,,,,Pedestrian hit at mid-block,"Crossing, no Traffic Control",Had Been Drinking,,,,Yes,,Yes,,,,,,,,,,,162,West Queen West,82,Niagara (82),D14,628266.384,4833788.9706
6746,6593306,1217753,2/14/2011 10:00:00 AM,1100,JANE Stre,EGLINTON Aven W,,Major Arterial,Etobicoke York,43.683745,-79.49859,,No Control,Clear,Daylight,Dry,Non-Fatal Injury,Approaching,Vehicle Owner,unknown,,,,Other,,,,,,,,,,,,Yes,,,,,Yes,,Yes,,,,111,Rockcliffe-Smythe,111,Rockcliffe-Smythe (111),D12,621012.7057,4837842.3459
6747,6593307,1217753,2/14/2011 10:00:00 AM,1100,JANE Stre,EGLINTON Aven W,,Major Arterial,Etobicoke York,43.683745,-79.49859,,No Control,Clear,Daylight,Dry,Non-Fatal Injury,Approaching,Driver,35 to 39,Major,,South,"Automobile, Station Wagon",Going Ahead,Driving Properly,Normal,,,,,,,,,Yes,,,,,Yes,,Yes,,,,111,Rockcliffe-Smythe,111,Rockcliffe-Smythe (111),D12,621012.7057,4837842.3459
6748,6593308,1217753,2/14/2011 10:00:00 AM,1100,JANE Stre,EGLINTON Aven W,,Major Arterial,Etobicoke York,43.683745,-79.49859,,No Control,Clear,Daylight,Dry,Non-Fatal Injury,Approaching,Passenger,70 to 74,Major,,,Other,,,,,,,,,,,,Yes,,,,,Yes,,Yes,,,,111,Rockcliffe-Smythe,111,Rockcliffe-Smythe (111),D12,621012.7057,4837842.3459
6749,6593309,1217753,2/14/2011 10:00:00 AM,1100,JANE Stre,EGLINTON Aven W,,Major Arterial,Etobicoke York,43.683745,-79.49859,,No Control,Clear,Daylight,Dry,Non-Fatal Injury,Approaching,Driver,75 to 79,Major,,North,"Automobile, Station Wagon",Going Ahead,Lost control,Unknown,,,,,,,,,Yes,,,,,Yes,,Yes,,,,111,Rockcliffe-Smythe,111,Rockcliffe-Smythe (111),D12,621012.7057,4837842.3459
6750,6616376,1228657,2/16/2011 10:00:00 AM,1200,SHEPPARD Aven E,IDAGROVE Gate,,Major Arterial,Scarborough,43.807345,-79.17559,At Intersection,Traffic Signal,Clear,Daylight,Dry,Non-Fatal Injury,Pedestrian Collisions,Driver,55 to 59,None,,East,"Automobile, Station Wagon",Going Ahead,Driving Properly,Normal,,,,,,,Yes,,Yes,,,,,,,Yes,,,,144,Morningside Heights,131,Rouge (131),D42,646744.2701,4852092.0415
6751,6616377,1228657,2/16/2011 10:00:00 AM,1200,SHEPPARD Aven E,IDAGROVE Gate,,Major Arterial,Scarborough,43.807345,-79.17559,At Intersection,Traffic Signal,Clear,Daylight,Dry,Non-Fatal Injury,Pedestrian Collisions,Driver,25 to 29,Minimal,,West,"Automobile, Station Wagon",Turning Left,Failed to Yield Right of Way,Normal,,,,,,,Yes,,Yes,,,,,,,Yes,,,,144,Morningside Heights,131,Rouge (131),D42,646744.2701,4852092.0415
6752,6616378,1228657,2/16/2011 10:00:00 AM,1200,SHEPPARD Aven E,IDAGROVE Gate,,Major Arterial,Scarborough,43.807345,-79.17559,At Intersection,Traffic Signal,Clear,Daylight,Dry,Non-Fatal Injury,Pedestrian Collisions,Other Property Owner,unknown,,,,Other,,,,,,,,,,Yes,,Yes,,,,,,,Yes,,,,144,Morningside Heights,131,Rouge (131),D42,646744.2701,4852092.0415
6753,6616379,1228657,2/16/2011 10:00:00 AM,1200,SHEPPARD Aven E,IDAGROVE Gate,,Major Arterial,Scarborough,43.807345,-79.17559,At Intersection,Traffic Signal,Clear,Daylight,Dry,Non-Fatal Injury,Pedestrian Collisions,Pedestrian,60 to 64,Major,,North,Other,,,,Pedestrian hit on sidewalk or shoulder,On Sidewalk or Shoulder,Normal,,,,Yes,,Yes,,,,,,,Yes,,,,144,Morningside Heights,131,Rouge (131),D42,646744.2701,4852092.0415
6754,6656413,1245730,2/16/2011 10:00:00 AM,1432,2057 YONGE St,,,Major Arterial,Toronto and East York,43.702145,-79.39739,,No Control,Clear,Daylight,Dry,Non-Fatal Injury,Turning Movement,Vehicle Owner,unknown,,,,Other,,,,,,,,,,,,Yes,,,,,,,,,,,174,South Eglinton-Davisville,104,Mount Pleasant West (104),D53,629129.9436,4840038.561
6755,6656414,1245730,2/16/2011 10:00:00 AM,1432,2057 YONGE St,,,Major Arterial,Toronto and East York,43.702145,-79.39739,,No Control,Clear,Daylight,Dry,Non-Fatal Injury,Turning Movement,Driver,45 to 49,None,,North,"Automobile, Station Wagon",Turning Right,Improper Lane Change,Inattentive,,,,,,,,,Yes,,,,,,,,,,,174,South Eglinton-Davisville,104,Mount Pleasant West (104),D53,629129.9436,4840038.561
6756,6656415,1245730,2/16/2011 10:00:00 AM,1432,2057 YONGE St,,,Major Arterial,Toronto and East York,43.702145,-79.39739,,No Control,Clear,Daylight,Dry,Non-Fatal Injury,Turning Movement,Other,unknown,None,,,Other,Parked,,,,,,,,,,,Yes,,,,,,,,,,,174,South Eglinton-Davisville,104,Mount Pleasant West (104),D53,629129.9436,4840038.561
6757,6656416,1245730,2/16/2011 10:00:00 AM,1432,2057 YONGE St,,,Major Arterial,Toronto and East York,43.702145,-79.39739,,No Control,Clear,Daylight,Dry,Non-Fatal Injury,Turning Movement,Driver,25 to 29,Major,,North,"Automobile, Station Wagon",Going Ahead,Driving Properly,Normal,,,,,,,,,Yes,,,,,,,,,,,174,South Eglinton-Davisville,104,Mount Pleasant West (104),D53,629129.9436,4840038.561
6758,6620071,1230262,2/18/2011 10:00:00 AM,1233,ST CLAIR Aven W,MOULD Aven,,Major Arterial,Etobicoke York,43.668145,-79.48699,,Traffic Signal,Clear,Daylight,Dry,Non-Fatal Injury,Turning Movement,Driver,50 to 54,Major,,West,"Automobile, Station Wagon",Going Ahead,Exceeding Speed Limit,Normal,,,,,,,,,Yes,,,,,,Yes,Yes,,,,111,Rockcliffe-Smythe,111,Rockcliffe-Smythe (111),D11,621979.2694,4836126.7493
6759,6620072,1230262,2/18/2011 10:00:00 AM,1233,ST CLAIR Aven W,MOULD Aven,,Major Arterial,Etobicoke York,43.668145,-79.48699,,Traffic Signal,Clear,Daylight,Dry,Non-Fatal Injury,Turning Movement,Driver,50 to 54,Minor,,East,"Automobile, Station Wagon",Turning Left,Improper Turn,Normal,,,,,,,,,Yes,,,,,,Yes,Yes,,,,111,Rockcliffe-Smythe,111,Rockcliffe-Smythe (111),D11,621979.2694,4836126.7493
6760,6594414,1218634,2/18/2011 10:00:00 AM,1408,QUEEN ST E,CARLAW AVE,,Minor Arterial,Toronto and East York,43.661045,-79.34009,At Intersection,Traffic Signal,Clear,Daylight,Dry,Non-Fatal Injury,Pedestrian Collisions,Vehicle Owner,unknown,,,,Other,,,,,,,,,,Yes,,Yes,,,,,,,,,,,70,South Riverdale,70,South Riverdale (70),D55,633838.287,4835564.6837
6761,6594415,1218634,2/18/2011 10:00:00 AM,1408,QUEEN ST E,CARLAW AVE,,Minor Arterial,Toronto and East York,43.661045,-79.34009,At Intersection,Traffic Signal,Clear,Daylight,Dry,Non-Fatal Injury,Pedestrian Collisions,Driver,50 to 54,None,,West,Taxi,Turning Left,Improper Turn,Normal,,,,,,,Yes,,Yes,,,,,,,,,,,70,South Riverdale,70,South Riverdale (70),D55,633838.287,4835564.6837
6762,6594416,1218634,2/18/2011 10:00:00 AM,1408,QUEEN ST E,CARLAW AVE,,Minor Arterial,Toronto and East York,43.661045,-79.34009,At Intersection,Traffic Signal,Clear,Daylight,Dry,Non-Fatal Injury,Pedestrian Collisions,Pedestrian,0 to 4,Major,,East,Other,,,,Vehicle turns left while ped crosses with ROW at inter.,Crossing with right of way,Normal,,,,Yes,,Yes,,,,,,,,,,,70,South Riverdale,70,South Riverdale (70),D55,633838.287,4835564.6837
6763,6594417,1218634,2/18/2011 10:00:00 AM,1408,QUEEN ST E,CARLAW AVE,,Minor Arterial,Toronto and East York,43.661045,-79.34009,At Intersection,Traffic Signal,Clear,Daylight,Dry,Non-Fatal Injury,Pedestrian Collisions,Pedestrian,35 to 39,Minor,,East,Other,,,,Vehicle turns left while ped crosses with ROW at inter.,Crossing with right of way,Normal,,,,Yes,,Yes,,,,,,,,,,,70,South Riverdale,70,South Riverdale (70),D55,633838.287,4835564.6837
6764,6623284,1231647,2/19/2011 10:00:00 AM,357,DUFFERIN ST,HALLAM ST,,Major Arterial,Toronto and East York,43.665845,-79.43789,,No Control,Clear,Daylight,Dry,Non-Fatal Injury,Rear End,Driver,25 to 29,Major,,North,"Automobile, Station Wagon",Going Ahead,Lost control,"Ability Impaired, Alcohol Over .08",,,,,,,,,Yes,,,,,,,Yes,,Yes,,172,Dovercourt Village,93,Dovercourt-Wallace Emerson-Junction (93),D14,625942.5711,4835944.6698
6765,6623285,1231647,2/19/2011 10:00:00 AM,357,DUFFERIN ST,HALLAM ST,,Major Arterial,Toronto and East York,43.665845,-79.43789,,No Control,Clear,Daylight,Dry,Non-Fatal Injury,Rear End,Vehicle Owner,unknown,,,,Other,,,,,,,,,,,,Yes,,,,,,,Yes,,Yes,,172,Dovercourt Village,93,Dovercourt-Wallace Emerson-Junction (93),D14,625942.5711,4835944.6698
6766,6623286,1231647,2/19/2011 10:00:00 AM,357,DUFFERIN ST,HALLAM ST,,Major Arterial,Toronto and East York,43.665845,-79.43789,,No Control,Clear,Daylight,Dry,Non-Fatal Injury,Rear End,Driver,25 to 29,None,,North,"Automobile, Station Wagon",Going Ahead,Driving Properly,Normal,,,,,,,,,Yes,,,,,,,Yes,,Yes,,172,Dovercourt Village,93,Dovercourt-Wallace Emerson-Junction (93),D14,625942.5711,4835944.6698
6767,6617068,1228956,2/20/2011 10:00:00 AM,908,TAPSCOTT RD,WASHBURN WAY,,Minor Arterial,Scarborough,43.804445,-79.22419,,Traffic Signal,Clear,Daylight,Dry,Non-Fatal Injury,Pedestrian Collisions,Driver,30 to 34,None,,South,"Automobile, Station Wagon",Turning Left,Improper Turn,Other,,,,,,,Yes,,Yes,,,,,,,,,,,145,Malvern West,132,Malvern (132),D42,642842.0522,4851684.9032
6768,6617069,1228956,2/20/2011 10:00:00 AM,908,TAPSCOTT RD,WASHBURN WAY,,Minor Arterial,Scarborough,43.804445,-79.22419,,Traffic Signal,Clear,Daylight,Dry,Non-Fatal Injury,Pedestrian Collisions,Pedestrian,45 to 49,Major,,North,Other,,,,Vehicle turns left while ped crosses with ROW at inter.,Crossing with right of way,Normal,,,,Yes,,Yes,,,,,,,,,,,145,Malvern West,132,Malvern (132),D42,642842.0522,4851684.9032
6769,6617391,1229092,2/20/2011 10:00:00 AM,1339,25 ST DENNIS DR,,,Collector,North York,43.717645,-79.33409,,No Control,Clear,Daylight,Dry,Non-Fatal Injury,Turning Movement,Passenger,70 to 74,Major,,,Other,,,,,,,,,,,,Yes,,,,,Yes,,Yes,,,,44,Flemingdon Park,44,Flemingdon Park (44),D55,634195.784,4841860.5992
6770,6617392,1229092,2/20/2011 10:00:00 AM,1339,25 ST DENNIS DR,,,Collector,North York,43.717645,-79.33409,,No Control,Clear,Daylight,Dry,Non-Fatal Injury,Turning Movement,Driver,75 to 79,Minor,,East,"Automobile, Station Wagon",Going Ahead,Driving Properly,Normal,,,,,,,,,Yes,,,,,Yes,,Yes,,,,44,Flemingdon Park,44,Flemingdon Park (44),D55,634195.784,4841860.5992
6771,6617393,1229092,2/20/2011 10:00:00 AM,1339,25 ST DENNIS DR,,,Collector,North York,43.717645,-79.33409,,No Control,Clear,Daylight,Dry,Non-Fatal Injury,Turning Movement,Driver,40 to 44,None,,East,"Automobile, Station Wagon",Making U Turn,Failed to Yield Right of Way,Inattentive,,,,,,,,,Yes,,,,,Yes,,Yes,,,,44,Flemingdon Park,44,Flemingdon Park (44),D55,634195.784,4841860.5992
6772,6595270,1219139,2/21/2011 10:00:00 AM,2022,WESTON Road,MAPLE BUSH Aven,,Major Arterial,Etobicoke York,43.710445,-79.53489,,,Other,Dark,Other,Non-Fatal Injury,Pedestrian Collisions,Driver,25 to 29,None,,,"Automobile, Station Wagon",Unknown,,,,,,,,,Yes,,Yes,,,,,,,,,,,23,Pelmo Park-Humberlea,23,Pelmo Park-Humberlea (23),D12,618034.5281,4840755.4186
6773,6595271,1219139,2/21/2011 10:00:00 AM,2022,WESTON Road,MAPLE BUSH Aven,,Major Arterial,Etobicoke York,43.710445,-79.53489,,,Other,Dark,Other,Non-Fatal Injury,Pedestrian Collisions,Pedestrian,unknown,Major,,,Other,Other,,,,,,,,,Yes,,Yes,,,,,,,,,,,23,Pelmo Park-Humberlea,23,Pelmo Park-Humberlea (23),D12,618034.5281,4840755.4186
6774,6595922,1219456,2/21/2011 10:00:00 AM,2022,WESTON RD,MAPLE BUSH AVE,,Major Arterial,Etobicoke York,43.710345,-79.53479,At Intersection,No Control,Clear,Dark,Dry,Non-Fatal Injury,Pedestrian Collisions,Driver,25 to 29,Minimal,,South,"Automobile, Station Wagon",Going Ahead,Driving Properly,Normal,,,,,,,Yes,,Yes,,,,,,,,,,,23,Pelmo Park-Humberlea,23,Pelmo Park-Humberlea (23),D12,618042.7808,4840744.4546
6775,6595923,1219456,2/21/2011 10:00:00 AM,2022,WESTON RD,MAPLE BUSH AVE,,Major Arterial,Etobicoke York,43.710345,-79.53479,At Intersection,No Control,Clear,Dark,Dry,Non-Fatal Injury,Pedestrian Collisions,Pedestrian,25 to 29,Major,,North,Other,,,,Pedestrian hit at mid-block,Running onto Roadway,Other,,,,Yes,,Yes,,,,,,,,,,,23,Pelmo Park-Humberlea,23,Pelmo Park-Humberlea (23),D12,618042.7808,4840744.4546
6776,6596717,1219821,2/23/2011 10:00:00 AM,1203,DON MILLS RD,THE DONWAY  E,,Major Arterial,North York,43.740845,-79.34449,At Intersection,Traffic Signal,Clear,Daylight,Dry,Non-Fatal Injury,Pedestrian Collisions,Vehicle Owner,unknown,,,,Other,,,,,,,,,,Yes,,Yes,,,,,,,Yes,,,,42,Banbury-Don Mills,42,Banbury-Don Mills (42),D33,633306.534,4844420.512
6777,6596718,1219821,2/23/2011 10:00:00 AM,1203,DON MILLS RD,THE DONWAY  E,,Major Arterial,North York,43.740845,-79.34449,At Intersection,Traffic Signal,Clear,Daylight,Dry,Non-Fatal Injury,Pedestrian Collisions,Driver,65 to 69,None,,East,"Automobile, Station Wagon",Turning Right,Failed to Yield Right of Way,Inattentive,,,,,,,Yes,,Yes,,,,,,,Yes,,,,42,Banbury-Don Mills,42,Banbury-Don Mills (42),D33,633306.534,4844420.512
6778,6596719,1219821,2/23/2011 10:00:00 AM,1203,DON MILLS RD,THE DONWAY  E,,Major Arterial,North York,43.740845,-79.34449,At Intersection,Traffic Signal,Clear,Daylight,Dry,Non-Fatal Injury,Pedestrian Collisions,Pedestrian,80 to 84,Major,,North,Other,Other,,,Vehicle turns right while ped crosses with ROW at inter.,Crossing with right of way,Normal,,,,Yes,,Yes,,,,,,,Yes,,,,42,Banbury-Don Mills,42,Banbury-Don Mills (42),D33,633306.534,4844420.512
6779,6596758,1219842,2/23/2011 10:00:00 AM,1840,BLOOR ST W,RESURRECTION RD,,Major Arterial,Etobicoke York,43.643045,-79.53079,,Traffic Signal,Clear,Dark,Dry,Non-Fatal Injury,Pedestrian Collisions,Vehicle Owner,unknown,,,,Other,,,,,,,,,,Yes,,Yes,,,,,,,,,,,159,Etobicoke City Centre,14,Islington-City Centre West (14),D22,618497.4299,4833275.6037
6780,6596759,1219842,2/23/2011 10:00:00 AM,1840,BLOOR ST W,RESURRECTION RD,,Major Arterial,Etobicoke York,43.643045,-79.53079,,Traffic Signal,Clear,Dark,Dry,Non-Fatal Injury,Pedestrian Collisions,Driver,45 to 49,None,,East,"Automobile, Station Wagon",Going Ahead,Driving Properly,Normal,,,,,,,Yes,,Yes,,,,,,,,,,,159,Etobicoke City Centre,14,Islington-City Centre West (14),D22,618497.4299,4833275.6037