OBJECTID,INDEX,ACCNUM,DATE,TIME,STREET1,STREET2,OFFSET,ROAD_CLASS,DISTRICT,LATITUDE,LONGITUDE,ACCLOC,TRAFFCTL,VISIBILITY,LIGHT,RDSFCOND,ACCLASS,IMPACTYPE,INVTYPE,INVAGE,INJURY,FATAL_NO,INITDIR,VEHTYPE,MANOEUVER,DRIVACT,DRIVCOND,PEDTYPE,PEDACT,PEDCOND,CYCLISTYPE,CYCACT,CYCCOND,PEDESTRIAN,CYCLIST,AUTOMOBILE,MOTORCYCLE,TRUCK,TRSN_CITY_VEH,EMERG_VEH,PASSENGER,SPEEDING,AG_DRIV,REDLIGHT,ALCOHOL,DISABILITY,HOOD_158,NEIGHBOURHOOD_158,HOOD_140,NEIGHBOURHOOD_140,DIVISION,x,y
6781,6596760,1219842,2/23/2011 10:00:00 AM,1840,BLOOR ST W,RESURRECTION RD,,Major Arterial,Etobicoke York,43.643045,-79.53079,,Traffic Signal,Clear,Dark,Dry,Non-Fatal Injury,Pedestrian Collisions,Pedestrian,65 to 69,Major,,South,Other,,,,Vehicle is going straight thru inter.while ped cross without ROW,Crossing without right of way,Unknown,,,,Yes,,Yes,,,,,,,,,,,159,Etobicoke City Centre,14,Islington-City Centre West (14),D22,618497.4299,4833275.6037
6782,6597191,1220029,2/24/2011 10:00:00 AM,1110,KINGSTON RD,BRINLOOR BLVD,,Major Arterial,Scarborough,43.741145,-79.214465,At Intersection,Stop Sign,Rain,Daylight,Wet,Non-Fatal Injury,Turning Movement,Vehicle Owner,unknown,,,,Other,,,,,,,,,,,,Yes,,,,,Yes,,,,,,139,Scarborough Village,139,Scarborough Village (139),D43,643775.9361,4844671.2759
6783,6597192,1220029,2/24/2011 10:00:00 AM,1110,KINGSTON RD,BRINLOOR BLVD,,Major Arterial,Scarborough,43.741145,-79.214465,At Intersection,Stop Sign,Rain,Daylight,Wet,Non-Fatal Injury,Turning Movement,Driver,60 to 64,None,,North,"Automobile, Station Wagon",Turning Left,Improper Turn,Normal,,,,,,,,,Yes,,,,,Yes,,,,,,139,Scarborough Village,139,Scarborough Village (139),D43,643775.9361,4844671.2759
6784,6597193,1220029,2/24/2011 10:00:00 AM,1110,KINGSTON RD,BRINLOOR BLVD,,Major Arterial,Scarborough,43.741145,-79.214465,At Intersection,Stop Sign,Rain,Daylight,Wet,Non-Fatal Injury,Turning Movement,Passenger,70 to 74,Major,,,Other,,,,,,,,,,,,Yes,,,,,Yes,,,,,,139,Scarborough Village,139,Scarborough Village (139),D43,643775.9361,4844671.2759
6785,6597194,1220029,2/24/2011 10:00:00 AM,1110,KINGSTON RD,BRINLOOR BLVD,,Major Arterial,Scarborough,43.741145,-79.214465,At Intersection,Stop Sign,Rain,Daylight,Wet,Non-Fatal Injury,Turning Movement,Vehicle Owner,unknown,,,,Other,,,,,,,,,,,,Yes,,,,,Yes,,,,,,139,Scarborough Village,139,Scarborough Village (139),D43,643775.9361,4844671.2759
6786,6597195,1220029,2/24/2011 10:00:00 AM,1110,KINGSTON RD,BRINLOOR BLVD,,Major Arterial,Scarborough,43.741145,-79.214465,At Intersection,Stop Sign,Rain,Daylight,Wet,Non-Fatal Injury,Turning Movement,Driver,35 to 39,None,,East,"Automobile, Station Wagon",Going Ahead,Driving Properly,Normal,,,,,,,,,Yes,,,,,Yes,,,,,,139,Scarborough Village,139,Scarborough Village (139),D43,643775.9361,4844671.2759
6787,7558765,1220060,2/24/2011 10:00:00 AM,2239,ROYAL YORK RD,USHER AVE,,Minor Arterial,Etobicoke York,43.655045,-79.51479,At Intersection,No Control,Clear,Dark,Dry,Non-Fatal Injury,Approaching,Driver,40 to 44,Major,,North,"Automobile, Station Wagon",Going Ahead,Driving Properly,Normal,,,,,,,,,Yes,,,,,,,,,Yes,,15,Kingsway South,15,Kingsway South (15),D22,619764.0509,4834631.3244
6788,7558766,1220060,2/24/2011 10:00:00 AM,2239,ROYAL YORK RD,USHER AVE,,Minor Arterial,Etobicoke York,43.655045,-79.51479,At Intersection,No Control,Clear,Dark,Dry,Non-Fatal Injury,Approaching,Vehicle Owner,unknown,,,,Other,,,,,,,,,,,,Yes,,,,,,,,,Yes,,15,Kingsway South,15,Kingsway South (15),D22,619764.0509,4834631.3244
6789,7558767,1220060,2/24/2011 10:00:00 AM,2239,ROYAL YORK RD,USHER AVE,,Minor Arterial,Etobicoke York,43.655045,-79.51479,At Intersection,No Control,Clear,Dark,Dry,Non-Fatal Injury,Approaching,Driver,20 to 24,Major,,South,"Automobile, Station Wagon",Going Ahead,Other,"Ability Impaired, Alcohol Over .08",,,,,,,,,Yes,,,,,,,,,Yes,,15,Kingsway South,15,Kingsway South (15),D22,619764.0509,4834631.3244
6790,6599702,1221095,3/2/2011 10:00:00 AM,558,FOREST MANOR Road,PARKWAY FOREST Driv,,Collector,North York,43.775045,-79.34339,,Stop Sign,Clear,Daylight,Dry,Non-Fatal Injury,SMV Other,Vehicle Owner,unknown,,,,Other,,,,,,,,,,,,Yes,,,,,,,,,,Yes,53,Henry Farm,53,Henry Farm (53),D33,633319.1325,4848220.7104
6791,6599703,1221095,3/2/2011 10:00:00 AM,558,FOREST MANOR Road,PARKWAY FOREST Driv,,Collector,North York,43.775045,-79.34339,,Stop Sign,Clear,Daylight,Dry,Non-Fatal Injury,SMV Other,Driver,30 to 34,Major,,East,"Automobile, Station Wagon",Going Ahead,Lost control,Medical or Physical Disability,,,,,,,,,Yes,,,,,,,,,,Yes,53,Henry Farm,53,Henry Farm (53),D33,633319.1325,4848220.7104
6792,6622725,1231402,3/4/2011 10:00:00 AM,2135,QUEEN Stre W,NIAGARA Stre,,Major Arterial,Toronto and East York,43.645945,-79.40989,At Intersection,Traffic Signal,Rain,Dark,Wet,Non-Fatal Injury,Pedestrian Collisions,Driver,35 to 39,None,,East,"Automobile, Station Wagon",Turning Right,Failed to Yield Right of Way,Inattentive,,,,,,,Yes,,Yes,,,,,,,Yes,,,,162,West Queen West,82,Niagara (82),D14,628242.4015,4833777.4007
6793,6622726,1231402,3/4/2011 10:00:00 AM,2135,QUEEN Stre W,NIAGARA Stre,,Major Arterial,Toronto and East York,43.645945,-79.40989,At Intersection,Traffic Signal,Rain,Dark,Wet,Non-Fatal Injury,Pedestrian Collisions,Pedestrian,25 to 29,Major,,East,Other,,,,Vehicle turns right while ped crosses with ROW at inter.,Crossing with right of way,Normal,,,,Yes,,Yes,,,,,,,Yes,,,,162,West Queen West,82,Niagara (82),D14,628242.4015,4833777.4007
6794,6601224,1221788,3/5/2011 10:00:00 AM,2257,EGLINTON Aven W,SCARLETT Road,,Major Arterial,Etobicoke York,43.683945,-79.51149,At Intersection,Traffic Signal,Rain,Dark,Wet,Non-Fatal Injury,Pedestrian Collisions,Vehicle Owner,unknown,,,,Other,,,,,,,,,,Yes,,Yes,,,,,,,,,,,9,Edenbridge-Humber Valley,9,Edenbridge-Humber Valley (9),D22,619972.5666,4837845.817
6795,6601225,1221788,3/5/2011 10:00:00 AM,2257,EGLINTON Aven W,SCARLETT Road,,Major Arterial,Etobicoke York,43.683945,-79.51149,At Intersection,Traffic Signal,Rain,Dark,Wet,Non-Fatal Injury,Pedestrian Collisions,Driver,45 to 49,None,,West,"Automobile, Station Wagon",Going Ahead,Driving Properly,Normal,,,,,,,Yes,,Yes,,,,,,,,,,,9,Edenbridge-Humber Valley,9,Edenbridge-Humber Valley (9),D22,619972.5666,4837845.817
6796,6601226,1221788,3/5/2011 10:00:00 AM,2257,EGLINTON Aven W,SCARLETT Road,,Major Arterial,Etobicoke York,43.683945,-79.51149,At Intersection,Traffic Signal,Rain,Dark,Wet,Non-Fatal Injury,Pedestrian Collisions,Pedestrian,20 to 24,Major,,North,Other,,,,Vehicle is going straight thru inter.while ped cross without ROW,Crossing without right of way,Medical or Physical Disability,,,,Yes,,Yes,,,,,,,,,,,9,Edenbridge-Humber Valley,9,Edenbridge-Humber Valley (9),D22,619972.5666,4837845.817
6797,6624590,1232208,3/8/2011 10:00:00 AM,1537,255 MORNINGSIDE AVE,,,Major Arterial,Scarborough,43.768345,-79.18619,At Intersection,Traffic Signal,Clear,Daylight,Dry,Non-Fatal Injury,Pedestrian Collisions,Driver,40 to 44,None,,West,"Automobile, Station Wagon",Turning Left,Improper Turn,Normal,,,,,,,Yes,,Yes,,,,,,,,,,,136,West Hill,136,West Hill (136),D43,645986.5816,4847741.7193
6798,6624591,1232208,3/8/2011 10:00:00 AM,1537,255 MORNINGSIDE AVE,,,Major Arterial,Scarborough,43.768345,-79.18619,At Intersection,Traffic Signal,Clear,Daylight,Dry,Non-Fatal Injury,Pedestrian Collisions,Pedestrian,75 to 79,Major,,East,Other,Other,,,Vehicle turns left while ped crosses with ROW at inter.,Crossing with right of way,Normal,,,,Yes,,Yes,,,,,,,,,,,136,West Hill,136,West Hill (136),D43,645986.5816,4847741.7193
6799,6637862,1237939,3/9/2011 10:00:00 AM,726,COLLEGE Stre,BATHURST Stre,,Major Arterial,Toronto and East York,43.656445,-79.40769,At Intersection,No Control,Rain,Daylight,Wet,Non-Fatal Injury,Pedestrian Collisions,Vehicle Owner,unknown,,,,Other,,,,,,,,,,Yes,,,,Yes,,,,,,,,,78,Kensington-Chinatown,78,Kensington-Chinatown (78),D14,628397.4569,4834946.9648
6800,6637863,1237939,3/9/2011 10:00:00 AM,726,COLLEGE Stre,BATHURST Stre,,Major Arterial,Toronto and East York,43.656445,-79.40769,At Intersection,No Control,Rain,Daylight,Wet,Non-Fatal Injury,Pedestrian Collisions,Truck Driver,25 to 29,None,,West,Truck - Open,Slowing or Stopping,Driving Properly,Inattentive,,,,,,,Yes,,,,Yes,,,,,,,,,78,Kensington-Chinatown,78,Kensington-Chinatown (78),D14,628397.4569,4834946.9648
6801,6637864,1237939,3/9/2011 10:00:00 AM,726,COLLEGE Stre,BATHURST Stre,,Major Arterial,Toronto and East York,43.656445,-79.40769,At Intersection,No Control,Rain,Daylight,Wet,Non-Fatal Injury,Pedestrian Collisions,Pedestrian,30 to 34,Major,,,Other,,,,Pedestrian hit at mid-block,Other,Normal,,,,Yes,,,,Yes,,,,,,,,,78,Kensington-Chinatown,78,Kensington-Chinatown (78),D14,628397.4569,4834946.9648
6802,6625385,1232522,3/9/2011 10:00:00 AM,1145,JANE ST,ST JOHNS RD,,Major Arterial,Toronto and East York,43.661945,-79.48969,,Traffic Signal,Snow,Daylight,Wet,Non-Fatal Injury,Pedestrian Collisions,Vehicle Owner,unknown,,,,Other,,,,,,,,,,Yes,,Yes,,,,,,,Yes,,,,89,Runnymede-Bloor West Village,89,Runnymede-Bloor West Village (89),D11,621774.1281,4835434.1917
6803,6625386,1232522,3/9/2011 10:00:00 AM,1145,JANE ST,ST JOHNS RD,,Major Arterial,Toronto and East York,43.661945,-79.48969,,Traffic Signal,Snow,Daylight,Wet,Non-Fatal Injury,Pedestrian Collisions,Driver,50 to 54,None,,West,"Automobile, Station Wagon",Turning Left,Failed to Yield Right of Way,Normal,,,,,,,Yes,,Yes,,,,,,,Yes,,,,89,Runnymede-Bloor West Village,89,Runnymede-Bloor West Village (89),D11,621774.1281,4835434.1917
6804,6625387,1232522,3/9/2011 10:00:00 AM,1145,JANE ST,ST JOHNS RD,,Major Arterial,Toronto and East York,43.661945,-79.48969,,Traffic Signal,Snow,Daylight,Wet,Non-Fatal Injury,Pedestrian Collisions,Pedestrian,5 to 9,Major,,East,Other,,,,Vehicle turns left while ped crosses with ROW at inter.,Crossing with right of way,Normal,,,,Yes,,Yes,,,,,,,Yes,,,,89,Runnymede-Bloor West Village,89,Runnymede-Bloor West Village (89),D11,621774.1281,4835434.1917
6805,6603437,1222866,3/12/2011 10:00:00 AM,1917,CHURCH ST,GOULD ST,,Minor Arterial,Toronto and East York,43.658245,-79.37789,At Intersection,Traffic Signal,Clear,Dark,Wet,Non-Fatal Injury,Pedestrian Collisions,Driver,20 to 24,None,,South,"Automobile, Station Wagon",Going Ahead,Driving Properly,Normal,,,,,,,Yes,,Yes,,,,,,,,,,,168,Downtown Yonge East,75,Church-Yonge Corridor (75),D51,630796.5256,4835193.4235
6806,6603438,1222866,3/12/2011 10:00:00 AM,1917,CHURCH ST,GOULD ST,,Minor Arterial,Toronto and East York,43.658245,-79.37789,At Intersection,Traffic Signal,Clear,Dark,Wet,Non-Fatal Injury,Pedestrian Collisions,Pedestrian,75 to 79,Major,,East,Other,,,,Vehicle is going straight thru inter.while ped cross without ROW,Crossing without right of way,Unknown,,,,Yes,,Yes,,,,,,,,,,,168,Downtown Yonge East,75,Church-Yonge Corridor (75),D51,630796.5256,4835193.4235
6807,6603537,1222908,3/13/2011 9:00:00 AM,1350,LAWRENCE AVE E,BARRYMORE RD,,Major Arterial,Scarborough,43.754245,-79.25159,At Intersection,Traffic Signal,Clear,Daylight,Dry,Non-Fatal Injury,Pedestrian Collisions,Driver,15 to 19,None,,West,"Automobile, Station Wagon",Going Ahead,Driving Properly,Unknown,,,,,,,Yes,,Yes,,,,,,,,,,,157,Bendale South,127,Bendale (127),D43,640755.7874,4846062.4676
6808,6603538,1222908,3/13/2011 9:00:00 AM,1350,LAWRENCE AVE E,BARRYMORE RD,,Major Arterial,Scarborough,43.754245,-79.25159,At Intersection,Traffic Signal,Clear,Daylight,Dry,Non-Fatal Injury,Pedestrian Collisions,Pedestrian,45 to 49,Major,,North,Other,,,,Vehicle is going straight thru inter.while ped cross without ROW,Crossing without right of way,,,,,Yes,,Yes,,,,,,,,,,,157,Bendale South,127,Bendale (127),D43,640755.7874,4846062.4676
6809,6625979,1232760,3/14/2011 8:00:00 AM,1307,CHURCH ST,CHARLES ST E,,Minor Arterial,Toronto and East York,43.669745,-79.38259,,No Control,Clear,Daylight,Dry,Non-Fatal Injury,Pedestrian Collisions,Driver,35 to 39,None,,South,"Automobile, Station Wagon",Going Ahead,Driving Properly,Normal,,,,,,,Yes,,Yes,,,,,,,,,,,167,Church-Wellesley,75,Church-Yonge Corridor (75),D51,630392.6438,4836463.2538
6810,6625980,1232760,3/14/2011 8:00:00 AM,1307,CHURCH ST,CHARLES ST E,,Minor Arterial,Toronto and East York,43.669745,-79.38259,,No Control,Clear,Daylight,Dry,Non-Fatal Injury,Pedestrian Collisions,Pedestrian,40 to 44,Major,,West,Other,,,,Pedestrian hit at mid-block,"Crossing, no Traffic Control",Unknown,,,,Yes,,Yes,,,,,,,,,,,167,Church-Wellesley,75,Church-Yonge Corridor (75),D51,630392.6438,4836463.2538
6811,6626586,1233009,3/15/2011 8:00:00 AM,852,KING Stre E,PRINCESS Stre,,Major Arterial,Toronto and East York,43.651545,-79.36709,,No Control,Clear,Daylight,Dry,Non-Fatal Injury,Turning Movement,Passenger,45 to 49,Major,,,Other,,,,,,,,,,,,Yes,,,,,Yes,,Yes,,,,73,Moss Park,73,Moss Park (73),D51,631682.0212,4834466.3817
6812,6626587,1233009,3/15/2011 8:00:00 AM,852,KING Stre E,PRINCESS Stre,,Major Arterial,Toronto and East York,43.651545,-79.36709,,No Control,Clear,Daylight,Dry,Non-Fatal Injury,Turning Movement,Vehicle Owner,unknown,,,,Other,,,,,,,,,,,,Yes,,,,,Yes,,Yes,,,,73,Moss Park,73,Moss Park (73),D51,631682.0212,4834466.3817
6813,6626588,1233009,3/15/2011 8:00:00 AM,852,KING Stre E,PRINCESS Stre,,Major Arterial,Toronto and East York,43.651545,-79.36709,,No Control,Clear,Daylight,Dry,Non-Fatal Injury,Turning Movement,Driver,45 to 49,None,,West,"Automobile, Station Wagon",Turning Left,Improper Turn,Normal,,,,,,,,,Yes,,,,,Yes,,Yes,,,,73,Moss Park,73,Moss Park (73),D51,631682.0212,4834466.3817
6814,6626589,1233009,3/15/2011 8:00:00 AM,852,KING Stre E,PRINCESS Stre,,Major Arterial,Toronto and East York,43.651545,-79.36709,,No Control,Clear,Daylight,Dry,Non-Fatal Injury,Turning Movement,Vehicle Owner,unknown,,,,Other,,,,,,,,,,,,Yes,,,,,Yes,,Yes,,,,73,Moss Park,73,Moss Park (73),D51,631682.0212,4834466.3817
6815,6626590,1233009,3/15/2011 8:00:00 AM,852,KING Stre E,PRINCESS Stre,,Major Arterial,Toronto and East York,43.651545,-79.36709,,No Control,Clear,Daylight,Dry,Non-Fatal Injury,Turning Movement,Driver,45 to 49,None,,East,"Automobile, Station Wagon",Going Ahead,Driving Properly,Normal,,,,,,,,,Yes,,,,,Yes,,Yes,,,,73,Moss Park,73,Moss Park (73),D51,631682.0212,4834466.3817
6816,6626591,1233009,3/15/2011 8:00:00 AM,852,KING Stre E,PRINCESS Stre,,Major Arterial,Toronto and East York,43.651545,-79.36709,,No Control,Clear,Daylight,Dry,Non-Fatal Injury,Turning Movement,Other Property Owner,unknown,,,,Other,,,,,,,,,,,,Yes,,,,,Yes,,Yes,,,,73,Moss Park,73,Moss Park (73),D51,631682.0212,4834466.3817
6817,6604138,1223175,3/15/2011 8:00:00 AM,1825,MOUNT PLEASANT Road,MOORE Aven,,Major Arterial,Toronto and East York,43.693545,-79.38469,At Intersection,Traffic Signal,Clear,Daylight,Dry,Non-Fatal Injury,Pedestrian Collisions,Passenger,80 to 84,None,,,Other,,,,,,,,,,Yes,,Yes,,,,,Yes,,Yes,,,,98,Rosedale-Moore Park,98,Rosedale-Moore Park (98),D53,630171.8618,4839103.2703
6818,6604139,1223175,3/15/2011 8:00:00 AM,1825,MOUNT PLEASANT Road,MOORE Aven,,Major Arterial,Toronto and East York,43.693545,-79.38469,At Intersection,Traffic Signal,Clear,Daylight,Dry,Non-Fatal Injury,Pedestrian Collisions,Driver,75 to 79,None,,West,"Automobile, Station Wagon",Turning Left,Failed to Yield Right of Way,Normal,,,,,,,Yes,,Yes,,,,,Yes,,Yes,,,,98,Rosedale-Moore Park,98,Rosedale-Moore Park (98),D53,630171.8618,4839103.2703
6819,6604140,1223175,3/15/2011 8:00:00 AM,1825,MOUNT PLEASANT Road,MOORE Aven,,Major Arterial,Toronto and East York,43.693545,-79.38469,At Intersection,Traffic Signal,Clear,Daylight,Dry,Non-Fatal Injury,Pedestrian Collisions,Pedestrian,40 to 44,Major,,West,Other,,,,Vehicle turns left while ped crosses with ROW at inter.,Crossing with right of way,Normal,,,,Yes,,Yes,,,,,Yes,,Yes,,,,98,Rosedale-Moore Park,98,Rosedale-Moore Park (98),D53,630171.8618,4839103.2703
6820,6617310,1229063,3/18/2011 8:00:00 AM,130,UNIVERSITY Aven,QUEEN Stre W,,Major Arterial,Toronto and East York,43.650845,-79.38659,At Intersection,Traffic Signal,Clear,Dark,Dry,Non-Fatal Injury,Angle,Driver,45 to 49,Major,,North,"Automobile, Station Wagon",Going Ahead,Disobeyed Traffic Control,Inattentive,,,,,,,,,Yes,,,,,,,Yes,Yes,,,170,Yonge-Bay Corridor,76,Bay Street Corridor (76),D52,630110.9864,4834357.8781
6821,6617311,1229063,3/18/2011 8:00:00 AM,130,UNIVERSITY Aven,QUEEN Stre W,,Major Arterial,Toronto and East York,43.650845,-79.38659,At Intersection,Traffic Signal,Clear,Dark,Dry,Non-Fatal Injury,Angle,Vehicle Owner,unknown,,,,Other,,,,,,,,,,,,Yes,,,,,,,Yes,Yes,,,170,Yonge-Bay Corridor,76,Bay Street Corridor (76),D52,630110.9864,4834357.8781
6822,6617312,1229063,3/18/2011 8:00:00 AM,130,UNIVERSITY Aven,QUEEN Stre W,,Major Arterial,Toronto and East York,43.650845,-79.38659,At Intersection,Traffic Signal,Clear,Dark,Dry,Non-Fatal Injury,Angle,Driver,40 to 44,None,,West,"Automobile, Station Wagon",Going Ahead,Driving Properly,Normal,,,,,,,,,Yes,,,,,,,Yes,Yes,,,170,Yonge-Bay Corridor,76,Bay Street Corridor (76),D52,630110.9864,4834357.8781
6823,6627476,1233411,3/19/2011 8:00:00 AM,1600,LESLIE st,HARRIET st,,Local,Toronto and East York,43.671645,-79.33389,,No Control,Clear,Daylight,Dry,Non-Fatal Injury,SMV Other,Driver,50 to 54,None,,South,"Automobile, Station Wagon",Reversing,Other,Inattentive,,,,,,,,,Yes,,,,,Yes,,,,,,70,South Riverdale,70,South Riverdale (70),D55,634314.5538,4836751.9775
6824,6627477,1233411,3/19/2011 8:00:00 AM,1600,LESLIE st,HARRIET st,,Local,Toronto and East York,43.671645,-79.33389,,No Control,Clear,Daylight,Dry,Non-Fatal Injury,SMV Other,Passenger,55 to 59,Minor,,,Other,,,,,,,,,,,,Yes,,,,,Yes,,,,,,70,South Riverdale,70,South Riverdale (70),D55,634314.5538,4836751.9775
6825,6627478,1233411,3/19/2011 8:00:00 AM,1600,LESLIE st,HARRIET st,,Local,Toronto and East York,43.671645,-79.33389,,No Control,Clear,Daylight,Dry,Non-Fatal Injury,SMV Other,Driver,20 to 24,Major,,North,"Automobile, Station Wagon",Going Ahead,Driving Properly,Unknown,,,,,,,,,Yes,,,,,Yes,,,,,,70,South Riverdale,70,South Riverdale (70),D55,634314.5538,4836751.9775
6826,6605113,1223675,3/20/2011 8:00:00 AM,1953,BELLAMY Road N,NELSON Stre,,Minor Arterial,Scarborough,43.745745,-79.23069,At Intersection,No Control,Clear,Dark,Dry,Non-Fatal Injury,SMV Other,Driver,40 to 44,Major,,North,"Automobile, Station Wagon",Going Ahead,Driving Properly,Normal,,,,,,,,,Yes,,,,,Yes,,,,,,141,Golfdale-Cedarbrae-Woburn,137,Woburn (137),D43,642458.5286,4845154.1443
6827,6605114,1223675,3/20/2011 8:00:00 AM,1953,BELLAMY Road N,NELSON Stre,,Minor Arterial,Scarborough,43.745745,-79.23069,At Intersection,No Control,Clear,Dark,Dry,Non-Fatal Injury,SMV Other,Passenger,30 to 34,Major,,,Other,,,,,,,,,,,,Yes,,,,,Yes,,,,,,141,Golfdale-Cedarbrae-Woburn,137,Woburn (137),D43,642458.5286,4845154.1443
6828,6605115,1223676,3/20/2011 8:00:00 AM,2120,EGLINTON Aven W,BRAEMAR Aven,,Major Arterial,North York,43.704345,-79.40959,,No Control,Clear,Dark,Dry,Non-Fatal Injury,Pedestrian Collisions,Passenger,45 to 49,None,,,Other,,,,,,,,,,Yes,,Yes,,,,,Yes,,,,,,100,Yonge-Eglinton,100,Yonge-Eglinton (100),D53,628142.2344,4840263.972
6829,6605116,1223676,3/20/2011 8:00:00 AM,2120,EGLINTON Aven W,BRAEMAR Aven,,Major Arterial,North York,43.704345,-79.40959,,No Control,Clear,Dark,Dry,Non-Fatal Injury,Pedestrian Collisions,Passenger,30 to 34,None,,,Other,,,,,,,,,,Yes,,Yes,,,,,Yes,,,,,,100,Yonge-Eglinton,100,Yonge-Eglinton (100),D53,628142.2344,4840263.972
6830,6605117,1223676,3/20/2011 8:00:00 AM,2120,EGLINTON Aven W,BRAEMAR Aven,,Major Arterial,North York,43.704345,-79.40959,,No Control,Clear,Dark,Dry,Non-Fatal Injury,Pedestrian Collisions,Driver,25 to 29,None,,East,"Automobile, Station Wagon",Going Ahead,Driving Properly,Normal,,,,,,,Yes,,Yes,,,,,Yes,,,,,,100,Yonge-Eglinton,100,Yonge-Eglinton (100),D53,628142.2344,4840263.972
6831,6605118,1223676,3/20/2011 8:00:00 AM,2120,EGLINTON Aven W,BRAEMAR Aven,,Major Arterial,North York,43.704345,-79.40959,,No Control,Clear,Dark,Dry,Non-Fatal Injury,Pedestrian Collisions,Pedestrian,70 to 74,Major,,South,Other,,,,Vehicle is going straight thru inter.while ped cross without ROW,"Crossing, no Traffic Control",Normal,,,,Yes,,Yes,,,,,Yes,,,,,,100,Yonge-Eglinton,100,Yonge-Eglinton (100),D53,628142.2344,4840263.972
6832,6607200,1224587,3/20/2011 8:00:00 AM,2215,MARKHAM RD,DUNELM ST,,Major Arterial,Scarborough,43.747145,-79.22069,,No Control,Clear,Dark,Dry,Non-Fatal Injury,Pedestrian Collisions,Vehicle Owner,unknown,,,,Other,,,,,,,,,,Yes,,Yes,,,,,Yes,,,,,,139,Scarborough Village,139,Scarborough Village (139),D43,643260.3629,4845326.8822
6833,6607201,1224587,3/20/2011 8:00:00 AM,2215,MARKHAM RD,DUNELM ST,,Major Arterial,Scarborough,43.747145,-79.22069,,No Control,Clear,Dark,Dry,Non-Fatal Injury,Pedestrian Collisions,Passenger,15 to 19,None,,,Other,,,,,,,,,,Yes,,Yes,,,,,Yes,,,,,,139,Scarborough Village,139,Scarborough Village (139),D43,643260.3629,4845326.8822
6834,6607202,1224587,3/20/2011 8:00:00 AM,2215,MARKHAM RD,DUNELM ST,,Major Arterial,Scarborough,43.747145,-79.22069,,No Control,Clear,Dark,Dry,Non-Fatal Injury,Pedestrian Collisions,Driver,15 to 19,None,,North,"Automobile, Station Wagon",Going Ahead,Driving Properly,Normal,,,,,,,Yes,,Yes,,,,,Yes,,,,,,139,Scarborough Village,139,Scarborough Village (139),D43,643260.3629,4845326.8822
6835,6607203,1224587,3/20/2011 8:00:00 AM,2215,MARKHAM RD,DUNELM ST,,Major Arterial,Scarborough,43.747145,-79.22069,,No Control,Clear,Dark,Dry,Non-Fatal Injury,Pedestrian Collisions,Pedestrian,85 to 89,Major,,South,Other,,,,Pedestrian hit on sidewalk or shoulder,On Sidewalk or Shoulder,Medical or Physical Disability,,,,Yes,,Yes,,,,,Yes,,,,,,139,Scarborough Village,139,Scarborough Village (139),D43,643260.3629,4845326.8822
6836,6631185,1235117,3/24/2011 8:00:00 AM,1234,LAKE SHORE Boul E,CHERRY Stre,,Major Arterial,Toronto and East York,43.648242,-79.354907,At Intersection,Traffic Signal,Clear,Daylight,Wet,Non-Fatal Injury,Angle,Driver,60 to 64,Minor,,South,"Automobile, Station Wagon",Going Ahead,Disobeyed Traffic Control,Other,,,,,,,,,Yes,,,,,,,Yes,Yes,,,166,St Lawrence-East Bayfront-The Islands,77,Waterfront Communities-The Island (77),D51,632671.7725,4834118.9452
6837,6631186,1235117,3/24/2011 8:00:00 AM,1234,LAKE SHORE Boul E,CHERRY Stre,,Major Arterial,Toronto and East York,43.648242,-79.354907,At Intersection,Traffic Signal,Clear,Daylight,Wet,Non-Fatal Injury,Angle,Driver,20 to 24,Major,,West,"Automobile, Station Wagon",Going Ahead,Driving Properly,Normal,,,,,,,,,Yes,,,,,,,Yes,Yes,,,166,St Lawrence-East Bayfront-The Islands,77,Waterfront Communities-The Island (77),D51,632671.7725,4834118.9452
6838,6631187,1235117,3/24/2011 8:00:00 AM,1234,LAKE SHORE Boul E,CHERRY Stre,,Major Arterial,Toronto and East York,43.648242,-79.354907,At Intersection,Traffic Signal,Clear,Daylight,Wet,Non-Fatal Injury,Angle,Other Property Owner,unknown,,,,Other,,,,,,,,,,,,Yes,,,,,,,Yes,Yes,,,166,St Lawrence-East Bayfront-The Islands,77,Waterfront Communities-The Island (77),D51,632671.7725,4834118.9452
6839,6607154,1224559,3/24/2011 8:00:00 AM,1520,WESTON RD,BELLEVUE Cres,,Minor Arterial,Etobicoke York,43.699845,-79.51539,At Intersection,No Control,Clear,Daylight,Dry,Non-Fatal Injury,Pedestrian Collisions,Driver,40 to 44,Major,,South,"Automobile, Station Wagon",Pulling Onto Shoulder or towardCurb,Lost control,Medical or Physical Disability,,,,,,,Yes,,Yes,,,,,,,,,,Yes,113,Weston,113,Weston (113),D12,619626.6124,4839606.093
6840,6607155,1224559,3/24/2011 8:00:00 AM,1520,WESTON RD,BELLEVUE Cres,,Minor Arterial,Etobicoke York,43.699845,-79.51539,At Intersection,No Control,Clear,Daylight,Dry,Non-Fatal Injury,Pedestrian Collisions,Other Property Owner,unknown,,,,Other,,,,,,,,,,Yes,,Yes,,,,,,,,,,Yes,113,Weston,113,Weston (113),D12,619626.6124,4839606.093