OBJECTID,INDEX,ACCNUM,DATE,TIME,STREET1,STREET2,OFFSET,ROAD_CLASS,DISTRICT,LATITUDE,LONGITUDE,ACCLOC,TRAFFCTL,VISIBILITY,LIGHT,RDSFCOND,ACCLASS,IMPACTYPE,INVTYPE,INVAGE,INJURY,FATAL_NO,INITDIR,VEHTYPE,MANOEUVER,DRIVACT,DRIVCOND,PEDTYPE,PEDACT,PEDCOND,CYCLISTYPE,CYCACT,CYCCOND,PEDESTRIAN,CYCLIST,AUTOMOBILE,MOTORCYCLE,TRUCK,TRSN_CITY_VEH,EMERG_VEH,PASSENGER,SPEEDING,AG_DRIV,REDLIGHT,ALCOHOL,DISABILITY,HOOD_158,NEIGHBOURHOOD_158,HOOD_140,NEIGHBOURHOOD_140,DIVISION,x,y
6841,6607156,1224559,3/24/2011 8:00:00 AM,1520,WESTON RD,BELLEVUE Cres,,Minor Arterial,Etobicoke York,43.699845,-79.51539,At Intersection,No Control,Clear,Daylight,Dry,Non-Fatal Injury,Pedestrian Collisions,Pedestrian,30 to 34,Major,,North,Other,,,,Pedestrian hit on sidewalk or shoulder,On Sidewalk or Shoulder,Normal,,,,Yes,,Yes,,,,,,,,,,Yes,113,Weston,113,Weston (113),D12,619626.6124,4839606.093
6842,6804372,1224710,3/24/2011 8:00:00 AM,2225,SHEPPARD AVE E,MURISON BLVD,,Major Arterial,Scarborough,43.799145,-79.21289,At Intersection,Traffic Signal,Clear,Dark,Dry,Fatal,Pedestrian Collisions,Driver,30 to 34,None,,East,"Automobile, Station Wagon",Going Ahead,Exceeding Speed Limit,Normal,,,,,,,Yes,,Yes,,,,,,Yes,Yes,,,,146,Malvern East,132,Malvern (132),D42,643763.7216,4851115.8211
6843,6804373,1224710,3/24/2011 8:00:00 AM,2225,SHEPPARD AVE E,MURISON BLVD,,Major Arterial,Scarborough,43.799145,-79.21289,At Intersection,Traffic Signal,Clear,Dark,Dry,Fatal,Pedestrian Collisions,Pedestrian,20 to 24,Fatal,6,South,Other,,,,Vehicle is going straight thru inter.while ped cross without ROW,Crossing without right of way,Normal,,,,Yes,,Yes,,,,,,Yes,Yes,,,,146,Malvern East,132,Malvern (132),D42,643763.7216,4851115.8211
6844,6614963,1228029,3/25/2011 8:00:00 AM,720,315 MAIN ST,,,Minor Arterial,Toronto and East York,43.689044,-79.302287,,No Control,Clear,Daylight,Dry,Non-Fatal Injury,Pedestrian Collisions,Driver,unknown,None,,North,"Automobile, Station Wagon",Pulling Away from Shoulder or Curb,,,,,,,,,Yes,,Yes,,,,,,,,,,,62,East End-Danforth,62,East End-Danforth (62),D55,636822.724,4838736.0356
6845,6614964,1228029,3/25/2011 8:00:00 AM,720,315 MAIN ST,,,Minor Arterial,Toronto and East York,43.689044,-79.302287,,No Control,Clear,Daylight,Dry,Non-Fatal Injury,Pedestrian Collisions,Pedestrian,45 to 49,Major,,East,Other,,,,Pedestrian hit at mid-block,"Crossing, no Traffic Control",Normal,,,,Yes,,Yes,,,,,,,,,,,62,East End-Danforth,62,East End-Danforth (62),D55,636822.724,4838736.0356
6846,6632929,1235812,3/26/2011 8:00:00 AM,718,EGLINTON AVE W,RENFORTH DR,,Major Arterial,Etobicoke York,43.665745,-79.58779,,No Control,Clear,Dawn,Dry,Non-Fatal Injury,SMV Other,Driver,60 to 64,Major,,East,"Automobile, Station Wagon",Going Ahead,Lost control,Inattentive,,,,,,,,,Yes,,,,,,,,,,,11,Eringate-Centennial-West Deane,11,Eringate-Centennial-West Deane (11),D22,613857.2219,4835716.9269
6847,6632930,1235812,3/26/2011 8:00:00 AM,718,EGLINTON AVE W,RENFORTH DR,,Major Arterial,Etobicoke York,43.665745,-79.58779,,No Control,Clear,Dawn,Dry,Non-Fatal Injury,SMV Other,Other Property Owner,unknown,,,,Other,,,,,,,,,,,,Yes,,,,,,,,,,,11,Eringate-Centennial-West Deane,11,Eringate-Centennial-West Deane (11),D22,613857.2219,4835716.9269
6848,6607902,1224921,3/28/2011 8:00:00 AM,1152,NORTH QUEEN ST,ATOMIC AVE,,Minor Arterial,Etobicoke York,43.621845,-79.54319,,No Control,Clear,Daylight,Dry,Fatal,Approaching,Driver,70 to 74,Fatal,7,West,"Automobile, Station Wagon",Going Ahead,Lost control,Unknown,,,,,,,,,Yes,,Yes,,,,,,,,,159,Etobicoke City Centre,14,Islington-City Centre West (14),D22,617538.6327,4830903.4525
6849,6607903,1224921,3/28/2011 8:00:00 AM,1152,NORTH QUEEN ST,ATOMIC AVE,,Minor Arterial,Etobicoke York,43.621845,-79.54319,,No Control,Clear,Daylight,Dry,Fatal,Approaching,Vehicle Owner,unknown,,,,Other,,,,,,,,,,,,Yes,,Yes,,,,,,,,,159,Etobicoke City Centre,14,Islington-City Centre West (14),D22,617538.6327,4830903.4525
6850,6607904,1224921,3/28/2011 8:00:00 AM,1152,NORTH QUEEN ST,ATOMIC AVE,,Minor Arterial,Etobicoke York,43.621845,-79.54319,,No Control,Clear,Daylight,Dry,Fatal,Approaching,Truck Driver,50 to 54,Minor,,East,Truck - Open,Going Ahead,Driving Properly,Normal,,,,,,,,,Yes,,Yes,,,,,,,,,159,Etobicoke City Centre,14,Islington-City Centre West (14),D22,617538.6327,4830903.4525
6851,6607905,1224921,3/28/2011 8:00:00 AM,1152,NORTH QUEEN ST,ATOMIC AVE,,Minor Arterial,Etobicoke York,43.621845,-79.54319,,No Control,Clear,Daylight,Dry,Fatal,Approaching,Driver,25 to 29,None,,West,"Automobile, Station Wagon",Going Ahead,Driving Properly,Normal,,,,,,,,,Yes,,Yes,,,,,,,,,159,Etobicoke City Centre,14,Islington-City Centre West (14),D22,617538.6327,4830903.4525
6852,6607915,1224926,3/28/2011 8:00:00 AM,1555,DON VALLEY PARKWAY  N,DON MILLS Road,,,Toronto and East York,43.699545,-79.33849,,No Control,Clear,Daylight,Dry,Non-Fatal Injury,Rear End,Driver,25 to 29,Major,,North,"Automobile, Station Wagon",Slowing or Stopping,Driving Properly,Normal,,,,,,,,,Yes,,,,,Yes,Yes,Yes,,,,58,Old East York,58,Old East York (58),D55,633881.6352,4839843.221
6853,6607916,1224926,3/28/2011 8:00:00 AM,1555,DON VALLEY PARKWAY  N,DON MILLS Road,,,Toronto and East York,43.699545,-79.33849,,No Control,Clear,Daylight,Dry,Non-Fatal Injury,Rear End,Passenger,20 to 24,Minimal,,,Other,,,,,,,,,,,,Yes,,,,,Yes,Yes,Yes,,,,58,Old East York,58,Old East York (58),D55,633881.6352,4839843.221
6854,6607917,1224926,3/28/2011 8:00:00 AM,1555,DON VALLEY PARKWAY  N,DON MILLS Road,,,Toronto and East York,43.699545,-79.33849,,No Control,Clear,Daylight,Dry,Non-Fatal Injury,Rear End,Driver,20 to 24,Minimal,,North,"Automobile, Station Wagon",Going Ahead,Speed too Fast For Condition,Normal,,,,,,,,,Yes,,,,,Yes,Yes,Yes,,,,58,Old East York,58,Old East York (58),D55,633881.6352,4839843.221
6855,6633069,1235865,3/29/2011 8:00:00 AM,950,HURON ST,DUNDAS ST W,,Major Arterial,Toronto and East York,43.653345,-79.39619,At Intersection,Traffic Signal,Clear,Daylight,Dry,Non-Fatal Injury,Pedestrian Collisions,Pedestrian,75 to 79,Major,,Unknown,Other,,,,Vehicle turns left while ped crosses with ROW at inter.,Crossing with right of way,Normal,,,,Yes,,Yes,,,,,,,Yes,,,,78,Kensington-Chinatown,78,Kensington-Chinatown (78),D52,629331.4346,4834620.5286
6856,6633070,1235865,3/29/2011 8:00:00 AM,950,HURON ST,DUNDAS ST W,,Major Arterial,Toronto and East York,43.653345,-79.39619,At Intersection,Traffic Signal,Clear,Daylight,Dry,Non-Fatal Injury,Pedestrian Collisions,Driver,50 to 54,None,,South,"Automobile, Station Wagon",Turning Left,Failed to Yield Right of Way,Inattentive,,,,,,,Yes,,Yes,,,,,,,Yes,,,,78,Kensington-Chinatown,78,Kensington-Chinatown (78),D52,629331.4346,4834620.5286
6857,6634062,1236286,3/30/2011 8:00:00 AM,650,COLLEGE ST,DOVERCOURT RD,,Major Arterial,Toronto and East York,43.653545,-79.42639,At Intersection,Traffic Signal,Clear,Daylight,Dry,Non-Fatal Injury,Cyclist Collisions,Vehicle Owner,unknown,,,,Other,,,,,,,,,,,Yes,,,Yes,,,,,,,,,84,Little Portugal,84,Little Portugal (84),D14,626895.6573,4834596.1151
6858,6634063,1236286,3/30/2011 8:00:00 AM,650,COLLEGE ST,DOVERCOURT RD,,Major Arterial,Toronto and East York,43.653545,-79.42639,At Intersection,Traffic Signal,Clear,Daylight,Dry,Non-Fatal Injury,Cyclist Collisions,Truck Driver,60 to 64,None,,East,Truck - Open,Turning Right,Driving Properly,Normal,,,,,,,,Yes,,,Yes,,,,,,,,,84,Little Portugal,84,Little Portugal (84),D14,626895.6573,4834596.1151
6859,6634064,1236286,3/30/2011 8:00:00 AM,650,COLLEGE ST,DOVERCOURT RD,,Major Arterial,Toronto and East York,43.653545,-79.42639,At Intersection,Traffic Signal,Clear,Daylight,Dry,Non-Fatal Injury,Cyclist Collisions,Cyclist,45 to 49,Major,,West,Bicycle,Going Ahead,,,,,,"Cyclist without ROW rides into path of motorist at inter, lnwy, dwy-Cyclist not turn.",Other,Inattentive,,Yes,,,Yes,,,,,,,,,84,Little Portugal,84,Little Portugal (84),D14,626895.6573,4834596.1151
6860,6609358,1225560,3/31/2011 8:00:00 AM,607,DUNDAS ST E,OSKENONTON  LANE,,Major Arterial,Toronto and East York,43.658445,-79.37019,At Intersection,No Control,Rain,Dawn,Wet,Non-Fatal Injury,Pedestrian Collisions,Driver,50 to 54,None,,East,"Automobile, Station Wagon",Going Ahead,Driving Properly,Normal,,,,,,,Yes,,Yes,,,,,,,,,,,73,Moss Park,73,Moss Park (73),D51,631416.9745,4835227.8033
6861,6609359,1225560,3/31/2011 8:00:00 AM,607,DUNDAS ST E,OSKENONTON  LANE,,Major Arterial,Toronto and East York,43.658445,-79.37019,At Intersection,No Control,Rain,Dawn,Wet,Non-Fatal Injury,Pedestrian Collisions,Pedestrian,65 to 69,Major,,North,Other,,,,Vehicle is going straight thru inter.while ped cross without ROW,"Crossing, no Traffic Control",Inattentive,,,,Yes,,Yes,,,,,,,,,,,73,Moss Park,73,Moss Park (73),D51,631416.9745,4835227.8033
6862,6636078,1237144,4/2/2011 8:00:00 AM,1930,WESTON Road,LANYARD Road,,Major Arterial,Etobicoke York,43.748245,-79.54159,At Intersection,Traffic Signal,Clear,Dark,Dry,Non-Fatal Injury,Sideswipe,Driver,50 to 54,None,,North,"Automobile, Station Wagon",Going Ahead,Driving Properly,Normal,,,,,,,,,Yes,,,,,Yes,,,,,,22,Humbermede,22,Humbermede (22),D31,617420.8635,4844944.1254
6863,6636079,1237144,4/2/2011 8:00:00 AM,1930,WESTON Road,LANYARD Road,,Major Arterial,Etobicoke York,43.748245,-79.54159,At Intersection,Traffic Signal,Clear,Dark,Dry,Non-Fatal Injury,Sideswipe,Driver,40 to 44,Minor,,North,"Automobile, Station Wagon",Going Ahead,Driving Properly,Normal,,,,,,,,,Yes,,,,,Yes,,,,,,22,Humbermede,22,Humbermede (22),D31,617420.8635,4844944.1254
6864,6636080,1237144,4/2/2011 8:00:00 AM,1930,WESTON Road,LANYARD Road,,Major Arterial,Etobicoke York,43.748245,-79.54159,At Intersection,Traffic Signal,Clear,Dark,Dry,Non-Fatal Injury,Sideswipe,Passenger,55 to 59,Major,,,Other,,,,,,,,,,,,Yes,,,,,Yes,,,,,,22,Humbermede,22,Humbermede (22),D31,617420.8635,4844944.1254
6865,6636081,1237144,4/2/2011 8:00:00 AM,1930,WESTON Road,LANYARD Road,,Major Arterial,Etobicoke York,43.748245,-79.54159,At Intersection,Traffic Signal,Clear,Dark,Dry,Non-Fatal Injury,Sideswipe,Passenger,10 to 14,Minimal,,,Other,,,,,,,,,,,,Yes,,,,,Yes,,,,,,22,Humbermede,22,Humbermede (22),D31,617420.8635,4844944.1254
6866,6636082,1237144,4/2/2011 8:00:00 AM,1930,WESTON Road,LANYARD Road,,Major Arterial,Etobicoke York,43.748245,-79.54159,At Intersection,Traffic Signal,Clear,Dark,Dry,Non-Fatal Injury,Sideswipe,Driver,35 to 39,Minor,,South,"Automobile, Station Wagon",Going Ahead,Driving Properly,Normal,,,,,,,,,Yes,,,,,Yes,,,,,,22,Humbermede,22,Humbermede (22),D31,617420.8635,4844944.1254
6867,6636083,1237144,4/2/2011 8:00:00 AM,1930,WESTON Road,LANYARD Road,,Major Arterial,Etobicoke York,43.748245,-79.54159,At Intersection,Traffic Signal,Clear,Dark,Dry,Non-Fatal Injury,Sideswipe,Vehicle Owner,unknown,,,,Other,,,,,,,,,,,,Yes,,,,,Yes,,,,,,22,Humbermede,22,Humbermede (22),D31,617420.8635,4844944.1254
6868,6636084,1237144,4/2/2011 8:00:00 AM,1930,WESTON Road,LANYARD Road,,Major Arterial,Etobicoke York,43.748245,-79.54159,At Intersection,Traffic Signal,Clear,Dark,Dry,Non-Fatal Injury,Sideswipe,Driver,20 to 24,None,,North,"Automobile, Station Wagon",Changing Lanes,Improper Lane Change,Normal,,,,,,,,,Yes,,,,,Yes,,,,,,22,Humbermede,22,Humbermede (22),D31,617420.8635,4844944.1254
6869,6635662,1236980,4/2/2011 8:00:00 AM,2210,LAWRENCE AVE W,VARNA DR,,Major Arterial,North York,43.717445,-79.43769,At Intersection,Traffic Signal,Clear,Dark,Dry,Non-Fatal Injury,Turning Movement,Driver,70 to 74,Minimal,,East,"Automobile, Station Wagon",Turning Left,Failed to Yield Right of Way,Normal,,,,,,,,,Yes,,,,,Yes,,Yes,,,,32,Englemount-Lawrence,32,Englemount-Lawrence (32),D13,625850.7237,4841675.8611
6870,6635663,1236980,4/2/2011 8:00:00 AM,2210,LAWRENCE AVE W,VARNA DR,,Major Arterial,North York,43.717445,-79.43769,At Intersection,Traffic Signal,Clear,Dark,Dry,Non-Fatal Injury,Turning Movement,Passenger,unknown,Minor,,,Other,,,,,,,,,,,,Yes,,,,,Yes,,Yes,,,,32,Englemount-Lawrence,32,Englemount-Lawrence (32),D13,625850.7237,4841675.8611
6871,6635664,1236980,4/2/2011 8:00:00 AM,2210,LAWRENCE AVE W,VARNA DR,,Major Arterial,North York,43.717445,-79.43769,At Intersection,Traffic Signal,Clear,Dark,Dry,Non-Fatal Injury,Turning Movement,Passenger,0 to 4,Major,,,Other,,,,,,,,,,,,Yes,,,,,Yes,,Yes,,,,32,Englemount-Lawrence,32,Englemount-Lawrence (32),D13,625850.7237,4841675.8611
6872,6635665,1236980,4/2/2011 8:00:00 AM,2210,LAWRENCE AVE W,VARNA DR,,Major Arterial,North York,43.717445,-79.43769,At Intersection,Traffic Signal,Clear,Dark,Dry,Non-Fatal Injury,Turning Movement,Vehicle Owner,unknown,,,,Other,,,,,,,,,,,,Yes,,,,,Yes,,Yes,,,,32,Englemount-Lawrence,32,Englemount-Lawrence (32),D13,625850.7237,4841675.8611
6873,6635666,1236980,4/2/2011 8:00:00 AM,2210,LAWRENCE AVE W,VARNA DR,,Major Arterial,North York,43.717445,-79.43769,At Intersection,Traffic Signal,Clear,Dark,Dry,Non-Fatal Injury,Turning Movement,Driver,25 to 29,Minor,,West,"Automobile, Station Wagon",Going Ahead,Driving Properly,Normal,,,,,,,,,Yes,,,,,Yes,,Yes,,,,32,Englemount-Lawrence,32,Englemount-Lawrence (32),D13,625850.7237,4841675.8611
6874,6610707,1226172,4/4/2011 8:00:00 AM,319,SHEPPARD AVE W,WESTON RD,,Major Arterial,Etobicoke York,43.733745,-79.53819,At Intersection,Traffic Signal,Rain,Dark,Wet,Non-Fatal Injury,SMV Other,Driver,35 to 39,Major,,West,"Automobile, Station Wagon",Going Ahead,Lost control,Unknown,,,,,,,,,Yes,,,,,,,,,,,23,Pelmo Park-Humberlea,23,Pelmo Park-Humberlea (23),D31,617723.0235,4843338.5169
6875,6610708,1226172,4/4/2011 8:00:00 AM,319,SHEPPARD AVE W,WESTON RD,,Major Arterial,Etobicoke York,43.733745,-79.53819,At Intersection,Traffic Signal,Rain,Dark,Wet,Non-Fatal Injury,SMV Other,Other Property Owner,unknown,,,,Other,,,,,,,,,,,,Yes,,,,,,,,,,,23,Pelmo Park-Humberlea,23,Pelmo Park-Humberlea (23),D31,617723.0235,4843338.5169
6876,6611406,1226490,4/5/2011 8:00:00 AM,745,DUNDAS ST W,BLOOR ST W,,Minor Arterial,Toronto and East York,43.655745,-79.45229,,No Control,Clear,Daylight,Dry,Non-Fatal Injury,Pedestrian Collisions,Other,25 to 29,None,,,Other,,,,,,,,,,Yes,,Yes,,,,,,,,,,,86,Roncesvalles,86,Roncesvalles (86),D11,624802.5083,4834801.1727
6877,6611407,1226490,4/5/2011 8:00:00 AM,745,DUNDAS ST W,BLOOR ST W,,Minor Arterial,Toronto and East York,43.655745,-79.45229,,No Control,Clear,Daylight,Dry,Non-Fatal Injury,Pedestrian Collisions,Pedestrian,60 to 64,Major,,West,Other,Other,,,Pedestrian hit at mid-block,"Crossing, no Traffic Control",Normal,,,,Yes,,Yes,,,,,,,,,,,86,Roncesvalles,86,Roncesvalles (86),D11,624802.5083,4834801.1727
6878,6611408,1226490,4/5/2011 8:00:00 AM,745,DUNDAS ST W,BLOOR ST W,,Minor Arterial,Toronto and East York,43.655745,-79.45229,,No Control,Clear,Daylight,Dry,Non-Fatal Injury,Pedestrian Collisions,Driver,20 to 24,None,,North,"Automobile, Station Wagon",Slowing or Stopping,Driving Properly,Normal,,,,,,,Yes,,Yes,,,,,,,,,,,86,Roncesvalles,86,Roncesvalles (86),D11,624802.5083,4834801.1727
6879,6636567,1237364,4/5/2011 8:00:00 AM,1020,JARVIS ST,WELLESLEY ST E,,Major Arterial,Toronto and East York,43.666245,-79.37829,At Intersection,Traffic Signal,Clear,Daylight,Dry,Non-Fatal Injury,Cyclist Collisions,Driver,65 to 69,None,,South,"Automobile, Station Wagon",Going Ahead,Driving Properly,Normal,,,,,,,,Yes,Yes,,,,,,,,,,,71,Cabbagetown-South St.James Town,71,Cabbagetown-South St.James Town (71),D51,630746.9046,4836081.2997
6880,6636568,1237364,4/5/2011 8:00:00 AM,1020,JARVIS ST,WELLESLEY ST E,,Major Arterial,Toronto and East York,43.666245,-79.37829,At Intersection,Traffic Signal,Clear,Daylight,Dry,Non-Fatal Injury,Cyclist Collisions,Cyclist,65 to 69,Major,,South,Bicycle,Overtaking,,,,,,Cyclist and Driver travelling in same direction. One vehicle sideswipes the other.,Improper Passing,Normal,,Yes,Yes,,,,,,,,,,,71,Cabbagetown-South St.James Town,71,Cabbagetown-South St.James Town (71),D51,630746.9046,4836081.2997
6881,6636674,1237405,4/6/2011 8:00:00 AM,2138,PARKWAY FOREST DR,FOREST MANOR RD,,Collector,North York,43.775045,-79.34339,At Intersection,No Control,Clear,Dark,Dry,Non-Fatal Injury,Pedestrian Collisions,Driver,60 to 64,None,,South,"Automobile, Station Wagon",Turning Right,Failed to Yield Right of Way,Inattentive,,,,,,,Yes,,Yes,,,,,,,Yes,,,,53,Henry Farm,53,Henry Farm (53),D33,633319.1325,4848220.7104
6882,6636675,1237405,4/6/2011 8:00:00 AM,2138,PARKWAY FOREST DR,FOREST MANOR RD,,Collector,North York,43.775045,-79.34339,At Intersection,No Control,Clear,Dark,Dry,Non-Fatal Injury,Pedestrian Collisions,Pedestrian,55 to 59,Major,,South,Other,Other,,,Vehicle turns right while ped crosses with ROW at inter.,Crossing with right of way,Normal,,,,Yes,,Yes,,,,,,,Yes,,,,53,Henry Farm,53,Henry Farm (53),D33,633319.1325,4848220.7104
6883,7558804,1226853,4/7/2011 8:00:00 AM,2040,WILLOWDALE Aven,REVCOE Driv,,Minor Arterial,North York,43.785745,-79.40909,,No Control,Clear,Dark,Dry,Non-Fatal Injury,Rear End,Vehicle Owner,unknown,,,,Other,,,,,,,,,,,,Yes,,,,,,Yes,Yes,,,Yes,50,Newtonbrook East,50,Newtonbrook East (50),D32,628008.902,4849305.4155
6884,7558805,1226853,4/7/2011 8:00:00 AM,2040,WILLOWDALE Aven,REVCOE Driv,,Minor Arterial,North York,43.785745,-79.40909,,No Control,Clear,Dark,Dry,Non-Fatal Injury,Rear End,Driver,55 to 59,Minor,,North,"Automobile, Station Wagon",Going Ahead,Driving Properly,Normal,,,,,,,,,Yes,,,,,,Yes,Yes,,,Yes,50,Newtonbrook East,50,Newtonbrook East (50),D32,628008.902,4849305.4155
6885,7558806,1226853,4/7/2011 8:00:00 AM,2040,WILLOWDALE Aven,REVCOE Driv,,Minor Arterial,North York,43.785745,-79.40909,,No Control,Clear,Dark,Dry,Non-Fatal Injury,Rear End,Driver,75 to 79,Major,,North,"Automobile, Station Wagon",Going Ahead,Following too Close,Medical or Physical Disability,,,,,,,,,Yes,,,,,,Yes,Yes,,,Yes,50,Newtonbrook East,50,Newtonbrook East (50),D32,628008.902,4849305.4155
6886,6625138,1232425,4/8/2011 8:00:00 AM,1628,EGLINTON AVE W,HEDDINGTON AVE,,Major Arterial,North York,43.703445,-79.41389,At Intersection,Traffic Signal,Clear,Daylight,Dry,Non-Fatal Injury,Rear End,Driver,70 to 74,Minor,,West,"Automobile, Station Wagon",Slowing or Stopping,Driving Properly,Normal,,,,,,,,,Yes,,,,,,,Yes,Yes,,,101,Forest Hill South,101,Forest Hill South (101),D53,627797.6846,4840157.3769
6887,6625139,1232425,4/8/2011 8:00:00 AM,1628,EGLINTON AVE W,HEDDINGTON AVE,,Major Arterial,North York,43.703445,-79.41389,At Intersection,Traffic Signal,Clear,Daylight,Dry,Non-Fatal Injury,Rear End,Driver,65 to 69,Major,,West,"Automobile, Station Wagon",Going Ahead,Disobeyed Traffic Control,Normal,,,,,,,,,Yes,,,,,,,Yes,Yes,,,101,Forest Hill South,101,Forest Hill South (101),D53,627797.6846,4840157.3769
6888,6625140,1232425,4/8/2011 8:00:00 AM,1628,EGLINTON AVE W,HEDDINGTON AVE,,Major Arterial,North York,43.703445,-79.41389,At Intersection,Traffic Signal,Clear,Daylight,Dry,Non-Fatal Injury,Rear End,Vehicle Owner,unknown,,,,Other,,,,,,,,,,,,Yes,,,,,,,Yes,Yes,,,101,Forest Hill South,101,Forest Hill South (101),D53,627797.6846,4840157.3769
6889,6625141,1232425,4/8/2011 8:00:00 AM,1628,EGLINTON AVE W,HEDDINGTON AVE,,Major Arterial,North York,43.703445,-79.41389,At Intersection,Traffic Signal,Clear,Daylight,Dry,Non-Fatal Injury,Rear End,Driver,35 to 39,Minor,,West,"Automobile, Station Wagon",Slowing or Stopping,Driving Properly,Normal,,,,,,,,,Yes,,,,,,,Yes,Yes,,,101,Forest Hill South,101,Forest Hill South (101),D53,627797.6846,4840157.3769
6890,6613520,1227443,4/11/2011 8:00:00 AM,1750,LA ROSE Aven,TIMOTHY Cour,,Collector,Etobicoke York,43.685845,-79.51959,,Pedestrian Crossover,Clear,Daylight,Dry,Non-Fatal Injury,Pedestrian Collisions,Driver,80 to 84,None,,West,"Automobile, Station Wagon",Going Ahead,,,,,,,,,Yes,,Yes,,,,,,,,,,,8,Humber Heights-Westmount,8,Humber Heights-Westmount (8),D23,619315.9418,4838045.1522
6891,6613521,1227443,4/11/2011 8:00:00 AM,1750,LA ROSE Aven,TIMOTHY Cour,,Collector,Etobicoke York,43.685845,-79.51959,,Pedestrian Crossover,Clear,Daylight,Dry,Non-Fatal Injury,Pedestrian Collisions,Pedestrian,unknown,Major,,,Other,Other,,,,,,,,,Yes,,Yes,,,,,,,,,,,8,Humber Heights-Westmount,8,Humber Heights-Westmount (8),D23,619315.9418,4838045.1522
6892,6633714,1236141,4/15/2011 8:00:00 AM,1206,MCNICOLL AVE,TAPSCOTT RD,,Minor Arterial,Scarborough,43.826745,-79.23999,,No Control,Clear,Daylight,Dry,Non-Fatal Injury,SMV Other,Driver,25 to 29,Major,,West,"Automobile, Station Wagon",Going Ahead,Lost control,Normal,,,,,,,,,Yes,,,,,,,Yes,,,,144,Morningside Heights,131,Rouge (131),D42,641518.431,4854134.5309
6893,6633715,1236141,4/15/2011 8:00:00 AM,1206,MCNICOLL AVE,TAPSCOTT RD,,Minor Arterial,Scarborough,43.826745,-79.23999,,No Control,Clear,Daylight,Dry,Non-Fatal Injury,SMV Other,Other Property Owner,unknown,,,,Other,,,,,,,,,,,,Yes,,,,,,,Yes,,,,144,Morningside Heights,131,Rouge (131),D42,641518.431,4854134.5309
6894,6633716,1236141,4/15/2011 8:00:00 AM,1206,MCNICOLL AVE,TAPSCOTT RD,,Minor Arterial,Scarborough,43.826745,-79.23999,,No Control,Clear,Daylight,Dry,Non-Fatal Injury,SMV Other,Other Property Owner,unknown,,,,Other,,,,,,,,,,,,Yes,,,,,,,Yes,,,,144,Morningside Heights,131,Rouge (131),D42,641518.431,4854134.5309
6895,6615758,1228390,4/17/2011 8:00:00 AM,1130,WILSON AVE,HIGHVIEW AVE,,Major Arterial,North York,43.723345,-79.49679,At Intersection,Traffic Signal,Clear,Daylight,Dry,Non-Fatal Injury,SMV Other,Driver,70 to 74,Major,,East,"Automobile, Station Wagon",Going Ahead,Lost control,Other,,,,,,,,,Yes,,,,,,,,,,,154,Oakdale-Beverley Heights,26,Downsview-Roding-CFB (26),D31,621078.0421,4842243.0998
6896,6615759,1228390,4/17/2011 8:00:00 AM,1130,WILSON AVE,HIGHVIEW AVE,,Major Arterial,North York,43.723345,-79.49679,At Intersection,Traffic Signal,Clear,Daylight,Dry,Non-Fatal Injury,SMV Other,Other Property Owner,unknown,,,,Other,,,,,,,,,,,,Yes,,,,,,,,,,,154,Oakdale-Beverley Heights,26,Downsview-Roding-CFB (26),D31,621078.0421,4842243.0998
6897,6616193,1228585,4/18/2011 8:00:00 AM,1024,HIGHWAY 27  N,CARRIER DR,,Major Arterial,Etobicoke York,43.739845,-79.60559,At Intersection,No Control,Clear,Daylight,Dry,Non-Fatal Injury,Sideswipe,Passenger,30 to 34,Major,,,Other,,,,,,,,,,,,Yes,,Yes,,,Yes,,,,,,1,West Humber-Clairville,1,West Humber-Clairville (1),D23,612283.7042,4843922.4604
6898,6616194,1228585,4/18/2011 8:00:00 AM,1024,HIGHWAY 27  N,CARRIER DR,,Major Arterial,Etobicoke York,43.739845,-79.60559,At Intersection,No Control,Clear,Daylight,Dry,Non-Fatal Injury,Sideswipe,Driver,85 to 89,Minor,,North,"Automobile, Station Wagon",Unknown,Lost control,Normal,,,,,,,,,Yes,,Yes,,,Yes,,,,,,1,West Humber-Clairville,1,West Humber-Clairville (1),D23,612283.7042,4843922.4604
6899,6616195,1228585,4/18/2011 8:00:00 AM,1024,HIGHWAY 27  N,CARRIER DR,,Major Arterial,Etobicoke York,43.739845,-79.60559,At Intersection,No Control,Clear,Daylight,Dry,Non-Fatal Injury,Sideswipe,Vehicle Owner,unknown,,,,Other,,,,,,,,,,,,Yes,,Yes,,,Yes,,,,,,1,West Humber-Clairville,1,West Humber-Clairville (1),D23,612283.7042,4843922.4604
6900,6616196,1228585,4/18/2011 8:00:00 AM,1024,HIGHWAY 27  N,CARRIER DR,,Major Arterial,Etobicoke York,43.739845,-79.60559,At Intersection,No Control,Clear,Daylight,Dry,Non-Fatal Injury,Sideswipe,Truck Driver,45 to 49,None,,North,Truck - Open,Going Ahead,Driving Properly,Normal,,,,,,,,,Yes,,Yes,,,Yes,,,,,,1,West Humber-Clairville,1,West Humber-Clairville (1),D23,612283.7042,4843922.4604
6901,6616197,1228586,4/18/2011 8:00:00 AM,1315,DUNDAS ST W,BAY ST,,Major Arterial,Toronto and East York,43.655945,-79.38279,,No Control,Clear,Daylight,Dry,Non-Fatal Injury,Cyclist Collisions,Vehicle Owner,unknown,,,,Other,,,,,,,,,,,Yes,Yes,,,,,,,Yes,,,,170,Yonge-Bay Corridor,76,Bay Street Corridor (76),D52,630406.3957,4834930.2654