OBJECTID,INDEX,ACCNUM,DATE,TIME,STREET1,STREET2,OFFSET,ROAD_CLASS,DISTRICT,LATITUDE,LONGITUDE,ACCLOC,TRAFFCTL,VISIBILITY,LIGHT,RDSFCOND,ACCLASS,IMPACTYPE,INVTYPE,INVAGE,INJURY,FATAL_NO,INITDIR,VEHTYPE,MANOEUVER,DRIVACT,DRIVCOND,PEDTYPE,PEDACT,PEDCOND,CYCLISTYPE,CYCACT,CYCCOND,PEDESTRIAN,CYCLIST,AUTOMOBILE,MOTORCYCLE,TRUCK,TRSN_CITY_VEH,EMERG_VEH,PASSENGER,SPEEDING,AG_DRIV,REDLIGHT,ALCOHOL,DISABILITY,HOOD_158,NEIGHBOURHOOD_158,HOOD_140,NEIGHBOURHOOD_140,DIVISION,x,y
6902,6616198,1228586,4/18/2011 8:00:00 AM,1315,DUNDAS ST W,BAY ST,,Major Arterial,Toronto and East York,43.655945,-79.38279,,No Control,Clear,Daylight,Dry,Non-Fatal Injury,Cyclist Collisions,Driver,25 to 29,None,,East,"Automobile, Station Wagon",Pulling Away from Shoulder or Curb,Failed to Yield Right of Way,Normal,,,,,,,,Yes,Yes,,,,,,,Yes,,,,170,Yonge-Bay Corridor,76,Bay Street Corridor (76),D52,630406.3957,4834930.2654
6903,6616199,1228586,4/18/2011 8:00:00 AM,1315,DUNDAS ST W,BAY ST,,Major Arterial,Toronto and East York,43.655945,-79.38279,,No Control,Clear,Daylight,Dry,Non-Fatal Injury,Cyclist Collisions,Cyclist,25 to 29,Major,,East,Bicycle,Going Ahead,,,,,,Cyclist and Driver travelling in same direction. One vehicle sideswipes the other.,Driving Properly,Normal,,Yes,Yes,,,,,,,Yes,,,,170,Yonge-Bay Corridor,76,Bay Street Corridor (76),D52,630406.3957,4834930.2654
6904,6617136,1228987,4/20/2011 8:00:00 AM,538,MARKHAM RD,HIGHWAY 401 C  E,,Major Arterial,Scarborough,43.785345,-79.23519,,No Control,Rain,Dark,Wet,Non-Fatal Injury,Cyclist Collisions,Driver,50 to 54,None,,North,"Automobile, Station Wagon",Going Ahead,Speed too Fast For Condition,Inattentive,,,,,,,,Yes,Yes,,,,,,Yes,Yes,,,,142,Woburn North,137,Woburn (137),D43,642002.4632,4849544.6111
6905,6617137,1228987,4/20/2011 8:00:00 AM,538,MARKHAM RD,HIGHWAY 401 C  E,,Major Arterial,Scarborough,43.785345,-79.23519,,No Control,Rain,Dark,Wet,Non-Fatal Injury,Cyclist Collisions,Cyclist,35 to 39,Major,,North,Bicycle,Going Ahead,,,,,,Cyclist and Driver travelling in same direction. One vehicle rear-ended the other.,Driving Properly,Normal,,Yes,Yes,,,,,,Yes,Yes,,,,142,Woburn North,137,Woburn (137),D43,642002.4632,4849544.6111
6906,6617163,1229005,4/20/2011 8:00:00 AM,1730,MIDLAND AVE,GILDER DR,,Major Arterial,Scarborough,43.736045,-79.25879,,Traffic Signal,Clear,Daylight,Dry,Non-Fatal Injury,Pedestrian Collisions,Vehicle Owner,unknown,,,,Other,,,,,,,,,,Yes,,Yes,,,,,,,,,,,138,Eglinton East,138,Eglinton East (138),D41,640218.6331,4844028.871
6907,6617164,1229005,4/20/2011 8:00:00 AM,1730,MIDLAND AVE,GILDER DR,,Major Arterial,Scarborough,43.736045,-79.25879,,Traffic Signal,Clear,Daylight,Dry,Non-Fatal Injury,Pedestrian Collisions,Driver,35 to 39,None,,North,"Automobile, Station Wagon",Going Ahead,Driving Properly,Normal,,,,,,,Yes,,Yes,,,,,,,,,,,138,Eglinton East,138,Eglinton East (138),D41,640218.6331,4844028.871
6908,6617165,1229005,4/20/2011 8:00:00 AM,1730,MIDLAND AVE,GILDER DR,,Major Arterial,Scarborough,43.736045,-79.25879,,Traffic Signal,Clear,Daylight,Dry,Non-Fatal Injury,Pedestrian Collisions,Pedestrian,10 to 14,Major,,East,Other,,,,Vehicle is going straight thru inter.while ped cross without ROW,Running onto Roadway,Normal,,,,Yes,,Yes,,,,,,,,,,,138,Eglinton East,138,Eglinton East (138),D41,640218.6331,4844028.871
6909,6617159,1229003,4/20/2011 8:00:00 AM,1910,4335 BLOOR ST W,,,Major Arterial,Etobicoke York,43.631645,-79.57599,,No Control,Clear,Daylight,Dry,Non-Fatal Injury,Pedestrian Collisions,Driver,40 to 44,None,,North,"Automobile, Station Wagon",Turning Left,Driving Properly,Normal,,,,,,,Yes,,Yes,,,,,,,,,,,12,Markland Wood,12,Markland Wood (12),D22,614873.5681,4831945.9536
6910,6617160,1229003,4/20/2011 8:00:00 AM,1910,4335 BLOOR ST W,,,Major Arterial,Etobicoke York,43.631645,-79.57599,,No Control,Clear,Daylight,Dry,Non-Fatal Injury,Pedestrian Collisions,Pedestrian,55 to 59,Major,,South,Other,,,,Vehicle turns left while ped crosses without ROW at inter.,"Crossing, no Traffic Control",Inattentive,,,,Yes,,Yes,,,,,,,,,,,12,Markland Wood,12,Markland Wood (12),D22,614873.5681,4831945.9536
6911,6641492,1239488,4/22/2011 8:00:00 AM,1519,DANFORTH AVE,WOODMOUNT AVE,,Major Arterial,Toronto and East York,43.685245,-79.31469,,No Control,Clear,Daylight,Dry,Non-Fatal Injury,Sideswipe,Motorcycle Driver,20 to 24,Major,,West,Motorcycle,Going Ahead,Driving Properly,Normal,,,,,,,,,Yes,Yes,,,,,,,,,,64,Woodbine Corridor,64,Woodbine Corridor (64),D55,635831.7001,4838293.7135
6912,6641493,1239488,4/22/2011 8:00:00 AM,1519,DANFORTH AVE,WOODMOUNT AVE,,Major Arterial,Toronto and East York,43.685245,-79.31469,,No Control,Clear,Daylight,Dry,Non-Fatal Injury,Sideswipe,Driver,65 to 69,None,,West,"Automobile, Station Wagon",Parked,Driving Properly,Normal,,,,,,,,,Yes,Yes,,,,,,,,,,64,Woodbine Corridor,64,Woodbine Corridor (64),D55,635831.7001,4838293.7135
6913,6641494,1239488,4/22/2011 8:00:00 AM,1519,DANFORTH AVE,WOODMOUNT AVE,,Major Arterial,Toronto and East York,43.685245,-79.31469,,No Control,Clear,Daylight,Dry,Non-Fatal Injury,Sideswipe,Vehicle Owner,unknown,,,,Other,,,,,,,,,,,,Yes,Yes,,,,,,,,,,64,Woodbine Corridor,64,Woodbine Corridor (64),D55,635831.7001,4838293.7135
6914,6641495,1239488,4/22/2011 8:00:00 AM,1519,DANFORTH AVE,WOODMOUNT AVE,,Major Arterial,Toronto and East York,43.685245,-79.31469,,No Control,Clear,Daylight,Dry,Non-Fatal Injury,Sideswipe,Driver,15 to 19,None,,West,"Automobile, Station Wagon",Changing Lanes,Improper Lane Change,Inattentive,,,,,,,,,Yes,Yes,,,,,,,,,,64,Woodbine Corridor,64,Woodbine Corridor (64),D55,635831.7001,4838293.7135
6915,6642661,1239980,4/25/2011 8:00:00 AM,1515,REXDALE BLVD,BERGAMOT AVE,,Major Arterial,Etobicoke York,43.713345,-79.55969,,Traffic Signal,Clear,Daylight,Dry,Non-Fatal Injury,Turning Movement,Passenger,50 to 54,None,,,Other,,,,,,,,,,,,Yes,,,,,Yes,,Yes,,,,4,Rexdale-Kipling,4,Rexdale-Kipling (4),D23,616030.94,4841042.4905
6916,6642662,1239980,4/25/2011 8:00:00 AM,1515,REXDALE BLVD,BERGAMOT AVE,,Major Arterial,Etobicoke York,43.713345,-79.55969,,Traffic Signal,Clear,Daylight,Dry,Non-Fatal Injury,Turning Movement,Driver,40 to 44,None,,North,"Automobile, Station Wagon",Stopped,Driving Properly,Normal,,,,,,,,,Yes,,,,,Yes,,Yes,,,,4,Rexdale-Kipling,4,Rexdale-Kipling (4),D23,616030.94,4841042.4905
6917,6642663,1239980,4/25/2011 8:00:00 AM,1515,REXDALE BLVD,BERGAMOT AVE,,Major Arterial,Etobicoke York,43.713345,-79.55969,,Traffic Signal,Clear,Daylight,Dry,Non-Fatal Injury,Turning Movement,Passenger,45 to 49,Minor,,,Other,,,,,,,,,,,,Yes,,,,,Yes,,Yes,,,,4,Rexdale-Kipling,4,Rexdale-Kipling (4),D23,616030.94,4841042.4905
6918,6642664,1239980,4/25/2011 8:00:00 AM,1515,REXDALE BLVD,BERGAMOT AVE,,Major Arterial,Etobicoke York,43.713345,-79.55969,,Traffic Signal,Clear,Daylight,Dry,Non-Fatal Injury,Turning Movement,Driver,50 to 54,None,,West,"Automobile, Station Wagon",Turning Left,Failed to Yield Right of Way,Inattentive,,,,,,,,,Yes,,,,,Yes,,Yes,,,,4,Rexdale-Kipling,4,Rexdale-Kipling (4),D23,616030.94,4841042.4905
6919,6642665,1239980,4/25/2011 8:00:00 AM,1515,REXDALE BLVD,BERGAMOT AVE,,Major Arterial,Etobicoke York,43.713345,-79.55969,,Traffic Signal,Clear,Daylight,Dry,Non-Fatal Injury,Turning Movement,Vehicle Owner,unknown,,,,Other,,,,,,,,,,,,Yes,,,,,Yes,,Yes,,,,4,Rexdale-Kipling,4,Rexdale-Kipling (4),D23,616030.94,4841042.4905
6920,6642666,1239980,4/25/2011 8:00:00 AM,1515,REXDALE BLVD,BERGAMOT AVE,,Major Arterial,Etobicoke York,43.713345,-79.55969,,Traffic Signal,Clear,Daylight,Dry,Non-Fatal Injury,Turning Movement,Driver,20 to 24,Major,,East,"Automobile, Station Wagon",Going Ahead,Driving Properly,Normal,,,,,,,,,Yes,,,,,Yes,,Yes,,,,4,Rexdale-Kipling,4,Rexdale-Kipling (4),D23,616030.94,4841042.4905
6921,6628079,1233671,4/26/2011 8:00:00 AM,200,QUEENS Aven,ALLEN Aven,,Local,Etobicoke York,43.612645,-79.49159,,Stop Sign,Rain,Dark,Wet,Non-Fatal Injury,Pedestrian Collisions,Driver,unknown,None,,Unknown,"Automobile, Station Wagon",Unknown,Other,Unknown,,,,,,,Yes,,Yes,,,,,,,,,,,160,Mimico-Queensway,17,Mimico (includes Humber Bay Shores) (17),D22,621720.4313,4829956.0189
6922,6628080,1233671,4/26/2011 8:00:00 AM,200,QUEENS Aven,ALLEN Aven,,Local,Etobicoke York,43.612645,-79.49159,,Stop Sign,Rain,Dark,Wet,Non-Fatal Injury,Pedestrian Collisions,Pedestrian,25 to 29,Major,,Unknown,Other,,,,Unknown,Other,"Ability Impaired, Alcohol",,,,Yes,,Yes,,,,,,,,,,,160,Mimico-Queensway,17,Mimico (includes Humber Bay Shores) (17),D22,621720.4313,4829956.0189
6923,6642933,1240092,4/27/2011 8:00:00 AM,1050,LAWRENCE AVE E,CURLEW DR,,Major Arterial,North York,43.741145,-79.31929,At Intersection,Traffic Signal,Clear,Daylight,Dry,Non-Fatal Injury,Turning Movement,Driver,70 to 74,Major,,West,"Automobile, Station Wagon",Going Ahead,Disobeyed Traffic Control,Inattentive,,,,,,,,,Yes,,,,,,,Yes,Yes,,,43,Victoria Village,43,Victoria Village (43),D33,635335.0579,4844494.6895
6924,6642934,1240092,4/27/2011 8:00:00 AM,1050,LAWRENCE AVE E,CURLEW DR,,Major Arterial,North York,43.741145,-79.31929,At Intersection,Traffic Signal,Clear,Daylight,Dry,Non-Fatal Injury,Turning Movement,Driver,20 to 24,None,,East,"Automobile, Station Wagon",Turning Left,Driving Properly,Normal,,,,,,,,,Yes,,,,,,,Yes,Yes,,,43,Victoria Village,43,Victoria Village (43),D33,635335.0579,4844494.6895
6925,6633739,1236150,4/27/2011 8:00:00 AM,2213,ST CLAIR AVE W,KEELE ST,,Major Arterial,Etobicoke York,43.672345,-79.46829,,No Control,Clear,Dark,Dry,Non-Fatal Injury,SMV Other,Passenger,25 to 29,Major,,,Other,,,,,,,,,,,,Yes,,,,,Yes,Yes,Yes,,Yes,,90,Junction Area,90,Junction Area (90),D11,623478.269,4836620.8805
6926,6633740,1236150,4/27/2011 8:00:00 AM,2213,ST CLAIR AVE W,KEELE ST,,Major Arterial,Etobicoke York,43.672345,-79.46829,,No Control,Clear,Dark,Dry,Non-Fatal Injury,SMV Other,Driver,20 to 24,Minimal,,West,"Automobile, Station Wagon",Going Ahead,Lost control,"Ability Impaired, Alcohol Over .08",,,,,,,,,Yes,,,,,Yes,Yes,Yes,,Yes,,90,Junction Area,90,Junction Area (90),D11,623478.269,4836620.8805
6927,6633741,1236150,4/27/2011 8:00:00 AM,2213,ST CLAIR AVE W,KEELE ST,,Major Arterial,Etobicoke York,43.672345,-79.46829,,No Control,Clear,Dark,Dry,Non-Fatal Injury,SMV Other,Other Property Owner,unknown,,,,Other,,,,,,,,,,,,Yes,,,,,Yes,Yes,Yes,,Yes,,90,Junction Area,90,Junction Area (90),D11,623478.269,4836620.8805
6928,6622971,1230701,4/30/2011 8:00:00 AM,1837,F G GARDINER XY Expr E,CHERRY ST,,Major Arterial,Toronto and East York,43.649045,-79.35619,,No Control,Clear,Daylight,Dry,Fatal,SMV Other,Motorcycle Driver,25 to 29,Fatal,8,East,Motorcycle,Going Ahead,Exceeding Speed Limit,Had Been Drinking,,,,,,,,,Yes,Yes,,,,,Yes,Yes,,,,166,St Lawrence-East Bayfront-The Islands,77,Waterfront Communities-The Island (77),D51,632566.5347,4834206.0786
6929,6622972,1230701,4/30/2011 8:00:00 AM,1837,F G GARDINER XY Expr E,CHERRY ST,,Major Arterial,Toronto and East York,43.649045,-79.35619,,No Control,Clear,Daylight,Dry,Fatal,SMV Other,Driver,25 to 29,None,,West,"Automobile, Station Wagon",Going Ahead,Driving Properly,Normal,,,,,,,,,Yes,Yes,,,,,Yes,Yes,,,,166,St Lawrence-East Bayfront-The Islands,77,Waterfront Communities-The Island (77),D51,632566.5347,4834206.0786
6930,6645289,1241028,5/6/2011 8:00:00 AM,536,ROGERS Road,WESTON Road,,Major Arterial,Etobicoke York,43.681545,-79.47679,At Intersection,Traffic Signal,Clear,Daylight,Dry,Non-Fatal Injury,Pedestrian Collisions,Driver,60 to 64,None,,West,"Automobile, Station Wagon",Turning Right,Failed to Yield Right of Way,Unknown,,,,,,,Yes,,Yes,,,,,,,Yes,,,,111,Rockcliffe-Smythe,111,Rockcliffe-Smythe (111),D12,622774.2747,4837630.0458
6931,6645290,1241028,5/6/2011 8:00:00 AM,536,ROGERS Road,WESTON Road,,Major Arterial,Etobicoke York,43.681545,-79.47679,At Intersection,Traffic Signal,Clear,Daylight,Dry,Non-Fatal Injury,Pedestrian Collisions,Pedestrian,30 to 34,Major,,North,Other,,,,Vehicle turns right while ped crosses with ROW at inter.,Crossing with right of way,Normal,,,,Yes,,Yes,,,,,,,Yes,,,,111,Rockcliffe-Smythe,111,Rockcliffe-Smythe (111),D12,622774.2747,4837630.0458
6932,6624105,1232009,5/6/2011 8:00:00 AM,1400,YONGE ST,WILSON AVE,,Major Arterial,North York,43.744145,-79.40669,,Traffic Signal,Clear,Daylight,Dry,Non-Fatal Injury,Rear End,Driver,70 to 74,Major,,South,"Automobile, Station Wagon",Going Ahead,Following too Close,Other,,,,,,,,,Yes,,,,,Yes,,Yes,,,,40,St.Andrew-Windfields,40,St.Andrew-Windfields (40),D32,628290.9096,4844688.8209
6933,6624106,1232009,5/6/2011 8:00:00 AM,1400,YONGE ST,WILSON AVE,,Major Arterial,North York,43.744145,-79.40669,,Traffic Signal,Clear,Daylight,Dry,Non-Fatal Injury,Rear End,Passenger,40 to 44,None,,,Other,,,,,,,,,,,,Yes,,,,,Yes,,Yes,,,,40,St.Andrew-Windfields,40,St.Andrew-Windfields (40),D32,628290.9096,4844688.8209
6934,6624107,1232009,5/6/2011 8:00:00 AM,1400,YONGE ST,WILSON AVE,,Major Arterial,North York,43.744145,-79.40669,,Traffic Signal,Clear,Daylight,Dry,Non-Fatal Injury,Rear End,Driver,40 to 44,None,,South,"Automobile, Station Wagon",Stopped,Driving Properly,Normal,,,,,,,,,Yes,,,,,Yes,,Yes,,,,40,St.Andrew-Windfields,40,St.Andrew-Windfields (40),D32,628290.9096,4844688.8209
6935,6624108,1232010,5/6/2011 8:00:00 AM,1400,YONGE ST,MCGLASHAN RD,,Major Arterial,North York,43.741845,-79.40619,,No Control,Clear,Daylight,Dry,Non-Fatal Injury,Sideswipe,Driver,70 to 74,Major,,South,"Automobile, Station Wagon",Going Ahead,Lost control,Other,,,,,,,,,Yes,,,,,,Yes,Yes,,,,41,Bridle Path-Sunnybrook-York Mills,41,Bridle Path-Sunnybrook-York Mills (41),D32,628336.0837,4844434.1465
6936,6624109,1232010,5/6/2011 8:00:00 AM,1400,YONGE ST,MCGLASHAN RD,,Major Arterial,North York,43.741845,-79.40619,,No Control,Clear,Daylight,Dry,Non-Fatal Injury,Sideswipe,Driver,60 to 64,Minor,,North,"Automobile, Station Wagon",Going Ahead,Driving Properly,Normal,,,,,,,,,Yes,,,,,,Yes,Yes,,,,41,Bridle Path-Sunnybrook-York Mills,41,Bridle Path-Sunnybrook-York Mills (41),D32,628336.0837,4844434.1465
6937,6624110,1232010,5/6/2011 8:00:00 AM,1400,YONGE ST,MCGLASHAN RD,,Major Arterial,North York,43.741845,-79.40619,,No Control,Clear,Daylight,Dry,Non-Fatal Injury,Sideswipe,Driver,50 to 54,None,,North,"Automobile, Station Wagon",Going Ahead,Driving Properly,Normal,,,,,,,,,Yes,,,,,,Yes,Yes,,,,41,Bridle Path-Sunnybrook-York Mills,41,Bridle Path-Sunnybrook-York Mills (41),D32,628336.0837,4844434.1465
6938,6624207,1232054,5/7/2011 8:00:00 AM,910,KEELE ST,INGRAM DR,,Major Arterial,Etobicoke York,43.699445,-79.47599,,Traffic Signal,Clear,Daylight,Dry,Non-Fatal Injury,SMV Other,Driver,75 to 79,Major,,West,"Automobile, Station Wagon",Going Ahead,Lost control,Medical or Physical Disability,,,,,,,,,Yes,,,,,,,,,,Yes,30,Brookhaven-Amesbury,30,Brookhaven-Amesbury (30),D12,622802.2211,4839619.2688
6939,6624234,1232073,5/7/2011 8:00:00 AM,1450,DAVENPORT Road,DUFFERIN Stre,,Minor Arterial,Toronto and East York,43.672845,-79.44159,,No Control,Clear,Daylight,Dry,Non-Fatal Injury,Pedestrian Collisions,Pedestrian,15 to 19,Major,,North,Other,,,,Vehicle hits the pedestrian walking or running out from between parked vehicles at mid-block,Coming From Behind Parked Vehicle,Inattentive,,,,Yes,,Yes,Yes,,,,,,Yes,,,,171,Junction-Wallace Emerson,93,Dovercourt-Wallace Emerson-Junction (93),D13,625629.657,4836716.5027
6940,6624235,1232073,5/7/2011 8:00:00 AM,1450,DAVENPORT Road,DUFFERIN Stre,,Minor Arterial,Toronto and East York,43.672845,-79.44159,,No Control,Clear,Daylight,Dry,Non-Fatal Injury,Pedestrian Collisions,Motorcycle Driver,25 to 29,Minor,,East,Motorcycle,Going Ahead,Improper Passing,Unknown,,,,,,,Yes,,Yes,Yes,,,,,,Yes,,,,171,Junction-Wallace Emerson,93,Dovercourt-Wallace Emerson-Junction (93),D13,625629.657,4836716.5027
6941,6624236,1232073,5/7/2011 8:00:00 AM,1450,DAVENPORT Road,DUFFERIN Stre,,Minor Arterial,Toronto and East York,43.672845,-79.44159,,No Control,Clear,Daylight,Dry,Non-Fatal Injury,Pedestrian Collisions,Driver,50 to 54,None,,East,"Automobile, Station Wagon",Stopped,Driving Properly,Normal,,,,,,,Yes,,Yes,Yes,,,,,,Yes,,,,171,Junction-Wallace Emerson,93,Dovercourt-Wallace Emerson-Junction (93),D13,625629.657,4836716.5027
6942,6624237,1232073,5/7/2011 8:00:00 AM,1450,DAVENPORT Road,DUFFERIN Stre,,Minor Arterial,Toronto and East York,43.672845,-79.44159,,No Control,Clear,Daylight,Dry,Non-Fatal Injury,Pedestrian Collisions,Other,unknown,None,,,Other,Parked,,,,,,,,,Yes,,Yes,Yes,,,,,,Yes,,,,171,Junction-Wallace Emerson,93,Dovercourt-Wallace Emerson-Junction (93),D13,625629.657,4836716.5027
6943,6624238,1232073,5/7/2011 8:00:00 AM,1450,DAVENPORT Road,DUFFERIN Stre,,Minor Arterial,Toronto and East York,43.672845,-79.44159,,No Control,Clear,Daylight,Dry,Non-Fatal Injury,Pedestrian Collisions,Vehicle Owner,unknown,,,,Other,,,,,,,,,,Yes,,Yes,Yes,,,,,,Yes,,,,171,Junction-Wallace Emerson,93,Dovercourt-Wallace Emerson-Junction (93),D13,625629.657,4836716.5027
6944,6645192,1240994,5/7/2011 8:00:00 AM,1823,EGLINTON Ave W,MARLEE Ave,,Major Arterial,North York,43.69797,-79.439349,At Intersection,Traffic Signal,Clear,Daylight,Dry,Non-Fatal Injury,Pedestrian Collisions,Driver,25 to 29,None,,East,"Automobile, Station Wagon",Going Ahead,Driving Properly,Normal,,,,,,,Yes,,Yes,,,,,,,,,,,107,Oakwood Village,107,Oakwood Village (107),D13,625757.8029,4839510.372
6945,6645193,1240994,5/7/2011 8:00:00 AM,1823,EGLINTON Ave W,MARLEE Ave,,Major Arterial,North York,43.69797,-79.439349,At Intersection,Traffic Signal,Clear,Daylight,Dry,Non-Fatal Injury,Pedestrian Collisions,Pedestrian,15 to 19,Major,,North,Other,,,,Vehicle is going straight thru inter.while ped cross without ROW,Running onto Roadway,Inattentive,,,,Yes,,Yes,,,,,,,,,,,107,Oakwood Village,107,Oakwood Village (107),D13,625757.8029,4839510.372
6946,6645162,1240985,5/7/2011 8:00:00 AM,2128,MOUNT ROYAL Aven,THOME Cres,,Local,Toronto and East York,43.676245,-79.43309,At Intersection,Stop Sign,Clear,Dark,Dry,Non-Fatal Injury,Cyclist Collisions,Vehicle Owner,unknown,,,,Other,,,,,,,,,,,Yes,Yes,,,,,,,Yes,,,,94,Wychwood,94,Wychwood (94),D13,626307.7493,4837107.0267
6947,6645163,1240985,5/7/2011 8:00:00 AM,2128,MOUNT ROYAL Aven,THOME Cres,,Local,Toronto and East York,43.676245,-79.43309,At Intersection,Stop Sign,Clear,Dark,Dry,Non-Fatal Injury,Cyclist Collisions,Driver,70 to 74,None,,North,"Automobile, Station Wagon",Turning Left,Failed to Yield Right of Way,Inattentive,,,,,,,,Yes,Yes,,,,,,,Yes,,,,94,Wychwood,94,Wychwood (94),D13,626307.7493,4837107.0267
6948,6645164,1240985,5/7/2011 8:00:00 AM,2128,MOUNT ROYAL Aven,THOME Cres,,Local,Toronto and East York,43.676245,-79.43309,At Intersection,Stop Sign,Clear,Dark,Dry,Non-Fatal Injury,Cyclist Collisions,Cyclist,85 to 89,Major,,South,Bicycle,Going Ahead,,,,,,Motorist turned left across cyclists path.,Driving Properly,Normal,,Yes,Yes,,,,,,,Yes,,,,94,Wychwood,94,Wychwood (94),D13,626307.7493,4837107.0267
6949,6804458,1232602,5/9/2011 8:00:00 AM,815,WILLIAM R ALLEN Road,RIMROCK Road,,Major Arterial,North York,43.757745,-79.46499,At Intersection,Traffic Signal,Clear,Daylight,Dry,Non-Fatal Injury,Turning Movement,Vehicle Owner,unknown,,,,Other,,,,,,,,,,,,Yes,,,,,,,,,,,27,York University Heights,27,York University Heights (27),D32,623568.6501,4846110.6696
6950,6804459,1232602,5/9/2011 8:00:00 AM,815,WILLIAM R ALLEN Road,RIMROCK Road,,Major Arterial,North York,43.757745,-79.46499,At Intersection,Traffic Signal,Clear,Daylight,Dry,Non-Fatal Injury,Turning Movement,Driver,40 to 44,Major,,North,"Automobile, Station Wagon",Stopped,Driving Properly,Normal,,,,,,,,,Yes,,,,,,,,,,,27,York University Heights,27,York University Heights (27),D32,623568.6501,4846110.6696
6951,6804460,1232602,5/9/2011 8:00:00 AM,815,WILLIAM R ALLEN Road,RIMROCK Road,,Major Arterial,North York,43.757745,-79.46499,At Intersection,Traffic Signal,Clear,Daylight,Dry,Non-Fatal Injury,Turning Movement,Vehicle Owner,unknown,,,,Other,,,,,,,,,,,,Yes,,,,,,,,,,,27,York University Heights,27,York University Heights (27),D32,623568.6501,4846110.6696
6952,6804461,1232602,5/9/2011 8:00:00 AM,815,WILLIAM R ALLEN Road,RIMROCK Road,,Major Arterial,North York,43.757745,-79.46499,At Intersection,Traffic Signal,Clear,Daylight,Dry,Non-Fatal Injury,Turning Movement,Driver,85 to 89,None,,North,"Automobile, Station Wagon",Stopped,Driving Properly,Normal,,,,,,,,,Yes,,,,,,,,,,,27,York University Heights,27,York University Heights (27),D32,623568.6501,4846110.6696
6953,6804462,1232602,5/9/2011 8:00:00 AM,815,WILLIAM R ALLEN Road,RIMROCK Road,,Major Arterial,North York,43.757745,-79.46499,At Intersection,Traffic Signal,Clear,Daylight,Dry,Non-Fatal Injury,Turning Movement,Driver,50 to 54,None,,East,"Automobile, Station Wagon",Turning Right,Other,Inattentive,,,,,,,,,Yes,,,,,,,,,,,27,York University Heights,27,York University Heights (27),D32,623568.6501,4846110.6696
6954,6625521,1232571,5/10/2011 8:00:00 AM,1134,F G GARDINER XY Expr W,KIPLING AVE,,,Etobicoke York,43.617745,-79.52689,,No Control,Clear,Daylight,Dry,Non-Fatal Injury,Rear End,Vehicle Owner,unknown,,,,Other,,,,,,,,,,,,Yes,,,,,Yes,Yes,Yes,,,,160,Mimico-Queensway,17,Mimico (includes Humber Bay Shores) (17),D22,618861.8419,4830471.3009
6955,6625522,1232571,5/10/2011 8:00:00 AM,1134,F G GARDINER XY Expr W,KIPLING AVE,,,Etobicoke York,43.617745,-79.52689,,No Control,Clear,Daylight,Dry,Non-Fatal Injury,Rear End,Driver,50 to 54,None,,West,"Automobile, Station Wagon",Slowing or Stopping,Driving Properly,Normal,,,,,,,,,Yes,,,,,Yes,Yes,Yes,,,,160,Mimico-Queensway,17,Mimico (includes Humber Bay Shores) (17),D22,618861.8419,4830471.3009
6956,6625523,1232571,5/10/2011 8:00:00 AM,1134,F G GARDINER XY Expr W,KIPLING AVE,,,Etobicoke York,43.617745,-79.52689,,No Control,Clear,Daylight,Dry,Non-Fatal Injury,Rear End,Passenger,40 to 44,Minimal,,,Other,,,,,,,,,,,,Yes,,,,,Yes,Yes,Yes,,,,160,Mimico-Queensway,17,Mimico (includes Humber Bay Shores) (17),D22,618861.8419,4830471.3009
6957,6625524,1232571,5/10/2011 8:00:00 AM,1134,F G GARDINER XY Expr W,KIPLING AVE,,,Etobicoke York,43.617745,-79.52689,,No Control,Clear,Daylight,Dry,Non-Fatal Injury,Rear End,Driver,65 to 69,Minor,,West,"Automobile, Station Wagon",Going Ahead,Driving Properly,Normal,,,,,,,,,Yes,,,,,Yes,Yes,Yes,,,,160,Mimico-Queensway,17,Mimico (includes Humber Bay Shores) (17),D22,618861.8419,4830471.3009
6958,6625525,1232571,5/10/2011 8:00:00 AM,1134,F G GARDINER XY Expr W,KIPLING AVE,,,Etobicoke York,43.617745,-79.52689,,No Control,Clear,Daylight,Dry,Non-Fatal Injury,Rear End,Vehicle Owner,unknown,,,,Other,,,,,,,,,,,,Yes,,,,,Yes,Yes,Yes,,,,160,Mimico-Queensway,17,Mimico (includes Humber Bay Shores) (17),D22,618861.8419,4830471.3009
6959,6625526,1232571,5/10/2011 8:00:00 AM,1134,F G GARDINER XY Expr W,KIPLING AVE,,,Etobicoke York,43.617745,-79.52689,,No Control,Clear,Daylight,Dry,Non-Fatal Injury,Rear End,Driver,50 to 54,Minor,,West,"Automobile, Station Wagon",Going Ahead,Driving Properly,Normal,,,,,,,,,Yes,,,,,Yes,Yes,Yes,,,,160,Mimico-Queensway,17,Mimico (includes Humber Bay Shores) (17),D22,618861.8419,4830471.3009
6960,6625527,1232571,5/10/2011 8:00:00 AM,1134,F G GARDINER XY Expr W,KIPLING AVE,,,Etobicoke York,43.617745,-79.52689,,No Control,Clear,Daylight,Dry,Non-Fatal Injury,Rear End,Driver,25 to 29,Major,,West,"Automobile, Station Wagon",Slowing or Stopping,Driving Properly,Normal,,,,,,,,,Yes,,,,,Yes,Yes,Yes,,,,160,Mimico-Queensway,17,Mimico (includes Humber Bay Shores) (17),D22,618861.8419,4830471.3009
6961,6625528,1232571,5/10/2011 8:00:00 AM,1134,F G GARDINER XY Expr W,KIPLING AVE,,,Etobicoke York,43.617745,-79.52689,,No Control,Clear,Daylight,Dry,Non-Fatal Injury,Rear End,Vehicle Owner,unknown,,,,Other,,,,,,,,,,,,Yes,,,,,Yes,Yes,Yes,,,,160,Mimico-Queensway,17,Mimico (includes Humber Bay Shores) (17),D22,618861.8419,4830471.3009
6962,6625529,1232571,5/10/2011 8:00:00 AM,1134,F G GARDINER XY Expr W,KIPLING AVE,,,Etobicoke York,43.617745,-79.52689,,No Control,Clear,Daylight,Dry,Non-Fatal Injury,Rear End,Driver,25 to 29,Major,,West,"Automobile, Station Wagon",Slowing or Stopping,Driving Properly,Normal,,,,,,,,,Yes,,,,,Yes,Yes,Yes,,,,160,Mimico-Queensway,17,Mimico (includes Humber Bay Shores) (17),D22,618861.8419,4830471.3009