OBJECTID,INDEX,ACCNUM,DATE,TIME,STREET1,STREET2,OFFSET,ROAD_CLASS,DISTRICT,LATITUDE,LONGITUDE,ACCLOC,TRAFFCTL,VISIBILITY,LIGHT,RDSFCOND,ACCLASS,IMPACTYPE,INVTYPE,INVAGE,INJURY,FATAL_NO,INITDIR,VEHTYPE,MANOEUVER,DRIVACT,DRIVCOND,PEDTYPE,PEDACT,PEDCOND,CYCLISTYPE,CYCACT,CYCCOND,PEDESTRIAN,CYCLIST,AUTOMOBILE,MOTORCYCLE,TRUCK,TRSN_CITY_VEH,EMERG_VEH,PASSENGER,SPEEDING,AG_DRIV,REDLIGHT,ALCOHOL,DISABILITY,HOOD_158,NEIGHBOURHOOD_158,HOOD_140,NEIGHBOURHOOD_140,DIVISION,x,y
6963,6625530,1232571,5/10/2011 8:00:00 AM,1134,F G GARDINER XY Expr W,KIPLING AVE,,,Etobicoke York,43.617745,-79.52689,,No Control,Clear,Daylight,Dry,Non-Fatal Injury,Rear End,Passenger,25 to 29,Minimal,,,Other,,,,,,,,,,,,Yes,,,,,Yes,Yes,Yes,,,,160,Mimico-Queensway,17,Mimico (includes Humber Bay Shores) (17),D22,618861.8419,4830471.3009
6964,6625531,1232571,5/10/2011 8:00:00 AM,1134,F G GARDINER XY Expr W,KIPLING AVE,,,Etobicoke York,43.617745,-79.52689,,No Control,Clear,Daylight,Dry,Non-Fatal Injury,Rear End,Vehicle Owner,unknown,,,,Other,,,,,,,,,,,,Yes,,,,,Yes,Yes,Yes,,,,160,Mimico-Queensway,17,Mimico (includes Humber Bay Shores) (17),D22,618861.8419,4830471.3009
6965,6625532,1232571,5/10/2011 8:00:00 AM,1134,F G GARDINER XY Expr W,KIPLING AVE,,,Etobicoke York,43.617745,-79.52689,,No Control,Clear,Daylight,Dry,Non-Fatal Injury,Rear End,Driver,25 to 29,Minimal,,West,"Automobile, Station Wagon",Going Ahead,Exceeding Speed Limit,Unknown,,,,,,,,,Yes,,,,,Yes,Yes,Yes,,,,160,Mimico-Queensway,17,Mimico (includes Humber Bay Shores) (17),D22,618861.8419,4830471.3009
6966,6626710,1233062,5/14/2011 8:00:00 AM,1356,QUEEN ST W,GLADSTONE AVE,,Major Arterial,Toronto and East York,43.642545,-79.42719,At Intersection,Traffic Signal,"Fog, Mist, Smoke, Dust",Daylight,Dry,Non-Fatal Injury,Turning Movement,Motorcycle Driver,25 to 29,Major,,West,Motorcycle,Going Ahead,Exceeding Speed Limit,Inattentive,,,,,,,,,Yes,Yes,,,,,Yes,Yes,,,,84,Little Portugal,84,Little Portugal (84),D14,626854.2983,4833373.1995
6967,6626711,1233062,5/14/2011 8:00:00 AM,1356,QUEEN ST W,GLADSTONE AVE,,Major Arterial,Toronto and East York,43.642545,-79.42719,At Intersection,Traffic Signal,"Fog, Mist, Smoke, Dust",Daylight,Dry,Non-Fatal Injury,Turning Movement,Driver,65 to 69,None,,East,"Automobile, Station Wagon",Turning Left,Failed to Yield Right of Way,Unknown,,,,,,,,,Yes,Yes,,,,,Yes,Yes,,,,84,Little Portugal,84,Little Portugal (84),D14,626854.2983,4833373.1995
6968,6658057,1246412,5/14/2011 8:00:00 AM,1705,DIXON RD,ISLINGTON AVE,,Major Arterial,Etobicoke York,43.697045,-79.54669,At Intersection,Traffic Signal,Rain,Daylight,Wet,Non-Fatal Injury,Turning Movement,Passenger,15 to 19,Major,,,Other,,,,,,,,,,,,Yes,Yes,,,,Yes,,Yes,,,,6,Kingsview Village-The Westway,6,Kingsview Village-The Westway (6),D23,617109.9585,4839250.4313
6969,6658058,1246412,5/14/2011 8:00:00 AM,1705,DIXON RD,ISLINGTON AVE,,Major Arterial,Etobicoke York,43.697045,-79.54669,At Intersection,Traffic Signal,Rain,Daylight,Wet,Non-Fatal Injury,Turning Movement,Motorcycle Driver,15 to 19,Major,,West,Motorcycle,Going Ahead,Driving Properly,Normal,,,,,,,,,Yes,Yes,,,,Yes,,Yes,,,,6,Kingsview Village-The Westway,6,Kingsview Village-The Westway (6),D23,617109.9585,4839250.4313
6970,6658059,1246412,5/14/2011 8:00:00 AM,1705,DIXON RD,ISLINGTON AVE,,Major Arterial,Etobicoke York,43.697045,-79.54669,At Intersection,Traffic Signal,Rain,Daylight,Wet,Non-Fatal Injury,Turning Movement,Driver,30 to 34,None,,East,"Automobile, Station Wagon",Slowing or Stopping,Driving Properly,Normal,,,,,,,,,Yes,Yes,,,,Yes,,Yes,,,,6,Kingsview Village-The Westway,6,Kingsview Village-The Westway (6),D23,617109.9585,4839250.4313
6971,6658060,1246412,5/14/2011 8:00:00 AM,1705,DIXON RD,ISLINGTON AVE,,Major Arterial,Etobicoke York,43.697045,-79.54669,At Intersection,Traffic Signal,Rain,Daylight,Wet,Non-Fatal Injury,Turning Movement,Driver,unknown,None,,East,"Automobile, Station Wagon",Turning Left,Failed to Yield Right of Way,Unknown,,,,,,,,,Yes,Yes,,,,Yes,,Yes,,,,6,Kingsview Village-The Westway,6,Kingsview Village-The Westway (6),D23,617109.9585,4839250.4313
6972,6626814,1233108,5/15/2011 8:00:00 AM,1047,PAPE Aven,COSBURN Aven,,Major Arterial,Toronto and East York,43.689445,-79.34879,At Intersection,Traffic Signal,Rain,Daylight,Wet,Non-Fatal Injury,Pedestrian Collisions,Driver,70 to 74,None,,West,"Automobile, Station Wagon",Turning Left,Failed to Yield Right of Way,Inattentive,,,,,,,Yes,,Yes,,,,,,,Yes,,,,58,Old East York,58,Old East York (58),D55,633074.0084,4838704.8936
6973,6626815,1233108,5/15/2011 8:00:00 AM,1047,PAPE Aven,COSBURN Aven,,Major Arterial,Toronto and East York,43.689445,-79.34879,At Intersection,Traffic Signal,Rain,Daylight,Wet,Non-Fatal Injury,Pedestrian Collisions,Pedestrian,80 to 84,Major,,East,Other,,,,Vehicle turns left while ped crosses with ROW at inter.,Crossing with right of way,Normal,,,,Yes,,Yes,,,,,,,Yes,,,,58,Old East York,58,Old East York (58),D55,633074.0084,4838704.8936
6974,6627086,1233231,5/16/2011 8:00:00 AM,17,F G GARDINER Expr E,DOWLING Ave,,Major Arterial,Toronto and East York,43.635445,-79.44079,,No Control,Rain,"Dark, artificial",Wet,Non-Fatal Injury,SMV Other,Passenger,20 to 24,Minor,,,Other,,,,,,,,,,,,Yes,,,,,Yes,Yes,Yes,,,,85,South Parkdale,85,South Parkdale (85),D14,625772.1983,4832563.9573
6975,6627087,1233231,5/16/2011 8:00:00 AM,17,F G GARDINER Expr E,DOWLING Ave,,Major Arterial,Toronto and East York,43.635445,-79.44079,,No Control,Rain,"Dark, artificial",Wet,Non-Fatal Injury,SMV Other,Driver,30 to 34,Major,,East,"Automobile, Station Wagon",Going Ahead,Speed too Fast For Condition,Normal,,,,,,,,,Yes,,,,,Yes,Yes,Yes,,,,85,South Parkdale,85,South Parkdale (85),D14,625772.1983,4832563.9573
6976,6627088,1233231,5/16/2011 8:00:00 AM,17,F G GARDINER Expr E,DOWLING Ave,,Major Arterial,Toronto and East York,43.635445,-79.44079,,No Control,Rain,"Dark, artificial",Wet,Non-Fatal Injury,SMV Other,Vehicle Owner,unknown,,,,Other,,,,,,,,,,,,Yes,,,,,Yes,Yes,Yes,,,,85,South Parkdale,85,South Parkdale (85),D14,625772.1983,4832563.9573
6977,6649185,1242638,5/18/2011 8:00:00 AM,934,WARDEN AVE,BRIDLETOWNE CRCL,,Major Arterial,Scarborough,43.801445,-79.31869,At Intersection,Traffic Signal,Rain,Daylight,Wet,Non-Fatal Injury,Rear End,Driver,45 to 49,Major,,North,"Automobile, Station Wagon",Going Ahead,Speed too Fast For Condition,Normal,,,,,,,,,Yes,,,,,,Yes,Yes,,,,148,East L'Amoreaux,117,L'Amoreaux (117),D42,635247.3793,4851192.916
6978,6649186,1242638,5/18/2011 8:00:00 AM,934,WARDEN AVE,BRIDLETOWNE CRCL,,Major Arterial,Scarborough,43.801445,-79.31869,At Intersection,Traffic Signal,Rain,Daylight,Wet,Non-Fatal Injury,Rear End,Driver,40 to 44,Minor,,North,"Automobile, Station Wagon",Stopped,Driving Properly,Normal,,,,,,,,,Yes,,,,,,Yes,Yes,,,,148,East L'Amoreaux,117,L'Amoreaux (117),D42,635247.3793,4851192.916
6979,6628316,1233797,5/18/2011 8:00:00 AM,1245,PAPE Aven,COSBURN Aven,,Major Arterial,Toronto and East York,43.689445,-79.34879,At Intersection,Traffic Signal,Clear,Daylight,Wet,Non-Fatal Injury,Pedestrian Collisions,Driver,40 to 44,None,,West,"Automobile, Station Wagon",Turning Left,Failed to Yield Right of Way,Inattentive,,,,,,,Yes,,Yes,,,,,,,Yes,,,,58,Old East York,58,Old East York (58),D55,633074.0084,4838704.8936
6980,6628317,1233797,5/18/2011 8:00:00 AM,1245,PAPE Aven,COSBURN Aven,,Major Arterial,Toronto and East York,43.689445,-79.34879,At Intersection,Traffic Signal,Clear,Daylight,Wet,Non-Fatal Injury,Pedestrian Collisions,Pedestrian,90 to 94,Major,,East,Other,,,,Vehicle turns left while ped crosses with ROW at inter.,Crossing with right of way,Normal,,,,Yes,,Yes,,,,,,,Yes,,,,58,Old East York,58,Old East York (58),D55,633074.0084,4838704.8936
6981,6628921,1234066,5/20/2011 8:00:00 AM,1620,JANE ST,HOMEVIEW AVE,,Major Arterial,Etobicoke York,43.668645,-79.49239,,No Control,Rain,Daylight,Wet,Non-Fatal Injury,Pedestrian Collisions,Driver,25 to 29,None,,North,"Automobile, Station Wagon",Turning Left,Failed to Yield Right of Way,Normal,,,,,,,Yes,,Yes,,,,,,,Yes,,,,111,Rockcliffe-Smythe,111,Rockcliffe-Smythe (111),D12,621542.9071,4836174.3552
6982,6628922,1234066,5/20/2011 8:00:00 AM,1620,JANE ST,HOMEVIEW AVE,,Major Arterial,Etobicoke York,43.668645,-79.49239,,No Control,Rain,Daylight,Wet,Non-Fatal Injury,Pedestrian Collisions,Pedestrian,50 to 54,Major,,Unknown,Other,,,,Vehicle turns left while ped crosses with ROW at inter.,"Crossing, no Traffic Control",Normal,,,,Yes,,Yes,,,,,,,Yes,,,,111,Rockcliffe-Smythe,111,Rockcliffe-Smythe (111),D12,621542.9071,4836174.3552
6983,6649622,1242807,5/20/2011 8:00:00 AM,1738,MCCOWAN Road,BRIDLEY Driv,,Major Arterial,Scarborough,43.813645,-79.27009,,No Control,Clear,Daylight,Dry,Non-Fatal Injury,Rear End,Driver,35 to 39,None,,South,"Automobile, Station Wagon",Going Ahead,Driving Properly,Normal,,,,,,,,,Yes,,,,,Yes,,Yes,,,,129,Agincourt North,129,Agincourt North (129),D42,639128.5575,4852628.5015
6984,6649623,1242807,5/20/2011 8:00:00 AM,1738,MCCOWAN Road,BRIDLEY Driv,,Major Arterial,Scarborough,43.813645,-79.27009,,No Control,Clear,Daylight,Dry,Non-Fatal Injury,Rear End,Passenger,20 to 24,Minor,,,Other,,,,,,,,,,,,Yes,,,,,Yes,,Yes,,,,129,Agincourt North,129,Agincourt North (129),D42,639128.5575,4852628.5015
6985,6649624,1242807,5/20/2011 8:00:00 AM,1738,MCCOWAN Road,BRIDLEY Driv,,Major Arterial,Scarborough,43.813645,-79.27009,,No Control,Clear,Daylight,Dry,Non-Fatal Injury,Rear End,Passenger,15 to 19,Major,,,Other,,,,,,,,,,,,Yes,,,,,Yes,,Yes,,,,129,Agincourt North,129,Agincourt North (129),D42,639128.5575,4852628.5015
6986,6649625,1242807,5/20/2011 8:00:00 AM,1738,MCCOWAN Road,BRIDLEY Driv,,Major Arterial,Scarborough,43.813645,-79.27009,,No Control,Clear,Daylight,Dry,Non-Fatal Injury,Rear End,Passenger,15 to 19,Minimal,,,Other,,,,,,,,,,,,Yes,,,,,Yes,,Yes,,,,129,Agincourt North,129,Agincourt North (129),D42,639128.5575,4852628.5015
6987,6649626,1242807,5/20/2011 8:00:00 AM,1738,MCCOWAN Road,BRIDLEY Driv,,Major Arterial,Scarborough,43.813645,-79.27009,,No Control,Clear,Daylight,Dry,Non-Fatal Injury,Rear End,Vehicle Owner,unknown,,,,Other,,,,,,,,,,,,Yes,,,,,Yes,,Yes,,,,129,Agincourt North,129,Agincourt North (129),D42,639128.5575,4852628.5015
6988,6649627,1242807,5/20/2011 8:00:00 AM,1738,MCCOWAN Road,BRIDLEY Driv,,Major Arterial,Scarborough,43.813645,-79.27009,,No Control,Clear,Daylight,Dry,Non-Fatal Injury,Rear End,Driver,15 to 19,Minor,,South,"Automobile, Station Wagon",Changing Lanes,Following too Close,Had Been Drinking,,,,,,,,,Yes,,,,,Yes,,Yes,,,,129,Agincourt North,129,Agincourt North (129),D42,639128.5575,4852628.5015
6989,6649628,1242807,5/20/2011 8:00:00 AM,1738,MCCOWAN Road,BRIDLEY Driv,,Major Arterial,Scarborough,43.813645,-79.27009,,No Control,Clear,Daylight,Dry,Non-Fatal Injury,Rear End,Other Property Owner,unknown,,,,Other,,,,,,,,,,,,Yes,,,,,Yes,,Yes,,,,129,Agincourt North,129,Agincourt North (129),D42,639128.5575,4852628.5015
6990,6649629,1242807,5/20/2011 8:00:00 AM,1738,MCCOWAN Road,BRIDLEY Driv,,Major Arterial,Scarborough,43.813645,-79.27009,,No Control,Clear,Daylight,Dry,Non-Fatal Injury,Rear End,Vehicle Owner,unknown,,,,Other,,,,,,,,,,,,Yes,,,,,Yes,,Yes,,,,129,Agincourt North,129,Agincourt North (129),D42,639128.5575,4852628.5015
6991,6804668,1242543,5/20/2011 8:00:00 AM,1819,DAVENPORT RD,FOUNDRY  AVE,,Minor Arterial,Toronto and East York,43.671345,-79.44939,,No Control,Clear,Daylight,Dry,Non-Fatal Injury,Pedestrian Collisions,Driver,15 to 19,None,,West,"Automobile, Station Wagon",Going Ahead,Failed to Yield Right of Way,Normal,,,,,,,Yes,,Yes,,,,,,,Yes,,,,171,Junction-Wallace Emerson,93,Dovercourt-Wallace Emerson-Junction (93),D13,625003.976,4836538.1242
6992,6804669,1242543,5/20/2011 8:00:00 AM,1819,DAVENPORT RD,FOUNDRY  AVE,,Minor Arterial,Toronto and East York,43.671345,-79.44939,,No Control,Clear,Daylight,Dry,Non-Fatal Injury,Pedestrian Collisions,Pedestrian,5 to 9,Major,,North,Other,,,,Vehicle is going straight thru inter.while ped cross without ROW,Running onto Roadway,Normal,,,,Yes,,Yes,,,,,,,Yes,,,,171,Junction-Wallace Emerson,93,Dovercourt-Wallace Emerson-Junction (93),D13,625003.976,4836538.1242
6993,6628923,1234067,5/20/2011 8:00:00 AM,1932,180 BROOKSIDE DR,,,Local,Toronto and East York,43.681945,-79.30679,,No Control,Clear,Daylight,Dry,Non-Fatal Injury,Pedestrian Collisions,Driver,50 to 54,None,,West,"Automobile, Station Wagon",Reversing,Other,Normal,,,,,,,Yes,,Yes,,,,,,,,,,,62,East End-Danforth,62,East End-Danforth (62),D55,636475.9104,4837940.1726
6994,6628924,1234067,5/20/2011 8:00:00 AM,1932,180 BROOKSIDE DR,,,Local,Toronto and East York,43.681945,-79.30679,,No Control,Clear,Daylight,Dry,Non-Fatal Injury,Pedestrian Collisions,Pedestrian,85 to 89,Major,,East,Other,,,,Pedestrian hit at private driveway,Other,Medical or Physical Disability,,,,Yes,,Yes,,,,,,,,,,,62,East End-Danforth,62,East End-Danforth (62),D55,636475.9104,4837940.1726
6995,6629333,1234265,5/21/2011 8:00:00 AM,1122,FINCH AVE E,SANDHURST CRCL,,Major Arterial,Scarborough,43.808845,-79.26279,,No Control,Clear,Daylight,Dry,Non-Fatal Injury,SMV Other,Driver,45 to 49,Major,,East,"Automobile, Station Wagon",Going Ahead,Lost control,Medical or Physical Disability,,,,,,,,,Yes,,,,,,,,,,Yes,129,Agincourt North,129,Agincourt North (129),D42,639726.8624,4852107.6852
6996,6629334,1234265,5/21/2011 8:00:00 AM,1122,FINCH AVE E,SANDHURST CRCL,,Major Arterial,Scarborough,43.808845,-79.26279,,No Control,Clear,Daylight,Dry,Non-Fatal Injury,SMV Other,Other Property Owner,unknown,,,,Other,,,,,,,,,,,,Yes,,,,,,,,,,Yes,129,Agincourt North,129,Agincourt North (129),D42,639726.8624,4852107.6852
6997,6649400,1242717,5/21/2011 8:00:00 AM,1159,FINCH  AVE E,PHARMACY  AVE,,Major Arterial,Scarborough,43.794345,-79.32609,,No Control,Clear,Daylight,Dry,Non-Fatal Injury,Turning Movement,Motorcycle Driver,30 to 34,Major,,West,Motorcycle,Going Ahead,Driving Properly,Normal,,,,,,,,,Yes,Yes,,,,,,,,,,147,L'Amoreaux West,117,L'Amoreaux (117),D42,634668.0546,4850392.2806
6998,6649401,1242717,5/21/2011 8:00:00 AM,1159,FINCH  AVE E,PHARMACY  AVE,,Major Arterial,Scarborough,43.794345,-79.32609,,No Control,Clear,Daylight,Dry,Non-Fatal Injury,Turning Movement,Driver,40 to 44,None,,South,"Automobile, Station Wagon",Turning Left,Improper Turn,Normal,,,,,,,,,Yes,Yes,,,,,,,,,,147,L'Amoreaux West,117,L'Amoreaux (117),D42,634668.0546,4850392.2806
6999,6630683,1234879,5/22/2011 8:00:00 AM,1430,FINCH AVE E,DORIS AVE,,Major Arterial,North York,43.780445,-79.41229,At Intersection,Traffic Signal,Clear,Daylight,Wet,Non-Fatal Injury,Pedestrian Collisions,Driver,unknown,None,,North,"Automobile, Station Wagon",Turning Right,Improper Turn,Unknown,,,,,,,Yes,,Yes,,,,,,,,,,,152,East Willowdale,51,Willowdale East (51),D32,627762.7087,4848711.8253
7000,6630684,1234879,5/22/2011 8:00:00 AM,1430,FINCH AVE E,DORIS AVE,,Major Arterial,North York,43.780445,-79.41229,At Intersection,Traffic Signal,Clear,Daylight,Wet,Non-Fatal Injury,Pedestrian Collisions,Pedestrian,55 to 59,Major,,North,Other,,,,Pedestrian hit at mid-block,"Crossing, no Traffic Control",Normal,,,,Yes,,Yes,,,,,,,,,,,152,East Willowdale,51,Willowdale East (51),D32,627762.7087,4848711.8253
7001,6649479,1242750,5/22/2011 8:00:00 AM,2004,ALDWYCH AVE,DEWHURST BLVD,,Local,Toronto and East York,43.684745,-79.34049,,No Control,Clear,Dark,Dry,Non-Fatal Injury,Pedestrian Collisions,Driver,55 to 59,None,,East,"Automobile, Station Wagon",Going Ahead,Driving Properly,Normal,,,,,,,Yes,,Yes,,,,,,,,,,,59,Danforth East York,59,Danforth East York (59),D55,633753.3738,4838196.2465
7002,6649480,1242750,5/22/2011 8:00:00 AM,2004,ALDWYCH AVE,DEWHURST BLVD,,Local,Toronto and East York,43.684745,-79.34049,,No Control,Clear,Dark,Dry,Non-Fatal Injury,Pedestrian Collisions,Pedestrian,10 to 14,Major,,North,Other,,,,Vehicle hits the pedestrian walking or running out from between parked vehicles at mid-block,Coming From Behind Parked Vehicle,Normal,,,,Yes,,Yes,,,,,,,,,,,59,Danforth East York,59,Danforth East York (59),D55,633753.3738,4838196.2465
7003,6629696,1234453,5/23/2011 8:00:00 AM,1115,VICTORIA PARK AVE,SHEPPARD AVE E,,Major Arterial,North York,43.775233,-79.323009,At Intersection,Traffic Signal,Clear,Daylight,Dry,Non-Fatal Injury,Angle,Vehicle Owner,unknown,,,,Other,,,,,,,,,,,,Yes,,,,,,,Yes,Yes,,,118,Tam O'Shanter-Sullivan,118,Tam O'Shanter-Sullivan (118),D42,634958.9298,4848274.6113
7004,6629697,1234453,5/23/2011 8:00:00 AM,1115,VICTORIA PARK AVE,SHEPPARD AVE E,,Major Arterial,North York,43.775233,-79.323009,At Intersection,Traffic Signal,Clear,Daylight,Dry,Non-Fatal Injury,Angle,Driver,35 to 39,None,,North,"Automobile, Station Wagon",Going Ahead,Driving Properly,Normal,,,,,,,,,Yes,,,,,,,Yes,Yes,,,118,Tam O'Shanter-Sullivan,118,Tam O'Shanter-Sullivan (118),D42,634958.9298,4848274.6113
7005,6629698,1234453,5/23/2011 8:00:00 AM,1115,VICTORIA PARK AVE,SHEPPARD AVE E,,Major Arterial,North York,43.775233,-79.323009,At Intersection,Traffic Signal,Clear,Daylight,Dry,Non-Fatal Injury,Angle,Driver,25 to 29,None,,North,"Automobile, Station Wagon",Going Ahead,Driving Properly,Normal,,,,,,,,,Yes,,,,,,,Yes,Yes,,,118,Tam O'Shanter-Sullivan,118,Tam O'Shanter-Sullivan (118),D42,634958.9298,4848274.6113
7006,6629699,1234453,5/23/2011 8:00:00 AM,1115,VICTORIA PARK AVE,SHEPPARD AVE E,,Major Arterial,North York,43.775233,-79.323009,At Intersection,Traffic Signal,Clear,Daylight,Dry,Non-Fatal Injury,Angle,Driver,45 to 49,Major,,West,"Automobile, Station Wagon",Going Ahead,Disobeyed Traffic Control,Normal,,,,,,,,,Yes,,,,,,,Yes,Yes,,,118,Tam O'Shanter-Sullivan,118,Tam O'Shanter-Sullivan (118),D42,634958.9298,4848274.6113
7007,6630749,1234913,5/23/2011 8:00:00 AM,1350,ISLINGTON AVE,ALBION RD,,Major Arterial,Etobicoke York,43.737245,-79.56529,At Intersection,Traffic Signal,Clear,Daylight,Dry,Non-Fatal Injury,Pedestrian Collisions,Passenger,0 to 4,None,,,Other,,,,,,,,,,Yes,,Yes,,,,,Yes,,,,,,3,Thistletown-Beaumond Heights,3,Thistletown-Beaumond Heights (3),D23,615533.8501,4843689.0973
7008,6630750,1234913,5/23/2011 8:00:00 AM,1350,ISLINGTON AVE,ALBION RD,,Major Arterial,Etobicoke York,43.737245,-79.56529,At Intersection,Traffic Signal,Clear,Daylight,Dry,Non-Fatal Injury,Pedestrian Collisions,Driver,35 to 39,None,,North,"Automobile, Station Wagon",Going Ahead,Driving Properly,Normal,,,,,,,Yes,,Yes,,,,,Yes,,,,,,3,Thistletown-Beaumond Heights,3,Thistletown-Beaumond Heights (3),D23,615533.8501,4843689.0973
7009,6630751,1234913,5/23/2011 8:00:00 AM,1350,ISLINGTON AVE,ALBION RD,,Major Arterial,Etobicoke York,43.737245,-79.56529,At Intersection,Traffic Signal,Clear,Daylight,Dry,Non-Fatal Injury,Pedestrian Collisions,Pedestrian,75 to 79,Major,,East,Other,,,,Vehicle is going straight thru inter.while ped cross without ROW,Crossing without right of way,Normal,,,,Yes,,Yes,,,,,Yes,,,,,,3,Thistletown-Beaumond Heights,3,Thistletown-Beaumond Heights (3),D23,615533.8501,4843689.0973
7010,6650258,1243108,5/24/2011 8:00:00 AM,1900,TRINNELL Boul,FLAGSTAFF Road,,Local,Scarborough,43.710945,-79.27429,,No Control,Clear,Daylight,Dry,Non-Fatal Injury,Pedestrian Collisions,Driver,25 to 29,None,,South,"Automobile, Station Wagon",Turning Right,Failed to Yield Right of Way,Inattentive,,,,,,,Yes,,Yes,,,,,,,Yes,,,,120,Clairlea-Birchmount,120,Clairlea-Birchmount (120),D41,639028.4645,4841215.031
7011,6650259,1243108,5/24/2011 8:00:00 AM,1900,TRINNELL Boul,FLAGSTAFF Road,,Local,Scarborough,43.710945,-79.27429,,No Control,Clear,Daylight,Dry,Non-Fatal Injury,Pedestrian Collisions,Pedestrian,0 to 4,Major,,South,Other,,,,Pedestrian hit at private driveway,On Sidewalk or Shoulder,Normal,,,,Yes,,Yes,,,,,,,Yes,,,,120,Clairlea-Birchmount,120,Clairlea-Birchmount (120),D41,639028.4645,4841215.031
7012,6631486,1235236,5/29/2011 8:00:00 AM,1400,SHEPPARD AVE E,PHARMACY AVE,,Major Arterial,Scarborough,43.776645,-79.31699,,No Control,Clear,Daylight,Dry,Non-Fatal Injury,Rear End,Driver,30 to 34,Major,,East,"Automobile, Station Wagon",Slowing or Stopping,Following too Close,Normal,,,,,,,,,Yes,,,,,,,Yes,,,,118,Tam O'Shanter-Sullivan,118,Tam O'Shanter-Sullivan (118),D42,635440.137,4848441.2649
7013,6631487,1235236,5/29/2011 8:00:00 AM,1400,SHEPPARD AVE E,PHARMACY AVE,,Major Arterial,Scarborough,43.776645,-79.31699,,No Control,Clear,Daylight,Dry,Non-Fatal Injury,Rear End,Driver,35 to 39,Minimal,,East,"Automobile, Station Wagon",Stopped,Driving Properly,Normal,,,,,,,,,Yes,,,,,,,Yes,,,,118,Tam O'Shanter-Sullivan,118,Tam O'Shanter-Sullivan (118),D42,635440.137,4848441.2649
7014,6631684,1235315,5/30/2011 8:00:00 AM,709,MIDLAND AVE,COSENTINO DR,,Major Arterial,Scarborough,43.770545,-79.27199,,No Control,Clear,Daylight,Dry,Non-Fatal Injury,Pedestrian Collisions,Vehicle Owner,unknown,,,,Other,,,,,,,,,,Yes,,Yes,,,,,Yes,,,,,,156,Bendale-Glen Andrew,127,Bendale (127),D41,639075.6895,4847838.3665
7015,6631685,1235315,5/30/2011 8:00:00 AM,709,MIDLAND AVE,COSENTINO DR,,Major Arterial,Scarborough,43.770545,-79.27199,,No Control,Clear,Daylight,Dry,Non-Fatal Injury,Pedestrian Collisions,Passenger,25 to 29,None,,,Other,,,,,,,,,,Yes,,Yes,,,,,Yes,,,,,,156,Bendale-Glen Andrew,127,Bendale (127),D41,639075.6895,4847838.3665
7016,6631686,1235315,5/30/2011 8:00:00 AM,709,MIDLAND AVE,COSENTINO DR,,Major Arterial,Scarborough,43.770545,-79.27199,,No Control,Clear,Daylight,Dry,Non-Fatal Injury,Pedestrian Collisions,Passenger,50 to 54,None,,,Other,,,,,,,,,,Yes,,Yes,,,,,Yes,,,,,,156,Bendale-Glen Andrew,127,Bendale (127),D41,639075.6895,4847838.3665
7017,6631687,1235315,5/30/2011 8:00:00 AM,709,MIDLAND AVE,COSENTINO DR,,Major Arterial,Scarborough,43.770545,-79.27199,,No Control,Clear,Daylight,Dry,Non-Fatal Injury,Pedestrian Collisions,Driver,55 to 59,None,,North,"Automobile, Station Wagon",Going Ahead,Driving Properly,Unknown,,,,,,,Yes,,Yes,,,,,Yes,,,,,,156,Bendale-Glen Andrew,127,Bendale (127),D41,639075.6895,4847838.3665
7018,6631688,1235315,5/30/2011 8:00:00 AM,709,MIDLAND AVE,COSENTINO DR,,Major Arterial,Scarborough,43.770545,-79.27199,,No Control,Clear,Daylight,Dry,Non-Fatal Injury,Pedestrian Collisions,Other,unknown,None,,,Other,,,,,,,,,,Yes,,Yes,,,,,Yes,,,,,,156,Bendale-Glen Andrew,127,Bendale (127),D41,639075.6895,4847838.3665
7019,6631689,1235315,5/30/2011 8:00:00 AM,709,MIDLAND AVE,COSENTINO DR,,Major Arterial,Scarborough,43.770545,-79.27199,,No Control,Clear,Daylight,Dry,Non-Fatal Injury,Pedestrian Collisions,Pedestrian,15 to 19,Major,,East,Other,,,,Pedestrian hit at mid-block,"Crossing, no Traffic Control",Medical or Physical Disability,,,,Yes,,Yes,,,,,Yes,,,,,,156,Bendale-Glen Andrew,127,Bendale (127),D41,639075.6895,4847838.3665
7020,6633156,1235900,6/1/2011 8:00:00 AM,1650,KING ST W,STRACHAN AVE,,Major Arterial,Toronto and East York,43.642145,-79.41129,,No Control,Clear,Daylight,Dry,Non-Fatal Injury,Pedestrian Collisions,Motorcycle Driver,50 to 54,Major,,East,Motorcycle,Going Ahead,Driving Properly,Normal,,,,,,,Yes,,,Yes,,,,,,,,,,162,West Queen West,82,Niagara (82),D14,628137.5691,4833353.1992
7021,6633157,1235900,6/1/2011 8:00:00 AM,1650,KING ST W,STRACHAN AVE,,Major Arterial,Toronto and East York,43.642145,-79.41129,,No Control,Clear,Daylight,Dry,Non-Fatal Injury,Pedestrian Collisions,Pedestrian,25 to 29,Minor,,North,Other,,,,Pedestrian hit at mid-block,"Crossing, no Traffic Control",Other,,,,Yes,,,Yes,,,,,,,,,,162,West Queen West,82,Niagara (82),D14,628137.5691,4833353.1992
7022,7558913,1239766,6/1/2011 8:00:00 AM,1935,THE ESPLANADE,BERKELEY Stre,,Collector,Toronto and East York,43.650145,-79.36359,,Traffic Signal,Clear,Daylight,Dry,Non-Fatal Injury,SMV Other,Vehicle Owner,unknown,,,,Other,,,,,,,,,,,,Yes,Yes,,,,,,,,,,166,St Lawrence-East Bayfront-The Islands,77,Waterfront Communities-The Island (77),D51,631967.3394,4834316.4533