OBJECTID,INDEX,ACCNUM,DATE,TIME,STREET1,STREET2,OFFSET,ROAD_CLASS,DISTRICT,LATITUDE,LONGITUDE,ACCLOC,TRAFFCTL,VISIBILITY,LIGHT,RDSFCOND,ACCLASS,IMPACTYPE,INVTYPE,INVAGE,INJURY,FATAL_NO,INITDIR,VEHTYPE,MANOEUVER,DRIVACT,DRIVCOND,PEDTYPE,PEDACT,PEDCOND,CYCLISTYPE,CYCACT,CYCCOND,PEDESTRIAN,CYCLIST,AUTOMOBILE,MOTORCYCLE,TRUCK,TRSN_CITY_VEH,EMERG_VEH,PASSENGER,SPEEDING,AG_DRIV,REDLIGHT,ALCOHOL,DISABILITY,HOOD_158,NEIGHBOURHOOD_158,HOOD_140,NEIGHBOURHOOD_140,DIVISION,x,y
7023,7558914,1239766,6/1/2011 8:00:00 AM,1935,THE ESPLANADE,BERKELEY Stre,,Collector,Toronto and East York,43.650145,-79.36359,,Traffic Signal,Clear,Daylight,Dry,Non-Fatal Injury,SMV Other,Motorcycle Driver,30 to 34,Major,,East,Motorcycle,Going Ahead,Driving Properly,Normal,,,,,,,,,Yes,Yes,,,,,,,,,,166,St Lawrence-East Bayfront-The Islands,77,Waterfront Communities-The Island (77),D51,631967.3394,4834316.4533
7024,7558915,1239766,6/1/2011 8:00:00 AM,1935,THE ESPLANADE,BERKELEY Stre,,Collector,Toronto and East York,43.650145,-79.36359,,Traffic Signal,Clear,Daylight,Dry,Non-Fatal Injury,SMV Other,Driver,unknown,None,,West,"Automobile, Station Wagon",Overtaking,Other,Unknown,,,,,,,,,Yes,Yes,,,,,,,,,,166,St Lawrence-East Bayfront-The Islands,77,Waterfront Communities-The Island (77),D51,631967.3394,4834316.4533
7025,6653545,1244509,6/3/2011 8:00:00 AM,750,62 RACINE DR,,,Collector,Etobicoke York,43.717045,-79.58059,,No Control,Clear,Daylight,Dry,Non-Fatal Injury,Approaching,Vehicle Owner,unknown,,,,Other,,,,,,,,,,,,Yes,,Yes,,,Yes,,,,,,1,West Humber-Clairville,1,West Humber-Clairville (1),D23,614340.1938,4841424.3838
7026,6653546,1244509,6/3/2011 8:00:00 AM,750,62 RACINE DR,,,Collector,Etobicoke York,43.717045,-79.58059,,No Control,Clear,Daylight,Dry,Non-Fatal Injury,Approaching,Driver,30 to 34,Major,,East,"Automobile, Station Wagon",Going Ahead,Lost control,Inattentive,,,,,,,,,Yes,,Yes,,,Yes,,,,,,1,West Humber-Clairville,1,West Humber-Clairville (1),D23,614340.1938,4841424.3838
7027,6653547,1244509,6/3/2011 8:00:00 AM,750,62 RACINE DR,,,Collector,Etobicoke York,43.717045,-79.58059,,No Control,Clear,Daylight,Dry,Non-Fatal Injury,Approaching,Passenger,40 to 44,Minor,,,Other,,,,,,,,,,,,Yes,,Yes,,,Yes,,,,,,1,West Humber-Clairville,1,West Humber-Clairville (1),D23,614340.1938,4841424.3838
7028,6653548,1244509,6/3/2011 8:00:00 AM,750,62 RACINE DR,,,Collector,Etobicoke York,43.717045,-79.58059,,No Control,Clear,Daylight,Dry,Non-Fatal Injury,Approaching,Vehicle Owner,unknown,,,,Other,,,,,,,,,,,,Yes,,Yes,,,Yes,,,,,,1,West Humber-Clairville,1,West Humber-Clairville (1),D23,614340.1938,4841424.3838
7029,6653549,1244509,6/3/2011 8:00:00 AM,750,62 RACINE DR,,,Collector,Etobicoke York,43.717045,-79.58059,,No Control,Clear,Daylight,Dry,Non-Fatal Injury,Approaching,Truck Driver,40 to 44,Minor,,West,Truck - Open,Going Ahead,Driving Properly,Normal,,,,,,,,,Yes,,Yes,,,Yes,,,,,,1,West Humber-Clairville,1,West Humber-Clairville (1),D23,614340.1938,4841424.3838
7030,6653550,1244509,6/3/2011 8:00:00 AM,750,62 RACINE DR,,,Collector,Etobicoke York,43.717045,-79.58059,,No Control,Clear,Daylight,Dry,Non-Fatal Injury,Approaching,Vehicle Owner,unknown,,,,Other,,,,,,,,,,,,Yes,,Yes,,,Yes,,,,,,1,West Humber-Clairville,1,West Humber-Clairville (1),D23,614340.1938,4841424.3838
7031,6653620,1244535,6/4/2011 8:00:00 AM,1352,DUNFIELD AVE,EGLINTON AVE E,,Major Arterial,Toronto and East York,43.707245,-79.39539,,No Control,Clear,Daylight,Dry,Non-Fatal Injury,Pedestrian Collisions,Vehicle Owner,unknown,,,,Other,,,,,,,,,,Yes,,Yes,,,,,,,,,,,174,South Eglinton-Davisville,104,Mount Pleasant West (104),D53,629280.1313,4840608.1048
7032,6653621,1244535,6/4/2011 8:00:00 AM,1352,DUNFIELD AVE,EGLINTON AVE E,,Major Arterial,Toronto and East York,43.707245,-79.39539,,No Control,Clear,Daylight,Dry,Non-Fatal Injury,Pedestrian Collisions,Driver,35 to 39,None,,North,"Automobile, Station Wagon",Reversing,Other,Normal,,,,,,,Yes,,Yes,,,,,,,,,,,174,South Eglinton-Davisville,104,Mount Pleasant West (104),D53,629280.1313,4840608.1048
7033,6653622,1244535,6/4/2011 8:00:00 AM,1352,DUNFIELD AVE,EGLINTON AVE E,,Major Arterial,Toronto and East York,43.707245,-79.39539,,No Control,Clear,Daylight,Dry,Non-Fatal Injury,Pedestrian Collisions,Pedestrian,85 to 89,Major,,West,Other,,,,Vehicle is reversing and hits pedestrian,Other,Normal,,,,Yes,,Yes,,,,,,,,,,,174,South Eglinton-Davisville,104,Mount Pleasant West (104),D53,629280.1313,4840608.1048
7034,6654066,1244722,6/5/2011 8:00:00 AM,1200,FLEET ST,FORT YORK BLVD,,Minor Arterial,Toronto and East York,43.636345,-79.40679,At Intersection,Traffic Signal,Clear,Daylight,Dry,Non-Fatal Injury,Cyclist Collisions,Driver,35 to 39,None,,East,"Automobile, Station Wagon",Stopped,Driving Properly,Normal,,,,,,,,Yes,Yes,,,,,,,,,,,163,Fort York-Liberty Village,82,Niagara (82),D14,628512.8855,4832715.992
7035,6654067,1244722,6/5/2011 8:00:00 AM,1200,FLEET ST,FORT YORK BLVD,,Minor Arterial,Toronto and East York,43.636345,-79.40679,At Intersection,Traffic Signal,Clear,Daylight,Dry,Non-Fatal Injury,Cyclist Collisions,Cyclist,25 to 29,Major,,East,Bicycle,Going Ahead,,,,,,Cyclist struck opened vehicle door,Improper Passing,Normal,,Yes,Yes,,,,,,,,,,,163,Fort York-Liberty Village,82,Niagara (82),D14,628512.8855,4832715.992
7036,6634528,1236508,6/5/2011 8:00:00 AM,1206,YONGE ST,STEELES AVE W,,Major Arterial,North York,43.797945,-79.42009,At Intersection,Traffic Signal,Clear,Daylight,Dry,Non-Fatal Injury,Angle,Driver,80 to 84,Minor,,East,"Automobile, Station Wagon",Going Ahead,Driving Properly,Normal,,,,,,,,,Yes,,,,,,,Yes,Yes,,,36,Newtonbrook West,36,Newtonbrook West (36),D32,627097.9409,4850643.4641
7037,6634529,1236508,6/5/2011 8:00:00 AM,1206,YONGE ST,STEELES AVE W,,Major Arterial,North York,43.797945,-79.42009,At Intersection,Traffic Signal,Clear,Daylight,Dry,Non-Fatal Injury,Angle,Vehicle Owner,unknown,,,,Other,,,,,,,,,,,,Yes,,,,,,,Yes,Yes,,,36,Newtonbrook West,36,Newtonbrook West (36),D32,627097.9409,4850643.4641
7038,6634530,1236508,6/5/2011 8:00:00 AM,1206,YONGE ST,STEELES AVE W,,Major Arterial,North York,43.797945,-79.42009,At Intersection,Traffic Signal,Clear,Daylight,Dry,Non-Fatal Injury,Angle,Driver,25 to 29,Major,,North,"Automobile, Station Wagon",Going Ahead,Disobeyed Traffic Control,Inattentive,,,,,,,,,Yes,,,,,,,Yes,Yes,,,36,Newtonbrook West,36,Newtonbrook West (36),D32,627097.9409,4850643.4641
7039,6653989,1244686,6/5/2011 8:00:00 AM,1330,YONGE ST,YORK MILLS RD,,Major Arterial,North York,43.745245,-79.40699,,No Control,Clear,Daylight,Dry,Non-Fatal Injury,Pedestrian Collisions,Vehicle Owner,unknown,,,,Other,,,,,,,,,,Yes,,,Yes,,,,,Yes,Yes,,,,39,Bedford Park-Nortown,39,Bedford Park-Nortown (39),D32,628264.4046,4844810.5276
7040,6653990,1244686,6/5/2011 8:00:00 AM,1330,YONGE ST,YORK MILLS RD,,Major Arterial,North York,43.745245,-79.40699,,No Control,Clear,Daylight,Dry,Non-Fatal Injury,Pedestrian Collisions,Motorcycle Driver,25 to 29,Minor,,North,Motorcycle,Other,Exceeding Speed Limit,Normal,,,,,,,Yes,,,Yes,,,,,Yes,Yes,,,,39,Bedford Park-Nortown,39,Bedford Park-Nortown (39),D32,628264.4046,4844810.5276
7041,6653991,1244686,6/5/2011 8:00:00 AM,1330,YONGE ST,YORK MILLS RD,,Major Arterial,North York,43.745245,-79.40699,,No Control,Clear,Daylight,Dry,Non-Fatal Injury,Pedestrian Collisions,Pedestrian,15 to 19,Major,,North,Other,,,,Pedestrian hit on sidewalk or shoulder,On Sidewalk or Shoulder,Normal,,,,Yes,,,Yes,,,,,Yes,Yes,,,,39,Bedford Park-Nortown,39,Bedford Park-Nortown (39),D32,628264.4046,4844810.5276
7042,6636363,1237279,6/8/2011 8:00:00 AM,1710,FINCH AVE W,NORFINCH DR,,Major Arterial,Etobicoke York,43.755945,-79.52429,At Intersection,Traffic Signal,Clear,Daylight,Dry,Non-Fatal Injury,Cyclist Collisions,Driver,45 to 49,None,,South,"Automobile, Station Wagon",Turning Right,Improper Turn,Normal,,,,,,,,Yes,Yes,,,,,,,,,,,24,Black Creek,24,Black Creek (24),D31,618798.5119,4845823.9901
7043,6636364,1237279,6/8/2011 8:00:00 AM,1710,FINCH AVE W,NORFINCH DR,,Major Arterial,Etobicoke York,43.755945,-79.52429,At Intersection,Traffic Signal,Clear,Daylight,Dry,Non-Fatal Injury,Cyclist Collisions,Cyclist,65 to 69,Major,,East,Bicycle,Unknown,,,,,,Motorist turning right on red at signalized intersection strikes cyclist.,Driving Properly,Unknown,,Yes,Yes,,,,,,,,,,,24,Black Creek,24,Black Creek (24),D31,618798.5119,4845823.9901
7044,6654992,1245113,6/8/2011 8:00:00 AM,2313,DUFFERIN ST,FINCH AVE W,,Major Arterial,North York,43.768845,-79.46689,At Intersection,Traffic Signal,Clear,Dark,Dry,Non-Fatal Injury,Angle,Passenger,15 to 19,Minor,,,Other,,,,,,,,,,,,Yes,,,,,Yes,,Yes,Yes,,,34,Bathurst Manor,34,Bathurst Manor (34),D32,623392.8761,4847340.6575
7045,6654993,1245113,6/8/2011 8:00:00 AM,2313,DUFFERIN ST,FINCH AVE W,,Major Arterial,North York,43.768845,-79.46689,At Intersection,Traffic Signal,Clear,Dark,Dry,Non-Fatal Injury,Angle,Passenger,15 to 19,Major,,,Other,,,,,,,,,,,,Yes,,,,,Yes,,Yes,Yes,,,34,Bathurst Manor,34,Bathurst Manor (34),D32,623392.8761,4847340.6575
7046,6654994,1245113,6/8/2011 8:00:00 AM,2313,DUFFERIN ST,FINCH AVE W,,Major Arterial,North York,43.768845,-79.46689,At Intersection,Traffic Signal,Clear,Dark,Dry,Non-Fatal Injury,Angle,Driver,25 to 29,Minor,,East,"Automobile, Station Wagon",Going Ahead,Driving Properly,Normal,,,,,,,,,Yes,,,,,Yes,,Yes,Yes,,,34,Bathurst Manor,34,Bathurst Manor (34),D32,623392.8761,4847340.6575
7047,6654995,1245113,6/8/2011 8:00:00 AM,2313,DUFFERIN ST,FINCH AVE W,,Major Arterial,North York,43.768845,-79.46689,At Intersection,Traffic Signal,Clear,Dark,Dry,Non-Fatal Injury,Angle,Driver,40 to 44,Minimal,,North,"Automobile, Station Wagon",Going Ahead,Disobeyed Traffic Control,Inattentive,,,,,,,,,Yes,,,,,Yes,,Yes,Yes,,,34,Bathurst Manor,34,Bathurst Manor (34),D32,623392.8761,4847340.6575
7048,6636615,1237383,6/9/2011 8:00:00 AM,358,VICTORIA PARK AVE,LAWRENCE AVE E,,Major Arterial,North York,43.742072,-79.309757,Intersection Related,No Control,Clear,Dark,Dry,Non-Fatal Injury,Pedestrian Collisions,Driver,70 to 74,None,,South,"Automobile, Station Wagon",Going Ahead,Driving Properly,Normal,,,,,,,Yes,,Yes,,,,,,,,,,,119,Wexford/Maryvale,119,Wexford/Maryvale (119),D41,636100.5871,4844613.264
7049,6636616,1237383,6/9/2011 8:00:00 AM,358,VICTORIA PARK AVE,LAWRENCE AVE E,,Major Arterial,North York,43.742072,-79.309757,Intersection Related,No Control,Clear,Dark,Dry,Non-Fatal Injury,Pedestrian Collisions,Pedestrian,40 to 44,Major,,East,,,,,Pedestrian hit at mid-block,Running onto Roadway,Normal,,,,Yes,,Yes,,,,,,,,,,,119,Wexford/Maryvale,119,Wexford/Maryvale (119),D41,636100.5871,4844613.264
7050,6642217,1239776,6/9/2011 8:00:00 AM,1600,YONGE ST,SHAFTESBURY AVE,,Major Arterial,Toronto and East York,43.681945,-79.39159,At Intersection,Traffic Signal,Clear,Daylight,Dry,Non-Fatal Injury,Pedestrian Collisions,Driver,unknown,None,,Unknown,"Automobile, Station Wagon",Going Ahead,Other,Unknown,,,,,,,Yes,,Yes,,,,,,,,,,,97,Yonge-St.Clair,97,Yonge-St.Clair (97),D53,629640.7984,4837804.1217
7051,6642218,1239776,6/9/2011 8:00:00 AM,1600,YONGE ST,SHAFTESBURY AVE,,Major Arterial,Toronto and East York,43.681945,-79.39159,At Intersection,Traffic Signal,Clear,Daylight,Dry,Non-Fatal Injury,Pedestrian Collisions,Pedestrian,45 to 49,Major,,West,Other,,,,Vehicle is going straight thru inter.while ped cross with ROW,Crossing with right of way,Normal,,,,Yes,,Yes,,,,,,,,,,,97,Yonge-St.Clair,97,Yonge-St.Clair (97),D53,629640.7984,4837804.1217
7052,6915554,1237710,6/10/2011 8:00:00 AM,1858,BEECROFT Road,NORTH YORK Boul,,Minor Arterial,North York,43.766345,-79.41539,At Intersection,Stop Sign,Clear,Daylight,Dry,Non-Fatal Injury,Pedestrian Collisions,Driver,35 to 39,None,,West,"Automobile, Station Wagon",Turning Left,Improper Turn,Inattentive,,,,,,,Yes,,Yes,,,,,,,Yes,,,,38,Lansing-Westgate,38,Lansing-Westgate (38),D32,627543.2205,4847141.0259
7053,6915555,1237710,6/10/2011 8:00:00 AM,1858,BEECROFT Road,NORTH YORK Boul,,Minor Arterial,North York,43.766345,-79.41539,At Intersection,Stop Sign,Clear,Daylight,Dry,Non-Fatal Injury,Pedestrian Collisions,Pedestrian,55 to 59,Major,,West,Other,,,,Other / Undefined,"Crossing, no Traffic Control",Inattentive,,,,Yes,,Yes,,,,,,,Yes,,,,38,Lansing-Westgate,38,Lansing-Westgate (38),D32,627543.2205,4847141.0259
7054,6915556,1237710,6/10/2011 8:00:00 AM,1858,BEECROFT Road,NORTH YORK Boul,,Minor Arterial,North York,43.766345,-79.41539,At Intersection,Stop Sign,Clear,Daylight,Dry,Non-Fatal Injury,Pedestrian Collisions,Driver,85 to 89,Minimal,,North,"Automobile, Station Wagon",Going Ahead,Driving Properly,Normal,,,,,,,Yes,,Yes,,,,,,,Yes,,,,38,Lansing-Westgate,38,Lansing-Westgate (38),D32,627543.2205,4847141.0259
7055,6637556,1237771,6/11/2011 8:00:00 AM,1308,DEWLANE DR,BATHURST ST,,Major Arterial,North York,43.785945,-79.44589,,No Control,Clear,Daylight,Dry,Fatal,Pedestrian Collisions,Driver,50 to 54,None,,South,"Automobile, Station Wagon",Other,Other,Normal,,,,,,,Yes,,Yes,,,,,,,,,,,36,Newtonbrook West,36,Newtonbrook West (36),D32,625047.4326,4849271.3803
7056,6637557,1237771,6/11/2011 8:00:00 AM,1308,DEWLANE DR,BATHURST ST,,Major Arterial,North York,43.785945,-79.44589,,No Control,Clear,Daylight,Dry,Fatal,Pedestrian Collisions,Pedestrian,80 to 84,Fatal,9,West,Other,,,,Pedestrian hit at private driveway,Other,Normal,,,,Yes,,Yes,,,,,,,,,,,36,Newtonbrook West,36,Newtonbrook West (36),D32,625047.4326,4849271.3803
7057,6657620,1246241,6/13/2011 8:00:00 AM,2020,CHURCH ST,ALEXANDER ST,,Minor Arterial,Toronto and East York,43.663645,-79.37999,,No Control,Clear,Dark,Dry,Non-Fatal Injury,Cyclist Collisions,Driver,30 to 34,None,,North,"Automobile, Station Wagon",Parked,Other,Normal,,,,,,,,Yes,Yes,,,,,,,,,,,167,Church-Wellesley,75,Church-Yonge Corridor (75),D51,630615.483,4835789.8571
7058,6657621,1246241,6/13/2011 8:00:00 AM,2020,CHURCH ST,ALEXANDER ST,,Minor Arterial,Toronto and East York,43.663645,-79.37999,,No Control,Clear,Dark,Dry,Non-Fatal Injury,Cyclist Collisions,Cyclist,25 to 29,Major,,North,Bicycle,Going Ahead,,,,,,Cyclist and Driver travelling in same direction. One vehicle sideswipes the other.,Driving Properly,Normal,,Yes,Yes,,,,,,,,,,,167,Church-Wellesley,75,Church-Yonge Corridor (75),D51,630615.483,4835789.8571
7059,6639181,1238504,6/14/2011 8:00:00 AM,1350,EGLINTON Aven W,DUPLEX Aven,,Major Arterial,North York,43.706345,-79.40029,At Intersection,No Control,Clear,Daylight,Dry,Non-Fatal Injury,Sideswipe,Driver,25 to 29,None,,West,"Automobile, Station Wagon",Changing Lanes,Improper Lane Change,Normal,,,,,,,,,Yes,,,,,,,,,,,100,Yonge-Eglinton,100,Yonge-Eglinton (100),D53,628887.2734,4840500.5172
7060,6639182,1238504,6/14/2011 8:00:00 AM,1350,EGLINTON Aven W,DUPLEX Aven,,Major Arterial,North York,43.706345,-79.40029,At Intersection,No Control,Clear,Daylight,Dry,Non-Fatal Injury,Sideswipe,Driver,25 to 29,Major,,West,"Automobile, Station Wagon",Going Ahead,Driving Properly,Normal,,,,,,,,,Yes,,,,,,,,,,,100,Yonge-Eglinton,100,Yonge-Eglinton (100),D53,628887.2734,4840500.5172
7061,6639183,1238504,6/14/2011 8:00:00 AM,1350,EGLINTON Aven W,DUPLEX Aven,,Major Arterial,North York,43.706345,-79.40029,At Intersection,No Control,Clear,Daylight,Dry,Non-Fatal Injury,Sideswipe,Other,unknown,None,,,Other,,,,,,,,,,,,Yes,,,,,,,,,,,100,Yonge-Eglinton,100,Yonge-Eglinton (100),D53,628887.2734,4840500.5172
7062,6639080,1238461,6/14/2011 8:00:00 AM,2203,HOPTREE Ave,STAINES Rd,,Local,Scarborough,43.822145,-79.22029,,No Control,Clear,Dark,Dry,Non-Fatal Injury,Other,Passenger,15 to 19,None,,,Other,,,,,,,,,,,,Yes,,,,,Yes,,,,,,144,Morningside Heights,131,Rouge (131),D42,643113.4742,4853657.5191
7063,6639081,1238461,6/14/2011 8:00:00 AM,2203,HOPTREE Ave,STAINES Rd,,Local,Scarborough,43.822145,-79.22029,,No Control,Clear,Dark,Dry,Non-Fatal Injury,Other,Passenger,15 to 19,Major,,,Other,,,,,,,,,,,,Yes,,,,,Yes,,,,,,144,Morningside Heights,131,Rouge (131),D42,643113.4742,4853657.5191
7064,6639082,1238461,6/14/2011 8:00:00 AM,2203,HOPTREE Ave,STAINES Rd,,Local,Scarborough,43.822145,-79.22029,,No Control,Clear,Dark,Dry,Non-Fatal Injury,Other,Driver,15 to 19,None,,North,"Automobile, Station Wagon",Going Ahead,Other,Inattentive,,,,,,,,,Yes,,,,,Yes,,,,,,144,Morningside Heights,131,Rouge (131),D42,643113.4742,4853657.5191
7065,6639099,1238470,6/15/2011 8:00:00 AM,1,F G GARDINER Expr E,CHERRY Stre,,Major Arterial,Toronto and East York,43.649045,-79.35679,,No Control,Clear,Dark,Dry,Non-Fatal Injury,SMV Other,Motorcycle Driver,25 to 29,Major,,East,Motorcycle,Going Ahead,Lost control,Had Been Drinking,,,,,,,,,Yes,Yes,,,,,,,,,,166,St Lawrence-East Bayfront-The Islands,77,Waterfront Communities-The Island (77),D51,632518.1466,4834205.1203
7066,6639100,1238470,6/15/2011 8:00:00 AM,1,F G GARDINER Expr E,CHERRY Stre,,Major Arterial,Toronto and East York,43.649045,-79.35679,,No Control,Clear,Dark,Dry,Non-Fatal Injury,SMV Other,Other,unknown,None,,,"Automobile, Station Wagon",,,,,,,,,,,,Yes,Yes,,,,,,,,,,166,St Lawrence-East Bayfront-The Islands,77,Waterfront Communities-The Island (77),D51,632518.1466,4834205.1203
7067,6659080,1246857,6/15/2011 8:00:00 AM,1405,DUPONT Stre,CAMPBELL Aven,,Major Arterial,Toronto and East York,43.665946,-79.450092,At Intersection,No Control,Clear,Daylight,Dry,Non-Fatal Injury,Sideswipe,Vehicle Owner,unknown,,,,,,,,,,,,,,,Yes,Yes,,,,,,,,,,,171,Junction-Wallace Emerson,93,Dovercourt-Wallace Emerson-Junction (93),D11,624958.5859,4835937.436
7068,6659081,1246857,6/15/2011 8:00:00 AM,1405,DUPONT Stre,CAMPBELL Aven,,Major Arterial,Toronto and East York,43.665946,-79.450092,At Intersection,No Control,Clear,Daylight,Dry,Non-Fatal Injury,Sideswipe,Driver,75 to 79,None,,West,"Automobile, Station Wagon",Turning Right,Improper Turn,Normal,,,,,,,,Yes,Yes,,,,,,,,,,,171,Junction-Wallace Emerson,93,Dovercourt-Wallace Emerson-Junction (93),D11,624958.5859,4835937.436
7069,6659082,1246857,6/15/2011 8:00:00 AM,1405,DUPONT Stre,CAMPBELL Aven,,Major Arterial,Toronto and East York,43.665946,-79.450092,At Intersection,No Control,Clear,Daylight,Dry,Non-Fatal Injury,Sideswipe,Moped Driver,35 to 39,Major,,West,Moped,Going Ahead,,,,,,,,,,Yes,Yes,,,,,,,,,,,171,Junction-Wallace Emerson,93,Dovercourt-Wallace Emerson-Junction (93),D11,624958.5859,4835937.436
7070,6641415,1239456,6/16/2011 8:00:00 AM,1230,BATHURST ST,LAWRENCE AVE W,,Major Arterial,North York,43.719245,-79.42979,At Intersection,Traffic Signal,Clear,Daylight,Dry,Non-Fatal Injury,Cyclist Collisions,Driver,unknown,None,,South,"Automobile, Station Wagon",Turning Left,Failed to Yield Right of Way,Unknown,,,,,,,,Yes,Yes,,,,,,,Yes,,,,39,Bedford Park-Nortown,39,Bedford Park-Nortown (39),D53,626483.3208,4841887.8024
7071,6641416,1239456,6/16/2011 8:00:00 AM,1230,BATHURST ST,LAWRENCE AVE W,,Major Arterial,North York,43.719245,-79.42979,At Intersection,Traffic Signal,Clear,Daylight,Dry,Non-Fatal Injury,Cyclist Collisions,Cyclist,20 to 24,Major,,North,Bicycle,Going Ahead,,,,,,Motorist turned left across cyclists path.,Other,Normal,,Yes,Yes,,,,,,,Yes,,,,39,Bedford Park-Nortown,39,Bedford Park-Nortown (39),D53,626483.3208,4841887.8024
7072,6804591,1239243,6/17/2011 8:00:00 AM,1432,WEDGEWOOD DR,YONGE ST,,Major Arterial,North York,43.788945,-79.41779,At Intersection,Stop Sign,Clear,Daylight,Dry,Fatal,Pedestrian Collisions,Driver,25 to 29,None,,West,"Automobile, Station Wagon",Going Ahead,Failed to Yield Right of Way,Normal,,,,,,,Yes,,Yes,,,,,,,Yes,,,,50,Newtonbrook East,50,Newtonbrook East (50),D32,627302.0772,4849647.4084
7073,6804592,1239243,6/17/2011 8:00:00 AM,1432,WEDGEWOOD DR,YONGE ST,,Major Arterial,North York,43.788945,-79.41779,At Intersection,Stop Sign,Clear,Daylight,Dry,Fatal,Pedestrian Collisions,Pedestrian,35 to 39,Minor,,South,Other,,,,Vehicle is going straight thru inter.while ped cross with ROW,Crossing with right of way,Normal,,,,Yes,,Yes,,,,,,,Yes,,,,50,Newtonbrook East,50,Newtonbrook East (50),D32,627302.0772,4849647.4084
7074,6804593,1239243,6/17/2011 8:00:00 AM,1432,WEDGEWOOD DR,YONGE ST,,Major Arterial,North York,43.788945,-79.41779,At Intersection,Stop Sign,Clear,Daylight,Dry,Fatal,Pedestrian Collisions,Pedestrian,5 to 9,Fatal,10,South,Other,,,,Vehicle is going straight thru inter.while ped cross with ROW,Crossing with right of way,Normal,,,,Yes,,Yes,,,,,,,Yes,,,,50,Newtonbrook East,50,Newtonbrook East (50),D32,627302.0772,4849647.4084
7075,6664249,1249034,6/19/2011 8:00:00 AM,1256,SPADINA Road,DAVENPORT Road,,Minor Arterial,Toronto and East York,43.677445,-79.40809,,Traffic Signal,Clear,Daylight,Dry,Non-Fatal Injury,SMV Other,Passenger,60 to 64,Major,,,Other,,,,,,,,,,,,Yes,,,,,Yes,,,,,,96,Casa Loma,96,Casa Loma (96),D53,628320.4474,4837278.6761
7076,6664250,1249034,6/19/2011 8:00:00 AM,1256,SPADINA Road,DAVENPORT Road,,Minor Arterial,Toronto and East York,43.677445,-79.40809,,Traffic Signal,Clear,Daylight,Dry,Non-Fatal Injury,SMV Other,Passenger,25 to 29,Minor,,,Other,,,,,,,,,,,,Yes,,,,,Yes,,,,,,96,Casa Loma,96,Casa Loma (96),D53,628320.4474,4837278.6761
7077,6664251,1249034,6/19/2011 8:00:00 AM,1256,SPADINA Road,DAVENPORT Road,,Minor Arterial,Toronto and East York,43.677445,-79.40809,,Traffic Signal,Clear,Daylight,Dry,Non-Fatal Injury,SMV Other,Driver,45 to 49,Minor,,East,"Automobile, Station Wagon",Turning Right,Lost control,Normal,,,,,,,,,Yes,,,,,Yes,,,,,,96,Casa Loma,96,Casa Loma (96),D53,628320.4474,4837278.6761
7078,6664252,1249034,6/19/2011 8:00:00 AM,1256,SPADINA Road,DAVENPORT Road,,Minor Arterial,Toronto and East York,43.677445,-79.40809,,Traffic Signal,Clear,Daylight,Dry,Non-Fatal Injury,SMV Other,Other Property Owner,unknown,,,,Other,,,,,,,,,,,,Yes,,,,,Yes,,,,,,96,Casa Loma,96,Casa Loma (96),D53,628320.4474,4837278.6761
7079,6660096,1247270,6/21/2011 8:00:00 AM,145,YONGE Stre,HIGHWAY 401 C  E,,Major Arterial,North York,43.754145,-79.40859,,No Control,Clear,Dark,Dry,Non-Fatal Injury,SMV Other,Driver,25 to 29,Major,,South,"Automobile, Station Wagon",Going Ahead,Lost control,Fatigue,,,,,,,,,Yes,,,,,,,Yes,,,,38,Lansing-Westgate,38,Lansing-Westgate (38),D32,628116.5857,4845796.5286
7080,6660097,1247270,6/21/2011 8:00:00 AM,145,YONGE Stre,HIGHWAY 401 C  E,,Major Arterial,North York,43.754145,-79.40859,,No Control,Clear,Dark,Dry,Non-Fatal Injury,SMV Other,Other Property Owner,unknown,,,,Other,,,,,,,,,,,,Yes,,,,,,,Yes,,,,38,Lansing-Westgate,38,Lansing-Westgate (38),D32,628116.5857,4845796.5286
7081,6660705,1247513,6/22/2011 8:00:00 AM,1707,QUEEN Stre E,MC GEE Stre,,Minor Arterial,Toronto and East York,43.659845,-79.34549,At Intersection,No Control,Clear,Daylight,Dry,Non-Fatal Injury,Pedestrian Collisions,Motorcycle Driver,50 to 54,Major,,East,Motorcycle,Going Ahead,Lost control,Normal,,,,,,,Yes,,,Yes,,,,,,,,,,70,South Riverdale,70,South Riverdale (70),D55,633405.5386,4835422.7107
7082,6660706,1247513,6/22/2011 8:00:00 AM,1707,QUEEN Stre E,MC GEE Stre,,Minor Arterial,Toronto and East York,43.659845,-79.34549,At Intersection,No Control,Clear,Daylight,Dry,Non-Fatal Injury,Pedestrian Collisions,Pedestrian,20 to 24,None,,North,Other,,,,Vehicle is going straight thru inter.while ped cross without ROW,"Crossing, no Traffic Control",Inattentive,,,,Yes,,,Yes,,,,,,,,,,70,South Riverdale,70,South Riverdale (70),D55,633405.5386,4835422.7107
7083,6643674,1240382,6/24/2011 8:00:00 AM,930,JAMESON Aven,SPRINGHURST Aven,,Minor Arterial,Toronto and East York,43.633945,-79.43479,At Intersection,Stop Sign,Rain,Daylight,Wet,Non-Fatal Injury,Cyclist Collisions,Vehicle Owner,unknown,,,,Other,,,,,,,,,,,Yes,,,,Yes,,,,,,,,85,South Parkdale,85,South Parkdale (85),D14,626259.3287,4832406.4719