OBJECTID,INDEX,ACCNUM,DATE,TIME,STREET1,STREET2,OFFSET,ROAD_CLASS,DISTRICT,LATITUDE,LONGITUDE,ACCLOC,TRAFFCTL,VISIBILITY,LIGHT,RDSFCOND,ACCLASS,IMPACTYPE,INVTYPE,INVAGE,INJURY,FATAL_NO,INITDIR,VEHTYPE,MANOEUVER,DRIVACT,DRIVCOND,PEDTYPE,PEDACT,PEDCOND,CYCLISTYPE,CYCACT,CYCCOND,PEDESTRIAN,CYCLIST,AUTOMOBILE,MOTORCYCLE,TRUCK,TRSN_CITY_VEH,EMERG_VEH,PASSENGER,SPEEDING,AG_DRIV,REDLIGHT,ALCOHOL,DISABILITY,HOOD_158,NEIGHBOURHOOD_158,HOOD_140,NEIGHBOURHOOD_140,DIVISION,x,y
7084,6643675,1240382,6/24/2011 8:00:00 AM,930,JAMESON Aven,SPRINGHURST Aven,,Minor Arterial,Toronto and East York,43.633945,-79.43479,At Intersection,Stop Sign,Rain,Daylight,Wet,Non-Fatal Injury,Cyclist Collisions,Driver,30 to 34,None,,South,Municipal Transit Bus (TTC),Going Ahead,Driving Properly,Normal,,,,,,,,Yes,,,,Yes,,,,,,,,85,South Parkdale,85,South Parkdale (85),D14,626259.3287,4832406.4719
7085,6643676,1240382,6/24/2011 8:00:00 AM,930,JAMESON Aven,SPRINGHURST Aven,,Minor Arterial,Toronto and East York,43.633945,-79.43479,At Intersection,Stop Sign,Rain,Daylight,Wet,Non-Fatal Injury,Cyclist Collisions,Cyclist,40 to 44,Major,,North,Bicycle,Turning Left,,,,,,Cyclist turns right across motorists path,Improper Turn,Inattentive,,Yes,,,,Yes,,,,,,,,85,South Parkdale,85,South Parkdale (85),D14,626259.3287,4832406.4719
7086,6662771,1248427,6/26/2011 8:00:00 AM,1911,OVERLEA BLVD,THORNCLIFFE PARK DR,,Major Arterial,North York,43.707445,-79.34359,At Intersection,Traffic Signal,Clear,Daylight,Dry,Non-Fatal Injury,Turning Movement,Driver,40 to 44,None,,North,"Automobile, Station Wagon",Stopped,Driving Properly,Normal,,,,,,,,,Yes,,,,,,,Yes,,,,55,Thorncliffe Park,55,Thorncliffe Park (55),D53,633453.1507,4840712.405
7087,6662772,1248427,6/26/2011 8:00:00 AM,1911,OVERLEA BLVD,THORNCLIFFE PARK DR,,Major Arterial,North York,43.707445,-79.34359,At Intersection,Traffic Signal,Clear,Daylight,Dry,Non-Fatal Injury,Turning Movement,Driver,45 to 49,Major,,East,"Automobile, Station Wagon",Going Ahead,Driving Properly,Normal,,,,,,,,,Yes,,,,,,,Yes,,,,55,Thorncliffe Park,55,Thorncliffe Park (55),D53,633453.1507,4840712.405
7088,6662773,1248427,6/26/2011 8:00:00 AM,1911,OVERLEA BLVD,THORNCLIFFE PARK DR,,Major Arterial,North York,43.707445,-79.34359,At Intersection,Traffic Signal,Clear,Daylight,Dry,Non-Fatal Injury,Turning Movement,Vehicle Owner,unknown,,,,Other,,,,,,,,,,,,Yes,,,,,,,Yes,,,,55,Thorncliffe Park,55,Thorncliffe Park (55),D53,633453.1507,4840712.405
7089,6662774,1248427,6/26/2011 8:00:00 AM,1911,OVERLEA BLVD,THORNCLIFFE PARK DR,,Major Arterial,North York,43.707445,-79.34359,At Intersection,Traffic Signal,Clear,Daylight,Dry,Non-Fatal Injury,Turning Movement,Driver,35 to 39,None,,North,"Automobile, Station Wagon",Stopped,Driving Properly,Normal,,,,,,,,,Yes,,,,,,,Yes,,,,55,Thorncliffe Park,55,Thorncliffe Park (55),D53,633453.1507,4840712.405
7090,6662775,1248427,6/26/2011 8:00:00 AM,1911,OVERLEA BLVD,THORNCLIFFE PARK DR,,Major Arterial,North York,43.707445,-79.34359,At Intersection,Traffic Signal,Clear,Daylight,Dry,Non-Fatal Injury,Turning Movement,Driver,20 to 24,None,,West,"Automobile, Station Wagon",Turning Left,Improper Turn,Normal,,,,,,,,,Yes,,,,,,,Yes,,,,55,Thorncliffe Park,55,Thorncliffe Park (55),D53,633453.1507,4840712.405
7091,6662842,1248453,6/26/2011 8:00:00 AM,2208,FINCH AVE W,400 S FINCH E RAMP N,,Major Arterial,Etobicoke York,43.754045,-79.53279,At Intersection,Traffic Signal,Clear,Dark,Dry,Non-Fatal Injury,Rear End,Passenger,10 to 14,Major,,,Other,,,,,,,,,,,,Yes,,,,,Yes,Yes,Yes,,,,21,Humber Summit,21,Humber Summit (21),D31,618117.9726,4845600.811
7092,6662843,1248453,6/26/2011 8:00:00 AM,2208,FINCH AVE W,400 S FINCH E RAMP N,,Major Arterial,Etobicoke York,43.754045,-79.53279,At Intersection,Traffic Signal,Clear,Dark,Dry,Non-Fatal Injury,Rear End,Passenger,25 to 29,Minor,,,Other,,,,,,,,,,,,Yes,,,,,Yes,Yes,Yes,,,,21,Humber Summit,21,Humber Summit (21),D31,618117.9726,4845600.811
7093,6662844,1248453,6/26/2011 8:00:00 AM,2208,FINCH AVE W,400 S FINCH E RAMP N,,Major Arterial,Etobicoke York,43.754045,-79.53279,At Intersection,Traffic Signal,Clear,Dark,Dry,Non-Fatal Injury,Rear End,Driver,35 to 39,Minor,,West,"Automobile, Station Wagon",Going Ahead,Driving Properly,Normal,,,,,,,,,Yes,,,,,Yes,Yes,Yes,,,,21,Humber Summit,21,Humber Summit (21),D31,618117.9726,4845600.811
7094,6662845,1248453,6/26/2011 8:00:00 AM,2208,FINCH AVE W,400 S FINCH E RAMP N,,Major Arterial,Etobicoke York,43.754045,-79.53279,At Intersection,Traffic Signal,Clear,Dark,Dry,Non-Fatal Injury,Rear End,Vehicle Owner,unknown,,,,Other,,,,,,,,,,,,Yes,,,,,Yes,Yes,Yes,,,,21,Humber Summit,21,Humber Summit (21),D31,618117.9726,4845600.811
7095,6662846,1248453,6/26/2011 8:00:00 AM,2208,FINCH AVE W,400 S FINCH E RAMP N,,Major Arterial,Etobicoke York,43.754045,-79.53279,At Intersection,Traffic Signal,Clear,Dark,Dry,Non-Fatal Injury,Rear End,Driver,35 to 39,None,,West,"Automobile, Station Wagon",Going Ahead,Speed too Fast For Condition,Normal,,,,,,,,,Yes,,,,,Yes,Yes,Yes,,,,21,Humber Summit,21,Humber Summit (21),D31,618117.9726,4845600.811
7096,6662847,1248453,6/26/2011 8:00:00 AM,2208,FINCH AVE W,400 S FINCH E RAMP N,,Major Arterial,Etobicoke York,43.754045,-79.53279,At Intersection,Traffic Signal,Clear,Dark,Dry,Non-Fatal Injury,Rear End,Passenger,55 to 59,Minimal,,,Other,,,,,,,,,,,,Yes,,,,,Yes,Yes,Yes,,,,21,Humber Summit,21,Humber Summit (21),D31,618117.9726,4845600.811
7097,6662848,1248453,6/26/2011 8:00:00 AM,2208,FINCH AVE W,400 S FINCH E RAMP N,,Major Arterial,Etobicoke York,43.754045,-79.53279,At Intersection,Traffic Signal,Clear,Dark,Dry,Non-Fatal Injury,Rear End,Driver,55 to 59,Minimal,,West,"Automobile, Station Wagon",Going Ahead,Driving Properly,Normal,,,,,,,,,Yes,,,,,Yes,Yes,Yes,,,,21,Humber Summit,21,Humber Summit (21),D31,618117.9726,4845600.811
7098,6644551,1240761,6/27/2011 8:00:00 AM,2225,KEELE St,GRANDRAVINE Dr,,Major Arterial,North York,43.751545,-79.48809,,No Control,Clear,Dark,Dry,Non-Fatal Injury,Pedestrian Collisions,Driver,60 to 64,None,,South,"Automobile, Station Wagon",Going Ahead,Driving Properly,Unknown,,,,,,,Yes,,Yes,,,,,,,,,,,27,York University Heights,27,York University Heights (27),D31,621721.6492,4845387.8636
7099,6644552,1240761,6/27/2011 8:00:00 AM,2225,KEELE St,GRANDRAVINE Dr,,Major Arterial,North York,43.751545,-79.48809,,No Control,Clear,Dark,Dry,Non-Fatal Injury,Pedestrian Collisions,Pedestrian,45 to 49,Major,,West,Other,,,,Pedestrian hit at mid-block,"Crossing, no Traffic Control",Had Been Drinking,,,,Yes,,Yes,,,,,,,,,,,27,York University Heights,27,York University Heights (27),D31,621721.6492,4845387.8636
7100,6645738,1241202,6/28/2011 8:00:00 AM,959,STEELES AVE W,ISLINGTON AVE E,,Major Arterial,Etobicoke York,43.761245,-79.58139,,No Control,Clear,Daylight,Dry,Non-Fatal Injury,Approaching,Vehicle Owner,unknown,,,,Other,,,,,,,,,,,,Yes,,,,,,,,,,,2,Mount Olive-Silverstone-Jamestown,2,Mount Olive-Silverstone-Jamestown (2),D23,614191.6992,4846332.3201
7101,6645739,1241202,6/28/2011 8:00:00 AM,959,STEELES AVE W,ISLINGTON AVE E,,Major Arterial,Etobicoke York,43.761245,-79.58139,,No Control,Clear,Daylight,Dry,Non-Fatal Injury,Approaching,Driver,20 to 24,Major,,West,"Automobile, Station Wagon",Going Ahead,Lost control,Unknown,,,,,,,,,Yes,,,,,,,,,,,2,Mount Olive-Silverstone-Jamestown,2,Mount Olive-Silverstone-Jamestown (2),D23,614191.6992,4846332.3201
7102,6645740,1241202,6/28/2011 8:00:00 AM,959,STEELES AVE W,ISLINGTON AVE E,,Major Arterial,Etobicoke York,43.761245,-79.58139,,No Control,Clear,Daylight,Dry,Non-Fatal Injury,Approaching,Driver,65 to 69,None,,East,"Automobile, Station Wagon",Going Ahead,Driving Properly,Normal,,,,,,,,,Yes,,,,,,,,,,,2,Mount Olive-Silverstone-Jamestown,2,Mount Olive-Silverstone-Jamestown (2),D23,614191.6992,4846332.3201
7103,6645253,1241015,6/28/2011 8:00:00 AM,1530,GATEWAY Blvd,DON MILLS Rd,,Major Arterial,North York,43.714345,-79.33629,At Intersection,Traffic Signal,Clear,Daylight,Dry,Non-Fatal Injury,Pedestrian Collisions,Driver,80 to 84,None,,West,"Automobile, Station Wagon",Going Ahead,Driving Properly,Normal,,,,,,,Yes,,Yes,,,,,,,,,,,44,Flemingdon Park,44,Flemingdon Park (44),D55,634025.9201,4841490.5269
7104,6645254,1241015,6/28/2011 8:00:00 AM,1530,GATEWAY Blvd,DON MILLS Rd,,Major Arterial,North York,43.714345,-79.33629,At Intersection,Traffic Signal,Clear,Daylight,Dry,Non-Fatal Injury,Pedestrian Collisions,Vehicle Owner,unknown,,,,Other,,,,,,,,,,Yes,,Yes,,,,,,,,,,,44,Flemingdon Park,44,Flemingdon Park (44),D55,634025.9201,4841490.5269
7105,6645255,1241015,6/28/2011 8:00:00 AM,1530,GATEWAY Blvd,DON MILLS Rd,,Major Arterial,North York,43.714345,-79.33629,At Intersection,Traffic Signal,Clear,Daylight,Dry,Non-Fatal Injury,Pedestrian Collisions,Driver,45 to 49,None,,West,"Automobile, Station Wagon",Going Ahead,Driving Properly,Normal,,,,,,,Yes,,Yes,,,,,,,,,,,44,Flemingdon Park,44,Flemingdon Park (44),D55,634025.9201,4841490.5269
7106,6645256,1241015,6/28/2011 8:00:00 AM,1530,GATEWAY Blvd,DON MILLS Rd,,Major Arterial,North York,43.714345,-79.33629,At Intersection,Traffic Signal,Clear,Daylight,Dry,Non-Fatal Injury,Pedestrian Collisions,Pedestrian,10 to 14,Major,,South,Other,,,,Pedestrian hit at mid-block,"Crossing, no Traffic Control",Inattentive,,,,Yes,,Yes,,,,,,,,,,,44,Flemingdon Park,44,Flemingdon Park (44),D55,634025.9201,4841490.5269
7107,6804643,1241204,6/29/2011 8:00:00 AM,1135,STEELES AVE W,BATHURST ST,,Major Arterial,North York,43.792345,-79.44589,,No Control,Clear,Daylight,Dry,Fatal,Pedestrian Collisions,Driver,50 to 54,None,,West,"Automobile, Station Wagon",Going Ahead,Lost control,Medical or Physical Disability,,,,,,,Yes,,Yes,,,,,,,,,,Yes,35,Westminster-Branson,35,Westminster-Branson (35),D32,625034.0871,4849982.1992
7108,6804644,1241204,6/29/2011 8:00:00 AM,1135,STEELES AVE W,BATHURST ST,,Major Arterial,North York,43.792345,-79.44589,,No Control,Clear,Daylight,Dry,Fatal,Pedestrian Collisions,Pedestrian,75 to 79,Major,,East,Other,,,,Pedestrian hit on sidewalk or shoulder,On Sidewalk or Shoulder,Normal,,,,Yes,,Yes,,,,,,,,,,Yes,35,Westminster-Branson,35,Westminster-Branson (35),D32,625034.0871,4849982.1992
7109,6804645,1241204,6/29/2011 8:00:00 AM,1135,STEELES AVE W,BATHURST ST,,Major Arterial,North York,43.792345,-79.44589,,No Control,Clear,Daylight,Dry,Fatal,Pedestrian Collisions,Pedestrian,85 to 89,Fatal,11,East,Other,,,,Pedestrian hit on sidewalk or shoulder,On Sidewalk or Shoulder,Normal,,,,Yes,,Yes,,,,,,,,,,Yes,35,Westminster-Branson,35,Westminster-Branson (35),D32,625034.0871,4849982.1992
7110,6646618,1241592,7/1/2011 8:00:00 AM,2229,WARDEN AVE,HUNTINGWOOD DR,,Major Arterial,Scarborough,43.786906,-79.311565,,No Control,Clear,Dark,Dry,Fatal,Pedestrian Collisions,Passenger,40 to 44,None,,,Other,,,,,,,,,,Yes,,Yes,,,,,Yes,,,,,,148,East L'Amoreaux,117,L'Amoreaux (117),D42,635853.4743,4849589.7987
7111,6646619,1241592,7/1/2011 8:00:00 AM,2229,WARDEN AVE,HUNTINGWOOD DR,,Major Arterial,Scarborough,43.786906,-79.311565,,No Control,Clear,Dark,Dry,Fatal,Pedestrian Collisions,Driver,45 to 49,None,,South,"Automobile, Station Wagon",Going Ahead,Driving Properly,Normal,,,,,,,Yes,,Yes,,,,,Yes,,,,,,148,East L'Amoreaux,117,L'Amoreaux (117),D42,635853.4743,4849589.7987
7112,6646620,1241592,7/1/2011 8:00:00 AM,2229,WARDEN AVE,HUNTINGWOOD DR,,Major Arterial,Scarborough,43.786906,-79.311565,,No Control,Clear,Dark,Dry,Fatal,Pedestrian Collisions,Vehicle Owner,unknown,,,,Other,,,,,,,,,,Yes,,Yes,,,,,Yes,,,,,,148,East L'Amoreaux,117,L'Amoreaux (117),D42,635853.4743,4849589.7987
7113,6646621,1241592,7/1/2011 8:00:00 AM,2229,WARDEN AVE,HUNTINGWOOD DR,,Major Arterial,Scarborough,43.786906,-79.311565,,No Control,Clear,Dark,Dry,Fatal,Pedestrian Collisions,Driver,25 to 29,None,,South,"Automobile, Station Wagon",Going Ahead,Driving Properly,Normal,,,,,,,Yes,,Yes,,,,,Yes,,,,,,148,East L'Amoreaux,117,L'Amoreaux (117),D42,635853.4743,4849589.7987
7114,6646622,1241592,7/1/2011 8:00:00 AM,2229,WARDEN AVE,HUNTINGWOOD DR,,Major Arterial,Scarborough,43.786906,-79.311565,,No Control,Clear,Dark,Dry,Fatal,Pedestrian Collisions,Pedestrian,60 to 64,Fatal,12,West,Other,,,,Pedestrian hit at mid-block,"Crossing, no Traffic Control",Unknown,,,,Yes,,Yes,,,,,Yes,,,,,,148,East L'Amoreaux,117,L'Amoreaux (117),D42,635853.4743,4849589.7987
7115,7644722,1241593,7/1/2011 8:00:00 AM,2345,DON VALLEY PARKWAY  N,EASTERN AVE DIVERSION,,,Toronto and East York,43.656363,-79.352077,Non Intersection,No Control,Clear,Dark,Dry,Non-Fatal Injury,Rear End,Motorcycle Passenger,25 to 29,Major,,,,,,,,,,,,,,,Yes,Yes,,,,Yes,Yes,Yes,,,,70,South Riverdale,70,South Riverdale (70),D55,632882.0942,4835025.418
7116,7644723,1241593,7/1/2011 8:00:00 AM,2345,DON VALLEY PARKWAY  N,EASTERN AVE DIVERSION,,,Toronto and East York,43.656363,-79.352077,Non Intersection,No Control,Clear,Dark,Dry,Non-Fatal Injury,Rear End,Motorcycle Driver,30 to 34,Minor,,North,Motorcycle,Going Ahead,Driving Properly,Normal,,,,,,,,,Yes,Yes,,,,Yes,Yes,Yes,,,,70,South Riverdale,70,South Riverdale (70),D55,632882.0942,4835025.418
7117,7644724,1241593,7/1/2011 8:00:00 AM,2345,DON VALLEY PARKWAY  N,EASTERN AVE DIVERSION,,,Toronto and East York,43.656363,-79.352077,Non Intersection,No Control,Clear,Dark,Dry,Non-Fatal Injury,Rear End,Driver,15 to 19,None,,North,Pick Up Truck,Going Ahead,Speed too Fast For Condition,Normal,,,,,,,,,Yes,Yes,,,,Yes,Yes,Yes,,,,70,South Riverdale,70,South Riverdale (70),D55,632882.0942,4835025.418
7118,7644725,1241593,7/1/2011 8:00:00 AM,2345,DON VALLEY PARKWAY  N,EASTERN AVE DIVERSION,,,Toronto and East York,43.656363,-79.352077,Non Intersection,No Control,Clear,Dark,Dry,Non-Fatal Injury,Rear End,Driver,20 to 24,None,,North,"Automobile, Station Wagon",Going Ahead,Driving Properly,Normal,,,,,,,,,Yes,Yes,,,,Yes,Yes,Yes,,,,70,South Riverdale,70,South Riverdale (70),D55,632882.0942,4835025.418
7119,7644726,1241593,7/1/2011 8:00:00 AM,2345,DON VALLEY PARKWAY  N,EASTERN AVE DIVERSION,,,Toronto and East York,43.656363,-79.352077,Non Intersection,No Control,Clear,Dark,Dry,Non-Fatal Injury,Rear End,Vehicle Owner,unknown,,,,,,,,,,,,,,,,Yes,Yes,,,,Yes,Yes,Yes,,,,70,South Riverdale,70,South Riverdale (70),D55,632882.0942,4835025.418
7120,7644727,1241593,7/1/2011 8:00:00 AM,2345,DON VALLEY PARKWAY  N,EASTERN AVE DIVERSION,,,Toronto and East York,43.656363,-79.352077,Non Intersection,No Control,Clear,Dark,Dry,Non-Fatal Injury,Rear End,Driver,40 to 44,None,,North,"Automobile, Station Wagon",Going Ahead,Driving Properly,Normal,,,,,,,,,Yes,Yes,,,,Yes,Yes,Yes,,,,70,South Riverdale,70,South Riverdale (70),D55,632882.0942,4835025.418
7121,6665450,1249542,7/6/2011 8:00:00 AM,1850,DUNDAS ST W,CARLYLE ST,,Major Arterial,Toronto and East York,43.652145,-79.40479,At Intersection,Stop Sign,Clear,Daylight,Dry,Non-Fatal Injury,Cyclist Collisions,Driver,55 to 59,None,,South,"Automobile, Station Wagon",Stopped,Driving Properly,Normal,,,,,,,,Yes,Yes,,,,,,,,,,,78,Kensington-Chinatown,78,Kensington-Chinatown (78),D14,628640.4845,4834473.885
7122,6665451,1249542,7/6/2011 8:00:00 AM,1850,DUNDAS ST W,CARLYLE ST,,Major Arterial,Toronto and East York,43.652145,-79.40479,At Intersection,Stop Sign,Clear,Daylight,Dry,Non-Fatal Injury,Cyclist Collisions,Cyclist,40 to 44,Major,,East,Bicycle,Going Ahead,,,,,,"Cyclist without ROW rides into path of motorist at inter, lnwy, dwy-Cyclist not turn.",Wrong Way on One Way Road,Inattentive,,Yes,Yes,,,,,,,,,,,78,Kensington-Chinatown,78,Kensington-Chinatown (78),D14,628640.4845,4834473.885
7123,6805109,1250588,7/7/2011 8:00:00 AM,1915,BLOOR ST W,CLISSOLD RD,,Major Arterial,Etobicoke York,43.644445,-79.52449,,No Control,Clear,Daylight,Dry,Non-Fatal Injury,Rear End,Motorcycle Driver,20 to 24,Major,,West,Motorcycle,Going Ahead,Driving Properly,Normal,,,,,,,,,Yes,Yes,,,,,,,,,,159,Etobicoke City Centre,14,Islington-City Centre West (14),D22,619002.7891,4833440.1052
7124,6805110,1250588,7/7/2011 8:00:00 AM,1915,BLOOR ST W,CLISSOLD RD,,Major Arterial,Etobicoke York,43.644445,-79.52449,,No Control,Clear,Daylight,Dry,Non-Fatal Injury,Rear End,Driver,35 to 39,None,,West,"Automobile, Station Wagon",Changing Lanes,Improper Lane Change,Normal,,,,,,,,,Yes,Yes,,,,,,,,,,159,Etobicoke City Centre,14,Islington-City Centre West (14),D22,619002.7891,4833440.1052
7125,6649276,1242674,7/8/2011 8:00:00 AM,414,BLACK CREEK DR,LAWRENCE AVE W,,Major Arterial,Etobicoke York,43.707345,-79.49739,,No Control,Clear,Dark,Dry,Fatal,SMV Other,Vehicle Owner,unknown,,,,Other,,,,,,,,,,,,Yes,,,,,,,,,,,28,Rustic,28,Rustic (28),D12,621061.9277,4840465.1994
7126,6649277,1242674,7/8/2011 8:00:00 AM,414,BLACK CREEK DR,LAWRENCE AVE W,,Major Arterial,Etobicoke York,43.707345,-79.49739,,No Control,Clear,Dark,Dry,Fatal,SMV Other,Driver,25 to 29,Fatal,13,North,"Automobile, Station Wagon",Going Ahead,Lost control,Unknown,,,,,,,,,Yes,,,,,,,,,,,28,Rustic,28,Rustic (28),D12,621061.9277,4840465.1994
7127,6666238,1249845,7/8/2011 8:00:00 AM,1600,6780 KINGSTON RD,,,Major Arterial,Scarborough,43.798345,-79.14709,,No Control,Clear,Daylight,Dry,Non-Fatal Injury,Cyclist Collisions,Vehicle Owner,unknown,,,,Other,,,,,,,,,,,Yes,Yes,,,,,,,Yes,,,,133,Centennial Scarborough,133,Centennial Scarborough (133),D42,649059.047,4851143.3849
7128,6666239,1249845,7/8/2011 8:00:00 AM,1600,6780 KINGSTON RD,,,Major Arterial,Scarborough,43.798345,-79.14709,,No Control,Clear,Daylight,Dry,Non-Fatal Injury,Cyclist Collisions,Driver,20 to 24,Major,,South,"Automobile, Station Wagon",Turning Right,Failed to Yield Right of Way,Inattentive,,,,,,,,Yes,Yes,,,,,,,Yes,,,,133,Centennial Scarborough,133,Centennial Scarborough (133),D42,649059.047,4851143.3849
7129,6666240,1249845,7/8/2011 8:00:00 AM,1600,6780 KINGSTON RD,,,Major Arterial,Scarborough,43.798345,-79.14709,,No Control,Clear,Daylight,Dry,Non-Fatal Injury,Cyclist Collisions,Cyclist,45 to 49,Major,,East,Bicycle,Going Ahead,,,,,,"Motorist turns right at non-signal Inter.(stop, yield, no cont.,and dwy) and strikes cyclist.",Failed to Yield Right of Way,Inattentive,,Yes,Yes,,,,,,,Yes,,,,133,Centennial Scarborough,133,Centennial Scarborough (133),D42,649059.047,4851143.3849
7130,6666783,1250055,7/9/2011 8:00:00 AM,100,STEELES AVE E,STAINES RD,,Major Arterial,Scarborough,43.839645,-79.23769,,No Control,Clear,Dark,Dry,Non-Fatal Injury,Approaching,Passenger,0 to 4,Major,,,Other,,,,,,,,,,,,Yes,,,,,Yes,,,,,,144,Morningside Heights,131,Rouge (131),D42,641672.8408,4855571.2297
7131,6666784,1250055,7/9/2011 8:00:00 AM,100,STEELES AVE E,STAINES RD,,Major Arterial,Scarborough,43.839645,-79.23769,,No Control,Clear,Dark,Dry,Non-Fatal Injury,Approaching,Driver,40 to 44,Major,,East,"Automobile, Station Wagon",Going Ahead,Lost control,Unknown,,,,,,,,,Yes,,,,,Yes,,,,,,144,Morningside Heights,131,Rouge (131),D42,641672.8408,4855571.2297
7132,6666785,1250055,7/9/2011 8:00:00 AM,100,STEELES AVE E,STAINES RD,,Major Arterial,Scarborough,43.839645,-79.23769,,No Control,Clear,Dark,Dry,Non-Fatal Injury,Approaching,Vehicle Owner,unknown,,,,Other,,,,,,,,,,,,Yes,,,,,Yes,,,,,,144,Morningside Heights,131,Rouge (131),D42,641672.8408,4855571.2297
7133,6666786,1250055,7/9/2011 8:00:00 AM,100,STEELES AVE E,STAINES RD,,Major Arterial,Scarborough,43.839645,-79.23769,,No Control,Clear,Dark,Dry,Non-Fatal Injury,Approaching,Driver,50 to 54,None,,West,"Automobile, Station Wagon",Going Ahead,Driving Properly,Normal,,,,,,,,,Yes,,,,,Yes,,,,,,144,Morningside Heights,131,Rouge (131),D42,641672.8408,4855571.2297
7134,6667768,1250485,7/10/2011 8:00:00 AM,1805,LANSDOWNE AVE,DAVENPORT RD,,Collector,Toronto and East York,43.672745,-79.44909,,No Control,Clear,Daylight,Dry,Non-Fatal Injury,SMV Other,Vehicle Owner,unknown,,,,Other,,,,,,,,,,,,,Yes,,,,,,,,,,92,Corso Italia-Davenport,92,Corso Italia-Davenport (92),D13,625025.254,4836694.0649
7135,6667769,1250485,7/10/2011 8:00:00 AM,1805,LANSDOWNE AVE,DAVENPORT RD,,Collector,Toronto and East York,43.672745,-79.44909,,No Control,Clear,Daylight,Dry,Non-Fatal Injury,SMV Other,Motorcycle Driver,20 to 24,Major,,South,Motorcycle,Turning Left,Lost control,Normal,,,,,,,,,,Yes,,,,,,,,,,92,Corso Italia-Davenport,92,Corso Italia-Davenport (92),D13,625025.254,4836694.0649
7136,6650987,1243422,7/12/2011 8:00:00 AM,700,F G GARDINER XY Expr E,KIPLING AVE,,,Etobicoke York,43.618045,-79.52449,,No Control,Clear,Daylight,Dry,Non-Fatal Injury,Rear End,Driver,45 to 49,None,,East,"Automobile, Station Wagon",Slowing or Stopping,Driving Properly,Normal,,,,,,,,,Yes,,,,,,Yes,Yes,,,,160,Mimico-Queensway,17,Mimico (includes Humber Bay Shores) (17),D22,619054.9019,4830508.0578
7137,6650988,1243422,7/12/2011 8:00:00 AM,700,F G GARDINER XY Expr E,KIPLING AVE,,,Etobicoke York,43.618045,-79.52449,,No Control,Clear,Daylight,Dry,Non-Fatal Injury,Rear End,Driver,45 to 49,Major,,East,"Automobile, Station Wagon",Slowing or Stopping,Speed too Fast For Condition,Inattentive,,,,,,,,,Yes,,,,,,Yes,Yes,,,,160,Mimico-Queensway,17,Mimico (includes Humber Bay Shores) (17),D22,619054.9019,4830508.0578
7138,6668897,1250936,7/12/2011 8:00:00 AM,714,SYMINGTON AVE,DUPONT ST,,Major Arterial,Toronto and East York,43.665745,-79.45119,At Intersection,Traffic Signal,Clear,Daylight,Dry,Non-Fatal Injury,Angle,Driver,45 to 49,None,,South,"Automobile, Station Wagon",Stopped,Driving Properly,Normal,,,,,,,,,Yes,,,,,,,Yes,Yes,,,171,Junction-Wallace Emerson,93,Dovercourt-Wallace Emerson-Junction (93),D11,624870.4775,4835913.459
7139,6668898,1250936,7/12/2011 8:00:00 AM,714,SYMINGTON AVE,DUPONT ST,,Major Arterial,Toronto and East York,43.665745,-79.45119,At Intersection,Traffic Signal,Clear,Daylight,Dry,Non-Fatal Injury,Angle,Driver,45 to 49,Major,,West,"Automobile, Station Wagon",Going Ahead,Disobeyed Traffic Control,Normal,,,,,,,,,Yes,,,,,,,Yes,Yes,,,171,Junction-Wallace Emerson,93,Dovercourt-Wallace Emerson-Junction (93),D11,624870.4775,4835913.459
7140,6668899,1250936,7/12/2011 8:00:00 AM,714,SYMINGTON AVE,DUPONT ST,,Major Arterial,Toronto and East York,43.665745,-79.45119,At Intersection,Traffic Signal,Clear,Daylight,Dry,Non-Fatal Injury,Angle,Vehicle Owner,unknown,,,,Other,,,,,,,,,,,,Yes,,,,,,,Yes,Yes,,,171,Junction-Wallace Emerson,93,Dovercourt-Wallace Emerson-Junction (93),D11,624870.4775,4835913.459
7141,6668900,1250936,7/12/2011 8:00:00 AM,714,SYMINGTON AVE,DUPONT ST,,Major Arterial,Toronto and East York,43.665745,-79.45119,At Intersection,Traffic Signal,Clear,Daylight,Dry,Non-Fatal Injury,Angle,Driver,55 to 59,Minimal,,North,"Automobile, Station Wagon",Going Ahead,Disobeyed Traffic Control,Normal,,,,,,,,,Yes,,,,,,,Yes,Yes,,,171,Junction-Wallace Emerson,93,Dovercourt-Wallace Emerson-Junction (93),D11,624870.4775,4835913.459
7142,6668517,1250782,7/14/2011 8:00:00 AM,1610,AVENUE Road,EDMUND Aven,,Major Arterial,Toronto and East York,43.682545,-79.39979,,Traffic Signal,Clear,Daylight,Dry,Non-Fatal Injury,Cyclist Collisions,Driver,50 to 54,None,,North,"Automobile, Station Wagon",Going Ahead,Driving Properly,Normal,,,,,,,,Yes,Yes,,,,,,,,,,,97,Yonge-St.Clair,97,Yonge-St.Clair (97),D53,628978.5709,4837857.9748
7143,6668518,1250782,7/14/2011 8:00:00 AM,1610,AVENUE Road,EDMUND Aven,,Major Arterial,Toronto and East York,43.682545,-79.39979,,Traffic Signal,Clear,Daylight,Dry,Non-Fatal Injury,Cyclist Collisions,Cyclist,25 to 29,Major,,East,Bicycle,Going Ahead,,,,,,"Cyclist without ROW rides into path of motorist at inter, lnwy, dwy-Cyclist not turn.",Disobeyed Traffic Control,Inattentive,,Yes,Yes,,,,,,,,,,,97,Yonge-St.Clair,97,Yonge-St.Clair (97),D53,628978.5709,4837857.9748
7144,6669027,1250979,7/15/2011 8:00:00 AM,1630,DON MILLS RD,WYNFORD DR,,Major Arterial,North York,43.723445,-79.33969,,No Control,Clear,Daylight,Dry,Non-Fatal Injury,Cyclist Collisions,Driver,55 to 59,None,,North,"Automobile, Station Wagon",Going Ahead,Following too Close,Inattentive,,,,,,,,Yes,Yes,,,,,,,Yes,,,,42,Banbury-Don Mills,42,Banbury-Don Mills (42),D33,633731.7715,4842495.7212