OBJECTID,INDEX,ACCNUM,DATE,TIME,STREET1,STREET2,OFFSET,ROAD_CLASS,DISTRICT,LATITUDE,LONGITUDE,ACCLOC,TRAFFCTL,VISIBILITY,LIGHT,RDSFCOND,ACCLASS,IMPACTYPE,INVTYPE,INVAGE,INJURY,FATAL_NO,INITDIR,VEHTYPE,MANOEUVER,DRIVACT,DRIVCOND,PEDTYPE,PEDACT,PEDCOND,CYCLISTYPE,CYCACT,CYCCOND,PEDESTRIAN,CYCLIST,AUTOMOBILE,MOTORCYCLE,TRUCK,TRSN_CITY_VEH,EMERG_VEH,PASSENGER,SPEEDING,AG_DRIV,REDLIGHT,ALCOHOL,DISABILITY,HOOD_158,NEIGHBOURHOOD_158,HOOD_140,NEIGHBOURHOOD_140,DIVISION,x,y
7145,6669028,1250979,7/15/2011 8:00:00 AM,1630,DON MILLS RD,WYNFORD DR,,Major Arterial,North York,43.723445,-79.33969,,No Control,Clear,Daylight,Dry,Non-Fatal Injury,Cyclist Collisions,Cyclist,30 to 34,Major,,North,Bicycle,Going Ahead,,,,,,Cyclist and Driver travelling in same direction. One vehicle rear-ended the other.,Driving Properly,Normal,,Yes,Yes,,,,,,,Yes,,,,42,Banbury-Don Mills,42,Banbury-Don Mills (42),D33,633731.7715,4842495.7212
7146,6668797,1250894,7/15/2011 8:00:00 AM,1655,DANFORTH Ave,LANGFORD Ave,,Major Arterial,Toronto and East York,43.679745,-79.34059,,No Control,Clear,Daylight,Dry,Non-Fatal Injury,Cyclist Collisions,Driver,45 to 49,None,,West,"Automobile, Station Wagon",Parked,Other,Inattentive,,,,,,,,Yes,Yes,,,,,,,,,,,69,Blake-Jones,69,Blake-Jones (69),D55,633756.425,4837640.7663
7147,6668798,1250894,7/15/2011 8:00:00 AM,1655,DANFORTH Ave,LANGFORD Ave,,Major Arterial,Toronto and East York,43.679745,-79.34059,,No Control,Clear,Daylight,Dry,Non-Fatal Injury,Cyclist Collisions,Cyclist,50 to 54,Major,,West,Bicycle,Going Ahead,,,,,,Cyclist struck opened vehicle door,Driving Properly,Normal,,Yes,Yes,,,,,,,,,,,69,Blake-Jones,69,Blake-Jones (69),D55,633756.425,4837640.7663
7148,6652929,1244229,7/15/2011 8:00:00 AM,2344,QUEEN Stre W,DUFFERIN,,Major Arterial,Toronto and East York,43.642045,-79.42919,,Streetcar (Stop for),Clear,Dark,Dry,Non-Fatal Injury,Pedestrian Collisions,Pedestrian,20 to 24,Major,,North,Other,,,,Pedestrian hit at mid-block,Person Getting on/off Vehicle,Unknown,,,,Yes,,Yes,,,,,,,Yes,,,,85,South Parkdale,85,South Parkdale (85),D14,626694.0386,4833314.6132
7149,6652930,1244229,7/15/2011 8:00:00 AM,2344,QUEEN Stre W,DUFFERIN,,Major Arterial,Toronto and East York,43.642045,-79.42919,,Streetcar (Stop for),Clear,Dark,Dry,Non-Fatal Injury,Pedestrian Collisions,Driver,15 to 19,None,,West,"Automobile, Station Wagon",Going Ahead,Failed to Yield Right of Way,Normal,,,,,,,Yes,,Yes,,,,,,,Yes,,,,85,South Parkdale,85,South Parkdale (85),D14,626694.0386,4833314.6132
7150,6668627,1250828,7/16/2011 8:00:00 AM,847,SHEPPARD Aven E,MORNINGSIDE Aven,,Major Arterial,Scarborough,43.802245,-79.19829,,No Control,Clear,Daylight,Dry,Non-Fatal Injury,Rear End,Driver,35 to 39,Minor,,West,"Automobile, Station Wagon",Going Ahead,Driving Properly,Normal,,,,,,,,,Yes,,,,,Yes,Yes,Yes,,,Yes,144,Morningside Heights,131,Rouge (131),D42,644930.7337,4851485.594
7151,6668628,1250828,7/16/2011 8:00:00 AM,847,SHEPPARD Aven E,MORNINGSIDE Aven,,Major Arterial,Scarborough,43.802245,-79.19829,,No Control,Clear,Daylight,Dry,Non-Fatal Injury,Rear End,Driver,65 to 69,None,,West,"Automobile, Station Wagon",Going Ahead,Driving Properly,Normal,,,,,,,,,Yes,,,,,Yes,Yes,Yes,,,Yes,144,Morningside Heights,131,Rouge (131),D42,644930.7337,4851485.594
7152,6668629,1250828,7/16/2011 8:00:00 AM,847,SHEPPARD Aven E,MORNINGSIDE Aven,,Major Arterial,Scarborough,43.802245,-79.19829,,No Control,Clear,Daylight,Dry,Non-Fatal Injury,Rear End,Driver,45 to 49,Major,,West,"Automobile, Station Wagon",Going Ahead,Lost control,Medical or Physical Disability,,,,,,,,,Yes,,,,,Yes,Yes,Yes,,,Yes,144,Morningside Heights,131,Rouge (131),D42,644930.7337,4851485.594
7153,6668630,1250828,7/16/2011 8:00:00 AM,847,SHEPPARD Aven E,MORNINGSIDE Aven,,Major Arterial,Scarborough,43.802245,-79.19829,,No Control,Clear,Daylight,Dry,Non-Fatal Injury,Rear End,Passenger,5 to 9,Minimal,,,Other,,,,,,,,,,,,Yes,,,,,Yes,Yes,Yes,,,Yes,144,Morningside Heights,131,Rouge (131),D42,644930.7337,4851485.594
7154,6668631,1250828,7/16/2011 8:00:00 AM,847,SHEPPARD Aven E,MORNINGSIDE Aven,,Major Arterial,Scarborough,43.802245,-79.19829,,No Control,Clear,Daylight,Dry,Non-Fatal Injury,Rear End,Driver,40 to 44,Minimal,,West,"Automobile, Station Wagon",Going Ahead,Driving Properly,Normal,,,,,,,,,Yes,,,,,Yes,Yes,Yes,,,Yes,144,Morningside Heights,131,Rouge (131),D42,644930.7337,4851485.594
7155,6653163,1244328,7/16/2011 8:00:00 AM,1215,LAWRENCE AVE W,ROYAL YORK RD,,Minor Arterial,Etobicoke York,43.696145,-79.53269,At Intersection,Traffic Signal,Clear,Daylight,Dry,Fatal,SMV Other,Passenger,70 to 74,Fatal,14,,Other,,,,,,,,,,,,Yes,,,,,Yes,,,,,,8,Humber Heights-Westmount,8,Humber Heights-Westmount (8),D23,618239.8775,4839170.3426
7156,6653164,1244328,7/16/2011 8:00:00 AM,1215,LAWRENCE AVE W,ROYAL YORK RD,,Minor Arterial,Etobicoke York,43.696145,-79.53269,At Intersection,Traffic Signal,Clear,Daylight,Dry,Fatal,SMV Other,Driver,70 to 74,Major,,West,"Automobile, Station Wagon",Going Ahead,Lost control,Unknown,,,,,,,,,Yes,,,,,Yes,,,,,,8,Humber Heights-Westmount,8,Humber Heights-Westmount (8),D23,618239.8775,4839170.3426
7157,6653165,1244328,7/16/2011 8:00:00 AM,1215,LAWRENCE AVE W,ROYAL YORK RD,,Minor Arterial,Etobicoke York,43.696145,-79.53269,At Intersection,Traffic Signal,Clear,Daylight,Dry,Fatal,SMV Other,Other Property Owner,unknown,,,,Other,,,,,,,,,,,,Yes,,,,,Yes,,,,,,8,Humber Heights-Westmount,8,Humber Heights-Westmount (8),D23,618239.8775,4839170.3426
7158,7644769,1251049,7/17/2011 8:00:00 AM,630,BREMNER Boul,VAN DE WATER Cres,,Minor Arterial,Toronto and East York,43.640345,-79.38899,At Intersection,Traffic Signal,Clear,Daylight,Dry,Non-Fatal Injury,Rear End,Motorcycle Driver,30 to 34,Major,,East,Motorcycle,Going Ahead,Driving Properly,Normal,,,,,,,,,Yes,Yes,,,,,,Yes,,,,165,Harbourfront-CityPlace,77,Waterfront Communities-The Island (77),D52,629940.0771,4833187.9563
7159,7644770,1251049,7/17/2011 8:00:00 AM,630,BREMNER Boul,VAN DE WATER Cres,,Minor Arterial,Toronto and East York,43.640345,-79.38899,At Intersection,Traffic Signal,Clear,Daylight,Dry,Non-Fatal Injury,Rear End,Vehicle Owner,unknown,,,,Other,,,,,,,,,,,,Yes,Yes,,,,,,Yes,,,,165,Harbourfront-CityPlace,77,Waterfront Communities-The Island (77),D52,629940.0771,4833187.9563
7160,7644771,1251049,7/17/2011 8:00:00 AM,630,BREMNER Boul,VAN DE WATER Cres,,Minor Arterial,Toronto and East York,43.640345,-79.38899,At Intersection,Traffic Signal,Clear,Daylight,Dry,Non-Fatal Injury,Rear End,Driver,35 to 39,Minimal,,East,"Automobile, Station Wagon",Slowing or Stopping,Improper Passing,Inattentive,,,,,,,,,Yes,Yes,,,,,,Yes,,,,165,Harbourfront-CityPlace,77,Waterfront Communities-The Island (77),D52,629940.0771,4833187.9563
7161,6653437,1244462,7/17/2011 8:00:00 AM,2000,TWYN RIVERS Driv,LITTLE ROUGE RIVER,,Collector,Scarborough,43.814545,-79.15699,,No Control,Clear,Daylight,Dry,Non-Fatal Injury,Approaching,Motorcycle Driver,30 to 34,Major,,East,Motorcycle,Going Ahead,Other,Unknown,,,,,,,,,Yes,Yes,,,,,,,,,,144,Morningside Heights,131,Rouge (131),D42,648222.5446,4852924.8772
7162,6653438,1244462,7/17/2011 8:00:00 AM,2000,TWYN RIVERS Driv,LITTLE ROUGE RIVER,,Collector,Scarborough,43.814545,-79.15699,,No Control,Clear,Daylight,Dry,Non-Fatal Injury,Approaching,Motorcycle Driver,25 to 29,Minor,,East,Motorcycle,Going Ahead,Other,Unknown,,,,,,,,,Yes,Yes,,,,,,,,,,144,Morningside Heights,131,Rouge (131),D42,648222.5446,4852924.8772
7163,6653439,1244462,7/17/2011 8:00:00 AM,2000,TWYN RIVERS Driv,LITTLE ROUGE RIVER,,Collector,Scarborough,43.814545,-79.15699,,No Control,Clear,Daylight,Dry,Non-Fatal Injury,Approaching,Driver,35 to 39,None,,West,"Automobile, Station Wagon",Going Ahead,Driving Properly,Normal,,,,,,,,,Yes,Yes,,,,,,,,,,144,Morningside Heights,131,Rouge (131),D42,648222.5446,4852924.8772
7164,6653601,1244530,7/18/2011 8:00:00 AM,28,BAYVIEW Ave,MCKEE Ave,,Major Arterial,North York,43.778845,-79.39079,,No Control,Clear,"Dark, artificial",Dry,Non-Fatal Injury,Pedestrian Collisions,Pedestrian,55 to 59,Major,,Unknown,"Automobile, Station Wagon",,,,Pedestrian hit at mid-block,Playing or Working on Highway,Normal,,,,Yes,,Yes,,,,,Yes,Yes,Yes,,,,52,Bayview Village,52,Bayview Village (52),D33,629496.2794,4848567.5254
7165,6653602,1244530,7/18/2011 8:00:00 AM,28,BAYVIEW Ave,MCKEE Ave,,Major Arterial,North York,43.778845,-79.39079,,No Control,Clear,"Dark, artificial",Dry,Non-Fatal Injury,Pedestrian Collisions,Passenger,20 to 24,Major,,,Other,,,,,,,,,,Yes,,Yes,,,,,Yes,Yes,Yes,,,,52,Bayview Village,52,Bayview Village (52),D33,629496.2794,4848567.5254
7166,6653603,1244530,7/18/2011 8:00:00 AM,28,BAYVIEW Ave,MCKEE Ave,,Major Arterial,North York,43.778845,-79.39079,,No Control,Clear,"Dark, artificial",Dry,Non-Fatal Injury,Pedestrian Collisions,Vehicle Owner,unknown,,,,Other,,,,,,,,,,Yes,,Yes,,,,,Yes,Yes,Yes,,,,52,Bayview Village,52,Bayview Village (52),D33,629496.2794,4848567.5254
7167,6653604,1244530,7/18/2011 8:00:00 AM,28,BAYVIEW Ave,MCKEE Ave,,Major Arterial,North York,43.778845,-79.39079,,No Control,Clear,"Dark, artificial",Dry,Non-Fatal Injury,Pedestrian Collisions,Passenger,25 to 29,Major,,,Other,,,,,,,,,,Yes,,Yes,,,,,Yes,Yes,Yes,,,,52,Bayview Village,52,Bayview Village (52),D33,629496.2794,4848567.5254
7168,6653605,1244530,7/18/2011 8:00:00 AM,28,BAYVIEW Ave,MCKEE Ave,,Major Arterial,North York,43.778845,-79.39079,,No Control,Clear,"Dark, artificial",Dry,Non-Fatal Injury,Pedestrian Collisions,Passenger,20 to 24,Major,,,Other,,,,,,,,,,Yes,,Yes,,,,,Yes,Yes,Yes,,,,52,Bayview Village,52,Bayview Village (52),D33,629496.2794,4848567.5254
7169,6653606,1244530,7/18/2011 8:00:00 AM,28,BAYVIEW Ave,MCKEE Ave,,Major Arterial,North York,43.778845,-79.39079,,No Control,Clear,"Dark, artificial",Dry,Non-Fatal Injury,Pedestrian Collisions,Driver,25 to 29,Major,,North,"Automobile, Station Wagon",Going Ahead,Exceeding Speed Limit,Had Been Drinking,,,,,,,Yes,,Yes,,,,,Yes,Yes,Yes,,,,52,Bayview Village,52,Bayview Village (52),D33,629496.2794,4848567.5254
7170,6654190,1244765,7/19/2011 8:00:00 AM,340,GARDINER X W SHERWAY GARDENS RAMP,427 C S QEW X W RAMP,,,Etobicoke York,43.613045,-79.55109,,No Control,Clear,Dark,Dry,Non-Fatal Injury,SMV Other,Motorcycle Driver,20 to 24,Major,,West,Motorcycle,Going Ahead,Lost control,Normal,,,,,,,,,,Yes,,,,,,,,,,159,Etobicoke City Centre,14,Islington-City Centre West (14),D22,616918.2915,4829914.9533
7171,6672134,1252312,7/19/2011 8:00:00 AM,1925,PARKSIDE DR,ALGONQUIN AVE,,Major Arterial,Toronto and East York,43.643145,-79.45549,At Intersection,No Control,Clear,Daylight,Dry,Non-Fatal Injury,Rear End,Passenger,70 to 74,Major,,,Other,,,,,,,,,,,,Yes,,,,,Yes,,,,,,87,High Park-Swansea,87,High Park-Swansea (87),D11,624570.5123,4833396.9721
7172,6672135,1252312,7/19/2011 8:00:00 AM,1925,PARKSIDE DR,ALGONQUIN AVE,,Major Arterial,Toronto and East York,43.643145,-79.45549,At Intersection,No Control,Clear,Daylight,Dry,Non-Fatal Injury,Rear End,Passenger,40 to 44,Minor,,,Other,,,,,,,,,,,,Yes,,,,,Yes,,,,,,87,High Park-Swansea,87,High Park-Swansea (87),D11,624570.5123,4833396.9721
7173,6672136,1252312,7/19/2011 8:00:00 AM,1925,PARKSIDE DR,ALGONQUIN AVE,,Major Arterial,Toronto and East York,43.643145,-79.45549,At Intersection,No Control,Clear,Daylight,Dry,Non-Fatal Injury,Rear End,Driver,40 to 44,Minor,,North,"Automobile, Station Wagon",Stopped,Driving Properly,Normal,,,,,,,,,Yes,,,,,Yes,,,,,,87,High Park-Swansea,87,High Park-Swansea (87),D11,624570.5123,4833396.9721
7174,6672137,1252312,7/19/2011 8:00:00 AM,1925,PARKSIDE DR,ALGONQUIN AVE,,Major Arterial,Toronto and East York,43.643145,-79.45549,At Intersection,No Control,Clear,Daylight,Dry,Non-Fatal Injury,Rear End,Vehicle Owner,unknown,,,,Other,,,,,,,,,,,,Yes,,,,,Yes,,,,,,87,High Park-Swansea,87,High Park-Swansea (87),D11,624570.5123,4833396.9721
7175,6672138,1252312,7/19/2011 8:00:00 AM,1925,PARKSIDE DR,ALGONQUIN AVE,,Major Arterial,Toronto and East York,43.643145,-79.45549,At Intersection,No Control,Clear,Daylight,Dry,Non-Fatal Injury,Rear End,Driver,30 to 34,None,,North,"Automobile, Station Wagon",Going Ahead,Other,Normal,,,,,,,,,Yes,,,,,Yes,,,,,,87,High Park-Swansea,87,High Park-Swansea (87),D11,624570.5123,4833396.9721
7176,6669646,1251243,7/20/2011 8:00:00 AM,1023,3030 BIRCHMOUNT RD,,,Major Arterial,Scarborough,43.802745,-79.30849,,No Control,Clear,Daylight,Dry,Non-Fatal Injury,Turning Movement,Driver,50 to 54,Minimal,,South,"Automobile, Station Wagon",Going Ahead,Driving Properly,Normal,,,,,,,,,Yes,,,,,Yes,,Yes,,,,148,East L'Amoreaux,117,L'Amoreaux (117),D42,636064.9415,4851354.0227
7177,6669647,1251243,7/20/2011 8:00:00 AM,1023,3030 BIRCHMOUNT RD,,,Major Arterial,Scarborough,43.802745,-79.30849,,No Control,Clear,Daylight,Dry,Non-Fatal Injury,Turning Movement,Passenger,60 to 64,Minimal,,,Other,,,,,,,,,,,,Yes,,,,,Yes,,Yes,,,,148,East L'Amoreaux,117,L'Amoreaux (117),D42,636064.9415,4851354.0227
7178,6669648,1251243,7/20/2011 8:00:00 AM,1023,3030 BIRCHMOUNT RD,,,Major Arterial,Scarborough,43.802745,-79.30849,,No Control,Clear,Daylight,Dry,Non-Fatal Injury,Turning Movement,Driver,60 to 64,Major,,East,"Automobile, Station Wagon",Turning Left,Failed to Yield Right of Way,Inattentive,,,,,,,,,Yes,,,,,Yes,,Yes,,,,148,East L'Amoreaux,117,L'Amoreaux (117),D42,636064.9415,4851354.0227
7179,6805179,1251261,7/20/2011 8:00:00 AM,1130,KEELE ST,YORE RD,,Major Arterial,Etobicoke York,43.691945,-79.47429,,No Control,Clear,Daylight,Dry,Non-Fatal Injury,SMV Other,Passenger,45 to 49,Major,,,Other,,,,,,,,,,,,,,Yes,,,Yes,,,,,,112,Beechborough-Greenbrook,112,Beechborough-Greenbrook (112),D12,622954.5324,4838788.8104
7180,6805180,1251261,7/20/2011 8:00:00 AM,1130,KEELE ST,YORE RD,,Major Arterial,Etobicoke York,43.691945,-79.47429,,No Control,Clear,Daylight,Dry,Non-Fatal Injury,SMV Other,Vehicle Owner,unknown,,,,Other,,,,,,,,,,,,,,Yes,,,Yes,,,,,,112,Beechborough-Greenbrook,112,Beechborough-Greenbrook (112),D12,622954.5324,4838788.8104
7181,6805181,1251261,7/20/2011 8:00:00 AM,1130,KEELE ST,YORE RD,,Major Arterial,Etobicoke York,43.691945,-79.47429,,No Control,Clear,Daylight,Dry,Non-Fatal Injury,SMV Other,Truck Driver,25 to 29,Minor,,East,Truck - Open,Turning Left,Lost control,Inattentive,,,,,,,,,,,Yes,,,Yes,,,,,,112,Beechborough-Greenbrook,112,Beechborough-Greenbrook (112),D12,622954.5324,4838788.8104
7182,6805182,1251261,7/20/2011 8:00:00 AM,1130,KEELE ST,YORE RD,,Major Arterial,Etobicoke York,43.691945,-79.47429,,No Control,Clear,Daylight,Dry,Non-Fatal Injury,SMV Other,Other Property Owner,unknown,,,,Other,,,,,,,,,,,,,,Yes,,,Yes,,,,,,112,Beechborough-Greenbrook,112,Beechborough-Greenbrook (112),D12,622954.5324,4838788.8104
7183,6805183,1251261,7/20/2011 8:00:00 AM,1130,KEELE ST,YORE RD,,Major Arterial,Etobicoke York,43.691945,-79.47429,,No Control,Clear,Daylight,Dry,Non-Fatal Injury,SMV Other,Other Property Owner,unknown,,,,Other,,,,,,,,,,,,,,Yes,,,Yes,,,,,,112,Beechborough-Greenbrook,112,Beechborough-Greenbrook (112),D12,622954.5324,4838788.8104
7184,6805184,1251261,7/20/2011 8:00:00 AM,1130,KEELE ST,YORE RD,,Major Arterial,Etobicoke York,43.691945,-79.47429,,No Control,Clear,Daylight,Dry,Non-Fatal Injury,SMV Other,Other Property Owner,unknown,,,,Other,,,,,,,,,,,,,,Yes,,,Yes,,,,,,112,Beechborough-Greenbrook,112,Beechborough-Greenbrook (112),D12,622954.5324,4838788.8104
7185,6805174,1251239,7/20/2011 8:00:00 AM,1323,SHEPPARD AVE E,ALLANFORD RD,,Major Arterial,Scarborough,43.782145,-79.29349,At Intersection,Traffic Signal,Clear,Daylight,Dry,Non-Fatal Injury,Turning Movement,Driver,15 to 19,Major,,East,"Automobile, Station Wagon",Going Ahead,Disobeyed Traffic Control,Inattentive,,,,,,,,,Yes,,,,,,,Yes,Yes,,,118,Tam O'Shanter-Sullivan,118,Tam O'Shanter-Sullivan (118),D42,637318.7267,4849090.8389
7186,6805175,1251239,7/20/2011 8:00:00 AM,1323,SHEPPARD AVE E,ALLANFORD RD,,Major Arterial,Scarborough,43.782145,-79.29349,At Intersection,Traffic Signal,Clear,Daylight,Dry,Non-Fatal Injury,Turning Movement,Driver,35 to 39,Minimal,,North,"Automobile, Station Wagon",Turning Left,Driving Properly,Normal,,,,,,,,,Yes,,,,,,,Yes,Yes,,,118,Tam O'Shanter-Sullivan,118,Tam O'Shanter-Sullivan (118),D42,637318.7267,4849090.8389
7187,6675011,1253635,7/20/2011 8:00:00 AM,1800,QUEENS QUAY W,REES ST,,Minor Arterial,Toronto and East York,43.638845,-79.38659,At Intersection,Traffic Signal,Clear,Daylight,Dry,Non-Fatal Injury,Cyclist Collisions,Vehicle Owner,unknown,,,,Other,,,,,,,,,,,Yes,Yes,,,,,,,,,,,165,Harbourfront-CityPlace,77,Waterfront Communities-The Island (77),D52,630136.8956,4833025.1221
7188,6675012,1253635,7/20/2011 8:00:00 AM,1800,QUEENS QUAY W,REES ST,,Minor Arterial,Toronto and East York,43.638845,-79.38659,At Intersection,Traffic Signal,Clear,Daylight,Dry,Non-Fatal Injury,Cyclist Collisions,Driver,40 to 44,None,,West,"Automobile, Station Wagon",Parked,Other,Normal,,,,,,,,Yes,Yes,,,,,,,,,,,165,Harbourfront-CityPlace,77,Waterfront Communities-The Island (77),D52,630136.8956,4833025.1221
7189,6675013,1253635,7/20/2011 8:00:00 AM,1800,QUEENS QUAY W,REES ST,,Minor Arterial,Toronto and East York,43.638845,-79.38659,At Intersection,Traffic Signal,Clear,Daylight,Dry,Non-Fatal Injury,Cyclist Collisions,Cyclist,40 to 44,Major,,West,Bicycle,Going Ahead,,,,,,Cyclist struck opened vehicle door,Driving Properly,Normal,,Yes,Yes,,,,,,,,,,,165,Harbourfront-CityPlace,77,Waterfront Communities-The Island (77),D52,630136.8956,4833025.1221
7190,6670661,1251696,7/20/2011 8:00:00 AM,1819,EGLINTON AVE E,DON AVON DR,,Major Arterial,North York,43.714045,-79.36229,,No Control,Clear,Daylight,Dry,Non-Fatal Injury,Turning Movement,Passenger,55 to 59,Minor,,,Other,,,,,,,,,,,,Yes,,,,,Yes,,Yes,,,,55,Thorncliffe Park,55,Thorncliffe Park (55),D53,631932.0364,4841415.4942
7191,6670662,1251696,7/20/2011 8:00:00 AM,1819,EGLINTON AVE E,DON AVON DR,,Major Arterial,North York,43.714045,-79.36229,,No Control,Clear,Daylight,Dry,Non-Fatal Injury,Turning Movement,Driver,50 to 54,Minor,,West,"Automobile, Station Wagon",Turning Left,Failed to Yield Right of Way,Inattentive,,,,,,,,,Yes,,,,,Yes,,Yes,,,,55,Thorncliffe Park,55,Thorncliffe Park (55),D53,631932.0364,4841415.4942
7192,6670663,1251696,7/20/2011 8:00:00 AM,1819,EGLINTON AVE E,DON AVON DR,,Major Arterial,North York,43.714045,-79.36229,,No Control,Clear,Daylight,Dry,Non-Fatal Injury,Turning Movement,Driver,50 to 54,Major,,East,"Automobile, Station Wagon",Going Ahead,Driving Properly,Normal,,,,,,,,,Yes,,,,,Yes,,Yes,,,,55,Thorncliffe Park,55,Thorncliffe Park (55),D53,631932.0364,4841415.4942
7193,6670701,1251711,7/21/2011 8:00:00 AM,1645,NORTHERN DANCER BLVD,QUEEN ST E,,Minor Arterial,Toronto and East York,43.667445,-79.31139,At Intersection,Stop Sign,Clear,Daylight,Dry,Non-Fatal Injury,Pedestrian Collisions,Driver,35 to 39,None,,North,"Automobile, Station Wagon",Turning Left,Failed to Yield Right of Way,Inattentive,,,,,,,Yes,,Yes,,,,,,,Yes,,,,63,The Beaches,63,The Beaches (63),D55,636137.9225,4836322.1888
7194,6670702,1251711,7/21/2011 8:00:00 AM,1645,NORTHERN DANCER BLVD,QUEEN ST E,,Minor Arterial,Toronto and East York,43.667445,-79.31139,At Intersection,Stop Sign,Clear,Daylight,Dry,Non-Fatal Injury,Pedestrian Collisions,Pedestrian,40 to 44,Major,,East,Other,,,,Vehicle turns left while ped crosses with ROW at inter.,Crossing with right of way,Normal,,,,Yes,,Yes,,,,,,,Yes,,,,63,The Beaches,63,The Beaches (63),D55,636137.9225,4836322.1888
7195,6666097,1249794,7/23/2011 8:00:00 AM,2202,HIGHWAY 27  S,VICE REGENT BLVD,,Major Arterial,Etobicoke York,43.711345,-79.59299,At Intersection,No Control,Rain,"Dark, artificial",Wet,Non-Fatal Injury,Pedestrian Collisions,Driver,45 to 49,None,,South,"Automobile, Station Wagon",Going Ahead,Driving Properly,Normal,,,,,,,Yes,,Yes,,,,,,,,,,,1,West Humber-Clairville,1,West Humber-Clairville (1),D23,613352.0539,4840774.2899
7196,6666098,1249794,7/23/2011 8:00:00 AM,2202,HIGHWAY 27  S,VICE REGENT BLVD,,Major Arterial,Etobicoke York,43.711345,-79.59299,At Intersection,No Control,Rain,"Dark, artificial",Wet,Non-Fatal Injury,Pedestrian Collisions,Pedestrian,65 to 69,Major,,West,Other,,,,Vehicle is going straight thru inter.while ped cross without ROW,"Crossing, no Traffic Control",Had Been Drinking,,,,Yes,,Yes,,,,,,,,,,,1,West Humber-Clairville,1,West Humber-Clairville (1),D23,613352.0539,4840774.2899
7197,7644744,1246736,7/24/2011 8:00:00 AM,1349,LAWRENCE AVE E,OVERTURE RD,,Major Arterial,Scarborough,43.765445,-79.19949,At Intersection,Traffic Signal,Clear,Daylight,Dry,Fatal,Approaching,Passenger,unknown,Major,,,Other,Other,,,,,,,,,,,Yes,,,,,Yes,,Yes,,,,136,West Hill,136,West Hill (136),D43,644923.106,4847396.2651
7198,7644745,1246736,7/24/2011 8:00:00 AM,1349,LAWRENCE AVE E,OVERTURE RD,,Major Arterial,Scarborough,43.765445,-79.19949,At Intersection,Traffic Signal,Clear,Daylight,Dry,Fatal,Approaching,Driver,65 to 69,Fatal,15,East,"Automobile, Station Wagon",Going Ahead,,,,,,,,,,,Yes,,,,,Yes,,Yes,,,,136,West Hill,136,West Hill (136),D43,644923.106,4847396.2651
7199,7644746,1246736,7/24/2011 8:00:00 AM,1349,LAWRENCE AVE E,OVERTURE RD,,Major Arterial,Scarborough,43.765445,-79.19949,At Intersection,Traffic Signal,Clear,Daylight,Dry,Fatal,Approaching,Passenger,unknown,Minimal,,,Other,Other,,,,,,,,,,,Yes,,,,,Yes,,Yes,,,,136,West Hill,136,West Hill (136),D43,644923.106,4847396.2651
7200,7644747,1246736,7/24/2011 8:00:00 AM,1349,LAWRENCE AVE E,OVERTURE RD,,Major Arterial,Scarborough,43.765445,-79.19949,At Intersection,Traffic Signal,Clear,Daylight,Dry,Fatal,Approaching,Passenger,unknown,Minimal,,,Other,Other,,,,,,,,,,,Yes,,,,,Yes,,Yes,,,,136,West Hill,136,West Hill (136),D43,644923.106,4847396.2651
7201,7644748,1246736,7/24/2011 8:00:00 AM,1349,LAWRENCE AVE E,OVERTURE RD,,Major Arterial,Scarborough,43.765445,-79.19949,At Intersection,Traffic Signal,Clear,Daylight,Dry,Fatal,Approaching,Passenger,unknown,Minimal,,,Other,Other,,,,,,,,,,,Yes,,,,,Yes,,Yes,,,,136,West Hill,136,West Hill (136),D43,644923.106,4847396.2651
7202,7644749,1246736,7/24/2011 8:00:00 AM,1349,LAWRENCE AVE E,OVERTURE RD,,Major Arterial,Scarborough,43.765445,-79.19949,At Intersection,Traffic Signal,Clear,Daylight,Dry,Fatal,Approaching,Driver,40 to 44,None,,West,"Automobile, Station Wagon",Stopped,,,,,,,,,,,Yes,,,,,Yes,,Yes,,,,136,West Hill,136,West Hill (136),D43,644923.106,4847396.2651
7203,6677315,1254646,7/27/2011 8:00:00 AM,955,FINCH AVE E,KENNETH AVE,,Major Arterial,North York,43.780445,-79.41229,At Intersection,Traffic Signal,Clear,Daylight,Dry,Non-Fatal Injury,Pedestrian Collisions,Driver,65 to 69,None,,South,"Automobile, Station Wagon",Turning Left,Failed to Yield Right of Way,Unknown,,,,,,,Yes,,Yes,,,,,,,Yes,,,,152,East Willowdale,51,Willowdale East (51),D32,627762.7087,4848711.8253
7204,6677316,1254646,7/27/2011 8:00:00 AM,955,FINCH AVE E,KENNETH AVE,,Major Arterial,North York,43.780445,-79.41229,At Intersection,Traffic Signal,Clear,Daylight,Dry,Non-Fatal Injury,Pedestrian Collisions,Pedestrian,50 to 54,Major,,North,Other,,,,Vehicle turns left while ped crosses with ROW at inter.,Crossing with right of way,Normal,,,,Yes,,Yes,,,,,,,Yes,,,,152,East Willowdale,51,Willowdale East (51),D32,627762.7087,4848711.8253
7205,6657350,1246125,7/27/2011 8:00:00 AM,1620,FINCH AVE E,PAGE AVE,,Major Arterial,North York,43.787645,-79.38019,,No Control,Clear,Daylight,Dry,Non-Fatal Injury,Angle,Driver,60 to 64,Major,,North,"Automobile, Station Wagon",Going Ahead,Driving Properly,Normal,,,,,,,,,Yes,,,,,Yes,,,,,,52,Bayview Village,52,Bayview Village (52),D33,630330.166,4849561.5366
7206,6657351,1246125,7/27/2011 8:00:00 AM,1620,FINCH AVE E,PAGE AVE,,Major Arterial,North York,43.787645,-79.38019,,No Control,Clear,Daylight,Dry,Non-Fatal Injury,Angle,Passenger,60 to 64,Minor,,,Other,,,,,,,,,,,,Yes,,,,,Yes,,,,,,52,Bayview Village,52,Bayview Village (52),D33,630330.166,4849561.5366