OBJECTID,INDEX,ACCNUM,DATE,TIME,STREET1,STREET2,OFFSET,ROAD_CLASS,DISTRICT,LATITUDE,LONGITUDE,ACCLOC,TRAFFCTL,VISIBILITY,LIGHT,RDSFCOND,ACCLASS,IMPACTYPE,INVTYPE,INVAGE,INJURY,FATAL_NO,INITDIR,VEHTYPE,MANOEUVER,DRIVACT,DRIVCOND,PEDTYPE,PEDACT,PEDCOND,CYCLISTYPE,CYCACT,CYCCOND,PEDESTRIAN,CYCLIST,AUTOMOBILE,MOTORCYCLE,TRUCK,TRSN_CITY_VEH,EMERG_VEH,PASSENGER,SPEEDING,AG_DRIV,REDLIGHT,ALCOHOL,DISABILITY,HOOD_158,NEIGHBOURHOOD_158,HOOD_140,NEIGHBOURHOOD_140,DIVISION,x,y
7207,6657352,1246125,7/27/2011 8:00:00 AM,1620,FINCH AVE E,PAGE AVE,,Major Arterial,North York,43.787645,-79.38019,,No Control,Clear,Daylight,Dry,Non-Fatal Injury,Angle,Driver,75 to 79,Minor,,East,"Automobile, Station Wagon",Going Ahead,Lost control,Unknown,,,,,,,,,Yes,,,,,Yes,,,,,,52,Bayview Village,52,Bayview Village (52),D33,630330.166,4849561.5366
7208,6657353,1246125,7/27/2011 8:00:00 AM,1620,FINCH AVE E,PAGE AVE,,Major Arterial,North York,43.787645,-79.38019,,No Control,Clear,Daylight,Dry,Non-Fatal Injury,Angle,Other Property Owner,unknown,,,,Other,,,,,,,,,,,,Yes,,,,,Yes,,,,,,52,Bayview Village,52,Bayview Village (52),D33,630330.166,4849561.5366
7209,6677956,1254931,7/28/2011 8:00:00 AM,1354,4277 LAWRENCE AVE E,,,Minor Arterial,Scarborough,43.770045,-79.17909,,No Control,Rain,Daylight,Wet,Non-Fatal Injury,Cyclist Collisions,Driver,35 to 39,None,,North,"Automobile, Station Wagon",Slowing or Stopping,Failed to Yield Right of Way,Normal,,,,,,,,Yes,Yes,,,,,,,Yes,,,,136,West Hill,136,West Hill (136),D43,646553.8883,4847943.0739
7210,6677957,1254931,7/28/2011 8:00:00 AM,1354,4277 LAWRENCE AVE E,,,Minor Arterial,Scarborough,43.770045,-79.17909,,No Control,Rain,Daylight,Wet,Non-Fatal Injury,Cyclist Collisions,Cyclist,35 to 39,Major,,East,Bicycle,Going Ahead,,,,,,"Motorist without ROW drives into path of cyclist at inter, lnwy, dwy-Driver not turn.",Driving Properly,Other,,Yes,Yes,,,,,,,Yes,,,,136,West Hill,136,West Hill (136),D43,646553.8883,4847943.0739
7211,6680399,1256019,7/29/2011 8:00:00 AM,1450,CONSILIUM PL,CORPORATE DR,,Collector,Scarborough,43.779645,-79.25119,At Intersection,Traffic Signal,Clear,Daylight,Dry,Non-Fatal Injury,Turning Movement,Passenger,15 to 19,Minor,,,Other,,,,,,,,,,,,Yes,,,,,Yes,,Yes,,,,142,Woburn North,137,Woburn (137),D43,640728.4095,4848884.2121
7212,6680400,1256019,7/29/2011 8:00:00 AM,1450,CONSILIUM PL,CORPORATE DR,,Collector,Scarborough,43.779645,-79.25119,At Intersection,Traffic Signal,Clear,Daylight,Dry,Non-Fatal Injury,Turning Movement,Vehicle Owner,unknown,,,,Other,,,,,,,,,,,,Yes,,,,,Yes,,Yes,,,,142,Woburn North,137,Woburn (137),D43,640728.4095,4848884.2121
7213,6680401,1256019,7/29/2011 8:00:00 AM,1450,CONSILIUM PL,CORPORATE DR,,Collector,Scarborough,43.779645,-79.25119,At Intersection,Traffic Signal,Clear,Daylight,Dry,Non-Fatal Injury,Turning Movement,Driver,15 to 19,Minor,,South,"Automobile, Station Wagon",Turning Left,Failed to Yield Right of Way,Inattentive,,,,,,,,,Yes,,,,,Yes,,Yes,,,,142,Woburn North,137,Woburn (137),D43,640728.4095,4848884.2121
7214,6680402,1256019,7/29/2011 8:00:00 AM,1450,CONSILIUM PL,CORPORATE DR,,Collector,Scarborough,43.779645,-79.25119,At Intersection,Traffic Signal,Clear,Daylight,Dry,Non-Fatal Injury,Turning Movement,Passenger,0 to 4,Major,,,Other,,,,,,,,,,,,Yes,,,,,Yes,,Yes,,,,142,Woburn North,137,Woburn (137),D43,640728.4095,4848884.2121
7215,6680403,1256019,7/29/2011 8:00:00 AM,1450,CONSILIUM PL,CORPORATE DR,,Collector,Scarborough,43.779645,-79.25119,At Intersection,Traffic Signal,Clear,Daylight,Dry,Non-Fatal Injury,Turning Movement,Passenger,30 to 34,Major,,,Other,,,,,,,,,,,,Yes,,,,,Yes,,Yes,,,,142,Woburn North,137,Woburn (137),D43,640728.4095,4848884.2121
7216,6680404,1256019,7/29/2011 8:00:00 AM,1450,CONSILIUM PL,CORPORATE DR,,Collector,Scarborough,43.779645,-79.25119,At Intersection,Traffic Signal,Clear,Daylight,Dry,Non-Fatal Injury,Turning Movement,Vehicle Owner,unknown,,,,Other,,,,,,,,,,,,Yes,,,,,Yes,,Yes,,,,142,Woburn North,137,Woburn (137),D43,640728.4095,4848884.2121
7217,6680405,1256019,7/29/2011 8:00:00 AM,1450,CONSILIUM PL,CORPORATE DR,,Collector,Scarborough,43.779645,-79.25119,At Intersection,Traffic Signal,Clear,Daylight,Dry,Non-Fatal Injury,Turning Movement,Driver,30 to 34,Minor,,North,"Automobile, Station Wagon",Going Ahead,Driving Properly,Normal,,,,,,,,,Yes,,,,,Yes,,Yes,,,,142,Woburn North,137,Woburn (137),D43,640728.4095,4848884.2121
7218,6659312,1246967,8/2/2011 8:00:00 AM,1236,LAKE SHORE BLVD W,EIGHTH ST,,Major Arterial,Etobicoke York,43.600445,-79.50639,At Intersection,No Control,Clear,Daylight,Dry,Fatal,Pedestrian Collisions,Vehicle Owner,unknown,,,,Other,,,,,,,,,,Yes,,Yes,,,,,,,Yes,,,,18,New Toronto,18,New Toronto (18),D22,620550.5085,4828579.4761
7219,6659313,1246967,8/2/2011 8:00:00 AM,1236,LAKE SHORE BLVD W,EIGHTH ST,,Major Arterial,Etobicoke York,43.600445,-79.50639,At Intersection,No Control,Clear,Daylight,Dry,Fatal,Pedestrian Collisions,Driver,45 to 49,None,,West,"Automobile, Station Wagon",Turning Left,Failed to Yield Right of Way,Normal,,,,,,,Yes,,Yes,,,,,,,Yes,,,,18,New Toronto,18,New Toronto (18),D22,620550.5085,4828579.4761
7220,6659314,1246967,8/2/2011 8:00:00 AM,1236,LAKE SHORE BLVD W,EIGHTH ST,,Major Arterial,Etobicoke York,43.600445,-79.50639,At Intersection,No Control,Clear,Daylight,Dry,Fatal,Pedestrian Collisions,Pedestrian,85 to 89,Fatal,18,East,Other,,,,Vehicle turns left while ped crosses with ROW at inter.,Crossing with right of way,Unknown,,,,Yes,,Yes,,,,,,,Yes,,,,18,New Toronto,18,New Toronto (18),D22,620550.5085,4828579.4761
7221,6659472,1247048,8/2/2011 8:00:00 AM,1550,BATHURST Stre,FOLLIS Aven,,Major Arterial,Toronto and East York,43.669545,-79.41299,,No Control,Clear,Daylight,Dry,Non-Fatal Injury,Pedestrian Collisions,Driver,45 to 49,None,,South,"Automobile, Station Wagon",Going Ahead,Driving Properly,Normal,,,,,,,Yes,,Yes,,,,,,,,,,,95,Annex,95,Annex (95),D14,627942.2515,4836393.7058
7222,6659473,1247048,8/2/2011 8:00:00 AM,1550,BATHURST Stre,FOLLIS Aven,,Major Arterial,Toronto and East York,43.669545,-79.41299,,No Control,Clear,Daylight,Dry,Non-Fatal Injury,Pedestrian Collisions,Pedestrian,90 to 94,Major,,West,Other,,,,Vehicle is going straight thru inter.while ped cross without ROW,"Crossing, no Traffic Control",Unknown,,,,Yes,,Yes,,,,,,,,,,,95,Annex,95,Annex (95),D14,627942.2515,4836393.7058
7223,6660274,1247356,8/3/2011 8:00:00 AM,1322,DANFORTH AVE,BYRON AVE,,Major Arterial,Toronto and East York,43.680845,-79.33539,,No Control,Clear,Daylight,Dry,Non-Fatal Injury,Pedestrian Collisions,Driver,25 to 29,None,,West,"Automobile, Station Wagon",Going Ahead,Driving Properly,Normal,,,,,,,Yes,,Yes,,,,,,,,,,,66,Danforth,66,Danforth (66),D55,634173.1227,4837771.3358
7224,6660275,1247356,8/3/2011 8:00:00 AM,1322,DANFORTH AVE,BYRON AVE,,Major Arterial,Toronto and East York,43.680845,-79.33539,,No Control,Clear,Daylight,Dry,Non-Fatal Injury,Pedestrian Collisions,Pedestrian,75 to 79,Major,,South,Other,,,,Vehicle hits the pedestrian walking or running out from between parked vehicles at mid-block,Coming From Behind Parked Vehicle,Inattentive,,,,Yes,,Yes,,,,,,,,,,,66,Danforth,66,Danforth (66),D55,634173.1227,4837771.3358
7225,6681294,1256431,8/3/2011 8:00:00 AM,1604,GERRARD Stre E,SCARBOROUGH Road,,Minor Arterial,Toronto and East York,43.686245,-79.28949,At Intersection,Stop Sign,Clear,Daylight,Dry,Non-Fatal Injury,Turning Movement,Passenger,55 to 59,Minimal,,,Other,,,,,,,,,,,,Yes,,,,,Yes,Yes,Yes,,Yes,,62,East End-Danforth,62,East End-Danforth (62),D55,637860.4891,4838446.3621
7226,6681295,1256431,8/3/2011 8:00:00 AM,1604,GERRARD Stre E,SCARBOROUGH Road,,Minor Arterial,Toronto and East York,43.686245,-79.28949,At Intersection,Stop Sign,Clear,Daylight,Dry,Non-Fatal Injury,Turning Movement,Passenger,55 to 59,Minimal,,,Other,,,,,,,,,,,,Yes,,,,,Yes,Yes,Yes,,Yes,,62,East End-Danforth,62,East End-Danforth (62),D55,637860.4891,4838446.3621
7227,6681296,1256431,8/3/2011 8:00:00 AM,1604,GERRARD Stre E,SCARBOROUGH Road,,Minor Arterial,Toronto and East York,43.686245,-79.28949,At Intersection,Stop Sign,Clear,Daylight,Dry,Non-Fatal Injury,Turning Movement,Vehicle Owner,unknown,,,,Other,,,,,,,,,,,,Yes,,,,,Yes,Yes,Yes,,Yes,,62,East End-Danforth,62,East End-Danforth (62),D55,637860.4891,4838446.3621
7228,6681297,1256431,8/3/2011 8:00:00 AM,1604,GERRARD Stre E,SCARBOROUGH Road,,Minor Arterial,Toronto and East York,43.686245,-79.28949,At Intersection,Stop Sign,Clear,Daylight,Dry,Non-Fatal Injury,Turning Movement,Driver,35 to 39,None,,North,"Automobile, Station Wagon",Turning Left,Other,Normal,,,,,,,,,Yes,,,,,Yes,Yes,Yes,,Yes,,62,East End-Danforth,62,East End-Danforth (62),D55,637860.4891,4838446.3621
7229,6681298,1256431,8/3/2011 8:00:00 AM,1604,GERRARD Stre E,SCARBOROUGH Road,,Minor Arterial,Toronto and East York,43.686245,-79.28949,At Intersection,Stop Sign,Clear,Daylight,Dry,Non-Fatal Injury,Turning Movement,Vehicle Owner,unknown,,,,Other,,,,,,,,,,,,Yes,,,,,Yes,Yes,Yes,,Yes,,62,East End-Danforth,62,East End-Danforth (62),D55,637860.4891,4838446.3621
7230,6681299,1256431,8/3/2011 8:00:00 AM,1604,GERRARD Stre E,SCARBOROUGH Road,,Minor Arterial,Toronto and East York,43.686245,-79.28949,At Intersection,Stop Sign,Clear,Daylight,Dry,Non-Fatal Injury,Turning Movement,Driver,25 to 29,Major,,East,"Automobile, Station Wagon",Changing Lanes,Speed too Fast For Condition,"Ability Impaired, Alcohol",,,,,,,,,Yes,,,,,Yes,Yes,Yes,,Yes,,62,East End-Danforth,62,East End-Danforth (62),D55,637860.4891,4838446.3621
7231,6681679,1256606,8/3/2011 8:00:00 AM,1842,AILEEN AVE,KEELE ST,,Local,Etobicoke York,43.683345,-79.47149,,No Control,Rain,Daylight,Wet,Non-Fatal Injury,Cyclist Collisions,Driver,45 to 49,None,,East,"Automobile, Station Wagon",Going Ahead,Driving Properly,Normal,,,,,,,,Yes,Yes,,,,,,,,,,,110,Keelesdale-Eglinton West,110,Keelesdale-Eglinton West (110),D12,623197.7865,4837837.8193
7232,6681680,1256606,8/3/2011 8:00:00 AM,1842,AILEEN AVE,KEELE ST,,Local,Etobicoke York,43.683345,-79.47149,,No Control,Rain,Daylight,Wet,Non-Fatal Injury,Cyclist Collisions,Cyclist,10 to 14,Major,,North,Bicycle,Going Ahead,,,,,,"Cyclist without ROW rides into path of motorist at inter, lnwy, dwy-Cyclist not turn.",Failed to Yield Right of Way,Inattentive,,Yes,Yes,,,,,,,,,,,110,Keelesdale-Eglinton West,110,Keelesdale-Eglinton West (110),D12,623197.7865,4837837.8193
7233,6804737,1247398,8/4/2011 8:00:00 AM,205,LAKE SHORE BLVD W,LAKE CRES W,,Major Arterial,Etobicoke York,43.607645,-79.49039,At Intersection,No Control,Clear,Dark,Dry,Non-Fatal Injury,SMV Other,Other Property Owner,unknown,,,,Other,,,,,,,,,,,,Yes,,,,,Yes,Yes,Yes,,,,160,Mimico-Queensway,17,Mimico (includes Humber Bay Shores) (17),D22,621827.3597,4829402.4679
7234,6804738,1247398,8/4/2011 8:00:00 AM,205,LAKE SHORE BLVD W,LAKE CRES W,,Major Arterial,Etobicoke York,43.607645,-79.49039,At Intersection,No Control,Clear,Dark,Dry,Non-Fatal Injury,SMV Other,Passenger,35 to 39,Major,,,Other,,,,,,,,,,,,Yes,,,,,Yes,Yes,Yes,,,,160,Mimico-Queensway,17,Mimico (includes Humber Bay Shores) (17),D22,621827.3597,4829402.4679
7235,6804739,1247398,8/4/2011 8:00:00 AM,205,LAKE SHORE BLVD W,LAKE CRES W,,Major Arterial,Etobicoke York,43.607645,-79.49039,At Intersection,No Control,Clear,Dark,Dry,Non-Fatal Injury,SMV Other,Driver,30 to 34,Minimal,,East,"Automobile, Station Wagon",Going Ahead,Exceeding Speed Limit,Unknown,,,,,,,,,Yes,,,,,Yes,Yes,Yes,,,,160,Mimico-Queensway,17,Mimico (includes Humber Bay Shores) (17),D22,621827.3597,4829402.4679
7236,6661545,1247894,8/4/2011 8:00:00 AM,2301,YORK MILLS RD,DVP N YORK MILLS W RAMP,,Major Arterial,North York,43.758891,-79.334056,,Traffic Signal,Clear,Dark,Dry,Non-Fatal Injury,Cyclist Collisions,Driver,40 to 44,None,,North,"Automobile, Station Wagon",Stopped,Driving Properly,Normal,,,,,,,,Yes,Yes,,,,,,,,,,,150,Fenside-Parkwoods,45,Parkwoods-Donalda (45),D33,634106.4087,4846441.6336
7237,6661546,1247894,8/4/2011 8:00:00 AM,2301,YORK MILLS RD,DVP N YORK MILLS W RAMP,,Major Arterial,North York,43.758891,-79.334056,,Traffic Signal,Clear,Dark,Dry,Non-Fatal Injury,Cyclist Collisions,Cyclist,20 to 24,Major,,West,Bicycle,Going Ahead,,,,,,"Cyclist without ROW rides into path of motorist at inter, lnwy, dwy-Cyclist not turn.",Disobeyed Traffic Control,Unknown,,Yes,Yes,,,,,,,,,,,150,Fenside-Parkwoods,45,Parkwoods-Donalda (45),D33,634106.4087,4846441.6336
7238,6666066,1249781,8/4/2011 8:00:00 AM,2318,QUEEN ST W,YORK ST,,Major Arterial,Toronto and East York,43.651545,-79.38349,,No Control,Clear,Dark,Dry,Non-Fatal Injury,Pedestrian Collisions,Pedestrian,30 to 34,Major,,South,Other,,,,Pedestrian involved in a collision with transit vehicle anywhere along roadway,"Crossing, no Traffic Control","Ability Impaired, Alcohol",,,,Yes,,,,,Yes,,,,,,,,170,Yonge-Bay Corridor,76,Bay Street Corridor (76),D52,630359.4693,4834440.4875
7239,6666067,1249781,8/4/2011 8:00:00 AM,2318,QUEEN ST W,YORK ST,,Major Arterial,Toronto and East York,43.651545,-79.38349,,No Control,Clear,Dark,Dry,Non-Fatal Injury,Pedestrian Collisions,Vehicle Owner,unknown,,,,Other,,,,,,,,,,Yes,,,,,Yes,,,,,,,,170,Yonge-Bay Corridor,76,Bay Street Corridor (76),D52,630359.4693,4834440.4875
7240,6666068,1249781,8/4/2011 8:00:00 AM,2318,QUEEN ST W,YORK ST,,Major Arterial,Toronto and East York,43.651545,-79.38349,,No Control,Clear,Dark,Dry,Non-Fatal Injury,Pedestrian Collisions,Driver,50 to 54,None,,West,Municipal Transit Bus (TTC),Going Ahead,Driving Properly,Normal,,,,,,,Yes,,,,,Yes,,,,,,,,170,Yonge-Bay Corridor,76,Bay Street Corridor (76),D52,630359.4693,4834440.4875
7241,6661293,1247766,8/5/2011 8:00:00 AM,902,GREENWOOD AVE,PLAINS RD,,Collector,Toronto and East York,43.693845,-79.33849,At Intersection,Stop Sign,Clear,Daylight,Dry,Fatal,Cyclist Collisions,Vehicle Owner,unknown,,,,Other,,,,,,,,,,,Yes,Yes,,,,,,,Yes,,,,58,Old East York,58,Old East York (58),D55,633894.3213,4839210.1559
7242,6661294,1247766,8/5/2011 8:00:00 AM,902,GREENWOOD AVE,PLAINS RD,,Collector,Toronto and East York,43.693845,-79.33849,At Intersection,Stop Sign,Clear,Daylight,Dry,Fatal,Cyclist Collisions,Driver,80 to 84,None,,South,"Automobile, Station Wagon",Going Ahead,Failed to Yield Right of Way,Inattentive,,,,,,,,Yes,Yes,,,,,,,Yes,,,,58,Old East York,58,Old East York (58),D55,633894.3213,4839210.1559
7243,6661295,1247766,8/5/2011 8:00:00 AM,902,GREENWOOD AVE,PLAINS RD,,Collector,Toronto and East York,43.693845,-79.33849,At Intersection,Stop Sign,Clear,Daylight,Dry,Fatal,Cyclist Collisions,Cyclist,80 to 84,Fatal,16,West,Bicycle,Going Ahead,,,,,,"Motorist without ROW drives into path of cyclist at inter, lnwy, dwy-Driver not turn.",Driving Properly,Normal,,Yes,Yes,,,,,,,Yes,,,,58,Old East York,58,Old East York (58),D55,633894.3213,4839210.1559
7244,6683053,1257236,8/5/2011 8:00:00 AM,1509,DEWSON ST,OSSINGTON AVE,,Minor Arterial,Toronto and East York,43.656945,-79.42369,At Intersection,Stop Sign,Clear,Daylight,Dry,Non-Fatal Injury,Turning Movement,Moped Driver,40 to 44,Major,,South,Moped,Going Ahead,Driving Properly,Normal,,,,,,,,Yes,Yes,,,,,,,Yes,,,,80,Palmerston-Little Italy,80,Palmerston-Little Italy (80),D14,627106.2136,4834977.8621
7245,6683054,1257236,8/5/2011 8:00:00 AM,1509,DEWSON ST,OSSINGTON AVE,,Minor Arterial,Toronto and East York,43.656945,-79.42369,At Intersection,Stop Sign,Clear,Daylight,Dry,Non-Fatal Injury,Turning Movement,Vehicle Owner,unknown,,,,Other,,,,,,,,,,,Yes,Yes,,,,,,,Yes,,,,80,Palmerston-Little Italy,80,Palmerston-Little Italy (80),D14,627106.2136,4834977.8621
7246,6683055,1257236,8/5/2011 8:00:00 AM,1509,DEWSON ST,OSSINGTON AVE,,Minor Arterial,Toronto and East York,43.656945,-79.42369,At Intersection,Stop Sign,Clear,Daylight,Dry,Non-Fatal Injury,Turning Movement,Driver,45 to 49,None,,East,"Automobile, Station Wagon",Turning Left,Failed to Yield Right of Way,Unknown,,,,,,,,Yes,Yes,,,,,,,Yes,,,,80,Palmerston-Little Italy,80,Palmerston-Little Italy (80),D14,627106.2136,4834977.8621
7247,6669114,1251014,8/6/2011 8:00:00 AM,1335,60 LACEY AVE,CAMERON Aven,,Local,Etobicoke York,43.689845,-79.46859,,No Control,Clear,Daylight,Dry,Non-Fatal Injury,Cyclist Collisions,Driver,unknown,None,,North,"Automobile, Station Wagon",Going Ahead,Other,Normal,,,,,,,,Yes,Yes,,,,,,,,,,,110,Keelesdale-Eglinton West,110,Keelesdale-Eglinton West (110),D12,623418.1976,4838564.0443
7248,6669115,1251014,8/6/2011 8:00:00 AM,1335,60 LACEY AVE,CAMERON Aven,,Local,Etobicoke York,43.689845,-79.46859,,No Control,Clear,Daylight,Dry,Non-Fatal Injury,Cyclist Collisions,Cyclist,10 to 14,Major,,South,Bicycle,Going Ahead,,,,,,Insufficient information (to determine cyclist crash type).,Driving Properly,Normal,,Yes,Yes,,,,,,,,,,,110,Keelesdale-Eglinton West,110,Keelesdale-Eglinton West (110),D12,623418.1976,4838564.0443
7249,6683387,1257392,8/7/2011 8:00:00 AM,137,BLACK CREEK DR,PHOTOGRAPHY DR W,,Major Arterial,Etobicoke York,43.687845,-79.48269,At Intersection,No Control,Clear,Dark,Dry,Non-Fatal Injury,Rear End,Vehicle Owner,unknown,,,,Other,,,,,,,,,,,,Yes,,,,,,,,,Yes,,110,Keelesdale-Eglinton West,110,Keelesdale-Eglinton West (110),D12,622285.9157,4838321.0289
7250,6683388,1257392,8/7/2011 8:00:00 AM,137,BLACK CREEK DR,PHOTOGRAPHY DR W,,Major Arterial,Etobicoke York,43.687845,-79.48269,At Intersection,No Control,Clear,Dark,Dry,Non-Fatal Injury,Rear End,Driver,35 to 39,Major,,North,"Automobile, Station Wagon",Going Ahead,Other,"Ability Impaired, Alcohol",,,,,,,,,Yes,,,,,,,,,Yes,,110,Keelesdale-Eglinton West,110,Keelesdale-Eglinton West (110),D12,622285.9157,4838321.0289
7251,6683389,1257392,8/7/2011 8:00:00 AM,137,BLACK CREEK DR,PHOTOGRAPHY DR W,,Major Arterial,Etobicoke York,43.687845,-79.48269,At Intersection,No Control,Clear,Dark,Dry,Non-Fatal Injury,Rear End,Vehicle Owner,unknown,,,,Other,,,,,,,,,,,,Yes,,,,,,,,,Yes,,110,Keelesdale-Eglinton West,110,Keelesdale-Eglinton West (110),D12,622285.9157,4838321.0289
7252,6683390,1257392,8/7/2011 8:00:00 AM,137,BLACK CREEK DR,PHOTOGRAPHY DR W,,Major Arterial,Etobicoke York,43.687845,-79.48269,At Intersection,No Control,Clear,Dark,Dry,Non-Fatal Injury,Rear End,Driver,45 to 49,Minimal,,North,"Automobile, Station Wagon",Stopped,Driving Properly,Normal,,,,,,,,,Yes,,,,,,,,,Yes,,110,Keelesdale-Eglinton West,110,Keelesdale-Eglinton West (110),D12,622285.9157,4838321.0289
7253,6661465,1247862,8/7/2011 8:00:00 AM,1154,DIXON RD,GOLFWOOD HTS Heig,,Major Arterial,Etobicoke York,43.698545,-79.53989,At Intersection,Traffic Signal,Clear,Daylight,Dry,Fatal,Turning Movement,Motorcycle Driver,30 to 34,Fatal,17,West,Motorcycle,Going Ahead,Exceeding Speed Limit,Normal,,,,,,,,,Yes,Yes,,,,,Yes,Yes,,,,6,Kingsview Village-The Westway,6,Kingsview Village-The Westway (6),D23,617654.9835,4839426.6533
7254,6661466,1247862,8/7/2011 8:00:00 AM,1154,DIXON RD,GOLFWOOD HTS Heig,,Major Arterial,Etobicoke York,43.698545,-79.53989,At Intersection,Traffic Signal,Clear,Daylight,Dry,Fatal,Turning Movement,Driver,75 to 79,Minimal,,East,"Automobile, Station Wagon",Turning Left,Driving Properly,Normal,,,,,,,,,Yes,Yes,,,,,Yes,Yes,,,,6,Kingsview Village-The Westway,6,Kingsview Village-The Westway (6),D23,617654.9835,4839426.6533
7255,6661467,1247862,8/7/2011 8:00:00 AM,1154,DIXON RD,GOLFWOOD HTS Heig,,Major Arterial,Etobicoke York,43.698545,-79.53989,At Intersection,Traffic Signal,Clear,Daylight,Dry,Fatal,Turning Movement,Other Property Owner,unknown,,,,Other,,,,,,,,,,,,Yes,Yes,,,,,Yes,Yes,,,,6,Kingsview Village-The Westway,6,Kingsview Village-The Westway (6),D23,617654.9835,4839426.6533
7256,6685272,1258248,8/8/2011 8:00:00 AM,1457,BIRCHMOUNT RD,BONIS AVE,,Major Arterial,Scarborough,43.783545,-79.29929,At Intersection,Traffic Signal,Clear,Daylight,Dry,Non-Fatal Injury,Cyclist Collisions,Driver,50 to 54,None,,West,"Automobile, Station Wagon",Turning Left,Failed to Yield Right of Way,Normal,,,,,,,,Yes,Yes,,,,,,,Yes,,,,118,Tam O'Shanter-Sullivan,118,Tam O'Shanter-Sullivan (118),D42,636848.8152,4849236.7262
7257,6685273,1258248,8/8/2011 8:00:00 AM,1457,BIRCHMOUNT RD,BONIS AVE,,Major Arterial,Scarborough,43.783545,-79.29929,At Intersection,Traffic Signal,Clear,Daylight,Dry,Non-Fatal Injury,Cyclist Collisions,Cyclist,60 to 64,Major,,East,Bicycle,Going Ahead,,,,,,Motorist turned left across cyclists path.,Other,Normal,,Yes,Yes,,,,,,,Yes,,,,118,Tam O'Shanter-Sullivan,118,Tam O'Shanter-Sullivan (118),D42,636848.8152,4849236.7262
7258,6805609,1258512,8/9/2011 8:00:00 AM,1810,QUEEN ST E,DALHOUSIE ST,,Major Arterial,Toronto and East York,43.653345,-79.37519,,No Control,Clear,Daylight,Dry,Non-Fatal Injury,Rear End,Vehicle Owner,unknown,,,,Other,,,,,,,,,,,,Yes,,,Yes,,,,,,,,168,Downtown Yonge East,75,Church-Yonge Corridor (75),D51,631024.8951,4834653.4735
7259,6805610,1258512,8/9/2011 8:00:00 AM,1810,QUEEN ST E,DALHOUSIE ST,,Major Arterial,Toronto and East York,43.653345,-79.37519,,No Control,Clear,Daylight,Dry,Non-Fatal Injury,Rear End,Driver,50 to 54,None,,East,Municipal Transit Bus (TTC),Going Ahead,Driving Properly,Normal,,,,,,,,,Yes,,,Yes,,,,,,,,168,Downtown Yonge East,75,Church-Yonge Corridor (75),D51,631024.8951,4834653.4735
7260,6805611,1258512,8/9/2011 8:00:00 AM,1810,QUEEN ST E,DALHOUSIE ST,,Major Arterial,Toronto and East York,43.653345,-79.37519,,No Control,Clear,Daylight,Dry,Non-Fatal Injury,Rear End,Driver,50 to 54,Major,,East,"Automobile, Station Wagon",Slowing or Stopping,Other,Inattentive,,,,,,,,,Yes,,,Yes,,,,,,,,168,Downtown Yonge East,75,Church-Yonge Corridor (75),D51,631024.8951,4834653.4735
7261,6670079,1251421,8/9/2011 8:00:00 AM,2141,ST CLAIR AVE E,VICROSS RD,,Major Arterial,Toronto and East York,43.707845,-79.30189,,No Control,Clear,Dark,Dry,Non-Fatal Injury,Pedestrian Collisions,Vehicle Owner,unknown,,,,Other,,,,,,,,,,Yes,,Yes,,,,,,,Yes,,,,54,O'Connor-Parkview,54,O'Connor-Parkview (54),D55,636811.9517,4840824.8085
7262,6670080,1251421,8/9/2011 8:00:00 AM,2141,ST CLAIR AVE E,VICROSS RD,,Major Arterial,Toronto and East York,43.707845,-79.30189,,No Control,Clear,Dark,Dry,Non-Fatal Injury,Pedestrian Collisions,Driver,30 to 34,None,,East,"Automobile, Station Wagon",Going Ahead,Driving Properly,Normal,,,,,,,Yes,,Yes,,,,,,,Yes,,,,54,O'Connor-Parkview,54,O'Connor-Parkview (54),D55,636811.9517,4840824.8085
7263,6670081,1251421,8/9/2011 8:00:00 AM,2141,ST CLAIR AVE E,VICROSS RD,,Major Arterial,Toronto and East York,43.707845,-79.30189,,No Control,Clear,Dark,Dry,Non-Fatal Injury,Pedestrian Collisions,Driver,unknown,None,,Unknown,"Automobile, Station Wagon",Unknown,Other,Other,,,,,,,Yes,,Yes,,,,,,,Yes,,,,54,O'Connor-Parkview,54,O'Connor-Parkview (54),D55,636811.9517,4840824.8085
7264,6670082,1251421,8/9/2011 8:00:00 AM,2141,ST CLAIR AVE E,VICROSS RD,,Major Arterial,Toronto and East York,43.707845,-79.30189,,No Control,Clear,Dark,Dry,Non-Fatal Injury,Pedestrian Collisions,Pedestrian,55 to 59,Major,,South,Other,,,,Pedestrian hit at mid-block,"Crossing, no Traffic Control",Normal,,,,Yes,,Yes,,,,,,,Yes,,,,54,O'Connor-Parkview,54,O'Connor-Parkview (54),D55,636811.9517,4840824.8085
7265,6685782,1258447,8/11/2011 8:00:00 AM,1530,BISHOP Aven,KENNETH Aven,,Collector,North York,43.782345,-79.41309,At Intersection,No Control,Clear,Daylight,Dry,Non-Fatal Injury,Pedestrian Collisions,Driver,50 to 54,None,,West,"Automobile, Station Wagon",Turning Left,Failed to Yield Right of Way,Inattentive,,,,,,,Yes,,Yes,,,,,,,Yes,,,,50,Newtonbrook East,50,Newtonbrook East (50),D32,627694.2872,4848921.6153
7266,6685783,1258447,8/11/2011 8:00:00 AM,1530,BISHOP Aven,KENNETH Aven,,Collector,North York,43.782345,-79.41309,At Intersection,No Control,Clear,Daylight,Dry,Non-Fatal Injury,Pedestrian Collisions,Pedestrian,55 to 59,Major,,East,Other,,,,Vehicle turns left while ped crosses with ROW at inter.,Crossing with right of way,Normal,,,,Yes,,Yes,,,,,,,Yes,,,,50,Newtonbrook East,50,Newtonbrook East (50),D32,627694.2872,4848921.6153