OBJECTID,INDEX,ACCNUM,DATE,TIME,STREET1,STREET2,OFFSET,ROAD_CLASS,DISTRICT,LATITUDE,LONGITUDE,ACCLOC,TRAFFCTL,VISIBILITY,LIGHT,RDSFCOND,ACCLASS,IMPACTYPE,INVTYPE,INVAGE,INJURY,FATAL_NO,INITDIR,VEHTYPE,MANOEUVER,DRIVACT,DRIVCOND,PEDTYPE,PEDACT,PEDCOND,CYCLISTYPE,CYCACT,CYCCOND,PEDESTRIAN,CYCLIST,AUTOMOBILE,MOTORCYCLE,TRUCK,TRSN_CITY_VEH,EMERG_VEH,PASSENGER,SPEEDING,AG_DRIV,REDLIGHT,ALCOHOL,DISABILITY,HOOD_158,NEIGHBOURHOOD_158,HOOD_140,NEIGHBOURHOOD_140,DIVISION,x,y
7267,6685442,1258313,8/12/2011 8:00:00 AM,1430,STEELES AVE W,MARKBROOK LANE,,Major Arterial,Etobicoke York,43.760045,-79.58609,,No Control,Clear,Daylight,Dry,Non-Fatal Injury,Rear End,Motorcycle Driver,25 to 29,Major,,West,Motorcycle,Going Ahead,Speed too Fast For Condition,Inattentive,,,,,,,,,,Yes,,Yes,,,Yes,Yes,,,,2,Mount Olive-Silverstone-Jamestown,2,Mount Olive-Silverstone-Jamestown (2),D23,613815.6432,4846192.573
7268,6685443,1258313,8/12/2011 8:00:00 AM,1430,STEELES AVE W,MARKBROOK LANE,,Major Arterial,Etobicoke York,43.760045,-79.58609,,No Control,Clear,Daylight,Dry,Non-Fatal Injury,Rear End,Vehicle Owner,unknown,,,,Other,,,,,,,,,,,,,Yes,,Yes,,,Yes,Yes,,,,2,Mount Olive-Silverstone-Jamestown,2,Mount Olive-Silverstone-Jamestown (2),D23,613815.6432,4846192.573
7269,6685444,1258313,8/12/2011 8:00:00 AM,1430,STEELES AVE W,MARKBROOK LANE,,Major Arterial,Etobicoke York,43.760045,-79.58609,,No Control,Clear,Daylight,Dry,Non-Fatal Injury,Rear End,Driver,40 to 44,None,,West,Municipal Transit Bus (TTC),Stopped,Driving Properly,Normal,,,,,,,,,,Yes,,Yes,,,Yes,Yes,,,,2,Mount Olive-Silverstone-Jamestown,2,Mount Olive-Silverstone-Jamestown (2),D23,613815.6432,4846192.573
7270,6915629,1248878,8/12/2011 8:00:00 AM,1808,DUFFERIN Stre,STEEPROCK Driv,,Major Arterial,North York,43.761045,-79.46519,At Intersection,Traffic Signal,Clear,Daylight,Dry,Non-Fatal Injury,Turning Movement,Vehicle Owner,unknown,,,,Other,,,,,,,,,,,,Yes,Yes,,,,,Yes,Yes,,,,34,Bathurst Manor,34,Bathurst Manor (34),D32,623545.7579,4846476.8853
7271,6915630,1248878,8/12/2011 8:00:00 AM,1808,DUFFERIN Stre,STEEPROCK Driv,,Major Arterial,North York,43.761045,-79.46519,At Intersection,Traffic Signal,Clear,Daylight,Dry,Non-Fatal Injury,Turning Movement,Motorcycle Driver,25 to 29,Major,,South,Motorcycle,Going Ahead,Speed too Fast For Condition,Inattentive,,,,,,,,,Yes,Yes,,,,,Yes,Yes,,,,34,Bathurst Manor,34,Bathurst Manor (34),D32,623545.7579,4846476.8853
7272,6915631,1248878,8/12/2011 8:00:00 AM,1808,DUFFERIN Stre,STEEPROCK Driv,,Major Arterial,North York,43.761045,-79.46519,At Intersection,Traffic Signal,Clear,Daylight,Dry,Non-Fatal Injury,Turning Movement,Driver,50 to 54,Minimal,,North,"Automobile, Station Wagon",Turning Left,Driving Properly,Normal,,,,,,,,,Yes,Yes,,,,,Yes,Yes,,,,34,Bathurst Manor,34,Bathurst Manor (34),D32,623545.7579,4846476.8853
7273,6804924,1248931,8/13/2011 8:00:00 AM,1800,28 REGATTA CRES,,,Local,North York,43.789345,-79.44389,,No Control,Clear,Daylight,Dry,Fatal,Pedestrian Collisions,Driver,45 to 49,None,,West,"Automobile, Station Wagon",Reversing,Other,Unknown,,,,,,,Yes,,Yes,,,,,,,,,,,36,Newtonbrook West,36,Newtonbrook West (36),D32,625201.26,4849652.0259
7274,6804925,1248931,8/13/2011 8:00:00 AM,1800,28 REGATTA CRES,,,Local,North York,43.789345,-79.44389,,No Control,Clear,Daylight,Dry,Fatal,Pedestrian Collisions,Pedestrian,75 to 79,Fatal,19,South,Other,,,,Pedestrian hit at private driveway,On Sidewalk or Shoulder,Unknown,,,,Yes,,Yes,,,,,,,,,,,36,Newtonbrook West,36,Newtonbrook West (36),D32,625201.26,4849652.0259
7275,6466583,1249167,8/15/2011 8:00:00 AM,1825,THE QUEENSWAY,INVERLEIGH Dr,,Major Arterial,Etobicoke York,43.627845,-79.49589,,No Control,Clear,Daylight,Dry,Non-Fatal Injury,Rear End,Vehicle Owner,unknown,,,,Other,,,,,,,,,,,,Yes,,,,,Yes,,,,,Yes,16,Stonegate-Queensway,16,Stonegate-Queensway (16),D22,621342.8617,4831637.8718
7276,6466584,1249167,8/15/2011 8:00:00 AM,1825,THE QUEENSWAY,INVERLEIGH Dr,,Major Arterial,Etobicoke York,43.627845,-79.49589,,No Control,Clear,Daylight,Dry,Non-Fatal Injury,Rear End,Driver,55 to 59,Major,,East,"Automobile, Station Wagon",Going Ahead,Lost control,Medical or Physical Disability,,,,,,,,,Yes,,,,,Yes,,,,,Yes,16,Stonegate-Queensway,16,Stonegate-Queensway (16),D22,621342.8617,4831637.8718
7277,6466585,1249167,8/15/2011 8:00:00 AM,1825,THE QUEENSWAY,INVERLEIGH Dr,,Major Arterial,Etobicoke York,43.627845,-79.49589,,No Control,Clear,Daylight,Dry,Non-Fatal Injury,Rear End,Passenger,55 to 59,Minimal,,,Other,,,,,,,,,,,,Yes,,,,,Yes,,,,,Yes,16,Stonegate-Queensway,16,Stonegate-Queensway (16),D22,621342.8617,4831637.8718
7278,6466586,1249167,8/15/2011 8:00:00 AM,1825,THE QUEENSWAY,INVERLEIGH Dr,,Major Arterial,Etobicoke York,43.627845,-79.49589,,No Control,Clear,Daylight,Dry,Non-Fatal Injury,Rear End,Passenger,60 to 64,Minimal,,,Other,,,,,,,,,,,,Yes,,,,,Yes,,,,,Yes,16,Stonegate-Queensway,16,Stonegate-Queensway (16),D22,621342.8617,4831637.8718
7279,6466587,1249167,8/15/2011 8:00:00 AM,1825,THE QUEENSWAY,INVERLEIGH Dr,,Major Arterial,Etobicoke York,43.627845,-79.49589,,No Control,Clear,Daylight,Dry,Non-Fatal Injury,Rear End,Driver,60 to 64,Minimal,,East,"Automobile, Station Wagon",Slowing or Stopping,Driving Properly,Normal,,,,,,,,,Yes,,,,,Yes,,,,,Yes,16,Stonegate-Queensway,16,Stonegate-Queensway (16),D22,621342.8617,4831637.8718
7280,6664551,1249168,8/15/2011 8:00:00 AM,2110,F G GARDINER XY Expr E,427 X S GARDINER X E RAMP,,,Etobicoke York,43.616045,-79.53439,,No Control,Clear,Dark,Dry,Non-Fatal Injury,Rear End,Passenger,50 to 54,Major,,,Other,,,,,,,,,,,,Yes,,,,,Yes,,Yes,,,,20,Alderwood,20,Alderwood (20),D22,618260.0115,4830271.7869
7281,6664552,1249168,8/15/2011 8:00:00 AM,2110,F G GARDINER XY Expr E,427 X S GARDINER X E RAMP,,,Etobicoke York,43.616045,-79.53439,,No Control,Clear,Dark,Dry,Non-Fatal Injury,Rear End,Driver,15 to 19,Major,,West,"Automobile, Station Wagon",Going Ahead,Driving Properly,Normal,,,,,,,,,Yes,,,,,Yes,,Yes,,,,20,Alderwood,20,Alderwood (20),D22,618260.0115,4830271.7869
7282,6664553,1249168,8/15/2011 8:00:00 AM,2110,F G GARDINER XY Expr E,427 X S GARDINER X E RAMP,,,Etobicoke York,43.616045,-79.53439,,No Control,Clear,Dark,Dry,Non-Fatal Injury,Rear End,Driver,unknown,None,,West,"Automobile, Station Wagon",Going Ahead,Following too Close,Unknown,,,,,,,,,Yes,,,,,Yes,,Yes,,,,20,Alderwood,20,Alderwood (20),D22,618260.0115,4830271.7869
7283,6665360,1249510,8/16/2011 8:00:00 AM,606,374 BROCK AVE,PUBLIC LANE,,Laneway,Toronto and East York,43.652745,-79.43739,,No Control,Clear,Daylight,Dry,Fatal,SMV Other,Driver,55 to 59,Fatal,20,North,"Automobile, Station Wagon",Reversing,Other,Normal,,,,,,,,,Yes,,,,,,,,,,,83,Dufferin Grove,83,Dufferin Grove (83),D11,626010.2836,4834490.502
7284,6665361,1249510,8/16/2011 8:00:00 AM,606,374 BROCK AVE,PUBLIC LANE,,Laneway,Toronto and East York,43.652745,-79.43739,,No Control,Clear,Daylight,Dry,Fatal,SMV Other,Other,unknown,None,,,Other,Other,,,,,,,,,,,Yes,,,,,,,,,,,83,Dufferin Grove,83,Dufferin Grove (83),D11,626010.2836,4834490.502
7285,6675460,1253834,8/16/2011 8:00:00 AM,1640,BLUE JAYS WAY,NAVY WHARF CRT,,Minor Arterial,Toronto and East York,43.641745,-79.39189,At Intersection,No Control,Clear,Daylight,Dry,Non-Fatal Injury,Cyclist Collisions,Driver,unknown,None,,West,"Automobile, Station Wagon",Going Ahead,Failed to Yield Right of Way,Unknown,,,,,,,,Yes,Yes,,,,,,,Yes,,,,165,Harbourfront-CityPlace,77,Waterfront Communities-The Island (77),D52,629703.1552,4833338.9083
7286,6675461,1253834,8/16/2011 8:00:00 AM,1640,BLUE JAYS WAY,NAVY WHARF CRT,,Minor Arterial,Toronto and East York,43.641745,-79.39189,At Intersection,No Control,Clear,Daylight,Dry,Non-Fatal Injury,Cyclist Collisions,Cyclist,25 to 29,Major,,West,Bicycle,Turning Left,,,,,,Cyclist turned left across motorists path.,Driving Properly,Normal,,Yes,Yes,,,,,,,Yes,,,,165,Harbourfront-CityPlace,77,Waterfront Communities-The Island (77),D52,629703.1552,4833338.9083
7287,6666207,1249833,8/17/2011 8:00:00 AM,658,BATHURST ST,WILLIS ST,,Major Arterial,Toronto and East York,43.647645,-79.40419,,No Control,Clear,Daylight,Dry,Non-Fatal Injury,Pedestrian Collisions,Vehicle Owner,unknown,,,,Other,,,,,,,,,,Yes,,Yes,,,,,,,,,,,81,Trinity-Bellwoods,81,Trinity-Bellwoods (81),D14,628698.4808,4833975.0316
7288,6666208,1249833,8/17/2011 8:00:00 AM,658,BATHURST ST,WILLIS ST,,Major Arterial,Toronto and East York,43.647645,-79.40419,,No Control,Clear,Daylight,Dry,Non-Fatal Injury,Pedestrian Collisions,Driver,35 to 39,None,,South,"Automobile, Station Wagon",Going Ahead,Driving Properly,Normal,,,,,,,Yes,,Yes,,,,,,,,,,,81,Trinity-Bellwoods,81,Trinity-Bellwoods (81),D14,628698.4808,4833975.0316
7289,6666209,1249833,8/17/2011 8:00:00 AM,658,BATHURST ST,WILLIS ST,,Major Arterial,Toronto and East York,43.647645,-79.40419,,No Control,Clear,Daylight,Dry,Non-Fatal Injury,Pedestrian Collisions,Pedestrian,30 to 34,Major,,East,Other,,,,Vehicle is going straight thru inter.while ped cross without ROW,Running onto Roadway,Other,,,,Yes,,Yes,,,,,,,,,,,81,Trinity-Bellwoods,81,Trinity-Bellwoods (81),D14,628698.4808,4833975.0316
7290,6688158,1259502,8/19/2011 8:00:00 AM,1235,QUEEN ST E,RUSHBROOKE AVE,,Minor Arterial,Toronto and East York,43.662845,-79.33229,At Intersection,No Control,Clear,Daylight,Dry,Non-Fatal Injury,Pedestrian Collisions,Driver,50 to 54,None,,East,"Automobile, Station Wagon",Reversing,Other,Normal,,,,,,,Yes,,Yes,,,,,,,,,,,70,South Riverdale,70,South Riverdale (70),D55,634463.1884,4835777.2102
7291,6688159,1259502,8/19/2011 8:00:00 AM,1235,QUEEN ST E,RUSHBROOKE AVE,,Minor Arterial,Toronto and East York,43.662845,-79.33229,At Intersection,No Control,Clear,Daylight,Dry,Non-Fatal Injury,Pedestrian Collisions,Pedestrian,85 to 89,Major,,West,Other,,,,Vehicle is reversing and hits pedestrian,Other,Normal,,,,Yes,,Yes,,,,,,,,,,,70,South Riverdale,70,South Riverdale (70),D55,634463.1884,4835777.2102
7292,6689941,1260223,8/19/2011 8:00:00 AM,1320,BATHURST ST,BARTON AVE,,Major Arterial,Toronto and East York,43.668145,-79.41239,At Intersection,Traffic Signal,Clear,Daylight,Dry,Non-Fatal Injury,Turning Movement,Passenger,15 to 19,Major,,,Other,,,,,,,,,,,,Yes,Yes,,,,Yes,,,,,,95,Annex,95,Annex (95),D14,627993.5987,4836239.1427
7293,6689942,1260223,8/19/2011 8:00:00 AM,1320,BATHURST ST,BARTON AVE,,Major Arterial,Toronto and East York,43.668145,-79.41239,At Intersection,Traffic Signal,Clear,Daylight,Dry,Non-Fatal Injury,Turning Movement,Motorcycle Driver,35 to 39,Major,,South,Motorcycle,Going Ahead,Driving Properly,Normal,,,,,,,,,Yes,Yes,,,,Yes,,,,,,95,Annex,95,Annex (95),D14,627993.5987,4836239.1427
7294,6689943,1260223,8/19/2011 8:00:00 AM,1320,BATHURST ST,BARTON AVE,,Major Arterial,Toronto and East York,43.668145,-79.41239,At Intersection,Traffic Signal,Clear,Daylight,Dry,Non-Fatal Injury,Turning Movement,Driver,40 to 44,None,,North,"Automobile, Station Wagon",Turning Left,Improper Turn,Normal,,,,,,,,,Yes,Yes,,,,Yes,,,,,,95,Annex,95,Annex (95),D14,627993.5987,4836239.1427
7295,6688357,1259578,8/19/2011 8:00:00 AM,2128,BLOOR ST W,HARCROFT RD,,Major Arterial,Toronto and East York,43.651845,-79.47289,,No Control,Clear,Dark,Dry,Non-Fatal Injury,Cyclist Collisions,Driver,unknown,None,,East,"Automobile, Station Wagon",Overtaking,Improper Passing,Unknown,,,,,,,,Yes,Yes,,,,,,,Yes,,,,87,High Park-Swansea,87,High Park-Swansea (87),D11,623149.3445,4834337.2501
7296,6688358,1259578,8/19/2011 8:00:00 AM,2128,BLOOR ST W,HARCROFT RD,,Major Arterial,Toronto and East York,43.651845,-79.47289,,No Control,Clear,Dark,Dry,Non-Fatal Injury,Cyclist Collisions,Cyclist,45 to 49,Major,,East,Bicycle,Going Ahead,,,,,,Cyclist and Driver travelling in same direction. One vehicle sideswipes the other.,Driving Properly,Normal,,Yes,Yes,,,,,,,Yes,,,,87,High Park-Swansea,87,High Park-Swansea (87),D11,623149.3445,4834337.2501
7297,6667410,1250312,8/20/2011 8:00:00 AM,203,PORT UNION RD,ADENMORE RD,,Minor Arterial,Scarborough,43.783345,-79.13829,,No Control,Clear,Dark,Dry,Non-Fatal Injury,SMV Other,Passenger,15 to 19,Minimal,,,Other,,,,,,,,,,,,Yes,,,,,Yes,,Yes,,,,133,Centennial Scarborough,133,Centennial Scarborough (133),D43,649804.4553,4849493.2797
7298,6667411,1250312,8/20/2011 8:00:00 AM,203,PORT UNION RD,ADENMORE RD,,Minor Arterial,Scarborough,43.783345,-79.13829,,No Control,Clear,Dark,Dry,Non-Fatal Injury,SMV Other,Passenger,15 to 19,Minimal,,,Other,,,,,,,,,,,,Yes,,,,,Yes,,Yes,,,,133,Centennial Scarborough,133,Centennial Scarborough (133),D43,649804.4553,4849493.2797
7299,6667412,1250312,8/20/2011 8:00:00 AM,203,PORT UNION RD,ADENMORE RD,,Minor Arterial,Scarborough,43.783345,-79.13829,,No Control,Clear,Dark,Dry,Non-Fatal Injury,SMV Other,Driver,15 to 19,Major,,North,"Automobile, Station Wagon",Overtaking,Improper Passing,Had Been Drinking,,,,,,,,,Yes,,,,,Yes,,Yes,,,,133,Centennial Scarborough,133,Centennial Scarborough (133),D43,649804.4553,4849493.2797
7300,6667413,1250312,8/20/2011 8:00:00 AM,203,PORT UNION RD,ADENMORE RD,,Minor Arterial,Scarborough,43.783345,-79.13829,,No Control,Clear,Dark,Dry,Non-Fatal Injury,SMV Other,Other Property Owner,unknown,,,,Other,,,,,,,,,,,,Yes,,,,,Yes,,Yes,,,,133,Centennial Scarborough,133,Centennial Scarborough (133),D43,649804.4553,4849493.2797
7301,6667932,1250553,8/22/2011 8:00:00 AM,551,ROYAL YORK RD,HARTFIELD RD,,Minor Arterial,Etobicoke York,43.667145,-79.52009,,No Control,Clear,Dark,Dry,Fatal,SMV Other,Vehicle Owner,unknown,,,,Other,,,,,,,,,,,,Yes,,,,,,,,,,,9,Edenbridge-Humber Valley,9,Edenbridge-Humber Valley (9),D22,619312.6975,4835967.5504
7302,6667933,1250553,8/22/2011 8:00:00 AM,551,ROYAL YORK RD,HARTFIELD RD,,Minor Arterial,Etobicoke York,43.667145,-79.52009,,No Control,Clear,Dark,Dry,Fatal,SMV Other,Driver,50 to 54,Fatal,21,North,"Automobile, Station Wagon",Going Ahead,Lost control,Unknown,,,,,,,,,Yes,,,,,,,,,,,9,Edenbridge-Humber Valley,9,Edenbridge-Humber Valley (9),D22,619312.6975,4835967.5504
7303,6667934,1250553,8/22/2011 8:00:00 AM,551,ROYAL YORK RD,HARTFIELD RD,,Minor Arterial,Etobicoke York,43.667145,-79.52009,,No Control,Clear,Dark,Dry,Fatal,SMV Other,Other Property Owner,unknown,,,,Other,,,,,,,,,,,,Yes,,,,,,,,,,,9,Edenbridge-Humber Valley,9,Edenbridge-Humber Valley (9),D22,619312.6975,4835967.5504
7304,7559094,1260139,8/23/2011 8:00:00 AM,1050,ELLESMERE RD,MCCOWAN RD,,Major Arterial,Scarborough,43.772145,-79.25149,At Intersection,Traffic Signal,Clear,Daylight,Dry,Non-Fatal Injury,Angle,Passenger,75 to 79,Minimal,,,Other,,,,,,,,,,,,Yes,,,,,Yes,,Yes,Yes,,Yes,142,Woburn North,137,Woburn (137),D43,640721.8604,4848050.7095
7305,7559095,1260139,8/23/2011 8:00:00 AM,1050,ELLESMERE RD,MCCOWAN RD,,Major Arterial,Scarborough,43.772145,-79.25149,At Intersection,Traffic Signal,Clear,Daylight,Dry,Non-Fatal Injury,Angle,Driver,45 to 49,Minimal,,West,"Automobile, Station Wagon",Going Ahead,Driving Properly,Normal,,,,,,,,,Yes,,,,,Yes,,Yes,Yes,,Yes,142,Woburn North,137,Woburn (137),D43,640721.8604,4848050.7095
7306,7559096,1260139,8/23/2011 8:00:00 AM,1050,ELLESMERE RD,MCCOWAN RD,,Major Arterial,Scarborough,43.772145,-79.25149,At Intersection,Traffic Signal,Clear,Daylight,Dry,Non-Fatal Injury,Angle,Driver,75 to 79,Major,,South,"Automobile, Station Wagon",Going Ahead,Disobeyed Traffic Control,Medical or Physical Disability,,,,,,,,,Yes,,,,,Yes,,Yes,Yes,,Yes,142,Woburn North,137,Woburn (137),D43,640721.8604,4848050.7095
7307,7559097,1260139,8/23/2011 8:00:00 AM,1050,ELLESMERE RD,MCCOWAN RD,,Major Arterial,Scarborough,43.772145,-79.25149,At Intersection,Traffic Signal,Clear,Daylight,Dry,Non-Fatal Injury,Angle,Driver,60 to 64,Minimal,,East,"Automobile, Station Wagon",Going Ahead,Driving Properly,Normal,,,,,,,,,Yes,,,,,Yes,,Yes,Yes,,Yes,142,Woburn North,137,Woburn (137),D43,640721.8604,4848050.7095
7308,7559098,1260139,8/23/2011 8:00:00 AM,1050,ELLESMERE RD,MCCOWAN RD,,Major Arterial,Scarborough,43.772145,-79.25149,At Intersection,Traffic Signal,Clear,Daylight,Dry,Non-Fatal Injury,Angle,Driver,60 to 64,Minimal,,West,"Automobile, Station Wagon",Going Ahead,Driving Properly,Normal,,,,,,,,,Yes,,,,,Yes,,Yes,Yes,,Yes,142,Woburn North,137,Woburn (137),D43,640721.8604,4848050.7095
7309,6689768,1260151,8/23/2011 8:00:00 AM,1742,WRIGHT AVE,SAM FRUSTAGLIO DR,,Local,Etobicoke York,43.699345,-79.50899,At Intersection,No Control,Clear,"Daylight, artificial",Dry,Non-Fatal Injury,SMV Other,Other Property Owner,unknown,,,,Other,,,,,,,,,,,,,Yes,,,,,Yes,Yes,,,,113,Weston,113,Weston (113),D12,620143.3131,4839559.815
7310,6689769,1260151,8/23/2011 8:00:00 AM,1742,WRIGHT AVE,SAM FRUSTAGLIO DR,,Local,Etobicoke York,43.699345,-79.50899,At Intersection,No Control,Clear,"Daylight, artificial",Dry,Non-Fatal Injury,SMV Other,Motorcycle Driver,20 to 24,Major,,West,Motorcycle,Going Ahead,Lost control,Inattentive,,,,,,,,,,Yes,,,,,Yes,Yes,,,,113,Weston,113,Weston (113),D12,620143.3131,4839559.815
7311,6668700,1250852,8/23/2011 8:00:00 AM,1905,WILLOWDALE AVE,PARKVIEW AVE,,Minor Arterial,North York,43.773145,-79.40359,At Intersection,Stop Sign,Clear,Daylight,Dry,Non-Fatal Injury,Pedestrian Collisions,Vehicle Owner,unknown,,,,Other,,,,,,,,,,Yes,,Yes,,,,,,,,,,,152,East Willowdale,51,Willowdale East (51),D32,628478.4355,4847914.5115
7312,6668701,1250852,8/23/2011 8:00:00 AM,1905,WILLOWDALE AVE,PARKVIEW AVE,,Minor Arterial,North York,43.773145,-79.40359,At Intersection,Stop Sign,Clear,Daylight,Dry,Non-Fatal Injury,Pedestrian Collisions,Driver,25 to 29,None,,,"Automobile, Station Wagon",Turning Left,,,,,,,,,Yes,,Yes,,,,,,,,,,,152,East Willowdale,51,Willowdale East (51),D32,628478.4355,4847914.5115
7313,6668702,1250852,8/23/2011 8:00:00 AM,1905,WILLOWDALE AVE,PARKVIEW AVE,,Minor Arterial,North York,43.773145,-79.40359,At Intersection,Stop Sign,Clear,Daylight,Dry,Non-Fatal Injury,Pedestrian Collisions,Pedestrian,unknown,Major,,,Other,Other,,,,,,,,,Yes,,Yes,,,,,,,,,,,152,East Willowdale,51,Willowdale East (51),D32,628478.4355,4847914.5115
7314,6672585,1252518,8/23/2011 8:00:00 AM,1905,WILLOWDALE AVE,PARKVIEW AVE,,Minor Arterial,North York,43.773145,-79.40359,At Intersection,Stop Sign,Clear,Dusk,Dry,Non-Fatal Injury,Pedestrian Collisions,Vehicle Owner,unknown,,,,Other,,,,,,,,,,Yes,,Yes,,,,,,,,,,,152,East Willowdale,51,Willowdale East (51),D32,628478.4355,4847914.5115
7315,6672586,1252518,8/23/2011 8:00:00 AM,1905,WILLOWDALE AVE,PARKVIEW AVE,,Minor Arterial,North York,43.773145,-79.40359,At Intersection,Stop Sign,Clear,Dusk,Dry,Non-Fatal Injury,Pedestrian Collisions,Driver,20 to 24,None,,East,"Automobile, Station Wagon",Turning Left,Driving Properly,Normal,,,,,,,Yes,,Yes,,,,,,,,,,,152,East Willowdale,51,Willowdale East (51),D32,628478.4355,4847914.5115
7316,6672587,1252518,8/23/2011 8:00:00 AM,1905,WILLOWDALE AVE,PARKVIEW AVE,,Minor Arterial,North York,43.773145,-79.40359,At Intersection,Stop Sign,Clear,Dusk,Dry,Non-Fatal Injury,Pedestrian Collisions,Pedestrian,70 to 74,Major,,West,Other,,,,Vehicle turns left while ped crosses without ROW at inter.,"Crossing, no Traffic Control",Normal,,,,Yes,,Yes,,,,,,,,,,,152,East Willowdale,51,Willowdale East (51),D32,628478.4355,4847914.5115
7317,6689690,1260122,8/24/2011 8:00:00 AM,1630,DUNDAS ST W,PALMERSTON AVE,,Major Arterial,Toronto and East York,43.651745,-79.40849,,No Control,Clear,Daylight,Dry,Non-Fatal Injury,Sideswipe,Motorcycle Driver,30 to 34,Major,,West,Motorcycle,Going Ahead,Driving Properly,Normal,,,,,,,,,Yes,Yes,,,,,,,,,,81,Trinity-Bellwoods,81,Trinity-Bellwoods (81),D14,628342.9591,4834423.7305
7318,6689691,1260122,8/24/2011 8:00:00 AM,1630,DUNDAS ST W,PALMERSTON AVE,,Major Arterial,Toronto and East York,43.651745,-79.40849,,No Control,Clear,Daylight,Dry,Non-Fatal Injury,Sideswipe,Vehicle Owner,unknown,,,,Other,,,,,,,,,,,,Yes,Yes,,,,,,,,,,81,Trinity-Bellwoods,81,Trinity-Bellwoods (81),D14,628342.9591,4834423.7305
7319,6689692,1260122,8/24/2011 8:00:00 AM,1630,DUNDAS ST W,PALMERSTON AVE,,Major Arterial,Toronto and East York,43.651745,-79.40849,,No Control,Clear,Daylight,Dry,Non-Fatal Injury,Sideswipe,Driver,25 to 29,None,,West,"Automobile, Station Wagon",Turning Left,Improper Turn,Normal,,,,,,,,,Yes,Yes,,,,,,,,,,81,Trinity-Bellwoods,81,Trinity-Bellwoods (81),D14,628342.9591,4834423.7305
7320,6675999,1254054,8/24/2011 8:00:00 AM,1840,4662 DUNDAS ST W,,,Major Arterial,Etobicoke York,43.654845,-79.52319,,No Control,Clear,Daylight,Dry,Non-Fatal Injury,Other,Motorcycle Driver,40 to 44,Major,,West,Motorcycle,Going Ahead,Driving Properly,Normal,,,,,,,,,Yes,Yes,,,,,,,,,,15,Kingsway South,15,Kingsway South (15),D22,619087.0832,4834597.0225
7321,6676000,1254054,8/24/2011 8:00:00 AM,1840,4662 DUNDAS ST W,,,Major Arterial,Etobicoke York,43.654845,-79.52319,,No Control,Clear,Daylight,Dry,Non-Fatal Injury,Other,Driver,unknown,None,,West,"Automobile, Station Wagon",Slowing or Stopping,Other,Unknown,,,,,,,,,Yes,Yes,,,,,,,,,,15,Kingsway South,15,Kingsway South (15),D22,619087.0832,4834597.0225
7322,6696761,1263204,8/25/2011 8:00:00 AM,803,MIDLAND AVE,STEELES AVE E,,Major Arterial,Scarborough,43.825945,-79.29729,At Intersection,Traffic Signal,Clear,Daylight,Dry,Non-Fatal Injury,Pedestrian Collisions,Vehicle Owner,unknown,,,,Other,,,,,,,,,,Yes,,Yes,,,,,,,Yes,,,,130,Milliken,130,Milliken (130),D42,636912.8477,4853949.2368
7323,6696762,1263204,8/25/2011 8:00:00 AM,803,MIDLAND AVE,STEELES AVE E,,Major Arterial,Scarborough,43.825945,-79.29729,At Intersection,Traffic Signal,Clear,Daylight,Dry,Non-Fatal Injury,Pedestrian Collisions,Driver,45 to 49,None,,East,"Automobile, Station Wagon",Turning Right,Failed to Yield Right of Way,Normal,,,,,,,Yes,,Yes,,,,,,,Yes,,,,130,Milliken,130,Milliken (130),D42,636912.8477,4853949.2368
7324,6696763,1263204,8/25/2011 8:00:00 AM,803,MIDLAND AVE,STEELES AVE E,,Major Arterial,Scarborough,43.825945,-79.29729,At Intersection,Traffic Signal,Clear,Daylight,Dry,Non-Fatal Injury,Pedestrian Collisions,Vehicle Owner,unknown,,,,Other,,,,,,,,,,Yes,,Yes,,,,,,,Yes,,,,130,Milliken,130,Milliken (130),D42,636912.8477,4853949.2368
7325,6696764,1263204,8/25/2011 8:00:00 AM,803,MIDLAND AVE,STEELES AVE E,,Major Arterial,Scarborough,43.825945,-79.29729,At Intersection,Traffic Signal,Clear,Daylight,Dry,Non-Fatal Injury,Pedestrian Collisions,Pedestrian,45 to 49,Major,,East,Other,,,,Vehicle turns right while ped crosses with ROW at inter.,Crossing with right of way,Normal,,,,Yes,,Yes,,,,,,,Yes,,,,130,Milliken,130,Milliken (130),D42,636912.8477,4853949.2368
7326,6696581,1263122,8/25/2011 8:00:00 AM,1944,LAWTON Blvd,WALMSLEY Blvd,,Local,Toronto and East York,43.693045,-79.39669,,No Control,Clear,Daylight,Dry,Non-Fatal Injury,Cyclist Collisions,Driver,40 to 44,None,,North,"Automobile, Station Wagon",Overtaking,Driving Properly,Normal,,,,,,,,Yes,Yes,,,,,,,,,,,97,Yonge-St.Clair,97,Yonge-St.Clair (97),D53,629205.8902,4839028.9699
7327,6696582,1263122,8/25/2011 8:00:00 AM,1944,LAWTON Blvd,WALMSLEY Blvd,,Local,Toronto and East York,43.693045,-79.39669,,No Control,Clear,Daylight,Dry,Non-Fatal Injury,Cyclist Collisions,Cyclist,50 to 54,Major,,North,Bicycle,Going Ahead,,,,,,Cyclist and Driver travelling in same direction. One vehicle sideswipes the other.,Improper Passing,Normal,,Yes,Yes,,,,,,,,,,,97,Yonge-St.Clair,97,Yonge-St.Clair (97),D53,629205.8902,4839028.9699
7328,6670203,1251485,8/26/2011 8:00:00 AM,1924,F G GARDINER E Expr E,SPADINA Ave,,,Toronto and East York,43.637745,-79.39799,,No Control,Clear,Daylight,Dry,Non-Fatal Injury,Rear End,Driver,40 to 44,None,,East,"Automobile, Station Wagon",Changing Lanes,Improper Lane Change,Normal,,,,,,,,,Yes,Yes,,,,,,,,,,165,Harbourfront-CityPlace,77,Waterfront Communities-The Island (77),D14,629219.7251,4832885.1422
7329,6670204,1251485,8/26/2011 8:00:00 AM,1924,F G GARDINER E Expr E,SPADINA Ave,,,Toronto and East York,43.637745,-79.39799,,No Control,Clear,Daylight,Dry,Non-Fatal Injury,Rear End,Motorcycle Driver,45 to 49,Major,,East,Motorcycle,Going Ahead,Driving Properly,Normal,,,,,,,,,Yes,Yes,,,,,,,,,,165,Harbourfront-CityPlace,77,Waterfront Communities-The Island (77),D14,629219.7251,4832885.1422