OBJECTID,INDEX,ACCNUM,DATE,TIME,STREET1,STREET2,OFFSET,ROAD_CLASS,DISTRICT,LATITUDE,LONGITUDE,ACCLOC,TRAFFCTL,VISIBILITY,LIGHT,RDSFCOND,ACCLASS,IMPACTYPE,INVTYPE,INVAGE,INJURY,FATAL_NO,INITDIR,VEHTYPE,MANOEUVER,DRIVACT,DRIVCOND,PEDTYPE,PEDACT,PEDCOND,CYCLISTYPE,CYCACT,CYCCOND,PEDESTRIAN,CYCLIST,AUTOMOBILE,MOTORCYCLE,TRUCK,TRSN_CITY_VEH,EMERG_VEH,PASSENGER,SPEEDING,AG_DRIV,REDLIGHT,ALCOHOL,DISABILITY,HOOD_158,NEIGHBOURHOOD_158,HOOD_140,NEIGHBOURHOOD_140,DIVISION,x,y
7330,6671413,1252026,8/28/2011 8:00:00 AM,1600,WARDEN AVE,ST CLAIR AVE E,,Major Arterial,Scarborough,43.712045,-79.28099,,Traffic Signal,Clear,Daylight,Dry,Non-Fatal Injury,SMV Other,Motorcycle Driver,25 to 29,Major,,North,Motorcycle,Going Ahead,Driving Properly,Normal,,,,,,,,,,Yes,,,,,,,,,,120,Clairlea-Birchmount,120,Clairlea-Birchmount (120),D41,638486.152,4841325.9859
7331,6671034,1251858,8/29/2011 8:00:00 AM,1935,DON VALLEY PARKWAY  S,QUEEN St E,,Local,Toronto and East York,43.657445,-79.35329,,No Control,Clear,Daylight,Dry,Non-Fatal Injury,Rear End,Motorcycle Driver,25 to 29,Major,,South,Motorcycle,Going Ahead,Following too Close,Normal,,,,,,,,,Yes,Yes,,,,,,Yes,,,,70,South Riverdale,70,South Riverdale (70),D55,632781.8966,4835143.6466
7332,6671035,1251858,8/29/2011 8:00:00 AM,1935,DON VALLEY PARKWAY  S,QUEEN St E,,Local,Toronto and East York,43.657445,-79.35329,,No Control,Clear,Daylight,Dry,Non-Fatal Injury,Rear End,Driver,45 to 49,None,,South,"Automobile, Station Wagon",Going Ahead,Driving Properly,Normal,,,,,,,,,Yes,Yes,,,,,,Yes,,,,70,South Riverdale,70,South Riverdale (70),D55,632781.8966,4835143.6466
7333,6671913,1252228,8/30/2011 8:00:00 AM,1438,LAWRENCE AVE E,E OF DVP ON RAMP Aven,,Major Arterial,North York,43.740245,-79.32799,,No Control,Clear,Daylight,Dry,Fatal,Rear End,Truck Driver,40 to 44,None,,West,Truck - Open,Slowing or Stopping,Driving Properly,Normal,,,,,,,,,Yes,,Yes,Yes,,Yes,Yes,Yes,,,,43,Victoria Village,43,Victoria Village (43),D33,634636.5215,4844380.5555
7334,6671914,1252228,8/30/2011 8:00:00 AM,1438,LAWRENCE AVE E,E OF DVP ON RAMP Aven,,Major Arterial,North York,43.740245,-79.32799,,No Control,Clear,Daylight,Dry,Fatal,Rear End,Vehicle Owner,unknown,,,,Other,,,,,,,,,,,,Yes,,Yes,Yes,,Yes,Yes,Yes,,,,43,Victoria Village,43,Victoria Village (43),D33,634636.5215,4844380.5555
7335,6671915,1252228,8/30/2011 8:00:00 AM,1438,LAWRENCE AVE E,E OF DVP ON RAMP Aven,,Major Arterial,North York,43.740245,-79.32799,,No Control,Clear,Daylight,Dry,Fatal,Rear End,Driver,45 to 49,None,,West,"Automobile, Station Wagon",Going Ahead,Driving Properly,Normal,,,,,,,,,Yes,,Yes,Yes,,Yes,Yes,Yes,,,,43,Victoria Village,43,Victoria Village (43),D33,634636.5215,4844380.5555
7336,6671916,1252228,8/30/2011 8:00:00 AM,1438,LAWRENCE AVE E,E OF DVP ON RAMP Aven,,Major Arterial,North York,43.740245,-79.32799,,No Control,Clear,Daylight,Dry,Fatal,Rear End,Passenger,55 to 59,None,,,Other,,,,,,,,,,,,Yes,,Yes,Yes,,Yes,Yes,Yes,,,,43,Victoria Village,43,Victoria Village (43),D33,634636.5215,4844380.5555
7337,6671917,1252228,8/30/2011 8:00:00 AM,1438,LAWRENCE AVE E,E OF DVP ON RAMP Aven,,Major Arterial,North York,43.740245,-79.32799,,No Control,Clear,Daylight,Dry,Fatal,Rear End,Passenger,40 to 44,Minor,,,Other,,,,,,,,,,,,Yes,,Yes,Yes,,Yes,Yes,Yes,,,,43,Victoria Village,43,Victoria Village (43),D33,634636.5215,4844380.5555
7338,6671918,1252228,8/30/2011 8:00:00 AM,1438,LAWRENCE AVE E,E OF DVP ON RAMP Aven,,Major Arterial,North York,43.740245,-79.32799,,No Control,Clear,Daylight,Dry,Fatal,Rear End,Vehicle Owner,unknown,,,,Other,,,,,,,,,,,,Yes,,Yes,Yes,,Yes,Yes,Yes,,,,43,Victoria Village,43,Victoria Village (43),D33,634636.5215,4844380.5555
7339,6671919,1252228,8/30/2011 8:00:00 AM,1438,LAWRENCE AVE E,E OF DVP ON RAMP Aven,,Major Arterial,North York,43.740245,-79.32799,,No Control,Clear,Daylight,Dry,Fatal,Rear End,Driver,50 to 54,None,,West,Municipal Transit Bus (TTC),Changing Lanes,Exceeding Speed Limit,Normal,,,,,,,,,Yes,,Yes,Yes,,Yes,Yes,Yes,,,,43,Victoria Village,43,Victoria Village (43),D33,634636.5215,4844380.5555
7340,6671920,1252228,8/30/2011 8:00:00 AM,1438,LAWRENCE AVE E,E OF DVP ON RAMP Aven,,Major Arterial,North York,43.740245,-79.32799,,No Control,Clear,Daylight,Dry,Fatal,Rear End,Passenger,20 to 24,None,,,Other,,,,,,,,,,,,Yes,,Yes,Yes,,Yes,Yes,Yes,,,,43,Victoria Village,43,Victoria Village (43),D33,634636.5215,4844380.5555
7341,6671921,1252228,8/30/2011 8:00:00 AM,1438,LAWRENCE AVE E,E OF DVP ON RAMP Aven,,Major Arterial,North York,43.740245,-79.32799,,No Control,Clear,Daylight,Dry,Fatal,Rear End,Passenger,40 to 44,Fatal,22,,Other,,,,,,,,,,,,Yes,,Yes,Yes,,Yes,Yes,Yes,,,,43,Victoria Village,43,Victoria Village (43),D33,634636.5215,4844380.5555
7342,6671922,1252228,8/30/2011 8:00:00 AM,1438,LAWRENCE AVE E,E OF DVP ON RAMP Aven,,Major Arterial,North York,43.740245,-79.32799,,No Control,Clear,Daylight,Dry,Fatal,Rear End,Passenger,35 to 39,Minor,,,Other,,,,,,,,,,,,Yes,,Yes,Yes,,Yes,Yes,Yes,,,,43,Victoria Village,43,Victoria Village (43),D33,634636.5215,4844380.5555
7343,6671923,1252228,8/30/2011 8:00:00 AM,1438,LAWRENCE AVE E,E OF DVP ON RAMP Aven,,Major Arterial,North York,43.740245,-79.32799,,No Control,Clear,Daylight,Dry,Fatal,Rear End,Passenger,45 to 49,Minor,,,Other,,,,,,,,,,,,Yes,,Yes,Yes,,Yes,Yes,Yes,,,,43,Victoria Village,43,Victoria Village (43),D33,634636.5215,4844380.5555
7344,6671924,1252228,8/30/2011 8:00:00 AM,1438,LAWRENCE AVE E,E OF DVP ON RAMP Aven,,Major Arterial,North York,43.740245,-79.32799,,No Control,Clear,Daylight,Dry,Fatal,Rear End,Passenger,35 to 39,Minor,,,Other,,,,,,,,,,,,Yes,,Yes,Yes,,Yes,Yes,Yes,,,,43,Victoria Village,43,Victoria Village (43),D33,634636.5215,4844380.5555
7345,6671925,1252228,8/30/2011 8:00:00 AM,1438,LAWRENCE AVE E,E OF DVP ON RAMP Aven,,Major Arterial,North York,43.740245,-79.32799,,No Control,Clear,Daylight,Dry,Fatal,Rear End,Passenger,25 to 29,Minor,,,Other,,,,,,,,,,,,Yes,,Yes,Yes,,Yes,Yes,Yes,,,,43,Victoria Village,43,Victoria Village (43),D33,634636.5215,4844380.5555
7346,6671926,1252228,8/30/2011 8:00:00 AM,1438,LAWRENCE AVE E,E OF DVP ON RAMP Aven,,Major Arterial,North York,43.740245,-79.32799,,No Control,Clear,Daylight,Dry,Fatal,Rear End,Passenger,5 to 9,None,,,Other,,,,,,,,,,,,Yes,,Yes,Yes,,Yes,Yes,Yes,,,,43,Victoria Village,43,Victoria Village (43),D33,634636.5215,4844380.5555
7347,6671927,1252228,8/30/2011 8:00:00 AM,1438,LAWRENCE AVE E,E OF DVP ON RAMP Aven,,Major Arterial,North York,43.740245,-79.32799,,No Control,Clear,Daylight,Dry,Fatal,Rear End,Passenger,15 to 19,Minor,,,Other,,,,,,,,,,,,Yes,,Yes,Yes,,Yes,Yes,Yes,,,,43,Victoria Village,43,Victoria Village (43),D33,634636.5215,4844380.5555
7348,6671928,1252228,8/30/2011 8:00:00 AM,1438,LAWRENCE AVE E,E OF DVP ON RAMP Aven,,Major Arterial,North York,43.740245,-79.32799,,No Control,Clear,Daylight,Dry,Fatal,Rear End,Passenger,35 to 39,Minor,,,Other,,,,,,,,,,,,Yes,,Yes,Yes,,Yes,Yes,Yes,,,,43,Victoria Village,43,Victoria Village (43),D33,634636.5215,4844380.5555
7349,6671929,1252228,8/30/2011 8:00:00 AM,1438,LAWRENCE AVE E,E OF DVP ON RAMP Aven,,Major Arterial,North York,43.740245,-79.32799,,No Control,Clear,Daylight,Dry,Fatal,Rear End,Passenger,20 to 24,None,,,Other,,,,,,,,,,,,Yes,,Yes,Yes,,Yes,Yes,Yes,,,,43,Victoria Village,43,Victoria Village (43),D33,634636.5215,4844380.5555
7350,6671930,1252228,8/30/2011 8:00:00 AM,1438,LAWRENCE AVE E,E OF DVP ON RAMP Aven,,Major Arterial,North York,43.740245,-79.32799,,No Control,Clear,Daylight,Dry,Fatal,Rear End,Passenger,40 to 44,Minor,,,Other,,,,,,,,,,,,Yes,,Yes,Yes,,Yes,Yes,Yes,,,,43,Victoria Village,43,Victoria Village (43),D33,634636.5215,4844380.5555
7351,6805446,1255302,8/30/2011 8:00:00 AM,1930,LANSDOWNE Aven,RIDEAU Aven,,Minor Arterial,Toronto and East York,43.645445,-79.43849,,No Control,Clear,"Dark, artificial",Dry,Non-Fatal Injury,Cyclist Collisions,Vehicle Owner,unknown,,,,Other,,,,,,,,,,,Yes,Yes,,,,,,,Yes,,,,86,Roncesvalles,86,Roncesvalles (86),D11,625936.8331,4833678.0727
7352,6805447,1255302,8/30/2011 8:00:00 AM,1930,LANSDOWNE Aven,RIDEAU Aven,,Minor Arterial,Toronto and East York,43.645445,-79.43849,,No Control,Clear,"Dark, artificial",Dry,Non-Fatal Injury,Cyclist Collisions,Driver,20 to 24,None,,South,"Automobile, Station Wagon",Parked,Other,Unknown,,,,,,,,Yes,Yes,,,,,,,Yes,,,,86,Roncesvalles,86,Roncesvalles (86),D11,625936.8331,4833678.0727
7353,6805448,1255302,8/30/2011 8:00:00 AM,1930,LANSDOWNE Aven,RIDEAU Aven,,Minor Arterial,Toronto and East York,43.645445,-79.43849,,No Control,Clear,"Dark, artificial",Dry,Non-Fatal Injury,Cyclist Collisions,Cyclist,35 to 39,Major,,South,Bicycle,Going Ahead,,,,,,Cyclist struck opened vehicle door,Speed too Fast For Condition,Unknown,,Yes,Yes,,,,,,,Yes,,,,86,Roncesvalles,86,Roncesvalles (86),D11,625936.8331,4833678.0727
7354,6671870,1252206,8/31/2011 8:00:00 AM,946,DUNDAS ST W,KEELE ST,,Major Arterial,Toronto and East York,43.665345,-79.46459,At Intersection,Traffic Signal,Clear,Daylight,Dry,Non-Fatal Injury,Cyclist Collisions,Truck Driver,60 to 64,None,,West,Truck - Open,Turning Right,Improper Turn,Inattentive,,,,,,,,Yes,,,Yes,,,,,,,,,90,Junction Area,90,Junction Area (90),D11,623790.935,4835848.9521
7355,6671871,1252206,8/31/2011 8:00:00 AM,946,DUNDAS ST W,KEELE ST,,Major Arterial,Toronto and East York,43.665345,-79.46459,At Intersection,Traffic Signal,Clear,Daylight,Dry,Non-Fatal Injury,Cyclist Collisions,Vehicle Owner,unknown,,,,Other,,,,,,,,,,,Yes,,,Yes,,,,,,,,,90,Junction Area,90,Junction Area (90),D11,623790.935,4835848.9521
7356,6671872,1252206,8/31/2011 8:00:00 AM,946,DUNDAS ST W,KEELE ST,,Major Arterial,Toronto and East York,43.665345,-79.46459,At Intersection,Traffic Signal,Clear,Daylight,Dry,Non-Fatal Injury,Cyclist Collisions,Cyclist,70 to 74,Major,,West,Bicycle,Going Ahead,,,,,,Motorist turning right on green or amber at signalized intersection strikes cyclist.,Driving Properly,Normal,,Yes,,,Yes,,,,,,,,,90,Junction Area,90,Junction Area (90),D11,623790.935,4835848.9521
7357,6692634,1261370,8/31/2011 8:00:00 AM,1830,SIMCOE ST,WELLINGTON ST W,,Minor Arterial,Toronto and East York,43.646045,-79.38559,At Intersection,Traffic Signal,Clear,Daylight,Dry,Non-Fatal Injury,Pedestrian Collisions,Vehicle Owner,unknown,,,,Other,,,,,,,,,,Yes,,Yes,,,,,,,Yes,,,,164,Wellington Place,77,Waterfront Communities-The Island (77),D52,630202.0015,4833826.3438
7358,6692635,1261370,8/31/2011 8:00:00 AM,1830,SIMCOE ST,WELLINGTON ST W,,Minor Arterial,Toronto and East York,43.646045,-79.38559,At Intersection,Traffic Signal,Clear,Daylight,Dry,Non-Fatal Injury,Pedestrian Collisions,Driver,40 to 44,None,,West,"Automobile, Station Wagon",Turning Left,Failed to Yield Right of Way,Normal,,,,,,,Yes,,Yes,,,,,,,Yes,,,,164,Wellington Place,77,Waterfront Communities-The Island (77),D52,630202.0015,4833826.3438
7359,6692636,1261370,8/31/2011 8:00:00 AM,1830,SIMCOE ST,WELLINGTON ST W,,Minor Arterial,Toronto and East York,43.646045,-79.38559,At Intersection,Traffic Signal,Clear,Daylight,Dry,Non-Fatal Injury,Pedestrian Collisions,Pedestrian,25 to 29,Major,,West,Other,,,,Vehicle turns left while ped crosses with ROW at inter.,Crossing with right of way,Normal,,,,Yes,,Yes,,,,,,,Yes,,,,164,Wellington Place,77,Waterfront Communities-The Island (77),D52,630202.0015,4833826.3438
7360,6672316,1252379,9/1/2011 8:00:00 AM,1540,MIDLAND AVE,BAYLAWN DR,,Major Arterial,Scarborough,43.800545,-79.28489,,No Control,Clear,Daylight,Dry,Fatal,SMV Other,Vehicle Owner,unknown,,,,Other,,,,,,,,,,,,Yes,,,,,,Yes,Yes,,,,129,Agincourt North,129,Agincourt North (129),D42,637968.4082,4851148.7529
7361,6672317,1252379,9/1/2011 8:00:00 AM,1540,MIDLAND AVE,BAYLAWN DR,,Major Arterial,Scarborough,43.800545,-79.28489,,No Control,Clear,Daylight,Dry,Fatal,SMV Other,Driver,35 to 39,Fatal,23,South,"Automobile, Station Wagon",Going Ahead,Lost control,Unknown,,,,,,,,,Yes,,,,,,Yes,Yes,,,,129,Agincourt North,129,Agincourt North (129),D42,637968.4082,4851148.7529
7362,7559052,1256647,9/1/2011 8:00:00 AM,2035,HOLLISTER RD,INVERDON RD,,Local,Etobicoke York,43.664845,-79.57319,At Intersection,No Control,Clear,Dark,Dry,Non-Fatal Injury,Pedestrian Collisions,Driver,55 to 59,None,,North,"Automobile, Station Wagon",Turning Left,Failed to Yield Right of Way,Inattentive,,,,,,,Yes,,Yes,,,,,,,Yes,,,,11,Eringate-Centennial-West Deane,11,Eringate-Centennial-West Deane (11),D22,615036.0516,4835637.11
7363,7559053,1256647,9/1/2011 8:00:00 AM,2035,HOLLISTER RD,INVERDON RD,,Local,Etobicoke York,43.664845,-79.57319,At Intersection,No Control,Clear,Dark,Dry,Non-Fatal Injury,Pedestrian Collisions,Pedestrian,15 to 19,Major,,North,Other,,,,Vehicle turns left while ped crosses with ROW at inter.,Crossing with right of way,Normal,,,,Yes,,Yes,,,,,,,Yes,,,,11,Eringate-Centennial-West Deane,11,Eringate-Centennial-West Deane (11),D22,615036.0516,4835637.11
7364,7559054,1256647,9/1/2011 8:00:00 AM,2035,HOLLISTER RD,INVERDON RD,,Local,Etobicoke York,43.664845,-79.57319,At Intersection,No Control,Clear,Dark,Dry,Non-Fatal Injury,Pedestrian Collisions,Pedestrian,20 to 24,Minor,,North,Other,,,,Vehicle turns left while ped crosses with ROW at inter.,Crossing with right of way,Normal,,,,Yes,,Yes,,,,,,,Yes,,,,11,Eringate-Centennial-West Deane,11,Eringate-Centennial-West Deane (11),D22,615036.0516,4835637.11
7365,6693336,1261658,9/2/2011 8:00:00 AM,1815,FINCH Aven W,HIGHWAY 400  N,,Major Arterial,Etobicoke York,43.754045,-79.53279,At Intersection,Traffic Signal,Clear,Daylight,Dry,Non-Fatal Injury,Angle,Driver,55 to 59,None,,South,"Automobile, Station Wagon",Going Ahead,Driving Properly,Normal,,,,,,,,,Yes,,,,,Yes,,Yes,Yes,,,21,Humber Summit,21,Humber Summit (21),D31,618117.9726,4845600.811
7366,6693337,1261658,9/2/2011 8:00:00 AM,1815,FINCH Aven W,HIGHWAY 400  N,,Major Arterial,Etobicoke York,43.754045,-79.53279,At Intersection,Traffic Signal,Clear,Daylight,Dry,Non-Fatal Injury,Angle,Passenger,50 to 54,Minimal,,,Other,,,,,,,,,,,,Yes,,,,,Yes,,Yes,Yes,,,21,Humber Summit,21,Humber Summit (21),D31,618117.9726,4845600.811
7367,6693338,1261658,9/2/2011 8:00:00 AM,1815,FINCH Aven W,HIGHWAY 400  N,,Major Arterial,Etobicoke York,43.754045,-79.53279,At Intersection,Traffic Signal,Clear,Daylight,Dry,Non-Fatal Injury,Angle,Passenger,70 to 74,Major,,,Other,,,,,,,,,,,,Yes,,,,,Yes,,Yes,Yes,,,21,Humber Summit,21,Humber Summit (21),D31,618117.9726,4845600.811
7368,6693339,1261658,9/2/2011 8:00:00 AM,1815,FINCH Aven W,HIGHWAY 400  N,,Major Arterial,Etobicoke York,43.754045,-79.53279,At Intersection,Traffic Signal,Clear,Daylight,Dry,Non-Fatal Injury,Angle,Passenger,50 to 54,Minimal,,,Other,,,,,,,,,,,,Yes,,,,,Yes,,Yes,Yes,,,21,Humber Summit,21,Humber Summit (21),D31,618117.9726,4845600.811
7369,6693340,1261658,9/2/2011 8:00:00 AM,1815,FINCH Aven W,HIGHWAY 400  N,,Major Arterial,Etobicoke York,43.754045,-79.53279,At Intersection,Traffic Signal,Clear,Daylight,Dry,Non-Fatal Injury,Angle,Driver,25 to 29,Minimal,,West,"Automobile, Station Wagon",Going Ahead,Disobeyed Traffic Control,Normal,,,,,,,,,Yes,,,,,Yes,,Yes,Yes,,,21,Humber Summit,21,Humber Summit (21),D31,618117.9726,4845600.811
7370,6693548,1261735,9/2/2011 8:00:00 AM,1916,DUFFERIN Stre,,,Major Arterial,Toronto and East York,43.672945,-79.44099,At Intersection,Traffic Signal,Clear,Dark,Dry,Non-Fatal Injury,Angle,Driver,50 to 54,Major,,East,"Automobile, Station Wagon",Going Ahead,Driving Properly,Normal,,,,,,,,,Yes,,,,,,,Yes,Yes,,,171,Junction-Wallace Emerson,93,Dovercourt-Wallace Emerson-Junction (93),D13,625677.8171,4836728.5179
7371,6693549,1261735,9/2/2011 8:00:00 AM,1916,DUFFERIN Stre,,,Major Arterial,Toronto and East York,43.672945,-79.44099,At Intersection,Traffic Signal,Clear,Dark,Dry,Non-Fatal Injury,Angle,Vehicle Owner,unknown,,,,Other,,,,,,,,,,,,Yes,,,,,,,Yes,Yes,,,171,Junction-Wallace Emerson,93,Dovercourt-Wallace Emerson-Junction (93),D13,625677.8171,4836728.5179
7372,6693550,1261735,9/2/2011 8:00:00 AM,1916,DUFFERIN Stre,,,Major Arterial,Toronto and East York,43.672945,-79.44099,At Intersection,Traffic Signal,Clear,Dark,Dry,Non-Fatal Injury,Angle,Driver,55 to 59,None,,South,"Automobile, Station Wagon",Going Ahead,Disobeyed Traffic Control,Normal,,,,,,,,,Yes,,,,,,,Yes,Yes,,,171,Junction-Wallace Emerson,93,Dovercourt-Wallace Emerson-Junction (93),D13,625677.8171,4836728.5179
7373,6693551,1261735,9/2/2011 8:00:00 AM,1916,DUFFERIN Stre,,,Major Arterial,Toronto and East York,43.672945,-79.44099,At Intersection,Traffic Signal,Clear,Dark,Dry,Non-Fatal Injury,Angle,Driver,55 to 59,None,,North,"Automobile, Station Wagon",Stopped,Driving Properly,Normal,,,,,,,,,Yes,,,,,,,Yes,Yes,,,171,Junction-Wallace Emerson,93,Dovercourt-Wallace Emerson-Junction (93),D13,625677.8171,4836728.5179
7374,6693031,1261536,9/2/2011 8:00:00 AM,2000,LAKE SHORE Boul E,CARLAW Aven,,Major Arterial,Toronto and East York,43.654945,-79.33739,At Intersection,Traffic Signal,Clear,Dark,Wet,Non-Fatal Injury,Turning Movement,Driver,25 to 29,Major,,West,"Automobile, Station Wagon",Going Ahead,Driving Properly,Normal,,,,,,,,,Yes,,,,,,,,,,,70,South Riverdale,70,South Riverdale (70),D55,634069.5657,4834891.5563
7375,6693032,1261536,9/2/2011 8:00:00 AM,2000,LAKE SHORE Boul E,CARLAW Aven,,Major Arterial,Toronto and East York,43.654945,-79.33739,At Intersection,Traffic Signal,Clear,Dark,Wet,Non-Fatal Injury,Turning Movement,Driver,30 to 34,None,,South,"Automobile, Station Wagon",Stopped,Driving Properly,Normal,,,,,,,,,Yes,,,,,,,,,,,70,South Riverdale,70,South Riverdale (70),D55,634069.5657,4834891.5563
7376,6693033,1261536,9/2/2011 8:00:00 AM,2000,LAKE SHORE Boul E,CARLAW Aven,,Major Arterial,Toronto and East York,43.654945,-79.33739,At Intersection,Traffic Signal,Clear,Dark,Wet,Non-Fatal Injury,Turning Movement,Vehicle Owner,unknown,,,,Other,,,,,,,,,,,,Yes,,,,,,,,,,,70,South Riverdale,70,South Riverdale (70),D55,634069.5657,4834891.5563
7377,6693034,1261536,9/2/2011 8:00:00 AM,2000,LAKE SHORE Boul E,CARLAW Aven,,Major Arterial,Toronto and East York,43.654945,-79.33739,At Intersection,Traffic Signal,Clear,Dark,Wet,Non-Fatal Injury,Turning Movement,Driver,65 to 69,None,,East,"Automobile, Station Wagon",Turning Left,Improper Turn,Normal,,,,,,,,,Yes,,,,,,,,,,,70,South Riverdale,70,South Riverdale (70),D55,634069.5657,4834891.5563
7378,6672591,1252521,9/4/2011 8:00:00 AM,1000,BRIMLEY RD,DANJOHN CRES,,Major Arterial,Scarborough,43.814246,-79.281192,,No Control,Clear,Daylight,Dry,Non-Fatal Injury,Pedestrian Collisions,Vehicle Owner,unknown,,,,Other,,,,,,,,,,Yes,,,,,Yes,,,,,,,,129,Agincourt North,129,Agincourt North (129),D42,638234.2793,4852676.6427
7379,6672592,1252521,9/4/2011 8:00:00 AM,1000,BRIMLEY RD,DANJOHN CRES,,Major Arterial,Scarborough,43.814246,-79.281192,,No Control,Clear,Daylight,Dry,Non-Fatal Injury,Pedestrian Collisions,Driver,50 to 54,None,,North,Municipal Transit Bus (TTC),Going Ahead,Driving Properly,Unknown,,,,,,,Yes,,,,,Yes,,,,,,,,129,Agincourt North,129,Agincourt North (129),D42,638234.2793,4852676.6427
7380,6672593,1252521,9/4/2011 8:00:00 AM,1000,BRIMLEY RD,DANJOHN CRES,,Major Arterial,Scarborough,43.814246,-79.281192,,No Control,Clear,Daylight,Dry,Non-Fatal Injury,Pedestrian Collisions,Pedestrian,35 to 39,Major,,North,Other,,,,Pedestrian involved in a collision with transit vehicle anywhere along roadway,Running onto Roadway,Other,,,,Yes,,,,,Yes,,,,,,,,129,Agincourt North,129,Agincourt North (129),D42,638234.2793,4852676.6427
7381,6697000,1263305,9/6/2011 8:00:00 AM,1500,MIDLAND AVE,FINCH AVE E,,Major Arterial,Scarborough,43.803245,-79.28609,,No Control,Clear,Daylight,Dry,Non-Fatal Injury,SMV Other,Other Property Owner,unknown,,,,Other,,,,,,,,,,,,Yes,,,,,,,,,,,128,Agincourt South-Malvern West,128,Agincourt South-Malvern West (128),D42,637865.6648,4851446.6313
7382,6697001,1263305,9/6/2011 8:00:00 AM,1500,MIDLAND AVE,FINCH AVE E,,Major Arterial,Scarborough,43.803245,-79.28609,,No Control,Clear,Daylight,Dry,Non-Fatal Injury,SMV Other,Vehicle Owner,unknown,,,,Other,,,,,,,,,,,,Yes,,,,,,,,,,,128,Agincourt South-Malvern West,128,Agincourt South-Malvern West (128),D42,637865.6648,4851446.6313
7383,6697002,1263305,9/6/2011 8:00:00 AM,1500,MIDLAND AVE,FINCH AVE E,,Major Arterial,Scarborough,43.803245,-79.28609,,No Control,Clear,Daylight,Dry,Non-Fatal Injury,SMV Other,Driver,20 to 24,Major,,North,"Automobile, Station Wagon",Going Ahead,Lost control,Inattentive,,,,,,,,,Yes,,,,,,,,,,,128,Agincourt South-Malvern West,128,Agincourt South-Malvern West (128),D42,637865.6648,4851446.6313
7384,6696926,1263273,9/8/2011 8:00:00 AM,910,DAVENPORT Rd,HAZELTON Ave,,Major Arterial,Toronto and East York,43.675045,-79.39479,,No Control,Clear,Daylight,Dry,Non-Fatal Injury,Cyclist Collisions,Vehicle Owner,unknown,,,,Other,,,,,,,,,,,Yes,,,,Yes,,,,,,,,95,Annex,95,Annex (95),D53,629397.7011,4837032.7859
7385,6696927,1263273,9/8/2011 8:00:00 AM,910,DAVENPORT Rd,HAZELTON Ave,,Major Arterial,Toronto and East York,43.675045,-79.39479,,No Control,Clear,Daylight,Dry,Non-Fatal Injury,Cyclist Collisions,Driver,45 to 49,None,,East,Municipal Transit Bus (TTC),Going Ahead,Driving Properly,Normal,,,,,,,,Yes,,,,Yes,,,,,,,,95,Annex,95,Annex (95),D53,629397.7011,4837032.7859
7386,6696928,1263273,9/8/2011 8:00:00 AM,910,DAVENPORT Rd,HAZELTON Ave,,Major Arterial,Toronto and East York,43.675045,-79.39479,,No Control,Clear,Daylight,Dry,Non-Fatal Injury,Cyclist Collisions,Cyclist,30 to 34,Major,,East,Bicycle,Overtaking,,,,,,Cyclist and Driver travelling in same direction. One vehicle sideswipes the other.,Failed to Yield Right of Way,Normal,,Yes,,,,Yes,,,,,,,,95,Annex,95,Annex (95),D53,629397.7011,4837032.7859
7387,6724734,1277797,9/9/2011 8:00:00 AM,1700,BELLAMY Road N,BURNVIEW Cres,,Minor Arterial,Scarborough,43.753945,-79.23419,At Intersection,No Control,Clear,Daylight,Dry,Non-Fatal Injury,Rear End,Driver,35 to 39,None,,North,"Automobile, Station Wagon",Going Ahead,Following too Close,Inattentive,,,,,,,,,Yes,,,,,Yes,,Yes,,,,141,Golfdale-Cedarbrae-Woburn,137,Woburn (137),D43,642157.302,4846058.8663
7388,6724735,1277797,9/9/2011 8:00:00 AM,1700,BELLAMY Road N,BURNVIEW Cres,,Minor Arterial,Scarborough,43.753945,-79.23419,At Intersection,No Control,Clear,Daylight,Dry,Non-Fatal Injury,Rear End,Vehicle Owner,unknown,,,,Other,,,,,,,,,,,,Yes,,,,,Yes,,Yes,,,,141,Golfdale-Cedarbrae-Woburn,137,Woburn (137),D43,642157.302,4846058.8663
7389,6724736,1277797,9/9/2011 8:00:00 AM,1700,BELLAMY Road N,BURNVIEW Cres,,Minor Arterial,Scarborough,43.753945,-79.23419,At Intersection,No Control,Clear,Daylight,Dry,Non-Fatal Injury,Rear End,Passenger,15 to 19,Minor,,,Other,,,,,,,,,,,,Yes,,,,,Yes,,Yes,,,,141,Golfdale-Cedarbrae-Woburn,137,Woburn (137),D43,642157.302,4846058.8663
7390,6724737,1277797,9/9/2011 8:00:00 AM,1700,BELLAMY Road N,BURNVIEW Cres,,Minor Arterial,Scarborough,43.753945,-79.23419,At Intersection,No Control,Clear,Daylight,Dry,Non-Fatal Injury,Rear End,Driver,20 to 24,Major,,North,"Automobile, Station Wagon",Stopped,Driving Properly,Normal,,,,,,,,,Yes,,,,,Yes,,Yes,,,,141,Golfdale-Cedarbrae-Woburn,137,Woburn (137),D43,642157.302,4846058.8663
7391,6697866,1263671,9/10/2011 8:00:00 AM,1834,BOTANY HILL RD,PLOVER RD,,Local,Scarborough,43.775345,-79.20589,,No Control,Clear,Daylight,Dry,Non-Fatal Injury,Approaching,Motorcycle Driver,40 to 44,Minor,,East,Motorcycle,Going Ahead,Lost control,Normal,,,,,,,,,Yes,Yes,,,,,,,,,,135,Morningside,135,Morningside (135),D43,644384.1377,4848484.6344
7392,6697867,1263671,9/10/2011 8:00:00 AM,1834,BOTANY HILL RD,PLOVER RD,,Local,Scarborough,43.775345,-79.20589,,No Control,Clear,Daylight,Dry,Non-Fatal Injury,Approaching,Driver,55 to 59,Major,,West,"Automobile, Station Wagon",Going Ahead,Driving Properly,Normal,,,,,,,,,Yes,Yes,,,,,,,,,,135,Morningside,135,Morningside (135),D43,644384.1377,4848484.6344