OBJECTID,INDEX,ACCNUM,DATE,TIME,STREET1,STREET2,OFFSET,ROAD_CLASS,DISTRICT,LATITUDE,LONGITUDE,ACCLOC,TRAFFCTL,VISIBILITY,LIGHT,RDSFCOND,ACCLASS,IMPACTYPE,INVTYPE,INVAGE,INJURY,FATAL_NO,INITDIR,VEHTYPE,MANOEUVER,DRIVACT,DRIVCOND,PEDTYPE,PEDACT,PEDCOND,CYCLISTYPE,CYCACT,CYCCOND,PEDESTRIAN,CYCLIST,AUTOMOBILE,MOTORCYCLE,TRUCK,TRSN_CITY_VEH,EMERG_VEH,PASSENGER,SPEEDING,AG_DRIV,REDLIGHT,ALCOHOL,DISABILITY,HOOD_158,NEIGHBOURHOOD_158,HOOD_140,NEIGHBOURHOOD_140,DIVISION,x,y
7393,6674466,1253390,9/11/2011 8:00:00 AM,1556,DUNDAS ST E,BROADVIEW AVE,,Major Arterial,Toronto and East York,43.662445,-79.35139,At Intersection,Traffic Signal,Clear,Daylight,Dry,Non-Fatal Injury,Cyclist Collisions,Vehicle Owner,unknown,,,,Other,,,,,,,,,,,Yes,Yes,,,,,,,Yes,,,,70,South Riverdale,70,South Riverdale (70),D55,632924.0699,4835702.0058
7394,6674467,1253390,9/11/2011 8:00:00 AM,1556,DUNDAS ST E,BROADVIEW AVE,,Major Arterial,Toronto and East York,43.662445,-79.35139,At Intersection,Traffic Signal,Clear,Daylight,Dry,Non-Fatal Injury,Cyclist Collisions,Driver,55 to 59,None,,East,"Automobile, Station Wagon",Going Ahead,Failed to Yield Right of Way,Inattentive,,,,,,,,Yes,Yes,,,,,,,Yes,,,,70,South Riverdale,70,South Riverdale (70),D55,632924.0699,4835702.0058
7395,6674468,1253390,9/11/2011 8:00:00 AM,1556,DUNDAS ST E,BROADVIEW AVE,,Major Arterial,Toronto and East York,43.662445,-79.35139,At Intersection,Traffic Signal,Clear,Daylight,Dry,Non-Fatal Injury,Cyclist Collisions,Cyclist,40 to 44,Major,,North,Bicycle,Going Ahead,,,,,,"Motorist without ROW drives into path of cyclist at inter, lnwy, dwy-Driver not turn.",Driving Properly,Normal,,Yes,Yes,,,,,,,Yes,,,,70,South Riverdale,70,South Riverdale (70),D55,632924.0699,4835702.0058
7396,6674975,1253623,9/12/2011 8:00:00 AM,1316,STEELES AVE W,STEINWAY BLVD,,Major Arterial,Etobicoke York,43.753945,-79.62099,,No Control,Clear,Daylight,Dry,Fatal,Turning Movement,Vehicle Owner,unknown,,,,Other,,,,,,,,,,,,Yes,,,,,,Yes,Yes,,,,NSA,NSA,NSA,NSA,NSA,611017.5569,4845467.7122
7397,6674976,1253623,9/12/2011 8:00:00 AM,1316,STEELES AVE W,STEINWAY BLVD,,Major Arterial,Etobicoke York,43.753945,-79.62099,,No Control,Clear,Daylight,Dry,Fatal,Turning Movement,Driver,55 to 59,Minor,,West,"Automobile, Station Wagon",Turning Left,Driving Properly,Normal,,,,,,,,,Yes,,,,,,Yes,Yes,,,,NSA,NSA,NSA,NSA,NSA,611017.5569,4845467.7122
7398,6674977,1253623,9/12/2011 8:00:00 AM,1316,STEELES AVE W,STEINWAY BLVD,,Major Arterial,Etobicoke York,43.753945,-79.62099,,No Control,Clear,Daylight,Dry,Fatal,Turning Movement,Vehicle Owner,unknown,,,,Other,,,,,,,,,,,,Yes,,,,,,Yes,Yes,,,,NSA,NSA,NSA,NSA,NSA,611017.5569,4845467.7122
7399,6674978,1253623,9/12/2011 8:00:00 AM,1316,STEELES AVE W,STEINWAY BLVD,,Major Arterial,Etobicoke York,43.753945,-79.62099,,No Control,Clear,Daylight,Dry,Fatal,Turning Movement,Driver,45 to 49,None,,North,"Automobile, Station Wagon",Turning Right,Driving Properly,Normal,,,,,,,,,Yes,,,,,,Yes,Yes,,,,NSA,NSA,NSA,NSA,NSA,611017.5569,4845467.7122
7400,6674979,1253623,9/12/2011 8:00:00 AM,1316,STEELES AVE W,STEINWAY BLVD,,Major Arterial,Etobicoke York,43.753945,-79.62099,,No Control,Clear,Daylight,Dry,Fatal,Turning Movement,Vehicle Owner,unknown,,,,Other,,,,,,,,,,,,Yes,,,,,,Yes,Yes,,,,NSA,NSA,NSA,NSA,NSA,611017.5569,4845467.7122
7401,6674980,1253623,9/12/2011 8:00:00 AM,1316,STEELES AVE W,STEINWAY BLVD,,Major Arterial,Etobicoke York,43.753945,-79.62099,,No Control,Clear,Daylight,Dry,Fatal,Turning Movement,Driver,20 to 24,Fatal,24,East,"Automobile, Station Wagon",Going Ahead,Exceeding Speed Limit,Unknown,,,,,,,,,Yes,,,,,,Yes,Yes,,,,NSA,NSA,NSA,NSA,NSA,611017.5569,4845467.7122
7402,6675310,1253770,9/13/2011 8:00:00 AM,1355,LUMSDEN AVE,OAK PARK AVE,,Minor Arterial,Toronto and East York,43.693915,-79.310367,At Intersection,Stop Sign,Clear,Daylight,Dry,Non-Fatal Injury,Pedestrian Collisions,Driver,50 to 54,None,,,"Automobile, Station Wagon",Going Ahead,,,,,,,,,Yes,,Yes,,,,,,,,,,,60,Woodbine-Lumsden,60,Woodbine-Lumsden (60),D55,636160.5065,4839263.7283
7403,6675311,1253770,9/13/2011 8:00:00 AM,1355,LUMSDEN AVE,OAK PARK AVE,,Minor Arterial,Toronto and East York,43.693915,-79.310367,At Intersection,Stop Sign,Clear,Daylight,Dry,Non-Fatal Injury,Pedestrian Collisions,Pedestrian,unknown,Major,,,Other,Other,,,,,,,,,Yes,,Yes,,,,,,,,,,,60,Woodbine-Lumsden,60,Woodbine-Lumsden (60),D55,636160.5065,4839263.7283
7404,6675312,1253770,9/13/2011 8:00:00 AM,1355,LUMSDEN AVE,OAK PARK AVE,,Minor Arterial,Toronto and East York,43.693915,-79.310367,At Intersection,Stop Sign,Clear,Daylight,Dry,Non-Fatal Injury,Pedestrian Collisions,Driver,unknown,None,,,"Automobile, Station Wagon",Unknown,,,,,,,,,Yes,,Yes,,,,,,,,,,,60,Woodbine-Lumsden,60,Woodbine-Lumsden (60),D55,636160.5065,4839263.7283
7405,6675313,1253771,9/13/2011 8:00:00 AM,1958,LAKE SHORE BLVD W,bastion  st,,Major Arterial,Toronto and East York,43.635945,-79.40359,At Intersection,Traffic Signal,Clear,"Dark, artificial",Dry,Non-Fatal Injury,Pedestrian Collisions,Driver,30 to 34,None,,East,"Automobile, Station Wagon",Going Ahead,Driving Properly,Normal,,,,,,,Yes,,Yes,,,,,,,,,,,163,Fort York-Liberty Village,82,Niagara (82),D14,628771.8637,4832676.5262
7406,6675314,1253771,9/13/2011 8:00:00 AM,1958,LAKE SHORE BLVD W,bastion  st,,Major Arterial,Toronto and East York,43.635945,-79.40359,At Intersection,Traffic Signal,Clear,"Dark, artificial",Dry,Non-Fatal Injury,Pedestrian Collisions,Pedestrian,25 to 29,Major,,Unknown,Other,,,,Vehicle is going straight thru inter.while ped cross without ROW,Running onto Roadway,Unknown,,,,Yes,,Yes,,,,,,,,,,,163,Fort York-Liberty Village,82,Niagara (82),D14,628771.8637,4832676.5262
7407,6699085,1264189,9/13/2011 8:00:00 AM,2122,BATHURST St,HERRICK St,,Major Arterial,Toronto and East York,43.662645,-79.41019,,No Control,Clear,Dark,Dry,Non-Fatal Injury,Turning Movement,Passenger,35 to 39,Major,,,Other,,,,,,,,,,,,Yes,Yes,,,,Yes,,Yes,,,,79,University,79,University (79),D14,628182.6708,4835631.6911
7408,6699086,1264189,9/13/2011 8:00:00 AM,2122,BATHURST St,HERRICK St,,Major Arterial,Toronto and East York,43.662645,-79.41019,,No Control,Clear,Dark,Dry,Non-Fatal Injury,Turning Movement,Motorcycle Driver,30 to 34,Major,,North,Motorcycle,Going Ahead,Driving Properly,Normal,,,,,,,,,Yes,Yes,,,,Yes,,Yes,,,,79,University,79,University (79),D14,628182.6708,4835631.6911
7409,6699087,1264189,9/13/2011 8:00:00 AM,2122,BATHURST St,HERRICK St,,Major Arterial,Toronto and East York,43.662645,-79.41019,,No Control,Clear,Dark,Dry,Non-Fatal Injury,Turning Movement,Driver,45 to 49,None,,North,"Automobile, Station Wagon",Making U Turn,Failed to Yield Right of Way,Normal,,,,,,,,,Yes,Yes,,,,Yes,,Yes,,,,79,University,79,University (79),D14,628182.6708,4835631.6911
7410,6701884,1265429,9/14/2011 8:00:00 AM,1400,YONGE Stre,ST MARY Stre,,Major Arterial,Toronto and East York,43.667945,-79.38589,,Stop Sign,Clear,Daylight,Dry,Non-Fatal Injury,Pedestrian Collisions,Pedestrian,85 to 89,Major,,East,Other,,,,Vehicle turns left while ped crosses without ROW at inter.,Crossing without right of way,Inattentive,,,,Yes,,Yes,,,,,,,,,,,169,Bay-Cloverhill,76,Bay Street Corridor (76),D52,630130.4908,4836258.1578
7411,6701885,1265429,9/14/2011 8:00:00 AM,1400,YONGE Stre,ST MARY Stre,,Major Arterial,Toronto and East York,43.667945,-79.38589,,Stop Sign,Clear,Daylight,Dry,Non-Fatal Injury,Pedestrian Collisions,Vehicle Owner,unknown,,,,Other,,,,,,,,,,Yes,,Yes,,,,,,,,,,,169,Bay-Cloverhill,76,Bay Street Corridor (76),D52,630130.4908,4836258.1578
7412,6701886,1265429,9/14/2011 8:00:00 AM,1400,YONGE Stre,ST MARY Stre,,Major Arterial,Toronto and East York,43.667945,-79.38589,,Stop Sign,Clear,Daylight,Dry,Non-Fatal Injury,Pedestrian Collisions,Driver,50 to 54,None,,East,"Automobile, Station Wagon",Turning Left,Improper Turn,Inattentive,,,,,,,Yes,,Yes,,,,,,,,,,,169,Bay-Cloverhill,76,Bay Street Corridor (76),D52,630130.4908,4836258.1578
7413,6676218,1254156,9/15/2011 8:00:00 AM,1804,FINCH AVE E,SKYMARK DR,,Major Arterial,North York,43.79309,-79.352252,At Intersection,Traffic Signal,Clear,"Dusk, artificial",Dry,Non-Fatal Injury,Rear End,Vehicle Owner,unknown,,,,,,,,,,,,,,,,Yes,,,,,Yes,,,,,Yes,47,Don Valley Village,47,Don Valley Village (47),D33,632566.0447,4850210.6571
7414,6676219,1254156,9/15/2011 8:00:00 AM,1804,FINCH AVE E,SKYMARK DR,,Major Arterial,North York,43.79309,-79.352252,At Intersection,Traffic Signal,Clear,"Dusk, artificial",Dry,Non-Fatal Injury,Rear End,Driver,75 to 79,Major,,West,"Automobile, Station Wagon",Going Ahead,Lost control,Medical or Physical Disability,,,,,,,,,Yes,,,,,Yes,,,,,Yes,47,Don Valley Village,47,Don Valley Village (47),D33,632566.0447,4850210.6571
7415,6676220,1254156,9/15/2011 8:00:00 AM,1804,FINCH AVE E,SKYMARK DR,,Major Arterial,North York,43.79309,-79.352252,At Intersection,Traffic Signal,Clear,"Dusk, artificial",Dry,Non-Fatal Injury,Rear End,Passenger,45 to 49,Minor,,,,,,,,,,,,,,,Yes,,,,,Yes,,,,,Yes,47,Don Valley Village,47,Don Valley Village (47),D33,632566.0447,4850210.6571
7416,6676221,1254156,9/15/2011 8:00:00 AM,1804,FINCH AVE E,SKYMARK DR,,Major Arterial,North York,43.79309,-79.352252,At Intersection,Traffic Signal,Clear,"Dusk, artificial",Dry,Non-Fatal Injury,Rear End,Driver,45 to 49,Minor,,West,Passenger Van,Stopped,Driving Properly,Normal,,,,,,,,,Yes,,,,,Yes,,,,,Yes,47,Don Valley Village,47,Don Valley Village (47),D33,632566.0447,4850210.6571
7417,6700764,1264906,9/16/2011 8:00:00 AM,845,MIDDLEFIELD RD,PASSMORE AVE,,Minor Arterial,Scarborough,43.827345,-79.26519,At Intersection,Traffic Signal,Clear,Daylight,Dry,Non-Fatal Injury,Cyclist Collisions,Driver,60 to 64,None,,West,"Automobile, Station Wagon",Stopped,Driving Properly,Normal,,,,,,,,Yes,Yes,,,,,,,Yes,,,,130,Milliken,130,Milliken (130),D42,639490.7361,4854158.3636
7418,6700765,1264906,9/16/2011 8:00:00 AM,845,MIDDLEFIELD RD,PASSMORE AVE,,Minor Arterial,Scarborough,43.827345,-79.26519,At Intersection,Traffic Signal,Clear,Daylight,Dry,Non-Fatal Injury,Cyclist Collisions,Vehicle Owner,unknown,,,,Other,,,,,,,,,,,Yes,Yes,,,,,,,Yes,,,,130,Milliken,130,Milliken (130),D42,639490.7361,4854158.3636
7419,6700766,1264906,9/16/2011 8:00:00 AM,845,MIDDLEFIELD RD,PASSMORE AVE,,Minor Arterial,Scarborough,43.827345,-79.26519,At Intersection,Traffic Signal,Clear,Daylight,Dry,Non-Fatal Injury,Cyclist Collisions,Driver,60 to 64,None,,South,"Automobile, Station Wagon",Turning Left,Failed to Yield Right of Way,Inattentive,,,,,,,,Yes,Yes,,,,,,,Yes,,,,130,Milliken,130,Milliken (130),D42,639490.7361,4854158.3636
7420,6700767,1264906,9/16/2011 8:00:00 AM,845,MIDDLEFIELD RD,PASSMORE AVE,,Minor Arterial,Scarborough,43.827345,-79.26519,At Intersection,Traffic Signal,Clear,Daylight,Dry,Non-Fatal Injury,Cyclist Collisions,Cyclist,75 to 79,Major,,North,Bicycle,Going Ahead,,,,,,Motorist turned left across cyclists path.,Driving Properly,Normal,,Yes,Yes,,,,,,,Yes,,,,130,Milliken,130,Milliken (130),D42,639490.7361,4854158.3636
7421,6703470,1266099,9/17/2011 8:00:00 AM,1320,AVENUE Road,BERNARD Aven,,Major Arterial,Toronto and East York,43.673945,-79.39629,,No Control,Clear,Daylight,Dry,Non-Fatal Injury,Rear End,Vehicle Owner,unknown,,,,Other,,,,,,,,,,,,Yes,,,,,Yes,,Yes,,,,95,Annex,95,Annex (95),D53,629279.1453,4836908.2771
7422,6703471,1266099,9/17/2011 8:00:00 AM,1320,AVENUE Road,BERNARD Aven,,Major Arterial,Toronto and East York,43.673945,-79.39629,,No Control,Clear,Daylight,Dry,Non-Fatal Injury,Rear End,Driver,20 to 24,Minor,,South,"Automobile, Station Wagon",Stopped,Driving Properly,Normal,,,,,,,,,Yes,,,,,Yes,,Yes,,,,95,Annex,95,Annex (95),D53,629279.1453,4836908.2771
7423,6703472,1266099,9/17/2011 8:00:00 AM,1320,AVENUE Road,BERNARD Aven,,Major Arterial,Toronto and East York,43.673945,-79.39629,,No Control,Clear,Daylight,Dry,Non-Fatal Injury,Rear End,Driver,20 to 24,None,,South,"Automobile, Station Wagon",Stopped,Driving Properly,Normal,,,,,,,,,Yes,,,,,Yes,,Yes,,,,95,Annex,95,Annex (95),D53,629279.1453,4836908.2771
7424,6703473,1266099,9/17/2011 8:00:00 AM,1320,AVENUE Road,BERNARD Aven,,Major Arterial,Toronto and East York,43.673945,-79.39629,,No Control,Clear,Daylight,Dry,Non-Fatal Injury,Rear End,Passenger,25 to 29,Major,,,Other,,,,,,,,,,,,Yes,,,,,Yes,,Yes,,,,95,Annex,95,Annex (95),D53,629279.1453,4836908.2771
7425,6703474,1266099,9/17/2011 8:00:00 AM,1320,AVENUE Road,BERNARD Aven,,Major Arterial,Toronto and East York,43.673945,-79.39629,,No Control,Clear,Daylight,Dry,Non-Fatal Injury,Rear End,Vehicle Owner,unknown,,,,Other,,,,,,,,,,,,Yes,,,,,Yes,,Yes,,,,95,Annex,95,Annex (95),D53,629279.1453,4836908.2771
7426,6703475,1266099,9/17/2011 8:00:00 AM,1320,AVENUE Road,BERNARD Aven,,Major Arterial,Toronto and East York,43.673945,-79.39629,,No Control,Clear,Daylight,Dry,Non-Fatal Injury,Rear End,Driver,55 to 59,Major,,South,"Automobile, Station Wagon",Going Ahead,Following too Close,Normal,,,,,,,,,Yes,,,,,Yes,,Yes,,,,95,Annex,95,Annex (95),D53,629279.1453,4836908.2771
7427,6702155,1265542,9/18/2011 8:00:00 AM,120,DAVENPORT RD,HURON ST,,Minor Arterial,Toronto and East York,43.678045,-79.40569,At Intersection,Stop Sign,Clear,Dark,Dry,Non-Fatal Injury,SMV Other,Motorcycle Driver,30 to 34,Major,,West,Motorcycle,Going Ahead,Speed too Fast For Condition,Had Been Drinking,,,,,,,,,,Yes,,,,,Yes,Yes,,,,96,Casa Loma,96,Casa Loma (96),D53,628512.6272,4837349.0301
7428,6677878,1254898,9/18/2011 8:00:00 AM,355,KIPLING Aven,THORNCREST Road,,Major Arterial,Etobicoke York,43.661345,-79.54389,At Intersection,Stop Sign,Clear,Dark,Dry,Non-Fatal Injury,Pedestrian Collisions,Driver,unknown,None,,North,"Automobile, Station Wagon",Going Ahead,,,,,,,,,Yes,,Yes,,,,,,,,,,,10,Princess-Rosethorn,10,Princess-Rosethorn (10),D22,617405.1938,4835289.4324
7429,6677879,1254898,9/18/2011 8:00:00 AM,355,KIPLING Aven,THORNCREST Road,,Major Arterial,Etobicoke York,43.661345,-79.54389,At Intersection,Stop Sign,Clear,Dark,Dry,Non-Fatal Injury,Pedestrian Collisions,Pedestrian,unknown,Major,,,Other,Other,,,,,,,,,Yes,,Yes,,,,,,,,,,,10,Princess-Rosethorn,10,Princess-Rosethorn (10),D22,617405.1938,4835289.4324
7430,6702823,1265838,9/19/2011 8:00:00 AM,1955,BLACK CREEK DR,TRETHEWEY DR,,Major Arterial,Etobicoke York,43.694645,-79.48609,At Intersection,Traffic Signal,Rain,Dark,Wet,Non-Fatal Injury,Pedestrian Collisions,Driver,40 to 44,None,,West,"Automobile, Station Wagon",Turning Right,Failed to Yield Right of Way,Inattentive,,,,,,,Yes,,Yes,,,,,,,Yes,,,,112,Beechborough-Greenbrook,112,Beechborough-Greenbrook (112),D12,621998.1064,4839071.2534
7431,6702824,1265838,9/19/2011 8:00:00 AM,1955,BLACK CREEK DR,TRETHEWEY DR,,Major Arterial,Etobicoke York,43.694645,-79.48609,At Intersection,Traffic Signal,Rain,Dark,Wet,Non-Fatal Injury,Pedestrian Collisions,Pedestrian,35 to 39,Major,,West,Other,,,,Vehicle turns right while ped crosses with ROW at inter.,Crossing with right of way,Normal,,,,Yes,,Yes,,,,,,,Yes,,,,112,Beechborough-Greenbrook,112,Beechborough-Greenbrook (112),D12,621998.1064,4839071.2534
7432,6678295,1255068,9/20/2011 8:00:00 AM,1723,ANTIBES DR,BATHURST ST,,Major Arterial,North York,43.781045,-79.44479,At Intersection,Traffic Signal,Clear,Daylight,Dry,Non-Fatal Injury,Cyclist Collisions,Cyclist,45 to 49,Major,,East,Bicycle,Overtaking,,,,,,Cyclist and Driver travelling in same direction. One vehicle sideswipes the other.,Improper Passing,Normal,,Yes,,,,Yes,,,,,,,,36,Newtonbrook West,36,Newtonbrook West (36),D32,625146.1658,4848728.8223
7433,6678296,1255068,9/20/2011 8:00:00 AM,1723,ANTIBES DR,BATHURST ST,,Major Arterial,North York,43.781045,-79.44479,At Intersection,Traffic Signal,Clear,Daylight,Dry,Non-Fatal Injury,Cyclist Collisions,Vehicle Owner,unknown,,,,Other,,,,,,,,,,,Yes,,,,Yes,,,,,,,,36,Newtonbrook West,36,Newtonbrook West (36),D32,625146.1658,4848728.8223
7434,6678297,1255068,9/20/2011 8:00:00 AM,1723,ANTIBES DR,BATHURST ST,,Major Arterial,North York,43.781045,-79.44479,At Intersection,Traffic Signal,Clear,Daylight,Dry,Non-Fatal Injury,Cyclist Collisions,Driver,60 to 64,None,,East,Municipal Transit Bus (TTC),Going Ahead,Driving Properly,Normal,,,,,,,,Yes,,,,Yes,,,,,,,,36,Newtonbrook West,36,Newtonbrook West (36),D32,625146.1658,4848728.8223
7435,6704036,1266347,9/21/2011 8:00:00 AM,2233,DUFFERIN Stre,DUNDAS Stre W,,Minor Arterial,Toronto and East York,43.649645,-79.43149,At Intersection,Traffic Signal,Clear,"Dark, artificial",Wet,Non-Fatal Injury,Cyclist Collisions,Driver,25 to 29,None,,North,"Automobile, Station Wagon",Going Ahead,Driving Properly,Unknown,,,,,,,,Yes,Yes,,,,,,,,,,,84,Little Portugal,84,Little Portugal (84),D11,626492.5772,4834155.1829
7436,6704037,1266347,9/21/2011 8:00:00 AM,2233,DUFFERIN Stre,DUNDAS Stre W,,Minor Arterial,Toronto and East York,43.649645,-79.43149,At Intersection,Traffic Signal,Clear,"Dark, artificial",Wet,Non-Fatal Injury,Cyclist Collisions,Cyclist,20 to 24,Major,,South,Bicycle,Turning Left,,,,,,Cyclist turned left across motorists path.,Improper Turn,Unknown,,Yes,Yes,,,,,,,,,,,84,Little Portugal,84,Little Portugal (84),D11,626492.5772,4834155.1829
7437,6703962,1266314,9/21/2011 8:00:00 AM,2328,DANFORTH AVE,COXWELL AVE,,Major Arterial,Toronto and East York,43.683345,-79.32359,At Intersection,Traffic Signal,Rain,Dark,Wet,Non-Fatal Injury,Pedestrian Collisions,Vehicle Owner,unknown,,,,Other,,,,,,,,,,Yes,,Yes,,,,,,,Yes,,,,64,Woodbine Corridor,64,Woodbine Corridor (64),D55,635118.6403,4838068.153
7438,6703963,1266314,9/21/2011 8:00:00 AM,2328,DANFORTH AVE,COXWELL AVE,,Major Arterial,Toronto and East York,43.683345,-79.32359,At Intersection,Traffic Signal,Rain,Dark,Wet,Non-Fatal Injury,Pedestrian Collisions,Driver,30 to 34,None,,South,"Automobile, Station Wagon",Turning Left,Failed to Yield Right of Way,Had Been Drinking,,,,,,,Yes,,Yes,,,,,,,Yes,,,,64,Woodbine Corridor,64,Woodbine Corridor (64),D55,635118.6403,4838068.153
7439,6703964,1266314,9/21/2011 8:00:00 AM,2328,DANFORTH AVE,COXWELL AVE,,Major Arterial,Toronto and East York,43.683345,-79.32359,At Intersection,Traffic Signal,Rain,Dark,Wet,Non-Fatal Injury,Pedestrian Collisions,Pedestrian,55 to 59,Major,,North,Other,,,,Vehicle turns left while ped crosses with ROW at inter.,Crossing with right of way,Normal,,,,Yes,,Yes,,,,,,,Yes,,,,64,Woodbine Corridor,64,Woodbine Corridor (64),D55,635118.6403,4838068.153
7440,6704556,1266571,9/22/2011 8:00:00 AM,936,KINGSTON RD,BLANTYRE AVE,,Major Arterial,Scarborough,43.681645,-79.28079,,No Control,Clear,Daylight,Dry,Non-Fatal Injury,Pedestrian Collisions,Driver,50 to 54,None,,West,"Automobile, Station Wagon",Going Ahead,Driving Properly,Normal,,,,,,,Yes,,Yes,,,,,,,,,,,122,Birchcliffe-Cliffside,122,Birchcliffe-Cliffside (122),D41,638572.275,4837949.9678
7441,6704557,1266571,9/22/2011 8:00:00 AM,936,KINGSTON RD,BLANTYRE AVE,,Major Arterial,Scarborough,43.681645,-79.28079,,No Control,Clear,Daylight,Dry,Non-Fatal Injury,Pedestrian Collisions,Pedestrian,15 to 19,Major,,North,Other,,,,Pedestrian hit at mid-block,"Crossing, no Traffic Control",Inattentive,,,,Yes,,Yes,,,,,,,,,,,122,Birchcliffe-Cliffside,122,Birchcliffe-Cliffside (122),D41,638572.275,4837949.9678
7442,6680139,1255918,9/22/2011 8:00:00 AM,1617,O CONNOR Driv,DOHME Aven,,Major Arterial,Toronto and East York,43.710545,-79.30899,At Intersection,Traffic Signal,Clear,Daylight,Dry,Non-Fatal Injury,Pedestrian Collisions,Driver,35 to 39,None,,North,"Automobile, Station Wagon",Going Ahead,Driving Properly,Normal,,,,,,,Yes,,Yes,,,,,,,,,,,54,O'Connor-Parkview,54,O'Connor-Parkview (54),D55,636233.8008,4841112.9887
7443,6680140,1255918,9/22/2011 8:00:00 AM,1617,O CONNOR Driv,DOHME Aven,,Major Arterial,Toronto and East York,43.710545,-79.30899,At Intersection,Traffic Signal,Clear,Daylight,Dry,Non-Fatal Injury,Pedestrian Collisions,Pedestrian,20 to 24,Major,,West,Other,,,,Vehicle is going straight thru inter.while ped cross without ROW,Coming From Behind Parked Vehicle,Inattentive,,,,Yes,,Yes,,,,,,,,,,,54,O'Connor-Parkview,54,O'Connor-Parkview (54),D55,636233.8008,4841112.9887
7444,6704099,1266373,9/22/2011 8:00:00 AM,1910,MOUNT PLEASANT Road,KEEWATIN Aven,,Major Arterial,North York,43.713745,-79.39219,At Intersection,Stop Sign,Clear,Dark,Dry,Non-Fatal Injury,Turning Movement,Vehicle Owner,unknown,,,,Other,,,,,,,,,,,,Yes,,,,,,,Yes,,,,173,North Toronto,104,Mount Pleasant West (104),D53,629523.9489,4841335.0173
7445,6704100,1266373,9/22/2011 8:00:00 AM,1910,MOUNT PLEASANT Road,KEEWATIN Aven,,Major Arterial,North York,43.713745,-79.39219,At Intersection,Stop Sign,Clear,Dark,Dry,Non-Fatal Injury,Turning Movement,Driver,55 to 59,Major,,North,"Automobile, Station Wagon",Going Ahead,Driving Properly,Normal,,,,,,,,,Yes,,,,,,,Yes,,,,173,North Toronto,104,Mount Pleasant West (104),D53,629523.9489,4841335.0173
7446,6704101,1266373,9/22/2011 8:00:00 AM,1910,MOUNT PLEASANT Road,KEEWATIN Aven,,Major Arterial,North York,43.713745,-79.39219,At Intersection,Stop Sign,Clear,Dark,Dry,Non-Fatal Injury,Turning Movement,Driver,50 to 54,None,,East,"Automobile, Station Wagon",Turning Left,Failed to Yield Right of Way,Inattentive,,,,,,,,,Yes,,,,,,,Yes,,,,173,North Toronto,104,Mount Pleasant West (104),D53,629523.9489,4841335.0173
7447,6679092,1255438,9/23/2011 8:00:00 AM,243,DIXON Rd,CARLINGVIEW Dr,,Major Arterial,Etobicoke York,43.686645,-79.59699,,No Control,Clear,"Dark, artificial",Dry,Non-Fatal Injury,SMV Other,Driver,50 to 54,Major,,East,"Automobile, Station Wagon",Going Ahead,Lost control,Medical or Physical Disability,,,,,,,,,Yes,,,,,,,,,,Yes,1,West Humber-Clairville,1,West Humber-Clairville (1),D23,613076.2206,4838025.5604
7448,6679093,1255438,9/23/2011 8:00:00 AM,243,DIXON Rd,CARLINGVIEW Dr,,Major Arterial,Etobicoke York,43.686645,-79.59699,,No Control,Clear,"Dark, artificial",Dry,Non-Fatal Injury,SMV Other,Other Property Owner,unknown,,,,Other,,,,,,,,,,,,Yes,,,,,,,,,,Yes,1,West Humber-Clairville,1,West Humber-Clairville (1),D23,613076.2206,4838025.5604
7449,6679094,1255438,9/23/2011 8:00:00 AM,243,DIXON Rd,CARLINGVIEW Dr,,Major Arterial,Etobicoke York,43.686645,-79.59699,,No Control,Clear,"Dark, artificial",Dry,Non-Fatal Injury,SMV Other,Other Property Owner,unknown,,,,Other,,,,,,,,,,,,Yes,,,,,,,,,,Yes,1,West Humber-Clairville,1,West Humber-Clairville (1),D23,613076.2206,4838025.5604
7450,6704527,1266558,9/23/2011 8:00:00 AM,1613,HARBORD ST,MAJOR ST,,Minor Arterial,Toronto and East York,43.662445,-79.40479,At Intersection,No Control,Rain,Daylight,Wet,Non-Fatal Injury,Cyclist Collisions,Driver,35 to 39,None,,East,"Automobile, Station Wagon",Turning Left,Failed to Yield Right of Way,Normal,,,,,,,,Yes,Yes,,,,,,,Yes,,,,79,University,79,University (79),D14,628618.4917,4835617.8357
7451,6704528,1266558,9/23/2011 8:00:00 AM,1613,HARBORD ST,MAJOR ST,,Minor Arterial,Toronto and East York,43.662445,-79.40479,At Intersection,No Control,Rain,Daylight,Wet,Non-Fatal Injury,Cyclist Collisions,Cyclist,25 to 29,Major,,West,Bicycle,Unknown,,,,,,Motorist turned left across cyclists path.,Driving Properly,Normal,,Yes,Yes,,,,,,,Yes,,,,79,University,79,University (79),D14,628618.4917,4835617.8357
7452,6679373,1255565,9/23/2011 8:00:00 AM,1912,MARTIN GROVE Road,DIXON Road,,Major Arterial,Etobicoke York,43.691545,-79.57079,At Intersection,Traffic Signal,Rain,Dark,Wet,Fatal,Pedestrian Collisions,Passenger,0 to 4,None,,,Other,Other,,,,,,,,,Yes,,Yes,,,,,Yes,,,,,,1,West Humber-Clairville,1,West Humber-Clairville (1),D23,615178.4575,4838605.8266
7453,6679374,1255565,9/23/2011 8:00:00 AM,1912,MARTIN GROVE Road,DIXON Road,,Major Arterial,Etobicoke York,43.691545,-79.57079,At Intersection,Traffic Signal,Rain,Dark,Wet,Fatal,Pedestrian Collisions,Passenger,25 to 29,None,,,Other,Other,,,,,,,,,Yes,,Yes,,,,,Yes,,,,,,1,West Humber-Clairville,1,West Humber-Clairville (1),D23,615178.4575,4838605.8266