OBJECTID,INDEX,ACCNUM,DATE,TIME,STREET1,STREET2,OFFSET,ROAD_CLASS,DISTRICT,LATITUDE,LONGITUDE,ACCLOC,TRAFFCTL,VISIBILITY,LIGHT,RDSFCOND,ACCLASS,IMPACTYPE,INVTYPE,INVAGE,INJURY,FATAL_NO,INITDIR,VEHTYPE,MANOEUVER,DRIVACT,DRIVCOND,PEDTYPE,PEDACT,PEDCOND,CYCLISTYPE,CYCACT,CYCCOND,PEDESTRIAN,CYCLIST,AUTOMOBILE,MOTORCYCLE,TRUCK,TRSN_CITY_VEH,EMERG_VEH,PASSENGER,SPEEDING,AG_DRIV,REDLIGHT,ALCOHOL,DISABILITY,HOOD_158,NEIGHBOURHOOD_158,HOOD_140,NEIGHBOURHOOD_140,DIVISION,x,y
7454,6679375,1255565,9/23/2011 8:00:00 AM,1912,MARTIN GROVE Road,DIXON Road,,Major Arterial,Etobicoke York,43.691545,-79.57079,At Intersection,Traffic Signal,Rain,Dark,Wet,Fatal,Pedestrian Collisions,Driver,30 to 34,None,,East,"Automobile, Station Wagon",Going Ahead,Driving Properly,Normal,,,,,,,Yes,,Yes,,,,,Yes,,,,,,1,West Humber-Clairville,1,West Humber-Clairville (1),D23,615178.4575,4838605.8266
7455,6679376,1255565,9/23/2011 8:00:00 AM,1912,MARTIN GROVE Road,DIXON Road,,Major Arterial,Etobicoke York,43.691545,-79.57079,At Intersection,Traffic Signal,Rain,Dark,Wet,Fatal,Pedestrian Collisions,Pedestrian,75 to 79,Fatal,25,East,Other,Other,,,Vehicle is going straight thru inter.while ped cross without ROW,Crossing marked crosswalk without ROW,Inattentive,,,,Yes,,Yes,,,,,Yes,,,,,,1,West Humber-Clairville,1,West Humber-Clairville (1),D23,615178.4575,4838605.8266
7456,6806149,1266612,9/24/2011 8:00:00 AM,1505,BIRMINGHAM Stre,ETTA WYLIE Road,,Collector,Etobicoke York,43.602445,-79.51009,At Intersection,No Control,Clear,Daylight,Dry,Non-Fatal Injury,Cyclist Collisions,Driver,60 to 64,None,,West,"Automobile, Station Wagon",Turning Left,Failed to Yield Right of Way,Inattentive,,,,,,,,Yes,Yes,,,,,,,Yes,,,,18,New Toronto,18,New Toronto (18),D22,620247.8915,4828796.2367
7457,6806150,1266612,9/24/2011 8:00:00 AM,1505,BIRMINGHAM Stre,ETTA WYLIE Road,,Collector,Etobicoke York,43.602445,-79.51009,At Intersection,No Control,Clear,Daylight,Dry,Non-Fatal Injury,Cyclist Collisions,Cyclist,50 to 54,Major,,East,Bicycle,Going Ahead,,,,,,Motorist turned left across cyclists path.,Driving Properly,Normal,,Yes,Yes,,,,,,,Yes,,,,18,New Toronto,18,New Toronto (18),D22,620247.8915,4828796.2367
7458,6705450,1266936,9/25/2011 8:00:00 AM,130,1279 BLOOR St W,,,Major Arterial,Toronto and East York,43.658445,-79.44219,,No Control,Clear,Dark,Dry,Non-Fatal Injury,Pedestrian Collisions,Vehicle Owner,unknown,,,,Other,,,,,,,,,,Yes,,Yes,,,,,,,,,,,83,Dufferin Grove,83,Dufferin Grove (83),D11,625611.3187,4835116.2836
7459,6705451,1266936,9/25/2011 8:00:00 AM,130,1279 BLOOR St W,,,Major Arterial,Toronto and East York,43.658445,-79.44219,,No Control,Clear,Dark,Dry,Non-Fatal Injury,Pedestrian Collisions,Driver,70 to 74,None,,East,"Automobile, Station Wagon",Going Ahead,Driving Properly,Normal,,,,,,,Yes,,Yes,,,,,,,,,,,83,Dufferin Grove,83,Dufferin Grove (83),D11,625611.3187,4835116.2836
7460,6705452,1266936,9/25/2011 8:00:00 AM,130,1279 BLOOR St W,,,Major Arterial,Toronto and East York,43.658445,-79.44219,,No Control,Clear,Dark,Dry,Non-Fatal Injury,Pedestrian Collisions,Pedestrian,50 to 54,Major,,South,Other,,,,Pedestrian hit at mid-block,"Crossing, no Traffic Control",Normal,,,,Yes,,Yes,,,,,,,,,,,83,Dufferin Grove,83,Dufferin Grove (83),D11,625611.3187,4835116.2836
7461,6705555,1266995,9/25/2011 8:00:00 AM,1945,GRACEDALE Boul,DUNCANWOODS Driv,,Collector,Etobicoke York,43.751045,-79.56039,At Intersection,Stop Sign,Clear,Dark,Dry,Non-Fatal Injury,Cyclist Collisions,Driver,65 to 69,None,,South,"Automobile, Station Wagon",Going Ahead,Failed to Yield Right of Way,Normal,,,,,,,,Yes,Yes,,,,,,,Yes,,,,21,Humber Summit,21,Humber Summit (21),D31,615901.8054,4845228.6298
7462,6705556,1266995,9/25/2011 8:00:00 AM,1945,GRACEDALE Boul,DUNCANWOODS Driv,,Collector,Etobicoke York,43.751045,-79.56039,At Intersection,Stop Sign,Clear,Dark,Dry,Non-Fatal Injury,Cyclist Collisions,Cyclist,10 to 14,Major,,West,Bicycle,Going Ahead,,,,,,"Motorist without ROW drives into path of cyclist at inter, lnwy, dwy-Driver not turn.",Driving Properly,Normal,,Yes,Yes,,,,,,,Yes,,,,21,Humber Summit,21,Humber Summit (21),D31,615901.8054,4845228.6298
7463,6679796,1255770,9/25/2011 8:00:00 AM,1958,LAWRENCE Ave E,VALPARAISO Ave,,Major Arterial,Scarborough,43.755245,-79.24679,,No Control,Clear,Dark,Dry,Non-Fatal Injury,Pedestrian Collisions,Vehicle Owner,unknown,,,,Other,,,,,,,,,,Yes,,Yes,,,,,,,,,,,157,Bendale South,127,Bendale (127),D43,641139.865,4846181.7016
7464,6679797,1255770,9/25/2011 8:00:00 AM,1958,LAWRENCE Ave E,VALPARAISO Ave,,Major Arterial,Scarborough,43.755245,-79.24679,,No Control,Clear,Dark,Dry,Non-Fatal Injury,Pedestrian Collisions,Driver,50 to 54,None,,East,"Automobile, Station Wagon",Going Ahead,Driving Properly,Normal,,,,,,,Yes,,Yes,,,,,,,,,,,157,Bendale South,127,Bendale (127),D43,641139.865,4846181.7016
7465,6679798,1255770,9/25/2011 8:00:00 AM,1958,LAWRENCE Ave E,VALPARAISO Ave,,Major Arterial,Scarborough,43.755245,-79.24679,,No Control,Clear,Dark,Dry,Non-Fatal Injury,Pedestrian Collisions,Pedestrian,50 to 54,Major,,South,Other,,,,Vehicle is going straight thru inter.while ped cross without ROW,"Crossing, no Traffic Control",Unknown,,,,Yes,,Yes,,,,,,,,,,,157,Bendale South,127,Bendale (127),D43,641139.865,4846181.7016
7466,6705829,1267110,9/27/2011 8:00:00 AM,1905,16 STORMONT AVE,,,Local,North York,43.719745,-79.42329,,No Control,Clear,Daylight,Dry,Non-Fatal Injury,Pedestrian Collisions,Driver,55 to 59,None,,East,"Automobile, Station Wagon",Going Ahead,Driving Properly,Normal,,,,,,,Yes,,Yes,,,,,,,,,,,39,Bedford Park-Nortown,39,Bedford Park-Nortown (39),D53,627005.8562,4841953.2747
7467,6705830,1267110,9/27/2011 8:00:00 AM,1905,16 STORMONT AVE,,,Local,North York,43.719745,-79.42329,,No Control,Clear,Daylight,Dry,Non-Fatal Injury,Pedestrian Collisions,Pedestrian,5 to 9,Major,,Unknown,Other,,,,Pedestrian hit at mid-block,Playing or Working on Highway,Inattentive,,,,Yes,,Yes,,,,,,,,,,,39,Bedford Park-Nortown,39,Bedford Park-Nortown (39),D53,627005.8562,4841953.2747
7468,6805653,1259697,9/28/2011 8:00:00 AM,830,BATHURST Stre,REINER Road,,Major Arterial,North York,43.752345,-79.43769,At Intersection,Stop Sign,Clear,Daylight,Dry,Non-Fatal Injury,Pedestrian Collisions,Driver,unknown,None,,East,"Automobile, Station Wagon",Turning Right,Failed to Yield Right of Way,Inattentive,,,,,,,Yes,,Yes,,,,,,,Yes,,,,38,Lansing-Westgate,38,Lansing-Westgate (38),D32,625777.6378,4845552.012
7469,6805654,1259697,9/28/2011 8:00:00 AM,830,BATHURST Stre,REINER Road,,Major Arterial,North York,43.752345,-79.43769,At Intersection,Stop Sign,Clear,Daylight,Dry,Non-Fatal Injury,Pedestrian Collisions,Pedestrian,80 to 84,Major,,North,Other,,,,Vehicle turns right while ped crosses with ROW at inter.,Crossing with right of way,Normal,,,,Yes,,Yes,,,,,,,Yes,,,,38,Lansing-Westgate,38,Lansing-Westgate (38),D32,625777.6378,4845552.012
7470,6707451,1267808,9/30/2011 8:00:00 AM,1515,WELLINGTON ST W,BLUE JAYS WAY,,Collector,Toronto and East York,43.644745,-79.39179,,Traffic Signal,Clear,Daylight,Dry,Non-Fatal Injury,Pedestrian Collisions,Driver,50 to 54,None,,West,"Automobile, Station Wagon",Turning Left,Failed to Yield Right of Way,Inattentive,,,,,,,Yes,,Yes,,,,,,,Yes,,,,164,Wellington Place,77,Waterfront Communities-The Island (77),D52,629704.7646,4833672.2535
7471,6707452,1267808,9/30/2011 8:00:00 AM,1515,WELLINGTON ST W,BLUE JAYS WAY,,Collector,Toronto and East York,43.644745,-79.39179,,Traffic Signal,Clear,Daylight,Dry,Non-Fatal Injury,Pedestrian Collisions,Pedestrian,50 to 54,Major,,West,Other,,,,Vehicle turns left while ped crosses with ROW at inter.,Crossing with right of way,Normal,,,,Yes,,Yes,,,,,,,Yes,,,,164,Wellington Place,77,Waterfront Communities-The Island (77),D52,629704.7646,4833672.2535
7472,6707419,1267797,9/30/2011 8:00:00 AM,1912,LAKE SHORE BLVD W,KIPLING AVE,,Major Arterial,Etobicoke York,43.598145,-79.51689,At Intersection,Traffic Signal,Rain,Dark,Wet,Non-Fatal Injury,Pedestrian Collisions,Driver,40 to 44,None,,East,"Automobile, Station Wagon",Going Ahead,Driving Properly,Normal,,,,,,,Yes,,Yes,,,,,,,,,,,18,New Toronto,18,New Toronto (18),D22,619707.5981,4828308.8486
7473,6707420,1267797,9/30/2011 8:00:00 AM,1912,LAKE SHORE BLVD W,KIPLING AVE,,Major Arterial,Etobicoke York,43.598145,-79.51689,At Intersection,Traffic Signal,Rain,Dark,Wet,Non-Fatal Injury,Pedestrian Collisions,Pedestrian,30 to 34,Minor,,South,Other,,,,Vehicle is going straight thru inter.while ped cross without ROW,Running onto Roadway,Normal,,,,Yes,,Yes,,,,,,,,,,,18,New Toronto,18,New Toronto (18),D22,619707.5981,4828308.8486
7474,6707421,1267797,9/30/2011 8:00:00 AM,1912,LAKE SHORE BLVD W,KIPLING AVE,,Major Arterial,Etobicoke York,43.598145,-79.51689,At Intersection,Traffic Signal,Rain,Dark,Wet,Non-Fatal Injury,Pedestrian Collisions,Pedestrian,30 to 34,Major,,South,Other,,,,Vehicle is going straight thru inter.while ped cross without ROW,Running onto Roadway,Normal,,,,Yes,,Yes,,,,,,,,,,,18,New Toronto,18,New Toronto (18),D22,619707.5981,4828308.8486
7475,6682146,1256813,10/1/2011 8:00:00 AM,1248,WILLIAM R ALLEN RD N,SHEPPARD AVE W,,Major Arterial,North York,43.747945,-79.46239,,Traffic Signal,Clear,Daylight,Dry,Non-Fatal Injury,Sideswipe,Vehicle Owner,unknown,,,,Other,,,,,,,,,,,,Yes,,,,,,,,,,,155,Downsview,26,Downsview-Roding-CFB (26),D32,623798.1572,4845026.1173
7476,6682147,1256813,10/1/2011 8:00:00 AM,1248,WILLIAM R ALLEN RD N,SHEPPARD AVE W,,Major Arterial,North York,43.747945,-79.46239,,Traffic Signal,Clear,Daylight,Dry,Non-Fatal Injury,Sideswipe,Driver,40 to 44,Major,,North,"Automobile, Station Wagon",Changing Lanes,Improper Lane Change,Normal,,,,,,,,,Yes,,,,,,,,,,,155,Downsview,26,Downsview-Roding-CFB (26),D32,623798.1572,4845026.1173
7477,6682148,1256813,10/1/2011 8:00:00 AM,1248,WILLIAM R ALLEN RD N,SHEPPARD AVE W,,Major Arterial,North York,43.747945,-79.46239,,Traffic Signal,Clear,Daylight,Dry,Non-Fatal Injury,Sideswipe,Driver,65 to 69,Minimal,,North,"Automobile, Station Wagon",Going Ahead,Driving Properly,Normal,,,,,,,,,Yes,,,,,,,,,,,155,Downsview,26,Downsview-Roding-CFB (26),D32,623798.1572,4845026.1173
7478,6685865,1258477,10/3/2011 8:00:00 AM,640,KIPLING Aven,FROST Stre,,Major Arterial,Etobicoke York,43.714145,-79.56789,,No Control,Rain,Daylight,Wet,Non-Fatal Injury,Pedestrian Collisions,Driver,unknown,None,,North,"Automobile, Station Wagon",Going Ahead,Failed to Yield Right of Way,Unknown,,,,,,,Yes,,Yes,,,,,,,Yes,,,,1,West Humber-Clairville,1,West Humber-Clairville (1),D23,615368.8108,4841119.8962
7479,6685866,1258477,10/3/2011 8:00:00 AM,640,KIPLING Aven,FROST Stre,,Major Arterial,Etobicoke York,43.714145,-79.56789,,No Control,Rain,Daylight,Wet,Non-Fatal Injury,Pedestrian Collisions,Pedestrian,30 to 34,Major,,West,Other,,,,Vehicle is going straight thru inter.while ped cross without ROW,"Crossing, no Traffic Control",Normal,,,,Yes,,Yes,,,,,,,Yes,,,,1,West Humber-Clairville,1,West Humber-Clairville (1),D23,615368.8108,4841119.8962
7480,6707930,1267989,10/3/2011 8:00:00 AM,1609,BAY ST,GRENVILLE ST,,Major Arterial,Toronto and East York,43.662045,-79.38619,,No Control,Clear,Daylight,Dry,Non-Fatal Injury,Cyclist Collisions,Driver,60 to 64,None,,South,"Automobile, Station Wagon",Overtaking,Improper Lane Change,Inattentive,,,,,,,,Yes,Yes,,,,,,,,,,,169,Bay-Cloverhill,76,Bay Street Corridor (76),D52,630119.051,4835602.4133
7481,6707931,1267989,10/3/2011 8:00:00 AM,1609,BAY ST,GRENVILLE ST,,Major Arterial,Toronto and East York,43.662045,-79.38619,,No Control,Clear,Daylight,Dry,Non-Fatal Injury,Cyclist Collisions,Vehicle Owner,unknown,,,,Other,,,,,,,,,,,Yes,Yes,,,,,,,,,,,169,Bay-Cloverhill,76,Bay Street Corridor (76),D52,630119.051,4835602.4133
7482,6707932,1267989,10/3/2011 8:00:00 AM,1609,BAY ST,GRENVILLE ST,,Major Arterial,Toronto and East York,43.662045,-79.38619,,No Control,Clear,Daylight,Dry,Non-Fatal Injury,Cyclist Collisions,Cyclist,55 to 59,Major,,South,Bicycle,Going Ahead,,,,,,Cyclist and Driver travelling in same direction. One vehicle sideswipes the other.,Driving Properly,Normal,,Yes,Yes,,,,,,,,,,,169,Bay-Cloverhill,76,Bay Street Corridor (76),D52,630119.051,4835602.4133
7483,6806248,1267990,10/3/2011 8:00:00 AM,1700,QUEEN ST E,HILTZ AVE,,Minor Arterial,Toronto and East York,43.663945,-79.32679,,No Control,Clear,Daylight,Dry,Non-Fatal Injury,Rear End,Vehicle Owner,unknown,,,,Other,,,,,,,,,,,,,,Yes,,,Yes,,,,,,65,Greenwood-Coxwell,65,Greenwood-Coxwell (65),D55,634904.1804,4835908.3089
7484,6806249,1267990,10/3/2011 8:00:00 AM,1700,QUEEN ST E,HILTZ AVE,,Minor Arterial,Toronto and East York,43.663945,-79.32679,,No Control,Clear,Daylight,Dry,Non-Fatal Injury,Rear End,Truck Driver,45 to 49,None,,West,Truck - Open,Stopped,Driving Properly,Normal,,,,,,,,,,,Yes,,,Yes,,,,,,65,Greenwood-Coxwell,65,Greenwood-Coxwell (65),D55,634904.1804,4835908.3089
7485,6806250,1267990,10/3/2011 8:00:00 AM,1700,QUEEN ST E,HILTZ AVE,,Minor Arterial,Toronto and East York,43.663945,-79.32679,,No Control,Clear,Daylight,Dry,Non-Fatal Injury,Rear End,Passenger,15 to 19,Major,,,Other,,,,,,,,,,,,,,Yes,,,Yes,,,,,,65,Greenwood-Coxwell,65,Greenwood-Coxwell (65),D55,634904.1804,4835908.3089
7486,6806251,1267990,10/3/2011 8:00:00 AM,1700,QUEEN ST E,HILTZ AVE,,Minor Arterial,Toronto and East York,43.663945,-79.32679,,No Control,Clear,Daylight,Dry,Non-Fatal Injury,Rear End,Driver,15 to 19,Minimal,,West,Other,Going Ahead,Lost control,Inattentive,,,,,,,,,,,Yes,,,Yes,,,,,,65,Greenwood-Coxwell,65,Greenwood-Coxwell (65),D55,634904.1804,4835908.3089
7487,6683697,1257535,10/4/2011 8:00:00 AM,1716,KIPLING AVE,REDWATER DR,,Major Arterial,Etobicoke York,43.714845,-79.56819,,No Control,Clear,Daylight,Dry,Non-Fatal Injury,SMV Other,Passenger,70 to 74,Major,,,Other,,,,,,,,,,,,Yes,,,,,Yes,,Yes,,,,4,Rexdale-Kipling,4,Rexdale-Kipling (4),D23,615343.3001,4841197.2233
7488,6683698,1257535,10/4/2011 8:00:00 AM,1716,KIPLING AVE,REDWATER DR,,Major Arterial,Etobicoke York,43.714845,-79.56819,,No Control,Clear,Daylight,Dry,Non-Fatal Injury,SMV Other,Driver,70 to 74,Major,,North,"Automobile, Station Wagon",Going Ahead,Lost control,Unknown,,,,,,,,,Yes,,,,,Yes,,Yes,,,,4,Rexdale-Kipling,4,Rexdale-Kipling (4),D23,615343.3001,4841197.2233
7489,7559156,1268039,10/4/2011 8:00:00 AM,2040,BRIMLEY RD,PROGRESS AVE,,Major Arterial,Scarborough,43.775245,-79.26319,,Traffic Signal,Clear,Dark,Dry,Non-Fatal Injury,Turning Movement,Passenger,20 to 24,Minor,,,Other,,,,,,,,,,,,Yes,,,,,Yes,,Yes,,,,156,Bendale-Glen Andrew,127,Bendale (127),D41,639772.9991,4848375.1938
7490,7559157,1268039,10/4/2011 8:00:00 AM,2040,BRIMLEY RD,PROGRESS AVE,,Major Arterial,Scarborough,43.775245,-79.26319,,Traffic Signal,Clear,Dark,Dry,Non-Fatal Injury,Turning Movement,Driver,20 to 24,Minimal,,South,"Automobile, Station Wagon",Turning Left,Failed to Yield Right of Way,Normal,,,,,,,,,Yes,,,,,Yes,,Yes,,,,156,Bendale-Glen Andrew,127,Bendale (127),D41,639772.9991,4848375.1938
7491,7559158,1268039,10/4/2011 8:00:00 AM,2040,BRIMLEY RD,PROGRESS AVE,,Major Arterial,Scarborough,43.775245,-79.26319,,Traffic Signal,Clear,Dark,Dry,Non-Fatal Injury,Turning Movement,Vehicle Owner,unknown,,,,Other,,,,,,,,,,,,Yes,,,,,Yes,,Yes,,,,156,Bendale-Glen Andrew,127,Bendale (127),D41,639772.9991,4848375.1938
7492,7559159,1268039,10/4/2011 8:00:00 AM,2040,BRIMLEY RD,PROGRESS AVE,,Major Arterial,Scarborough,43.775245,-79.26319,,Traffic Signal,Clear,Dark,Dry,Non-Fatal Injury,Turning Movement,Driver,45 to 49,Major,,North,"Automobile, Station Wagon",Going Ahead,Driving Properly,Normal,,,,,,,,,Yes,,,,,Yes,,Yes,,,,156,Bendale-Glen Andrew,127,Bendale (127),D41,639772.9991,4848375.1938
7493,6683664,1257517,10/5/2011 8:00:00 AM,829,LAWRENCE Aven W,LEDBURY Stre,,Major Arterial,North York,43.720845,-79.42249,,Traffic Signal,Clear,Daylight,Dry,Non-Fatal Injury,Pedestrian Collisions,Pedestrian,40 to 44,Major,,North,Other,,,,Vehicle turns left while ped crosses without ROW at inter.,Crossing without right of way,Inattentive,,,,Yes,,Yes,,,,,,,,,,,39,Bedford Park-Nortown,39,Bedford Park-Nortown (39),D32,627067.9724,4842076.6716
7494,6683665,1257517,10/5/2011 8:00:00 AM,829,LAWRENCE Aven W,LEDBURY Stre,,Major Arterial,North York,43.720845,-79.42249,,Traffic Signal,Clear,Daylight,Dry,Non-Fatal Injury,Pedestrian Collisions,Driver,40 to 44,None,,South,"Automobile, Station Wagon",Turning Left,Driving Properly,Normal,,,,,,,Yes,,Yes,,,,,,,,,,,39,Bedford Park-Nortown,39,Bedford Park-Nortown (39),D32,627067.9724,4842076.6716
7495,7559066,1257763,10/6/2011 8:00:00 AM,1945,JANE St,COURAGE Ave,,Major Arterial,Etobicoke York,43.744845,-79.51459,At Intersection,No Control,Clear,Dark,Dry,Non-Fatal Injury,Pedestrian Collisions,Driver,65 to 69,Minor,,South,"Automobile, Station Wagon",Going Ahead,,,,,,,,,Yes,,Yes,,,,,,,,,,,25,Glenfield-Jane Heights,25,Glenfield-Jane Heights (25),D31,619601.4998,4844605.1314
7496,7559067,1257763,10/6/2011 8:00:00 AM,1945,JANE St,COURAGE Ave,,Major Arterial,Etobicoke York,43.744845,-79.51459,At Intersection,No Control,Clear,Dark,Dry,Non-Fatal Injury,Pedestrian Collisions,Pedestrian,65 to 69,Major,,,Other,Other,,,,,,,,,Yes,,Yes,,,,,,,,,,,25,Glenfield-Jane Heights,25,Glenfield-Jane Heights (25),D31,619601.4998,4844605.1314
7497,6708758,1268346,10/6/2011 8:00:00 AM,2005,CROUSE Rd,BIRCHMOUNT Rd,,Local,Scarborough,43.740345,-79.28359,,No Control,Clear,Dark,Dry,Non-Fatal Injury,Pedestrian Collisions,,unknown,None,,East,,Reversing,,,,,,,,,Yes,,,,,,,,,,,,,119,Wexford/Maryvale,119,Wexford/Maryvale (119),D41,638211.5861,4844464.777
7498,6708759,1268346,10/6/2011 8:00:00 AM,2005,CROUSE Rd,BIRCHMOUNT Rd,,Local,Scarborough,43.740345,-79.28359,,No Control,Clear,Dark,Dry,Non-Fatal Injury,Pedestrian Collisions,Other,unknown,None,,,Other,,,,,,,,,,Yes,,,,,,,,,,,,,119,Wexford/Maryvale,119,Wexford/Maryvale (119),D41,638211.5861,4844464.777
7499,6708760,1268346,10/6/2011 8:00:00 AM,2005,CROUSE Rd,BIRCHMOUNT Rd,,Local,Scarborough,43.740345,-79.28359,,No Control,Clear,Dark,Dry,Non-Fatal Injury,Pedestrian Collisions,Other,unknown,None,,,Other,,,,,,,,,,Yes,,,,,,,,,,,,,119,Wexford/Maryvale,119,Wexford/Maryvale (119),D41,638211.5861,4844464.777
7500,6708761,1268346,10/6/2011 8:00:00 AM,2005,CROUSE Rd,BIRCHMOUNT Rd,,Local,Scarborough,43.740345,-79.28359,,No Control,Clear,Dark,Dry,Non-Fatal Injury,Pedestrian Collisions,Pedestrian,50 to 54,Major,,Unknown,Other,,,,Pedestrian hit at mid-block,Pushing/Working on Vehicle,Inattentive,,,,Yes,,,,,,,,,,,,,119,Wexford/Maryvale,119,Wexford/Maryvale (119),D41,638211.5861,4844464.777
7501,6710483,1269063,10/7/2011 8:00:00 AM,14,ISLINGTON AVE,BERGAMOT AVE,,Major Arterial,Etobicoke York,43.716945,-79.55599,At Intersection,Traffic Signal,Clear,Dark,Dry,Non-Fatal Injury,Pedestrian Collisions,Driver,50 to 54,None,,West,"Automobile, Station Wagon",Turning Left,Failed to Yield Right of Way,Inattentive,,,,,,,Yes,,Yes,,,,,,,Yes,,,,4,Rexdale-Kipling,4,Rexdale-Kipling (4),D23,616322.0478,4841447.5062
7502,6710484,1269063,10/7/2011 8:00:00 AM,14,ISLINGTON AVE,BERGAMOT AVE,,Major Arterial,Etobicoke York,43.716945,-79.55599,At Intersection,Traffic Signal,Clear,Dark,Dry,Non-Fatal Injury,Pedestrian Collisions,Pedestrian,20 to 24,Major,,East,Other,,,,Vehicle turns left while ped crosses with ROW at inter.,Crossing with right of way,Normal,,,,Yes,,Yes,,,,,,,Yes,,,,4,Rexdale-Kipling,4,Rexdale-Kipling (4),D23,616322.0478,4841447.5062
7503,6710361,1269009,10/7/2011 8:00:00 AM,1010,GREENWIN VILLAGE Road,BISON Driv,,Collector,North York,43.790845,-79.44409,,No Control,Clear,Daylight,Dry,Non-Fatal Injury,Pedestrian Collisions,Driver,65 to 69,None,,West,"Automobile, Station Wagon",Turning Left,Lost control,Normal,,,,,,,Yes,,Yes,,,,,,,,,,,36,Newtonbrook West,36,Newtonbrook West (36),D32,625182.0368,4849818.3216
7504,6710362,1269009,10/7/2011 8:00:00 AM,1010,GREENWIN VILLAGE Road,BISON Driv,,Collector,North York,43.790845,-79.44409,,No Control,Clear,Daylight,Dry,Non-Fatal Injury,Pedestrian Collisions,Pedestrian,15 to 19,Major,,Unknown,Other,,,,Pedestrian hit on sidewalk or shoulder,On Sidewalk or Shoulder,Normal,,,,Yes,,Yes,,,,,,,,,,,36,Newtonbrook West,36,Newtonbrook West (36),D32,625182.0368,4849818.3216
7505,6710775,1269208,10/8/2011 8:00:00 AM,1310,ST GEORGES Blvd,YORK Rd,,Local,Etobicoke York,43.702245,-79.55379,At Intersection,Stop Sign,Clear,Daylight,Dry,Non-Fatal Injury,SMV Other,Passenger,25 to 29,Minor,,,Other,,,,,,,,,,,,,Yes,,,,Yes,,,,,,6,Kingsview Village-The Westway,6,Kingsview Village-The Westway (6),D23,616527.7518,4839817.9586
7506,6710776,1269208,10/8/2011 8:00:00 AM,1310,ST GEORGES Blvd,YORK Rd,,Local,Etobicoke York,43.702245,-79.55379,At Intersection,Stop Sign,Clear,Daylight,Dry,Non-Fatal Injury,SMV Other,Motorcycle Driver,30 to 34,Major,,West,Motorcycle,Going Ahead,Lost control,Other,,,,,,,,,,Yes,,,,Yes,,,,,,6,Kingsview Village-The Westway,6,Kingsview Village-The Westway (6),D23,616527.7518,4839817.9586
7507,6712120,1269733,10/9/2011 8:00:00 AM,853,STEELES Aven E,WARDEN Aven,,Major Arterial,Scarborough,43.819645,-79.32439,At Intersection,Traffic Signal,Clear,Daylight,Dry,Non-Fatal Injury,Pedestrian Collisions,Driver,50 to 54,None,,South,"Automobile, Station Wagon",Turning Left,Failed to Yield Right of Way,Normal,,,,,,,Yes,,Yes,,,,,,,Yes,,,,NSA,NSA,NSA,NSA,D42,634747.9211,4853205.0196
7508,6712121,1269733,10/9/2011 8:00:00 AM,853,STEELES Aven E,WARDEN Aven,,Major Arterial,Scarborough,43.819645,-79.32439,At Intersection,Traffic Signal,Clear,Daylight,Dry,Non-Fatal Injury,Pedestrian Collisions,Pedestrian,40 to 44,Major,,North,Other,,,,Vehicle turns left while ped crosses with ROW at inter.,Running onto Roadway,Unknown,,,,Yes,,Yes,,,,,,,Yes,,,,NSA,NSA,NSA,NSA,D42,634747.9211,4853205.0196
7509,6712159,1269753,10/9/2011 8:00:00 AM,1659,WESTACRES Driv,KEELE Stre,,Major Arterial,Etobicoke York,43.694945,-79.47489,At Intersection,Stop Sign,Clear,Daylight,Dry,Non-Fatal Injury,Pedestrian Collisions,Driver,25 to 29,None,,East,"Automobile, Station Wagon",Turning Right,Failed to Yield Right of Way,Inattentive,,,,,,,Yes,,Yes,,,,,,,Yes,,,,112,Beechborough-Greenbrook,112,Beechborough-Greenbrook (112),D12,622900.0509,4839121.1119
7510,6712160,1269753,10/9/2011 8:00:00 AM,1659,WESTACRES Driv,KEELE Stre,,Major Arterial,Etobicoke York,43.694945,-79.47489,At Intersection,Stop Sign,Clear,Daylight,Dry,Non-Fatal Injury,Pedestrian Collisions,Pedestrian,25 to 29,Major,,North,Other,,,,Vehicle turns right while ped crosses with ROW at inter.,Crossing with right of way,Normal,,,,Yes,,Yes,,,,,,,Yes,,,,112,Beechborough-Greenbrook,112,Beechborough-Greenbrook (112),D12,622900.0509,4839121.1119
7511,6685149,1258191,10/10/2011 8:00:00 AM,437,DORIS AVE,NORTHTOWN WAY,,Minor Arterial,North York,43.775445,-79.41279,,No Control,Clear,Dark,Dry,Non-Fatal Injury,Pedestrian Collisions,Driver,20 to 24,None,,North,"Automobile, Station Wagon",Going Ahead,Lost control,"Ability Impaired, Alcohol Over .08",,,,,,,Yes,,Yes,,,,,,Yes,Yes,,Yes,,151,Yonge-Doris,51,Willowdale East (51),D32,627733.1196,4848155.7271
7512,6685150,1258191,10/10/2011 8:00:00 AM,437,DORIS AVE,NORTHTOWN WAY,,Minor Arterial,North York,43.775445,-79.41279,,No Control,Clear,Dark,Dry,Non-Fatal Injury,Pedestrian Collisions,Pedestrian,25 to 29,Major,,Unknown,Other,,,,Pedestrian hit on sidewalk or shoulder,On Sidewalk or Shoulder,Unknown,,,,Yes,,Yes,,,,,,Yes,Yes,,Yes,,151,Yonge-Doris,51,Willowdale East (51),D32,627733.1196,4848155.7271
7513,6685143,1258189,10/10/2011 8:00:00 AM,540,KENNEDY RD,FINCH AVE E,,Major Arterial,Scarborough,43.801245,-79.29659,At Intersection,Traffic Signal,Clear,"Dark, artificial",Dry,Fatal,SMV Other,Passenger,20 to 24,Minor,,,Other,,,,,,,,,,,,Yes,,,,,Yes,,,,,,148,East L'Amoreaux,117,L'Amoreaux (117),D42,637025.616,4851207.0593