OBJECTID,INDEX,ACCNUM,DATE,TIME,STREET1,STREET2,OFFSET,ROAD_CLASS,DISTRICT,LATITUDE,LONGITUDE,ACCLOC,TRAFFCTL,VISIBILITY,LIGHT,RDSFCOND,ACCLASS,IMPACTYPE,INVTYPE,INVAGE,INJURY,FATAL_NO,INITDIR,VEHTYPE,MANOEUVER,DRIVACT,DRIVCOND,PEDTYPE,PEDACT,PEDCOND,CYCLISTYPE,CYCACT,CYCCOND,PEDESTRIAN,CYCLIST,AUTOMOBILE,MOTORCYCLE,TRUCK,TRSN_CITY_VEH,EMERG_VEH,PASSENGER,SPEEDING,AG_DRIV,REDLIGHT,ALCOHOL,DISABILITY,HOOD_158,NEIGHBOURHOOD_158,HOOD_140,NEIGHBOURHOOD_140,DIVISION,x,y
7514,6685144,1258189,10/10/2011 8:00:00 AM,540,KENNEDY RD,FINCH AVE E,,Major Arterial,Scarborough,43.801245,-79.29659,At Intersection,Traffic Signal,Clear,"Dark, artificial",Dry,Fatal,SMV Other,Driver,25 to 29,Fatal,27,South,"Automobile, Station Wagon",Going Ahead,Lost control,Unknown,,,,,,,,,Yes,,,,,Yes,,,,,,148,East L'Amoreaux,117,L'Amoreaux (117),D42,637025.616,4851207.0593
7515,6685145,1258189,10/10/2011 8:00:00 AM,540,KENNEDY RD,FINCH AVE E,,Major Arterial,Scarborough,43.801245,-79.29659,At Intersection,Traffic Signal,Clear,"Dark, artificial",Dry,Fatal,SMV Other,Other Property Owner,unknown,,,,Other,,,,,,,,,,,,Yes,,,,,Yes,,,,,,148,East L'Amoreaux,117,L'Amoreaux (117),D42,637025.616,4851207.0593
7516,6685146,1258189,10/10/2011 8:00:00 AM,540,KENNEDY RD,FINCH AVE E,,Major Arterial,Scarborough,43.801245,-79.29659,At Intersection,Traffic Signal,Clear,"Dark, artificial",Dry,Fatal,SMV Other,Other Property Owner,unknown,,,,Other,,,,,,,,,,,,Yes,,,,,Yes,,,,,,148,East L'Amoreaux,117,L'Amoreaux (117),D42,637025.616,4851207.0593
7517,6685147,1258190,10/10/2011 8:00:00 AM,549,F G GARDINER XY Expr E,KIPLING AVE,,,Etobicoke York,43.620245,-79.51349,,No Control,Clear,Dark,Dry,Non-Fatal Injury,SMV Other,Vehicle Owner,unknown,,,,Other,,,,,,,,,,,,Yes,,,,,,,,,,,160,Mimico-Queensway,17,Mimico (includes Humber Bay Shores) (17),D22,619938.0956,4830768.2248
7518,6685148,1258190,10/10/2011 8:00:00 AM,549,F G GARDINER XY Expr E,KIPLING AVE,,,Etobicoke York,43.620245,-79.51349,,No Control,Clear,Dark,Dry,Non-Fatal Injury,SMV Other,Driver,40 to 44,Major,,East,"Automobile, Station Wagon",Going Ahead,Lost control,Inattentive,,,,,,,,,Yes,,,,,,,,,,,160,Mimico-Queensway,17,Mimico (includes Humber Bay Shores) (17),D22,619938.0956,4830768.2248
7519,6711358,1269435,10/11/2011 8:00:00 AM,1815,DANFORTH AVE,EUSTON AVE,,Major Arterial,Toronto and East York,43.680345,-79.33779,At Intersection,No Control,Clear,Daylight,Dry,Non-Fatal Injury,Turning Movement,Driver,75 to 79,Major,,West,"Automobile, Station Wagon",Turning Left,Failed to Yield Right of Way,Normal,,,,,,,,,Yes,,,,,,,Yes,,,,66,Danforth,66,Danforth (66),D55,633980.7855,4837711.924
7520,6711359,1269435,10/11/2011 8:00:00 AM,1815,DANFORTH AVE,EUSTON AVE,,Major Arterial,Toronto and East York,43.680345,-79.33779,At Intersection,No Control,Clear,Daylight,Dry,Non-Fatal Injury,Turning Movement,Driver,35 to 39,None,,East,"Automobile, Station Wagon",Going Ahead,Driving Properly,Normal,,,,,,,,,Yes,,,,,,,Yes,,,,66,Danforth,66,Danforth (66),D55,633980.7855,4837711.924
7521,6806984,1274476,10/12/2011 8:00:00 AM,240,VICTORIA ST,SHUTER ST,,Minor Arterial,Toronto and East York,43.654345,-79.37879,,No Control,Clear,Dark,Dry,Non-Fatal Injury,SMV Unattended Vehicle,Vehicle Owner,unknown,,,,Other,,,,,,,,,,,,Yes,,,,,,,Yes,,,,168,Downtown Yonge East,75,Church-Yonge Corridor (75),D51,630732.4177,4834758.8586
7522,6806985,1274476,10/12/2011 8:00:00 AM,240,VICTORIA ST,SHUTER ST,,Minor Arterial,Toronto and East York,43.654345,-79.37879,,No Control,Clear,Dark,Dry,Non-Fatal Injury,SMV Unattended Vehicle,Driver,55 to 59,Major,,North,"Automobile, Station Wagon",Going Ahead,Lost control,Inattentive,,,,,,,,,Yes,,,,,,,Yes,,,,168,Downtown Yonge East,75,Church-Yonge Corridor (75),D51,630732.4177,4834758.8586
7523,6806986,1274476,10/12/2011 8:00:00 AM,240,VICTORIA ST,SHUTER ST,,Minor Arterial,Toronto and East York,43.654345,-79.37879,,No Control,Clear,Dark,Dry,Non-Fatal Injury,SMV Unattended Vehicle,Other,unknown,None,,North,Other,Parked,,,,,,,,,,,Yes,,,,,,,Yes,,,,168,Downtown Yonge East,75,Church-Yonge Corridor (75),D51,630732.4177,4834758.8586
7524,6711612,1269531,10/12/2011 8:00:00 AM,1214,YONGE ST,BALLIOL ST,,Major Arterial,Toronto and East York,43.697345,-79.39649,At Intersection,No Control,Rain,Daylight,Wet,Non-Fatal Injury,Pedestrian Collisions,Driver,60 to 64,None,,North,"Automobile, Station Wagon",Going Ahead,Driving Properly,Normal,,,,,,,Yes,,Yes,,,,,,,,,,,100,Yonge-Eglinton,100,Yonge-Eglinton (100),D53,629212.7721,4839506.8562
7525,6711613,1269531,10/12/2011 8:00:00 AM,1214,YONGE ST,BALLIOL ST,,Major Arterial,Toronto and East York,43.697345,-79.39649,At Intersection,No Control,Rain,Daylight,Wet,Non-Fatal Injury,Pedestrian Collisions,In-Line Skater,15 to 19,Major,,West,Other,,,,Vehicle is going straight thru inter.while ped cross without ROW,Running onto Roadway,Normal,,,,Yes,,Yes,,,,,,,,,,,100,Yonge-Eglinton,100,Yonge-Eglinton (100),D53,629212.7721,4839506.8562
7526,6693240,1261623,10/12/2011 8:00:00 AM,1300,BLOOR Stre W,RUNNYMEDE Road,,Major Arterial,Toronto and East York,43.651145,-79.47629,,No Control,Clear,Daylight,Other,Non-Fatal Injury,Pedestrian Collisions,Driver,unknown,None,,,"Automobile, Station Wagon",Going Ahead,,,,,,,,,Yes,,Yes,,,,,,,,,,,88,High Park North,88,High Park North (88),D11,622876.5863,4834254.466
7527,6693241,1261623,10/12/2011 8:00:00 AM,1300,BLOOR Stre W,RUNNYMEDE Road,,Major Arterial,Toronto and East York,43.651145,-79.47629,,No Control,Clear,Daylight,Other,Non-Fatal Injury,Pedestrian Collisions,Pedestrian,unknown,Major,,,Other,Other,,,,,,,,,Yes,,Yes,,,,,,,,,,,88,High Park North,88,High Park North (88),D11,622876.5863,4834254.466
7528,7559174,1269584,10/13/2011 8:00:00 AM,1830,KEELE ST,GRANDRAVINE DR,,Major Arterial,Etobicoke York,43.752045,-79.48819,At Intersection,Traffic Signal,Clear,Dusk,Dry,Non-Fatal Injury,Pedestrian Collisions,Vehicle Owner,unknown,None,,,Other,Unknown,,,,,,,,,Yes,,Yes,,,,,Yes,,Yes,Yes,,,27,York University Heights,27,York University Heights (27),D31,621712.5847,4845443.249
7529,7559175,1269584,10/13/2011 8:00:00 AM,1830,KEELE ST,GRANDRAVINE DR,,Major Arterial,Etobicoke York,43.752045,-79.48819,At Intersection,Traffic Signal,Clear,Dusk,Dry,Non-Fatal Injury,Pedestrian Collisions,Passenger,20 to 24,Minor,,,Other,,,,,,,,,,Yes,,Yes,,,,,Yes,,Yes,Yes,,,27,York University Heights,27,York University Heights (27),D31,621712.5847,4845443.249
7530,7559176,1269584,10/13/2011 8:00:00 AM,1830,KEELE ST,GRANDRAVINE DR,,Major Arterial,Etobicoke York,43.752045,-79.48819,At Intersection,Traffic Signal,Clear,Dusk,Dry,Non-Fatal Injury,Pedestrian Collisions,Driver,20 to 24,None,,South,"Automobile, Station Wagon",Going Ahead,Disobeyed Traffic Control,Normal,,,,,,,Yes,,Yes,,,,,Yes,,Yes,Yes,,,27,York University Heights,27,York University Heights (27),D31,621712.5847,4845443.249
7531,7559177,1269584,10/13/2011 8:00:00 AM,1830,KEELE ST,GRANDRAVINE DR,,Major Arterial,Etobicoke York,43.752045,-79.48819,At Intersection,Traffic Signal,Clear,Dusk,Dry,Non-Fatal Injury,Pedestrian Collisions,Driver,65 to 69,Minor,,North,"Automobile, Station Wagon",Turning Left,Disobeyed Traffic Control,Normal,,,,,,,Yes,,Yes,,,,,Yes,,Yes,Yes,,,27,York University Heights,27,York University Heights (27),D31,621712.5847,4845443.249
7532,7559178,1269584,10/13/2011 8:00:00 AM,1830,KEELE ST,GRANDRAVINE DR,,Major Arterial,Etobicoke York,43.752045,-79.48819,At Intersection,Traffic Signal,Clear,Dusk,Dry,Non-Fatal Injury,Pedestrian Collisions,Pedestrian,50 to 54,Major,,Unknown,Other,,,,Pedestrian hit on sidewalk or shoulder,On Sidewalk or Shoulder,Unknown,,,,Yes,,Yes,,,,,Yes,,Yes,Yes,,,27,York University Heights,27,York University Heights (27),D31,621712.5847,4845443.249
7533,6805630,1259013,10/14/2011 8:00:00 AM,708,2003 BRIMLEY RD,,,Major Arterial,Scarborough,43.786245,-79.26749,,No Control,Clear,Daylight,Wet,Non-Fatal Injury,Pedestrian Collisions,Vehicle Owner,unknown,,,,Other,,,,,,,,,,Yes,,Yes,,,,,,,,,,,128,Agincourt South-Malvern West,128,Agincourt South-Malvern West (128),D42,639401.3764,4849589.6664
7534,6805631,1259013,10/14/2011 8:00:00 AM,708,2003 BRIMLEY RD,,,Major Arterial,Scarborough,43.786245,-79.26749,,No Control,Clear,Daylight,Wet,Non-Fatal Injury,Pedestrian Collisions,Driver,55 to 59,None,,East,"Automobile, Station Wagon",Reversing,Other,Normal,,,,,,,Yes,,Yes,,,,,,,,,,,128,Agincourt South-Malvern West,128,Agincourt South-Malvern West (128),D42,639401.3764,4849589.6664
7535,6805632,1259013,10/14/2011 8:00:00 AM,708,2003 BRIMLEY RD,,,Major Arterial,Scarborough,43.786245,-79.26749,,No Control,Clear,Daylight,Wet,Non-Fatal Injury,Pedestrian Collisions,Pedestrian,80 to 84,Major,,North,Other,,,,Vehicle is reversing and hits pedestrian,Other,Normal,,,,Yes,,Yes,,,,,,,,,,,128,Agincourt South-Malvern West,128,Agincourt South-Malvern West (128),D42,639401.3764,4849589.6664
7536,6712712,1269972,10/17/2011 8:00:00 AM,855,COLLEGE ST,BRUNSWICK AVE,,Major Arterial,Toronto and East York,43.657199,-79.404063,At Intersection,Stop Sign,Clear,Daylight,Dry,Non-Fatal Injury,Pedestrian Collisions,Driver,80 to 84,None,,South,"Automobile, Station Wagon",Turning Left,Failed to Yield Right of Way,Normal,,,,,,,Yes,,Yes,,,,,,,Yes,,,,78,Kensington-Chinatown,78,Kensington-Chinatown (78),D14,628688.3158,4835036.3253
7537,6712713,1269972,10/17/2011 8:00:00 AM,855,COLLEGE ST,BRUNSWICK AVE,,Major Arterial,Toronto and East York,43.657199,-79.404063,At Intersection,Stop Sign,Clear,Daylight,Dry,Non-Fatal Injury,Pedestrian Collisions,Pedestrian,80 to 84,Major,,North,Other,,,,Vehicle turns left while ped crosses with ROW at inter.,"Crossing, no Traffic Control",Normal,,,,Yes,,Yes,,,,,,,Yes,,,,78,Kensington-Chinatown,78,Kensington-Chinatown (78),D14,628688.3158,4835036.3253
7538,6688417,1259602,10/18/2011 8:00:00 AM,548,WILSON AVE,ALLINGHAM GDNS,,Major Arterial,North York,43.735545,-79.44279,At Intersection,No Control,Clear,"Dark, artificial",Other,Fatal,Pedestrian Collisions,Driver,40 to 44,None,,West,"Automobile, Station Wagon",Going Ahead,Driving Properly,Normal,,,,,,,Yes,,Yes,,,,,,,,,,,33,Clanton Park,33,Clanton Park (33),D32,625402.1187,4843678.3943
7539,6688418,1259602,10/18/2011 8:00:00 AM,548,WILSON AVE,ALLINGHAM GDNS,,Major Arterial,North York,43.735545,-79.44279,At Intersection,No Control,Clear,"Dark, artificial",Other,Fatal,Pedestrian Collisions,Pedestrian,45 to 49,Fatal,28,North,Other,,,,Vehicle is going straight thru inter.while ped cross without ROW,"Crossing, no Traffic Control",Inattentive,,,,Yes,,Yes,,,,,,,,,,,33,Clanton Park,33,Clanton Park (33),D32,625402.1187,4843678.3943
7540,6712985,1270067,10/18/2011 8:00:00 AM,550,LANSDOWNE AVE,COLLEGE ST,,Minor Arterial,Toronto and East York,43.650939,-79.43996,At Intersection,Traffic Signal,Clear,"Dark, artificial",Dry,Non-Fatal Injury,Pedestrian Collisions,Driver,30 to 34,None,,West,"Automobile, Station Wagon",Turning Left,Improper Turn,Normal,,,,,,,Yes,,Yes,,,,,,,,,,,83,Dufferin Grove,83,Dufferin Grove (83),D11,625806.8052,4834286.0228
7541,6712986,1270067,10/18/2011 8:00:00 AM,550,LANSDOWNE AVE,COLLEGE ST,,Minor Arterial,Toronto and East York,43.650939,-79.43996,At Intersection,Traffic Signal,Clear,"Dark, artificial",Dry,Non-Fatal Injury,Pedestrian Collisions,Pedestrian,55 to 59,Major,,East,,,,,Vehicle turns left while ped crosses with ROW at inter.,Crossing with right of way,Normal,,,,Yes,,Yes,,,,,,,,,,,83,Dufferin Grove,83,Dufferin Grove (83),D11,625806.8052,4834286.0228
7542,6712849,1270018,10/18/2011 8:00:00 AM,810,LANSDOWNE AVE,COLLEGE ST,,Minor Arterial,Toronto and East York,43.650939,-79.43996,At Intersection,Traffic Signal,Clear,Daylight,Dry,Non-Fatal Injury,Cyclist Collisions,Driver,35 to 39,None,,North,"Automobile, Station Wagon",Slowing or Stopping,Other,Normal,,,,,,,,Yes,Yes,,,,,,,,,,,83,Dufferin Grove,83,Dufferin Grove (83),D11,625806.8052,4834286.0228
7543,6712850,1270018,10/18/2011 8:00:00 AM,810,LANSDOWNE AVE,COLLEGE ST,,Minor Arterial,Toronto and East York,43.650939,-79.43996,At Intersection,Traffic Signal,Clear,Daylight,Dry,Non-Fatal Injury,Cyclist Collisions,Cyclist,40 to 44,Major,,North,Bicycle,Going Ahead,,,,,,Cyclist and Driver travelling in same direction. One vehicle rear-ended the other.,Other,Normal,,Yes,Yes,,,,,,,,,,,83,Dufferin Grove,83,Dufferin Grove (83),D11,625806.8052,4834286.0228
7544,6688487,1259641,10/18/2011 8:00:00 AM,2145,DON VALLEY PARKWAY  S,LAWRENCE AVE E,,,North York,43.740145,-79.33229,,No Control,Clear,Dark,Dry,Non-Fatal Injury,Rear End,Passenger,60 to 64,Major,,,Other,,,,,,,,,,,,Yes,,Yes,,,Yes,,Yes,,,,42,Banbury-Don Mills,42,Banbury-Don Mills (42),D33,634290.4893,4844362.4699
7545,6688488,1259641,10/18/2011 8:00:00 AM,2145,DON VALLEY PARKWAY  S,LAWRENCE AVE E,,,North York,43.740145,-79.33229,,No Control,Clear,Dark,Dry,Non-Fatal Injury,Rear End,Vehicle Owner,unknown,,,,Other,,,,,,,,,,,,Yes,,Yes,,,Yes,,Yes,,,,42,Banbury-Don Mills,42,Banbury-Don Mills (42),D33,634290.4893,4844362.4699
7546,6688489,1259641,10/18/2011 8:00:00 AM,2145,DON VALLEY PARKWAY  S,LAWRENCE AVE E,,,North York,43.740145,-79.33229,,No Control,Clear,Dark,Dry,Non-Fatal Injury,Rear End,Truck Driver,35 to 39,None,,South,Truck - Open,Going Ahead,Lost control,"Ability Impaired, Drugs",,,,,,,,,Yes,,Yes,,,Yes,,Yes,,,,42,Banbury-Don Mills,42,Banbury-Don Mills (42),D33,634290.4893,4844362.4699
7547,6688490,1259641,10/18/2011 8:00:00 AM,2145,DON VALLEY PARKWAY  S,LAWRENCE AVE E,,,North York,43.740145,-79.33229,,No Control,Clear,Dark,Dry,Non-Fatal Injury,Rear End,Driver,35 to 39,Minor,,South,"Automobile, Station Wagon",Going Ahead,Driving Properly,Normal,,,,,,,,,Yes,,Yes,,,Yes,,Yes,,,,42,Banbury-Don Mills,42,Banbury-Don Mills (42),D33,634290.4893,4844362.4699
7548,6688491,1259641,10/18/2011 8:00:00 AM,2145,DON VALLEY PARKWAY  S,LAWRENCE AVE E,,,North York,43.740145,-79.33229,,No Control,Clear,Dark,Dry,Non-Fatal Injury,Rear End,Passenger,20 to 24,Minor,,,Other,,,,,,,,,,,,Yes,,Yes,,,Yes,,Yes,,,,42,Banbury-Don Mills,42,Banbury-Don Mills (42),D33,634290.4893,4844362.4699
7549,6688492,1259641,10/18/2011 8:00:00 AM,2145,DON VALLEY PARKWAY  S,LAWRENCE AVE E,,,North York,43.740145,-79.33229,,No Control,Clear,Dark,Dry,Non-Fatal Injury,Rear End,Driver,60 to 64,Minor,,South,"Automobile, Station Wagon",Going Ahead,Driving Properly,Normal,,,,,,,,,Yes,,Yes,,,Yes,,Yes,,,,42,Banbury-Don Mills,42,Banbury-Don Mills (42),D33,634290.4893,4844362.4699
7550,6688493,1259641,10/18/2011 8:00:00 AM,2145,DON VALLEY PARKWAY  S,LAWRENCE AVE E,,,North York,43.740145,-79.33229,,No Control,Clear,Dark,Dry,Non-Fatal Injury,Rear End,Other Property Owner,unknown,,,,Other,,,,,,,,,,,,Yes,,Yes,,,Yes,,Yes,,,,42,Banbury-Don Mills,42,Banbury-Don Mills (42),D33,634290.4893,4844362.4699
7551,6689121,1259893,10/19/2011 8:00:00 AM,1946,BIRCHMOUNT RD,ALLANFORD RD,,Major Arterial,Scarborough,43.774245,-79.29509,At Intersection,Traffic Signal,Rain,Dark,Wet,Non-Fatal Injury,Pedestrian Collisions,Driver,55 to 59,None,,North,"Automobile, Station Wagon",Going Ahead,Failed to Yield Right of Way,Inattentive,,,,,,,Yes,,Yes,,,,,,,Yes,,,,118,Tam O'Shanter-Sullivan,118,Tam O'Shanter-Sullivan (118),D42,637208.0464,4848210.7677
7552,6689122,1259893,10/19/2011 8:00:00 AM,1946,BIRCHMOUNT RD,ALLANFORD RD,,Major Arterial,Scarborough,43.774245,-79.29509,At Intersection,Traffic Signal,Rain,Dark,Wet,Non-Fatal Injury,Pedestrian Collisions,Pedestrian,40 to 44,Major,,Unknown,Other,,,,Vehicle is going straight thru inter.while ped cross with ROW,Walking on Roadway with Traffic,Normal,,,,Yes,,Yes,,,,,,,Yes,,,,118,Tam O'Shanter-Sullivan,118,Tam O'Shanter-Sullivan (118),D42,637208.0464,4848210.7677
7553,6689123,1259893,10/19/2011 8:00:00 AM,1946,BIRCHMOUNT RD,ALLANFORD RD,,Major Arterial,Scarborough,43.774245,-79.29509,At Intersection,Traffic Signal,Rain,Dark,Wet,Non-Fatal Injury,Pedestrian Collisions,Pedestrian,45 to 49,Major,,Unknown,Other,,,,Vehicle is going straight thru inter.while ped cross with ROW,Crossing with right of way,Unknown,,,,Yes,,Yes,,,,,,,Yes,,,,118,Tam O'Shanter-Sullivan,118,Tam O'Shanter-Sullivan (118),D42,637208.0464,4848210.7677
7554,6689148,1259906,10/19/2011 8:00:00 AM,2104,YONGE ST,WALLY CROUTER WKWAY Way,,Major Arterial,Toronto and East York,43.689645,-79.39479,,No Control,Rain,Dark,Wet,Non-Fatal Injury,Pedestrian Collisions,Vehicle Owner,unknown,,,,Other,,,,,,,,,,Yes,,Yes,,,,,,,,,,,97,Yonge-St.Clair,97,Yonge-St.Clair (97),D53,629366.3168,4838654.3152
7555,6689149,1259906,10/19/2011 8:00:00 AM,2104,YONGE ST,WALLY CROUTER WKWAY Way,,Major Arterial,Toronto and East York,43.689645,-79.39479,,No Control,Rain,Dark,Wet,Non-Fatal Injury,Pedestrian Collisions,Driver,40 to 44,None,,North,"Automobile, Station Wagon",Going Ahead,Driving Properly,Normal,,,,,,,Yes,,Yes,,,,,,,,,,,97,Yonge-St.Clair,97,Yonge-St.Clair (97),D53,629366.3168,4838654.3152
7556,6689150,1259906,10/19/2011 8:00:00 AM,2104,YONGE ST,WALLY CROUTER WKWAY Way,,Major Arterial,Toronto and East York,43.689645,-79.39479,,No Control,Rain,Dark,Wet,Non-Fatal Injury,Pedestrian Collisions,Pedestrian,70 to 74,Major,,West,Other,,,,Pedestrian hit at mid-block,"Crossing, no Traffic Control",Unknown,,,,Yes,,Yes,,,,,,,,,,,97,Yonge-St.Clair,97,Yonge-St.Clair (97),D53,629366.3168,4838654.3152
7557,6713010,1270075,10/19/2011 8:00:00 AM,2149,GEORGE ST,ADELAIDE ST E,,Major Arterial,Toronto and East York,43.651645,-79.37109,At Intersection,Traffic Signal,Rain,Dark,Wet,Non-Fatal Injury,Pedestrian Collisions,Driver,30 to 34,None,,North,"Automobile, Station Wagon",Going Ahead,Failed to Yield Right of Way,Inattentive,,,,,,,Yes,,Yes,,,,,,,Yes,,,,73,Moss Park,73,Moss Park (73),D51,631359.2295,4834471.1483
7558,6713011,1270075,10/19/2011 8:00:00 AM,2149,GEORGE ST,ADELAIDE ST E,,Major Arterial,Toronto and East York,43.651645,-79.37109,At Intersection,Traffic Signal,Rain,Dark,Wet,Non-Fatal Injury,Pedestrian Collisions,Pedestrian,70 to 74,Major,,West,Other,,,,Vehicle is going straight thru inter.while ped cross with ROW,Crossing with right of way,Normal,,,,Yes,,Yes,,,,,,,Yes,,,,73,Moss Park,73,Moss Park (73),D51,631359.2295,4834471.1483
7559,6806437,1269951,10/20/2011 8:00:00 AM,535,CHURCH ST,DUNDAS ST E,,Major Arterial,Toronto and East York,43.656445,-79.37709,At Intersection,Traffic Signal,Rain,Dusk,Wet,Non-Fatal Injury,Pedestrian Collisions,Vehicle Owner,unknown,,,,Other,,,,,,,,,,Yes,,Yes,,,,,,,,,,,168,Downtown Yonge East,75,Church-Yonge Corridor (75),D51,630864.9434,4834994.7711
7560,6806438,1269951,10/20/2011 8:00:00 AM,535,CHURCH ST,DUNDAS ST E,,Major Arterial,Toronto and East York,43.656445,-79.37709,At Intersection,Traffic Signal,Rain,Dusk,Wet,Non-Fatal Injury,Pedestrian Collisions,Driver,50 to 54,None,,South,"Automobile, Station Wagon",Going Ahead,Driving Properly,Normal,,,,,,,Yes,,Yes,,,,,,,,,,,168,Downtown Yonge East,75,Church-Yonge Corridor (75),D51,630864.9434,4834994.7711
7561,6806439,1269951,10/20/2011 8:00:00 AM,535,CHURCH ST,DUNDAS ST E,,Major Arterial,Toronto and East York,43.656445,-79.37709,At Intersection,Traffic Signal,Rain,Dusk,Wet,Non-Fatal Injury,Pedestrian Collisions,Pedestrian,40 to 44,Major,,East,Other,,,,Vehicle is going straight thru inter.while ped cross without ROW,Crossing marked crosswalk without ROW,Unknown,,,,Yes,,Yes,,,,,,,,,,,168,Downtown Yonge East,75,Church-Yonge Corridor (75),D51,630864.9434,4834994.7711
7562,6805785,1261497,10/20/2011 8:00:00 AM,1127,YONGE ST,ELM ST,,Major Arterial,Toronto and East York,43.657945,-79.38159,,No Control,Clear,Daylight,Dry,Non-Fatal Injury,Pedestrian Collisions,Vehicle Owner,unknown,,,,Other,,,,,,,,,,Yes,,Yes,,,,,,,,,,,168,Downtown Yonge East,75,Church-Yonge Corridor (75),D51,630498.8282,4835154.2785
7563,6805786,1261497,10/20/2011 8:00:00 AM,1127,YONGE ST,ELM ST,,Major Arterial,Toronto and East York,43.657945,-79.38159,,No Control,Clear,Daylight,Dry,Non-Fatal Injury,Pedestrian Collisions,Driver,40 to 44,None,,North,"Automobile, Station Wagon",Going Ahead,Driving Properly,Normal,,,,,,,Yes,,Yes,,,,,,,,,,,168,Downtown Yonge East,75,Church-Yonge Corridor (75),D51,630498.8282,4835154.2785
7564,6805787,1261497,10/20/2011 8:00:00 AM,1127,YONGE ST,ELM ST,,Major Arterial,Toronto and East York,43.657945,-79.38159,,No Control,Clear,Daylight,Dry,Non-Fatal Injury,Pedestrian Collisions,Pedestrian,45 to 49,Major,,West,Other,,,,Pedestrian hit at mid-block,Other,Inattentive,,,,Yes,,Yes,,,,,,,,,,,168,Downtown Yonge East,75,Church-Yonge Corridor (75),D51,630498.8282,4835154.2785
7565,6689756,1260146,10/21/2011 8:00:00 AM,630,SPADINA AVE W,KING ST W,,Major Arterial,Toronto and East York,43.645445,-79.39499,At Intersection,Traffic Signal,Clear,Dark,Dry,Fatal,Pedestrian Collisions,Vehicle Owner,unknown,,,,Other,,,,,,,,,,Yes,,,,Yes,,,Yes,,,,,,164,Wellington Place,77,Waterfront Communities-The Island (77),D52,629445.1732,4833745.0014
7566,6689757,1260146,10/21/2011 8:00:00 AM,630,SPADINA AVE W,KING ST W,,Major Arterial,Toronto and East York,43.645445,-79.39499,At Intersection,Traffic Signal,Clear,Dark,Dry,Fatal,Pedestrian Collisions,Passenger,30 to 34,None,,,Other,,,,,,,,,,Yes,,,,Yes,,,Yes,,,,,,164,Wellington Place,77,Waterfront Communities-The Island (77),D52,629445.1732,4833745.0014
7567,6689758,1260146,10/21/2011 8:00:00 AM,630,SPADINA AVE W,KING ST W,,Major Arterial,Toronto and East York,43.645445,-79.39499,At Intersection,Traffic Signal,Clear,Dark,Dry,Fatal,Pedestrian Collisions,Truck Driver,35 to 39,None,,South,Truck - Open,Turning Right,Driving Properly,Normal,,,,,,,Yes,,,,Yes,,,Yes,,,,,,164,Wellington Place,77,Waterfront Communities-The Island (77),D52,629445.1732,4833745.0014
7568,6689759,1260146,10/21/2011 8:00:00 AM,630,SPADINA AVE W,KING ST W,,Major Arterial,Toronto and East York,43.645445,-79.39499,At Intersection,Traffic Signal,Clear,Dark,Dry,Fatal,Pedestrian Collisions,Pedestrian,25 to 29,Fatal,29,East,Other,,,,Other / Undefined,Walking on Roadway Against Traffic,Unknown,,,,Yes,,,,Yes,,,Yes,,,,,,164,Wellington Place,77,Waterfront Communities-The Island (77),D52,629445.1732,4833745.0014
7569,6691176,1260759,10/24/2011 8:00:00 AM,1515,QUEEN ST E,HASTINGS AVE,,Minor Arterial,Toronto and East York,43.663545,-79.32899,,No Control,Clear,Daylight,Dry,Non-Fatal Injury,Pedestrian Collisions,Driver,unknown,None,,East,"Automobile, Station Wagon",Going Ahead,Other,Unknown,,,,,,,Yes,,Yes,,,,,,,,,,,70,South Riverdale,70,South Riverdale (70),D55,634727.6961,4835860.3085
7570,6691177,1260759,10/24/2011 8:00:00 AM,1515,QUEEN ST E,HASTINGS AVE,,Minor Arterial,Toronto and East York,43.663545,-79.32899,,No Control,Clear,Daylight,Dry,Non-Fatal Injury,Pedestrian Collisions,Pedestrian,55 to 59,Major,,Unknown,Other,,,,Pedestrian hit at mid-block,Other,Normal,,,,Yes,,Yes,,,,,,,,,,,70,South Riverdale,70,South Riverdale (70),D55,634727.6961,4835860.3085
7571,6691178,1260760,10/24/2011 8:00:00 AM,1835,EDITH DR,ORCHARD VIEW BLVD,,Collector,North York,43.707245,-79.40329,At Intersection,Stop Sign,Clear,Dark,Dry,Non-Fatal Injury,Pedestrian Collisions,Vehicle Owner,unknown,,,,Other,,,,,,,,,,Yes,,Yes,,,,,,,Yes,,,,100,Yonge-Eglinton,100,Yonge-Eglinton (100),D53,628643.6383,4840595.815
7572,6691179,1260760,10/24/2011 8:00:00 AM,1835,EDITH DR,ORCHARD VIEW BLVD,,Collector,North York,43.707245,-79.40329,At Intersection,Stop Sign,Clear,Dark,Dry,Non-Fatal Injury,Pedestrian Collisions,Driver,45 to 49,None,,West,"Automobile, Station Wagon",Turning Left,Failed to Yield Right of Way,Inattentive,,,,,,,Yes,,Yes,,,,,,,Yes,,,,100,Yonge-Eglinton,100,Yonge-Eglinton (100),D53,628643.6383,4840595.815
7573,6691180,1260760,10/24/2011 8:00:00 AM,1835,EDITH DR,ORCHARD VIEW BLVD,,Collector,North York,43.707245,-79.40329,At Intersection,Stop Sign,Clear,Dark,Dry,Non-Fatal Injury,Pedestrian Collisions,Pedestrian,90 to 94,Major,,East,Other,,,,Vehicle turns left while ped crosses with ROW at inter.,Crossing with right of way,Normal,,,,Yes,,Yes,,,,,,,Yes,,,,100,Yonge-Eglinton,100,Yonge-Eglinton (100),D53,628643.6383,4840595.815