OBJECTID,INDEX,ACCNUM,DATE,TIME,STREET1,STREET2,OFFSET,ROAD_CLASS,DISTRICT,LATITUDE,LONGITUDE,ACCLOC,TRAFFCTL,VISIBILITY,LIGHT,RDSFCOND,ACCLASS,IMPACTYPE,INVTYPE,INVAGE,INJURY,FATAL_NO,INITDIR,VEHTYPE,MANOEUVER,DRIVACT,DRIVCOND,PEDTYPE,PEDACT,PEDCOND,CYCLISTYPE,CYCACT,CYCCOND,PEDESTRIAN,CYCLIST,AUTOMOBILE,MOTORCYCLE,TRUCK,TRSN_CITY_VEH,EMERG_VEH,PASSENGER,SPEEDING,AG_DRIV,REDLIGHT,ALCOHOL,DISABILITY,HOOD_158,NEIGHBOURHOOD_158,HOOD_140,NEIGHBOURHOOD_140,DIVISION,x,y
7574,6805772,1261275,10/26/2011 8:00:00 AM,926,SNOWCREST AVE,WYVERN RD,,Local,North York,43.791845,-79.38609,At Intersection,Stop Sign,Rain,Daylight,Wet,Non-Fatal Injury,Pedestrian Collisions,Driver,30 to 34,None,,East,"Automobile, Station Wagon",Turning Left,Failed to Yield Right of Way,Inattentive,,,,,,,Yes,,Yes,,,,,,,Yes,,,,49,Bayview Woods-Steeles,49,Bayview Woods-Steeles (49),D33,629846.3514,4850018.7396
7575,6805773,1261275,10/26/2011 8:00:00 AM,926,SNOWCREST AVE,WYVERN RD,,Local,North York,43.791845,-79.38609,At Intersection,Stop Sign,Rain,Daylight,Wet,Non-Fatal Injury,Pedestrian Collisions,Pedestrian,40 to 44,Major,,South,Other,,,,Vehicle turns left while ped crosses with ROW at inter.,Crossing with right of way,Unknown,,,,Yes,,Yes,,,,,,,Yes,,,,49,Bayview Woods-Steeles,49,Bayview Woods-Steeles (49),D33,629846.3514,4850018.7396
7576,6692507,1261319,10/26/2011 8:00:00 AM,1938,BATHURST ST,VAUGHAN RD,,Major Arterial,Toronto and East York,43.681645,-79.41769,At Intersection,No Control,Rain,Dark,Wet,Non-Fatal Injury,Pedestrian Collisions,Driver,65 to 69,None,,South,"Automobile, Station Wagon",Going Ahead,Other,"Ability Impaired, Alcohol",,,,,,,Yes,,Yes,,,,,,,Yes,,Yes,,96,Casa Loma,96,Casa Loma (96),D13,627537.7054,4837730.3358
7577,6692508,1261319,10/26/2011 8:00:00 AM,1938,BATHURST ST,VAUGHAN RD,,Major Arterial,Toronto and East York,43.681645,-79.41769,At Intersection,No Control,Rain,Dark,Wet,Non-Fatal Injury,Pedestrian Collisions,Pedestrian,75 to 79,Major,,Unknown,Other,,,,Other / Undefined,Other,Normal,,,,Yes,,Yes,,,,,,,Yes,,Yes,,96,Casa Loma,96,Casa Loma (96),D13,627537.7054,4837730.3358
7578,6692512,1261321,10/26/2011 8:00:00 AM,1952,QUEENS PARK,QUEENS PARK CRES W,,Major Arterial,Toronto and East York,43.666745,-79.39329,,No Control,Rain,Dark,Wet,Non-Fatal Injury,Pedestrian Collisions,Passenger,unknown,None,,,Other,Other,,,,,,,,,Yes,,Yes,,,,,Yes,,,,,,169,Bay-Cloverhill,76,Bay Street Corridor (76),D52,629536.4736,4836113.3003
7579,6692513,1261321,10/26/2011 8:00:00 AM,1952,QUEENS PARK,QUEENS PARK CRES W,,Major Arterial,Toronto and East York,43.666745,-79.39329,,No Control,Rain,Dark,Wet,Non-Fatal Injury,Pedestrian Collisions,Vehicle Owner,unknown,,,,Other,,,,,,,,,,Yes,,Yes,,,,,Yes,,,,,,169,Bay-Cloverhill,76,Bay Street Corridor (76),D52,629536.4736,4836113.3003
7580,6692514,1261321,10/26/2011 8:00:00 AM,1952,QUEENS PARK,QUEENS PARK CRES W,,Major Arterial,Toronto and East York,43.666745,-79.39329,,No Control,Rain,Dark,Wet,Non-Fatal Injury,Pedestrian Collisions,Driver,20 to 24,None,,South,"Automobile, Station Wagon",Going Ahead,Driving Properly,Normal,,,,,,,Yes,,Yes,,,,,Yes,,,,,,169,Bay-Cloverhill,76,Bay Street Corridor (76),D52,629536.4736,4836113.3003
7581,6692515,1261321,10/26/2011 8:00:00 AM,1952,QUEENS PARK,QUEENS PARK CRES W,,Major Arterial,Toronto and East York,43.666745,-79.39329,,No Control,Rain,Dark,Wet,Non-Fatal Injury,Pedestrian Collisions,Pedestrian,70 to 74,Major,,West,Other,,,,Pedestrian hit at mid-block,"Crossing, no Traffic Control",Inattentive,,,,Yes,,Yes,,,,,Yes,,,,,,169,Bay-Cloverhill,76,Bay Street Corridor (76),D52,629536.4736,4836113.3003
7582,6715486,1271103,10/28/2011 8:00:00 AM,1510,JANE ST,GRANDRAVINE DR,,Major Arterial,Etobicoke York,43.747045,-79.51509,At Intersection,Traffic Signal,Clear,Daylight,Dry,Non-Fatal Injury,Pedestrian Collisions,Vehicle Owner,unknown,,,,Other,,,,,,,,,,Yes,,Yes,,,,,,,Yes,,,,25,Glenfield-Jane Heights,25,Glenfield-Jane Heights (25),D31,619556.8611,4844848.7516
7583,6715487,1271103,10/28/2011 8:00:00 AM,1510,JANE ST,GRANDRAVINE DR,,Major Arterial,Etobicoke York,43.747045,-79.51509,At Intersection,Traffic Signal,Clear,Daylight,Dry,Non-Fatal Injury,Pedestrian Collisions,Driver,25 to 29,None,,West,"Automobile, Station Wagon",Turning Left,Failed to Yield Right of Way,Inattentive,,,,,,,Yes,,Yes,,,,,,,Yes,,,,25,Glenfield-Jane Heights,25,Glenfield-Jane Heights (25),D31,619556.8611,4844848.7516
7584,6715488,1271103,10/28/2011 8:00:00 AM,1510,JANE ST,GRANDRAVINE DR,,Major Arterial,Etobicoke York,43.747045,-79.51509,At Intersection,Traffic Signal,Clear,Daylight,Dry,Non-Fatal Injury,Pedestrian Collisions,Pedestrian,80 to 84,Major,,East,Other,,,,Vehicle turns left while ped crosses with ROW at inter.,Crossing with right of way,Normal,,,,Yes,,Yes,,,,,,,Yes,,,,25,Glenfield-Jane Heights,25,Glenfield-Jane Heights (25),D31,619556.8611,4844848.7516
7585,7644898,1271644,10/29/2011 8:00:00 AM,1405,ROGERS RD,SILVERTHORN AVE,,Minor Arterial,Etobicoke York,43.682944,-79.46269,,No Control,Clear,Daylight,Dry,Non-Fatal Injury,Rear End,Driver,30 to 34,Minimal,,West,"Automobile, Station Wagon",Stopped,Driving Properly,Normal,,,,,,,,,Yes,,,,,,,,,,,110,Keelesdale-Eglinton West,110,Keelesdale-Eglinton West (110),D12,623907.8976,4837806.3925
7586,7644899,1271644,10/29/2011 8:00:00 AM,1405,ROGERS RD,SILVERTHORN AVE,,Minor Arterial,Etobicoke York,43.682944,-79.46269,,No Control,Clear,Daylight,Dry,Non-Fatal Injury,Rear End,Driver,35 to 39,Major,,West,"Automobile, Station Wagon",Slowing or Stopping,Lost control,Inattentive,,,,,,,,,Yes,,,,,,,,,,,110,Keelesdale-Eglinton West,110,Keelesdale-Eglinton West (110),D12,623907.8976,4837806.3925
7587,6724677,1277761,10/29/2011 8:00:00 AM,1920,CHURCH ST,GOULD ST,,Minor Arterial,Toronto and East York,43.658245,-79.37789,At Intersection,Traffic Signal,Clear,Dark,Dry,Non-Fatal Injury,Cyclist Collisions,Other,unknown,None,,,Other,Parked,,,,,,,,,,Yes,Yes,,,,,,,,,,,168,Downtown Yonge East,75,Church-Yonge Corridor (75),D51,630796.5256,4835193.4235
7588,6724678,1277761,10/29/2011 8:00:00 AM,1920,CHURCH ST,GOULD ST,,Minor Arterial,Toronto and East York,43.658245,-79.37789,At Intersection,Traffic Signal,Clear,Dark,Dry,Non-Fatal Injury,Cyclist Collisions,Vehicle Owner,unknown,,,,Other,,,,,,,,,,,Yes,Yes,,,,,,,,,,,168,Downtown Yonge East,75,Church-Yonge Corridor (75),D51,630796.5256,4835193.4235
7589,6724679,1277761,10/29/2011 8:00:00 AM,1920,CHURCH ST,GOULD ST,,Minor Arterial,Toronto and East York,43.658245,-79.37789,At Intersection,Traffic Signal,Clear,Dark,Dry,Non-Fatal Injury,Cyclist Collisions,Driver,50 to 54,None,,North,"Automobile, Station Wagon",Overtaking,Other,Other,,,,,,,,Yes,Yes,,,,,,,,,,,168,Downtown Yonge East,75,Church-Yonge Corridor (75),D51,630796.5256,4835193.4235
7590,6724680,1277761,10/29/2011 8:00:00 AM,1920,CHURCH ST,GOULD ST,,Minor Arterial,Toronto and East York,43.658245,-79.37789,At Intersection,Traffic Signal,Clear,Dark,Dry,Non-Fatal Injury,Cyclist Collisions,Cyclist,20 to 24,None,,North,Bicycle,Overtaking,,,,,,Cyclist and Driver travelling in same direction. One vehicle sideswipes the other.,Driving Properly,Normal,,Yes,Yes,,,,,,,,,,,168,Downtown Yonge East,75,Church-Yonge Corridor (75),D51,630796.5256,4835193.4235
7591,6724681,1277761,10/29/2011 8:00:00 AM,1920,CHURCH ST,GOULD ST,,Minor Arterial,Toronto and East York,43.658245,-79.37789,At Intersection,Traffic Signal,Clear,Dark,Dry,Non-Fatal Injury,Cyclist Collisions,Cyclist,25 to 29,Major,,North,Bicycle,Going Ahead,,,,,,Cyclist and Driver travelling in same direction. One vehicle sideswipes the other.,Driving Properly,Normal,,Yes,Yes,,,,,,,,,,,168,Downtown Yonge East,75,Church-Yonge Corridor (75),D51,630796.5256,4835193.4235
7592,6716774,1271678,10/29/2011 8:00:00 AM,2020,FINCH Aven W,KIPLING Aven,,Major Arterial,Etobicoke York,43.743245,-79.58199,,No Control,Clear,Dark,Dry,Non-Fatal Injury,Pedestrian Collisions,Driver,25 to 29,None,,West,"Automobile, Station Wagon",Going Ahead,Driving Properly,Normal,,,,,,,Yes,,Yes,,,,,,,,,,,3,Thistletown-Beaumond Heights,3,Thistletown-Beaumond Heights (3),D23,614177.624,4844332.3323
7593,6716775,1271678,10/29/2011 8:00:00 AM,2020,FINCH Aven W,KIPLING Aven,,Major Arterial,Etobicoke York,43.743245,-79.58199,,No Control,Clear,Dark,Dry,Non-Fatal Injury,Pedestrian Collisions,Pedestrian,50 to 54,Major,,North,Other,,,,Pedestrian hit at mid-block,Running onto Roadway,Had Been Drinking,,,,Yes,,Yes,,,,,,,,,,,3,Thistletown-Beaumond Heights,3,Thistletown-Beaumond Heights (3),D23,614177.624,4844332.3323
7594,6708783,1268357,10/30/2011 8:00:00 AM,2000,DANFORTH AVE,AUGUST AVE,,Major Arterial,Scarborough,43.692845,-79.28109,At Intersection,No Control,Clear,Dark,Dry,Non-Fatal Injury,Pedestrian Collisions,Driver,unknown,None,,West,"Automobile, Station Wagon",Going Ahead,Driving Properly,Normal,,,,,,,Yes,,Yes,,,,,,,,,,,121,Oakridge,121,Oakridge (121),D41,638522.3098,4839193.3839
7595,6708784,1268357,10/30/2011 8:00:00 AM,2000,DANFORTH AVE,AUGUST AVE,,Major Arterial,Scarborough,43.692845,-79.28109,At Intersection,No Control,Clear,Dark,Dry,Non-Fatal Injury,Pedestrian Collisions,Pedestrian,45 to 49,Major,,South,Other,,,,Pedestrian hit at mid-block,Walking on Roadway Against Traffic,Inattentive,,,,Yes,,Yes,,,,,,,,,,,121,Oakridge,121,Oakridge (121),D41,638522.3098,4839193.3839
7596,6703199,1265988,10/31/2011 8:00:00 AM,915,LAIRD DR,MILLWOOD RD,,Major Arterial,North York,43.703145,-79.36059,At Intersection,Traffic Signal,Clear,Daylight,Dry,Non-Fatal Injury,Rear End,Driver,25 to 29,Major,,South,"Automobile, Station Wagon",Stopped,Driving Properly,Normal,,,,,,,,,Yes,,,,,,,Yes,,,,56,Leaside-Bennington,56,Leaside-Bennington (56),D53,632092.9297,4840207.6016
7597,6703200,1265988,10/31/2011 8:00:00 AM,915,LAIRD DR,MILLWOOD RD,,Major Arterial,North York,43.703145,-79.36059,At Intersection,Traffic Signal,Clear,Daylight,Dry,Non-Fatal Injury,Rear End,Driver,unknown,None,,South,"Automobile, Station Wagon",Going Ahead,Following too Close,Unknown,,,,,,,,,Yes,,,,,,,Yes,,,,56,Leaside-Bennington,56,Leaside-Bennington (56),D53,632092.9297,4840207.6016
7598,6717518,1272062,10/31/2011 8:00:00 AM,1030,240 WELLESLEY St E,,,Minor Arterial,Toronto and East York,43.667845,-79.37089,,No Control,Clear,Daylight,Dry,Non-Fatal Injury,Cyclist Collisions,Vehicle Owner,unknown,,,,Other,,,,,,,,,,,Yes,,,Yes,,,,,,,,,71,Cabbagetown-South St.James Town,71,Cabbagetown-South St.James Town (71),D51,631340.0305,4836270.6905
7599,6717519,1272062,10/31/2011 8:00:00 AM,1030,240 WELLESLEY St E,,,Minor Arterial,Toronto and East York,43.667845,-79.37089,,No Control,Clear,Daylight,Dry,Non-Fatal Injury,Cyclist Collisions,Truck Driver,60 to 64,None,,South,Truck - Open,Turning Right,Driving Properly,Normal,,,,,,,,Yes,,,Yes,,,,,,,,,71,Cabbagetown-South St.James Town,71,Cabbagetown-South St.James Town (71),D51,631340.0305,4836270.6905
7600,6717520,1272062,10/31/2011 8:00:00 AM,1030,240 WELLESLEY St E,,,Minor Arterial,Toronto and East York,43.667845,-79.37089,,No Control,Clear,Daylight,Dry,Non-Fatal Injury,Cyclist Collisions,Cyclist,30 to 34,Major,,South,Bicycle,Turning Right,,,,,,"Motorist turns right at non-signal Inter.(stop, yield, no cont.,and dwy) and strikes cyclist.",Other,Normal,,Yes,,,Yes,,,,,,,,,71,Cabbagetown-South St.James Town,71,Cabbagetown-South St.James Town (71),D51,631340.0305,4836270.6905
7601,6712512,1269892,10/31/2011 8:00:00 AM,1154,LAKE SHORE BLVD W,NINTH ST,,Major Arterial,Etobicoke York,43.600245,-79.50759,At Intersection,Stop Sign,Clear,Daylight,Dry,Non-Fatal Injury,Turning Movement,Vehicle Owner,unknown,,,,Other,,,,,,,,,,,,Yes,Yes,,,,,,Yes,,,,18,New Toronto,18,New Toronto (18),D22,620454.0538,4828555.5228
7602,6712513,1269892,10/31/2011 8:00:00 AM,1154,LAKE SHORE BLVD W,NINTH ST,,Major Arterial,Etobicoke York,43.600245,-79.50759,At Intersection,Stop Sign,Clear,Daylight,Dry,Non-Fatal Injury,Turning Movement,Motorcycle Driver,55 to 59,Major,,East,Motorcycle,Going Ahead,Driving Properly,Normal,,,,,,,,,Yes,Yes,,,,,,Yes,,,,18,New Toronto,18,New Toronto (18),D22,620454.0538,4828555.5228
7603,6712514,1269892,10/31/2011 8:00:00 AM,1154,LAKE SHORE BLVD W,NINTH ST,,Major Arterial,Etobicoke York,43.600245,-79.50759,At Intersection,Stop Sign,Clear,Daylight,Dry,Non-Fatal Injury,Turning Movement,Driver,75 to 79,Minor,,North,"Automobile, Station Wagon",Turning Left,Failed to Yield Right of Way,Normal,,,,,,,,,Yes,Yes,,,,,,Yes,,,,18,New Toronto,18,New Toronto (18),D22,620454.0538,4828555.5228
7604,7644909,1272947,11/2/2011 8:00:00 AM,625,OAKWOOD AVE,HOLLAND PARK AVE,,Minor Arterial,Toronto and East York,43.686345,-79.438389,At Intersection,Stop Sign,Clear,Dark,Dry,Non-Fatal Injury,Turning Movement,Motorcycle Driver,65 to 69,Major,,North,Motorcycle,Going Ahead,Driving Properly,Normal,,,,,,,,,Yes,Yes,,,,,,Yes,,,,107,Oakwood Village,107,Oakwood Village (107),D13,625859.4752,4838220.7128
7605,7644910,1272947,11/2/2011 8:00:00 AM,625,OAKWOOD AVE,HOLLAND PARK AVE,,Minor Arterial,Toronto and East York,43.686345,-79.438389,At Intersection,Stop Sign,Clear,Dark,Dry,Non-Fatal Injury,Turning Movement,Driver,35 to 39,None,,West,"Automobile, Station Wagon",Turning Left,Failed to Yield Right of Way,Normal,,,,,,,,,Yes,Yes,,,,,,Yes,,,,107,Oakwood Village,107,Oakwood Village (107),D13,625859.4752,4838220.7128
7606,6719329,1273001,11/2/2011 8:00:00 AM,1610,COLLEGE ST,HAVELOCK ST,,Major Arterial,Toronto and East York,43.652945,-79.42939,At Intersection,Stop Sign,Clear,Daylight,Dry,Non-Fatal Injury,Turning Movement,Motorcycle Driver,65 to 69,Major,,West,Motorcycle,Going Ahead,Driving Properly,Normal,,,,,,,,,Yes,Yes,,,,,,Yes,,,,84,Little Portugal,84,Little Portugal (84),D14,626654.9967,4834524.8939
7607,6719330,1273001,11/2/2011 8:00:00 AM,1610,COLLEGE ST,HAVELOCK ST,,Major Arterial,Toronto and East York,43.652945,-79.42939,At Intersection,Stop Sign,Clear,Daylight,Dry,Non-Fatal Injury,Turning Movement,Vehicle Owner,unknown,,,,Other,,,,,,,,,,,,Yes,Yes,,,,,,Yes,,,,84,Little Portugal,84,Little Portugal (84),D14,626654.9967,4834524.8939
7608,6719331,1273001,11/2/2011 8:00:00 AM,1610,COLLEGE ST,HAVELOCK ST,,Major Arterial,Toronto and East York,43.652945,-79.42939,At Intersection,Stop Sign,Clear,Daylight,Dry,Non-Fatal Injury,Turning Movement,Driver,15 to 19,None,,South,"Automobile, Station Wagon",Turning Right,Failed to Yield Right of Way,Normal,,,,,,,,,Yes,Yes,,,,,,Yes,,,,84,Little Portugal,84,Little Portugal (84),D14,626654.9967,4834524.8939
7609,6806851,1273336,11/4/2011 8:00:00 AM,712,JANE Stre,WILSON Aven,,Major Arterial,Etobicoke York,43.720945,-79.50859,At Intersection,Traffic Signal,Clear,Dawn,Dry,Non-Fatal Injury,Pedestrian Collisions,Vehicle Owner,unknown,,,,Other,,,,,,,,,,Yes,,Yes,,,,,,,Yes,,,,154,Oakdale-Beverley Heights,26,Downsview-Roding-CFB (26),D31,620132.3845,4841959.3745
7610,6806852,1273336,11/4/2011 8:00:00 AM,712,JANE Stre,WILSON Aven,,Major Arterial,Etobicoke York,43.720945,-79.50859,At Intersection,Traffic Signal,Clear,Dawn,Dry,Non-Fatal Injury,Pedestrian Collisions,Driver,65 to 69,None,,South,"Automobile, Station Wagon",Turning Right,Failed to Yield Right of Way,Normal,,,,,,,Yes,,Yes,,,,,,,Yes,,,,154,Oakdale-Beverley Heights,26,Downsview-Roding-CFB (26),D31,620132.3845,4841959.3745
7611,6806853,1273336,11/4/2011 8:00:00 AM,712,JANE Stre,WILSON Aven,,Major Arterial,Etobicoke York,43.720945,-79.50859,At Intersection,Traffic Signal,Clear,Dawn,Dry,Non-Fatal Injury,Pedestrian Collisions,Pedestrian,45 to 49,Major,,South,Other,,,,Vehicle turns right while ped crosses with ROW at inter.,Crossing with right of way,Normal,,,,Yes,,Yes,,,,,,,Yes,,,,154,Oakdale-Beverley Heights,26,Downsview-Roding-CFB (26),D31,620132.3845,4841959.3745
7612,6696020,1262837,11/4/2011 8:00:00 AM,1450,DANFORTH Aven,CHISHOLM Aven,,Major Arterial,Toronto and East York,43.687845,-79.30339,At Intersection,No Control,Clear,Daylight,Dry,Non-Fatal Injury,Pedestrian Collisions,Driver,70 to 74,None,,North,"Automobile, Station Wagon",Turning Left,Failed to Yield Right of Way,Normal,,,,,,,Yes,,Yes,,,,,,,Yes,,,,62,East End-Danforth,62,East End-Danforth (62),D55,636736.5541,4838601.0505
7613,6696021,1262837,11/4/2011 8:00:00 AM,1450,DANFORTH Aven,CHISHOLM Aven,,Major Arterial,Toronto and East York,43.687845,-79.30339,At Intersection,No Control,Clear,Daylight,Dry,Non-Fatal Injury,Pedestrian Collisions,Pedestrian,70 to 74,Major,,South,Other,,,,Pedestrian hit at mid-block,"Crossing, no Traffic Control",Normal,,,,Yes,,Yes,,,,,,,Yes,,,,62,East End-Danforth,62,East End-Danforth (62),D55,636736.5541,4838601.0505
7614,6719455,1273068,11/4/2011 8:00:00 AM,1700,BLOOR Stre W,SALEM Aven,,Major Arterial,Toronto and East York,43.660645,-79.43169,At Intersection,No Control,Clear,Daylight,Dry,Non-Fatal Injury,Cyclist Collisions,Driver,30 to 34,None,,East,"Automobile, Station Wagon",Turning Left,Failed to Yield Right of Way,Normal,,,,,,,,Yes,Yes,,,,,,,Yes,,,,83,Dufferin Grove,83,Dufferin Grove (83),D14,626453.3578,4835376.5719
7615,6719456,1273068,11/4/2011 8:00:00 AM,1700,BLOOR Stre W,SALEM Aven,,Major Arterial,Toronto and East York,43.660645,-79.43169,At Intersection,No Control,Clear,Daylight,Dry,Non-Fatal Injury,Cyclist Collisions,Cyclist,50 to 54,Major,,West,Bicycle,Going Ahead,,,,,,Motorist turned left across cyclists path.,Driving Properly,Unknown,,Yes,Yes,,,,,,,Yes,,,,83,Dufferin Grove,83,Dufferin Grove (83),D14,626453.3578,4835376.5719
7616,6805959,1263909,11/5/2011 8:00:00 AM,2211,KING ST W,BATHURST ST,,Major Arterial,Toronto and East York,43.643778,-79.403369,,No Control,Clear,"Dark, artificial",Dry,Non-Fatal Injury,Pedestrian Collisions,Vehicle Owner,unknown,,,,Other,,,,,,,,,,Yes,,Yes,,,Yes,,,Yes,Yes,,Yes,,162,West Queen West,82,Niagara (82),D14,628772.9558,4833546.8246
7617,6805960,1263909,11/5/2011 8:00:00 AM,2211,KING ST W,BATHURST ST,,Major Arterial,Toronto and East York,43.643778,-79.403369,,No Control,Clear,"Dark, artificial",Dry,Non-Fatal Injury,Pedestrian Collisions,Driver,20 to 24,None,,West,"Automobile, Station Wagon",Going Ahead,Exceeding Speed Limit,"Ability Impaired, Alcohol Over .08",,,,,,,Yes,,Yes,,,Yes,,,Yes,Yes,,Yes,,162,West Queen West,82,Niagara (82),D14,628772.9558,4833546.8246
7618,6805961,1263909,11/5/2011 8:00:00 AM,2211,KING ST W,BATHURST ST,,Major Arterial,Toronto and East York,43.643778,-79.403369,,No Control,Clear,"Dark, artificial",Dry,Non-Fatal Injury,Pedestrian Collisions,Pedestrian,25 to 29,Minor,,West,Other,,,,Pedestrian hit on sidewalk or shoulder,On Sidewalk or Shoulder,Normal,,,,Yes,,Yes,,,Yes,,,Yes,Yes,,Yes,,162,West Queen West,82,Niagara (82),D14,628772.9558,4833546.8246
7619,6805962,1263909,11/5/2011 8:00:00 AM,2211,KING ST W,BATHURST ST,,Major Arterial,Toronto and East York,43.643778,-79.403369,,No Control,Clear,"Dark, artificial",Dry,Non-Fatal Injury,Pedestrian Collisions,Pedestrian,30 to 34,Major,,West,Other,,,,Pedestrian hit on sidewalk or shoulder,On Sidewalk or Shoulder,Normal,,,,Yes,,Yes,,,Yes,,,Yes,Yes,,Yes,,162,West Queen West,82,Niagara (82),D14,628772.9558,4833546.8246
7620,6805963,1263909,11/5/2011 8:00:00 AM,2211,KING ST W,BATHURST ST,,Major Arterial,Toronto and East York,43.643778,-79.403369,,No Control,Clear,"Dark, artificial",Dry,Non-Fatal Injury,Pedestrian Collisions,Vehicle Owner,unknown,,,,Other,,,,,,,,,,Yes,,Yes,,,Yes,,,Yes,Yes,,Yes,,162,West Queen West,82,Niagara (82),D14,628772.9558,4833546.8246
7621,6805964,1263909,11/5/2011 8:00:00 AM,2211,KING ST W,BATHURST ST,,Major Arterial,Toronto and East York,43.643778,-79.403369,,No Control,Clear,"Dark, artificial",Dry,Non-Fatal Injury,Pedestrian Collisions,Driver,30 to 34,None,,East,Municipal Transit Bus (TTC),Stopped,Driving Properly,Normal,,,,,,,Yes,,Yes,,,Yes,,,Yes,Yes,,Yes,,162,West Queen West,82,Niagara (82),D14,628772.9558,4833546.8246
7622,6805911,1263147,11/7/2011 10:00:00 AM,1134,DUNDAS ST W,STERLING RD,,Minor Arterial,Toronto and East York,43.650645,-79.44299,At Intersection,Stop Sign,Clear,Daylight,Dry,Fatal,Cyclist Collisions,Vehicle Owner,unknown,,,,Other,,,,,,,,,,,Yes,,,Yes,,,,,,,,,84,Little Portugal,84,Little Portugal (84),D11,625563.0663,4834248.7812
7623,6805912,1263147,11/7/2011 10:00:00 AM,1134,DUNDAS ST W,STERLING RD,,Minor Arterial,Toronto and East York,43.650645,-79.44299,At Intersection,Stop Sign,Clear,Daylight,Dry,Fatal,Cyclist Collisions,Truck Driver,65 to 69,None,,South,Truck - Open,Turning Right,Driving Properly,Normal,,,,,,,,Yes,,,Yes,,,,,,,,,84,Little Portugal,84,Little Portugal (84),D11,625563.0663,4834248.7812
7624,6805913,1263147,11/7/2011 10:00:00 AM,1134,DUNDAS ST W,STERLING RD,,Minor Arterial,Toronto and East York,43.650645,-79.44299,At Intersection,Stop Sign,Clear,Daylight,Dry,Fatal,Cyclist Collisions,Cyclist,35 to 39,Fatal,30,South,Bicycle,Turning Right,,,,,,"Motorist turns right at non-signal Inter.(stop, yield, no cont.,and dwy) and strikes cyclist.",Improper Turn,Unknown,,Yes,,,Yes,,,,,,,,,84,Little Portugal,84,Little Portugal (84),D11,625563.0663,4834248.7812
7625,6720867,1274044,11/8/2011 10:00:00 AM,1650,MILLWOOD RD,CLEVELAND ST,,Collector,North York,43.703545,-79.37799,At Intersection,Stop Sign,Clear,Dusk,Wet,Non-Fatal Injury,Angle,Passenger,45 to 49,Major,,,Other,,,,,,,,,,,,Yes,,,,,Yes,,Yes,,,,99,Mount Pleasant East,99,Mount Pleasant East (99),D53,630690.0679,4840224.4503
7626,6720868,1274044,11/8/2011 10:00:00 AM,1650,MILLWOOD RD,CLEVELAND ST,,Collector,North York,43.703545,-79.37799,At Intersection,Stop Sign,Clear,Dusk,Wet,Non-Fatal Injury,Angle,Vehicle Owner,unknown,,,,Other,,,,,,,,,,,,Yes,,,,,Yes,,Yes,,,,99,Mount Pleasant East,99,Mount Pleasant East (99),D53,630690.0679,4840224.4503
7627,6720869,1274044,11/8/2011 10:00:00 AM,1650,MILLWOOD RD,CLEVELAND ST,,Collector,North York,43.703545,-79.37799,At Intersection,Stop Sign,Clear,Dusk,Wet,Non-Fatal Injury,Angle,Driver,40 to 44,None,,East,"Automobile, Station Wagon",Going Ahead,Driving Properly,Normal,,,,,,,,,Yes,,,,,Yes,,Yes,,,,99,Mount Pleasant East,99,Mount Pleasant East (99),D53,630690.0679,4840224.4503
7628,6720870,1274044,11/8/2011 10:00:00 AM,1650,MILLWOOD RD,CLEVELAND ST,,Collector,North York,43.703545,-79.37799,At Intersection,Stop Sign,Clear,Dusk,Wet,Non-Fatal Injury,Angle,Driver,45 to 49,Minimal,,North,"Automobile, Station Wagon",Going Ahead,Failed to Yield Right of Way,Normal,,,,,,,,,Yes,,,,,Yes,,Yes,,,,99,Mount Pleasant East,99,Mount Pleasant East (99),D53,630690.0679,4840224.4503
7629,6697370,1263449,11/8/2011 10:00:00 AM,1950,SPADINA AVE,BULWER ST,,Major Arterial,Toronto and East York,43.649445,-79.39659,,No Control,Clear,"Dark, artificial",Dry,Non-Fatal Injury,Pedestrian Collisions,Driver,70 to 74,None,,South,"Automobile, Station Wagon",Going Ahead,Driving Properly,Normal,,,,,,,Yes,,Yes,,,,,,,,,,,78,Kensington-Chinatown,78,Kensington-Chinatown (78),D52,629307.5475,4834186.7592
7630,6697371,1263449,11/8/2011 10:00:00 AM,1950,SPADINA AVE,BULWER ST,,Major Arterial,Toronto and East York,43.649445,-79.39659,,No Control,Clear,"Dark, artificial",Dry,Non-Fatal Injury,Pedestrian Collisions,Pedestrian,85 to 89,Major,,West,Other,,,,Vehicle is going straight thru inter.while ped cross without ROW,"Crossing, no Traffic Control",Normal,,,,Yes,,Yes,,,,,,,,,,,78,Kensington-Chinatown,78,Kensington-Chinatown (78),D52,629307.5475,4834186.7592
7631,6720981,1274121,11/9/2011 10:00:00 AM,1803,DON MILLS Road,FINCH Aven E,,Major Arterial,North York,43.793045,-79.35479,At Intersection,No Control,Rain,"Dark, artificial",Wet,Non-Fatal Injury,Pedestrian Collisions,Driver,20 to 24,None,,South,"Automobile, Station Wagon",Going Ahead,Driving Properly,Normal,,,,,,,Yes,,Yes,,,,,,,,,,,48,Hillcrest Village,48,Hillcrest Village (48),D33,632361.9527,4850201.5972