OBJECTID,INDEX,ACCNUM,DATE,TIME,STREET1,STREET2,OFFSET,ROAD_CLASS,DISTRICT,LATITUDE,LONGITUDE,ACCLOC,TRAFFCTL,VISIBILITY,LIGHT,RDSFCOND,ACCLASS,IMPACTYPE,INVTYPE,INVAGE,INJURY,FATAL_NO,INITDIR,VEHTYPE,MANOEUVER,DRIVACT,DRIVCOND,PEDTYPE,PEDACT,PEDCOND,CYCLISTYPE,CYCACT,CYCCOND,PEDESTRIAN,CYCLIST,AUTOMOBILE,MOTORCYCLE,TRUCK,TRSN_CITY_VEH,EMERG_VEH,PASSENGER,SPEEDING,AG_DRIV,REDLIGHT,ALCOHOL,DISABILITY,HOOD_158,NEIGHBOURHOOD_158,HOOD_140,NEIGHBOURHOOD_140,DIVISION,x,y
7632,6720982,1274121,11/9/2011 10:00:00 AM,1803,DON MILLS Road,FINCH Aven E,,Major Arterial,North York,43.793045,-79.35479,At Intersection,No Control,Rain,"Dark, artificial",Wet,Non-Fatal Injury,Pedestrian Collisions,Pedestrian,55 to 59,Major,,West,Other,,,,Pedestrian hit at mid-block,"Crossing, no Traffic Control",Inattentive,,,,Yes,,Yes,,,,,,,,,,,48,Hillcrest Village,48,Hillcrest Village (48),D33,632361.9527,4850201.5972
7633,6698089,1263764,11/10/2011 10:00:00 AM,1111,DON VALLEY PARKWAY  S,BAYVIEW BLOOR DVP RAMP,,,Toronto and East York,43.682345,-79.36239,,No Control,Clear,Daylight,Dry,Fatal,SMV Other,Vehicle Owner,unknown,,,,Other,,,,,,,,,,,,Yes,,,,,Yes,Yes,Yes,,,Yes,57,Broadview North,57,Broadview North (57),D55,631993.5195,4837894.6055
7634,6698090,1263764,11/10/2011 10:00:00 AM,1111,DON VALLEY PARKWAY  S,BAYVIEW BLOOR DVP RAMP,,,Toronto and East York,43.682345,-79.36239,,No Control,Clear,Daylight,Dry,Fatal,SMV Other,Driver,50 to 54,None,,South,Other,Going Ahead,Driving Properly,Normal,,,,,,,,,Yes,,,,,Yes,Yes,Yes,,,Yes,57,Broadview North,57,Broadview North (57),D55,631993.5195,4837894.6055
7635,6698091,1263764,11/10/2011 10:00:00 AM,1111,DON VALLEY PARKWAY  S,BAYVIEW BLOOR DVP RAMP,,,Toronto and East York,43.682345,-79.36239,,No Control,Clear,Daylight,Dry,Fatal,SMV Other,Driver,40 to 44,None,,North,"Automobile, Station Wagon",Going Ahead,Driving Properly,Normal,,,,,,,,,Yes,,,,,Yes,Yes,Yes,,,Yes,57,Broadview North,57,Broadview North (57),D55,631993.5195,4837894.6055
7636,6698092,1263764,11/10/2011 10:00:00 AM,1111,DON VALLEY PARKWAY  S,BAYVIEW BLOOR DVP RAMP,,,Toronto and East York,43.682345,-79.36239,,No Control,Clear,Daylight,Dry,Fatal,SMV Other,Driver,75 to 79,Fatal,31,South,"Automobile, Station Wagon",Going Ahead,Lost control,Medical or Physical Disability,,,,,,,,,Yes,,,,,Yes,Yes,Yes,,,Yes,57,Broadview North,57,Broadview North (57),D55,631993.5195,4837894.6055
7637,6698093,1263764,11/10/2011 10:00:00 AM,1111,DON VALLEY PARKWAY  S,BAYVIEW BLOOR DVP RAMP,,,Toronto and East York,43.682345,-79.36239,,No Control,Clear,Daylight,Dry,Fatal,SMV Other,Vehicle Owner,unknown,,,,Other,,,,,,,,,,,,Yes,,,,,Yes,Yes,Yes,,,Yes,57,Broadview North,57,Broadview North (57),D55,631993.5195,4837894.6055
7638,6698094,1263764,11/10/2011 10:00:00 AM,1111,DON VALLEY PARKWAY  S,BAYVIEW BLOOR DVP RAMP,,,Toronto and East York,43.682345,-79.36239,,No Control,Clear,Daylight,Dry,Fatal,SMV Other,Passenger,55 to 59,None,,,Other,,,,,,,,,,,,Yes,,,,,Yes,Yes,Yes,,,Yes,57,Broadview North,57,Broadview North (57),D55,631993.5195,4837894.6055
7639,6698095,1263764,11/10/2011 10:00:00 AM,1111,DON VALLEY PARKWAY  S,BAYVIEW BLOOR DVP RAMP,,,Toronto and East York,43.682345,-79.36239,,No Control,Clear,Daylight,Dry,Fatal,SMV Other,Driver,50 to 54,None,,South,"Automobile, Station Wagon",Going Ahead,Driving Properly,Normal,,,,,,,,,Yes,,,,,Yes,Yes,Yes,,,Yes,57,Broadview North,57,Broadview North (57),D55,631993.5195,4837894.6055
7640,6714109,1270503,11/11/2011 10:00:00 AM,600,JANE ST,ALLIANCE AVE,,Major Arterial,Etobicoke York,43.676245,-79.49569,At Intersection,No Control,Clear,"Dark, artificial",Dry,Non-Fatal Injury,Pedestrian Collisions,Pedestrian,50 to 54,Major,,West,Other,,,,Pedestrian hit at mid-block,Running onto Roadway,Inattentive,,,,Yes,,Yes,,,,,,,,,,,111,Rockcliffe-Smythe,111,Rockcliffe-Smythe (111),D12,621261.5534,4837013.6062
7641,6714110,1270503,11/11/2011 10:00:00 AM,600,JANE ST,ALLIANCE AVE,,Major Arterial,Etobicoke York,43.676245,-79.49569,At Intersection,No Control,Clear,"Dark, artificial",Dry,Non-Fatal Injury,Pedestrian Collisions,Driver,30 to 34,None,,North,"Automobile, Station Wagon",Going Ahead,Driving Properly,Normal,,,,,,,Yes,,Yes,,,,,,,,,,,111,Rockcliffe-Smythe,111,Rockcliffe-Smythe (111),D12,621261.5534,4837013.6062
7642,6721657,1274629,11/11/2011 10:00:00 AM,1307,MARKHAM Road,TUXEDO Cour,,Major Arterial,Scarborough,43.779445,-79.23299,At Intersection,Traffic Signal,Clear,Daylight,Dry,Non-Fatal Injury,Rear End,Vehicle Owner,unknown,,,,Other,,,,,,,,,,,,Yes,,Yes,,,,,Yes,,,,142,Woburn North,137,Woburn (137),D43,642193.4722,4848893.099
7643,6721658,1274629,11/11/2011 10:00:00 AM,1307,MARKHAM Road,TUXEDO Cour,,Major Arterial,Scarborough,43.779445,-79.23299,At Intersection,Traffic Signal,Clear,Daylight,Dry,Non-Fatal Injury,Rear End,Truck Driver,45 to 49,None,,South,Truck - Open,Stopped,Driving Properly,Normal,,,,,,,,,Yes,,Yes,,,,,Yes,,,,142,Woburn North,137,Woburn (137),D43,642193.4722,4848893.099
7644,6721659,1274629,11/11/2011 10:00:00 AM,1307,MARKHAM Road,TUXEDO Cour,,Major Arterial,Scarborough,43.779445,-79.23299,At Intersection,Traffic Signal,Clear,Daylight,Dry,Non-Fatal Injury,Rear End,Other,unknown,None,,South,Other,Stopped,,,,,,,,,,,Yes,,Yes,,,,,Yes,,,,142,Woburn North,137,Woburn (137),D43,642193.4722,4848893.099
7645,6721660,1274629,11/11/2011 10:00:00 AM,1307,MARKHAM Road,TUXEDO Cour,,Major Arterial,Scarborough,43.779445,-79.23299,At Intersection,Traffic Signal,Clear,Daylight,Dry,Non-Fatal Injury,Rear End,Driver,25 to 29,Major,,South,"Automobile, Station Wagon",Going Ahead,Following too Close,Inattentive,,,,,,,,,Yes,,Yes,,,,,Yes,,,,142,Woburn North,137,Woburn (137),D43,642193.4722,4848893.099
7646,6721661,1274629,11/11/2011 10:00:00 AM,1307,MARKHAM Road,TUXEDO Cour,,Major Arterial,Scarborough,43.779445,-79.23299,At Intersection,Traffic Signal,Clear,Daylight,Dry,Non-Fatal Injury,Rear End,Vehicle Owner,unknown,,,,Other,,,,,,,,,,,,Yes,,Yes,,,,,Yes,,,,142,Woburn North,137,Woburn (137),D43,642193.4722,4848893.099
7647,6721662,1274629,11/11/2011 10:00:00 AM,1307,MARKHAM Road,TUXEDO Cour,,Major Arterial,Scarborough,43.779445,-79.23299,At Intersection,Traffic Signal,Clear,Daylight,Dry,Non-Fatal Injury,Rear End,Driver,20 to 24,None,,South,"Automobile, Station Wagon",Slowing or Stopping,Following too Close,Inattentive,,,,,,,,,Yes,,Yes,,,,,Yes,,,,142,Woburn North,137,Woburn (137),D43,642193.4722,4848893.099
7648,6721618,1274609,11/11/2011 10:00:00 AM,2135,BERGAMOT AVE,ISLINGTON AVE,,Major Arterial,Etobicoke York,43.716945,-79.55599,At Intersection,Traffic Signal,Clear,"Dark, artificial",Dry,Non-Fatal Injury,Pedestrian Collisions,Vehicle Owner,unknown,,,,Other,,,,,,,,,,Yes,,Yes,,,,,,,Yes,,,,4,Rexdale-Kipling,4,Rexdale-Kipling (4),D23,616322.0478,4841447.5062
7649,6721619,1274609,11/11/2011 10:00:00 AM,2135,BERGAMOT AVE,ISLINGTON AVE,,Major Arterial,Etobicoke York,43.716945,-79.55599,At Intersection,Traffic Signal,Clear,"Dark, artificial",Dry,Non-Fatal Injury,Pedestrian Collisions,Driver,50 to 54,None,,East,"Automobile, Station Wagon",Turning Left,Failed to Yield Right of Way,Inattentive,,,,,,,Yes,,Yes,,,,,,,Yes,,,,4,Rexdale-Kipling,4,Rexdale-Kipling (4),D23,616322.0478,4841447.5062
7650,6721620,1274609,11/11/2011 10:00:00 AM,2135,BERGAMOT AVE,ISLINGTON AVE,,Major Arterial,Etobicoke York,43.716945,-79.55599,At Intersection,Traffic Signal,Clear,"Dark, artificial",Dry,Non-Fatal Injury,Pedestrian Collisions,Pedestrian,60 to 64,Major,,West,Other,,,,Vehicle turns left while ped crosses with ROW at inter.,Crossing with right of way,Had Been Drinking,,,,Yes,,Yes,,,,,,,Yes,,,,4,Rexdale-Kipling,4,Rexdale-Kipling (4),D23,616322.0478,4841447.5062
7651,6721214,1274299,11/12/2011 10:00:00 AM,1355,WESTON Road,CORDELLA Aven,,Minor Arterial,Etobicoke York,43.683545,-79.48129,At Intersection,No Control,Clear,Daylight,Dry,Non-Fatal Injury,Turning Movement,Vehicle Owner,unknown,,,,Other,,,,,,,,,,,,Yes,,,,,,,,,,,111,Rockcliffe-Smythe,111,Rockcliffe-Smythe (111),D12,622407.4936,4837845.5212
7652,6721215,1274299,11/12/2011 10:00:00 AM,1355,WESTON Road,CORDELLA Aven,,Minor Arterial,Etobicoke York,43.683545,-79.48129,At Intersection,No Control,Clear,Daylight,Dry,Non-Fatal Injury,Turning Movement,Driver,75 to 79,Major,,East,"Automobile, Station Wagon",Going Ahead,Driving Properly,Normal,,,,,,,,,Yes,,,,,,,,,,,111,Rockcliffe-Smythe,111,Rockcliffe-Smythe (111),D12,622407.4936,4837845.5212
7653,6721216,1274299,11/12/2011 10:00:00 AM,1355,WESTON Road,CORDELLA Aven,,Minor Arterial,Etobicoke York,43.683545,-79.48129,At Intersection,No Control,Clear,Daylight,Dry,Non-Fatal Injury,Turning Movement,Driver,55 to 59,Major,,West,"Automobile, Station Wagon",Making U Turn,Improper Turn,Inattentive,,,,,,,,,Yes,,,,,,,,,,,111,Rockcliffe-Smythe,111,Rockcliffe-Smythe (111),D12,622407.4936,4837845.5212
7654,6698831,1264083,11/13/2011 10:00:00 AM,1855,JANE ST,WILLIAM CRAGG DR,,Major Arterial,Etobicoke York,43.721945,-79.50889,At Intersection,No Control,Clear,"Dark, artificial",Dry,Non-Fatal Injury,Pedestrian Collisions,Driver,45 to 49,None,,South,"Automobile, Station Wagon",Going Ahead,Driving Properly,Normal,,,,,,,Yes,,Yes,,,,,,,,,,,154,Oakdale-Beverley Heights,26,Downsview-Roding-CFB (26),D31,620106.2213,4842070.0038
7655,6698832,1264083,11/13/2011 10:00:00 AM,1855,JANE ST,WILLIAM CRAGG DR,,Major Arterial,Etobicoke York,43.721945,-79.50889,At Intersection,No Control,Clear,"Dark, artificial",Dry,Non-Fatal Injury,Pedestrian Collisions,Pedestrian,45 to 49,Major,,West,Other,,,,Pedestrian hit at mid-block,"Crossing, no Traffic Control",Inattentive,,,,Yes,,Yes,,,,,,,,,,,154,Oakdale-Beverley Heights,26,Downsview-Roding-CFB (26),D31,620106.2213,4842070.0038
7656,7644820,1264317,11/14/2011 10:00:00 AM,1704,MILNER Aven,MORNINGSIDE Aven,,Major Arterial,Scarborough,43.800244,-79.199089,,Traffic Signal,Clear,"Dusk, artificial",Wet,Non-Fatal Injury,Rear End,Driver,80 to 84,None,,East,"Automobile, Station Wagon",Turning Left,Driving Properly,Normal,,,,,,,,,Yes,,,,,Yes,,Yes,,,,146,Malvern East,132,Malvern (132),D42,644871.2975,4851261.9513
7657,7644821,1264317,11/14/2011 10:00:00 AM,1704,MILNER Aven,MORNINGSIDE Aven,,Major Arterial,Scarborough,43.800244,-79.199089,,Traffic Signal,Clear,"Dusk, artificial",Wet,Non-Fatal Injury,Rear End,Passenger,80 to 84,Major,,,Other,,,,,,,,,,,,Yes,,,,,Yes,,Yes,,,,146,Malvern East,132,Malvern (132),D42,644871.2975,4851261.9513
7658,7644822,1264317,11/14/2011 10:00:00 AM,1704,MILNER Aven,MORNINGSIDE Aven,,Major Arterial,Scarborough,43.800244,-79.199089,,Traffic Signal,Clear,"Dusk, artificial",Wet,Non-Fatal Injury,Rear End,Driver,50 to 54,None,,East,"Automobile, Station Wagon",Turning Left,Following too Close,Normal,,,,,,,,,Yes,,,,,Yes,,Yes,,,,146,Malvern East,132,Malvern (132),D42,644871.2975,4851261.9513
7659,6699901,1264528,11/15/2011 10:00:00 AM,1045,DUNDAS ST W,GRACE ST,,Major Arterial,Toronto and East York,43.650745,-79.41389,At Intersection,Traffic Signal,Clear,Daylight,Dry,Non-Fatal Injury,Pedestrian Collisions,Driver,75 to 79,None,,East,"Automobile, Station Wagon",Going Ahead,Driving Properly,Normal,,,,,,,Yes,,Yes,,,,,,,,,,,81,Trinity-Bellwoods,81,Trinity-Bellwoods (81),D14,627909.6093,4834304.3299
7660,6699902,1264528,11/15/2011 10:00:00 AM,1045,DUNDAS ST W,GRACE ST,,Major Arterial,Toronto and East York,43.650745,-79.41389,At Intersection,Traffic Signal,Clear,Daylight,Dry,Non-Fatal Injury,Pedestrian Collisions,Pedestrian,85 to 89,Major,,North,Other,,,,Vehicle is going straight thru inter.while ped cross without ROW,Crossing without right of way,Normal,,,,Yes,,Yes,,,,,,,,,,,81,Trinity-Bellwoods,81,Trinity-Bellwoods (81),D14,627909.6093,4834304.3299
7661,6700137,1264625,11/16/2011 10:00:00 AM,955,F G GARDINER ExP E,PARK LAWN RD,,,Etobicoke York,43.626045,-79.48739,,No Control,Clear,Daylight,Dry,Non-Fatal Injury,Rear End,Driver,35 to 39,None,,East,"Automobile, Station Wagon",Slowing or Stopping,Following too Close,Inattentive,,,,,,,,,Yes,,,,,,,Yes,,,,161,Humber Bay Shores,17,Mimico (includes Humber Bay Shores) (17),D22,622032.2407,4831450.4181
7662,6700138,1264625,11/16/2011 10:00:00 AM,955,F G GARDINER ExP E,PARK LAWN RD,,,Etobicoke York,43.626045,-79.48739,,No Control,Clear,Daylight,Dry,Non-Fatal Injury,Rear End,Driver,35 to 39,Major,,East,"Automobile, Station Wagon",Stopped,Driving Properly,Normal,,,,,,,,,Yes,,,,,,,Yes,,,,161,Humber Bay Shores,17,Mimico (includes Humber Bay Shores) (17),D22,622032.2407,4831450.4181
7663,6724593,1277496,11/16/2011 10:00:00 AM,1655,20 MURRAY ST,,,Local,Toronto and East York,43.656945,-79.39079,,No Control,Clear,Dusk,Dry,Non-Fatal Injury,Pedestrian Collisions,Vehicle Owner,unknown,,,,Other,,,,,,,,,,Yes,,Yes,,,,,,,,,,,78,Kensington-Chinatown,78,Kensington-Chinatown (78),D52,629759.1418,4835028.7867
7664,6724594,1277496,11/16/2011 10:00:00 AM,1655,20 MURRAY ST,,,Local,Toronto and East York,43.656945,-79.39079,,No Control,Clear,Dusk,Dry,Non-Fatal Injury,Pedestrian Collisions,Driver,40 to 44,None,,East,"Automobile, Station Wagon",Turning Right,Driving Properly,Normal,,,,,,,Yes,,Yes,,,,,,,,,,,78,Kensington-Chinatown,78,Kensington-Chinatown (78),D52,629759.1418,4835028.7867
7665,6724595,1277496,11/16/2011 10:00:00 AM,1655,20 MURRAY ST,,,Local,Toronto and East York,43.656945,-79.39079,,No Control,Clear,Dusk,Dry,Non-Fatal Injury,Pedestrian Collisions,Pedestrian,55 to 59,Major,,North,Other,,,,Pedestrian hit at mid-block,"Crossing, no Traffic Control","Ability Impaired, Alcohol",,,,Yes,,Yes,,,,,,,,,,,78,Kensington-Chinatown,78,Kensington-Chinatown (78),D52,629759.1418,4835028.7867
7666,6700170,1264639,11/16/2011 10:00:00 AM,1735,DON MILLS RD,OVERLEA BLVD,,Major Arterial,North York,43.710445,-79.33459,,No Control,Clear,Dark,Dry,Non-Fatal Injury,Pedestrian Collisions,Vehicle Owner,unknown,,,,Other,,,,,,,,,,Yes,,Yes,,,,,,,,,,,44,Flemingdon Park,44,Flemingdon Park (44),D55,634171.5738,4841060.1262
7667,6700171,1264639,11/16/2011 10:00:00 AM,1735,DON MILLS RD,OVERLEA BLVD,,Major Arterial,North York,43.710445,-79.33459,,No Control,Clear,Dark,Dry,Non-Fatal Injury,Pedestrian Collisions,Driver,15 to 19,None,,South,"Automobile, Station Wagon",Going Ahead,Driving Properly,Normal,,,,,,,Yes,,Yes,,,,,,,,,,,44,Flemingdon Park,44,Flemingdon Park (44),D55,634171.5738,4841060.1262
7668,6700172,1264639,11/16/2011 10:00:00 AM,1735,DON MILLS RD,OVERLEA BLVD,,Major Arterial,North York,43.710445,-79.33459,,No Control,Clear,Dark,Dry,Non-Fatal Injury,Pedestrian Collisions,Pedestrian,30 to 34,Major,,West,Other,,,,Pedestrian hit at mid-block,Running onto Roadway,Inattentive,,,,Yes,,Yes,,,,,,,,,,,44,Flemingdon Park,44,Flemingdon Park (44),D55,634171.5738,4841060.1262
7669,6700173,1264639,11/16/2011 10:00:00 AM,1735,DON MILLS RD,OVERLEA BLVD,,Major Arterial,North York,43.710445,-79.33459,,No Control,Clear,Dark,Dry,Non-Fatal Injury,Pedestrian Collisions,Pedestrian,10 to 14,Major,,West,Other,,,,Pedestrian hit at mid-block,Running onto Roadway,Inattentive,,,,Yes,,Yes,,,,,,,,,,,44,Flemingdon Park,44,Flemingdon Park (44),D55,634171.5738,4841060.1262
7670,6701283,1265142,11/18/2011 10:00:00 AM,1511,BATHURST ST,RIDGEWOOD RD,,Major Arterial,Toronto and East York,43.690745,-79.42129,,No Control,Clear,Daylight,Dry,Non-Fatal Injury,Rear End,Driver,50 to 54,None,,North,"Automobile, Station Wagon",Going Ahead,Driving Properly,Normal,,,,,,,,,Yes,,,,,,,,,,Yes,101,Forest Hill South,101,Forest Hill South (101),D13,627228.2949,4838735.4854
7671,6701284,1265142,11/18/2011 10:00:00 AM,1511,BATHURST ST,RIDGEWOOD RD,,Major Arterial,Toronto and East York,43.690745,-79.42129,,No Control,Clear,Daylight,Dry,Non-Fatal Injury,Rear End,Driver,50 to 54,Major,,North,"Automobile, Station Wagon",Going Ahead,Lost control,Medical or Physical Disability,,,,,,,,,Yes,,,,,,,,,,Yes,101,Forest Hill South,101,Forest Hill South (101),D13,627228.2949,4838735.4854
7672,6725274,1278390,11/22/2011 10:00:00 AM,1851,BATHURST Stre,DUNDAS Stre W,,Major Arterial,Toronto and East York,43.652345,-79.40599,,Traffic Signal,Rain,Dark,Wet,Non-Fatal Injury,Pedestrian Collisions,Driver,50 to 54,None,,South,"Automobile, Station Wagon",Going Ahead,,,,,,,,,Yes,,Yes,,,,,,,,,,,78,Kensington-Chinatown,78,Kensington-Chinatown (78),D14,628543.2868,4834494.238
7673,6725275,1278390,11/22/2011 10:00:00 AM,1851,BATHURST Stre,DUNDAS Stre W,,Major Arterial,Toronto and East York,43.652345,-79.40599,,Traffic Signal,Rain,Dark,Wet,Non-Fatal Injury,Pedestrian Collisions,Pedestrian,unknown,Major,,,Other,Other,,,,,,,,,Yes,,Yes,,,,,,,,,,,78,Kensington-Chinatown,78,Kensington-Chinatown (78),D14,628543.2868,4834494.238
7674,6702104,1265520,11/22/2011 10:00:00 AM,2057,STONG CRT,JANE ST,,Collector,Etobicoke York,43.762045,-79.51809,,No Control,Rain,"Dark, artificial",Wet,Non-Fatal Injury,SMV Other,Driver,70 to 74,Major,,East,"Automobile, Station Wagon",Unknown,Other,Medical or Physical Disability,,,,,,,,,Yes,,,,,,,,,,Yes,24,Black Creek,24,Black Creek (24),D31,619285.5099,4846510.3963
7675,6702114,1265525,11/22/2011 10:00:00 AM,2145,BATHURST ST,BARTON AVE,,Major Arterial,Toronto and East York,43.668145,-79.41239,,No Control,Rain,"Dark, artificial",Wet,Non-Fatal Injury,Pedestrian Collisions,Passenger,30 to 34,None,,,Other,,,,,,,,,,Yes,,Yes,,,,,Yes,,,,,,95,Annex,95,Annex (95),D14,627993.5987,4836239.1427
7676,6702115,1265525,11/22/2011 10:00:00 AM,2145,BATHURST ST,BARTON AVE,,Major Arterial,Toronto and East York,43.668145,-79.41239,,No Control,Rain,"Dark, artificial",Wet,Non-Fatal Injury,Pedestrian Collisions,Passenger,25 to 29,None,,,Other,,,,,,,,,,Yes,,Yes,,,,,Yes,,,,,,95,Annex,95,Annex (95),D14,627993.5987,4836239.1427
7677,6702116,1265525,11/22/2011 10:00:00 AM,2145,BATHURST ST,BARTON AVE,,Major Arterial,Toronto and East York,43.668145,-79.41239,,No Control,Rain,"Dark, artificial",Wet,Non-Fatal Injury,Pedestrian Collisions,Passenger,30 to 34,None,,,Other,,,,,,,,,,Yes,,Yes,,,,,Yes,,,,,,95,Annex,95,Annex (95),D14,627993.5987,4836239.1427
7678,6702117,1265525,11/22/2011 10:00:00 AM,2145,BATHURST ST,BARTON AVE,,Major Arterial,Toronto and East York,43.668145,-79.41239,,No Control,Rain,"Dark, artificial",Wet,Non-Fatal Injury,Pedestrian Collisions,Vehicle Owner,unknown,,,,Other,,,,,,,,,,Yes,,Yes,,,,,Yes,,,,,,95,Annex,95,Annex (95),D14,627993.5987,4836239.1427
7679,6702118,1265525,11/22/2011 10:00:00 AM,2145,BATHURST ST,BARTON AVE,,Major Arterial,Toronto and East York,43.668145,-79.41239,,No Control,Rain,"Dark, artificial",Wet,Non-Fatal Injury,Pedestrian Collisions,Driver,55 to 59,None,,South,"Automobile, Station Wagon",Going Ahead,Driving Properly,Normal,,,,,,,Yes,,Yes,,,,,Yes,,,,,,95,Annex,95,Annex (95),D14,627993.5987,4836239.1427
7680,6702119,1265525,11/22/2011 10:00:00 AM,2145,BATHURST ST,BARTON AVE,,Major Arterial,Toronto and East York,43.668145,-79.41239,,No Control,Rain,"Dark, artificial",Wet,Non-Fatal Injury,Pedestrian Collisions,Pedestrian,30 to 34,Major,,East,Other,,,,Pedestrian hit at mid-block,Running onto Roadway,"Ability Impaired, Alcohol",,,,Yes,,Yes,,,,,Yes,,,,,,95,Annex,95,Annex (95),D14,627993.5987,4836239.1427
7681,6722649,1275666,11/23/2011 10:00:00 AM,118,WILSON HEIGHTS BLVD,SHEPPARD AVE W,,Major Arterial,North York,43.751645,-79.45669,At Intersection,Traffic Signal,Rain,"Dark, artificial",Wet,Non-Fatal Injury,Pedestrian Collisions,Driver,45 to 49,None,,South,"Automobile, Station Wagon",Turning Left,Failed to Yield Right of Way,Inattentive,,,,,,,Yes,,Yes,,,,,,,Yes,,,,33,Clanton Park,33,Clanton Park (33),D32,624249.4311,4845445.5909
7682,6722650,1275666,11/23/2011 10:00:00 AM,118,WILSON HEIGHTS BLVD,SHEPPARD AVE W,,Major Arterial,North York,43.751645,-79.45669,At Intersection,Traffic Signal,Rain,"Dark, artificial",Wet,Non-Fatal Injury,Pedestrian Collisions,Pedestrian,50 to 54,Major,,North,Other,,,,Vehicle turns left while ped crosses with ROW at inter.,Crossing with right of way,Unknown,,,,Yes,,Yes,,,,,,,Yes,,,,33,Clanton Park,33,Clanton Park (33),D32,624249.4311,4845445.5909
7683,6702598,1265738,11/23/2011 10:00:00 AM,2240,DUFFERIN ST,KENNARD AVE,,Major Arterial,North York,43.760045,-79.46499,,No Control,Clear,"Dark, artificial",Dry,Non-Fatal Injury,Pedestrian Collisions,Driver,30 to 34,None,,North,"Automobile, Station Wagon",Going Ahead,Driving Properly,Normal,,,,,,,Yes,,Yes,,,,,,,,,,,34,Bathurst Manor,34,Bathurst Manor (34),D32,623563.9157,4846366.1188
7684,6702599,1265738,11/23/2011 10:00:00 AM,2240,DUFFERIN ST,KENNARD AVE,,Major Arterial,North York,43.760045,-79.46499,,No Control,Clear,"Dark, artificial",Dry,Non-Fatal Injury,Pedestrian Collisions,Pedestrian,25 to 29,Major,,West,Other,,,,Pedestrian hit at mid-block,"Crossing, no Traffic Control",Normal,,,,Yes,,Yes,,,,,,,,,,,34,Bathurst Manor,34,Bathurst Manor (34),D32,623563.9157,4846366.1188
7685,6722737,1275736,11/24/2011 10:00:00 AM,1440,RUNNYMEDE RD,DEFOREST RD,,Collector,Toronto and East York,43.648845,-79.47529,,Stop Sign,Clear,Daylight,Dry,Non-Fatal Injury,Cyclist Collisions,Vehicle Owner,unknown,,,,Other,,,,,,,,,,,Yes,,,,Yes,,,,,,,,87,High Park-Swansea,87,High Park-Swansea (87),D11,622961.9233,4834000.5026
7686,6722738,1275736,11/24/2011 10:00:00 AM,1440,RUNNYMEDE RD,DEFOREST RD,,Collector,Toronto and East York,43.648845,-79.47529,,Stop Sign,Clear,Daylight,Dry,Non-Fatal Injury,Cyclist Collisions,Driver,50 to 54,None,,North,Municipal Transit Bus (TTC),Going Ahead,Driving Properly,Normal,,,,,,,,Yes,,,,Yes,,,,,,,,87,High Park-Swansea,87,High Park-Swansea (87),D11,622961.9233,4834000.5026
7687,6722739,1275736,11/24/2011 10:00:00 AM,1440,RUNNYMEDE RD,DEFOREST RD,,Collector,Toronto and East York,43.648845,-79.47529,,Stop Sign,Clear,Daylight,Dry,Non-Fatal Injury,Cyclist Collisions,Cyclist,55 to 59,Major,,North,Bicycle,Other,,,,,,Cyclist and Driver travelling in same direction. One vehicle rear-ended the other.,Other,Normal,,Yes,,,,Yes,,,,,,,,87,High Park-Swansea,87,High Park-Swansea (87),D11,622961.9233,4834000.5026
7688,6703037,1265912,11/24/2011 10:00:00 AM,2017,DIXON RD,CARLINGVIEW DR,,Major Arterial,Etobicoke York,43.686745,-79.59639,,No Control,Clear,Dark,Dry,Non-Fatal Injury,Pedestrian Collisions,Vehicle Owner,unknown,,,,Other,,,,,,,,,,Yes,,Yes,,,,,,,,,,,1,West Humber-Clairville,1,West Humber-Clairville (1),D23,613124.3902,4838037.4849
7689,6703038,1265912,11/24/2011 10:00:00 AM,2017,DIXON RD,CARLINGVIEW DR,,Major Arterial,Etobicoke York,43.686745,-79.59639,,No Control,Clear,Dark,Dry,Non-Fatal Injury,Pedestrian Collisions,Driver,45 to 49,None,,East,"Automobile, Station Wagon",Slowing or Stopping,Driving Properly,Normal,,,,,,,Yes,,Yes,,,,,,,,,,,1,West Humber-Clairville,1,West Humber-Clairville (1),D23,613124.3902,4838037.4849
7690,6703039,1265912,11/24/2011 10:00:00 AM,2017,DIXON RD,CARLINGVIEW DR,,Major Arterial,Etobicoke York,43.686745,-79.59639,,No Control,Clear,Dark,Dry,Non-Fatal Injury,Pedestrian Collisions,Pedestrian,70 to 74,Major,,South,Other,,,,Pedestrian hit at mid-block,Running onto Roadway,Normal,,,,Yes,,Yes,,,,,,,,,,,1,West Humber-Clairville,1,West Humber-Clairville (1),D23,613124.3902,4838037.4849
7691,6723380,1276528,11/25/2011 10:00:00 AM,958,RICHMOND Stre E,YONGE Stre,,Major Arterial,Toronto and East York,43.651645,-79.37899,At Intersection,Traffic Signal,Clear,Daylight,Dry,Non-Fatal Injury,Cyclist Collisions,Vehicle Owner,unknown,,,,Other,,,,,,,,,,,Yes,Yes,,Yes,,,,,,,,,170,Yonge-Bay Corridor,76,Bay Street Corridor (76),D52,630722.1476,4834458.6729
7692,6723381,1276528,11/25/2011 10:00:00 AM,958,RICHMOND Stre E,YONGE Stre,,Major Arterial,Toronto and East York,43.651645,-79.37899,At Intersection,Traffic Signal,Clear,Daylight,Dry,Non-Fatal Injury,Cyclist Collisions,Truck Driver,35 to 39,None,,West,Truck - Open,Going Ahead,Driving Properly,Normal,,,,,,,,Yes,Yes,,Yes,,,,,,,,,170,Yonge-Bay Corridor,76,Bay Street Corridor (76),D52,630722.1476,4834458.6729