OBJECTID,INDEX,ACCNUM,DATE,TIME,STREET1,STREET2,OFFSET,ROAD_CLASS,DISTRICT,LATITUDE,LONGITUDE,ACCLOC,TRAFFCTL,VISIBILITY,LIGHT,RDSFCOND,ACCLASS,IMPACTYPE,INVTYPE,INVAGE,INJURY,FATAL_NO,INITDIR,VEHTYPE,MANOEUVER,DRIVACT,DRIVCOND,PEDTYPE,PEDACT,PEDCOND,CYCLISTYPE,CYCACT,CYCCOND,PEDESTRIAN,CYCLIST,AUTOMOBILE,MOTORCYCLE,TRUCK,TRSN_CITY_VEH,EMERG_VEH,PASSENGER,SPEEDING,AG_DRIV,REDLIGHT,ALCOHOL,DISABILITY,HOOD_158,NEIGHBOURHOOD_158,HOOD_140,NEIGHBOURHOOD_140,DIVISION,x,y
7693,6723382,1276528,11/25/2011 10:00:00 AM,958,RICHMOND Stre E,YONGE Stre,,Major Arterial,Toronto and East York,43.651645,-79.37899,At Intersection,Traffic Signal,Clear,Daylight,Dry,Non-Fatal Injury,Cyclist Collisions,Vehicle Owner,unknown,,,,Other,,,,,,,,,,,Yes,Yes,,Yes,,,,,,,,,170,Yonge-Bay Corridor,76,Bay Street Corridor (76),D52,630722.1476,4834458.6729
7694,6723383,1276528,11/25/2011 10:00:00 AM,958,RICHMOND Stre E,YONGE Stre,,Major Arterial,Toronto and East York,43.651645,-79.37899,At Intersection,Traffic Signal,Clear,Daylight,Dry,Non-Fatal Injury,Cyclist Collisions,Driver,55 to 59,None,,West,"Automobile, Station Wagon",Going Ahead,Driving Properly,Normal,,,,,,,,Yes,Yes,,Yes,,,,,,,,,170,Yonge-Bay Corridor,76,Bay Street Corridor (76),D52,630722.1476,4834458.6729
7695,6723384,1276528,11/25/2011 10:00:00 AM,958,RICHMOND Stre E,YONGE Stre,,Major Arterial,Toronto and East York,43.651645,-79.37899,At Intersection,Traffic Signal,Clear,Daylight,Dry,Non-Fatal Injury,Cyclist Collisions,Cyclist,30 to 34,Major,,West,Bicycle,Going Ahead,,,,,,Cyclist and Driver travelling in same direction. One vehicle sideswipes the other.,Improper Passing,Unknown,,Yes,Yes,,Yes,,,,,,,,,170,Yonge-Bay Corridor,76,Bay Street Corridor (76),D52,630722.1476,4834458.6729
7696,6703690,1266196,11/25/2011 10:00:00 AM,1556,KINGSTON Road,RASPBERRY Road,,Major Arterial,Scarborough,43.801445,-79.14229,At Intersection,No Control,Clear,Daylight,Dry,Non-Fatal Injury,Cyclist Collisions,Driver,55 to 59,None,,West,"Automobile, Station Wagon",Going Ahead,Following too Close,Inattentive,,,,,,,,Yes,Yes,,,,,,,Yes,,,,143,West Rouge,131,Rouge (131),D42,649437.4631,4851496.348
7697,6703691,1266196,11/25/2011 10:00:00 AM,1556,KINGSTON Road,RASPBERRY Road,,Major Arterial,Scarborough,43.801445,-79.14229,At Intersection,No Control,Clear,Daylight,Dry,Non-Fatal Injury,Cyclist Collisions,Cyclist,50 to 54,Major,,West,Bicycle,Going Ahead,,,,,,Cyclist and Driver travelling in same direction. One vehicle rear-ended the other.,Driving Properly,Normal,,Yes,Yes,,,,,,,Yes,,,,143,West Rouge,131,Rouge (131),D42,649437.4631,4851496.348
7698,6723032,1275965,11/25/2011 10:00:00 AM,1604,YORK MILLS Road,LESMILL Road,,Major Arterial,North York,43.754645,-79.35199,,Traffic Signal,Clear,Daylight,Dry,Non-Fatal Injury,Cyclist Collisions,Driver,20 to 24,None,,West,"Automobile, Station Wagon",Turning Left,Improper Turn,Inattentive,,,,,,,,Yes,Yes,,,,,,,,,,,42,Banbury-Don Mills,42,Banbury-Don Mills (42),D33,632672.113,4845941.1672
7699,6723033,1275965,11/25/2011 10:00:00 AM,1604,YORK MILLS Road,LESMILL Road,,Major Arterial,North York,43.754645,-79.35199,,Traffic Signal,Clear,Daylight,Dry,Non-Fatal Injury,Cyclist Collisions,Cyclist,60 to 64,Major,,East,Bicycle,Going Ahead,,,,,,Motorist turned left across cyclists path.,Driving Properly,Normal,,Yes,Yes,,,,,,,,,,,42,Banbury-Don Mills,42,Banbury-Don Mills (42),D33,632672.113,4845941.1672
7700,6709229,1268545,11/26/2011 10:00:00 AM,1235,EGLINTON AVE E,FORMAN AVE,,Major Arterial,North York,43.709145,-79.38619,At Intersection,Traffic Signal,Clear,Daylight,Dry,Non-Fatal Injury,Pedestrian Collisions,Passenger,10 to 14,None,,,Other,,,,,,,,,,Yes,,Yes,,,,,Yes,,,,,,99,Mount Pleasant East,99,Mount Pleasant East (99),D53,630017.2557,4840833.5153
7701,6709230,1268545,11/26/2011 10:00:00 AM,1235,EGLINTON AVE E,FORMAN AVE,,Major Arterial,North York,43.709145,-79.38619,At Intersection,Traffic Signal,Clear,Daylight,Dry,Non-Fatal Injury,Pedestrian Collisions,Vehicle Owner,unknown,,,,Other,,,,,,,,,,Yes,,Yes,,,,,Yes,,,,,,99,Mount Pleasant East,99,Mount Pleasant East (99),D53,630017.2557,4840833.5153
7702,6709231,1268545,11/26/2011 10:00:00 AM,1235,EGLINTON AVE E,FORMAN AVE,,Major Arterial,North York,43.709145,-79.38619,At Intersection,Traffic Signal,Clear,Daylight,Dry,Non-Fatal Injury,Pedestrian Collisions,Driver,45 to 49,None,,West,"Automobile, Station Wagon",Going Ahead,Driving Properly,Normal,,,,,,,Yes,,Yes,,,,,Yes,,,,,,99,Mount Pleasant East,99,Mount Pleasant East (99),D53,630017.2557,4840833.5153
7703,6709232,1268545,11/26/2011 10:00:00 AM,1235,EGLINTON AVE E,FORMAN AVE,,Major Arterial,North York,43.709145,-79.38619,At Intersection,Traffic Signal,Clear,Daylight,Dry,Non-Fatal Injury,Pedestrian Collisions,Pedestrian,50 to 54,Major,,North,Other,,,,Vehicle is going straight thru inter.while ped cross without ROW,Crossing without right of way,Normal,,,,Yes,,Yes,,,,,Yes,,,,,,99,Mount Pleasant East,99,Mount Pleasant East (99),D53,630017.2557,4840833.5153
7704,6723285,1276407,11/26/2011 10:00:00 AM,1955,2001 FINCH AVE W,,,Major Arterial,Etobicoke York,43.756945,-79.51939,,No Control,Clear,"Dark, artificial",Dry,Non-Fatal Injury,Turning Movement,Motorcycle Driver,35 to 39,Major,,East,Motorcycle,Going Ahead,Driving Properly,Normal,,,,,,,,,Yes,Yes,,,,,,Yes,,,,25,Glenfield-Jane Heights,25,Glenfield-Jane Heights (25),D31,619190.9923,4845942.0945
7705,6723286,1276407,11/26/2011 10:00:00 AM,1955,2001 FINCH AVE W,,,Major Arterial,Etobicoke York,43.756945,-79.51939,,No Control,Clear,"Dark, artificial",Dry,Non-Fatal Injury,Turning Movement,Driver,35 to 39,None,,West,"Automobile, Station Wagon",Turning Left,Failed to Yield Right of Way,Inattentive,,,,,,,,,Yes,Yes,,,,,,Yes,,,,25,Glenfield-Jane Heights,25,Glenfield-Jane Heights (25),D31,619190.9923,4845942.0945
7706,6915779,1266407,11/27/2011 10:00:00 AM,0,DUNERA Aven,EMCARR Driv,,Local,Scarborough,43.757145,-79.19569,At Intersection,Stop Sign,Rain,Dark,Wet,Non-Fatal Injury,Cyclist Collisions,Vehicle Owner,unknown,None,,,Other,Other,,,,,,,,,,Yes,Yes,,,,,,,,,,,136,West Hill,136,West Hill (136),D43,645249.0574,4846481.0785
7707,6915780,1266407,11/27/2011 10:00:00 AM,0,DUNERA Aven,EMCARR Driv,,Local,Scarborough,43.757145,-79.19569,At Intersection,Stop Sign,Rain,Dark,Wet,Non-Fatal Injury,Cyclist Collisions,Driver,30 to 34,None,,West,"Automobile, Station Wagon",Going Ahead,,,,,,,,,,Yes,Yes,,,,,,,,,,,136,West Hill,136,West Hill (136),D43,645249.0574,4846481.0785
7708,6915781,1266407,11/27/2011 10:00:00 AM,0,DUNERA Aven,EMCARR Driv,,Local,Scarborough,43.757145,-79.19569,At Intersection,Stop Sign,Rain,Dark,Wet,Non-Fatal Injury,Cyclist Collisions,Cyclist,50 to 54,Major,,South,Bicycle,Turning Left,,,,,,,,,,Yes,Yes,,,,,,,,,,,136,West Hill,136,West Hill (136),D43,645249.0574,4846481.0785
7709,6705831,1267111,11/27/2011 10:00:00 AM,312,YONGE ST,SHEPPARD AVE E,,Major Arterial,North York,43.761545,-79.41089,At Intersection,Traffic Signal,Clear,"Dark, artificial",Dry,Non-Fatal Injury,Turning Movement,Driver,25 to 29,Major,,North,"Automobile, Station Wagon",Going Ahead,Driving Properly,Normal,,,,,,,,,Yes,,,,,,,,,,,151,Yonge-Doris,51,Willowdale East (51),D32,627915.6529,4846614.8543
7710,6705832,1267111,11/27/2011 10:00:00 AM,312,YONGE ST,SHEPPARD AVE E,,Major Arterial,North York,43.761545,-79.41089,At Intersection,Traffic Signal,Clear,"Dark, artificial",Dry,Non-Fatal Injury,Turning Movement,Other Property Owner,unknown,,,,Other,,,,,,,,,,,,Yes,,,,,,,,,,,151,Yonge-Doris,51,Willowdale East (51),D32,627915.6529,4846614.8543
7711,6705833,1267111,11/27/2011 10:00:00 AM,312,YONGE ST,SHEPPARD AVE E,,Major Arterial,North York,43.761545,-79.41089,At Intersection,Traffic Signal,Clear,"Dark, artificial",Dry,Non-Fatal Injury,Turning Movement,Driver,unknown,None,,West,"Automobile, Station Wagon",Turning Right,Improper Turn,Inattentive,,,,,,,,,Yes,,,,,,,,,,,151,Yonge-Doris,51,Willowdale East (51),D32,627915.6529,4846614.8543
7712,6806160,1266689,11/29/2011 10:00:00 AM,1635,BIRCHMOUNT RD,BESWICK PARK  CRT,,Major Arterial,Scarborough,43.813045,-79.31319,,No Control,Rain,"Dark, artificial",Wet,Non-Fatal Injury,Pedestrian Collisions,Driver,65 to 69,None,,South,"Automobile, Station Wagon",Going Ahead,Driving Properly,Normal,,,,,,,Yes,,Yes,,,,,,,,,,,116,Steeles,116,Steeles (116),D42,635663.549,4852490.2863
7713,6806161,1266689,11/29/2011 10:00:00 AM,1635,BIRCHMOUNT RD,BESWICK PARK  CRT,,Major Arterial,Scarborough,43.813045,-79.31319,,No Control,Rain,"Dark, artificial",Wet,Non-Fatal Injury,Pedestrian Collisions,Pedestrian,45 to 49,Major,,West,Other,,,,Vehicle is going straight thru inter.while ped cross without ROW,"Crossing, no Traffic Control",Inattentive,,,,Yes,,Yes,,,,,,,,,,,116,Steeles,116,Steeles (116),D42,635663.549,4852490.2863
7714,6704840,1266690,11/29/2011 10:00:00 AM,1746,DOVEHOUSE AVE,KEELE ST,,Major Arterial,North York,43.749645,-79.48759,,Traffic Signal,Rain,"Dark, artificial",Wet,Non-Fatal Injury,Pedestrian Collisions,Driver,40 to 44,None,,North,"Automobile, Station Wagon",Turning Left,Failed to Yield Right of Way,Inattentive,,,,,,,Yes,,Yes,,,,,,,Yes,,,,27,York University Heights,27,York University Heights (27),D31,621765.7566,4845177.5756
7715,6704841,1266690,11/29/2011 10:00:00 AM,1746,DOVEHOUSE AVE,KEELE ST,,Major Arterial,North York,43.749645,-79.48759,,Traffic Signal,Rain,"Dark, artificial",Wet,Non-Fatal Injury,Pedestrian Collisions,Pedestrian,65 to 69,Major,,South,Other,,,,Vehicle turns left while ped crosses with ROW at inter.,Crossing with right of way,Normal,,,,Yes,,Yes,,,,,,,Yes,,,,27,York University Heights,27,York University Heights (27),D31,621765.7566,4845177.5756
7716,6710543,1269088,11/29/2011 10:00:00 AM,1900,STEELES AVE E,MARKHAM RD,,Major Arterial,Scarborough,43.836589,-79.251178,At Intersection,Traffic Signal,Rain,"Dusk, artificial",Wet,Non-Fatal Injury,Pedestrian Collisions,Driver,unknown,None,,East,"Automobile, Station Wagon",Going Ahead,Failed to Yield Right of Way,Unknown,,,,,,,Yes,,Yes,,,,,,,Yes,,,,144,Morningside Heights,131,Rouge (131),D42,640595.7007,4855208.7901
7717,6710544,1269088,11/29/2011 10:00:00 AM,1900,STEELES AVE E,MARKHAM RD,,Major Arterial,Scarborough,43.836589,-79.251178,At Intersection,Traffic Signal,Rain,"Dusk, artificial",Wet,Non-Fatal Injury,Pedestrian Collisions,Pedestrian,25 to 29,Major,,North,Other,,,,Vehicle is going straight thru inter.while ped cross with ROW,Crossing with right of way,Normal,,,,Yes,,Yes,,,,,,,Yes,,,,144,Morningside Heights,131,Rouge (131),D42,640595.7007,4855208.7901
7718,6705544,1266990,12/1/2011 10:00:00 AM,102,JANE ST,ELLIS AVE,,Major Arterial,Etobicoke York,43.702145,-79.50359,,No Control,Clear,"Dark, artificial",Dry,Fatal,Pedestrian Collisions,Driver,45 to 49,None,,North,"Automobile, Station Wagon",Going Ahead,Driving Properly,Normal,,,,,,,Yes,,Yes,,,,,,,,,,,30,Brookhaven-Amesbury,30,Brookhaven-Amesbury (30),D12,620572.8278,4839878.6324
7719,6705545,1266990,12/1/2011 10:00:00 AM,102,JANE ST,ELLIS AVE,,Major Arterial,Etobicoke York,43.702145,-79.50359,,No Control,Clear,"Dark, artificial",Dry,Fatal,Pedestrian Collisions,Pedestrian,50 to 54,Fatal,32,Unknown,Other,,,,Other / Undefined,Other,Unknown,,,,Yes,,Yes,,,,,,,,,,,30,Brookhaven-Amesbury,30,Brookhaven-Amesbury (30),D12,620572.8278,4839878.6324
7720,6806193,1267274,12/2/2011 10:00:00 AM,1830,LAWRENCE AVE E,TOWNLEY AVE,,Major Arterial,Scarborough,43.742645,-79.30729,At Intersection,No Control,Clear,"Dusk, artificial",Dry,Fatal,Pedestrian Collisions,Vehicle Owner,unknown,,,,Other,,,,,,,,,,Yes,,Yes,,,,,,,,,,,119,Wexford/Maryvale,119,Wexford/Maryvale (119),D41,636297.9351,4844680.9602
7721,6806194,1267274,12/2/2011 10:00:00 AM,1830,LAWRENCE AVE E,TOWNLEY AVE,,Major Arterial,Scarborough,43.742645,-79.30729,At Intersection,No Control,Clear,"Dusk, artificial",Dry,Fatal,Pedestrian Collisions,Driver,65 to 69,None,,West,"Automobile, Station Wagon",Going Ahead,Driving Properly,Unknown,,,,,,,Yes,,Yes,,,,,,,,,,,119,Wexford/Maryvale,119,Wexford/Maryvale (119),D41,636297.9351,4844680.9602
7722,6806195,1267274,12/2/2011 10:00:00 AM,1830,LAWRENCE AVE E,TOWNLEY AVE,,Major Arterial,Scarborough,43.742645,-79.30729,At Intersection,No Control,Clear,"Dusk, artificial",Dry,Fatal,Pedestrian Collisions,Pedestrian,65 to 69,Fatal,33,South,Other,,,,Pedestrian hit at mid-block,"Crossing, no Traffic Control",Unknown,,,,Yes,,Yes,,,,,,,,,,,119,Wexford/Maryvale,119,Wexford/Maryvale (119),D41,636297.9351,4844680.9602
7723,6708835,1268378,12/3/2011 10:00:00 AM,353,960 WARDEN Ave,,,Major Arterial,Scarborough,43.734745,-79.29049,,No Control,Clear,Dark,Dry,Non-Fatal Injury,Rear End,Driver,25 to 29,None,,South,"Automobile, Station Wagon",Going Ahead,Driving Properly,Normal,,,,,,,,,Yes,,,,,,,,,,,119,Wexford/Maryvale,119,Wexford/Maryvale (119),D41,637668.8002,4843831.3252
7724,6708836,1268378,12/3/2011 10:00:00 AM,353,960 WARDEN Ave,,,Major Arterial,Scarborough,43.734745,-79.29049,,No Control,Clear,Dark,Dry,Non-Fatal Injury,Rear End,Driver,unknown,Major,,South,"Automobile, Station Wagon",Going Ahead,Other,Unknown,,,,,,,,,Yes,,,,,,,,,,,119,Wexford/Maryvale,119,Wexford/Maryvale (119),D41,637668.8002,4843831.3252
7725,6807439,1277349,12/4/2011 10:00:00 AM,1620,CHURCH ST,GLOUCESTER ST,,Minor Arterial,Toronto and East York,43.667345,-79.38159,At Intersection,No Control,Clear,Daylight,Dry,Non-Fatal Injury,Pedestrian Collisions,Driver,35 to 39,None,,South,"Automobile, Station Wagon",Going Ahead,Driving Properly,Normal,,,,,,,Yes,,Yes,,,,,,,,,,,167,Church-Wellesley,75,Church-Yonge Corridor (75),D51,630478.463,4836198.2739
7726,6807440,1277349,12/4/2011 10:00:00 AM,1620,CHURCH ST,GLOUCESTER ST,,Minor Arterial,Toronto and East York,43.667345,-79.38159,At Intersection,No Control,Clear,Daylight,Dry,Non-Fatal Injury,Pedestrian Collisions,Pedestrian,75 to 79,Major,,East,Other,,,,Vehicle is going straight thru inter.while ped cross without ROW,"Crossing, no Traffic Control",Unknown,,,,Yes,,Yes,,,,,,,,,,,167,Church-Wellesley,75,Church-Yonge Corridor (75),D51,630478.463,4836198.2739
7727,6724500,1277427,12/4/2011 10:00:00 AM,1840,KENNEDY RD,401 C E KENNEDY RAMP RD,,Major Arterial,Scarborough,43.773045,-79.28379,,Traffic Signal,Clear,"Daylight, artificial",Wet,Non-Fatal Injury,Angle,Driver,20 to 24,None,,North,"Automobile, Station Wagon",Going Ahead,Disobeyed Traffic Control,Normal,,,,,,,,,Yes,,,,,Yes,,Yes,Yes,,,126,Dorset Park,126,Dorset Park (126),D41,638120.2224,4848096.2778
7728,6724501,1277427,12/4/2011 10:00:00 AM,1840,KENNEDY RD,401 C E KENNEDY RAMP RD,,Major Arterial,Scarborough,43.773045,-79.28379,,Traffic Signal,Clear,"Daylight, artificial",Wet,Non-Fatal Injury,Angle,Passenger,55 to 59,Major,,,Other,,,,,,,,,,,,Yes,,,,,Yes,,Yes,Yes,,,126,Dorset Park,126,Dorset Park (126),D41,638120.2224,4848096.2778
7729,6724502,1277427,12/4/2011 10:00:00 AM,1840,KENNEDY RD,401 C E KENNEDY RAMP RD,,Major Arterial,Scarborough,43.773045,-79.28379,,Traffic Signal,Clear,"Daylight, artificial",Wet,Non-Fatal Injury,Angle,Driver,45 to 49,Minor,,East,"Automobile, Station Wagon",Going Ahead,Driving Properly,Normal,,,,,,,,,Yes,,,,,Yes,,Yes,Yes,,,126,Dorset Park,126,Dorset Park (126),D41,638120.2224,4848096.2778
7730,6725937,1279443,12/4/2011 10:00:00 AM,2210,EGLINTON AVE E,FALMOUTH AVE,,Major Arterial,Scarborough,43.735545,-79.25319,,Traffic Signal,Rain,"Dark, artificial",Wet,Non-Fatal Injury,Pedestrian Collisions,Driver,20 to 24,None,,East,"Automobile, Station Wagon",Going Ahead,Driving Properly,Unknown,,,,,,,Yes,,Yes,,,,,,,,,,,124,Kennedy Park,124,Kennedy Park (124),D41,640670.7741,4843982.8314
7731,6725938,1279443,12/4/2011 10:00:00 AM,2210,EGLINTON AVE E,FALMOUTH AVE,,Major Arterial,Scarborough,43.735545,-79.25319,,Traffic Signal,Rain,"Dark, artificial",Wet,Non-Fatal Injury,Pedestrian Collisions,Pedestrian,15 to 19,Major,,North,Other,,,,Vehicle is going straight thru inter.while ped cross without ROW,Crossing without right of way,Inattentive,,,,Yes,,Yes,,,,,,,,,,,124,Kennedy Park,124,Kennedy Park (124),D41,640670.7741,4843982.8314
7732,6724621,1277511,12/5/2011 10:00:00 AM,1527,PECKHAM AVE,CRISPIN CRES,,Local,North York,43.792145,-79.43709,At Intersection,No Control,Rain,Daylight,Wet,Non-Fatal Injury,Pedestrian Collisions,Vehicle Owner,unknown,,,,Other,,,,,,,,,,Yes,,Yes,,,,,,,,,,,36,Newtonbrook West,36,Newtonbrook West (36),D32,625742.5061,4849973.3171
7733,6724622,1277511,12/5/2011 10:00:00 AM,1527,PECKHAM AVE,CRISPIN CRES,,Local,North York,43.792145,-79.43709,At Intersection,No Control,Rain,Daylight,Wet,Non-Fatal Injury,Pedestrian Collisions,Driver,40 to 44,None,,South,"Automobile, Station Wagon",Going Ahead,Driving Properly,Normal,,,,,,,Yes,,Yes,,,,,,,,,,,36,Newtonbrook West,36,Newtonbrook West (36),D32,625742.5061,4849973.3171
7734,6724623,1277511,12/5/2011 10:00:00 AM,1527,PECKHAM AVE,CRISPIN CRES,,Local,North York,43.792145,-79.43709,At Intersection,No Control,Rain,Daylight,Wet,Non-Fatal Injury,Pedestrian Collisions,Pedestrian,5 to 9,Major,,East,Other,,,,Vehicle is going straight thru inter.while ped cross without ROW,Running onto Roadway,Normal,,,,Yes,,Yes,,,,,,,,,,,36,Newtonbrook West,36,Newtonbrook West (36),D32,625742.5061,4849973.3171
7735,6725271,1278387,12/5/2011 10:00:00 AM,1830,BRIMWOOD BLVD,SANDHURST CRCL,,Collector,Scarborough,43.810945,-79.27099,,Stop Sign,Rain,Dark,Wet,Non-Fatal Injury,Pedestrian Collisions,Vehicle Owner,unknown,,,,Other,,,,,,,,,,Yes,,Yes,,,,,,,Yes,,,,129,Agincourt North,129,Agincourt North (129),D42,639062.4407,4852327.1094
7736,6725272,1278387,12/5/2011 10:00:00 AM,1830,BRIMWOOD BLVD,SANDHURST CRCL,,Collector,Scarborough,43.810945,-79.27099,,Stop Sign,Rain,Dark,Wet,Non-Fatal Injury,Pedestrian Collisions,Driver,25 to 29,None,,South,"Automobile, Station Wagon",Turning Left,Failed to Yield Right of Way,Inattentive,,,,,,,Yes,,Yes,,,,,,,Yes,,,,129,Agincourt North,129,Agincourt North (129),D42,639062.4407,4852327.1094
7737,6725273,1278387,12/5/2011 10:00:00 AM,1830,BRIMWOOD BLVD,SANDHURST CRCL,,Collector,Scarborough,43.810945,-79.27099,,Stop Sign,Rain,Dark,Wet,Non-Fatal Injury,Pedestrian Collisions,Pedestrian,50 to 54,Major,,South,Other,,,,Vehicle turns left while ped crosses with ROW at inter.,Crossing with right of way,Normal,,,,Yes,,Yes,,,,,,,Yes,,,,129,Agincourt North,129,Agincourt North (129),D42,639062.4407,4852327.1094
7738,6915792,1268173,12/8/2011 10:00:00 AM,1954,SHEPPARD AVE E,VICTORIA PARK AVE,,Major Arterial,North York,43.775245,-79.32299,At Intersection,Traffic Signal,Clear,Dark,Dry,Non-Fatal Injury,Pedestrian Collisions,Vehicle Owner,unknown,,,,Other,,,,,,,,,,Yes,,,,,Yes,,,,,,,,118,Tam O'Shanter-Sullivan,117,L'Amoreaux (117),D42,634960.4319,4848275.975
7739,6915793,1268173,12/8/2011 10:00:00 AM,1954,SHEPPARD AVE E,VICTORIA PARK AVE,,Major Arterial,North York,43.775245,-79.32299,At Intersection,Traffic Signal,Clear,Dark,Dry,Non-Fatal Injury,Pedestrian Collisions,Driver,55 to 59,None,,South,Municipal Transit Bus (TTC),Turning Right,Driving Properly,Normal,,,,,,,Yes,,,,,Yes,,,,,,,,118,Tam O'Shanter-Sullivan,117,L'Amoreaux (117),D42,634960.4319,4848275.975
7740,6915794,1268173,12/8/2011 10:00:00 AM,1954,SHEPPARD AVE E,VICTORIA PARK AVE,,Major Arterial,North York,43.775245,-79.32299,At Intersection,Traffic Signal,Clear,Dark,Dry,Non-Fatal Injury,Pedestrian Collisions,Pedestrian,20 to 24,Major,,South,Other,,,,Pedestrian involved in a collision with transit vehicle anywhere along roadway,Crossing without right of way,Unknown,,,,Yes,,,,,Yes,,,,,,,,118,Tam O'Shanter-Sullivan,117,L'Amoreaux (117),D42,634960.4319,4848275.975
7741,6723135,1276036,12/10/2011 10:00:00 AM,1533,O CONNOR DR,PAPE AVE,,Major Arterial,Toronto and East York,43.693245,-79.35029,At Intersection,Traffic Signal,Clear,Daylight,Dry,Non-Fatal Injury,Pedestrian Collisions,Driver,25 to 29,None,,West,"Automobile, Station Wagon",Turning Left,Failed to Yield Right of Way,Inattentive,,,,,,,Yes,,Yes,,,,,,,Yes,,,,58,Old East York,58,Old East York (58),D55,632944.7229,4839124.5305
7742,6723136,1276036,12/10/2011 10:00:00 AM,1533,O CONNOR DR,PAPE AVE,,Major Arterial,Toronto and East York,43.693245,-79.35029,At Intersection,Traffic Signal,Clear,Daylight,Dry,Non-Fatal Injury,Pedestrian Collisions,Pedestrian,30 to 34,Minimal,,East,Other,,,,Vehicle turns left while ped crosses with ROW at inter.,Crossing with right of way,Normal,,,,Yes,,Yes,,,,,,,Yes,,,,58,Old East York,58,Old East York (58),D55,632944.7229,4839124.5305
7743,6723137,1276036,12/10/2011 10:00:00 AM,1533,O CONNOR DR,PAPE AVE,,Major Arterial,Toronto and East York,43.693245,-79.35029,At Intersection,Traffic Signal,Clear,Daylight,Dry,Non-Fatal Injury,Pedestrian Collisions,Pedestrian,25 to 29,Major,,East,Other,,,,Vehicle turns left while ped crosses with ROW at inter.,Crossing with right of way,Normal,,,,Yes,,Yes,,,,,,,Yes,,,,58,Old East York,58,Old East York (58),D55,632944.7229,4839124.5305
7744,6725375,1278436,12/10/2011 10:00:00 AM,1622,SPADINA AVE,NASSAU ST,,Major Arterial,Toronto and East York,43.655845,-79.39919,,No Control,Clear,Daylight,Dry,Non-Fatal Injury,Pedestrian Collisions,Vehicle Owner,unknown,,,,Other,,,,,,,,,,Yes,,Yes,,,,,,,,,,,78,Kensington-Chinatown,78,Kensington-Chinatown (78),D52,629084.1552,4834893.5151
7745,6725376,1278436,12/10/2011 10:00:00 AM,1622,SPADINA AVE,NASSAU ST,,Major Arterial,Toronto and East York,43.655845,-79.39919,,No Control,Clear,Daylight,Dry,Non-Fatal Injury,Pedestrian Collisions,Driver,20 to 24,None,,South,"Automobile, Station Wagon",Going Ahead,Driving Properly,Normal,,,,,,,Yes,,Yes,,,,,,,,,,,78,Kensington-Chinatown,78,Kensington-Chinatown (78),D52,629084.1552,4834893.5151
7746,6725377,1278436,12/10/2011 10:00:00 AM,1622,SPADINA AVE,NASSAU ST,,Major Arterial,Toronto and East York,43.655845,-79.39919,,No Control,Clear,Daylight,Dry,Non-Fatal Injury,Pedestrian Collisions,Pedestrian,15 to 19,Major,,East,Other,,,,Pedestrian hit at mid-block,Running onto Roadway,Inattentive,,,,Yes,,Yes,,,,,,,,,,,78,Kensington-Chinatown,78,Kensington-Chinatown (78),D52,629084.1552,4834893.5151
7747,6807712,1278799,12/10/2011 10:00:00 AM,1724,FRONT St E,SCOTT St,,Minor Arterial,Toronto and East York,43.647445,-79.37579,,No Control,Clear,"Dark, artificial",Dry,Non-Fatal Injury,SMV Other,Motorcycle Driver,35 to 39,Major,,East,Motorcycle,Pulling Away from Shoulder or Curb,Lost control,Normal,,,,,,,,,,Yes,,,,,,,,,,166,St Lawrence-East Bayfront-The Islands,75,Church-Yonge Corridor (75),D51,630989.3359,4833997.2538
7748,7644966,1278438,12/10/2011 10:00:00 AM,2252,BROADVIEW AVE,GERRARD ST E,,Minor Arterial,Toronto and East York,43.665444,-79.35259,At Intersection,Traffic Signal,Clear,Dark,Dry,Non-Fatal Injury,Pedestrian Collisions,Driver,45 to 49,None,,South,"Automobile, Station Wagon",Going Ahead,Disobeyed Traffic Control,Normal,,,,,,,Yes,,Yes,,,,,,,Yes,Yes,,,70,South Riverdale,70,South Riverdale (70),D55,632820.7013,4836033.1631
7749,7644967,1278438,12/10/2011 10:00:00 AM,2252,BROADVIEW AVE,GERRARD ST E,,Minor Arterial,Toronto and East York,43.665444,-79.35259,At Intersection,Traffic Signal,Clear,Dark,Dry,Non-Fatal Injury,Pedestrian Collisions,Pedestrian,20 to 24,Major,,East,Other,,,,Vehicle is going straight thru inter.while ped cross with ROW,Crossing with right of way,Normal,,,,Yes,,Yes,,,,,,,Yes,Yes,,,70,South Riverdale,70,South Riverdale (70),D55,632820.7013,4836033.1631
7750,6726236,1279732,12/15/2011 10:00:00 AM,711,STEELES AVE E,MARKHAM RD,,Major Arterial,Scarborough,43.836589,-79.251178,,Traffic Signal,Rain,"Dark, artificial",Wet,Non-Fatal Injury,Pedestrian Collisions,Driver,unknown,None,,West,Municipal Transit Bus (TTC),Turning Left,Failed to Yield Right of Way,Unknown,,,,,,,Yes,,,,,Yes,,,,Yes,,,,144,Morningside Heights,131,Rouge (131),D42,640595.7007,4855208.7901