OBJECTID,INDEX,ACCNUM,DATE,TIME,STREET1,STREET2,OFFSET,ROAD_CLASS,DISTRICT,LATITUDE,LONGITUDE,ACCLOC,TRAFFCTL,VISIBILITY,LIGHT,RDSFCOND,ACCLASS,IMPACTYPE,INVTYPE,INVAGE,INJURY,FATAL_NO,INITDIR,VEHTYPE,MANOEUVER,DRIVACT,DRIVCOND,PEDTYPE,PEDACT,PEDCOND,CYCLISTYPE,CYCACT,CYCCOND,PEDESTRIAN,CYCLIST,AUTOMOBILE,MOTORCYCLE,TRUCK,TRSN_CITY_VEH,EMERG_VEH,PASSENGER,SPEEDING,AG_DRIV,REDLIGHT,ALCOHOL,DISABILITY,HOOD_158,NEIGHBOURHOOD_158,HOOD_140,NEIGHBOURHOOD_140,DIVISION,x,y
7751,6726237,1279732,12/15/2011 10:00:00 AM,711,STEELES AVE E,MARKHAM RD,,Major Arterial,Scarborough,43.836589,-79.251178,,Traffic Signal,Rain,"Dark, artificial",Wet,Non-Fatal Injury,Pedestrian Collisions,Pedestrian,45 to 49,Major,,West,Other,,,,Vehicle turns left while ped crosses with ROW at inter.,Crossing with right of way,Normal,,,,Yes,,,,,Yes,,,,Yes,,,,144,Morningside Heights,131,Rouge (131),D42,640595.7007,4855208.7901
7752,6807918,1279742,12/15/2011 10:00:00 AM,950,ADELAIDE St W,BAY St,,Major Arterial,Toronto and East York,43.649845,-79.38079,At Intersection,Traffic Signal,Rain,Daylight,Wet,Non-Fatal Injury,Cyclist Collisions,Vehicle Owner,unknown,,,,Other,,,,,,,,,,,Yes,Yes,,,,,,,,,,,170,Yonge-Bay Corridor,76,Bay Street Corridor (76),D52,630580.8906,4834255.9253
7753,6807919,1279742,12/15/2011 10:00:00 AM,950,ADELAIDE St W,BAY St,,Major Arterial,Toronto and East York,43.649845,-79.38079,At Intersection,Traffic Signal,Rain,Daylight,Wet,Non-Fatal Injury,Cyclist Collisions,Driver,40 to 44,None,,East,"Automobile, Station Wagon",Going Ahead,Driving Properly,Normal,,,,,,,,Yes,Yes,,,,,,,,,,,170,Yonge-Bay Corridor,76,Bay Street Corridor (76),D52,630580.8906,4834255.9253
7754,6807920,1279742,12/15/2011 10:00:00 AM,950,ADELAIDE St W,BAY St,,Major Arterial,Toronto and East York,43.649845,-79.38079,At Intersection,Traffic Signal,Rain,Daylight,Wet,Non-Fatal Injury,Cyclist Collisions,Cyclist,40 to 44,Major,,East,Bicycle,Merging,,,,,,Cyclist and Driver travelling in same direction. One vehicle sideswipes the other.,Lost control,Inattentive,,Yes,Yes,,,,,,,,,,,170,Yonge-Bay Corridor,76,Bay Street Corridor (76),D52,630580.8906,4834255.9253
7755,6806449,1270054,12/15/2011 10:00:00 AM,1503,FAIRVIEW MALL DR,GODSTONE RD,,Minor Arterial,North York,43.779645,-79.34569,,Traffic Signal,Rain,Daylight,Wet,Non-Fatal Injury,Pedestrian Collisions,Pedestrian,75 to 79,Major,,North,Other,,,,Vehicle turns left while ped crosses with ROW at inter.,Crossing with right of way,Normal,,,,Yes,,,,Yes,,,,,Yes,,,,47,Don Valley Village,47,Don Valley Village (47),D33,633123.8247,4848727.9106
7756,6806450,1270054,12/15/2011 10:00:00 AM,1503,FAIRVIEW MALL DR,GODSTONE RD,,Minor Arterial,North York,43.779645,-79.34569,,Traffic Signal,Rain,Daylight,Wet,Non-Fatal Injury,Pedestrian Collisions,Vehicle Owner,unknown,,,,Other,,,,,,,,,,Yes,,,,Yes,,,,,Yes,,,,47,Don Valley Village,47,Don Valley Village (47),D33,633123.8247,4848727.9106
7757,6806451,1270054,12/15/2011 10:00:00 AM,1503,FAIRVIEW MALL DR,GODSTONE RD,,Minor Arterial,North York,43.779645,-79.34569,,Traffic Signal,Rain,Daylight,Wet,Non-Fatal Injury,Pedestrian Collisions,Truck Driver,60 to 64,None,,South,Truck - Open,Turning Left,Failed to Yield Right of Way,Inattentive,,,,,,,Yes,,,,Yes,,,,,Yes,,,,47,Don Valley Village,47,Don Valley Village (47),D33,633123.8247,4848727.9106
7758,6726869,1280448,12/20/2011 10:00:00 AM,1430,QUEEN St W,CAMERON St,,Major Arterial,Toronto and East York,43.648445,-79.39779,,No Control,Clear,Daylight,Dry,Non-Fatal Injury,Cyclist Collisions,Driver,20 to 24,None,,East,"Automobile, Station Wagon",Parked,Other,Unknown,,,,,,,,Yes,Yes,,,,,,,,,,,164,Wellington Place,77,Waterfront Communities-The Island (77),D14,629212.9164,4834073.827
7759,6726870,1280448,12/20/2011 10:00:00 AM,1430,QUEEN St W,CAMERON St,,Major Arterial,Toronto and East York,43.648445,-79.39779,,No Control,Clear,Daylight,Dry,Non-Fatal Injury,Cyclist Collisions,Cyclist,35 to 39,Major,,East,Bicycle,Going Ahead,,,,,,Cyclist struck opened vehicle door,Driving Properly,Unknown,,Yes,Yes,,,,,,,,,,,164,Wellington Place,77,Waterfront Communities-The Island (77),D14,629212.9164,4834073.827
7760,6806528,1270884,12/21/2011 10:00:00 AM,706,JANE ST,DRIFTWOOD AVE,,Major Arterial,Etobicoke York,43.765898,-79.519672,At Intersection,Traffic Signal,Rain,"Dark, artificial",Wet,Fatal,Pedestrian Collisions,Pedestrian,25 to 29,Fatal,34,East,Other,,,,Vehicle turns left while ped crosses with ROW at inter.,Crossing with right of way,Normal,,,,Yes,,,,,Yes,,,,Yes,,,,24,Black Creek,24,Black Creek (24),D31,619150.5175,4846936.0518
7761,6806529,1270884,12/21/2011 10:00:00 AM,706,JANE ST,DRIFTWOOD AVE,,Major Arterial,Etobicoke York,43.765898,-79.519672,At Intersection,Traffic Signal,Rain,"Dark, artificial",Wet,Fatal,Pedestrian Collisions,Vehicle Owner,unknown,,,,Other,,,,,,,,,,Yes,,,,,Yes,,,,Yes,,,,24,Black Creek,24,Black Creek (24),D31,619150.5175,4846936.0518
7762,6806530,1270884,12/21/2011 10:00:00 AM,706,JANE ST,DRIFTWOOD AVE,,Major Arterial,Etobicoke York,43.765898,-79.519672,At Intersection,Traffic Signal,Rain,"Dark, artificial",Wet,Fatal,Pedestrian Collisions,Driver,40 to 44,None,,West,Municipal Transit Bus (TTC),Turning Left,Failed to Yield Right of Way,Inattentive,,,,,,,Yes,,,,,Yes,,,,Yes,,,,24,Black Creek,24,Black Creek (24),D31,619150.5175,4846936.0518
7763,6727380,1281411,12/21/2011 10:00:00 AM,1710,CHICOUTIMI AVE,LAWRENCE AVE W,,Major Arterial,North York,43.720345,-79.42439,,No Control,Rain,Dark,Wet,Non-Fatal Injury,Pedestrian Collisions,Driver,70 to 74,None,,West,"Automobile, Station Wagon",Turning Left,Driving Properly,Normal,,,,,,,Yes,,Yes,,,,,,,,,,,39,Bedford Park-Nortown,39,Bedford Park-Nortown (39),D53,626915.9823,4842018.2282
7764,6727381,1281411,12/21/2011 10:00:00 AM,1710,CHICOUTIMI AVE,LAWRENCE AVE W,,Major Arterial,North York,43.720345,-79.42439,,No Control,Rain,Dark,Wet,Non-Fatal Injury,Pedestrian Collisions,Pedestrian,60 to 64,Major,,West,Other,,,,Pedestrian hit at mid-block,"Crossing, no Traffic Control",Inattentive,,,,Yes,,Yes,,,,,,,,,,,39,Bedford Park-Nortown,39,Bedford Park-Nortown (39),D53,626915.9823,4842018.2282
7765,6808504,1281373,12/21/2011 10:00:00 AM,1807,EGLINTON AVE W,KANE AVE,,Major Arterial,Etobicoke York,43.691045,-79.47099,,No Control,Clear,Dark,Dry,Non-Fatal Injury,Pedestrian Collisions,Vehicle Owner,unknown,,,,Other,,,,,,,,,,Yes,,Yes,,,,,,,,,,,110,Keelesdale-Eglinton West,110,Keelesdale-Eglinton West (110),D12,623222.3196,4838693.7515
7766,6808505,1281373,12/21/2011 10:00:00 AM,1807,EGLINTON AVE W,KANE AVE,,Major Arterial,Etobicoke York,43.691045,-79.47099,,No Control,Clear,Dark,Dry,Non-Fatal Injury,Pedestrian Collisions,Driver,45 to 49,None,,East,"Automobile, Station Wagon",Going Ahead,Driving Properly,Normal,,,,,,,Yes,,Yes,,,,,,,,,,,110,Keelesdale-Eglinton West,110,Keelesdale-Eglinton West (110),D12,623222.3196,4838693.7515
7767,6808506,1281373,12/21/2011 10:00:00 AM,1807,EGLINTON AVE W,KANE AVE,,Major Arterial,Etobicoke York,43.691045,-79.47099,,No Control,Clear,Dark,Dry,Non-Fatal Injury,Pedestrian Collisions,Pedestrian,25 to 29,Major,,South,Other,,,,Pedestrian hit at mid-block,Running onto Roadway,Inattentive,,,,Yes,,Yes,,,,,,,,,,,110,Keelesdale-Eglinton West,110,Keelesdale-Eglinton West (110),D12,623222.3196,4838693.7515
7768,6915958,1281493,12/22/2011 10:00:00 AM,1128,LAIRD DR,EGLINTON AVE E,,Major Arterial,North York,43.713545,-79.36479,At Intersection,Traffic Signal,Clear,Daylight,Dry,Non-Fatal Injury,Pedestrian Collisions,Driver,70 to 74,None,,South,"Automobile, Station Wagon",Turning Left,Failed to Yield Right of Way,Inattentive,,,,,,,Yes,,Yes,,,,,,,Yes,,,,55,Thorncliffe Park,55,Thorncliffe Park (55),D53,631731.7328,4841355.9858
7769,6915959,1281493,12/22/2011 10:00:00 AM,1128,LAIRD DR,EGLINTON AVE E,,Major Arterial,North York,43.713545,-79.36479,At Intersection,Traffic Signal,Clear,Daylight,Dry,Non-Fatal Injury,Pedestrian Collisions,Pedestrian,65 to 69,Major,,North,Other,,,,Vehicle turns left while ped crosses with ROW at inter.,Crossing with right of way,Normal,,,,Yes,,Yes,,,,,,,Yes,,,,55,Thorncliffe Park,55,Thorncliffe Park (55),D53,631731.7328,4841355.9858
7770,6715346,1271043,12/22/2011 10:00:00 AM,1345,JANE ST,YORKWOODS GT,,Major Arterial,Etobicoke York,43.751245,-79.51619,,No Control,Clear,Daylight,Dry,Non-Fatal Injury,Pedestrian Collisions,Vehicle Owner,unknown,,,,Other,,,,,,,,,,Yes,,,,,Yes,,,,,,,,25,Glenfield-Jane Heights,25,Glenfield-Jane Heights (25),D31,619459.9389,4845313.6359
7771,6715347,1271043,12/22/2011 10:00:00 AM,1345,JANE ST,YORKWOODS GT,,Major Arterial,Etobicoke York,43.751245,-79.51619,,No Control,Clear,Daylight,Dry,Non-Fatal Injury,Pedestrian Collisions,Driver,40 to 44,None,,North,Municipal Transit Bus (TTC),Going Ahead,Driving Properly,Normal,,,,,,,Yes,,,,,Yes,,,,,,,,25,Glenfield-Jane Heights,25,Glenfield-Jane Heights (25),D31,619459.9389,4845313.6359
7772,6715348,1271043,12/22/2011 10:00:00 AM,1345,JANE ST,YORKWOODS GT,,Major Arterial,Etobicoke York,43.751245,-79.51619,,No Control,Clear,Daylight,Dry,Non-Fatal Injury,Pedestrian Collisions,Pedestrian,30 to 34,Major,,North,Other,,,,Pedestrian involved in a collision with transit vehicle anywhere along roadway,Other,Had Been Drinking,,,,Yes,,,,,Yes,,,,,,,,25,Glenfield-Jane Heights,25,Glenfield-Jane Heights (25),D31,619459.9389,4845313.6359
7773,6806560,1271163,12/23/2011 10:00:00 AM,547,LAWRENCE AVE E,CURLEW DR,,Major Arterial,North York,43.741145,-79.31929,At Intersection,Traffic Signal,Clear,"Dark, artificial",Wet,Fatal,Turning Movement,Driver,25 to 29,Minimal,,West,"Automobile, Station Wagon",Going Ahead,Driving Properly,Normal,,,,,,,,,Yes,,,,,,,Yes,,,,43,Victoria Village,43,Victoria Village (43),D33,635335.0579,4844494.6895
7774,6806561,1271163,12/23/2011 10:00:00 AM,547,LAWRENCE AVE E,CURLEW DR,,Major Arterial,North York,43.741145,-79.31929,At Intersection,Traffic Signal,Clear,"Dark, artificial",Wet,Fatal,Turning Movement,Driver,35 to 39,Fatal,35,East,"Automobile, Station Wagon",Turning Left,Improper Turn,Inattentive,,,,,,,,,Yes,,,,,,,Yes,,,,43,Victoria Village,43,Victoria Village (43),D33,635335.0579,4844494.6895
7775,6806562,1271163,12/23/2011 10:00:00 AM,547,LAWRENCE AVE E,CURLEW DR,,Major Arterial,North York,43.741145,-79.31929,At Intersection,Traffic Signal,Clear,"Dark, artificial",Wet,Fatal,Turning Movement,Other Property Owner,unknown,,,,Other,,,,,,,,,,,,Yes,,,,,,,Yes,,,,43,Victoria Village,43,Victoria Village (43),D33,635335.0579,4844494.6895
7776,6811178,1283294,12/25/2011 10:00:00 AM,1000,1971 KEELE St,,,Major Arterial,Etobicoke York,43.689745,-79.47489,,No Control,Clear,Daylight,Dry,Non-Fatal Injury,Pedestrian Collisions,Driver,25 to 29,None,,West,"Automobile, Station Wagon",Going Ahead,Other,Had Been Drinking,,,,,,,Yes,,Yes,,,,,,,Yes,,,,110,Keelesdale-Eglinton West,110,Keelesdale-Eglinton West (110),D12,622910.6727,4838543.581
7777,6811179,1283294,12/25/2011 10:00:00 AM,1000,1971 KEELE St,,,Major Arterial,Etobicoke York,43.689745,-79.47489,,No Control,Clear,Daylight,Dry,Non-Fatal Injury,Pedestrian Collisions,Pedestrian,30 to 34,Major,,Unknown,Other,,,,Pedestrian hit at mid-block,"Crossing, no Traffic Control",,,,,Yes,,Yes,,,,,,,Yes,,,,110,Keelesdale-Eglinton West,110,Keelesdale-Eglinton West (110),D12,622910.6727,4838543.581
7778,6727689,1281688,12/25/2011 10:00:00 AM,1740,DUFFERIN ST,ROSECLIFFE AVE,,Major Arterial,Toronto and East York,43.682945,-79.44509,,No Control,Clear,"Dark, artificial",Dry,Non-Fatal Injury,SMV Unattended Vehicle,Other,unknown,None,,,Other,Parked,,,,,,,,,,,Yes,,,,,Yes,,Yes,,,,92,Corso Italia-Davenport,92,Corso Italia-Davenport (92),D13,625326.4767,4837832.9487
7779,6727690,1281688,12/25/2011 10:00:00 AM,1740,DUFFERIN ST,ROSECLIFFE AVE,,Major Arterial,Toronto and East York,43.682945,-79.44509,,No Control,Clear,"Dark, artificial",Dry,Non-Fatal Injury,SMV Unattended Vehicle,Passenger,15 to 19,Major,,,Other,,,,,,,,,,,,Yes,,,,,Yes,,Yes,,,,92,Corso Italia-Davenport,92,Corso Italia-Davenport (92),D13,625326.4767,4837832.9487
7780,6727691,1281688,12/25/2011 10:00:00 AM,1740,DUFFERIN ST,ROSECLIFFE AVE,,Major Arterial,Toronto and East York,43.682945,-79.44509,,No Control,Clear,"Dark, artificial",Dry,Non-Fatal Injury,SMV Unattended Vehicle,Driver,20 to 24,Major,,North,"Automobile, Station Wagon",Going Ahead,Lost control,Normal,,,,,,,,,Yes,,,,,Yes,,Yes,,,,92,Corso Italia-Davenport,92,Corso Italia-Davenport (92),D13,625326.4767,4837832.9487
7781,6728060,1282186,12/27/2011 10:00:00 AM,1404,ST CLAIR Ave W,EARLSCOURT Ave,,Major Arterial,Toronto and East York,43.677045,-79.44739,,Traffic Signal,Rain,Daylight,Wet,Non-Fatal Injury,Cyclist Collisions,Driver,25 to 29,Major,,West,"Automobile, Station Wagon",Changing Lanes,Improper Lane Change,Inattentive,,,,,,,,Yes,Yes,,,,,,,,,,,92,Corso Italia-Davenport,92,Corso Italia-Davenport (92),D13,625153.3603,4837174.2012
7782,6728061,1282186,12/27/2011 10:00:00 AM,1404,ST CLAIR Ave W,EARLSCOURT Ave,,Major Arterial,Toronto and East York,43.677045,-79.44739,,Traffic Signal,Rain,Daylight,Wet,Non-Fatal Injury,Cyclist Collisions,Cyclist,unknown,Minimal,,West,Bicycle,Going Ahead,,,,,,Cyclist and Driver travelling in same direction. One vehicle sideswipes the other.,Speed too Fast For Condition,Normal,,Yes,Yes,,,,,,,,,,,92,Corso Italia-Davenport,92,Corso Italia-Davenport (92),D13,625153.3603,4837174.2012
7783,6728085,1282206,12/27/2011 10:00:00 AM,1740,THE EAST MALL,EAST MALL CRES,,Minor Arterial,Etobicoke York,43.631445,-79.55229,,Traffic Signal,Rain,Dark,Wet,Non-Fatal Injury,Pedestrian Collisions,Driver,65 to 69,None,,East,"Automobile, Station Wagon",Turning Left,Failed to Yield Right of Way,Normal,,,,,,,Yes,,Yes,,,,,,,Yes,,,,159,Etobicoke City Centre,14,Islington-City Centre West (14),D22,616785.8275,4831956.8085
7784,6728086,1282206,12/27/2011 10:00:00 AM,1740,THE EAST MALL,EAST MALL CRES,,Minor Arterial,Etobicoke York,43.631445,-79.55229,,Traffic Signal,Rain,Dark,Wet,Non-Fatal Injury,Pedestrian Collisions,Pedestrian,20 to 24,Major,,West,Other,,,,Vehicle turns left while ped crosses with ROW at inter.,Crossing with right of way,Unknown,,,,Yes,,Yes,,,,,,,Yes,,,,159,Etobicoke City Centre,14,Islington-City Centre West (14),D22,616785.8275,4831956.8085
7785,6728066,1282189,12/27/2011 10:00:00 AM,1920,GRANDSTAND ENT RD,HIGHWAY 27  S,,Other,Etobicoke York,43.706245,-79.59139,,No Control,Snow,Dark,Loose Snow,Non-Fatal Injury,SMV Other,Passenger,60 to 64,Major,,,Other,,,,,,,,,,,,Yes,,,,,Yes,Yes,Yes,,,,1,West Humber-Clairville,1,West Humber-Clairville (1),D23,613490.5789,4840210.0543
7786,6728067,1282189,12/27/2011 10:00:00 AM,1920,GRANDSTAND ENT RD,HIGHWAY 27  S,,Other,Etobicoke York,43.706245,-79.59139,,No Control,Snow,Dark,Loose Snow,Non-Fatal Injury,SMV Other,Driver,65 to 69,None,,West,"Automobile, Station Wagon",Turning Right,Speed too Fast For Condition,Normal,,,,,,,,,Yes,,,,,Yes,Yes,Yes,,,,1,West Humber-Clairville,1,West Humber-Clairville (1),D23,613490.5789,4840210.0543
7787,6727992,1282108,12/28/2011 10:00:00 AM,1339,DUFFERIN ST,YORKDALE RD,,Major Arterial,North York,43.726945,-79.45759,,Traffic Signal,Clear,Daylight,Dry,Non-Fatal Injury,Pedestrian Collisions,Driver,15 to 19,None,,West,"Automobile, Station Wagon",Turning Left,Failed to Yield Right of Way,Normal,,,,,,,Yes,,Yes,,,,,,,Yes,,,,31,Yorkdale-Glen Park,31,Yorkdale-Glen Park (31),D32,624228.0434,4842700.9475
7788,6727993,1282108,12/28/2011 10:00:00 AM,1339,DUFFERIN ST,YORKDALE RD,,Major Arterial,North York,43.726945,-79.45759,,Traffic Signal,Clear,Daylight,Dry,Non-Fatal Injury,Pedestrian Collisions,Pedestrian,55 to 59,Major,,East,Other,,,,Vehicle turns left while ped crosses with ROW at inter.,Crossing with right of way,Normal,,,,Yes,,Yes,,,,,,,Yes,,,,31,Yorkdale-Glen Park,31,Yorkdale-Glen Park (31),D32,624228.0434,4842700.9475
7789,6806757,1272572,12/28/2011 10:00:00 AM,1745,MCCOWAN RD,FINCH AVE E,,Major Arterial,Scarborough,43.808045,-79.26649,At Intersection,Traffic Signal,Clear,"Dark, artificial",Dry,Non-Fatal Injury,Pedestrian Collisions,Driver,50 to 54,None,,North,"Automobile, Station Wagon",Going Ahead,Driving Properly,Normal,,,,,,,Yes,,Yes,,,,,,,,,,,129,Agincourt North,129,Agincourt North (129),D42,639431.1231,4852012.5906
7790,6806758,1272572,12/28/2011 10:00:00 AM,1745,MCCOWAN RD,FINCH AVE E,,Major Arterial,Scarborough,43.808045,-79.26649,At Intersection,Traffic Signal,Clear,"Dark, artificial",Dry,Non-Fatal Injury,Pedestrian Collisions,Pedestrian,20 to 24,Major,,East,Other,,,,Vehicle is going straight thru inter.while ped cross without ROW,Crossing without right of way,Inattentive,,,,Yes,,Yes,,,,,,,,,,,129,Agincourt North,129,Agincourt North (129),D42,639431.1231,4852012.5906
7791,6809038,1282222,12/29/2011 10:00:00 AM,331,NEILSON Rd,TAPSCOTT Rd,,Minor Arterial,Scarborough,43.805645,-79.21789,,No Control,Clear,Dark,Dry,Non-Fatal Injury,SMV Other,Passenger,20 to 24,Major,,,Other,,,,,,,,,,,,Yes,,,,,Yes,Yes,Yes,,Yes,,146,Malvern East,132,Malvern (132),D42,643345.9451,4851829.0776
7792,6809039,1282222,12/29/2011 10:00:00 AM,331,NEILSON Rd,TAPSCOTT Rd,,Minor Arterial,Scarborough,43.805645,-79.21789,,No Control,Clear,Dark,Dry,Non-Fatal Injury,SMV Other,Driver,20 to 24,None,,North,"Automobile, Station Wagon",Going Ahead,Exceeding Speed Limit,"Ability Impaired, Alcohol",,,,,,,,,Yes,,,,,Yes,Yes,Yes,,Yes,,146,Malvern East,132,Malvern (132),D42,643345.9451,4851829.0776
7793,6809040,1282222,12/29/2011 10:00:00 AM,331,NEILSON Rd,TAPSCOTT Rd,,Minor Arterial,Scarborough,43.805645,-79.21789,,No Control,Clear,Dark,Dry,Non-Fatal Injury,SMV Other,Other Property Owner,unknown,,,,Other,,,,,,,,,,,,Yes,,,,,Yes,Yes,Yes,,Yes,,146,Malvern East,132,Malvern (132),D42,643345.9451,4851829.0776
7794,6809595,1282583,12/30/2011 10:00:00 AM,1826,DUFFERIN ST,LIVINGSTONE AVE,,Major Arterial,North York,43.696445,-79.45079,,Stop Sign,Rain,Dusk,Wet,Non-Fatal Injury,Pedestrian Collisions,Driver,40 to 44,None,,West,"Automobile, Station Wagon",Turning Left,Improper Turn,Normal,,,,,,,Yes,,Yes,,,,,,,,,,,108,Briar Hill-Belgravia,108,Briar Hill-Belgravia (108),D13,624839.0393,4839323.7103
7795,6809596,1282583,12/30/2011 10:00:00 AM,1826,DUFFERIN ST,LIVINGSTONE AVE,,Major Arterial,North York,43.696445,-79.45079,,Stop Sign,Rain,Dusk,Wet,Non-Fatal Injury,Pedestrian Collisions,Pedestrian,70 to 74,Major,,East,Other,,,,Vehicle turns left while ped crosses without ROW at inter.,Walking on Roadway with Traffic,Normal,,,,Yes,,Yes,,,,,,,,,,,108,Briar Hill-Belgravia,108,Briar Hill-Belgravia (108),D13,624839.0393,4839323.7103
7796,6806740,1272451,12/31/2011 10:00:00 AM,915,F G GARDINER XY  E,KIPLING Ave,,,Etobicoke York,43.618445,-79.52249,,No Control,Rain,Daylight,Wet,Non-Fatal Injury,SMV Other,Passenger,30 to 34,Minimal,,,Other,,,,,,,,,,,,Yes,,,,,Yes,Yes,Yes,,,,160,Mimico-Queensway,17,Mimico (includes Humber Bay Shores) (17),D22,619215.4874,4830555.3521
7797,6806741,1272451,12/31/2011 10:00:00 AM,915,F G GARDINER XY  E,KIPLING Ave,,,Etobicoke York,43.618445,-79.52249,,No Control,Rain,Daylight,Wet,Non-Fatal Injury,SMV Other,Passenger,30 to 34,Major,,,Other,,,,,,,,,,,,Yes,,,,,Yes,Yes,Yes,,,,160,Mimico-Queensway,17,Mimico (includes Humber Bay Shores) (17),D22,619215.4874,4830555.3521
7798,6806742,1272451,12/31/2011 10:00:00 AM,915,F G GARDINER XY  E,KIPLING Ave,,,Etobicoke York,43.618445,-79.52249,,No Control,Rain,Daylight,Wet,Non-Fatal Injury,SMV Other,Passenger,55 to 59,Minimal,,,Other,,,,,,,,,,,,Yes,,,,,Yes,Yes,Yes,,,,160,Mimico-Queensway,17,Mimico (includes Humber Bay Shores) (17),D22,619215.4874,4830555.3521
7799,6806743,1272451,12/31/2011 10:00:00 AM,915,F G GARDINER XY  E,KIPLING Ave,,,Etobicoke York,43.618445,-79.52249,,No Control,Rain,Daylight,Wet,Non-Fatal Injury,SMV Other,Driver,25 to 29,Minor,,East,"Automobile, Station Wagon",Going Ahead,Lost control,Normal,,,,,,,,,Yes,,,,,Yes,Yes,Yes,,,,160,Mimico-Queensway,17,Mimico (includes Humber Bay Shores) (17),D22,619215.4874,4830555.3521
7800,6806744,1272451,12/31/2011 10:00:00 AM,915,F G GARDINER XY  E,KIPLING Ave,,,Etobicoke York,43.618445,-79.52249,,No Control,Rain,Daylight,Wet,Non-Fatal Injury,SMV Other,Driver,unknown,None,,East,"Automobile, Station Wagon",Changing Lanes,Improper Lane Change,Unknown,,,,,,,,,Yes,,,,,Yes,Yes,Yes,,,,160,Mimico-Queensway,17,Mimico (includes Humber Bay Shores) (17),D22,619215.4874,4830555.3521
7801,6806745,1272453,12/31/2011 10:00:00 AM,1425,VICTORIA PARK Aven,PARKWOODS VILLAGE Driv,,Major Arterial,North York,43.757845,-79.31529,At Intersection,Traffic Signal,Clear,Daylight,Wet,Non-Fatal Injury,Turning Movement,Driver,50 to 54,None,,North,"Automobile, Station Wagon",Turning Left,Failed to Yield Right of Way,"Ability Impaired, Alcohol",,,,,,,,,Yes,,,,,Yes,,Yes,,Yes,,150,Fenside-Parkwoods,45,Parkwoods-Donalda (45),D33,635619.4275,4846356.0182
7802,6806746,1272453,12/31/2011 10:00:00 AM,1425,VICTORIA PARK Aven,PARKWOODS VILLAGE Driv,,Major Arterial,North York,43.757845,-79.31529,At Intersection,Traffic Signal,Clear,Daylight,Wet,Non-Fatal Injury,Turning Movement,Passenger,0 to 4,Minor,,,Other,,,,,,,,,,,,Yes,,,,,Yes,,Yes,,Yes,,150,Fenside-Parkwoods,45,Parkwoods-Donalda (45),D33,635619.4275,4846356.0182
7803,6806747,1272453,12/31/2011 10:00:00 AM,1425,VICTORIA PARK Aven,PARKWOODS VILLAGE Driv,,Major Arterial,North York,43.757845,-79.31529,At Intersection,Traffic Signal,Clear,Daylight,Wet,Non-Fatal Injury,Turning Movement,Driver,30 to 34,Major,,South,"Automobile, Station Wagon",Going Ahead,Driving Properly,Normal,,,,,,,,,Yes,,,,,Yes,,Yes,,Yes,,150,Fenside-Parkwoods,45,Parkwoods-Donalda (45),D33,635619.4275,4846356.0182
7804,7559284,1282698,12/31/2011 10:00:00 AM,1945,UNIVERSITY AVE,WELLINGTON ST W,,Major Arterial,Toronto and East York,43.646245,-79.38409,,No Control,Clear,"Dark, artificial",Dry,Non-Fatal Injury,Pedestrian Collisions,Vehicle Owner,unknown,,,,Other,,,,,,,,,,Yes,,Yes,,,,,,,,,,,170,Yonge-Bay Corridor,76,Bay Street Corridor (76),D52,630322.5451,4833850.9108
7805,7559285,1282698,12/31/2011 10:00:00 AM,1945,UNIVERSITY AVE,WELLINGTON ST W,,Major Arterial,Toronto and East York,43.646245,-79.38409,,No Control,Clear,"Dark, artificial",Dry,Non-Fatal Injury,Pedestrian Collisions,Driver,40 to 44,None,,South,"Automobile, Station Wagon",Going Ahead,Driving Properly,Normal,,,,,,,Yes,,Yes,,,,,,,,,,,170,Yonge-Bay Corridor,76,Bay Street Corridor (76),D52,630322.5451,4833850.9108
7806,7559286,1282698,12/31/2011 10:00:00 AM,1945,UNIVERSITY AVE,WELLINGTON ST W,,Major Arterial,Toronto and East York,43.646245,-79.38409,,No Control,Clear,"Dark, artificial",Dry,Non-Fatal Injury,Pedestrian Collisions,Driver,40 to 44,None,,North,"Automobile, Station Wagon",Stopped,Driving Properly,Normal,,,,,,,Yes,,Yes,,,,,,,,,,,170,Yonge-Bay Corridor,76,Bay Street Corridor (76),D52,630322.5451,4833850.9108
7807,7559287,1282698,12/31/2011 10:00:00 AM,1945,UNIVERSITY AVE,WELLINGTON ST W,,Major Arterial,Toronto and East York,43.646245,-79.38409,,No Control,Clear,"Dark, artificial",Dry,Non-Fatal Injury,Pedestrian Collisions,Pedestrian,20 to 24,Major,,West,Other,,,,Pedestrian hit at mid-block,"Crossing, no Traffic Control",Had Been Drinking,,,,Yes,,Yes,,,,,,,,,,,170,Yonge-Bay Corridor,76,Bay Street Corridor (76),D52,630322.5451,4833850.9108
7808,7389960,1283522,1/6/2012 10:00:00 AM,2000,EGLINTON AVE E,BIMBROK RD,,Major Arterial,Scarborough,43.736045,-79.25119,,No Control,Clear,Dark,Wet,Non-Fatal Injury,Pedestrian Collisions,Driver,35 to 39,None,,West,"Automobile, Station Wagon",Going Ahead,Driving Properly,Normal,,,,,,,Yes,,Yes,,,,,,,,,,,138,Eglinton East,138,Eglinton East (138),D41,640830.6641,4844041.7616
7809,7389961,1283522,1/6/2012 10:00:00 AM,2000,EGLINTON AVE E,BIMBROK RD,,Major Arterial,Scarborough,43.736045,-79.25119,,No Control,Clear,Dark,Wet,Non-Fatal Injury,Pedestrian Collisions,Pedestrian,35 to 39,Major,,Unknown,Other,,,,Pedestrian hit at mid-block,"Crossing, no Traffic Control",Normal,,,,Yes,,Yes,,,,,,,,,,,138,Eglinton East,138,Eglinton East (138),D41,640830.6641,4844041.7616