OBJECTID,INDEX,ACCNUM,DATE,TIME,STREET1,STREET2,OFFSET,ROAD_CLASS,DISTRICT,LATITUDE,LONGITUDE,ACCLOC,TRAFFCTL,VISIBILITY,LIGHT,RDSFCOND,ACCLASS,IMPACTYPE,INVTYPE,INVAGE,INJURY,FATAL_NO,INITDIR,VEHTYPE,MANOEUVER,DRIVACT,DRIVCOND,PEDTYPE,PEDACT,PEDCOND,CYCLISTYPE,CYCACT,CYCCOND,PEDESTRIAN,CYCLIST,AUTOMOBILE,MOTORCYCLE,TRUCK,TRSN_CITY_VEH,EMERG_VEH,PASSENGER,SPEEDING,AG_DRIV,REDLIGHT,ALCOHOL,DISABILITY,HOOD_158,NEIGHBOURHOOD_158,HOOD_140,NEIGHBOURHOOD_140,DIVISION,x,y
7810,7390033,1283549,1/9/2012 10:00:00 AM,940,GOLDHAWK TRL,STRAWBERRY HILLS DR,,Collector,Scarborough,43.828045,-79.28019,At Intersection,Stop Sign,Clear,Daylight,Dry,Non-Fatal Injury,Pedestrian Collisions,Vehicle Owner,unknown,,,,Other,,,,,,,,,,Yes,,Yes,,,,,,,Yes,,,,130,Milliken,130,Milliken (130),D42,638283.0029,4854210.9229
7811,7390034,1283549,1/9/2012 10:00:00 AM,940,GOLDHAWK TRL,STRAWBERRY HILLS DR,,Collector,Scarborough,43.828045,-79.28019,At Intersection,Stop Sign,Clear,Daylight,Dry,Non-Fatal Injury,Pedestrian Collisions,Driver,55 to 59,None,,South,"Automobile, Station Wagon",Turning Left,Failed to Yield Right of Way,Inattentive,,,,,,,Yes,,Yes,,,,,,,Yes,,,,130,Milliken,130,Milliken (130),D42,638283.0029,4854210.9229
7812,7390035,1283549,1/9/2012 10:00:00 AM,940,GOLDHAWK TRL,STRAWBERRY HILLS DR,,Collector,Scarborough,43.828045,-79.28019,At Intersection,Stop Sign,Clear,Daylight,Dry,Non-Fatal Injury,Pedestrian Collisions,Pedestrian,50 to 54,Minor,,North,Other,,,,Vehicle turns left while ped crosses with ROW at inter.,Crossing with right of way,Normal,,,,Yes,,Yes,,,,,,,Yes,,,,130,Milliken,130,Milliken (130),D42,638283.0029,4854210.9229
7813,7390036,1283549,1/9/2012 10:00:00 AM,940,GOLDHAWK TRL,STRAWBERRY HILLS DR,,Collector,Scarborough,43.828045,-79.28019,At Intersection,Stop Sign,Clear,Daylight,Dry,Non-Fatal Injury,Pedestrian Collisions,Pedestrian,50 to 54,Major,,North,Other,,,,Vehicle turns left while ped crosses with ROW at inter.,Crossing with right of way,Normal,,,,Yes,,Yes,,,,,,,Yes,,,,130,Milliken,130,Milliken (130),D42,638283.0029,4854210.9229
7814,7375691,1274213,1/10/2012 10:00:00 AM,1147,AVENUE RD,FAIRLAWN AVE,,Major Arterial,North York,43.728445,-79.41809,,No Control,Clear,Daylight,Dry,Non-Fatal Injury,Pedestrian Collisions,Motorcycle Driver,30 to 34,None,,South,Motorcycle,Going Ahead,Driving Properly,Normal,,,,,,,Yes,,,Yes,,,,,,,,,,39,Bedford Park-Nortown,39,Bedford Park-Nortown (39),D32,627406.2822,4842927.5162
7815,7375692,1274213,1/10/2012 10:00:00 AM,1147,AVENUE RD,FAIRLAWN AVE,,Major Arterial,North York,43.728445,-79.41809,,No Control,Clear,Daylight,Dry,Non-Fatal Injury,Pedestrian Collisions,Pedestrian,65 to 69,Major,,East,Other,,,,Pedestrian hit at mid-block,"Crossing, no Traffic Control",Inattentive,,,,Yes,,,Yes,,,,,,,,,,39,Bedford Park-Nortown,39,Bedford Park-Nortown (39),D32,627406.2822,4842927.5162
7816,7375919,1274426,1/11/2012 10:00:00 AM,1212,ST CLAIR AVE W,DEER PARK CRES,,Major Arterial,Toronto and East York,43.687645,-79.39639,,No Control,Clear,Daylight,Dry,Non-Fatal Injury,Pedestrian Collisions,Vehicle Owner,unknown,,,,Other,,,,,,,,,,Yes,,,,,Yes,,,,,,,,97,Yonge-St.Clair,97,Yonge-St.Clair (97),D53,629241.6645,4838429.6929
7817,7375920,1274426,1/11/2012 10:00:00 AM,1212,ST CLAIR AVE W,DEER PARK CRES,,Major Arterial,Toronto and East York,43.687645,-79.39639,,No Control,Clear,Daylight,Dry,Non-Fatal Injury,Pedestrian Collisions,Pedestrian,15 to 19,Major,,North,Other,,,,Pedestrian involved in a collision with transit vehicle anywhere along roadway,Running onto Roadway,Inattentive,,,,Yes,,,,,Yes,,,,,,,,97,Yonge-St.Clair,97,Yonge-St.Clair (97),D53,629241.6645,4838429.6929
7818,7375921,1274426,1/11/2012 10:00:00 AM,1212,ST CLAIR AVE W,DEER PARK CRES,,Major Arterial,Toronto and East York,43.687645,-79.39639,,No Control,Clear,Daylight,Dry,Non-Fatal Injury,Pedestrian Collisions,Driver,55 to 59,None,,East,Municipal Transit Bus (TTC),Going Ahead,Driving Properly,Normal,,,,,,,Yes,,,,,Yes,,,,,,,,97,Yonge-St.Clair,97,Yonge-St.Clair (97),D53,629241.6645,4838429.6929
7819,7377667,1275814,1/12/2012 10:00:00 AM,558,NEILSON RD,FINCH AVE E,,Minor Arterial,Scarborough,43.816245,-79.22759,,Traffic Signal,Rain,"Dark, artificial",Wet,Fatal,Pedestrian Collisions,Passenger,55 to 59,None,,,Other,,,,,,,,,,Yes,,Yes,,,,,Yes,,Yes,,,,145,Malvern West,132,Malvern (132),D42,642540.4857,4852989.6227
7820,7377668,1275814,1/12/2012 10:00:00 AM,558,NEILSON RD,FINCH AVE E,,Minor Arterial,Scarborough,43.816245,-79.22759,,Traffic Signal,Rain,"Dark, artificial",Wet,Fatal,Pedestrian Collisions,Driver,50 to 54,None,,West,"Automobile, Station Wagon",Turning Left,Failed to Yield Right of Way,Normal,,,,,,,Yes,,Yes,,,,,Yes,,Yes,,,,145,Malvern West,132,Malvern (132),D42,642540.4857,4852989.6227
7821,7377669,1275814,1/12/2012 10:00:00 AM,558,NEILSON RD,FINCH AVE E,,Minor Arterial,Scarborough,43.816245,-79.22759,,Traffic Signal,Rain,"Dark, artificial",Wet,Fatal,Pedestrian Collisions,Pedestrian,40 to 44,Fatal,2,West,Other,,,,Vehicle turns left while ped crosses with ROW at inter.,Crossing with right of way,Unknown,,,,Yes,,Yes,,,,,Yes,,Yes,,,,145,Malvern West,132,Malvern (132),D42,642540.4857,4852989.6227
7822,7376306,1274722,1/12/2012 10:00:00 AM,2110,FOREST GROVE DR,PAGE AVE,,Local,North York,43.779645,-79.37889,,No Control,Clear,"Dark, artificial",Wet,Fatal,Pedestrian Collisions,Driver,75 to 79,None,,South,"Automobile, Station Wagon",Reversing,Other,Inattentive,,,,,,,Yes,,Yes,,,,,,,,,,,52,Bayview Village,52,Bayview Village (52),D33,630452.1649,4848675.0602
7823,7376307,1274722,1/12/2012 10:00:00 AM,2110,FOREST GROVE DR,PAGE AVE,,Local,North York,43.779645,-79.37889,,No Control,Clear,"Dark, artificial",Wet,Fatal,Pedestrian Collisions,Pedestrian,80 to 84,Fatal,1,Unknown,Other,,,,Vehicle is reversing and hits pedestrian,Other,Medical or Physical Disability,,,,Yes,,Yes,,,,,,,,,,,52,Bayview Village,52,Bayview Village (52),D33,630452.1649,4848675.0602
7824,7376203,1274658,1/13/2012 10:00:00 AM,117,DANFORTH AVE,MAIN ST,,Major Arterial,Toronto and East York,43.688145,-79.30179,At Intersection,Traffic Signal,Clear,"Dark, artificial",Wet,Non-Fatal Injury,Angle,Vehicle Owner,unknown,,,,"Automobile, Station Wagon",,,,,,,,,,,,Yes,,,Yes,,,,Yes,Yes,,,62,East End-Danforth,62,East End-Danforth (62),D55,636864.8236,4838637.0092
7825,7376204,1274658,1/13/2012 10:00:00 AM,117,DANFORTH AVE,MAIN ST,,Major Arterial,Toronto and East York,43.688145,-79.30179,At Intersection,Traffic Signal,Clear,"Dark, artificial",Wet,Non-Fatal Injury,Angle,Driver,35 to 39,Major,,East,Other,Going Ahead,Disobeyed Traffic Control,Normal,,,,,,,,,Yes,,,Yes,,,,Yes,Yes,,,62,East End-Danforth,62,East End-Danforth (62),D55,636864.8236,4838637.0092
7826,7376205,1274658,1/13/2012 10:00:00 AM,117,DANFORTH AVE,MAIN ST,,Major Arterial,Toronto and East York,43.688145,-79.30179,At Intersection,Traffic Signal,Clear,"Dark, artificial",Wet,Non-Fatal Injury,Angle,Vehicle Owner,unknown,,,,Other,,,,,,,,,,,,Yes,,,Yes,,,,Yes,Yes,,,62,East End-Danforth,62,East End-Danforth (62),D55,636864.8236,4838637.0092
7827,7376206,1274658,1/13/2012 10:00:00 AM,117,DANFORTH AVE,MAIN ST,,Major Arterial,Toronto and East York,43.688145,-79.30179,At Intersection,Traffic Signal,Clear,"Dark, artificial",Wet,Non-Fatal Injury,Angle,Driver,30 to 34,Minimal,,South,Municipal Transit Bus (TTC),Going Ahead,Driving Properly,Normal,,,,,,,,,Yes,,,Yes,,,,Yes,Yes,,,62,East End-Danforth,62,East End-Danforth (62),D55,636864.8236,4838637.0092
7828,7376869,1275046,1/15/2012 10:00:00 AM,906,ST CLAIR AVE E,DANFORTH RD,,Major Arterial,Scarborough,43.716838,-79.259914,,Traffic Signal,Clear,Daylight,Dry,Non-Fatal Injury,Angle,Vehicle Owner,unknown,,,,Other,,,,,,,,,,,,Yes,,,,,,,Yes,Yes,,,120,Clairlea-Birchmount,120,Clairlea-Birchmount (120),D41,640172.9122,4841893.7478
7829,7376870,1275046,1/15/2012 10:00:00 AM,906,ST CLAIR AVE E,DANFORTH RD,,Major Arterial,Scarborough,43.716838,-79.259914,,Traffic Signal,Clear,Daylight,Dry,Non-Fatal Injury,Angle,Driver,55 to 59,Minor,,South,"Automobile, Station Wagon",Going Ahead,Driving Properly,Normal,,,,,,,,,Yes,,,,,,,Yes,Yes,,,120,Clairlea-Birchmount,120,Clairlea-Birchmount (120),D41,640172.9122,4841893.7478
7830,7376871,1275046,1/15/2012 10:00:00 AM,906,ST CLAIR AVE E,DANFORTH RD,,Major Arterial,Scarborough,43.716838,-79.259914,,Traffic Signal,Clear,Daylight,Dry,Non-Fatal Injury,Angle,Driver,60 to 64,Major,,East,"Automobile, Station Wagon",Going Ahead,Disobeyed Traffic Control,Unknown,,,,,,,,,Yes,,,,,,,Yes,Yes,,,120,Clairlea-Birchmount,120,Clairlea-Birchmount (120),D41,640172.9122,4841893.7478
7831,7376872,1275046,1/15/2012 10:00:00 AM,906,ST CLAIR AVE E,DANFORTH RD,,Major Arterial,Scarborough,43.716838,-79.259914,,Traffic Signal,Clear,Daylight,Dry,Non-Fatal Injury,Angle,Vehicle Owner,unknown,,,,Other,,,,,,,,,,,,Yes,,,,,,,Yes,Yes,,,120,Clairlea-Birchmount,120,Clairlea-Birchmount (120),D41,640172.9122,4841893.7478
7832,7394530,1285480,1/17/2012 10:00:00 AM,1210,DIXON Road,MARTIN GROVE Road,,Major Arterial,Etobicoke York,43.691545,-79.57079,At Intersection,Traffic Signal,Clear,Daylight,Dry,Non-Fatal Injury,Angle,Passenger,80 to 84,Minor,,,Other,,,,,,,,,,,,Yes,,,,,Yes,,Yes,Yes,,,1,West Humber-Clairville,1,West Humber-Clairville (1),D23,615178.4575,4838605.8266
7833,7394531,1285480,1/17/2012 10:00:00 AM,1210,DIXON Road,MARTIN GROVE Road,,Major Arterial,Etobicoke York,43.691545,-79.57079,At Intersection,Traffic Signal,Clear,Daylight,Dry,Non-Fatal Injury,Angle,Passenger,75 to 79,Minor,,,Other,,,,,,,,,,,,Yes,,,,,Yes,,Yes,Yes,,,1,West Humber-Clairville,1,West Humber-Clairville (1),D23,615178.4575,4838605.8266
7834,7394532,1285480,1/17/2012 10:00:00 AM,1210,DIXON Road,MARTIN GROVE Road,,Major Arterial,Etobicoke York,43.691545,-79.57079,At Intersection,Traffic Signal,Clear,Daylight,Dry,Non-Fatal Injury,Angle,Passenger,70 to 74,Minor,,,Other,,,,,,,,,,,,Yes,,,,,Yes,,Yes,Yes,,,1,West Humber-Clairville,1,West Humber-Clairville (1),D23,615178.4575,4838605.8266
7835,7394533,1285480,1/17/2012 10:00:00 AM,1210,DIXON Road,MARTIN GROVE Road,,Major Arterial,Etobicoke York,43.691545,-79.57079,At Intersection,Traffic Signal,Clear,Daylight,Dry,Non-Fatal Injury,Angle,Driver,75 to 79,Minor,,North,"Automobile, Station Wagon",Going Ahead,Disobeyed Traffic Control,Inattentive,,,,,,,,,Yes,,,,,Yes,,Yes,Yes,,,1,West Humber-Clairville,1,West Humber-Clairville (1),D23,615178.4575,4838605.8266
7836,7394534,1285480,1/17/2012 10:00:00 AM,1210,DIXON Road,MARTIN GROVE Road,,Major Arterial,Etobicoke York,43.691545,-79.57079,At Intersection,Traffic Signal,Clear,Daylight,Dry,Non-Fatal Injury,Angle,Driver,50 to 54,Major,,East,"Automobile, Station Wagon",Going Ahead,Driving Properly,Normal,,,,,,,,,Yes,,,,,Yes,,Yes,Yes,,,1,West Humber-Clairville,1,West Humber-Clairville (1),D23,615178.4575,4838605.8266
7837,7559222,1275593,1/17/2012 10:00:00 AM,1348,LAWRENCE Aven E,SUSAN Stre,,Major Arterial,Scarborough,43.763145,-79.20959,,No Control,Rain,Daylight,Wet,Non-Fatal Injury,Rear End,Driver,80 to 84,Minor,,West,"Automobile, Station Wagon",Going Ahead,Other,Medical or Physical Disability,,,,,,,,,Yes,,,,,Yes,,,,,Yes,141,Golfdale-Cedarbrae-Woburn,137,Woburn (137),D43,644115.6698,4847123.1869
7838,7559223,1275593,1/17/2012 10:00:00 AM,1348,LAWRENCE Aven E,SUSAN Stre,,Major Arterial,Scarborough,43.763145,-79.20959,,No Control,Rain,Daylight,Wet,Non-Fatal Injury,Rear End,Passenger,unknown,Minimal,,,Other,,,,,,,,,,,,Yes,,,,,Yes,,,,,Yes,141,Golfdale-Cedarbrae-Woburn,137,Woburn (137),D43,644115.6698,4847123.1869
7839,7559224,1275593,1/17/2012 10:00:00 AM,1348,LAWRENCE Aven E,SUSAN Stre,,Major Arterial,Scarborough,43.763145,-79.20959,,No Control,Rain,Daylight,Wet,Non-Fatal Injury,Rear End,Passenger,0 to 4,Minimal,,,Other,,,,,,,,,,,,Yes,,,,,Yes,,,,,Yes,141,Golfdale-Cedarbrae-Woburn,137,Woburn (137),D43,644115.6698,4847123.1869
7840,7559225,1275593,1/17/2012 10:00:00 AM,1348,LAWRENCE Aven E,SUSAN Stre,,Major Arterial,Scarborough,43.763145,-79.20959,,No Control,Rain,Daylight,Wet,Non-Fatal Injury,Rear End,Passenger,0 to 4,Minimal,,,Other,,,,,,,,,,,,Yes,,,,,Yes,,,,,Yes,141,Golfdale-Cedarbrae-Woburn,137,Woburn (137),D43,644115.6698,4847123.1869
7841,7559226,1275593,1/17/2012 10:00:00 AM,1348,LAWRENCE Aven E,SUSAN Stre,,Major Arterial,Scarborough,43.763145,-79.20959,,No Control,Rain,Daylight,Wet,Non-Fatal Injury,Rear End,Passenger,25 to 29,Minimal,,,Other,,,,,,,,,,,,Yes,,,,,Yes,,,,,Yes,141,Golfdale-Cedarbrae-Woburn,137,Woburn (137),D43,644115.6698,4847123.1869
7842,7559227,1275593,1/17/2012 10:00:00 AM,1348,LAWRENCE Aven E,SUSAN Stre,,Major Arterial,Scarborough,43.763145,-79.20959,,No Control,Rain,Daylight,Wet,Non-Fatal Injury,Rear End,Driver,35 to 39,Major,,West,"Automobile, Station Wagon",Going Ahead,Driving Properly,Normal,,,,,,,,,Yes,,,,,Yes,,,,,Yes,141,Golfdale-Cedarbrae-Woburn,137,Woburn (137),D43,644115.6698,4847123.1869
7843,7394178,1285331,1/18/2012 10:00:00 AM,1020,ERINDALE Aven,BROADVIEW Aven,,Minor Arterial,Toronto and East York,43.677545,-79.35869,At Intersection,No Control,Clear,Daylight,Dry,Non-Fatal Injury,Pedestrian Collisions,Driver,85 to 89,Minor,,South,"Automobile, Station Wagon",Turning Left,Failed to Yield Right of Way,Inattentive,,,,,,,Yes,,Yes,,,,,,,Yes,,,,67,Playter Estates-Danforth,67,Playter Estates-Danforth (67),D55,632302.2974,4837367.395
7844,7394179,1285331,1/18/2012 10:00:00 AM,1020,ERINDALE Aven,BROADVIEW Aven,,Minor Arterial,Toronto and East York,43.677545,-79.35869,At Intersection,No Control,Clear,Daylight,Dry,Non-Fatal Injury,Pedestrian Collisions,Pedestrian,50 to 54,Major,,North,Other,,,,Vehicle turns left while ped crosses with ROW at inter.,Crossing with right of way,Unknown,,,,Yes,,Yes,,,,,,,Yes,,,,67,Playter Estates-Danforth,67,Playter Estates-Danforth (67),D55,632302.2974,4837367.395
7845,7378164,1276186,1/20/2012 10:00:00 AM,2214,SENECA HILL DR,DON MILLS RD,,Collector,North York,43.790045,-79.35519,,No Control,Snow,Dark,Packed Snow,Fatal,SMV Other,Driver,85 to 89,Fatal,4,West,"Automobile, Station Wagon",Going Ahead,Lost control,Unknown,,,,,,,,,Yes,,,,,,,,,,,47,Don Valley Village,47,Don Valley Village (47),D33,632336.3925,4849867.7604
7846,7396596,1286418,1/22/2012 10:00:00 AM,223,EGLINTON AVE W,OLD PARK RD,,Major Arterial,North York,43.699845,-79.43099,At Intersection,Traffic Signal,Clear,Daylight,Dry,Non-Fatal Injury,Pedestrian Collisions,Vehicle Owner,unknown,,,,Other,,,,,,,,,,Yes,,Yes,,,,,,,Yes,,,,102,Forest Hill North,102,Forest Hill North (102),D13,626427.4395,4839731.3292
7847,7396597,1286418,1/22/2012 10:00:00 AM,223,EGLINTON AVE W,OLD PARK RD,,Major Arterial,North York,43.699845,-79.43099,At Intersection,Traffic Signal,Clear,Daylight,Dry,Non-Fatal Injury,Pedestrian Collisions,Driver,50 to 54,None,,South,"Automobile, Station Wagon",Turning Right,Failed to Yield Right of Way,Inattentive,,,,,,,Yes,,Yes,,,,,,,Yes,,,,102,Forest Hill North,102,Forest Hill North (102),D13,626427.4395,4839731.3292
7848,7396598,1286418,1/22/2012 10:00:00 AM,223,EGLINTON AVE W,OLD PARK RD,,Major Arterial,North York,43.699845,-79.43099,At Intersection,Traffic Signal,Clear,Daylight,Dry,Non-Fatal Injury,Pedestrian Collisions,Pedestrian,65 to 69,Major,,North,Other,,,,Vehicle turns right while ped crosses with ROW at inter.,Crossing with right of way,Normal,,,,Yes,,Yes,,,,,,,Yes,,,,102,Forest Hill North,102,Forest Hill North (102),D13,626427.4395,4839731.3292
7849,7397575,1286830,1/24/2012 10:00:00 AM,1308,BATHURST ST,WELLS ST,,Major Arterial,Toronto and East York,43.670045,-79.41319,At Intersection,Traffic Signal,Snow,Daylight,Wet,Non-Fatal Injury,Cyclist Collisions,Truck Driver,30 to 34,None,,West,Truck - Open,Turning Left,Failed to Yield Right of Way,Normal,,,,,,,,Yes,,,Yes,,,,,Yes,,,,95,Annex,95,Annex (95),D14,627925.0654,4836448.9291
7850,7397576,1286830,1/24/2012 10:00:00 AM,1308,BATHURST ST,WELLS ST,,Major Arterial,Toronto and East York,43.670045,-79.41319,At Intersection,Traffic Signal,Snow,Daylight,Wet,Non-Fatal Injury,Cyclist Collisions,Cyclist,30 to 34,Major,,East,Bicycle,Going Ahead,,,,,,Motorist turned left across cyclists path.,Driving Properly,Normal,,Yes,,,Yes,,,,,Yes,,,,95,Annex,95,Annex (95),D14,627925.0654,4836448.9291
7851,7527219,1277329,1/26/2012 10:00:00 AM,903,DIXON RD,ISLINGTON AVE,,Major Arterial,Etobicoke York,43.697045,-79.54669,At Intersection,Traffic Signal,Clear,Daylight,Wet,Fatal,Turning Movement,Vehicle Owner,unknown,None,,,Other,,,,,,,,,,,,Yes,,,Yes,,Yes,,Yes,,,,6,Kingsview Village-The Westway,6,Kingsview Village-The Westway (6),D23,617109.9585,4839250.4313
7852,7527220,1277329,1/26/2012 10:00:00 AM,903,DIXON RD,ISLINGTON AVE,,Major Arterial,Etobicoke York,43.697045,-79.54669,At Intersection,Traffic Signal,Clear,Daylight,Wet,Fatal,Turning Movement,Driver,60 to 64,None,,South,Municipal Transit Bus (TTC),Stopped,Driving Properly,Normal,,,,,,,,,Yes,,,Yes,,Yes,,Yes,,,,6,Kingsview Village-The Westway,6,Kingsview Village-The Westway (6),D23,617109.9585,4839250.4313
7853,7527221,1277329,1/26/2012 10:00:00 AM,903,DIXON RD,ISLINGTON AVE,,Major Arterial,Etobicoke York,43.697045,-79.54669,At Intersection,Traffic Signal,Clear,Daylight,Wet,Fatal,Turning Movement,Passenger,65 to 69,Fatal,3,,Other,,,,,,,,,,,,Yes,,,Yes,,Yes,,Yes,,,,6,Kingsview Village-The Westway,6,Kingsview Village-The Westway (6),D23,617109.9585,4839250.4313
7854,7527222,1277329,1/26/2012 10:00:00 AM,903,DIXON RD,ISLINGTON AVE,,Major Arterial,Etobicoke York,43.697045,-79.54669,At Intersection,Traffic Signal,Clear,Daylight,Wet,Fatal,Turning Movement,Driver,70 to 74,Minor,,East,"Automobile, Station Wagon",Turning Left,Failed to Yield Right of Way,Normal,,,,,,,,,Yes,,,Yes,,Yes,,Yes,,,,6,Kingsview Village-The Westway,6,Kingsview Village-The Westway (6),D23,617109.9585,4839250.4313
7855,7527223,1277329,1/26/2012 10:00:00 AM,903,DIXON RD,ISLINGTON AVE,,Major Arterial,Etobicoke York,43.697045,-79.54669,At Intersection,Traffic Signal,Clear,Daylight,Wet,Fatal,Turning Movement,Driver,65 to 69,Minor,,West,"Automobile, Station Wagon",Going Ahead,Driving Properly,Normal,,,,,,,,,Yes,,,Yes,,Yes,,Yes,,,,6,Kingsview Village-The Westway,6,Kingsview Village-The Westway (6),D23,617109.9585,4839250.4313
7856,7397979,1287004,1/26/2012 10:00:00 AM,1417,DANFORTH AVE,ROYAL DR,,Major Arterial,Toronto and East York,43.675944,-79.359889,Non Intersection,No Control,Rain,Daylight,Wet,Non-Fatal Injury,Cyclist Collisions,Vehicle Owner,unknown,,,,Other,,,,,,,,,,,Yes,Yes,,,,,,,,,,,68,North Riverdale,68,North Riverdale (68),D55,632209.1637,4837187.6703
7857,7397980,1287004,1/26/2012 10:00:00 AM,1417,DANFORTH AVE,ROYAL DR,,Major Arterial,Toronto and East York,43.675944,-79.359889,Non Intersection,No Control,Rain,Daylight,Wet,Non-Fatal Injury,Cyclist Collisions,Driver,50 to 54,None,,East,"Automobile, Station Wagon",Going Ahead,Driving Properly,Normal,,,,,,,,Yes,Yes,,,,,,,,,,,68,North Riverdale,68,North Riverdale (68),D55,632209.1637,4837187.6703
7858,7397981,1287004,1/26/2012 10:00:00 AM,1417,DANFORTH AVE,ROYAL DR,,Major Arterial,Toronto and East York,43.675944,-79.359889,Non Intersection,No Control,Rain,Daylight,Wet,Non-Fatal Injury,Cyclist Collisions,Cyclist,20 to 24,Major,,East,Bicycle,Changing Lanes,,,,,,Cyclist and Driver travelling in same direction. One vehicle sideswipes the other.,Improper Lane Change,Normal,,Yes,Yes,,,,,,,,,,,68,North Riverdale,68,North Riverdale (68),D55,632209.1637,4837187.6703
7859,7379763,1277367,1/26/2012 10:00:00 AM,1945,LAWRENCE AVE E,CARNFORTH RD,,Major Arterial,North York,43.741645,-79.31239,,No Control,Rain,"Dark, artificial",Wet,Non-Fatal Injury,Pedestrian Collisions,Driver,50 to 54,None,,East,"Automobile, Station Wagon",Changing Lanes,Driving Properly,Normal,,,,,,,Yes,,Yes,,,,,,,,,,,43,Victoria Village,43,Victoria Village (43),D33,635889.5383,4844561.517
7860,7379764,1277367,1/26/2012 10:00:00 AM,1945,LAWRENCE AVE E,CARNFORTH RD,,Major Arterial,North York,43.741645,-79.31239,,No Control,Rain,"Dark, artificial",Wet,Non-Fatal Injury,Pedestrian Collisions,Pedestrian,45 to 49,Major,,Unknown,Other,,,,Pedestrian hit at mid-block,"Crossing, no Traffic Control",Inattentive,,,,Yes,,Yes,,,,,,,,,,,43,Victoria Village,43,Victoria Village (43),D33,635889.5383,4844561.517
7861,7382699,1279218,1/26/2012 10:00:00 AM,2130,BROADVIEW AVE,QUEEN ST E,,Major Arterial,Toronto and East York,43.658845,-79.34989,At Intersection,Traffic Signal,Rain,"Dusk, artificial",Wet,Non-Fatal Injury,Pedestrian Collisions,Driver,unknown,None,,West,"Automobile, Station Wagon",Turning Left,Failed to Yield Right of Way,Unknown,,,,,,,Yes,,Yes,,,,,,,Yes,,,,70,South Riverdale,70,South Riverdale (70),D55,633052.9652,4835304.582
7862,7382700,1279218,1/26/2012 10:00:00 AM,2130,BROADVIEW AVE,QUEEN ST E,,Major Arterial,Toronto and East York,43.658845,-79.34989,At Intersection,Traffic Signal,Rain,"Dusk, artificial",Wet,Non-Fatal Injury,Pedestrian Collisions,Pedestrian,40 to 44,Major,,West,Other,,,,Vehicle turns left while ped crosses with ROW at inter.,Crossing with right of way,Normal,,,,Yes,,Yes,,,,,,,Yes,,,,70,South Riverdale,70,South Riverdale (70),D55,633052.9652,4835304.582
7863,7382705,1279220,1/27/2012 10:00:00 AM,1800,GERRARD ST E,BROADVIEW AVE,,Minor Arterial,Toronto and East York,43.665445,-79.35259,At Intersection,Traffic Signal,Clear,"Dark, artificial",Dry,Non-Fatal Injury,Pedestrian Collisions,Driver,unknown,None,,West,"Automobile, Station Wagon",Going Ahead,Other,Unknown,,,,,,,Yes,,Yes,,,,,,,,,,,70,South Riverdale,70,South Riverdale (70),D55,632820.6991,4836033.2742
7864,7382706,1279220,1/27/2012 10:00:00 AM,1800,GERRARD ST E,BROADVIEW AVE,,Minor Arterial,Toronto and East York,43.665445,-79.35259,At Intersection,Traffic Signal,Clear,"Dark, artificial",Dry,Non-Fatal Injury,Pedestrian Collisions,Pedestrian,50 to 54,Major,,Unknown,Other,,,,Vehicle is going straight thru inter.while ped cross without ROW,Crossing without right of way,Normal,,,,Yes,,Yes,,,,,,,,,,,70,South Riverdale,70,South Riverdale (70),D55,632820.6991,4836033.2742
7865,7381949,1278852,1/29/2012 10:00:00 AM,2258,F G GARDINER XY Expr W,ISLINGTON AVE,,,Etobicoke York,43.620745,-79.51189,,No Control,Clear,Dark,Dry,Non-Fatal Injury,Rear End,Driver,45 to 49,None,,West,"Automobile, Station Wagon",Stopped,Driving Properly,Normal,,,,,,,,,Yes,,,,,Yes,,Yes,,,,16,Stonegate-Queensway,16,Stonegate-Queensway (16),D22,620066.1965,4830826.0683
7866,7381950,1278852,1/29/2012 10:00:00 AM,2258,F G GARDINER XY Expr W,ISLINGTON AVE,,,Etobicoke York,43.620745,-79.51189,,No Control,Clear,Dark,Dry,Non-Fatal Injury,Rear End,Passenger,20 to 24,Major,,,Other,,,,,,,,,,,,Yes,,,,,Yes,,Yes,,,,16,Stonegate-Queensway,16,Stonegate-Queensway (16),D22,620066.1965,4830826.0683
7867,7381951,1278852,1/29/2012 10:00:00 AM,2258,F G GARDINER XY Expr W,ISLINGTON AVE,,,Etobicoke York,43.620745,-79.51189,,No Control,Clear,Dark,Dry,Non-Fatal Injury,Rear End,Driver,35 to 39,None,,West,"Automobile, Station Wagon",Going Ahead,Following too Close,Inattentive,,,,,,,,,Yes,,,,,Yes,,Yes,,,,16,Stonegate-Queensway,16,Stonegate-Queensway (16),D22,620066.1965,4830826.0683
7868,7381952,1278852,1/29/2012 10:00:00 AM,2258,F G GARDINER XY Expr W,ISLINGTON AVE,,,Etobicoke York,43.620745,-79.51189,,No Control,Clear,Dark,Dry,Non-Fatal Injury,Rear End,Driver,25 to 29,None,,West,"Automobile, Station Wagon",Stopped,Driving Properly,Normal,,,,,,,,,Yes,,,,,Yes,,Yes,,,,16,Stonegate-Queensway,16,Stonegate-Queensway (16),D22,620066.1965,4830826.0683
7869,7381953,1278852,1/29/2012 10:00:00 AM,2258,F G GARDINER XY Expr W,ISLINGTON AVE,,,Etobicoke York,43.620745,-79.51189,,No Control,Clear,Dark,Dry,Non-Fatal Injury,Rear End,Vehicle Owner,unknown,,,,Other,,,,,,,,,,,,Yes,,,,,Yes,,Yes,,,,16,Stonegate-Queensway,16,Stonegate-Queensway (16),D22,620066.1965,4830826.0683