OBJECTID,INDEX,ACCNUM,DATE,TIME,STREET1,STREET2,OFFSET,ROAD_CLASS,DISTRICT,LATITUDE,LONGITUDE,ACCLOC,TRAFFCTL,VISIBILITY,LIGHT,RDSFCOND,ACCLASS,IMPACTYPE,INVTYPE,INVAGE,INJURY,FATAL_NO,INITDIR,VEHTYPE,MANOEUVER,DRIVACT,DRIVCOND,PEDTYPE,PEDACT,PEDCOND,CYCLISTYPE,CYCACT,CYCCOND,PEDESTRIAN,CYCLIST,AUTOMOBILE,MOTORCYCLE,TRUCK,TRSN_CITY_VEH,EMERG_VEH,PASSENGER,SPEEDING,AG_DRIV,REDLIGHT,ALCOHOL,DISABILITY,HOOD_158,NEIGHBOURHOOD_158,HOOD_140,NEIGHBOURHOOD_140,DIVISION,x,y
7870,7381954,1278852,1/29/2012 10:00:00 AM,2258,F G GARDINER XY Expr W,ISLINGTON AVE,,,Etobicoke York,43.620745,-79.51189,,No Control,Clear,Dark,Dry,Non-Fatal Injury,Rear End,Vehicle Owner,unknown,,,,Other,,,,,,,,,,,,Yes,,,,,Yes,,Yes,,,,16,Stonegate-Queensway,16,Stonegate-Queensway (16),D22,620066.1965,4830826.0683
7871,7381955,1278852,1/29/2012 10:00:00 AM,2258,F G GARDINER XY Expr W,ISLINGTON AVE,,,Etobicoke York,43.620745,-79.51189,,No Control,Clear,Dark,Dry,Non-Fatal Injury,Rear End,Driver,25 to 29,None,,West,"Automobile, Station Wagon",Slowing or Stopping,Driving Properly,Normal,,,,,,,,,Yes,,,,,Yes,,Yes,,,,16,Stonegate-Queensway,16,Stonegate-Queensway (16),D22,620066.1965,4830826.0683
7872,7380796,1278086,1/30/2012 10:00:00 AM,1428,STEELES AVE W,ISLINGTON AVE,,Major Arterial,Etobicoke York,43.764346,-79.574893,At Intersection,Traffic Signal,Clear,Daylight,Dry,Fatal,Turning Movement,Driver,45 to 49,None,,East,"Automobile, Station Wagon",Stopped,Driving Properly,Normal,,,,,,,,,Yes,,,,,,,,,,Yes,NSA,NSA,NSA,NSA,NSA,614708.7553,4846685.7101
7873,7380797,1278086,1/30/2012 10:00:00 AM,1428,STEELES AVE W,ISLINGTON AVE,,Major Arterial,Etobicoke York,43.764346,-79.574893,At Intersection,Traffic Signal,Clear,Daylight,Dry,Fatal,Turning Movement,Driver,75 to 79,Fatal,6,West,"Automobile, Station Wagon",Turning Left,Lost control,Medical or Physical Disability,,,,,,,,,Yes,,,,,,,,,,Yes,NSA,NSA,NSA,NSA,NSA,614708.7553,4846685.7101
7874,7380798,1278086,1/30/2012 10:00:00 AM,1428,STEELES AVE W,ISLINGTON AVE,,Major Arterial,Etobicoke York,43.764346,-79.574893,At Intersection,Traffic Signal,Clear,Daylight,Dry,Fatal,Turning Movement,Other Property Owner,unknown,,,,Other,,,,,,,,,,,,Yes,,,,,,,,,,Yes,NSA,NSA,NSA,NSA,NSA,614708.7553,4846685.7101
7875,7399365,1287560,1/31/2012 10:00:00 AM,1525,UNIVERSITY AVE,RICHMOND ST W,,Major Arterial,Toronto and East York,43.650045,-79.38629,At Intersection,Traffic Signal,Clear,Daylight,Dry,Non-Fatal Injury,Angle,Driver,55 to 59,Minimal,,West,"Automobile, Station Wagon",Going Ahead,Driving Properly,Normal,,,,,,,,,Yes,,,,,,,Yes,Yes,,,170,Yonge-Bay Corridor,76,Bay Street Corridor (76),D52,630136.9074,4834269.4981
7876,7399366,1287560,1/31/2012 10:00:00 AM,1525,UNIVERSITY AVE,RICHMOND ST W,,Major Arterial,Toronto and East York,43.650045,-79.38629,At Intersection,Traffic Signal,Clear,Daylight,Dry,Non-Fatal Injury,Angle,Vehicle Owner,unknown,,,,Other,,,,,,,,,,,,Yes,,,,,,,Yes,Yes,,,170,Yonge-Bay Corridor,76,Bay Street Corridor (76),D52,630136.9074,4834269.4981
7877,7399367,1287560,1/31/2012 10:00:00 AM,1525,UNIVERSITY AVE,RICHMOND ST W,,Major Arterial,Toronto and East York,43.650045,-79.38629,At Intersection,Traffic Signal,Clear,Daylight,Dry,Non-Fatal Injury,Angle,Driver,40 to 44,Major,,North,"Automobile, Station Wagon",Going Ahead,Disobeyed Traffic Control,Inattentive,,,,,,,,,Yes,,,,,,,Yes,Yes,,,170,Yonge-Bay Corridor,76,Bay Street Corridor (76),D52,630136.9074,4834269.4981
7878,7381523,1278585,2/1/2012 10:00:00 AM,2100,MARKHAM RD,ELLESMERE RD,,Major Arterial,Scarborough,43.776445,-79.23179,At Intersection,Traffic Signal,Clear,"Dark, artificial",Dry,Non-Fatal Injury,Pedestrian Collisions,Driver,60 to 64,None,,North,"Automobile, Station Wagon",Going Ahead,Driving Properly,Normal,,,,,,,Yes,,Yes,,,,,,,,,,,142,Woburn North,137,Woburn (137),D43,642297.1555,4848561.9635
7879,7381524,1278585,2/1/2012 10:00:00 AM,2100,MARKHAM RD,ELLESMERE RD,,Major Arterial,Scarborough,43.776445,-79.23179,At Intersection,Traffic Signal,Clear,"Dark, artificial",Dry,Non-Fatal Injury,Pedestrian Collisions,Pedestrian,65 to 69,Major,,West,Other,,,,Vehicle is going straight thru inter.while ped cross without ROW,Crossing marked crosswalk without ROW,Inattentive,,,,Yes,,Yes,,,,,,,,,,,142,Woburn North,137,Woburn (137),D43,642297.1555,4848561.9635
7880,7400694,1288123,2/1/2012 10:00:00 AM,2317,LAWRENCE AVE E,KINGSTON RD,,Major Arterial,Scarborough,43.767645,-79.18939,At Intersection,No Control,Clear,"Dark, artificial",Dry,Non-Fatal Injury,Pedestrian Collisions,Driver,35 to 39,Minimal,,East,"Automobile, Station Wagon",Going Ahead,Driving Properly,Normal,,,,,,,Yes,,Yes,,,,,,,,,,,136,West Hill,136,West Hill (136),D43,645730.7228,4847658.3362
7881,7400695,1288123,2/1/2012 10:00:00 AM,2317,LAWRENCE AVE E,KINGSTON RD,,Major Arterial,Scarborough,43.767645,-79.18939,At Intersection,No Control,Clear,"Dark, artificial",Dry,Non-Fatal Injury,Pedestrian Collisions,Pedestrian,35 to 39,Major,,South,Other,,,,Pedestrian hit at mid-block,"Crossing, no Traffic Control",Had Been Drinking,,,,Yes,,Yes,,,,,,,,,,,136,West Hill,136,West Hill (136),D43,645730.7228,4847658.3362
7882,7541914,1278772,2/2/2012 10:00:00 AM,1545,SHEPPARD AVE W,KEELE ST,,Major Arterial,North York,43.744445,-79.48799,,No Control,Clear,Daylight,Dry,Non-Fatal Injury,SMV Other,Passenger,75 to 79,Major,,,Other,,,,,,,,,,,,,,,Yes,,Yes,,,,,,155,Downsview,26,Downsview-Roding-CFB (26),D31,621744.0931,4844599.4518
7883,7541915,1278772,2/2/2012 10:00:00 AM,1545,SHEPPARD AVE W,KEELE ST,,Major Arterial,North York,43.744445,-79.48799,,No Control,Clear,Daylight,Dry,Non-Fatal Injury,SMV Other,Vehicle Owner,unknown,,,,Other,,,,,,,,,,,,,,,Yes,,Yes,,,,,,155,Downsview,26,Downsview-Roding-CFB (26),D31,621744.0931,4844599.4518
7884,7541916,1278772,2/2/2012 10:00:00 AM,1545,SHEPPARD AVE W,KEELE ST,,Major Arterial,North York,43.744445,-79.48799,,No Control,Clear,Daylight,Dry,Non-Fatal Injury,SMV Other,Driver,40 to 44,None,,West,Municipal Transit Bus (TTC),Going Ahead,Driving Properly,Normal,,,,,,,,,,,,Yes,,Yes,,,,,,155,Downsview,26,Downsview-Roding-CFB (26),D31,621744.0931,4844599.4518
7885,7400511,1288047,2/3/2012 10:00:00 AM,415,HUPFIELD TRL,PENNYHILL DR,,Collector,Scarborough,43.815945,-79.21509,,No Control,Clear,Dark,Dry,Non-Fatal Injury,SMV Other,Driver,25 to 29,Major,,South,"Automobile, Station Wagon",Going Ahead,Lost control,"Ability Impaired, Alcohol",,,,,,,,,Yes,,,,,,Yes,Yes,,Yes,,146,Malvern East,132,Malvern (132),D42,643546.4894,4852977.9161
7886,7400512,1288047,2/3/2012 10:00:00 AM,415,HUPFIELD TRL,PENNYHILL DR,,Collector,Scarborough,43.815945,-79.21509,,No Control,Clear,Dark,Dry,Non-Fatal Injury,SMV Other,Other Property Owner,unknown,,,,Other,,,,,,,,,,,,Yes,,,,,,Yes,Yes,,Yes,,146,Malvern East,132,Malvern (132),D42,643546.4894,4852977.9161
7887,7400391,1288002,2/3/2012 10:00:00 AM,1820,WYNFORD DR,CONCORDE PL,,Minor Arterial,North York,43.727345,-79.32779,At Intersection,Traffic Signal,Clear,"Dark, artificial",Dry,Non-Fatal Injury,Pedestrian Collisions,Driver,75 to 79,None,,South,"Automobile, Station Wagon",Turning Right,Failed to Yield Right of Way,Unknown,,,,,,,Yes,,Yes,,,,,,,Yes,,,,42,Banbury-Don Mills,42,Banbury-Don Mills (42),D33,634681.5419,4842948.1453
7888,7400392,1288002,2/3/2012 10:00:00 AM,1820,WYNFORD DR,CONCORDE PL,,Minor Arterial,North York,43.727345,-79.32779,At Intersection,Traffic Signal,Clear,"Dark, artificial",Dry,Non-Fatal Injury,Pedestrian Collisions,Pedestrian,35 to 39,Major,,Unknown,Other,,,,Vehicle turns right while ped crosses with ROW at inter.,Crossing with right of way,Normal,,,,Yes,,Yes,,,,,,,Yes,,,,42,Banbury-Don Mills,42,Banbury-Don Mills (42),D33,634681.5419,4842948.1453
7889,7527259,1281294,2/4/2012 10:00:00 AM,630,STEELES AVE E,BIRCHMOUNT RD,,Major Arterial,Scarborough,43.821345,-79.31689,At Intersection,Traffic Signal,Clear,"Dark, artificial",Dry,Non-Fatal Injury,Pedestrian Collisions,Driver,unknown,None,,North,"Automobile, Station Wagon",Turning Left,Failed to Yield Right of Way,Unknown,,,,,,,Yes,,Yes,,,,,,,Yes,,,,116,Steeles,116,Steeles (116),D42,635347.2148,4853406.076
7890,7527260,1281294,2/4/2012 10:00:00 AM,630,STEELES AVE E,BIRCHMOUNT RD,,Major Arterial,Scarborough,43.821345,-79.31689,At Intersection,Traffic Signal,Clear,"Dark, artificial",Dry,Non-Fatal Injury,Pedestrian Collisions,Pedestrian,55 to 59,Major,,South,Other,,,,Vehicle turns left while ped crosses with ROW at inter.,Crossing with right of way,Normal,,,,Yes,,Yes,,,,,,,Yes,,,,116,Steeles,116,Steeles (116),D42,635347.2148,4853406.076
7891,7382683,1279209,2/6/2012 10:00:00 AM,233,F G GARDINER XY  E,DUFFERIN ST,,,Toronto and East York,43.632643,-79.429286,,No Control,Clear,"Dark, artificial",Other,Fatal,Pedestrian Collisions,Truck Driver,40 to 44,None,,East,Truck - Open,Going Ahead,Driving Properly,Normal,,,,,,,Yes,,Yes,,Yes,,,,,,,,,85,South Parkdale,85,South Parkdale (85),D14,626706.0552,4832270.2546
7892,7382684,1279209,2/6/2012 10:00:00 AM,233,F G GARDINER XY  E,DUFFERIN ST,,,Toronto and East York,43.632643,-79.429286,,No Control,Clear,"Dark, artificial",Other,Fatal,Pedestrian Collisions,Driver - Not Hit,20 to 24,None,,East,"Automobile, Station Wagon",Going Ahead,Other,Had Been Drinking,,,,,,,Yes,,Yes,,Yes,,,,,,,,,85,South Parkdale,85,South Parkdale (85),D14,626706.0552,4832270.2546
7893,7382685,1279209,2/6/2012 10:00:00 AM,233,F G GARDINER XY  E,DUFFERIN ST,,,Toronto and East York,43.632643,-79.429286,,No Control,Clear,"Dark, artificial",Other,Fatal,Pedestrian Collisions,Pedestrian,15 to 19,Fatal,5,Unknown,Other,,,,Pedestrian hit at mid-block,Person Getting on/off Vehicle,Had Been Drinking,,,,Yes,,Yes,,Yes,,,,,,,,,85,South Parkdale,85,South Parkdale (85),D14,626706.0552,4832270.2546
7894,7402511,1288905,2/7/2012 10:00:00 AM,1016,YONGE ST,ROEHAMPTON AVE,,Major Arterial,North York,43.707946,-79.398593,At Intersection,Stop Sign,Clear,Daylight,Dry,Non-Fatal Injury,Pedestrian Collisions,Driver,30 to 34,None,,West,"Automobile, Station Wagon",Turning Left,Driving Properly,Unknown,,,,,,,Yes,,Yes,,,,,,,,,,,173,North Toronto,104,Mount Pleasant West (104),D53,629020.5656,4840680.9706
7895,7402512,1288905,2/7/2012 10:00:00 AM,1016,YONGE ST,ROEHAMPTON AVE,,Major Arterial,North York,43.707946,-79.398593,At Intersection,Stop Sign,Clear,Daylight,Dry,Non-Fatal Injury,Pedestrian Collisions,Pedestrian,70 to 74,Major,,West,Other,,,,Vehicle turns left while ped crosses without ROW at inter.,"Crossing, no Traffic Control",Inattentive,,,,Yes,,Yes,,,,,,,,,,,173,North Toronto,104,Mount Pleasant West (104),D53,629020.5656,4840680.9706
7896,7401916,1288672,2/7/2012 10:00:00 AM,1327,LONSDALE RD,DUNVEGAN RD,,Collector,Toronto and East York,43.690045,-79.40639,At Intersection,Stop Sign,Clear,Daylight,Dry,Non-Fatal Injury,Cyclist Collisions,Driver,65 to 69,Major,,West,"Automobile, Station Wagon",Going Ahead,Failed to Yield Right of Way,Normal,,,,,,,,Yes,Yes,,,,,,,Yes,,,,96,Casa Loma,96,Casa Loma (96),D53,628430.5922,4838680.7096
7897,7401917,1288672,2/7/2012 10:00:00 AM,1327,LONSDALE RD,DUNVEGAN RD,,Collector,Toronto and East York,43.690045,-79.40639,At Intersection,Stop Sign,Clear,Daylight,Dry,Non-Fatal Injury,Cyclist Collisions,Cyclist,35 to 39,Minimal,,North,Bicycle,Going Ahead,,,,,,"Motorist without ROW drives into path of cyclist at inter, lnwy, dwy-Driver not turn.",Driving Properly,Normal,,Yes,Yes,,,,,,,Yes,,,,96,Casa Loma,96,Casa Loma (96),D53,628430.5922,4838680.7096
7898,7383432,1279672,2/8/2012 10:00:00 AM,1307,CARLAW Aven,GERRARD Stre E,,Minor Arterial,Toronto and East York,43.667545,-79.34279,At Intersection,Traffic Signal,Clear,Daylight,Dry,Non-Fatal Injury,Turning Movement,Passenger,0 to 4,None,,,Other,,,,,,,,,,,,Yes,,,,,Yes,,Yes,,,,70,South Riverdale,70,South Riverdale (70),D55,633606.1634,4836282.2443
7899,7383433,1279672,2/8/2012 10:00:00 AM,1307,CARLAW Aven,GERRARD Stre E,,Minor Arterial,Toronto and East York,43.667545,-79.34279,At Intersection,Traffic Signal,Clear,Daylight,Dry,Non-Fatal Injury,Turning Movement,Driver,35 to 39,Minimal,,North,"Automobile, Station Wagon",Going Ahead,Driving Properly,Normal,,,,,,,,,Yes,,,,,Yes,,Yes,,,,70,South Riverdale,70,South Riverdale (70),D55,633606.1634,4836282.2443
7900,7383434,1279672,2/8/2012 10:00:00 AM,1307,CARLAW Aven,GERRARD Stre E,,Minor Arterial,Toronto and East York,43.667545,-79.34279,At Intersection,Traffic Signal,Clear,Daylight,Dry,Non-Fatal Injury,Turning Movement,Passenger,45 to 49,None,,,Other,,,,,,,,,,,,Yes,,,,,Yes,,Yes,,,,70,South Riverdale,70,South Riverdale (70),D55,633606.1634,4836282.2443
7901,7383435,1279672,2/8/2012 10:00:00 AM,1307,CARLAW Aven,GERRARD Stre E,,Minor Arterial,Toronto and East York,43.667545,-79.34279,At Intersection,Traffic Signal,Clear,Daylight,Dry,Non-Fatal Injury,Turning Movement,Passenger,65 to 69,Major,,,Other,,,,,,,,,,,,Yes,,,,,Yes,,Yes,,,,70,South Riverdale,70,South Riverdale (70),D55,633606.1634,4836282.2443
7902,7383436,1279672,2/8/2012 10:00:00 AM,1307,CARLAW Aven,GERRARD Stre E,,Minor Arterial,Toronto and East York,43.667545,-79.34279,At Intersection,Traffic Signal,Clear,Daylight,Dry,Non-Fatal Injury,Turning Movement,Driver,40 to 44,Minimal,,South,"Automobile, Station Wagon",Turning Left,Improper Turn,Normal,,,,,,,,,Yes,,,,,Yes,,Yes,,,,70,South Riverdale,70,South Riverdale (70),D55,633606.1634,4836282.2443
7903,7383403,1279660,2/8/2012 10:00:00 AM,1623,FINCH AVE W,WESTON RD,,Major Arterial,Etobicoke York,43.752082,-79.542362,At Intersection,Traffic Signal,Clear,"Dusk, artificial",Dry,Non-Fatal Injury,Pedestrian Collisions,Vehicle Owner,unknown,,,,Other,,,,,,,,,,Yes,,,,,Yes,,,,,,,,22,Humbermede,22,Humbermede (22),D31,617351.2083,4845369.186
7904,7383404,1279660,2/8/2012 10:00:00 AM,1623,FINCH AVE W,WESTON RD,,Major Arterial,Etobicoke York,43.752082,-79.542362,At Intersection,Traffic Signal,Clear,"Dusk, artificial",Dry,Non-Fatal Injury,Pedestrian Collisions,Driver,45 to 49,None,,West,Municipal Transit Bus (TTC),Turning Right,Driving Properly,Normal,,,,,,,Yes,,,,,Yes,,,,,,,,22,Humbermede,22,Humbermede (22),D31,617351.2083,4845369.186
7905,7383405,1279660,2/8/2012 10:00:00 AM,1623,FINCH AVE W,WESTON RD,,Major Arterial,Etobicoke York,43.752082,-79.542362,At Intersection,Traffic Signal,Clear,"Dusk, artificial",Dry,Non-Fatal Injury,Pedestrian Collisions,Pedestrian,25 to 29,Major,,West,Other,,,,Pedestrian involved in a collision with transit vehicle anywhere along roadway,Crossing without right of way,Normal,,,,Yes,,,,,Yes,,,,,,,,22,Humbermede,22,Humbermede (22),D31,617351.2083,4845369.186
7906,7401867,1288652,2/9/2012 10:00:00 AM,1438,LAWRENCE Aven E,MILDENHALL Road,,Major Arterial,North York,43.728245,-79.38709,,No Control,Clear,Daylight,Dry,Non-Fatal Injury,Rear End,Driver,65 to 69,Minimal,,East,"Automobile, Station Wagon",Slowing or Stopping,Driving Properly,Normal,,,,,,,,,Yes,,,,,,,Yes,,,,41,Bridle Path-Sunnybrook-York Mills,41,Bridle Path-Sunnybrook-York Mills (41),D53,629903.4639,4842953.4328
7907,7401868,1288652,2/9/2012 10:00:00 AM,1438,LAWRENCE Aven E,MILDENHALL Road,,Major Arterial,North York,43.728245,-79.38709,,No Control,Clear,Daylight,Dry,Non-Fatal Injury,Rear End,Vehicle Owner,unknown,,,,Other,,,,,,,,,,,,Yes,,,,,,,Yes,,,,41,Bridle Path-Sunnybrook-York Mills,41,Bridle Path-Sunnybrook-York Mills (41),D53,629903.4639,4842953.4328
7908,7401869,1288652,2/9/2012 10:00:00 AM,1438,LAWRENCE Aven E,MILDENHALL Road,,Major Arterial,North York,43.728245,-79.38709,,No Control,Clear,Daylight,Dry,Non-Fatal Injury,Rear End,Driver,60 to 64,None,,East,"Automobile, Station Wagon",Slowing or Stopping,Driving Properly,Normal,,,,,,,,,Yes,,,,,,,Yes,,,,41,Bridle Path-Sunnybrook-York Mills,41,Bridle Path-Sunnybrook-York Mills (41),D53,629903.4639,4842953.4328
7909,7401870,1288652,2/9/2012 10:00:00 AM,1438,LAWRENCE Aven E,MILDENHALL Road,,Major Arterial,North York,43.728245,-79.38709,,No Control,Clear,Daylight,Dry,Non-Fatal Injury,Rear End,Driver,65 to 69,Major,,East,"Automobile, Station Wagon",Going Ahead,Following too Close,Inattentive,,,,,,,,,Yes,,,,,,,Yes,,,,41,Bridle Path-Sunnybrook-York Mills,41,Bridle Path-Sunnybrook-York Mills (41),D53,629903.4639,4842953.4328
7910,7383801,1279958,2/10/2012 10:00:00 AM,1725,YONGE ST,THE ESPLANADE Stre E,,Major Arterial,Toronto and East York,43.646445,-79.37679,,No Control,Drifting Snow,"Dusk, artificial",Dry,Non-Fatal Injury,Pedestrian Collisions,Truck Driver,65 to 69,None,,North,Truck - Open,Going Ahead,Driving Properly,Normal,,,,,,,Yes,,,,Yes,,,,,,,,,166,St Lawrence-East Bayfront-The Islands,77,Waterfront Communities-The Island (77),D52,630910.8593,4833884.6128
7911,7383802,1279958,2/10/2012 10:00:00 AM,1725,YONGE ST,THE ESPLANADE Stre E,,Major Arterial,Toronto and East York,43.646445,-79.37679,,No Control,Drifting Snow,"Dusk, artificial",Dry,Non-Fatal Injury,Pedestrian Collisions,Pedestrian,45 to 49,Major,,West,Other,,,,Pedestrian hit at mid-block,"Crossing, no Traffic Control",Unknown,,,,Yes,,,,Yes,,,,,,,,,166,St Lawrence-East Bayfront-The Islands,77,Waterfront Communities-The Island (77),D52,630910.8593,4833884.6128
7912,7514245,1279961,2/10/2012 10:00:00 AM,1850,STEELES Ave W,KLONDIKE Dr,,Major Arterial,Etobicoke York,43.769145,-79.55219,,No Control,Clear,"Dark, artificial",Dry,Non-Fatal Injury,Rear End,Driver,40 to 44,None,,East,"Automobile, Station Wagon",Going Ahead,Driving Properly,Normal,,,,,,,,,Yes,,,,,Yes,,Yes,,,,NSA,NSA,NSA,NSA,NSA,616526.844,4847250.4066
7913,7514246,1279961,2/10/2012 10:00:00 AM,1850,STEELES Ave W,KLONDIKE Dr,,Major Arterial,Etobicoke York,43.769145,-79.55219,,No Control,Clear,"Dark, artificial",Dry,Non-Fatal Injury,Rear End,Driver,35 to 39,Minimal,,West,"Automobile, Station Wagon",Going Ahead,Following too Close,Normal,,,,,,,,,Yes,,,,,Yes,,Yes,,,,NSA,NSA,NSA,NSA,NSA,616526.844,4847250.4066
7914,7514247,1279961,2/10/2012 10:00:00 AM,1850,STEELES Ave W,KLONDIKE Dr,,Major Arterial,Etobicoke York,43.769145,-79.55219,,No Control,Clear,"Dark, artificial",Dry,Non-Fatal Injury,Rear End,Passenger,10 to 14,Minimal,,,Other,,,,,,,,,,,,Yes,,,,,Yes,,Yes,,,,NSA,NSA,NSA,NSA,NSA,616526.844,4847250.4066
7915,7514248,1279961,2/10/2012 10:00:00 AM,1850,STEELES Ave W,KLONDIKE Dr,,Major Arterial,Etobicoke York,43.769145,-79.55219,,No Control,Clear,"Dark, artificial",Dry,Non-Fatal Injury,Rear End,Passenger,5 to 9,Minimal,,,Other,,,,,,,,,,,,Yes,,,,,Yes,,Yes,,,,NSA,NSA,NSA,NSA,NSA,616526.844,4847250.4066
7916,7514249,1279961,2/10/2012 10:00:00 AM,1850,STEELES Ave W,KLONDIKE Dr,,Major Arterial,Etobicoke York,43.769145,-79.55219,,No Control,Clear,"Dark, artificial",Dry,Non-Fatal Injury,Rear End,Passenger,60 to 64,None,,,Other,,,,,,,,,,,,Yes,,,,,Yes,,Yes,,,,NSA,NSA,NSA,NSA,NSA,616526.844,4847250.4066
7917,7514250,1279961,2/10/2012 10:00:00 AM,1850,STEELES Ave W,KLONDIKE Dr,,Major Arterial,Etobicoke York,43.769145,-79.55219,,No Control,Clear,"Dark, artificial",Dry,Non-Fatal Injury,Rear End,Driver,40 to 44,None,,West,"Automobile, Station Wagon",Going Ahead,Driving Properly,Normal,,,,,,,,,Yes,,,,,Yes,,Yes,,,,NSA,NSA,NSA,NSA,NSA,616526.844,4847250.4066
7918,7514251,1279961,2/10/2012 10:00:00 AM,1850,STEELES Ave W,KLONDIKE Dr,,Major Arterial,Etobicoke York,43.769145,-79.55219,,No Control,Clear,"Dark, artificial",Dry,Non-Fatal Injury,Rear End,Vehicle Owner,unknown,,,,Other,,,,,,,,,,,,Yes,,,,,Yes,,Yes,,,,NSA,NSA,NSA,NSA,NSA,616526.844,4847250.4066
7919,7514252,1279961,2/10/2012 10:00:00 AM,1850,STEELES Ave W,KLONDIKE Dr,,Major Arterial,Etobicoke York,43.769145,-79.55219,,No Control,Clear,"Dark, artificial",Dry,Non-Fatal Injury,Rear End,Driver,20 to 24,Minimal,,East,"Automobile, Station Wagon",Going Ahead,Driving Properly,Unknown,,,,,,,,,Yes,,,,,Yes,,Yes,,,,NSA,NSA,NSA,NSA,NSA,616526.844,4847250.4066
7920,7514253,1279961,2/10/2012 10:00:00 AM,1850,STEELES Ave W,KLONDIKE Dr,,Major Arterial,Etobicoke York,43.769145,-79.55219,,No Control,Clear,"Dark, artificial",Dry,Non-Fatal Injury,Rear End,Driver,45 to 49,None,,West,"Automobile, Station Wagon",Changing Lanes,Improper Lane Change,Unknown,,,,,,,,,Yes,,,,,Yes,,Yes,,,,NSA,NSA,NSA,NSA,NSA,616526.844,4847250.4066
7921,7514254,1279961,2/10/2012 10:00:00 AM,1850,STEELES Ave W,KLONDIKE Dr,,Major Arterial,Etobicoke York,43.769145,-79.55219,,No Control,Clear,"Dark, artificial",Dry,Non-Fatal Injury,Rear End,Vehicle Owner,unknown,,,,Other,,,,,,,,,,,,Yes,,,,,Yes,,Yes,,,,NSA,NSA,NSA,NSA,NSA,616526.844,4847250.4066
7922,7514255,1279961,2/10/2012 10:00:00 AM,1850,STEELES Ave W,KLONDIKE Dr,,Major Arterial,Etobicoke York,43.769145,-79.55219,,No Control,Clear,"Dark, artificial",Dry,Non-Fatal Injury,Rear End,Other,unknown,None,,,"Automobile, Station Wagon",,,,,,,,,,,,Yes,,,,,Yes,,Yes,,,,NSA,NSA,NSA,NSA,NSA,616526.844,4847250.4066
7923,7514256,1279961,2/10/2012 10:00:00 AM,1850,STEELES Ave W,KLONDIKE Dr,,Major Arterial,Etobicoke York,43.769145,-79.55219,,No Control,Clear,"Dark, artificial",Dry,Non-Fatal Injury,Rear End,Passenger,40 to 44,Major,,,Other,,,,,,,,,,,,Yes,,,,,Yes,,Yes,,,,NSA,NSA,NSA,NSA,NSA,616526.844,4847250.4066
7924,7514257,1279961,2/10/2012 10:00:00 AM,1850,STEELES Ave W,KLONDIKE Dr,,Major Arterial,Etobicoke York,43.769145,-79.55219,,No Control,Clear,"Dark, artificial",Dry,Non-Fatal Injury,Rear End,Other,unknown,None,,,Other,,,,,,,,,,,,Yes,,,,,Yes,,Yes,,,,NSA,NSA,NSA,NSA,NSA,616526.844,4847250.4066
7925,7404058,1289541,2/11/2012 10:00:00 AM,305,ST DENNIS Dr,LINKWOOD LANE,,Minor Arterial,North York,43.722645,-79.32679,,No Control,Snow,"Dark, artificial",Loose Snow,Non-Fatal Injury,Approaching,Driver,55 to 59,Minor,,South,"Automobile, Station Wagon",Going Ahead,Driving Properly,Normal,,,,,,,,,Yes,,,,,Yes,Yes,Yes,,,,44,Flemingdon Park,44,Flemingdon Park (44),D55,634772.6235,4842427.7675
7926,7404059,1289541,2/11/2012 10:00:00 AM,305,ST DENNIS Dr,LINKWOOD LANE,,Minor Arterial,North York,43.722645,-79.32679,,No Control,Snow,"Dark, artificial",Loose Snow,Non-Fatal Injury,Approaching,Passenger,25 to 29,Major,,,Other,,,,,,,,,,,,Yes,,,,,Yes,Yes,Yes,,,,44,Flemingdon Park,44,Flemingdon Park (44),D55,634772.6235,4842427.7675
7927,7404060,1289541,2/11/2012 10:00:00 AM,305,ST DENNIS Dr,LINKWOOD LANE,,Minor Arterial,North York,43.722645,-79.32679,,No Control,Snow,"Dark, artificial",Loose Snow,Non-Fatal Injury,Approaching,Driver,25 to 29,Minor,,North,"Automobile, Station Wagon",Going Ahead,Speed too Fast For Condition,Had Been Drinking,,,,,,,,,Yes,,,,,Yes,Yes,Yes,,,,44,Flemingdon Park,44,Flemingdon Park (44),D55,634772.6235,4842427.7675
7928,7383982,1280050,2/12/2012 10:00:00 AM,404,DUNDAS ST E,GEORGE ST,,Major Arterial,Toronto and East York,43.657745,-79.37299,At Intersection,No Control,Clear,"Dark, artificial",Loose Snow,Non-Fatal Injury,SMV Other,Passenger,25 to 29,Minor,,,Other,,,,,,,,,,,,Yes,,,,,Yes,Yes,Yes,,Yes,,73,Moss Park,73,Moss Park (73),D51,631192.7233,4835145.6279
7929,7383983,1280050,2/12/2012 10:00:00 AM,404,DUNDAS ST E,GEORGE ST,,Major Arterial,Toronto and East York,43.657745,-79.37299,At Intersection,No Control,Clear,"Dark, artificial",Loose Snow,Non-Fatal Injury,SMV Other,Passenger,25 to 29,Minor,,,Other,,,,,,,,,,,,Yes,,,,,Yes,Yes,Yes,,Yes,,73,Moss Park,73,Moss Park (73),D51,631192.7233,4835145.6279
7930,7383984,1280050,2/12/2012 10:00:00 AM,404,DUNDAS ST E,GEORGE ST,,Major Arterial,Toronto and East York,43.657745,-79.37299,At Intersection,No Control,Clear,"Dark, artificial",Loose Snow,Non-Fatal Injury,SMV Other,Passenger,15 to 19,Major,,,Other,,,,,,,,,,,,Yes,,,,,Yes,Yes,Yes,,Yes,,73,Moss Park,73,Moss Park (73),D51,631192.7233,4835145.6279