OBJECTID,INDEX,ACCNUM,DATE,TIME,STREET1,STREET2,OFFSET,ROAD_CLASS,DISTRICT,LATITUDE,LONGITUDE,ACCLOC,TRAFFCTL,VISIBILITY,LIGHT,RDSFCOND,ACCLASS,IMPACTYPE,INVTYPE,INVAGE,INJURY,FATAL_NO,INITDIR,VEHTYPE,MANOEUVER,DRIVACT,DRIVCOND,PEDTYPE,PEDACT,PEDCOND,CYCLISTYPE,CYCACT,CYCCOND,PEDESTRIAN,CYCLIST,AUTOMOBILE,MOTORCYCLE,TRUCK,TRSN_CITY_VEH,EMERG_VEH,PASSENGER,SPEEDING,AG_DRIV,REDLIGHT,ALCOHOL,DISABILITY,HOOD_158,NEIGHBOURHOOD_158,HOOD_140,NEIGHBOURHOOD_140,DIVISION,x,y
7931,7383985,1280050,2/12/2012 10:00:00 AM,404,DUNDAS ST E,GEORGE ST,,Major Arterial,Toronto and East York,43.657745,-79.37299,At Intersection,No Control,Clear,"Dark, artificial",Loose Snow,Non-Fatal Injury,SMV Other,Driver,35 to 39,Minor,,East,"Automobile, Station Wagon",Going Ahead,Lost control,"Ability Impaired, Alcohol Over .08",,,,,,,,,Yes,,,,,Yes,Yes,Yes,,Yes,,73,Moss Park,73,Moss Park (73),D51,631192.7233,4835145.6279
7932,7402958,1289091,2/12/2012 10:00:00 AM,1505,EGLINTON Ave E,BROWNLOW Ave,,Major Arterial,Toronto and East York,43.708245,-79.39089,,No Control,Clear,Daylight,Wet,Non-Fatal Injury,SMV Other,Vehicle Owner,unknown,,,,Other,,,,,,,,,,,,Yes,,,,,,Yes,Yes,,,,174,South Eglinton-Davisville,104,Mount Pleasant West (104),D53,629640.5348,4840726.1966
7933,7402959,1289091,2/12/2012 10:00:00 AM,1505,EGLINTON Ave E,BROWNLOW Ave,,Major Arterial,Toronto and East York,43.708245,-79.39089,,No Control,Clear,Daylight,Wet,Non-Fatal Injury,SMV Other,Driver,25 to 29,Major,,East,"Automobile, Station Wagon",Going Ahead,Lost control,Unknown,,,,,,,,,Yes,,,,,,Yes,Yes,,,,174,South Eglinton-Davisville,104,Mount Pleasant West (104),D53,629640.5348,4840726.1966
7934,7402960,1289091,2/12/2012 10:00:00 AM,1505,EGLINTON Ave E,BROWNLOW Ave,,Major Arterial,Toronto and East York,43.708245,-79.39089,,No Control,Clear,Daylight,Wet,Non-Fatal Injury,SMV Other,Other Property Owner,unknown,,,,Other,,,,,,,,,,,,Yes,,,,,,Yes,Yes,,,,174,South Eglinton-Davisville,104,Mount Pleasant West (104),D53,629640.5348,4840726.1966
7935,7402593,1288937,2/12/2012 10:00:00 AM,1542,FINCH AVE E,BRIMLEY RD,,Major Arterial,Scarborough,43.805745,-79.27739,At Intersection,Traffic Signal,Clear,Daylight,Dry,Non-Fatal Injury,Pedestrian Collisions,Driver,50 to 54,None,,South,"Automobile, Station Wagon",Turning Left,Failed to Yield Right of Way,Inattentive,,,,,,,Yes,,Yes,,,,,,,Yes,,,,129,Agincourt North,129,Agincourt North (129),D42,638559.7138,4851738.8282
7936,7402594,1288937,2/12/2012 10:00:00 AM,1542,FINCH AVE E,BRIMLEY RD,,Major Arterial,Scarborough,43.805745,-79.27739,At Intersection,Traffic Signal,Clear,Daylight,Dry,Non-Fatal Injury,Pedestrian Collisions,Pedestrian,50 to 54,Major,,North,Other,,,,Vehicle turns left while ped crosses with ROW at inter.,Crossing with right of way,Normal,,,,Yes,,Yes,,,,,,,Yes,,,,129,Agincourt North,129,Agincourt North (129),D42,638559.7138,4851738.8282
7937,7403743,1289419,2/14/2012 10:00:00 AM,1430,KING St W,TECUMSETH St,,Major Arterial,Toronto and East York,43.643345,-79.40529,At Intersection,Traffic Signal,Clear,Daylight,Wet,Non-Fatal Injury,Cyclist Collisions,Driver,50 to 54,None,,West,"Automobile, Station Wagon",Turning Left,Failed to Yield Right of Way,Inattentive,,,,,,,,Yes,Yes,,,,,,,Yes,,,,162,West Queen West,82,Niagara (82),D14,628618.944,4833495.7555
7938,7403744,1289419,2/14/2012 10:00:00 AM,1430,KING St W,TECUMSETH St,,Major Arterial,Toronto and East York,43.643345,-79.40529,At Intersection,Traffic Signal,Clear,Daylight,Wet,Non-Fatal Injury,Cyclist Collisions,Cyclist,20 to 24,Major,,East,Bicycle,Going Ahead,,,,,,Motorist turned left across cyclists path.,Driving Properly,Normal,,Yes,Yes,,,,,,,Yes,,,,162,West Queen West,82,Niagara (82),D14,628618.944,4833495.7555
7939,7384573,1280520,2/15/2012 10:00:00 AM,1100,250 THE EAST MALL,,,Minor Arterial,Etobicoke York,43.631445,-79.55229,At Intersection,Traffic Signal,Clear,Daylight,Dry,Non-Fatal Injury,Turning Movement,Passenger,85 to 89,Major,,,Other,,,,,,,,,,,,Yes,,,,,Yes,,,,,,159,Etobicoke City Centre,14,Islington-City Centre West (14),D22,616785.8275,4831956.8085
7940,7384574,1280520,2/15/2012 10:00:00 AM,1100,250 THE EAST MALL,,,Minor Arterial,Etobicoke York,43.631445,-79.55229,At Intersection,Traffic Signal,Clear,Daylight,Dry,Non-Fatal Injury,Turning Movement,Driver,65 to 69,Minor,,North,"Automobile, Station Wagon",Turning Left,Improper Turn,Normal,,,,,,,,,Yes,,,,,Yes,,,,,,159,Etobicoke City Centre,14,Islington-City Centre West (14),D22,616785.8275,4831956.8085
7941,7384575,1280520,2/15/2012 10:00:00 AM,1100,250 THE EAST MALL,,,Minor Arterial,Etobicoke York,43.631445,-79.55229,At Intersection,Traffic Signal,Clear,Daylight,Dry,Non-Fatal Injury,Turning Movement,Driver,25 to 29,None,,South,"Automobile, Station Wagon",Going Ahead,Driving Properly,Normal,,,,,,,,,Yes,,,,,Yes,,,,,,159,Etobicoke City Centre,14,Islington-City Centre West (14),D22,616785.8275,4831956.8085
7942,7384599,1280536,2/15/2012 10:00:00 AM,1526,KEELE ST,WILSON AVE,,Major Arterial,North York,43.726045,-79.48189,At Intersection,No Control,Clear,Daylight,Dry,Non-Fatal Injury,Pedestrian Collisions,Vehicle Owner,unknown,,,,Other,,,,,,,,,,Yes,,Yes,,Yes,,,,,,,,,155,Downsview,26,Downsview-Roding-CFB (26),D31,622272.6991,4842564.8492
7943,7384600,1280536,2/15/2012 10:00:00 AM,1526,KEELE ST,WILSON AVE,,Major Arterial,North York,43.726045,-79.48189,At Intersection,No Control,Clear,Daylight,Dry,Non-Fatal Injury,Pedestrian Collisions,Truck Driver,40 to 44,None,,North,Truck - Open,Going Ahead,Driving Properly,Normal,,,,,,,Yes,,Yes,,Yes,,,,,,,,,155,Downsview,26,Downsview-Roding-CFB (26),D31,622272.6991,4842564.8492
7944,7384601,1280536,2/15/2012 10:00:00 AM,1526,KEELE ST,WILSON AVE,,Major Arterial,North York,43.726045,-79.48189,At Intersection,No Control,Clear,Daylight,Dry,Non-Fatal Injury,Pedestrian Collisions,Driver,25 to 29,None,,North,"Automobile, Station Wagon",Stopped,Driving Properly,Normal,,,,,,,Yes,,Yes,,Yes,,,,,,,,,155,Downsview,26,Downsview-Roding-CFB (26),D31,622272.6991,4842564.8492
7945,7384602,1280536,2/15/2012 10:00:00 AM,1526,KEELE ST,WILSON AVE,,Major Arterial,North York,43.726045,-79.48189,At Intersection,No Control,Clear,Daylight,Dry,Non-Fatal Injury,Pedestrian Collisions,Other,unknown,None,,,Other,,,,,,,,,,Yes,,Yes,,Yes,,,,,,,,,155,Downsview,26,Downsview-Roding-CFB (26),D31,622272.6991,4842564.8492
7946,7384603,1280536,2/15/2012 10:00:00 AM,1526,KEELE ST,WILSON AVE,,Major Arterial,North York,43.726045,-79.48189,At Intersection,No Control,Clear,Daylight,Dry,Non-Fatal Injury,Pedestrian Collisions,Pedestrian,65 to 69,Major,,West,Other,,,,Pedestrian hit at mid-block,Running onto Roadway,Inattentive,,,,Yes,,Yes,,Yes,,,,,,,,,155,Downsview,26,Downsview-Roding-CFB (26),D31,622272.6991,4842564.8492
7947,7403950,1289501,2/16/2012 10:00:00 AM,1415,COXWELL AVE,QUEEN ST E,,Minor Arterial,Toronto and East York,43.666345,-79.31659,At Intersection,Traffic Signal,Clear,Daylight,Wet,Non-Fatal Injury,Other,Passenger,70 to 74,Major,,,Other,,,,,,,,,,,,,,,Yes,,Yes,,,,,,65,Greenwood-Coxwell,65,Greenwood-Coxwell (65),D55,635721.1661,4836191.4984
7948,7403951,1289501,2/16/2012 10:00:00 AM,1415,COXWELL AVE,QUEEN ST E,,Minor Arterial,Toronto and East York,43.666345,-79.31659,At Intersection,Traffic Signal,Clear,Daylight,Wet,Non-Fatal Injury,Other,Vehicle Owner,unknown,,,,Other,,,,,,,,,,,,,,,Yes,,Yes,,,,,,65,Greenwood-Coxwell,65,Greenwood-Coxwell (65),D55,635721.1661,4836191.4984
7949,7403952,1289501,2/16/2012 10:00:00 AM,1415,COXWELL AVE,QUEEN ST E,,Minor Arterial,Toronto and East York,43.666345,-79.31659,At Intersection,Traffic Signal,Clear,Daylight,Wet,Non-Fatal Injury,Other,Driver,35 to 39,None,,South,Municipal Transit Bus (TTC),Turning Right,Driving Properly,Normal,,,,,,,,,,,,Yes,,Yes,,,,,,65,Greenwood-Coxwell,65,Greenwood-Coxwell (65),D55,635721.1661,4836191.4984
7950,7541928,1280694,2/16/2012 10:00:00 AM,1942,STEELES AVE E,YONGE ST,,Major Arterial,North York,43.797945,-79.42009,At Intersection,Traffic Signal,Clear,Dark,Wet,Non-Fatal Injury,Pedestrian Collisions,Other,unknown,None,,Unknown,"Automobile, Station Wagon",Parked,,,,,,,,,Yes,,Yes,,,,,Yes,Yes,Yes,,,,36,Newtonbrook West,36,Newtonbrook West (36),D32,627097.9409,4850643.4641
7951,7541929,1280694,2/16/2012 10:00:00 AM,1942,STEELES AVE E,YONGE ST,,Major Arterial,North York,43.797945,-79.42009,At Intersection,Traffic Signal,Clear,Dark,Wet,Non-Fatal Injury,Pedestrian Collisions,Other,unknown,None,,Unknown,"Automobile, Station Wagon",Parked,,,,,,,,,Yes,,Yes,,,,,Yes,Yes,Yes,,,,36,Newtonbrook West,36,Newtonbrook West (36),D32,627097.9409,4850643.4641
7952,7541930,1280694,2/16/2012 10:00:00 AM,1942,STEELES AVE E,YONGE ST,,Major Arterial,North York,43.797945,-79.42009,At Intersection,Traffic Signal,Clear,Dark,Wet,Non-Fatal Injury,Pedestrian Collisions,Passenger,55 to 59,None,,,Other,,,,,,,,,,Yes,,Yes,,,,,Yes,Yes,Yes,,,,36,Newtonbrook West,36,Newtonbrook West (36),D32,627097.9409,4850643.4641
7953,7541931,1280694,2/16/2012 10:00:00 AM,1942,STEELES AVE E,YONGE ST,,Major Arterial,North York,43.797945,-79.42009,At Intersection,Traffic Signal,Clear,Dark,Wet,Non-Fatal Injury,Pedestrian Collisions,Vehicle Owner,unknown,,,,Other,,,,,,,,,,Yes,,Yes,,,,,Yes,Yes,Yes,,,,36,Newtonbrook West,36,Newtonbrook West (36),D32,627097.9409,4850643.4641
7954,7541932,1280694,2/16/2012 10:00:00 AM,1942,STEELES AVE E,YONGE ST,,Major Arterial,North York,43.797945,-79.42009,At Intersection,Traffic Signal,Clear,Dark,Wet,Non-Fatal Injury,Pedestrian Collisions,Driver,55 to 59,None,,West,"Automobile, Station Wagon",Turning Left,Improper Turn,Unknown,,,,,,,Yes,,Yes,,,,,Yes,Yes,Yes,,,,36,Newtonbrook West,36,Newtonbrook West (36),D32,627097.9409,4850643.4641
7955,7541933,1280694,2/16/2012 10:00:00 AM,1942,STEELES AVE E,YONGE ST,,Major Arterial,North York,43.797945,-79.42009,At Intersection,Traffic Signal,Clear,Dark,Wet,Non-Fatal Injury,Pedestrian Collisions,Passenger,15 to 19,Minor,,,Other,,,,,,,,,,Yes,,Yes,,,,,Yes,Yes,Yes,,,,36,Newtonbrook West,36,Newtonbrook West (36),D32,627097.9409,4850643.4641
7956,7541934,1280694,2/16/2012 10:00:00 AM,1942,STEELES AVE E,YONGE ST,,Major Arterial,North York,43.797945,-79.42009,At Intersection,Traffic Signal,Clear,Dark,Wet,Non-Fatal Injury,Pedestrian Collisions,Vehicle Owner,unknown,,,,Other,,,,,,,,,,Yes,,Yes,,,,,Yes,Yes,Yes,,,,36,Newtonbrook West,36,Newtonbrook West (36),D32,627097.9409,4850643.4641
7957,7541935,1280694,2/16/2012 10:00:00 AM,1942,STEELES AVE E,YONGE ST,,Major Arterial,North York,43.797945,-79.42009,At Intersection,Traffic Signal,Clear,Dark,Wet,Non-Fatal Injury,Pedestrian Collisions,Driver,20 to 24,Minimal,,East,"Automobile, Station Wagon",Going Ahead,Exceeding Speed Limit,Unknown,,,,,,,Yes,,Yes,,,,,Yes,Yes,Yes,,,,36,Newtonbrook West,36,Newtonbrook West (36),D32,627097.9409,4850643.4641
7958,7541936,1280694,2/16/2012 10:00:00 AM,1942,STEELES AVE E,YONGE ST,,Major Arterial,North York,43.797945,-79.42009,At Intersection,Traffic Signal,Clear,Dark,Wet,Non-Fatal Injury,Pedestrian Collisions,Pedestrian,20 to 24,Major,,Unknown,Other,,,,Pedestrian hit on sidewalk or shoulder,On Sidewalk or Shoulder,Unknown,,,,Yes,,Yes,,,,,Yes,Yes,Yes,,,,36,Newtonbrook West,36,Newtonbrook West (36),D32,627097.9409,4850643.4641
7959,7541937,1280694,2/16/2012 10:00:00 AM,1942,STEELES AVE E,YONGE ST,,Major Arterial,North York,43.797945,-79.42009,At Intersection,Traffic Signal,Clear,Dark,Wet,Non-Fatal Injury,Pedestrian Collisions,Pedestrian,20 to 24,Major,,Unknown,Other,,,,Pedestrian hit on sidewalk or shoulder,On Sidewalk or Shoulder,Unknown,,,,Yes,,Yes,,,,,Yes,Yes,Yes,,,,36,Newtonbrook West,36,Newtonbrook West (36),D32,627097.9409,4850643.4641
7960,7404325,1289649,2/18/2012 10:00:00 AM,515,ISLINGTON AVE,SANDHILL DR,,Major Arterial,Etobicoke York,43.735045,-79.56439,At Intersection,No Control,Snow,Dark,Packed Snow,Non-Fatal Injury,Approaching,Driver,25 to 29,None,,North,"Automobile, Station Wagon",Going Ahead,Lost control,"Ability Impaired, Alcohol Over .08",,,,,,,,,Yes,,,,,,,,,Yes,,3,Thistletown-Beaumond Heights,3,Thistletown-Beaumond Heights (3),D23,615610.5589,4843446.0113
7961,7404326,1289649,2/18/2012 10:00:00 AM,515,ISLINGTON AVE,SANDHILL DR,,Major Arterial,Etobicoke York,43.735045,-79.56439,At Intersection,No Control,Snow,Dark,Packed Snow,Non-Fatal Injury,Approaching,Driver,25 to 29,Major,,South,"Automobile, Station Wagon",Going Ahead,Driving Properly,Normal,,,,,,,,,Yes,,,,,,,,,Yes,,3,Thistletown-Beaumond Heights,3,Thistletown-Beaumond Heights (3),D23,615610.5589,4843446.0113
7962,7559338,1290476,2/20/2012 10:00:00 AM,1505,BROADVIEW AVE,BAIN AVE,,Minor Arterial,Toronto and East York,43.670445,-79.35389,,No Control,Clear,Daylight,Dry,Non-Fatal Injury,Pedestrian Collisions,Vehicle Owner,unknown,,,,Other,,,,,,,,,,Yes,,Yes,,,,,,Yes,Yes,,,,68,North Riverdale,68,North Riverdale (68),D55,632704.8676,4836586.5112
7963,7559339,1290476,2/20/2012 10:00:00 AM,1505,BROADVIEW AVE,BAIN AVE,,Minor Arterial,Toronto and East York,43.670445,-79.35389,,No Control,Clear,Daylight,Dry,Non-Fatal Injury,Pedestrian Collisions,Driver,70 to 74,None,,North,Taxi,Going Ahead,Driving Properly,Normal,,,,,,,Yes,,Yes,,,,,,Yes,Yes,,,,68,North Riverdale,68,North Riverdale (68),D55,632704.8676,4836586.5112
7964,7559340,1290476,2/20/2012 10:00:00 AM,1505,BROADVIEW AVE,BAIN AVE,,Minor Arterial,Toronto and East York,43.670445,-79.35389,,No Control,Clear,Daylight,Dry,Non-Fatal Injury,Pedestrian Collisions,Driver,45 to 49,None,,North,"Automobile, Station Wagon",Changing Lanes,Exceeding Speed Limit,Inattentive,,,,,,,Yes,,Yes,,,,,,Yes,Yes,,,,68,North Riverdale,68,North Riverdale (68),D55,632704.8676,4836586.5112
7965,7559341,1290476,2/20/2012 10:00:00 AM,1505,BROADVIEW AVE,BAIN AVE,,Minor Arterial,Toronto and East York,43.670445,-79.35389,,No Control,Clear,Daylight,Dry,Non-Fatal Injury,Pedestrian Collisions,Other Property Owner,unknown,,,,Other,,,,,,,,,,Yes,,Yes,,,,,,Yes,Yes,,,,68,North Riverdale,68,North Riverdale (68),D55,632704.8676,4836586.5112
7966,7559342,1290476,2/20/2012 10:00:00 AM,1505,BROADVIEW AVE,BAIN AVE,,Minor Arterial,Toronto and East York,43.670445,-79.35389,,No Control,Clear,Daylight,Dry,Non-Fatal Injury,Pedestrian Collisions,Pedestrian,45 to 49,Major,,South,Other,,,,Pedestrian hit on sidewalk or shoulder,On Sidewalk or Shoulder,Normal,,,,Yes,,Yes,,,,,,Yes,Yes,,,,68,North Riverdale,68,North Riverdale (68),D55,632704.8676,4836586.5112
7967,7514264,1281322,2/21/2012 10:00:00 AM,1551,47 RAVINE PARK CRES,,,Local,Scarborough,43.788745,-79.136089,,No Control,Rain,Daylight,Wet,Non-Fatal Injury,SMV Other,Driver,80 to 84,Major,,,"Automobile, Station Wagon",Going Ahead,,,,,,,,,,,Yes,,,,,,,,,,,143,West Rouge,131,Rouge (131),D43,649968.0578,4850097.0228
7968,7405276,1290049,2/21/2012 10:00:00 AM,1910,STEELES AVE E,TOWNSEND RD,,Major Arterial,North York,43.811945,-79.35749,At Intersection,Traffic Signal,Clear,Dark,Wet,Non-Fatal Injury,Pedestrian Collisions,Driver,50 to 54,None,,South,"Automobile, Station Wagon",Turning Right,Failed to Yield Right of Way,Inattentive,,,,,,,Yes,,Yes,,,,,,,Yes,,,,NSA,NSA,NSA,NSA,NSA,632103.0636,4852296.4285
7969,7405277,1290049,2/21/2012 10:00:00 AM,1910,STEELES AVE E,TOWNSEND RD,,Major Arterial,North York,43.811945,-79.35749,At Intersection,Traffic Signal,Clear,Dark,Wet,Non-Fatal Injury,Pedestrian Collisions,Pedestrian,25 to 29,Major,,Unknown,Other,,,,Vehicle turns right while ped crosses with ROW at inter.,Crossing with right of way,Unknown,,,,Yes,,Yes,,,,,,,Yes,,,,NSA,NSA,NSA,NSA,NSA,632103.0636,4852296.4285
7970,7540963,1342832,2/25/2012 10:00:00 AM,2040,MIDLAND AVE,EGLINTON AVE E,,Major Arterial,Scarborough,43.734545,-79.25809,At Intersection,Traffic Signal,Clear,Dark,Dry,Non-Fatal Injury,Pedestrian Collisions,Driver,unknown,None,,North,"Automobile, Station Wagon",Turning Left,,,,,,,,,Yes,,Yes,,,,,,,,,,,138,Eglinton East,138,Eglinton East (138),D41,640278.507,4843863.4585
7971,7540964,1342832,2/25/2012 10:00:00 AM,2040,MIDLAND AVE,EGLINTON AVE E,,Major Arterial,Scarborough,43.734545,-79.25809,At Intersection,Traffic Signal,Clear,Dark,Dry,Non-Fatal Injury,Pedestrian Collisions,Pedestrian,unknown,Minor,,,Other,Other,,,Vehicle turns left while ped crosses with ROW at inter.,,,,,,Yes,,Yes,,,,,,,,,,,138,Eglinton East,138,Eglinton East (138),D41,640278.507,4843863.4585
7972,7540965,1342832,2/25/2012 10:00:00 AM,2040,MIDLAND AVE,EGLINTON AVE E,,Major Arterial,Scarborough,43.734545,-79.25809,At Intersection,Traffic Signal,Clear,Dark,Dry,Non-Fatal Injury,Pedestrian Collisions,Pedestrian,unknown,Major,,,Other,Other,,,,,,,,,Yes,,Yes,,,,,,,,,,,138,Eglinton East,138,Eglinton East (138),D41,640278.507,4843863.4585
7973,7406569,1290615,2/26/2012 10:00:00 AM,142,WOODBINE AVE,DANFORTH AVE,,Major Arterial,Toronto and East York,43.685145,-79.31259,,No Control,Clear,Dark,Dry,Non-Fatal Injury,SMV Unattended Vehicle,Vehicle Owner,unknown,,,,Other,,,,,,,,,,,,Yes,,,,,,,,,,,64,Woodbine Corridor,64,Woodbine Corridor (64),D55,636001.1827,4838286.0489
7974,7406570,1290615,2/26/2012 10:00:00 AM,142,WOODBINE AVE,DANFORTH AVE,,Major Arterial,Toronto and East York,43.685145,-79.31259,,No Control,Clear,Dark,Dry,Non-Fatal Injury,SMV Unattended Vehicle,Driver,30 to 34,Major,,South,"Automobile, Station Wagon",Going Ahead,Lost control,Unknown,,,,,,,,,Yes,,,,,,,,,,,64,Woodbine Corridor,64,Woodbine Corridor (64),D55,636001.1827,4838286.0489
7975,7406571,1290615,2/26/2012 10:00:00 AM,142,WOODBINE AVE,DANFORTH AVE,,Major Arterial,Toronto and East York,43.685145,-79.31259,,No Control,Clear,Dark,Dry,Non-Fatal Injury,SMV Unattended Vehicle,Other,unknown,None,,,Other,Parked,,,,,,,,,,,Yes,,,,,,,,,,,64,Woodbine Corridor,64,Woodbine Corridor (64),D55,636001.1827,4838286.0489
7976,7406600,1290624,2/27/2012 10:00:00 AM,2020,DUNDAS ST W,ST CLARENS AVE,,Minor Arterial,Toronto and East York,43.650045,-79.43829,At Intersection,Stop Sign,Clear,Dark,Dry,Non-Fatal Injury,Cyclist Collisions,Driver,unknown,None,,North,"Automobile, Station Wagon",Going Ahead,Disobeyed Traffic Control,Unknown,,,,,,,,Yes,Yes,,,,,,,Yes,,,,84,Little Portugal,84,Little Portugal (84),D11,625943.3494,4834189.2656
7977,7406601,1290624,2/27/2012 10:00:00 AM,2020,DUNDAS ST W,ST CLARENS AVE,,Minor Arterial,Toronto and East York,43.650045,-79.43829,At Intersection,Stop Sign,Clear,Dark,Dry,Non-Fatal Injury,Cyclist Collisions,Cyclist,50 to 54,Major,,West,Bicycle,Going Ahead,,,,,,"Motorist without ROW drives into path of cyclist at inter, lnwy, dwy-Driver not turn.",Driving Properly,Normal,,Yes,Yes,,,,,,,Yes,,,,84,Little Portugal,84,Little Portugal (84),D11,625943.3494,4834189.2656
7978,7514265,1282294,2/28/2012 10:00:00 AM,2356,BATHURST ST,MCALLISTER RD,,Major Arterial,North York,43.753445,-79.43799,,No Control,Clear,"Dark, artificial",Dry,Non-Fatal Injury,Pedestrian Collisions,Passenger,25 to 29,None,,,Other,,,,,,,,,,Yes,,Yes,,,,,Yes,,,,,,33,Clanton Park,33,Clanton Park (33),D32,625751.1814,4845673.7278
7979,7514266,1282294,2/28/2012 10:00:00 AM,2356,BATHURST ST,MCALLISTER RD,,Major Arterial,North York,43.753445,-79.43799,,No Control,Clear,"Dark, artificial",Dry,Non-Fatal Injury,Pedestrian Collisions,Vehicle Owner,unknown,,,,Other,,,,,,,,,,Yes,,Yes,,,,,Yes,,,,,,33,Clanton Park,33,Clanton Park (33),D32,625751.1814,4845673.7278
7980,7514267,1282294,2/28/2012 10:00:00 AM,2356,BATHURST ST,MCALLISTER RD,,Major Arterial,North York,43.753445,-79.43799,,No Control,Clear,"Dark, artificial",Dry,Non-Fatal Injury,Pedestrian Collisions,Driver,25 to 29,None,,North,"Automobile, Station Wagon",Going Ahead,Driving Properly,Normal,,,,,,,Yes,,Yes,,,,,Yes,,,,,,33,Clanton Park,33,Clanton Park (33),D32,625751.1814,4845673.7278
7981,7514268,1282294,2/28/2012 10:00:00 AM,2356,BATHURST ST,MCALLISTER RD,,Major Arterial,North York,43.753445,-79.43799,,No Control,Clear,"Dark, artificial",Dry,Non-Fatal Injury,Pedestrian Collisions,Pedestrian,20 to 24,Major,,West,Other,,,,Vehicle is going straight thru inter.while ped cross without ROW,"Crossing, no Traffic Control",Inattentive,,,,Yes,,Yes,,,,,Yes,,,,,,33,Clanton Park,33,Clanton Park (33),D32,625751.1814,4845673.7278
7982,7387731,1282447,2/29/2012 10:00:00 AM,1849,JAMESON AVE,LAXTON AVE W,,Minor Arterial,Toronto and East York,43.640045,-79.43709,,No Control,Rain,Dark,Wet,Non-Fatal Injury,Pedestrian Collisions,Driver,25 to 29,None,,North,"Automobile, Station Wagon",Going Ahead,Driving Properly,Normal,,,,,,,Yes,,Yes,,,,,,,,,,,85,South Parkdale,85,South Parkdale (85),D14,626061.0387,4833080.4587
7983,7387732,1282447,2/29/2012 10:00:00 AM,1849,JAMESON AVE,LAXTON AVE W,,Minor Arterial,Toronto and East York,43.640045,-79.43709,,No Control,Rain,Dark,Wet,Non-Fatal Injury,Pedestrian Collisions,Pedestrian,45 to 49,Major,,West,Other,,,,Pedestrian hit at mid-block,Other,Had Been Drinking,,,,Yes,,Yes,,,,,,,,,,,85,South Parkdale,85,South Parkdale (85),D14,626061.0387,4833080.4587
7984,7407159,1290852,2/29/2012 10:00:00 AM,2023,HUMBERLINE DR,HUMBER COLLEGE BLVD,,Minor Arterial,Etobicoke York,43.732145,-79.60909,At Intersection,Traffic Signal,Rain,Dark,Wet,Non-Fatal Injury,Pedestrian Collisions,Driver,65 to 69,None,,North,"Automobile, Station Wagon",Turning Left,Improper Turn,Inattentive,,,,,,,Yes,,Yes,,,,,,,,,,,1,West Humber-Clairville,1,West Humber-Clairville (1),D23,612016.2232,4843062.5294
7985,7407160,1290852,2/29/2012 10:00:00 AM,2023,HUMBERLINE DR,HUMBER COLLEGE BLVD,,Minor Arterial,Etobicoke York,43.732145,-79.60909,At Intersection,Traffic Signal,Rain,Dark,Wet,Non-Fatal Injury,Pedestrian Collisions,Pedestrian,20 to 24,Major,,Unknown,Other,,,,Vehicle turns left while ped crosses with ROW at inter.,Crossing with right of way,Normal,,,,Yes,,Yes,,,,,,,,,,,1,West Humber-Clairville,1,West Humber-Clairville (1),D23,612016.2232,4843062.5294
7986,7559353,1291004,3/1/2012 10:00:00 AM,1951,3850 SHEPPARD AVE E,,,Major Arterial,Scarborough,43.782345,-79.29249,,No Control,Clear,Daylight,Dry,Non-Fatal Injury,Pedestrian Collisions,Driver,35 to 39,None,,West,"Automobile, Station Wagon",Going Ahead,Driving Properly,Normal,,,,,,,Yes,,Yes,,,,,,,,,,,118,Tam O'Shanter-Sullivan,118,Tam O'Shanter-Sullivan (118),D42,637398.737,4849114.7114
7987,7559354,1291004,3/1/2012 10:00:00 AM,1951,3850 SHEPPARD AVE E,,,Major Arterial,Scarborough,43.782345,-79.29249,,No Control,Clear,Daylight,Dry,Non-Fatal Injury,Pedestrian Collisions,Pedestrian,35 to 39,Major,,Unknown,Other,,,,Pedestrian hit at mid-block,Other,Had Been Drinking,,,,Yes,,Yes,,,,,,,,,,,118,Tam O'Shanter-Sullivan,118,Tam O'Shanter-Sullivan (118),D42,637398.737,4849114.7114
7988,7514360,1291089,3/2/2012 10:00:00 AM,110,YONGE Stre,EGLINTON Aven E,,Major Arterial,North York,43.707345,-79.39849,,No Control,Clear,Dark,Dry,Non-Fatal Injury,Pedestrian Collisions,Vehicle Owner,unknown,,,,Other,,,,,,,,,,Yes,,Yes,,,,,,,,,,,173,North Toronto,104,Mount Pleasant West (104),D53,629030.1536,4840614.3814
7989,7514361,1291089,3/2/2012 10:00:00 AM,110,YONGE Stre,EGLINTON Aven E,,Major Arterial,North York,43.707345,-79.39849,,No Control,Clear,Dark,Dry,Non-Fatal Injury,Pedestrian Collisions,Driver,30 to 34,None,,North,"Automobile, Station Wagon",Going Ahead,Driving Properly,Normal,,,,,,,Yes,,Yes,,,,,,,,,,,173,North Toronto,104,Mount Pleasant West (104),D53,629030.1536,4840614.3814
7990,7514362,1291089,3/2/2012 10:00:00 AM,110,YONGE Stre,EGLINTON Aven E,,Major Arterial,North York,43.707345,-79.39849,,No Control,Clear,Dark,Dry,Non-Fatal Injury,Pedestrian Collisions,Pedestrian,40 to 44,Major,,West,Other,,,,Pedestrian hit at mid-block,"Crossing, no Traffic Control",Had Been Drinking,,,,Yes,,Yes,,,,,,,,,,,173,North Toronto,104,Mount Pleasant West (104),D53,629030.1536,4840614.3814
7991,7407770,1291108,3/2/2012 10:00:00 AM,1635,EGLINTON AVE E,BIRCHMOUNT RD,,Major Arterial,Scarborough,43.729945,-79.27789,At Intersection,Traffic Signal,Clear,Daylight,Dry,Non-Fatal Injury,Pedestrian Collisions,Vehicle Owner,unknown,,,,Other,,,,,,,,,,Yes,,Yes,,,,,,,Yes,,,,120,Clairlea-Birchmount,120,Clairlea-Birchmount (120),D41,638694.5845,4843319.2273