OBJECTID,INDEX,ACCNUM,DATE,TIME,STREET1,STREET2,OFFSET,ROAD_CLASS,DISTRICT,LATITUDE,LONGITUDE,ACCLOC,TRAFFCTL,VISIBILITY,LIGHT,RDSFCOND,ACCLASS,IMPACTYPE,INVTYPE,INVAGE,INJURY,FATAL_NO,INITDIR,VEHTYPE,MANOEUVER,DRIVACT,DRIVCOND,PEDTYPE,PEDACT,PEDCOND,CYCLISTYPE,CYCACT,CYCCOND,PEDESTRIAN,CYCLIST,AUTOMOBILE,MOTORCYCLE,TRUCK,TRSN_CITY_VEH,EMERG_VEH,PASSENGER,SPEEDING,AG_DRIV,REDLIGHT,ALCOHOL,DISABILITY,HOOD_158,NEIGHBOURHOOD_158,HOOD_140,NEIGHBOURHOOD_140,DIVISION,x,y
7992,7407771,1291108,3/2/2012 10:00:00 AM,1635,EGLINTON AVE E,BIRCHMOUNT RD,,Major Arterial,Scarborough,43.729945,-79.27789,At Intersection,Traffic Signal,Clear,Daylight,Dry,Non-Fatal Injury,Pedestrian Collisions,Driver,55 to 59,None,,West,"Automobile, Station Wagon",Turning Right,Failed to Yield Right of Way,Inattentive,,,,,,,Yes,,Yes,,,,,,,Yes,,,,120,Clairlea-Birchmount,120,Clairlea-Birchmount (120),D41,638694.5845,4843319.2273
7993,7407772,1291108,3/2/2012 10:00:00 AM,1635,EGLINTON AVE E,BIRCHMOUNT RD,,Major Arterial,Scarborough,43.729945,-79.27789,At Intersection,Traffic Signal,Clear,Daylight,Dry,Non-Fatal Injury,Pedestrian Collisions,Pedestrian,25 to 29,Major,,West,Other,,,,Vehicle turns right while ped crosses with ROW at inter.,Crossing with right of way,Normal,,,,Yes,,Yes,,,,,,,Yes,,,,120,Clairlea-Birchmount,120,Clairlea-Birchmount (120),D41,638694.5845,4843319.2273
7994,7408709,1291534,3/2/2012 10:00:00 AM,1812,PARLIAMENT ST,SPRUCE ST,,Minor Arterial,Toronto and East York,43.663245,-79.36759,,No Control,Clear,Daylight,Dry,Non-Fatal Injury,Pedestrian Collisions,Motorcycle Driver,45 to 49,Major,,South,Motorcycle,Going Ahead,Lost control,Inattentive,,,,,,,Yes,,,Yes,,,,,,Yes,,,,73,Moss Park,73,Moss Park (73),D51,631616.1345,4835765.0287
7995,7408710,1291534,3/2/2012 10:00:00 AM,1812,PARLIAMENT ST,SPRUCE ST,,Minor Arterial,Toronto and East York,43.663245,-79.36759,,No Control,Clear,Daylight,Dry,Non-Fatal Injury,Pedestrian Collisions,Other,unknown,None,,South,Other,Parked,,,,,,,,,Yes,,,Yes,,,,,,Yes,,,,73,Moss Park,73,Moss Park (73),D51,631616.1345,4835765.0287
7996,7408711,1291534,3/2/2012 10:00:00 AM,1812,PARLIAMENT ST,SPRUCE ST,,Minor Arterial,Toronto and East York,43.663245,-79.36759,,No Control,Clear,Daylight,Dry,Non-Fatal Injury,Pedestrian Collisions,Pedestrian,30 to 34,Minimal,,East,Other,,,,Pedestrian hit at mid-block,Walking on Roadway with Traffic,Normal,,,,Yes,,,Yes,,,,,,Yes,,,,73,Moss Park,73,Moss Park (73),D51,631616.1345,4835765.0287
7997,7408968,1291646,3/3/2012 10:00:00 AM,1515,ADELAIDE Stre W,UNIVERSITY Aven,,Major Arterial,Toronto and East York,43.648945,-79.38509,,No Control,Clear,Daylight,Dry,Non-Fatal Injury,Pedestrian Collisions,Driver,40 to 44,Major,,East,"Automobile, Station Wagon",Going Ahead,Driving Properly,Normal,,,,,,,Yes,,Yes,,,,,,,,,,,170,Yonge-Bay Corridor,76,Bay Street Corridor (76),D52,630236.0593,4834149.2112
7998,7408969,1291646,3/3/2012 10:00:00 AM,1515,ADELAIDE Stre W,UNIVERSITY Aven,,Major Arterial,Toronto and East York,43.648945,-79.38509,,No Control,Clear,Daylight,Dry,Non-Fatal Injury,Pedestrian Collisions,Pedestrian,60 to 64,Minor,,North,Other,,,,Pedestrian hit at mid-block,"Crossing, no Traffic Control",Inattentive,,,,Yes,,Yes,,,,,,,,,,,170,Yonge-Bay Corridor,76,Bay Street Corridor (76),D52,630236.0593,4834149.2112
7999,7388471,1282854,3/3/2012 10:00:00 AM,2322,KINGSTON Road,SANDOWN Aven,,Major Arterial,Scarborough,43.708745,-79.24979,At Intersection,Traffic Signal,Clear,"Dark, artificial",Dry,Non-Fatal Injury,Pedestrian Collisions,Driver,70 to 74,None,,West,"Automobile, Station Wagon",Going Ahead,Driving Properly,Normal,,,,,,,Yes,,Yes,,,,,,,,,,,122,Birchcliffe-Cliffside,122,Birchcliffe-Cliffside (122),D41,641007.4425,4841012.0746
8000,7388472,1282854,3/3/2012 10:00:00 AM,2322,KINGSTON Road,SANDOWN Aven,,Major Arterial,Scarborough,43.708745,-79.24979,At Intersection,Traffic Signal,Clear,"Dark, artificial",Dry,Non-Fatal Injury,Pedestrian Collisions,Pedestrian,45 to 49,Major,,North,Other,,,,Vehicle is going straight thru inter.while ped cross without ROW,Crossing without right of way,Had Been Drinking,,,,Yes,,Yes,,,,,,,,,,,122,Birchcliffe-Cliffside,122,Birchcliffe-Cliffside (122),D41,641007.4425,4841012.0746
8001,7408914,1291622,3/4/2012 10:00:00 AM,934,TAPSCOTT Road,WASHBURN Way,,Minor Arterial,Scarborough,43.804445,-79.22419,At Intersection,Traffic Signal,Clear,Daylight,Dry,Non-Fatal Injury,Pedestrian Collisions,Pedestrian,75 to 79,Major,,North,Other,,,,Vehicle turns left while ped crosses with ROW at inter.,Crossing with right of way,Normal,,,,Yes,,Yes,,,,,,,Yes,,,,145,Malvern West,132,Malvern (132),D42,642842.0522,4851684.9032
8002,7408915,1291622,3/4/2012 10:00:00 AM,934,TAPSCOTT Road,WASHBURN Way,,Minor Arterial,Scarborough,43.804445,-79.22419,At Intersection,Traffic Signal,Clear,Daylight,Dry,Non-Fatal Injury,Pedestrian Collisions,Vehicle Owner,unknown,,,,Other,,,,,,,,,,Yes,,Yes,,,,,,,Yes,,,,145,Malvern West,132,Malvern (132),D42,642842.0522,4851684.9032
8003,7408916,1291622,3/4/2012 10:00:00 AM,934,TAPSCOTT Road,WASHBURN Way,,Minor Arterial,Scarborough,43.804445,-79.22419,At Intersection,Traffic Signal,Clear,Daylight,Dry,Non-Fatal Injury,Pedestrian Collisions,Driver,30 to 34,None,,South,"Automobile, Station Wagon",Turning Left,Failed to Yield Right of Way,Inattentive,,,,,,,Yes,,Yes,,,,,,,Yes,,,,145,Malvern West,132,Malvern (132),D42,642842.0522,4851684.9032
8004,7542005,1291754,3/5/2012 10:00:00 AM,1214,1 MASSEY Sq,,,Other,Toronto and East York,43.696445,-79.29229,,No Control,Clear,Daylight,Dry,Non-Fatal Injury,Pedestrian Collisions,Driver,50 to 54,None,,South,"Automobile, Station Wagon",Going Ahead,Failed to Yield Right of Way,Normal,,,,,,,Yes,,Yes,,,,,,,Yes,,,,61,Taylor-Massey,61,Taylor-Massey (61),D55,637611.4865,4839574.5648
8005,7542006,1291754,3/5/2012 10:00:00 AM,1214,1 MASSEY Sq,,,Other,Toronto and East York,43.696445,-79.29229,,No Control,Clear,Daylight,Dry,Non-Fatal Injury,Pedestrian Collisions,Pedestrian,unknown,Major,,West,Other,,,,Pedestrian hit on sidewalk or shoulder,On Sidewalk or Shoulder,Normal,,,,Yes,,Yes,,,,,,,Yes,,,,61,Taylor-Massey,61,Taylor-Massey (61),D55,637611.4865,4839574.5648
8006,7389757,1283446,3/7/2012 10:00:00 AM,1532,QUEEN ST E,hambly AVE,,Minor Arterial,Toronto and East York,43.670645,-79.29689,,No Control,Clear,Daylight,Dry,Non-Fatal Injury,Pedestrian Collisions,Vehicle Owner,unknown,,,,Other,,,,,,,,,,Yes,,,,Yes,,,,,Yes,,,,63,The Beaches,63,The Beaches (63),D55,637299.6484,4836701.4907
8007,7389758,1283446,3/7/2012 10:00:00 AM,1532,QUEEN ST E,hambly AVE,,Minor Arterial,Toronto and East York,43.670645,-79.29689,,No Control,Clear,Daylight,Dry,Non-Fatal Injury,Pedestrian Collisions,Truck Driver,45 to 49,None,,West,Truck - Open,Going Ahead,Failed to Yield Right of Way,Unknown,,,,,,,Yes,,,,Yes,,,,,Yes,,,,63,The Beaches,63,The Beaches (63),D55,637299.6484,4836701.4907
8008,7389759,1283446,3/7/2012 10:00:00 AM,1532,QUEEN ST E,hambly AVE,,Minor Arterial,Toronto and East York,43.670645,-79.29689,,No Control,Clear,Daylight,Dry,Non-Fatal Injury,Pedestrian Collisions,Pedestrian,30 to 34,Major,,Unknown,Other,,,,Vehicle is going straight thru inter.while ped cross with ROW,Crossing without right of way,Normal,,,,Yes,,,,Yes,,,,,Yes,,,,63,The Beaches,63,The Beaches (63),D55,637299.6484,4836701.4907
8009,7409819,1292008,3/7/2012 10:00:00 AM,2000,SHEPPARD Aven W,BUCKLAND Road,,Major Arterial,Etobicoke York,43.740845,-79.50429,,No Control,Clear,"Dark, artificial",Dry,Non-Fatal Injury,Rear End,Vehicle Owner,unknown,,,,Other,,,,,,,,,,,,Yes,,,,,,,,,,,25,Glenfield-Jane Heights,25,Glenfield-Jane Heights (25),D31,620438.857,4844175.7951
8010,7409820,1292008,3/7/2012 10:00:00 AM,2000,SHEPPARD Aven W,BUCKLAND Road,,Major Arterial,Etobicoke York,43.740845,-79.50429,,No Control,Clear,"Dark, artificial",Dry,Non-Fatal Injury,Rear End,Driver,45 to 49,Major,,West,Pick Up Truck,Stopped,Driving Properly,Normal,,,,,,,,,Yes,,,,,,,,,,,25,Glenfield-Jane Heights,25,Glenfield-Jane Heights (25),D31,620438.857,4844175.7951
8011,7409821,1292008,3/7/2012 10:00:00 AM,2000,SHEPPARD Aven W,BUCKLAND Road,,Major Arterial,Etobicoke York,43.740845,-79.50429,,No Control,Clear,"Dark, artificial",Dry,Non-Fatal Injury,Rear End,Vehicle Owner,unknown,,,,Other,,,,,,,,,,,,Yes,,,,,,,,,,,25,Glenfield-Jane Heights,25,Glenfield-Jane Heights (25),D31,620438.857,4844175.7951
8012,7409822,1292008,3/7/2012 10:00:00 AM,2000,SHEPPARD Aven W,BUCKLAND Road,,Major Arterial,Etobicoke York,43.740845,-79.50429,,No Control,Clear,"Dark, artificial",Dry,Non-Fatal Injury,Rear End,Driver,25 to 29,Minor,,West,"Automobile, Station Wagon",Going Ahead,Lost control,Normal,,,,,,,,,Yes,,,,,,,,,,,25,Glenfield-Jane Heights,25,Glenfield-Jane Heights (25),D31,620438.857,4844175.7951
8013,7409923,1292054,3/8/2012 10:00:00 AM,1511,STEELES Aven E,REESOR Road,,Minor Arterial,Scarborough,43.850245,-79.19129,,No Control,Clear,Daylight,Wet,Non-Fatal Injury,Approaching,Driver,45 to 49,Major,,East,"Automobile, Station Wagon",Going Ahead,Driving Properly,Normal,,,,,,,,,Yes,,,,,,,,,,,144,Morningside Heights,131,Rouge (131),D42,645377.2464,4856829.0817
8014,7409924,1292054,3/8/2012 10:00:00 AM,1511,STEELES Aven E,REESOR Road,,Minor Arterial,Scarborough,43.850245,-79.19129,,No Control,Clear,Daylight,Wet,Non-Fatal Injury,Approaching,Driver,55 to 59,Minor,,West,"Automobile, Station Wagon",Going Ahead,Lost control,Unknown,,,,,,,,,Yes,,,,,,,,,,,144,Morningside Heights,131,Rouge (131),D42,645377.2464,4856829.0817
8015,7410200,1292158,3/10/2012 10:00:00 AM,445,FINCH Aven W,PITTSBORO Driv,,Major Arterial,Etobicoke York,43.737445,-79.59009,,No Control,Clear,"Dark, artificial",Dry,Non-Fatal Injury,SMV Other,Driver,25 to 29,Major,,East,"Automobile, Station Wagon",Going Ahead,Lost control,Unknown,,,,,,,,,Yes,,,,,,,,,,,2,Mount Olive-Silverstone-Jamestown,2,Mount Olive-Silverstone-Jamestown (2),D23,613536.3726,4843677.0286
8016,7410201,1292158,3/10/2012 10:00:00 AM,445,FINCH Aven W,PITTSBORO Driv,,Major Arterial,Etobicoke York,43.737445,-79.59009,,No Control,Clear,"Dark, artificial",Dry,Non-Fatal Injury,SMV Other,Other Property Owner,unknown,,,,Other,,,,,,,,,,,,Yes,,,,,,,,,,,2,Mount Olive-Silverstone-Jamestown,2,Mount Olive-Silverstone-Jamestown (2),D23,613536.3726,4843677.0286
8017,7411074,1292500,3/13/2012 8:00:00 AM,1855,LAKE SHORE BLVD W,LAKE CRES,,Major Arterial,Etobicoke York,43.606945,-79.49049,,No Control,Clear,Daylight,Dry,Non-Fatal Injury,SMV Other,Driver,50 to 54,Major,,North,"Automobile, Station Wagon",Going Ahead,Lost control,Unknown,,,,,,,,,Yes,,,,,,Yes,Yes,,,,160,Mimico-Queensway,17,Mimico (includes Humber Bay Shores) (17),D22,621820.7026,4829324.5778
8018,7411075,1292500,3/13/2012 8:00:00 AM,1855,LAKE SHORE BLVD W,LAKE CRES,,Major Arterial,Etobicoke York,43.606945,-79.49049,,No Control,Clear,Daylight,Dry,Non-Fatal Injury,SMV Other,Other Property Owner,unknown,,,,Other,,,,,,,,,,,,Yes,,,,,,Yes,Yes,,,,160,Mimico-Queensway,17,Mimico (includes Humber Bay Shores) (17),D22,621820.7026,4829324.5778
8019,7391890,1284315,3/13/2012 8:00:00 AM,2210,BLEECKER St,CARLTON St,,Collector,Toronto and East York,43.664945,-79.37289,,No Control,Clear,"Dark, artificial",Dry,Non-Fatal Injury,SMV Unattended Vehicle,Other,unknown,None,,,Other,Parked,,,,,,,,,,,Yes,,,,,,,,,,,71,Cabbagetown-South St.James Town,71,Cabbagetown-South St.James Town (71),D51,631185.1044,4835945.4421
8020,7391891,1284315,3/13/2012 8:00:00 AM,2210,BLEECKER St,CARLTON St,,Collector,Toronto and East York,43.664945,-79.37289,,No Control,Clear,"Dark, artificial",Dry,Non-Fatal Injury,SMV Unattended Vehicle,Vehicle Owner,unknown,,,,Other,,,,,,,,,,,,Yes,,,,,,,,,,,71,Cabbagetown-South St.James Town,71,Cabbagetown-South St.James Town (71),D51,631185.1044,4835945.4421
8021,7391892,1284315,3/13/2012 8:00:00 AM,2210,BLEECKER St,CARLTON St,,Collector,Toronto and East York,43.664945,-79.37289,,No Control,Clear,"Dark, artificial",Dry,Non-Fatal Injury,SMV Unattended Vehicle,Driver,unknown,Major,,North,"Automobile, Station Wagon",Going Ahead,Other,Unknown,,,,,,,,,Yes,,,,,,,,,,,71,Cabbagetown-South St.James Town,71,Cabbagetown-South St.James Town (71),D51,631185.1044,4835945.4421
8022,7391893,1284316,3/14/2012 8:00:00 AM,51,59 BARFORD RD,,,Local,Etobicoke York,43.731545,-79.57059,,No Control,Clear,Dark,Dry,Non-Fatal Injury,Pedestrian Collisions,Pedestrian,35 to 39,Major,,East,Other,,,,Vehicle is reversing and hits pedestrian,Other,Normal,,,,Yes,,Yes,,,,,,,,,,,4,Rexdale-Kipling,4,Rexdale-Kipling (4),D23,615117.9712,4843048.6549
8023,7391894,1284316,3/14/2012 8:00:00 AM,51,59 BARFORD RD,,,Local,Etobicoke York,43.731545,-79.57059,,No Control,Clear,Dark,Dry,Non-Fatal Injury,Pedestrian Collisions,Driver,unknown,None,,South,"Automobile, Station Wagon",Reversing,Other,Unknown,,,,,,,Yes,,Yes,,,,,,,,,,,4,Rexdale-Kipling,4,Rexdale-Kipling (4),D23,615117.9712,4843048.6549
8024,7412056,1292914,3/14/2012 8:00:00 AM,1550,COLLEGE ST,BATHURST ST,,Major Arterial,Toronto and East York,43.656409,-79.40768,At Intersection,Traffic Signal,Clear,Daylight,Dry,Non-Fatal Injury,Cyclist Collisions,Vehicle Owner,unknown,,,,,,,,,,,,,,,Yes,Yes,,,,,,,,,,,78,Kensington-Chinatown,78,Kensington-Chinatown (78),D14,628398.34,4834942.982
8025,7412057,1292914,3/14/2012 8:00:00 AM,1550,COLLEGE ST,BATHURST ST,,Major Arterial,Toronto and East York,43.656409,-79.40768,At Intersection,Traffic Signal,Clear,Daylight,Dry,Non-Fatal Injury,Cyclist Collisions,Cyclist,50 to 54,Major,,East,Bicycle,Going Ahead,,,,,,"Cyclist without ROW rides into path of motorist at inter, lnwy, dwy-Cyclist not turn.",Improper Passing,Normal,,Yes,Yes,,,,,,,,,,,78,Kensington-Chinatown,78,Kensington-Chinatown (78),D14,628398.34,4834942.982
8026,7412058,1292914,3/14/2012 8:00:00 AM,1550,COLLEGE ST,BATHURST ST,,Major Arterial,Toronto and East York,43.656409,-79.40768,At Intersection,Traffic Signal,Clear,Daylight,Dry,Non-Fatal Injury,Cyclist Collisions,Driver,25 to 29,None,,East,"Automobile, Station Wagon",Turning Right,Driving Properly,Normal,,,,,,,,Yes,Yes,,,,,,,,,,,78,Kensington-Chinatown,78,Kensington-Chinatown (78),D14,628398.34,4834942.982
8027,7412726,1293196,3/15/2012 8:00:00 AM,1330,DUNDAS Stre W,HIGHWAY 427 C  S,,Major Arterial,Etobicoke York,43.628945,-79.55489,At Intersection,Traffic Signal,Clear,Daylight,Dry,Non-Fatal Injury,Angle,Driver,50 to 54,None,,North,"Automobile, Station Wagon",Going Ahead,Driving Properly,Normal,,,,,,,,,Yes,,,,,Yes,,Yes,,,,159,Etobicoke City Centre,14,Islington-City Centre West (14),D22,616580.9186,4831675.4984
8028,7412727,1293196,3/15/2012 8:00:00 AM,1330,DUNDAS Stre W,HIGHWAY 427 C  S,,Major Arterial,Etobicoke York,43.628945,-79.55489,At Intersection,Traffic Signal,Clear,Daylight,Dry,Non-Fatal Injury,Angle,Passenger,0 to 4,Major,,,Other,,,,,,,,,,,,Yes,,,,,Yes,,Yes,,,,159,Etobicoke City Centre,14,Islington-City Centre West (14),D22,616580.9186,4831675.4984
8029,7412728,1293196,3/15/2012 8:00:00 AM,1330,DUNDAS Stre W,HIGHWAY 427 C  S,,Major Arterial,Etobicoke York,43.628945,-79.55489,At Intersection,Traffic Signal,Clear,Daylight,Dry,Non-Fatal Injury,Angle,Passenger,unknown,Minimal,,,Other,,,,,,,,,,,,Yes,,,,,Yes,,Yes,,,,159,Etobicoke City Centre,14,Islington-City Centre West (14),D22,616580.9186,4831675.4984
8030,7412729,1293196,3/15/2012 8:00:00 AM,1330,DUNDAS Stre W,HIGHWAY 427 C  S,,Major Arterial,Etobicoke York,43.628945,-79.55489,At Intersection,Traffic Signal,Clear,Daylight,Dry,Non-Fatal Injury,Angle,Passenger,30 to 34,Minor,,,Other,,,,,,,,,,,,Yes,,,,,Yes,,Yes,,,,159,Etobicoke City Centre,14,Islington-City Centre West (14),D22,616580.9186,4831675.4984
8031,7412730,1293196,3/15/2012 8:00:00 AM,1330,DUNDAS Stre W,HIGHWAY 427 C  S,,Major Arterial,Etobicoke York,43.628945,-79.55489,At Intersection,Traffic Signal,Clear,Daylight,Dry,Non-Fatal Injury,Angle,Vehicle Owner,unknown,,,,Other,,,,,,,,,,,,Yes,,,,,Yes,,Yes,,,,159,Etobicoke City Centre,14,Islington-City Centre West (14),D22,616580.9186,4831675.4984
8032,7412731,1293196,3/15/2012 8:00:00 AM,1330,DUNDAS Stre W,HIGHWAY 427 C  S,,Major Arterial,Etobicoke York,43.628945,-79.55489,At Intersection,Traffic Signal,Clear,Daylight,Dry,Non-Fatal Injury,Angle,Driver,25 to 29,Minor,,East,"Automobile, Station Wagon",Going Ahead,Failed to Yield Right of Way,Normal,,,,,,,,,Yes,,,,,Yes,,Yes,,,,159,Etobicoke City Centre,14,Islington-City Centre West (14),D22,616580.9186,4831675.4984
8033,7412732,1293196,3/15/2012 8:00:00 AM,1330,DUNDAS Stre W,HIGHWAY 427 C  S,,Major Arterial,Etobicoke York,43.628945,-79.55489,At Intersection,Traffic Signal,Clear,Daylight,Dry,Non-Fatal Injury,Angle,Driver,55 to 59,Minimal,,North,"Automobile, Station Wagon",Going Ahead,Driving Properly,Normal,,,,,,,,,Yes,,,,,Yes,,Yes,,,,159,Etobicoke City Centre,14,Islington-City Centre West (14),D22,616580.9186,4831675.4984
8034,7412716,1293192,3/15/2012 8:00:00 AM,1733,BLOOR Stre W,MARKLAND Driv,,Major Arterial,Etobicoke York,43.633545,-79.57079,At Intersection,Traffic Signal,Clear,Daylight,Dry,Non-Fatal Injury,Turning Movement,Passenger,20 to 24,Major,,,Other,,,,,,,,,,,,Yes,,,,,Yes,,Yes,,,,12,Markland Wood,12,Markland Wood (12),D22,615289.4176,4832164.1805
8035,7412717,1293192,3/15/2012 8:00:00 AM,1733,BLOOR Stre W,MARKLAND Driv,,Major Arterial,Etobicoke York,43.633545,-79.57079,At Intersection,Traffic Signal,Clear,Daylight,Dry,Non-Fatal Injury,Turning Movement,Driver,30 to 34,Major,,East,"Automobile, Station Wagon",Going Ahead,Driving Properly,Normal,,,,,,,,,Yes,,,,,Yes,,Yes,,,,12,Markland Wood,12,Markland Wood (12),D22,615289.4176,4832164.1805
8036,7412718,1293192,3/15/2012 8:00:00 AM,1733,BLOOR Stre W,MARKLAND Driv,,Major Arterial,Etobicoke York,43.633545,-79.57079,At Intersection,Traffic Signal,Clear,Daylight,Dry,Non-Fatal Injury,Turning Movement,Driver,50 to 54,Major,,West,"Automobile, Station Wagon",Turning Left,Failed to Yield Right of Way,Normal,,,,,,,,,Yes,,,,,Yes,,Yes,,,,12,Markland Wood,12,Markland Wood (12),D22,615289.4176,4832164.1805
8037,7411978,1292881,3/16/2012 8:00:00 AM,534,MCCOWAN Rd,ELLESMERE Rd,,Major Arterial,Scarborough,43.771545,-79.25129,,No Control,Clear,"Dark, artificial",Dry,Non-Fatal Injury,Cyclist Collisions,Driver,25 to 29,None,,North,"Automobile, Station Wagon",Going Ahead,Improper Passing,Normal,,,,,,,,Yes,Yes,,,,,,,Yes,,,,142,Woburn North,137,Woburn (137),D43,640739.3643,4847984.41
8038,7411979,1292881,3/16/2012 8:00:00 AM,534,MCCOWAN Rd,ELLESMERE Rd,,Major Arterial,Scarborough,43.771545,-79.25129,,No Control,Clear,"Dark, artificial",Dry,Non-Fatal Injury,Cyclist Collisions,Cyclist,50 to 54,Major,,North,Bicycle,Going Ahead,,,,,,Cyclist and Driver travelling in same direction. One vehicle rear-ended the other.,Driving Properly,Normal,,Yes,Yes,,,,,,,Yes,,,,142,Woburn North,137,Woburn (137),D43,640739.3643,4847984.41
8039,7411988,1292886,3/16/2012 8:00:00 AM,1241,EGLINTON Aven E,BELLAMY Road N,,Major Arterial,Scarborough,43.740245,-79.23209,At Intersection,Traffic Signal,Clear,Daylight,Dry,Non-Fatal Injury,Pedestrian Collisions,Vehicle Owner,unknown,,,,Other,,,,,,,,,,Yes,,Yes,,,,,,,Yes,,,,138,Eglinton East,138,Eglinton East (138),D43,642358.8407,4844540.8791
8040,7411989,1292886,3/16/2012 8:00:00 AM,1241,EGLINTON Aven E,BELLAMY Road N,,Major Arterial,Scarborough,43.740245,-79.23209,At Intersection,Traffic Signal,Clear,Daylight,Dry,Non-Fatal Injury,Pedestrian Collisions,Driver,65 to 69,None,,South,"Automobile, Station Wagon",Turning Right,Failed to Yield Right of Way,Normal,,,,,,,Yes,,Yes,,,,,,,Yes,,,,138,Eglinton East,138,Eglinton East (138),D43,642358.8407,4844540.8791
8041,7411990,1292886,3/16/2012 8:00:00 AM,1241,EGLINTON Aven E,BELLAMY Road N,,Major Arterial,Scarborough,43.740245,-79.23209,At Intersection,Traffic Signal,Clear,Daylight,Dry,Non-Fatal Injury,Pedestrian Collisions,Pedestrian,65 to 69,Major,,South,Other,,,,Vehicle turns right while ped crosses with ROW at inter.,Crossing with right of way,Normal,,,,Yes,,Yes,,,,,,,Yes,,,,138,Eglinton East,138,Eglinton East (138),D43,642358.8407,4844540.8791
8042,7411974,1292879,3/16/2012 8:00:00 AM,1704,MIDDLEFIELD Rd,NASHDENE Rd,,Minor Arterial,Scarborough,43.817145,-79.26089,,No Control,Clear,Daylight,Dry,Non-Fatal Injury,Pedestrian Collisions,Driver,45 to 49,None,,South,"Automobile, Station Wagon",Going Ahead,Driving Properly,Normal,,,,,,,Yes,,Yes,,,,,,,,,,,129,Agincourt North,129,Agincourt North (129),D42,639860.3069,4853032.7461
8043,7411975,1292879,3/16/2012 8:00:00 AM,1704,MIDDLEFIELD Rd,NASHDENE Rd,,Minor Arterial,Scarborough,43.817145,-79.26089,,No Control,Clear,Daylight,Dry,Non-Fatal Injury,Pedestrian Collisions,Pedestrian,25 to 29,Major,,West,Other,,,,Pedestrian hit at mid-block,"Crossing, no Traffic Control",Inattentive,,,,Yes,,Yes,,,,,,,,,,,129,Agincourt North,129,Agincourt North (129),D42,639860.3069,4853032.7461
8044,7394486,1285462,3/17/2012 8:00:00 AM,1020,ROSEDALE VALLEY RD,BAYVIEW AVE,,Major Arterial,Toronto and East York,43.670145,-79.36019,At Intersection,Traffic Signal,Clear,Daylight,Wet,Non-Fatal Injury,Rear End,Vehicle Owner,unknown,,,,Other,,,,,,,,,,,,Yes,,,,,,,Yes,,,,71,Cabbagetown-South St.James Town,71,Cabbagetown-South St.James Town (71),D51,632197.6321,4836543.1329
8045,7394487,1285462,3/17/2012 8:00:00 AM,1020,ROSEDALE VALLEY RD,BAYVIEW AVE,,Major Arterial,Toronto and East York,43.670145,-79.36019,At Intersection,Traffic Signal,Clear,Daylight,Wet,Non-Fatal Injury,Rear End,Driver,30 to 34,None,,East,"Automobile, Station Wagon",Going Ahead,Driving Properly,Normal,,,,,,,,,Yes,,,,,,,Yes,,,,71,Cabbagetown-South St.James Town,71,Cabbagetown-South St.James Town (71),D51,632197.6321,4836543.1329
8046,7394488,1285462,3/17/2012 8:00:00 AM,1020,ROSEDALE VALLEY RD,BAYVIEW AVE,,Major Arterial,Toronto and East York,43.670145,-79.36019,At Intersection,Traffic Signal,Clear,Daylight,Wet,Non-Fatal Injury,Rear End,Driver,40 to 44,Major,,East,"Automobile, Station Wagon",Stopped,Following too Close,Inattentive,,,,,,,,,Yes,,,,,,,Yes,,,,71,Cabbagetown-South St.James Town,71,Cabbagetown-South St.James Town (71),D51,632197.6321,4836543.1329
8047,7393164,1284881,3/18/2012 8:00:00 AM,1604,RATHBURN Road,WEST DEANE PARK Driv,,Minor Arterial,Etobicoke York,43.656545,-79.55759,At Intersection,No Control,Clear,Daylight,Dry,Non-Fatal Injury,Turning Movement,Motorcycle Driver,25 to 29,Major,,West,Motorcycle,Going Ahead,Exceeding Speed Limit,Normal,,,,,,,,,Yes,Yes,,,,,Yes,Yes,,,,11,Eringate-Centennial-West Deane,11,Eringate-Centennial-West Deane (11),D22,616309.8305,4834737.0365
8048,7393165,1284881,3/18/2012 8:00:00 AM,1604,RATHBURN Road,WEST DEANE PARK Driv,,Minor Arterial,Etobicoke York,43.656545,-79.55759,At Intersection,No Control,Clear,Daylight,Dry,Non-Fatal Injury,Turning Movement,Driver,75 to 79,None,,West,"Automobile, Station Wagon",Turning Right,Driving Properly,Normal,,,,,,,,,Yes,Yes,,,,,Yes,Yes,,,,11,Eringate-Centennial-West Deane,11,Eringate-Centennial-West Deane (11),D22,616309.8305,4834737.0365
8049,7412467,1293088,3/18/2012 8:00:00 AM,1810,BLOOR Stre W,LAUREL Aven,,Major Arterial,Etobicoke York,43.638145,-79.55149,At Intersection,No Control,Clear,Daylight,Dry,Non-Fatal Injury,Rear End,Vehicle Owner,unknown,,,,Other,,,,,,,,,,,,Yes,Yes,,,,,Yes,Yes,,,,158,Islington,14,Islington-City Centre West (14),D22,616837.3791,4832702.0523
8050,7412468,1293088,3/18/2012 8:00:00 AM,1810,BLOOR Stre W,LAUREL Aven,,Major Arterial,Etobicoke York,43.638145,-79.55149,At Intersection,No Control,Clear,Daylight,Dry,Non-Fatal Injury,Rear End,Motorcycle Driver,25 to 29,Major,,East,Motorcycle,Going Ahead,Speed too Fast For Condition,Normal,,,,,,,,,Yes,Yes,,,,,Yes,Yes,,,,158,Islington,14,Islington-City Centre West (14),D22,616837.3791,4832702.0523