OBJECTID,INDEX,ACCNUM,DATE,TIME,STREET1,STREET2,OFFSET,ROAD_CLASS,DISTRICT,LATITUDE,LONGITUDE,ACCLOC,TRAFFCTL,VISIBILITY,LIGHT,RDSFCOND,ACCLASS,IMPACTYPE,INVTYPE,INVAGE,INJURY,FATAL_NO,INITDIR,VEHTYPE,MANOEUVER,DRIVACT,DRIVCOND,PEDTYPE,PEDACT,PEDCOND,CYCLISTYPE,CYCACT,CYCCOND,PEDESTRIAN,CYCLIST,AUTOMOBILE,MOTORCYCLE,TRUCK,TRSN_CITY_VEH,EMERG_VEH,PASSENGER,SPEEDING,AG_DRIV,REDLIGHT,ALCOHOL,DISABILITY,HOOD_158,NEIGHBOURHOOD_158,HOOD_140,NEIGHBOURHOOD_140,DIVISION,x,y
8051,7412469,1293088,3/18/2012 8:00:00 AM,1810,BLOOR Stre W,LAUREL Aven,,Major Arterial,Etobicoke York,43.638145,-79.55149,At Intersection,No Control,Clear,Daylight,Dry,Non-Fatal Injury,Rear End,Driver,55 to 59,None,,East,"Automobile, Station Wagon",Stopped,Driving Properly,Normal,,,,,,,,,Yes,Yes,,,,,Yes,Yes,,,,158,Islington,14,Islington-City Centre West (14),D22,616837.3791,4832702.0523
8052,7645014,1284915,3/18/2012 8:00:00 AM,2014,FINCH AVE W,SENTINEL RD,,Major Arterial,Etobicoke York,43.761045,-79.49999,At Intersection,Traffic Signal,Clear,"Dark, artificial",Dry,Non-Fatal Injury,Turning Movement,Vehicle Owner,unknown,,,,Other,,,,,,,,,,,,Yes,,,,,Yes,,,,,,27,York University Heights,27,York University Heights (27),D31,620744.4819,4846425.5607
8053,7645015,1284915,3/18/2012 8:00:00 AM,2014,FINCH AVE W,SENTINEL RD,,Major Arterial,Etobicoke York,43.761045,-79.49999,At Intersection,Traffic Signal,Clear,"Dark, artificial",Dry,Non-Fatal Injury,Turning Movement,Passenger,65 to 69,Major,,,Other,,,,,,,,,,,,Yes,,,,,Yes,,,,,,27,York University Heights,27,York University Heights (27),D31,620744.4819,4846425.5607
8054,7645016,1284915,3/18/2012 8:00:00 AM,2014,FINCH AVE W,SENTINEL RD,,Major Arterial,Etobicoke York,43.761045,-79.49999,At Intersection,Traffic Signal,Clear,"Dark, artificial",Dry,Non-Fatal Injury,Turning Movement,Driver,65 to 69,Minor,,West,"Automobile, Station Wagon",Going Ahead,Driving Properly,Normal,,,,,,,,,Yes,,,,,Yes,,,,,,27,York University Heights,27,York University Heights (27),D31,620744.4819,4846425.5607
8055,7645017,1284915,3/18/2012 8:00:00 AM,2014,FINCH AVE W,SENTINEL RD,,Major Arterial,Etobicoke York,43.761045,-79.49999,At Intersection,Traffic Signal,Clear,"Dark, artificial",Dry,Non-Fatal Injury,Turning Movement,Vehicle Owner,unknown,,,,Other,,,,,,,,,,,,Yes,,,,,Yes,,,,,,27,York University Heights,27,York University Heights (27),D31,620744.4819,4846425.5607
8056,7645018,1284915,3/18/2012 8:00:00 AM,2014,FINCH AVE W,SENTINEL RD,,Major Arterial,Etobicoke York,43.761045,-79.49999,At Intersection,Traffic Signal,Clear,"Dark, artificial",Dry,Non-Fatal Injury,Turning Movement,Driver,25 to 29,None,,East,"Automobile, Station Wagon",Turning Left,Improper Turn,Unknown,,,,,,,,,Yes,,,,,Yes,,,,,,27,York University Heights,27,York University Heights (27),D31,620744.4819,4846425.5607
8057,7393616,1285099,3/19/2012 8:00:00 AM,1834,LEDBURY Stre,WOBURN Aven,,Collector,North York,43.723945,-79.42379,At Intersection,Stop Sign,Clear,Daylight,Dry,Non-Fatal Injury,Pedestrian Collisions,Pedestrian,85 to 89,Major,,East,Other,,,,Vehicle turns left while ped crosses with ROW at inter.,Crossing with right of way,Inattentive,,,,Yes,,Yes,,,,,,,Yes,,,,39,Bedford Park-Nortown,39,Bedford Park-Nortown (39),D32,626956.7087,4842418.9786
8058,7393617,1285099,3/19/2012 8:00:00 AM,1834,LEDBURY Stre,WOBURN Aven,,Collector,North York,43.723945,-79.42379,At Intersection,Stop Sign,Clear,Daylight,Dry,Non-Fatal Injury,Pedestrian Collisions,Driver,50 to 54,None,,East,"Automobile, Station Wagon",Turning Left,Failed to Yield Right of Way,Inattentive,,,,,,,Yes,,Yes,,,,,,,Yes,,,,39,Bedford Park-Nortown,39,Bedford Park-Nortown (39),D32,626956.7087,4842418.9786
8059,7393652,1285114,3/20/2012 8:00:00 AM,114,KING Stre W,PETER Stre,,Major Arterial,Toronto and East York,43.646045,-79.39229,At Intersection,Traffic Signal,Clear,"Dark, artificial",Dry,Non-Fatal Injury,Cyclist Collisions,Vehicle Owner,unknown,,,,Other,,,,,,,,,,,Yes,Yes,,,,,,,,,,,164,Wellington Place,77,Waterfront Communities-The Island (77),D52,629661.6415,4833815.8541
8060,7393653,1285114,3/20/2012 8:00:00 AM,114,KING Stre W,PETER Stre,,Major Arterial,Toronto and East York,43.646045,-79.39229,At Intersection,Traffic Signal,Clear,"Dark, artificial",Dry,Non-Fatal Injury,Cyclist Collisions,Driver,55 to 59,None,,East,"Automobile, Station Wagon",Going Ahead,Driving Properly,Normal,,,,,,,,Yes,Yes,,,,,,,,,,,164,Wellington Place,77,Waterfront Communities-The Island (77),D52,629661.6415,4833815.8541
8061,7393654,1285114,3/20/2012 8:00:00 AM,114,KING Stre W,PETER Stre,,Major Arterial,Toronto and East York,43.646045,-79.39229,At Intersection,Traffic Signal,Clear,"Dark, artificial",Dry,Non-Fatal Injury,Cyclist Collisions,Cyclist,20 to 24,Major,,South,Bicycle,Going Ahead,,,,,,"Cyclist without ROW rides into path of motorist at inter, lnwy, dwy-Cyclist not turn.",Disobeyed Traffic Control,Inattentive,,Yes,Yes,,,,,,,,,,,164,Wellington Place,77,Waterfront Communities-The Island (77),D52,629661.6415,4833815.8541
8062,7413164,1293387,3/20/2012 8:00:00 AM,1025,LAKE SHORE BLVD W,PALACE PIER CRT,,Major Arterial,Etobicoke York,43.632945,-79.47319,,No Control,"Fog, Mist, Smoke, Dust",Daylight,Dry,Non-Fatal Injury,Rear End,Driver,65 to 69,Major,,East,"Automobile, Station Wagon",Going Ahead,Speed too Fast For Condition,Inattentive,,,,,,,,,Yes,,,,,,Yes,Yes,,,,161,Humber Bay Shores,17,Mimico (includes Humber Bay Shores) (17),D22,623163.7654,4832237.7192
8063,7413165,1293387,3/20/2012 8:00:00 AM,1025,LAKE SHORE BLVD W,PALACE PIER CRT,,Major Arterial,Etobicoke York,43.632945,-79.47319,,No Control,"Fog, Mist, Smoke, Dust",Daylight,Dry,Non-Fatal Injury,Rear End,Driver,35 to 39,None,,East,"Automobile, Station Wagon",Disabled,Other,Other,,,,,,,,,Yes,,,,,,Yes,Yes,,,,161,Humber Bay Shores,17,Mimico (includes Humber Bay Shores) (17),D22,623163.7654,4832237.7192
8064,7394207,1285342,3/21/2012 8:00:00 AM,2215,JANE ST,NICKLE ST,,Major Arterial,Etobicoke York,43.691545,-79.50099,,No Control,Clear,"Dark, artificial",Dry,Fatal,Pedestrian Collisions,Driver,55 to 59,None,,South,"Automobile, Station Wagon",Going Ahead,Driving Properly,Normal,,,,,,,Yes,,Yes,,,,,,,,,,,115,Mount Dennis,115,Mount Dennis (115),D12,620803.607,4838705.1421
8065,7394208,1285342,3/21/2012 8:00:00 AM,2215,JANE ST,NICKLE ST,,Major Arterial,Etobicoke York,43.691545,-79.50099,,No Control,Clear,"Dark, artificial",Dry,Fatal,Pedestrian Collisions,Pedestrian,75 to 79,Fatal,9,East,Other,,,,Pedestrian hit at mid-block,"Crossing, no Traffic Control",Normal,,,,Yes,,Yes,,,,,,,,,,,115,Mount Dennis,115,Mount Dennis (115),D12,620803.607,4838705.1421
8066,7413381,1293487,3/22/2012 8:00:00 AM,1825,HUMBERLINE Driv,HOLYOAKE Cres,,Collector,Etobicoke York,43.732245,-79.61379,,No Control,Clear,Daylight,Dry,Non-Fatal Injury,Pedestrian Collisions,Vehicle Owner,unknown,,,,Other,,,,,,,,,,Yes,,,,,Yes,,,,,,,,1,West Humber-Clairville,1,West Humber-Clairville (1),D23,611637.523,4843067.2932
8067,7413382,1293487,3/22/2012 8:00:00 AM,1825,HUMBERLINE Driv,HOLYOAKE Cres,,Collector,Etobicoke York,43.732245,-79.61379,,No Control,Clear,Daylight,Dry,Non-Fatal Injury,Pedestrian Collisions,Driver,50 to 54,None,,West,Municipal Transit Bus (TTC),Going Ahead,Driving Properly,Normal,,,,,,,Yes,,,,,Yes,,,,,,,,1,West Humber-Clairville,1,West Humber-Clairville (1),D23,611637.523,4843067.2932
8068,7413383,1293487,3/22/2012 8:00:00 AM,1825,HUMBERLINE Driv,HOLYOAKE Cres,,Collector,Etobicoke York,43.732245,-79.61379,,No Control,Clear,Daylight,Dry,Non-Fatal Injury,Pedestrian Collisions,Pedestrian,50 to 54,Major,,,Other,,,,Pedestrian involved in a collision with transit vehicle anywhere along roadway,Person Getting on/off Vehicle,"Ability Impaired, Alcohol",,,,Yes,,,,,Yes,,,,,,,,1,West Humber-Clairville,1,West Humber-Clairville (1),D23,611637.523,4843067.2932
8069,7414113,1293779,3/24/2012 8:00:00 AM,921,DUNDAS ST W,BLOOR ST W,,Major Arterial,Toronto and East York,43.65631,-79.452441,At Intersection,Traffic Signal,Clear,Daylight,Dry,Non-Fatal Injury,Turning Movement,Vehicle Owner,unknown,,,,,,,,,,,,,,,,Yes,,Yes,,,,,,,,,86,Roncesvalles,86,Roncesvalles (86),D11,624789.1617,4834863.6963
8070,7414114,1293779,3/24/2012 8:00:00 AM,921,DUNDAS ST W,BLOOR ST W,,Major Arterial,Toronto and East York,43.65631,-79.452441,At Intersection,Traffic Signal,Clear,Daylight,Dry,Non-Fatal Injury,Turning Movement,Truck Driver,45 to 49,Major,,North,Truck-Tractor,Turning Left,Improper Turn,Normal,,,,,,,,,Yes,,Yes,,,,,,,,,86,Roncesvalles,86,Roncesvalles (86),D11,624789.1617,4834863.6963
8071,7414115,1293779,3/24/2012 8:00:00 AM,921,DUNDAS ST W,BLOOR ST W,,Major Arterial,Toronto and East York,43.65631,-79.452441,At Intersection,Traffic Signal,Clear,Daylight,Dry,Non-Fatal Injury,Turning Movement,Driver,40 to 44,Minor,,North,"Automobile, Station Wagon",Going Ahead,Driving Properly,Normal,,,,,,,,,Yes,,Yes,,,,,,,,,86,Roncesvalles,86,Roncesvalles (86),D11,624789.1617,4834863.6963
8072,7414116,1293779,3/24/2012 8:00:00 AM,921,DUNDAS ST W,BLOOR ST W,,Major Arterial,Toronto and East York,43.65631,-79.452441,At Intersection,Traffic Signal,Clear,Daylight,Dry,Non-Fatal Injury,Turning Movement,Other,unknown,None,,,,,,,,,,,,,,,Yes,,Yes,,,,,,,,,86,Roncesvalles,86,Roncesvalles (86),D11,624789.1617,4834863.6963
8073,7416200,1294734,3/28/2012 8:00:00 AM,15,FRONT Stre W,SIMCOE Stre,,Minor Arterial,Toronto and East York,43.644745,-79.38499,At Intersection,Traffic Signal,Clear,"Dark, artificial",Dry,Non-Fatal Injury,Pedestrian Collisions,Driver,20 to 24,Minor,,West,"Automobile, Station Wagon",Turning Left,Failed to Yield Right of Way,Inattentive,,,,,,,Yes,,Yes,,,,,,,Yes,,,,165,Harbourfront-CityPlace,77,Waterfront Communities-The Island (77),D52,630253.2016,4833682.9034
8074,7416201,1294734,3/28/2012 8:00:00 AM,15,FRONT Stre W,SIMCOE Stre,,Minor Arterial,Toronto and East York,43.644745,-79.38499,At Intersection,Traffic Signal,Clear,"Dark, artificial",Dry,Non-Fatal Injury,Pedestrian Collisions,Vehicle Owner,unknown,,,,Other,,,,,,,,,,Yes,,Yes,,,,,,,Yes,,,,165,Harbourfront-CityPlace,77,Waterfront Communities-The Island (77),D52,630253.2016,4833682.9034
8075,7416202,1294734,3/28/2012 8:00:00 AM,15,FRONT Stre W,SIMCOE Stre,,Minor Arterial,Toronto and East York,43.644745,-79.38499,At Intersection,Traffic Signal,Clear,"Dark, artificial",Dry,Non-Fatal Injury,Pedestrian Collisions,Driver,45 to 49,None,,East,"Automobile, Station Wagon",Going Ahead,Driving Properly,Normal,,,,,,,Yes,,Yes,,,,,,,Yes,,,,165,Harbourfront-CityPlace,77,Waterfront Communities-The Island (77),D52,630253.2016,4833682.9034
8076,7416203,1294734,3/28/2012 8:00:00 AM,15,FRONT Stre W,SIMCOE Stre,,Minor Arterial,Toronto and East York,43.644745,-79.38499,At Intersection,Traffic Signal,Clear,"Dark, artificial",Dry,Non-Fatal Injury,Pedestrian Collisions,Pedestrian,20 to 24,Major,,,Other,,,,Pedestrian hit on sidewalk or shoulder,On Sidewalk or Shoulder,Normal,,,,Yes,,Yes,,,,,,,Yes,,,,165,Harbourfront-CityPlace,77,Waterfront Communities-The Island (77),D52,630253.2016,4833682.9034
8077,7409450,1291846,3/28/2012 8:00:00 AM,952,DUNDAS Stre W,SHAW Stre,,Major Arterial,Toronto and East York,43.649844,-79.418292,At Intersection,Traffic Signal,Clear,Daylight,Dry,Non-Fatal Injury,Cyclist Collisions,Driver,unknown,None,,Unknown,"Automobile, Station Wagon",Unknown,Other,Unknown,,,,,,,,Yes,Yes,,,,,,,,,,,81,Trinity-Bellwoods,81,Trinity-Bellwoods (81),D14,627556.5199,4834197.4864
8078,7409451,1291846,3/28/2012 8:00:00 AM,952,DUNDAS Stre W,SHAW Stre,,Major Arterial,Toronto and East York,43.649844,-79.418292,At Intersection,Traffic Signal,Clear,Daylight,Dry,Non-Fatal Injury,Cyclist Collisions,Cyclist,30 to 34,Major,,East,Bicycle,Going Ahead,,,,,,Insufficient information (to determine cyclist crash type).,Other,Unknown,,Yes,Yes,,,,,,,,,,,81,Trinity-Bellwoods,81,Trinity-Bellwoods (81),D14,627556.5199,4834197.4864
8079,7416899,1295059,3/28/2012 8:00:00 AM,1043,LANSDOWNE Aven,WHYTOCK Aven,,Minor Arterial,Toronto and East York,43.653845,-79.44119,At Intersection,Stop Sign,Clear,Daylight,Dry,Non-Fatal Injury,Turning Movement,Vehicle Owner,unknown,,,,Other,,,,,,,,,,,,Yes,,,,,,,Yes,,,,83,Dufferin Grove,83,Dufferin Grove (83),D11,625701.5503,4834606.9079
8080,7416900,1295059,3/28/2012 8:00:00 AM,1043,LANSDOWNE Aven,WHYTOCK Aven,,Minor Arterial,Toronto and East York,43.653845,-79.44119,At Intersection,Stop Sign,Clear,Daylight,Dry,Non-Fatal Injury,Turning Movement,Driver,15 to 19,Minor,,South,"Automobile, Station Wagon",Going Ahead,Driving Properly,Normal,,,,,,,,,Yes,,,,,,,Yes,,,,83,Dufferin Grove,83,Dufferin Grove (83),D11,625701.5503,4834606.9079
8081,7416901,1295059,3/28/2012 8:00:00 AM,1043,LANSDOWNE Aven,WHYTOCK Aven,,Minor Arterial,Toronto and East York,43.653845,-79.44119,At Intersection,Stop Sign,Clear,Daylight,Dry,Non-Fatal Injury,Turning Movement,Driver,70 to 74,Major,,East,"Automobile, Station Wagon",Turning Left,Failed to Yield Right of Way,Normal,,,,,,,,,Yes,,,,,,,Yes,,,,83,Dufferin Grove,83,Dufferin Grove (83),D11,625701.5503,4834606.9079
8082,7417618,1295374,3/29/2012 8:00:00 AM,1655,WESTLAKE AVE,DANFORTH AVE,,Major Arterial,Toronto and East York,43.687445,-79.30499,,Traffic Signal,Clear,Daylight,Dry,Non-Fatal Injury,Pedestrian Collisions,Driver,45 to 49,None,,South,"Automobile, Station Wagon",Turning Right,Improper Turn,Normal,,,,,,,Yes,,Yes,,,,,,,,,,,62,East End-Danforth,62,East End-Danforth (62),D55,636608.5103,4838553.9879
8083,7417619,1295374,3/29/2012 8:00:00 AM,1655,WESTLAKE AVE,DANFORTH AVE,,Major Arterial,Toronto and East York,43.687445,-79.30499,,Traffic Signal,Clear,Daylight,Dry,Non-Fatal Injury,Pedestrian Collisions,Pedestrian,70 to 74,Major,,Unknown,Other,,,,Vehicle turns right while ped crosses with ROW at inter.,Crossing with right of way,Normal,,,,Yes,,Yes,,,,,,,,,,,62,East End-Danforth,62,East End-Danforth (62),D55,636608.5103,4838553.9879
8084,7417505,1295331,3/30/2012 8:00:00 AM,1330,OLD MILL TRL,BLOOR ST W,,Major Arterial,Etobicoke York,43.649645,-79.49539,,Traffic Signal,Clear,Daylight,Dry,Non-Fatal Injury,Pedestrian Collisions,Driver,40 to 44,None,,South,"Automobile, Station Wagon",Reversing,Other,Normal,,,,,,,Yes,,Yes,,,,,,,,,,,15,Kingsway South,15,Kingsway South (15),D22,621339.3114,4834059.7676
8085,7417506,1295331,3/30/2012 8:00:00 AM,1330,OLD MILL TRL,BLOOR ST W,,Major Arterial,Etobicoke York,43.649645,-79.49539,,Traffic Signal,Clear,Daylight,Dry,Non-Fatal Injury,Pedestrian Collisions,Pedestrian,90 to 94,Major,,East,Other,,,,Vehicle is reversing and hits pedestrian,Other,Normal,,,,Yes,,Yes,,,,,,,,,,,15,Kingsway South,15,Kingsway South (15),D22,621339.3114,4834059.7676
8086,7401515,1288494,3/31/2012 8:00:00 AM,125,QUEEN ST W,JOHN ST,,Major Arterial,Toronto and East York,43.649845,-79.39109,At Intersection,Traffic Signal,Clear,"Dark, artificial",Dry,Non-Fatal Injury,Pedestrian Collisions,Driver,unknown,None,,West,"Automobile, Station Wagon",Going Ahead,Driving Properly,Unknown,,,,,,,Yes,,Yes,,,,,,,,,,,164,Wellington Place,77,Waterfront Communities-The Island (77),D52,629750.2402,4834239.7692
8087,7401516,1288494,3/31/2012 8:00:00 AM,125,QUEEN ST W,JOHN ST,,Major Arterial,Toronto and East York,43.649845,-79.39109,At Intersection,Traffic Signal,Clear,"Dark, artificial",Dry,Non-Fatal Injury,Pedestrian Collisions,Pedestrian,20 to 24,Major,,North,Other,,,,Vehicle is going straight thru inter.while ped cross without ROW,Crossing without right of way,Had Been Drinking,,,,Yes,,Yes,,,,,,,,,,,164,Wellington Place,77,Waterfront Communities-The Island (77),D52,629750.2402,4834239.7692
8088,7417729,1295424,3/31/2012 8:00:00 AM,1700,97 PROGRESS Ave,,,Minor Arterial,Scarborough,43.771945,-79.27569,,No Control,Clear,Daylight,Dry,Non-Fatal Injury,Rear End,Motorcycle Driver,25 to 29,Major,,East,Motorcycle,Slowing or Stopping,Lost control,Normal,,,,,,,,,Yes,Yes,,,,,,,,,,126,Dorset Park,126,Dorset Park (126),D41,638774.6603,4847987.6501
8089,7417730,1295424,3/31/2012 8:00:00 AM,1700,97 PROGRESS Ave,,,Minor Arterial,Scarborough,43.771945,-79.27569,,No Control,Clear,Daylight,Dry,Non-Fatal Injury,Rear End,Driver,30 to 34,None,,East,"Automobile, Station Wagon",Stopped,Driving Properly,Normal,,,,,,,,,Yes,Yes,,,,,,,,,,126,Dorset Park,126,Dorset Park (126),D41,638774.6603,4847987.6501
8090,7418121,1295588,4/1/2012 8:00:00 AM,510,MCCOWAN RD,FINCH AVE E,,Major Arterial,Scarborough,43.811245,-79.26899,,No Control,Drifting Snow,"Dark, artificial",Wet,Non-Fatal Injury,Approaching,Driver,45 to 49,Minimal,,South,"Automobile, Station Wagon",Going Ahead,Driving Properly,Normal,,,,,,,,,Yes,,,,,,,,,Yes,,129,Agincourt North,129,Agincourt North (129),D42,639222.6033,4852363.7928
8091,7418122,1295588,4/1/2012 8:00:00 AM,510,MCCOWAN RD,FINCH AVE E,,Major Arterial,Scarborough,43.811245,-79.26899,,No Control,Drifting Snow,"Dark, artificial",Wet,Non-Fatal Injury,Approaching,Vehicle Owner,unknown,,,,Other,,,,,,,,,,,,Yes,,,,,,,,,Yes,,129,Agincourt North,129,Agincourt North (129),D42,639222.6033,4852363.7928
8092,7418123,1295588,4/1/2012 8:00:00 AM,510,MCCOWAN RD,FINCH AVE E,,Major Arterial,Scarborough,43.811245,-79.26899,,No Control,Drifting Snow,"Dark, artificial",Wet,Non-Fatal Injury,Approaching,Driver,35 to 39,Major,,North,"Automobile, Station Wagon",Going Ahead,Lost control,"Ability Impaired, Alcohol Over .08",,,,,,,,,Yes,,,,,,,,,Yes,,129,Agincourt North,129,Agincourt North (129),D42,639222.6033,4852363.7928
8093,7418233,1295639,4/1/2012 8:00:00 AM,829,LANSDOWNE Ave,PATON RD,,Minor Arterial,Toronto and East York,43.660645,-79.44359,At Intersection,Pedestrian Crossover,Clear,Daylight,Wet,Non-Fatal Injury,Angle,Vehicle Owner,unknown,,,,Other,,,,,,,,,,,,Yes,,,,,Yes,,Yes,,,,171,Junction-Wallace Emerson,93,Dovercourt-Wallace Emerson-Junction (93),D11,625493.8476,4835358.504
8094,7418234,1295639,4/1/2012 8:00:00 AM,829,LANSDOWNE Ave,PATON RD,,Minor Arterial,Toronto and East York,43.660645,-79.44359,At Intersection,Pedestrian Crossover,Clear,Daylight,Wet,Non-Fatal Injury,Angle,Passenger,unknown,None,,,Other,,,,,,,,,,,,Yes,,,,,Yes,,Yes,,,,171,Junction-Wallace Emerson,93,Dovercourt-Wallace Emerson-Junction (93),D11,625493.8476,4835358.504
8095,7418235,1295639,4/1/2012 8:00:00 AM,829,LANSDOWNE Ave,PATON RD,,Minor Arterial,Toronto and East York,43.660645,-79.44359,At Intersection,Pedestrian Crossover,Clear,Daylight,Wet,Non-Fatal Injury,Angle,Driver,70 to 74,None,,East,Taxi,Going Ahead,Failed to Yield Right of Way,Normal,,,,,,,,,Yes,,,,,Yes,,Yes,,,,171,Junction-Wallace Emerson,93,Dovercourt-Wallace Emerson-Junction (93),D11,625493.8476,4835358.504
8096,7418236,1295639,4/1/2012 8:00:00 AM,829,LANSDOWNE Ave,PATON RD,,Minor Arterial,Toronto and East York,43.660645,-79.44359,At Intersection,Pedestrian Crossover,Clear,Daylight,Wet,Non-Fatal Injury,Angle,Vehicle Owner,unknown,,,,Other,,,,,,,,,,,,Yes,,,,,Yes,,Yes,,,,171,Junction-Wallace Emerson,93,Dovercourt-Wallace Emerson-Junction (93),D11,625493.8476,4835358.504
8097,7418237,1295639,4/1/2012 8:00:00 AM,829,LANSDOWNE Ave,PATON RD,,Minor Arterial,Toronto and East York,43.660645,-79.44359,At Intersection,Pedestrian Crossover,Clear,Daylight,Wet,Non-Fatal Injury,Angle,Driver,55 to 59,Major,,South,"Automobile, Station Wagon",Going Ahead,Driving Properly,Normal,,,,,,,,,Yes,,,,,Yes,,Yes,,,,171,Junction-Wallace Emerson,93,Dovercourt-Wallace Emerson-Junction (93),D11,625493.8476,4835358.504
8098,7541976,1286941,4/2/2012 8:00:00 AM,555,FINCH AVE W,DRIFTWOOD AVE,,Major Arterial,Etobicoke York,43.758245,-79.51239,,No Control,Clear,"Dawn, artificial",Dry,Fatal,Pedestrian Collisions,Driver,40 to 44,None,,East,"Automobile, Station Wagon",Going Ahead,Driving Properly,Normal,,,,,,,Yes,,Yes,,,,,,,,,,,25,Glenfield-Jane Heights,25,Glenfield-Jane Heights (25),D31,619751.9122,4846096.5758
8099,7541977,1286941,4/2/2012 8:00:00 AM,555,FINCH AVE W,DRIFTWOOD AVE,,Major Arterial,Etobicoke York,43.758245,-79.51239,,No Control,Clear,"Dawn, artificial",Dry,Fatal,Pedestrian Collisions,Pedestrian,45 to 49,Fatal,8,North,Other,,,,Pedestrian hit at mid-block,"Crossing, no Traffic Control",Unknown,,,,Yes,,Yes,,,,,,,,,,,25,Glenfield-Jane Heights,25,Glenfield-Jane Heights (25),D31,619751.9122,4846096.5758
8100,7645102,1296056,4/2/2012 8:00:00 AM,1010,QUEEN St E,JONES Ave,,Minor Arterial,Toronto and East York,43.662644,-79.332789,At Intersection,Traffic Signal,Clear,Daylight,Dry,Non-Fatal Injury,Pedestrian Collisions,Vehicle Owner,unknown,,,,Other,,,,,,,,,,Yes,,Yes,,,,,,,Yes,,,,70,South Riverdale,70,South Riverdale (70),D55,634423.4034,4835754.0778
8101,7645103,1296056,4/2/2012 8:00:00 AM,1010,QUEEN St E,JONES Ave,,Minor Arterial,Toronto and East York,43.662644,-79.332789,At Intersection,Traffic Signal,Clear,Daylight,Dry,Non-Fatal Injury,Pedestrian Collisions,Driver,30 to 34,None,,South,"Automobile, Station Wagon",Turning Left,Failed to Yield Right of Way,Normal,,,,,,,Yes,,Yes,,,,,,,Yes,,,,70,South Riverdale,70,South Riverdale (70),D55,634423.4034,4835754.0778
8102,7645104,1296056,4/2/2012 8:00:00 AM,1010,QUEEN St E,JONES Ave,,Minor Arterial,Toronto and East York,43.662644,-79.332789,At Intersection,Traffic Signal,Clear,Daylight,Dry,Non-Fatal Injury,Pedestrian Collisions,Pedestrian,75 to 79,Major,,North,Other,,,,Vehicle turns left while ped crosses with ROW at inter.,Crossing with right of way,Normal,,,,Yes,,Yes,,,,,,,Yes,,,,70,South Riverdale,70,South Riverdale (70),D55,634423.4034,4835754.0778
8103,7419158,1296063,4/2/2012 8:00:00 AM,1520,COMSTOCK Rd,WARDEN Ave,,Major Arterial,Scarborough,43.721545,-79.28499,At Intersection,Traffic Signal,Clear,Daylight,Dry,Non-Fatal Injury,Turning Movement,Vehicle Owner,unknown,,,,Other,,,,,,,,,,,,Yes,Yes,,,,,,Yes,,,,120,Clairlea-Birchmount,120,Clairlea-Birchmount (120),D41,638142.069,4842374.4239
8104,7419159,1296063,4/2/2012 8:00:00 AM,1520,COMSTOCK Rd,WARDEN Ave,,Major Arterial,Scarborough,43.721545,-79.28499,At Intersection,Traffic Signal,Clear,Daylight,Dry,Non-Fatal Injury,Turning Movement,Driver,45 to 49,None,,West,"Automobile, Station Wagon",Turning Left,Failed to Yield Right of Way,Normal,,,,,,,,,Yes,Yes,,,,,,Yes,,,,120,Clairlea-Birchmount,120,Clairlea-Birchmount (120),D41,638142.069,4842374.4239
8105,7419160,1296063,4/2/2012 8:00:00 AM,1520,COMSTOCK Rd,WARDEN Ave,,Major Arterial,Scarborough,43.721545,-79.28499,At Intersection,Traffic Signal,Clear,Daylight,Dry,Non-Fatal Injury,Turning Movement,Vehicle Owner,unknown,,,,Other,,,,,,,,,,,,Yes,Yes,,,,,,Yes,,,,120,Clairlea-Birchmount,120,Clairlea-Birchmount (120),D41,638142.069,4842374.4239
8106,7419161,1296063,4/2/2012 8:00:00 AM,1520,COMSTOCK Rd,WARDEN Ave,,Major Arterial,Scarborough,43.721545,-79.28499,At Intersection,Traffic Signal,Clear,Daylight,Dry,Non-Fatal Injury,Turning Movement,Motorcycle Driver,25 to 29,Major,,East,Motorcycle,Going Ahead,Driving Properly,Normal,,,,,,,,,Yes,Yes,,,,,,Yes,,,,120,Clairlea-Birchmount,120,Clairlea-Birchmount (120),D41,638142.069,4842374.4239
8107,7559313,1287084,4/3/2012 8:00:00 AM,230,MOUNT PLEASANT RD,STIBBARD AVE,,Major Arterial,North York,43.716945,-79.39359,,No Control,Clear,Dark,Dry,Fatal,SMV Other,Passenger,20 to 24,Fatal,7,,Other,,,,,,,,,,,,Yes,,,,,Yes,Yes,Yes,,Yes,,99,Mount Pleasant East,99,Mount Pleasant East (99),D53,629404.2768,4841688.2362
8108,7559314,1287084,4/3/2012 8:00:00 AM,230,MOUNT PLEASANT RD,STIBBARD AVE,,Major Arterial,North York,43.716945,-79.39359,,No Control,Clear,Dark,Dry,Fatal,SMV Other,Vehicle Owner,unknown,,,,Other,,,,,,,,,,,,Yes,,,,,Yes,Yes,Yes,,Yes,,99,Mount Pleasant East,99,Mount Pleasant East (99),D53,629404.2768,4841688.2362
8109,7559315,1287084,4/3/2012 8:00:00 AM,230,MOUNT PLEASANT RD,STIBBARD AVE,,Major Arterial,North York,43.716945,-79.39359,,No Control,Clear,Dark,Dry,Fatal,SMV Other,Driver,15 to 19,Minimal,,South,"Automobile, Station Wagon",Going Ahead,Exceeding Speed Limit,"Ability Impaired, Alcohol Over .08",,,,,,,,,Yes,,,,,Yes,Yes,Yes,,Yes,,99,Mount Pleasant East,99,Mount Pleasant East (99),D53,629404.2768,4841688.2362