OBJECTID,INDEX,ACCNUM,DATE,TIME,STREET1,STREET2,OFFSET,ROAD_CLASS,DISTRICT,LATITUDE,LONGITUDE,ACCLOC,TRAFFCTL,VISIBILITY,LIGHT,RDSFCOND,ACCLASS,IMPACTYPE,INVTYPE,INVAGE,INJURY,FATAL_NO,INITDIR,VEHTYPE,MANOEUVER,DRIVACT,DRIVCOND,PEDTYPE,PEDACT,PEDCOND,CYCLISTYPE,CYCACT,CYCCOND,PEDESTRIAN,CYCLIST,AUTOMOBILE,MOTORCYCLE,TRUCK,TRSN_CITY_VEH,EMERG_VEH,PASSENGER,SPEEDING,AG_DRIV,REDLIGHT,ALCOHOL,DISABILITY,HOOD_158,NEIGHBOURHOOD_158,HOOD_140,NEIGHBOURHOOD_140,DIVISION,x,y
8110,7559316,1287084,4/3/2012 8:00:00 AM,230,MOUNT PLEASANT RD,STIBBARD AVE,,Major Arterial,North York,43.716945,-79.39359,,No Control,Clear,Dark,Dry,Fatal,SMV Other,Other Property Owner,unknown,,,,Other,,,,,,,,,,,,Yes,,,,,Yes,Yes,Yes,,Yes,,99,Mount Pleasant East,99,Mount Pleasant East (99),D53,629404.2768,4841688.2362
8111,7420674,1296711,4/5/2012 8:00:00 AM,340,UNIVERSITY AVE,ADELAIDE ST W,,Major Arterial,Toronto and East York,43.648845,-79.38559,At Intersection,Traffic Signal,Clear,"Dark, artificial",Dry,Non-Fatal Injury,Angle,Vehicle Owner,unknown,,,,Other,,,,,,,,,,,,Yes,,Yes,,,Yes,,Yes,Yes,,,170,Yonge-Bay Corridor,76,Bay Street Corridor (76),D52,630195.952,4834137.3203
8112,7420675,1296711,4/5/2012 8:00:00 AM,340,UNIVERSITY AVE,ADELAIDE ST W,,Major Arterial,Toronto and East York,43.648845,-79.38559,At Intersection,Traffic Signal,Clear,"Dark, artificial",Dry,Non-Fatal Injury,Angle,Vehicle Owner,unknown,,,,Other,,,,,,,,,,,,Yes,,Yes,,,Yes,,Yes,Yes,,,170,Yonge-Bay Corridor,76,Bay Street Corridor (76),D52,630195.952,4834137.3203
8113,7420676,1296711,4/5/2012 8:00:00 AM,340,UNIVERSITY AVE,ADELAIDE ST W,,Major Arterial,Toronto and East York,43.648845,-79.38559,At Intersection,Traffic Signal,Clear,"Dark, artificial",Dry,Non-Fatal Injury,Angle,Truck Driver,50 to 54,None,,South,Truck - Open,Going Ahead,Disobeyed Traffic Control,Inattentive,,,,,,,,,Yes,,Yes,,,Yes,,Yes,Yes,,,170,Yonge-Bay Corridor,76,Bay Street Corridor (76),D52,630195.952,4834137.3203
8114,7420677,1296711,4/5/2012 8:00:00 AM,340,UNIVERSITY AVE,ADELAIDE ST W,,Major Arterial,Toronto and East York,43.648845,-79.38559,At Intersection,Traffic Signal,Clear,"Dark, artificial",Dry,Non-Fatal Injury,Angle,Passenger,25 to 29,Minimal,,,Other,,,,,,,,,,,,Yes,,Yes,,,Yes,,Yes,Yes,,,170,Yonge-Bay Corridor,76,Bay Street Corridor (76),D52,630195.952,4834137.3203
8115,7420678,1296711,4/5/2012 8:00:00 AM,340,UNIVERSITY AVE,ADELAIDE ST W,,Major Arterial,Toronto and East York,43.648845,-79.38559,At Intersection,Traffic Signal,Clear,"Dark, artificial",Dry,Non-Fatal Injury,Angle,Passenger,35 to 39,Major,,,Other,,,,,,,,,,,,Yes,,Yes,,,Yes,,Yes,Yes,,,170,Yonge-Bay Corridor,76,Bay Street Corridor (76),D52,630195.952,4834137.3203
8116,7420679,1296711,4/5/2012 8:00:00 AM,340,UNIVERSITY AVE,ADELAIDE ST W,,Major Arterial,Toronto and East York,43.648845,-79.38559,At Intersection,Traffic Signal,Clear,"Dark, artificial",Dry,Non-Fatal Injury,Angle,Driver,45 to 49,Minimal,,East,"Automobile, Station Wagon",Going Ahead,Driving Properly,Normal,,,,,,,,,Yes,,Yes,,,Yes,,Yes,Yes,,,170,Yonge-Bay Corridor,76,Bay Street Corridor (76),D52,630195.952,4834137.3203
8117,7559382,1296775,4/5/2012 8:00:00 AM,1815,DOVERCOURT RD,NORTHUMBERLAND ST,,Minor Arterial,Toronto and East York,43.662245,-79.42969,At Intersection,Stop Sign,Clear,Daylight,Dry,Non-Fatal Injury,Pedestrian Collisions,Driver,50 to 54,None,,South,"Automobile, Station Wagon",Reversing,Other,Normal,,,,,,,Yes,,Yes,,,,,,,,,,,172,Dovercourt Village,93,Dovercourt-Wallace Emerson-Junction (93),D14,626611.2567,4835557.3231
8118,7559383,1296775,4/5/2012 8:00:00 AM,1815,DOVERCOURT RD,NORTHUMBERLAND ST,,Minor Arterial,Toronto and East York,43.662245,-79.42969,At Intersection,Stop Sign,Clear,Daylight,Dry,Non-Fatal Injury,Pedestrian Collisions,Pedestrian,85 to 89,Major,,East,Other,,,,Vehicle is reversing and hits pedestrian,Other,Normal,,,,Yes,,Yes,,,,,,,,,,,172,Dovercourt Village,93,Dovercourt-Wallace Emerson-Junction (93),D14,626611.2567,4835557.3231
8119,7468291,1316760,4/7/2012 8:00:00 AM,1250,STEELES AVE W,MURRAY ROSS PKWY,,Major Arterial,Etobicoke York,43.776345,-79.51699,At Intersection,Traffic Signal,Clear,Daylight,Dry,Non-Fatal Injury,Rear End,Driver,75 to 79,Minor,,West,"Automobile, Station Wagon",Going Ahead,Following too Close,Normal,,,,,,,,,Yes,,,,,Yes,,Yes,,,,27,York University Heights,27,York University Heights (27),D31,619345.6109,4848100.2098
8120,7468292,1316760,4/7/2012 8:00:00 AM,1250,STEELES AVE W,MURRAY ROSS PKWY,,Major Arterial,Etobicoke York,43.776345,-79.51699,At Intersection,Traffic Signal,Clear,Daylight,Dry,Non-Fatal Injury,Rear End,Passenger,45 to 49,Major,,,Other,,,,,,,,,,,,Yes,,,,,Yes,,Yes,,,,27,York University Heights,27,York University Heights (27),D31,619345.6109,4848100.2098
8121,7468293,1316760,4/7/2012 8:00:00 AM,1250,STEELES AVE W,MURRAY ROSS PKWY,,Major Arterial,Etobicoke York,43.776345,-79.51699,At Intersection,Traffic Signal,Clear,Daylight,Dry,Non-Fatal Injury,Rear End,Vehicle Owner,unknown,,,,Other,,,,,,,,,,,,Yes,,,,,Yes,,Yes,,,,27,York University Heights,27,York University Heights (27),D31,619345.6109,4848100.2098
8122,7468294,1316760,4/7/2012 8:00:00 AM,1250,STEELES AVE W,MURRAY ROSS PKWY,,Major Arterial,Etobicoke York,43.776345,-79.51699,At Intersection,Traffic Signal,Clear,Daylight,Dry,Non-Fatal Injury,Rear End,Driver,50 to 54,Major,,West,"Automobile, Station Wagon",Slowing or Stopping,Driving Properly,Normal,,,,,,,,,Yes,,,,,Yes,,Yes,,,,27,York University Heights,27,York University Heights (27),D31,619345.6109,4848100.2098
8123,7422373,1297456,4/7/2012 8:00:00 AM,2043,KINGSTON RD,VALHALLA BLVD,,Major Arterial,Scarborough,43.689433,-79.268268,At Intersection,No Control,Clear,"Dusk, artificial",Dry,Non-Fatal Injury,Turning Movement,Motorcycle Driver,30 to 34,Major,,East,Motorcycle,Going Ahead,Driving Properly,Normal,,,,,,,,,Yes,Yes,,,,,,Yes,,Yes,,122,Birchcliffe-Cliffside,122,Birchcliffe-Cliffside (122),D41,639563.5268,4838835.9338
8124,7422374,1297456,4/7/2012 8:00:00 AM,2043,KINGSTON RD,VALHALLA BLVD,,Major Arterial,Scarborough,43.689433,-79.268268,At Intersection,No Control,Clear,"Dusk, artificial",Dry,Non-Fatal Injury,Turning Movement,Driver,50 to 54,None,,West,"Automobile, Station Wagon",Turning Left,Failed to Yield Right of Way,"Ability Impaired, Alcohol",,,,,,,,,Yes,Yes,,,,,,Yes,,Yes,,122,Birchcliffe-Cliffside,122,Birchcliffe-Cliffside (122),D41,639563.5268,4838835.9338
8125,7514455,1297568,4/10/2012 8:00:00 AM,1435,YONGE ST,NORTHTOWN WAY,,Major Arterial,North York,43.775245,-79.41439,,No Control,Clear,Daylight,Dry,Non-Fatal Injury,Pedestrian Collisions,Driver,35 to 39,None,,North,"Automobile, Station Wagon",Going Ahead,Driving Properly,Normal,,,,,,,Yes,,Yes,,,,,,,,,,,151,Yonge-Doris,51,Willowdale East (51),D32,627604.7814,4848131.0469
8126,7514456,1297568,4/10/2012 8:00:00 AM,1435,YONGE ST,NORTHTOWN WAY,,Major Arterial,North York,43.775245,-79.41439,,No Control,Clear,Daylight,Dry,Non-Fatal Injury,Pedestrian Collisions,Pedestrian,25 to 29,Major,,East,Other,,,,Pedestrian hit at mid-block,Running onto Roadway,Normal,,,,Yes,,Yes,,,,,,,,,,,151,Yonge-Doris,51,Willowdale East (51),D32,627604.7814,4848131.0469
8127,7401168,1288324,4/11/2012 8:00:00 AM,1048,EGLINTON AVE W,CALEDONIA RD,,Major Arterial,North York,43.693045,-79.46219,,Traffic Signal,Clear,Daylight,Dry,Non-Fatal Injury,Pedestrian Collisions,Truck Driver,25 to 29,None,,East,Truck - Open,Turning Right,Failed to Yield Right of Way,Inattentive,,,,,,,Yes,,,,Yes,,,,,Yes,,,,108,Briar Hill-Belgravia,108,Briar Hill-Belgravia (108),D13,623927.3951,4838928.9929
8128,7401169,1288324,4/11/2012 8:00:00 AM,1048,EGLINTON AVE W,CALEDONIA RD,,Major Arterial,North York,43.693045,-79.46219,,Traffic Signal,Clear,Daylight,Dry,Non-Fatal Injury,Pedestrian Collisions,Vehicle Owner,unknown,,,,Other,,,,,,,,,,Yes,,,,Yes,,,,,Yes,,,,108,Briar Hill-Belgravia,108,Briar Hill-Belgravia (108),D13,623927.3951,4838928.9929
8129,7401170,1288324,4/11/2012 8:00:00 AM,1048,EGLINTON AVE W,CALEDONIA RD,,Major Arterial,North York,43.693045,-79.46219,,Traffic Signal,Clear,Daylight,Dry,Non-Fatal Injury,Pedestrian Collisions,Wheelchair,75 to 79,Major,,North,Other,,,,Vehicle turns right while ped crosses with ROW at inter.,Crossing with right of way,Normal,,,,Yes,,,,Yes,,,,,Yes,,,,108,Briar Hill-Belgravia,108,Briar Hill-Belgravia (108),D13,623927.3951,4838928.9929
8130,7423591,1297963,4/13/2012 8:00:00 AM,1624,COXWELL Ave,COSBURN Ave,,Minor Arterial,Toronto and East York,43.693545,-79.32779,,No Control,Clear,Daylight,Dry,Non-Fatal Injury,Pedestrian Collisions,Vehicle Owner,unknown,,,,Other,,,,,,,,,,Yes,,Yes,,,,,,,,,,,59,Danforth East York,59,Danforth East York (59),D55,634757.2722,4839194.1708
8131,7423592,1297963,4/13/2012 8:00:00 AM,1624,COXWELL Ave,COSBURN Ave,,Minor Arterial,Toronto and East York,43.693545,-79.32779,,No Control,Clear,Daylight,Dry,Non-Fatal Injury,Pedestrian Collisions,Vehicle Owner,unknown,,,,Other,,,,,,,,,,Yes,,Yes,,,,,,,,,,,59,Danforth East York,59,Danforth East York (59),D55,634757.2722,4839194.1708
8132,7423593,1297963,4/13/2012 8:00:00 AM,1624,COXWELL Ave,COSBURN Ave,,Minor Arterial,Toronto and East York,43.693545,-79.32779,,No Control,Clear,Daylight,Dry,Non-Fatal Injury,Pedestrian Collisions,Vehicle Owner,unknown,,,,Other,,,,,,,,,,Yes,,Yes,,,,,,,,,,,59,Danforth East York,59,Danforth East York (59),D55,634757.2722,4839194.1708
8133,7423594,1297963,4/13/2012 8:00:00 AM,1624,COXWELL Ave,COSBURN Ave,,Minor Arterial,Toronto and East York,43.693545,-79.32779,,No Control,Clear,Daylight,Dry,Non-Fatal Injury,Pedestrian Collisions,Driver,50 to 54,None,,South,"Automobile, Station Wagon",Going Ahead,Lost control,Inattentive,,,,,,,Yes,,Yes,,,,,,,,,,,59,Danforth East York,59,Danforth East York (59),D55,634757.2722,4839194.1708
8134,7423595,1297963,4/13/2012 8:00:00 AM,1624,COXWELL Ave,COSBURN Ave,,Minor Arterial,Toronto and East York,43.693545,-79.32779,,No Control,Clear,Daylight,Dry,Non-Fatal Injury,Pedestrian Collisions,Pedestrian,50 to 54,Major,,Unknown,Other,,,,Pedestrian hit at private driveway,Pushing/Working on Vehicle,Normal,,,,Yes,,Yes,,,,,,,,,,,59,Danforth East York,59,Danforth East York (59),D55,634757.2722,4839194.1708
8135,7423264,1297829,4/13/2012 8:00:00 AM,1850,ELMHURST DR,ISLINGTON AVE,,Major Arterial,Etobicoke York,43.723145,-79.55889,At Intersection,Traffic Signal,Clear,Daylight,Dry,Non-Fatal Injury,Pedestrian Collisions,Driver,50 to 54,None,,North,"Automobile, Station Wagon",Turning Left,Failed to Yield Right of Way,Normal,,,,,,,Yes,,Yes,,,,,,,Yes,,,,5,Elms-Old Rexdale,5,Elms-Old Rexdale (5),D23,616076.4642,4842132.037
8136,7423265,1297829,4/13/2012 8:00:00 AM,1850,ELMHURST DR,ISLINGTON AVE,,Major Arterial,Etobicoke York,43.723145,-79.55889,At Intersection,Traffic Signal,Clear,Daylight,Dry,Non-Fatal Injury,Pedestrian Collisions,Pedestrian,40 to 44,Major,,South,Other,,,,Vehicle turns left while ped crosses with ROW at inter.,Crossing with right of way,Normal,,,,Yes,,Yes,,,,,,,Yes,,,,5,Elms-Old Rexdale,5,Elms-Old Rexdale (5),D23,616076.4642,4842132.037
8137,7423772,1298032,4/14/2012 8:00:00 AM,1220,SHEPPARD AVE E,PARKWAY FOREST DR,,Major Arterial,North York,43.775845,-79.34369,At Intersection,Traffic Signal,Clear,Daylight,Dry,Non-Fatal Injury,Rear End,Passenger,0 to 4,Major,,,Other,,,,,,,,,,,,Yes,,,,,Yes,,Yes,,,,47,Don Valley Village,47,Don Valley Village (47),D33,633293.2116,4848309.0797
8138,7423773,1298032,4/14/2012 8:00:00 AM,1220,SHEPPARD AVE E,PARKWAY FOREST DR,,Major Arterial,North York,43.775845,-79.34369,At Intersection,Traffic Signal,Clear,Daylight,Dry,Non-Fatal Injury,Rear End,Passenger,0 to 4,Major,,,Other,,,,,,,,,,,,Yes,,,,,Yes,,Yes,,,,47,Don Valley Village,47,Don Valley Village (47),D33,633293.2116,4848309.0797
8139,7423774,1298032,4/14/2012 8:00:00 AM,1220,SHEPPARD AVE E,PARKWAY FOREST DR,,Major Arterial,North York,43.775845,-79.34369,At Intersection,Traffic Signal,Clear,Daylight,Dry,Non-Fatal Injury,Rear End,Passenger,35 to 39,Major,,,Other,,,,,,,,,,,,Yes,,,,,Yes,,Yes,,,,47,Don Valley Village,47,Don Valley Village (47),D33,633293.2116,4848309.0797
8140,7423775,1298032,4/14/2012 8:00:00 AM,1220,SHEPPARD AVE E,PARKWAY FOREST DR,,Major Arterial,North York,43.775845,-79.34369,At Intersection,Traffic Signal,Clear,Daylight,Dry,Non-Fatal Injury,Rear End,Driver,40 to 44,Major,,East,"Automobile, Station Wagon",Stopped,Driving Properly,Normal,,,,,,,,,Yes,,,,,Yes,,Yes,,,,47,Don Valley Village,47,Don Valley Village (47),D33,633293.2116,4848309.0797
8141,7423776,1298032,4/14/2012 8:00:00 AM,1220,SHEPPARD AVE E,PARKWAY FOREST DR,,Major Arterial,North York,43.775845,-79.34369,At Intersection,Traffic Signal,Clear,Daylight,Dry,Non-Fatal Injury,Rear End,Driver,40 to 44,Major,,East,"Automobile, Station Wagon",Going Ahead,Following too Close,Inattentive,,,,,,,,,Yes,,,,,Yes,,Yes,,,,47,Don Valley Village,47,Don Valley Village (47),D33,633293.2116,4848309.0797
8142,7559388,1298031,4/15/2012 8:00:00 AM,1030,DON MILLS RD,STEELES AVE E,,Major Arterial,North York,43.811175,-79.360767,At Intersection,Traffic Signal,Rain,Daylight,Wet,Non-Fatal Injury,Pedestrian Collisions,Vehicle Owner,unknown,,,,Other,,,,,,,,,,Yes,,,,,Yes,,,,Yes,Yes,,,48,Hillcrest Village,48,Hillcrest Village (48),D33,631841.1943,4852205.6807
8143,7559389,1298031,4/15/2012 8:00:00 AM,1030,DON MILLS RD,STEELES AVE E,,Major Arterial,North York,43.811175,-79.360767,At Intersection,Traffic Signal,Rain,Daylight,Wet,Non-Fatal Injury,Pedestrian Collisions,Driver,55 to 59,None,,North,Municipal Transit Bus (TTC),Turning Right,Disobeyed Traffic Control,Inattentive,,,,,,,Yes,,,,,Yes,,,,Yes,Yes,,,48,Hillcrest Village,48,Hillcrest Village (48),D33,631841.1943,4852205.6807
8144,7559390,1298031,4/15/2012 8:00:00 AM,1030,DON MILLS RD,STEELES AVE E,,Major Arterial,North York,43.811175,-79.360767,At Intersection,Traffic Signal,Rain,Daylight,Wet,Non-Fatal Injury,Pedestrian Collisions,Pedestrian,15 to 19,Major,,Unknown,Other,,,,Pedestrian involved in a collision with transit vehicle anywhere along roadway,Crossing with right of way,Normal,,,,Yes,,,,,Yes,,,,Yes,Yes,,,48,Hillcrest Village,48,Hillcrest Village (48),D33,631841.1943,4852205.6807
8145,7402951,1289088,4/15/2012 8:00:00 AM,1752,SHEPPARD AVE E,PHARMACY AVE,,Major Arterial,Scarborough,43.776645,-79.31719,,No Control,Clear,Daylight,Dry,Non-Fatal Injury,Rear End,Vehicle Owner,unknown,,,,Other,,,,,,,,,,,,Yes,Yes,,,,,,Yes,,,,118,Tam O'Shanter-Sullivan,118,Tam O'Shanter-Sullivan (118),D42,635424.0419,4848440.9377
8146,7402952,1289088,4/15/2012 8:00:00 AM,1752,SHEPPARD AVE E,PHARMACY AVE,,Major Arterial,Scarborough,43.776645,-79.31719,,No Control,Clear,Daylight,Dry,Non-Fatal Injury,Rear End,Motorcycle Driver,15 to 19,Major,,East,Motorcycle,Changing Lanes,Improper Passing,Inattentive,,,,,,,,,Yes,Yes,,,,,,Yes,,,,118,Tam O'Shanter-Sullivan,118,Tam O'Shanter-Sullivan (118),D42,635424.0419,4848440.9377
8147,7402953,1289088,4/15/2012 8:00:00 AM,1752,SHEPPARD AVE E,PHARMACY AVE,,Major Arterial,Scarborough,43.776645,-79.31719,,No Control,Clear,Daylight,Dry,Non-Fatal Injury,Rear End,Driver,35 to 39,None,,East,"Automobile, Station Wagon",Going Ahead,Driving Properly,Normal,,,,,,,,,Yes,Yes,,,,,,Yes,,,,118,Tam O'Shanter-Sullivan,118,Tam O'Shanter-Sullivan (118),D42,635424.0419,4848440.9377
8148,7425039,1298592,4/18/2012 8:00:00 AM,1143,WESTON RD,DORA SPENCER RD,,Minor Arterial,Etobicoke York,43.692045,-79.50279,At Intersection,Stop Sign,Clear,Daylight,Dry,Non-Fatal Injury,Turning Movement,Driver,70 to 74,None,,East,"Automobile, Station Wagon",Going Ahead,Driving Properly,Normal,,,,,,,,,Yes,,,,,Yes,,Yes,,,,115,Mount Dennis,115,Mount Dennis (115),D12,620657.5431,4838758.0532
8149,7425040,1298592,4/18/2012 8:00:00 AM,1143,WESTON RD,DORA SPENCER RD,,Minor Arterial,Etobicoke York,43.692045,-79.50279,At Intersection,Stop Sign,Clear,Daylight,Dry,Non-Fatal Injury,Turning Movement,Passenger,50 to 54,Major,,,Other,,,,,,,,,,,,Yes,,,,,Yes,,Yes,,,,115,Mount Dennis,115,Mount Dennis (115),D12,620657.5431,4838758.0532
8150,7425041,1298592,4/18/2012 8:00:00 AM,1143,WESTON RD,DORA SPENCER RD,,Minor Arterial,Etobicoke York,43.692045,-79.50279,At Intersection,Stop Sign,Clear,Daylight,Dry,Non-Fatal Injury,Turning Movement,Driver,55 to 59,Minimal,,North,"Automobile, Station Wagon",Turning Left,Failed to Yield Right of Way,Inattentive,,,,,,,,,Yes,,,,,Yes,,Yes,,,,115,Mount Dennis,115,Mount Dennis (115),D12,620657.5431,4838758.0532
8151,7404649,1289788,4/18/2012 8:00:00 AM,2310,BATHURST ST,MASCOT PL,,Major Arterial,North York,43.770345,-79.44209,At Intersection,No Control,Clear,"Dark, artificial",Dry,Non-Fatal Injury,Pedestrian Collisions,Driver,35 to 39,None,,South,"Automobile, Station Wagon",Going Ahead,Failed to Yield Right of Way,"Ability Impaired, Alcohol",,,,,,,Yes,,Yes,,,,,,,Yes,,Yes,,37,Willowdale West,37,Willowdale West (37),D32,625385.795,4847544.5094
8152,7404650,1289788,4/18/2012 8:00:00 AM,2310,BATHURST ST,MASCOT PL,,Major Arterial,North York,43.770345,-79.44209,At Intersection,No Control,Clear,"Dark, artificial",Dry,Non-Fatal Injury,Pedestrian Collisions,Pedestrian,85 to 89,Major,,West,Other,,,,Vehicle is going straight thru inter.while ped cross without ROW,"Crossing, no Traffic Control",Medical or Physical Disability,,,,Yes,,Yes,,,,,,,Yes,,Yes,,37,Willowdale West,37,Willowdale West (37),D32,625385.795,4847544.5094
8153,7514329,1289974,4/19/2012 8:00:00 AM,1203,MORNINGSIDE AVE,MILNER AVE,,Major Arterial,Scarborough,43.800745,-79.19929,,No Control,Clear,Daylight,Dry,Fatal,SMV Other,Driver,50 to 54,Fatal,10,North,"Automobile, Station Wagon",Going Ahead,Other,Unknown,,,,,,,,,Yes,,,,,,,,,,,146,Malvern East,132,Malvern (132),D42,644853.9173,4851317.2436
8154,7514330,1289974,4/19/2012 8:00:00 AM,1203,MORNINGSIDE AVE,MILNER AVE,,Major Arterial,Scarborough,43.800745,-79.19929,,No Control,Clear,Daylight,Dry,Fatal,SMV Other,Other Property Owner,unknown,,,,Other,,,,,,,,,,,,Yes,,,,,,,,,,,146,Malvern East,132,Malvern (132),D42,644853.9173,4851317.2436
8155,7405106,1289975,4/19/2012 8:00:00 AM,1434,NEILSON RD,SHEPPARD AVE E,,Major Arterial,Scarborough,43.798145,-79.21769,At Intersection,Traffic Signal,Clear,Daylight,Dry,Non-Fatal Injury,Turning Movement,Motorcycle Driver,25 to 29,Major,,South,Motorcycle,Going Ahead,Driving Properly,Normal,,,,,,,,,Yes,Yes,,,,,,Yes,,,,145,Malvern West,132,Malvern (132),D42,643379.9739,4850996.4273
8156,7405107,1289975,4/19/2012 8:00:00 AM,1434,NEILSON RD,SHEPPARD AVE E,,Major Arterial,Scarborough,43.798145,-79.21769,At Intersection,Traffic Signal,Clear,Daylight,Dry,Non-Fatal Injury,Turning Movement,Vehicle Owner,unknown,,,,Other,,,,,,,,,,,,Yes,Yes,,,,,,Yes,,,,145,Malvern West,132,Malvern (132),D42,643379.9739,4850996.4273
8157,7405108,1289975,4/19/2012 8:00:00 AM,1434,NEILSON RD,SHEPPARD AVE E,,Major Arterial,Scarborough,43.798145,-79.21769,At Intersection,Traffic Signal,Clear,Daylight,Dry,Non-Fatal Injury,Turning Movement,Driver,30 to 34,None,,North,"Automobile, Station Wagon",Turning Left,Failed to Yield Right of Way,Inattentive,,,,,,,,,Yes,Yes,,,,,,Yes,,,,145,Malvern West,132,Malvern (132),D42,643379.9739,4850996.4273
8158,7425312,1298696,4/19/2012 8:00:00 AM,2127,SPADINA RD,LOWTHER AVE,,Minor Arterial,Toronto and East York,43.668945,-79.40479,At Intersection,Traffic Signal,Clear,"Dark, artificial",Dry,Non-Fatal Injury,Cyclist Collisions,Driver,45 to 49,None,,North,"Automobile, Station Wagon",Turning Left,Improper Turn,Normal,,,,,,,,Yes,Yes,,,,,,,,,,,95,Annex,95,Annex (95),D14,628604.6106,4836339.7473
8159,7425313,1298696,4/19/2012 8:00:00 AM,2127,SPADINA RD,LOWTHER AVE,,Minor Arterial,Toronto and East York,43.668945,-79.40479,At Intersection,Traffic Signal,Clear,"Dark, artificial",Dry,Non-Fatal Injury,Cyclist Collisions,Cyclist,30 to 34,Major,,South,Bicycle,Going Ahead,,,,,,Motorist turned left across cyclists path.,Driving Properly,Normal,,Yes,Yes,,,,,,,,,,,95,Annex,95,Annex (95),D14,628604.6106,4836339.7473
8160,7414433,1293932,4/20/2012 8:00:00 AM,149,LAKE SHORE BLVD W,ELLIS AVE,,Major Arterial,Toronto and East York,43.637045,-79.46349,,No Control,Clear,"Dark, artificial",Dry,Non-Fatal Injury,SMV Other,Passenger,20 to 24,Major,,,Other,,,,,,,,,,,,Yes,,,,,Yes,Yes,Yes,,,,85,South Parkdale,85,South Parkdale (85),D11,623937.8177,4832707.5134
8161,7414434,1293932,4/20/2012 8:00:00 AM,149,LAKE SHORE BLVD W,ELLIS AVE,,Major Arterial,Toronto and East York,43.637045,-79.46349,,No Control,Clear,"Dark, artificial",Dry,Non-Fatal Injury,SMV Other,Vehicle Owner,unknown,,,,Other,,,,,,,,,,,,Yes,,,,,Yes,Yes,Yes,,,,85,South Parkdale,85,South Parkdale (85),D11,623937.8177,4832707.5134
8162,7414435,1293932,4/20/2012 8:00:00 AM,149,LAKE SHORE BLVD W,ELLIS AVE,,Major Arterial,Toronto and East York,43.637045,-79.46349,,No Control,Clear,"Dark, artificial",Dry,Non-Fatal Injury,SMV Other,Driver,20 to 24,Minimal,,East,"Automobile, Station Wagon",Going Ahead,Lost control,Normal,,,,,,,,,Yes,,,,,Yes,Yes,Yes,,,,85,South Parkdale,85,South Parkdale (85),D11,623937.8177,4832707.5134
8163,7425658,1298848,4/20/2012 8:00:00 AM,149,LAKE SHORE BLVD W,ELLIS AVE,,Major Arterial,Toronto and East York,43.636645,-79.46359,,No Control,Clear,"Dark, artificial",Dry,Non-Fatal Injury,SMV Other,Vehicle Owner,unknown,,,,Other,,,,,,,,,,,,Yes,,,,,Yes,,,,,,85,South Parkdale,85,South Parkdale (85),D11,623930.5737,4832662.939
8164,7425659,1298848,4/20/2012 8:00:00 AM,149,LAKE SHORE BLVD W,ELLIS AVE,,Major Arterial,Toronto and East York,43.636645,-79.46359,,No Control,Clear,"Dark, artificial",Dry,Non-Fatal Injury,SMV Other,Passenger,20 to 24,Major,,,Other,,,,,,,,,,,,Yes,,,,,Yes,,,,,,85,South Parkdale,85,South Parkdale (85),D11,623930.5737,4832662.939
8165,7425660,1298848,4/20/2012 8:00:00 AM,149,LAKE SHORE BLVD W,ELLIS AVE,,Major Arterial,Toronto and East York,43.636645,-79.46359,,No Control,Clear,"Dark, artificial",Dry,Non-Fatal Injury,SMV Other,Driver,20 to 24,Minimal,,East,"Automobile, Station Wagon",Going Ahead,Lost control,Normal,,,,,,,,,Yes,,,,,Yes,,,,,,85,South Parkdale,85,South Parkdale (85),D11,623930.5737,4832662.939
8166,7425661,1298848,4/20/2012 8:00:00 AM,149,LAKE SHORE BLVD W,ELLIS AVE,,Major Arterial,Toronto and East York,43.636645,-79.46359,,No Control,Clear,"Dark, artificial",Dry,Non-Fatal Injury,SMV Other,Other Property Owner,unknown,,,,Other,,,,,,,,,,,,Yes,,,,,Yes,,,,,,85,South Parkdale,85,South Parkdale (85),D11,623930.5737,4832662.939
8167,7514335,1290105,4/20/2012 8:00:00 AM,1447,DON VALLEY PARKWAY  N,GERRARD ST E,,,Toronto and East York,43.665145,-79.35589,,No Control,Clear,Daylight,Dry,Fatal,SMV Other,Motorcycle Driver,35 to 39,Fatal,11,North,Motorcycle,Going Ahead,Exceeding Speed Limit,Unknown,,,,,,,,,,Yes,,,,,Yes,Yes,,,,68,North Riverdale,68,North Riverdale (68),D55,632555.2974,4835994.6771
8168,7426246,1299089,4/21/2012 8:00:00 AM,250,ST CLAIR AVE W,KEELE ST,,Major Arterial,Etobicoke York,43.672345,-79.46849,,No Control,Rain,"Dark, artificial",Wet,Non-Fatal Injury,SMV Other,Driver,30 to 34,Major,,West,"Automobile, Station Wagon",Going Ahead,Other,Unknown,,,,,,,,,Yes,,,,,,,,,,,90,Junction Area,90,Junction Area (90),D11,623462.146,4836620.5828
8169,7426247,1299089,4/21/2012 8:00:00 AM,250,ST CLAIR AVE W,KEELE ST,,Major Arterial,Etobicoke York,43.672345,-79.46849,,No Control,Rain,"Dark, artificial",Wet,Non-Fatal Injury,SMV Other,Other Property Owner,unknown,,,,Other,,,,,,,,,,,,Yes,,,,,,,,,,,90,Junction Area,90,Junction Area (90),D11,623462.146,4836620.5828
8170,7514336,1290199,4/21/2012 8:00:00 AM,2050,MORNINGSIDE AVE,MILNER AVE,,Major Arterial,Scarborough,43.800245,-79.19909,At Intersection,Traffic Signal,Clear,"Dark, artificial",Dry,Fatal,Pedestrian Collisions,Vehicle Owner,unknown,,,,Other,,,,,,,,,,Yes,,Yes,,,,,,,,,,,146,Malvern East,132,Malvern (132),D42,644871.2146,4851262.0606