OBJECTID,INDEX,ACCNUM,DATE,TIME,STREET1,STREET2,OFFSET,ROAD_CLASS,DISTRICT,LATITUDE,LONGITUDE,ACCLOC,TRAFFCTL,VISIBILITY,LIGHT,RDSFCOND,ACCLASS,IMPACTYPE,INVTYPE,INVAGE,INJURY,FATAL_NO,INITDIR,VEHTYPE,MANOEUVER,DRIVACT,DRIVCOND,PEDTYPE,PEDACT,PEDCOND,CYCLISTYPE,CYCACT,CYCCOND,PEDESTRIAN,CYCLIST,AUTOMOBILE,MOTORCYCLE,TRUCK,TRSN_CITY_VEH,EMERG_VEH,PASSENGER,SPEEDING,AG_DRIV,REDLIGHT,ALCOHOL,DISABILITY,HOOD_158,NEIGHBOURHOOD_158,HOOD_140,NEIGHBOURHOOD_140,DIVISION,x,y
8171,7514337,1290199,4/21/2012 8:00:00 AM,2050,MORNINGSIDE AVE,MILNER AVE,,Major Arterial,Scarborough,43.800245,-79.19909,At Intersection,Traffic Signal,Clear,"Dark, artificial",Dry,Fatal,Pedestrian Collisions,Driver,20 to 24,None,,South,"Automobile, Station Wagon",Going Ahead,Driving Properly,Normal,,,,,,,Yes,,Yes,,,,,,,,,,,146,Malvern East,132,Malvern (132),D42,644871.2146,4851262.0606
8172,7514338,1290199,4/21/2012 8:00:00 AM,2050,MORNINGSIDE AVE,MILNER AVE,,Major Arterial,Scarborough,43.800245,-79.19909,At Intersection,Traffic Signal,Clear,"Dark, artificial",Dry,Fatal,Pedestrian Collisions,Pedestrian,55 to 59,Fatal,12,West,Other,,,,Vehicle is going straight thru inter.while ped cross without ROW,Crossing without right of way,Inattentive,,,,Yes,,Yes,,,,,,,,,,,146,Malvern East,132,Malvern (132),D42,644871.2146,4851262.0606
8173,7542001,1290282,4/22/2012 8:00:00 AM,412,EGLINTON AVE W,KIPLING AVE,,Major Arterial,Etobicoke York,43.676645,-79.55299,,No Control,Clear,"Dark, artificial",Dry,Non-Fatal Injury,Angle,Passenger,unknown,Major,,,Other,Other,,,,,,,,,,,Yes,,,,,Yes,,,,,,10,Princess-Rosethorn,10,Princess-Rosethorn (10),D22,616641.8223,4836975.8604
8174,7542002,1290282,4/22/2012 8:00:00 AM,412,EGLINTON AVE W,KIPLING AVE,,Major Arterial,Etobicoke York,43.676645,-79.55299,,No Control,Clear,"Dark, artificial",Dry,Non-Fatal Injury,Angle,Driver,30 to 34,Minor,,East,"Automobile, Station Wagon",Going Ahead,Driving Properly,Normal,,,,,,,,,Yes,,,,,Yes,,,,,,10,Princess-Rosethorn,10,Princess-Rosethorn (10),D22,616641.8223,4836975.8604
8175,7542003,1290282,4/22/2012 8:00:00 AM,412,EGLINTON AVE W,KIPLING AVE,,Major Arterial,Etobicoke York,43.676645,-79.55299,,No Control,Clear,"Dark, artificial",Dry,Non-Fatal Injury,Angle,Vehicle Owner,unknown,,,,Other,,,,,,,,,,,,Yes,,,,,Yes,,,,,,10,Princess-Rosethorn,10,Princess-Rosethorn (10),D22,616641.8223,4836975.8604
8176,7542004,1290282,4/22/2012 8:00:00 AM,412,EGLINTON AVE W,KIPLING AVE,,Major Arterial,Etobicoke York,43.676645,-79.55299,,No Control,Clear,"Dark, artificial",Dry,Non-Fatal Injury,Angle,Driver,15 to 19,Minimal,,West,"Automobile, Station Wagon",Going Ahead,Lost control,Had Been Drinking,,,,,,,,,Yes,,,,,Yes,,,,,,10,Princess-Rosethorn,10,Princess-Rosethorn (10),D22,616641.8223,4836975.8604
8177,7405734,1290286,4/22/2012 8:00:00 AM,1337,VICTORIA PARK AVE,ARNCLIFFE CRES,,Major Arterial,North York,43.731845,-79.30559,,Traffic Signal,Clear,Daylight,Dry,Non-Fatal Injury,Cyclist Collisions,Driver,65 to 69,None,,North,"Automobile, Station Wagon",Stopped,Driving Properly,Normal,,,,,,,,Yes,Yes,,,,,,,,,,,119,Wexford/Maryvale,119,Wexford/Maryvale (119),D41,636459.3529,4843484.258
8178,7405735,1290286,4/22/2012 8:00:00 AM,1337,VICTORIA PARK AVE,ARNCLIFFE CRES,,Major Arterial,North York,43.731845,-79.30559,,Traffic Signal,Clear,Daylight,Dry,Non-Fatal Injury,Cyclist Collisions,Vehicle Owner,unknown,,,,Other,,,,,,,,,,,Yes,Yes,,,,,,,,,,,119,Wexford/Maryvale,119,Wexford/Maryvale (119),D41,636459.3529,4843484.258
8179,7405736,1290286,4/22/2012 8:00:00 AM,1337,VICTORIA PARK AVE,ARNCLIFFE CRES,,Major Arterial,North York,43.731845,-79.30559,,Traffic Signal,Clear,Daylight,Dry,Non-Fatal Injury,Cyclist Collisions,Driver,35 to 39,None,,North,"Automobile, Station Wagon",Going Ahead,Lost control,Inattentive,,,,,,,,Yes,Yes,,,,,,,,,,,119,Wexford/Maryvale,119,Wexford/Maryvale (119),D41,636459.3529,4843484.258
8180,7405737,1290286,4/22/2012 8:00:00 AM,1337,VICTORIA PARK AVE,ARNCLIFFE CRES,,Major Arterial,North York,43.731845,-79.30559,,Traffic Signal,Clear,Daylight,Dry,Non-Fatal Injury,Cyclist Collisions,Cyclist,50 to 54,Major,,West,Bicycle,Going Ahead,,,,,,"Motorist without ROW drives into path of cyclist at inter, lnwy, dwy-Driver not turn.",Driving Properly,Normal,,Yes,Yes,,,,,,,,,,,119,Wexford/Maryvale,119,Wexford/Maryvale (119),D41,636459.3529,4843484.258
8181,7427798,1299771,4/23/2012 8:00:00 AM,1530,YONGE ST,SHAFTESBURY AVE,,Major Arterial,Toronto and East York,43.681945,-79.39159,At Intersection,Traffic Signal,Rain,Daylight,Wet,Non-Fatal Injury,Pedestrian Collisions,Pedestrian,30 to 34,Major,,East,Other,,,,Other / Undefined,Crossing with right of way,Normal,,,,Yes,Yes,,,,,,,,,,,,97,Yonge-St.Clair,97,Yonge-St.Clair (97),D53,629640.7984,4837804.1217
8182,7427799,1299771,4/23/2012 8:00:00 AM,1530,YONGE ST,SHAFTESBURY AVE,,Major Arterial,Toronto and East York,43.681945,-79.39159,At Intersection,Traffic Signal,Rain,Daylight,Wet,Non-Fatal Injury,Pedestrian Collisions,Cyclist,25 to 29,Minor,,South,Bicycle,Going Ahead,,,,,,Cyclist strikes pedestrian.,Driving Properly,Normal,Yes,Yes,,,,,,,,,,,,97,Yonge-St.Clair,97,Yonge-St.Clair (97),D53,629640.7984,4837804.1217
8183,7428075,1299888,4/24/2012 8:00:00 AM,1835,ALBION AVE,PHARMACY AVE,,Minor Arterial,Scarborough,43.695645,-79.28479,At Intersection,Stop Sign,Clear,Daylight,Wet,Non-Fatal Injury,Turning Movement,Driver,60 to 64,Major,,East,"Automobile, Station Wagon",Going Ahead,Driving Properly,Normal,,,,,,,,,Yes,,,,,,,Yes,,,,121,Oakridge,121,Oakridge (121),D41,638217.7002,4839498.1889
8184,7428076,1299888,4/24/2012 8:00:00 AM,1835,ALBION AVE,PHARMACY AVE,,Minor Arterial,Scarborough,43.695645,-79.28479,At Intersection,Stop Sign,Clear,Daylight,Wet,Non-Fatal Injury,Turning Movement,Vehicle Owner,unknown,,,,Other,,,,,,,,,,,,Yes,,,,,,,Yes,,,,121,Oakridge,121,Oakridge (121),D41,638217.7002,4839498.1889
8185,7428077,1299888,4/24/2012 8:00:00 AM,1835,ALBION AVE,PHARMACY AVE,,Minor Arterial,Scarborough,43.695645,-79.28479,At Intersection,Stop Sign,Clear,Daylight,Wet,Non-Fatal Injury,Turning Movement,Driver,35 to 39,None,,South,"Automobile, Station Wagon",Turning Right,Failed to Yield Right of Way,Normal,,,,,,,,,Yes,,,,,,,Yes,,,,121,Oakridge,121,Oakridge (121),D41,638217.7002,4839498.1889
8186,7429012,1300277,4/27/2012 8:00:00 AM,1644,1437 VICTORIA PARK AVE,,,Major Arterial,North York,43.722145,-79.30159,At Intersection,No Control,Clear,Daylight,Dry,Non-Fatal Injury,Pedestrian Collisions,Driver,50 to 54,None,,West,"Automobile, Station Wagon",Turning Left,Failed to Yield Right of Way,Normal,,,,,,,Yes,,Yes,,,,,,,Yes,,,,120,Clairlea-Birchmount,120,Clairlea-Birchmount (120),D41,636803.5773,4842413.5258
8187,7429013,1300277,4/27/2012 8:00:00 AM,1644,1437 VICTORIA PARK AVE,,,Major Arterial,North York,43.722145,-79.30159,At Intersection,No Control,Clear,Daylight,Dry,Non-Fatal Injury,Pedestrian Collisions,Pedestrian,70 to 74,Major,,East,Other,,,,Pedestrian hit at mid-block,"Crossing, no Traffic Control",Normal,,,,Yes,,Yes,,,,,,,Yes,,,,120,Clairlea-Birchmount,120,Clairlea-Birchmount (120),D41,636803.5773,4842413.5258
8188,7428982,1300266,4/28/2012 8:00:00 AM,1352,JARVIS ST,DUNDAS ST E,,Major Arterial,Toronto and East York,43.657045,-79.37459,At Intersection,Traffic Signal,Clear,Daylight,Dry,Non-Fatal Injury,Pedestrian Collisions,Driver,35 to 39,None,,South,"Automobile, Station Wagon",Going Ahead,Driving Properly,Normal,,,,,,,Yes,,Yes,,,,,,,,,,,168,Downtown Yonge East,75,Church-Yonge Corridor (75),D51,631065.2301,4835065.355
8189,7428983,1300266,4/28/2012 8:00:00 AM,1352,JARVIS ST,DUNDAS ST E,,Major Arterial,Toronto and East York,43.657045,-79.37459,At Intersection,Traffic Signal,Clear,Daylight,Dry,Non-Fatal Injury,Pedestrian Collisions,Pedestrian,30 to 34,Major,,West,Other,,,,Vehicle is going straight thru inter.while ped cross without ROW,Running onto Roadway,Unknown,,,,Yes,,Yes,,,,,,,,,,,168,Downtown Yonge East,75,Church-Yonge Corridor (75),D51,631065.2301,4835065.355
8190,7527371,1291380,4/28/2012 8:00:00 AM,2108,ELLESMERE RD,MCCOWAN RD,,Major Arterial,Scarborough,43.772145,-79.25149,At Intersection,Traffic Signal,Clear,Dark,Dry,Non-Fatal Injury,Pedestrian Collisions,Driver,65 to 69,None,,West,"Automobile, Station Wagon",Going Ahead,Driving Properly,Normal,,,,,,,Yes,,Yes,,,,,,,,,,,142,Woburn North,137,Woburn (137),D43,640721.8604,4848050.7095
8191,7527372,1291380,4/28/2012 8:00:00 AM,2108,ELLESMERE RD,MCCOWAN RD,,Major Arterial,Scarborough,43.772145,-79.25149,At Intersection,Traffic Signal,Clear,Dark,Dry,Non-Fatal Injury,Pedestrian Collisions,Pedestrian,40 to 44,Major,,Unknown,Other,,,,Vehicle is going straight thru inter.while ped cross without ROW,Crossing without right of way,Had Been Drinking,,,,Yes,,Yes,,,,,,,,,,,142,Woburn North,137,Woburn (137),D43,640721.8604,4848050.7095
8192,7429736,1300648,4/29/2012 8:00:00 AM,1340,GEOFFREY ST,SORAUREN AVE,,Collector,Toronto and East York,43.649045,-79.44459,,No Control,Clear,Daylight,Dry,Non-Fatal Injury,Pedestrian Collisions,Vehicle Owner,unknown,,,,Other,,,,,,,,,,Yes,,Yes,,,,,,,,,,,86,Roncesvalles,86,Roncesvalles (86),D11,625437.3657,4834068.6608
8193,7429737,1300648,4/29/2012 8:00:00 AM,1340,GEOFFREY ST,SORAUREN AVE,,Collector,Toronto and East York,43.649045,-79.44459,,No Control,Clear,Daylight,Dry,Non-Fatal Injury,Pedestrian Collisions,Driver,35 to 39,None,,South,"Automobile, Station Wagon",Reversing,Other,Normal,,,,,,,Yes,,Yes,,,,,,,,,,,86,Roncesvalles,86,Roncesvalles (86),D11,625437.3657,4834068.6608
8194,7429738,1300648,4/29/2012 8:00:00 AM,1340,GEOFFREY ST,SORAUREN AVE,,Collector,Toronto and East York,43.649045,-79.44459,,No Control,Clear,Daylight,Dry,Non-Fatal Injury,Pedestrian Collisions,Pedestrian,35 to 39,Major,,North,Other,,,,Vehicle is reversing and hits pedestrian,Other,Normal,,,,Yes,,Yes,,,,,,,,,,,86,Roncesvalles,86,Roncesvalles (86),D11,625437.3657,4834068.6608
8195,7429755,1300655,4/29/2012 8:00:00 AM,2115,LESLIE ST,LAWRENCE AVE E,,Major Arterial,North York,43.735245,-79.35619,,No Control,Clear,Dark,Dry,Non-Fatal Injury,Turning Movement,Driver,45 to 49,None,,North,"Automobile, Station Wagon",Making U Turn,Improper Turn,"Ability Impaired, Alcohol Over .08",,,,,,,,,Yes,,,,,,,Yes,,Yes,,42,Banbury-Don Mills,42,Banbury-Don Mills (42),D33,632376.746,4843779.7895
8196,7429756,1300655,4/29/2012 8:00:00 AM,2115,LESLIE ST,LAWRENCE AVE E,,Major Arterial,North York,43.735245,-79.35619,,No Control,Clear,Dark,Dry,Non-Fatal Injury,Turning Movement,Driver,45 to 49,Major,,North,"Automobile, Station Wagon",Going Ahead,Driving Properly,Normal,,,,,,,,,Yes,,,,,,,Yes,,Yes,,42,Banbury-Don Mills,42,Banbury-Don Mills (42),D33,632376.746,4843779.7895
8197,7542092,1300754,4/30/2012 8:00:00 AM,1530,DUFFERIN ST,ASCOT AVE,,Major Arterial,Toronto and East York,43.680145,-79.44399,At Intersection,Traffic Signal,Rain,Daylight,Wet,Non-Fatal Injury,Pedestrian Collisions,Vehicle Owner,unknown,,,,Other,,,,,,,,,,Yes,,Yes,,,,,,,Yes,,,,92,Corso Italia-Davenport,92,Corso Italia-Davenport (92),D13,625420.9723,4837523.6337
8198,7542093,1300754,4/30/2012 8:00:00 AM,1530,DUFFERIN ST,ASCOT AVE,,Major Arterial,Toronto and East York,43.680145,-79.44399,At Intersection,Traffic Signal,Rain,Daylight,Wet,Non-Fatal Injury,Pedestrian Collisions,Driver,20 to 24,None,,East,"Automobile, Station Wagon",Turning Left,Failed to Yield Right of Way,Inattentive,,,,,,,Yes,,Yes,,,,,,,Yes,,,,92,Corso Italia-Davenport,92,Corso Italia-Davenport (92),D13,625420.9723,4837523.6337
8199,7542094,1300754,4/30/2012 8:00:00 AM,1530,DUFFERIN ST,ASCOT AVE,,Major Arterial,Toronto and East York,43.680145,-79.44399,At Intersection,Traffic Signal,Rain,Daylight,Wet,Non-Fatal Injury,Pedestrian Collisions,Pedestrian,20 to 24,Major,,West,Other,,,,Vehicle turns left while ped crosses with ROW at inter.,Crossing with right of way,Normal,,,,Yes,,Yes,,,,,,,Yes,,,,92,Corso Italia-Davenport,92,Corso Italia-Davenport (92),D13,625420.9723,4837523.6337
8200,7430633,1301011,5/1/2012 8:00:00 AM,845,O CONNOR Dr,BERMONDSEY RD,,Major Arterial,Toronto and East York,43.713545,-79.30649,,No Control,Clear,Daylight,Dry,Non-Fatal Injury,Cyclist Collisions,Vehicle Owner,unknown,,,,Other,,,,,,,,,,,Yes,Yes,,,,,,,,,,,54,O'Connor-Parkview,54,O'Connor-Parkview (54),D55,636428.4045,4841450.2939
8201,7430634,1301011,5/1/2012 8:00:00 AM,845,O CONNOR Dr,BERMONDSEY RD,,Major Arterial,Toronto and East York,43.713545,-79.30649,,No Control,Clear,Daylight,Dry,Non-Fatal Injury,Cyclist Collisions,Driver,35 to 39,None,,South,"Automobile, Station Wagon",Turning Right,Improper Turn,Inattentive,,,,,,,,Yes,Yes,,,,,,,,,,,54,O'Connor-Parkview,54,O'Connor-Parkview (54),D55,636428.4045,4841450.2939
8202,7430635,1301011,5/1/2012 8:00:00 AM,845,O CONNOR Dr,BERMONDSEY RD,,Major Arterial,Toronto and East York,43.713545,-79.30649,,No Control,Clear,Daylight,Dry,Non-Fatal Injury,Cyclist Collisions,Cyclist,50 to 54,Major,,South,Bicycle,Going Ahead,,,,,,"Motorist turns right at non-signal Inter.(stop, yield, no cont.,and dwy) and strikes cyclist.",Driving Properly,Normal,,Yes,Yes,,,,,,,,,,,54,O'Connor-Parkview,54,O'Connor-Parkview (54),D55,636428.4045,4841450.2939
8203,7409570,1291890,5/1/2012 8:00:00 AM,1802,MARKHAM RD,BLAKEMANOR BLVD,,Major Arterial,Scarborough,43.751145,-79.22219,,No Control,Clear,Daylight,Dry,Non-Fatal Injury,SMV Other,Driver,45 to 49,Major,,North,"Automobile, Station Wagon",Unknown,Lost control,Unknown,,,,,,,,,Yes,,,,,,Yes,Yes,,,,141,Golfdale-Cedarbrae-Woburn,137,Woburn (137),D43,643130.0543,4845768.5502
8204,7409571,1291890,5/1/2012 8:00:00 AM,1802,MARKHAM RD,BLAKEMANOR BLVD,,Major Arterial,Scarborough,43.751145,-79.22219,,No Control,Clear,Daylight,Dry,Non-Fatal Injury,SMV Other,Other Property Owner,unknown,,,,Other,,,,,,,,,,,,Yes,,,,,,Yes,Yes,,,,141,Golfdale-Cedarbrae-Woburn,137,Woburn (137),D43,643130.0543,4845768.5502
8205,7409572,1291890,5/1/2012 8:00:00 AM,1802,MARKHAM RD,BLAKEMANOR BLVD,,Major Arterial,Scarborough,43.751145,-79.22219,,No Control,Clear,Daylight,Dry,Non-Fatal Injury,SMV Other,Other Property Owner,unknown,,,,Other,,,,,,,,,,,,Yes,,,,,,Yes,Yes,,,,141,Golfdale-Cedarbrae-Woburn,137,Woburn (137),D43,643130.0543,4845768.5502
8206,7409576,1291892,5/1/2012 8:00:00 AM,1937,HYDE AVE,VALLEY CRES,,Local,Etobicoke York,43.683245,-79.47639,,No Control,Clear,Daylight,Dry,Non-Fatal Injury,SMV Unattended Vehicle,Driver,20 to 24,Major,,West,Other,Going Ahead,Other,Unknown,,,,,,,,,Yes,,,,,,,,,,,110,Keelesdale-Eglinton West,110,Keelesdale-Eglinton West (110),D12,622803.0474,4837819.4459
8207,7409577,1291892,5/1/2012 8:00:00 AM,1937,HYDE AVE,VALLEY CRES,,Local,Etobicoke York,43.683245,-79.47639,,No Control,Clear,Daylight,Dry,Non-Fatal Injury,SMV Unattended Vehicle,Vehicle Owner,unknown,,,,Other,,,,,,,,,,,,Yes,,,,,,,,,,,110,Keelesdale-Eglinton West,110,Keelesdale-Eglinton West (110),D12,622803.0474,4837819.4459
8208,7409578,1291892,5/1/2012 8:00:00 AM,1937,HYDE AVE,VALLEY CRES,,Local,Etobicoke York,43.683245,-79.47639,,No Control,Clear,Daylight,Dry,Non-Fatal Injury,SMV Unattended Vehicle,Other,unknown,None,,,"Automobile, Station Wagon",,,,,,,,,,,,Yes,,,,,,,,,,,110,Keelesdale-Eglinton West,110,Keelesdale-Eglinton West (110),D12,622803.0474,4837819.4459
8209,7409579,1291892,5/1/2012 8:00:00 AM,1937,HYDE AVE,VALLEY CRES,,Local,Etobicoke York,43.683245,-79.47639,,No Control,Clear,Daylight,Dry,Non-Fatal Injury,SMV Unattended Vehicle,Vehicle Owner,unknown,,,,Other,,,,,,,,,,,,Yes,,,,,,,,,,,110,Keelesdale-Eglinton West,110,Keelesdale-Eglinton West (110),D12,622803.0474,4837819.4459
8210,7409580,1291892,5/1/2012 8:00:00 AM,1937,HYDE AVE,VALLEY CRES,,Local,Etobicoke York,43.683245,-79.47639,,No Control,Clear,Daylight,Dry,Non-Fatal Injury,SMV Unattended Vehicle,Vehicle Owner,unknown,,,,Other,,,,,,,,,,,,Yes,,,,,,,,,,,110,Keelesdale-Eglinton West,110,Keelesdale-Eglinton West (110),D12,622803.0474,4837819.4459
8211,7409581,1291892,5/1/2012 8:00:00 AM,1937,HYDE AVE,VALLEY CRES,,Local,Etobicoke York,43.683245,-79.47639,,No Control,Clear,Daylight,Dry,Non-Fatal Injury,SMV Unattended Vehicle,Vehicle Owner,unknown,,,,Other,,,,,,,,,,,,Yes,,,,,,,,,,,110,Keelesdale-Eglinton West,110,Keelesdale-Eglinton West (110),D12,622803.0474,4837819.4459
8212,7409582,1291892,5/1/2012 8:00:00 AM,1937,HYDE AVE,VALLEY CRES,,Local,Etobicoke York,43.683245,-79.47639,,No Control,Clear,Daylight,Dry,Non-Fatal Injury,SMV Unattended Vehicle,Vehicle Owner,unknown,,,,Other,,,,,,,,,,,,Yes,,,,,,,,,,,110,Keelesdale-Eglinton West,110,Keelesdale-Eglinton West (110),D12,622803.0474,4837819.4459
8213,7431039,1301166,5/2/2012 8:00:00 AM,1745,ADELAIDE St W,SPADINA Ave,,Major Arterial,Toronto and East York,43.646745,-79.39559,,Traffic Signal,Clear,Daylight,Dry,Non-Fatal Injury,Cyclist Collisions,Driver,45 to 49,None,,North,"Automobile, Station Wagon",Turning Right,Failed to Yield Right of Way,Normal,,,,,,,,Yes,Yes,,,,,,,Yes,,,,164,Wellington Place,77,Waterfront Communities-The Island (77),D14,629393.9911,4833888.4477
8214,7431040,1301166,5/2/2012 8:00:00 AM,1745,ADELAIDE St W,SPADINA Ave,,Major Arterial,Toronto and East York,43.646745,-79.39559,,Traffic Signal,Clear,Daylight,Dry,Non-Fatal Injury,Cyclist Collisions,Cyclist,25 to 29,Major,,East,Bicycle,Going Ahead,,,,,,Motorist turning right on green or amber at signalized intersection strikes cyclist.,Driving Properly,Normal,,Yes,Yes,,,,,,,Yes,,,,164,Wellington Place,77,Waterfront Communities-The Island (77),D14,629393.9911,4833888.4477
8215,7431443,1301330,5/3/2012 8:00:00 AM,1200,95 KING ST E,,,Major Arterial,Toronto and East York,43.649745,-79.37499,,No Control,Clear,Daylight,Dry,Non-Fatal Injury,Cyclist Collisions,Driver,40 to 44,None,,East,"Automobile, Station Wagon",Stopped,Driving Properly,Normal,,,,,,,,Yes,Yes,,,,,,,,,,,168,Downtown Yonge East,75,Church-Yonge Corridor (75),D51,631048.853,4834253.962
8216,7431444,1301330,5/3/2012 8:00:00 AM,1200,95 KING ST E,,,Major Arterial,Toronto and East York,43.649745,-79.37499,,No Control,Clear,Daylight,Dry,Non-Fatal Injury,Cyclist Collisions,Cyclist,25 to 29,Major,,East,Bicycle,Going Ahead,,,,,,Cyclist struck opened vehicle door,Driving Properly,Normal,,Yes,Yes,,,,,,,,,,,168,Downtown Yonge East,75,Church-Yonge Corridor (75),D51,631048.853,4834253.962
8217,7431494,1301352,5/4/2012 8:00:00 AM,1200,LOGAN AVE,GOWAN AVE,,Local,Toronto and East York,43.687545,-79.35289,,No Control,Clear,Daylight,Dry,Non-Fatal Injury,Pedestrian Collisions,Pedestrian,60 to 64,Major,,East,Other,,,,Vehicle is reversing and hits pedestrian,Other,Normal,,,,Yes,,Yes,,,,,,,,,,,57,Broadview North,57,Broadview North (57),D55,632747.7698,4838487.3008
8218,7431495,1301352,5/4/2012 8:00:00 AM,1200,LOGAN AVE,GOWAN AVE,,Local,Toronto and East York,43.687545,-79.35289,,No Control,Clear,Daylight,Dry,Non-Fatal Injury,Pedestrian Collisions,Driver,50 to 54,None,,North,"Automobile, Station Wagon",Reversing,Other,Normal,,,,,,,Yes,,Yes,,,,,,,,,,,57,Broadview North,57,Broadview North (57),D55,632747.7698,4838487.3008
8219,7431667,1301426,5/4/2012 8:00:00 AM,2310,475 UNWIN AVE,,,Other,Toronto and East York,43.648545,-79.32749,,No Control,Clear,Dark,Dry,Non-Fatal Injury,SMV Other,Passenger,20 to 24,Major,,,Other,,,,,,,,,,,,Yes,,,,,Yes,Yes,Yes,,,,70,South Riverdale,70,South Riverdale (70),D55,634882.2177,4834196.7951
8220,7431668,1301426,5/4/2012 8:00:00 AM,2310,475 UNWIN AVE,,,Other,Toronto and East York,43.648545,-79.32749,,No Control,Clear,Dark,Dry,Non-Fatal Injury,SMV Other,Driver,20 to 24,None,,North,"Automobile, Station Wagon",Going Ahead,Speed too Fast For Condition,Normal,,,,,,,,,Yes,,,,,Yes,Yes,Yes,,,,70,South Riverdale,70,South Riverdale (70),D55,634882.2177,4834196.7951
8221,7431669,1301426,5/4/2012 8:00:00 AM,2310,475 UNWIN AVE,,,Other,Toronto and East York,43.648545,-79.32749,,No Control,Clear,Dark,Dry,Non-Fatal Injury,SMV Other,Other Property Owner,unknown,,,,Other,,,,,,,,,,,,Yes,,,,,Yes,Yes,Yes,,,,70,South Riverdale,70,South Riverdale (70),D55,634882.2177,4834196.7951
8222,7411365,1292618,5/5/2012 8:00:00 AM,332,KENNEDY RD,WILLIAM KITCHEN RD,,Major Arterial,Scarborough,43.773045,-79.28379,At Intersection,Traffic Signal,Clear,"Dark, artificial",Dry,Non-Fatal Injury,Angle,Motorcycle Driver,35 to 39,Major,,East,Motorcycle,Going Ahead,Disobeyed Traffic Control,Normal,,,,,,,,,Yes,Yes,,,,,,Yes,Yes,Yes,,126,Dorset Park,126,Dorset Park (126),D41,638120.2224,4848096.2778
8223,7411366,1292618,5/5/2012 8:00:00 AM,332,KENNEDY RD,WILLIAM KITCHEN RD,,Major Arterial,Scarborough,43.773045,-79.28379,At Intersection,Traffic Signal,Clear,"Dark, artificial",Dry,Non-Fatal Injury,Angle,Driver,55 to 59,None,,North,"Automobile, Station Wagon",Going Ahead,Driving Properly,"Ability Impaired, Alcohol Over .08",,,,,,,,,Yes,Yes,,,,,,Yes,Yes,Yes,,126,Dorset Park,126,Dorset Park (126),D41,638120.2224,4848096.2778
8224,7431858,1301507,5/5/2012 8:00:00 AM,1610,COLLEGE St,SHAW St,,Major Arterial,Toronto and East York,43.654945,-79.42029,At Intersection,Stop Sign,Clear,Daylight,Dry,Non-Fatal Injury,Cyclist Collisions,Vehicle Owner,unknown,,,,Other,,,,,,,,,,,Yes,Yes,,,,,,,Yes,,,,80,Palmerston-Little Italy,80,Palmerston-Little Italy (80),D14,627384.6051,4834760.9498
8225,7431859,1301507,5/5/2012 8:00:00 AM,1610,COLLEGE St,SHAW St,,Major Arterial,Toronto and East York,43.654945,-79.42029,At Intersection,Stop Sign,Clear,Daylight,Dry,Non-Fatal Injury,Cyclist Collisions,Driver,45 to 49,None,,South,"Automobile, Station Wagon",Turning Left,Failed to Yield Right of Way,Normal,,,,,,,,Yes,Yes,,,,,,,Yes,,,,80,Palmerston-Little Italy,80,Palmerston-Little Italy (80),D14,627384.6051,4834760.9498
8226,7431860,1301507,5/5/2012 8:00:00 AM,1610,COLLEGE St,SHAW St,,Major Arterial,Toronto and East York,43.654945,-79.42029,At Intersection,Stop Sign,Clear,Daylight,Dry,Non-Fatal Injury,Cyclist Collisions,Cyclist,20 to 24,Major,,West,Bicycle,Going Ahead,,,,,,Motorist turned left across cyclists path.,Speed too Fast For Condition,Normal,,Yes,Yes,,,,,,,Yes,,,,80,Palmerston-Little Italy,80,Palmerston-Little Italy (80),D14,627384.6051,4834760.9498
8227,7431895,1301520,5/5/2012 8:00:00 AM,1731,EGLINTON AVE W,ATLAS AVE,,Major Arterial,North York,43.698245,-79.43839,,No Control,Clear,Daylight,Dry,Non-Fatal Injury,Rear End,Driver,30 to 34,None,,East,"Automobile, Station Wagon",Going Ahead,Following too Close,Normal,,,,,,,,,Yes,,,,,Yes,,Yes,,,,107,Oakwood Village,107,Oakwood Village (107),D13,625834.5049,4839542.3696
8228,7431896,1301520,5/5/2012 8:00:00 AM,1731,EGLINTON AVE W,ATLAS AVE,,Major Arterial,North York,43.698245,-79.43839,,No Control,Clear,Daylight,Dry,Non-Fatal Injury,Rear End,Passenger,75 to 79,Major,,,Other,,,,,,,,,,,,Yes,,,,,Yes,,Yes,,,,107,Oakwood Village,107,Oakwood Village (107),D13,625834.5049,4839542.3696
8229,7431897,1301520,5/5/2012 8:00:00 AM,1731,EGLINTON AVE W,ATLAS AVE,,Major Arterial,North York,43.698245,-79.43839,,No Control,Clear,Daylight,Dry,Non-Fatal Injury,Rear End,Passenger,20 to 24,Minimal,,,Other,,,,,,,,,,,,Yes,,,,,Yes,,Yes,,,,107,Oakwood Village,107,Oakwood Village (107),D13,625834.5049,4839542.3696
8230,7431898,1301520,5/5/2012 8:00:00 AM,1731,EGLINTON AVE W,ATLAS AVE,,Major Arterial,North York,43.698245,-79.43839,,No Control,Clear,Daylight,Dry,Non-Fatal Injury,Rear End,Driver,45 to 49,Minimal,,East,"Automobile, Station Wagon",Stopped,Driving Properly,Normal,,,,,,,,,Yes,,,,,Yes,,Yes,,,,107,Oakwood Village,107,Oakwood Village (107),D13,625834.5049,4839542.3696
8231,7432639,1301842,5/6/2012 8:00:00 AM,2100,MANSE Rd,MANSEWOOD Gard,,Collector,Scarborough,43.769345,-79.17579,,No Control,Clear,"Dusk, artificial",Dry,Non-Fatal Injury,Sideswipe,Passenger,65 to 69,Minimal,,,Other,,,,,,,,,,,,Yes,,,,,Yes,,,,,,136,West Hill,136,West Hill (136),D43,646821.2014,4847871.1744