OBJECTID,INDEX,ACCNUM,DATE,TIME,STREET1,STREET2,OFFSET,ROAD_CLASS,DISTRICT,LATITUDE,LONGITUDE,ACCLOC,TRAFFCTL,VISIBILITY,LIGHT,RDSFCOND,ACCLASS,IMPACTYPE,INVTYPE,INVAGE,INJURY,FATAL_NO,INITDIR,VEHTYPE,MANOEUVER,DRIVACT,DRIVCOND,PEDTYPE,PEDACT,PEDCOND,CYCLISTYPE,CYCACT,CYCCOND,PEDESTRIAN,CYCLIST,AUTOMOBILE,MOTORCYCLE,TRUCK,TRSN_CITY_VEH,EMERG_VEH,PASSENGER,SPEEDING,AG_DRIV,REDLIGHT,ALCOHOL,DISABILITY,HOOD_158,NEIGHBOURHOOD_158,HOOD_140,NEIGHBOURHOOD_140,DIVISION,x,y
8232,7432640,1301842,5/6/2012 8:00:00 AM,2100,MANSE Rd,MANSEWOOD Gard,,Collector,Scarborough,43.769345,-79.17579,,No Control,Clear,"Dusk, artificial",Dry,Non-Fatal Injury,Sideswipe,Driver,65 to 69,Minor,,South,"Automobile, Station Wagon",Going Ahead,Driving Properly,Normal,,,,,,,,,Yes,,,,,Yes,,,,,,136,West Hill,136,West Hill (136),D43,646821.2014,4847871.1744
8233,7432641,1301842,5/6/2012 8:00:00 AM,2100,MANSE Rd,MANSEWOOD Gard,,Collector,Scarborough,43.769345,-79.17579,,No Control,Clear,"Dusk, artificial",Dry,Non-Fatal Injury,Sideswipe,Passenger,70 to 74,Major,,,Other,,,,,,,,,,,,Yes,,,,,Yes,,,,,,136,West Hill,136,West Hill (136),D43,646821.2014,4847871.1744
8234,7432642,1301842,5/6/2012 8:00:00 AM,2100,MANSE Rd,MANSEWOOD Gard,,Collector,Scarborough,43.769345,-79.17579,,No Control,Clear,"Dusk, artificial",Dry,Non-Fatal Injury,Sideswipe,Driver,75 to 79,Major,,North,"Automobile, Station Wagon",Going Ahead,Lost control,Unknown,,,,,,,,,Yes,,,,,Yes,,,,,,136,West Hill,136,West Hill (136),D43,646821.2014,4847871.1744
8235,7412067,1292918,5/7/2012 8:00:00 AM,801,STEELES AVE E,BIRCHMOUNT RD,,Major Arterial,Scarborough,43.821345,-79.31689,At Intersection,Traffic Signal,Clear,Daylight,Dry,Fatal,Pedestrian Collisions,Driver,50 to 54,None,,East,"Automobile, Station Wagon",Going Ahead,Lost control,Inattentive,,,,,,,Yes,,Yes,,,,,Yes,,,,,,116,Steeles,116,Steeles (116),D42,635347.2148,4853406.076
8236,7412068,1292918,5/7/2012 8:00:00 AM,801,STEELES AVE E,BIRCHMOUNT RD,,Major Arterial,Scarborough,43.821345,-79.31689,At Intersection,Traffic Signal,Clear,Daylight,Dry,Fatal,Pedestrian Collisions,Passenger,15 to 19,None,,,Other,,,,,,,,,,Yes,,Yes,,,,,Yes,,,,,,116,Steeles,116,Steeles (116),D42,635347.2148,4853406.076
8237,7412069,1292918,5/7/2012 8:00:00 AM,801,STEELES AVE E,BIRCHMOUNT RD,,Major Arterial,Scarborough,43.821345,-79.31689,At Intersection,Traffic Signal,Clear,Daylight,Dry,Fatal,Pedestrian Collisions,Driver,80 to 84,None,,North,"Automobile, Station Wagon",Turning Left,Driving Properly,Normal,,,,,,,Yes,,Yes,,,,,Yes,,,,,,116,Steeles,116,Steeles (116),D42,635347.2148,4853406.076
8238,7412070,1292918,5/7/2012 8:00:00 AM,801,STEELES AVE E,BIRCHMOUNT RD,,Major Arterial,Scarborough,43.821345,-79.31689,At Intersection,Traffic Signal,Clear,Daylight,Dry,Fatal,Pedestrian Collisions,Pedestrian,30 to 34,Fatal,13,South,Other,,,,Vehicle is going straight thru inter.while ped cross with ROW,Crossing with right of way,Normal,,,,Yes,,Yes,,,,,Yes,,,,,,116,Steeles,116,Steeles (116),D42,635347.2148,4853406.076
8239,7432659,1301849,5/7/2012 8:00:00 AM,1510,O CONNOR DR,GLENWOOD CRES,,Major Arterial,Toronto and East York,43.702745,-79.31559,At Intersection,Traffic Signal,Clear,Daylight,Dry,Non-Fatal Injury,SMV Other,Vehicle Owner,unknown,,,,Other,,,,,,,,,,,,Yes,,,,,,Yes,Yes,,,Yes,54,O'Connor-Parkview,54,O'Connor-Parkview (54),D55,635719.6778,4840235.861
8240,7432660,1301849,5/7/2012 8:00:00 AM,1510,O CONNOR DR,GLENWOOD CRES,,Major Arterial,Toronto and East York,43.702745,-79.31559,At Intersection,Traffic Signal,Clear,Daylight,Dry,Non-Fatal Injury,SMV Other,Driver,20 to 24,Major,,North,"Automobile, Station Wagon",Going Ahead,Lost control,Medical or Physical Disability,,,,,,,,,Yes,,,,,,Yes,Yes,,,Yes,54,O'Connor-Parkview,54,O'Connor-Parkview (54),D55,635719.6778,4840235.861
8241,7432661,1301849,5/7/2012 8:00:00 AM,1510,O CONNOR DR,GLENWOOD CRES,,Major Arterial,Toronto and East York,43.702745,-79.31559,At Intersection,Traffic Signal,Clear,Daylight,Dry,Non-Fatal Injury,SMV Other,Other Property Owner,unknown,,,,Other,,,,,,,,,,,,Yes,,,,,,Yes,Yes,,,Yes,54,O'Connor-Parkview,54,O'Connor-Parkview (54),D55,635719.6778,4840235.861
8242,7433441,1302144,5/9/2012 8:00:00 AM,8,KING ST W,BRANT ST,,Major Arterial,Toronto and East York,43.645045,-79.39689,,No Control,Clear,"Dark, artificial",Dry,Non-Fatal Injury,Sideswipe,Motorcycle Driver,25 to 29,Major,,East,Motorcycle,Going Ahead,Driving Properly,Normal,,,,,,,,,Yes,Yes,,,,,,,,,,164,Wellington Place,77,Waterfront Communities-The Island (77),D14,629292.7934,4833697.6145
8243,7433442,1302144,5/9/2012 8:00:00 AM,8,KING ST W,BRANT ST,,Major Arterial,Toronto and East York,43.645045,-79.39689,,No Control,Clear,"Dark, artificial",Dry,Non-Fatal Injury,Sideswipe,Vehicle Owner,unknown,,,,Other,,,,,,,,,,,,Yes,Yes,,,,,,,,,,164,Wellington Place,77,Waterfront Communities-The Island (77),D14,629292.7934,4833697.6145
8244,7433443,1302144,5/9/2012 8:00:00 AM,8,KING ST W,BRANT ST,,Major Arterial,Toronto and East York,43.645045,-79.39689,,No Control,Clear,"Dark, artificial",Dry,Non-Fatal Injury,Sideswipe,Driver,40 to 44,None,,East,"Automobile, Station Wagon",Changing Lanes,Improper Lane Change,Inattentive,,,,,,,,,Yes,Yes,,,,,,,,,,164,Wellington Place,77,Waterfront Communities-The Island (77),D14,629292.7934,4833697.6145
8245,7433444,1302144,5/9/2012 8:00:00 AM,8,KING ST W,BRANT ST,,Major Arterial,Toronto and East York,43.645045,-79.39689,,No Control,Clear,"Dark, artificial",Dry,Non-Fatal Injury,Sideswipe,Vehicle Owner,unknown,,,,Other,,,,,,,,,,,,Yes,Yes,,,,,,,,,,164,Wellington Place,77,Waterfront Communities-The Island (77),D14,629292.7934,4833697.6145
8246,7433445,1302144,5/9/2012 8:00:00 AM,8,KING ST W,BRANT ST,,Major Arterial,Toronto and East York,43.645045,-79.39689,,No Control,Clear,"Dark, artificial",Dry,Non-Fatal Injury,Sideswipe,Driver,25 to 29,None,,East,"Automobile, Station Wagon",Stopped,Driving Properly,Normal,,,,,,,,,Yes,Yes,,,,,,,,,,164,Wellington Place,77,Waterfront Communities-The Island (77),D14,629292.7934,4833697.6145
8247,7663027,1293309,5/9/2012 8:00:00 AM,1528,ISLINGTON AVE,MILADY RD,,Major Arterial,Etobicoke York,43.752245,-79.56839,At Intersection,Traffic Signal,Other,Daylight,Other,Non-Fatal Injury,Turning Movement,Vehicle Owner,unknown,,,,Other,,,,,,,,,,,,Yes,,Yes,,,Yes,,Yes,Yes,,,21,Humber Summit,21,Humber Summit (21),D31,615255.4242,4845350.745
8248,7663028,1293309,5/9/2012 8:00:00 AM,1528,ISLINGTON AVE,MILADY RD,,Major Arterial,Etobicoke York,43.752245,-79.56839,At Intersection,Traffic Signal,Other,Daylight,Other,Non-Fatal Injury,Turning Movement,Truck Driver,25 to 29,None,,North,Truck - Open,Going Ahead,Disobeyed Traffic Control,Normal,,,,,,,,,Yes,,Yes,,,Yes,,Yes,Yes,,,21,Humber Summit,21,Humber Summit (21),D31,615255.4242,4845350.745
8249,7663029,1293309,5/9/2012 8:00:00 AM,1528,ISLINGTON AVE,MILADY RD,,Major Arterial,Etobicoke York,43.752245,-79.56839,At Intersection,Traffic Signal,Other,Daylight,Other,Non-Fatal Injury,Turning Movement,Passenger,10 to 14,Major,,,Other,,,,,,,,,,,,Yes,,Yes,,,Yes,,Yes,Yes,,,21,Humber Summit,21,Humber Summit (21),D31,615255.4242,4845350.745
8250,7663030,1293309,5/9/2012 8:00:00 AM,1528,ISLINGTON AVE,MILADY RD,,Major Arterial,Etobicoke York,43.752245,-79.56839,At Intersection,Traffic Signal,Other,Daylight,Other,Non-Fatal Injury,Turning Movement,Vehicle Owner,unknown,,,,Other,,,,,,,,,,,,Yes,,Yes,,,Yes,,Yes,Yes,,,21,Humber Summit,21,Humber Summit (21),D31,615255.4242,4845350.745
8251,7663031,1293309,5/9/2012 8:00:00 AM,1528,ISLINGTON AVE,MILADY RD,,Major Arterial,Etobicoke York,43.752245,-79.56839,At Intersection,Traffic Signal,Other,Daylight,Other,Non-Fatal Injury,Turning Movement,Driver,20 to 24,Minor,,West,"Automobile, Station Wagon",Turning Left,Driving Properly,Normal,,,,,,,,,Yes,,Yes,,,Yes,,Yes,Yes,,,21,Humber Summit,21,Humber Summit (21),D31,615255.4242,4845350.745
8252,7433404,1302130,5/10/2012 8:00:00 AM,1015,DUNDAS ST W,GORE VALE AVE,,Major Arterial,Toronto and East York,43.650845,-79.41339,,No Control,Clear,Daylight,Dry,Non-Fatal Injury,Cyclist Collisions,Vehicle Owner,unknown,,,,Other,,,,,,,,,,,Yes,Yes,,,,,,,Yes,,,,81,Trinity-Bellwoods,81,Trinity-Bellwoods (81),D14,627949.7192,4834316.207
8253,7433405,1302130,5/10/2012 8:00:00 AM,1015,DUNDAS ST W,GORE VALE AVE,,Major Arterial,Toronto and East York,43.650845,-79.41339,,No Control,Clear,Daylight,Dry,Non-Fatal Injury,Cyclist Collisions,Driver,25 to 29,None,,East,"Automobile, Station Wagon",Going Ahead,Improper Passing,Normal,,,,,,,,Yes,Yes,,,,,,,Yes,,,,81,Trinity-Bellwoods,81,Trinity-Bellwoods (81),D14,627949.7192,4834316.207
8254,7433406,1302130,5/10/2012 8:00:00 AM,1015,DUNDAS ST W,GORE VALE AVE,,Major Arterial,Toronto and East York,43.650845,-79.41339,,No Control,Clear,Daylight,Dry,Non-Fatal Injury,Cyclist Collisions,Cyclist,65 to 69,Major,,East,Bicycle,Going Ahead,,,,,,Cyclist and Driver travelling in same direction. One vehicle sideswipes the other.,Driving Properly,Normal,,Yes,Yes,,,,,,,Yes,,,,81,Trinity-Bellwoods,81,Trinity-Bellwoods (81),D14,627949.7192,4834316.207
8255,7433286,1302089,5/10/2012 8:00:00 AM,1810,PETER ST,ADELAIDE ST W,,Major Arterial,Toronto and East York,43.647245,-79.39279,,No Control,Clear,Dusk,Dry,Non-Fatal Injury,Cyclist Collisions,Driver,45 to 49,None,,North,"Automobile, Station Wagon",Stopped,Driving Properly,Normal,,,,,,,,Yes,Yes,,,,,,,,,,,164,Wellington Place,77,Waterfront Communities-The Island (77),D52,629618.7351,4833948.3487
8256,7433287,1302089,5/10/2012 8:00:00 AM,1810,PETER ST,ADELAIDE ST W,,Major Arterial,Toronto and East York,43.647245,-79.39279,,No Control,Clear,Dusk,Dry,Non-Fatal Injury,Cyclist Collisions,Cyclist,20 to 24,Major,,North,Bicycle,Overtaking,,,,,,Cyclist struck opened vehicle door,Driving Properly,Unknown,,Yes,Yes,,,,,,,,,,,164,Wellington Place,77,Waterfront Communities-The Island (77),D52,629618.7351,4833948.3487
8257,7414248,1293835,5/11/2012 8:00:00 AM,1239,DUPLEX AVE,ANDERSON AVE,,Collector,Toronto and East York,43.704245,-79.40049,At Intersection,Stop Sign,Clear,Daylight,Dry,Fatal,Pedestrian Collisions,Vehicle Owner,unknown,,,,Other,,,,,,,,,,Yes,,Yes,,,,,,,,,,,100,Yonge-Eglinton,100,Yonge-Eglinton (100),D53,628875.6594,4840266.9717
8258,7414249,1293835,5/11/2012 8:00:00 AM,1239,DUPLEX AVE,ANDERSON AVE,,Collector,Toronto and East York,43.704245,-79.40049,At Intersection,Stop Sign,Clear,Daylight,Dry,Fatal,Pedestrian Collisions,Driver,45 to 49,None,,East,"Automobile, Station Wagon",Turning Left,Improper Turn,Inattentive,,,,,,,Yes,,Yes,,,,,,,,,,,100,Yonge-Eglinton,100,Yonge-Eglinton (100),D53,628875.6594,4840266.9717
8259,7414250,1293835,5/11/2012 8:00:00 AM,1239,DUPLEX AVE,ANDERSON AVE,,Collector,Toronto and East York,43.704245,-79.40049,At Intersection,Stop Sign,Clear,Daylight,Dry,Fatal,Pedestrian Collisions,Pedestrian,80 to 84,Fatal,14,West,Other,,,,Vehicle turns left while ped crosses with ROW at inter.,Crossing with right of way,Normal,,,,Yes,,Yes,,,,,,,,,,,100,Yonge-Eglinton,100,Yonge-Eglinton (100),D53,628875.6594,4840266.9717
8260,7414463,1293945,5/12/2012 8:00:00 AM,2133,SHEPPARD AVE W,BATHURST ST W,,Major Arterial,North York,43.755445,-79.43849,At Intersection,Traffic Signal,Clear,"Dark, artificial",Dry,Non-Fatal Injury,Turning Movement,Passenger,80 to 84,Minor,,,Other,,,,,,,,,,,,Yes,,,,,Yes,,Yes,,,,33,Clanton Park,33,Clanton Park (33),D32,625706.7404,4845895.0985
8261,7414464,1293945,5/12/2012 8:00:00 AM,2133,SHEPPARD AVE W,BATHURST ST W,,Major Arterial,North York,43.755445,-79.43849,At Intersection,Traffic Signal,Clear,"Dark, artificial",Dry,Non-Fatal Injury,Turning Movement,Driver,80 to 84,Major,,West,"Automobile, Station Wagon",Turning Left,Failed to Yield Right of Way,Inattentive,,,,,,,,,Yes,,,,,Yes,,Yes,,,,33,Clanton Park,33,Clanton Park (33),D32,625706.7404,4845895.0985
8262,7414465,1293945,5/12/2012 8:00:00 AM,2133,SHEPPARD AVE W,BATHURST ST W,,Major Arterial,North York,43.755445,-79.43849,At Intersection,Traffic Signal,Clear,"Dark, artificial",Dry,Non-Fatal Injury,Turning Movement,Driver,20 to 24,Minimal,,East,"Automobile, Station Wagon",Going Ahead,Driving Properly,Unknown,,,,,,,,,Yes,,,,,Yes,,Yes,,,,33,Clanton Park,33,Clanton Park (33),D32,625706.7404,4845895.0985
8263,7435503,1303045,5/14/2012 8:00:00 AM,1936,WARDEN AVE,HUNTINGWOOD DR,,Major Arterial,Scarborough,43.785445,-79.31089,At Intersection,Traffic Signal,Clear,Dusk,Dry,Non-Fatal Injury,Turning Movement,Vehicle Owner,unknown,,,,Other,,,,,,,,,,,,Yes,Yes,,,,,Yes,Yes,,,,118,Tam O'Shanter-Sullivan,118,Tam O'Shanter-Sullivan (118),D42,635911.0973,4849428.6397
8264,7435504,1303045,5/14/2012 8:00:00 AM,1936,WARDEN AVE,HUNTINGWOOD DR,,Major Arterial,Scarborough,43.785445,-79.31089,At Intersection,Traffic Signal,Clear,Dusk,Dry,Non-Fatal Injury,Turning Movement,Motorcycle Driver,20 to 24,Major,,South,Motorcycle,Going Ahead,Exceeding Speed Limit,Normal,,,,,,,,,Yes,Yes,,,,,Yes,Yes,,,,118,Tam O'Shanter-Sullivan,118,Tam O'Shanter-Sullivan (118),D42,635911.0973,4849428.6397
8265,7435505,1303045,5/14/2012 8:00:00 AM,1936,WARDEN AVE,HUNTINGWOOD DR,,Major Arterial,Scarborough,43.785445,-79.31089,At Intersection,Traffic Signal,Clear,Dusk,Dry,Non-Fatal Injury,Turning Movement,Driver,25 to 29,None,,North,"Automobile, Station Wagon",Turning Left,Driving Properly,Normal,,,,,,,,,Yes,Yes,,,,,Yes,Yes,,,,118,Tam O'Shanter-Sullivan,118,Tam O'Shanter-Sullivan (118),D42,635911.0973,4849428.6397
8266,7415617,1294470,5/15/2012 8:00:00 AM,1320,KIPLING AVE,PRINCE GEORGE DR,,Major Arterial,Etobicoke York,43.667645,-79.54669,,Stop Sign,Clear,Daylight,Dry,Non-Fatal Injury,Cyclist Collisions,Driver,60 to 64,None,,East,"Automobile, Station Wagon",Turning Right,Failed to Yield Right of Way,Inattentive,,,,,,,,Yes,Yes,,,,,,,Yes,,,,10,Princess-Rosethorn,10,Princess-Rosethorn (10),D22,617167.1736,4835985.1708
8267,7415618,1294470,5/15/2012 8:00:00 AM,1320,KIPLING AVE,PRINCE GEORGE DR,,Major Arterial,Etobicoke York,43.667645,-79.54669,,Stop Sign,Clear,Daylight,Dry,Non-Fatal Injury,Cyclist Collisions,Cyclist,50 to 54,Major,,North,Bicycle,Going Ahead,,,,,,"Motorist turns right at non-signal Inter.(stop, yield, no cont.,and dwy) and strikes cyclist.",Driving Properly,Inattentive,,Yes,Yes,,,,,,,Yes,,,,10,Princess-Rosethorn,10,Princess-Rosethorn (10),D22,617167.1736,4835985.1708
8268,7415478,1294403,5/15/2012 8:00:00 AM,1426,WESTON RD,STEELES AVE W,,Major Arterial,Etobicoke York,43.770245,-79.54649,At Intersection,Traffic Signal,Clear,Daylight,Dry,Fatal,Pedestrian Collisions,Pedestrian,75 to 79,Fatal,15,South,Other,,,,Vehicle turns right while ped crosses with ROW at inter.,Crossing with right of way,Normal,,,,Yes,,,,Yes,,,,,Yes,,,,21,Humber Summit,21,Humber Summit (21),D31,616983.4667,4847380.6147
8269,7415479,1294403,5/15/2012 8:00:00 AM,1426,WESTON RD,STEELES AVE W,,Major Arterial,Etobicoke York,43.770245,-79.54649,At Intersection,Traffic Signal,Clear,Daylight,Dry,Fatal,Pedestrian Collisions,Vehicle Owner,unknown,,,,Other,,,,,,,,,,Yes,,,,Yes,,,,,Yes,,,,21,Humber Summit,21,Humber Summit (21),D31,616983.4667,4847380.6147
8270,7415480,1294403,5/15/2012 8:00:00 AM,1426,WESTON RD,STEELES AVE W,,Major Arterial,Etobicoke York,43.770245,-79.54649,At Intersection,Traffic Signal,Clear,Daylight,Dry,Fatal,Pedestrian Collisions,Truck Driver,30 to 34,None,,South,Truck - Open,Turning Right,Failed to Yield Right of Way,Inattentive,,,,,,,Yes,,,,Yes,,,,,Yes,,,,21,Humber Summit,21,Humber Summit (21),D31,616983.4667,4847380.6147
8271,7416556,1294902,5/19/2012 8:00:00 AM,1141,FINCH AVE W,DRIFTWOOD AVE,,Major Arterial,Etobicoke York,43.749445,-79.55449,At Intersection,No Control,Clear,Daylight,Dry,Non-Fatal Injury,Cyclist Collisions,Driver,40 to 44,None,,East,"Automobile, Station Wagon",Going Ahead,Driving Properly,Normal,,,,,,,,Yes,Yes,,,,,,,,,,,22,Humbermede,22,Humbermede (22),D31,616379.9137,4845059.1986
8272,7416557,1294902,5/19/2012 8:00:00 AM,1141,FINCH AVE W,DRIFTWOOD AVE,,Major Arterial,Etobicoke York,43.749445,-79.55449,At Intersection,No Control,Clear,Daylight,Dry,Non-Fatal Injury,Cyclist Collisions,Cyclist,45 to 49,Major,,West,Bicycle,Unknown,,,,,,"Cyclist loses control and strikes object (pole, ttc track)",Lost control,Medical or Physical Disability,,Yes,Yes,,,,,,,,,,,22,Humbermede,22,Humbermede (22),D31,616379.9137,4845059.1986
8273,7437666,1303942,5/21/2012 8:00:00 AM,640,GOODWOOD AVE,SELLERS AVE,,Local,Toronto and East York,43.680945,-79.44479,,No Control,Clear,Daylight,Dry,Non-Fatal Injury,Cyclist Collisions,Vehicle Owner,unknown,,,,Other,,,,,,,,,,,Yes,Yes,,,,,,,,,,,92,Corso Italia-Davenport,92,Corso Italia-Davenport (92),D13,625354.8223,4837611.275
8274,7437667,1303942,5/21/2012 8:00:00 AM,640,GOODWOOD AVE,SELLERS AVE,,Local,Toronto and East York,43.680945,-79.44479,,No Control,Clear,Daylight,Dry,Non-Fatal Injury,Cyclist Collisions,Driver,25 to 29,None,,West,"Automobile, Station Wagon",Going Ahead,Driving Properly,Normal,,,,,,,,Yes,Yes,,,,,,,,,,,92,Corso Italia-Davenport,92,Corso Italia-Davenport (92),D13,625354.8223,4837611.275
8275,7437668,1303942,5/21/2012 8:00:00 AM,640,GOODWOOD AVE,SELLERS AVE,,Local,Toronto and East York,43.680945,-79.44479,,No Control,Clear,Daylight,Dry,Non-Fatal Injury,Cyclist Collisions,Cyclist,10 to 14,Major,,South,Bicycle,Going Ahead,,,,,,"Cyclist without ROW rides into path of motorist at inter, lnwy, dwy-Cyclist not turn.",Failed to Yield Right of Way,Inattentive,,Yes,Yes,,,,,,,,,,,92,Corso Italia-Davenport,92,Corso Italia-Davenport (92),D13,625354.8223,4837611.275
8276,7437522,1303894,5/23/2012 8:00:00 AM,1835,QUEEN ST E,OLD BREWERY  LANE,,Major Arterial,Toronto and East York,43.657645,-79.35519,At Intersection,No Control,Clear,Daylight,Dry,Non-Fatal Injury,Turning Movement,Driver,30 to 34,Major,,East,"Automobile, Station Wagon",Going Ahead,Driving Properly,Normal,,,,,,,,,Yes,,,,,,,Yes,,,,73,Moss Park,73,Moss Park (73),D51,632628.2487,4835162.8204
8277,7437523,1303894,5/23/2012 8:00:00 AM,1835,QUEEN ST E,OLD BREWERY  LANE,,Major Arterial,Toronto and East York,43.657645,-79.35519,At Intersection,No Control,Clear,Daylight,Dry,Non-Fatal Injury,Turning Movement,Vehicle Owner,unknown,,,,Other,,,,,,,,,,,,Yes,,,,,,,Yes,,,,73,Moss Park,73,Moss Park (73),D51,632628.2487,4835162.8204
8278,7437524,1303894,5/23/2012 8:00:00 AM,1835,QUEEN ST E,OLD BREWERY  LANE,,Major Arterial,Toronto and East York,43.657645,-79.35519,At Intersection,No Control,Clear,Daylight,Dry,Non-Fatal Injury,Turning Movement,Driver,60 to 64,Major,,West,"Automobile, Station Wagon",Turning Left,Failed to Yield Right of Way,Normal,,,,,,,,,Yes,,,,,,,Yes,,,,73,Moss Park,73,Moss Park (73),D51,632628.2487,4835162.8204
8279,7440069,1304934,5/24/2012 8:00:00 AM,1427,ROSEDALE VALLEY RD,BAYVIEW S ROSEDALE VL RAMP,,Minor Arterial,Toronto and East York,43.670245,-79.36169,At Intersection,No Control,Clear,Daylight,Dry,Non-Fatal Injury,Cyclist Collisions,Driver,30 to 34,None,,East,"Automobile, Station Wagon",Changing Lanes,Improper Lane Change,Normal,,,,,,,,Yes,Yes,,,,,,,,,,,71,Cabbagetown-South St.James Town,71,Cabbagetown-South St.James Town (71),D51,632076.4849,4836551.8498
8280,7440070,1304934,5/24/2012 8:00:00 AM,1427,ROSEDALE VALLEY RD,BAYVIEW S ROSEDALE VL RAMP,,Minor Arterial,Toronto and East York,43.670245,-79.36169,At Intersection,No Control,Clear,Daylight,Dry,Non-Fatal Injury,Cyclist Collisions,Cyclist,60 to 64,Major,,East,Bicycle,Merging,,,,,,Cyclist and Driver travelling in same direction. One vehicle sideswipes the other.,Driving Properly,Normal,,Yes,Yes,,,,,,,,,,,71,Cabbagetown-South St.James Town,71,Cabbagetown-South St.James Town (71),D51,632076.4849,4836551.8498
8281,7438895,1304471,5/24/2012 8:00:00 AM,1905,CHURCH ST,WESTON RD,,Minor Arterial,Etobicoke York,43.703045,-79.52539,At Intersection,Traffic Signal,Clear,Daylight,Dry,Non-Fatal Injury,Cyclist Collisions,Driver,35 to 39,None,,West,"Automobile, Station Wagon",Turning Right,Improper Turn,Inattentive,,,,,,,,Yes,Yes,,,,,,,,,,,113,Weston,113,Weston (113),D12,618814.5069,4839947.1173
8282,7438896,1304471,5/24/2012 8:00:00 AM,1905,CHURCH ST,WESTON RD,,Minor Arterial,Etobicoke York,43.703045,-79.52539,At Intersection,Traffic Signal,Clear,Daylight,Dry,Non-Fatal Injury,Cyclist Collisions,Cyclist,60 to 64,Major,,South,Bicycle,Stopped,,,,,,Motorist turning right on red at signalized intersection strikes cyclist.,Driving Properly,Normal,,Yes,Yes,,,,,,,,,,,113,Weston,113,Weston (113),D12,618814.5069,4839947.1173
8283,7438358,1304249,5/26/2012 8:00:00 AM,1044,BATHURST St,BRIAR HILL Ave,,Major Arterial,North York,43.707945,-79.42709,At Intersection,Traffic Signal,Clear,Daylight,Dry,Non-Fatal Injury,Rear End,Motorcycle Driver,20 to 24,Major,,South,Motorcycle,Going Ahead,Lost control,Normal,,,,,,,,,Yes,Yes,,,,,,,,,,102,Forest Hill North,102,Forest Hill North (102),D13,626724.628,4840636.9017
8284,7438359,1304249,5/26/2012 8:00:00 AM,1044,BATHURST St,BRIAR HILL Ave,,Major Arterial,North York,43.707945,-79.42709,At Intersection,Traffic Signal,Clear,Daylight,Dry,Non-Fatal Injury,Rear End,Driver,50 to 54,None,,South,"Automobile, Station Wagon",Stopped,Driving Properly,Normal,,,,,,,,,Yes,Yes,,,,,,,,,,102,Forest Hill North,102,Forest Hill North (102),D13,626724.628,4840636.9017
8285,7514422,1295871,5/27/2012 8:00:00 AM,1240,22 DELHI AVE,,,Local,North York,43.742343,-79.418292,,No Control,Clear,Daylight,Dry,Fatal,Pedestrian Collisions,Driver,50 to 54,None,,North,"Automobile, Station Wagon",Reversing,Other,Inattentive,,,,,,,Yes,,Yes,,,,,,,,,,,39,Bedford Park-Nortown,39,Bedford Park-Nortown (39),D32,627360.5467,4844470.7808
8286,7514423,1295871,5/27/2012 8:00:00 AM,1240,22 DELHI AVE,,,Local,North York,43.742343,-79.418292,,No Control,Clear,Daylight,Dry,Fatal,Pedestrian Collisions,Pedestrian,80 to 84,Fatal,16,West,Other,,,,Vehicle is reversing and hits pedestrian,Walking on Roadway Against Traffic,Medical or Physical Disability,,,,Yes,,Yes,,,,,,,,,,,39,Bedford Park-Nortown,39,Bedford Park-Nortown (39),D32,627360.5467,4844470.7808
8287,7440053,1304929,5/29/2012 8:00:00 AM,1836,HUDSON DR,INGLEWOOD DR E,,Local,Toronto and East York,43.690945,-79.37619,,No Control,Clear,Daylight,Dry,Non-Fatal Injury,SMV Unattended Vehicle,Driver,75 to 79,Major,,North,"Automobile, Station Wagon",Reversing,Other,Normal,,,,,,,,,Yes,,,,,,Yes,Yes,,,,98,Rosedale-Moore Park,98,Rosedale-Moore Park (98),D53,630862.5072,4838827.8834
8288,7440054,1304929,5/29/2012 8:00:00 AM,1836,HUDSON DR,INGLEWOOD DR E,,Local,Toronto and East York,43.690945,-79.37619,,No Control,Clear,Daylight,Dry,Non-Fatal Injury,SMV Unattended Vehicle,Other,unknown,None,,South,Other,Parked,,,,,,,,,,,Yes,,,,,,Yes,Yes,,,,98,Rosedale-Moore Park,98,Rosedale-Moore Park (98),D53,630862.5072,4838827.8834
8289,7440055,1304929,5/29/2012 8:00:00 AM,1836,HUDSON DR,INGLEWOOD DR E,,Local,Toronto and East York,43.690945,-79.37619,,No Control,Clear,Daylight,Dry,Non-Fatal Injury,SMV Unattended Vehicle,Other,unknown,None,,North,Other,Parked,,,,,,,,,,,Yes,,,,,,Yes,Yes,,,,98,Rosedale-Moore Park,98,Rosedale-Moore Park (98),D53,630862.5072,4838827.8834
8290,7440056,1304929,5/29/2012 8:00:00 AM,1836,HUDSON DR,INGLEWOOD DR E,,Local,Toronto and East York,43.690945,-79.37619,,No Control,Clear,Daylight,Dry,Non-Fatal Injury,SMV Unattended Vehicle,Other,unknown,None,,North,Other,Parked,,,,,,,,,,,Yes,,,,,,Yes,Yes,,,,98,Rosedale-Moore Park,98,Rosedale-Moore Park (98),D53,630862.5072,4838827.8834
8291,7439774,1304816,5/30/2012 8:00:00 AM,900,VICTORIA PARK AVE,SUNRISE AVE,,Major Arterial,North York,43.719745,-79.30059,At Intersection,Traffic Signal,Clear,Daylight,Dry,Non-Fatal Injury,Pedestrian Collisions,Driver,75 to 79,None,,East,"Automobile, Station Wagon",Turning Left,Failed to Yield Right of Way,Inattentive,,,,,,,Yes,,Yes,,,,,,,Yes,,,,43,Victoria Village,43,Victoria Village (43),D55,636889.5921,4842148.6221