OBJECTID,INDEX,ACCNUM,DATE,TIME,STREET1,STREET2,OFFSET,ROAD_CLASS,DISTRICT,LATITUDE,LONGITUDE,ACCLOC,TRAFFCTL,VISIBILITY,LIGHT,RDSFCOND,ACCLASS,IMPACTYPE,INVTYPE,INVAGE,INJURY,FATAL_NO,INITDIR,VEHTYPE,MANOEUVER,DRIVACT,DRIVCOND,PEDTYPE,PEDACT,PEDCOND,CYCLISTYPE,CYCACT,CYCCOND,PEDESTRIAN,CYCLIST,AUTOMOBILE,MOTORCYCLE,TRUCK,TRSN_CITY_VEH,EMERG_VEH,PASSENGER,SPEEDING,AG_DRIV,REDLIGHT,ALCOHOL,DISABILITY,HOOD_158,NEIGHBOURHOOD_158,HOOD_140,NEIGHBOURHOOD_140,DIVISION,x,y
8292,7439775,1304816,5/30/2012 8:00:00 AM,900,VICTORIA PARK AVE,SUNRISE AVE,,Major Arterial,North York,43.719745,-79.30059,At Intersection,Traffic Signal,Clear,Daylight,Dry,Non-Fatal Injury,Pedestrian Collisions,Pedestrian,60 to 64,Major,,West,Other,,,,Vehicle turns left while ped crosses with ROW at inter.,Crossing with right of way,Normal,,,,Yes,,Yes,,,,,,,Yes,,,,43,Victoria Village,43,Victoria Village (43),D55,636889.5921,4842148.6221
8293,7440081,1304939,5/30/2012 8:00:00 AM,1315,DUNDAS ST W,MANNING AVE,,Major Arterial,Toronto and East York,43.651345,-79.41089,At Intersection,Traffic Signal,Clear,Daylight,Dry,Non-Fatal Injury,Cyclist Collisions,Driver,25 to 29,None,,East,"Automobile, Station Wagon",Stopped,Driving Properly,Normal,,,,,,,,Yes,Yes,,,,,,,,,,,81,Trinity-Bellwoods,81,Trinity-Bellwoods (81),D14,628150.2665,4834375.5962
8294,7440082,1304939,5/30/2012 8:00:00 AM,1315,DUNDAS ST W,MANNING AVE,,Major Arterial,Toronto and East York,43.651345,-79.41089,At Intersection,Traffic Signal,Clear,Daylight,Dry,Non-Fatal Injury,Cyclist Collisions,Cyclist,40 to 44,Major,,East,Bicycle,Going Ahead,,,,,,Cyclist and Driver travelling in same direction. One vehicle rear-ended the other.,Lost control,Fatigue,,Yes,Yes,,,,,,,,,,,81,Trinity-Bellwoods,81,Trinity-Bellwoods (81),D14,628150.2665,4834375.5962
8295,7420895,1296801,6/1/2012 8:00:00 AM,645,BLACK CREEK DR,EGLINTON AVE W,,Major Arterial,Etobicoke York,43.688296,-79.482837,At Intersection,Traffic Signal,Rain,Daylight,Wet,Non-Fatal Injury,Angle,Vehicle Owner,unknown,,,,,,,,,,,,,,,,Yes,,,,,Yes,,Yes,Yes,,,110,Keelesdale-Eglinton West,110,Keelesdale-Eglinton West (110),D12,622273.1519,4838370.9018
8296,7420896,1296801,6/1/2012 8:00:00 AM,645,BLACK CREEK DR,EGLINTON AVE W,,Major Arterial,Etobicoke York,43.688296,-79.482837,At Intersection,Traffic Signal,Rain,Daylight,Wet,Non-Fatal Injury,Angle,Driver,50 to 54,None,,East,"Automobile, Station Wagon",Going Ahead,Driving Properly,Normal,,,,,,,,,Yes,,,,,Yes,,Yes,Yes,,,110,Keelesdale-Eglinton West,110,Keelesdale-Eglinton West (110),D12,622273.1519,4838370.9018
8297,7420897,1296801,6/1/2012 8:00:00 AM,645,BLACK CREEK DR,EGLINTON AVE W,,Major Arterial,Etobicoke York,43.688296,-79.482837,At Intersection,Traffic Signal,Rain,Daylight,Wet,Non-Fatal Injury,Angle,Passenger,55 to 59,Major,,,,,,,,,,,,,,,Yes,,,,,Yes,,Yes,Yes,,,110,Keelesdale-Eglinton West,110,Keelesdale-Eglinton West (110),D12,622273.1519,4838370.9018
8298,7420898,1296801,6/1/2012 8:00:00 AM,645,BLACK CREEK DR,EGLINTON AVE W,,Major Arterial,Etobicoke York,43.688296,-79.482837,At Intersection,Traffic Signal,Rain,Daylight,Wet,Non-Fatal Injury,Angle,Driver,45 to 49,Minor,,South,"Automobile, Station Wagon",Going Ahead,Disobeyed Traffic Control,Normal,,,,,,,,,Yes,,,,,Yes,,Yes,Yes,,,110,Keelesdale-Eglinton West,110,Keelesdale-Eglinton West (110),D12,622273.1519,4838370.9018
8299,7420899,1296801,6/1/2012 8:00:00 AM,645,BLACK CREEK DR,EGLINTON AVE W,,Major Arterial,Etobicoke York,43.688296,-79.482837,At Intersection,Traffic Signal,Rain,Daylight,Wet,Non-Fatal Injury,Angle,Vehicle Owner,unknown,,,,,,,,,,,,,,,,Yes,,,,,Yes,,Yes,Yes,,,110,Keelesdale-Eglinton West,110,Keelesdale-Eglinton West (110),D12,622273.1519,4838370.9018
8300,7420900,1296801,6/1/2012 8:00:00 AM,645,BLACK CREEK DR,EGLINTON AVE W,,Major Arterial,Etobicoke York,43.688296,-79.482837,At Intersection,Traffic Signal,Rain,Daylight,Wet,Non-Fatal Injury,Angle,Driver,40 to 44,Minor,,East,"Automobile, Station Wagon",Going Ahead,Driving Properly,Normal,,,,,,,,,Yes,,,,,Yes,,Yes,Yes,,,110,Keelesdale-Eglinton West,110,Keelesdale-Eglinton West (110),D12,622273.1519,4838370.9018
8301,7441006,1305291,6/2/2012 8:00:00 AM,1218,32 SUNCREST DR,,,Local,North York,43.726645,-79.35879,,No Control,Clear,Daylight,Dry,Non-Fatal Injury,Cyclist Collisions,Driver,70 to 74,None,,North,"Automobile, Station Wagon",Reversing,Other,Inattentive,,,,,,,,Yes,Yes,,,,,,,,,,,41,Bridle Path-Sunnybrook-York Mills,41,Bridle Path-Sunnybrook-York Mills (41),D33,632186.2831,4842820.483
8302,7441007,1305291,6/2/2012 8:00:00 AM,1218,32 SUNCREST DR,,,Local,North York,43.726645,-79.35879,,No Control,Clear,Daylight,Dry,Non-Fatal Injury,Cyclist Collisions,Cyclist,50 to 54,Major,,West,Bicycle,Going Ahead,,,,,,Motorist reversing struck cyclist.,Other,Normal,,Yes,Yes,,,,,,,,,,,41,Bridle Path-Sunnybrook-York Mills,41,Bridle Path-Sunnybrook-York Mills (41),D33,632186.2831,4842820.483
8303,7527603,1305187,6/3/2012 8:00:00 AM,1720,COLLEGE ST,BORDEN ST,,Major Arterial,Toronto and East York,43.657145,-79.40519,At Intersection,No Control,Clear,Daylight,Dry,Non-Fatal Injury,Cyclist Collisions,Driver,25 to 29,None,,East,Other,Parked,Other,Normal,,,,,,,,Yes,,,,,,,,,,,,79,University,79,University (79),D14,628597.5546,4835028.5806
8304,7527604,1305187,6/3/2012 8:00:00 AM,1720,COLLEGE ST,BORDEN ST,,Major Arterial,Toronto and East York,43.657145,-79.40519,At Intersection,No Control,Clear,Daylight,Dry,Non-Fatal Injury,Cyclist Collisions,Cyclist,20 to 24,Major,,East,Bicycle,Going Ahead,,,,,,Cyclist struck opened vehicle door,Driving Properly,Normal,,Yes,,,,,,,,,,,,79,University,79,University (79),D14,628597.5546,4835028.5806
8305,7440701,1305179,6/3/2012 8:00:00 AM,1915,KINGSTON RD,MEADOWVALE RD,,Minor Arterial,Scarborough,43.788745,-79.16219,At Intersection,No Control,Clear,Daylight,Dry,Non-Fatal Injury,Turning Movement,Motorcycle Driver,40 to 44,Major,,West,Motorcycle,Going Ahead,Driving Properly,Normal,,,,,,,,,Yes,Yes,,,,,,,,,Yes,134,Highland Creek,134,Highland Creek (134),D43,647867.9749,4850050.0609
8306,7440702,1305179,6/3/2012 8:00:00 AM,1915,KINGSTON RD,MEADOWVALE RD,,Minor Arterial,Scarborough,43.788745,-79.16219,At Intersection,No Control,Clear,Daylight,Dry,Non-Fatal Injury,Turning Movement,Driver,40 to 44,None,,East,"Automobile, Station Wagon",Turning Left,Improper Turn,Medical or Physical Disability,,,,,,,,,Yes,Yes,,,,,,,,,Yes,134,Highland Creek,134,Highland Creek (134),D43,647867.9749,4850050.0609
8307,7441269,1305388,6/4/2012 8:00:00 AM,1000,LOBB AVE,SHAW ST,,Collector,Toronto and East York,43.646945,-79.41709,At Intersection,Traffic Signal,Clear,Daylight,Dry,Non-Fatal Injury,Cyclist Collisions,Driver,50 to 54,None,,North,"Automobile, Station Wagon",Turning Left,Failed to Yield Right of Way,Normal,,,,,,,,Yes,Yes,,,,,,,Yes,,,,81,Trinity-Bellwoods,81,Trinity-Bellwoods (81),D14,627659.5972,4833877.363
8308,7441270,1305388,6/4/2012 8:00:00 AM,1000,LOBB AVE,SHAW ST,,Collector,Toronto and East York,43.646945,-79.41709,At Intersection,Traffic Signal,Clear,Daylight,Dry,Non-Fatal Injury,Cyclist Collisions,Cyclist,30 to 34,Major,,East,Bicycle,Going Ahead,,,,,,Motorist turned left across cyclists path.,Driving Properly,Normal,,Yes,Yes,,,,,,,Yes,,,,81,Trinity-Bellwoods,81,Trinity-Bellwoods (81),D14,627659.5972,4833877.363
8309,7440929,1305265,6/4/2012 8:00:00 AM,1739,O CONNOR DR,WOODMOUNT AVE,,Major Arterial,Toronto and East York,43.699445,-79.32139,,No Control,Rain,Daylight,Wet,Non-Fatal Injury,Other,Moped Driver,55 to 59,Major,,East,"Automobile, Station Wagon",Going Ahead,Lost control,Normal,,,,,,,,Yes,Yes,,,,,,,,,,,58,Old East York,58,Old East York (58),D55,635259.7641,4839859.8703
8310,7441349,1305424,6/5/2012 8:00:00 AM,647,SHERBOURNE ST,HOWARD ST,,Minor Arterial,Toronto and East York,43.671245,-79.37639,At Intersection,Traffic Signal,Clear,Daylight,Dry,Non-Fatal Injury,Other,Vehicle Owner,unknown,,,,Other,,,,,,,,,,,,,,,Yes,,Yes,,,,,,74,North St.James Town,74,North St.James Town (74),D51,630889.2211,4836639.6133
8311,7441350,1305424,6/5/2012 8:00:00 AM,647,SHERBOURNE ST,HOWARD ST,,Minor Arterial,Toronto and East York,43.671245,-79.37639,At Intersection,Traffic Signal,Clear,Daylight,Dry,Non-Fatal Injury,Other,Driver,55 to 59,None,,North,Municipal Transit Bus (TTC),Slowing or Stopping,Driving Properly,Normal,,,,,,,,,,,,Yes,,Yes,,,,,,74,North St.James Town,74,North St.James Town (74),D51,630889.2211,4836639.6133
8312,7441351,1305424,6/5/2012 8:00:00 AM,647,SHERBOURNE ST,HOWARD ST,,Minor Arterial,Toronto and East York,43.671245,-79.37639,At Intersection,Traffic Signal,Clear,Daylight,Dry,Non-Fatal Injury,Other,Passenger,65 to 69,Major,,,Other,,,,,,,,,,,,,,,Yes,,Yes,,,,,,74,North St.James Town,74,North St.James Town (74),D51,630889.2211,4836639.6133
8313,7441187,1305359,6/5/2012 8:00:00 AM,1725,BLOOR ST W,DUFFERIN ST,,Major Arterial,Toronto and East York,43.659845,-79.43539,,Traffic Signal,Clear,Daylight,Dry,Non-Fatal Injury,Cyclist Collisions,Passenger,unknown,None,,,Other,,,,,,,,,,,Yes,Yes,,,,,Yes,,,,,,83,Dufferin Grove,83,Dufferin Grove (83),D11,626156.6981,4835282.0888
8314,7441188,1305359,6/5/2012 8:00:00 AM,1725,BLOOR ST W,DUFFERIN ST,,Major Arterial,Toronto and East York,43.659845,-79.43539,,Traffic Signal,Clear,Daylight,Dry,Non-Fatal Injury,Cyclist Collisions,Passenger,unknown,None,,,Other,,,,,,,,,,,Yes,Yes,,,,,Yes,,,,,,83,Dufferin Grove,83,Dufferin Grove (83),D11,626156.6981,4835282.0888
8315,7441189,1305359,6/5/2012 8:00:00 AM,1725,BLOOR ST W,DUFFERIN ST,,Major Arterial,Toronto and East York,43.659845,-79.43539,,Traffic Signal,Clear,Daylight,Dry,Non-Fatal Injury,Cyclist Collisions,Vehicle Owner,unknown,,,,Other,,,,,,,,,,,Yes,Yes,,,,,Yes,,,,,,83,Dufferin Grove,83,Dufferin Grove (83),D11,626156.6981,4835282.0888
8316,7441190,1305359,6/5/2012 8:00:00 AM,1725,BLOOR ST W,DUFFERIN ST,,Major Arterial,Toronto and East York,43.659845,-79.43539,,Traffic Signal,Clear,Daylight,Dry,Non-Fatal Injury,Cyclist Collisions,Driver,50 to 54,None,,West,"Automobile, Station Wagon",Stopped,Other,Normal,,,,,,,,Yes,Yes,,,,,Yes,,,,,,83,Dufferin Grove,83,Dufferin Grove (83),D11,626156.6981,4835282.0888
8317,7441191,1305359,6/5/2012 8:00:00 AM,1725,BLOOR ST W,DUFFERIN ST,,Major Arterial,Toronto and East York,43.659845,-79.43539,,Traffic Signal,Clear,Daylight,Dry,Non-Fatal Injury,Cyclist Collisions,Cyclist,35 to 39,Major,,West,Bicycle,Going Ahead,,,,,,Cyclist struck opened vehicle door,Driving Properly,Normal,,Yes,Yes,,,,,Yes,,,,,,83,Dufferin Grove,83,Dufferin Grove (83),D11,626156.6981,4835282.0888
8318,7441309,1305406,6/5/2012 8:00:00 AM,1807,QUEEN ST W,PETER ST,,Major Arterial,Toronto and East York,43.649279,-79.393665,Intersection Related,Streetcar (Stop for),Clear,Daylight,Dry,Non-Fatal Injury,Pedestrian Collisions,Vehicle Owner,unknown,,,,,,,,,,,,,,Yes,Yes,,,,Yes,,,,,,,,164,Wellington Place,77,Waterfront Communities-The Island (77),D52,629543.7945,4834172.8846
8319,7441310,1305406,6/5/2012 8:00:00 AM,1807,QUEEN ST W,PETER ST,,Major Arterial,Toronto and East York,43.649279,-79.393665,Intersection Related,Streetcar (Stop for),Clear,Daylight,Dry,Non-Fatal Injury,Pedestrian Collisions,Driver - Not Hit,35 to 39,None,,East,Street Car,,,,,,,,,,Yes,Yes,,,,Yes,,,,,,,,164,Wellington Place,77,Waterfront Communities-The Island (77),D52,629543.7945,4834172.8846
8320,7441311,1305406,6/5/2012 8:00:00 AM,1807,QUEEN ST W,PETER ST,,Major Arterial,Toronto and East York,43.649279,-79.393665,Intersection Related,Streetcar (Stop for),Clear,Daylight,Dry,Non-Fatal Injury,Pedestrian Collisions,Pedestrian,60 to 64,Major,,South,,,,,Pedestrian hit at mid-block,Person Getting on/off Vehicle,Normal,,,,Yes,Yes,,,,Yes,,,,,,,,164,Wellington Place,77,Waterfront Communities-The Island (77),D52,629543.7945,4834172.8846
8321,7441312,1305406,6/5/2012 8:00:00 AM,1807,QUEEN ST W,PETER ST,,Major Arterial,Toronto and East York,43.649279,-79.393665,Intersection Related,Streetcar (Stop for),Clear,Daylight,Dry,Non-Fatal Injury,Pedestrian Collisions,Cyclist,20 to 24,None,,East,Bicycle,Going Ahead,,,,,,Cyclist strikes pedestrian.,Failed to Yield Right of Way,Inattentive,Yes,Yes,,,,Yes,,,,,,,,164,Wellington Place,77,Waterfront Communities-The Island (77),D52,629543.7945,4834172.8846
8322,7441253,1305383,6/5/2012 8:00:00 AM,2045,DUFFERIN ST,BLOOR ST W,,Major Arterial,Toronto and East York,43.659845,-79.43539,At Intersection,Traffic Signal,Clear,Dusk,Dry,Non-Fatal Injury,Cyclist Collisions,Driver,25 to 29,None,,North,"Automobile, Station Wagon",Going Ahead,Driving Properly,Normal,,,,,,,,Yes,Yes,,,,,Yes,,,,,,83,Dufferin Grove,83,Dufferin Grove (83),D11,626156.6981,4835282.0888
8323,7441254,1305383,6/5/2012 8:00:00 AM,2045,DUFFERIN ST,BLOOR ST W,,Major Arterial,Toronto and East York,43.659845,-79.43539,At Intersection,Traffic Signal,Clear,Dusk,Dry,Non-Fatal Injury,Cyclist Collisions,Passenger,30 to 34,None,,,Other,,,,,,,,,,,Yes,Yes,,,,,Yes,,,,,,83,Dufferin Grove,83,Dufferin Grove (83),D11,626156.6981,4835282.0888
8324,7441255,1305383,6/5/2012 8:00:00 AM,2045,DUFFERIN ST,BLOOR ST W,,Major Arterial,Toronto and East York,43.659845,-79.43539,At Intersection,Traffic Signal,Clear,Dusk,Dry,Non-Fatal Injury,Cyclist Collisions,Passenger,20 to 24,None,,,Other,,,,,,,,,,,Yes,Yes,,,,,Yes,,,,,,83,Dufferin Grove,83,Dufferin Grove (83),D11,626156.6981,4835282.0888
8325,7441256,1305383,6/5/2012 8:00:00 AM,2045,DUFFERIN ST,BLOOR ST W,,Major Arterial,Toronto and East York,43.659845,-79.43539,At Intersection,Traffic Signal,Clear,Dusk,Dry,Non-Fatal Injury,Cyclist Collisions,Cyclist,20 to 24,Major,,West,Bicycle,Going Ahead,,,,,,"Cyclist without ROW rides into path of motorist at inter, lnwy, dwy-Cyclist not turn.",Disobeyed Traffic Control,Unknown,,Yes,Yes,,,,,Yes,,,,,,83,Dufferin Grove,83,Dufferin Grove (83),D11,626156.6981,4835282.0888
8326,7441959,1305685,6/6/2012 8:00:00 AM,2231,YONGE ST,CARLTON ST,,Major Arterial,Toronto and East York,43.660745,-79.38289,,No Control,Clear,"Dark, artificial",Dry,Non-Fatal Injury,Pedestrian Collisions,Driver,60 to 64,None,,North,"Automobile, Station Wagon",Going Ahead,Driving Properly,Normal,,,,,,,Yes,,Yes,,,,,,,,,,,170,Yonge-Bay Corridor,76,Bay Street Corridor (76),D52,630387.9419,4835463.2119
8327,7441960,1305685,6/6/2012 8:00:00 AM,2231,YONGE ST,CARLTON ST,,Major Arterial,Toronto and East York,43.660745,-79.38289,,No Control,Clear,"Dark, artificial",Dry,Non-Fatal Injury,Pedestrian Collisions,Pedestrian,15 to 19,Major,,East,Other,,,,Pedestrian hit at mid-block,Running onto Roadway,Unknown,,,,Yes,,Yes,,,,,,,,,,,170,Yonge-Bay Corridor,76,Bay Street Corridor (76),D52,630387.9419,4835463.2119
8328,7441984,1305695,6/7/2012 8:00:00 AM,930,PARLIAMENT ST,QUEEN ST E,,Minor Arterial,Toronto and East York,43.656445,-79.36479,,No Control,Clear,Daylight,Dry,Non-Fatal Injury,Other,Passenger,45 to 49,Major,,,Other,,,,,,,,,,,,,,,Yes,,Yes,,,,,,72,Regent Park,72,Regent Park (72),D51,631856.7767,4835014.2439
8329,7441985,1305695,6/7/2012 8:00:00 AM,930,PARLIAMENT ST,QUEEN ST E,,Minor Arterial,Toronto and East York,43.656445,-79.36479,,No Control,Clear,Daylight,Dry,Non-Fatal Injury,Other,Vehicle Owner,unknown,,,,Other,,,,,,,,,,,,,,,Yes,,Yes,,,,,,72,Regent Park,72,Regent Park (72),D51,631856.7767,4835014.2439
8330,7441986,1305695,6/7/2012 8:00:00 AM,930,PARLIAMENT ST,QUEEN ST E,,Minor Arterial,Toronto and East York,43.656445,-79.36479,,No Control,Clear,Daylight,Dry,Non-Fatal Injury,Other,Driver,50 to 54,None,,South,Municipal Transit Bus (TTC),Going Ahead,Driving Properly,Normal,,,,,,,,,,,,Yes,,Yes,,,,,,72,Regent Park,72,Regent Park (72),D51,631856.7767,4835014.2439
8331,7441866,1305650,6/7/2012 8:00:00 AM,2000,WALLACE AVE,PERTH AVE,,Local,Toronto and East York,43.661045,-79.45059,At Intersection,Stop Sign,Clear,"Dark, artificial",Dry,Non-Fatal Injury,Cyclist Collisions,Driver,unknown,None,,North,"Automobile, Station Wagon",Going Ahead,Failed to Yield Right of Way,Unknown,,,,,,,,Yes,Yes,,,,,,,Yes,,,,171,Junction-Wallace Emerson,93,Dovercourt-Wallace Emerson-Junction (93),D11,624928.6004,4835392.3654
8332,7441867,1305650,6/7/2012 8:00:00 AM,2000,WALLACE AVE,PERTH AVE,,Local,Toronto and East York,43.661045,-79.45059,At Intersection,Stop Sign,Clear,"Dark, artificial",Dry,Non-Fatal Injury,Cyclist Collisions,Cyclist,45 to 49,Major,,East,Bicycle,Going Ahead,,,,,,"Motorist without ROW drives into path of cyclist at inter, lnwy, dwy-Driver not turn.",Driving Properly,Had Been Drinking,,Yes,Yes,,,,,,,Yes,,,,171,Junction-Wallace Emerson,93,Dovercourt-Wallace Emerson-Junction (93),D11,624928.6004,4835392.3654
8333,7527467,1298038,6/8/2012 8:00:00 AM,1520,LAWRENCE AVE E,KARL FRASER  RD,,Major Arterial,North York,43.736845,-79.34499,,No Control,Clear,Daylight,Dry,Fatal,Turning Movement,Driver,35 to 39,None,,West,"Automobile, Station Wagon",Turning Left,Failed to Yield Right of Way,Normal,,,,,,,,,Yes,Yes,,,,,,Yes,,,,42,Banbury-Don Mills,42,Banbury-Don Mills (42),D33,633275.1467,4843975.4484
8334,7527468,1298038,6/8/2012 8:00:00 AM,1520,LAWRENCE AVE E,KARL FRASER  RD,,Major Arterial,North York,43.736845,-79.34499,,No Control,Clear,Daylight,Dry,Fatal,Turning Movement,Motorcycle Driver,40 to 44,Fatal,17,East,Motorcycle,Going Ahead,Driving Properly,Normal,,,,,,,,,Yes,Yes,,,,,,Yes,,,,42,Banbury-Don Mills,42,Banbury-Don Mills (42),D33,633275.1467,4843975.4484
8335,7423797,1298041,6/8/2012 8:00:00 AM,2301,ST CLAIR AVE W,EARLSCOURT AVE,,Major Arterial,Toronto and East York,43.677145,-79.44679,At Intersection,No Control,Clear,Dark,Dry,Non-Fatal Injury,SMV Unattended Vehicle,Driver,45 to 49,None,,East,"Automobile, Station Wagon",Changing Lanes,Improper Lane Change,Normal,,,,,,,,,Yes,Yes,,,,,Yes,Yes,,,,92,Corso Italia-Davenport,92,Corso Italia-Davenport (92),D13,625201.5178,4837186.213
8336,7423798,1298041,6/8/2012 8:00:00 AM,2301,ST CLAIR AVE W,EARLSCOURT AVE,,Major Arterial,Toronto and East York,43.677145,-79.44679,At Intersection,No Control,Clear,Dark,Dry,Non-Fatal Injury,SMV Unattended Vehicle,Other,unknown,None,,East,Other,Parked,,,,,,,,,,,Yes,Yes,,,,,Yes,Yes,,,,92,Corso Italia-Davenport,92,Corso Italia-Davenport (92),D13,625201.5178,4837186.213
8337,7423799,1298041,6/8/2012 8:00:00 AM,2301,ST CLAIR AVE W,EARLSCOURT AVE,,Major Arterial,Toronto and East York,43.677145,-79.44679,At Intersection,No Control,Clear,Dark,Dry,Non-Fatal Injury,SMV Unattended Vehicle,Vehicle Owner,unknown,,,,Other,,,,,,,,,,,,Yes,Yes,,,,,Yes,Yes,,,,92,Corso Italia-Davenport,92,Corso Italia-Davenport (92),D13,625201.5178,4837186.213
8338,7423800,1298041,6/8/2012 8:00:00 AM,2301,ST CLAIR AVE W,EARLSCOURT AVE,,Major Arterial,Toronto and East York,43.677145,-79.44679,At Intersection,No Control,Clear,Dark,Dry,Non-Fatal Injury,SMV Unattended Vehicle,Motorcycle Driver,35 to 39,Major,,East,Motorcycle,Going Ahead,Exceeding Speed Limit,Inattentive,,,,,,,,,Yes,Yes,,,,,Yes,Yes,,,,92,Corso Italia-Davenport,92,Corso Italia-Davenport (92),D13,625201.5178,4837186.213
8339,7542069,1298136,6/9/2012 8:00:00 AM,1025,STEELES AVE W,FOUNDERS RD,,Major Arterial,Etobicoke York,43.779245,-79.50419,At Intersection,No Control,Rain,Daylight,Wet,Non-Fatal Injury,Pedestrian Collisions,Driver,60 to 64,None,,West,"Automobile, Station Wagon",Going Ahead,Driving Properly,Normal,,,,,,,Yes,,Yes,,,,,,,,,,,27,York University Heights,27,York University Heights (27),D31,620369.8829,4848440.8286
8340,7542070,1298136,6/9/2012 8:00:00 AM,1025,STEELES AVE W,FOUNDERS RD,,Major Arterial,Etobicoke York,43.779245,-79.50419,At Intersection,No Control,Rain,Daylight,Wet,Non-Fatal Injury,Pedestrian Collisions,Pedestrian,20 to 24,Major,,North,Other,,,,Pedestrian hit at mid-block,"Crossing, no Traffic Control",Inattentive,,,,Yes,,Yes,,,,,,,,,,,27,York University Heights,27,York University Heights (27),D31,620369.8829,4848440.8286
8341,7442504,1305919,6/10/2012 8:00:00 AM,1916,BLOOR Stre W,PALMERSTON Boul,,Major Arterial,Toronto and East York,43.664545,-79.41379,,Traffic Signal,Clear,Daylight,Dry,Non-Fatal Injury,Cyclist Collisions,Driver,50 to 54,None,,East,"Automobile, Station Wagon",Parked,Other,Normal,,,,,,,,Yes,Yes,,,,,,,,,,,80,Palmerston-Little Italy,80,Palmerston-Little Italy (80),D14,627888.3739,4835837.1556
8342,7442505,1305919,6/10/2012 8:00:00 AM,1916,BLOOR Stre W,PALMERSTON Boul,,Major Arterial,Toronto and East York,43.664545,-79.41379,,Traffic Signal,Clear,Daylight,Dry,Non-Fatal Injury,Cyclist Collisions,Cyclist,45 to 49,Major,,East,Bicycle,Overtaking,,,,,,Cyclist struck opened vehicle door,Driving Properly,Normal,,Yes,Yes,,,,,,,,,,,80,Palmerston-Little Italy,80,Palmerston-Little Italy (80),D14,627888.3739,4835837.1556
8343,7424965,1298554,6/12/2012 8:00:00 AM,2032,DAVENPORT RD,OSSINGTON AVE,,Minor Arterial,Toronto and East York,43.674745,-79.43099,At Intersection,Traffic Signal,Clear,"Dark, artificial",Dry,Non-Fatal Injury,Pedestrian Collisions,Vehicle Owner,unknown,,,,Other,,,,,,,,,,Yes,,,,,Yes,,,,Yes,,,,94,Wychwood,94,Wychwood (94),D13,626480.182,4836943.6315
8344,7424966,1298554,6/12/2012 8:00:00 AM,2032,DAVENPORT RD,OSSINGTON AVE,,Minor Arterial,Toronto and East York,43.674745,-79.43099,At Intersection,Traffic Signal,Clear,"Dark, artificial",Dry,Non-Fatal Injury,Pedestrian Collisions,Driver,20 to 24,None,,North,Municipal Transit Bus (TTC),Turning Left,Failed to Yield Right of Way,Inattentive,,,,,,,Yes,,,,,Yes,,,,Yes,,,,94,Wychwood,94,Wychwood (94),D13,626480.182,4836943.6315
8345,7424967,1298554,6/12/2012 8:00:00 AM,2032,DAVENPORT RD,OSSINGTON AVE,,Minor Arterial,Toronto and East York,43.674745,-79.43099,At Intersection,Traffic Signal,Clear,"Dark, artificial",Dry,Non-Fatal Injury,Pedestrian Collisions,Pedestrian,80 to 84,Major,,North,Other,,,,Pedestrian involved in a collision with transit vehicle anywhere along roadway,Crossing with right of way,Normal,,,,Yes,,,,,Yes,,,,Yes,,,,94,Wychwood,94,Wychwood (94),D13,626480.182,4836943.6315
8346,7425441,1298747,6/13/2012 8:00:00 AM,905,LAWRENCE AVE E,TOWER DR,,Major Arterial,Scarborough,43.744545,-79.29829,At Intersection,No Control,Clear,Daylight,Dry,Non-Fatal Injury,Turning Movement,Vehicle Owner,unknown,,,,Other,,,,,,,,,,,,Yes,,,Yes,,Yes,,Yes,,,,119,Wexford/Maryvale,119,Wexford/Maryvale (119),D41,637018.2932,4844906.8306
8347,7425442,1298747,6/13/2012 8:00:00 AM,905,LAWRENCE AVE E,TOWER DR,,Major Arterial,Scarborough,43.744545,-79.29829,At Intersection,No Control,Clear,Daylight,Dry,Non-Fatal Injury,Turning Movement,Driver,40 to 44,Major,,East,"Automobile, Station Wagon",Turning Left,Failed to Yield Right of Way,Inattentive,,,,,,,,,Yes,,,Yes,,Yes,,Yes,,,,119,Wexford/Maryvale,119,Wexford/Maryvale (119),D41,637018.2932,4844906.8306
8348,7425443,1298747,6/13/2012 8:00:00 AM,905,LAWRENCE AVE E,TOWER DR,,Major Arterial,Scarborough,43.744545,-79.29829,At Intersection,No Control,Clear,Daylight,Dry,Non-Fatal Injury,Turning Movement,Passenger,20 to 24,Minor,,,Other,,,,,,,,,,,,Yes,,,Yes,,Yes,,Yes,,,,119,Wexford/Maryvale,119,Wexford/Maryvale (119),D41,637018.2932,4844906.8306
8349,7425444,1298747,6/13/2012 8:00:00 AM,905,LAWRENCE AVE E,TOWER DR,,Major Arterial,Scarborough,43.744545,-79.29829,At Intersection,No Control,Clear,Daylight,Dry,Non-Fatal Injury,Turning Movement,Vehicle Owner,unknown,,,,Other,,,,,,,,,,,,Yes,,,Yes,,Yes,,Yes,,,,119,Wexford/Maryvale,119,Wexford/Maryvale (119),D41,637018.2932,4844906.8306
8350,7425445,1298747,6/13/2012 8:00:00 AM,905,LAWRENCE AVE E,TOWER DR,,Major Arterial,Scarborough,43.744545,-79.29829,At Intersection,No Control,Clear,Daylight,Dry,Non-Fatal Injury,Turning Movement,Vehicle Owner,unknown,,,,Other,,,,,,,,,,,,Yes,,,Yes,,Yes,,Yes,,,,119,Wexford/Maryvale,119,Wexford/Maryvale (119),D41,637018.2932,4844906.8306