OBJECTID,INDEX,ACCNUM,DATE,TIME,STREET1,STREET2,OFFSET,ROAD_CLASS,DISTRICT,LATITUDE,LONGITUDE,ACCLOC,TRAFFCTL,VISIBILITY,LIGHT,RDSFCOND,ACCLASS,IMPACTYPE,INVTYPE,INVAGE,INJURY,FATAL_NO,INITDIR,VEHTYPE,MANOEUVER,DRIVACT,DRIVCOND,PEDTYPE,PEDACT,PEDCOND,CYCLISTYPE,CYCACT,CYCCOND,PEDESTRIAN,CYCLIST,AUTOMOBILE,MOTORCYCLE,TRUCK,TRSN_CITY_VEH,EMERG_VEH,PASSENGER,SPEEDING,AG_DRIV,REDLIGHT,ALCOHOL,DISABILITY,HOOD_158,NEIGHBOURHOOD_158,HOOD_140,NEIGHBOURHOOD_140,DIVISION,x,y
8351,7425446,1298747,6/13/2012 8:00:00 AM,905,LAWRENCE AVE E,TOWER DR,,Major Arterial,Scarborough,43.744545,-79.29829,At Intersection,No Control,Clear,Daylight,Dry,Non-Fatal Injury,Turning Movement,Driver,50 to 54,Minor,,West,Municipal Transit Bus (TTC),Going Ahead,Driving Properly,Normal,,,,,,,,,Yes,,,Yes,,Yes,,Yes,,,,119,Wexford/Maryvale,119,Wexford/Maryvale (119),D41,637018.2932,4844906.8306
8352,7427000,1299440,6/13/2012 8:00:00 AM,1111,GERRARD Stre E,RIVER Stre,,Minor Arterial,Toronto and East York,43.663645,-79.35929,,Traffic Signal,Clear,Daylight,Dry,Non-Fatal Injury,Cyclist Collisions,Driver,unknown,None,,North,"Automobile, Station Wagon",Going Ahead,Disobeyed Traffic Control,Unknown,,,,,,,,Yes,Yes,,,,,,,Yes,Yes,,,72,Regent Park,72,Regent Park (72),D51,632284.4663,4835822.655
8353,7427001,1299440,6/13/2012 8:00:00 AM,1111,GERRARD Stre E,RIVER Stre,,Minor Arterial,Toronto and East York,43.663645,-79.35929,,Traffic Signal,Clear,Daylight,Dry,Non-Fatal Injury,Cyclist Collisions,Cyclist,50 to 54,Major,,West,Bicycle,Going Ahead,,,,,,"Motorist without ROW drives into path of cyclist at inter, lnwy, dwy-Driver not turn.",Driving Properly,Normal,,Yes,Yes,,,,,,,Yes,Yes,,,72,Regent Park,72,Regent Park (72),D51,632284.4663,4835822.655
8354,7443769,1306426,6/13/2012 8:00:00 AM,1239,WESTON RD,SHEPPARD AVE W,,Major Arterial,Etobicoke York,43.733745,-79.53819,At Intersection,Traffic Signal,Clear,Daylight,Dry,Non-Fatal Injury,Pedestrian Collisions,Vehicle Owner,unknown,,,,Other,,,,,,,,,,Yes,,Yes,,,,,,,Yes,,,,23,Pelmo Park-Humberlea,23,Pelmo Park-Humberlea (23),D31,617723.0235,4843338.5169
8355,7443770,1306426,6/13/2012 8:00:00 AM,1239,WESTON RD,SHEPPARD AVE W,,Major Arterial,Etobicoke York,43.733745,-79.53819,At Intersection,Traffic Signal,Clear,Daylight,Dry,Non-Fatal Injury,Pedestrian Collisions,Driver,20 to 24,None,,West,"Automobile, Station Wagon",Turning Right,Failed to Yield Right of Way,Inattentive,,,,,,,Yes,,Yes,,,,,,,Yes,,,,23,Pelmo Park-Humberlea,23,Pelmo Park-Humberlea (23),D31,617723.0235,4843338.5169
8356,7443771,1306426,6/13/2012 8:00:00 AM,1239,WESTON RD,SHEPPARD AVE W,,Major Arterial,Etobicoke York,43.733745,-79.53819,At Intersection,Traffic Signal,Clear,Daylight,Dry,Non-Fatal Injury,Pedestrian Collisions,Pedestrian,70 to 74,Major,,West,Other,,,,Vehicle turns right while ped crosses with ROW at inter.,Crossing with right of way,Normal,,,,Yes,,Yes,,,,,,,Yes,,,,23,Pelmo Park-Humberlea,23,Pelmo Park-Humberlea (23),D31,617723.0235,4843338.5169
8357,7443464,1306296,6/13/2012 8:00:00 AM,1752,DON JAIL Road,BROADVIEW Aven,,Minor Arterial,Toronto and East York,43.666145,-79.35289,At Intersection,No Control,Clear,Daylight,Dry,Non-Fatal Injury,Cyclist Collisions,Driver,60 to 64,None,,West,"Automobile, Station Wagon",Going Ahead,Failed to Yield Right of Way,Inattentive,,,,,,,,Yes,Yes,,,,,,,Yes,,,,68,North Riverdale,68,North Riverdale (68),D55,632794.968,4836110.5383
8358,7443465,1306296,6/13/2012 8:00:00 AM,1752,DON JAIL Road,BROADVIEW Aven,,Minor Arterial,Toronto and East York,43.666145,-79.35289,At Intersection,No Control,Clear,Daylight,Dry,Non-Fatal Injury,Cyclist Collisions,Cyclist,40 to 44,Major,,South,Bicycle,Going Ahead,,,,,,"Motorist without ROW drives into path of cyclist at inter, lnwy, dwy-Driver not turn.",Driving Properly,Normal,,Yes,Yes,,,,,,,Yes,,,,68,North Riverdale,68,North Riverdale (68),D55,632794.968,4836110.5383
8359,7449885,1308881,6/13/2012 8:00:00 AM,1827,SEWELLS RD,MORNINGSIDE AVE,,Minor Arterial,Scarborough,43.816745,-79.21069,,No Control,Clear,Daylight,Dry,Non-Fatal Injury,SMV Other,Driver,60 to 64,Major,,East,"Automobile, Station Wagon",Going Ahead,Lost control,Medical or Physical Disability,,,,,,,,,Yes,,,,,,Yes,Yes,,,Yes,144,Morningside Heights,131,Rouge (131),D42,643898.4297,4853074.4135
8360,7449886,1308881,6/13/2012 8:00:00 AM,1827,SEWELLS RD,MORNINGSIDE AVE,,Minor Arterial,Scarborough,43.816745,-79.21069,,No Control,Clear,Daylight,Dry,Non-Fatal Injury,SMV Other,Other Property Owner,unknown,,,,Other,,,,,,,,,,,,Yes,,,,,,Yes,Yes,,,Yes,144,Morningside Heights,131,Rouge (131),D42,643898.4297,4853074.4135
8361,7449887,1308881,6/13/2012 8:00:00 AM,1827,SEWELLS RD,MORNINGSIDE AVE,,Minor Arterial,Scarborough,43.816745,-79.21069,,No Control,Clear,Daylight,Dry,Non-Fatal Injury,SMV Other,Other Property Owner,unknown,,,,Other,,,,,,,,,,,,Yes,,,,,,Yes,Yes,,,Yes,144,Morningside Heights,131,Rouge (131),D42,643898.4297,4853074.4135
8362,7425920,1298952,6/14/2012 8:00:00 AM,738,ADELAIDE ST W,BRANT ST,,Major Arterial,Toronto and East York,43.646245,-79.39819,At Intersection,Traffic Signal,Clear,Daylight,Dry,Fatal,Pedestrian Collisions,Driver,45 to 49,None,,East,"Automobile, Station Wagon",Turning Left,Improper Turn,Normal,,,,,,,Yes,,Yes,,,,,,,,,,,164,Wellington Place,77,Waterfront Communities-The Island (77),D14,629185.3734,4833828.8656
8363,7425921,1298952,6/14/2012 8:00:00 AM,738,ADELAIDE ST W,BRANT ST,,Major Arterial,Toronto and East York,43.646245,-79.39819,At Intersection,Traffic Signal,Clear,Daylight,Dry,Fatal,Pedestrian Collisions,Pedestrian,30 to 34,Fatal,18,East,Other,,,,Vehicle turns left while ped crosses with ROW at inter.,Crossing with right of way,Normal,,,,Yes,,Yes,,,,,,,,,,,164,Wellington Place,77,Waterfront Communities-The Island (77),D14,629185.3734,4833828.8656
8364,7542171,1306447,6/14/2012 8:00:00 AM,1243,AVENUE RD,ELGIN AVE,,Major Arterial,Toronto and East York,43.671445,-79.39529,,No Control,Clear,Daylight,Dry,Non-Fatal Injury,Pedestrian Collisions,Pedestrian,20 to 24,Major,,East,Other,,,,Pedestrian hit at mid-block,Running onto Roadway,Normal,,,,Yes,,Yes,,,,,,,,,,,95,Annex,95,Annex (95),D53,629365.13,4836632.1774
8365,7542172,1306447,6/14/2012 8:00:00 AM,1243,AVENUE RD,ELGIN AVE,,Major Arterial,Toronto and East York,43.671445,-79.39529,,No Control,Clear,Daylight,Dry,Non-Fatal Injury,Pedestrian Collisions,Driver,60 to 64,None,,North,"Automobile, Station Wagon",Going Ahead,Driving Properly,Normal,,,,,,,Yes,,Yes,,,,,,,,,,,95,Annex,95,Annex (95),D53,629365.13,4836632.1774
8366,7425992,1298987,6/14/2012 8:00:00 AM,1508,F G GARDINER XY  W,LOWER SHERBOURNE ST,,Major Arterial,Toronto and East York,43.646545,-79.36659,,No Control,Clear,Daylight,Dry,Non-Fatal Injury,Sideswipe,Driver,45 to 49,Minimal,,West,"Automobile, Station Wagon",Going Ahead,Driving Properly,Normal,,,,,,,,,Yes,,,,,,,,,,,166,St Lawrence-East Bayfront-The Islands,77,Waterfront Communities-The Island (77),D51,631733.2732,4833911.8596
8367,7425993,1298987,6/14/2012 8:00:00 AM,1508,F G GARDINER XY  W,LOWER SHERBOURNE ST,,Major Arterial,Toronto and East York,43.646545,-79.36659,,No Control,Clear,Daylight,Dry,Non-Fatal Injury,Sideswipe,Vehicle Owner,unknown,,,,Other,,,,,,,,,,,,Yes,,,,,,,,,,,166,St Lawrence-East Bayfront-The Islands,77,Waterfront Communities-The Island (77),D51,631733.2732,4833911.8596
8368,7425994,1298987,6/14/2012 8:00:00 AM,1508,F G GARDINER XY  W,LOWER SHERBOURNE ST,,Major Arterial,Toronto and East York,43.646545,-79.36659,,No Control,Clear,Daylight,Dry,Non-Fatal Injury,Sideswipe,Driver,40 to 44,None,,West,"Automobile, Station Wagon",Stopped,Driving Properly,Normal,,,,,,,,,Yes,,,,,,,,,,,166,St Lawrence-East Bayfront-The Islands,77,Waterfront Communities-The Island (77),D51,631733.2732,4833911.8596
8369,7425995,1298987,6/14/2012 8:00:00 AM,1508,F G GARDINER XY  W,LOWER SHERBOURNE ST,,Major Arterial,Toronto and East York,43.646545,-79.36659,,No Control,Clear,Daylight,Dry,Non-Fatal Injury,Sideswipe,Driver,65 to 69,Major,,West,"Automobile, Station Wagon",Changing Lanes,Improper Lane Change,Inattentive,,,,,,,,,Yes,,,,,,,,,,,166,St Lawrence-East Bayfront-The Islands,77,Waterfront Communities-The Island (77),D51,631733.2732,4833911.8596
8370,7444491,1306710,6/16/2012 8:00:00 AM,1623,DUFFERIN ST,GEARY AVE,,Major Arterial,Toronto and East York,43.669545,-79.43949,,No Control,Clear,Daylight,Dry,Non-Fatal Injury,Turning Movement,Motorcycle Passenger,25 to 29,Major,,,Other,,,,,,,,,,,,Yes,Yes,,,,Yes,,Yes,,,,171,Junction-Wallace Emerson,93,Dovercourt-Wallace Emerson-Junction (93),D13,625805.8426,4836353.1763
8371,7444492,1306710,6/16/2012 8:00:00 AM,1623,DUFFERIN ST,GEARY AVE,,Major Arterial,Toronto and East York,43.669545,-79.43949,,No Control,Clear,Daylight,Dry,Non-Fatal Injury,Turning Movement,Motorcycle Driver,35 to 39,Major,,South,Motorcycle,Going Ahead,Driving Properly,Normal,,,,,,,,,Yes,Yes,,,,Yes,,Yes,,,,171,Junction-Wallace Emerson,93,Dovercourt-Wallace Emerson-Junction (93),D13,625805.8426,4836353.1763
8372,7444493,1306710,6/16/2012 8:00:00 AM,1623,DUFFERIN ST,GEARY AVE,,Major Arterial,Toronto and East York,43.669545,-79.43949,,No Control,Clear,Daylight,Dry,Non-Fatal Injury,Turning Movement,Vehicle Owner,unknown,,,,Other,,,,,,,,,,,,Yes,Yes,,,,Yes,,Yes,,,,171,Junction-Wallace Emerson,93,Dovercourt-Wallace Emerson-Junction (93),D13,625805.8426,4836353.1763
8373,7444494,1306710,6/16/2012 8:00:00 AM,1623,DUFFERIN ST,GEARY AVE,,Major Arterial,Toronto and East York,43.669545,-79.43949,,No Control,Clear,Daylight,Dry,Non-Fatal Injury,Turning Movement,Driver,60 to 64,None,,North,"Automobile, Station Wagon",Making U Turn,Improper Turn,Inattentive,,,,,,,,,Yes,Yes,,,,Yes,,Yes,,,,171,Junction-Wallace Emerson,93,Dovercourt-Wallace Emerson-Junction (93),D13,625805.8426,4836353.1763
8374,7444498,1306712,6/16/2012 8:00:00 AM,2229,QUEEN ST W,DUNN AVE,,Major Arterial,Toronto and East York,43.641045,-79.43449,At Intersection,Traffic Signal,Clear,"Dark, artificial",Dry,Non-Fatal Injury,Pedestrian Collisions,Driver,20 to 24,Major,,North,"Automobile, Station Wagon",Turning Left,Driving Properly,Normal,,,,,,,Yes,,Yes,,,,,,,,,,,86,Roncesvalles,86,Roncesvalles (86),D11,626268.6565,4833195.4737
8375,7444499,1306712,6/16/2012 8:00:00 AM,2229,QUEEN ST W,DUNN AVE,,Major Arterial,Toronto and East York,43.641045,-79.43449,At Intersection,Traffic Signal,Clear,"Dark, artificial",Dry,Non-Fatal Injury,Pedestrian Collisions,Pedestrian,60 to 64,Minor,,South,Other,,,,Other / Undefined,Other,Medical or Physical Disability,,,,Yes,,Yes,,,,,,,,,,,86,Roncesvalles,86,Roncesvalles (86),D11,626268.6565,4833195.4737
8376,7445197,1306967,6/17/2012 8:00:00 AM,25,RICHMOND ST W,JOHN ST,,Major Arterial,Toronto and East York,43.649045,-79.39089,,No Control,Clear,"Dark, artificial",Dry,Non-Fatal Injury,Pedestrian Collisions,Driver,20 to 24,None,,West,"Automobile, Station Wagon",Going Ahead,Driving Properly,Normal,,,,,,,Yes,,Yes,,,,,,,,,,,164,Wellington Place,77,Waterfront Communities-The Island (77),D52,629768.0922,4834151.2315
8377,7445198,1306967,6/17/2012 8:00:00 AM,25,RICHMOND ST W,JOHN ST,,Major Arterial,Toronto and East York,43.649045,-79.39089,,No Control,Clear,"Dark, artificial",Dry,Non-Fatal Injury,Pedestrian Collisions,Pedestrian,20 to 24,Major,,Unknown,Other,,,,Pedestrian hit at mid-block,Walking on Roadway with Traffic,Had Been Drinking,,,,Yes,,Yes,,,,,,,,,,,164,Wellington Place,77,Waterfront Communities-The Island (77),D52,629768.0922,4834151.2315
8378,7645115,1298040,6/17/2012 8:00:00 AM,357,DON VALLEY PARKWAY  N,PRINCE EDWARD VIADUCT,,,Toronto and East York,43.681444,-79.36249,,No Control,Clear,"Dark, artificial",Dry,Non-Fatal Injury,Rear End,Vehicle Owner,unknown,,,,Other,,,,,,,,,,,,Yes,,,,,Yes,Yes,Yes,,,,57,Broadview North,57,Broadview North (57),D55,631987.4351,4837794.3779
8379,7645116,1298040,6/17/2012 8:00:00 AM,357,DON VALLEY PARKWAY  N,PRINCE EDWARD VIADUCT,,,Toronto and East York,43.681444,-79.36249,,No Control,Clear,"Dark, artificial",Dry,Non-Fatal Injury,Rear End,Driver,25 to 29,Minor,,North,"Automobile, Station Wagon",Going Ahead,Driving Properly,Normal,,,,,,,,,Yes,,,,,Yes,Yes,Yes,,,,57,Broadview North,57,Broadview North (57),D55,631987.4351,4837794.3779
8380,7645117,1298040,6/17/2012 8:00:00 AM,357,DON VALLEY PARKWAY  N,PRINCE EDWARD VIADUCT,,,Toronto and East York,43.681444,-79.36249,,No Control,Clear,"Dark, artificial",Dry,Non-Fatal Injury,Rear End,Passenger,15 to 19,Major,,,Other,,,,,,,,,,,,Yes,,,,,Yes,Yes,Yes,,,,57,Broadview North,57,Broadview North (57),D55,631987.4351,4837794.3779
8381,7645118,1298040,6/17/2012 8:00:00 AM,357,DON VALLEY PARKWAY  N,PRINCE EDWARD VIADUCT,,,Toronto and East York,43.681444,-79.36249,,No Control,Clear,"Dark, artificial",Dry,Non-Fatal Injury,Rear End,Vehicle Owner,unknown,,,,Other,,,,,,,,,,,,Yes,,,,,Yes,Yes,Yes,,,,57,Broadview North,57,Broadview North (57),D55,631987.4351,4837794.3779
8382,7645119,1298040,6/17/2012 8:00:00 AM,357,DON VALLEY PARKWAY  N,PRINCE EDWARD VIADUCT,,,Toronto and East York,43.681444,-79.36249,,No Control,Clear,"Dark, artificial",Dry,Non-Fatal Injury,Rear End,Driver,25 to 29,None,,North,"Automobile, Station Wagon",Going Ahead,Exceeding Speed Limit,Unknown,,,,,,,,,Yes,,,,,Yes,Yes,Yes,,,,57,Broadview North,57,Broadview North (57),D55,631987.4351,4837794.3779
8383,7444319,1306648,6/18/2012 8:00:00 AM,1440,DANFORTH AVE,PAPE AVE,,Major Arterial,Toronto and East York,43.678945,-79.34479,At Intersection,Traffic Signal,Clear,Daylight,Dry,Non-Fatal Injury,Pedestrian Collisions,Driver,30 to 34,None,,North,"Automobile, Station Wagon",Turning Right,Disobeyed Traffic Control,Normal,,,,,,,Yes,,Yes,,,,,,,Yes,Yes,,,69,Blake-Jones,69,Blake-Jones (69),D55,633419.6543,4837545.1504
8384,7444320,1306648,6/18/2012 8:00:00 AM,1440,DANFORTH AVE,PAPE AVE,,Major Arterial,Toronto and East York,43.678945,-79.34479,At Intersection,Traffic Signal,Clear,Daylight,Dry,Non-Fatal Injury,Pedestrian Collisions,Pedestrian,40 to 44,Major,,North,Other,,,,Vehicle turns right while ped crosses with ROW at inter.,Crossing with right of way,Normal,,,,Yes,,Yes,,,,,,,Yes,Yes,,,69,Blake-Jones,69,Blake-Jones (69),D55,633419.6543,4837545.1504
8385,7427815,1299777,6/19/2012 8:00:00 AM,1033,3300 MIDLAND AVE,,,Major Arterial,Scarborough,43.806245,-79.28829,,No Control,Clear,Daylight,Dry,Non-Fatal Injury,Turning Movement,Vehicle Owner,unknown,,,,Other,,,,,,,,,,,,Yes,Yes,,,,,Yes,Yes,,,,130,Milliken,130,Milliken (130),D42,637681.8041,4851776.1667
8386,7427816,1299777,6/19/2012 8:00:00 AM,1033,3300 MIDLAND AVE,,,Major Arterial,Scarborough,43.806245,-79.28829,,No Control,Clear,Daylight,Dry,Non-Fatal Injury,Turning Movement,Motorcycle Driver,25 to 29,Major,,South,Motorcycle,Going Ahead,Exceeding Speed Limit,Normal,,,,,,,,,Yes,Yes,,,,,Yes,Yes,,,,130,Milliken,130,Milliken (130),D42,637681.8041,4851776.1667
8387,7427817,1299777,6/19/2012 8:00:00 AM,1033,3300 MIDLAND AVE,,,Major Arterial,Scarborough,43.806245,-79.28829,,No Control,Clear,Daylight,Dry,Non-Fatal Injury,Turning Movement,Driver,40 to 44,None,,North,"Automobile, Station Wagon",Turning Left,Failed to Yield Right of Way,Normal,,,,,,,,,Yes,Yes,,,,,Yes,Yes,,,,130,Milliken,130,Milliken (130),D42,637681.8041,4851776.1667
8388,7444799,1306826,6/19/2012 8:00:00 AM,1521,JANE ST,LAWRENCE AVE W,,Major Arterial,Etobicoke York,43.702845,-79.50379,At Intersection,Traffic Signal,Clear,Daylight,Dry,Non-Fatal Injury,Pedestrian Collisions,Driver,55 to 59,None,,West,"Automobile, Station Wagon",Turning Left,Failed to Yield Right of Way,Inattentive,,,,,,,Yes,,Yes,,,,,,,Yes,,,,30,Brookhaven-Amesbury,30,Brookhaven-Amesbury (30),D12,620555.3097,4839956.0862
8389,7444800,1306826,6/19/2012 8:00:00 AM,1521,JANE ST,LAWRENCE AVE W,,Major Arterial,Etobicoke York,43.702845,-79.50379,At Intersection,Traffic Signal,Clear,Daylight,Dry,Non-Fatal Injury,Pedestrian Collisions,Pedestrian,50 to 54,Major,,East,Other,,,,Vehicle turns left while ped crosses with ROW at inter.,Crossing with right of way,Normal,,,,Yes,,Yes,,,,,,,Yes,,,,30,Brookhaven-Amesbury,30,Brookhaven-Amesbury (30),D12,620555.3097,4839956.0862
8390,7444795,1306825,6/19/2012 8:00:00 AM,1542,PARLIAMENT ST,ST JAMES AVE,,Minor Arterial,Toronto and East York,43.670245,-79.37039,At Intersection,No Control,Clear,Daylight,Dry,Non-Fatal Injury,Rear End,Driver,20 to 24,None,,South,"Automobile, Station Wagon",Stopped,Driving Properly,Normal,,,,,,,,,Yes,,,,,,,Yes,,,,71,Cabbagetown-South St.James Town,71,Cabbagetown-South St.James Town (71),D51,631375.105,4836538.0346
8391,7444796,1306825,6/19/2012 8:00:00 AM,1542,PARLIAMENT ST,ST JAMES AVE,,Minor Arterial,Toronto and East York,43.670245,-79.37039,At Intersection,No Control,Clear,Daylight,Dry,Non-Fatal Injury,Rear End,Driver,65 to 69,None,,South,"Automobile, Station Wagon",Stopped,Driving Properly,Normal,,,,,,,,,Yes,,,,,,,Yes,,,,71,Cabbagetown-South St.James Town,71,Cabbagetown-South St.James Town (71),D51,631375.105,4836538.0346
8392,7444797,1306825,6/19/2012 8:00:00 AM,1542,PARLIAMENT ST,ST JAMES AVE,,Minor Arterial,Toronto and East York,43.670245,-79.37039,At Intersection,No Control,Clear,Daylight,Dry,Non-Fatal Injury,Rear End,Vehicle Owner,unknown,,,,Other,,,,,,,,,,,,Yes,,,,,,,Yes,,,,71,Cabbagetown-South St.James Town,71,Cabbagetown-South St.James Town (71),D51,631375.105,4836538.0346
8393,7444798,1306825,6/19/2012 8:00:00 AM,1542,PARLIAMENT ST,ST JAMES AVE,,Minor Arterial,Toronto and East York,43.670245,-79.37039,At Intersection,No Control,Clear,Daylight,Dry,Non-Fatal Injury,Rear End,Driver,25 to 29,Major,,South,"Automobile, Station Wagon",Slowing or Stopping,Following too Close,Normal,,,,,,,,,Yes,,,,,,,Yes,,,,71,Cabbagetown-South St.James Town,71,Cabbagetown-South St.James Town (71),D51,631375.105,4836538.0346
8394,7454457,1310839,6/21/2012 8:00:00 AM,855,KENNEDY RD,WICKWARE GT,,Major Arterial,Scarborough,43.753245,-79.27629,At Intersection,Traffic Signal,Clear,Daylight,Dry,Non-Fatal Injury,Turning Movement,Driver,15 to 19,Major,,North,"Automobile, Station Wagon",Going Ahead,Disobeyed Traffic Control,Normal,,,,,,,,,Yes,,,,,,,Yes,Yes,,,126,Dorset Park,126,Dorset Park (126),D41,638769.6018,4845909.7217
8395,7454458,1310839,6/21/2012 8:00:00 AM,855,KENNEDY RD,WICKWARE GT,,Major Arterial,Scarborough,43.753245,-79.27629,At Intersection,Traffic Signal,Clear,Daylight,Dry,Non-Fatal Injury,Turning Movement,Driver,30 to 34,Minor,,South,"Automobile, Station Wagon",Turning Left,Driving Properly,Normal,,,,,,,,,Yes,,,,,,,Yes,Yes,,,126,Dorset Park,126,Dorset Park (126),D41,638769.6018,4845909.7217
8396,7444583,1306744,6/21/2012 8:00:00 AM,1606,3477 SHEPPARD AVE E,,,Major Arterial,Scarborough,43.779745,-79.30349,,No Control,Clear,Daylight,Dry,Non-Fatal Injury,Cyclist Collisions,Driver,75 to 79,None,,North,"Automobile, Station Wagon",Going Ahead,Driving Properly,Normal,,,,,,,,Yes,Yes,,,,,,,,,,,118,Tam O'Shanter-Sullivan,118,Tam O'Shanter-Sullivan (118),D42,636519.5049,4848807.742
8397,7444584,1306744,6/21/2012 8:00:00 AM,1606,3477 SHEPPARD AVE E,,,Major Arterial,Scarborough,43.779745,-79.30349,,No Control,Clear,Daylight,Dry,Non-Fatal Injury,Cyclist Collisions,Cyclist,60 to 64,Major,,East,Bicycle,Going Ahead,,,,,,"Motorist without ROW drives into path of cyclist at inter, lnwy, dwy-Driver not turn.",Other,Normal,,Yes,Yes,,,,,,,,,,,118,Tam O'Shanter-Sullivan,118,Tam O'Shanter-Sullivan (118),D42,636519.5049,4848807.742
8398,7514496,1300176,6/21/2012 8:00:00 AM,2016,LANSDOWNE AVE,SEAFORTH AVE,,Minor Arterial,Toronto and East York,43.643445,-79.43779,,No Control,Rain,"Dusk, artificial",Wet,Non-Fatal Injury,Pedestrian Collisions,Vehicle Owner,unknown,,,,Other,,,,,,,,,,Yes,,Yes,,,,,,,Yes,,,,86,Roncesvalles,86,Roncesvalles (86),D11,625997.4702,4833457.0094
8399,7514497,1300176,6/21/2012 8:00:00 AM,2016,LANSDOWNE AVE,SEAFORTH AVE,,Minor Arterial,Toronto and East York,43.643445,-79.43779,,No Control,Rain,"Dusk, artificial",Wet,Non-Fatal Injury,Pedestrian Collisions,Driver,30 to 34,None,,South,"Automobile, Station Wagon",Pulling Away from Shoulder or Curb,Failed to Yield Right of Way,Unknown,,,,,,,Yes,,Yes,,,,,,,Yes,,,,86,Roncesvalles,86,Roncesvalles (86),D11,625997.4702,4833457.0094
8400,7514498,1300176,6/21/2012 8:00:00 AM,2016,LANSDOWNE AVE,SEAFORTH AVE,,Minor Arterial,Toronto and East York,43.643445,-79.43779,,No Control,Rain,"Dusk, artificial",Wet,Non-Fatal Injury,Pedestrian Collisions,Pedestrian,20 to 24,Major,,Unknown,Other,,,,Pedestrian hit at mid-block,Person Getting on/off Vehicle,Unknown,,,,Yes,,Yes,,,,,,,Yes,,,,86,Roncesvalles,86,Roncesvalles (86),D11,625997.4702,4833457.0094
8401,7433628,1302226,6/22/2012 8:00:00 AM,1940,YORK MILLS RD,FENSIDE DR,,Major Arterial,North York,43.760645,-79.32769,At Intersection,Traffic Signal,Clear,Daylight,Dry,Non-Fatal Injury,Pedestrian Collisions,Driver,30 to 34,None,,North,"Automobile, Station Wagon",Turning Left,Failed to Yield Right of Way,Normal,,,,,,,Yes,,Yes,,,,,,,Yes,,,,150,Fenside-Parkwoods,45,Parkwoods-Donalda (45),D33,634614.9354,4846646.7701
8402,7433629,1302226,6/22/2012 8:00:00 AM,1940,YORK MILLS RD,FENSIDE DR,,Major Arterial,North York,43.760645,-79.32769,At Intersection,Traffic Signal,Clear,Daylight,Dry,Non-Fatal Injury,Pedestrian Collisions,Pedestrian,50 to 54,Major,,North,Other,,,,Vehicle turns left while ped crosses with ROW at inter.,Crossing with right of way,Normal,,,,Yes,,Yes,,,,,,,Yes,,,,150,Fenside-Parkwoods,45,Parkwoods-Donalda (45),D33,634614.9354,4846646.7701
8403,7445236,1306980,6/23/2012 8:00:00 AM,1315,SHEPPARD AVE W,JANE ST,,Major Arterial,Etobicoke York,43.739545,-79.51249,At Intersection,No Control,Clear,Daylight,Dry,Non-Fatal Injury,Pedestrian Collisions,Driver,65 to 69,None,,West,"Automobile, Station Wagon",Changing Lanes,Lost control,Other,,,,,,,Yes,,Yes,,,,,,,,,,,25,Glenfield-Jane Heights,25,Glenfield-Jane Heights (25),D31,619781.1566,4844019.5237
8404,7445237,1306980,6/23/2012 8:00:00 AM,1315,SHEPPARD AVE W,JANE ST,,Major Arterial,Etobicoke York,43.739545,-79.51249,At Intersection,No Control,Clear,Daylight,Dry,Non-Fatal Injury,Pedestrian Collisions,Pedestrian,75 to 79,Major,,West,Other,,,,Pedestrian hit on sidewalk or shoulder,On Sidewalk or Shoulder,Unknown,,,,Yes,,Yes,,,,,,,,,,,25,Glenfield-Jane Heights,25,Glenfield-Jane Heights (25),D31,619781.1566,4844019.5237
8405,7445421,1307048,6/24/2012 8:00:00 AM,54,ST CLAIR AVE W,BATHURST ST,,Major Arterial,Toronto and East York,43.683245,-79.41809,,No Control,Clear,"Dark, artificial",Dry,Non-Fatal Injury,Pedestrian Collisions,Vehicle Owner,unknown,,,,Other,,,,,,,,,,Yes,,,,,Yes,,,,,,,,96,Casa Loma,96,Casa Loma (96),D13,627502.0747,4837907.4225
8406,7445422,1307048,6/24/2012 8:00:00 AM,54,ST CLAIR AVE W,BATHURST ST,,Major Arterial,Toronto and East York,43.683245,-79.41809,,No Control,Clear,"Dark, artificial",Dry,Non-Fatal Injury,Pedestrian Collisions,Driver,40 to 44,None,,East,Municipal Transit Bus (TTC),Going Ahead,Driving Properly,Unknown,,,,,,,Yes,,,,,Yes,,,,,,,,96,Casa Loma,96,Casa Loma (96),D13,627502.0747,4837907.4225
8407,7445423,1307048,6/24/2012 8:00:00 AM,54,ST CLAIR AVE W,BATHURST ST,,Major Arterial,Toronto and East York,43.683245,-79.41809,,No Control,Clear,"Dark, artificial",Dry,Non-Fatal Injury,Pedestrian Collisions,Pedestrian,20 to 24,Major,,North,Other,,,,Pedestrian involved in a collision with transit vehicle anywhere along roadway,"Crossing, no Traffic Control",Had Been Drinking,,,,Yes,,,,,Yes,,,,,,,,96,Casa Loma,96,Casa Loma (96),D13,627502.0747,4837907.4225
8408,7429826,1300682,6/25/2012 8:00:00 AM,1026,CRESCENT RD,MOUNT PLEASANT RD,,Collector,Toronto and East York,43.678045,-79.37899,,No Control,Clear,Daylight,Dry,Non-Fatal Injury,SMV Unattended Vehicle,Other,unknown,None,,East,Other,Parked,,,,,,,,,,,Yes,,,,,,,,,,,98,Rosedale-Moore Park,98,Rosedale-Moore Park (98),D53,630664.8576,4837390.7462