OBJECTID,INDEX,ACCNUM,DATE,TIME,STREET1,STREET2,OFFSET,ROAD_CLASS,DISTRICT,LATITUDE,LONGITUDE,ACCLOC,TRAFFCTL,VISIBILITY,LIGHT,RDSFCOND,ACCLASS,IMPACTYPE,INVTYPE,INVAGE,INJURY,FATAL_NO,INITDIR,VEHTYPE,MANOEUVER,DRIVACT,DRIVCOND,PEDTYPE,PEDACT,PEDCOND,CYCLISTYPE,CYCACT,CYCCOND,PEDESTRIAN,CYCLIST,AUTOMOBILE,MOTORCYCLE,TRUCK,TRSN_CITY_VEH,EMERG_VEH,PASSENGER,SPEEDING,AG_DRIV,REDLIGHT,ALCOHOL,DISABILITY,HOOD_158,NEIGHBOURHOOD_158,HOOD_140,NEIGHBOURHOOD_140,DIVISION,x,y
8409,7429827,1300682,6/25/2012 8:00:00 AM,1026,CRESCENT RD,MOUNT PLEASANT RD,,Collector,Toronto and East York,43.678045,-79.37899,,No Control,Clear,Daylight,Dry,Non-Fatal Injury,SMV Unattended Vehicle,Other,unknown,None,,East,Other,Parked,,,,,,,,,,,Yes,,,,,,,,,,,98,Rosedale-Moore Park,98,Rosedale-Moore Park (98),D53,630664.8576,4837390.7462
8410,7429828,1300682,6/25/2012 8:00:00 AM,1026,CRESCENT RD,MOUNT PLEASANT RD,,Collector,Toronto and East York,43.678045,-79.37899,,No Control,Clear,Daylight,Dry,Non-Fatal Injury,SMV Unattended Vehicle,Other,unknown,None,,East,Other,Parked,,,,,,,,,,,Yes,,,,,,,,,,,98,Rosedale-Moore Park,98,Rosedale-Moore Park (98),D53,630664.8576,4837390.7462
8411,7429829,1300682,6/25/2012 8:00:00 AM,1026,CRESCENT RD,MOUNT PLEASANT RD,,Collector,Toronto and East York,43.678045,-79.37899,,No Control,Clear,Daylight,Dry,Non-Fatal Injury,SMV Unattended Vehicle,Driver,60 to 64,Major,,West,"Automobile, Station Wagon",Going Ahead,Lost control,Unknown,,,,,,,,,Yes,,,,,,,,,,,98,Rosedale-Moore Park,98,Rosedale-Moore Park (98),D53,630664.8576,4837390.7462
8412,7429802,1300673,6/25/2012 8:00:00 AM,1210,RATHBURN RD,THE EAST MALL,,Minor Arterial,Etobicoke York,43.654746,-79.565189,At Intersection,No Control,Clear,Daylight,Dry,Non-Fatal Injury,Cyclist Collisions,Driver,60 to 64,None,,West,"Automobile, Station Wagon",Merging,Improper Lane Change,Normal,,,,,,,,Yes,Yes,,,,,,,,,,,11,Eringate-Centennial-West Deane,11,Eringate-Centennial-West Deane (11),D22,615700.5294,4834526.6113
8413,7429803,1300673,6/25/2012 8:00:00 AM,1210,RATHBURN RD,THE EAST MALL,,Minor Arterial,Etobicoke York,43.654746,-79.565189,At Intersection,No Control,Clear,Daylight,Dry,Non-Fatal Injury,Cyclist Collisions,Cyclist,80 to 84,Major,,West,Bicycle,Going Ahead,,,,,,Cyclist and Driver travelling in same direction. One vehicle sideswipes the other.,Driving Properly,Normal,,Yes,Yes,,,,,,,,,,,11,Eringate-Centennial-West Deane,11,Eringate-Centennial-West Deane (11),D22,615700.5294,4834526.6113
8414,7446235,1307372,6/26/2012 8:00:00 AM,1615,COLLEGE ST,BORDEN ST,,Major Arterial,Toronto and East York,43.656945,-79.40519,At Intersection,Traffic Signal,Clear,Daylight,Dry,Non-Fatal Injury,Cyclist Collisions,Driver,45 to 49,None,,West,"Automobile, Station Wagon",Turning Right,Driving Properly,Normal,,,,,,,,Yes,Yes,,,,,,,,,,,78,Kensington-Chinatown,78,Kensington-Chinatown (78),D14,628597.9815,4835006.368
8415,7446236,1307372,6/26/2012 8:00:00 AM,1615,COLLEGE ST,BORDEN ST,,Major Arterial,Toronto and East York,43.656945,-79.40519,At Intersection,Traffic Signal,Clear,Daylight,Dry,Non-Fatal Injury,Cyclist Collisions,Cyclist,30 to 34,Major,,West,Bicycle,Going Ahead,,,,,,Cyclist and Driver travelling in same direction. One vehicle rear-ended the other.,Following too Close,Normal,,Yes,Yes,,,,,,,,,,,78,Kensington-Chinatown,78,Kensington-Chinatown (78),D14,628597.9815,4835006.368
8416,7433999,1302395,6/27/2012 8:00:00 AM,1910,TIPPET RD,WILSON AVE,,Major Arterial,North York,43.734576,-79.447261,At Intersection,Traffic Signal,Clear,Daylight,Dry,Non-Fatal Injury,Cyclist Collisions,Driver,60 to 64,None,,North,"Automobile, Station Wagon",Going Ahead,Driving Properly,Normal,,,,,,,,Yes,Yes,,,,,,,,,,,33,Clanton Park,33,Clanton Park (33),D32,625044.0828,4843564.0157
8417,7434000,1302395,6/27/2012 8:00:00 AM,1910,TIPPET RD,WILSON AVE,,Major Arterial,North York,43.734576,-79.447261,At Intersection,Traffic Signal,Clear,Daylight,Dry,Non-Fatal Injury,Cyclist Collisions,Cyclist,55 to 59,Major,,East,Bicycle,Going Ahead,,,,,,"Cyclist without ROW rides into path of motorist at inter, lnwy, dwy-Cyclist not turn.",Disobeyed Traffic Control,Inattentive,,Yes,Yes,,,,,,,,,,,33,Clanton Park,33,Clanton Park (33),D32,625044.0828,4843564.0157
8418,7645161,1301986,6/28/2012 8:00:00 AM,155,UNIVERSITY AVE,ELM ST,,Major Arterial,Toronto and East York,43.656345,-79.38899,At Intersection,Traffic Signal,Clear,"Dark, artificial",Dry,Non-Fatal Injury,Cyclist Collisions,Driver,40 to 44,None,,West,"Automobile, Station Wagon",Turning Left,Driving Properly,Normal,,,,,,,,Yes,Yes,,,,,,,,,,,78,Kensington-Chinatown,78,Kensington-Chinatown (78),D52,629905.5807,4834964.9652
8419,7645162,1301986,6/28/2012 8:00:00 AM,155,UNIVERSITY AVE,ELM ST,,Major Arterial,Toronto and East York,43.656345,-79.38899,At Intersection,Traffic Signal,Clear,"Dark, artificial",Dry,Non-Fatal Injury,Cyclist Collisions,Cyclist,50 to 54,Major,,East,Bicycle,Going Ahead,,,,,,"Cyclist without ROW rides into path of motorist at inter, lnwy, dwy-Cyclist not turn.",Other,Unknown,,Yes,Yes,,,,,,,,,,,78,Kensington-Chinatown,78,Kensington-Chinatown (78),D52,629905.5807,4834964.9652
8420,7542114,1301640,6/29/2012 8:00:00 AM,1030,DUFFERIN ST,CLOVERLAWN AVE,,Major Arterial,Toronto and East York,43.681243,-79.444392,,No Control,Clear,Daylight,Dry,Non-Fatal Injury,Pedestrian Collisions,Vehicle Owner,unknown,,,,Other,,,,,,,,,,Yes,,,,,Yes,,,,,,,,92,Corso Italia-Davenport,92,Corso Italia-Davenport (92),D13,625386.2819,4837644.9736
8421,7542115,1301640,6/29/2012 8:00:00 AM,1030,DUFFERIN ST,CLOVERLAWN AVE,,Major Arterial,Toronto and East York,43.681243,-79.444392,,No Control,Clear,Daylight,Dry,Non-Fatal Injury,Pedestrian Collisions,Driver,45 to 49,None,,North,Municipal Transit Bus (TTC),Changing Lanes,Driving Properly,Normal,,,,,,,Yes,,,,,Yes,,,,,,,,92,Corso Italia-Davenport,92,Corso Italia-Davenport (92),D13,625386.2819,4837644.9736
8422,7542116,1301640,6/29/2012 8:00:00 AM,1030,DUFFERIN ST,CLOVERLAWN AVE,,Major Arterial,Toronto and East York,43.681243,-79.444392,,No Control,Clear,Daylight,Dry,Non-Fatal Injury,Pedestrian Collisions,Pedestrian,65 to 69,Major,,West,Other,,,,Pedestrian involved in a collision with transit vehicle anywhere along roadway,Running onto Roadway,Unknown,,,,Yes,,,,,Yes,,,,,,,,92,Corso Italia-Davenport,92,Corso Italia-Davenport (92),D13,625386.2819,4837644.9736
8423,7446525,1307494,6/29/2012 8:00:00 AM,1840,BLOOR ST W,DURIE ST,,Major Arterial,Toronto and East York,43.650745,-79.47819,At Intersection,Stop Sign,Clear,Daylight,Dry,Non-Fatal Injury,Pedestrian Collisions,Driver,45 to 49,None,,North,"Automobile, Station Wagon",Going Ahead,Failed to Yield Right of Way,Normal,,,,,,,Yes,,Yes,,,,,,,Yes,,,,89,Runnymede-Bloor West Village,89,Runnymede-Bloor West Village (89),D11,622724.1779,4834207.2293
8424,7446526,1307494,6/29/2012 8:00:00 AM,1840,BLOOR ST W,DURIE ST,,Major Arterial,Toronto and East York,43.650745,-79.47819,At Intersection,Stop Sign,Clear,Daylight,Dry,Non-Fatal Injury,Pedestrian Collisions,Pedestrian,30 to 34,Major,,East,Other,,,,Vehicle is going straight thru inter.while ped cross with ROW,Crossing with right of way,Normal,,,,Yes,,Yes,,,,,,,Yes,,,,89,Runnymede-Bloor West Village,89,Runnymede-Bloor West Village (89),D11,622724.1779,4834207.2293
8425,7432501,1301786,7/1/2012 8:00:00 AM,1940,MARTIN GROVE RD,FINCH AVE W,,Major Arterial,Etobicoke York,43.736745,-79.59169,At Intersection,Traffic Signal,Clear,Daylight,Dry,Non-Fatal Injury,Pedestrian Collisions,Driver,50 to 54,None,,North,"Automobile, Station Wagon",Turning Left,Failed to Yield Right of Way,Normal,,,,,,,Yes,,Yes,,,,,,,Yes,,,,1,West Humber-Clairville,1,West Humber-Clairville (1),D23,613408.8494,4843597.0925
8426,7432502,1301786,7/1/2012 8:00:00 AM,1940,MARTIN GROVE RD,FINCH AVE W,,Major Arterial,Etobicoke York,43.736745,-79.59169,At Intersection,Traffic Signal,Clear,Daylight,Dry,Non-Fatal Injury,Pedestrian Collisions,Pedestrian,65 to 69,Major,,North,Other,,,,Vehicle turns left while ped crosses with ROW at inter.,Crossing with right of way,Normal,,,,Yes,,Yes,,,,,,,Yes,,,,1,West Humber-Clairville,1,West Humber-Clairville (1),D23,613408.8494,4843597.0925
8427,7432508,1301789,7/2/2012 8:00:00 AM,1815,FINCH AVE W,KIPLING AVE,,Major Arterial,Etobicoke York,43.743145,-79.58279,,No Control,Clear,Daylight,Dry,Non-Fatal Injury,SMV Other,Motorcycle Driver,25 to 29,Major,,West,Motorcycle,Going Ahead,Speed too Fast For Condition,Normal,,,,,,,,,,Yes,,,,,Yes,Yes,,,,2,Mount Olive-Silverstone-Jamestown,2,Mount Olive-Silverstone-Jamestown (2),D23,614113.3979,4844320.1237
8428,7448931,1308465,7/4/2012 8:00:00 AM,1011,MAITLAND PL,JARVIS ST,,Major Arterial,Toronto and East York,43.665245,-79.37789,At Intersection,Traffic Signal,Clear,Daylight,Dry,Non-Fatal Injury,Pedestrian Collisions,Vehicle Owner,unknown,,,,Other,,,,,,,,,,Yes,,Yes,,,,,,,,,,,71,Cabbagetown-South St.James Town,71,Cabbagetown-South St.James Town (71),D51,630781.3257,4835970.8668
8429,7448932,1308465,7/4/2012 8:00:00 AM,1011,MAITLAND PL,JARVIS ST,,Major Arterial,Toronto and East York,43.665245,-79.37789,At Intersection,Traffic Signal,Clear,Daylight,Dry,Non-Fatal Injury,Pedestrian Collisions,Driver,25 to 29,None,,West,"Automobile, Station Wagon",Turning Right,Improper Turn,Normal,,,,,,,Yes,,Yes,,,,,,,,,,,71,Cabbagetown-South St.James Town,71,Cabbagetown-South St.James Town (71),D51,630781.3257,4835970.8668
8430,7448933,1308465,7/4/2012 8:00:00 AM,1011,MAITLAND PL,JARVIS ST,,Major Arterial,Toronto and East York,43.665245,-79.37789,At Intersection,Traffic Signal,Clear,Daylight,Dry,Non-Fatal Injury,Pedestrian Collisions,Pedestrian,50 to 54,Major,,West,Other,,,,Vehicle turns right while ped crosses with ROW at inter.,Crossing with right of way,Normal,,,,Yes,,Yes,,,,,,,,,,,71,Cabbagetown-South St.James Town,71,Cabbagetown-South St.James Town (71),D51,630781.3257,4835970.8668
8431,7542189,1308558,7/4/2012 8:00:00 AM,1640,KIPLING AVE,TORLAKE CRES,,Major Arterial,Etobicoke York,43.614045,-79.52359,,No Control,Clear,Daylight,Dry,Non-Fatal Injury,Pedestrian Collisions,Motorcycle Driver,25 to 29,None,,South,Motorcycle,Going Ahead,Driving Properly,Normal,,,,,,,Yes,,,Yes,,,,,,,,,,160,Mimico-Queensway,17,Mimico (includes Humber Bay Shores) (17),D22,619135.4196,4830065.1
8432,7542190,1308558,7/4/2012 8:00:00 AM,1640,KIPLING AVE,TORLAKE CRES,,Major Arterial,Etobicoke York,43.614045,-79.52359,,No Control,Clear,Daylight,Dry,Non-Fatal Injury,Pedestrian Collisions,Pedestrian,55 to 59,Major,,East,Other,,,,Pedestrian hit at mid-block,"Crossing, no Traffic Control",Inattentive,,,,Yes,,,Yes,,,,,,,,,,160,Mimico-Queensway,17,Mimico (includes Humber Bay Shores) (17),D22,619135.4196,4830065.1
8433,7514709,1308082,7/5/2012 8:00:00 AM,1225,1060 KENNEDY Rd,,,Major Arterial,Scarborough,43.748945,-79.27479,,No Control,Clear,Daylight,Dry,Non-Fatal Injury,Approaching,Truck Driver,75 to 79,Minimal,,North,Truck - Open,Going Ahead,Lost control,Inattentive,,,,,,,,,Yes,,Yes,,,Yes,,,,,,126,Dorset Park,126,Dorset Park (126),D41,638900.3101,4845434.6556
8434,7514710,1308082,7/5/2012 8:00:00 AM,1225,1060 KENNEDY Rd,,,Major Arterial,Scarborough,43.748945,-79.27479,,No Control,Clear,Daylight,Dry,Non-Fatal Injury,Approaching,Driver,20 to 24,Major,,South,"Automobile, Station Wagon",Going Ahead,Driving Properly,Normal,,,,,,,,,Yes,,Yes,,,Yes,,,,,,126,Dorset Park,126,Dorset Park (126),D41,638900.3101,4845434.6556
8435,7514711,1308082,7/5/2012 8:00:00 AM,1225,1060 KENNEDY Rd,,,Major Arterial,Scarborough,43.748945,-79.27479,,No Control,Clear,Daylight,Dry,Non-Fatal Injury,Approaching,Passenger,10 to 14,Minor,,,Other,,,,,,,,,,,,Yes,,Yes,,,Yes,,,,,,126,Dorset Park,126,Dorset Park (126),D41,638900.3101,4845434.6556
8436,7514712,1308082,7/5/2012 8:00:00 AM,1225,1060 KENNEDY Rd,,,Major Arterial,Scarborough,43.748945,-79.27479,,No Control,Clear,Daylight,Dry,Non-Fatal Injury,Approaching,Vehicle Owner,unknown,,,,Other,,,,,,,,,,,,Yes,,Yes,,,Yes,,,,,,126,Dorset Park,126,Dorset Park (126),D41,638900.3101,4845434.6556
8437,7514713,1308082,7/5/2012 8:00:00 AM,1225,1060 KENNEDY Rd,,,Major Arterial,Scarborough,43.748945,-79.27479,,No Control,Clear,Daylight,Dry,Non-Fatal Injury,Approaching,Driver,50 to 54,Minor,,South,"Automobile, Station Wagon",Going Ahead,Driving Properly,Normal,,,,,,,,,Yes,,Yes,,,Yes,,,,,,126,Dorset Park,126,Dorset Park (126),D41,638900.3101,4845434.6556
8438,7514714,1308082,7/5/2012 8:00:00 AM,1225,1060 KENNEDY Rd,,,Major Arterial,Scarborough,43.748945,-79.27479,,No Control,Clear,Daylight,Dry,Non-Fatal Injury,Approaching,Driver,30 to 34,None,,South,"Automobile, Station Wagon",Going Ahead,Driving Properly,Normal,,,,,,,,,Yes,,Yes,,,Yes,,,,,,126,Dorset Park,126,Dorset Park (126),D41,638900.3101,4845434.6556
8439,7514715,1308082,7/5/2012 8:00:00 AM,1225,1060 KENNEDY Rd,,,Major Arterial,Scarborough,43.748945,-79.27479,,No Control,Clear,Daylight,Dry,Non-Fatal Injury,Approaching,Passenger,40 to 44,Minimal,,,Other,,,,,,,,,,,,Yes,,Yes,,,Yes,,,,,,126,Dorset Park,126,Dorset Park (126),D41,638900.3101,4845434.6556
8440,7514716,1308082,7/5/2012 8:00:00 AM,1225,1060 KENNEDY Rd,,,Major Arterial,Scarborough,43.748945,-79.27479,,No Control,Clear,Daylight,Dry,Non-Fatal Injury,Approaching,Passenger,20 to 24,Minor,,,Other,,,,,,,,,,,,Yes,,Yes,,,Yes,,,,,,126,Dorset Park,126,Dorset Park (126),D41,638900.3101,4845434.6556
8441,7514717,1308082,7/5/2012 8:00:00 AM,1225,1060 KENNEDY Rd,,,Major Arterial,Scarborough,43.748945,-79.27479,,No Control,Clear,Daylight,Dry,Non-Fatal Injury,Approaching,Driver,45 to 49,Minor,,South,"Automobile, Station Wagon",Going Ahead,Driving Properly,Normal,,,,,,,,,Yes,,Yes,,,Yes,,,,,,126,Dorset Park,126,Dorset Park (126),D41,638900.3101,4845434.6556
8442,7447640,1307961,7/5/2012 8:00:00 AM,1553,RICHMOND St W,SIMCOE St,,Major Arterial,Toronto and East York,43.649845,-79.38709,At Intersection,No Control,Clear,Daylight,Dry,Non-Fatal Injury,Turning Movement,Driver,20 to 24,None,,West,"Automobile, Station Wagon",Turning Left,Improper Turn,Unknown,,,,,,,,,Yes,,,,,,,Yes,,,,170,Yonge-Bay Corridor,76,Bay Street Corridor (76),D52,630072.8228,4834246.0312
8443,7447641,1307961,7/5/2012 8:00:00 AM,1553,RICHMOND St W,SIMCOE St,,Major Arterial,Toronto and East York,43.649845,-79.38709,At Intersection,No Control,Clear,Daylight,Dry,Non-Fatal Injury,Turning Movement,Driver,45 to 49,Major,,West,"Automobile, Station Wagon",Going Ahead,Driving Properly,Normal,,,,,,,,,Yes,,,,,,,Yes,,,,170,Yonge-Bay Corridor,76,Bay Street Corridor (76),D52,630072.8228,4834246.0312
8444,7447642,1307961,7/5/2012 8:00:00 AM,1553,RICHMOND St W,SIMCOE St,,Major Arterial,Toronto and East York,43.649845,-79.38709,At Intersection,No Control,Clear,Daylight,Dry,Non-Fatal Injury,Turning Movement,Other Property Owner,unknown,,,,Other,,,,,,,,,,,,Yes,,,,,,,Yes,,,,170,Yonge-Bay Corridor,76,Bay Street Corridor (76),D52,630072.8228,4834246.0312
8445,7448107,1308128,7/6/2012 8:00:00 AM,1010,STEELES AVE E,BIRCHMOUNT RD,,Major Arterial,Scarborough,43.821345,-79.31689,At Intersection,Traffic Signal,Clear,Daylight,Dry,Non-Fatal Injury,Cyclist Collisions,Vehicle Owner,unknown,,,,Other,,,,,,,,,,,Yes,Yes,,,,,,,Yes,,,,116,Steeles,116,Steeles (116),D42,635347.2148,4853406.076
8446,7448108,1308128,7/6/2012 8:00:00 AM,1010,STEELES AVE E,BIRCHMOUNT RD,,Major Arterial,Scarborough,43.821345,-79.31689,At Intersection,Traffic Signal,Clear,Daylight,Dry,Non-Fatal Injury,Cyclist Collisions,Driver,55 to 59,None,,West,"Automobile, Station Wagon",Turning Left,Failed to Yield Right of Way,Normal,,,,,,,,Yes,Yes,,,,,,,Yes,,,,116,Steeles,116,Steeles (116),D42,635347.2148,4853406.076
8447,7448109,1308128,7/6/2012 8:00:00 AM,1010,STEELES AVE E,BIRCHMOUNT RD,,Major Arterial,Scarborough,43.821345,-79.31689,At Intersection,Traffic Signal,Clear,Daylight,Dry,Non-Fatal Injury,Cyclist Collisions,Cyclist,75 to 79,Major,,West,Bicycle,Going Ahead,,,,,,Motorist turned left across cyclists path.,Driving Properly,Normal,,Yes,Yes,,,,,,,Yes,,,,116,Steeles,116,Steeles (116),D42,635347.2148,4853406.076
8448,7448153,1308147,7/6/2012 8:00:00 AM,1720,BATHURST ST,HARBORD ST,,Major Arterial,Toronto and East York,43.661545,-79.40979,At Intersection,Traffic Signal,Clear,Daylight,Dry,Non-Fatal Injury,Cyclist Collisions,Driver,25 to 29,None,,South,"Automobile, Station Wagon",Going Ahead,Driving Properly,Normal,,,,,,,,Yes,Yes,,,,,,,,,,,80,Palmerston-Little Italy,80,Palmerston-Little Italy (80),D14,628217.2638,4835510.1396
8449,7448154,1308147,7/6/2012 8:00:00 AM,1720,BATHURST ST,HARBORD ST,,Major Arterial,Toronto and East York,43.661545,-79.40979,At Intersection,Traffic Signal,Clear,Daylight,Dry,Non-Fatal Injury,Cyclist Collisions,Cyclist,25 to 29,Major,,North,Bicycle,Turning Left,,,,,,Cyclist turned left across motorists path.,Disobeyed Traffic Control,Unknown,,Yes,Yes,,,,,,,,,,,80,Palmerston-Little Italy,80,Palmerston-Little Italy (80),D14,628217.2638,4835510.1396
8450,7527528,1302410,7/6/2012 8:00:00 AM,2212,MARKHAM Rd,MCNICOLL Ave,,Major Arterial,Scarborough,43.823245,-79.24749,,No Control,Clear,"Dark, artificial",Dry,Non-Fatal Injury,SMV Other,Passenger,20 to 24,Minor,,,Other,,,,,,,,,,,,Yes,,,,,Yes,Yes,Yes,,,,144,Morningside Heights,131,Rouge (131),D42,640923.6023,4853732.9931
8451,7527529,1302410,7/6/2012 8:00:00 AM,2212,MARKHAM Rd,MCNICOLL Ave,,Major Arterial,Scarborough,43.823245,-79.24749,,No Control,Clear,"Dark, artificial",Dry,Non-Fatal Injury,SMV Other,Driver,20 to 24,Major,,South,"Automobile, Station Wagon",Going Ahead,Exceeding Speed Limit,Unknown,,,,,,,,,Yes,,,,,Yes,Yes,Yes,,,,144,Morningside Heights,131,Rouge (131),D42,640923.6023,4853732.9931
8452,7448323,1308216,7/8/2012 8:00:00 AM,42,CINEMART DR,MILNER AVE,,Collector,Scarborough,43.797045,-79.20439,,No Control,Clear,"Dark, artificial",Dry,Non-Fatal Injury,Pedestrian Collisions,Driver,35 to 39,None,,North,"Automobile, Station Wagon",Going Ahead,Exceeding Speed Limit,Inattentive,,,,,,,Yes,,Yes,,,,,,Yes,Yes,,,,146,Malvern East,132,Malvern (132),D42,644452.5714,4850897.3838
8453,7448324,1308216,7/8/2012 8:00:00 AM,42,CINEMART DR,MILNER AVE,,Collector,Scarborough,43.797045,-79.20439,,No Control,Clear,"Dark, artificial",Dry,Non-Fatal Injury,Pedestrian Collisions,Pedestrian,25 to 29,Major,,Unknown,Other,,,,Pedestrian hit at mid-block,"Crossing, no Traffic Control",,,,,Yes,,Yes,,,,,,Yes,Yes,,,,146,Malvern East,132,Malvern (132),D42,644452.5714,4850897.3838
8454,7448639,1308358,7/8/2012 8:00:00 AM,1000,TWYN RIVERS Dr,SHEPPARD Ave E,,Minor Arterial,Scarborough,43.809045,-79.16619,,No Control,Clear,Daylight,Loose Sand or Gravel,Non-Fatal Injury,SMV Other,Motorcycle Driver,35 to 39,Major,,East,Motorcycle,Turning Left,Lost control,Normal,,,,,,,,,,Yes,,,,,,,,,,143,West Rouge,131,Rouge (131),D42,647496.1728,4852297.5689
8455,7448640,1308359,7/8/2012 8:00:00 AM,1050,UNIVERSITY Aven,QUEEN Stre W,,Major Arterial,Toronto and East York,43.650845,-79.38659,At Intersection,Traffic Signal,Clear,Daylight,Dry,Non-Fatal Injury,Angle,Driver,30 to 34,None,,East,"Automobile, Station Wagon",Going Ahead,Disobeyed Traffic Control,Normal,,,,,,,,,Yes,,,,,Yes,,Yes,Yes,,,170,Yonge-Bay Corridor,76,Bay Street Corridor (76),D52,630110.9864,4834357.8781
8456,7448641,1308359,7/8/2012 8:00:00 AM,1050,UNIVERSITY Aven,QUEEN Stre W,,Major Arterial,Toronto and East York,43.650845,-79.38659,At Intersection,Traffic Signal,Clear,Daylight,Dry,Non-Fatal Injury,Angle,Passenger,30 to 34,Minor,,,Other,,,,,,,,,,,,Yes,,,,,Yes,,Yes,Yes,,,170,Yonge-Bay Corridor,76,Bay Street Corridor (76),D52,630110.9864,4834357.8781
8457,7448642,1308359,7/8/2012 8:00:00 AM,1050,UNIVERSITY Aven,QUEEN Stre W,,Major Arterial,Toronto and East York,43.650845,-79.38659,At Intersection,Traffic Signal,Clear,Daylight,Dry,Non-Fatal Injury,Angle,Driver,40 to 44,Minor,,North,"Automobile, Station Wagon",Going Ahead,Driving Properly,Unknown,,,,,,,,,Yes,,,,,Yes,,Yes,Yes,,,170,Yonge-Bay Corridor,76,Bay Street Corridor (76),D52,630110.9864,4834357.8781
8458,7448643,1308359,7/8/2012 8:00:00 AM,1050,UNIVERSITY Aven,QUEEN Stre W,,Major Arterial,Toronto and East York,43.650845,-79.38659,At Intersection,Traffic Signal,Clear,Daylight,Dry,Non-Fatal Injury,Angle,Vehicle Owner,unknown,,,,Other,,,,,,,,,,,,Yes,,,,,Yes,,Yes,Yes,,,170,Yonge-Bay Corridor,76,Bay Street Corridor (76),D52,630110.9864,4834357.8781
8459,7448644,1308359,7/8/2012 8:00:00 AM,1050,UNIVERSITY Aven,QUEEN Stre W,,Major Arterial,Toronto and East York,43.650845,-79.38659,At Intersection,Traffic Signal,Clear,Daylight,Dry,Non-Fatal Injury,Angle,Passenger,25 to 29,Minor,,,Other,,,,,,,,,,,,Yes,,,,,Yes,,Yes,Yes,,,170,Yonge-Bay Corridor,76,Bay Street Corridor (76),D52,630110.9864,4834357.8781
8460,7448645,1308359,7/8/2012 8:00:00 AM,1050,UNIVERSITY Aven,QUEEN Stre W,,Major Arterial,Toronto and East York,43.650845,-79.38659,At Intersection,Traffic Signal,Clear,Daylight,Dry,Non-Fatal Injury,Angle,Driver,45 to 49,Major,,North,"Automobile, Station Wagon",Going Ahead,Driving Properly,Normal,,,,,,,,,Yes,,,,,Yes,,Yes,Yes,,,170,Yonge-Bay Corridor,76,Bay Street Corridor (76),D52,630110.9864,4834357.8781
8461,7527536,1302631,7/8/2012 8:00:00 AM,1855,SHEPPARD AVE W,WILSON HEIGHTS BLVD,,Major Arterial,North York,43.751645,-79.45669,At Intersection,Traffic Signal,Clear,Daylight,Dry,Fatal,Pedestrian Collisions,Driver,20 to 24,None,,North,"Automobile, Station Wagon",Turning Left,Failed to Yield Right of Way,Normal,,,,,,,Yes,,Yes,,,,,,,Yes,,,,33,Clanton Park,33,Clanton Park (33),D32,624249.4311,4845445.5909
8462,7527537,1302631,7/8/2012 8:00:00 AM,1855,SHEPPARD AVE W,WILSON HEIGHTS BLVD,,Major Arterial,North York,43.751645,-79.45669,At Intersection,Traffic Signal,Clear,Daylight,Dry,Fatal,Pedestrian Collisions,Pedestrian,25 to 29,Fatal,19,South,Other,,,,Vehicle turns left while ped crosses with ROW at inter.,Crossing with right of way,Unknown,,,,Yes,,Yes,,,,,,,Yes,,,,33,Clanton Park,33,Clanton Park (33),D32,624249.4311,4845445.5909
8463,7514534,1302753,7/9/2012 8:00:00 AM,323,KEELE ST,FINCH AVE W,,Major Arterial,Etobicoke York,43.763445,-79.49099,At Intersection,Traffic Signal,Clear,"Dark, artificial",Dry,Non-Fatal Injury,SMV Other,Driver,25 to 29,Major,,North,"Automobile, Station Wagon",Going Ahead,Lost control,Unknown,,,,,,,,,Yes,,,,,,,,,,,27,York University Heights,27,York University Heights (27),D31,621464.0928,4846705.2771
8464,7435183,1302903,7/9/2012 8:00:00 AM,907,ACE LANE,WOLSELEY ST,,Local,Toronto and East York,43.647745,-79.40369,At Intersection,No Control,Clear,Daylight,Dry,Fatal,SMV Other,Passenger,80 to 84,Fatal,20,,Other,,,,,,,,,,,,Yes,,,,,Yes,,,,,,78,Kensington-Chinatown,78,Kensington-Chinatown (78),D14,628738.5915,4833986.9134
8465,7435184,1302903,7/9/2012 8:00:00 AM,907,ACE LANE,WOLSELEY ST,,Local,Toronto and East York,43.647745,-79.40369,At Intersection,No Control,Clear,Daylight,Dry,Fatal,SMV Other,Driver,85 to 89,Minor,,West,"Automobile, Station Wagon",Going Ahead,Lost control,Normal,,,,,,,,,Yes,,,,,Yes,,,,,,78,Kensington-Chinatown,78,Kensington-Chinatown (78),D14,628738.5915,4833986.9134
8466,7448747,1308396,7/10/2012 8:00:00 AM,1740,CHESTNUT ST,DUNDAS ST W,,Collector,Toronto and East York,43.654645,-79.38579,,No Control,Clear,Daylight,Dry,Non-Fatal Injury,Cyclist Collisions,Vehicle Owner,unknown,,,,Other,,,,,,,,,,,Yes,Yes,,,,,,,,,,,170,Yonge-Bay Corridor,76,Bay Street Corridor (76),D52,630167.292,4834781.1727
8467,7448748,1308396,7/10/2012 8:00:00 AM,1740,CHESTNUT ST,DUNDAS ST W,,Collector,Toronto and East York,43.654645,-79.38579,,No Control,Clear,Daylight,Dry,Non-Fatal Injury,Cyclist Collisions,Driver,45 to 49,None,,North,"Automobile, Station Wagon",Parked,Other,Inattentive,,,,,,,,Yes,Yes,,,,,,,,,,,170,Yonge-Bay Corridor,76,Bay Street Corridor (76),D52,630167.292,4834781.1727
8468,7448749,1308396,7/10/2012 8:00:00 AM,1740,CHESTNUT ST,DUNDAS ST W,,Collector,Toronto and East York,43.654645,-79.38579,,No Control,Clear,Daylight,Dry,Non-Fatal Injury,Cyclist Collisions,Cyclist,45 to 49,Major,,North,Bicycle,Going Ahead,,,,,,Cyclist struck opened vehicle door,Driving Properly,Normal,,Yes,Yes,,,,,,,,,,,170,Yonge-Bay Corridor,76,Bay Street Corridor (76),D52,630167.292,4834781.1727