OBJECTID,INDEX,ACCNUM,DATE,TIME,STREET1,STREET2,OFFSET,ROAD_CLASS,DISTRICT,LATITUDE,LONGITUDE,ACCLOC,TRAFFCTL,VISIBILITY,LIGHT,RDSFCOND,ACCLASS,IMPACTYPE,INVTYPE,INVAGE,INJURY,FATAL_NO,INITDIR,VEHTYPE,MANOEUVER,DRIVACT,DRIVCOND,PEDTYPE,PEDACT,PEDCOND,CYCLISTYPE,CYCACT,CYCCOND,PEDESTRIAN,CYCLIST,AUTOMOBILE,MOTORCYCLE,TRUCK,TRSN_CITY_VEH,EMERG_VEH,PASSENGER,SPEEDING,AG_DRIV,REDLIGHT,ALCOHOL,DISABILITY,HOOD_158,NEIGHBOURHOOD_158,HOOD_140,NEIGHBOURHOOD_140,DIVISION,x,y
8469,7454657,1310920,7/11/2012 8:00:00 AM,1615,AVENUE RD,COTTINGHAM ST,,Major Arterial,Toronto and East York,43.679745,-79.39859,At Intersection,No Control,Clear,Daylight,Dry,Non-Fatal Injury,Pedestrian Collisions,Driver,45 to 49,None,,North,"Automobile, Station Wagon",Going Ahead,Driving Properly,Normal,,,,,,,Yes,,Yes,,,,,,,,,,,97,Yonge-St.Clair,97,Yonge-St.Clair (97),D53,629081.2976,4837548.8635
8470,7454658,1310920,7/11/2012 8:00:00 AM,1615,AVENUE RD,COTTINGHAM ST,,Major Arterial,Toronto and East York,43.679745,-79.39859,At Intersection,No Control,Clear,Daylight,Dry,Non-Fatal Injury,Pedestrian Collisions,Pedestrian,20 to 24,Major,,North,Other,,,,Pedestrian hit at mid-block,Other,Normal,,,,Yes,,Yes,,,,,,,,,,,97,Yonge-St.Clair,97,Yonge-St.Clair (97),D53,629081.2976,4837548.8635
8471,7454929,1311027,7/12/2012 8:00:00 AM,1146,MOORE AVE,POTTERY RD,,Collector,North York,43.697045,-79.37009,,No Control,Clear,Daylight,Dry,Non-Fatal Injury,Pedestrian Collisions,Driver,50 to 54,None,,East,"Automobile, Station Wagon",Going Ahead,Driving Properly,Normal,,,,,,,Yes,,Yes,,,,,,,,,,,56,Leaside-Bennington,56,Leaside-Bennington (56),D53,631340.7927,4839515.0181
8472,7454930,1311027,7/12/2012 8:00:00 AM,1146,MOORE AVE,POTTERY RD,,Collector,North York,43.697045,-79.37009,,No Control,Clear,Daylight,Dry,Non-Fatal Injury,Pedestrian Collisions,Pedestrian,85 to 89,Major,,Unknown,Other,,,,Vehicle is going straight thru inter.while ped cross without ROW,"Crossing, no Traffic Control",Normal,,,,Yes,,Yes,,,,,,,,,,,56,Leaside-Bennington,56,Leaside-Bennington (56),D53,631340.7927,4839515.0181
8473,7442606,1305957,7/12/2012 8:00:00 AM,2235,THE EAST MALL,WEST DEANE PARK Dr,,Minor Arterial,Etobicoke York,43.657545,-79.56829,At Intersection,No Control,Clear,"Dark, artificial",Dry,Non-Fatal Injury,SMV Other,Motorcycle Driver,25 to 29,Major,,East,Motorcycle,Going Ahead,Lost control,Unknown,,,,,,,,,,Yes,,,,,Yes,Yes,,,,11,Eringate-Centennial-West Deane,11,Eringate-Centennial-West Deane (11),D22,615445.105,4834833.1569
8474,7454958,1311042,7/13/2012 8:00:00 AM,640,ALBION RD,ISLINGTON AVE,,Major Arterial,Etobicoke York,43.737245,-79.56529,At Intersection,Traffic Signal,Clear,Daylight,Dry,Non-Fatal Injury,Cyclist Collisions,Driver,75 to 79,None,,South,"Automobile, Station Wagon",Going Ahead,Failed to Yield Right of Way,Normal,,,,,,,,Yes,Yes,,,,,,,Yes,,,,3,Thistletown-Beaumond Heights,3,Thistletown-Beaumond Heights (3),D23,615533.8501,4843689.0973
8475,7454959,1311042,7/13/2012 8:00:00 AM,640,ALBION RD,ISLINGTON AVE,,Major Arterial,Etobicoke York,43.737245,-79.56529,At Intersection,Traffic Signal,Clear,Daylight,Dry,Non-Fatal Injury,Cyclist Collisions,Cyclist,35 to 39,Major,,West,Bicycle,Going Ahead,,,,,,"Motorist without ROW drives into path of cyclist at inter, lnwy, dwy-Driver not turn.",Driving Properly,Normal,,Yes,Yes,,,,,,,Yes,,,,3,Thistletown-Beaumond Heights,3,Thistletown-Beaumond Heights (3),D23,615533.8501,4843689.0973
8476,7452861,1310131,7/13/2012 8:00:00 AM,1416,1591 WILSON AVE,,,Major Arterial,Etobicoke York,43.720645,-79.50989,,No Control,Clear,Daylight,Dry,Non-Fatal Injury,Pedestrian Collisions,Vehicle Owner,unknown,,,,Other,,,,,,,,,,Yes,,Yes,,,,,,,Yes,,,,154,Oakdale-Beverley Heights,26,Downsview-Roding-CFB (26),D31,620028.2683,4841924.1718
8477,7452862,1310131,7/13/2012 8:00:00 AM,1416,1591 WILSON AVE,,,Major Arterial,Etobicoke York,43.720645,-79.50989,,No Control,Clear,Daylight,Dry,Non-Fatal Injury,Pedestrian Collisions,Driver,unknown,None,,North,"Automobile, Station Wagon",Going Ahead,Failed to Yield Right of Way,Inattentive,,,,,,,Yes,,Yes,,,,,,,Yes,,,,154,Oakdale-Beverley Heights,26,Downsview-Roding-CFB (26),D31,620028.2683,4841924.1718
8478,7452863,1310131,7/13/2012 8:00:00 AM,1416,1591 WILSON AVE,,,Major Arterial,Etobicoke York,43.720645,-79.50989,,No Control,Clear,Daylight,Dry,Non-Fatal Injury,Pedestrian Collisions,Pedestrian,50 to 54,Major,,South,Other,,,,Pedestrian hit at private driveway,Other,Normal,,,,Yes,,Yes,,,,,,,Yes,,,,154,Oakdale-Beverley Heights,26,Downsview-Roding-CFB (26),D31,620028.2683,4841924.1718
8479,7450903,1309317,7/13/2012 8:00:00 AM,1442,STEELES Aven E,LAURELEAF Road S,,Major Arterial,North York,43.805545,-79.38579,At Intersection,Traffic Signal,Clear,Daylight,Dry,Non-Fatal Injury,Angle,Driver,60 to 64,Major,,East,"Automobile, Station Wagon",Going Ahead,Disobeyed Traffic Control,Inattentive,,,,,,,,,Yes,,,,,,,Yes,Yes,,,49,Bayview Woods-Steeles,49,Bayview Woods-Steeles (49),D33,629840.8097,4851540.8113
8480,7450904,1309317,7/13/2012 8:00:00 AM,1442,STEELES Aven E,LAURELEAF Road S,,Major Arterial,North York,43.805545,-79.38579,At Intersection,Traffic Signal,Clear,Daylight,Dry,Non-Fatal Injury,Angle,Driver,30 to 34,Minor,,North,"Automobile, Station Wagon",Going Ahead,Driving Properly,Normal,,,,,,,,,Yes,,,,,,,Yes,Yes,,,49,Bayview Woods-Steeles,49,Bayview Woods-Steeles (49),D33,629840.8097,4851540.8113
8481,7527565,1304055,7/13/2012 8:00:00 AM,2151,EGLINTON AVE E,BRIMLEY RD,,Major Arterial,Scarborough,43.736445,-79.24899,,No Control,Clear,"Dark, artificial",Dry,Fatal,Pedestrian Collisions,Driver,20 to 24,None,,West,"Automobile, Station Wagon",Going Ahead,Driving Properly,Normal,,,,,,,Yes,,Yes,,,,,,,,,,,124,Kennedy Park,124,Kennedy Park (124),D41,641006.892,4844089.9296
8482,7527566,1304055,7/13/2012 8:00:00 AM,2151,EGLINTON AVE E,BRIMLEY RD,,Major Arterial,Scarborough,43.736445,-79.24899,,No Control,Clear,"Dark, artificial",Dry,Fatal,Pedestrian Collisions,Pedestrian,45 to 49,Fatal,21,North,Other,,,,Pedestrian hit at mid-block,"Crossing, no Traffic Control",Unknown,,,,Yes,,Yes,,,,,,,,,,,124,Kennedy Park,124,Kennedy Park (124),D41,641006.892,4844089.9296
8483,7455377,1311229,7/15/2012 8:00:00 AM,1610,145 NEWTON Dr,,,Collector,North York,43.795045,-79.40849,,No Control,Clear,Daylight,Dry,Non-Fatal Injury,SMV Other,Vehicle Owner,unknown,,,,Other,,,,,,,,,,,,Yes,,,,,Yes,,,,,,50,Newtonbrook East,50,Newtonbrook East (50),D32,628037.32,4850339.2533
8484,7455378,1311229,7/15/2012 8:00:00 AM,1610,145 NEWTON Dr,,,Collector,North York,43.795045,-79.40849,,No Control,Clear,Daylight,Dry,Non-Fatal Injury,SMV Other,Driver,35 to 39,None,,East,"Automobile, Station Wagon",Going Ahead,Driving Properly,Inattentive,,,,,,,,,Yes,,,,,Yes,,,,,,50,Newtonbrook East,50,Newtonbrook East (50),D32,628037.32,4850339.2533
8485,7455379,1311229,7/15/2012 8:00:00 AM,1610,145 NEWTON Dr,,,Collector,North York,43.795045,-79.40849,,No Control,Clear,Daylight,Dry,Non-Fatal Injury,SMV Other,Passenger,30 to 34,Major,,,Other,,,,,,,,,,,,Yes,,,,,Yes,,,,,,50,Newtonbrook East,50,Newtonbrook East (50),D32,628037.32,4850339.2533
8486,7462465,1314310,7/18/2012 8:00:00 AM,29,EDENBRIDGE Dr,EDGEHILL Rd,,Collector,Etobicoke York,43.671445,-79.51739,,No Control,Clear,Dark,Dry,Non-Fatal Injury,SMV Other,Motorcycle Driver,30 to 34,Major,,West,Motorcycle,Going Ahead,Lost control,Normal,,,,,,,,,,Yes,,,,,,,,,,9,Edenbridge-Humber Valley,9,Edenbridge-Humber Valley (9),D22,619521.8427,4836449.0084
8487,7453003,1310192,7/18/2012 8:00:00 AM,1005,UNWIN Aven,CHERRY Stre,,Local,Toronto and East York,43.639445,-79.34579,At Intersection,No Control,Clear,Daylight,Dry,Non-Fatal Injury,Turning Movement,Vehicle Owner,unknown,,,,Other,,,,,,,,,,,,,Yes,Yes,,,,,Yes,,,,70,South Riverdale,70,South Riverdale (70),D51,633426.5131,4833156.5391
8488,7453004,1310192,7/18/2012 8:00:00 AM,1005,UNWIN Aven,CHERRY Stre,,Local,Toronto and East York,43.639445,-79.34579,At Intersection,No Control,Clear,Daylight,Dry,Non-Fatal Injury,Turning Movement,Truck Driver,25 to 29,None,,East,Truck - Open,Turning Left,Driving Properly,Normal,,,,,,,,,,Yes,Yes,,,,,Yes,,,,70,South Riverdale,70,South Riverdale (70),D51,633426.5131,4833156.5391
8489,7453005,1310192,7/18/2012 8:00:00 AM,1005,UNWIN Aven,CHERRY Stre,,Local,Toronto and East York,43.639445,-79.34579,At Intersection,No Control,Clear,Daylight,Dry,Non-Fatal Injury,Turning Movement,Motorcycle Driver,30 to 34,Major,,East,Motorcycle,Going Ahead,Improper Passing,Normal,,,,,,,,,,Yes,Yes,,,,,Yes,,,,70,South Riverdale,70,South Riverdale (70),D51,633426.5131,4833156.5391
8490,7453006,1310192,7/18/2012 8:00:00 AM,1005,UNWIN Aven,CHERRY Stre,,Local,Toronto and East York,43.639445,-79.34579,At Intersection,No Control,Clear,Daylight,Dry,Non-Fatal Injury,Turning Movement,Other,unknown,None,,,Other,,,,,,,,,,,,,Yes,Yes,,,,,Yes,,,,70,South Riverdale,70,South Riverdale (70),D51,633426.5131,4833156.5391
8491,7542311,1314053,7/18/2012 8:00:00 AM,1815,3495 SHEPPARD AVE E,,,Major Arterial,Scarborough,43.780345,-79.30099,,No Control,Clear,Daylight,Dry,Non-Fatal Injury,Cyclist Collisions,Driver,20 to 24,None,,East,"Automobile, Station Wagon",Turning Right,Failed to Yield Right of Way,Inattentive,,,,,,,,Yes,Yes,,,,,,,Yes,,,,118,Tam O'Shanter-Sullivan,118,Tam O'Shanter-Sullivan (118),D42,636719.3164,4848878.5071
8492,7542312,1314053,7/18/2012 8:00:00 AM,1815,3495 SHEPPARD AVE E,,,Major Arterial,Scarborough,43.780345,-79.30099,,No Control,Clear,Daylight,Dry,Non-Fatal Injury,Cyclist Collisions,Cyclist,15 to 19,Major,,East,Bicycle,Going Ahead,,,,,,"Motorist turns right at non-signal Inter.(stop, yield, no cont.,and dwy) and strikes cyclist.",Driving Properly,Normal,,Yes,Yes,,,,,,,Yes,,,,118,Tam O'Shanter-Sullivan,118,Tam O'Shanter-Sullivan (118),D42,636719.3164,4848878.5071
8493,7456019,1311500,7/20/2012 8:00:00 AM,1140,RICHMOND Stre E,VICTORIA Stre,,Major Arterial,Toronto and East York,43.651845,-79.37819,At Intersection,No Control,Clear,Daylight,Dry,Non-Fatal Injury,Rear End,Vehicle Owner,unknown,,,,Other,,,,,,,,,,,,Yes,,,Yes,,,,,,,,168,Downtown Yonge East,75,Church-Yonge Corridor (75),D51,630786.2281,4834482.1461
8494,7456020,1311500,7/20/2012 8:00:00 AM,1140,RICHMOND Stre E,VICTORIA Stre,,Major Arterial,Toronto and East York,43.651845,-79.37819,At Intersection,No Control,Clear,Daylight,Dry,Non-Fatal Injury,Rear End,Driver,45 to 49,Minimal,,West,"Automobile, Station Wagon",Stopped,Driving Properly,Normal,,,,,,,,,Yes,,,Yes,,,,,,,,168,Downtown Yonge East,75,Church-Yonge Corridor (75),D51,630786.2281,4834482.1461
8495,7456021,1311500,7/20/2012 8:00:00 AM,1140,RICHMOND Stre E,VICTORIA Stre,,Major Arterial,Toronto and East York,43.651845,-79.37819,At Intersection,No Control,Clear,Daylight,Dry,Non-Fatal Injury,Rear End,Vehicle Owner,unknown,,,,Other,,,,,,,,,,,,Yes,,,Yes,,,,,,,,168,Downtown Yonge East,75,Church-Yonge Corridor (75),D51,630786.2281,4834482.1461
8496,7456022,1311500,7/20/2012 8:00:00 AM,1140,RICHMOND Stre E,VICTORIA Stre,,Major Arterial,Toronto and East York,43.651845,-79.37819,At Intersection,No Control,Clear,Daylight,Dry,Non-Fatal Injury,Rear End,Driver,35 to 39,Major,,West,Municipal Transit Bus (TTC),Slowing or Stopping,Driving Properly,Normal,,,,,,,,,Yes,,,Yes,,,,,,,,168,Downtown Yonge East,75,Church-Yonge Corridor (75),D51,630786.2281,4834482.1461
8497,7455998,1311498,7/20/2012 8:00:00 AM,1300,QUEENS QUAY W,LOWER SIMCOE ST,,Minor Arterial,Toronto and East York,43.639545,-79.38269,At Intersection,Traffic Signal,Clear,Daylight,Dry,Non-Fatal Injury,Rear End,Passenger,25 to 29,Minimal,,,Other,,,,,,,,,,,,,,,Yes,,Yes,,,,,,165,Harbourfront-CityPlace,77,Waterfront Communities-The Island (77),D52,630449.9562,4833108.9883
8498,7455999,1311498,7/20/2012 8:00:00 AM,1300,QUEENS QUAY W,LOWER SIMCOE ST,,Minor Arterial,Toronto and East York,43.639545,-79.38269,At Intersection,Traffic Signal,Clear,Daylight,Dry,Non-Fatal Injury,Rear End,Passenger,10 to 14,Minor,,,Other,,,,,,,,,,,,,,,Yes,,Yes,,,,,,165,Harbourfront-CityPlace,77,Waterfront Communities-The Island (77),D52,630449.9562,4833108.9883
8499,7456000,1311498,7/20/2012 8:00:00 AM,1300,QUEENS QUAY W,LOWER SIMCOE ST,,Minor Arterial,Toronto and East York,43.639545,-79.38269,At Intersection,Traffic Signal,Clear,Daylight,Dry,Non-Fatal Injury,Rear End,Passenger,55 to 59,Minimal,,,Other,,,,,,,,,,,,,,,Yes,,Yes,,,,,,165,Harbourfront-CityPlace,77,Waterfront Communities-The Island (77),D52,630449.9562,4833108.9883
8500,7456001,1311498,7/20/2012 8:00:00 AM,1300,QUEENS QUAY W,LOWER SIMCOE ST,,Minor Arterial,Toronto and East York,43.639545,-79.38269,At Intersection,Traffic Signal,Clear,Daylight,Dry,Non-Fatal Injury,Rear End,Passenger,35 to 39,Minimal,,,Other,,,,,,,,,,,,,,,Yes,,Yes,,,,,,165,Harbourfront-CityPlace,77,Waterfront Communities-The Island (77),D52,630449.9562,4833108.9883
8501,7456002,1311498,7/20/2012 8:00:00 AM,1300,QUEENS QUAY W,LOWER SIMCOE ST,,Minor Arterial,Toronto and East York,43.639545,-79.38269,At Intersection,Traffic Signal,Clear,Daylight,Dry,Non-Fatal Injury,Rear End,Passenger,30 to 34,Minimal,,,Other,,,,,,,,,,,,,,,Yes,,Yes,,,,,,165,Harbourfront-CityPlace,77,Waterfront Communities-The Island (77),D52,630449.9562,4833108.9883
8502,7456003,1311498,7/20/2012 8:00:00 AM,1300,QUEENS QUAY W,LOWER SIMCOE ST,,Minor Arterial,Toronto and East York,43.639545,-79.38269,At Intersection,Traffic Signal,Clear,Daylight,Dry,Non-Fatal Injury,Rear End,Passenger,25 to 29,Minimal,,,Other,,,,,,,,,,,,,,,Yes,,Yes,,,,,,165,Harbourfront-CityPlace,77,Waterfront Communities-The Island (77),D52,630449.9562,4833108.9883
8503,7456004,1311498,7/20/2012 8:00:00 AM,1300,QUEENS QUAY W,LOWER SIMCOE ST,,Minor Arterial,Toronto and East York,43.639545,-79.38269,At Intersection,Traffic Signal,Clear,Daylight,Dry,Non-Fatal Injury,Rear End,Vehicle Owner,unknown,,,,Other,,,,,,,,,,,,,,,Yes,,Yes,,,,,,165,Harbourfront-CityPlace,77,Waterfront Communities-The Island (77),D52,630449.9562,4833108.9883
8504,7456005,1311498,7/20/2012 8:00:00 AM,1300,QUEENS QUAY W,LOWER SIMCOE ST,,Minor Arterial,Toronto and East York,43.639545,-79.38269,At Intersection,Traffic Signal,Clear,Daylight,Dry,Non-Fatal Injury,Rear End,Passenger,85 to 89,Major,,,Other,,,,,,,,,,,,,,,Yes,,Yes,,,,,,165,Harbourfront-CityPlace,77,Waterfront Communities-The Island (77),D52,630449.9562,4833108.9883
8505,7456006,1311498,7/20/2012 8:00:00 AM,1300,QUEENS QUAY W,LOWER SIMCOE ST,,Minor Arterial,Toronto and East York,43.639545,-79.38269,At Intersection,Traffic Signal,Clear,Daylight,Dry,Non-Fatal Injury,Rear End,Driver,25 to 29,Minimal,,West,Municipal Transit Bus (TTC),Going Ahead,Lost control,Inattentive,,,,,,,,,,,,Yes,,Yes,,,,,,165,Harbourfront-CityPlace,77,Waterfront Communities-The Island (77),D52,630449.9562,4833108.9883
8506,7456007,1311498,7/20/2012 8:00:00 AM,1300,QUEENS QUAY W,LOWER SIMCOE ST,,Minor Arterial,Toronto and East York,43.639545,-79.38269,At Intersection,Traffic Signal,Clear,Daylight,Dry,Non-Fatal Injury,Rear End,Passenger,50 to 54,Minimal,,,Other,,,,,,,,,,,,,,,Yes,,Yes,,,,,,165,Harbourfront-CityPlace,77,Waterfront Communities-The Island (77),D52,630449.9562,4833108.9883
8507,7456008,1311498,7/20/2012 8:00:00 AM,1300,QUEENS QUAY W,LOWER SIMCOE ST,,Minor Arterial,Toronto and East York,43.639545,-79.38269,At Intersection,Traffic Signal,Clear,Daylight,Dry,Non-Fatal Injury,Rear End,Driver,55 to 59,Minimal,,West,Municipal Transit Bus (TTC),Stopped,Driving Properly,Normal,,,,,,,,,,,,Yes,,Yes,,,,,,165,Harbourfront-CityPlace,77,Waterfront Communities-The Island (77),D52,630449.9562,4833108.9883
8508,7456009,1311498,7/20/2012 8:00:00 AM,1300,QUEENS QUAY W,LOWER SIMCOE ST,,Minor Arterial,Toronto and East York,43.639545,-79.38269,At Intersection,Traffic Signal,Clear,Daylight,Dry,Non-Fatal Injury,Rear End,Vehicle Owner,unknown,,,,Other,,,,,,,,,,,,,,,Yes,,Yes,,,,,,165,Harbourfront-CityPlace,77,Waterfront Communities-The Island (77),D52,630449.9562,4833108.9883
8509,7456010,1311498,7/20/2012 8:00:00 AM,1300,QUEENS QUAY W,LOWER SIMCOE ST,,Minor Arterial,Toronto and East York,43.639545,-79.38269,At Intersection,Traffic Signal,Clear,Daylight,Dry,Non-Fatal Injury,Rear End,Passenger,10 to 14,Minor,,,Other,,,,,,,,,,,,,,,Yes,,Yes,,,,,,165,Harbourfront-CityPlace,77,Waterfront Communities-The Island (77),D52,630449.9562,4833108.9883
8510,7456011,1311498,7/20/2012 8:00:00 AM,1300,QUEENS QUAY W,LOWER SIMCOE ST,,Minor Arterial,Toronto and East York,43.639545,-79.38269,At Intersection,Traffic Signal,Clear,Daylight,Dry,Non-Fatal Injury,Rear End,Passenger,50 to 54,Minor,,,Other,,,,,,,,,,,,,,,Yes,,Yes,,,,,,165,Harbourfront-CityPlace,77,Waterfront Communities-The Island (77),D52,630449.9562,4833108.9883
8511,7456012,1311498,7/20/2012 8:00:00 AM,1300,QUEENS QUAY W,LOWER SIMCOE ST,,Minor Arterial,Toronto and East York,43.639545,-79.38269,At Intersection,Traffic Signal,Clear,Daylight,Dry,Non-Fatal Injury,Rear End,Passenger,45 to 49,Minor,,,Other,,,,,,,,,,,,,,,Yes,,Yes,,,,,,165,Harbourfront-CityPlace,77,Waterfront Communities-The Island (77),D52,630449.9562,4833108.9883
8512,7456013,1311498,7/20/2012 8:00:00 AM,1300,QUEENS QUAY W,LOWER SIMCOE ST,,Minor Arterial,Toronto and East York,43.639545,-79.38269,At Intersection,Traffic Signal,Clear,Daylight,Dry,Non-Fatal Injury,Rear End,Passenger,55 to 59,Minimal,,,Other,,,,,,,,,,,,,,,Yes,,Yes,,,,,,165,Harbourfront-CityPlace,77,Waterfront Communities-The Island (77),D52,630449.9562,4833108.9883
8513,7456014,1311498,7/20/2012 8:00:00 AM,1300,QUEENS QUAY W,LOWER SIMCOE ST,,Minor Arterial,Toronto and East York,43.639545,-79.38269,At Intersection,Traffic Signal,Clear,Daylight,Dry,Non-Fatal Injury,Rear End,Passenger,55 to 59,Minimal,,,Other,,,,,,,,,,,,,,,Yes,,Yes,,,,,,165,Harbourfront-CityPlace,77,Waterfront Communities-The Island (77),D52,630449.9562,4833108.9883
8514,7456015,1311498,7/20/2012 8:00:00 AM,1300,QUEENS QUAY W,LOWER SIMCOE ST,,Minor Arterial,Toronto and East York,43.639545,-79.38269,At Intersection,Traffic Signal,Clear,Daylight,Dry,Non-Fatal Injury,Rear End,Passenger,55 to 59,Minimal,,,Other,,,,,,,,,,,,,,,Yes,,Yes,,,,,,165,Harbourfront-CityPlace,77,Waterfront Communities-The Island (77),D52,630449.9562,4833108.9883
8515,7456016,1311498,7/20/2012 8:00:00 AM,1300,QUEENS QUAY W,LOWER SIMCOE ST,,Minor Arterial,Toronto and East York,43.639545,-79.38269,At Intersection,Traffic Signal,Clear,Daylight,Dry,Non-Fatal Injury,Rear End,Passenger,40 to 44,Minimal,,,Other,,,,,,,,,,,,,,,Yes,,Yes,,,,,,165,Harbourfront-CityPlace,77,Waterfront Communities-The Island (77),D52,630449.9562,4833108.9883
8516,7442757,1306017,7/23/2012 8:00:00 AM,208,SHERBOURNE ST,GERRARD ST E,,Minor Arterial,Toronto and East York,43.662045,-79.37259,,No Control,Clear,Dark,Dry,Non-Fatal Injury,Pedestrian Collisions,Driver,65 to 69,None,,North,"Automobile, Station Wagon",Going Ahead,Driving Properly,Normal,,,,,,,Yes,,Yes,,,,,,,,,,,73,Moss Park,73,Moss Park (73),D51,631215.61,4835623.8327
8517,7442758,1306017,7/23/2012 8:00:00 AM,208,SHERBOURNE ST,GERRARD ST E,,Minor Arterial,Toronto and East York,43.662045,-79.37259,,No Control,Clear,Dark,Dry,Non-Fatal Injury,Pedestrian Collisions,Pedestrian,40 to 44,Major,,Unknown,Other,,,,Pedestrian hit at mid-block,Other,"Ability Impaired, Alcohol Over .80",,,,Yes,,Yes,,,,,,,,,,,73,Moss Park,73,Moss Park (73),D51,631215.61,4835623.8327
8518,7456219,1311577,7/23/2012 8:00:00 AM,824,YONGE ST,GROSVENOR ST,,Major Arterial,Toronto and East York,43.663045,-79.38379,At Intersection,Traffic Signal,Clear,Daylight,Dry,Non-Fatal Injury,Cyclist Collisions,Driver,50 to 54,Minimal,,East,"Automobile, Station Wagon",Turning Left,Driving Properly,Normal,,,,,,,,Yes,Yes,,,,,,,,,,,167,Church-Wellesley,75,Church-Yonge Corridor (75),D51,630310.3978,4835717.2435
8519,7456220,1311577,7/23/2012 8:00:00 AM,824,YONGE ST,GROSVENOR ST,,Major Arterial,Toronto and East York,43.663045,-79.38379,At Intersection,Traffic Signal,Clear,Daylight,Dry,Non-Fatal Injury,Cyclist Collisions,Cyclist,25 to 29,Major,,North,Bicycle,Going Ahead,,,,,,Motorist turned left across cyclists path.,Disobeyed Traffic Control,Inattentive,,Yes,Yes,,,,,,,,,,,167,Church-Wellesley,75,Church-Yonge Corridor (75),D51,630310.3978,4835717.2435
8520,7514656,1306461,7/24/2012 8:00:00 AM,740,FINCH AVE W,MILADY RD,,Major Arterial,Etobicoke York,43.747345,-79.56439,,No Control,Clear,Daylight,Dry,Non-Fatal Injury,Pedestrian Collisions,Pedestrian,10 to 14,Major,,Unknown,Other,,,,Vehicle is going straight thru inter.while ped cross without ROW,Crossing without right of way,Inattentive,,,,Yes,,Yes,,,,,,,,,,,21,Humber Summit,21,Humber Summit (21),D31,615586.888,4844812.1024
8521,7514657,1306461,7/24/2012 8:00:00 AM,740,FINCH AVE W,MILADY RD,,Major Arterial,Etobicoke York,43.747345,-79.56439,,No Control,Clear,Daylight,Dry,Non-Fatal Injury,Pedestrian Collisions,Driver,30 to 34,None,,East,"Automobile, Station Wagon",Going Ahead,Driving Properly,Unknown,,,,,,,Yes,,Yes,,,,,,,,,,,21,Humber Summit,21,Humber Summit (21),D31,615586.888,4844812.1024
8522,7457873,1312333,7/25/2012 8:00:00 AM,1606,SHEPPARD Aven E,ARAGON Aven,,Major Arterial,Scarborough,43.779745,-79.30349,,No Control,Clear,Daylight,Dry,Non-Fatal Injury,Other,Passenger,70 to 74,Major,,,Other,,,,,,,,,,,,,,,Yes,,Yes,,,,,,118,Tam O'Shanter-Sullivan,118,Tam O'Shanter-Sullivan (118),D42,636519.5049,4848807.742
8523,7457874,1312333,7/25/2012 8:00:00 AM,1606,SHEPPARD Aven E,ARAGON Aven,,Major Arterial,Scarborough,43.779745,-79.30349,,No Control,Clear,Daylight,Dry,Non-Fatal Injury,Other,Vehicle Owner,unknown,,,,Other,,,,,,,,,,,,,,,Yes,,Yes,,,,,,118,Tam O'Shanter-Sullivan,118,Tam O'Shanter-Sullivan (118),D42,636519.5049,4848807.742
8524,7457875,1312333,7/25/2012 8:00:00 AM,1606,SHEPPARD Aven E,ARAGON Aven,,Major Arterial,Scarborough,43.779745,-79.30349,,No Control,Clear,Daylight,Dry,Non-Fatal Injury,Other,Driver,50 to 54,None,,East,Municipal Transit Bus (TTC),Going Ahead,Driving Properly,Normal,,,,,,,,,,,,Yes,,Yes,,,,,,118,Tam O'Shanter-Sullivan,118,Tam O'Shanter-Sullivan (118),D42,636519.5049,4848807.742
8525,7457882,1312337,7/25/2012 8:00:00 AM,1641,BAY MILLS Blvd,BIRCHMOUNT Rd,,Collector,Scarborough,43.783345,-79.30029,,No Control,Clear,Daylight,Dry,Non-Fatal Injury,Turning Movement,Vehicle Owner,unknown,,,,Other,,,,,,,,,,,,Yes,Yes,,,,,,Yes,,,,118,Tam O'Shanter-Sullivan,118,Tam O'Shanter-Sullivan (118),D42,636768.8048,4849212.8604
8526,7457883,1312337,7/25/2012 8:00:00 AM,1641,BAY MILLS Blvd,BIRCHMOUNT Rd,,Collector,Scarborough,43.783345,-79.30029,,No Control,Clear,Daylight,Dry,Non-Fatal Injury,Turning Movement,Motorcycle Driver,25 to 29,Major,,East,Motorcycle,Going Ahead,Driving Properly,Normal,,,,,,,,,Yes,Yes,,,,,,Yes,,,,118,Tam O'Shanter-Sullivan,118,Tam O'Shanter-Sullivan (118),D42,636768.8048,4849212.8604
8527,7457884,1312337,7/25/2012 8:00:00 AM,1641,BAY MILLS Blvd,BIRCHMOUNT Rd,,Collector,Scarborough,43.783345,-79.30029,,No Control,Clear,Daylight,Dry,Non-Fatal Injury,Turning Movement,Vehicle Owner,unknown,,,,Other,,,,,,,,,,,,Yes,Yes,,,,,,Yes,,,,118,Tam O'Shanter-Sullivan,118,Tam O'Shanter-Sullivan (118),D42,636768.8048,4849212.8604
8528,7457885,1312337,7/25/2012 8:00:00 AM,1641,BAY MILLS Blvd,BIRCHMOUNT Rd,,Collector,Scarborough,43.783345,-79.30029,,No Control,Clear,Daylight,Dry,Non-Fatal Injury,Turning Movement,Driver,35 to 39,None,,South,"Automobile, Station Wagon",Turning Left,Failed to Yield Right of Way,Normal,,,,,,,,,Yes,Yes,,,,,,Yes,,,,118,Tam O'Shanter-Sullivan,118,Tam O'Shanter-Sullivan (118),D42,636768.8048,4849212.8604