OBJECTID,INDEX,ACCNUM,DATE,TIME,STREET1,STREET2,OFFSET,ROAD_CLASS,DISTRICT,LATITUDE,LONGITUDE,ACCLOC,TRAFFCTL,VISIBILITY,LIGHT,RDSFCOND,ACCLASS,IMPACTYPE,INVTYPE,INVAGE,INJURY,FATAL_NO,INITDIR,VEHTYPE,MANOEUVER,DRIVACT,DRIVCOND,PEDTYPE,PEDACT,PEDCOND,CYCLISTYPE,CYCACT,CYCCOND,PEDESTRIAN,CYCLIST,AUTOMOBILE,MOTORCYCLE,TRUCK,TRSN_CITY_VEH,EMERG_VEH,PASSENGER,SPEEDING,AG_DRIV,REDLIGHT,ALCOHOL,DISABILITY,HOOD_158,NEIGHBOURHOOD_158,HOOD_140,NEIGHBOURHOOD_140,DIVISION,x,y
8652,7475182,1319682,9/1/2012 8:00:00 AM,36,PAPE AVE,COSBURN AVE,,Major Arterial,Toronto and East York,43.689445,-79.34879,At Intersection,Traffic Signal,Clear,"Dark, artificial",Dry,Non-Fatal Injury,Pedestrian Collisions,Pedestrian,25 to 29,Major,,North,Other,,,,Vehicle is going straight thru inter.while ped cross with ROW,Crossing with right of way,Had Been Drinking,,,,Yes,,Yes,,,,,,,Yes,,Yes,,58,Old East York,58,Old East York (58),D55,633074.0084,4838704.8936
8653,7475169,1319679,9/1/2012 8:00:00 AM,320,DANFORTH Ave,PAPE Ave,,Major Arterial,Toronto and East York,43.678945,-79.34479,At Intersection,Traffic Signal,Clear,Dark,Dry,Non-Fatal Injury,Pedestrian Collisions,Driver,20 to 24,None,,West,"Automobile, Station Wagon",Going Ahead,Driving Properly,Normal,,,,,,,Yes,,Yes,,,,,,,,,,,69,Blake-Jones,69,Blake-Jones (69),D55,633419.6543,4837545.1504
8654,7475170,1319679,9/1/2012 8:00:00 AM,320,DANFORTH Ave,PAPE Ave,,Major Arterial,Toronto and East York,43.678945,-79.34479,At Intersection,Traffic Signal,Clear,Dark,Dry,Non-Fatal Injury,Pedestrian Collisions,Pedestrian,20 to 24,Major,,North,Other,,,,Vehicle is going straight thru inter.while ped cross without ROW,Crossing without right of way,Had Been Drinking,,,,Yes,,Yes,,,,,,,,,,,69,Blake-Jones,69,Blake-Jones (69),D55,633419.6543,4837545.1504
8655,7474950,1319584,9/2/2012 8:00:00 AM,115,COLLEGE ST,LIPPINCOTT ST,,Major Arterial,Toronto and East York,43.656649,-79.406482,At Intersection,No Control,Clear,"Dark, artificial",Dry,Non-Fatal Injury,Cyclist Collisions,Vehicle Owner,unknown,,,,,,,,,,,,,,,Yes,Yes,,,,,,,,,,,78,Kensington-Chinatown,78,Kensington-Chinatown (78),D14,628494.431,4834971.4917
8656,7474951,1319584,9/2/2012 8:00:00 AM,115,COLLEGE ST,LIPPINCOTT ST,,Major Arterial,Toronto and East York,43.656649,-79.406482,At Intersection,No Control,Clear,"Dark, artificial",Dry,Non-Fatal Injury,Cyclist Collisions,Driver,55 to 59,None,,West,"Automobile, Station Wagon",Making U Turn,Improper Turn,Inattentive,,,,,,,,Yes,Yes,,,,,,,,,,,78,Kensington-Chinatown,78,Kensington-Chinatown (78),D14,628494.431,4834971.4917
8657,7474952,1319584,9/2/2012 8:00:00 AM,115,COLLEGE ST,LIPPINCOTT ST,,Major Arterial,Toronto and East York,43.656649,-79.406482,At Intersection,No Control,Clear,"Dark, artificial",Dry,Non-Fatal Injury,Cyclist Collisions,Cyclist,20 to 24,Major,,West,Bicycle,Overtaking,,,,,,Motorist makes u-turn in-front of cyclist.,Driving Properly,Normal,,Yes,Yes,,,,,,,,,,,78,Kensington-Chinatown,78,Kensington-Chinatown (78),D14,628494.431,4834971.4917
8658,7475084,1319643,9/2/2012 8:00:00 AM,1855,WESTON RD,GLENVALLEY DR,,Minor Arterial,Etobicoke York,43.688145,-79.49259,At Intersection,Stop Sign,Clear,Daylight,Dry,Non-Fatal Injury,Cyclist Collisions,Driver,45 to 49,None,,North,"Automobile, Station Wagon",Turning Left,Failed to Yield Right of Way,Inattentive,,,,,,,,Yes,Yes,,,,,,,Yes,,,,115,Mount Dennis,115,Mount Dennis (115),D12,621487.4238,4838339.7973
8659,7475085,1319643,9/2/2012 8:00:00 AM,1855,WESTON RD,GLENVALLEY DR,,Minor Arterial,Etobicoke York,43.688145,-79.49259,At Intersection,Stop Sign,Clear,Daylight,Dry,Non-Fatal Injury,Cyclist Collisions,Cyclist,45 to 49,Major,,South,Bicycle,Going Ahead,,,,,,Motorist turned left across cyclists path.,Driving Properly,Normal,,Yes,Yes,,,,,,,Yes,,,,115,Mount Dennis,115,Mount Dennis (115),D12,621487.4238,4838339.7973
8660,7467877,1316598,9/3/2012 8:00:00 AM,1755,PINE ST,WILLIAM ST,,Collector,Etobicoke York,43.704645,-79.50949,,Stop Sign,Clear,Daylight,Dry,Non-Fatal Injury,Pedestrian Collisions,Motorcycle Driver,unknown,None,,South,Motorcycle,Going Ahead,Lost control,Unknown,,,,,,,Yes,,,Yes,,,,,,,,,,113,Weston,113,Weston (113),D12,620092.4413,4840147.7284
8661,7467878,1316598,9/3/2012 8:00:00 AM,1755,PINE ST,WILLIAM ST,,Collector,Etobicoke York,43.704645,-79.50949,,Stop Sign,Clear,Daylight,Dry,Non-Fatal Injury,Pedestrian Collisions,Pedestrian,60 to 64,Major,,Unknown,Other,,,,Other / Undefined,Other,Normal,,,,Yes,,,Yes,,,,,,,,,,113,Weston,113,Weston (113),D12,620092.4413,4840147.7284
8662,7460357,1313400,9/5/2012 8:00:00 AM,1615,KENNETH AVE,PEMBERTON AVE,,Local,North York,43.781345,-79.41269,,No Control,Clear,Daylight,Dry,Non-Fatal Injury,Pedestrian Collisions,Driver,65 to 69,None,,North,"Automobile, Station Wagon",Going Ahead,Failed to Yield Right of Way,Normal,,,,,,,Yes,,Yes,,,,,,,Yes,,,,50,Newtonbrook East,50,Newtonbrook East (50),D32,627728.6039,4848811.1669
8663,7460358,1313400,9/5/2012 8:00:00 AM,1615,KENNETH AVE,PEMBERTON AVE,,Local,North York,43.781345,-79.41269,,No Control,Clear,Daylight,Dry,Non-Fatal Injury,Pedestrian Collisions,Pedestrian,0 to 4,Major,,East,Other,,,,Vehicle is going straight thru inter.while ped cross with ROW,Crossing with right of way,Other,,,,Yes,,Yes,,,,,,,Yes,,,,50,Newtonbrook East,50,Newtonbrook East (50),D32,627728.6039,4848811.1669
8664,7476109,1320057,9/6/2012 8:00:00 AM,615,KENNEDY RD,FOXRIDGE DR,,Major Arterial,Scarborough,43.724045,-79.26449,At Intersection,No Control,Clear,"Daylight, artificial",Dry,Non-Fatal Injury,Cyclist Collisions,Driver,50 to 54,None,,North,"Automobile, Station Wagon",Turning Left,Failed to Yield Right of Way,Normal,,,,,,,,Yes,Yes,,,,,,,Yes,,,,124,Kennedy Park,124,Kennedy Park (124),D41,639787.525,4842686.4618
8665,7476110,1320057,9/6/2012 8:00:00 AM,615,KENNEDY RD,FOXRIDGE DR,,Major Arterial,Scarborough,43.724045,-79.26449,At Intersection,No Control,Clear,"Daylight, artificial",Dry,Non-Fatal Injury,Cyclist Collisions,Cyclist,35 to 39,Major,,South,Bicycle,Going Ahead,,,,,,Motorist turned left across cyclists path.,Driving Properly,Normal,,Yes,Yes,,,,,,,Yes,,,,124,Kennedy Park,124,Kennedy Park (124),D41,639787.525,4842686.4618
8666,7528256,1316027,9/6/2012 8:00:00 AM,1440,KING ST E,VICTORIA ST,,Major Arterial,Toronto and East York,43.649345,-79.37669,At Intersection,No Control,Clear,Daylight,Dry,Non-Fatal Injury,Cyclist Collisions,Vehicle Owner,unknown,,,,Other,,,,,,,,,,,Yes,Yes,,,,,,,Yes,,,,168,Downtown Yonge East,75,Church-Yonge Corridor (75),D51,630912.6241,4834206.8535
8667,7528257,1316027,9/6/2012 8:00:00 AM,1440,KING ST E,VICTORIA ST,,Major Arterial,Toronto and East York,43.649345,-79.37669,At Intersection,No Control,Clear,Daylight,Dry,Non-Fatal Injury,Cyclist Collisions,Driver,60 to 64,None,,East,"Automobile, Station Wagon",Turning Left,Failed to Yield Right of Way,Unknown,,,,,,,,Yes,Yes,,,,,,,Yes,,,,168,Downtown Yonge East,75,Church-Yonge Corridor (75),D51,630912.6241,4834206.8535
8668,7528258,1316027,9/6/2012 8:00:00 AM,1440,KING ST E,VICTORIA ST,,Major Arterial,Toronto and East York,43.649345,-79.37669,At Intersection,No Control,Clear,Daylight,Dry,Non-Fatal Injury,Cyclist Collisions,Cyclist,20 to 24,Major,,West,Bicycle,Going Ahead,,,,,,Motorist turned left across cyclists path.,Driving Properly,Normal,,Yes,Yes,,,,,,,Yes,,,,168,Downtown Yonge East,75,Church-Yonge Corridor (75),D51,630912.6241,4834206.8535
8669,7542303,1313728,9/7/2012 8:00:00 AM,525,ROYAL YORK RD,EVANS AVE,,Minor Arterial,Etobicoke York,43.621045,-79.50039,At Intersection,Traffic Signal,Clear,"Dark, artificial",Dry,Non-Fatal Injury,Turning Movement,Motorcycle Driver,55 to 59,Major,,South,Motorcycle,Going Ahead,Other,Unknown,,,,,,,,,Yes,Yes,,,,,,Yes,,,,160,Mimico-Queensway,17,Mimico (includes Humber Bay Shores) (17),D22,620993.4653,4830876.0805
8670,7542304,1313728,9/7/2012 8:00:00 AM,525,ROYAL YORK RD,EVANS AVE,,Minor Arterial,Etobicoke York,43.621045,-79.50039,At Intersection,Traffic Signal,Clear,"Dark, artificial",Dry,Non-Fatal Injury,Turning Movement,Vehicle Owner,unknown,,,,Other,,,,,,,,,,,,Yes,Yes,,,,,,Yes,,,,160,Mimico-Queensway,17,Mimico (includes Humber Bay Shores) (17),D22,620993.4653,4830876.0805
8671,7542305,1313728,9/7/2012 8:00:00 AM,525,ROYAL YORK RD,EVANS AVE,,Minor Arterial,Etobicoke York,43.621045,-79.50039,At Intersection,Traffic Signal,Clear,"Dark, artificial",Dry,Non-Fatal Injury,Turning Movement,Driver,55 to 59,None,,North,"Automobile, Station Wagon",Turning Left,Failed to Yield Right of Way,Inattentive,,,,,,,,,Yes,Yes,,,,,,Yes,,,,160,Mimico-Queensway,17,Mimico (includes Humber Bay Shores) (17),D22,620993.4653,4830876.0805
8672,7481291,1322166,9/7/2012 8:00:00 AM,2040,BYNG AVE,DORIS AVE,,Minor Arterial,North York,43.776945,-79.41319,,Traffic Signal,Clear,"Dark, artificial",Dry,Non-Fatal Injury,Pedestrian Collisions,Vehicle Owner,unknown,,,,Other,,,,,,,,,,Yes,,Yes,,,,,,,Yes,,,,151,Yonge-Doris,51,Willowdale East (51),D32,627697.7357,4848321.7081
8673,7481292,1322166,9/7/2012 8:00:00 AM,2040,BYNG AVE,DORIS AVE,,Minor Arterial,North York,43.776945,-79.41319,,Traffic Signal,Clear,"Dark, artificial",Dry,Non-Fatal Injury,Pedestrian Collisions,Driver,60 to 64,None,,East,"Automobile, Station Wagon",Turning Left,Failed to Yield Right of Way,Normal,,,,,,,Yes,,Yes,,,,,,,Yes,,,,151,Yonge-Doris,51,Willowdale East (51),D32,627697.7357,4848321.7081
8674,7481293,1322166,9/7/2012 8:00:00 AM,2040,BYNG AVE,DORIS AVE,,Minor Arterial,North York,43.776945,-79.41319,,Traffic Signal,Clear,"Dark, artificial",Dry,Non-Fatal Injury,Pedestrian Collisions,Pedestrian,55 to 59,Major,,East,Other,,,,Vehicle turns left while ped crosses with ROW at inter.,Crossing with right of way,Normal,,,,Yes,,Yes,,,,,,,Yes,,,,151,Yonge-Doris,51,Willowdale East (51),D32,627697.7357,4848321.7081
8675,7476760,1320320,9/8/2012 8:00:00 AM,1345,BRAHMS AVE,CRESTHAVEN DR,,Collector,North York,43.798645,-79.36059,,No Control,Rain,Daylight,Wet,Non-Fatal Injury,Pedestrian Collisions,Pedestrian,25 to 29,Major,,Unknown,Other,,,,Pedestrian hit at mid-block,Other,,,,,Yes,,Yes,,,,,,,,,,,48,Hillcrest Village,48,Hillcrest Village (48),D33,631883.0011,4850814.3065
8676,7476761,1320320,9/8/2012 8:00:00 AM,1345,BRAHMS AVE,CRESTHAVEN DR,,Collector,North York,43.798645,-79.36059,,No Control,Rain,Daylight,Wet,Non-Fatal Injury,Pedestrian Collisions,Driver,25 to 29,None,,North,"Automobile, Station Wagon",Going Ahead,Other,Normal,,,,,,,Yes,,Yes,,,,,,,,,,,48,Hillcrest Village,48,Hillcrest Village (48),D33,631883.0011,4850814.3065
8677,7477280,1320520,9/9/2012 8:00:00 AM,1438,1265 WILSON AVE,,,Major Arterial,North York,43.724417,-79.491901,,No Control,Clear,Daylight,Dry,Non-Fatal Injury,Turning Movement,Motorcycle Driver,35 to 39,Major,,North,Motorcycle,Turning Left,Failed to Yield Right of Way,Unknown,,,,,,,,,Yes,Yes,,,,Yes,,Yes,,,,154,Oakdale-Beverley Heights,26,Downsview-Roding-CFB (26),D31,621469.6697,4842369.3148
8678,7477281,1320520,9/9/2012 8:00:00 AM,1438,1265 WILSON AVE,,,Major Arterial,North York,43.724417,-79.491901,,No Control,Clear,Daylight,Dry,Non-Fatal Injury,Turning Movement,Passenger,20 to 24,Minimal,,,Other,,,,,,,,,,,,Yes,Yes,,,,Yes,,Yes,,,,154,Oakdale-Beverley Heights,26,Downsview-Roding-CFB (26),D31,621469.6697,4842369.3148
8679,7477282,1320520,9/9/2012 8:00:00 AM,1438,1265 WILSON AVE,,,Major Arterial,North York,43.724417,-79.491901,,No Control,Clear,Daylight,Dry,Non-Fatal Injury,Turning Movement,Driver,40 to 44,Minimal,,East,"Automobile, Station Wagon",Going Ahead,Driving Properly,Normal,,,,,,,,,Yes,Yes,,,,Yes,,Yes,,,,154,Oakdale-Beverley Heights,26,Downsview-Roding-CFB (26),D31,621469.6697,4842369.3148
8680,7477116,1320459,9/9/2012 8:00:00 AM,2225,YONGE ST,COLLEGE ST,,Major Arterial,Toronto and East York,43.661345,-79.38309,At Intersection,Traffic Signal,Clear,"Dark, artificial",Dry,Non-Fatal Injury,Pedestrian Collisions,Vehicle Owner,unknown,,,,Other,,,,,,,,,,Yes,,Yes,,,,,,,Yes,,,,168,Downtown Yonge East,75,Church-Yonge Corridor (75),D51,630370.517,4835529.5355
8681,7477117,1320459,9/9/2012 8:00:00 AM,2225,YONGE ST,COLLEGE ST,,Major Arterial,Toronto and East York,43.661345,-79.38309,At Intersection,Traffic Signal,Clear,"Dark, artificial",Dry,Non-Fatal Injury,Pedestrian Collisions,Driver,45 to 49,None,,South,"Automobile, Station Wagon",Turning Right,Failed to Yield Right of Way,Inattentive,,,,,,,Yes,,Yes,,,,,,,Yes,,,,168,Downtown Yonge East,75,Church-Yonge Corridor (75),D51,630370.517,4835529.5355
8682,7477118,1320459,9/9/2012 8:00:00 AM,2225,YONGE ST,COLLEGE ST,,Major Arterial,Toronto and East York,43.661345,-79.38309,At Intersection,Traffic Signal,Clear,"Dark, artificial",Dry,Non-Fatal Injury,Pedestrian Collisions,Pedestrian,60 to 64,Major,,East,Other,,,,Vehicle turns right while ped crosses with ROW at inter.,Crossing with right of way,Normal,,,,Yes,,Yes,,,,,,,Yes,,,,168,Downtown Yonge East,75,Church-Yonge Corridor (75),D51,630370.517,4835529.5355
8683,7466532,1316023,9/10/2012 8:00:00 AM,915,ALBION RD,FINCH AVE W,,Major Arterial,Etobicoke York,43.741084,-79.589214,At Intersection,Traffic Signal,Clear,Daylight,Dry,Non-Fatal Injury,Rear End,Driver,45 to 49,Major,,East,"Automobile, Station Wagon",Stopped,Driving Properly,Normal,,,,,,,,,Yes,,,,,,,Yes,,,,2,Mount Olive-Silverstone-Jamestown,2,Mount Olive-Silverstone-Jamestown (2),D23,613600.0333,4844082.392
8684,7466533,1316023,9/10/2012 8:00:00 AM,915,ALBION RD,FINCH AVE W,,Major Arterial,Etobicoke York,43.741084,-79.589214,At Intersection,Traffic Signal,Clear,Daylight,Dry,Non-Fatal Injury,Rear End,Driver,unknown,None,,East,"Automobile, Station Wagon",Going Ahead,Following too Close,Unknown,,,,,,,,,Yes,,,,,,,Yes,,,,2,Mount Olive-Silverstone-Jamestown,2,Mount Olive-Silverstone-Jamestown (2),D23,613600.0333,4844082.392
8685,7462015,1314089,9/10/2012 8:00:00 AM,943,3133 BAYVIEW AVE,BYNG AVE,,Major Arterial,North York,43.782045,-79.39149,,No Control,Clear,Daylight,Dry,Fatal,Pedestrian Collisions,Vehicle Owner,unknown,,,,Other,,,,,,,,,,Yes,,Yes,,,,,,,Yes,,,,52,Bayview Village,52,Bayview Village (52),D33,629433.0431,4848921.8401
8686,7462016,1314089,9/10/2012 8:00:00 AM,943,3133 BAYVIEW AVE,BYNG AVE,,Major Arterial,North York,43.782045,-79.39149,,No Control,Clear,Daylight,Dry,Fatal,Pedestrian Collisions,Driver,50 to 54,None,,West,"Automobile, Station Wagon",Turning Right,Failed to Yield Right of Way,Inattentive,,,,,,,Yes,,Yes,,,,,,,Yes,,,,52,Bayview Village,52,Bayview Village (52),D33,629433.0431,4848921.8401
8687,7462017,1314089,9/10/2012 8:00:00 AM,943,3133 BAYVIEW AVE,BYNG AVE,,Major Arterial,North York,43.782045,-79.39149,,No Control,Clear,Daylight,Dry,Fatal,Pedestrian Collisions,Pedestrian,75 to 79,Fatal,29,West,Other,,,,Pedestrian hit at mid-block,Walking on Roadway Against Traffic,Normal,,,,Yes,,Yes,,,,,,,Yes,,,,52,Bayview Village,52,Bayview Village (52),D33,629433.0431,4848921.8401
8688,7477043,1320431,9/10/2012 8:00:00 AM,1825,DANFORTH Road,HUNTINGTON Aven,,Major Arterial,Scarborough,43.727745,-79.25249,,No Control,Clear,Daylight,Dry,Non-Fatal Injury,Rear End,Motorcycle Driver,50 to 54,Major,,South,Motorcycle,Going Ahead,Driving Properly,Normal,,,,,,,,,Yes,Yes,,,,,,Yes,,,,124,Kennedy Park,124,Kennedy Park (124),D41,640745.4167,4843117.7139
8689,7477044,1320431,9/10/2012 8:00:00 AM,1825,DANFORTH Road,HUNTINGTON Aven,,Major Arterial,Scarborough,43.727745,-79.25249,,No Control,Clear,Daylight,Dry,Non-Fatal Injury,Rear End,Driver,55 to 59,Minor,,East,"Automobile, Station Wagon",Turning Right,Failed to Yield Right of Way,Normal,,,,,,,,,Yes,Yes,,,,,,Yes,,,,124,Kennedy Park,124,Kennedy Park (124),D41,640745.4167,4843117.7139
8690,7462428,1314296,9/11/2012 8:00:00 AM,840,GLENGROVE AVE,MARLEE AVE,,Minor Arterial,North York,43.710745,-79.44449,At Intersection,Stop Sign,Clear,Daylight,Dry,Fatal,Angle,Motorcycle Driver,20 to 24,Fatal,30,North,Motorcycle,Going Ahead,Speed too Fast For Condition,Normal,,,,,,,,,Yes,Yes,,,,,Yes,Yes,,,,31,Yorkdale-Glen Park,31,Yorkdale-Glen Park (31),D13,625316.9142,4840921.429
8691,7462429,1314296,9/11/2012 8:00:00 AM,840,GLENGROVE AVE,MARLEE AVE,,Minor Arterial,North York,43.710745,-79.44449,At Intersection,Stop Sign,Clear,Daylight,Dry,Fatal,Angle,Vehicle Owner,unknown,,,,Other,,,,,,,,,,,,Yes,Yes,,,,,Yes,Yes,,,,31,Yorkdale-Glen Park,31,Yorkdale-Glen Park (31),D13,625316.9142,4840921.429
8692,7462430,1314296,9/11/2012 8:00:00 AM,840,GLENGROVE AVE,MARLEE AVE,,Minor Arterial,North York,43.710745,-79.44449,At Intersection,Stop Sign,Clear,Daylight,Dry,Fatal,Angle,Driver,45 to 49,None,,West,"Automobile, Station Wagon",Going Ahead,Failed to Yield Right of Way,Normal,,,,,,,,,Yes,Yes,,,,,Yes,Yes,,,,31,Yorkdale-Glen Park,31,Yorkdale-Glen Park (31),D13,625316.9142,4840921.429
8693,7467366,1316385,9/13/2012 8:00:00 AM,647,VICTORIA PARK AVE,TERRAVIEW BLVD,,Major Arterial,North York,43.764445,-79.31809,,No Control,Clear,Daylight,Dry,Non-Fatal Injury,Pedestrian Collisions,Motorcycle Driver,20 to 24,Minor,,North,Motorcycle,Going Ahead,Driving Properly,Normal,,,,,,,Yes,,,Yes,,,,,,,,,,119,Wexford/Maryvale,119,Wexford/Maryvale (119),D41,635379.1374,4847084.4677
8694,7467367,1316385,9/13/2012 8:00:00 AM,647,VICTORIA PARK AVE,TERRAVIEW BLVD,,Major Arterial,North York,43.764445,-79.31809,,No Control,Clear,Daylight,Dry,Non-Fatal Injury,Pedestrian Collisions,Pedestrian,45 to 49,Major,,West,Other,,,,Pedestrian hit at mid-block,Running onto Roadway,Normal,,,,Yes,,,Yes,,,,,,,,,,119,Wexford/Maryvale,119,Wexford/Maryvale (119),D41,635379.1374,4847084.4677
8695,7464367,1315100,9/14/2012 8:00:00 AM,102,F G GARDINER XY  E,SOUTH KINGSWAY,,,Toronto and East York,43.634787,-79.470248,,No Control,Clear,"Dark, artificial",Dry,Fatal,SMV Other,Vehicle Owner,unknown,,,,,,,,,,,,,,,,Yes,Yes,,,,,,,,,,85,South Parkdale,85,South Parkdale (85),D11,623397.321,4832446.6657
8696,7464368,1315100,9/14/2012 8:00:00 AM,102,F G GARDINER XY  E,SOUTH KINGSWAY,,,Toronto and East York,43.634787,-79.470248,,No Control,Clear,"Dark, artificial",Dry,Fatal,SMV Other,Driver,35 to 39,None,,West,"Automobile, Station Wagon",Going Ahead,Driving Properly,Normal,,,,,,,,,Yes,Yes,,,,,,,,,,85,South Parkdale,85,South Parkdale (85),D11,623397.321,4832446.6657
8697,7464369,1315100,9/14/2012 8:00:00 AM,102,F G GARDINER XY  E,SOUTH KINGSWAY,,,Toronto and East York,43.634787,-79.470248,,No Control,Clear,"Dark, artificial",Dry,Fatal,SMV Other,Vehicle Owner,unknown,,,,,,,,,,,,,,,,Yes,Yes,,,,,,,,,,85,South Parkdale,85,South Parkdale (85),D11,623397.321,4832446.6657
8698,7464370,1315100,9/14/2012 8:00:00 AM,102,F G GARDINER XY  E,SOUTH KINGSWAY,,,Toronto and East York,43.634787,-79.470248,,No Control,Clear,"Dark, artificial",Dry,Fatal,SMV Other,Motorcycle Driver,30 to 34,Fatal,31,East,Motorcycle,Going Ahead,Lost control,Had Been Drinking,,,,,,,,,Yes,Yes,,,,,,,,,,85,South Parkdale,85,South Parkdale (85),D11,623397.321,4832446.6657
8699,7478086,1320816,9/15/2012 8:00:00 AM,858,EGLINTON AVE E,BIRCHMOUNT RD,,Major Arterial,Scarborough,43.729945,-79.27789,At Intersection,Traffic Signal,Clear,Daylight,Dry,Non-Fatal Injury,Pedestrian Collisions,Driver,30 to 34,None,,South,"Automobile, Station Wagon",Turning Left,Failed to Yield Right of Way,Inattentive,,,,,,,Yes,,Yes,,,,,,,Yes,,,,120,Clairlea-Birchmount,120,Clairlea-Birchmount (120),D41,638694.5845,4843319.2273
8700,7478087,1320816,9/15/2012 8:00:00 AM,858,EGLINTON AVE E,BIRCHMOUNT RD,,Major Arterial,Scarborough,43.729945,-79.27789,At Intersection,Traffic Signal,Clear,Daylight,Dry,Non-Fatal Injury,Pedestrian Collisions,Pedestrian,70 to 74,Major,,North,Other,,,,Vehicle turns left while ped crosses with ROW at inter.,Crossing with right of way,Normal,,,,Yes,,Yes,,,,,,,Yes,,,,120,Clairlea-Birchmount,120,Clairlea-Birchmount (120),D41,638694.5845,4843319.2273
8701,7478080,1320814,9/15/2012 8:00:00 AM,1225,PHARMACY AVE,TEESDALE PL,,Minor Arterial,Scarborough,43.696986,-79.285388,At Intersection,Traffic Signal,Clear,Daylight,Dry,Non-Fatal Injury,SMV Other,Vehicle Owner,unknown,,,,Other,,,,,,,,,,,,,Yes,,,,,,,,,,121,Oakridge,121,Oakridge (121),D41,638166.4307,4839646.1293
8702,7478081,1320814,9/15/2012 8:00:00 AM,1225,PHARMACY AVE,TEESDALE PL,,Minor Arterial,Scarborough,43.696986,-79.285388,At Intersection,Traffic Signal,Clear,Daylight,Dry,Non-Fatal Injury,SMV Other,Motorcycle Driver,45 to 49,Major,,East,Motorcycle,Turning Left,Lost control,Normal,,,,,,,,,,Yes,,,,,,,,,,121,Oakridge,121,Oakridge (121),D41,638166.4307,4839646.1293
8703,7528586,1320874,9/15/2012 8:00:00 AM,1638,DANFORTH Aven,CARLAW Aven,,Major Arterial,Toronto and East York,43.678445,-79.34729,At Intersection,Traffic Signal,Clear,Daylight,Dry,Non-Fatal Injury,Pedestrian Collisions,Driver,45 to 49,None,,East,"Automobile, Station Wagon",Turning Right,Failed to Yield Right of Way,Inattentive,,,,,,,Yes,,Yes,,,,,,,Yes,,,,68,North Riverdale,68,North Riverdale (68),D55,633219.2439,4837485.6
8704,7528587,1320874,9/15/2012 8:00:00 AM,1638,DANFORTH Aven,CARLAW Aven,,Major Arterial,Toronto and East York,43.678445,-79.34729,At Intersection,Traffic Signal,Clear,Daylight,Dry,Non-Fatal Injury,Pedestrian Collisions,Pedestrian,80 to 84,Major,,West,Other,,,,Vehicle turns right while ped crosses with ROW at inter.,Crossing with right of way,Normal,,,,Yes,,Yes,,,,,,,Yes,,,,68,North Riverdale,68,North Riverdale (68),D55,633219.2439,4837485.6
8705,7528633,1321287,9/16/2012 8:00:00 AM,101,DAVENPORT Rd,MOUNT ROYAL Ave,,Minor Arterial,Toronto and East York,43.674545,-79.43259,At Intersection,No Control,Clear,"Dark, artificial",Dry,Non-Fatal Injury,Cyclist Collisions,Moped Driver,60 to 64,Major,,East,Moped,Going Ahead,Following too Close,Had Been Drinking,,,,,,,,Yes,,,,,,,,Yes,,,,94,Wychwood,94,Wychwood (94),D13,626351.6222,4836918.9803
8706,7528634,1321287,9/16/2012 8:00:00 AM,101,DAVENPORT Rd,MOUNT ROYAL Ave,,Minor Arterial,Toronto and East York,43.674545,-79.43259,At Intersection,No Control,Clear,"Dark, artificial",Dry,Non-Fatal Injury,Cyclist Collisions,Cyclist,30 to 34,Minor,,East,Bicycle,Turning Left,,,,,,Cyclist and Driver travelling in same direction. One vehicle rear-ended the other.,Driving Properly,Had Been Drinking,,Yes,,,,,,,,Yes,,,,94,Wychwood,94,Wychwood (94),D13,626351.6222,4836918.9803
8707,7479451,1321399,9/16/2012 8:00:00 AM,103,DAVENPORT RD,MOUNT ROYAL AVE,,Minor Arterial,Toronto and East York,43.674544,-79.43259,,No Control,Clear,Dark,Dry,Non-Fatal Injury,Pedestrian Collisions,Driver,25 to 29,None,,East,"Automobile, Station Wagon",Going Ahead,Other,Normal,,,,,,,Yes,,Yes,,,,,,,,,,,94,Wychwood,94,Wychwood (94),D13,626351.6243,4836918.8693
8708,7479452,1321399,9/16/2012 8:00:00 AM,103,DAVENPORT RD,MOUNT ROYAL AVE,,Minor Arterial,Toronto and East York,43.674544,-79.43259,,No Control,Clear,Dark,Dry,Non-Fatal Injury,Pedestrian Collisions,Pedestrian,60 to 64,Major,,Unknown,,,,,Vehicle is going straight thru inter.while ped cross without ROW,Other,Medical or Physical Disability,,,,Yes,,Yes,,,,,,,,,,,94,Wychwood,94,Wychwood (94),D13,626351.6243,4836918.8693
8709,7515524,1321409,9/16/2012 8:00:00 AM,138,DUFFERIN St,SPRINGHURST Ave,,Local,Toronto and East York,43.634085,-79.425502,,Traffic Signal,Clear,"Dark, artificial",Dry,Non-Fatal Injury,SMV Other,Vehicle Owner,unknown,,,,Other,,,,,,,,,,,,Yes,,,,,Yes,,Yes,,Yes,,163,Fort York-Liberty Village,82,Niagara (82),D14,627008.2676,4832436.1897
8710,7515525,1321409,9/16/2012 8:00:00 AM,138,DUFFERIN St,SPRINGHURST Ave,,Local,Toronto and East York,43.634085,-79.425502,,Traffic Signal,Clear,"Dark, artificial",Dry,Non-Fatal Injury,SMV Other,Driver,35 to 39,Minimal,,North,"Automobile, Station Wagon",Going Ahead,Lost control,"Ability Impaired, Alcohol",,,,,,,,,Yes,,,,,Yes,,Yes,,Yes,,163,Fort York-Liberty Village,82,Niagara (82),D14,627008.2676,4832436.1897
8711,7515526,1321409,9/16/2012 8:00:00 AM,138,DUFFERIN St,SPRINGHURST Ave,,Local,Toronto and East York,43.634085,-79.425502,,Traffic Signal,Clear,"Dark, artificial",Dry,Non-Fatal Injury,SMV Other,Passenger,40 to 44,Major,,,Other,,,,,,,,,,,,Yes,,,,,Yes,,Yes,,Yes,,163,Fort York-Liberty Village,82,Niagara (82),D14,627008.2676,4832436.1897