OBJECTID,INDEX,ACCNUM,DATE,TIME,STREET1,STREET2,OFFSET,ROAD_CLASS,DISTRICT,LATITUDE,LONGITUDE,ACCLOC,TRAFFCTL,VISIBILITY,LIGHT,RDSFCOND,ACCLASS,IMPACTYPE,INVTYPE,INVAGE,INJURY,FATAL_NO,INITDIR,VEHTYPE,MANOEUVER,DRIVACT,DRIVCOND,PEDTYPE,PEDACT,PEDCOND,CYCLISTYPE,CYCACT,CYCCOND,PEDESTRIAN,CYCLIST,AUTOMOBILE,MOTORCYCLE,TRUCK,TRSN_CITY_VEH,EMERG_VEH,PASSENGER,SPEEDING,AG_DRIV,REDLIGHT,ALCOHOL,DISABILITY,HOOD_158,NEIGHBOURHOOD_158,HOOD_140,NEIGHBOURHOOD_140,DIVISION,x,y
8712,7515527,1321409,9/16/2012 8:00:00 AM,138,DUFFERIN St,SPRINGHURST Ave,,Local,Toronto and East York,43.634085,-79.425502,,Traffic Signal,Clear,"Dark, artificial",Dry,Non-Fatal Injury,SMV Other,Other Property Owner,unknown,,,,Other,,,,,,,,,,,,Yes,,,,,Yes,,Yes,,Yes,,163,Fort York-Liberty Village,82,Niagara (82),D14,627008.2676,4832436.1897
8713,7491187,1326460,9/17/2012 8:00:00 AM,850,BAYVIEW AVE,ROSEDALE VALLEY RD,,Major Arterial,Toronto and East York,43.671445,-79.36179,,No Control,Other,Other,Other,Non-Fatal Injury,Other,Vehicle Owner,unknown,,,,Other,,,,,,,,,,,,,Yes,,,,,,,,,,71,Cabbagetown-South St.James Town,71,Cabbagetown-South St.James Town (71),D51,632065.7911,4836684.9669
8714,7491188,1326460,9/17/2012 8:00:00 AM,850,BAYVIEW AVE,ROSEDALE VALLEY RD,,Major Arterial,Toronto and East York,43.671445,-79.36179,,No Control,Other,Other,Other,Non-Fatal Injury,Other,Motorcycle Driver,30 to 34,Major,,South,Motorcycle,Going Ahead,Other,Unknown,,,,,,,,,,Yes,,,,,,,,,,71,Cabbagetown-South St.James Town,71,Cabbagetown-South St.James Town (71),D51,632065.7911,4836684.9669
8715,7515517,1321368,9/17/2012 8:00:00 AM,851,BAY St,FRONT St W,,Major Arterial,Toronto and East York,43.645945,-79.37909,At Intersection,Traffic Signal,Clear,Daylight,Dry,Non-Fatal Injury,Cyclist Collisions,Vehicle Owner,unknown,,,,Other,,,,,,,,,,,Yes,,,Yes,,,,,Yes,,,,166,St Lawrence-East Bayfront-The Islands,77,Waterfront Communities-The Island (77),D52,630726.4483,4833825.4558
8716,7515518,1321368,9/17/2012 8:00:00 AM,851,BAY St,FRONT St W,,Major Arterial,Toronto and East York,43.645945,-79.37909,At Intersection,Traffic Signal,Clear,Daylight,Dry,Non-Fatal Injury,Cyclist Collisions,Truck Driver,45 to 49,None,,North,Truck - Open,Overtaking,Improper Passing,Inattentive,,,,,,,,Yes,,,Yes,,,,,Yes,,,,166,St Lawrence-East Bayfront-The Islands,77,Waterfront Communities-The Island (77),D52,630726.4483,4833825.4558
8717,7515519,1321368,9/17/2012 8:00:00 AM,851,BAY St,FRONT St W,,Major Arterial,Toronto and East York,43.645945,-79.37909,At Intersection,Traffic Signal,Clear,Daylight,Dry,Non-Fatal Injury,Cyclist Collisions,Other,unknown,None,,,Other,,,,,,,,,,,Yes,,,Yes,,,,,Yes,,,,166,St Lawrence-East Bayfront-The Islands,77,Waterfront Communities-The Island (77),D52,630726.4483,4833825.4558
8718,7515520,1321368,9/17/2012 8:00:00 AM,851,BAY St,FRONT St W,,Major Arterial,Toronto and East York,43.645945,-79.37909,At Intersection,Traffic Signal,Clear,Daylight,Dry,Non-Fatal Injury,Cyclist Collisions,Other Property Owner,unknown,,,,Other,,,,,,,,,,,Yes,,,Yes,,,,,Yes,,,,166,St Lawrence-East Bayfront-The Islands,77,Waterfront Communities-The Island (77),D52,630726.4483,4833825.4558
8719,7515521,1321368,9/17/2012 8:00:00 AM,851,BAY St,FRONT St W,,Major Arterial,Toronto and East York,43.645945,-79.37909,At Intersection,Traffic Signal,Clear,Daylight,Dry,Non-Fatal Injury,Cyclist Collisions,Cyclist,25 to 29,Major,,North,Bicycle,Going Ahead,,,,,,Cyclist and Driver travelling in same direction. One vehicle sideswipes the other.,Driving Properly,Normal,,Yes,,,Yes,,,,,Yes,,,,166,St Lawrence-East Bayfront-The Islands,77,Waterfront Communities-The Island (77),D52,630726.4483,4833825.4558
8720,7480333,1321770,9/17/2012 8:00:00 AM,1630,BAYVIEW AVE,FELDBAR CRT,,Major Arterial,North York,43.783858,-79.391902,,No Control,Clear,Daylight,Dry,Non-Fatal Injury,Rear End,Vehicle Owner,unknown,,,,Other,,,,,,,,,,,,Yes,,,,,Yes,,Yes,,,,52,Bayview Village,52,Bayview Village (52),D33,629395.9787,4849122.5577
8721,7480334,1321770,9/17/2012 8:00:00 AM,1630,BAYVIEW AVE,FELDBAR CRT,,Major Arterial,North York,43.783858,-79.391902,,No Control,Clear,Daylight,Dry,Non-Fatal Injury,Rear End,Driver,55 to 59,Major,,North,"Automobile, Station Wagon",Going Ahead,Following too Close,Normal,,,,,,,,,Yes,,,,,Yes,,Yes,,,,52,Bayview Village,52,Bayview Village (52),D33,629395.9787,4849122.5577
8722,7480335,1321770,9/17/2012 8:00:00 AM,1630,BAYVIEW AVE,FELDBAR CRT,,Major Arterial,North York,43.783858,-79.391902,,No Control,Clear,Daylight,Dry,Non-Fatal Injury,Rear End,Passenger,45 to 49,Minimal,,,Other,,,,,,,,,,,,Yes,,,,,Yes,,Yes,,,,52,Bayview Village,52,Bayview Village (52),D33,629395.9787,4849122.5577
8723,7480336,1321770,9/17/2012 8:00:00 AM,1630,BAYVIEW AVE,FELDBAR CRT,,Major Arterial,North York,43.783858,-79.391902,,No Control,Clear,Daylight,Dry,Non-Fatal Injury,Rear End,Driver,50 to 54,None,,North,"Automobile, Station Wagon",Slowing or Stopping,Driving Properly,Normal,,,,,,,,,Yes,,,,,Yes,,Yes,,,,52,Bayview Village,52,Bayview Village (52),D33,629395.9787,4849122.5577
8724,7480754,1321943,9/19/2012 8:00:00 AM,1846,MIDLAND AVE,PASSMORE AVE,,Major Arterial,Scarborough,43.820745,-79.29489,At Intersection,Traffic Signal,Clear,Dusk,Dry,Non-Fatal Injury,Pedestrian Collisions,Other,unknown,None,,,"Automobile, Station Wagon",,,,,,,,,,Yes,,Yes,,,Yes,,,,,,,,130,Milliken,130,Milliken (130),D42,637117.7356,4853375.6667
8725,7480755,1321943,9/19/2012 8:00:00 AM,1846,MIDLAND AVE,PASSMORE AVE,,Major Arterial,Scarborough,43.820745,-79.29489,At Intersection,Traffic Signal,Clear,Dusk,Dry,Non-Fatal Injury,Pedestrian Collisions,Driver,45 to 49,None,,North,Municipal Transit Bus (TTC),Turning Left,Driving Properly,Normal,,,,,,,Yes,,Yes,,,Yes,,,,,,,,130,Milliken,130,Milliken (130),D42,637117.7356,4853375.6667
8726,7480756,1321943,9/19/2012 8:00:00 AM,1846,MIDLAND AVE,PASSMORE AVE,,Major Arterial,Scarborough,43.820745,-79.29489,At Intersection,Traffic Signal,Clear,Dusk,Dry,Non-Fatal Injury,Pedestrian Collisions,Pedestrian,65 to 69,Major,,South,Other,,,,Pedestrian involved in a collision with transit vehicle anywhere along roadway,Crossing without right of way,Inattentive,,,,Yes,,Yes,,,Yes,,,,,,,,130,Milliken,130,Milliken (130),D42,637117.7356,4853375.6667
8727,7482215,1322569,9/20/2012 8:00:00 AM,750,DUNDAS St E,HILTZ Ave,,Minor Arterial,Toronto and East York,43.667544,-79.328189,,No Control,Clear,Daylight,Dry,Non-Fatal Injury,SMV Other,Motorcycle Driver,45 to 49,Major,,West,Motorcycle,Going Ahead,Lost control,Normal,,,,,,,,,,Yes,,,,,,,,,,70,South Riverdale,70,South Riverdale (70),D55,634783.3283,4836305.7526
8728,7484785,1323691,9/21/2012 8:00:00 AM,152,WESTON Rd,LAWRENCE Ave W,,Major Arterial,Etobicoke York,43.700148,-79.516185,At Intersection,Traffic Signal,Rain,"Dark, artificial",Wet,Non-Fatal Injury,Angle,Driver,30 to 34,Minor,,South,"Automobile, Station Wagon",Going Ahead,Disobeyed Traffic Control,"Ability Impaired, Alcohol Over .08",,,,,,,,,Yes,,,,,,,Yes,Yes,Yes,,113,Weston,113,Weston (113),D12,619561.9503,4839638.5985
8729,7484786,1323691,9/21/2012 8:00:00 AM,152,WESTON Rd,LAWRENCE Ave W,,Major Arterial,Etobicoke York,43.700148,-79.516185,At Intersection,Traffic Signal,Rain,"Dark, artificial",Wet,Non-Fatal Injury,Angle,Other Property Owner,unknown,,,,Other,,,,,,,,,,,,Yes,,,,,,,Yes,Yes,Yes,,113,Weston,113,Weston (113),D12,619561.9503,4839638.5985
8730,7484787,1323691,9/21/2012 8:00:00 AM,152,WESTON Rd,LAWRENCE Ave W,,Major Arterial,Etobicoke York,43.700148,-79.516185,At Intersection,Traffic Signal,Rain,"Dark, artificial",Wet,Non-Fatal Injury,Angle,Vehicle Owner,unknown,,,,Other,,,,,,,,,,,,Yes,,,,,,,Yes,Yes,Yes,,113,Weston,113,Weston (113),D12,619561.9503,4839638.5985
8731,7484788,1323691,9/21/2012 8:00:00 AM,152,WESTON Rd,LAWRENCE Ave W,,Major Arterial,Etobicoke York,43.700148,-79.516185,At Intersection,Traffic Signal,Rain,"Dark, artificial",Wet,Non-Fatal Injury,Angle,Driver,40 to 44,Major,,East,"Automobile, Station Wagon",Going Ahead,Driving Properly,Normal,,,,,,,,,Yes,,,,,,,Yes,Yes,Yes,,113,Weston,113,Weston (113),D12,619561.9503,4839638.5985
8732,7467018,1316232,9/21/2012 8:00:00 AM,920,VESTA DR,BATHURST ST,,Major Arterial,North York,43.703345,-79.42589,At Intersection,Traffic Signal,Clear,Daylight,Dry,Non-Fatal Injury,Pedestrian Collisions,Vehicle Owner,unknown,,,,Other,,,,,,,,,,Yes,,Yes,,,,,,,Yes,,,,102,Forest Hill North,102,Forest Hill North (102),D53,626831.01,4840127.8424
8733,7467019,1316232,9/21/2012 8:00:00 AM,920,VESTA DR,BATHURST ST,,Major Arterial,North York,43.703345,-79.42589,At Intersection,Traffic Signal,Clear,Daylight,Dry,Non-Fatal Injury,Pedestrian Collisions,Driver,70 to 74,None,,East,"Automobile, Station Wagon",Turning Left,Failed to Yield Right of Way,Normal,,,,,,,Yes,,Yes,,,,,,,Yes,,,,102,Forest Hill North,102,Forest Hill North (102),D53,626831.01,4840127.8424
8734,7467020,1316232,9/21/2012 8:00:00 AM,920,VESTA DR,BATHURST ST,,Major Arterial,North York,43.703345,-79.42589,At Intersection,Traffic Signal,Clear,Daylight,Dry,Non-Fatal Injury,Pedestrian Collisions,Pedestrian,70 to 74,Major,,West,Other,,,,Vehicle turns left while ped crosses with ROW at inter.,Crossing with right of way,Normal,,,,Yes,,Yes,,,,,,,Yes,,,,102,Forest Hill North,102,Forest Hill North (102),D53,626831.01,4840127.8424
8735,7515824,1324125,9/21/2012 8:00:00 AM,1040,MCNICOLL Ave,PHARMACY Ave,,Minor Arterial,Scarborough,43.804114,-79.330722,At Intersection,Traffic Signal,Clear,Daylight,Dry,Non-Fatal Injury,Angle,Vehicle Owner,unknown,,,,Other,,,,,,,,,,,,Yes,,Yes,,,Yes,,Yes,Yes,,,116,Steeles,116,Steeles (116),D42,634273.5158,4851469.7571
8736,7515825,1324125,9/21/2012 8:00:00 AM,1040,MCNICOLL Ave,PHARMACY Ave,,Minor Arterial,Scarborough,43.804114,-79.330722,At Intersection,Traffic Signal,Clear,Daylight,Dry,Non-Fatal Injury,Angle,Passenger,45 to 49,None,,,Other,,,,,,,,,,,,Yes,,Yes,,,Yes,,Yes,Yes,,,116,Steeles,116,Steeles (116),D42,634273.5158,4851469.7571
8737,7515826,1324125,9/21/2012 8:00:00 AM,1040,MCNICOLL Ave,PHARMACY Ave,,Minor Arterial,Scarborough,43.804114,-79.330722,At Intersection,Traffic Signal,Clear,Daylight,Dry,Non-Fatal Injury,Angle,Truck Driver,25 to 29,None,,East,Truck - Open,Going Ahead,Driving Properly,Normal,,,,,,,,,Yes,,Yes,,,Yes,,Yes,Yes,,,116,Steeles,116,Steeles (116),D42,634273.5158,4851469.7571
8738,7515827,1324125,9/21/2012 8:00:00 AM,1040,MCNICOLL Ave,PHARMACY Ave,,Minor Arterial,Scarborough,43.804114,-79.330722,At Intersection,Traffic Signal,Clear,Daylight,Dry,Non-Fatal Injury,Angle,Driver,45 to 49,Major,,North,"Automobile, Station Wagon",Going Ahead,Disobeyed Traffic Control,Inattentive,,,,,,,,,Yes,,Yes,,,Yes,,Yes,Yes,,,116,Steeles,116,Steeles (116),D42,634273.5158,4851469.7571
8739,7482405,1322655,9/22/2012 8:00:00 AM,1526,FRONT St E,SHERBOURNE St,,Minor Arterial,Toronto and East York,43.650345,-79.36789,At Intersection,Traffic Signal,Clear,Daylight,Dry,Non-Fatal Injury,Pedestrian Collisions,Vehicle Owner,unknown,,,,Other,,,,,,,,,,Yes,,Yes,,,,,,,,,,,166,St Lawrence-East Bayfront-The Islands,77,Waterfront Communities-The Island (77),D51,631620.1277,4834331.8367
8740,7482406,1322655,9/22/2012 8:00:00 AM,1526,FRONT St E,SHERBOURNE St,,Minor Arterial,Toronto and East York,43.650345,-79.36789,At Intersection,Traffic Signal,Clear,Daylight,Dry,Non-Fatal Injury,Pedestrian Collisions,Driver,40 to 44,None,,West,"Automobile, Station Wagon",Turning Left,Driving Properly,Normal,,,,,,,Yes,,Yes,,,,,,,,,,,166,St Lawrence-East Bayfront-The Islands,77,Waterfront Communities-The Island (77),D51,631620.1277,4834331.8367
8741,7482407,1322655,9/22/2012 8:00:00 AM,1526,FRONT St E,SHERBOURNE St,,Minor Arterial,Toronto and East York,43.650345,-79.36789,At Intersection,Traffic Signal,Clear,Daylight,Dry,Non-Fatal Injury,Pedestrian Collisions,Wheelchair,60 to 64,Major,,East,Other,,,,Vehicle turns left while ped crosses without ROW at inter.,Crossing without right of way,Medical or Physical Disability,,,,Yes,,Yes,,,,,,,,,,,166,St Lawrence-East Bayfront-The Islands,77,Waterfront Communities-The Island (77),D51,631620.1277,4834331.8367
8742,7467252,1316338,9/22/2012 8:00:00 AM,1845,264 ATTWELL DR,,,Collector,Etobicoke York,43.695545,-79.58959,,No Control,Clear,Daylight,Dry,Fatal,Pedestrian Collisions,Driver,15 to 19,None,,South,"Automobile, Station Wagon",Going Ahead,Lost control,Normal,,,,,,,Yes,,Yes,,,,,,,,,,,1,West Humber-Clairville,1,West Humber-Clairville (1),D23,613655.8196,4839024.1402
8743,7467253,1316338,9/22/2012 8:00:00 AM,1845,264 ATTWELL DR,,,Collector,Etobicoke York,43.695545,-79.58959,,No Control,Clear,Daylight,Dry,Fatal,Pedestrian Collisions,Pedestrian,15 to 19,Fatal,32,South,Other,,,,Pedestrian hit on sidewalk or shoulder,On Sidewalk or Shoulder,Normal,,,,Yes,,Yes,,,,,,,,,,,1,West Humber-Clairville,1,West Humber-Clairville (1),D23,613655.8196,4839024.1402
8744,7467254,1316338,9/22/2012 8:00:00 AM,1845,264 ATTWELL DR,,,Collector,Etobicoke York,43.695545,-79.58959,,No Control,Clear,Daylight,Dry,Fatal,Pedestrian Collisions,Pedestrian,15 to 19,None,,South,Other,,,,Pedestrian hit on sidewalk or shoulder,On Sidewalk or Shoulder,Normal,,,,Yes,,Yes,,,,,,,,,,,1,West Humber-Clairville,1,West Humber-Clairville (1),D23,613655.8196,4839024.1402
8745,7470680,1317754,9/24/2012 8:00:00 AM,848,DUNDAS ST E,GEORGE ST,,Major Arterial,Toronto and East York,43.657245,-79.37349,At Intersection,No Control,Clear,Daylight,Dry,Non-Fatal Injury,Other,Motorcycle Driver,60 to 64,Major,,West,Motorcycle,Going Ahead,Driving Properly,Normal,,,,,,,,,Yes,Yes,,,,,,,,,,73,Moss Park,73,Moss Park (73),D51,631153.4943,4835089.3058
8746,7470681,1317754,9/24/2012 8:00:00 AM,848,DUNDAS ST E,GEORGE ST,,Major Arterial,Toronto and East York,43.657245,-79.37349,At Intersection,No Control,Clear,Daylight,Dry,Non-Fatal Injury,Other,Driver - Not Hit,unknown,None,,,"Automobile, Station Wagon",,,,,,,,,,,,Yes,Yes,,,,,,,,,,73,Moss Park,73,Moss Park (73),D51,631153.4943,4835089.3058
8747,7483183,1322994,9/24/2012 8:00:00 AM,853,LAWRENCE AVE W,BATHURST ST,,Major Arterial,North York,43.719245,-79.42979,At Intersection,Traffic Signal,Clear,Daylight,Dry,Non-Fatal Injury,Pedestrian Collisions,Driver,65 to 69,None,,East,"Automobile, Station Wagon",Going Ahead,Driving Properly,Normal,,,,,,,Yes,,Yes,,,,,,,,,,,39,Bedford Park-Nortown,39,Bedford Park-Nortown (39),D53,626483.3208,4841887.8024
8748,7483184,1322994,9/24/2012 8:00:00 AM,853,LAWRENCE AVE W,BATHURST ST,,Major Arterial,North York,43.719245,-79.42979,At Intersection,Traffic Signal,Clear,Daylight,Dry,Non-Fatal Injury,Pedestrian Collisions,Pedestrian,25 to 29,Major,,North,Other,,,,Pedestrian hit at mid-block,"Crossing, no Traffic Control",Normal,,,,Yes,,Yes,,,,,,,,,,,39,Bedford Park-Nortown,39,Bedford Park-Nortown (39),D53,626483.3208,4841887.8024
8749,7482853,1322840,9/24/2012 8:00:00 AM,858,BLOOR ST W,CLENDENAN AVE,,Major Arterial,Toronto and East York,43.652545,-79.46999,At Intersection,Traffic Signal,Clear,Daylight,Dry,Non-Fatal Injury,Pedestrian Collisions,Driver,35 to 39,None,,South,"Automobile, Station Wagon",Turning Left,Failed to Yield Right of Way,Normal,,,,,,,Yes,,Yes,,,,,,,Yes,,,,88,High Park North,88,High Park North (88),D11,623381.7753,4834419.3019
8750,7482854,1322840,9/24/2012 8:00:00 AM,858,BLOOR ST W,CLENDENAN AVE,,Major Arterial,Toronto and East York,43.652545,-79.46999,At Intersection,Traffic Signal,Clear,Daylight,Dry,Non-Fatal Injury,Pedestrian Collisions,Pedestrian,25 to 29,Major,,North,Other,,,,Vehicle turns left while ped crosses with ROW at inter.,Crossing with right of way,Normal,,,,Yes,,Yes,,,,,,,Yes,,,,88,High Park North,88,High Park North (88),D11,623381.7753,4834419.3019
8751,7542384,1316650,9/24/2012 8:00:00 AM,1620,EGLINTON AVE E,KENNEDY RD,,Major Arterial,Scarborough,43.732145,-79.26789,At Intersection,Traffic Signal,Clear,Daylight,Other,Non-Fatal Injury,Turning Movement,Driver,50 to 54,None,,South,"Automobile, Station Wagon",Stopped,Driving Properly,Normal,,,,,,,,,Yes,,,,,,,Yes,Yes,,,124,Kennedy Park,124,Kennedy Park (124),D41,639494.862,4843580.357
8752,7542385,1316650,9/24/2012 8:00:00 AM,1620,EGLINTON AVE E,KENNEDY RD,,Major Arterial,Scarborough,43.732145,-79.26789,At Intersection,Traffic Signal,Clear,Daylight,Other,Non-Fatal Injury,Turning Movement,Vehicle Owner,unknown,,,,Other,,,,,,,,,,,,Yes,,,,,,,Yes,Yes,,,124,Kennedy Park,124,Kennedy Park (124),D41,639494.862,4843580.357
8753,7542386,1316650,9/24/2012 8:00:00 AM,1620,EGLINTON AVE E,KENNEDY RD,,Major Arterial,Scarborough,43.732145,-79.26789,At Intersection,Traffic Signal,Clear,Daylight,Other,Non-Fatal Injury,Turning Movement,Driver,20 to 24,None,,West,"Automobile, Station Wagon",Going Ahead,Disobeyed Traffic Control,Normal,,,,,,,,,Yes,,,,,,,Yes,Yes,,,124,Kennedy Park,124,Kennedy Park (124),D41,639494.862,4843580.357
8754,7542387,1316650,9/24/2012 8:00:00 AM,1620,EGLINTON AVE E,KENNEDY RD,,Major Arterial,Scarborough,43.732145,-79.26789,At Intersection,Traffic Signal,Clear,Daylight,Other,Non-Fatal Injury,Turning Movement,Driver,30 to 34,Major,,East,"Automobile, Station Wagon",Turning Left,Improper Turn,Normal,,,,,,,,,Yes,,,,,,,Yes,Yes,,,124,Kennedy Park,124,Kennedy Park (124),D41,639494.862,4843580.357
8755,7485220,1323889,9/25/2012 8:00:00 AM,1110,KING Stre W,BAY Stre,,Major Arterial,Toronto and East York,43.648245,-79.38179,,No Control,Clear,Daylight,Dry,Non-Fatal Injury,Cyclist Collisions,Vehicle Owner,unknown,,,,Other,,,,,,,,,,,Yes,Yes,,,,,,,Yes,,,,170,Yonge-Bay Corridor,76,Bay Street Corridor (76),D52,630503.71,4834076.6513
8756,7485221,1323889,9/25/2012 8:00:00 AM,1110,KING Stre W,BAY Stre,,Major Arterial,Toronto and East York,43.648245,-79.38179,,No Control,Clear,Daylight,Dry,Non-Fatal Injury,Cyclist Collisions,Driver,45 to 49,None,,East,"Automobile, Station Wagon",Stopped,Failed to Yield Right of Way,Inattentive,,,,,,,,Yes,Yes,,,,,,,Yes,,,,170,Yonge-Bay Corridor,76,Bay Street Corridor (76),D52,630503.71,4834076.6513
8757,7485222,1323889,9/25/2012 8:00:00 AM,1110,KING Stre W,BAY Stre,,Major Arterial,Toronto and East York,43.648245,-79.38179,,No Control,Clear,Daylight,Dry,Non-Fatal Injury,Cyclist Collisions,Cyclist,50 to 54,Major,,East,Bicycle,Going Ahead,,,,,,Cyclist struck opened vehicle door,Driving Properly,Normal,,Yes,Yes,,,,,,,Yes,,,,170,Yonge-Bay Corridor,76,Bay Street Corridor (76),D52,630503.71,4834076.6513
8758,7485583,1324043,9/27/2012 8:00:00 AM,2055,RICHMOND St W,PETER St,,Major Arterial,Toronto and East York,43.648345,-79.39329,At Intersection,Traffic Signal,Clear,"Dark, artificial",Dry,Non-Fatal Injury,Cyclist Collisions,Vehicle Owner,unknown,,,,Other,,,,,,,,,,,Yes,Yes,,,,,,,,,,,164,Wellington Place,77,Waterfront Communities-The Island (77),D52,629576.0452,4834069.7372
8759,7485584,1324043,9/27/2012 8:00:00 AM,2055,RICHMOND St W,PETER St,,Major Arterial,Toronto and East York,43.648345,-79.39329,At Intersection,Traffic Signal,Clear,"Dark, artificial",Dry,Non-Fatal Injury,Cyclist Collisions,Driver,45 to 49,None,,West,"Automobile, Station Wagon",Going Ahead,Driving Properly,Normal,,,,,,,,Yes,Yes,,,,,,,,,,,164,Wellington Place,77,Waterfront Communities-The Island (77),D52,629576.0452,4834069.7372
8760,7485585,1324043,9/27/2012 8:00:00 AM,2055,RICHMOND St W,PETER St,,Major Arterial,Toronto and East York,43.648345,-79.39329,At Intersection,Traffic Signal,Clear,"Dark, artificial",Dry,Non-Fatal Injury,Cyclist Collisions,Cyclist,35 to 39,Major,,South,Bicycle,Going Ahead,,,,,,"Cyclist without ROW rides into path of motorist at inter, lnwy, dwy-Cyclist not turn.",Disobeyed Traffic Control,Inattentive,,Yes,Yes,,,,,,,,,,,164,Wellington Place,77,Waterfront Communities-The Island (77),D52,629576.0452,4834069.7372
8761,7487658,1324915,9/28/2012 8:00:00 AM,953,JOHN ST,KING ST W,,Major Arterial,Toronto and East York,43.646545,-79.38979,At Intersection,Traffic Signal,Clear,Daylight,Dry,Non-Fatal Injury,Pedestrian Collisions,Vehicle Owner,unknown,,,,Other,,,,,,,,,,Yes,,Yes,,,,,,,Yes,,,,164,Wellington Place,77,Waterfront Communities-The Island (77),D52,629862.1909,4833875.2946
8762,7487659,1324915,9/28/2012 8:00:00 AM,953,JOHN ST,KING ST W,,Major Arterial,Toronto and East York,43.646545,-79.38979,At Intersection,Traffic Signal,Clear,Daylight,Dry,Non-Fatal Injury,Pedestrian Collisions,Driver,50 to 54,None,,East,"Automobile, Station Wagon",Turning Left,Improper Passing,Unknown,,,,,,,Yes,,Yes,,,,,,,Yes,,,,164,Wellington Place,77,Waterfront Communities-The Island (77),D52,629862.1909,4833875.2946
8763,7487660,1324915,9/28/2012 8:00:00 AM,953,JOHN ST,KING ST W,,Major Arterial,Toronto and East York,43.646545,-79.38979,At Intersection,Traffic Signal,Clear,Daylight,Dry,Non-Fatal Injury,Pedestrian Collisions,Pedestrian,35 to 39,Major,,West,Other,,,,Vehicle turns left while ped crosses with ROW at inter.,Crossing with right of way,Normal,,,,Yes,,Yes,,,,,,,Yes,,,,164,Wellington Place,77,Waterfront Communities-The Island (77),D52,629862.1909,4833875.2946
8764,7529283,1324964,9/28/2012 8:00:00 AM,1322,AVENUE RD,HILLHURST BLVD,,Major Arterial,North York,43.711745,-79.411693,,No Control,Clear,Daylight,Dry,Non-Fatal Injury,Rear End,Vehicle Owner,unknown,,,,,,,,,,,,,,,Yes,Yes,,,,,,,Yes,,,,103,Lawrence Park South,103,Lawrence Park South (103),D53,627957.0433,4841082.5977
8765,7529284,1324964,9/28/2012 8:00:00 AM,1322,AVENUE RD,HILLHURST BLVD,,Major Arterial,North York,43.711745,-79.411693,,No Control,Clear,Daylight,Dry,Non-Fatal Injury,Rear End,Driver,20 to 24,None,,North,"Automobile, Station Wagon",Going Ahead,Improper Passing,Normal,,,,,,,,Yes,Yes,,,,,,,Yes,,,,103,Lawrence Park South,103,Lawrence Park South (103),D53,627957.0433,4841082.5977
8766,7529285,1324964,9/28/2012 8:00:00 AM,1322,AVENUE RD,HILLHURST BLVD,,Major Arterial,North York,43.711745,-79.411693,,No Control,Clear,Daylight,Dry,Non-Fatal Injury,Rear End,Moped Driver,25 to 29,Major,,North,Moped,Going Ahead,,,,,,,,,,Yes,Yes,,,,,,,Yes,,,,103,Lawrence Park South,103,Lawrence Park South (103),D53,627957.0433,4841082.5977
8767,7470482,1317668,9/30/2012 8:00:00 AM,1044,EGLINTON Ave W,ALAMEDA Ave,,Major Arterial,North York,43.697645,-79.44089,,No Control,Clear,Daylight,Dry,Non-Fatal Injury,Pedestrian Collisions,Driver,35 to 39,None,,West,"Automobile, Station Wagon",Going Ahead,Driving Properly,Normal,,,,,,,Yes,,Yes,,,,,,,,,,,107,Oakwood Village,107,Oakwood Village (107),D13,625634.3061,4839471.9401
8768,7470483,1317668,9/30/2012 8:00:00 AM,1044,EGLINTON Ave W,ALAMEDA Ave,,Major Arterial,North York,43.697645,-79.44089,,No Control,Clear,Daylight,Dry,Non-Fatal Injury,Pedestrian Collisions,Pedestrian,20 to 24,Major,,North,Other,,,,Pedestrian hit at mid-block,"Crossing, no Traffic Control",Inattentive,,,,Yes,,Yes,,,,,,,,,,,107,Oakwood Village,107,Oakwood Village (107),D13,625634.3061,4839471.9401
8769,7559877,1324885,10/1/2012 8:00:00 AM,1000,DON MILLS RD,THE DONWAY  E,,Major Arterial,North York,43.732245,-79.34209,,Traffic Signal,Clear,Daylight,Dry,Non-Fatal Injury,Pedestrian Collisions,Driver,60 to 64,Minor,,North,"Automobile, Station Wagon",Going Ahead,Disobeyed Traffic Control,Normal,,,,,,,Yes,,Yes,,,,,,,Yes,Yes,,,42,Banbury-Don Mills,42,Banbury-Don Mills (42),D33,633518.9041,4843469.2196
8770,7559878,1324885,10/1/2012 8:00:00 AM,1000,DON MILLS RD,THE DONWAY  E,,Major Arterial,North York,43.732245,-79.34209,,Traffic Signal,Clear,Daylight,Dry,Non-Fatal Injury,Pedestrian Collisions,Driver,50 to 54,None,,West,"Automobile, Station Wagon",Going Ahead,Driving Properly,Normal,,,,,,,Yes,,Yes,,,,,,,Yes,Yes,,,42,Banbury-Don Mills,42,Banbury-Don Mills (42),D33,633518.9041,4843469.2196