OBJECTID,INDEX,ACCNUM,DATE,TIME,STREET1,STREET2,OFFSET,ROAD_CLASS,DISTRICT,LATITUDE,LONGITUDE,ACCLOC,TRAFFCTL,VISIBILITY,LIGHT,RDSFCOND,ACCLASS,IMPACTYPE,INVTYPE,INVAGE,INJURY,FATAL_NO,INITDIR,VEHTYPE,MANOEUVER,DRIVACT,DRIVCOND,PEDTYPE,PEDACT,PEDCOND,CYCLISTYPE,CYCACT,CYCCOND,PEDESTRIAN,CYCLIST,AUTOMOBILE,MOTORCYCLE,TRUCK,TRSN_CITY_VEH,EMERG_VEH,PASSENGER,SPEEDING,AG_DRIV,REDLIGHT,ALCOHOL,DISABILITY,HOOD_158,NEIGHBOURHOOD_158,HOOD_140,NEIGHBOURHOOD_140,DIVISION,x,y
8771,7559879,1324885,10/1/2012 8:00:00 AM,1000,DON MILLS RD,THE DONWAY  E,,Major Arterial,North York,43.732245,-79.34209,,Traffic Signal,Clear,Daylight,Dry,Non-Fatal Injury,Pedestrian Collisions,Other Property Owner,unknown,,,,Other,,,,,,,,,,Yes,,Yes,,,,,,,Yes,Yes,,,42,Banbury-Don Mills,42,Banbury-Don Mills (42),D33,633518.9041,4843469.2196
8772,7559880,1324885,10/1/2012 8:00:00 AM,1000,DON MILLS RD,THE DONWAY  E,,Major Arterial,North York,43.732245,-79.34209,,Traffic Signal,Clear,Daylight,Dry,Non-Fatal Injury,Pedestrian Collisions,Pedestrian,85 to 89,Major,,Unknown,Other,,,,Pedestrian hit on sidewalk or shoulder,On Sidewalk or Shoulder,Normal,,,,Yes,,Yes,,,,,,,Yes,Yes,,,42,Banbury-Don Mills,42,Banbury-Don Mills (42),D33,633518.9041,4843469.2196
8773,7470894,1317840,10/1/2012 8:00:00 AM,1454,COSBURN AVE,CEDARVALE AVE,,Collector,Toronto and East York,43.696845,-79.31569,At Intersection,Pedestrian Crossover,Clear,Daylight,Dry,Non-Fatal Injury,Pedestrian Collisions,Driver,65 to 69,None,,South,"Automobile, Station Wagon",Turning Left,Failed to Yield Right of Way,Inattentive,,,,,,,Yes,,Yes,,,,,,,Yes,,,,60,Woodbine-Lumsden,60,Woodbine-Lumsden (60),D55,635724.9326,4839580.4186
8774,7470895,1317840,10/1/2012 8:00:00 AM,1454,COSBURN AVE,CEDARVALE AVE,,Collector,Toronto and East York,43.696845,-79.31569,At Intersection,Pedestrian Crossover,Clear,Daylight,Dry,Non-Fatal Injury,Pedestrian Collisions,Pedestrian,75 to 79,Major,,South,Other,,,,Pedestrian hit a PXO/ped. Mid-block signal,"Crossing, Pedestrian Crossover",Normal,,,,Yes,,Yes,,,,,,,Yes,,,,60,Woodbine-Lumsden,60,Woodbine-Lumsden (60),D55,635724.9326,4839580.4186
8775,7487146,1324692,10/2/2012 8:00:00 AM,1820,SHUTER Stre,CHURCH Stre,,Minor Arterial,Toronto and East York,43.654845,-79.37649,At Intersection,Traffic Signal,Clear,"Dark, artificial",Dry,Non-Fatal Injury,Cyclist Collisions,Driver,45 to 49,None,,East,"Automobile, Station Wagon",Turning Right,Improper Turn,Normal,,,,,,,,Yes,Yes,,,,,,,,,,,168,Downtown Yonge East,75,Church-Yonge Corridor (75),D51,630916.8024,4834818.0164
8776,7487147,1324692,10/2/2012 8:00:00 AM,1820,SHUTER Stre,CHURCH Stre,,Minor Arterial,Toronto and East York,43.654845,-79.37649,At Intersection,Traffic Signal,Clear,"Dark, artificial",Dry,Non-Fatal Injury,Cyclist Collisions,Cyclist,60 to 64,Major,,East,Bicycle,Going Ahead,,,,,,Motorist turning right on green or amber at signalized intersection strikes cyclist.,Driving Properly,Normal,,Yes,Yes,,,,,,,,,,,168,Downtown Yonge East,75,Church-Yonge Corridor (75),D51,630916.8024,4834818.0164
8777,7471737,1318227,10/3/2012 8:00:00 AM,1440,2700 KINGSTON RD,,,Major Arterial,Scarborough,43.715645,-79.24329,At Intersection,Traffic Signal,"Fog, Mist, Smoke, Dust",Daylight,Wet,Non-Fatal Injury,Pedestrian Collisions,Passenger,45 to 49,Minimal,,,Other,,,,,,,,,,Yes,,Yes,,,,,Yes,,,,,,123,Cliffcrest,123,Cliffcrest (123),D41,641514.8861,4841789.498
8778,7471738,1318227,10/3/2012 8:00:00 AM,1440,2700 KINGSTON RD,,,Major Arterial,Scarborough,43.715645,-79.24329,At Intersection,Traffic Signal,"Fog, Mist, Smoke, Dust",Daylight,Wet,Non-Fatal Injury,Pedestrian Collisions,Vehicle Owner,unknown,,,,Other,,,,,,,,,,Yes,,Yes,,,,,Yes,,,,,,123,Cliffcrest,123,Cliffcrest (123),D41,641514.8861,4841789.498
8779,7471739,1318227,10/3/2012 8:00:00 AM,1440,2700 KINGSTON RD,,,Major Arterial,Scarborough,43.715645,-79.24329,At Intersection,Traffic Signal,"Fog, Mist, Smoke, Dust",Daylight,Wet,Non-Fatal Injury,Pedestrian Collisions,Driver,40 to 44,None,,West,"Automobile, Station Wagon",Going Ahead,Driving Properly,Normal,,,,,,,Yes,,Yes,,,,,Yes,,,,,,123,Cliffcrest,123,Cliffcrest (123),D41,641514.8861,4841789.498
8780,7471740,1318227,10/3/2012 8:00:00 AM,1440,2700 KINGSTON RD,,,Major Arterial,Scarborough,43.715645,-79.24329,At Intersection,Traffic Signal,"Fog, Mist, Smoke, Dust",Daylight,Wet,Non-Fatal Injury,Pedestrian Collisions,Pedestrian,15 to 19,Major,,North,Other,,,,Vehicle is going straight thru inter.while ped cross without ROW,Crossing without right of way,Inattentive,,,,Yes,,Yes,,,,,Yes,,,,,,123,Cliffcrest,123,Cliffcrest (123),D41,641514.8861,4841789.498
8781,7487822,1324973,10/4/2012 8:00:00 AM,1748,AVENUE RD,MACPHERSON AVE,,Major Arterial,Toronto and East York,43.677845,-79.39789,,No Control,Clear,Daylight,Dry,Non-Fatal Injury,Cyclist Collisions,Vehicle Owner,unknown,,,,Other,,,,,,,,,,,Yes,,,Yes,,,,,Yes,,,,95,Annex,95,Annex (95),D53,629141.7976,4837338.9324
8782,7487823,1324973,10/4/2012 8:00:00 AM,1748,AVENUE RD,MACPHERSON AVE,,Major Arterial,Toronto and East York,43.677845,-79.39789,,No Control,Clear,Daylight,Dry,Non-Fatal Injury,Cyclist Collisions,Truck Driver,30 to 34,None,,South,Truck - Open,Slowing or Stopping,Improper Passing,Normal,,,,,,,,Yes,,,Yes,,,,,Yes,,,,95,Annex,95,Annex (95),D53,629141.7976,4837338.9324
8783,7487824,1324973,10/4/2012 8:00:00 AM,1748,AVENUE RD,MACPHERSON AVE,,Major Arterial,Toronto and East York,43.677845,-79.39789,,No Control,Clear,Daylight,Dry,Non-Fatal Injury,Cyclist Collisions,Cyclist,50 to 54,Major,,South,Bicycle,Overtaking,,,,,,Cyclist and Driver travelling in same direction. One vehicle sideswipes the other.,Improper Passing,Unknown,,Yes,,,Yes,,,,,Yes,,,,95,Annex,95,Annex (95),D53,629141.7976,4837338.9324
8784,7487825,1324973,10/4/2012 8:00:00 AM,1748,AVENUE RD,MACPHERSON AVE,,Major Arterial,Toronto and East York,43.677845,-79.39789,,No Control,Clear,Daylight,Dry,Non-Fatal Injury,Cyclist Collisions,Other,unknown,None,,,Other,,,,,,,,,,,Yes,,,Yes,,,,,Yes,,,,95,Annex,95,Annex (95),D53,629141.7976,4837338.9324
8785,7559685,1318483,10/5/2012 8:00:00 AM,1455,JANE ST,CORBETT AVE,,Major Arterial,Etobicoke York,43.670245,-79.49319,,No Control,Clear,Daylight,Dry,Fatal,SMV Other,Motorcycle Driver,35 to 39,Fatal,33,North,Motorcycle,Going Ahead,Driving Properly,Normal,,,,,,,,,Yes,Yes,,,,,,,,,,111,Rockcliffe-Smythe,111,Rockcliffe-Smythe (111),D12,621475.1832,4836350.8845
8786,7559686,1318483,10/5/2012 8:00:00 AM,1455,JANE ST,CORBETT AVE,,Major Arterial,Etobicoke York,43.670245,-79.49319,,No Control,Clear,Daylight,Dry,Fatal,SMV Other,Driver,30 to 34,None,,North,"Automobile, Station Wagon",Changing Lanes,Improper Lane Change,Normal,,,,,,,,,Yes,Yes,,,,,,,,,,111,Rockcliffe-Smythe,111,Rockcliffe-Smythe (111),D12,621475.1832,4836350.8845
8787,7490098,1325976,10/5/2012 8:00:00 AM,1529,PATINA DR,SIROCCO DR,,Local,North York,43.803245,-79.37019,,No Control,Clear,Daylight,Dry,Non-Fatal Injury,Pedestrian Collisions,Driver,40 to 44,None,,South,"Automobile, Station Wagon",Going Ahead,Driving Properly,Normal,,,,,,,Yes,,Yes,,,,,,,,,,,48,Hillcrest Village,48,Hillcrest Village (48),D33,631100.6562,4851309.9558
8788,7490099,1325976,10/5/2012 8:00:00 AM,1529,PATINA DR,SIROCCO DR,,Local,North York,43.803245,-79.37019,,No Control,Clear,Daylight,Dry,Non-Fatal Injury,Pedestrian Collisions,Pedestrian,15 to 19,Major,,West,Other,,,,Pedestrian hit at mid-block,Running onto Roadway,Inattentive,,,,Yes,,Yes,,,,,,,,,,,48,Hillcrest Village,48,Hillcrest Village (48),D33,631100.6562,4851309.9558
8789,7491861,1326729,10/9/2012 8:00:00 AM,1249,ST CLAIR AVE W,BOON AVE,,Major Arterial,Toronto and East York,43.677245,-79.446391,,No Control,Clear,Daylight,Dry,Non-Fatal Injury,Pedestrian Collisions,Vehicle Owner,unknown,,,,Other,,,,,,,,,,Yes,,,,,Yes,,,,,,,,92,Corso Italia-Davenport,92,Corso Italia-Davenport (92),D13,625233.4727,4837197.9217
8790,7491862,1326729,10/9/2012 8:00:00 AM,1249,ST CLAIR AVE W,BOON AVE,,Major Arterial,Toronto and East York,43.677245,-79.446391,,No Control,Clear,Daylight,Dry,Non-Fatal Injury,Pedestrian Collisions,Driver,30 to 34,None,,West,Municipal Transit Bus (TTC),Going Ahead,Driving Properly,Normal,,,,,,,Yes,,,,,Yes,,,,,,,,92,Corso Italia-Davenport,92,Corso Italia-Davenport (92),D13,625233.4727,4837197.9217
8791,7491863,1326729,10/9/2012 8:00:00 AM,1249,ST CLAIR AVE W,BOON AVE,,Major Arterial,Toronto and East York,43.677245,-79.446391,,No Control,Clear,Daylight,Dry,Non-Fatal Injury,Pedestrian Collisions,Pedestrian,50 to 54,Major,,South,Other,,,,Pedestrian involved in a collision with transit vehicle anywhere along roadway,"Crossing, no Traffic Control",Normal,,,,Yes,,,,,Yes,,,,,,,,92,Corso Italia-Davenport,92,Corso Italia-Davenport (92),D13,625233.4727,4837197.9217
8792,7515272,1318785,10/9/2012 8:00:00 AM,1728,STEELES AVE W,HIGHWAY 27 S,,Major Arterial,Etobicoke York,43.755445,-79.61419,At Intersection,Traffic Signal,Clear,Dusk,Dry,Non-Fatal Injury,Pedestrian Collisions,Vehicle Owner,unknown,,,,Other,,,,,,,,,,Yes,,,,Yes,,,,,Yes,,,,NSA,NSA,NSA,NSA,D23,611562.2088,4845643.4451
8793,7515273,1318785,10/9/2012 8:00:00 AM,1728,STEELES AVE W,HIGHWAY 27 S,,Major Arterial,Etobicoke York,43.755445,-79.61419,At Intersection,Traffic Signal,Clear,Dusk,Dry,Non-Fatal Injury,Pedestrian Collisions,Truck Driver,55 to 59,None,,East,Truck - Open,Turning Right,Failed to Yield Right of Way,Normal,,,,,,,Yes,,,,Yes,,,,,Yes,,,,NSA,NSA,NSA,NSA,D23,611562.2088,4845643.4451
8794,7515274,1318785,10/9/2012 8:00:00 AM,1728,STEELES AVE W,HIGHWAY 27 S,,Major Arterial,Etobicoke York,43.755445,-79.61419,At Intersection,Traffic Signal,Clear,Dusk,Dry,Non-Fatal Injury,Pedestrian Collisions,Trailer Owner,unknown,,,,Other,,,,,,,,,,Yes,,,,Yes,,,,,Yes,,,,NSA,NSA,NSA,NSA,D23,611562.2088,4845643.4451
8795,7515275,1318785,10/9/2012 8:00:00 AM,1728,STEELES AVE W,HIGHWAY 27 S,,Major Arterial,Etobicoke York,43.755445,-79.61419,At Intersection,Traffic Signal,Clear,Dusk,Dry,Non-Fatal Injury,Pedestrian Collisions,Pedestrian,40 to 44,Major,,East,Other,,,,Vehicle turns right while ped crosses with ROW at inter.,Crossing with right of way,Normal,,,,Yes,,,,Yes,,,,,Yes,,,,NSA,NSA,NSA,NSA,D23,611562.2088,4845643.4451
8796,7515276,1318785,10/9/2012 8:00:00 AM,1728,STEELES AVE W,HIGHWAY 27 S,,Major Arterial,Etobicoke York,43.755445,-79.61419,At Intersection,Traffic Signal,Clear,Dusk,Dry,Non-Fatal Injury,Pedestrian Collisions,Pedestrian,10 to 14,Minimal,,East,Other,,,,Vehicle turns right while ped crosses with ROW at inter.,Crossing with right of way,Normal,,,,Yes,,,,Yes,,,,,Yes,,,,NSA,NSA,NSA,NSA,D23,611562.2088,4845643.4451
8797,7491581,1326621,10/10/2012 8:00:00 AM,617,CHURCH St,JANE St,,Collector,Etobicoke York,43.709145,-79.50589,,No Control,Clear,"Dark, artificial",Dry,Non-Fatal Injury,Cyclist Collisions,Vehicle Owner,unknown,,,,Other,,,,,,,,,,,Yes,Yes,,,,,,,Yes,,,,113,Weston,113,Weston (113),D12,620373.4931,4840652.7367
8798,7491582,1326621,10/10/2012 8:00:00 AM,617,CHURCH St,JANE St,,Collector,Etobicoke York,43.709145,-79.50589,,No Control,Clear,"Dark, artificial",Dry,Non-Fatal Injury,Cyclist Collisions,Driver,25 to 29,None,,East,"Automobile, Station Wagon",Turning Left,Failed to Yield Right of Way,Normal,,,,,,,,Yes,Yes,,,,,,,Yes,,,,113,Weston,113,Weston (113),D12,620373.4931,4840652.7367
8799,7491583,1326621,10/10/2012 8:00:00 AM,617,CHURCH St,JANE St,,Collector,Etobicoke York,43.709145,-79.50589,,No Control,Clear,"Dark, artificial",Dry,Non-Fatal Injury,Cyclist Collisions,Cyclist,30 to 34,Major,,West,Bicycle,Going Ahead,,,,,,Motorist turned left across cyclists path.,Driving Properly,Normal,,Yes,Yes,,,,,,,Yes,,,,113,Weston,113,Weston (113),D12,620373.4931,4840652.7367
8800,7491330,1326517,10/10/2012 8:00:00 AM,1429,SHEPPARD AVE E,WARDEN AVE,,Major Arterial,Scarborough,43.778745,-79.30789,At Intersection,Traffic Signal,Clear,Daylight,Dry,Non-Fatal Injury,Pedestrian Collisions,Pedestrian,70 to 74,Major,,West,Other,,,,Vehicle turns right while ped crosses with ROW at inter.,Crossing with right of way,Normal,,,,Yes,,,,Yes,,,,,Yes,,,,118,Tam O'Shanter-Sullivan,118,Tam O'Shanter-Sullivan (118),D42,636167.6997,4848689.4299
8801,7491331,1326517,10/10/2012 8:00:00 AM,1429,SHEPPARD AVE E,WARDEN AVE,,Major Arterial,Scarborough,43.778745,-79.30789,At Intersection,Traffic Signal,Clear,Daylight,Dry,Non-Fatal Injury,Pedestrian Collisions,Vehicle Owner,unknown,,,,Other,,,,,,,,,,Yes,,,,Yes,,,,,Yes,,,,118,Tam O'Shanter-Sullivan,118,Tam O'Shanter-Sullivan (118),D42,636167.6997,4848689.4299
8802,7491332,1326517,10/10/2012 8:00:00 AM,1429,SHEPPARD AVE E,WARDEN AVE,,Major Arterial,Scarborough,43.778745,-79.30789,At Intersection,Traffic Signal,Clear,Daylight,Dry,Non-Fatal Injury,Pedestrian Collisions,Truck Driver,60 to 64,None,,South,Truck - Open,Turning Right,Failed to Yield Right of Way,Normal,,,,,,,Yes,,,,Yes,,,,,Yes,,,,118,Tam O'Shanter-Sullivan,118,Tam O'Shanter-Sullivan (118),D42,636167.6997,4848689.4299
8803,7492343,1326942,10/11/2012 8:00:00 AM,739,OSSINGTON AVE,DUNDAS ST W,,Major Arterial,Toronto and East York,43.649321,-79.420772,,No Control,Clear,Daylight,Dry,Non-Fatal Injury,Turning Movement,Motorcycle Driver,20 to 24,Major,,South,Motorcycle,Going Ahead,Driving Properly,Normal,,,,,,,,,Yes,Yes,,,,,,,,,,81,Trinity-Bellwoods,81,Trinity-Bellwoods (81),D14,627357.6242,4834135.5914
8804,7492344,1326942,10/11/2012 8:00:00 AM,739,OSSINGTON AVE,DUNDAS ST W,,Major Arterial,Toronto and East York,43.649321,-79.420772,,No Control,Clear,Daylight,Dry,Non-Fatal Injury,Turning Movement,Vehicle Owner,unknown,,,,Other,,,,,,,,,,,,Yes,Yes,,,,,,,,,,81,Trinity-Bellwoods,81,Trinity-Bellwoods (81),D14,627357.6242,4834135.5914
8805,7492345,1326942,10/11/2012 8:00:00 AM,739,OSSINGTON AVE,DUNDAS ST W,,Major Arterial,Toronto and East York,43.649321,-79.420772,,No Control,Clear,Daylight,Dry,Non-Fatal Injury,Turning Movement,Driver,50 to 54,None,,East,Taxi,Making U Turn,Improper Turn,Inattentive,,,,,,,,,Yes,Yes,,,,,,,,,,81,Trinity-Bellwoods,81,Trinity-Bellwoods (81),D14,627357.6242,4834135.5914
8806,7492244,1326902,10/11/2012 8:00:00 AM,1312,OAK St,KNOB HILL Park,,Collector,Etobicoke York,43.708346,-79.530689,,No Control,Clear,Daylight,Dry,Non-Fatal Injury,Rear End,Driver,70 to 74,Major,,West,"Automobile, Station Wagon",Slowing or Stopping,Driving Properly,Normal,,,,,,,,,Yes,,,,,,,Yes,,,,113,Weston,113,Weston (113),D12,618377.1102,4840528.2859
8807,7492245,1326902,10/11/2012 8:00:00 AM,1312,OAK St,KNOB HILL Park,,Collector,Etobicoke York,43.708346,-79.530689,,No Control,Clear,Daylight,Dry,Non-Fatal Injury,Rear End,Driver,35 to 39,Major,,West,"Automobile, Station Wagon",Going Ahead,Following too Close,Inattentive,,,,,,,,,Yes,,,,,,,Yes,,,,113,Weston,113,Weston (113),D12,618377.1102,4840528.2859
8808,7492267,1326911,10/11/2012 8:00:00 AM,2140,YONGE St,CRESCENT Rd,,Major Arterial,Toronto and East York,43.676945,-79.38949,At Intersection,Traffic Signal,Clear,"Dark, artificial",Dry,Non-Fatal Injury,Cyclist Collisions,Driver,75 to 79,None,,South,"Automobile, Station Wagon",Turning Left,Failed to Yield Right of Way,Inattentive,,,,,,,,Yes,Yes,,,,,,,Yes,,,,98,Rosedale-Moore Park,98,Rosedale-Moore Park (98),D53,629820.8469,4837252.0883
8809,7492268,1326911,10/11/2012 8:00:00 AM,2140,YONGE St,CRESCENT Rd,,Major Arterial,Toronto and East York,43.676945,-79.38949,At Intersection,Traffic Signal,Clear,"Dark, artificial",Dry,Non-Fatal Injury,Cyclist Collisions,Cyclist,20 to 24,Major,,North,Bicycle,Going Ahead,,,,,,Motorist turned left across cyclists path.,Driving Properly,Normal,,Yes,Yes,,,,,,,Yes,,,,98,Rosedale-Moore Park,98,Rosedale-Moore Park (98),D53,629820.8469,4837252.0883
8810,7491963,1326780,10/11/2012 8:00:00 AM,2148,SHEPPARD AVE E,PARKWAY FOREST DR,,Major Arterial,North York,43.775824,-79.343715,At Intersection,Traffic Signal,Rain,Dark,Wet,Non-Fatal Injury,Turning Movement,Vehicle Owner,unknown,,,,Other,,,,,,,,,,,Yes,Yes,,,,,,,Yes,,,,53,Henry Farm,53,Henry Farm (53),D33,633291.2464,4848306.7071
8811,7491964,1326780,10/11/2012 8:00:00 AM,2148,SHEPPARD AVE E,PARKWAY FOREST DR,,Major Arterial,North York,43.775824,-79.343715,At Intersection,Traffic Signal,Rain,Dark,Wet,Non-Fatal Injury,Turning Movement,Driver,35 to 39,None,,West,"Automobile, Station Wagon",Turning Left,Failed to Yield Right of Way,Inattentive,,,,,,,,Yes,Yes,,,,,,,Yes,,,,53,Henry Farm,53,Henry Farm (53),D33,633291.2464,4848306.7071
8812,7491965,1326780,10/11/2012 8:00:00 AM,2148,SHEPPARD AVE E,PARKWAY FOREST DR,,Major Arterial,North York,43.775824,-79.343715,At Intersection,Traffic Signal,Rain,Dark,Wet,Non-Fatal Injury,Turning Movement,Moped Driver,50 to 54,Major,,East,Other,Going Ahead,Driving Properly,Normal,,,,,,,,Yes,Yes,,,,,,,Yes,,,,53,Henry Farm,53,Henry Farm (53),D33,633291.2464,4848306.7071
8813,7477448,1320584,10/12/2012 8:00:00 AM,145,EGLINTON AVE W,HENNING AVE,,Major Arterial,North York,43.706245,-79.40069,,No Control,Clear,Dark,Dry,Non-Fatal Injury,Pedestrian Collisions,Pedestrian,50 to 54,Major,,Unknown,Other,,,,Pedestrian involved in a collision with transit vehicle anywhere along roadway,Person Getting on/off School Bus,Had Been Drinking,,,,Yes,,,,,Yes,,,,,,,,100,Yonge-Eglinton,100,Yonge-Eglinton (100),D53,628855.2597,4840488.7889
8814,7477449,1320584,10/12/2012 8:00:00 AM,145,EGLINTON AVE W,HENNING AVE,,Major Arterial,North York,43.706245,-79.40069,,No Control,Clear,Dark,Dry,Non-Fatal Injury,Pedestrian Collisions,Driver,unknown,None,,East,Municipal Transit Bus (TTC),Stopped,Driving Properly,Normal,,,,,,,Yes,,,,,Yes,,,,,,,,100,Yonge-Eglinton,100,Yonge-Eglinton (100),D53,628855.2597,4840488.7889
8815,7548472,1344412,10/12/2012 8:00:00 AM,1415,FIFTH Stre,LAKE SHORE Boul W,,Major Arterial,Etobicoke York,43.601245,-79.502986,,Traffic Signal,Clear,Daylight,Dry,Non-Fatal Injury,Cyclist Collisions,Driver,60 to 64,None,,North,"Automobile, Station Wagon",Going Ahead,Other,Unknown,,,,,,,,Yes,Yes,,,,,,,,,,,18,New Toronto,18,New Toronto (18),D22,620823.6494,4828673.2715
8816,7548473,1344412,10/12/2012 8:00:00 AM,1415,FIFTH Stre,LAKE SHORE Boul W,,Major Arterial,Etobicoke York,43.601245,-79.502986,,Traffic Signal,Clear,Daylight,Dry,Non-Fatal Injury,Cyclist Collisions,Cyclist,30 to 34,Major,,East,Bicycle,Going Ahead,,,,,,Insufficient information (to determine cyclist crash type).,Other,Unknown,,Yes,Yes,,,,,,,,,,,18,New Toronto,18,New Toronto (18),D22,620823.6494,4828673.2715
8817,7493668,1327537,10/13/2012 8:00:00 AM,1915,BLEECKER ST,EARL ST,,Local,Toronto and East York,43.670445,-79.37509,,No Control,Rain,Dark,Wet,Non-Fatal Injury,Pedestrian Collisions,Driver,45 to 49,None,,North,"Automobile, Station Wagon",Reversing,Other,Inattentive,,,,,,,Yes,,Yes,,,,,,,,,,,74,North St.James Town,74,North St.James Town (74),D51,630995.7636,4836552.8145
8818,7493669,1327537,10/13/2012 8:00:00 AM,1915,BLEECKER ST,EARL ST,,Local,Toronto and East York,43.670445,-79.37509,,No Control,Rain,Dark,Wet,Non-Fatal Injury,Pedestrian Collisions,Pedestrian,50 to 54,Major,,East,Other,,,,Vehicle is reversing and hits pedestrian,Other,Normal,,,,Yes,,Yes,,,,,,,,,,,74,North St.James Town,74,North St.James Town (74),D51,630995.7636,4836552.8145
8819,7542459,1319472,10/13/2012 8:00:00 AM,2150,BLOOR ST W,DUNDAS ST W,,Major Arterial,Toronto and East York,43.65631,-79.452441,At Intersection,Traffic Signal,Rain,Dark,Wet,Non-Fatal Injury,Pedestrian Collisions,Driver,35 to 39,None,,East,"Automobile, Station Wagon",Going Ahead,Disobeyed Traffic Control,Inattentive,,,,,,,Yes,,Yes,,,,,,,Yes,Yes,,,86,Roncesvalles,86,Roncesvalles (86),D11,624789.1617,4834863.6963
8820,7542460,1319472,10/13/2012 8:00:00 AM,2150,BLOOR ST W,DUNDAS ST W,,Major Arterial,Toronto and East York,43.65631,-79.452441,At Intersection,Traffic Signal,Rain,Dark,Wet,Non-Fatal Injury,Pedestrian Collisions,Pedestrian,85 to 89,Major,,North,,,,,Vehicle is going straight thru inter.while ped cross with ROW,Crossing with right of way,Normal,,,,Yes,,Yes,,,,,,,Yes,Yes,,,86,Roncesvalles,86,Roncesvalles (86),D11,624789.1617,4834863.6963
8821,7493703,1327549,10/13/2012 8:00:00 AM,2316,KENNEDY RD,STEELES AVE E,,Major Arterial,Scarborough,43.823645,-79.30709,At Intersection,Traffic Signal,Rain,"Dark, artificial",Wet,Non-Fatal Injury,Pedestrian Collisions,Driver,20 to 24,Major,,South,"Automobile, Station Wagon",Turning Left,Failed to Yield Right of Way,Inattentive,,,,,,,Yes,,Yes,,,,,,,Yes,,,,116,Steeles,116,Steeles (116),D42,636130.0616,4853677.6096
8822,7493704,1327549,10/13/2012 8:00:00 AM,2316,KENNEDY RD,STEELES AVE E,,Major Arterial,Scarborough,43.823645,-79.30709,At Intersection,Traffic Signal,Rain,"Dark, artificial",Wet,Non-Fatal Injury,Pedestrian Collisions,Pedestrian,40 to 44,Minor,,South,Other,,,,Vehicle turns left while ped crosses with ROW at inter.,Crossing with right of way,Normal,,,,Yes,,Yes,,,,,,,Yes,,,,116,Steeles,116,Steeles (116),D42,636130.0616,4853677.6096
8823,7474833,1319536,10/14/2012 8:00:00 AM,410,ROGERS RD,OLD WESTON RD,,Minor Arterial,Etobicoke York,43.681845,-79.46769,At Intersection,Traffic Signal,Rain,"Dark, artificial",Wet,Fatal,SMV Other,Driver,30 to 34,Fatal,34,West,"Automobile, Station Wagon",Going Ahead,Speed too Fast For Condition,Unknown,,,,,,,,,Yes,,,,,,Yes,Yes,,,,110,Keelesdale-Eglinton West,110,Keelesdale-Eglinton West (110),D12,623507.1468,4837676.8758
8824,7474834,1319536,10/14/2012 8:00:00 AM,410,ROGERS RD,OLD WESTON RD,,Minor Arterial,Etobicoke York,43.681845,-79.46769,At Intersection,Traffic Signal,Rain,"Dark, artificial",Wet,Fatal,SMV Other,Other,unknown,None,,East,Other,Parked,,,,,,,,,,,Yes,,,,,,Yes,Yes,,,,110,Keelesdale-Eglinton West,110,Keelesdale-Eglinton West (110),D12,623507.1468,4837676.8758
8825,7474835,1319536,10/14/2012 8:00:00 AM,410,ROGERS RD,OLD WESTON RD,,Minor Arterial,Etobicoke York,43.681845,-79.46769,At Intersection,Traffic Signal,Rain,"Dark, artificial",Wet,Fatal,SMV Other,Other Property Owner,unknown,,,,Other,,,,,,,,,,,,Yes,,,,,,Yes,Yes,,,,110,Keelesdale-Eglinton West,110,Keelesdale-Eglinton West (110),D12,623507.1468,4837676.8758
8826,7490081,1325969,10/16/2012 8:00:00 AM,900,CARLAW AVE,EASTERN AVE,,Minor Arterial,Toronto and East York,43.660145,-79.33969,,No Control,Clear,Daylight,Dry,Non-Fatal Injury,Turning Movement,Driver,30 to 34,Major,,North,"Automobile, Station Wagon",Going Ahead,Driving Properly,Normal,,,,,,,,,Yes,,,,,,,,,,,70,South Riverdale,70,South Riverdale (70),D55,633872.5396,4835465.372
8827,7490082,1325969,10/16/2012 8:00:00 AM,900,CARLAW AVE,EASTERN AVE,,Minor Arterial,Toronto and East York,43.660145,-79.33969,,No Control,Clear,Daylight,Dry,Non-Fatal Injury,Turning Movement,Driver,40 to 44,None,,South,"Automobile, Station Wagon",Making U Turn,Improper Turn,Normal,,,,,,,,,Yes,,,,,,,,,,,70,South Riverdale,70,South Riverdale (70),D55,633872.5396,4835465.372
8828,7494795,1328014,10/16/2012 8:00:00 AM,1039,BERNARD AVE,SPADINA RD,,Minor Arterial,Toronto and East York,43.672145,-79.40599,At Intersection,Traffic Signal,Clear,Daylight,Dry,Non-Fatal Injury,Pedestrian Collisions,Driver,70 to 74,Major,,South,"Automobile, Station Wagon",Turning Left,Failed to Yield Right of Way,Normal,,,,,,,Yes,,Yes,,,,,,,Yes,,,,95,Annex,95,Annex (95),D53,628501.0373,4836693.2906
8829,7494796,1328014,10/16/2012 8:00:00 AM,1039,BERNARD AVE,SPADINA RD,,Minor Arterial,Toronto and East York,43.672145,-79.40599,At Intersection,Traffic Signal,Clear,Daylight,Dry,Non-Fatal Injury,Pedestrian Collisions,Pedestrian,70 to 74,Major,,North,Other,,,,Vehicle turns left while ped crosses with ROW at inter.,Crossing with right of way,Normal,,,,Yes,,Yes,,,,,,,Yes,,,,95,Annex,95,Annex (95),D53,628501.0373,4836693.2906
8830,7494766,1328002,10/16/2012 8:00:00 AM,1900,MIDLAND AVE,PRUDENTIAL DR,,Major Arterial,Scarborough,43.749645,-79.26449,At Intersection,Traffic Signal,Clear,"Dark, artificial",Dry,Non-Fatal Injury,Pedestrian Collisions,Vehicle Owner,unknown,,,,Other,,,,,,,,,,Yes,,Yes,,,,,,,Yes,,,,126,Dorset Park,126,Dorset Park (126),D41,639727.9655,4845529.725