OBJECTID,INDEX,ACCNUM,DATE,TIME,STREET1,STREET2,OFFSET,ROAD_CLASS,DISTRICT,LATITUDE,LONGITUDE,ACCLOC,TRAFFCTL,VISIBILITY,LIGHT,RDSFCOND,ACCLASS,IMPACTYPE,INVTYPE,INVAGE,INJURY,FATAL_NO,INITDIR,VEHTYPE,MANOEUVER,DRIVACT,DRIVCOND,PEDTYPE,PEDACT,PEDCOND,CYCLISTYPE,CYCACT,CYCCOND,PEDESTRIAN,CYCLIST,AUTOMOBILE,MOTORCYCLE,TRUCK,TRSN_CITY_VEH,EMERG_VEH,PASSENGER,SPEEDING,AG_DRIV,REDLIGHT,ALCOHOL,DISABILITY,HOOD_158,NEIGHBOURHOOD_158,HOOD_140,NEIGHBOURHOOD_140,DIVISION,x,y
8831,7494767,1328002,10/16/2012 8:00:00 AM,1900,MIDLAND AVE,PRUDENTIAL DR,,Major Arterial,Scarborough,43.749645,-79.26449,At Intersection,Traffic Signal,Clear,"Dark, artificial",Dry,Non-Fatal Injury,Pedestrian Collisions,Driver,50 to 54,None,,East,"Automobile, Station Wagon",Turning Left,Failed to Yield Right of Way,Normal,,,,,,,Yes,,Yes,,,,,,,Yes,,,,126,Dorset Park,126,Dorset Park (126),D41,639727.9655,4845529.725
8832,7494768,1328002,10/16/2012 8:00:00 AM,1900,MIDLAND AVE,PRUDENTIAL DR,,Major Arterial,Scarborough,43.749645,-79.26449,At Intersection,Traffic Signal,Clear,"Dark, artificial",Dry,Non-Fatal Injury,Pedestrian Collisions,Pedestrian,30 to 34,Major,,West,Other,,,,Vehicle turns left while ped crosses with ROW at inter.,Crossing with right of way,Normal,,,,Yes,,Yes,,,,,,,Yes,,,,126,Dorset Park,126,Dorset Park (126),D41,639727.9655,4845529.725
8833,7494432,1327859,10/17/2012 8:00:00 AM,715,ELLESMERE RD,PARKINGTON CRES,,Major Arterial,Scarborough,43.773345,-79.24629,At Intersection,Traffic Signal,Clear,Daylight,Dry,Non-Fatal Injury,Pedestrian Collisions,Driver,35 to 39,None,,East,"Automobile, Station Wagon",Going Ahead,Driving Properly,Normal,,,,,,,Yes,,Yes,,,,,,,,,,,142,Woburn North,137,Woburn (137),D43,641137.5436,4848192.8395
8834,7494433,1327859,10/17/2012 8:00:00 AM,715,ELLESMERE RD,PARKINGTON CRES,,Major Arterial,Scarborough,43.773345,-79.24629,At Intersection,Traffic Signal,Clear,Daylight,Dry,Non-Fatal Injury,Pedestrian Collisions,Pedestrian,35 to 39,Major,,North,Other,,,,Vehicle is going straight thru inter.while ped cross without ROW,Crossing without right of way,Inattentive,,,,Yes,,Yes,,,,,,,,,,,142,Woburn North,137,Woburn (137),D43,641137.5436,4848192.8395
8835,7480858,1321983,10/18/2012 8:00:00 AM,1944,ROGERS RD,SILVERTHORN AVE,,Minor Arterial,Etobicoke York,43.682745,-79.46329,At Intersection,Traffic Signal,Rain,Dark,Wet,Non-Fatal Injury,Pedestrian Collisions,Driver,unknown,None,,North,"Automobile, Station Wagon",Turning Left,Failed to Yield Right of Way,Unknown,,,,,,,Yes,,Yes,,,,,,,Yes,,,,110,Keelesdale-Eglinton West,110,Keelesdale-Eglinton West (110),D12,623859.9464,4837783.3946
8836,7480859,1321983,10/18/2012 8:00:00 AM,1944,ROGERS RD,SILVERTHORN AVE,,Minor Arterial,Etobicoke York,43.682745,-79.46329,At Intersection,Traffic Signal,Rain,Dark,Wet,Non-Fatal Injury,Pedestrian Collisions,Pedestrian,50 to 54,Major,,South,Other,,,,Vehicle turns left while ped crosses with ROW at inter.,Crossing with right of way,Normal,,,,Yes,,Yes,,,,,,,Yes,,,,110,Keelesdale-Eglinton West,110,Keelesdale-Eglinton West (110),D12,623859.9464,4837783.3946
8837,7516355,1328243,10/18/2012 8:00:00 AM,2108,LAKE SHORE Blvd W,BATHURST St,,Major Arterial,Toronto and East York,43.636473,-79.399638,At Intersection,Traffic Signal,Rain,"Dark, artificial",Wet,Non-Fatal Injury,Angle,Driver,20 to 24,None,,West,"Automobile, Station Wagon",Going Ahead,Disobeyed Traffic Control,Inattentive,,,,,,,,,Yes,,,,,Yes,,Yes,Yes,,,165,Harbourfront-CityPlace,77,Waterfront Communities-The Island (77),D14,629089.5182,4832741.306
8838,7516356,1328243,10/18/2012 8:00:00 AM,2108,LAKE SHORE Blvd W,BATHURST St,,Major Arterial,Toronto and East York,43.636473,-79.399638,At Intersection,Traffic Signal,Rain,"Dark, artificial",Wet,Non-Fatal Injury,Angle,Vehicle Owner,unknown,,,,Other,,,,,,,,,,,,Yes,,,,,Yes,,Yes,Yes,,,165,Harbourfront-CityPlace,77,Waterfront Communities-The Island (77),D14,629089.5182,4832741.306
8839,7516357,1328243,10/18/2012 8:00:00 AM,2108,LAKE SHORE Blvd W,BATHURST St,,Major Arterial,Toronto and East York,43.636473,-79.399638,At Intersection,Traffic Signal,Rain,"Dark, artificial",Wet,Non-Fatal Injury,Angle,Passenger,75 to 79,Major,,,Other,,,,,,,,,,,,Yes,,,,,Yes,,Yes,Yes,,,165,Harbourfront-CityPlace,77,Waterfront Communities-The Island (77),D14,629089.5182,4832741.306
8840,7516358,1328243,10/18/2012 8:00:00 AM,2108,LAKE SHORE Blvd W,BATHURST St,,Major Arterial,Toronto and East York,43.636473,-79.399638,At Intersection,Traffic Signal,Rain,"Dark, artificial",Wet,Non-Fatal Injury,Angle,Driver,40 to 44,Minor,,North,"Automobile, Station Wagon",Going Ahead,Driving Properly,Normal,,,,,,,,,Yes,,,,,Yes,,Yes,Yes,,,165,Harbourfront-CityPlace,77,Waterfront Communities-The Island (77),D14,629089.5182,4832741.306
8841,7515451,1320791,10/19/2012 8:00:00 AM,8,WILSON AVE,RIDGE RD,,Major Arterial,North York,43.723945,-79.49419,,Traffic Signal,Clear,Dark,Wet,Non-Fatal Injury,Rear End,Passenger,unknown,None,,,Other,,,,,,,,,,,,Yes,,,,,Yes,,,,,,154,Oakdale-Beverley Heights,26,Downsview-Roding-CFB (26),D31,621286.2535,4842313.5401
8842,7515452,1320791,10/19/2012 8:00:00 AM,8,WILSON AVE,RIDGE RD,,Major Arterial,North York,43.723945,-79.49419,,Traffic Signal,Clear,Dark,Wet,Non-Fatal Injury,Rear End,Driver,60 to 64,Major,,West,"Automobile, Station Wagon",Going Ahead,Driving Properly,Normal,,,,,,,,,Yes,,,,,Yes,,,,,,154,Oakdale-Beverley Heights,26,Downsview-Roding-CFB (26),D31,621286.2535,4842313.5401
8843,7515453,1320791,10/19/2012 8:00:00 AM,8,WILSON AVE,RIDGE RD,,Major Arterial,North York,43.723945,-79.49419,,Traffic Signal,Clear,Dark,Wet,Non-Fatal Injury,Rear End,Vehicle Owner,unknown,,,,Other,,,,,,,,,,,,Yes,,,,,Yes,,,,,,154,Oakdale-Beverley Heights,26,Downsview-Roding-CFB (26),D31,621286.2535,4842313.5401
8844,7515454,1320791,10/19/2012 8:00:00 AM,8,WILSON AVE,RIDGE RD,,Major Arterial,North York,43.723945,-79.49419,,Traffic Signal,Clear,Dark,Wet,Non-Fatal Injury,Rear End,Passenger,20 to 24,Major,,,Other,,,,,,,,,,,,Yes,,,,,Yes,,,,,,154,Oakdale-Beverley Heights,26,Downsview-Roding-CFB (26),D31,621286.2535,4842313.5401
8845,7515455,1320791,10/19/2012 8:00:00 AM,8,WILSON AVE,RIDGE RD,,Major Arterial,North York,43.723945,-79.49419,,Traffic Signal,Clear,Dark,Wet,Non-Fatal Injury,Rear End,Driver,20 to 24,Major,,West,"Automobile, Station Wagon",Overtaking,Improper Lane Change,Normal,,,,,,,,,Yes,,,,,Yes,,,,,,154,Oakdale-Beverley Heights,26,Downsview-Roding-CFB (26),D31,621286.2535,4842313.5401
8846,7515456,1320791,10/19/2012 8:00:00 AM,8,WILSON AVE,RIDGE RD,,Major Arterial,North York,43.723945,-79.49419,,Traffic Signal,Clear,Dark,Wet,Non-Fatal Injury,Rear End,Vehicle Owner,unknown,,,,Other,,,,,,,,,,,,Yes,,,,,Yes,,,,,,154,Oakdale-Beverley Heights,26,Downsview-Roding-CFB (26),D31,621286.2535,4842313.5401
8847,7515457,1320791,10/19/2012 8:00:00 AM,8,WILSON AVE,RIDGE RD,,Major Arterial,North York,43.723945,-79.49419,,Traffic Signal,Clear,Dark,Wet,Non-Fatal Injury,Rear End,Driver,60 to 64,Minor,,East,"Automobile, Station Wagon",Going Ahead,Driving Properly,Normal,,,,,,,,,Yes,,,,,Yes,,,,,,154,Oakdale-Beverley Heights,26,Downsview-Roding-CFB (26),D31,621286.2535,4842313.5401
8848,7515458,1320791,10/19/2012 8:00:00 AM,8,WILSON AVE,RIDGE RD,,Major Arterial,North York,43.723945,-79.49419,,Traffic Signal,Clear,Dark,Wet,Non-Fatal Injury,Rear End,Other Property Owner,unknown,,,,Other,,,,,,,,,,,,Yes,,,,,Yes,,,,,,154,Oakdale-Beverley Heights,26,Downsview-Roding-CFB (26),D31,621286.2535,4842313.5401
8849,7515459,1320791,10/19/2012 8:00:00 AM,8,WILSON AVE,RIDGE RD,,Major Arterial,North York,43.723945,-79.49419,,Traffic Signal,Clear,Dark,Wet,Non-Fatal Injury,Rear End,Other Property Owner,unknown,,,,Other,,,,,,,,,,,,Yes,,,,,Yes,,,,,,154,Oakdale-Beverley Heights,26,Downsview-Roding-CFB (26),D31,621286.2535,4842313.5401
8850,7529712,1328097,10/19/2012 8:00:00 AM,350,1144 ALBION RD,,,Major Arterial,Etobicoke York,43.737559,-79.567287,,No Control,Clear,Dark,Dry,Non-Fatal Injury,SMV Other,Driver,20 to 24,Major,,West,"Automobile, Station Wagon",Going Ahead,Lost control,Other,,,,,,,,,Yes,,,,,,,,,,,3,Thistletown-Beaumond Heights,3,Thistletown-Beaumond Heights (3),D23,615372.4322,4843721.1888
8851,7478450,1320969,10/19/2012 8:00:00 AM,1214,KING ST E,BERKELEY ST,,Major Arterial,Toronto and East York,43.652145,-79.36439,,Traffic Signal,Clear,Daylight,Dry,Non-Fatal Injury,Turning Movement,Driver,45 to 49,None,,East,"Automobile, Station Wagon",Going Ahead,Driving Properly,Normal,,,,,,,,,Yes,,,,,,,,,,,73,Moss Park,73,Moss Park (73),D51,631898.445,4834537.3077
8852,7478451,1320969,10/19/2012 8:00:00 AM,1214,KING ST E,BERKELEY ST,,Major Arterial,Toronto and East York,43.652145,-79.36439,,Traffic Signal,Clear,Daylight,Dry,Non-Fatal Injury,Turning Movement,Vehicle Owner,unknown,,,,Other,,,,,,,,,,,,Yes,,,,,,,,,,,73,Moss Park,73,Moss Park (73),D51,631898.445,4834537.3077
8853,7478452,1320969,10/19/2012 8:00:00 AM,1214,KING ST E,BERKELEY ST,,Major Arterial,Toronto and East York,43.652145,-79.36439,,Traffic Signal,Clear,Daylight,Dry,Non-Fatal Injury,Turning Movement,Driver,55 to 59,Major,,East,"Automobile, Station Wagon",Making U Turn,Improper Turn,Normal,,,,,,,,,Yes,,,,,,,,,,,73,Moss Park,73,Moss Park (73),D51,631898.445,4834537.3077
8854,7515492,1321027,10/20/2012 8:00:00 AM,518,DON VALLEY PARKWAY  S,SPANBRIDGE RD,,,North York,43.714343,-79.325488,,No Control,Clear,"Dark, artificial",Wet,Fatal,SMV Other,Passenger,15 to 19,Minor,,,Other,,,,,,,,,,,,Yes,,,,,Yes,,,,,,44,Flemingdon Park,44,Flemingdon Park (44),D55,634896.1266,4841507.8284
8855,7515493,1321027,10/20/2012 8:00:00 AM,518,DON VALLEY PARKWAY  S,SPANBRIDGE RD,,,North York,43.714343,-79.325488,,No Control,Clear,"Dark, artificial",Wet,Fatal,SMV Other,Vehicle Owner,unknown,,,,Other,,,,,,,,,,,,Yes,,,,,Yes,,,,,,44,Flemingdon Park,44,Flemingdon Park (44),D55,634896.1266,4841507.8284
8856,7515494,1321027,10/20/2012 8:00:00 AM,518,DON VALLEY PARKWAY  S,SPANBRIDGE RD,,,North York,43.714343,-79.325488,,No Control,Clear,"Dark, artificial",Wet,Fatal,SMV Other,Driver,15 to 19,Fatal,35,South,"Automobile, Station Wagon",Going Ahead,Lost control,Unknown,,,,,,,,,Yes,,,,,Yes,,,,,,44,Flemingdon Park,44,Flemingdon Park (44),D55,634896.1266,4841507.8284
8857,7515495,1321027,10/20/2012 8:00:00 AM,518,DON VALLEY PARKWAY  S,SPANBRIDGE RD,,,North York,43.714343,-79.325488,,No Control,Clear,"Dark, artificial",Wet,Fatal,SMV Other,Other Property Owner,unknown,,,,Other,,,,,,,,,,,,Yes,,,,,Yes,,,,,,44,Flemingdon Park,44,Flemingdon Park (44),D55,634896.1266,4841507.8284
8858,7495133,1328148,10/20/2012 8:00:00 AM,955,EGLINTON AVE E,SUTHERLAND DR,,Major Arterial,North York,43.713045,-79.36719,At Intersection,Traffic Signal,Clear,Daylight,Dry,Non-Fatal Injury,Pedestrian Collisions,Driver,80 to 84,None,,South,"Automobile, Station Wagon",Turning Left,Failed to Yield Right of Way,Normal,,,,,,,Yes,,Yes,,,,,,,Yes,,,,56,Leaside-Bennington,56,Leaside-Bennington (56),D53,631539.4818,4841296.6422
8859,7495134,1328148,10/20/2012 8:00:00 AM,955,EGLINTON AVE E,SUTHERLAND DR,,Major Arterial,North York,43.713045,-79.36719,At Intersection,Traffic Signal,Clear,Daylight,Dry,Non-Fatal Injury,Pedestrian Collisions,Pedestrian,40 to 44,Major,,North,Other,,,,Vehicle turns left while ped crosses with ROW at inter.,Crossing with right of way,Normal,,,,Yes,,Yes,,,,,,,Yes,,,,56,Leaside-Bennington,56,Leaside-Bennington (56),D53,631539.4818,4841296.6422
8860,7500724,1330495,10/20/2012 8:00:00 AM,1145,DUPONT ST,OSSINGTON AVE,,Major Arterial,Toronto and East York,43.670345,-79.42749,,No Control,Clear,Daylight,Dry,Non-Fatal Injury,Turning Movement,Motorcycle Driver,30 to 34,Major,,East,Motorcycle,Going Ahead,Driving Properly,Normal,,,,,,,,,Yes,Yes,,,,,,Yes,,,,172,Dovercourt Village,93,Dovercourt-Wallace Emerson-Junction (93),D14,626771.5886,4836460.2953
8861,7500725,1330495,10/20/2012 8:00:00 AM,1145,DUPONT ST,OSSINGTON AVE,,Major Arterial,Toronto and East York,43.670345,-79.42749,,No Control,Clear,Daylight,Dry,Non-Fatal Injury,Turning Movement,Vehicle Owner,unknown,,,,Other,,,,,,,,,,,,Yes,Yes,,,,,,Yes,,,,172,Dovercourt Village,93,Dovercourt-Wallace Emerson-Junction (93),D14,626771.5886,4836460.2953
8862,7500726,1330495,10/20/2012 8:00:00 AM,1145,DUPONT ST,OSSINGTON AVE,,Major Arterial,Toronto and East York,43.670345,-79.42749,,No Control,Clear,Daylight,Dry,Non-Fatal Injury,Turning Movement,Driver,60 to 64,None,,West,"Automobile, Station Wagon",Making U Turn,Improper Turn,Inattentive,,,,,,,,,Yes,Yes,,,,,,Yes,,,,172,Dovercourt Village,93,Dovercourt-Wallace Emerson-Junction (93),D14,626771.5886,4836460.2953
8863,7515508,1321216,10/21/2012 8:00:00 AM,325,MCNICOLL AVE,BIRCHMOUNT RD,,Minor Arterial,Scarborough,43.807944,-79.314189,At Intersection,No Control,Clear,"Dark, artificial",Dry,Fatal,SMV Other,Passenger,20 to 24,Fatal,36,,Other,,,,,,,,,,,,Yes,,,,,Yes,Yes,Yes,,Yes,,116,Steeles,116,Steeles (116),D42,635594.7457,4851922.1003
8864,7515509,1321216,10/21/2012 8:00:00 AM,325,MCNICOLL AVE,BIRCHMOUNT RD,,Minor Arterial,Scarborough,43.807944,-79.314189,At Intersection,No Control,Clear,"Dark, artificial",Dry,Fatal,SMV Other,Vehicle Owner,unknown,,,,Other,,,,,,,,,,,,Yes,,,,,Yes,Yes,Yes,,Yes,,116,Steeles,116,Steeles (116),D42,635594.7457,4851922.1003
8865,7515510,1321216,10/21/2012 8:00:00 AM,325,MCNICOLL AVE,BIRCHMOUNT RD,,Minor Arterial,Scarborough,43.807944,-79.314189,At Intersection,No Control,Clear,"Dark, artificial",Dry,Fatal,SMV Other,Driver,20 to 24,Minor,,East,"Automobile, Station Wagon",Going Ahead,Exceeding Speed Limit,"Ability Impaired, Alcohol Over .08",,,,,,,,,Yes,,,,,Yes,Yes,Yes,,Yes,,116,Steeles,116,Steeles (116),D42,635594.7457,4851922.1003
8866,7559769,1321562,10/22/2012 8:00:00 AM,704,SHEPPARD AVE W,KEELE ST,,Major Arterial,North York,43.744645,-79.48739,,No Control,Clear,Daylight,Dry,Non-Fatal Injury,Pedestrian Collisions,Vehicle Owner,unknown,,,,Other,,,,,,,,,,Yes,,Yes,,,,,,,,,,,27,York University Heights,27,York University Heights (27),D31,621791.9987,4844622.5466
8867,7559770,1321562,10/22/2012 8:00:00 AM,704,SHEPPARD AVE W,KEELE ST,,Major Arterial,North York,43.744645,-79.48739,,No Control,Clear,Daylight,Dry,Non-Fatal Injury,Pedestrian Collisions,Driver,65 to 69,None,,West,"Automobile, Station Wagon",Going Ahead,Driving Properly,Normal,,,,,,,Yes,,Yes,,,,,,,,,,,27,York University Heights,27,York University Heights (27),D31,621791.9987,4844622.5466
8868,7559771,1321562,10/22/2012 8:00:00 AM,704,SHEPPARD AVE W,KEELE ST,,Major Arterial,North York,43.744645,-79.48739,,No Control,Clear,Daylight,Dry,Non-Fatal Injury,Pedestrian Collisions,Pedestrian,45 to 49,Major,,Unknown,Other,,,,Pedestrian hit at mid-block,"Crossing, no Traffic Control",Had Been Drinking,,,,Yes,,Yes,,,,,,,,,,,27,York University Heights,27,York University Heights (27),D31,621791.9987,4844622.5466
8869,7528663,1321561,10/22/2012 8:00:00 AM,1059,FINCH AVE E,MILLIKEN BLVD,,Major Arterial,Scarborough,43.801845,-79.29429,At Intersection,Traffic Signal,Clear,Daylight,Dry,Non-Fatal Injury,Cyclist Collisions,Driver,75 to 79,None,,South,"Automobile, Station Wagon",Turning Left,Improper Turn,Inattentive,,,,,,,,Yes,Yes,,,,,,,,,,,130,Milliken,130,Milliken (130),D42,637209.2609,4851277.5099
8870,7528664,1321561,10/22/2012 8:00:00 AM,1059,FINCH AVE E,MILLIKEN BLVD,,Major Arterial,Scarborough,43.801845,-79.29429,At Intersection,Traffic Signal,Clear,Daylight,Dry,Non-Fatal Injury,Cyclist Collisions,Cyclist,55 to 59,Major,,North,Bicycle,Going Ahead,,,,,,Motorist turned left across cyclists path.,Driving Properly,Normal,,Yes,Yes,,,,,,,,,,,130,Milliken,130,Milliken (130),D42,637209.2609,4851277.5099
8871,7542745,1328482,10/22/2012 8:00:00 AM,1343,PARLIAMENT ST,CARLTON ST,,Minor Arterial,Toronto and East York,43.664245,-79.36799,At Intersection,Traffic Signal,Clear,Daylight,Dry,Non-Fatal Injury,Pedestrian Collisions,Driver,20 to 24,None,,South,"Automobile, Station Wagon",Turning Right,Failed to Yield Right of Way,Normal,,,,,,,Yes,,Yes,,,,,,,Yes,,,,73,Moss Park,73,Moss Park (73),D51,631581.6986,4835875.4576
8872,7542746,1328482,10/22/2012 8:00:00 AM,1343,PARLIAMENT ST,CARLTON ST,,Minor Arterial,Toronto and East York,43.664245,-79.36799,At Intersection,Traffic Signal,Clear,Daylight,Dry,Non-Fatal Injury,Pedestrian Collisions,Pedestrian,60 to 64,Major,,North,Other,,,,Vehicle turns right while ped crosses with ROW at inter.,Crossing with right of way,Normal,,,,Yes,,Yes,,,,,,,Yes,,,,73,Moss Park,73,Moss Park (73),D51,631581.6986,4835875.4576
8873,7495976,1328489,10/22/2012 8:00:00 AM,1525,851 HUNTINGWOOD DR,,,Minor Arterial,Scarborough,43.794787,-79.294872,At Intersection,No Control,Clear,Daylight,Dry,Non-Fatal Injury,Rear End,Driver,55 to 59,Minimal,,East,"Automobile, Station Wagon",Going Ahead,Following too Close,Inattentive,,,,,,,,,Yes,,,,,,,Yes,,,,118,Tam O'Shanter-Sullivan,118,Tam O'Shanter-Sullivan (118),D42,637178.595,4850492.6414
8874,7495977,1328489,10/22/2012 8:00:00 AM,1525,851 HUNTINGWOOD DR,,,Minor Arterial,Scarborough,43.794787,-79.294872,At Intersection,No Control,Clear,Daylight,Dry,Non-Fatal Injury,Rear End,Driver,45 to 49,Minimal,,East,"Automobile, Station Wagon",Stopped,Driving Properly,Normal,,,,,,,,,Yes,,,,,,,Yes,,,,118,Tam O'Shanter-Sullivan,118,Tam O'Shanter-Sullivan (118),D42,637178.595,4850492.6414
8875,7495978,1328489,10/22/2012 8:00:00 AM,1525,851 HUNTINGWOOD DR,,,Minor Arterial,Scarborough,43.794787,-79.294872,At Intersection,No Control,Clear,Daylight,Dry,Non-Fatal Injury,Rear End,Driver,50 to 54,Major,,East,"Automobile, Station Wagon",Stopped,Driving Properly,Normal,,,,,,,,,Yes,,,,,,,Yes,,,,118,Tam O'Shanter-Sullivan,118,Tam O'Shanter-Sullivan (118),D42,637178.595,4850492.6414
8876,7528690,1321792,10/23/2012 8:00:00 AM,1937,DIXON RD,CELESTINE DR,,Major Arterial,Etobicoke York,43.693345,-79.56249,At Intersection,Traffic Signal,Clear,"Dark, artificial",Dry,Non-Fatal Injury,Pedestrian Collisions,Vehicle Owner,unknown,,,,Other,,,,,,,,,,Yes,,Yes,,,,,,,,,,,7,Willowridge-Martingrove-Richview,7,Willowridge-Martingrove-Richview (7),D23,615843.8847,4838817.3024
8877,7528691,1321792,10/23/2012 8:00:00 AM,1937,DIXON RD,CELESTINE DR,,Major Arterial,Etobicoke York,43.693345,-79.56249,At Intersection,Traffic Signal,Clear,"Dark, artificial",Dry,Non-Fatal Injury,Pedestrian Collisions,Driver,50 to 54,None,,West,"Automobile, Station Wagon",Going Ahead,Driving Properly,Normal,,,,,,,Yes,,Yes,,,,,,,,,,,7,Willowridge-Martingrove-Richview,7,Willowridge-Martingrove-Richview (7),D23,615843.8847,4838817.3024
8878,7528692,1321792,10/23/2012 8:00:00 AM,1937,DIXON RD,CELESTINE DR,,Major Arterial,Etobicoke York,43.693345,-79.56249,At Intersection,Traffic Signal,Clear,"Dark, artificial",Dry,Non-Fatal Injury,Pedestrian Collisions,Pedestrian,20 to 24,Major,,North,Other,,,,Vehicle is going straight thru inter.while ped cross without ROW,Running onto Roadway,Unknown,,,,Yes,,Yes,,,,,,,,,,,7,Willowridge-Martingrove-Richview,7,Willowridge-Martingrove-Richview (7),D23,615843.8847,4838817.3024
8879,7496570,1328738,10/25/2012 8:00:00 AM,637,SHUTER ST,VICTORIA ST,,Minor Arterial,Toronto and East York,43.654345,-79.37879,At Intersection,Traffic Signal,Clear,"Dawn, artificial",Dry,Non-Fatal Injury,Pedestrian Collisions,Vehicle Owner,unknown,,,,Other,,,,,,,,,,Yes,,Yes,,,,,,,Yes,,,,168,Downtown Yonge East,75,Church-Yonge Corridor (75),D51,630732.4177,4834758.8586
8880,7496571,1328738,10/25/2012 8:00:00 AM,637,SHUTER ST,VICTORIA ST,,Minor Arterial,Toronto and East York,43.654345,-79.37879,At Intersection,Traffic Signal,Clear,"Dawn, artificial",Dry,Non-Fatal Injury,Pedestrian Collisions,Driver,45 to 49,None,,West,"Automobile, Station Wagon",Turning Left,Failed to Yield Right of Way,Inattentive,,,,,,,Yes,,Yes,,,,,,,Yes,,,,168,Downtown Yonge East,75,Church-Yonge Corridor (75),D51,630732.4177,4834758.8586
8881,7496572,1328738,10/25/2012 8:00:00 AM,637,SHUTER ST,VICTORIA ST,,Minor Arterial,Toronto and East York,43.654345,-79.37879,At Intersection,Traffic Signal,Clear,"Dawn, artificial",Dry,Non-Fatal Injury,Pedestrian Collisions,Pedestrian,60 to 64,Major,,East,Other,,,,Vehicle turns left while ped crosses with ROW at inter.,Crossing with right of way,Normal,,,,Yes,,Yes,,,,,,,Yes,,,,168,Downtown Yonge East,75,Church-Yonge Corridor (75),D51,630732.4177,4834758.8586
8882,7515603,1322204,10/25/2012 8:00:00 AM,1522,ST CLAIR AVE W,HENDRICK AVE,,Major Arterial,Toronto and East York,43.680545,-79.431087,,No Control,Clear,Daylight,Dry,Non-Fatal Injury,Pedestrian Collisions,Driver,40 to 44,None,,West,Municipal Transit Bus (TTC),Going Ahead,Driving Properly,Normal,,,,,,,Yes,,,,,Yes,,,,,,,,94,Wychwood,94,Wychwood (94),D13,626460.178,4837587.6518
8883,7515604,1322204,10/25/2012 8:00:00 AM,1522,ST CLAIR AVE W,HENDRICK AVE,,Major Arterial,Toronto and East York,43.680545,-79.431087,,No Control,Clear,Daylight,Dry,Non-Fatal Injury,Pedestrian Collisions,Pedestrian,30 to 34,Major,,South,Other,,,,Pedestrian involved in a collision with transit vehicle anywhere along roadway,"Crossing, no Traffic Control",Unknown,,,,Yes,,,,,Yes,,,,,,,,94,Wychwood,94,Wychwood (94),D13,626460.178,4837587.6518
8884,7542518,1322361,10/26/2012 8:00:00 AM,835,BOGERT AVE,BEECROFT RD,,Local,North York,43.760545,-79.41139,,No Control,Clear,Daylight,Dry,Non-Fatal Injury,Pedestrian Collisions,Driver,unknown,None,,West,Other,Disabled,Other,Other,,,,,,,Yes,,,,,,,,,,,,,38,Lansing-Westgate,38,Lansing-Westgate (38),D32,627877.5354,4846503.0171
8885,7542519,1322361,10/26/2012 8:00:00 AM,835,BOGERT AVE,BEECROFT RD,,Local,North York,43.760545,-79.41139,,No Control,Clear,Daylight,Dry,Non-Fatal Injury,Pedestrian Collisions,Pedestrian,45 to 49,Major,,Unknown,Other,,,,Pedestrian hit at mid-block,Person Getting on/off School Bus,Normal,,,,Yes,,,,,,,,,,,,,38,Lansing-Westgate,38,Lansing-Westgate (38),D32,627877.5354,4846503.0171
8886,7560237,1331518,10/27/2012 8:00:00 AM,1900,MCCOWAN RD,PITFIELD RD,,Major Arterial,Scarborough,43.787345,-79.257289,At Intersection,Traffic Signal,Rain,"Dark, artificial",Wet,Non-Fatal Injury,Turning Movement,Passenger,50 to 54,Minor,,,,,,,,,,,,,,,Yes,,,,,Yes,,Yes,,,,128,Agincourt South-Malvern West,128,Agincourt South-Malvern West (128),D42,640219.6073,4849729.069
8887,7560238,1331518,10/27/2012 8:00:00 AM,1900,MCCOWAN RD,PITFIELD RD,,Major Arterial,Scarborough,43.787345,-79.257289,At Intersection,Traffic Signal,Rain,"Dark, artificial",Wet,Non-Fatal Injury,Turning Movement,Passenger,75 to 79,Major,,,,,,,,,,,,,,,Yes,,,,,Yes,,Yes,,,,128,Agincourt South-Malvern West,128,Agincourt South-Malvern West (128),D42,640219.6073,4849729.069
8888,7560239,1331518,10/27/2012 8:00:00 AM,1900,MCCOWAN RD,PITFIELD RD,,Major Arterial,Scarborough,43.787345,-79.257289,At Intersection,Traffic Signal,Rain,"Dark, artificial",Wet,Non-Fatal Injury,Turning Movement,Driver,70 to 74,Minor,,North,"Automobile, Station Wagon",Turning Left,Failed to Yield Right of Way,Inattentive,,,,,,,,,Yes,,,,,Yes,,Yes,,,,128,Agincourt South-Malvern West,128,Agincourt South-Malvern West (128),D42,640219.6073,4849729.069
8889,7560240,1331518,10/27/2012 8:00:00 AM,1900,MCCOWAN RD,PITFIELD RD,,Major Arterial,Scarborough,43.787345,-79.257289,At Intersection,Traffic Signal,Rain,"Dark, artificial",Wet,Non-Fatal Injury,Turning Movement,Passenger,20 to 24,Minor,,,,,,,,,,,,,,,Yes,,,,,Yes,,Yes,,,,128,Agincourt South-Malvern West,128,Agincourt South-Malvern West (128),D42,640219.6073,4849729.069
8890,7560241,1331518,10/27/2012 8:00:00 AM,1900,MCCOWAN RD,PITFIELD RD,,Major Arterial,Scarborough,43.787345,-79.257289,At Intersection,Traffic Signal,Rain,"Dark, artificial",Wet,Non-Fatal Injury,Turning Movement,Passenger,35 to 39,Minor,,,,,,,,,,,,,,,Yes,,,,,Yes,,Yes,,,,128,Agincourt South-Malvern West,128,Agincourt South-Malvern West (128),D42,640219.6073,4849729.069