OBJECTID,INDEX,ACCNUM,DATE,TIME,STREET1,STREET2,OFFSET,ROAD_CLASS,DISTRICT,LATITUDE,LONGITUDE,ACCLOC,TRAFFCTL,VISIBILITY,LIGHT,RDSFCOND,ACCLASS,IMPACTYPE,INVTYPE,INVAGE,INJURY,FATAL_NO,INITDIR,VEHTYPE,MANOEUVER,DRIVACT,DRIVCOND,PEDTYPE,PEDACT,PEDCOND,CYCLISTYPE,CYCACT,CYCCOND,PEDESTRIAN,CYCLIST,AUTOMOBILE,MOTORCYCLE,TRUCK,TRSN_CITY_VEH,EMERG_VEH,PASSENGER,SPEEDING,AG_DRIV,REDLIGHT,ALCOHOL,DISABILITY,HOOD_158,NEIGHBOURHOOD_158,HOOD_140,NEIGHBOURHOOD_140,DIVISION,x,y
8891,7560242,1331518,10/27/2012 8:00:00 AM,1900,MCCOWAN RD,PITFIELD RD,,Major Arterial,Scarborough,43.787345,-79.257289,At Intersection,Traffic Signal,Rain,"Dark, artificial",Wet,Non-Fatal Injury,Turning Movement,Driver,20 to 24,Minimal,,South,"Automobile, Station Wagon",Going Ahead,Driving Properly,Normal,,,,,,,,,Yes,,,,,Yes,,Yes,,,,128,Agincourt South-Malvern West,128,Agincourt South-Malvern West (128),D42,640219.6073,4849729.069
8892,7497435,1329099,10/28/2012 8:00:00 AM,2135,FINCH AVE W,ARDWICK BLVD,,Major Arterial,Etobicoke York,43.748745,-79.55759,At Intersection,Traffic Signal,Rain,"Dark, artificial",Wet,Non-Fatal Injury,Pedestrian Collisions,Vehicle Owner,unknown,,,,Other,,,,,,,,,,Yes,,Yes,,,,,,,Yes,,,,22,Humbermede,22,Humbermede (22),D31,616131.6806,4844977.103
8893,7497436,1329099,10/28/2012 8:00:00 AM,2135,FINCH AVE W,ARDWICK BLVD,,Major Arterial,Etobicoke York,43.748745,-79.55759,At Intersection,Traffic Signal,Rain,"Dark, artificial",Wet,Non-Fatal Injury,Pedestrian Collisions,Driver,25 to 29,None,,North,"Automobile, Station Wagon",Turning Left,Failed to Yield Right of Way,Normal,,,,,,,Yes,,Yes,,,,,,,Yes,,,,22,Humbermede,22,Humbermede (22),D31,616131.6806,4844977.103
8894,7497437,1329099,10/28/2012 8:00:00 AM,2135,FINCH AVE W,ARDWICK BLVD,,Major Arterial,Etobicoke York,43.748745,-79.55759,At Intersection,Traffic Signal,Rain,"Dark, artificial",Wet,Non-Fatal Injury,Pedestrian Collisions,Pedestrian,40 to 44,Major,,South,Other,,,,Vehicle turns left while ped crosses with ROW at inter.,Crossing with right of way,Normal,,,,Yes,,Yes,,,,,,,Yes,,,,22,Humbermede,22,Humbermede (22),D31,616131.6806,4844977.103
8895,7482031,1322488,10/28/2012 8:00:00 AM,2208,YONGE ST,ORCHARD VIEW BLVD,,Major Arterial,North York,43.708245,-79.39869,,No Control,Rain,Dark,Wet,Non-Fatal Injury,Pedestrian Collisions,Driver,unknown,None,,North,"Automobile, Station Wagon",Overtaking,Failed to Yield Right of Way,Unknown,,,,,,,Yes,,Yes,,,,,,,Yes,,,,100,Yonge-Eglinton,100,Yonge-Eglinton (100),D53,629012.1091,4840714.0278
8896,7482032,1322488,10/28/2012 8:00:00 AM,2208,YONGE ST,ORCHARD VIEW BLVD,,Major Arterial,North York,43.708245,-79.39869,,No Control,Rain,Dark,Wet,Non-Fatal Injury,Pedestrian Collisions,Pedestrian,25 to 29,Major,,West,Other,,,,Vehicle is going straight thru inter.while ped cross without ROW,"Crossing, no Traffic Control",Normal,,,,Yes,,Yes,,,,,,,Yes,,,,100,Yonge-Eglinton,100,Yonge-Eglinton (100),D53,629012.1091,4840714.0278
8897,7542817,1329595,10/29/2012 8:00:00 AM,2210,SHAUGHNESSY BLVD,ROCHELLE CRES,,Collector,North York,43.774345,-79.35359,At Intersection,No Control,Rain,"Dark, artificial",Wet,Non-Fatal Injury,Pedestrian Collisions,Pedestrian,55 to 59,Major,,South,Other,,,,Vehicle turns left while ped crosses with ROW at inter.,Crossing with right of way,Normal,,,,Yes,,Yes,,,,,,,Yes,,,,47,Don Valley Village,47,Don Valley Village (47),D33,632499.8041,4848126.5906
8898,7542818,1329595,10/29/2012 8:00:00 AM,2210,SHAUGHNESSY BLVD,ROCHELLE CRES,,Collector,North York,43.774345,-79.35359,At Intersection,No Control,Rain,"Dark, artificial",Wet,Non-Fatal Injury,Pedestrian Collisions,Driver,35 to 39,None,,South,"Automobile, Station Wagon",Turning Left,Failed to Yield Right of Way,Normal,,,,,,,Yes,,Yes,,,,,,,Yes,,,,47,Don Valley Village,47,Don Valley Village (47),D33,632499.8041,4848126.5906
8899,7516594,1329462,10/31/2012 8:00:00 AM,719,CASTLEFIELD AVE,CALEDONIA RD,,Minor Arterial,North York,43.698445,-79.46349,At Intersection,Traffic Signal,Rain,Dark,Wet,Non-Fatal Injury,Pedestrian Collisions,Driver,30 to 34,None,,South,"Automobile, Station Wagon",Turning Right,Improper Turn,Normal,,,,,,,Yes,,Yes,,,,,,,,,,,108,Briar Hill-Belgravia,108,Briar Hill-Belgravia (108),D13,623811.5176,4839526.795
8900,7516595,1329462,10/31/2012 8:00:00 AM,719,CASTLEFIELD AVE,CALEDONIA RD,,Minor Arterial,North York,43.698445,-79.46349,At Intersection,Traffic Signal,Rain,Dark,Wet,Non-Fatal Injury,Pedestrian Collisions,Pedestrian,35 to 39,Major,,South,Other,,,,Vehicle turns right while ped crosses with ROW at inter.,Crossing with right of way,Normal,,,,Yes,,Yes,,,,,,,,,,,108,Briar Hill-Belgravia,108,Briar Hill-Belgravia (108),D13,623811.5176,4839526.795
8901,7529119,1323544,11/1/2012 8:00:00 AM,652,LAWRENCE AVE W,CORONA ST,,Major Arterial,North York,43.714145,-79.45329,,No Control,Rain,Dark,Wet,Fatal,Pedestrian Collisions,Passenger,45 to 49,None,,,Other,,,,,,,,,,Yes,,Yes,,,,,Yes,,Yes,,,,31,Yorkdale-Glen Park,31,Yorkdale-Glen Park (31),D13,624600.9053,4841285.7808
8902,7529120,1323544,11/1/2012 8:00:00 AM,652,LAWRENCE AVE W,CORONA ST,,Major Arterial,North York,43.714145,-79.45329,,No Control,Rain,Dark,Wet,Fatal,Pedestrian Collisions,Driver,45 to 49,None,,East,"Automobile, Station Wagon",Going Ahead,Driving Properly,Normal,,,,,,,Yes,,Yes,,,,,Yes,,Yes,,,,31,Yorkdale-Glen Park,31,Yorkdale-Glen Park (31),D13,624600.9053,4841285.7808
8903,7529121,1323544,11/1/2012 8:00:00 AM,652,LAWRENCE AVE W,CORONA ST,,Major Arterial,North York,43.714145,-79.45329,,No Control,Rain,Dark,Wet,Fatal,Pedestrian Collisions,Driver,50 to 54,None,,East,"Automobile, Station Wagon",Changing Lanes,Driving Properly,Normal,,,,,,,Yes,,Yes,,,,,Yes,,Yes,,,,31,Yorkdale-Glen Park,31,Yorkdale-Glen Park (31),D13,624600.9053,4841285.7808
8904,7529122,1323544,11/1/2012 8:00:00 AM,652,LAWRENCE AVE W,CORONA ST,,Major Arterial,North York,43.714145,-79.45329,,No Control,Rain,Dark,Wet,Fatal,Pedestrian Collisions,Driver,25 to 29,None,,West,"Automobile, Station Wagon",Going Ahead,Driving Properly,Normal,,,,,,,Yes,,Yes,,,,,Yes,,Yes,,,,31,Yorkdale-Glen Park,31,Yorkdale-Glen Park (31),D13,624600.9053,4841285.7808
8905,7529123,1323544,11/1/2012 8:00:00 AM,652,LAWRENCE AVE W,CORONA ST,,Major Arterial,North York,43.714145,-79.45329,,No Control,Rain,Dark,Wet,Fatal,Pedestrian Collisions,Pedestrian,30 to 34,Fatal,37,Unknown,Other,,,,Vehicle is going straight thru inter.while ped cross without ROW,"Crossing, no Traffic Control",Inattentive,,,,Yes,,Yes,,,,,Yes,,Yes,,,,31,Yorkdale-Glen Park,31,Yorkdale-Glen Park (31),D13,624600.9053,4841285.7808
8906,7542562,1323931,11/1/2012 8:00:00 AM,654,EGLINTON AVE W,PEVERIL HILL  N,,Major Arterial,North York,43.700745,-79.42669,,No Control,Rain,Dark,Wet,Non-Fatal Injury,Pedestrian Collisions,Driver,unknown,None,,East,"Automobile, Station Wagon",Going Ahead,Other,Normal,,,,,,,Yes,,Yes,,,,,,,,,,,106,Humewood-Cedarvale,106,Humewood-Cedarvale (106),D13,626772.0307,4839837.8526
8907,7542563,1323931,11/1/2012 8:00:00 AM,654,EGLINTON AVE W,PEVERIL HILL  N,,Major Arterial,North York,43.700745,-79.42669,,No Control,Rain,Dark,Wet,Non-Fatal Injury,Pedestrian Collisions,Pedestrian,50 to 54,Major,,North,Other,,,,Vehicle is going straight thru inter.while ped cross without ROW,Crossing without right of way,Inattentive,,,,Yes,,Yes,,,,,,,,,,,106,Humewood-Cedarvale,106,Humewood-Cedarvale (106),D13,626772.0307,4839837.8526
8908,7530142,1331690,11/1/2012 8:00:00 AM,715,STAINES RD,SEASONS DR,,Collector,Scarborough,43.830445,-79.22369,,No Control,Rain,Daylight,Wet,Non-Fatal Injury,Pedestrian Collisions,Driver,45 to 49,None,,North,"Automobile, Station Wagon",Going Ahead,Driving Properly,Normal,,,,,,,Yes,,Yes,,,,,,,,,,,144,Morningside Heights,131,Rouge (131),D42,642820.2666,4854573.4956
8909,7530143,1331690,11/1/2012 8:00:00 AM,715,STAINES RD,SEASONS DR,,Collector,Scarborough,43.830445,-79.22369,,No Control,Rain,Daylight,Wet,Non-Fatal Injury,Pedestrian Collisions,Pedestrian,20 to 24,Major,,North,Other,,,,Vehicle is going straight thru inter.while ped cross with ROW,Walking on Roadway with Traffic,Normal,,,,Yes,,Yes,,,,,,,,,,,144,Morningside Heights,131,Rouge (131),D42,642820.2666,4854573.4956
8910,7498285,1329449,11/1/2012 8:00:00 AM,2128,VICTORIA PARK Ave,BISCAYNE BLVD,,Major Arterial,North York,43.729544,-79.30463,,No Control,Clear,"Dark, artificial",Dry,Non-Fatal Injury,Turning Movement,Driver,30 to 34,None,,South,"Automobile, Station Wagon",Going Ahead,Driving Properly,Normal,,,,,,,,,Yes,,,,,,,,,,,119,Wexford/Maryvale,119,Wexford/Maryvale (119),D41,636541.8963,4843230.2795
8911,7498286,1329449,11/1/2012 8:00:00 AM,2128,VICTORIA PARK Ave,BISCAYNE BLVD,,Major Arterial,North York,43.729544,-79.30463,,No Control,Clear,"Dark, artificial",Dry,Non-Fatal Injury,Turning Movement,Vehicle Owner,unknown,,,,Other,,,,,,,,,,,,Yes,,,,,,,,,,,119,Wexford/Maryvale,119,Wexford/Maryvale (119),D41,636541.8963,4843230.2795
8912,7498287,1329449,11/1/2012 8:00:00 AM,2128,VICTORIA PARK Ave,BISCAYNE BLVD,,Major Arterial,North York,43.729544,-79.30463,,No Control,Clear,"Dark, artificial",Dry,Non-Fatal Injury,Turning Movement,Driver,20 to 24,Major,,South,"Automobile, Station Wagon",Making U Turn,Improper Turn,Normal,,,,,,,,,Yes,,,,,,,,,,,119,Wexford/Maryvale,119,Wexford/Maryvale (119),D41,636541.8963,4843230.2795
8913,7516724,1329833,11/2/2012 8:00:00 AM,100,GLENHOLME AVE,ROGERS RD,,Minor Arterial,Toronto and East York,43.686545,-79.44159,At Intersection,Traffic Signal,Clear,Daylight,Dry,Non-Fatal Injury,Pedestrian Collisions,Driver,55 to 59,None,,South,"Automobile, Station Wagon",Turning Left,Failed to Yield Right of Way,Inattentive,,,,,,,Yes,,Yes,,,,,,,Yes,,,,107,Oakwood Village,107,Oakwood Village (107),D13,625601.0678,4838238.0725
8914,7516725,1329833,11/2/2012 8:00:00 AM,100,GLENHOLME AVE,ROGERS RD,,Minor Arterial,Toronto and East York,43.686545,-79.44159,At Intersection,Traffic Signal,Clear,Daylight,Dry,Non-Fatal Injury,Pedestrian Collisions,Pedestrian,50 to 54,Major,,North,Other,,,,Vehicle turns left while ped crosses with ROW at inter.,Crossing with right of way,Normal,,,,Yes,,Yes,,,,,,,Yes,,,,107,Oakwood Village,107,Oakwood Village (107),D13,625601.0678,4838238.0725
8915,7516729,1329835,11/2/2012 8:00:00 AM,1933,EGLINTON Ave E,RUMSEY Rd,,Major Arterial,North York,43.712565,-79.369647,At Intersection,Traffic Signal,Clear,"Dusk, artificial",Dry,Non-Fatal Injury,Angle,Vehicle Owner,unknown,,,,Other,,,,,,,,,,,,Yes,,,,,,,Yes,Yes,,,56,Leaside-Bennington,56,Leaside-Bennington (56),D53,631342.592,4841239.4351
8916,7516730,1329835,11/2/2012 8:00:00 AM,1933,EGLINTON Ave E,RUMSEY Rd,,Major Arterial,North York,43.712565,-79.369647,At Intersection,Traffic Signal,Clear,"Dusk, artificial",Dry,Non-Fatal Injury,Angle,Driver,50 to 54,None,,South,"Automobile, Station Wagon",Going Ahead,Driving Properly,Normal,,,,,,,,,Yes,,,,,,,Yes,Yes,,,56,Leaside-Bennington,56,Leaside-Bennington (56),D53,631342.592,4841239.4351
8917,7516731,1329835,11/2/2012 8:00:00 AM,1933,EGLINTON Ave E,RUMSEY Rd,,Major Arterial,North York,43.712565,-79.369647,At Intersection,Traffic Signal,Clear,"Dusk, artificial",Dry,Non-Fatal Injury,Angle,Driver,35 to 39,None,,West,"Automobile, Station Wagon",Going Ahead,Disobeyed Traffic Control,Normal,,,,,,,,,Yes,,,,,,,Yes,Yes,,,56,Leaside-Bennington,56,Leaside-Bennington (56),D53,631342.592,4841239.4351
8918,7516732,1329835,11/2/2012 8:00:00 AM,1933,EGLINTON Ave E,RUMSEY Rd,,Major Arterial,North York,43.712565,-79.369647,At Intersection,Traffic Signal,Clear,"Dusk, artificial",Dry,Non-Fatal Injury,Angle,Vehicle Owner,unknown,,,,Other,,,,,,,,,,,,Yes,,,,,,,Yes,Yes,,,56,Leaside-Bennington,56,Leaside-Bennington (56),D53,631342.592,4841239.4351
8919,7516733,1329835,11/2/2012 8:00:00 AM,1933,EGLINTON Ave E,RUMSEY Rd,,Major Arterial,North York,43.712565,-79.369647,At Intersection,Traffic Signal,Clear,"Dusk, artificial",Dry,Non-Fatal Injury,Angle,Driver,70 to 74,Major,,East,"Automobile, Station Wagon",Slowing or Stopping,Driving Properly,Normal,,,,,,,,,Yes,,,,,,,Yes,Yes,,,56,Leaside-Bennington,56,Leaside-Bennington (56),D53,631342.592,4841239.4351
8920,7516734,1329835,11/2/2012 8:00:00 AM,1933,EGLINTON Ave E,RUMSEY Rd,,Major Arterial,North York,43.712565,-79.369647,At Intersection,Traffic Signal,Clear,"Dusk, artificial",Dry,Non-Fatal Injury,Angle,Other Property Owner,unknown,,,,Other,,,,,,,,,,,,Yes,,,,,,,Yes,Yes,,,56,Leaside-Bennington,56,Leaside-Bennington (56),D53,631342.592,4841239.4351
8921,7484870,1323727,11/3/2012 8:00:00 AM,223,ST CLAIR AVE W,OLD WESTON RD,,Major Arterial,Toronto and East York,43.673545,-79.46299,,Traffic Signal,Clear,"Dark, artificial",Dry,Non-Fatal Injury,SMV Other,Vehicle Owner,unknown,,,,Other,,,,,,,,,,,,Yes,,,,,Yes,Yes,Yes,,,,91,Weston-Pelham Park,91,Weston-Pellam Park (91),D11,623903.0611,4836762.0593
8922,7484871,1323727,11/3/2012 8:00:00 AM,223,ST CLAIR AVE W,OLD WESTON RD,,Major Arterial,Toronto and East York,43.673545,-79.46299,,Traffic Signal,Clear,"Dark, artificial",Dry,Non-Fatal Injury,SMV Other,Passenger,35 to 39,Minor,,,Other,,,,,,,,,,,,Yes,,,,,Yes,Yes,Yes,,,,91,Weston-Pelham Park,91,Weston-Pellam Park (91),D11,623903.0611,4836762.0593
8923,7484872,1323727,11/3/2012 8:00:00 AM,223,ST CLAIR AVE W,OLD WESTON RD,,Major Arterial,Toronto and East York,43.673545,-79.46299,,Traffic Signal,Clear,"Dark, artificial",Dry,Non-Fatal Injury,SMV Other,Driver - Not Hit,unknown,Minimal,,,Other,,,,,,,,,,,,Yes,,,,,Yes,Yes,Yes,,,,91,Weston-Pelham Park,91,Weston-Pellam Park (91),D11,623903.0611,4836762.0593
8924,7484873,1323727,11/3/2012 8:00:00 AM,223,ST CLAIR AVE W,OLD WESTON RD,,Major Arterial,Toronto and East York,43.673545,-79.46299,,Traffic Signal,Clear,"Dark, artificial",Dry,Non-Fatal Injury,SMV Other,Passenger,30 to 34,Minor,,,Other,,,,,,,,,,,,Yes,,,,,Yes,Yes,Yes,,,,91,Weston-Pelham Park,91,Weston-Pellam Park (91),D11,623903.0611,4836762.0593
8925,7484874,1323727,11/3/2012 8:00:00 AM,223,ST CLAIR AVE W,OLD WESTON RD,,Major Arterial,Toronto and East York,43.673545,-79.46299,,Traffic Signal,Clear,"Dark, artificial",Dry,Non-Fatal Injury,SMV Other,Passenger,20 to 24,Minor,,,Other,,,,,,,,,,,,Yes,,,,,Yes,Yes,Yes,,,,91,Weston-Pelham Park,91,Weston-Pellam Park (91),D11,623903.0611,4836762.0593
8926,7484875,1323727,11/3/2012 8:00:00 AM,223,ST CLAIR AVE W,OLD WESTON RD,,Major Arterial,Toronto and East York,43.673545,-79.46299,,Traffic Signal,Clear,"Dark, artificial",Dry,Non-Fatal Injury,SMV Other,Driver,20 to 24,Major,,West,"Automobile, Station Wagon",Going Ahead,Exceeding Speed Limit,Had Been Drinking,,,,,,,,,Yes,,,,,Yes,Yes,Yes,,,,91,Weston-Pelham Park,91,Weston-Pellam Park (91),D11,623903.0611,4836762.0593
8927,7484876,1323727,11/3/2012 8:00:00 AM,223,ST CLAIR AVE W,OLD WESTON RD,,Major Arterial,Toronto and East York,43.673545,-79.46299,,Traffic Signal,Clear,"Dark, artificial",Dry,Non-Fatal Injury,SMV Other,Other Property Owner,unknown,,,,Other,,,,,,,,,,,,Yes,,,,,Yes,Yes,Yes,,,,91,Weston-Pelham Park,91,Weston-Pellam Park (91),D11,623903.0611,4836762.0593
8928,7645364,1330074,11/5/2012 10:00:00 AM,1320,810 COLLEGE ST,,,Major Arterial,Toronto and East York,43.654544,-79.42189,,No Control,Clear,Daylight,Dry,Non-Fatal Injury,Cyclist Collisions,Driver,55 to 59,None,,West,"Automobile, Station Wagon",Parked,Other,Normal,,,,,,,,Yes,Yes,,,,,,,,,,,81,Trinity-Bellwoods,81,Trinity-Bellwoods (81),D14,627256.4301,4834713.9585
8929,7645365,1330074,11/5/2012 10:00:00 AM,1320,810 COLLEGE ST,,,Major Arterial,Toronto and East York,43.654544,-79.42189,,No Control,Clear,Daylight,Dry,Non-Fatal Injury,Cyclist Collisions,Cyclist,20 to 24,Major,,West,Bicycle,Going Ahead,,,,,,Cyclist struck opened vehicle door,Driving Properly,Normal,,Yes,Yes,,,,,,,,,,,81,Trinity-Bellwoods,81,Trinity-Bellwoods (81),D14,627256.4301,4834713.9585
8930,7515854,1324317,11/6/2012 10:00:00 AM,1731,JARVIS ST,WELLESLEY ST E,,Major Arterial,Toronto and East York,43.666245,-79.37829,At Intersection,Traffic Signal,Clear,Dusk,Dry,Non-Fatal Injury,Pedestrian Collisions,Driver,65 to 69,None,,North,"Automobile, Station Wagon",Going Ahead,Disobeyed Traffic Control,Inattentive,,,,,,,Yes,,Yes,,,,,,,Yes,Yes,,,71,Cabbagetown-South St.James Town,71,Cabbagetown-South St.James Town (71),D51,630746.9046,4836081.2997
8931,7515855,1324317,11/6/2012 10:00:00 AM,1731,JARVIS ST,WELLESLEY ST E,,Major Arterial,Toronto and East York,43.666245,-79.37829,At Intersection,Traffic Signal,Clear,Dusk,Dry,Non-Fatal Injury,Pedestrian Collisions,Pedestrian,80 to 84,Major,,East,Other,,,,Vehicle is going straight thru inter.while ped cross with ROW,Crossing with right of way,Normal,,,,Yes,,Yes,,,,,,,Yes,Yes,,,71,Cabbagetown-South St.James Town,71,Cabbagetown-South St.James Town (71),D51,630746.9046,4836081.2997
8932,7486698,1324513,11/7/2012 10:00:00 AM,1437,RICHMOND ST W,UNIVERSITY AVE,,Major Arterial,Toronto and East York,43.650045,-79.38629,At Intersection,Traffic Signal,Clear,Daylight,Dry,Fatal,Cyclist Collisions,Vehicle Owner,unknown,,,,Other,,,,,,,,,,,Yes,Yes,,,,,Yes,,,,,,170,Yonge-Bay Corridor,76,Bay Street Corridor (76),D52,630136.9074,4834269.4981
8933,7486699,1324513,11/7/2012 10:00:00 AM,1437,RICHMOND ST W,UNIVERSITY AVE,,Major Arterial,Toronto and East York,43.650045,-79.38629,At Intersection,Traffic Signal,Clear,Daylight,Dry,Fatal,Cyclist Collisions,Driver,30 to 34,None,,North,"Automobile, Station Wagon",Going Ahead,Driving Properly,Normal,,,,,,,,Yes,Yes,,,,,Yes,,,,,,170,Yonge-Bay Corridor,76,Bay Street Corridor (76),D52,630136.9074,4834269.4981
8934,7486700,1324513,11/7/2012 10:00:00 AM,1437,RICHMOND ST W,UNIVERSITY AVE,,Major Arterial,Toronto and East York,43.650045,-79.38629,At Intersection,Traffic Signal,Clear,Daylight,Dry,Fatal,Cyclist Collisions,Passenger,35 to 39,None,,,Other,,,,,,,,,,,Yes,Yes,,,,,Yes,,,,,,170,Yonge-Bay Corridor,76,Bay Street Corridor (76),D52,630136.9074,4834269.4981
8935,7486701,1324513,11/7/2012 10:00:00 AM,1437,RICHMOND ST W,UNIVERSITY AVE,,Major Arterial,Toronto and East York,43.650045,-79.38629,At Intersection,Traffic Signal,Clear,Daylight,Dry,Fatal,Cyclist Collisions,Cyclist,55 to 59,Fatal,38,West,Bicycle,Going Ahead,,,,,,"Cyclist without ROW rides into path of motorist at inter, lnwy, dwy-Cyclist not turn.",Disobeyed Traffic Control,Unknown,,Yes,Yes,,,,,Yes,,,,,,170,Yonge-Bay Corridor,76,Bay Street Corridor (76),D52,630136.9074,4834269.4981
8936,7559958,1326953,11/7/2012 10:00:00 AM,1853,LESLIE ST,LAKE SHORE BLVD E,,Major Arterial,Toronto and East York,43.659243,-79.328388,At Intersection,Traffic Signal,Clear,Dark,Dry,Non-Fatal Injury,Cyclist Collisions,Driver,unknown,None,,South,"Automobile, Station Wagon",Unknown,Other,Unknown,,,,,,,,Yes,Yes,,,,,,,,,,,70,South Riverdale,63,The Beaches (63),D55,634785.8604,4835383.4913
8937,7559959,1326953,11/7/2012 10:00:00 AM,1853,LESLIE ST,LAKE SHORE BLVD E,,Major Arterial,Toronto and East York,43.659243,-79.328388,At Intersection,Traffic Signal,Clear,Dark,Dry,Non-Fatal Injury,Cyclist Collisions,Cyclist,45 to 49,Major,,East,Bicycle,Going Ahead,,,,,,Insufficient information (to determine cyclist crash type).,Other,Unknown,,Yes,Yes,,,,,,,,,,,70,South Riverdale,63,The Beaches (63),D55,634785.8604,4835383.4913
8938,7517330,1331528,11/9/2012 10:00:00 AM,1140,WILSON Ave,YONGE St,,Major Arterial,North York,43.744139,-79.406711,At Intersection,Traffic Signal,Clear,Daylight,Dry,Non-Fatal Injury,Turning Movement,Driver,85 to 89,Major,,West,"Automobile, Station Wagon",Turning Left,Failed to Yield Right of Way,Normal,,,,,,,,,Yes,,,,,,,Yes,,,,40,St.Andrew-Windfields,40,St.Andrew-Windfields (40),D32,628289.2315,4844688.122
8939,7517331,1331528,11/9/2012 10:00:00 AM,1140,WILSON Ave,YONGE St,,Major Arterial,North York,43.744139,-79.406711,At Intersection,Traffic Signal,Clear,Daylight,Dry,Non-Fatal Injury,Turning Movement,Driver,50 to 54,None,,East,"Automobile, Station Wagon",Going Ahead,Driving Properly,Normal,,,,,,,,,Yes,,,,,,,Yes,,,,40,St.Andrew-Windfields,40,St.Andrew-Windfields (40),D32,628289.2315,4844688.122
8940,7503195,1331563,11/9/2012 10:00:00 AM,2255,KING ST W,TECUMSETH ST,,Major Arterial,Toronto and East York,43.643515,-79.404651,,No Control,Rain,"Dark, artificial",Wet,Non-Fatal Injury,Approaching,Passenger,30 to 34,Minor,,,Other,,,,,,,,,,,,Yes,Yes,,,,Yes,,,,,,162,West Queen West,82,Niagara (82),D14,628670.1191,4833515.6267
8941,7503196,1331563,11/9/2012 10:00:00 AM,2255,KING ST W,TECUMSETH ST,,Major Arterial,Toronto and East York,43.643515,-79.404651,,No Control,Rain,"Dark, artificial",Wet,Non-Fatal Injury,Approaching,Motorcycle Driver,30 to 34,Major,,West,Motorcycle,Going Ahead,Lost control,Normal,,,,,,,,,Yes,Yes,,,,Yes,,,,,,162,West Queen West,82,Niagara (82),D14,628670.1191,4833515.6267
8942,7503197,1331563,11/9/2012 10:00:00 AM,2255,KING ST W,TECUMSETH ST,,Major Arterial,Toronto and East York,43.643515,-79.404651,,No Control,Rain,"Dark, artificial",Wet,Non-Fatal Injury,Approaching,Driver,50 to 54,None,,East,"Automobile, Station Wagon",Going Ahead,Driving Properly,Normal,,,,,,,,,Yes,Yes,,,,Yes,,,,,,162,West Queen West,82,Niagara (82),D14,628670.1191,4833515.6267
8943,7529363,1325621,11/12/2012 10:00:00 AM,2004,SHEPPARD AVE E,BIRCHMOUNT RD,,Major Arterial,Scarborough,43.781045,-79.29809,At Intersection,Traffic Signal,Rain,"Dark, artificial",Wet,Non-Fatal Injury,Turning Movement,Passenger,75 to 79,Major,,,Other,,,,,,,,,,,,Yes,,,,,Yes,,Yes,,Yes,,118,Tam O'Shanter-Sullivan,118,Tam O'Shanter-Sullivan (118),D42,636951.0836,4848961.0465
8944,7529364,1325621,11/12/2012 10:00:00 AM,2004,SHEPPARD AVE E,BIRCHMOUNT RD,,Major Arterial,Scarborough,43.781045,-79.29809,At Intersection,Traffic Signal,Rain,"Dark, artificial",Wet,Non-Fatal Injury,Turning Movement,Driver,85 to 89,None,,West,"Automobile, Station Wagon",Going Ahead,Driving Properly,Normal,,,,,,,,,Yes,,,,,Yes,,Yes,,Yes,,118,Tam O'Shanter-Sullivan,118,Tam O'Shanter-Sullivan (118),D42,636951.0836,4848961.0465
8945,7529365,1325621,11/12/2012 10:00:00 AM,2004,SHEPPARD AVE E,BIRCHMOUNT RD,,Major Arterial,Scarborough,43.781045,-79.29809,At Intersection,Traffic Signal,Rain,"Dark, artificial",Wet,Non-Fatal Injury,Turning Movement,Driver,45 to 49,None,,East,"Automobile, Station Wagon",Turning Left,Failed to Yield Right of Way,"Ability Impaired, Alcohol Over .08",,,,,,,,,Yes,,,,,Yes,,Yes,,Yes,,118,Tam O'Shanter-Sullivan,118,Tam O'Shanter-Sullivan (118),D42,636951.0836,4848961.0465
8946,7504081,1331914,11/13/2012 10:00:00 AM,420,470 RICHMOND ST E,,,Major Arterial,Toronto and East York,43.654145,-79.36569,,No Control,Clear,Dark,Dry,Non-Fatal Injury,Pedestrian Collisions,Vehicle Owner,unknown,,,,Other,,,,,,,,,,Yes,,,,Yes,,,,,,,,,73,Moss Park,73,Moss Park (73),D51,631789.2348,4834757.3686
8947,7504082,1331914,11/13/2012 10:00:00 AM,420,470 RICHMOND ST E,,,Major Arterial,Toronto and East York,43.654145,-79.36569,,No Control,Clear,Dark,Dry,Non-Fatal Injury,Pedestrian Collisions,Truck Driver,50 to 54,None,,West,Truck - Open,Pulling Away from Shoulder or Curb,Driving Properly,Normal,,,,,,,Yes,,,,Yes,,,,,,,,,73,Moss Park,73,Moss Park (73),D51,631789.2348,4834757.3686
8948,7504083,1331914,11/13/2012 10:00:00 AM,420,470 RICHMOND ST E,,,Major Arterial,Toronto and East York,43.654145,-79.36569,,No Control,Clear,Dark,Dry,Non-Fatal Injury,Pedestrian Collisions,Pedestrian,45 to 49,Major,,Unknown,Other,,,,Pedestrian hit at mid-block,Playing or Working on Highway,Normal,,,,Yes,,,,Yes,,,,,,,,,73,Moss Park,73,Moss Park (73),D51,631789.2348,4834757.3686
8949,7529354,1325529,11/13/2012 10:00:00 AM,844,GERRARD ST E,YONGE ST,,Major Arterial,Toronto and East York,43.659045,-79.38209,At Intersection,Traffic Signal,Clear,Daylight,Dry,Non-Fatal Injury,Cyclist Collisions,Vehicle Owner,unknown,,,,Other,,,,,,,,,,,Yes,,,Yes,,,,,,,,,168,Downtown Yonge East,75,Church-Yonge Corridor (75),D51,630456.1285,4835275.6618