OBJECTID,INDEX,ACCNUM,DATE,TIME,STREET1,STREET2,OFFSET,ROAD_CLASS,DISTRICT,LATITUDE,LONGITUDE,ACCLOC,TRAFFCTL,VISIBILITY,LIGHT,RDSFCOND,ACCLASS,IMPACTYPE,INVTYPE,INVAGE,INJURY,FATAL_NO,INITDIR,VEHTYPE,MANOEUVER,DRIVACT,DRIVCOND,PEDTYPE,PEDACT,PEDCOND,CYCLISTYPE,CYCACT,CYCCOND,PEDESTRIAN,CYCLIST,AUTOMOBILE,MOTORCYCLE,TRUCK,TRSN_CITY_VEH,EMERG_VEH,PASSENGER,SPEEDING,AG_DRIV,REDLIGHT,ALCOHOL,DISABILITY,HOOD_158,NEIGHBOURHOOD_158,HOOD_140,NEIGHBOURHOOD_140,DIVISION,x,y
8950,7529355,1325529,11/13/2012 10:00:00 AM,844,GERRARD ST E,YONGE ST,,Major Arterial,Toronto and East York,43.659045,-79.38209,At Intersection,Traffic Signal,Clear,Daylight,Dry,Non-Fatal Injury,Cyclist Collisions,Truck Driver,35 to 39,None,,West,Truck - Open,Turning Right,Improper Turn,Normal,,,,,,,,Yes,,,Yes,,,,,,,,,168,Downtown Yonge East,75,Church-Yonge Corridor (75),D51,630456.1285,4835275.6618
8951,7529356,1325529,11/13/2012 10:00:00 AM,844,GERRARD ST E,YONGE ST,,Major Arterial,Toronto and East York,43.659045,-79.38209,At Intersection,Traffic Signal,Clear,Daylight,Dry,Non-Fatal Injury,Cyclist Collisions,Cyclist,35 to 39,Major,,West,Bicycle,Going Ahead,,,,,,Motorist turning right on green or amber at signalized intersection strikes cyclist.,Other,Unknown,,Yes,,,Yes,,,,,,,,,168,Downtown Yonge East,75,Church-Yonge Corridor (75),D51,630456.1285,4835275.6618
8952,7505191,1332390,11/15/2012 10:00:00 AM,627,KEELE ST,IRVING RD,,Major Arterial,Etobicoke York,43.692945,-79.47449,,No Control,Clear,"Dark, artificial",Dry,Non-Fatal Injury,Turning Movement,Driver,65 to 69,None,,North,"Automobile, Station Wagon",Turning Left,Improper Turn,Normal,,,,,,,,,Yes,,,,,Yes,,,,,,112,Beechborough-Greenbrook,112,Beechborough-Greenbrook (112),D12,622936.3714,4838899.5775
8953,7505192,1332390,11/15/2012 10:00:00 AM,627,KEELE ST,IRVING RD,,Major Arterial,Etobicoke York,43.692945,-79.47449,,No Control,Clear,"Dark, artificial",Dry,Non-Fatal Injury,Turning Movement,Passenger,5 to 9,Minimal,,,Other,,,,,,,,,,,,Yes,,,,,Yes,,,,,,112,Beechborough-Greenbrook,112,Beechborough-Greenbrook (112),D12,622936.3714,4838899.5775
8954,7505193,1332390,11/15/2012 10:00:00 AM,627,KEELE ST,IRVING RD,,Major Arterial,Etobicoke York,43.692945,-79.47449,,No Control,Clear,"Dark, artificial",Dry,Non-Fatal Injury,Turning Movement,Vehicle Owner,unknown,,,,Other,,,,,,,,,,,,Yes,,,,,Yes,,,,,,112,Beechborough-Greenbrook,112,Beechborough-Greenbrook (112),D12,622936.3714,4838899.5775
8955,7505194,1332390,11/15/2012 10:00:00 AM,627,KEELE ST,IRVING RD,,Major Arterial,Etobicoke York,43.692945,-79.47449,,No Control,Clear,"Dark, artificial",Dry,Non-Fatal Injury,Turning Movement,Driver,25 to 29,Major,,South,"Automobile, Station Wagon",Going Ahead,Driving Properly,Normal,,,,,,,,,Yes,,,,,Yes,,,,,,112,Beechborough-Greenbrook,112,Beechborough-Greenbrook (112),D12,622936.3714,4838899.5775
8956,7663044,1326143,11/16/2012 10:00:00 AM,1743,FINCH AVE E,WILFRED AVE,,Major Arterial,North York,43.782744,-79.40189,,No Control,Clear,"Dark, artificial",Dry,Non-Fatal Injury,Pedestrian Collisions,Driver,40 to 44,None,,East,"Automobile, Station Wagon",Going Ahead,Driving Properly,Normal,,,,,,,Yes,,Yes,,,,,,,,,,,152,East Willowdale,51,Willowdale East (51),D32,628594.6731,4848983.2672
8957,7663045,1326143,11/16/2012 10:00:00 AM,1743,FINCH AVE E,WILFRED AVE,,Major Arterial,North York,43.782744,-79.40189,,No Control,Clear,"Dark, artificial",Dry,Non-Fatal Injury,Pedestrian Collisions,Pedestrian,75 to 79,Major,,North,Other,,,,Vehicle is going straight thru inter.while ped cross without ROW,"Crossing, no Traffic Control",Unknown,,,,Yes,,Yes,,,,,,,,,,,152,East Willowdale,51,Willowdale East (51),D32,628594.6731,4848983.2672
8958,7663048,1333463,11/16/2012 10:00:00 AM,2240,BLOOR ST E,PARK RD,,Major Arterial,Toronto and East York,43.670649,-79.38483,,No Control,Clear,Dark,Dry,Non-Fatal Injury,Turning Movement,Vehicle Owner,unknown,,,,Other,,,,,,,,,,,,Yes,,,,,Yes,,Yes,,,,167,Church-Wellesley,75,Church-Yonge Corridor (75),D51,630210.1023,4836560.1366
8959,7663049,1333463,11/16/2012 10:00:00 AM,2240,BLOOR ST E,PARK RD,,Major Arterial,Toronto and East York,43.670649,-79.38483,,No Control,Clear,Dark,Dry,Non-Fatal Injury,Turning Movement,Driver,45 to 49,Major,,East,"Automobile, Station Wagon",Making U Turn,Failed to Yield Right of Way,Inattentive,,,,,,,,,Yes,,,,,Yes,,Yes,,,,167,Church-Wellesley,75,Church-Yonge Corridor (75),D51,630210.1023,4836560.1366
8960,7663050,1333463,11/16/2012 10:00:00 AM,2240,BLOOR ST E,PARK RD,,Major Arterial,Toronto and East York,43.670649,-79.38483,,No Control,Clear,Dark,Dry,Non-Fatal Injury,Turning Movement,Passenger,25 to 29,Major,,,Other,,,,,,,,,,,,Yes,,,,,Yes,,Yes,,,,167,Church-Wellesley,75,Church-Yonge Corridor (75),D51,630210.1023,4836560.1366
8961,7663051,1333463,11/16/2012 10:00:00 AM,2240,BLOOR ST E,PARK RD,,Major Arterial,Toronto and East York,43.670649,-79.38483,,No Control,Clear,Dark,Dry,Non-Fatal Injury,Turning Movement,Vehicle Owner,unknown,,,,Other,,,,,,,,,,,,Yes,,,,,Yes,,Yes,,,,167,Church-Wellesley,75,Church-Yonge Corridor (75),D51,630210.1023,4836560.1366
8962,7663052,1333463,11/16/2012 10:00:00 AM,2240,BLOOR ST E,PARK RD,,Major Arterial,Toronto and East York,43.670649,-79.38483,,No Control,Clear,Dark,Dry,Non-Fatal Injury,Turning Movement,Driver,25 to 29,Major,,West,"Automobile, Station Wagon",Going Ahead,Driving Properly,Normal,,,,,,,,,Yes,,,,,Yes,,Yes,,,,167,Church-Wellesley,75,Church-Yonge Corridor (75),D51,630210.1023,4836560.1366
8963,7516111,1326699,11/18/2012 10:00:00 AM,104,DUNDAS ST E,RIVER ST,,Major Arterial,Toronto and East York,43.661145,-79.35819,At Intersection,Traffic Controller,Clear,"Dark, artificial",Dry,Non-Fatal Injury,Pedestrian Collisions,Vehicle Owner,unknown,,,,Other,,,,,,,,,,Yes,,Yes,,,,,,,Yes,,,,72,Regent Park,72,Regent Park (72),D51,632378.6509,4835546.751
8964,7516112,1326699,11/18/2012 10:00:00 AM,104,DUNDAS ST E,RIVER ST,,Major Arterial,Toronto and East York,43.661145,-79.35819,At Intersection,Traffic Controller,Clear,"Dark, artificial",Dry,Non-Fatal Injury,Pedestrian Collisions,Driver,unknown,None,,North,"Automobile, Station Wagon",Turning Left,Failed to Yield Right of Way,Normal,,,,,,,Yes,,Yes,,,,,,,Yes,,,,72,Regent Park,72,Regent Park (72),D51,632378.6509,4835546.751
8965,7516113,1326699,11/18/2012 10:00:00 AM,104,DUNDAS ST E,RIVER ST,,Major Arterial,Toronto and East York,43.661145,-79.35819,At Intersection,Traffic Controller,Clear,"Dark, artificial",Dry,Non-Fatal Injury,Pedestrian Collisions,Pedestrian,40 to 44,Major,,North,Other,,,,Vehicle turns left while ped crosses with ROW at inter.,Crossing with right of way,Normal,,,,Yes,,Yes,,,,,,,Yes,,,,72,Regent Park,72,Regent Park (72),D51,632378.6509,4835546.751
8966,7645400,1334350,11/20/2012 10:00:00 AM,335,EASTERN AVE DIVERSION Aven,BROADVIEW AVE,,Major Arterial,Toronto and East York,43.656644,-79.34889,,Traffic Signal,Clear,"Dark, artificial",Dry,Non-Fatal Injury,SMV Other,Vehicle Owner,unknown,,,,Other,,,,,,,,,,,,Yes,,,,,,,,,,,70,South Riverdale,70,South Riverdale (70),D55,633138.4633,4835061.7357
8967,7645401,1334350,11/20/2012 10:00:00 AM,335,EASTERN AVE DIVERSION Aven,BROADVIEW AVE,,Major Arterial,Toronto and East York,43.656644,-79.34889,,Traffic Signal,Clear,"Dark, artificial",Dry,Non-Fatal Injury,SMV Other,Driver,20 to 24,Major,,East,"Automobile, Station Wagon",Going Ahead,Lost control,Unknown,,,,,,,,,Yes,,,,,,,,,,,70,South Riverdale,70,South Riverdale (70),D55,633138.4633,4835061.7357
8968,7645402,1334350,11/20/2012 10:00:00 AM,335,EASTERN AVE DIVERSION Aven,BROADVIEW AVE,,Major Arterial,Toronto and East York,43.656644,-79.34889,,Traffic Signal,Clear,"Dark, artificial",Dry,Non-Fatal Injury,SMV Other,Other Property Owner,unknown,,,,Other,,,,,,,,,,,,Yes,,,,,,,,,,,70,South Riverdale,70,South Riverdale (70),D55,633138.4633,4835061.7357
8969,7645403,1334350,11/20/2012 10:00:00 AM,335,EASTERN AVE DIVERSION Aven,BROADVIEW AVE,,Major Arterial,Toronto and East York,43.656644,-79.34889,,Traffic Signal,Clear,"Dark, artificial",Dry,Non-Fatal Injury,SMV Other,Other Property Owner,unknown,,,,Other,,,,,,,,,,,,Yes,,,,,,,,,,,70,South Riverdale,70,South Riverdale (70),D55,633138.4633,4835061.7357
8970,7542674,1327099,11/23/2012 10:00:00 AM,643,DAVENPORT RD,LANSDOWNE AVE,,Minor Arterial,Toronto and East York,43.671546,-79.448291,At Intersection,Traffic Signal,Clear,"Dark, artificial",Dry,Fatal,Cyclist Collisions,Cyclist,35 to 39,Fatal,39,North,Bicycle,Going Ahead,,,,,,"Cyclist without ROW rides into path of motorist at inter, lnwy, dwy-Cyclist not turn.",,,,Yes,Yes,,,,,,,Yes,Yes,,,171,Junction-Wallace Emerson,93,Dovercourt-Wallace Emerson-Junction (93),D13,625092.1563,4836562.1046
8971,7542675,1327099,11/23/2012 10:00:00 AM,643,DAVENPORT RD,LANSDOWNE AVE,,Minor Arterial,Toronto and East York,43.671546,-79.448291,At Intersection,Traffic Signal,Clear,"Dark, artificial",Dry,Fatal,Cyclist Collisions,Driver,60 to 64,None,,East,Passenger Van,Going Ahead,Disobeyed Traffic Control,Normal,,,,,,,,Yes,Yes,,,,,,,Yes,Yes,,,171,Junction-Wallace Emerson,93,Dovercourt-Wallace Emerson-Junction (93),D13,625092.1563,4836562.1046
8972,7542676,1327099,11/23/2012 10:00:00 AM,643,DAVENPORT RD,LANSDOWNE AVE,,Minor Arterial,Toronto and East York,43.671546,-79.448291,At Intersection,Traffic Signal,Clear,"Dark, artificial",Dry,Fatal,Cyclist Collisions,Driver,20 to 24,None,,West,"Automobile, Station Wagon",Going Ahead,Driving Properly,Unknown,,,,,,,,Yes,Yes,,,,,,,Yes,Yes,,,171,Junction-Wallace Emerson,93,Dovercourt-Wallace Emerson-Junction (93),D13,625092.1563,4836562.1046
8973,7492751,1327123,11/23/2012 10:00:00 AM,1705,EGLINTON AVE W,JANE ST,,Major Arterial,Etobicoke York,43.684445,-79.49879,At Intersection,Traffic Signal,Clear,Dark,Dry,Non-Fatal Injury,Sideswipe,Driver,75 to 79,Major,,West,"Automobile, Station Wagon",Going Ahead,Other,Other,,,,,,,,,Yes,,,,,,,,,,,115,Mount Dennis,115,Mount Dennis (115),D12,620995.1785,4837919.7985
8974,7492752,1327123,11/23/2012 10:00:00 AM,1705,EGLINTON AVE W,JANE ST,,Major Arterial,Etobicoke York,43.684445,-79.49879,At Intersection,Traffic Signal,Clear,Dark,Dry,Non-Fatal Injury,Sideswipe,Driver,35 to 39,None,,West,"Automobile, Station Wagon",Stopped,Driving Properly,Normal,,,,,,,,,Yes,,,,,,,,,,,115,Mount Dennis,115,Mount Dennis (115),D12,620995.1785,4837919.7985
8975,7492753,1327123,11/23/2012 10:00:00 AM,1705,EGLINTON AVE W,JANE ST,,Major Arterial,Etobicoke York,43.684445,-79.49879,At Intersection,Traffic Signal,Clear,Dark,Dry,Non-Fatal Injury,Sideswipe,Driver,65 to 69,None,,South,"Automobile, Station Wagon",Going Ahead,Driving Properly,Normal,,,,,,,,,Yes,,,,,,,,,,,115,Mount Dennis,115,Mount Dennis (115),D12,620995.1785,4837919.7985
8976,7523222,1335535,11/24/2012 10:00:00 AM,1305,EGLINTON AVE E,BROWNLOW AVE,,Major Arterial,Toronto and East York,43.708145,-79.39149,At Intersection,Stop Sign,Clear,Daylight,Dry,Non-Fatal Injury,Pedestrian Collisions,Vehicle Owner,unknown,,,,Other,,,,,,,,,,Yes,,Yes,,,,,,,Yes,,,,173,North Toronto,104,Mount Pleasant West (104),D53,629592.4099,4840714.152
8977,7523223,1335535,11/24/2012 10:00:00 AM,1305,EGLINTON AVE E,BROWNLOW AVE,,Major Arterial,Toronto and East York,43.708145,-79.39149,At Intersection,Stop Sign,Clear,Daylight,Dry,Non-Fatal Injury,Pedestrian Collisions,Driver,30 to 34,None,,West,"Automobile, Station Wagon",Turning Left,Failed to Yield Right of Way,Unknown,,,,,,,Yes,,Yes,,,,,,,Yes,,,,173,North Toronto,104,Mount Pleasant West (104),D53,629592.4099,4840714.152
8978,7523224,1335535,11/24/2012 10:00:00 AM,1305,EGLINTON AVE E,BROWNLOW AVE,,Major Arterial,Toronto and East York,43.708145,-79.39149,At Intersection,Stop Sign,Clear,Daylight,Dry,Non-Fatal Injury,Pedestrian Collisions,Pedestrian,25 to 29,Major,,West,Other,,,,Vehicle turns left while ped crosses with ROW at inter.,Crossing with right of way,Normal,,,,Yes,,Yes,,,,,,,Yes,,,,173,North Toronto,104,Mount Pleasant West (104),D53,629592.4099,4840714.152
8979,7493133,1327320,11/24/2012 10:00:00 AM,2127,KENNEDY RD,RADNOR AVE,,Major Arterial,Scarborough,43.745945,-79.27369,At Intersection,No Control,Clear,"Dark, artificial",Dry,Non-Fatal Injury,SMV Other,Passenger,15 to 19,None,,,Other,,,,,,,,,,,,Yes,,,,,Yes,Yes,Yes,,,,126,Dorset Park,126,Dorset Park (126),D41,638995.8184,4845103.3054
8980,7493134,1327320,11/24/2012 10:00:00 AM,2127,KENNEDY RD,RADNOR AVE,,Major Arterial,Scarborough,43.745945,-79.27369,At Intersection,No Control,Clear,"Dark, artificial",Dry,Non-Fatal Injury,SMV Other,Passenger,20 to 24,None,,,Other,,,,,,,,,,,,Yes,,,,,Yes,Yes,Yes,,,,126,Dorset Park,126,Dorset Park (126),D41,638995.8184,4845103.3054
8981,7493135,1327320,11/24/2012 10:00:00 AM,2127,KENNEDY RD,RADNOR AVE,,Major Arterial,Scarborough,43.745945,-79.27369,At Intersection,No Control,Clear,"Dark, artificial",Dry,Non-Fatal Injury,SMV Other,Driver,20 to 24,Major,,South,"Automobile, Station Wagon",Going Ahead,Speed too Fast For Condition,Unknown,,,,,,,,,Yes,,,,,Yes,Yes,Yes,,,,126,Dorset Park,126,Dorset Park (126),D41,638995.8184,4845103.3054
8982,7493136,1327320,11/24/2012 10:00:00 AM,2127,KENNEDY RD,RADNOR AVE,,Major Arterial,Scarborough,43.745945,-79.27369,At Intersection,No Control,Clear,"Dark, artificial",Dry,Non-Fatal Injury,SMV Other,Other Property Owner,unknown,,,,Other,,,,,,,,,,,,Yes,,,,,Yes,Yes,Yes,,,,126,Dorset Park,126,Dorset Park (126),D41,638995.8184,4845103.3054
8983,7522949,1335409,11/25/2012 10:00:00 AM,149,HORNER AVE,JUDSON ST,,Minor Arterial,Etobicoke York,43.612075,-79.515811,At Intersection,Stop Sign,Clear,Dark,Dry,Non-Fatal Injury,SMV Other,Driver,25 to 29,Major,,West,"Automobile, Station Wagon",Turning Left,Lost control,"Ability Impaired, Alcohol Over .08",,,,,,,,,Yes,,,,,,,,,Yes,,160,Mimico-Queensway,17,Mimico (includes Humber Bay Shores) (17),D22,619767.0433,4829857.4971
8984,7522950,1335409,11/25/2012 10:00:00 AM,149,HORNER AVE,JUDSON ST,,Minor Arterial,Etobicoke York,43.612075,-79.515811,At Intersection,Stop Sign,Clear,Dark,Dry,Non-Fatal Injury,SMV Other,Other Property Owner,unknown,,,,Other,,,,,,,,,,,,Yes,,,,,,,,,Yes,,160,Mimico-Queensway,17,Mimico (includes Humber Bay Shores) (17),D22,619767.0433,4829857.4971
8985,7516243,1327567,11/26/2012 10:00:00 AM,1010,F G GARDINER XY  W,ISLINGTON AVE,,,Etobicoke York,43.620745,-79.51159,,No Control,Clear,Daylight,Dry,Non-Fatal Injury,Other,Driver,20 to 24,None,,West,"Automobile, Station Wagon",Other,Other,Normal,,,,,,,,,Yes,,Yes,,,Yes,,,,,,160,Mimico-Queensway,17,Mimico (includes Humber Bay Shores) (17),D22,620090.4018,4830826.5022
8986,7516244,1327567,11/26/2012 10:00:00 AM,1010,F G GARDINER XY  W,ISLINGTON AVE,,,Etobicoke York,43.620745,-79.51159,,No Control,Clear,Daylight,Dry,Non-Fatal Injury,Other,Truck Driver,50 to 54,None,,West,Truck - Open,Going Ahead,Driving Properly,Normal,,,,,,,,,Yes,,Yes,,,Yes,,,,,,160,Mimico-Queensway,17,Mimico (includes Humber Bay Shores) (17),D22,620090.4018,4830826.5022
8987,7516245,1327567,11/26/2012 10:00:00 AM,1010,F G GARDINER XY  W,ISLINGTON AVE,,,Etobicoke York,43.620745,-79.51159,,No Control,Clear,Daylight,Dry,Non-Fatal Injury,Other,Driver,55 to 59,Minor,,West,"Automobile, Station Wagon",Slowing or Stopping,Lost control,Normal,,,,,,,,,Yes,,Yes,,,Yes,,,,,,160,Mimico-Queensway,17,Mimico (includes Humber Bay Shores) (17),D22,620090.4018,4830826.5022
8988,7516246,1327567,11/26/2012 10:00:00 AM,1010,F G GARDINER XY  W,ISLINGTON AVE,,,Etobicoke York,43.620745,-79.51159,,No Control,Clear,Daylight,Dry,Non-Fatal Injury,Other,Driver,20 to 24,Minimal,,West,"Automobile, Station Wagon",Going Ahead,Driving Properly,Normal,,,,,,,,,Yes,,Yes,,,Yes,,,,,,160,Mimico-Queensway,17,Mimico (includes Humber Bay Shores) (17),D22,620090.4018,4830826.5022
8989,7516247,1327567,11/26/2012 10:00:00 AM,1010,F G GARDINER XY  W,ISLINGTON AVE,,,Etobicoke York,43.620745,-79.51159,,No Control,Clear,Daylight,Dry,Non-Fatal Injury,Other,Passenger,20 to 24,Major,,,Other,,,,,,,,,,,,Yes,,Yes,,,Yes,,,,,,160,Mimico-Queensway,17,Mimico (includes Humber Bay Shores) (17),D22,620090.4018,4830826.5022
8990,7523089,1335478,11/26/2012 10:00:00 AM,1405,QUEEN ST W,BAY ST,,Major Arterial,Toronto and East York,43.651645,-79.38279,,No Control,Clear,Daylight,Dry,Non-Fatal Injury,Cyclist Collisions,Driver,40 to 44,None,,East,"Automobile, Station Wagon",Stopped,Other,Normal,,,,,,,,Yes,Yes,,,,,,,,,,,170,Yonge-Bay Corridor,76,Bay Street Corridor (76),D52,630415.7032,4834452.6937
8991,7523090,1335478,11/26/2012 10:00:00 AM,1405,QUEEN ST W,BAY ST,,Major Arterial,Toronto and East York,43.651645,-79.38279,,No Control,Clear,Daylight,Dry,Non-Fatal Injury,Cyclist Collisions,Cyclist,45 to 49,Major,,East,Bicycle,Going Ahead,,,,,,Cyclist and Driver travelling in same direction. One vehicle sideswipes the other.,Improper Passing,Inattentive,,Yes,Yes,,,,,,,,,,,170,Yonge-Bay Corridor,76,Bay Street Corridor (76),D52,630415.7032,4834452.6937
8992,7529704,1327908,11/27/2012 10:00:00 AM,230,SCARLETT RD,RIVERVIEW HTS,,Major Arterial,Etobicoke York,43.701145,-79.52689,,No Control,Clear,"Dark, artificial",Dry,Non-Fatal Injury,SMV Other,Vehicle Owner,unknown,,,,Other,,,,,,,,,,,,Yes,,,,,,Yes,Yes,,,,8,Humber Heights-Westmount,8,Humber Heights-Westmount (8),D23,618697.3951,4839733.9477
8993,7529705,1327908,11/27/2012 10:00:00 AM,230,SCARLETT RD,RIVERVIEW HTS,,Major Arterial,Etobicoke York,43.701145,-79.52689,,No Control,Clear,"Dark, artificial",Dry,Non-Fatal Injury,SMV Other,Driver,30 to 34,Major,,South,"Automobile, Station Wagon",Going Ahead,Lost control,Unknown,,,,,,,,,Yes,,,,,,Yes,Yes,,,,8,Humber Heights-Westmount,8,Humber Heights-Westmount (8),D23,618697.3951,4839733.9477
8994,7529706,1327908,11/27/2012 10:00:00 AM,230,SCARLETT RD,RIVERVIEW HTS,,Major Arterial,Etobicoke York,43.701145,-79.52689,,No Control,Clear,"Dark, artificial",Dry,Non-Fatal Injury,SMV Other,Other Property Owner,unknown,,,,Other,,,,,,,,,,,,Yes,,,,,,Yes,Yes,,,,8,Humber Heights-Westmount,8,Humber Heights-Westmount (8),D23,618697.3951,4839733.9477
8995,7516274,1327765,11/27/2012 10:00:00 AM,1720,MIDLAND AVE,KILCULLEN CASTLE GT,,Major Arterial,Scarborough,43.809645,-79.28999,,No Control,Clear,"Dark, artificial",Dry,Fatal,Pedestrian Collisions,Vehicle Owner,unknown,,,,Other,,,,,,,,,,Yes,,Yes,,,,,,,,,,,130,Milliken,130,Milliken (130),D42,637537.2586,4852150.9644
8996,7516275,1327765,11/27/2012 10:00:00 AM,1720,MIDLAND AVE,KILCULLEN CASTLE GT,,Major Arterial,Scarborough,43.809645,-79.28999,,No Control,Clear,"Dark, artificial",Dry,Fatal,Pedestrian Collisions,Driver,65 to 69,None,,North,"Automobile, Station Wagon",Slowing or Stopping,Driving Properly,Normal,,,,,,,Yes,,Yes,,,,,,,,,,,130,Milliken,130,Milliken (130),D42,637537.2586,4852150.9644
8997,7516276,1327765,11/27/2012 10:00:00 AM,1720,MIDLAND AVE,KILCULLEN CASTLE GT,,Major Arterial,Scarborough,43.809645,-79.28999,,No Control,Clear,"Dark, artificial",Dry,Fatal,Pedestrian Collisions,Pedestrian,40 to 44,Fatal,40,Unknown,Other,,,,Pedestrian hit at mid-block,"Crossing, no Traffic Control",Unknown,,,,Yes,,Yes,,,,,,,,,,,130,Milliken,130,Milliken (130),D42,637537.2586,4852150.9644
8998,7516296,1327895,11/28/2012 10:00:00 AM,1052,KIPLING AVE,EGLINTON AVE W,,Major Arterial,Etobicoke York,43.677145,-79.55089,At Intersection,Traffic Signal,Clear,Daylight,Dry,Non-Fatal Injury,Turning Movement,Vehicle Owner,unknown,,,,Other,,,,,,,,,,,,Yes,,Yes,,,,,Yes,,,,10,Princess-Rosethorn,10,Princess-Rosethorn (10),D22,616810.1321,4837034.3471
8999,7516297,1327895,11/28/2012 10:00:00 AM,1052,KIPLING AVE,EGLINTON AVE W,,Major Arterial,Etobicoke York,43.677145,-79.55089,At Intersection,Traffic Signal,Clear,Daylight,Dry,Non-Fatal Injury,Turning Movement,Truck Driver,70 to 74,Minimal,,North,Truck - Open,Going Ahead,Driving Properly,Normal,,,,,,,,,Yes,,Yes,,,,,Yes,,,,10,Princess-Rosethorn,10,Princess-Rosethorn (10),D22,616810.1321,4837034.3471
9000,7516298,1327895,11/28/2012 10:00:00 AM,1052,KIPLING AVE,EGLINTON AVE W,,Major Arterial,Etobicoke York,43.677145,-79.55089,At Intersection,Traffic Signal,Clear,Daylight,Dry,Non-Fatal Injury,Turning Movement,Driver,35 to 39,None,,South,"Automobile, Station Wagon",Going Ahead,Driving Properly,Normal,,,,,,,,,Yes,,Yes,,,,,Yes,,,,10,Princess-Rosethorn,10,Princess-Rosethorn (10),D22,616810.1321,4837034.3471
9001,7516299,1327895,11/28/2012 10:00:00 AM,1052,KIPLING AVE,EGLINTON AVE W,,Major Arterial,Etobicoke York,43.677145,-79.55089,At Intersection,Traffic Signal,Clear,Daylight,Dry,Non-Fatal Injury,Turning Movement,Driver,85 to 89,Major,,South,"Automobile, Station Wagon",Turning Left,Failed to Yield Right of Way,Unknown,,,,,,,,,Yes,,Yes,,,,,Yes,,,,10,Princess-Rosethorn,10,Princess-Rosethorn (10),D22,616810.1321,4837034.3471
9002,7530203,1332159,11/28/2012 10:00:00 AM,1723,DONCASTER AVE,MAIN ST,,Minor Arterial,Toronto and East York,43.691645,-79.30339,At Intersection,No Control,Clear,Dark,Dry,Non-Fatal Injury,Pedestrian Collisions,Driver,unknown,None,,East,"Automobile, Station Wagon",Going Ahead,Failed to Yield Right of Way,Normal,,,,,,,Yes,,Yes,,,,,,,Yes,,,,60,Woodbine-Lumsden,60,Woodbine-Lumsden (60),D55,636727.919,4839023.0938
9003,7530204,1332159,11/28/2012 10:00:00 AM,1723,DONCASTER AVE,MAIN ST,,Minor Arterial,Toronto and East York,43.691645,-79.30339,At Intersection,No Control,Clear,Dark,Dry,Non-Fatal Injury,Pedestrian Collisions,Pedestrian,10 to 14,Major,,North,Other,,,,Pedestrian hit at mid-block,"Crossing, no Traffic Control",Normal,,,,Yes,,Yes,,,,,,,Yes,,,,60,Woodbine-Lumsden,60,Woodbine-Lumsden (60),D55,636727.919,4839023.0938
9004,7496961,1328909,11/29/2012 10:00:00 AM,125,WARDEN AVE,TOWER DR,,Major Arterial,Scarborough,43.754345,-79.29839,At Intersection,Traffic Signal,Clear,Dark,Dry,Non-Fatal Injury,Rear End,Vehicle Owner,unknown,,,,Other,,,,,,,,,,,,Yes,,,,,,Yes,Yes,,,,119,Wexford/Maryvale,119,Wexford/Maryvale (119),D41,636987.8817,4845995.1033
9005,7496962,1328909,11/29/2012 10:00:00 AM,125,WARDEN AVE,TOWER DR,,Major Arterial,Scarborough,43.754345,-79.29839,At Intersection,Traffic Signal,Clear,Dark,Dry,Non-Fatal Injury,Rear End,Driver,20 to 24,Minor,,South,"Automobile, Station Wagon",Stopped,Driving Properly,Normal,,,,,,,,,Yes,,,,,,Yes,Yes,,,,119,Wexford/Maryvale,119,Wexford/Maryvale (119),D41,636987.8817,4845995.1033
9006,7496963,1328909,11/29/2012 10:00:00 AM,125,WARDEN AVE,TOWER DR,,Major Arterial,Scarborough,43.754345,-79.29839,At Intersection,Traffic Signal,Clear,Dark,Dry,Non-Fatal Injury,Rear End,Vehicle Owner,unknown,,,,Other,,,,,,,,,,,,Yes,,,,,,Yes,Yes,,,,119,Wexford/Maryvale,119,Wexford/Maryvale (119),D41,636987.8817,4845995.1033
9007,7496964,1328909,11/29/2012 10:00:00 AM,125,WARDEN AVE,TOWER DR,,Major Arterial,Scarborough,43.754345,-79.29839,At Intersection,Traffic Signal,Clear,Dark,Dry,Non-Fatal Injury,Rear End,Driver,30 to 34,Major,,South,"Automobile, Station Wagon",Going Ahead,Exceeding Speed Limit,Fatigue,,,,,,,,,Yes,,,,,,Yes,Yes,,,,119,Wexford/Maryvale,119,Wexford/Maryvale (119),D41,636987.8817,4845995.1033
9008,7524235,1336008,11/29/2012 10:00:00 AM,1830,ROYAL YORK RD,MIMICO AVE,,Minor Arterial,Etobicoke York,43.612246,-79.496692,At Intersection,Traffic Signal,Clear,"Dark, artificial",Dry,Non-Fatal Injury,Pedestrian Collisions,Driver,20 to 24,None,,South,"Automobile, Station Wagon",Going Ahead,Driving Properly,Normal,,,,,,,Yes,,Yes,,,,,,,,,,,160,Mimico-Queensway,17,Mimico (includes Humber Bay Shores) (17),D22,621309.5263,4829904.2395
9009,7524236,1336008,11/29/2012 10:00:00 AM,1830,ROYAL YORK RD,MIMICO AVE,,Minor Arterial,Etobicoke York,43.612246,-79.496692,At Intersection,Traffic Signal,Clear,"Dark, artificial",Dry,Non-Fatal Injury,Pedestrian Collisions,Pedestrian,10 to 14,Major,,East,Other,,,,Pedestrian hit at mid-block,"Crossing, no Traffic Control",Inattentive,,,,Yes,,Yes,,,,,,,,,,,160,Mimico-Queensway,17,Mimico (includes Humber Bay Shores) (17),D22,621309.5263,4829904.2395