OBJECTID,INDEX,ACCNUM,DATE,TIME,STREET1,STREET2,OFFSET,ROAD_CLASS,DISTRICT,LATITUDE,LONGITUDE,ACCLOC,TRAFFCTL,VISIBILITY,LIGHT,RDSFCOND,ACCLASS,IMPACTYPE,INVTYPE,INVAGE,INJURY,FATAL_NO,INITDIR,VEHTYPE,MANOEUVER,DRIVACT,DRIVCOND,PEDTYPE,PEDACT,PEDCOND,CYCLISTYPE,CYCACT,CYCCOND,PEDESTRIAN,CYCLIST,AUTOMOBILE,MOTORCYCLE,TRUCK,TRSN_CITY_VEH,EMERG_VEH,PASSENGER,SPEEDING,AG_DRIV,REDLIGHT,ALCOHOL,DISABILITY,HOOD_158,NEIGHBOURHOOD_158,HOOD_140,NEIGHBOURHOOD_140,DIVISION,x,y
9010,7542739,1328386,11/30/2012 10:00:00 AM,1053,RUNNYMEDE RD,DUNDAS ST W,,Major Arterial,Toronto and East York,43.665545,-79.48209,At Intersection,Traffic Signal,Clear,Daylight,Dry,Non-Fatal Injury,Rear End,Driver,70 to 74,Major,,South,"Automobile, Station Wagon",Going Ahead,Lost control,Medical or Physical Disability,,,,,,,,,Yes,,,,,,,,,,Yes,90,Junction Area,90,Junction Area (90),D11,622379.5956,4835845.2015
9011,7542740,1328386,11/30/2012 10:00:00 AM,1053,RUNNYMEDE RD,DUNDAS ST W,,Major Arterial,Toronto and East York,43.665545,-79.48209,At Intersection,Traffic Signal,Clear,Daylight,Dry,Non-Fatal Injury,Rear End,Vehicle Owner,unknown,,,,Other,,,,,,,,,,,,Yes,,,,,,,,,,Yes,90,Junction Area,90,Junction Area (90),D11,622379.5956,4835845.2015
9012,7542741,1328386,11/30/2012 10:00:00 AM,1053,RUNNYMEDE RD,DUNDAS ST W,,Major Arterial,Toronto and East York,43.665545,-79.48209,At Intersection,Traffic Signal,Clear,Daylight,Dry,Non-Fatal Injury,Rear End,Driver,20 to 24,None,,South,"Automobile, Station Wagon",Going Ahead,Driving Properly,Normal,,,,,,,,,Yes,,,,,,,,,,Yes,90,Junction Area,90,Junction Area (90),D11,622379.5956,4835845.2015
9013,7531192,1336399,12/1/2012 10:00:00 AM,2027,OVERLEA BLVD,WILLIAM MORGAN DR,,Major Arterial,North York,43.708245,-79.34029,,No Control,Clear,Dark,Dry,Non-Fatal Injury,Pedestrian Collisions,Driver,25 to 29,None,,East,"Automobile, Station Wagon",Going Ahead,Driving Properly,Normal,,,,,,,Yes,,Yes,,,,,,,,,,,55,Thorncliffe Park,55,Thorncliffe Park (55),D53,633717.2481,4840806.5743
9014,7531193,1336399,12/1/2012 10:00:00 AM,2027,OVERLEA BLVD,WILLIAM MORGAN DR,,Major Arterial,North York,43.708245,-79.34029,,No Control,Clear,Dark,Dry,Non-Fatal Injury,Pedestrian Collisions,Pedestrian,70 to 74,Major,,South,Other,,,,Pedestrian hit at mid-block,"Crossing, no Traffic Control",Normal,,,,Yes,,Yes,,,,,,,,,,,55,Thorncliffe Park,55,Thorncliffe Park (55),D53,633717.2481,4840806.5743
9015,7531616,1337044,12/2/2012 10:00:00 AM,210,KEELE ST,MURRAY ROSS PKWY,,Major Arterial,Etobicoke York,43.767302,-79.49203,At Intersection,Traffic Signal,Rain,"Dark, artificial",Wet,Non-Fatal Injury,Angle,Driver,55 to 59,Minimal,,West,"Automobile, Station Wagon",Going Ahead,Failed to Yield Right of Way,Fatigue,,,,,,,,,Yes,,,,,,,Yes,,,,27,York University Heights,27,York University Heights (27),D31,621372.5794,4847132.1296
9016,7531617,1337044,12/2/2012 10:00:00 AM,210,KEELE ST,MURRAY ROSS PKWY,,Major Arterial,Etobicoke York,43.767302,-79.49203,At Intersection,Traffic Signal,Rain,"Dark, artificial",Wet,Non-Fatal Injury,Angle,Driver,25 to 29,Major,,North,"Automobile, Station Wagon",Going Ahead,Driving Properly,Normal,,,,,,,,,Yes,,,,,,,Yes,,,,27,York University Heights,27,York University Heights (27),D31,621372.5794,4847132.1296
9017,7542760,1328705,12/2/2012 10:00:00 AM,237,THE QUEENSWAY,PARK LAWN RD,,Major Arterial,Etobicoke York,43.628745,-79.49169,,No Control,Clear,"Dark, artificial",Wet,Non-Fatal Injury,Pedestrian Collisions,Passenger,unknown,None,,,Other,Other,,,,,,,,,Yes,,Yes,,,,,Yes,,Yes,,,,16,Stonegate-Queensway,16,Stonegate-Queensway (16),D22,621679.8804,4831743.9752
9018,7542761,1328705,12/2/2012 10:00:00 AM,237,THE QUEENSWAY,PARK LAWN RD,,Major Arterial,Etobicoke York,43.628745,-79.49169,,No Control,Clear,"Dark, artificial",Wet,Non-Fatal Injury,Pedestrian Collisions,Vehicle Owner,unknown,,,,Other,,,,,,,,,,Yes,,Yes,,,,,Yes,,Yes,,,,16,Stonegate-Queensway,16,Stonegate-Queensway (16),D22,621679.8804,4831743.9752
9019,7542762,1328705,12/2/2012 10:00:00 AM,237,THE QUEENSWAY,PARK LAWN RD,,Major Arterial,Etobicoke York,43.628745,-79.49169,,No Control,Clear,"Dark, artificial",Wet,Non-Fatal Injury,Pedestrian Collisions,Driver,35 to 39,None,,East,Taxi,Going Ahead,Other,Normal,,,,,,,Yes,,Yes,,,,,Yes,,Yes,,,,16,Stonegate-Queensway,16,Stonegate-Queensway (16),D22,621679.8804,4831743.9752
9020,7542763,1328705,12/2/2012 10:00:00 AM,237,THE QUEENSWAY,PARK LAWN RD,,Major Arterial,Etobicoke York,43.628745,-79.49169,,No Control,Clear,"Dark, artificial",Wet,Non-Fatal Injury,Pedestrian Collisions,Pedestrian,25 to 29,Major,,South,Other,,,,Pedestrian hit at mid-block,"Crossing, no Traffic Control",Had Been Drinking,,,,Yes,,Yes,,,,,Yes,,Yes,,,,16,Stonegate-Queensway,16,Stonegate-Queensway (16),D22,621679.8804,4831743.9752
9021,7653423,1379252,12/2/2012 10:00:00 AM,315,MAITLAND ST,YONGE ST,,Collector,Toronto and East York,43.665026,-79.378688,,No Control,Clear,Dark,Dry,Non-Fatal Injury,Pedestrian Collisions,Vehicle Owner,unknown,,,,Other,,,,,,,,,,Yes,,Yes,,,,,,,,,,,167,Church-Wellesley,75,Church-Yonge Corridor (75),D51,630717.4622,4835945.2863
9022,7653424,1379252,12/2/2012 10:00:00 AM,315,MAITLAND ST,YONGE ST,,Collector,Toronto and East York,43.665026,-79.378688,,No Control,Clear,Dark,Dry,Non-Fatal Injury,Pedestrian Collisions,Driver,20 to 24,None,,East,"Automobile, Station Wagon",Pulling Away from Shoulder or Curb,Other,Had Been Drinking,,,,,,,Yes,,Yes,,,,,,,,,,,167,Church-Wellesley,75,Church-Yonge Corridor (75),D51,630717.4622,4835945.2863
9023,7653425,1379252,12/2/2012 10:00:00 AM,315,MAITLAND ST,YONGE ST,,Collector,Toronto and East York,43.665026,-79.378688,,No Control,Clear,Dark,Dry,Non-Fatal Injury,Pedestrian Collisions,Pedestrian,20 to 24,Major,,Unknown,Other,,,,Pedestrian hit at mid-block,"Crossing, no Traffic Control",Other,,,,Yes,,Yes,,,,,,,,,,,167,Church-Wellesley,75,Church-Yonge Corridor (75),D51,630717.4622,4835945.2863
9024,7543729,1337921,12/2/2012 10:00:00 AM,1347,ELLESMERE RD,MARKHAM RD,,Major Arterial,Scarborough,43.776445,-79.23179,At Intersection,Traffic Signal,Rain,Daylight,Wet,Non-Fatal Injury,Pedestrian Collisions,Vehicle Owner,unknown,,,,Other,,,,,,,,,,Yes,,Yes,,,,,,,,,,,142,Woburn North,137,Woburn (137),D43,642297.1555,4848561.9635
9025,7543730,1337921,12/2/2012 10:00:00 AM,1347,ELLESMERE RD,MARKHAM RD,,Major Arterial,Scarborough,43.776445,-79.23179,At Intersection,Traffic Signal,Rain,Daylight,Wet,Non-Fatal Injury,Pedestrian Collisions,Driver,20 to 24,None,,East,"Automobile, Station Wagon",Going Ahead,Driving Properly,Normal,,,,,,,Yes,,Yes,,,,,,,,,,,142,Woburn North,137,Woburn (137),D43,642297.1555,4848561.9635
9026,7543731,1337921,12/2/2012 10:00:00 AM,1347,ELLESMERE RD,MARKHAM RD,,Major Arterial,Scarborough,43.776445,-79.23179,At Intersection,Traffic Signal,Rain,Daylight,Wet,Non-Fatal Injury,Pedestrian Collisions,Pedestrian,45 to 49,Major,,North,Other,,,,Vehicle is going straight thru inter.while ped cross without ROW,Crossing without right of way,Inattentive,,,,Yes,,Yes,,,,,,,,,,,142,Woburn North,137,Woburn (137),D43,642297.1555,4848561.9635
9027,7525935,1337045,12/2/2012 10:00:00 AM,1603,EGLINTON AVE E,DON VALLEY PARKWAY  N,,Major Arterial,North York,43.723145,-79.33009,,No Control,Rain,"Dark, artificial",Wet,Non-Fatal Injury,SMV Other,Passenger,5 to 9,Minor,,,Other,,,,,,,,,,,,Yes,,,,,Yes,Yes,Yes,,,,44,Flemingdon Park,44,Flemingdon Park (44),D55,634505.6954,4842477.9384
9028,7525936,1337045,12/2/2012 10:00:00 AM,1603,EGLINTON AVE E,DON VALLEY PARKWAY  N,,Major Arterial,North York,43.723145,-79.33009,,No Control,Rain,"Dark, artificial",Wet,Non-Fatal Injury,SMV Other,Passenger,5 to 9,Minor,,,Other,,,,,,,,,,,,Yes,,,,,Yes,Yes,Yes,,,,44,Flemingdon Park,44,Flemingdon Park (44),D55,634505.6954,4842477.9384
9029,7525937,1337045,12/2/2012 10:00:00 AM,1603,EGLINTON AVE E,DON VALLEY PARKWAY  N,,Major Arterial,North York,43.723145,-79.33009,,No Control,Rain,"Dark, artificial",Wet,Non-Fatal Injury,SMV Other,Passenger,10 to 14,Major,,,Other,,,,,,,,,,,,Yes,,,,,Yes,Yes,Yes,,,,44,Flemingdon Park,44,Flemingdon Park (44),D55,634505.6954,4842477.9384
9030,7525938,1337045,12/2/2012 10:00:00 AM,1603,EGLINTON AVE E,DON VALLEY PARKWAY  N,,Major Arterial,North York,43.723145,-79.33009,,No Control,Rain,"Dark, artificial",Wet,Non-Fatal Injury,SMV Other,Passenger,40 to 44,Minimal,,,Other,,,,,,,,,,,,Yes,,,,,Yes,Yes,Yes,,,,44,Flemingdon Park,44,Flemingdon Park (44),D55,634505.6954,4842477.9384
9031,7525939,1337045,12/2/2012 10:00:00 AM,1603,EGLINTON AVE E,DON VALLEY PARKWAY  N,,Major Arterial,North York,43.723145,-79.33009,,No Control,Rain,"Dark, artificial",Wet,Non-Fatal Injury,SMV Other,Driver,50 to 54,Major,,South,"Automobile, Station Wagon",Turning Right,Speed too Fast For Condition,Inattentive,,,,,,,,,Yes,,,,,Yes,Yes,Yes,,,,44,Flemingdon Park,44,Flemingdon Park (44),D55,634505.6954,4842477.9384
9032,7525940,1337045,12/2/2012 10:00:00 AM,1603,EGLINTON AVE E,DON VALLEY PARKWAY  N,,Major Arterial,North York,43.723145,-79.33009,,No Control,Rain,"Dark, artificial",Wet,Non-Fatal Injury,SMV Other,Other Property Owner,unknown,,,,Other,,,,,,,,,,,,Yes,,,,,Yes,Yes,Yes,,,,44,Flemingdon Park,44,Flemingdon Park (44),D55,634505.6954,4842477.9384
9033,7516494,1328809,12/2/2012 10:00:00 AM,1745,BRIMLEY RD,SHEPPARD AVE E,,Major Arterial,Scarborough,43.787545,-79.26829,At Intersection,Traffic Signal,"Fog, Mist, Smoke, Dust","Dark, artificial",Wet,Non-Fatal Injury,Pedestrian Collisions,Driver,70 to 74,None,,West,"Automobile, Station Wagon",Turning Right,Failed to Yield Right of Way,Unknown,,,,,,,Yes,,Yes,,,,,,,Yes,,,,128,Agincourt South-Malvern West,128,Agincourt South-Malvern West (128),D42,639333.9854,4849732.705
9034,7516495,1328809,12/2/2012 10:00:00 AM,1745,BRIMLEY RD,SHEPPARD AVE E,,Major Arterial,Scarborough,43.787545,-79.26829,At Intersection,Traffic Signal,"Fog, Mist, Smoke, Dust","Dark, artificial",Wet,Non-Fatal Injury,Pedestrian Collisions,Pedestrian,75 to 79,Major,,West,Other,,,,Vehicle turns right while ped crosses with ROW at inter.,Crossing with right of way,Normal,,,,Yes,,Yes,,,,,,,Yes,,,,128,Agincourt South-Malvern West,128,Agincourt South-Malvern West (128),D42,639333.9854,4849732.705
9035,7531313,1336620,12/3/2012 10:00:00 AM,650,VICTORIA PARK AVE,LAWRENCE AVE E,,Major Arterial,North York,43.742145,-79.30979,At Intersection,Traffic Signal,Clear,"Dawn, artificial",Dry,Non-Fatal Injury,Pedestrian Collisions,Driver,40 to 44,None,,North,"Automobile, Station Wagon",Turning Left,Improper Turn,Unknown,,,,,,,Yes,,Yes,,,,,,,,,,,119,Wexford/Maryvale,119,Wexford/Maryvale (119),D41,636097.7645,4844621.3176
9036,7531314,1336620,12/3/2012 10:00:00 AM,650,VICTORIA PARK AVE,LAWRENCE AVE E,,Major Arterial,North York,43.742145,-79.30979,At Intersection,Traffic Signal,Clear,"Dawn, artificial",Dry,Non-Fatal Injury,Pedestrian Collisions,Driver,20 to 24,Minor,,South,"Automobile, Station Wagon",Going Ahead,Driving Properly,Normal,,,,,,,Yes,,Yes,,,,,,,,,,,119,Wexford/Maryvale,119,Wexford/Maryvale (119),D41,636097.7645,4844621.3176
9037,7531315,1336620,12/3/2012 10:00:00 AM,650,VICTORIA PARK AVE,LAWRENCE AVE E,,Major Arterial,North York,43.742145,-79.30979,At Intersection,Traffic Signal,Clear,"Dawn, artificial",Dry,Non-Fatal Injury,Pedestrian Collisions,Pedestrian,15 to 19,Major,,South,Other,,,,Pedestrian hit on sidewalk or shoulder,On Sidewalk or Shoulder,Normal,,,,Yes,,Yes,,,,,,,,,,,119,Wexford/Maryvale,119,Wexford/Maryvale (119),D41,636097.7645,4844621.3176
9038,7516538,1329059,12/3/2012 10:00:00 AM,1507,ELM RD,FAIRLAWN AVE,,Collector,North York,43.728645,-79.41439,At Intersection,Stop Sign,Clear,Daylight,Dry,Fatal,Pedestrian Collisions,Driver,85 to 89,None,,South,"Automobile, Station Wagon",Going Ahead,Failed to Yield Right of Way,Inattentive,,,,,,,Yes,,Yes,,,,,,,Yes,,,,105,Lawrence Park North,105,Lawrence Park North (105),D32,627703.8562,4842955.4245
9039,7516539,1329059,12/3/2012 10:00:00 AM,1507,ELM RD,FAIRLAWN AVE,,Collector,North York,43.728645,-79.41439,At Intersection,Stop Sign,Clear,Daylight,Dry,Fatal,Pedestrian Collisions,Pedestrian,85 to 89,Fatal,41,East,Other,,,,Vehicle is going straight thru inter.while ped cross with ROW,Crossing with right of way,Normal,,,,Yes,,Yes,,,,,,,Yes,,,,105,Lawrence Park North,105,Lawrence Park North (105),D32,627703.8562,4842955.4245
9040,7529827,1329416,12/4/2012 10:00:00 AM,1810,SHORNCLIFFE RD,BRAMSHOTT RD,,Minor Arterial,Etobicoke York,43.627045,-79.54259,At Intersection,No Control,Clear,"Dark, artificial",Wet,Non-Fatal Injury,Pedestrian Collisions,Driver,45 to 49,None,,South,"Automobile, Station Wagon",Going Ahead,Driving Properly,Normal,,,,,,,Yes,,Yes,,,,,,,,,,,159,Etobicoke City Centre,14,Islington-City Centre West (14),D22,617576.905,4831481.8257
9041,7529828,1329416,12/4/2012 10:00:00 AM,1810,SHORNCLIFFE RD,BRAMSHOTT RD,,Minor Arterial,Etobicoke York,43.627045,-79.54259,At Intersection,No Control,Clear,"Dark, artificial",Wet,Non-Fatal Injury,Pedestrian Collisions,Pedestrian,55 to 59,Major,,West,Other,,,,Vehicle is going straight thru inter.while ped cross without ROW,"Crossing, no Traffic Control",Unknown,,,,Yes,,Yes,,,,,,,,,,,159,Etobicoke City Centre,14,Islington-City Centre West (14),D22,617576.905,4831481.8257
9042,7560856,1338034,12/6/2012 10:00:00 AM,50,DUNDAS ST W,PALMERSTON AVE,,Major Arterial,Toronto and East York,43.651845,-79.40829,,No Control,Clear,Dark,Dry,Non-Fatal Injury,Pedestrian Collisions,Driver,25 to 29,None,,West,"Automobile, Station Wagon",Going Ahead,Driving Properly,Inattentive,,,,,,,Yes,,Yes,,,,,,,,,,,81,Trinity-Bellwoods,81,Trinity-Bellwoods (81),D14,628358.8747,4834435.1462
9043,7560857,1338034,12/6/2012 10:00:00 AM,50,DUNDAS ST W,PALMERSTON AVE,,Major Arterial,Toronto and East York,43.651845,-79.40829,,No Control,Clear,Dark,Dry,Non-Fatal Injury,Pedestrian Collisions,Pedestrian,35 to 39,Major,,South,Other,,,,Pedestrian hit at mid-block,"Crossing, no Traffic Control",Had Been Drinking,,,,Yes,,Yes,,,,,,,,,,,81,Trinity-Bellwoods,81,Trinity-Bellwoods (81),D14,628358.8747,4834435.1462
9044,7533584,1338584,12/7/2012 10:00:00 AM,1510,ELLESMERE RD,MARKHAM RD,,Major Arterial,Scarborough,43.776007,-79.233508,At Intersection,No Control,Rain,Daylight,Wet,Non-Fatal Injury,Rear End,Passenger,50 to 54,Major,,,Other,,,,,,,,,,,,Yes,,,,,Yes,Yes,Yes,,,,142,Woburn North,137,Woburn (137),D43,642159.9353,4848510.3653
9045,7533585,1338584,12/7/2012 10:00:00 AM,1510,ELLESMERE RD,MARKHAM RD,,Major Arterial,Scarborough,43.776007,-79.233508,At Intersection,No Control,Rain,Daylight,Wet,Non-Fatal Injury,Rear End,Passenger,50 to 54,Minor,,,Other,,,,,,,,,,,,Yes,,,,,Yes,Yes,Yes,,,,142,Woburn North,137,Woburn (137),D43,642159.9353,4848510.3653
9046,7533586,1338584,12/7/2012 10:00:00 AM,1510,ELLESMERE RD,MARKHAM RD,,Major Arterial,Scarborough,43.776007,-79.233508,At Intersection,No Control,Rain,Daylight,Wet,Non-Fatal Injury,Rear End,Vehicle Owner,unknown,,,,Other,,,,,,,,,,,,Yes,,,,,Yes,Yes,Yes,,,,142,Woburn North,137,Woburn (137),D43,642159.9353,4848510.3653
9047,7533587,1338584,12/7/2012 10:00:00 AM,1510,ELLESMERE RD,MARKHAM RD,,Major Arterial,Scarborough,43.776007,-79.233508,At Intersection,No Control,Rain,Daylight,Wet,Non-Fatal Injury,Rear End,Driver,45 to 49,None,,East,"Automobile, Station Wagon",Going Ahead,Speed too Fast For Condition,Normal,,,,,,,,,Yes,,,,,Yes,Yes,Yes,,,,142,Woburn North,137,Woburn (137),D43,642159.9353,4848510.3653
9048,7533588,1338584,12/7/2012 10:00:00 AM,1510,ELLESMERE RD,MARKHAM RD,,Major Arterial,Scarborough,43.776007,-79.233508,At Intersection,No Control,Rain,Daylight,Wet,Non-Fatal Injury,Rear End,Driver,70 to 74,None,,East,"Automobile, Station Wagon",Stopped,Driving Properly,Normal,,,,,,,,,Yes,,,,,Yes,Yes,Yes,,,,142,Woburn North,137,Woburn (137),D43,642159.9353,4848510.3653
9049,7533589,1338584,12/7/2012 10:00:00 AM,1510,ELLESMERE RD,MARKHAM RD,,Major Arterial,Scarborough,43.776007,-79.233508,At Intersection,No Control,Rain,Daylight,Wet,Non-Fatal Injury,Rear End,Vehicle Owner,unknown,,,,Other,,,,,,,,,,,,Yes,,,,,Yes,Yes,Yes,,,,142,Woburn North,137,Woburn (137),D43,642159.9353,4848510.3653
9050,7533590,1338584,12/7/2012 10:00:00 AM,1510,ELLESMERE RD,MARKHAM RD,,Major Arterial,Scarborough,43.776007,-79.233508,At Intersection,No Control,Rain,Daylight,Wet,Non-Fatal Injury,Rear End,Driver,35 to 39,Minor,,East,"Automobile, Station Wagon",Stopped,Driving Properly,Normal,,,,,,,,,Yes,,,,,Yes,Yes,Yes,,,,142,Woburn North,137,Woburn (137),D43,642159.9353,4848510.3653
9051,7533591,1338584,12/7/2012 10:00:00 AM,1510,ELLESMERE RD,MARKHAM RD,,Major Arterial,Scarborough,43.776007,-79.233508,At Intersection,No Control,Rain,Daylight,Wet,Non-Fatal Injury,Rear End,Driver,60 to 64,Minor,,East,"Automobile, Station Wagon",Stopped,Driving Properly,Normal,,,,,,,,,Yes,,,,,Yes,Yes,Yes,,,,142,Woburn North,137,Woburn (137),D43,642159.9353,4848510.3653
9052,7533263,1338446,12/7/2012 10:00:00 AM,1819,ISLINGTON AVE,DUNDAS ST W,,Major Arterial,Etobicoke York,43.651345,-79.52639,At Intersection,Traffic Signal,Rain,"Dark, artificial",Wet,Non-Fatal Injury,Pedestrian Collisions,Driver,35 to 39,None,,North,"Automobile, Station Wagon",Turning Right,Failed to Yield Right of Way,Normal,,,,,,,Yes,,Yes,,,,,,,Yes,,,,15,Kingsway South,15,Kingsway South (15),D22,618835.9421,4834203.7154
9053,7533264,1338446,12/7/2012 10:00:00 AM,1819,ISLINGTON AVE,DUNDAS ST W,,Major Arterial,Etobicoke York,43.651345,-79.52639,At Intersection,Traffic Signal,Rain,"Dark, artificial",Wet,Non-Fatal Injury,Pedestrian Collisions,Pedestrian,20 to 24,Major,,East,Other,,,,Vehicle turns right while ped crosses with ROW at inter.,Crossing with right of way,Normal,,,,Yes,,Yes,,,,,,,Yes,,,,15,Kingsway South,15,Kingsway South (15),D22,618835.9421,4834203.7154
9054,7533440,1338518,12/8/2012 10:00:00 AM,420,730 ROYAL YORK RD,,,Minor Arterial,Etobicoke York,43.634745,-79.50609,,No Control,Clear,"Dark, artificial",Dry,Non-Fatal Injury,SMV Other,Driver,25 to 29,Major,,South,"Automobile, Station Wagon",Going Ahead,Other,Fatigue,,,,,,,,,Yes,,,,,,,,,,,16,Stonegate-Queensway,16,Stonegate-Queensway (16),D22,620506.1874,4832389.345
9055,7543878,1338579,12/9/2012 10:00:00 AM,1644,YONGE ST,LAKE SHORE BLVD E,,Major Arterial,Toronto and East York,43.644267,-79.375842,At Intersection,Traffic Signal,Rain,"Dark, artificial",Wet,Non-Fatal Injury,Angle,Vehicle Owner,unknown,,,,Other,,,,,,,,,,,,Yes,,,,,Yes,,Yes,Yes,,,166,St Lawrence-East Bayfront-The Islands,77,Waterfront Communities-The Island (77),D51,630992.0496,4833644.2134
9056,7543879,1338579,12/9/2012 10:00:00 AM,1644,YONGE ST,LAKE SHORE BLVD E,,Major Arterial,Toronto and East York,43.644267,-79.375842,At Intersection,Traffic Signal,Rain,"Dark, artificial",Wet,Non-Fatal Injury,Angle,Driver,35 to 39,Major,,West,"Automobile, Station Wagon",Going Ahead,Driving Properly,Normal,,,,,,,,,Yes,,,,,Yes,,Yes,Yes,,,166,St Lawrence-East Bayfront-The Islands,77,Waterfront Communities-The Island (77),D51,630992.0496,4833644.2134
9057,7543880,1338579,12/9/2012 10:00:00 AM,1644,YONGE ST,LAKE SHORE BLVD E,,Major Arterial,Toronto and East York,43.644267,-79.375842,At Intersection,Traffic Signal,Rain,"Dark, artificial",Wet,Non-Fatal Injury,Angle,Passenger,0 to 4,Minimal,,,Other,,,,,,,,,,,,Yes,,,,,Yes,,Yes,Yes,,,166,St Lawrence-East Bayfront-The Islands,77,Waterfront Communities-The Island (77),D51,630992.0496,4833644.2134
9058,7543881,1338579,12/9/2012 10:00:00 AM,1644,YONGE ST,LAKE SHORE BLVD E,,Major Arterial,Toronto and East York,43.644267,-79.375842,At Intersection,Traffic Signal,Rain,"Dark, artificial",Wet,Non-Fatal Injury,Angle,Driver,45 to 49,Minor,,West,"Automobile, Station Wagon",Going Ahead,Driving Properly,Normal,,,,,,,,,Yes,,,,,Yes,,Yes,Yes,,,166,St Lawrence-East Bayfront-The Islands,77,Waterfront Communities-The Island (77),D51,630992.0496,4833644.2134
9059,7543882,1338579,12/9/2012 10:00:00 AM,1644,YONGE ST,LAKE SHORE BLVD E,,Major Arterial,Toronto and East York,43.644267,-79.375842,At Intersection,Traffic Signal,Rain,"Dark, artificial",Wet,Non-Fatal Injury,Angle,Driver,65 to 69,None,,South,"Automobile, Station Wagon",Going Ahead,Disobeyed Traffic Control,Normal,,,,,,,,,Yes,,,,,Yes,,Yes,Yes,,,166,St Lawrence-East Bayfront-The Islands,77,Waterfront Communities-The Island (77),D51,630992.0496,4833644.2134
9060,7543029,1331941,12/9/2012 10:00:00 AM,1715,UNIVERSITY AVE,ELM ST,,Major Arterial,Toronto and East York,43.656336,-79.388957,At Intersection,Traffic Signal,Clear,"Dark, artificial",Dry,Non-Fatal Injury,Sideswipe,Driver,30 to 34,Major,,South,"Automobile, Station Wagon",Stopped,Driving Properly,Normal,,,,,,,,,Yes,,,,,,,,,,,170,Yonge-Bay Corridor,76,Bay Street Corridor (76),D52,629908.2611,4834964.0173
9061,7543030,1331941,12/9/2012 10:00:00 AM,1715,UNIVERSITY AVE,ELM ST,,Major Arterial,Toronto and East York,43.656336,-79.388957,At Intersection,Traffic Signal,Clear,"Dark, artificial",Dry,Non-Fatal Injury,Sideswipe,Vehicle Owner,unknown,,,,Other,,,,,,,,,,,,Yes,,,,,,,,,,,170,Yonge-Bay Corridor,76,Bay Street Corridor (76),D52,629908.2611,4834964.0173
9062,7543031,1331941,12/9/2012 10:00:00 AM,1715,UNIVERSITY AVE,ELM ST,,Major Arterial,Toronto and East York,43.656336,-79.388957,At Intersection,Traffic Signal,Clear,"Dark, artificial",Dry,Non-Fatal Injury,Sideswipe,Driver,unknown,None,,South,"Automobile, Station Wagon",Slowing or Stopping,Lost control,Unknown,,,,,,,,,Yes,,,,,,,,,,,170,Yonge-Bay Corridor,76,Bay Street Corridor (76),D52,629908.2611,4834964.0173
9063,7543032,1331941,12/9/2012 10:00:00 AM,1715,UNIVERSITY AVE,ELM ST,,Major Arterial,Toronto and East York,43.656336,-79.388957,At Intersection,Traffic Signal,Clear,"Dark, artificial",Dry,Non-Fatal Injury,Sideswipe,Driver,30 to 34,None,,South,"Automobile, Station Wagon",Stopped,Driving Properly,Normal,,,,,,,,,Yes,,,,,,,,,,,170,Yonge-Bay Corridor,76,Bay Street Corridor (76),D52,629908.2611,4834964.0173
9064,7533648,1338611,12/9/2012 10:00:00 AM,1900,WOODFIELD RD,FAIRFORD AVE,,Collector,Toronto and East York,43.674045,-79.32489,At Intersection,Stop Sign,Freezing Rain,"Dark, artificial",Wet,Non-Fatal Injury,Pedestrian Collisions,Driver,20 to 24,None,,South,"Automobile, Station Wagon",Turning Left,Failed to Yield Right of Way,Normal,,,,,,,Yes,,Yes,,,,,,,Yes,,,,65,Greenwood-Coxwell,65,Greenwood-Coxwell (65),D55,635034.7201,4837033.1427
9065,7533649,1338611,12/9/2012 10:00:00 AM,1900,WOODFIELD RD,FAIRFORD AVE,,Collector,Toronto and East York,43.674045,-79.32489,At Intersection,Stop Sign,Freezing Rain,"Dark, artificial",Wet,Non-Fatal Injury,Pedestrian Collisions,Pedestrian,25 to 29,Major,,South,Other,,,,Vehicle turns left while ped crosses with ROW at inter.,Crossing with right of way,Normal,,,,Yes,,Yes,,,,,,,Yes,,,,65,Greenwood-Coxwell,65,Greenwood-Coxwell (65),D55,635034.7201,4837033.1427
9066,7543974,1338878,12/10/2012 10:00:00 AM,611,DON MILLS RD,HAVENBROOK BLVD,,Major Arterial,North York,43.769545,-79.34649,At Intersection,Traffic Signal,Rain,Dark,Wet,Non-Fatal Injury,Pedestrian Collisions,Driver,40 to 44,None,,East,"Automobile, Station Wagon",Turning Right,Failed to Yield Right of Way,Inattentive,,,,,,,Yes,,Yes,,,,,,,Yes,,,,53,Henry Farm,53,Henry Farm (53),D33,633081.85,4847604.8637
9067,7543975,1338878,12/10/2012 10:00:00 AM,611,DON MILLS RD,HAVENBROOK BLVD,,Major Arterial,North York,43.769545,-79.34649,At Intersection,Traffic Signal,Rain,Dark,Wet,Non-Fatal Injury,Pedestrian Collisions,Pedestrian,30 to 34,Major,,East,Other,,,,Vehicle turns right while ped crosses with ROW at inter.,Crossing with right of way,Normal,,,,Yes,,Yes,,,,,,,Yes,,,,53,Henry Farm,53,Henry Farm (53),D33,633081.85,4847604.8637