OBJECTID,INDEX,ACCNUM,DATE,TIME,STREET1,STREET2,OFFSET,ROAD_CLASS,DISTRICT,LATITUDE,LONGITUDE,ACCLOC,TRAFFCTL,VISIBILITY,LIGHT,RDSFCOND,ACCLASS,IMPACTYPE,INVTYPE,INVAGE,INJURY,FATAL_NO,INITDIR,VEHTYPE,MANOEUVER,DRIVACT,DRIVCOND,PEDTYPE,PEDACT,PEDCOND,CYCLISTYPE,CYCACT,CYCCOND,PEDESTRIAN,CYCLIST,AUTOMOBILE,MOTORCYCLE,TRUCK,TRSN_CITY_VEH,EMERG_VEH,PASSENGER,SPEEDING,AG_DRIV,REDLIGHT,ALCOHOL,DISABILITY,HOOD_158,NEIGHBOURHOOD_158,HOOD_140,NEIGHBOURHOOD_140,DIVISION,x,y
9068,7543976,1338879,12/10/2012 10:00:00 AM,704,KING St E,PRINCESS St,,Major Arterial,Toronto and East York,43.651538,-79.367038,At Intersection,No Control,Rain,Dark,Wet,Non-Fatal Injury,Turning Movement,Motorcycle Driver,30 to 34,Major,,West,Motorcycle,Going Ahead,Driving Properly,Normal,,,,,,,,,Yes,Yes,,,,,,Yes,,,,73,Moss Park,73,Moss Park (73),D51,631686.23,4834465.6868
9069,7543977,1338879,12/10/2012 10:00:00 AM,704,KING St E,PRINCESS St,,Major Arterial,Toronto and East York,43.651538,-79.367038,At Intersection,No Control,Rain,Dark,Wet,Non-Fatal Injury,Turning Movement,Vehicle Owner,unknown,,,,Other,,,,,,,,,,,,Yes,Yes,,,,,,Yes,,,,73,Moss Park,73,Moss Park (73),D51,631686.23,4834465.6868
9070,7543978,1338879,12/10/2012 10:00:00 AM,704,KING St E,PRINCESS St,,Major Arterial,Toronto and East York,43.651538,-79.367038,At Intersection,No Control,Rain,Dark,Wet,Non-Fatal Injury,Turning Movement,Driver,55 to 59,None,,West,"Automobile, Station Wagon",Making U Turn,Failed to Yield Right of Way,Inattentive,,,,,,,,,Yes,Yes,,,,,,Yes,,,,73,Moss Park,73,Moss Park (73),D51,631686.23,4834465.6868
9071,7517106,1330905,12/10/2012 10:00:00 AM,713,KENNEDY RD,MERRIAN RD,,Major Arterial,Scarborough,43.727445,-79.26589,,Traffic Signal,Rain,"Dark, artificial",Wet,Non-Fatal Injury,Pedestrian Collisions,Driver,25 to 29,None,,East,"Automobile, Station Wagon",Turning Left,Failed to Yield Right of Way,Normal,,,,,,,Yes,,Yes,,,,,,,Yes,,,,124,Kennedy Park,124,Kennedy Park (124),D41,639666.8577,4843061.7213
9072,7517107,1330905,12/10/2012 10:00:00 AM,713,KENNEDY RD,MERRIAN RD,,Major Arterial,Scarborough,43.727445,-79.26589,,Traffic Signal,Rain,"Dark, artificial",Wet,Non-Fatal Injury,Pedestrian Collisions,Pedestrian,80 to 84,Major,,West,Other,,,,Vehicle turns left while ped crosses with ROW at inter.,Crossing with right of way,Normal,,,,Yes,,Yes,,,,,,,Yes,,,,124,Kennedy Park,124,Kennedy Park (124),D41,639666.8577,4843061.7213
9073,7533802,1338693,12/10/2012 10:00:00 AM,723,SEWELLS RD,MORNINGSIDE AVE,,Minor Arterial,Scarborough,43.81626,-79.211139,At Intersection,Traffic Signal,Rain,"Dusk, artificial",Wet,Non-Fatal Injury,Pedestrian Collisions,Vehicle Owner,unknown,,,,,,,,,,,,,,Yes,,Yes,,,,,,,Yes,,,,146,Malvern East,132,Malvern (132),D42,643863.485,4853019.7653
9074,7533803,1338693,12/10/2012 10:00:00 AM,723,SEWELLS RD,MORNINGSIDE AVE,,Minor Arterial,Scarborough,43.81626,-79.211139,At Intersection,Traffic Signal,Rain,"Dusk, artificial",Wet,Non-Fatal Injury,Pedestrian Collisions,Driver,55 to 59,None,,North,"Automobile, Station Wagon",Turning Right,Failed to Yield Right of Way,Unknown,,,,,,,Yes,,Yes,,,,,,,Yes,,,,146,Malvern East,132,Malvern (132),D42,643863.485,4853019.7653
9075,7533804,1338693,12/10/2012 10:00:00 AM,723,SEWELLS RD,MORNINGSIDE AVE,,Minor Arterial,Scarborough,43.81626,-79.211139,At Intersection,Traffic Signal,Rain,"Dusk, artificial",Wet,Non-Fatal Injury,Pedestrian Collisions,Pedestrian,75 to 79,Major,,North,Other,,,,Vehicle turns right while ped crosses with ROW at inter.,Crossing with right of way,Normal,,,,Yes,,Yes,,,,,,,Yes,,,,146,Malvern East,132,Malvern (132),D42,643863.485,4853019.7653
9076,7529960,1330477,12/10/2012 10:00:00 AM,2025,BRIMLEY RD,ST ANDREWS RD,,Major Arterial,Scarborough,43.762845,-79.25859,,No Control,Clear,"Dark, artificial",Dry,Non-Fatal Injury,SMV Other,Passenger,20 to 24,Major,,,Other,,,,,,,,,,,,Yes,,,,,Yes,,,,,,156,Bendale-Glen Andrew,127,Bendale (127),D43,640172.1613,4847005.7572
9077,7529961,1330477,12/10/2012 10:00:00 AM,2025,BRIMLEY RD,ST ANDREWS RD,,Major Arterial,Scarborough,43.762845,-79.25859,,No Control,Clear,"Dark, artificial",Dry,Non-Fatal Injury,SMV Other,Passenger,20 to 24,Minor,,,Other,,,,,,,,,,,,Yes,,,,,Yes,,,,,,156,Bendale-Glen Andrew,127,Bendale (127),D43,640172.1613,4847005.7572
9078,7529962,1330477,12/10/2012 10:00:00 AM,2025,BRIMLEY RD,ST ANDREWS RD,,Major Arterial,Scarborough,43.762845,-79.25859,,No Control,Clear,"Dark, artificial",Dry,Non-Fatal Injury,SMV Other,Vehicle Owner,unknown,,,,Other,,,,,,,,,,,,Yes,,,,,Yes,,,,,,156,Bendale-Glen Andrew,127,Bendale (127),D43,640172.1613,4847005.7572
9079,7529963,1330477,12/10/2012 10:00:00 AM,2025,BRIMLEY RD,ST ANDREWS RD,,Major Arterial,Scarborough,43.762845,-79.25859,,No Control,Clear,"Dark, artificial",Dry,Non-Fatal Injury,SMV Other,Driver,20 to 24,Minor,,North,"Automobile, Station Wagon",Going Ahead,Lost control,Normal,,,,,,,,,Yes,,,,,Yes,,,,,,156,Bendale-Glen Andrew,127,Bendale (127),D43,640172.1613,4847005.7572
9080,7529964,1330477,12/10/2012 10:00:00 AM,2025,BRIMLEY RD,ST ANDREWS RD,,Major Arterial,Scarborough,43.762845,-79.25859,,No Control,Clear,"Dark, artificial",Dry,Non-Fatal Injury,SMV Other,Other Property Owner,unknown,,,,Other,,,,,,,,,,,,Yes,,,,,Yes,,,,,,156,Bendale-Glen Andrew,127,Bendale (127),D43,640172.1613,4847005.7572
9081,7534592,1339123,12/11/2012 10:00:00 AM,535,LAKE SHORE BLVD W,YORK ST,,Major Arterial,Toronto and East York,43.641445,-79.38089,At Intersection,Traffic Signal,Clear,Dark,Dry,Non-Fatal Injury,Pedestrian Collisions,Driver,35 to 39,None,,West,"Automobile, Station Wagon",Turning Left,Failed to Yield Right of Way,Inattentive,,,,,,,Yes,,Yes,,,,,,,Yes,,,,165,Harbourfront-CityPlace,77,Waterfront Communities-The Island (77),D52,630591.0268,4833322.8385
9082,7534593,1339123,12/11/2012 10:00:00 AM,535,LAKE SHORE BLVD W,YORK ST,,Major Arterial,Toronto and East York,43.641445,-79.38089,At Intersection,Traffic Signal,Clear,Dark,Dry,Non-Fatal Injury,Pedestrian Collisions,Pedestrian,45 to 49,Major,,East,Other,,,,Vehicle turns left while ped crosses with ROW at inter.,Crossing with right of way,Normal,,,,Yes,,Yes,,,,,,,Yes,,,,165,Harbourfront-CityPlace,77,Waterfront Communities-The Island (77),D52,630591.0268,4833322.8385
9083,7534734,1339179,12/12/2012 10:00:00 AM,611,PARLIAMENT ST,KING ST E,,Major Arterial,Toronto and East York,43.65272,-79.363239,At Intersection,Traffic Signal,Clear,Dark,Dry,Non-Fatal Injury,Angle,Driver,55 to 59,None,,South,"Automobile, Station Wagon",Going Ahead,Disobeyed Traffic Control,Inattentive,,,,,,,,,Yes,,,,,,Yes,Yes,Yes,,,73,Moss Park,73,Moss Park (73),D51,631990.005,4834602.9993
9084,7534735,1339179,12/12/2012 10:00:00 AM,611,PARLIAMENT ST,KING ST E,,Major Arterial,Toronto and East York,43.65272,-79.363239,At Intersection,Traffic Signal,Clear,Dark,Dry,Non-Fatal Injury,Angle,Vehicle Owner,unknown,,,,Other,,,,,,,,,,,,Yes,,,,,,Yes,Yes,Yes,,,73,Moss Park,73,Moss Park (73),D51,631990.005,4834602.9993
9085,7534736,1339179,12/12/2012 10:00:00 AM,611,PARLIAMENT ST,KING ST E,,Major Arterial,Toronto and East York,43.65272,-79.363239,At Intersection,Traffic Signal,Clear,Dark,Dry,Non-Fatal Injury,Angle,Driver,45 to 49,None,,North,"Automobile, Station Wagon",Stopped,Driving Properly,Normal,,,,,,,,,Yes,,,,,,Yes,Yes,Yes,,,73,Moss Park,73,Moss Park (73),D51,631990.005,4834602.9993
9086,7534737,1339179,12/12/2012 10:00:00 AM,611,PARLIAMENT ST,KING ST E,,Major Arterial,Toronto and East York,43.65272,-79.363239,At Intersection,Traffic Signal,Clear,Dark,Dry,Non-Fatal Injury,Angle,Vehicle Owner,unknown,,,,Other,,,,,,,,,,,,Yes,,,,,,Yes,Yes,Yes,,,73,Moss Park,73,Moss Park (73),D51,631990.005,4834602.9993
9087,7534738,1339179,12/12/2012 10:00:00 AM,611,PARLIAMENT ST,KING ST E,,Major Arterial,Toronto and East York,43.65272,-79.363239,At Intersection,Traffic Signal,Clear,Dark,Dry,Non-Fatal Injury,Angle,Driver,40 to 44,Major,,East,"Automobile, Station Wagon",Going Ahead,Driving Properly,Normal,,,,,,,,,Yes,,,,,,Yes,Yes,Yes,,,73,Moss Park,73,Moss Park (73),D51,631990.005,4834602.9993
9088,7534739,1339179,12/12/2012 10:00:00 AM,611,PARLIAMENT ST,KING ST E,,Major Arterial,Toronto and East York,43.65272,-79.363239,At Intersection,Traffic Signal,Clear,Dark,Dry,Non-Fatal Injury,Angle,Vehicle Owner,unknown,,,,Other,,,,,,,,,,,,Yes,,,,,,Yes,Yes,Yes,,,73,Moss Park,73,Moss Park (73),D51,631990.005,4834602.9993
9089,7534740,1339179,12/12/2012 10:00:00 AM,611,PARLIAMENT ST,KING ST E,,Major Arterial,Toronto and East York,43.65272,-79.363239,At Intersection,Traffic Signal,Clear,Dark,Dry,Non-Fatal Injury,Angle,Driver,40 to 44,None,,North,"Automobile, Station Wagon",Stopped,Driving Properly,Normal,,,,,,,,,Yes,,,,,,Yes,Yes,Yes,,,73,Moss Park,73,Moss Park (73),D51,631990.005,4834602.9993
9090,7534656,1339150,12/12/2012 10:00:00 AM,1335,2800 STEELES AVE W,,,Major Arterial,Etobicoke York,43.773845,-79.52919,,No Control,"Fog, Mist, Smoke, Dust",Daylight,Dry,Non-Fatal Injury,Approaching,Vehicle Owner,unknown,,,,Other,,,,,,,,,,,,Yes,,Yes,,,,,,,,,NSA,NSA,NSA,NSA,D31,618368.7379,4847805.0343
9091,7534657,1339150,12/12/2012 10:00:00 AM,1335,2800 STEELES AVE W,,,Major Arterial,Etobicoke York,43.773845,-79.52919,,No Control,"Fog, Mist, Smoke, Dust",Daylight,Dry,Non-Fatal Injury,Approaching,Truck Driver,45 to 49,None,,West,Truck - Open,Going Ahead,Driving Properly,Normal,,,,,,,,,Yes,,Yes,,,,,,,,,NSA,NSA,NSA,NSA,D31,618368.7379,4847805.0343
9092,7534658,1339150,12/12/2012 10:00:00 AM,1335,2800 STEELES AVE W,,,Major Arterial,Etobicoke York,43.773845,-79.52919,,No Control,"Fog, Mist, Smoke, Dust",Daylight,Dry,Non-Fatal Injury,Approaching,Driver,60 to 64,Major,,East,"Automobile, Station Wagon",Going Ahead,Lost control,Inattentive,,,,,,,,,Yes,,Yes,,,,,,,,,NSA,NSA,NSA,NSA,D31,618368.7379,4847805.0343
9093,7534659,1339150,12/12/2012 10:00:00 AM,1335,2800 STEELES AVE W,,,Major Arterial,Etobicoke York,43.773845,-79.52919,,No Control,"Fog, Mist, Smoke, Dust",Daylight,Dry,Non-Fatal Injury,Approaching,Vehicle Owner,unknown,,,,Other,,,,,,,,,,,,Yes,,Yes,,,,,,,,,NSA,NSA,NSA,NSA,D31,618368.7379,4847805.0343
9094,7535652,1339683,12/14/2012 10:00:00 AM,1204,BAY ST,HAYTER ST,,Major Arterial,Toronto and East York,43.659745,-79.38539,,No Control,Clear,Daylight,Dry,Non-Fatal Injury,Pedestrian Collisions,Vehicle Owner,unknown,,,,Other,,,,,,,,,,Yes,,Yes,,,,,,,,,,,170,Yonge-Bay Corridor,76,Bay Street Corridor (76),D52,630188.5256,4835348.2227
9095,7535653,1339683,12/14/2012 10:00:00 AM,1204,BAY ST,HAYTER ST,,Major Arterial,Toronto and East York,43.659745,-79.38539,,No Control,Clear,Daylight,Dry,Non-Fatal Injury,Pedestrian Collisions,Driver,45 to 49,None,,West,"Automobile, Station Wagon",Turning Left,Driving Properly,Normal,,,,,,,Yes,,Yes,,,,,,,,,,,170,Yonge-Bay Corridor,76,Bay Street Corridor (76),D52,630188.5256,4835348.2227
9096,7535654,1339683,12/14/2012 10:00:00 AM,1204,BAY ST,HAYTER ST,,Major Arterial,Toronto and East York,43.659745,-79.38539,,No Control,Clear,Daylight,Dry,Non-Fatal Injury,Pedestrian Collisions,Pedestrian,30 to 34,Major,,East,Other,,,,Pedestrian hit at mid-block,Running onto Roadway,Inattentive,,,,Yes,,Yes,,,,,,,,,,,170,Yonge-Bay Corridor,76,Bay Street Corridor (76),D52,630188.5256,4835348.2227
9097,7535717,1339720,12/14/2012 10:00:00 AM,1407,KINGSTON RD,WAVERLEY RD,,Major Arterial,Toronto and East York,43.677545,-79.30259,,No Control,Clear,Daylight,Dry,Non-Fatal Injury,Pedestrian Collisions,Vehicle Owner,unknown,,,,Other,,,,,,,,,,Yes,,Yes,,,,,,,,,,,63,The Beaches,62,East End-Danforth (62),D55,636824.4436,4837458.4117
9098,7535718,1339720,12/14/2012 10:00:00 AM,1407,KINGSTON RD,WAVERLEY RD,,Major Arterial,Toronto and East York,43.677545,-79.30259,,No Control,Clear,Daylight,Dry,Non-Fatal Injury,Pedestrian Collisions,Driver,65 to 69,None,,North,Taxi,Reversing,Other,Inattentive,,,,,,,Yes,,Yes,,,,,,,,,,,63,The Beaches,62,East End-Danforth (62),D55,636824.4436,4837458.4117
9099,7535719,1339720,12/14/2012 10:00:00 AM,1407,KINGSTON RD,WAVERLEY RD,,Major Arterial,Toronto and East York,43.677545,-79.30259,,No Control,Clear,Daylight,Dry,Non-Fatal Injury,Pedestrian Collisions,Pedestrian,85 to 89,Major,,North,Other,,,,Vehicle is reversing and hits pedestrian,Other,Medical or Physical Disability,,,,Yes,,Yes,,,,,,,,,,,63,The Beaches,62,East End-Danforth (62),D55,636824.4436,4837458.4117
9100,7536183,1340006,12/16/2012 10:00:00 AM,50,ELLESMERE Rd,BELLAMY Rd N,,Major Arterial,Scarborough,43.774325,-79.241756,At Intersection,Traffic Signal,Rain,"Dark, artificial",Wet,Non-Fatal Injury,Angle,Passenger,20 to 24,Minor,,,Other,,,,,,,,,,,,Yes,,,,,Yes,,Yes,Yes,,,142,Woburn North,137,Woburn (137),D43,641500.13,4848309.4229
9101,7536184,1340006,12/16/2012 10:00:00 AM,50,ELLESMERE Rd,BELLAMY Rd N,,Major Arterial,Scarborough,43.774325,-79.241756,At Intersection,Traffic Signal,Rain,"Dark, artificial",Wet,Non-Fatal Injury,Angle,Driver,50 to 54,Major,,North,"Automobile, Station Wagon",Going Ahead,Disobeyed Traffic Control,Unknown,,,,,,,,,Yes,,,,,Yes,,Yes,Yes,,,142,Woburn North,137,Woburn (137),D43,641500.13,4848309.4229
9102,7536185,1340006,12/16/2012 10:00:00 AM,50,ELLESMERE Rd,BELLAMY Rd N,,Major Arterial,Scarborough,43.774325,-79.241756,At Intersection,Traffic Signal,Rain,"Dark, artificial",Wet,Non-Fatal Injury,Angle,Other Property Owner,unknown,,,,Other,,,,,,,,,,,,Yes,,,,,Yes,,Yes,Yes,,,142,Woburn North,137,Woburn (137),D43,641500.13,4848309.4229
9103,7536186,1340006,12/16/2012 10:00:00 AM,50,ELLESMERE Rd,BELLAMY Rd N,,Major Arterial,Scarborough,43.774325,-79.241756,At Intersection,Traffic Signal,Rain,"Dark, artificial",Wet,Non-Fatal Injury,Angle,Vehicle Owner,unknown,,,,Other,,,,,,,,,,,,Yes,,,,,Yes,,Yes,Yes,,,142,Woburn North,137,Woburn (137),D43,641500.13,4848309.4229
9104,7536187,1340006,12/16/2012 10:00:00 AM,50,ELLESMERE Rd,BELLAMY Rd N,,Major Arterial,Scarborough,43.774325,-79.241756,At Intersection,Traffic Signal,Rain,"Dark, artificial",Wet,Non-Fatal Injury,Angle,Driver,15 to 19,None,,East,"Automobile, Station Wagon",Going Ahead,Driving Properly,Normal,,,,,,,,,Yes,,,,,Yes,,Yes,Yes,,,142,Woburn North,137,Woburn (137),D43,641500.13,4848309.4229
9105,7517348,1331576,12/17/2012 10:00:00 AM,2030,STEELES AVE E,MAXOME AVE,,Major Arterial,North York,43.801045,-79.40619,At Intersection,Traffic Signal,Clear,Dark,Dry,Non-Fatal Injury,Pedestrian Collisions,Driver,55 to 59,None,,South,"Automobile, Station Wagon",Turning Left,Improper Turn,Inattentive,,,,,,,Yes,,Yes,,,,,,,,,,,50,Newtonbrook East,50,Newtonbrook East (50),D32,628209.5238,4851009.2082
9106,7517349,1331576,12/17/2012 10:00:00 AM,2030,STEELES AVE E,MAXOME AVE,,Major Arterial,North York,43.801045,-79.40619,At Intersection,Traffic Signal,Clear,Dark,Dry,Non-Fatal Injury,Pedestrian Collisions,Pedestrian,25 to 29,Major,,North,Other,,,,Vehicle turns left while ped crosses with ROW at inter.,Crossing with right of way,Normal,,,,Yes,,Yes,,,,,,,,,,,50,Newtonbrook East,50,Newtonbrook East (50),D32,628209.5238,4851009.2082
9107,7530155,1331761,12/18/2012 10:00:00 AM,700,CARLTON ST,PARLIAMENT ST,,Minor Arterial,Toronto and East York,43.664445,-79.36809,At Intersection,Traffic Signal,Clear,Dark,Dry,Non-Fatal Injury,Pedestrian Collisions,Vehicle Owner,unknown,,,,Other,,,,,,,,,,Yes,,,,Yes,,,,,,,,,71,Cabbagetown-South St.James Town,71,Cabbagetown-South St.James Town (71),D51,631573.199,4835897.5117
9108,7530156,1331761,12/18/2012 10:00:00 AM,700,CARLTON ST,PARLIAMENT ST,,Minor Arterial,Toronto and East York,43.664445,-79.36809,At Intersection,Traffic Signal,Clear,Dark,Dry,Non-Fatal Injury,Pedestrian Collisions,Truck Driver,35 to 39,None,,East,Truck - Open,Turning Left,Improper Turn,Unknown,,,,,,,Yes,,,,Yes,,,,,,,,,71,Cabbagetown-South St.James Town,71,Cabbagetown-South St.James Town (71),D51,631573.199,4835897.5117
9109,7530157,1331761,12/18/2012 10:00:00 AM,700,CARLTON ST,PARLIAMENT ST,,Minor Arterial,Toronto and East York,43.664445,-79.36809,At Intersection,Traffic Signal,Clear,Dark,Dry,Non-Fatal Injury,Pedestrian Collisions,Pedestrian,55 to 59,Minor,,Unknown,Other,,,,Vehicle turns left while ped crosses with ROW at inter.,Crossing with right of way,Unknown,,,,Yes,,,,Yes,,,,,,,,,71,Cabbagetown-South St.James Town,71,Cabbagetown-South St.James Town (71),D51,631573.199,4835897.5117
9110,7530158,1331761,12/18/2012 10:00:00 AM,700,CARLTON ST,PARLIAMENT ST,,Minor Arterial,Toronto and East York,43.664445,-79.36809,At Intersection,Traffic Signal,Clear,Dark,Dry,Non-Fatal Injury,Pedestrian Collisions,Pedestrian,45 to 49,Major,,Unknown,Other,,,,Vehicle turns left while ped crosses with ROW at inter.,Crossing with right of way,Unknown,,,,Yes,,,,Yes,,,,,,,,,71,Cabbagetown-South St.James Town,71,Cabbagetown-South St.James Town (71),D51,631573.199,4835897.5117
9111,7503405,1331648,12/18/2012 10:00:00 AM,701,CARLTON ST,PARLIAMENT ST,,Minor Arterial,Toronto and East York,43.664443,-79.368091,At Intersection,,Other,Dark,Other,Non-Fatal Injury,Pedestrian Collisions,Driver,35 to 39,None,,,"Automobile, Station Wagon",Turning Left,,,,,,,,,Yes,,Yes,,,,,,,,,,,71,Cabbagetown-South St.James Town,71,Cabbagetown-South St.James Town (71),D51,631573.1228,4835897.288
9112,7503406,1331648,12/18/2012 10:00:00 AM,701,CARLTON ST,PARLIAMENT ST,,Minor Arterial,Toronto and East York,43.664443,-79.368091,At Intersection,,Other,Dark,Other,Non-Fatal Injury,Pedestrian Collisions,Pedestrian,55 to 59,Major,,,Other,Other,,,,,,,,,Yes,,Yes,,,,,,,,,,,71,Cabbagetown-South St.James Town,71,Cabbagetown-South St.James Town (71),D51,631573.1228,4835897.288
9113,7503407,1331648,12/18/2012 10:00:00 AM,701,CARLTON ST,PARLIAMENT ST,,Minor Arterial,Toronto and East York,43.664443,-79.368091,At Intersection,,Other,Dark,Other,Non-Fatal Injury,Pedestrian Collisions,Pedestrian,45 to 49,Major,,,Other,Other,,,,,,,,,Yes,,Yes,,,,,,,,,,,71,Cabbagetown-South St.James Town,71,Cabbagetown-South St.James Town (71),D51,631573.1228,4835897.288
9114,7536657,1340236,12/18/2012 10:00:00 AM,936,BLACK CREEK DR,TRETHEWEY DR,,Major Arterial,Etobicoke York,43.693545,-79.48539,,No Control,Clear,Daylight,Dry,Non-Fatal Injury,Rear End,Driver,35 to 39,Minor,,North,"Automobile, Station Wagon",Stopped,Driving Properly,Normal,,,,,,,,,Yes,,,,,,,,,,Yes,112,Beechborough-Greenbrook,112,Beechborough-Greenbrook (112),D12,622056.7477,4838950.1135
9115,7536658,1340236,12/18/2012 10:00:00 AM,936,BLACK CREEK DR,TRETHEWEY DR,,Major Arterial,Etobicoke York,43.693545,-79.48539,,No Control,Clear,Daylight,Dry,Non-Fatal Injury,Rear End,Driver,25 to 29,Minimal,,North,"Automobile, Station Wagon",Stopped,Driving Properly,Normal,,,,,,,,,Yes,,,,,,,,,,Yes,112,Beechborough-Greenbrook,112,Beechborough-Greenbrook (112),D12,622056.7477,4838950.1135
9116,7536659,1340236,12/18/2012 10:00:00 AM,936,BLACK CREEK DR,TRETHEWEY DR,,Major Arterial,Etobicoke York,43.693545,-79.48539,,No Control,Clear,Daylight,Dry,Non-Fatal Injury,Rear End,Driver,70 to 74,Minimal,,North,"Automobile, Station Wagon",Stopped,Driving Properly,Normal,,,,,,,,,Yes,,,,,,,,,,Yes,112,Beechborough-Greenbrook,112,Beechborough-Greenbrook (112),D12,622056.7477,4838950.1135
9117,7536660,1340236,12/18/2012 10:00:00 AM,936,BLACK CREEK DR,TRETHEWEY DR,,Major Arterial,Etobicoke York,43.693545,-79.48539,,No Control,Clear,Daylight,Dry,Non-Fatal Injury,Rear End,Driver,60 to 64,Major,,North,"Automobile, Station Wagon",Going Ahead,Lost control,Medical or Physical Disability,,,,,,,,,Yes,,,,,,,,,,Yes,112,Beechborough-Greenbrook,112,Beechborough-Greenbrook (112),D12,622056.7477,4838950.1135
9118,7503912,1331849,12/18/2012 10:00:00 AM,2100,KINGSTON RD,BEECHGROVE DR,,Major Arterial,Scarborough,43.776445,-79.17369,At Intersection,No Control,Clear,Dark,Dry,Fatal,Pedestrian Collisions,Driver,25 to 29,None,,West,"Automobile, Station Wagon",Going Ahead,Driving Properly,Normal,,,,,,,Yes,,Yes,,,,,,,,,,,136,West Hill,136,West Hill (136),D43,646972.8269,4848663.4679
9119,7503913,1331849,12/18/2012 10:00:00 AM,2100,KINGSTON RD,BEECHGROVE DR,,Major Arterial,Scarborough,43.776445,-79.17369,At Intersection,No Control,Clear,Dark,Dry,Fatal,Pedestrian Collisions,Pedestrian,55 to 59,Fatal,42,North,Other,,,,Pedestrian hit at mid-block,"Crossing, no Traffic Control",Unknown,,,,Yes,,Yes,,,,,,,,,,,136,West Hill,136,West Hill (136),D43,646972.8269,4848663.4679
9120,7536852,1340319,12/19/2012 10:00:00 AM,1720,PALMERSTON BLVD,LENNOX ST,,Collector,Toronto and East York,43.663345,-79.41309,At Intersection,Stop Sign,Clear,"Dark, artificial",Dry,Non-Fatal Injury,Cyclist Collisions,Driver,50 to 54,None,,South,"Automobile, Station Wagon",Going Ahead,Driving Properly,Normal,,,,,,,,Yes,Yes,,,,,,,,,,,80,Palmerston-Little Italy,80,Palmerston-Little Italy (80),D14,627947.3612,4835704.959
9121,7536853,1340319,12/19/2012 10:00:00 AM,1720,PALMERSTON BLVD,LENNOX ST,,Collector,Toronto and East York,43.663345,-79.41309,At Intersection,Stop Sign,Clear,"Dark, artificial",Dry,Non-Fatal Injury,Cyclist Collisions,Cyclist,40 to 44,Major,,West,Bicycle,Going Ahead,,,,,,"Cyclist without ROW rides into path of motorist at inter, lnwy, dwy-Cyclist not turn.",Failed to Yield Right of Way,Normal,,Yes,Yes,,,,,,,,,,,80,Palmerston-Little Italy,80,Palmerston-Little Italy (80),D14,627947.3612,4835704.959
9122,7530466,1333725,12/19/2012 10:00:00 AM,2005,MARKHAM RD,PROGRESS AVE,,Major Arterial,Scarborough,43.781745,-79.23389,At Intersection,Traffic Signal,Clear,"Dark, artificial",Dry,Non-Fatal Injury,Turning Movement,Driver,20 to 24,None,,East,"Automobile, Station Wagon",Turning Left,Failed to Yield Right of Way,Inattentive,,,,,,,,,Yes,,,,,Yes,,Yes,,,,142,Woburn North,137,Woburn (137),D43,642115.5974,4849147.0049
9123,7530467,1333725,12/19/2012 10:00:00 AM,2005,MARKHAM RD,PROGRESS AVE,,Major Arterial,Scarborough,43.781745,-79.23389,At Intersection,Traffic Signal,Clear,"Dark, artificial",Dry,Non-Fatal Injury,Turning Movement,Passenger,20 to 24,Major,,,Other,,,,,,,,,,,,Yes,,,,,Yes,,Yes,,,,142,Woburn North,137,Woburn (137),D43,642115.5974,4849147.0049
9124,7530468,1333725,12/19/2012 10:00:00 AM,2005,MARKHAM RD,PROGRESS AVE,,Major Arterial,Scarborough,43.781745,-79.23389,At Intersection,Traffic Signal,Clear,"Dark, artificial",Dry,Non-Fatal Injury,Turning Movement,Vehicle Owner,unknown,,,,Other,,,,,,,,,,,,Yes,,,,,Yes,,Yes,,,,142,Woburn North,137,Woburn (137),D43,642115.5974,4849147.0049
9125,7530469,1333725,12/19/2012 10:00:00 AM,2005,MARKHAM RD,PROGRESS AVE,,Major Arterial,Scarborough,43.781745,-79.23389,At Intersection,Traffic Signal,Clear,"Dark, artificial",Dry,Non-Fatal Injury,Turning Movement,Driver,45 to 49,None,,West,"Automobile, Station Wagon",Going Ahead,Driving Properly,Normal,,,,,,,,,Yes,,,,,Yes,,Yes,,,,142,Woburn North,137,Woburn (137),D43,642115.5974,4849147.0049
9126,7560296,1332258,12/20/2012 10:00:00 AM,748,SHEPPARD AVE E,ALLANFORD RD,,Major Arterial,Scarborough,43.782345,-79.29219,,No Control,Clear,Daylight,Dry,Fatal,Pedestrian Collisions,Vehicle Owner,unknown,,,,Other,,,,,,,,,,Yes,,Yes,,,,,,,,,,,118,Tam O'Shanter-Sullivan,118,Tam O'Shanter-Sullivan (118),D42,637422.8775,4849115.2094
9127,7560297,1332258,12/20/2012 10:00:00 AM,748,SHEPPARD AVE E,ALLANFORD RD,,Major Arterial,Scarborough,43.782345,-79.29219,,No Control,Clear,Daylight,Dry,Fatal,Pedestrian Collisions,Driver,60 to 64,None,,West,"Automobile, Station Wagon",Going Ahead,Lost control,Fatigue,,,,,,,Yes,,Yes,,,,,,,,,,,118,Tam O'Shanter-Sullivan,118,Tam O'Shanter-Sullivan (118),D42,637422.8775,4849115.2094
9128,7560298,1332258,12/20/2012 10:00:00 AM,748,SHEPPARD AVE E,ALLANFORD RD,,Major Arterial,Scarborough,43.782345,-79.29219,,No Control,Clear,Daylight,Dry,Fatal,Pedestrian Collisions,Other Property Owner,unknown,,,,Other,,,,,,,,,,Yes,,Yes,,,,,,,,,,,118,Tam O'Shanter-Sullivan,118,Tam O'Shanter-Sullivan (118),D42,637422.8775,4849115.2094