OBJECTID,INDEX,ACCNUM,DATE,TIME,STREET1,STREET2,OFFSET,ROAD_CLASS,DISTRICT,LATITUDE,LONGITUDE,ACCLOC,TRAFFCTL,VISIBILITY,LIGHT,RDSFCOND,ACCLASS,IMPACTYPE,INVTYPE,INVAGE,INJURY,FATAL_NO,INITDIR,VEHTYPE,MANOEUVER,DRIVACT,DRIVCOND,PEDTYPE,PEDACT,PEDCOND,CYCLISTYPE,CYCACT,CYCCOND,PEDESTRIAN,CYCLIST,AUTOMOBILE,MOTORCYCLE,TRUCK,TRSN_CITY_VEH,EMERG_VEH,PASSENGER,SPEEDING,AG_DRIV,REDLIGHT,ALCOHOL,DISABILITY,HOOD_158,NEIGHBOURHOOD_158,HOOD_140,NEIGHBOURHOOD_140,DIVISION,x,y
9129,7560299,1332258,12/20/2012 10:00:00 AM,748,SHEPPARD AVE E,ALLANFORD RD,,Major Arterial,Scarborough,43.782345,-79.29219,,No Control,Clear,Daylight,Dry,Fatal,Pedestrian Collisions,Pedestrian,65 to 69,Fatal,43,Unknown,Other,,,,Pedestrian hit at mid-block,"Crossing, no Traffic Control",Normal,,,,Yes,,Yes,,,,,,,,,,,118,Tam O'Shanter-Sullivan,118,Tam O'Shanter-Sullivan (118),D42,637422.8775,4849115.2094
9130,7504887,1332261,12/20/2012 10:00:00 AM,2015,KENNEDY Rd,TREVERTON Dr,,Major Arterial,Scarborough,43.733845,-79.26859,,No Control,Rain,"Dark, artificial",Wet,Fatal,Pedestrian Collisions,Passenger,30 to 34,None,,,Other,,,,,,,,,,Yes,,Yes,,,,,Yes,,,,,,125,Ionview,125,Ionview (125),D41,639434.5416,4843767.989
9131,7504888,1332261,12/20/2012 10:00:00 AM,2015,KENNEDY Rd,TREVERTON Dr,,Major Arterial,Scarborough,43.733845,-79.26859,,No Control,Rain,"Dark, artificial",Wet,Fatal,Pedestrian Collisions,Passenger,25 to 29,None,,,Other,,,,,,,,,,Yes,,Yes,,,,,Yes,,,,,,125,Ionview,125,Ionview (125),D41,639434.5416,4843767.989
9132,7504889,1332261,12/20/2012 10:00:00 AM,2015,KENNEDY Rd,TREVERTON Dr,,Major Arterial,Scarborough,43.733845,-79.26859,,No Control,Rain,"Dark, artificial",Wet,Fatal,Pedestrian Collisions,Driver,45 to 49,None,,South,"Automobile, Station Wagon",Changing Lanes,Other,Unknown,,,,,,,Yes,,Yes,,,,,Yes,,,,,,125,Ionview,125,Ionview (125),D41,639434.5416,4843767.989
9133,7504890,1332261,12/20/2012 10:00:00 AM,2015,KENNEDY Rd,TREVERTON Dr,,Major Arterial,Scarborough,43.733845,-79.26859,,No Control,Rain,"Dark, artificial",Wet,Fatal,Pedestrian Collisions,Pedestrian,15 to 19,Fatal,44,Unknown,Other,Unknown,,,Pedestrian hit at mid-block,"Crossing, no Traffic Control",Unknown,,,,Yes,,Yes,,,,,Yes,,,,,,125,Ionview,125,Ionview (125),D41,639434.5416,4843767.989
9134,7518572,1333183,12/21/2012 10:00:00 AM,306,LAWRENCE AVE W,WESTON RD,,Major Arterial,Etobicoke York,43.700145,-79.51629,At Intersection,No Control,Clear,"Dark, artificial",Dry,Non-Fatal Injury,Pedestrian Collisions,Driver,45 to 49,Minimal,,West,"Automobile, Station Wagon",Going Ahead,Driving Properly,Normal,,,,,,,Yes,,Yes,,,,,,,,,,,113,Weston,113,Weston (113),D12,619553.4955,4839638.1139
9135,7518573,1333183,12/21/2012 10:00:00 AM,306,LAWRENCE AVE W,WESTON RD,,Major Arterial,Etobicoke York,43.700145,-79.51629,At Intersection,No Control,Clear,"Dark, artificial",Dry,Non-Fatal Injury,Pedestrian Collisions,Pedestrian,20 to 24,Major,,North,Other,,,,Pedestrian hit at mid-block,"Crossing, no Traffic Control",Had Been Drinking,,,,Yes,,Yes,,,,,,,,,,,113,Weston,113,Weston (113),D12,619553.4955,4839638.1139
9136,7560330,1332565,12/22/2012 10:00:00 AM,2010,DANFORTH RD,SAVARIN ST,,Major Arterial,Scarborough,43.743745,-79.24489,At Intersection,No Control,Clear,"Dark, artificial",Dry,Non-Fatal Injury,Pedestrian Collisions,Driver,55 to 59,None,,North,"Automobile, Station Wagon",Going Ahead,Driving Properly,Normal,,,,,,,Yes,,Yes,,,,,,,,,,,138,Eglinton East,138,Eglinton East (138),D43,641319.8878,4844907.6909
9137,7560331,1332565,12/22/2012 10:00:00 AM,2010,DANFORTH RD,SAVARIN ST,,Major Arterial,Scarborough,43.743745,-79.24489,At Intersection,No Control,Clear,"Dark, artificial",Dry,Non-Fatal Injury,Pedestrian Collisions,Pedestrian,45 to 49,Major,,East,Other,,,,Pedestrian hit at mid-block,"Crossing, no Traffic Control",Had Been Drinking,,,,Yes,,Yes,,,,,,,,,,,138,Eglinton East,138,Eglinton East (138),D43,641319.8878,4844907.6909
9138,7539769,1342114,12/23/2012 10:00:00 AM,2053,659 ST CLAIR AVE W,PINEWOOD AVE,,Major Arterial,Toronto and East York,43.681945,-79.42449,,No Control,Clear,"Dark, artificial",Dry,Non-Fatal Injury,SMV Other,Passenger,30 to 34,Minor,,,Other,,,,,,,,,,,,Yes,,,,,Yes,,,,,,94,Wychwood,94,Wychwood (94),D13,626988.972,4837753.2206
9139,7539770,1342114,12/23/2012 10:00:00 AM,2053,659 ST CLAIR AVE W,PINEWOOD AVE,,Major Arterial,Toronto and East York,43.681945,-79.42449,,No Control,Clear,"Dark, artificial",Dry,Non-Fatal Injury,SMV Other,Vehicle Owner,unknown,,,,Other,,,,,,,,,,,,Yes,,,,,Yes,,,,,,94,Wychwood,94,Wychwood (94),D13,626988.972,4837753.2206
9140,7539771,1342114,12/23/2012 10:00:00 AM,2053,659 ST CLAIR AVE W,PINEWOOD AVE,,Major Arterial,Toronto and East York,43.681945,-79.42449,,No Control,Clear,"Dark, artificial",Dry,Non-Fatal Injury,SMV Other,Driver,30 to 34,Major,,East,"Automobile, Station Wagon",Unknown,Lost control,Had Been Drinking,,,,,,,,,Yes,,,,,Yes,,,,,,94,Wychwood,94,Wychwood (94),D13,626988.972,4837753.2206
9141,7530321,1332976,12/27/2012 10:00:00 AM,1825,LAWRENCE AVE E,MORNINGSIDE AVE,,Major Arterial,Scarborough,43.768045,-79.18799,,No Control,Clear,"Dark, artificial",Slush,Non-Fatal Injury,Pedestrian Collisions,Vehicle Owner,unknown,,,,Other,,,,,,,,,,Yes,,Yes,,,,,,,,,,,136,West Hill,136,West Hill (136),D43,645842.4339,4847705.2275
9142,7530322,1332976,12/27/2012 10:00:00 AM,1825,LAWRENCE AVE E,MORNINGSIDE AVE,,Major Arterial,Scarborough,43.768045,-79.18799,,No Control,Clear,"Dark, artificial",Slush,Non-Fatal Injury,Pedestrian Collisions,Driver,55 to 59,None,,West,"Automobile, Station Wagon",Going Ahead,Driving Properly,Normal,,,,,,,Yes,,Yes,,,,,,,,,,,136,West Hill,136,West Hill (136),D43,645842.4339,4847705.2275
9143,7530323,1332976,12/27/2012 10:00:00 AM,1825,LAWRENCE AVE E,MORNINGSIDE AVE,,Major Arterial,Scarborough,43.768045,-79.18799,,No Control,Clear,"Dark, artificial",Slush,Non-Fatal Injury,Pedestrian Collisions,Pedestrian,70 to 74,Major,,South,Other,,,,Pedestrian hit at mid-block,"Crossing, no Traffic Control",Medical or Physical Disability,,,,Yes,,Yes,,,,,,,,,,,136,West Hill,136,West Hill (136),D43,645842.4339,4847705.2275
9144,7543144,1333087,12/28/2012 10:00:00 AM,2207,DON VALLEY PARKWAY  S,EGLINTON AVE E,,,North York,43.722624,-79.330241,,No Control,Clear,"Dark, artificial",Dry,Non-Fatal Injury,SMV Other,Driver,40 to 44,None,,South,"Automobile, Station Wagon",Going Ahead,Driving Properly,Normal,,,,,,,,,Yes,,,,,,,,,,,44,Flemingdon Park,44,Flemingdon Park (44),D55,634494.6986,4842419.8287
9145,7543145,1333087,12/28/2012 10:00:00 AM,2207,DON VALLEY PARKWAY  S,EGLINTON AVE E,,,North York,43.722624,-79.330241,,No Control,Clear,"Dark, artificial",Dry,Non-Fatal Injury,SMV Other,Vehicle Owner,unknown,,,,Other,,,,,,,,,,,,Yes,,,,,,,,,,,44,Flemingdon Park,44,Flemingdon Park (44),D55,634494.6986,4842419.8287
9146,7543146,1333087,12/28/2012 10:00:00 AM,2207,DON VALLEY PARKWAY  S,EGLINTON AVE E,,,North York,43.722624,-79.330241,,No Control,Clear,"Dark, artificial",Dry,Non-Fatal Injury,SMV Other,Driver,20 to 24,Major,,South,"Automobile, Station Wagon",Going Ahead,Lost control,Unknown,,,,,,,,,Yes,,,,,,,,,,,44,Flemingdon Park,44,Flemingdon Park (44),D55,634494.6986,4842419.8287
9147,7543147,1333087,12/28/2012 10:00:00 AM,2207,DON VALLEY PARKWAY  S,EGLINTON AVE E,,,North York,43.722624,-79.330241,,No Control,Clear,"Dark, artificial",Dry,Non-Fatal Injury,SMV Other,Driver - Not Hit,unknown,None,,,"Automobile, Station Wagon",,,,,,,,,,,,Yes,,,,,,,,,,,44,Flemingdon Park,44,Flemingdon Park (44),D55,634494.6986,4842419.8287
9148,7543148,1333087,12/28/2012 10:00:00 AM,2207,DON VALLEY PARKWAY  S,EGLINTON AVE E,,,North York,43.722624,-79.330241,,No Control,Clear,"Dark, artificial",Dry,Non-Fatal Injury,SMV Other,Other Property Owner,unknown,,,,Other,,,,,,,,,,,,Yes,,,,,,,,,,,44,Flemingdon Park,44,Flemingdon Park (44),D55,634494.6986,4842419.8287
9149,7645392,1333336,12/31/2012 10:00:00 AM,1414,ST CLAIR AVE W,DUFFERIN ST,,Major Arterial,Toronto and East York,43.677745,-79.444089,,No Control,Clear,"Dark, artificial",Dry,Non-Fatal Injury,Pedestrian Collisions,Pedestrian,20 to 24,Major,,North,Other,,,,Pedestrian involved in a collision with transit vehicle anywhere along roadway,"Crossing, no Traffic Control",Inattentive,,,,Yes,,,,,Yes,,,,,,,,92,Corso Italia-Davenport,92,Corso Italia-Davenport (92),D13,625417.9926,4837256.9317
9150,7645393,1333336,12/31/2012 10:00:00 AM,1414,ST CLAIR AVE W,DUFFERIN ST,,Major Arterial,Toronto and East York,43.677745,-79.444089,,No Control,Clear,"Dark, artificial",Dry,Non-Fatal Injury,Pedestrian Collisions,Driver,45 to 49,Minor,,East,Municipal Transit Bus (TTC),Going Ahead,Driving Properly,Normal,,,,,,,Yes,,,,,Yes,,,,,,,,92,Corso Italia-Davenport,92,Corso Italia-Davenport (92),D13,625417.9926,4837256.9317
9151,7645390,1333335,12/31/2012 10:00:00 AM,1827,MCCOWAN RD,ELLESMERE RD,,Major Arterial,Scarborough,43.772845,-79.25159,,No Control,Clear,"Dark, artificial",Wet,Non-Fatal Injury,Pedestrian Collisions,Driver,70 to 74,None,,South,"Automobile, Station Wagon",Going Ahead,Other,Unknown,,,,,,,Yes,,Yes,,,,,,,,,,,142,Woburn North,137,Woburn (137),D43,640712.1704,4848128.2854
9152,7645391,1333335,12/31/2012 10:00:00 AM,1827,MCCOWAN RD,ELLESMERE RD,,Major Arterial,Scarborough,43.772845,-79.25159,,No Control,Clear,"Dark, artificial",Wet,Non-Fatal Injury,Pedestrian Collisions,Pedestrian,55 to 59,Major,,Unknown,Other,,,,Pedestrian hit at mid-block,"Crossing, no Traffic Control",Inattentive,,,,Yes,,Yes,,,,,,,,,,,142,Woburn North,137,Woburn (137),D43,640712.1704,4848128.2854
9153,7518742,1333337,12/31/2012 10:00:00 AM,1915,WOODBINE AVE,O CONNOR DR,,Major Arterial,Toronto and East York,43.700148,-79.319026,,No Control,Clear,"Dark, artificial",Wet,Non-Fatal Injury,Pedestrian Collisions,Vehicle Owner,unknown,,,,Other,,,,,,,,,,Yes,,Yes,,,,,,,,,,,60,Woodbine-Lumsden,60,Woodbine-Lumsden (60),D55,635448.6706,4839941.8079
9154,7518743,1333337,12/31/2012 10:00:00 AM,1915,WOODBINE AVE,O CONNOR DR,,Major Arterial,Toronto and East York,43.700148,-79.319026,,No Control,Clear,"Dark, artificial",Wet,Non-Fatal Injury,Pedestrian Collisions,Driver,50 to 54,None,,South,"Automobile, Station Wagon",Going Ahead,Driving Properly,Normal,,,,,,,Yes,,Yes,,,,,,,,,,,60,Woodbine-Lumsden,60,Woodbine-Lumsden (60),D55,635448.6706,4839941.8079
9155,7518744,1333337,12/31/2012 10:00:00 AM,1915,WOODBINE AVE,O CONNOR DR,,Major Arterial,Toronto and East York,43.700148,-79.319026,,No Control,Clear,"Dark, artificial",Wet,Non-Fatal Injury,Pedestrian Collisions,Pedestrian,30 to 34,Major,,West,Other,,,,Pedestrian hit at mid-block,Running onto Roadway,Unknown,,,,Yes,,Yes,,,,,,,,,,,60,Woodbine-Lumsden,60,Woodbine-Lumsden (60),D55,635448.6706,4839941.8079
9156,7786900,1342812,1/1/2013 10:00:00 AM,1112,KENNEDY Rd,DANCY Ave,,Major Arterial,Scarborough,43.805245,-79.29879,At Intersection,No Control,Clear,Daylight,Dry,Non-Fatal Injury,Rear End,Driver,65 to 69,Major,,North,"Automobile, Station Wagon",Going Ahead,Driving Properly,Normal,,,,,,,,,Yes,,,,,Yes,,Yes,,,,130,Milliken,130,Milliken (130),D42,636839.5086,4851647.683
9157,7786901,1342812,1/1/2013 10:00:00 AM,1112,KENNEDY Rd,DANCY Ave,,Major Arterial,Scarborough,43.805245,-79.29879,At Intersection,No Control,Clear,Daylight,Dry,Non-Fatal Injury,Rear End,Passenger,30 to 34,Minimal,,,Other,,,,,,,,,,,,Yes,,,,,Yes,,Yes,,,,130,Milliken,130,Milliken (130),D42,636839.5086,4851647.683
9158,7786902,1342812,1/1/2013 10:00:00 AM,1112,KENNEDY Rd,DANCY Ave,,Major Arterial,Scarborough,43.805245,-79.29879,At Intersection,No Control,Clear,Daylight,Dry,Non-Fatal Injury,Rear End,Driver,30 to 34,Minimal,,North,"Automobile, Station Wagon",Stopped,Lost control,Normal,,,,,,,,,Yes,,,,,Yes,,Yes,,,,130,Milliken,130,Milliken (130),D42,636839.5086,4851647.683
9159,7786903,1342812,1/1/2013 10:00:00 AM,1112,KENNEDY Rd,DANCY Ave,,Major Arterial,Scarborough,43.805245,-79.29879,At Intersection,No Control,Clear,Daylight,Dry,Non-Fatal Injury,Rear End,Driver,20 to 24,None,,North,"Automobile, Station Wagon",Slowing or Stopping,Following too Close,Normal,,,,,,,,,Yes,,,,,Yes,,Yes,,,,130,Milliken,130,Milliken (130),D42,636839.5086,4851647.683
9160,7787521,1343083,1/2/2013 10:00:00 AM,958,ST CLAIR AVE W,MONDOVI GT,,Major Arterial,Etobicoke York,43.670945,-79.47449,,No Control,Clear,Daylight,Dry,Non-Fatal Injury,Pedestrian Collisions,Driver,75 to 79,None,,North,"Automobile, Station Wagon",Going Ahead,Other,Inattentive,,,,,,,Yes,,Yes,,,,,,,,,,,90,Junction Area,90,Junction Area (90),D11,622981.3131,4836456.1816
9161,7787522,1343083,1/2/2013 10:00:00 AM,958,ST CLAIR AVE W,MONDOVI GT,,Major Arterial,Etobicoke York,43.670945,-79.47449,,No Control,Clear,Daylight,Dry,Non-Fatal Injury,Pedestrian Collisions,Pedestrian,70 to 74,Major,,Unknown,Other,,,,Pedestrian hit at mid-block,"Crossing, no Traffic Control",Inattentive,,,,Yes,,Yes,,,,,,,,,,,90,Junction Area,90,Junction Area (90),D11,622981.3131,4836456.1816
9162,7787827,1343211,1/4/2013 10:00:00 AM,653,DANFORTH Ave,SCOTIA Ave,,Minor Arterial,Scarborough,43.694645,-79.27249,,No Control,Clear,Dark,Wet,Non-Fatal Injury,Turning Movement,Driver,30 to 34,Minimal,,West,"Automobile, Station Wagon",Turning Left,Improper Turn,Inattentive,,,,,,,,,Yes,,,,,,,,,,,121,Oakridge,121,Oakridge (121),D41,639211.2037,4839407.7028
9163,7787828,1343211,1/4/2013 10:00:00 AM,653,DANFORTH Ave,SCOTIA Ave,,Minor Arterial,Scarborough,43.694645,-79.27249,,No Control,Clear,Dark,Wet,Non-Fatal Injury,Turning Movement,Driver,50 to 54,Major,,East,"Automobile, Station Wagon",Going Ahead,Driving Properly,Normal,,,,,,,,,Yes,,,,,,,,,,,121,Oakridge,121,Oakridge (121),D41,639211.2037,4839407.7028
9164,7787885,1343241,1/4/2013 10:00:00 AM,1345,BIRMINGHAM ST,ISLINGTON AVE,,Major Arterial,Etobicoke York,43.603245,-79.50629,At Intersection,Traffic Signal,Clear,Daylight,Wet,Non-Fatal Injury,Pedestrian Collisions,Vehicle Owner,unknown,,,,Other,,,,,,,,,,Yes,,Yes,,,,,,,,,,,18,New Toronto,18,New Toronto (18),D22,620552.9874,4828890.5946
9165,7787886,1343241,1/4/2013 10:00:00 AM,1345,BIRMINGHAM ST,ISLINGTON AVE,,Major Arterial,Etobicoke York,43.603245,-79.50629,At Intersection,Traffic Signal,Clear,Daylight,Wet,Non-Fatal Injury,Pedestrian Collisions,Driver,30 to 34,None,,East,"Automobile, Station Wagon",Turning Right,Improper Turn,Inattentive,,,,,,,Yes,,Yes,,,,,,,,,,,18,New Toronto,18,New Toronto (18),D22,620552.9874,4828890.5946
9166,7787887,1343241,1/4/2013 10:00:00 AM,1345,BIRMINGHAM ST,ISLINGTON AVE,,Major Arterial,Etobicoke York,43.603245,-79.50629,At Intersection,Traffic Signal,Clear,Daylight,Wet,Non-Fatal Injury,Pedestrian Collisions,Pedestrian,30 to 34,Major,,South,Other,,,,Pedestrian hit on sidewalk or shoulder,On Sidewalk or Shoulder,Normal,,,,Yes,,Yes,,,,,,,,,,,18,New Toronto,18,New Toronto (18),D22,620552.9874,4828890.5946
9167,7775674,1335937,1/7/2013 10:00:00 AM,925,STEELES AVE E,ASHCOTT ST,,Major Arterial,Scarborough,43.827245,-79.29169,At Intersection,Traffic Signal,Clear,Daylight,Dry,Non-Fatal Injury,Pedestrian Collisions,Pedestrian,20 to 24,Major,,North,Other,,,,Vehicle turns left while ped crosses with ROW at inter.,Crossing with right of way,Normal,,,,Yes,,Yes,,,,,,,Yes,,,,130,Milliken,130,Milliken (130),D42,637360.1596,4854102.9077
9168,7775675,1335937,1/7/2013 10:00:00 AM,925,STEELES AVE E,ASHCOTT ST,,Major Arterial,Scarborough,43.827245,-79.29169,At Intersection,Traffic Signal,Clear,Daylight,Dry,Non-Fatal Injury,Pedestrian Collisions,Driver,55 to 59,None,,South,"Automobile, Station Wagon",Turning Left,Failed to Yield Right of Way,Normal,,,,,,,Yes,,Yes,,,,,,,Yes,,,,130,Milliken,130,Milliken (130),D42,637360.1596,4854102.9077
9169,7788479,1343484,1/8/2013 10:00:00 AM,1735,YORK ST,BREMNER BLVD,,Major Arterial,Toronto and East York,43.642945,-79.38149,At Intersection,Traffic Signal,Clear,"Dark, artificial",Dry,Non-Fatal Injury,Pedestrian Collisions,Driver,55 to 59,None,,North,"Automobile, Station Wagon",Going Ahead,Driving Properly,Normal,,,,,,,Yes,,Yes,,,,,,,Yes,Yes,,,165,Harbourfront-CityPlace,77,Waterfront Communities-The Island (77),D52,630539.3839,4833488.489
9170,7788480,1343484,1/8/2013 10:00:00 AM,1735,YORK ST,BREMNER BLVD,,Major Arterial,Toronto and East York,43.642945,-79.38149,At Intersection,Traffic Signal,Clear,"Dark, artificial",Dry,Non-Fatal Injury,Pedestrian Collisions,Vehicle Owner,unknown,,,,Other,,,,,,,,,,Yes,,Yes,,,,,,,Yes,Yes,,,165,Harbourfront-CityPlace,77,Waterfront Communities-The Island (77),D52,630539.3839,4833488.489
9171,7788481,1343484,1/8/2013 10:00:00 AM,1735,YORK ST,BREMNER BLVD,,Major Arterial,Toronto and East York,43.642945,-79.38149,At Intersection,Traffic Signal,Clear,"Dark, artificial",Dry,Non-Fatal Injury,Pedestrian Collisions,Driver,20 to 24,None,,East,"Automobile, Station Wagon",Going Ahead,Disobeyed Traffic Control,Inattentive,,,,,,,Yes,,Yes,,,,,,,Yes,Yes,,,165,Harbourfront-CityPlace,77,Waterfront Communities-The Island (77),D52,630539.3839,4833488.489
9172,7788482,1343484,1/8/2013 10:00:00 AM,1735,YORK ST,BREMNER BLVD,,Major Arterial,Toronto and East York,43.642945,-79.38149,At Intersection,Traffic Signal,Clear,"Dark, artificial",Dry,Non-Fatal Injury,Pedestrian Collisions,Other Property Owner,unknown,,,,Other,,,,,,,,,,Yes,,Yes,,,,,,,Yes,Yes,,,165,Harbourfront-CityPlace,77,Waterfront Communities-The Island (77),D52,630539.3839,4833488.489
9173,7788483,1343484,1/8/2013 10:00:00 AM,1735,YORK ST,BREMNER BLVD,,Major Arterial,Toronto and East York,43.642945,-79.38149,At Intersection,Traffic Signal,Clear,"Dark, artificial",Dry,Non-Fatal Injury,Pedestrian Collisions,Pedestrian,45 to 49,Major,,Unknown,Other,,,,Pedestrian hit on sidewalk or shoulder,On Sidewalk or Shoulder,Normal,,,,Yes,,Yes,,,,,,,Yes,Yes,,,165,Harbourfront-CityPlace,77,Waterfront Communities-The Island (77),D52,630539.3839,4833488.489
9174,7790634,1344369,1/9/2013 10:00:00 AM,520,MARKHAM RD,GREENBRAE CRCT Circ,,Major Arterial,Scarborough,43.762145,-79.22629,At Intersection,Traffic Signal,Clear,"Dark, artificial",Wet,Non-Fatal Injury,Pedestrian Collisions,Driver,40 to 44,None,,East,"Automobile, Station Wagon",Turning Left,Failed to Yield Right of Way,Inattentive,,,,,,,Yes,,Yes,,,,,,,Yes,,,,142,Woburn North,137,Woburn (137),D43,642773.7973,4846983.1929
9175,7790635,1344369,1/9/2013 10:00:00 AM,520,MARKHAM RD,GREENBRAE CRCT Circ,,Major Arterial,Scarborough,43.762145,-79.22629,At Intersection,Traffic Signal,Clear,"Dark, artificial",Wet,Non-Fatal Injury,Pedestrian Collisions,Pedestrian,50 to 54,Major,,West,Other,,,,Vehicle turns left while ped crosses with ROW at inter.,Crossing with right of way,Normal,,,,Yes,,Yes,,,,,,,Yes,,,,142,Woburn North,137,Woburn (137),D43,642773.7973,4846983.1929
9176,7773871,1334701,1/9/2013 10:00:00 AM,655,STEELES AVE W,SIGNET DR,,Major Arterial,Etobicoke York,43.770945,-79.54339,At Intersection,Traffic Signal,Clear,"Dusk, artificial",Wet,Non-Fatal Injury,Pedestrian Collisions,Vehicle Owner,unknown,,,,Other,,,,,,,,,,Yes,,,,,Yes,,,,Yes,,,,NSA,NSA,NSA,NSA,D31,617231.5995,4847462.7443
9177,7773872,1334701,1/9/2013 10:00:00 AM,655,STEELES AVE W,SIGNET DR,,Major Arterial,Etobicoke York,43.770945,-79.54339,At Intersection,Traffic Signal,Clear,"Dusk, artificial",Wet,Non-Fatal Injury,Pedestrian Collisions,Driver,20 to 24,None,,North,Municipal Transit Bus (TTC),Turning Right,Failed to Yield Right of Way,Normal,,,,,,,Yes,,,,,Yes,,,,Yes,,,,NSA,NSA,NSA,NSA,D31,617231.5995,4847462.7443
9178,7773873,1334701,1/9/2013 10:00:00 AM,655,STEELES AVE W,SIGNET DR,,Major Arterial,Etobicoke York,43.770945,-79.54339,At Intersection,Traffic Signal,Clear,"Dusk, artificial",Wet,Non-Fatal Injury,Pedestrian Collisions,Pedestrian,45 to 49,Major,,North,Other,,,,Pedestrian involved in a collision with transit vehicle anywhere along roadway,Crossing with right of way,Normal,,,,Yes,,,,,Yes,,,,Yes,,,,NSA,NSA,NSA,NSA,D31,617231.5995,4847462.7443
9179,7774164,1334928,1/10/2013 10:00:00 AM,1851,MORNINGSIDE AVE,OLD FINCH AVE,,Minor Arterial,Scarborough,43.818743,-79.215091,At Intersection,Traffic Signal,Clear,Dark,Dry,Fatal,Turning Movement,Driver,35 to 39,None,,West,Municipal Transit Bus (TTC),Turning Right,Failed to Yield Right of Way,Normal,,,,,,,,,Yes,,,Yes,,,Yes,Yes,Yes,,,146,Malvern East,132,Malvern (132),D42,643539.704,4853288.6785
9180,7774165,1334928,1/10/2013 10:00:00 AM,1851,MORNINGSIDE AVE,OLD FINCH AVE,,Minor Arterial,Scarborough,43.818743,-79.215091,At Intersection,Traffic Signal,Clear,Dark,Dry,Fatal,Turning Movement,Driver,70 to 74,Fatal,1,North,"Automobile, Station Wagon",Going Ahead,Disobeyed Traffic Control,Unknown,,,,,,,,,Yes,,,Yes,,,Yes,Yes,Yes,,,146,Malvern East,132,Malvern (132),D42,643539.704,4853288.6785
9181,7774166,1334928,1/10/2013 10:00:00 AM,1851,MORNINGSIDE AVE,OLD FINCH AVE,,Minor Arterial,Scarborough,43.818743,-79.215091,At Intersection,Traffic Signal,Clear,Dark,Dry,Fatal,Turning Movement,Other Property Owner,unknown,,,,,,,,,,,,,,,,Yes,,,Yes,,,Yes,Yes,Yes,,,146,Malvern East,132,Malvern (132),D42,643539.704,4853288.6785
9182,7792144,1344985,1/11/2013 10:00:00 AM,626,VICTORIA PARK AVE,FINCH AVE E,,Major Arterial,North York,43.793145,-79.33139,At Intersection,Traffic Signal,Rain,Dark,Wet,Non-Fatal Injury,Pedestrian Collisions,Driver,70 to 74,None,,East,"Automobile, Station Wagon",Turning Left,Failed to Yield Right of Way,Normal,,,,,,,Yes,,Yes,,,,,,,Yes,,,,147,L'Amoreaux West,117,L'Amoreaux (117),D42,634244.346,4850250.3915
9183,7792145,1344985,1/11/2013 10:00:00 AM,626,VICTORIA PARK AVE,FINCH AVE E,,Major Arterial,North York,43.793145,-79.33139,At Intersection,Traffic Signal,Rain,Dark,Wet,Non-Fatal Injury,Pedestrian Collisions,Pedestrian,45 to 49,Major,,East,Other,,,,Vehicle turns left while ped crosses with ROW at inter.,Crossing with right of way,Normal,,,,Yes,,Yes,,,,,,,Yes,,,,147,L'Amoreaux West,117,L'Amoreaux (117),D42,634244.346,4850250.3915
9184,7774517,1335099,1/12/2013 10:00:00 AM,757,FINCH AVE W,TANGIERS RD,,Major Arterial,North York,43.764045,-79.48829,At Intersection,Traffic Signal,Clear,Daylight,Wet,Non-Fatal Injury,Angle,Truck Driver,40 to 44,None,,East,Truck - Open,Going Ahead,Driving Properly,Normal,,,,,,,,,Yes,,Yes,,,,,Yes,,,,27,York University Heights,27,York University Heights (27),D31,621680.208,4846775.8796
9185,7774518,1335099,1/12/2013 10:00:00 AM,757,FINCH AVE W,TANGIERS RD,,Major Arterial,North York,43.764045,-79.48829,At Intersection,Traffic Signal,Clear,Daylight,Wet,Non-Fatal Injury,Angle,Vehicle Owner,unknown,,,,Other,,,,,,,,,,,,Yes,,Yes,,,,,Yes,,,,27,York University Heights,27,York University Heights (27),D31,621680.208,4846775.8796
9186,7774519,1335099,1/12/2013 10:00:00 AM,757,FINCH AVE W,TANGIERS RD,,Major Arterial,North York,43.764045,-79.48829,At Intersection,Traffic Signal,Clear,Daylight,Wet,Non-Fatal Injury,Angle,Driver,35 to 39,Major,,North,"Automobile, Station Wagon",Going Ahead,Failed to Yield Right of Way,Normal,,,,,,,,,Yes,,Yes,,,,,Yes,,,,27,York University Heights,27,York University Heights (27),D31,621680.208,4846775.8796
9187,7790610,1344358,1/13/2013 10:00:00 AM,640,DUNDAS ST E,JARVIS ST,,Major Arterial,Toronto and East York,43.657057,-79.374553,,No Control,Rain,"Dark, artificial",Wet,Non-Fatal Injury,Pedestrian Collisions,Vehicle Owner,unknown,,,,Other,,,,,,,,,,Yes,,Yes,,,Yes,,,,,,,,73,Moss Park,73,Moss Park (73),D51,631068.1875,4835066.7462
9188,7790611,1344358,1/13/2013 10:00:00 AM,640,DUNDAS ST E,JARVIS ST,,Major Arterial,Toronto and East York,43.657057,-79.374553,,No Control,Rain,"Dark, artificial",Wet,Non-Fatal Injury,Pedestrian Collisions,Driver,50 to 54,None,,East,"Automobile, Station Wagon",Going Ahead,Driving Properly,Normal,,,,,,,Yes,,Yes,,,Yes,,,,,,,,73,Moss Park,73,Moss Park (73),D51,631068.1875,4835066.7462
9189,7790612,1344358,1/13/2013 10:00:00 AM,640,DUNDAS ST E,JARVIS ST,,Major Arterial,Toronto and East York,43.657057,-79.374553,,No Control,Rain,"Dark, artificial",Wet,Non-Fatal Injury,Pedestrian Collisions,Driver,35 to 39,None,,East,Municipal Transit Bus (TTC),Going Ahead,Driving Properly,Normal,,,,,,,Yes,,Yes,,,Yes,,,,,,,,73,Moss Park,73,Moss Park (73),D51,631068.1875,4835066.7462