OBJECTID,INDEX,ACCNUM,DATE,TIME,STREET1,STREET2,OFFSET,ROAD_CLASS,DISTRICT,LATITUDE,LONGITUDE,ACCLOC,TRAFFCTL,VISIBILITY,LIGHT,RDSFCOND,ACCLASS,IMPACTYPE,INVTYPE,INVAGE,INJURY,FATAL_NO,INITDIR,VEHTYPE,MANOEUVER,DRIVACT,DRIVCOND,PEDTYPE,PEDACT,PEDCOND,CYCLISTYPE,CYCACT,CYCCOND,PEDESTRIAN,CYCLIST,AUTOMOBILE,MOTORCYCLE,TRUCK,TRSN_CITY_VEH,EMERG_VEH,PASSENGER,SPEEDING,AG_DRIV,REDLIGHT,ALCOHOL,DISABILITY,HOOD_158,NEIGHBOURHOOD_158,HOOD_140,NEIGHBOURHOOD_140,DIVISION,x,y
9190,7790613,1344358,1/13/2013 10:00:00 AM,640,DUNDAS ST E,JARVIS ST,,Major Arterial,Toronto and East York,43.657057,-79.374553,,No Control,Rain,"Dark, artificial",Wet,Non-Fatal Injury,Pedestrian Collisions,Pedestrian,30 to 34,Major,,North,Other,,,,Pedestrian hit at mid-block,"Crossing, no Traffic Control",Inattentive,,,,Yes,,Yes,,,Yes,,,,,,,,73,Moss Park,73,Moss Park (73),D51,631068.1875,4835066.7462
9191,7775214,1335553,1/15/2013 10:00:00 AM,1438,YONGE ST,MARLBOROUGH AVE,,Major Arterial,Toronto and East York,43.679843,-79.390689,At Intersection,Stop Sign,Clear,Daylight,Dry,Fatal,Pedestrian Collisions,Vehicle Owner,unknown,,,,,,,,,,,,,,Yes,,Yes,,,,,Yes,,,,,,98,Rosedale-Moore Park,98,Rosedale-Moore Park (98),D53,629717.9513,4837572.0747
9192,7775215,1335553,1/15/2013 10:00:00 AM,1438,YONGE ST,MARLBOROUGH AVE,,Major Arterial,Toronto and East York,43.679843,-79.390689,At Intersection,Stop Sign,Clear,Daylight,Dry,Fatal,Pedestrian Collisions,Driver,50 to 54,None,,East,"Automobile, Station Wagon",Turning Left,Improper Turn,Inattentive,,,,,,,Yes,,Yes,,,,,Yes,,,,,,98,Rosedale-Moore Park,98,Rosedale-Moore Park (98),D53,629717.9513,4837572.0747
9193,7775216,1335553,1/15/2013 10:00:00 AM,1438,YONGE ST,MARLBOROUGH AVE,,Major Arterial,Toronto and East York,43.679843,-79.390689,At Intersection,Stop Sign,Clear,Daylight,Dry,Fatal,Pedestrian Collisions,Pedestrian,75 to 79,Fatal,3,West,,,,,Vehicle turns left while ped crosses without ROW at inter.,Crossing without right of way,Inattentive,,,,Yes,,Yes,,,,,Yes,,,,,,98,Rosedale-Moore Park,98,Rosedale-Moore Park (98),D53,629717.9513,4837572.0747
9194,7775217,1335553,1/15/2013 10:00:00 AM,1438,YONGE ST,MARLBOROUGH AVE,,Major Arterial,Toronto and East York,43.679843,-79.390689,At Intersection,Stop Sign,Clear,Daylight,Dry,Fatal,Pedestrian Collisions,Passenger,50 to 54,None,,,,,,,,,,,,,Yes,,Yes,,,,,Yes,,,,,,98,Rosedale-Moore Park,98,Rosedale-Moore Park (98),D53,629717.9513,4837572.0747
9195,7790024,1344093,1/16/2013 10:00:00 AM,640,YONGE ST,ORCHARD VIEW BLVD,,Major Arterial,North York,43.708645,-79.39879,,No Control,Clear,"Dark, artificial",Dry,Non-Fatal Injury,Pedestrian Collisions,Driver,65 to 69,None,,North,"Automobile, Station Wagon",Going Ahead,Driving Properly,Normal,,,,,,,Yes,,Yes,,,,,,,,,,,100,Yonge-Eglinton,100,Yonge-Eglinton (100),D53,629003.1942,4840758.2978
9196,7790025,1344093,1/16/2013 10:00:00 AM,640,YONGE ST,ORCHARD VIEW BLVD,,Major Arterial,North York,43.708645,-79.39879,,No Control,Clear,"Dark, artificial",Dry,Non-Fatal Injury,Pedestrian Collisions,Pedestrian,55 to 59,Major,,West,Other,,,,Pedestrian hit at mid-block,Crossing without right of way,Inattentive,,,,Yes,,Yes,,,,,,,,,,,100,Yonge-Eglinton,100,Yonge-Eglinton (100),D53,629003.1942,4840758.2978
9197,7790048,1344102,1/16/2013 10:00:00 AM,642,DUPONT ST,EMERSON AVE,,Major Arterial,Toronto and East York,43.667245,-79.44419,At Intersection,No Control,Clear,"Dark, artificial",Dry,Non-Fatal Injury,Turning Movement,Driver,60 to 64,Major,,East,"Automobile, Station Wagon",Turning Left,Improper Turn,Normal,,,,,,,,,Yes,,,,,,,,,,,171,Junction-Wallace Emerson,93,Dovercourt-Wallace Emerson-Junction (93),D11,625431.7231,4836090.6137
9198,7790049,1344102,1/16/2013 10:00:00 AM,642,DUPONT ST,EMERSON AVE,,Major Arterial,Toronto and East York,43.667245,-79.44419,At Intersection,No Control,Clear,"Dark, artificial",Dry,Non-Fatal Injury,Turning Movement,Driver,50 to 54,Minimal,,West,"Automobile, Station Wagon",Going Ahead,Driving Properly,Normal,,,,,,,,,Yes,,,,,,,,,,,171,Junction-Wallace Emerson,93,Dovercourt-Wallace Emerson-Junction (93),D11,625431.7231,4836090.6137
9199,7790029,1344095,1/16/2013 10:00:00 AM,855,DUNVEGAN RD,HEATH ST W,,Collector,Toronto and East York,43.688045,-79.40559,At Intersection,Stop Sign,Clear,Daylight,Dry,Non-Fatal Injury,Pedestrian Collisions,Driver,40 to 44,None,,South,"Automobile, Station Wagon",Turning Left,Failed to Yield Right of Way,Inattentive,,,,,,,Yes,,Yes,,,,,,,Yes,,,,96,Casa Loma,96,Casa Loma (96),D53,628499.3364,4838459.8214
9200,7790030,1344095,1/16/2013 10:00:00 AM,855,DUNVEGAN RD,HEATH ST W,,Collector,Toronto and East York,43.688045,-79.40559,At Intersection,Stop Sign,Clear,Daylight,Dry,Non-Fatal Injury,Pedestrian Collisions,Pedestrian,65 to 69,Major,,West,Other,,,,Vehicle turns left while ped crosses with ROW at inter.,Crossing with right of way,Normal,,,,Yes,,Yes,,,,,,,Yes,,,,96,Casa Loma,96,Casa Loma (96),D53,628499.3364,4838459.8214
9201,7791068,1344553,1/17/2013 10:00:00 AM,1555,2 EIREANN QUAY Quay,,,Collector,Toronto and East York,43.635145,-79.39779,,No Control,Clear,Daylight,Dry,Non-Fatal Injury,Pedestrian Collisions,Driver,35 to 39,None,,West,"Automobile, Station Wagon",Turning Left,Failed to Yield Right of Way,Normal,,,,,,,Yes,,Yes,,,,,,,Yes,,,,165,Harbourfront-CityPlace,77,Waterfront Communities-The Island (77),D14,629241.4313,4832596.6902
9202,7791069,1344553,1/17/2013 10:00:00 AM,1555,2 EIREANN QUAY Quay,,,Collector,Toronto and East York,43.635145,-79.39779,,No Control,Clear,Daylight,Dry,Non-Fatal Injury,Pedestrian Collisions,Pedestrian,unknown,Major,,,Other,,,,Pedestrian hit at private driveway,On Sidewalk or Shoulder,Inattentive,,,,Yes,,Yes,,,,,,,Yes,,,,165,Harbourfront-CityPlace,77,Waterfront Communities-The Island (77),D14,629241.4313,4832596.6902
9203,7778862,1337714,1/18/2013 10:00:00 AM,221,BATHURST ST,FRONT ST W,,Major Arterial,Toronto and East York,43.640745,-79.40139,At Intersection,Traffic Signal,Clear,"Dark, artificial",Wet,Non-Fatal Injury,Pedestrian Collisions,Passenger,45 to 49,None,,,Other,,,,,,,,,,Yes,,Yes,,,,,Yes,,,,,,165,Harbourfront-CityPlace,77,Waterfront Communities-The Island (77),D14,628939.0577,4833213.0432
9204,7778863,1337714,1/18/2013 10:00:00 AM,221,BATHURST ST,FRONT ST W,,Major Arterial,Toronto and East York,43.640745,-79.40139,At Intersection,Traffic Signal,Clear,"Dark, artificial",Wet,Non-Fatal Injury,Pedestrian Collisions,Driver,35 to 39,None,,South,"Automobile, Station Wagon",Going Ahead,Driving Properly,Normal,,,,,,,Yes,,Yes,,,,,Yes,,,,,,165,Harbourfront-CityPlace,77,Waterfront Communities-The Island (77),D14,628939.0577,4833213.0432
9205,7778864,1337714,1/18/2013 10:00:00 AM,221,BATHURST ST,FRONT ST W,,Major Arterial,Toronto and East York,43.640745,-79.40139,At Intersection,Traffic Signal,Clear,"Dark, artificial",Wet,Non-Fatal Injury,Pedestrian Collisions,Pedestrian,40 to 44,Major,,Unknown,Other,,,,Other / Undefined,Playing or Working on Highway,Normal,,,,Yes,,Yes,,,,,Yes,,,,,,165,Harbourfront-CityPlace,77,Waterfront Communities-The Island (77),D14,628939.0577,4833213.0432
9206,7775830,1336042,1/18/2013 10:00:00 AM,1031,BATHURST ST,VESTA DR,,Major Arterial,North York,43.703345,-79.42589,,Traffic Signal,Clear,Daylight,Dry,Non-Fatal Injury,Pedestrian Collisions,Vehicle Owner,unknown,,,,Other,,,,,,,,,,Yes,,Yes,,,,,,,Yes,,,,102,Forest Hill North,102,Forest Hill North (102),D53,626831.01,4840127.8424
9207,7775831,1336042,1/18/2013 10:00:00 AM,1031,BATHURST ST,VESTA DR,,Major Arterial,North York,43.703345,-79.42589,,Traffic Signal,Clear,Daylight,Dry,Non-Fatal Injury,Pedestrian Collisions,Driver,35 to 39,None,,South,"Automobile, Station Wagon",Turning Left,Failed to Yield Right of Way,Normal,,,,,,,Yes,,Yes,,,,,,,Yes,,,,102,Forest Hill North,102,Forest Hill North (102),D53,626831.01,4840127.8424
9208,7775832,1336042,1/18/2013 10:00:00 AM,1031,BATHURST ST,VESTA DR,,Major Arterial,North York,43.703345,-79.42589,,Traffic Signal,Clear,Daylight,Dry,Non-Fatal Injury,Pedestrian Collisions,Pedestrian,65 to 69,Major,,North,Other,,,,Vehicle turns left while ped crosses with ROW at inter.,Crossing with right of way,Unknown,,,,Yes,,Yes,,,,,,,Yes,,,,102,Forest Hill North,102,Forest Hill North (102),D53,626831.01,4840127.8424
9209,7775925,1336078,1/18/2013 10:00:00 AM,1529,WARDEN AVE,HYMUS RD,,Major Arterial,Scarborough,43.719545,-79.28419,,No Control,Clear,Daylight,Dry,Non-Fatal Injury,Approaching,Passenger,50 to 54,Major,,,Other,,,,,,,,,,,,Yes,,,,,Yes,,Yes,,,,120,Clairlea-Birchmount,120,Clairlea-Birchmount (120),D41,638211.1077,4842153.6284
9210,7775926,1336078,1/18/2013 10:00:00 AM,1529,WARDEN AVE,HYMUS RD,,Major Arterial,Scarborough,43.719545,-79.28419,,No Control,Clear,Daylight,Dry,Non-Fatal Injury,Approaching,Passenger,50 to 54,Minor,,,Other,,,,,,,,,,,,Yes,,,,,Yes,,Yes,,,,120,Clairlea-Birchmount,120,Clairlea-Birchmount (120),D41,638211.1077,4842153.6284
9211,7775927,1336078,1/18/2013 10:00:00 AM,1529,WARDEN AVE,HYMUS RD,,Major Arterial,Scarborough,43.719545,-79.28419,,No Control,Clear,Daylight,Dry,Non-Fatal Injury,Approaching,Passenger,75 to 79,Major,,,Other,,,,,,,,,,,,Yes,,,,,Yes,,Yes,,,,120,Clairlea-Birchmount,120,Clairlea-Birchmount (120),D41,638211.1077,4842153.6284
9212,7775928,1336078,1/18/2013 10:00:00 AM,1529,WARDEN AVE,HYMUS RD,,Major Arterial,Scarborough,43.719545,-79.28419,,No Control,Clear,Daylight,Dry,Non-Fatal Injury,Approaching,Driver,80 to 84,Minor,,South,"Automobile, Station Wagon",Going Ahead,Driving Properly,Normal,,,,,,,,,Yes,,,,,Yes,,Yes,,,,120,Clairlea-Birchmount,120,Clairlea-Birchmount (120),D41,638211.1077,4842153.6284
9213,7775929,1336078,1/18/2013 10:00:00 AM,1529,WARDEN AVE,HYMUS RD,,Major Arterial,Scarborough,43.719545,-79.28419,,No Control,Clear,Daylight,Dry,Non-Fatal Injury,Approaching,Vehicle Owner,unknown,,,,Other,,,,,,,,,,,,Yes,,,,,Yes,,Yes,,,,120,Clairlea-Birchmount,120,Clairlea-Birchmount (120),D41,638211.1077,4842153.6284
9214,7775930,1336078,1/18/2013 10:00:00 AM,1529,WARDEN AVE,HYMUS RD,,Major Arterial,Scarborough,43.719545,-79.28419,,No Control,Clear,Daylight,Dry,Non-Fatal Injury,Approaching,Driver,15 to 19,Minimal,,North,"Automobile, Station Wagon",Changing Lanes,Lost control,Inattentive,,,,,,,,,Yes,,,,,Yes,,Yes,,,,120,Clairlea-Birchmount,120,Clairlea-Birchmount (120),D41,638211.1077,4842153.6284
9215,7792186,1345002,1/18/2013 10:00:00 AM,2041,SHEPPARD AVE W,KEELE ST,,Major Arterial,North York,43.744745,-79.48639,At Intersection,Traffic Signal,Clear,"Dark, artificial",Wet,Non-Fatal Injury,Pedestrian Collisions,Driver,55 to 59,Minimal,,East,"Automobile, Station Wagon",Turning Right,Failed to Yield Right of Way,Unknown,,,,,,,Yes,,Yes,,,,,,,Yes,,,,155,Downsview,26,Downsview-Roding-CFB (26),D31,621872.3142,4844635.1237
9216,7792187,1345002,1/18/2013 10:00:00 AM,2041,SHEPPARD AVE W,KEELE ST,,Major Arterial,North York,43.744745,-79.48639,At Intersection,Traffic Signal,Clear,"Dark, artificial",Wet,Non-Fatal Injury,Pedestrian Collisions,Pedestrian,40 to 44,Major,,East,Other,,,,Vehicle turns right while ped crosses with ROW at inter.,Crossing with right of way,Unknown,,,,Yes,,Yes,,,,,,,Yes,,,,155,Downsview,26,Downsview-Roding-CFB (26),D31,621872.3142,4844635.1237
9217,7791137,1344579,1/19/2013 10:00:00 AM,852,DAVENPORT RD,SHAW ST,,Minor Arterial,Toronto and East York,43.674745,-79.42829,At Intersection,Pedestrian Crossover,Clear,Dark,Wet,Non-Fatal Injury,Cyclist Collisions,Driver,60 to 64,None,,West,"Automobile, Station Wagon",Turning Left,Failed to Yield Right of Way,Inattentive,,,,,,,,Yes,Yes,,,,,,,Yes,,,,94,Wychwood,94,Wychwood (94),D13,626697.835,4836947.752
9218,7791138,1344579,1/19/2013 10:00:00 AM,852,DAVENPORT RD,SHAW ST,,Minor Arterial,Toronto and East York,43.674745,-79.42829,At Intersection,Pedestrian Crossover,Clear,Dark,Wet,Non-Fatal Injury,Cyclist Collisions,Cyclist,25 to 29,Major,,East,Bicycle,Going Ahead,,,,,,Motorist turned left across cyclists path.,Driving Properly,Normal,,Yes,Yes,,,,,,,Yes,,,,94,Wychwood,94,Wychwood (94),D13,626697.835,4836947.752
9219,7777323,1336921,1/23/2013 10:00:00 AM,1556,EGLINTON AVE E,SINNOTT RD,,Major Arterial,Scarborough,43.729346,-79.280689,At Intersection,Traffic Signal,Clear,Daylight,Dry,Fatal,Pedestrian Collisions,Vehicle Owner,unknown,,,,,,,,,,,,,,Yes,,,,,Yes,,,,Yes,Yes,,,120,Clairlea-Birchmount,120,Clairlea-Birchmount (120),D41,638470.5376,4843248.0182
9220,7777324,1336921,1/23/2013 10:00:00 AM,1556,EGLINTON AVE E,SINNOTT RD,,Major Arterial,Scarborough,43.729346,-79.280689,At Intersection,Traffic Signal,Clear,Daylight,Dry,Fatal,Pedestrian Collisions,Driver,35 to 39,None,,East,Municipal Transit Bus (TTC),Going Ahead,Disobeyed Traffic Control,Inattentive,,,,,,,Yes,,,,,Yes,,,,Yes,Yes,,,120,Clairlea-Birchmount,120,Clairlea-Birchmount (120),D41,638470.5376,4843248.0182
9221,7777325,1336921,1/23/2013 10:00:00 AM,1556,EGLINTON AVE E,SINNOTT RD,,Major Arterial,Scarborough,43.729346,-79.280689,At Intersection,Traffic Signal,Clear,Daylight,Dry,Fatal,Pedestrian Collisions,Pedestrian,45 to 49,Fatal,2,North,,,,,Pedestrian involved in a collision with transit vehicle anywhere along roadway,Crossing with right of way,Normal,,,,Yes,,,,,Yes,,,,Yes,Yes,,,120,Clairlea-Birchmount,120,Clairlea-Birchmount (120),D41,638470.5376,4843248.0182
9222,7792774,1345231,1/25/2013 10:00:00 AM,920,ALBION RD,HIGHWAY 27  S,,Major Arterial,Etobicoke York,43.744645,-79.60999,,No Control,Clear,Daylight,Dry,Non-Fatal Injury,Rear End,Truck Driver,60 to 64,None,,East,Truck - Open,Stopped,Driving Properly,Normal,,,,,,,,,Yes,,Yes,,,,Yes,Yes,,,,1,West Humber-Clairville,1,West Humber-Clairville (1),D23,611920.4516,4844449.6152
9223,7792775,1345231,1/25/2013 10:00:00 AM,920,ALBION RD,HIGHWAY 27  S,,Major Arterial,Etobicoke York,43.744645,-79.60999,,No Control,Clear,Daylight,Dry,Non-Fatal Injury,Rear End,Vehicle Owner,unknown,,,,Other,,,,,,,,,,,,Yes,,Yes,,,,Yes,Yes,,,,1,West Humber-Clairville,1,West Humber-Clairville (1),D23,611920.4516,4844449.6152
9224,7792776,1345231,1/25/2013 10:00:00 AM,920,ALBION RD,HIGHWAY 27  S,,Major Arterial,Etobicoke York,43.744645,-79.60999,,No Control,Clear,Daylight,Dry,Non-Fatal Injury,Rear End,Driver,25 to 29,Major,,East,"Automobile, Station Wagon",Going Ahead,Speed too Fast For Condition,Inattentive,,,,,,,,,Yes,,Yes,,,,Yes,Yes,,,,1,West Humber-Clairville,1,West Humber-Clairville (1),D23,611920.4516,4844449.6152
9225,7792777,1345231,1/25/2013 10:00:00 AM,920,ALBION RD,HIGHWAY 27  S,,Major Arterial,Etobicoke York,43.744645,-79.60999,,No Control,Clear,Daylight,Dry,Non-Fatal Injury,Rear End,Trailer Owner,unknown,,,,Other,,,,,,,,,,,,Yes,,Yes,,,,Yes,Yes,,,,1,West Humber-Clairville,1,West Humber-Clairville (1),D23,611920.4516,4844449.6152
9226,7779291,1337952,1/25/2013 10:00:00 AM,1409,BLOOR ST W,OLD MILL TER,,Major Arterial,Etobicoke York,43.650046,-79.498409,At Intersection,Stop Sign,Snow,Daylight,Loose Snow,Non-Fatal Injury,Rear End,Driver,45 to 49,Major,,East,"Automobile, Station Wagon",Going Ahead,,,,,,,,,,,Yes,,,,,Yes,,Yes,,,,16,Stonegate-Queensway,16,Stonegate-Queensway (16),D22,621095.0361,4834099.8941
9227,7779292,1337952,1/25/2013 10:00:00 AM,1409,BLOOR ST W,OLD MILL TER,,Major Arterial,Etobicoke York,43.650046,-79.498409,At Intersection,Stop Sign,Snow,Daylight,Loose Snow,Non-Fatal Injury,Rear End,Passenger,unknown,Minimal,,,Other,,,,,,,,,,,,Yes,,,,,Yes,,Yes,,,,16,Stonegate-Queensway,16,Stonegate-Queensway (16),D22,621095.0361,4834099.8941
9228,7779293,1337952,1/25/2013 10:00:00 AM,1409,BLOOR ST W,OLD MILL TER,,Major Arterial,Etobicoke York,43.650046,-79.498409,At Intersection,Stop Sign,Snow,Daylight,Loose Snow,Non-Fatal Injury,Rear End,Driver,35 to 39,None,,East,"Automobile, Station Wagon",Going Ahead,Following too Close,,,,,,,,,,Yes,,,,,Yes,,Yes,,,,16,Stonegate-Queensway,16,Stonegate-Queensway (16),D22,621095.0361,4834099.8941
9229,7779294,1337952,1/25/2013 10:00:00 AM,1409,BLOOR ST W,OLD MILL TER,,Major Arterial,Etobicoke York,43.650046,-79.498409,At Intersection,Stop Sign,Snow,Daylight,Loose Snow,Non-Fatal Injury,Rear End,Vehicle Owner,unknown,,,,Other,,,,,,,,,,,,Yes,,,,,Yes,,Yes,,,,16,Stonegate-Queensway,16,Stonegate-Queensway (16),D22,621095.0361,4834099.8941
9230,7779295,1337952,1/25/2013 10:00:00 AM,1409,BLOOR ST W,OLD MILL TER,,Major Arterial,Etobicoke York,43.650046,-79.498409,At Intersection,Stop Sign,Snow,Daylight,Loose Snow,Non-Fatal Injury,Rear End,Driver,60 to 64,None,,East,Other,Slowing or Stopping,,,,,,,,,,,Yes,,,,,Yes,,Yes,,,,16,Stonegate-Queensway,16,Stonegate-Queensway (16),D22,621095.0361,4834099.8941
9231,7779455,1338092,1/30/2013 10:00:00 AM,1707,TAPSCOTT RD,MCLEVIN AVE,,Minor Arterial,Scarborough,43.805845,-79.22809,At Intersection,No Control,Clear,Daylight,Wet,Non-Fatal Injury,Approaching,Passenger,45 to 49,Minor,,,"Automobile, Station Wagon",,,,,,,,,,,,Yes,,,,,Yes,,,,,,145,Malvern West,132,Malvern (132),D42,642525.0118,4851833.671
9232,7779456,1338092,1/30/2013 10:00:00 AM,1707,TAPSCOTT RD,MCLEVIN AVE,,Minor Arterial,Scarborough,43.805845,-79.22809,At Intersection,No Control,Clear,Daylight,Wet,Non-Fatal Injury,Approaching,Driver,50 to 54,Major,,South,"Automobile, Station Wagon",Going Ahead,Driving Properly,Normal,,,,,,,,,Yes,,,,,Yes,,,,,,145,Malvern West,132,Malvern (132),D42,642525.0118,4851833.671
9233,7779457,1338092,1/30/2013 10:00:00 AM,1707,TAPSCOTT RD,MCLEVIN AVE,,Minor Arterial,Scarborough,43.805845,-79.22809,At Intersection,No Control,Clear,Daylight,Wet,Non-Fatal Injury,Approaching,Passenger,65 to 69,Major,,,Other,,,,,,,,,,,,Yes,,,,,Yes,,,,,,145,Malvern West,132,Malvern (132),D42,642525.0118,4851833.671
9234,7779458,1338092,1/30/2013 10:00:00 AM,1707,TAPSCOTT RD,MCLEVIN AVE,,Minor Arterial,Scarborough,43.805845,-79.22809,At Intersection,No Control,Clear,Daylight,Wet,Non-Fatal Injury,Approaching,Vehicle Owner,unknown,,,,Other,,,,,,,,,,,,Yes,,,,,Yes,,,,,,145,Malvern West,132,Malvern (132),D42,642525.0118,4851833.671
9235,7779459,1338092,1/30/2013 10:00:00 AM,1707,TAPSCOTT RD,MCLEVIN AVE,,Minor Arterial,Scarborough,43.805845,-79.22809,At Intersection,No Control,Clear,Daylight,Wet,Non-Fatal Injury,Approaching,Driver,70 to 74,Minor,,North,"Automobile, Station Wagon",Going Ahead,Other,Unknown,,,,,,,,,Yes,,,,,Yes,,,,,,145,Malvern West,132,Malvern (132),D42,642525.0118,4851833.671
9236,7780424,1338700,2/2/2013 10:00:00 AM,1041,550 BIRCHMOUNT RD,,,Minor Arterial,Scarborough,43.711943,-79.270191,,No Control,Snow,Daylight,Wet,Fatal,Pedestrian Collisions,Driver,55 to 59,None,,East,"Automobile, Station Wagon",Turning Left,Failed to Yield Right of Way,Inattentive,,,,,,,Yes,,Yes,,,,,,,Yes,,,,120,Clairlea-Birchmount,120,Clairlea-Birchmount (120),D41,639356.3832,4841332.7567
9237,7780425,1338700,2/2/2013 10:00:00 AM,1041,550 BIRCHMOUNT RD,,,Minor Arterial,Scarborough,43.711943,-79.270191,,No Control,Snow,Daylight,Wet,Fatal,Pedestrian Collisions,Pedestrian,65 to 69,Fatal,4,South,,,,,Pedestrian hit at private driveway,Crossing with right of way,Normal,,,,Yes,,Yes,,,,,,,Yes,,,,120,Clairlea-Birchmount,120,Clairlea-Birchmount (120),D41,639356.3832,4841332.7567
9238,7780465,1338722,2/2/2013 10:00:00 AM,2050,LAWRENCE AVE W,CULFORD RD,,Major Arterial,Etobicoke York,43.706945,-79.48519,,No Control,Clear,"Dark, artificial",Dry,Non-Fatal Injury,Pedestrian Collisions,Vehicle Owner,unknown,,,,Other,,,,,,,,,,Yes,,Yes,,,,,,,Yes,,,,29,Maple Leaf,29,Maple Leaf (29),D12,622045.6744,4840438.6622
9239,7780466,1338722,2/2/2013 10:00:00 AM,2050,LAWRENCE AVE W,CULFORD RD,,Major Arterial,Etobicoke York,43.706945,-79.48519,,No Control,Clear,"Dark, artificial",Dry,Non-Fatal Injury,Pedestrian Collisions,Driver,55 to 59,None,,East,"Automobile, Station Wagon",Disabled,Driving Properly,Normal,,,,,,,Yes,,Yes,,,,,,,Yes,,,,29,Maple Leaf,29,Maple Leaf (29),D12,622045.6744,4840438.6622
9240,7780467,1338722,2/2/2013 10:00:00 AM,2050,LAWRENCE AVE W,CULFORD RD,,Major Arterial,Etobicoke York,43.706945,-79.48519,,No Control,Clear,"Dark, artificial",Dry,Non-Fatal Injury,Pedestrian Collisions,Driver,30 to 34,None,,East,"Automobile, Station Wagon",Changing Lanes,Driving Properly,Normal,,,,,,,Yes,,Yes,,,,,,,Yes,,,,29,Maple Leaf,29,Maple Leaf (29),D12,622045.6744,4840438.6622
9241,7780468,1338722,2/2/2013 10:00:00 AM,2050,LAWRENCE AVE W,CULFORD RD,,Major Arterial,Etobicoke York,43.706945,-79.48519,,No Control,Clear,"Dark, artificial",Dry,Non-Fatal Injury,Pedestrian Collisions,Driver,50 to 54,None,,East,"Automobile, Station Wagon",Going Ahead,Other,Normal,,,,,,,Yes,,Yes,,,,,,,Yes,,,,29,Maple Leaf,29,Maple Leaf (29),D12,622045.6744,4840438.6622
9242,7780469,1338722,2/2/2013 10:00:00 AM,2050,LAWRENCE AVE W,CULFORD RD,,Major Arterial,Etobicoke York,43.706945,-79.48519,,No Control,Clear,"Dark, artificial",Dry,Non-Fatal Injury,Pedestrian Collisions,Pedestrian,20 to 24,Major,,Unknown,Other,,,,Other / Undefined,Pushing/Working on Vehicle,Normal,,,,Yes,,Yes,,,,,,,Yes,,,,29,Maple Leaf,29,Maple Leaf (29),D12,622045.6744,4840438.6622
9243,7780470,1338722,2/2/2013 10:00:00 AM,2050,LAWRENCE AVE W,CULFORD RD,,Major Arterial,Etobicoke York,43.706945,-79.48519,,No Control,Clear,"Dark, artificial",Dry,Non-Fatal Injury,Pedestrian Collisions,Pedestrian,20 to 24,Major,,Unknown,Other,,,,Other / Undefined,Pushing/Working on Vehicle,Normal,,,,Yes,,Yes,,,,,,,Yes,,,,29,Maple Leaf,29,Maple Leaf (29),D12,622045.6744,4840438.6622
9244,7780848,1338947,2/4/2013 10:00:00 AM,1850,SPADINA RD,LONSDALE RD,,Minor Arterial,Toronto and East York,43.688145,-79.41259,,No Control,Clear,"Dark, artificial",Dry,Non-Fatal Injury,Pedestrian Collisions,Driver,70 to 74,None,,North,"Automobile, Station Wagon",Going Ahead,Driving Properly,Normal,,,,,,,Yes,,Yes,,,,,,,,,,,101,Forest Hill South,101,Forest Hill South (101),D13,627934.9627,4838460.1048
9245,7780849,1338947,2/4/2013 10:00:00 AM,1850,SPADINA RD,LONSDALE RD,,Minor Arterial,Toronto and East York,43.688145,-79.41259,,No Control,Clear,"Dark, artificial",Dry,Non-Fatal Injury,Pedestrian Collisions,Pedestrian,65 to 69,Major,,West,Other,,,,Pedestrian hit at mid-block,"Crossing, no Traffic Control",Inattentive,,,,Yes,,Yes,,,,,,,,,,,101,Forest Hill South,101,Forest Hill South (101),D13,627934.9627,4838460.1048
9246,7781194,1339180,2/6/2013 10:00:00 AM,1045,DUNDAS ST W,SHERIDAN AVE,,Minor Arterial,Toronto and East York,43.649745,-79.433688,At Intersection,Traffic Signal,Clear,Daylight,Dry,Fatal,Pedestrian Collisions,Vehicle Owner,unknown,,,,,,,,,,,,,,Yes,,,,Yes,,,,,,,,,84,Little Portugal,84,Little Portugal (84),D11,626315.108,4834162.9412
9247,7781195,1339180,2/6/2013 10:00:00 AM,1045,DUNDAS ST W,SHERIDAN AVE,,Minor Arterial,Toronto and East York,43.649745,-79.433688,At Intersection,Traffic Signal,Clear,Daylight,Dry,Fatal,Pedestrian Collisions,Truck Driver,55 to 59,None,,East,Truck-Tractor,Going Ahead,Driving Properly,Normal,,,,,,,Yes,,,,Yes,,,,,,,,,84,Little Portugal,84,Little Portugal (84),D11,626315.108,4834162.9412
9248,7781196,1339180,2/6/2013 10:00:00 AM,1045,DUNDAS ST W,SHERIDAN AVE,,Minor Arterial,Toronto and East York,43.649745,-79.433688,At Intersection,Traffic Signal,Clear,Daylight,Dry,Fatal,Pedestrian Collisions,Other,unknown,None,,,,,,,,,,,,,Yes,,,,Yes,,,,,,,,,84,Little Portugal,84,Little Portugal (84),D11,626315.108,4834162.9412
9249,7781197,1339180,2/6/2013 10:00:00 AM,1045,DUNDAS ST W,SHERIDAN AVE,,Minor Arterial,Toronto and East York,43.649745,-79.433688,At Intersection,Traffic Signal,Clear,Daylight,Dry,Fatal,Pedestrian Collisions,Pedestrian,80 to 84,Fatal,5,North,,,,,Vehicle is going straight thru inter.while ped cross without ROW,Crossing without right of way,Unknown,,,,Yes,,,,Yes,,,,,,,,,84,Little Portugal,84,Little Portugal (84),D11,626315.108,4834162.9412