OBJECTID,INDEX,ACCNUM,DATE,TIME,STREET1,STREET2,OFFSET,ROAD_CLASS,DISTRICT,LATITUDE,LONGITUDE,ACCLOC,TRAFFCTL,VISIBILITY,LIGHT,RDSFCOND,ACCLASS,IMPACTYPE,INVTYPE,INVAGE,INJURY,FATAL_NO,INITDIR,VEHTYPE,MANOEUVER,DRIVACT,DRIVCOND,PEDTYPE,PEDACT,PEDCOND,CYCLISTYPE,CYCACT,CYCCOND,PEDESTRIAN,CYCLIST,AUTOMOBILE,MOTORCYCLE,TRUCK,TRSN_CITY_VEH,EMERG_VEH,PASSENGER,SPEEDING,AG_DRIV,REDLIGHT,ALCOHOL,DISABILITY,HOOD_158,NEIGHBOURHOOD_158,HOOD_140,NEIGHBOURHOOD_140,DIVISION,x,y
9250,7797478,1347268,2/10/2013 10:00:00 AM,1445,DUNDAS ST W,PRINCE EDWARD DR N,,Major Arterial,Etobicoke York,43.660645,-79.51049,At Intersection,Traffic Signal,Clear,Daylight,Wet,Non-Fatal Injury,Pedestrian Collisions,Vehicle Owner,unknown,,,,Other,,,,,,,,,,Yes,,Yes,,,,,,,Yes,,,,9,Edenbridge-Humber Valley,9,Edenbridge-Humber Valley (9),D22,620099.6316,4835259.4919
9251,7797479,1347268,2/10/2013 10:00:00 AM,1445,DUNDAS ST W,PRINCE EDWARD DR N,,Major Arterial,Etobicoke York,43.660645,-79.51049,At Intersection,Traffic Signal,Clear,Daylight,Wet,Non-Fatal Injury,Pedestrian Collisions,Driver,50 to 54,None,,East,"Automobile, Station Wagon",Turning Right,Failed to Yield Right of Way,Inattentive,,,,,,,Yes,,Yes,,,,,,,Yes,,,,9,Edenbridge-Humber Valley,9,Edenbridge-Humber Valley (9),D22,620099.6316,4835259.4919
9252,7797480,1347268,2/10/2013 10:00:00 AM,1445,DUNDAS ST W,PRINCE EDWARD DR N,,Major Arterial,Etobicoke York,43.660645,-79.51049,At Intersection,Traffic Signal,Clear,Daylight,Wet,Non-Fatal Injury,Pedestrian Collisions,Pedestrian,65 to 69,Major,,North,Other,,,,Vehicle turns right while ped crosses with ROW at inter.,Crossing with right of way,Normal,,,,Yes,,Yes,,,,,,,Yes,,,,9,Edenbridge-Humber Valley,9,Edenbridge-Humber Valley (9),D22,620099.6316,4835259.4919
9253,7797555,1347299,2/10/2013 10:00:00 AM,1830,DUFFERIN St,GIBSON St,,Major Arterial,Toronto and East York,43.690345,-79.44809,At Intersection,Traffic Signal,Clear,"Dark, artificial",Wet,Non-Fatal Injury,Pedestrian Collisions,Driver,50 to 54,None,,South,"Automobile, Station Wagon",Going Ahead,Disobeyed Traffic Control,Had Been Drinking,,,,,,,Yes,,Yes,,,,,,,Yes,Yes,,,109,Caledonia-Fairbank,109,Caledonia-Fairbank (109),D13,625069.2932,4838650.2903
9254,7797556,1347299,2/10/2013 10:00:00 AM,1830,DUFFERIN St,GIBSON St,,Major Arterial,Toronto and East York,43.690345,-79.44809,At Intersection,Traffic Signal,Clear,"Dark, artificial",Wet,Non-Fatal Injury,Pedestrian Collisions,Pedestrian,30 to 34,Major,,West,Other,,,,Vehicle is going straight thru inter.while ped cross with ROW,Crossing with right of way,Normal,,,,Yes,,Yes,,,,,,,Yes,Yes,,,109,Caledonia-Fairbank,109,Caledonia-Fairbank (109),D13,625069.2932,4838650.2903
9255,7798413,1347648,2/13/2013 10:00:00 AM,1447,MARKHAM RD,SELECT AVE,,Major Arterial,Scarborough,43.833441,-79.25101,,Traffic Signal,Clear,Daylight,Dry,Non-Fatal Injury,Rear End,Driver,30 to 34,Major,,South,"Automobile, Station Wagon",Slowing or Stopping,Driving Properly,Normal,,,,,,,,,Yes,,,,,,,Yes,,,,144,Morningside Heights,131,Rouge (131),D42,640616.6014,4854859.4376
9256,7798414,1347648,2/13/2013 10:00:00 AM,1447,MARKHAM RD,SELECT AVE,,Major Arterial,Scarborough,43.833441,-79.25101,,Traffic Signal,Clear,Daylight,Dry,Non-Fatal Injury,Rear End,Vehicle Owner,unknown,,,,Other,,,,,,,,,,,,Yes,,,,,,,Yes,,,,144,Morningside Heights,131,Rouge (131),D42,640616.6014,4854859.4376
9257,7798415,1347648,2/13/2013 10:00:00 AM,1447,MARKHAM RD,SELECT AVE,,Major Arterial,Scarborough,43.833441,-79.25101,,Traffic Signal,Clear,Daylight,Dry,Non-Fatal Injury,Rear End,Driver,35 to 39,Minor,,South,"Automobile, Station Wagon",Going Ahead,Following too Close,Inattentive,,,,,,,,,Yes,,,,,,,Yes,,,,144,Morningside Heights,131,Rouge (131),D42,640616.6014,4854859.4376
9258,7783241,1340591,2/13/2013 10:00:00 AM,1626,QUEEN ST W,AUGUSTA AVE,,Major Arterial,Toronto and East York,43.648055,-79.399661,,Traffic Signal,Clear,Daylight,Dry,Non-Fatal Injury,Cyclist Collisions,Driver,45 to 49,Major,,North,"Automobile, Station Wagon",Going Ahead,Driving Properly,Normal,,,,,,,,Yes,Yes,,,,,,,Yes,Yes,,,164,Wellington Place,77,Waterfront Communities-The Island (77),D14,629062.8601,4834027.6009
9259,7783242,1340591,2/13/2013 10:00:00 AM,1626,QUEEN ST W,AUGUSTA AVE,,Major Arterial,Toronto and East York,43.648055,-79.399661,,Traffic Signal,Clear,Daylight,Dry,Non-Fatal Injury,Cyclist Collisions,Vehicle Owner,unknown,,,,Other,,,,,,,,,,,Yes,Yes,,,,,,,Yes,Yes,,,164,Wellington Place,77,Waterfront Communities-The Island (77),D14,629062.8601,4834027.6009
9260,7783243,1340591,2/13/2013 10:00:00 AM,1626,QUEEN ST W,AUGUSTA AVE,,Major Arterial,Toronto and East York,43.648055,-79.399661,,Traffic Signal,Clear,Daylight,Dry,Non-Fatal Injury,Cyclist Collisions,Driver,20 to 24,Minimal,,East,"Automobile, Station Wagon",Going Ahead,Disobeyed Traffic Control,Normal,,,,,,,,Yes,Yes,,,,,,,Yes,Yes,,,164,Wellington Place,77,Waterfront Communities-The Island (77),D14,629062.8601,4834027.6009
9261,7783244,1340591,2/13/2013 10:00:00 AM,1626,QUEEN ST W,AUGUSTA AVE,,Major Arterial,Toronto and East York,43.648055,-79.399661,,Traffic Signal,Clear,Daylight,Dry,Non-Fatal Injury,Cyclist Collisions,Other Property Owner,unknown,,,,Other,,,,,,,,,,,Yes,Yes,,,,,,,Yes,Yes,,,164,Wellington Place,77,Waterfront Communities-The Island (77),D14,629062.8601,4834027.6009
9262,7783245,1340591,2/13/2013 10:00:00 AM,1626,QUEEN ST W,AUGUSTA AVE,,Major Arterial,Toronto and East York,43.648055,-79.399661,,Traffic Signal,Clear,Daylight,Dry,Non-Fatal Injury,Cyclist Collisions,Cyclist,20 to 24,Major,,West,Bicycle,Stopped,,,,,,"Motorist without ROW drives into path of cyclist at inter, lnwy, dwy-Driver not turn.",Driving Properly,Normal,,Yes,Yes,,,,,,,Yes,Yes,,,164,Wellington Place,77,Waterfront Communities-The Island (77),D14,629062.8601,4834027.6009
9263,7783233,1340588,2/13/2013 10:00:00 AM,2055,15 KENFIN AVE,,,Local,Scarborough,43.800112,-79.29449,,No Control,Clear,"Dark, artificial",Dry,Non-Fatal Injury,SMV Unattended Vehicle,Other,unknown,None,,East,Other,Parked,,,,,,,,,,,Yes,,,,,,,,,,,148,East L'Amoreaux,117,L'Amoreaux (117),D42,637197.1393,4851084.7009
9264,7783234,1340588,2/13/2013 10:00:00 AM,2055,15 KENFIN AVE,,,Local,Scarborough,43.800112,-79.29449,,No Control,Clear,"Dark, artificial",Dry,Non-Fatal Injury,SMV Unattended Vehicle,Driver,70 to 74,Major,,East,"Automobile, Station Wagon",Going Ahead,Other,Unknown,,,,,,,,,Yes,,,,,,,,,,,148,East L'Amoreaux,117,L'Amoreaux (117),D42,637197.1393,4851084.7009
9265,7783502,1340810,2/14/2013 10:00:00 AM,838,TAPSCOTT RD,FINCH Ave E,,Minor Arterial,Scarborough,43.814245,-79.23709,At Intersection,Traffic Signal,Clear,Daylight,Dry,Non-Fatal Injury,Turning Movement,Vehicle Owner,unknown,,,,Other,,,,,,,,,,,,Yes,,,,,,,Yes,,,,144,Morningside Heights,131,Rouge (131),D42,641781.2028,4852751.1653
9266,7783503,1340810,2/14/2013 10:00:00 AM,838,TAPSCOTT RD,FINCH Ave E,,Minor Arterial,Scarborough,43.814245,-79.23709,At Intersection,Traffic Signal,Clear,Daylight,Dry,Non-Fatal Injury,Turning Movement,Driver,30 to 34,None,,South,"Automobile, Station Wagon",Going Ahead,Driving Properly,Normal,,,,,,,,,Yes,,,,,,,Yes,,,,144,Morningside Heights,131,Rouge (131),D42,641781.2028,4852751.1653
9267,7783504,1340810,2/14/2013 10:00:00 AM,838,TAPSCOTT RD,FINCH Ave E,,Minor Arterial,Scarborough,43.814245,-79.23709,At Intersection,Traffic Signal,Clear,Daylight,Dry,Non-Fatal Injury,Turning Movement,Driver,40 to 44,Major,,North,"Automobile, Station Wagon",Stopped,Driving Properly,Normal,,,,,,,,,Yes,,,,,,,Yes,,,,144,Morningside Heights,131,Rouge (131),D42,641781.2028,4852751.1653
9268,7783505,1340810,2/14/2013 10:00:00 AM,838,TAPSCOTT RD,FINCH Ave E,,Minor Arterial,Scarborough,43.814245,-79.23709,At Intersection,Traffic Signal,Clear,Daylight,Dry,Non-Fatal Injury,Turning Movement,Driver,20 to 24,None,,North,"Automobile, Station Wagon",Turning Left,Failed to Yield Right of Way,Normal,,,,,,,,,Yes,,,,,,,Yes,,,,144,Morningside Heights,131,Rouge (131),D42,641781.2028,4852751.1653
9269,7798522,1347684,2/15/2013 10:00:00 AM,208,QUEEN ST E,WAVERLEY RD,,Minor Arterial,Toronto and East York,43.669845,-79.30089,,No Control,Clear,"Dark, artificial",Wet,Non-Fatal Injury,Pedestrian Collisions,Vehicle Owner,unknown,,,,Other,,,,,,,,,,Yes,,Yes,,,,,,Yes,Yes,,Yes,,63,The Beaches,63,The Beaches (63),D55,636978.9965,4836606.0267
9270,7798523,1347684,2/15/2013 10:00:00 AM,208,QUEEN ST E,WAVERLEY RD,,Minor Arterial,Toronto and East York,43.669845,-79.30089,,No Control,Clear,"Dark, artificial",Wet,Non-Fatal Injury,Pedestrian Collisions,Driver,30 to 34,None,,West,"Automobile, Station Wagon",Going Ahead,Speed too Fast For Condition,"Ability Impaired, Alcohol",,,,,,,Yes,,Yes,,,,,,Yes,Yes,,Yes,,63,The Beaches,63,The Beaches (63),D55,636978.9965,4836606.0267
9271,7798524,1347684,2/15/2013 10:00:00 AM,208,QUEEN ST E,WAVERLEY RD,,Minor Arterial,Toronto and East York,43.669845,-79.30089,,No Control,Clear,"Dark, artificial",Wet,Non-Fatal Injury,Pedestrian Collisions,Pedestrian,20 to 24,Major,,South,Other,,,,Vehicle is going straight thru inter.while ped cross without ROW,"Crossing, no Traffic Control",Had Been Drinking,,,,Yes,,Yes,,,,,,Yes,Yes,,Yes,,63,The Beaches,63,The Beaches (63),D55,636978.9965,4836606.0267
9272,7798509,1347681,2/15/2013 10:00:00 AM,1030,HIGHWAY 427 C  N,BURNHAMTHORPE RD,,,Etobicoke York,43.648545,-79.56409,,No Control,Clear,Daylight,Dry,Non-Fatal Injury,Pedestrian Collisions,Truck Driver,30 to 34,None,,North,Truck - Open,Slowing or Stopping,Other,Inattentive,,,,,,,Yes,,,,Yes,,,,,,,,,158,Islington,14,Islington-City Centre West (14),D22,615801.0678,4833839.4445
9273,7798510,1347681,2/15/2013 10:00:00 AM,1030,HIGHWAY 427 C  N,BURNHAMTHORPE RD,,,Etobicoke York,43.648545,-79.56409,,No Control,Clear,Daylight,Dry,Non-Fatal Injury,Pedestrian Collisions,Pedestrian,55 to 59,Major,,Unknown,Other,,,,Pedestrian hit at mid-block,Playing or Working on Highway,Normal,,,,Yes,,,,Yes,,,,,,,,,158,Islington,14,Islington-City Centre West (14),D22,615801.0678,4833839.4445
9274,7798794,1347790,2/15/2013 10:00:00 AM,2103,CASTLEFIELD AVE,ROSELAWN AVE,,Collector,North York,43.700545,-79.44969,,No Control,Clear,Dark,Dry,Non-Fatal Injury,Pedestrian Collisions,Driver,20 to 24,None,,West,"Automobile, Station Wagon",Going Ahead,Driving Properly,Normal,,,,,,,Yes,,Yes,,,,,,,,,,,108,Briar Hill-Belgravia,108,Briar Hill-Belgravia (108),D13,624919.1664,4839780.7287
9275,7798795,1347790,2/15/2013 10:00:00 AM,2103,CASTLEFIELD AVE,ROSELAWN AVE,,Collector,North York,43.700545,-79.44969,,No Control,Clear,Dark,Dry,Non-Fatal Injury,Pedestrian Collisions,Pedestrian,50 to 54,Major,,North,Other,,,,Pedestrian hit at mid-block,"Crossing, no Traffic Control",Had Been Drinking,,,,Yes,,Yes,,,,,,,,,,,108,Briar Hill-Belgravia,108,Briar Hill-Belgravia (108),D13,624919.1664,4839780.7287
9276,7799453,1348049,2/19/2013 10:00:00 AM,916,YONGE ST,WELLINGTON ST W,,Major Arterial,Toronto and East York,43.647845,-79.37739,At Intersection,Traffic Signal,Rain,Daylight,Wet,Non-Fatal Injury,Pedestrian Collisions,Driver,35 to 39,None,,South,"Automobile, Station Wagon",Turning Right,Failed to Yield Right of Way,Inattentive,,,,,,,Yes,,Yes,,,,,,,Yes,,,,170,Yonge-Bay Corridor,76,Bay Street Corridor (76),D52,630859.429,4834039.1548
9277,7799454,1348049,2/19/2013 10:00:00 AM,916,YONGE ST,WELLINGTON ST W,,Major Arterial,Toronto and East York,43.647845,-79.37739,At Intersection,Traffic Signal,Rain,Daylight,Wet,Non-Fatal Injury,Pedestrian Collisions,Pedestrian,65 to 69,Major,,South,Other,,,,Vehicle turns right while ped crosses with ROW at inter.,Crossing with right of way,Normal,,,,Yes,,Yes,,,,,,,Yes,,,,170,Yonge-Bay Corridor,76,Bay Street Corridor (76),D52,630859.429,4834039.1548
9278,7785495,1341806,2/20/2013 10:00:00 AM,858,JANE St,DALRYMPLE Dr,,Major Arterial,Etobicoke York,43.677245,-79.49609,At Intersection,Stop Sign,Clear,Daylight,Dry,Non-Fatal Injury,Turning Movement,Passenger,35 to 39,Major,,,Other,,,,,,,,,,,,Yes,,,,,Yes,,Yes,,,,111,Rockcliffe-Smythe,111,Rockcliffe-Smythe (111),D12,621227.2956,4837124.0848
9279,7785496,1341806,2/20/2013 10:00:00 AM,858,JANE St,DALRYMPLE Dr,,Major Arterial,Etobicoke York,43.677245,-79.49609,At Intersection,Stop Sign,Clear,Daylight,Dry,Non-Fatal Injury,Turning Movement,Vehicle Owner,unknown,,,,Other,,,,,,,,,,,,Yes,,,,,Yes,,Yes,,,,111,Rockcliffe-Smythe,111,Rockcliffe-Smythe (111),D12,621227.2956,4837124.0848
9280,7785497,1341806,2/20/2013 10:00:00 AM,858,JANE St,DALRYMPLE Dr,,Major Arterial,Etobicoke York,43.677245,-79.49609,At Intersection,Stop Sign,Clear,Daylight,Dry,Non-Fatal Injury,Turning Movement,Driver,50 to 54,Minor,,West,"Automobile, Station Wagon",Turning Left,Failed to Yield Right of Way,Normal,,,,,,,,,Yes,,,,,Yes,,Yes,,,,111,Rockcliffe-Smythe,111,Rockcliffe-Smythe (111),D12,621227.2956,4837124.0848
9281,7785498,1341806,2/20/2013 10:00:00 AM,858,JANE St,DALRYMPLE Dr,,Major Arterial,Etobicoke York,43.677245,-79.49609,At Intersection,Stop Sign,Clear,Daylight,Dry,Non-Fatal Injury,Turning Movement,Vehicle Owner,unknown,,,,Other,,,,,,,,,,,,Yes,,,,,Yes,,Yes,,,,111,Rockcliffe-Smythe,111,Rockcliffe-Smythe (111),D12,621227.2956,4837124.0848
9282,7785499,1341806,2/20/2013 10:00:00 AM,858,JANE St,DALRYMPLE Dr,,Major Arterial,Etobicoke York,43.677245,-79.49609,At Intersection,Stop Sign,Clear,Daylight,Dry,Non-Fatal Injury,Turning Movement,Driver,35 to 39,None,,South,"Automobile, Station Wagon",Going Ahead,Driving Properly,Normal,,,,,,,,,Yes,,,,,Yes,,Yes,,,,111,Rockcliffe-Smythe,111,Rockcliffe-Smythe (111),D12,621227.2956,4837124.0848
9283,7785500,1341806,2/20/2013 10:00:00 AM,858,JANE St,DALRYMPLE Dr,,Major Arterial,Etobicoke York,43.677245,-79.49609,At Intersection,Stop Sign,Clear,Daylight,Dry,Non-Fatal Injury,Turning Movement,Driver,35 to 39,None,,South,"Automobile, Station Wagon",Going Ahead,Driving Properly,Normal,,,,,,,,,Yes,,,,,Yes,,Yes,,,,111,Rockcliffe-Smythe,111,Rockcliffe-Smythe (111),D12,621227.2956,4837124.0848
9284,7785501,1341806,2/20/2013 10:00:00 AM,858,JANE St,DALRYMPLE Dr,,Major Arterial,Etobicoke York,43.677245,-79.49609,At Intersection,Stop Sign,Clear,Daylight,Dry,Non-Fatal Injury,Turning Movement,Passenger,20 to 24,Minor,,,Other,,,,,,,,,,,,Yes,,,,,Yes,,Yes,,,,111,Rockcliffe-Smythe,111,Rockcliffe-Smythe (111),D12,621227.2956,4837124.0848
9285,7785502,1341806,2/20/2013 10:00:00 AM,858,JANE St,DALRYMPLE Dr,,Major Arterial,Etobicoke York,43.677245,-79.49609,At Intersection,Stop Sign,Clear,Daylight,Dry,Non-Fatal Injury,Turning Movement,Driver,15 to 19,Minor,,North,"Automobile, Station Wagon",Going Ahead,Driving Properly,Normal,,,,,,,,,Yes,,,,,Yes,,Yes,,,,111,Rockcliffe-Smythe,111,Rockcliffe-Smythe (111),D12,621227.2956,4837124.0848
9286,7799817,1348204,2/21/2013 10:00:00 AM,755,KENNEDY RD,TRANSWAY CRES,,Major Arterial,Scarborough,43.731245,-79.26759,At Intersection,No Control,Clear,Daylight,Dry,Non-Fatal Injury,Pedestrian Collisions,Driver,35 to 39,None,,South,"Automobile, Station Wagon",Turning Left,Failed to Yield Right of Way,Inattentive,,,,,,,Yes,,Yes,,,,,,,Yes,,,,125,Ionview,125,Ionview (125),D41,639521.1127,4843480.9037
9287,7799818,1348204,2/21/2013 10:00:00 AM,755,KENNEDY RD,TRANSWAY CRES,,Major Arterial,Scarborough,43.731245,-79.26759,At Intersection,No Control,Clear,Daylight,Dry,Non-Fatal Injury,Pedestrian Collisions,Pedestrian,25 to 29,Major,,North,Other,,,,Vehicle turns left while ped crosses with ROW at inter.,Crossing with right of way,Normal,,,,Yes,,Yes,,,,,,,Yes,,,,125,Ionview,125,Ionview (125),D41,639521.1127,4843480.9037
9288,7799836,1348211,2/21/2013 10:00:00 AM,924,SHEPPARD AVE W,FAYWOOD BLVD,,Major Arterial,North York,43.752645,-79.45189,At Intersection,Traffic Signal,Clear,Daylight,Dry,Non-Fatal Injury,Pedestrian Collisions,Driver,60 to 64,None,,South,"Automobile, Station Wagon",Turning Left,Failed to Yield Right of Way,Normal,,,,,,,Yes,,Yes,,,,,,,Yes,,,,33,Clanton Park,33,Clanton Park (33),D32,624633.799,4845563.867
9289,7799837,1348211,2/21/2013 10:00:00 AM,924,SHEPPARD AVE W,FAYWOOD BLVD,,Major Arterial,North York,43.752645,-79.45189,At Intersection,Traffic Signal,Clear,Daylight,Dry,Non-Fatal Injury,Pedestrian Collisions,Pedestrian,20 to 24,Major,,North,Other,,,,Vehicle turns left while ped crosses with ROW at inter.,Crossing with right of way,Normal,,,,Yes,,Yes,,,,,,,Yes,,,,33,Clanton Park,33,Clanton Park (33),D32,624633.799,4845563.867
9290,7802746,1349360,2/26/2013 10:00:00 AM,730,15 BESSARION Rd,AT #15,,Local,North York,43.766845,-79.37599,,No Control,Clear,Dark,Dry,Non-Fatal Injury,Pedestrian Collisions,Pedestrian,75 to 79,Major,,South,Other,,,,Vehicle is reversing and hits pedestrian,Other,Normal,,,,Yes,,Yes,,,,,,,,,,,52,Bayview Village,52,Bayview Village (52),D33,630713.4167,4847257.9976
9291,7802747,1349360,2/26/2013 10:00:00 AM,730,15 BESSARION Rd,AT #15,,Local,North York,43.766845,-79.37599,,No Control,Clear,Dark,Dry,Non-Fatal Injury,Pedestrian Collisions,Driver,60 to 64,None,,East,"Automobile, Station Wagon",Reversing,Other,Normal,,,,,,,Yes,,Yes,,,,,,,,,,,52,Bayview Village,52,Bayview Village (52),D33,630713.4167,4847257.9976
9292,7801223,1348740,2/26/2013 10:00:00 AM,2119,ST CLAIR AVE W,KEELE ST,,Major Arterial,Etobicoke York,43.672345,-79.46849,,No Control,Rain,Dark,Wet,Non-Fatal Injury,SMV Other,Driver,60 to 64,Major,,West,"Automobile, Station Wagon",Going Ahead,Other,Normal,,,,,,,,,Yes,,,,,,,,,,,90,Junction Area,90,Junction Area (90),D11,623462.146,4836620.5828
9293,7801224,1348740,2/26/2013 10:00:00 AM,2119,ST CLAIR AVE W,KEELE ST,,Major Arterial,Etobicoke York,43.672345,-79.46849,,No Control,Rain,Dark,Wet,Non-Fatal Injury,SMV Other,Other Property Owner,unknown,,,,Other,,,,,,,,,,,,Yes,,,,,,,,,,,90,Junction Area,90,Junction Area (90),D11,623462.146,4836620.5828
9294,7801410,1348815,2/28/2013 10:00:00 AM,1426,ROGERS Rd,KEELE St,,Major Arterial,Etobicoke York,43.682145,-79.47159,,Traffic Signal,Clear,Daylight,Wet,Non-Fatal Injury,Pedestrian Collisions,Vehicle Owner,unknown,,,,Other,,,,,,,,,,Yes,,,,,Yes,,,,,,,,110,Keelesdale-Eglinton West,110,Keelesdale-Eglinton West (110),D12,623192.1825,4837704.3946
9295,7801411,1348815,2/28/2013 10:00:00 AM,1426,ROGERS Rd,KEELE St,,Major Arterial,Etobicoke York,43.682145,-79.47159,,Traffic Signal,Clear,Daylight,Wet,Non-Fatal Injury,Pedestrian Collisions,Driver,35 to 39,None,,East,Municipal Transit Bus (TTC),Stopped,Other,Normal,,,,,,,Yes,,,,,Yes,,,,,,,,110,Keelesdale-Eglinton West,110,Keelesdale-Eglinton West (110),D12,623192.1825,4837704.3946
9296,7801412,1348815,2/28/2013 10:00:00 AM,1426,ROGERS Rd,KEELE St,,Major Arterial,Etobicoke York,43.682145,-79.47159,,Traffic Signal,Clear,Daylight,Wet,Non-Fatal Injury,Pedestrian Collisions,Pedestrian,35 to 39,Major,,Unknown,Other,,,,Pedestrian involved in a collision with transit vehicle anywhere along roadway,Person Getting on/off Vehicle,Normal,,,,Yes,,,,,Yes,,,,,,,,110,Keelesdale-Eglinton West,110,Keelesdale-Eglinton West (110),D12,623192.1825,4837704.3946
9297,7788758,1343587,3/1/2013 10:00:00 AM,1039,DON MILLS RD W,GOODVIEW RD,,Major Arterial,North York,43.781345,-79.35199,At Intersection,No Control,Clear,Daylight,Wet,Non-Fatal Injury,Pedestrian Collisions,Driver,40 to 44,None,,South,"Automobile, Station Wagon",Going Ahead,Driving Properly,Normal,,,,,,,Yes,,Yes,,,,,,,,,,,47,Don Valley Village,47,Don Valley Village (47),D33,632613.0943,4848906.6108
9298,7788759,1343587,3/1/2013 10:00:00 AM,1039,DON MILLS RD W,GOODVIEW RD,,Major Arterial,North York,43.781345,-79.35199,At Intersection,No Control,Clear,Daylight,Wet,Non-Fatal Injury,Pedestrian Collisions,Pedestrian,80 to 84,Major,,East,Other,,,,Pedestrian hit at mid-block,"Crossing, no Traffic Control",Normal,,,,Yes,,Yes,,,,,,,,,,,47,Don Valley Village,47,Don Valley Village (47),D33,632613.0943,4848906.6108
9299,7788883,1343634,3/1/2013 10:00:00 AM,1855,MIDLAND AVE,MCNICOLL AVE,,Major Arterial,Scarborough,43.817045,-79.29329,,No Control,Clear,Dusk,Dry,Non-Fatal Injury,Pedestrian Collisions,Driver,65 to 69,None,,North,"Automobile, Station Wagon",Going Ahead,Driving Properly,Inattentive,,,,,,,Yes,,Yes,,,,,,,,,,,130,Milliken,130,Milliken (130),D42,637254.8802,4852967.3745
9300,7788884,1343634,3/1/2013 10:00:00 AM,1855,MIDLAND AVE,MCNICOLL AVE,,Major Arterial,Scarborough,43.817045,-79.29329,,No Control,Clear,Dusk,Dry,Non-Fatal Injury,Pedestrian Collisions,Pedestrian,0 to 4,None,,North,Other,,,,Pedestrian hit at mid-block,Walking on Roadway with Traffic,Normal,,,,Yes,,Yes,,,,,,,,,,,130,Milliken,130,Milliken (130),D42,637254.8802,4852967.3745
9301,7788885,1343634,3/1/2013 10:00:00 AM,1855,MIDLAND AVE,MCNICOLL AVE,,Major Arterial,Scarborough,43.817045,-79.29329,,No Control,Clear,Dusk,Dry,Non-Fatal Injury,Pedestrian Collisions,Pedestrian,50 to 54,None,,North,Other,,,,Pedestrian hit at mid-block,Walking on Roadway with Traffic,Normal,,,,Yes,,Yes,,,,,,,,,,,130,Milliken,130,Milliken (130),D42,637254.8802,4852967.3745
9302,7788886,1343634,3/1/2013 10:00:00 AM,1855,MIDLAND AVE,MCNICOLL AVE,,Major Arterial,Scarborough,43.817045,-79.29329,,No Control,Clear,Dusk,Dry,Non-Fatal Injury,Pedestrian Collisions,Pedestrian,25 to 29,Major,,North,Other,,,,Pedestrian hit at mid-block,Walking on Roadway with Traffic,Normal,,,,Yes,,Yes,,,,,,,,,,,130,Milliken,130,Milliken (130),D42,637254.8802,4852967.3745
9303,7801966,1349045,3/2/2013 10:00:00 AM,520,170 FINCH AVE E,,,Major Arterial,North York,43.782445,-79.40319,,No Control,Clear,Dawn,Dry,Non-Fatal Injury,Sideswipe,Driver,45 to 49,Minimal,,West,"Automobile, Station Wagon",Going Ahead,Driving Properly,Normal,,,,,,,,,Yes,,,,,Yes,Yes,Yes,,,,152,East Willowdale,51,Willowdale East (51),D32,628490.706,4848948.04
9304,7801967,1349045,3/2/2013 10:00:00 AM,520,170 FINCH AVE E,,,Major Arterial,North York,43.782445,-79.40319,,No Control,Clear,Dawn,Dry,Non-Fatal Injury,Sideswipe,Passenger,45 to 49,Minimal,,,Other,,,,,,,,,,,,Yes,,,,,Yes,Yes,Yes,,,,152,East Willowdale,51,Willowdale East (51),D32,628490.706,4848948.04
9305,7801968,1349045,3/2/2013 10:00:00 AM,520,170 FINCH AVE E,,,Major Arterial,North York,43.782445,-79.40319,,No Control,Clear,Dawn,Dry,Non-Fatal Injury,Sideswipe,Vehicle Owner,unknown,,,,Other,,,,,,,,,,,,Yes,,,,,Yes,Yes,Yes,,,,152,East Willowdale,51,Willowdale East (51),D32,628490.706,4848948.04
9306,7801969,1349045,3/2/2013 10:00:00 AM,520,170 FINCH AVE E,,,Major Arterial,North York,43.782445,-79.40319,,No Control,Clear,Dawn,Dry,Non-Fatal Injury,Sideswipe,Driver,20 to 24,Major,,West,"Automobile, Station Wagon",Going Ahead,Lost control,Unknown,,,,,,,,,Yes,,,,,Yes,Yes,Yes,,,,152,East Willowdale,51,Willowdale East (51),D32,628490.706,4848948.04
9307,7802013,1349064,3/2/2013 10:00:00 AM,1107,ENCHANTED HILLS Cres,WILDERNESS Dr,,Local,Scarborough,43.829145,-79.27609,At Intersection,Stop Sign,Clear,Daylight,Dry,Non-Fatal Injury,Cyclist Collisions,Vehicle Owner,unknown,,,,Other,,,,,,,,,,,Yes,Yes,,,,,,,,,,,130,Milliken,130,Milliken (130),D42,638610.1245,4854339.959
9308,7802014,1349064,3/2/2013 10:00:00 AM,1107,ENCHANTED HILLS Cres,WILDERNESS Dr,,Local,Scarborough,43.829145,-79.27609,At Intersection,Stop Sign,Clear,Daylight,Dry,Non-Fatal Injury,Cyclist Collisions,Driver,55 to 59,None,,East,"Automobile, Station Wagon",Turning Left,Improper Turn,Inattentive,,,,,,,,Yes,Yes,,,,,,,,,,,130,Milliken,130,Milliken (130),D42,638610.1245,4854339.959
9309,7802015,1349064,3/2/2013 10:00:00 AM,1107,ENCHANTED HILLS Cres,WILDERNESS Dr,,Local,Scarborough,43.829145,-79.27609,At Intersection,Stop Sign,Clear,Daylight,Dry,Non-Fatal Injury,Cyclist Collisions,Cyclist,55 to 59,Major,,South,Bicycle,Going Ahead,,,,,,Motorist turned left across cyclists path.,Driving Properly,Normal,,Yes,Yes,,,,,,,,,,,130,Milliken,130,Milliken (130),D42,638610.1245,4854339.959