OBJECTID,INDEX,ACCNUM,DATE,TIME,STREET1,STREET2,OFFSET,ROAD_CLASS,DISTRICT,LATITUDE,LONGITUDE,ACCLOC,TRAFFCTL,VISIBILITY,LIGHT,RDSFCOND,ACCLASS,IMPACTYPE,INVTYPE,INVAGE,INJURY,FATAL_NO,INITDIR,VEHTYPE,MANOEUVER,DRIVACT,DRIVCOND,PEDTYPE,PEDACT,PEDCOND,CYCLISTYPE,CYCACT,CYCCOND,PEDESTRIAN,CYCLIST,AUTOMOBILE,MOTORCYCLE,TRUCK,TRSN_CITY_VEH,EMERG_VEH,PASSENGER,SPEEDING,AG_DRIV,REDLIGHT,ALCOHOL,DISABILITY,HOOD_158,NEIGHBOURHOOD_158,HOOD_140,NEIGHBOURHOOD_140,DIVISION,x,y
9310,7789925,1344050,3/3/2013 10:00:00 AM,951,ROYAL YORK RD,HILLSIDE AVE,,Minor Arterial,Etobicoke York,43.610145,-79.49589,,Stop Sign,Clear,Daylight,Dry,Non-Fatal Injury,Angle,Passenger,15 to 19,Minimal,,,Other,,,,,,,,,,,,Yes,,,Yes,,Yes,,,,,,160,Mimico-Queensway,17,Mimico (includes Humber Bay Shores) (17),D22,621378.4705,4829672.0699
9311,7789926,1344050,3/3/2013 10:00:00 AM,951,ROYAL YORK RD,HILLSIDE AVE,,Minor Arterial,Etobicoke York,43.610145,-79.49589,,Stop Sign,Clear,Daylight,Dry,Non-Fatal Injury,Angle,Vehicle Owner,unknown,,,,Other,,,,,,,,,,,,Yes,,,Yes,,Yes,,,,,,160,Mimico-Queensway,17,Mimico (includes Humber Bay Shores) (17),D22,621378.4705,4829672.0699
9312,7789927,1344050,3/3/2013 10:00:00 AM,951,ROYAL YORK RD,HILLSIDE AVE,,Minor Arterial,Etobicoke York,43.610145,-79.49589,,Stop Sign,Clear,Daylight,Dry,Non-Fatal Injury,Angle,Driver,45 to 49,None,,South,Municipal Transit Bus (TTC),Stopped,Driving Properly,Normal,,,,,,,,,Yes,,,Yes,,Yes,,,,,,160,Mimico-Queensway,17,Mimico (includes Humber Bay Shores) (17),D22,621378.4705,4829672.0699
9313,7789928,1344050,3/3/2013 10:00:00 AM,951,ROYAL YORK RD,HILLSIDE AVE,,Minor Arterial,Etobicoke York,43.610145,-79.49589,,Stop Sign,Clear,Daylight,Dry,Non-Fatal Injury,Angle,Driver,50 to 54,Major,,West,"Automobile, Station Wagon",Going Ahead,Lost control,Unknown,,,,,,,,,Yes,,,Yes,,Yes,,,,,,160,Mimico-Queensway,17,Mimico (includes Humber Bay Shores) (17),D22,621378.4705,4829672.0699
9314,7802395,1349207,3/4/2013 10:00:00 AM,800,37 SIX POINT Rd,,,Local,Etobicoke York,43.635545,-79.52659,,No Control,Clear,Daylight,Dry,Non-Fatal Injury,Angle,Vehicle Owner,unknown,,,,Other,,,,,,,,,,,,Yes,,Yes,,,,,,,,,159,Etobicoke City Centre,14,Islington-City Centre West (14),D22,618850.9647,4832448.6396
9315,7802396,1349207,3/4/2013 10:00:00 AM,800,37 SIX POINT Rd,,,Local,Etobicoke York,43.635545,-79.52659,,No Control,Clear,Daylight,Dry,Non-Fatal Injury,Angle,Truck Driver,25 to 29,None,,South,Truck - Open,Reversing,Other,Unknown,,,,,,,,,Yes,,Yes,,,,,,,,,159,Etobicoke City Centre,14,Islington-City Centre West (14),D22,618850.9647,4832448.6396
9316,7802397,1349207,3/4/2013 10:00:00 AM,800,37 SIX POINT Rd,,,Local,Etobicoke York,43.635545,-79.52659,,No Control,Clear,Daylight,Dry,Non-Fatal Injury,Angle,Driver,55 to 59,Major,,East,"Automobile, Station Wagon",Going Ahead,Other,Normal,,,,,,,,,Yes,,Yes,,,,,,,,,159,Etobicoke City Centre,14,Islington-City Centre West (14),D22,618850.9647,4832448.6396
9317,7791163,1344588,3/5/2013 10:00:00 AM,2128,1420 VICTORIA PARK Ave,,,Major Arterial,North York,43.721343,-79.301288,,No Control,Clear,"Dark, artificial",Wet,Fatal,Pedestrian Collisions,Vehicle Owner,unknown,,,,,,,,,,,,,,Yes,,Yes,,,,,,,Yes,,,,43,Victoria Village,43,Victoria Village (43),D55,636829.7289,4842324.9506
9318,7791164,1344588,3/5/2013 10:00:00 AM,2128,1420 VICTORIA PARK Ave,,,Major Arterial,North York,43.721343,-79.301288,,No Control,Clear,"Dark, artificial",Wet,Fatal,Pedestrian Collisions,Driver,30 to 34,None,,North,"Automobile, Station Wagon",Going Ahead,Driving Properly,Inattentive,,,,,,,Yes,,Yes,,,,,,,Yes,,,,43,Victoria Village,43,Victoria Village (43),D55,636829.7289,4842324.9506
9319,7791165,1344588,3/5/2013 10:00:00 AM,2128,1420 VICTORIA PARK Ave,,,Major Arterial,North York,43.721343,-79.301288,,No Control,Clear,"Dark, artificial",Wet,Fatal,Pedestrian Collisions,Pedestrian,35 to 39,Fatal,7,East,,,,,Pedestrian hit at mid-block,"Crossing, no Traffic Control",Had Been Drinking,,,,Yes,,Yes,,,,,,,Yes,,,,43,Victoria Village,43,Victoria Village (43),D55,636829.7289,4842324.9506
9320,7791490,1344724,3/6/2013 10:00:00 AM,927,ST CLAIR AVE W,HOUNSLOW HEATH RD,,Major Arterial,Toronto and East York,43.674145,-79.45999,,Traffic Signal,Clear,Daylight,Wet,Non-Fatal Injury,Pedestrian Collisions,Vehicle Owner,unknown,,,,Other,,,,,,,,,,Yes,,Yes,,,,,,,,,,,91,Weston-Pelham Park,91,Weston-Pellam Park (91),D11,624143.6653,4836833.1828
9321,7791491,1344724,3/6/2013 10:00:00 AM,927,ST CLAIR AVE W,HOUNSLOW HEATH RD,,Major Arterial,Toronto and East York,43.674145,-79.45999,,Traffic Signal,Clear,Daylight,Wet,Non-Fatal Injury,Pedestrian Collisions,Driver,40 to 44,None,,East,"Automobile, Station Wagon",Going Ahead,Driving Properly,Normal,,,,,,,Yes,,Yes,,,,,,,,,,,91,Weston-Pelham Park,91,Weston-Pellam Park (91),D11,624143.6653,4836833.1828
9322,7791492,1344724,3/6/2013 10:00:00 AM,927,ST CLAIR AVE W,HOUNSLOW HEATH RD,,Major Arterial,Toronto and East York,43.674145,-79.45999,,Traffic Signal,Clear,Daylight,Wet,Non-Fatal Injury,Pedestrian Collisions,Pedestrian,10 to 14,Major,,North,Other,,,,Vehicle is going straight thru inter.while ped cross without ROW,Crossing without right of way,Normal,,,,Yes,,Yes,,,,,,,,,,,91,Weston-Pelham Park,91,Weston-Pellam Park (91),D11,624143.6653,4836833.1828
9323,7895580,1388642,3/6/2013 10:00:00 AM,2010,BRIMLEY Rd,EAGLEDANCE Dr,,Major Arterial,Scarborough,43.824977,-79.286044,,Traffic Signal,Clear,"Dark, artificial",Dry,Non-Fatal Injury,Angle,Driver,50 to 54,Major,,North,"Automobile, Station Wagon",Going Ahead,Disobeyed Traffic Control,Inattentive,,,,,,,,,Yes,,,,,,,Yes,Yes,,,130,Milliken,130,Milliken (130),D42,637819.3621,4853860.4005
9324,7895581,1388642,3/6/2013 10:00:00 AM,2010,BRIMLEY Rd,EAGLEDANCE Dr,,Major Arterial,Scarborough,43.824977,-79.286044,,Traffic Signal,Clear,"Dark, artificial",Dry,Non-Fatal Injury,Angle,Vehicle Owner,unknown,,,,Other,,,,,,,,,,,,Yes,,,,,,,Yes,Yes,,,130,Milliken,130,Milliken (130),D42,637819.3621,4853860.4005
9325,7895582,1388642,3/6/2013 10:00:00 AM,2010,BRIMLEY Rd,EAGLEDANCE Dr,,Major Arterial,Scarborough,43.824977,-79.286044,,Traffic Signal,Clear,"Dark, artificial",Dry,Non-Fatal Injury,Angle,Driver,50 to 54,Minimal,,West,"Automobile, Station Wagon",Going Ahead,Driving Properly,Normal,,,,,,,,,Yes,,,,,,,Yes,Yes,,,130,Milliken,130,Milliken (130),D42,637819.3621,4853860.4005
9326,7792622,1345175,3/7/2013 10:00:00 AM,1545,CLIFFSIDE DR,EAST HAVEN DR,,Collector,Scarborough,43.703646,-79.25159,,Stop Sign,Clear,Daylight,Wet,Fatal,Pedestrian Collisions,Vehicle Owner,unknown,,,,,,,,,,,,,,Yes,,,,Yes,,,,,Yes,,,,122,Birchcliffe-Cliffside,122,Birchcliffe-Cliffside (122),D41,640874.3664,4840442.6964
9327,7792623,1345175,3/7/2013 10:00:00 AM,1545,CLIFFSIDE DR,EAST HAVEN DR,,Collector,Scarborough,43.703646,-79.25159,,Stop Sign,Clear,Daylight,Wet,Fatal,Pedestrian Collisions,Truck Driver,60 to 64,None,,West,"Truck - Closed (Blazer, etc)",Turning Left,Failed to Yield Right of Way,Normal,,,,,,,Yes,,,,Yes,,,,,Yes,,,,122,Birchcliffe-Cliffside,122,Birchcliffe-Cliffside (122),D41,640874.3664,4840442.6964
9328,7792624,1345175,3/7/2013 10:00:00 AM,1545,CLIFFSIDE DR,EAST HAVEN DR,,Collector,Scarborough,43.703646,-79.25159,,Stop Sign,Clear,Daylight,Wet,Fatal,Pedestrian Collisions,Pedestrian,10 to 14,Minor,,West,,,,,Vehicle turns left while ped crosses with ROW at inter.,Crossing with right of way,Normal,,,,Yes,,,,Yes,,,,,Yes,,,,122,Birchcliffe-Cliffside,122,Birchcliffe-Cliffside (122),D41,640874.3664,4840442.6964
9329,7792625,1345175,3/7/2013 10:00:00 AM,1545,CLIFFSIDE DR,EAST HAVEN DR,,Collector,Scarborough,43.703646,-79.25159,,Stop Sign,Clear,Daylight,Wet,Fatal,Pedestrian Collisions,Pedestrian,5 to 9,Minor,,West,,,,,Vehicle turns left while ped crosses with ROW at inter.,Crossing with right of way,Normal,,,,Yes,,,,Yes,,,,,Yes,,,,122,Birchcliffe-Cliffside,122,Birchcliffe-Cliffside (122),D41,640874.3664,4840442.6964
9330,7792626,1345175,3/7/2013 10:00:00 AM,1545,CLIFFSIDE DR,EAST HAVEN DR,,Collector,Scarborough,43.703646,-79.25159,,Stop Sign,Clear,Daylight,Wet,Fatal,Pedestrian Collisions,Pedestrian,5 to 9,Fatal,6,West,,,,,Vehicle turns left while ped crosses with ROW at inter.,Crossing with right of way,Normal,,,,Yes,,,,Yes,,,,,Yes,,,,122,Birchcliffe-Cliffside,122,Birchcliffe-Cliffside (122),D41,640874.3664,4840442.6964
9331,7811254,1353008,3/8/2013 10:00:00 AM,1815,DUNDAS ST E,CRAVEN RD,,Minor Arterial,Toronto and East York,43.668445,-79.31959,At Intersection,Stop Sign,Clear,Dusk,Dry,Non-Fatal Injury,Cyclist Collisions,Vehicle Owner,unknown,,,,Other,,,,,,,,,,,Yes,Yes,,,,,,,,,,,65,Greenwood-Coxwell,65,Greenwood-Coxwell (65),D55,635474.5705,4836419.8282
9332,7811255,1353008,3/8/2013 10:00:00 AM,1815,DUNDAS ST E,CRAVEN RD,,Minor Arterial,Toronto and East York,43.668445,-79.31959,At Intersection,Stop Sign,Clear,Dusk,Dry,Non-Fatal Injury,Cyclist Collisions,Driver,50 to 54,None,,North,"Automobile, Station Wagon",Going Ahead,Driving Properly,Normal,,,,,,,,Yes,Yes,,,,,,,,,,,65,Greenwood-Coxwell,65,Greenwood-Coxwell (65),D55,635474.5705,4836419.8282
9333,7811256,1353008,3/8/2013 10:00:00 AM,1815,DUNDAS ST E,CRAVEN RD,,Minor Arterial,Toronto and East York,43.668445,-79.31959,At Intersection,Stop Sign,Clear,Dusk,Dry,Non-Fatal Injury,Cyclist Collisions,Cyclist,30 to 34,Major,,West,Bicycle,Going Ahead,,,,,,"Cyclist without ROW rides into path of motorist at inter, lnwy, dwy-Cyclist not turn.",Wrong Way on One Way Road,Normal,,Yes,Yes,,,,,,,,,,,65,Greenwood-Coxwell,65,Greenwood-Coxwell (65),D55,635474.5705,4836419.8282
9334,7793637,1345604,3/10/2013 9:00:00 AM,10,FINCH AVE W,OAKDALE RD,,Major Arterial,Etobicoke York,43.755745,-79.52499,At Intersection,No Control,Clear,"Dark, artificial",Dry,Non-Fatal Injury,Pedestrian Collisions,Driver,70 to 74,None,,East,"Automobile, Station Wagon",Going Ahead,Driving Properly,Normal,,,,,,,Yes,,Yes,,,,,,,,,,,25,Glenfield-Jane Heights,25,Glenfield-Jane Heights (25),D31,618742.5552,4845800.7734
9335,7793638,1345604,3/10/2013 9:00:00 AM,10,FINCH AVE W,OAKDALE RD,,Major Arterial,Etobicoke York,43.755745,-79.52499,At Intersection,No Control,Clear,"Dark, artificial",Dry,Non-Fatal Injury,Pedestrian Collisions,Pedestrian,30 to 34,Major,,North,Other,,,,Pedestrian hit at mid-block,"Crossing, no Traffic Control",Unknown,,,,Yes,,Yes,,,,,,,,,,,25,Glenfield-Jane Heights,25,Glenfield-Jane Heights (25),D31,618742.5552,4845800.7734
9336,7793634,1345603,3/10/2013 9:00:00 AM,400,BLOOR ST W,ST HELENS AVE,,Major Arterial,Toronto and East York,43.658045,-79.44399,At Intersection,Stop Sign,Clear,"Dark, artificial",Dry,Non-Fatal Injury,Cyclist Collisions,Passenger,20 to 24,Minimal,,,Other,,,,,,,,,,,Yes,Yes,,,,,Yes,,,,,,83,Dufferin Grove,83,Dufferin Grove (83),D11,625467.0105,4835069.1349
9337,7793635,1345603,3/10/2013 9:00:00 AM,400,BLOOR ST W,ST HELENS AVE,,Major Arterial,Toronto and East York,43.658045,-79.44399,At Intersection,Stop Sign,Clear,"Dark, artificial",Dry,Non-Fatal Injury,Cyclist Collisions,Driver,30 to 34,None,,West,"Automobile, Station Wagon",Going Ahead,Driving Properly,Normal,,,,,,,,Yes,Yes,,,,,Yes,,,,,,83,Dufferin Grove,83,Dufferin Grove (83),D11,625467.0105,4835069.1349
9338,7793636,1345603,3/10/2013 9:00:00 AM,400,BLOOR ST W,ST HELENS AVE,,Major Arterial,Toronto and East York,43.658045,-79.44399,At Intersection,Stop Sign,Clear,"Dark, artificial",Dry,Non-Fatal Injury,Cyclist Collisions,Cyclist,20 to 24,Major,,North,Bicycle,Turning Right,,,,,,Cyclist turns right across motorists path,Improper Turn,Other,,Yes,Yes,,,,,Yes,,,,,,83,Dufferin Grove,83,Dufferin Grove (83),D11,625467.0105,4835069.1349
9339,7804351,1350051,3/11/2013 8:00:00 AM,2023,BIRCHMOUNT RD,LAWRENCE AVE E,,Major Arterial,Scarborough,43.747545,-79.28479,At Intersection,Traffic Signal,Rain,"Dark, artificial",Wet,Non-Fatal Injury,Pedestrian Collisions,Driver,65 to 69,None,,East,"Automobile, Station Wagon",Turning Left,Failed to Yield Right of Way,Inattentive,,,,,,,Yes,,Yes,,,,,,,Yes,,,,126,Dorset Park,126,Dorset Park (126),D41,638098.3994,4845262.444
9340,7804352,1350051,3/11/2013 8:00:00 AM,2023,BIRCHMOUNT RD,LAWRENCE AVE E,,Major Arterial,Scarborough,43.747545,-79.28479,At Intersection,Traffic Signal,Rain,"Dark, artificial",Wet,Non-Fatal Injury,Pedestrian Collisions,Pedestrian,20 to 24,Major,,East,Other,,,,Vehicle turns left while ped crosses with ROW at inter.,Crossing with right of way,Normal,,,,Yes,,Yes,,,,,,,Yes,,,,126,Dorset Park,126,Dorset Park (126),D41,638098.3994,4845262.444
9341,7808328,1351718,3/11/2013 8:00:00 AM,2054,BLOOR St W,MARKLAND Dr,,Major Arterial,Etobicoke York,43.633545,-79.57079,At Intersection,Traffic Signal,Rain,"Dark, artificial",Wet,Non-Fatal Injury,Pedestrian Collisions,Driver,55 to 59,None,,South,"Automobile, Station Wagon",Turning Left,Failed to Yield Right of Way,Unknown,,,,,,,Yes,,Yes,,,,,,,Yes,,,,12,Markland Wood,12,Markland Wood (12),D22,615289.4176,4832164.1805
9342,7808329,1351718,3/11/2013 8:00:00 AM,2054,BLOOR St W,MARKLAND Dr,,Major Arterial,Etobicoke York,43.633545,-79.57079,At Intersection,Traffic Signal,Rain,"Dark, artificial",Wet,Non-Fatal Injury,Pedestrian Collisions,Pedestrian,25 to 29,Major,,North,Other,,,,Vehicle turns left while ped crosses with ROW at inter.,Crossing with right of way,Unknown,,,,Yes,,Yes,,,,,,,Yes,,,,12,Markland Wood,12,Markland Wood (12),D22,615289.4176,4832164.1805
9343,7794361,1345912,3/11/2013 8:00:00 AM,2215,CHAPMAN RD,ROYAL YORK RD,,Minor Arterial,Etobicoke York,43.687545,-79.52889,,Stop Sign,Rain,"Dark, artificial",Wet,Non-Fatal Injury,Pedestrian Collisions,Driver,25 to 29,None,,South,"Automobile, Station Wagon",Turning Left,Driving Properly,Unknown,,,,,,,Yes,,Yes,,,,,,,,,,,8,Humber Heights-Westmount,8,Humber Heights-Westmount (8),D23,618563.0388,4838220.6222
9344,7794362,1345912,3/11/2013 8:00:00 AM,2215,CHAPMAN RD,ROYAL YORK RD,,Minor Arterial,Etobicoke York,43.687545,-79.52889,,Stop Sign,Rain,"Dark, artificial",Wet,Non-Fatal Injury,Pedestrian Collisions,Pedestrian,45 to 49,Major,,North,Other,,,,Vehicle turns left while ped crosses without ROW at inter.,Crossing without right of way,Unknown,,,,Yes,,Yes,,,,,,,,,,,8,Humber Heights-Westmount,8,Humber Heights-Westmount (8),D23,618563.0388,4838220.6222
9345,7795431,1346364,3/14/2013 8:00:00 AM,35,QUEEN ST W,DOWLING AVE,,Major Arterial,Toronto and East York,43.639941,-79.439853,,No Control,Snow,Dark,Loose Snow,Non-Fatal Injury,Pedestrian Collisions,Driver,unknown,None,,West,"Automobile, Station Wagon",Going Ahead,,,,,,,,,Yes,,Yes,,,,,,,,,,,85,South Parkdale,85,South Parkdale (85),D14,625838.3959,4833064.7155
9346,7795432,1346364,3/14/2013 8:00:00 AM,35,QUEEN ST W,DOWLING AVE,,Major Arterial,Toronto and East York,43.639941,-79.439853,,No Control,Snow,Dark,Loose Snow,Non-Fatal Injury,Pedestrian Collisions,Pedestrian,35 to 39,Major,,,Other,Other,,,,,,,,,Yes,,Yes,,,,,,,,,,,85,South Parkdale,85,South Parkdale (85),D14,625838.3959,4833064.7155
9347,7795785,1346509,3/14/2013 8:00:00 AM,2032,CARLAW AVE,DUNDAS ST E,,Minor Arterial,Toronto and East York,43.663345,-79.34109,At Intersection,No Control,Clear,"Dark, artificial",Dry,Non-Fatal Injury,Pedestrian Collisions,Passenger,20 to 24,None,,,Other,,,,,,,,,,Yes,,Yes,,,,,Yes,,,,,,70,South Riverdale,70,South Riverdale (70),D55,633752.5485,4835818.5169
9348,7795786,1346509,3/14/2013 8:00:00 AM,2032,CARLAW AVE,DUNDAS ST E,,Minor Arterial,Toronto and East York,43.663345,-79.34109,At Intersection,No Control,Clear,"Dark, artificial",Dry,Non-Fatal Injury,Pedestrian Collisions,Passenger,30 to 34,None,,,Other,,,,,,,,,,Yes,,Yes,,,,,Yes,,,,,,70,South Riverdale,70,South Riverdale (70),D55,633752.5485,4835818.5169
9349,7795787,1346509,3/14/2013 8:00:00 AM,2032,CARLAW AVE,DUNDAS ST E,,Minor Arterial,Toronto and East York,43.663345,-79.34109,At Intersection,No Control,Clear,"Dark, artificial",Dry,Non-Fatal Injury,Pedestrian Collisions,Vehicle Owner,unknown,,,,Other,,,,,,,,,,Yes,,Yes,,,,,Yes,,,,,,70,South Riverdale,70,South Riverdale (70),D55,633752.5485,4835818.5169
9350,7795788,1346509,3/14/2013 8:00:00 AM,2032,CARLAW AVE,DUNDAS ST E,,Minor Arterial,Toronto and East York,43.663345,-79.34109,At Intersection,No Control,Clear,"Dark, artificial",Dry,Non-Fatal Injury,Pedestrian Collisions,Driver,45 to 49,None,,West,"Automobile, Station Wagon",Turning Left,Driving Properly,Normal,,,,,,,Yes,,Yes,,,,,Yes,,,,,,70,South Riverdale,70,South Riverdale (70),D55,633752.5485,4835818.5169
9351,7795789,1346509,3/14/2013 8:00:00 AM,2032,CARLAW AVE,DUNDAS ST E,,Minor Arterial,Toronto and East York,43.663345,-79.34109,At Intersection,No Control,Clear,"Dark, artificial",Dry,Non-Fatal Injury,Pedestrian Collisions,Pedestrian,60 to 64,Major,,East,Other,,,,Pedestrian hit at mid-block,"Crossing, no Traffic Control",Normal,,,,Yes,,Yes,,,,,Yes,,,,,,70,South Riverdale,70,South Riverdale (70),D55,633752.5485,4835818.5169
9352,7796511,1346813,3/16/2013 8:00:00 AM,1252,WARDEN AVE,STEELES AVE E,,Major Arterial,Scarborough,43.819645,-79.32439,,Traffic Signal,Clear,Daylight,Dry,Non-Fatal Injury,Cyclist Collisions,Driver,30 to 34,None,,South,"Automobile, Station Wagon",Turning Right,Improper Turn,Normal,,,,,,,,Yes,Yes,,,,,,,,,,,NSA,NSA,NSA,NSA,D42,634747.9211,4853205.0196
9353,7796512,1346813,3/16/2013 8:00:00 AM,1252,WARDEN AVE,STEELES AVE E,,Major Arterial,Scarborough,43.819645,-79.32439,,Traffic Signal,Clear,Daylight,Dry,Non-Fatal Injury,Cyclist Collisions,Cyclist,65 to 69,Major,,East,Bicycle,Going Ahead,,,,,,Motorist turning right on green or amber at signalized intersection strikes cyclist.,Other,Normal,,Yes,Yes,,,,,,,,,,,NSA,NSA,NSA,NSA,D42,634747.9211,4853205.0196
9354,7808343,1351724,3/19/2013 8:00:00 AM,1715,FINCH Ave E,VICTORIA PARK Ave,,Major Arterial,Scarborough,43.793645,-79.32899,,No Control,Clear,Daylight,Dry,Non-Fatal Injury,Approaching,Driver,55 to 59,Minor,,West,"Automobile, Station Wagon",Going Ahead,Lost control,Unknown,,,,,,,,,Yes,,,,,,,,,,,147,L'Amoreaux West,117,L'Amoreaux (117),D42,634436.3135,4850309.82
9355,7808344,1351724,3/19/2013 8:00:00 AM,1715,FINCH Ave E,VICTORIA PARK Ave,,Major Arterial,Scarborough,43.793645,-79.32899,,No Control,Clear,Daylight,Dry,Non-Fatal Injury,Approaching,Driver,50 to 54,Major,,East,"Automobile, Station Wagon",Going Ahead,Driving Properly,Normal,,,,,,,,,Yes,,,,,,,,,,,147,L'Amoreaux West,117,L'Amoreaux (117),D42,634436.3135,4850309.82
9356,7806052,1350739,3/21/2013 8:00:00 AM,1315,QUEEN ST W,BATHURST ST,,Major Arterial,Toronto and East York,43.647116,-79.403972,At Intersection,Traffic Signal,Clear,Daylight,Wet,Non-Fatal Injury,Cyclist Collisions,Vehicle Owner,unknown,,,,,,,,,,,,,,,Yes,,,Yes,,,,,,,,,164,Wellington Place,77,Waterfront Communities-The Island (77),D14,628717.1921,4833916.6173
9357,7806053,1350739,3/21/2013 8:00:00 AM,1315,QUEEN ST W,BATHURST ST,,Major Arterial,Toronto and East York,43.647116,-79.403972,At Intersection,Traffic Signal,Clear,Daylight,Wet,Non-Fatal Injury,Cyclist Collisions,Truck Driver,35 to 39,None,,East,Truck-Tractor,Turning Right,Driving Properly,Normal,,,,,,,,Yes,,,Yes,,,,,,,,,164,Wellington Place,77,Waterfront Communities-The Island (77),D14,628717.1921,4833916.6173
9358,7806054,1350739,3/21/2013 8:00:00 AM,1315,QUEEN ST W,BATHURST ST,,Major Arterial,Toronto and East York,43.647116,-79.403972,At Intersection,Traffic Signal,Clear,Daylight,Wet,Non-Fatal Injury,Cyclist Collisions,Other,unknown,None,,,,,,,,,,,,,,Yes,,,Yes,,,,,,,,,164,Wellington Place,77,Waterfront Communities-The Island (77),D14,628717.1921,4833916.6173
9359,7806055,1350739,3/21/2013 8:00:00 AM,1315,QUEEN ST W,BATHURST ST,,Major Arterial,Toronto and East York,43.647116,-79.403972,At Intersection,Traffic Signal,Clear,Daylight,Wet,Non-Fatal Injury,Cyclist Collisions,Cyclist,20 to 24,Major,,West,Bicycle,Going Ahead,,,,,,"Motorist without ROW drives into path of cyclist at inter, lnwy, dwy-Driver not turn.",Failed to Yield Right of Way,Normal,,Yes,,,Yes,,,,,,,,,164,Wellington Place,77,Waterfront Communities-The Island (77),D14,628717.1921,4833916.6173
9360,7806023,1350729,3/21/2013 8:00:00 AM,1800,631 SHEPPARD Ave W,,,Major Arterial,North York,43.755345,-79.43939,,No Control,Clear,Daylight,Wet,Non-Fatal Injury,Sideswipe,Driver,40 to 44,None,,East,"Automobile, Station Wagon",Changing Lanes,Improper Lane Change,Normal,,,,,,,,,Yes,,,,,,Yes,Yes,,,,33,Clanton Park,34,Bathurst Manor (34),D32,625634.4961,4845882.6265
9361,7806024,1350729,3/21/2013 8:00:00 AM,1800,631 SHEPPARD Ave W,,,Major Arterial,North York,43.755345,-79.43939,,No Control,Clear,Daylight,Wet,Non-Fatal Injury,Sideswipe,Driver,35 to 39,Major,,East,"Automobile, Station Wagon",Going Ahead,Speed too Fast For Condition,Normal,,,,,,,,,Yes,,,,,,Yes,Yes,,,,33,Clanton Park,34,Bathurst Manor (34),D32,625634.4961,4845882.6265
9362,7802066,1349085,3/27/2013 8:00:00 AM,1923,DANFORTH Ave,LUTTRELL Ave,,Major Arterial,Toronto and East York,43.689945,-79.29379,,No Control,Rain,Dusk,Wet,Non-Fatal Injury,Turning Movement,Vehicle Owner,unknown,,,,"Automobile, Station Wagon",,,,,,,,,,,,Yes,,,,,Yes,,,,,,62,East End-Danforth,62,East End-Danforth (62),D55,637505.4664,4838850.1595
9363,7802067,1349085,3/27/2013 8:00:00 AM,1923,DANFORTH Ave,LUTTRELL Ave,,Major Arterial,Toronto and East York,43.689945,-79.29379,,No Control,Rain,Dusk,Wet,Non-Fatal Injury,Turning Movement,Driver,60 to 64,None,,West,"Automobile, Station Wagon",Going Ahead,Driving Properly,Normal,,,,,,,,,Yes,,,,,Yes,,,,,,62,East End-Danforth,62,East End-Danforth (62),D55,637505.4664,4838850.1595
9364,7802068,1349085,3/27/2013 8:00:00 AM,1923,DANFORTH Ave,LUTTRELL Ave,,Major Arterial,Toronto and East York,43.689945,-79.29379,,No Control,Rain,Dusk,Wet,Non-Fatal Injury,Turning Movement,Driver,30 to 34,Minor,,West,"Automobile, Station Wagon",Making U Turn,Improper Lane Change,Inattentive,,,,,,,,,Yes,,,,,Yes,,,,,,62,East End-Danforth,62,East End-Danforth (62),D55,637505.4664,4838850.1595
9365,7802069,1349085,3/27/2013 8:00:00 AM,1923,DANFORTH Ave,LUTTRELL Ave,,Major Arterial,Toronto and East York,43.689945,-79.29379,,No Control,Rain,Dusk,Wet,Non-Fatal Injury,Turning Movement,Passenger,50 to 54,Minor,,,Other,,,,,,,,,,,,Yes,,,,,Yes,,,,,,62,East End-Danforth,62,East End-Danforth (62),D55,637505.4664,4838850.1595
9366,7802070,1349085,3/27/2013 8:00:00 AM,1923,DANFORTH Ave,LUTTRELL Ave,,Major Arterial,Toronto and East York,43.689945,-79.29379,,No Control,Rain,Dusk,Wet,Non-Fatal Injury,Turning Movement,Passenger,30 to 34,Minor,,,Other,,,,,,,,,,,,Yes,,,,,Yes,,,,,,62,East End-Danforth,62,East End-Danforth (62),D55,637505.4664,4838850.1595
9367,7802071,1349085,3/27/2013 8:00:00 AM,1923,DANFORTH Ave,LUTTRELL Ave,,Major Arterial,Toronto and East York,43.689945,-79.29379,,No Control,Rain,Dusk,Wet,Non-Fatal Injury,Turning Movement,Passenger,5 to 9,Major,,,Other,,,,,,,,,,,,Yes,,,,,Yes,,,,,,62,East End-Danforth,62,East End-Danforth (62),D55,637505.4664,4838850.1595
9368,7807639,1351388,3/28/2013 8:00:00 AM,1413,WESTON Rd,FAIRGLEN Cres,,Major Arterial,Etobicoke York,43.708445,-79.53389,,No Control,Clear,Daylight,Dry,Non-Fatal Injury,Turning Movement,Passenger,35 to 39,Major,,,Other,,,,,,,,,,,,Yes,,,,,Yes,,Yes,,,,113,Weston,113,Weston (113),D12,618119.0207,4840534.7153
9369,7807640,1351388,3/28/2013 8:00:00 AM,1413,WESTON Rd,FAIRGLEN Cres,,Major Arterial,Etobicoke York,43.708445,-79.53389,,No Control,Clear,Daylight,Dry,Non-Fatal Injury,Turning Movement,Driver,30 to 34,Minor,,East,"Automobile, Station Wagon",Turning Left,Driving Properly,Normal,,,,,,,,,Yes,,,,,Yes,,Yes,,,,113,Weston,113,Weston (113),D12,618119.0207,4840534.7153
9370,7807641,1351388,3/28/2013 8:00:00 AM,1413,WESTON Rd,FAIRGLEN Cres,,Major Arterial,Etobicoke York,43.708445,-79.53389,,No Control,Clear,Daylight,Dry,Non-Fatal Injury,Turning Movement,Vehicle Owner,unknown,,,,Other,,,,,,,,,,,,Yes,,,,,Yes,,Yes,,,,113,Weston,113,Weston (113),D12,618119.0207,4840534.7153