OBJECTID,INDEX,ACCNUM,DATE,TIME,STREET1,STREET2,OFFSET,ROAD_CLASS,DISTRICT,LATITUDE,LONGITUDE,ACCLOC,TRAFFCTL,VISIBILITY,LIGHT,RDSFCOND,ACCLASS,IMPACTYPE,INVTYPE,INVAGE,INJURY,FATAL_NO,INITDIR,VEHTYPE,MANOEUVER,DRIVACT,DRIVCOND,PEDTYPE,PEDACT,PEDCOND,CYCLISTYPE,CYCACT,CYCCOND,PEDESTRIAN,CYCLIST,AUTOMOBILE,MOTORCYCLE,TRUCK,TRSN_CITY_VEH,EMERG_VEH,PASSENGER,SPEEDING,AG_DRIV,REDLIGHT,ALCOHOL,DISABILITY,HOOD_158,NEIGHBOURHOOD_158,HOOD_140,NEIGHBOURHOOD_140,DIVISION,x,y
9371,7807642,1351388,3/28/2013 8:00:00 AM,1413,WESTON Rd,FAIRGLEN Cres,,Major Arterial,Etobicoke York,43.708445,-79.53389,,No Control,Clear,Daylight,Dry,Non-Fatal Injury,Turning Movement,Driver,50 to 54,Minor,,South,"Automobile, Station Wagon",Going Ahead,Improper Passing,Inattentive,,,,,,,,,Yes,,,,,Yes,,Yes,,,,113,Weston,113,Weston (113),D12,618119.0207,4840534.7153
9372,7812670,1353658,3/29/2013 8:00:00 AM,1232,78 EAGLEVIEW CRES,,,Local,Scarborough,43.819245,-79.32339,,No Control,Clear,Daylight,Dry,Non-Fatal Injury,Pedestrian Collisions,Driver,unknown,None,,East,"Automobile, Station Wagon",Reversing,Other,Unknown,,,,,,,Yes,,Yes,,,,,,,,,,,116,Steeles,116,Steeles (116),D42,634829.2395,4853162.2224
9373,7812671,1353658,3/29/2013 8:00:00 AM,1232,78 EAGLEVIEW CRES,,,Local,Scarborough,43.819245,-79.32339,,No Control,Clear,Daylight,Dry,Non-Fatal Injury,Pedestrian Collisions,Pedestrian,70 to 74,Major,,Unknown,Other,,,,Vehicle is reversing and hits pedestrian,Other,Normal,,,,Yes,,Yes,,,,,,,,,,,116,Steeles,116,Steeles (116),D42,634829.2395,4853162.2224
9374,7802739,1349359,3/29/2013 8:00:00 AM,1734,LAKE SHORE BLVD E,DON ROADWAY,,Major Arterial,Toronto and East York,43.650244,-79.348491,,No Control,Clear,Daylight,Dry,Fatal,SMV Other,Vehicle Owner,unknown,,,,,,,,,,,,,,,,Yes,,,,,Yes,Yes,Yes,,,,166,St Lawrence-East Bayfront-The Islands,77,Waterfront Communities-The Island (77),D51,633184.7843,4834351.5711
9375,7802740,1349359,3/29/2013 8:00:00 AM,1734,LAKE SHORE BLVD E,DON ROADWAY,,Major Arterial,Toronto and East York,43.650244,-79.348491,,No Control,Clear,Daylight,Dry,Fatal,SMV Other,Driver,15 to 19,Minor,,East,"Automobile, Station Wagon",Going Ahead,Lost control,Unknown,,,,,,,,,Yes,,,,,Yes,Yes,Yes,,,,166,St Lawrence-East Bayfront-The Islands,77,Waterfront Communities-The Island (77),D51,633184.7843,4834351.5711
9376,7802741,1349359,3/29/2013 8:00:00 AM,1734,LAKE SHORE BLVD E,DON ROADWAY,,Major Arterial,Toronto and East York,43.650244,-79.348491,,No Control,Clear,Daylight,Dry,Fatal,SMV Other,Passenger,15 to 19,Minor,,,,,,,,,,,,,,,Yes,,,,,Yes,Yes,Yes,,,,166,St Lawrence-East Bayfront-The Islands,77,Waterfront Communities-The Island (77),D51,633184.7843,4834351.5711
9377,7802742,1349359,3/29/2013 8:00:00 AM,1734,LAKE SHORE BLVD E,DON ROADWAY,,Major Arterial,Toronto and East York,43.650244,-79.348491,,No Control,Clear,Daylight,Dry,Fatal,SMV Other,Other Property Owner,unknown,,,,,,,,,,,,,,,,Yes,,,,,Yes,Yes,Yes,,,,166,St Lawrence-East Bayfront-The Islands,77,Waterfront Communities-The Island (77),D51,633184.7843,4834351.5711
9378,7802743,1349359,3/29/2013 8:00:00 AM,1734,LAKE SHORE BLVD E,DON ROADWAY,,Major Arterial,Toronto and East York,43.650244,-79.348491,,No Control,Clear,Daylight,Dry,Fatal,SMV Other,Passenger,15 to 19,Minor,,,,,,,,,,,,,,,Yes,,,,,Yes,Yes,Yes,,,,166,St Lawrence-East Bayfront-The Islands,77,Waterfront Communities-The Island (77),D51,633184.7843,4834351.5711
9379,7802744,1349359,3/29/2013 8:00:00 AM,1734,LAKE SHORE BLVD E,DON ROADWAY,,Major Arterial,Toronto and East York,43.650244,-79.348491,,No Control,Clear,Daylight,Dry,Fatal,SMV Other,Passenger,15 to 19,Minor,,,,,,,,,,,,,,,Yes,,,,,Yes,Yes,Yes,,,,166,St Lawrence-East Bayfront-The Islands,77,Waterfront Communities-The Island (77),D51,633184.7843,4834351.5711
9380,7802745,1349359,3/29/2013 8:00:00 AM,1734,LAKE SHORE BLVD E,DON ROADWAY,,Major Arterial,Toronto and East York,43.650244,-79.348491,,No Control,Clear,Daylight,Dry,Fatal,SMV Other,Passenger,15 to 19,Fatal,8,,,,,,,,,,,,,,Yes,,,,,Yes,Yes,Yes,,,,166,St Lawrence-East Bayfront-The Islands,77,Waterfront Communities-The Island (77),D51,633184.7843,4834351.5711
9381,7805821,1350654,3/30/2013 8:00:00 AM,1214,JANE ST,DALRYMPLE DR,,Major Arterial,Etobicoke York,43.677233,-79.496135,At Intersection,No Control,Clear,Daylight,Dry,Non-Fatal Injury,Cyclist Collisions,Driver,unknown,None,,North,"Automobile, Station Wagon",Turning Left,Failed to Yield Right of Way,Unknown,,,,,,,,Yes,Yes,,,,,,,Yes,,,,111,Rockcliffe-Smythe,111,Rockcliffe-Smythe (111),D12,621223.6924,4837122.6863
9382,7805822,1350654,3/30/2013 8:00:00 AM,1214,JANE ST,DALRYMPLE DR,,Major Arterial,Etobicoke York,43.677233,-79.496135,At Intersection,No Control,Clear,Daylight,Dry,Non-Fatal Injury,Cyclist Collisions,Cyclist,40 to 44,Major,,South,Bicycle,Going Ahead,,,,,,Motorist turned left across cyclists path.,Driving Properly,Normal,,Yes,Yes,,,,,,,Yes,,,,111,Rockcliffe-Smythe,111,Rockcliffe-Smythe (111),D12,621223.6924,4837122.6863
9383,7804603,1350140,4/4/2013 8:00:00 AM,1251,THE EAST MALL,BLOOR St W,,Major Arterial,Etobicoke York,43.636945,-79.55669,At Intersection,Traffic Signal,Clear,Daylight,Dry,Non-Fatal Injury,SMV Other,Driver,85 to 89,Major,,North,"Automobile, Station Wagon",Going Ahead,Lost control,Unknown,,,,,,,,,Yes,,,,,,,,,,,158,Islington,14,Islington-City Centre West (14),D22,616420.2591,4832561.4712
9384,7804604,1350140,4/4/2013 8:00:00 AM,1251,THE EAST MALL,BLOOR St W,,Major Arterial,Etobicoke York,43.636945,-79.55669,At Intersection,Traffic Signal,Clear,Daylight,Dry,Non-Fatal Injury,SMV Other,Other Property Owner,unknown,,,,Other,,,,,,,,,,,,Yes,,,,,,,,,,,158,Islington,14,Islington-City Centre West (14),D22,616420.2591,4832561.4712
9385,7812849,1353734,4/4/2013 8:00:00 AM,2000,QUEEN St W,SPADINA Ave,,Major Arterial,Toronto and East York,43.648944,-79.395587,,No Control,Clear,"Dusk, artificial",Dry,Non-Fatal Injury,Approaching,Vehicle Owner,unknown,,,,,,,,,,,,,,,Yes,,,,Yes,,Yes,,,,,,78,Kensington-Chinatown,78,Kensington-Chinatown (78),D52,629389.5114,4834132.68
9386,7812850,1353734,4/4/2013 8:00:00 AM,2000,QUEEN St W,SPADINA Ave,,Major Arterial,Toronto and East York,43.648944,-79.395587,,No Control,Clear,"Dusk, artificial",Dry,Non-Fatal Injury,Approaching,Driver,25 to 29,None,,West,Street Car,Going Ahead,Driving Properly,Normal,,,,,,,,Yes,,,,Yes,,Yes,,,,,,78,Kensington-Chinatown,78,Kensington-Chinatown (78),D52,629389.5114,4834132.68
9387,7812851,1353734,4/4/2013 8:00:00 AM,2000,QUEEN St W,SPADINA Ave,,Major Arterial,Toronto and East York,43.648944,-79.395587,,No Control,Clear,"Dusk, artificial",Dry,Non-Fatal Injury,Approaching,Passenger,55 to 59,Minor,,,,,,,,,,,,,,Yes,,,,Yes,,Yes,,,,,,78,Kensington-Chinatown,78,Kensington-Chinatown (78),D52,629389.5114,4834132.68
9388,7812852,1353734,4/4/2013 8:00:00 AM,2000,QUEEN St W,SPADINA Ave,,Major Arterial,Toronto and East York,43.648944,-79.395587,,No Control,Clear,"Dusk, artificial",Dry,Non-Fatal Injury,Approaching,Moped Driver,55 to 59,Major,,East,Moped,Going Ahead,,,,,,,,,,Yes,,,,Yes,,Yes,,,,,,78,Kensington-Chinatown,78,Kensington-Chinatown (78),D52,629389.5114,4834132.68
9389,7814391,1354394,4/5/2013 8:00:00 AM,2259,BLOOR ST W,MARGUERETTA ST,,Major Arterial,Toronto and East York,43.658946,-79.439693,At Intersection,No Control,Clear,Dark,Dry,Non-Fatal Injury,Cyclist Collisions,Driver,unknown,None,,West,"Automobile, Station Wagon",Going Ahead,Improper Passing,Unknown,,,,,,,,Yes,Yes,,,,,,,Yes,,,,83,Dufferin Grove,83,Dufferin Grove (83),D11,625811.6155,4835175.7094
9390,7814392,1354394,4/5/2013 8:00:00 AM,2259,BLOOR ST W,MARGUERETTA ST,,Major Arterial,Toronto and East York,43.658946,-79.439693,At Intersection,No Control,Clear,Dark,Dry,Non-Fatal Injury,Cyclist Collisions,Cyclist,35 to 39,Major,,West,Bicycle,Going Ahead,,,,,,Cyclist and Driver travelling in same direction. One vehicle rear-ended the other.,,,,Yes,Yes,,,,,,,Yes,,,,83,Dufferin Grove,83,Dufferin Grove (83),D11,625811.6155,4835175.7094
9391,7805396,1350472,4/6/2013 8:00:00 AM,845,SHEPPARD AVE W,BATHURST ST,,Major Arterial,North York,43.755445,-79.43849,At Intersection,Traffic Signal,Clear,Daylight,Dry,Non-Fatal Injury,Pedestrian Collisions,Driver,75 to 79,None,,South,"Automobile, Station Wagon",Turning Left,Failed to Yield Right of Way,Inattentive,,,,,,,Yes,,Yes,,,,,,,Yes,,,,33,Clanton Park,33,Clanton Park (33),D32,625706.7404,4845895.0985
9392,7805397,1350472,4/6/2013 8:00:00 AM,845,SHEPPARD AVE W,BATHURST ST,,Major Arterial,North York,43.755445,-79.43849,At Intersection,Traffic Signal,Clear,Daylight,Dry,Non-Fatal Injury,Pedestrian Collisions,Pedestrian,85 to 89,Major,,North,Other,,,,Vehicle turns left while ped crosses with ROW at inter.,Crossing with right of way,Medical or Physical Disability,,,,Yes,,Yes,,,,,,,Yes,,,,33,Clanton Park,33,Clanton Park (33),D32,625706.7404,4845895.0985
9393,7806070,1350745,4/7/2013 8:00:00 AM,1145,DON MILLS RD,LEITH HILL RD,,Major Arterial,North York,43.777144,-79.347888,,Traffic Signal,Clear,Daylight,Dry,Non-Fatal Injury,Angle,Passenger,Over 95,Major,,,Other,,,,,,,,,,,,Yes,,,,,Yes,,Yes,Yes,,,47,Don Valley Village,47,Don Valley Village (47),D33,632952.491,4848446.6037
9394,7806071,1350745,4/7/2013 8:00:00 AM,1145,DON MILLS RD,LEITH HILL RD,,Major Arterial,North York,43.777144,-79.347888,,Traffic Signal,Clear,Daylight,Dry,Non-Fatal Injury,Angle,Driver,60 to 64,None,,East,"Automobile, Station Wagon",Going Ahead,Driving Properly,Normal,,,,,,,,,Yes,,,,,Yes,,Yes,Yes,,,47,Don Valley Village,47,Don Valley Village (47),D33,632952.491,4848446.6037
9395,7806072,1350745,4/7/2013 8:00:00 AM,1145,DON MILLS RD,LEITH HILL RD,,Major Arterial,North York,43.777144,-79.347888,,Traffic Signal,Clear,Daylight,Dry,Non-Fatal Injury,Angle,Driver,25 to 29,None,,South,"Automobile, Station Wagon",Going Ahead,Disobeyed Traffic Control,Inattentive,,,,,,,,,Yes,,,,,Yes,,Yes,Yes,,,47,Don Valley Village,47,Don Valley Village (47),D33,632952.491,4848446.6037
9396,7813700,1354069,4/8/2013 8:00:00 AM,1722,JARVIS ST,EARL PL,,Major Arterial,Toronto and East York,43.667945,-79.37899,,Traffic Signal,Clear,Daylight,Wet,Non-Fatal Injury,Cyclist Collisions,Driver,50 to 54,None,,North,"Automobile, Station Wagon",Going Ahead,Driving Properly,Normal,,,,,,,,Yes,Yes,,,,,,,,,,,74,North St.James Town,74,North St.James Town (74),D51,630686.7787,4836269.0046
9397,7813701,1354069,4/8/2013 8:00:00 AM,1722,JARVIS ST,EARL PL,,Major Arterial,Toronto and East York,43.667945,-79.37899,,Traffic Signal,Clear,Daylight,Wet,Non-Fatal Injury,Cyclist Collisions,Driver,50 to 54,None,,North,"Automobile, Station Wagon",Going Ahead,Driving Properly,Normal,,,,,,,,Yes,Yes,,,,,,,,,,,74,North St.James Town,74,North St.James Town (74),D51,630686.7787,4836269.0046
9398,7813702,1354069,4/8/2013 8:00:00 AM,1722,JARVIS ST,EARL PL,,Major Arterial,Toronto and East York,43.667945,-79.37899,,Traffic Signal,Clear,Daylight,Wet,Non-Fatal Injury,Cyclist Collisions,Cyclist,20 to 24,Major,,North,Bicycle,Changing Lanes,,,,,,Cyclist and Driver travelling in same direction. One vehicle sideswipes the other.,Improper Lane Change,Inattentive,,Yes,Yes,,,,,,,,,,,74,North St.James Town,74,North St.James Town (74),D51,630686.7787,4836269.0046
9399,7817811,1355879,4/10/2013 8:00:00 AM,1110,MCNICOLL Ave,WHITE HEATHER Blvd,,Minor Arterial,Scarborough,43.818945,-79.26739,At Intersection,Stop Sign,Rain,Daylight,Wet,Non-Fatal Injury,Turning Movement,Driver,30 to 34,None,,East,"Automobile, Station Wagon",Going Ahead,Driving Properly,Normal,,,,,,,,,Yes,,,,,Yes,,Yes,,,,130,Milliken,130,Milliken (130),D42,639333.3802,4853221.6972
9400,7817812,1355879,4/10/2013 8:00:00 AM,1110,MCNICOLL Ave,WHITE HEATHER Blvd,,Minor Arterial,Scarborough,43.818945,-79.26739,At Intersection,Stop Sign,Rain,Daylight,Wet,Non-Fatal Injury,Turning Movement,Passenger,35 to 39,Major,,,Other,,,,,,,,,,,,Yes,,,,,Yes,,Yes,,,,130,Milliken,130,Milliken (130),D42,639333.3802,4853221.6972
9401,7817813,1355879,4/10/2013 8:00:00 AM,1110,MCNICOLL Ave,WHITE HEATHER Blvd,,Minor Arterial,Scarborough,43.818945,-79.26739,At Intersection,Stop Sign,Rain,Daylight,Wet,Non-Fatal Injury,Turning Movement,Driver,50 to 54,Minor,,North,"Automobile, Station Wagon",Turning Left,Improper Turn,Inattentive,,,,,,,,,Yes,,,,,Yes,,Yes,,,,130,Milliken,130,Milliken (130),D42,639333.3802,4853221.6972
9402,7807135,1351180,4/10/2013 8:00:00 AM,1419,KEELE St,CALVINGTON Dr,,Major Arterial,North York,43.733545,-79.48369,At Intersection,Traffic Signal,Rain,Daylight,Wet,Non-Fatal Injury,Turning Movement,Driver,65 to 69,Major,,North,"Automobile, Station Wagon",Unknown,Exceeding Speed Limit,Unknown,,,,,,,,,Yes,,,,,,Yes,Yes,,,,155,Downsview,26,Downsview-Roding-CFB (26),D31,622112.479,4843395.1772
9403,7807136,1351180,4/10/2013 8:00:00 AM,1419,KEELE St,CALVINGTON Dr,,Major Arterial,North York,43.733545,-79.48369,At Intersection,Traffic Signal,Rain,Daylight,Wet,Non-Fatal Injury,Turning Movement,Driver,65 to 69,Minor,,East,"Automobile, Station Wagon",Turning Right,Driving Properly,Normal,,,,,,,,,Yes,,,,,,Yes,Yes,,,,155,Downsview,26,Downsview-Roding-CFB (26),D31,622112.479,4843395.1772
9404,7813988,1354199,4/10/2013 8:00:00 AM,1856,FINCH Ave E,BALDOON Rd,,Minor Arterial,Scarborough,43.815245,-79.23239,At Intersection,Stop Sign,Clear,"Daylight, artificial",Dry,Non-Fatal Injury,Pedestrian Collisions,Driver,40 to 44,None,,North,"Automobile, Station Wagon",Turning Left,Driving Properly,Normal,,,,,,,Yes,,Yes,,,,,,,,,,,145,Malvern West,131,Rouge (131),D42,642156.8294,4852870.2971
9405,7813989,1354199,4/10/2013 8:00:00 AM,1856,FINCH Ave E,BALDOON Rd,,Minor Arterial,Scarborough,43.815245,-79.23239,At Intersection,Stop Sign,Clear,"Daylight, artificial",Dry,Non-Fatal Injury,Pedestrian Collisions,Pedestrian,50 to 54,Major,,South,Other,,,,Vehicle turns left while ped crosses without ROW at inter.,Running onto Roadway,Inattentive,,,,Yes,,Yes,,,,,,,,,,,145,Malvern West,131,Rouge (131),D42,642156.8294,4852870.2971
9406,7808284,1351701,4/12/2013 8:00:00 AM,1213,CHURCH ST,GOULD ST,,Minor Arterial,Toronto and East York,43.658245,-79.37789,At Intersection,Traffic Signal,Rain,Daylight,Wet,Non-Fatal Injury,Pedestrian Collisions,Vehicle Owner,unknown,,,,Other,,,,,,,,,,Yes,,Yes,,,,,,,Yes,,,,168,Downtown Yonge East,75,Church-Yonge Corridor (75),D51,630796.5256,4835193.4235
9407,7808285,1351701,4/12/2013 8:00:00 AM,1213,CHURCH ST,GOULD ST,,Minor Arterial,Toronto and East York,43.658245,-79.37789,At Intersection,Traffic Signal,Rain,Daylight,Wet,Non-Fatal Injury,Pedestrian Collisions,Driver,30 to 34,None,,East,"Automobile, Station Wagon",Turning Left,Failed to Yield Right of Way,Inattentive,,,,,,,Yes,,Yes,,,,,,,Yes,,,,168,Downtown Yonge East,75,Church-Yonge Corridor (75),D51,630796.5256,4835193.4235
9408,7808286,1351701,4/12/2013 8:00:00 AM,1213,CHURCH ST,GOULD ST,,Minor Arterial,Toronto and East York,43.658245,-79.37789,At Intersection,Traffic Signal,Rain,Daylight,Wet,Non-Fatal Injury,Pedestrian Collisions,Pedestrian,80 to 84,Major,,East,Other,,,,Vehicle turns left while ped crosses with ROW at inter.,Crossing with right of way,Normal,,,,Yes,,Yes,,,,,,,Yes,,,,168,Downtown Yonge East,75,Church-Yonge Corridor (75),D51,630796.5256,4835193.4235
9409,7815290,1354807,4/12/2013 8:00:00 AM,1600,CRAWFORD ST,QUEEN ST W,,Major Arterial,Toronto and East York,43.644945,-79.41509,At Intersection,Stop Sign,Rain,Daylight,Wet,Non-Fatal Injury,Turning Movement,Driver,25 to 29,Major,,East,"Automobile, Station Wagon",Going Ahead,Speed too Fast For Condition,Normal,,,,,,,,,Yes,,,,,,Yes,Yes,,,,162,West Queen West,82,Niagara (82),D14,627825.1381,4833658.3156
9410,7815291,1354807,4/12/2013 8:00:00 AM,1600,CRAWFORD ST,QUEEN ST W,,Major Arterial,Toronto and East York,43.644945,-79.41509,At Intersection,Stop Sign,Rain,Daylight,Wet,Non-Fatal Injury,Turning Movement,Driver,20 to 24,Minimal,,North,"Automobile, Station Wagon",Turning Left,Failed to Yield Right of Way,Normal,,,,,,,,,Yes,,,,,,Yes,Yes,,,,162,West Queen West,82,Niagara (82),D14,627825.1381,4833658.3156
9411,7816964,1355516,4/12/2013 8:00:00 AM,1845,YORKLAND Blvd,CONSUMERS Rd,,Minor Arterial,North York,43.772945,-79.33609,,No Control,Clear,Daylight,Wet,Non-Fatal Injury,SMV Other,Driver,30 to 34,Major,,West,"Automobile, Station Wagon",Turning Left,Speed too Fast For Condition,Inattentive,,,,,,,,,Yes,,,,,,Yes,Yes,,,,53,Henry Farm,53,Henry Farm (53),D33,633911.3084,4847999.2537
9412,7807812,1351471,4/12/2013 8:00:00 AM,2056,JANE ST,STONG CRT,,Major Arterial,Etobicoke York,43.762446,-79.518886,,No Control,Rain,"Dark, artificial",Wet,Fatal,Pedestrian Collisions,Driver,35 to 39,None,,North,"Automobile, Station Wagon",Going Ahead,Exceeding Speed Limit,Inattentive,,,,,,,Yes,,Yes,,,,,,Yes,Yes,,,,24,Black Creek,24,Black Creek (24),D31,619220.6393,4846553.7871
9413,7807813,1351471,4/12/2013 8:00:00 AM,2056,JANE ST,STONG CRT,,Major Arterial,Etobicoke York,43.762446,-79.518886,,No Control,Rain,"Dark, artificial",Wet,Fatal,Pedestrian Collisions,Pedestrian,50 to 54,Fatal,9,West,,,,,Pedestrian hit at mid-block,"Crossing, no Traffic Control",Unknown,,,,Yes,,Yes,,,,,,Yes,Yes,,,,24,Black Creek,24,Black Creek (24),D31,619220.6393,4846553.7871
9414,7807807,1351458,4/12/2013 8:00:00 AM,2110,STEELES Ave E,BIRCHMOUNT Rd,,Major Arterial,Scarborough,43.821345,-79.31689,At Intersection,Traffic Signal,Clear,"Dark, artificial",Wet,Non-Fatal Injury,Cyclist Collisions,Driver,45 to 49,Minor,,West,"Automobile, Station Wagon",Turning Left,Failed to Yield Right of Way,Normal,,,,,,,,Yes,Yes,,,,,Yes,,Yes,,,,116,Steeles,116,Steeles (116),D42,635347.2148,4853406.076
9415,7807808,1351458,4/12/2013 8:00:00 AM,2110,STEELES Ave E,BIRCHMOUNT Rd,,Major Arterial,Scarborough,43.821345,-79.31689,At Intersection,Traffic Signal,Clear,"Dark, artificial",Wet,Non-Fatal Injury,Cyclist Collisions,Passenger,25 to 29,Minimal,,,Other,,,,,,,,,,,Yes,Yes,,,,,Yes,,Yes,,,,116,Steeles,116,Steeles (116),D42,635347.2148,4853406.076
9416,7807809,1351458,4/12/2013 8:00:00 AM,2110,STEELES Ave E,BIRCHMOUNT Rd,,Major Arterial,Scarborough,43.821345,-79.31689,At Intersection,Traffic Signal,Clear,"Dark, artificial",Wet,Non-Fatal Injury,Cyclist Collisions,Passenger,25 to 29,Minimal,,,Other,,,,,,,,,,,Yes,Yes,,,,,Yes,,Yes,,,,116,Steeles,116,Steeles (116),D42,635347.2148,4853406.076
9417,7807810,1351458,4/12/2013 8:00:00 AM,2110,STEELES Ave E,BIRCHMOUNT Rd,,Major Arterial,Scarborough,43.821345,-79.31689,At Intersection,Traffic Signal,Clear,"Dark, artificial",Wet,Non-Fatal Injury,Cyclist Collisions,Driver,20 to 24,Minimal,,East,"Automobile, Station Wagon",Going Ahead,Driving Properly,Normal,,,,,,,,Yes,Yes,,,,,Yes,,Yes,,,,116,Steeles,116,Steeles (116),D42,635347.2148,4853406.076
9418,7807811,1351458,4/12/2013 8:00:00 AM,2110,STEELES Ave E,BIRCHMOUNT Rd,,Major Arterial,Scarborough,43.821345,-79.31689,At Intersection,Traffic Signal,Clear,"Dark, artificial",Wet,Non-Fatal Injury,Cyclist Collisions,Cyclist,55 to 59,Major,,East,Bicycle,Going Ahead,,,,,,Insufficient information (to determine cyclist crash type).,Driving Properly,Normal,,Yes,Yes,,,,,Yes,,Yes,,,,116,Steeles,116,Steeles (116),D42,635347.2148,4853406.076
9419,7808307,1351710,4/13/2013 8:00:00 AM,1130,THE QUEENSWAY,PARK LAWN Rd,,Major Arterial,Etobicoke York,43.629045,-79.49039,At Intersection,Traffic Signal,Clear,Daylight,Dry,Non-Fatal Injury,Pedestrian Collisions,Passenger,10 to 14,None,,,Other,,,,,,,,,,Yes,,Yes,,,,,Yes,,,,,,16,Stonegate-Queensway,16,Stonegate-Queensway (16),D22,621784.1503,4831779.2002
9420,7808308,1351710,4/13/2013 8:00:00 AM,1130,THE QUEENSWAY,PARK LAWN Rd,,Major Arterial,Etobicoke York,43.629045,-79.49039,At Intersection,Traffic Signal,Clear,Daylight,Dry,Non-Fatal Injury,Pedestrian Collisions,Vehicle Owner,unknown,,,,Other,,,,,,,,,,Yes,,Yes,,,,,Yes,,,,,,16,Stonegate-Queensway,16,Stonegate-Queensway (16),D22,621784.1503,4831779.2002
9421,7808309,1351710,4/13/2013 8:00:00 AM,1130,THE QUEENSWAY,PARK LAWN Rd,,Major Arterial,Etobicoke York,43.629045,-79.49039,At Intersection,Traffic Signal,Clear,Daylight,Dry,Non-Fatal Injury,Pedestrian Collisions,Driver,45 to 49,None,,East,"Automobile, Station Wagon",Going Ahead,Driving Properly,Normal,,,,,,,Yes,,Yes,,,,,Yes,,,,,,16,Stonegate-Queensway,16,Stonegate-Queensway (16),D22,621784.1503,4831779.2002
9422,7808310,1351710,4/13/2013 8:00:00 AM,1130,THE QUEENSWAY,PARK LAWN Rd,,Major Arterial,Etobicoke York,43.629045,-79.49039,At Intersection,Traffic Signal,Clear,Daylight,Dry,Non-Fatal Injury,Pedestrian Collisions,Pedestrian,55 to 59,Major,,North,Other,,,,Vehicle is going straight thru inter.while ped cross without ROW,Running onto Roadway,Normal,,,,Yes,,Yes,,,,,Yes,,,,,,16,Stonegate-Queensway,16,Stonegate-Queensway (16),D22,621784.1503,4831779.2002
9423,7808065,1351606,4/13/2013 8:00:00 AM,1846,KENNEDY RD,401 C E KENNEDY RAMP RD E,,Major Arterial,Scarborough,43.773146,-79.283893,At Intersection,Traffic Signal,Clear,Dusk,Dry,Fatal,Cyclist Collisions,Driver,40 to 44,None,,South,"Automobile, Station Wagon",Going Ahead,Driving Properly,Normal,,,,,,,,Yes,Yes,,,,,Yes,Yes,Yes,Yes,Yes,,126,Dorset Park,126,Dorset Park (126),D41,638111.7004,4848107.3236
9424,7808066,1351606,4/13/2013 8:00:00 AM,1846,KENNEDY RD,401 C E KENNEDY RAMP RD E,,Major Arterial,Scarborough,43.773146,-79.283893,At Intersection,Traffic Signal,Clear,Dusk,Dry,Fatal,Cyclist Collisions,Driver,75 to 79,None,,South,"Automobile, Station Wagon",Going Ahead,Driving Properly,Normal,,,,,,,,Yes,Yes,,,,,Yes,Yes,Yes,Yes,Yes,,126,Dorset Park,126,Dorset Park (126),D41,638111.7004,4848107.3236
9425,7808067,1351606,4/13/2013 8:00:00 AM,1846,KENNEDY RD,401 C E KENNEDY RAMP RD E,,Major Arterial,Scarborough,43.773146,-79.283893,At Intersection,Traffic Signal,Clear,Dusk,Dry,Fatal,Cyclist Collisions,Passenger,20 to 24,Minimal,,,,,,,,,,,,,,Yes,Yes,,,,,Yes,Yes,Yes,Yes,Yes,,126,Dorset Park,126,Dorset Park (126),D41,638111.7004,4848107.3236
9426,7808068,1351606,4/13/2013 8:00:00 AM,1846,KENNEDY RD,401 C E KENNEDY RAMP RD E,,Major Arterial,Scarborough,43.773146,-79.283893,At Intersection,Traffic Signal,Clear,Dusk,Dry,Fatal,Cyclist Collisions,Passenger,20 to 24,Minor,,,,,,,,,,,,,,Yes,Yes,,,,,Yes,Yes,Yes,Yes,Yes,,126,Dorset Park,126,Dorset Park (126),D41,638111.7004,4848107.3236
9427,7808069,1351606,4/13/2013 8:00:00 AM,1846,KENNEDY RD,401 C E KENNEDY RAMP RD E,,Major Arterial,Scarborough,43.773146,-79.283893,At Intersection,Traffic Signal,Clear,Dusk,Dry,Fatal,Cyclist Collisions,Driver,20 to 24,Minor,,North,"Automobile, Station Wagon",Stopped,Driving Properly,Normal,,,,,,,,Yes,Yes,,,,,Yes,Yes,Yes,Yes,Yes,,126,Dorset Park,126,Dorset Park (126),D41,638111.7004,4848107.3236
9428,7808070,1351606,4/13/2013 8:00:00 AM,1846,KENNEDY RD,401 C E KENNEDY RAMP RD E,,Major Arterial,Scarborough,43.773146,-79.283893,At Intersection,Traffic Signal,Clear,Dusk,Dry,Fatal,Cyclist Collisions,Driver,45 to 49,None,,East,"Automobile, Station Wagon",Going Ahead,Disobeyed Traffic Control,"Ability Impaired, Alcohol Over .08",,,,,,,,Yes,Yes,,,,,Yes,Yes,Yes,Yes,Yes,,126,Dorset Park,126,Dorset Park (126),D41,638111.7004,4848107.3236
9429,7808071,1351606,4/13/2013 8:00:00 AM,1846,KENNEDY RD,401 C E KENNEDY RAMP RD E,,Major Arterial,Scarborough,43.773146,-79.283893,At Intersection,Traffic Signal,Clear,Dusk,Dry,Fatal,Cyclist Collisions,Driver,25 to 29,Minor,,South,"Automobile, Station Wagon",Going Ahead,Driving Properly,Normal,,,,,,,,Yes,Yes,,,,,Yes,Yes,Yes,Yes,Yes,,126,Dorset Park,126,Dorset Park (126),D41,638111.7004,4848107.3236
9430,7808072,1351606,4/13/2013 8:00:00 AM,1846,KENNEDY RD,401 C E KENNEDY RAMP RD E,,Major Arterial,Scarborough,43.773146,-79.283893,At Intersection,Traffic Signal,Clear,Dusk,Dry,Fatal,Cyclist Collisions,Passenger,50 to 54,Major,,,,,,,,,,,,,,Yes,Yes,,,,,Yes,Yes,Yes,Yes,Yes,,126,Dorset Park,126,Dorset Park (126),D41,638111.7004,4848107.3236