OBJECTID,INDEX,ACCNUM,DATE,TIME,STREET1,STREET2,OFFSET,ROAD_CLASS,DISTRICT,LATITUDE,LONGITUDE,ACCLOC,TRAFFCTL,VISIBILITY,LIGHT,RDSFCOND,ACCLASS,IMPACTYPE,INVTYPE,INVAGE,INJURY,FATAL_NO,INITDIR,VEHTYPE,MANOEUVER,DRIVACT,DRIVCOND,PEDTYPE,PEDACT,PEDCOND,CYCLISTYPE,CYCACT,CYCCOND,PEDESTRIAN,CYCLIST,AUTOMOBILE,MOTORCYCLE,TRUCK,TRSN_CITY_VEH,EMERG_VEH,PASSENGER,SPEEDING,AG_DRIV,REDLIGHT,ALCOHOL,DISABILITY,HOOD_158,NEIGHBOURHOOD_158,HOOD_140,NEIGHBOURHOOD_140,DIVISION,x,y
9431,7808073,1351606,4/13/2013 8:00:00 AM,1846,KENNEDY RD,401 C E KENNEDY RAMP RD E,,Major Arterial,Scarborough,43.773146,-79.283893,At Intersection,Traffic Signal,Clear,Dusk,Dry,Fatal,Cyclist Collisions,Driver,25 to 29,None,,South,"Automobile, Station Wagon",Going Ahead,Driving Properly,Normal,,,,,,,,Yes,Yes,,,,,Yes,Yes,Yes,Yes,Yes,,126,Dorset Park,126,Dorset Park (126),D41,638111.7004,4848107.3236
9432,7808074,1351606,4/13/2013 8:00:00 AM,1846,KENNEDY RD,401 C E KENNEDY RAMP RD E,,Major Arterial,Scarborough,43.773146,-79.283893,At Intersection,Traffic Signal,Clear,Dusk,Dry,Fatal,Cyclist Collisions,Cyclist,35 to 39,Fatal,10,North,Bicycle,Going Ahead,,,,,,"Motorist without ROW drives into path of cyclist at inter, lnwy, dwy-Driver not turn.",Driving Properly,Unknown,,Yes,Yes,,,,,Yes,Yes,Yes,Yes,Yes,,126,Dorset Park,126,Dorset Park (126),D41,638111.7004,4848107.3236
9433,7808626,1351850,4/16/2013 8:00:00 AM,900,HILLHURST BLVD,AVENUE RD,,Major Arterial,North York,43.712046,-79.411693,At Intersection,Traffic Signal,Clear,Daylight,Dry,Fatal,SMV Other,Passenger,15 to 19,Minor,,,,,,,,,,,,,,,Yes,,,,,Yes,,,,,Yes,103,Lawrence Park South,103,Lawrence Park South (103),D53,627956.4027,4841116.0281
9434,7808627,1351850,4/16/2013 8:00:00 AM,900,HILLHURST BLVD,AVENUE RD,,Major Arterial,North York,43.712046,-79.411693,At Intersection,Traffic Signal,Clear,Daylight,Dry,Fatal,SMV Other,Driver,55 to 59,Fatal,11,East,"Automobile, Station Wagon",Going Ahead,Lost control,Medical or Physical Disability,,,,,,,,,Yes,,,,,Yes,,,,,Yes,103,Lawrence Park South,103,Lawrence Park South (103),D53,627956.4027,4841116.0281
9435,7808628,1351850,4/16/2013 8:00:00 AM,900,HILLHURST BLVD,AVENUE RD,,Major Arterial,North York,43.712046,-79.411693,At Intersection,Traffic Signal,Clear,Daylight,Dry,Fatal,SMV Other,Other Property Owner,unknown,,,,,,,,,,,,,,,,Yes,,,,,Yes,,,,,Yes,103,Lawrence Park South,103,Lawrence Park South (103),D53,627956.4027,4841116.0281
9436,7808673,1351876,4/16/2013 8:00:00 AM,1450,AVENUE RD,FAIRLAWN AVE,,Major Arterial,North York,43.727843,-79.417888,,Traffic Signal,Clear,Daylight,Dry,Fatal,Pedestrian Collisions,Truck Driver,35 to 39,None,,North,"Truck - Closed (Blazer, etc)",Going Ahead,Driving Properly,Normal,,,,,,,Yes,,,,Yes,,,,,,,,,39,Bedford Park-Nortown,39,Bedford Park-Nortown (39),D32,627423.8278,4842860.966
9437,7808674,1351876,4/16/2013 8:00:00 AM,1450,AVENUE RD,FAIRLAWN AVE,,Major Arterial,North York,43.727843,-79.417888,,Traffic Signal,Clear,Daylight,Dry,Fatal,Pedestrian Collisions,Vehicle Owner,unknown,,,,,,,,,,,,,,Yes,,,,Yes,,,,,,,,,39,Bedford Park-Nortown,39,Bedford Park-Nortown (39),D32,627423.8278,4842860.966
9438,7808675,1351876,4/16/2013 8:00:00 AM,1450,AVENUE RD,FAIRLAWN AVE,,Major Arterial,North York,43.727843,-79.417888,,Traffic Signal,Clear,Daylight,Dry,Fatal,Pedestrian Collisions,Pedestrian,65 to 69,Fatal,12,West,,,,,Pedestrian hit at mid-block,"Crossing, no Traffic Control",Unknown,,,,Yes,,,,Yes,,,,,,,,,39,Bedford Park-Nortown,39,Bedford Park-Nortown (39),D32,627423.8278,4842860.966
9439,7817111,1355579,4/16/2013 8:00:00 AM,1630,LAWRENCE Ave W,BROOKHAVEN Dr,,Major Arterial,Etobicoke York,43.704345,-79.49669,At Intersection,Traffic Signal,Clear,Daylight,Dry,Non-Fatal Injury,Pedestrian Collisions,Driver,30 to 34,None,,North,"Automobile, Station Wagon",Turning Right,Failed to Yield Right of Way,Normal,,,,,,,Yes,,Yes,,,,,,,Yes,,,,30,Brookhaven-Amesbury,30,Brookhaven-Amesbury (30),D12,621124.3675,4840133.0304
9440,7817112,1355579,4/16/2013 8:00:00 AM,1630,LAWRENCE Ave W,BROOKHAVEN Dr,,Major Arterial,Etobicoke York,43.704345,-79.49669,At Intersection,Traffic Signal,Clear,Daylight,Dry,Non-Fatal Injury,Pedestrian Collisions,Pedestrian,60 to 64,Major,,West,Other,,,,Vehicle turns right while ped crosses with ROW at inter.,Crossing with right of way,Normal,,,,Yes,,Yes,,,,,,,Yes,,,,30,Brookhaven-Amesbury,30,Brookhaven-Amesbury (30),D12,621124.3675,4840133.0304
9441,7818845,1356335,4/17/2013 8:00:00 AM,1726,GLENMOUNT PARK Rd,BURGESS Ave,,Local,Toronto and East York,43.679245,-79.30459,At Intersection,Stop Sign,Clear,Daylight,Dry,Non-Fatal Injury,Pedestrian Collisions,Driver,50 to 54,None,,North,"Automobile, Station Wagon",Turning Left,Driving Properly,Normal,,,,,,,Yes,,Yes,,,,,,,,,,,62,East End-Danforth,62,East End-Danforth (62),D55,636659.3667,4837643.9228
9442,7818846,1356335,4/17/2013 8:00:00 AM,1726,GLENMOUNT PARK Rd,BURGESS Ave,,Local,Toronto and East York,43.679245,-79.30459,At Intersection,Stop Sign,Clear,Daylight,Dry,Non-Fatal Injury,Pedestrian Collisions,Pedestrian,10 to 14,Major,,South,Other,Going Ahead,,,Vehicle turns left while ped crosses without ROW at inter.,Playing or Working on Highway,Inattentive,,,,Yes,,Yes,,,,,,,,,,,62,East End-Danforth,62,East End-Danforth (62),D55,636659.3667,4837643.9228
9443,7821262,1357350,4/22/2013 8:00:00 AM,1514,WEST TORONTO ST,KEELE ST,,Collector,Etobicoke York,43.669645,-79.46799,,No Control,Clear,Daylight,Dry,Non-Fatal Injury,Turning Movement,Vehicle Owner,unknown,,,,Other,,,,,,,,,,,,Yes,Yes,,,,,,Yes,,,,90,Junction Area,90,Junction Area (90),D11,623507.9916,4836321.4562
9444,7821263,1357350,4/22/2013 8:00:00 AM,1514,WEST TORONTO ST,KEELE ST,,Collector,Etobicoke York,43.669645,-79.46799,,No Control,Clear,Daylight,Dry,Non-Fatal Injury,Turning Movement,Driver,35 to 39,None,,South,"Automobile, Station Wagon",Turning Left,Failed to Yield Right of Way,Normal,,,,,,,,,Yes,Yes,,,,,,Yes,,,,90,Junction Area,90,Junction Area (90),D11,623507.9916,4836321.4562
9445,7821264,1357350,4/22/2013 8:00:00 AM,1514,WEST TORONTO ST,KEELE ST,,Collector,Etobicoke York,43.669645,-79.46799,,No Control,Clear,Daylight,Dry,Non-Fatal Injury,Turning Movement,Motorcycle Driver,50 to 54,Major,,West,Motorcycle,Going Ahead,Driving Properly,Normal,,,,,,,,,Yes,Yes,,,,,,Yes,,,,90,Junction Area,90,Junction Area (90),D11,623507.9916,4836321.4562
9446,7820784,1357155,4/23/2013 8:00:00 AM,1800,JANE ST,FOXWELL ST,,Major Arterial,Etobicoke York,43.671645,-79.493686,At Intersection,Traffic Signal,Clear,Daylight,Dry,Non-Fatal Injury,Cyclist Collisions,Driver,50 to 54,None,,South,"Automobile, Station Wagon",Going Ahead,Driving Properly,Normal,,,,,,,,Yes,Yes,,,,,,,,,,,111,Rockcliffe-Smythe,111,Rockcliffe-Smythe (111),D12,621432.3732,4836505.6468
9447,7820785,1357155,4/23/2013 8:00:00 AM,1800,JANE ST,FOXWELL ST,,Major Arterial,Etobicoke York,43.671645,-79.493686,At Intersection,Traffic Signal,Clear,Daylight,Dry,Non-Fatal Injury,Cyclist Collisions,Cyclist,20 to 24,Major,,North,Bicycle,Turning Left,,,,,,Cyclist turned left across motorists path.,Other,Unknown,,Yes,Yes,,,,,,,,,,,111,Rockcliffe-Smythe,111,Rockcliffe-Smythe (111),D12,621432.3732,4836505.6468
9448,7811139,1352962,4/24/2013 8:00:00 AM,843,MURRIE ST,ROYAL YORK RD,,Minor Arterial,Etobicoke York,43.605845,-79.49409,At Intersection,Stop Sign,Rain,Daylight,Wet,Non-Fatal Injury,SMV Other,Vehicle Owner,unknown,,,,Other,,,,,,,,,,,,Yes,,,,,,Yes,Yes,,,,160,Mimico-Queensway,17,Mimico (includes Humber Bay Shores) (17),D22,621532.3873,4829197.1354
9449,7811140,1352962,4/24/2013 8:00:00 AM,843,MURRIE ST,ROYAL YORK RD,,Minor Arterial,Etobicoke York,43.605845,-79.49409,At Intersection,Stop Sign,Rain,Daylight,Wet,Non-Fatal Injury,SMV Other,Driver,75 to 79,Major,,East,"Automobile, Station Wagon",Going Ahead,Lost control,Normal,,,,,,,,,Yes,,,,,,Yes,Yes,,,,160,Mimico-Queensway,17,Mimico (includes Humber Bay Shores) (17),D22,621532.3873,4829197.1354
9450,7821648,1357499,4/24/2013 8:00:00 AM,1138,STEELES AVE E,DON MILLS RD,,Major Arterial,North York,43.811145,-79.36079,At Intersection,Traffic Signal,Rain,Daylight,Wet,Non-Fatal Injury,Angle,Passenger,45 to 49,Major,,,Other,,,,,,,,,,,,Yes,,,,,Yes,,Yes,Yes,,,48,Hillcrest Village,48,Hillcrest Village (48),D33,631839.4104,4852202.3121
9451,7821649,1357499,4/24/2013 8:00:00 AM,1138,STEELES AVE E,DON MILLS RD,,Major Arterial,North York,43.811145,-79.36079,At Intersection,Traffic Signal,Rain,Daylight,Wet,Non-Fatal Injury,Angle,Driver,45 to 49,Minor,,South,"Automobile, Station Wagon",Going Ahead,Driving Properly,Normal,,,,,,,,,Yes,,,,,Yes,,Yes,Yes,,,48,Hillcrest Village,48,Hillcrest Village (48),D33,631839.4104,4852202.3121
9452,7821650,1357499,4/24/2013 8:00:00 AM,1138,STEELES AVE E,DON MILLS RD,,Major Arterial,North York,43.811145,-79.36079,At Intersection,Traffic Signal,Rain,Daylight,Wet,Non-Fatal Injury,Angle,Driver,20 to 24,Minor,,East,"Automobile, Station Wagon",Going Ahead,Disobeyed Traffic Control,Inattentive,,,,,,,,,Yes,,,,,Yes,,Yes,Yes,,,48,Hillcrest Village,48,Hillcrest Village (48),D33,631839.4104,4852202.3121
9453,7821827,1357570,4/24/2013 8:00:00 AM,1624,MORNINGSIDE Ave,BEATH St,,Major Arterial,Scarborough,43.774745,-79.18869,,No Control,Rain,Daylight,Wet,Non-Fatal Injury,Sideswipe,Driver,70 to 74,Major,,North,Municipal Transit Bus (TTC),Stopped,Driving Properly,Normal,,,,,,,,,Yes,,,Yes,,,,Yes,,,,136,West Hill,136,West Hill (136),D43,645769.8131,4848448.1355
9454,7821828,1357570,4/24/2013 8:00:00 AM,1624,MORNINGSIDE Ave,BEATH St,,Major Arterial,Scarborough,43.774745,-79.18869,,No Control,Rain,Daylight,Wet,Non-Fatal Injury,Sideswipe,Driver,15 to 19,Minor,,North,"Automobile, Station Wagon",Changing Lanes,Following too Close,Inattentive,,,,,,,,,Yes,,,Yes,,,,Yes,,,,136,West Hill,136,West Hill (136),D43,645769.8131,4848448.1355
9455,7822124,1357700,4/25/2013 8:00:00 AM,1314,JARVIS St,QUEEN St E,,Major Arterial,Toronto and East York,43.653745,-79.37329,At Intersection,Traffic Signal,Clear,Daylight,Dry,Non-Fatal Injury,Pedestrian Collisions,Vehicle Owner,unknown,,,,Other,,,,,,,,,,Yes,,Yes,,,,,,,,,,,168,Downtown Yonge East,75,Church-Yonge Corridor (75),D51,631177.2421,4834700.9007
9456,7822125,1357700,4/25/2013 8:00:00 AM,1314,JARVIS St,QUEEN St E,,Major Arterial,Toronto and East York,43.653745,-79.37329,At Intersection,Traffic Signal,Clear,Daylight,Dry,Non-Fatal Injury,Pedestrian Collisions,Driver,20 to 24,None,,North,"Automobile, Station Wagon",Going Ahead,Driving Properly,Normal,,,,,,,Yes,,Yes,,,,,,,,,,,168,Downtown Yonge East,75,Church-Yonge Corridor (75),D51,631177.2421,4834700.9007
9457,7822126,1357700,4/25/2013 8:00:00 AM,1314,JARVIS St,QUEEN St E,,Major Arterial,Toronto and East York,43.653745,-79.37329,At Intersection,Traffic Signal,Clear,Daylight,Dry,Non-Fatal Injury,Pedestrian Collisions,Pedestrian,35 to 39,Major,,West,Other,,,,Vehicle is going straight thru inter.while ped cross without ROW,Running onto Roadway,Normal,,,,Yes,,Yes,,,,,,,,,,,168,Downtown Yonge East,75,Church-Yonge Corridor (75),D51,631177.2421,4834700.9007
9458,7812248,1353471,4/27/2013 8:00:00 AM,1542,KINGSTON RD,CELESTE DR,,Major Arterial,Scarborough,43.757045,-79.19929,At Intersection,Traffic Signal,Clear,Daylight,Dry,Non-Fatal Injury,Pedestrian Collisions,Vehicle Owner,unknown,,,,Other,,,,,,,,,,Yes,,Yes,,,,,,,Yes,Yes,,,136,West Hill,136,West Hill (136),D43,644959.491,4846463.6643
9459,7812249,1353471,4/27/2013 8:00:00 AM,1542,KINGSTON RD,CELESTE DR,,Major Arterial,Scarborough,43.757045,-79.19929,At Intersection,Traffic Signal,Clear,Daylight,Dry,Non-Fatal Injury,Pedestrian Collisions,Driver,15 to 19,None,,East,"Automobile, Station Wagon",Turning Left,Improper Turn,Inattentive,,,,,,,Yes,,Yes,,,,,,,Yes,Yes,,,136,West Hill,136,West Hill (136),D43,644959.491,4846463.6643
9460,7812250,1353471,4/27/2013 8:00:00 AM,1542,KINGSTON RD,CELESTE DR,,Major Arterial,Scarborough,43.757045,-79.19929,At Intersection,Traffic Signal,Clear,Daylight,Dry,Non-Fatal Injury,Pedestrian Collisions,Driver,20 to 24,None,,West,"Automobile, Station Wagon",Going Ahead,Disobeyed Traffic Control,Inattentive,,,,,,,Yes,,Yes,,,,,,,Yes,Yes,,,136,West Hill,136,West Hill (136),D43,644959.491,4846463.6643
9461,7812251,1353471,4/27/2013 8:00:00 AM,1542,KINGSTON RD,CELESTE DR,,Major Arterial,Scarborough,43.757045,-79.19929,At Intersection,Traffic Signal,Clear,Daylight,Dry,Non-Fatal Injury,Pedestrian Collisions,Other,unknown,None,,,Other,,,,,,,,,,Yes,,Yes,,,,,,,Yes,Yes,,,136,West Hill,136,West Hill (136),D43,644959.491,4846463.6643
9462,7812252,1353471,4/27/2013 8:00:00 AM,1542,KINGSTON RD,CELESTE DR,,Major Arterial,Scarborough,43.757045,-79.19929,At Intersection,Traffic Signal,Clear,Daylight,Dry,Non-Fatal Injury,Pedestrian Collisions,Pedestrian,70 to 74,Major,,Unknown,Other,,,,Pedestrian hit on sidewalk or shoulder,On Sidewalk or Shoulder,Normal,,,,Yes,,Yes,,,,,,,Yes,Yes,,,136,West Hill,136,West Hill (136),D43,644959.491,4846463.6643
9463,7823538,1358324,4/28/2013 8:00:00 AM,1241,BLOOR ST W,LANSDOWNE AVE,,Major Arterial,Toronto and East York,43.658345,-79.44269,At Intersection,Traffic Signal,Clear,Daylight,Dry,Non-Fatal Injury,Turning Movement,Driver,25 to 29,None,,East,"Automobile, Station Wagon",Turning Left,Driving Properly,Normal,,,,,,,,,Yes,Yes,,,,,Yes,Yes,,,,83,Dufferin Grove,93,Dovercourt-Wallace Emerson-Junction (93),D11,625571.2101,4835104.4205
9464,7823539,1358324,4/28/2013 8:00:00 AM,1241,BLOOR ST W,LANSDOWNE AVE,,Major Arterial,Toronto and East York,43.658345,-79.44269,At Intersection,Traffic Signal,Clear,Daylight,Dry,Non-Fatal Injury,Turning Movement,Motorcycle Driver,50 to 54,Major,,West,Motorcycle,Going Ahead,Exceeding Speed Limit,Unknown,,,,,,,,,Yes,Yes,,,,,Yes,Yes,,,,83,Dufferin Grove,93,Dovercourt-Wallace Emerson-Junction (93),D11,625571.2101,4835104.4205
9465,7812414,1353552,4/28/2013 8:00:00 AM,2350,JARVIS ST,ADELAIDE ST E,,Major Arterial,Toronto and East York,43.651545,-79.37239,At Intersection,Traffic Signal,Rain,Dark,Wet,Non-Fatal Injury,Pedestrian Collisions,Vehicle Owner,unknown,,,,Other,,,,,,,,,,Yes,,,,Yes,,,,,Yes,,,,168,Downtown Yonge East,75,Church-Yonge Corridor (75),D51,631254.6111,4834457.9849
9466,7812415,1353552,4/28/2013 8:00:00 AM,2350,JARVIS ST,ADELAIDE ST E,,Major Arterial,Toronto and East York,43.651545,-79.37239,At Intersection,Traffic Signal,Rain,Dark,Wet,Non-Fatal Injury,Pedestrian Collisions,Truck Driver,60 to 64,None,,South,Truck - Open,Turning Left,Failed to Yield Right of Way,Normal,,,,,,,Yes,,,,Yes,,,,,Yes,,,,168,Downtown Yonge East,75,Church-Yonge Corridor (75),D51,631254.6111,4834457.9849
9467,7812416,1353552,4/28/2013 8:00:00 AM,2350,JARVIS ST,ADELAIDE ST E,,Major Arterial,Toronto and East York,43.651545,-79.37239,At Intersection,Traffic Signal,Rain,Dark,Wet,Non-Fatal Injury,Pedestrian Collisions,Pedestrian,35 to 39,Major,,South,Other,,,,Vehicle turns left while ped crosses with ROW at inter.,Crossing with right of way,Had Been Drinking,,,,Yes,,,,Yes,,,,,Yes,,,,168,Downtown Yonge East,75,Church-Yonge Corridor (75),D51,631254.6111,4834457.9849
9468,7815051,1354707,5/4/2013 8:00:00 AM,1450,YONGE ST,GERRARD ST E,,Major Arterial,Toronto and East York,43.659644,-79.382388,,No Control,Clear,Daylight,Dry,Fatal,Pedestrian Collisions,Motorcycle Driver,40 to 44,Fatal,13,North,Motorcycle,Changing Lanes,Improper Lane Change,Normal,,,,,,,Yes,,,Yes,,,,,,,,,,170,Yonge-Bay Corridor,76,Bay Street Corridor (76),D52,630430.8027,4835341.7202
9469,7815052,1354707,5/4/2013 8:00:00 AM,1450,YONGE ST,GERRARD ST E,,Major Arterial,Toronto and East York,43.659644,-79.382388,,No Control,Clear,Daylight,Dry,Fatal,Pedestrian Collisions,Pedestrian,65 to 69,Minor,,North,,,,,Pedestrian hit on sidewalk or shoulder,On Sidewalk or Shoulder,Normal,,,,Yes,,,Yes,,,,,,,,,,170,Yonge-Bay Corridor,76,Bay Street Corridor (76),D52,630430.8027,4835341.7202
9470,7815053,1354707,5/4/2013 8:00:00 AM,1450,YONGE ST,GERRARD ST E,,Major Arterial,Toronto and East York,43.659644,-79.382388,,No Control,Clear,Daylight,Dry,Fatal,Pedestrian Collisions,Pedestrian,20 to 24,Major,,West,,,,,Pedestrian hit at mid-block,"Crossing, no Traffic Control",Medical or Physical Disability,,,,Yes,,,Yes,,,,,,,,,,170,Yonge-Bay Corridor,76,Bay Street Corridor (76),D52,630430.8027,4835341.7202
9471,7830521,1361387,5/5/2013 8:00:00 AM,1425,8 GARDEN PARK AVE,,,Local,Scarborough,43.785245,-79.27169,,No Control,Clear,Daylight,Dry,Non-Fatal Injury,Cyclist Collisions,Driver,65 to 69,None,,South,"Automobile, Station Wagon",Going Ahead,Driving Properly,Normal,,,,,,,,Yes,Yes,,,,,,,,,,,128,Agincourt South-Malvern West,128,Agincourt South-Malvern West (128),D42,639065.7508,4849471.5359
9472,7830522,1361387,5/5/2013 8:00:00 AM,1425,8 GARDEN PARK AVE,,,Local,Scarborough,43.785245,-79.27169,,No Control,Clear,Daylight,Dry,Non-Fatal Injury,Cyclist Collisions,Cyclist,5 to 9,Major,,East,Bicycle,Going Ahead,,,,,,Cyclist rode off sidewalk into road at midblock.,Failed to Yield Right of Way,Inattentive,,Yes,Yes,,,,,,,,,,,128,Agincourt South-Malvern West,128,Agincourt South-Malvern West (128),D42,639065.7508,4849471.5359
9473,7831039,1361618,5/6/2013 8:00:00 AM,1530,PORTLAND ST,WESLEY ST,,Collector,Etobicoke York,43.619745,-79.49649,At Intersection,No Control,Clear,Daylight,Dry,Non-Fatal Injury,Pedestrian Collisions,Driver,60 to 64,None,,West,"Automobile, Station Wagon",Going Ahead,Driving Properly,Normal,,,,,,,Yes,,Yes,,,,,,,,,,,160,Mimico-Queensway,17,Mimico (includes Humber Bay Shores) (17),D22,621310.7472,4830737.3901
9474,7831040,1361618,5/6/2013 8:00:00 AM,1530,PORTLAND ST,WESLEY ST,,Collector,Etobicoke York,43.619745,-79.49649,At Intersection,No Control,Clear,Daylight,Dry,Non-Fatal Injury,Pedestrian Collisions,Pedestrian,20 to 24,Major,,South,Other,,,,Vehicle is going straight thru inter.while ped cross without ROW,"Crossing, no Traffic Control",Inattentive,,,,Yes,,Yes,,,,,,,,,,,160,Mimico-Queensway,17,Mimico (includes Humber Bay Shores) (17),D22,621310.7472,4830737.3901
9475,7830970,1361595,5/6/2013 8:00:00 AM,1742,MCCOWAN Rd,MILNER Ave,,Major Arterial,Scarborough,43.785369,-79.256465,,Traffic Signal,Clear,Daylight,Dry,Non-Fatal Injury,Sideswipe,Passenger,45 to 49,Minimal,,,Other,,,,,,,,,,,,Yes,,,Yes,,Yes,,,,,,128,Agincourt South-Malvern West,128,Agincourt South-Malvern West (128),D42,640290.5304,4849510.9991
9476,7830971,1361595,5/6/2013 8:00:00 AM,1742,MCCOWAN Rd,MILNER Ave,,Major Arterial,Scarborough,43.785369,-79.256465,,Traffic Signal,Clear,Daylight,Dry,Non-Fatal Injury,Sideswipe,Vehicle Owner,unknown,,,,Other,,,,,,,,,,,,Yes,,,Yes,,Yes,,,,,,128,Agincourt South-Malvern West,128,Agincourt South-Malvern West (128),D42,640290.5304,4849510.9991
9477,7830972,1361595,5/6/2013 8:00:00 AM,1742,MCCOWAN Rd,MILNER Ave,,Major Arterial,Scarborough,43.785369,-79.256465,,Traffic Signal,Clear,Daylight,Dry,Non-Fatal Injury,Sideswipe,Driver,30 to 34,Minimal,,South,"Automobile, Station Wagon",Going Ahead,Driving Properly,Normal,,,,,,,,,Yes,,,Yes,,Yes,,,,,,128,Agincourt South-Malvern West,128,Agincourt South-Malvern West (128),D42,640290.5304,4849510.9991
9478,7830973,1361595,5/6/2013 8:00:00 AM,1742,MCCOWAN Rd,MILNER Ave,,Major Arterial,Scarborough,43.785369,-79.256465,,Traffic Signal,Clear,Daylight,Dry,Non-Fatal Injury,Sideswipe,Passenger,20 to 24,Minor,,,Other,,,,,,,,,,,,Yes,,,Yes,,Yes,,,,,,128,Agincourt South-Malvern West,128,Agincourt South-Malvern West (128),D42,640290.5304,4849510.9991
9479,7830974,1361595,5/6/2013 8:00:00 AM,1742,MCCOWAN Rd,MILNER Ave,,Major Arterial,Scarborough,43.785369,-79.256465,,Traffic Signal,Clear,Daylight,Dry,Non-Fatal Injury,Sideswipe,Vehicle Owner,unknown,,,,Other,,,,,,,,,,,,Yes,,,Yes,,Yes,,,,,,128,Agincourt South-Malvern West,128,Agincourt South-Malvern West (128),D42,640290.5304,4849510.9991
9480,7830975,1361595,5/6/2013 8:00:00 AM,1742,MCCOWAN Rd,MILNER Ave,,Major Arterial,Scarborough,43.785369,-79.256465,,Traffic Signal,Clear,Daylight,Dry,Non-Fatal Injury,Sideswipe,Driver,20 to 24,Major,,South,Municipal Transit Bus (TTC),Changing Lanes,Improper Lane Change,Inattentive,,,,,,,,,Yes,,,Yes,,Yes,,,,,,128,Agincourt South-Malvern West,128,Agincourt South-Malvern West (128),D42,640290.5304,4849510.9991
9481,7831270,1361719,5/7/2013 8:00:00 AM,948,WOODBINE AVE,MORTIMER AVE,,Major Arterial,Toronto and East York,43.692645,-79.315791,,No Control,Clear,Daylight,Dry,Non-Fatal Injury,Cyclist Collisions,Vehicle Owner,unknown,,,,,,,,,,,,,,,Yes,Yes,,,,,,,,,,,60,Woodbine-Lumsden,60,Woodbine-Lumsden (60),D55,635726.2689,4839113.7841
9482,7831271,1361719,5/7/2013 8:00:00 AM,948,WOODBINE AVE,MORTIMER AVE,,Major Arterial,Toronto and East York,43.692645,-79.315791,,No Control,Clear,Daylight,Dry,Non-Fatal Injury,Cyclist Collisions,Driver,55 to 59,None,,South,"Automobile, Station Wagon",Going Ahead,Driving Properly,Normal,,,,,,,,Yes,Yes,,,,,,,,,,,60,Woodbine-Lumsden,60,Woodbine-Lumsden (60),D55,635726.2689,4839113.7841
9483,7831272,1361719,5/7/2013 8:00:00 AM,948,WOODBINE AVE,MORTIMER AVE,,Major Arterial,Toronto and East York,43.692645,-79.315791,,No Control,Clear,Daylight,Dry,Non-Fatal Injury,Cyclist Collisions,Cyclist,20 to 24,Major,,South,Bicycle,Going Ahead,,,,,,"Cyclist loses control and strikes object (pole, ttc track)",Lost control,Normal,,Yes,Yes,,,,,,,,,,,60,Woodbine-Lumsden,60,Woodbine-Lumsden (60),D55,635726.2689,4839113.7841
9484,7816203,1355187,5/7/2013 8:00:00 AM,2100,LAWRENCE AVE E,KINGSTON RD,,Major Arterial,Scarborough,43.767646,-79.189586,At Intersection,Traffic Signal,Clear,"Dark, artificial",Dry,Non-Fatal Injury,Cyclist Collisions,Vehicle Owner,unknown,,,,Other,,,,,,,,,,,Yes,,,,Yes,,,,,,,,136,West Hill,136,West Hill (136),D43,645714.9447,4847658.1024
9485,7816204,1355187,5/7/2013 8:00:00 AM,2100,LAWRENCE AVE E,KINGSTON RD,,Major Arterial,Scarborough,43.767646,-79.189586,At Intersection,Traffic Signal,Clear,"Dark, artificial",Dry,Non-Fatal Injury,Cyclist Collisions,Driver,35 to 39,None,,East,Municipal Transit Bus (TTC),Going Ahead,Driving Properly,Normal,,,,,,,,Yes,,,,Yes,,,,,,,,136,West Hill,136,West Hill (136),D43,645714.9447,4847658.1024
9486,7816205,1355187,5/7/2013 8:00:00 AM,2100,LAWRENCE AVE E,KINGSTON RD,,Major Arterial,Scarborough,43.767646,-79.189586,At Intersection,Traffic Signal,Clear,"Dark, artificial",Dry,Non-Fatal Injury,Cyclist Collisions,Cyclist,10 to 14,Major,,North,Bicycle,Going Ahead,,,,,,"Cyclist without ROW rides into path of motorist at inter, lnwy, dwy-Cyclist not turn.",Disobeyed Traffic Control,Inattentive,,Yes,,,,Yes,,,,,,,,136,West Hill,136,West Hill (136),D43,645714.9447,4847658.1024
9487,7832816,1362406,5/8/2013 8:00:00 AM,1140,NORTH QUEEN ST,VANSCO RD,,Minor Arterial,Etobicoke York,43.623545,-79.53579,,Stop Sign,Clear,Daylight,Dry,Non-Fatal Injury,Turning Movement,Driver,55 to 59,None,,North,"Automobile, Station Wagon",Turning Left,Improper Turn,Inattentive,,,,,,,,,Yes,,,,,Yes,,,,,,159,Etobicoke City Centre,14,Islington-City Centre West (14),D22,618132.3564,4831102.7603
9488,7832817,1362406,5/8/2013 8:00:00 AM,1140,NORTH QUEEN ST,VANSCO RD,,Minor Arterial,Etobicoke York,43.623545,-79.53579,,Stop Sign,Clear,Daylight,Dry,Non-Fatal Injury,Turning Movement,Passenger,75 to 79,Major,,,Other,,,,,,,,,,,,Yes,,,,,Yes,,,,,,159,Etobicoke City Centre,14,Islington-City Centre West (14),D22,618132.3564,4831102.7603
9489,7832818,1362406,5/8/2013 8:00:00 AM,1140,NORTH QUEEN ST,VANSCO RD,,Minor Arterial,Etobicoke York,43.623545,-79.53579,,Stop Sign,Clear,Daylight,Dry,Non-Fatal Injury,Turning Movement,Driver,75 to 79,None,,East,"Automobile, Station Wagon",Going Ahead,Driving Properly,Normal,,,,,,,,,Yes,,,,,Yes,,,,,,159,Etobicoke City Centre,14,Islington-City Centre West (14),D22,618132.3564,4831102.7603