OBJECTID,INDEX,ACCNUM,DATE,TIME,STREET1,STREET2,OFFSET,ROAD_CLASS,DISTRICT,LATITUDE,LONGITUDE,ACCLOC,TRAFFCTL,VISIBILITY,LIGHT,RDSFCOND,ACCLASS,IMPACTYPE,INVTYPE,INVAGE,INJURY,FATAL_NO,INITDIR,VEHTYPE,MANOEUVER,DRIVACT,DRIVCOND,PEDTYPE,PEDACT,PEDCOND,CYCLISTYPE,CYCACT,CYCCOND,PEDESTRIAN,CYCLIST,AUTOMOBILE,MOTORCYCLE,TRUCK,TRSN_CITY_VEH,EMERG_VEH,PASSENGER,SPEEDING,AG_DRIV,REDLIGHT,ALCOHOL,DISABILITY,HOOD_158,NEIGHBOURHOOD_158,HOOD_140,NEIGHBOURHOOD_140,DIVISION,x,y
9490,7832749,1362376,5/8/2013 8:00:00 AM,1423,EGLINTON AVE W,BRAEMAR AVE,,Major Arterial,North York,43.704345,-79.40959,At Intersection,No Control,Clear,Daylight,Dry,Non-Fatal Injury,Turning Movement,Vehicle Owner,unknown,,,,Other,,,,,,,,,,,,Yes,Yes,,,,,,Yes,,,,100,Yonge-Eglinton,100,Yonge-Eglinton (100),D53,628142.2344,4840263.972
9491,7832750,1362376,5/8/2013 8:00:00 AM,1423,EGLINTON AVE W,BRAEMAR AVE,,Major Arterial,North York,43.704345,-79.40959,At Intersection,No Control,Clear,Daylight,Dry,Non-Fatal Injury,Turning Movement,Driver,20 to 24,None,,West,"Automobile, Station Wagon",Turning Left,Driving Properly,Normal,,,,,,,,,Yes,Yes,,,,,,Yes,,,,100,Yonge-Eglinton,100,Yonge-Eglinton (100),D53,628142.2344,4840263.972
9492,7832751,1362376,5/8/2013 8:00:00 AM,1423,EGLINTON AVE W,BRAEMAR AVE,,Major Arterial,North York,43.704345,-79.40959,At Intersection,No Control,Clear,Daylight,Dry,Non-Fatal Injury,Turning Movement,Motorcycle Driver,20 to 24,Major,,East,Motorcycle,Going Ahead,Improper Passing,Inattentive,,,,,,,,,Yes,Yes,,,,,,Yes,,,,100,Yonge-Eglinton,100,Yonge-Eglinton (100),D53,628142.2344,4840263.972
9493,7832878,1362428,5/9/2013 8:00:00 AM,800,VICTORIA PARK AVE,MUSGRAVE ST,,Major Arterial,Toronto and East York,43.687945,-79.28699,At Intersection,Traffic Signal,Clear,Daylight,Dry,Non-Fatal Injury,Pedestrian Collisions,Driver,60 to 64,None,,West,"Automobile, Station Wagon",Going Ahead,Driving Properly,Normal,,,,,,,Yes,,Yes,,,,,,,,,,,122,Birchcliffe-Cliffside,122,Birchcliffe-Cliffside (122),D41,638058.0816,4838639.3301
9494,7832879,1362428,5/9/2013 8:00:00 AM,800,VICTORIA PARK AVE,MUSGRAVE ST,,Major Arterial,Toronto and East York,43.687945,-79.28699,At Intersection,Traffic Signal,Clear,Daylight,Dry,Non-Fatal Injury,Pedestrian Collisions,Pedestrian,15 to 19,Major,,South,Other,,,,Vehicle is going straight thru inter.while ped cross without ROW,Crossing without right of way,Normal,,,,Yes,,Yes,,,,,,,,,,,122,Birchcliffe-Cliffside,122,Birchcliffe-Cliffside (122),D41,638058.0816,4838639.3301
9495,7833657,1362767,5/9/2013 8:00:00 AM,1738,KING ST W,SIMCOE ST,,Major Arterial,Toronto and East York,43.647383,-79.386096,,Traffic Signal,Clear,Daylight,Dry,Non-Fatal Injury,Other,Vehicle Owner,unknown,,,,Other,,,,,,,,,,,,,,Yes,Yes,,Yes,,,,,,170,Yonge-Bay Corridor,76,Bay Street Corridor (76),D52,630158.3023,4833974.1524
9496,7833658,1362767,5/9/2013 8:00:00 AM,1738,KING ST W,SIMCOE ST,,Major Arterial,Toronto and East York,43.647383,-79.386096,,Traffic Signal,Clear,Daylight,Dry,Non-Fatal Injury,Other,Passenger,30 to 34,Major,,,Other,,,,,,,,,,,,,,Yes,Yes,,Yes,,,,,,170,Yonge-Bay Corridor,76,Bay Street Corridor (76),D52,630158.3023,4833974.1524
9497,7833659,1362767,5/9/2013 8:00:00 AM,1738,KING ST W,SIMCOE ST,,Major Arterial,Toronto and East York,43.647383,-79.386096,,Traffic Signal,Clear,Daylight,Dry,Non-Fatal Injury,Other,Driver,35 to 39,None,,East,Municipal Transit Bus (TTC),Going Ahead,Driving Properly,Normal,,,,,,,,,,,Yes,Yes,,Yes,,,,,,170,Yonge-Bay Corridor,76,Bay Street Corridor (76),D52,630158.3023,4833974.1524
9498,7833660,1362767,5/9/2013 8:00:00 AM,1738,KING ST W,SIMCOE ST,,Major Arterial,Toronto and East York,43.647383,-79.386096,,Traffic Signal,Clear,Daylight,Dry,Non-Fatal Injury,Other,Vehicle Owner,unknown,,,,Other,,,,,,,,,,,,,,Yes,Yes,,Yes,,,,,,170,Yonge-Bay Corridor,76,Bay Street Corridor (76),D52,630158.3023,4833974.1524
9499,7833661,1362767,5/9/2013 8:00:00 AM,1738,KING ST W,SIMCOE ST,,Major Arterial,Toronto and East York,43.647383,-79.386096,,Traffic Signal,Clear,Daylight,Dry,Non-Fatal Injury,Other,Truck Driver,55 to 59,None,,South,Truck - Open,Stopped,Driving Properly,Normal,,,,,,,,,,,Yes,Yes,,Yes,,,,,,170,Yonge-Bay Corridor,76,Bay Street Corridor (76),D52,630158.3023,4833974.1524
9500,7834062,1362938,5/10/2013 8:00:00 AM,1346,QUEEN ST E,BOULTON AVE,,Minor Arterial,Toronto and East York,43.659545,-79.34669,,Pedestrian Crossover,Rain,Daylight,Wet,Non-Fatal Injury,Rear End,Vehicle Owner,unknown,,,,Other,,,,,,,,,,,,Yes,,Yes,,,,,Yes,,,,70,South Riverdale,70,South Riverdale (70),D55,633309.4438,4835387.4629
9501,7834063,1362938,5/10/2013 8:00:00 AM,1346,QUEEN ST E,BOULTON AVE,,Minor Arterial,Toronto and East York,43.659545,-79.34669,,Pedestrian Crossover,Rain,Daylight,Wet,Non-Fatal Injury,Rear End,Truck Driver,25 to 29,None,,East,Truck - Open,Going Ahead,Following too Close,Inattentive,,,,,,,,,Yes,,Yes,,,,,Yes,,,,70,South Riverdale,70,South Riverdale (70),D55,633309.4438,4835387.4629
9502,7834064,1362938,5/10/2013 8:00:00 AM,1346,QUEEN ST E,BOULTON AVE,,Minor Arterial,Toronto and East York,43.659545,-79.34669,,Pedestrian Crossover,Rain,Daylight,Wet,Non-Fatal Injury,Rear End,Vehicle Owner,unknown,,,,Other,,,,,,,,,,,,Yes,,Yes,,,,,Yes,,,,70,South Riverdale,70,South Riverdale (70),D55,633309.4438,4835387.4629
9503,7834065,1362938,5/10/2013 8:00:00 AM,1346,QUEEN ST E,BOULTON AVE,,Minor Arterial,Toronto and East York,43.659545,-79.34669,,Pedestrian Crossover,Rain,Daylight,Wet,Non-Fatal Injury,Rear End,Driver,55 to 59,Major,,East,"Automobile, Station Wagon",Slowing or Stopping,Driving Properly,Normal,,,,,,,,,Yes,,Yes,,,,,Yes,,,,70,South Riverdale,70,South Riverdale (70),D55,633309.4438,4835387.4629
9504,7834839,1363269,5/11/2013 8:00:00 AM,50,WESTON RD,WALLASEY AVE,,Major Arterial,Etobicoke York,43.718745,-79.53769,,No Control,"Fog, Mist, Smoke, Dust",Dark,Wet,Non-Fatal Injury,SMV Other,Driver,30 to 34,Major,,South,"Automobile, Station Wagon",Going Ahead,Speed too Fast For Condition,Had Been Drinking,,,,,,,,,Yes,,,,,,Yes,Yes,,,,23,Pelmo Park-Humberlea,23,Pelmo Park-Humberlea (23),D31,617792.686,4841673.2658
9505,7834840,1363269,5/11/2013 8:00:00 AM,50,WESTON RD,WALLASEY AVE,,Major Arterial,Etobicoke York,43.718745,-79.53769,,No Control,"Fog, Mist, Smoke, Dust",Dark,Wet,Non-Fatal Injury,SMV Other,Other Property Owner,unknown,,,,Other,,,,,,,,,,,,Yes,,,,,,Yes,Yes,,,,23,Pelmo Park-Humberlea,23,Pelmo Park-Humberlea (23),D31,617792.686,4841673.2658
9506,7834841,1363269,5/11/2013 8:00:00 AM,50,WESTON RD,WALLASEY AVE,,Major Arterial,Etobicoke York,43.718745,-79.53769,,No Control,"Fog, Mist, Smoke, Dust",Dark,Wet,Non-Fatal Injury,SMV Other,Other Property Owner,unknown,,,,Other,,,,,,,,,,,,Yes,,,,,,Yes,Yes,,,,23,Pelmo Park-Humberlea,23,Pelmo Park-Humberlea (23),D31,617792.686,4841673.2658
9507,7834842,1363269,5/11/2013 8:00:00 AM,50,WESTON RD,WALLASEY AVE,,Major Arterial,Etobicoke York,43.718745,-79.53769,,No Control,"Fog, Mist, Smoke, Dust",Dark,Wet,Non-Fatal Injury,SMV Other,Other Property Owner,unknown,,,,Other,,,,,,,,,,,,Yes,,,,,,Yes,Yes,,,,23,Pelmo Park-Humberlea,23,Pelmo Park-Humberlea (23),D31,617792.686,4841673.2658
9508,7817616,1355791,5/12/2013 8:00:00 AM,139,QUEEN ST E,EASTERN AVE,,Major Arterial,Toronto and East York,43.667243,-79.312587,At Intersection,Traffic Signal,Rain,"Dark, artificial",Wet,Fatal,Pedestrian Collisions,Vehicle Owner,unknown,,,,,,,,,,,,,,Yes,,,,,Yes,,,,,,,,63,The Beaches,63,The Beaches (63),D55,636041.8741,4836297.7903
9509,7817617,1355791,5/12/2013 8:00:00 AM,139,QUEEN ST E,EASTERN AVE,,Major Arterial,Toronto and East York,43.667243,-79.312587,At Intersection,Traffic Signal,Rain,"Dark, artificial",Wet,Fatal,Pedestrian Collisions,Pedestrian,60 to 64,Fatal,14,Unknown,,,,,Pedestrian involved in a collision with transit vehicle anywhere along roadway,Other,Unknown,,,,Yes,,,,,Yes,,,,,,,,63,The Beaches,63,The Beaches (63),D55,636041.8741,4836297.7903
9510,7817618,1355791,5/12/2013 8:00:00 AM,139,QUEEN ST E,EASTERN AVE,,Major Arterial,Toronto and East York,43.667243,-79.312587,At Intersection,Traffic Signal,Rain,"Dark, artificial",Wet,Fatal,Pedestrian Collisions,Driver,25 to 29,None,,East,Street Car,Going Ahead,Driving Properly,Normal,,,,,,,Yes,,,,,Yes,,,,,,,,63,The Beaches,63,The Beaches (63),D55,636041.8741,4836297.7903
9511,7835227,1363450,5/12/2013 8:00:00 AM,1258,WARDEN AVE,DANFORTH RD,,Minor Arterial,Scarborough,43.697165,-79.274829,At Intersection,Traffic Signal,Rain,Daylight,Wet,Non-Fatal Injury,Approaching,Driver,50 to 54,Minor,,South,"Automobile, Station Wagon",Changing Lanes,Lost control,Unknown,,,,,,,,,Yes,,,,,Yes,,,,,,121,Oakridge,121,Oakridge (121),D41,639016.8899,4839683.6602
9512,7835228,1363450,5/12/2013 8:00:00 AM,1258,WARDEN AVE,DANFORTH RD,,Minor Arterial,Scarborough,43.697165,-79.274829,At Intersection,Traffic Signal,Rain,Daylight,Wet,Non-Fatal Injury,Approaching,Passenger,50 to 54,Minor,,,Other,,,,,,,,,,,,Yes,,,,,Yes,,,,,,121,Oakridge,121,Oakridge (121),D41,639016.8899,4839683.6602
9513,7835229,1363450,5/12/2013 8:00:00 AM,1258,WARDEN AVE,DANFORTH RD,,Minor Arterial,Scarborough,43.697165,-79.274829,At Intersection,Traffic Signal,Rain,Daylight,Wet,Non-Fatal Injury,Approaching,Passenger,5 to 9,Minimal,,,Other,,,,,,,,,,,,Yes,,,,,Yes,,,,,,121,Oakridge,121,Oakridge (121),D41,639016.8899,4839683.6602
9514,7835230,1363450,5/12/2013 8:00:00 AM,1258,WARDEN AVE,DANFORTH RD,,Minor Arterial,Scarborough,43.697165,-79.274829,At Intersection,Traffic Signal,Rain,Daylight,Wet,Non-Fatal Injury,Approaching,Passenger,5 to 9,Minor,,,Other,,,,,,,,,,,,Yes,,,,,Yes,,,,,,121,Oakridge,121,Oakridge (121),D41,639016.8899,4839683.6602
9515,7835231,1363450,5/12/2013 8:00:00 AM,1258,WARDEN AVE,DANFORTH RD,,Minor Arterial,Scarborough,43.697165,-79.274829,At Intersection,Traffic Signal,Rain,Daylight,Wet,Non-Fatal Injury,Approaching,Passenger,5 to 9,Minor,,,Other,,,,,,,,,,,,Yes,,,,,Yes,,,,,,121,Oakridge,121,Oakridge (121),D41,639016.8899,4839683.6602
9516,7835232,1363450,5/12/2013 8:00:00 AM,1258,WARDEN AVE,DANFORTH RD,,Minor Arterial,Scarborough,43.697165,-79.274829,At Intersection,Traffic Signal,Rain,Daylight,Wet,Non-Fatal Injury,Approaching,Passenger,45 to 49,Major,,,Other,,,,,,,,,,,,Yes,,,,,Yes,,,,,,121,Oakridge,121,Oakridge (121),D41,639016.8899,4839683.6602
9517,7835233,1363450,5/12/2013 8:00:00 AM,1258,WARDEN AVE,DANFORTH RD,,Minor Arterial,Scarborough,43.697165,-79.274829,At Intersection,Traffic Signal,Rain,Daylight,Wet,Non-Fatal Injury,Approaching,Passenger,10 to 14,Minor,,,Other,,,,,,,,,,,,Yes,,,,,Yes,,,,,,121,Oakridge,121,Oakridge (121),D41,639016.8899,4839683.6602
9518,7835234,1363450,5/12/2013 8:00:00 AM,1258,WARDEN AVE,DANFORTH RD,,Minor Arterial,Scarborough,43.697165,-79.274829,At Intersection,Traffic Signal,Rain,Daylight,Wet,Non-Fatal Injury,Approaching,Driver,50 to 54,Minimal,,North,"Automobile, Station Wagon",Going Ahead,Driving Properly,Normal,,,,,,,,,Yes,,,,,Yes,,,,,,121,Oakridge,121,Oakridge (121),D41,639016.8899,4839683.6602
9519,7835531,1363580,5/12/2013 8:00:00 AM,1305,LESLIE ST,LESMILL RD,,Major Arterial,North York,43.762645,-79.36189,,No Control,Clear,Daylight,Dry,Non-Fatal Injury,SMV Other,Driver,65 to 69,Major,,North,"Automobile, Station Wagon",Going Ahead,Lost control,Medical or Physical Disability,,,,,,,,,Yes,,,,,,,,,,Yes,40,St.Andrew-Windfields,40,St.Andrew-Windfields (40),D33,631857.537,4846813.8776
9520,7835532,1363580,5/12/2013 8:00:00 AM,1305,LESLIE ST,LESMILL RD,,Major Arterial,North York,43.762645,-79.36189,,No Control,Clear,Daylight,Dry,Non-Fatal Injury,SMV Other,Driver,25 to 29,None,,North,"Automobile, Station Wagon",Going Ahead,Driving Properly,Normal,,,,,,,,,Yes,,,,,,,,,,Yes,40,St.Andrew-Windfields,40,St.Andrew-Windfields (40),D33,631857.537,4846813.8776
9521,7835533,1363580,5/12/2013 8:00:00 AM,1305,LESLIE ST,LESMILL RD,,Major Arterial,North York,43.762645,-79.36189,,No Control,Clear,Daylight,Dry,Non-Fatal Injury,SMV Other,Other Property Owner,unknown,,,,Other,,,,,,,,,,,,Yes,,,,,,,,,,Yes,40,St.Andrew-Windfields,40,St.Andrew-Windfields (40),D33,631857.537,4846813.8776
9522,7835555,1363588,5/13/2013 8:00:00 AM,1830,BORDEN ST,BLOOR ST W,,Major Arterial,Toronto and East York,43.665645,-79.40869,,No Control,Clear,Daylight,Dry,Non-Fatal Injury,SMV Other,Driver - Not Hit,unknown,,,,"Automobile, Station Wagon",,,,,,,,,,,Yes,Yes,,,,,,,Yes,,,,79,University,79,University (79),D14,628297.2228,4835967.1996
9523,7835556,1363588,5/13/2013 8:00:00 AM,1830,BORDEN ST,BLOOR ST W,,Major Arterial,Toronto and East York,43.665645,-79.40869,,No Control,Clear,Daylight,Dry,Non-Fatal Injury,SMV Other,Moped Driver,40 to 44,Major,,North,Moped,Going Ahead,Failed to Yield Right of Way,Normal,,,,,,,,Yes,Yes,,,,,,,Yes,,,,79,University,79,University (79),D14,628297.2228,4835967.1996
9524,7836003,1363758,5/14/2013 8:00:00 AM,956,TECUMSETH ST,RICHMOND ST W,,Local,Toronto and East York,43.645945,-79.40629,At Intersection,Stop Sign,Clear,Daylight,Dry,Non-Fatal Injury,SMV Unattended Vehicle,Driver,40 to 44,Major,,South,"Automobile, Station Wagon",Going Ahead,Lost control,Medical or Physical Disability,,,,,,,,,Yes,,,,,,,,,,Yes,162,West Queen West,82,Niagara (82),D14,628532.7446,4833782.9699
9525,7836004,1363758,5/14/2013 8:00:00 AM,956,TECUMSETH ST,RICHMOND ST W,,Local,Toronto and East York,43.645945,-79.40629,At Intersection,Stop Sign,Clear,Daylight,Dry,Non-Fatal Injury,SMV Unattended Vehicle,Other,unknown,None,,South,Other,Parked,,,,,,,,,,,Yes,,,,,,,,,,Yes,162,West Queen West,82,Niagara (82),D14,628532.7446,4833782.9699
9526,7836005,1363758,5/14/2013 8:00:00 AM,956,TECUMSETH ST,RICHMOND ST W,,Local,Toronto and East York,43.645945,-79.40629,At Intersection,Stop Sign,Clear,Daylight,Dry,Non-Fatal Injury,SMV Unattended Vehicle,Vehicle Owner,unknown,,,,Other,,,,,,,,,,,,Yes,,,,,,,,,,Yes,162,West Queen West,82,Niagara (82),D14,628532.7446,4833782.9699
9527,7818738,1356299,5/15/2013 8:00:00 AM,314,YONGE ST,GLENGROVE AVE E,,Major Arterial,North York,43.719538,-79.401126,At Intersection,Traffic Signal,Clear,"Dark, artificial",Dry,Non-Fatal Injury,Pedestrian Collisions,Vehicle Owner,unknown,,,,Other,,,,,,,,,,Yes,,Yes,,,Yes,,,,,,,,103,Lawrence Park South,103,Lawrence Park South (103),D53,628791.6532,4841964.4876
9528,7818739,1356299,5/15/2013 8:00:00 AM,314,YONGE ST,GLENGROVE AVE E,,Major Arterial,North York,43.719538,-79.401126,At Intersection,Traffic Signal,Clear,"Dark, artificial",Dry,Non-Fatal Injury,Pedestrian Collisions,Driver - Not Hit,unknown,None,,,Municipal Transit Bus (TTC),,,,,,,,,,Yes,,Yes,,,Yes,,,,,,,,103,Lawrence Park South,103,Lawrence Park South (103),D53,628791.6532,4841964.4876
9529,7818740,1356299,5/15/2013 8:00:00 AM,314,YONGE ST,GLENGROVE AVE E,,Major Arterial,North York,43.719538,-79.401126,At Intersection,Traffic Signal,Clear,"Dark, artificial",Dry,Non-Fatal Injury,Pedestrian Collisions,Vehicle Owner,unknown,,,,Other,,,,,,,,,,Yes,,Yes,,,Yes,,,,,,,,103,Lawrence Park South,103,Lawrence Park South (103),D53,628791.6532,4841964.4876
9530,7818741,1356299,5/15/2013 8:00:00 AM,314,YONGE ST,GLENGROVE AVE E,,Major Arterial,North York,43.719538,-79.401126,At Intersection,Traffic Signal,Clear,"Dark, artificial",Dry,Non-Fatal Injury,Pedestrian Collisions,Driver,45 to 49,None,,North,"Automobile, Station Wagon",Going Ahead,Driving Properly,Normal,,,,,,,Yes,,Yes,,,Yes,,,,,,,,103,Lawrence Park South,103,Lawrence Park South (103),D53,628791.6532,4841964.4876
9531,7818742,1356299,5/15/2013 8:00:00 AM,314,YONGE ST,GLENGROVE AVE E,,Major Arterial,North York,43.719538,-79.401126,At Intersection,Traffic Signal,Clear,"Dark, artificial",Dry,Non-Fatal Injury,Pedestrian Collisions,Pedestrian,25 to 29,Major,,West,Other,,,,Vehicle is going straight thru inter.while ped cross without ROW,Crossing without right of way,Had Been Drinking,,,,Yes,,Yes,,,Yes,,,,,,,,103,Lawrence Park South,103,Lawrence Park South (103),D53,628791.6532,4841964.4876
9532,7836251,1363874,5/15/2013 8:00:00 AM,701,KINGSTON RD,LAWRENCE AVE E,,Major Arterial,Scarborough,43.767646,-79.189586,At Intersection,Traffic Signal,Rain,Daylight,Wet,Non-Fatal Injury,Pedestrian Collisions,Driver,50 to 54,None,,South,"Automobile, Station Wagon",Slowing or Stopping,Driving Properly,Normal,,,,,,,Yes,,Yes,,,,,,,,,,,136,West Hill,136,West Hill (136),D43,645714.9447,4847658.1024
9533,7836252,1363874,5/15/2013 8:00:00 AM,701,KINGSTON RD,LAWRENCE AVE E,,Major Arterial,Scarborough,43.767646,-79.189586,At Intersection,Traffic Signal,Rain,Daylight,Wet,Non-Fatal Injury,Pedestrian Collisions,Pedestrian,75 to 79,Major,,West,Other,,,,Vehicle is going straight thru inter.while ped cross without ROW,Crossing without right of way,Normal,,,,Yes,,Yes,,,,,,,,,,,136,West Hill,136,West Hill (136),D43,645714.9447,4847658.1024
9534,7819562,1356635,5/16/2013 8:00:00 AM,1231,MILL ST,YONGE ST,,Major Arterial,North York,43.740344,-79.405887,At Intersection,Traffic Signal,Clear,Daylight,Dry,Fatal,Pedestrian Collisions,Vehicle Owner,unknown,,,,,,,,,,,,,,Yes,,Yes,,,,,,,Yes,Yes,,,41,Bridle Path-Sunnybrook-York Mills,41,Bridle Path-Sunnybrook-York Mills (41),D32,628363.6897,4844267.9079
9535,7819563,1356635,5/16/2013 8:00:00 AM,1231,MILL ST,YONGE ST,,Major Arterial,North York,43.740344,-79.405887,At Intersection,Traffic Signal,Clear,Daylight,Dry,Fatal,Pedestrian Collisions,Driver,25 to 29,None,,West,"Automobile, Station Wagon",Turning Right,Disobeyed Traffic Control,Normal,,,,,,,Yes,,Yes,,,,,,,Yes,Yes,,,41,Bridle Path-Sunnybrook-York Mills,41,Bridle Path-Sunnybrook-York Mills (41),D32,628363.6897,4844267.9079
9536,7819564,1356635,5/16/2013 8:00:00 AM,1231,MILL ST,YONGE ST,,Major Arterial,North York,43.740344,-79.405887,At Intersection,Traffic Signal,Clear,Daylight,Dry,Fatal,Pedestrian Collisions,Pedestrian,90 to 94,Fatal,15,South,,,,,Vehicle turns right while ped crosses with ROW at inter.,Crossing with right of way,Normal,,,,Yes,,Yes,,,,,,,Yes,Yes,,,41,Bridle Path-Sunnybrook-York Mills,41,Bridle Path-Sunnybrook-York Mills (41),D32,628363.6897,4844267.9079
9537,7819558,1356633,5/16/2013 8:00:00 AM,1717,BATHURST ST,COLLEGE ST,,Major Arterial,Toronto and East York,43.656409,-79.40768,At Intersection,Traffic Signal,Clear,Daylight,Dry,Non-Fatal Injury,Pedestrian Collisions,Driver,50 to 54,None,,North,Pick Up Truck,Going Ahead,Driving Properly,Normal,,,,,,,Yes,,Yes,,,,,,,,,,,78,Kensington-Chinatown,78,Kensington-Chinatown (78),D14,628398.34,4834942.982
9538,7819559,1356633,5/16/2013 8:00:00 AM,1717,BATHURST ST,COLLEGE ST,,Major Arterial,Toronto and East York,43.656409,-79.40768,At Intersection,Traffic Signal,Clear,Daylight,Dry,Non-Fatal Injury,Pedestrian Collisions,Pedestrian,75 to 79,Major,,East,,,,,Vehicle is going straight thru inter.while ped cross without ROW,Crossing without right of way,Unknown,,,,Yes,,Yes,,,,,,,,,,,78,Kensington-Chinatown,78,Kensington-Chinatown (78),D14,628398.34,4834942.982
9539,7838411,1364796,5/17/2013 8:00:00 AM,1406,BATHURST ST,NINA ST,,Major Arterial,Toronto and East York,43.679845,-79.41699,At Intersection,Traffic Signal,Clear,Daylight,Dry,Non-Fatal Injury,Sideswipe,Driver,20 to 24,None,,North,"Automobile, Station Wagon",Changing Lanes,Driving Properly,Normal,,,,,,,,,Yes,Yes,,,,,,Yes,,,,94,Wychwood,94,Wychwood (94),D13,627597.9431,4837531.498
9540,7838412,1364796,5/17/2013 8:00:00 AM,1406,BATHURST ST,NINA ST,,Major Arterial,Toronto and East York,43.679845,-79.41699,At Intersection,Traffic Signal,Clear,Daylight,Dry,Non-Fatal Injury,Sideswipe,Vehicle Owner,unknown,,,,Other,,,,,,,,,,,,Yes,Yes,,,,,,Yes,,,,94,Wychwood,94,Wychwood (94),D13,627597.9431,4837531.498
9541,7838413,1364796,5/17/2013 8:00:00 AM,1406,BATHURST ST,NINA ST,,Major Arterial,Toronto and East York,43.679845,-79.41699,At Intersection,Traffic Signal,Clear,Daylight,Dry,Non-Fatal Injury,Sideswipe,Motorcycle Driver,35 to 39,Major,,North,Motorcycle,Going Ahead,Improper Passing,Normal,,,,,,,,,Yes,Yes,,,,,,Yes,,,,94,Wychwood,94,Wychwood (94),D13,627597.9431,4837531.498
9542,7838382,1364785,5/18/2013 8:00:00 AM,2118,HOLLAND AVE,GLENBURN AVE,,Local,Toronto and East York,43.715345,-79.30159,At Intersection,Stop Sign,Clear,Dark,Dry,Non-Fatal Injury,Rear End,Driver,35 to 39,Major,,East,"Automobile, Station Wagon",Going Ahead,Following too Close,Inattentive,,,,,,,,,Yes,,,,,Yes,,Yes,,,,54,O'Connor-Parkview,54,O'Connor-Parkview (54),D55,636819.0542,4841658.2869
9543,7838383,1364785,5/18/2013 8:00:00 AM,2118,HOLLAND AVE,GLENBURN AVE,,Local,Toronto and East York,43.715345,-79.30159,At Intersection,Stop Sign,Clear,Dark,Dry,Non-Fatal Injury,Rear End,Passenger,55 to 59,Minor,,,Other,,,,,,,,,,,,Yes,,,,,Yes,,Yes,,,,54,O'Connor-Parkview,54,O'Connor-Parkview (54),D55,636819.0542,4841658.2869
9544,7838384,1364785,5/18/2013 8:00:00 AM,2118,HOLLAND AVE,GLENBURN AVE,,Local,Toronto and East York,43.715345,-79.30159,At Intersection,Stop Sign,Clear,Dark,Dry,Non-Fatal Injury,Rear End,Driver,30 to 34,Minimal,,East,"Automobile, Station Wagon",Stopped,Driving Properly,Normal,,,,,,,,,Yes,,,,,Yes,,Yes,,,,54,O'Connor-Parkview,54,O'Connor-Parkview (54),D55,636819.0542,4841658.2869
9545,7820239,1356930,5/18/2013 8:00:00 AM,2240,EGLINTON Ave W,OAKWOOD Ave,,Major Arterial,North York,43.697445,-79.44219,,No Control,Clear,"Dark, artificial",Dry,Non-Fatal Injury,Pedestrian Collisions,Driver,50 to 54,None,,West,"Automobile, Station Wagon",Going Ahead,Driving Properly,Normal,,,,,,,Yes,,Yes,,,,,,,,,,,108,Briar Hill-Belgravia,108,Briar Hill-Belgravia (108),D13,625529.9675,4839447.7584
9546,7820240,1356930,5/18/2013 8:00:00 AM,2240,EGLINTON Ave W,OAKWOOD Ave,,Major Arterial,North York,43.697445,-79.44219,,No Control,Clear,"Dark, artificial",Dry,Non-Fatal Injury,Pedestrian Collisions,Vehicle Owner,unknown,,,,Other,,,,,,,,,,Yes,,Yes,,,,,,,,,,,108,Briar Hill-Belgravia,108,Briar Hill-Belgravia (108),D13,625529.9675,4839447.7584
9547,7820241,1356930,5/18/2013 8:00:00 AM,2240,EGLINTON Ave W,OAKWOOD Ave,,Major Arterial,North York,43.697445,-79.44219,,No Control,Clear,"Dark, artificial",Dry,Non-Fatal Injury,Pedestrian Collisions,Driver,15 to 19,None,,East,"Automobile, Station Wagon",Going Ahead,Driving Properly,Normal,,,,,,,Yes,,Yes,,,,,,,,,,,108,Briar Hill-Belgravia,108,Briar Hill-Belgravia (108),D13,625529.9675,4839447.7584
9548,7820242,1356930,5/18/2013 8:00:00 AM,2240,EGLINTON Ave W,OAKWOOD Ave,,Major Arterial,North York,43.697445,-79.44219,,No Control,Clear,"Dark, artificial",Dry,Non-Fatal Injury,Pedestrian Collisions,Pedestrian,25 to 29,Major,,South,Other,,,,Pedestrian hit at mid-block,"Crossing, no Traffic Control",Inattentive,,,,Yes,,Yes,,,,,,,,,,,108,Briar Hill-Belgravia,108,Briar Hill-Belgravia (108),D13,625529.9675,4839447.7584
9549,7835237,1363452,5/20/2013 8:00:00 AM,1040,LAKE SHORE BLVD W,REES ST,,Major Arterial,Toronto and East York,43.639945,-79.38699,At Intersection,Traffic Signal,Clear,Daylight,Dry,Non-Fatal Injury,Cyclist Collisions,Driver,35 to 39,None,,East,"Automobile, Station Wagon",Turning Right,Improper Turn,Inattentive,,,,,,,,Yes,Yes,,,,,,,,,,,165,Harbourfront-CityPlace,77,Waterfront Communities-The Island (77),D52,630102.2572,4833146.6642
9550,7835238,1363452,5/20/2013 8:00:00 AM,1040,LAKE SHORE BLVD W,REES ST,,Major Arterial,Toronto and East York,43.639945,-79.38699,At Intersection,Traffic Signal,Clear,Daylight,Dry,Non-Fatal Injury,Cyclist Collisions,Cyclist,50 to 54,Major,,East,Bicycle,Going Ahead,,,,,,"Cyclist without ROW rides into path of motorist at inter, lnwy, dwy-Cyclist not turn.",Disobeyed Traffic Control,Inattentive,,Yes,Yes,,,,,,,,,,,165,Harbourfront-CityPlace,77,Waterfront Communities-The Island (77),D52,630102.2572,4833146.6642
9551,7820656,1357107,5/20/2013 8:00:00 AM,1405,SPADINA Ave,COLLEGE St,,Major Arterial,Toronto and East York,43.659045,-79.40049,At Intersection,No Control,Clear,Daylight,Dry,Non-Fatal Injury,SMV Other,Motorcycle Driver,25 to 29,Major,,North,Motorcycle,Turning Right,Lost control,Normal,,,,,,,,,,Yes,,,,,Yes,Yes,,,,79,University,79,University (79),D52,628972.4752,4835246.8957