OBJECTID,INDEX,ACCNUM,DATE,TIME,STREET1,STREET2,OFFSET,ROAD_CLASS,DISTRICT,LATITUDE,LONGITUDE,ACCLOC,TRAFFCTL,VISIBILITY,LIGHT,RDSFCOND,ACCLASS,IMPACTYPE,INVTYPE,INVAGE,INJURY,FATAL_NO,INITDIR,VEHTYPE,MANOEUVER,DRIVACT,DRIVCOND,PEDTYPE,PEDACT,PEDCOND,CYCLISTYPE,CYCACT,CYCCOND,PEDESTRIAN,CYCLIST,AUTOMOBILE,MOTORCYCLE,TRUCK,TRSN_CITY_VEH,EMERG_VEH,PASSENGER,SPEEDING,AG_DRIV,REDLIGHT,ALCOHOL,DISABILITY,HOOD_158,NEIGHBOURHOOD_158,HOOD_140,NEIGHBOURHOOD_140,DIVISION,x,y
9612,7827834,1360225,6/9/2013 8:00:00 AM,340,QUEEN ST W,SPADINA AVE,,Major Arterial,Toronto and East York,43.648554,-79.397273,,No Control,Clear,"Dark, artificial",Dry,Non-Fatal Injury,Pedestrian Collisions,Pedestrian,20 to 24,Major,,Unknown,Other,,,,Pedestrian hit at mid-block,Other,Unknown,,,,Yes,,Yes,,,,,,,,,,,164,Wellington Place,77,Waterfront Communities-The Island (77),D14,629254.3773,4834086.738
9613,7827835,1360225,6/9/2013 8:00:00 AM,340,QUEEN ST W,SPADINA AVE,,Major Arterial,Toronto and East York,43.648554,-79.397273,,No Control,Clear,"Dark, artificial",Dry,Non-Fatal Injury,Pedestrian Collisions,Driver,unknown,None,,East,"Automobile, Station Wagon",Going Ahead,Other,Unknown,,,,,,,Yes,,Yes,,,,,,,,,,,164,Wellington Place,77,Waterfront Communities-The Island (77),D14,629254.3773,4834086.738
9614,7848510,1368998,6/9/2013 8:00:00 AM,2122,KEELE ST,WILSON AVE,,Major Arterial,North York,43.726645,-79.48209,At Intersection,Traffic Signal,Clear,"Dark, artificial",Dry,Non-Fatal Injury,Turning Movement,Motorcycle Driver,20 to 24,Major,,North,Motorcycle,Going Ahead,Driving Properly,Normal,,,,,,,,,Yes,Yes,,,,Yes,,Yes,,,,155,Downsview,26,Downsview-Roding-CFB (26),D31,622255.3699,4842631.1927
9615,7848511,1368998,6/9/2013 8:00:00 AM,2122,KEELE ST,WILSON AVE,,Major Arterial,North York,43.726645,-79.48209,At Intersection,Traffic Signal,Clear,"Dark, artificial",Dry,Non-Fatal Injury,Turning Movement,Passenger,15 to 19,Minimal,,,Other,,,,,,,,,,,,Yes,Yes,,,,Yes,,Yes,,,,155,Downsview,26,Downsview-Roding-CFB (26),D31,622255.3699,4842631.1927
9616,7848512,1368998,6/9/2013 8:00:00 AM,2122,KEELE ST,WILSON AVE,,Major Arterial,North York,43.726645,-79.48209,At Intersection,Traffic Signal,Clear,"Dark, artificial",Dry,Non-Fatal Injury,Turning Movement,Driver,20 to 24,None,,South,"Automobile, Station Wagon",Turning Left,Failed to Yield Right of Way,Inattentive,,,,,,,,,Yes,Yes,,,,Yes,,Yes,,,,155,Downsview,26,Downsview-Roding-CFB (26),D31,622255.3699,4842631.1927
9617,7848165,1368851,6/11/2013 8:00:00 AM,836,STEELES AVE E,MIDLAND AVE,,Major Arterial,Scarborough,43.825945,-79.29729,At Intersection,Traffic Signal,Clear,Daylight,Dry,Non-Fatal Injury,Cyclist Collisions,Driver,35 to 39,None,,East,"Automobile, Station Wagon",Going Ahead,Disobeyed Traffic Control,Normal,,,,,,,,Yes,Yes,,,,,,,Yes,Yes,,,130,Milliken,130,Milliken (130),D42,636912.8477,4853949.2368
9618,7848166,1368851,6/11/2013 8:00:00 AM,836,STEELES AVE E,MIDLAND AVE,,Major Arterial,Scarborough,43.825945,-79.29729,At Intersection,Traffic Signal,Clear,Daylight,Dry,Non-Fatal Injury,Cyclist Collisions,Cyclist,60 to 64,Major,,West,Bicycle,Turning Left,,,,,,"Motorist without ROW drives into path of cyclist at inter, lnwy, dwy-Driver not turn.",Driving Properly,Normal,,Yes,Yes,,,,,,,Yes,Yes,,,130,Milliken,130,Milliken (130),D42,636912.8477,4853949.2368
9619,7828765,1360626,6/12/2013 8:00:00 AM,1157,O CONNOR DR,RIVERCOURT BLVD,,Major Arterial,Toronto and East York,43.693645,-79.34819,At Intersection,Traffic Signal,Clear,Daylight,Dry,Non-Fatal Injury,Cyclist Collisions,Passenger,15 to 19,None,,,Other,,,,,,,,,,,Yes,Yes,,,,,Yes,,,,,,58,Old East York,58,Old East York (58),D55,633113.0718,4839172.3252
9620,7828766,1360626,6/12/2013 8:00:00 AM,1157,O CONNOR DR,RIVERCOURT BLVD,,Major Arterial,Toronto and East York,43.693645,-79.34819,At Intersection,Traffic Signal,Clear,Daylight,Dry,Non-Fatal Injury,Cyclist Collisions,Vehicle Owner,unknown,,,,Other,,,,,,,,,,,Yes,Yes,,,,,Yes,,,,,,58,Old East York,58,Old East York (58),D55,633113.0718,4839172.3252
9621,7828767,1360626,6/12/2013 8:00:00 AM,1157,O CONNOR DR,RIVERCOURT BLVD,,Major Arterial,Toronto and East York,43.693645,-79.34819,At Intersection,Traffic Signal,Clear,Daylight,Dry,Non-Fatal Injury,Cyclist Collisions,Driver,50 to 54,None,,West,"Automobile, Station Wagon",Going Ahead,Driving Properly,Normal,,,,,,,,Yes,Yes,,,,,Yes,,,,,,58,Old East York,58,Old East York (58),D55,633113.0718,4839172.3252
9622,7828768,1360626,6/12/2013 8:00:00 AM,1157,O CONNOR DR,RIVERCOURT BLVD,,Major Arterial,Toronto and East York,43.693645,-79.34819,At Intersection,Traffic Signal,Clear,Daylight,Dry,Non-Fatal Injury,Cyclist Collisions,Cyclist,35 to 39,Major,,West,Bicycle,Turning Left,,,,,,Cyclist turned left across motorists path.,Improper Turn,Inattentive,,Yes,Yes,,,,,Yes,,,,,,58,Old East York,58,Old East York (58),D55,633113.0718,4839172.3252
9623,7850389,1369816,6/13/2013 8:00:00 AM,640,SPADINA RD,DUPONT ST,,Major Arterial,Toronto and East York,43.674845,-79.40709,At Intersection,Traffic Signal,Rain,Daylight,Wet,Non-Fatal Injury,Approaching,Motorcycle Driver,40 to 44,Major,,North,Motorcycle,Going Ahead,Driving Properly,Normal,,,,,,,,,Yes,Yes,,,,,,Yes,,,,95,Annex,95,Annex (95),D53,628406.6015,4836991.4586
9624,7850390,1369816,6/13/2013 8:00:00 AM,640,SPADINA RD,DUPONT ST,,Major Arterial,Toronto and East York,43.674845,-79.40709,At Intersection,Traffic Signal,Rain,Daylight,Wet,Non-Fatal Injury,Approaching,Driver,55 to 59,None,,South,"Automobile, Station Wagon",Going Ahead,Following too Close,Normal,,,,,,,,,Yes,Yes,,,,,,Yes,,,,95,Annex,95,Annex (95),D53,628406.6015,4836991.4586
9625,7850472,1369849,6/13/2013 8:00:00 AM,751,ADELAIDE ST E,SHERBOURNE ST,,Major Arterial,Toronto and East York,43.652245,-79.36799,,No Control,Rain,Daylight,Wet,Non-Fatal Injury,Cyclist Collisions,Vehicle Owner,unknown,,,,Other,,,,,,,,,,,Yes,,,Yes,,,,,,,,,73,Moss Park,73,Moss Park (73),D51,631607.9131,4834542.6981
9626,7850473,1369849,6/13/2013 8:00:00 AM,751,ADELAIDE ST E,SHERBOURNE ST,,Major Arterial,Toronto and East York,43.652245,-79.36799,,No Control,Rain,Daylight,Wet,Non-Fatal Injury,Cyclist Collisions,Truck Driver,35 to 39,None,,East,Truck - Open,Going Ahead,Driving Properly,Normal,,,,,,,,Yes,,,Yes,,,,,,,,,73,Moss Park,73,Moss Park (73),D51,631607.9131,4834542.6981
9627,7850474,1369849,6/13/2013 8:00:00 AM,751,ADELAIDE ST E,SHERBOURNE ST,,Major Arterial,Toronto and East York,43.652245,-79.36799,,No Control,Rain,Daylight,Wet,Non-Fatal Injury,Cyclist Collisions,Cyclist,25 to 29,Major,,East,Bicycle,Going Ahead,,,,,,Cyclist and Driver travelling in same direction. One vehicle sideswipes the other.,Lost control,Normal,,Yes,,,Yes,,,,,,,,,73,Moss Park,73,Moss Park (73),D51,631607.9131,4834542.6981
9628,7850496,1369859,6/13/2013 8:00:00 AM,950,BATHURST ST,FAIRLAWN AVE,,Major Arterial,North York,43.725045,-79.43109,At Intersection,Traffic Signal,Rain,Daylight,Wet,Non-Fatal Injury,Pedestrian Collisions,Driver,70 to 74,None,,West,"Automobile, Station Wagon",Turning Left,Failed to Yield Right of Way,Normal,,,,,,,Yes,,Yes,,,,,,,Yes,,,,39,Bedford Park-Nortown,39,Bedford Park-Nortown (39),D32,626366.4079,4842529.9922
9629,7850497,1369859,6/13/2013 8:00:00 AM,950,BATHURST ST,FAIRLAWN AVE,,Major Arterial,North York,43.725045,-79.43109,At Intersection,Traffic Signal,Rain,Daylight,Wet,Non-Fatal Injury,Pedestrian Collisions,Pedestrian,90 to 94,Major,,East,Other,,,,Vehicle turns left while ped crosses with ROW at inter.,Crossing with right of way,Normal,,,,Yes,,Yes,,,,,,,Yes,,,,39,Bedford Park-Nortown,39,Bedford Park-Nortown (39),D32,626366.4079,4842529.9922
9630,7851756,1370441,6/14/2013 8:00:00 AM,1230,754 ROYAL YORK RD,,,Minor Arterial,Etobicoke York,43.636045,-79.50669,,No Control,Clear,Daylight,Dry,Non-Fatal Injury,Rear End,Motorcycle Driver,15 to 19,Major,,South,Motorcycle,Going Ahead,Exceeding Speed Limit,Normal,,,,,,,,,Yes,Yes,,,,,Yes,Yes,,,,16,Stonegate-Queensway,16,Stonegate-Queensway (16),D22,620455.1906,4832532.8554
9631,7851757,1370441,6/14/2013 8:00:00 AM,1230,754 ROYAL YORK RD,,,Minor Arterial,Etobicoke York,43.636045,-79.50669,,No Control,Clear,Daylight,Dry,Non-Fatal Injury,Rear End,Driver,40 to 44,None,,South,"Automobile, Station Wagon",Going Ahead,Driving Properly,Normal,,,,,,,,,Yes,Yes,,,,,Yes,Yes,,,,16,Stonegate-Queensway,16,Stonegate-Queensway (16),D22,620455.1906,4832532.8554
9632,7852516,1370737,6/15/2013 8:00:00 AM,17,DUPONT ST,LANSDOWNE AVE,,Major Arterial,Toronto and East York,43.666745,-79.44649,,Traffic Signal,Clear,"Dark, artificial",Dry,Non-Fatal Injury,Rear End,Motorcycle Driver,35 to 39,Major,,East,Motorcycle,Stopped,Driving Properly,Normal,,,,,,,,,Yes,Yes,,,,,,Yes,,Yes,,171,Junction-Wallace Emerson,93,Dovercourt-Wallace Emerson-Junction (93),D11,625247.3318,4836031.6072
9633,7852517,1370737,6/15/2013 8:00:00 AM,17,DUPONT ST,LANSDOWNE AVE,,Major Arterial,Toronto and East York,43.666745,-79.44649,,Traffic Signal,Clear,"Dark, artificial",Dry,Non-Fatal Injury,Rear End,Driver,20 to 24,Minimal,,East,"Automobile, Station Wagon",Going Ahead,Improper Passing,"Ability Impaired, Alcohol",,,,,,,,,Yes,Yes,,,,,,Yes,,Yes,,171,Junction-Wallace Emerson,93,Dovercourt-Wallace Emerson-Junction (93),D11,625247.3318,4836031.6072
9634,7829767,1361068,6/15/2013 8:00:00 AM,1336,83 MARKHAM ST,,,Local,Toronto and East York,43.650237,-79.40652,,No Control,Clear,Daylight,Dry,Non-Fatal Injury,Pedestrian Collisions,Driver,45 to 49,None,,South,"Automobile, Station Wagon",Going Ahead,Driving Properly,Normal,,,,,,,Yes,,Yes,,,,,,,,,,,81,Trinity-Bellwoods,81,Trinity-Bellwoods (81),D14,628505.042,4834259.2962
9635,7829768,1361068,6/15/2013 8:00:00 AM,1336,83 MARKHAM ST,,,Local,Toronto and East York,43.650237,-79.40652,,No Control,Clear,Daylight,Dry,Non-Fatal Injury,Pedestrian Collisions,Pedestrian,0 to 4,Major,,West,Other,,,,Vehicle hits the pedestrian walking or running out from between parked vehicles at mid-block,Coming From Behind Parked Vehicle,Normal,,,,Yes,,Yes,,,,,,,,,,,81,Trinity-Bellwoods,81,Trinity-Bellwoods (81),D14,628505.042,4834259.2962
9636,7829769,1361069,6/15/2013 8:00:00 AM,1924,MCCOWAN RD,KINGSTON RD,,Major Arterial,Scarborough,43.725145,-79.23239,,Traffic Signal,Clear,Daylight,Dry,Non-Fatal Injury,Pedestrian Collisions,Driver,80 to 84,None,,North,"Automobile, Station Wagon",Turning Left,Failed to Yield Right of Way,Normal,,,,,,,Yes,,Yes,,,,,,,Yes,,,,123,Cliffcrest,123,Cliffcrest (123),D43,642370.4615,4842863.2824
9637,7829770,1361069,6/15/2013 8:00:00 AM,1924,MCCOWAN RD,KINGSTON RD,,Major Arterial,Scarborough,43.725145,-79.23239,,Traffic Signal,Clear,Daylight,Dry,Non-Fatal Injury,Pedestrian Collisions,Pedestrian,45 to 49,Major,,South,Other,,,,Vehicle turns left while ped crosses with ROW at inter.,Crossing with right of way,Normal,,,,Yes,,Yes,,,,,,,Yes,,,,123,Cliffcrest,123,Cliffcrest (123),D43,642370.4615,4842863.2824
9638,7829849,1361106,6/16/2013 8:00:00 AM,616,JOE SHUSTER  WAY,KING ST W,,Local,Toronto and East York,43.640547,-79.423999,,No Control,Rain,Daylight,Wet,Fatal,SMV Other,Driver,40 to 44,Fatal,17,East,"Automobile, Station Wagon",Going Ahead,Other,Unknown,,,,,,,,,Yes,,,,,,,,,,,85,South Parkdale,85,South Parkdale (85),D14,627115.8831,4833156.1781
9639,7853474,1371165,6/16/2013 8:00:00 AM,1516,KENNEDY RD,CARDWELL AVE,,Major Arterial,Scarborough,43.785746,-79.289493,At Intersection,Traffic Signal,Clear,Daylight,Dry,Non-Fatal Injury,Pedestrian Collisions,Driver,30 to 34,None,,North,"Automobile, Station Wagon",Going Ahead,Driving Properly,Normal,,,,,,,Yes,,Yes,,,,,,,,,,,118,Tam O'Shanter-Sullivan,118,Tam O'Shanter-Sullivan (118),D42,637632.0949,4849497.4247
9640,7853475,1371165,6/16/2013 8:00:00 AM,1516,KENNEDY RD,CARDWELL AVE,,Major Arterial,Scarborough,43.785746,-79.289493,At Intersection,Traffic Signal,Clear,Daylight,Dry,Non-Fatal Injury,Pedestrian Collisions,Pedestrian,55 to 59,Major,,East,Other,,,,Vehicle is going straight thru inter.while ped cross without ROW,Crossing without right of way,Normal,,,,Yes,,Yes,,,,,,,,,,,118,Tam O'Shanter-Sullivan,118,Tam O'Shanter-Sullivan (118),D42,637632.0949,4849497.4247
9641,7853468,1371162,6/16/2013 8:00:00 AM,1525,ISLINGTON AVE,401 C E ISLINGTON N RAMP E,,Major Arterial,Etobicoke York,43.708445,-79.55189,,No Control,Clear,Daylight,Dry,Non-Fatal Injury,Pedestrian Collisions,Driver,35 to 39,None,,North,"Automobile, Station Wagon",Going Ahead,Driving Properly,Normal,,,,,,,Yes,,Yes,,,,,,,,,,,6,Kingsview Village-The Westway,6,Kingsview Village-The Westway (6),D23,616668.817,4840509.2257
9642,7853469,1371162,6/16/2013 8:00:00 AM,1525,ISLINGTON AVE,401 C E ISLINGTON N RAMP E,,Major Arterial,Etobicoke York,43.708445,-79.55189,,No Control,Clear,Daylight,Dry,Non-Fatal Injury,Pedestrian Collisions,In-Line Skater,50 to 54,Major,,South,Other,,,,Pedestrian hit at mid-block,Other,Normal,,,,Yes,,Yes,,,,,,,,,,,6,Kingsview Village-The Westway,6,Kingsview Village-The Westway (6),D23,616668.817,4840509.2257
9643,7829974,1361161,6/16/2013 8:00:00 AM,1923,KEELE ST,DONALD AVE,,Major Arterial,Etobicoke York,43.684945,-79.47279,At Intersection,Traffic Signal,Clear,Daylight,Dry,Non-Fatal Injury,Pedestrian Collisions,Driver,50 to 54,None,,South,"Automobile, Station Wagon",Going Ahead,Driving Properly,Normal,,,,,,,Yes,,Yes,,,Yes,,Yes,,,,,,110,Keelesdale-Eglinton West,110,Keelesdale-Eglinton West (110),D12,623089.7334,4838013.5906
9644,7829975,1361161,6/16/2013 8:00:00 AM,1923,KEELE ST,DONALD AVE,,Major Arterial,Etobicoke York,43.684945,-79.47279,At Intersection,Traffic Signal,Clear,Daylight,Dry,Non-Fatal Injury,Pedestrian Collisions,Passenger,0 to 4,Minor,,,Other,,,,,,,,,,Yes,,Yes,,,Yes,,Yes,,,,,,110,Keelesdale-Eglinton West,110,Keelesdale-Eglinton West (110),D12,623089.7334,4838013.5906
9645,7829976,1361161,6/16/2013 8:00:00 AM,1923,KEELE ST,DONALD AVE,,Major Arterial,Etobicoke York,43.684945,-79.47279,At Intersection,Traffic Signal,Clear,Daylight,Dry,Non-Fatal Injury,Pedestrian Collisions,Passenger,5 to 9,Minor,,,Other,,,,,,,,,,Yes,,Yes,,,Yes,,Yes,,,,,,110,Keelesdale-Eglinton West,110,Keelesdale-Eglinton West (110),D12,623089.7334,4838013.5906
9646,7829977,1361161,6/16/2013 8:00:00 AM,1923,KEELE ST,DONALD AVE,,Major Arterial,Etobicoke York,43.684945,-79.47279,At Intersection,Traffic Signal,Clear,Daylight,Dry,Non-Fatal Injury,Pedestrian Collisions,Vehicle Owner,unknown,,,,Other,,,,,,,,,,Yes,,Yes,,,Yes,,Yes,,,,,,110,Keelesdale-Eglinton West,110,Keelesdale-Eglinton West (110),D12,623089.7334,4838013.5906
9647,7829978,1361161,6/16/2013 8:00:00 AM,1923,KEELE ST,DONALD AVE,,Major Arterial,Etobicoke York,43.684945,-79.47279,At Intersection,Traffic Signal,Clear,Daylight,Dry,Non-Fatal Injury,Pedestrian Collisions,Driver,40 to 44,None,,North,Municipal Transit Bus (TTC),Going Ahead,Driving Properly,Normal,,,,,,,Yes,,Yes,,,Yes,,Yes,,,,,,110,Keelesdale-Eglinton West,110,Keelesdale-Eglinton West (110),D12,623089.7334,4838013.5906
9648,7829979,1361161,6/16/2013 8:00:00 AM,1923,KEELE ST,DONALD AVE,,Major Arterial,Etobicoke York,43.684945,-79.47279,At Intersection,Traffic Signal,Clear,Daylight,Dry,Non-Fatal Injury,Pedestrian Collisions,Pedestrian,40 to 44,Major,,East,Other,,,,Vehicle is going straight thru inter.while ped cross without ROW,Crossing without right of way,Normal,,,,Yes,,Yes,,,Yes,,Yes,,,,,,110,Keelesdale-Eglinton West,110,Keelesdale-Eglinton West (110),D12,623089.7334,4838013.5906
9649,7854052,1371425,6/17/2013 8:00:00 AM,840,KINGSTON RD,FALAISE RD E,,Major Arterial,Scarborough,43.768545,-79.18879,,No Control,Clear,Daylight,Dry,Non-Fatal Injury,Pedestrian Collisions,Vehicle Owner,unknown,,,,Other,,,,,,,,,,Yes,,,,Yes,,,,,,,,,136,West Hill,136,West Hill (136),D43,645776.8291,4847759.3516
9650,7854053,1371425,6/17/2013 8:00:00 AM,840,KINGSTON RD,FALAISE RD E,,Major Arterial,Scarborough,43.768545,-79.18879,,No Control,Clear,Daylight,Dry,Non-Fatal Injury,Pedestrian Collisions,Truck Driver,25 to 29,None,,East,Truck - Open,Going Ahead,Driving Properly,Normal,,,,,,,Yes,,,,Yes,,,,,,,,,136,West Hill,136,West Hill (136),D43,645776.8291,4847759.3516
9651,7854054,1371425,6/17/2013 8:00:00 AM,840,KINGSTON RD,FALAISE RD E,,Major Arterial,Scarborough,43.768545,-79.18879,,No Control,Clear,Daylight,Dry,Non-Fatal Injury,Pedestrian Collisions,Pedestrian,50 to 54,Major,,West,Other,,,,Vehicle is going straight thru inter.while ped cross without ROW,"Crossing, no Traffic Control",Unknown,,,,Yes,,,,Yes,,,,,,,,,136,West Hill,136,West Hill (136),D43,645776.8291,4847759.3516
9652,7853993,1371397,6/17/2013 8:00:00 AM,1230,BURROWS HALL BLVD,GOSKIN CRT,,Collector,Scarborough,43.795745,-79.22369,,No Control,Clear,Daylight,Dry,Non-Fatal Injury,Other,Vehicle Owner,unknown,,,,Other,,,,,,,,,,,,Yes,,,,,Yes,,,,,,146,Malvern East,132,Malvern (132),D42,642903.0127,4850719.4906
9653,7853994,1371397,6/17/2013 8:00:00 AM,1230,BURROWS HALL BLVD,GOSKIN CRT,,Collector,Scarborough,43.795745,-79.22369,,No Control,Clear,Daylight,Dry,Non-Fatal Injury,Other,Passenger,15 to 19,Major,,,Other,,,,,,,,,,,,Yes,,,,,Yes,,,,,,146,Malvern East,132,Malvern (132),D42,642903.0127,4850719.4906
9654,7853995,1371397,6/17/2013 8:00:00 AM,1230,BURROWS HALL BLVD,GOSKIN CRT,,Collector,Scarborough,43.795745,-79.22369,,No Control,Clear,Daylight,Dry,Non-Fatal Injury,Other,Driver,15 to 19,None,,West,"Automobile, Station Wagon",Going Ahead,Lost control,Unknown,,,,,,,,,Yes,,,,,Yes,,,,,,146,Malvern East,132,Malvern (132),D42,642903.0127,4850719.4906
9655,7854058,1371427,6/17/2013 8:00:00 AM,1407,390 QUEENS QUAY W,,,Minor Arterial,Toronto and East York,43.637945,-79.39069,,Traffic Controller,Clear,Daylight,Dry,Non-Fatal Injury,Pedestrian Collisions,Truck Driver,50 to 54,Major,,South,Truck - Open,Going Ahead,Driving Properly,Unknown,,,,,,,Yes,,,,Yes,,,,,,,,,165,Harbourfront-CityPlace,77,Waterfront Communities-The Island (77),D52,629808.126,4832918.7453
9656,7854059,1371427,6/17/2013 8:00:00 AM,1407,390 QUEENS QUAY W,,,Minor Arterial,Toronto and East York,43.637945,-79.39069,,Traffic Controller,Clear,Daylight,Dry,Non-Fatal Injury,Pedestrian Collisions,Pedestrian,30 to 34,Minor,,Unknown,Other,,,,Pedestrian hit at mid-block,Playing or Working on Highway,Inattentive,,,,Yes,,,,Yes,,,,,,,,,165,Harbourfront-CityPlace,77,Waterfront Communities-The Island (77),D52,629808.126,4832918.7453
9657,7889296,1386391,6/17/2013 8:00:00 AM,1430,DANFORTH Road,MACK Aven,,Minor Arterial,Scarborough,43.700145,-79.27269,,Traffic Signal,Clear,Daylight,Dry,Non-Fatal Injury,Angle,Vehicle Owner,unknown,None,,,Other,Unknown,,,,,,,,,,,Yes,,Yes,,,,,,,,,121,Oakridge,121,Oakridge (121),D41,639182.3603,4840018.2204
9658,7889297,1386391,6/17/2013 8:00:00 AM,1430,DANFORTH Road,MACK Aven,,Minor Arterial,Scarborough,43.700145,-79.27269,,Traffic Signal,Clear,Daylight,Dry,Non-Fatal Injury,Angle,Truck Driver,45 to 49,Minimal,,East,Truck - Open,Going Ahead,,,,,,,,,,,Yes,,Yes,,,,,,,,,121,Oakridge,121,Oakridge (121),D41,639182.3603,4840018.2204
9659,7889298,1386391,6/17/2013 8:00:00 AM,1430,DANFORTH Road,MACK Aven,,Minor Arterial,Scarborough,43.700145,-79.27269,,Traffic Signal,Clear,Daylight,Dry,Non-Fatal Injury,Angle,Vehicle Owner,unknown,None,,,Other,Unknown,,,,,,,,,,,Yes,,Yes,,,,,,,,,121,Oakridge,121,Oakridge (121),D41,639182.3603,4840018.2204
9660,7889299,1386391,6/17/2013 8:00:00 AM,1430,DANFORTH Road,MACK Aven,,Minor Arterial,Scarborough,43.700145,-79.27269,,Traffic Signal,Clear,Daylight,Dry,Non-Fatal Injury,Angle,Truck Driver,55 to 59,Major,,North,Truck - Open,Going Ahead,,,,,,,,,,,Yes,,Yes,,,,,,,,,121,Oakridge,121,Oakridge (121),D41,639182.3603,4840018.2204
9661,7889300,1386391,6/17/2013 8:00:00 AM,1430,DANFORTH Road,MACK Aven,,Minor Arterial,Scarborough,43.700145,-79.27269,,Traffic Signal,Clear,Daylight,Dry,Non-Fatal Injury,Angle,Driver,45 to 49,Major,,,"Automobile, Station Wagon",Stopped,,,,,,,,,,,Yes,,Yes,,,,,,,,,121,Oakridge,121,Oakridge (121),D41,639182.3603,4840018.2204
9662,7854502,1371625,6/18/2013 8:00:00 AM,846,VICTORIA PARK AVE,MORECAMBE GT,,Major Arterial,North York,43.798045,-79.33359,At Intersection,Traffic Signal,Clear,Daylight,Dry,Non-Fatal Injury,Pedestrian Collisions,Driver,25 to 29,None,,North,"Automobile, Station Wagon",Going Ahead,Driving Properly,Normal,,,,,,,Yes,,Yes,,,,,,,,,,,147,L'Amoreaux West,117,L'Amoreaux (117),D42,634056.3903,4850791.0482
9663,7854503,1371625,6/18/2013 8:00:00 AM,846,VICTORIA PARK AVE,MORECAMBE GT,,Major Arterial,North York,43.798045,-79.33359,At Intersection,Traffic Signal,Clear,Daylight,Dry,Non-Fatal Injury,Pedestrian Collisions,Pedestrian,60 to 64,Major,,West,Other,,,,Vehicle is going straight thru inter.while ped cross without ROW,Crossing without right of way,Inattentive,,,,Yes,,Yes,,,,,,,,,,,147,L'Amoreaux West,117,L'Amoreaux (117),D42,634056.3903,4850791.0482
9664,7855756,1372188,6/19/2013 8:00:00 AM,1117,STEELES AVE E,LESLIE ST,,Major Arterial,North York,43.808497,-79.372493,At Intersection,Traffic Signal,Clear,Daylight,Dry,Non-Fatal Injury,Turning Movement,Vehicle Owner,unknown,,,,Other,,,,,,,,,,,,Yes,,Yes,,,,,,,,,49,Bayview Woods-Steeles,49,Bayview Woods-Steeles (49),D33,630903.9302,4851889.6281
9665,7855757,1372188,6/19/2013 8:00:00 AM,1117,STEELES AVE E,LESLIE ST,,Major Arterial,North York,43.808497,-79.372493,At Intersection,Traffic Signal,Clear,Daylight,Dry,Non-Fatal Injury,Turning Movement,Truck Driver,25 to 29,Minimal,,East,Truck - Open,Going Ahead,Driving Properly,Normal,,,,,,,,,Yes,,Yes,,,,,,,,,49,Bayview Woods-Steeles,49,Bayview Woods-Steeles (49),D33,630903.9302,4851889.6281
9666,7855758,1372188,6/19/2013 8:00:00 AM,1117,STEELES AVE E,LESLIE ST,,Major Arterial,North York,43.808497,-79.372493,At Intersection,Traffic Signal,Clear,Daylight,Dry,Non-Fatal Injury,Turning Movement,Driver,70 to 74,Major,,West,"Automobile, Station Wagon",Turning Left,Improper Turn,Inattentive,,,,,,,,,Yes,,Yes,,,,,,,,,49,Bayview Woods-Steeles,49,Bayview Woods-Steeles (49),D33,630903.9302,4851889.6281
9667,7855759,1372188,6/19/2013 8:00:00 AM,1117,STEELES AVE E,LESLIE ST,,Major Arterial,North York,43.808497,-79.372493,At Intersection,Traffic Signal,Clear,Daylight,Dry,Non-Fatal Injury,Turning Movement,Other,unknown,None,,,Other,,,,,,,,,,,,Yes,,Yes,,,,,,,,,49,Bayview Woods-Steeles,49,Bayview Woods-Steeles (49),D33,630903.9302,4851889.6281
9668,7857523,1372923,6/19/2013 8:00:00 AM,1300,BROWNS Line,WHALEY Dr,,Major Arterial,Etobicoke York,43.60657,-79.547351,,No Control,Clear,Daylight,Dry,Non-Fatal Injury,Rear End,Passenger,85 to 89,Major,,,Other,,,,,,,,,,,,Yes,,,,,Yes,Yes,Yes,,,,20,Alderwood,20,Alderwood (20),D22,617232.587,4829201.0981
9669,7857524,1372923,6/19/2013 8:00:00 AM,1300,BROWNS Line,WHALEY Dr,,Major Arterial,Etobicoke York,43.60657,-79.547351,,No Control,Clear,Daylight,Dry,Non-Fatal Injury,Rear End,Vehicle Owner,unknown,,,,Other,,,,,,,,,,,,Yes,,,,,Yes,Yes,Yes,,,,20,Alderwood,20,Alderwood (20),D22,617232.587,4829201.0981
9670,7857525,1372923,6/19/2013 8:00:00 AM,1300,BROWNS Line,WHALEY Dr,,Major Arterial,Etobicoke York,43.60657,-79.547351,,No Control,Clear,Daylight,Dry,Non-Fatal Injury,Rear End,Driver,55 to 59,None,,North,"Automobile, Station Wagon",Going Ahead,Speed too Fast For Condition,Normal,,,,,,,,,Yes,,,,,Yes,Yes,Yes,,,,20,Alderwood,20,Alderwood (20),D22,617232.587,4829201.0981
9671,7857526,1372923,6/19/2013 8:00:00 AM,1300,BROWNS Line,WHALEY Dr,,Major Arterial,Etobicoke York,43.60657,-79.547351,,No Control,Clear,Daylight,Dry,Non-Fatal Injury,Rear End,Vehicle Owner,unknown,,,,Other,,,,,,,,,,,,Yes,,,,,Yes,Yes,Yes,,,,20,Alderwood,20,Alderwood (20),D22,617232.587,4829201.0981
9672,7857527,1372923,6/19/2013 8:00:00 AM,1300,BROWNS Line,WHALEY Dr,,Major Arterial,Etobicoke York,43.60657,-79.547351,,No Control,Clear,Daylight,Dry,Non-Fatal Injury,Rear End,Driver,80 to 84,None,,North,"Automobile, Station Wagon",Stopped,Driving Properly,Normal,,,,,,,,,Yes,,,,,Yes,Yes,Yes,,,,20,Alderwood,20,Alderwood (20),D22,617232.587,4829201.0981