OBJECTID,INDEX,ACCNUM,DATE,TIME,STREET1,STREET2,OFFSET,ROAD_CLASS,DISTRICT,LATITUDE,LONGITUDE,ACCLOC,TRAFFCTL,VISIBILITY,LIGHT,RDSFCOND,ACCLASS,IMPACTYPE,INVTYPE,INVAGE,INJURY,FATAL_NO,INITDIR,VEHTYPE,MANOEUVER,DRIVACT,DRIVCOND,PEDTYPE,PEDACT,PEDCOND,CYCLISTYPE,CYCACT,CYCCOND,PEDESTRIAN,CYCLIST,AUTOMOBILE,MOTORCYCLE,TRUCK,TRSN_CITY_VEH,EMERG_VEH,PASSENGER,SPEEDING,AG_DRIV,REDLIGHT,ALCOHOL,DISABILITY,HOOD_158,NEIGHBOURHOOD_158,HOOD_140,NEIGHBOURHOOD_140,DIVISION,x,y
9673,7857544,1372930,6/19/2013 8:00:00 AM,2200,DUFFERIN ST,SHANLY ST,,Major Arterial,Toronto and East York,43.662945,-79.43669,At Intersection,Traffic Signal,Clear,"Dark, artificial",Dry,Non-Fatal Injury,Rear End,Passenger,30 to 34,Major,,,Other,,,,,,,,,,,,Yes,,,,,Yes,,Yes,,,,171,Junction-Wallace Emerson,93,Dovercourt-Wallace Emerson-Junction (93),D11,626045.3891,4835624.4089
9674,7857545,1372930,6/19/2013 8:00:00 AM,2200,DUFFERIN ST,SHANLY ST,,Major Arterial,Toronto and East York,43.662945,-79.43669,At Intersection,Traffic Signal,Clear,"Dark, artificial",Dry,Non-Fatal Injury,Rear End,Vehicle Owner,unknown,,,,Other,,,,,,,,,,,,Yes,,,,,Yes,,Yes,,,,171,Junction-Wallace Emerson,93,Dovercourt-Wallace Emerson-Junction (93),D11,626045.3891,4835624.4089
9675,7857546,1372930,6/19/2013 8:00:00 AM,2200,DUFFERIN ST,SHANLY ST,,Major Arterial,Toronto and East York,43.662945,-79.43669,At Intersection,Traffic Signal,Clear,"Dark, artificial",Dry,Non-Fatal Injury,Rear End,Driver,35 to 39,Minor,,South,"Automobile, Station Wagon",Stopped,Driving Properly,Unknown,,,,,,,,,Yes,,,,,Yes,,Yes,,,,171,Junction-Wallace Emerson,93,Dovercourt-Wallace Emerson-Junction (93),D11,626045.3891,4835624.4089
9676,7857547,1372930,6/19/2013 8:00:00 AM,2200,DUFFERIN ST,SHANLY ST,,Major Arterial,Toronto and East York,43.662945,-79.43669,At Intersection,Traffic Signal,Clear,"Dark, artificial",Dry,Non-Fatal Injury,Rear End,Driver,25 to 29,Major,,South,"Automobile, Station Wagon",Going Ahead,Following too Close,Normal,,,,,,,,,Yes,,,,,Yes,,Yes,,,,171,Junction-Wallace Emerson,93,Dovercourt-Wallace Emerson-Junction (93),D11,626045.3891,4835624.4089
9677,7856318,1372437,6/20/2013 8:00:00 AM,1115,ST CLAIR AVE W,WELLS HILL AVE,,Major Arterial,Toronto and East York,43.683745,-79.41509,,No Control,Clear,Daylight,Dry,Non-Fatal Injury,Pedestrian Collisions,Vehicle Owner,unknown,,,,Other,,,,,,,,,,Yes,,Yes,,,,,,,,,,,96,Casa Loma,96,Casa Loma (96),D13,627742.8161,4837967.5708
9678,7856319,1372437,6/20/2013 8:00:00 AM,1115,ST CLAIR AVE W,WELLS HILL AVE,,Major Arterial,Toronto and East York,43.683745,-79.41509,,No Control,Clear,Daylight,Dry,Non-Fatal Injury,Pedestrian Collisions,Driver,50 to 54,None,,West,"Automobile, Station Wagon",Changing Lanes,Improper Lane Change,Normal,,,,,,,Yes,,Yes,,,,,,,,,,,96,Casa Loma,96,Casa Loma (96),D13,627742.8161,4837967.5708
9679,7856320,1372437,6/20/2013 8:00:00 AM,1115,ST CLAIR AVE W,WELLS HILL AVE,,Major Arterial,Toronto and East York,43.683745,-79.41509,,No Control,Clear,Daylight,Dry,Non-Fatal Injury,Pedestrian Collisions,Pedestrian,45 to 49,Major,,West,Other,,,,Pedestrian hit at mid-block,Person Getting on/off Vehicle,Normal,,,,Yes,,Yes,,,,,,,,,,,96,Casa Loma,96,Casa Loma (96),D13,627742.8161,4837967.5708
9680,7833783,1362811,6/20/2013 8:00:00 AM,1316,MARTIN GROVE RD,409 E MARTIN GROVE RAMP,,Major Arterial,Etobicoke York,43.697945,-79.57379,At Intersection,Traffic Signal,Clear,Daylight,Dry,Non-Fatal Injury,Cyclist Collisions,Vehicle Owner,unknown,,,,Other,,,,,,,,,,,Yes,Yes,,,,,,,,,,,1,West Humber-Clairville,1,West Humber-Clairville (1),D23,614924.4636,4839312.4703
9681,7833784,1362811,6/20/2013 8:00:00 AM,1316,MARTIN GROVE RD,409 E MARTIN GROVE RAMP,,Major Arterial,Etobicoke York,43.697945,-79.57379,At Intersection,Traffic Signal,Clear,Daylight,Dry,Non-Fatal Injury,Cyclist Collisions,Driver,50 to 54,None,,East,"Automobile, Station Wagon",Turning Right,Driving Properly,Normal,,,,,,,,Yes,Yes,,,,,,,,,,,1,West Humber-Clairville,1,West Humber-Clairville (1),D23,614924.4636,4839312.4703
9682,7833785,1362811,6/20/2013 8:00:00 AM,1316,MARTIN GROVE RD,409 E MARTIN GROVE RAMP,,Major Arterial,Etobicoke York,43.697945,-79.57379,At Intersection,Traffic Signal,Clear,Daylight,Dry,Non-Fatal Injury,Cyclist Collisions,Cyclist,55 to 59,Major,,North,Bicycle,Going Ahead,,,,,,"Cyclist without ROW rides into path of motorist at inter, lnwy, dwy-Cyclist not turn.",Disobeyed Traffic Control,Normal,,Yes,Yes,,,,,,,,,,,1,West Humber-Clairville,1,West Humber-Clairville (1),D23,614924.4636,4839312.4703
9683,7857645,1372963,6/21/2013 8:00:00 AM,1532,247 DAVENPORT Rd,,,Major Arterial,Toronto and East York,43.674456,-79.397746,,No Control,Clear,Daylight,Dry,Non-Fatal Injury,Sideswipe,Driver,65 to 69,None,,East,"Automobile, Station Wagon",Parked,Other,Normal,,,,,,,,Yes,Yes,,,,,,,,,,,95,Annex,95,Annex (95),D53,629160.676,4836962.7623
9684,7857646,1372963,6/21/2013 8:00:00 AM,1532,247 DAVENPORT Rd,,,Major Arterial,Toronto and East York,43.674456,-79.397746,,No Control,Clear,Daylight,Dry,Non-Fatal Injury,Sideswipe,Driver,50 to 54,None,,East,"Automobile, Station Wagon",Going Ahead,Driving Properly,Normal,,,,,,,,Yes,Yes,,,,,,,,,,,95,Annex,95,Annex (95),D53,629160.676,4836962.7623
9685,7857647,1372963,6/21/2013 8:00:00 AM,1532,247 DAVENPORT Rd,,,Major Arterial,Toronto and East York,43.674456,-79.397746,,No Control,Clear,Daylight,Dry,Non-Fatal Injury,Sideswipe,Moped Driver,50 to 54,Major,,East,Moped,Going Ahead,,,,,,,,,,Yes,Yes,,,,,,,,,,,95,Annex,95,Annex (95),D53,629160.676,4836962.7623
9686,7857412,1372876,6/21/2013 8:00:00 AM,1535,PINEWAY BLVD,BERNICK RD,,Local,North York,43.798345,-79.37519,At Intersection,Stop Sign,Clear,Daylight,Dry,Non-Fatal Injury,Pedestrian Collisions,Driver,40 to 44,None,,North,"Automobile, Station Wagon",Going Ahead,Failed to Yield Right of Way,Inattentive,,,,,,,Yes,,Yes,,,,,,,Yes,,,,49,Bayview Woods-Steeles,49,Bayview Woods-Steeles (49),D33,630709.1413,4850757.8241
9687,7857413,1372876,6/21/2013 8:00:00 AM,1535,PINEWAY BLVD,BERNICK RD,,Local,North York,43.798345,-79.37519,At Intersection,Stop Sign,Clear,Daylight,Dry,Non-Fatal Injury,Pedestrian Collisions,Pedestrian,10 to 14,Major,,Unknown,Other,,,,Vehicle is going straight thru inter.while ped cross with ROW,Crossing with right of way,Normal,,,,Yes,,Yes,,,,,,,Yes,,,,49,Bayview Woods-Steeles,49,Bayview Woods-Steeles (49),D33,630709.1413,4850757.8241
9688,7858688,1373423,6/22/2013 8:00:00 AM,1420,LAKE SHORE BLVD W,LOWER SIMCOE ST,,Expressway,Toronto and East York,43.640345,-79.38319,,Traffic Signal,Rain,Daylight,Wet,Non-Fatal Injury,Pedestrian Collisions,Driver,35 to 39,Minimal,,East,"Automobile, Station Wagon",Going Ahead,Lost control,Inattentive,,,,,,,Yes,,Yes,,,,,,,,,,,165,Harbourfront-CityPlace,77,Waterfront Communities-The Island (77),D52,630407.8957,4833197.0529
9689,7858689,1373423,6/22/2013 8:00:00 AM,1420,LAKE SHORE BLVD W,LOWER SIMCOE ST,,Expressway,Toronto and East York,43.640345,-79.38319,,Traffic Signal,Rain,Daylight,Wet,Non-Fatal Injury,Pedestrian Collisions,Driver,35 to 39,Major,,East,"Automobile, Station Wagon",Stopped,Driving Properly,Normal,,,,,,,Yes,,Yes,,,,,,,,,,,165,Harbourfront-CityPlace,77,Waterfront Communities-The Island (77),D52,630407.8957,4833197.0529
9690,7858690,1373423,6/22/2013 8:00:00 AM,1420,LAKE SHORE BLVD W,LOWER SIMCOE ST,,Expressway,Toronto and East York,43.640345,-79.38319,,Traffic Signal,Rain,Daylight,Wet,Non-Fatal Injury,Pedestrian Collisions,Pedestrian,unknown,Minimal,,North,Other,,,,Vehicle is going straight thru inter.while ped cross with ROW,Crossing with right of way,Normal,,,,Yes,,Yes,,,,,,,,,,,165,Harbourfront-CityPlace,77,Waterfront Communities-The Island (77),D52,630407.8957,4833197.0529
9691,7858691,1373423,6/22/2013 8:00:00 AM,1420,LAKE SHORE BLVD W,LOWER SIMCOE ST,,Expressway,Toronto and East York,43.640345,-79.38319,,Traffic Signal,Rain,Daylight,Wet,Non-Fatal Injury,Pedestrian Collisions,Pedestrian,25 to 29,Minimal,,North,Other,,,,Vehicle is going straight thru inter.while ped cross with ROW,Crossing with right of way,Normal,,,,Yes,,Yes,,,,,,,,,,,165,Harbourfront-CityPlace,77,Waterfront Communities-The Island (77),D52,630407.8957,4833197.0529
9692,7858692,1373423,6/22/2013 8:00:00 AM,1420,LAKE SHORE BLVD W,LOWER SIMCOE ST,,Expressway,Toronto and East York,43.640345,-79.38319,,Traffic Signal,Rain,Daylight,Wet,Non-Fatal Injury,Pedestrian Collisions,Pedestrian,20 to 24,Minor,,North,Other,,,,Vehicle is going straight thru inter.while ped cross with ROW,Crossing with right of way,Normal,,,,Yes,,Yes,,,,,,,,,,,165,Harbourfront-CityPlace,77,Waterfront Communities-The Island (77),D52,630407.8957,4833197.0529
9693,7858562,1373372,6/22/2013 8:00:00 AM,1820,KEELE St,ROGERS Rd,,Major Arterial,Etobicoke York,43.682128,-79.471584,At Intersection,Traffic Signal,Clear,Daylight,Dry,Non-Fatal Injury,SMV Other,Driver,70 to 74,Major,,East,"Automobile, Station Wagon",Going Ahead,Lost control,Medical or Physical Disability,,,,,,,,,Yes,,,,,,,Yes,,,Yes,110,Keelesdale-Eglinton West,110,Keelesdale-Eglinton West (110),D12,623192.7009,4837702.5154
9694,7858563,1373372,6/22/2013 8:00:00 AM,1820,KEELE St,ROGERS Rd,,Major Arterial,Etobicoke York,43.682128,-79.471584,At Intersection,Traffic Signal,Clear,Daylight,Dry,Non-Fatal Injury,SMV Other,Other Property Owner,unknown,,,,Other,,,,,,,,,,,,Yes,,,,,,,Yes,,,Yes,110,Keelesdale-Eglinton West,110,Keelesdale-Eglinton West (110),D12,623192.7009,4837702.5154
9695,7888883,1386246,6/23/2013 8:00:00 AM,1015,1491 LAKE SHORE BLVD W,,,Major Arterial,Toronto and East York,43.635951,-79.442912,Non Intersection,Stop Sign,Clear,Daylight,Dry,Non-Fatal Injury,Cyclist Collisions,Driver,40 to 44,None,,North,"Automobile, Station Wagon",Going Ahead,Failed to Yield Right of Way,Inattentive,,,,,,,,Yes,Yes,,,,,,,Yes,,,,85,South Parkdale,85,South Parkdale (85),D14,625599.9734,4832616.942
9696,7888884,1386246,6/23/2013 8:00:00 AM,1015,1491 LAKE SHORE BLVD W,,,Major Arterial,Toronto and East York,43.635951,-79.442912,Non Intersection,Stop Sign,Clear,Daylight,Dry,Non-Fatal Injury,Cyclist Collisions,Cyclist,25 to 29,Major,,West,Bicycle,Going Ahead,,,,,,"Motorist without ROW drives into path of cyclist at inter, lnwy, dwy-Driver not turn.",Driving Properly,Normal,,Yes,Yes,,,,,,,Yes,,,,85,South Parkdale,85,South Parkdale (85),D14,625599.9734,4832616.942
9697,7832454,1362257,6/23/2013 8:00:00 AM,1620,F G GARDINER XY  E,LAKE SHORE BLVD W,,Major Arterial,Toronto and East York,43.633645,-79.43659,,No Control,Clear,Daylight,Dry,Non-Fatal Injury,Rear End,Passenger,10 to 14,Major,,,Other,,,,,,,,,,,,Yes,,,,,Yes,,Yes,,,,85,South Parkdale,85,South Parkdale (85),D14,626114.7558,4832370.4168
9698,7832455,1362257,6/23/2013 8:00:00 AM,1620,F G GARDINER XY  E,LAKE SHORE BLVD W,,Major Arterial,Toronto and East York,43.633645,-79.43659,,No Control,Clear,Daylight,Dry,Non-Fatal Injury,Rear End,Driver,35 to 39,Minimal,,East,"Automobile, Station Wagon",Slowing or Stopping,Following too Close,Normal,,,,,,,,,Yes,,,,,Yes,,Yes,,,,85,South Parkdale,85,South Parkdale (85),D14,626114.7558,4832370.4168
9699,7832456,1362257,6/23/2013 8:00:00 AM,1620,F G GARDINER XY  E,LAKE SHORE BLVD W,,Major Arterial,Toronto and East York,43.633645,-79.43659,,No Control,Clear,Daylight,Dry,Non-Fatal Injury,Rear End,Passenger,0 to 4,None,,,Other,,,,,,,,,,,,Yes,,,,,Yes,,Yes,,,,85,South Parkdale,85,South Parkdale (85),D14,626114.7558,4832370.4168
9700,7832457,1362257,6/23/2013 8:00:00 AM,1620,F G GARDINER XY  E,LAKE SHORE BLVD W,,Major Arterial,Toronto and East York,43.633645,-79.43659,,No Control,Clear,Daylight,Dry,Non-Fatal Injury,Rear End,Passenger,35 to 39,Minimal,,,Other,,,,,,,,,,,,Yes,,,,,Yes,,Yes,,,,85,South Parkdale,85,South Parkdale (85),D14,626114.7558,4832370.4168
9701,7832458,1362257,6/23/2013 8:00:00 AM,1620,F G GARDINER XY  E,LAKE SHORE BLVD W,,Major Arterial,Toronto and East York,43.633645,-79.43659,,No Control,Clear,Daylight,Dry,Non-Fatal Injury,Rear End,Driver,35 to 39,None,,East,"Automobile, Station Wagon",Slowing or Stopping,Driving Properly,Normal,,,,,,,,,Yes,,,,,Yes,,Yes,,,,85,South Parkdale,85,South Parkdale (85),D14,626114.7558,4832370.4168
9702,7832459,1362257,6/23/2013 8:00:00 AM,1620,F G GARDINER XY  E,LAKE SHORE BLVD W,,Major Arterial,Toronto and East York,43.633645,-79.43659,,No Control,Clear,Daylight,Dry,Non-Fatal Injury,Rear End,Passenger,0 to 4,None,,,Other,,,,,,,,,,,,Yes,,,,,Yes,,Yes,,,,85,South Parkdale,85,South Parkdale (85),D14,626114.7558,4832370.4168
9703,7832460,1362257,6/23/2013 8:00:00 AM,1620,F G GARDINER XY  E,LAKE SHORE BLVD W,,Major Arterial,Toronto and East York,43.633645,-79.43659,,No Control,Clear,Daylight,Dry,Non-Fatal Injury,Rear End,Passenger,25 to 29,Minimal,,,Other,,,,,,,,,,,,Yes,,,,,Yes,,Yes,,,,85,South Parkdale,85,South Parkdale (85),D14,626114.7558,4832370.4168
9704,7832461,1362257,6/23/2013 8:00:00 AM,1620,F G GARDINER XY  E,LAKE SHORE BLVD W,,Major Arterial,Toronto and East York,43.633645,-79.43659,,No Control,Clear,Daylight,Dry,Non-Fatal Injury,Rear End,Driver,25 to 29,None,,East,"Automobile, Station Wagon",Stopped,Driving Properly,Normal,,,,,,,,,Yes,,,,,Yes,,Yes,,,,85,South Parkdale,85,South Parkdale (85),D14,626114.7558,4832370.4168
9705,7859534,1373775,6/24/2013 8:00:00 AM,1755,STEELES AVE E,STAINES RD,,Minor Arterial,Scarborough,43.841334,-79.230891,,No Control,Clear,Daylight,Dry,Non-Fatal Injury,Rear End,Driver,45 to 49,Major,,East,"Automobile, Station Wagon",Pulling Onto Shoulder or towardCurb,Lost control,Inattentive,,,,,,,,,Yes,,,,,Yes,,,,,,144,Morningside Heights,131,Rouge (131),D42,642215.4081,4855770.4924
9706,7859535,1373775,6/24/2013 8:00:00 AM,1755,STEELES AVE E,STAINES RD,,Minor Arterial,Scarborough,43.841334,-79.230891,,No Control,Clear,Daylight,Dry,Non-Fatal Injury,Rear End,Passenger,10 to 14,Minimal,,,Other,,,,,,,,,,,,Yes,,,,,Yes,,,,,,144,Morningside Heights,131,Rouge (131),D42,642215.4081,4855770.4924
9707,7859536,1373775,6/24/2013 8:00:00 AM,1755,STEELES AVE E,STAINES RD,,Minor Arterial,Scarborough,43.841334,-79.230891,,No Control,Clear,Daylight,Dry,Non-Fatal Injury,Rear End,Passenger,10 to 14,Minimal,,,Other,,,,,,,,,,,,Yes,,,,,Yes,,,,,,144,Morningside Heights,131,Rouge (131),D42,642215.4081,4855770.4924
9708,7859537,1373775,6/24/2013 8:00:00 AM,1755,STEELES AVE E,STAINES RD,,Minor Arterial,Scarborough,43.841334,-79.230891,,No Control,Clear,Daylight,Dry,Non-Fatal Injury,Rear End,Driver,40 to 44,Minimal,,East,"Automobile, Station Wagon",Going Ahead,Driving Properly,Normal,,,,,,,,,Yes,,,,,Yes,,,,,,144,Morningside Heights,131,Rouge (131),D42,642215.4081,4855770.4924
9709,7859538,1373775,6/24/2013 8:00:00 AM,1755,STEELES AVE E,STAINES RD,,Minor Arterial,Scarborough,43.841334,-79.230891,,No Control,Clear,Daylight,Dry,Non-Fatal Injury,Rear End,Other,unknown,None,,South,Other,Parked,,,,,,,,,,,Yes,,,,,Yes,,,,,,144,Morningside Heights,131,Rouge (131),D42,642215.4081,4855770.4924
9710,7858808,1373473,6/25/2013 8:00:00 AM,1725,QUEEN ST W,MC CAUL ST,,Major Arterial,Toronto and East York,43.650145,-79.38979,,No Control,Clear,Daylight,Dry,Non-Fatal Injury,Pedestrian Collisions,Cyclist,30 to 34,None,,East,Bicycle,Going Ahead,,,,,,Cyclist strikes pedestrian.,Driving Properly,Normal,Yes,Yes,,,,,,,,,,,,164,Wellington Place,77,Waterfront Communities-The Island (77),D52,629854.4331,4834275.1216
9711,7858809,1373473,6/25/2013 8:00:00 AM,1725,QUEEN ST W,MC CAUL ST,,Major Arterial,Toronto and East York,43.650145,-79.38979,,No Control,Clear,Daylight,Dry,Non-Fatal Injury,Pedestrian Collisions,Pedestrian,25 to 29,Major,,South,Other,,,,Vehicle is going straight thru inter.while ped cross without ROW,"Crossing, no Traffic Control",Unknown,,,,Yes,Yes,,,,,,,,,,,,164,Wellington Place,77,Waterfront Communities-The Island (77),D52,629854.4331,4834275.1216
9712,7859462,1373747,6/25/2013 8:00:00 AM,2126,1173 DAVENPORT RD,,,Minor Arterial,Toronto and East York,43.674491,-79.432575,Intersection Related,No Control,Clear,"Dusk, artificial",Dry,Non-Fatal Injury,Cyclist Collisions,Driver,30 to 34,None,,East,Pick Up Truck,Stopped,Other,Inattentive,,,,,,,,Yes,Yes,,,,,,,,,,,94,Wychwood,94,Wychwood (94),D13,626352.9447,4836913.0058
9713,7859463,1373747,6/25/2013 8:00:00 AM,2126,1173 DAVENPORT RD,,,Minor Arterial,Toronto and East York,43.674491,-79.432575,Intersection Related,No Control,Clear,"Dusk, artificial",Dry,Non-Fatal Injury,Cyclist Collisions,Cyclist,25 to 29,Major,,East,Bicycle,Going Ahead,,,,,,Cyclist struck opened vehicle door,Driving Properly,Normal,,Yes,Yes,,,,,,,,,,,94,Wychwood,94,Wychwood (94),D13,626352.9447,4836913.0058
9714,7841611,1366140,6/27/2013 8:00:00 AM,205,DAVENPORT Rd,CHRISTIE St,,Minor Arterial,Toronto and East York,43.675545,-79.42309,At Intersection,Traffic Signal,Clear,"Dark, artificial",Dry,Non-Fatal Injury,Cyclist Collisions,Driver,unknown,None,,West,"Automobile, Station Wagon",Going Ahead,Disobeyed Traffic Control,Unknown,,,,,,,,Yes,Yes,,,,,,,Yes,Yes,,,94,Wychwood,94,Wychwood (94),D13,627115.3295,4837044.5586
9715,7841612,1366140,6/27/2013 8:00:00 AM,205,DAVENPORT Rd,CHRISTIE St,,Minor Arterial,Toronto and East York,43.675545,-79.42309,At Intersection,Traffic Signal,Clear,"Dark, artificial",Dry,Non-Fatal Injury,Cyclist Collisions,Cyclist,50 to 54,Major,,North,Bicycle,Going Ahead,,,,,,"Motorist without ROW drives into path of cyclist at inter, lnwy, dwy-Driver not turn.",Driving Properly,Normal,,Yes,Yes,,,,,,,Yes,Yes,,,94,Wychwood,94,Wychwood (94),D13,627115.3295,4837044.5586
9716,7860896,1374340,6/27/2013 8:00:00 AM,900,KEELE St,ROGERS Rd,,Major Arterial,Etobicoke York,43.682145,-79.47159,At Intersection,Traffic Signal,Clear,Daylight,Dry,Non-Fatal Injury,Pedestrian Collisions,Driver,45 to 49,None,,South,"Automobile, Station Wagon",Turning Right,Failed to Yield Right of Way,Unknown,,,,,,,Yes,,Yes,,,,,,,Yes,,,,110,Keelesdale-Eglinton West,110,Keelesdale-Eglinton West (110),D12,623192.1825,4837704.3946
9717,7860897,1374340,6/27/2013 8:00:00 AM,900,KEELE St,ROGERS Rd,,Major Arterial,Etobicoke York,43.682145,-79.47159,At Intersection,Traffic Signal,Clear,Daylight,Dry,Non-Fatal Injury,Pedestrian Collisions,Pedestrian,75 to 79,Major,,East,Other,,,,Vehicle turns right while ped crosses with ROW at inter.,Crossing with right of way,Unknown,,,,Yes,,Yes,,,,,,,Yes,,,,110,Keelesdale-Eglinton West,110,Keelesdale-Eglinton West (110),D12,623192.1825,4837704.3946
9718,7834267,1363030,6/27/2013 8:00:00 AM,1025,DUNDAS ST W,CLOVERDALE MALL,,Major Arterial,Etobicoke York,43.628993,-79.55492,At Intersection,Traffic Signal,Clear,Daylight,Dry,Non-Fatal Injury,Pedestrian Collisions,Driver,40 to 44,None,,West,"Automobile, Station Wagon",Going Ahead,Failed to Yield Right of Way,Unknown,,,,,,,Yes,,Yes,,,,,,,Yes,,,,159,Etobicoke City Centre,14,Islington-City Centre West (14),D22,616578.4056,4831680.7873
9719,7834268,1363030,6/27/2013 8:00:00 AM,1025,DUNDAS ST W,CLOVERDALE MALL,,Major Arterial,Etobicoke York,43.628993,-79.55492,At Intersection,Traffic Signal,Clear,Daylight,Dry,Non-Fatal Injury,Pedestrian Collisions,Pedestrian,50 to 54,Major,,North,Other,,,,Vehicle is going straight thru inter.while ped cross with ROW,Crossing with right of way,Unknown,,,,Yes,,Yes,,,,,,,Yes,,,,159,Etobicoke City Centre,14,Islington-City Centre West (14),D22,616578.4056,4831680.7873
9720,7860781,1374300,6/27/2013 8:00:00 AM,1215,BLOOR ST W,MILL RD,,Major Arterial,Etobicoke York,43.631345,-79.57679,,No Control,Clear,Daylight,Dry,Non-Fatal Injury,Pedestrian Collisions,Driver,15 to 19,None,,East,"Automobile, Station Wagon",Other,Lost control,Fatigue,,,,,,,Yes,,Yes,,,,,,,,,,,12,Markland Wood,12,Markland Wood (12),D22,614809.6036,4831911.5282
9721,7860782,1374300,6/27/2013 8:00:00 AM,1215,BLOOR ST W,MILL RD,,Major Arterial,Etobicoke York,43.631345,-79.57679,,No Control,Clear,Daylight,Dry,Non-Fatal Injury,Pedestrian Collisions,Pedestrian,25 to 29,Major,,East,Other,,,,Pedestrian hit at mid-block,Other,Normal,,,,Yes,,Yes,,,,,,,,,,,12,Markland Wood,12,Markland Wood (12),D22,614809.6036,4831911.5282
9722,7834394,1363081,6/27/2013 8:00:00 AM,2201,DANFORTH RD,HUNTINGTON AVE,,Major Arterial,Scarborough,43.727782,-79.252467,,No Control,Clear,Dark,Dry,Non-Fatal Injury,Pedestrian Collisions,Pedestrian,unknown,Major,,North,Other,Other,,,,,,,,,Yes,,Yes,,,,,,,,,,,124,Kennedy Park,124,Kennedy Park (124),D41,640747.1825,4843121.8624
9723,7834395,1363081,6/27/2013 8:00:00 AM,2201,DANFORTH RD,HUNTINGTON AVE,,Major Arterial,Scarborough,43.727782,-79.252467,,No Control,Clear,Dark,Dry,Non-Fatal Injury,Pedestrian Collisions,Driver,unknown,None,,West,"Automobile, Station Wagon",Going Ahead,,,,,,,,,Yes,,Yes,,,,,,,,,,,124,Kennedy Park,124,Kennedy Park (124),D41,640747.1825,4843121.8624
9724,7861089,1374422,6/29/2013 8:00:00 AM,2220,LAKE SHORE Blvd W,REMEMBRANCE Dr,,Major Arterial,Toronto and East York,43.634406,-79.408748,At Intersection,Traffic Signal,Clear,"Dark, artificial",Dry,Non-Fatal Injury,Turning Movement,Passenger,25 to 29,Minor,,,Other,,,,,,,,,,,,Yes,Yes,,,,Yes,,,,,,163,Fort York-Liberty Village,82,Niagara (82),D14,628359.0742,4832497.6117
9725,7861090,1374422,6/29/2013 8:00:00 AM,2220,LAKE SHORE Blvd W,REMEMBRANCE Dr,,Major Arterial,Toronto and East York,43.634406,-79.408748,At Intersection,Traffic Signal,Clear,"Dark, artificial",Dry,Non-Fatal Injury,Turning Movement,Motorcycle Driver,35 to 39,Major,,East,Motorcycle,Going Ahead,Driving Properly,Normal,,,,,,,,,Yes,Yes,,,,Yes,,,,,,163,Fort York-Liberty Village,82,Niagara (82),D14,628359.0742,4832497.6117
9726,7861091,1374422,6/29/2013 8:00:00 AM,2220,LAKE SHORE Blvd W,REMEMBRANCE Dr,,Major Arterial,Toronto and East York,43.634406,-79.408748,At Intersection,Traffic Signal,Clear,"Dark, artificial",Dry,Non-Fatal Injury,Turning Movement,Vehicle Owner,unknown,,,,Other,,,,,,,,,,,,Yes,Yes,,,,Yes,,,,,,163,Fort York-Liberty Village,82,Niagara (82),D14,628359.0742,4832497.6117
9727,7861092,1374422,6/29/2013 8:00:00 AM,2220,LAKE SHORE Blvd W,REMEMBRANCE Dr,,Major Arterial,Toronto and East York,43.634406,-79.408748,At Intersection,Traffic Signal,Clear,"Dark, artificial",Dry,Non-Fatal Injury,Turning Movement,Driver,40 to 44,Minimal,,West,"Automobile, Station Wagon",Making U Turn,Improper Turn,Inattentive,,,,,,,,,Yes,Yes,,,,Yes,,,,,,163,Fort York-Liberty Village,82,Niagara (82),D14,628359.0742,4832497.6117
9728,7835481,1363559,6/30/2013 8:00:00 AM,1243,FINCH AVE W,OAKDALE RD,,Major Arterial,Etobicoke York,43.755945,-79.52429,At Intersection,Traffic Signal,Clear,Daylight,Dry,Non-Fatal Injury,Pedestrian Collisions,Driver,40 to 44,None,,North,"Automobile, Station Wagon",Turning Left,Failed to Yield Right of Way,Normal,,,,,,,Yes,,Yes,,,,,,,Yes,,,,24,Black Creek,24,Black Creek (24),D31,618798.5119,4845823.9901
9729,7835482,1363559,6/30/2013 8:00:00 AM,1243,FINCH AVE W,OAKDALE RD,,Major Arterial,Etobicoke York,43.755945,-79.52429,At Intersection,Traffic Signal,Clear,Daylight,Dry,Non-Fatal Injury,Pedestrian Collisions,Pedestrian,85 to 89,Major,,South,Other,,,,Vehicle turns left while ped crosses without ROW at inter.,Crossing without right of way,Medical or Physical Disability,,,,Yes,,Yes,,,,,,,Yes,,,,24,Black Creek,24,Black Creek (24),D31,618798.5119,4845823.9901
9730,7863456,1375460,7/3/2013 8:00:00 AM,25,YORK MILLS RD,PARKWOODS VILLAGE DR,,Major Arterial,North York,43.761538,-79.323894,At Intersection,No Control,Clear,Dark,Dry,Non-Fatal Injury,SMV Other,Motorcycle Driver,20 to 24,Major,,North,Motorcycle,Going Ahead,Lost control,"Ability Impaired, Alcohol Over .08",,,,,,,,,,Yes,,,,,,Yes,,Yes,,150,Fenside-Parkwoods,45,Parkwoods-Donalda (45),D33,634918.4956,4846752.1287