OBJECTID,INDEX,ACCNUM,DATE,TIME,STREET1,STREET2,OFFSET,ROAD_CLASS,DISTRICT,LATITUDE,LONGITUDE,ACCLOC,TRAFFCTL,VISIBILITY,LIGHT,RDSFCOND,ACCLASS,IMPACTYPE,INVTYPE,INVAGE,INJURY,FATAL_NO,INITDIR,VEHTYPE,MANOEUVER,DRIVACT,DRIVCOND,PEDTYPE,PEDACT,PEDCOND,CYCLISTYPE,CYCACT,CYCCOND,PEDESTRIAN,CYCLIST,AUTOMOBILE,MOTORCYCLE,TRUCK,TRSN_CITY_VEH,EMERG_VEH,PASSENGER,SPEEDING,AG_DRIV,REDLIGHT,ALCOHOL,DISABILITY,HOOD_158,NEIGHBOURHOOD_158,HOOD_140,NEIGHBOURHOOD_140,DIVISION,x,y
9731,7842183,1366347,7/3/2013 8:00:00 AM,1319,LAKE SHORE BLVD W,BAY ST,,Major Arterial,Toronto and East York,43.642996,-79.377811,,Traffic Signal,Clear,Daylight,Dry,Fatal,Pedestrian Collisions,Vehicle Owner,unknown,,,,,,,,,,,,,,Yes,,Yes,,,,,Yes,,Yes,,,,166,St Lawrence-East Bayfront-The Islands,77,Waterfront Communities-The Island (77),D52,630836.0026,4833499.9464
9732,7842184,1366347,7/3/2013 8:00:00 AM,1319,LAKE SHORE BLVD W,BAY ST,,Major Arterial,Toronto and East York,43.642996,-79.377811,,Traffic Signal,Clear,Daylight,Dry,Fatal,Pedestrian Collisions,Driver,65 to 69,Major,,West,"Automobile, Station Wagon",Going Ahead,Driving Properly,Normal,,,,,,,Yes,,Yes,,,,,Yes,,Yes,,,,166,St Lawrence-East Bayfront-The Islands,77,Waterfront Communities-The Island (77),D52,630836.0026,4833499.9464
9733,7842185,1366347,7/3/2013 8:00:00 AM,1319,LAKE SHORE BLVD W,BAY ST,,Major Arterial,Toronto and East York,43.642996,-79.377811,,Traffic Signal,Clear,Daylight,Dry,Fatal,Pedestrian Collisions,Passenger,50 to 54,Minor,,,,,,,,,,,,,Yes,,Yes,,,,,Yes,,Yes,,,,166,St Lawrence-East Bayfront-The Islands,77,Waterfront Communities-The Island (77),D52,630836.0026,4833499.9464
9734,7842186,1366347,7/3/2013 8:00:00 AM,1319,LAKE SHORE BLVD W,BAY ST,,Major Arterial,Toronto and East York,43.642996,-79.377811,,Traffic Signal,Clear,Daylight,Dry,Fatal,Pedestrian Collisions,Passenger,65 to 69,None,,,,,,,,,,,,,Yes,,Yes,,,,,Yes,,Yes,,,,166,St Lawrence-East Bayfront-The Islands,77,Waterfront Communities-The Island (77),D52,630836.0026,4833499.9464
9735,7842187,1366347,7/3/2013 8:00:00 AM,1319,LAKE SHORE BLVD W,BAY ST,,Major Arterial,Toronto and East York,43.642996,-79.377811,,Traffic Signal,Clear,Daylight,Dry,Fatal,Pedestrian Collisions,Driver,50 to 54,Minor,,West,"Automobile, Station Wagon",Changing Lanes,Improper Lane Change,Inattentive,,,,,,,Yes,,Yes,,,,,Yes,,Yes,,,,166,St Lawrence-East Bayfront-The Islands,77,Waterfront Communities-The Island (77),D52,630836.0026,4833499.9464
9736,7842188,1366347,7/3/2013 8:00:00 AM,1319,LAKE SHORE BLVD W,BAY ST,,Major Arterial,Toronto and East York,43.642996,-79.377811,,Traffic Signal,Clear,Daylight,Dry,Fatal,Pedestrian Collisions,Pedestrian,5 to 9,Minor,,North,,,,,Pedestrian hit on sidewalk or shoulder,On Sidewalk or Shoulder,Unknown,,,,Yes,,Yes,,,,,Yes,,Yes,,,,166,St Lawrence-East Bayfront-The Islands,77,Waterfront Communities-The Island (77),D52,630836.0026,4833499.9464
9737,7842189,1366347,7/3/2013 8:00:00 AM,1319,LAKE SHORE BLVD W,BAY ST,,Major Arterial,Toronto and East York,43.642996,-79.377811,,Traffic Signal,Clear,Daylight,Dry,Fatal,Pedestrian Collisions,Pedestrian,15 to 19,Minor,,North,,,,,Pedestrian hit on sidewalk or shoulder,On Sidewalk or Shoulder,Unknown,,,,Yes,,Yes,,,,,Yes,,Yes,,,,166,St Lawrence-East Bayfront-The Islands,77,Waterfront Communities-The Island (77),D52,630836.0026,4833499.9464
9738,7842190,1366347,7/3/2013 8:00:00 AM,1319,LAKE SHORE BLVD W,BAY ST,,Major Arterial,Toronto and East York,43.642996,-79.377811,,Traffic Signal,Clear,Daylight,Dry,Fatal,Pedestrian Collisions,Pedestrian,40 to 44,Minor,,North,,,,,Pedestrian hit on sidewalk or shoulder,On Sidewalk or Shoulder,Unknown,,,,Yes,,Yes,,,,,Yes,,Yes,,,,166,St Lawrence-East Bayfront-The Islands,77,Waterfront Communities-The Island (77),D52,630836.0026,4833499.9464
9739,7842191,1366347,7/3/2013 8:00:00 AM,1319,LAKE SHORE BLVD W,BAY ST,,Major Arterial,Toronto and East York,43.642996,-79.377811,,Traffic Signal,Clear,Daylight,Dry,Fatal,Pedestrian Collisions,Pedestrian,55 to 59,Major,,North,,,,,Pedestrian hit on sidewalk or shoulder,On Sidewalk or Shoulder,Unknown,,,,Yes,,Yes,,,,,Yes,,Yes,,,,166,St Lawrence-East Bayfront-The Islands,77,Waterfront Communities-The Island (77),D52,630836.0026,4833499.9464
9740,7842192,1366347,7/3/2013 8:00:00 AM,1319,LAKE SHORE BLVD W,BAY ST,,Major Arterial,Toronto and East York,43.642996,-79.377811,,Traffic Signal,Clear,Daylight,Dry,Fatal,Pedestrian Collisions,Pedestrian,70 to 74,Fatal,19,North,,,,,Pedestrian hit on sidewalk or shoulder,On Sidewalk or Shoulder,Unknown,,,,Yes,,Yes,,,,,Yes,,Yes,,,,166,St Lawrence-East Bayfront-The Islands,77,Waterfront Communities-The Island (77),D52,630836.0026,4833499.9464
9741,7842193,1366347,7/3/2013 8:00:00 AM,1319,LAKE SHORE BLVD W,BAY ST,,Major Arterial,Toronto and East York,43.642996,-79.377811,,Traffic Signal,Clear,Daylight,Dry,Fatal,Pedestrian Collisions,Pedestrian,45 to 49,Minimal,,North,,,,,Pedestrian hit on sidewalk or shoulder,On Sidewalk or Shoulder,Unknown,,,,Yes,,Yes,,,,,Yes,,Yes,,,,166,St Lawrence-East Bayfront-The Islands,77,Waterfront Communities-The Island (77),D52,630836.0026,4833499.9464
9742,7842194,1366347,7/3/2013 8:00:00 AM,1319,LAKE SHORE BLVD W,BAY ST,,Major Arterial,Toronto and East York,43.642996,-79.377811,,Traffic Signal,Clear,Daylight,Dry,Fatal,Pedestrian Collisions,Pedestrian,70 to 74,Major,,North,,,,,Pedestrian hit on sidewalk or shoulder,On Sidewalk or Shoulder,Unknown,,,,Yes,,Yes,,,,,Yes,,Yes,,,,166,St Lawrence-East Bayfront-The Islands,77,Waterfront Communities-The Island (77),D52,630836.0026,4833499.9464
9743,7835426,1363537,7/3/2013 8:00:00 AM,2105,98 HAVENDALE RD,,,Collector,Scarborough,43.792746,-79.284488,,No Control,Clear,Dark,Dry,Fatal,SMV Other,Motorcycle Driver,25 to 29,Fatal,18,West,Motorcycle,Going Ahead,Lost control,Unknown,,,,,,,,,Yes,Yes,,,,,Yes,Yes,,,,128,Agincourt South-Malvern West,128,Agincourt South-Malvern West (128),D42,638018.7018,4850283.2196
9744,7835427,1363537,7/3/2013 8:00:00 AM,2105,98 HAVENDALE RD,,,Collector,Scarborough,43.792746,-79.284488,,No Control,Clear,Dark,Dry,Fatal,SMV Other,Other,unknown,None,,Unknown,"Automobile, Station Wagon",Parked,,,,,,,,,,,Yes,Yes,,,,,Yes,Yes,,,,128,Agincourt South-Malvern West,128,Agincourt South-Malvern West (128),D42,638018.7018,4850283.2196
9745,7835428,1363537,7/3/2013 8:00:00 AM,2105,98 HAVENDALE RD,,,Collector,Scarborough,43.792746,-79.284488,,No Control,Clear,Dark,Dry,Fatal,SMV Other,,unknown,,,,,,,,,,,,,,,,Yes,Yes,,,,,Yes,Yes,,,,128,Agincourt South-Malvern West,128,Agincourt South-Malvern West (128),D42,638018.7018,4850283.2196
9746,7864312,1375838,7/4/2013 8:00:00 AM,1444,QUEENS QUAY E,LOWER JARVIS ST,,Minor Arterial,Toronto and East York,43.643866,-79.368961,At Intersection,Traffic Signal,Clear,Daylight,Dry,Non-Fatal Injury,Cyclist Collisions,Driver,30 to 34,None,,East,"Automobile, Station Wagon",Turning Left,Failed to Yield Right of Way,Normal,,,,,,,,Yes,Yes,,,,,,,Yes,,,,166,St Lawrence-East Bayfront-The Islands,77,Waterfront Communities-The Island (77),D51,631547.8992,4833610.5608
9747,7864313,1375838,7/4/2013 8:00:00 AM,1444,QUEENS QUAY E,LOWER JARVIS ST,,Minor Arterial,Toronto and East York,43.643866,-79.368961,At Intersection,Traffic Signal,Clear,Daylight,Dry,Non-Fatal Injury,Cyclist Collisions,Cyclist,50 to 54,Major,,West,Bicycle,Going Ahead,,,,,,Motorist turned left across cyclists path.,Disobeyed Traffic Control,Normal,,Yes,Yes,,,,,,,Yes,,,,166,St Lawrence-East Bayfront-The Islands,77,Waterfront Communities-The Island (77),D51,631547.8992,4833610.5608
9748,7836745,1364079,7/5/2013 8:00:00 AM,2248,MCCOWAN RD,LAWRENCE AVE E,,Major Arterial,Scarborough,43.755545,-79.245387,At Intersection,Traffic Signal,Clear,"Dark, artificial",Dry,Fatal,Pedestrian Collisions,Driver,55 to 59,None,,North,"Automobile, Station Wagon",Going Ahead,Driving Properly,Normal,,,,,,,Yes,,Yes,,,,,,,,,,,157,Bendale South,127,Bendale (127),D43,641252.1072,4846217.4131
9749,7836746,1364079,7/5/2013 8:00:00 AM,2248,MCCOWAN RD,LAWRENCE AVE E,,Major Arterial,Scarborough,43.755545,-79.245387,At Intersection,Traffic Signal,Clear,"Dark, artificial",Dry,Fatal,Pedestrian Collisions,Pedestrian,75 to 79,Fatal,20,East,,,,,Vehicle is going straight thru inter.while ped cross without ROW,Crossing without right of way,Had Been Drinking,,,,Yes,,Yes,,,,,,,,,,,157,Bendale South,127,Bendale (127),D43,641252.1072,4846217.4131
9750,7837046,1364208,7/6/2013 8:00:00 AM,2023,DUNDAS ST E,POULETT ST,,Major Arterial,Toronto and East York,43.659245,-79.36669,,No Control,Clear,Daylight,Dry,Non-Fatal Injury,Pedestrian Collisions,Driver,45 to 49,None,,East,Municipal Transit Bus (TTC),Slowing or Stopping,Driving Properly,Normal,,,,,,,Yes,,,,,Yes,,,,,,,,73,Moss Park,73,Moss Park (73),D51,631697.4451,4835322.2035
9751,7837047,1364208,7/6/2013 8:00:00 AM,2023,DUNDAS ST E,POULETT ST,,Major Arterial,Toronto and East York,43.659245,-79.36669,,No Control,Clear,Daylight,Dry,Non-Fatal Injury,Pedestrian Collisions,Pedestrian,55 to 59,Major,,North,Other,,,,Pedestrian involved in a collision with transit vehicle anywhere along roadway,Running onto Roadway,Unknown,,,,Yes,,,,,Yes,,,,,,,,73,Moss Park,73,Moss Park (73),D51,631697.4451,4835322.2035
9752,7837048,1364208,7/6/2013 8:00:00 AM,2023,DUNDAS ST E,POULETT ST,,Major Arterial,Toronto and East York,43.659245,-79.36669,,No Control,Clear,Daylight,Dry,Non-Fatal Injury,Pedestrian Collisions,Vehicle Owner,unknown,,,,Other,,,,,,,,,,Yes,,,,,Yes,,,,,,,,73,Moss Park,73,Moss Park (73),D51,631697.4451,4835322.2035
9753,7861168,1374452,7/8/2013 8:00:00 AM,945,SUTHERLAND DR,MCRAE DR,,Collector,North York,43.708598,-79.365428,At Intersection,Stop Sign,Clear,Daylight,Dry,Non-Fatal Injury,Cyclist Collisions,Driver,55 to 59,None,,West,Pick Up Truck,Going Ahead,Failed to Yield Right of Way,Normal,,,,,,,,Yes,Yes,,,,,,,Yes,,,,56,Leaside-Bennington,56,Leaside-Bennington (56),D53,631691.1697,4840805.5372
9754,7861169,1374452,7/8/2013 8:00:00 AM,945,SUTHERLAND DR,MCRAE DR,,Collector,North York,43.708598,-79.365428,At Intersection,Stop Sign,Clear,Daylight,Dry,Non-Fatal Injury,Cyclist Collisions,Cyclist,25 to 29,Major,,North,Bicycle,Going Ahead,,,,,,"Motorist without ROW drives into path of cyclist at inter, lnwy, dwy-Driver not turn.",Driving Properly,Normal,,Yes,Yes,,,,,,,Yes,,,,56,Leaside-Bennington,56,Leaside-Bennington (56),D53,631691.1697,4840805.5372
9755,7837531,1364430,7/8/2013 8:00:00 AM,1715,MCCOWAN RD,KENHATCH BLVD,,Major Arterial,Scarborough,43.801444,-79.263789,,Traffic Signal,Rain,Daylight,Wet,Fatal,Pedestrian Collisions,Vehicle Owner,unknown,,,,,,,,,,,,,,Yes,,,,,Yes,,,,,,,,129,Agincourt North,129,Agincourt North (129),D42,639663.7575,4851283.9978
9756,7837532,1364430,7/8/2013 8:00:00 AM,1715,MCCOWAN RD,KENHATCH BLVD,,Major Arterial,Scarborough,43.801444,-79.263789,,Traffic Signal,Rain,Daylight,Wet,Fatal,Pedestrian Collisions,Driver,50 to 54,None,,South,Municipal Transit Bus (TTC),Going Ahead,Driving Properly,Normal,,,,,,,Yes,,,,,Yes,,,,,,,,129,Agincourt North,129,Agincourt North (129),D42,639663.7575,4851283.9978
9757,7837533,1364430,7/8/2013 8:00:00 AM,1715,MCCOWAN RD,KENHATCH BLVD,,Major Arterial,Scarborough,43.801444,-79.263789,,Traffic Signal,Rain,Daylight,Wet,Fatal,Pedestrian Collisions,Pedestrian,65 to 69,Fatal,24,East,,,,,Pedestrian involved in a collision with transit vehicle anywhere along roadway,Crossing without right of way,Inattentive,,,,Yes,,,,,Yes,,,,,,,,129,Agincourt North,129,Agincourt North (129),D42,639663.7575,4851283.9978
9758,7866503,1376797,7/8/2013 8:00:00 AM,2106,LAWRENCE AVE W,PINE ST,,Major Arterial,Etobicoke York,43.701968,-79.508319,At Intersection,Traffic Signal,Rain,Dark,Wet,Non-Fatal Injury,Pedestrian Collisions,Driver,65 to 69,None,,West,"Automobile, Station Wagon",Going Ahead,Failed to Yield Right of Way,Inattentive,,,,,,,Yes,,Yes,,,,,,,Yes,,,,113,Weston,113,Weston (113),D12,620192.1405,4839852.1076
9759,7866504,1376797,7/8/2013 8:00:00 AM,2106,LAWRENCE AVE W,PINE ST,,Major Arterial,Etobicoke York,43.701968,-79.508319,At Intersection,Traffic Signal,Rain,Dark,Wet,Non-Fatal Injury,Pedestrian Collisions,Pedestrian,65 to 69,Major,,North,Other,,,,Vehicle is going straight thru inter.while ped cross with ROW,Crossing with right of way,Normal,,,,Yes,,Yes,,,,,,,Yes,,,,113,Weston,113,Weston (113),D12,620192.1405,4839852.1076
9760,7866760,1376894,7/9/2013 8:00:00 AM,1627,CHURCH ST,HAYDEN ST,,Minor Arterial,Toronto and East York,43.670149,-79.3828,At Intersection,Stop Sign,Clear,Daylight,Dry,Non-Fatal Injury,Pedestrian Collisions,Driver,45 to 49,None,,West,"Automobile, Station Wagon",Turning Left,Driving Properly,Normal,,,,,,,Yes,,Yes,,,,,,,,,,,167,Church-Wellesley,75,Church-Yonge Corridor (75),D51,630374.8391,4836507.7934
9761,7866761,1376894,7/9/2013 8:00:00 AM,1627,CHURCH ST,HAYDEN ST,,Minor Arterial,Toronto and East York,43.670149,-79.3828,At Intersection,Stop Sign,Clear,Daylight,Dry,Non-Fatal Injury,Pedestrian Collisions,Pedestrian,40 to 44,Major,,East,Other,,,,Vehicle turns left while ped crosses without ROW at inter.,Crossing without right of way,Normal,,,,Yes,,Yes,,,,,,,,,,,167,Church-Wellesley,75,Church-Yonge Corridor (75),D51,630374.8391,4836507.7934
9762,7866833,1376926,7/9/2013 8:00:00 AM,1758,244 CALEDONIA Rd,,,Minor Arterial,Toronto and East York,43.682246,-79.457691,,No Control,Clear,Daylight,Dry,Non-Fatal Injury,Pedestrian Collisions,Driver,25 to 29,None,,South,"Automobile, Station Wagon",Going Ahead,Driving Properly,Normal,,,,,,,Yes,,Yes,,,,,,,,,,,109,Caledonia-Fairbank,109,Caledonia-Fairbank (109),D13,624312.2646,4837736.3509
9763,7866834,1376926,7/9/2013 8:00:00 AM,1758,244 CALEDONIA Rd,,,Minor Arterial,Toronto and East York,43.682246,-79.457691,,No Control,Clear,Daylight,Dry,Non-Fatal Injury,Pedestrian Collisions,Pedestrian,70 to 74,Major,,East,Other,,,,Pedestrian hit at mid-block,"Crossing, no Traffic Control",Inattentive,,,,Yes,,Yes,,,,,,,,,,,109,Caledonia-Fairbank,109,Caledonia-Fairbank (109),D13,624312.2646,4837736.3509
9764,7866573,1376821,7/9/2013 8:00:00 AM,1830,REXDALE BLVD,QUEENS PLATE DR,,Major Arterial,Etobicoke York,43.719145,-79.603442,At Intersection,Traffic Signal,Clear,Daylight,Dry,Non-Fatal Injury,Turning Movement,Vehicle Owner,unknown,,,,Other,,,,,,,,,,,,Yes,,Yes,,,,,Yes,,,,1,West Humber-Clairville,1,West Humber-Clairville (1),D23,612495.4151,4841626.3484
9765,7866574,1376821,7/9/2013 8:00:00 AM,1830,REXDALE BLVD,QUEENS PLATE DR,,Major Arterial,Etobicoke York,43.719145,-79.603442,At Intersection,Traffic Signal,Clear,Daylight,Dry,Non-Fatal Injury,Turning Movement,Truck Driver,20 to 24,None,,East,Truck - Open,Going Ahead,Driving Properly,Normal,,,,,,,,,Yes,,Yes,,,,,Yes,,,,1,West Humber-Clairville,1,West Humber-Clairville (1),D23,612495.4151,4841626.3484
9766,7866575,1376821,7/9/2013 8:00:00 AM,1830,REXDALE BLVD,QUEENS PLATE DR,,Major Arterial,Etobicoke York,43.719145,-79.603442,At Intersection,Traffic Signal,Clear,Daylight,Dry,Non-Fatal Injury,Turning Movement,Driver,50 to 54,Major,,West,"Automobile, Station Wagon",Turning Left,Failed to Yield Right of Way,Inattentive,,,,,,,,,Yes,,Yes,,,,,Yes,,,,1,West Humber-Clairville,1,West Humber-Clairville (1),D23,612495.4151,4841626.3484
9767,7841568,1366122,7/11/2013 8:00:00 AM,1939,BROADVIEW Ave,DANFORTH Ave,,Minor Arterial,Toronto and East York,43.676545,-79.35889,,No Control,Clear,Daylight,Dry,Non-Fatal Injury,Pedestrian Collisions,Pedestrian,unknown,None,,East,"Automobile, Station Wagon",Going Ahead,,,Pedestrian hit at mid-block,"Crossing, no Traffic Control",Inattentive,,,,Yes,Yes,Yes,,,,,,,,,,,67,Playter Estates-Danforth,67,Playter Estates-Danforth (67),D55,632288.3732,4837256.0124
9768,7841569,1366122,7/11/2013 8:00:00 AM,1939,BROADVIEW Ave,DANFORTH Ave,,Minor Arterial,Toronto and East York,43.676545,-79.35889,,No Control,Clear,Daylight,Dry,Non-Fatal Injury,Pedestrian Collisions,Cyclist,35 to 39,Major,,South,Bicycle,Going Ahead,,,,,,Cyclist strikes pedestrian.,Driving Properly,Normal,Yes,Yes,Yes,,,,,,,,,,,67,Playter Estates-Danforth,67,Playter Estates-Danforth (67),D55,632288.3732,4837256.0124
9769,7839648,1365311,7/11/2013 8:00:00 AM,1959,WILSON HEIGHTS BLVD,WATERLOO AVE,,Collector,North York,43.755345,-79.45989,At Intersection,Traffic Signal,Clear,Dusk,Dry,Non-Fatal Injury,Pedestrian Collisions,Vehicle Owner,unknown,,,,Other,,,,,,,,,,Yes,,Yes,,,,,,,Yes,,,,34,Bathurst Manor,34,Bathurst Manor (34),D32,623984.1612,4845851.7356
9770,7839649,1365311,7/11/2013 8:00:00 AM,1959,WILSON HEIGHTS BLVD,WATERLOO AVE,,Collector,North York,43.755345,-79.45989,At Intersection,Traffic Signal,Clear,Dusk,Dry,Non-Fatal Injury,Pedestrian Collisions,Driver,45 to 49,None,,North,"Automobile, Station Wagon",Turning Left,Failed to Yield Right of Way,Inattentive,,,,,,,Yes,,Yes,,,,,,,Yes,,,,34,Bathurst Manor,34,Bathurst Manor (34),D32,623984.1612,4845851.7356
9771,7839650,1365311,7/11/2013 8:00:00 AM,1959,WILSON HEIGHTS BLVD,WATERLOO AVE,,Collector,North York,43.755345,-79.45989,At Intersection,Traffic Signal,Clear,Dusk,Dry,Non-Fatal Injury,Pedestrian Collisions,Pedestrian,25 to 29,Major,,Unknown,Other,,,,Vehicle turns left while ped crosses with ROW at inter.,Crossing with right of way,Normal,,,,Yes,,Yes,,,,,,,Yes,,,,34,Bathurst Manor,34,Bathurst Manor (34),D32,623984.1612,4845851.7356
9772,7841639,1366152,7/11/2013 8:00:00 AM,2225,WATSON ST,OLD KINGSTON RD,,Minor Arterial,Scarborough,43.782145,-79.172488,At Intersection,No Control,Clear,"Dark, artificial",Dry,Fatal,Pedestrian Collisions,Driver,35 to 39,None,,East,"Automobile, Station Wagon",Turning Left,Failed to Yield Right of Way,Inattentive,,,,,,,Yes,,Yes,,,,,,,Yes,,,,133,Centennial Scarborough,133,Centennial Scarborough (133),D43,647055.5838,4849298.6785
9773,7841640,1366152,7/11/2013 8:00:00 AM,2225,WATSON ST,OLD KINGSTON RD,,Minor Arterial,Scarborough,43.782145,-79.172488,At Intersection,No Control,Clear,"Dark, artificial",Dry,Fatal,Pedestrian Collisions,Pedestrian,40 to 44,Minor,,West,,,,,Vehicle turns left while ped crosses with ROW at inter.,Crossing with right of way,Normal,,,,Yes,,Yes,,,,,,,Yes,,,,133,Centennial Scarborough,133,Centennial Scarborough (133),D43,647055.5838,4849298.6785
9774,7841641,1366152,7/11/2013 8:00:00 AM,2225,WATSON ST,OLD KINGSTON RD,,Minor Arterial,Scarborough,43.782145,-79.172488,At Intersection,No Control,Clear,"Dark, artificial",Dry,Fatal,Pedestrian Collisions,Pedestrian,45 to 49,Fatal,21,West,,,,,Vehicle turns left while ped crosses with ROW at inter.,Crossing with right of way,Normal,,,,Yes,,Yes,,,,,,,Yes,,,,133,Centennial Scarborough,133,Centennial Scarborough (133),D43,647055.5838,4849298.6785
9775,7867481,1377196,7/12/2013 8:00:00 AM,2240,DUFFERIN St,HOLMESDALE Rd,,Major Arterial,Toronto and East York,43.688601,-79.44736,At Intersection,Traffic Signal,Clear,"Dark, artificial",Dry,Non-Fatal Injury,Cyclist Collisions,Driver,55 to 59,Minimal,,North,"Automobile, Station Wagon",Turning Left,Improper Turn,Normal,,,,,,,,Yes,Yes,,,,,,,,,,,107,Oakwood Village,107,Oakwood Village (107),D13,625131.7514,4838457.6966
9776,7867482,1377196,7/12/2013 8:00:00 AM,2240,DUFFERIN St,HOLMESDALE Rd,,Major Arterial,Toronto and East York,43.688601,-79.44736,At Intersection,Traffic Signal,Clear,"Dark, artificial",Dry,Non-Fatal Injury,Cyclist Collisions,Cyclist,15 to 19,Major,,South,Bicycle,Going Ahead,,,,,,Motorist turned left across cyclists path.,Driving Properly,Normal,,Yes,Yes,,,,,,,,,,,107,Oakwood Village,107,Oakwood Village (107),D13,625131.7514,4838457.6966
9777,7868117,1377456,7/13/2013 8:00:00 AM,1355,KENNEDY RD,MCNICOLL Ave,,Major Arterial,Scarborough,43.812129,-79.301936,At Intersection,Traffic Signal,Clear,Daylight,Dry,Non-Fatal Injury,Turning Movement,Motorcycle Driver,20 to 24,Major,,North,Motorcycle,Going Ahead,Driving Properly,Normal,,,,,,,,,Yes,Yes,,,,,,Yes,,,,130,Milliken,130,Milliken (130),D42,636570.7617,4852407.0647
9778,7868118,1377456,7/13/2013 8:00:00 AM,1355,KENNEDY RD,MCNICOLL Ave,,Major Arterial,Scarborough,43.812129,-79.301936,At Intersection,Traffic Signal,Clear,Daylight,Dry,Non-Fatal Injury,Turning Movement,Driver,20 to 24,None,,South,"Automobile, Station Wagon",Turning Left,Failed to Yield Right of Way,Inattentive,,,,,,,,,Yes,Yes,,,,,,Yes,,,,130,Milliken,130,Milliken (130),D42,636570.7617,4852407.0647
9779,7840289,1365621,7/13/2013 8:00:00 AM,1845,FINCH AVE E,MIDLAND AVE,,Major Arterial,Scarborough,43.803745,-79.28629,At Intersection,Traffic Signal,Clear,Daylight,Dry,Non-Fatal Injury,Pedestrian Collisions,Driver,60 to 64,None,,North,"Automobile, Station Wagon",Turning Left,Failed to Yield Right of Way,Inattentive,,,,,,,Yes,,Yes,,,,,,,Yes,,,,128,Agincourt South-Malvern West,128,Agincourt South-Malvern West (128),D42,637848.4268,4851501.8312
9780,7840290,1365621,7/13/2013 8:00:00 AM,1845,FINCH AVE E,MIDLAND AVE,,Major Arterial,Scarborough,43.803745,-79.28629,At Intersection,Traffic Signal,Clear,Daylight,Dry,Non-Fatal Injury,Pedestrian Collisions,Pedestrian,65 to 69,Major,,Unknown,Other,,,,Vehicle turns left while ped crosses with ROW at inter.,Crossing with right of way,Normal,,,,Yes,,Yes,,,,,,,Yes,,,,128,Agincourt South-Malvern West,128,Agincourt South-Malvern West (128),D42,637848.4268,4851501.8312
9781,7840330,1365635,7/14/2013 8:00:00 AM,340,F G GARDINER XY  E,ISLINGTON Ave,,,Etobicoke York,43.620745,-79.51069,,No Control,Clear,"Dark, artificial",Dry,Non-Fatal Injury,Sideswipe,Passenger,25 to 29,Major,,,Other,,,,,,,,,,,,Yes,,,,,Yes,,,,Yes,,160,Mimico-Queensway,17,Mimico (includes Humber Bay Shores) (17),D22,620163.0177,4830827.8043
9782,7840331,1365635,7/14/2013 8:00:00 AM,340,F G GARDINER XY  E,ISLINGTON Ave,,,Etobicoke York,43.620745,-79.51069,,No Control,Clear,"Dark, artificial",Dry,Non-Fatal Injury,Sideswipe,Passenger,25 to 29,Minor,,,Other,,,,,,,,,,,,Yes,,,,,Yes,,,,Yes,,160,Mimico-Queensway,17,Mimico (includes Humber Bay Shores) (17),D22,620163.0177,4830827.8043
9783,7840332,1365635,7/14/2013 8:00:00 AM,340,F G GARDINER XY  E,ISLINGTON Ave,,,Etobicoke York,43.620745,-79.51069,,No Control,Clear,"Dark, artificial",Dry,Non-Fatal Injury,Sideswipe,Driver,25 to 29,Minimal,,West,"Automobile, Station Wagon",Going Ahead,Lost control,"Ability Impaired, Alcohol Over .08",,,,,,,,,Yes,,,,,Yes,,,,Yes,,160,Mimico-Queensway,17,Mimico (includes Humber Bay Shores) (17),D22,620163.0177,4830827.8043
9784,7840333,1365635,7/14/2013 8:00:00 AM,340,F G GARDINER XY  E,ISLINGTON Ave,,,Etobicoke York,43.620745,-79.51069,,No Control,Clear,"Dark, artificial",Dry,Non-Fatal Injury,Sideswipe,Driver,unknown,None,,West,"Automobile, Station Wagon",Unknown,Other,Unknown,,,,,,,,,Yes,,,,,Yes,,,,Yes,,160,Mimico-Queensway,17,Mimico (includes Humber Bay Shores) (17),D22,620163.0177,4830827.8043
9785,7881016,1382978,7/15/2013 8:00:00 AM,1153,KENNEDY RD,KENMARK BLVD,,Major Arterial,Scarborough,43.729945,-79.266986,,Stop Sign,Clear,Daylight,Dry,Non-Fatal Injury,Pedestrian Collisions,Driver,35 to 39,None,,West,"Automobile, Station Wagon",Turning Right,Failed to Yield Right of Way,Inattentive,,,,,,,Yes,,Yes,,,,,,,Yes,,,,124,Kennedy Park,124,Kennedy Park (124),D41,639572.7767,4843337.5366
9786,7881017,1382978,7/15/2013 8:00:00 AM,1153,KENNEDY RD,KENMARK BLVD,,Major Arterial,Scarborough,43.729945,-79.266986,,Stop Sign,Clear,Daylight,Dry,Non-Fatal Injury,Pedestrian Collisions,Pedestrian,65 to 69,Major,,South,Other,,,,Vehicle turns right while ped crosses with ROW at inter.,Crossing with right of way,Normal,,,,Yes,,Yes,,,,,,,Yes,,,,124,Kennedy Park,124,Kennedy Park (124),D41,639572.7767,4843337.5366
9787,7871852,1379135,7/17/2013 8:00:00 AM,2124,CHRISTIE St,DAVENPORT Rd,,Minor Arterial,Toronto and East York,43.675551,-79.423084,At Intersection,Traffic Signal,Clear,Dark,Dry,Non-Fatal Injury,Cyclist Collisions,Driver,60 to 64,None,,North,"Automobile, Station Wagon",Turning Left,Failed to Yield Right of Way,Inattentive,,,,,,,,Yes,Yes,,,,,,,Yes,,,,94,Wychwood,94,Wychwood (94),D13,627115.8005,4837045.2342