OBJECTID,INDEX,ACCNUM,DATE,TIME,STREET1,STREET2,OFFSET,ROAD_CLASS,DISTRICT,LATITUDE,LONGITUDE,ACCLOC,TRAFFCTL,VISIBILITY,LIGHT,RDSFCOND,ACCLASS,IMPACTYPE,INVTYPE,INVAGE,INJURY,FATAL_NO,INITDIR,VEHTYPE,MANOEUVER,DRIVACT,DRIVCOND,PEDTYPE,PEDACT,PEDCOND,CYCLISTYPE,CYCACT,CYCCOND,PEDESTRIAN,CYCLIST,AUTOMOBILE,MOTORCYCLE,TRUCK,TRSN_CITY_VEH,EMERG_VEH,PASSENGER,SPEEDING,AG_DRIV,REDLIGHT,ALCOHOL,DISABILITY,HOOD_158,NEIGHBOURHOOD_158,HOOD_140,NEIGHBOURHOOD_140,DIVISION,x,y
9788,7871853,1379135,7/17/2013 8:00:00 AM,2124,CHRISTIE St,DAVENPORT Rd,,Minor Arterial,Toronto and East York,43.675551,-79.423084,At Intersection,Traffic Signal,Clear,Dark,Dry,Non-Fatal Injury,Cyclist Collisions,Cyclist,35 to 39,Major,,South,Bicycle,Going Ahead,,,,,,Motorist turned left across cyclists path.,Driving Properly,Normal,,Yes,Yes,,,,,,,Yes,,,,94,Wychwood,94,Wychwood (94),D13,627115.8005,4837045.2342
9789,7843223,1366764,7/18/2013 8:00:00 AM,1850,185 FALLINGBROOK RD,,,Collector,Scarborough,43.684645,-79.280292,,No Control,Clear,Daylight,Dry,Fatal,Pedestrian Collisions,Driver,30 to 34,None,,South,Pick Up Truck,Other,Other,Had Been Drinking,,,,,,,Yes,,Yes,,,,,,,,,,,122,Birchcliffe-Cliffside,122,Birchcliffe-Cliffside (122),D41,638605.5063,4838283.992
9790,7843224,1366764,7/18/2013 8:00:00 AM,1850,185 FALLINGBROOK RD,,,Collector,Scarborough,43.684645,-79.280292,,No Control,Clear,Daylight,Dry,Fatal,Pedestrian Collisions,Pedestrian,35 to 39,Fatal,22,Unknown,,,,,Pedestrian hit at mid-block,Other,Had Been Drinking,,,,Yes,,Yes,,,,,,,,,,,122,Birchcliffe-Cliffside,122,Birchcliffe-Cliffside (122),D41,638605.5063,4838283.992
9791,7870535,1378518,7/18/2013 8:00:00 AM,2217,DUFFERIN St,MARTIN ROSS Ave,,Major Arterial,North York,43.775248,-79.468326,,No Control,Clear,"Dark, artificial",Dry,Non-Fatal Injury,Approaching,Driver,25 to 29,Major,,South,"Automobile, Station Wagon",Going Ahead,Driving Properly,Normal,,,,,,,,,Yes,,,,,,,,,,,34,Bathurst Manor,34,Bathurst Manor (34),D32,623264.1434,4848049.6684
9792,7870536,1378518,7/18/2013 8:00:00 AM,2217,DUFFERIN St,MARTIN ROSS Ave,,Major Arterial,North York,43.775248,-79.468326,,No Control,Clear,"Dark, artificial",Dry,Non-Fatal Injury,Approaching,Vehicle Owner,unknown,,,,Other,,,,,,,,,,,,Yes,,,,,,,,,,,34,Bathurst Manor,34,Bathurst Manor (34),D32,623264.1434,4848049.6684
9793,7870537,1378518,7/18/2013 8:00:00 AM,2217,DUFFERIN St,MARTIN ROSS Ave,,Major Arterial,North York,43.775248,-79.468326,,No Control,Clear,"Dark, artificial",Dry,Non-Fatal Injury,Approaching,Driver,25 to 29,Major,,North,"Automobile, Station Wagon",Going Ahead,Lost control,Inattentive,,,,,,,,,Yes,,,,,,,,,,,34,Bathurst Manor,34,Bathurst Manor (34),D32,623264.1434,4848049.6684
9794,7872440,1379372,7/19/2013 8:00:00 AM,1240,DUFFERIN ST,JOE SHUSTER  WAY,,Minor Arterial,Toronto and East York,43.641524,-79.428363,,No Control,Clear,Daylight,Dry,Non-Fatal Injury,Pedestrian Collisions,Driver,25 to 29,None,,South,"Automobile, Station Wagon",Going Ahead,Driving Properly,Had Been Drinking,,,,,,,Yes,,Yes,,,,,,,,,,,85,South Parkdale,85,South Parkdale (85),D14,626761.8368,4833258.0122
9795,7872441,1379372,7/19/2013 8:00:00 AM,1240,DUFFERIN ST,JOE SHUSTER  WAY,,Minor Arterial,Toronto and East York,43.641524,-79.428363,,No Control,Clear,Daylight,Dry,Non-Fatal Injury,Pedestrian Collisions,Pedestrian,70 to 74,Major,,East,Other,,,,Vehicle is going straight thru inter.while ped cross without ROW,"Crossing, no Traffic Control",Unknown,,,,Yes,,Yes,,,,,,,,,,,85,South Parkdale,85,South Parkdale (85),D14,626761.8368,4833258.0122
9796,7873696,1379915,7/19/2013 8:00:00 AM,1831,PARLIAMENT ST,COLE  ST,,Minor Arterial,Toronto and East York,43.660145,-79.36629,,No Control,Rain,Daylight,Wet,Non-Fatal Injury,SMV Other,Motorcycle Driver,25 to 29,Major,,North,Motorcycle,Going Ahead,Speed too Fast For Condition,Inattentive,,,,,,,,,,Yes,,,,,Yes,Yes,,,,72,Regent Park,72,Regent Park (72),D51,631727.7301,4835422.7955
9797,7845040,1367518,7/22/2013 8:00:00 AM,1519,KIPLING AVE,JUTLAND RD,,Major Arterial,Etobicoke York,43.626245,-79.52879,At Intersection,Stop Sign,Clear,Daylight,Dry,Fatal,Turning Movement,Motorcycle Driver,20 to 24,Fatal,23,North,Motorcycle,Going Ahead,Driving Properly,Normal,,,,,,,,,Yes,Yes,,,,,,Yes,,,,159,Etobicoke City Centre,14,Islington-City Centre West (14),D22,618691.807,4831412.6118
9798,7845041,1367518,7/22/2013 8:00:00 AM,1519,KIPLING AVE,JUTLAND RD,,Major Arterial,Etobicoke York,43.626245,-79.52879,At Intersection,Stop Sign,Clear,Daylight,Dry,Fatal,Turning Movement,Driver,45 to 49,None,,West,"Automobile, Station Wagon",Turning Left,Failed to Yield Right of Way,Normal,,,,,,,,,Yes,Yes,,,,,,Yes,,,,159,Etobicoke City Centre,14,Islington-City Centre West (14),D22,618691.807,4831412.6118
9799,7873173,1379687,7/22/2013 8:00:00 AM,1830,EGLINTON AVE E,MASON RD,,Major Arterial,Scarborough,43.741782,-79.225154,,Traffic Signal,Clear,Daylight,Dry,Non-Fatal Injury,Other,Passenger,20 to 24,Major,,,Other,,,,,,,,,,,,,,,Yes,,Yes,,,,,,139,Scarborough Village,139,Scarborough Village (139),D43,642913.7035,4844723.5286
9800,7873174,1379687,7/22/2013 8:00:00 AM,1830,EGLINTON AVE E,MASON RD,,Major Arterial,Scarborough,43.741782,-79.225154,,Traffic Signal,Clear,Daylight,Dry,Non-Fatal Injury,Other,Vehicle Owner,unknown,,,,Other,,,,,,,,,,,,,,,Yes,,Yes,,,,,,139,Scarborough Village,139,Scarborough Village (139),D43,642913.7035,4844723.5286
9801,7873175,1379687,7/22/2013 8:00:00 AM,1830,EGLINTON AVE E,MASON RD,,Major Arterial,Scarborough,43.741782,-79.225154,,Traffic Signal,Clear,Daylight,Dry,Non-Fatal Injury,Other,Driver,50 to 54,None,,West,Municipal Transit Bus (TTC),Pulling Away from Shoulder or Curb,Driving Properly,Normal,,,,,,,,,,,,Yes,,Yes,,,,,,139,Scarborough Village,139,Scarborough Village (139),D43,642913.7035,4844723.5286
9802,7845209,1367603,7/23/2013 8:00:00 AM,1700,2863 ELLESMERE RD,ELLESMERE  RD,,Major Arterial,Scarborough,43.782145,-79.20699,At Intersection,No Control,Clear,Daylight,Dry,Non-Fatal Injury,Approaching,Driver,55 to 59,Major,,West,"Automobile, Station Wagon",Going Ahead,Driving Properly,Normal,,,,,,,,,Yes,,,,,,,,,,,135,Morningside,135,Morningside (135),D43,644279.2546,4849237.9645
9803,7845210,1367603,7/23/2013 8:00:00 AM,1700,2863 ELLESMERE RD,ELLESMERE  RD,,Major Arterial,Scarborough,43.782145,-79.20699,At Intersection,No Control,Clear,Daylight,Dry,Non-Fatal Injury,Approaching,Driver,40 to 44,Major,,East,"Automobile, Station Wagon",Going Ahead,Lost control,Fatigue,,,,,,,,,Yes,,,,,,,,,,,135,Morningside,135,Morningside (135),D43,644279.2546,4849237.9645
9804,7873296,1379733,7/24/2013 8:00:00 AM,657,DANFORTH Ave,THORA Ave,,Major Arterial,Scarborough,43.691493,-79.287105,,No Control,Clear,Daylight,Dry,Non-Fatal Injury,Cyclist Collisions,Driver,60 to 64,None,,South,"Automobile, Station Wagon",Turning Right,Failed to Yield Right of Way,Normal,,,,,,,,Yes,Yes,,,,,,,Yes,,,,121,Oakridge,121,Oakridge (121),D41,638040.6733,4839033.194
9805,7873297,1379733,7/24/2013 8:00:00 AM,657,DANFORTH Ave,THORA Ave,,Major Arterial,Scarborough,43.691493,-79.287105,,No Control,Clear,Daylight,Dry,Non-Fatal Injury,Cyclist Collisions,Cyclist,25 to 29,Major,,West,Bicycle,Going Ahead,,,,,,"Motorist turns right at non-signal Inter.(stop, yield, no cont.,and dwy) and strikes cyclist.",Other,Normal,,Yes,Yes,,,,,,,Yes,,,,121,Oakridge,121,Oakridge (121),D41,638040.6733,4839033.194
9806,7873313,1379740,7/24/2013 8:00:00 AM,1140,139 HORSHAM AVE,,,Local,North York,43.773045,-79.42179,,No Control,Clear,Daylight,Dry,Non-Fatal Injury,Pedestrian Collisions,Driver,25 to 29,None,,South,"Automobile, Station Wagon",Reversing,Other,Inattentive,,,,,,,Yes,,Yes,,,,,,,,,,,37,Willowdale West,37,Willowdale West (37),D32,627013.9054,4847875.3251
9807,7873314,1379740,7/24/2013 8:00:00 AM,1140,139 HORSHAM AVE,,,Local,North York,43.773045,-79.42179,,No Control,Clear,Daylight,Dry,Non-Fatal Injury,Pedestrian Collisions,Pedestrian,75 to 79,Major,,West,Other,,,,Vehicle is reversing and hits pedestrian,Other,Inattentive,,,,Yes,,Yes,,,,,,,,,,,37,Willowdale West,37,Willowdale West (37),D32,627013.9054,4847875.3251
9808,7845479,1367728,7/24/2013 8:00:00 AM,1326,SPADINA AVE,NASSAU ST,,Major Arterial,Toronto and East York,43.655841,-79.399219,,Traffic Signal,Clear,Daylight,Dry,Non-Fatal Injury,Pedestrian Collisions,Driver,35 to 39,None,,South,Municipal Transit Bus (TTC),Going Ahead,Driving Properly,Normal,,,,,,,Yes,,,,,Yes,,,,,,,,78,Kensington-Chinatown,78,Kensington-Chinatown (78),D52,629081.8253,4834893.0257
9809,7845480,1367728,7/24/2013 8:00:00 AM,1326,SPADINA AVE,NASSAU ST,,Major Arterial,Toronto and East York,43.655841,-79.399219,,Traffic Signal,Clear,Daylight,Dry,Non-Fatal Injury,Pedestrian Collisions,Pedestrian,65 to 69,Major,,East,Other,,,,Vehicle is going straight thru inter.while ped cross without ROW,Running onto Roadway,Normal,,,,Yes,,,,,Yes,,,,,,,,78,Kensington-Chinatown,78,Kensington-Chinatown (78),D52,629081.8253,4834893.0257
9810,7845570,1367772,7/24/2013 8:00:00 AM,1340,ROYAL YORK Rd,BLOOR St W,,Major Arterial,Etobicoke York,43.647345,-79.51139,,Traffic Signal,Clear,Daylight,Dry,Non-Fatal Injury,Pedestrian Collisions,Driver,20 to 24,None,,South,"Automobile, Station Wagon",Going Ahead,Driving Properly,Normal,,,,,,,Yes,,Yes,,,,,,,,,,,16,Stonegate-Queensway,16,Stonegate-Queensway (16),D22,620053.5619,4833781.0536
9811,7845571,1367772,7/24/2013 8:00:00 AM,1340,ROYAL YORK Rd,BLOOR St W,,Major Arterial,Etobicoke York,43.647345,-79.51139,,Traffic Signal,Clear,Daylight,Dry,Non-Fatal Injury,Pedestrian Collisions,Pedestrian,55 to 59,Major,,West,Other,,,,Vehicle is going straight thru inter.while ped cross without ROW,Crossing marked crosswalk without ROW,Unknown,,,,Yes,,Yes,,,,,,,,,,,16,Stonegate-Queensway,16,Stonegate-Queensway (16),D22,620053.5619,4833781.0536
9812,7875093,1380543,7/24/2013 8:00:00 AM,1845,FRONT ST W,BLUE JAYS WAY,,Minor Arterial,Toronto and East York,43.643408,-79.391277,,Traffic Signal,Clear,Daylight,Dry,Non-Fatal Injury,Cyclist Collisions,Driver,35 to 39,None,,West,"Automobile, Station Wagon",Turning Left,Failed to Yield Right of Way,Normal,,,,,,,,Yes,Yes,,,,,,,Yes,,,,165,Harbourfront-CityPlace,77,Waterfront Communities-The Island (77),D52,629749.0177,4833524.5642
9813,7875094,1380543,7/24/2013 8:00:00 AM,1845,FRONT ST W,BLUE JAYS WAY,,Minor Arterial,Toronto and East York,43.643408,-79.391277,,Traffic Signal,Clear,Daylight,Dry,Non-Fatal Injury,Cyclist Collisions,Cyclist,25 to 29,Major,,East,Bicycle,Going Ahead,,,,,,Motorist turned left across cyclists path.,Driving Properly,Unknown,,Yes,Yes,,,,,,,Yes,,,,165,Harbourfront-CityPlace,77,Waterfront Communities-The Island (77),D52,629749.0177,4833524.5642
9814,7874117,1380106,7/25/2013 8:00:00 AM,820,GLENROY Ave,HUMBERVALE Blvd,,Local,Etobicoke York,43.642501,-79.5079,At Intersection,Stop Sign,Clear,Daylight,Dry,Non-Fatal Injury,Cyclist Collisions,Driver,50 to 54,None,,West,"Automobile, Station Wagon",Going Ahead,Driving Properly,Normal,,,,,,,,Yes,Yes,,,,,,,,,,,16,Stonegate-Queensway,16,Stonegate-Queensway (16),D22,620344.6981,4833248.1204
9815,7874118,1380106,7/25/2013 8:00:00 AM,820,GLENROY Ave,HUMBERVALE Blvd,,Local,Etobicoke York,43.642501,-79.5079,At Intersection,Stop Sign,Clear,Daylight,Dry,Non-Fatal Injury,Cyclist Collisions,Cyclist,15 to 19,Major,,South,Bicycle,Going Ahead,,,,,,"Cyclist without ROW rides into path of motorist at inter, lnwy, dwy-Cyclist not turn.",Failed to Yield Right of Way,Inattentive,,Yes,Yes,,,,,,,,,,,16,Stonegate-Queensway,16,Stonegate-Queensway (16),D22,620344.6981,4833248.1204
9816,7846079,1367977,7/25/2013 8:00:00 AM,1346,HIGHWAY 27  N,FINCH AVE W,,Major Arterial,Etobicoke York,43.73416,-79.603069,At Intersection,Traffic Signal,Clear,Daylight,Dry,Fatal,Pedestrian Collisions,Pedestrian,25 to 29,Fatal,25,South,Other,,,,Pedestrian involved in a collision with transit vehicle anywhere along roadway,Crossing with right of way,Unknown,,,,Yes,,Yes,,,,,,,Yes,,,,1,West Humber-Clairville,1,West Humber-Clairville (1),D23,612497.3518,4843294.4802
9817,7846080,1367977,7/25/2013 8:00:00 AM,1346,HIGHWAY 27  N,FINCH AVE W,,Major Arterial,Etobicoke York,43.73416,-79.603069,At Intersection,Traffic Signal,Clear,Daylight,Dry,Fatal,Pedestrian Collisions,Vehicle Owner,unknown,,,,Other,,,,,,,,,,Yes,,Yes,,,,,,,Yes,,,,1,West Humber-Clairville,1,West Humber-Clairville (1),D23,612497.3518,4843294.4802
9818,7846081,1367977,7/25/2013 8:00:00 AM,1346,HIGHWAY 27  N,FINCH AVE W,,Major Arterial,Etobicoke York,43.73416,-79.603069,At Intersection,Traffic Signal,Clear,Daylight,Dry,Fatal,Pedestrian Collisions,Driver,40 to 44,None,,North,"Automobile, Station Wagon",Turning Left,Failed to Yield Right of Way,Normal,,,,,,,Yes,,Yes,,,,,,,Yes,,,,1,West Humber-Clairville,1,West Humber-Clairville (1),D23,612497.3518,4843294.4802
9819,7846656,1368204,7/27/2013 8:00:00 AM,257,HIGHWAY 27  N,STEELES AVE W,,Major Arterial,Etobicoke York,43.755446,-79.61407,,Traffic Signal,Clear,Dark,Dry,Non-Fatal Injury,Angle,Driver,25 to 29,Minimal,,East,"Automobile, Station Wagon",Going Ahead,Driving Properly,Normal,,,,,,,,,Yes,,,,,Yes,,Yes,Yes,,,1,West Humber-Clairville,1,West Humber-Clairville (1),D23,611571.8674,4845643.7178
9820,7846657,1368204,7/27/2013 8:00:00 AM,257,HIGHWAY 27  N,STEELES AVE W,,Major Arterial,Etobicoke York,43.755446,-79.61407,,Traffic Signal,Clear,Dark,Dry,Non-Fatal Injury,Angle,Passenger,25 to 29,Minor,,,Other,,,,,,,,,,,,Yes,,,,,Yes,,Yes,Yes,,,1,West Humber-Clairville,1,West Humber-Clairville (1),D23,611571.8674,4845643.7178
9821,7846658,1368204,7/27/2013 8:00:00 AM,257,HIGHWAY 27  N,STEELES AVE W,,Major Arterial,Etobicoke York,43.755446,-79.61407,,Traffic Signal,Clear,Dark,Dry,Non-Fatal Injury,Angle,Vehicle Owner,unknown,,,,Other,,,,,,,,,,,,Yes,,,,,Yes,,Yes,Yes,,,1,West Humber-Clairville,1,West Humber-Clairville (1),D23,611571.8674,4845643.7178
9822,7846659,1368204,7/27/2013 8:00:00 AM,257,HIGHWAY 27  N,STEELES AVE W,,Major Arterial,Etobicoke York,43.755446,-79.61407,,Traffic Signal,Clear,Dark,Dry,Non-Fatal Injury,Angle,Driver,25 to 29,Minor,,North,"Automobile, Station Wagon",Going Ahead,Disobeyed Traffic Control,Inattentive,,,,,,,,,Yes,,,,,Yes,,Yes,Yes,,,1,West Humber-Clairville,1,West Humber-Clairville (1),D23,611571.8674,4845643.7178
9823,7846660,1368204,7/27/2013 8:00:00 AM,257,HIGHWAY 27  N,STEELES AVE W,,Major Arterial,Etobicoke York,43.755446,-79.61407,,Traffic Signal,Clear,Dark,Dry,Non-Fatal Injury,Angle,Driver,30 to 34,Minimal,,East,"Automobile, Station Wagon",Going Ahead,Driving Properly,Normal,,,,,,,,,Yes,,,,,Yes,,Yes,Yes,,,1,West Humber-Clairville,1,West Humber-Clairville (1),D23,611571.8674,4845643.7178
9824,7846661,1368204,7/27/2013 8:00:00 AM,257,HIGHWAY 27  N,STEELES AVE W,,Major Arterial,Etobicoke York,43.755446,-79.61407,,Traffic Signal,Clear,Dark,Dry,Non-Fatal Injury,Angle,Passenger,15 to 19,Major,,,Other,,,,,,,,,,,,Yes,,,,,Yes,,Yes,Yes,,,1,West Humber-Clairville,1,West Humber-Clairville (1),D23,611571.8674,4845643.7178
9825,7846750,1368246,7/27/2013 8:00:00 AM,1026,MCCOWAN RD,STEELES AVE E,,Major Arterial,Scarborough,43.831034,-79.275188,,Traffic Signal,Clear,Daylight,Dry,Non-Fatal Injury,Pedestrian Collisions,Driver,50 to 54,None,,South,"Automobile, Station Wagon",Going Ahead,Driving Properly,Normal,,,,,,,Yes,,Yes,,,,,,,,,,,130,Milliken,130,Milliken (130),D42,638678.2749,4854551.2758
9826,7846751,1368246,7/27/2013 8:00:00 AM,1026,MCCOWAN RD,STEELES AVE E,,Major Arterial,Scarborough,43.831034,-79.275188,,Traffic Signal,Clear,Daylight,Dry,Non-Fatal Injury,Pedestrian Collisions,Pedestrian,70 to 74,Major,,East,Other,,,,Vehicle is going straight thru inter.while ped cross without ROW,Crossing without right of way,Unknown,,,,Yes,,Yes,,,,,,,,,,,130,Milliken,130,Milliken (130),D42,638678.2749,4854551.2758
9827,7846798,1368270,7/28/2013 8:00:00 AM,1,SHEPPARD AVE E,DON MILLS RD,,Major Arterial,North York,43.774943,-79.347888,,No Control,Rain,"Dark, artificial",Wet,Fatal,Pedestrian Collisions,Passenger,25 to 29,None,,,,,,,,,,,,,Yes,,Yes,,,,,Yes,,,,,,47,Don Valley Village,47,Don Valley Village (47),D33,632957.369,4848202.1487
9828,7846799,1368270,7/28/2013 8:00:00 AM,1,SHEPPARD AVE E,DON MILLS RD,,Major Arterial,North York,43.774943,-79.347888,,No Control,Rain,"Dark, artificial",Wet,Fatal,Pedestrian Collisions,Driver,40 to 44,None,,East,Passenger Van,Changing Lanes,Driving Properly,Normal,,,,,,,Yes,,Yes,,,,,Yes,,,,,,47,Don Valley Village,47,Don Valley Village (47),D33,632957.369,4848202.1487
9829,7846800,1368270,7/28/2013 8:00:00 AM,1,SHEPPARD AVE E,DON MILLS RD,,Major Arterial,North York,43.774943,-79.347888,,No Control,Rain,"Dark, artificial",Wet,Fatal,Pedestrian Collisions,Pedestrian,80 to 84,Fatal,26,South,,,,,Pedestrian hit at mid-block,"Crossing, no Traffic Control",Inattentive,,,,Yes,,Yes,,,,,Yes,,,,,,47,Don Valley Village,47,Don Valley Village (47),D33,632957.369,4848202.1487
9830,7875283,1380620,7/28/2013 8:00:00 AM,1840,QUEEN St E,VANCOUVER Ave,,Minor Arterial,Toronto and East York,43.664683,-79.32397,At Intersection,No Control,Clear,Daylight,Dry,Non-Fatal Injury,Cyclist Collisions,Vehicle Owner,unknown,,,,Other,,,,,,,,,,,Yes,Yes,,,,,,,,,,,65,Greenwood-Coxwell,65,Greenwood-Coxwell (65),D55,635129.8924,4835994.8633
9831,7875284,1380620,7/28/2013 8:00:00 AM,1840,QUEEN St E,VANCOUVER Ave,,Minor Arterial,Toronto and East York,43.664683,-79.32397,At Intersection,No Control,Clear,Daylight,Dry,Non-Fatal Injury,Cyclist Collisions,Driver,25 to 29,None,,West,"Automobile, Station Wagon",Going Ahead,Driving Properly,Normal,,,,,,,,Yes,Yes,,,,,,,,,,,65,Greenwood-Coxwell,65,Greenwood-Coxwell (65),D55,635129.8924,4835994.8633
9832,7875285,1380620,7/28/2013 8:00:00 AM,1840,QUEEN St E,VANCOUVER Ave,,Minor Arterial,Toronto and East York,43.664683,-79.32397,At Intersection,No Control,Clear,Daylight,Dry,Non-Fatal Injury,Cyclist Collisions,Vehicle Owner,unknown,,,,Other,,,,,,,,,,,Yes,Yes,,,,,,,,,,,65,Greenwood-Coxwell,65,Greenwood-Coxwell (65),D55,635129.8924,4835994.8633
9833,7875286,1380620,7/28/2013 8:00:00 AM,1840,QUEEN St E,VANCOUVER Ave,,Minor Arterial,Toronto and East York,43.664683,-79.32397,At Intersection,No Control,Clear,Daylight,Dry,Non-Fatal Injury,Cyclist Collisions,Driver,35 to 39,None,,West,"Automobile, Station Wagon",Parked,Other,Inattentive,,,,,,,,Yes,Yes,,,,,,,,,,,65,Greenwood-Coxwell,65,Greenwood-Coxwell (65),D55,635129.8924,4835994.8633
9834,7875287,1380620,7/28/2013 8:00:00 AM,1840,QUEEN St E,VANCOUVER Ave,,Minor Arterial,Toronto and East York,43.664683,-79.32397,At Intersection,No Control,Clear,Daylight,Dry,Non-Fatal Injury,Cyclist Collisions,Cyclist,40 to 44,Major,,West,Bicycle,Going Ahead,,,,,,Cyclist struck opened vehicle door,Driving Properly,Normal,,Yes,Yes,,,,,,,,,,,65,Greenwood-Coxwell,65,Greenwood-Coxwell (65),D55,635129.8924,4835994.8633
9835,7875388,1380661,7/28/2013 8:00:00 AM,2158,SHEPPARD AVE E,ROUGE RIVER DR,,Major Arterial,Scarborough,43.806277,-79.180385,,Traffic Signal,Clear,"Dark, artificial",Dry,Non-Fatal Injury,Pedestrian Collisions,Driver,20 to 24,None,,South,"Automobile, Station Wagon",Turning Left,Failed to Yield Right of Way,Normal,,,,,,,Yes,,Yes,,,,,,,Yes,,,,143,West Rouge,131,Rouge (131),D42,646361.1937,4851964.9295
9836,7875389,1380661,7/28/2013 8:00:00 AM,2158,SHEPPARD AVE E,ROUGE RIVER DR,,Major Arterial,Scarborough,43.806277,-79.180385,,Traffic Signal,Clear,"Dark, artificial",Dry,Non-Fatal Injury,Pedestrian Collisions,Pedestrian,50 to 54,Major,,North,Other,,,,Vehicle turns left while ped crosses with ROW at inter.,Crossing with right of way,Normal,,,,Yes,,Yes,,,,,,,Yes,,,,143,West Rouge,131,Rouge (131),D42,646361.1937,4851964.9295
9837,7875638,1380770,7/29/2013 8:00:00 AM,1111,DANFORTH Ave,LINNSMORE Cres,,Major Arterial,Toronto and East York,43.681845,-79.33059,,No Control,Clear,Daylight,Dry,Non-Fatal Injury,Pedestrian Collisions,Vehicle Owner,unknown,,,,Other,,,,,,,,,,Yes,,Yes,,,,,,,,,,,65,Greenwood-Coxwell,65,Greenwood-Coxwell (65),D55,634557.7874,4837890.1762
9838,7875639,1380770,7/29/2013 8:00:00 AM,1111,DANFORTH Ave,LINNSMORE Cres,,Major Arterial,Toronto and East York,43.681845,-79.33059,,No Control,Clear,Daylight,Dry,Non-Fatal Injury,Pedestrian Collisions,Driver,60 to 64,None,,North,"Automobile, Station Wagon",Turning Left,Improper Turn,Normal,,,,,,,Yes,,Yes,,,,,,,,,,,65,Greenwood-Coxwell,65,Greenwood-Coxwell (65),D55,634557.7874,4837890.1762
9839,7875640,1380770,7/29/2013 8:00:00 AM,1111,DANFORTH Ave,LINNSMORE Cres,,Major Arterial,Toronto and East York,43.681845,-79.33059,,No Control,Clear,Daylight,Dry,Non-Fatal Injury,Pedestrian Collisions,Pedestrian,70 to 74,Major,,South,Other,,,,Pedestrian hit at mid-block,"Crossing, no Traffic Control",Unknown,,,,Yes,,Yes,,,,,,,,,,,65,Greenwood-Coxwell,65,Greenwood-Coxwell (65),D55,634557.7874,4837890.1762
9840,7847190,1368450,7/29/2013 8:00:00 AM,1604,LANGDEN AVE,CLIFF ST,,Local,Etobicoke York,43.680644,-79.48479,,No Control,Clear,Daylight,Dry,Fatal,Pedestrian Collisions,Driver,70 to 74,None,,West,"Automobile, Station Wagon",Reversing,Other,Inattentive,,,,,,,Yes,,Yes,,,,,,,,,,,111,Rockcliffe-Smythe,111,Rockcliffe-Smythe (111),D12,622131.2786,4837518.1665
9841,7847191,1368450,7/29/2013 8:00:00 AM,1604,LANGDEN AVE,CLIFF ST,,Local,Etobicoke York,43.680644,-79.48479,,No Control,Clear,Daylight,Dry,Fatal,Pedestrian Collisions,Pedestrian,65 to 69,Fatal,29,Unknown,,,,,Vehicle is reversing and hits pedestrian,Other,Normal,,,,Yes,,Yes,,,,,,,,,,,111,Rockcliffe-Smythe,111,Rockcliffe-Smythe (111),D12,622131.2786,4837518.1665
9842,7876444,1381080,8/1/2013 8:00:00 AM,1943,STEELES AVE W,ISLINGTON AVE,,Major Arterial,Etobicoke York,43.764334,-79.574855,At Intersection,Traffic Signal,Clear,Dusk,Dry,Non-Fatal Injury,Cyclist Collisions,Driver,55 to 59,None,,North,"Automobile, Station Wagon",Turning Left,Failed to Yield Right of Way,Normal,,,,,,,,Yes,Yes,,,,,,,Yes,,,,21,Humber Summit,21,Humber Summit (21),D31,614711.8369,4846684.43
9843,7876445,1381080,8/1/2013 8:00:00 AM,1943,STEELES AVE W,ISLINGTON AVE,,Major Arterial,Etobicoke York,43.764334,-79.574855,At Intersection,Traffic Signal,Clear,Dusk,Dry,Non-Fatal Injury,Cyclist Collisions,Cyclist,50 to 54,Major,,South,Bicycle,Going Ahead,,,,,,Motorist turned left across cyclists path.,Other,Normal,,Yes,Yes,,,,,,,Yes,,,,21,Humber Summit,21,Humber Summit (21),D31,614711.8369,4846684.43
9844,7848908,1369174,8/2/2013 8:00:00 AM,1637,ELLESMERE Rd,SARATOGA Dr,,Major Arterial,Scarborough,43.771666,-79.253642,At Intersection,No Control,Rain,Daylight,Wet,Non-Fatal Injury,Turning Movement,Driver,35 to 39,None,,East,"Automobile, Station Wagon",Going Ahead,Driving Properly,Normal,,,,,,,,,Yes,,,,,Yes,,,,,,156,Bendale-Glen Andrew,127,Bendale (127),D43,640549.7854,4847993.8537
9845,7848909,1369174,8/2/2013 8:00:00 AM,1637,ELLESMERE Rd,SARATOGA Dr,,Major Arterial,Scarborough,43.771666,-79.253642,At Intersection,No Control,Rain,Daylight,Wet,Non-Fatal Injury,Turning Movement,Driver,40 to 44,None,,North,"Automobile, Station Wagon",Stopped,Driving Properly,Unknown,,,,,,,,,Yes,,,,,Yes,,,,,,156,Bendale-Glen Andrew,127,Bendale (127),D43,640549.7854,4847993.8537
9846,7848910,1369174,8/2/2013 8:00:00 AM,1637,ELLESMERE Rd,SARATOGA Dr,,Major Arterial,Scarborough,43.771666,-79.253642,At Intersection,No Control,Rain,Daylight,Wet,Non-Fatal Injury,Turning Movement,Passenger,75 to 79,Major,,,Other,,,,,,,,,,,,Yes,,,,,Yes,,,,,,156,Bendale-Glen Andrew,127,Bendale (127),D43,640549.7854,4847993.8537
9847,7848911,1369174,8/2/2013 8:00:00 AM,1637,ELLESMERE Rd,SARATOGA Dr,,Major Arterial,Scarborough,43.771666,-79.253642,At Intersection,No Control,Rain,Daylight,Wet,Non-Fatal Injury,Turning Movement,Driver,80 to 84,Minimal,,West,"Automobile, Station Wagon",Turning Left,Improper Turn,Normal,,,,,,,,,Yes,,,,,Yes,,,,,,156,Bendale-Glen Andrew,127,Bendale (127),D43,640549.7854,4847993.8537