OBJECTID,INDEX,ACCNUM,DATE,TIME,STREET1,STREET2,OFFSET,ROAD_CLASS,DISTRICT,LATITUDE,LONGITUDE,ACCLOC,TRAFFCTL,VISIBILITY,LIGHT,RDSFCOND,ACCLASS,IMPACTYPE,INVTYPE,INVAGE,INJURY,FATAL_NO,INITDIR,VEHTYPE,MANOEUVER,DRIVACT,DRIVCOND,PEDTYPE,PEDACT,PEDCOND,CYCLISTYPE,CYCACT,CYCCOND,PEDESTRIAN,CYCLIST,AUTOMOBILE,MOTORCYCLE,TRUCK,TRSN_CITY_VEH,EMERG_VEH,PASSENGER,SPEEDING,AG_DRIV,REDLIGHT,ALCOHOL,DISABILITY,HOOD_158,NEIGHBOURHOOD_158,HOOD_140,NEIGHBOURHOOD_140,DIVISION,x,y
9848,7848846,1369145,8/2/2013 8:00:00 AM,1802,DAVENPORT Rd,BELMONT St,,Major Arterial,Toronto and East York,43.674745,-79.39289,At Intersection,Traffic Signal,Clear,Daylight,Dry,Non-Fatal Injury,Cyclist Collisions,Driver,20 to 24,None,,North,"Automobile, Station Wagon",Going Ahead,Disobeyed Traffic Control,Normal,,,,,,,,Yes,Yes,,,,,,,Yes,Yes,,,95,Annex,95,Annex (95),D53,629551.5093,4837002.4326
9849,7848847,1369145,8/2/2013 8:00:00 AM,1802,DAVENPORT Rd,BELMONT St,,Major Arterial,Toronto and East York,43.674745,-79.39289,At Intersection,Traffic Signal,Clear,Daylight,Dry,Non-Fatal Injury,Cyclist Collisions,Cyclist,25 to 29,Major,,East,Bicycle,Going Ahead,,,,,,"Motorist without ROW drives into path of cyclist at inter, lnwy, dwy-Driver not turn.",Driving Properly,Normal,,Yes,Yes,,,,,,,Yes,Yes,,,95,Annex,95,Annex (95),D53,629551.5093,4837002.4326
9850,7848906,1369173,8/3/2013 8:00:00 AM,305,STEELES AVE W,ISLINGTON AVE,,Major Arterial,Etobicoke York,43.763743,-79.577289,,No Control,Clear,"Dark, artificial",Dry,Fatal,SMV Other,Driver,25 to 29,Fatal,27,East,"Automobile, Station Wagon",Going Ahead,Exceeding Speed Limit,"Ability Impaired, Alcohol Over .08",,,,,,,,,Yes,,,,,,Yes,Yes,,Yes,,21,Humber Summit,21,Humber Summit (21),D31,614517.0473,4846615.4222
9851,7848907,1369173,8/3/2013 8:00:00 AM,305,STEELES AVE W,ISLINGTON AVE,,Major Arterial,Etobicoke York,43.763743,-79.577289,,No Control,Clear,"Dark, artificial",Dry,Fatal,SMV Other,Other Property Owner,unknown,,,,,,,,,,,,,,,,Yes,,,,,,Yes,Yes,,Yes,,21,Humber Summit,21,Humber Summit (21),D31,614517.0473,4846615.4222
9852,7882964,1383782,8/3/2013 8:00:00 AM,1610,DANFORTH Ave,BROADVIEW Ave,,Major Arterial,Toronto and East York,43.676192,-79.358859,,Traffic Signal,Clear,Daylight,Dry,Non-Fatal Injury,Angle,Motorcycle Driver,40 to 44,Major,,West,Motorcycle,Going Ahead,Driving Properly,Normal,,,,,,,,,Yes,Yes,,,,,,Yes,Yes,,,68,North Riverdale,68,North Riverdale (68),D55,632291.6478,4837216.8564
9853,7882965,1383782,8/3/2013 8:00:00 AM,1610,DANFORTH Ave,BROADVIEW Ave,,Major Arterial,Toronto and East York,43.676192,-79.358859,,Traffic Signal,Clear,Daylight,Dry,Non-Fatal Injury,Angle,Vehicle Owner,unknown,,,,Other,,,,,,,,,,,,Yes,Yes,,,,,,Yes,Yes,,,68,North Riverdale,68,North Riverdale (68),D55,632291.6478,4837216.8564
9854,7882966,1383782,8/3/2013 8:00:00 AM,1610,DANFORTH Ave,BROADVIEW Ave,,Major Arterial,Toronto and East York,43.676192,-79.358859,,Traffic Signal,Clear,Daylight,Dry,Non-Fatal Injury,Angle,Driver,40 to 44,None,,East,"Automobile, Station Wagon",Stopped,Driving Properly,Normal,,,,,,,,,Yes,Yes,,,,,,Yes,Yes,,,68,North Riverdale,68,North Riverdale (68),D55,632291.6478,4837216.8564
9855,7882967,1383782,8/3/2013 8:00:00 AM,1610,DANFORTH Ave,BROADVIEW Ave,,Major Arterial,Toronto and East York,43.676192,-79.358859,,Traffic Signal,Clear,Daylight,Dry,Non-Fatal Injury,Angle,Driver,75 to 79,Minimal,,South,"Automobile, Station Wagon",Going Ahead,Disobeyed Traffic Control,Inattentive,,,,,,,,,Yes,Yes,,,,,,Yes,Yes,,,68,North Riverdale,68,North Riverdale (68),D55,632291.6478,4837216.8564
9856,7877702,1381629,8/3/2013 8:00:00 AM,1904,ELMHURST Ave,YONGE St,,Collector,North York,43.763011,-79.412151,,No Control,Clear,Daylight,Dry,Non-Fatal Injury,Pedestrian Collisions,Vehicle Owner,unknown,,,,Other,,,,,,,,,,Yes,,Yes,,,,,,,,,,,38,Lansing-Westgate,38,Lansing-Westgate (38),D32,627811.0258,4846775.7288
9857,7877703,1381629,8/3/2013 8:00:00 AM,1904,ELMHURST Ave,YONGE St,,Collector,North York,43.763011,-79.412151,,No Control,Clear,Daylight,Dry,Non-Fatal Injury,Pedestrian Collisions,Driver,20 to 24,None,,West,"Automobile, Station Wagon",Reversing,Other,Inattentive,,,,,,,Yes,,Yes,,,,,,,,,,,38,Lansing-Westgate,38,Lansing-Westgate (38),D32,627811.0258,4846775.7288
9858,7877704,1381629,8/3/2013 8:00:00 AM,1904,ELMHURST Ave,YONGE St,,Collector,North York,43.763011,-79.412151,,No Control,Clear,Daylight,Dry,Non-Fatal Injury,Pedestrian Collisions,Pedestrian,15 to 19,Minimal,,North,Other,,,,Vehicle is reversing and hits pedestrian,Other,Normal,,,,Yes,,Yes,,,,,,,,,,,38,Lansing-Westgate,38,Lansing-Westgate (38),D32,627811.0258,4846775.7288
9859,7877705,1381629,8/3/2013 8:00:00 AM,1904,ELMHURST Ave,YONGE St,,Collector,North York,43.763011,-79.412151,,No Control,Clear,Daylight,Dry,Non-Fatal Injury,Pedestrian Collisions,Pedestrian,50 to 54,Major,,North,Other,,,,Vehicle is reversing and hits pedestrian,Other,Normal,,,,Yes,,Yes,,,,,,,,,,,38,Lansing-Westgate,38,Lansing-Westgate (38),D32,627811.0258,4846775.7288
9860,7848920,1369177,8/3/2013 8:00:00 AM,2048,LAKE SHORE BLVD W,DOWLING S LAKESHORE W RAMP,,Major Arterial,Toronto and East York,43.634444,-79.43909,,No Control,Clear,Dusk,Dry,Fatal,Other,Vehicle Owner,unknown,,,,,,,,,,,,,,,,,,Yes,,,Yes,,,,,,85,South Parkdale,85,South Parkdale (85),D14,625911.4191,4832455.3608
9861,7848921,1369177,8/3/2013 8:00:00 AM,2048,LAKE SHORE BLVD W,DOWLING S LAKESHORE W RAMP,,Major Arterial,Toronto and East York,43.634444,-79.43909,,No Control,Clear,Dusk,Dry,Fatal,Other,Truck Driver,50 to 54,None,,West,Truck-Tractor,Going Ahead,Driving Properly,Unknown,,,,,,,,,,,Yes,,,Yes,,,,,,85,South Parkdale,85,South Parkdale (85),D14,625911.4191,4832455.3608
9862,7848922,1369177,8/3/2013 8:00:00 AM,2048,LAKE SHORE BLVD W,DOWLING S LAKESHORE W RAMP,,Major Arterial,Toronto and East York,43.634444,-79.43909,,No Control,Clear,Dusk,Dry,Fatal,Other,Other,unknown,None,,,,,,,,,,,,,,,,,Yes,,,Yes,,,,,,85,South Parkdale,85,South Parkdale (85),D14,625911.4191,4832455.3608
9863,7848923,1369177,8/3/2013 8:00:00 AM,2048,LAKE SHORE BLVD W,DOWLING S LAKESHORE W RAMP,,Major Arterial,Toronto and East York,43.634444,-79.43909,,No Control,Clear,Dusk,Dry,Fatal,Other,Passenger,15 to 19,Fatal,28,,,,,,,,,,,,,,,,Yes,,,Yes,,,,,,85,South Parkdale,85,South Parkdale (85),D14,625911.4191,4832455.3608
9864,7877757,1381650,8/3/2013 8:00:00 AM,2213,JANE St,TRETHEWEY Dr,,Major Arterial,Etobicoke York,43.697585,-79.502368,,Traffic Signal,Clear,"Dark, artificial",Dry,Non-Fatal Injury,Pedestrian Collisions,Driver,35 to 39,None,,North,"Automobile, Station Wagon",Going Ahead,Driving Properly,Normal,,,,,,,Yes,,Yes,,,,,,,,,,,30,Brookhaven-Amesbury,30,Brookhaven-Amesbury (30),D12,620680.4388,4839373.9597
9865,7877758,1381650,8/3/2013 8:00:00 AM,2213,JANE St,TRETHEWEY Dr,,Major Arterial,Etobicoke York,43.697585,-79.502368,,Traffic Signal,Clear,"Dark, artificial",Dry,Non-Fatal Injury,Pedestrian Collisions,Pedestrian,20 to 24,Major,,East,,,,,Vehicle is going straight thru inter.while ped cross without ROW,Crossing without right of way,Inattentive,,,,Yes,,Yes,,,,,,,,,,,30,Brookhaven-Amesbury,30,Brookhaven-Amesbury (30),D12,620680.4388,4839373.9597
9866,7850500,1369861,8/5/2013 8:00:00 AM,255,DUNDAS St W,JANE St,,Major Arterial,Toronto and East York,43.665745,-79.49119,At Intersection,Traffic Signal,Clear,"Dark, artificial",Dry,Non-Fatal Injury,Pedestrian Collisions,Driver,unknown,None,,West,"Automobile, Station Wagon",Turning Right,Failed to Yield Right of Way,Unknown,,,,,,,Yes,,Yes,,,,,,,Yes,,,,89,Runnymede-Bloor West Village,89,Runnymede-Bloor West Village (89),D11,621645.5091,4835854.0309
9867,7850501,1369861,8/5/2013 8:00:00 AM,255,DUNDAS St W,JANE St,,Major Arterial,Toronto and East York,43.665745,-79.49119,At Intersection,Traffic Signal,Clear,"Dark, artificial",Dry,Non-Fatal Injury,Pedestrian Collisions,Pedestrian,20 to 24,Major,,North,Other,,,,Vehicle turns right while ped crosses with ROW at inter.,Crossing with right of way,Had Been Drinking,,,,Yes,,Yes,,,,,,,Yes,,,,89,Runnymede-Bloor West Village,89,Runnymede-Bloor West Village (89),D11,621645.5091,4835854.0309
9868,7878011,1381745,8/5/2013 8:00:00 AM,1210,ISLINGTON AVE,THE QUEENSWAY,,Major Arterial,Etobicoke York,43.623583,-79.514774,,Traffic Signal,Clear,Daylight,Dry,Non-Fatal Injury,Pedestrian Collisions,Vehicle Owner,unknown,,,,Other,,,,,,,,,,Yes,,Yes,,,,,,,Yes,,,,16,Stonegate-Queensway,16,Stonegate-Queensway (16),D22,619827.8646,4831137.0968
9869,7878012,1381745,8/5/2013 8:00:00 AM,1210,ISLINGTON AVE,THE QUEENSWAY,,Major Arterial,Etobicoke York,43.623583,-79.514774,,Traffic Signal,Clear,Daylight,Dry,Non-Fatal Injury,Pedestrian Collisions,Driver,20 to 24,None,,South,"Automobile, Station Wagon",Turning Right,Failed to Yield Right of Way,Normal,,,,,,,Yes,,Yes,,,,,,,Yes,,,,16,Stonegate-Queensway,16,Stonegate-Queensway (16),D22,619827.8646,4831137.0968
9870,7878013,1381745,8/5/2013 8:00:00 AM,1210,ISLINGTON AVE,THE QUEENSWAY,,Major Arterial,Etobicoke York,43.623583,-79.514774,,Traffic Signal,Clear,Daylight,Dry,Non-Fatal Injury,Pedestrian Collisions,Pedestrian,85 to 89,Major,,East,Other,,,,Vehicle turns right while ped crosses with ROW at inter.,Crossing with right of way,Normal,,,,Yes,,Yes,,,,,,,Yes,,,,16,Stonegate-Queensway,16,Stonegate-Queensway (16),D22,619827.8646,4831137.0968
9871,7877947,1381722,8/5/2013 8:00:00 AM,2329,GERRARD ST E,HIGHFIELD RD,,Minor Arterial,Toronto and East York,43.671599,-79.324931,,No Control,Clear,Dark,Dry,Non-Fatal Injury,Pedestrian Collisions,Driver,60 to 64,None,,East,"Automobile, Station Wagon",Going Ahead,Driving Properly,Normal,,,,,,,Yes,,Yes,,,,,,,,,,,65,Greenwood-Coxwell,65,Greenwood-Coxwell (65),D55,635036.9009,4836761.4142
9872,7877948,1381722,8/5/2013 8:00:00 AM,2329,GERRARD ST E,HIGHFIELD RD,,Minor Arterial,Toronto and East York,43.671599,-79.324931,,No Control,Clear,Dark,Dry,Non-Fatal Injury,Pedestrian Collisions,Pedestrian,85 to 89,Major,,South,Other,,,,Vehicle is going straight thru inter.while ped cross without ROW,"Crossing, no Traffic Control",Inattentive,,,,Yes,,Yes,,,,,,,,,,,65,Greenwood-Coxwell,65,Greenwood-Coxwell (65),D55,635036.9009,4836761.4142
9873,7849567,1369473,8/7/2013 8:00:00 AM,613,WELLESLEY ST E,PARLIAMENT ST,,Minor Arterial,Toronto and East York,43.668162,-79.369548,At Intersection,Traffic Signal,Clear,Dawn,Dry,Non-Fatal Injury,Pedestrian Collisions,Driver,55 to 59,None,,South,"Automobile, Station Wagon",Turning Right,Failed to Yield Right of Way,Normal,,,,,,,Yes,,Yes,,,,,,,Yes,,,,71,Cabbagetown-South St.James Town,71,Cabbagetown-South St.James Town (71),D51,631447.5327,4836308.0232
9874,7849568,1369473,8/7/2013 8:00:00 AM,613,WELLESLEY ST E,PARLIAMENT ST,,Minor Arterial,Toronto and East York,43.668162,-79.369548,At Intersection,Traffic Signal,Clear,Dawn,Dry,Non-Fatal Injury,Pedestrian Collisions,,unknown,,,,Other,,,,,,,,,,Yes,,Yes,,,,,,,Yes,,,,71,Cabbagetown-South St.James Town,71,Cabbagetown-South St.James Town (71),D51,631447.5327,4836308.0232
9875,7849569,1369473,8/7/2013 8:00:00 AM,613,WELLESLEY ST E,PARLIAMENT ST,,Minor Arterial,Toronto and East York,43.668162,-79.369548,At Intersection,Traffic Signal,Clear,Dawn,Dry,Non-Fatal Injury,Pedestrian Collisions,Pedestrian,20 to 24,Major,,South,Other,,,,Vehicle turns right while ped crosses with ROW at inter.,Crossing with right of way,Unknown,,,,Yes,,Yes,,,,,,,Yes,,,,71,Cabbagetown-South St.James Town,71,Cabbagetown-South St.James Town (71),D51,631447.5327,4836308.0232
9876,7878943,1382121,8/8/2013 8:00:00 AM,725,JANE ST,ALLIANCE AVE,,Major Arterial,Etobicoke York,43.67546,-79.49538,,No Control,Clear,Daylight,Dry,Non-Fatal Injury,Approaching,Passenger,55 to 59,Minor,,,Other,,,,,,,,,,,,Yes,,,,,Yes,,,,,,111,Rockcliffe-Smythe,111,Rockcliffe-Smythe (111),D12,621288.1239,4836926.8748
9877,7878944,1382121,8/8/2013 8:00:00 AM,725,JANE ST,ALLIANCE AVE,,Major Arterial,Etobicoke York,43.67546,-79.49538,,No Control,Clear,Daylight,Dry,Non-Fatal Injury,Approaching,Driver,55 to 59,Minor,,North,"Automobile, Station Wagon",Going Ahead,Driving Properly,Normal,,,,,,,,,Yes,,,,,Yes,,,,,,111,Rockcliffe-Smythe,111,Rockcliffe-Smythe (111),D12,621288.1239,4836926.8748
9878,7878945,1382121,8/8/2013 8:00:00 AM,725,JANE ST,ALLIANCE AVE,,Major Arterial,Etobicoke York,43.67546,-79.49538,,No Control,Clear,Daylight,Dry,Non-Fatal Injury,Approaching,Driver,40 to 44,Major,,South,"Automobile, Station Wagon",Going Ahead,Other,Normal,,,,,,,,,Yes,,,,,Yes,,,,,,111,Rockcliffe-Smythe,111,Rockcliffe-Smythe (111),D12,621288.1239,4836926.8748
9879,7850014,1369657,8/9/2013 8:00:00 AM,936,LOWER JARVIS St,THE ESPLANADE,,Major Arterial,Toronto and East York,43.648215,-79.370921,,Traffic Signal,Clear,Daylight,Dry,Non-Fatal Injury,Pedestrian Collisions,Vehicle Owner,unknown,,,,Other,,,,,,,,,,Yes,,,,Yes,,,,,Yes,,,,166,St Lawrence-East Bayfront-The Islands,77,Waterfront Communities-The Island (77),D51,631380.3366,4834090.4692
9880,7850015,1369657,8/9/2013 8:00:00 AM,936,LOWER JARVIS St,THE ESPLANADE,,Major Arterial,Toronto and East York,43.648215,-79.370921,,Traffic Signal,Clear,Daylight,Dry,Non-Fatal Injury,Pedestrian Collisions,Truck Driver,45 to 49,None,,East,Truck - Open,Turning Right,Failed to Yield Right of Way,Normal,,,,,,,Yes,,,,Yes,,,,,Yes,,,,166,St Lawrence-East Bayfront-The Islands,77,Waterfront Communities-The Island (77),D51,631380.3366,4834090.4692
9881,7850016,1369657,8/9/2013 8:00:00 AM,936,LOWER JARVIS St,THE ESPLANADE,,Major Arterial,Toronto and East York,43.648215,-79.370921,,Traffic Signal,Clear,Daylight,Dry,Non-Fatal Injury,Pedestrian Collisions,Pedestrian,85 to 89,Major,,North,Other,,,,Vehicle turns right while ped crosses with ROW at inter.,Crossing with right of way,Normal,,,,Yes,,,,Yes,,,,,Yes,,,,166,St Lawrence-East Bayfront-The Islands,77,Waterfront Communities-The Island (77),D51,631380.3366,4834090.4692
9882,7850067,1369675,8/9/2013 8:00:00 AM,1040,EGLINTON Ave W,WINONA Dr,,Major Arterial,North York,43.6981,-79.439044,At Intersection,No Control,Clear,Daylight,Dry,Non-Fatal Injury,Turning Movement,Vehicle Owner,unknown,,,,Other,,,,,,,,,,,,Yes,Yes,,,,,,Yes,,,,107,Oakwood Village,107,Oakwood Village (107),D13,625782.1083,4839525.273
9883,7850068,1369675,8/9/2013 8:00:00 AM,1040,EGLINTON Ave W,WINONA Dr,,Major Arterial,North York,43.6981,-79.439044,At Intersection,No Control,Clear,Daylight,Dry,Non-Fatal Injury,Turning Movement,Motorcycle Driver,40 to 44,Major,,East,Motorcycle,Going Ahead,Driving Properly,Normal,,,,,,,,,Yes,Yes,,,,,,Yes,,,,107,Oakwood Village,107,Oakwood Village (107),D13,625782.1083,4839525.273
9884,7850069,1369675,8/9/2013 8:00:00 AM,1040,EGLINTON Ave W,WINONA Dr,,Major Arterial,North York,43.6981,-79.439044,At Intersection,No Control,Clear,Daylight,Dry,Non-Fatal Injury,Turning Movement,Driver,40 to 44,None,,West,"Automobile, Station Wagon",Turning Left,Failed to Yield Right of Way,Normal,,,,,,,,,Yes,Yes,,,,,,Yes,,,,107,Oakwood Village,107,Oakwood Village (107),D13,625782.1083,4839525.273
9885,7850188,1369726,8/9/2013 8:00:00 AM,1325,LAKE SHORE BLVD W,QUEENS AVE,,Major Arterial,Etobicoke York,43.60966,-79.49026,,No Control,Clear,Daylight,Dry,Non-Fatal Injury,Turning Movement,Passenger,unknown,Minor,,,Other,,,,,,,,,,,,Yes,,,,,Yes,,,,,,160,Mimico-Queensway,17,Mimico (includes Humber Bay Shores) (17),D22,621833.7828,4829626.4487
9886,7850189,1369726,8/9/2013 8:00:00 AM,1325,LAKE SHORE BLVD W,QUEENS AVE,,Major Arterial,Etobicoke York,43.60966,-79.49026,,No Control,Clear,Daylight,Dry,Non-Fatal Injury,Turning Movement,Driver,50 to 54,Major,,,"Automobile, Station Wagon",Going Ahead,,,,,,,,,,,Yes,,,,,Yes,,,,,,160,Mimico-Queensway,17,Mimico (includes Humber Bay Shores) (17),D22,621833.7828,4829626.4487
9887,7850190,1369726,8/9/2013 8:00:00 AM,1325,LAKE SHORE BLVD W,QUEENS AVE,,Major Arterial,Etobicoke York,43.60966,-79.49026,,No Control,Clear,Daylight,Dry,Non-Fatal Injury,Turning Movement,Vehicle Owner,unknown,,,,Other,,,,,,,,,,,,Yes,,,,,Yes,,,,,,160,Mimico-Queensway,17,Mimico (includes Humber Bay Shores) (17),D22,621833.7828,4829626.4487
9888,7850191,1369726,8/9/2013 8:00:00 AM,1325,LAKE SHORE BLVD W,QUEENS AVE,,Major Arterial,Etobicoke York,43.60966,-79.49026,,No Control,Clear,Daylight,Dry,Non-Fatal Injury,Turning Movement,Driver,20 to 24,Minor,,,"Automobile, Station Wagon",Making U Turn,,,,,,,,,,,Yes,,,,,Yes,,,,,,160,Mimico-Queensway,17,Mimico (includes Humber Bay Shores) (17),D22,621833.7828,4829626.4487
9889,7855781,1372200,8/10/2013 8:00:00 AM,250,SPADINA AVE,OXFORD ST,,Major Arterial,Toronto and East York,43.656737,-79.399577,At Intersection,No Control,Clear,"Dark, artificial",Dry,Non-Fatal Injury,Cyclist Collisions,Driver,unknown,None,,South,"Automobile, Station Wagon",Reversing,Other,Unknown,,,,,,,,Yes,Yes,,,,,,,,,,,78,Kensington-Chinatown,78,Kensington-Chinatown (78),D52,629051.0376,4834991.9815
9890,7855782,1372200,8/10/2013 8:00:00 AM,250,SPADINA AVE,OXFORD ST,,Major Arterial,Toronto and East York,43.656737,-79.399577,At Intersection,No Control,Clear,"Dark, artificial",Dry,Non-Fatal Injury,Cyclist Collisions,Cyclist,20 to 24,Major,,South,Bicycle,Slowing or Stopping,,,,,,Cyclist and Driver travelling in same direction. One vehicle rear-ended the other.,Other,Had Been Drinking,,Yes,Yes,,,,,,,,,,,78,Kensington-Chinatown,78,Kensington-Chinatown (78),D52,629051.0376,4834991.9815
9891,7850556,1369884,8/12/2013 8:00:00 AM,745,KENNEDY RD,SHEPPARD Ave E,,Major Arterial,Scarborough,43.783278,-79.288257,At Intersection,Traffic Signal,Clear,Daylight,Dry,Non-Fatal Injury,Pedestrian Collisions,Vehicle Owner,unknown,,,,Other,,,,,,,,,,Yes,,Yes,,,,,,,,,,,128,Agincourt South-Malvern West,128,Agincourt South-Malvern West (128),D42,637737.2161,4849225.3703
9892,7850557,1369884,8/12/2013 8:00:00 AM,745,KENNEDY RD,SHEPPARD Ave E,,Major Arterial,Scarborough,43.783278,-79.288257,At Intersection,Traffic Signal,Clear,Daylight,Dry,Non-Fatal Injury,Pedestrian Collisions,Driver,50 to 54,None,,North,"Automobile, Station Wagon",Turning Left,Driving Properly,Normal,,,,,,,Yes,,Yes,,,,,,,,,,,128,Agincourt South-Malvern West,128,Agincourt South-Malvern West (128),D42,637737.2161,4849225.3703
9893,7850558,1369884,8/12/2013 8:00:00 AM,745,KENNEDY RD,SHEPPARD Ave E,,Major Arterial,Scarborough,43.783278,-79.288257,At Intersection,Traffic Signal,Clear,Daylight,Dry,Non-Fatal Injury,Pedestrian Collisions,Pedestrian,70 to 74,Major,,West,Other,,,,Vehicle turns left while ped crosses without ROW at inter.,Crossing without right of way,Normal,,,,Yes,,Yes,,,,,,,,,,,128,Agincourt South-Malvern West,128,Agincourt South-Malvern West (128),D42,637737.2161,4849225.3703
9894,7850717,1369968,8/12/2013 8:00:00 AM,2055,BATHURST ST,FINCH AVE W,,Major Arterial,North York,43.774256,-79.443103,,No Control,Clear,Dark,Dry,Non-Fatal Injury,Pedestrian Collisions,Vehicle Owner,unknown,,,,Other,,,,,,,,,,Yes,,Yes,,,,,,,,,,,36,Newtonbrook West,36,Newtonbrook West (36),D32,625296.0972,4847977.3518
9895,7850718,1369968,8/12/2013 8:00:00 AM,2055,BATHURST ST,FINCH AVE W,,Major Arterial,North York,43.774256,-79.443103,,No Control,Clear,Dark,Dry,Non-Fatal Injury,Pedestrian Collisions,Driver,55 to 59,None,,North,"Automobile, Station Wagon",Going Ahead,Driving Properly,Normal,,,,,,,Yes,,Yes,,,,,,,,,,,36,Newtonbrook West,36,Newtonbrook West (36),D32,625296.0972,4847977.3518
9896,7850719,1369968,8/12/2013 8:00:00 AM,2055,BATHURST ST,FINCH AVE W,,Major Arterial,North York,43.774256,-79.443103,,No Control,Clear,Dark,Dry,Non-Fatal Injury,Pedestrian Collisions,Pedestrian,75 to 79,Major,,East,Other,,,,Pedestrian hit at mid-block,"Crossing, no Traffic Control",Unknown,,,,Yes,,Yes,,,,,,,,,,,36,Newtonbrook West,36,Newtonbrook West (36),D32,625296.0972,4847977.3518
9897,7850941,1370071,8/13/2013 8:00:00 AM,748,KIPLING Ave,THORNCREST RD,,Major Arterial,Etobicoke York,43.661391,-79.543903,,No Control,Clear,Daylight,Dry,Non-Fatal Injury,Angle,Motorcycle Driver,25 to 29,Major,,South,Motorcycle,Going Ahead,Driving Properly,Normal,,,,,,,,,Yes,Yes,,,,,Yes,Yes,,,,10,Princess-Rosethorn,10,Princess-Rosethorn (10),D22,617404.056,4835294.5229
9898,7850942,1370071,8/13/2013 8:00:00 AM,748,KIPLING Ave,THORNCREST RD,,Major Arterial,Etobicoke York,43.661391,-79.543903,,No Control,Clear,Daylight,Dry,Non-Fatal Injury,Angle,Driver,35 to 39,None,,East,"Automobile, Station Wagon",Other,Failed to Yield Right of Way,Normal,,,,,,,,,Yes,Yes,,,,,Yes,Yes,,,,10,Princess-Rosethorn,10,Princess-Rosethorn (10),D22,617404.056,4835294.5229
9899,7851059,1370122,8/13/2013 8:00:00 AM,1133,STEELES AVE E,MIDDLEFIELD RD,,Major Arterial,Scarborough,43.832644,-79.267993,At Intersection,Traffic Signal,Clear,Daylight,Dry,Fatal,Pedestrian Collisions,Truck Driver,40 to 44,Major,,East,"Truck - Closed (Blazer, etc)",Going Ahead,Exceeding Speed Limit,Unknown,,,,,,,Yes,,,,Yes,Yes,,Yes,Yes,Yes,,,,130,Milliken,130,Milliken (130),D42,639253.0285,4854742.1823
9900,7851060,1370122,8/13/2013 8:00:00 AM,1133,STEELES AVE E,MIDDLEFIELD RD,,Major Arterial,Scarborough,43.832644,-79.267993,At Intersection,Traffic Signal,Clear,Daylight,Dry,Fatal,Pedestrian Collisions,Vehicle Owner,unknown,,,,,,,,,,,,,,Yes,,,,Yes,Yes,,Yes,Yes,Yes,,,,130,Milliken,130,Milliken (130),D42,639253.0285,4854742.1823
9901,7851061,1370122,8/13/2013 8:00:00 AM,1133,STEELES AVE E,MIDDLEFIELD RD,,Major Arterial,Scarborough,43.832644,-79.267993,At Intersection,Traffic Signal,Clear,Daylight,Dry,Fatal,Pedestrian Collisions,Passenger,50 to 54,Fatal,30,,,,,,,,,,,,Yes,,,,Yes,Yes,,Yes,Yes,Yes,,,,130,Milliken,130,Milliken (130),D42,639253.0285,4854742.1823
9902,7851062,1370122,8/13/2013 8:00:00 AM,1133,STEELES AVE E,MIDDLEFIELD RD,,Major Arterial,Scarborough,43.832644,-79.267993,At Intersection,Traffic Signal,Clear,Daylight,Dry,Fatal,Pedestrian Collisions,Driver,35 to 39,Major,,West,Municipal Transit Bus (TTC),Stopped,Driving Properly,Normal,,,,,,,Yes,,,,Yes,Yes,,Yes,Yes,Yes,,,,130,Milliken,130,Milliken (130),D42,639253.0285,4854742.1823
9903,7851063,1370122,8/13/2013 8:00:00 AM,1133,STEELES AVE E,MIDDLEFIELD RD,,Major Arterial,Scarborough,43.832644,-79.267993,At Intersection,Traffic Signal,Clear,Daylight,Dry,Fatal,Pedestrian Collisions,Passenger,20 to 24,Minor,,,,,,,,,,,,,Yes,,,,Yes,Yes,,Yes,Yes,Yes,,,,130,Milliken,130,Milliken (130),D42,639253.0285,4854742.1823
9904,7851064,1370122,8/13/2013 8:00:00 AM,1133,STEELES AVE E,MIDDLEFIELD RD,,Major Arterial,Scarborough,43.832644,-79.267993,At Intersection,Traffic Signal,Clear,Daylight,Dry,Fatal,Pedestrian Collisions,Passenger,unknown,Minimal,,,,,,,,,,,,,Yes,,,,Yes,Yes,,Yes,Yes,Yes,,,,130,Milliken,130,Milliken (130),D42,639253.0285,4854742.1823
9905,7851065,1370122,8/13/2013 8:00:00 AM,1133,STEELES AVE E,MIDDLEFIELD RD,,Major Arterial,Scarborough,43.832644,-79.267993,At Intersection,Traffic Signal,Clear,Daylight,Dry,Fatal,Pedestrian Collisions,Passenger,5 to 9,Minimal,,,,,,,,,,,,,Yes,,,,Yes,Yes,,Yes,Yes,Yes,,,,130,Milliken,130,Milliken (130),D42,639253.0285,4854742.1823
9906,7851066,1370122,8/13/2013 8:00:00 AM,1133,STEELES AVE E,MIDDLEFIELD RD,,Major Arterial,Scarborough,43.832644,-79.267993,At Intersection,Traffic Signal,Clear,Daylight,Dry,Fatal,Pedestrian Collisions,Passenger,30 to 34,Minor,,,,,,,,,,,,,Yes,,,,Yes,Yes,,Yes,Yes,Yes,,,,130,Milliken,130,Milliken (130),D42,639253.0285,4854742.1823
9907,7851067,1370122,8/13/2013 8:00:00 AM,1133,STEELES AVE E,MIDDLEFIELD RD,,Major Arterial,Scarborough,43.832644,-79.267993,At Intersection,Traffic Signal,Clear,Daylight,Dry,Fatal,Pedestrian Collisions,Passenger,55 to 59,Minor,,,,,,,,,,,,,Yes,,,,Yes,Yes,,Yes,Yes,Yes,,,,130,Milliken,130,Milliken (130),D42,639253.0285,4854742.1823