OBJECTID,INDEX,ACCNUM,DATE,TIME,STREET1,STREET2,OFFSET,ROAD_CLASS,DISTRICT,LATITUDE,LONGITUDE,ACCLOC,TRAFFCTL,VISIBILITY,LIGHT,RDSFCOND,ACCLASS,IMPACTYPE,INVTYPE,INVAGE,INJURY,FATAL_NO,INITDIR,VEHTYPE,MANOEUVER,DRIVACT,DRIVCOND,PEDTYPE,PEDACT,PEDCOND,CYCLISTYPE,CYCACT,CYCCOND,PEDESTRIAN,CYCLIST,AUTOMOBILE,MOTORCYCLE,TRUCK,TRSN_CITY_VEH,EMERG_VEH,PASSENGER,SPEEDING,AG_DRIV,REDLIGHT,ALCOHOL,DISABILITY,HOOD_158,NEIGHBOURHOOD_158,HOOD_140,NEIGHBOURHOOD_140,DIVISION,x,y
9968,7855344,1372001,8/23/2013 8:00:00 AM,1840,QUEEN ST W,WILSON PARK RD,,Major Arterial,Toronto and East York,43.639426,-79.442485,,No Control,Clear,Daylight,Dry,Fatal,Pedestrian Collisions,Pedestrian,70 to 74,Fatal,34,South,,,,,Vehicle is going straight thru inter.while ped cross without ROW,"Crossing, no Traffic Control",Unknown,,,,Yes,,Yes,,,,,,,,,,,85,South Parkdale,85,South Parkdale (85),D14,625627.1751,4833003.5312
9969,7895217,1388519,8/25/2013 8:00:00 AM,1615,THE EAST MALL,EAST MALL CRES,,Minor Arterial,Etobicoke York,43.631426,-79.552326,,Traffic Signal,Clear,Daylight,Dry,Non-Fatal Injury,Turning Movement,Vehicle Owner,unknown,,,,Other,,,,,,,,,,,,Yes,,,,,,,Yes,Yes,,,159,Etobicoke City Centre,14,Islington-City Centre West (14),D22,616782.9601,4831954.6477
9970,7895218,1388519,8/25/2013 8:00:00 AM,1615,THE EAST MALL,EAST MALL CRES,,Minor Arterial,Etobicoke York,43.631426,-79.552326,,Traffic Signal,Clear,Daylight,Dry,Non-Fatal Injury,Turning Movement,Driver,35 to 39,Major,,North,"Automobile, Station Wagon",Going Ahead,Disobeyed Traffic Control,Normal,,,,,,,,,Yes,,,,,,,Yes,Yes,,,159,Etobicoke City Centre,14,Islington-City Centre West (14),D22,616782.9601,4831954.6477
9971,7895219,1388519,8/25/2013 8:00:00 AM,1615,THE EAST MALL,EAST MALL CRES,,Minor Arterial,Etobicoke York,43.631426,-79.552326,,Traffic Signal,Clear,Daylight,Dry,Non-Fatal Injury,Turning Movement,Driver,25 to 29,None,,South,"Automobile, Station Wagon",Turning Left,Driving Properly,Normal,,,,,,,,,Yes,,,,,,,Yes,Yes,,,159,Etobicoke City Centre,14,Islington-City Centre West (14),D22,616782.9601,4831954.6477
9972,7882714,1383674,8/26/2013 8:00:00 AM,808,BRIMLEY Rd,DORCOT Ave,,Major Arterial,Scarborough,43.759646,-79.257388,,No Control,Rain,Daylight,Wet,Non-Fatal Injury,Turning Movement,Driver,55 to 59,Minor,,South,"Automobile, Station Wagon",Making U Turn,Improper Turn,Normal,,,,,,,,,Yes,,,,,,,,,,,156,Bendale-Glen Andrew,127,Bendale (127),D43,640276.392,4846652.4942
9973,7882715,1383674,8/26/2013 8:00:00 AM,808,BRIMLEY Rd,DORCOT Ave,,Major Arterial,Scarborough,43.759646,-79.257388,,No Control,Rain,Daylight,Wet,Non-Fatal Injury,Turning Movement,Driver,55 to 59,Major,,South,"Automobile, Station Wagon",Going Ahead,Driving Properly,Inattentive,,,,,,,,,Yes,,,,,,,,,,,156,Bendale-Glen Andrew,127,Bendale (127),D43,640276.392,4846652.4942
9974,7856190,1372377,8/27/2013 8:00:00 AM,1533,HUMBER COLLEGE Blvd,WINDWOOD Dr,,Minor Arterial,Etobicoke York,43.730746,-79.606792,,Pedestrian Crossover,Clear,Daylight,Dry,Fatal,Pedestrian Collisions,Driver,15 to 19,None,,West,Pick Up Truck,Going Ahead,Failed to Yield Right of Way,Normal,,,,,,,Yes,,Yes,,,,,,,Yes,,,,1,West Humber-Clairville,1,West Humber-Clairville (1),D23,612203.905,4842910.2597
9975,7856191,1372377,8/27/2013 8:00:00 AM,1533,HUMBER COLLEGE Blvd,WINDWOOD Dr,,Minor Arterial,Etobicoke York,43.730746,-79.606792,,Pedestrian Crossover,Clear,Daylight,Dry,Fatal,Pedestrian Collisions,Pedestrian,55 to 59,Fatal,35,South,,,,,Pedestrian hit a PXO/ped. Mid-block signal,"Crossing, Pedestrian Crossover",Normal,,,,Yes,,Yes,,,,,,,Yes,,,,1,West Humber-Clairville,1,West Humber-Clairville (1),D23,612203.905,4842910.2597
9976,7883321,1383943,8/27/2013 8:00:00 AM,2020,YONGE St,BELSIZE Dr,,Major Arterial,Toronto and East York,43.700286,-79.397029,At Intersection,Traffic Signal,Rain,"Dark, artificial",Wet,Non-Fatal Injury,Pedestrian Collisions,Truck Driver,25 to 29,None,,East,Truck - Open,Turning Left,Failed to Yield Right of Way,Inattentive,,,,,,,Yes,,,,Yes,,,,,Yes,,,,174,South Eglinton-Davisville,104,Mount Pleasant West (104),D53,629163.0233,4839832.6554
9977,7883322,1383943,8/27/2013 8:00:00 AM,2020,YONGE St,BELSIZE Dr,,Major Arterial,Toronto and East York,43.700286,-79.397029,At Intersection,Traffic Signal,Rain,"Dark, artificial",Wet,Non-Fatal Injury,Pedestrian Collisions,Pedestrian,25 to 29,Major,,West,Other,,,,Vehicle turns left while ped crosses with ROW at inter.,Crossing with right of way,Normal,,,,Yes,,,,Yes,,,,,Yes,,,,174,South Eglinton-Davisville,104,Mount Pleasant West (104),D53,629163.0233,4839832.6554
9978,7856672,1372585,8/28/2013 8:00:00 AM,545,KENNEDY RD,STRATTON AVE,,Major Arterial,Scarborough,43.738246,-79.270458,,Stop Sign,Clear,Dark,Dry,Non-Fatal Injury,Cyclist Collisions,Driver,35 to 39,None,,South,"Automobile, Station Wagon",Going Ahead,Driving Properly,Normal,,,,,,,,Yes,Yes,,,,,,,,,,,125,Ionview,125,Ionview (125),D41,639273.9017,4844253.6439
9979,7856673,1372585,8/28/2013 8:00:00 AM,545,KENNEDY RD,STRATTON AVE,,Major Arterial,Scarborough,43.738246,-79.270458,,Stop Sign,Clear,Dark,Dry,Non-Fatal Injury,Cyclist Collisions,Cyclist,40 to 44,Major,,West,Bicycle,Going Ahead,,,,,,"Cyclist without ROW rides into path of motorist at inter, lnwy, dwy-Cyclist not turn.",Failed to Yield Right of Way,Inattentive,,Yes,Yes,,,,,,,,,,,125,Ionview,125,Ionview (125),D41,639273.9017,4844253.6439
9980,7856683,1372589,8/28/2013 8:00:00 AM,1710,WILSON HEIGHTS BLVD,ANSFORD AVE,,Minor Arterial,North York,43.735579,-79.447803,At Intersection,No Control,Clear,Daylight,Dry,Non-Fatal Injury,Pedestrian Collisions,Driver,50 to 54,None,,South,"Automobile, Station Wagon",Going Ahead,Driving Properly,Normal,,,,,,,Yes,,Yes,,,,,,,,,,,33,Clanton Park,33,Clanton Park (33),D32,624998.3476,4843674.5956
9981,7856684,1372589,8/28/2013 8:00:00 AM,1710,WILSON HEIGHTS BLVD,ANSFORD AVE,,Minor Arterial,North York,43.735579,-79.447803,At Intersection,No Control,Clear,Daylight,Dry,Non-Fatal Injury,Pedestrian Collisions,Pedestrian,40 to 44,Major,,West,Other,,,,Vehicle is going straight thru inter.while ped cross without ROW,"Crossing, no Traffic Control",Normal,,,,Yes,,Yes,,,,,,,,,,,33,Clanton Park,33,Clanton Park (33),D32,624998.3476,4843674.5956
9982,7882758,1383697,8/28/2013 8:00:00 AM,2015,LAWRENCE Ave E,BARRYMORE Rd,,Major Arterial,Scarborough,43.754271,-79.251552,,Traffic Signal,Clear,"Dark, artificial",Dry,Non-Fatal Injury,Pedestrian Collisions,Driver,25 to 29,None,,West,"Automobile, Station Wagon",Going Ahead,Driving Properly,Normal,,,,,,,Yes,,Yes,,,,,,,,,,,157,Bendale South,127,Bendale (127),D43,640758.7857,4846065.4198
9983,7882759,1383697,8/28/2013 8:00:00 AM,2015,LAWRENCE Ave E,BARRYMORE Rd,,Major Arterial,Scarborough,43.754271,-79.251552,,Traffic Signal,Clear,"Dark, artificial",Dry,Non-Fatal Injury,Pedestrian Collisions,Pedestrian,70 to 74,Major,,North,Other,,,,Vehicle is going straight thru inter.while ped cross without ROW,Crossing without right of way,Unknown,,,,Yes,,Yes,,,,,,,,,,,157,Bendale South,127,Bendale (127),D43,640758.7857,4846065.4198
9984,7883551,1384025,8/29/2013 8:00:00 AM,1005,EGLINTON AVE E,BRIMLEY RD,,Major Arterial,Scarborough,43.736685,-79.248081,,Traffic Signal,Clear,Daylight,Dry,Non-Fatal Injury,Pedestrian Collisions,Vehicle Owner,unknown,,,,Other,,,,,,,,,,Yes,,Yes,,,,,,,Yes,,,,124,Kennedy Park,124,Kennedy Park (124),D41,641079.53,4844118.1327
9985,7883552,1384025,8/29/2013 8:00:00 AM,1005,EGLINTON AVE E,BRIMLEY RD,,Major Arterial,Scarborough,43.736685,-79.248081,,Traffic Signal,Clear,Daylight,Dry,Non-Fatal Injury,Pedestrian Collisions,Driver,55 to 59,None,,South,"Automobile, Station Wagon",Turning Left,Failed to Yield Right of Way,Normal,,,,,,,Yes,,Yes,,,,,,,Yes,,,,124,Kennedy Park,124,Kennedy Park (124),D41,641079.53,4844118.1327
9986,7883553,1384025,8/29/2013 8:00:00 AM,1005,EGLINTON AVE E,BRIMLEY RD,,Major Arterial,Scarborough,43.736685,-79.248081,,Traffic Signal,Clear,Daylight,Dry,Non-Fatal Injury,Pedestrian Collisions,Pedestrian,25 to 29,Major,,South,Other,,,,Vehicle turns left while ped crosses with ROW at inter.,Crossing with right of way,Normal,,,,Yes,,Yes,,,,,,,Yes,,,,124,Kennedy Park,124,Kennedy Park (124),D41,641079.53,4844118.1327
9987,7857205,1372794,8/29/2013 8:00:00 AM,1108,DUFFERIN ST,BLOOR ST W,,Major Arterial,Toronto and East York,43.660468,-79.435611,,No Control,Clear,Daylight,Dry,Non-Fatal Injury,SMV Other,Motorcycle Driver,45 to 49,Major,,South,Motorcycle,Going Ahead,Lost control,Normal,,,,,,,,,,Yes,,,,,,,,,,172,Dovercourt Village,93,Dovercourt-Wallace Emerson-Junction (93),D14,626137.5738,4835350.9452
9988,7857416,1372879,8/29/2013 8:00:00 AM,2136,WILLIAM R ALLEN RD,TRANSIT RD,,Major Arterial,North York,43.742278,-79.454852,Non Intersection,No Control,Clear,Dark,Dry,Non-Fatal Injury,Rear End,Motorcycle Passenger,20 to 24,Major,,,,,,,,,,,,,,,Yes,Yes,,,,Yes,Yes,Yes,,,,33,Clanton Park,33,Clanton Park (33),D32,624416.8114,4844408.0068
9989,7857417,1372879,8/29/2013 8:00:00 AM,2136,WILLIAM R ALLEN RD,TRANSIT RD,,Major Arterial,North York,43.742278,-79.454852,Non Intersection,No Control,Clear,Dark,Dry,Non-Fatal Injury,Rear End,Vehicle Owner,unknown,,,,Other,,,,,,,,,,,,Yes,Yes,,,,Yes,Yes,Yes,,,,33,Clanton Park,33,Clanton Park (33),D32,624416.8114,4844408.0068
9990,7857418,1372879,8/29/2013 8:00:00 AM,2136,WILLIAM R ALLEN RD,TRANSIT RD,,Major Arterial,North York,43.742278,-79.454852,Non Intersection,No Control,Clear,Dark,Dry,Non-Fatal Injury,Rear End,Motorcycle Driver,30 to 34,Major,,South,Motorcycle,Going Ahead,Exceeding Speed Limit,Normal,,,,,,,,,Yes,Yes,,,,Yes,Yes,Yes,,,,33,Clanton Park,33,Clanton Park (33),D32,624416.8114,4844408.0068
9991,7857419,1372879,8/29/2013 8:00:00 AM,2136,WILLIAM R ALLEN RD,TRANSIT RD,,Major Arterial,North York,43.742278,-79.454852,Non Intersection,No Control,Clear,Dark,Dry,Non-Fatal Injury,Rear End,Vehicle Owner,unknown,,,,Other,,,,,,,,,,,,Yes,Yes,,,,Yes,Yes,Yes,,,,33,Clanton Park,33,Clanton Park (33),D32,624416.8114,4844408.0068
9992,7857420,1372879,8/29/2013 8:00:00 AM,2136,WILLIAM R ALLEN RD,TRANSIT RD,,Major Arterial,North York,43.742278,-79.454852,Non Intersection,No Control,Clear,Dark,Dry,Non-Fatal Injury,Rear End,Driver,20 to 24,None,,South,"Automobile, Station Wagon",Going Ahead,Lost control,Normal,,,,,,,,,Yes,Yes,,,,Yes,Yes,Yes,,,,33,Clanton Park,33,Clanton Park (33),D32,624416.8114,4844408.0068
9993,7883739,1384088,8/30/2013 8:00:00 AM,1340,KING St W,SHAW St,,Major Arterial,Toronto and East York,43.641425,-79.415004,,Traffic Signal,Clear,Daylight,Dry,Non-Fatal Injury,Approaching,Passenger,30 to 34,Major,,,Other,,,,,,,,,,,,Yes,,,,,Yes,,,,,,162,West Queen West,82,Niagara (82),D14,627839.5401,4833267.5067
9994,7883740,1384088,8/30/2013 8:00:00 AM,1340,KING St W,SHAW St,,Major Arterial,Toronto and East York,43.641425,-79.415004,,Traffic Signal,Clear,Daylight,Dry,Non-Fatal Injury,Approaching,Vehicle Owner,unknown,,,,Other,,,,,,,,,,,,Yes,,,,,Yes,,,,,,162,West Queen West,82,Niagara (82),D14,627839.5401,4833267.5067
9995,7883741,1384088,8/30/2013 8:00:00 AM,1340,KING St W,SHAW St,,Major Arterial,Toronto and East York,43.641425,-79.415004,,Traffic Signal,Clear,Daylight,Dry,Non-Fatal Injury,Approaching,Driver,30 to 34,Minimal,,West,"Automobile, Station Wagon",Going Ahead,Driving Properly,Normal,,,,,,,,,Yes,,,,,Yes,,,,,,162,West Queen West,82,Niagara (82),D14,627839.5401,4833267.5067
9996,7883742,1384088,8/30/2013 8:00:00 AM,1340,KING St W,SHAW St,,Major Arterial,Toronto and East York,43.641425,-79.415004,,Traffic Signal,Clear,Daylight,Dry,Non-Fatal Injury,Approaching,Driver,unknown,None,,East,"Automobile, Station Wagon",Going Ahead,Other,Unknown,,,,,,,,,Yes,,,,,Yes,,,,,,162,West Queen West,82,Niagara (82),D14,627839.5401,4833267.5067
9997,7857844,1373040,8/30/2013 8:00:00 AM,1545,DANFORTH RD,BARDSEA CRT,,Major Arterial,Scarborough,43.748545,-79.244487,At Intersection,Stop Sign,Clear,Daylight,Dry,Fatal,Turning Movement,Driver,75 to 79,Minimal,,West,"Automobile, Station Wagon",Turning Right,Failed to Yield Right of Way,Normal,,,,,,,,,Yes,Yes,Yes,,,,Yes,Yes,,,,157,Bendale South,127,Bendale (127),D43,641341.0392,4845441.4914
9998,7857845,1373040,8/30/2013 8:00:00 AM,1545,DANFORTH RD,BARDSEA CRT,,Major Arterial,Scarborough,43.748545,-79.244487,At Intersection,Stop Sign,Clear,Daylight,Dry,Fatal,Turning Movement,Motorcycle Driver,45 to 49,Fatal,36,North,Motorcycle,Changing Lanes,Improper Lane Change,Normal,,,,,,,,,Yes,Yes,Yes,,,,Yes,Yes,,,,157,Bendale South,127,Bendale (127),D43,641341.0392,4845441.4914
9999,7857846,1373040,8/30/2013 8:00:00 AM,1545,DANFORTH RD,BARDSEA CRT,,Major Arterial,Scarborough,43.748545,-79.244487,At Intersection,Stop Sign,Clear,Daylight,Dry,Fatal,Turning Movement,Truck Driver,65 to 69,Major,,South,"Truck - Closed (Blazer, etc)",Stopped,Driving Properly,Normal,,,,,,,,,Yes,Yes,Yes,,,,Yes,Yes,,,,157,Bendale South,127,Bendale (127),D43,641341.0392,4845441.4914
10000,7857842,1373039,8/30/2013 8:00:00 AM,1900,91 PARK ST,,,Collector,Scarborough,43.711016,-79.252559,,No Control,Clear,Daylight,Dry,Non-Fatal Injury,Pedestrian Collisions,Pedestrian,60 to 64,Major,,Unknown,Other,,,,Vehicle is reversing and hits pedestrian,Other,Normal,,,,Yes,,Yes,,,,,,,,,,,122,Birchcliffe-Cliffside,122,Birchcliffe-Cliffside (122),D41,640779.0352,4841259.5954
10001,7857843,1373039,8/30/2013 8:00:00 AM,1900,91 PARK ST,,,Collector,Scarborough,43.711016,-79.252559,,No Control,Clear,Daylight,Dry,Non-Fatal Injury,Pedestrian Collisions,Driver,10 to 14,None,,South,"Automobile, Station Wagon",Reversing,Other,Normal,,,,,,,Yes,,Yes,,,,,,,,,,,122,Birchcliffe-Cliffside,122,Birchcliffe-Cliffside (122),D41,640779.0352,4841259.5954
10002,7857847,1373041,8/30/2013 8:00:00 AM,1948,BIRCHMOUNT RD,SCARDEN AVE,,Major Arterial,Scarborough,43.774165,-79.295017,At Intersection,Traffic Signal,Rain,"Dusk, artificial",Wet,Non-Fatal Injury,Pedestrian Collisions,Vehicle Owner,unknown,,,,,,,,,,,,,,Yes,,Yes,,,,,,,Yes,,,,118,Tam O'Shanter-Sullivan,118,Tam O'Shanter-Sullivan (118),D42,637214.1043,4848202.0034
10003,7857848,1373041,8/30/2013 8:00:00 AM,1948,BIRCHMOUNT RD,SCARDEN AVE,,Major Arterial,Scarborough,43.774165,-79.295017,At Intersection,Traffic Signal,Rain,"Dusk, artificial",Wet,Non-Fatal Injury,Pedestrian Collisions,Driver,65 to 69,None,,East,"Automobile, Station Wagon",Turning Left,Failed to Yield Right of Way,Inattentive,,,,,,,Yes,,Yes,,,,,,,Yes,,,,118,Tam O'Shanter-Sullivan,118,Tam O'Shanter-Sullivan (118),D42,637214.1043,4848202.0034
10004,7857849,1373041,8/30/2013 8:00:00 AM,1948,BIRCHMOUNT RD,SCARDEN AVE,,Major Arterial,Scarborough,43.774165,-79.295017,At Intersection,Traffic Signal,Rain,"Dusk, artificial",Wet,Non-Fatal Injury,Pedestrian Collisions,Pedestrian,70 to 74,Major,,East,Other,,,,Vehicle turns left while ped crosses with ROW at inter.,Crossing with right of way,Normal,,,,Yes,,Yes,,,,,,,Yes,,,,118,Tam O'Shanter-Sullivan,118,Tam O'Shanter-Sullivan (118),D42,637214.1043,4848202.0034
10005,7883710,1384077,8/31/2013 8:00:00 AM,1400,45 OVERLEA Blvd,,,Major Arterial,North York,43.705756,-79.349002,,No Control,Clear,Daylight,Dry,Non-Fatal Injury,SMV Other,Vehicle Owner,unknown,,,,Other,,,,,,,,,,,,,Yes,,,,,,,,,,55,Thorncliffe Park,55,Thorncliffe Park (55),D53,633020.8496,4840516.1191
10006,7883711,1384077,8/31/2013 8:00:00 AM,1400,45 OVERLEA Blvd,,,Major Arterial,North York,43.705756,-79.349002,,No Control,Clear,Daylight,Dry,Non-Fatal Injury,SMV Other,Motorcycle Driver,35 to 39,Major,,East,Motorcycle,Going Ahead,Lost control,Normal,,,,,,,,,,Yes,,,,,,,,,,55,Thorncliffe Park,55,Thorncliffe Park (55),D53,633020.8496,4840516.1191
10007,7883861,1384125,9/1/2013 8:00:00 AM,1220,HARBORD St,EUCLID Ave,,Minor Arterial,Toronto and East York,43.66075,-79.413425,,Traffic Controller,Clear,Daylight,Dry,Non-Fatal Injury,Cyclist Collisions,Driver,70 to 74,None,,East,"Automobile, Station Wagon",Going Ahead,Driving Properly,Normal,,,,,,,,Yes,Yes,,,,,,,,,,,80,Palmerston-Little Italy,80,Palmerston-Little Italy (80),D14,627925.8624,4835416.2333
10008,7883862,1384125,9/1/2013 8:00:00 AM,1220,HARBORD St,EUCLID Ave,,Minor Arterial,Toronto and East York,43.66075,-79.413425,,Traffic Controller,Clear,Daylight,Dry,Non-Fatal Injury,Cyclist Collisions,Cyclist,60 to 64,Major,,East,Bicycle,Changing Lanes,,,,,,Cyclist and Driver travelling in same direction. One vehicle sideswipes the other.,Improper Lane Change,Inattentive,,Yes,Yes,,,,,,,,,,,80,Palmerston-Little Italy,80,Palmerston-Little Italy (80),D14,627925.8624,4835416.2333
10009,7858531,1373362,9/2/2013 8:00:00 AM,2152,THE WEST MALL,CIVIC CENTRE CRT,,Minor Arterial,Etobicoke York,43.642237,-79.56599,,Traffic Signal,Clear,Dark,Dry,Non-Fatal Injury,Cyclist Collisions,Driver,unknown,None,,West,"Automobile, Station Wagon",Turning Right,Failed to Yield Right of Way,Normal,,,,,,,,Yes,Yes,,,,,,,Yes,,,,13,Etobicoke West Mall,13,Etobicoke West Mall (13),D22,615659.943,4833136.2125
10010,7858532,1373362,9/2/2013 8:00:00 AM,2152,THE WEST MALL,CIVIC CENTRE CRT,,Minor Arterial,Etobicoke York,43.642237,-79.56599,,Traffic Signal,Clear,Dark,Dry,Non-Fatal Injury,Cyclist Collisions,Cyclist,25 to 29,Major,,North,Bicycle,Going Ahead,,,,,,Motorist turning right on red at signalized intersection strikes cyclist.,Driving Properly,Normal,,Yes,Yes,,,,,,,Yes,,,,13,Etobicoke West Mall,13,Etobicoke West Mall (13),D22,615659.943,4833136.2125
10011,7858868,1373498,9/3/2013 8:00:00 AM,800,SENTINEL RD,LAMBERTON BLVD,,Collector,Etobicoke York,43.753844,-79.499591,At Intersection,Stop Sign,Clear,Daylight,Dry,Fatal,Pedestrian Collisions,Vehicle Owner,unknown,,,,,,,,,,,,,,Yes,,,,Yes,,,,,Yes,,,,27,York University Heights,27,York University Heights (27),D31,620791.0882,4845626.3651
10012,7858869,1373498,9/3/2013 8:00:00 AM,800,SENTINEL RD,LAMBERTON BLVD,,Collector,Etobicoke York,43.753844,-79.499591,At Intersection,Stop Sign,Clear,Daylight,Dry,Fatal,Pedestrian Collisions,Truck Driver,40 to 44,None,,North,Truck - Dump,Turning Left,Failed to Yield Right of Way,Normal,,,,,,,Yes,,,,Yes,,,,,Yes,,,,27,York University Heights,27,York University Heights (27),D31,620791.0882,4845626.3651
10013,7858870,1373498,9/3/2013 8:00:00 AM,800,SENTINEL RD,LAMBERTON BLVD,,Collector,Etobicoke York,43.753844,-79.499591,At Intersection,Stop Sign,Clear,Daylight,Dry,Fatal,Pedestrian Collisions,Pedestrian,10 to 14,Fatal,37,West,,,,,Vehicle turns left while ped crosses with ROW at inter.,Crossing with right of way,Normal,,,,Yes,,,,Yes,,,,,Yes,,,,27,York University Heights,27,York University Heights (27),D31,620791.0882,4845626.3651
10014,7884999,1384688,9/5/2013 8:00:00 AM,1345,BLOOR St W,PRINCE EDWARD Dr S,,Major Arterial,Etobicoke York,43.64868,-79.505443,At Intersection,Traffic Signal,Clear,Daylight,Dry,Non-Fatal Injury,Turning Movement,Driver,50 to 54,Major,,East,Municipal Transit Bus (TTC),Going Ahead,Driving Properly,Normal,,,,,,,,,,Yes,,Yes,,,,Yes,,,,16,Stonegate-Queensway,16,Stonegate-Queensway (16),D22,620530.5101,4833937.9424
10015,7885000,1384688,9/5/2013 8:00:00 AM,1345,BLOOR St W,PRINCE EDWARD Dr S,,Major Arterial,Etobicoke York,43.64868,-79.505443,At Intersection,Traffic Signal,Clear,Daylight,Dry,Non-Fatal Injury,Turning Movement,Vehicle Owner,unknown,,,,Other,,,,,,,,,,,,,Yes,,Yes,,,,Yes,,,,16,Stonegate-Queensway,16,Stonegate-Queensway (16),D22,620530.5101,4833937.9424
10016,7885001,1384688,9/5/2013 8:00:00 AM,1345,BLOOR St W,PRINCE EDWARD Dr S,,Major Arterial,Etobicoke York,43.64868,-79.505443,At Intersection,Traffic Signal,Clear,Daylight,Dry,Non-Fatal Injury,Turning Movement,Motorcycle Driver,45 to 49,None,,West,Motorcycle,Turning Left,Failed to Yield Right of Way,Inattentive,,,,,,,,,,Yes,,Yes,,,,Yes,,,,16,Stonegate-Queensway,16,Stonegate-Queensway (16),D22,620530.5101,4833937.9424
10017,7859717,1373856,9/5/2013 8:00:00 AM,1805,MILNER AVE,SCUNTHORPE RD,,Minor Arterial,Scarborough,43.788844,-79.240093,,Pedestrian Crossover,Clear,Daylight,Dry,Fatal,Pedestrian Collisions,Pedestrian,85 to 89,Fatal,38,South,,,,,Pedestrian hit a PXO/ped. Mid-block signal,"Crossing, Pedestrian Crossover",Unknown,,,,Yes,,,,Yes,,,,,Yes,,,,128,Agincourt South-Malvern West,128,Agincourt South-Malvern West (128),D42,641599.6843,4849924.8312
10018,7859718,1373856,9/5/2013 8:00:00 AM,1805,MILNER AVE,SCUNTHORPE RD,,Minor Arterial,Scarborough,43.788844,-79.240093,,Pedestrian Crossover,Clear,Daylight,Dry,Fatal,Pedestrian Collisions,Truck Driver,60 to 64,None,,West,"Truck - Closed (Blazer, etc)",Going Ahead,Failed to Yield Right of Way,Unknown,,,,,,,Yes,,,,Yes,,,,,Yes,,,,128,Agincourt South-Malvern West,128,Agincourt South-Malvern West (128),D42,641599.6843,4849924.8312
10019,7860081,1374005,9/7/2013 8:00:00 AM,205,ROSEDALE VALLEY RD,BAYVIEW AVE,,Major Arterial,Toronto and East York,43.670146,-79.360187,,No Control,Clear,"Dark, artificial",Dry,Fatal,SMV Other,Motorcycle Driver,35 to 39,Fatal,39,East,Motorcycle,Going Ahead,Speed too Fast For Condition,Unknown,,,,,,,,,,Yes,,,,,Yes,Yes,,,,71,Cabbagetown-South St.James Town,71,Cabbagetown-South St.James Town (71),D51,632197.8717,4836543.2487
10020,7860082,1374005,9/7/2013 8:00:00 AM,205,ROSEDALE VALLEY RD,BAYVIEW AVE,,Major Arterial,Toronto and East York,43.670146,-79.360187,,No Control,Clear,"Dark, artificial",Dry,Fatal,SMV Other,Other Property Owner,unknown,,,,,,,,,,,,,,,,,Yes,,,,,Yes,Yes,,,,71,Cabbagetown-South St.James Town,71,Cabbagetown-South St.James Town (71),D51,632197.8717,4836543.2487
10021,7886796,1385469,9/9/2013 8:00:00 AM,1047,LAKE SHORE BLVD E,BOOTH AVE,,Major Arterial,Toronto and East York,43.653514,-79.340778,,Stop Sign,Clear,Daylight,Dry,Non-Fatal Injury,Cyclist Collisions,Vehicle Owner,unknown,,,,Other,,,,,,,,,,,Yes,Yes,,,,,,,Yes,,,,70,South Riverdale,70,South Riverdale (70),D55,633799.539,4834727.156
10022,7886797,1385469,9/9/2013 8:00:00 AM,1047,LAKE SHORE BLVD E,BOOTH AVE,,Major Arterial,Toronto and East York,43.653514,-79.340778,,Stop Sign,Clear,Daylight,Dry,Non-Fatal Injury,Cyclist Collisions,Driver,45 to 49,None,,South,"Automobile, Station Wagon",Turning Right,Failed to Yield Right of Way,Inattentive,,,,,,,,Yes,Yes,,,,,,,Yes,,,,70,South Riverdale,70,South Riverdale (70),D55,633799.539,4834727.156
10023,7886798,1385469,9/9/2013 8:00:00 AM,1047,LAKE SHORE BLVD E,BOOTH AVE,,Major Arterial,Toronto and East York,43.653514,-79.340778,,Stop Sign,Clear,Daylight,Dry,Non-Fatal Injury,Cyclist Collisions,Cyclist,65 to 69,Major,,West,Bicycle,Going Ahead,,,,,,"Motorist turns right at non-signal Inter.(stop, yield, no cont.,and dwy) and strikes cyclist.",Driving Properly,Normal,,Yes,Yes,,,,,,,Yes,,,,70,South Riverdale,70,South Riverdale (70),D55,633799.539,4834727.156
10024,7886780,1385463,9/9/2013 8:00:00 AM,1250,KING St W,WILSON PARK Rd,,Major Arterial,Toronto and East York,43.636626,-79.441554,,No Control,Clear,Daylight,Dry,Non-Fatal Injury,Sideswipe,Motorcycle Driver,25 to 29,Major,,East,Motorcycle,Going Ahead,Driving Properly,Normal,,,,,,,,,,Yes,,,,Yes,,,,,,85,South Parkdale,85,South Parkdale (85),D14,625708.1078,4832693.965
10025,7886781,1385463,9/9/2013 8:00:00 AM,1250,KING St W,WILSON PARK Rd,,Major Arterial,Toronto and East York,43.636626,-79.441554,,No Control,Clear,Daylight,Dry,Non-Fatal Injury,Sideswipe,Motorcycle Passenger,25 to 29,Minor,,,,,,,,,,,,,,,,Yes,,,,Yes,,,,,,85,South Parkdale,85,South Parkdale (85),D14,625708.1078,4832693.965
10026,7886782,1385463,9/9/2013 8:00:00 AM,1250,KING St W,WILSON PARK Rd,,Major Arterial,Toronto and East York,43.636626,-79.441554,,No Control,Clear,Daylight,Dry,Non-Fatal Injury,Sideswipe,Motorcycle Driver,30 to 34,Minor,,East,Motorcycle,Going Ahead,Lost control,Normal,,,,,,,,,,Yes,,,,Yes,,,,,,85,South Parkdale,85,South Parkdale (85),D14,625708.1078,4832693.965