OBJECTID,INDEX,ACCNUM,DATE,TIME,STREET1,STREET2,OFFSET,ROAD_CLASS,DISTRICT,LATITUDE,LONGITUDE,ACCLOC,TRAFFCTL,VISIBILITY,LIGHT,RDSFCOND,ACCLASS,IMPACTYPE,INVTYPE,INVAGE,INJURY,FATAL_NO,INITDIR,VEHTYPE,MANOEUVER,DRIVACT,DRIVCOND,PEDTYPE,PEDACT,PEDCOND,CYCLISTYPE,CYCACT,CYCCOND,PEDESTRIAN,CYCLIST,AUTOMOBILE,MOTORCYCLE,TRUCK,TRSN_CITY_VEH,EMERG_VEH,PASSENGER,SPEEDING,AG_DRIV,REDLIGHT,ALCOHOL,DISABILITY,HOOD_158,NEIGHBOURHOOD_158,HOOD_140,NEIGHBOURHOOD_140,DIVISION,x,y
10027,7889156,1386339,9/11/2013 8:00:00 AM,16,STEELES AVE E,PICKERING TOWN LINE,,Minor Arterial,Scarborough,43.855197,-79.171344,,No Control,Clear,Dark,Dry,Non-Fatal Injury,Sideswipe,Motorcycle Driver,25 to 29,Major,,West,Motorcycle,Changing Lanes,Lost control,Normal,,,,,,,,,,Yes,,,,,,,,,,144,Morningside Heights,131,Rouge (131),D42,646968.2837,4857414.3532
10028,7889157,1386339,9/11/2013 8:00:00 AM,16,STEELES AVE E,PICKERING TOWN LINE,,Minor Arterial,Scarborough,43.855197,-79.171344,,No Control,Clear,Dark,Dry,Non-Fatal Injury,Sideswipe,Motorcycle Driver,20 to 24,Minor,,West,Motorcycle,Going Ahead,Driving Properly,Normal,,,,,,,,,,Yes,,,,,,,,,,144,Morningside Heights,131,Rouge (131),D42,646968.2837,4857414.3532
10029,7889689,1386526,9/13/2013 8:00:00 AM,722,ROSELAWN AVE,BATHURST ST,,Major Arterial,North York,43.705184,-79.426357,,Traffic Signal,Clear,Daylight,Dry,Non-Fatal Injury,Angle,Driver,55 to 59,Major,,East,"Automobile, Station Wagon",Going Ahead,Driving Properly,Normal,,,,,,,,,Yes,,,,,,,Yes,Yes,,,102,Forest Hill North,102,Forest Hill North (102),D53,626789.505,4840331.3747
10030,7889690,1386526,9/13/2013 8:00:00 AM,722,ROSELAWN AVE,BATHURST ST,,Major Arterial,North York,43.705184,-79.426357,,Traffic Signal,Clear,Daylight,Dry,Non-Fatal Injury,Angle,Driver,50 to 54,None,,West,"Automobile, Station Wagon",Stopped,Driving Properly,Normal,,,,,,,,,Yes,,,,,,,Yes,Yes,,,102,Forest Hill North,102,Forest Hill North (102),D53,626789.505,4840331.3747
10031,7889691,1386526,9/13/2013 8:00:00 AM,722,ROSELAWN AVE,BATHURST ST,,Major Arterial,North York,43.705184,-79.426357,,Traffic Signal,Clear,Daylight,Dry,Non-Fatal Injury,Angle,Driver,75 to 79,Minor,,North,"Automobile, Station Wagon",Going Ahead,Disobeyed Traffic Control,Normal,,,,,,,,,Yes,,,,,,,Yes,Yes,,,102,Forest Hill North,102,Forest Hill North (102),D53,626789.505,4840331.3747
10032,7863107,1375311,9/14/2013 8:00:00 AM,0,POTSDAM RD,WILMONT DR,,Local,Etobicoke York,43.759463,-79.511226,,No Control,Clear,Daylight,Dry,Non-Fatal Injury,SMV Unattended Vehicle,Driver,20 to 24,Major,,East,"Automobile, Station Wagon",Going Ahead,Exceeding Speed Limit,Unknown,,,,,,,,,Yes,,,,,,Yes,Yes,,,,24,Black Creek,24,Black Creek (24),D31,619843.1828,4846233.5363
10033,7863108,1375311,9/14/2013 8:00:00 AM,0,POTSDAM RD,WILMONT DR,,Local,Etobicoke York,43.759463,-79.511226,,No Control,Clear,Daylight,Dry,Non-Fatal Injury,SMV Unattended Vehicle,Other,70 to 74,None,,East,"Automobile, Station Wagon",Parked,,,,,,,,,,,Yes,,,,,,Yes,Yes,,,,24,Black Creek,24,Black Creek (24),D31,619843.1828,4846233.5363
10034,7863164,1375340,9/14/2013 8:00:00 AM,1400,DON MILLS RD,ST DENNIS DR,,Major Arterial,North York,43.716544,-79.337306,,Traffic Signal,Clear,Daylight,Dry,Non-Fatal Injury,Turning Movement,Passenger,25 to 29,Minor,,,Other,,,,,,,,,,,,Yes,Yes,,,,Yes,,,,,,44,Flemingdon Park,44,Flemingdon Park (44),D55,633939.1725,4841733.1151
10035,7863165,1375340,9/14/2013 8:00:00 AM,1400,DON MILLS RD,ST DENNIS DR,,Major Arterial,North York,43.716544,-79.337306,,Traffic Signal,Clear,Daylight,Dry,Non-Fatal Injury,Turning Movement,Motorcycle Driver,40 to 44,Major,,North,Motorcycle,Going Ahead,Driving Properly,Normal,,,,,,,,,Yes,Yes,,,,Yes,,,,,,44,Flemingdon Park,44,Flemingdon Park (44),D55,633939.1725,4841733.1151
10036,7863166,1375340,9/14/2013 8:00:00 AM,1400,DON MILLS RD,ST DENNIS DR,,Major Arterial,North York,43.716544,-79.337306,,Traffic Signal,Clear,Daylight,Dry,Non-Fatal Injury,Turning Movement,Driver,40 to 44,None,,South,"Automobile, Station Wagon",Turning Left,Improper Turn,Inattentive,,,,,,,,,Yes,Yes,,,,Yes,,,,,,44,Flemingdon Park,44,Flemingdon Park (44),D55,633939.1725,4841733.1151
10037,7890015,1386644,9/14/2013 8:00:00 AM,1649,SPADINA AVE,BALDWIN ST,,Major Arterial,Toronto and East York,43.65549,-79.399074,,No Control,Clear,Daylight,Dry,Non-Fatal Injury,Pedestrian Collisions,Vehicle Owner,unknown,,,,Other,,,,,,,,,,Yes,,,,,Yes,,,,,,,,78,Kensington-Chinatown,78,Kensington-Chinatown (78),D52,629094.2699,4834854.2681
10038,7890016,1386644,9/14/2013 8:00:00 AM,1649,SPADINA AVE,BALDWIN ST,,Major Arterial,Toronto and East York,43.65549,-79.399074,,No Control,Clear,Daylight,Dry,Non-Fatal Injury,Pedestrian Collisions,Driver,40 to 44,None,,North,Municipal Transit Bus (TTC),Going Ahead,Driving Properly,Normal,,,,,,,Yes,,,,,Yes,,,,,,,,78,Kensington-Chinatown,78,Kensington-Chinatown (78),D52,629094.2699,4834854.2681
10039,7890017,1386644,9/14/2013 8:00:00 AM,1649,SPADINA AVE,BALDWIN ST,,Major Arterial,Toronto and East York,43.65549,-79.399074,,No Control,Clear,Daylight,Dry,Non-Fatal Injury,Pedestrian Collisions,Pedestrian,35 to 39,Minor,,West,Other,,,,Pedestrian involved in a collision with transit vehicle anywhere along roadway,"Crossing, no Traffic Control",Inattentive,,,,Yes,,,,,Yes,,,,,,,,78,Kensington-Chinatown,78,Kensington-Chinatown (78),D52,629094.2699,4834854.2681
10040,7890018,1386644,9/14/2013 8:00:00 AM,1649,SPADINA AVE,BALDWIN ST,,Major Arterial,Toronto and East York,43.65549,-79.399074,,No Control,Clear,Daylight,Dry,Non-Fatal Injury,Pedestrian Collisions,Pedestrian,40 to 44,Major,,West,Other,,,,Pedestrian involved in a collision with transit vehicle anywhere along roadway,"Crossing, no Traffic Control",Inattentive,,,,Yes,,,,,Yes,,,,,,,,78,Kensington-Chinatown,78,Kensington-Chinatown (78),D52,629094.2699,4834854.2681
10041,7890450,1386819,9/15/2013 8:00:00 AM,1125,DON MILLS Rd,O CONNOR Dr,,Major Arterial,Toronto and East York,43.695563,-79.339641,,Traffic Signal,Clear,Daylight,Dry,Non-Fatal Injury,Rear End,Driver,45 to 49,Minimal,,South,"Automobile, Station Wagon",Stopped,Driving Properly,Normal,,,,,,,,,Yes,,Yes,,,Yes,Yes,Yes,,,,58,Old East York,58,Old East York (58),D55,633797.745,4839399.1059
10042,7890451,1386819,9/15/2013 8:00:00 AM,1125,DON MILLS Rd,O CONNOR Dr,,Major Arterial,Toronto and East York,43.695563,-79.339641,,Traffic Signal,Clear,Daylight,Dry,Non-Fatal Injury,Rear End,Truck Driver,40 to 44,Minimal,,South,Truck - Open,Going Ahead,Exceeding Speed Limit,"Ability Impaired, Drugs",,,,,,,,,Yes,,Yes,,,Yes,Yes,Yes,,,,58,Old East York,58,Old East York (58),D55,633797.745,4839399.1059
10043,7890452,1386819,9/15/2013 8:00:00 AM,1125,DON MILLS Rd,O CONNOR Dr,,Major Arterial,Toronto and East York,43.695563,-79.339641,,Traffic Signal,Clear,Daylight,Dry,Non-Fatal Injury,Rear End,Driver,30 to 34,Major,,South,"Automobile, Station Wagon",Stopped,Driving Properly,Normal,,,,,,,,,Yes,,Yes,,,Yes,Yes,Yes,,,,58,Old East York,58,Old East York (58),D55,633797.745,4839399.1059
10044,7890453,1386819,9/15/2013 8:00:00 AM,1125,DON MILLS Rd,O CONNOR Dr,,Major Arterial,Toronto and East York,43.695563,-79.339641,,Traffic Signal,Clear,Daylight,Dry,Non-Fatal Injury,Rear End,Passenger,60 to 64,Minimal,,,Other,,,,,,,,,,,,Yes,,Yes,,,Yes,Yes,Yes,,,,58,Old East York,58,Old East York (58),D55,633797.745,4839399.1059
10045,7890454,1386819,9/15/2013 8:00:00 AM,1125,DON MILLS Rd,O CONNOR Dr,,Major Arterial,Toronto and East York,43.695563,-79.339641,,Traffic Signal,Clear,Daylight,Dry,Non-Fatal Injury,Rear End,Vehicle Owner,unknown,,,,Other,,,,,,,,,,,,Yes,,Yes,,,Yes,Yes,Yes,,,,58,Old East York,58,Old East York (58),D55,633797.745,4839399.1059
10046,7890455,1386819,9/15/2013 8:00:00 AM,1125,DON MILLS Rd,O CONNOR Dr,,Major Arterial,Toronto and East York,43.695563,-79.339641,,Traffic Signal,Clear,Daylight,Dry,Non-Fatal Injury,Rear End,Driver,25 to 29,None,,South,"Automobile, Station Wagon",Stopped,Driving Properly,Normal,,,,,,,,,Yes,,Yes,,,Yes,Yes,Yes,,,,58,Old East York,58,Old East York (58),D55,633797.745,4839399.1059
10047,7890456,1386819,9/15/2013 8:00:00 AM,1125,DON MILLS Rd,O CONNOR Dr,,Major Arterial,Toronto and East York,43.695563,-79.339641,,Traffic Signal,Clear,Daylight,Dry,Non-Fatal Injury,Rear End,Driver,65 to 69,Major,,South,"Automobile, Station Wagon",Stopped,Driving Properly,Normal,,,,,,,,,Yes,,Yes,,,Yes,Yes,Yes,,,,58,Old East York,58,Old East York (58),D55,633797.745,4839399.1059
10048,7890669,1386897,9/15/2013 8:00:00 AM,1937,DUPONT St,DOVERCOURT Rd,,Major Arterial,Toronto and East York,43.669692,-79.43275,,Traffic Signal,Rain,"Dark, artificial",Wet,Non-Fatal Injury,Cyclist Collisions,Driver,20 to 24,None,,West,"Automobile, Station Wagon",Going Ahead,Improper Passing,Inattentive,,,,,,,,Yes,Yes,,,,,,,Yes,,,,172,Dovercourt Village,93,Dovercourt-Wallace Emerson-Junction (93),D14,626348.9075,4836379.7461
10049,7890670,1386897,9/15/2013 8:00:00 AM,1937,DUPONT St,DOVERCOURT Rd,,Major Arterial,Toronto and East York,43.669692,-79.43275,,Traffic Signal,Rain,"Dark, artificial",Wet,Non-Fatal Injury,Cyclist Collisions,Cyclist,30 to 34,Major,,West,Bicycle,Stopped,,,,,,Cyclist and Driver travelling in same direction. One vehicle rear-ended the other.,Driving Properly,Normal,,Yes,Yes,,,,,,,Yes,,,,172,Dovercourt Village,93,Dovercourt-Wallace Emerson-Junction (93),D14,626348.9075,4836379.7461
10050,7863369,1375428,9/16/2013 8:00:00 AM,130,STEELES AVE W,BATHURST ST,,Major Arterial,North York,43.792533,-79.445163,,No Control,Rain,"Dark, artificial",Wet,Fatal,Pedestrian Collisions,Driver,20 to 24,None,,West,"Automobile, Station Wagon",Going Ahead,Driving Properly,Normal,,,,,,,Yes,,Yes,,,,,,,,,,,36,Newtonbrook West,36,Newtonbrook West (36),D32,625092.1853,4850004.178
10051,7863370,1375428,9/16/2013 8:00:00 AM,130,STEELES AVE W,BATHURST ST,,Major Arterial,North York,43.792533,-79.445163,,No Control,Rain,"Dark, artificial",Wet,Fatal,Pedestrian Collisions,Pedestrian,20 to 24,Fatal,40,North,,,,,Pedestrian hit at mid-block,Running onto Roadway,Unknown,,,,Yes,,Yes,,,,,,,,,,,36,Newtonbrook West,36,Newtonbrook West (36),D32,625092.1853,4850004.178
10052,7892220,1387447,9/17/2013 8:00:00 AM,1527,KINGSTON RD,MIDLAND AVE,,Major Arterial,Scarborough,43.711112,-79.24818,,Traffic Signal,Clear,Daylight,Dry,Non-Fatal Injury,Turning Movement,Driver,75 to 79,Minor,,East,"Automobile, Station Wagon",Going Ahead,Driving Properly,Normal,,,,,,,,,Yes,,,,,Yes,,,,,,123,Cliffcrest,123,Cliffcrest (123),D41,641131.5995,4841277.7044
10053,7892221,1387447,9/17/2013 8:00:00 AM,1527,KINGSTON RD,MIDLAND AVE,,Major Arterial,Scarborough,43.711112,-79.24818,,Traffic Signal,Clear,Daylight,Dry,Non-Fatal Injury,Turning Movement,Passenger,60 to 64,Major,,,Other,,,,,,,,,,,,Yes,,,,,Yes,,,,,,123,Cliffcrest,123,Cliffcrest (123),D41,641131.5995,4841277.7044
10054,7892222,1387447,9/17/2013 8:00:00 AM,1527,KINGSTON RD,MIDLAND AVE,,Major Arterial,Scarborough,43.711112,-79.24818,,Traffic Signal,Clear,Daylight,Dry,Non-Fatal Injury,Turning Movement,Driver,85 to 89,Minor,,West,"Automobile, Station Wagon",Turning Left,Improper Turn,Inattentive,,,,,,,,,Yes,,,,,Yes,,,,,,123,Cliffcrest,123,Cliffcrest (123),D41,641131.5995,4841277.7044
10055,7892223,1387447,9/17/2013 8:00:00 AM,1527,KINGSTON RD,MIDLAND AVE,,Major Arterial,Scarborough,43.711112,-79.24818,,Traffic Signal,Clear,Daylight,Dry,Non-Fatal Injury,Turning Movement,Driver,65 to 69,None,,North,"Automobile, Station Wagon",Stopped,Driving Properly,Normal,,,,,,,,,Yes,,,,,Yes,,,,,,123,Cliffcrest,123,Cliffcrest (123),D41,641131.5995,4841277.7044
10056,7890996,1387019,9/18/2013 8:00:00 AM,837,FINCH AVE E,SANDHURST CRCL,,Major Arterial,Scarborough,43.808814,-79.262767,,Traffic Signal,Clear,Daylight,Dry,Non-Fatal Injury,Pedestrian Collisions,Driver,55 to 59,None,,South,"Automobile, Station Wagon",Turning Left,Improper Turn,Inattentive,,,,,,,Yes,,Yes,,,,,,,,,,,129,Agincourt North,129,Agincourt North (129),D42,639728.7846,4852104.281
10057,7890997,1387019,9/18/2013 8:00:00 AM,837,FINCH AVE E,SANDHURST CRCL,,Major Arterial,Scarborough,43.808814,-79.262767,,Traffic Signal,Clear,Daylight,Dry,Non-Fatal Injury,Pedestrian Collisions,Pedestrian,70 to 74,Major,,North,Other,,,,Vehicle turns left while ped crosses with ROW at inter.,Crossing with right of way,Normal,,,,Yes,,Yes,,,,,,,,,,,129,Agincourt North,129,Agincourt North (129),D42,639728.7846,4852104.281
10058,7864812,1376061,9/18/2013 8:00:00 AM,1634,LAKE SHORE BLVD W,DWIGHT AVE,,Major Arterial,Etobicoke York,43.602343,-79.497989,,No Control,Clear,Daylight,Dry,Fatal,Cyclist Collisions,Passenger,unknown,None,,,,,,,,,,,,,,Yes,Yes,,,,,Yes,,,,,,18,New Toronto,18,New Toronto (18),D22,621224.7546,4828802.4984
10059,7864813,1376061,9/18/2013 8:00:00 AM,1634,LAKE SHORE BLVD W,DWIGHT AVE,,Major Arterial,Etobicoke York,43.602343,-79.497989,,No Control,Clear,Daylight,Dry,Fatal,Cyclist Collisions,Driver,60 to 64,None,,East,"Automobile, Station Wagon",Going Ahead,Driving Properly,Normal,,,,,,,,Yes,Yes,,,,,Yes,,,,,,18,New Toronto,18,New Toronto (18),D22,621224.7546,4828802.4984
10060,7864814,1376061,9/18/2013 8:00:00 AM,1634,LAKE SHORE BLVD W,DWIGHT AVE,,Major Arterial,Etobicoke York,43.602343,-79.497989,,No Control,Clear,Daylight,Dry,Fatal,Cyclist Collisions,Cyclist,50 to 54,Fatal,41,West,Bicycle,Unknown,,,,,,"Cyclist without ROW rides into path of motorist at inter, lnwy, dwy-Cyclist not turn.",Lost control,Unknown,,Yes,Yes,,,,,Yes,,,,,,18,New Toronto,18,New Toronto (18),D22,621224.7546,4828802.4984
10061,7865638,1376445,9/21/2013 8:00:00 AM,1621,EVANS AVE,ISLINGTON AVE,,Major Arterial,Etobicoke York,43.618384,-79.511318,At Intersection,Traffic Signal,Rain,Daylight,Wet,Non-Fatal Injury,Rear End,Driver,70 to 74,Major,,West,"Automobile, Station Wagon",Going Ahead,Lost control,Medical or Physical Disability,,,,,,,,,Yes,,,,,,,,,,Yes,160,Mimico-Queensway,17,Mimico (includes Humber Bay Shores) (17),D22,620117.0491,4830564.6777
10062,7865639,1376445,9/21/2013 8:00:00 AM,1621,EVANS AVE,ISLINGTON AVE,,Major Arterial,Etobicoke York,43.618384,-79.511318,At Intersection,Traffic Signal,Rain,Daylight,Wet,Non-Fatal Injury,Rear End,Driver,50 to 54,None,,West,"Automobile, Station Wagon",Turning Right,Driving Properly,Normal,,,,,,,,,Yes,,,,,,,,,,Yes,160,Mimico-Queensway,17,Mimico (includes Humber Bay Shores) (17),D22,620117.0491,4830564.6777
10063,7891610,1387238,9/21/2013 8:00:00 AM,2140,QUEEN ST W,BATHURST ST,,Major Arterial,Toronto and East York,43.647116,-79.403972,At Intersection,Traffic Signal,Clear,"Dark, artificial",Dry,Non-Fatal Injury,Cyclist Collisions,Driver,15 to 19,None,,East,"Automobile, Station Wagon",Changing Lanes,Improper Lane Change,Had Been Drinking,,,,,,,,Yes,Yes,,,,,,,,,,,164,Wellington Place,77,Waterfront Communities-The Island (77),D14,628717.1921,4833916.6173
10064,7891611,1387238,9/21/2013 8:00:00 AM,2140,QUEEN ST W,BATHURST ST,,Major Arterial,Toronto and East York,43.647116,-79.403972,At Intersection,Traffic Signal,Clear,"Dark, artificial",Dry,Non-Fatal Injury,Cyclist Collisions,Cyclist,40 to 44,Major,,East,Bicycle,Going Ahead,,,,,,Cyclist and Driver travelling in same direction. One vehicle sideswipes the other.,Driving Properly,Normal,,Yes,Yes,,,,,,,,,,,164,Wellington Place,77,Waterfront Communities-The Island (77),D14,628717.1921,4833916.6173
10065,7895174,1388506,9/22/2013 8:00:00 AM,1750,KIPLING Ave,ESTHER LORRIE Dr,,Major Arterial,Etobicoke York,43.731658,-79.576381,,No Control,Clear,Daylight,Dry,Non-Fatal Injury,Rear End,Vehicle Owner,unknown,,,,Other,,,,,,,,,,,,Yes,,,,,Yes,,Yes,,,,4,Rexdale-Kipling,4,Rexdale-Kipling (4),D23,614651.3725,4843053.1765
10066,7895175,1388506,9/22/2013 8:00:00 AM,1750,KIPLING Ave,ESTHER LORRIE Dr,,Major Arterial,Etobicoke York,43.731658,-79.576381,,No Control,Clear,Daylight,Dry,Non-Fatal Injury,Rear End,Driver,40 to 44,None,,South,"Automobile, Station Wagon",Going Ahead,Following too Close,Inattentive,,,,,,,,,Yes,,,,,Yes,,Yes,,,,4,Rexdale-Kipling,4,Rexdale-Kipling (4),D23,614651.3725,4843053.1765
10067,7895176,1388506,9/22/2013 8:00:00 AM,1750,KIPLING Ave,ESTHER LORRIE Dr,,Major Arterial,Etobicoke York,43.731658,-79.576381,,No Control,Clear,Daylight,Dry,Non-Fatal Injury,Rear End,Passenger,30 to 34,Major,,,Other,,,,,,,,,,,,Yes,,,,,Yes,,Yes,,,,4,Rexdale-Kipling,4,Rexdale-Kipling (4),D23,614651.3725,4843053.1765
10068,7895177,1388506,9/22/2013 8:00:00 AM,1750,KIPLING Ave,ESTHER LORRIE Dr,,Major Arterial,Etobicoke York,43.731658,-79.576381,,No Control,Clear,Daylight,Dry,Non-Fatal Injury,Rear End,Driver,35 to 39,Minor,,South,"Automobile, Station Wagon",Turning Right,Improper Turn,Inattentive,,,,,,,,,Yes,,,,,Yes,,Yes,,,,4,Rexdale-Kipling,4,Rexdale-Kipling (4),D23,614651.3725,4843053.1765
10069,7892148,1387422,9/23/2013 8:00:00 AM,1355,DON MILLS RD,EGLINTON AVE E,,Major Arterial,North York,43.720492,-79.338863,,Traffic Signal,Clear,Daylight,Dry,Non-Fatal Injury,Turning Movement,Motorcycle Driver,40 to 44,Major,,South,Motorcycle,Going Ahead,Driving Properly,Normal,,,,,,,,,Yes,Yes,,,,,,Yes,,,,44,Flemingdon Park,44,Flemingdon Park (44),D55,633804.9578,4842169.0826
10070,7892149,1387422,9/23/2013 8:00:00 AM,1355,DON MILLS RD,EGLINTON AVE E,,Major Arterial,North York,43.720492,-79.338863,,Traffic Signal,Clear,Daylight,Dry,Non-Fatal Injury,Turning Movement,Driver,80 to 84,None,,North,"Automobile, Station Wagon",Turning Left,Failed to Yield Right of Way,Normal,,,,,,,,,Yes,Yes,,,,,,Yes,,,,44,Flemingdon Park,44,Flemingdon Park (44),D55,633804.9578,4842169.0826
10071,7867042,1377012,9/24/2013 8:00:00 AM,1742,BARRINGTON AVE,SECORD AVE,,Collector,Toronto and East York,43.692603,-79.302364,,Stop Sign,Clear,Daylight,Dry,Non-Fatal Injury,Pedestrian Collisions,Driver,70 to 74,None,,West,"Automobile, Station Wagon",Going Ahead,Failed to Yield Right of Way,Normal,,,,,,,Yes,,Yes,,,,,,,Yes,,,,61,Taylor-Massey,61,Taylor-Massey (61),D55,636808.4258,4839131.1855
10072,7867043,1377012,9/24/2013 8:00:00 AM,1742,BARRINGTON AVE,SECORD AVE,,Collector,Toronto and East York,43.692603,-79.302364,,Stop Sign,Clear,Daylight,Dry,Non-Fatal Injury,Pedestrian Collisions,Pedestrian,65 to 69,Major,,North,Other,,,,Vehicle is going straight thru inter.while ped cross with ROW,Crossing with right of way,Normal,,,,Yes,,Yes,,,,,,,Yes,,,,61,Taylor-Massey,61,Taylor-Massey (61),D55,636808.4258,4839131.1855
10073,7867897,1377363,9/24/2013 8:00:00 AM,1830,QUEENS QUAY E,BONNYCASTLE ST,,Minor Arterial,Toronto and East York,43.645564,-79.36433,,No Control,Clear,Daylight,Dry,Non-Fatal Injury,Pedestrian Collisions,Driver,45 to 49,None,,West,"Automobile, Station Wagon",Going Ahead,Driving Properly,Normal,,,,,,,Yes,,Yes,,,,,,,,,,,166,St Lawrence-East Bayfront-The Islands,77,Waterfront Communities-The Island (77),D51,631917.6898,4833806.4966
10074,7867898,1377363,9/24/2013 8:00:00 AM,1830,QUEENS QUAY E,BONNYCASTLE ST,,Minor Arterial,Toronto and East York,43.645564,-79.36433,,No Control,Clear,Daylight,Dry,Non-Fatal Injury,Pedestrian Collisions,Pedestrian,20 to 24,Major,,North,Other,,,,Pedestrian hit at mid-block,Other,Other,,,,Yes,,Yes,,,,,,,,,,,166,St Lawrence-East Bayfront-The Islands,77,Waterfront Communities-The Island (77),D51,631917.6898,4833806.4966
10075,7892188,1387438,9/25/2013 8:00:00 AM,1127,DIXON Rd,MARTIN GROVE Rd,,Major Arterial,Etobicoke York,43.691245,-79.572307,,No Control,Clear,Daylight,Dry,Non-Fatal Injury,Sideswipe,Driver,40 to 44,None,,East,"Automobile, Station Wagon",Going Ahead,Driving Properly,Normal,,,,,,,,,Yes,,,,,Yes,,Yes,,,,1,West Humber-Clairville,1,West Humber-Clairville (1),D23,615056.7769,4838570.4017
10076,7892189,1387438,9/25/2013 8:00:00 AM,1127,DIXON Rd,MARTIN GROVE Rd,,Major Arterial,Etobicoke York,43.691245,-79.572307,,No Control,Clear,Daylight,Dry,Non-Fatal Injury,Sideswipe,Passenger,5 to 9,Major,,,Other,,,,,,,,,,,,Yes,,,,,Yes,,Yes,,,,1,West Humber-Clairville,1,West Humber-Clairville (1),D23,615056.7769,4838570.4017
10077,7892190,1387438,9/25/2013 8:00:00 AM,1127,DIXON Rd,MARTIN GROVE Rd,,Major Arterial,Etobicoke York,43.691245,-79.572307,,No Control,Clear,Daylight,Dry,Non-Fatal Injury,Sideswipe,Passenger,20 to 24,Minor,,,Other,,,,,,,,,,,,Yes,,,,,Yes,,Yes,,,,1,West Humber-Clairville,1,West Humber-Clairville (1),D23,615056.7769,4838570.4017
10078,7892191,1387438,9/25/2013 8:00:00 AM,1127,DIXON Rd,MARTIN GROVE Rd,,Major Arterial,Etobicoke York,43.691245,-79.572307,,No Control,Clear,Daylight,Dry,Non-Fatal Injury,Sideswipe,Driver,20 to 24,Minor,,East,"Automobile, Station Wagon",Changing Lanes,Failed to Yield Right of Way,Inattentive,,,,,,,,,Yes,,,,,Yes,,Yes,,,,1,West Humber-Clairville,1,West Humber-Clairville (1),D23,615056.7769,4838570.4017
10079,7867899,1377364,9/25/2013 8:00:00 AM,1859,STEELES AVE W,STEINWAY BLVD,,Major Arterial,Etobicoke York,43.754172,-79.619815,,Stop Sign,Clear,"Dark, artificial",Dry,Fatal,Turning Movement,Motorcycle Driver,55 to 59,Fatal,42,East,Motorcycle,Going Ahead,Driving Properly,Normal,,,,,,,,,Yes,Yes,,,,,Yes,Yes,,,,1,West Humber-Clairville,1,West Humber-Clairville (1),D23,611111.7311,4845494.4993
10080,7867900,1377364,9/25/2013 8:00:00 AM,1859,STEELES AVE W,STEINWAY BLVD,,Major Arterial,Etobicoke York,43.754172,-79.619815,,Stop Sign,Clear,"Dark, artificial",Dry,Fatal,Turning Movement,Driver,40 to 44,None,,North,"Automobile, Station Wagon",Turning Left,Failed to Yield Right of Way,Inattentive,,,,,,,,,Yes,Yes,,,,,Yes,Yes,,,,1,West Humber-Clairville,1,West Humber-Clairville (1),D23,611111.7311,4845494.4993
10081,7892345,1387491,9/25/2013 8:00:00 AM,2025,923 AVENUE Rd,,,Major Arterial,Toronto and East York,43.701007,-79.407092,,No Control,Clear,"Dark, artificial",Dry,Non-Fatal Injury,SMV Other,Vehicle Owner,unknown,,,,Other,,,,,,,,,,,,Yes,,,,,Yes,,,,,,100,Yonge-Eglinton,100,Yonge-Eglinton (100),D53,628350.6278,4839897.1046
10082,7892346,1387491,9/25/2013 8:00:00 AM,2025,923 AVENUE Rd,,,Major Arterial,Toronto and East York,43.701007,-79.407092,,No Control,Clear,"Dark, artificial",Dry,Non-Fatal Injury,SMV Other,Passenger,55 to 59,Major,,,Other,,,,,,,,,,,,Yes,,,,,Yes,,,,,,100,Yonge-Eglinton,100,Yonge-Eglinton (100),D53,628350.6278,4839897.1046
10083,7892347,1387491,9/25/2013 8:00:00 AM,2025,923 AVENUE Rd,,,Major Arterial,Toronto and East York,43.701007,-79.407092,,No Control,Clear,"Dark, artificial",Dry,Non-Fatal Injury,SMV Other,Other Property Owner,unknown,,,,Other,,,,,,,,,,,,Yes,,,,,Yes,,,,,,100,Yonge-Eglinton,100,Yonge-Eglinton (100),D53,628350.6278,4839897.1046
10084,7895708,1387491,9/25/2013 8:00:00 AM,2025,923 AVENUE Rd,,,Major Arterial,Toronto and East York,43.701007,-79.407092,,No Control,Clear,"Dark, artificial",Dry,Non-Fatal Injury,SMV Other,Driver,50 to 54,Minor,,North,"Automobile, Station Wagon",Going Ahead,Lost control,Normal,,,,,,,,,Yes,,,,,Yes,,,,,,100,Yonge-Eglinton,100,Yonge-Eglinton (100),D53,628350.6278,4839897.1046
10085,7895709,1387491,9/25/2013 8:00:00 AM,2025,923 AVENUE Rd,,,Major Arterial,Toronto and East York,43.701007,-79.407092,,No Control,Clear,"Dark, artificial",Dry,Non-Fatal Injury,SMV Other,Vehicle Owner,unknown,,,,Other,,,,,,,,,,,,Yes,,,,,Yes,,,,,,100,Yonge-Eglinton,100,Yonge-Eglinton (100),D53,628350.6278,4839897.1046
10086,7868337,1377544,9/26/2013 8:00:00 AM,925,38 GERVAIS DR,,,Collector,North York,43.724089,-79.336932,,No Control,Clear,Daylight,Dry,Non-Fatal Injury,SMV Other,Other Property Owner,unknown,,,,Other,,,,,,,,,,,,Yes,,,,,,,,,,,42,Banbury-Don Mills,42,Banbury-Don Mills (42),D33,633952.4851,4842571.7011
10087,7868338,1377544,9/26/2013 8:00:00 AM,925,38 GERVAIS DR,,,Collector,North York,43.724089,-79.336932,,No Control,Clear,Daylight,Dry,Non-Fatal Injury,SMV Other,Driver,80 to 84,Major,,West,"Automobile, Station Wagon",Going Ahead,Lost control,Normal,,,,,,,,,Yes,,,,,,,,,,,42,Banbury-Don Mills,42,Banbury-Don Mills (42),D33,633952.4851,4842571.7011