OBJECTID,INDEX,ACCNUM,DATE,TIME,STREET1,STREET2,OFFSET,ROAD_CLASS,DISTRICT,LATITUDE,LONGITUDE,ACCLOC,TRAFFCTL,VISIBILITY,LIGHT,RDSFCOND,ACCLASS,IMPACTYPE,INVTYPE,INVAGE,INJURY,FATAL_NO,INITDIR,VEHTYPE,MANOEUVER,DRIVACT,DRIVCOND,PEDTYPE,PEDACT,PEDCOND,CYCLISTYPE,CYCACT,CYCCOND,PEDESTRIAN,CYCLIST,AUTOMOBILE,MOTORCYCLE,TRUCK,TRSN_CITY_VEH,EMERG_VEH,PASSENGER,SPEEDING,AG_DRIV,REDLIGHT,ALCOHOL,DISABILITY,HOOD_158,NEIGHBOURHOOD_158,HOOD_140,NEIGHBOURHOOD_140,DIVISION,x,y
10088,7868315,1377536,9/26/2013 8:00:00 AM,1050,BROADVIEW AVE,DUNDAS ST E,,Major Arterial,Toronto and East York,43.662455,-79.351352,,Traffic Signal,Clear,Daylight,Dry,Fatal,Pedestrian Collisions,Driver,60 to 64,None,,South,Passenger Van,Turning Left,Failed to Yield Right of Way,Inattentive,,,,,,,Yes,,Yes,,,,,,,Yes,,,,70,South Riverdale,70,South Riverdale (70),D55,632927.1117,4835703.1773
10089,7868316,1377536,9/26/2013 8:00:00 AM,1050,BROADVIEW AVE,DUNDAS ST E,,Major Arterial,Toronto and East York,43.662455,-79.351352,,Traffic Signal,Clear,Daylight,Dry,Fatal,Pedestrian Collisions,Pedestrian,90 to 94,Fatal,43,North,,,,,Vehicle turns left while ped crosses with ROW at inter.,Crossing with right of way,Normal,,,,Yes,,Yes,,,,,,,Yes,,,,70,South Riverdale,70,South Riverdale (70),D55,632927.1117,4835703.1773
10090,7868352,1377550,9/26/2013 8:00:00 AM,1800,LAWRENCE Ave W,WESTON Rd,,Major Arterial,Etobicoke York,43.700148,-79.516185,,No Control,Clear,Daylight,Dry,Non-Fatal Injury,Pedestrian Collisions,Driver,30 to 34,None,,West,"Automobile, Station Wagon",Going Ahead,Driving Properly,Normal,,,,,,,Yes,,Yes,,,,,,,,,,,113,Weston,113,Weston (113),D12,619561.9503,4839638.5985
10091,7868353,1377550,9/26/2013 8:00:00 AM,1800,LAWRENCE Ave W,WESTON Rd,,Major Arterial,Etobicoke York,43.700148,-79.516185,,No Control,Clear,Daylight,Dry,Non-Fatal Injury,Pedestrian Collisions,Pedestrian,80 to 84,Major,,South,Other,,,,Pedestrian hit at mid-block,Coming From Behind Parked Vehicle,Normal,,,,Yes,,Yes,,,,,,,,,,,113,Weston,113,Weston (113),D12,619561.9503,4839638.5985
10092,7892789,1387644,9/26/2013 8:00:00 AM,1830,COLLEGE St,SHAW St,,Major Arterial,Toronto and East York,43.654845,-79.420291,,Stop Sign,Clear,Daylight,Dry,Non-Fatal Injury,Cyclist Collisions,Vehicle Owner,unknown,,,,Other,,,,,,,,,,,Yes,Yes,,,,,,,Yes,,,,81,Trinity-Bellwoods,81,Trinity-Bellwoods (81),D14,627384.7359,4834749.842
10093,7892790,1387644,9/26/2013 8:00:00 AM,1830,COLLEGE St,SHAW St,,Major Arterial,Toronto and East York,43.654845,-79.420291,,Stop Sign,Clear,Daylight,Dry,Non-Fatal Injury,Cyclist Collisions,Driver,25 to 29,None,,South,"Automobile, Station Wagon",Turning Left,Failed to Yield Right of Way,Inattentive,,,,,,,,Yes,Yes,,,,,,,Yes,,,,81,Trinity-Bellwoods,81,Trinity-Bellwoods (81),D14,627384.7359,4834749.842
10094,7892791,1387644,9/26/2013 8:00:00 AM,1830,COLLEGE St,SHAW St,,Major Arterial,Toronto and East York,43.654845,-79.420291,,Stop Sign,Clear,Daylight,Dry,Non-Fatal Injury,Cyclist Collisions,Cyclist,40 to 44,Major,,West,Bicycle,Going Ahead,,,,,,Motorist turned left across cyclists path.,Driving Properly,Normal,,Yes,Yes,,,,,,,Yes,,,,81,Trinity-Bellwoods,81,Trinity-Bellwoods (81),D14,627384.7359,4834749.842
10095,7878153,1381801,9/27/2013 8:00:00 AM,422,BAYVIEW BLOOR DVP RAMP,BAYVIEW BLOOR DVP N RAMP,,,Toronto and East York,43.683283,-79.36021,,Yield Sign,Clear,Dark,Dry,Non-Fatal Injury,SMV Other,Passenger,unknown,Minor,,,Other,,,,,,,,,,,,Yes,,,,,Yes,,,,Yes,,57,Broadview North,57,Broadview North (57),D55,632167.1724,4838002.2552
10096,7878154,1381801,9/27/2013 8:00:00 AM,422,BAYVIEW BLOOR DVP RAMP,BAYVIEW BLOOR DVP N RAMP,,,Toronto and East York,43.683283,-79.36021,,Yield Sign,Clear,Dark,Dry,Non-Fatal Injury,SMV Other,Driver,30 to 34,Major,,North,"Automobile, Station Wagon",Merging,,"Ability Impaired, Alcohol",,,,,,,,,Yes,,,,,Yes,,,,Yes,,57,Broadview North,57,Broadview North (57),D55,632167.1724,4838002.2552
10097,7893404,1387882,9/28/2013 8:00:00 AM,1136,LOWER SHERBOURNE Stre,THE ESPLANADE,,Minor Arterial,Toronto and East York,43.649043,-79.36729,,Traffic Signal,Clear,Daylight,Dry,Non-Fatal Injury,Pedestrian Collisions,Driver,75 to 79,None,,West,"Automobile, Station Wagon",Turning Left,Failed to Yield Right of Way,Inattentive,,,,,,,Yes,,Yes,,,,,,,Yes,,,,166,St Lawrence-East Bayfront-The Islands,77,Waterfront Communities-The Island (77),D51,631671.3598,4834188.1843
10098,7893405,1387882,9/28/2013 8:00:00 AM,1136,LOWER SHERBOURNE Stre,THE ESPLANADE,,Minor Arterial,Toronto and East York,43.649043,-79.36729,,Traffic Signal,Clear,Daylight,Dry,Non-Fatal Injury,Pedestrian Collisions,Pedestrian,80 to 84,Major,,East,Other,,,,Vehicle turns left while ped crosses with ROW at inter.,Crossing with right of way,Normal,,,,Yes,,Yes,,,,,,,Yes,,,,166,St Lawrence-East Bayfront-The Islands,77,Waterfront Communities-The Island (77),D51,631671.3598,4834188.1843
10099,7893455,1387900,9/29/2013 8:00:00 AM,1305,BIRCHMOUNT Rd,BERTRAND Ave,,Major Arterial,Scarborough,43.735228,-79.279865,,Traffic Signal,Clear,Daylight,Dry,Non-Fatal Injury,Turning Movement,Passenger,55 to 59,Major,,,Other,,,,,,,,,,,,Yes,,,,,Yes,,Yes,,,,119,Wexford/Maryvale,119,Wexford/Maryvale (119),D41,638523.3397,4843902.6789
10100,7893456,1387900,9/29/2013 8:00:00 AM,1305,BIRCHMOUNT Rd,BERTRAND Ave,,Major Arterial,Scarborough,43.735228,-79.279865,,Traffic Signal,Clear,Daylight,Dry,Non-Fatal Injury,Turning Movement,Driver,40 to 44,Minor,,South,"Automobile, Station Wagon",Turning Left,Failed to Yield Right of Way,Normal,,,,,,,,,Yes,,,,,Yes,,Yes,,,,119,Wexford/Maryvale,119,Wexford/Maryvale (119),D41,638523.3397,4843902.6789
10101,7893457,1387900,9/29/2013 8:00:00 AM,1305,BIRCHMOUNT Rd,BERTRAND Ave,,Major Arterial,Scarborough,43.735228,-79.279865,,Traffic Signal,Clear,Daylight,Dry,Non-Fatal Injury,Turning Movement,Passenger,70 to 74,Minor,,,Other,,,,,,,,,,,,Yes,,,,,Yes,,Yes,,,,119,Wexford/Maryvale,119,Wexford/Maryvale (119),D41,638523.3397,4843902.6789
10102,7893458,1387900,9/29/2013 8:00:00 AM,1305,BIRCHMOUNT Rd,BERTRAND Ave,,Major Arterial,Scarborough,43.735228,-79.279865,,Traffic Signal,Clear,Daylight,Dry,Non-Fatal Injury,Turning Movement,Driver,75 to 79,Minor,,North,"Automobile, Station Wagon",Going Ahead,Driving Properly,Normal,,,,,,,,,Yes,,,,,Yes,,Yes,,,,119,Wexford/Maryvale,119,Wexford/Maryvale (119),D41,638523.3397,4843902.6789
10103,7883705,1384076,9/29/2013 8:00:00 AM,1939,ISLINGTON Ave,BEAUMONDE HEIGHTS Dr,,Major Arterial,Etobicoke York,43.743189,-79.568057,,No Control,Clear,"Dark, artificial",Dry,Non-Fatal Injury,Approaching,Passenger,45 to 49,Minimal,,,Other,,,,,,,,,,,,Yes,,,,,Yes,,,,Yes,,3,Thistletown-Beaumond Heights,3,Thistletown-Beaumond Heights (3),D23,615299.6189,4844345.4089
10104,7883706,1384076,9/29/2013 8:00:00 AM,1939,ISLINGTON Ave,BEAUMONDE HEIGHTS Dr,,Major Arterial,Etobicoke York,43.743189,-79.568057,,No Control,Clear,"Dark, artificial",Dry,Non-Fatal Injury,Approaching,Passenger,30 to 34,Minor,,,Other,,,,,,,,,,,,Yes,,,,,Yes,,,,Yes,,3,Thistletown-Beaumond Heights,3,Thistletown-Beaumond Heights (3),D23,615299.6189,4844345.4089
10105,7883707,1384076,9/29/2013 8:00:00 AM,1939,ISLINGTON Ave,BEAUMONDE HEIGHTS Dr,,Major Arterial,Etobicoke York,43.743189,-79.568057,,No Control,Clear,"Dark, artificial",Dry,Non-Fatal Injury,Approaching,Driver,45 to 49,Major,,North,"Automobile, Station Wagon",Going Ahead,Driving Properly,Normal,,,,,,,,,Yes,,,,,Yes,,,,Yes,,3,Thistletown-Beaumond Heights,3,Thistletown-Beaumond Heights (3),D23,615299.6189,4844345.4089
10106,7883708,1384076,9/29/2013 8:00:00 AM,1939,ISLINGTON Ave,BEAUMONDE HEIGHTS Dr,,Major Arterial,Etobicoke York,43.743189,-79.568057,,No Control,Clear,"Dark, artificial",Dry,Non-Fatal Injury,Approaching,Driver,45 to 49,Major,,South,"Automobile, Station Wagon",Going Ahead,Lost control,"Ability Impaired, Alcohol Over .08",,,,,,,,,Yes,,,,,Yes,,,,Yes,,3,Thistletown-Beaumond Heights,3,Thistletown-Beaumond Heights (3),D23,615299.6189,4844345.4089
10107,7883709,1384076,9/29/2013 8:00:00 AM,1939,ISLINGTON Ave,BEAUMONDE HEIGHTS Dr,,Major Arterial,Etobicoke York,43.743189,-79.568057,,No Control,Clear,"Dark, artificial",Dry,Non-Fatal Injury,Approaching,Vehicle Owner,unknown,,,,Other,,,,,,,,,,,,Yes,,,,,Yes,,,,Yes,,3,Thistletown-Beaumond Heights,3,Thistletown-Beaumond Heights (3),D23,615299.6189,4844345.4089
10108,7869578,1378110,9/30/2013 8:00:00 AM,730,DIXON Rd,CARLINGVIEW Dr,,Major Arterial,Etobicoke York,43.686747,-79.595546,,Traffic Signal,Clear,Daylight,Wet,Non-Fatal Injury,Pedestrian Collisions,Pedestrian,60 to 64,Major,,East,Other,,,,Vehicle turns right while ped crosses with ROW at inter.,Crossing with right of way,Normal,,,,Yes,,Yes,,,,,,,Yes,,,,1,West Humber-Clairville,1,West Humber-Clairville (1),D23,613192.4093,4838038.8586
10109,7869579,1378110,9/30/2013 8:00:00 AM,730,DIXON Rd,CARLINGVIEW Dr,,Major Arterial,Etobicoke York,43.686747,-79.595546,,Traffic Signal,Clear,Daylight,Wet,Non-Fatal Injury,Pedestrian Collisions,Vehicle Owner,unknown,,,,Other,,,,,,,,,,Yes,,Yes,,,,,,,Yes,,,,1,West Humber-Clairville,1,West Humber-Clairville (1),D23,613192.4093,4838038.8586
10110,7869580,1378110,9/30/2013 8:00:00 AM,730,DIXON Rd,CARLINGVIEW Dr,,Major Arterial,Etobicoke York,43.686747,-79.595546,,Traffic Signal,Clear,Daylight,Wet,Non-Fatal Injury,Pedestrian Collisions,Driver,45 to 49,None,,East,"Automobile, Station Wagon",Turning Left,Failed to Yield Right of Way,Inattentive,,,,,,,Yes,,Yes,,,,,,,Yes,,,,1,West Humber-Clairville,1,West Humber-Clairville (1),D23,613192.4093,4838038.8586
10111,7887166,1385611,9/30/2013 8:00:00 AM,857,LAKE SHORE BLVD W,NET DR,,Major Arterial,Toronto and East York,43.634032,-79.438045,,No Control,Clear,Daylight,Dry,Fatal,Turning Movement,Vehicle Owner,unknown,,,,,,,,,,,,,,,,Yes,,,,,Yes,,,,,,85,South Parkdale,85,South Parkdale (85),D14,625996.5762,4832411.1886
10112,7887167,1385611,9/30/2013 8:00:00 AM,857,LAKE SHORE BLVD W,NET DR,,Major Arterial,Toronto and East York,43.634032,-79.438045,,No Control,Clear,Daylight,Dry,Fatal,Turning Movement,Driver,20 to 24,None,,West,"Automobile, Station Wagon",Turning Left,Improper Turn,Normal,,,,,,,,,Yes,,,,,Yes,,,,,,85,South Parkdale,85,South Parkdale (85),D14,625996.5762,4832411.1886
10113,7887168,1385611,9/30/2013 8:00:00 AM,857,LAKE SHORE BLVD W,NET DR,,Major Arterial,Toronto and East York,43.634032,-79.438045,,No Control,Clear,Daylight,Dry,Fatal,Turning Movement,Vehicle Owner,unknown,,,,,,,,,,,,,,,,Yes,,,,,Yes,,,,,,85,South Parkdale,85,South Parkdale (85),D14,625996.5762,4832411.1886
10114,7887169,1385611,9/30/2013 8:00:00 AM,857,LAKE SHORE BLVD W,NET DR,,Major Arterial,Toronto and East York,43.634032,-79.438045,,No Control,Clear,Daylight,Dry,Fatal,Turning Movement,Passenger,55 to 59,Fatal,46,,,,,,,,,,,,,,Yes,,,,,Yes,,,,,,85,South Parkdale,85,South Parkdale (85),D14,625996.5762,4832411.1886
10115,7887170,1385611,9/30/2013 8:00:00 AM,857,LAKE SHORE BLVD W,NET DR,,Major Arterial,Toronto and East York,43.634032,-79.438045,,No Control,Clear,Daylight,Dry,Fatal,Turning Movement,Driver,35 to 39,None,,East,"Automobile, Station Wagon",Going Ahead,Driving Properly,Normal,,,,,,,,,Yes,,,,,Yes,,,,,,85,South Parkdale,85,South Parkdale (85),D14,625996.5762,4832411.1886
10116,7893361,1387866,9/30/2013 8:00:00 AM,1640,EGLINTON Ave E,SUTHERLAND Dr,,Major Arterial,North York,43.713069,-79.367221,,Traffic Signal,Clear,Daylight,Dry,Non-Fatal Injury,Turning Movement,Motorcycle Driver,20 to 24,Major,,West,Motorcycle,Going Ahead,Driving Properly,Normal,,,,,,,,,Yes,Yes,,,,,,Yes,,,,56,Leaside-Bennington,56,Leaside-Bennington (56),D53,631536.9319,4841299.2585
10117,7893362,1387866,9/30/2013 8:00:00 AM,1640,EGLINTON Ave E,SUTHERLAND Dr,,Major Arterial,North York,43.713069,-79.367221,,Traffic Signal,Clear,Daylight,Dry,Non-Fatal Injury,Turning Movement,Driver,45 to 49,None,,East,"Automobile, Station Wagon",Turning Left,Failed to Yield Right of Way,Normal,,,,,,,,,Yes,Yes,,,,,,Yes,,,,56,Leaside-Bennington,56,Leaside-Bennington (56),D53,631536.9319,4841299.2585
10118,7870078,1378332,10/1/2013 8:00:00 AM,1006,GERRARD ST E,CARLAW AVE,,Minor Arterial,Toronto and East York,43.667643,-79.342792,At Intersection,Traffic Signal,Clear,Daylight,Dry,Fatal,Pedestrian Collisions,Vehicle Owner,unknown,,,,,,,,,,,,,,Yes,,,,Yes,,,,,Yes,,,,68,North Riverdale,68,North Riverdale (68),D55,633605.7847,4836293.1253
10119,7870079,1378332,10/1/2013 8:00:00 AM,1006,GERRARD ST E,CARLAW AVE,,Minor Arterial,Toronto and East York,43.667643,-79.342792,At Intersection,Traffic Signal,Clear,Daylight,Dry,Fatal,Pedestrian Collisions,Truck Driver,40 to 44,None,,West,Truck-Tractor,Turning Right,Failed to Yield Right of Way,Inattentive,,,,,,,Yes,,,,Yes,,,,,Yes,,,,68,North Riverdale,68,North Riverdale (68),D55,633605.7847,4836293.1253
10120,7870080,1378332,10/1/2013 8:00:00 AM,1006,GERRARD ST E,CARLAW AVE,,Minor Arterial,Toronto and East York,43.667643,-79.342792,At Intersection,Traffic Signal,Clear,Daylight,Dry,Fatal,Pedestrian Collisions,Other,unknown,None,,,,,,,,,,,,,Yes,,,,Yes,,,,,Yes,,,,68,North Riverdale,68,North Riverdale (68),D55,633605.7847,4836293.1253
10121,7870081,1378332,10/1/2013 8:00:00 AM,1006,GERRARD ST E,CARLAW AVE,,Minor Arterial,Toronto and East York,43.667643,-79.342792,At Intersection,Traffic Signal,Clear,Daylight,Dry,Fatal,Pedestrian Collisions,Pedestrian,55 to 59,Fatal,44,West,,,,,Vehicle turns right while ped crosses with ROW at inter.,Crossing with right of way,Unknown,,,,Yes,,,,Yes,,,,,Yes,,,,68,North Riverdale,68,North Riverdale (68),D55,633605.7847,4836293.1253
10122,7892935,1387708,10/2/2013 8:00:00 AM,752,77 KING St W,,,Major Arterial,Toronto and East York,43.648146,-79.38219,,No Control,Clear,Daylight,Dry,Non-Fatal Injury,Cyclist Collisions,Driver,35 to 39,None,,East,"Automobile, Station Wagon",Going Ahead,Exceeding Speed Limit,Normal,,,,,,,,Yes,Yes,,,,,,Yes,Yes,,,,170,Yonge-Bay Corridor,76,Bay Street Corridor (76),D52,630471.6652,4834065.0271
10123,7892936,1387708,10/2/2013 8:00:00 AM,752,77 KING St W,,,Major Arterial,Toronto and East York,43.648146,-79.38219,,No Control,Clear,Daylight,Dry,Non-Fatal Injury,Cyclist Collisions,Driver,55 to 59,None,,East,"Automobile, Station Wagon",Stopped,Other,Inattentive,,,,,,,,Yes,Yes,,,,,,Yes,Yes,,,,170,Yonge-Bay Corridor,76,Bay Street Corridor (76),D52,630471.6652,4834065.0271
10124,7892937,1387708,10/2/2013 8:00:00 AM,752,77 KING St W,,,Major Arterial,Toronto and East York,43.648146,-79.38219,,No Control,Clear,Daylight,Dry,Non-Fatal Injury,Cyclist Collisions,Cyclist,30 to 34,Major,,East,Bicycle,Overtaking,,,,,,Cyclist struck opened vehicle door,Driving Properly,Normal,,Yes,Yes,,,,,,Yes,Yes,,,,170,Yonge-Bay Corridor,76,Bay Street Corridor (76),D52,630471.6652,4834065.0271
10125,7892886,1387683,10/3/2013 8:00:00 AM,748,1090 DON MILLS Rd,,,Major Arterial,North York,43.733699,-79.342525,,No Control,Clear,Daylight,Dry,Non-Fatal Injury,Cyclist Collisions,Driver,20 to 24,None,,North,"Automobile, Station Wagon",Turning Left,Failed to Yield Right of Way,Inattentive,,,,,,,,Yes,Yes,,,,,,,Yes,,,,42,Banbury-Don Mills,42,Banbury-Don Mills (42),D33,633480.6408,4843630.0068
10126,7892887,1387683,10/3/2013 8:00:00 AM,748,1090 DON MILLS Rd,,,Major Arterial,North York,43.733699,-79.342525,,No Control,Clear,Daylight,Dry,Non-Fatal Injury,Cyclist Collisions,Cyclist,45 to 49,Major,,South,Bicycle,Going Ahead,,,,,,Motorist turned left across cyclists path.,Driving Properly,Normal,,Yes,Yes,,,,,,,Yes,,,,42,Banbury-Don Mills,42,Banbury-Don Mills (42),D33,633480.6408,4843630.0068
10127,7870899,1378700,10/3/2013 8:00:00 AM,1710,VICTORIA PARK Ave,EDGE PARK Ave,,Major Arterial,Toronto and East York,43.717448,-79.299609,,No Control,Clear,Daylight,Dry,Non-Fatal Injury,Pedestrian Collisions,Driver,30 to 34,None,,North,"Automobile, Station Wagon",Going Ahead,Driving Properly,Normal,,,,,,,Yes,,Yes,,,,,,,,,,,120,Clairlea-Birchmount,120,Clairlea-Birchmount (120),D41,636973.8479,4841895.1276
10128,7870900,1378700,10/3/2013 8:00:00 AM,1710,VICTORIA PARK Ave,EDGE PARK Ave,,Major Arterial,Toronto and East York,43.717448,-79.299609,,No Control,Clear,Daylight,Dry,Non-Fatal Injury,Pedestrian Collisions,Pedestrian,30 to 34,Major,,East,Other,,,,Pedestrian hit at mid-block,"Crossing, no Traffic Control",Unknown,,,,Yes,,Yes,,,,,,,,,,,120,Clairlea-Birchmount,120,Clairlea-Birchmount (120),D41,636973.8479,4841895.1276
10129,7889716,1386536,10/5/2013 8:00:00 AM,1922,4750 DUFFERIN ST,,,Major Arterial,North York,43.776274,-79.468707,,No Control,Clear,Dark,Dry,Non-Fatal Injury,Turning Movement,Motorcycle Passenger,50 to 54,Minor,,,,,,,,,,,,,,,Yes,Yes,,,,Yes,,Yes,,,,34,Bathurst Manor,34,Bathurst Manor (34),D32,623231.3741,4848163.0542
10130,7889717,1386536,10/5/2013 8:00:00 AM,1922,4750 DUFFERIN ST,,,Major Arterial,North York,43.776274,-79.468707,,No Control,Clear,Dark,Dry,Non-Fatal Injury,Turning Movement,Motorcycle Driver,25 to 29,Major,,South,Motorcycle,Going Ahead,Driving Properly,Normal,,,,,,,,,Yes,Yes,,,,Yes,,Yes,,,,34,Bathurst Manor,34,Bathurst Manor (34),D32,623231.3741,4848163.0542
10131,7889718,1386536,10/5/2013 8:00:00 AM,1922,4750 DUFFERIN ST,,,Major Arterial,North York,43.776274,-79.468707,,No Control,Clear,Dark,Dry,Non-Fatal Injury,Turning Movement,Driver,55 to 59,None,,North,"Automobile, Station Wagon",Turning Left,Failed to Yield Right of Way,Normal,,,,,,,,,Yes,Yes,,,,Yes,,Yes,,,,34,Bathurst Manor,34,Bathurst Manor (34),D32,623231.3741,4848163.0542
10132,7871584,1379013,10/5/2013 8:00:00 AM,1945,FINCH AVE W,WILMINGTON AVE,,Major Arterial,North York,43.771441,-79.455066,,No Control,Clear,"Dark, artificial",Dry,Fatal,Pedestrian Collisions,Passenger,50 to 54,None,,,,,,,,,,,,,Yes,,Yes,,,,,Yes,,,,,,35,Westminster-Branson,35,Westminster-Branson (35),D32,624339.1632,4847646.6697
10133,7871585,1379013,10/5/2013 8:00:00 AM,1945,FINCH AVE W,WILMINGTON AVE,,Major Arterial,North York,43.771441,-79.455066,,No Control,Clear,"Dark, artificial",Dry,Fatal,Pedestrian Collisions,Driver,55 to 59,None,,West,Passenger Van,Going Ahead,Driving Properly,Normal,,,,,,,Yes,,Yes,,,,,Yes,,,,,,35,Westminster-Branson,35,Westminster-Branson (35),D32,624339.1632,4847646.6697
10134,7871586,1379013,10/5/2013 8:00:00 AM,1945,FINCH AVE W,WILMINGTON AVE,,Major Arterial,North York,43.771441,-79.455066,,No Control,Clear,"Dark, artificial",Dry,Fatal,Pedestrian Collisions,Pedestrian,70 to 74,Fatal,45,South,,,,,Pedestrian hit at mid-block,Running onto Roadway,Unknown,,,,Yes,,Yes,,,,,Yes,,,,,,35,Westminster-Branson,35,Westminster-Branson (35),D32,624339.1632,4847646.6697
10135,7888195,1385995,10/7/2013 8:00:00 AM,626,DUPONT St,HOWLAND Ave,,Major Arterial,Toronto and East York,43.673678,-79.41183,,Traffic Signal,Rain,Daylight,Wet,Non-Fatal Injury,Turning Movement,Driver,20 to 24,Major,,East,"Automobile, Station Wagon",Going Ahead,Driving Properly,Normal,,,,,,,,,Yes,,,,,,,,,,,95,Annex,95,Annex (95),D14,628026.9816,4836854.5207
10136,7888196,1385995,10/7/2013 8:00:00 AM,626,DUPONT St,HOWLAND Ave,,Major Arterial,Toronto and East York,43.673678,-79.41183,,Traffic Signal,Rain,Daylight,Wet,Non-Fatal Injury,Turning Movement,Vehicle Owner,unknown,,,,Other,,,,,,,,,,,,Yes,,,,,,,,,,,95,Annex,95,Annex (95),D14,628026.9816,4836854.5207
10137,7888197,1385995,10/7/2013 8:00:00 AM,626,DUPONT St,HOWLAND Ave,,Major Arterial,Toronto and East York,43.673678,-79.41183,,Traffic Signal,Rain,Daylight,Wet,Non-Fatal Injury,Turning Movement,Driver,35 to 39,Minor,,East,"Automobile, Station Wagon",Making U Turn,Improper Turn,Normal,,,,,,,,,Yes,,,,,,,,,,,95,Annex,95,Annex (95),D14,628026.9816,4836854.5207
10138,7888496,1386112,10/7/2013 8:00:00 AM,855,GERRARD ST W,UNIVERSITY AVE,,Minor Arterial,Toronto and East York,43.657805,-79.388194,,No Control,Clear,Daylight,Wet,Non-Fatal Injury,Pedestrian Collisions,Driver,55 to 59,None,,East,"Automobile, Station Wagon",Going Ahead,Driving Properly,Normal,,,,,,,Yes,,Yes,,,,,,,,,,,170,Yonge-Bay Corridor,76,Bay Street Corridor (76),D52,629966.6179,4835128.3641
10139,7888497,1386112,10/7/2013 8:00:00 AM,855,GERRARD ST W,UNIVERSITY AVE,,Minor Arterial,Toronto and East York,43.657805,-79.388194,,No Control,Clear,Daylight,Wet,Non-Fatal Injury,Pedestrian Collisions,Pedestrian,15 to 19,Major,,North,Other,,,,Pedestrian hit at mid-block,Running onto Roadway,Inattentive,,,,Yes,,Yes,,,,,,,,,,,170,Yonge-Bay Corridor,76,Bay Street Corridor (76),D52,629966.6179,4835128.3641
10140,7877869,1381694,10/8/2013 8:00:00 AM,1130,O CONNOR Dr,SUNRISE Ave,,Major Arterial,Toronto and East York,43.718432,-79.304561,,No Control,Clear,Daylight,Dry,Non-Fatal Injury,Other,Passenger,65 to 69,Major,,,Other,,,,,,,,,,,,Yes,,,Yes,,Yes,,,,,,43,Victoria Village,43,Victoria Village (43),D55,636572.7027,4841996.2429
10141,7877870,1381694,10/8/2013 8:00:00 AM,1130,O CONNOR Dr,SUNRISE Ave,,Major Arterial,Toronto and East York,43.718432,-79.304561,,No Control,Clear,Daylight,Dry,Non-Fatal Injury,Other,Vehicle Owner,unknown,,,,Other,,,,,,,,,,,,Yes,,,Yes,,Yes,,,,,,43,Victoria Village,43,Victoria Village (43),D55,636572.7027,4841996.2429
10142,7877871,1381694,10/8/2013 8:00:00 AM,1130,O CONNOR Dr,SUNRISE Ave,,Major Arterial,Toronto and East York,43.718432,-79.304561,,No Control,Clear,Daylight,Dry,Non-Fatal Injury,Other,Driver,50 to 54,None,,North,Municipal Transit Bus (TTC),Slowing or Stopping,Driving Properly,Unknown,,,,,,,,,Yes,,,Yes,,Yes,,,,,,43,Victoria Village,43,Victoria Village (43),D55,636572.7027,4841996.2429
10143,7877872,1381694,10/8/2013 8:00:00 AM,1130,O CONNOR Dr,SUNRISE Ave,,Major Arterial,Toronto and East York,43.718432,-79.304561,,No Control,Clear,Daylight,Dry,Non-Fatal Injury,Other,Driver,unknown,None,,North,Taxi,Making U Turn,Improper Turn,Unknown,,,,,,,,,Yes,,,Yes,,Yes,,,,,,43,Victoria Village,43,Victoria Village (43),D55,636572.7027,4841996.2429
10144,7889356,1386411,10/8/2013 8:00:00 AM,1452,LAWRENCE AVE E,SCARBOROUGH GOLF CLUB RD,,Major Arterial,Scarborough,43.76184,-79.215831,,Traffic Signal,Clear,Daylight,Dry,Non-Fatal Injury,Pedestrian Collisions,Driver,20 to 24,None,,East,"Automobile, Station Wagon",Turning Right,Improper Turn,Normal,,,,,,,Yes,,Yes,,,,,,,,,,,141,Golfdale-Cedarbrae-Woburn,137,Woburn (137),D43,643616.4289,4846967.4037
10145,7889357,1386411,10/8/2013 8:00:00 AM,1452,LAWRENCE AVE E,SCARBOROUGH GOLF CLUB RD,,Major Arterial,Scarborough,43.76184,-79.215831,,Traffic Signal,Clear,Daylight,Dry,Non-Fatal Injury,Pedestrian Collisions,Pedestrian,70 to 74,Major,,North,Other,,,,Vehicle turns right while ped crosses with ROW at inter.,Crossing with right of way,Normal,,,,Yes,,Yes,,,,,,,,,,,141,Golfdale-Cedarbrae-Woburn,137,Woburn (137),D43,643616.4289,4846967.4037
10146,7872822,1379549,10/8/2013 8:00:00 AM,1620,AVENUE Rd,GLENGROVE Ave W,,Major Arterial,North York,43.716929,-79.413463,At Intersection,Traffic Signal,Clear,Daylight,Dry,Non-Fatal Injury,Pedestrian Collisions,Driver,50 to 54,None,,North,"Automobile, Station Wagon",Stopped,Driving Properly,Normal,,,,,,,Yes,,Yes,,,,,,,Yes,,,,103,Lawrence Park South,103,Lawrence Park South (103),D53,627803.427,4841655.6237
10147,7872823,1379549,10/8/2013 8:00:00 AM,1620,AVENUE Rd,GLENGROVE Ave W,,Major Arterial,North York,43.716929,-79.413463,At Intersection,Traffic Signal,Clear,Daylight,Dry,Non-Fatal Injury,Pedestrian Collisions,Vehicle Owner,unknown,,,,Other,,,,,,,,,,Yes,,Yes,,,,,,,Yes,,,,103,Lawrence Park South,103,Lawrence Park South (103),D53,627803.427,4841655.6237
10148,7872824,1379549,10/8/2013 8:00:00 AM,1620,AVENUE Rd,GLENGROVE Ave W,,Major Arterial,North York,43.716929,-79.413463,At Intersection,Traffic Signal,Clear,Daylight,Dry,Non-Fatal Injury,Pedestrian Collisions,Driver,45 to 49,None,,West,"Automobile, Station Wagon",Turning Left,Failed to Yield Right of Way,Unknown,,,,,,,Yes,,Yes,,,,,,,Yes,,,,103,Lawrence Park South,103,Lawrence Park South (103),D53,627803.427,4841655.6237