OBJECTID,INDEX,ACCNUM,DATE,TIME,STREET1,STREET2,OFFSET,ROAD_CLASS,DISTRICT,LATITUDE,LONGITUDE,ACCLOC,TRAFFCTL,VISIBILITY,LIGHT,RDSFCOND,ACCLASS,IMPACTYPE,INVTYPE,INVAGE,INJURY,FATAL_NO,INITDIR,VEHTYPE,MANOEUVER,DRIVACT,DRIVCOND,PEDTYPE,PEDACT,PEDCOND,CYCLISTYPE,CYCACT,CYCCOND,PEDESTRIAN,CYCLIST,AUTOMOBILE,MOTORCYCLE,TRUCK,TRSN_CITY_VEH,EMERG_VEH,PASSENGER,SPEEDING,AG_DRIV,REDLIGHT,ALCOHOL,DISABILITY,HOOD_158,NEIGHBOURHOOD_158,HOOD_140,NEIGHBOURHOOD_140,DIVISION,x,y
10149,7872825,1379549,10/8/2013 8:00:00 AM,1620,AVENUE Rd,GLENGROVE Ave W,,Major Arterial,North York,43.716929,-79.413463,At Intersection,Traffic Signal,Clear,Daylight,Dry,Non-Fatal Injury,Pedestrian Collisions,Pedestrian,60 to 64,Minor,,East,Other,,,,Vehicle turns left while ped crosses with ROW at inter.,Crossing with right of way,Unknown,,,,Yes,,Yes,,,,,,,Yes,,,,103,Lawrence Park South,103,Lawrence Park South (103),D53,627803.427,4841655.6237
10150,7872826,1379549,10/8/2013 8:00:00 AM,1620,AVENUE Rd,GLENGROVE Ave W,,Major Arterial,North York,43.716929,-79.413463,At Intersection,Traffic Signal,Clear,Daylight,Dry,Non-Fatal Injury,Pedestrian Collisions,Pedestrian,65 to 69,Major,,East,Other,,,,Vehicle turns left while ped crosses with ROW at inter.,Crossing with right of way,Unknown,,,,Yes,,Yes,,,,,,,Yes,,,,103,Lawrence Park South,103,Lawrence Park South (103),D53,627803.427,4841655.6237
10151,7875611,1380760,10/8/2013 8:00:00 AM,2115,STEELES AVE E,TURFF  AVE,,Major Arterial,Scarborough,43.824481,-79.303623,,No Control,Clear,Dark,Dry,Fatal,Pedestrian Collisions,Passenger,20 to 24,None,,,,,,,,,,,,,Yes,,Yes,,,,,Yes,,,,,,130,Milliken,130,Milliken (130),D42,636406.9482,4853776.1725
10152,7875612,1380760,10/8/2013 8:00:00 AM,2115,STEELES AVE E,TURFF  AVE,,Major Arterial,Scarborough,43.824481,-79.303623,,No Control,Clear,Dark,Dry,Fatal,Pedestrian Collisions,Driver,20 to 24,None,,West,"Automobile, Station Wagon",Going Ahead,Driving Properly,Normal,,,,,,,Yes,,Yes,,,,,Yes,,,,,,130,Milliken,130,Milliken (130),D42,636406.9482,4853776.1725
10153,7875613,1380760,10/8/2013 8:00:00 AM,2115,STEELES AVE E,TURFF  AVE,,Major Arterial,Scarborough,43.824481,-79.303623,,No Control,Clear,Dark,Dry,Fatal,Pedestrian Collisions,Pedestrian,80 to 84,Fatal,47,North,,,,,Pedestrian hit at mid-block,"Crossing, no Traffic Control",Normal,,,,Yes,,Yes,,,,,Yes,,,,,,130,Milliken,130,Milliken (130),D42,636406.9482,4853776.1725
10154,7873218,1379704,10/9/2013 8:00:00 AM,245,SHEPPARD Ave W,SEELEY Dr,,Major Arterial,North York,43.743098,-79.494228,,No Control,Clear,"Dark, artificial",Dry,Non-Fatal Injury,SMV Other,Passenger,20 to 24,Minor,,,Other,,,,,,,,,,,,Yes,,,,,Yes,Yes,Yes,,,,155,Downsview,26,Downsview-Roding-CFB (26),D31,621244.5366,4844440.6997
10155,7873219,1379704,10/9/2013 8:00:00 AM,245,SHEPPARD Ave W,SEELEY Dr,,Major Arterial,North York,43.743098,-79.494228,,No Control,Clear,"Dark, artificial",Dry,Non-Fatal Injury,SMV Other,Driver,20 to 24,Major,,West,"Automobile, Station Wagon",Going Ahead,Speed too Fast For Condition,Had Been Drinking,,,,,,,,,Yes,,,,,Yes,Yes,Yes,,,,155,Downsview,26,Downsview-Roding-CFB (26),D31,621244.5366,4844440.6997
10156,7893578,1387944,10/9/2013 8:00:00 AM,1018,DAVENPORT RD,MOUNT ROYAL AVE,,Minor Arterial,Toronto and East York,43.674498,-79.432582,At Intersection,No Control,Clear,Daylight,Dry,Non-Fatal Injury,Cyclist Collisions,Vehicle Owner,unknown,,,,,,,,,,,,,,,Yes,Yes,,,,,,,,,,,94,Wychwood,94,Wychwood (94),D13,626352.3657,4836913.7726
10157,7893579,1387944,10/9/2013 8:00:00 AM,1018,DAVENPORT RD,MOUNT ROYAL AVE,,Minor Arterial,Toronto and East York,43.674498,-79.432582,At Intersection,No Control,Clear,Daylight,Dry,Non-Fatal Injury,Cyclist Collisions,Driver,45 to 49,None,,West,Delivery Van,Turning Right,Improper Turn,Inattentive,,,,,,,,Yes,Yes,,,,,,,,,,,94,Wychwood,94,Wychwood (94),D13,626352.3657,4836913.7726
10158,7893580,1387944,10/9/2013 8:00:00 AM,1018,DAVENPORT RD,MOUNT ROYAL AVE,,Minor Arterial,Toronto and East York,43.674498,-79.432582,At Intersection,No Control,Clear,Daylight,Dry,Non-Fatal Injury,Cyclist Collisions,Cyclist,50 to 54,Major,,West,Bicycle,Going Ahead,,,,,,"Motorist turns right at non-signal Inter.(stop, yield, no cont.,and dwy) and strikes cyclist.",Driving Properly,Normal,,Yes,Yes,,,,,,,,,,,94,Wychwood,94,Wychwood (94),D13,626352.3657,4836913.7726
10159,7889861,1386590,10/9/2013 8:00:00 AM,1658,SECORD AVE,BARRINGTON AVE,,Collector,Toronto and East York,43.692603,-79.302364,,Stop Sign,Clear,Daylight,Dry,Non-Fatal Injury,Pedestrian Collisions,Passenger,0 to 4,None,,,Other,,,,,,,,,,Yes,,Yes,,,,,Yes,,Yes,,,,61,Taylor-Massey,61,Taylor-Massey (61),D55,636808.4258,4839131.1855
10160,7889862,1386590,10/9/2013 8:00:00 AM,1658,SECORD AVE,BARRINGTON AVE,,Collector,Toronto and East York,43.692603,-79.302364,,Stop Sign,Clear,Daylight,Dry,Non-Fatal Injury,Pedestrian Collisions,Passenger,20 to 24,None,,,Other,,,,,,,,,,Yes,,Yes,,,,,Yes,,Yes,,,,61,Taylor-Massey,61,Taylor-Massey (61),D55,636808.4258,4839131.1855
10161,7889863,1386590,10/9/2013 8:00:00 AM,1658,SECORD AVE,BARRINGTON AVE,,Collector,Toronto and East York,43.692603,-79.302364,,Stop Sign,Clear,Daylight,Dry,Non-Fatal Injury,Pedestrian Collisions,Driver,20 to 24,None,,West,"Automobile, Station Wagon",Going Ahead,Failed to Yield Right of Way,Inattentive,,,,,,,Yes,,Yes,,,,,Yes,,Yes,,,,61,Taylor-Massey,61,Taylor-Massey (61),D55,636808.4258,4839131.1855
10162,7889864,1386590,10/9/2013 8:00:00 AM,1658,SECORD AVE,BARRINGTON AVE,,Collector,Toronto and East York,43.692603,-79.302364,,Stop Sign,Clear,Daylight,Dry,Non-Fatal Injury,Pedestrian Collisions,Pedestrian,40 to 44,Major,,North,Other,,,,Vehicle is going straight thru inter.while ped cross with ROW,Crossing with right of way,Normal,,,,Yes,,Yes,,,,,Yes,,Yes,,,,61,Taylor-Massey,61,Taylor-Massey (61),D55,636808.4258,4839131.1855
10163,80143679,3001877674,10/10/2013 8:00:00 AM,837,YORK MILLS RD,SILVERDALE CRES,,Major Arterial,North York,43.757044,-79.34135,At Intersection,Traffic Signal,Rain,"Daylight, artificial",Dry,Non-Fatal Injury,Pedestrian Collisions,Driver,50 to 54,Major,,South,"Automobile, Station Wagon",Turning Left,Failed to Yield Right of Way,Unknown,,,,,,,Yes,,Yes,,,,,,,Yes,,,,149,Parkwoods-O'Connor Hills,45,Parkwoods-Donalda (45),D33,633523.3531,4846224.711
10164,80143680,3001877674,10/10/2013 8:00:00 AM,837,YORK MILLS RD,SILVERDALE CRES,,Major Arterial,North York,43.757044,-79.34135,At Intersection,Traffic Signal,Rain,"Daylight, artificial",Dry,Non-Fatal Injury,Pedestrian Collisions,Pedestrian,25 to 29,Minor,,South,,,,,Vehicle turns left while ped crosses with ROW at inter.,Crossing with right of way,Unknown,,,,Yes,,Yes,,,,,,,Yes,,,,149,Parkwoods-O'Connor Hills,45,Parkwoods-Donalda (45),D33,633523.3531,4846224.711
10165,7873939,1380043,10/10/2013 8:00:00 AM,2136,COLLEGE ST,DUFFERIN ST,,Major Arterial,Toronto and East York,43.652556,-79.432552,,Traffic Signal,Clear,Dark,Dry,Non-Fatal Injury,Pedestrian Collisions,Vehicle Owner,unknown,,,,Other,,,,,,,,,,Yes,,,,,Yes,,,,Yes,,,,84,Little Portugal,84,Little Portugal (84),D14,626400.8246,4834476.8691
10166,7873940,1380043,10/10/2013 8:00:00 AM,2136,COLLEGE ST,DUFFERIN ST,,Major Arterial,Toronto and East York,43.652556,-79.432552,,Traffic Signal,Clear,Dark,Dry,Non-Fatal Injury,Pedestrian Collisions,Driver,50 to 54,None,,South,Municipal Transit Bus (TTC),Turning Right,Failed to Yield Right of Way,Normal,,,,,,,Yes,,,,,Yes,,,,Yes,,,,84,Little Portugal,84,Little Portugal (84),D14,626400.8246,4834476.8691
10167,7873941,1380043,10/10/2013 8:00:00 AM,2136,COLLEGE ST,DUFFERIN ST,,Major Arterial,Toronto and East York,43.652556,-79.432552,,Traffic Signal,Clear,Dark,Dry,Non-Fatal Injury,Pedestrian Collisions,Pedestrian,25 to 29,Major,,South,Other,,,,Pedestrian involved in a collision with transit vehicle anywhere along roadway,Crossing without right of way,Normal,,,,Yes,,,,,Yes,,,,Yes,,,,84,Little Portugal,84,Little Portugal (84),D14,626400.8246,4834476.8691
10168,7890603,1386873,10/11/2013 8:00:00 AM,927,DANFORTH Ave,WOODINGTON Ave,,Major Arterial,Toronto and East York,43.683932,-79.32088,,Traffic Signal,Clear,Daylight,Dry,Non-Fatal Injury,Pedestrian Collisions,Vehicle Owner,unknown,,,,Other,,,,,,,,,,Yes,,Yes,,,,,,,Yes,,,,64,Woodbine Corridor,64,Woodbine Corridor (64),D55,635335.7488,4838137.7664
10169,7890604,1386873,10/11/2013 8:00:00 AM,927,DANFORTH Ave,WOODINGTON Ave,,Major Arterial,Toronto and East York,43.683932,-79.32088,,Traffic Signal,Clear,Daylight,Dry,Non-Fatal Injury,Pedestrian Collisions,Driver,50 to 54,None,,South,"Automobile, Station Wagon",Turning Left,Failed to Yield Right of Way,Normal,,,,,,,Yes,,Yes,,,,,,,Yes,,,,64,Woodbine Corridor,64,Woodbine Corridor (64),D55,635335.7488,4838137.7664
10170,7890605,1386873,10/11/2013 8:00:00 AM,927,DANFORTH Ave,WOODINGTON Ave,,Major Arterial,Toronto and East York,43.683932,-79.32088,,Traffic Signal,Clear,Daylight,Dry,Non-Fatal Injury,Pedestrian Collisions,Pedestrian,60 to 64,Major,,North,Other,,,,Vehicle turns left while ped crosses with ROW at inter.,Crossing with right of way,Normal,,,,Yes,,Yes,,,,,,,Yes,,,,64,Woodbine Corridor,64,Woodbine Corridor (64),D55,635335.7488,4838137.7664
10171,7890306,1386767,10/11/2013 8:00:00 AM,1515,1092 KEELE ST,,,Local,Etobicoke York,43.67919,-79.47034,,No Control,Clear,Daylight,Dry,Non-Fatal Injury,Pedestrian Collisions,Driver,30 to 34,None,,East,"Automobile, Station Wagon",Going Ahead,Driving Properly,Normal,,,,,,,Yes,,Yes,,,,,,,,,,,91,Weston-Pelham Park,91,Weston-Pellam Park (91),D12,623298.9881,4837378.0596
10172,7890307,1386767,10/11/2013 8:00:00 AM,1515,1092 KEELE ST,,,Local,Etobicoke York,43.67919,-79.47034,,No Control,Clear,Daylight,Dry,Non-Fatal Injury,Pedestrian Collisions,Pedestrian,5 to 9,Major,,South,Other,,,,Pedestrian hit at private driveway,Running onto Roadway,Inattentive,,,,Yes,,Yes,,,,,,,,,,,91,Weston-Pelham Park,91,Weston-Pellam Park (91),D12,623298.9881,4837378.0596
10173,7890500,1386836,10/11/2013 8:00:00 AM,1650,SHEPPARD Ave E,SHAUGHNESSY BLVD,,Major Arterial,North York,43.773719,-79.353313,,Traffic Signal,Clear,Daylight,Dry,Non-Fatal Injury,Turning Movement,Driver,45 to 49,None,,East,"Automobile, Station Wagon",Turning Left,Failed to Yield Right of Way,Inattentive,,,,,,,,,Yes,,,,,,,Yes,,,,53,Henry Farm,53,Henry Farm (53),D33,632523.4795,4848057.507
10174,7890501,1386836,10/11/2013 8:00:00 AM,1650,SHEPPARD Ave E,SHAUGHNESSY BLVD,,Major Arterial,North York,43.773719,-79.353313,,Traffic Signal,Clear,Daylight,Dry,Non-Fatal Injury,Turning Movement,Driver,20 to 24,Major,,West,"Automobile, Station Wagon",Going Ahead,Driving Properly,Normal,,,,,,,,,Yes,,,,,,,Yes,,,,53,Henry Farm,53,Henry Farm (53),D33,632523.4795,4848057.507
10175,7874534,1380288,10/11/2013 8:00:00 AM,1807,EGLINTON AVE W,WESTON RD,,Major Arterial,Etobicoke York,43.686984,-79.48952,,Traffic Signal,Clear,Daylight,Dry,Non-Fatal Injury,Pedestrian Collisions,Driver,40 to 44,None,,West,"Automobile, Station Wagon",Going Ahead,Disobeyed Traffic Control,Normal,,,,,,,Yes,,Yes,,,,,,,Yes,Yes,,,115,Mount Dennis,115,Mount Dennis (115),D12,621737.1964,4838215.3546
10176,7874535,1380288,10/11/2013 8:00:00 AM,1807,EGLINTON AVE W,WESTON RD,,Major Arterial,Etobicoke York,43.686984,-79.48952,,Traffic Signal,Clear,Daylight,Dry,Non-Fatal Injury,Pedestrian Collisions,Other Property Owner,unknown,,,,Other,,,,,,,,,,Yes,,Yes,,,,,,,Yes,Yes,,,115,Mount Dennis,115,Mount Dennis (115),D12,621737.1964,4838215.3546
10177,7895722,1380288,10/11/2013 8:00:00 AM,1807,EGLINTON AVE W,WESTON RD,,Major Arterial,Etobicoke York,43.686984,-79.48952,,Traffic Signal,Clear,Daylight,Dry,Non-Fatal Injury,Pedestrian Collisions,Pedestrian,10 to 14,Major,,Unknown,"Automobile, Station Wagon",,,,Other / Undefined,Other,Normal,,,,Yes,,Yes,,,,,,,Yes,Yes,,,115,Mount Dennis,115,Mount Dennis (115),D12,621737.1964,4838215.3546
10178,7895723,1380288,10/11/2013 8:00:00 AM,1807,EGLINTON AVE W,WESTON RD,,Major Arterial,Etobicoke York,43.686984,-79.48952,,Traffic Signal,Clear,Daylight,Dry,Non-Fatal Injury,Pedestrian Collisions,Vehicle Owner,unknown,,,,"Automobile, Station Wagon",,,,,,,,,,Yes,,Yes,,,,,,,Yes,Yes,,,115,Mount Dennis,115,Mount Dennis (115),D12,621737.1964,4838215.3546
10179,7874701,1380363,10/12/2013 8:00:00 AM,1055,MOUNT PLEASANT Rd,BALLIOL St,,Local,North York,43.699385,-79.386318,,No Control,Clear,Daylight,Dry,Non-Fatal Injury,SMV Other,Vehicle Owner,unknown,,,,Other,,,,,,,,,,,,Yes,,,,,Yes,,,,,Yes,99,Mount Pleasant East,99,Mount Pleasant East (99),D53,630028.0427,4839749.3292
10180,7874702,1380363,10/12/2013 8:00:00 AM,1055,MOUNT PLEASANT Rd,BALLIOL St,,Local,North York,43.699385,-79.386318,,No Control,Clear,Daylight,Dry,Non-Fatal Injury,SMV Other,Passenger,25 to 29,None,,,Other,,,,,,,,,,,,Yes,,,,,Yes,,,,,Yes,99,Mount Pleasant East,99,Mount Pleasant East (99),D53,630028.0427,4839749.3292
10181,7874703,1380363,10/12/2013 8:00:00 AM,1055,MOUNT PLEASANT Rd,BALLIOL St,,Local,North York,43.699385,-79.386318,,No Control,Clear,Daylight,Dry,Non-Fatal Injury,SMV Other,Driver,60 to 64,Major,,East,"Automobile, Station Wagon",Going Ahead,Lost control,Medical or Physical Disability,,,,,,,,,Yes,,,,,Yes,,,,,Yes,99,Mount Pleasant East,99,Mount Pleasant East (99),D53,630028.0427,4839749.3292
10182,7891756,1387287,10/13/2013 8:00:00 AM,1331,SHEPPARD Ave W,SENTINEL Rd,,Major Arterial,North York,43.743838,-79.490878,,No Control,Rain,Daylight,Wet,Non-Fatal Injury,Rear End,Driver,40 to 44,Major,,East,"Automobile, Station Wagon",Making U Turn,Improper Turn,Inattentive,,,,,,,,,Yes,,,,,Yes,,,,,,155,Downsview,26,Downsview-Roding-CFB (26),D31,621512.7832,4844527.7956
10183,7891757,1387287,10/13/2013 8:00:00 AM,1331,SHEPPARD Ave W,SENTINEL Rd,,Major Arterial,North York,43.743838,-79.490878,,No Control,Rain,Daylight,Wet,Non-Fatal Injury,Rear End,Passenger,5 to 9,Major,,,Other,,,,,,,,,,,,Yes,,,,,Yes,,,,,,155,Downsview,26,Downsview-Roding-CFB (26),D31,621512.7832,4844527.7956
10184,7891758,1387287,10/13/2013 8:00:00 AM,1331,SHEPPARD Ave W,SENTINEL Rd,,Major Arterial,North York,43.743838,-79.490878,,No Control,Rain,Daylight,Wet,Non-Fatal Injury,Rear End,Passenger,10 to 14,Major,,,Other,,,,,,,,,,,,Yes,,,,,Yes,,,,,,155,Downsview,26,Downsview-Roding-CFB (26),D31,621512.7832,4844527.7956
10185,7891759,1387287,10/13/2013 8:00:00 AM,1331,SHEPPARD Ave W,SENTINEL Rd,,Major Arterial,North York,43.743838,-79.490878,,No Control,Rain,Daylight,Wet,Non-Fatal Injury,Rear End,Passenger,40 to 44,Major,,,Other,,,,,,,,,,,,Yes,,,,,Yes,,,,,,155,Downsview,26,Downsview-Roding-CFB (26),D31,621512.7832,4844527.7956
10186,7891760,1387287,10/13/2013 8:00:00 AM,1331,SHEPPARD Ave W,SENTINEL Rd,,Major Arterial,North York,43.743838,-79.490878,,No Control,Rain,Daylight,Wet,Non-Fatal Injury,Rear End,Driver,50 to 54,Major,,East,"Automobile, Station Wagon",Going Ahead,Driving Properly,Normal,,,,,,,,,Yes,,,,,Yes,,,,,,155,Downsview,26,Downsview-Roding-CFB (26),D31,621512.7832,4844527.7956
10187,7893609,1387956,10/14/2013 8:00:00 AM,1800,LAWRENCE Ave E,GREENHOLM CRCL,,Major Arterial,Scarborough,43.760314,-79.222965,,Traffic Signal,Clear,Daylight,Dry,Non-Fatal Injury,Pedestrian Collisions,Driver,50 to 54,None,,West,"Automobile, Station Wagon",Going Ahead,Disobeyed Traffic Control,"Ability Impaired, Alcohol",,,,,,,Yes,,Yes,,,,,,,Yes,Yes,Yes,,141,Golfdale-Cedarbrae-Woburn,137,Woburn (137),D43,643045.8085,4846785.57
10188,7893610,1387956,10/14/2013 8:00:00 AM,1800,LAWRENCE Ave E,GREENHOLM CRCL,,Major Arterial,Scarborough,43.760314,-79.222965,,Traffic Signal,Clear,Daylight,Dry,Non-Fatal Injury,Pedestrian Collisions,Pedestrian,50 to 54,Major,,South,Other,,,,Vehicle is going straight thru inter.while ped cross with ROW,Crossing with right of way,Normal,,,,Yes,,Yes,,,,,,,Yes,Yes,Yes,,141,Golfdale-Cedarbrae-Woburn,137,Woburn (137),D43,643045.8085,4846785.57
10189,7893611,1387956,10/14/2013 8:00:00 AM,1800,LAWRENCE Ave E,GREENHOLM CRCL,,Major Arterial,Scarborough,43.760314,-79.222965,,Traffic Signal,Clear,Daylight,Dry,Non-Fatal Injury,Pedestrian Collisions,Pedestrian,60 to 64,Major,,South,Other,,,,Vehicle is going straight thru inter.while ped cross with ROW,Crossing with right of way,Normal,,,,Yes,,Yes,,,,,,,Yes,Yes,Yes,,141,Golfdale-Cedarbrae-Woburn,137,Woburn (137),D43,643045.8085,4846785.57
10190,7885926,1385120,10/15/2013 8:00:00 AM,726,947 WARDEN Ave,,,Major Arterial,Scarborough,43.734305,-79.29021,,No Control,Clear,Daylight,Dry,Non-Fatal Injury,Approaching,Driver,50 to 54,Minor,,South,"Automobile, Station Wagon",Going Ahead,Failed to Yield Right of Way,Inattentive,,,,,,,,,Yes,,,,,,,Yes,,,,119,Wexford/Maryvale,119,Wexford/Maryvale (119),D41,637692.3576,4843782.9219
10191,7885927,1385120,10/15/2013 8:00:00 AM,726,947 WARDEN Ave,,,Major Arterial,Scarborough,43.734305,-79.29021,,No Control,Clear,Daylight,Dry,Non-Fatal Injury,Approaching,Driver,35 to 39,None,,North,"Automobile, Station Wagon",Changing Lanes,Driving Properly,Normal,,,,,,,,,Yes,,,,,,,Yes,,,,119,Wexford/Maryvale,119,Wexford/Maryvale (119),D41,637692.3576,4843782.9219
10192,7885928,1385120,10/15/2013 8:00:00 AM,726,947 WARDEN Ave,,,Major Arterial,Scarborough,43.734305,-79.29021,,No Control,Clear,Daylight,Dry,Non-Fatal Injury,Approaching,Driver,45 to 49,Major,,North,"Automobile, Station Wagon",Going Ahead,Driving Properly,Normal,,,,,,,,,Yes,,,,,,,Yes,,,,119,Wexford/Maryvale,119,Wexford/Maryvale (119),D41,637692.3576,4843782.9219
10193,7876120,1380946,10/16/2013 8:00:00 AM,710,SPADINA Ave,DUNDAS St W,,Major Arterial,Toronto and East York,43.652507,-79.397853,,No Control,Clear,Daylight,Wet,Fatal,Cyclist Collisions,Vehicle Owner,unknown,,,,,,,,,,,,,,,Yes,,,Yes,,,,,,,,,78,Kensington-Chinatown,78,Kensington-Chinatown (78),D52,629199.1257,4834524.8671
10194,7876121,1380946,10/16/2013 8:00:00 AM,710,SPADINA Ave,DUNDAS St W,,Major Arterial,Toronto and East York,43.652507,-79.397853,,No Control,Clear,Daylight,Wet,Fatal,Cyclist Collisions,Truck Driver,50 to 54,None,,North,Truck - Dump,Going Ahead,Driving Properly,Normal,,,,,,,,Yes,,,Yes,,,,,,,,,78,Kensington-Chinatown,78,Kensington-Chinatown (78),D52,629199.1257,4834524.8671
10195,7876122,1380946,10/16/2013 8:00:00 AM,710,SPADINA Ave,DUNDAS St W,,Major Arterial,Toronto and East York,43.652507,-79.397853,,No Control,Clear,Daylight,Wet,Fatal,Cyclist Collisions,Cyclist,25 to 29,Fatal,49,North,Bicycle,Going Ahead,,,,,,Cyclist and Driver travelling in same direction. One vehicle sideswipes the other.,Lost control,Normal,,Yes,,,Yes,,,,,,,,,78,Kensington-Chinatown,78,Kensington-Chinatown (78),D52,629199.1257,4834524.8671
10196,7876123,1380946,10/16/2013 8:00:00 AM,710,SPADINA Ave,DUNDAS St W,,Major Arterial,Toronto and East York,43.652507,-79.397853,,No Control,Clear,Daylight,Wet,Fatal,Cyclist Collisions,Other,unknown,None,,,,,,,,,,,,,,Yes,,,Yes,,,,,,,,,78,Kensington-Chinatown,78,Kensington-Chinatown (78),D52,629199.1257,4834524.8671
10197,7877496,1381541,10/20/2013 8:00:00 AM,45,KENNEDY RD,EGLINTON AVE E,,Major Arterial,Scarborough,43.731745,-79.267787,,No Control,Clear,Dark,Dry,Fatal,Pedestrian Collisions,Vehicle Owner,unknown,,,,,,,,,,,,,,Yes,,Yes,,,,,,,,,Yes,,125,Ionview,125,Ionview (125),D41,639504.086,4843536.1045
10198,7877497,1381541,10/20/2013 8:00:00 AM,45,KENNEDY RD,EGLINTON AVE E,,Major Arterial,Scarborough,43.731745,-79.267787,,No Control,Clear,Dark,Dry,Fatal,Pedestrian Collisions,Driver,25 to 29,None,,North,Pick Up Truck,Going Ahead,Other,"Ability Impaired, Alcohol Over .08",,,,,,,Yes,,Yes,,,,,,,,,Yes,,125,Ionview,125,Ionview (125),D41,639504.086,4843536.1045
10199,7877498,1381541,10/20/2013 8:00:00 AM,45,KENNEDY RD,EGLINTON AVE E,,Major Arterial,Scarborough,43.731745,-79.267787,,No Control,Clear,Dark,Dry,Fatal,Pedestrian Collisions,Witness,unknown,,,,,,,,,,,,,,Yes,,Yes,,,,,,,,,Yes,,125,Ionview,125,Ionview (125),D41,639504.086,4843536.1045
10200,7877499,1381541,10/20/2013 8:00:00 AM,45,KENNEDY RD,EGLINTON AVE E,,Major Arterial,Scarborough,43.731745,-79.267787,,No Control,Clear,Dark,Dry,Fatal,Pedestrian Collisions,Pedestrian,20 to 24,Fatal,48,East,,,,,Pedestrian hit at mid-block,"Crossing, no Traffic Control",Unknown,,,,Yes,,Yes,,,,,,,,,Yes,,125,Ionview,125,Ionview (125),D41,639504.086,4843536.1045
10201,7887927,1385893,10/20/2013 8:00:00 AM,2014,SHALLMAR BLVD,BATHURST ST,,Major Arterial,North York,43.704264,-79.426135,,No Control,Clear,"Dark, artificial",Dry,Non-Fatal Injury,Pedestrian Collisions,Pedestrian,50 to 54,Major,,South,Other,,,,Vehicle turns left while ped crosses with ROW at inter.,Crossing with right of way,Had Been Drinking,,,,Yes,,Yes,,,,,Yes,,Yes,,,,102,Forest Hill North,102,Forest Hill North (102),D53,626809.3317,4840229.5354
10202,7887928,1385893,10/20/2013 8:00:00 AM,2014,SHALLMAR BLVD,BATHURST ST,,Major Arterial,North York,43.704264,-79.426135,,No Control,Clear,"Dark, artificial",Dry,Non-Fatal Injury,Pedestrian Collisions,Passenger,85 to 89,None,,,Other,,,,,,,,,,Yes,,Yes,,,,,Yes,,Yes,,,,102,Forest Hill North,102,Forest Hill North (102),D53,626809.3317,4840229.5354
10203,7887929,1385893,10/20/2013 8:00:00 AM,2014,SHALLMAR BLVD,BATHURST ST,,Major Arterial,North York,43.704264,-79.426135,,No Control,Clear,"Dark, artificial",Dry,Non-Fatal Injury,Pedestrian Collisions,Driver,80 to 84,None,,South,"Automobile, Station Wagon",Turning Left,Failed to Yield Right of Way,Inattentive,,,,,,,Yes,,Yes,,,,,Yes,,Yes,,,,102,Forest Hill North,102,Forest Hill North (102),D53,626809.3317,4840229.5354
10204,7879485,1382346,10/21/2013 8:00:00 AM,702,RUSHLEY DR,LAWRENCE AVE E,,Major Arterial,Scarborough,43.752963,-79.258067,,No Control,Rain,"Dawn, artificial",Wet,Non-Fatal Injury,Cyclist Collisions,Driver,unknown,None,,East,"Automobile, Station Wagon",Turning Left,Failed to Yield Right of Way,Unknown,,,,,,,,Yes,Yes,,,,,,,Yes,,,,157,Bendale South,127,Bendale (127),D41,640237.3448,4845909.0947
10205,7879486,1382346,10/21/2013 8:00:00 AM,702,RUSHLEY DR,LAWRENCE AVE E,,Major Arterial,Scarborough,43.752963,-79.258067,,No Control,Rain,"Dawn, artificial",Wet,Non-Fatal Injury,Cyclist Collisions,Cyclist,30 to 34,Major,,South,Bicycle,Going Ahead,,,,,,Motorist turned left across cyclists path.,Driving Properly,Normal,,Yes,Yes,,,,,,,Yes,,,,157,Bendale South,127,Bendale (127),D41,640237.3448,4845909.0947
10206,7878337,1381878,10/21/2013 8:00:00 AM,1914,5930 FINCH AVE E,,,Minor Arterial,Scarborough,43.817439,-79.222263,,No Control,Rain,Daylight,Wet,Non-Fatal Injury,Cyclist Collisions,Driver,60 to 64,None,,East,"Automobile, Station Wagon",Going Ahead,Following too Close,Inattentive,,,,,,,,Yes,Yes,,,,,,,Yes,,,,144,Morningside Heights,132,Malvern (132),D42,642966.0481,4853131.4283
10207,7878338,1381878,10/21/2013 8:00:00 AM,1914,5930 FINCH AVE E,,,Minor Arterial,Scarborough,43.817439,-79.222263,,No Control,Rain,Daylight,Wet,Non-Fatal Injury,Cyclist Collisions,Cyclist,60 to 64,Major,,East,Bicycle,Going Ahead,,,,,,Cyclist and Driver travelling in same direction. One vehicle rear-ended the other.,Driving Properly,Inattentive,,Yes,Yes,,,,,,,Yes,,,,144,Morningside Heights,132,Malvern (132),D42,642966.0481,4853131.4283
10208,7888119,1385964,10/21/2013 8:00:00 AM,2025,WILSON AVE,NORTHGATE DR,,Major Arterial,North York,43.730326,-79.468089,,Traffic Signal,Rain,"Dark, artificial",Wet,Non-Fatal Injury,Pedestrian Collisions,Vehicle Owner,unknown,,,,Other,,,,,,,,,,Yes,,Yes,,,,,,,Yes,,,,155,Downsview,26,Downsview-Roding-CFB (26),D32,623375.4891,4843060.7707
10209,7888120,1385964,10/21/2013 8:00:00 AM,2025,WILSON AVE,NORTHGATE DR,,Major Arterial,North York,43.730326,-79.468089,,Traffic Signal,Rain,"Dark, artificial",Wet,Non-Fatal Injury,Pedestrian Collisions,Driver,50 to 54,Major,,South,"Automobile, Station Wagon",Turning Left,Failed to Yield Right of Way,Normal,,,,,,,Yes,,Yes,,,,,,,Yes,,,,155,Downsview,26,Downsview-Roding-CFB (26),D32,623375.4891,4843060.7707