OBJECTID,INDEX,ACCNUM,DATE,TIME,STREET1,STREET2,OFFSET,ROAD_CLASS,DISTRICT,LATITUDE,LONGITUDE,ACCLOC,TRAFFCTL,VISIBILITY,LIGHT,RDSFCOND,ACCLASS,IMPACTYPE,INVTYPE,INVAGE,INJURY,FATAL_NO,INITDIR,VEHTYPE,MANOEUVER,DRIVACT,DRIVCOND,PEDTYPE,PEDACT,PEDCOND,CYCLISTYPE,CYCACT,CYCCOND,PEDESTRIAN,CYCLIST,AUTOMOBILE,MOTORCYCLE,TRUCK,TRSN_CITY_VEH,EMERG_VEH,PASSENGER,SPEEDING,AG_DRIV,REDLIGHT,ALCOHOL,DISABILITY,HOOD_158,NEIGHBOURHOOD_158,HOOD_140,NEIGHBOURHOOD_140,DIVISION,x,y
10268,80199653,3013932599,11/8/2013 10:00:00 AM,725,LAWRENCE AVE E,BENNETT RD,,Minor Arterial,Scarborough,43.772868,-79.166332,Intersection Related,Traffic Signal,Clear,Daylight,Dry,Fatal,Pedestrian Collisions,Pedestrian,25 to 29,Fatal,52,South,,,,,Vehicle turns left while ped crosses with ROW at inter.,Crossing with right of way,Normal,,,,Yes,,Yes,,,,,,,Yes,,,,136,West Hill,136,West Hill (136),D43,647573.771,4848279.2743
10269,80197579,3000936141,11/8/2013 10:00:00 AM,1813,QUEEN ST W,RONCESVALLES AVE,,Major Arterial,Toronto and East York,43.638579,-79.44688,Non Intersection,No Control,Clear,"Dark, artificial",Dry,Non-Fatal Injury,SMV Other,Driver,55 to 59,None,,West,Passenger Van,Going Ahead,Lost control,Normal,,,,,,,,,Yes,,,,,Yes,,,,,,87,High Park-Swansea,87,High Park-Swansea (87),D11,625274.4368,4832902.8184
10270,80197580,3000936141,11/8/2013 10:00:00 AM,1813,QUEEN ST W,RONCESVALLES AVE,,Major Arterial,Toronto and East York,43.638579,-79.44688,Non Intersection,No Control,Clear,"Dark, artificial",Dry,Non-Fatal Injury,SMV Other,Passenger,65 to 69,Major,,,,,,,,,,,,,,,Yes,,,,,Yes,,,,,,87,High Park-Swansea,87,High Park-Swansea (87),D11,625274.4368,4832902.8184
10271,80144004,3000936395,11/8/2013 10:00:00 AM,1900,955 BAY ST,,,Major Arterial,Toronto and East York,43.664359,-79.38718,Private Driveway,No Control,Clear,"Dark, artificial",Dry,Non-Fatal Injury,Pedestrian Collisions,Driver,45 to 49,None,,West,"Automobile, Station Wagon",Turning Left,Failed to Yield Right of Way,Inattentive,,,,,,,Yes,,Yes,,,,,,,Yes,,,,169,Bay-Cloverhill,76,Bay Street Corridor (76),D52,630034.2319,4835857.8617
10272,80144005,3000936395,11/8/2013 10:00:00 AM,1900,955 BAY ST,,,Major Arterial,Toronto and East York,43.664359,-79.38718,Private Driveway,No Control,Clear,"Dark, artificial",Dry,Non-Fatal Injury,Pedestrian Collisions,Pedestrian,25 to 29,Major,,North,,,,,Pedestrian hit on sidewalk or shoulder,On Sidewalk or Shoulder,Normal,,,,Yes,,Yes,,,,,,,Yes,,,,169,Bay-Cloverhill,76,Bay Street Corridor (76),D52,630034.2319,4835857.8617
10273,80144021,3000937530,11/8/2013 10:00:00 AM,2304,F G GARDINER XY  W,PARKSIDE DR,,,Toronto and East York,43.637927,-79.446986,Non Intersection,No Control,Clear,"Dark, artificial",Dry,Non-Fatal Injury,Pedestrian Collisions,Driver,50 to 54,,,West,"Automobile, Station Wagon",Going Ahead,Driving Properly,Normal,,,,,,,Yes,,Yes,,,,,,,,,,,85,South Parkdale,85,South Parkdale (85),D11,625267.2416,4832830.2455
10274,80144022,3000937530,11/8/2013 10:00:00 AM,2304,F G GARDINER XY  W,PARKSIDE DR,,,Toronto and East York,43.637927,-79.446986,Non Intersection,No Control,Clear,"Dark, artificial",Dry,Non-Fatal Injury,Pedestrian Collisions,Pedestrian,25 to 29,Major,,Unknown,,,,,Pedestrian hit at mid-block,Other,Unknown,,,,Yes,,Yes,,,,,,,,,,,85,South Parkdale,85,South Parkdale (85),D11,625267.2416,4832830.2455
10275,80624293,3013962476,11/13/2013 10:00:00 AM,750,WILSON AVE,INGLESIDE DR,1 m West of,Major Arterial,North York,43.727904,-79.478458,Non Intersection,No Control,Clear,Daylight,Dry,Non-Fatal Injury,SMV Other,Truck Driver,55 to 59,Major,,West,Truck - Open,Going Ahead,Failed to Yield Right of Way,Normal,,,,,,,,,,,Yes,,,,,Yes,,,,155,Downsview,26,Downsview-Roding-CFB (26),D31,622545.3332,4842776.3871
10276,80144678,3000972719,11/14/2013 10:00:00 AM,1945,545 THE WEST MALL,,,Minor Arterial,Etobicoke York,43.651686,-79.569782,Non Intersection,No Control,Clear,"Dark, artificial",Dry,Non-Fatal Injury,Pedestrian Collisions,Driver,45 to 49,None,,South,"Automobile, Station Wagon",Going Ahead,Driving Properly,Normal,,,,,,,Yes,,Yes,,,,,,,,,,,13,Etobicoke West Mall,13,Etobicoke West Mall (13),D22,615336.0127,4834180.3657
10277,80144679,3000972719,11/14/2013 10:00:00 AM,1945,545 THE WEST MALL,,,Minor Arterial,Etobicoke York,43.651686,-79.569782,Non Intersection,No Control,Clear,"Dark, artificial",Dry,Non-Fatal Injury,Pedestrian Collisions,Pedestrian,15 to 19,Major,,West,,,,,Pedestrian hit at mid-block,Playing or Working on Highway,Had Been Drinking,,,,Yes,,Yes,,,,,,,,,,,13,Etobicoke West Mall,13,Etobicoke West Mall (13),D22,615336.0127,4834180.3657
10278,80144680,3000972719,11/14/2013 10:00:00 AM,1945,545 THE WEST MALL,,,Minor Arterial,Etobicoke York,43.651686,-79.569782,Non Intersection,No Control,Clear,"Dark, artificial",Dry,Non-Fatal Injury,Pedestrian Collisions,,unknown,,,,,,,,,,,,,,Yes,,Yes,,,,,,,,,,,13,Etobicoke West Mall,13,Etobicoke West Mall (13),D22,615336.0127,4834180.3657
10279,3738220,977199,11/15/2013 10:00:00 AM,1440,64 ST CLAIR AVE W,,,Major Arterial,Toronto and East York,43.68751,-79.396922,,No Control,Clear,Daylight,Dry,Fatal,Pedestrian Collisions,Passenger,unknown,None,,,,,,,,,,,,,Yes,,Yes,,,Yes,,Yes,,,,,,97,Yonge-St.Clair,97,Yonge-St.Clair (97),D53,629199.0778,4838413.8703
10280,3738221,977199,11/15/2013 10:00:00 AM,1440,64 ST CLAIR AVE W,,,Major Arterial,Toronto and East York,43.68751,-79.396922,,No Control,Clear,Daylight,Dry,Fatal,Pedestrian Collisions,Passenger,unknown,None,,,,,,,,,,,,,Yes,,Yes,,,Yes,,Yes,,,,,,97,Yonge-St.Clair,97,Yonge-St.Clair (97),D53,629199.0778,4838413.8703
10281,3738222,977199,11/15/2013 10:00:00 AM,1440,64 ST CLAIR AVE W,,,Major Arterial,Toronto and East York,43.68751,-79.396922,,No Control,Clear,Daylight,Dry,Fatal,Pedestrian Collisions,Pedestrian,80 to 84,Fatal,53,South,,,,,Pedestrian involved in a collision with transit vehicle anywhere along roadway,"Crossing, no Traffic Control",Inattentive,,,,Yes,,Yes,,,Yes,,Yes,,,,,,97,Yonge-St.Clair,97,Yonge-St.Clair (97),D53,629199.0778,4838413.8703
10282,7541892,977199,11/15/2013 10:00:00 AM,1440,64 ST CLAIR AVE W,,,Major Arterial,Toronto and East York,43.68751,-79.396922,,No Control,Clear,Daylight,Dry,Fatal,Pedestrian Collisions,Passenger,35 to 39,None,,,,,,,,,,,,,Yes,,Yes,,,Yes,,Yes,,,,,,97,Yonge-St.Clair,97,Yonge-St.Clair (97),D53,629199.0778,4838413.8703
10283,7541893,977199,11/15/2013 10:00:00 AM,1440,64 ST CLAIR AVE W,,,Major Arterial,Toronto and East York,43.68751,-79.396922,,No Control,Clear,Daylight,Dry,Fatal,Pedestrian Collisions,Driver,25 to 29,None,,West,Street Car,Going Ahead,Driving Properly,Normal,,,,,,,Yes,,Yes,,,Yes,,Yes,,,,,,97,Yonge-St.Clair,97,Yonge-St.Clair (97),D53,629199.0778,4838413.8703
10284,7541894,977199,11/15/2013 10:00:00 AM,1440,64 ST CLAIR AVE W,,,Major Arterial,Toronto and East York,43.68751,-79.396922,,No Control,Clear,Daylight,Dry,Fatal,Pedestrian Collisions,Driver,40 to 44,None,,West,"Automobile, Station Wagon",Going Ahead,Driving Properly,Normal,,,,,,,Yes,,Yes,,,Yes,,Yes,,,,,,97,Yonge-St.Clair,97,Yonge-St.Clair (97),D53,629199.0778,4838413.8703
10285,80198008,3000983486,11/16/2013 10:00:00 AM,1516,FAIRFAX CR,WARDEN AV,,Major Arterial,Scarborough,43.71617,-79.282756,At Intersection,Traffic Signal,Clear,Daylight,Dry,Non-Fatal Injury,Turning Movement,Driver,75 to 79,Major,,North,"Automobile, Station Wagon",Turning Left,Failed to Yield Right of Way,Normal,,,,,,,,,Yes,,,,,Yes,Yes,Yes,,,,120,Clairlea-Birchmount,120,Clairlea-Birchmount (120),D41,638334.3866,4841781.1779
10286,80198009,3000983486,11/16/2013 10:00:00 AM,1516,FAIRFAX CR,WARDEN AV,,Major Arterial,Scarborough,43.71617,-79.282756,At Intersection,Traffic Signal,Clear,Daylight,Dry,Non-Fatal Injury,Turning Movement,Driver,40 to 44,None,,South,Pick Up Truck,Going Ahead,Driving Properly,Normal,,,,,,,,,Yes,,,,,Yes,Yes,Yes,,,,120,Clairlea-Birchmount,120,Clairlea-Birchmount (120),D41,638334.3866,4841781.1779
10287,80198010,3000983486,11/16/2013 10:00:00 AM,1516,FAIRFAX CR,WARDEN AV,,Major Arterial,Scarborough,43.71617,-79.282756,At Intersection,Traffic Signal,Clear,Daylight,Dry,Non-Fatal Injury,Turning Movement,Passenger,60 to 64,None,,,,,,,,,,,,,,,Yes,,,,,Yes,Yes,Yes,,,,120,Clairlea-Birchmount,120,Clairlea-Birchmount (120),D41,638334.3866,4841781.1779
10288,80144941,3000986891,11/17/2013 10:00:00 AM,412,LANSDOWNE AVE,BRANDON AVE,,Minor Arterial,Toronto and East York,43.66828,-79.447078,Non Intersection,No Control,Rain,"Dark, artificial",Wet,Non-Fatal Injury,Pedestrian Collisions,Driver,60 to 64,None,,North,"Automobile, Station Wagon",Going Ahead,Driving Properly,Normal,,,,,,,Yes,,Yes,,,,,,,,,,,171,Junction-Wallace Emerson,93,Dovercourt-Wallace Emerson-Junction (93),D13,625196.7343,4836201.2017
10289,80144942,3000986891,11/17/2013 10:00:00 AM,412,LANSDOWNE AVE,BRANDON AVE,,Minor Arterial,Toronto and East York,43.66828,-79.447078,Non Intersection,No Control,Rain,"Dark, artificial",Wet,Non-Fatal Injury,Pedestrian Collisions,Pedestrian,25 to 29,Major,,South,,,,,Pedestrian hit at mid-block,Running onto Roadway,"Ability Impaired, Alcohol",,,,Yes,,Yes,,,,,,,,,,,171,Junction-Wallace Emerson,93,Dovercourt-Wallace Emerson-Junction (93),D13,625196.7343,4836201.2017
10290,80198087,3000989119,11/17/2013 10:00:00 AM,1506,MEADOWVALE RD,DEAN PARK  RD,,Minor Arterial,Scarborough,43.804213,-79.168781,At Intersection,Traffic Signal,Clear,Daylight,Dry,Non-Fatal Injury,Angle,Driver,60 to 64,Major,,South,"Automobile, Station Wagon",Going Ahead,Disobeyed Traffic Control,Inattentive,,,,,,,,,Yes,,,,,Yes,,Yes,Yes,,,143,West Rouge,131,Rouge (131),D42,647299.6495,4851756.2801
10291,80198088,3000989119,11/17/2013 10:00:00 AM,1506,MEADOWVALE RD,DEAN PARK  RD,,Minor Arterial,Scarborough,43.804213,-79.168781,At Intersection,Traffic Signal,Clear,Daylight,Dry,Non-Fatal Injury,Angle,Driver,25 to 29,None,,West,Passenger Van,Going Ahead,Driving Properly,Normal,,,,,,,,,Yes,,,,,Yes,,Yes,Yes,,,143,West Rouge,131,Rouge (131),D42,647299.6495,4851756.2801
10292,80198089,3000989119,11/17/2013 10:00:00 AM,1506,MEADOWVALE RD,DEAN PARK  RD,,Minor Arterial,Scarborough,43.804213,-79.168781,At Intersection,Traffic Signal,Clear,Daylight,Dry,Non-Fatal Injury,Angle,Passenger,0 to 4,None,,,,,,,,,,,,,,,Yes,,,,,Yes,,Yes,Yes,,,143,West Rouge,131,Rouge (131),D42,647299.6495,4851756.2801
10293,80145123,3000996799,11/18/2013 10:00:00 AM,2035,BATHURST ST,FRONTENAC AVE,,Major Arterial,North York,43.716799,-79.42921,Non Intersection,No Control,Clear,"Dark, artificial",Dry,Non-Fatal Injury,SMV Other,Driver,20 to 24,Minimal,,South,"Automobile, Station Wagon",Other,Lost control,"Ability Impaired, Alcohol",,,,,,,,,Yes,,,,,Yes,,,,Yes,,39,Bedford Park-Nortown,39,Bedford Park-Nortown (39),D53,626535.1898,4841617.0247
10294,80145124,3000996799,11/18/2013 10:00:00 AM,2035,BATHURST ST,FRONTENAC AVE,,Major Arterial,North York,43.716799,-79.42921,Non Intersection,No Control,Clear,"Dark, artificial",Dry,Non-Fatal Injury,SMV Other,Passenger,30 to 34,Major,,,,,,,,,,,,,,,Yes,,,,,Yes,,,,Yes,,39,Bedford Park-Nortown,39,Bedford Park-Nortown (39),D53,626535.1898,4841617.0247
10295,80198191,3001000463,11/19/2013 10:00:00 AM,1327,MOUNT PLEASANT RD,TED ROGERS WAY,,Major Arterial,Toronto and East York,43.669963,-79.379894,Intersection Related,Traffic Signal,Clear,Daylight,Dry,Non-Fatal Injury,Rear End,Driver,45 to 49,None,,West,"Automobile, Station Wagon",Going Ahead,Following too Close,Inattentive,,,,,,,,,Yes,,,,,Yes,,Yes,,,,74,North St.James Town,74,North St.James Town (74),D51,630609.5198,4836491.7069
10296,80198192,3001000463,11/19/2013 10:00:00 AM,1327,MOUNT PLEASANT RD,TED ROGERS WAY,,Major Arterial,Toronto and East York,43.669963,-79.379894,Intersection Related,Traffic Signal,Clear,Daylight,Dry,Non-Fatal Injury,Rear End,Driver,65 to 69,None,,West,"Automobile, Station Wagon",Going Ahead,Driving Properly,Normal,,,,,,,,,Yes,,,,,Yes,,Yes,,,,74,North St.James Town,74,North St.James Town (74),D51,630609.5198,4836491.7069
10297,80198193,3001000463,11/19/2013 10:00:00 AM,1327,MOUNT PLEASANT RD,TED ROGERS WAY,,Major Arterial,Toronto and East York,43.669963,-79.379894,Intersection Related,Traffic Signal,Clear,Daylight,Dry,Non-Fatal Injury,Rear End,Driver,35 to 39,None,,West,"Automobile, Station Wagon",Going Ahead,Driving Properly,Normal,,,,,,,,,Yes,,,,,Yes,,Yes,,,,74,North St.James Town,74,North St.James Town (74),D51,630609.5198,4836491.7069
10298,80198194,3001000463,11/19/2013 10:00:00 AM,1327,MOUNT PLEASANT RD,TED ROGERS WAY,,Major Arterial,Toronto and East York,43.669963,-79.379894,Intersection Related,Traffic Signal,Clear,Daylight,Dry,Non-Fatal Injury,Rear End,Passenger,40 to 44,Major,,,,,,,,,,,,,,,Yes,,,,,Yes,,Yes,,,,74,North St.James Town,74,North St.James Town (74),D51,630609.5198,4836491.7069
10299,80198195,3001000463,11/19/2013 10:00:00 AM,1327,MOUNT PLEASANT RD,TED ROGERS WAY,,Major Arterial,Toronto and East York,43.669963,-79.379894,Intersection Related,Traffic Signal,Clear,Daylight,Dry,Non-Fatal Injury,Rear End,Passenger,60 to 64,Minor,,,,,,,,,,,,,,,Yes,,,,,Yes,,Yes,,,,74,North St.James Town,74,North St.James Town (74),D51,630609.5198,4836491.7069
10300,80145206,3001002195,11/19/2013 10:00:00 AM,1820,VICTORIA PARK AVE,SUNRISE AVE,,Major Arterial,North York,43.719775,-79.300586,,Traffic Signal,Clear,"Dark, artificial",Dry,Non-Fatal Injury,Pedestrian Collisions,Driver,60 to 64,None,,East,"Automobile, Station Wagon",Turning Left,Failed to Yield Right of Way,Inattentive,,,,,,,Yes,,Yes,,,,,,,Yes,,,,120,Clairlea-Birchmount,120,Clairlea-Birchmount (120),D41,636889.846,4842151.9606
10301,80145207,3001002195,11/19/2013 10:00:00 AM,1820,VICTORIA PARK AVE,SUNRISE AVE,,Major Arterial,North York,43.719775,-79.300586,,Traffic Signal,Clear,"Dark, artificial",Dry,Non-Fatal Injury,Pedestrian Collisions,Pedestrian,25 to 29,Major,,East,,,,,Vehicle turns left while ped crosses with ROW at inter.,Crossing with right of way,Normal,,,,Yes,,Yes,,,,,,,Yes,,,,120,Clairlea-Birchmount,120,Clairlea-Birchmount (120),D41,636889.846,4842151.9606
10302,8000010,3001005166,11/20/2013 10:00:00 AM,937,SHEPPARD AVE W,KODIAK CRES,,Major Arterial,North York,43.751868,-79.467212,,Traffic Signal,Clear,Daylight,Dry,Fatal,Cyclist Collisions,Cyclist,20 to 24,Fatal,54,West,Bicycle,Going Ahead,,,,,,"Motorist without ROW drives into path of cyclist at inter, lnwy, dwy-Driver not turn.",Driving Properly,Normal,,Yes,Yes,,,,,,Yes,Yes,Yes,,,155,Downsview,26,Downsview-Roding-CFB (26),D32,623401.8562,4845454.6291
10303,8000106,3001005166,11/20/2013 10:00:00 AM,937,SHEPPARD AVE W,KODIAK CRES,,Major Arterial,North York,43.751868,-79.467212,,Traffic Signal,Clear,Daylight,Dry,Fatal,Cyclist Collisions,Driver,20 to 24,,,North,"Automobile, Station Wagon",Going Ahead,Disobeyed Traffic Control,Unknown,,,,,,,,Yes,Yes,,,,,,Yes,Yes,Yes,,,155,Downsview,26,Downsview-Roding-CFB (26),D32,623401.8562,4845454.6291
10304,80145439,3001013927,11/21/2013 10:00:00 AM,1650,YONGE ST,FRONT ST,,Major Arterial,Toronto and East York,43.646437,-79.376781,Non Intersection,No Control,Clear,"Dusk, artificial",Dry,Non-Fatal Injury,Pedestrian Collisions,Driver,40 to 44,None,,North,"Automobile, Station Wagon",Slowing or Stopping,Driving Properly,Normal,,,,,,,Yes,,Yes,,,,,,,,,,,166,St Lawrence-East Bayfront-The Islands,77,Waterfront Communities-The Island (77),D51,630911.6025,4833883.7385
10305,80145440,3001013927,11/21/2013 10:00:00 AM,1650,YONGE ST,FRONT ST,,Major Arterial,Toronto and East York,43.646437,-79.376781,Non Intersection,No Control,Clear,"Dusk, artificial",Dry,Non-Fatal Injury,Pedestrian Collisions,Pedestrian,65 to 69,Major,,West,,,,,Pedestrian hit at mid-block,"Crossing, no Traffic Control",Inattentive,,,,Yes,,Yes,,,,,,,,,,,166,St Lawrence-East Bayfront-The Islands,77,Waterfront Communities-The Island (77),D51,630911.6025,4833883.7385
10306,80198361,3001015663,11/22/2013 10:00:00 AM,31,HOSKIN AVE,ST GEORGE ST,,Minor Arterial,Toronto and East York,43.664099,-79.398433,Intersection Related,Traffic Signal,Rain,"Dark, artificial",Wet,Non-Fatal Injury,Cyclist Collisions,Cyclist,20 to 24,Major,,South,Bicycle,Going Ahead,,,,,,"Cyclist without ROW rides into path of motorist at inter, lnwy, dwy-Cyclist not turn.",Disobeyed Traffic Control,Unknown,,Yes,Yes,,,,,,,,,,,79,University,79,University (79),D52,629127.5026,4835811.409
10307,80198362,3001015663,11/22/2013 10:00:00 AM,31,HOSKIN AVE,ST GEORGE ST,,Minor Arterial,Toronto and East York,43.664099,-79.398433,Intersection Related,Traffic Signal,Rain,"Dark, artificial",Wet,Non-Fatal Injury,Cyclist Collisions,Driver,20 to 24,None,,East,"Automobile, Station Wagon",Going Ahead,Driving Properly,Unknown,,,,,,,,Yes,Yes,,,,,,,,,,,79,University,79,University (79),D52,629127.5026,4835811.409
10308,80145639,3001021983,11/23/2013 10:00:00 AM,1,HIGHWAY 427  S,27 S 427 C S RAMP,,,Etobicoke York,43.669295,-79.574916,Non Intersection,No Control,Clear,"Dark, artificial",Dry,Non-Fatal Injury,SMV Other,Driver,25 to 29,Major,,South,"Automobile, Station Wagon",Going Ahead,Lost control,"Ability Impaired, Alcohol",,,,,,,,,Yes,,,,,,,,,Yes,,11,Eringate-Centennial-West Deane,11,Eringate-Centennial-West Deane (11),D22,614888.403,4836128.9484
10309,80198452,3001022701,11/23/2013 10:00:00 AM,130,WINSTON PARK BLVD,ANTHONY RD,,Local,North York,43.72782,-79.471133,At/Near Private Drive,Stop Sign,Clear,"Dark, artificial",Dry,Non-Fatal Injury,SMV Unattended Vehicle,Driver,25 to 29,Major,,West,"Automobile, Station Wagon",Turning Left,Lost control,Unknown,,,,,,,,,Yes,,,,,,Yes,Yes,,,,155,Downsview,26,Downsview-Roding-CFB (26),D32,623135.4674,4842777.9159
10310,80198600,3001029733,11/24/2013 10:00:00 AM,1018,EGLINTON AVE E,OSWEGO RD,,Major Arterial,Scarborough,43.737418,-79.244701,Non Intersection,No Control,Clear,Daylight,Dry,Fatal,Approaching,Driver,40 to 44,None,,West,"Automobile, Station Wagon",Changing Lanes,Speed too Fast For Condition,Normal,,,,,,,,,Yes,,,,,Yes,Yes,Yes,,,,138,Eglinton East,138,Eglinton East (138),D43,641349.9951,4844205.3046
10311,80198601,3001029733,11/24/2013 10:00:00 AM,1018,EGLINTON AVE E,OSWEGO RD,,Major Arterial,Scarborough,43.737418,-79.244701,Non Intersection,No Control,Clear,Daylight,Dry,Fatal,Approaching,Driver,45 to 49,Minor,,East,"Automobile, Station Wagon",Going Ahead,Driving Properly,Normal,,,,,,,,,Yes,,,,,Yes,Yes,Yes,,,,138,Eglinton East,138,Eglinton East (138),D43,641349.9951,4844205.3046
10312,80198602,3001029733,11/24/2013 10:00:00 AM,1018,EGLINTON AVE E,OSWEGO RD,,Major Arterial,Scarborough,43.737418,-79.244701,Non Intersection,No Control,Clear,Daylight,Dry,Fatal,Approaching,Passenger,30 to 34,None,,,,,,,,,,,,,,,Yes,,,,,Yes,Yes,Yes,,,,138,Eglinton East,138,Eglinton East (138),D43,641349.9951,4844205.3046
10313,80198604,3001029733,11/24/2013 10:00:00 AM,1018,EGLINTON AVE E,OSWEGO RD,,Major Arterial,Scarborough,43.737418,-79.244701,Non Intersection,No Control,Clear,Daylight,Dry,Fatal,Approaching,Passenger,30 to 34,Fatal,57,,,,,,,,,,,,,,Yes,,,,,Yes,Yes,Yes,,,,138,Eglinton East,138,Eglinton East (138),D43,641349.9951,4844205.3046
10314,80198605,3001029733,11/24/2013 10:00:00 AM,1018,EGLINTON AVE E,OSWEGO RD,,Major Arterial,Scarborough,43.737418,-79.244701,Non Intersection,No Control,Clear,Daylight,Dry,Fatal,Approaching,Passenger,35 to 39,Minor,,,,,,,,,,,,,,,Yes,,,,,Yes,Yes,Yes,,,,138,Eglinton East,138,Eglinton East (138),D43,641349.9951,4844205.3046
10315,80503925,3001029733,11/24/2013 10:00:00 AM,1018,EGLINTON AVE E,OSWEGO RD,,Major Arterial,Scarborough,43.737418,-79.244701,Non Intersection,No Control,Clear,Daylight,Dry,Fatal,Approaching,Passenger,35 to 39,Minor,,,"Automobile, Station Wagon",,,,,,,,,,,,Yes,,,,,Yes,Yes,Yes,,,,138,Eglinton East,138,Eglinton East (138),D43,641349.9951,4844205.3046
10316,8000107,131031283,11/24/2013 10:00:00 AM,1521,100 STEELES AVE W,,,Major Arterial,North York,43.796965,-79.424747,,Traffic Signal,Clear,"Dark, artificial",Dry,Fatal,Pedestrian Collisions,Driver,30 to 34,None,,South,Delivery Van,Turning Right,Improper Passing,Inattentive,,,,,,,Yes,,Yes,,,,,,,Yes,,,,36,Newtonbrook West,36,Newtonbrook West (36),D32,626725.3708,4850527.4785
10317,80000012,131031283,11/24/2013 10:00:00 AM,1521,100 STEELES AVE W,,,Major Arterial,North York,43.796965,-79.424747,,Traffic Signal,Clear,"Dark, artificial",Dry,Fatal,Pedestrian Collisions,Pedestrian,40 to 44,Fatal,56,South,,,,,Vehicle turns right while ped crosses with ROW at inter.,Crossing with right of way,Normal,,,,Yes,,Yes,,,,,,,Yes,,,,36,Newtonbrook West,36,Newtonbrook West (36),D32,626725.3708,4850527.4785
10318,80146149,3001047627,11/27/2013 10:00:00 AM,1120,JARVIS ST,GERRARD ST E,,Major Arterial,Toronto and East York,43.660418,-79.375896,At Intersection,Traffic Signal,Clear,Daylight,Dry,Non-Fatal Injury,Pedestrian Collisions,Driver,30 to 34,None,,South,"Automobile, Station Wagon",Turning Left,Failed to Yield Right of Way,Normal,,,,,,,Yes,,Yes,,,,,,,Yes,,,,168,Downtown Yonge East,75,Church-Yonge Corridor (75),D51,630952.5866,4835437.9093
10319,80146150,3001047627,11/27/2013 10:00:00 AM,1120,JARVIS ST,GERRARD ST E,,Major Arterial,Toronto and East York,43.660418,-79.375896,At Intersection,Traffic Signal,Clear,Daylight,Dry,Non-Fatal Injury,Pedestrian Collisions,Pedestrian,30 to 34,Major,,North,,,,,Vehicle turns left while ped crosses with ROW at inter.,Crossing with right of way,Normal,,,,Yes,,Yes,,,,,,,Yes,,,,168,Downtown Yonge East,75,Church-Yonge Corridor (75),D51,630952.5866,4835437.9093
10320,80198851,3001054757,11/28/2013 10:00:00 AM,1423,295 THE WEST MALL,,,Minor Arterial,Etobicoke York,43.6351,-79.561916,Non Intersection,No Control,Clear,Daylight,Dry,Non-Fatal Injury,SMV Other,Driver,80 to 84,Major,,North,"Automobile, Station Wagon",Going Ahead,Lost control,Unknown,,,,,,,,,Yes,,,,,,,,,,,12,Markland Wood,12,Markland Wood (12),D22,616002.2662,4832349.2449
10321,80000014,131058335,11/29/2013 10:00:00 AM,558,1491 LAKE SHORE BLVD W,,,Major Arterial,Toronto and East York,43.637614,-79.447742,,No Control,Clear,"Dawn, artificial",Dry,Fatal,SMV Other,Driver,25 to 29,Fatal,58,East,"Automobile, Station Wagon",Going Ahead,Lost control,Unknown,,,,,,,,,Yes,,,,,,Yes,Yes,,,,85,South Parkdale,85,South Parkdale (85),D11,625206.9116,4832794.3422
10322,80146400,3001061187,11/29/2013 10:00:00 AM,1545,WILLOWDALE AVE,PEMBERTON AVE,,Minor Arterial,North York,43.782489,-79.407451,At Intersection,No Control,Clear,Daylight,Dry,Non-Fatal Injury,Pedestrian Collisions,Driver,unknown,,,South,"Automobile, Station Wagon",Going Ahead,Driving Properly,Unknown,,,,,,,Yes,,Yes,,,,,,,,,,,50,Newtonbrook East,50,Newtonbrook East (50),D32,628147.7385,4848946.3222
10323,80146401,3001061187,11/29/2013 10:00:00 AM,1545,WILLOWDALE AVE,PEMBERTON AVE,,Minor Arterial,North York,43.782489,-79.407451,At Intersection,No Control,Clear,Daylight,Dry,Non-Fatal Injury,Pedestrian Collisions,Pedestrian,10 to 14,Major,,West,,,,,Vehicle is going straight thru inter.while ped cross without ROW,"Crossing, no Traffic Control",Unknown,,,,Yes,,Yes,,,,,,,,,,,50,Newtonbrook East,50,Newtonbrook East (50),D32,628147.7385,4848946.3222
10324,80622575,3001064601,11/30/2013 10:00:00 AM,509,295 DAVENPORT RD,,,Major Arterial,Toronto and East York,43.674319,-79.399799,Non Intersection,No Control,Clear,Dark,Dry,Non-Fatal Injury,SMV Other,Driver,45 to 49,Major,,South,"Automobile, Station Wagon",Going Ahead,Lost control,"Ability Impaired, Alcohol",,,,,,,,,Yes,,,,,,Yes,Yes,,Yes,,95,Annex,95,Annex (95),D53,628995.4717,4836944.3518
10325,8000113,13999959,11/30/2013 10:00:00 AM,1556,BLOOR ST W,NEILSON DR,,Major Arterial,Etobicoke York,43.63444,-79.567218,,Traffic Signal,Other,Daylight,Other,Fatal,Turning Movement,Driver,35 to 39,None,,West,"Automobile, Station Wagon",Turning Left,Improper Turn,Unknown,,,,,,,,,Yes,,,,,,,,,,,12,Markland Wood,12,Markland Wood (12),D22,615575.8451,4832268.5483