OBJECTID,INDEX,ACCNUM,DATE,TIME,STREET1,STREET2,OFFSET,ROAD_CLASS,DISTRICT,LATITUDE,LONGITUDE,ACCLOC,TRAFFCTL,VISIBILITY,LIGHT,RDSFCOND,ACCLASS,IMPACTYPE,INVTYPE,INVAGE,INJURY,FATAL_NO,INITDIR,VEHTYPE,MANOEUVER,DRIVACT,DRIVCOND,PEDTYPE,PEDACT,PEDCOND,CYCLISTYPE,CYCACT,CYCCOND,PEDESTRIAN,CYCLIST,AUTOMOBILE,MOTORCYCLE,TRUCK,TRSN_CITY_VEH,EMERG_VEH,PASSENGER,SPEEDING,AG_DRIV,REDLIGHT,ALCOHOL,DISABILITY,HOOD_158,NEIGHBOURHOOD_158,HOOD_140,NEIGHBOURHOOD_140,DIVISION,x,y
10495,80626766,4001567446,2/20/2014 10:00:00 AM,2020,EGLINTON AVE E,KENNEDY RD,,Major Arterial,Scarborough,43.732131,-79.267894,At/Near Private Drive,No Control,Rain,"Dark, artificial",Wet,Non-Fatal Injury,Pedestrian Collisions,Pedestrian,50 to 54,Major,,West,,,,,Pedestrian hit at mid-block,"Crossing, no Traffic Control",Had Been Drinking,,,,Yes,,Yes,,,,,,,,,,,124,Kennedy Park,124,Kennedy Park (124),D41,639494.5724,4843578.7953
10496,80152255,4001576606,2/22/2014 10:00:00 AM,935,DUPONT ST,BATHURST ST,,Major Arterial,Toronto and East York,43.673133,-79.414378,At Intersection,Traffic Signal,Clear,Daylight,Dry,Non-Fatal Injury,Pedestrian Collisions,Driver,55 to 59,None,,South,Delivery Van,Turning Left,Failed to Yield Right of Way,Inattentive,,,,,,,Yes,,Yes,,,,,,,Yes,,,,95,Annex,95,Annex (95),D14,627822.7349,4836790.0615
10497,80152256,4001576606,2/22/2014 10:00:00 AM,935,DUPONT ST,BATHURST ST,,Major Arterial,Toronto and East York,43.673133,-79.414378,At Intersection,Traffic Signal,Clear,Daylight,Dry,Non-Fatal Injury,Pedestrian Collisions,Pedestrian,60 to 64,Major,,North,,,,,Vehicle turns left while ped crosses with ROW at inter.,Crossing with right of way,Normal,,,,Yes,,Yes,,,,,,,Yes,,,,95,Annex,95,Annex (95),D14,627822.7349,4836790.0615
10498,80152336,4001580826,2/22/2014 10:00:00 AM,2334,PARLIAMENT ST,KING ST E,,Major Arterial,Toronto and East York,43.652712,-79.363246,Non Intersection,Traffic Signal,Clear,"Dark, artificial",Dry,Non-Fatal Injury,Other,Driver,40 to 44,None,,South,Street Car,Turning Right,Driving Properly,Normal,,,,,,,,,,,,Yes,,Yes,,,,,,73,Moss Park,73,Moss Park (73),D51,631989.4581,4834602.0996
10499,80152337,4001580826,2/22/2014 10:00:00 AM,2334,PARLIAMENT ST,KING ST E,,Major Arterial,Toronto and East York,43.652712,-79.363246,Non Intersection,Traffic Signal,Clear,"Dark, artificial",Dry,Non-Fatal Injury,Other,Passenger,25 to 29,Major,,,,,,,,,,,,,,,,,,Yes,,Yes,,,,,,73,Moss Park,73,Moss Park (73),D51,631989.4581,4834602.0996
10500,80203632,4001595656,2/25/2014 10:00:00 AM,1327,QUEEN ST E,ELMER AVE,6 m West of,Minor Arterial,Toronto and East York,43.669367,-79.302966,Non Intersection,No Control,Clear,Daylight,Dry,Non-Fatal Injury,Pedestrian Collisions,Driver,25 to 29,Minimal,,East,"Automobile, Station Wagon",Going Ahead,Speed too Fast For Condition,Inattentive,,,,,,,Yes,,Yes,,,,,,Yes,Yes,,,,63,The Beaches,63,The Beaches (63),D55,636812.7174,4836549.5123
10501,80203633,4001595656,2/25/2014 10:00:00 AM,1327,QUEEN ST E,ELMER AVE,6 m West of,Minor Arterial,Toronto and East York,43.669367,-79.302966,Non Intersection,No Control,Clear,Daylight,Dry,Non-Fatal Injury,Pedestrian Collisions,Pedestrian,30 to 34,Major,,Unknown,"Automobile, Station Wagon",,,,Pedestrian hit at mid-block,Coming From Behind Parked Vehicle,Unknown,,,,Yes,,Yes,,,,,,Yes,Yes,,,,63,The Beaches,63,The Beaches (63),D55,636812.7174,4836549.5123
10502,8000006,141603063,2/26/2014 10:00:00 AM,1646,YORK MILLS RD,UPJOHN RD,,Major Arterial,North York,43.75495,-79.350871,,No Control,Clear,Daylight,Dry,Fatal,Turning Movement,Passenger,10 to 14,Minimal,,,,,,,,,,,,,,,Yes,,,,,Yes,,Yes,,,,42,Banbury-Don Mills,42,Banbury-Don Mills (42),D33,632761.5239,4845976.8351
10503,8000007,141603063,2/26/2014 10:00:00 AM,1646,YORK MILLS RD,UPJOHN RD,,Major Arterial,North York,43.75495,-79.350871,,No Control,Clear,Daylight,Dry,Fatal,Turning Movement,Driver,30 to 34,None,,West,"Automobile, Station Wagon",Turning Left,Failed to Yield Right of Way,Inattentive,,,,,,,,,Yes,,,,,Yes,,Yes,,,,42,Banbury-Don Mills,42,Banbury-Don Mills (42),D33,632761.5239,4845976.8351
10504,8000008,141603063,2/26/2014 10:00:00 AM,1646,YORK MILLS RD,UPJOHN RD,,Major Arterial,North York,43.75495,-79.350871,,No Control,Clear,Daylight,Dry,Fatal,Turning Movement,Driver,55 to 59,None,,West,"Automobile, Station Wagon",Stopped,Driving Properly,Normal,,,,,,,,,Yes,,,,,Yes,,Yes,,,,42,Banbury-Don Mills,42,Banbury-Don Mills (42),D33,632761.5239,4845976.8351
10505,80000024,141603063,2/26/2014 10:00:00 AM,1646,YORK MILLS RD,UPJOHN RD,,Major Arterial,North York,43.75495,-79.350871,,No Control,Clear,Daylight,Dry,Fatal,Turning Movement,Driver,80 to 84,Fatal,5,East,"Automobile, Station Wagon",Going Ahead,Driving Properly,Normal,,,,,,,,,Yes,,,,,Yes,,Yes,,,,42,Banbury-Don Mills,42,Banbury-Don Mills (42),D33,632761.5239,4845976.8351
10506,80152757,4001608537,2/27/2014 10:00:00 AM,1432,YONGE ST,BALLIOL ST,,Major Arterial,Toronto and East York,43.697398,-79.396449,Non Intersection,No Control,Clear,Daylight,Dry,Non-Fatal Injury,Pedestrian Collisions,Driver,50 to 54,None,,East,Municipal Transit Bus (TTC),Turning Left,Driving Properly,Inattentive,,,,,,,Yes,,,,,Yes,,,,,,,,174,South Eglinton-Davisville,104,Mount Pleasant West (104),D53,629215.9621,4839512.8065
10507,80152758,4001608537,2/27/2014 10:00:00 AM,1432,YONGE ST,BALLIOL ST,,Major Arterial,Toronto and East York,43.697398,-79.396449,Non Intersection,No Control,Clear,Daylight,Dry,Non-Fatal Injury,Pedestrian Collisions,Pedestrian,70 to 74,Major,,West,,,,,Pedestrian involved in a collision with transit vehicle anywhere along roadway,"Crossing, no Traffic Control",Inattentive,,,,Yes,,,,,Yes,,,,,,,,174,South Eglinton-Davisville,104,Mount Pleasant West (104),D53,629215.9621,4839512.8065
10508,80627030,4001616287,2/28/2014 10:00:00 AM,1845,7 QUEEN ELIZABETH BLVD,,,Local,Etobicoke York,43.62345,-79.502383,Non Intersection,No Control,Clear,"Dark, artificial",Dry,Non-Fatal Injury,SMV Other,Driver,60 to 64,Major,,East,"Automobile, Station Wagon",Other,Exceeding Speed Limit,"Ability Impaired, Alcohol",,,,,,,,,Yes,,,,,,Yes,Yes,,Yes,,16,Stonegate-Queensway,16,Stonegate-Queensway (16),D22,620827.8443,4831140.2831
10509,80627033,4001617003,2/28/2014 10:00:00 AM,2049,3035 YONGE ST,,,Major Arterial,North York,43.724253,-79.402026,At/Near Private Drive,No Control,Clear,"Dark, artificial",Dry,Non-Fatal Injury,Pedestrian Collisions,Pedestrian,55 to 59,Major,,Unknown,,,,,Pedestrian hit at mid-block,Other,Unknown,,,,Yes,,,,,,,,,,,,,103,Lawrence Park South,103,Lawrence Park South (103),D53,628709.0592,4842486.7578
10510,80627081,4001626103,3/2/2014 10:00:00 AM,1208,STEELES AVE W,DUFFERIN ST,,Major Arterial,North York,43.78728,-79.470042,At Intersection,Traffic Signal,Clear,Daylight,Wet,Non-Fatal Injury,Turning Movement,Driver,75 to 79,Major,,South,"Automobile, Station Wagon",Turning Left,Improper Turn,Normal,,,,,,,,,Yes,,,,,,,,,,,34,Bathurst Manor,34,Bathurst Manor (34),D32,623101.3484,4849383.4524
10511,80627082,4001626103,3/2/2014 10:00:00 AM,1208,STEELES AVE W,DUFFERIN ST,,Major Arterial,North York,43.78728,-79.470042,At Intersection,Traffic Signal,Clear,Daylight,Wet,Non-Fatal Injury,Turning Movement,Driver,35 to 39,Minimal,,North,"Automobile, Station Wagon",Going Ahead,Driving Properly,Normal,,,,,,,,,Yes,,,,,,,,,,,34,Bathurst Manor,34,Bathurst Manor (34),D32,623101.3484,4849383.4524
10512,80153163,4008009492,3/2/2014 10:00:00 AM,1320,BIRCHMOUNT RD,BONIS AVE,,Major Arterial,Scarborough,43.783583,-79.299335,At Intersection,Traffic Signal,Clear,Daylight,Wet,Non-Fatal Injury,Rear End,Driver,60 to 64,Major,,South,"Automobile, Station Wagon",Turning Left,Driving Properly,Normal,,,,,,,,,Yes,,,,,,,,,,,118,Tam O'Shanter-Sullivan,118,Tam O'Shanter-Sullivan (118),D42,636845.1075,4849240.8723
10513,80153164,4008009492,3/2/2014 10:00:00 AM,1320,BIRCHMOUNT RD,BONIS AVE,,Major Arterial,Scarborough,43.783583,-79.299335,At Intersection,Traffic Signal,Clear,Daylight,Wet,Non-Fatal Injury,Rear End,Driver,70 to 74,Major,,South,"Automobile, Station Wagon",Turning Left,Driving Properly,Normal,,,,,,,,,Yes,,,,,,,,,,,118,Tam O'Shanter-Sullivan,118,Tam O'Shanter-Sullivan (118),D42,636845.1075,4849240.8723
10514,80153165,4008009492,3/2/2014 10:00:00 AM,1320,BIRCHMOUNT RD,BONIS AVE,,Major Arterial,Scarborough,43.783583,-79.299335,At Intersection,Traffic Signal,Clear,Daylight,Wet,Non-Fatal Injury,Rear End,Driver,70 to 74,Major,,South,"Automobile, Station Wagon",Going Ahead,Lost control,Inattentive,,,,,,,,,Yes,,,,,,,,,,,118,Tam O'Shanter-Sullivan,118,Tam O'Shanter-Sullivan (118),D42,636845.1075,4849240.8723
10515,80204277,4001645257,3/5/2014 10:00:00 AM,1528,ROGERS RD,WESTON RD,,Minor Arterial,Etobicoke York,43.681712,-79.476039,Non Intersection,No Control,Clear,Daylight,Dry,Non-Fatal Injury,Turning Movement,Driver,40 to 44,None,,West,"Automobile, Station Wagon",Making U Turn,Improper Turn,Inattentive,,,,,,,,,Yes,,,,,Yes,,Yes,,,,110,Keelesdale-Eglinton West,110,Keelesdale-Eglinton West (110),D12,622834.4668,4837649.7054
10516,80204278,4001645257,3/5/2014 10:00:00 AM,1528,ROGERS RD,WESTON RD,,Minor Arterial,Etobicoke York,43.681712,-79.476039,Non Intersection,No Control,Clear,Daylight,Dry,Non-Fatal Injury,Turning Movement,Driver,25 to 29,Minimal,,West,"Automobile, Station Wagon",Going Ahead,Driving Properly,Normal,,,,,,,,,Yes,,,,,Yes,,Yes,,,,110,Keelesdale-Eglinton West,110,Keelesdale-Eglinton West (110),D12,622834.4668,4837649.7054
10517,80204279,4001645257,3/5/2014 10:00:00 AM,1528,ROGERS RD,WESTON RD,,Minor Arterial,Etobicoke York,43.681712,-79.476039,Non Intersection,No Control,Clear,Daylight,Dry,Non-Fatal Injury,Turning Movement,Passenger,20 to 24,Major,,,,,,,,,,,,,,,Yes,,,,,Yes,,Yes,,,,110,Keelesdale-Eglinton West,110,Keelesdale-Eglinton West (110),D12,622834.4668,4837649.7054
10518,80153506,4008010046,3/5/2014 10:00:00 AM,1800,FINCH AVE E,BRIDLETOWNE CRCL,,Major Arterial,Scarborough,43.79584,-79.319301,Intersection Related,Traffic Signal,Clear,"Dusk, artificial",Dry,Non-Fatal Injury,Rear End,Driver,30 to 34,Major,,East,"Automobile, Station Wagon",Stopped,Driving Properly,Normal,,,,,,,,,Yes,,,,,,,,,,,147,L'Amoreaux West,117,L'Amoreaux (117),D42,635210.8715,4850569.3931
10519,80153507,4008010046,3/5/2014 10:00:00 AM,1800,FINCH AVE E,BRIDLETOWNE CRCL,,Major Arterial,Scarborough,43.79584,-79.319301,Intersection Related,Traffic Signal,Clear,"Dusk, artificial",Dry,Non-Fatal Injury,Rear End,Driver,50 to 54,Major,,East,"Automobile, Station Wagon",Stopped,Driving Properly,Normal,,,,,,,,,Yes,,,,,,,,,,,147,L'Amoreaux West,117,L'Amoreaux (117),D42,635210.8715,4850569.3931
10520,80153508,4008010046,3/5/2014 10:00:00 AM,1800,FINCH AVE E,BRIDLETOWNE CRCL,,Major Arterial,Scarborough,43.79584,-79.319301,Intersection Related,Traffic Signal,Clear,"Dusk, artificial",Dry,Non-Fatal Injury,Rear End,Driver,35 to 39,Major,,East,"Automobile, Station Wagon",Slowing or Stopping,Driving Properly,Normal,,,,,,,,,Yes,,,,,,,,,,,147,L'Amoreaux West,117,L'Amoreaux (117),D42,635210.8715,4850569.3931
10521,80153509,4008010046,3/5/2014 10:00:00 AM,1800,FINCH AVE E,BRIDLETOWNE CRCL,,Major Arterial,Scarborough,43.79584,-79.319301,Intersection Related,Traffic Signal,Clear,"Dusk, artificial",Dry,Non-Fatal Injury,Rear End,Driver,30 to 34,Major,,East,"Automobile, Station Wagon",Going Ahead,Lost control,Inattentive,,,,,,,,,Yes,,,,,,,,,,,147,L'Amoreaux West,117,L'Amoreaux (117),D42,635210.8715,4850569.3931
10522,80204301,4001647653,3/5/2014 10:00:00 AM,2309,MCCOWAN RD,BENLEIGH  DR,30 m North o,Major Arterial,Scarborough,43.758967,-79.246433,Non Intersection,No Control,Clear,"Dark, artificial",Wet,Non-Fatal Injury,SMV Other,Driver,35 to 39,None,,North,"Automobile, Station Wagon",Going Ahead,Exceeding Speed Limit,Unknown,,,,,,,,,Yes,,,,,Yes,Yes,Yes,,,,156,Bendale-Glen Andrew,127,Bendale (127),D43,641159.8524,4846595.6954
10523,80204302,4001647653,3/5/2014 10:00:00 AM,2309,MCCOWAN RD,BENLEIGH  DR,30 m North o,Major Arterial,Scarborough,43.758967,-79.246433,Non Intersection,No Control,Clear,"Dark, artificial",Wet,Non-Fatal Injury,SMV Other,Passenger,20 to 24,Minimal,,,,,,,,,,,,,,,Yes,,,,,Yes,Yes,Yes,,,,156,Bendale-Glen Andrew,127,Bendale (127),D43,641159.8524,4846595.6954
10524,80204303,4001647653,3/5/2014 10:00:00 AM,2309,MCCOWAN RD,BENLEIGH  DR,30 m North o,Major Arterial,Scarborough,43.758967,-79.246433,Non Intersection,No Control,Clear,"Dark, artificial",Wet,Non-Fatal Injury,SMV Other,Passenger,20 to 24,Major,,,,,,,,,,,,,,,Yes,,,,,Yes,Yes,Yes,,,,156,Bendale-Glen Andrew,127,Bendale (127),D43,641159.8524,4846595.6954
10525,80000025,141649049,3/6/2014 10:00:00 AM,735,PRINCE EDWARD DR N,SHAND AVE,,Collector,Etobicoke York,43.65729,-79.509113,,No Control,Snow,Daylight,Slush,Fatal,SMV Other,Driver,50 to 54,Fatal,6,South,"Automobile, Station Wagon",Pulling Onto Shoulder or towardCurb,Lost control,Unknown,,,,,,,,,Yes,,,,,,,,,,,15,Kingsway South,15,Kingsway South (15),D22,620217.3556,4834888.8698
10526,80153606,4001652316,3/6/2014 10:00:00 AM,1730,BLOOR ST W,DURIE ST,,Major Arterial,Toronto and East York,43.650492,-79.479076,At Intersection,Traffic Signal,Clear,Daylight,Dry,Non-Fatal Injury,Pedestrian Collisions,Driver,25 to 29,None,,West,Pick Up Truck,Going Ahead,Disobeyed Traffic Control,Inattentive,,,,,,,Yes,,Yes,,,,,,,Yes,Yes,,,87,High Park-Swansea,87,High Park-Swansea (87),D11,622653.242,4834177.8205
10527,80153607,4001652316,3/6/2014 10:00:00 AM,1730,BLOOR ST W,DURIE ST,,Major Arterial,Toronto and East York,43.650492,-79.479076,At Intersection,Traffic Signal,Clear,Daylight,Dry,Non-Fatal Injury,Pedestrian Collisions,Pedestrian,60 to 64,Major,,South,,,,,Vehicle is going straight thru inter.while ped cross with ROW,Crossing with right of way,Normal,,,,Yes,,Yes,,,,,,,Yes,Yes,,,87,High Park-Swansea,87,High Park-Swansea (87),D11,622653.242,4834177.8205
10528,80153767,4008010238,3/7/2014 10:00:00 AM,650,DON VALLEY PARKWAY  S,LAWRENCE AVE E,,,North York,43.740267,-79.33224,Non Intersection,No Control,Clear,Daylight,Dry,Non-Fatal Injury,Rear End,Driver,60 to 64,Major,,South,"Automobile, Station Wagon",Stopped,Driving Properly,Normal,,,,,,,,,Yes,,,,,,,Yes,,,,42,Banbury-Don Mills,42,Banbury-Don Mills (42),D33,634294.2427,4844376.1009
10529,80153768,4008010238,3/7/2014 10:00:00 AM,650,DON VALLEY PARKWAY  S,LAWRENCE AVE E,,,North York,43.740267,-79.33224,Non Intersection,No Control,Clear,Daylight,Dry,Non-Fatal Injury,Rear End,Driver,25 to 29,Major,,South,"Automobile, Station Wagon",Slowing or Stopping,Following too Close,Inattentive,,,,,,,,,Yes,,,,,,,Yes,,,,42,Banbury-Don Mills,42,Banbury-Don Mills (42),D33,634294.2427,4844376.1009
10530,80153667,4001655411,3/7/2014 10:00:00 AM,825,STEELES AVE E,PHARMACY AVE,,Major Arterial,Scarborough,43.816847,-79.336452,At Intersection,Traffic Signal,Clear,Daylight,Dry,Non-Fatal Injury,Pedestrian Collisions,Driver,25 to 29,Minimal,,East,"Automobile, Station Wagon",Going Ahead,Driving Properly,Normal,,,,,,,Yes,,Yes,,,,,,,Yes,,,,116,Steeles,116,Steeles (116),D42,633784.1678,4852874.6799
10531,80153668,4001655411,3/7/2014 10:00:00 AM,825,STEELES AVE E,PHARMACY AVE,,Major Arterial,Scarborough,43.816847,-79.336452,At Intersection,Traffic Signal,Clear,Daylight,Dry,Non-Fatal Injury,Pedestrian Collisions,Driver,60 to 64,None,,North,"Automobile, Station Wagon",Stopped,Driving Properly,Normal,,,,,,,Yes,,Yes,,,,,,,Yes,,,,116,Steeles,116,Steeles (116),D42,633784.1678,4852874.6799
10532,80153669,4001655411,3/7/2014 10:00:00 AM,825,STEELES AVE E,PHARMACY AVE,,Major Arterial,Scarborough,43.816847,-79.336452,At Intersection,Traffic Signal,Clear,Daylight,Dry,Non-Fatal Injury,Pedestrian Collisions,Driver,50 to 54,Minimal,,West,"Automobile, Station Wagon",Turning Left,Failed to Yield Right of Way,Normal,,,,,,,Yes,,Yes,,,,,,,Yes,,,,116,Steeles,116,Steeles (116),D42,633784.1678,4852874.6799
10533,80153670,4001655411,3/7/2014 10:00:00 AM,825,STEELES AVE E,PHARMACY AVE,,Major Arterial,Scarborough,43.816847,-79.336452,At Intersection,Traffic Signal,Clear,Daylight,Dry,Non-Fatal Injury,Pedestrian Collisions,Pedestrian,30 to 34,Major,,Unknown,,,,,Pedestrian hit on sidewalk or shoulder,On Sidewalk or Shoulder,Normal,,,,Yes,,Yes,,,,,,,Yes,,,,116,Steeles,116,Steeles (116),D42,633784.1678,4852874.6799
10534,80153749,4001659738,3/7/2014 10:00:00 AM,2053,LOWER JARVIS ST,LAKE SHORE BLVD E,,Major Arterial,Toronto and East York,43.64556,-79.369815,At Intersection,Traffic Signal,Clear,"Dark, artificial",Dry,Non-Fatal Injury,Pedestrian Collisions,Pedestrian,30 to 34,Major,,North,,,,,Vehicle is going straight thru inter.while ped cross with ROW,Other,Unknown,,,,Yes,,,,,,,,,Yes,,,,166,St Lawrence-East Bayfront-The Islands,77,Waterfront Communities-The Island (77),D51,631475.3254,4833797.3483
10535,80153750,4001659738,3/7/2014 10:00:00 AM,2053,LOWER JARVIS ST,LAKE SHORE BLVD E,,Major Arterial,Toronto and East York,43.64556,-79.369815,At Intersection,Traffic Signal,Clear,"Dark, artificial",Dry,Non-Fatal Injury,Pedestrian Collisions,Driver,unknown,None,,North,,Going Ahead,Failed to Yield Right of Way,Unknown,,,,,,,Yes,,,,,,,,,Yes,,,,166,St Lawrence-East Bayfront-The Islands,77,Waterfront Communities-The Island (77),D51,631475.3254,4833797.3483
10536,80153898,4001680945,3/9/2014 9:00:00 AM,30,QUEEN ST W,SPADINA AVE,,Major Arterial,Toronto and East York,43.648753,-79.396373,At Intersection,Traffic Signal,Clear,"Dark, artificial",Dry,Non-Fatal Injury,Pedestrian Collisions,Driver,unknown,None,,South,,Turning Right,Other,Unknown,,,,,,,Yes,,,,,,,,,,,,,164,Wellington Place,77,Waterfront Communities-The Island (77),D52,629326.5329,4834110.2417
10537,80153899,4001680945,3/9/2014 9:00:00 AM,30,QUEEN ST W,SPADINA AVE,,Major Arterial,Toronto and East York,43.648753,-79.396373,At Intersection,Traffic Signal,Clear,"Dark, artificial",Dry,Non-Fatal Injury,Pedestrian Collisions,Pedestrian,25 to 29,Major,,South,,,,,Vehicle turns right while ped crosses with ROW at inter.,Crossing with right of way,Normal,,,,Yes,,,,,,,,,,,,,164,Wellington Place,77,Waterfront Communities-The Island (77),D52,629326.5329,4834110.2417
10538,80204589,4001678969,3/11/2014 8:00:00 AM,335,7001 STEELES AVE W,,,Major Arterial,Etobicoke York,43.751216,-79.634021,Non Intersection,No Control,Clear,Dark,Dry,Non-Fatal Injury,SMV Other,Driver,45 to 49,Major,,East,"Automobile, Station Wagon",Going Ahead,Exceeding Speed Limit,Fatigue,,,,,,,,,Yes,,,,,,Yes,Yes,,,,1,West Humber-Clairville,1,West Humber-Clairville (1),D23,609973.4848,4845147.2353
10539,80154370,4001694942,3/13/2014 8:00:00 AM,1755,QUEEN ST E,SHERBOURNE ST,,Major Arterial,Toronto and East York,43.654513,-79.369464,Intersection Related,Traffic Signal,Clear,Daylight,Dry,Non-Fatal Injury,Pedestrian Collisions,Driver,45 to 49,Major,,West,"Automobile, Station Wagon",Going Ahead,Driving Properly,Normal,,,,,,,Yes,,Yes,,,,,,,,,,,73,Moss Park,73,Moss Park (73),D51,631484.0965,4834792.2527
10540,80154371,4001694942,3/13/2014 8:00:00 AM,1755,QUEEN ST E,SHERBOURNE ST,,Major Arterial,Toronto and East York,43.654513,-79.369464,Intersection Related,Traffic Signal,Clear,Daylight,Dry,Non-Fatal Injury,Pedestrian Collisions,Pedestrian,20 to 24,Minimal,,North,,,,,Vehicle is going straight thru inter.while ped cross without ROW,Crossing without right of way,Normal,,,,Yes,,Yes,,,,,,,,,,,73,Moss Park,73,Moss Park (73),D51,631484.0965,4834792.2527
10541,80154456,4001700272,3/14/2014 8:00:00 AM,1545,YORK ST,YORK ST GARDINER W  RAMP,,Major Arterial,Toronto and East York,43.641421,-79.380862,At Intersection,Traffic Signal,Clear,Daylight,Dry,Non-Fatal Injury,Pedestrian Collisions,Driver,20 to 24,None,,South,"Automobile, Station Wagon",Turning Right,Failed to Yield Right of Way,Inattentive,,,,,,,Yes,,Yes,,,,,Yes,,Yes,,,,165,Harbourfront-CityPlace,77,Waterfront Communities-The Island (77),D52,630593.3372,4833320.217
10542,80154457,4001700272,3/14/2014 8:00:00 AM,1545,YORK ST,YORK ST GARDINER W  RAMP,,Major Arterial,Toronto and East York,43.641421,-79.380862,At Intersection,Traffic Signal,Clear,Daylight,Dry,Non-Fatal Injury,Pedestrian Collisions,Passenger,20 to 24,None,,,,,,,,,,,,,Yes,,Yes,,,,,Yes,,Yes,,,,165,Harbourfront-CityPlace,77,Waterfront Communities-The Island (77),D52,630593.3372,4833320.217
10543,80154458,4001700272,3/14/2014 8:00:00 AM,1545,YORK ST,YORK ST GARDINER W  RAMP,,Major Arterial,Toronto and East York,43.641421,-79.380862,At Intersection,Traffic Signal,Clear,Daylight,Dry,Non-Fatal Injury,Pedestrian Collisions,Pedestrian,55 to 59,Major,,North,,,,,Vehicle turns right while ped crosses with ROW at inter.,Crossing with right of way,Normal,,,,Yes,,Yes,,,,,Yes,,Yes,,,,165,Harbourfront-CityPlace,77,Waterfront Communities-The Island (77),D52,630593.3372,4833320.217
10544,80154491,4001701923,3/14/2014 8:00:00 AM,2041,DANFORTH RD,TRUDELLE ST,,Major Arterial,Scarborough,43.739905,-79.245532,Intersection Related,Traffic Signal,Clear,"Dark, artificial",Dry,Non-Fatal Injury,Pedestrian Collisions,Driver,40 to 44,None,,North,"Automobile, Station Wagon",Going Ahead,Driving Properly,Unknown,,,,,,,Yes,,Yes,,,,,Yes,,Yes,,,,138,Eglinton East,138,Eglinton East (138),D43,641277.2263,4844480.1059
10545,80154492,4001701923,3/14/2014 8:00:00 AM,2041,DANFORTH RD,TRUDELLE ST,,Major Arterial,Scarborough,43.739905,-79.245532,Intersection Related,Traffic Signal,Clear,"Dark, artificial",Dry,Non-Fatal Injury,Pedestrian Collisions,Driver,30 to 34,None,,West,"Automobile, Station Wagon",Stopped,Driving Properly,Unknown,,,,,,,Yes,,Yes,,,,,Yes,,Yes,,,,138,Eglinton East,138,Eglinton East (138),D43,641277.2263,4844480.1059
10546,80154493,4001701923,3/14/2014 8:00:00 AM,2041,DANFORTH RD,TRUDELLE ST,,Major Arterial,Scarborough,43.739905,-79.245532,Intersection Related,Traffic Signal,Clear,"Dark, artificial",Dry,Non-Fatal Injury,Pedestrian Collisions,Driver,15 to 19,None,,South,"Automobile, Station Wagon",Turning Left,Failed to Yield Right of Way,Unknown,,,,,,,Yes,,Yes,,,,,Yes,,Yes,,,,138,Eglinton East,138,Eglinton East (138),D43,641277.2263,4844480.1059
10547,80154494,4001701923,3/14/2014 8:00:00 AM,2041,DANFORTH RD,TRUDELLE ST,,Major Arterial,Scarborough,43.739905,-79.245532,Intersection Related,Traffic Signal,Clear,"Dark, artificial",Dry,Non-Fatal Injury,Pedestrian Collisions,Passenger,25 to 29,None,,,,,,,,,,,,,Yes,,Yes,,,,,Yes,,Yes,,,,138,Eglinton East,138,Eglinton East (138),D43,641277.2263,4844480.1059
10548,80154495,4001701923,3/14/2014 8:00:00 AM,2041,DANFORTH RD,TRUDELLE ST,,Major Arterial,Scarborough,43.739905,-79.245532,Intersection Related,Traffic Signal,Clear,"Dark, artificial",Dry,Non-Fatal Injury,Pedestrian Collisions,Passenger,0 to 4,None,,,,,,,,,,,,,Yes,,Yes,,,,,Yes,,Yes,,,,138,Eglinton East,138,Eglinton East (138),D43,641277.2263,4844480.1059
10549,80154496,4001701923,3/14/2014 8:00:00 AM,2041,DANFORTH RD,TRUDELLE ST,,Major Arterial,Scarborough,43.739905,-79.245532,Intersection Related,Traffic Signal,Clear,"Dark, artificial",Dry,Non-Fatal Injury,Pedestrian Collisions,Pedestrian,50 to 54,Major,,Unknown,,,,,Vehicle is going straight thru inter.while ped cross with ROW,Crossing with right of way,Unknown,,,,Yes,,Yes,,,,,Yes,,Yes,,,,138,Eglinton East,138,Eglinton East (138),D43,641277.2263,4844480.1059
10550,80154697,4001715026,3/17/2014 8:00:00 AM,700,711 KENNEDY RD,,,Major Arterial,Scarborough,43.728591,-79.266422,Non Intersection,No Control,Clear,Dark,Dry,Non-Fatal Injury,Pedestrian Collisions,Driver,15 to 19,None,,North,"Automobile, Station Wagon",Going Ahead,Driving Properly,Normal,,,,,,,Yes,,Yes,,,,,,,,,,,124,Kennedy Park,124,Kennedy Park (124),D41,639621.3466,4843188.105
10551,80154698,4001715026,3/17/2014 8:00:00 AM,700,711 KENNEDY RD,,,Major Arterial,Scarborough,43.728591,-79.266422,Non Intersection,No Control,Clear,Dark,Dry,Non-Fatal Injury,Pedestrian Collisions,Pedestrian,80 to 84,Major,,East,,,,,Pedestrian hit at mid-block,"Crossing, no Traffic Control",Unknown,,,,Yes,,Yes,,,,,,,,,,,124,Kennedy Park,124,Kennedy Park (124),D41,639621.3466,4843188.105