OBJECTID,INDEX,ACCNUM,DATE,TIME,STREET1,STREET2,OFFSET,ROAD_CLASS,DISTRICT,LATITUDE,LONGITUDE,ACCLOC,TRAFFCTL,VISIBILITY,LIGHT,RDSFCOND,ACCLASS,IMPACTYPE,INVTYPE,INVAGE,INJURY,FATAL_NO,INITDIR,VEHTYPE,MANOEUVER,DRIVACT,DRIVCOND,PEDTYPE,PEDACT,PEDCOND,CYCLISTYPE,CYCACT,CYCCOND,PEDESTRIAN,CYCLIST,AUTOMOBILE,MOTORCYCLE,TRUCK,TRSN_CITY_VEH,EMERG_VEH,PASSENGER,SPEEDING,AG_DRIV,REDLIGHT,ALCOHOL,DISABILITY,HOOD_158,NEIGHBOURHOOD_158,HOOD_140,NEIGHBOURHOOD_140,DIVISION,x,y
10552,80154893,4001727505,3/19/2014 8:00:00 AM,615,DON VALLEY PARKWAY  S,GERRARD ST E,,Minor Arterial,Toronto and East York,43.664591,-79.355953,Non Intersection,No Control,Clear,Dark,Dry,Non-Fatal Injury,Pedestrian Collisions,Driver,30 to 34,None,,South,"Automobile, Station Wagon",Going Ahead,Driving Properly,Normal,,,,,,,Yes,,Yes,,,,,,,,,,,70,South Riverdale,70,South Riverdale (70),D55,632551.4373,4835933.0473
10553,80154894,4001727505,3/19/2014 8:00:00 AM,615,DON VALLEY PARKWAY  S,GERRARD ST E,,Minor Arterial,Toronto and East York,43.664591,-79.355953,Non Intersection,No Control,Clear,Dark,Dry,Non-Fatal Injury,Pedestrian Collisions,Pedestrian,35 to 39,Major,,Unknown,,,,,Pedestrian hit at mid-block,Other,Unknown,,,,Yes,,Yes,,,,,,,,,,,70,South Riverdale,70,South Riverdale (70),D55,632551.4373,4835933.0473
10554,80205211,4001729186,3/19/2014 8:00:00 AM,615,DON VALLEY PARKWAY  S,GERRARD ST E,,Minor Arterial,Toronto and East York,43.664336,-79.355869,Non Intersection,No Control,Clear,Dark,Dry,Non-Fatal Injury,Pedestrian Collisions,Driver,60 to 64,None,,South,"Automobile, Station Wagon",Going Ahead,Driving Properly,Normal,,,,,,,Yes,,Yes,,,,,,,,,,,70,South Riverdale,70,South Riverdale (70),D55,632558.7712,4835904.8603
10555,80205212,4001729186,3/19/2014 8:00:00 AM,615,DON VALLEY PARKWAY  S,GERRARD ST E,,Minor Arterial,Toronto and East York,43.664336,-79.355869,Non Intersection,No Control,Clear,Dark,Dry,Non-Fatal Injury,Pedestrian Collisions,Pedestrian,35 to 39,Major,,Unknown,,,,,Pedestrian hit at mid-block,Other,Unknown,,,,Yes,,Yes,,,,,,,,,,,70,South Riverdale,70,South Riverdale (70),D55,632558.7712,4835904.8603
10556,80155077,4001738828,3/21/2014 8:00:00 AM,126,321 SCARBOROUGH GOLF CLUB RD,,,Minor Arterial,Scarborough,43.752612,-79.212047,Non Intersection,No Control,Clear,"Dark, artificial",Loose Sand or Gravel,Non-Fatal Injury,SMV Other,Driver,30 to 34,Major,,North,"Automobile, Station Wagon",Going Ahead,Lost control,Unknown,,,,,,,,,Yes,,,,,,,,,,,141,Golfdale-Cedarbrae-Woburn,137,Woburn (137),D43,643943.152,4845949.061
10557,80155272,4001748870,3/22/2014 8:00:00 AM,1750,PATON RD,LANSDOWNE AVE,,Minor Arterial,Toronto and East York,43.660632,-79.443607,Intersection Related,Stop Sign,Clear,Daylight,Dry,Non-Fatal Injury,Pedestrian Collisions,Driver,40 to 44,None,,West,"Automobile, Station Wagon",Other,Failed to Yield Right of Way,Normal,,,,,,,Yes,,Yes,,,,,,,Yes,,,,171,Junction-Wallace Emerson,93,Dovercourt-Wallace Emerson-Junction (93),D11,625492.504,4835357.0344
10558,80155273,4001748870,3/22/2014 8:00:00 AM,1750,PATON RD,LANSDOWNE AVE,,Minor Arterial,Toronto and East York,43.660632,-79.443607,Intersection Related,Stop Sign,Clear,Daylight,Dry,Non-Fatal Injury,Pedestrian Collisions,Pedestrian,85 to 89,Major,,South,,,,,Vehicle is reversing and hits pedestrian,Crossing with right of way,Normal,,,,Yes,,Yes,,,,,,,Yes,,,,171,Junction-Wallace Emerson,93,Dovercourt-Wallace Emerson-Junction (93),D11,625492.504,4835357.0344
10559,80205476,4001752528,3/23/2014 8:00:00 AM,1059,BATHURST  ST,HOTSPUR RD,,Major Arterial,North York,43.733172,-79.433002,At Intersection,No Control,Clear,Daylight,Dry,Non-Fatal Injury,Turning Movement,Driver,35 to 39,Minimal,,North,"Automobile, Station Wagon",Turning Left,Failed to Yield Right of Way,Normal,,,,,,,,,Yes,,,,,Yes,,Yes,,,,39,Bedford Park-Nortown,39,Bedford Park-Nortown (39),D32,626195.3377,4843429.6989
10560,80205477,4001752528,3/23/2014 8:00:00 AM,1059,BATHURST  ST,HOTSPUR RD,,Major Arterial,North York,43.733172,-79.433002,At Intersection,No Control,Clear,Daylight,Dry,Non-Fatal Injury,Turning Movement,Driver,55 to 59,Major,,South,"Automobile, Station Wagon",Going Ahead,Driving Properly,Normal,,,,,,,,,Yes,,,,,Yes,,Yes,,,,39,Bedford Park-Nortown,39,Bedford Park-Nortown (39),D32,626195.3377,4843429.6989
10561,80205478,4001752528,3/23/2014 8:00:00 AM,1059,BATHURST  ST,HOTSPUR RD,,Major Arterial,North York,43.733172,-79.433002,At Intersection,No Control,Clear,Daylight,Dry,Non-Fatal Injury,Turning Movement,Driver,50 to 54,None,,East,"Automobile, Station Wagon",Stopped,Driving Properly,Normal,,,,,,,,,Yes,,,,,Yes,,Yes,,,,39,Bedford Park-Nortown,39,Bedford Park-Nortown (39),D32,626195.3377,4843429.6989
10562,80205479,4001752528,3/23/2014 8:00:00 AM,1059,BATHURST  ST,HOTSPUR RD,,Major Arterial,North York,43.733172,-79.433002,At Intersection,No Control,Clear,Daylight,Dry,Non-Fatal Injury,Turning Movement,Passenger,20 to 24,None,,,,,,,,,,,,,,,Yes,,,,,Yes,,Yes,,,,39,Bedford Park-Nortown,39,Bedford Park-Nortown (39),D32,626195.3377,4843429.6989
10563,80205480,4001752528,3/23/2014 8:00:00 AM,1059,BATHURST  ST,HOTSPUR RD,,Major Arterial,North York,43.733172,-79.433002,At Intersection,No Control,Clear,Daylight,Dry,Non-Fatal Injury,Turning Movement,Passenger,30 to 34,None,,,,,,,,,,,,,,,Yes,,,,,Yes,,Yes,,,,39,Bedford Park-Nortown,39,Bedford Park-Nortown (39),D32,626195.3377,4843429.6989
10564,80155632,4001769884,3/26/2014 8:00:00 AM,955,FRONT ST E,SCOTT ST,,Minor Arterial,Toronto and East York,43.647444,-79.375766,Intersection Related,Stop Sign,Clear,Daylight,Dry,Non-Fatal Injury,Pedestrian Collisions,Driver,25 to 29,None,,South,"Automobile, Station Wagon",Turning Left,Improper Turn,Inattentive,,,,,,,Yes,,Yes,,,,,,,,,,,166,St Lawrence-East Bayfront-The Islands,77,Waterfront Communities-The Island (77),D51,630991.2736,4833997.1806
10565,80155633,4001769884,3/26/2014 8:00:00 AM,955,FRONT ST E,SCOTT ST,,Minor Arterial,Toronto and East York,43.647444,-79.375766,Intersection Related,Stop Sign,Clear,Daylight,Dry,Non-Fatal Injury,Pedestrian Collisions,Pedestrian,30 to 34,Major,,North,,,,,Vehicle turns left while ped crosses with ROW at inter.,"Crossing, no Traffic Control",Normal,,,,Yes,,Yes,,,,,,,,,,,166,St Lawrence-East Bayfront-The Islands,77,Waterfront Communities-The Island (77),D51,630991.2736,4833997.1806
10566,80205693,4001774208,3/27/2014 8:00:00 AM,2303,SHEPPARD AVE E,OLD LESLIE ST,,Major Arterial,North York,43.771174,-79.367473,Non Intersection,No Control,Clear,"Dark, artificial",Dry,Non-Fatal Injury,SMV Other,Driver,70 to 74,Major,,West,"Automobile, Station Wagon",Going Ahead,Lost control,Medical or Physical Disability,,,,,,,,,Yes,,,,,,,,,,Yes,52,Bayview Village,52,Bayview Village (52),D33,631389.461,4847752.2788
10567,80155844,4001784791,3/28/2014 8:00:00 AM,1644,QUEEN ST W,BATHURST ST,,Major Arterial,Toronto and East York,43.64741,-79.40282,Non Intersection,No Control,Clear,Daylight,Dry,Non-Fatal Injury,Pedestrian Collisions,Driver,25 to 29,None,,East,"Automobile, Station Wagon",Going Ahead,Driving Properly,Normal,,,,,,,Yes,,Yes,,,,,,,,,,,164,Wellington Place,77,Waterfront Communities-The Island (77),D14,628809.4717,4833951.0573
10568,80155845,4001784791,3/28/2014 8:00:00 AM,1644,QUEEN ST W,BATHURST ST,,Major Arterial,Toronto and East York,43.64741,-79.40282,Non Intersection,No Control,Clear,Daylight,Dry,Non-Fatal Injury,Pedestrian Collisions,Pedestrian,40 to 44,Major,,South,,,,,Pedestrian hit at mid-block,"Crossing, no Traffic Control",Inattentive,,,,Yes,,Yes,,,,,,,,,,,164,Wellington Place,77,Waterfront Communities-The Island (77),D14,628809.4717,4833951.0573
10569,80205836,4001787575,3/29/2014 8:00:00 AM,236,455 MILNER AVE,,,Minor Arterial,Scarborough,43.791693,-79.228359,Non Intersection,No Control,Clear,"Dark, artificial",Dry,Non-Fatal Injury,SMV Other,Driver,25 to 29,Major,,East,Delivery Van,Going Ahead,Lost control,"Ability Impaired, Alcohol",,,,,,,,,Yes,,,,,Yes,,,,Yes,,146,Malvern East,132,Malvern (132),D42,642537.0238,4850261.3993
10570,80205837,4001787575,3/29/2014 8:00:00 AM,236,455 MILNER AVE,,,Minor Arterial,Scarborough,43.791693,-79.228359,Non Intersection,No Control,Clear,"Dark, artificial",Dry,Non-Fatal Injury,SMV Other,Passenger,15 to 19,Major,,,,,,,,,,,,,,,Yes,,,,,Yes,,,,Yes,,146,Malvern East,132,Malvern (132),D42,642537.0238,4850261.3993
10571,80155879,4001787637,3/29/2014 8:00:00 AM,247,BLOOR ST W,SPADINA AVE,,Major Arterial,Toronto and East York,43.66664,-79.403857,At Intersection,Traffic Signal,Clear,"Dark, artificial",Dry,Non-Fatal Injury,Pedestrian Collisions,Driver,unknown,,,Unknown,"Automobile, Station Wagon",Going Ahead,Other,Normal,,,,,,,Yes,,Yes,,,,,,,,,,,79,University,79,University (79),D52,628684.7547,4836085.1931
10572,80155880,4001787637,3/29/2014 8:00:00 AM,247,BLOOR ST W,SPADINA AVE,,Major Arterial,Toronto and East York,43.66664,-79.403857,At Intersection,Traffic Signal,Clear,"Dark, artificial",Dry,Non-Fatal Injury,Pedestrian Collisions,Pedestrian,15 to 19,Major,,Unknown,,,,,Vehicle is going straight thru inter.while ped cross without ROW,Crossing without right of way,Had Been Drinking,,,,Yes,,Yes,,,,,,,,,,,79,University,79,University (79),D52,628684.7547,4836085.1931
10573,80156118,4001802886,3/31/2014 8:00:00 AM,1715,AVENUE RD,FAIRLAWN AVE,,Major Arterial,North York,43.727889,-79.417903,At Intersection,Traffic Signal,Clear,Daylight,Dry,Non-Fatal Injury,Pedestrian Collisions,Driver,25 to 29,None,,South,"Automobile, Station Wagon",Going Ahead,Disobeyed Traffic Control,Inattentive,,,,,,,Yes,,Yes,,,,,,,Yes,Yes,,,39,Bedford Park-Nortown,39,Bedford Park-Nortown (39),D32,627422.5221,4842866.0519
10574,80156119,4001802886,3/31/2014 8:00:00 AM,1715,AVENUE RD,FAIRLAWN AVE,,Major Arterial,North York,43.727889,-79.417903,At Intersection,Traffic Signal,Clear,Daylight,Dry,Non-Fatal Injury,Pedestrian Collisions,Pedestrian,25 to 29,Major,,East,,,,,Vehicle is going straight thru inter.while ped cross with ROW,Crossing with right of way,Normal,,,,Yes,,Yes,,,,,,,Yes,Yes,,,39,Bedford Park-Nortown,39,Bedford Park-Nortown (39),D32,627422.5221,4842866.0519
10575,80156397,4001819203,4/3/2014 8:00:00 AM,930,1505 WILSON AVE,,,Major Arterial,North York,43.721377,-79.505595,Non Intersection,No Control,Clear,Daylight,Dry,Non-Fatal Injury,Pedestrian Collisions,Driver,25 to 29,None,,East,Pick Up Truck,Going Ahead,Driving Properly,Normal,,,,,,,Yes,,Yes,,,,,,,,,,,154,Oakdale-Beverley Heights,26,Downsview-Roding-CFB (26),D31,620372.7672,4842011.6997
10576,80156398,4001819203,4/3/2014 8:00:00 AM,930,1505 WILSON AVE,,,Major Arterial,North York,43.721377,-79.505595,Non Intersection,No Control,Clear,Daylight,Dry,Non-Fatal Injury,Pedestrian Collisions,Pedestrian,65 to 69,Major,,North,,,,,Pedestrian hit at mid-block,"Crossing, no Traffic Control",Inattentive,,,,Yes,,Yes,,,,,,,,,,,154,Oakdale-Beverley Heights,26,Downsview-Roding-CFB (26),D31,620372.7672,4842011.6997
10577,80156527,4001829726,4/4/2014 8:00:00 AM,2225,DON MILLS RD,BARBER GREENE RD,,Major Arterial,North York,43.727645,-79.340846,Intersection Related,Traffic Signal,Rain,Dark,Wet,Non-Fatal Injury,Pedestrian Collisions,Driver,45 to 49,None,,West,"Automobile, Station Wagon",Turning Right,Improper Turn,Inattentive,,,,,,,Yes,,Yes,,,,,,,,,,,42,Banbury-Don Mills,42,Banbury-Don Mills (42),D33,633629.3196,4842960.3276
10578,80156528,4001829726,4/4/2014 8:00:00 AM,2225,DON MILLS RD,BARBER GREENE RD,,Major Arterial,North York,43.727645,-79.340846,Intersection Related,Traffic Signal,Rain,Dark,Wet,Non-Fatal Injury,Pedestrian Collisions,Pedestrian,20 to 24,Major,,East,,,,,Vehicle turns right while ped crosses without ROW at inter.,Crossing without right of way,Inattentive,,,,Yes,,Yes,,,,,,,,,,,42,Banbury-Don Mills,42,Banbury-Don Mills (42),D33,633629.3196,4842960.3276
10579,80206356,4001839598,4/6/2014 8:00:00 AM,1555,ROYAL YORK RD,KINGSGROVE BLVD,,Minor Arterial,Etobicoke York,43.65351,-79.514026,At Intersection,Stop Sign,Clear,Daylight,Dry,Non-Fatal Injury,Turning Movement,Driver,15 to 19,None,,West,"Automobile, Station Wagon",Turning Left,Failed to Yield Right of Way,Inattentive,,,,,,,,,Yes,Yes,,,,,,Yes,,,,15,Kingsway South,15,Kingsway South (15),D22,619828.7115,4834461.9459
10580,80206357,4001839598,4/6/2014 8:00:00 AM,1555,ROYAL YORK RD,KINGSGROVE BLVD,,Minor Arterial,Etobicoke York,43.65351,-79.514026,At Intersection,Stop Sign,Clear,Daylight,Dry,Non-Fatal Injury,Turning Movement,Motorcycle Driver,40 to 44,Major,,North,Motorcycle,Going Ahead,Driving Properly,Normal,,,,,,,,,Yes,Yes,,,,,,Yes,,,,15,Kingsway South,15,Kingsway South (15),D22,619828.7115,4834461.9459
10581,80508064,4001839979,4/6/2014 8:00:00 AM,1725,YONGE ST,PLEASANT BLVD,,Major Arterial,Toronto and East York,43.687121,-79.393695,At Intersection,No Control,Clear,Daylight,Dry,Non-Fatal Injury,Pedestrian Collisions,Driver,75 to 79,None,,South,"Automobile, Station Wagon",Turning Left,Failed to Yield Right of Way,Normal,,,,,,,Yes,,Yes,Yes,,,,,Yes,Yes,,,,98,Rosedale-Moore Park,98,Rosedale-Moore Park (98),D53,629459.9954,4838375.6991
10582,80508065,4001839979,4/6/2014 8:00:00 AM,1725,YONGE ST,PLEASANT BLVD,,Major Arterial,Toronto and East York,43.687121,-79.393695,At Intersection,No Control,Clear,Daylight,Dry,Non-Fatal Injury,Pedestrian Collisions,Motorcycle Driver,25 to 29,Major,,North,Motorcycle,Changing Lanes,Driving Properly,Normal,,,,,,,Yes,,Yes,Yes,,,,,Yes,Yes,,,,98,Rosedale-Moore Park,98,Rosedale-Moore Park (98),D53,629459.9954,4838375.6991
10583,80508066,4001839979,4/6/2014 8:00:00 AM,1725,YONGE ST,PLEASANT BLVD,,Major Arterial,Toronto and East York,43.687121,-79.393695,At Intersection,No Control,Clear,Daylight,Dry,Non-Fatal Injury,Pedestrian Collisions,Pedestrian,65 to 69,Major,,Unknown,,,,,Pedestrian hit on sidewalk or shoulder,On Sidewalk or Shoulder,Normal,,,,Yes,,Yes,Yes,,,,,Yes,Yes,,,,98,Rosedale-Moore Park,98,Rosedale-Moore Park (98),D53,629459.9954,4838375.6991
10584,80156688,4001840034,4/6/2014 8:00:00 AM,1730,DUNDAS ST W,MABELLE AVE,,Major Arterial,Etobicoke York,43.646765,-79.530544,At Intersection,Traffic Signal,Clear,Daylight,Dry,Non-Fatal Injury,Pedestrian Collisions,Driver,70 to 74,None,,North,"Automobile, Station Wagon",Turning Left,Failed to Yield Right of Way,Inattentive,,,,,,,Yes,,Yes,,,,,Yes,,Yes,,,,159,Etobicoke City Centre,14,Islington-City Centre West (14),D22,618509.9561,4833689.108
10585,80156689,4001840034,4/6/2014 8:00:00 AM,1730,DUNDAS ST W,MABELLE AVE,,Major Arterial,Etobicoke York,43.646765,-79.530544,At Intersection,Traffic Signal,Clear,Daylight,Dry,Non-Fatal Injury,Pedestrian Collisions,Passenger,80 to 84,None,,,,,,,,,,,,,Yes,,Yes,,,,,Yes,,Yes,,,,159,Etobicoke City Centre,14,Islington-City Centre West (14),D22,618509.9561,4833689.108
10586,80156690,4001840034,4/6/2014 8:00:00 AM,1730,DUNDAS ST W,MABELLE AVE,,Major Arterial,Etobicoke York,43.646765,-79.530544,At Intersection,Traffic Signal,Clear,Daylight,Dry,Non-Fatal Injury,Pedestrian Collisions,Pedestrian,55 to 59,Major,,South,,,,,Vehicle turns left while ped crosses with ROW at inter.,Crossing with right of way,Unknown,,,,Yes,,Yes,,,,,Yes,,Yes,,,,159,Etobicoke City Centre,14,Islington-City Centre West (14),D22,618509.9561,4833689.108
10587,80156695,4001840724,4/6/2014 8:00:00 AM,2002,BAYVIEW AVE,PARKHURST BLVD,,Major Arterial,North York,43.708693,-79.376323,At Intersection,Pedestrian Crossover,Clear,"Dark, artificial",Dry,Non-Fatal Injury,Pedestrian Collisions,Driver,15 to 19,None,,South,Passenger Van,Going Ahead,Failed to Yield Right of Way,Inattentive,,,,,,,Yes,,Yes,,,,,Yes,,Yes,,,,56,Leaside-Bennington,56,Leaside-Bennington (56),D53,630813.1859,4840798.8377
10588,80156696,4001840724,4/6/2014 8:00:00 AM,2002,BAYVIEW AVE,PARKHURST BLVD,,Major Arterial,North York,43.708693,-79.376323,At Intersection,Pedestrian Crossover,Clear,"Dark, artificial",Dry,Non-Fatal Injury,Pedestrian Collisions,Pedestrian,20 to 24,Major,,East,,,,,Pedestrian hit a PXO/ped. Mid-block signal,"Crossing, Pedestrian Crossover",Normal,,,,Yes,,Yes,,,,,Yes,,Yes,,,,56,Leaside-Bennington,56,Leaside-Bennington (56),D53,630813.1859,4840798.8377
10589,80156697,4001840724,4/6/2014 8:00:00 AM,2002,BAYVIEW AVE,PARKHURST BLVD,,Major Arterial,North York,43.708693,-79.376323,At Intersection,Pedestrian Crossover,Clear,"Dark, artificial",Dry,Non-Fatal Injury,Pedestrian Collisions,Passenger,15 to 19,None,,,,,,,,,,,,,Yes,,Yes,,,,,Yes,,Yes,,,,56,Leaside-Bennington,56,Leaside-Bennington (56),D53,630813.1859,4840798.8377
10590,80156892,4001851906,4/8/2014 8:00:00 AM,1550,DANFORTH RD,LINDEN AVE,,Major Arterial,Scarborough,43.720854,-79.257076,At Intersection,No Control,Clear,Daylight,Dry,Non-Fatal Injury,Pedestrian Collisions,Driver,30 to 34,None,,South,"Automobile, Station Wagon",Going Ahead,Driving Properly,Normal,,,,,,,Yes,,Yes,,,,,,,,,,,124,Kennedy Park,124,Kennedy Park (124),D41,640392.1503,4842344.5873
10591,80156893,4001851906,4/8/2014 8:00:00 AM,1550,DANFORTH RD,LINDEN AVE,,Major Arterial,Scarborough,43.720854,-79.257076,At Intersection,No Control,Clear,Daylight,Dry,Non-Fatal Injury,Pedestrian Collisions,Pedestrian,10 to 14,Major,,East,,,,,Vehicle is going straight thru inter.while ped cross without ROW,"Crossing, no Traffic Control",Normal,,,,Yes,,Yes,,,,,,,,,,,124,Kennedy Park,124,Kennedy Park (124),D41,640392.1503,4842344.5873
10592,80207051,4001910374,4/8/2014 8:00:00 AM,1955,HARBORD ST,SPADINA AVE,25 m East of,Major Arterial,Toronto and East York,43.663043,-79.402095,Non Intersection,No Control,Other,Daylight,Dry,Non-Fatal Injury,Cyclist Collisions,Driver,20 to 24,None,,East,"Automobile, Station Wagon",Parked,Other,Unknown,,,,,,,,Yes,Yes,,,,,Yes,,,,,,79,University,79,University (79),D52,628834.5071,4835688.433
10593,80207052,4001910374,4/8/2014 8:00:00 AM,1955,HARBORD ST,SPADINA AVE,25 m East of,Major Arterial,Toronto and East York,43.663043,-79.402095,Non Intersection,No Control,Other,Daylight,Dry,Non-Fatal Injury,Cyclist Collisions,Cyclist,20 to 24,Major,,East,Bicycle,Going Ahead,,,,,,Cyclist struck opened vehicle door,Driving Properly,Normal,,Yes,Yes,,,,,Yes,,,,,,79,University,79,University (79),D52,628834.5071,4835688.433
10594,80207053,4001910374,4/8/2014 8:00:00 AM,1955,HARBORD ST,SPADINA AVE,25 m East of,Major Arterial,Toronto and East York,43.663043,-79.402095,Non Intersection,No Control,Other,Daylight,Dry,Non-Fatal Injury,Cyclist Collisions,Passenger,50 to 54,None,,,,,,,,,,,,,,Yes,Yes,,,,,Yes,,,,,,79,University,79,University (79),D52,628834.5071,4835688.433
10595,80206543,4001856099,4/9/2014 8:00:00 AM,1005,STEELES AVE W,TORRESDALE AVE,,Major Arterial,North York,43.790801,-79.453021,At Intersection,Traffic Signal,Clear,Daylight,Dry,Non-Fatal Injury,Turning Movement,Driver,60 to 64,Major,,West,"Automobile, Station Wagon",Turning Left,Failed to Yield Right of Way,Normal,,,,,,,,,Yes,,,,,Yes,Yes,Yes,,,,35,Westminster-Branson,35,Westminster-Branson (35),D32,624463.5711,4849799.9667
10596,80206544,4001856099,4/9/2014 8:00:00 AM,1005,STEELES AVE W,TORRESDALE AVE,,Major Arterial,North York,43.790801,-79.453021,At Intersection,Traffic Signal,Clear,Daylight,Dry,Non-Fatal Injury,Turning Movement,Driver,15 to 19,Minimal,,East,"Automobile, Station Wagon",Going Ahead,Exceeding Speed Limit,Normal,,,,,,,,,Yes,,,,,Yes,Yes,Yes,,,,35,Westminster-Branson,35,Westminster-Branson (35),D32,624463.5711,4849799.9667
10597,80206545,4001856099,4/9/2014 8:00:00 AM,1005,STEELES AVE W,TORRESDALE AVE,,Major Arterial,North York,43.790801,-79.453021,At Intersection,Traffic Signal,Clear,Daylight,Dry,Non-Fatal Injury,Turning Movement,Passenger,15 to 19,Minor,,,,,,,,,,,,,,,Yes,,,,,Yes,Yes,Yes,,,,35,Westminster-Branson,35,Westminster-Branson (35),D32,624463.5711,4849799.9667
10598,80206546,4001856099,4/9/2014 8:00:00 AM,1005,STEELES AVE W,TORRESDALE AVE,,Major Arterial,North York,43.790801,-79.453021,At Intersection,Traffic Signal,Clear,Daylight,Dry,Non-Fatal Injury,Turning Movement,Passenger,15 to 19,Minor,,,,,,,,,,,,,,,Yes,,,,,Yes,Yes,Yes,,,,35,Westminster-Branson,35,Westminster-Branson (35),D32,624463.5711,4849799.9667
10599,80206547,4001856099,4/9/2014 8:00:00 AM,1005,STEELES AVE W,TORRESDALE AVE,,Major Arterial,North York,43.790801,-79.453021,At Intersection,Traffic Signal,Clear,Daylight,Dry,Non-Fatal Injury,Turning Movement,Passenger,15 to 19,Minor,,,,,,,,,,,,,,,Yes,,,,,Yes,Yes,Yes,,,,35,Westminster-Branson,35,Westminster-Branson (35),D32,624463.5711,4849799.9667
10600,80206548,4001856099,4/9/2014 8:00:00 AM,1005,STEELES AVE W,TORRESDALE AVE,,Major Arterial,North York,43.790801,-79.453021,At Intersection,Traffic Signal,Clear,Daylight,Dry,Non-Fatal Injury,Turning Movement,Passenger,15 to 19,Minor,,,,,,,,,,,,,,,Yes,,,,,Yes,Yes,Yes,,,,35,Westminster-Branson,35,Westminster-Branson (35),D32,624463.5711,4849799.9667
10601,80206575,4001858374,4/9/2014 8:00:00 AM,1604,EGLINTON AVE E,BRENTCLIFFE RD,,Major Arterial,North York,43.714595,-79.359813,At Intersection,Traffic Signal,Clear,Daylight,Dry,Non-Fatal Injury,Turning Movement,Driver,45 to 49,None,,West,"Automobile, Station Wagon",Turning Left,Failed to Yield Right of Way,Normal,,,,,,,,,Yes,Yes,,,,,Yes,Yes,Yes,,,55,Thorncliffe Park,55,Thorncliffe Park (55),D53,632130.374,4841480.5253
10602,80206576,4001858374,4/9/2014 8:00:00 AM,1604,EGLINTON AVE E,BRENTCLIFFE RD,,Major Arterial,North York,43.714595,-79.359813,At Intersection,Traffic Signal,Clear,Daylight,Dry,Non-Fatal Injury,Turning Movement,Motorcycle Driver,35 to 39,Major,,East,Motorcycle,Going Ahead,Disobeyed Traffic Control,Unknown,,,,,,,,,Yes,Yes,,,,,Yes,Yes,Yes,,,55,Thorncliffe Park,55,Thorncliffe Park (55),D53,632130.374,4841480.5253
10603,80206716,4001876057,4/12/2014 8:00:00 AM,1030,WESTON RD,EGLINTON AVE W,,Major Arterial,Etobicoke York,43.686984,-79.48952,Intersection Related,Traffic Signal,Clear,Daylight,Dry,Non-Fatal Injury,Turning Movement,Driver,75 to 79,Minimal,,South,"Automobile, Station Wagon",Going Ahead,Driving Properly,Normal,,,,,,,,,Yes,,,,,Yes,,,,,,115,Mount Dennis,115,Mount Dennis (115),D12,621737.1964,4838215.3546
10604,80206717,4001876057,4/12/2014 8:00:00 AM,1030,WESTON RD,EGLINTON AVE W,,Major Arterial,Etobicoke York,43.686984,-79.48952,Intersection Related,Traffic Signal,Clear,Daylight,Dry,Non-Fatal Injury,Turning Movement,Driver,40 to 44,Major,,North,"Automobile, Station Wagon",Turning Left,Improper Turn,Normal,,,,,,,,,Yes,,,,,Yes,,,,,,115,Mount Dennis,115,Mount Dennis (115),D12,621737.1964,4838215.3546
10605,80206718,4001876057,4/12/2014 8:00:00 AM,1030,WESTON RD,EGLINTON AVE W,,Major Arterial,Etobicoke York,43.686984,-79.48952,Intersection Related,Traffic Signal,Clear,Daylight,Dry,Non-Fatal Injury,Turning Movement,Passenger,20 to 24,Major,,,,,,,,,,,,,,,Yes,,,,,Yes,,,,,,115,Mount Dennis,115,Mount Dennis (115),D12,621737.1964,4838215.3546
10606,80206765,4001879766,4/12/2014 8:00:00 AM,2030,GREENWOOD AVE,OAKVALE AVE,,Minor Arterial,Toronto and East York,43.67966,-79.331622,Intersection Related,Stop Sign,Clear,"Dark, artificial",Dry,Non-Fatal Injury,Turning Movement,Motorcycle Driver,35 to 39,Major,,South,Motorcycle,Going Ahead,Exceeding Speed Limit,Normal,,,,,,,,,Yes,Yes,,,,,Yes,Yes,,,,65,Greenwood-Coxwell,65,Greenwood-Coxwell (65),D55,634479.4869,4837645.8279
10607,80206766,4001879766,4/12/2014 8:00:00 AM,2030,GREENWOOD AVE,OAKVALE AVE,,Minor Arterial,Toronto and East York,43.67966,-79.331622,Intersection Related,Stop Sign,Clear,"Dark, artificial",Dry,Non-Fatal Injury,Turning Movement,Driver,25 to 29,None,,East,Passenger Van,Turning Left,Driving Properly,Normal,,,,,,,,,Yes,Yes,,,,,Yes,Yes,,,,65,Greenwood-Coxwell,65,Greenwood-Coxwell (65),D55,634479.4869,4837645.8279