OBJECTID,INDEX,ACCNUM,DATE,TIME,STREET1,STREET2,OFFSET,ROAD_CLASS,DISTRICT,LATITUDE,LONGITUDE,ACCLOC,TRAFFCTL,VISIBILITY,LIGHT,RDSFCOND,ACCLASS,IMPACTYPE,INVTYPE,INVAGE,INJURY,FATAL_NO,INITDIR,VEHTYPE,MANOEUVER,DRIVACT,DRIVCOND,PEDTYPE,PEDACT,PEDCOND,CYCLISTYPE,CYCACT,CYCCOND,PEDESTRIAN,CYCLIST,AUTOMOBILE,MOTORCYCLE,TRUCK,TRSN_CITY_VEH,EMERG_VEH,PASSENGER,SPEEDING,AG_DRIV,REDLIGHT,ALCOHOL,DISABILITY,HOOD_158,NEIGHBOURHOOD_158,HOOD_140,NEIGHBOURHOOD_140,DIVISION,x,y
10839,80213502,4002496866,7/14/2014 8:00:00 AM,1716,YONGE ST,ELLERSLIE AVE,,Major Arterial,North York,43.771983,-79.413562,At Intersection,No Control,Clear,Daylight,Dry,Non-Fatal Injury,Turning Movement,Driver,35 to 39,None,,North,"Automobile, Station Wagon",Turning Left,Failed to Yield Right of Way,Normal,,,,,,,,Yes,Yes,,,,,Yes,,Yes,,,,151,Yonge-Doris,51,Willowdale East (51),D32,627678.3584,4847770.0285
10840,80213503,4002496866,7/14/2014 8:00:00 AM,1716,YONGE ST,ELLERSLIE AVE,,Major Arterial,North York,43.771983,-79.413562,At Intersection,No Control,Clear,Daylight,Dry,Non-Fatal Injury,Turning Movement,Moped Driver,40 to 44,Major,,South,Moped,Going Ahead,Driving Properly,Normal,,,,,,,,Yes,Yes,,,,,Yes,,Yes,,,,151,Yonge-Doris,51,Willowdale East (51),D32,627678.3584,4847770.0285
10841,80213504,4002496866,7/14/2014 8:00:00 AM,1716,YONGE ST,ELLERSLIE AVE,,Major Arterial,North York,43.771983,-79.413562,At Intersection,No Control,Clear,Daylight,Dry,Non-Fatal Injury,Turning Movement,Passenger,5 to 9,None,,,,,,,,,,,,,,Yes,Yes,,,,,Yes,,Yes,,,,151,Yonge-Doris,51,Willowdale East (51),D32,627678.3584,4847770.0285
10842,80213505,4002496866,7/14/2014 8:00:00 AM,1716,YONGE ST,ELLERSLIE AVE,,Major Arterial,North York,43.771983,-79.413562,At Intersection,No Control,Clear,Daylight,Dry,Non-Fatal Injury,Turning Movement,Passenger,5 to 9,None,,,,,,,,,,,,,,Yes,Yes,,,,,Yes,,Yes,,,,151,Yonge-Doris,51,Willowdale East (51),D32,627678.3584,4847770.0285
10843,8000023,142510103,7/16/2014 8:00:00 AM,1615,MCRAE DR,MILLWOOD RD,,Collector,North York,43.704775,-79.368121,At Intersection,Traffic Signal,Clear,Daylight,Dry,Fatal,Pedestrian Collisions,Driver,50 to 54,None,,South,Passenger Van,Turning Right,Failed to Yield Right of Way,Had Been Drinking,,,,,,,Yes,,Yes,,,,,,,Yes,,,,56,Leaside-Bennington,56,Leaside-Bennington (56),D53,631482.5611,4840376.6642
10844,80000033,142510103,7/16/2014 8:00:00 AM,1615,MCRAE DR,MILLWOOD RD,,Collector,North York,43.704775,-79.368121,At Intersection,Traffic Signal,Clear,Daylight,Dry,Fatal,Pedestrian Collisions,Pedestrian,5 to 9,Fatal,14,West,,,,,Vehicle turns right while ped crosses with ROW at inter.,Crossing with right of way,Normal,,,,Yes,,Yes,,,,,,,Yes,,,,56,Leaside-Bennington,56,Leaside-Bennington (56),D53,631482.5611,4840376.6642
10845,80631117,4002525835,7/18/2014 8:00:00 AM,2240,GERRARD ST E,PEMBROKE ST,,Minor Arterial,Toronto and East York,43.660868,-79.373523,At Intersection,No Control,Clear,Dark,Dry,Non-Fatal Injury,Cyclist Collisions,Cyclist,25 to 29,Major,,South,Bicycle,Going Ahead,,,,,,"Cyclist without ROW rides into path of motorist at inter, lnwy, dwy-Cyclist not turn.",Failed to Yield Right of Way,Had Been Drinking,,Yes,Yes,,,,,Yes,,Yes,,,,73,Moss Park,73,Moss Park (73),D51,631142.9454,4835491.636
10846,80631118,4002525835,7/18/2014 8:00:00 AM,2240,GERRARD ST E,PEMBROKE ST,,Minor Arterial,Toronto and East York,43.660868,-79.373523,At Intersection,No Control,Clear,Dark,Dry,Non-Fatal Injury,Cyclist Collisions,Driver,25 to 29,None,,West,"Automobile, Station Wagon",Going Ahead,Driving Properly,Normal,,,,,,,,Yes,Yes,,,,,Yes,,Yes,,,,73,Moss Park,73,Moss Park (73),D51,631142.9454,4835491.636
10847,80631119,4002525835,7/18/2014 8:00:00 AM,2240,GERRARD ST E,PEMBROKE ST,,Minor Arterial,Toronto and East York,43.660868,-79.373523,At Intersection,No Control,Clear,Dark,Dry,Non-Fatal Injury,Cyclist Collisions,Passenger,25 to 29,None,,,,,,,,,,,,,,Yes,Yes,,,,,Yes,,Yes,,,,73,Moss Park,73,Moss Park (73),D51,631142.9454,4835491.636
10848,80167945,4002524694,7/18/2014 8:00:00 AM,2340,3900 JANE ST,,,Major Arterial,Etobicoke York,43.756663,-79.517566,At/Near Private Drive,No Control,Clear,Daylight,Dry,Non-Fatal Injury,Cyclist Collisions,Driver,35 to 39,None,,East,"Automobile, Station Wagon",Going Ahead,Other,Unknown,,,,,,,,Yes,Yes,,,,,,,,,,,25,Glenfield-Jane Heights,25,Glenfield-Jane Heights (25),D31,619338.3883,4845913.4007
10849,80167946,4002524694,7/18/2014 8:00:00 AM,2340,3900 JANE ST,,,Major Arterial,Etobicoke York,43.756663,-79.517566,At/Near Private Drive,No Control,Clear,Daylight,Dry,Non-Fatal Injury,Cyclist Collisions,Cyclist,30 to 34,Major,,Unknown,Bicycle,Unknown,,,,,,"Motorist without ROW drives into path of cyclist at inter, lnwy, dwy-Driver not turn.",Other,Unknown,,Yes,Yes,,,,,,,,,,,25,Glenfield-Jane Heights,25,Glenfield-Jane Heights (25),D31,619338.3883,4845913.4007
10850,80631195,4002543282,7/21/2014 8:00:00 AM,1745,DUFFERIN ST,CLOVERLAWN AVE,,Major Arterial,Toronto and East York,43.681208,-79.444362,At Intersection,Stop Sign,Clear,Daylight,Dry,Non-Fatal Injury,Turning Movement,Driver,20 to 24,None,,West,"Automobile, Station Wagon",Turning Left,Improper Turn,Normal,,,,,,,,,Yes,,,,,,,,,,,92,Corso Italia-Davenport,92,Corso Italia-Davenport (92),D13,625388.7729,4837641.1317
10851,80631196,4002543282,7/21/2014 8:00:00 AM,1745,DUFFERIN ST,CLOVERLAWN AVE,,Major Arterial,Toronto and East York,43.681208,-79.444362,At Intersection,Stop Sign,Clear,Daylight,Dry,Non-Fatal Injury,Turning Movement,Driver,35 to 39,Major,,North,"Automobile, Station Wagon",Going Ahead,Driving Properly,Normal,,,,,,,,,Yes,,,,,,,,,,,92,Corso Italia-Davenport,92,Corso Italia-Davenport (92),D13,625388.7729,4837641.1317
10852,80168508,4002555153,7/23/2014 8:00:00 AM,1135,50 CUMBERLAND ST,,,Collector,Toronto and East York,43.670752,-79.388912,Non Intersection,No Control,Clear,Daylight,Dry,Non-Fatal Injury,Pedestrian Collisions,Driver,35 to 39,None,,East,"Automobile, Station Wagon",Reversing,Other,Normal,,,,,,,Yes,,Yes,,,,,,,,,,,95,Annex,95,Annex (95),D53,629880.7983,4836565.1768
10853,80168509,4002555153,7/23/2014 8:00:00 AM,1135,50 CUMBERLAND ST,,,Collector,Toronto and East York,43.670752,-79.388912,Non Intersection,No Control,Clear,Daylight,Dry,Non-Fatal Injury,Pedestrian Collisions,Pedestrian,70 to 74,Major,,South,,,,,Vehicle is reversing and hits pedestrian,Other,Unknown,,,,Yes,,Yes,,,,,,,,,,,95,Annex,95,Annex (95),D53,629880.7983,4836565.1768
10854,80214561,4002581656,7/27/2014 8:00:00 AM,1120,GUILDWOOD PKWY,ROWATSON RD,,Minor Arterial,Scarborough,43.747069,-79.201221,At/Near Private Drive,No Control,Clear,Daylight,Dry,Non-Fatal Injury,Turning Movement,Driver,20 to 24,None,,West,"Automobile, Station Wagon",Turning Left,Improper Turn,Inattentive,,,,,,,,,Yes,Yes,,,,,,,,,,140,Guildwood,140,Guildwood (140),D43,644828.1041,4845352.2977
10855,80214562,4002581656,7/27/2014 8:00:00 AM,1120,GUILDWOOD PKWY,ROWATSON RD,,Minor Arterial,Scarborough,43.747069,-79.201221,At/Near Private Drive,No Control,Clear,Daylight,Dry,Non-Fatal Injury,Turning Movement,Motorcycle Driver,25 to 29,Major,,East,Motorcycle,Going Ahead,Driving Properly,Normal,,,,,,,,,Yes,Yes,,,,,,,,,,140,Guildwood,140,Guildwood (140),D43,644828.1041,4845352.2977
10856,8000219,142586405,7/28/2014 8:00:00 AM,553,HUMBERLINE DR,FINCH AVE W,,Major Arterial,Etobicoke York,43.73503,-79.617862,At Intersection,Traffic Signal,Rain,"Dawn, artificial",Wet,Fatal,Pedestrian Collisions,Driver,60 to 64,None,,South,Intercity Bus,Turning Left,Driving Properly,Normal,,,,,,,Yes,,,,,Yes,,,,,,,,1,West Humber-Clairville,1,West Humber-Clairville (1),D23,611304.4259,4843371.1288
10857,80000035,142586405,7/28/2014 8:00:00 AM,553,HUMBERLINE DR,FINCH AVE W,,Major Arterial,Etobicoke York,43.73503,-79.617862,At Intersection,Traffic Signal,Rain,"Dawn, artificial",Wet,Fatal,Pedestrian Collisions,Pedestrian,30 to 34,Fatal,16,North,,,,,Pedestrian involved in a collision with transit vehicle anywhere along roadway,Crossing without right of way,Unknown,,,,Yes,,,,,Yes,,,,,,,,1,West Humber-Clairville,1,West Humber-Clairville (1),D23,611304.4259,4843371.1288
10858,8000216,142588079,7/28/2014 8:00:00 AM,1200,DUDLEY AVE,FINCH AVE E,,Major Arterial,North York,43.781047,-79.409702,,Stop Sign,Clear,Daylight,Dry,Fatal,Turning Movement,Passenger,60 to 64,Minimal,,,,,,,,,,,,,,,Yes,,,,,Yes,,Yes,,,,152,East Willowdale,51,Willowdale East (51),D32,627969.682,4848782.6839
10859,8000217,142588079,7/28/2014 8:00:00 AM,1200,DUDLEY AVE,FINCH AVE E,,Major Arterial,North York,43.781047,-79.409702,,Stop Sign,Clear,Daylight,Dry,Fatal,Turning Movement,Driver,65 to 69,Minimal,,East,"Automobile, Station Wagon",Going Ahead,Driving Properly,Normal,,,,,,,,,Yes,,,,,Yes,,Yes,,,,152,East Willowdale,51,Willowdale East (51),D32,627969.682,4848782.6839
10860,8000218,142588079,7/28/2014 8:00:00 AM,1200,DUDLEY AVE,FINCH AVE E,,Major Arterial,North York,43.781047,-79.409702,,Stop Sign,Clear,Daylight,Dry,Fatal,Turning Movement,Passenger,70 to 74,Minimal,,,,,,,,,,,,,,,Yes,,,,,Yes,,Yes,,,,152,East Willowdale,51,Willowdale East (51),D32,627969.682,4848782.6839
10861,80000036,142588079,7/28/2014 8:00:00 AM,1200,DUDLEY AVE,FINCH AVE E,,Major Arterial,North York,43.781047,-79.409702,,Stop Sign,Clear,Daylight,Dry,Fatal,Turning Movement,Driver,90 to 94,Fatal,17,North,"Automobile, Station Wagon",Turning Left,Disobeyed Traffic Control,Unknown,,,,,,,,,Yes,,,,,Yes,,Yes,,,,152,East Willowdale,51,Willowdale East (51),D32,627969.682,4848782.6839
10862,80168997,4002589073,7/28/2014 8:00:00 AM,1501,BATHURST ST,SOUTHBOURNE AVE,,Major Arterial,North York,43.738406,-79.434238,Non Intersection,No Control,Clear,Daylight,Dry,Non-Fatal Injury,Pedestrian Collisions,Pedestrian,60 to 64,Major,,West,"Automobile, Station Wagon",,,,Vehicle is going straight thru inter.while ped cross without ROW,Crossing without right of way,Normal,,,,Yes,,Yes,,,,,,,,,,,38,Lansing-Westgate,38,Lansing-Westgate (38),D32,626084.8126,4844009.1289
10863,80485243,4002589073,7/28/2014 8:00:00 AM,1501,BATHURST ST,SOUTHBOURNE AVE,,Major Arterial,North York,43.738406,-79.434238,Non Intersection,No Control,Clear,Daylight,Dry,Non-Fatal Injury,Pedestrian Collisions,Driver,60 to 64,None,,North,"Automobile, Station Wagon",Going Ahead,Driving Properly,Normal,,,,,,,Yes,,Yes,,,,,,,,,,,38,Lansing-Westgate,38,Lansing-Westgate (38),D32,626084.8126,4844009.1289
10864,80169132,4002596710,7/29/2014 8:00:00 AM,1630,DUNDAS ST E,BROADVIEW AVE,,Major Arterial,Toronto and East York,43.662455,-79.35136,At Intersection,Traffic Signal,Clear,Daylight,Dry,Non-Fatal Injury,Cyclist Collisions,Driver,50 to 54,None,,East,"Automobile, Station Wagon",Going Ahead,Improper Passing,Normal,,,,,,,,Yes,Yes,,,,,,,Yes,,,,70,South Riverdale,70,South Riverdale (70),D55,632926.4667,4835703.1645
10865,80169133,4002596710,7/29/2014 8:00:00 AM,1630,DUNDAS ST E,BROADVIEW AVE,,Major Arterial,Toronto and East York,43.662455,-79.35136,At Intersection,Traffic Signal,Clear,Daylight,Dry,Non-Fatal Injury,Cyclist Collisions,Cyclist,40 to 44,Major,,East,Bicycle,Going Ahead,,,,,,Cyclist and Driver travelling in same direction. One vehicle sideswipes the other.,Driving Properly,Normal,,Yes,Yes,,,,,,,Yes,,,,70,South Riverdale,70,South Riverdale (70),D55,632926.4667,4835703.1645
10866,80169237,4002604819,7/30/2014 8:00:00 AM,2312,EGLINTON AVE E,BANFF RD,,Major Arterial,North York,43.710009,-79.382236,Intersection Related,Traffic Signal,Clear,"Dark, artificial",Dry,Non-Fatal Injury,Cyclist Collisions,Driver,25 to 29,None,,East,"Automobile, Station Wagon",Going Ahead,Driving Properly,Normal,,,,,,,,Yes,Yes,,,,,,,,,,,99,Mount Pleasant East,99,Mount Pleasant East (99),D53,630333.9418,4840935.6841
10867,80169238,4002604819,7/30/2014 8:00:00 AM,2312,EGLINTON AVE E,BANFF RD,,Major Arterial,North York,43.710009,-79.382236,Intersection Related,Traffic Signal,Clear,"Dark, artificial",Dry,Non-Fatal Injury,Cyclist Collisions,Cyclist,55 to 59,Major,,South,Bicycle,Going Ahead,,,,,,"Cyclist without ROW rides into path of motorist at inter, lnwy, dwy-Cyclist not turn.",Disobeyed Traffic Control,Normal,,Yes,Yes,,,,,,,,,,,99,Mount Pleasant East,99,Mount Pleasant East (99),D53,630333.9418,4840935.6841
10868,80214939,4002612585,8/1/2014 8:00:00 AM,253,F G GARDINER XY  E,ISLINGTON AVE,280 m East o,,Etobicoke York,43.620928,-79.509891,Non Intersection,No Control,Clear,"Dark, artificial",Dry,Non-Fatal Injury,SMV Other,Driver,20 to 24,Major,,East,"Automobile, Station Wagon",Unknown,Lost control,Had Been Drinking,,,,,,,,,Yes,,,,,,,,,,,160,Mimico-Queensway,17,Mimico (includes Humber Bay Shores) (17),D22,620227.1198,4830849.2853
10869,80485493,4002616805,8/1/2014 8:00:00 AM,1722,SHEPPARD AVE E,NEILSON RD,,Major Arterial,Scarborough,43.798106,-79.21767,Intersection Related,Traffic Signal,Clear,Daylight,Dry,Fatal,Cyclist Collisions,Driver,15 to 19,None,,West,"Automobile, Station Wagon",Going Ahead,Speed too Fast For Condition,Normal,,,,,,,,Yes,Yes,,,,,,Yes,Yes,,,,146,Malvern East,132,Malvern (132),D42,643381.6761,4850992.1304
10870,80485494,4002616805,8/1/2014 8:00:00 AM,1722,SHEPPARD AVE E,NEILSON RD,,Major Arterial,Scarborough,43.798106,-79.21767,Intersection Related,Traffic Signal,Clear,Daylight,Dry,Fatal,Cyclist Collisions,Cyclist,15 to 19,Fatal,18,North,Bicycle,Going Ahead,,,,,,"Motorist without ROW drives into path of cyclist at inter, lnwy, dwy-Driver not turn.",Driving Properly,Inattentive,,Yes,Yes,,,,,,Yes,Yes,,,,146,Malvern East,132,Malvern (132),D42,643381.6761,4850992.1304
10871,80485495,4002616805,8/1/2014 8:00:00 AM,1722,SHEPPARD AVE E,NEILSON RD,,Major Arterial,Scarborough,43.798106,-79.21767,Intersection Related,Traffic Signal,Clear,Daylight,Dry,Fatal,Cyclist Collisions,Driver,50 to 54,None,,North,"Automobile, Station Wagon",Going Ahead,Speed too Fast For Condition,Inattentive,,,,,,,,Yes,Yes,,,,,,Yes,Yes,,,,146,Malvern East,132,Malvern (132),D42,643381.6761,4850992.1304
10872,80169465,4002616859,8/1/2014 8:00:00 AM,1730,WESTLAKE AVE,WESTBROOK AVE,,Local,Toronto and East York,43.693019,-79.307636,At Intersection,Stop Sign,Clear,Daylight,Dry,Non-Fatal Injury,Cyclist Collisions,Driver,65 to 69,None,,South,"Automobile, Station Wagon",Going Ahead,Driving Properly,Normal,,,,,,,,Yes,Yes,,,,,,,,,,,60,Woodbine-Lumsden,60,Woodbine-Lumsden (60),D55,636382.62,4839168.7032
10873,80169466,4002616859,8/1/2014 8:00:00 AM,1730,WESTLAKE AVE,WESTBROOK AVE,,Local,Toronto and East York,43.693019,-79.307636,At Intersection,Stop Sign,Clear,Daylight,Dry,Non-Fatal Injury,Cyclist Collisions,Cyclist,25 to 29,Major,,West,Bicycle,Going Ahead,,,,,,"Cyclist without ROW rides into path of motorist at inter, lnwy, dwy-Cyclist not turn.",Disobeyed Traffic Control,Normal,,Yes,Yes,,,,,,,,,,,60,Woodbine-Lumsden,60,Woodbine-Lumsden (60),D55,636382.62,4839168.7032
10874,80631515,4002621781,8/2/2014 8:00:00 AM,1240,ST CLAIR AVE W,WINONA DR,,Major Arterial,Toronto and East York,43.680205,-79.43246,Intersection Related,Traffic Signal,Clear,Daylight,Dry,Non-Fatal Injury,Cyclist Collisions,Driver,unknown,None,,West,"Automobile, Station Wagon",Overtaking,Failed to Yield Right of Way,Unknown,,,,,,,,Yes,Yes,,,,,,,Yes,,,,94,Wychwood,94,Wychwood (94),D13,626350.2218,4837547.7976
10875,80631516,4002621781,8/2/2014 8:00:00 AM,1240,ST CLAIR AVE W,WINONA DR,,Major Arterial,Toronto and East York,43.680205,-79.43246,Intersection Related,Traffic Signal,Clear,Daylight,Dry,Non-Fatal Injury,Cyclist Collisions,Cyclist,35 to 39,Major,,West,Bicycle,Going Ahead,,,,,,Cyclist and Driver travelling in same direction. One vehicle sideswipes the other.,Driving Properly,Normal,,Yes,Yes,,,,,,,Yes,,,,94,Wychwood,94,Wychwood (94),D13,626350.2218,4837547.7976
10876,80169592,4002625418,8/2/2014 8:00:00 AM,2319,SHEPPARD  AVE E,ROBERT WOODHEAD CRES,,Major Arterial,North York,43.746352,-79.482951,Non Intersection,No Control,Clear,"Dark, artificial",Dry,Non-Fatal Injury,Pedestrian Collisions,Driver,35 to 39,None,,West,"Automobile, Station Wagon",Going Ahead,Driving Properly,Normal,,,,,,,Yes,,Yes,Yes,,,,,,Yes,,,,155,Downsview,26,Downsview-Roding-CFB (26),D31,622145.9483,4844818.6694
10877,80169593,4002625418,8/2/2014 8:00:00 AM,2319,SHEPPARD  AVE E,ROBERT WOODHEAD CRES,,Major Arterial,North York,43.746352,-79.482951,Non Intersection,No Control,Clear,"Dark, artificial",Dry,Non-Fatal Injury,Pedestrian Collisions,Motorcycle Driver,15 to 19,Minor,,West,Motorcycle,Going Ahead,Lost control,Had Been Drinking,,,,,,,Yes,,Yes,Yes,,,,,,Yes,,,,155,Downsview,26,Downsview-Roding-CFB (26),D31,622145.9483,4844818.6694
10878,80169594,4002625418,8/2/2014 8:00:00 AM,2319,SHEPPARD  AVE E,ROBERT WOODHEAD CRES,,Major Arterial,North York,43.746352,-79.482951,Non Intersection,No Control,Clear,"Dark, artificial",Dry,Non-Fatal Injury,Pedestrian Collisions,Pedestrian,15 to 19,Major,,North,,,,,Pedestrian hit at mid-block,"Crossing, no Traffic Control",Had Been Drinking,,,,Yes,,Yes,Yes,,,,,,Yes,,,,155,Downsview,26,Downsview-Roding-CFB (26),D31,622145.9483,4844818.6694
10879,80215119,4002628533,8/3/2014 8:00:00 AM,1330,BURNHAMTHORPE RD,MILL RD,,Major Arterial,Etobicoke York,43.639193,-79.584354,Intersection Related,Traffic Signal,Clear,Daylight,Dry,Non-Fatal Injury,Turning Movement,Driver,75 to 79,Major,,West,"Automobile, Station Wagon",Turning Left,Failed to Yield Right of Way,Normal,,,,,,,,,Yes,,,,,Yes,,Yes,,,,12,Markland Wood,12,Markland Wood (12),D22,614184.5511,4832772.7126
10880,80215120,4002628533,8/3/2014 8:00:00 AM,1330,BURNHAMTHORPE RD,MILL RD,,Major Arterial,Etobicoke York,43.639193,-79.584354,Intersection Related,Traffic Signal,Clear,Daylight,Dry,Non-Fatal Injury,Turning Movement,Driver,30 to 34,None,,East,"Automobile, Station Wagon",Going Ahead,Driving Properly,Normal,,,,,,,,,Yes,,,,,Yes,,Yes,,,,12,Markland Wood,12,Markland Wood (12),D22,614184.5511,4832772.7126
10881,80215121,4002628533,8/3/2014 8:00:00 AM,1330,BURNHAMTHORPE RD,MILL RD,,Major Arterial,Etobicoke York,43.639193,-79.584354,Intersection Related,Traffic Signal,Clear,Daylight,Dry,Non-Fatal Injury,Turning Movement,Passenger,35 to 39,Major,,,,,,,,,,,,,,,Yes,,,,,Yes,,Yes,,,,12,Markland Wood,12,Markland Wood (12),D22,614184.5511,4832772.7126
10882,80215122,4002628533,8/3/2014 8:00:00 AM,1330,BURNHAMTHORPE RD,MILL RD,,Major Arterial,Etobicoke York,43.639193,-79.584354,Intersection Related,Traffic Signal,Clear,Daylight,Dry,Non-Fatal Injury,Turning Movement,Passenger,10 to 14,None,,,,,,,,,,,,,,,Yes,,,,,Yes,,Yes,,,,12,Markland Wood,12,Markland Wood (12),D22,614184.5511,4832772.7126
10883,80169857,4002642659,8/5/2014 8:00:00 AM,1932,SEWELLS RD,BRENYON WAY,,Minor Arterial,Scarborough,43.80778,-79.215602,Intersection Related,Traffic Signal,Clear,Daylight,Dry,Non-Fatal Injury,Pedestrian Collisions,Driver,35 to 39,None,,North,Passenger Van,Turning Left,Failed to Yield Right of Way,Normal,,,,,,,Yes,,Yes,,,,,Yes,,Yes,,,,146,Malvern East,132,Malvern (132),D42,643524.8713,4852070.1705
10884,80169858,4002642659,8/5/2014 8:00:00 AM,1932,SEWELLS RD,BRENYON WAY,,Minor Arterial,Scarborough,43.80778,-79.215602,Intersection Related,Traffic Signal,Clear,Daylight,Dry,Non-Fatal Injury,Pedestrian Collisions,Passenger,10 to 14,None,,,,,,,,,,,,,Yes,,Yes,,,,,Yes,,Yes,,,,146,Malvern East,132,Malvern (132),D42,643524.8713,4852070.1705
10885,80169859,4002642659,8/5/2014 8:00:00 AM,1932,SEWELLS RD,BRENYON WAY,,Minor Arterial,Scarborough,43.80778,-79.215602,Intersection Related,Traffic Signal,Clear,Daylight,Dry,Non-Fatal Injury,Pedestrian Collisions,Pedestrian,25 to 29,Major,,South,,,,,Vehicle turns left while ped crosses with ROW at inter.,Crossing with right of way,Unknown,,,,Yes,,Yes,,,,,Yes,,Yes,,,,146,Malvern East,132,Malvern (132),D42,643524.8713,4852070.1705
10886,80215350,4002647882,8/6/2014 8:00:00 AM,1515,ALNESS ST,DOLOMITE DR,,Minor Arterial,North York,43.779563,-79.475604,Intersection Related,Stop Sign,Clear,Daylight,Dry,Non-Fatal Injury,Turning Movement,Driver,85 to 89,Minor,,West,"Automobile, Station Wagon",Turning Left,Failed to Yield Right of Way,Unknown,,,,,,,,,Yes,,Yes,,,Yes,,Yes,,,,27,York University Heights,27,York University Heights (27),D32,622669.6052,4848518.1053
10887,80215351,4002647882,8/6/2014 8:00:00 AM,1515,ALNESS ST,DOLOMITE DR,,Minor Arterial,North York,43.779563,-79.475604,Intersection Related,Stop Sign,Clear,Daylight,Dry,Non-Fatal Injury,Turning Movement,Truck Driver,35 to 39,Minor,,South,"Truck - Closed (Blazer, etc)",Going Ahead,Driving Properly,Normal,,,,,,,,,Yes,,Yes,,,Yes,,Yes,,,,27,York University Heights,27,York University Heights (27),D32,622669.6052,4848518.1053
10888,80215352,4002647882,8/6/2014 8:00:00 AM,1515,ALNESS ST,DOLOMITE DR,,Minor Arterial,North York,43.779563,-79.475604,Intersection Related,Stop Sign,Clear,Daylight,Dry,Non-Fatal Injury,Turning Movement,Driver,50 to 54,Minimal,,North,"Automobile, Station Wagon",Going Ahead,Driving Properly,Normal,,,,,,,,,Yes,,Yes,,,Yes,,Yes,,,,27,York University Heights,27,York University Heights (27),D32,622669.6052,4848518.1053
10889,80215353,4002647882,8/6/2014 8:00:00 AM,1515,ALNESS ST,DOLOMITE DR,,Minor Arterial,North York,43.779563,-79.475604,Intersection Related,Stop Sign,Clear,Daylight,Dry,Non-Fatal Injury,Turning Movement,Passenger,75 to 79,Major,,,,,,,,,,,,,,,Yes,,Yes,,,Yes,,Yes,,,,27,York University Heights,27,York University Heights (27),D32,622669.6052,4848518.1053
10890,80215387,4002650961,8/7/2014 8:00:00 AM,100,REXDALE BLVD,HIGHWAY 27  N,17 m West of,Major Arterial,Etobicoke York,43.717257,-79.595607,Non Intersection,Traffic Signal,Clear,"Dusk, artificial",Dry,Non-Fatal Injury,SMV Other,Motorcycle Driver,35 to 39,Major,,West,Motorcycle,Going Ahead,Lost control,Unknown,,,,,,,,,,Yes,,,,,,,,,,1,West Humber-Clairville,1,West Humber-Clairville (1),D23,613130.0963,4841427.3237
10891,8000100,142655086,8/7/2014 8:00:00 AM,1618,5800 YONGE ST,,,Major Arterial,North York,43.784381,-79.416683,At Intersection,Traffic Signal,Clear,Daylight,Dry,Fatal,Pedestrian Collisions,Driver,25 to 29,Minor,,South,"Automobile, Station Wagon",Going Ahead,Disobeyed Traffic Control,Normal,,,,,,,Yes,,Yes,,,,,Yes,,Yes,Yes,,,50,Newtonbrook East,50,Newtonbrook East (50),D32,627400.8409,4849142.2086
10892,8000101,142655086,8/7/2014 8:00:00 AM,1618,5800 YONGE ST,,,Major Arterial,North York,43.784381,-79.416683,At Intersection,Traffic Signal,Clear,Daylight,Dry,Fatal,Pedestrian Collisions,Passenger,20 to 24,Major,,,,,,,,,,,,,Yes,,Yes,,,,,Yes,,Yes,Yes,,,50,Newtonbrook East,50,Newtonbrook East (50),D32,627400.8409,4849142.2086
10893,8000102,142655086,8/7/2014 8:00:00 AM,1618,5800 YONGE ST,,,Major Arterial,North York,43.784381,-79.416683,At Intersection,Traffic Signal,Clear,Daylight,Dry,Fatal,Pedestrian Collisions,Driver,20 to 24,None,,North,"Automobile, Station Wagon",Turning Left,Driving Properly,Normal,,,,,,,Yes,,Yes,,,,,Yes,,Yes,Yes,,,50,Newtonbrook East,50,Newtonbrook East (50),D32,627400.8409,4849142.2086
10894,8000103,142655086,8/7/2014 8:00:00 AM,1618,5800 YONGE ST,,,Major Arterial,North York,43.784381,-79.416683,At Intersection,Traffic Signal,Clear,Daylight,Dry,Fatal,Pedestrian Collisions,Passenger,20 to 24,None,,,,,,,,,,,,,Yes,,Yes,,,,,Yes,,Yes,Yes,,,50,Newtonbrook East,50,Newtonbrook East (50),D32,627400.8409,4849142.2086
10895,80000038,142655086,8/7/2014 8:00:00 AM,1618,5800 YONGE ST,,,Major Arterial,North York,43.784381,-79.416683,At Intersection,Traffic Signal,Clear,Daylight,Dry,Fatal,Pedestrian Collisions,Pedestrian,40 to 44,Fatal,19,South,,,,,Pedestrian hit on sidewalk or shoulder,On Sidewalk or Shoulder,Unknown,,,,Yes,,Yes,,,,,Yes,,Yes,Yes,,,50,Newtonbrook East,50,Newtonbrook East (50),D32,627400.8409,4849142.2086