OBJECTID,INDEX,ACCNUM,DATE,TIME,STREET1,STREET2,OFFSET,ROAD_CLASS,DISTRICT,LATITUDE,LONGITUDE,ACCLOC,TRAFFCTL,VISIBILITY,LIGHT,RDSFCOND,ACCLASS,IMPACTYPE,INVTYPE,INVAGE,INJURY,FATAL_NO,INITDIR,VEHTYPE,MANOEUVER,DRIVACT,DRIVCOND,PEDTYPE,PEDACT,PEDCOND,CYCLISTYPE,CYCACT,CYCCOND,PEDESTRIAN,CYCLIST,AUTOMOBILE,MOTORCYCLE,TRUCK,TRSN_CITY_VEH,EMERG_VEH,PASSENGER,SPEEDING,AG_DRIV,REDLIGHT,ALCOHOL,DISABILITY,HOOD_158,NEIGHBOURHOOD_158,HOOD_140,NEIGHBOURHOOD_140,DIVISION,x,y
11237,8000224,143440580,12/7/2014 10:00:00 AM,944,KENNEDY RD,RANSTONE GDNS,,Major Arterial,Scarborough,43.742171,-79.272052,,Traffic Signal,Clear,Daylight,Dry,Fatal,Approaching,Truck Driver,50 to 54,None,,North,Tow Truck,Going Ahead,Driving Properly,Normal,,,,,,,,,Yes,,,,,,,,,,,125,Ionview,125,Ionview (125),D41,639136.4486,4844686.8956
11238,80199676,4000047040,12/8/2014 10:00:00 AM,1700,MT PLEASANT RD,MERTON ST,,Major Arterial,North York,43.698161,-79.38647,At Intersection,Traffic Signal,Clear,"Dark, artificial",Dry,Non-Fatal Injury,Pedestrian Collisions,Driver,75 to 79,None,,North,"Automobile, Station Wagon",Turning Left,Failed to Yield Right of Way,Inattentive,,,,,,,Yes,,Yes,,,,,,,Yes,,,,99,Mount Pleasant East,99,Mount Pleasant East (99),D53,630018.4402,4839613.1485
11239,80199677,4000047040,12/8/2014 10:00:00 AM,1700,MT PLEASANT RD,MERTON ST,,Major Arterial,North York,43.698161,-79.38647,At Intersection,Traffic Signal,Clear,"Dark, artificial",Dry,Non-Fatal Injury,Pedestrian Collisions,Pedestrian,65 to 69,Major,,,,,,,Vehicle turns left while ped crosses with ROW at inter.,,Unknown,,,,Yes,,Yes,,,,,,,Yes,,,,99,Mount Pleasant East,99,Mount Pleasant East (99),D53,630018.4402,4839613.1485
11240,81152649,,12/8/2014 10:00:00 AM,1700,MOUNT PLEASANT RD,MERTON ST,,Major Arterial,North York,43.698104,-79.38644,At Intersection,Traffic Signal,Clear,"Dark, artificial",Dry,Non-Fatal Injury,Pedestrian Collisions,Driver,75 to 79,None,,North,"Automobile, Station Wagon",Turning Left,Failed to Yield Right of Way,Inattentive,,,,,,,Yes,,Yes,,,,,,,Yes,,,,99,Mount Pleasant East,99,Mount Pleasant East (99),D53,630020.9808,4839606.8649
11241,81152650,,12/8/2014 10:00:00 AM,1700,MOUNT PLEASANT RD,MERTON ST,,Major Arterial,North York,43.698104,-79.38644,At Intersection,Traffic Signal,Clear,"Dark, artificial",Dry,Non-Fatal Injury,Pedestrian Collisions,Pedestrian,65 to 69,Major,,North,,,,,Vehicle turns left while ped crosses with ROW at inter.,Crossing with right of way,Normal,,,,Yes,,Yes,,,,,,,Yes,,,,99,Mount Pleasant East,99,Mount Pleasant East (99),D53,630020.9808,4839606.8649
11242,80485881,4003465091,12/11/2014 10:00:00 AM,1100,SHEPPARD AVE E,DON MILLS RD,,Major Arterial,North York,43.774005,-79.351894,Non Intersection,No Control,Snow,Daylight,Packed Snow,Non-Fatal Injury,Sideswipe,Driver,30 to 34,Major,,West,"Automobile, Station Wagon",Going Ahead,Lost control,Normal,,,,,,,,,Yes,,,,,,,,,,,53,Henry Farm,53,Henry Farm (53),D33,632637.0479,4848091.544
11243,80545150,4003465091,12/11/2014 10:00:00 AM,1100,SHEPPARD AVE E,DON MILLS RD,,Major Arterial,North York,43.774005,-79.351894,Non Intersection,No Control,Snow,Daylight,Packed Snow,Non-Fatal Injury,Sideswipe,Driver,unknown,None,,West,"Automobile, Station Wagon",Going Ahead,Driving Properly,Unknown,,,,,,,,,Yes,,,,,,,,,,,53,Henry Farm,53,Henry Farm (53),D33,632637.0479,4848091.544
11244,80224655,4003469913,12/12/2014 10:00:00 AM,720,STEELES AVE E,TOWNSEND RD,,Major Arterial,North York,43.811907,-79.357539,At Intersection,Traffic Signal,Clear,Daylight,Wet,Non-Fatal Injury,Pedestrian Collisions,Driver,60 to 64,None,,East,Truck (other),Going Ahead,Failed to Yield Right of Way,Normal,,,,,,,Yes,,,,Yes,,,,,Yes,,,,48,Hillcrest Village,48,Hillcrest Village (48),D33,632099.2063,4852292.1297
11245,80224656,4003469913,12/12/2014 10:00:00 AM,720,STEELES AVE E,TOWNSEND RD,,Major Arterial,North York,43.811907,-79.357539,At Intersection,Traffic Signal,Clear,Daylight,Wet,Non-Fatal Injury,Pedestrian Collisions,Pedestrian,30 to 34,Major,,North,,,,,Vehicle is going straight thru inter.while ped cross with ROW,Crossing with right of way,Unknown,,,,Yes,,,,Yes,,,,,Yes,,,,48,Hillcrest Village,48,Hillcrest Village (48),D33,632099.2063,4852292.1297
11246,8000208,143471771,12/12/2014 10:00:00 AM,1320,SHEPPARD AVE E,404 N SHEPPARD W RAMP,,Major Arterial,North York,43.77582,-79.337749,,Traffic Signal,Clear,Daylight,Wet,Fatal,Turning Movement,Passenger,50 to 54,Fatal,47,,,,,,,,,,,,,,Yes,,,,,Yes,,Yes,Yes,,,53,Henry Farm,53,Henry Farm (53),D33,633771.3802,4848315.8851
11247,8000209,143471771,12/12/2014 10:00:00 AM,1320,SHEPPARD AVE E,404 N SHEPPARD W RAMP,,Major Arterial,North York,43.77582,-79.337749,,Traffic Signal,Clear,Daylight,Wet,Fatal,Turning Movement,Driver,20 to 24,Minimal,,West,"Automobile, Station Wagon",Going Ahead,Disobeyed Traffic Control,Inattentive,,,,,,,,,Yes,,,,,Yes,,Yes,Yes,,,53,Henry Farm,53,Henry Farm (53),D33,633771.3802,4848315.8851
11248,8000210,143471771,12/12/2014 10:00:00 AM,1320,SHEPPARD AVE E,404 N SHEPPARD W RAMP,,Major Arterial,North York,43.77582,-79.337749,,Traffic Signal,Clear,Daylight,Wet,Fatal,Turning Movement,Driver,40 to 44,Minor,,East,"Automobile, Station Wagon",Turning Left,Driving Properly,Normal,,,,,,,,,Yes,,,,,Yes,,Yes,Yes,,,53,Henry Farm,53,Henry Farm (53),D33,633771.3802,4848315.8851
11249,8000213,143474139,12/12/2014 10:00:00 AM,1840,COXWELL AVE,COSBURN AVE,,Minor Arterial,Toronto and East York,43.694125,-79.328006,At Intersection,Traffic Signal,Clear,"Dusk, artificial",Dry,Fatal,Pedestrian Collisions,Pedestrian,40 to 44,Fatal,51,North,,,,,Vehicle turns left while ped crosses with ROW at inter.,Crossing with right of way,Normal,,,,Yes,,Yes,,,,,,,,,,,59,Danforth East York,59,Danforth East York (59),D55,634738.5664,4839258.237
11250,8000214,143474139,12/12/2014 10:00:00 AM,1840,COXWELL AVE,COSBURN AVE,,Minor Arterial,Toronto and East York,43.694125,-79.328006,At Intersection,Traffic Signal,Clear,"Dusk, artificial",Dry,Fatal,Pedestrian Collisions,Driver,75 to 79,None,,North,"Automobile, Station Wagon",Turning Left,Improper Turn,Inattentive,,,,,,,Yes,,Yes,,,,,,,,,,,59,Danforth East York,59,Danforth East York (59),D55,634738.5664,4839258.237
11251,80182801,4003482087,12/14/2014 10:00:00 AM,324,OSSINGTON AVE,DUNDAS ST W,,Major Arterial,Toronto and East York,43.649317,-79.420772,Non Intersection,No Control,Clear,"Dark, artificial",Dry,Non-Fatal Injury,Pedestrian Collisions,Driver,20 to 24,None,,South,"Automobile, Station Wagon",Going Ahead,Driving Properly,Normal,,,,,,,Yes,,Yes,,,,,,,,,,,81,Trinity-Bellwoods,81,Trinity-Bellwoods (81),D14,627357.6327,4834135.1471
11252,80182802,4003482087,12/14/2014 10:00:00 AM,324,OSSINGTON AVE,DUNDAS ST W,,Major Arterial,Toronto and East York,43.649317,-79.420772,Non Intersection,No Control,Clear,"Dark, artificial",Dry,Non-Fatal Injury,Pedestrian Collisions,Pedestrian,25 to 29,Major,,Unknown,,,,,Other / Undefined,Other,"Ability Impaired, Alcohol Over .80",,,,Yes,,Yes,,,,,,,,,,,81,Trinity-Bellwoods,81,Trinity-Bellwoods (81),D14,627357.6327,4834135.1471
11253,80631932,4003487975,12/15/2014 10:00:00 AM,725,SUBWAY CRES,AUKLAND RD,4 m West of,Collector,Etobicoke York,43.637614,-79.537021,At Intersection,Stop Sign,Clear,"Dark, artificial",Wet,Non-Fatal Injury,Pedestrian Collisions,Driver,65 to 69,None,,East,"Automobile, Station Wagon",Going Ahead,Failed to Yield Right of Way,Normal,,,,,,,Yes,,Yes,,,,,,,Yes,,,,159,Etobicoke City Centre,14,Islington-City Centre West (14),D22,618005.5031,4832663.546
11254,80631933,4003487975,12/15/2014 10:00:00 AM,725,SUBWAY CRES,AUKLAND RD,4 m West of,Collector,Etobicoke York,43.637614,-79.537021,At Intersection,Stop Sign,Clear,"Dark, artificial",Wet,Non-Fatal Injury,Pedestrian Collisions,Pedestrian,80 to 84,Major,,Unknown,,,,,Vehicle is going straight thru inter.while ped cross with ROW,Crossing with right of way,Normal,,,,Yes,,Yes,,,,,,,Yes,,,,159,Etobicoke City Centre,14,Islington-City Centre West (14),D22,618005.5031,4832663.546
11255,80631934,4003498144,12/16/2014 10:00:00 AM,1800,JARVIS ST,WELLESLEY ST E,,Major Arterial,Toronto and East York,43.666213,-79.378307,At Intersection,Traffic Signal,Rain,"Dark, artificial",Wet,Non-Fatal Injury,Pedestrian Collisions,Driver,50 to 54,None,,West,"Automobile, Station Wagon",Turning Left,Failed to Yield Right of Way,Normal,,,,,,,Yes,,Yes,,,,,,,Yes,,,,71,Cabbagetown-South St.James Town,71,Cabbagetown-South St.James Town (71),D51,630745.6035,4836077.7189
11256,80631935,4003498144,12/16/2014 10:00:00 AM,1800,JARVIS ST,WELLESLEY ST E,,Major Arterial,Toronto and East York,43.666213,-79.378307,At Intersection,Traffic Signal,Rain,"Dark, artificial",Wet,Non-Fatal Injury,Pedestrian Collisions,Pedestrian,40 to 44,Major,,Unknown,,,,,Vehicle turns left while ped crosses with ROW at inter.,Crossing with right of way,Normal,,,,Yes,,Yes,,,,,,,Yes,,,,71,Cabbagetown-South St.James Town,71,Cabbagetown-South St.James Town (71),D51,630745.6035,4836077.7189
11257,80183108,4003498374,12/16/2014 10:00:00 AM,1850,ST CLAIR AVE W,DUFFERIN ST,,Major Arterial,Toronto and East York,43.67789,-79.443042,At Intersection,Traffic Signal,Rain,"Dark, artificial",Wet,Non-Fatal Injury,Pedestrian Collisions,Driver,50 to 54,None,,West,"Automobile, Station Wagon",Going Ahead,Driving Properly,Normal,,,,,,,Yes,,Yes,,,,,,,,,,,92,Corso Italia-Davenport,92,Corso Italia-Davenport (92),D13,625502.0871,4837274.6195
11258,80183109,4003498374,12/16/2014 10:00:00 AM,1850,ST CLAIR AVE W,DUFFERIN ST,,Major Arterial,Toronto and East York,43.67789,-79.443042,At Intersection,Traffic Signal,Rain,"Dark, artificial",Wet,Non-Fatal Injury,Pedestrian Collisions,Pedestrian,60 to 64,Major,,South,,,,,Vehicle is going straight thru inter.while ped cross without ROW,Running onto Roadway,Inattentive,,,,Yes,,Yes,,,,,,,,,,,92,Corso Italia-Davenport,92,Corso Italia-Davenport (92),D13,625502.0871,4837274.6195
11259,80183114,4003498466,12/16/2014 10:00:00 AM,1910,ALBION RD,RIVERDALE DR,,Major Arterial,Etobicoke York,43.735346,-79.561374,Intersection Related,Traffic Signal,Rain,Dark,Wet,Non-Fatal Injury,Pedestrian Collisions,Driver,45 to 49,None,,North,"Automobile, Station Wagon",Turning Left,Driving Properly,Normal,,,,,,,Yes,,Yes,,,,,Yes,,,,,,3,Thistletown-Beaumond Heights,3,Thistletown-Beaumond Heights (3),D23,615852.8606,4843483.6541
11260,80183115,4003498466,12/16/2014 10:00:00 AM,1910,ALBION RD,RIVERDALE DR,,Major Arterial,Etobicoke York,43.735346,-79.561374,Intersection Related,Traffic Signal,Rain,Dark,Wet,Non-Fatal Injury,Pedestrian Collisions,Passenger,5 to 9,Major,,,,,,,,,,,,,Yes,,Yes,,,,,Yes,,,,,,3,Thistletown-Beaumond Heights,3,Thistletown-Beaumond Heights (3),D23,615852.8606,4843483.6541
11261,80183116,4003498466,12/16/2014 10:00:00 AM,1910,ALBION RD,RIVERDALE DR,,Major Arterial,Etobicoke York,43.735346,-79.561374,Intersection Related,Traffic Signal,Rain,Dark,Wet,Non-Fatal Injury,Pedestrian Collisions,Pedestrian,45 to 49,Minor,,Unknown,,,,,Vehicle turns left while ped crosses with ROW at inter.,Crossing with right of way,Normal,,,,Yes,,Yes,,,,,Yes,,,,,,3,Thistletown-Beaumond Heights,3,Thistletown-Beaumond Heights (3),D23,615852.8606,4843483.6541
11262,80631936,4003506049,12/18/2014 10:00:00 AM,2,DUNDAS ST W,STERLING RD,70 m West of,Minor Arterial,Toronto and East York,43.650824,-79.44395,Non Intersection,No Control,Clear,"Dark, artificial",Wet,Non-Fatal Injury,Approaching,Driver,40 to 44,Major,,East,"Automobile, Station Wagon",Going Ahead,Lost control,Unknown,,,,,,,,,Yes,,,Yes,,,,,,,,86,Roncesvalles,84,Little Portugal (84),D11,625485.2748,4834267.2093
11263,80631937,4003506049,12/18/2014 10:00:00 AM,2,DUNDAS ST W,STERLING RD,70 m West of,Minor Arterial,Toronto and East York,43.650824,-79.44395,Non Intersection,No Control,Clear,"Dark, artificial",Wet,Non-Fatal Injury,Approaching,Driver,35 to 39,None,,West,Street Car,Going Ahead,Driving Properly,Normal,,,,,,,,,Yes,,,Yes,,,,,,,,86,Roncesvalles,84,Little Portugal (84),D11,625485.2748,4834267.2093
11264,8000211,143507481,12/18/2014 10:00:00 AM,843,6030 BATHURST ST,,,Major Arterial,North York,43.788577,-79.446666,,No Control,Clear,Daylight,Dry,Fatal,Pedestrian Collisions,Pedestrian,75 to 79,Fatal,50,East,,,,,Pedestrian hit at mid-block,Running onto Roadway,Inattentive,,,,Yes,,Yes,,,,,Yes,,,,,,36,Newtonbrook West,36,Newtonbrook West (36),D32,624979.5078,4849562.5326
11265,8000212,143507481,12/18/2014 10:00:00 AM,843,6030 BATHURST ST,,,Major Arterial,North York,43.788577,-79.446666,,No Control,Clear,Daylight,Dry,Fatal,Pedestrian Collisions,Driver,25 to 29,None,,South,"Automobile, Station Wagon",Going Ahead,Driving Properly,Normal,,,,,,,Yes,,Yes,,,,,Yes,,,,,,36,Newtonbrook West,36,Newtonbrook West (36),D32,624979.5078,4849562.5326
11266,8000304,143507481,12/18/2014 10:00:00 AM,843,6030 BATHURST ST,,,Major Arterial,North York,43.788577,-79.446666,,No Control,Clear,Daylight,Dry,Fatal,Pedestrian Collisions,Passenger,unknown,None,,,,,,,,,,,,,Yes,,Yes,,,,,Yes,,,,,,36,Newtonbrook West,36,Newtonbrook West (36),D32,624979.5078,4849562.5326
11267,80485918,4003516677,12/19/2014 10:00:00 AM,1740,FINCH AVE E,NEILSON RD,,Minor Arterial,Scarborough,43.816252,-79.227596,At Intersection,Traffic Signal,Clear,Dark,Dry,Fatal,Pedestrian Collisions,Driver,25 to 29,None,,North,Municipal Transit Bus (TTC),Turning Right,Failed to Yield Right of Way,Other,,,,,,,Yes,,,,,Yes,,,,Yes,,,,145,Malvern West,132,Malvern (132),D42,642539.9865,4852990.3898
11268,80485919,4003516677,12/19/2014 10:00:00 AM,1740,FINCH AVE E,NEILSON RD,,Minor Arterial,Scarborough,43.816252,-79.227596,At Intersection,Traffic Signal,Clear,Dark,Dry,Fatal,Pedestrian Collisions,Pedestrian,10 to 14,Fatal,48,West,,,,,Vehicle turns right while ped crosses with ROW at inter.,Other,Other,,,,Yes,,,,,Yes,,,,Yes,,,,145,Malvern West,132,Malvern (132),D42,642539.9865,4852990.3898
11269,80631938,4003518072,12/19/2014 10:00:00 AM,2228,KIPLING AVE,FINCH AVE W,,Major Arterial,Etobicoke York,43.743121,-79.582706,Non Intersection,No Control,Clear,Dark,Dry,Non-Fatal Injury,Pedestrian Collisions,Driver,45 to 49,None,,West,"Automobile, Station Wagon",Going Ahead,Driving Properly,Normal,,,,,,,Yes,,Yes,,,,,,,,,,,2,Mount Olive-Silverstone-Jamestown,2,Mount Olive-Silverstone-Jamestown (2),D23,614120.2072,4844317.5739
11270,80631939,4003518072,12/19/2014 10:00:00 AM,2228,KIPLING AVE,FINCH AVE W,,Major Arterial,Etobicoke York,43.743121,-79.582706,Non Intersection,No Control,Clear,Dark,Dry,Non-Fatal Injury,Pedestrian Collisions,Pedestrian,25 to 29,Major,,North,,,,,Pedestrian hit at mid-block,Running onto Roadway,Inattentive,,,,Yes,,Yes,,,,,,,,,,,2,Mount Olive-Silverstone-Jamestown,2,Mount Olive-Silverstone-Jamestown (2),D23,614120.2072,4844317.5739
11271,80225387,4003521992,12/20/2014 10:00:00 AM,1410,OSSINGTON AVE,BLOOR ST W,15 m South o,Major Arterial,Toronto and East York,43.661971,-79.425647,Non Intersection,No Control,Clear,Daylight,Dry,Non-Fatal Injury,Cyclist Collisions,Driver,55 to 59,None,,South,"Automobile, Station Wagon",Overtaking,Improper Passing,Inattentive,,,,,,,,Yes,Yes,,,,,Yes,,Yes,,,,80,Palmerston-Little Italy,80,Palmerston-Little Italy (80),D14,626937.8172,4835533.0695
11272,80225388,4003521992,12/20/2014 10:00:00 AM,1410,OSSINGTON AVE,BLOOR ST W,15 m South o,Major Arterial,Toronto and East York,43.661971,-79.425647,Non Intersection,No Control,Clear,Daylight,Dry,Non-Fatal Injury,Cyclist Collisions,Cyclist,25 to 29,Major,,South,Bicycle,Going Ahead,,,,,,Cyclist and Driver travelling in same direction. One vehicle sideswipes the other.,Driving Properly,Normal,,Yes,Yes,,,,,Yes,,Yes,,,,80,Palmerston-Little Italy,80,Palmerston-Little Italy (80),D14,626937.8172,4835533.0695
11273,80225389,4003521992,12/20/2014 10:00:00 AM,1410,OSSINGTON AVE,BLOOR ST W,15 m South o,Major Arterial,Toronto and East York,43.661971,-79.425647,Non Intersection,No Control,Clear,Daylight,Dry,Non-Fatal Injury,Cyclist Collisions,Passenger,55 to 59,None,,,,,,,,,,,,,,Yes,Yes,,,,,Yes,,Yes,,,,80,Palmerston-Little Italy,80,Palmerston-Little Italy (80),D14,626937.8172,4835533.0695
11274,80631940,4003523985,12/20/2014 10:00:00 AM,2308,BRIMLEY RD,DORCOT AVE,,Major Arterial,Scarborough,43.758887,-79.257114,At Intersection,Traffic Signal,Clear,"Dark, artificial",Dry,Non-Fatal Injury,Pedestrian Collisions,Driver,25 to 29,Minimal,,North,"Automobile, Station Wagon",Going Ahead,Driving Properly,Inattentive,,,,,,,Yes,,Yes,,,,,Yes,,,,,,156,Bendale-Glen Andrew,127,Bendale (127),D43,640300.2228,4846568.6597
11275,80631941,4003523985,12/20/2014 10:00:00 AM,2308,BRIMLEY RD,DORCOT AVE,,Major Arterial,Scarborough,43.758887,-79.257114,At Intersection,Traffic Signal,Clear,"Dark, artificial",Dry,Non-Fatal Injury,Pedestrian Collisions,Passenger,20 to 24,None,,,,,,,,,,,,,Yes,,Yes,,,,,Yes,,,,,,156,Bendale-Glen Andrew,127,Bendale (127),D43,640300.2228,4846568.6597
11276,80631942,4003523985,12/20/2014 10:00:00 AM,2308,BRIMLEY RD,DORCOT AVE,,Major Arterial,Scarborough,43.758887,-79.257114,At Intersection,Traffic Signal,Clear,"Dark, artificial",Dry,Non-Fatal Injury,Pedestrian Collisions,Passenger,20 to 24,None,,,,,,,,,,,,,Yes,,Yes,,,,,Yes,,,,,,156,Bendale-Glen Andrew,127,Bendale (127),D43,640300.2228,4846568.6597
11277,80631943,4003523985,12/20/2014 10:00:00 AM,2308,BRIMLEY RD,DORCOT AVE,,Major Arterial,Scarborough,43.758887,-79.257114,At Intersection,Traffic Signal,Clear,"Dark, artificial",Dry,Non-Fatal Injury,Pedestrian Collisions,Pedestrian,20 to 24,Major,,West,,,,,Vehicle is going straight thru inter.while ped cross without ROW,Crossing without right of way,Had Been Drinking,,,,Yes,,Yes,,,,,Yes,,,,,,156,Bendale-Glen Andrew,127,Bendale (127),D43,640300.2228,4846568.6597
11278,80631944,4003526196,12/21/2014 10:00:00 AM,1132,MARKHAM RD,BLAKEMANOR BLVD,246 m North ,Major Arterial,Scarborough,43.752967,-79.223071,Non Intersection,No Control,Clear,Daylight,Dry,Non-Fatal Injury,SMV Other,Driver,60 to 64,Major,,South,"Automobile, Station Wagon",Other,Lost control,Medical or Physical Disability,,,,,,,,,Yes,,,,,Yes,,,,,Yes,141,Golfdale-Cedarbrae-Woburn,137,Woburn (137),D43,643054.7834,4845969.3892
11279,80631945,4003526196,12/21/2014 10:00:00 AM,1132,MARKHAM RD,BLAKEMANOR BLVD,246 m North ,Major Arterial,Scarborough,43.752967,-79.223071,Non Intersection,No Control,Clear,Daylight,Dry,Non-Fatal Injury,SMV Other,Passenger,55 to 59,Minor,,,,,,,,,,,,,,,Yes,,,,,Yes,,,,,Yes,141,Golfdale-Cedarbrae-Woburn,137,Woburn (137),D43,643054.7834,4845969.3892
11280,80631946,4003527031,12/21/2014 10:00:00 AM,1437,BLOOR ST W,SHAW ST,18 m East of,Major Arterial,Toronto and East York,43.662436,-79.423229,Intersection Related,No Control,Clear,Daylight,Dry,Non-Fatal Injury,Pedestrian Collisions,Driver,45 to 49,Minimal,,West,"Automobile, Station Wagon",Making U Turn,Improper Turn,Inattentive,,,,,,,Yes,,Yes,,,,,Yes,,,,,,80,Palmerston-Little Italy,80,Palmerston-Little Italy (80),D14,627131.7974,4835588.4163
11281,80631947,4003527031,12/21/2014 10:00:00 AM,1437,BLOOR ST W,SHAW ST,18 m East of,Major Arterial,Toronto and East York,43.662436,-79.423229,Intersection Related,No Control,Clear,Daylight,Dry,Non-Fatal Injury,Pedestrian Collisions,Pedestrian,50 to 54,Major,,Unknown,,,,,Pedestrian hit on sidewalk or shoulder,On Sidewalk or Shoulder,Normal,,,,Yes,,Yes,,,,,Yes,,,,,,80,Palmerston-Little Italy,80,Palmerston-Little Italy (80),D14,627131.7974,4835588.4163
11282,80631948,4003527031,12/21/2014 10:00:00 AM,1437,BLOOR ST W,SHAW ST,18 m East of,Major Arterial,Toronto and East York,43.662436,-79.423229,Intersection Related,No Control,Clear,Daylight,Dry,Non-Fatal Injury,Pedestrian Collisions,Passenger,15 to 19,None,,,,,,,,,,,,,Yes,,Yes,,,,,Yes,,,,,,80,Palmerston-Little Italy,80,Palmerston-Little Italy (80),D14,627131.7974,4835588.4163
11283,80631949,4003538412,12/23/2014 10:00:00 AM,1447,FINCH AVE W,SENLAC RD,49 m East of,Major Arterial,North York,43.77661,-79.42937,Non Intersection,No Control,Rain,Daylight,Wet,Non-Fatal Injury,SMV Other,Driver,80 to 84,Major,,East,Passenger Van,Going Ahead,Lost control,Medical or Physical Disability,,,,,,,,,Yes,,,,,Yes,,,,,Yes,37,Willowdale West,37,Willowdale West (37),D32,626396.3528,4848259.6729
11284,80631950,4003538412,12/23/2014 10:00:00 AM,1447,FINCH AVE W,SENLAC RD,49 m East of,Major Arterial,North York,43.77661,-79.42937,Non Intersection,No Control,Rain,Daylight,Wet,Non-Fatal Injury,SMV Other,Passenger,60 to 64,Minor,,,,,,,,,,,,,,,Yes,,,,,Yes,,,,,Yes,37,Willowdale West,37,Willowdale West (37),D32,626396.3528,4848259.6729
11285,80225641,4003538995,12/23/2014 10:00:00 AM,1638,MOUNT PLEASANT RD,MERTON ST,,Major Arterial,North York,43.698161,-79.38647,At Intersection,Traffic Signal,Rain,Dusk,Wet,Non-Fatal Injury,Pedestrian Collisions,Driver,80 to 84,None,,East,"Automobile, Station Wagon",Turning Left,Failed to Yield Right of Way,Inattentive,,,,,,,Yes,,Yes,,,,,,,Yes,,,,99,Mount Pleasant East,99,Mount Pleasant East (99),D53,630018.4402,4839613.1485
11286,80225642,4003538995,12/23/2014 10:00:00 AM,1638,MOUNT PLEASANT RD,MERTON ST,,Major Arterial,North York,43.698161,-79.38647,At Intersection,Traffic Signal,Rain,Dusk,Wet,Non-Fatal Injury,Pedestrian Collisions,Pedestrian,70 to 74,Major,,East,,,,,Vehicle turns left while ped crosses with ROW at inter.,Crossing with right of way,Normal,,,,Yes,,Yes,,,,,,,Yes,,,,99,Mount Pleasant East,99,Mount Pleasant East (99),D53,630018.4402,4839613.1485
11287,80225696,4003541767,12/24/2014 10:00:00 AM,635,FINCH AVE E,BRIDLETOWNE CRCL,,Major Arterial,Scarborough,43.797381,-79.312274,At Intersection,Traffic Signal,"Fog, Mist, Smoke, Dust","Dark, artificial",Wet,Non-Fatal Injury,Pedestrian Collisions,Driver,55 to 59,None,,East,"Automobile, Station Wagon",Turning Left,Failed to Yield Right of Way,Inattentive,,,,,,,Yes,,Yes,,,,,,,Yes,,,,148,East L'Amoreaux,117,L'Amoreaux (117),D42,635772.7035,4850752.0499
11288,80225697,4003541767,12/24/2014 10:00:00 AM,635,FINCH AVE E,BRIDLETOWNE CRCL,,Major Arterial,Scarborough,43.797381,-79.312274,At Intersection,Traffic Signal,"Fog, Mist, Smoke, Dust","Dark, artificial",Wet,Non-Fatal Injury,Pedestrian Collisions,Pedestrian,55 to 59,Major,,West,,,,,Vehicle turns left while ped crosses with ROW at inter.,Crossing with right of way,Inattentive,,,,Yes,,Yes,,,,,,,Yes,,,,148,East L'Amoreaux,117,L'Amoreaux (117),D42,635772.7035,4850752.0499
11289,80631951,4003544666,12/24/2014 10:00:00 AM,1800,ALTON TOWERS CRCL,INGLETON BLVD,,Collector,Scarborough,43.82297,-79.272441,At Intersection,Pedestrian Crossover,Rain,"Dark, artificial",Wet,Non-Fatal Injury,Pedestrian Collisions,Driver,unknown,None,,West,,Going Ahead,Failed to Yield Right of Way,Unknown,,,,,,,Yes,,,,,,,,,Yes,,,,130,Milliken,130,Milliken (130),D42,638917.8476,4853660.2448
11290,80631952,4003544666,12/24/2014 10:00:00 AM,1800,ALTON TOWERS CRCL,INGLETON BLVD,,Collector,Scarborough,43.82297,-79.272441,At Intersection,Pedestrian Crossover,Rain,"Dark, artificial",Wet,Non-Fatal Injury,Pedestrian Collisions,Pedestrian,65 to 69,Major,,North,,,,,Pedestrian hit a PXO/ped. Mid-block signal,"Crossing, Pedestrian Crossover",Normal,,,,Yes,,,,,,,,,Yes,,,,130,Milliken,130,Milliken (130),D42,638917.8476,4853660.2448
11291,80631953,4003549384,12/25/2014 10:00:00 AM,2150,MCCOWAN RD,STEELES AVE E,,Major Arterial,Scarborough,43.830973,-79.275157,Intersection Related,Traffic Signal,Clear,"Dark, artificial",Dry,Non-Fatal Injury,Turning Movement,Driver,25 to 29,None,,North,"Automobile, Station Wagon",Turning Left,Lost control,Normal,,,,,,,,,Yes,,,,,Yes,,,,,,130,Milliken,130,Milliken (130),D42,638680.9087,4854544.5527