OBJECTID,INDEX,ACCNUM,DATE,TIME,STREET1,STREET2,OFFSET,ROAD_CLASS,DISTRICT,LATITUDE,LONGITUDE,ACCLOC,TRAFFCTL,VISIBILITY,LIGHT,RDSFCOND,ACCLASS,IMPACTYPE,INVTYPE,INVAGE,INJURY,FATAL_NO,INITDIR,VEHTYPE,MANOEUVER,DRIVACT,DRIVCOND,PEDTYPE,PEDACT,PEDCOND,CYCLISTYPE,CYCACT,CYCCOND,PEDESTRIAN,CYCLIST,AUTOMOBILE,MOTORCYCLE,TRUCK,TRSN_CITY_VEH,EMERG_VEH,PASSENGER,SPEEDING,AG_DRIV,REDLIGHT,ALCOHOL,DISABILITY,HOOD_158,NEIGHBOURHOOD_158,HOOD_140,NEIGHBOURHOOD_140,DIVISION,x,y
11292,80631954,4003549384,12/25/2014 10:00:00 AM,2150,MCCOWAN RD,STEELES AVE E,,Major Arterial,Scarborough,43.830973,-79.275157,Intersection Related,Traffic Signal,Clear,"Dark, artificial",Dry,Non-Fatal Injury,Turning Movement,Driver,40 to 44,None,,East,"Automobile, Station Wagon",Stopped,Driving Properly,Normal,,,,,,,,,Yes,,,,,Yes,,,,,,130,Milliken,130,Milliken (130),D42,638680.9087,4854544.5527
11293,80631955,4003549384,12/25/2014 10:00:00 AM,2150,MCCOWAN RD,STEELES AVE E,,Major Arterial,Scarborough,43.830973,-79.275157,Intersection Related,Traffic Signal,Clear,"Dark, artificial",Dry,Non-Fatal Injury,Turning Movement,Driver,50 to 54,None,,East,"Automobile, Station Wagon",Stopped,Driving Properly,Normal,,,,,,,,,Yes,,,,,Yes,,,,,,130,Milliken,130,Milliken (130),D42,638680.9087,4854544.5527
11294,80631956,4003549384,12/25/2014 10:00:00 AM,2150,MCCOWAN RD,STEELES AVE E,,Major Arterial,Scarborough,43.830973,-79.275157,Intersection Related,Traffic Signal,Clear,"Dark, artificial",Dry,Non-Fatal Injury,Turning Movement,Passenger,30 to 34,None,,,,,,,,,,,,,,,Yes,,,,,Yes,,,,,,130,Milliken,130,Milliken (130),D42,638680.9087,4854544.5527
11295,80631957,4003549384,12/25/2014 10:00:00 AM,2150,MCCOWAN RD,STEELES AVE E,,Major Arterial,Scarborough,43.830973,-79.275157,Intersection Related,Traffic Signal,Clear,"Dark, artificial",Dry,Non-Fatal Injury,Turning Movement,Passenger,40 to 44,Major,,,,,,,,,,,,,,,Yes,,,,,Yes,,,,,,130,Milliken,130,Milliken (130),D42,638680.9087,4854544.5527
11296,80631958,4003549384,12/25/2014 10:00:00 AM,2150,MCCOWAN RD,STEELES AVE E,,Major Arterial,Scarborough,43.830973,-79.275157,Intersection Related,Traffic Signal,Clear,"Dark, artificial",Dry,Non-Fatal Injury,Turning Movement,Passenger,5 to 9,None,,,,,,,,,,,,,,,Yes,,,,,Yes,,,,,,130,Milliken,130,Milliken (130),D42,638680.9087,4854544.5527
11297,80485972,4003563376,12/28/2014 10:00:00 AM,1809,SHEPPARD AVE E,BRIDLEWOOD BLVD,37 m West of,Major Arterial,Scarborough,43.777014,-79.315486,Non Intersection,No Control,Clear,"Dark, artificial",Dry,Fatal,Pedestrian Collisions,Truck Driver,20 to 24,None,,East,Truck (other),Going Ahead,Driving Properly,Normal,,,,,,,Yes,,,,Yes,,,Yes,,,,,,118,Tam O'Shanter-Sullivan,118,Tam O'Shanter-Sullivan (118),D42,635560.3388,4848484.7096
11298,80485973,4003563376,12/28/2014 10:00:00 AM,1809,SHEPPARD AVE E,BRIDLEWOOD BLVD,37 m West of,Major Arterial,Scarborough,43.777014,-79.315486,Non Intersection,No Control,Clear,"Dark, artificial",Dry,Fatal,Pedestrian Collisions,Passenger,20 to 24,None,,,,,,,,,,,,,Yes,,,,Yes,,,Yes,,,,,,118,Tam O'Shanter-Sullivan,118,Tam O'Shanter-Sullivan (118),D42,635560.3388,4848484.7096
11299,80485974,4003563376,12/28/2014 10:00:00 AM,1809,SHEPPARD AVE E,BRIDLEWOOD BLVD,37 m West of,Major Arterial,Scarborough,43.777014,-79.315486,Non Intersection,No Control,Clear,"Dark, artificial",Dry,Fatal,Pedestrian Collisions,Passenger,20 to 24,None,,,,,,,,,,,,,Yes,,,,Yes,,,Yes,,,,,,118,Tam O'Shanter-Sullivan,118,Tam O'Shanter-Sullivan (118),D42,635560.3388,4848484.7096
11300,80485975,4003563376,12/28/2014 10:00:00 AM,1809,SHEPPARD AVE E,BRIDLEWOOD BLVD,37 m West of,Major Arterial,Scarborough,43.777014,-79.315486,Non Intersection,No Control,Clear,"Dark, artificial",Dry,Fatal,Pedestrian Collisions,Passenger,25 to 29,None,,,,,,,,,,,,,Yes,,,,Yes,,,Yes,,,,,,118,Tam O'Shanter-Sullivan,118,Tam O'Shanter-Sullivan (118),D42,635560.3388,4848484.7096
11301,80485976,4003563376,12/28/2014 10:00:00 AM,1809,SHEPPARD AVE E,BRIDLEWOOD BLVD,37 m West of,Major Arterial,Scarborough,43.777014,-79.315486,Non Intersection,No Control,Clear,"Dark, artificial",Dry,Fatal,Pedestrian Collisions,Pedestrian,80 to 84,Fatal,49,South,,,,,Pedestrian hit at mid-block,"Crossing, no Traffic Control",Inattentive,,,,Yes,,,,Yes,,,Yes,,,,,,118,Tam O'Shanter-Sullivan,118,Tam O'Shanter-Sullivan (118),D42,635560.3388,4848484.7096
11302,80631959,4003564717,12/29/2014 10:00:00 AM,22,KINGSTON RD,LAWSON RD,,Minor Arterial,Scarborough,43.784529,-79.168742,At Intersection,Traffic Signal,Clear,"Dark, artificial",Dry,Non-Fatal Injury,Pedestrian Collisions,Driver,40 to 44,None,,North,"Automobile, Station Wagon",Turning Left,Failed to Yield Right of Way,Normal,,,,,,,Yes,,Yes,,,,,,,Yes,,,,133,Centennial Scarborough,133,Centennial Scarborough (133),D43,647351.1618,4849570.1216
11303,80631960,4003564717,12/29/2014 10:00:00 AM,22,KINGSTON RD,LAWSON RD,,Minor Arterial,Scarborough,43.784529,-79.168742,At Intersection,Traffic Signal,Clear,"Dark, artificial",Dry,Non-Fatal Injury,Pedestrian Collisions,Pedestrian,65 to 69,Major,,South,,,,,Vehicle turns left while ped crosses with ROW at inter.,Crossing with right of way,Had Been Drinking,,,,Yes,,Yes,,,,,,,Yes,,,,133,Centennial Scarborough,133,Centennial Scarborough (133),D43,647351.1618,4849570.1216
11304,80492256,,1/1/2015 10:00:00 AM,624,KEELE ST,COLVILLE RD,,Major Arterial,Etobicoke York,43.706175,-79.477496,At Intersection,No Control,Clear,"Dawn, artificial",Dry,Non-Fatal Injury,Approaching,Driver,20 to 24,Major,,South,"Automobile, Station Wagon",Going Ahead,Lost control,Unknown,,,,,,,,,Yes,,,,,Yes,Yes,Yes,,,,30,Brookhaven-Amesbury,30,Brookhaven-Amesbury (30),D12,622667.1428,4840364.4989
11305,80492257,,1/1/2015 10:00:00 AM,624,KEELE ST,COLVILLE RD,,Major Arterial,Etobicoke York,43.706175,-79.477496,At Intersection,No Control,Clear,"Dawn, artificial",Dry,Non-Fatal Injury,Approaching,Driver,30 to 34,Minor,,North,"Automobile, Station Wagon",Going Ahead,Driving Properly,Normal,,,,,,,,,Yes,,,,,Yes,Yes,Yes,,,,30,Brookhaven-Amesbury,30,Brookhaven-Amesbury (30),D12,622667.1428,4840364.4989
11306,80492258,,1/1/2015 10:00:00 AM,624,KEELE ST,COLVILLE RD,,Major Arterial,Etobicoke York,43.706175,-79.477496,At Intersection,No Control,Clear,"Dawn, artificial",Dry,Non-Fatal Injury,Approaching,Passenger,20 to 24,Minor,,,,,,,,,,,,,,,Yes,,,,,Yes,Yes,Yes,,,,30,Brookhaven-Amesbury,30,Brookhaven-Amesbury (30),D12,622667.1428,4840364.4989
11307,80226921,,1/2/2015 10:00:00 AM,949,2211 ST CLAIR AVE W,,23 m East of,Major Arterial,Etobicoke York,43.670848,-79.475185,Non Intersection,No Control,Clear,Daylight,Dry,Non-Fatal Injury,Turning Movement,Driver,60 to 64,Major,,West,"Automobile, Station Wagon",Making U Turn,Improper Turn,Unknown,,,,,,,,,Yes,,Yes,,,,,,,,,90,Junction Area,90,Junction Area (90),D11,622925.4822,4836444.3784
11308,80226922,,1/2/2015 10:00:00 AM,949,2211 ST CLAIR AVE W,,23 m East of,Major Arterial,Etobicoke York,43.670848,-79.475185,Non Intersection,No Control,Clear,Daylight,Dry,Non-Fatal Injury,Turning Movement,Truck Driver,30 to 34,None,,West,"Truck - Closed (Blazer, etc)",Going Ahead,Driving Properly,Normal,,,,,,,,,Yes,,Yes,,,,,,,,,90,Junction Area,90,Junction Area (90),D11,622925.4822,4836444.3784
11309,80562660,,1/2/2015 10:00:00 AM,1830,BAYVIEW AVE,SHEPPARD AVE E,,Major Arterial,North York,43.766577,-79.388042,At Intersection,Traffic Signal,Clear,"Dark, artificial",Dry,Non-Fatal Injury,Turning Movement,Driver,40 to 44,None,,South,"Automobile, Station Wagon",Turning Left,Other,Normal,,,,,,,,,Yes,,,,,Yes,,,,,,52,Bayview Village,52,Bayview Village (52),D33,629743.9448,4847209.2783
11310,80562661,,1/2/2015 10:00:00 AM,1830,BAYVIEW AVE,SHEPPARD AVE E,,Major Arterial,North York,43.766577,-79.388042,At Intersection,Traffic Signal,Clear,"Dark, artificial",Dry,Non-Fatal Injury,Turning Movement,Driver,45 to 49,Major,,North,"Automobile, Station Wagon",Going Ahead,Other,Normal,,,,,,,,,Yes,,,,,Yes,,,,,,52,Bayview Village,52,Bayview Village (52),D33,629743.9448,4847209.2783
11311,80562662,,1/2/2015 10:00:00 AM,1830,BAYVIEW AVE,SHEPPARD AVE E,,Major Arterial,North York,43.766577,-79.388042,At Intersection,Traffic Signal,Clear,"Dark, artificial",Dry,Non-Fatal Injury,Turning Movement,Passenger,5 to 9,None,,,,,,,,,,,,,,,Yes,,,,,Yes,,,,,,52,Bayview Village,52,Bayview Village (52),D33,629743.9448,4847209.2783
11312,80562663,,1/2/2015 10:00:00 AM,1830,BAYVIEW AVE,SHEPPARD AVE E,,Major Arterial,North York,43.766577,-79.388042,At Intersection,Traffic Signal,Clear,"Dark, artificial",Dry,Non-Fatal Injury,Turning Movement,Passenger,20 to 24,Minimal,,,,,,,,,,,,,,,Yes,,,,,Yes,,,,,,52,Bayview Village,52,Bayview Village (52),D33,629743.9448,4847209.2783
11313,80562664,,1/2/2015 10:00:00 AM,1830,BAYVIEW AVE,SHEPPARD AVE E,,Major Arterial,North York,43.766577,-79.388042,At Intersection,Traffic Signal,Clear,"Dark, artificial",Dry,Non-Fatal Injury,Turning Movement,Passenger,20 to 24,Minimal,,,,,,,,,,,,,,,Yes,,,,,Yes,,,,,,52,Bayview Village,52,Bayview Village (52),D33,629743.9448,4847209.2783
11314,80562665,,1/2/2015 10:00:00 AM,1830,BAYVIEW AVE,SHEPPARD AVE E,,Major Arterial,North York,43.766577,-79.388042,At Intersection,Traffic Signal,Clear,"Dark, artificial",Dry,Non-Fatal Injury,Turning Movement,Passenger,40 to 44,None,,,,,,,,,,,,,,,Yes,,,,,Yes,,,,,,52,Bayview Village,52,Bayview Village (52),D33,629743.9448,4847209.2783
11315,80556228,,1/4/2015 10:00:00 AM,1904,BATHURST ST,COLLEGE ST,60 m North o,Major Arterial,Toronto and East York,43.657664,-79.408206,Non Intersection,Pedestrian Crossover,Snow,"Dark, artificial",Wet,Non-Fatal Injury,Pedestrian Collisions,Driver,70 to 74,None,,North,"Automobile, Station Wagon",Going Ahead,Failed to Yield Right of Way,Normal,,,,,,,Yes,,Yes,,,,,,,Yes,,,,79,University,79,University (79),D14,628353.251,4835081.5524
11316,80556229,,1/4/2015 10:00:00 AM,1904,BATHURST ST,COLLEGE ST,60 m North o,Major Arterial,Toronto and East York,43.657664,-79.408206,Non Intersection,Pedestrian Crossover,Snow,"Dark, artificial",Wet,Non-Fatal Injury,Pedestrian Collisions,Pedestrian,25 to 29,Major,,West,,,,,Pedestrian hit a PXO/ped. Mid-block signal,"Crossing, Pedestrian Crossover",Normal,,,,Yes,,Yes,,,,,,,Yes,,,,79,University,79,University (79),D14,628353.251,4835081.5524
11317,80227183,,1/5/2015 10:00:00 AM,747,DUFFERIN ST,STEEPROCK DR,,Major Arterial,North York,43.761031,-79.465198,At Intersection,Traffic Signal,Clear,Daylight,Dry,Non-Fatal Injury,Turning Movement,Driver,45 to 49,Major,,North,"Automobile, Station Wagon",Turning Left,Improper Turn,Normal,,,,,,,,,Yes,,,,,,,Yes,Yes,,,34,Bathurst Manor,34,Bathurst Manor (34),D32,623545.1427,4846475.3184
11318,80227184,,1/5/2015 10:00:00 AM,747,DUFFERIN ST,STEEPROCK DR,,Major Arterial,North York,43.761031,-79.465198,At Intersection,Traffic Signal,Clear,Daylight,Dry,Non-Fatal Injury,Turning Movement,Driver,45 to 49,Minor,,South,"Automobile, Station Wagon",Going Ahead,Disobeyed Traffic Control,Normal,,,,,,,,,Yes,,,,,,,Yes,Yes,,,34,Bathurst Manor,34,Bathurst Manor (34),D32,623545.1427,4846475.3184
11319,80227185,,1/5/2015 10:00:00 AM,747,DUFFERIN ST,STEEPROCK DR,,Major Arterial,North York,43.761031,-79.465198,At Intersection,Traffic Signal,Clear,Daylight,Dry,Non-Fatal Injury,Turning Movement,Driver,45 to 49,None,,South,"Automobile, Station Wagon",Stopped,Driving Properly,Normal,,,,,,,,,Yes,,,,,,,Yes,Yes,,,34,Bathurst Manor,34,Bathurst Manor (34),D32,623545.1427,4846475.3184
11320,80559729,,1/9/2015 10:00:00 AM,2148,SPADINA AVE,ST ANDREW ST,6 m North of,Major Arterial,Toronto and East York,43.654383,-79.398639,Intersection Related,Traffic Signal,Clear,"Dark, artificial",Wet,Non-Fatal Injury,Cyclist Collisions,Cyclist,35 to 39,Major,,South,Bicycle,Turning Left,,,,,,Cyclist turned left across motorists path.,Improper Turn,Had Been Drinking,,Yes,,,,Yes,,,,,,,,78,Kensington-Chinatown,78,Kensington-Chinatown (78),D14,629131.7201,4834731.9981
11321,80559730,,1/9/2015 10:00:00 AM,2148,SPADINA AVE,ST ANDREW ST,6 m North of,Major Arterial,Toronto and East York,43.654383,-79.398639,Intersection Related,Traffic Signal,Clear,"Dark, artificial",Wet,Non-Fatal Injury,Cyclist Collisions,Driver,35 to 39,None,,South,Street Car,Going Ahead,Driving Properly,Normal,,,,,,,,Yes,,,,Yes,,,,,,,,78,Kensington-Chinatown,78,Kensington-Chinatown (78),D14,629131.7201,4834731.9981
11322,80560102,,1/11/2015 10:00:00 AM,338,KINGSTON RD,WARDEN AVE,,Major Arterial,Scarborough,43.687747,-79.270908,At Intersection,Traffic Signal,Clear,"Dark, artificial",Dry,Non-Fatal Injury,Cyclist Collisions,Cyclist,25 to 29,Major,,East,Bicycle,Other,,,,,,Cyclist and Driver travelling in same direction. One vehicle sideswipes the other.,Disobeyed Traffic Control,Unknown,,Yes,Yes,,,,,,,,,,,122,Birchcliffe-Cliffside,122,Birchcliffe-Cliffside (122),D41,639354.6662,4838644.2398
11323,80560103,,1/11/2015 10:00:00 AM,338,KINGSTON RD,WARDEN AVE,,Major Arterial,Scarborough,43.687747,-79.270908,At Intersection,Traffic Signal,Clear,"Dark, artificial",Dry,Non-Fatal Injury,Cyclist Collisions,Driver,40 to 44,None,,East,"Automobile, Station Wagon",Going Ahead,Driving Properly,Normal,,,,,,,,Yes,Yes,,,,,,,,,,,122,Birchcliffe-Cliffside,122,Birchcliffe-Cliffside (122),D41,639354.6662,4838644.2398
11324,80000105,,1/11/2015 10:00:00 AM,353,477 BROADVIEW AVE,,,Minor Arterial,Toronto and East York,43.669097,-79.352985,,No Control,Clear,"Dark, artificial",Dry,Fatal,SMV Other,Driver,20 to 24,Fatal,1,South,"Automobile, Station Wagon",Going Ahead,Lost control,Unknown,,,,,,,,,Yes,,,,,,Yes,Yes,,,,68,North Riverdale,68,North Riverdale (68),D55,632780.7995,4836438.2457
11325,80556058,,1/18/2015 10:00:00 AM,1130,ALBERTUS AVE,YONGE ST,3 m  of,Major Arterial,North York,43.714556,-79.400028,Non Intersection,No Control,Clear,Daylight,Wet,Non-Fatal Injury,Pedestrian Collisions,Driver,30 to 34,None,,East,"Automobile, Station Wagon",Pulling Away from Shoulder or Curb,Driving Properly,Normal,,,,,,,Yes,,Yes,,,,,,,,,,,99,Mount Pleasant East,99,Mount Pleasant East (99),D53,628890.7808,4841412.8723
11326,80556059,,1/18/2015 10:00:00 AM,1130,ALBERTUS AVE,YONGE ST,3 m  of,Major Arterial,North York,43.714556,-79.400028,Non Intersection,No Control,Clear,Daylight,Wet,Non-Fatal Injury,Pedestrian Collisions,Pedestrian,30 to 34,Major,,Unknown,,,,,Vehicle is going straight thru inter.while ped cross without ROW,Other,Normal,,,,Yes,,Yes,,,,,,,,,,,99,Mount Pleasant East,99,Mount Pleasant East (99),D53,628890.7808,4841412.8723
11327,80228913,,1/23/2015 10:00:00 AM,352,KEELE ST,LAWRENCE AVE W,,Major Arterial,Etobicoke York,43.708651,-79.478046,At Intersection,Traffic Signal,Clear,"Dark, artificial",Dry,Non-Fatal Injury,Turning Movement,Driver,20 to 24,None,,South,"Automobile, Station Wagon",Turning Left,Disobeyed Traffic Control,Inattentive,,,,,,,,,Yes,,,,,Yes,,Yes,Yes,,,30,Brookhaven-Amesbury,30,Brookhaven-Amesbury (30),D12,622617.7807,4840638.6794
11328,80228914,,1/23/2015 10:00:00 AM,352,KEELE ST,LAWRENCE AVE W,,Major Arterial,Etobicoke York,43.708651,-79.478046,At Intersection,Traffic Signal,Clear,"Dark, artificial",Dry,Non-Fatal Injury,Turning Movement,Driver,35 to 39,Minimal,,North,"Automobile, Station Wagon",Going Ahead,Driving Properly,Normal,,,,,,,,,Yes,,,,,Yes,,Yes,Yes,,,30,Brookhaven-Amesbury,30,Brookhaven-Amesbury (30),D12,622617.7807,4840638.6794
11329,80228915,,1/23/2015 10:00:00 AM,352,KEELE ST,LAWRENCE AVE W,,Major Arterial,Etobicoke York,43.708651,-79.478046,At Intersection,Traffic Signal,Clear,"Dark, artificial",Dry,Non-Fatal Injury,Turning Movement,Passenger,55 to 59,Major,,,,,,,,,,,,,,,Yes,,,,,Yes,,Yes,Yes,,,30,Brookhaven-Amesbury,30,Brookhaven-Amesbury (30),D12,622617.7807,4840638.6794
11330,80228916,,1/23/2015 10:00:00 AM,352,KEELE ST,LAWRENCE AVE W,,Major Arterial,Etobicoke York,43.708651,-79.478046,At Intersection,Traffic Signal,Clear,"Dark, artificial",Dry,Non-Fatal Injury,Turning Movement,Passenger,65 to 69,Minimal,,,,,,,,,,,,,,,Yes,,,,,Yes,,Yes,Yes,,,30,Brookhaven-Amesbury,30,Brookhaven-Amesbury (30),D12,622617.7807,4840638.6794
11331,80228917,,1/23/2015 10:00:00 AM,352,KEELE ST,LAWRENCE AVE W,,Major Arterial,Etobicoke York,43.708651,-79.478046,At Intersection,Traffic Signal,Clear,"Dark, artificial",Dry,Non-Fatal Injury,Turning Movement,Passenger,65 to 69,Minimal,,,,,,,,,,,,,,,Yes,,,,,Yes,,Yes,Yes,,,30,Brookhaven-Amesbury,30,Brookhaven-Amesbury (30),D12,622617.7807,4840638.6794
11332,80555274,,1/23/2015 10:00:00 AM,1415,GLEBEMOUNT AVE,MORTIMER AVE,,Minor Arterial,Toronto and East York,43.691374,-79.320621,At Intersection,Traffic Signal,Clear,Daylight,Dry,Non-Fatal Injury,Angle,Driver,55 to 59,None,,North,"Automobile, Station Wagon",Going Ahead,Failed to Yield Right of Way,Inattentive,,,,,,,,,Yes,,,,,Yes,,Yes,,,,59,Danforth East York,59,Danforth East York (59),D55,635339.8856,4838964.727
11333,80555275,,1/23/2015 10:00:00 AM,1415,GLEBEMOUNT AVE,MORTIMER AVE,,Minor Arterial,Toronto and East York,43.691374,-79.320621,At Intersection,Traffic Signal,Clear,Daylight,Dry,Non-Fatal Injury,Angle,Driver,35 to 39,None,,West,"Automobile, Station Wagon",Going Ahead,Driving Properly,Normal,,,,,,,,,Yes,,,,,Yes,,Yes,,,,59,Danforth East York,59,Danforth East York (59),D55,635339.8856,4838964.727
11334,80555276,,1/23/2015 10:00:00 AM,1415,GLEBEMOUNT AVE,MORTIMER AVE,,Minor Arterial,Toronto and East York,43.691374,-79.320621,At Intersection,Traffic Signal,Clear,Daylight,Dry,Non-Fatal Injury,Angle,Passenger,85 to 89,Minor,,,,,,,,,,,,,,,Yes,,,,,Yes,,Yes,,,,59,Danforth East York,59,Danforth East York (59),D55,635339.8856,4838964.727
11335,80555277,,1/23/2015 10:00:00 AM,1415,GLEBEMOUNT AVE,MORTIMER AVE,,Minor Arterial,Toronto and East York,43.691374,-79.320621,At Intersection,Traffic Signal,Clear,Daylight,Dry,Non-Fatal Injury,Angle,Passenger,25 to 29,Major,,,,,,,,,,,,,,,Yes,,,,,Yes,,Yes,,,,59,Danforth East York,59,Danforth East York (59),D55,635339.8856,4838964.727
11336,80229108,,1/25/2015 10:00:00 AM,756,COLLEGE ST,BROCK AVE,2 m West of,Minor Arterial,Toronto and East York,43.651801,-79.436343,At Intersection,Traffic Signal,Clear,Daylight,Dry,Fatal,Pedestrian Collisions,Driver,40 to 44,None,,North,Pick Up Truck,Turning Left,Failed to Yield Right of Way,Inattentive,,,,,,,Yes,,Yes,,,,,,,Yes,,,,84,Little Portugal,84,Little Portugal (84),D11,626096.691,4834387.2489
11337,80229109,,1/25/2015 10:00:00 AM,756,COLLEGE ST,BROCK AVE,2 m West of,Minor Arterial,Toronto and East York,43.651801,-79.436343,At Intersection,Traffic Signal,Clear,Daylight,Dry,Fatal,Pedestrian Collisions,Pedestrian,55 to 59,Fatal,2,South,,,,,Vehicle turns left while ped crosses with ROW at inter.,Crossing with right of way,Medical or Physical Disability,,,,Yes,,Yes,,,,,,,Yes,,,,84,Little Portugal,84,Little Portugal (84),D11,626096.691,4834387.2489
11338,80556249,,1/26/2015 10:00:00 AM,400,SOUTH STATION ST,LAWRENCE AVE W,,Local,Etobicoke York,43.700907,-79.515689,Non Intersection,No Control,Clear,Dark,Dry,Non-Fatal Injury,Pedestrian Collisions,Driver,unknown,None,,Unknown,"Automobile, Station Wagon",Going Ahead,Other,Unknown,,,,,,,Yes,,Yes,,,,,,,,,,,113,Weston,113,Weston (113),D12,619600.4078,4839723.6112
11339,80556250,,1/26/2015 10:00:00 AM,400,SOUTH STATION ST,LAWRENCE AVE W,,Local,Etobicoke York,43.700907,-79.515689,Non Intersection,No Control,Clear,Dark,Dry,Non-Fatal Injury,Pedestrian Collisions,Pedestrian,50 to 54,Major,,South,,,,,Pedestrian hit on sidewalk or shoulder,On Sidewalk or Shoulder,Normal,,,,Yes,,Yes,,,,,,,,,,,113,Weston,113,Weston (113),D12,619600.4078,4839723.6112
11340,8000333,,1/28/2015 10:00:00 AM,617,1792 BIRCHMOUNT RD,,,Major Arterial,Scarborough,43.765433,-79.291316,,No Control,Clear,Dark,Dry,Fatal,Pedestrian Collisions,Pedestrian,55 to 59,Fatal,3,West,,,,,Pedestrian hit at mid-block,"Crossing, no Traffic Control",Inattentive,,,,Yes,,Yes,,,,,,,,,,,126,Dorset Park,126,Dorset Park (126),D41,637531.9709,4847238.3199
11341,8000334,,1/28/2015 10:00:00 AM,617,1792 BIRCHMOUNT RD,,,Major Arterial,Scarborough,43.765433,-79.291316,,No Control,Clear,Dark,Dry,Fatal,Pedestrian Collisions,Driver,55 to 59,None,,North,"Automobile, Station Wagon",Going Ahead,Driving Properly,Normal,,,,,,,Yes,,Yes,,,,,,,,,,,126,Dorset Park,126,Dorset Park (126),D41,637531.9709,4847238.3199
11342,80229387,,1/28/2015 10:00:00 AM,1450,MIDLAND AVE,SILVER STAR BLVD,,Major Arterial,Scarborough,43.80704,-79.288791,At Intersection,Traffic Signal,Clear,Daylight,Dry,Non-Fatal Injury,Pedestrian Collisions,Driver,35 to 39,None,,West,"Automobile, Station Wagon",Turning Left,Failed to Yield Right of Way,Unknown,,,,,,,Yes,,Yes,,,,,,,Yes,,,,129,Agincourt North,129,Agincourt North (129),D42,637639.6796,4851863.6308
11343,80229388,,1/28/2015 10:00:00 AM,1450,MIDLAND AVE,SILVER STAR BLVD,,Major Arterial,Scarborough,43.80704,-79.288791,At Intersection,Traffic Signal,Clear,Daylight,Dry,Non-Fatal Injury,Pedestrian Collisions,Pedestrian,40 to 44,Major,,East,,,,,Vehicle turns left while ped crosses with ROW at inter.,Crossing with right of way,Unknown,,,,Yes,,Yes,,,,,,,Yes,,,,129,Agincourt North,129,Agincourt North (129),D42,637639.6796,4851863.6308
11344,80229619,,1/30/2015 10:00:00 AM,1920,DON VALLEY PARKWAY  S,LAWRENCE AVE E,20 m North o,,North York,43.740245,-79.332248,Non Intersection,No Control,Clear,"Dark, artificial",Dry,Non-Fatal Injury,Rear End,Driver,30 to 34,Minimal,,South,"Automobile, Station Wagon",Going Ahead,Following too Close,Normal,,,,,,,,,Yes,,,,,Yes,,Yes,,,,42,Banbury-Don Mills,42,Banbury-Don Mills (42),D33,634293.6477,4844373.6445
11345,80229620,,1/30/2015 10:00:00 AM,1920,DON VALLEY PARKWAY  S,LAWRENCE AVE E,20 m North o,,North York,43.740245,-79.332248,Non Intersection,No Control,Clear,"Dark, artificial",Dry,Non-Fatal Injury,Rear End,Driver,unknown,None,,South,"Automobile, Station Wagon",Going Ahead,Driving Properly,Normal,,,,,,,,,Yes,,,,,Yes,,Yes,,,,42,Banbury-Don Mills,42,Banbury-Don Mills (42),D33,634293.6477,4844373.6445
11346,80229621,,1/30/2015 10:00:00 AM,1920,DON VALLEY PARKWAY  S,LAWRENCE AVE E,20 m North o,,North York,43.740245,-79.332248,Non Intersection,No Control,Clear,"Dark, artificial",Dry,Non-Fatal Injury,Rear End,Driver,65 to 69,Minimal,,South,"Automobile, Station Wagon",Slowing or Stopping,Driving Properly,Normal,,,,,,,,,Yes,,,,,Yes,,Yes,,,,42,Banbury-Don Mills,42,Banbury-Don Mills (42),D33,634293.6477,4844373.6445
11347,80229622,,1/30/2015 10:00:00 AM,1920,DON VALLEY PARKWAY  S,LAWRENCE AVE E,20 m North o,,North York,43.740245,-79.332248,Non Intersection,No Control,Clear,"Dark, artificial",Dry,Non-Fatal Injury,Rear End,Driver,30 to 34,Minimal,,South,"Automobile, Station Wagon",Slowing or Stopping,Driving Properly,Normal,,,,,,,,,Yes,,,,,Yes,,Yes,,,,42,Banbury-Don Mills,42,Banbury-Don Mills (42),D33,634293.6477,4844373.6445
11348,80229623,,1/30/2015 10:00:00 AM,1920,DON VALLEY PARKWAY  S,LAWRENCE AVE E,20 m North o,,North York,43.740245,-79.332248,Non Intersection,No Control,Clear,"Dark, artificial",Dry,Non-Fatal Injury,Rear End,Passenger,30 to 34,Major,,,,,,,,,,,,,,,Yes,,,,,Yes,,Yes,,,,42,Banbury-Don Mills,42,Banbury-Don Mills (42),D33,634293.6477,4844373.6445
11349,80229624,,1/30/2015 10:00:00 AM,1920,DON VALLEY PARKWAY  S,LAWRENCE AVE E,20 m North o,,North York,43.740245,-79.332248,Non Intersection,No Control,Clear,"Dark, artificial",Dry,Non-Fatal Injury,Rear End,Passenger,5 to 9,None,,,,,,,,,,,,,,,Yes,,,,,Yes,,Yes,,,,42,Banbury-Don Mills,42,Banbury-Don Mills (42),D33,634293.6477,4844373.6445
11350,80229625,,1/30/2015 10:00:00 AM,1920,DON VALLEY PARKWAY  S,LAWRENCE AVE E,20 m North o,,North York,43.740245,-79.332248,Non Intersection,No Control,Clear,"Dark, artificial",Dry,Non-Fatal Injury,Rear End,Passenger,65 to 69,Minimal,,,,,,,,,,,,,,,Yes,,,,,Yes,,Yes,,,,42,Banbury-Don Mills,42,Banbury-Don Mills (42),D33,634293.6477,4844373.6445