OBJECTID,INDEX,ACCNUM,DATE,TIME,STREET1,STREET2,OFFSET,ROAD_CLASS,DISTRICT,LATITUDE,LONGITUDE,ACCLOC,TRAFFCTL,VISIBILITY,LIGHT,RDSFCOND,ACCLASS,IMPACTYPE,INVTYPE,INVAGE,INJURY,FATAL_NO,INITDIR,VEHTYPE,MANOEUVER,DRIVACT,DRIVCOND,PEDTYPE,PEDACT,PEDCOND,CYCLISTYPE,CYCACT,CYCCOND,PEDESTRIAN,CYCLIST,AUTOMOBILE,MOTORCYCLE,TRUCK,TRSN_CITY_VEH,EMERG_VEH,PASSENGER,SPEEDING,AG_DRIV,REDLIGHT,ALCOHOL,DISABILITY,HOOD_158,NEIGHBOURHOOD_158,HOOD_140,NEIGHBOURHOOD_140,DIVISION,x,y
11410,80707660,,3/12/2015 8:00:00 AM,1930,FALMOUTH AVE,EGLINTON AVE E,,Major Arterial,Scarborough,43.735575,-79.253146,At Intersection,Traffic Signal,Clear,"Dark, artificial",Dry,Non-Fatal Injury,Pedestrian Collisions,Pedestrian,60 to 64,Major,,South,,,,,Vehicle turns left while ped crosses with ROW at inter.,Crossing with right of way,Normal,,,,Yes,,Yes,,,,,,,Yes,,,,124,Kennedy Park,124,Kennedy Park (124),D41,640674.2472,4843986.2381
11411,80509563,,3/15/2015 8:00:00 AM,1445,BLOOR ST W,PARKSIDE DR,,Major Arterial,Toronto and East York,43.654696,-79.460033,At Intersection,Traffic Signal,Clear,Daylight,Dry,Non-Fatal Injury,Turning Movement,Driver,50 to 54,None,,North,"Automobile, Station Wagon",Turning Left,Failed to Yield Right of Way,Inattentive,,,,,,,,,Yes,,,,,,,Yes,,,,87,High Park-Swansea,87,High Park-Swansea (87),D11,624180.2932,4834673.0509
11412,80509564,,3/15/2015 8:00:00 AM,1445,BLOOR ST W,PARKSIDE DR,,Major Arterial,Toronto and East York,43.654696,-79.460033,At Intersection,Traffic Signal,Clear,Daylight,Dry,Non-Fatal Injury,Turning Movement,Driver,50 to 54,Major,,South,"Automobile, Station Wagon",Going Ahead,Driving Properly,Normal,,,,,,,,,Yes,,,,,,,Yes,,,,87,High Park-Swansea,87,High Park-Swansea (87),D11,624180.2932,4834673.0509
11413,80509565,,3/15/2015 8:00:00 AM,1445,BLOOR ST W,PARKSIDE DR,,Major Arterial,Toronto and East York,43.654696,-79.460033,At Intersection,Traffic Signal,Clear,Daylight,Dry,Non-Fatal Injury,Turning Movement,Driver,45 to 49,None,,Unknown,"Automobile, Station Wagon",Turning Right,Driving Properly,Normal,,,,,,,,,Yes,,,,,,,Yes,,,,87,High Park-Swansea,87,High Park-Swansea (87),D11,624180.2932,4834673.0509
11414,80233895,,3/17/2015 8:00:00 AM,1737,BATHURST ST,CARPENTER RD,185 m South ,Major Arterial,North York,43.789496,-79.446224,Non Intersection,No Control,Clear,Daylight,Dry,Non-Fatal Injury,Approaching,Driver,35 to 39,Major,,South,"Automobile, Station Wagon",Going Ahead,Lost control,Inattentive,,,,,,,,,Yes,,,,,Yes,,,,,,36,Newtonbrook West,36,Newtonbrook West (36),D32,625013.1551,4849665.2692
11415,80233896,,3/17/2015 8:00:00 AM,1737,BATHURST ST,CARPENTER RD,185 m South ,Major Arterial,North York,43.789496,-79.446224,Non Intersection,No Control,Clear,Daylight,Dry,Non-Fatal Injury,Approaching,Driver,45 to 49,None,,North,"Automobile, Station Wagon",Going Ahead,Driving Properly,Normal,,,,,,,,,Yes,,,,,Yes,,,,,,36,Newtonbrook West,36,Newtonbrook West (36),D32,625013.1551,4849665.2692
11416,80233897,,3/17/2015 8:00:00 AM,1737,BATHURST ST,CARPENTER RD,185 m South ,Major Arterial,North York,43.789496,-79.446224,Non Intersection,No Control,Clear,Daylight,Dry,Non-Fatal Injury,Approaching,Passenger,0 to 4,Minimal,,,,,,,,,,,,,,,Yes,,,,,Yes,,,,,,36,Newtonbrook West,36,Newtonbrook West (36),D32,625013.1551,4849665.2692
11417,80233898,,3/17/2015 8:00:00 AM,1737,BATHURST ST,CARPENTER RD,185 m South ,Major Arterial,North York,43.789496,-79.446224,Non Intersection,No Control,Clear,Daylight,Dry,Non-Fatal Injury,Approaching,Passenger,15 to 19,None,,,,,,,,,,,,,,,Yes,,,,,Yes,,,,,,36,Newtonbrook West,36,Newtonbrook West (36),D32,625013.1551,4849665.2692
11418,80509706,,3/18/2015 8:00:00 AM,1050,LAWRENCE AVE W,KEELE ST,98 m West of,Major Arterial,Etobicoke York,43.708281,-79.479152,Non Intersection,No Control,Clear,Daylight,Dry,Non-Fatal Injury,Pedestrian Collisions,Driver,65 to 69,None,,West,"Automobile, Station Wagon",Going Ahead,Driving Properly,Normal,,,,,,,Yes,,Yes,,,,,,,,,,,30,Brookhaven-Amesbury,30,Brookhaven-Amesbury (30),D12,622529.4278,4840595.9504
11419,80509707,,3/18/2015 8:00:00 AM,1050,LAWRENCE AVE W,KEELE ST,98 m West of,Major Arterial,Etobicoke York,43.708281,-79.479152,Non Intersection,No Control,Clear,Daylight,Dry,Non-Fatal Injury,Pedestrian Collisions,Pedestrian,75 to 79,Major,,North,,,,,Pedestrian hit at mid-block,"Crossing, no Traffic Control",Inattentive,,,,Yes,,Yes,,,,,,,,,,,30,Brookhaven-Amesbury,30,Brookhaven-Amesbury (30),D12,622529.4278,4840595.9504
11420,80234705,,3/19/2015 8:00:00 AM,1645,6212 YONGE ST,,,Major Arterial,North York,43.794638,-79.4192,At/Near Private Drive,No Control,Clear,Daylight,Dry,Fatal,Pedestrian Collisions,Driver,unknown,None,,East,"Automobile, Station Wagon",Going Ahead,Failed to Yield Right of Way,Unknown,,,,,,,Yes,,Yes,,,,,,,Yes,,,,50,Newtonbrook East,50,Newtonbrook East (50),D32,627176.554,4850277.5371
11421,80234706,,3/19/2015 8:00:00 AM,1645,6212 YONGE ST,,,Major Arterial,North York,43.794638,-79.4192,At/Near Private Drive,No Control,Clear,Daylight,Dry,Fatal,Pedestrian Collisions,Pedestrian,75 to 79,Minor,,North,,,,,Pedestrian hit at private driveway,On Sidewalk or Shoulder,Unknown,,,,Yes,,Yes,,,,,,,Yes,,,,50,Newtonbrook East,50,Newtonbrook East (50),D32,627176.554,4850277.5371
11422,80234707,,3/19/2015 8:00:00 AM,1645,6212 YONGE ST,,,Major Arterial,North York,43.794638,-79.4192,At/Near Private Drive,No Control,Clear,Daylight,Dry,Fatal,Pedestrian Collisions,Pedestrian,80 to 84,Fatal,16,North,,,,,Pedestrian hit at private driveway,On Sidewalk or Shoulder,Normal,,,,Yes,,Yes,,,,,,,Yes,,,,50,Newtonbrook East,50,Newtonbrook East (50),D32,627176.554,4850277.5371
11423,80000088,,3/20/2015 8:00:00 AM,58,262 TORRENS AVE,,,Local,Toronto and East York,43.692526,-79.343501,,No Control,Clear,Dark,Dry,Fatal,Pedestrian Collisions,Pedestrian,85 to 89,Fatal,11,North,,,,,Pedestrian hit on sidewalk or shoulder,On Sidewalk or Shoulder,Unknown,,,,Yes,,Yes,,,,,,,,,,,58,Old East York,58,Old East York (58),D55,633493.4274,4839055.5829
11424,80000089,,3/20/2015 8:00:00 AM,58,262 TORRENS AVE,,,Local,Toronto and East York,43.692526,-79.343501,,No Control,Clear,Dark,Dry,Fatal,Pedestrian Collisions,Driver,25 to 29,None,,South,"Automobile, Station Wagon",Reversing,Other,Inattentive,,,,,,,Yes,,Yes,,,,,,,,,,,58,Old East York,58,Old East York (58),D55,633493.4274,4839055.5829
11425,80496486,,3/20/2015 8:00:00 AM,2010,ST CLAIR AVE W,ARLINGTON AVE,,Major Arterial,Toronto and East York,43.681033,-79.428859,At Intersection,Traffic Signal,Clear,"Dark, artificial",Dry,Fatal,Pedestrian Collisions,Driver,25 to 29,None,,East,Street Car,Going Ahead,Failed to Yield Right of Way,Normal,,,,,,,Yes,,,,,Yes,,,,Yes,,,,94,Wychwood,94,Wychwood (94),D13,626638.7381,4837645.2503
11426,80496487,,3/20/2015 8:00:00 AM,2010,ST CLAIR AVE W,ARLINGTON AVE,,Major Arterial,Toronto and East York,43.681033,-79.428859,At Intersection,Traffic Signal,Clear,"Dark, artificial",Dry,Fatal,Pedestrian Collisions,Pedestrian,80 to 84,Fatal,14,South,,,,,Pedestrian involved in a collision with transit vehicle anywhere along roadway,Crossing with right of way,Medical or Physical Disability,,,,Yes,,,,,Yes,,,,Yes,,,,94,Wychwood,94,Wychwood (94),D13,626638.7381,4837645.2503
11427,80559522,,3/20/2015 8:00:00 AM,2020,KING ST W,TYNDALL AVE,,Major Arterial,Toronto and East York,43.638571,-79.429126,At Intersection,Stop Sign,Clear,"Dark, artificial",Dry,Non-Fatal Injury,Cyclist Collisions,Driver,55 to 59,None,,North,"Automobile, Station Wagon",Turning Left,Failed to Yield Right of Way,Inattentive,,,,,,,,Yes,Yes,,,,,,,Yes,,,,85,South Parkdale,85,South Parkdale (85),D14,626706.5028,4832928.8787
11428,80559523,,3/20/2015 8:00:00 AM,2020,KING ST W,TYNDALL AVE,,Major Arterial,Toronto and East York,43.638571,-79.429126,At Intersection,Stop Sign,Clear,"Dark, artificial",Dry,Non-Fatal Injury,Cyclist Collisions,Cyclist,45 to 49,Major,,West,Bicycle,Going Ahead,,,,,,Motorist turned left across cyclists path.,Driving Properly,Normal,,Yes,Yes,,,,,,,Yes,,,,85,South Parkdale,85,South Parkdale (85),D14,626706.5028,4832928.8787
11429,80234285,,3/23/2015 8:00:00 AM,1100,HOMEWOOD AVENUE,MAITLAND PLACE,,Collector,Toronto and East York,43.665728,-79.375522,At Intersection,Stop Sign,Clear,Daylight,Dry,Non-Fatal Injury,Cyclist Collisions,Cyclist,15 to 19,Major,,East,Bicycle,Turning Left,,,,,,Cyclist turned left across motorists path.,Disobeyed Traffic Control,Inattentive,,Yes,Yes,,,,,,,,,,,71,Cabbagetown-South St.James Town,71,Cabbagetown-South St.James Town (71),D51,630971.1954,4836028.2461
11430,80234286,,3/23/2015 8:00:00 AM,1100,HOMEWOOD AVENUE,MAITLAND PLACE,,Collector,Toronto and East York,43.665728,-79.375522,At Intersection,Stop Sign,Clear,Daylight,Dry,Non-Fatal Injury,Cyclist Collisions,Driver,60 to 64,None,,South,"Automobile, Station Wagon",Going Ahead,Driving Properly,Normal,,,,,,,,Yes,Yes,,,,,,,,,,,71,Cabbagetown-South St.James Town,71,Cabbagetown-South St.James Town (71),D51,630971.1954,4836028.2461
11431,80510218,,3/27/2015 8:00:00 AM,1950,EGLINTON AVE E,PHARMACY AVE,,Major Arterial,Scarborough,43.725642,-79.297504,Non Intersection,No Control,Clear,"Dark, artificial",Dry,Non-Fatal Injury,Other,Driver,55 to 59,None,,East,Municipal Transit Bus (TTC),Slowing or Stopping,Driving Properly,Normal,,,,,,,,,,,,Yes,,Yes,,,,,,120,Clairlea-Birchmount,120,Clairlea-Birchmount (120),D41,637124.7212,4842808.6721
11432,80510219,,3/27/2015 8:00:00 AM,1950,EGLINTON AVE E,PHARMACY AVE,,Major Arterial,Scarborough,43.725642,-79.297504,Non Intersection,No Control,Clear,"Dark, artificial",Dry,Non-Fatal Injury,Other,Passenger,50 to 54,Major,,,,,,,,,,,,,,,,,,Yes,,Yes,,,,,,120,Clairlea-Birchmount,120,Clairlea-Birchmount (120),D41,637124.7212,4842808.6721
11433,80496509,,3/27/2015 8:00:00 AM,2053,EGLINTON AVE E,VICTORIA PARK AVE,3 m West of,Major Arterial,North York,43.724711,-79.302638,Non Intersection,No Control,Clear,"Dark, artificial",Dry,Fatal,Pedestrian Collisions,Driver,60 to 64,None,,West,"Automobile, Station Wagon",Going Ahead,Driving Properly,Normal,,,,,,,Yes,,Yes,,,,,Yes,,,,,,120,Clairlea-Birchmount,120,Clairlea-Birchmount (120),D41,636713.3249,4842696.7882
11434,80496510,,3/27/2015 8:00:00 AM,2053,EGLINTON AVE E,VICTORIA PARK AVE,3 m West of,Major Arterial,North York,43.724711,-79.302638,Non Intersection,No Control,Clear,"Dark, artificial",Dry,Fatal,Pedestrian Collisions,Passenger,45 to 49,None,,,,,,,,,,,,,Yes,,Yes,,,,,Yes,,,,,,120,Clairlea-Birchmount,120,Clairlea-Birchmount (120),D41,636713.3249,4842696.7882
11435,80496511,,3/27/2015 8:00:00 AM,2053,EGLINTON AVE E,VICTORIA PARK AVE,3 m West of,Major Arterial,North York,43.724711,-79.302638,Non Intersection,No Control,Clear,"Dark, artificial",Dry,Fatal,Pedestrian Collisions,Pedestrian,55 to 59,Fatal,12,Unknown,,,,,Vehicle is going straight thru inter.while ped cross without ROW,"Crossing, no Traffic Control",Other,,,,Yes,,Yes,,,,,Yes,,,,,,120,Clairlea-Birchmount,120,Clairlea-Birchmount (120),D41,636713.3249,4842696.7882
11436,80510236,,3/28/2015 8:00:00 AM,1238,JANE ST,MAPLE LEAF DR,50 m South o,Major Arterial,Etobicoke York,43.708796,-79.505435,Non Intersection,No Control,Clear,Daylight,Dry,Non-Fatal Injury,Sideswipe,Motorcycle Driver,20 to 24,Major,,North,Motorcycle,Going Ahead,Lost control,Normal,,,,,,,,,,Yes,Yes,,,,,,,,,28,Rustic,28,Rustic (28),D12,620410.8494,4840614.6362
11437,80510237,,3/28/2015 8:00:00 AM,1238,JANE ST,MAPLE LEAF DR,50 m South o,Major Arterial,Etobicoke York,43.708796,-79.505435,Non Intersection,No Control,Clear,Daylight,Dry,Non-Fatal Injury,Sideswipe,Truck Driver,35 to 39,None,,North,Truck-Tractor,Going Ahead,Driving Properly,Normal,,,,,,,,,,Yes,Yes,,,,,,,,,28,Rustic,28,Rustic (28),D12,620410.8494,4840614.6362
11438,80496513,,3/28/2015 8:00:00 AM,1240,REINER RD,WILSON HEIGHTS BLVD,,Minor Arterial,North York,43.74869,-79.454883,At Intersection,Traffic Signal,Clear,Daylight,Dry,Fatal,Pedestrian Collisions,Driver,30 to 34,None,,West,"Automobile, Station Wagon",Turning Left,Failed to Yield Right of Way,Inattentive,,,,,,,Yes,,Yes,,,,,,,Yes,,,,33,Clanton Park,33,Clanton Park (33),D32,624401.0328,4845120.1068
11439,80496514,,3/28/2015 8:00:00 AM,1240,REINER RD,WILSON HEIGHTS BLVD,,Minor Arterial,North York,43.74869,-79.454883,At Intersection,Traffic Signal,Clear,Daylight,Dry,Fatal,Pedestrian Collisions,Pedestrian,75 to 79,Fatal,13,West,,,,,Vehicle turns left while ped crosses with ROW at inter.,Crossing with right of way,Other,,,,Yes,,Yes,,,,,,,Yes,,,,33,Clanton Park,33,Clanton Park (33),D32,624401.0328,4845120.1068
11440,80510339,,3/30/2015 8:00:00 AM,815,WARDEN AVE,MCNICOLL AVE,,Major Arterial,Scarborough,43.805693,-79.320712,Non Intersection,No Control,Clear,Daylight,Wet,Non-Fatal Injury,SMV Other,Driver,35 to 39,Major,,South,"Automobile, Station Wagon",Going Ahead,Lost control,Unknown,,,,,,,,,Yes,,,,,,,,,,,116,Steeles,116,Steeles (116),D42,635075.1501,4851661.4218
11441,80234804,,3/30/2015 8:00:00 AM,1235,70 BEAUMONDE HEIGHTS DR,,2 m North of,Local,Etobicoke York,43.743289,-79.569011,Non Intersection,No Control,Clear,Daylight,Dry,Non-Fatal Injury,SMV Other,Driver,65 to 69,Major,,North,Delivery Van,Going Ahead,Lost control,Normal,,,,,,,,,Yes,,,,,,,,,,,3,Thistletown-Beaumond Heights,3,Thistletown-Beaumond Heights (3),D23,615222.6108,4844355.1881
11442,80496544,,4/1/2015 8:00:00 AM,1615,ISLINGTON AVE,AYLESBURY RD,6 m South of,Major Arterial,Etobicoke York,43.666384,-79.532947,Intersection Related,No Control,Clear,Daylight,Dry,Non-Fatal Injury,Rear End,Driver,15 to 19,Minor,,North,"Automobile, Station Wagon",Going Ahead,Lost control,Normal,,,,,,,,,Yes,,,,,Yes,,,,,,9,Edenbridge-Humber Valley,9,Edenbridge-Humber Valley (9),D22,618277.632,4835864.6214
11443,80496545,,4/1/2015 8:00:00 AM,1615,ISLINGTON AVE,AYLESBURY RD,6 m South of,Major Arterial,Etobicoke York,43.666384,-79.532947,Intersection Related,No Control,Clear,Daylight,Dry,Non-Fatal Injury,Rear End,Driver,35 to 39,Minimal,,North,"Automobile, Station Wagon",Stopped,Driving Properly,Normal,,,,,,,,,Yes,,,,,Yes,,,,,,9,Edenbridge-Humber Valley,9,Edenbridge-Humber Valley (9),D22,618277.632,4835864.6214
11444,80496546,,4/1/2015 8:00:00 AM,1615,ISLINGTON AVE,AYLESBURY RD,6 m South of,Major Arterial,Etobicoke York,43.666384,-79.532947,Intersection Related,No Control,Clear,Daylight,Dry,Non-Fatal Injury,Rear End,Passenger,45 to 49,Major,,,,,,,,,,,,,,,Yes,,,,,Yes,,,,,,9,Edenbridge-Humber Valley,9,Edenbridge-Humber Valley (9),D22,618277.632,4835864.6214
11445,80000100,,4/1/2015 8:00:00 AM,2308,F G GARDINER XY  W,STRACHAN AVE,,,Toronto and East York,43.637427,-79.41212,,No Control,Clear,"Dark, artificial",Dry,Fatal,SMV Other,Motorcycle Driver,unknown,Fatal,15,West,Motorcycle,Going Ahead,Exceeding Speed Limit,Unknown,,,,,,,,,,Yes,,,,,Yes,Yes,,,,163,Fort York-Liberty Village,82,Niagara (82),D14,628080.6491,4832827.9236
11446,80559932,,4/2/2015 8:00:00 AM,1951,DON MILLS RD,LEITH HILL RD,,Major Arterial,North York,43.777117,-79.347888,At Intersection,Traffic Signal,Rain,"Dark, artificial",Wet,Non-Fatal Injury,Pedestrian Collisions,Driver,20 to 24,None,,North,"Automobile, Station Wagon",Going Ahead,Disobeyed Traffic Control,Normal,,,,,,,Yes,,Yes,,,,,Yes,,Yes,Yes,,,47,Don Valley Village,47,Don Valley Village (47),D33,632952.5509,4848443.605
11447,80559933,,4/2/2015 8:00:00 AM,1951,DON MILLS RD,LEITH HILL RD,,Major Arterial,North York,43.777117,-79.347888,At Intersection,Traffic Signal,Rain,"Dark, artificial",Wet,Non-Fatal Injury,Pedestrian Collisions,Passenger,20 to 24,None,,,,,,,,,,,,,Yes,,Yes,,,,,Yes,,Yes,Yes,,,47,Don Valley Village,47,Don Valley Village (47),D33,632952.5509,4848443.605
11448,80559934,,4/2/2015 8:00:00 AM,1951,DON MILLS RD,LEITH HILL RD,,Major Arterial,North York,43.777117,-79.347888,At Intersection,Traffic Signal,Rain,"Dark, artificial",Wet,Non-Fatal Injury,Pedestrian Collisions,Pedestrian,50 to 54,Major,,West,,,,,Vehicle is going straight thru inter.while ped cross with ROW,Crossing with right of way,Unknown,,,,Yes,,Yes,,,,,Yes,,Yes,Yes,,,47,Don Valley Village,47,Don Valley Village (47),D33,632952.5509,4848443.605
11449,80767759,,4/3/2015 8:00:00 AM,950,VICTORIA PARK AVE,COMBERMERE DR,12 m South o,Major Arterial,North York,43.755992,-79.314578,Intersection Related,No Control,Clear,Daylight,Dry,Non-Fatal Injury,Rear End,Driver,65 to 69,None,,South,"Automobile, Station Wagon",Going Ahead,Following too Close,Inattentive,,,,,,,,,Yes,,,,,Yes,,Yes,,,,119,Wexford/Maryvale,119,Wexford/Maryvale (119),D41,635680.9324,4846151.3806
11450,80767760,,4/3/2015 8:00:00 AM,950,VICTORIA PARK AVE,COMBERMERE DR,12 m South o,Major Arterial,North York,43.755992,-79.314578,Intersection Related,No Control,Clear,Daylight,Dry,Non-Fatal Injury,Rear End,Driver,50 to 54,Minimal,,South,"Automobile, Station Wagon",Slowing or Stopping,Driving Properly,Normal,,,,,,,,,Yes,,,,,Yes,,Yes,,,,119,Wexford/Maryvale,119,Wexford/Maryvale (119),D41,635680.9324,4846151.3806
11451,80767761,,4/3/2015 8:00:00 AM,950,VICTORIA PARK AVE,COMBERMERE DR,12 m South o,Major Arterial,North York,43.755992,-79.314578,Intersection Related,No Control,Clear,Daylight,Dry,Non-Fatal Injury,Rear End,Driver,45 to 49,None,,South,"Automobile, Station Wagon",Stopped,Driving Properly,Normal,,,,,,,,,Yes,,,,,Yes,,Yes,,,,119,Wexford/Maryvale,119,Wexford/Maryvale (119),D41,635680.9324,4846151.3806
11452,80767762,,4/3/2015 8:00:00 AM,950,VICTORIA PARK AVE,COMBERMERE DR,12 m South o,Major Arterial,North York,43.755992,-79.314578,Intersection Related,No Control,Clear,Daylight,Dry,Non-Fatal Injury,Rear End,Driver,35 to 39,None,,South,"Automobile, Station Wagon",Stopped,Driving Properly,Normal,,,,,,,,,Yes,,,,,Yes,,Yes,,,,119,Wexford/Maryvale,119,Wexford/Maryvale (119),D41,635680.9324,4846151.3806
11453,80767763,,4/3/2015 8:00:00 AM,950,VICTORIA PARK AVE,COMBERMERE DR,12 m South o,Major Arterial,North York,43.755992,-79.314578,Intersection Related,No Control,Clear,Daylight,Dry,Non-Fatal Injury,Rear End,Passenger,65 to 69,Major,,,,,,,,,,,,,,,Yes,,,,,Yes,,Yes,,,,119,Wexford/Maryvale,119,Wexford/Maryvale (119),D41,635680.9324,4846151.3806
11454,80767764,,4/3/2015 8:00:00 AM,950,VICTORIA PARK AVE,COMBERMERE DR,12 m South o,Major Arterial,North York,43.755992,-79.314578,Intersection Related,No Control,Clear,Daylight,Dry,Non-Fatal Injury,Rear End,Passenger,40 to 44,None,,,,,,,,,,,,,,,Yes,,,,,Yes,,Yes,,,,119,Wexford/Maryvale,119,Wexford/Maryvale (119),D41,635680.9324,4846151.3806
11455,80767765,,4/3/2015 8:00:00 AM,950,VICTORIA PARK AVE,COMBERMERE DR,12 m South o,Major Arterial,North York,43.755992,-79.314578,Intersection Related,No Control,Clear,Daylight,Dry,Non-Fatal Injury,Rear End,Passenger,65 to 69,None,,,,,,,,,,,,,,,Yes,,,,,Yes,,Yes,,,,119,Wexford/Maryvale,119,Wexford/Maryvale (119),D41,635680.9324,4846151.3806
11456,80767766,,4/3/2015 8:00:00 AM,950,VICTORIA PARK AVE,COMBERMERE DR,12 m South o,Major Arterial,North York,43.755992,-79.314578,Intersection Related,No Control,Clear,Daylight,Dry,Non-Fatal Injury,Rear End,Passenger,70 to 74,None,,,,,,,,,,,,,,,Yes,,,,,Yes,,Yes,,,,119,Wexford/Maryvale,119,Wexford/Maryvale (119),D41,635680.9324,4846151.3806
11457,80767767,,4/3/2015 8:00:00 AM,950,VICTORIA PARK AVE,COMBERMERE DR,12 m South o,Major Arterial,North York,43.755992,-79.314578,Intersection Related,No Control,Clear,Daylight,Dry,Non-Fatal Injury,Rear End,Passenger,10 to 14,None,,,,,,,,,,,,,,,Yes,,,,,Yes,,Yes,,,,119,Wexford/Maryvale,119,Wexford/Maryvale (119),D41,635680.9324,4846151.3806
11458,80767768,,4/3/2015 8:00:00 AM,950,VICTORIA PARK AVE,COMBERMERE DR,12 m South o,Major Arterial,North York,43.755992,-79.314578,Intersection Related,No Control,Clear,Daylight,Dry,Non-Fatal Injury,Rear End,Passenger,15 to 19,None,,,,,,,,,,,,,,,Yes,,,,,Yes,,Yes,,,,119,Wexford/Maryvale,119,Wexford/Maryvale (119),D41,635680.9324,4846151.3806
11459,80767769,,4/3/2015 8:00:00 AM,950,VICTORIA PARK AVE,COMBERMERE DR,12 m South o,Major Arterial,North York,43.755992,-79.314578,Intersection Related,No Control,Clear,Daylight,Dry,Non-Fatal Injury,Rear End,Passenger,35 to 39,None,,,,,,,,,,,,,,,Yes,,,,,Yes,,Yes,,,,119,Wexford/Maryvale,119,Wexford/Maryvale (119),D41,635680.9324,4846151.3806
11460,80767770,,4/3/2015 8:00:00 AM,950,VICTORIA PARK AVE,COMBERMERE DR,12 m South o,Major Arterial,North York,43.755992,-79.314578,Intersection Related,No Control,Clear,Daylight,Dry,Non-Fatal Injury,Rear End,Passenger,5 to 9,None,,,,,,,,,,,,,,,Yes,,,,,Yes,,Yes,,,,119,Wexford/Maryvale,119,Wexford/Maryvale (119),D41,635680.9324,4846151.3806
11461,80767771,,4/3/2015 8:00:00 AM,950,VICTORIA PARK AVE,COMBERMERE DR,12 m South o,Major Arterial,North York,43.755992,-79.314578,Intersection Related,No Control,Clear,Daylight,Dry,Non-Fatal Injury,Rear End,Passenger,10 to 14,None,,,,,,,,,,,,,,,Yes,,,,,Yes,,Yes,,,,119,Wexford/Maryvale,119,Wexford/Maryvale (119),D41,635680.9324,4846151.3806
11462,80235182,,4/3/2015 8:00:00 AM,1626,3231 EGLINTON AVE E,,7 m West of,Major Arterial,Scarborough,43.744261,-79.214069,At/Near Private Drive,No Control,Clear,Daylight,Dry,Non-Fatal Injury,Sideswipe,Driver,unknown,None,,East,,Changing Lanes,Improper Lane Change,Unknown,,,,,,,,,,Yes,,,,,,,,,,139,Scarborough Village,139,Scarborough Village (139),D43,643800.3624,4845018.0425
11463,80235183,,4/3/2015 8:00:00 AM,1626,3231 EGLINTON AVE E,,7 m West of,Major Arterial,Scarborough,43.744261,-79.214069,At/Near Private Drive,No Control,Clear,Daylight,Dry,Non-Fatal Injury,Sideswipe,Motorcycle Driver,60 to 64,Major,,East,Motorcycle,Going Ahead,Driving Properly,Normal,,,,,,,,,,Yes,,,,,,,,,,139,Scarborough Village,139,Scarborough Village (139),D43,643800.3624,4845018.0425
11464,80496556,,4/4/2015 8:00:00 AM,2010,BROADVIEW AVE,GERRARD ST E,31 m North o,Minor Arterial,Toronto and East York,43.66582,-79.352763,Non Intersection,No Control,Rain,"Dark, artificial",Wet,Fatal,Pedestrian Collisions,Driver,35 to 39,None,,North,Street Car,Slowing or Stopping,Driving Properly,Normal,,,,,,,Yes,,,,,Yes,,,,,,,,68,North Riverdale,68,North Riverdale (68),D55,632805.924,4836074.646
11465,80496557,,4/4/2015 8:00:00 AM,2010,BROADVIEW AVE,GERRARD ST E,31 m North o,Minor Arterial,Toronto and East York,43.66582,-79.352763,Non Intersection,No Control,Rain,"Dark, artificial",Wet,Fatal,Pedestrian Collisions,Pedestrian,60 to 64,Fatal,17,Unknown,,,,,Pedestrian involved in a collision with transit vehicle anywhere along roadway,"Crossing, no Traffic Control",Had Been Drinking,,,,Yes,,,,,Yes,,,,,,,,68,North Riverdale,68,North Riverdale (68),D55,632805.924,4836074.646
11466,80510656,,4/4/2015 8:00:00 AM,2028,JANE ST,EAST DR,,Major Arterial,Etobicoke York,43.678931,-79.496852,Intersection Related,Traffic Signal,Snow,"Dark, artificial",Wet,Non-Fatal Injury,Pedestrian Collisions,Driver,70 to 74,None,,South,"Automobile, Station Wagon",Going Ahead,Driving Properly,Normal,,,,,,,Yes,,Yes,,,,,Yes,,,,,,111,Rockcliffe-Smythe,111,Rockcliffe-Smythe (111),D12,621162.4783,4837310.2242
11467,80510657,,4/4/2015 8:00:00 AM,2028,JANE ST,EAST DR,,Major Arterial,Etobicoke York,43.678931,-79.496852,Intersection Related,Traffic Signal,Snow,"Dark, artificial",Wet,Non-Fatal Injury,Pedestrian Collisions,Pedestrian,30 to 34,Major,,East,,,,,Vehicle is going straight thru inter.while ped cross without ROW,Crossing without right of way,Unknown,,,,Yes,,Yes,,,,,Yes,,,,,,111,Rockcliffe-Smythe,111,Rockcliffe-Smythe (111),D12,621162.4783,4837310.2242
11468,80510658,,4/4/2015 8:00:00 AM,2028,JANE ST,EAST DR,,Major Arterial,Etobicoke York,43.678931,-79.496852,Intersection Related,Traffic Signal,Snow,"Dark, artificial",Wet,Non-Fatal Injury,Pedestrian Collisions,Passenger,70 to 74,Minor,,,,,,,,,,,,,Yes,,Yes,,,,,Yes,,,,,,111,Rockcliffe-Smythe,111,Rockcliffe-Smythe (111),D12,621162.4783,4837310.2242