OBJECTID,INDEX,ACCNUM,DATE,TIME,STREET1,STREET2,OFFSET,ROAD_CLASS,DISTRICT,LATITUDE,LONGITUDE,ACCLOC,TRAFFCTL,VISIBILITY,LIGHT,RDSFCOND,ACCLASS,IMPACTYPE,INVTYPE,INVAGE,INJURY,FATAL_NO,INITDIR,VEHTYPE,MANOEUVER,DRIVACT,DRIVCOND,PEDTYPE,PEDACT,PEDCOND,CYCLISTYPE,CYCACT,CYCCOND,PEDESTRIAN,CYCLIST,AUTOMOBILE,MOTORCYCLE,TRUCK,TRSN_CITY_VEH,EMERG_VEH,PASSENGER,SPEEDING,AG_DRIV,REDLIGHT,ALCOHOL,DISABILITY,HOOD_158,NEIGHBOURHOOD_158,HOOD_140,NEIGHBOURHOOD_140,DIVISION,x,y
11469,80510686,,4/5/2015 8:00:00 AM,1433,DON VALLEY PARKWAY  S,SPANBRIDGE,185 m South ,,North York,43.711615,-79.326579,Non Intersection,No Control,Clear,Daylight,Dry,Non-Fatal Injury,Sideswipe,Driver,unknown,None,,South,,Changing Lanes,Improper Lane Change,Unknown,,,,,,,,,Yes,,,,,,,,,,,44,Flemingdon Park,44,Flemingdon Park (44),D55,634814.3533,4841203.0697
11470,80510687,,4/5/2015 8:00:00 AM,1433,DON VALLEY PARKWAY  S,SPANBRIDGE,185 m South ,,North York,43.711615,-79.326579,Non Intersection,No Control,Clear,Daylight,Dry,Non-Fatal Injury,Sideswipe,Driver,20 to 24,Major,,South,"Automobile, Station Wagon",Going Ahead,Driving Properly,Normal,,,,,,,,,Yes,,,,,,,,,,,44,Flemingdon Park,44,Flemingdon Park (44),D55,634814.3533,4841203.0697
11471,80235410,,4/7/2015 8:00:00 AM,944,THELMA AVE,SPADINA RD,20 m East of,Minor Arterial,Toronto and East York,43.689421,-79.412998,Intersection Related,Stop Sign,Clear,Daylight,Dry,Non-Fatal Injury,Pedestrian Collisions,Driver,45 to 49,None,,West,"Automobile, Station Wagon",Reversing,Other,Normal,,,,,,,Yes,,Yes,,,,,,,,,,,101,Forest Hill South,101,Forest Hill South (101),D53,627899.3681,4838601.1927
11472,80235411,,4/7/2015 8:00:00 AM,944,THELMA AVE,SPADINA RD,20 m East of,Minor Arterial,Toronto and East York,43.689421,-79.412998,Intersection Related,Stop Sign,Clear,Daylight,Dry,Non-Fatal Injury,Pedestrian Collisions,Pedestrian,50 to 54,Major,,North,,,,,Vehicle is reversing and hits pedestrian,Other,Normal,,,,Yes,,Yes,,,,,,,,,,,101,Forest Hill South,101,Forest Hill South (101),D53,627899.3681,4838601.1927
11473,80235517,,4/8/2015 8:00:00 AM,1427,APEX RD,LAWRENCE AVE W,,Major Arterial,North York,43.713267,-79.458583,At Intersection,Traffic Signal,Rain,Daylight,Wet,Non-Fatal Injury,Pedestrian Collisions,Driver,65 to 69,None,,South,"Automobile, Station Wagon",Turning Left,Failed to Yield Right of Way,Inattentive,,,,,,,Yes,,Yes,,,,,,,Yes,,,,31,Yorkdale-Glen Park,31,Yorkdale-Glen Park (31),D13,624176.3178,4841180.3236
11474,80235518,,4/8/2015 8:00:00 AM,1427,APEX RD,LAWRENCE AVE W,,Major Arterial,North York,43.713267,-79.458583,At Intersection,Traffic Signal,Rain,Daylight,Wet,Non-Fatal Injury,Pedestrian Collisions,Pedestrian,55 to 59,Major,,North,,,,,Vehicle turns left while ped crosses with ROW at inter.,Crossing with right of way,Normal,,,,Yes,,Yes,,,,,,,Yes,,,,31,Yorkdale-Glen Park,31,Yorkdale-Glen Park (31),D13,624176.3178,4841180.3236
11475,80510908,,4/10/2015 8:00:00 AM,304,KENNEDY RD,EGLINTON AVE E,,Major Arterial,Scarborough,43.732192,-79.267925,At Intersection,Traffic Signal,Rain,"Dark, artificial",Wet,Non-Fatal Injury,Angle,Driver,40 to 44,None,,West,"Automobile, Station Wagon",Going Ahead,Driving Properly,Normal,,,,,,,,,Yes,,,,,Yes,,Yes,Yes,,,124,Kennedy Park,124,Kennedy Park (124),D41,639491.9342,4843585.5181
11476,80510909,,4/10/2015 8:00:00 AM,304,KENNEDY RD,EGLINTON AVE E,,Major Arterial,Scarborough,43.732192,-79.267925,At Intersection,Traffic Signal,Rain,"Dark, artificial",Wet,Non-Fatal Injury,Angle,Driver,20 to 24,Major,,North,"Automobile, Station Wagon",Going Ahead,Disobeyed Traffic Control,Normal,,,,,,,,,Yes,,,,,Yes,,Yes,Yes,,,124,Kennedy Park,124,Kennedy Park (124),D41,639491.9342,4843585.5181
11477,80510910,,4/10/2015 8:00:00 AM,304,KENNEDY RD,EGLINTON AVE E,,Major Arterial,Scarborough,43.732192,-79.267925,At Intersection,Traffic Signal,Rain,"Dark, artificial",Wet,Non-Fatal Injury,Angle,Passenger,25 to 29,Major,,,,,,,,,,,,,,,Yes,,,,,Yes,,Yes,Yes,,,124,Kennedy Park,124,Kennedy Park (124),D41,639491.9342,4843585.5181
11478,80560198,,4/10/2015 8:00:00 AM,1154,DAWES RD,DANFORTH AVE,24 m South o,Major Arterial,Toronto and East York,43.689288,-79.296764,Non Intersection,No Control,Clear,Daylight,Dry,Non-Fatal Injury,Pedestrian Collisions,Driver,80 to 84,None,,South,"Automobile, Station Wagon",Going Ahead,Lost control,Inattentive,,,,,,,Yes,,Yes,,,,,,,,,,,62,East End-Danforth,62,East End-Danforth (62),D55,637267.2843,4838772.263
11479,80560199,,4/10/2015 8:00:00 AM,1154,DAWES RD,DANFORTH AVE,24 m South o,Major Arterial,Toronto and East York,43.689288,-79.296764,Non Intersection,No Control,Clear,Daylight,Dry,Non-Fatal Injury,Pedestrian Collisions,Driver,45 to 49,None,,South,"Automobile, Station Wagon",Parked,Other,Unknown,,,,,,,Yes,,Yes,,,,,,,,,,,62,East End-Danforth,62,East End-Danforth (62),D55,637267.2843,4838772.263
11480,80560200,,4/10/2015 8:00:00 AM,1154,DAWES RD,DANFORTH AVE,24 m South o,Major Arterial,Toronto and East York,43.689288,-79.296764,Non Intersection,No Control,Clear,Daylight,Dry,Non-Fatal Injury,Pedestrian Collisions,Pedestrian,45 to 49,Major,,Unknown,,,,,Pedestrian hit at mid-block,Other,Normal,,,,Yes,,Yes,,,,,,,,,,,62,East End-Danforth,62,East End-Danforth (62),D55,637267.2843,4838772.263
11481,8000330,,4/13/2015 8:00:00 AM,1734,WILSON AVE,WILLIAM CRAGG DR,,Major Arterial,North York,43.722663,-79.499889,,No Control,Clear,Daylight,Dry,Fatal,Rear End,Driver,85 to 89,Fatal,18,West,"Automobile, Station Wagon",Going Ahead,Following too Close,Inattentive,,,,,,,,,Yes,,,Yes,,,,Yes,,,,154,Oakdale-Beverley Heights,26,Downsview-Roding-CFB (26),D31,620829.798,4842162.8313
11482,80000107,,4/13/2015 8:00:00 AM,1734,WILSON AVE,WILLIAM CRAGG DR,,Major Arterial,North York,43.722663,-79.499889,,No Control,Clear,Daylight,Dry,Fatal,Rear End,Driver,50 to 54,None,,West,Municipal Transit Bus (TTC),Going Ahead,Driving Properly,Normal,,,,,,,,,Yes,,,Yes,,,,Yes,,,,154,Oakdale-Beverley Heights,26,Downsview-Roding-CFB (26),D31,620829.798,4842162.8313
11483,80194581,,4/14/2015 8:00:00 AM,115,7 INVERLEIGH DR,,,Local,Etobicoke York,43.625903,-79.495113,At/Near Private Drive,No Control,Clear,"Dark, artificial",Dry,Non-Fatal Injury,Pedestrian Collisions,Driver,35 to 39,,,North,"Automobile, Station Wagon",Going Ahead,Other,Unknown,,,,,,,Yes,,Yes,,,,,,,,,,,16,Stonegate-Queensway,16,Stonegate-Queensway (16),D22,621409.4556,4831423.3245
11484,80194582,,4/14/2015 8:00:00 AM,115,7 INVERLEIGH DR,,,Local,Etobicoke York,43.625903,-79.495113,At/Near Private Drive,No Control,Clear,"Dark, artificial",Dry,Non-Fatal Injury,Pedestrian Collisions,Pedestrian,25 to 29,Major,,,,,,,,Other,,,,,Yes,,Yes,,,,,,,,,,,16,Stonegate-Queensway,16,Stonegate-Queensway (16),D22,621409.4556,4831423.3245
11485,80511163,,4/15/2015 8:00:00 AM,658,FINCH AVE W,ARROW RD,125 m East o,Major Arterial,Etobicoke York,43.753512,-79.534999,Non Intersection,No Control,Clear,Daylight,Dry,Non-Fatal Injury,Rear End,Driver,25 to 29,None,,East,"Automobile, Station Wagon",Changing Lanes,Improper Lane Change,Normal,,,,,,,,,Yes,,,,Yes,,,,,,,22,Humbermede,22,Humbermede (22),D31,617941.1824,4845538.4659
11486,80511164,,4/15/2015 8:00:00 AM,658,FINCH AVE W,ARROW RD,125 m East o,Major Arterial,Etobicoke York,43.753512,-79.534999,Non Intersection,No Control,Clear,Daylight,Dry,Non-Fatal Injury,Rear End,Driver,60 to 64,Major,,East,Other Emergency Vehicle,Changing Lanes,Driving Properly,Normal,,,,,,,,,Yes,,,,Yes,,,,,,,22,Humbermede,22,Humbermede (22),D31,617941.1824,4845538.4659
11487,80511222,,4/16/2015 8:00:00 AM,1540,LAKE SHORE BLVD E,LOWER JARVIS ST,,Major Arterial,Toronto and East York,43.645556,-79.369815,At Intersection,Traffic Signal,Clear,Daylight,Dry,Non-Fatal Injury,Turning Movement,Driver,85 to 89,None,,West,"Automobile, Station Wagon",Turning Left,Failed to Yield Right of Way,Inattentive,,,,,,,,,Yes,,,,,,,Yes,,,,166,St Lawrence-East Bayfront-The Islands,77,Waterfront Communities-The Island (77),D51,631475.3342,4833796.9041
11488,80511223,,4/16/2015 8:00:00 AM,1540,LAKE SHORE BLVD E,LOWER JARVIS ST,,Major Arterial,Toronto and East York,43.645556,-79.369815,At Intersection,Traffic Signal,Clear,Daylight,Dry,Non-Fatal Injury,Turning Movement,Driver,30 to 34,Major,,East,"Automobile, Station Wagon",Going Ahead,Driving Properly,Normal,,,,,,,,,Yes,,,,,,,Yes,,,,166,St Lawrence-East Bayfront-The Islands,77,Waterfront Communities-The Island (77),D51,631475.3342,4833796.9041
11489,80511388,,4/18/2015 8:00:00 AM,1724,BYNG AVE,DORIS AVE,,Minor Arterial,North York,43.776915,-79.413181,Non Intersection,Traffic Signal,Clear,Daylight,Dry,Non-Fatal Injury,Turning Movement,Driver,55 to 59,Major,,South,"Automobile, Station Wagon",Turning Left,Failed to Yield Right of Way,Normal,,,,,,,,,Yes,Yes,,,,Yes,Yes,Yes,,,,151,Yonge-Doris,51,Willowdale East (51),D32,627698.5239,4848318.39
11490,80511389,,4/18/2015 8:00:00 AM,1724,BYNG AVE,DORIS AVE,,Minor Arterial,North York,43.776915,-79.413181,Non Intersection,Traffic Signal,Clear,Daylight,Dry,Non-Fatal Injury,Turning Movement,Motorcycle Driver,20 to 24,None,,North,Motorcycle,Going Ahead,Exceeding Speed Limit,Normal,,,,,,,,,Yes,Yes,,,,Yes,Yes,Yes,,,,151,Yonge-Doris,51,Willowdale East (51),D32,627698.5239,4848318.39
11491,80511390,,4/18/2015 8:00:00 AM,1724,BYNG AVE,DORIS AVE,,Minor Arterial,North York,43.776915,-79.413181,Non Intersection,Traffic Signal,Clear,Daylight,Dry,Non-Fatal Injury,Turning Movement,Passenger,70 to 74,Minor,,,,,,,,,,,,,,,Yes,Yes,,,,Yes,Yes,Yes,,,,151,Yonge-Doris,51,Willowdale East (51),D32,627698.5239,4848318.39
11492,80496653,,4/20/2015 8:00:00 AM,1405,1159 DUNDAS ST E,,6 m West of,Minor Arterial,Toronto and East York,43.664443,-79.34238,Non Intersection,No Control,Clear,Daylight,Dry,Fatal,Pedestrian Collisions,Driver,15 to 19,None,,East,"Automobile, Station Wagon",Going Ahead,Lost control,Inattentive,,,,,,,Yes,,Yes,,,,,Yes,,Yes,,,,70,South Riverdale,70,South Riverdale (70),D55,633646.1023,4835938.3857
11493,80496654,,4/20/2015 8:00:00 AM,1405,1159 DUNDAS ST E,,6 m West of,Minor Arterial,Toronto and East York,43.664443,-79.34238,Non Intersection,No Control,Clear,Daylight,Dry,Fatal,Pedestrian Collisions,Driver,60 to 64,None,,East,Pick Up Truck,Going Ahead,Driving Properly,Normal,,,,,,,Yes,,Yes,,,,,Yes,,Yes,,,,70,South Riverdale,70,South Riverdale (70),D55,633646.1023,4835938.3857
11494,80496655,,4/20/2015 8:00:00 AM,1405,1159 DUNDAS ST E,,6 m West of,Minor Arterial,Toronto and East York,43.664443,-79.34238,Non Intersection,No Control,Clear,Daylight,Dry,Fatal,Pedestrian Collisions,Passenger,15 to 19,None,,,,,,,,,,,,,Yes,,Yes,,,,,Yes,,Yes,,,,70,South Riverdale,70,South Riverdale (70),D55,633646.1023,4835938.3857
11495,80496656,,4/20/2015 8:00:00 AM,1405,1159 DUNDAS ST E,,6 m West of,Minor Arterial,Toronto and East York,43.664443,-79.34238,Non Intersection,No Control,Clear,Daylight,Dry,Fatal,Pedestrian Collisions,Pedestrian,30 to 34,Fatal,19,Unknown,,,,,Pedestrian hit on sidewalk or shoulder,On Sidewalk or Shoulder,Normal,,,,Yes,,Yes,,,,,Yes,,Yes,,,,70,South Riverdale,70,South Riverdale (70),D55,633646.1023,4835938.3857
11496,80496663,,4/20/2015 8:00:00 AM,2123,FINCH AVE E,WAYSIDE AVE,10 m East of,Major Arterial,Scarborough,43.800505,-79.29964,Intersection Related,Traffic Signal,Clear,"Dark, artificial",Dry,Non-Fatal Injury,Rear End,Driver,35 to 39,Major,,West,Passenger Van,Going Ahead,Lost control,Normal,,,,,,,,,Yes,,,,,Yes,Yes,Yes,,Yes,,148,East L'Amoreaux,117,L'Amoreaux (117),D42,636781.9542,4851119.8246
11497,80496664,,4/20/2015 8:00:00 AM,2123,FINCH AVE E,WAYSIDE AVE,10 m East of,Major Arterial,Scarborough,43.800505,-79.29964,Intersection Related,Traffic Signal,Clear,"Dark, artificial",Dry,Non-Fatal Injury,Rear End,Driver,50 to 54,Minimal,,West,"Automobile, Station Wagon",Going Ahead,Other,"Ability Impaired, Alcohol Over .08",,,,,,,,,Yes,,,,,Yes,Yes,Yes,,Yes,,148,East L'Amoreaux,117,L'Amoreaux (117),D42,636781.9542,4851119.8246
11498,80496665,,4/20/2015 8:00:00 AM,2123,FINCH AVE E,WAYSIDE AVE,10 m East of,Major Arterial,Scarborough,43.800505,-79.29964,Intersection Related,Traffic Signal,Clear,"Dark, artificial",Dry,Non-Fatal Injury,Rear End,Passenger,20 to 24,None,,,,,,,,,,,,,,,Yes,,,,,Yes,Yes,Yes,,Yes,,148,East L'Amoreaux,117,L'Amoreaux (117),D42,636781.9542,4851119.8246
11499,80496666,,4/20/2015 8:00:00 AM,2123,FINCH AVE E,WAYSIDE AVE,10 m East of,Major Arterial,Scarborough,43.800505,-79.29964,Intersection Related,Traffic Signal,Clear,"Dark, artificial",Dry,Non-Fatal Injury,Rear End,Passenger,50 to 54,Minimal,,,,,,,,,,,,,,,Yes,,,,,Yes,Yes,Yes,,Yes,,148,East L'Amoreaux,117,L'Amoreaux (117),D42,636781.9542,4851119.8246
11500,80496667,,4/20/2015 8:00:00 AM,2123,FINCH AVE E,WAYSIDE AVE,10 m East of,Major Arterial,Scarborough,43.800505,-79.29964,Intersection Related,Traffic Signal,Clear,"Dark, artificial",Dry,Non-Fatal Injury,Rear End,Passenger,15 to 19,Minimal,,,,,,,,,,,,,,,Yes,,,,,Yes,Yes,Yes,,Yes,,148,East L'Amoreaux,117,L'Amoreaux (117),D42,636781.9542,4851119.8246
11501,80236768,,4/22/2015 8:00:00 AM,100,KINGSTON RD,COLUMBINE AVE,9 m West of,Major Arterial,Toronto and East York,43.671492,-79.310367,Non Intersection,No Control,Rain,Dark,Wet,Non-Fatal Injury,SMV Unattended Vehicle,Driver,45 to 49,Major,,West,"Automobile, Station Wagon",Going Ahead,Lost control,Unknown,,,,,,,,,Yes,,,,,,,Yes,,,,63,The Beaches,63,The Beaches (63),D55,636211.244,4836773.3428
11502,80565532,,4/22/2015 8:00:00 AM,1402,3 RAINIER SQ,,4 m South of,Local,Scarborough,43.794242,-79.303012,Private Driveway,Stop Sign,Clear,Daylight,Dry,Non-Fatal Injury,SMV Other,Driver,20 to 24,Minimal,,South,"Automobile, Station Wagon",Turning Left,Lost control,Normal,,,,,,,,,Yes,,,,,Yes,Yes,Yes,,,,148,East L'Amoreaux,117,L'Amoreaux (117),D42,636524.9612,4850418.6507
11503,80565533,,4/22/2015 8:00:00 AM,1402,3 RAINIER SQ,,4 m South of,Local,Scarborough,43.794242,-79.303012,Private Driveway,Stop Sign,Clear,Daylight,Dry,Non-Fatal Injury,SMV Other,Passenger,15 to 19,Major,,,,,,,,,,,,,,,Yes,,,,,Yes,Yes,Yes,,,,148,East L'Amoreaux,117,L'Amoreaux (117),D42,636524.9612,4850418.6507
11504,80565534,,4/22/2015 8:00:00 AM,1402,3 RAINIER SQ,,4 m South of,Local,Scarborough,43.794242,-79.303012,Private Driveway,Stop Sign,Clear,Daylight,Dry,Non-Fatal Injury,SMV Other,Passenger,15 to 19,None,,,,,,,,,,,,,,,Yes,,,,,Yes,Yes,Yes,,,,148,East L'Amoreaux,117,L'Amoreaux (117),D42,636524.9612,4850418.6507
11505,80565535,,4/22/2015 8:00:00 AM,1402,3 RAINIER SQ,,4 m South of,Local,Scarborough,43.794242,-79.303012,Private Driveway,Stop Sign,Clear,Daylight,Dry,Non-Fatal Injury,SMV Other,Passenger,15 to 19,None,,,,,,,,,,,,,,,Yes,,,,,Yes,Yes,Yes,,,,148,East L'Amoreaux,117,L'Amoreaux (117),D42,636524.9612,4850418.6507
11506,80560880,,4/22/2015 8:00:00 AM,1715,130 TORYORK DR,,4 m South of,Collector,Etobicoke York,43.757266,-79.55305,Non Intersection,No Control,Clear,Daylight,Dry,Non-Fatal Injury,Rear End,Driver,40 to 44,None,,North,Passenger Van,Going Ahead,Following too Close,Inattentive,,,,,,,,,Yes,,,,,,,Yes,,,,21,Humber Summit,21,Humber Summit (21),D31,616480.6772,4845929.8587
11507,80560881,,4/22/2015 8:00:00 AM,1715,130 TORYORK DR,,4 m South of,Collector,Etobicoke York,43.757266,-79.55305,Non Intersection,No Control,Clear,Daylight,Dry,Non-Fatal Injury,Rear End,Driver,55 to 59,Major,,North,"Automobile, Station Wagon",Slowing or Stopping,Driving Properly,Normal,,,,,,,,,Yes,,,,,,,Yes,,,,21,Humber Summit,21,Humber Summit (21),D31,616480.6772,4845929.8587
11508,80236866,,4/23/2015 8:00:00 AM,648,NEILSON RD,CROW TRL,,Minor Arterial,Scarborough,43.812205,-79.225742,At Intersection,Traffic Signal,Clear,Daylight,Dry,Non-Fatal Injury,Pedestrian Collisions,Driver,60 to 64,None,,North,"Automobile, Station Wagon",Going Ahead,Driving Properly,Normal,,,,,,,Yes,,Yes,,,,,,,,,,,145,Malvern West,132,Malvern (132),D42,642698.7298,4852544.1
11509,80236867,,4/23/2015 8:00:00 AM,648,NEILSON RD,CROW TRL,,Minor Arterial,Scarborough,43.812205,-79.225742,At Intersection,Traffic Signal,Clear,Daylight,Dry,Non-Fatal Injury,Pedestrian Collisions,Pedestrian,65 to 69,Major,,West,,,,,Vehicle is going straight thru inter.while ped cross without ROW,Crossing without right of way,Normal,,,,Yes,,Yes,,,,,,,,,,,145,Malvern West,132,Malvern (132),D42,642698.7298,4852544.1
11510,80236875,,4/23/2015 8:00:00 AM,1018,VICTORIA PARK AVE,ST CLAIR AVE E,,Major Arterial,Toronto and East York,43.708705,-79.295947,At Intersection,Traffic Controller,Clear,Daylight,Dry,Non-Fatal Injury,Pedestrian Collisions,Driver,85 to 89,None,,South,"Automobile, Station Wagon",Going Ahead,Driving Properly,Normal,,,,,,,Yes,,Yes,,,,,,,,,,,120,Clairlea-Birchmount,120,Clairlea-Birchmount (120),D41,637288.8045,4840930.1497
11511,80236876,,4/23/2015 8:00:00 AM,1018,VICTORIA PARK AVE,ST CLAIR AVE E,,Major Arterial,Toronto and East York,43.708705,-79.295947,At Intersection,Traffic Controller,Clear,Daylight,Dry,Non-Fatal Injury,Pedestrian Collisions,Pedestrian,70 to 74,Major,,East,,,,,Vehicle is going straight thru inter.while ped cross without ROW,Crossing without right of way,Normal,,,,Yes,,Yes,,,,,,,,,,,120,Clairlea-Birchmount,120,Clairlea-Birchmount (120),D41,637288.8045,4840930.1497
11512,80236928,,4/24/2015 8:00:00 AM,1256,BROADVIEW AVE,DEARBOURNE AVE,6 m South of,Minor Arterial,Toronto and East York,43.675391,-79.358073,Intersection Related,Stop Sign,Clear,Daylight,Dry,Non-Fatal Injury,Pedestrian Collisions,Driver,60 to 64,None,,West,"Automobile, Station Wagon",Turning Left,Failed to Yield Right of Way,Normal,,,,,,,Yes,,Yes,,,,,,,Yes,,,,68,North Riverdale,68,North Riverdale (68),D55,632356.7686,4837129.1483
11513,80236929,,4/24/2015 8:00:00 AM,1256,BROADVIEW AVE,DEARBOURNE AVE,6 m South of,Minor Arterial,Toronto and East York,43.675391,-79.358073,Intersection Related,Stop Sign,Clear,Daylight,Dry,Non-Fatal Injury,Pedestrian Collisions,Pedestrian,90 to 94,Major,,East,,,,,Vehicle turns left while ped crosses with ROW at inter.,"Crossing, no Traffic Control",Normal,,,,Yes,,Yes,,,,,,,Yes,,,,68,North Riverdale,68,North Riverdale (68),D55,632356.7686,4837129.1483
11514,80496697,,4/24/2015 8:00:00 AM,1804,HUPFIELD TRL,GLANVIL CRES,20 m South o,Collector,Scarborough,43.813903,-79.2196,Non Intersection,No Control,Clear,Daylight,Dry,Non-Fatal Injury,SMV Other,Driver,15 to 19,None,,North,"Automobile, Station Wagon",Going Ahead,Lost control,Normal,,,,,,,,,Yes,,,,,Yes,Yes,Yes,,,,146,Malvern East,132,Malvern (132),D42,643188.6615,4852743.3028
11515,80496698,,4/24/2015 8:00:00 AM,1804,HUPFIELD TRL,GLANVIL CRES,20 m South o,Collector,Scarborough,43.813903,-79.2196,Non Intersection,No Control,Clear,Daylight,Dry,Non-Fatal Injury,SMV Other,Passenger,15 to 19,Major,,,,,,,,,,,,,,,Yes,,,,,Yes,Yes,Yes,,,,146,Malvern East,132,Malvern (132),D42,643188.6615,4852743.3028
11516,80560996,,4/24/2015 8:00:00 AM,1810,BROOKBANKS DR,UNDERHILL DR,,Collector,North York,43.75286,-79.328784,Trail,No Control,Clear,Daylight,Dry,Non-Fatal Injury,SMV Other,Driver,25 to 29,Major,,South,Off Road - 2 Wheels,Going Ahead,Speed too Fast For Condition,Normal,,,,,,,,,,,,,,,Yes,Yes,,,,149,Parkwoods-O'Connor Hills,45,Parkwoods-Donalda (45),D33,634544.3186,4845780.3501
11517,80561167,,4/27/2015 8:00:00 AM,0,MCCOWAN RD,FINCH AVE E,5 m East of,Major Arterial,Scarborough,43.808016,-79.266498,At Intersection,Traffic Signal,Clear,Dark,Dry,Non-Fatal Injury,Turning Movement,Driver,15 to 19,Minimal,,North,"Automobile, Station Wagon",Turning Left,Improper Turn,Normal,,,,,,,,,Yes,,,,,Yes,,,,,,129,Agincourt North,129,Agincourt North (129),D42,639430.5471,4852009.3562
11518,80561168,,4/27/2015 8:00:00 AM,0,MCCOWAN RD,FINCH AVE E,5 m East of,Major Arterial,Scarborough,43.808016,-79.266498,At Intersection,Traffic Signal,Clear,Dark,Dry,Non-Fatal Injury,Turning Movement,Driver,25 to 29,Minimal,,South,"Automobile, Station Wagon",Going Ahead,Driving Properly,Normal,,,,,,,,,Yes,,,,,Yes,,,,,,129,Agincourt North,129,Agincourt North (129),D42,639430.5471,4852009.3562
11519,80561169,,4/27/2015 8:00:00 AM,0,MCCOWAN RD,FINCH AVE E,5 m East of,Major Arterial,Scarborough,43.808016,-79.266498,At Intersection,Traffic Signal,Clear,Dark,Dry,Non-Fatal Injury,Turning Movement,Passenger,20 to 24,Minimal,,,,,,,,,,,,,,,Yes,,,,,Yes,,,,,,129,Agincourt North,129,Agincourt North (129),D42,639430.5471,4852009.3562
11520,80561170,,4/27/2015 8:00:00 AM,0,MCCOWAN RD,FINCH AVE E,5 m East of,Major Arterial,Scarborough,43.808016,-79.266498,At Intersection,Traffic Signal,Clear,Dark,Dry,Non-Fatal Injury,Turning Movement,Passenger,15 to 19,Major,,,,,,,,,,,,,,,Yes,,,,,Yes,,,,,,129,Agincourt North,129,Agincourt North (129),D42,639430.5471,4852009.3562
11521,80237343,,4/29/2015 8:00:00 AM,40,MARTIN GROVE RD,DIXON RD,,Major Arterial,Etobicoke York,43.69158,-79.570819,At Intersection,Traffic Signal,Clear,"Dark, artificial",Dry,Non-Fatal Injury,Pedestrian Collisions,Driver,55 to 59,None,,South,Passenger Van,Turning Left,Failed to Yield Right of Way,Inattentive,,,,,,,Yes,,Yes,,,,,,,Yes,,,,1,West Humber-Clairville,1,West Humber-Clairville (1),D23,615176.0534,4838609.6736
11522,80237344,,4/29/2015 8:00:00 AM,40,MARTIN GROVE RD,DIXON RD,,Major Arterial,Etobicoke York,43.69158,-79.570819,At Intersection,Traffic Signal,Clear,"Dark, artificial",Dry,Non-Fatal Injury,Pedestrian Collisions,Pedestrian,25 to 29,Major,,North,,,,,Vehicle turns left while ped crosses with ROW at inter.,Crossing with right of way,Normal,,,,Yes,,Yes,,,,,,,Yes,,,,1,West Humber-Clairville,1,West Humber-Clairville (1),D23,615176.0534,4838609.6736
11523,80496744,,4/30/2015 8:00:00 AM,1637,2628 MCCOWAN RD,,,Major Arterial,Scarborough,43.807139,-79.266132,Non Intersection,No Control,Clear,Daylight,Dry,Non-Fatal Injury,Approaching,Driver,40 to 44,Minimal,,North,"Automobile, Station Wagon",Going Ahead,Lost control,Inattentive,,,,,,,,,Yes,,,,,Yes,,,,,,129,Agincourt North,129,Agincourt North (129),D42,639462.027,4851912.5679
11524,80496745,,4/30/2015 8:00:00 AM,1637,2628 MCCOWAN RD,,,Major Arterial,Scarborough,43.807139,-79.266132,Non Intersection,No Control,Clear,Daylight,Dry,Non-Fatal Injury,Approaching,Driver,55 to 59,Minor,,South,"Automobile, Station Wagon",Going Ahead,Driving Properly,Normal,,,,,,,,,Yes,,,,,Yes,,,,,,129,Agincourt North,129,Agincourt North (129),D42,639462.027,4851912.5679
11525,80496746,,4/30/2015 8:00:00 AM,1637,2628 MCCOWAN RD,,,Major Arterial,Scarborough,43.807139,-79.266132,Non Intersection,No Control,Clear,Daylight,Dry,Non-Fatal Injury,Approaching,Passenger,55 to 59,Major,,,,,,,,,,,,,,,Yes,,,,,Yes,,,,,,129,Agincourt North,129,Agincourt North (129),D42,639462.027,4851912.5679
11526,80237860,,5/5/2015 8:00:00 AM,1341,3833 MCNICOLL AVE,,,Minor Arterial,Scarborough,43.826583,-79.238269,Non Intersection,No Control,Clear,Daylight,Dry,Non-Fatal Injury,Turning Movement,Driver,40 to 44,None,,North,"Automobile, Station Wagon",Turning Left,Failed to Yield Right of Way,Inattentive,,,,,,,,,Yes,,,,,Yes,,Yes,,,,144,Morningside Heights,131,Rouge (131),D42,641657.1976,4854119.4841
11527,80237861,,5/5/2015 8:00:00 AM,1341,3833 MCNICOLL AVE,,,Minor Arterial,Scarborough,43.826583,-79.238269,Non Intersection,No Control,Clear,Daylight,Dry,Non-Fatal Injury,Turning Movement,Driver,70 to 74,Minimal,,West,"Automobile, Station Wagon",Going Ahead,Driving Properly,Normal,,,,,,,,,Yes,,,,,Yes,,Yes,,,,144,Morningside Heights,131,Rouge (131),D42,641657.1976,4854119.4841
11528,80237862,,5/5/2015 8:00:00 AM,1341,3833 MCNICOLL AVE,,,Minor Arterial,Scarborough,43.826583,-79.238269,Non Intersection,No Control,Clear,Daylight,Dry,Non-Fatal Injury,Turning Movement,Passenger,15 to 19,None,,,,,,,,,,,,,,,Yes,,,,,Yes,,Yes,,,,144,Morningside Heights,131,Rouge (131),D42,641657.1976,4854119.4841
11529,80237863,,5/5/2015 8:00:00 AM,1341,3833 MCNICOLL AVE,,,Minor Arterial,Scarborough,43.826583,-79.238269,Non Intersection,No Control,Clear,Daylight,Dry,Non-Fatal Injury,Turning Movement,Passenger,65 to 69,Major,,,,,,,,,,,,,,,Yes,,,,,Yes,,Yes,,,,144,Morningside Heights,131,Rouge (131),D42,641657.1976,4854119.4841