OBJECTID,INDEX,ACCNUM,DATE,TIME,STREET1,STREET2,OFFSET,ROAD_CLASS,DISTRICT,LATITUDE,LONGITUDE,ACCLOC,TRAFFCTL,VISIBILITY,LIGHT,RDSFCOND,ACCLASS,IMPACTYPE,INVTYPE,INVAGE,INJURY,FATAL_NO,INITDIR,VEHTYPE,MANOEUVER,DRIVACT,DRIVCOND,PEDTYPE,PEDACT,PEDCOND,CYCLISTYPE,CYCACT,CYCCOND,PEDESTRIAN,CYCLIST,AUTOMOBILE,MOTORCYCLE,TRUCK,TRSN_CITY_VEH,EMERG_VEH,PASSENGER,SPEEDING,AG_DRIV,REDLIGHT,ALCOHOL,DISABILITY,HOOD_158,NEIGHBOURHOOD_158,HOOD_140,NEIGHBOURHOOD_140,DIVISION,x,y
11530,80632007,,5/6/2015 8:00:00 AM,1649,LAWRENCE AVE W,BRUCEWOOD CRES,1 m North of,Major Arterial,North York,43.718421,-79.432933,At Intersection,Traffic Signal,Clear,Daylight,Dry,Non-Fatal Injury,Turning Movement,Motorcycle Driver,45 to 49,Major,,East,Motorcycle,Turning Left,Improper Turn,Normal,,,,,,,,,Yes,Yes,,,,,,Yes,Yes,,,32,Englemount-Lawrence,32,Englemount-Lawrence (32),D13,626231.8743,4841791.4938
11531,80632008,,5/6/2015 8:00:00 AM,1649,LAWRENCE AVE W,BRUCEWOOD CRES,1 m North of,Major Arterial,North York,43.718421,-79.432933,At Intersection,Traffic Signal,Clear,Daylight,Dry,Non-Fatal Injury,Turning Movement,Driver,20 to 24,Minor,,West,"Automobile, Station Wagon",Going Ahead,Disobeyed Traffic Control,Normal,,,,,,,,,Yes,Yes,,,,,,Yes,Yes,,,32,Englemount-Lawrence,32,Englemount-Lawrence (32),D13,626231.8743,4841791.4938
11532,80000126,,5/7/2015 8:00:00 AM,100,ROSEDALE VALLEY RD,BAYVIEW AVE,,Minor Arterial,Toronto and East York,43.671626,-79.36584,Non Intersection,No Control,Clear,"Dark, artificial",Dry,Fatal,SMV Other,Motorcycle Passenger,20 to 24,Major,,,,,,,,,,,,,,,,Yes,,,,Yes,Yes,Yes,,,,71,Cabbagetown-South St.James Town,71,Cabbagetown-South St.James Town (71),D51,631738.8971,4836698.6294
11533,80000127,,5/7/2015 8:00:00 AM,100,ROSEDALE VALLEY RD,BAYVIEW AVE,,Minor Arterial,Toronto and East York,43.671626,-79.36584,Non Intersection,No Control,Clear,"Dark, artificial",Dry,Fatal,SMV Other,Motorcycle Driver,25 to 29,Fatal,20,West,Motorcycle,Going Ahead,Lost control,Unknown,,,,,,,,,,Yes,,,,Yes,Yes,Yes,,,,71,Cabbagetown-South St.James Town,71,Cabbagetown-South St.James Town (71),D51,631738.8971,4836698.6294
11534,80196653,,5/7/2015 8:00:00 AM,115,ROSEDALE VALLEY RD,BAYVIEW AVE,,Minor Arterial,Toronto and East York,43.671145,-79.364406,Non Intersection,No Control,Clear,"Dark, artificial",Dry,Non-Fatal Injury,SMV Other,Motorcycle Passenger,20 to 24,Major,,,,,,,,,,,,,,,,Yes,,,,Yes,Yes,Yes,,,,71,Cabbagetown-South St.James Town,71,Cabbagetown-South St.James Town (71),D51,631855.5546,4836647.4862
11535,80196654,,5/7/2015 8:00:00 AM,115,ROSEDALE VALLEY RD,BAYVIEW AVE,,Minor Arterial,Toronto and East York,43.671145,-79.364406,Non Intersection,No Control,Clear,"Dark, artificial",Dry,Non-Fatal Injury,SMV Other,Motorcycle Driver,25 to 29,Major,,West,Motorcycle,Going Ahead,Exceeding Speed Limit,Normal,,,,,,,,,,Yes,,,,Yes,Yes,Yes,,,,71,Cabbagetown-South St.James Town,71,Cabbagetown-South St.James Town (71),D51,631855.5546,4836647.4862
11536,80632009,,5/7/2015 8:00:00 AM,1631,MARKHAM RD,GREENCREST CRCT,2 m North of,Major Arterial,Scarborough,43.757769,-79.224674,At Intersection,Traffic Signal,Clear,Daylight,Dry,Non-Fatal Injury,Pedestrian Collisions,Driver,25 to 29,None,,North,"Automobile, Station Wagon",Going Ahead,Driving Properly,Normal,,,,,,,Yes,,Yes,,,,,,,,,,,141,Golfdale-Cedarbrae-Woburn,137,Woburn (137),D43,642914.297,4846499.9578
11537,80632010,,5/7/2015 8:00:00 AM,1631,MARKHAM RD,GREENCREST CRCT,2 m North of,Major Arterial,Scarborough,43.757769,-79.224674,At Intersection,Traffic Signal,Clear,Daylight,Dry,Non-Fatal Injury,Pedestrian Collisions,Pedestrian,15 to 19,Major,,East,,,,,Vehicle is going straight thru inter.while ped cross without ROW,Crossing without right of way,Inattentive,,,,Yes,,Yes,,,,,,,,,,,141,Golfdale-Cedarbrae-Woburn,137,Woburn (137),D43,642914.297,4846499.9578
11538,80632011,,5/7/2015 8:00:00 AM,1631,MARKHAM RD,GREENCREST CRCT,2 m North of,Major Arterial,Scarborough,43.757769,-79.224674,At Intersection,Traffic Signal,Clear,Daylight,Dry,Non-Fatal Injury,Pedestrian Collisions,Pedestrian,15 to 19,Major,,East,,,,,Vehicle is going straight thru inter.while ped cross without ROW,Crossing without right of way,Inattentive,,,,Yes,,Yes,,,,,,,,,,,141,Golfdale-Cedarbrae-Woburn,137,Woburn (137),D43,642914.297,4846499.9578
11539,80238319,,5/10/2015 8:00:00 AM,1058,DON VALLEY PARKWAY  S,LEASIDE BDGE,,,Toronto and East York,43.697955,-79.348438,Non Intersection,No Control,Clear,Daylight,Dry,Non-Fatal Injury,Pedestrian Collisions,Driver,50 to 54,None,,South,"Automobile, Station Wagon",Going Ahead,Driving Properly,Normal,,,,,,,Yes,,Yes,,,,,,,Yes,,,,58,Old East York,58,Old East York (58),D55,633083.5514,4839650.613
11540,80238320,,5/10/2015 8:00:00 AM,1058,DON VALLEY PARKWAY  S,LEASIDE BDGE,,,Toronto and East York,43.697955,-79.348438,Non Intersection,No Control,Clear,Daylight,Dry,Non-Fatal Injury,Pedestrian Collisions,Pedestrian,30 to 34,Major,,Unknown,,,,,Pedestrian hit at mid-block,Other,Unknown,,,,Yes,,Yes,,,,,,,Yes,,,,58,Old East York,58,Old East York (58),D55,633083.5514,4839650.613
11541,80238359,,5/10/2015 8:00:00 AM,1830,50 CARLTON ST,,4 m South of,Major Arterial,North York,43.661627,-79.380183,Non Intersection,No Control,Clear,Daylight,Dry,Non-Fatal Injury,Cyclist Collisions,Cyclist,60 to 64,Major,,East,Bicycle,Changing Lanes,,,,,,Cyclist and Driver travelling in same direction. One vehicle sideswipes the other.,Improper Lane Change,Had Been Drinking,,Yes,,,Yes,,,,,,,,,168,Downtown Yonge East,75,Church-Yonge Corridor (75),D51,630604.2978,4835565.4274
11542,80238360,,5/10/2015 8:00:00 AM,1830,50 CARLTON ST,,4 m South of,Major Arterial,North York,43.661627,-79.380183,Non Intersection,No Control,Clear,Daylight,Dry,Non-Fatal Injury,Cyclist Collisions,Truck Driver,45 to 49,None,,West,"Truck - Closed (Blazer, etc)",Going Ahead,Driving Properly,Normal,,,,,,,,Yes,,,Yes,,,,,,,,,168,Downtown Yonge East,75,Church-Yonge Corridor (75),D51,630604.2978,4835565.4274
11543,80632012,,5/12/2015 8:00:00 AM,735,25 RACINE RD,,5 m North of,Collector,Etobicoke York,43.715785,-79.575084,At/Near Private Drive,No Control,Clear,Daylight,Dry,Non-Fatal Injury,Turning Movement,Driver,55 to 59,Major,,West,"Automobile, Station Wagon",Turning Left,Improper Turn,Unknown,,,,,,,,,Yes,,,,,,Yes,Yes,,,,1,West Humber-Clairville,1,West Humber-Clairville (1),D23,614786.1369,4841292.0534
11544,80632013,,5/12/2015 8:00:00 AM,735,25 RACINE RD,,5 m North of,Collector,Etobicoke York,43.715785,-79.575084,At/Near Private Drive,No Control,Clear,Daylight,Dry,Non-Fatal Injury,Turning Movement,Driver,20 to 24,Minimal,,East,"Automobile, Station Wagon",Going Ahead,Exceeding Speed Limit,Normal,,,,,,,,,Yes,,,,,,Yes,Yes,,,,1,West Humber-Clairville,1,West Humber-Clairville (1),D23,614786.1369,4841292.0534
11545,80000128,,5/13/2015 8:00:00 AM,2208,DANFORTH RD,BRIMLEY RD,,Major Arterial,Scarborough,43.735163,-79.247379,At Intersection,Traffic Signal,Clear,Dark,Dry,Fatal,Pedestrian Collisions,Driver,80 to 84,None,,East,"Automobile, Station Wagon",Going Ahead,Driving Properly,Unknown,,,,,,,Yes,,Yes,,,,,,,,,,,138,Eglinton East,138,Eglinton East (138),D43,641139.6376,4843950.2874
11546,80000132,,5/13/2015 8:00:00 AM,2208,DANFORTH RD,BRIMLEY RD,,Major Arterial,Scarborough,43.735163,-79.247379,At Intersection,Traffic Signal,Clear,Dark,Dry,Fatal,Pedestrian Collisions,Pedestrian,30 to 34,Fatal,21,North,,,,,Vehicle is going straight thru inter.while ped cross without ROW,Crossing without right of way,Unknown,,,,Yes,,Yes,,,,,,,,,,,138,Eglinton East,138,Eglinton East (138),D43,641139.6376,4843950.2874
11547,80238702,,5/14/2015 8:00:00 AM,1538,DUNVEGAN RD,ST CLAIR AVE W,,Local,Toronto and East York,43.686713,-79.405063,Non Intersection,No Control,Clear,Daylight,Dry,Non-Fatal Injury,Cyclist Collisions,Driver,45 to 49,None,,South,"Automobile, Station Wagon",Turning Left,Improper Turn,Normal,,,,,,,,Yes,Yes,,,,,Yes,,,,,,96,Casa Loma,96,Casa Loma (96),D53,628544.6549,4838312.7013
11548,80238703,,5/14/2015 8:00:00 AM,1538,DUNVEGAN RD,ST CLAIR AVE W,,Local,Toronto and East York,43.686713,-79.405063,Non Intersection,No Control,Clear,Daylight,Dry,Non-Fatal Injury,Cyclist Collisions,Cyclist,20 to 24,Major,,North,Bicycle,Going Ahead,,,,,,Motorist turned left across cyclists path.,Driving Properly,Normal,,Yes,Yes,,,,,Yes,,,,,,96,Casa Loma,96,Casa Loma (96),D53,628544.6549,4838312.7013
11549,80238704,,5/14/2015 8:00:00 AM,1538,DUNVEGAN RD,ST CLAIR AVE W,,Local,Toronto and East York,43.686713,-79.405063,Non Intersection,No Control,Clear,Daylight,Dry,Non-Fatal Injury,Cyclist Collisions,Passenger,0 to 4,None,,,,,,,,,,,,,,Yes,Yes,,,,,Yes,,,,,,96,Casa Loma,96,Casa Loma (96),D53,628544.6549,4838312.7013
11550,80496835,,5/14/2015 8:00:00 AM,1730,GERRARD ST E,GREENWOOD AVE,4 m East of,Minor Arterial,Toronto and East York,43.670912,-79.328014,Non Intersection,Traffic Signal,Clear,Daylight,Dry,Non-Fatal Injury,Turning Movement,Driver,45 to 49,None,,North,"Automobile, Station Wagon",Turning Right,Improper Turn,Normal,,,,,,,,,Yes,Yes,,,,,,,,,,65,Greenwood-Coxwell,65,Greenwood-Coxwell (65),D55,634789.8977,4836680.0992
11551,80496836,,5/14/2015 8:00:00 AM,1730,GERRARD ST E,GREENWOOD AVE,4 m East of,Minor Arterial,Toronto and East York,43.670912,-79.328014,Non Intersection,Traffic Signal,Clear,Daylight,Dry,Non-Fatal Injury,Turning Movement,Motorcycle Driver,30 to 34,Major,,East,Motorcycle,Going Ahead,Driving Properly,Normal,,,,,,,,,Yes,Yes,,,,,,,,,,65,Greenwood-Coxwell,65,Greenwood-Coxwell (65),D55,634789.8977,4836680.0992
11552,80238796,,5/15/2015 8:00:00 AM,1535,MORTIMER AVE,GLEBEMOUNT AVE,,Minor Arterial,Toronto and East York,43.691435,-79.320651,At Intersection,Stop Sign,Clear,Daylight,Wet,Non-Fatal Injury,Angle,Driver,15 to 19,None,,North,"Automobile, Station Wagon",Going Ahead,Failed to Yield Right of Way,Inattentive,,,,,,,,,Yes,Yes,,,,,,Yes,,,,59,Danforth East York,59,Danforth East York (59),D55,635337.3307,4838971.4529
11553,80238797,,5/15/2015 8:00:00 AM,1535,MORTIMER AVE,GLEBEMOUNT AVE,,Minor Arterial,Toronto and East York,43.691435,-79.320651,At Intersection,Stop Sign,Clear,Daylight,Wet,Non-Fatal Injury,Angle,Motorcycle Driver,55 to 59,Major,,East,Motorcycle,Overtaking,Driving Properly,Normal,,,,,,,,,Yes,Yes,,,,,,Yes,,,,59,Danforth East York,59,Danforth East York (59),D55,635337.3307,4838971.4529
11554,80238833,,5/16/2015 8:00:00 AM,211,755 QUEEN ST E,,10 m North o,Minor Arterial,Toronto and East York,43.659293,-79.347926,Non Intersection,No Control,Clear,"Dark, artificial",Dry,Non-Fatal Injury,Pedestrian Collisions,Driver,20 to 24,None,,East,"Automobile, Station Wagon",Going Ahead,Other,Had Been Drinking,,,,,,,Yes,,Yes,,,,,Yes,,,,,,70,South Riverdale,70,South Riverdale (70),D55,633210.339,4835357.4898
11555,80238834,,5/16/2015 8:00:00 AM,211,755 QUEEN ST E,,10 m North o,Minor Arterial,Toronto and East York,43.659293,-79.347926,Non Intersection,No Control,Clear,"Dark, artificial",Dry,Non-Fatal Injury,Pedestrian Collisions,Pedestrian,35 to 39,Major,,South,,,,,Pedestrian hit at mid-block,"Crossing, no Traffic Control",Normal,,,,Yes,,Yes,,,,,Yes,,,,,,70,South Riverdale,70,South Riverdale (70),D55,633210.339,4835357.4898
11556,80238835,,5/16/2015 8:00:00 AM,211,755 QUEEN ST E,,10 m North o,Minor Arterial,Toronto and East York,43.659293,-79.347926,Non Intersection,No Control,Clear,"Dark, artificial",Dry,Non-Fatal Injury,Pedestrian Collisions,Passenger,20 to 24,None,,,,,,,,,,,,,Yes,,Yes,,,,,Yes,,,,,,70,South Riverdale,70,South Riverdale (70),D55,633210.339,4835357.4898
11557,80238836,,5/16/2015 8:00:00 AM,211,755 QUEEN ST E,,10 m North o,Minor Arterial,Toronto and East York,43.659293,-79.347926,Non Intersection,No Control,Clear,"Dark, artificial",Dry,Non-Fatal Injury,Pedestrian Collisions,Passenger,20 to 24,None,,,,,,,,,,,,,Yes,,Yes,,,,,Yes,,,,,,70,South Riverdale,70,South Riverdale (70),D55,633210.339,4835357.4898
11558,80238837,,5/16/2015 8:00:00 AM,211,755 QUEEN ST E,,10 m North o,Minor Arterial,Toronto and East York,43.659293,-79.347926,Non Intersection,No Control,Clear,"Dark, artificial",Dry,Non-Fatal Injury,Pedestrian Collisions,Passenger,20 to 24,None,,,,,,,,,,,,,Yes,,Yes,,,,,Yes,,,,,,70,South Riverdale,70,South Riverdale (70),D55,633210.339,4835357.4898
11559,80238840,,5/16/2015 8:00:00 AM,325,BLOOR ST W,INDIAN GRV,50 m West of,Major Arterial,Toronto and East York,43.655169,-79.457828,Non Intersection,No Control,Clear,"Dark, artificial",Dry,Fatal,Pedestrian Collisions,Driver,65 to 69,None,,East,"Automobile, Station Wagon",Going Ahead,Driving Properly,Normal,,,,,,,Yes,,Yes,,,,,Yes,,,,,,87,High Park-Swansea,87,High Park-Swansea (87),D11,624357.126,4834728.8859
11560,80238841,,5/16/2015 8:00:00 AM,325,BLOOR ST W,INDIAN GRV,50 m West of,Major Arterial,Toronto and East York,43.655169,-79.457828,Non Intersection,No Control,Clear,"Dark, artificial",Dry,Fatal,Pedestrian Collisions,Pedestrian,40 to 44,Fatal,23,North,,,,,Pedestrian hit at mid-block,"Crossing, no Traffic Control",Had Been Drinking,,,,Yes,,Yes,,,,,Yes,,,,,,87,High Park-Swansea,87,High Park-Swansea (87),D11,624357.126,4834728.8859
11561,80238842,,5/16/2015 8:00:00 AM,325,BLOOR ST W,INDIAN GRV,50 m West of,Major Arterial,Toronto and East York,43.655169,-79.457828,Non Intersection,No Control,Clear,"Dark, artificial",Dry,Fatal,Pedestrian Collisions,Passenger,30 to 34,None,,,,,,,,,,,,,Yes,,Yes,,,,,Yes,,,,,,87,High Park-Swansea,87,High Park-Swansea (87),D11,624357.126,4834728.8859
11562,80000143,,5/19/2015 8:00:00 AM,823,ROXBOROUGH ST E,WRENTHAM PL,,Collector,Toronto and East York,43.679423,-79.382312,,Stop Sign,Clear,"Daylight, artificial",Dry,Fatal,Cyclist Collisions,Cyclist,75 to 79,Fatal,26,North,Bicycle,Turning Left,,,,,,Cyclist turned left across motorists path.,Improper Turn,Unknown,,Yes,Yes,,,,,,,,,,,98,Rosedale-Moore Park,98,Rosedale-Moore Park (98),D53,630394.0932,4837538.5638
11563,80000144,,5/19/2015 8:00:00 AM,823,ROXBOROUGH ST E,WRENTHAM PL,,Collector,Toronto and East York,43.679423,-79.382312,,Stop Sign,Clear,"Daylight, artificial",Dry,Fatal,Cyclist Collisions,Driver,40 to 44,Minimal,,East,"Automobile, Station Wagon",Going Ahead,Driving Properly,Normal,,,,,,,,Yes,Yes,,,,,,,,,,,98,Rosedale-Moore Park,98,Rosedale-Moore Park (98),D53,630394.0932,4837538.5638
11564,80239063,,5/20/2015 8:00:00 AM,600,JANE ST,STEELES AVE W,,Major Arterial,Etobicoke York,43.775401,-79.521693,At Intersection,Traffic Signal,Clear,Daylight,Dry,Non-Fatal Injury,SMV Other,Driver,40 to 44,Minor,,North,"Automobile, Station Wagon",Going Ahead,Lost control,Inattentive,,,,,,,,,Yes,,,,,Yes,,,,,,24,Black Creek,24,Black Creek (24),D31,618969.0049,4847988.5962
11565,80239064,,5/20/2015 8:00:00 AM,600,JANE ST,STEELES AVE W,,Major Arterial,Etobicoke York,43.775401,-79.521693,At Intersection,Traffic Signal,Clear,Daylight,Dry,Non-Fatal Injury,SMV Other,Passenger,35 to 39,Major,,,,,,,,,,,,,,,Yes,,,,,Yes,,,,,,24,Black Creek,24,Black Creek (24),D31,618969.0049,4847988.5962
11566,80239094,,5/20/2015 8:00:00 AM,1453,HIGH PARK AVE,ANNETTE ST,,Minor Arterial,Toronto and East York,43.662867,-79.469249,Intersection Related,Traffic Signal,Clear,Daylight,Dry,Non-Fatal Injury,Pedestrian Collisions,Driver,35 to 39,None,,North,"Automobile, Station Wagon",Turning Left,Failed to Yield Right of Way,Normal,,,,,,,Yes,,Yes,,,,,Yes,,Yes,,,,90,Junction Area,90,Junction Area (90),D11,623420.382,4835566.7964
11567,80239095,,5/20/2015 8:00:00 AM,1453,HIGH PARK AVE,ANNETTE ST,,Minor Arterial,Toronto and East York,43.662867,-79.469249,Intersection Related,Traffic Signal,Clear,Daylight,Dry,Non-Fatal Injury,Pedestrian Collisions,Passenger,50 to 54,None,,,,,,,,,,,,,Yes,,Yes,,,,,Yes,,Yes,,,,90,Junction Area,90,Junction Area (90),D11,623420.382,4835566.7964
11568,80239096,,5/20/2015 8:00:00 AM,1453,HIGH PARK AVE,ANNETTE ST,,Minor Arterial,Toronto and East York,43.662867,-79.469249,Intersection Related,Traffic Signal,Clear,Daylight,Dry,Non-Fatal Injury,Pedestrian Collisions,Pedestrian,30 to 34,Major,,South,,,,,Vehicle turns left while ped crosses with ROW at inter.,Crossing with right of way,Normal,,,,Yes,,Yes,,,,,Yes,,Yes,,,,90,Junction Area,90,Junction Area (90),D11,623420.382,4835566.7964
11569,80239204,,5/21/2015 8:00:00 AM,1514,GLEN WATFORD DR,RURAL AVE,,Collector,Scarborough,43.787783,-79.27634,At Intersection,Stop Sign,Clear,Daylight,Dry,Non-Fatal Injury,Pedestrian Collisions,Driver,45 to 49,None,,North,"Automobile, Station Wagon",Turning Left,Failed to Yield Right of Way,Inattentive,,,,,,,Yes,,Yes,,,,,,,Yes,,,,128,Agincourt South-Malvern West,128,Agincourt South-Malvern West (128),D42,638685.722,4849745.6194
11570,80239205,,5/21/2015 8:00:00 AM,1514,GLEN WATFORD DR,RURAL AVE,,Collector,Scarborough,43.787783,-79.27634,At Intersection,Stop Sign,Clear,Daylight,Dry,Non-Fatal Injury,Pedestrian Collisions,Pedestrian,15 to 19,Major,,South,,,,,Vehicle turns left while ped crosses with ROW at inter.,Crossing with right of way,Normal,,,,Yes,,Yes,,,,,,,Yes,,,,128,Agincourt South-Malvern West,128,Agincourt South-Malvern West (128),D42,638685.722,4849745.6194
11571,80632014,,5/21/2015 8:00:00 AM,2255,YONGE ST,FRONT ST E,10 m North o,Major Arterial,Toronto and East York,43.646811,-79.376933,At Intersection,Traffic Signal,Clear,"Dark, artificial",Dry,Non-Fatal Injury,Cyclist Collisions,Cyclist,35 to 39,Major,,South,Bicycle,Overtaking,,,,,,Cyclist and Driver travelling in same direction. One vehicle sideswipes the other.,Improper Passing,Normal,,Yes,Yes,,,,,Yes,,,,,,166,St Lawrence-East Bayfront-The Islands,77,Waterfront Communities-The Island (77),D51,630898.5313,4833925.0363
11572,80632015,,5/21/2015 8:00:00 AM,2255,YONGE ST,FRONT ST E,10 m North o,Major Arterial,Toronto and East York,43.646811,-79.376933,At Intersection,Traffic Signal,Clear,"Dark, artificial",Dry,Non-Fatal Injury,Cyclist Collisions,Driver,60 to 64,None,,South,Pick Up Truck,Going Ahead,Driving Properly,Normal,,,,,,,,Yes,Yes,,,,,Yes,,,,,,166,St Lawrence-East Bayfront-The Islands,77,Waterfront Communities-The Island (77),D51,630898.5313,4833925.0363
11573,80632016,,5/21/2015 8:00:00 AM,2255,YONGE ST,FRONT ST E,10 m North o,Major Arterial,Toronto and East York,43.646811,-79.376933,At Intersection,Traffic Signal,Clear,"Dark, artificial",Dry,Non-Fatal Injury,Cyclist Collisions,Passenger,20 to 24,None,,,,,,,,,,,,,,Yes,Yes,,,,,Yes,,,,,,166,St Lawrence-East Bayfront-The Islands,77,Waterfront Communities-The Island (77),D51,630898.5313,4833925.0363
11574,80496867,,5/22/2015 8:00:00 AM,822,DON MILLS RD,GREEN BELT DR,,Major Arterial,North York,43.727645,-79.340846,Intersection Related,Traffic Signal,Clear,Daylight,Dry,Fatal,Pedestrian Collisions,Driver,25 to 29,None,,South,"Automobile, Station Wagon",Turning Left,Failed to Yield Right of Way,Normal,,,,,,,Yes,,Yes,,,,,,,Yes,,,,42,Banbury-Don Mills,42,Banbury-Don Mills (42),D33,633629.3196,4842960.3276
11575,80496868,,5/22/2015 8:00:00 AM,822,DON MILLS RD,GREEN BELT DR,,Major Arterial,North York,43.727645,-79.340846,Intersection Related,Traffic Signal,Clear,Daylight,Dry,Fatal,Pedestrian Collisions,Driver,45 to 49,Minor,,North,"Automobile, Station Wagon",Going Ahead,Driving Properly,Normal,,,,,,,Yes,,Yes,,,,,,,Yes,,,,42,Banbury-Don Mills,42,Banbury-Don Mills (42),D33,633629.3196,4842960.3276
11576,80496869,,5/22/2015 8:00:00 AM,822,DON MILLS RD,GREEN BELT DR,,Major Arterial,North York,43.727645,-79.340846,Intersection Related,Traffic Signal,Clear,Daylight,Dry,Fatal,Pedestrian Collisions,Pedestrian,45 to 49,Fatal,22,Unknown,,,,,Pedestrian hit on sidewalk or shoulder,On Sidewalk or Shoulder,Normal,,,,Yes,,Yes,,,,,,,Yes,,,,42,Banbury-Don Mills,42,Banbury-Don Mills (42),D33,633629.3196,4842960.3276
11577,80496870,,5/22/2015 8:00:00 AM,822,DON MILLS RD,GREEN BELT DR,,Major Arterial,North York,43.727645,-79.340846,Intersection Related,Traffic Signal,Clear,Daylight,Dry,Fatal,Pedestrian Collisions,Pedestrian,15 to 19,Minor,,Unknown,,,,,Pedestrian hit on sidewalk or shoulder,On Sidewalk or Shoulder,Normal,,,,Yes,,Yes,,,,,,,Yes,,,,42,Banbury-Don Mills,42,Banbury-Don Mills (42),D33,633629.3196,4842960.3276
11578,80239310,,5/22/2015 8:00:00 AM,1115,DANFORTH AVE,FERRIER AVE,,Major Arterial,Toronto and East York,43.678198,-79.34827,Intersection Related,No Control,Clear,Daylight,Dry,Non-Fatal Injury,Rear End,Driver,35 to 39,None,,West,"Automobile, Station Wagon",Going Ahead,Following too Close,Normal,,,,,,,,,Yes,,,,,Yes,,Yes,,,Yes,68,North Riverdale,68,North Riverdale (68),D55,633140.795,4837456.5936
11579,80239311,,5/22/2015 8:00:00 AM,1115,DANFORTH AVE,FERRIER AVE,,Major Arterial,Toronto and East York,43.678198,-79.34827,Intersection Related,No Control,Clear,Daylight,Dry,Non-Fatal Injury,Rear End,Driver,45 to 49,Major,,West,Pick Up Truck,Slowing or Stopping,Other,Medical or Physical Disability,,,,,,,,,Yes,,,,,Yes,,Yes,,,Yes,68,North Riverdale,68,North Riverdale (68),D55,633140.795,4837456.5936
11580,80239312,,5/22/2015 8:00:00 AM,1115,DANFORTH AVE,FERRIER AVE,,Major Arterial,Toronto and East York,43.678198,-79.34827,Intersection Related,No Control,Clear,Daylight,Dry,Non-Fatal Injury,Rear End,Passenger,0 to 4,None,,,,,,,,,,,,,,,Yes,,,,,Yes,,Yes,,,Yes,68,North Riverdale,68,North Riverdale (68),D55,633140.795,4837456.5936
11581,80239313,,5/22/2015 8:00:00 AM,1115,DANFORTH AVE,FERRIER AVE,,Major Arterial,Toronto and East York,43.678198,-79.34827,Intersection Related,No Control,Clear,Daylight,Dry,Non-Fatal Injury,Rear End,Passenger,0 to 4,None,,,,,,,,,,,,,,,Yes,,,,,Yes,,Yes,,,Yes,68,North Riverdale,68,North Riverdale (68),D55,633140.795,4837456.5936
11582,80239413,,5/23/2015 8:00:00 AM,1030,MARINE PARADE DR,PARK LAWN RD,,Major Arterial,Etobicoke York,43.622958,-79.481197,At Intersection,Traffic Signal,Clear,Daylight,Dry,Non-Fatal Injury,Cyclist Collisions,Driver,50 to 54,None,,East,"Automobile, Station Wagon",Turning Right,Failed to Yield Right of Way,Normal,,,,,,,,Yes,Yes,,,,,,,Yes,,,,161,Humber Bay Shores,17,Mimico (includes Humber Bay Shores) (17),D22,622538.1473,4831116.6899
11583,80239414,,5/23/2015 8:00:00 AM,1030,MARINE PARADE DR,PARK LAWN RD,,Major Arterial,Etobicoke York,43.622958,-79.481197,At Intersection,Traffic Signal,Clear,Daylight,Dry,Non-Fatal Injury,Cyclist Collisions,Cyclist,45 to 49,Major,,East,Bicycle,Going Ahead,,,,,,"Motorist turns right at non-signal Inter.(stop, yield, no cont.,and dwy) and strikes cyclist.",Driving Properly,Normal,,Yes,Yes,,,,,,,Yes,,,,161,Humber Bay Shores,17,Mimico (includes Humber Bay Shores) (17),D22,622538.1473,4831116.6899
11584,80632017,,5/24/2015 8:00:00 AM,1413,BATHURST ST,ULSTER ST,35 m North o,Major Arterial,Toronto and East York,43.659735,-79.409045,Non Intersection,Traffic Signal,Clear,Daylight,Other,Non-Fatal Injury,SMV Other,Motorcycle Driver,25 to 29,Major,,South,Motorcycle,Going Ahead,Driving Properly,Other,,,,,,,,,,Yes,,,,,,,,,,79,University,79,University (79),D14,628281.1878,4835310.2668
11585,80496920,,5/25/2015 8:00:00 AM,1828,MORNINGSIDE AVE,SHEPPARD AVE E,,Major Arterial,Scarborough,43.801963,-79.199764,Intersection Related,Traffic Signal,Clear,Daylight,Dry,Non-Fatal Injury,Turning Movement,Driver,55 to 59,None,,North,"Automobile, Station Wagon",Turning Left,Failed to Yield Right of Way,Normal,,,,,,,,,Yes,Yes,,,,Yes,,Yes,,,,144,Morningside Heights,131,Rouge (131),D42,644812.8441,4851451.6927
11586,80496921,,5/25/2015 8:00:00 AM,1828,MORNINGSIDE AVE,SHEPPARD AVE E,,Major Arterial,Scarborough,43.801963,-79.199764,Intersection Related,Traffic Signal,Clear,Daylight,Dry,Non-Fatal Injury,Turning Movement,Motorcycle Driver,20 to 24,Major,,South,Motorcycle,Going Ahead,Driving Properly,Normal,,,,,,,,,Yes,Yes,,,,Yes,,Yes,,,,144,Morningside Heights,131,Rouge (131),D42,644812.8441,4851451.6927