OBJECTID,INDEX,ACCNUM,DATE,TIME,STREET1,STREET2,OFFSET,ROAD_CLASS,DISTRICT,LATITUDE,LONGITUDE,ACCLOC,TRAFFCTL,VISIBILITY,LIGHT,RDSFCOND,ACCLASS,IMPACTYPE,INVTYPE,INVAGE,INJURY,FATAL_NO,INITDIR,VEHTYPE,MANOEUVER,DRIVACT,DRIVCOND,PEDTYPE,PEDACT,PEDCOND,CYCLISTYPE,CYCACT,CYCCOND,PEDESTRIAN,CYCLIST,AUTOMOBILE,MOTORCYCLE,TRUCK,TRSN_CITY_VEH,EMERG_VEH,PASSENGER,SPEEDING,AG_DRIV,REDLIGHT,ALCOHOL,DISABILITY,HOOD_158,NEIGHBOURHOOD_158,HOOD_140,NEIGHBOURHOOD_140,DIVISION,x,y
11587,80496922,,5/25/2015 8:00:00 AM,1828,MORNINGSIDE AVE,SHEPPARD AVE E,,Major Arterial,Scarborough,43.801963,-79.199764,Intersection Related,Traffic Signal,Clear,Daylight,Dry,Non-Fatal Injury,Turning Movement,Motorcycle Passenger,15 to 19,Major,,,,,,,,,,,,,,,Yes,Yes,,,,Yes,,Yes,,,,144,Morningside Heights,131,Rouge (131),D42,644812.8441,4851451.6927
11588,80239747,,5/26/2015 8:00:00 AM,1855,ST CLAIR AVE E,O CONNOR DR,,Major Arterial,Toronto and East York,43.705386,-79.312824,Intersection Related,Traffic Signal,Clear,Daylight,Dry,Non-Fatal Injury,Pedestrian Collisions,Driver,60 to 64,Minimal,,North,"Automobile, Station Wagon",Going Ahead,Disobeyed Traffic Control,Inattentive,,,,,,,Yes,,Yes,,,,,Yes,,Yes,Yes,,,54,O'Connor-Parkview,54,O'Connor-Parkview (54),D55,635936.5785,4840533.7136
11589,80239748,,5/26/2015 8:00:00 AM,1855,ST CLAIR AVE E,O CONNOR DR,,Major Arterial,Toronto and East York,43.705386,-79.312824,Intersection Related,Traffic Signal,Clear,Daylight,Dry,Non-Fatal Injury,Pedestrian Collisions,Pedestrian,40 to 44,Major,,East,,,,,Vehicle is going straight thru inter.while ped cross with ROW,Crossing with right of way,Normal,,,,Yes,,Yes,,,,,Yes,,Yes,Yes,,,54,O'Connor-Parkview,54,O'Connor-Parkview (54),D55,635936.5785,4840533.7136
11590,80239749,,5/26/2015 8:00:00 AM,1855,ST CLAIR AVE E,O CONNOR DR,,Major Arterial,Toronto and East York,43.705386,-79.312824,Intersection Related,Traffic Signal,Clear,Daylight,Dry,Non-Fatal Injury,Pedestrian Collisions,Passenger,25 to 29,None,,,,,,,,,,,,,Yes,,Yes,,,,,Yes,,Yes,Yes,,,54,O'Connor-Parkview,54,O'Connor-Parkview (54),D55,635936.5785,4840533.7136
11591,80496954,,5/27/2015 8:00:00 AM,2120,TANGAMO RD,MOFORD CRES,17 m North o,Local,Etobicoke York,43.69047,-79.559459,Non Intersection,Stop Sign,Clear,"Dark, artificial",Dry,Fatal,SMV Other,Driver,15 to 19,Fatal,24,South,"Automobile, Station Wagon",Going Ahead,Other,Unknown,,,,,,,,,Yes,,,,,,,,,,,7,Willowridge-Martingrove-Richview,7,Willowridge-Martingrove-Richview (7),D23,616093.6909,4838502.2338
11592,80239901,,5/28/2015 8:00:00 AM,1420,BATHURST ST,FRONT ST W,25 m South o,Major Arterial,Toronto and East York,43.641295,-79.401637,Non Intersection,No Control,Clear,Daylight,Dry,Non-Fatal Injury,Cyclist Collisions,Cyclist,45 to 49,Major,,North,Bicycle,Going Ahead,,,,,,Insufficient information (to determine cyclist crash type).,Other,Had Been Drinking,,Yes,Yes,,,,,,,,,,,164,Wellington Place,77,Waterfront Communities-The Island (77),D14,628917.9589,4833273.7441
11593,80239902,,5/28/2015 8:00:00 AM,1420,BATHURST ST,FRONT ST W,25 m South o,Major Arterial,Toronto and East York,43.641295,-79.401637,Non Intersection,No Control,Clear,Daylight,Dry,Non-Fatal Injury,Cyclist Collisions,Driver,50 to 54,None,,South,"Automobile, Station Wagon",Going Ahead,Driving Properly,Normal,,,,,,,,Yes,Yes,,,,,,,,,,,164,Wellington Place,77,Waterfront Communities-The Island (77),D14,628917.9589,4833273.7441
11594,80239981,,5/29/2015 8:00:00 AM,1109,169 KINGSLAKE RD,,,Collector,North York,43.789248,-79.343745,At/Near Private Drive,No Control,Clear,Daylight,Dry,Non-Fatal Injury,Other,Driver,40 to 44,Major,,East,"Automobile, Station Wagon",Reversing,Other,Inattentive,,,,,,,,,Yes,,,,,,,,,,,47,Don Valley Village,47,Don Valley Village (47),D33,633259.0026,4849797.6032
11595,80239982,,5/29/2015 8:00:00 AM,1230,THE QUEENSWAY,VIBE RD,33 m West of,Major Arterial,Etobicoke York,43.621604,-79.523433,At/Near Private Drive,No Control,Clear,Daylight,Dry,Non-Fatal Injury,Angle,Driver,20 to 24,None,,North,"Automobile, Station Wagon",Going Ahead,Failed to Yield Right of Way,Inattentive,,,,,,,,,Yes,,,,,,,Yes,,,,159,Etobicoke City Centre,14,Islington-City Centre West (14),D22,619133.1602,4830904.8442
11596,80239983,,5/29/2015 8:00:00 AM,1230,THE QUEENSWAY,VIBE RD,33 m West of,Major Arterial,Etobicoke York,43.621604,-79.523433,At/Near Private Drive,No Control,Clear,Daylight,Dry,Non-Fatal Injury,Angle,Driver,85 to 89,Major,,West,Other,Going Ahead,Driving Properly,Normal,,,,,,,,,Yes,,,,,,,Yes,,,,159,Etobicoke City Centre,14,Islington-City Centre West (14),D22,619133.1602,4830904.8442
11597,80496970,,5/29/2015 8:00:00 AM,1621,LAKE SHORE BLVD E,LESLIE ST,374 m West o,Major Arterial,Toronto and East York,43.657817,-79.331432,Non Intersection,No Control,Clear,Daylight,Dry,Non-Fatal Injury,Rear End,Truck Driver,60 to 64,None,,West,Truck - Dump,Changing Lanes,Following too Close,Normal,,,,,,,,,Yes,,Yes,,,,,Yes,,,,70,South Riverdale,70,South Riverdale (70),D55,634543.598,4835220.1743
11598,80496971,,5/29/2015 8:00:00 AM,1621,LAKE SHORE BLVD E,LESLIE ST,374 m West o,Major Arterial,Toronto and East York,43.657817,-79.331432,Non Intersection,No Control,Clear,Daylight,Dry,Non-Fatal Injury,Rear End,Driver,40 to 44,Major,,West,"Automobile, Station Wagon",Going Ahead,Driving Properly,Normal,,,,,,,,,Yes,,Yes,,,,,Yes,,,,70,South Riverdale,70,South Riverdale (70),D55,634543.598,4835220.1743
11599,80240055,,5/30/2015 8:00:00 AM,2,DUNDAS ST W,EDNA AVE,2 m North of,Minor Arterial,Toronto and East York,43.657214,-79.45267,At Intersection,No Control,Clear,"Dark, artificial",Dry,Non-Fatal Injury,Cyclist Collisions,Cyclist,50 to 54,Major,,West,Bicycle,Going Ahead,,,,,,"Cyclist without ROW rides into path of motorist at inter, lnwy, dwy-Cyclist not turn.",Failed to Yield Right of Way,Normal,,Yes,Yes,,,,,,,,,,,88,High Park North,88,High Park North (88),D11,624768.8236,4834963.7529
11600,80240056,,5/30/2015 8:00:00 AM,2,DUNDAS ST W,EDNA AVE,2 m North of,Minor Arterial,Toronto and East York,43.657214,-79.45267,At Intersection,No Control,Clear,"Dark, artificial",Dry,Non-Fatal Injury,Cyclist Collisions,Driver,40 to 44,None,,North,"Automobile, Station Wagon",Going Ahead,Driving Properly,Normal,,,,,,,,Yes,Yes,,,,,,,,,,,88,High Park North,88,High Park North (88),D11,624768.8236,4834963.7529
11601,80240148,,5/31/2015 8:00:00 AM,241,YONGE ST,SHEPPARD AVE W,,Major Arterial,North York,43.7615,-79.410922,At Intersection,Traffic Signal,Rain,"Dark, artificial",Wet,Non-Fatal Injury,Pedestrian Collisions,Driver,35 to 39,None,,South,"Automobile, Station Wagon",Going Ahead,Driving Properly,Normal,,,,,,,Yes,,Yes,,,,,,,,,,,153,Avondale,51,Willowdale East (51),D32,627913.173,4846609.807
11602,80240149,,5/31/2015 8:00:00 AM,241,YONGE ST,SHEPPARD AVE W,,Major Arterial,North York,43.7615,-79.410922,At Intersection,Traffic Signal,Rain,"Dark, artificial",Wet,Non-Fatal Injury,Pedestrian Collisions,Pedestrian,50 to 54,Major,,West,,,,,Vehicle is going straight thru inter.while ped cross without ROW,Crossing without right of way,Unknown,,,,Yes,,Yes,,,,,,,,,,,153,Avondale,51,Willowdale East (51),D32,627913.173,4846609.807
11603,80000141,,5/31/2015 8:00:00 AM,2104,BLOOR ST W,WESTMORELAND AVE,,Major Arterial,Toronto and East York,43.660933,-79.430408,,No Control,Rain,Dusk,Wet,Fatal,Pedestrian Collisions,Pedestrian,35 to 39,Fatal,25,South,,,,,Pedestrian hit at mid-block,"Crossing, no Traffic Control",Normal,,,,Yes,,Yes,,,,,,Yes,Yes,,,,83,Dufferin Grove,83,Dufferin Grove (83),D14,626556.1218,4835410.5128
11604,80000142,,5/31/2015 8:00:00 AM,2104,BLOOR ST W,WESTMORELAND AVE,,Major Arterial,Toronto and East York,43.660933,-79.430408,,No Control,Rain,Dusk,Wet,Fatal,Pedestrian Collisions,Driver,unknown,None,,West,"Automobile, Station Wagon",Going Ahead,Speed too Fast For Condition,Unknown,,,,,,,Yes,,Yes,,,,,,Yes,Yes,,,,83,Dufferin Grove,83,Dufferin Grove (83),D14,626556.1218,4835410.5128
11605,80240366,,6/2/2015 8:00:00 AM,1233,LAWRENCE AVE E,MCCOWAN RD,,Major Arterial,Scarborough,43.755538,-79.245418,At Intersection,Traffic Signal,Clear,Daylight,Dry,Fatal,Pedestrian Collisions,Driver,80 to 84,Minor,,West,"Automobile, Station Wagon",Going Ahead,Driving Properly,Normal,,,,,,,Yes,,Yes,,,,,,,,,,,157,Bendale South,127,Bendale (127),D43,641249.628,4846216.5828
11606,80503039,,6/2/2015 8:00:00 AM,1233,LAWRENCE AVE E,MCCOWAN RD,,Major Arterial,Scarborough,43.755538,-79.245418,At Intersection,Traffic Signal,Clear,Daylight,Dry,Fatal,Pedestrian Collisions,Pedestrian,70 to 74,Fatal,27,North,,,,,Vehicle is going straight thru inter.while ped cross without ROW,Crossing without right of way,Unknown,,,,Yes,,Yes,,,,,,,,,,,157,Bendale South,127,Bendale (127),D43,641249.628,4846216.5828
11607,80503040,,6/2/2015 8:00:00 AM,1233,LAWRENCE AVE E,MCCOWAN RD,,Major Arterial,Scarborough,43.755538,-79.245418,At Intersection,Traffic Signal,Clear,Daylight,Dry,Fatal,Pedestrian Collisions,Driver,80 to 84,None,,West,"Automobile, Station Wagon",Going Ahead,Driving Properly,Normal,,,,,,,Yes,,Yes,,,,,,,,,,,157,Bendale South,127,Bendale (127),D43,641249.628,4846216.5828
11608,80632019,,6/2/2015 8:00:00 AM,1854,SPENVALLEY DR,ARLETA AVE,,Collector,Etobicoke York,43.74364,-79.501498,At Intersection,Stop Sign,Clear,Daylight,Dry,Non-Fatal Injury,Pedestrian Collisions,Driver,75 to 79,None,,East,"Automobile, Station Wagon",Turning Left,Failed to Yield Right of Way,Normal,,,,,,,Yes,,Yes,,,,,,,Yes,,,,25,Glenfield-Jane Heights,25,Glenfield-Jane Heights (25),D31,620658.0639,4844490.2828
11609,80632020,,6/2/2015 8:00:00 AM,1854,SPENVALLEY DR,ARLETA AVE,,Collector,Etobicoke York,43.74364,-79.501498,At Intersection,Stop Sign,Clear,Daylight,Dry,Non-Fatal Injury,Pedestrian Collisions,Pedestrian,75 to 79,Major,,South,,,,,Vehicle turns left while ped crosses with ROW at inter.,Crossing with right of way,Normal,,,,Yes,,Yes,,,,,,,Yes,,,,25,Glenfield-Jane Heights,25,Glenfield-Jane Heights (25),D31,620658.0639,4844490.2828
11610,80240420,,6/3/2015 8:00:00 AM,51,BAYVIEW AVE,BOWAN CRT,,Major Arterial,North York,43.795054,-79.394183,At Intersection,Stop Sign,Clear,"Dark, artificial",Dry,Non-Fatal Injury,Turning Movement,Driver,35 to 39,Major,,North,"Automobile, Station Wagon",Going Ahead,Exceeding Speed Limit,Had Been Drinking,,,,,,,,,Yes,,,Yes,,Yes,Yes,Yes,,,,49,Bayview Woods-Steeles,49,Bayview Woods-Steeles (49),D33,629188.3122,4850362.4851
11611,80240421,,6/3/2015 8:00:00 AM,51,BAYVIEW AVE,BOWAN CRT,,Major Arterial,North York,43.795054,-79.394183,At Intersection,Stop Sign,Clear,"Dark, artificial",Dry,Non-Fatal Injury,Turning Movement,Driver,55 to 59,None,,West,"Bus (Other) (Go Bus, Gray Coa",Turning Left,Other,Had Been Drinking,,,,,,,,,Yes,,,Yes,,Yes,Yes,Yes,,,,49,Bayview Woods-Steeles,49,Bayview Woods-Steeles (49),D33,629188.3122,4850362.4851
11612,80240422,,6/3/2015 8:00:00 AM,51,BAYVIEW AVE,BOWAN CRT,,Major Arterial,North York,43.795054,-79.394183,At Intersection,Stop Sign,Clear,"Dark, artificial",Dry,Non-Fatal Injury,Turning Movement,Passenger,30 to 34,Major,,,,,,,,,,,,,,,Yes,,,Yes,,Yes,Yes,Yes,,,,49,Bayview Woods-Steeles,49,Bayview Woods-Steeles (49),D33,629188.3122,4850362.4851
11613,80632021,,6/3/2015 8:00:00 AM,2001,BRIMLEY RD,EGLINTON AVE E,,Major Arterial,Scarborough,43.736624,-79.24805,At Intersection,Traffic Signal,Clear,"Dawn, artificial",Dry,Non-Fatal Injury,Pedestrian Collisions,Driver,55 to 59,None,,North,"Automobile, Station Wagon",Turning Left,Failed to Yield Right of Way,Normal,,,,,,,Yes,,Yes,,,,,,,Yes,,,,124,Kennedy Park,124,Kennedy Park (124),D41,641082.1697,4844111.4105
11614,80632022,,6/3/2015 8:00:00 AM,2001,BRIMLEY RD,EGLINTON AVE E,,Major Arterial,Scarborough,43.736624,-79.24805,At Intersection,Traffic Signal,Clear,"Dawn, artificial",Dry,Non-Fatal Injury,Pedestrian Collisions,Pedestrian,25 to 29,Major,,South,,,,,Vehicle turns left while ped crosses with ROW at inter.,Crossing with right of way,Normal,,,,Yes,,Yes,,,,,,,Yes,,,,124,Kennedy Park,124,Kennedy Park (124),D41,641082.1697,4844111.4105
11615,80240564,,6/4/2015 8:00:00 AM,242,MARKHAM RD,LAWRENCE AVE E,,Major Arterial,Scarborough,43.75981,-79.225314,Intersection Related,Traffic Signal,Clear,"Dark, artificial",Dry,Non-Fatal Injury,Rear End,Driver,35 to 39,Major,,South,"Automobile, Station Wagon",Going Ahead,Lost control,Had Been Drinking,,,,,,,,,Yes,,Yes,,,,,,,,,141,Golfdale-Cedarbrae-Woburn,137,Woburn (137),D43,642857.9185,4846725.5382
11616,80240565,,6/4/2015 8:00:00 AM,242,MARKHAM RD,LAWRENCE AVE E,,Major Arterial,Scarborough,43.75981,-79.225314,Intersection Related,Traffic Signal,Clear,"Dark, artificial",Dry,Non-Fatal Injury,Rear End,Truck Driver,30 to 34,None,,South,Truck-Tractor,Stopped,Driving Properly,Normal,,,,,,,,,Yes,,Yes,,,,,,,,,141,Golfdale-Cedarbrae-Woburn,137,Woburn (137),D43,642857.9185,4846725.5382
11617,80240607,,6/4/2015 8:00:00 AM,1255,COMMISSIONERS ST,BOUCHETTE ST,80 m East of,Collector,Toronto and East York,43.65108,-79.339046,Non Intersection,No Control,Clear,Daylight,Dry,Non-Fatal Injury,SMV Other,Driver,45 to 49,Major,,East,"Automobile, Station Wagon",Changing Lanes,Exceeding Speed Limit,Inattentive,,,,,,,,,Yes,,,,,,Yes,Yes,,,,70,South Riverdale,70,South Riverdale (70),D55,633944.6199,4834459.6223
11618,80240650,,6/4/2015 8:00:00 AM,2135,DUNDAS ST W,ROYAL YORK RD,300 m East o,Major Arterial,Etobicoke York,43.659487,-79.513393,Non Intersection,Traffic Signal,Clear,"Dark, artificial",Dry,Non-Fatal Injury,Pedestrian Collisions,Driver,75 to 79,None,,East,"Automobile, Station Wagon",Going Ahead,Driving Properly,Normal,,,,,,,Yes,,Yes,,,,,,,,,,,15,Kingsway South,15,Kingsway South (15),D22,619867.8642,4835126.683
11619,80240651,,6/4/2015 8:00:00 AM,2135,DUNDAS ST W,ROYAL YORK RD,300 m East o,Major Arterial,Etobicoke York,43.659487,-79.513393,Non Intersection,Traffic Signal,Clear,"Dark, artificial",Dry,Non-Fatal Injury,Pedestrian Collisions,Pedestrian,45 to 49,Major,,South,,,,,Vehicle is going straight thru inter.while ped cross without ROW,Crossing without right of way,Inattentive,,,,Yes,,Yes,,,,,,,,,,,15,Kingsway South,15,Kingsway South (15),D22,619867.8642,4835126.683
11620,80240865,,6/7/2015 8:00:00 AM,1830,YONGE ST,LAWRENCE AVE E,,Major Arterial,North York,43.725032,-79.402156,At Intersection,Traffic Signal,Clear,Daylight,Dry,Non-Fatal Injury,Cyclist Collisions,Cyclist,50 to 54,Major,,North,Bicycle,Going Ahead,,,,,,Cyclist and Driver travelling in same direction. One vehicle sideswipes the other.,Lost control,Normal,,Yes,,,,Yes,,,,,,,,103,Lawrence Park South,103,Lawrence Park South (103),D53,628696.92,4842573.0751
11621,80240866,,6/7/2015 8:00:00 AM,1830,YONGE ST,LAWRENCE AVE E,,Major Arterial,North York,43.725032,-79.402156,At Intersection,Traffic Signal,Clear,Daylight,Dry,Non-Fatal Injury,Cyclist Collisions,Driver,45 to 49,None,,North,Municipal Transit Bus (TTC),Going Ahead,Driving Properly,Normal,,,,,,,,Yes,,,,Yes,,,,,,,,103,Lawrence Park South,103,Lawrence Park South (103),D53,628696.92,4842573.0751
11622,80497050,,6/7/2015 8:00:00 AM,1850,YONGE ST,CUMMER AVE,38 m North o,Major Arterial,North York,43.787596,-79.417468,Non Intersection,No Control,Clear,Daylight,Dry,Non-Fatal Injury,SMV Other,Driver,20 to 24,Major,,South,Pick Up Truck,Going Ahead,Lost control,Unknown,,,,,,,,,Yes,,,,,,,,,,,50,Newtonbrook East,50,Newtonbrook East (50),D32,627330.8494,4849498.0763
11623,80240820,,6/7/2015 8:00:00 AM,2316,169 SHAW ST,,,Collector,Toronto and East York,43.646323,-79.416911,Non Intersection,No Control,Clear,"Dark, artificial",Dry,Non-Fatal Injury,Cyclist Collisions,Cyclist,25 to 29,Major,,North,Bicycle,Going Ahead,,,,,,Cyclist strikes a parked vehicle.,Lost control,"Ability Impaired, Alcohol",,Yes,,,,,,,,,,,,81,Trinity-Bellwoods,81,Trinity-Bellwoods (81),D14,627675.3512,4833808.5573
11624,80240982,,6/8/2015 8:00:00 AM,1915,PATON RD,LANSDOWNE AVE,,Minor Arterial,Toronto and East York,43.660639,-79.443607,At Intersection,Stop Sign,Other,Daylight,Other,Non-Fatal Injury,Angle,Driver,40 to 44,None,,East,"Automobile, Station Wagon",Going Ahead,Failed to Yield Right of Way,Unknown,,,,,,,,Yes,Yes,,,,,,,Yes,,,,171,Junction-Wallace Emerson,93,Dovercourt-Wallace Emerson-Junction (93),D11,625492.4894,4835357.8119
11625,80240983,,6/8/2015 8:00:00 AM,1915,PATON RD,LANSDOWNE AVE,,Minor Arterial,Toronto and East York,43.660639,-79.443607,At Intersection,Stop Sign,Other,Daylight,Other,Non-Fatal Injury,Angle,Moped Driver,50 to 54,Major,,North,Moped,Going Ahead,Driving Properly,Unknown,,,,,,,,Yes,Yes,,,,,,,Yes,,,,171,Junction-Wallace Emerson,93,Dovercourt-Wallace Emerson-Junction (93),D11,625492.4894,4835357.8119
11626,80240988,,6/9/2015 8:00:00 AM,25,878 YONGE  ST,,20 m North o,Major Arterial,Toronto and East York,43.672415,-79.387683,Intersection Related,No Control,Clear,"Dark, artificial",Dry,Non-Fatal Injury,Turning Movement,Driver,40 to 44,Major,,North,"Automobile, Station Wagon",Turning Left,Improper Turn,Normal,,,,,,,,,Yes,,,,,Yes,Yes,Yes,,Yes,,98,Rosedale-Moore Park,98,Rosedale-Moore Park (98),D53,629976.2875,4836751.8004
11627,80240989,,6/9/2015 8:00:00 AM,25,878 YONGE  ST,,20 m North o,Major Arterial,Toronto and East York,43.672415,-79.387683,Intersection Related,No Control,Clear,"Dark, artificial",Dry,Non-Fatal Injury,Turning Movement,Driver,30 to 34,None,,South,"Automobile, Station Wagon",Going Ahead,Speed too Fast For Condition,"Ability Impaired, Alcohol Over .08",,,,,,,,,Yes,,,,,Yes,Yes,Yes,,Yes,,98,Rosedale-Moore Park,98,Rosedale-Moore Park (98),D53,629976.2875,4836751.8004
11628,80240990,,6/9/2015 8:00:00 AM,25,878 YONGE  ST,,20 m North o,Major Arterial,Toronto and East York,43.672415,-79.387683,Intersection Related,No Control,Clear,"Dark, artificial",Dry,Non-Fatal Injury,Turning Movement,Passenger,40 to 44,Major,,,,,,,,,,,,,,,Yes,,,,,Yes,Yes,Yes,,Yes,,98,Rosedale-Moore Park,98,Rosedale-Moore Park (98),D53,629976.2875,4836751.8004
11629,80240991,,6/9/2015 8:00:00 AM,25,878 YONGE  ST,,20 m North o,Major Arterial,Toronto and East York,43.672415,-79.387683,Intersection Related,No Control,Clear,"Dark, artificial",Dry,Non-Fatal Injury,Turning Movement,Passenger,30 to 34,None,,,,,,,,,,,,,,,Yes,,,,,Yes,Yes,Yes,,Yes,,98,Rosedale-Moore Park,98,Rosedale-Moore Park (98),D53,629976.2875,4836751.8004
11630,80241009,,6/9/2015 8:00:00 AM,1047,DUNDAS ST W,HURON ST,,Major Arterial,Toronto and East York,43.653159,-79.397022,Non Intersection,No Control,Clear,Daylight,Dry,Non-Fatal Injury,Rear End,Driver,45 to 49,Major,,East,"Automobile, Station Wagon",Going Ahead,Lost control,Medical or Physical Disability,,,,,,,,,Yes,,,,,Yes,,,,,Yes,78,Kensington-Chinatown,78,Kensington-Chinatown (78),D52,629264.7404,4834598.5745
11631,80241010,,6/9/2015 8:00:00 AM,1047,DUNDAS ST W,HURON ST,,Major Arterial,Toronto and East York,43.653159,-79.397022,Non Intersection,No Control,Clear,Daylight,Dry,Non-Fatal Injury,Rear End,Driver,50 to 54,None,,East,"Automobile, Station Wagon",Stopped,Driving Properly,Normal,,,,,,,,,Yes,,,,,Yes,,,,,Yes,78,Kensington-Chinatown,78,Kensington-Chinatown (78),D52,629264.7404,4834598.5745
11632,80241011,,6/9/2015 8:00:00 AM,1047,DUNDAS ST W,HURON ST,,Major Arterial,Toronto and East York,43.653159,-79.397022,Non Intersection,No Control,Clear,Daylight,Dry,Non-Fatal Injury,Rear End,Passenger,45 to 49,None,,,,,,,,,,,,,,,Yes,,,,,Yes,,,,,Yes,78,Kensington-Chinatown,78,Kensington-Chinatown (78),D52,629264.7404,4834598.5745
11633,80497074,,6/11/2015 8:00:00 AM,24,FINCH AVE W,TOBERMORY DR,,Major Arterial,Etobicoke York,43.759272,-79.507922,At Intersection,Traffic Signal,Clear,"Dark, artificial",Dry,Fatal,Cyclist Collisions,Driver,20 to 24,None,,West,"Automobile, Station Wagon",Going Ahead,Exceeding Speed Limit,"Ability Impaired, Alcohol",,,,,,,,Yes,Yes,,,,,,Yes,Yes,,Yes,,25,Glenfield-Jane Heights,25,Glenfield-Jane Heights (25),D31,620109.532,4846217.1092
11634,80497075,,6/11/2015 8:00:00 AM,24,FINCH AVE W,TOBERMORY DR,,Major Arterial,Etobicoke York,43.759272,-79.507922,At Intersection,Traffic Signal,Clear,"Dark, artificial",Dry,Fatal,Cyclist Collisions,Cyclist,40 to 44,Fatal,28,West,Bicycle,Going Ahead,,,,,,Cyclist and Driver travelling in same direction. One vehicle rear-ended the other.,Driving Properly,Unknown,,Yes,Yes,,,,,,Yes,Yes,,Yes,,25,Glenfield-Jane Heights,25,Glenfield-Jane Heights (25),D31,620109.532,4846217.1092
11635,80008582,,6/11/2015 8:00:00 AM,1322,YONGE ST,EMPRESS AVE,,Major Arterial,North York,43.769263,-79.412891,At Intersection,Traffic Signal,Clear,Daylight,Dry,Fatal,Pedestrian Collisions,Driver,55 to 59,None,,East,"Automobile, Station Wagon",Going Ahead,Driving Properly,Normal,,,,,,,Yes,,Yes,,,,,,,,,,,151,Yonge-Doris,51,Willowdale East (51),D32,627738.1521,4847468.9661
11636,80241215,,6/11/2015 8:00:00 AM,1322,YONGE ST,EMPRESS AVE,,Major Arterial,North York,43.769263,-79.412891,At Intersection,Traffic Signal,Clear,Daylight,Dry,Fatal,Pedestrian Collisions,Driver,60 to 64,Minor,,East,"Automobile, Station Wagon",Turning Left,Lost control,Unknown,,,,,,,Yes,,Yes,,,,,,,,,,,151,Yonge-Doris,51,Willowdale East (51),D32,627738.1521,4847468.9661
11637,80241216,,6/11/2015 8:00:00 AM,1322,YONGE ST,EMPRESS AVE,,Major Arterial,North York,43.769263,-79.412891,At Intersection,Traffic Signal,Clear,Daylight,Dry,Fatal,Pedestrian Collisions,Pedestrian,65 to 69,Fatal,29,,,,,,Pedestrian hit on sidewalk or shoulder,On Sidewalk or Shoulder,Normal,,,,Yes,,Yes,,,,,,,,,,,151,Yonge-Doris,51,Willowdale East (51),D32,627738.1521,4847468.9661
11638,80241217,,6/11/2015 8:00:00 AM,1322,YONGE ST,EMPRESS AVE,,Major Arterial,North York,43.769263,-79.412891,At Intersection,Traffic Signal,Clear,Daylight,Dry,Fatal,Pedestrian Collisions,Pedestrian,55 to 59,Major,,,,,,,Pedestrian hit on sidewalk or shoulder,On Sidewalk or Shoulder,Unknown,,,,Yes,,Yes,,,,,,,,,,,151,Yonge-Doris,51,Willowdale East (51),D32,627738.1521,4847468.9661
11639,80241218,,6/11/2015 8:00:00 AM,1322,YONGE ST,EMPRESS AVE,,Major Arterial,North York,43.769263,-79.412891,At Intersection,Traffic Signal,Clear,Daylight,Dry,Fatal,Pedestrian Collisions,Pedestrian,65 to 69,Major,,,,,,,Pedestrian hit on sidewalk or shoulder,On Sidewalk or Shoulder,Unknown,,,,Yes,,Yes,,,,,,,,,,,151,Yonge-Doris,51,Willowdale East (51),D32,627738.1521,4847468.9661
11640,80241219,,6/11/2015 8:00:00 AM,1322,YONGE ST,EMPRESS AVE,,Major Arterial,North York,43.769263,-79.412891,At Intersection,Traffic Signal,Clear,Daylight,Dry,Fatal,Pedestrian Collisions,Pedestrian,55 to 59,Minor,,,,,,,Pedestrian hit on sidewalk or shoulder,On Sidewalk or Shoulder,Unknown,,,,Yes,,Yes,,,,,,,,,,,151,Yonge-Doris,51,Willowdale East (51),D32,627738.1521,4847468.9661
11641,80241584,,6/12/2015 8:00:00 AM,530,GERRARD ST E,WOODBINE AVE,1 m East of,Major Arterial,Toronto and East York,43.680781,-79.310748,Intersection Related,Traffic Signal,Clear,"Dark, artificial",Dry,Non-Fatal Injury,Other,Driver,40 to 44,None,,West,"Automobile, Station Wagon",Going Ahead,Other,Normal,,,,,,,,,Yes,,,,,Yes,,,,,,62,East End-Danforth,62,East End-Danforth (62),D55,636159.5176,4837804.3885
11642,80241585,,6/12/2015 8:00:00 AM,530,GERRARD ST E,WOODBINE AVE,1 m East of,Major Arterial,Toronto and East York,43.680781,-79.310748,Intersection Related,Traffic Signal,Clear,"Dark, artificial",Dry,Non-Fatal Injury,Other,Passenger,25 to 29,Major,,,,,,,,,,,,,,,Yes,,,,,Yes,,,,,,62,East End-Danforth,62,East End-Danforth (62),D55,636159.5176,4837804.3885
11643,80241307,,6/12/2015 8:00:00 AM,756,WILSON AVE,DALLNER RD,,Major Arterial,Etobicoke York,43.719813,-79.513789,At Intersection,Stop Sign,Clear,Daylight,Dry,Non-Fatal Injury,Turning Movement,Driver,25 to 29,Major,,South,"Automobile, Station Wagon",Turning Left,Failed to Yield Right of Way,Inattentive,,,,,,,,,Yes,,,,,,,Yes,,,,154,Oakdale-Beverley Heights,26,Downsview-Roding-CFB (26),D31,619715.8586,4841826.1273