OBJECTID,INDEX,ACCNUM,DATE,TIME,STREET1,STREET2,OFFSET,ROAD_CLASS,DISTRICT,LATITUDE,LONGITUDE,ACCLOC,TRAFFCTL,VISIBILITY,LIGHT,RDSFCOND,ACCLASS,IMPACTYPE,INVTYPE,INVAGE,INJURY,FATAL_NO,INITDIR,VEHTYPE,MANOEUVER,DRIVACT,DRIVCOND,PEDTYPE,PEDACT,PEDCOND,CYCLISTYPE,CYCACT,CYCCOND,PEDESTRIAN,CYCLIST,AUTOMOBILE,MOTORCYCLE,TRUCK,TRSN_CITY_VEH,EMERG_VEH,PASSENGER,SPEEDING,AG_DRIV,REDLIGHT,ALCOHOL,DISABILITY,HOOD_158,NEIGHBOURHOOD_158,HOOD_140,NEIGHBOURHOOD_140,DIVISION,x,y
11644,80241308,,6/12/2015 8:00:00 AM,756,WILSON AVE,DALLNER RD,,Major Arterial,Etobicoke York,43.719813,-79.513789,At Intersection,Stop Sign,Clear,Daylight,Dry,Non-Fatal Injury,Turning Movement,Driver,45 to 49,Minor,,West,"Automobile, Station Wagon",Going Ahead,Driving Properly,Normal,,,,,,,,,Yes,,,,,,,Yes,,,,154,Oakdale-Beverley Heights,26,Downsview-Roding-CFB (26),D31,619715.8586,4841826.1273
11645,80000147,,6/13/2015 8:00:00 AM,300,F G GARDINER XY  W,ROYAL YORK RD,,,Etobicoke York,43.622645,-79.502467,,No Control,Rain,Dark,Wet,Fatal,SMV Other,Driver,20 to 24,Fatal,30,West,"Automobile, Station Wagon",Going Ahead,Exceeding Speed Limit,Unknown,,,,,,,,,Yes,,,,,,Yes,Yes,,,,16,Stonegate-Queensway,16,Stonegate-Queensway (16),D22,620822.6796,4831050.7557
11646,80632023,,6/13/2015 8:00:00 AM,1423,FINCH AVE E,PAGE AVE,,Major Arterial,North York,43.786685,-79.384326,At Intersection,Stop Sign,Clear,Daylight,Dry,Non-Fatal Injury,Cyclist Collisions,Driver,85 to 89,None,,North,"Automobile, Station Wagon",Turning Right,Failed to Yield Right of Way,Inattentive,,,,,,,,Yes,Yes,,,,,Yes,,Yes,,,,52,Bayview Village,52,Bayview Village (52),D33,629999.4608,4849448.4099
11647,80632024,,6/13/2015 8:00:00 AM,1423,FINCH AVE E,PAGE AVE,,Major Arterial,North York,43.786685,-79.384326,At Intersection,Stop Sign,Clear,Daylight,Dry,Non-Fatal Injury,Cyclist Collisions,Cyclist,45 to 49,Major,,East,Bicycle,Going Ahead,,,,,,"Motorist turns right at non-signal Inter.(stop, yield, no cont.,and dwy) and strikes cyclist.",Driving Properly,Normal,,Yes,Yes,,,,,Yes,,Yes,,,,52,Bayview Village,52,Bayview Village (52),D33,629999.4608,4849448.4099
11648,80632025,,6/13/2015 8:00:00 AM,1423,FINCH AVE E,PAGE AVE,,Major Arterial,North York,43.786685,-79.384326,At Intersection,Stop Sign,Clear,Daylight,Dry,Non-Fatal Injury,Cyclist Collisions,Passenger,80 to 84,None,,,,,,,,,,,,,,Yes,Yes,,,,,Yes,,Yes,,,,52,Bayview Village,52,Bayview Village (52),D33,629999.4608,4849448.4099
11649,80497099,,6/13/2015 8:00:00 AM,2320,AVENUE RD,DAVENPORT RD,,Major Arterial,Toronto and East York,43.674712,-79.396594,At Intersection,Traffic Signal,Clear,"Dark, artificial",Dry,Fatal,Cyclist Collisions,Cyclist,25 to 29,Fatal,31,South,Bicycle,Turning Left,,,,,,Cyclist turned left across motorists path.,Failed to Yield Right of Way,Normal,,Yes,Yes,,,,,,,,,,,95,Annex,95,Annex (95),D53,629252.9922,4836992.989
11650,80497100,,6/13/2015 8:00:00 AM,2320,AVENUE RD,DAVENPORT RD,,Major Arterial,Toronto and East York,43.674712,-79.396594,At Intersection,Traffic Signal,Clear,"Dark, artificial",Dry,Fatal,Cyclist Collisions,Driver,15 to 19,None,,North,"Automobile, Station Wagon",Going Ahead,Other,Unknown,,,,,,,,Yes,Yes,,,,,,,,,,,95,Annex,95,Annex (95),D53,629252.9922,4836992.989
11651,80632026,,6/14/2015 8:00:00 AM,1409,TRETHEWEY DR,CLEARVIEW HTS,5 m West of,Minor Arterial,Etobicoke York,43.693354,-79.483188,At Intersection,No Control,Rain,Daylight,Wet,Non-Fatal Injury,Approaching,Driver,50 to 54,None,,West,"Automobile, Station Wagon",Going Ahead,Speed too Fast For Condition,Inattentive,,,,,,,,,Yes,,,,,Yes,Yes,Yes,,,,112,Beechborough-Greenbrook,112,Beechborough-Greenbrook (112),D12,622234.5882,4838932.144
11652,80632027,,6/14/2015 8:00:00 AM,1409,TRETHEWEY DR,CLEARVIEW HTS,5 m West of,Minor Arterial,Etobicoke York,43.693354,-79.483188,At Intersection,No Control,Rain,Daylight,Wet,Non-Fatal Injury,Approaching,Driver,25 to 29,Major,,East,"Automobile, Station Wagon",Going Ahead,Driving Properly,Normal,,,,,,,,,Yes,,,,,Yes,Yes,Yes,,,,112,Beechborough-Greenbrook,112,Beechborough-Greenbrook (112),D12,622234.5882,4838932.144
11653,80632028,,6/14/2015 8:00:00 AM,1409,TRETHEWEY DR,CLEARVIEW HTS,5 m West of,Minor Arterial,Etobicoke York,43.693354,-79.483188,At Intersection,No Control,Rain,Daylight,Wet,Non-Fatal Injury,Approaching,Passenger,20 to 24,Minor,,,,,,,,,,,,,,,Yes,,,,,Yes,Yes,Yes,,,,112,Beechborough-Greenbrook,112,Beechborough-Greenbrook (112),D12,622234.5882,4838932.144
11654,80241719,,6/16/2015 8:00:00 AM,715,BAYVIEW AVE,SUTHERLAND DR,,Major Arterial,North York,43.698722,-79.372493,At Intersection,Stop Sign,Rain,Dawn,Wet,Non-Fatal Injury,Turning Movement,Driver,30 to 34,None,,North,Municipal Transit Bus (TTC),Going Ahead,Speed too Fast For Condition,Normal,,,,,,,,,,Yes,,Yes,,,Yes,Yes,,,,56,Leaside-Bennington,56,Leaside-Bennington (56),D53,631143.497,4839697.4687
11655,80241720,,6/16/2015 8:00:00 AM,715,BAYVIEW AVE,SUTHERLAND DR,,Major Arterial,North York,43.698722,-79.372493,At Intersection,Stop Sign,Rain,Dawn,Wet,Non-Fatal Injury,Turning Movement,Motorcycle Driver,30 to 34,Major,,West,Motorcycle,Turning Left,Failed to Yield Right of Way,Normal,,,,,,,,,,Yes,,Yes,,,Yes,Yes,,,,56,Leaside-Bennington,56,Leaside-Bennington (56),D53,631143.497,4839697.4687
11656,80241902,,6/16/2015 8:00:00 AM,900,AVENUE RD,FELBRIGG AVE,,Major Arterial,North York,43.734122,-79.419688,At Intersection,No Control,Clear,Daylight,Dry,Non-Fatal Injury,Pedestrian Collisions,Driver,unknown,None,,South,"Automobile, Station Wagon",Turning Left,Failed to Yield Right of Way,Unknown,,,,,,,Yes,,Yes,,,,,,,Yes,,,,39,Bedford Park-Nortown,39,Bedford Park-Nortown (39),D32,627265.554,4843555.5736
11657,80241903,,6/16/2015 8:00:00 AM,900,AVENUE RD,FELBRIGG AVE,,Major Arterial,North York,43.734122,-79.419688,At Intersection,No Control,Clear,Daylight,Dry,Non-Fatal Injury,Pedestrian Collisions,Pedestrian,35 to 39,Major,,South,,,,,Vehicle turns left while ped crosses with ROW at inter.,Crossing with right of way,Normal,,,,Yes,,Yes,,,,,,,Yes,,,,39,Bedford Park-Nortown,39,Bedford Park-Nortown (39),D32,627265.554,4843555.5736
11658,80241773,,6/16/2015 8:00:00 AM,1724,MARTIN GROVE RD,ROYALCREST RD,11 m South o,Minor Arterial,Etobicoke York,43.752291,-79.599284,Intersection Related,No Control,Clear,Daylight,Dry,Non-Fatal Injury,Pedestrian Collisions,Driver,20 to 24,None,,South,"Automobile, Station Wagon",Slowing or Stopping,Driving Properly,Normal,,,,,,,Yes,,Yes,,,,,Yes,,,,,,2,Mount Olive-Silverstone-Jamestown,2,Mount Olive-Silverstone-Jamestown (2),D23,612768.1213,4845313.3322
11659,80241774,,6/16/2015 8:00:00 AM,1724,MARTIN GROVE RD,ROYALCREST RD,11 m South o,Minor Arterial,Etobicoke York,43.752291,-79.599284,Intersection Related,No Control,Clear,Daylight,Dry,Non-Fatal Injury,Pedestrian Collisions,Passenger,20 to 24,None,,,,,,,,,,,,,Yes,,Yes,,,,,Yes,,,,,,2,Mount Olive-Silverstone-Jamestown,2,Mount Olive-Silverstone-Jamestown (2),D23,612768.1213,4845313.3322
11660,80241775,,6/16/2015 8:00:00 AM,1724,MARTIN GROVE RD,ROYALCREST RD,11 m South o,Minor Arterial,Etobicoke York,43.752291,-79.599284,Intersection Related,No Control,Clear,Daylight,Dry,Non-Fatal Injury,Pedestrian Collisions,Pedestrian,30 to 34,Major,,Unknown,,,,,Pedestrian hit at mid-block,"Crossing, no Traffic Control",Inattentive,,,,Yes,,Yes,,,,,Yes,,,,,,2,Mount Olive-Silverstone-Jamestown,2,Mount Olive-Silverstone-Jamestown (2),D23,612768.1213,4845313.3322
11661,80486005,,6/16/2015 8:00:00 AM,2049,BAYVIEW BLOOR DVP RAMP,DON VALLEY PARKWAY  N,,,Toronto and East York,43.682849,-79.362384,Underpass or Tunnel,No Control,Clear,Dusk,Dry,Non-Fatal Injury,SMV Other,Motorcycle Driver,35 to 39,Major,,West,Motorcycle,Going Ahead,Lost control,Normal,,,,,,,,,,Yes,,,,,,,,,,57,Broadview North,57,Broadview North (57),D55,631992.8978,4837950.5912
11662,80241811,,6/17/2015 8:00:00 AM,830,ARROWSTOOK RD,BURBANK DR,,Local,North York,43.771262,-79.37704,At Intersection,Stop Sign,Clear,Daylight,Dry,Non-Fatal Injury,Cyclist Collisions,Driver,35 to 39,None,,West,"Automobile, Station Wagon",Turning Right,Other,Unknown,,,,,,,,Yes,Yes,,,,,Yes,,,,,,52,Bayview Village,52,Bayview Village (52),D33,630619.2882,4847746.9159
11663,80241812,,6/17/2015 8:00:00 AM,830,ARROWSTOOK RD,BURBANK DR,,Local,North York,43.771262,-79.37704,At Intersection,Stop Sign,Clear,Daylight,Dry,Non-Fatal Injury,Cyclist Collisions,Cyclist,60 to 64,Major,,South,Bicycle,Going Ahead,,,,,,"Cyclist without ROW rides into path of motorist at inter, lnwy, dwy-Cyclist not turn.",Failed to Yield Right of Way,Inattentive,,Yes,Yes,,,,,Yes,,,,,,52,Bayview Village,52,Bayview Village (52),D33,630619.2882,4847746.9159
11664,80241813,,6/17/2015 8:00:00 AM,830,ARROWSTOOK RD,BURBANK DR,,Local,North York,43.771262,-79.37704,At Intersection,Stop Sign,Clear,Daylight,Dry,Non-Fatal Injury,Cyclist Collisions,Passenger,0 to 4,None,,,,,,,,,,,,,,Yes,Yes,,,,,Yes,,,,,,52,Bayview Village,52,Bayview Village (52),D33,630619.2882,4847746.9159
11665,80241814,,6/17/2015 8:00:00 AM,830,ARROWSTOOK RD,BURBANK DR,,Local,North York,43.771262,-79.37704,At Intersection,Stop Sign,Clear,Daylight,Dry,Non-Fatal Injury,Cyclist Collisions,Passenger,5 to 9,None,,,,,,,,,,,,,,Yes,Yes,,,,,Yes,,,,,,52,Bayview Village,52,Bayview Village (52),D33,630619.2882,4847746.9159
11666,80242116,,6/20/2015 8:00:00 AM,155,CARLTON ST,HOMEWOOD AVE,,Minor Arterial,Toronto and East York,43.662905,-79.374339,At Intersection,Stop Sign,Clear,"Dark, artificial",Dry,Non-Fatal Injury,Cyclist Collisions,Cyclist,40 to 44,Major,,South,Bicycle,Going Ahead,,,,,,"Cyclist without ROW rides into path of motorist at inter, lnwy, dwy-Cyclist not turn.",Disobeyed Traffic Control,Had Been Drinking,,Yes,Yes,,,,,,,,,,,73,Moss Park,73,Moss Park (73),D51,631072.7177,4835716.5825
11667,80242117,,6/20/2015 8:00:00 AM,155,CARLTON ST,HOMEWOOD AVE,,Minor Arterial,Toronto and East York,43.662905,-79.374339,At Intersection,Stop Sign,Clear,"Dark, artificial",Dry,Non-Fatal Injury,Cyclist Collisions,Driver,40 to 44,None,,East,"Automobile, Station Wagon",Going Ahead,Driving Properly,Normal,,,,,,,,Yes,Yes,,,,,,,,,,,73,Moss Park,73,Moss Park (73),D51,631072.7177,4835716.5825
11668,80242348,,6/22/2015 8:00:00 AM,1554,6 CARIBOO AVE,,,Local,Toronto and East York,43.666697,-79.458461,At/Near Private Drive,No Control,Clear,Daylight,Dry,Non-Fatal Injury,Pedestrian Collisions,Driver,70 to 74,None,,North,"Automobile, Station Wagon",Going Ahead,Lost control,Normal,,,,,,,Yes,,Yes,,,,,,Yes,Yes,,,,171,Junction-Wallace Emerson,93,Dovercourt-Wallace Emerson-Junction (93),D11,624282.2941,4836008.273
11669,80242349,,6/22/2015 8:00:00 AM,1554,6 CARIBOO AVE,,,Local,Toronto and East York,43.666697,-79.458461,At/Near Private Drive,No Control,Clear,Daylight,Dry,Non-Fatal Injury,Pedestrian Collisions,Pedestrian,45 to 49,Major,,Unknown,,,,,Pedestrian hit at private driveway,Other,Unknown,,,,Yes,,Yes,,,,,,Yes,Yes,,,,171,Junction-Wallace Emerson,93,Dovercourt-Wallace Emerson-Junction (93),D11,624282.2941,4836008.273
11670,80242504,,6/24/2015 8:00:00 AM,1325,COXWELL AVE,ROBBINS AVE,5 m South of,Minor Arterial,Toronto and East York,43.669894,-79.318042,Non Intersection,No Control,Clear,Daylight,Dry,Non-Fatal Injury,Cyclist Collisions,Cyclist,25 to 29,Major,,South,Bicycle,Going Ahead,,,,,,Cyclist falls off bike - no contact with motorist.,Driving Properly,Normal,,Yes,,,,,,,,,,,,64,Woodbine Corridor,64,Woodbine Corridor (64),D55,635596.1086,4836583.2886
11671,80242652,,6/26/2015 8:00:00 AM,405,457 SPADINA AVE,,18 m East of,Major Arterial,Toronto and East York,43.658362,-79.400218,Non Intersection,No Control,Clear,"Dark, artificial",Dry,Non-Fatal Injury,Pedestrian Collisions,Truck Driver,30 to 34,None,,East,Truck - Dump,Going Ahead,Driving Properly,Unknown,,,,,,,Yes,,,,Yes,,,,,,,,,79,University,79,University (79),D14,628995.87,4835171.4624
11672,80242653,,6/26/2015 8:00:00 AM,405,457 SPADINA AVE,,18 m East of,Major Arterial,Toronto and East York,43.658362,-79.400218,Non Intersection,No Control,Clear,"Dark, artificial",Dry,Non-Fatal Injury,Pedestrian Collisions,Pedestrian,60 to 64,Major,,Unknown,,,,,Pedestrian hit at private driveway,On Sidewalk or Shoulder,Other,,,,Yes,,,,Yes,,,,,,,,,79,University,79,University (79),D14,628995.87,4835171.4624
11673,80242708,,6/26/2015 8:00:00 AM,1652,SHEPPARD AVE E,SHAUGHNESSY BLVD,5 m West of,Major Arterial,North York,43.773719,-79.353313,Intersection Related,Traffic Signal,Clear,Daylight,Dry,Non-Fatal Injury,Turning Movement,Motorcycle Driver,60 to 64,Major,,West,Motorcycle,Turning Left,Improper Turn,Normal,,,,,,,,,Yes,Yes,,,,Yes,,,,,,53,Henry Farm,53,Henry Farm (53),D33,632523.4795,4848057.507
11674,80242709,,6/26/2015 8:00:00 AM,1652,SHEPPARD AVE E,SHAUGHNESSY BLVD,5 m West of,Major Arterial,North York,43.773719,-79.353313,Intersection Related,Traffic Signal,Clear,Daylight,Dry,Non-Fatal Injury,Turning Movement,Driver,25 to 29,None,,East,"Automobile, Station Wagon",Going Ahead,Driving Properly,Normal,,,,,,,,,Yes,Yes,,,,Yes,,,,,,53,Henry Farm,53,Henry Farm (53),D33,632523.4795,4848057.507
11675,80242710,,6/26/2015 8:00:00 AM,1652,SHEPPARD AVE E,SHAUGHNESSY BLVD,5 m West of,Major Arterial,North York,43.773719,-79.353313,Intersection Related,Traffic Signal,Clear,Daylight,Dry,Non-Fatal Injury,Turning Movement,Passenger,25 to 29,None,,,,,,,,,,,,,,,Yes,Yes,,,,Yes,,,,,,53,Henry Farm,53,Henry Farm (53),D33,632523.4795,4848057.507
11676,80143414,,6/26/2015 8:00:00 AM,2150,2058 DUFFERIN ST,,,Major Arterial,Toronto and East York,43.686812,-79.446643,,No Control,Clear,"Dark, artificial",Dry,Fatal,Pedestrian Collisions,Pedestrian,80 to 84,Fatal,32,West,,,,,Pedestrian hit at mid-block,"Crossing, no Traffic Control",Normal,,,,Yes,,Yes,,,,,,,,,,,109,Caledonia-Fairbank,109,Caledonia-Fairbank (109),D13,625193.2588,4838260.0859
11677,80143419,,6/26/2015 8:00:00 AM,2150,2058 DUFFERIN ST,,,Major Arterial,Toronto and East York,43.686812,-79.446643,,No Control,Clear,"Dark, artificial",Dry,Fatal,Pedestrian Collisions,Driver,60 to 64,None,,South,"Automobile, Station Wagon",Going Ahead,Driving Properly,Had Been Drinking,,,,,,,Yes,,Yes,,,,,,,,,,,109,Caledonia-Fairbank,109,Caledonia-Fairbank (109),D13,625193.2588,4838260.0859
11678,80631965,,6/28/2015 8:00:00 AM,1539,1491 LAKE SHORE BLVD W,,100 m West o,Major Arterial,Toronto and East York,43.63642,-79.444095,Non Intersection,No Control,Rain,Daylight,Wet,Non-Fatal Injury,SMV Other,Driver,20 to 24,Major,,East,"Automobile, Station Wagon",Changing Lanes,Speed too Fast For Condition,Inattentive,,,,,,,,,Yes,,,,,Yes,Yes,Yes,,,,85,South Parkdale,85,South Parkdale (85),D14,625503.5713,4832667.2411
11679,80631966,,6/28/2015 8:00:00 AM,1539,1491 LAKE SHORE BLVD W,,100 m West o,Major Arterial,Toronto and East York,43.63642,-79.444095,Non Intersection,No Control,Rain,Daylight,Wet,Non-Fatal Injury,SMV Other,Passenger,20 to 24,Minor,,,,,,,,,,,,,,,Yes,,,,,Yes,Yes,Yes,,,,85,South Parkdale,85,South Parkdale (85),D14,625503.5713,4832667.2411
11680,80631967,,6/28/2015 8:00:00 AM,1539,1491 LAKE SHORE BLVD W,,100 m West o,Major Arterial,Toronto and East York,43.63642,-79.444095,Non Intersection,No Control,Rain,Daylight,Wet,Non-Fatal Injury,SMV Other,Passenger,20 to 24,Minor,,,,,,,,,,,,,,,Yes,,,,,Yes,Yes,Yes,,,,85,South Parkdale,85,South Parkdale (85),D14,625503.5713,4832667.2411
11681,80243084,,6/29/2015 8:00:00 AM,1745,300 PROGRESS AVE,,40 m East of,Minor Arterial,Scarborough,43.774325,-79.266902,Non Intersection,No Control,Clear,Daylight,Dry,Non-Fatal Injury,Turning Movement,Driver,55 to 59,Minimal,,West,"Automobile, Station Wagon",Making U Turn,Improper Turn,Unknown,,,,,,,,,Yes,Yes,,,,Yes,,,,,,156,Bendale-Glen Andrew,127,Bendale (127),D41,639476.4046,4848266.7533
11682,80243085,,6/29/2015 8:00:00 AM,1745,300 PROGRESS AVE,,40 m East of,Minor Arterial,Scarborough,43.774325,-79.266902,Non Intersection,No Control,Clear,Daylight,Dry,Non-Fatal Injury,Turning Movement,Motorcycle Driver,50 to 54,Major,,West,Motorcycle,Going Ahead,Driving Properly,Normal,,,,,,,,,Yes,Yes,,,,Yes,,,,,,156,Bendale-Glen Andrew,127,Bendale (127),D41,639476.4046,4848266.7533
11683,80243086,,6/29/2015 8:00:00 AM,1745,300 PROGRESS AVE,,40 m East of,Minor Arterial,Scarborough,43.774325,-79.266902,Non Intersection,No Control,Clear,Daylight,Dry,Non-Fatal Injury,Turning Movement,Passenger,60 to 64,None,,,,,,,,,,,,,,,Yes,Yes,,,,Yes,,,,,,156,Bendale-Glen Andrew,127,Bendale (127),D41,639476.4046,4848266.7533
11684,80243113,,6/30/2015 8:00:00 AM,410,VICTORIA PARK AVE,YORK MILLS RD,,Major Arterial,North York,43.763011,-79.317523,Intersection Related,Traffic Signal,Clear,"Dark, artificial",Dry,Non-Fatal Injury,Pedestrian Collisions,Driver,60 to 64,None,,North,"Automobile, Station Wagon",Going Ahead,Driving Properly,Unknown,,,,,,,Yes,,Yes,,,,,,,,,,,119,Wexford/Maryvale,119,Wexford/Maryvale (119),D41,635428.0123,4846926.1271
11685,80243114,,6/30/2015 8:00:00 AM,410,VICTORIA PARK AVE,YORK MILLS RD,,Major Arterial,North York,43.763011,-79.317523,Intersection Related,Traffic Signal,Clear,"Dark, artificial",Dry,Non-Fatal Injury,Pedestrian Collisions,Pedestrian,70 to 74,Major,,East,,,,,Vehicle is going straight thru inter.while ped cross without ROW,Crossing without right of way,Normal,,,,Yes,,Yes,,,,,,,,,,,119,Wexford/Maryvale,119,Wexford/Maryvale (119),D41,635428.0123,4846926.1271
11686,80486140,,7/1/2015 8:00:00 AM,949,MARKHAM RD,PROGRESS AVE,,Major Arterial,Scarborough,43.781737,-79.233882,At Intersection,Traffic Signal,Clear,Daylight,Dry,Non-Fatal Injury,Turning Movement,Driver,40 to 44,None,,East,"Automobile, Station Wagon",Turning Left,Failed to Yield Right of Way,Inattentive,,,,,,,,,Yes,,,,,Yes,,Yes,,,,142,Woburn North,137,Woburn (137),D43,642116.2601,4849146.1301
11687,80486141,,7/1/2015 8:00:00 AM,949,MARKHAM RD,PROGRESS AVE,,Major Arterial,Scarborough,43.781737,-79.233882,At Intersection,Traffic Signal,Clear,Daylight,Dry,Non-Fatal Injury,Turning Movement,Driver,35 to 39,Minimal,,West,"Automobile, Station Wagon",Going Ahead,Driving Properly,Normal,,,,,,,,,Yes,,,,,Yes,,Yes,,,,142,Woburn North,137,Woburn (137),D43,642116.2601,4849146.1301
11688,80486142,,7/1/2015 8:00:00 AM,949,MARKHAM RD,PROGRESS AVE,,Major Arterial,Scarborough,43.781737,-79.233882,At Intersection,Traffic Signal,Clear,Daylight,Dry,Non-Fatal Injury,Turning Movement,Passenger,5 to 9,Major,,,,,,,,,,,,,,,Yes,,,,,Yes,,Yes,,,,142,Woburn North,137,Woburn (137),D43,642116.2601,4849146.1301
11689,80486151,,7/1/2015 8:00:00 AM,1525,GERRARD ST E,RIVER ST,,Minor Arterial,Toronto and East York,43.663695,-79.359233,At Intersection,Traffic Signal,Clear,Daylight,Dry,Non-Fatal Injury,Turning Movement,Driver,30 to 34,None,,South,"Automobile, Station Wagon",Turning Left,Disobeyed Traffic Control,Inattentive,,,,,,,,,Yes,Yes,,,,Yes,,Yes,Yes,,,72,Regent Park,72,Regent Park (72),D51,632288.9522,4835828.299
11690,80486152,,7/1/2015 8:00:00 AM,1525,GERRARD ST E,RIVER ST,,Minor Arterial,Toronto and East York,43.663695,-79.359233,At Intersection,Traffic Signal,Clear,Daylight,Dry,Non-Fatal Injury,Turning Movement,Motorcycle Driver,45 to 49,Major,,North,Motorcycle,Going Ahead,Failed to Yield Right of Way,Normal,,,,,,,,,Yes,Yes,,,,Yes,,Yes,Yes,,,72,Regent Park,72,Regent Park (72),D51,632288.9522,4835828.299
11691,80486153,,7/1/2015 8:00:00 AM,1525,GERRARD ST E,RIVER ST,,Minor Arterial,Toronto and East York,43.663695,-79.359233,At Intersection,Traffic Signal,Clear,Daylight,Dry,Non-Fatal Injury,Turning Movement,Passenger,15 to 19,Major,,,,,,,,,,,,,,,Yes,Yes,,,,Yes,,Yes,Yes,,,72,Regent Park,72,Regent Park (72),D51,632288.9522,4835828.299
11692,80486177,,7/1/2015 8:00:00 AM,2330,WALSH AVE,WESTON RD,22 m East of,Major Arterial,Etobicoke York,43.716998,-79.537273,Non Intersection,Traffic Signal,Clear,"Dark, artificial",Dry,Non-Fatal Injury,Rear End,Driver,40 to 44,Major,,West,"Automobile, Station Wagon",Going Ahead,Following too Close,"Ability Impaired, Alcohol Over .08",,,,,,,,,Yes,,Yes,,,Yes,,Yes,,Yes,,23,Pelmo Park-Humberlea,23,Pelmo Park-Humberlea (23),D31,617829.7007,4841479.8298
11693,80486178,,7/1/2015 8:00:00 AM,2330,WALSH AVE,WESTON RD,22 m East of,Major Arterial,Etobicoke York,43.716998,-79.537273,Non Intersection,Traffic Signal,Clear,"Dark, artificial",Dry,Non-Fatal Injury,Rear End,Truck Driver,50 to 54,None,,West,"Truck - Closed (Blazer, etc)",Stopped,Driving Properly,Normal,,,,,,,,,Yes,,Yes,,,Yes,,Yes,,Yes,,23,Pelmo Park-Humberlea,23,Pelmo Park-Humberlea (23),D31,617829.7007,4841479.8298
11694,80486179,,7/1/2015 8:00:00 AM,2330,WALSH AVE,WESTON RD,22 m East of,Major Arterial,Etobicoke York,43.716998,-79.537273,Non Intersection,Traffic Signal,Clear,"Dark, artificial",Dry,Non-Fatal Injury,Rear End,Passenger,40 to 44,Minor,,,,,,,,,,,,,,,Yes,,Yes,,,Yes,,Yes,,Yes,,23,Pelmo Park-Humberlea,23,Pelmo Park-Humberlea (23),D31,617829.7007,4841479.8298
11695,80486180,,7/1/2015 8:00:00 AM,2330,WALSH AVE,WESTON RD,22 m East of,Major Arterial,Etobicoke York,43.716998,-79.537273,Non Intersection,Traffic Signal,Clear,"Dark, artificial",Dry,Non-Fatal Injury,Rear End,Passenger,45 to 49,Major,,,,,,,,,,,,,,,Yes,,Yes,,,Yes,,Yes,,Yes,,23,Pelmo Park-Humberlea,23,Pelmo Park-Humberlea (23),D31,617829.7007,4841479.8298
11696,80243291,,7/2/2015 8:00:00 AM,2355,LAKE SHORE BLVD W,REMEMBRANCE DR,4 m East of,Major Arterial,Toronto and East York,43.634425,-79.40874,Intersection Related,Traffic Signal,Clear,"Dark, artificial",Dry,Non-Fatal Injury,Pedestrian Collisions,Driver,35 to 39,None,,East,"Automobile, Station Wagon",Going Ahead,Driving Properly,Normal,,,,,,,Yes,,Yes,,,,,Yes,,,,,,163,Fort York-Liberty Village,82,Niagara (82),D14,628359.6791,4832499.7343
11697,80243292,,7/2/2015 8:00:00 AM,2355,LAKE SHORE BLVD W,REMEMBRANCE DR,4 m East of,Major Arterial,Toronto and East York,43.634425,-79.40874,Intersection Related,Traffic Signal,Clear,"Dark, artificial",Dry,Non-Fatal Injury,Pedestrian Collisions,Passenger,30 to 34,None,,,,,,,,,,,,,Yes,,Yes,,,,,Yes,,,,,,163,Fort York-Liberty Village,82,Niagara (82),D14,628359.6791,4832499.7343
11698,80243293,,7/2/2015 8:00:00 AM,2355,LAKE SHORE BLVD W,REMEMBRANCE DR,4 m East of,Major Arterial,Toronto and East York,43.634425,-79.40874,Intersection Related,Traffic Signal,Clear,"Dark, artificial",Dry,Non-Fatal Injury,Pedestrian Collisions,Pedestrian,30 to 34,Major,,Unknown,,,,,Vehicle is going straight thru inter.while ped cross without ROW,Crossing without right of way,Unknown,,,,Yes,,Yes,,,,,Yes,,,,,,163,Fort York-Liberty Village,82,Niagara (82),D14,628359.6791,4832499.7343
11699,80243563,,7/4/2015 8:00:00 AM,1340,FINCH AVE E,GORDON BAKER RD,10 m West of,Major Arterial,North York,43.795134,-79.341258,At Intersection,Traffic Signal,Clear,Daylight,Dry,Non-Fatal Injury,Pedestrian Collisions,Driver,80 to 84,None,,East,"Automobile, Station Wagon",Going Ahead,Other,Normal,,,,,,,Yes,,Yes,,,,,,,,,,,46,Pleasant View,46,Pleasant View (46),D33,633446.0025,4850455.3432
11700,80243564,,7/4/2015 8:00:00 AM,1340,FINCH AVE E,GORDON BAKER RD,10 m West of,Major Arterial,North York,43.795134,-79.341258,At Intersection,Traffic Signal,Clear,Daylight,Dry,Non-Fatal Injury,Pedestrian Collisions,Pedestrian,70 to 74,Minor,,Unknown,,,,,Vehicle is going straight thru inter.while ped cross with ROW,Other,Normal,,,,Yes,,Yes,,,,,,,,,,,46,Pleasant View,46,Pleasant View (46),D33,633446.0025,4850455.3432
11701,80243565,,7/4/2015 8:00:00 AM,1340,FINCH AVE E,GORDON BAKER RD,10 m West of,Major Arterial,North York,43.795134,-79.341258,At Intersection,Traffic Signal,Clear,Daylight,Dry,Non-Fatal Injury,Pedestrian Collisions,Pedestrian,70 to 74,Major,,Unknown,,,,,Vehicle is going straight thru inter.while ped cross with ROW,Other,Normal,,,,Yes,,Yes,,,,,,,,,,,46,Pleasant View,46,Pleasant View (46),D33,633446.0025,4850455.3432