OBJECTID,INDEX,ACCNUM,DATE,TIME,STREET1,STREET2,OFFSET,ROAD_CLASS,DISTRICT,LATITUDE,LONGITUDE,ACCLOC,TRAFFCTL,VISIBILITY,LIGHT,RDSFCOND,ACCLASS,IMPACTYPE,INVTYPE,INVAGE,INJURY,FATAL_NO,INITDIR,VEHTYPE,MANOEUVER,DRIVACT,DRIVCOND,PEDTYPE,PEDACT,PEDCOND,CYCLISTYPE,CYCACT,CYCCOND,PEDESTRIAN,CYCLIST,AUTOMOBILE,MOTORCYCLE,TRUCK,TRSN_CITY_VEH,EMERG_VEH,PASSENGER,SPEEDING,AG_DRIV,REDLIGHT,ALCOHOL,DISABILITY,HOOD_158,NEIGHBOURHOOD_158,HOOD_140,NEIGHBOURHOOD_140,DIVISION,x,y
11702,80502528,,7/6/2015 8:00:00 AM,8,KIPLING AVE,JUTLAND RD,,Major Arterial,Etobicoke York,43.626292,-79.528835,Intersection Related,No Control,Clear,"Dark, artificial",Dry,Fatal,Turning Movement,Driver,50 to 54,Minimal,,South,"Automobile, Station Wagon",Turning Left,Driving Properly,Normal,,,,,,,,,Yes,Yes,,,,Yes,Yes,Yes,,,,159,Etobicoke City Centre,14,Islington-City Centre West (14),D22,618688.0841,4831417.7674
11703,80502529,,7/6/2015 8:00:00 AM,8,KIPLING AVE,JUTLAND RD,,Major Arterial,Etobicoke York,43.626292,-79.528835,Intersection Related,No Control,Clear,"Dark, artificial",Dry,Fatal,Turning Movement,Motorcycle Driver,25 to 29,Fatal,33,North,Motorcycle,Going Ahead,Exceeding Speed Limit,Unknown,,,,,,,,,Yes,Yes,,,,Yes,Yes,Yes,,,,159,Etobicoke City Centre,14,Islington-City Centre West (14),D22,618688.0841,4831417.7674
11704,80502530,,7/6/2015 8:00:00 AM,8,KIPLING AVE,JUTLAND RD,,Major Arterial,Etobicoke York,43.626292,-79.528835,Intersection Related,No Control,Clear,"Dark, artificial",Dry,Fatal,Turning Movement,Passenger,50 to 54,Minor,,,,,,,,,,,,,,,Yes,Yes,,,,Yes,Yes,Yes,,,,159,Etobicoke City Centre,14,Islington-City Centre West (14),D22,618688.0841,4831417.7674
11705,80486542,,7/9/2015 8:00:00 AM,1407,BAYVIEW AVE,WYCLIFFE CRES,26 m South o,Major Arterial,North York,43.775233,-79.389972,Non Intersection,No Control,Clear,Daylight,Dry,Non-Fatal Injury,Rear End,Driver,55 to 59,Major,,North,"Automobile, Station Wagon",Going Ahead,Lost control,Inattentive,,,,,,,,,Yes,,,,,,,,,,,52,Bayview Village,52,Bayview Village (52),D33,629569.9073,4848167.6371
11706,80486543,,7/9/2015 8:00:00 AM,1407,BAYVIEW AVE,WYCLIFFE CRES,26 m South o,Major Arterial,North York,43.775233,-79.389972,Non Intersection,No Control,Clear,Daylight,Dry,Non-Fatal Injury,Rear End,Driver,65 to 69,None,,North,"Automobile, Station Wagon",Slowing or Stopping,Driving Properly,Normal,,,,,,,,,Yes,,,,,,,,,,,52,Bayview Village,52,Bayview Village (52),D33,629569.9073,4848167.6371
11707,80486544,,7/9/2015 8:00:00 AM,1407,BAYVIEW AVE,WYCLIFFE CRES,26 m South o,Major Arterial,North York,43.775233,-79.389972,Non Intersection,No Control,Clear,Daylight,Dry,Non-Fatal Injury,Rear End,Driver,60 to 64,None,,North,"Automobile, Station Wagon",Slowing or Stopping,Driving Properly,Normal,,,,,,,,,Yes,,,,,,,,,,,52,Bayview Village,52,Bayview Village (52),D33,629569.9073,4848167.6371
11708,80244230,,7/10/2015 8:00:00 AM,1850,EGLINTON AVE W,ROYAL YORK RD,,Major Arterial,Etobicoke York,43.682265,-79.526561,At Intersection,Traffic Signal,Clear,Daylight,Dry,Non-Fatal Injury,Turning Movement,Driver,unknown,None,,West,,Turning Left,Failed to Yield Right of Way,Unknown,,,,,,,,,,Yes,,,,,,Yes,,,,9,Edenbridge-Humber Valley,9,Edenbridge-Humber Valley (9),D22,618761.1626,4837637.5399
11709,80244231,,7/10/2015 8:00:00 AM,1850,EGLINTON AVE W,ROYAL YORK RD,,Major Arterial,Etobicoke York,43.682265,-79.526561,At Intersection,Traffic Signal,Clear,Daylight,Dry,Non-Fatal Injury,Turning Movement,Motorcycle Driver,55 to 59,Major,,East,Motorcycle,Going Ahead,Driving Properly,Normal,,,,,,,,,,Yes,,,,,,Yes,,,,9,Edenbridge-Humber Valley,9,Edenbridge-Humber Valley (9),D22,618761.1626,4837637.5399
11710,80486629,,7/10/2015 8:00:00 AM,2325,KIPLING AVE,BEACONHILL RD,30 m South o,Major Arterial,Etobicoke York,43.753611,-79.587085,Non Intersection,Traffic Signal,Clear,Dark,Dry,Non-Fatal Injury,Rear End,Driver,35 to 39,None,,North,"Automobile, Station Wagon",Changing Lanes,Lost control,"Ability Impaired, Alcohol Over .08",,,,,,,,,Yes,,,Yes,,Yes,Yes,Yes,,Yes,,2,Mount Olive-Silverstone-Jamestown,2,Mount Olive-Silverstone-Jamestown (2),D23,613747.7377,4845476.6169
11711,80486630,,7/10/2015 8:00:00 AM,2325,KIPLING AVE,BEACONHILL RD,30 m South o,Major Arterial,Etobicoke York,43.753611,-79.587085,Non Intersection,Traffic Signal,Clear,Dark,Dry,Non-Fatal Injury,Rear End,Driver,50 to 54,None,,North,Municipal Transit Bus (TTC),Slowing or Stopping,Driving Properly,Normal,,,,,,,,,Yes,,,Yes,,Yes,Yes,Yes,,Yes,,2,Mount Olive-Silverstone-Jamestown,2,Mount Olive-Silverstone-Jamestown (2),D23,613747.7377,4845476.6169
11712,80486631,,7/10/2015 8:00:00 AM,2325,KIPLING AVE,BEACONHILL RD,30 m South o,Major Arterial,Etobicoke York,43.753611,-79.587085,Non Intersection,Traffic Signal,Clear,Dark,Dry,Non-Fatal Injury,Rear End,Passenger,50 to 54,Major,,,,,,,,,,,,,,,Yes,,,Yes,,Yes,Yes,Yes,,Yes,,2,Mount Olive-Silverstone-Jamestown,2,Mount Olive-Silverstone-Jamestown (2),D23,613747.7377,4845476.6169
11713,80244398,,7/12/2015 8:00:00 AM,2354,LAKE SHORE BLVD W,ONTARIO DR,73 m West of,Major Arterial,Toronto and East York,43.630416,-79.419772,Intersection Related,Traffic Signal,Clear,"Dark, artificial",Dry,Non-Fatal Injury,SMV Other,Truck Driver,20 to 24,None,,North,Truck (other),Turning Left,Driving Properly,Unknown,,,,,,,,,,,Yes,,,Yes,,,,,,163,Fort York-Liberty Village,82,Niagara (82),D14,627478.2447,4832037.4838
11714,80244399,,7/12/2015 8:00:00 AM,2354,LAKE SHORE BLVD W,ONTARIO DR,73 m West of,Major Arterial,Toronto and East York,43.630416,-79.419772,Intersection Related,Traffic Signal,Clear,"Dark, artificial",Dry,Non-Fatal Injury,SMV Other,Passenger,20 to 24,Major,,,,,,,,,,,,,,,,,Yes,,,Yes,,,,,,163,Fort York-Liberty Village,82,Niagara (82),D14,627478.2447,4832037.4838
11715,80143413,,7/14/2015 8:00:00 AM,2137,BUCKINGHAM AVE,DINNICK CRES,,Local,North York,43.725703,-79.39442,,Stop Sign,Other,"Dark, artificial",Other,Fatal,Pedestrian Collisions,Driver,45 to 49,None,,West,"Automobile, Station Wagon",Turning Left,Failed to Yield Right of Way,Normal,,,,,,,Yes,,Yes,,,,,,,Yes,,,,103,Lawrence Park South,103,Lawrence Park South (103),D53,629318.5714,4842659.6423
11716,80197010,,7/14/2015 8:00:00 AM,2137,BUCKINGHAM AVE,DINNICK CRES,,Local,North York,43.725703,-79.39442,,Stop Sign,Other,"Dark, artificial",Other,Fatal,Pedestrian Collisions,Pedestrian,70 to 74,Fatal,34,North,,,,,Vehicle turns left while ped crosses with ROW at inter.,Crossing with right of way,Normal,,,,Yes,,Yes,,,,,,,Yes,,,,103,Lawrence Park South,103,Lawrence Park South (103),D53,629318.5714,4842659.6423
11717,80244669,,7/15/2015 8:00:00 AM,429,1500 EGLINTON AVE W,,,Major Arterial,North York,43.697718,-79.440814,At/Near Private Drive,No Control,Clear,Dark,Dry,Non-Fatal Injury,Pedestrian Collisions,Driver,35 to 39,None,,South,"Automobile, Station Wagon",Going Ahead,Other,Unknown,,,,,,,Yes,,Yes,,,,,,Yes,Yes,,,,107,Oakwood Village,107,Oakwood Village (107),D13,625640.2779,4839480.1629
11718,80244670,,7/15/2015 8:00:00 AM,429,1500 EGLINTON AVE W,,,Major Arterial,North York,43.697718,-79.440814,At/Near Private Drive,No Control,Clear,Dark,Dry,Non-Fatal Injury,Pedestrian Collisions,Pedestrian,30 to 34,Major,,Unknown,,,,,Pedestrian hit at private driveway,Other,Unknown,,,,Yes,,Yes,,,,,,Yes,Yes,,,,107,Oakwood Village,107,Oakwood Village (107),D13,625640.2779,4839480.1629
11719,80244760,,7/15/2015 8:00:00 AM,2030,DANFORTH AVE,AUGUST AVE,,Major Arterial,Scarborough,43.692805,-79.281108,Intersection Related,Stop Sign,Clear,Daylight,Dry,Non-Fatal Injury,Turning Movement,Driver,60 to 64,None,,North,"Automobile, Station Wagon",Turning Left,Improper Turn,Normal,,,,,,,,,Yes,Yes,,,,Yes,,,,,,121,Oakridge,121,Oakridge (121),D41,638520.9513,4839188.9113
11720,80244761,,7/15/2015 8:00:00 AM,2030,DANFORTH AVE,AUGUST AVE,,Major Arterial,Scarborough,43.692805,-79.281108,Intersection Related,Stop Sign,Clear,Daylight,Dry,Non-Fatal Injury,Turning Movement,Motorcycle Driver,50 to 54,Major,,West,Motorcycle,Going Ahead,Driving Properly,Normal,,,,,,,,,Yes,Yes,,,,Yes,,,,,,121,Oakridge,121,Oakridge (121),D41,638520.9513,4839188.9113
11721,80244762,,7/15/2015 8:00:00 AM,2030,DANFORTH AVE,AUGUST AVE,,Major Arterial,Scarborough,43.692805,-79.281108,Intersection Related,Stop Sign,Clear,Daylight,Dry,Non-Fatal Injury,Turning Movement,Passenger,45 to 49,None,,,,,,,,,,,,,,,Yes,Yes,,,,Yes,,,,,,121,Oakridge,121,Oakridge (121),D41,638520.9513,4839188.9113
11722,80244763,,7/15/2015 8:00:00 AM,2030,DANFORTH AVE,AUGUST AVE,,Major Arterial,Scarborough,43.692805,-79.281108,Intersection Related,Stop Sign,Clear,Daylight,Dry,Non-Fatal Injury,Turning Movement,Passenger,10 to 14,None,,,,,,,,,,,,,,,Yes,Yes,,,,Yes,,,,,,121,Oakridge,121,Oakridge (121),D41,638520.9513,4839188.9113
11723,80244798,,7/16/2015 8:00:00 AM,1253,EASTDALE AVE,GOODWOOD PARK CRES,35 m North o,Collector,Toronto and East York,43.694762,-79.300769,Non Intersection,No Control,Clear,Daylight,Dry,Non-Fatal Injury,Pedestrian Collisions,Driver,25 to 29,None,,North,"Automobile, Station Wagon",Going Ahead,Driving Properly,Normal,,,,,,,Yes,,Yes,,,,,Yes,,,,,,61,Taylor-Massey,61,Taylor-Massey (61),D55,636932.0505,4839373.6058
11724,80244799,,7/16/2015 8:00:00 AM,1253,EASTDALE AVE,GOODWOOD PARK CRES,35 m North o,Collector,Toronto and East York,43.694762,-79.300769,Non Intersection,No Control,Clear,Daylight,Dry,Non-Fatal Injury,Pedestrian Collisions,Pedestrian,15 to 19,Major,,West,,,,,Vehicle hits the pedestrian walking or running out from between parked vehicles at mid-block,Coming From Behind Parked Vehicle,Inattentive,,,,Yes,,Yes,,,,,Yes,,,,,,61,Taylor-Massey,61,Taylor-Massey (61),D55,636932.0505,4839373.6058
11725,80244800,,7/16/2015 8:00:00 AM,1253,EASTDALE AVE,GOODWOOD PARK CRES,35 m North o,Collector,Toronto and East York,43.694762,-79.300769,Non Intersection,No Control,Clear,Daylight,Dry,Non-Fatal Injury,Pedestrian Collisions,Passenger,5 to 9,None,,,,,,,,,,,,,Yes,,Yes,,,,,Yes,,,,,,61,Taylor-Massey,61,Taylor-Massey (61),D55,636932.0505,4839373.6058
11726,80244801,,7/16/2015 8:00:00 AM,1253,EASTDALE AVE,GOODWOOD PARK CRES,35 m North o,Collector,Toronto and East York,43.694762,-79.300769,Non Intersection,No Control,Clear,Daylight,Dry,Non-Fatal Injury,Pedestrian Collisions,Passenger,0 to 4,None,,,,,,,,,,,,,Yes,,Yes,,,,,Yes,,,,,,61,Taylor-Massey,61,Taylor-Massey (61),D55,636932.0505,4839373.6058
11727,80244802,,7/16/2015 8:00:00 AM,1253,EASTDALE AVE,GOODWOOD PARK CRES,35 m North o,Collector,Toronto and East York,43.694762,-79.300769,Non Intersection,No Control,Clear,Daylight,Dry,Non-Fatal Injury,Pedestrian Collisions,Passenger,5 to 9,None,,,,,,,,,,,,,Yes,,Yes,,,,,Yes,,,,,,61,Taylor-Massey,61,Taylor-Massey (61),D55,636932.0505,4839373.6058
11728,80244803,,7/16/2015 8:00:00 AM,1253,EASTDALE AVE,GOODWOOD PARK CRES,35 m North o,Collector,Toronto and East York,43.694762,-79.300769,Non Intersection,No Control,Clear,Daylight,Dry,Non-Fatal Injury,Pedestrian Collisions,Passenger,0 to 4,None,,,,,,,,,,,,,Yes,,Yes,,,,,Yes,,,,,,61,Taylor-Massey,61,Taylor-Massey (61),D55,636932.0505,4839373.6058
11729,80244877,,7/17/2015 8:00:00 AM,827,SPADINA RD,DUPONT ST,,Major Arterial,Toronto and East York,43.674845,-79.407108,Intersection Related,Traffic Signal,Clear,Daylight,Wet,Non-Fatal Injury,Cyclist Collisions,Truck Driver,60 to 64,None,,North,Truck - Tank,Turning Right,Improper Turn,Inattentive,,,,,,,,Yes,,,Yes,,,,,,,,,95,Annex,95,Annex (95),D53,628405.1505,4836991.4307
11730,80244878,,7/17/2015 8:00:00 AM,827,SPADINA RD,DUPONT ST,,Major Arterial,Toronto and East York,43.674845,-79.407108,Intersection Related,Traffic Signal,Clear,Daylight,Wet,Non-Fatal Injury,Cyclist Collisions,Cyclist,25 to 29,Major,,North,Bicycle,Stopped,,,,,,Motorist turning right on green or amber at signalized intersection strikes cyclist.,Driving Properly,Normal,,Yes,,,Yes,,,,,,,,,95,Annex,95,Annex (95),D53,628405.1505,4836991.4307
11731,80486872,,7/17/2015 8:00:00 AM,1001,BAYVIEW AVE,BAYVIEW MEWS LANE,,Major Arterial,North York,43.76937,-79.388652,Intersection Related,Traffic Signal,Clear,Daylight,Dry,Non-Fatal Injury,Turning Movement,Driver,75 to 79,Major,,South,"Automobile, Station Wagon",Turning Left,Improper Turn,Inattentive,,,,,,,,,Yes,,,,,,Yes,Yes,,,,52,Bayview Village,52,Bayview Village (52),D33,629688.81,4847518.5279
11732,80486873,,7/17/2015 8:00:00 AM,1001,BAYVIEW AVE,BAYVIEW MEWS LANE,,Major Arterial,North York,43.76937,-79.388652,Intersection Related,Traffic Signal,Clear,Daylight,Dry,Non-Fatal Injury,Turning Movement,Driver,25 to 29,None,,North,Pick Up Truck,Going Ahead,Speed too Fast For Condition,Normal,,,,,,,,,Yes,,,,,,Yes,Yes,,,,52,Bayview Village,52,Bayview Village (52),D33,629688.81,4847518.5279
11733,80486901,,7/17/2015 8:00:00 AM,1714,FINCH AVE E,MANORCREST DR,,Major Arterial,North York,43.784339,-79.394687,Intersection Related,No Control,Clear,Daylight,Dry,Non-Fatal Injury,Rear End,Driver,25 to 29,None,,East,"Automobile, Station Wagon",Going Ahead,Speed too Fast For Condition,Inattentive,,,,,,,,,Yes,,,,,,Yes,Yes,,,,152,East Willowdale,51,Willowdale East (51),D32,629170.845,4849171.6308
11734,80486902,,7/17/2015 8:00:00 AM,1714,FINCH AVE E,MANORCREST DR,,Major Arterial,North York,43.784339,-79.394687,Intersection Related,No Control,Clear,Daylight,Dry,Non-Fatal Injury,Rear End,Driver,55 to 59,Major,,East,"Automobile, Station Wagon",Stopped,Driving Properly,Normal,,,,,,,,,Yes,,,,,,Yes,Yes,,,,152,East Willowdale,51,Willowdale East (51),D32,629170.845,4849171.6308
11735,80486903,,7/17/2015 8:00:00 AM,1714,FINCH AVE E,MANORCREST DR,,Major Arterial,North York,43.784339,-79.394687,Intersection Related,No Control,Clear,Daylight,Dry,Non-Fatal Injury,Rear End,Driver,unknown,None,,East,"Automobile, Station Wagon",Stopped,Driving Properly,Unknown,,,,,,,,,Yes,,,,,,Yes,Yes,,,,152,East Willowdale,51,Willowdale East (51),D32,629170.845,4849171.6308
11736,80486946,,7/18/2015 8:00:00 AM,1211,STEELES AVE E,MAXOME AVE,,Major Arterial,North York,43.801047,-79.406238,At Intersection,Traffic Signal,Clear,Daylight,Dry,Non-Fatal Injury,Turning Movement,Driver,75 to 79,Minor,,West,"Automobile, Station Wagon",Turning Left,Failed to Yield Right of Way,Inattentive,,,,,,,,,Yes,,,,,Yes,,Yes,,,,50,Newtonbrook East,50,Newtonbrook East (50),D32,628205.6583,4851009.3559
11737,80486947,,7/18/2015 8:00:00 AM,1211,STEELES AVE E,MAXOME AVE,,Major Arterial,North York,43.801047,-79.406238,At Intersection,Traffic Signal,Clear,Daylight,Dry,Non-Fatal Injury,Turning Movement,Driver,75 to 79,Major,,East,"Automobile, Station Wagon",Going Ahead,Driving Properly,Normal,,,,,,,,,Yes,,,,,Yes,,Yes,,,,50,Newtonbrook East,50,Newtonbrook East (50),D32,628205.6583,4851009.3559
11738,80486948,,7/18/2015 8:00:00 AM,1211,STEELES AVE E,MAXOME AVE,,Major Arterial,North York,43.801047,-79.406238,At Intersection,Traffic Signal,Clear,Daylight,Dry,Non-Fatal Injury,Turning Movement,Driver,40 to 44,Minor,,North,"Automobile, Station Wagon",Stopped,Driving Properly,Normal,,,,,,,,,Yes,,,,,Yes,,Yes,,,,50,Newtonbrook East,50,Newtonbrook East (50),D32,628205.6583,4851009.3559
11739,80486949,,7/18/2015 8:00:00 AM,1211,STEELES AVE E,MAXOME AVE,,Major Arterial,North York,43.801047,-79.406238,At Intersection,Traffic Signal,Clear,Daylight,Dry,Non-Fatal Injury,Turning Movement,Passenger,10 to 14,None,,,,,,,,,,,,,,,Yes,,,,,Yes,,Yes,,,,50,Newtonbrook East,50,Newtonbrook East (50),D32,628205.6583,4851009.3559
11740,80245219,,7/20/2015 8:00:00 AM,1015,THE QUEENSWAY,SOUTH KINGSWAY,167 m East o,Major Arterial,Toronto and East York,43.636389,-79.472293,Non Intersection,No Control,Clear,Daylight,Dry,Non-Fatal Injury,Pedestrian Collisions,Truck Driver,35 to 39,None,,East,"Truck - Closed (Blazer, etc)",Reversing,Other,Normal,,,,,,,Yes,,,,Yes,,,,,,,,,87,High Park-Swansea,87,High Park-Swansea (87),D11,623229.0853,4832621.5501
11741,80245220,,7/20/2015 8:00:00 AM,1015,THE QUEENSWAY,SOUTH KINGSWAY,167 m East o,Major Arterial,Toronto and East York,43.636389,-79.472293,Non Intersection,No Control,Clear,Daylight,Dry,Non-Fatal Injury,Pedestrian Collisions,Pedestrian,55 to 59,Major,,Unknown,,,,,Vehicle is reversing and hits pedestrian,Other,Normal,,,,Yes,,,,Yes,,,,,,,,,87,High Park-Swansea,87,High Park-Swansea (87),D11,623229.0853,4832621.5501
11742,80245330,,7/21/2015 8:00:00 AM,954,LAWRENCE AVE E,MORNINGSIDE AVE,100 m South ,Minor Arterial,Scarborough,43.768603,-79.18523,Non Intersection,No Control,Clear,Daylight,Dry,Non-Fatal Injury,Turning Movement,Driver,45 to 49,None,,West,Pick Up Truck,Turning Left,Speed too Slow,Normal,,,,,,,,,Yes,Yes,,,,,,,,,,136,West Hill,136,West Hill (136),D43,646063.2213,4847772.0673
11743,80245331,,7/21/2015 8:00:00 AM,954,LAWRENCE AVE E,MORNINGSIDE AVE,100 m South ,Minor Arterial,Scarborough,43.768603,-79.18523,Non Intersection,No Control,Clear,Daylight,Dry,Non-Fatal Injury,Turning Movement,Motorcycle Driver,65 to 69,Major,,East,Motorcycle,Going Ahead,Driving Properly,Normal,,,,,,,,,Yes,Yes,,,,,,,,,,136,West Hill,136,West Hill (136),D43,646063.2213,4847772.0673
11744,80245414,,7/21/2015 8:00:00 AM,2135,VICTORIA ST,RICHMOND ST E,,Major Arterial,Toronto and East York,43.651946,-79.37775,At Intersection,Traffic Signal,Clear,"Dark, artificial",Dry,Non-Fatal Injury,Angle,Motorcycle Driver,20 to 24,Major,,South,Motorcycle,Going Ahead,Disobeyed Traffic Control,Inattentive,,,,,,,,,Yes,Yes,,,,Yes,,Yes,Yes,,,168,Downtown Yonge East,75,Church-Yonge Corridor (75),D51,630821.4918,4834494.0571
11745,80245415,,7/21/2015 8:00:00 AM,2135,VICTORIA ST,RICHMOND ST E,,Major Arterial,Toronto and East York,43.651946,-79.37775,At Intersection,Traffic Signal,Clear,"Dark, artificial",Dry,Non-Fatal Injury,Angle,Driver,30 to 34,None,,West,"Automobile, Station Wagon",Going Ahead,Driving Properly,Normal,,,,,,,,,Yes,Yes,,,,Yes,,Yes,Yes,,,168,Downtown Yonge East,75,Church-Yonge Corridor (75),D51,630821.4918,4834494.0571
11746,80245416,,7/21/2015 8:00:00 AM,2135,VICTORIA ST,RICHMOND ST E,,Major Arterial,Toronto and East York,43.651946,-79.37775,At Intersection,Traffic Signal,Clear,"Dark, artificial",Dry,Non-Fatal Injury,Angle,Passenger,30 to 34,None,,,,,,,,,,,,,,,Yes,Yes,,,,Yes,,Yes,Yes,,,168,Downtown Yonge East,75,Church-Yonge Corridor (75),D51,630821.4918,4834494.0571
11747,80245417,,7/21/2015 8:00:00 AM,2135,VICTORIA ST,RICHMOND ST E,,Major Arterial,Toronto and East York,43.651946,-79.37775,At Intersection,Traffic Signal,Clear,"Dark, artificial",Dry,Non-Fatal Injury,Angle,Passenger,35 to 39,None,,,,,,,,,,,,,,,Yes,Yes,,,,Yes,,Yes,Yes,,,168,Downtown Yonge East,75,Church-Yonge Corridor (75),D51,630821.4918,4834494.0571
11748,80245418,,7/21/2015 8:00:00 AM,2135,VICTORIA ST,RICHMOND ST E,,Major Arterial,Toronto and East York,43.651946,-79.37775,At Intersection,Traffic Signal,Clear,"Dark, artificial",Dry,Non-Fatal Injury,Angle,Passenger,35 to 39,None,,,,,,,,,,,,,,,Yes,Yes,,,,Yes,,Yes,Yes,,,168,Downtown Yonge East,75,Church-Yonge Corridor (75),D51,630821.4918,4834494.0571
11749,80245419,,7/21/2015 8:00:00 AM,2135,VICTORIA ST,RICHMOND ST E,,Major Arterial,Toronto and East York,43.651946,-79.37775,At Intersection,Traffic Signal,Clear,"Dark, artificial",Dry,Non-Fatal Injury,Angle,Passenger,30 to 34,None,,,,,,,,,,,,,,,Yes,Yes,,,,Yes,,Yes,Yes,,,168,Downtown Yonge East,75,Church-Yonge Corridor (75),D51,630821.4918,4834494.0571
11750,80245420,,7/21/2015 8:00:00 AM,2135,VICTORIA ST,RICHMOND ST E,,Major Arterial,Toronto and East York,43.651946,-79.37775,At Intersection,Traffic Signal,Clear,"Dark, artificial",Dry,Non-Fatal Injury,Angle,Passenger,40 to 44,None,,,,,,,,,,,,,,,Yes,Yes,,,,Yes,,Yes,Yes,,,168,Downtown Yonge East,75,Church-Yonge Corridor (75),D51,630821.4918,4834494.0571
11751,80487280,,7/23/2015 8:00:00 AM,2011,HUNTINGWOOD DR,BRIDLEWOOD BLVD,,Minor Arterial,Scarborough,43.785002,-79.312938,At Intersection,No Control,Clear,Daylight,Dry,Non-Fatal Injury,Turning Movement,Driver,45 to 49,None,,West,"Automobile, Station Wagon",Turning Left,Failed to Yield Right of Way,Inattentive,,,,,,,,,Yes,Yes,,,,Yes,Yes,Yes,,,,118,Tam O'Shanter-Sullivan,118,Tam O'Shanter-Sullivan (118),D42,635747.3099,4849376.0771
11752,80487281,,7/23/2015 8:00:00 AM,2011,HUNTINGWOOD DR,BRIDLEWOOD BLVD,,Minor Arterial,Scarborough,43.785002,-79.312938,At Intersection,No Control,Clear,Daylight,Dry,Non-Fatal Injury,Turning Movement,Motorcycle Driver,20 to 24,Major,,East,Motorcycle,Going Ahead,Driving Properly,Normal,,,,,,,,,Yes,Yes,,,,Yes,Yes,Yes,,,,118,Tam O'Shanter-Sullivan,118,Tam O'Shanter-Sullivan (118),D42,635747.3099,4849376.0771
11753,80487282,,7/23/2015 8:00:00 AM,2011,HUNTINGWOOD DR,BRIDLEWOOD BLVD,,Minor Arterial,Scarborough,43.785002,-79.312938,At Intersection,No Control,Clear,Daylight,Dry,Non-Fatal Injury,Turning Movement,Passenger,10 to 14,None,,,,,,,,,,,,,,,Yes,Yes,,,,Yes,Yes,Yes,,,,118,Tam O'Shanter-Sullivan,118,Tam O'Shanter-Sullivan (118),D42,635747.3099,4849376.0771
11754,80487297,,7/24/2015 8:00:00 AM,1040,SPADINA AVE,ST ANDREW ST,5 m North of,Major Arterial,Toronto and East York,43.654383,-79.398639,Intersection Related,Traffic Signal,Clear,Daylight,Dry,Non-Fatal Injury,Cyclist Collisions,Driver,20 to 24,None,,South,"Automobile, Station Wagon",Going Ahead,Improper Passing,Inattentive,,,,,,,,Yes,Yes,,,,,,,Yes,,,,78,Kensington-Chinatown,78,Kensington-Chinatown (78),D14,629131.7201,4834731.9981
11755,80487298,,7/24/2015 8:00:00 AM,1040,SPADINA AVE,ST ANDREW ST,5 m North of,Major Arterial,Toronto and East York,43.654383,-79.398639,Intersection Related,Traffic Signal,Clear,Daylight,Dry,Non-Fatal Injury,Cyclist Collisions,Cyclist,65 to 69,Major,,South,Bicycle,Going Ahead,,,,,,Cyclist and Driver travelling in same direction. One vehicle sideswipes the other.,Driving Properly,Normal,,Yes,Yes,,,,,,,Yes,,,,78,Kensington-Chinatown,78,Kensington-Chinatown (78),D14,629131.7201,4834731.9981
11756,80245707,,7/24/2015 8:00:00 AM,1518,RENFORTH DR,SILVER DART DR,,Major Arterial,Etobicoke York,43.676417,-79.593227,Intersection Related,Traffic Signal,Clear,Daylight,Dry,Non-Fatal Injury,Angle,Driver,50 to 54,Minor,,West,"Automobile, Station Wagon",Going Ahead,Disobeyed Traffic Control,Inattentive,,,,,,,,,Yes,,,,,Yes,,Yes,Yes,,,1,West Humber-Clairville,1,West Humber-Clairville (1),D23,613398.77,4836894.7439
11757,80245708,,7/24/2015 8:00:00 AM,1518,RENFORTH DR,SILVER DART DR,,Major Arterial,Etobicoke York,43.676417,-79.593227,Intersection Related,Traffic Signal,Clear,Daylight,Dry,Non-Fatal Injury,Angle,Driver,75 to 79,Major,,North,"Automobile, Station Wagon",Going Ahead,Driving Properly,Inattentive,,,,,,,,,Yes,,,,,Yes,,Yes,Yes,,,1,West Humber-Clairville,1,West Humber-Clairville (1),D23,613398.77,4836894.7439
11758,80245709,,7/24/2015 8:00:00 AM,1518,RENFORTH DR,SILVER DART DR,,Major Arterial,Etobicoke York,43.676417,-79.593227,Intersection Related,Traffic Signal,Clear,Daylight,Dry,Non-Fatal Injury,Angle,Driver,45 to 49,None,,South,"Automobile, Station Wagon",Slowing or Stopping,Driving Properly,Normal,,,,,,,,,Yes,,,,,Yes,,Yes,Yes,,,1,West Humber-Clairville,1,West Humber-Clairville (1),D23,613398.77,4836894.7439
11759,80245710,,7/24/2015 8:00:00 AM,1518,RENFORTH DR,SILVER DART DR,,Major Arterial,Etobicoke York,43.676417,-79.593227,Intersection Related,Traffic Signal,Clear,Daylight,Dry,Non-Fatal Injury,Angle,Passenger,70 to 74,Major,,,,,,,,,,,,,,,Yes,,,,,Yes,,Yes,Yes,,,1,West Humber-Clairville,1,West Humber-Clairville (1),D23,613398.77,4836894.7439
11760,80245742,,7/24/2015 8:00:00 AM,2111,DIXON RD,KIPLING AVE,12 m East of,Major Arterial,Etobicoke York,43.694239,-79.558635,At Intersection,Traffic Signal,Clear,"Dusk, artificial",Dry,Non-Fatal Injury,Turning Movement,Driver,20 to 24,Minor,,East,"Automobile, Station Wagon",Turning Left,Improper Turn,Normal,,,,,,,,,Yes,,,,,Yes,,,,,,6,Kingsview Village-The Westway,6,Kingsview Village-The Westway (6),D23,616152.822,4838921.9858