OBJECTID,INDEX,ACCNUM,DATE,TIME,STREET1,STREET2,OFFSET,ROAD_CLASS,DISTRICT,LATITUDE,LONGITUDE,ACCLOC,TRAFFCTL,VISIBILITY,LIGHT,RDSFCOND,ACCLASS,IMPACTYPE,INVTYPE,INVAGE,INJURY,FATAL_NO,INITDIR,VEHTYPE,MANOEUVER,DRIVACT,DRIVCOND,PEDTYPE,PEDACT,PEDCOND,CYCLISTYPE,CYCACT,CYCCOND,PEDESTRIAN,CYCLIST,AUTOMOBILE,MOTORCYCLE,TRUCK,TRSN_CITY_VEH,EMERG_VEH,PASSENGER,SPEEDING,AG_DRIV,REDLIGHT,ALCOHOL,DISABILITY,HOOD_158,NEIGHBOURHOOD_158,HOOD_140,NEIGHBOURHOOD_140,DIVISION,x,y
11761,80245743,,7/24/2015 8:00:00 AM,2111,DIXON RD,KIPLING AVE,12 m East of,Major Arterial,Etobicoke York,43.694239,-79.558635,At Intersection,Traffic Signal,Clear,"Dusk, artificial",Dry,Non-Fatal Injury,Turning Movement,Driver,55 to 59,Major,,West,"Automobile, Station Wagon",Going Ahead,Driving Properly,Normal,,,,,,,,,Yes,,,,,Yes,,,,,,6,Kingsview Village-The Westway,6,Kingsview Village-The Westway (6),D23,616152.822,4838921.9858
11762,80245744,,7/24/2015 8:00:00 AM,2111,DIXON RD,KIPLING AVE,12 m East of,Major Arterial,Etobicoke York,43.694239,-79.558635,At Intersection,Traffic Signal,Clear,"Dusk, artificial",Dry,Non-Fatal Injury,Turning Movement,Passenger,20 to 24,Minor,,,,,,,,,,,,,,,Yes,,,,,Yes,,,,,,6,Kingsview Village-The Westway,6,Kingsview Village-The Westway (6),D23,616152.822,4838921.9858
11763,80487332,,7/26/2015 8:00:00 AM,1328,6486 KINGSTON RD,,15 m West of,Minor Arterial,Scarborough,43.792666,-79.155994,Non Intersection,No Control,Clear,Daylight,Dry,Fatal,Turning Movement,Motorcycle Driver,30 to 34,Fatal,35,East,Motorcycle,Going Ahead,Exceeding Speed Limit,Normal,,,,,,,,,Yes,Yes,,,,Yes,Yes,Yes,,,,133,Centennial Scarborough,133,Centennial Scarborough (133),D43,648356.8014,4850496.6396
11764,80487333,,7/26/2015 8:00:00 AM,1328,6486 KINGSTON RD,,15 m West of,Minor Arterial,Scarborough,43.792666,-79.155994,Non Intersection,No Control,Clear,Daylight,Dry,Fatal,Turning Movement,Driver,65 to 69,None,,West,Passenger Van,Turning Left,Driving Properly,Normal,,,,,,,,,Yes,Yes,,,,Yes,Yes,Yes,,,,133,Centennial Scarborough,133,Centennial Scarborough (133),D43,648356.8014,4850496.6396
11765,80487334,,7/26/2015 8:00:00 AM,1328,6486 KINGSTON RD,,15 m West of,Minor Arterial,Scarborough,43.792666,-79.155994,Non Intersection,No Control,Clear,Daylight,Dry,Fatal,Turning Movement,Driver,70 to 74,None,,West,"Automobile, Station Wagon",Stopped,Driving Properly,Normal,,,,,,,,,Yes,Yes,,,,Yes,Yes,Yes,,,,133,Centennial Scarborough,133,Centennial Scarborough (133),D43,648356.8014,4850496.6396
11766,80487335,,7/26/2015 8:00:00 AM,1328,6486 KINGSTON RD,,15 m West of,Minor Arterial,Scarborough,43.792666,-79.155994,Non Intersection,No Control,Clear,Daylight,Dry,Fatal,Turning Movement,Passenger,70 to 74,None,,,,,,,,,,,,,,,Yes,Yes,,,,Yes,Yes,Yes,,,,133,Centennial Scarborough,133,Centennial Scarborough (133),D43,648356.8014,4850496.6396
11767,80245914,,7/27/2015 8:00:00 AM,1115,PHARMACY AVE,CORINTHIAN BLVD,,Minor Arterial,Scarborough,43.789473,-79.32355,Intersection Related,Traffic Signal,Clear,Daylight,Dry,Non-Fatal Injury,Turning Movement,Driver,70 to 74,Major,,North,"Automobile, Station Wagon",Making U Turn,Improper Turn,Medical or Physical Disability,,,,,,,,,Yes,,,,,,,,,,Yes,147,L'Amoreaux West,117,L'Amoreaux (117),D42,634883.3628,4849855.3041
11768,80245915,,7/27/2015 8:00:00 AM,1115,PHARMACY AVE,CORINTHIAN BLVD,,Minor Arterial,Scarborough,43.789473,-79.32355,Intersection Related,Traffic Signal,Clear,Daylight,Dry,Non-Fatal Injury,Turning Movement,Driver,30 to 34,None,,North,"Automobile, Station Wagon",Going Ahead,Driving Properly,Normal,,,,,,,,,Yes,,,,,,,,,,Yes,147,L'Amoreaux West,117,L'Amoreaux (117),D42,634883.3628,4849855.3041
11769,80246407,,7/31/2015 8:00:00 AM,2130,63 WALLINGFORD RD,,,Local,North York,43.756701,-79.326358,Private Driveway,No Control,Clear,"Dark, artificial",Wet,Non-Fatal Injury,Pedestrian Collisions,Driver,45 to 49,None,,East,"Automobile, Station Wagon",Reversing,Other,Inattentive,,,,,,,Yes,,Yes,,,,,,,,,,,150,Fenside-Parkwoods,45,Parkwoods-Donalda (45),D33,634731.0099,4846210.895
11770,80246408,,7/31/2015 8:00:00 AM,2130,63 WALLINGFORD RD,,,Local,North York,43.756701,-79.326358,Private Driveway,No Control,Clear,"Dark, artificial",Wet,Non-Fatal Injury,Pedestrian Collisions,Pedestrian,70 to 74,Major,,Unknown,,,,,Pedestrian hit at private driveway,Other,Normal,,,,Yes,,Yes,,,,,,,,,,,150,Fenside-Parkwoods,45,Parkwoods-Donalda (45),D33,634731.0099,4846210.895
11771,80487535,,8/1/2015 8:00:00 AM,31,1939 KENNEDY RD,,18 m South o,Major Arterial,Scarborough,43.768611,-79.281932,Non Intersection,No Control,Clear,Dark,Dry,Non-Fatal Injury,Rear End,Driver,40 to 44,None,,North,"Automobile, Station Wagon",Going Ahead,Following too Close,Had Been Drinking,,,,,,,,,Yes,Yes,,,,Yes,,Yes,,,,126,Dorset Park,126,Dorset Park (126),D41,638279.974,4847606.9144
11772,80487536,,8/1/2015 8:00:00 AM,31,1939 KENNEDY RD,,18 m South o,Major Arterial,Scarborough,43.768611,-79.281932,Non Intersection,No Control,Clear,Dark,Dry,Non-Fatal Injury,Rear End,Motorcycle Driver,35 to 39,Major,,North,Motorcycle,Going Ahead,Driving Properly,Normal,,,,,,,,,Yes,Yes,,,,Yes,,Yes,,,,126,Dorset Park,126,Dorset Park (126),D41,638279.974,4847606.9144
11773,80487537,,8/1/2015 8:00:00 AM,31,1939 KENNEDY RD,,18 m South o,Major Arterial,Scarborough,43.768611,-79.281932,Non Intersection,No Control,Clear,Dark,Dry,Non-Fatal Injury,Rear End,Motorcycle Passenger,35 to 39,Major,,,,,,,,,,,,,,,Yes,Yes,,,,Yes,,Yes,,,,126,Dorset Park,126,Dorset Park (126),D41,638279.974,4847606.9144
11774,80246780,,8/4/2015 8:00:00 AM,1136,KEELE STREET,MAPLE LEAF DRIVE,40 m North o,Major Arterial,Etobicoke York,43.715346,-79.479564,Non Intersection,No Control,Clear,Daylight,Dry,Fatal,Sideswipe,Driver,85 to 89,Fatal,37,North,"Automobile, Station Wagon",Going Ahead,Lost control,Normal,,,,,,,,,Yes,,Yes,,,Yes,,,,,,29,Maple Leaf,29,Maple Leaf (29),D12,622481.8418,4841380.0085
11775,80246781,,8/4/2015 8:00:00 AM,1136,KEELE STREET,MAPLE LEAF DRIVE,40 m North o,Major Arterial,Etobicoke York,43.715346,-79.479564,Non Intersection,No Control,Clear,Daylight,Dry,Fatal,Sideswipe,Truck Driver,35 to 39,None,,North,Truck (other),Stopped,Driving Properly,Normal,,,,,,,,,Yes,,Yes,,,Yes,,,,,,29,Maple Leaf,29,Maple Leaf (29),D12,622481.8418,4841380.0085
11776,80246782,,8/4/2015 8:00:00 AM,1136,KEELE STREET,MAPLE LEAF DRIVE,40 m North o,Major Arterial,Etobicoke York,43.715346,-79.479564,Non Intersection,No Control,Clear,Daylight,Dry,Fatal,Sideswipe,Passenger,80 to 84,Minor,,,,,,,,,,,,,,,Yes,,Yes,,,Yes,,,,,,29,Maple Leaf,29,Maple Leaf (29),D12,622481.8418,4841380.0085
11777,80247056,,8/7/2015 8:00:00 AM,1715,SHEPPARD AVE W,JOHN DRURY DR,,Major Arterial,North York,43.748278,-79.482768,At Intersection,Traffic Signal,Clear,Daylight,Dry,Non-Fatal Injury,Pedestrian Collisions,Driver,unknown,None,,West,"Automobile, Station Wagon",Going Ahead,Driving Properly,Normal,,,,,,,Yes,,Yes,,,,,,,,,,,155,Downsview,26,Downsview-Roding-CFB (26),D31,622156.7649,4845032.8496
11778,80247057,,8/7/2015 8:00:00 AM,1715,SHEPPARD AVE W,JOHN DRURY DR,,Major Arterial,North York,43.748278,-79.482768,At Intersection,Traffic Signal,Clear,Daylight,Dry,Non-Fatal Injury,Pedestrian Collisions,Pedestrian,15 to 19,Major,,North,,,,,Vehicle is going straight thru inter.while ped cross without ROW,Crossing without right of way,Normal,,,,Yes,,Yes,,,,,,,,,,,155,Downsview,26,Downsview-Roding-CFB (26),D31,622156.7649,4845032.8496
11779,80247062,,8/7/2015 8:00:00 AM,1811,OLD SHEPPARD AVE,BRIAN DR,9 m East of,Collector,North York,43.778842,-79.3325,Intersection Related,Stop Sign,Clear,Daylight,Dry,Non-Fatal Injury,Cyclist Collisions,Cyclist,55 to 59,Major,,West,Bicycle,Overtaking,,,,,,Motorist turned left across cyclists path.,Improper Passing,Inattentive,,Yes,Yes,,,,,,,,,,,46,Pleasant View,46,Pleasant View (46),D33,634187.0431,4848660.0195
11780,80247063,,8/7/2015 8:00:00 AM,1811,OLD SHEPPARD AVE,BRIAN DR,9 m East of,Collector,North York,43.778842,-79.3325,Intersection Related,Stop Sign,Clear,Daylight,Dry,Non-Fatal Injury,Cyclist Collisions,Driver,20 to 24,None,,South,"Automobile, Station Wagon",Turning Left,Driving Properly,Normal,,,,,,,,Yes,Yes,,,,,,,,,,,46,Pleasant View,46,Pleasant View (46),D33,634187.0431,4848660.0195
11781,80247200,,8/9/2015 8:00:00 AM,40,KIPLING AVE,FINCH AVE W,18 m North o,Major Arterial,Etobicoke York,43.743254,-79.582095,At Intersection,Traffic Signal,Clear,"Dark, artificial",Dry,Non-Fatal Injury,Rear End,Driver,60 to 64,None,,South,"Automobile, Station Wagon",Going Ahead,Following too Close,Fatigue,,,,,,,,,Yes,,,,,Yes,,Yes,,,,3,Thistletown-Beaumond Heights,3,Thistletown-Beaumond Heights (3),D23,614169.1523,4844333.1872
11782,80247201,,8/9/2015 8:00:00 AM,40,KIPLING AVE,FINCH AVE W,18 m North o,Major Arterial,Etobicoke York,43.743254,-79.582095,At Intersection,Traffic Signal,Clear,"Dark, artificial",Dry,Non-Fatal Injury,Rear End,Driver,30 to 34,Minimal,,South,"Automobile, Station Wagon",Stopped,Driving Properly,Normal,,,,,,,,,Yes,,,,,Yes,,Yes,,,,3,Thistletown-Beaumond Heights,3,Thistletown-Beaumond Heights (3),D23,614169.1523,4844333.1872
11783,80247202,,8/9/2015 8:00:00 AM,40,KIPLING AVE,FINCH AVE W,18 m North o,Major Arterial,Etobicoke York,43.743254,-79.582095,At Intersection,Traffic Signal,Clear,"Dark, artificial",Dry,Non-Fatal Injury,Rear End,Passenger,30 to 34,Minimal,,,,,,,,,,,,,,,Yes,,,,,Yes,,Yes,,,,3,Thistletown-Beaumond Heights,3,Thistletown-Beaumond Heights (3),D23,614169.1523,4844333.1872
11784,80247203,,8/9/2015 8:00:00 AM,40,KIPLING AVE,FINCH AVE W,18 m North o,Major Arterial,Etobicoke York,43.743254,-79.582095,At Intersection,Traffic Signal,Clear,"Dark, artificial",Dry,Non-Fatal Injury,Rear End,Passenger,55 to 59,Minimal,,,,,,,,,,,,,,,Yes,,,,,Yes,,Yes,,,,3,Thistletown-Beaumond Heights,3,Thistletown-Beaumond Heights (3),D23,614169.1523,4844333.1872
11785,80247204,,8/9/2015 8:00:00 AM,40,KIPLING AVE,FINCH AVE W,18 m North o,Major Arterial,Etobicoke York,43.743254,-79.582095,At Intersection,Traffic Signal,Clear,"Dark, artificial",Dry,Non-Fatal Injury,Rear End,Passenger,5 to 9,Minimal,,,,,,,,,,,,,,,Yes,,,,,Yes,,Yes,,,,3,Thistletown-Beaumond Heights,3,Thistletown-Beaumond Heights (3),D23,614169.1523,4844333.1872
11786,80247205,,8/9/2015 8:00:00 AM,40,KIPLING AVE,FINCH AVE W,18 m North o,Major Arterial,Etobicoke York,43.743254,-79.582095,At Intersection,Traffic Signal,Clear,"Dark, artificial",Dry,Non-Fatal Injury,Rear End,Passenger,25 to 29,Major,,,,,,,,,,,,,,,Yes,,,,,Yes,,Yes,,,,3,Thistletown-Beaumond Heights,3,Thistletown-Beaumond Heights (3),D23,614169.1523,4844333.1872
11787,80247231,,8/9/2015 8:00:00 AM,700,FINCH AVE E,BIRCHMOUNT RD,,Major Arterial,Scarborough,43.798983,-79.30598,At Intersection,Traffic Signal,Clear,Daylight,Dry,Non-Fatal Injury,Pedestrian Collisions,Driver,55 to 59,None,,East,"Automobile, Station Wagon",Turning Right,Failed to Yield Right of Way,Normal,,,,,,,Yes,,Yes,,,,,,,Yes,,,,148,East L'Amoreaux,117,L'Amoreaux (117),D42,636275.401,4850940.3226
11788,80247232,,8/9/2015 8:00:00 AM,700,FINCH AVE E,BIRCHMOUNT RD,,Major Arterial,Scarborough,43.798983,-79.30598,At Intersection,Traffic Signal,Clear,Daylight,Dry,Non-Fatal Injury,Pedestrian Collisions,Pedestrian,70 to 74,Major,,South,,,,,Vehicle turns right while ped crosses with ROW at inter.,Crossing with right of way,Normal,,,,Yes,,Yes,,,,,,,Yes,,,,148,East L'Amoreaux,117,L'Amoreaux (117),D42,636275.401,4850940.3226
11789,80487903,,8/9/2015 8:00:00 AM,2110,MEADOWVALE RD,SHEPPARD AVE E,35 m North o,Collector,Scarborough,43.808852,-79.171031,Intersection Related,No Control,Clear,"Dark, artificial",Dry,Fatal,Pedestrian Collisions,Driver,70 to 74,None,,South,"Automobile, Station Wagon",Going Ahead,Driving Properly,Normal,,,,,,,Yes,,Yes,,,,,,,,,,,144,Morningside Heights,131,Rouge (131),D42,647107.2727,4852267.5144
11790,80487904,,8/9/2015 8:00:00 AM,2110,MEADOWVALE RD,SHEPPARD AVE E,35 m North o,Collector,Scarborough,43.808852,-79.171031,Intersection Related,No Control,Clear,"Dark, artificial",Dry,Fatal,Pedestrian Collisions,Pedestrian,35 to 39,Fatal,36,Unknown,,,,,Pedestrian hit at mid-block,"Crossing, no Traffic Control",Normal,,,,Yes,,Yes,,,,,,,,,,,144,Morningside Heights,131,Rouge (131),D42,647107.2727,4852267.5144
11791,80487930,,8/10/2015 8:00:00 AM,1130,ISLINGTON AVE,THE WESTWAY,,Major Arterial,Etobicoke York,43.688613,-79.542857,At Intersection,Traffic Signal,Clear,Daylight,Dry,Non-Fatal Injury,Angle,Driver,70 to 74,None,,South,"Automobile, Station Wagon",Going Ahead,Disobeyed Traffic Control,Inattentive,,,,,,,,,Yes,,,,,Yes,,Yes,Yes,,,7,Willowridge-Martingrove-Richview,7,Willowridge-Martingrove-Richview (7),D23,617435.2858,4838319.3648
11792,80487931,,8/10/2015 8:00:00 AM,1130,ISLINGTON AVE,THE WESTWAY,,Major Arterial,Etobicoke York,43.688613,-79.542857,At Intersection,Traffic Signal,Clear,Daylight,Dry,Non-Fatal Injury,Angle,Driver,40 to 44,Minor,,West,"Automobile, Station Wagon",Going Ahead,Driving Properly,Normal,,,,,,,,,Yes,,,,,Yes,,Yes,Yes,,,7,Willowridge-Martingrove-Richview,7,Willowridge-Martingrove-Richview (7),D23,617435.2858,4838319.3648
11793,80487932,,8/10/2015 8:00:00 AM,1130,ISLINGTON AVE,THE WESTWAY,,Major Arterial,Etobicoke York,43.688613,-79.542857,At Intersection,Traffic Signal,Clear,Daylight,Dry,Non-Fatal Injury,Angle,Passenger,0 to 4,Minor,,,,,,,,,,,,,,,Yes,,,,,Yes,,Yes,Yes,,,7,Willowridge-Martingrove-Richview,7,Willowridge-Martingrove-Richview (7),D23,617435.2858,4838319.3648
11794,80487933,,8/10/2015 8:00:00 AM,1130,ISLINGTON AVE,THE WESTWAY,,Major Arterial,Etobicoke York,43.688613,-79.542857,At Intersection,Traffic Signal,Clear,Daylight,Dry,Non-Fatal Injury,Angle,Passenger,80 to 84,Major,,,,,,,,,,,,,,,Yes,,,,,Yes,,Yes,Yes,,,7,Willowridge-Martingrove-Richview,7,Willowridge-Martingrove-Richview (7),D23,617435.2858,4838319.3648
11795,80247399,,8/11/2015 8:00:00 AM,920,ANNETTE ST,KEELE ST,,Major Arterial,Toronto and East York,43.663642,-79.463794,At Intersection,Traffic Signal,Clear,Daylight,Dry,Non-Fatal Injury,Cyclist Collisions,Truck Driver,65 to 69,None,,West,Truck - Open,Turning Right,Improper Turn,Inattentive,,,,,,,,Yes,,,Yes,,,,,,,,,90,Junction Area,90,Junction Area (90),D11,623858.6144,4835660.9995
11796,80247400,,8/11/2015 8:00:00 AM,920,ANNETTE ST,KEELE ST,,Major Arterial,Toronto and East York,43.663642,-79.463794,At Intersection,Traffic Signal,Clear,Daylight,Dry,Non-Fatal Injury,Cyclist Collisions,Cyclist,55 to 59,Major,,West,Bicycle,Going Ahead,,,,,,Motorist turning right on green or amber at signalized intersection strikes cyclist.,Driving Properly,Normal,,Yes,,,Yes,,,,,,,,,90,Junction Area,90,Junction Area (90),D11,623858.6144,4835660.9995
11797,80487983,,8/11/2015 8:00:00 AM,1420,71 MCCOOL CRT,,,Local,,43.818225,-79.284099,Non Intersection,No Control,Clear,Daylight,Dry,Non-Fatal Injury,SMV Unattended Vehicle,Motorcycle Driver,20 to 24,Major,,East,Motorcycle,Going Ahead,Lost control,Normal,,,,,,,,,,Yes,,,,,,,,,,130,Milliken,130,Milliken (130),D42,637991.3168,4853113.7225
11798,80247450,,8/11/2015 8:00:00 AM,1840,HAKIMI  AVE,ASHTONBEE RD,97 m South o,Local,Scarborough,43.729033,-79.291698,Non Intersection,Stop Sign,Clear,Daylight,Dry,Non-Fatal Injury,Pedestrian Collisions,Driver,40 to 44,None,,East,"Automobile, Station Wagon",Turning Left,Improper Turn,Inattentive,,,,,,,Yes,,Yes,,,,,,,,,,,119,Wexford/Maryvale,119,Wexford/Maryvale (119),D41,637584.597,4843194.9165
11799,80247451,,8/11/2015 8:00:00 AM,1840,HAKIMI  AVE,ASHTONBEE RD,97 m South o,Local,Scarborough,43.729033,-79.291698,Non Intersection,Stop Sign,Clear,Daylight,Dry,Non-Fatal Injury,Pedestrian Collisions,Pedestrian,70 to 74,Major,,West,,,,,Pedestrian hit at mid-block,"Crossing, no Traffic Control",Normal,,,,Yes,,Yes,,,,,,,,,,,119,Wexford/Maryvale,119,Wexford/Maryvale (119),D41,637584.597,4843194.9165
11800,80247513,,8/12/2015 8:00:00 AM,1524,WILSON AVE,KELVIN AVE,,Major Arterial,Etobicoke York,43.715689,-79.531894,At Intersection,Stop Sign,Clear,Daylight,Dry,Non-Fatal Injury,Cyclist Collisions,Cyclist,15 to 19,Major,,North,Bicycle,Going Ahead,,,,,,"Cyclist without ROW rides into path of motorist at inter, lnwy, dwy-Cyclist not turn.",Failed to Yield Right of Way,Inattentive,,Yes,Yes,,,,,,,,,,,23,Pelmo Park-Humberlea,23,Pelmo Park-Humberlea (23),D31,618265.5834,4841342.1078
11801,80247514,,8/12/2015 8:00:00 AM,1524,WILSON AVE,KELVIN AVE,,Major Arterial,Etobicoke York,43.715689,-79.531894,At Intersection,Stop Sign,Clear,Daylight,Dry,Non-Fatal Injury,Cyclist Collisions,Driver,50 to 54,None,,East,"Automobile, Station Wagon",Going Ahead,Driving Properly,Normal,,,,,,,,Yes,Yes,,,,,,,,,,,23,Pelmo Park-Humberlea,23,Pelmo Park-Humberlea (23),D31,618265.5834,4841342.1078
11802,80247471,,8/12/2015 8:00:00 AM,2307,ST CLAIR AVE W,KEELE ST,,Major Arterial,Etobicoke York,43.672522,-79.467609,At Intersection,Traffic Signal,Clear,"Dark, artificial",Dry,Non-Fatal Injury,Pedestrian Collisions,Driver,20 to 24,Minor,,East,"Automobile, Station Wagon",Going Ahead,Driving Properly,Normal,,,,,,,Yes,,Yes,,,,,,,Yes,,,,90,Junction Area,90,Junction Area (90),D11,623532.805,4836641.5526
11803,80247472,,8/12/2015 8:00:00 AM,2307,ST CLAIR AVE W,KEELE ST,,Major Arterial,Etobicoke York,43.672522,-79.467609,At Intersection,Traffic Signal,Clear,"Dark, artificial",Dry,Non-Fatal Injury,Pedestrian Collisions,Pedestrian,15 to 19,Major,,Unknown,,,,,Vehicle is going straight thru inter.while ped cross without ROW,Crossing without right of way,Inattentive,,,,Yes,,Yes,,,,,,,Yes,,,,90,Junction Area,90,Junction Area (90),D11,623532.805,4836641.5526
11804,80247765,,8/15/2015 8:00:00 AM,1047,OLD WESTON RD,ROGERS RD,,Minor Arterial,Etobicoke York,43.681883,-79.46767,At Intersection,Traffic Signal,Clear,Daylight,Dry,Non-Fatal Injury,Approaching,Driver,60 to 64,Major,,South,"Automobile, Station Wagon",Going Ahead,Lost control,Medical or Physical Disability,,,,,,,,,Yes,,,,,Yes,,,,,Yes,110,Keelesdale-Eglinton West,110,Keelesdale-Eglinton West (110),D12,623508.6809,4837681.126
11805,80247766,,8/15/2015 8:00:00 AM,1047,OLD WESTON RD,ROGERS RD,,Minor Arterial,Etobicoke York,43.681883,-79.46767,At Intersection,Traffic Signal,Clear,Daylight,Dry,Non-Fatal Injury,Approaching,Driver,30 to 34,None,,North,"Automobile, Station Wagon",Stopped,Driving Properly,Normal,,,,,,,,,Yes,,,,,Yes,,,,,Yes,110,Keelesdale-Eglinton West,110,Keelesdale-Eglinton West (110),D12,623508.6809,4837681.126
11806,80247767,,8/15/2015 8:00:00 AM,1047,OLD WESTON RD,ROGERS RD,,Minor Arterial,Etobicoke York,43.681883,-79.46767,At Intersection,Traffic Signal,Clear,Daylight,Dry,Non-Fatal Injury,Approaching,Passenger,60 to 64,None,,,,,,,,,,,,,,,Yes,,,,,Yes,,,,,Yes,110,Keelesdale-Eglinton West,110,Keelesdale-Eglinton West (110),D12,623508.6809,4837681.126
11807,80247768,,8/15/2015 8:00:00 AM,1047,OLD WESTON RD,ROGERS RD,,Minor Arterial,Etobicoke York,43.681883,-79.46767,At Intersection,Traffic Signal,Clear,Daylight,Dry,Non-Fatal Injury,Approaching,Passenger,30 to 34,None,,,,,,,,,,,,,,,Yes,,,,,Yes,,,,,Yes,110,Keelesdale-Eglinton West,110,Keelesdale-Eglinton West (110),D12,623508.6809,4837681.126
11808,80247821,,8/15/2015 8:00:00 AM,2100,DUFFERIN ST,HUNTER AVE,,Major Arterial,Toronto and East York,43.694426,-79.449741,At Intersection,No Control,Clear,"Dark, artificial",Dry,Non-Fatal Injury,Cyclist Collisions,Driver,70 to 74,None,,North,"Automobile, Station Wagon",Turning Left,Improper Turn,Normal,,,,,,,,Yes,Yes,,,,,,,,,,,107,Oakwood Village,107,Oakwood Village (107),D13,624927.7634,4839101.0525
11809,80247822,,8/15/2015 8:00:00 AM,2100,DUFFERIN ST,HUNTER AVE,,Major Arterial,Toronto and East York,43.694426,-79.449741,At Intersection,No Control,Clear,"Dark, artificial",Dry,Non-Fatal Injury,Cyclist Collisions,Cyclist,50 to 54,Major,,South,Bicycle,Going Ahead,,,,,,Motorist turned left across cyclists path.,Driving Properly,Normal,,Yes,Yes,,,,,,,,,,,107,Oakwood Village,107,Oakwood Village (107),D13,624927.7634,4839101.0525
11810,80247825,,8/15/2015 8:00:00 AM,2152,LAKE SHORE BLVD W,JAMESON AVE,,Major Arterial,Toronto and East York,43.633326,-79.434558,Non Intersection,No Control,Clear,"Dark, artificial",Dry,Non-Fatal Injury,Approaching,Driver,50 to 54,Major,,East,"Automobile, Station Wagon",Going Ahead,Failed to Yield Right of Way,Inattentive,,,,,,,,,Yes,,,,,,,Yes,,,,85,South Parkdale,85,South Parkdale (85),D14,626279.3398,4832338.077
11811,80247826,,8/15/2015 8:00:00 AM,2152,LAKE SHORE BLVD W,JAMESON AVE,,Major Arterial,Toronto and East York,43.633326,-79.434558,Non Intersection,No Control,Clear,"Dark, artificial",Dry,Non-Fatal Injury,Approaching,Driver,25 to 29,Minimal,,West,"Automobile, Station Wagon",Going Ahead,Driving Properly,Normal,,,,,,,,,Yes,,,,,,,Yes,,,,85,South Parkdale,85,South Parkdale (85),D14,626279.3398,4832338.077
11812,80247827,,8/15/2015 8:00:00 AM,2152,LAKE SHORE BLVD W,JAMESON AVE,,Major Arterial,Toronto and East York,43.633326,-79.434558,Non Intersection,No Control,Clear,"Dark, artificial",Dry,Non-Fatal Injury,Approaching,Driver,25 to 29,Minimal,,West,"Automobile, Station Wagon",Going Ahead,Driving Properly,Normal,,,,,,,,,Yes,,,,,,,Yes,,,,85,South Parkdale,85,South Parkdale (85),D14,626279.3398,4832338.077
11813,80488133,,8/16/2015 8:00:00 AM,42,BELLAMY RD N,LAWRENCE AVE E,,Major Arterial,Scarborough,43.757712,-79.235263,Intersection Related,Traffic Signal,Clear,"Dark, artificial",Dry,Fatal,Angle,Driver,20 to 24,Major,,South,"Automobile, Station Wagon",Going Ahead,Disobeyed Traffic Control,"Ability Impaired, Alcohol",,,,,,,,,Yes,,,,,Yes,,Yes,Yes,Yes,,141,Golfdale-Cedarbrae-Woburn,137,Woburn (137),D43,642062.0038,4846475.4084
11814,80488134,,8/16/2015 8:00:00 AM,42,BELLAMY RD N,LAWRENCE AVE E,,Major Arterial,Scarborough,43.757712,-79.235263,Intersection Related,Traffic Signal,Clear,"Dark, artificial",Dry,Fatal,Angle,Driver,50 to 54,Minor,,East,"Automobile, Station Wagon",Going Ahead,Driving Properly,Normal,,,,,,,,,Yes,,,,,Yes,,Yes,Yes,Yes,,141,Golfdale-Cedarbrae-Woburn,137,Woburn (137),D43,642062.0038,4846475.4084
11815,80488135,,8/16/2015 8:00:00 AM,42,BELLAMY RD N,LAWRENCE AVE E,,Major Arterial,Scarborough,43.757712,-79.235263,Intersection Related,Traffic Signal,Clear,"Dark, artificial",Dry,Fatal,Angle,Driver,45 to 49,Minimal,,East,"Automobile, Station Wagon",Going Ahead,Driving Properly,Normal,,,,,,,,,Yes,,,,,Yes,,Yes,Yes,Yes,,141,Golfdale-Cedarbrae-Woburn,137,Woburn (137),D43,642062.0038,4846475.4084
11816,80488136,,8/16/2015 8:00:00 AM,42,BELLAMY RD N,LAWRENCE AVE E,,Major Arterial,Scarborough,43.757712,-79.235263,Intersection Related,Traffic Signal,Clear,"Dark, artificial",Dry,Fatal,Angle,Passenger,25 to 29,Fatal,38,,,,,,,,,,,,,,Yes,,,,,Yes,,Yes,Yes,Yes,,141,Golfdale-Cedarbrae-Woburn,137,Woburn (137),D43,642062.0038,4846475.4084
11817,80488137,,8/16/2015 8:00:00 AM,42,BELLAMY RD N,LAWRENCE AVE E,,Major Arterial,Scarborough,43.757712,-79.235263,Intersection Related,Traffic Signal,Clear,"Dark, artificial",Dry,Fatal,Angle,Passenger,20 to 24,Minimal,,,,,,,,,,,,,,,Yes,,,,,Yes,,Yes,Yes,Yes,,141,Golfdale-Cedarbrae-Woburn,137,Woburn (137),D43,642062.0038,4846475.4084
11818,80488161,,8/16/2015 8:00:00 AM,1210,2350 BAYVIEW AVE,,,Major Arterial,North York,43.732985,-79.38129,Intersection Related,Traffic Signal,Clear,Daylight,Dry,Fatal,Turning Movement,Driver,85 to 89,Fatal,40,South,"Automobile, Station Wagon",Going Ahead,Disobeyed Traffic Control,Inattentive,,,,,,,,,Yes,,,,,,,Yes,Yes,,,41,Bridle Path-Sunnybrook-York Mills,41,Bridle Path-Sunnybrook-York Mills (41),D32,630360.3154,4843488.9874