OBJECTID,INDEX,ACCNUM,DATE,TIME,STREET1,STREET2,OFFSET,ROAD_CLASS,DISTRICT,LATITUDE,LONGITUDE,ACCLOC,TRAFFCTL,VISIBILITY,LIGHT,RDSFCOND,ACCLASS,IMPACTYPE,INVTYPE,INVAGE,INJURY,FATAL_NO,INITDIR,VEHTYPE,MANOEUVER,DRIVACT,DRIVCOND,PEDTYPE,PEDACT,PEDCOND,CYCLISTYPE,CYCACT,CYCCOND,PEDESTRIAN,CYCLIST,AUTOMOBILE,MOTORCYCLE,TRUCK,TRSN_CITY_VEH,EMERG_VEH,PASSENGER,SPEEDING,AG_DRIV,REDLIGHT,ALCOHOL,DISABILITY,HOOD_158,NEIGHBOURHOOD_158,HOOD_140,NEIGHBOURHOOD_140,DIVISION,x,y
11819,80488162,,8/16/2015 8:00:00 AM,1210,2350 BAYVIEW AVE,,,Major Arterial,North York,43.732985,-79.38129,Intersection Related,Traffic Signal,Clear,Daylight,Dry,Fatal,Turning Movement,Driver,20 to 24,None,,East,"Automobile, Station Wagon",Turning Left,Driving Properly,Normal,,,,,,,,,Yes,,,,,,,Yes,Yes,,,41,Bridle Path-Sunnybrook-York Mills,41,Bridle Path-Sunnybrook-York Mills (41),D32,630360.3154,4843488.9874
11820,80488276,,8/20/2015 8:00:00 AM,947,STEELES AVE W,ALCIDE ST,,Major Arterial,Etobicoke York,43.751242,-79.63467,Intersection Related,No Control,Clear,Daylight,Dry,Non-Fatal Injury,Turning Movement,Truck Driver,25 to 29,None,,East,Truck-Tractor,Turning Left,Failed to Yield Right of Way,Normal,,,,,,,,,Yes,,Yes,,,,,Yes,,,,1,West Humber-Clairville,1,West Humber-Clairville (1),D23,609921.1867,4845149.2616
11821,80488277,,8/20/2015 8:00:00 AM,947,STEELES AVE W,ALCIDE ST,,Major Arterial,Etobicoke York,43.751242,-79.63467,Intersection Related,No Control,Clear,Daylight,Dry,Non-Fatal Injury,Turning Movement,Driver,25 to 29,Major,,East,"Automobile, Station Wagon",Going Ahead,Driving Properly,Normal,,,,,,,,,Yes,,Yes,,,,,Yes,,,,1,West Humber-Clairville,1,West Humber-Clairville (1),D23,609921.1867,4845149.2616
11822,80248167,,8/20/2015 8:00:00 AM,1318,SOUTH KINGSWAY,BLOOR ST W,,Major Arterial,Toronto and East York,43.648303,-79.485736,At Intersection,Traffic Signal,Rain,Daylight,Wet,Non-Fatal Injury,Cyclist Collisions,Cyclist,20 to 24,Major,,East,Bicycle,Going Ahead,,,,,,"Cyclist without ROW rides into path of motorist at inter, lnwy, dwy-Cyclist not turn.",Disobeyed Traffic Control,Normal,,Yes,Yes,,,,,Yes,,,,,,87,High Park-Swansea,87,High Park-Swansea (87),D11,622120.5849,4833924.8821
11823,80248168,,8/20/2015 8:00:00 AM,1318,SOUTH KINGSWAY,BLOOR ST W,,Major Arterial,Toronto and East York,43.648303,-79.485736,At Intersection,Traffic Signal,Rain,Daylight,Wet,Non-Fatal Injury,Cyclist Collisions,Driver,65 to 69,None,,West,"Automobile, Station Wagon",Turning Left,Driving Properly,Normal,,,,,,,,Yes,Yes,,,,,Yes,,,,,,87,High Park-Swansea,87,High Park-Swansea (87),D11,622120.5849,4833924.8821
11824,80248169,,8/20/2015 8:00:00 AM,1318,SOUTH KINGSWAY,BLOOR ST W,,Major Arterial,Toronto and East York,43.648303,-79.485736,At Intersection,Traffic Signal,Rain,Daylight,Wet,Non-Fatal Injury,Cyclist Collisions,Passenger,55 to 59,None,,,,,,,,,,,,,,Yes,Yes,,,,,Yes,,,,,,87,High Park-Swansea,87,High Park-Swansea (87),D11,622120.5849,4833924.8821
11825,80248345,,8/22/2015 8:00:00 AM,730,DUNDAS ST W,AUKLAND RD,,Major Arterial,Etobicoke York,43.638514,-79.537998,At Intersection,Traffic Signal,Clear,Daylight,Dry,Non-Fatal Injury,Pedestrian Collisions,Driver,40 to 44,None,,South,Municipal Transit Bus (TTC),Turning Left,Failed to Yield Right of Way,Inattentive,,,,,,,Yes,,,,,Yes,,,,Yes,,,,159,Etobicoke City Centre,14,Islington-City Centre West (14),D22,617924.936,4832762.1137
11826,80248346,,8/22/2015 8:00:00 AM,730,DUNDAS ST W,AUKLAND RD,,Major Arterial,Etobicoke York,43.638514,-79.537998,At Intersection,Traffic Signal,Clear,Daylight,Dry,Non-Fatal Injury,Pedestrian Collisions,Pedestrian,75 to 79,Major,,North,,,,,Vehicle turns left while ped crosses with ROW at inter.,Crossing with right of way,Normal,,,,Yes,,,,,Yes,,,,Yes,,,,159,Etobicoke City Centre,14,Islington-City Centre West (14),D22,617924.936,4832762.1137
11827,80248377,,8/22/2015 8:00:00 AM,1211,1468 VICTORIA PARK AVE,,50 m South o,Major Arterial,North York,43.722777,-79.301845,At/Near Private Drive,No Control,Clear,Daylight,Dry,Non-Fatal Injury,SMV Other,Motorcycle Driver,55 to 59,Major,,South,Motorcycle,Changing Lanes,Lost control,Normal,,,,,,,,,,Yes,,,,,,Yes,,,,120,Clairlea-Birchmount,120,Clairlea-Birchmount (120),D41,636781.599,4842483.2978
11828,80488400,,8/22/2015 8:00:00 AM,1516,678 KENNEDY RD,,4 m South of,Major Arterial,Scarborough,43.726832,-79.265682,At/Near Private Drive,No Control,Clear,Daylight,Dry,Non-Fatal Injury,Turning Movement,Driver,20 to 24,None,,North,"Automobile, Station Wagon",Turning Left,Failed to Yield Right of Way,Inattentive,,,,,,,,,Yes,Yes,,,,,,Yes,,,,124,Kennedy Park,124,Kennedy Park (124),D41,639685.0354,4842993.9892
11829,80488401,,8/22/2015 8:00:00 AM,1516,678 KENNEDY RD,,4 m South of,Major Arterial,Scarborough,43.726832,-79.265682,At/Near Private Drive,No Control,Clear,Daylight,Dry,Non-Fatal Injury,Turning Movement,Motorcycle Driver,30 to 34,Major,,South,Motorcycle,Going Ahead,Driving Properly,Normal,,,,,,,,,Yes,Yes,,,,,,Yes,,,,124,Kennedy Park,124,Kennedy Park (124),D41,639685.0354,4842993.9892
11830,80248448,,8/23/2015 8:00:00 AM,43,1630 LAWRENCE AVE W,,30 m East of,Major Arterial,Etobicoke York,43.705596,-79.49084,At Intersection,Traffic Signal,Clear,Dark,Dry,Non-Fatal Injury,SMV Other,Driver - Not Hit,unknown,None,,West,"Automobile, Station Wagon",Changing Lanes,Improper Lane Change,Unknown,,,,,,,,,Yes,Yes,,,,,,,,,,30,Brookhaven-Amesbury,30,Brookhaven-Amesbury (30),D12,621593.1871,4840280.5348
11831,80248449,,8/23/2015 8:00:00 AM,43,1630 LAWRENCE AVE W,,30 m East of,Major Arterial,Etobicoke York,43.705596,-79.49084,At Intersection,Traffic Signal,Clear,Dark,Dry,Non-Fatal Injury,SMV Other,Motorcycle Driver,30 to 34,Major,,West,Motorcycle,Going Ahead,Lost control,Unknown,,,,,,,,,Yes,Yes,,,,,,,,,,30,Brookhaven-Amesbury,30,Brookhaven-Amesbury (30),D12,621593.1871,4840280.5348
11832,80248479,,8/23/2015 8:00:00 AM,1147,DUNDAS ST W,CLOVERDALE MALL,100 m East o,Major Arterial,Etobicoke York,43.628993,-79.55492,At Intersection,Traffic Signal,Clear,Daylight,Dry,Non-Fatal Injury,Cyclist Collisions,Driver,60 to 64,Minimal,,East,"Automobile, Station Wagon",Turning Left,Improper Turn,Inattentive,,,,,,,,Yes,Yes,,,,,Yes,,,,,,159,Etobicoke City Centre,14,Islington-City Centre West (14),D22,616578.4056,4831680.7873
11833,80248480,,8/23/2015 8:00:00 AM,1147,DUNDAS ST W,CLOVERDALE MALL,100 m East o,Major Arterial,Etobicoke York,43.628993,-79.55492,At Intersection,Traffic Signal,Clear,Daylight,Dry,Non-Fatal Injury,Cyclist Collisions,Driver,45 to 49,Minimal,,West,Passenger Van,Going Ahead,Driving Properly,Normal,,,,,,,,Yes,Yes,,,,,Yes,,,,,,159,Etobicoke City Centre,14,Islington-City Centre West (14),D22,616578.4056,4831680.7873
11834,80248481,,8/23/2015 8:00:00 AM,1147,DUNDAS ST W,CLOVERDALE MALL,100 m East o,Major Arterial,Etobicoke York,43.628993,-79.55492,At Intersection,Traffic Signal,Clear,Daylight,Dry,Non-Fatal Injury,Cyclist Collisions,Cyclist,55 to 59,Major,,East,Bicycle,Stopped,,,,,,Motorist loses control and strikes cyclist.,Driving Properly,Normal,,Yes,Yes,,,,,Yes,,,,,,159,Etobicoke City Centre,14,Islington-City Centre West (14),D22,616578.4056,4831680.7873
11835,80248482,,8/23/2015 8:00:00 AM,1147,DUNDAS ST W,CLOVERDALE MALL,100 m East o,Major Arterial,Etobicoke York,43.628993,-79.55492,At Intersection,Traffic Signal,Clear,Daylight,Dry,Non-Fatal Injury,Cyclist Collisions,Passenger,40 to 44,Major,,,,,,,,,,,,,,Yes,Yes,,,,,Yes,,,,,,159,Etobicoke City Centre,14,Islington-City Centre West (14),D22,616578.4056,4831680.7873
11836,80488484,,8/24/2015 8:00:00 AM,1325,STEELES AVE W,TORRESDALE AVE,1 m East of,Major Arterial,North York,43.790801,-79.453021,At Intersection,Traffic Signal,Clear,Daylight,Dry,Fatal,Pedestrian Collisions,Driver,15 to 19,None,,West,Pick Up Truck,Going Ahead,Driving Properly,Normal,,,,,,,Yes,,Yes,,,,,,,,,,,35,Westminster-Branson,35,Westminster-Branson (35),D32,624463.5711,4849799.9667
11837,80488485,,8/24/2015 8:00:00 AM,1325,STEELES AVE W,TORRESDALE AVE,1 m East of,Major Arterial,North York,43.790801,-79.453021,At Intersection,Traffic Signal,Clear,Daylight,Dry,Fatal,Pedestrian Collisions,Pedestrian,85 to 89,Fatal,39,Unknown,,,,,Vehicle is going straight thru inter.while ped cross without ROW,Crossing without right of way,Medical or Physical Disability,,,,Yes,,Yes,,,,,,,,,,,35,Westminster-Branson,35,Westminster-Branson (35),D32,624463.5711,4849799.9667
11838,80248933,,8/28/2015 8:00:00 AM,2200,ALBION RD,FINCH AVE W,,Major Arterial,Etobicoke York,43.74137,-79.590785,Non Intersection,No Control,Clear,Daylight,Dry,Non-Fatal Injury,Approaching,Driver,15 to 19,Minor,,East,"Automobile, Station Wagon",Going Ahead,Lost control,Unknown,,,,,,,,,Yes,,,,,Yes,Yes,Yes,,,,2,Mount Olive-Silverstone-Jamestown,2,Mount Olive-Silverstone-Jamestown (2),D23,613472.9914,4844112.0036
11839,80248934,,8/28/2015 8:00:00 AM,2200,ALBION RD,FINCH AVE W,,Major Arterial,Etobicoke York,43.74137,-79.590785,Non Intersection,No Control,Clear,Daylight,Dry,Non-Fatal Injury,Approaching,Driver,40 to 44,Minor,,West,"Automobile, Station Wagon",Going Ahead,Driving Properly,Normal,,,,,,,,,Yes,,,,,Yes,Yes,Yes,,,,2,Mount Olive-Silverstone-Jamestown,2,Mount Olive-Silverstone-Jamestown (2),D23,613472.9914,4844112.0036
11840,80248935,,8/28/2015 8:00:00 AM,2200,ALBION RD,FINCH AVE W,,Major Arterial,Etobicoke York,43.74137,-79.590785,Non Intersection,No Control,Clear,Daylight,Dry,Non-Fatal Injury,Approaching,Passenger,15 to 19,Major,,,,,,,,,,,,,,,Yes,,,,,Yes,Yes,Yes,,,,2,Mount Olive-Silverstone-Jamestown,2,Mount Olive-Silverstone-Jamestown (2),D23,613472.9914,4844112.0036
11841,80631968,,8/31/2015 8:00:00 AM,1545,LOWER SIMCOE ST,BREMNER BLVD,,Minor Arterial,Toronto and East York,43.642317,-79.383968,At Intersection,Traffic Signal,Clear,Daylight,Dry,Non-Fatal Injury,Cyclist Collisions,Truck Driver,40 to 44,None,,South,"Truck - Closed (Blazer, etc)",Turning Right,Improper Turn,Inattentive,,,,,,,,Yes,,,Yes,,,,,,,,,165,Harbourfront-CityPlace,77,Waterfront Communities-The Island (77),D52,630340.8791,4833414.8469
11842,80631969,,8/31/2015 8:00:00 AM,1545,LOWER SIMCOE ST,BREMNER BLVD,,Minor Arterial,Toronto and East York,43.642317,-79.383968,At Intersection,Traffic Signal,Clear,Daylight,Dry,Non-Fatal Injury,Cyclist Collisions,Cyclist,35 to 39,Major,,South,Bicycle,Going Ahead,,,,,,Motorist turning right on green or amber at signalized intersection strikes cyclist.,Driving Properly,Normal,,Yes,,,Yes,,,,,,,,,165,Harbourfront-CityPlace,77,Waterfront Communities-The Island (77),D52,630340.8791,4833414.8469
11843,80249238,,9/1/2015 8:00:00 AM,1400,STEELES AVE E,DON MILLS RD,,Major Arterial,North York,43.811175,-79.360767,At Intersection,Traffic Signal,Clear,Daylight,Dry,Non-Fatal Injury,Angle,Driver,60 to 64,Major,,South,"Automobile, Station Wagon",Going Ahead,Disobeyed Traffic Control,Unknown,,,,,,,,,Yes,,Yes,,,,,Yes,Yes,,,48,Hillcrest Village,48,Hillcrest Village (48),D33,631841.1943,4852205.6807
11844,80249239,,9/1/2015 8:00:00 AM,1400,STEELES AVE E,DON MILLS RD,,Major Arterial,North York,43.811175,-79.360767,At Intersection,Traffic Signal,Clear,Daylight,Dry,Non-Fatal Injury,Angle,Truck Driver,65 to 69,None,,West,Truck - Dump,Going Ahead,Driving Properly,Normal,,,,,,,,,Yes,,Yes,,,,,Yes,Yes,,,48,Hillcrest Village,48,Hillcrest Village (48),D33,631841.1943,4852205.6807
11845,80197024,,9/3/2015 8:00:00 AM,736,PARK LAWN RD,LAKE SHORE BLVD W,,Major Arterial,Etobicoke York,43.623171,-79.481792,,No Control,Clear,Daylight,Dry,Fatal,Pedestrian Collisions,Pedestrian,70 to 74,Fatal,41,West,,,,,Pedestrian hit at mid-block,"Crossing, no Traffic Control",Normal,,,,Yes,,,,Yes,,,,,,,,,161,Humber Bay Shores,17,Mimico (includes Humber Bay Shores) (17),D22,622489.7092,4831139.4682
11846,80197025,,9/3/2015 8:00:00 AM,736,PARK LAWN RD,LAKE SHORE BLVD W,,Major Arterial,Etobicoke York,43.623171,-79.481792,,No Control,Clear,Daylight,Dry,Fatal,Pedestrian Collisions,Truck Driver,25 to 29,None,,South,Truck - Open,Going Ahead,Driving Properly,Unknown,,,,,,,Yes,,,,Yes,,,,,,,,,161,Humber Bay Shores,17,Mimico (includes Humber Bay Shores) (17),D22,622489.7092,4831139.4682
11847,80501585,,9/5/2015 8:00:00 AM,120,SEWELLS RD,HUPFIELD TRL,20 m West of,Minor Arterial,Scarborough,43.814582,-79.213184,Intersection Related,No Control,Clear,"Dark, artificial",Dry,Non-Fatal Injury,SMV Other,Driver,20 to 24,None,,East,"Automobile, Station Wagon",Going Ahead,Lost control,Unknown,,,,,,,,,Yes,,,,,Yes,Yes,Yes,,,,146,Malvern East,132,Malvern (132),D42,643703.0456,4852829.8415
11848,80501586,,9/5/2015 8:00:00 AM,120,SEWELLS RD,HUPFIELD TRL,20 m West of,Minor Arterial,Scarborough,43.814582,-79.213184,Intersection Related,No Control,Clear,"Dark, artificial",Dry,Non-Fatal Injury,SMV Other,Passenger,20 to 24,Minor,,,,,,,,,,,,,,,Yes,,,,,Yes,Yes,Yes,,,,146,Malvern East,132,Malvern (132),D42,643703.0456,4852829.8415
11849,80501587,,9/5/2015 8:00:00 AM,120,SEWELLS RD,HUPFIELD TRL,20 m West of,Minor Arterial,Scarborough,43.814582,-79.213184,Intersection Related,No Control,Clear,"Dark, artificial",Dry,Non-Fatal Injury,SMV Other,Passenger,15 to 19,Major,,,,,,,,,,,,,,,Yes,,,,,Yes,Yes,Yes,,,,146,Malvern East,132,Malvern (132),D42,643703.0456,4852829.8415
11850,80488917,,9/5/2015 8:00:00 AM,1652,MAXWELL ST,HOVE ST,40 m South o,Local,North York,43.76113,-79.448695,Non Intersection,No Control,Clear,Daylight,Dry,Fatal,SMV Other,Driver,85 to 89,Major,,South,"Automobile, Station Wagon",Going Ahead,Lost control,Unknown,,,,,,,,,Yes,,,,,Yes,,,,,,34,Bathurst Manor,34,Bathurst Manor (34),D32,624873.3705,4846511.0648
11851,80488918,,9/5/2015 8:00:00 AM,1652,MAXWELL ST,HOVE ST,40 m South o,Local,North York,43.76113,-79.448695,Non Intersection,No Control,Clear,Daylight,Dry,Fatal,SMV Other,Passenger,90 to 94,Fatal,45,,,,,,,,,,,,,,Yes,,,,,Yes,,,,,,34,Bathurst Manor,34,Bathurst Manor (34),D32,624873.3705,4846511.0648
11852,80488952,,9/6/2015 8:00:00 AM,1034,LAKE SHORE BLVD W,JAMESON AVE,1 m West of,Major Arterial,Toronto and East York,43.633349,-79.435138,Non Intersection,No Control,Clear,Daylight,Dry,Fatal,SMV Other,Motorcycle Driver,55 to 59,Fatal,42,East,Motorcycle,Going Ahead,Lost control,Unknown,,,,,,,,,,Yes,,,,,,,,,,85,South Parkdale,85,South Parkdale (85),D14,626232.5044,4832339.7492
11853,80489005,,9/7/2015 8:00:00 AM,513,MARTIN GROVE RD,RICHGROVE DR,4 m South of,Major Arterial,Etobicoke York,43.676829,-79.564204,At Intersection,Traffic Signal,Clear,Dark,Dry,Non-Fatal Injury,Angle,Driver,unknown,None,,South,"Automobile, Station Wagon",Going Ahead,Disobeyed Traffic Control,Unknown,,,,,,,,,Yes,,,,,Yes,,Yes,Yes,,,7,Willowridge-Martingrove-Richview,7,Willowridge-Martingrove-Richview (7),D23,615737.5142,4836980.588
11854,80489006,,9/7/2015 8:00:00 AM,513,MARTIN GROVE RD,RICHGROVE DR,4 m South of,Major Arterial,Etobicoke York,43.676829,-79.564204,At Intersection,Traffic Signal,Clear,Dark,Dry,Non-Fatal Injury,Angle,Driver,unknown,None,,East,"Automobile, Station Wagon",Going Ahead,Driving Properly,Unknown,,,,,,,,,Yes,,,,,Yes,,Yes,Yes,,,7,Willowridge-Martingrove-Richview,7,Willowridge-Martingrove-Richview (7),D23,615737.5142,4836980.588
11855,80489007,,9/7/2015 8:00:00 AM,513,MARTIN GROVE RD,RICHGROVE DR,4 m South of,Major Arterial,Etobicoke York,43.676829,-79.564204,At Intersection,Traffic Signal,Clear,Dark,Dry,Non-Fatal Injury,Angle,Passenger,20 to 24,Major,,,,,,,,,,,,,,,Yes,,,,,Yes,,Yes,Yes,,,7,Willowridge-Martingrove-Richview,7,Willowridge-Martingrove-Richview (7),D23,615737.5142,4836980.588
11856,80249841,,9/8/2015 8:00:00 AM,1500,JARVIS ST,FRONT ST E,53 m South o,Major Arterial,Toronto and East York,43.648951,-79.371242,Non Intersection,No Control,Clear,Daylight,Dry,Non-Fatal Injury,Pedestrian Collisions,Driver,35 to 39,None,,South,"Automobile, Station Wagon",Going Ahead,Driving Properly,Normal,,,,,,,Yes,,Yes,,,,,,,,,,,166,St Lawrence-East Bayfront-The Islands,77,Waterfront Communities-The Island (77),D51,631352.8443,4834171.7035
11857,80249842,,9/8/2015 8:00:00 AM,1500,JARVIS ST,FRONT ST E,53 m South o,Major Arterial,Toronto and East York,43.648951,-79.371242,Non Intersection,No Control,Clear,Daylight,Dry,Non-Fatal Injury,Pedestrian Collisions,Pedestrian,65 to 69,Major,,Unknown,,,,,Pedestrian hit at mid-block,"Crossing, no Traffic Control",Inattentive,,,,Yes,,Yes,,,,,,,,,,,166,St Lawrence-East Bayfront-The Islands,77,Waterfront Communities-The Island (77),D51,631352.8443,4834171.7035
11858,80250173,,9/11/2015 8:00:00 AM,2130,QUEENS PARK,COLLEGE ST,1 m North of,Major Arterial,Toronto and East York,43.659846,-79.390483,At Intersection,Traffic Signal,Rain,"Dark, artificial",Wet,Non-Fatal Injury,Pedestrian Collisions,Driver,60 to 64,None,,East,"Automobile, Station Wagon",Turning Left,Failed to Yield Right of Way,Normal,,,,,,,Yes,,Yes,,,,,,,Yes,,,,170,Yonge-Bay Corridor,76,Bay Street Corridor (76),D52,629777.6471,4835351.4613
11859,80250174,,9/11/2015 8:00:00 AM,2130,QUEENS PARK,COLLEGE ST,1 m North of,Major Arterial,Toronto and East York,43.659846,-79.390483,At Intersection,Traffic Signal,Rain,"Dark, artificial",Wet,Non-Fatal Injury,Pedestrian Collisions,Pedestrian,30 to 34,Major,,East,,,,,Vehicle turns left while ped crosses with ROW at inter.,Crossing with right of way,Normal,,,,Yes,,Yes,,,,,,,Yes,,,,170,Yonge-Bay Corridor,76,Bay Street Corridor (76),D52,629777.6471,4835351.4613
11860,80250175,,9/11/2015 8:00:00 AM,2139,DUPONT ST,WALMER RD,24 m West of,Major Arterial,Toronto and East York,43.674601,-79.408252,Non Intersection,No Control,Rain,"Dark, artificial",Wet,Non-Fatal Injury,Pedestrian Collisions,Driver,45 to 49,None,,West,"Automobile, Station Wagon",Going Ahead,Driving Properly,Normal,,,,,,,Yes,,Yes,,,,,Yes,,,,,,95,Annex,95,Annex (95),D14,628313.4502,4836962.5609
11861,80250176,,9/11/2015 8:00:00 AM,2139,DUPONT ST,WALMER RD,24 m West of,Major Arterial,Toronto and East York,43.674601,-79.408252,Non Intersection,No Control,Rain,"Dark, artificial",Wet,Non-Fatal Injury,Pedestrian Collisions,Passenger,10 to 14,None,,,,,,,,,,,,,Yes,,Yes,,,,,Yes,,,,,,95,Annex,95,Annex (95),D14,628313.4502,4836962.5609
11862,80250177,,9/11/2015 8:00:00 AM,2139,DUPONT ST,WALMER RD,24 m West of,Major Arterial,Toronto and East York,43.674601,-79.408252,Non Intersection,No Control,Rain,"Dark, artificial",Wet,Non-Fatal Injury,Pedestrian Collisions,Passenger,10 to 14,None,,,,,,,,,,,,,Yes,,Yes,,,,,Yes,,,,,,95,Annex,95,Annex (95),D14,628313.4502,4836962.5609
11863,80250178,,9/11/2015 8:00:00 AM,2139,DUPONT ST,WALMER RD,24 m West of,Major Arterial,Toronto and East York,43.674601,-79.408252,Non Intersection,No Control,Rain,"Dark, artificial",Wet,Non-Fatal Injury,Pedestrian Collisions,Pedestrian,60 to 64,Major,,South,,,,,Pedestrian hit at mid-block,"Crossing, no Traffic Control",Unknown,,,,Yes,,Yes,,,,,Yes,,,,,,95,Annex,95,Annex (95),D14,628313.4502,4836962.5609
11864,80250267,,9/12/2015 8:00:00 AM,1930,BAY MILLS BLVD,SHEPPARD AVE E,,Major Arterial,Scarborough,43.779551,-79.304385,At Intersection,Traffic Signal,Rain,"Dawn, artificial",Wet,Non-Fatal Injury,Pedestrian Collisions,Driver,20 to 24,None,,South,"Automobile, Station Wagon",Turning Left,Failed to Yield Right of Way,Inattentive,,,,,,,Yes,,Yes,,,,,Yes,,Yes,,,,118,Tam O'Shanter-Sullivan,118,Tam O'Shanter-Sullivan (118),D42,636447.9241,4848784.7197
11865,80250268,,9/12/2015 8:00:00 AM,1930,BAY MILLS BLVD,SHEPPARD AVE E,,Major Arterial,Scarborough,43.779551,-79.304385,At Intersection,Traffic Signal,Rain,"Dawn, artificial",Wet,Non-Fatal Injury,Pedestrian Collisions,Passenger,25 to 29,None,,,,,,,,,,,,,Yes,,Yes,,,,,Yes,,Yes,,,,118,Tam O'Shanter-Sullivan,118,Tam O'Shanter-Sullivan (118),D42,636447.9241,4848784.7197
11866,80250269,,9/12/2015 8:00:00 AM,1930,BAY MILLS BLVD,SHEPPARD AVE E,,Major Arterial,Scarborough,43.779551,-79.304385,At Intersection,Traffic Signal,Rain,"Dawn, artificial",Wet,Non-Fatal Injury,Pedestrian Collisions,Passenger,20 to 24,None,,,,,,,,,,,,,Yes,,Yes,,,,,Yes,,Yes,,,,118,Tam O'Shanter-Sullivan,118,Tam O'Shanter-Sullivan (118),D42,636447.9241,4848784.7197
11867,80250270,,9/12/2015 8:00:00 AM,1930,BAY MILLS BLVD,SHEPPARD AVE E,,Major Arterial,Scarborough,43.779551,-79.304385,At Intersection,Traffic Signal,Rain,"Dawn, artificial",Wet,Non-Fatal Injury,Pedestrian Collisions,Pedestrian,15 to 19,Major,,Unknown,,,,,Vehicle turns left while ped crosses with ROW at inter.,Crossing with right of way,Normal,,,,Yes,,Yes,,,,,Yes,,Yes,,,,118,Tam O'Shanter-Sullivan,118,Tam O'Shanter-Sullivan (118),D42,636447.9241,4848784.7197
11868,80489445,,9/16/2015 8:00:00 AM,1721,STRACHAN AVE,WELLINGTON ST W,,Minor Arterial,Toronto and East York,43.640742,-79.411464,At Intersection,Stop Sign,Clear,Daylight,Dry,Non-Fatal Injury,Angle,Driver,40 to 44,None,,West,"Automobile, Station Wagon",Going Ahead,Failed to Yield Right of Way,Normal,,,,,,,,,Yes,,,,,,,Yes,,,,162,West Queen West,82,Niagara (82),D14,628126.5173,4833197.1094
11869,80489446,,9/16/2015 8:00:00 AM,1721,STRACHAN AVE,WELLINGTON ST W,,Minor Arterial,Toronto and East York,43.640742,-79.411464,At Intersection,Stop Sign,Clear,Daylight,Dry,Non-Fatal Injury,Angle,Driver,35 to 39,Major,,South,"Automobile, Station Wagon",Going Ahead,Driving Properly,Normal,,,,,,,,,Yes,,,,,,,Yes,,,,162,West Queen West,82,Niagara (82),D14,628126.5173,4833197.1094
11870,80250653,,9/16/2015 8:00:00 AM,1940,KENNEDY RD,PERTHSHIRE ST,,Major Arterial,Scarborough,43.808901,-79.300456,Intersection Related,No Control,Clear,"Dark, artificial",Dry,Non-Fatal Injury,Pedestrian Collisions,Driver,20 to 24,None,,South,"Automobile, Station Wagon",Going Ahead,Driving Properly,Normal,,,,,,,Yes,,Yes,,,,,,,,,,,130,Milliken,130,Milliken (130),D42,636697.1597,4852050.9871
11871,80250654,,9/16/2015 8:00:00 AM,1940,KENNEDY RD,PERTHSHIRE ST,,Major Arterial,Scarborough,43.808901,-79.300456,Intersection Related,No Control,Clear,"Dark, artificial",Dry,Non-Fatal Injury,Pedestrian Collisions,Pedestrian,80 to 84,Major,,Unknown,,,,,Vehicle is going straight thru inter.while ped cross without ROW,"Crossing, no Traffic Control",Normal,,,,Yes,,Yes,,,,,,,,,,,130,Milliken,130,Milliken (130),D42,636697.1597,4852050.9871
11872,80250655,,9/16/2015 8:00:00 AM,1940,KENNEDY RD,PERTHSHIRE ST,,Major Arterial,Scarborough,43.808901,-79.300456,Intersection Related,No Control,Clear,"Dark, artificial",Dry,Non-Fatal Injury,Pedestrian Collisions,Pedestrian,70 to 74,Minimal,,Unknown,,,,,Vehicle is going straight thru inter.while ped cross without ROW,"Crossing, no Traffic Control",Normal,,,,Yes,,Yes,,,,,,,,,,,130,Milliken,130,Milliken (130),D42,636697.1597,4852050.9871
11873,80250667,,9/16/2015 8:00:00 AM,2200,BIRMINGHAM ST,SIXTEENTH ST,1 m East of,Collector,Etobicoke York,43.601107,-79.516086,Non Intersection,No Control,Clear,"Dark, artificial",Dry,Non-Fatal Injury,Cyclist Collisions,Cyclist,50 to 54,Major,,West,Bicycle,Changing Lanes,,,,,,Cyclist and Driver travelling in same direction. One vehicle sideswipes the other.,Improper Lane Change,Inattentive,,Yes,Yes,,,,,,,,,,,18,New Toronto,18,New Toronto (18),D22,619766.6159,4828638.9728
11874,80250668,,9/16/2015 8:00:00 AM,2200,BIRMINGHAM ST,SIXTEENTH ST,1 m East of,Collector,Etobicoke York,43.601107,-79.516086,Non Intersection,No Control,Clear,"Dark, artificial",Dry,Non-Fatal Injury,Cyclist Collisions,Driver,50 to 54,None,,West,"Automobile, Station Wagon",Going Ahead,Driving Properly,Normal,,,,,,,,Yes,Yes,,,,,,,,,,,18,New Toronto,18,New Toronto (18),D22,619766.6159,4828638.9728
11875,80250754,,9/17/2015 8:00:00 AM,2210,NEILSON RD,FINCH AVE E,26 m South o,Minor Arterial,Scarborough,43.816256,-79.227596,Non Intersection,No Control,Clear,"Dark, artificial",Dry,Non-Fatal Injury,Pedestrian Collisions,Driver,unknown,None,,North,"Automobile, Station Wagon",Changing Lanes,Improper Lane Change,Unknown,,,,,,,Yes,,Yes,,,,,,,,,,,145,Malvern West,132,Malvern (132),D42,642539.9769,4852990.8341