OBJECTID,INDEX,ACCNUM,DATE,TIME,STREET1,STREET2,OFFSET,ROAD_CLASS,DISTRICT,LATITUDE,LONGITUDE,ACCLOC,TRAFFCTL,VISIBILITY,LIGHT,RDSFCOND,ACCLASS,IMPACTYPE,INVTYPE,INVAGE,INJURY,FATAL_NO,INITDIR,VEHTYPE,MANOEUVER,DRIVACT,DRIVCOND,PEDTYPE,PEDACT,PEDCOND,CYCLISTYPE,CYCACT,CYCCOND,PEDESTRIAN,CYCLIST,AUTOMOBILE,MOTORCYCLE,TRUCK,TRSN_CITY_VEH,EMERG_VEH,PASSENGER,SPEEDING,AG_DRIV,REDLIGHT,ALCOHOL,DISABILITY,HOOD_158,NEIGHBOURHOOD_158,HOOD_140,NEIGHBOURHOOD_140,DIVISION,x,y
11876,80250755,,9/17/2015 8:00:00 AM,2210,NEILSON RD,FINCH AVE E,26 m South o,Minor Arterial,Scarborough,43.816256,-79.227596,Non Intersection,No Control,Clear,"Dark, artificial",Dry,Non-Fatal Injury,Pedestrian Collisions,Pedestrian,40 to 44,Major,,East,,,,,Pedestrian hit at mid-block,"Crossing, no Traffic Control",Inattentive,,,,Yes,,Yes,,,,,,,,,,,145,Malvern West,132,Malvern (132),D42,642539.9769,4852990.8341
11877,80489505,,9/18/2015 8:00:00 AM,610,QUEEN ST E,HILTZ AVE,5 m West of,Minor Arterial,Toronto and East York,43.664164,-79.326206,Non Intersection,No Control,Clear,Dark,Dry,Fatal,Approaching,Motorcycle Driver,35 to 39,Fatal,43,East,Motorcycle,Going Ahead,Lost control,Inattentive,,,,,,,,,,Yes,,Yes,,,,,,,,65,Greenwood-Coxwell,65,Greenwood-Coxwell (65),D55,634950.7758,4835933.5817
11878,80489506,,9/18/2015 8:00:00 AM,610,QUEEN ST E,HILTZ AVE,5 m West of,Minor Arterial,Toronto and East York,43.664164,-79.326206,Non Intersection,No Control,Clear,Dark,Dry,Fatal,Approaching,Driver,30 to 34,None,,West,Street Car,Going Ahead,Driving Properly,Normal,,,,,,,,,,Yes,,Yes,,,,,,,,65,Greenwood-Coxwell,65,Greenwood-Coxwell (65),D55,634950.7758,4835933.5817
11879,80489595,,9/20/2015 8:00:00 AM,2000,MIDLAND AVE,ELLESMERE RD,,Major Arterial,Scarborough,43.767913,-79.271098,At Intersection,Traffic Signal,Clear,"Dark, artificial",Dry,Fatal,Turning Movement,Driver,65 to 69,Major,,East,"Automobile, Station Wagon",Turning Left,Improper Turn,Normal,,,,,,,,,Yes,,,,,Yes,,,,,,156,Bendale-Glen Andrew,127,Bendale (127),D41,639153.5851,4847547.5407
11880,80489596,,9/20/2015 8:00:00 AM,2000,MIDLAND AVE,ELLESMERE RD,,Major Arterial,Scarborough,43.767913,-79.271098,At Intersection,Traffic Signal,Clear,"Dark, artificial",Dry,Fatal,Turning Movement,Driver,15 to 19,Minor,,West,"Automobile, Station Wagon",Going Ahead,Driving Properly,Normal,,,,,,,,,Yes,,,,,Yes,,,,,,156,Bendale-Glen Andrew,127,Bendale (127),D41,639153.5851,4847547.5407
11881,80489597,,9/20/2015 8:00:00 AM,2000,MIDLAND AVE,ELLESMERE RD,,Major Arterial,Scarborough,43.767913,-79.271098,At Intersection,Traffic Signal,Clear,"Dark, artificial",Dry,Fatal,Turning Movement,Driver,20 to 24,None,,West,"Automobile, Station Wagon",Going Ahead,Driving Properly,Normal,,,,,,,,,Yes,,,,,Yes,,,,,,156,Bendale-Glen Andrew,127,Bendale (127),D41,639153.5851,4847547.5407
11882,80489598,,9/20/2015 8:00:00 AM,2000,MIDLAND AVE,ELLESMERE RD,,Major Arterial,Scarborough,43.767913,-79.271098,At Intersection,Traffic Signal,Clear,"Dark, artificial",Dry,Fatal,Turning Movement,Driver,20 to 24,Minimal,,East,"Automobile, Station Wagon",Stopped,Driving Properly,Normal,,,,,,,,,Yes,,,,,Yes,,,,,,156,Bendale-Glen Andrew,127,Bendale (127),D41,639153.5851,4847547.5407
11883,80489599,,9/20/2015 8:00:00 AM,2000,MIDLAND AVE,ELLESMERE RD,,Major Arterial,Scarborough,43.767913,-79.271098,At Intersection,Traffic Signal,Clear,"Dark, artificial",Dry,Fatal,Turning Movement,Driver,25 to 29,None,,West,"Automobile, Station Wagon",Stopped,Driving Properly,Normal,,,,,,,,,Yes,,,,,Yes,,,,,,156,Bendale-Glen Andrew,127,Bendale (127),D41,639153.5851,4847547.5407
11884,80489600,,9/20/2015 8:00:00 AM,2000,MIDLAND AVE,ELLESMERE RD,,Major Arterial,Scarborough,43.767913,-79.271098,At Intersection,Traffic Signal,Clear,"Dark, artificial",Dry,Fatal,Turning Movement,Passenger,80 to 84,Fatal,44,,,,,,,,,,,,,,Yes,,,,,Yes,,,,,,156,Bendale-Glen Andrew,127,Bendale (127),D41,639153.5851,4847547.5407
11885,80489601,,9/20/2015 8:00:00 AM,2000,MIDLAND AVE,ELLESMERE RD,,Major Arterial,Scarborough,43.767913,-79.271098,At Intersection,Traffic Signal,Clear,"Dark, artificial",Dry,Fatal,Turning Movement,Passenger,60 to 64,Major,,,,,,,,,,,,,,,Yes,,,,,Yes,,,,,,156,Bendale-Glen Andrew,127,Bendale (127),D41,639153.5851,4847547.5407
11886,80489602,,9/20/2015 8:00:00 AM,2000,MIDLAND AVE,ELLESMERE RD,,Major Arterial,Scarborough,43.767913,-79.271098,At Intersection,Traffic Signal,Clear,"Dark, artificial",Dry,Fatal,Turning Movement,Passenger,15 to 19,Minor,,,,,,,,,,,,,,,Yes,,,,,Yes,,,,,,156,Bendale-Glen Andrew,127,Bendale (127),D41,639153.5851,4847547.5407
11887,80489603,,9/20/2015 8:00:00 AM,2000,MIDLAND AVE,ELLESMERE RD,,Major Arterial,Scarborough,43.767913,-79.271098,At Intersection,Traffic Signal,Clear,"Dark, artificial",Dry,Fatal,Turning Movement,Passenger,35 to 39,None,,,,,,,,,,,,,,,Yes,,,,,Yes,,,,,,156,Bendale-Glen Andrew,127,Bendale (127),D41,639153.5851,4847547.5407
11888,80489604,,9/20/2015 8:00:00 AM,2000,MIDLAND AVE,ELLESMERE RD,,Major Arterial,Scarborough,43.767913,-79.271098,At Intersection,Traffic Signal,Clear,"Dark, artificial",Dry,Fatal,Turning Movement,Passenger,10 to 14,None,,,,,,,,,,,,,,,Yes,,,,,Yes,,,,,,156,Bendale-Glen Andrew,127,Bendale (127),D41,639153.5851,4847547.5407
11889,80489605,,9/20/2015 8:00:00 AM,2000,MIDLAND AVE,ELLESMERE RD,,Major Arterial,Scarborough,43.767913,-79.271098,At Intersection,Traffic Signal,Clear,"Dark, artificial",Dry,Fatal,Turning Movement,Passenger,10 to 14,None,,,,,,,,,,,,,,,Yes,,,,,Yes,,,,,,156,Bendale-Glen Andrew,127,Bendale (127),D41,639153.5851,4847547.5407
11890,80251172,,9/22/2015 8:00:00 AM,1751,QUEEN ST E,BERKELEY ST,2 m West of,Major Arterial,Toronto and East York,43.655329,-79.365749,Intersection Related,No Control,Clear,Daylight,Dry,Fatal,Pedestrian Collisions,Driver,30 to 34,None,,West,"Automobile, Station Wagon",Going Ahead,Driving Properly,Normal,,,,,,,Yes,,Yes,,,,,,,,,,,73,Moss Park,73,Moss Park (73),D51,631781.8871,4834888.7738
11891,80251173,,9/22/2015 8:00:00 AM,1751,QUEEN ST E,BERKELEY ST,2 m West of,Major Arterial,Toronto and East York,43.655329,-79.365749,Intersection Related,No Control,Clear,Daylight,Dry,Fatal,Pedestrian Collisions,Pedestrian,90 to 94,Fatal,52,South,,,,,Vehicle is going straight thru inter.while ped cross without ROW,Crossing without right of way,Normal,,,,Yes,,Yes,,,,,,,,,,,73,Moss Park,73,Moss Park (73),D51,631781.8871,4834888.7738
11892,80251245,,9/23/2015 8:00:00 AM,1700,MARKHAM RD,DUNELM ST,165 m South ,Major Arterial,Scarborough,43.745635,-79.219951,Non Intersection,No Control,Clear,Daylight,Dry,Non-Fatal Injury,Rear End,Driver,20 to 24,None,,South,"Automobile, Station Wagon",Going Ahead,Following too Close,Normal,,,,,,,,,Yes,,,,,Yes,,Yes,,,,139,Scarborough Village,139,Scarborough Village (139),D43,643323.4678,4845160.452
11893,80251246,,9/23/2015 8:00:00 AM,1700,MARKHAM RD,DUNELM ST,165 m South ,Major Arterial,Scarborough,43.745635,-79.219951,Non Intersection,No Control,Clear,Daylight,Dry,Non-Fatal Injury,Rear End,Driver,65 to 69,Minimal,,South,"Automobile, Station Wagon",Going Ahead,Driving Properly,Normal,,,,,,,,,Yes,,,,,Yes,,Yes,,,,139,Scarborough Village,139,Scarborough Village (139),D43,643323.4678,4845160.452
11894,80251247,,9/23/2015 8:00:00 AM,1700,MARKHAM RD,DUNELM ST,165 m South ,Major Arterial,Scarborough,43.745635,-79.219951,Non Intersection,No Control,Clear,Daylight,Dry,Non-Fatal Injury,Rear End,Driver,40 to 44,Major,,South,"Automobile, Station Wagon",Going Ahead,Driving Properly,Normal,,,,,,,,,Yes,,,,,Yes,,Yes,,,,139,Scarborough Village,139,Scarborough Village (139),D43,643323.4678,4845160.452
11895,80251248,,9/23/2015 8:00:00 AM,1700,MARKHAM RD,DUNELM ST,165 m South ,Major Arterial,Scarborough,43.745635,-79.219951,Non Intersection,No Control,Clear,Daylight,Dry,Non-Fatal Injury,Rear End,Passenger,60 to 64,Minimal,,,,,,,,,,,,,,,Yes,,,,,Yes,,Yes,,,,139,Scarborough Village,139,Scarborough Village (139),D43,643323.4678,4845160.452
11896,80251249,,9/23/2015 8:00:00 AM,1700,MARKHAM RD,DUNELM ST,165 m South ,Major Arterial,Scarborough,43.745635,-79.219951,Non Intersection,No Control,Clear,Daylight,Dry,Non-Fatal Injury,Rear End,Passenger,15 to 19,None,,,,,,,,,,,,,,,Yes,,,,,Yes,,Yes,,,,139,Scarborough Village,139,Scarborough Village (139),D43,643323.4678,4845160.452
11897,80251330,,9/23/2015 8:00:00 AM,1715,BOOTH AVE,LAKE SHORE BLVD E,1 m North of,Major Arterial,Toronto and East York,43.653514,-79.340778,At Intersection,Stop Sign,Clear,Daylight,Dry,Non-Fatal Injury,Cyclist Collisions,Driver,60 to 64,None,,South,"Automobile, Station Wagon",Turning Right,Failed to Yield Right of Way,Inattentive,,,,,,,,Yes,Yes,,,,,Yes,,Yes,,,,70,South Riverdale,70,South Riverdale (70),D55,633799.539,4834727.156
11898,80251331,,9/23/2015 8:00:00 AM,1715,BOOTH AVE,LAKE SHORE BLVD E,1 m North of,Major Arterial,Toronto and East York,43.653514,-79.340778,At Intersection,Stop Sign,Clear,Daylight,Dry,Non-Fatal Injury,Cyclist Collisions,Cyclist,40 to 44,Major,,East,Bicycle,Going Ahead,,,,,,"Motorist turns right at non-signal Inter.(stop, yield, no cont.,and dwy) and strikes cyclist.",Driving Properly,Normal,,Yes,Yes,,,,,Yes,,Yes,,,,70,South Riverdale,70,South Riverdale (70),D55,633799.539,4834727.156
11899,80251332,,9/23/2015 8:00:00 AM,1715,BOOTH AVE,LAKE SHORE BLVD E,1 m North of,Major Arterial,Toronto and East York,43.653514,-79.340778,At Intersection,Stop Sign,Clear,Daylight,Dry,Non-Fatal Injury,Cyclist Collisions,Passenger,65 to 69,None,,,,,,,,,,,,,,Yes,Yes,,,,,Yes,,Yes,,,,70,South Riverdale,70,South Riverdale (70),D55,633799.539,4834727.156
11900,80631971,,9/23/2015 8:00:00 AM,2300,MILNER AVE,CINEMART DR,24 m  of,Minor Arterial,Scarborough,43.797373,-79.204799,At Intersection,No Control,Clear,"Dark, artificial",Dry,Non-Fatal Injury,SMV Other,Driver,40 to 44,Major,,East,"Automobile, Station Wagon",Going Ahead,Lost control,Inattentive,,,,,,,,,Yes,,,,,,Yes,Yes,,,,146,Malvern East,132,Malvern (132),D42,644418.8777,4850933.0997
11901,80489685,,9/24/2015 8:00:00 AM,110,LAKE SHORE BLVD W,ROYAL YORK RD,40 m West of,Major Arterial,Etobicoke York,43.603362,-79.493755,Non Intersection,No Control,Clear,"Dark, artificial",Dry,Non-Fatal Injury,SMV Other,Driver,30 to 34,Major,,West,Pick Up Truck,Going Ahead,Speed too Fast For Condition,Unknown,,,,,,,,,Yes,,,,,,Yes,Yes,,,,160,Mimico-Queensway,17,Mimico (includes Humber Bay Shores) (17),D22,621564.4243,4828921.8587
11902,80489686,,9/24/2015 8:00:00 AM,636,THE QUEENSWAY,GLENDALE AVE,57 m East of,Major Arterial,Toronto and East York,43.639189,-79.450557,At Intersection,No Control,Clear,"Dark, artificial",Dry,Fatal,Pedestrian Collisions,Driver,55 to 59,None,,East,"Automobile, Station Wagon",Going Ahead,Driving Properly,Normal,,,,,,,Yes,,Yes,,,,,,,,,,,87,High Park-Swansea,87,High Park-Swansea (87),D11,624976.583,4832965.0236
11903,80489687,,9/24/2015 8:00:00 AM,636,THE QUEENSWAY,GLENDALE AVE,57 m East of,Major Arterial,Toronto and East York,43.639189,-79.450557,At Intersection,No Control,Clear,"Dark, artificial",Dry,Fatal,Pedestrian Collisions,Pedestrian,75 to 79,Fatal,51,North,,,,,Pedestrian hit at mid-block,"Crossing, no Traffic Control",Normal,,,,Yes,,Yes,,,,,,,,,,,87,High Park-Swansea,87,High Park-Swansea (87),D11,624976.583,4832965.0236
11904,80251324,,9/24/2015 8:00:00 AM,1520,WELLINGTON ST W,YORK ST,3 m East of,Minor Arterial,Toronto and East York,43.64659,-79.383029,Non Intersection,Traffic Signal,Clear,Daylight,Dry,Non-Fatal Injury,Cyclist Collisions,Driver,55 to 59,None,,West,"Automobile, Station Wagon",Going Ahead,Improper Passing,Inattentive,,,,,,,,Yes,Yes,,,,,,,Yes,,,,170,Yonge-Bay Corridor,76,Bay Street Corridor (76),D52,630407.3687,4833890.8942
11905,80251325,,9/24/2015 8:00:00 AM,1520,WELLINGTON ST W,YORK ST,3 m East of,Minor Arterial,Toronto and East York,43.64659,-79.383029,Non Intersection,Traffic Signal,Clear,Daylight,Dry,Non-Fatal Injury,Cyclist Collisions,Cyclist,35 to 39,Major,,West,Bicycle,Going Ahead,,,,,,Cyclist and Driver travelling in same direction. One vehicle sideswipes the other.,Driving Properly,Normal,,Yes,Yes,,,,,,,Yes,,,,170,Yonge-Bay Corridor,76,Bay Street Corridor (76),D52,630407.3687,4833890.8942
11906,80489832,,9/24/2015 8:00:00 AM,2230,MARKHAM RD,LAWRENCE AVE E,,Major Arterial,Scarborough,43.75981,-79.225314,Intersection Related,Traffic Signal,Clear,"Dark, artificial",Dry,Non-Fatal Injury,Turning Movement,Driver,60 to 64,Major,,South,"Automobile, Station Wagon",Turning Left,Failed to Yield Right of Way,Inattentive,,,,,,,,,Yes,,,,,,,Yes,,,,141,Golfdale-Cedarbrae-Woburn,137,Woburn (137),D43,642857.9185,4846725.5382
11907,80489833,,9/24/2015 8:00:00 AM,2230,MARKHAM RD,LAWRENCE AVE E,,Major Arterial,Scarborough,43.75981,-79.225314,Intersection Related,Traffic Signal,Clear,"Dark, artificial",Dry,Non-Fatal Injury,Turning Movement,Driver,15 to 19,None,,North,Passenger Van,Going Ahead,Driving Properly,Normal,,,,,,,,,Yes,,,,,,,Yes,,,,141,Golfdale-Cedarbrae-Woburn,137,Woburn (137),D43,642857.9185,4846725.5382
11908,80631972,,9/25/2015 8:00:00 AM,1943,HUMBERSIDE AVE,KEELE ST,,Major Arterial,Toronto and East York,43.661589,-79.462917,At Intersection,Traffic Signal,Clear,"Dark, artificial",Dry,Non-Fatal Injury,Pedestrian Collisions,Driver,30 to 34,None,,East,"Automobile, Station Wagon",Turning Left,Failed to Yield Right of Way,Inattentive,,,,,,,Yes,,Yes,,,,,Yes,,Yes,,,,88,High Park North,88,High Park North (88),D11,623933.5486,4835434.2966
11909,80631973,,9/25/2015 8:00:00 AM,1943,HUMBERSIDE AVE,KEELE ST,,Major Arterial,Toronto and East York,43.661589,-79.462917,At Intersection,Traffic Signal,Clear,"Dark, artificial",Dry,Non-Fatal Injury,Pedestrian Collisions,Pedestrian,80 to 84,Major,,West,,,,,Vehicle turns left while ped crosses with ROW at inter.,Crossing with right of way,Normal,,,,Yes,,Yes,,,,,Yes,,Yes,,,,88,High Park North,88,High Park North (88),D11,623933.5486,4835434.2966
11910,80631974,,9/25/2015 8:00:00 AM,1943,HUMBERSIDE AVE,KEELE ST,,Major Arterial,Toronto and East York,43.661589,-79.462917,At Intersection,Traffic Signal,Clear,"Dark, artificial",Dry,Non-Fatal Injury,Pedestrian Collisions,Passenger,65 to 69,None,,,,,,,,,,,,,Yes,,Yes,,,,,Yes,,Yes,,,,88,High Park North,88,High Park North (88),D11,623933.5486,4835434.2966
11911,80489769,,9/25/2015 8:00:00 AM,2058,MOUNT PLEASANT RD,STIBBARD AVE,25 m South o,Major Arterial,North York,43.716925,-79.393604,Non Intersection,No Control,Clear,"Dark, artificial",Dry,Non-Fatal Injury,SMV Other,Driver,50 to 54,Major,,North,"Automobile, Station Wagon",Going Ahead,Lost control,"Ability Impaired, Alcohol",,,,,,,,,Yes,,,,,,,,,Yes,,99,Mount Pleasant East,99,Mount Pleasant East (99),D53,629403.1921,4841685.993
11912,80489774,,9/26/2015 8:00:00 AM,1,BURNHAMTHORPE RD,427 C N BURNHAMTHORPE RAMP,,Major Arterial,Etobicoke York,43.645896,-79.561664,At Intersection,Traffic Signal,Clear,"Dark, artificial",Dry,Fatal,Turning Movement,Driver,30 to 34,Fatal,47,East,"Automobile, Station Wagon",Going Ahead,Disobeyed Traffic Control,"Ability Impaired, Alcohol",,,,,,,,,Yes,,,,,,Yes,Yes,Yes,Yes,,158,Islington,14,Islington-City Centre West (14),D22,616001.8164,4833548.6276
11913,80489775,,9/26/2015 8:00:00 AM,1,BURNHAMTHORPE RD,427 C N BURNHAMTHORPE RAMP,,Major Arterial,Etobicoke York,43.645896,-79.561664,At Intersection,Traffic Signal,Clear,"Dark, artificial",Dry,Fatal,Turning Movement,Driver,20 to 24,Major,,North,"Automobile, Station Wagon",Turning Left,Driving Properly,Normal,,,,,,,,,Yes,,,,,,Yes,Yes,Yes,Yes,,158,Islington,14,Islington-City Centre West (14),D22,616001.8164,4833548.6276
11914,80489799,,9/26/2015 8:00:00 AM,1718,DANFORTH AVE,ST DUNSTAN DR,,Major Arterial,Scarborough,43.691847,-79.28551,Intersection Related,No Control,Clear,Daylight,Dry,Non-Fatal Injury,Turning Movement,Driver,50 to 54,Minimal,,East,"Automobile, Station Wagon",Turning Left,Improper Turn,Inattentive,,,,,,,,,Yes,Yes,,,,Yes,,Yes,,,,121,Oakridge,121,Oakridge (121),D41,638168.4015,4839075.1673
11915,80489800,,9/26/2015 8:00:00 AM,1718,DANFORTH AVE,ST DUNSTAN DR,,Major Arterial,Scarborough,43.691847,-79.28551,Intersection Related,No Control,Clear,Daylight,Dry,Non-Fatal Injury,Turning Movement,Motorcycle Driver,30 to 34,Major,,West,Motorcycle,Changing Lanes,Improper Lane Change,Inattentive,,,,,,,,,Yes,Yes,,,,Yes,,Yes,,,,121,Oakridge,121,Oakridge (121),D41,638168.4015,4839075.1673
11916,80489801,,9/26/2015 8:00:00 AM,1718,DANFORTH AVE,ST DUNSTAN DR,,Major Arterial,Scarborough,43.691847,-79.28551,Intersection Related,No Control,Clear,Daylight,Dry,Non-Fatal Injury,Turning Movement,Passenger,50 to 54,Minor,,,,,,,,,,,,,,,Yes,Yes,,,,Yes,,Yes,,,,121,Oakridge,121,Oakridge (121),D41,638168.4015,4839075.1673
11917,80251560,,9/27/2015 8:00:00 AM,54,KEELE ST,ANNETTE ST,9 m South of,Major Arterial,Toronto and East York,43.663642,-79.463794,Intersection Related,Traffic Signal,Clear,"Dark, artificial",Dry,Non-Fatal Injury,Cyclist Collisions,Cyclist,25 to 29,Major,,South,Bicycle,Going Ahead,,,,,,"Cyclist without ROW rides into path of motorist at inter, lnwy, dwy-Cyclist not turn.",Disobeyed Traffic Control,Normal,,Yes,,,,Yes,,,,,,,,90,Junction Area,90,Junction Area (90),D11,623858.6144,4835660.9995
11918,80251561,,9/27/2015 8:00:00 AM,54,KEELE ST,ANNETTE ST,9 m South of,Major Arterial,Toronto and East York,43.663642,-79.463794,Intersection Related,Traffic Signal,Clear,"Dark, artificial",Dry,Non-Fatal Injury,Cyclist Collisions,Driver,35 to 39,None,,South,Municipal Transit Bus (TTC),Turning Right,Driving Properly,Normal,,,,,,,,Yes,,,,Yes,,,,,,,,90,Junction Area,90,Junction Area (90),D11,623858.6144,4835660.9995
11919,80251602,,9/27/2015 8:00:00 AM,1220,HOMEWOOD AVE,WELLESLEY ST E,,Minor Arterial,Toronto and East York,43.666476,-79.375842,At Intersection,Traffic Signal,Clear,Daylight,Dry,Non-Fatal Injury,Cyclist Collisions,Driver,40 to 44,None,,South,"Automobile, Station Wagon",Turning Right,Failed to Yield Right of Way,Inattentive,,,,,,,,Yes,Yes,,,,,,,Yes,,,,71,Cabbagetown-South St.James Town,71,Cabbagetown-South St.James Town (71),D51,630943.7692,4836110.8164
11920,80251603,,9/27/2015 8:00:00 AM,1220,HOMEWOOD AVE,WELLESLEY ST E,,Minor Arterial,Toronto and East York,43.666476,-79.375842,At Intersection,Traffic Signal,Clear,Daylight,Dry,Non-Fatal Injury,Cyclist Collisions,Cyclist,25 to 29,Major,,East,Bicycle,Going Ahead,,,,,,Motorist turning right on red at signalized intersection strikes cyclist.,Driving Properly,Normal,,Yes,Yes,,,,,,,Yes,,,,71,Cabbagetown-South St.James Town,71,Cabbagetown-South St.James Town (71),D51,630943.7692,4836110.8164
11921,80251660,,9/27/2015 8:00:00 AM,2136,336 BIRCHMOUNT RD,,3 m South of,Minor Arterial,Scarborough,43.698958,-79.264797,Non Intersection,No Control,Clear,"Dark, artificial",Dry,Non-Fatal Injury,Cyclist Collisions,Driver,65 to 69,None,,South,"Automobile, Station Wagon",Going Ahead,Following too Close,Inattentive,,,,,,,,Yes,Yes,,,,,,,Yes,,,,122,Birchcliffe-Cliffside,122,Birchcliffe-Cliffside (122),D41,639821.1257,4839899.6683
11922,80251661,,9/27/2015 8:00:00 AM,2136,336 BIRCHMOUNT RD,,3 m South of,Minor Arterial,Scarborough,43.698958,-79.264797,Non Intersection,No Control,Clear,"Dark, artificial",Dry,Non-Fatal Injury,Cyclist Collisions,Cyclist,35 to 39,Major,,South,Bicycle,Stopped,,,,,,Cyclist and Driver travelling in same direction. One vehicle rear-ended the other.,Driving Properly,Normal,,Yes,Yes,,,,,,,Yes,,,,122,Birchcliffe-Cliffside,122,Birchcliffe-Cliffside (122),D41,639821.1257,4839899.6683
11923,80251725,,9/28/2015 8:00:00 AM,1755,OSSINGTON AVE,DEWSON ST,42 m South o,Minor Arterial,Toronto and East York,43.656546,-79.423526,Non Intersection,No Control,Clear,Daylight,Dry,Non-Fatal Injury,Pedestrian Collisions,Driver,40 to 44,None,,South,"Automobile, Station Wagon",Going Ahead,Driving Properly,Normal,,,,,,,Yes,,Yes,,,,,,,,,,,80,Palmerston-Little Italy,80,Palmerston-Little Italy (80),D14,627120.2799,4834933.7991
11924,80251726,,9/28/2015 8:00:00 AM,1755,OSSINGTON AVE,DEWSON ST,42 m South o,Minor Arterial,Toronto and East York,43.656546,-79.423526,Non Intersection,No Control,Clear,Daylight,Dry,Non-Fatal Injury,Pedestrian Collisions,Pedestrian,5 to 9,Major,,East,,,,,Pedestrian hit at mid-block,Running onto Roadway,Inattentive,,,,Yes,,Yes,,,,,,,,,,,80,Palmerston-Little Italy,80,Palmerston-Little Italy (80),D14,627120.2799,4834933.7991
11925,80489923,,9/29/2015 8:00:00 AM,1325,RIVER ST,QUEEN ST E,33 m East of,Major Arterial,Toronto and East York,43.657363,-79.35654,At Intersection,Traffic Signal,Other,Daylight,Other,Non-Fatal Injury,Turning Movement,Driver,25 to 29,None,,North,"Automobile, Station Wagon",Turning Right,Failed to Yield Right of Way,Unknown,,,,,,,,,Yes,,,,,Yes,,Yes,,,,73,Moss Park,73,Moss Park (73),D51,632520.0114,4835129.3435
11926,80489924,,9/29/2015 8:00:00 AM,1325,RIVER ST,QUEEN ST E,33 m East of,Major Arterial,Toronto and East York,43.657363,-79.35654,At Intersection,Traffic Signal,Other,Daylight,Other,Non-Fatal Injury,Turning Movement,Driver,65 to 69,Major,,Unknown,"Automobile, Station Wagon",Going Ahead,Driving Properly,Unknown,,,,,,,,,Yes,,,,,Yes,,Yes,,,,73,Moss Park,73,Moss Park (73),D51,632520.0114,4835129.3435
11927,80489925,,9/29/2015 8:00:00 AM,1325,RIVER ST,QUEEN ST E,33 m East of,Major Arterial,Toronto and East York,43.657363,-79.35654,At Intersection,Traffic Signal,Other,Daylight,Other,Non-Fatal Injury,Turning Movement,Passenger,55 to 59,Major,,,,,,,,,,,,,,,Yes,,,,,Yes,,Yes,,,,73,Moss Park,73,Moss Park (73),D51,632520.0114,4835129.3435
11928,80251820,,9/29/2015 8:00:00 AM,1520,939 PROGRESS AVE,,4 m North of,Minor Arterial,Scarborough,43.7839,-79.231899,At Intersection,Traffic Signal,Rain,Daylight,Wet,Non-Fatal Injury,Cyclist Collisions,Driver,35 to 39,None,,South,"Automobile, Station Wagon",Turning Left,Failed to Yield Right of Way,Inattentive,,,,,,,,Yes,Yes,,,,,,,Yes,,,,142,Woburn North,137,Woburn (137),D43,642270.6992,4849389.7719
11929,80251821,,9/29/2015 8:00:00 AM,1520,939 PROGRESS AVE,,4 m North of,Minor Arterial,Scarborough,43.7839,-79.231899,At Intersection,Traffic Signal,Rain,Daylight,Wet,Non-Fatal Injury,Cyclist Collisions,Cyclist,15 to 19,Major,,North,Bicycle,Going Ahead,,,,,,Motorist turned left across cyclists path.,Driving Properly,Normal,,Yes,Yes,,,,,,,Yes,,,,142,Woburn North,137,Woburn (137),D43,642270.6992,4849389.7719
11930,80489943,,9/30/2015 8:00:00 AM,733,DUNDAS ST W,ROXTON RD,60 m East of,Major Arterial,Toronto and East York,43.649562,-79.419528,Non Intersection,No Control,Clear,Daylight,Dry,Non-Fatal Injury,Sideswipe,Driver,30 to 34,None,,East,"Automobile, Station Wagon",Changing Lanes,Improper Lane Change,Inattentive,,,,,,,,,Yes,Yes,,,,,,,,,,81,Trinity-Bellwoods,81,Trinity-Bellwoods (81),D14,627457.4385,4834164.2675
11931,80489944,,9/30/2015 8:00:00 AM,733,DUNDAS ST W,ROXTON RD,60 m East of,Major Arterial,Toronto and East York,43.649562,-79.419528,Non Intersection,No Control,Clear,Daylight,Dry,Non-Fatal Injury,Sideswipe,Motorcycle Driver,35 to 39,Major,,East,Motorcycle,Going Ahead,Driving Properly,Normal,,,,,,,,,Yes,Yes,,,,,,,,,,81,Trinity-Bellwoods,81,Trinity-Bellwoods (81),D14,627457.4385,4834164.2675
11932,80489964,,9/30/2015 8:00:00 AM,2355,WILSON AVE,MURRAY RD,,Major Arterial,North York,43.72959,-79.471462,At Intersection,No Control,Clear,"Dark, artificial",Dry,Fatal,Turning Movement,Motorcycle Driver,30 to 34,None,,West,Motorcycle,Going Ahead,Exceeding Speed Limit,Unknown,,,,,,,,,Yes,Yes,,,,Yes,Yes,Yes,,,,155,Downsview,26,Downsview-Roding-CFB (26),D32,623105.3433,4842974.0109
11933,80489965,,9/30/2015 8:00:00 AM,2355,WILSON AVE,MURRAY RD,,Major Arterial,North York,43.72959,-79.471462,At Intersection,No Control,Clear,"Dark, artificial",Dry,Fatal,Turning Movement,Driver,50 to 54,Minor,,East,"Automobile, Station Wagon",Turning Left,Driving Properly,Normal,,,,,,,,,Yes,Yes,,,,Yes,Yes,Yes,,,,155,Downsview,26,Downsview-Roding-CFB (26),D32,623105.3433,4842974.0109