OBJECTID,INDEX,ACCNUM,DATE,TIME,STREET1,STREET2,OFFSET,ROAD_CLASS,DISTRICT,LATITUDE,LONGITUDE,ACCLOC,TRAFFCTL,VISIBILITY,LIGHT,RDSFCOND,ACCLASS,IMPACTYPE,INVTYPE,INVAGE,INJURY,FATAL_NO,INITDIR,VEHTYPE,MANOEUVER,DRIVACT,DRIVCOND,PEDTYPE,PEDACT,PEDCOND,CYCLISTYPE,CYCACT,CYCCOND,PEDESTRIAN,CYCLIST,AUTOMOBILE,MOTORCYCLE,TRUCK,TRSN_CITY_VEH,EMERG_VEH,PASSENGER,SPEEDING,AG_DRIV,REDLIGHT,ALCOHOL,DISABILITY,HOOD_158,NEIGHBOURHOOD_158,HOOD_140,NEIGHBOURHOOD_140,DIVISION,x,y
11934,80489966,,9/30/2015 8:00:00 AM,2355,WILSON AVE,MURRAY RD,,Major Arterial,North York,43.72959,-79.471462,At Intersection,No Control,Clear,"Dark, artificial",Dry,Fatal,Turning Movement,Motorcycle Passenger,20 to 24,Fatal,46,,,,,,,,,,,,,,Yes,Yes,,,,Yes,Yes,Yes,,,,155,Downsview,26,Downsview-Roding-CFB (26),D32,623105.3433,4842974.0109
11935,80496212,,10/1/2015 8:00:00 AM,1212,PARLIAMENT ST,SPRUCE ST,500 m North ,Minor Arterial,Toronto and East York,43.662856,-79.367381,Non Intersection,No Control,Clear,Daylight,Dry,Non-Fatal Injury,Cyclist Collisions,Driver,unknown,None,,North,"Automobile, Station Wagon",Stopped,Other,Inattentive,,,,,,,,Yes,Yes,,,,,,,,,,,71,Cabbagetown-South St.James Town,71,Cabbagetown-South St.James Town (71),D51,631633.8358,4835722.1567
11936,80496213,,10/1/2015 8:00:00 AM,1212,PARLIAMENT ST,SPRUCE ST,500 m North ,Minor Arterial,Toronto and East York,43.662856,-79.367381,Non Intersection,No Control,Clear,Daylight,Dry,Non-Fatal Injury,Cyclist Collisions,Cyclist,60 to 64,Major,,North,Bicycle,Overtaking,,,,,,Cyclist struck opened vehicle door,Driving Properly,Normal,,Yes,Yes,,,,,,,,,,,71,Cabbagetown-South St.James Town,71,Cabbagetown-South St.James Town (71),D51,631633.8358,4835722.1567
11937,80252015,,10/1/2015 8:00:00 AM,1702,DURIE ST,COLBECK ST,2 m North of,Collector,Toronto and East York,43.654135,-79.480563,At Intersection,Stop Sign,Clear,Daylight,Dry,Non-Fatal Injury,Pedestrian Collisions,Driver,25 to 29,None,,West,Pick Up Truck,Turning Left,Failed to Yield Right of Way,Normal,,,,,,,Yes,,Yes,,,,,,,Yes,,,,89,Runnymede-Bloor West Village,89,Runnymede-Bloor West Village (89),D11,622525.9152,4834580.2259
11938,80252016,,10/1/2015 8:00:00 AM,1702,DURIE ST,COLBECK ST,2 m North of,Collector,Toronto and East York,43.654135,-79.480563,At Intersection,Stop Sign,Clear,Daylight,Dry,Non-Fatal Injury,Pedestrian Collisions,Pedestrian,75 to 79,Major,,North,,,,,Vehicle turns left while ped crosses with ROW at inter.,Crossing with right of way,Normal,,,,Yes,,Yes,,,,,,,Yes,,,,89,Runnymede-Bloor West Village,89,Runnymede-Bloor West Village (89),D11,622525.9152,4834580.2259
11939,80490006,,10/3/2015 8:00:00 AM,351,BURNHAMTHORPE RD,PRENNAN AVE,1 m East of,Major Arterial,Etobicoke York,43.650695,-79.540759,Non Intersection,No Control,Clear,Dark,Dry,Fatal,SMV Other,Driver,35 to 39,Major,,West,"Automobile, Station Wagon",Going Ahead,Speed too Fast For Condition,Had Been Drinking,,,,,,,,,Yes,,,,,Yes,Yes,Yes,,,,158,Islington,14,Islington-City Centre West (14),D22,617678.4467,4834111.0486
11940,80490007,,10/3/2015 8:00:00 AM,351,BURNHAMTHORPE RD,PRENNAN AVE,1 m East of,Major Arterial,Etobicoke York,43.650695,-79.540759,Non Intersection,No Control,Clear,Dark,Dry,Fatal,SMV Other,Passenger,40 to 44,Fatal,48,,,,,,,,,,,,,,Yes,,,,,Yes,Yes,Yes,,,,158,Islington,14,Islington-City Centre West (14),D22,617678.4467,4834111.0486
11941,80252198,,10/4/2015 8:00:00 AM,910,THE KINGSWAY,ANGLESEY BLVD,,Collector,Etobicoke York,43.663966,-79.521785,At Intersection,Stop Sign,Clear,Daylight,Dry,Non-Fatal Injury,Cyclist Collisions,Cyclist,45 to 49,Major,,East,Bicycle,Going Ahead,,,,,,"Cyclist without ROW rides into path of motorist at inter, lnwy, dwy-Cyclist not turn.",Disobeyed Traffic Control,Inattentive,,Yes,Yes,,,,,,,,,,,9,Edenbridge-Humber Valley,9,Edenbridge-Humber Valley (9),D22,619182.3336,4835612.0448
11942,80252199,,10/4/2015 8:00:00 AM,910,THE KINGSWAY,ANGLESEY BLVD,,Collector,Etobicoke York,43.663966,-79.521785,At Intersection,Stop Sign,Clear,Daylight,Dry,Non-Fatal Injury,Cyclist Collisions,Driver,30 to 34,None,,North,"Automobile, Station Wagon",Going Ahead,Driving Properly,Normal,,,,,,,,Yes,Yes,,,,,,,,,,,9,Edenbridge-Humber Valley,9,Edenbridge-Humber Valley (9),D22,619182.3336,4835612.0448
11943,80252218,,10/4/2015 8:00:00 AM,1453,COLLEGE ST,MARKHAM ST,,Major Arterial,Toronto and East York,43.656211,-79.408946,At Intersection,Stop Sign,Clear,"Dark, artificial",Dry,Non-Fatal Injury,Cyclist Collisions,Driver,30 to 34,None,,East,"Automobile, Station Wagon",Going Ahead,Improper Passing,Unknown,,,,,,,,Yes,Yes,,,,,,Yes,Yes,,,,81,Trinity-Bellwoods,81,Trinity-Bellwoods (81),D14,628296.6754,4834919.0332
11944,80252219,,10/4/2015 8:00:00 AM,1453,COLLEGE ST,MARKHAM ST,,Major Arterial,Toronto and East York,43.656211,-79.408946,At Intersection,Stop Sign,Clear,"Dark, artificial",Dry,Non-Fatal Injury,Cyclist Collisions,Cyclist,50 to 54,Major,,East,Bicycle,Going Ahead,,,,,,Cyclist and Driver travelling in same direction. One vehicle rear-ended the other.,Driving Properly,Normal,,Yes,Yes,,,,,,Yes,Yes,,,,81,Trinity-Bellwoods,81,Trinity-Bellwoods (81),D14,628296.6754,4834919.0332
11945,80490055,,10/6/2015 8:00:00 AM,621,MORNINGSIDE AVE,SHEPPARD AVE E,358 m North ,Major Arterial,Scarborough,43.805159,-79.20087,Non Intersection,No Control,Clear,"Dawn, artificial",Dry,Fatal,Rear End,Driver,50 to 54,Fatal,49,South,"Automobile, Station Wagon",Going Ahead,Lost control,Unknown,,,,,,,,,Yes,,,Yes,,,,,,,,146,Malvern East,132,Malvern (132),D42,644716.1574,4851804.7258
11946,80490056,,10/6/2015 8:00:00 AM,621,MORNINGSIDE AVE,SHEPPARD AVE E,358 m North ,Major Arterial,Scarborough,43.805159,-79.20087,Non Intersection,No Control,Clear,"Dawn, artificial",Dry,Fatal,Rear End,Driver,30 to 34,Minimal,,South,Municipal Transit Bus (TTC),Stopped,Driving Properly,Normal,,,,,,,,,Yes,,,Yes,,,,,,,,146,Malvern East,132,Malvern (132),D42,644716.1574,4851804.7258
11947,80252335,,10/6/2015 8:00:00 AM,753,DAVISVILLE AVE,MOUNT PLEASANT RD,64 m West of,Minor Arterial,Toronto and East York,43.700125,-79.387805,Intersection Related,No Control,Clear,Daylight,Dry,Non-Fatal Injury,Pedestrian Collisions,Driver,25 to 29,None,,East,"Automobile, Station Wagon",Overtaking,Improper Passing,Normal,,,,,,,Yes,,Yes,,,,,,,Yes,,,,174,South Eglinton-Davisville,104,Mount Pleasant West (104),D53,629906.6231,4839829.1856
11948,80252336,,10/6/2015 8:00:00 AM,753,DAVISVILLE AVE,MOUNT PLEASANT RD,64 m West of,Minor Arterial,Toronto and East York,43.700125,-79.387805,Intersection Related,No Control,Clear,Daylight,Dry,Non-Fatal Injury,Pedestrian Collisions,Pedestrian,45 to 49,Major,,North,,,,,Pedestrian hit at mid-block,Running onto Roadway,Normal,,,,Yes,,Yes,,,,,,,Yes,,,,174,South Eglinton-Davisville,104,Mount Pleasant West (104),D53,629906.6231,4839829.1856
11949,80252342,,10/6/2015 8:00:00 AM,810,COXWELL AVE,EARL HAIG AVE,,Minor Arterial,Toronto and East York,43.681132,-79.322696,Intersection Related,Pedestrian Crossover,Clear,Daylight,Dry,Non-Fatal Injury,Pedestrian Collisions,Driver,35 to 39,None,,South,"Automobile, Station Wagon",Going Ahead,Failed to Yield Right of Way,Inattentive,,,,,,,Yes,,Yes,,,,,,,Yes,,,,64,Woodbine Corridor,64,Woodbine Corridor (64),D55,635195.6684,4837823.8257
11950,80252343,,10/6/2015 8:00:00 AM,810,COXWELL AVE,EARL HAIG AVE,,Minor Arterial,Toronto and East York,43.681132,-79.322696,Intersection Related,Pedestrian Crossover,Clear,Daylight,Dry,Non-Fatal Injury,Pedestrian Collisions,Pedestrian,10 to 14,Major,,East,,,,,Pedestrian hit a PXO/ped. Mid-block signal,"Crossing, Pedestrian Crossover",Normal,,,,Yes,,Yes,,,,,,,Yes,,,,64,Woodbine Corridor,64,Woodbine Corridor (64),D55,635195.6684,4837823.8257
11951,80252344,,10/6/2015 8:00:00 AM,813,KING ST W,SUDBURY ST,15 m West of,Major Arterial,Toronto and East York,43.640975,-79.417232,Non Intersection,Traffic Signal,Clear,Daylight,Dry,Non-Fatal Injury,Cyclist Collisions,Cyclist,20 to 24,Major,,East,Bicycle,Changing Lanes,,,,,,Cyclist and Driver travelling in same direction. One vehicle sideswipes the other.,Improper Lane Change,Inattentive,,Yes,Yes,,,,,,,,,,,162,West Queen West,82,Niagara (82),D14,627660.7897,4833214.0991
11952,80252345,,10/6/2015 8:00:00 AM,813,KING ST W,SUDBURY ST,15 m West of,Major Arterial,Toronto and East York,43.640975,-79.417232,Non Intersection,Traffic Signal,Clear,Daylight,Dry,Non-Fatal Injury,Cyclist Collisions,Driver,55 to 59,None,,East,"Automobile, Station Wagon",Going Ahead,Driving Properly,Normal,,,,,,,,Yes,Yes,,,,,,,,,,,162,West Queen West,82,Niagara (82),D14,627660.7897,4833214.0991
11953,80252356,,10/6/2015 8:00:00 AM,1107,ROYAL YORK RD,BRAECREST AVE,51 m South o,Minor Arterial,Etobicoke York,43.694827,-79.532131,Non Intersection,No Control,Clear,Daylight,Dry,Non-Fatal Injury,SMV Other,Driver,60 to 64,Major,,South,"Automobile, Station Wagon",Changing Lanes,Lost control,Medical or Physical Disability,,,,,,,,,Yes,,,,,,,Yes,,,Yes,8,Humber Heights-Westmount,8,Humber Heights-Westmount (8),D23,618287.5149,4839024.7581
11954,80490115,,10/7/2015 8:00:00 AM,2250,STEELES AVE W,MARTIN GROVE RD,64 m East of,Major Arterial,Etobicoke York,43.758036,-79.60255,Intersection Related,No Control,Clear,"Dark, artificial",Dry,Non-Fatal Injury,SMV Other,Driver,25 to 29,None,,West,"Automobile, Station Wagon",Other,Other,Normal,,,,,,,,,Yes,,,,,Yes,,,,,,2,Mount Olive-Silverstone-Jamestown,2,Mount Olive-Silverstone-Jamestown (2),D23,612494.4174,4845946.9567
11955,80490116,,10/7/2015 8:00:00 AM,2250,STEELES AVE W,MARTIN GROVE RD,64 m East of,Major Arterial,Etobicoke York,43.758036,-79.60255,Intersection Related,No Control,Clear,"Dark, artificial",Dry,Non-Fatal Injury,SMV Other,Driver,20 to 24,Minor,,West,"Automobile, Station Wagon",Other,Other,Normal,,,,,,,,,Yes,,,,,Yes,,,,,,2,Mount Olive-Silverstone-Jamestown,2,Mount Olive-Silverstone-Jamestown (2),D23,612494.4174,4845946.9567
11956,80490117,,10/7/2015 8:00:00 AM,2250,STEELES AVE W,MARTIN GROVE RD,64 m East of,Major Arterial,Etobicoke York,43.758036,-79.60255,Intersection Related,No Control,Clear,"Dark, artificial",Dry,Non-Fatal Injury,SMV Other,Driver,25 to 29,Minor,,East,"Automobile, Station Wagon",Going Ahead,Driving Properly,Normal,,,,,,,,,Yes,,,,,Yes,,,,,,2,Mount Olive-Silverstone-Jamestown,2,Mount Olive-Silverstone-Jamestown (2),D23,612494.4174,4845946.9567
11957,80490118,,10/7/2015 8:00:00 AM,2250,STEELES AVE W,MARTIN GROVE RD,64 m East of,Major Arterial,Etobicoke York,43.758036,-79.60255,Intersection Related,No Control,Clear,"Dark, artificial",Dry,Non-Fatal Injury,SMV Other,Passenger,25 to 29,Major,,,,,,,,,,,,,,,Yes,,,,,Yes,,,,,,2,Mount Olive-Silverstone-Jamestown,2,Mount Olive-Silverstone-Jamestown (2),D23,612494.4174,4845946.9567
11958,80252558,,10/8/2015 8:00:00 AM,2227,EGLINTON AVE W,MENIN RD,16 m West of,Major Arterial,North York,43.699633,-79.43188,Intersection Related,No Control,Rain,"Dark, artificial",Wet,Non-Fatal Injury,Pedestrian Collisions,Driver,35 to 39,None,,West,Municipal Transit Bus (TTC),Going Ahead,Speed too Fast For Condition,Normal,,,,,,,Yes,,,,,Yes,,,Yes,Yes,,,,106,Humewood-Cedarvale,106,Humewood-Cedarvale (106),D13,626356.1699,4839706.4269
11959,80252559,,10/8/2015 8:00:00 AM,2227,EGLINTON AVE W,MENIN RD,16 m West of,Major Arterial,North York,43.699633,-79.43188,Intersection Related,No Control,Rain,"Dark, artificial",Wet,Non-Fatal Injury,Pedestrian Collisions,Pedestrian,85 to 89,Major,,Unknown,,,,,Pedestrian involved in a collision with transit vehicle anywhere along roadway,"Crossing, no Traffic Control",Normal,,,,Yes,,,,,Yes,,,Yes,Yes,,,,106,Humewood-Cedarvale,106,Humewood-Cedarvale (106),D13,626356.1699,4839706.4269
11960,80252568,,10/9/2015 8:00:00 AM,15,1244 LAWRENCE,,,Major Arterial,North York,43.741103,-79.319248,At/Near Private Drive,No Control,Rain,"Dark, artificial",Wet,Non-Fatal Injury,Pedestrian Collisions,Driver,20 to 24,Minimal,,West,"Automobile, Station Wagon",Going Ahead,Exceeding Speed Limit,Inattentive,,,,,,,Yes,,Yes,,,,,Yes,Yes,Yes,,,,43,Victoria Village,43,Victoria Village (43),D33,635338.5345,4844490.0934
11961,80252569,,10/9/2015 8:00:00 AM,15,1244 LAWRENCE,,,Major Arterial,North York,43.741103,-79.319248,At/Near Private Drive,No Control,Rain,"Dark, artificial",Wet,Non-Fatal Injury,Pedestrian Collisions,Driver,40 to 44,None,,South,"Automobile, Station Wagon",Turning Right,Failed to Yield Right of Way,Inattentive,,,,,,,Yes,,Yes,,,,,Yes,Yes,Yes,,,,43,Victoria Village,43,Victoria Village (43),D33,635338.5345,4844490.0934
11962,80252570,,10/9/2015 8:00:00 AM,15,1244 LAWRENCE,,,Major Arterial,North York,43.741103,-79.319248,At/Near Private Drive,No Control,Rain,"Dark, artificial",Wet,Non-Fatal Injury,Pedestrian Collisions,Driver,15 to 19,None,,West,"Automobile, Station Wagon",Going Ahead,Exceeding Speed Limit,Inattentive,,,,,,,Yes,,Yes,,,,,Yes,Yes,Yes,,,,43,Victoria Village,43,Victoria Village (43),D33,635338.5345,4844490.0934
11963,80252571,,10/9/2015 8:00:00 AM,15,1244 LAWRENCE,,,Major Arterial,North York,43.741103,-79.319248,At/Near Private Drive,No Control,Rain,"Dark, artificial",Wet,Non-Fatal Injury,Pedestrian Collisions,Passenger,20 to 24,Minimal,,,,,,,,,,,,,Yes,,Yes,,,,,Yes,Yes,Yes,,,,43,Victoria Village,43,Victoria Village (43),D33,635338.5345,4844490.0934
11964,80252572,,10/9/2015 8:00:00 AM,15,1244 LAWRENCE,,,Major Arterial,North York,43.741103,-79.319248,At/Near Private Drive,No Control,Rain,"Dark, artificial",Wet,Non-Fatal Injury,Pedestrian Collisions,Passenger,15 to 19,Minor,,,,,,,,,,,,,Yes,,Yes,,,,,Yes,Yes,Yes,,,,43,Victoria Village,43,Victoria Village (43),D33,635338.5345,4844490.0934
11965,80252573,,10/9/2015 8:00:00 AM,15,1244 LAWRENCE,,,Major Arterial,North York,43.741103,-79.319248,At/Near Private Drive,No Control,Rain,"Dark, artificial",Wet,Non-Fatal Injury,Pedestrian Collisions,Passenger,15 to 19,Minimal,,,,,,,,,,,,,Yes,,Yes,,,,,Yes,Yes,Yes,,,,43,Victoria Village,43,Victoria Village (43),D33,635338.5345,4844490.0934
11966,80252574,,10/9/2015 8:00:00 AM,15,1244 LAWRENCE,,,Major Arterial,North York,43.741103,-79.319248,At/Near Private Drive,No Control,Rain,"Dark, artificial",Wet,Non-Fatal Injury,Pedestrian Collisions,Pedestrian,50 to 54,Major,,Unknown,,,,,Pedestrian hit on sidewalk or shoulder,On Sidewalk or Shoulder,Unknown,,,,Yes,,Yes,,,,,Yes,Yes,Yes,,,,43,Victoria Village,43,Victoria Village (43),D33,635338.5345,4844490.0934
11967,80197054,,10/10/2015 8:00:00 AM,1919,ISLINGTON AVE,DEERFOOT RD,,Major Arterial,Etobicoke York,43.685214,-79.541393,,No Control,Clear,Dark,Dry,Fatal,Pedestrian Collisions,Driver,20 to 24,None,,North,"Automobile, Station Wagon",Going Ahead,Exceeding Speed Limit,Inattentive,,,,,,,Yes,,Yes,,,,,,Yes,Yes,,,,7,Willowridge-Martingrove-Richview,7,Willowridge-Martingrove-Richview (7),D23,617559.914,4837943.9345
11968,80197061,,10/10/2015 8:00:00 AM,1919,ISLINGTON AVE,DEERFOOT RD,,Major Arterial,Etobicoke York,43.685214,-79.541393,,No Control,Clear,Dark,Dry,Fatal,Pedestrian Collisions,Driver,55 to 59,None,,South,"Automobile, Station Wagon",Going Ahead,Driving Properly,Normal,,,,,,,Yes,,Yes,,,,,,Yes,Yes,,,,7,Willowridge-Martingrove-Richview,7,Willowridge-Martingrove-Richview (7),D23,617559.914,4837943.9345
11969,80197062,,10/10/2015 8:00:00 AM,1919,ISLINGTON AVE,DEERFOOT RD,,Major Arterial,Etobicoke York,43.685214,-79.541393,,No Control,Clear,Dark,Dry,Fatal,Pedestrian Collisions,Pedestrian,20 to 24,Fatal,50,Unknown,,,,,Vehicle is going straight thru inter.while ped cross without ROW,"Crossing, no Traffic Control",Inattentive,,,,Yes,,Yes,,,,,,Yes,Yes,,,,7,Willowridge-Martingrove-Richview,7,Willowridge-Martingrove-Richview (7),D23,617559.914,4837943.9345
11970,80490279,,10/11/2015 8:00:00 AM,1445,AVENUE RD,ROE AVE,6 m North of,Major Arterial,North York,43.732382,-79.419399,Non Intersection,No Control,Clear,Daylight,Dry,Non-Fatal Injury,Turning Movement,Driver,60 to 64,Major,,South,"Automobile, Station Wagon",Making U Turn,Improper Turn,Inattentive,,,,,,,,,Yes,,,,,Yes,,,,,,39,Bedford Park-Nortown,39,Bedford Park-Nortown (39),D32,627292.5144,4843362.7652
11971,80490280,,10/11/2015 8:00:00 AM,1445,AVENUE RD,ROE AVE,6 m North of,Major Arterial,North York,43.732382,-79.419399,Non Intersection,No Control,Clear,Daylight,Dry,Non-Fatal Injury,Turning Movement,Driver,30 to 34,Minor,,South,"Automobile, Station Wagon",Going Ahead,Driving Properly,Normal,,,,,,,,,Yes,,,,,Yes,,,,,,39,Bedford Park-Nortown,39,Bedford Park-Nortown (39),D32,627292.5144,4843362.7652
11972,80490281,,10/11/2015 8:00:00 AM,1445,AVENUE RD,ROE AVE,6 m North of,Major Arterial,North York,43.732382,-79.419399,Non Intersection,No Control,Clear,Daylight,Dry,Non-Fatal Injury,Turning Movement,Passenger,unknown,Minor,,,,,,,,,,,,,,,Yes,,,,,Yes,,,,,,39,Bedford Park-Nortown,39,Bedford Park-Nortown (39),D32,627292.5144,4843362.7652
11973,80490323,,10/11/2015 8:00:00 AM,2217,YONGE ST,SHUTER ST,3 m North of,Major Arterial,Toronto and East York,43.654051,-79.379962,At Intersection,Traffic Signal,Clear,"Dark, artificial",Dry,Non-Fatal Injury,Approaching,Driver,40 to 44,Minor,,North,Passenger Van,Going Ahead,Lost control,Medical or Physical Disability,,,,,,,,,Yes,,,,,Yes,,,,,Yes,168,Downtown Yonge East,75,Church-Yonge Corridor (75),D51,630638.5455,4834724.3601
11974,80490324,,10/11/2015 8:00:00 AM,2217,YONGE ST,SHUTER ST,3 m North of,Major Arterial,Toronto and East York,43.654051,-79.379962,At Intersection,Traffic Signal,Clear,"Dark, artificial",Dry,Non-Fatal Injury,Approaching,Driver,25 to 29,None,,South,Pick Up Truck,Stopped,Driving Properly,Normal,,,,,,,,,Yes,,,,,Yes,,,,,Yes,168,Downtown Yonge East,75,Church-Yonge Corridor (75),D51,630638.5455,4834724.3601
11975,80490325,,10/11/2015 8:00:00 AM,2217,YONGE ST,SHUTER ST,3 m North of,Major Arterial,Toronto and East York,43.654051,-79.379962,At Intersection,Traffic Signal,Clear,"Dark, artificial",Dry,Non-Fatal Injury,Approaching,Driver,60 to 64,None,,South,"Automobile, Station Wagon",Going Ahead,Driving Properly,Normal,,,,,,,,,Yes,,,,,Yes,,,,,Yes,168,Downtown Yonge East,75,Church-Yonge Corridor (75),D51,630638.5455,4834724.3601
11976,80490326,,10/11/2015 8:00:00 AM,2217,YONGE ST,SHUTER ST,3 m North of,Major Arterial,Toronto and East York,43.654051,-79.379962,At Intersection,Traffic Signal,Clear,"Dark, artificial",Dry,Non-Fatal Injury,Approaching,Passenger,35 to 39,Minor,,,,,,,,,,,,,,,Yes,,,,,Yes,,,,,Yes,168,Downtown Yonge East,75,Church-Yonge Corridor (75),D51,630638.5455,4834724.3601
11977,80490327,,10/11/2015 8:00:00 AM,2217,YONGE ST,SHUTER ST,3 m North of,Major Arterial,Toronto and East York,43.654051,-79.379962,At Intersection,Traffic Signal,Clear,"Dark, artificial",Dry,Non-Fatal Injury,Approaching,Passenger,10 to 14,Minor,,,,,,,,,,,,,,,Yes,,,,,Yes,,,,,Yes,168,Downtown Yonge East,75,Church-Yonge Corridor (75),D51,630638.5455,4834724.3601
11978,80490328,,10/11/2015 8:00:00 AM,2217,YONGE ST,SHUTER ST,3 m North of,Major Arterial,Toronto and East York,43.654051,-79.379962,At Intersection,Traffic Signal,Clear,"Dark, artificial",Dry,Non-Fatal Injury,Approaching,Passenger,5 to 9,Minor,,,,,,,,,,,,,,,Yes,,,,,Yes,,,,,Yes,168,Downtown Yonge East,75,Church-Yonge Corridor (75),D51,630638.5455,4834724.3601
11979,80490329,,10/11/2015 8:00:00 AM,2217,YONGE ST,SHUTER ST,3 m North of,Major Arterial,Toronto and East York,43.654051,-79.379962,At Intersection,Traffic Signal,Clear,"Dark, artificial",Dry,Non-Fatal Injury,Approaching,Passenger,5 to 9,Major,,,,,,,,,,,,,,,Yes,,,,,Yes,,,,,Yes,168,Downtown Yonge East,75,Church-Yonge Corridor (75),D51,630638.5455,4834724.3601
11980,80490330,,10/11/2015 8:00:00 AM,2217,YONGE ST,SHUTER ST,3 m North of,Major Arterial,Toronto and East York,43.654051,-79.379962,At Intersection,Traffic Signal,Clear,"Dark, artificial",Dry,Non-Fatal Injury,Approaching,Passenger,15 to 19,Minor,,,,,,,,,,,,,,,Yes,,,,,Yes,,,,,Yes,168,Downtown Yonge East,75,Church-Yonge Corridor (75),D51,630638.5455,4834724.3601
11981,80490331,,10/11/2015 8:00:00 AM,2217,YONGE ST,SHUTER ST,3 m North of,Major Arterial,Toronto and East York,43.654051,-79.379962,At Intersection,Traffic Signal,Clear,"Dark, artificial",Dry,Non-Fatal Injury,Approaching,Passenger,10 to 14,Major,,,,,,,,,,,,,,,Yes,,,,,Yes,,,,,Yes,168,Downtown Yonge East,75,Church-Yonge Corridor (75),D51,630638.5455,4834724.3601
11982,80631975,,10/11/2015 8:00:00 AM,2340,LAWRENCE AVE E,ORTON PARK RD,,Major Arterial,Scarborough,43.763976,-79.205592,At Intersection,Traffic Signal,Clear,Dark,Dry,Non-Fatal Injury,Turning Movement,Driver,20 to 24,Minimal,,East,"Automobile, Station Wagon",Turning Left,Improper Turn,Normal,,,,,,,,,Yes,,,,,Yes,,,,,,141,Golfdale-Cedarbrae-Woburn,137,Woburn (137),D43,644435.4853,4847222.4482
11983,80631976,,10/11/2015 8:00:00 AM,2340,LAWRENCE AVE E,ORTON PARK RD,,Major Arterial,Scarborough,43.763976,-79.205592,At Intersection,Traffic Signal,Clear,Dark,Dry,Non-Fatal Injury,Turning Movement,Driver,15 to 19,None,,West,"Automobile, Station Wagon",Going Ahead,Driving Properly,Normal,,,,,,,,,Yes,,,,,Yes,,,,,,141,Golfdale-Cedarbrae-Woburn,137,Woburn (137),D43,644435.4853,4847222.4482
11984,80631977,,10/11/2015 8:00:00 AM,2340,LAWRENCE AVE E,ORTON PARK RD,,Major Arterial,Scarborough,43.763976,-79.205592,At Intersection,Traffic Signal,Clear,Dark,Dry,Non-Fatal Injury,Turning Movement,Passenger,20 to 24,Major,,,,,,,,,,,,,,,Yes,,,,,Yes,,,,,,141,Golfdale-Cedarbrae-Woburn,137,Woburn (137),D43,644435.4853,4847222.4482
11985,80631978,,10/11/2015 8:00:00 AM,2340,LAWRENCE AVE E,ORTON PARK RD,,Major Arterial,Scarborough,43.763976,-79.205592,At Intersection,Traffic Signal,Clear,Dark,Dry,Non-Fatal Injury,Turning Movement,Passenger,20 to 24,None,,,,,,,,,,,,,,,Yes,,,,,Yes,,,,,,141,Golfdale-Cedarbrae-Woburn,137,Woburn (137),D43,644435.4853,4847222.4482
11986,80252841,,10/12/2015 8:00:00 AM,1440,STRACHAN AVE,LAKE SHORE BLVD W,,Major Arterial,Toronto and East York,43.634429,-79.408733,At Intersection,Traffic Signal,Clear,Daylight,Dry,Non-Fatal Injury,Turning Movement,Driver,75 to 79,Major,,West,"Automobile, Station Wagon",Turning Left,Failed to Yield Right of Way,Medical or Physical Disability,,,,,,,,,Yes,,,,,Yes,,Yes,,,Yes,163,Fort York-Liberty Village,82,Niagara (82),D14,628360.2352,4832500.1893
11987,80252842,,10/12/2015 8:00:00 AM,1440,STRACHAN AVE,LAKE SHORE BLVD W,,Major Arterial,Toronto and East York,43.634429,-79.408733,At Intersection,Traffic Signal,Clear,Daylight,Dry,Non-Fatal Injury,Turning Movement,Driver,25 to 29,Minimal,,East,"Automobile, Station Wagon",Going Ahead,Driving Properly,Normal,,,,,,,,,Yes,,,,,Yes,,Yes,,,Yes,163,Fort York-Liberty Village,82,Niagara (82),D14,628360.2352,4832500.1893
11988,80252843,,10/12/2015 8:00:00 AM,1440,STRACHAN AVE,LAKE SHORE BLVD W,,Major Arterial,Toronto and East York,43.634429,-79.408733,At Intersection,Traffic Signal,Clear,Daylight,Dry,Non-Fatal Injury,Turning Movement,Passenger,45 to 49,Minimal,,,,,,,,,,,,,,,Yes,,,,,Yes,,Yes,,,Yes,163,Fort York-Liberty Village,82,Niagara (82),D14,628360.2352,4832500.1893
11989,80490372,,10/12/2015 8:00:00 AM,1830,EGLINTON AVE W,MARTIN GROVE RD,,Major Arterial,Etobicoke York,43.674468,-79.563159,At Intersection,Traffic Signal,Clear,"Dark, artificial",Dry,Non-Fatal Injury,Turning Movement,Driver,35 to 39,None,,West,"Automobile, Station Wagon",Turning Left,Improper Turn,Inattentive,,,,,,,,,Yes,Yes,,,,Yes,,Yes,,,,10,Princess-Rosethorn,10,Princess-Rosethorn (10),D22,615826.2928,4836719.8266
11990,80490373,,10/12/2015 8:00:00 AM,1830,EGLINTON AVE W,MARTIN GROVE RD,,Major Arterial,Etobicoke York,43.674468,-79.563159,At Intersection,Traffic Signal,Clear,"Dark, artificial",Dry,Non-Fatal Injury,Turning Movement,Motorcycle Driver,45 to 49,Major,,East,Motorcycle,Going Ahead,Driving Properly,Normal,,,,,,,,,Yes,Yes,,,,Yes,,Yes,,,,10,Princess-Rosethorn,10,Princess-Rosethorn (10),D22,615826.2928,4836719.8266