OBJECTID,INDEX,ACCNUM,DATE,TIME,STREET1,STREET2,OFFSET,ROAD_CLASS,DISTRICT,LATITUDE,LONGITUDE,ACCLOC,TRAFFCTL,VISIBILITY,LIGHT,RDSFCOND,ACCLASS,IMPACTYPE,INVTYPE,INVAGE,INJURY,FATAL_NO,INITDIR,VEHTYPE,MANOEUVER,DRIVACT,DRIVCOND,PEDTYPE,PEDACT,PEDCOND,CYCLISTYPE,CYCACT,CYCCOND,PEDESTRIAN,CYCLIST,AUTOMOBILE,MOTORCYCLE,TRUCK,TRSN_CITY_VEH,EMERG_VEH,PASSENGER,SPEEDING,AG_DRIV,REDLIGHT,ALCOHOL,DISABILITY,HOOD_158,NEIGHBOURHOOD_158,HOOD_140,NEIGHBOURHOOD_140,DIVISION,x,y
11991,80490374,,10/12/2015 8:00:00 AM,1830,EGLINTON AVE W,MARTIN GROVE RD,,Major Arterial,Etobicoke York,43.674468,-79.563159,At Intersection,Traffic Signal,Clear,"Dark, artificial",Dry,Non-Fatal Injury,Turning Movement,Passenger,45 to 49,None,,,,,,,,,,,,,,,Yes,Yes,,,,Yes,,Yes,,,,10,Princess-Rosethorn,10,Princess-Rosethorn (10),D22,615826.2928,4836719.8266
11992,80490375,,10/12/2015 8:00:00 AM,1830,EGLINTON AVE W,MARTIN GROVE RD,,Major Arterial,Etobicoke York,43.674468,-79.563159,At Intersection,Traffic Signal,Clear,"Dark, artificial",Dry,Non-Fatal Injury,Turning Movement,Passenger,5 to 9,None,,,,,,,,,,,,,,,Yes,Yes,,,,Yes,,Yes,,,,10,Princess-Rosethorn,10,Princess-Rosethorn (10),D22,615826.2928,4836719.8266
11993,80490376,,10/12/2015 8:00:00 AM,1830,EGLINTON AVE W,MARTIN GROVE RD,,Major Arterial,Etobicoke York,43.674468,-79.563159,At Intersection,Traffic Signal,Clear,"Dark, artificial",Dry,Non-Fatal Injury,Turning Movement,Passenger,0 to 4,None,,,,,,,,,,,,,,,Yes,Yes,,,,Yes,,Yes,,,,10,Princess-Rosethorn,10,Princess-Rosethorn (10),D22,615826.2928,4836719.8266
11994,80490377,,10/12/2015 8:00:00 AM,1830,EGLINTON AVE W,MARTIN GROVE RD,,Major Arterial,Etobicoke York,43.674468,-79.563159,At Intersection,Traffic Signal,Clear,"Dark, artificial",Dry,Non-Fatal Injury,Turning Movement,Passenger,5 to 9,None,,,,,,,,,,,,,,,Yes,Yes,,,,Yes,,Yes,,,,10,Princess-Rosethorn,10,Princess-Rosethorn (10),D22,615826.2928,4836719.8266
11995,80701816,,10/14/2015 8:00:00 AM,738,BLOOR ST E,ST PAULS SQ,,Major Arterial,Toronto and East York,43.671149,-79.382335,Intersection Related,No Control,Clear,Daylight,Dry,Non-Fatal Injury,Cyclist Collisions,Cyclist,40 to 44,Major,,West,Bicycle,Changing Lanes,,,,,,Cyclist and Driver travelling in same direction. One vehicle sideswipes the other.,Lost control,Normal,,Yes,Yes,,,,,,,,,,,167,Church-Wellesley,75,Church-Yonge Corridor (75),D51,630410.1608,4836619.5878
11996,80701817,,10/14/2015 8:00:00 AM,738,BLOOR ST E,ST PAULS SQ,,Major Arterial,Toronto and East York,43.671149,-79.382335,Intersection Related,No Control,Clear,Daylight,Dry,Non-Fatal Injury,Cyclist Collisions,Driver,45 to 49,None,,West,"Automobile, Station Wagon",Slowing or Stopping,Driving Properly,Normal,,,,,,,,Yes,Yes,,,,,,,,,,,167,Church-Wellesley,75,Church-Yonge Corridor (75),D51,630410.1608,4836619.5878
11997,80631981,,10/16/2015 8:00:00 AM,1627,KING ST W,ED MIRVISH WAY,35 m East of,Major Arterial,Toronto and East York,43.647013,-79.387485,Non Intersection,No Control,Clear,Daylight,Dry,Non-Fatal Injury,Pedestrian Collisions,Driver,20 to 24,None,,West,"Automobile, Station Wagon",Going Ahead,Driving Properly,Normal,,,,,,,Yes,,Yes,,,,,,,,,,,164,Wellington Place,77,Waterfront Communities-The Island (77),D52,630047.0794,4833930.8815
11998,80631982,,10/16/2015 8:00:00 AM,1627,KING ST W,ED MIRVISH WAY,35 m East of,Major Arterial,Toronto and East York,43.647013,-79.387485,Non Intersection,No Control,Clear,Daylight,Dry,Non-Fatal Injury,Pedestrian Collisions,Pedestrian,65 to 69,Major,,North,,,,,Pedestrian hit at mid-block,"Crossing, no Traffic Control",Inattentive,,,,Yes,,Yes,,,,,,,,,,,164,Wellington Place,77,Waterfront Communities-The Island (77),D52,630047.0794,4833930.8815
11999,80490583,,10/16/2015 8:00:00 AM,2009,BAYVIEW AVE,BAYVIEW MEWS LANE,10 m North o,Major Arterial,North York,43.76937,-79.388652,Non Intersection,No Control,Clear,"Dark, artificial",Dry,Non-Fatal Injury,Approaching,Driver,50 to 54,Major,,North,"Automobile, Station Wagon",Going Ahead,Lost control,Inattentive,,,,,,,,,Yes,,,,,Yes,,,,,,52,Bayview Village,52,Bayview Village (52),D33,629688.81,4847518.5279
12000,80490584,,10/16/2015 8:00:00 AM,2009,BAYVIEW AVE,BAYVIEW MEWS LANE,10 m North o,Major Arterial,North York,43.76937,-79.388652,Non Intersection,No Control,Clear,"Dark, artificial",Dry,Non-Fatal Injury,Approaching,Driver,60 to 64,Major,,South,"Automobile, Station Wagon",Going Ahead,Driving Properly,Normal,,,,,,,,,Yes,,,,,Yes,,,,,,52,Bayview Village,52,Bayview Village (52),D33,629688.81,4847518.5279
12001,80490585,,10/16/2015 8:00:00 AM,2009,BAYVIEW AVE,BAYVIEW MEWS LANE,10 m North o,Major Arterial,North York,43.76937,-79.388652,Non Intersection,No Control,Clear,"Dark, artificial",Dry,Non-Fatal Injury,Approaching,Passenger,45 to 49,Major,,,,,,,,,,,,,,,Yes,,,,,Yes,,,,,,52,Bayview Village,52,Bayview Village (52),D33,629688.81,4847518.5279
12002,80490586,,10/16/2015 8:00:00 AM,2009,BAYVIEW AVE,BAYVIEW MEWS LANE,10 m North o,Major Arterial,North York,43.76937,-79.388652,Non Intersection,No Control,Clear,"Dark, artificial",Dry,Non-Fatal Injury,Approaching,Passenger,20 to 24,Major,,,,,,,,,,,,,,,Yes,,,,,Yes,,,,,,52,Bayview Village,52,Bayview Village (52),D33,629688.81,4847518.5279
12003,80253414,,10/18/2015 8:00:00 AM,145,LAKE SHORE BLVD W,THIRTY SEVENTH ST,51 m East of,Major Arterial,Etobicoke York,43.593527,-79.537532,Non Intersection,No Control,Clear,"Dark, artificial",Dry,Non-Fatal Injury,SMV Other,Driver,20 to 24,Major,,West,"Automobile, Station Wagon",Going Ahead,Speed too Fast For Condition,Had Been Drinking,,,,,,,,,Yes,,,,,,Yes,Yes,,,,19,Long Branch,19,Long Branch (19),D22,618050.5168,4827766.4255
12004,80253523,,10/19/2015 8:00:00 AM,845,PELICAN GT,FINCH AVE W,5 m South of,Major Arterial,Etobicoke York,43.756339,-79.522502,At Intersection,No Control,Clear,Daylight,Dry,Non-Fatal Injury,Pedestrian Collisions,Driver,unknown,None,,East,"Automobile, Station Wagon",Turning Right,Failed to Yield Right of Way,Unknown,,,,,,,Yes,,Yes,,,,,,,Yes,,,,25,Glenfield-Jane Heights,25,Glenfield-Jane Heights (25),D31,618941.6711,4845870.3157
12005,80253524,,10/19/2015 8:00:00 AM,845,PELICAN GT,FINCH AVE W,5 m South of,Major Arterial,Etobicoke York,43.756339,-79.522502,At Intersection,No Control,Clear,Daylight,Dry,Non-Fatal Injury,Pedestrian Collisions,Pedestrian,65 to 69,Major,,West,,,,,Vehicle turns right while ped crosses with ROW at inter.,Crossing with right of way,Normal,,,,Yes,,Yes,,,,,,,Yes,,,,25,Glenfield-Jane Heights,25,Glenfield-Jane Heights (25),D31,618941.6711,4845870.3157
12006,80253634,,10/20/2015 8:00:00 AM,923,1245 DUPONT ST,,25 m West of,Major Arterial,Toronto and East York,43.668135,-79.441852,Non Intersection,No Control,Clear,Daylight,Dry,Non-Fatal Injury,Pedestrian Collisions,Driver,20 to 24,None,,East,"Automobile, Station Wagon",Changing Lanes,Improper Lane Change,Unknown,,,,,,,Yes,,Yes,,,,,Yes,,,,,,171,Junction-Wallace Emerson,93,Dovercourt-Wallace Emerson-Junction (93),D11,625618.3614,4836192.9977
12007,80253635,,10/20/2015 8:00:00 AM,923,1245 DUPONT ST,,25 m West of,Major Arterial,Toronto and East York,43.668135,-79.441852,Non Intersection,No Control,Clear,Daylight,Dry,Non-Fatal Injury,Pedestrian Collisions,Driver,55 to 59,None,,East,"Automobile, Station Wagon",Going Ahead,Driving Properly,Normal,,,,,,,Yes,,Yes,,,,,Yes,,,,,,171,Junction-Wallace Emerson,93,Dovercourt-Wallace Emerson-Junction (93),D11,625618.3614,4836192.9977
12008,80253636,,10/20/2015 8:00:00 AM,923,1245 DUPONT ST,,25 m West of,Major Arterial,Toronto and East York,43.668135,-79.441852,Non Intersection,No Control,Clear,Daylight,Dry,Non-Fatal Injury,Pedestrian Collisions,Passenger,55 to 59,None,,,,,,,,,,,,,Yes,,Yes,,,,,Yes,,,,,,171,Junction-Wallace Emerson,93,Dovercourt-Wallace Emerson-Junction (93),D11,625618.3614,4836192.9977
12009,80253637,,10/20/2015 8:00:00 AM,923,1245 DUPONT ST,,25 m West of,Major Arterial,Toronto and East York,43.668135,-79.441852,Non Intersection,No Control,Clear,Daylight,Dry,Non-Fatal Injury,Pedestrian Collisions,Pedestrian,40 to 44,Major,,Unknown,,,,,Pedestrian hit at mid-block,Other,Normal,,,,Yes,,Yes,,,,,Yes,,,,,,171,Junction-Wallace Emerson,93,Dovercourt-Wallace Emerson-Junction (93),D11,625618.3614,4836192.9977
12010,80490827,,10/20/2015 8:00:00 AM,1250,QUEEN ST W,BEACONSFIELD AVE,60 m West of,Major Arterial,Toronto and East York,43.643004,-79.424808,Non Intersection,No Control,Clear,Daylight,Dry,Non-Fatal Injury,Cyclist Collisions,Driver,30 to 34,None,,East,"Automobile, Station Wagon",Stopped,Other,Inattentive,,,,,,,,Yes,Yes,,,,,Yes,,,,,,84,Little Portugal,84,Little Portugal (84),D14,627045.4519,4833427.8208
12011,80490828,,10/20/2015 8:00:00 AM,1250,QUEEN ST W,BEACONSFIELD AVE,60 m West of,Major Arterial,Toronto and East York,43.643004,-79.424808,Non Intersection,No Control,Clear,Daylight,Dry,Non-Fatal Injury,Cyclist Collisions,Cyclist,25 to 29,Major,,East,Bicycle,Overtaking,,,,,,Cyclist struck opened vehicle door,Driving Properly,Normal,,Yes,Yes,,,,,Yes,,,,,,84,Little Portugal,84,Little Portugal (84),D14,627045.4519,4833427.8208
12012,80490829,,10/20/2015 8:00:00 AM,1250,QUEEN ST W,BEACONSFIELD AVE,60 m West of,Major Arterial,Toronto and East York,43.643004,-79.424808,Non Intersection,No Control,Clear,Daylight,Dry,Non-Fatal Injury,Cyclist Collisions,Passenger,0 to 4,None,,,,,,,,,,,,,,Yes,Yes,,,,,Yes,,,,,,84,Little Portugal,84,Little Portugal (84),D14,627045.4519,4833427.8208
12013,80490904,,10/21/2015 8:00:00 AM,1327,KEELE ST,TILBURY DR,,Major Arterial,North York,43.730334,-79.482967,Intersection Related,Traffic Signal,Clear,Daylight,Dry,Non-Fatal Injury,SMV Other,Driver,75 to 79,Major,,South,"Automobile, Station Wagon",Going Ahead,Lost control,Unknown,,,,,,,,,Yes,,,,,,,Yes,,,,155,Downsview,26,Downsview-Roding-CFB (26),D31,622177.2336,4843039.6154
12014,80253825,,10/22/2015 8:00:00 AM,945,VAN HORNE AVE,TAVERLY RD,14 m East of,Collector,North York,43.788794,-79.331577,Intersection Related,Stop Sign,Clear,Daylight,Dry,Non-Fatal Injury,Pedestrian Collisions,Driver,50 to 54,None,,South,"Automobile, Station Wagon",Turning Left,Driving Properly,Normal,,,,,,,Yes,,Yes,,,,,,,,,,,46,Pleasant View,46,Pleasant View (46),D33,634239.0421,4849766.8411
12015,80253826,,10/22/2015 8:00:00 AM,945,VAN HORNE AVE,TAVERLY RD,14 m East of,Collector,North York,43.788794,-79.331577,Intersection Related,Stop Sign,Clear,Daylight,Dry,Non-Fatal Injury,Pedestrian Collisions,Pedestrian,85 to 89,Major,,North,,,,,Pedestrian hit at mid-block,"Crossing, no Traffic Control",Inattentive,,,,Yes,,Yes,,,,,,,,,,,46,Pleasant View,46,Pleasant View (46),D33,634239.0421,4849766.8411
12016,80491000,,10/22/2015 8:00:00 AM,2130,BATHURST ST,NIAGARA ST,25 m South o,Major Arterial,Toronto and East York,43.642199,-79.402004,At/Near Private Drive,Traffic Signal,Clear,"Dark, artificial",Dry,Non-Fatal Injury,Cyclist Collisions,Cyclist,30 to 34,Major,,West,Bicycle,Turning Left,,,,,,Cyclist turned left across motorists path.,Speed too Fast For Condition,Inattentive,,Yes,Yes,,,,,,,,,,,164,Wellington Place,77,Waterfront Communities-The Island (77),D14,628886.4247,4833373.575
12017,80491001,,10/22/2015 8:00:00 AM,2130,BATHURST ST,NIAGARA ST,25 m South o,Major Arterial,Toronto and East York,43.642199,-79.402004,At/Near Private Drive,Traffic Signal,Clear,"Dark, artificial",Dry,Non-Fatal Injury,Cyclist Collisions,Driver,20 to 24,None,,North,"Automobile, Station Wagon",Turning Left,Driving Properly,Normal,,,,,,,,Yes,Yes,,,,,,,,,,,164,Wellington Place,77,Waterfront Communities-The Island (77),D14,628886.4247,4833373.575
12018,80491047,,10/23/2015 8:00:00 AM,1437,KEELE ST,DONALD AVE,,Major Arterial,Etobicoke York,43.684897,-79.472804,Intersection Related,Traffic Signal,Clear,Daylight,Dry,Fatal,Pedestrian Collisions,Driver,40 to 44,None,,West,"Automobile, Station Wagon",Turning Left,Improper Turn,Inattentive,,,,,,,Yes,,Yes,,,,,,,,,,,110,Keelesdale-Eglinton West,110,Keelesdale-Eglinton West (110),D12,623088.7032,4838008.2388
12019,80491048,,10/23/2015 8:00:00 AM,1437,KEELE ST,DONALD AVE,,Major Arterial,Etobicoke York,43.684897,-79.472804,Intersection Related,Traffic Signal,Clear,Daylight,Dry,Fatal,Pedestrian Collisions,Pedestrian,75 to 79,Fatal,53,East,,,,,Vehicle turns left while ped crosses with ROW at inter.,Crossing with right of way,Normal,,,,Yes,,Yes,,,,,,,,,,,110,Keelesdale-Eglinton West,110,Keelesdale-Eglinton West (110),D12,623088.7032,4838008.2388
12020,80631983,,10/23/2015 8:00:00 AM,1841,DUNDAS ST W,WATSON AVE,33 m East of,Major Arterial,Toronto and East York,43.665644,-79.491969,Non Intersection,No Control,Clear,"Dark, artificial",Dry,Non-Fatal Injury,Pedestrian Collisions,Driver,65 to 69,None,,West,"Automobile, Station Wagon",Going Ahead,Driving Properly,Normal,,,,,,,Yes,,Yes,,,,,Yes,,,,,,89,Runnymede-Bloor West Village,89,Runnymede-Bloor West Village (89),D11,621582.9067,4835841.6716
12021,80631984,,10/23/2015 8:00:00 AM,1841,DUNDAS ST W,WATSON AVE,33 m East of,Major Arterial,Toronto and East York,43.665644,-79.491969,Non Intersection,No Control,Clear,"Dark, artificial",Dry,Non-Fatal Injury,Pedestrian Collisions,Pedestrian,50 to 54,Major,,North,,,,,Pedestrian hit at mid-block,Crossing without right of way,Had Been Drinking,,,,Yes,,Yes,,,,,Yes,,,,,,89,Runnymede-Bloor West Village,89,Runnymede-Bloor West Village (89),D11,621582.9067,4835841.6716
12022,80631985,,10/23/2015 8:00:00 AM,1841,DUNDAS ST W,WATSON AVE,33 m East of,Major Arterial,Toronto and East York,43.665644,-79.491969,Non Intersection,No Control,Clear,"Dark, artificial",Dry,Non-Fatal Injury,Pedestrian Collisions,Passenger,55 to 59,None,,,,,,,,,,,,,Yes,,Yes,,,,,Yes,,,,,,89,Runnymede-Bloor West Village,89,Runnymede-Bloor West Village (89),D11,621582.9067,4835841.6716
12023,80631986,,10/23/2015 8:00:00 AM,1841,DUNDAS ST W,WATSON AVE,33 m East of,Major Arterial,Toronto and East York,43.665644,-79.491969,Non Intersection,No Control,Clear,"Dark, artificial",Dry,Non-Fatal Injury,Pedestrian Collisions,Passenger,25 to 29,None,,,,,,,,,,,,,Yes,,Yes,,,,,Yes,,,,,,89,Runnymede-Bloor West Village,89,Runnymede-Bloor West Village (89),D11,621582.9067,4835841.6716
12024,80253969,,10/23/2015 8:00:00 AM,1909,MORNINGSIDE AVE,SEWELLS RD,,Minor Arterial,Scarborough,43.81626,-79.211139,At Intersection,Traffic Signal,Clear,"Dark, artificial",Dry,Non-Fatal Injury,Pedestrian Collisions,Driver,60 to 64,None,,South,"Automobile, Station Wagon",Going Ahead,Driving Properly,Normal,,,,,,,Yes,,Yes,,,,,,,,,,,146,Malvern East,132,Malvern (132),D42,643863.485,4853019.7653
12025,80253970,,10/23/2015 8:00:00 AM,1909,MORNINGSIDE AVE,SEWELLS RD,,Minor Arterial,Scarborough,43.81626,-79.211139,At Intersection,Traffic Signal,Clear,"Dark, artificial",Dry,Non-Fatal Injury,Pedestrian Collisions,Pedestrian,30 to 34,Major,,West,,,,,Vehicle is going straight thru inter.while ped cross without ROW,Running onto Roadway,Inattentive,,,,Yes,,Yes,,,,,,,,,,,146,Malvern East,132,Malvern (132),D42,643863.485,4853019.7653
12026,80491127,,10/24/2015 8:00:00 AM,1450,DON VALLEY PARKWAY  N,DON MILLS RD,120 m North ,Expressway,,43.700781,-79.33662,Non Intersection,No Control,Rain,Daylight,Wet,Non-Fatal Injury,Approaching,Driver,45 to 49,Minor,,South,"Automobile, Station Wagon",Merging,Lost control,Inattentive,,,,,,,,,Yes,,,,,Yes,,,,,,58,Old East York,58,Old East York (58),D55,634029.5641,4839983.5177
12027,80491128,,10/24/2015 8:00:00 AM,1450,DON VALLEY PARKWAY  N,DON MILLS RD,120 m North ,Expressway,,43.700781,-79.33662,Non Intersection,No Control,Rain,Daylight,Wet,Non-Fatal Injury,Approaching,Driver,30 to 34,Major,,South,"Automobile, Station Wagon",Going Ahead,Driving Properly,Normal,,,,,,,,,Yes,,,,,Yes,,,,,,58,Old East York,58,Old East York (58),D55,634029.5641,4839983.5177
12028,80491129,,10/24/2015 8:00:00 AM,1450,DON VALLEY PARKWAY  N,DON MILLS RD,120 m North ,Expressway,,43.700781,-79.33662,Non Intersection,No Control,Rain,Daylight,Wet,Non-Fatal Injury,Approaching,Passenger,0 to 4,Minor,,,,,,,,,,,,,,,Yes,,,,,Yes,,,,,,58,Old East York,58,Old East York (58),D55,634029.5641,4839983.5177
12029,80491130,,10/24/2015 8:00:00 AM,1450,DON VALLEY PARKWAY  N,DON MILLS RD,120 m North ,Expressway,,43.700781,-79.33662,Non Intersection,No Control,Rain,Daylight,Wet,Non-Fatal Injury,Approaching,Passenger,15 to 19,Minor,,,,,,,,,,,,,,,Yes,,,,,Yes,,,,,,58,Old East York,58,Old East York (58),D55,634029.5641,4839983.5177
12030,80491131,,10/24/2015 8:00:00 AM,1450,DON VALLEY PARKWAY  N,DON MILLS RD,120 m North ,Expressway,,43.700781,-79.33662,Non Intersection,No Control,Rain,Daylight,Wet,Non-Fatal Injury,Approaching,Passenger,10 to 14,Major,,,,,,,,,,,,,,,Yes,,,,,Yes,,,,,,58,Old East York,58,Old East York (58),D55,634029.5641,4839983.5177
12031,80491132,,10/24/2015 8:00:00 AM,1450,DON VALLEY PARKWAY  N,DON MILLS RD,120 m North ,Expressway,,43.700781,-79.33662,Non Intersection,No Control,Rain,Daylight,Wet,Non-Fatal Injury,Approaching,Passenger,0 to 4,None,,,,,,,,,,,,,,,Yes,,,,,Yes,,,,,,58,Old East York,58,Old East York (58),D55,634029.5641,4839983.5177
12032,80254128,,10/25/2015 8:00:00 AM,1100,ELLESMERE RD,PRINCIPAL RD,,Major Arterial,Scarborough,43.762576,-79.294696,Intersection Related,Traffic Signal,Clear,Daylight,Dry,Non-Fatal Injury,Pedestrian Collisions,Driver,50 to 54,None,,West,"Automobile, Station Wagon",Turning Left,Failed to Yield Right of Way,Inattentive,,,,,,,Yes,,Yes,,,,,,,Yes,,,,119,Wexford/Maryvale,119,Wexford/Maryvale (119),D41,637266.4462,4846915.3979
12033,80254129,,10/25/2015 8:00:00 AM,1100,ELLESMERE RD,PRINCIPAL RD,,Major Arterial,Scarborough,43.762576,-79.294696,Intersection Related,Traffic Signal,Clear,Daylight,Dry,Non-Fatal Injury,Pedestrian Collisions,Driver,20 to 24,None,,East,"Automobile, Station Wagon",Going Ahead,Driving Properly,Normal,,,,,,,Yes,,Yes,,,,,,,Yes,,,,119,Wexford/Maryvale,119,Wexford/Maryvale (119),D41,637266.4462,4846915.3979
12034,80254130,,10/25/2015 8:00:00 AM,1100,ELLESMERE RD,PRINCIPAL RD,,Major Arterial,Scarborough,43.762576,-79.294696,Intersection Related,Traffic Signal,Clear,Daylight,Dry,Non-Fatal Injury,Pedestrian Collisions,Pedestrian,80 to 84,Major,,West,,,,,Vehicle is going straight thru inter.while ped cross with ROW,Crossing with right of way,Normal,,,,Yes,,Yes,,,,,,,Yes,,,,119,Wexford/Maryvale,119,Wexford/Maryvale (119),D41,637266.4462,4846915.3979
12035,80254131,,10/25/2015 8:00:00 AM,1100,ELLESMERE RD,PRINCIPAL RD,,Major Arterial,Scarborough,43.762576,-79.294696,Intersection Related,Traffic Signal,Clear,Daylight,Dry,Non-Fatal Injury,Pedestrian Collisions,Pedestrian,75 to 79,Major,,West,,,,,Vehicle is going straight thru inter.while ped cross with ROW,Crossing with right of way,Normal,,,,Yes,,Yes,,,,,,,Yes,,,,119,Wexford/Maryvale,119,Wexford/Maryvale (119),D41,637266.4462,4846915.3979
12036,80254132,,10/25/2015 8:00:00 AM,1100,ELLESMERE RD,PRINCIPAL RD,,Major Arterial,Scarborough,43.762576,-79.294696,Intersection Related,Traffic Signal,Clear,Daylight,Dry,Non-Fatal Injury,Pedestrian Collisions,Pedestrian,70 to 74,Major,,West,,,,,Vehicle is going straight thru inter.while ped cross with ROW,Crossing with right of way,Unknown,,,,Yes,,Yes,,,,,,,Yes,,,,119,Wexford/Maryvale,119,Wexford/Maryvale (119),D41,637266.4462,4846915.3979
12037,80254157,,10/25/2015 8:00:00 AM,1536,LAWRENCE AVE E,TOWNLEY AVE,,Major Arterial,Scarborough,43.742633,-79.307399,Intersection Related,No Control,Clear,Daylight,Dry,Non-Fatal Injury,Pedestrian Collisions,Driver,40 to 44,None,,East,"Automobile, Station Wagon",Going Ahead,Driving Properly,Normal,,,,,,,Yes,,Yes,,,,,,,,,,,119,Wexford/Maryvale,119,Wexford/Maryvale (119),D41,636289.1854,4844679.4481
12038,80254158,,10/25/2015 8:00:00 AM,1536,LAWRENCE AVE E,TOWNLEY AVE,,Major Arterial,Scarborough,43.742633,-79.307399,Intersection Related,No Control,Clear,Daylight,Dry,Non-Fatal Injury,Pedestrian Collisions,Pedestrian,10 to 14,Major,,South,,,,,Pedestrian hit at mid-block,"Crossing, no Traffic Control",Normal,,,,Yes,,Yes,,,,,,,,,,,119,Wexford/Maryvale,119,Wexford/Maryvale (119),D41,636289.1854,4844679.4481
12039,80254159,,10/25/2015 8:00:00 AM,1536,LAWRENCE AVE E,TOWNLEY AVE,,Major Arterial,Scarborough,43.742633,-79.307399,Intersection Related,No Control,Clear,Daylight,Dry,Non-Fatal Injury,Pedestrian Collisions,Pedestrian,5 to 9,Minimal,,South,,,,,Pedestrian hit at mid-block,"Crossing, no Traffic Control",Unknown,,,,Yes,,Yes,,,,,,,,,,,119,Wexford/Maryvale,119,Wexford/Maryvale (119),D41,636289.1854,4844679.4481
12040,80254160,,10/25/2015 8:00:00 AM,1536,LAWRENCE AVE E,TOWNLEY AVE,,Major Arterial,Scarborough,43.742633,-79.307399,Intersection Related,No Control,Clear,Daylight,Dry,Non-Fatal Injury,Pedestrian Collisions,Pedestrian,15 to 19,Minimal,,South,,,,,Pedestrian hit at mid-block,"Crossing, no Traffic Control",Unknown,,,,Yes,,Yes,,,,,,,,,,,119,Wexford/Maryvale,119,Wexford/Maryvale (119),D41,636289.1854,4844679.4481
12041,80254161,,10/25/2015 8:00:00 AM,1536,LAWRENCE AVE E,TOWNLEY AVE,,Major Arterial,Scarborough,43.742633,-79.307399,Intersection Related,No Control,Clear,Daylight,Dry,Non-Fatal Injury,Pedestrian Collisions,Pedestrian,45 to 49,Major,,South,,,,,Pedestrian hit at mid-block,"Crossing, no Traffic Control",Unknown,,,,Yes,,Yes,,,,,,,,,,,119,Wexford/Maryvale,119,Wexford/Maryvale (119),D41,636289.1854,4844679.4481
12042,80254174,,10/25/2015 8:00:00 AM,1925,EGLINTON AVE E,DANFORTH RD,,Major Arterial,Scarborough,43.737086,-79.246158,At Intersection,Traffic Signal,Clear,"Dark, artificial",Dry,Non-Fatal Injury,Pedestrian Collisions,Driver,25 to 29,None,,South,Passenger Van,Turning Right,Failed to Yield Right of Way,Inattentive,,,,,,,Yes,,Yes,,,,,,,Yes,,,,138,Eglinton East,138,Eglinton East (138),D43,641233.4455,4844165.9462
12043,80254175,,10/25/2015 8:00:00 AM,1925,EGLINTON AVE E,DANFORTH RD,,Major Arterial,Scarborough,43.737086,-79.246158,At Intersection,Traffic Signal,Clear,"Dark, artificial",Dry,Non-Fatal Injury,Pedestrian Collisions,Pedestrian,50 to 54,Major,,West,,,,,Vehicle turns right while ped crosses with ROW at inter.,Crossing with right of way,Normal,,,,Yes,,Yes,,,,,,,Yes,,,,138,Eglinton East,138,Eglinton East (138),D43,641233.4455,4844165.9462
12044,80254239,,10/26/2015 8:00:00 AM,1510,WILSON AVE,JAMES FINLAY WAY,,Major Arterial,North York,43.727404,-79.480113,At Intersection,Traffic Signal,Clear,Daylight,Dry,Non-Fatal Injury,Cyclist Collisions,Driver,50 to 54,None,,North,"Automobile, Station Wagon",Turning Right,Failed to Yield Right of Way,Normal,,,,,,,,Yes,Yes,,,,,Yes,,Yes,,,,155,Downsview,26,Downsview-Roding-CFB (26),D31,622413.0565,4842718.409
12045,80254240,,10/26/2015 8:00:00 AM,1510,WILSON AVE,JAMES FINLAY WAY,,Major Arterial,North York,43.727404,-79.480113,At Intersection,Traffic Signal,Clear,Daylight,Dry,Non-Fatal Injury,Cyclist Collisions,Cyclist,20 to 24,Major,,West,Bicycle,Going Ahead,,,,,,Motorist turning right on red at signalized intersection strikes cyclist.,Driving Properly,Normal,,Yes,Yes,,,,,Yes,,Yes,,,,155,Downsview,26,Downsview-Roding-CFB (26),D31,622413.0565,4842718.409
12046,80254241,,10/26/2015 8:00:00 AM,1510,WILSON AVE,JAMES FINLAY WAY,,Major Arterial,North York,43.727404,-79.480113,At Intersection,Traffic Signal,Clear,Daylight,Dry,Non-Fatal Injury,Cyclist Collisions,Passenger,20 to 24,None,,,,,,,,,,,,,,Yes,Yes,,,,,Yes,,Yes,,,,155,Downsview,26,Downsview-Roding-CFB (26),D31,622413.0565,4842718.409
12047,80491310,,10/26/2015 8:00:00 AM,1750,VICTORIA PARK AVE,HUNTINGWOOD DR,100 m North ,Major Arterial,North York,43.781314,-79.325847,Non Intersection,No Control,Clear,"Dark, artificial",Dry,Non-Fatal Injury,Approaching,Driver,70 to 74,Major,,South,"Automobile, Station Wagon",Going Ahead,Lost control,Medical or Physical Disability,,,,,,,,,Yes,,,,,Yes,,,,,Yes,147,L'Amoreaux West,117,L'Amoreaux (117),D42,634716.8766,4848945.3787