OBJECTID,INDEX,ACCNUM,DATE,TIME,STREET1,STREET2,OFFSET,ROAD_CLASS,DISTRICT,LATITUDE,LONGITUDE,ACCLOC,TRAFFCTL,VISIBILITY,LIGHT,RDSFCOND,ACCLASS,IMPACTYPE,INVTYPE,INVAGE,INJURY,FATAL_NO,INITDIR,VEHTYPE,MANOEUVER,DRIVACT,DRIVCOND,PEDTYPE,PEDACT,PEDCOND,CYCLISTYPE,CYCACT,CYCCOND,PEDESTRIAN,CYCLIST,AUTOMOBILE,MOTORCYCLE,TRUCK,TRSN_CITY_VEH,EMERG_VEH,PASSENGER,SPEEDING,AG_DRIV,REDLIGHT,ALCOHOL,DISABILITY,HOOD_158,NEIGHBOURHOOD_158,HOOD_140,NEIGHBOURHOOD_140,DIVISION,x,y
12048,80491311,,10/26/2015 8:00:00 AM,1750,VICTORIA PARK AVE,HUNTINGWOOD DR,100 m North ,Major Arterial,North York,43.781314,-79.325847,Non Intersection,No Control,Clear,"Dark, artificial",Dry,Non-Fatal Injury,Approaching,Driver,30 to 34,Minor,,North,"Automobile, Station Wagon",Going Ahead,Driving Properly,Normal,,,,,,,,,Yes,,,,,Yes,,,,,Yes,147,L'Amoreaux West,117,L'Amoreaux (117),D42,634716.8766,4848945.3787
12049,80491312,,10/26/2015 8:00:00 AM,1750,VICTORIA PARK AVE,HUNTINGWOOD DR,100 m North ,Major Arterial,North York,43.781314,-79.325847,Non Intersection,No Control,Clear,"Dark, artificial",Dry,Non-Fatal Injury,Approaching,Passenger,30 to 34,Minor,,,,,,,,,,,,,,,Yes,,,,,Yes,,,,,Yes,147,L'Amoreaux West,117,L'Amoreaux (117),D42,634716.8766,4848945.3787
12050,80254360,,10/28/2015 8:00:00 AM,616,KIPLING AVE,GREENING CRES,20 m North o,Major Arterial,Etobicoke York,43.657641,-79.542217,Non Intersection,No Control,Rain,"Dark, artificial",Wet,Non-Fatal Injury,Pedestrian Collisions,Driver,50 to 54,None,,North,"Automobile, Station Wagon",Going Ahead,Driving Properly,Normal,,,,,,,Yes,,Yes,,,,,,,Yes,,,,10,Princess-Rosethorn,10,Princess-Rosethorn (10),D22,617547.3152,4834880.4242
12051,80254361,,10/28/2015 8:00:00 AM,616,KIPLING AVE,GREENING CRES,20 m North o,Major Arterial,Etobicoke York,43.657641,-79.542217,Non Intersection,No Control,Rain,"Dark, artificial",Wet,Non-Fatal Injury,Pedestrian Collisions,Pedestrian,50 to 54,Major,,North,,,,,Pedestrian hit at mid-block,Other,Inattentive,,,,Yes,,Yes,,,,,,,Yes,,,,10,Princess-Rosethorn,10,Princess-Rosethorn (10),D22,617547.3152,4834880.4242
12052,80491598,,10/30/2015 8:00:00 AM,1320,JANE ST,WILSON AVE,,Major Arterial,Etobicoke York,43.720904,-79.508617,At Intersection,Traffic Signal,Clear,Daylight,Dry,Non-Fatal Injury,Turning Movement,Driver,75 to 79,Minor,,West,"Automobile, Station Wagon",Turning Left,Failed to Yield Right of Way,Inattentive,,,,,,,,,Yes,,,,,Yes,,Yes,,,,154,Oakdale-Beverley Heights,26,Downsview-Roding-CFB (26),D31,620130.2916,4841954.7817
12053,80491599,,10/30/2015 8:00:00 AM,1320,JANE ST,WILSON AVE,,Major Arterial,Etobicoke York,43.720904,-79.508617,At Intersection,Traffic Signal,Clear,Daylight,Dry,Non-Fatal Injury,Turning Movement,Driver,50 to 54,None,,East,Pick Up Truck,Going Ahead,Driving Properly,Normal,,,,,,,,,Yes,,,,,Yes,,Yes,,,,154,Oakdale-Beverley Heights,26,Downsview-Roding-CFB (26),D31,620130.2916,4841954.7817
12054,80491600,,10/30/2015 8:00:00 AM,1320,JANE ST,WILSON AVE,,Major Arterial,Etobicoke York,43.720904,-79.508617,At Intersection,Traffic Signal,Clear,Daylight,Dry,Non-Fatal Injury,Turning Movement,Driver,60 to 64,Minor,,North,"Automobile, Station Wagon",Stopped,Driving Properly,Normal,,,,,,,,,Yes,,,,,Yes,,Yes,,,,154,Oakdale-Beverley Heights,26,Downsview-Roding-CFB (26),D31,620130.2916,4841954.7817
12055,80491601,,10/30/2015 8:00:00 AM,1320,JANE ST,WILSON AVE,,Major Arterial,Etobicoke York,43.720904,-79.508617,At Intersection,Traffic Signal,Clear,Daylight,Dry,Non-Fatal Injury,Turning Movement,Passenger,70 to 74,Major,,,,,,,,,,,,,,,Yes,,,,,Yes,,Yes,,,,154,Oakdale-Beverley Heights,26,Downsview-Roding-CFB (26),D31,620130.2916,4841954.7817
12056,80491602,,10/30/2015 8:00:00 AM,1320,JANE ST,WILSON AVE,,Major Arterial,Etobicoke York,43.720904,-79.508617,At Intersection,Traffic Signal,Clear,Daylight,Dry,Non-Fatal Injury,Turning Movement,Passenger,55 to 59,Minor,,,,,,,,,,,,,,,Yes,,,,,Yes,,Yes,,,,154,Oakdale-Beverley Heights,26,Downsview-Roding-CFB (26),D31,620130.2916,4841954.7817
12057,80491603,,10/30/2015 8:00:00 AM,1320,JANE ST,WILSON AVE,,Major Arterial,Etobicoke York,43.720904,-79.508617,At Intersection,Traffic Signal,Clear,Daylight,Dry,Non-Fatal Injury,Turning Movement,Passenger,60 to 64,Minimal,,,,,,,,,,,,,,,Yes,,,,,Yes,,Yes,,,,154,Oakdale-Beverley Heights,26,Downsview-Roding-CFB (26),D31,620130.2916,4841954.7817
12058,80254629,,10/30/2015 8:00:00 AM,1509,LAWRENCE AVE E,SCARBOROUGH GOLF CLUB RD,,Major Arterial,Scarborough,43.76184,-79.215839,At Intersection,Traffic Signal,Clear,Daylight,Dry,Non-Fatal Injury,Pedestrian Collisions,Driver,40 to 44,None,,East,Passenger Van,Going Ahead,Driving Properly,Normal,,,,,,,Yes,,Yes,,,,,,,,,,,141,Golfdale-Cedarbrae-Woburn,137,Woburn (137),D43,643615.7849,4846967.3898
12059,80254630,,10/30/2015 8:00:00 AM,1509,LAWRENCE AVE E,SCARBOROUGH GOLF CLUB RD,,Major Arterial,Scarborough,43.76184,-79.215839,At Intersection,Traffic Signal,Clear,Daylight,Dry,Non-Fatal Injury,Pedestrian Collisions,Pedestrian,10 to 14,Major,,South,,,,,Vehicle is going straight thru inter.while ped cross without ROW,Crossing without right of way,Inattentive,,,,Yes,,Yes,,,,,,,,,,,141,Golfdale-Cedarbrae-Woburn,137,Woburn (137),D43,643615.7849,4846967.3898
12060,80254741,,10/31/2015 8:00:00 AM,1640,SHEPPARD AVE E,MASSIE ST,,Major Arterial,Scarborough,43.792521,-79.245204,Non Intersection,No Control,Clear,Daylight,Dry,Non-Fatal Injury,Pedestrian Collisions,Driver,65 to 69,None,,West,Passenger Van,Going Ahead,Driving Properly,Normal,,,,,,,Yes,,Yes,,,,,Yes,,,,,,128,Agincourt South-Malvern West,128,Agincourt South-Malvern West (128),D42,641179.7971,4850324.4898
12061,80254742,,10/31/2015 8:00:00 AM,1640,SHEPPARD AVE E,MASSIE ST,,Major Arterial,Scarborough,43.792521,-79.245204,Non Intersection,No Control,Clear,Daylight,Dry,Non-Fatal Injury,Pedestrian Collisions,Passenger,55 to 59,None,,,,,,,,,,,,,Yes,,Yes,,,,,Yes,,,,,,128,Agincourt South-Malvern West,128,Agincourt South-Malvern West (128),D42,641179.7971,4850324.4898
12062,80254743,,10/31/2015 8:00:00 AM,1640,SHEPPARD AVE E,MASSIE ST,,Major Arterial,Scarborough,43.792521,-79.245204,Non Intersection,No Control,Clear,Daylight,Dry,Non-Fatal Injury,Pedestrian Collisions,Passenger,45 to 49,None,,,,,,,,,,,,,Yes,,Yes,,,,,Yes,,,,,,128,Agincourt South-Malvern West,128,Agincourt South-Malvern West (128),D42,641179.7971,4850324.4898
12063,80254744,,10/31/2015 8:00:00 AM,1640,SHEPPARD AVE E,MASSIE ST,,Major Arterial,Scarborough,43.792521,-79.245204,Non Intersection,No Control,Clear,Daylight,Dry,Non-Fatal Injury,Pedestrian Collisions,Pedestrian,10 to 14,Major,,Unknown,,,,,Vehicle is going straight thru inter.while ped cross without ROW,Crossing without right of way,Unknown,,,,Yes,,Yes,,,,,Yes,,,,,,128,Agincourt South-Malvern West,128,Agincourt South-Malvern West (128),D42,641179.7971,4850324.4898
12064,80491697,,10/31/2015 8:00:00 AM,1710,HORNER AVE,THIRTIETH ST,,Minor Arterial,Etobicoke York,43.604254,-79.533725,At Intersection,Traffic Signal,Clear,Daylight,Dry,Non-Fatal Injury,Angle,Driver,40 to 44,None,,East,Pick Up Truck,Going Ahead,Disobeyed Traffic Control,Inattentive,,,,,,,,,Yes,,,,,Yes,,Yes,Yes,,,20,Alderwood,20,Alderwood (20),D22,618336.7911,4828963.2022
12065,80491698,,10/31/2015 8:00:00 AM,1710,HORNER AVE,THIRTIETH ST,,Minor Arterial,Etobicoke York,43.604254,-79.533725,At Intersection,Traffic Signal,Clear,Daylight,Dry,Non-Fatal Injury,Angle,Driver,65 to 69,Minor,,South,"Automobile, Station Wagon",Going Ahead,Driving Properly,Normal,,,,,,,,,Yes,,,,,Yes,,Yes,Yes,,,20,Alderwood,20,Alderwood (20),D22,618336.7911,4828963.2022
12066,80491699,,10/31/2015 8:00:00 AM,1710,HORNER AVE,THIRTIETH ST,,Minor Arterial,Etobicoke York,43.604254,-79.533725,At Intersection,Traffic Signal,Clear,Daylight,Dry,Non-Fatal Injury,Angle,Driver,25 to 29,Major,,North,"Automobile, Station Wagon",Going Ahead,Driving Properly,Normal,,,,,,,,,Yes,,,,,Yes,,Yes,Yes,,,20,Alderwood,20,Alderwood (20),D22,618336.7911,4828963.2022
12067,80491700,,10/31/2015 8:00:00 AM,1710,HORNER AVE,THIRTIETH ST,,Minor Arterial,Etobicoke York,43.604254,-79.533725,At Intersection,Traffic Signal,Clear,Daylight,Dry,Non-Fatal Injury,Angle,Passenger,25 to 29,None,,,,,,,,,,,,,,,Yes,,,,,Yes,,Yes,Yes,,,20,Alderwood,20,Alderwood (20),D22,618336.7911,4828963.2022
12068,80491701,,10/31/2015 8:00:00 AM,1710,HORNER AVE,THIRTIETH ST,,Minor Arterial,Etobicoke York,43.604254,-79.533725,At Intersection,Traffic Signal,Clear,Daylight,Dry,Non-Fatal Injury,Angle,Passenger,35 to 39,Minimal,,,,,,,,,,,,,,,Yes,,,,,Yes,,Yes,Yes,,,20,Alderwood,20,Alderwood (20),D22,618336.7911,4828963.2022
12069,80491702,,10/31/2015 8:00:00 AM,1710,HORNER AVE,THIRTIETH ST,,Minor Arterial,Etobicoke York,43.604254,-79.533725,At Intersection,Traffic Signal,Clear,Daylight,Dry,Non-Fatal Injury,Angle,Passenger,20 to 24,None,,,,,,,,,,,,,,,Yes,,,,,Yes,,Yes,Yes,,,20,Alderwood,20,Alderwood (20),D22,618336.7911,4828963.2022
12070,80491703,,10/31/2015 8:00:00 AM,1710,HORNER AVE,THIRTIETH ST,,Minor Arterial,Etobicoke York,43.604254,-79.533725,At Intersection,Traffic Signal,Clear,Daylight,Dry,Non-Fatal Injury,Angle,Passenger,0 to 4,None,,,,,,,,,,,,,,,Yes,,,,,Yes,,Yes,Yes,,,20,Alderwood,20,Alderwood (20),D22,618336.7911,4828963.2022
12071,80254766,,10/31/2015 8:00:00 AM,1852,BATHURST ST,BROOKE AVE,6 m South of,Major Arterial,North York,43.730368,-79.432338,Intersection Related,Stop Sign,Clear,"Dusk, artificial",Dry,Non-Fatal Injury,Pedestrian Collisions,Driver,40 to 44,None,,West,"Automobile, Station Wagon",Turning Left,Failed to Yield Right of Way,Normal,,,,,,,Yes,,Yes,,,,,Yes,,Yes,,,,39,Bedford Park-Nortown,39,Bedford Park-Nortown (39),D32,626254.704,4843119.2856
12072,80254767,,10/31/2015 8:00:00 AM,1852,BATHURST ST,BROOKE AVE,6 m South of,Major Arterial,North York,43.730368,-79.432338,Intersection Related,Stop Sign,Clear,"Dusk, artificial",Dry,Non-Fatal Injury,Pedestrian Collisions,Pedestrian,65 to 69,Major,,Unknown,,,,,Vehicle turns left while ped crosses without ROW at inter.,"Crossing, no Traffic Control",Normal,,,,Yes,,Yes,,,,,Yes,,Yes,,,,39,Bedford Park-Nortown,39,Bedford Park-Nortown (39),D32,626254.704,4843119.2856
12073,80254768,,10/31/2015 8:00:00 AM,1852,BATHURST ST,BROOKE AVE,6 m South of,Major Arterial,North York,43.730368,-79.432338,Intersection Related,Stop Sign,Clear,"Dusk, artificial",Dry,Non-Fatal Injury,Pedestrian Collisions,Passenger,40 to 44,None,,,,,,,,,,,,,Yes,,Yes,,,,,Yes,,Yes,,,,39,Bedford Park-Nortown,39,Bedford Park-Nortown (39),D32,626254.704,4843119.2856
12074,80254769,,10/31/2015 8:00:00 AM,1852,BATHURST ST,BROOKE AVE,6 m South of,Major Arterial,North York,43.730368,-79.432338,Intersection Related,Stop Sign,Clear,"Dusk, artificial",Dry,Non-Fatal Injury,Pedestrian Collisions,Passenger,5 to 9,None,,,,,,,,,,,,,Yes,,Yes,,,,,Yes,,Yes,,,,39,Bedford Park-Nortown,39,Bedford Park-Nortown (39),D32,626254.704,4843119.2856
12075,80254770,,10/31/2015 8:00:00 AM,1852,BATHURST ST,BROOKE AVE,6 m South of,Major Arterial,North York,43.730368,-79.432338,Intersection Related,Stop Sign,Clear,"Dusk, artificial",Dry,Non-Fatal Injury,Pedestrian Collisions,Passenger,5 to 9,None,,,,,,,,,,,,,Yes,,Yes,,,,,Yes,,Yes,,,,39,Bedford Park-Nortown,39,Bedford Park-Nortown (39),D32,626254.704,4843119.2856
12076,80254771,,10/31/2015 8:00:00 AM,1852,BATHURST ST,BROOKE AVE,6 m South of,Major Arterial,North York,43.730368,-79.432338,Intersection Related,Stop Sign,Clear,"Dusk, artificial",Dry,Non-Fatal Injury,Pedestrian Collisions,Passenger,0 to 4,None,,,,,,,,,,,,,Yes,,Yes,,,,,Yes,,Yes,,,,39,Bedford Park-Nortown,39,Bedford Park-Nortown (39),D32,626254.704,4843119.2856
12077,80491737,,10/31/2015 8:00:00 AM,2335,WOODBINE AVE,STRATHMORE BLVD,,Major Arterial,Toronto and East York,43.686515,-79.313144,Intersection Related,No Control,Rain,"Dark, artificial",Wet,Non-Fatal Injury,Turning Movement,Driver,65 to 69,Minimal,,North,"Automobile, Station Wagon",Making U Turn,Improper Turn,Normal,,,,,,,,,Yes,Yes,,,,,Yes,Yes,,,,59,Danforth East York,59,Danforth East York (59),D55,635953.4361,4838437.2981
12078,80491738,,10/31/2015 8:00:00 AM,2335,WOODBINE AVE,STRATHMORE BLVD,,Major Arterial,Toronto and East York,43.686515,-79.313144,Intersection Related,No Control,Rain,"Dark, artificial",Wet,Non-Fatal Injury,Turning Movement,Motorcycle Driver,30 to 34,Major,,North,Motorcycle,Going Ahead,Speed too Fast For Condition,Unknown,,,,,,,,,Yes,Yes,,,,,Yes,Yes,,,,59,Danforth East York,59,Danforth East York (59),D55,635953.4361,4838437.2981
12079,80491749,,11/1/2015 9:00:00 AM,155,QUEEN ST E,BROADVIEW AVE,49 m East of,Minor Arterial,Toronto and East York,43.659014,-79.349185,Non Intersection,No Control,Rain,"Dark, artificial",Wet,Non-Fatal Injury,Pedestrian Collisions,Driver,40 to 44,None,,East,"Automobile, Station Wagon",Going Ahead,Driving Properly,Normal,,,,,,,Yes,,Yes,,,,,Yes,,,,,,70,South Riverdale,70,South Riverdale (70),D55,633109.4385,4835324.4825
12080,80491750,,11/1/2015 9:00:00 AM,155,QUEEN ST E,BROADVIEW AVE,49 m East of,Minor Arterial,Toronto and East York,43.659014,-79.349185,Non Intersection,No Control,Rain,"Dark, artificial",Wet,Non-Fatal Injury,Pedestrian Collisions,Passenger,20 to 24,None,,,,,,,,,,,,,Yes,,Yes,,,,,Yes,,,,,,70,South Riverdale,70,South Riverdale (70),D55,633109.4385,4835324.4825
12081,80491751,,11/1/2015 9:00:00 AM,155,QUEEN ST E,BROADVIEW AVE,49 m East of,Minor Arterial,Toronto and East York,43.659014,-79.349185,Non Intersection,No Control,Rain,"Dark, artificial",Wet,Non-Fatal Injury,Pedestrian Collisions,Passenger,unknown,None,,,,,,,,,,,,,Yes,,Yes,,,,,Yes,,,,,,70,South Riverdale,70,South Riverdale (70),D55,633109.4385,4835324.4825
12082,80491752,,11/1/2015 9:00:00 AM,155,QUEEN ST E,BROADVIEW AVE,49 m East of,Minor Arterial,Toronto and East York,43.659014,-79.349185,Non Intersection,No Control,Rain,"Dark, artificial",Wet,Non-Fatal Injury,Pedestrian Collisions,Pedestrian,35 to 39,Major,,North,,,,,Vehicle hits the pedestrian walking or running out from between parked vehicles at mid-block,Coming From Behind Parked Vehicle,Had Been Drinking,,,,Yes,,Yes,,,,,Yes,,,,,,70,South Riverdale,70,South Riverdale (70),D55,633109.4385,4835324.4825
12083,80491926,,11/3/2015 10:00:00 AM,1755,HIGHWAY 27  N,VICE REGENT BLVD,,Major Arterial,Etobicoke York,43.711352,-79.592754,Intersection Related,No Control,Clear,"Dark, artificial",Dry,Fatal,Cyclist Collisions,Cyclist,55 to 59,Fatal,54,East,Bicycle,Going Ahead,,,,,,"Cyclist without ROW rides into path of motorist at inter, lnwy, dwy-Cyclist not turn.",Other,Unknown,,Yes,Yes,,,,,,,,,,,1,West Humber-Clairville,1,West Humber-Clairville (1),D23,613371.0535,4840775.3901
12084,80491927,,11/3/2015 10:00:00 AM,1755,HIGHWAY 27  N,VICE REGENT BLVD,,Major Arterial,Etobicoke York,43.711352,-79.592754,Intersection Related,No Control,Clear,"Dark, artificial",Dry,Fatal,Cyclist Collisions,Driver,55 to 59,None,,South,"Automobile, Station Wagon",Going Ahead,Driving Properly,Normal,,,,,,,,Yes,Yes,,,,,,,,,,,1,West Humber-Clairville,1,West Humber-Clairville (1),D23,613371.0535,4840775.3901
12085,80491928,,11/3/2015 10:00:00 AM,1755,HIGHWAY 27  N,VICE REGENT BLVD,,Major Arterial,Etobicoke York,43.711352,-79.592754,Intersection Related,No Control,Clear,"Dark, artificial",Dry,Fatal,Cyclist Collisions,Driver,60 to 64,None,,South,"Automobile, Station Wagon",Going Ahead,Driving Properly,Normal,,,,,,,,Yes,Yes,,,,,,,,,,,1,West Humber-Clairville,1,West Humber-Clairville (1),D23,613371.0535,4840775.3901
12086,80492006,,11/4/2015 10:00:00 AM,1530,BAYVIEW AVE,PARKHURST BLVD,,Major Arterial,North York,43.708693,-79.376323,At Intersection,Stop Sign,Clear,Daylight,Dry,Non-Fatal Injury,Angle,Driver,75 to 79,Minimal,,West,"Automobile, Station Wagon",Going Ahead,Failed to Yield Right of Way,Inattentive,,,,,,,,,Yes,,,,,Yes,,Yes,,,,56,Leaside-Bennington,56,Leaside-Bennington (56),D53,630813.1859,4840798.8377
12087,80492007,,11/4/2015 10:00:00 AM,1530,BAYVIEW AVE,PARKHURST BLVD,,Major Arterial,North York,43.708693,-79.376323,At Intersection,Stop Sign,Clear,Daylight,Dry,Non-Fatal Injury,Angle,Driver,50 to 54,Minimal,,South,"Automobile, Station Wagon",Going Ahead,Driving Properly,Normal,,,,,,,,,Yes,,,,,Yes,,Yes,,,,56,Leaside-Bennington,56,Leaside-Bennington (56),D53,630813.1859,4840798.8377
12088,80492008,,11/4/2015 10:00:00 AM,1530,BAYVIEW AVE,PARKHURST BLVD,,Major Arterial,North York,43.708693,-79.376323,At Intersection,Stop Sign,Clear,Daylight,Dry,Non-Fatal Injury,Angle,Driver,55 to 59,Major,,North,"Automobile, Station Wagon",Stopped,Driving Properly,Normal,,,,,,,,,Yes,,,,,Yes,,Yes,,,,56,Leaside-Bennington,56,Leaside-Bennington (56),D53,630813.1859,4840798.8377
12089,80492009,,11/4/2015 10:00:00 AM,1530,BAYVIEW AVE,PARKHURST BLVD,,Major Arterial,North York,43.708693,-79.376323,At Intersection,Stop Sign,Clear,Daylight,Dry,Non-Fatal Injury,Angle,Passenger,30 to 34,None,,,,,,,,,,,,,,,Yes,,,,,Yes,,Yes,,,,56,Leaside-Bennington,56,Leaside-Bennington (56),D53,630813.1859,4840798.8377
12090,80492010,,11/4/2015 10:00:00 AM,1530,BAYVIEW AVE,PARKHURST BLVD,,Major Arterial,North York,43.708693,-79.376323,At Intersection,Stop Sign,Clear,Daylight,Dry,Non-Fatal Injury,Angle,Passenger,20 to 24,None,,,,,,,,,,,,,,,Yes,,,,,Yes,,Yes,,,,56,Leaside-Bennington,56,Leaside-Bennington (56),D53,630813.1859,4840798.8377
12091,80492011,,11/4/2015 10:00:00 AM,1530,BAYVIEW AVE,PARKHURST BLVD,,Major Arterial,North York,43.708693,-79.376323,At Intersection,Stop Sign,Clear,Daylight,Dry,Non-Fatal Injury,Angle,Passenger,15 to 19,None,,,,,,,,,,,,,,,Yes,,,,,Yes,,Yes,,,,56,Leaside-Bennington,56,Leaside-Bennington (56),D53,630813.1859,4840798.8377
12092,80255264,,11/5/2015 10:00:00 AM,2020,BAYVIEW AVE,CITATION DR,14 m North o,Major Arterial,North York,43.774321,-79.389774,Intersection Related,Traffic Signal,Clear,"Dawn, artificial",Dry,Non-Fatal Injury,Pedestrian Collisions,Driver,80 to 84,None,,North,"Automobile, Station Wagon",Going Ahead,Driving Properly,Normal,,,,,,,Yes,,Yes,,,,,,,,,,,52,Bayview Village,52,Bayview Village (52),D33,629587.8118,4848066.6554
12093,80255265,,11/5/2015 10:00:00 AM,2020,BAYVIEW AVE,CITATION DR,14 m North o,Major Arterial,North York,43.774321,-79.389774,Intersection Related,Traffic Signal,Clear,"Dawn, artificial",Dry,Non-Fatal Injury,Pedestrian Collisions,Pedestrian,35 to 39,Major,,West,,,,,Vehicle is going straight thru inter.while ped cross without ROW,Running onto Roadway,Inattentive,,,,Yes,,Yes,,,,,,,,,,,52,Bayview Village,52,Bayview Village (52),D33,629587.8118,4848066.6554
12094,80492118,,11/5/2015 10:00:00 AM,2310,DON VALLEY PARKWAY  S,LEASIDE BDGE,,Major Arterial,Toronto and East York,43.698043,-79.349742,Non Intersection,No Control,Clear,"Dark, artificial",Dry,Non-Fatal Injury,Pedestrian Collisions,Driver,40 to 44,None,,South,"Automobile, Station Wagon",Going Ahead,Driving Properly,Normal,,,,,,,Yes,,Yes,,,,,Yes,,,,,,58,Old East York,58,Old East York (58),D55,632978.2789,4839658.2944
12095,80492119,,11/5/2015 10:00:00 AM,2310,DON VALLEY PARKWAY  S,LEASIDE BDGE,,Major Arterial,Toronto and East York,43.698043,-79.349742,Non Intersection,No Control,Clear,"Dark, artificial",Dry,Non-Fatal Injury,Pedestrian Collisions,Passenger,35 to 39,None,,,,,,,,,,,,,Yes,,Yes,,,,,Yes,,,,,,58,Old East York,58,Old East York (58),D55,632978.2789,4839658.2944
12096,80492120,,11/5/2015 10:00:00 AM,2310,DON VALLEY PARKWAY  S,LEASIDE BDGE,,Major Arterial,Toronto and East York,43.698043,-79.349742,Non Intersection,No Control,Clear,"Dark, artificial",Dry,Non-Fatal Injury,Pedestrian Collisions,Pedestrian,50 to 54,Major,,Unknown,,,,,Other / Undefined,Other,Other,,,,Yes,,Yes,,,,,Yes,,,,,,58,Old East York,58,Old East York (58),D55,632978.2789,4839658.2944
12097,80255306,,11/6/2015 10:00:00 AM,600,JANE ST,CHURCH ST,19 m South o,Major Arterial,Etobicoke York,43.709235,-79.505565,Intersection Related,Traffic Signal,Rain,"Dark, artificial",Wet,Non-Fatal Injury,Pedestrian Collisions,Driver,60 to 64,None,,East,"Automobile, Station Wagon",Turning Left,Driving Properly,Normal,,,,,,,Yes,,Yes,,,,,,,,,,,113,Weston,113,Weston (113),D12,620399.4968,4840663.2044
12098,80255307,,11/6/2015 10:00:00 AM,600,JANE ST,CHURCH ST,19 m South o,Major Arterial,Etobicoke York,43.709235,-79.505565,Intersection Related,Traffic Signal,Rain,"Dark, artificial",Wet,Non-Fatal Injury,Pedestrian Collisions,Pedestrian,70 to 74,Major,,West,,,,,Vehicle turns left while ped crosses without ROW at inter.,"Crossing, no Traffic Control",Inattentive,,,,Yes,,Yes,,,,,,,,,,,113,Weston,113,Weston (113),D12,620399.4968,4840663.2044
12099,80492214,,11/6/2015 10:00:00 AM,1836,WILLIAM R ALLEN RD S,WILSON AVE,90 m North o,,North York,43.734896,-79.45045,Non Intersection,No Control,Clear,"Dark, artificial",Dry,Non-Fatal Injury,Rear End,Driver,20 to 24,Major,,South,"Automobile, Station Wagon",Going Ahead,Speed too Fast For Condition,Inattentive,,,,,,,,,Yes,,,,,,Yes,Yes,,,,33,Clanton Park,33,Clanton Park (33),D32,624786.6016,4843594.7487
12100,80492215,,11/6/2015 10:00:00 AM,1836,WILLIAM R ALLEN RD S,WILSON AVE,90 m North o,,North York,43.734896,-79.45045,Non Intersection,No Control,Clear,"Dark, artificial",Dry,Non-Fatal Injury,Rear End,Driver,35 to 39,Major,,South,"Automobile, Station Wagon",Going Ahead,Driving Properly,Normal,,,,,,,,,Yes,,,,,,Yes,Yes,,,,33,Clanton Park,33,Clanton Park (33),D32,624786.6016,4843594.7487
12101,80503135,,11/8/2015 10:00:00 AM,340,WARDEN AVE,HUNTINGWOOD DR,94 m North o,Major Arterial,Scarborough,43.786265,-79.311298,Non Intersection,No Control,Clear,"Dark, artificial",Dry,Non-Fatal Injury,SMV Other,Driver,30 to 34,Major,,North,"Automobile, Station Wagon",Going Ahead,Wrong Way on One Way Road,Unknown,,,,,,,,,Yes,,,,,Yes,,,,,,147,L'Amoreaux West,117,L'Amoreaux (117),D42,635876.4101,4849519.0438
12102,80503136,,11/8/2015 10:00:00 AM,340,WARDEN AVE,HUNTINGWOOD DR,94 m North o,Major Arterial,Scarborough,43.786265,-79.311298,Non Intersection,No Control,Clear,"Dark, artificial",Dry,Non-Fatal Injury,SMV Other,Passenger,30 to 34,Minimal,,,,,,,,,,,,,,,Yes,,,,,Yes,,,,,,147,L'Amoreaux West,117,L'Amoreaux (117),D42,635876.4101,4849519.0438
12103,80255511,,11/8/2015 10:00:00 AM,1100,LAWRENCE AVE E,GREENHOLM CRCT,,Major Arterial,Scarborough,43.760302,-79.22298,At Intersection,Traffic Signal,Clear,Daylight,Dry,Non-Fatal Injury,Pedestrian Collisions,Driver,40 to 44,None,,South,"Automobile, Station Wagon",Turning Left,Failed to Yield Right of Way,Normal,,,,,,,Yes,,Yes,,,,,,,Yes,,,,141,Golfdale-Cedarbrae-Woburn,137,Woburn (137),D43,643044.6296,4846784.2113
12104,80255512,,11/8/2015 10:00:00 AM,1100,LAWRENCE AVE E,GREENHOLM CRCT,,Major Arterial,Scarborough,43.760302,-79.22298,At Intersection,Traffic Signal,Clear,Daylight,Dry,Non-Fatal Injury,Pedestrian Collisions,Pedestrian,65 to 69,Major,,North,,,,,Vehicle turns left while ped crosses with ROW at inter.,Crossing with right of way,Normal,,,,Yes,,Yes,,,,,,,Yes,,,,141,Golfdale-Cedarbrae-Woburn,137,Woburn (137),D43,643044.6296,4846784.2113
12105,80492330,,11/8/2015 10:00:00 AM,1640,MCNICOLL AVE,SHADY HOLLOW DR,5 m South of,Minor Arterial,Scarborough,43.819476,-79.26469,Intersection Related,No Control,Clear,Daylight,Dry,Non-Fatal Injury,Turning Movement,Driver,55 to 59,None,,East,"Automobile, Station Wagon",Turning Left,Improper Turn,"Ability Impaired, Alcohol",,,,,,,,,Yes,,,,,Yes,,,,Yes,,130,Milliken,130,Milliken (130),D42,639549.2746,4853285.2246
12106,80492331,,11/8/2015 10:00:00 AM,1640,MCNICOLL AVE,SHADY HOLLOW DR,5 m South of,Minor Arterial,Scarborough,43.819476,-79.26469,Intersection Related,No Control,Clear,Daylight,Dry,Non-Fatal Injury,Turning Movement,Driver,65 to 69,Minor,,West,"Automobile, Station Wagon",Going Ahead,Driving Properly,Normal,,,,,,,,,Yes,,,,,Yes,,,,Yes,,130,Milliken,130,Milliken (130),D42,639549.2746,4853285.2246