OBJECTID,INDEX,ACCNUM,DATE,TIME,STREET1,STREET2,OFFSET,ROAD_CLASS,DISTRICT,LATITUDE,LONGITUDE,ACCLOC,TRAFFCTL,VISIBILITY,LIGHT,RDSFCOND,ACCLASS,IMPACTYPE,INVTYPE,INVAGE,INJURY,FATAL_NO,INITDIR,VEHTYPE,MANOEUVER,DRIVACT,DRIVCOND,PEDTYPE,PEDACT,PEDCOND,CYCLISTYPE,CYCACT,CYCCOND,PEDESTRIAN,CYCLIST,AUTOMOBILE,MOTORCYCLE,TRUCK,TRSN_CITY_VEH,EMERG_VEH,PASSENGER,SPEEDING,AG_DRIV,REDLIGHT,ALCOHOL,DISABILITY,HOOD_158,NEIGHBOURHOOD_158,HOOD_140,NEIGHBOURHOOD_140,DIVISION,x,y
12163,80494145,,12/3/2015 10:00:00 AM,2038,KINGSTON RD,FAIRCROFT BLVD,119 m West o,Major Arterial,Scarborough,43.729457,-79.22742,Non Intersection,No Control,Clear,"Dark, artificial",Dry,Fatal,SMV Unattended Vehicle,Other,unknown,None,,Unknown,Delivery Van,Parked,,,,,,,,,,,Yes,,,,,,Yes,Yes,,,,123,Cliffcrest,123,Cliffcrest (123),D43,642760.5258,4843350.7451
12164,80257738,,12/4/2015 10:00:00 AM,109,ISABELLA ST,SHERBOURNE ST,70 m West of,Collector,Toronto and East York,43.669455,-79.376643,Non Intersection,No Control,Clear,Dark,Dry,Non-Fatal Injury,Pedestrian Collisions,Driver,45 to 49,None,,West,"Automobile, Station Wagon",Going Ahead,Driving Properly,Normal,,,,,,,Yes,,Yes,,,,,Yes,,,,,,74,North St.James Town,74,North St.James Town (74),D51,630872.7154,4836440.4104
12165,80257739,,12/4/2015 10:00:00 AM,109,ISABELLA ST,SHERBOURNE ST,70 m West of,Collector,Toronto and East York,43.669455,-79.376643,Non Intersection,No Control,Clear,Dark,Dry,Non-Fatal Injury,Pedestrian Collisions,Passenger,20 to 24,None,,,,,,,,,,,,,Yes,,Yes,,,,,Yes,,,,,,74,North St.James Town,74,North St.James Town (74),D51,630872.7154,4836440.4104
12166,80257740,,12/4/2015 10:00:00 AM,109,ISABELLA ST,SHERBOURNE ST,70 m West of,Collector,Toronto and East York,43.669455,-79.376643,Non Intersection,No Control,Clear,Dark,Dry,Non-Fatal Injury,Pedestrian Collisions,Pedestrian,25 to 29,Major,,North,,,,,Pedestrian hit at mid-block,Running onto Roadway,Inattentive,,,,Yes,,Yes,,,,,Yes,,,,,,74,North St.James Town,74,North St.James Town (74),D51,630872.7154,4836440.4104
12167,80257915,,12/6/2015 10:00:00 AM,2,KING ST W,BRANT ST,10 m South o,Major Arterial,Toronto and East York,43.644942,-79.397632,Non Intersection,Pedestrian Crossover,Clear,"Dark, artificial",Dry,Non-Fatal Injury,Pedestrian Collisions,Driver,unknown,None,,East,"Automobile, Station Wagon",Going Ahead,Failed to Yield Right of Way,Unknown,,,,,,,Yes,,Yes,,,,,,,Yes,,,,164,Wellington Place,77,Waterfront Communities-The Island (77),D14,629233.1705,4833685.0193
12168,80257916,,12/6/2015 10:00:00 AM,2,KING ST W,BRANT ST,10 m South o,Major Arterial,Toronto and East York,43.644942,-79.397632,Non Intersection,Pedestrian Crossover,Clear,"Dark, artificial",Dry,Non-Fatal Injury,Pedestrian Collisions,Pedestrian,40 to 44,Major,,North,,,,,Pedestrian hit a PXO/ped. Mid-block signal,"Crossing, Pedestrian Crossover",Normal,,,,Yes,,Yes,,,,,,,Yes,,,,164,Wellington Place,77,Waterfront Communities-The Island (77),D14,629233.1705,4833685.0193
12169,80494399,,12/7/2015 10:00:00 AM,655,FINCH AVE W,WESTON RD,,Major Arterial,Etobicoke York,43.752082,-79.542362,At Intersection,Traffic Signal,Clear,"Dark, artificial",Dry,Non-Fatal Injury,Pedestrian Collisions,Driver,60 to 64,None,,East,"Automobile, Station Wagon",Going Ahead,Driving Properly,Normal,,,,,,,Yes,,Yes,,,,,,,,,,,22,Humbermede,22,Humbermede (22),D31,617351.2083,4845369.186
12170,80494400,,12/7/2015 10:00:00 AM,655,FINCH AVE W,WESTON RD,,Major Arterial,Etobicoke York,43.752082,-79.542362,At Intersection,Traffic Signal,Clear,"Dark, artificial",Dry,Non-Fatal Injury,Pedestrian Collisions,Pedestrian,35 to 39,Major,,Unknown,,,,,Vehicle is going straight thru inter.while ped cross without ROW,Crossing without right of way,Inattentive,,,,Yes,,Yes,,,,,,,,,,,22,Humbermede,22,Humbermede (22),D31,617351.2083,4845369.186
12171,80494463,,12/7/2015 10:00:00 AM,1905,STEELES AVE W,JANE ST,1 m East of,Major Arterial,Etobicoke York,43.775462,-79.521716,At Intersection,Traffic Signal,Clear,"Dark, artificial",Dry,Non-Fatal Injury,Sideswipe,Driver,unknown,None,,West,"Automobile, Station Wagon",Changing Lanes,Improper Lane Change,Inattentive,,,,,,,,,Yes,,,Yes,,Yes,,,,,,27,York University Heights,27,York University Heights (27),D31,618967.033,4847995.3381
12172,80494464,,12/7/2015 10:00:00 AM,1905,STEELES AVE W,JANE ST,1 m East of,Major Arterial,Etobicoke York,43.775462,-79.521716,At Intersection,Traffic Signal,Clear,"Dark, artificial",Dry,Non-Fatal Injury,Sideswipe,Driver,35 to 39,None,,West,Intercity Bus,Going Ahead,Driving Properly,Normal,,,,,,,,,Yes,,,Yes,,Yes,,,,,,27,York University Heights,27,York University Heights (27),D31,618967.033,4847995.3381
12173,80494465,,12/7/2015 10:00:00 AM,1905,STEELES AVE W,JANE ST,1 m East of,Major Arterial,Etobicoke York,43.775462,-79.521716,At Intersection,Traffic Signal,Clear,"Dark, artificial",Dry,Non-Fatal Injury,Sideswipe,Passenger,65 to 69,Major,,,,,,,,,,,,,,,Yes,,,Yes,,Yes,,,,,,27,York University Heights,27,York University Heights (27),D31,618967.033,4847995.3381
12174,80494517,,12/8/2015 10:00:00 AM,2115,LOWTHER AVE,SPADINA RD,5 m South of,Minor Arterial,Toronto and East York,43.668948,-79.404765,Intersection Related,Traffic Signal,Rain,"Dark, artificial",Wet,Non-Fatal Injury,Cyclist Collisions,Cyclist,20 to 24,Major,,North,Bicycle,Turning Left,,,,,,Cyclist turned left across motorists path.,Improper Turn,Normal,,Yes,Yes,,,,,Yes,,,,,,95,Annex,95,Annex (95),D53,628606.6197,4836340.1193
12175,80494518,,12/8/2015 10:00:00 AM,2115,LOWTHER AVE,SPADINA RD,5 m South of,Minor Arterial,Toronto and East York,43.668948,-79.404765,Intersection Related,Traffic Signal,Rain,"Dark, artificial",Wet,Non-Fatal Injury,Cyclist Collisions,Driver,50 to 54,None,,South,"Automobile, Station Wagon",Going Ahead,Driving Properly,Normal,,,,,,,,Yes,Yes,,,,,Yes,,,,,,95,Annex,95,Annex (95),D53,628606.6197,4836340.1193
12176,80494519,,12/8/2015 10:00:00 AM,2115,LOWTHER AVE,SPADINA RD,5 m South of,Minor Arterial,Toronto and East York,43.668948,-79.404765,Intersection Related,Traffic Signal,Rain,"Dark, artificial",Wet,Non-Fatal Injury,Cyclist Collisions,Passenger,15 to 19,None,,,,,,,,,,,,,,Yes,Yes,,,,,Yes,,,,,,95,Annex,95,Annex (95),D53,628606.6197,4836340.1193
12177,80494520,,12/8/2015 10:00:00 AM,2115,LOWTHER AVE,SPADINA RD,5 m South of,Minor Arterial,Toronto and East York,43.668948,-79.404765,Intersection Related,Traffic Signal,Rain,"Dark, artificial",Wet,Non-Fatal Injury,Cyclist Collisions,Passenger,10 to 14,None,,,,,,,,,,,,,,Yes,Yes,,,,,Yes,,,,,,95,Annex,95,Annex (95),D53,628606.6197,4836340.1193
12178,80494818,,12/12/2015 10:00:00 AM,646,QUEEN ST E,VICTORIA ST,2 m West of,Major Arterial,Toronto and East York,43.652671,-79.378078,Intersection Related,Traffic Signal,Clear,"Dark, artificial",Dry,Non-Fatal Injury,Pedestrian Collisions,Driver,45 to 49,None,,West,Pick Up Truck,Going Ahead,Driving Properly,Normal,,,,,,,Yes,,Yes,,,,,,,,,,,168,Downtown Yonge East,75,Church-Yonge Corridor (75),D51,630793.4671,4834574.0608
12179,80494819,,12/12/2015 10:00:00 AM,646,QUEEN ST E,VICTORIA ST,2 m West of,Major Arterial,Toronto and East York,43.652671,-79.378078,Intersection Related,Traffic Signal,Clear,"Dark, artificial",Dry,Non-Fatal Injury,Pedestrian Collisions,Pedestrian,40 to 44,Major,,Unknown,,,,,Other / Undefined,Other,Medical or Physical Disability,,,,Yes,,Yes,,,,,,,,,,,168,Downtown Yonge East,75,Church-Yonge Corridor (75),D51,630793.4671,4834574.0608
12180,80494869,,12/12/2015 10:00:00 AM,1941,JANE ST,WEATHERELL ST,,Major Arterial,Toronto and East York,43.651641,-79.485439,At Intersection,No Control,Clear,"Dark, artificial",Dry,Non-Fatal Injury,Sideswipe,Driver,20 to 24,None,,South,"Automobile, Station Wagon",Changing Lanes,Improper Lane Change,Normal,,,,,,,,,Yes,Yes,,,,Yes,,,,,,114,Lambton Baby Point,114,Lambton Baby Point (114),D11,622137.7713,4834296.0469
12181,80494870,,12/12/2015 10:00:00 AM,1941,JANE ST,WEATHERELL ST,,Major Arterial,Toronto and East York,43.651641,-79.485439,At Intersection,No Control,Clear,"Dark, artificial",Dry,Non-Fatal Injury,Sideswipe,Motorcycle Driver,15 to 19,Major,,South,Motorcycle,Going Ahead,Driving Properly,Normal,,,,,,,,,Yes,Yes,,,,Yes,,,,,,114,Lambton Baby Point,114,Lambton Baby Point (114),D11,622137.7713,4834296.0469
12182,80494871,,12/12/2015 10:00:00 AM,1941,JANE ST,WEATHERELL ST,,Major Arterial,Toronto and East York,43.651641,-79.485439,At Intersection,No Control,Clear,"Dark, artificial",Dry,Non-Fatal Injury,Sideswipe,Passenger,20 to 24,None,,,,,,,,,,,,,,,Yes,Yes,,,,Yes,,,,,,114,Lambton Baby Point,114,Lambton Baby Point (114),D11,622137.7713,4834296.0469
12183,80494905,,12/13/2015 10:00:00 AM,1556,PARKSIDE DR,INDIAN VALLEY CRES,,Major Arterial,Toronto and East York,43.651126,-79.458499,At Intersection,Traffic Signal,Rain,Daylight,Wet,Non-Fatal Injury,Cyclist Collisions,Driver,35 to 39,None,,South,"Automobile, Station Wagon",Going Ahead,Following too Close,Normal,,,,,,,,Yes,Yes,,,,,Yes,,Yes,,,,87,High Park-Swansea,87,High Park-Swansea (87),D11,624311.3589,4834278.853
12184,80494906,,12/13/2015 10:00:00 AM,1556,PARKSIDE DR,INDIAN VALLEY CRES,,Major Arterial,Toronto and East York,43.651126,-79.458499,At Intersection,Traffic Signal,Rain,Daylight,Wet,Non-Fatal Injury,Cyclist Collisions,Cyclist,25 to 29,Major,,South,Bicycle,Stopped,,,,,,Cyclist and Driver travelling in same direction. One vehicle rear-ended the other.,Driving Properly,Normal,,Yes,Yes,,,,,Yes,,Yes,,,,87,High Park-Swansea,87,High Park-Swansea (87),D11,624311.3589,4834278.853
12185,80494907,,12/13/2015 10:00:00 AM,1556,PARKSIDE DR,INDIAN VALLEY CRES,,Major Arterial,Toronto and East York,43.651126,-79.458499,At Intersection,Traffic Signal,Rain,Daylight,Wet,Non-Fatal Injury,Cyclist Collisions,Passenger,10 to 14,None,,,,,,,,,,,,,,Yes,Yes,,,,,Yes,,Yes,,,,87,High Park-Swansea,87,High Park-Swansea (87),D11,624311.3589,4834278.853
12186,80494908,,12/13/2015 10:00:00 AM,1556,PARKSIDE DR,INDIAN VALLEY CRES,,Major Arterial,Toronto and East York,43.651126,-79.458499,At Intersection,Traffic Signal,Rain,Daylight,Wet,Non-Fatal Injury,Cyclist Collisions,Passenger,10 to 14,None,,,,,,,,,,,,,,Yes,Yes,,,,,Yes,,Yes,,,,87,High Park-Swansea,87,High Park-Swansea (87),D11,624311.3589,4834278.853
12187,80494947,,12/13/2015 10:00:00 AM,2013,DUFFERIN ST,CARTWRIGHT AVE,7 m North of,Major Arterial,North York,43.723784,-79.456859,At Intersection,No Control,Clear,"Dark, artificial",Dry,Non-Fatal Injury,Pedestrian Collisions,Pedestrian,25 to 29,Major,,East,,,,,Vehicle is going straight thru inter.while ped cross without ROW,"Crossing, no Traffic Control",Inattentive,,,,Yes,,,,,,,,,,,,,31,Yorkdale-Glen Park,31,Yorkdale-Glen Park (31),D32,624293.457,4842350.9694
12188,80495552,,12/14/2015 10:00:00 AM,1726,KING ST W,FRASER AVE,2 m West of,Major Arterial,Toronto and East York,43.639392,-79.4248,At Intersection,Streetcar (Stop for),Rain,"Dark, artificial",Wet,Non-Fatal Injury,Pedestrian Collisions,Driver,unknown,None,,East,"Automobile, Station Wagon",Going Ahead,Failed to Yield Right of Way,Unknown,,,,,,,Yes,,Yes,,,,,,,Yes,,,,85,South Parkdale,85,South Parkdale (85),D14,627053.7105,4833026.6741
12189,80681707,,12/14/2015 10:00:00 AM,1726,KING ST W,FRASER AVE,2 m West of,Major Arterial,Toronto and East York,43.639392,-79.4248,At Intersection,Streetcar (Stop for),Rain,"Dark, artificial",Wet,Non-Fatal Injury,Pedestrian Collisions,Pedestrian,25 to 29,Major,,North,,,,,Vehicle is going straight thru inter.while ped cross with ROW,Person Getting on/off Vehicle,Normal,,,,Yes,,Yes,,,,,,,Yes,,,,85,South Parkdale,85,South Parkdale (85),D14,627053.7105,4833026.6741
12190,80495062,,12/15/2015 10:00:00 AM,1100,JANE ST,SPEERS AVE,,Major Arterial,Etobicoke York,43.701564,-79.503444,At Intersection,No Control,Clear,Daylight,Dry,Fatal,Turning Movement,Driver,80 to 84,Major,,South,"Automobile, Station Wagon",Turning Left,Improper Turn,Unknown,,,,,,,,,Yes,,,,,Yes,,,,,,30,Brookhaven-Amesbury,30,Brookhaven-Amesbury (30),D12,620585.7565,4839814.3167
12191,80495063,,12/15/2015 10:00:00 AM,1100,JANE ST,SPEERS AVE,,Major Arterial,Etobicoke York,43.701564,-79.503444,At Intersection,No Control,Clear,Daylight,Dry,Fatal,Turning Movement,Driver,55 to 59,None,,North,Delivery Van,Slowing or Stopping,Driving Properly,Normal,,,,,,,,,Yes,,,,,Yes,,,,,,30,Brookhaven-Amesbury,30,Brookhaven-Amesbury (30),D12,620585.7565,4839814.3167
12192,80495064,,12/15/2015 10:00:00 AM,1100,JANE ST,SPEERS AVE,,Major Arterial,Etobicoke York,43.701564,-79.503444,At Intersection,No Control,Clear,Daylight,Dry,Fatal,Turning Movement,Passenger,80 to 84,Fatal,63,,,,,,,,,,,,,,Yes,,,,,Yes,,,,,,30,Brookhaven-Amesbury,30,Brookhaven-Amesbury (30),D12,620585.7565,4839814.3167
12193,80631992,,12/16/2015 10:00:00 AM,1645,FINCH AVE E,BRIMLEY RD,9 m East of,Major Arterial,Scarborough,43.805636,-79.277362,At Intersection,Traffic Signal,Clear,Dusk,Wet,Non-Fatal Injury,Turning Movement,Driver,55 to 59,None,,East,"Automobile, Station Wagon",Turning Left,Improper Turn,Unknown,,,,,,,,,Yes,,,,,Yes,,,,,,129,Agincourt North,129,Agincourt North (129),D42,638562.218,4851726.7689
12194,80631993,,12/16/2015 10:00:00 AM,1645,FINCH AVE E,BRIMLEY RD,9 m East of,Major Arterial,Scarborough,43.805636,-79.277362,At Intersection,Traffic Signal,Clear,Dusk,Wet,Non-Fatal Injury,Turning Movement,Driver,50 to 54,Major,,West,Passenger Van,Going Ahead,Driving Properly,Unknown,,,,,,,,,Yes,,,,,Yes,,,,,,129,Agincourt North,129,Agincourt North (129),D42,638562.218,4851726.7689
12195,80631994,,12/16/2015 10:00:00 AM,1645,FINCH AVE E,BRIMLEY RD,9 m East of,Major Arterial,Scarborough,43.805636,-79.277362,At Intersection,Traffic Signal,Clear,Dusk,Wet,Non-Fatal Injury,Turning Movement,Passenger,20 to 24,Major,,,,,,,,,,,,,,,Yes,,,,,Yes,,,,,,129,Agincourt North,129,Agincourt North (129),D42,638562.218,4851726.7689
12196,80495364,,12/18/2015 10:00:00 AM,1452,4727 SHEPPARD AVE E,,4 m East of,Major Arterial,Scarborough,43.79143,-79.250346,At/Near Private Drive,No Control,Clear,Daylight,Dry,Non-Fatal Injury,Pedestrian Collisions,Driver,80 to 84,None,,East,"Automobile, Station Wagon",Going Ahead,Driving Properly,Normal,,,,,,,Yes,,Yes,,,,,Yes,,,,,,128,Agincourt South-Malvern West,128,Agincourt South-Malvern West (128),D42,640768.6611,4850194.5585
12197,80495365,,12/18/2015 10:00:00 AM,1452,4727 SHEPPARD AVE E,,4 m East of,Major Arterial,Scarborough,43.79143,-79.250346,At/Near Private Drive,No Control,Clear,Daylight,Dry,Non-Fatal Injury,Pedestrian Collisions,Passenger,75 to 79,None,,,,,,,,,,,,,Yes,,Yes,,,,,Yes,,,,,,128,Agincourt South-Malvern West,128,Agincourt South-Malvern West (128),D42,640768.6611,4850194.5585
12198,80495366,,12/18/2015 10:00:00 AM,1452,4727 SHEPPARD AVE E,,4 m East of,Major Arterial,Scarborough,43.79143,-79.250346,At/Near Private Drive,No Control,Clear,Daylight,Dry,Non-Fatal Injury,Pedestrian Collisions,Pedestrian,85 to 89,Major,,North,,,,,Pedestrian hit at mid-block,"Crossing, no Traffic Control",Inattentive,,,,Yes,,Yes,,,,,Yes,,,,,,128,Agincourt South-Malvern West,128,Agincourt South-Malvern West (128),D42,640768.6611,4850194.5585
12199,80495477,,12/19/2015 10:00:00 AM,2220,YONGE ST,SHELDRAKE BLVD,,Major Arterial,North York,43.714938,-79.400096,At Intersection,Stop Sign,Clear,"Dark, artificial",Dry,Non-Fatal Injury,Pedestrian Collisions,Driver,50 to 54,None,,North,"Automobile, Station Wagon",Going Ahead,Driving Properly,Normal,,,,,,,Yes,,Yes,,,,,Yes,,,,,,99,Mount Pleasant East,99,Mount Pleasant East (99),D53,628884.4839,4841455.1931
12200,80495478,,12/19/2015 10:00:00 AM,2220,YONGE ST,SHELDRAKE BLVD,,Major Arterial,North York,43.714938,-79.400096,At Intersection,Stop Sign,Clear,"Dark, artificial",Dry,Non-Fatal Injury,Pedestrian Collisions,Passenger,60 to 64,None,,,,,,,,,,,,,Yes,,Yes,,,,,Yes,,,,,,99,Mount Pleasant East,99,Mount Pleasant East (99),D53,628884.4839,4841455.1931
12201,80495479,,12/19/2015 10:00:00 AM,2220,YONGE ST,SHELDRAKE BLVD,,Major Arterial,North York,43.714938,-79.400096,At Intersection,Stop Sign,Clear,"Dark, artificial",Dry,Non-Fatal Injury,Pedestrian Collisions,Pedestrian,65 to 69,Major,,West,,,,,Vehicle is going straight thru inter.while ped cross without ROW,Crossing without right of way,Inattentive,,,,Yes,,Yes,,,,,Yes,,,,,,99,Mount Pleasant East,99,Mount Pleasant East (99),D53,628884.4839,4841455.1931
12202,80495499,,12/20/2015 10:00:00 AM,639,DUFFERIN ST,DAVENPORT RD,41 m South o,Major Arterial,Toronto and East York,43.672553,-79.440799,Intersection Related,No Control,Clear,"Dark, artificial",Dry,Non-Fatal Injury,Cyclist Collisions,Cyclist,30 to 34,Major,,West,Bicycle,Going Ahead,,,,,,"Cyclist without ROW rides into path of motorist at inter, lnwy, dwy-Cyclist not turn.",Failed to Yield Right of Way,"Ability Impaired, Alcohol",,Yes,Yes,,,,,,,,,,,171,Junction-Wallace Emerson,93,Dovercourt-Wallace Emerson-Junction (93),D13,625694.0328,4836685.2705
12203,80495500,,12/20/2015 10:00:00 AM,639,DUFFERIN ST,DAVENPORT RD,41 m South o,Major Arterial,Toronto and East York,43.672553,-79.440799,Intersection Related,No Control,Clear,"Dark, artificial",Dry,Non-Fatal Injury,Cyclist Collisions,Driver,35 to 39,None,,South,"Automobile, Station Wagon",Going Ahead,Driving Properly,Normal,,,,,,,,Yes,Yes,,,,,,,,,,,171,Junction-Wallace Emerson,93,Dovercourt-Wallace Emerson-Junction (93),D13,625694.0328,4836685.2705
12204,80495601,,12/21/2015 10:00:00 AM,1720,1145 DANFORTH AVE,,,Major Arterial,Toronto and East York,43.681204,-79.333614,Non Intersection,No Control,Rain,"Dark, artificial",Wet,Non-Fatal Injury,Pedestrian Collisions,Driver,60 to 64,None,,East,"Automobile, Station Wagon",Going Ahead,Driving Properly,Normal,,,,,,,Yes,,Yes,,,,,,,,,,,69,Blake-Jones,69,Blake-Jones (69),D55,634315.4747,4837814.0824
12205,80495602,,12/21/2015 10:00:00 AM,1720,1145 DANFORTH AVE,,,Major Arterial,Toronto and East York,43.681204,-79.333614,Non Intersection,No Control,Rain,"Dark, artificial",Wet,Non-Fatal Injury,Pedestrian Collisions,Pedestrian,25 to 29,Major,,South,,,,,Pedestrian hit at mid-block,"Crossing, no Traffic Control","Ability Impaired, Alcohol Over .80",,,,Yes,,Yes,,,,,,,,,,,69,Blake-Jones,69,Blake-Jones (69),D55,634315.4747,4837814.0824
12206,80495632,,12/21/2015 10:00:00 AM,2125,BATHURST ST,SHEPPARD AVE W,,Major Arterial,North York,43.75545,-79.438464,At Intersection,Traffic Signal,Rain,"Dark, artificial",Wet,Non-Fatal Injury,Pedestrian Collisions,Driver,20 to 24,None,,North,"Automobile, Station Wagon",Going Ahead,Disobeyed Traffic Control,Unknown,,,,,,,Yes,,Yes,,,,,,,Yes,Yes,,,38,Lansing-Westgate,38,Lansing-Westgate (38),D32,625708.823,4845895.6933
12207,80495633,,12/21/2015 10:00:00 AM,2125,BATHURST ST,SHEPPARD AVE W,,Major Arterial,North York,43.75545,-79.438464,At Intersection,Traffic Signal,Rain,"Dark, artificial",Wet,Non-Fatal Injury,Pedestrian Collisions,Pedestrian,15 to 19,Major,,West,,,,,Vehicle is going straight thru inter.while ped cross without ROW,Crossing without right of way,Inattentive,,,,Yes,,Yes,,,,,,,Yes,Yes,,,38,Lansing-Westgate,38,Lansing-Westgate (38),D32,625708.823,4845895.6933
12208,80631995,,12/22/2015 10:00:00 AM,911,SHERBOURNE ST,CARLTON ST,,Minor Arterial,Toronto and East York,43.663119,-79.373019,At Intersection,Traffic Controller,Rain,Daylight,Wet,Non-Fatal Injury,Cyclist Collisions,Truck Driver,30 to 34,None,,North,"Truck - Closed (Blazer, etc)",Turning Left,Failed to Yield Right of Way,Normal,,,,,,,,Yes,,,Yes,,,,,Yes,,,,73,Moss Park,73,Moss Park (73),D51,631178.6808,4835742.4364
12209,80631996,,12/22/2015 10:00:00 AM,911,SHERBOURNE ST,CARLTON ST,,Minor Arterial,Toronto and East York,43.663119,-79.373019,At Intersection,Traffic Controller,Rain,Daylight,Wet,Non-Fatal Injury,Cyclist Collisions,Cyclist,55 to 59,Major,,South,Bicycle,Going Ahead,,,,,,Motorist turned left across cyclists path.,Driving Properly,Normal,,Yes,,,Yes,,,,,Yes,,,,73,Moss Park,73,Moss Park (73),D51,631178.6808,4835742.4364
12210,80495718,,12/22/2015 10:00:00 AM,1830,DUFFERIN ST,1 AUTUMN AVE,,Major Arterial,North York,43.703574,-79.452411,At Intersection,No Control,Clear,"Dark, artificial",Dry,Non-Fatal Injury,Pedestrian Collisions,Truck Driver,50 to 54,None,,South,Truck (other),Turning Left,Failed to Yield Right of Way,Inattentive,,,,,,,Yes,,,,Yes,,,,,Yes,,,,31,Yorkdale-Glen Park,31,Yorkdale-Glen Park (31),D13,624693.6351,4840113.045
12211,80495719,,12/22/2015 10:00:00 AM,1830,DUFFERIN ST,1 AUTUMN AVE,,Major Arterial,North York,43.703574,-79.452411,At Intersection,No Control,Clear,"Dark, artificial",Dry,Non-Fatal Injury,Pedestrian Collisions,Pedestrian,30 to 34,Major,,South,,,,,Vehicle turns left while ped crosses with ROW at inter.,Crossing with right of way,Normal,,,,Yes,,,,Yes,,,,,Yes,,,,31,Yorkdale-Glen Park,31,Yorkdale-Glen Park (31),D13,624693.6351,4840113.045
12212,80631997,,12/24/2015 10:00:00 AM,845,LAWRENCE AVE E,RAILSIDE RD,,Major Arterial,North York,43.741103,-79.319248,At Intersection,Traffic Signal,Clear,Daylight,Dry,Non-Fatal Injury,Pedestrian Collisions,Driver,55 to 59,None,,South,"Automobile, Station Wagon",Turning Left,Failed to Yield Right of Way,Normal,,,,,,,Yes,,Yes,,,,,,,Yes,,,,43,Victoria Village,43,Victoria Village (43),D33,635338.5345,4844490.0934
12213,80631998,,12/24/2015 10:00:00 AM,845,LAWRENCE AVE E,RAILSIDE RD,,Major Arterial,North York,43.741103,-79.319248,At Intersection,Traffic Signal,Clear,Daylight,Dry,Non-Fatal Injury,Pedestrian Collisions,Pedestrian,60 to 64,Major,,North,,,,,Vehicle turns left while ped crosses with ROW at inter.,Crossing with right of way,Normal,,,,Yes,,Yes,,,,,,,Yes,,,,43,Victoria Village,43,Victoria Village (43),D33,635338.5345,4844490.0934
12214,80631999,,12/25/2015 10:00:00 AM,819,QUEEN ST W,TRINITY DR,1 m East of,Major Arterial,Toronto and East York,43.645293,-79.413158,At Intersection,Traffic Signal,Clear,Daylight,Dry,Non-Fatal Injury,Pedestrian Collisions,Driver,30 to 34,None,,East,Street Car,Going Ahead,Driving Properly,Normal,,,,,,,Yes,,,,,Yes,,,,,,,,162,West Queen West,82,Niagara (82),D14,627980.2192,4833699.943
12215,80632000,,12/25/2015 10:00:00 AM,819,QUEEN ST W,TRINITY DR,1 m East of,Major Arterial,Toronto and East York,43.645293,-79.413158,At Intersection,Traffic Signal,Clear,Daylight,Dry,Non-Fatal Injury,Pedestrian Collisions,Pedestrian,35 to 39,Major,,South,,,,,Pedestrian involved in a collision with transit vehicle anywhere along roadway,Other,Other,,,,Yes,,,,,Yes,,,,,,,,162,West Queen West,82,Niagara (82),D14,627980.2192,4833699.943
12216,80495952,,12/26/2015 10:00:00 AM,1618,1071 QUEEN ST W,,1 m South of,Major Arterial,Toronto and East York,43.643721,-79.4211,Laneway,No Control,Clear,Daylight,Dry,Non-Fatal Injury,Pedestrian Collisions,Driver,35 to 39,None,,West,"Automobile, Station Wagon",Going Ahead,Lost control,Normal,,,,,,,Yes,,Yes,,,,,,,,,,,162,West Queen West,82,Niagara (82),D14,627343.0048,4833513.1356
12217,80495953,,12/26/2015 10:00:00 AM,1618,1071 QUEEN ST W,,1 m South of,Major Arterial,Toronto and East York,43.643721,-79.4211,Laneway,No Control,Clear,Daylight,Dry,Non-Fatal Injury,Pedestrian Collisions,Pedestrian,20 to 24,Major,,Unknown,,,,,Pedestrian hit on sidewalk or shoulder,On Sidewalk or Shoulder,Normal,,,,Yes,,Yes,,,,,,,,,,,162,West Queen West,82,Niagara (82),D14,627343.0048,4833513.1356
12218,80495954,,12/26/2015 10:00:00 AM,1618,1071 QUEEN ST W,,1 m South of,Major Arterial,Toronto and East York,43.643721,-79.4211,Laneway,No Control,Clear,Daylight,Dry,Non-Fatal Injury,Pedestrian Collisions,Pedestrian,25 to 29,Minimal,,Unknown,,,,,Pedestrian hit on sidewalk or shoulder,On Sidewalk or Shoulder,Normal,,,,Yes,,Yes,,,,,,,,,,,162,West Queen West,82,Niagara (82),D14,627343.0048,4833513.1356