OBJECTID,INDEX,ACCNUM,DATE,TIME,STREET1,STREET2,OFFSET,ROAD_CLASS,DISTRICT,LATITUDE,LONGITUDE,ACCLOC,TRAFFCTL,VISIBILITY,LIGHT,RDSFCOND,ACCLASS,IMPACTYPE,INVTYPE,INVAGE,INJURY,FATAL_NO,INITDIR,VEHTYPE,MANOEUVER,DRIVACT,DRIVCOND,PEDTYPE,PEDACT,PEDCOND,CYCLISTYPE,CYCACT,CYCCOND,PEDESTRIAN,CYCLIST,AUTOMOBILE,MOTORCYCLE,TRUCK,TRSN_CITY_VEH,EMERG_VEH,PASSENGER,SPEEDING,AG_DRIV,REDLIGHT,ALCOHOL,DISABILITY,HOOD_158,NEIGHBOURHOOD_158,HOOD_140,NEIGHBOURHOOD_140,DIVISION,x,y
12277,80500798,,1/16/2016 10:00:00 AM,748,STEELES AVE W,ALCIDE ST,70 m East of,Major Arterial,Etobicoke York,43.751265,-79.633502,Non Intersection,No Control,Clear,Daylight,Wet,Non-Fatal Injury,Approaching,Driver,25 to 29,Major,,East,"Automobile, Station Wagon",Going Ahead,Driving Properly,Normal,,,,,,,,,Yes,,,,,,,,,,,1,West Humber-Clairville,1,West Humber-Clairville (1),D23,610015.1794,4845153.3666
12278,80500806,,1/16/2016 10:00:00 AM,1137,BATHURST ST,DUNDAS ST W,57 m North o,Major Arterial,Toronto and East York,43.652915,-79.406276,Non Intersection,No Control,Clear,Daylight,Dry,Non-Fatal Injury,Turning Movement,Driver,35 to 39,Minimal,,North,"Automobile, Station Wagon",Making U Turn,Improper Turn,Inattentive,,,,,,,,,Yes,,,,,Yes,,,,,,81,Trinity-Bellwoods,81,Trinity-Bellwoods (81),D14,628519.0072,4834557.101
12279,80500807,,1/16/2016 10:00:00 AM,1137,BATHURST ST,DUNDAS ST W,57 m North o,Major Arterial,Toronto and East York,43.652915,-79.406276,Non Intersection,No Control,Clear,Daylight,Dry,Non-Fatal Injury,Turning Movement,Driver,35 to 39,None,,North,Pick Up Truck,Going Ahead,Driving Properly,Normal,,,,,,,,,Yes,,,,,Yes,,,,,,81,Trinity-Bellwoods,81,Trinity-Bellwoods (81),D14,628519.0072,4834557.101
12280,80500808,,1/16/2016 10:00:00 AM,1137,BATHURST ST,DUNDAS ST W,57 m North o,Major Arterial,Toronto and East York,43.652915,-79.406276,Non Intersection,No Control,Clear,Daylight,Dry,Non-Fatal Injury,Turning Movement,Passenger,25 to 29,Major,,,,,,,,,,,,,,,Yes,,,,,Yes,,,,,,81,Trinity-Bellwoods,81,Trinity-Bellwoods (81),D14,628519.0072,4834557.101
12281,80500809,,1/16/2016 10:00:00 AM,1137,BATHURST ST,DUNDAS ST W,57 m North o,Major Arterial,Toronto and East York,43.652915,-79.406276,Non Intersection,No Control,Clear,Daylight,Dry,Non-Fatal Injury,Turning Movement,Passenger,20 to 24,Minor,,,,,,,,,,,,,,,Yes,,,,,Yes,,,,,,81,Trinity-Bellwoods,81,Trinity-Bellwoods (81),D14,628519.0072,4834557.101
12282,80500810,,1/16/2016 10:00:00 AM,1137,BATHURST ST,DUNDAS ST W,57 m North o,Major Arterial,Toronto and East York,43.652915,-79.406276,Non Intersection,No Control,Clear,Daylight,Dry,Non-Fatal Injury,Turning Movement,Passenger,5 to 9,None,,,,,,,,,,,,,,,Yes,,,,,Yes,,,,,,81,Trinity-Bellwoods,81,Trinity-Bellwoods (81),D14,628519.0072,4834557.101
12283,80500811,,1/16/2016 10:00:00 AM,1137,BATHURST ST,DUNDAS ST W,57 m North o,Major Arterial,Toronto and East York,43.652915,-79.406276,Non Intersection,No Control,Clear,Daylight,Dry,Non-Fatal Injury,Turning Movement,Passenger,5 to 9,None,,,,,,,,,,,,,,,Yes,,,,,Yes,,,,,,81,Trinity-Bellwoods,81,Trinity-Bellwoods (81),D14,628519.0072,4834557.101
12284,80500818,,1/16/2016 10:00:00 AM,1536,OSSINGTON AVE,DAVENPORT RD,41 m South o,Minor Arterial,Toronto and East York,43.674311,-79.430805,Non Intersection,No Control,Clear,Daylight,Dry,Non-Fatal Injury,Pedestrian Collisions,Driver,50 to 54,None,,South,"Automobile, Station Wagon",Going Ahead,Driving Properly,Normal,,,,,,,Yes,,Yes,,,,,,,,,,,94,Wychwood,94,Wychwood (94),D13,626496.0071,4836895.7121
12285,80500819,,1/16/2016 10:00:00 AM,1536,OSSINGTON AVE,DAVENPORT RD,41 m South o,Minor Arterial,Toronto and East York,43.674311,-79.430805,Non Intersection,No Control,Clear,Daylight,Dry,Non-Fatal Injury,Pedestrian Collisions,Pedestrian,20 to 24,Major,,North,,,,,Pedestrian hit at mid-block,Running onto Roadway,Normal,,,,Yes,,Yes,,,,,,,,,,,94,Wychwood,94,Wychwood (94),D13,626496.0071,4836895.7121
12286,80497127,,1/17/2016 10:00:00 AM,1935,SHEPPARD AVE E,CHICHESTER PL,,Major Arterial,Scarborough,43.775893,-79.320316,At Intersection,No Control,Clear,"Dark, artificial",Dry,Fatal,Pedestrian Collisions,Driver,35 to 39,None,,West,"Automobile, Station Wagon",Going Ahead,Driving Properly,Normal,,,,,,,Yes,,Yes,,,,,,,,,,,118,Tam O'Shanter-Sullivan,118,Tam O'Shanter-Sullivan (118),D42,635174.169,4848352.3079
12287,80497128,,1/17/2016 10:00:00 AM,1935,SHEPPARD AVE E,CHICHESTER PL,,Major Arterial,Scarborough,43.775893,-79.320316,At Intersection,No Control,Clear,"Dark, artificial",Dry,Fatal,Pedestrian Collisions,Pedestrian,75 to 79,Fatal,4,North,,,,,Vehicle is going straight thru inter.while ped cross without ROW,"Crossing, no Traffic Control",Inattentive,,,,Yes,,Yes,,,,,,,,,,,118,Tam O'Shanter-Sullivan,118,Tam O'Shanter-Sullivan (118),D42,635174.169,4848352.3079
12288,80497224,,1/19/2016 10:00:00 AM,1300,COMBE AVE,WILMINGTON AVE,,Minor Arterial,North York,43.759635,-79.4556,At Intersection,Stop Sign,Clear,Daylight,Dry,Non-Fatal Injury,Angle,Driver,20 to 24,Major,,West,"Automobile, Station Wagon",Going Ahead,Exceeding Speed Limit,Inattentive,,,,,,,,,Yes,,Yes,,,,Yes,Yes,,,,34,Bathurst Manor,34,Bathurst Manor (34),D32,624320.6393,4846334.6345
12289,80497225,,1/19/2016 10:00:00 AM,1300,COMBE AVE,WILMINGTON AVE,,Minor Arterial,North York,43.759635,-79.4556,At Intersection,Stop Sign,Clear,Daylight,Dry,Non-Fatal Injury,Angle,Truck Driver,45 to 49,Major,,South,"Truck - Closed (Blazer, etc)",Going Ahead,Driving Properly,Normal,,,,,,,,,Yes,,Yes,,,,Yes,Yes,,,,34,Bathurst Manor,34,Bathurst Manor (34),D32,624320.6393,4846334.6345
12290,80497372,,1/21/2016 10:00:00 AM,1917,FINCH AVE W,WESTON RD,90 m West of,Major Arterial,Etobicoke York,43.751845,-79.543529,Non Intersection,No Control,Clear,"Dark, artificial",Dry,Non-Fatal Injury,Pedestrian Collisions,Driver,65 to 69,None,,East,"Automobile, Station Wagon",Going Ahead,Driving Properly,Normal,,,,,,,Yes,,Yes,,Yes,,,Yes,,,,,,22,Humbermede,22,Humbermede (22),D31,617257.7178,4845341.2111
12291,80497373,,1/21/2016 10:00:00 AM,1917,FINCH AVE W,WESTON RD,90 m West of,Major Arterial,Etobicoke York,43.751845,-79.543529,Non Intersection,No Control,Clear,"Dark, artificial",Dry,Non-Fatal Injury,Pedestrian Collisions,Driver - Not Hit,35 to 39,None,,East,"Truck - Closed (Blazer, etc)",,,,,,,,,,Yes,,Yes,,Yes,,,Yes,,,,,,22,Humbermede,22,Humbermede (22),D31,617257.7178,4845341.2111
12292,80497374,,1/21/2016 10:00:00 AM,1917,FINCH AVE W,WESTON RD,90 m West of,Major Arterial,Etobicoke York,43.751845,-79.543529,Non Intersection,No Control,Clear,"Dark, artificial",Dry,Non-Fatal Injury,Pedestrian Collisions,Passenger,55 to 59,None,,,,,,,,,,,,,Yes,,Yes,,Yes,,,Yes,,,,,,22,Humbermede,22,Humbermede (22),D31,617257.7178,4845341.2111
12293,80497375,,1/21/2016 10:00:00 AM,1917,FINCH AVE W,WESTON RD,90 m West of,Major Arterial,Etobicoke York,43.751845,-79.543529,Non Intersection,No Control,Clear,"Dark, artificial",Dry,Non-Fatal Injury,Pedestrian Collisions,Pedestrian,45 to 49,Major,,Unknown,,,,,Pedestrian hit at mid-block,Other,Inattentive,,,,Yes,,Yes,,Yes,,,Yes,,,,,,22,Humbermede,22,Humbermede (22),D31,617257.7178,4845341.2111
12294,80497416,,1/22/2016 10:00:00 AM,1811,135 TYNDALL AVE,,85 m South o,Local,Toronto and East York,43.637419,-79.428684,At/Near Private Drive,No Control,Clear,"Dark, artificial",Dry,Non-Fatal Injury,Cyclist Collisions,Driver,40 to 44,None,,South,"Automobile, Station Wagon",Turning Left,Improper Turn,Inattentive,,,,,,,,Yes,Yes,,,,,,,,,,,85,South Parkdale,85,South Parkdale (85),D14,626744.5769,4832801.6092
12295,80497417,,1/22/2016 10:00:00 AM,1811,135 TYNDALL AVE,,85 m South o,Local,Toronto and East York,43.637419,-79.428684,At/Near Private Drive,No Control,Clear,"Dark, artificial",Dry,Non-Fatal Injury,Cyclist Collisions,Cyclist,50 to 54,Major,,North,Bicycle,Going Ahead,,,,,,Motorist turned left across cyclists path.,Driving Properly,Normal,,Yes,Yes,,,,,,,,,,,85,South Parkdale,85,South Parkdale (85),D14,626744.5769,4832801.6092
12296,80497446,,1/23/2016 10:00:00 AM,35,BATHURST ST,FORT YORK BLVD,,Major Arterial,Toronto and East York,43.638827,-79.400638,At Intersection,Traffic Signal,Clear,"Dark, artificial",Dry,Non-Fatal Injury,Turning Movement,Driver,45 to 49,Major,,South,"Automobile, Station Wagon",Turning Left,Improper Turn,Inattentive,,,,,,,,,Yes,,,,,Yes,Yes,Yes,,,,165,Harbourfront-CityPlace,77,Waterfront Communities-The Island (77),D14,629003.8171,4833001.1932
12297,80497447,,1/23/2016 10:00:00 AM,35,BATHURST ST,FORT YORK BLVD,,Major Arterial,Toronto and East York,43.638827,-79.400638,At Intersection,Traffic Signal,Clear,"Dark, artificial",Dry,Non-Fatal Injury,Turning Movement,Driver,20 to 24,None,,North,"Automobile, Station Wagon",Going Ahead,Exceeding Speed Limit,Inattentive,,,,,,,,,Yes,,,,,Yes,Yes,Yes,,,,165,Harbourfront-CityPlace,77,Waterfront Communities-The Island (77),D14,629003.8171,4833001.1932
12298,80497448,,1/23/2016 10:00:00 AM,35,BATHURST ST,FORT YORK BLVD,,Major Arterial,Toronto and East York,43.638827,-79.400638,At Intersection,Traffic Signal,Clear,"Dark, artificial",Dry,Non-Fatal Injury,Turning Movement,Driver,20 to 24,None,,South,"Automobile, Station Wagon",Slowing or Stopping,Driving Properly,Normal,,,,,,,,,Yes,,,,,Yes,Yes,Yes,,,,165,Harbourfront-CityPlace,77,Waterfront Communities-The Island (77),D14,629003.8171,4833001.1932
12299,80497449,,1/23/2016 10:00:00 AM,35,BATHURST ST,FORT YORK BLVD,,Major Arterial,Toronto and East York,43.638827,-79.400638,At Intersection,Traffic Signal,Clear,"Dark, artificial",Dry,Non-Fatal Injury,Turning Movement,Driver,25 to 29,None,,South,"Automobile, Station Wagon",Slowing or Stopping,Driving Properly,Normal,,,,,,,,,Yes,,,,,Yes,Yes,Yes,,,,165,Harbourfront-CityPlace,77,Waterfront Communities-The Island (77),D14,629003.8171,4833001.1932
12300,80497450,,1/23/2016 10:00:00 AM,35,BATHURST ST,FORT YORK BLVD,,Major Arterial,Toronto and East York,43.638827,-79.400638,At Intersection,Traffic Signal,Clear,"Dark, artificial",Dry,Non-Fatal Injury,Turning Movement,Driver,35 to 39,None,,North,"Automobile, Station Wagon",Going Ahead,Driving Properly,Unknown,,,,,,,,,Yes,,,,,Yes,Yes,Yes,,,,165,Harbourfront-CityPlace,77,Waterfront Communities-The Island (77),D14,629003.8171,4833001.1932
12301,80497451,,1/23/2016 10:00:00 AM,35,BATHURST ST,FORT YORK BLVD,,Major Arterial,Toronto and East York,43.638827,-79.400638,At Intersection,Traffic Signal,Clear,"Dark, artificial",Dry,Non-Fatal Injury,Turning Movement,Driver,40 to 44,None,,South,"Automobile, Station Wagon",Slowing or Stopping,Driving Properly,Unknown,,,,,,,,,Yes,,,,,Yes,Yes,Yes,,,,165,Harbourfront-CityPlace,77,Waterfront Communities-The Island (77),D14,629003.8171,4833001.1932
12302,80497452,,1/23/2016 10:00:00 AM,35,BATHURST ST,FORT YORK BLVD,,Major Arterial,Toronto and East York,43.638827,-79.400638,At Intersection,Traffic Signal,Clear,"Dark, artificial",Dry,Non-Fatal Injury,Turning Movement,Passenger,20 to 24,Minimal,,,,,,,,,,,,,,,Yes,,,,,Yes,Yes,Yes,,,,165,Harbourfront-CityPlace,77,Waterfront Communities-The Island (77),D14,629003.8171,4833001.1932
12303,80497453,,1/23/2016 10:00:00 AM,35,BATHURST ST,FORT YORK BLVD,,Major Arterial,Toronto and East York,43.638827,-79.400638,At Intersection,Traffic Signal,Clear,"Dark, artificial",Dry,Non-Fatal Injury,Turning Movement,Passenger,15 to 19,Minimal,,,,,,,,,,,,,,,Yes,,,,,Yes,Yes,Yes,,,,165,Harbourfront-CityPlace,77,Waterfront Communities-The Island (77),D14,629003.8171,4833001.1932
12304,80497454,,1/23/2016 10:00:00 AM,35,BATHURST ST,FORT YORK BLVD,,Major Arterial,Toronto and East York,43.638827,-79.400638,At Intersection,Traffic Signal,Clear,"Dark, artificial",Dry,Non-Fatal Injury,Turning Movement,Passenger,15 to 19,Minimal,,,,,,,,,,,,,,,Yes,,,,,Yes,Yes,Yes,,,,165,Harbourfront-CityPlace,77,Waterfront Communities-The Island (77),D14,629003.8171,4833001.1932
12305,80497455,,1/23/2016 10:00:00 AM,35,BATHURST ST,FORT YORK BLVD,,Major Arterial,Toronto and East York,43.638827,-79.400638,At Intersection,Traffic Signal,Clear,"Dark, artificial",Dry,Non-Fatal Injury,Turning Movement,Passenger,20 to 24,Minimal,,,,,,,,,,,,,,,Yes,,,,,Yes,Yes,Yes,,,,165,Harbourfront-CityPlace,77,Waterfront Communities-The Island (77),D14,629003.8171,4833001.1932
12306,80497456,,1/23/2016 10:00:00 AM,35,BATHURST ST,FORT YORK BLVD,,Major Arterial,Toronto and East York,43.638827,-79.400638,At Intersection,Traffic Signal,Clear,"Dark, artificial",Dry,Non-Fatal Injury,Turning Movement,Passenger,20 to 24,Minimal,,,,,,,,,,,,,,,Yes,,,,,Yes,Yes,Yes,,,,165,Harbourfront-CityPlace,77,Waterfront Communities-The Island (77),D14,629003.8171,4833001.1932
12307,80497457,,1/23/2016 10:00:00 AM,35,BATHURST ST,FORT YORK BLVD,,Major Arterial,Toronto and East York,43.638827,-79.400638,At Intersection,Traffic Signal,Clear,"Dark, artificial",Dry,Non-Fatal Injury,Turning Movement,Passenger,20 to 24,None,,,,,,,,,,,,,,,Yes,,,,,Yes,Yes,Yes,,,,165,Harbourfront-CityPlace,77,Waterfront Communities-The Island (77),D14,629003.8171,4833001.1932
12308,80497569,,1/23/2016 10:00:00 AM,2010,THE QUEENSWAY,NORTH QUEEN ST,,Major Arterial,Etobicoke York,43.614146,-79.55611,At Intersection,Traffic Signal,Clear,"Dark, artificial",Dry,Non-Fatal Injury,Cyclist Collisions,Driver,50 to 54,None,,East,"Automobile, Station Wagon",Turning Left,Failed to Yield Right of Way,Unknown,,,,,,,,Yes,Yes,,,,,,,Yes,,,,159,Etobicoke City Centre,14,Islington-City Centre West (14),D22,616511.0785,4830030.1772
12309,80497570,,1/23/2016 10:00:00 AM,2010,THE QUEENSWAY,NORTH QUEEN ST,,Major Arterial,Etobicoke York,43.614146,-79.55611,At Intersection,Traffic Signal,Clear,"Dark, artificial",Dry,Non-Fatal Injury,Cyclist Collisions,Cyclist,20 to 24,Major,,West,Bicycle,Going Ahead,,,,,,Motorist turned left across cyclists path.,Other,Unknown,,Yes,Yes,,,,,,,Yes,,,,159,Etobicoke City Centre,14,Islington-City Centre West (14),D22,616511.0785,4830030.1772
12310,80497536,,1/24/2016 10:00:00 AM,521,LAKE SHORE BLVD W,BRITISH COLUMBIA RD,245 m East o,Major Arterial,Toronto and East York,43.630366,-79.4267,Non Intersection,No Control,Clear,"Dark, artificial",Dry,Non-Fatal Injury,SMV Other,Driver,25 to 29,Major,,East,"Automobile, Station Wagon",Going Ahead,Exceeding Speed Limit,Inattentive,,,,,,,,,Yes,,,,,,Yes,Yes,,,,163,Fort York-Liberty Village,82,Niagara (82),D14,626919.457,4832021.3154
12311,80497574,,1/24/2016 10:00:00 AM,2141,EGLINTON AVE E,MASON RD,,Major Arterial,Scarborough,43.741782,-79.225154,At Intersection,Traffic Signal,Clear,"Dark, artificial",Dry,Non-Fatal Injury,Pedestrian Collisions,Driver,65 to 69,None,,West,"Automobile, Station Wagon",Going Ahead,Driving Properly,Normal,,,,,,,Yes,,Yes,,,,,,,,,,,139,Scarborough Village,139,Scarborough Village (139),D43,642913.7035,4844723.5286
12312,80497575,,1/24/2016 10:00:00 AM,2141,EGLINTON AVE E,MASON RD,,Major Arterial,Scarborough,43.741782,-79.225154,At Intersection,Traffic Signal,Clear,"Dark, artificial",Dry,Non-Fatal Injury,Pedestrian Collisions,Pedestrian,35 to 39,Major,,Unknown,,,,,Vehicle is going straight thru inter.while ped cross without ROW,Crossing without right of way,Inattentive,,,,Yes,,Yes,,,,,,,,,,,139,Scarborough Village,139,Scarborough Village (139),D43,642913.7035,4844723.5286
12313,80497589,,1/25/2016 10:00:00 AM,1445,50 MERTON ST,,2 m North of,Collector,Toronto and East York,43.696337,-79.395129,Non Intersection,No Control,Clear,Daylight,Dry,Non-Fatal Injury,Approaching,Driver,85 to 89,Major,,East,"Automobile, Station Wagon",Going Ahead,Lost control,Medical or Physical Disability,,,,,,,,,Yes,,,,,,,,,,Yes,174,South Eglinton-Davisville,104,Mount Pleasant West (104),D53,629324.6111,4839397.0257
12314,80497590,,1/25/2016 10:00:00 AM,1445,50 MERTON ST,,2 m North of,Collector,Toronto and East York,43.696337,-79.395129,Non Intersection,No Control,Clear,Daylight,Dry,Non-Fatal Injury,Approaching,Driver,70 to 74,None,,West,"Automobile, Station Wagon",Going Ahead,Driving Properly,Normal,,,,,,,,,Yes,,,,,,,,,,Yes,174,South Eglinton-Davisville,104,Mount Pleasant West (104),D53,629324.6111,4839397.0257
12315,80632132,,1/25/2016 10:00:00 AM,1915,OVERLEA BLVD,WILLIAM MORGAN DR,,Major Arterial,North York,43.707946,-79.34135,At Intersection,Traffic Signal,Clear,"Dark, artificial",Dry,Non-Fatal Injury,Pedestrian Collisions,Driver,40 to 44,None,,South,Passenger Van,Turning Left,Failed to Yield Right of Way,Inattentive,,,,,,,Yes,,Yes,,,,,,,Yes,,,,55,Thorncliffe Park,55,Thorncliffe Park (55),D53,633632.511,4840771.6568
12316,80632133,,1/25/2016 10:00:00 AM,1915,OVERLEA BLVD,WILLIAM MORGAN DR,,Major Arterial,North York,43.707946,-79.34135,At Intersection,Traffic Signal,Clear,"Dark, artificial",Dry,Non-Fatal Injury,Pedestrian Collisions,Pedestrian,70 to 74,Major,,North,,,,,Vehicle turns left while ped crosses with ROW at inter.,Crossing with right of way,Normal,,,,Yes,,Yes,,,,,,,Yes,,,,55,Thorncliffe Park,55,Thorncliffe Park (55),D53,633632.511,4840771.6568
12317,80485259,,1/28/2016 10:00:00 AM,925,DUNDAS ST W,POPLAR AVE,,Major Arterial,Etobicoke York,43.636099,-79.540073,At Intersection,Traffic Signal,Clear,Daylight,Dry,Fatal,Pedestrian Collisions,Pedestrian,45 to 49,Fatal,10,South,,,,,Pedestrian involved in a collision with transit vehicle anywhere along roadway,Crossing with right of way,Normal,,,,Yes,,,,,Yes,,,,Yes,,,,159,Etobicoke City Centre,14,Islington-City Centre West (14),D22,617762.2827,4832490.952
12318,80485312,,1/28/2016 10:00:00 AM,925,DUNDAS ST W,POPLAR AVE,,Major Arterial,Etobicoke York,43.636099,-79.540073,At Intersection,Traffic Signal,Clear,Daylight,Dry,Fatal,Pedestrian Collisions,Driver,30 to 34,None,,North,"Bus (Other) (Go Bus, Gray Coa",Turning Left,Failed to Yield Right of Way,Normal,,,,,,,Yes,,,,,Yes,,,,Yes,,,,159,Etobicoke City Centre,14,Islington-City Centre West (14),D22,617762.2827,4832490.952
12319,80497762,,1/28/2016 10:00:00 AM,2130,48MILLDOCK,,172 m East o,Local,Scarborough,43.790312,-79.125896,Non Intersection,No Control,Snow,"Dark, artificial",Wet,Non-Fatal Injury,Pedestrian Collisions,Other,unknown,None,,Unknown,,Unknown,,,,,,,,,Yes,,,,,,,,,,,,,143,West Rouge,131,Rouge (131),D43,650784.2446,4850289.5832
12320,80497763,,1/28/2016 10:00:00 AM,2130,48MILLDOCK,,172 m East o,Local,Scarborough,43.790312,-79.125896,Non Intersection,No Control,Snow,"Dark, artificial",Wet,Non-Fatal Injury,Pedestrian Collisions,Pedestrian,55 to 59,Major,,Unknown,,,,,Other / Undefined,Other,Had Been Drinking,,,,Yes,,,,,,,,,,,,,143,West Rouge,131,Rouge (131),D43,650784.2446,4850289.5832
12321,80632232,,1/29/2016 10:00:00 AM,1225,3434 LAWRENCE AVE E,,,Major Arterial,Scarborough,43.758658,-79.230434,At Intersection,Traffic Signal,Clear,Daylight,Dry,Non-Fatal Injury,Sideswipe,Driver,45 to 49,None,,West,"Automobile, Station Wagon",Changing Lanes,Improper Lane Change,Inattentive,,,,,,,,,Yes,Yes,,,,,,,,,,141,Golfdale-Cedarbrae-Woburn,137,Woburn (137),D43,642448.4998,4846588.7712
12322,80632233,,1/29/2016 10:00:00 AM,1225,3434 LAWRENCE AVE E,,,Major Arterial,Scarborough,43.758658,-79.230434,At Intersection,Traffic Signal,Clear,Daylight,Dry,Non-Fatal Injury,Sideswipe,Motorcycle Driver,55 to 59,Major,,West,Motorcycle,Going Ahead,Driving Properly,Normal,,,,,,,,,Yes,Yes,,,,,,,,,,141,Golfdale-Cedarbrae-Woburn,137,Woburn (137),D43,642448.4998,4846588.7712
12323,80485305,,1/30/2016 10:00:00 AM,1753,DUFFERIN ST,ARMSTRONG AVE,,Major Arterial,Toronto and East York,43.664706,-79.437427,,No Control,Clear,"Dark, artificial",Dry,Fatal,Pedestrian Collisions,Driver,35 to 39,None,,North,"Automobile, Station Wagon",Going Ahead,Driving Properly,Normal,,,,,,,Yes,,Yes,,,,,,,,,,,172,Dovercourt Village,93,Dovercourt-Wallace Emerson-Junction (93),D14,625982.2826,4835818.8718
12324,80485306,,1/30/2016 10:00:00 AM,1753,DUFFERIN ST,ARMSTRONG AVE,,Major Arterial,Toronto and East York,43.664706,-79.437427,,No Control,Clear,"Dark, artificial",Dry,Fatal,Pedestrian Collisions,Pedestrian,90 to 94,Fatal,7,West,,,,,Vehicle is going straight thru inter.while ped cross without ROW,"Crossing, no Traffic Control",Inattentive,,,,Yes,,Yes,,,,,,,,,,,172,Dovercourt Village,93,Dovercourt-Wallace Emerson-Junction (93),D14,625982.2826,4835818.8718
12325,80485307,,1/31/2016 10:00:00 AM,230,DERRYDOWN RD,ROMFIELD DR,,Local,Etobicoke York,43.760321,-79.493961,,Stop Sign,Clear,"Dark, artificial",Wet,Fatal,SMV Other,Driver,50 to 54,Minor,,North,"Automobile, Station Wagon",Going Ahead,Lost control,"Ability Impaired, Alcohol",,,,,,,,,Yes,,,,,Yes,,,,Yes,,27,York University Heights,27,York University Heights (27),D31,621231.257,4846353.9573
12326,80485308,,1/31/2016 10:00:00 AM,230,DERRYDOWN RD,ROMFIELD DR,,Local,Etobicoke York,43.760321,-79.493961,,Stop Sign,Clear,"Dark, artificial",Wet,Fatal,SMV Other,Passenger,55 to 59,Minor,,,,,,,,,,,,,,,Yes,,,,,Yes,,,,Yes,,27,York University Heights,27,York University Heights (27),D31,621231.257,4846353.9573
12327,80485309,,1/31/2016 10:00:00 AM,230,DERRYDOWN RD,ROMFIELD DR,,Local,Etobicoke York,43.760321,-79.493961,,Stop Sign,Clear,"Dark, artificial",Wet,Fatal,SMV Other,Passenger,45 to 49,Fatal,8,,,,,,,,,,,,,,Yes,,,,,Yes,,,,Yes,,27,York University Heights,27,York University Heights (27),D31,621231.257,4846353.9573
12328,80498044,,2/1/2016 10:00:00 AM,320,KENNEDY RD,NORCAP AVE,16 m North o,Major Arterial,Scarborough,43.797198,-79.294345,Non Intersection,No Control,Clear,"Dark, artificial",Wet,Non-Fatal Injury,Approaching,Driver,30 to 34,Major,,North,"Automobile, Station Wagon",Going Ahead,Lost control,Inattentive,,,,,,,,,Yes,,,,,,,,,,,148,East L'Amoreaux,117,L'Amoreaux (117),D42,637215.4742,4850761.295
12329,80498045,,2/1/2016 10:00:00 AM,320,KENNEDY RD,NORCAP AVE,16 m North o,Major Arterial,Scarborough,43.797198,-79.294345,Non Intersection,No Control,Clear,"Dark, artificial",Wet,Non-Fatal Injury,Approaching,Driver,65 to 69,Minimal,,South,Delivery Van,Slowing or Stopping,Driving Properly,Normal,,,,,,,,,Yes,,,,,,,,,,,148,East L'Amoreaux,117,L'Amoreaux (117),D42,637215.4742,4850761.295
12330,80485310,,2/1/2016 10:00:00 AM,1033,BIRMINGHAM ST,TWENTY FIRST ST,,Collector,Etobicoke York,43.599963,-79.521175,,Pedestrian Crossover,Clear,Daylight,Dry,Fatal,Sideswipe,Driver,85 to 89,Fatal,9,West,"Automobile, Station Wagon",Going Ahead,Lost control,Unknown,,,,,,,,,Yes,,,,,,Yes,Yes,,,,18,New Toronto,18,New Toronto (18),D22,619358.1414,4828504.5928
12331,80485311,,2/1/2016 10:00:00 AM,1033,BIRMINGHAM ST,TWENTY FIRST ST,,Collector,Etobicoke York,43.599963,-79.521175,,Pedestrian Crossover,Clear,Daylight,Dry,Fatal,Sideswipe,Driver,30 to 34,Minimal,,West,"Automobile, Station Wagon",Going Ahead,Driving Properly,Normal,,,,,,,,,Yes,,,,,,Yes,Yes,,,,18,New Toronto,18,New Toronto (18),D22,619358.1414,4828504.5928
12332,80632307,,2/2/2016 10:00:00 AM,1616,JANE ST,GRANDRAVINE DR,,Major Arterial,Etobicoke York,43.747023,-79.515086,At Intersection,Traffic Signal,Clear,Daylight,Dry,Non-Fatal Injury,Pedestrian Collisions,Driver,40 to 44,None,,West,Pick Up Truck,Turning Left,Failed to Yield Right of Way,Inattentive,,,,,,,Yes,,Yes,,,,,,,Yes,,,,25,Glenfield-Jane Heights,25,Glenfield-Jane Heights (25),D31,619557.2269,4844846.314
12333,80632308,,2/2/2016 10:00:00 AM,1616,JANE ST,GRANDRAVINE DR,,Major Arterial,Etobicoke York,43.747023,-79.515086,At Intersection,Traffic Signal,Clear,Daylight,Dry,Non-Fatal Injury,Pedestrian Collisions,Pedestrian,55 to 59,Major,,East,,,,,Vehicle turns left while ped crosses with ROW at inter.,Crossing with right of way,Normal,,,,Yes,,Yes,,,,,,,Yes,,,,25,Glenfield-Jane Heights,25,Glenfield-Jane Heights (25),D31,619557.2269,4844846.314
12334,80498271,,2/6/2016 10:00:00 AM,233,163 WINCOTT DR,,39 m South o,Collector,Etobicoke York,43.68616,-79.549037,Non Intersection,No Control,Clear,"Dark, artificial",Dry,Non-Fatal Injury,SMV Other,Driver,30 to 34,Major,,North,Passenger Van,Going Ahead,Lost control,Normal,,,,,,,,,Yes,,,,,Yes,Yes,Yes,,,,7,Willowridge-Martingrove-Richview,7,Willowridge-Martingrove-Richview (7),D23,616941.9848,4838038.1936