OBJECTID,INDEX,ACCNUM,DATE,TIME,STREET1,STREET2,OFFSET,ROAD_CLASS,DISTRICT,LATITUDE,LONGITUDE,ACCLOC,TRAFFCTL,VISIBILITY,LIGHT,RDSFCOND,ACCLASS,IMPACTYPE,INVTYPE,INVAGE,INJURY,FATAL_NO,INITDIR,VEHTYPE,MANOEUVER,DRIVACT,DRIVCOND,PEDTYPE,PEDACT,PEDCOND,CYCLISTYPE,CYCACT,CYCCOND,PEDESTRIAN,CYCLIST,AUTOMOBILE,MOTORCYCLE,TRUCK,TRSN_CITY_VEH,EMERG_VEH,PASSENGER,SPEEDING,AG_DRIV,REDLIGHT,ALCOHOL,DISABILITY,HOOD_158,NEIGHBOURHOOD_158,HOOD_140,NEIGHBOURHOOD_140,DIVISION,x,y
12335,80498272,,2/6/2016 10:00:00 AM,233,163 WINCOTT DR,,39 m South o,Collector,Etobicoke York,43.68616,-79.549037,Non Intersection,No Control,Clear,"Dark, artificial",Dry,Non-Fatal Injury,SMV Other,Passenger,35 to 39,Major,,,,,,,,,,,,,,,Yes,,,,,Yes,Yes,Yes,,,,7,Willowridge-Martingrove-Richview,7,Willowridge-Martingrove-Richview (7),D23,616941.9848,4838038.1936
12336,80498278,,2/6/2016 10:00:00 AM,500,DUNDAS ST W,ANNETTE ST,13 m North o,Minor Arterial,Toronto and East York,43.663989,-79.458019,At/Near Private Drive,No Control,Clear,"Dawn, artificial",Dry,Non-Fatal Injury,SMV Other,Driver,25 to 29,Major,,North,"Automobile, Station Wagon",Going Ahead,Lost control,Unknown,,,,,,,,,Yes,,,,,,,,,,,90,Junction Area,90,Junction Area (90),D11,624323.5194,4835708.1761
12337,80485351,,2/10/2016 10:00:00 AM,954,WEDGEWOOD DR,TOBRUK CRES,,Local,North York,43.789603,-79.413997,,Stop Sign,Clear,Daylight,Wet,Fatal,Pedestrian Collisions,Driver,45 to 49,Minimal,,East,"Automobile, Station Wagon",Going Ahead,Lost control,Inattentive,,,,,,,Yes,,Yes,,,,,,,Yes,,,,50,Newtonbrook East,50,Newtonbrook East (50),D32,627605.8583,4849726.3298
12338,80485352,,2/10/2016 10:00:00 AM,954,WEDGEWOOD DR,TOBRUK CRES,,Local,North York,43.789603,-79.413997,,Stop Sign,Clear,Daylight,Wet,Fatal,Pedestrian Collisions,Pedestrian,80 to 84,Fatal,12,West,,,,,Pedestrian hit on sidewalk or shoulder,On Sidewalk or Shoulder,Normal,,,,Yes,,Yes,,,,,,,Yes,,,,50,Newtonbrook East,50,Newtonbrook East (50),D32,627605.8583,4849726.3298
12339,80498705,,2/13/2016 10:00:00 AM,1018,FINCH AVE W,TOBERMORY DR,450 m East o,Major Arterial,Etobicoke York,43.760237,-79.503604,Non Intersection,No Control,Clear,Daylight,Dry,Fatal,Pedestrian Collisions,Driver,75 to 79,None,,West,"Automobile, Station Wagon",Going Ahead,Driving Properly,Normal,,,,,,,Yes,,Yes,,,,,Yes,,,,,,27,York University Heights,27,York University Heights (27),D31,620455.1893,4846330.5577
12340,80498706,,2/13/2016 10:00:00 AM,1018,FINCH AVE W,TOBERMORY DR,450 m East o,Major Arterial,Etobicoke York,43.760237,-79.503604,Non Intersection,No Control,Clear,Daylight,Dry,Fatal,Pedestrian Collisions,Pedestrian,70 to 74,Fatal,11,South,,,,,Vehicle is going straight thru inter.while ped cross without ROW,Running onto Roadway,Inattentive,,,,Yes,,Yes,,,,,Yes,,,,,,27,York University Heights,27,York University Heights (27),D31,620455.1893,4846330.5577
12341,80498707,,2/13/2016 10:00:00 AM,1018,FINCH AVE W,TOBERMORY DR,450 m East o,Major Arterial,Etobicoke York,43.760237,-79.503604,Non Intersection,No Control,Clear,Daylight,Dry,Fatal,Pedestrian Collisions,Passenger,60 to 64,None,,,,,,,,,,,,,Yes,,Yes,,,,,Yes,,,,,,27,York University Heights,27,York University Heights (27),D31,620455.1893,4846330.5577
12342,80498708,,2/13/2016 10:00:00 AM,1018,FINCH AVE W,TOBERMORY DR,450 m East o,Major Arterial,Etobicoke York,43.760237,-79.503604,Non Intersection,No Control,Clear,Daylight,Dry,Fatal,Pedestrian Collisions,Passenger,45 to 49,None,,,,,,,,,,,,,Yes,,Yes,,,,,Yes,,,,,,27,York University Heights,27,York University Heights (27),D31,620455.1893,4846330.5577
12343,80501739,,2/18/2016 10:00:00 AM,1315,DAWES RD,SECORD AVE,,Minor Arterial,Toronto and East York,43.69353,-79.297221,At Intersection,Traffic Signal,Clear,Daylight,Dry,Fatal,Pedestrian Collisions,Driver,30 to 34,None,,South,Delivery Van,Turning Right,Failed to Yield Right of Way,Inattentive,,,,,,,Yes,,Yes,,,,,,,Yes,,,,61,Taylor-Massey,61,Taylor-Massey (61),D55,637220.7784,4839242.6405
12344,80501740,,2/18/2016 10:00:00 AM,1315,DAWES RD,SECORD AVE,,Minor Arterial,Toronto and East York,43.69353,-79.297221,At Intersection,Traffic Signal,Clear,Daylight,Dry,Fatal,Pedestrian Collisions,Pedestrian,70 to 74,Fatal,13,North,,,,,Vehicle turns right while ped crosses with ROW at inter.,Crossing with right of way,Normal,,,,Yes,,Yes,,,,,,,Yes,,,,61,Taylor-Massey,61,Taylor-Massey (61),D55,637220.7784,4839242.6405
12345,80498960,,2/18/2016 10:00:00 AM,2230,MACDONELL AVE,LN n QUEEEN E FULLER,1 m South of,Local,Toronto and East York,43.640776,-79.438091,At Intersection,No Control,Clear,Dark,Dry,Fatal,Pedestrian Collisions,Driver,30 to 34,None,,North,Municipal Transit Bus (TTC),Slowing or Stopping,Driving Properly,Normal,,,,,,,Yes,,,,,Yes,,,,,,,,86,Roncesvalles,86,Roncesvalles (86),D11,625978.7716,4833160.1258
12346,80498961,,2/18/2016 10:00:00 AM,2230,MACDONELL AVE,LN n QUEEEN E FULLER,1 m South of,Local,Toronto and East York,43.640776,-79.438091,At Intersection,No Control,Clear,Dark,Dry,Fatal,Pedestrian Collisions,Pedestrian,70 to 74,Fatal,15,West,,,,,Vehicle is going straight thru inter.while ped cross without ROW,Crossing without right of way,Inattentive,,,,Yes,,,,,Yes,,,,,,,,86,Roncesvalles,86,Roncesvalles (86),D11,625978.7716,4833160.1258
12347,80499093,,2/20/2016 10:00:00 AM,1717,CONFEDERATION DR,STEVENWOOD RD,,Collector,Scarborough,43.755355,-79.221088,At Intersection,No Control,Clear,Daylight,Dry,Non-Fatal Injury,Cyclist Collisions,Driver,35 to 39,None,,West,"Automobile, Station Wagon",Turning Left,Improper Turn,Normal,,,,,,,,Yes,Yes,,,,,,,,,,,141,Golfdale-Cedarbrae-Woburn,137,Woburn (137),D43,643208.7336,4846238.0404
12348,80499094,,2/20/2016 10:00:00 AM,1717,CONFEDERATION DR,STEVENWOOD RD,,Collector,Scarborough,43.755355,-79.221088,At Intersection,No Control,Clear,Daylight,Dry,Non-Fatal Injury,Cyclist Collisions,Cyclist,35 to 39,Major,,East,Bicycle,Going Ahead,,,,,,Motorist turned left across cyclists path.,Driving Properly,Normal,,Yes,Yes,,,,,,,,,,,141,Golfdale-Cedarbrae-Woburn,137,Woburn (137),D43,643208.7336,4846238.0404
12349,80499148,,2/21/2016 10:00:00 AM,147,THE QUEENSWAY K,KIPLING AVE,81 m West of,Major Arterial,Etobicoke York,43.620642,-79.527904,At/Near Private Drive,No Control,Clear,"Dark, artificial",Dry,Non-Fatal Injury,Pedestrian Collisions,Driver,25 to 29,None,,West,"Automobile, Station Wagon",Going Ahead,Lost control,"Ability Impaired, Alcohol",,,,,,,Yes,,Yes,,,,,,,,,Yes,,159,Etobicoke City Centre,14,Islington-City Centre West (14),D22,618774.3198,4830791.597
12350,80499149,,2/21/2016 10:00:00 AM,147,THE QUEENSWAY K,KIPLING AVE,81 m West of,Major Arterial,Etobicoke York,43.620642,-79.527904,At/Near Private Drive,No Control,Clear,"Dark, artificial",Dry,Non-Fatal Injury,Pedestrian Collisions,Pedestrian,20 to 24,Major,,Unknown,,,,,Pedestrian hit on sidewalk or shoulder,On Sidewalk or Shoulder,Normal,,,,Yes,,Yes,,,,,,,,,Yes,,159,Etobicoke City Centre,14,Islington-City Centre West (14),D22,618774.3198,4830791.597
12351,80499150,,2/21/2016 10:00:00 AM,147,THE QUEENSWAY K,KIPLING AVE,81 m West of,Major Arterial,Etobicoke York,43.620642,-79.527904,At/Near Private Drive,No Control,Clear,"Dark, artificial",Dry,Non-Fatal Injury,Pedestrian Collisions,Pedestrian,25 to 29,Major,,Unknown,,,,,Pedestrian hit on sidewalk or shoulder,On Sidewalk or Shoulder,Normal,,,,Yes,,Yes,,,,,,,,,Yes,,159,Etobicoke City Centre,14,Islington-City Centre West (14),D22,618774.3198,4830791.597
12352,80499195,,2/21/2016 10:00:00 AM,1730,1330 MARTIN GROVE RD,,11 m West of,Major Arterial,Etobicoke York,43.710601,-79.579601,At/Near Private Drive,No Control,Clear,Daylight,Dry,Non-Fatal Injury,Pedestrian Collisions,Truck Driver,50 to 54,None,,East,"Truck - Closed (Blazer, etc)",Reversing,Other,Normal,,,,,,,Yes,,,,Yes,,,,,,,,,1,West Humber-Clairville,1,West Humber-Clairville (1),D23,614432.1266,4840710.0536
12353,80499196,,2/21/2016 10:00:00 AM,1730,1330 MARTIN GROVE RD,,11 m West of,Major Arterial,Etobicoke York,43.710601,-79.579601,At/Near Private Drive,No Control,Clear,Daylight,Dry,Non-Fatal Injury,Pedestrian Collisions,Pedestrian,30 to 34,Major,,Unknown,,,,,Pedestrian hit at private driveway,Other,Normal,,,,Yes,,,,Yes,,,,,,,,,1,West Humber-Clairville,1,West Humber-Clairville (1),D23,614432.1266,4840710.0536
12354,80499268,,2/23/2016 10:00:00 AM,2146,OSSINGTON AVE,COLLEGE ST,67 m South o,Minor Arterial,Toronto and East York,43.653796,-79.422458,Non Intersection,No Control,Clear,"Dark, artificial",Dry,Non-Fatal Injury,Pedestrian Collisions,Driver,35 to 39,Minor,,South,"Automobile, Station Wagon",Going Ahead,Lost control,Inattentive,,,,,,,Yes,,Yes,,,,,,Yes,Yes,,,,81,Trinity-Bellwoods,81,Trinity-Bellwoods (81),D14,627212.2063,4834630.0124
12355,80499269,,2/23/2016 10:00:00 AM,2146,OSSINGTON AVE,COLLEGE ST,67 m South o,Minor Arterial,Toronto and East York,43.653796,-79.422458,Non Intersection,No Control,Clear,"Dark, artificial",Dry,Non-Fatal Injury,Pedestrian Collisions,Pedestrian,45 to 49,Major,,Unknown,,,,,Pedestrian hit at mid-block,Other,Normal,,,,Yes,,Yes,,,,,,Yes,Yes,,,,81,Trinity-Bellwoods,81,Trinity-Bellwoods (81),D14,627212.2063,4834630.0124
12356,80499344,,2/25/2016 10:00:00 AM,912,FINCH AVE E,DON MILLS RD,,Major Arterial,North York,43.79259,-79.354694,At Intersection,Traffic Signal,Freezing Rain,Daylight,Wet,Non-Fatal Injury,Pedestrian Collisions,Driver,unknown,None,,East,"Automobile, Station Wagon",Turning Right,Failed to Yield Right of Way,Unknown,,,,,,,Yes,,Yes,,,,,,,Yes,,,,47,Don Valley Village,47,Don Valley Village (47),D33,632370.6808,4850151.2158
12357,80499345,,2/25/2016 10:00:00 AM,912,FINCH AVE E,DON MILLS RD,,Major Arterial,North York,43.79259,-79.354694,At Intersection,Traffic Signal,Freezing Rain,Daylight,Wet,Non-Fatal Injury,Pedestrian Collisions,Pedestrian,55 to 59,Major,,West,,,,,Vehicle turns right while ped crosses with ROW at inter.,Crossing with right of way,Normal,,,,Yes,,Yes,,,,,,,Yes,,,,47,Don Valley Village,47,Don Valley Village (47),D33,632370.6808,4850151.2158
12358,80632424,,2/25/2016 10:00:00 AM,1625,AVIEMORE DR,GRAMPIAN CRES,99 m South o,Local,Etobicoke York,43.750346,-79.570171,Non Intersection,No Control,Clear,Daylight,Dry,Non-Fatal Injury,Pedestrian Collisions,Driver,75 to 79,None,,North,"Automobile, Station Wagon",Going Ahead,Improper Passing,Inattentive,,,,,,,Yes,,Yes,,,,,,,Yes,,,,21,Humber Summit,21,Humber Summit (21),D31,615115.6798,4845137.357
12359,80632425,,2/25/2016 10:00:00 AM,1625,AVIEMORE DR,GRAMPIAN CRES,99 m South o,Local,Etobicoke York,43.750346,-79.570171,Non Intersection,No Control,Clear,Daylight,Dry,Non-Fatal Injury,Pedestrian Collisions,Pedestrian,35 to 39,Major,,East,,,,,Pedestrian hit at mid-block,Other,Normal,,,,Yes,,Yes,,,,,,,Yes,,,,21,Humber Summit,21,Humber Summit (21),D31,615115.6798,4845137.357
12360,80632426,,2/28/2016 10:00:00 AM,2240,LAWRENCE AVE E,CARNFORTH RD,,Major Arterial,North York,43.741427,-79.314204,At Intersection,Traffic Signal,Rain,"Dark, artificial",Wet,Non-Fatal Injury,Turning Movement,Driver,20 to 24,None,,West,"Automobile, Station Wagon",Going Ahead,Exceeding Speed Limit,Fatigue,,,,,,,,,Yes,,,,,Yes,Yes,Yes,,,,43,Victoria Village,43,Victoria Village (43),D33,635743.9627,4844534.3309
12361,80632427,,2/28/2016 10:00:00 AM,2240,LAWRENCE AVE E,CARNFORTH RD,,Major Arterial,North York,43.741427,-79.314204,At Intersection,Traffic Signal,Rain,"Dark, artificial",Wet,Non-Fatal Injury,Turning Movement,Driver,25 to 29,Minor,,East,"Automobile, Station Wagon",Turning Left,Driving Properly,Normal,,,,,,,,,Yes,,,,,Yes,Yes,Yes,,,,43,Victoria Village,43,Victoria Village (43),D33,635743.9627,4844534.3309
12362,80632428,,2/28/2016 10:00:00 AM,2240,LAWRENCE AVE E,CARNFORTH RD,,Major Arterial,North York,43.741427,-79.314204,At Intersection,Traffic Signal,Rain,"Dark, artificial",Wet,Non-Fatal Injury,Turning Movement,Passenger,15 to 19,Major,,,,,,,,,,,,,,,Yes,,,,,Yes,Yes,Yes,,,,43,Victoria Village,43,Victoria Village (43),D33,635743.9627,4844534.3309
12363,80632431,,2/29/2016 10:00:00 AM,1930,COSBURN AVE,PAPE AVE,3 m East of,Minor Arterial,Toronto and East York,43.689437,-79.348338,Non Intersection,No Control,Clear,"Dark, artificial",Dry,Non-Fatal Injury,Pedestrian Collisions,Driver,30 to 34,None,,East,"Automobile, Station Wagon",Turning Left,Failed to Yield Right of Way,Inattentive,,,,,,,Yes,,Yes,,,,,,,Yes,,,,59,Danforth East York,59,Danforth East York (59),D55,633110.454,4838704.7305
12364,80632432,,2/29/2016 10:00:00 AM,1930,COSBURN AVE,PAPE AVE,3 m East of,Minor Arterial,Toronto and East York,43.689437,-79.348338,Non Intersection,No Control,Clear,"Dark, artificial",Dry,Non-Fatal Injury,Pedestrian Collisions,Pedestrian,60 to 64,Major,,East,,,,,Pedestrian hit at mid-block,Crossing with right of way,Normal,,,,Yes,,Yes,,,,,,,Yes,,,,59,Danforth East York,59,Danforth East York (59),D55,633110.454,4838704.7305
12365,80632429,,2/29/2016 10:00:00 AM,1939,137 QUEEN S PLATE  DR,,1 m North of,Collector,Etobicoke York,43.717261,-79.592593,Non Intersection,No Control,Clear,Dusk,Dry,Non-Fatal Injury,Pedestrian Collisions,Driver,55 to 59,None,,North,"Automobile, Station Wagon",Going Ahead,Driving Properly,Normal,,,,,,,Yes,,Yes,,,,,,,,,,,1,West Humber-Clairville,1,West Humber-Clairville (1),D23,613372.8815,4841431.8861
12366,80632430,,2/29/2016 10:00:00 AM,1939,137 QUEEN S PLATE  DR,,1 m North of,Collector,Etobicoke York,43.717261,-79.592593,Non Intersection,No Control,Clear,Dusk,Dry,Non-Fatal Injury,Pedestrian Collisions,Pedestrian,50 to 54,Major,,West,,,,,Pedestrian hit at mid-block,"Crossing, no Traffic Control",Inattentive,,,,Yes,,Yes,,,,,,,,,,,1,West Humber-Clairville,1,West Humber-Clairville (1),D23,613372.8815,4841431.8861
12367,80512152,,3/1/2016 10:00:00 AM,1117,BATHURST ST,NINA ST,,Major Arterial,Toronto and East York,43.679812,-79.416972,Intersection Related,Traffic Signal,Snow,Daylight,Loose Snow,Non-Fatal Injury,Pedestrian Collisions,Driver,45 to 49,None,,South,"Automobile, Station Wagon",Going Ahead,Disobeyed Traffic Control,Inattentive,,,,,,,Yes,,Yes,,,,,Yes,,Yes,Yes,,,96,Casa Loma,96,Casa Loma (96),D13,627599.464,4837527.8606
12368,80512153,,3/1/2016 10:00:00 AM,1117,BATHURST ST,NINA ST,,Major Arterial,Toronto and East York,43.679812,-79.416972,Intersection Related,Traffic Signal,Snow,Daylight,Loose Snow,Non-Fatal Injury,Pedestrian Collisions,Passenger,75 to 79,None,,,,,,,,,,,,,Yes,,Yes,,,,,Yes,,Yes,Yes,,,96,Casa Loma,96,Casa Loma (96),D13,627599.464,4837527.8606
12369,80512154,,3/1/2016 10:00:00 AM,1117,BATHURST ST,NINA ST,,Major Arterial,Toronto and East York,43.679812,-79.416972,Intersection Related,Traffic Signal,Snow,Daylight,Loose Snow,Non-Fatal Injury,Pedestrian Collisions,Pedestrian,40 to 44,Major,,Unknown,,,,,Vehicle is going straight thru inter.while ped cross with ROW,Crossing with right of way,Normal,,,,Yes,,Yes,,,,,Yes,,Yes,Yes,,,96,Casa Loma,96,Casa Loma (96),D13,627599.464,4837527.8606
12370,80503179,,3/3/2016 10:00:00 AM,1255,GORDON BAKER RD,FINCH AVE E,11 m West of,Major Arterial,North York,43.795138,-79.341251,Intersection Related,Traffic Signal,Clear,Daylight,Dry,Non-Fatal Injury,Approaching,Driver,45 to 49,Major,,East,"Automobile, Station Wagon",Going Ahead,Lost control,Unknown,,,,,,,,,Yes,,,,,Yes,,,,,,46,Pleasant View,46,Pleasant View (46),D33,633446.5567,4850455.7987
12371,80503180,,3/3/2016 10:00:00 AM,1255,GORDON BAKER RD,FINCH AVE E,11 m West of,Major Arterial,North York,43.795138,-79.341251,Intersection Related,Traffic Signal,Clear,Daylight,Dry,Non-Fatal Injury,Approaching,Driver,60 to 64,Minor,,West,"Automobile, Station Wagon",Going Ahead,Driving Properly,Normal,,,,,,,,,Yes,,,,,Yes,,,,,,46,Pleasant View,46,Pleasant View (46),D33,633446.5567,4850455.7987
12372,80503181,,3/3/2016 10:00:00 AM,1255,GORDON BAKER RD,FINCH AVE E,11 m West of,Major Arterial,North York,43.795138,-79.341251,Intersection Related,Traffic Signal,Clear,Daylight,Dry,Non-Fatal Injury,Approaching,Driver,80 to 84,Minor,,West,"Automobile, Station Wagon",Stopped,Driving Properly,Normal,,,,,,,,,Yes,,,,,Yes,,,,,,46,Pleasant View,46,Pleasant View (46),D33,633446.5567,4850455.7987
12373,80503182,,3/3/2016 10:00:00 AM,1255,GORDON BAKER RD,FINCH AVE E,11 m West of,Major Arterial,North York,43.795138,-79.341251,Intersection Related,Traffic Signal,Clear,Daylight,Dry,Non-Fatal Injury,Approaching,Passenger,65 to 69,Minor,,,,,,,,,,,,,,,Yes,,,,,Yes,,,,,,46,Pleasant View,46,Pleasant View (46),D33,633446.5567,4850455.7987
12374,80501886,,3/4/2016 10:00:00 AM,1411,JARVIS ST,QUEEN ST E,,Major Arterial,Toronto and East York,43.65372,-79.373241,Intersection Related,Traffic Signal,Clear,Daylight,Dry,Fatal,Pedestrian Collisions,Truck Driver,30 to 34,None,,South,Truck - Dump,Going Ahead,Driving Properly,Normal,,,,,,,Yes,,,,Yes,,,,,,,,,73,Moss Park,73,Moss Park (73),D51,631181.248,4834698.2016
12375,80501887,,3/4/2016 10:00:00 AM,1411,JARVIS ST,QUEEN ST E,,Major Arterial,Toronto and East York,43.65372,-79.373241,Intersection Related,Traffic Signal,Clear,Daylight,Dry,Fatal,Pedestrian Collisions,Pedestrian,30 to 34,Fatal,14,East,,,,,Vehicle is going straight thru inter.while ped cross without ROW,Crossing without right of way,Medical or Physical Disability,,,,Yes,,,,Yes,,,,,,,,,73,Moss Park,73,Moss Park (73),D51,631181.248,4834698.2016
12376,80501993,,3/8/2016 10:00:00 AM,2106,EGLINTON AVE W,BATHURST ST,,Major Arterial,North York,43.700984,-79.425548,Intersection Related,Traffic Signal,Clear,Daylight,Dry,Non-Fatal Injury,Pedestrian Collisions,Driver,30 to 34,None,,North,"Bus (Other) (Go Bus, Gray Coa",Going Ahead,Driving Properly,Normal,,,,,,,Yes,,,,,Yes,,,,,,,,101,Forest Hill South,101,Forest Hill South (101),D13,626863.546,4839866.1437
12377,80501994,,3/8/2016 10:00:00 AM,2106,EGLINTON AVE W,BATHURST ST,,Major Arterial,North York,43.700984,-79.425548,Intersection Related,Traffic Signal,Clear,Daylight,Dry,Non-Fatal Injury,Pedestrian Collisions,Pedestrian,20 to 24,Major,,West,,,,,Vehicle is going straight thru inter.while ped cross without ROW,Crossing without right of way,Inattentive,,,,Yes,,,,,Yes,,,,,,,,101,Forest Hill South,101,Forest Hill South (101),D13,626863.546,4839866.1437
12378,80501998,,3/9/2016 10:00:00 AM,1014,JOHN GARLAND BLVD,MARTIN GROVE RD,3 m East of,Major Arterial,Etobicoke York,43.732012,-79.589404,At Intersection,Traffic Signal,Clear,Daylight,Dry,Non-Fatal Injury,Pedestrian Collisions,Driver,65 to 69,None,,West,"Automobile, Station Wagon",Turning Right,Failed to Yield Right of Way,Inattentive,,,,,,,Yes,,Yes,,,,,,,Yes,,,,2,Mount Olive-Silverstone-Jamestown,2,Mount Olive-Silverstone-Jamestown (2),D23,613601.8869,4843074.5573
12379,80501999,,3/9/2016 10:00:00 AM,1014,JOHN GARLAND BLVD,MARTIN GROVE RD,3 m East of,Major Arterial,Etobicoke York,43.732012,-79.589404,At Intersection,Traffic Signal,Clear,Daylight,Dry,Non-Fatal Injury,Pedestrian Collisions,Pedestrian,65 to 69,Major,,South,,,,,Vehicle turns right while ped crosses with ROW at inter.,Crossing with right of way,Normal,,,,Yes,,Yes,,,,,,,Yes,,,,2,Mount Olive-Silverstone-Jamestown,2,Mount Olive-Silverstone-Jamestown (2),D23,613601.8869,4843074.5573
12380,80500883,,3/9/2016 10:00:00 AM,1835,STEELES AVE W,ISLINGTON AVE,,Major Arterial,Etobicoke York,43.764662,-79.573322,,No Control,Clear,Daylight,Dry,Fatal,Rear End,Motorcycle Driver,25 to 29,Fatal,16,West,Motorcycle,Going Ahead,Speed too Fast For Condition,Unknown,,,,,,,,,,Yes,,,,,Yes,Yes,,,,21,Humber Summit,21,Humber Summit (21),D31,614834.6034,4846722.9837
12381,80502072,,3/11/2016 10:00:00 AM,1037,ALBION RD,HIGHWAY 27  N,,Major Arterial,Etobicoke York,43.744273,-79.607539,At Intersection,Traffic Signal,Clear,Daylight,Dry,Non-Fatal Injury,Turning Movement,Driver,40 to 44,Minor,,West,"Automobile, Station Wagon",Turning Left,Improper Turn,Inattentive,,,,,,,,,Yes,,Yes,,,Yes,,,,,,1,West Humber-Clairville,1,West Humber-Clairville (1),D23,612118.4962,4844411.6134
12382,80502073,,3/11/2016 10:00:00 AM,1037,ALBION RD,HIGHWAY 27  N,,Major Arterial,Etobicoke York,43.744273,-79.607539,At Intersection,Traffic Signal,Clear,Daylight,Dry,Non-Fatal Injury,Turning Movement,Truck Driver,45 to 49,Minimal,,East,Truck - Dump,Going Ahead,Driving Properly,Normal,,,,,,,,,Yes,,Yes,,,Yes,,,,,,1,West Humber-Clairville,1,West Humber-Clairville (1),D23,612118.4962,4844411.6134
12383,80502074,,3/11/2016 10:00:00 AM,1037,ALBION RD,HIGHWAY 27  N,,Major Arterial,Etobicoke York,43.744273,-79.607539,At Intersection,Traffic Signal,Clear,Daylight,Dry,Non-Fatal Injury,Turning Movement,Passenger,20 to 24,Major,,,,,,,,,,,,,,,Yes,,Yes,,,Yes,,,,,,1,West Humber-Clairville,1,West Humber-Clairville (1),D23,612118.4962,4844411.6134
12384,80502169,,3/12/2016 10:00:00 AM,2235,YONGE ST,EGLINTON AVE E,,Major Arterial,North York,43.706721,-79.398357,At Intersection,Traffic Signal,Clear,"Dark, artificial",Dry,Non-Fatal Injury,Pedestrian Collisions,Driver,15 to 19,Minimal,,East,"Automobile, Station Wagon",Going Ahead,Lost control,Medical or Physical Disability,,,,,,,Yes,,Yes,,,,,Yes,Yes,Yes,,,Yes,174,South Eglinton-Davisville,104,Mount Pleasant West (104),D53,629042.2083,4840545.2844
12385,80502170,,3/12/2016 10:00:00 AM,2235,YONGE ST,EGLINTON AVE E,,Major Arterial,North York,43.706721,-79.398357,At Intersection,Traffic Signal,Clear,"Dark, artificial",Dry,Non-Fatal Injury,Pedestrian Collisions,Driver,70 to 74,None,,North,"Automobile, Station Wagon",Stopped,Driving Properly,Normal,,,,,,,Yes,,Yes,,,,,Yes,Yes,Yes,,,Yes,174,South Eglinton-Davisville,104,Mount Pleasant West (104),D53,629042.2083,4840545.2844
12386,80502171,,3/12/2016 10:00:00 AM,2235,YONGE ST,EGLINTON AVE E,,Major Arterial,North York,43.706721,-79.398357,At Intersection,Traffic Signal,Clear,"Dark, artificial",Dry,Non-Fatal Injury,Pedestrian Collisions,Passenger,15 to 19,None,,,,,,,,,,,,,Yes,,Yes,,,,,Yes,Yes,Yes,,,Yes,174,South Eglinton-Davisville,104,Mount Pleasant West (104),D53,629042.2083,4840545.2844
12387,80502172,,3/12/2016 10:00:00 AM,2235,YONGE ST,EGLINTON AVE E,,Major Arterial,North York,43.706721,-79.398357,At Intersection,Traffic Signal,Clear,"Dark, artificial",Dry,Non-Fatal Injury,Pedestrian Collisions,Passenger,65 to 69,None,,,,,,,,,,,,,Yes,,Yes,,,,,Yes,Yes,Yes,,,Yes,174,South Eglinton-Davisville,104,Mount Pleasant West (104),D53,629042.2083,4840545.2844
12388,80502173,,3/12/2016 10:00:00 AM,2235,YONGE ST,EGLINTON AVE E,,Major Arterial,North York,43.706721,-79.398357,At Intersection,Traffic Signal,Clear,"Dark, artificial",Dry,Non-Fatal Injury,Pedestrian Collisions,Pedestrian,60 to 64,Major,,South,,,,,Vehicle is going straight thru inter.while ped cross with ROW,Crossing with right of way,Normal,,,,Yes,,Yes,,,,,Yes,Yes,Yes,,,Yes,174,South Eglinton-Davisville,104,Mount Pleasant West (104),D53,629042.2083,4840545.2844
12389,80502197,,3/13/2016 9:00:00 AM,856,KING ST W,CLOSE AVE,18 m West of,Major Arterial,Toronto and East York,43.637435,-79.434772,Non Intersection,No Control,Clear,Daylight,Dry,Non-Fatal Injury,Pedestrian Collisions,Driver,75 to 79,None,,East,"Automobile, Station Wagon",Reversing,Other,Inattentive,,,,,,,Yes,,Yes,,,,,Yes,,,,,,85,South Parkdale,85,South Parkdale (85),D14,626253.4718,4832794.1081
12390,80502198,,3/13/2016 9:00:00 AM,856,KING ST W,CLOSE AVE,18 m West of,Major Arterial,Toronto and East York,43.637435,-79.434772,Non Intersection,No Control,Clear,Daylight,Dry,Non-Fatal Injury,Pedestrian Collisions,Passenger,80 to 84,Minimal,,,,,,,,,,,,,Yes,,Yes,,,,,Yes,,,,,,85,South Parkdale,85,South Parkdale (85),D14,626253.4718,4832794.1081