OBJECTID,INDEX,ACCNUM,DATE,TIME,STREET1,STREET2,OFFSET,ROAD_CLASS,DISTRICT,LATITUDE,LONGITUDE,ACCLOC,TRAFFCTL,VISIBILITY,LIGHT,RDSFCOND,ACCLASS,IMPACTYPE,INVTYPE,INVAGE,INJURY,FATAL_NO,INITDIR,VEHTYPE,MANOEUVER,DRIVACT,DRIVCOND,PEDTYPE,PEDACT,PEDCOND,CYCLISTYPE,CYCACT,CYCCOND,PEDESTRIAN,CYCLIST,AUTOMOBILE,MOTORCYCLE,TRUCK,TRSN_CITY_VEH,EMERG_VEH,PASSENGER,SPEEDING,AG_DRIV,REDLIGHT,ALCOHOL,DISABILITY,HOOD_158,NEIGHBOURHOOD_158,HOOD_140,NEIGHBOURHOOD_140,DIVISION,x,y
12391,80502199,,3/13/2016 9:00:00 AM,856,KING ST W,CLOSE AVE,18 m West of,Major Arterial,Toronto and East York,43.637435,-79.434772,Non Intersection,No Control,Clear,Daylight,Dry,Non-Fatal Injury,Pedestrian Collisions,Pedestrian,85 to 89,Major,,Unknown,,,,,Vehicle is reversing and hits pedestrian,Other,Normal,,,,Yes,,Yes,,,,,Yes,,,,,,85,South Parkdale,85,South Parkdale (85),D14,626253.4718,4832794.1081
12392,80502217,,3/14/2016 8:00:00 AM,300,SHEPPARD AVE W,WESTON RD,2 m West of,Major Arterial,Etobicoke York,43.733737,-79.538211,Intersection Related,Traffic Signal,Rain,"Dark, artificial",Wet,Non-Fatal Injury,SMV Other,Driver,25 to 29,Major,,West,"Automobile, Station Wagon",Unknown,Lost control,"Ability Impaired, Alcohol",,,,,,,,,Yes,,,,,Yes,,,,Yes,,23,Pelmo Park-Humberlea,23,Pelmo Park-Humberlea (23),D31,617721.348,4843337.5986
12393,80502218,,3/14/2016 8:00:00 AM,300,SHEPPARD AVE W,WESTON RD,2 m West of,Major Arterial,Etobicoke York,43.733737,-79.538211,Intersection Related,Traffic Signal,Rain,"Dark, artificial",Wet,Non-Fatal Injury,SMV Other,Passenger,25 to 29,Minor,,,,,,,,,,,,,,,Yes,,,,,Yes,,,,Yes,,23,Pelmo Park-Humberlea,23,Pelmo Park-Humberlea (23),D31,617721.348,4843337.5986
12394,80000079,,3/14/2016 8:00:00 AM,952,DON MILLS RD,FINCH AVE E,,Major Arterial,North York,43.792651,-79.354724,At Intersection,Traffic Signal,Rain,Daylight,Wet,Fatal,Angle,Passenger,55 to 59,Fatal,17,,,,,,,,,,,,,,Yes,,,,,Yes,,Yes,Yes,,,47,Don Valley Village,47,Don Valley Village (47),D33,632368.1325,4850157.9428
12395,80501541,,3/14/2016 8:00:00 AM,952,DON MILLS RD,FINCH AVE E,,Major Arterial,North York,43.792651,-79.354724,At Intersection,Traffic Signal,Rain,Daylight,Wet,Fatal,Angle,Driver,55 to 59,Minimal,,East,"Automobile, Station Wagon",Going Ahead,Disobeyed Traffic Control,Unknown,,,,,,,,,Yes,,,,,Yes,,Yes,Yes,,,47,Don Valley Village,47,Don Valley Village (47),D33,632368.1325,4850157.9428
12396,80501542,,3/14/2016 8:00:00 AM,952,DON MILLS RD,FINCH AVE E,,Major Arterial,North York,43.792651,-79.354724,At Intersection,Traffic Signal,Rain,Daylight,Wet,Fatal,Angle,Driver,40 to 44,Minimal,,North,"Automobile, Station Wagon",Going Ahead,Driving Properly,Normal,,,,,,,,,Yes,,,,,Yes,,Yes,Yes,,,47,Don Valley Village,47,Don Valley Village (47),D33,632368.1325,4850157.9428
12397,80502239,,3/14/2016 8:00:00 AM,1739,PAPE AVE,CANNING AVE,40 m North o,Major Arterial,Toronto and East York,43.682749,-79.346278,Non Intersection,No Control,Clear,Dusk,Wet,Non-Fatal Injury,Pedestrian Collisions,Driver,20 to 24,None,,South,"Automobile, Station Wagon",Going Ahead,Other,"Ability Impaired, Drugs",,,,,,,Yes,,Yes,,,,,,,,,,,59,Danforth East York,59,Danforth East York (59),D55,633291.2873,4837965.2443
12398,80502240,,3/14/2016 8:00:00 AM,1739,PAPE AVE,CANNING AVE,40 m North o,Major Arterial,Toronto and East York,43.682749,-79.346278,Non Intersection,No Control,Clear,Dusk,Wet,Non-Fatal Injury,Pedestrian Collisions,Pedestrian,35 to 39,Major,,West,,,,,Pedestrian hit at mid-block,"Crossing, no Traffic Control",Normal,,,,Yes,,Yes,,,,,,,,,,,59,Danforth East York,59,Danforth East York (59),D55,633291.2873,4837965.2443
12399,80502713,,3/20/2016 8:00:00 AM,303,BAY ST,WELLINGTON ST W,,Major Arterial,Toronto and East York,43.647319,-79.379726,At Intersection,Traffic Signal,Clear,"Dark, artificial",Dry,Non-Fatal Injury,Angle,Driver,15 to 19,None,,North,"Automobile, Station Wagon",Going Ahead,Disobeyed Traffic Control,Unknown,,,,,,,,,Yes,,,,,Yes,,Yes,Yes,,,170,Yonge-Bay Corridor,76,Bay Street Corridor (76),D52,630672.175,4833977.0548
12400,80502714,,3/20/2016 8:00:00 AM,303,BAY ST,WELLINGTON ST W,,Major Arterial,Toronto and East York,43.647319,-79.379726,At Intersection,Traffic Signal,Clear,"Dark, artificial",Dry,Non-Fatal Injury,Angle,Driver,35 to 39,Major,,West,"Automobile, Station Wagon",Going Ahead,Driving Properly,Normal,,,,,,,,,Yes,,,,,Yes,,Yes,Yes,,,170,Yonge-Bay Corridor,76,Bay Street Corridor (76),D52,630672.175,4833977.0548
12401,80502715,,3/20/2016 8:00:00 AM,303,BAY ST,WELLINGTON ST W,,Major Arterial,Toronto and East York,43.647319,-79.379726,At Intersection,Traffic Signal,Clear,"Dark, artificial",Dry,Non-Fatal Injury,Angle,Passenger,unknown,Minimal,,,,,,,,,,,,,,,Yes,,,,,Yes,,Yes,Yes,,,170,Yonge-Bay Corridor,76,Bay Street Corridor (76),D52,630672.175,4833977.0548
12402,80502716,,3/20/2016 8:00:00 AM,303,BAY ST,WELLINGTON ST W,,Major Arterial,Toronto and East York,43.647319,-79.379726,At Intersection,Traffic Signal,Clear,"Dark, artificial",Dry,Non-Fatal Injury,Angle,Passenger,15 to 19,Major,,,,,,,,,,,,,,,Yes,,,,,Yes,,Yes,Yes,,,170,Yonge-Bay Corridor,76,Bay Street Corridor (76),D52,630672.175,4833977.0548
12403,80502717,,3/20/2016 8:00:00 AM,303,BAY ST,WELLINGTON ST W,,Major Arterial,Toronto and East York,43.647319,-79.379726,At Intersection,Traffic Signal,Clear,"Dark, artificial",Dry,Non-Fatal Injury,Angle,Passenger,15 to 19,Minimal,,,,,,,,,,,,,,,Yes,,,,,Yes,,Yes,Yes,,,170,Yonge-Bay Corridor,76,Bay Street Corridor (76),D52,630672.175,4833977.0548
12404,80502718,,3/20/2016 8:00:00 AM,303,BAY ST,WELLINGTON ST W,,Major Arterial,Toronto and East York,43.647319,-79.379726,At Intersection,Traffic Signal,Clear,"Dark, artificial",Dry,Non-Fatal Injury,Angle,Passenger,10 to 14,Minimal,,,,,,,,,,,,,,,Yes,,,,,Yes,,Yes,Yes,,,170,Yonge-Bay Corridor,76,Bay Street Corridor (76),D52,630672.175,4833977.0548
12405,80502719,,3/20/2016 8:00:00 AM,303,BAY ST,WELLINGTON ST W,,Major Arterial,Toronto and East York,43.647319,-79.379726,At Intersection,Traffic Signal,Clear,"Dark, artificial",Dry,Non-Fatal Injury,Angle,Passenger,30 to 34,Major,,,,,,,,,,,,,,,Yes,,,,,Yes,,Yes,Yes,,,170,Yonge-Bay Corridor,76,Bay Street Corridor (76),D52,630672.175,4833977.0548
12406,80502720,,3/20/2016 8:00:00 AM,303,BAY ST,WELLINGTON ST W,,Major Arterial,Toronto and East York,43.647319,-79.379726,At Intersection,Traffic Signal,Clear,"Dark, artificial",Dry,Non-Fatal Injury,Angle,Passenger,25 to 29,Minor,,,,,,,,,,,,,,,Yes,,,,,Yes,,Yes,Yes,,,170,Yonge-Bay Corridor,76,Bay Street Corridor (76),D52,630672.175,4833977.0548
12407,80502726,,3/20/2016 8:00:00 AM,340,O CONNOR DR,RALSTON AVE,,Major Arterial,Toronto and East York,43.69826,-79.32706,At Intersection,No Control,Clear,Daylight,Dry,Non-Fatal Injury,Rear End,Driver,45 to 49,None,,East,"Automobile, Station Wagon",Going Ahead,Following too Close,Inattentive,,,,,,,,,Yes,,,,,Yes,Yes,Yes,,,,58,Old East York,58,Old East York (58),D55,634805.5349,4839719.0246
12408,80502727,,3/20/2016 8:00:00 AM,340,O CONNOR DR,RALSTON AVE,,Major Arterial,Toronto and East York,43.69826,-79.32706,At Intersection,No Control,Clear,Daylight,Dry,Non-Fatal Injury,Rear End,Driver,25 to 29,None,,East,"Automobile, Station Wagon",Slowing or Stopping,Driving Properly,Normal,,,,,,,,,Yes,,,,,Yes,Yes,Yes,,,,58,Old East York,58,Old East York (58),D55,634805.5349,4839719.0246
12409,80502728,,3/20/2016 8:00:00 AM,340,O CONNOR DR,RALSTON AVE,,Major Arterial,Toronto and East York,43.69826,-79.32706,At Intersection,No Control,Clear,Daylight,Dry,Non-Fatal Injury,Rear End,Driver,40 to 44,None,,West,Passenger Van,Going Ahead,Driving Properly,Normal,,,,,,,,,Yes,,,,,Yes,Yes,Yes,,,,58,Old East York,58,Old East York (58),D55,634805.5349,4839719.0246
12410,80502729,,3/20/2016 8:00:00 AM,340,O CONNOR DR,RALSTON AVE,,Major Arterial,Toronto and East York,43.69826,-79.32706,At Intersection,No Control,Clear,Daylight,Dry,Non-Fatal Injury,Rear End,Passenger,20 to 24,Major,,,,,,,,,,,,,,,Yes,,,,,Yes,Yes,Yes,,,,58,Old East York,58,Old East York (58),D55,634805.5349,4839719.0246
12411,80502730,,3/20/2016 8:00:00 AM,340,O CONNOR DR,RALSTON AVE,,Major Arterial,Toronto and East York,43.69826,-79.32706,At Intersection,No Control,Clear,Daylight,Dry,Non-Fatal Injury,Rear End,Passenger,40 to 44,None,,,,,,,,,,,,,,,Yes,,,,,Yes,Yes,Yes,,,,58,Old East York,58,Old East York (58),D55,634805.5349,4839719.0246
12412,80503244,,3/20/2016 8:00:00 AM,344,COLLEGE ST,LANSDOWNE AVE,,Minor Arterial,Toronto and East York,43.650939,-79.43996,At Intersection,Traffic Signal,Clear,"Dark, artificial",Dry,Non-Fatal Injury,Cyclist Collisions,Driver,40 to 44,None,,West,"Automobile, Station Wagon",Turning Left,Failed to Yield Right of Way,Inattentive,,,,,,,,Yes,Yes,,,,,Yes,,Yes,,,,83,Dufferin Grove,83,Dufferin Grove (83),D11,625806.8052,4834286.0228
12413,80503245,,3/20/2016 8:00:00 AM,344,COLLEGE ST,LANSDOWNE AVE,,Minor Arterial,Toronto and East York,43.650939,-79.43996,At Intersection,Traffic Signal,Clear,"Dark, artificial",Dry,Non-Fatal Injury,Cyclist Collisions,Cyclist,30 to 34,Major,,East,Bicycle,Going Ahead,,,,,,Motorist turned left across cyclists path.,Other,Had Been Drinking,,Yes,Yes,,,,,Yes,,Yes,,,,83,Dufferin Grove,83,Dufferin Grove (83),D11,625806.8052,4834286.0228
12414,80503246,,3/20/2016 8:00:00 AM,344,COLLEGE ST,LANSDOWNE AVE,,Minor Arterial,Toronto and East York,43.650939,-79.43996,At Intersection,Traffic Signal,Clear,"Dark, artificial",Dry,Non-Fatal Injury,Cyclist Collisions,Passenger,40 to 44,None,,,,,,,,,,,,,,Yes,Yes,,,,,Yes,,Yes,,,,83,Dufferin Grove,83,Dufferin Grove (83),D11,625806.8052,4834286.0228
12415,80502736,,3/20/2016 8:00:00 AM,1654,LAKE SHORE BLVD W,BRITISH COLUMBIA RD,11 m South o,Major Arterial,Toronto and East York,43.629958,-79.425548,Non Intersection,No Control,Clear,Daylight,Dry,Non-Fatal Injury,Approaching,Driver,40 to 44,Major,,West,"Automobile, Station Wagon",Going Ahead,Other,Had Been Drinking,,,,,,,,,Yes,,,,,Yes,,,,,,163,Fort York-Liberty Village,82,Niagara (82),D14,627013.2502,4831977.7637
12416,80502737,,3/20/2016 8:00:00 AM,1654,LAKE SHORE BLVD W,BRITISH COLUMBIA RD,11 m South o,Major Arterial,Toronto and East York,43.629958,-79.425548,Non Intersection,No Control,Clear,Daylight,Dry,Non-Fatal Injury,Approaching,Driver,60 to 64,Minor,,East,"Automobile, Station Wagon",Going Ahead,Driving Properly,Normal,,,,,,,,,Yes,,,,,Yes,,,,,,163,Fort York-Liberty Village,82,Niagara (82),D14,627013.2502,4831977.7637
12417,80502738,,3/20/2016 8:00:00 AM,1654,LAKE SHORE BLVD W,BRITISH COLUMBIA RD,11 m South o,Major Arterial,Toronto and East York,43.629958,-79.425548,Non Intersection,No Control,Clear,Daylight,Dry,Non-Fatal Injury,Approaching,Passenger,50 to 54,Minor,,,,,,,,,,,,,,,Yes,,,,,Yes,,,,,,163,Fort York-Liberty Village,82,Niagara (82),D14,627013.2502,4831977.7637
12418,80502739,,3/20/2016 8:00:00 AM,1654,LAKE SHORE BLVD W,BRITISH COLUMBIA RD,11 m South o,Major Arterial,Toronto and East York,43.629958,-79.425548,Non Intersection,No Control,Clear,Daylight,Dry,Non-Fatal Injury,Approaching,Passenger,30 to 34,Minor,,,,,,,,,,,,,,,Yes,,,,,Yes,,,,,,163,Fort York-Liberty Village,82,Niagara (82),D14,627013.2502,4831977.7637
12419,80502740,,3/20/2016 8:00:00 AM,1654,LAKE SHORE BLVD W,BRITISH COLUMBIA RD,11 m South o,Major Arterial,Toronto and East York,43.629958,-79.425548,Non Intersection,No Control,Clear,Daylight,Dry,Non-Fatal Injury,Approaching,Passenger,25 to 29,Minor,,,,,,,,,,,,,,,Yes,,,,,Yes,,,,,,163,Fort York-Liberty Village,82,Niagara (82),D14,627013.2502,4831977.7637
12420,80502741,,3/20/2016 8:00:00 AM,1654,LAKE SHORE BLVD W,BRITISH COLUMBIA RD,11 m South o,Major Arterial,Toronto and East York,43.629958,-79.425548,Non Intersection,No Control,Clear,Daylight,Dry,Non-Fatal Injury,Approaching,Passenger,15 to 19,Minor,,,,,,,,,,,,,,,Yes,,,,,Yes,,,,,,163,Fort York-Liberty Village,82,Niagara (82),D14,627013.2502,4831977.7637
12421,80632433,,3/22/2016 8:00:00 AM,1936,PROGRESS AVE,KENNEDY RD,,Major Arterial,Scarborough,43.769351,-79.282222,Intersection Related,Traffic Signal,Rain,"Dusk, artificial",Wet,Non-Fatal Injury,Pedestrian Collisions,Driver,35 to 39,None,,West,Pick Up Truck,Turning Right,Failed to Yield Right of Way,Normal,,,,,,,Yes,,Yes,,,,,,,Yes,,,,126,Dorset Park,126,Dorset Park (126),D41,638254.9279,4847688.6186
12422,80632434,,3/22/2016 8:00:00 AM,1936,PROGRESS AVE,KENNEDY RD,,Major Arterial,Scarborough,43.769351,-79.282222,Intersection Related,Traffic Signal,Rain,"Dusk, artificial",Wet,Non-Fatal Injury,Pedestrian Collisions,Pedestrian,60 to 64,Major,,South,,,,,Vehicle turns right while ped crosses with ROW at inter.,Crossing with right of way,Normal,,,,Yes,,Yes,,,,,,,Yes,,,,126,Dorset Park,126,Dorset Park (126),D41,638254.9279,4847688.6186
12423,80632435,,3/23/2016 8:00:00 AM,1313,400 NUGGET AVE,,110 m South ,Minor Arterial,Scarborough,43.796668,-79.24876,At/Near Private Drive,No Control,Clear,Daylight,Dry,Non-Fatal Injury,Turning Movement,Driver,40 to 44,None,,South,Passenger Van,Turning Left,Failed to Yield Right of Way,Normal,,,,,,,,,Yes,,,,,Yes,,Yes,,,,128,Agincourt South-Malvern West,128,Agincourt South-Malvern West (128),D42,640883.9545,4850779.021
12424,80632436,,3/23/2016 8:00:00 AM,1313,400 NUGGET AVE,,110 m South ,Minor Arterial,Scarborough,43.796668,-79.24876,At/Near Private Drive,No Control,Clear,Daylight,Dry,Non-Fatal Injury,Turning Movement,Driver,35 to 39,Major,,West,"Automobile, Station Wagon",Going Ahead,Driving Properly,Normal,,,,,,,,,Yes,,,,,Yes,,Yes,,,,128,Agincourt South-Malvern West,128,Agincourt South-Malvern West (128),D42,640883.9545,4850779.021
12425,80632437,,3/23/2016 8:00:00 AM,1313,400 NUGGET AVE,,110 m South ,Minor Arterial,Scarborough,43.796668,-79.24876,At/Near Private Drive,No Control,Clear,Daylight,Dry,Non-Fatal Injury,Turning Movement,Passenger,25 to 29,Minimal,,,,,,,,,,,,,,,Yes,,,,,Yes,,Yes,,,,128,Agincourt South-Malvern West,128,Agincourt South-Malvern West (128),D42,640883.9545,4850779.021
12426,80502826,,3/23/2016 8:00:00 AM,2015,KING ST E,PRINCESS ST,10 m East of,Major Arterial,Toronto and East York,43.651473,-79.367008,Intersection Related,No Control,Freezing Rain,"Dark, artificial",Wet,Fatal,Pedestrian Collisions,Pedestrian,75 to 79,Fatal,18,North,,,,,Pedestrian hit at mid-block,"Crossing, no Traffic Control",Inattentive,,,,Yes,,Yes,,,,,,,,,,,73,Moss Park,73,Moss Park (73),D51,631688.7913,4834458.5153
12427,80625042,,3/23/2016 8:00:00 AM,2015,KING ST E,PRINCESS ST,10 m East of,Major Arterial,Toronto and East York,43.651473,-79.367008,Intersection Related,No Control,Freezing Rain,"Dark, artificial",Wet,Fatal,Pedestrian Collisions,Driver,60 to 64,None,,East,"Automobile, Station Wagon",Going Ahead,Driving Properly,Normal,,,,,,,Yes,,Yes,,,,,,,,,,,73,Moss Park,73,Moss Park (73),D51,631688.7913,4834458.5153
12428,80502841,,3/24/2016 8:00:00 AM,42,KINGSTON RD,SHEPPARD AVE E,,Major Arterial,Scarborough,43.798911,-79.14622,At Intersection,Traffic Signal,Freezing Rain,"Dark, artificial",Slush,Non-Fatal Injury,Angle,Driver,25 to 29,Minor,,East,"Automobile, Station Wagon",Going Ahead,Disobeyed Traffic Control,"Ability Impaired, Alcohol Over .08",,,,,,,,,Yes,,,,,,Yes,Yes,Yes,Yes,,133,Centennial Scarborough,133,Centennial Scarborough (133),D42,649127.6277,4851207.8159
12429,80502842,,3/24/2016 8:00:00 AM,42,KINGSTON RD,SHEPPARD AVE E,,Major Arterial,Scarborough,43.798911,-79.14622,At Intersection,Traffic Signal,Freezing Rain,"Dark, artificial",Slush,Non-Fatal Injury,Angle,Driver,50 to 54,Major,,South,"Automobile, Station Wagon",Going Ahead,Driving Properly,Normal,,,,,,,,,Yes,,,,,,Yes,Yes,Yes,Yes,,133,Centennial Scarborough,133,Centennial Scarborough (133),D42,649127.6277,4851207.8159
12430,80502881,,3/24/2016 8:00:00 AM,2049,KING  ST W,UNIVERSITY  AVE,,Major Arterial,Toronto and East York,43.64765,-79.384799,Intersection Related,Traffic Signal,Rain,"Dusk, artificial",Wet,Non-Fatal Injury,Pedestrian Collisions,Driver,60 to 64,None,,East,Pick Up Truck,Turning Left,Failed to Yield Right of Way,Normal,,,,,,,Yes,,Yes,,,,,,,Yes,,,,170,Yonge-Bay Corridor,76,Bay Street Corridor (76),D52,630262.3269,4834005.8413
12431,80502882,,3/24/2016 8:00:00 AM,2049,KING  ST W,UNIVERSITY  AVE,,Major Arterial,Toronto and East York,43.64765,-79.384799,Intersection Related,Traffic Signal,Rain,"Dusk, artificial",Wet,Non-Fatal Injury,Pedestrian Collisions,Pedestrian,25 to 29,Major,,East,,,,,Vehicle turns left while ped crosses with ROW at inter.,Crossing with right of way,Normal,,,,Yes,,Yes,,,,,,,Yes,,,,170,Yonge-Bay Corridor,76,Bay Street Corridor (76),D52,630262.3269,4834005.8413
12432,80503706,,3/26/2016 8:00:00 AM,1530,FINCH AVE W,BATHURST ST,,Major Arterial,North York,43.773787,-79.442966,At Intersection,Traffic Signal,Clear,Daylight,Dry,Non-Fatal Injury,Pedestrian Collisions,Pedestrian,75 to 79,Major,,Unknown,,,,,Vehicle turns right while ped crosses with ROW at inter.,Crossing with right of way,Normal,,,,Yes,,,,,,,,,,,,,37,Willowdale West,37,Willowdale West (37),D32,625308.1023,4847925.4696
12433,80503318,,3/27/2016 8:00:00 AM,2153,MONOGRAM PL,ISLINGTON AVE,,Major Arterial,Etobicoke York,43.7051,-79.550426,At Intersection,Traffic Signal,Clear,"Dark, artificial",Dry,Non-Fatal Injury,Turning Movement,Driver,25 to 29,None,,South,"Automobile, Station Wagon",Going Ahead,Disobeyed Traffic Control,Had Been Drinking,,,,,,,,,Yes,,,,,Yes,,Yes,Yes,,,6,Kingsview Village-The Westway,6,Kingsview Village-The Westway (6),D23,616793.2627,4840139.7789
12434,80503319,,3/27/2016 8:00:00 AM,2153,MONOGRAM PL,ISLINGTON AVE,,Major Arterial,Etobicoke York,43.7051,-79.550426,At Intersection,Traffic Signal,Clear,"Dark, artificial",Dry,Non-Fatal Injury,Turning Movement,Driver,50 to 54,Major,,East,"Automobile, Station Wagon",Turning Left,Driving Properly,Normal,,,,,,,,,Yes,,,,,Yes,,Yes,Yes,,,6,Kingsview Village-The Westway,6,Kingsview Village-The Westway (6),D23,616793.2627,4840139.7789
12435,80503320,,3/27/2016 8:00:00 AM,2153,MONOGRAM PL,ISLINGTON AVE,,Major Arterial,Etobicoke York,43.7051,-79.550426,At Intersection,Traffic Signal,Clear,"Dark, artificial",Dry,Non-Fatal Injury,Turning Movement,Passenger,25 to 29,Major,,,,,,,,,,,,,,,Yes,,,,,Yes,,Yes,Yes,,,6,Kingsview Village-The Westway,6,Kingsview Village-The Westway (6),D23,616793.2627,4840139.7789
12436,80503035,,3/29/2016 8:00:00 AM,901,FINCH AVE E,SKYMARK DR,,Major Arterial,North York,43.793151,-79.352275,Intersection Related,Traffic Signal,Clear,Daylight,Dry,Fatal,Pedestrian Collisions,Pedestrian,75 to 79,Fatal,19,North,,,,,Vehicle turns left while ped crosses without ROW at inter.,"Crossing, no Traffic Control",Normal,,,,Yes,,Yes,,,,,,,,,,,47,Don Valley Village,47,Don Valley Village (47),D33,632564.0594,4850217.3952
12437,80503953,,3/29/2016 8:00:00 AM,901,FINCH AVE E,SKYMARK DR,,Major Arterial,North York,43.793151,-79.352275,Intersection Related,Traffic Signal,Clear,Daylight,Dry,Fatal,Pedestrian Collisions,Driver,70 to 74,Minimal,,South,Pick Up Truck,Turning Left,Driving Properly,Normal,,,,,,,Yes,,Yes,,,,,,,,,,,47,Don Valley Village,47,Don Valley Village (47),D33,632564.0594,4850217.3952
12438,80503369,,3/31/2016 8:00:00 AM,637,COLLEGE ST,LIPPINCOTT ST,1 m East of,Major Arterial,Toronto and East York,43.656649,-79.406482,At Intersection,Stop Sign,Rain,"Daylight, artificial",Wet,Non-Fatal Injury,Cyclist Collisions,Cyclist,65 to 69,Major,,South,Bicycle,Going Ahead,,,,,,"Cyclist without ROW rides into path of motorist at inter, lnwy, dwy-Cyclist not turn.",Disobeyed Traffic Control,Inattentive,,Yes,Yes,,,,,Yes,,,,,,78,Kensington-Chinatown,78,Kensington-Chinatown (78),D14,628494.431,4834971.4917
12439,80503370,,3/31/2016 8:00:00 AM,637,COLLEGE ST,LIPPINCOTT ST,1 m East of,Major Arterial,Toronto and East York,43.656649,-79.406482,At Intersection,Stop Sign,Rain,"Daylight, artificial",Wet,Non-Fatal Injury,Cyclist Collisions,Driver,65 to 69,None,,West,"Automobile, Station Wagon",Going Ahead,Driving Properly,Normal,,,,,,,,Yes,Yes,,,,,Yes,,,,,,78,Kensington-Chinatown,78,Kensington-Chinatown (78),D14,628494.431,4834971.4917
12440,80503371,,3/31/2016 8:00:00 AM,637,COLLEGE ST,LIPPINCOTT ST,1 m East of,Major Arterial,Toronto and East York,43.656649,-79.406482,At Intersection,Stop Sign,Rain,"Daylight, artificial",Wet,Non-Fatal Injury,Cyclist Collisions,Passenger,60 to 64,None,,,,,,,,,,,,,,Yes,Yes,,,,,Yes,,,,,,78,Kensington-Chinatown,78,Kensington-Chinatown (78),D14,628494.431,4834971.4917
12441,80503020,,3/31/2016 8:00:00 AM,2146,MARKHAM RD,NASHDENE RD,,Major Arterial,Scarborough,43.820227,-79.246181,Intersection Related,Traffic Signal,Rain,Dark,Wet,Fatal,Pedestrian Collisions,Driver,25 to 29,None,,South,"Automobile, Station Wagon",Going Ahead,Driving Properly,Inattentive,,,,,,,Yes,,Yes,,,,,,,,,,,130,Milliken,131,Rouge (131),D42,641035.9701,4853400.0253
12442,80503036,,3/31/2016 8:00:00 AM,2146,MARKHAM RD,NASHDENE RD,,Major Arterial,Scarborough,43.820227,-79.246181,Intersection Related,Traffic Signal,Rain,Dark,Wet,Fatal,Pedestrian Collisions,Pedestrian,55 to 59,Fatal,20,West,,,,,Vehicle turns left while ped crosses without ROW at inter.,Crossing without right of way,Inattentive,,,,Yes,,Yes,,,,,,,,,,,130,Milliken,131,Rouge (131),D42,641035.9701,4853400.0253
12443,80632438,,3/31/2016 8:00:00 AM,2210,OAKWOOD AVE,VAUGHAN RD,2 m South of,Minor Arterial,Toronto and East York,43.692645,-79.44083,At Intersection,Traffic Signal,Rain,"Dark, artificial",Wet,Non-Fatal Injury,Other,Driver,40 to 44,None,,North,Municipal Transit Bus (TTC),Pulling Away from Shoulder or Curb,Driving Properly,Normal,,,,,,,,,,,,Yes,,Yes,,,,,,107,Oakwood Village,107,Oakwood Village (107),D13,625649.5831,4838916.7122
12444,80632439,,3/31/2016 8:00:00 AM,2210,OAKWOOD AVE,VAUGHAN RD,2 m South of,Minor Arterial,Toronto and East York,43.692645,-79.44083,At Intersection,Traffic Signal,Rain,"Dark, artificial",Wet,Non-Fatal Injury,Other,Passenger,60 to 64,Major,,,,,,,,,,,,,,,,,,Yes,,Yes,,,,,,107,Oakwood Village,107,Oakwood Village (107),D13,625649.5831,4838916.7122
12445,80503472,,4/1/2016 8:00:00 AM,2206,THE QUEENSWAY,ROYAL YORK RD,,Major Arterial,Etobicoke York,43.626326,-79.50262,At Intersection,Traffic Signal,Clear,"Dark, artificial",Dry,Non-Fatal Injury,Turning Movement,Driver,45 to 49,Minimal,,East,"Automobile, Station Wagon",Turning Left,Improper Turn,Normal,,,,,,,,,Yes,,,,,Yes,Yes,Yes,,,,16,Stonegate-Queensway,16,Stonegate-Queensway (16),D22,620802.9623,4831459.3535
12446,80503473,,4/1/2016 8:00:00 AM,2206,THE QUEENSWAY,ROYAL YORK RD,,Major Arterial,Etobicoke York,43.626326,-79.50262,At Intersection,Traffic Signal,Clear,"Dark, artificial",Dry,Non-Fatal Injury,Turning Movement,Driver,20 to 24,Minor,,West,"Automobile, Station Wagon",Going Ahead,Exceeding Speed Limit,Normal,,,,,,,,,Yes,,,,,Yes,Yes,Yes,,,,16,Stonegate-Queensway,16,Stonegate-Queensway (16),D22,620802.9623,4831459.3535
12447,80503474,,4/1/2016 8:00:00 AM,2206,THE QUEENSWAY,ROYAL YORK RD,,Major Arterial,Etobicoke York,43.626326,-79.50262,At Intersection,Traffic Signal,Clear,"Dark, artificial",Dry,Non-Fatal Injury,Turning Movement,Passenger,15 to 19,Minimal,,,,,,,,,,,,,,,Yes,,,,,Yes,Yes,Yes,,,,16,Stonegate-Queensway,16,Stonegate-Queensway (16),D22,620802.9623,4831459.3535
12448,80503475,,4/1/2016 8:00:00 AM,2206,THE QUEENSWAY,ROYAL YORK RD,,Major Arterial,Etobicoke York,43.626326,-79.50262,At Intersection,Traffic Signal,Clear,"Dark, artificial",Dry,Non-Fatal Injury,Turning Movement,Passenger,25 to 29,Major,,,,,,,,,,,,,,,Yes,,,,,Yes,Yes,Yes,,,,16,Stonegate-Queensway,16,Stonegate-Queensway (16),D22,620802.9623,4831459.3535
12449,80503603,,4/3/2016 8:00:00 AM,1930,FINCH AVE E,CHEROKEE BLVD,150 m East o,Major Arterial,North York,43.792872,-79.335483,Non Intersection,No Control,Snow,Dark,Ice,Non-Fatal Injury,Approaching,Driver,25 to 29,None,,East,"Automobile, Station Wagon",Going Ahead,Speed too Fast For Condition,Normal,,,,,,,,,Yes,,,,,Yes,Yes,Yes,,,,46,Pleasant View,46,Pleasant View (46),D33,633915.6591,4850213.44