OBJECTID,INDEX,ACCNUM,DATE,TIME,STREET1,STREET2,OFFSET,ROAD_CLASS,DISTRICT,LATITUDE,LONGITUDE,ACCLOC,TRAFFCTL,VISIBILITY,LIGHT,RDSFCOND,ACCLASS,IMPACTYPE,INVTYPE,INVAGE,INJURY,FATAL_NO,INITDIR,VEHTYPE,MANOEUVER,DRIVACT,DRIVCOND,PEDTYPE,PEDACT,PEDCOND,CYCLISTYPE,CYCACT,CYCCOND,PEDESTRIAN,CYCLIST,AUTOMOBILE,MOTORCYCLE,TRUCK,TRSN_CITY_VEH,EMERG_VEH,PASSENGER,SPEEDING,AG_DRIV,REDLIGHT,ALCOHOL,DISABILITY,HOOD_158,NEIGHBOURHOOD_158,HOOD_140,NEIGHBOURHOOD_140,DIVISION,x,y
12450,80503604,,4/3/2016 8:00:00 AM,1930,FINCH AVE E,CHEROKEE BLVD,150 m East o,Major Arterial,North York,43.792872,-79.335483,Non Intersection,No Control,Snow,Dark,Ice,Non-Fatal Injury,Approaching,Driver,40 to 44,Minor,,West,"Automobile, Station Wagon",Going Ahead,Driving Properly,Normal,,,,,,,,,Yes,,,,,Yes,Yes,Yes,,,,46,Pleasant View,46,Pleasant View (46),D33,633915.6591,4850213.44
12451,80503605,,4/3/2016 8:00:00 AM,1930,FINCH AVE E,CHEROKEE BLVD,150 m East o,Major Arterial,North York,43.792872,-79.335483,Non Intersection,No Control,Snow,Dark,Ice,Non-Fatal Injury,Approaching,Passenger,50 to 54,Major,,,,,,,,,,,,,,,Yes,,,,,Yes,Yes,Yes,,,,46,Pleasant View,46,Pleasant View (46),D33,633915.6591,4850213.44
12452,80503606,,4/3/2016 8:00:00 AM,1930,FINCH AVE E,CHEROKEE BLVD,150 m East o,Major Arterial,North York,43.792872,-79.335483,Non Intersection,No Control,Snow,Dark,Ice,Non-Fatal Injury,Approaching,Passenger,65 to 69,Minor,,,,,,,,,,,,,,,Yes,,,,,Yes,Yes,Yes,,,,46,Pleasant View,46,Pleasant View (46),D33,633915.6591,4850213.44
12453,80503607,,4/3/2016 8:00:00 AM,1930,FINCH AVE E,CHEROKEE BLVD,150 m East o,Major Arterial,North York,43.792872,-79.335483,Non Intersection,No Control,Snow,Dark,Ice,Non-Fatal Injury,Approaching,Passenger,70 to 74,Minor,,,,,,,,,,,,,,,Yes,,,,,Yes,Yes,Yes,,,,46,Pleasant View,46,Pleasant View (46),D33,633915.6591,4850213.44
12454,80503608,,4/3/2016 8:00:00 AM,1930,FINCH AVE E,CHEROKEE BLVD,150 m East o,Major Arterial,North York,43.792872,-79.335483,Non Intersection,No Control,Snow,Dark,Ice,Non-Fatal Injury,Approaching,Passenger,35 to 39,Minor,,,,,,,,,,,,,,,Yes,,,,,Yes,Yes,Yes,,,,46,Pleasant View,46,Pleasant View (46),D33,633915.6591,4850213.44
12455,80503609,,4/3/2016 8:00:00 AM,1930,FINCH AVE E,CHEROKEE BLVD,150 m East o,Major Arterial,North York,43.792872,-79.335483,Non Intersection,No Control,Snow,Dark,Ice,Non-Fatal Injury,Approaching,Passenger,0 to 4,None,,,,,,,,,,,,,,,Yes,,,,,Yes,Yes,Yes,,,,46,Pleasant View,46,Pleasant View (46),D33,633915.6591,4850213.44
12456,80503610,,4/3/2016 8:00:00 AM,1930,FINCH AVE E,CHEROKEE BLVD,150 m East o,Major Arterial,North York,43.792872,-79.335483,Non Intersection,No Control,Snow,Dark,Ice,Non-Fatal Injury,Approaching,Passenger,5 to 9,Minor,,,,,,,,,,,,,,,Yes,,,,,Yes,Yes,Yes,,,,46,Pleasant View,46,Pleasant View (46),D33,633915.6591,4850213.44
12457,80503684,,4/5/2016 8:00:00 AM,1204,200 NORSEMAN ST,,420 m West o,Collector,Etobicoke York,43.632872,-79.524761,Non Intersection,No Control,Clear,Daylight,Dry,Non-Fatal Injury,Turning Movement,Driver,20 to 24,Major,,West,"Automobile, Station Wagon",Overtaking,Improper Passing,Inattentive,,,,,,,,,Yes,,,,,,,Yes,,,,159,Etobicoke City Centre,14,Islington-City Centre West (14),D22,619003.7759,4832154.3899
12458,80503685,,4/5/2016 8:00:00 AM,1204,200 NORSEMAN ST,,420 m West o,Collector,Etobicoke York,43.632872,-79.524761,Non Intersection,No Control,Clear,Daylight,Dry,Non-Fatal Injury,Turning Movement,Driver,55 to 59,Minimal,,West,"Automobile, Station Wagon",Turning Left,Driving Properly,Normal,,,,,,,,,Yes,,,,,,,Yes,,,,159,Etobicoke City Centre,14,Islington-City Centre West (14),D22,619003.7759,4832154.3899
12459,80503697,,4/6/2016 8:00:00 AM,835,SHEPPARD AVE E,GATEFORTH DR,15 m West of,Major Arterial,Scarborough,43.795584,-79.230312,Intersection Related,Traffic Signal,Clear,Daylight,Dry,Non-Fatal Injury,Pedestrian Collisions,Driver,25 to 29,None,,West,"Automobile, Station Wagon",Going Ahead,Driving Properly,Normal,,,,,,,Yes,,Yes,,,,,Yes,,,,,,146,Malvern East,132,Malvern (132),D42,642370.6531,4850690.1958
12460,80503698,,4/6/2016 8:00:00 AM,835,SHEPPARD AVE E,GATEFORTH DR,15 m West of,Major Arterial,Scarborough,43.795584,-79.230312,Intersection Related,Traffic Signal,Clear,Daylight,Dry,Non-Fatal Injury,Pedestrian Collisions,Pedestrian,10 to 14,Major,,South,,,,,Vehicle is going straight thru inter.while ped cross without ROW,Crossing without right of way,Normal,,,,Yes,,Yes,,,,,Yes,,,,,,146,Malvern East,132,Malvern (132),D42,642370.6531,4850690.1958
12461,80503699,,4/6/2016 8:00:00 AM,835,SHEPPARD AVE E,GATEFORTH DR,15 m West of,Major Arterial,Scarborough,43.795584,-79.230312,Intersection Related,Traffic Signal,Clear,Daylight,Dry,Non-Fatal Injury,Pedestrian Collisions,Passenger,15 to 19,None,,,,,,,,,,,,,Yes,,Yes,,,,,Yes,,,,,,146,Malvern East,132,Malvern (132),D42,642370.6531,4850690.1958
12462,80503709,,4/6/2016 8:00:00 AM,1440,ROYAL YORK  RD,SAUNDERS  CRES,3 m North of,Minor Arterial,Etobicoke York,43.627577,-79.503116,At Intersection,No Control,Clear,Daylight,Dry,Non-Fatal Injury,Pedestrian Collisions,Driver,55 to 59,None,,South,Municipal Transit Bus (TTC),Going Ahead,Driving Properly,Normal,,,,,,,Yes,,,,,Yes,,,,,,,,16,Stonegate-Queensway,16,Stonegate-Queensway (16),D22,620760.4415,4831597.571
12463,80503710,,4/6/2016 8:00:00 AM,1440,ROYAL YORK  RD,SAUNDERS  CRES,3 m North of,Minor Arterial,Etobicoke York,43.627577,-79.503116,At Intersection,No Control,Clear,Daylight,Dry,Non-Fatal Injury,Pedestrian Collisions,Pedestrian,45 to 49,Major,,East,,Going Ahead,,,Pedestrian involved in a collision with transit vehicle anywhere along roadway,Running onto Roadway,Normal,,,,Yes,,,,,Yes,,,,,,,,16,Stonegate-Queensway,16,Stonegate-Queensway (16),D22,620760.4415,4831597.571
12464,80503082,,4/8/2016 8:00:00 AM,902,ST CLEMENTS AVE,CALDOW RD,,Local,North York,43.708262,-79.42094,Intersection Related,Stop Sign,Clear,Daylight,Dry,Fatal,Angle,Driver,35 to 39,Fatal,21,East,"Automobile, Station Wagon",Going Ahead,Disobeyed Traffic Control,Unknown,,,,,,,,,Yes,,,,,,Yes,Yes,,,,102,Forest Hill North,102,Forest Hill North (102),D53,627219.449,4840681.5288
12465,80503083,,4/8/2016 8:00:00 AM,902,ST CLEMENTS AVE,CALDOW RD,,Local,North York,43.708262,-79.42094,Intersection Related,Stop Sign,Clear,Daylight,Dry,Fatal,Angle,Driver,60 to 64,None,,North,"Automobile, Station Wagon",Stopped,Driving Properly,Normal,,,,,,,,,Yes,,,,,,Yes,Yes,,,,102,Forest Hill North,102,Forest Hill North (102),D53,627219.449,4840681.5288
12466,80503927,,4/9/2016 8:00:00 AM,2111,CUMMER AVE,WILLOWDALE AVE,,Minor Arterial,North York,43.788653,-79.4099,Intersection Related,Traffic Signal,Clear,Dark,Dry,Fatal,Angle,Driver,60 to 64,None,,North,"Automobile, Station Wagon",Going Ahead,Driving Properly,Unknown,,,,,,,,,Yes,,,,,,,Yes,Yes,,,50,Newtonbrook East,50,Newtonbrook East (50),D32,627937.5225,4849627.1417
12467,80503947,,4/9/2016 8:00:00 AM,2111,CUMMER AVE,WILLOWDALE AVE,,Minor Arterial,North York,43.788653,-79.4099,Intersection Related,Traffic Signal,Clear,Dark,Dry,Fatal,Angle,Driver,30 to 34,Fatal,25,West,"Automobile, Station Wagon",Going Ahead,Disobeyed Traffic Control,Unknown,,,,,,,,,Yes,,,,,,,Yes,Yes,,,50,Newtonbrook East,50,Newtonbrook East (50),D32,627937.5225,4849627.1417
12468,80503019,,4/10/2016 8:00:00 AM,326,JANE ST,SHEPPARD AVE W,,Major Arterial,Etobicoke York,43.739379,-79.513202,Intersection Related,Traffic Signal,Clear,"Dark, artificial",Dry,Fatal,Rear End,Passenger,20 to 24,Fatal,23,,,,,,,,,,,,,,Yes,,,,,Yes,Yes,Yes,,,,25,Glenfield-Jane Heights,25,Glenfield-Jane Heights (25),D31,619724.1535,4844000.0579
12469,80503077,,4/10/2016 8:00:00 AM,326,JANE ST,SHEPPARD AVE W,,Major Arterial,Etobicoke York,43.739379,-79.513202,Intersection Related,Traffic Signal,Clear,"Dark, artificial",Dry,Fatal,Rear End,Passenger,20 to 24,Fatal,24,,,,,,,,,,,,,,Yes,,,,,Yes,Yes,Yes,,,,25,Glenfield-Jane Heights,25,Glenfield-Jane Heights (25),D31,619724.1535,4844000.0579
12470,80503078,,4/10/2016 8:00:00 AM,326,JANE ST,SHEPPARD AVE W,,Major Arterial,Etobicoke York,43.739379,-79.513202,Intersection Related,Traffic Signal,Clear,"Dark, artificial",Dry,Fatal,Rear End,Passenger,15 to 19,Fatal,22,,,,,,,,,,,,,,Yes,,,,,Yes,Yes,Yes,,,,25,Glenfield-Jane Heights,25,Glenfield-Jane Heights (25),D31,619724.1535,4844000.0579
12471,80503079,,4/10/2016 8:00:00 AM,326,JANE ST,SHEPPARD AVE W,,Major Arterial,Etobicoke York,43.739379,-79.513202,Intersection Related,Traffic Signal,Clear,"Dark, artificial",Dry,Fatal,Rear End,Passenger,20 to 24,Major,,,,,,,,,,,,,,,Yes,,,,,Yes,Yes,Yes,,,,25,Glenfield-Jane Heights,25,Glenfield-Jane Heights (25),D31,619724.1535,4844000.0579
12472,80503080,,4/10/2016 8:00:00 AM,326,JANE ST,SHEPPARD AVE W,,Major Arterial,Etobicoke York,43.739379,-79.513202,Intersection Related,Traffic Signal,Clear,"Dark, artificial",Dry,Fatal,Rear End,Driver,20 to 24,Major,,South,"Automobile, Station Wagon",Changing Lanes,Speed too Fast For Condition,Had Been Drinking,,,,,,,,,Yes,,,,,Yes,Yes,Yes,,,,25,Glenfield-Jane Heights,25,Glenfield-Jane Heights (25),D31,619724.1535,4844000.0579
12473,80503081,,4/10/2016 8:00:00 AM,326,JANE ST,SHEPPARD AVE W,,Major Arterial,Etobicoke York,43.739379,-79.513202,Intersection Related,Traffic Signal,Clear,"Dark, artificial",Dry,Fatal,Rear End,Driver,45 to 49,Minor,,South,"Automobile, Station Wagon",Stopped,Driving Properly,Normal,,,,,,,,,Yes,,,,,Yes,Yes,Yes,,,,25,Glenfield-Jane Heights,25,Glenfield-Jane Heights (25),D31,619724.1535,4844000.0579
12474,80503893,,4/10/2016 8:00:00 AM,1130,QUEEN ST W,UNIVERSITY AVE,14 m West of,Major Arterial,Toronto and East York,43.650843,-79.386615,Non Intersection,Streetcar (Stop for),Clear,Daylight,Dry,Non-Fatal Injury,Pedestrian Collisions,Driver,35 to 39,None,,East,"Automobile, Station Wagon",Going Ahead,Improper Passing,Inattentive,,,,,,,Yes,,Yes,,,,,,,Yes,,,,170,Yonge-Bay Corridor,76,Bay Street Corridor (76),D52,630108.9746,4834357.6168
12475,80503894,,4/10/2016 8:00:00 AM,1130,QUEEN ST W,UNIVERSITY AVE,14 m West of,Major Arterial,Toronto and East York,43.650843,-79.386615,Non Intersection,Streetcar (Stop for),Clear,Daylight,Dry,Non-Fatal Injury,Pedestrian Collisions,Pedestrian,30 to 34,Major,,South,,,,,Pedestrian hit at mid-block,Person Getting on/off Vehicle,Normal,,,,Yes,,Yes,,,,,,,Yes,,,,170,Yonge-Bay Corridor,76,Bay Street Corridor (76),D52,630108.9746,4834357.6168
12476,80632440,,4/11/2016 8:00:00 AM,1145,FINCH AVE E,PICKERING TOWN LINE,,Local,Scarborough,43.831656,-79.159526,At Intersection,Stop Sign,Clear,Daylight,Wet,Non-Fatal Injury,Turning Movement,Driver,25 to 29,Major,,South,"Automobile, Station Wagon",Turning Left,Failed to Yield Right of Way,Inattentive,,,,,,,,,Yes,,,,,,,Yes,,,,NSA,NSA,NSA,NSA,NSA,647976.3005,4854820.8001
12477,80632441,,4/11/2016 8:00:00 AM,1145,FINCH AVE E,PICKERING TOWN LINE,,Local,Scarborough,43.831656,-79.159526,At Intersection,Stop Sign,Clear,Daylight,Wet,Non-Fatal Injury,Turning Movement,Driver,75 to 79,None,,West,"Automobile, Station Wagon",Going Ahead,Driving Properly,Normal,,,,,,,,,Yes,,,,,,,Yes,,,,NSA,NSA,NSA,NSA,NSA,647976.3005,4854820.8001
12478,80506943,,4/14/2016 8:00:00 AM,831,BATHURST ST,KHEDIVE AVE,9 m East of,Major Arterial,North York,43.725783,-79.431247,At Intersection,No Control,Clear,Daylight,Dry,Non-Fatal Injury,Approaching,Driver,75 to 79,Minor,,South,"Automobile, Station Wagon",Going Ahead,Other,Normal,,,,,,,,,Yes,,,,,Yes,,,,,,39,Bedford Park-Nortown,39,Bedford Park-Nortown (39),D32,626352.2107,4842611.7183
12479,80506944,,4/14/2016 8:00:00 AM,831,BATHURST ST,KHEDIVE AVE,9 m East of,Major Arterial,North York,43.725783,-79.431247,At Intersection,No Control,Clear,Daylight,Dry,Non-Fatal Injury,Approaching,Driver,55 to 59,Minor,,North,Pick Up Truck,Going Ahead,Driving Properly,Normal,,,,,,,,,Yes,,,,,Yes,,,,,,39,Bedford Park-Nortown,39,Bedford Park-Nortown (39),D32,626352.2107,4842611.7183
12480,80506945,,4/14/2016 8:00:00 AM,831,BATHURST ST,KHEDIVE AVE,9 m East of,Major Arterial,North York,43.725783,-79.431247,At Intersection,No Control,Clear,Daylight,Dry,Non-Fatal Injury,Approaching,Passenger,60 to 64,Major,,,,,,,,,,,,,,,Yes,,,,,Yes,,,,,,39,Bedford Park-Nortown,39,Bedford Park-Nortown (39),D32,626352.2107,4842611.7183
12481,80503948,,4/22/2016 8:00:00 AM,1727,VICTORIA PARK AVE,PATRICK BLVD,,Major Arterial,North York,43.777732,-79.324161,Intersection Related,Traffic Signal,Clear,Daylight,Dry,Fatal,Pedestrian Collisions,Pedestrian,55 to 59,Fatal,26,East,,,,,Vehicle is going straight thru inter.while ped cross without ROW,Crossing without right of way,Inattentive,,,,Yes,,Yes,,,,,,,,,,,147,L'Amoreaux West,117,L'Amoreaux (117),D42,634860.6014,4848550.2868
12482,80503949,,4/22/2016 8:00:00 AM,1727,VICTORIA PARK AVE,PATRICK BLVD,,Major Arterial,North York,43.777732,-79.324161,Intersection Related,Traffic Signal,Clear,Daylight,Dry,Fatal,Pedestrian Collisions,Driver,55 to 59,None,,North,Pick Up Truck,Going Ahead,Driving Properly,Normal,,,,,,,Yes,,Yes,,,,,,,,,,,147,L'Amoreaux West,117,L'Amoreaux (117),D42,634860.6014,4848550.2868
12483,80503926,,4/23/2016 8:00:00 AM,356,JANE ST,HUMBERVIEW RD,,Major Arterial,Toronto and East York,43.653998,-79.4864,Non Intersection,No Control,Other,Dark,Other,Fatal,SMV Other,Passenger,20 to 24,Fatal,27,,,,,,,,,,,,,,Yes,,,,,Yes,Yes,Yes,,,,89,Runnymede-Bloor West Village,89,Runnymede-Bloor West Village (89),D11,622055.4986,4834556.4082
12484,80503950,,4/23/2016 8:00:00 AM,356,JANE ST,HUMBERVIEW RD,,Major Arterial,Toronto and East York,43.653998,-79.4864,Non Intersection,No Control,Other,Dark,Other,Fatal,SMV Other,Driver,20 to 24,Major,,North,"Automobile, Station Wagon",Going Ahead,Lost control,Unknown,,,,,,,,,Yes,,,,,Yes,Yes,Yes,,,,89,Runnymede-Bloor West Village,89,Runnymede-Bloor West Village (89),D11,622055.4986,4834556.4082
12485,80632442,,4/25/2016 8:00:00 AM,1510,LESLIE ST,VAN HORNE AVE,,Major Arterial,North York,43.783667,-79.366519,At Intersection,Traffic Signal,Clear,Daylight,Dry,Non-Fatal Injury,Pedestrian Collisions,Driver,75 to 79,None,,South,"Automobile, Station Wagon",Turning Left,Driving Properly,Normal,,,,,,,Yes,,Yes,,,,,,,,,,,47,Don Valley Village,47,Don Valley Village (47),D33,631438.8656,4849141.3335
12486,80632443,,4/25/2016 8:00:00 AM,1510,LESLIE ST,VAN HORNE AVE,,Major Arterial,North York,43.783667,-79.366519,At Intersection,Traffic Signal,Clear,Daylight,Dry,Non-Fatal Injury,Pedestrian Collisions,Pedestrian,65 to 69,Major,,East,,,,,Vehicle turns left while ped crosses without ROW at inter.,Crossing without right of way,Inattentive,,,,Yes,,Yes,,,,,,,,,,,47,Don Valley Village,47,Don Valley Village (47),D33,631438.8656,4849141.3335
12487,80503076,,4/25/2016 8:00:00 AM,2139,EGLINTON AVE E,BEACHELL ST,,Major Arterial,Scarborough,43.742285,-79.222949,Non Intersection,No Control,Rain,Dark,Wet,Fatal,Pedestrian Collisions,Driver,50 to 54,None,,West,Passenger Van,Going Ahead,Other,Had Been Drinking,,,,,,,Yes,,Yes,,,,,,,,,,,139,Scarborough Village,139,Scarborough Village (139),D43,643090.0577,4844783.2007
12488,80503971,,4/25/2016 8:00:00 AM,2139,EGLINTON AVE E,BEACHELL ST,,Major Arterial,Scarborough,43.742285,-79.222949,Non Intersection,No Control,Rain,Dark,Wet,Fatal,Pedestrian Collisions,Pedestrian,60 to 64,Fatal,28,North,,,,,Pedestrian hit at mid-block,"Crossing, no Traffic Control",Normal,,,,Yes,,Yes,,,,,,,,,,,139,Scarborough Village,139,Scarborough Village (139),D43,643090.0577,4844783.2007
12489,80632444,,4/26/2016 8:00:00 AM,1910,CARRIER DR,WOODBINE DOWNS BLVD,,Collector,Etobicoke York,43.738547,-79.607532,At Intersection,Stop Sign,Clear,Daylight,Dry,Non-Fatal Injury,Angle,Driver,30 to 34,Minor,,North,"Automobile, Station Wagon",Going Ahead,Failed to Yield Right of Way,Inattentive,,,,,,,,,Yes,,,,,,,Yes,,,,1,West Humber-Clairville,1,West Humber-Clairville (1),D23,612129.748,4843775.6691
12490,80632445,,4/26/2016 8:00:00 AM,1910,CARRIER DR,WOODBINE DOWNS BLVD,,Collector,Etobicoke York,43.738547,-79.607532,At Intersection,Stop Sign,Clear,Daylight,Dry,Non-Fatal Injury,Angle,Driver,40 to 44,Major,,West,"Automobile, Station Wagon",Going Ahead,Driving Properly,Normal,,,,,,,,,Yes,,,,,,,Yes,,,,1,West Humber-Clairville,1,West Humber-Clairville (1),D23,612129.748,4843775.6691
12491,80507565,,4/27/2016 8:00:00 AM,1805,LAKE SHORE BLVD W,BRITISH COLUMBIA RD,324 m East o,Major Arterial,Toronto and East York,43.630068,-79.425716,Non Intersection,No Control,Clear,Daylight,Dry,Non-Fatal Injury,Approaching,Driver,30 to 34,Major,,West,"Automobile, Station Wagon",Going Ahead,Other,Inattentive,,,,,,,,,Yes,,,Yes,,,Yes,Yes,,,,163,Fort York-Liberty Village,82,Niagara (82),D14,626999.4656,4831989.7236
12492,80507566,,4/27/2016 8:00:00 AM,1805,LAKE SHORE BLVD W,BRITISH COLUMBIA RD,324 m East o,Major Arterial,Toronto and East York,43.630068,-79.425716,Non Intersection,No Control,Clear,Daylight,Dry,Non-Fatal Injury,Approaching,Driver,50 to 54,Minor,,East,"Automobile, Station Wagon",Going Ahead,Driving Properly,Normal,,,,,,,,,Yes,,,Yes,,,Yes,Yes,,,,163,Fort York-Liberty Village,82,Niagara (82),D14,626999.4656,4831989.7236
12493,80507567,,4/27/2016 8:00:00 AM,1805,LAKE SHORE BLVD W,BRITISH COLUMBIA RD,324 m East o,Major Arterial,Toronto and East York,43.630068,-79.425716,Non Intersection,No Control,Clear,Daylight,Dry,Non-Fatal Injury,Approaching,Driver,20 to 24,None,,East,"Automobile, Station Wagon",Going Ahead,Driving Properly,Normal,,,,,,,,,Yes,,,Yes,,,Yes,Yes,,,,163,Fort York-Liberty Village,82,Niagara (82),D14,626999.4656,4831989.7236
12494,80507568,,4/27/2016 8:00:00 AM,1805,LAKE SHORE BLVD W,BRITISH COLUMBIA RD,324 m East o,Major Arterial,Toronto and East York,43.630068,-79.425716,Non Intersection,No Control,Clear,Daylight,Dry,Non-Fatal Injury,Approaching,Driver,55 to 59,None,,East,"Bus (Other) (Go Bus, Gray Coa",Going Ahead,Driving Properly,Normal,,,,,,,,,Yes,,,Yes,,,Yes,Yes,,,,163,Fort York-Liberty Village,82,Niagara (82),D14,626999.4656,4831989.7236
12495,80632446,,4/27/2016 8:00:00 AM,2038,JARVIS ST,CARLTON ST,,Major Arterial,Toronto and East York,43.662345,-79.376674,At Intersection,Traffic Signal,Clear,"Dark, artificial",Dry,Non-Fatal Injury,Cyclist Collisions,Driver,30 to 34,None,,North,"Automobile, Station Wagon",Going Ahead,Disobeyed Traffic Control,Normal,,,,,,,,Yes,Yes,,,,,,,Yes,Yes,,,73,Moss Park,73,Moss Park (73),D51,630885.6678,4835650.7007
12496,80632447,,4/27/2016 8:00:00 AM,2038,JARVIS ST,CARLTON ST,,Major Arterial,Toronto and East York,43.662345,-79.376674,At Intersection,Traffic Signal,Clear,"Dark, artificial",Dry,Non-Fatal Injury,Cyclist Collisions,Cyclist,25 to 29,Major,,West,Bicycle,Going Ahead,,,,,,"Motorist without ROW drives into path of cyclist at inter, lnwy, dwy-Driver not turn.",Disobeyed Traffic Control,Normal,,Yes,Yes,,,,,,,Yes,Yes,,,73,Moss Park,73,Moss Park (73),D51,630885.6678,4835650.7007
12497,80512231,,4/29/2016 8:00:00 AM,1325,DUFFERIN ST,CROATIA ST,,Major Arterial,Toronto and East York,43.658335,-79.434764,At Intersection,Stop Sign,Clear,Daylight,Dry,Non-Fatal Injury,Cyclist Collisions,Truck Driver,20 to 24,None,,East,"Truck - Closed (Blazer, etc)",Turning Right,Other,Inattentive,,,,,,,,Yes,,,Yes,,,,,,,,,83,Dufferin Grove,83,Dufferin Grove (83),D14,626210.3376,4835115.3355
12498,80512232,,4/29/2016 8:00:00 AM,1325,DUFFERIN ST,CROATIA ST,,Major Arterial,Toronto and East York,43.658335,-79.434764,At Intersection,Stop Sign,Clear,Daylight,Dry,Non-Fatal Injury,Cyclist Collisions,Cyclist,45 to 49,Major,,North,Bicycle,Going Ahead,,,,,,"Motorist turns right at non-signal Inter.(stop, yield, no cont.,and dwy) and strikes cyclist.",Other,Inattentive,,Yes,,,Yes,,,,,,,,,83,Dufferin Grove,83,Dufferin Grove (83),D14,626210.3376,4835115.3355
12499,80512233,,4/29/2016 8:00:00 AM,1930,MILLWOOD RD,MCRAE DR,63 m West of,Collector,North York,43.704878,-79.369037,Non Intersection,No Control,Clear,Daylight,Dry,Non-Fatal Injury,Other,Driver,55 to 59,Minimal,,West,"Automobile, Station Wagon",Going Ahead,Driving Properly,Normal,,,,,,,,,Yes,,,,,Yes,,,,,,56,Leaside-Bennington,56,Leaside-Bennington (56),D53,631408.532,4840386.6514
12500,80512234,,4/29/2016 8:00:00 AM,1930,MILLWOOD RD,MCRAE DR,63 m West of,Collector,North York,43.704878,-79.369037,Non Intersection,No Control,Clear,Daylight,Dry,Non-Fatal Injury,Other,Passenger,20 to 24,Major,,,,,,,,,,,,,,,Yes,,,,,Yes,,,,,,56,Leaside-Bennington,56,Leaside-Bennington (56),D53,631408.532,4840386.6514
12501,80503954,,5/1/2016 8:00:00 AM,2033,AVENUE RD,FELBRIGGE AVE,,Major Arterial,North York,43.734461,-79.419765,Non Intersection,No Control,Rain,"Dark, artificial",Wet,Fatal,Pedestrian Collisions,Pedestrian,90 to 94,Fatal,29,West,,,,,Vehicle is going straight thru inter.while ped cross without ROW,"Crossing, no Traffic Control",Inattentive,,,,Yes,,Yes,,,,,,,,,,,39,Bedford Park-Nortown,39,Bedford Park-Nortown (39),D32,627258.635,4843593.1062
12502,80542228,,5/1/2016 8:00:00 AM,2033,AVENUE RD,FELBRIGGE AVE,,Major Arterial,North York,43.734461,-79.419765,Non Intersection,No Control,Rain,"Dark, artificial",Wet,Fatal,Pedestrian Collisions,Driver,30 to 34,None,,South,"Automobile, Station Wagon",Going Ahead,Driving Properly,Normal,,,,,,,Yes,,Yes,,,,,,,,,,,39,Bedford Park-Nortown,39,Bedford Park-Nortown (39),D32,627258.635,4843593.1062
12503,80632450,,5/3/2016 8:00:00 AM,555,MARKHAM RD,EGLINTON AVE E,1 m North of,Major Arterial,Scarborough,43.743109,-79.218875,Intersection Related,No Control,Clear,Dawn,Dry,Non-Fatal Injury,Pedestrian Collisions,Truck Driver,unknown,None,,North,Truck - Open,Going Ahead,Driving Properly,Normal,,,,,,,Yes,,,,Yes,,,,,,,,,139,Scarborough Village,139,Scarborough Village (139),D43,643416.137,4844881.7636
12504,80632451,,5/3/2016 8:00:00 AM,555,MARKHAM RD,EGLINTON AVE E,1 m North of,Major Arterial,Scarborough,43.743109,-79.218875,Intersection Related,No Control,Clear,Dawn,Dry,Non-Fatal Injury,Pedestrian Collisions,Pedestrian,45 to 49,Major,,South,,,,,Pedestrian hit on sidewalk or shoulder,On Sidewalk or Shoulder,Normal,,,,Yes,,,,Yes,,,,,,,,,139,Scarborough Village,139,Scarborough Village (139),D43,643416.137,4844881.7636
12505,80730464,,5/3/2016 8:00:00 AM,605,OAKWOOD AVE,GLENHURST AVE,,Minor Arterial,Toronto and East York,43.681796,-79.436557,At Intersection,No Control,Clear,"Dawn, artificial",Dry,Non-Fatal Injury,Turning Movement,Driver,55 to 59,Minor,,South,Pick Up Truck,Turning Left,Failed to Yield Right of Way,Inattentive,,,,,,,,,Yes,Yes,,,,,,Yes,,,,107,Oakwood Village,107,Oakwood Village (107),D13,626016.6526,4837718.2665
12506,80730465,,5/3/2016 8:00:00 AM,605,OAKWOOD AVE,GLENHURST AVE,,Minor Arterial,Toronto and East York,43.681796,-79.436557,At Intersection,No Control,Clear,"Dawn, artificial",Dry,Non-Fatal Injury,Turning Movement,Motorcycle Driver,50 to 54,Major,,North,Motorcycle,Going Ahead,Driving Properly,Normal,,,,,,,,,Yes,Yes,,,,,,Yes,,,,107,Oakwood Village,107,Oakwood Village (107),D13,626016.6526,4837718.2665
12507,80504002,,5/3/2016 8:00:00 AM,948,3 SPRUCE HILL RD,,,Local,Toronto and East York,43.672747,-79.288913,Non Intersection,No Control,Clear,Daylight,Dry,Fatal,Pedestrian Collisions,Driver,65 to 69,None,,East,"Automobile, Station Wagon",Turning Right,Lost control,Unknown,,,,,,,Yes,,Yes,,,,,,,,,,,63,The Beaches,63,The Beaches (63),D55,637937.9224,4836948.1812
12508,80504003,,5/3/2016 8:00:00 AM,948,3 SPRUCE HILL RD,,,Local,Toronto and East York,43.672747,-79.288913,Non Intersection,No Control,Clear,Daylight,Dry,Fatal,Pedestrian Collisions,Pedestrian,65 to 69,Fatal,30,Unknown,,,,,Pedestrian hit at parking lot,Other,Normal,,,,Yes,,Yes,,,,,,,,,,,63,The Beaches,63,The Beaches (63),D55,637937.9224,4836948.1812