OBJECTID,INDEX,ACCNUM,DATE,TIME,STREET1,STREET2,OFFSET,ROAD_CLASS,DISTRICT,LATITUDE,LONGITUDE,ACCLOC,TRAFFCTL,VISIBILITY,LIGHT,RDSFCOND,ACCLASS,IMPACTYPE,INVTYPE,INVAGE,INJURY,FATAL_NO,INITDIR,VEHTYPE,MANOEUVER,DRIVACT,DRIVCOND,PEDTYPE,PEDACT,PEDCOND,CYCLISTYPE,CYCACT,CYCCOND,PEDESTRIAN,CYCLIST,AUTOMOBILE,MOTORCYCLE,TRUCK,TRSN_CITY_VEH,EMERG_VEH,PASSENGER,SPEEDING,AG_DRIV,REDLIGHT,ALCOHOL,DISABILITY,HOOD_158,NEIGHBOURHOOD_158,HOOD_140,NEIGHBOURHOOD_140,DIVISION,x,y
12509,80632452,,5/3/2016 8:00:00 AM,1912,SCOTTFIELD DR,FINCH AVE E,80 m South o,Local,Scarborough,43.81,-79.252544,Non Intersection,No Control,Clear,Daylight,Dry,Non-Fatal Injury,SMV Other,Motorcycle Driver,25 to 29,Major,,North,Motorcycle,Going Ahead,Lost control,Normal,,,,,,,,,,Yes,,,,,,,,,,129,Agincourt North,129,Agincourt North (129),D42,640548.2661,4852253.3206
12510,80512383,,5/6/2016 8:00:00 AM,630,920 DANFORTH RD,,,Major Arterial,Scarborough,43.729975,-79.251354,Intersection Related,No Control,Clear,Daylight,Dry,Non-Fatal Injury,Approaching,Driver,45 to 49,Major,,North,"Automobile, Station Wagon",Going Ahead,Lost control,Inattentive,,,,,,,,,Yes,,,,,,Yes,Yes,,,,124,Kennedy Park,124,Kennedy Park (124),D41,640831.6852,4843367.3187
12511,80512384,,5/6/2016 8:00:00 AM,630,920 DANFORTH RD,,,Major Arterial,Scarborough,43.729975,-79.251354,Intersection Related,No Control,Clear,Daylight,Dry,Non-Fatal Injury,Approaching,Driver,25 to 29,Minor,,South,"Automobile, Station Wagon",Going Ahead,Driving Properly,Normal,,,,,,,,,Yes,,,,,,Yes,Yes,,,,124,Kennedy Park,124,Kennedy Park (124),D41,640831.6852,4843367.3187
12512,80512385,,5/6/2016 8:00:00 AM,630,920 DANFORTH RD,,,Major Arterial,Scarborough,43.729975,-79.251354,Intersection Related,No Control,Clear,Daylight,Dry,Non-Fatal Injury,Approaching,Driver,30 to 34,None,,South,"Automobile, Station Wagon",Going Ahead,Driving Properly,Normal,,,,,,,,,Yes,,,,,,Yes,Yes,,,,124,Kennedy Park,124,Kennedy Park (124),D41,640831.6852,4843367.3187
12513,80512386,,5/6/2016 8:00:00 AM,630,920 DANFORTH RD,,,Major Arterial,Scarborough,43.729975,-79.251354,Intersection Related,No Control,Clear,Daylight,Dry,Non-Fatal Injury,Approaching,Driver,unknown,None,,Unknown,"Automobile, Station Wagon",Parked,Driving Properly,Normal,,,,,,,,,Yes,,,,,,Yes,Yes,,,,124,Kennedy Park,124,Kennedy Park (124),D41,640831.6852,4843367.3187
12514,80512391,,5/6/2016 8:00:00 AM,755,WELLINGTON ST E,YONGE ST,25 m East of,Major Arterial,Toronto and East York,43.647834,-79.377361,At/Near Private Drive,No Control,Clear,Daylight,Dry,Non-Fatal Injury,Pedestrian Collisions,Truck Driver,25 to 29,None,,North,"Truck - Closed (Blazer, etc)",Reversing,Other,Normal,,,,,,,Yes,,,,Yes,,,,,,,,,168,Downtown Yonge East,75,Church-Yonge Corridor (75),D51,630861.7917,4834037.9789
12515,80512392,,5/6/2016 8:00:00 AM,755,WELLINGTON ST E,YONGE ST,25 m East of,Major Arterial,Toronto and East York,43.647834,-79.377361,At/Near Private Drive,No Control,Clear,Daylight,Dry,Non-Fatal Injury,Pedestrian Collisions,Pedestrian,30 to 34,Major,,Unknown,,,,,Pedestrian hit at private driveway,Other,Normal,,,,Yes,,,,Yes,,,,,,,,,168,Downtown Yonge East,75,Church-Yonge Corridor (75),D51,630861.7917,4834037.9789
12516,80512445,,5/6/2016 8:00:00 AM,2025,ADELAIDE ST W,TECUMSETH ST,51 m West of,Collector,Toronto and East York,43.644461,-79.40652,Non Intersection,No Control,Clear,Dusk,Dry,Non-Fatal Injury,Other,Driver,30 to 34,None,,East,"Automobile, Station Wagon",Going Ahead,Driving Properly,Normal,,,,,,,,,Yes,,,,,Yes,,,,,,162,West Queen West,82,Niagara (82),D14,628517.3594,4833617.7963
12517,80512446,,5/6/2016 8:00:00 AM,2025,ADELAIDE ST W,TECUMSETH ST,51 m West of,Collector,Toronto and East York,43.644461,-79.40652,Non Intersection,No Control,Clear,Dusk,Dry,Non-Fatal Injury,Other,Passenger,35 to 39,Major,,,,,,,,,,,,,,,Yes,,,,,Yes,,,,,,162,West Queen West,82,Niagara (82),D14,628517.3594,4833617.7963
12518,80512449,,5/7/2016 8:00:00 AM,15,SHEPPARD AVE W,EASTON RD,14 m East of,Major Arterial,North York,43.758208,-79.425723,Intersection Related,No Control,Clear,"Dark, artificial",Dry,Non-Fatal Injury,Pedestrian Collisions,Driver,25 to 29,None,,West,"Automobile, Station Wagon",Going Ahead,Driving Properly,Normal,,,,,,,Yes,,Yes,,,,,,,Yes,,,,38,Lansing-Westgate,38,Lansing-Westgate (38),D32,626728.7026,4846221.4268
12519,80512450,,5/7/2016 8:00:00 AM,15,SHEPPARD AVE W,EASTON RD,14 m East of,Major Arterial,North York,43.758208,-79.425723,Intersection Related,No Control,Clear,"Dark, artificial",Dry,Non-Fatal Injury,Pedestrian Collisions,Pedestrian,20 to 24,Major,,South,,,,,Pedestrian hit at mid-block,"Crossing, no Traffic Control",Inattentive,,,,Yes,,Yes,,,,,,,Yes,,,,38,Lansing-Westgate,38,Lansing-Westgate (38),D32,626728.7026,4846221.4268
12520,80512538,,5/8/2016 8:00:00 AM,1133,BROADVIEW AVE,JACK LAYTON WAY,,Minor Arterial,Toronto and East York,43.666148,-79.352901,Intersection Related,No Control,Clear,Daylight,Dry,Non-Fatal Injury,Sideswipe,Driver,70 to 74,None,,North,"Automobile, Station Wagon",Pulling Away from Shoulder or Curb,Failed to Yield Right of Way,Normal,,,,,,,,,Yes,Yes,,,,,,Yes,,,,68,North Riverdale,68,North Riverdale (68),D55,632794.0746,4836110.8539
12521,80512539,,5/8/2016 8:00:00 AM,1133,BROADVIEW AVE,JACK LAYTON WAY,,Minor Arterial,Toronto and East York,43.666148,-79.352901,Intersection Related,No Control,Clear,Daylight,Dry,Non-Fatal Injury,Sideswipe,Motorcycle Driver,30 to 34,Major,,North,Motorcycle,Going Ahead,Driving Properly,Normal,,,,,,,,,Yes,Yes,,,,,,Yes,,,,68,North Riverdale,68,North Riverdale (68),D55,632794.0746,4836110.8539
12522,80632453,,5/10/2016 8:00:00 AM,648,FINCH AVE W,SIGNET DR,25 m East of,Major Arterial,Etobicoke York,43.753218,-79.53622,At Intersection,Traffic Signal,Clear,Daylight,Dry,Non-Fatal Injury,Cyclist Collisions,Cyclist,30 to 34,Minimal,,East,Bicycle,Going Ahead,,,,,,Cyclist and Driver travelling in same direction. One vehicle sideswipes the other.,Lost control,Normal,,Yes,Yes,,,,,,,,,,,22,Humbermede,22,Humbermede (22),D31,617843.4611,4845504.0751
12523,80632454,,5/10/2016 8:00:00 AM,648,FINCH AVE W,SIGNET DR,25 m East of,Major Arterial,Etobicoke York,43.753218,-79.53622,At Intersection,Traffic Signal,Clear,Daylight,Dry,Non-Fatal Injury,Cyclist Collisions,Driver,30 to 34,Major,,East,"Automobile, Station Wagon",Going Ahead,Driving Properly,Normal,,,,,,,,Yes,Yes,,,,,,,,,,,22,Humbermede,22,Humbermede (22),D31,617843.4611,4845504.0751
12524,80632469,,5/15/2016 8:00:00 AM,30,DUNDAS ST W,OSSINGTON AVE,40 m East of,Major Arterial,Toronto and East York,43.649394,-79.420032,Non Intersection,No Control,Clear,Dark,Dry,Non-Fatal Injury,Cyclist Collisions,Driver,unknown,None,,West,"Automobile, Station Wagon",Making U Turn,Improper Turn,Inattentive,,,,,,,,Yes,Yes,,,,,,,,,,,81,Trinity-Bellwoods,81,Trinity-Bellwoods (81),D14,627417.1481,4834144.8349
12525,80632470,,5/15/2016 8:00:00 AM,30,DUNDAS ST W,OSSINGTON AVE,40 m East of,Major Arterial,Toronto and East York,43.649394,-79.420032,Non Intersection,No Control,Clear,Dark,Dry,Non-Fatal Injury,Cyclist Collisions,Cyclist,20 to 24,Major,,East,Bicycle,Going Ahead,,,,,,Motorist makes u-turn in-front of cyclist.,Driving Properly,Normal,,Yes,Yes,,,,,,,,,,,81,Trinity-Bellwoods,81,Trinity-Bellwoods (81),D14,627417.1481,4834144.8349
12526,80632455,,5/17/2016 8:00:00 AM,820,2632 EGLINTON AVE E,,18 m East of,Major Arterial,Scarborough,43.735991,-79.25098,Non Intersection,No Control,Clear,Daylight,Dry,Non-Fatal Injury,Pedestrian Collisions,Driver,60 to 64,None,,West,Passenger Van,Going Ahead,Driving Properly,Normal,,,,,,,Yes,,Yes,,,,,Yes,,,,,,124,Kennedy Park,124,Kennedy Park (124),D41,640847.7021,4844036.1211
12527,80632456,,5/17/2016 8:00:00 AM,820,2632 EGLINTON AVE E,,18 m East of,Major Arterial,Scarborough,43.735991,-79.25098,Non Intersection,No Control,Clear,Daylight,Dry,Non-Fatal Injury,Pedestrian Collisions,Passenger,30 to 34,None,,,,,,,,,,,,,Yes,,Yes,,,,,Yes,,,,,,124,Kennedy Park,124,Kennedy Park (124),D41,640847.7021,4844036.1211
12528,80632457,,5/17/2016 8:00:00 AM,820,2632 EGLINTON AVE E,,18 m East of,Major Arterial,Scarborough,43.735991,-79.25098,Non Intersection,No Control,Clear,Daylight,Dry,Non-Fatal Injury,Pedestrian Collisions,Pedestrian,75 to 79,Major,,North,,,,,Pedestrian hit at mid-block,"Crossing, no Traffic Control",Normal,,,,Yes,,Yes,,,,,Yes,,,,,,124,Kennedy Park,124,Kennedy Park (124),D41,640847.7021,4844036.1211
12529,80503972,,5/17/2016 8:00:00 AM,1414,JANE ST,TROUTBROOKE DR,,Major Arterial,Etobicoke York,43.731806,-79.511264,At Intersection,Traffic Signal,Clear,Daylight,Dry,Fatal,Turning Movement,Driver,55 to 59,None,,South,"Automobile, Station Wagon",Turning Left,Failed to Yield Right of Way,Normal,,,,,,,,,Yes,Yes,,,,,,Yes,,,,154,Oakdale-Beverley Heights,26,Downsview-Roding-CFB (26),D31,619895.3238,4843161.77
12530,80542229,,5/17/2016 8:00:00 AM,1414,JANE ST,TROUTBROOKE DR,,Major Arterial,Etobicoke York,43.731806,-79.511264,At Intersection,Traffic Signal,Clear,Daylight,Dry,Fatal,Turning Movement,Motorcycle Driver,30 to 34,Fatal,31,North,Motorcycle,Going Ahead,Driving Properly,Normal,,,,,,,,,Yes,Yes,,,,,,Yes,,,,154,Oakdale-Beverley Heights,26,Downsview-Roding-CFB (26),D31,619895.3238,4843161.77
12531,80771079,,5/18/2016 8:00:00 AM,400,ALBION RD,MARTIN GROVE RD,10 m West of,Major Arterial,Etobicoke York,43.742179,-79.595989,Non Intersection,No Control,Clear,"Dark, artificial",Dry,Non-Fatal Injury,Pedestrian Collisions,Driver,35 to 39,None,,East,"Automobile, Station Wagon",Reversing,Other,Had Been Drinking,,,,,,,Yes,,Yes,,,,,,,,,,,1,West Humber-Clairville,1,West Humber-Clairville (1),D23,613052.4289,4844194.7404
12532,80771136,,5/18/2016 8:00:00 AM,400,ALBION RD,MARTIN GROVE RD,10 m West of,Major Arterial,Etobicoke York,43.742179,-79.595989,Non Intersection,No Control,Clear,"Dark, artificial",Dry,Non-Fatal Injury,Pedestrian Collisions,Pedestrian,35 to 39,Major,,Unknown,,,,,Vehicle is reversing and hits pedestrian,Other,Had Been Drinking,,,,Yes,,Yes,,,,,,,,,,,1,West Humber-Clairville,1,West Humber-Clairville (1),D23,613052.4289,4844194.7404
12533,80927145,,5/18/2016 8:00:00 AM,600,TWENTY FOURTH STREET,LAKESHORE BOULEVARD,46 m North o,Local,Etobicoke York,43.597373,-79.522662,Non Intersection,No Control,Clear,Daylight,Dry,Non-Fatal Injury,Pedestrian Collisions,Pedestrian,80 to 84,Major,,East,,,,,Vehicle is reversing and hits pedestrian,Other,Normal,,,,Yes,,Yes,,,,,,,,,,,19,Long Branch,19,Long Branch (19),D22,619243.2383,4828214.8071
12534,80927146,,5/18/2016 8:00:00 AM,600,TWENTY FOURTH STREET,LAKESHORE BOULEVARD,46 m North o,Local,Etobicoke York,43.597373,-79.522662,Non Intersection,No Control,Clear,Daylight,Dry,Non-Fatal Injury,Pedestrian Collisions,Driver,20 to 24,None,,North,"Automobile, Station Wagon",Reversing,Other,Inattentive,,,,,,,Yes,,Yes,,,,,,,,,,,19,Long Branch,19,Long Branch (19),D22,619243.2383,4828214.8071
12535,80632458,,5/18/2016 8:00:00 AM,845,580 CHRISTIE ST,,2 m East of,Minor Arterial,Toronto and East York,43.679186,-79.42467,At/Near Private Drive,No Control,Clear,Daylight,Dry,Non-Fatal Injury,Cyclist Collisions,Driver,30 to 34,None,,North,Delivery Van,Turning Left,Failed to Yield Right of Way,Other,,,,,,,,Yes,Yes,,,,,Yes,,Yes,,,,94,Wychwood,94,Wychwood (94),D13,626980.2836,4837446.5206
12536,80632459,,5/18/2016 8:00:00 AM,845,580 CHRISTIE ST,,2 m East of,Minor Arterial,Toronto and East York,43.679186,-79.42467,At/Near Private Drive,No Control,Clear,Daylight,Dry,Non-Fatal Injury,Cyclist Collisions,Cyclist,20 to 24,Major,,South,Bicycle,Going Ahead,,,,,,Motorist turned left across cyclists path.,Driving Properly,Normal,,Yes,Yes,,,,,Yes,,Yes,,,,94,Wychwood,94,Wychwood (94),D13,626980.2836,4837446.5206
12537,80632460,,5/18/2016 8:00:00 AM,845,580 CHRISTIE ST,,2 m East of,Minor Arterial,Toronto and East York,43.679186,-79.42467,At/Near Private Drive,No Control,Clear,Daylight,Dry,Non-Fatal Injury,Cyclist Collisions,Passenger,30 to 34,None,,,,,,,,,,,,,,Yes,Yes,,,,,Yes,,Yes,,,,94,Wychwood,94,Wychwood (94),D13,626980.2836,4837446.5206
12538,80732211,,5/19/2016 8:00:00 AM,1200,JANE ST,400 S JANE ST RAMP,,Major Arterial,Etobicoke York,43.710971,-79.505931,At Intersection,Traffic Signal,Clear,Daylight,Dry,Non-Fatal Injury,Turning Movement,Driver,55 to 59,Minor,,South,Pick Up Truck,Turning Left,Failed to Yield Right of Way,Normal,,,,,,,,,Yes,,,,,,,Yes,,,,28,Rustic,28,Rustic (28),D12,620366.5347,4840855.4798
12539,80732212,,5/19/2016 8:00:00 AM,1200,JANE ST,400 S JANE ST RAMP,,Major Arterial,Etobicoke York,43.710971,-79.505931,At Intersection,Traffic Signal,Clear,Daylight,Dry,Non-Fatal Injury,Turning Movement,Driver,30 to 34,Major,,North,"Automobile, Station Wagon",Going Ahead,Driving Properly,Normal,,,,,,,,,Yes,,,,,,,Yes,,,,28,Rustic,28,Rustic (28),D12,620366.5347,4840855.4798
12540,80632463,,5/19/2016 8:00:00 AM,2008,FINCH AVE E,MARKHAM RD,,Major Arterial,Scarborough,43.812899,-79.243037,Intersection Related,Traffic Signal,Clear,Daylight,Dry,Non-Fatal Injury,Rear End,Motorcycle Driver,25 to 29,Major,,North,Motorcycle,Changing Lanes,Following too Close,Normal,,,,,,,,,Yes,Yes,,,,,,Yes,,,,145,Malvern West,132,Malvern (132),D42,641306.0874,4852591.4955
12541,80632464,,5/19/2016 8:00:00 AM,2008,FINCH AVE E,MARKHAM RD,,Major Arterial,Scarborough,43.812899,-79.243037,Intersection Related,Traffic Signal,Clear,Daylight,Dry,Non-Fatal Injury,Rear End,Driver,40 to 44,None,,North,Pick Up Truck,Changing Lanes,Driving Properly,Normal,,,,,,,,,Yes,Yes,,,,,,Yes,,,,145,Malvern West,132,Malvern (132),D42,641306.0874,4852591.4955
12542,80632465,,5/20/2016 8:00:00 AM,1430,EGLINTON AVE W,OAKWOOD AVE,,Major Arterial,North York,43.69723,-79.442752,At Intersection,Traffic Signal,Clear,"Daylight, artificial",Dry,Non-Fatal Injury,Pedestrian Collisions,Driver,75 to 79,None,,North,"Automobile, Station Wagon",Turning Right,Lost control,Inattentive,,,,,,,Yes,,Yes,,,,,,,,,,,107,Oakwood Village,107,Oakwood Village (107),D13,625485.129,4839423.0289
12543,80632466,,5/20/2016 8:00:00 AM,1430,EGLINTON AVE W,OAKWOOD AVE,,Major Arterial,North York,43.69723,-79.442752,At Intersection,Traffic Signal,Clear,"Daylight, artificial",Dry,Non-Fatal Injury,Pedestrian Collisions,Driver,30 to 34,None,,East,"Automobile, Station Wagon",Going Ahead,Driving Properly,Normal,,,,,,,Yes,,Yes,,,,,,,,,,,107,Oakwood Village,107,Oakwood Village (107),D13,625485.129,4839423.0289
12544,80632467,,5/20/2016 8:00:00 AM,1430,EGLINTON AVE W,OAKWOOD AVE,,Major Arterial,North York,43.69723,-79.442752,At Intersection,Traffic Signal,Clear,"Daylight, artificial",Dry,Non-Fatal Injury,Pedestrian Collisions,Driver,55 to 59,None,,East,"Automobile, Station Wagon",Parked,Other,Unknown,,,,,,,Yes,,Yes,,,,,,,,,,,107,Oakwood Village,107,Oakwood Village (107),D13,625485.129,4839423.0289
12545,80632468,,5/20/2016 8:00:00 AM,1430,EGLINTON AVE W,OAKWOOD AVE,,Major Arterial,North York,43.69723,-79.442752,At Intersection,Traffic Signal,Clear,"Daylight, artificial",Dry,Non-Fatal Injury,Pedestrian Collisions,Pedestrian,70 to 74,Major,,Unknown,,,,,Pedestrian hit on sidewalk or shoulder,On Sidewalk or Shoulder,Normal,,,,Yes,,Yes,,,,,,,,,,,107,Oakwood Village,107,Oakwood Village (107),D13,625485.129,4839423.0289
12546,80632471,,5/21/2016 8:00:00 AM,1300,REESOR RD,OLD FINCH AVE,400 m North ,Collector,Scarborough,43.828662,-79.190494,Non Intersection,No Control,Clear,Daylight,Dry,Non-Fatal Injury,SMV Other,Motorcycle Driver,55 to 59,Major,,North,Motorcycle,Going Ahead,Lost control,Normal,,,,,,,,,,Yes,,,,,,,,,,144,Morningside Heights,131,Rouge (131),D42,645493.6816,4854433.3231
12547,80632472,,5/22/2016 8:00:00 AM,1815,DANFORTH AVE,PHARMACY AVE,,Major Arterial,Scarborough,43.692256,-79.283344,At Intersection,Traffic Signal,Clear,Daylight,Dry,Non-Fatal Injury,Pedestrian Collisions,Driver,20 to 24,None,,West,"Automobile, Station Wagon",Going Ahead,Driving Properly,Normal,,,,,,,Yes,,Yes,,,,,Yes,,,,,,121,Oakridge,121,Oakridge (121),D41,638342.0182,4839124.204
12548,80632473,,5/22/2016 8:00:00 AM,1815,DANFORTH AVE,PHARMACY AVE,,Major Arterial,Scarborough,43.692256,-79.283344,At Intersection,Traffic Signal,Clear,Daylight,Dry,Non-Fatal Injury,Pedestrian Collisions,Passenger,20 to 24,None,,,,,,,,,,,,,Yes,,Yes,,,,,Yes,,,,,,121,Oakridge,121,Oakridge (121),D41,638342.0182,4839124.204
12549,80632474,,5/22/2016 8:00:00 AM,1815,DANFORTH AVE,PHARMACY AVE,,Major Arterial,Scarborough,43.692256,-79.283344,At Intersection,Traffic Signal,Clear,Daylight,Dry,Non-Fatal Injury,Pedestrian Collisions,Pedestrian,10 to 14,Major,,South,,,,,Vehicle is going straight thru inter.while ped cross without ROW,Crossing without right of way,Normal,,,,Yes,,Yes,,,,,Yes,,,,,,121,Oakridge,121,Oakridge (121),D41,638342.0182,4839124.204
12550,80542267,,5/24/2016 8:00:00 AM,1350,HIGHWAY 27  N,HUMBER COLLEGE BLVD,,Major Arterial,Etobicoke York,43.727339,-79.600063,Non Intersection,No Control,Clear,Daylight,Dry,Fatal,Rear End,Passenger,15 to 19,Minor,,,,,,,,,,,,,,,Yes,,Yes,,,Yes,Yes,Yes,,,,1,West Humber-Clairville,1,West Humber-Clairville (1),D23,612752.2298,4842540.9977
12551,80542269,,5/24/2016 8:00:00 AM,1350,HIGHWAY 27  N,HUMBER COLLEGE BLVD,,Major Arterial,Etobicoke York,43.727339,-79.600063,Non Intersection,No Control,Clear,Daylight,Dry,Fatal,Rear End,Driver,20 to 24,Minor,,North,"Automobile, Station Wagon",Going Ahead,Exceeding Speed Limit,"Ability Impaired, Drugs",,,,,,,,,Yes,,Yes,,,Yes,Yes,Yes,,,,1,West Humber-Clairville,1,West Humber-Clairville (1),D23,612752.2298,4842540.9977
12552,80542270,,5/24/2016 8:00:00 AM,1350,HIGHWAY 27  N,HUMBER COLLEGE BLVD,,Major Arterial,Etobicoke York,43.727339,-79.600063,Non Intersection,No Control,Clear,Daylight,Dry,Fatal,Rear End,Driver,55 to 59,Minor,,North,"Automobile, Station Wagon",Going Ahead,Driving Properly,Normal,,,,,,,,,Yes,,Yes,,,Yes,Yes,Yes,,,,1,West Humber-Clairville,1,West Humber-Clairville (1),D23,612752.2298,4842540.9977
12553,80542271,,5/24/2016 8:00:00 AM,1350,HIGHWAY 27  N,HUMBER COLLEGE BLVD,,Major Arterial,Etobicoke York,43.727339,-79.600063,Non Intersection,No Control,Clear,Daylight,Dry,Fatal,Rear End,Truck Driver,25 to 29,None,,South,Truck - Dump,Going Ahead,Driving Properly,Normal,,,,,,,,,Yes,,Yes,,,Yes,Yes,Yes,,,,1,West Humber-Clairville,1,West Humber-Clairville (1),D23,612752.2298,4842540.9977
12554,80542277,,5/24/2016 8:00:00 AM,1350,HIGHWAY 27  N,HUMBER COLLEGE BLVD,,Major Arterial,Etobicoke York,43.727339,-79.600063,Non Intersection,No Control,Clear,Daylight,Dry,Fatal,Rear End,Driver,70 to 74,Fatal,32,North,"Automobile, Station Wagon",Going Ahead,Driving Properly,Normal,,,,,,,,,Yes,,Yes,,,Yes,Yes,Yes,,,,1,West Humber-Clairville,1,West Humber-Clairville (1),D23,612752.2298,4842540.9977
12555,80632475,,5/25/2016 8:00:00 AM,13,HIGHWAY 27  N,REXDALE BLVD,20 m South o,Major Arterial,Etobicoke York,43.717196,-79.595577,At Intersection,Traffic Signal,Clear,"Dark, artificial",Dry,Non-Fatal Injury,Rear End,Truck Driver,55 to 59,Major,,North,Truck-Tractor,Going Ahead,Speed too Fast For Condition,Unknown,,,,,,,,,Yes,,Yes,,,,Yes,Yes,,,,1,West Humber-Clairville,1,West Humber-Clairville (1),D23,613132.6278,4841420.5898
12556,80632476,,5/25/2016 8:00:00 AM,13,HIGHWAY 27  N,REXDALE BLVD,20 m South o,Major Arterial,Etobicoke York,43.717196,-79.595577,At Intersection,Traffic Signal,Clear,"Dark, artificial",Dry,Non-Fatal Injury,Rear End,Truck Driver,40 to 44,Minor,,North,Truck - Dump,Stopped,Driving Properly,Normal,,,,,,,,,Yes,,Yes,,,,Yes,Yes,,,,1,West Humber-Clairville,1,West Humber-Clairville (1),D23,613132.6278,4841420.5898
12557,80632477,,5/25/2016 8:00:00 AM,13,HIGHWAY 27  N,REXDALE BLVD,20 m South o,Major Arterial,Etobicoke York,43.717196,-79.595577,At Intersection,Traffic Signal,Clear,"Dark, artificial",Dry,Non-Fatal Injury,Rear End,Driver,50 to 54,None,,North,"Automobile, Station Wagon",Stopped,Driving Properly,Normal,,,,,,,,,Yes,,Yes,,,,Yes,Yes,,,,1,West Humber-Clairville,1,West Humber-Clairville (1),D23,613132.6278,4841420.5898
12558,80565157,,5/25/2016 8:00:00 AM,1525,182 JAMESON AVE,,3 m East of,Minor Arterial,Toronto and East York,43.638697,-79.436633,Non Intersection,No Control,Clear,Daylight,Dry,Non-Fatal Injury,Pedestrian Collisions,Driver,35 to 39,None,,South,"Automobile, Station Wagon",Going Ahead,Driving Properly,Normal,,,,,,,Yes,,Yes,,,,,Yes,,,,,,85,South Parkdale,85,South Parkdale (85),D14,626100.7196,4832931.4403
12559,80565158,,5/25/2016 8:00:00 AM,1525,182 JAMESON AVE,,3 m East of,Minor Arterial,Toronto and East York,43.638697,-79.436633,Non Intersection,No Control,Clear,Daylight,Dry,Non-Fatal Injury,Pedestrian Collisions,Passenger,40 to 44,None,,,,,,,,,,,,,Yes,,Yes,,,,,Yes,,,,,,85,South Parkdale,85,South Parkdale (85),D14,626100.7196,4832931.4403
12560,80565159,,5/25/2016 8:00:00 AM,1525,182 JAMESON AVE,,3 m East of,Minor Arterial,Toronto and East York,43.638697,-79.436633,Non Intersection,No Control,Clear,Daylight,Dry,Non-Fatal Injury,Pedestrian Collisions,Passenger,5 to 9,None,,,,,,,,,,,,,Yes,,Yes,,,,,Yes,,,,,,85,South Parkdale,85,South Parkdale (85),D14,626100.7196,4832931.4403
12561,80565160,,5/25/2016 8:00:00 AM,1525,182 JAMESON AVE,,3 m East of,Minor Arterial,Toronto and East York,43.638697,-79.436633,Non Intersection,No Control,Clear,Daylight,Dry,Non-Fatal Injury,Pedestrian Collisions,Passenger,5 to 9,None,,,,,,,,,,,,,Yes,,Yes,,,,,Yes,,,,,,85,South Parkdale,85,South Parkdale (85),D14,626100.7196,4832931.4403
12562,80565161,,5/25/2016 8:00:00 AM,1525,182 JAMESON AVE,,3 m East of,Minor Arterial,Toronto and East York,43.638697,-79.436633,Non Intersection,No Control,Clear,Daylight,Dry,Non-Fatal Injury,Pedestrian Collisions,Pedestrian,0 to 4,Major,,East,,,,,Pedestrian hit at mid-block,Running onto Roadway,Inattentive,,,,Yes,,Yes,,,,,Yes,,,,,,85,South Parkdale,85,South Parkdale (85),D14,626100.7196,4832931.4403
12563,80564860,,5/27/2016 8:00:00 AM,1953,MARKHAM RD,BLAKEMANOR BLVD,,Major Arterial,Scarborough,43.751013,-79.222255,At Intersection,Traffic Signal,Clear,Daylight,Dry,Non-Fatal Injury,Pedestrian Collisions,Driver,35 to 39,Minor,,South,"Automobile, Station Wagon",Turning Left,Improper Turn,Normal,,,,,,,Yes,,Yes,,,Yes,,,,,,,,141,Golfdale-Cedarbrae-Woburn,137,Woburn (137),D43,643125.1358,4845753.7773
12564,80564861,,5/27/2016 8:00:00 AM,1953,MARKHAM RD,BLAKEMANOR BLVD,,Major Arterial,Scarborough,43.751013,-79.222255,At Intersection,Traffic Signal,Clear,Daylight,Dry,Non-Fatal Injury,Pedestrian Collisions,Driver,40 to 44,None,,North,Municipal Transit Bus (TTC),Going Ahead,Driving Properly,Normal,,,,,,,Yes,,Yes,,,Yes,,,,,,,,141,Golfdale-Cedarbrae-Woburn,137,Woburn (137),D43,643125.1358,4845753.7773
12565,80564862,,5/27/2016 8:00:00 AM,1953,MARKHAM RD,BLAKEMANOR BLVD,,Major Arterial,Scarborough,43.751013,-79.222255,At Intersection,Traffic Signal,Clear,Daylight,Dry,Non-Fatal Injury,Pedestrian Collisions,Pedestrian,40 to 44,Major,,Unknown,,,,,Pedestrian hit on sidewalk or shoulder,On Sidewalk or Shoulder,Normal,,,,Yes,,Yes,,,Yes,,,,,,,,141,Golfdale-Cedarbrae-Woburn,137,Woburn (137),D43,643125.1358,4845753.7773
12566,80542492,,5/27/2016 8:00:00 AM,2150,LAWRENCE AVE E,MCCOWAN RD,,Major Arterial,Scarborough,43.755477,-79.245387,At Intersection,Traffic Signal,Clear,"Dark, artificial",Dry,Non-Fatal Injury,Turning Movement,Driver,65 to 69,Minimal,,South,"Automobile, Station Wagon",Turning Left,Disobeyed Traffic Control,Inattentive,,,,,,,,,Yes,Yes,,,,Yes,,Yes,Yes,,,157,Bendale South,127,Bendale (127),D43,641252.2672,4846209.8607
12567,80542493,,5/27/2016 8:00:00 AM,2150,LAWRENCE AVE E,MCCOWAN RD,,Major Arterial,Scarborough,43.755477,-79.245387,At Intersection,Traffic Signal,Clear,"Dark, artificial",Dry,Non-Fatal Injury,Turning Movement,Motorcycle Driver,40 to 44,Major,,North,Motorcycle,Going Ahead,Driving Properly,Normal,,,,,,,,,Yes,Yes,,,,Yes,,Yes,Yes,,,157,Bendale South,127,Bendale (127),D43,641252.2672,4846209.8607