OBJECTID,INDEX,ACCNUM,DATE,TIME,STREET1,STREET2,OFFSET,ROAD_CLASS,DISTRICT,LATITUDE,LONGITUDE,ACCLOC,TRAFFCTL,VISIBILITY,LIGHT,RDSFCOND,ACCLASS,IMPACTYPE,INVTYPE,INVAGE,INJURY,FATAL_NO,INITDIR,VEHTYPE,MANOEUVER,DRIVACT,DRIVCOND,PEDTYPE,PEDACT,PEDCOND,CYCLISTYPE,CYCACT,CYCCOND,PEDESTRIAN,CYCLIST,AUTOMOBILE,MOTORCYCLE,TRUCK,TRSN_CITY_VEH,EMERG_VEH,PASSENGER,SPEEDING,AG_DRIV,REDLIGHT,ALCOHOL,DISABILITY,HOOD_158,NEIGHBOURHOOD_158,HOOD_140,NEIGHBOURHOOD_140,DIVISION,x,y
12568,80542494,,5/27/2016 8:00:00 AM,2150,LAWRENCE AVE E,MCCOWAN RD,,Major Arterial,Scarborough,43.755477,-79.245387,At Intersection,Traffic Signal,Clear,"Dark, artificial",Dry,Non-Fatal Injury,Turning Movement,Motorcycle Passenger,10 to 14,Major,,,,,,,,,,,,,,,Yes,Yes,,,,Yes,,Yes,Yes,,,157,Bendale South,127,Bendale (127),D43,641252.2672,4846209.8607
12569,80543286,,5/28/2016 8:00:00 AM,1150,JANE ST,MAPLE LEAF DR,,Major Arterial,Etobicoke York,43.709174,-79.505519,At Intersection,Traffic Signal,Clear,Daylight,Dry,Non-Fatal Injury,Turning Movement,Driver,60 to 64,None,,South,"Automobile, Station Wagon",Turning Left,Failed to Yield Right of Way,Inattentive,,,,,,,,,Yes,Yes,,,,,,Yes,,,,28,Rustic,28,Rustic (28),D12,620403.325,4840656.4963
12570,80543287,,5/28/2016 8:00:00 AM,1150,JANE ST,MAPLE LEAF DR,,Major Arterial,Etobicoke York,43.709174,-79.505519,At Intersection,Traffic Signal,Clear,Daylight,Dry,Non-Fatal Injury,Turning Movement,Motorcycle Driver,20 to 24,Major,,North,Motorcycle,Going Ahead,Driving Properly,Normal,,,,,,,,,Yes,Yes,,,,,,Yes,,,,28,Rustic,28,Rustic (28),D12,620403.325,4840656.4963
12571,80542268,,5/28/2016 8:00:00 AM,1800,THE WEST MALL,WESTSIDE DR,,Minor Arterial,Etobicoke York,43.618773,-79.564426,Non Intersection,No Control,Clear,Daylight,Dry,Fatal,Approaching,Passenger,65 to 69,Major,,,,,,,,,,,,,,,Yes,,,,,Yes,Yes,Yes,,,,159,Etobicoke City Centre,14,Islington-City Centre West (14),D22,615831.1506,4830532.4274
12572,80542280,,5/28/2016 8:00:00 AM,1800,THE WEST MALL,WESTSIDE DR,,Minor Arterial,Etobicoke York,43.618773,-79.564426,Non Intersection,No Control,Clear,Daylight,Dry,Fatal,Approaching,Driver,20 to 24,Fatal,33,South,"Automobile, Station Wagon",Changing Lanes,Lost control,Inattentive,,,,,,,,,Yes,,,,,Yes,Yes,Yes,,,,159,Etobicoke City Centre,14,Islington-City Centre West (14),D22,615831.1506,4830532.4274
12573,80542824,,5/28/2016 8:00:00 AM,1800,THE WEST MALL,WESTSIDE DR,,Minor Arterial,Etobicoke York,43.618773,-79.564426,Non Intersection,No Control,Clear,Daylight,Dry,Fatal,Approaching,Driver,25 to 29,Major,,North,"Automobile, Station Wagon",Going Ahead,Driving Properly,Normal,,,,,,,,,Yes,,,,,Yes,Yes,Yes,,,,159,Etobicoke City Centre,14,Islington-City Centre West (14),D22,615831.1506,4830532.4274
12574,80543378,,5/28/2016 8:00:00 AM,2005,RICHMOND ST W,UNIVERSITY AVE,,Major Arterial,Toronto and East York,43.650012,-79.386249,At Intersection,Traffic Signal,Clear,Daylight,Dry,Non-Fatal Injury,Cyclist Collisions,Driver,unknown,None,,West,"Automobile, Station Wagon",Turning Right,Failed to Yield Right of Way,Inattentive,,,,,,,,Yes,Yes,,,,,,,Yes,,,,170,Yonge-Bay Corridor,76,Bay Street Corridor (76),D52,630140.2852,4834265.8973
12575,80543379,,5/28/2016 8:00:00 AM,2005,RICHMOND ST W,UNIVERSITY AVE,,Major Arterial,Toronto and East York,43.650012,-79.386249,At Intersection,Traffic Signal,Clear,Daylight,Dry,Non-Fatal Injury,Cyclist Collisions,Cyclist,25 to 29,Major,,West,Bicycle,Going Ahead,,,,,,Motorist turning right on green or amber at signalized intersection strikes cyclist.,Driving Properly,Normal,,Yes,Yes,,,,,,,Yes,,,,170,Yonge-Bay Corridor,76,Bay Street Corridor (76),D52,630140.2852,4834265.8973
12576,80542589,,5/29/2016 8:00:00 AM,1755,SPADINA RD,BERNARD AVE,90 m South o,Minor Arterial,Toronto and East York,43.671214,-79.405658,At/Near Private Drive,No Control,Clear,Daylight,Dry,Non-Fatal Injury,Turning Movement,Driver,30 to 34,None,,East,"Automobile, Station Wagon",Turning Left,Failed to Yield Right of Way,Inattentive,,,,,,,,,Yes,Yes,,,,Yes,,Yes,,,,95,Annex,95,Annex (95),D53,628529.7891,4836590.4049
12577,80542590,,5/29/2016 8:00:00 AM,1755,SPADINA RD,BERNARD AVE,90 m South o,Minor Arterial,Toronto and East York,43.671214,-79.405658,At/Near Private Drive,No Control,Clear,Daylight,Dry,Non-Fatal Injury,Turning Movement,Motorcycle Driver,20 to 24,Major,,South,Motorcycle,Going Ahead,Driving Properly,Normal,,,,,,,,,Yes,Yes,,,,Yes,,Yes,,,,95,Annex,95,Annex (95),D53,628529.7891,4836590.4049
12578,80542591,,5/29/2016 8:00:00 AM,1755,SPADINA RD,BERNARD AVE,90 m South o,Minor Arterial,Toronto and East York,43.671214,-79.405658,At/Near Private Drive,No Control,Clear,Daylight,Dry,Non-Fatal Injury,Turning Movement,Passenger,30 to 34,None,,,,,,,,,,,,,,,Yes,Yes,,,,Yes,,Yes,,,,95,Annex,95,Annex (95),D53,628529.7891,4836590.4049
12579,80542607,,5/30/2016 8:00:00 AM,1250,BAY ST,HAGERMAN ST,,Major Arterial,Toronto and East York,43.654246,-79.383167,At Intersection,Traffic Signal,Clear,Daylight,Dry,Non-Fatal Injury,Turning Movement,Driver,35 to 39,None,,East,"Automobile, Station Wagon",Turning Left,Failed to Yield Right of Way,Inattentive,,,,,,,,,Yes,Yes,,,,Yes,,Yes,,,,170,Yonge-Bay Corridor,76,Bay Street Corridor (76),D52,630379.6722,4834740.9766
12580,80542608,,5/30/2016 8:00:00 AM,1250,BAY ST,HAGERMAN ST,,Major Arterial,Toronto and East York,43.654246,-79.383167,At Intersection,Traffic Signal,Clear,Daylight,Dry,Non-Fatal Injury,Turning Movement,Motorcycle Driver,35 to 39,Major,,South,Motorcycle,Going Ahead,Driving Properly,Normal,,,,,,,,,Yes,Yes,,,,Yes,,Yes,,,,170,Yonge-Bay Corridor,76,Bay Street Corridor (76),D52,630379.6722,4834740.9766
12581,80542609,,5/30/2016 8:00:00 AM,1250,BAY ST,HAGERMAN ST,,Major Arterial,Toronto and East York,43.654246,-79.383167,At Intersection,Traffic Signal,Clear,Daylight,Dry,Non-Fatal Injury,Turning Movement,Passenger,50 to 54,None,,,,,,,,,,,,,,,Yes,Yes,,,,Yes,,Yes,,,,170,Yonge-Bay Corridor,76,Bay Street Corridor (76),D52,630379.6722,4834740.9766
12582,80564902,,5/30/2016 8:00:00 AM,1725,LAKE SHORE BLVD W,THIRTY THIRD ST,50 m East of,Major Arterial,Etobicoke York,43.594889,-79.531665,Non Intersection,No Control,Clear,Daylight,Dry,Non-Fatal Injury,Rear End,Driver,60 to 64,None,,West,"Automobile, Station Wagon",Going Ahead,Lost control,Normal,,,,,,,,,Yes,,,,,Yes,,,,,,19,Long Branch,19,Long Branch (19),D22,618521.4318,4827926.0454
12583,80564903,,5/30/2016 8:00:00 AM,1725,LAKE SHORE BLVD W,THIRTY THIRD ST,50 m East of,Major Arterial,Etobicoke York,43.594889,-79.531665,Non Intersection,No Control,Clear,Daylight,Dry,Non-Fatal Injury,Rear End,Driver,60 to 64,None,,West,Passenger Van,Going Ahead,Driving Properly,Normal,,,,,,,,,Yes,,,,,Yes,,,,,,19,Long Branch,19,Long Branch (19),D22,618521.4318,4827926.0454
12584,80564904,,5/30/2016 8:00:00 AM,1725,LAKE SHORE BLVD W,THIRTY THIRD ST,50 m East of,Major Arterial,Etobicoke York,43.594889,-79.531665,Non Intersection,No Control,Clear,Daylight,Dry,Non-Fatal Injury,Rear End,Driver,35 to 39,None,,West,"Automobile, Station Wagon",Slowing or Stopping,Driving Properly,Normal,,,,,,,,,Yes,,,,,Yes,,,,,,19,Long Branch,19,Long Branch (19),D22,618521.4318,4827926.0454
12585,80564905,,5/30/2016 8:00:00 AM,1725,LAKE SHORE BLVD W,THIRTY THIRD ST,50 m East of,Major Arterial,Etobicoke York,43.594889,-79.531665,Non Intersection,No Control,Clear,Daylight,Dry,Non-Fatal Injury,Rear End,Passenger,70 to 74,Major,,,,,,,,,,,,,,,Yes,,,,,Yes,,,,,,19,Long Branch,19,Long Branch (19),D22,618521.4318,4827926.0454
12586,80542830,,5/30/2016 8:00:00 AM,1728,4 EWART AVE,,,Local,Etobicoke York,43.688113,-79.467433,Non Intersection,No Control,Clear,Daylight,Dry,Fatal,Other,Driver,65 to 69,Fatal,34,Unknown,"Automobile, Station Wagon",Reversing,Other,Unknown,,,,,,,,,Yes,,,,,,,,,,,110,Keelesdale-Eglinton West,110,Keelesdale-Eglinton West (110),D12,623514.9974,4838373.4047
12587,80542279,,5/31/2016 8:00:00 AM,1441,DON VALLEY PARKWAY  S,LAWRENCE AVE E,,,North York,43.738375,-79.332294,Non Intersection,No Control,Clear,Daylight,Dry,Fatal,Rear End,Driver,70 to 74,Fatal,35,South,"Automobile, Station Wagon",Going Ahead,Speed too Slow,Inattentive,,,,,,,,,Yes,,Yes,,,,,,,,,42,Banbury-Don Mills,42,Banbury-Don Mills (42),D33,634294.1243,4844165.8787
12588,80542290,,5/31/2016 8:00:00 AM,1441,DON VALLEY PARKWAY  S,LAWRENCE AVE E,,,North York,43.738375,-79.332294,Non Intersection,No Control,Clear,Daylight,Dry,Fatal,Rear End,Truck Driver,50 to 54,None,,South,Truck - Open,Going Ahead,Other,Normal,,,,,,,,,Yes,,Yes,,,,,,,,,42,Banbury-Don Mills,42,Banbury-Don Mills (42),D33,634294.1243,4844165.8787
12589,80542693,,5/31/2016 8:00:00 AM,1600,EGLINTON AVE E,BAYVIEW AVE,,Major Arterial,North York,43.710967,-79.377116,At Intersection,Traffic Signal,Clear,Daylight,Dry,Non-Fatal Injury,Turning Movement,Driver,75 to 79,Major,,West,"Automobile, Station Wagon",Turning Left,Failed to Yield Right of Way,Inattentive,,,,,,,,,Yes,,,,,Yes,,Yes,,,,56,Leaside-Bennington,56,Leaside-Bennington (56),D53,630744.3518,4841050.1466
12590,80542694,,5/31/2016 8:00:00 AM,1600,EGLINTON AVE E,BAYVIEW AVE,,Major Arterial,North York,43.710967,-79.377116,At Intersection,Traffic Signal,Clear,Daylight,Dry,Non-Fatal Injury,Turning Movement,Driver,30 to 34,None,,East,"Automobile, Station Wagon",Going Ahead,Driving Properly,Normal,,,,,,,,,Yes,,,,,Yes,,Yes,,,,56,Leaside-Bennington,56,Leaside-Bennington (56),D53,630744.3518,4841050.1466
12591,80542695,,5/31/2016 8:00:00 AM,1600,EGLINTON AVE E,BAYVIEW AVE,,Major Arterial,North York,43.710967,-79.377116,At Intersection,Traffic Signal,Clear,Daylight,Dry,Non-Fatal Injury,Turning Movement,Passenger,30 to 34,Minimal,,,,,,,,,,,,,,,Yes,,,,,Yes,,Yes,,,,56,Leaside-Bennington,56,Leaside-Bennington (56),D53,630744.3518,4841050.1466
12592,80542696,,5/31/2016 8:00:00 AM,1600,EGLINTON AVE E,BAYVIEW AVE,,Major Arterial,North York,43.710967,-79.377116,At Intersection,Traffic Signal,Clear,Daylight,Dry,Non-Fatal Injury,Turning Movement,Passenger,0 to 4,None,,,,,,,,,,,,,,,Yes,,,,,Yes,,Yes,,,,56,Leaside-Bennington,56,Leaside-Bennington (56),D53,630744.3518,4841050.1466
12593,80542697,,5/31/2016 8:00:00 AM,1600,EGLINTON AVE E,BAYVIEW AVE,,Major Arterial,North York,43.710967,-79.377116,At Intersection,Traffic Signal,Clear,Daylight,Dry,Non-Fatal Injury,Turning Movement,Passenger,0 to 4,None,,,,,,,,,,,,,,,Yes,,,,,Yes,,Yes,,,,56,Leaside-Bennington,56,Leaside-Bennington (56),D53,630744.3518,4841050.1466
12594,80542713,,5/31/2016 8:00:00 AM,1756,LAWRENCE AVE W,LITTLE AVE,5 m West of,Major Arterial,Etobicoke York,43.699214,-79.51984,At Intersection,Traffic Signal,Clear,Daylight,Dry,Non-Fatal Injury,Pedestrian Collisions,Driver,25 to 29,None,,South,"Automobile, Station Wagon",Turning Right,Failed to Yield Right of Way,Inattentive,,,,,,,Yes,,Yes,,,,,Yes,,Yes,,,,113,Weston,113,Weston (113),D12,619269.2894,4839529.6009
12595,80542714,,5/31/2016 8:00:00 AM,1756,LAWRENCE AVE W,LITTLE AVE,5 m West of,Major Arterial,Etobicoke York,43.699214,-79.51984,At Intersection,Traffic Signal,Clear,Daylight,Dry,Non-Fatal Injury,Pedestrian Collisions,Pedestrian,55 to 59,Major,,North,,,,,Vehicle turns right while ped crosses with ROW at inter.,Crossing with right of way,Normal,,,,Yes,,Yes,,,,,Yes,,Yes,,,,113,Weston,113,Weston (113),D12,619269.2894,4839529.6009
12596,80542715,,5/31/2016 8:00:00 AM,1756,LAWRENCE AVE W,LITTLE AVE,5 m West of,Major Arterial,Etobicoke York,43.699214,-79.51984,At Intersection,Traffic Signal,Clear,Daylight,Dry,Non-Fatal Injury,Pedestrian Collisions,Passenger,5 to 9,None,,,,,,,,,,,,,Yes,,Yes,,,,,Yes,,Yes,,,,113,Weston,113,Weston (113),D12,619269.2894,4839529.6009
12597,80542716,,5/31/2016 8:00:00 AM,1756,LAWRENCE AVE W,LITTLE AVE,5 m West of,Major Arterial,Etobicoke York,43.699214,-79.51984,At Intersection,Traffic Signal,Clear,Daylight,Dry,Non-Fatal Injury,Pedestrian Collisions,Passenger,0 to 4,None,,,,,,,,,,,,,Yes,,Yes,,,,,Yes,,Yes,,,,113,Weston,113,Weston (113),D12,619269.2894,4839529.6009
12598,80542717,,5/31/2016 8:00:00 AM,1756,LAWRENCE AVE W,LITTLE AVE,5 m West of,Major Arterial,Etobicoke York,43.699214,-79.51984,At Intersection,Traffic Signal,Clear,Daylight,Dry,Non-Fatal Injury,Pedestrian Collisions,Passenger,0 to 4,None,,,,,,,,,,,,,Yes,,Yes,,,,,Yes,,Yes,,,,113,Weston,113,Weston (113),D12,619269.2894,4839529.6009
12599,80542741,,6/1/2016 8:00:00 AM,240,LAKE SHORE BLVD W,MILES RD,30 m West of,Major Arterial,Etobicoke York,43.608233,-79.490337,At Intersection,No Control,Clear,"Dark, artificial",Dry,Non-Fatal Injury,SMV Other,Driver,20 to 24,Minimal,,East,"Automobile, Station Wagon",Going Ahead,Lost control,Had Been Drinking,,,,,,,,,Yes,,,,,Yes,Yes,Yes,,,,160,Mimico-Queensway,17,Mimico (includes Humber Bay Shores) (17),D22,621830.4499,4829467.8502
12600,80542742,,6/1/2016 8:00:00 AM,240,LAKE SHORE BLVD W,MILES RD,30 m West of,Major Arterial,Etobicoke York,43.608233,-79.490337,At Intersection,No Control,Clear,"Dark, artificial",Dry,Non-Fatal Injury,SMV Other,Passenger,25 to 29,Minimal,,,,,,,,,,,,,,,Yes,,,,,Yes,Yes,Yes,,,,160,Mimico-Queensway,17,Mimico (includes Humber Bay Shores) (17),D22,621830.4499,4829467.8502
12601,80542743,,6/1/2016 8:00:00 AM,240,LAKE SHORE BLVD W,MILES RD,30 m West of,Major Arterial,Etobicoke York,43.608233,-79.490337,At Intersection,No Control,Clear,"Dark, artificial",Dry,Non-Fatal Injury,SMV Other,Passenger,25 to 29,Minimal,,,,,,,,,,,,,,,Yes,,,,,Yes,Yes,Yes,,,,160,Mimico-Queensway,17,Mimico (includes Humber Bay Shores) (17),D22,621830.4499,4829467.8502
12602,80542744,,6/1/2016 8:00:00 AM,240,LAKE SHORE BLVD W,MILES RD,30 m West of,Major Arterial,Etobicoke York,43.608233,-79.490337,At Intersection,No Control,Clear,"Dark, artificial",Dry,Non-Fatal Injury,SMV Other,Passenger,20 to 24,Major,,,,,,,,,,,,,,,Yes,,,,,Yes,Yes,Yes,,,,160,Mimico-Queensway,17,Mimico (includes Humber Bay Shores) (17),D22,621830.4499,4829467.8502
12603,80565808,,6/1/2016 8:00:00 AM,836,LAWRENCE AVE E,MOSSBANK DR,20 m West of,Major Arterial,Scarborough,43.76285,-79.211009,At Intersection,Traffic Signal,Clear,Daylight,Dry,Non-Fatal Injury,Rear End,Driver,20 to 24,Major,,East,"Automobile, Station Wagon",Overtaking,Speed too Fast For Condition,Unknown,,,,,,,,,Yes,,,,,Yes,Yes,Yes,,,,141,Golfdale-Cedarbrae-Woburn,137,Woburn (137),D43,644002.1565,4847087.954
12604,80565809,,6/1/2016 8:00:00 AM,836,LAWRENCE AVE E,MOSSBANK DR,20 m West of,Major Arterial,Scarborough,43.76285,-79.211009,At Intersection,Traffic Signal,Clear,Daylight,Dry,Non-Fatal Injury,Rear End,Driver,35 to 39,None,,East,"Automobile, Station Wagon",Going Ahead,Driving Properly,Normal,,,,,,,,,Yes,,,,,Yes,Yes,Yes,,,,141,Golfdale-Cedarbrae-Woburn,137,Woburn (137),D43,644002.1565,4847087.954
12605,80565810,,6/1/2016 8:00:00 AM,836,LAWRENCE AVE E,MOSSBANK DR,20 m West of,Major Arterial,Scarborough,43.76285,-79.211009,At Intersection,Traffic Signal,Clear,Daylight,Dry,Non-Fatal Injury,Rear End,Driver,30 to 34,None,,East,Delivery Van,Stopped,Driving Properly,Normal,,,,,,,,,Yes,,,,,Yes,Yes,Yes,,,,141,Golfdale-Cedarbrae-Woburn,137,Woburn (137),D43,644002.1565,4847087.954
12606,80565811,,6/1/2016 8:00:00 AM,836,LAWRENCE AVE E,MOSSBANK DR,20 m West of,Major Arterial,Scarborough,43.76285,-79.211009,At Intersection,Traffic Signal,Clear,Daylight,Dry,Non-Fatal Injury,Rear End,Passenger,15 to 19,Major,,,,,,,,,,,,,,,Yes,,,,,Yes,Yes,Yes,,,,141,Golfdale-Cedarbrae-Woburn,137,Woburn (137),D43,644002.1565,4847087.954
12607,80542794,,6/1/2016 8:00:00 AM,1940,DUNDAS ST W,BROCK AVE,,Minor Arterial,Toronto and East York,43.649817,-79.435558,At Intersection,Traffic Signal,Clear,Daylight,Dry,Non-Fatal Injury,Cyclist Collisions,Cyclist,30 to 34,Major,,West,Bicycle,Turning Left,,,,,,Cyclist turned left across motorists path.,Disobeyed Traffic Control,Inattentive,,Yes,Yes,,,,,,,,,,,84,Little Portugal,84,Little Portugal (84),D11,626164.1498,4834168.0931
12608,80542795,,6/1/2016 8:00:00 AM,1940,DUNDAS ST W,BROCK AVE,,Minor Arterial,Toronto and East York,43.649817,-79.435558,At Intersection,Traffic Signal,Clear,Daylight,Dry,Non-Fatal Injury,Cyclist Collisions,Driver,25 to 29,None,,South,"Automobile, Station Wagon",Going Ahead,Driving Properly,Normal,,,,,,,,Yes,Yes,,,,,,,,,,,84,Little Portugal,84,Little Portugal (84),D11,626164.1498,4834168.0931
12609,80543470,,6/3/2016 8:00:00 AM,1430,LAWRENCE AVE W,MARLEE AVE,,Major Arterial,North York,43.715605,-79.446506,At Intersection,Traffic Signal,Clear,Daylight,Dry,Non-Fatal Injury,Rear End,Truck Driver,20 to 24,Minimal,,East,Tow Truck,Going Ahead,Following too Close,Inattentive,,,,,,,,,Yes,,,,,Yes,,Yes,,,,31,Yorkdale-Glen Park,31,Yorkdale-Glen Park (31),D13,625144.3811,4841458.1546
12610,80543471,,6/3/2016 8:00:00 AM,1430,LAWRENCE AVE W,MARLEE AVE,,Major Arterial,North York,43.715605,-79.446506,At Intersection,Traffic Signal,Clear,Daylight,Dry,Non-Fatal Injury,Rear End,Driver,60 to 64,None,,East,"Automobile, Station Wagon",Slowing or Stopping,Driving Properly,Normal,,,,,,,,,Yes,,,,,Yes,,Yes,,,,31,Yorkdale-Glen Park,31,Yorkdale-Glen Park (31),D13,625144.3811,4841458.1546
12611,80543472,,6/3/2016 8:00:00 AM,1430,LAWRENCE AVE W,MARLEE AVE,,Major Arterial,North York,43.715605,-79.446506,At Intersection,Traffic Signal,Clear,Daylight,Dry,Non-Fatal Injury,Rear End,Driver,65 to 69,None,,East,"Automobile, Station Wagon",Going Ahead,Driving Properly,Normal,,,,,,,,,Yes,,,,,Yes,,Yes,,,,31,Yorkdale-Glen Park,31,Yorkdale-Glen Park (31),D13,625144.3811,4841458.1546
12612,80543473,,6/3/2016 8:00:00 AM,1430,LAWRENCE AVE W,MARLEE AVE,,Major Arterial,North York,43.715605,-79.446506,At Intersection,Traffic Signal,Clear,Daylight,Dry,Non-Fatal Injury,Rear End,Passenger,60 to 64,None,,,,,,,,,,,,,,,Yes,,,,,Yes,,Yes,,,,31,Yorkdale-Glen Park,31,Yorkdale-Glen Park (31),D13,625144.3811,4841458.1546
12613,80543474,,6/3/2016 8:00:00 AM,1430,LAWRENCE AVE W,MARLEE AVE,,Major Arterial,North York,43.715605,-79.446506,At Intersection,Traffic Signal,Clear,Daylight,Dry,Non-Fatal Injury,Rear End,Passenger,60 to 64,Minor,,,,,,,,,,,,,,,Yes,,,,,Yes,,Yes,,,,31,Yorkdale-Glen Park,31,Yorkdale-Glen Park (31),D13,625144.3811,4841458.1546
12614,80543475,,6/3/2016 8:00:00 AM,1430,LAWRENCE AVE W,MARLEE AVE,,Major Arterial,North York,43.715605,-79.446506,At Intersection,Traffic Signal,Clear,Daylight,Dry,Non-Fatal Injury,Rear End,Passenger,55 to 59,Major,,,,,,,,,,,,,,,Yes,,,,,Yes,,Yes,,,,31,Yorkdale-Glen Park,31,Yorkdale-Glen Park (31),D13,625144.3811,4841458.1546
12615,80543476,,6/3/2016 8:00:00 AM,1430,LAWRENCE AVE W,MARLEE AVE,,Major Arterial,North York,43.715605,-79.446506,At Intersection,Traffic Signal,Clear,Daylight,Dry,Non-Fatal Injury,Rear End,Passenger,60 to 64,None,,,,,,,,,,,,,,,Yes,,,,,Yes,,Yes,,,,31,Yorkdale-Glen Park,31,Yorkdale-Glen Park (31),D13,625144.3811,4841458.1546
12616,80543477,,6/3/2016 8:00:00 AM,1430,LAWRENCE AVE W,MARLEE AVE,,Major Arterial,North York,43.715605,-79.446506,At Intersection,Traffic Signal,Clear,Daylight,Dry,Non-Fatal Injury,Rear End,Passenger,65 to 69,None,,,,,,,,,,,,,,,Yes,,,,,Yes,,Yes,,,,31,Yorkdale-Glen Park,31,Yorkdale-Glen Park (31),D13,625144.3811,4841458.1546
12617,80543511,,6/3/2016 8:00:00 AM,2131,BURNHAMTHORPE RD,THE EAST MALL,,Major Arterial,Etobicoke York,43.646285,-79.559978,At Intersection,Traffic Signal,Clear,"Dark, artificial",Dry,Non-Fatal Injury,Pedestrian Collisions,Driver,60 to 64,None,,South,"Automobile, Station Wagon",Turning Right,Failed to Yield Right of Way,Normal,,,,,,,Yes,,Yes,,,,,Yes,,Yes,,,,158,Islington,14,Islington-City Centre West (14),D22,616137.0438,4833594.1889
12618,80543512,,6/3/2016 8:00:00 AM,2131,BURNHAMTHORPE RD,THE EAST MALL,,Major Arterial,Etobicoke York,43.646285,-79.559978,At Intersection,Traffic Signal,Clear,"Dark, artificial",Dry,Non-Fatal Injury,Pedestrian Collisions,Passenger,55 to 59,None,,,,,,,,,,,,,Yes,,Yes,,,,,Yes,,Yes,,,,158,Islington,14,Islington-City Centre West (14),D22,616137.0438,4833594.1889
12619,80543513,,6/3/2016 8:00:00 AM,2131,BURNHAMTHORPE RD,THE EAST MALL,,Major Arterial,Etobicoke York,43.646285,-79.559978,At Intersection,Traffic Signal,Clear,"Dark, artificial",Dry,Non-Fatal Injury,Pedestrian Collisions,Passenger,40 to 44,None,,,,,,,,,,,,,Yes,,Yes,,,,,Yes,,Yes,,,,158,Islington,14,Islington-City Centre West (14),D22,616137.0438,4833594.1889
12620,80543514,,6/3/2016 8:00:00 AM,2131,BURNHAMTHORPE RD,THE EAST MALL,,Major Arterial,Etobicoke York,43.646285,-79.559978,At Intersection,Traffic Signal,Clear,"Dark, artificial",Dry,Non-Fatal Injury,Pedestrian Collisions,Pedestrian,60 to 64,Minor,,East,,,,,Vehicle turns right while ped crosses with ROW at inter.,Crossing with right of way,Normal,,,,Yes,,Yes,,,,,Yes,,Yes,,,,158,Islington,14,Islington-City Centre West (14),D22,616137.0438,4833594.1889
12621,80543515,,6/3/2016 8:00:00 AM,2131,BURNHAMTHORPE RD,THE EAST MALL,,Major Arterial,Etobicoke York,43.646285,-79.559978,At Intersection,Traffic Signal,Clear,"Dark, artificial",Dry,Non-Fatal Injury,Pedestrian Collisions,Pedestrian,55 to 59,Major,,East,,,,,Vehicle turns right while ped crosses with ROW at inter.,Crossing with right of way,Normal,,,,Yes,,Yes,,,,,Yes,,Yes,,,,158,Islington,14,Islington-City Centre West (14),D22,616137.0438,4833594.1889
12622,80543542,,6/4/2016 8:00:00 AM,1525,PHARMACY AVE,JANET BLVD,37 m South o,Minor Arterial,Scarborough,43.741286,-79.303851,Non Intersection,No Control,Clear,Daylight,Dry,Non-Fatal Injury,Pedestrian Collisions,Driver,30 to 34,None,,North,"Automobile, Station Wagon",Going Ahead,Driving Properly,Normal,,,,,,,Yes,,Yes,,,,,,,Yes,,,,119,Wexford/Maryvale,119,Wexford/Maryvale (119),D41,636577.9386,4844535.6868
12623,80543543,,6/4/2016 8:00:00 AM,1525,PHARMACY AVE,JANET BLVD,37 m South o,Minor Arterial,Scarborough,43.741286,-79.303851,Non Intersection,No Control,Clear,Daylight,Dry,Non-Fatal Injury,Pedestrian Collisions,Pedestrian,25 to 29,Major,,East,,,,,Pedestrian hit at mid-block,Running onto Roadway,Inattentive,,,,Yes,,Yes,,,,,,,Yes,,,,119,Wexford/Maryvale,119,Wexford/Maryvale (119),D41,636577.9386,4844535.6868
12624,80543552,,6/4/2016 8:00:00 AM,1822,LAKE SHORE BLVD W,DWIGHT AVE,,Major Arterial,Etobicoke York,43.60229,-79.49792,At Intersection,Stop Sign,Clear,Daylight,Dry,Non-Fatal Injury,Turning Movement,Driver,40 to 44,None,,South,"Automobile, Station Wagon",Turning Left,Improper Turn,Normal,,,,,,,,,Yes,Yes,,,,Yes,,,,,,18,New Toronto,18,New Toronto (18),D22,621230.4299,4828796.7128
12625,80543553,,6/4/2016 8:00:00 AM,1822,LAKE SHORE BLVD W,DWIGHT AVE,,Major Arterial,Etobicoke York,43.60229,-79.49792,At Intersection,Stop Sign,Clear,Daylight,Dry,Non-Fatal Injury,Turning Movement,Motorcycle Driver,40 to 44,None,,West,Motorcycle,Going Ahead,Driving Properly,Normal,,,,,,,,,Yes,Yes,,,,Yes,,,,,,18,New Toronto,18,New Toronto (18),D22,621230.4299,4828796.7128
12626,80543554,,6/4/2016 8:00:00 AM,1822,LAKE SHORE BLVD W,DWIGHT AVE,,Major Arterial,Etobicoke York,43.60229,-79.49792,At Intersection,Stop Sign,Clear,Daylight,Dry,Non-Fatal Injury,Turning Movement,Passenger,30 to 34,None,,,,,,,,,,,,,,,Yes,Yes,,,,Yes,,,,,,18,New Toronto,18,New Toronto (18),D22,621230.4299,4828796.7128
12627,80543555,,6/4/2016 8:00:00 AM,1822,LAKE SHORE BLVD W,DWIGHT AVE,,Major Arterial,Etobicoke York,43.60229,-79.49792,At Intersection,Stop Sign,Clear,Daylight,Dry,Non-Fatal Injury,Turning Movement,Passenger,25 to 29,None,,,,,,,,,,,,,,,Yes,Yes,,,,Yes,,,,,,18,New Toronto,18,New Toronto (18),D22,621230.4299,4828796.7128
12628,80543556,,6/4/2016 8:00:00 AM,1822,LAKE SHORE BLVD W,DWIGHT AVE,,Major Arterial,Etobicoke York,43.60229,-79.49792,At Intersection,Stop Sign,Clear,Daylight,Dry,Non-Fatal Injury,Turning Movement,Motorcycle Passenger,unknown,Major,,,,,,,,,,,,,,,Yes,Yes,,,,Yes,,,,,,18,New Toronto,18,New Toronto (18),D22,621230.4299,4828796.7128