OBJECTID,INDEX,ACCNUM,DATE,TIME,STREET1,STREET2,OFFSET,ROAD_CLASS,DISTRICT,LATITUDE,LONGITUDE,ACCLOC,TRAFFCTL,VISIBILITY,LIGHT,RDSFCOND,ACCLASS,IMPACTYPE,INVTYPE,INVAGE,INJURY,FATAL_NO,INITDIR,VEHTYPE,MANOEUVER,DRIVACT,DRIVCOND,PEDTYPE,PEDACT,PEDCOND,CYCLISTYPE,CYCACT,CYCCOND,PEDESTRIAN,CYCLIST,AUTOMOBILE,MOTORCYCLE,TRUCK,TRSN_CITY_VEH,EMERG_VEH,PASSENGER,SPEEDING,AG_DRIV,REDLIGHT,ALCOHOL,DISABILITY,HOOD_158,NEIGHBOURHOOD_158,HOOD_140,NEIGHBOURHOOD_140,DIVISION,x,y
12687,80632033,,6/24/2016 8:00:00 AM,707,THE QUEENSWAY,427 C S QUEENSWAY RAMP,200 m West o,Major Arterial,Etobicoke York,43.61447,-79.554401,Non Intersection,No Control,Clear,Daylight,Dry,Non-Fatal Injury,SMV Other,Motorcycle Driver,30 to 34,Major,,East,Motorcycle,Going Ahead,Speed too Fast For Condition,Unknown,,,,,,,,,,Yes,,,,,Yes,Yes,,,,159,Etobicoke City Centre,14,Islington-City Centre West (14),D22,616648.3567,4830068.5605
12688,80563450,,6/24/2016 8:00:00 AM,1445,720 RENFORTH DR,,3 m South of,Minor Arterial,Etobicoke York,43.663943,-79.585178,At/Near Private Drive,Pedestrian Crossover,Clear,Daylight,Dry,Non-Fatal Injury,Pedestrian Collisions,Driver,20 to 24,None,,South,"Automobile, Station Wagon",Going Ahead,Disobeyed Traffic Control,Normal,,,,,,,Yes,,Yes,,,,,,,Yes,,,,11,Eringate-Centennial-West Deane,11,Eringate-Centennial-West Deane (11),D22,614071.2246,4835520.3795
12689,80563451,,6/24/2016 8:00:00 AM,1445,720 RENFORTH DR,,3 m South of,Minor Arterial,Etobicoke York,43.663943,-79.585178,At/Near Private Drive,Pedestrian Crossover,Clear,Daylight,Dry,Non-Fatal Injury,Pedestrian Collisions,Pedestrian,15 to 19,Major,,Unknown,,,,,Pedestrian hit a PXO/ped. Mid-block signal,"Crossing, Pedestrian Crossover",Normal,,,,Yes,,Yes,,,,,,,Yes,,,,11,Eringate-Centennial-West Deane,11,Eringate-Centennial-West Deane (11),D22,614071.2246,4835520.3795
12690,80632034,,6/26/2016 8:00:00 AM,1300,MCCOWAN RD,MCNICOLL AVE,,Major Arterial,Scarborough,43.81787,-79.271938,At Intersection,Traffic Signal,Clear,Daylight,Dry,Non-Fatal Injury,Sideswipe,Driver,70 to 74,Major,,North,"Automobile, Station Wagon",Changing Lanes,Improper Lane Change,Inattentive,,,,,,,,,Yes,,,,,Yes,,,,,,130,Milliken,130,Milliken (130),D42,638970.1283,4853094.6508
12691,80632035,,6/26/2016 8:00:00 AM,1300,MCCOWAN RD,MCNICOLL AVE,,Major Arterial,Scarborough,43.81787,-79.271938,At Intersection,Traffic Signal,Clear,Daylight,Dry,Non-Fatal Injury,Sideswipe,Driver,55 to 59,None,,North,"Automobile, Station Wagon",Going Ahead,Driving Properly,Normal,,,,,,,,,Yes,,,,,Yes,,,,,,130,Milliken,130,Milliken (130),D42,638970.1283,4853094.6508
12692,80632036,,6/26/2016 8:00:00 AM,1300,MCCOWAN RD,MCNICOLL AVE,,Major Arterial,Scarborough,43.81787,-79.271938,At Intersection,Traffic Signal,Clear,Daylight,Dry,Non-Fatal Injury,Sideswipe,Driver,45 to 49,None,,West,"Automobile, Station Wagon",Slowing or Stopping,Driving Properly,Normal,,,,,,,,,Yes,,,,,Yes,,,,,,130,Milliken,130,Milliken (130),D42,638970.1283,4853094.6508
12693,80632037,,6/26/2016 8:00:00 AM,1300,MCCOWAN RD,MCNICOLL AVE,,Major Arterial,Scarborough,43.81787,-79.271938,At Intersection,Traffic Signal,Clear,Daylight,Dry,Non-Fatal Injury,Sideswipe,Passenger,65 to 69,None,,,"Automobile, Station Wagon",,,,,,,,,,,,Yes,,,,,Yes,,,,,,130,Milliken,130,Milliken (130),D42,638970.1283,4853094.6508
12694,80563587,,6/26/2016 8:00:00 AM,1948,PARKSIDE DR,SPRING RD,,Major Arterial,Toronto and East York,43.640975,-79.454639,Intersection Related,Traffic Signal,Clear,Daylight,Dry,Non-Fatal Injury,Pedestrian Collisions,Driver,60 to 64,None,,South,"Automobile, Station Wagon",Going Ahead,Driving Properly,Normal,,,,,,,Yes,,Yes,,,,,,,,,,,87,High Park-Swansea,87,High Park-Swansea (87),D11,624643.6366,4833157.2435
12695,80563588,,6/26/2016 8:00:00 AM,1948,PARKSIDE DR,SPRING RD,,Major Arterial,Toronto and East York,43.640975,-79.454639,Intersection Related,Traffic Signal,Clear,Daylight,Dry,Non-Fatal Injury,Pedestrian Collisions,Pedestrian,15 to 19,Major,,East,,,,,Vehicle is going straight thru inter.while ped cross without ROW,Crossing without right of way,Had Been Drinking,,,,Yes,,Yes,,,,,,,,,,,87,High Park-Swansea,87,High Park-Swansea (87),D11,624643.6366,4833157.2435
12696,80563630,,6/27/2016 8:00:00 AM,1745,DON MILLS RD,HELEN LU  RD,,Major Arterial,North York,43.772326,-79.346271,Intersection Related,Traffic Signal,Clear,Daylight,Dry,Non-Fatal Injury,Turning Movement,Driver,50 to 54,None,,South,"Automobile, Station Wagon",Turning Left,Improper Turn,Inattentive,,,,,,,,,Yes,Yes,,,,,,,,,,53,Henry Farm,53,Henry Farm (53),D33,633093.3074,4847914.0884
12697,80563631,,6/27/2016 8:00:00 AM,1745,DON MILLS RD,HELEN LU  RD,,Major Arterial,North York,43.772326,-79.346271,Intersection Related,Traffic Signal,Clear,Daylight,Dry,Non-Fatal Injury,Turning Movement,Motorcycle Driver,50 to 54,Major,,North,Motorcycle,Going Ahead,Driving Properly,Normal,,,,,,,,,Yes,Yes,,,,,,,,,,53,Henry Farm,53,Henry Farm (53),D33,633093.3074,4847914.0884
12698,80563739,,6/29/2016 8:00:00 AM,1908,99 HUMBER BLVD,,,Collector,Etobicoke York,43.679877,-79.482257,At Intersection,No Control,Clear,Daylight,Dry,Non-Fatal Injury,Cyclist Collisions,Cyclist,10 to 14,Major,,West,Bicycle,Going Ahead,,,,,,"Cyclist without ROW rides into path of motorist at inter, lnwy, dwy-Cyclist not turn.",Failed to Yield Right of Way,Normal,,Yes,Yes,,,,,,,,,,,111,Rockcliffe-Smythe,111,Rockcliffe-Smythe (111),D12,622337.0079,4837436.7138
12699,80563740,,6/29/2016 8:00:00 AM,1908,99 HUMBER BLVD,,,Collector,Etobicoke York,43.679877,-79.482257,At Intersection,No Control,Clear,Daylight,Dry,Non-Fatal Injury,Cyclist Collisions,Driver,35 to 39,None,,North,Pick Up Truck,Going Ahead,Driving Properly,Normal,,,,,,,,Yes,Yes,,,,,,,,,,,111,Rockcliffe-Smythe,111,Rockcliffe-Smythe (111),D12,622337.0079,4837436.7138
12700,80563744,,6/29/2016 8:00:00 AM,2050,ALBION RD,SILVERSTONE DR,75 m East of,Major Arterial,Etobicoke York,43.742755,-79.599033,Non Intersection,No Control,Clear,"Dusk, artificial",Dry,Non-Fatal Injury,SMV Other,Driver,65 to 69,Major,,West,"Automobile, Station Wagon",Going Ahead,Lost control,Fatigue,,,,,,,,,Yes,,,,,,,,,,,1,West Humber-Clairville,1,West Humber-Clairville (1),D23,612806.2395,4844254.5642
12701,80563774,,6/30/2016 8:00:00 AM,1143,JANE ST,WILSON AVE,5 m South of,Major Arterial,Etobicoke York,43.720904,-79.508617,Intersection Related,Traffic Signal,Clear,Daylight,Dry,Non-Fatal Injury,Cyclist Collisions,Cyclist,20 to 24,Major,,East,Bicycle,Going Ahead,,,,,,Motorist turning right on green or amber at signalized intersection strikes cyclist.,Driving Properly,Normal,,Yes,,,Yes,,,,,,,,,154,Oakdale-Beverley Heights,26,Downsview-Roding-CFB (26),D31,620130.2916,4841954.7817
12702,80563775,,6/30/2016 8:00:00 AM,1143,JANE ST,WILSON AVE,5 m South of,Major Arterial,Etobicoke York,43.720904,-79.508617,Intersection Related,Traffic Signal,Clear,Daylight,Dry,Non-Fatal Injury,Cyclist Collisions,Truck Driver,30 to 34,None,,East,"Truck - Closed (Blazer, etc)",Turning Right,Other,Normal,,,,,,,,Yes,,,Yes,,,,,,,,,154,Oakdale-Beverley Heights,26,Downsview-Roding-CFB (26),D31,620130.2916,4841954.7817
12703,80563820,,7/1/2016 8:00:00 AM,405,F G GARDINER XY  E,DON VALLEY PARKWAY  N,,Major Arterial,Toronto and East York,43.650691,-79.347575,Non Intersection,No Control,Clear,"Dark, artificial",Dry,Non-Fatal Injury,SMV Other,Motorcycle Driver,35 to 39,Major,,East,Motorcycle,Going Ahead,Lost control,Fatigue,,,,,,,,,,Yes,,,,,,,,,,166,St Lawrence-East Bayfront-The Islands,77,Waterfront Communities-The Island (77),D51,633257.6667,4834402.687
12704,80565902,,7/2/2016 8:00:00 AM,244,FINCH AVE W,SENTINEL RD,,Major Arterial,Etobicoke York,43.760993,-79.499957,At Intersection,Traffic Signal,Clear,"Dark, artificial",Dry,Non-Fatal Injury,Pedestrian Collisions,Driver,35 to 39,None,,West,"Automobile, Station Wagon",Going Ahead,Failed to Yield Right of Way,Unknown,,,,,,,Yes,,Yes,,,,,,Yes,Yes,,,,27,York University Heights,27,York University Heights (27),D31,620747.2429,4846419.8334
12705,80565903,,7/2/2016 8:00:00 AM,244,FINCH AVE W,SENTINEL RD,,Major Arterial,Etobicoke York,43.760993,-79.499957,At Intersection,Traffic Signal,Clear,"Dark, artificial",Dry,Non-Fatal Injury,Pedestrian Collisions,Pedestrian,20 to 24,Major,,North,,,,,Vehicle is going straight thru inter.while ped cross with ROW,Crossing with right of way,Had Been Drinking,,,,Yes,,Yes,,,,,,Yes,Yes,,,,27,York University Heights,27,York University Heights (27),D31,620747.2429,4846419.8334
12706,80545822,,7/2/2016 8:00:00 AM,1812,QUEENS QUAY E,BONNYCASTLE ST,65.6 M E of,Minor Arterial,Toronto and East York,43.645873,-79.363429,Non Intersection,No Control,Clear,Daylight,Dry,Fatal,SMV Other,Passenger,35 to 39,Fatal,45,,,,,,,,,,,,,,Yes,,,,,Yes,Yes,Yes,,,,166,St Lawrence-East Bayfront-The Islands,77,Waterfront Communities-The Island (77),D51,631989.68,4833842.2477
12707,80545838,,7/2/2016 8:00:00 AM,1812,QUEENS QUAY E,BONNYCASTLE ST,65.6 M E of,Minor Arterial,Toronto and East York,43.645873,-79.363429,Non Intersection,No Control,Clear,Daylight,Dry,Fatal,SMV Other,Driver,30 to 34,Major,,East,"Automobile, Station Wagon",Going Ahead,Exceeding Speed Limit,Inattentive,,,,,,,,,Yes,,,,,Yes,Yes,Yes,,,,166,St Lawrence-East Bayfront-The Islands,77,Waterfront Communities-The Island (77),D51,631989.68,4833842.2477
12708,80545157,,7/4/2016 8:00:00 AM,2055,KIPLING AVE,WESTHUMBER BLVD,,Major Arterial,Etobicoke York,43.728129,-79.574641,At Intersection,Traffic Signal,Clear,"Dusk, artificial",Dry,Fatal,Pedestrian Collisions,Driver,25 to 29,None,,East,Passenger Van,Turning Left,Exceeding Speed Limit,Inattentive,,,,,,,Yes,,Yes,,,,,,Yes,Yes,,,,4,Rexdale-Kipling,4,Rexdale-Kipling (4),D23,614798.2461,4842663.6403
12709,80545162,,7/4/2016 8:00:00 AM,2055,KIPLING AVE,WESTHUMBER BLVD,,Major Arterial,Etobicoke York,43.728129,-79.574641,At Intersection,Traffic Signal,Clear,"Dusk, artificial",Dry,Fatal,Pedestrian Collisions,Pedestrian,70 to 74,Fatal,40,Unknown,,,,,Vehicle turns left while ped crosses with ROW at inter.,Walking on Roadway with Traffic,Normal,,,,Yes,,Yes,,,,,,Yes,Yes,,,,4,Rexdale-Kipling,4,Rexdale-Kipling (4),D23,614798.2461,4842663.6403
12710,80545164,,7/5/2016 8:00:00 AM,1120,ALBION RD,ISLINGTON AVE,,Major Arterial,Etobicoke York,43.737166,-79.565257,At Intersection,Traffic Signal,Clear,Daylight,Dry,Fatal,Pedestrian Collisions,Pedestrian,55 to 59,Fatal,43,North,,,,,Pedestrian hit at mid-block,"Crossing, no Traffic Control",Inattentive,,,,Yes,,Yes,,,,,,,,,,,3,Thistletown-Beaumond Heights,3,Thistletown-Beaumond Heights (3),D23,615536.6595,4843680.3692
12711,80545165,,7/5/2016 8:00:00 AM,1120,ALBION RD,ISLINGTON AVE,,Major Arterial,Etobicoke York,43.737166,-79.565257,At Intersection,Traffic Signal,Clear,Daylight,Dry,Fatal,Pedestrian Collisions,Driver,45 to 49,None,,West,"Automobile, Station Wagon",Going Ahead,Driving Properly,Inattentive,,,,,,,Yes,,Yes,,,,,,,,,,,3,Thistletown-Beaumond Heights,3,Thistletown-Beaumond Heights (3),D23,615536.6595,4843680.3692
12712,80545158,,7/5/2016 8:00:00 AM,1247,740 DUPONT ST,,,Major Arterial,Toronto and East York,43.671199,-79.423724,Non Intersection,No Control,Clear,Daylight,Dry,Fatal,Cyclist Collisions,Cyclist,70 to 74,Fatal,41,West,Bicycle,Overtaking,,,,,,Cyclist strikes a parked vehicle.,Improper Passing,Unknown,,Yes,Yes,,,,,,,,,,,172,Dovercourt Village,93,Dovercourt-Wallace Emerson-Junction (93),D14,627073.3942,4836560.9056
12713,80545159,,7/5/2016 8:00:00 AM,1247,740 DUPONT ST,,,Major Arterial,Toronto and East York,43.671199,-79.423724,Non Intersection,No Control,Clear,Daylight,Dry,Fatal,Cyclist Collisions,Driver - Not Hit,unknown,None,,,Passenger Van,,,,,,,,,,,Yes,Yes,,,,,,,,,,,172,Dovercourt Village,93,Dovercourt-Wallace Emerson-Junction (93),D14,627073.3942,4836560.9056
12714,80545160,,7/5/2016 8:00:00 AM,1247,740 DUPONT ST,,,Major Arterial,Toronto and East York,43.671199,-79.423724,Non Intersection,No Control,Clear,Daylight,Dry,Fatal,Cyclist Collisions,Other,unknown,None,,West,,Parked,,,,,,,,,,Yes,Yes,,,,,,,,,,,172,Dovercourt Village,93,Dovercourt-Wallace Emerson-Junction (93),D14,627073.3942,4836560.9056
12715,80632039,,7/5/2016 8:00:00 AM,2005,EGLINTON AVE E,MARKHAM RD,13 m West of,Major Arterial,Scarborough,43.743109,-79.218875,At Intersection,Traffic Signal,Clear,Daylight,Dry,Non-Fatal Injury,Pedestrian Collisions,Driver,60 to 64,None,,North,"Automobile, Station Wagon",Turning Left,Failed to Yield Right of Way,Inattentive,,,,,,,Yes,,Yes,,,,,,,Yes,,,,139,Scarborough Village,139,Scarborough Village (139),D43,643416.137,4844881.7636
12716,80632040,,7/5/2016 8:00:00 AM,2005,EGLINTON AVE E,MARKHAM RD,13 m West of,Major Arterial,Scarborough,43.743109,-79.218875,At Intersection,Traffic Signal,Clear,Daylight,Dry,Non-Fatal Injury,Pedestrian Collisions,Pedestrian,40 to 44,Major,,South,,,,,Vehicle turns left while ped crosses without ROW at inter.,Crossing without right of way,Inattentive,,,,Yes,,Yes,,,,,,,Yes,,,,139,Scarborough Village,139,Scarborough Village (139),D43,643416.137,4844881.7636
12717,80545161,,7/6/2016 8:00:00 AM,1831,401 C W MCCOWAN N RAMP RD,MCCOWAN RD,,Major Arterial,Scarborough,43.783583,-79.255756,At Intersection,No Control,Clear,Daylight,Dry,Fatal,SMV Other,Motorcycle Driver,40 to 44,Fatal,42,West,Motorcycle,Going Ahead,Lost control,Unknown,,,,,,,,,Yes,Yes,,,,,Yes,Yes,,,,128,Agincourt South-Malvern West,128,Agincourt South-Malvern West (128),D42,640351.7593,4849313.8374
12718,80545163,,7/6/2016 8:00:00 AM,1831,401 C W MCCOWAN N RAMP RD,MCCOWAN RD,,Major Arterial,Scarborough,43.783583,-79.255756,At Intersection,No Control,Clear,Daylight,Dry,Fatal,SMV Other,Driver,20 to 24,None,,South,"Automobile, Station Wagon",Going Ahead,Driving Properly,Normal,,,,,,,,,Yes,Yes,,,,,Yes,Yes,,,,128,Agincourt South-Malvern West,128,Agincourt South-Malvern West (128),D42,640351.7593,4849313.8374
12719,80565144,,7/6/2016 8:00:00 AM,2304,EGLINTON AVE E,SWIFT DR,12 m West of,Major Arterial,North York,43.726115,-79.318294,Intersection Related,Traffic Signal,Clear,"Dark, artificial",Dry,Non-Fatal Injury,Pedestrian Collisions,Driver,65 to 69,None,,West,"Automobile, Station Wagon",Going Ahead,Driving Properly,Unknown,,,,,,,Yes,,Yes,,,,,,,,,,,43,Victoria Village,43,Victoria Village (43),D55,635449.1404,4842827.0135
12720,80565145,,7/6/2016 8:00:00 AM,2304,EGLINTON AVE E,SWIFT DR,12 m West of,Major Arterial,North York,43.726115,-79.318294,Intersection Related,Traffic Signal,Clear,"Dark, artificial",Dry,Non-Fatal Injury,Pedestrian Collisions,Pedestrian,30 to 34,Major,,North,,,,,Pedestrian hit at mid-block,Running onto Roadway,Had Been Drinking,,,,Yes,,Yes,,,,,,,,,,,43,Victoria Village,43,Victoria Village (43),D55,635449.1404,4842827.0135
12721,80632041,,7/7/2016 8:00:00 AM,654,HIGHWAY 27  N,CARRIER DR,,Major Arterial,Etobicoke York,43.739031,-79.605426,At Intersection,Traffic Signal,Clear,Daylight,Dry,Non-Fatal Injury,Rear End,Motorcycle Driver,55 to 59,Major,,North,Motorcycle,Going Ahead,Following too Close,Normal,,,,,,,,,Yes,Yes,,,,,,Yes,,,,1,West Humber-Clairville,1,West Humber-Clairville (1),D23,612298.4319,4843832.2764
12722,80632042,,7/7/2016 8:00:00 AM,654,HIGHWAY 27  N,CARRIER DR,,Major Arterial,Etobicoke York,43.739031,-79.605426,At Intersection,Traffic Signal,Clear,Daylight,Dry,Non-Fatal Injury,Rear End,Driver,80 to 84,None,,North,"Automobile, Station Wagon",Going Ahead,Driving Properly,Normal,,,,,,,,,Yes,Yes,,,,,,Yes,,,,1,West Humber-Clairville,1,West Humber-Clairville (1),D23,612298.4319,4843832.2764
12723,80564144,,7/8/2016 8:00:00 AM,2339,GALLOWAY RD,DEARHAM WOOD,31 m North o,Collector,Scarborough,43.752776,-79.190738,Intersection Related,Stop Sign,Clear,"Dark, artificial",Dry,Non-Fatal Injury,SMV Other,Driver,15 to 19,Major,,West,"Automobile, Station Wagon",Turning Right,Lost control,Normal,,,,,,,,,Yes,,,,,Yes,Yes,Yes,,,,140,Guildwood,140,Guildwood (140),D43,645658.3047,4846004.5305
12724,80564145,,7/8/2016 8:00:00 AM,2339,GALLOWAY RD,DEARHAM WOOD,31 m North o,Collector,Scarborough,43.752776,-79.190738,Intersection Related,Stop Sign,Clear,"Dark, artificial",Dry,Non-Fatal Injury,SMV Other,Passenger,15 to 19,Minor,,,,,,,,,,,,,,,Yes,,,,,Yes,Yes,Yes,,,,140,Guildwood,140,Guildwood (140),D43,645658.3047,4846004.5305
12725,80564154,,7/9/2016 8:00:00 AM,930,CHURCH ST,BLOOR ST E,,Major Arterial,Toronto and East York,43.671034,-79.383151,Intersection Related,Traffic Signal,Clear,Daylight,Dry,Non-Fatal Injury,Turning Movement,Driver,60 to 64,Minor,,South,"Automobile, Station Wagon",Turning Left,Failed to Yield Right of Way,Normal,,,,,,,,,Yes,,,,,Yes,,Yes,,,,167,Church-Wellesley,75,Church-Yonge Corridor (75),D51,630344.6262,4836605.5329
12726,80564155,,7/9/2016 8:00:00 AM,930,CHURCH ST,BLOOR ST E,,Major Arterial,Toronto and East York,43.671034,-79.383151,Intersection Related,Traffic Signal,Clear,Daylight,Dry,Non-Fatal Injury,Turning Movement,Driver,40 to 44,Major,,North,"Automobile, Station Wagon",Going Ahead,Driving Properly,Normal,,,,,,,,,Yes,,,,,Yes,,Yes,,,,167,Church-Wellesley,75,Church-Yonge Corridor (75),D51,630344.6262,4836605.5329
12727,80564156,,7/9/2016 8:00:00 AM,930,CHURCH ST,BLOOR ST E,,Major Arterial,Toronto and East York,43.671034,-79.383151,Intersection Related,Traffic Signal,Clear,Daylight,Dry,Non-Fatal Injury,Turning Movement,Passenger,35 to 39,Major,,,,,,,,,,,,,,,Yes,,,,,Yes,,Yes,,,,167,Church-Wellesley,75,Church-Yonge Corridor (75),D51,630344.6262,4836605.5329
12728,80632043,,7/10/2016 8:00:00 AM,2024,WARDEN AVE,FINCH AVE E,105 m North ,Major Arterial,Scarborough,43.796702,-79.315723,Non Intersection,Traffic Signal,Clear,Daylight,Dry,Non-Fatal Injury,Turning Movement,Driver,40 to 44,None,,North,"Automobile, Station Wagon",Turning Left,Failed to Yield Right of Way,Normal,,,,,,,,,Yes,Yes,,,,,,Yes,,,,148,East L'Amoreaux,117,L'Amoreaux (117),D42,635496.7733,4850670.9836
12729,80632044,,7/10/2016 8:00:00 AM,2024,WARDEN AVE,FINCH AVE E,105 m North ,Major Arterial,Scarborough,43.796702,-79.315723,Non Intersection,Traffic Signal,Clear,Daylight,Dry,Non-Fatal Injury,Turning Movement,Motorcycle Driver,40 to 44,Major,,South,Motorcycle,Going Ahead,Driving Properly,Normal,,,,,,,,,Yes,Yes,,,,,,Yes,,,,148,East L'Amoreaux,117,L'Amoreaux (117),D42,635496.7733,4850670.9836
12730,80564310,,7/10/2016 8:00:00 AM,2240,LAKE SHORE BLVD W,MARINE PARADE DR,,Major Arterial,Etobicoke York,43.622859,-79.481197,At Intersection,Traffic Signal,Clear,"Dark, artificial",Dry,Non-Fatal Injury,Pedestrian Collisions,Driver,60 to 64,None,,East,"Automobile, Station Wagon",Going Ahead,Driving Properly,Normal,,,,,,,Yes,,Yes,,,,,,,,,,,161,Humber Bay Shores,17,Mimico (includes Humber Bay Shores) (17),D22,622538.3484,4831105.6947
12731,80564311,,7/10/2016 8:00:00 AM,2240,LAKE SHORE BLVD W,MARINE PARADE DR,,Major Arterial,Etobicoke York,43.622859,-79.481197,At Intersection,Traffic Signal,Clear,"Dark, artificial",Dry,Non-Fatal Injury,Pedestrian Collisions,Pedestrian,unknown,Major,,South,,,,,Vehicle is going straight thru inter.while ped cross without ROW,Crossing without right of way,Had Been Drinking,,,,Yes,,Yes,,,,,,,,,,,161,Humber Bay Shores,17,Mimico (includes Humber Bay Shores) (17),D22,622538.3484,4831105.6947
12732,80564319,,7/11/2016 8:00:00 AM,27,429 DUNDAS ST E,,15 m North o,Major Arterial,Toronto and East York,43.659266,-79.366695,Intersection Related,No Control,Clear,"Dark, artificial",Dry,Non-Fatal Injury,Cyclist Collisions,Cyclist,25 to 29,Major,,East,Bicycle,Going Ahead,,,,,,Cyclist and Driver travelling in same direction. One vehicle sideswipes the other.,Other,Had Been Drinking,,Yes,Yes,,,,,Yes,,,,,,73,Moss Park,73,Moss Park (73),D51,631696.996,4835324.5279
12733,80564320,,7/11/2016 8:00:00 AM,27,429 DUNDAS ST E,,15 m North o,Major Arterial,Toronto and East York,43.659266,-79.366695,Intersection Related,No Control,Clear,"Dark, artificial",Dry,Non-Fatal Injury,Cyclist Collisions,Driver,20 to 24,None,,East,"Automobile, Station Wagon",Going Ahead,Driving Properly,Normal,,,,,,,,Yes,Yes,,,,,Yes,,,,,,73,Moss Park,73,Moss Park (73),D51,631696.996,4835324.5279
12734,80564321,,7/11/2016 8:00:00 AM,27,429 DUNDAS ST E,,15 m North o,Major Arterial,Toronto and East York,43.659266,-79.366695,Intersection Related,No Control,Clear,"Dark, artificial",Dry,Non-Fatal Injury,Cyclist Collisions,Passenger,20 to 24,None,,,,,,,,,,,,,,Yes,Yes,,,,,Yes,,,,,,73,Moss Park,73,Moss Park (73),D51,631696.996,4835324.5279
12735,80564322,,7/11/2016 8:00:00 AM,27,429 DUNDAS ST E,,15 m North o,Major Arterial,Toronto and East York,43.659266,-79.366695,Intersection Related,No Control,Clear,"Dark, artificial",Dry,Non-Fatal Injury,Cyclist Collisions,Passenger,25 to 29,None,,,,,,,,,,,,,,Yes,Yes,,,,,Yes,,,,,,73,Moss Park,73,Moss Park (73),D51,631696.996,4835324.5279
12736,80564323,,7/11/2016 8:00:00 AM,27,429 DUNDAS ST E,,15 m North o,Major Arterial,Toronto and East York,43.659266,-79.366695,Intersection Related,No Control,Clear,"Dark, artificial",Dry,Non-Fatal Injury,Cyclist Collisions,Passenger,20 to 24,Major,,,,,,,,,,,,,,Yes,Yes,,,,,Yes,,,,,,73,Moss Park,73,Moss Park (73),D51,631696.996,4835324.5279
12737,80564406,,7/12/2016 8:00:00 AM,910,AVENUE RD,CHAPLIN CRES,58 m South o,Major Arterial,Toronto and East York,43.698767,-79.406146,Non Intersection,Traffic Signal,Clear,Daylight,Dry,Non-Fatal Injury,Cyclist Collisions,Cyclist,50 to 54,Major,,East,Bicycle,Going Ahead,,,,,,"Cyclist without ROW rides into path of motorist at inter, lnwy, dwy-Cyclist not turn.",Disobeyed Traffic Control,Inattentive,,Yes,Yes,,,,,,,,,,,100,Yonge-Eglinton,100,Yonge-Eglinton (100),D53,628431.6363,4839649.7863
12738,80564407,,7/12/2016 8:00:00 AM,910,AVENUE RD,CHAPLIN CRES,58 m South o,Major Arterial,Toronto and East York,43.698767,-79.406146,Non Intersection,Traffic Signal,Clear,Daylight,Dry,Non-Fatal Injury,Cyclist Collisions,Driver,50 to 54,None,,North,"Automobile, Station Wagon",Going Ahead,Driving Properly,Normal,,,,,,,,Yes,Yes,,,,,,,,,,,100,Yonge-Eglinton,100,Yonge-Eglinton (100),D53,628431.6363,4839649.7863
12739,80564417,,7/12/2016 8:00:00 AM,1235,PAPE AVE,COSBURN AVE,15 m South o,Major Arterial,Toronto and East York,43.689421,-79.348804,Non Intersection,Traffic Signal,Clear,Daylight,Dry,Non-Fatal Injury,Cyclist Collisions,Cyclist,15 to 19,Major,,North,Bicycle,Going Ahead,,,,,,Insufficient information (to determine cyclist crash type).,Lost control,Inattentive,,Yes,Yes,,,,,,,,,,,59,Danforth East York,59,Danforth East York (59),D55,633072.9332,4838702.2056
12740,80564418,,7/12/2016 8:00:00 AM,1235,PAPE AVE,COSBURN AVE,15 m South o,Major Arterial,Toronto and East York,43.689421,-79.348804,Non Intersection,Traffic Signal,Clear,Daylight,Dry,Non-Fatal Injury,Cyclist Collisions,Driver,65 to 69,None,,South,Passenger Van,Going Ahead,Driving Properly,Normal,,,,,,,,Yes,Yes,,,,,,,,,,,59,Danforth East York,59,Danforth East York (59),D55,633072.9332,4838702.2056
12741,80545824,,7/12/2016 8:00:00 AM,1710,BIRMINGHAM ST,ELSINORE PATH,,Collector,Etobicoke York,43.602278,-79.510753,At Intersection,No Control,Clear,Daylight,Dry,Fatal,SMV Other,Driver,55 to 59,Fatal,46,West,"Automobile, Station Wagon",Going Ahead,Lost control,Medical or Physical Disability,,,,,,,,,Yes,,,,,,,,,,Yes,18,New Toronto,18,New Toronto (18),D22,620194.7141,4828776.7297
12742,80564515,,7/13/2016 8:00:00 AM,1413,JANE ST,WILLIAM CRAGG DR,,Major Arterial,Etobicoke York,43.722354,-79.508968,Intersection Related,No Control,Clear,Daylight,Dry,Non-Fatal Injury,Turning Movement,Driver,60 to 64,None,,South,"Automobile, Station Wagon",Turning Left,Failed to Yield Right of Way,Normal,,,,,,,,,Yes,Yes,,,,,,Yes,,,,154,Oakdale-Beverley Heights,26,Downsview-Roding-CFB (26),D31,620099.1213,4842115.3159