OBJECTID,INDEX,ACCNUM,DATE,TIME,STREET1,STREET2,OFFSET,ROAD_CLASS,DISTRICT,LATITUDE,LONGITUDE,ACCLOC,TRAFFCTL,VISIBILITY,LIGHT,RDSFCOND,ACCLASS,IMPACTYPE,INVTYPE,INVAGE,INJURY,FATAL_NO,INITDIR,VEHTYPE,MANOEUVER,DRIVACT,DRIVCOND,PEDTYPE,PEDACT,PEDCOND,CYCLISTYPE,CYCACT,CYCCOND,PEDESTRIAN,CYCLIST,AUTOMOBILE,MOTORCYCLE,TRUCK,TRSN_CITY_VEH,EMERG_VEH,PASSENGER,SPEEDING,AG_DRIV,REDLIGHT,ALCOHOL,DISABILITY,HOOD_158,NEIGHBOURHOOD_158,HOOD_140,NEIGHBOURHOOD_140,DIVISION,x,y
12743,80564516,,7/13/2016 8:00:00 AM,1413,JANE ST,WILLIAM CRAGG DR,,Major Arterial,Etobicoke York,43.722354,-79.508968,Intersection Related,No Control,Clear,Daylight,Dry,Non-Fatal Injury,Turning Movement,Motorcycle Driver,20 to 24,Major,,North,Motorcycle,Going Ahead,Driving Properly,Normal,,,,,,,,,Yes,Yes,,,,,,Yes,,,,154,Oakdale-Beverley Heights,26,Downsview-Roding-CFB (26),D31,620099.1213,4842115.3159
12744,80564555,,7/13/2016 8:00:00 AM,2035,BAYVIEW AVE,BROADWAY AVE,8 m South of,Major Arterial,North York,43.713843,-79.377612,At/Near Private Drive,Traffic Signal,Clear,Daylight,Dry,Non-Fatal Injury,Turning Movement,Driver,50 to 54,Major,,East,"Automobile, Station Wagon",Turning Left,Failed to Yield Right of Way,Inattentive,,,,,,,,,Yes,,,,,Yes,,Yes,,,,56,Leaside-Bennington,56,Leaside-Bennington (56),D53,630698.1403,4841368.7851
12745,80564556,,7/13/2016 8:00:00 AM,2035,BAYVIEW AVE,BROADWAY AVE,8 m South of,Major Arterial,North York,43.713843,-79.377612,At/Near Private Drive,Traffic Signal,Clear,Daylight,Dry,Non-Fatal Injury,Turning Movement,Driver,65 to 69,Minimal,,North,"Automobile, Station Wagon",Going Ahead,Driving Properly,Normal,,,,,,,,,Yes,,,,,Yes,,Yes,,,,56,Leaside-Bennington,56,Leaside-Bennington (56),D53,630698.1403,4841368.7851
12746,80564557,,7/13/2016 8:00:00 AM,2035,BAYVIEW AVE,BROADWAY AVE,8 m South of,Major Arterial,North York,43.713843,-79.377612,At/Near Private Drive,Traffic Signal,Clear,Daylight,Dry,Non-Fatal Injury,Turning Movement,Passenger,65 to 69,Minor,,,,,,,,,,,,,,,Yes,,,,,Yes,,Yes,,,,56,Leaside-Bennington,56,Leaside-Bennington (56),D53,630698.1403,4841368.7851
12747,80564558,,7/13/2016 8:00:00 AM,2205,UNIVERSITY AVE,GERRARD ST W,4 m North of,Major Arterial,Toronto and East York,43.657519,-79.389476,Non Intersection,Traffic Signal,Clear,"Dark, artificial",Dry,Non-Fatal Injury,Turning Movement,Driver,45 to 49,None,,South,"Automobile, Station Wagon",Turning Left,Failed to Yield Right of Way,Inattentive,,,,,,,,,Yes,Yes,,,,,,Yes,,,,170,Yonge-Bay Corridor,76,Bay Street Corridor (76),D52,629863.8603,4835094.5927
12748,80564559,,7/13/2016 8:00:00 AM,2205,UNIVERSITY AVE,GERRARD ST W,4 m North of,Major Arterial,Toronto and East York,43.657519,-79.389476,Non Intersection,Traffic Signal,Clear,"Dark, artificial",Dry,Non-Fatal Injury,Turning Movement,Motorcycle Driver,45 to 49,Major,,North,Motorcycle,Going Ahead,Driving Properly,Normal,,,,,,,,,Yes,Yes,,,,,,Yes,,,,170,Yonge-Bay Corridor,76,Bay Street Corridor (76),D52,629863.8603,4835094.5927
12749,80564618,,7/15/2016 8:00:00 AM,630,BAMBURGH CRCL,MONTAGUE PL,,Collector,Scarborough,43.811843,-79.322467,At Intersection,No Control,Clear,Daylight,Dry,Non-Fatal Injury,Pedestrian Collisions,Driver,45 to 49,None,,East,"Automobile, Station Wagon",Going Ahead,Driving Properly,Normal,,,,,,,Yes,,Yes,,,,,,,,,,,116,Steeles,116,Steeles (116),D42,634920.1353,4852341.615
12750,80564619,,7/15/2016 8:00:00 AM,630,BAMBURGH CRCL,MONTAGUE PL,,Collector,Scarborough,43.811843,-79.322467,At Intersection,No Control,Clear,Daylight,Dry,Non-Fatal Injury,Pedestrian Collisions,Pedestrian,90 to 94,Major,,South,,,,,Vehicle is going straight thru inter.while ped cross without ROW,Crossing without right of way,Normal,,,,Yes,,Yes,,,,,,,,,,,116,Steeles,116,Steeles (116),D42,634920.1353,4852341.615
12751,80564709,,7/16/2016 8:00:00 AM,1821,MARKHAM RD,LAWRENCE AVE E,18 m South o,Major Arterial,Scarborough,43.75981,-79.225314,Non Intersection,No Control,Clear,Daylight,Dry,Non-Fatal Injury,Pedestrian Collisions,Driver,45 to 49,None,,West,Passenger Van,Turning Right,Driving Properly,Normal,,,,,,,Yes,,Yes,,,,,,,,,,,141,Golfdale-Cedarbrae-Woburn,137,Woburn (137),D43,642857.9185,4846725.5382
12752,80564710,,7/16/2016 8:00:00 AM,1821,MARKHAM RD,LAWRENCE AVE E,18 m South o,Major Arterial,Scarborough,43.75981,-79.225314,Non Intersection,No Control,Clear,Daylight,Dry,Non-Fatal Injury,Pedestrian Collisions,Pedestrian,60 to 64,Major,,Unknown,,,,,Pedestrian hit at mid-block,"Crossing, no Traffic Control",Inattentive,,,,Yes,,Yes,,,,,,,,,,,141,Golfdale-Cedarbrae-Woburn,137,Woburn (137),D43,642857.9185,4846725.5382
12753,80632045,,7/16/2016 8:00:00 AM,2111,STEELES AVE E,BESTVIEW DR,2 m North of,Major Arterial,North York,43.806021,-79.38335,Intersection Related,No Control,Clear,"Dusk, artificial",Dry,Non-Fatal Injury,Turning Movement,Driver,75 to 79,None,,West,"Automobile, Station Wagon",Turning Left,Failed to Yield Right of Way,Normal,,,,,,,,,Yes,,,,,Yes,,Yes,,,,49,Bayview Woods-Steeles,49,Bayview Woods-Steeles (49),D33,630036.0428,4851597.5101
12754,80632046,,7/16/2016 8:00:00 AM,2111,STEELES AVE E,BESTVIEW DR,2 m North of,Major Arterial,North York,43.806021,-79.38335,Intersection Related,No Control,Clear,"Dusk, artificial",Dry,Non-Fatal Injury,Turning Movement,Driver,60 to 64,Minimal,,East,"Automobile, Station Wagon",Going Ahead,Driving Properly,Normal,,,,,,,,,Yes,,,,,Yes,,Yes,,,,49,Bayview Woods-Steeles,49,Bayview Woods-Steeles (49),D33,630036.0428,4851597.5101
12755,80632047,,7/16/2016 8:00:00 AM,2111,STEELES AVE E,BESTVIEW DR,2 m North of,Major Arterial,North York,43.806021,-79.38335,Intersection Related,No Control,Clear,"Dusk, artificial",Dry,Non-Fatal Injury,Turning Movement,Passenger,55 to 59,Major,,,,,,,,,,,,,,,Yes,,,,,Yes,,Yes,,,,49,Bayview Woods-Steeles,49,Bayview Woods-Steeles (49),D33,630036.0428,4851597.5101
12756,80632050,,7/19/2016 8:00:00 AM,1850,RICHMOND ST W,PORTLAND ST,27 m West of,Major Arterial,Toronto and East York,43.646899,-79.401088,At/Near Private Drive,No Control,Clear,Daylight,Dry,Non-Fatal Injury,Cyclist Collisions,Driver,50 to 54,None,,West,"Automobile, Station Wagon",Turning Right,Failed to Yield Right of Way,Inattentive,,,,,,,,Yes,Yes,,,,,,,Yes,,,,164,Wellington Place,77,Waterfront Communities-The Island (77),D14,628950.249,4833896.9938
12757,80632051,,7/19/2016 8:00:00 AM,1850,RICHMOND ST W,PORTLAND ST,27 m West of,Major Arterial,Toronto and East York,43.646899,-79.401088,At/Near Private Drive,No Control,Clear,Daylight,Dry,Non-Fatal Injury,Cyclist Collisions,Cyclist,25 to 29,Major,,West,Bicycle,Going Ahead,,,,,,"Motorist turns right at non-signal Inter.(stop, yield, no cont.,and dwy) and strikes cyclist.",Driving Properly,Normal,,Yes,Yes,,,,,,,Yes,,,,164,Wellington Place,77,Waterfront Communities-The Island (77),D14,628950.249,4833896.9938
12758,80632054,,7/21/2016 8:00:00 AM,2127,THE EAST MALL,RATHBURN RD,137 m South ,Minor Arterial,Etobicoke York,43.653208,-79.563464,Non Intersection,No Control,Clear,"Dark, artificial",Dry,Non-Fatal Injury,Cyclist Collisions,Driver,65 to 69,None,,West,Passenger Van,Reversing,Other,Normal,,,,,,,,Yes,Yes,,,,,Yes,,,,,,158,Islington,14,Islington-City Centre West (14),D22,615842.5883,4834358.2034
12759,80632055,,7/21/2016 8:00:00 AM,2127,THE EAST MALL,RATHBURN RD,137 m South ,Minor Arterial,Etobicoke York,43.653208,-79.563464,Non Intersection,No Control,Clear,"Dark, artificial",Dry,Non-Fatal Injury,Cyclist Collisions,Cyclist,20 to 24,Major,,South,Bicycle,Going Ahead,,,,,,Motorist reversing struck cyclist.,Driving Properly,Other,,Yes,Yes,,,,,Yes,,,,,,158,Islington,14,Islington-City Centre West (14),D22,615842.5883,4834358.2034
12760,80632056,,7/21/2016 8:00:00 AM,2127,THE EAST MALL,RATHBURN RD,137 m South ,Minor Arterial,Etobicoke York,43.653208,-79.563464,Non Intersection,No Control,Clear,"Dark, artificial",Dry,Non-Fatal Injury,Cyclist Collisions,Passenger,35 to 39,None,,,,,,,,,,,,,,Yes,Yes,,,,,Yes,,,,,,158,Islington,14,Islington-City Centre West (14),D22,615842.5883,4834358.2034
12761,80632057,,7/21/2016 8:00:00 AM,2247,JARVIS ST,DUNDAS ST E,7 m North of,Major Arterial,Toronto and East York,43.656993,-79.37453,Intersection Related,No Control,Clear,"Dusk, artificial",Dry,Non-Fatal Injury,Pedestrian Collisions,Driver,85 to 89,None,,North,"Automobile, Station Wagon",Going Ahead,Driving Properly,Normal,,,,,,,Yes,,Yes,,,,,,,,,,,73,Moss Park,73,Moss Park (73),D51,631070.1814,4835059.6745
12762,80632058,,7/21/2016 8:00:00 AM,2247,JARVIS ST,DUNDAS ST E,7 m North of,Major Arterial,Toronto and East York,43.656993,-79.37453,Intersection Related,No Control,Clear,"Dusk, artificial",Dry,Non-Fatal Injury,Pedestrian Collisions,Pedestrian,60 to 64,Major,,East,"Automobile, Station Wagon",,,,Vehicle is going straight thru inter.while ped cross without ROW,"Crossing, no Traffic Control",Normal,,,,Yes,,Yes,,,,,,,,,,,73,Moss Park,73,Moss Park (73),D51,631070.1814,4835059.6745
12763,80632059,,7/22/2016 8:00:00 AM,630,LAWRENCE AVE W,WESTON RD,,Major Arterial,Etobicoke York,43.700087,-79.516155,At Intersection,Traffic Signal,Clear,"Dawn, artificial",Dry,Non-Fatal Injury,Turning Movement,Driver,55 to 59,None,,West,"Automobile, Station Wagon",Turning Left,Failed to Yield Right of Way,Inattentive,,,,,,,,,Yes,Yes,,,,,,Yes,,,,113,Weston,113,Weston (113),D12,619564.4888,4839631.8669
12764,80632060,,7/22/2016 8:00:00 AM,630,LAWRENCE AVE W,WESTON RD,,Major Arterial,Etobicoke York,43.700087,-79.516155,At Intersection,Traffic Signal,Clear,"Dawn, artificial",Dry,Non-Fatal Injury,Turning Movement,Motorcycle Driver,35 to 39,Major,,East,Motorcycle,Going Ahead,Driving Properly,Normal,,,,,,,,,Yes,Yes,,,,,,Yes,,,,113,Weston,113,Weston (113),D12,619564.4888,4839631.8669
12765,80632061,,7/22/2016 8:00:00 AM,1223,ST CLAIR AVE W,WESTON RD,,Major Arterial,Etobicoke York,43.672461,-79.467586,At Intersection,Traffic Signal,Clear,Daylight,Dry,Non-Fatal Injury,Pedestrian Collisions,Driver,25 to 29,Minor,,East,"Automobile, Station Wagon",Turning Left,Failed to Yield Right of Way,Inattentive,,,,,,,Yes,,Yes,,,,,,,Yes,,,,90,Junction Area,90,Junction Area (90),D11,623534.7843,4836634.812
12766,80632062,,7/22/2016 8:00:00 AM,1223,ST CLAIR AVE W,WESTON RD,,Major Arterial,Etobicoke York,43.672461,-79.467586,At Intersection,Traffic Signal,Clear,Daylight,Dry,Non-Fatal Injury,Pedestrian Collisions,Driver,25 to 29,Minimal,,West,"Automobile, Station Wagon",Going Ahead,Driving Properly,Normal,,,,,,,Yes,,Yes,,,,,,,Yes,,,,90,Junction Area,90,Junction Area (90),D11,623534.7843,4836634.812
12767,80632063,,7/22/2016 8:00:00 AM,1223,ST CLAIR AVE W,WESTON RD,,Major Arterial,Etobicoke York,43.672461,-79.467586,At Intersection,Traffic Signal,Clear,Daylight,Dry,Non-Fatal Injury,Pedestrian Collisions,Pedestrian,40 to 44,Major,,Unknown,,,,,Pedestrian hit on sidewalk or shoulder,On Sidewalk or Shoulder,Normal,,,,Yes,,Yes,,,,,,,Yes,,,,90,Junction Area,90,Junction Area (90),D11,623534.7843,4836634.812
12768,80632064,,7/22/2016 8:00:00 AM,1223,ST CLAIR AVE W,WESTON RD,,Major Arterial,Etobicoke York,43.672461,-79.467586,At Intersection,Traffic Signal,Clear,Daylight,Dry,Non-Fatal Injury,Pedestrian Collisions,Pedestrian,35 to 39,Minor,,Unknown,,,,,Pedestrian hit on sidewalk or shoulder,On Sidewalk or Shoulder,Normal,,,,Yes,,Yes,,,,,,,Yes,,,,90,Junction Area,90,Junction Area (90),D11,623534.7843,4836634.812
12769,80632065,,7/22/2016 8:00:00 AM,1223,ST CLAIR AVE W,WESTON RD,,Major Arterial,Etobicoke York,43.672461,-79.467586,At Intersection,Traffic Signal,Clear,Daylight,Dry,Non-Fatal Injury,Pedestrian Collisions,Pedestrian,55 to 59,Minor,,Unknown,,,,,Pedestrian hit on sidewalk or shoulder,On Sidewalk or Shoulder,Normal,,,,Yes,,Yes,,,,,,,Yes,,,,90,Junction Area,90,Junction Area (90),D11,623534.7843,4836634.812
12770,80632066,,7/22/2016 8:00:00 AM,1702,TRETHEWEY DR,PLATINUM DR,,Minor Arterial,Etobicoke York,43.697261,-79.498981,At Intersection,Stop Sign,Clear,Daylight,Dry,Non-Fatal Injury,Angle,Driver,50 to 54,None,,South,"Automobile, Station Wagon",Going Ahead,Failed to Yield Right of Way,Inattentive,,,,,,,,,Yes,Yes,,,,,Yes,Yes,,,,30,Brookhaven-Amesbury,30,Brookhaven-Amesbury (30),D12,620954.0197,4839342.9103
12771,80632067,,7/22/2016 8:00:00 AM,1702,TRETHEWEY DR,PLATINUM DR,,Minor Arterial,Etobicoke York,43.697261,-79.498981,At Intersection,Stop Sign,Clear,Daylight,Dry,Non-Fatal Injury,Angle,Motorcycle Driver,40 to 44,Major,,East,Motorcycle,Going Ahead,Speed too Fast For Condition,Normal,,,,,,,,,Yes,Yes,,,,,Yes,Yes,,,,30,Brookhaven-Amesbury,30,Brookhaven-Amesbury (30),D12,620954.0197,4839342.9103
12772,80545849,,7/22/2016 8:00:00 AM,1948,ROYAL YORK RD,STRATH HUMBER CRT,12.5 M S of,Minor Arterial,Etobicoke York,43.661376,-79.517581,At Intersection,No Control,Clear,Daylight,Dry,Fatal,Turning Movement,Motorcycle Driver,30 to 34,Fatal,47,South,Motorcycle,Going Ahead,Exceeding Speed Limit,Normal,,,,,,,,,Yes,Yes,,,,Yes,Yes,Yes,,,,9,Edenbridge-Humber Valley,9,Edenbridge-Humber Valley (9),D22,619526.4269,4835330.4393
12773,80545850,,7/22/2016 8:00:00 AM,1948,ROYAL YORK RD,STRATH HUMBER CRT,12.5 M S of,Minor Arterial,Etobicoke York,43.661376,-79.517581,At Intersection,No Control,Clear,Daylight,Dry,Fatal,Turning Movement,Driver,15 to 19,Minor,,North,"Automobile, Station Wagon",Turning Left,Failed to Yield Right of Way,Normal,,,,,,,,,Yes,Yes,,,,Yes,Yes,Yes,,,,9,Edenbridge-Humber Valley,9,Edenbridge-Humber Valley (9),D22,619526.4269,4835330.4393
12774,80545851,,7/22/2016 8:00:00 AM,1948,ROYAL YORK RD,STRATH HUMBER CRT,12.5 M S of,Minor Arterial,Etobicoke York,43.661376,-79.517581,At Intersection,No Control,Clear,Daylight,Dry,Fatal,Turning Movement,Passenger,20 to 24,Major,,,,,,,,,,,,,,,Yes,Yes,,,,Yes,Yes,Yes,,,,9,Edenbridge-Humber Valley,9,Edenbridge-Humber Valley (9),D22,619526.4269,4835330.4393
12775,80565973,,7/24/2016 8:00:00 AM,1349,VICTORIA PARK AVE,HIGHWAY 401 C  W,5 m South of,Major Arterial,North York,43.768347,-79.319797,Non Intersection,No Control,Clear,Daylight,Dry,Non-Fatal Injury,Cyclist Collisions,Cyclist,25 to 29,None,,South,Bicycle,Merging,,,,,,"Cyclist without ROW rides into path of motorist at inter, lnwy, dwy-Cyclist not turn.",Failed to Yield Right of Way,Unknown,,Yes,,Yes,,,,,,,,,,150,Fenside-Parkwoods,45,Parkwoods-Donalda (45),D33,635232.9438,4847515.0554
12776,80565974,,7/24/2016 8:00:00 AM,1349,VICTORIA PARK AVE,HIGHWAY 401 C  W,5 m South of,Major Arterial,North York,43.768347,-79.319797,Non Intersection,No Control,Clear,Daylight,Dry,Non-Fatal Injury,Cyclist Collisions,Motorcycle Driver,55 to 59,Major,,East,Motorcycle,Going Ahead,Lost control,Normal,,,,,,,,Yes,,Yes,,,,,,,,,,150,Fenside-Parkwoods,45,Parkwoods-Donalda (45),D33,635232.9438,4847515.0554
12777,80769197,,7/24/2016 8:00:00 AM,2030,DANFORTH AVE,BIRCHMOUNT RD,130 m East o,Minor Arterial,Scarborough,43.697486,-79.262462,Non Intersection,No Control,Clear,Dusk,Dry,Non-Fatal Injury,Other,Driver,20 to 24,None,,West,"Automobile, Station Wagon",Going Ahead,Exceeding Speed Limit,Had Been Drinking,,,,,,,,,Yes,,,,,Yes,Yes,Yes,,,,122,Birchcliffe-Cliffside,122,Birchcliffe-Cliffside (122),D41,640012.7064,4839740.1223
12778,80769198,,7/24/2016 8:00:00 AM,2030,DANFORTH AVE,BIRCHMOUNT RD,130 m East o,Minor Arterial,Scarborough,43.697486,-79.262462,Non Intersection,No Control,Clear,Dusk,Dry,Non-Fatal Injury,Other,Passenger,20 to 24,Major,,,,,,,,,,,,,,,Yes,,,,,Yes,Yes,Yes,,,,122,Birchcliffe-Cliffside,122,Birchcliffe-Cliffside (122),D41,640012.7064,4839740.1223
12779,80566002,,7/25/2016 8:00:00 AM,2359,KENNEDY RD,MERRIAN RD,,Major Arterial,Scarborough,43.727336,-79.26588,At Intersection,Traffic Signal,Clear,"Dark, artificial",Dry,Non-Fatal Injury,Cyclist Collisions,Cyclist,35 to 39,Major,,West,Bicycle,Going Ahead,,,,,,"Cyclist without ROW rides into path of motorist at inter, lnwy, dwy-Cyclist not turn.",Disobeyed Traffic Control,Inattentive,,Yes,,,,,Yes,,,,,,,124,Kennedy Park,124,Kennedy Park (124),D41,639667.9165,4843049.6321
12780,80566003,,7/25/2016 8:00:00 AM,2359,KENNEDY RD,MERRIAN RD,,Major Arterial,Scarborough,43.727336,-79.26588,At Intersection,Traffic Signal,Clear,"Dark, artificial",Dry,Non-Fatal Injury,Cyclist Collisions,Driver,35 to 39,None,,North,Police Vehicle,Going Ahead,Driving Properly,Normal,,,,,,,,Yes,,,,,Yes,,,,,,,124,Kennedy Park,124,Kennedy Park (124),D41,639667.9165,4843049.6321
12781,80632068,,7/26/2016 8:00:00 AM,836,WILSON HEIGHTS BLVD,CODSELL AVE,5 m South of,Collector,North York,43.754176,-79.458949,At Intersection,Stop Sign,Clear,Daylight,Dry,Non-Fatal Injury,Turning Movement,Driver,30 to 34,None,,West,"Automobile, Station Wagon",Turning Left,Failed to Yield Right of Way,Unknown,,,,,,,,,Yes,Yes,,,,,,Yes,,,,34,Bathurst Manor,34,Bathurst Manor (34),D32,624062.3312,4845723.3098
12782,80632069,,7/26/2016 8:00:00 AM,836,WILSON HEIGHTS BLVD,CODSELL AVE,5 m South of,Collector,North York,43.754176,-79.458949,At Intersection,Stop Sign,Clear,Daylight,Dry,Non-Fatal Injury,Turning Movement,Motorcycle Driver,25 to 29,Major,,North,Motorcycle,Going Ahead,Driving Properly,Unknown,,,,,,,,,Yes,Yes,,,,,,Yes,,,,34,Bathurst Manor,34,Bathurst Manor (34),D32,624062.3312,4845723.3098
12783,80546836,,7/28/2016 8:00:00 AM,1450,PARLIAMENT ST,SHUTER ST,,Minor Arterial,Toronto and East York,43.656932,-79.364993,At Intersection,Traffic Signal,Clear,Daylight,Dry,Fatal,Pedestrian Collisions,Pedestrian,80 to 84,Fatal,49,West,,,,,Vehicle is going straight thru inter.while ped cross without ROW,Crossing without right of way,Normal,,,,Yes,,,,Yes,,,,,,,,,72,Regent Park,72,Regent Park (72),D51,631839.3416,4835068.0092
12784,80546837,,7/28/2016 8:00:00 AM,1450,PARLIAMENT ST,SHUTER ST,,Minor Arterial,Toronto and East York,43.656932,-79.364993,At Intersection,Traffic Signal,Clear,Daylight,Dry,Fatal,Pedestrian Collisions,Truck Driver,45 to 49,None,,North,Truck - Dump,Going Ahead,Driving Properly,Normal,,,,,,,Yes,,,,Yes,,,,,,,,,72,Regent Park,72,Regent Park (72),D51,631839.3416,4835068.0092
12785,80632070,,7/29/2016 8:00:00 AM,1645,JANE ST,SHOREHAM DR,121 m North ,Major Arterial,Etobicoke York,43.769675,-79.52058,Non Intersection,No Control,Clear,Daylight,Dry,Non-Fatal Injury,Cyclist Collisions,Cyclist,30 to 34,None,,East,Bicycle,Going Ahead,,,,,,"Cyclist without ROW rides into path of motorist at inter, lnwy, dwy-Cyclist not turn.",Failed to Yield Right of Way,Inattentive,,Yes,Yes,,,,,,,,,,,24,Black Creek,24,Black Creek (24),D31,619069.9384,4847354.2379
12786,80632071,,7/29/2016 8:00:00 AM,1645,JANE ST,SHOREHAM DR,121 m North ,Major Arterial,Etobicoke York,43.769675,-79.52058,Non Intersection,No Control,Clear,Daylight,Dry,Non-Fatal Injury,Cyclist Collisions,Driver,50 to 54,Major,,South,"Automobile, Station Wagon",Going Ahead,Driving Properly,Normal,,,,,,,,Yes,Yes,,,,,,,,,,,24,Black Creek,24,Black Creek (24),D31,619069.9384,4847354.2379
12787,80546793,,7/29/2016 8:00:00 AM,1825,KINGSTON RD,GUILDCREST DR,,Major Arterial,Scarborough,43.747851,-79.207637,At Intersection,No Control,Clear,Daylight,Dry,Fatal,Pedestrian Collisions,Driver,25 to 29,None,,North,"Automobile, Station Wagon",Going Ahead,Failed to Yield Right of Way,Normal,,,,,,,Yes,,Yes,,,Yes,,,Yes,Yes,,,,140,Guildwood,140,Guildwood (140),D43,644309.636,4845427.9526
12788,80546794,,7/29/2016 8:00:00 AM,1825,KINGSTON RD,GUILDCREST DR,,Major Arterial,Scarborough,43.747851,-79.207637,At Intersection,No Control,Clear,Daylight,Dry,Fatal,Pedestrian Collisions,Driver,30 to 34,None,,West,Municipal Transit Bus (TTC),Going Ahead,Driving Properly,Unknown,,,,,,,Yes,,Yes,,,Yes,,,Yes,Yes,,,,140,Guildwood,140,Guildwood (140),D43,644309.636,4845427.9526
12789,80546795,,7/29/2016 8:00:00 AM,1825,KINGSTON RD,GUILDCREST DR,,Major Arterial,Scarborough,43.747851,-79.207637,At Intersection,No Control,Clear,Daylight,Dry,Fatal,Pedestrian Collisions,Pedestrian,60 to 64,Fatal,48,East,,,,,Vehicle is going straight thru inter.while ped cross with ROW,Crossing with right of way,Unknown,,,,Yes,,Yes,,,Yes,,,Yes,Yes,,,,140,Guildwood,140,Guildwood (140),D43,644309.636,4845427.9526
12790,80546796,,7/29/2016 8:00:00 AM,1825,KINGSTON RD,GUILDCREST DR,,Major Arterial,Scarborough,43.747851,-79.207637,At Intersection,No Control,Clear,Daylight,Dry,Fatal,Pedestrian Collisions,Pedestrian,60 to 64,Minimal,,East,,,,,Vehicle is going straight thru inter.while ped cross with ROW,Crossing with right of way,Unknown,,,,Yes,,Yes,,,Yes,,,Yes,Yes,,,,140,Guildwood,140,Guildwood (140),D43,644309.636,4845427.9526
12791,80769393,,7/30/2016 8:00:00 AM,2248,PARK LAWN RD,THE QUEENSWAY,,Major Arterial,Etobicoke York,43.628977,-79.490321,At Intersection,Traffic Signal,Clear,"Dark, artificial",Dry,Non-Fatal Injury,SMV Other,Driver,15 to 19,Major,,North,"Automobile, Station Wagon",Turning Right,Failed to Yield Right of Way,Unknown,,,,,,,,,Yes,,,,,Yes,,Yes,,,,16,Stonegate-Queensway,16,Stonegate-Queensway (16),D22,621789.8541,4831771.7491
12792,80769394,,7/30/2016 8:00:00 AM,2248,PARK LAWN RD,THE QUEENSWAY,,Major Arterial,Etobicoke York,43.628977,-79.490321,At Intersection,Traffic Signal,Clear,"Dark, artificial",Dry,Non-Fatal Injury,SMV Other,Passenger,15 to 19,Major,,,,,,,,,,,,,,,Yes,,,,,Yes,,Yes,,,,16,Stonegate-Queensway,16,Stonegate-Queensway (16),D22,621789.8541,4831771.7491
12793,80566255,,7/31/2016 8:00:00 AM,1355,MORNINGSIDE AVE,ELLESMERE RD,282 m South ,Major Arterial,Scarborough,43.782973,-79.192378,Non Intersection,No Control,Rain,Daylight,Wet,Non-Fatal Injury,Turning Movement,Driver,60 to 64,Major,,North,"Automobile, Station Wagon",Making U Turn,Disobeyed Traffic Control,Inattentive,,,,,,,,,Yes,,,,,Yes,,Yes,,,,135,Morningside,135,Morningside (135),D43,645453.054,4849355.4989
12794,80566256,,7/31/2016 8:00:00 AM,1355,MORNINGSIDE AVE,ELLESMERE RD,282 m South ,Major Arterial,Scarborough,43.782973,-79.192378,Non Intersection,No Control,Rain,Daylight,Wet,Non-Fatal Injury,Turning Movement,Driver,25 to 29,None,,North,"Automobile, Station Wagon",Going Ahead,Driving Properly,Normal,,,,,,,,,Yes,,,,,Yes,,Yes,,,,135,Morningside,135,Morningside (135),D43,645453.054,4849355.4989
12795,80566257,,7/31/2016 8:00:00 AM,1355,MORNINGSIDE AVE,ELLESMERE RD,282 m South ,Major Arterial,Scarborough,43.782973,-79.192378,Non Intersection,No Control,Rain,Daylight,Wet,Non-Fatal Injury,Turning Movement,Passenger,25 to 29,None,,,,,,,,,,,,,,,Yes,,,,,Yes,,Yes,,,,135,Morningside,135,Morningside (135),D43,645453.054,4849355.4989
12796,80566283,,8/1/2016 8:00:00 AM,156,MORNINGSIDE AVE,HALFWAY AVE,15 m East of,Minor Arterial,Scarborough,43.817847,-79.213687,At Intersection,No Control,Clear,"Dark, artificial",Dry,Non-Fatal Injury,Rear End,Driver,20 to 24,None,,West,"Automobile, Station Wagon",Going Ahead,Following too Close,Normal,,,,,,,,,Yes,,,Yes,,Yes,,Yes,,,,146,Malvern East,132,Malvern (132),D42,643654.7617,4853191.6
12797,80566284,,8/1/2016 8:00:00 AM,156,MORNINGSIDE AVE,HALFWAY AVE,15 m East of,Minor Arterial,Scarborough,43.817847,-79.213687,At Intersection,No Control,Clear,"Dark, artificial",Dry,Non-Fatal Injury,Rear End,Driver,45 to 49,None,,West,Municipal Transit Bus (TTC),Stopped,Driving Properly,Normal,,,,,,,,,Yes,,,Yes,,Yes,,Yes,,,,146,Malvern East,132,Malvern (132),D42,643654.7617,4853191.6
12798,80566285,,8/1/2016 8:00:00 AM,156,MORNINGSIDE AVE,HALFWAY AVE,15 m East of,Minor Arterial,Scarborough,43.817847,-79.213687,At Intersection,No Control,Clear,"Dark, artificial",Dry,Non-Fatal Injury,Rear End,Passenger,15 to 19,Minimal,,,,,,,,,,,,,,,Yes,,,Yes,,Yes,,Yes,,,,146,Malvern East,132,Malvern (132),D42,643654.7617,4853191.6
12799,80566286,,8/1/2016 8:00:00 AM,156,MORNINGSIDE AVE,HALFWAY AVE,15 m East of,Minor Arterial,Scarborough,43.817847,-79.213687,At Intersection,No Control,Clear,"Dark, artificial",Dry,Non-Fatal Injury,Rear End,Passenger,15 to 19,Major,,,,,,,,,,,,,,,Yes,,,Yes,,Yes,,Yes,,,,146,Malvern East,132,Malvern (132),D42,643654.7617,4853191.6