OBJECTID,INDEX,ACCNUM,DATE,TIME,STREET1,STREET2,OFFSET,ROAD_CLASS,DISTRICT,LATITUDE,LONGITUDE,ACCLOC,TRAFFCTL,VISIBILITY,LIGHT,RDSFCOND,ACCLASS,IMPACTYPE,INVTYPE,INVAGE,INJURY,FATAL_NO,INITDIR,VEHTYPE,MANOEUVER,DRIVACT,DRIVCOND,PEDTYPE,PEDACT,PEDCOND,CYCLISTYPE,CYCACT,CYCCOND,PEDESTRIAN,CYCLIST,AUTOMOBILE,MOTORCYCLE,TRUCK,TRSN_CITY_VEH,EMERG_VEH,PASSENGER,SPEEDING,AG_DRIV,REDLIGHT,ALCOHOL,DISABILITY,HOOD_158,NEIGHBOURHOOD_158,HOOD_140,NEIGHBOURHOOD_140,DIVISION,x,y
12800,80566287,,8/1/2016 8:00:00 AM,156,MORNINGSIDE AVE,HALFWAY AVE,15 m East of,Minor Arterial,Scarborough,43.817847,-79.213687,At Intersection,No Control,Clear,"Dark, artificial",Dry,Non-Fatal Injury,Rear End,Passenger,15 to 19,Major,,,,,,,,,,,,,,,Yes,,,Yes,,Yes,,Yes,,,,146,Malvern East,132,Malvern (132),D42,643654.7617,4853191.6
12801,80566288,,8/1/2016 8:00:00 AM,156,MORNINGSIDE AVE,HALFWAY AVE,15 m East of,Minor Arterial,Scarborough,43.817847,-79.213687,At Intersection,No Control,Clear,"Dark, artificial",Dry,Non-Fatal Injury,Rear End,Passenger,15 to 19,Minimal,,,,,,,,,,,,,,,Yes,,,Yes,,Yes,,Yes,,,,146,Malvern East,132,Malvern (132),D42,643654.7617,4853191.6
12802,80632072,,8/2/2016 8:00:00 AM,1745,FRONT ST E,YONGE ST,5 m North of,Major Arterial,Toronto and East York,43.646811,-79.376933,Intersection Related,Traffic Signal,Clear,Daylight,Dry,Non-Fatal Injury,Rear End,Driver,55 to 59,None,,East,"Automobile, Station Wagon",Stopped,Following too Close,Normal,,,,,,,,,Yes,Yes,,,,,,Yes,,,,166,St Lawrence-East Bayfront-The Islands,77,Waterfront Communities-The Island (77),D51,630898.5313,4833925.0363
12803,80632073,,8/2/2016 8:00:00 AM,1745,FRONT ST E,YONGE ST,5 m North of,Major Arterial,Toronto and East York,43.646811,-79.376933,Intersection Related,Traffic Signal,Clear,Daylight,Dry,Non-Fatal Injury,Rear End,Motorcycle Driver,15 to 19,Major,,East,Motorcycle,Going Ahead,Driving Properly,Normal,,,,,,,,,Yes,Yes,,,,,,Yes,,,,166,St Lawrence-East Bayfront-The Islands,77,Waterfront Communities-The Island (77),D51,630898.5313,4833925.0363
12804,80632074,,8/2/2016 8:00:00 AM,2112,BLUE JAYS WAY,NAVY WHARF CRT,,Minor Arterial,Toronto and East York,43.64157,-79.391864,At Intersection,Stop Sign,Clear,"Dark, artificial",Dry,Non-Fatal Injury,Pedestrian Collisions,Driver,55 to 59,None,,West,Passenger Van,Turning Left,Failed to Yield Right of Way,Normal,,,,,,,Yes,,Yes,,,,,Yes,,Yes,,,,165,Harbourfront-CityPlace,77,Waterfront Communities-The Island (77),D52,629705.6289,4833319.513
12805,80632075,,8/2/2016 8:00:00 AM,2112,BLUE JAYS WAY,NAVY WHARF CRT,,Minor Arterial,Toronto and East York,43.64157,-79.391864,At Intersection,Stop Sign,Clear,"Dark, artificial",Dry,Non-Fatal Injury,Pedestrian Collisions,Passenger,35 to 39,None,,,,,,,,,,,,,Yes,,Yes,,,,,Yes,,Yes,,,,165,Harbourfront-CityPlace,77,Waterfront Communities-The Island (77),D52,629705.6289,4833319.513
12806,80632076,,8/2/2016 8:00:00 AM,2112,BLUE JAYS WAY,NAVY WHARF CRT,,Minor Arterial,Toronto and East York,43.64157,-79.391864,At Intersection,Stop Sign,Clear,"Dark, artificial",Dry,Non-Fatal Injury,Pedestrian Collisions,Pedestrian,25 to 29,Major,,South,,,,,Vehicle turns left while ped crosses with ROW at inter.,Crossing with right of way,Normal,,,,Yes,,Yes,,,,,Yes,,Yes,,,,165,Harbourfront-CityPlace,77,Waterfront Communities-The Island (77),D52,629705.6289,4833319.513
12807,80632077,,8/3/2016 8:00:00 AM,1154,STEELES AVE W,HILDA AVE,5 m North of,Major Arterial,North York,43.795935,-79.429225,At Intersection,Traffic Signal,Clear,Daylight,Dry,Non-Fatal Injury,Turning Movement,Driver,25 to 29,Minor,,West,"Automobile, Station Wagon",Turning Left,Failed to Yield Right of Way,Inattentive,,,,,,,,,Yes,,,,,,,Yes,,,,36,Newtonbrook West,36,Newtonbrook West (36),D32,626367.2944,4850406.234
12808,80632078,,8/3/2016 8:00:00 AM,1154,STEELES AVE W,HILDA AVE,5 m North of,Major Arterial,North York,43.795935,-79.429225,At Intersection,Traffic Signal,Clear,Daylight,Dry,Non-Fatal Injury,Turning Movement,Driver,60 to 64,Major,,East,"Automobile, Station Wagon",Going Ahead,Driving Properly,Normal,,,,,,,,,Yes,,,,,,,Yes,,,,36,Newtonbrook West,36,Newtonbrook West (36),D32,626367.2944,4850406.234
12809,80632081,,8/3/2016 8:00:00 AM,1822,ELLESMERE RD,HELICON GT,,Major Arterial,Scarborough,43.778483,-79.222179,At Intersection,Traffic Signal,Clear,Daylight,Dry,Non-Fatal Injury,Turning Movement,Driver,60 to 64,Minimal,,West,"Automobile, Station Wagon",Going Ahead,Disobeyed Traffic Control,Inattentive,,,,,,,,,Yes,,,,,,,Yes,Yes,,,135,Morningside,135,Morningside (135),D43,643065.7517,4848804.88
12810,80632082,,8/3/2016 8:00:00 AM,1822,ELLESMERE RD,HELICON GT,,Major Arterial,Scarborough,43.778483,-79.222179,At Intersection,Traffic Signal,Clear,Daylight,Dry,Non-Fatal Injury,Turning Movement,Driver,55 to 59,Major,,South,"Automobile, Station Wagon",Turning Left,Driving Properly,Normal,,,,,,,,,Yes,,,,,,,Yes,Yes,,,135,Morningside,135,Morningside (135),D43,643065.7517,4848804.88
12811,80632083,,8/3/2016 8:00:00 AM,1858,DUFFERIN ST,WATERLOO AVE,,Local,North York,43.754481,-79.463718,At Intersection,Stop Sign,Clear,Daylight,Dry,Non-Fatal Injury,Turning Movement,Motorcycle Driver,40 to 44,Major,,South,Motorcycle,Going Ahead,Improper Passing,Normal,,,,,,,,,Yes,Yes,,,,,,Yes,,,,34,Bathurst Manor,34,Bathurst Manor (34),D32,623677.7713,4845750.0526
12812,80632084,,8/3/2016 8:00:00 AM,1858,DUFFERIN ST,WATERLOO AVE,,Local,North York,43.754481,-79.463718,At Intersection,Stop Sign,Clear,Daylight,Dry,Non-Fatal Injury,Turning Movement,Driver,25 to 29,None,,South,"Automobile, Station Wagon",Turning Left,Driving Properly,Normal,,,,,,,,,Yes,Yes,,,,,,Yes,,,,34,Bathurst Manor,34,Bathurst Manor (34),D32,623677.7713,4845750.0526
12813,80546835,,8/5/2016 8:00:00 AM,1225,FINCH AVE W,TALBOT RD,40 m East,Major Arterial,North York,43.778243,-79.422359,Non Intersection,No Control,Clear,Daylight,Dry,Fatal,Pedestrian Collisions,Pedestrian,80 to 84,Fatal,50,North,,,,,Pedestrian hit at mid-block,"Crossing, no Traffic Control",Inattentive,,,,Yes,,Yes,,,,,,,,,,,37,Willowdale West,37,Willowdale West (37),D32,626957.1115,4848451.7697
12814,80546838,,8/5/2016 8:00:00 AM,1225,FINCH AVE W,TALBOT RD,40 m East,Major Arterial,North York,43.778243,-79.422359,Non Intersection,No Control,Clear,Daylight,Dry,Fatal,Pedestrian Collisions,Driver,45 to 49,None,,West,"Automobile, Station Wagon",Going Ahead,Driving Properly,Normal,,,,,,,Yes,,Yes,,,,,,,,,,,37,Willowdale West,37,Willowdale West (37),D32,626957.1115,4848451.7697
12815,80546839,,8/5/2016 8:00:00 AM,1829,REXDALE BLVD,HUMBERWOOD BLVD,,Major Arterial,Etobicoke York,43.720599,-79.611308,Non Intersection,No Control,Clear,Daylight,Dry,Fatal,Approaching,Truck Driver,45 to 49,None,,West,Truck-Tractor,Going Ahead,Driving Properly,Normal,,,,,,,,,,Yes,Yes,,,,Yes,Yes,,,,1,West Humber-Clairville,1,West Humber-Clairville (1),D23,611859.0841,4841777.1892
12816,80546945,,8/5/2016 8:00:00 AM,1829,REXDALE BLVD,HUMBERWOOD BLVD,,Major Arterial,Etobicoke York,43.720599,-79.611308,Non Intersection,No Control,Clear,Daylight,Dry,Fatal,Approaching,Motorcycle Driver,25 to 29,Fatal,51,East,Motorcycle,Going Ahead,Lost control,Unknown,,,,,,,,,,Yes,Yes,,,,Yes,Yes,,,,1,West Humber-Clairville,1,West Humber-Clairville (1),D23,611859.0841,4841777.1892
12817,80632085,,8/6/2016 8:00:00 AM,2029,LAKE SHORE BLVD E,DON ROADWAY,9 m West of,Major Arterial,Toronto and East York,43.65082,-79.346919,At Intersection,Traffic Signal,Clear,Daylight,Dry,Non-Fatal Injury,Turning Movement,Driver,50 to 54,Minor,,West,"Automobile, Station Wagon",Turning Left,Improper Turn,Inattentive,,,,,,,,,Yes,,,,,Yes,,,,,,70,South Riverdale,70,South Riverdale (70),D51,633310.2842,4834418.0678
12818,80632086,,8/6/2016 8:00:00 AM,2029,LAKE SHORE BLVD E,DON ROADWAY,9 m West of,Major Arterial,Toronto and East York,43.65082,-79.346919,At Intersection,Traffic Signal,Clear,Daylight,Dry,Non-Fatal Injury,Turning Movement,Driver,45 to 49,Minor,,East,"Automobile, Station Wagon",Going Ahead,Driving Properly,Normal,,,,,,,,,Yes,,,,,Yes,,,,,,70,South Riverdale,70,South Riverdale (70),D51,633310.2842,4834418.0678
12819,80632087,,8/6/2016 8:00:00 AM,2029,LAKE SHORE BLVD E,DON ROADWAY,9 m West of,Major Arterial,Toronto and East York,43.65082,-79.346919,At Intersection,Traffic Signal,Clear,Daylight,Dry,Non-Fatal Injury,Turning Movement,Passenger,40 to 44,None,,,,,,,,,,,,,,,Yes,,,,,Yes,,,,,,70,South Riverdale,70,South Riverdale (70),D51,633310.2842,4834418.0678
12820,80632088,,8/6/2016 8:00:00 AM,2029,LAKE SHORE BLVD E,DON ROADWAY,9 m West of,Major Arterial,Toronto and East York,43.65082,-79.346919,At Intersection,Traffic Signal,Clear,Daylight,Dry,Non-Fatal Injury,Turning Movement,Passenger,35 to 39,Major,,,,,,,,,,,,,,,Yes,,,,,Yes,,,,,,70,South Riverdale,70,South Riverdale (70),D51,633310.2842,4834418.0678
12821,80632089,,8/6/2016 8:00:00 AM,2029,LAKE SHORE BLVD E,DON ROADWAY,9 m West of,Major Arterial,Toronto and East York,43.65082,-79.346919,At Intersection,Traffic Signal,Clear,Daylight,Dry,Non-Fatal Injury,Turning Movement,Passenger,5 to 9,Minimal,,,,,,,,,,,,,,,Yes,,,,,Yes,,,,,,70,South Riverdale,70,South Riverdale (70),D51,633310.2842,4834418.0678
12822,80632090,,8/6/2016 8:00:00 AM,2029,LAKE SHORE BLVD E,DON ROADWAY,9 m West of,Major Arterial,Toronto and East York,43.65082,-79.346919,At Intersection,Traffic Signal,Clear,Daylight,Dry,Non-Fatal Injury,Turning Movement,Passenger,5 to 9,Minimal,,,,,,,,,,,,,,,Yes,,,,,Yes,,,,,,70,South Riverdale,70,South Riverdale (70),D51,633310.2842,4834418.0678
12823,80632091,,8/6/2016 8:00:00 AM,2029,LAKE SHORE BLVD E,DON ROADWAY,9 m West of,Major Arterial,Toronto and East York,43.65082,-79.346919,At Intersection,Traffic Signal,Clear,Daylight,Dry,Non-Fatal Injury,Turning Movement,Passenger,45 to 49,Minor,,,,,,,,,,,,,,,Yes,,,,,Yes,,,,,,70,South Riverdale,70,South Riverdale (70),D51,633310.2842,4834418.0678
12824,80632092,,8/9/2016 8:00:00 AM,1228,KEELE ST,HIRONS ST,,Major Arterial,Etobicoke York,43.669467,-79.466281,At Intersection,Stop Sign,Clear,Daylight,Dry,Non-Fatal Injury,Turning Movement,Motorcycle Driver,30 to 34,Major,,North,Motorcycle,Going Ahead,Exceeding Speed Limit,Inattentive,,,,,,,,,Yes,Yes,,,,,Yes,Yes,,,,90,Junction Area,90,Junction Area (90),D11,623646.135,4836304.2328
12825,80632093,,8/9/2016 8:00:00 AM,1228,KEELE ST,HIRONS ST,,Major Arterial,Etobicoke York,43.669467,-79.466281,At Intersection,Stop Sign,Clear,Daylight,Dry,Non-Fatal Injury,Turning Movement,Driver,55 to 59,None,,East,"Automobile, Station Wagon",Turning Left,Driving Properly,Normal,,,,,,,,,Yes,Yes,,,,,Yes,Yes,,,,90,Junction Area,90,Junction Area (90),D11,623646.135,4836304.2328
12826,80769556,,8/10/2016 8:00:00 AM,329,DANFORTH RD,THICKETWOOD DR      (431),,Major Arterial,Scarborough,43.744784,-79.244685,Intersection Related,Stop Sign,Clear,"Daylight, artificial",Wet,Non-Fatal Injury,Angle,Driver,unknown,None,,Unknown,,Going Ahead,Driving Properly,Unknown,,,,,,,Yes,,,,,,,,,,,,,138,Eglinton East,138,Eglinton East (138),D43,641333.9492,4845023.4374
12827,80769557,,8/10/2016 8:00:00 AM,329,DANFORTH RD,THICKETWOOD DR      (431),,Major Arterial,Scarborough,43.744784,-79.244685,Intersection Related,Stop Sign,Clear,"Daylight, artificial",Wet,Non-Fatal Injury,Angle,Pedestrian,15 to 19,Major,,Unknown,,,,,Other / Undefined,Crossing without right of way,Inattentive,,,,Yes,,,,,,,,,,,,,138,Eglinton East,138,Eglinton East (138),D43,641333.9492,4845023.4374
12828,80632096,,8/10/2016 8:00:00 AM,1603,MARCELLA ST,ANGORA ST,,Local,Scarborough,43.759055,-79.21384,At Intersection,Stop Sign,Clear,Daylight,Dry,Non-Fatal Injury,Angle,Driver,60 to 64,None,,North,"Automobile, Station Wagon",Going Ahead,Failed to Yield Right of Way,Inattentive,,,,,,,,,Yes,,,,,Yes,,Yes,,,,141,Golfdale-Cedarbrae-Woburn,137,Woburn (137),D43,643783.3677,4846661.5411
12829,80632097,,8/10/2016 8:00:00 AM,1603,MARCELLA ST,ANGORA ST,,Local,Scarborough,43.759055,-79.21384,At Intersection,Stop Sign,Clear,Daylight,Dry,Non-Fatal Injury,Angle,Driver,15 to 19,Major,,West,"Automobile, Station Wagon",Going Ahead,Driving Properly,Normal,,,,,,,,,Yes,,,,,Yes,,Yes,,,,141,Golfdale-Cedarbrae-Woburn,137,Woburn (137),D43,643783.3677,4846661.5411
12830,80632098,,8/10/2016 8:00:00 AM,1603,MARCELLA ST,ANGORA ST,,Local,Scarborough,43.759055,-79.21384,At Intersection,Stop Sign,Clear,Daylight,Dry,Non-Fatal Injury,Angle,Passenger,15 to 19,Minor,,,,,,,,,,,,,,,Yes,,,,,Yes,,Yes,,,,141,Golfdale-Cedarbrae-Woburn,137,Woburn (137),D43,643783.3677,4846661.5411
12831,80632099,,8/10/2016 8:00:00 AM,1603,MARCELLA ST,ANGORA ST,,Local,Scarborough,43.759055,-79.21384,At Intersection,Stop Sign,Clear,Daylight,Dry,Non-Fatal Injury,Angle,Passenger,15 to 19,Minor,,,,,,,,,,,,,,,Yes,,,,,Yes,,Yes,,,,141,Golfdale-Cedarbrae-Woburn,137,Woburn (137),D43,643783.3677,4846661.5411
12832,80632100,,8/10/2016 8:00:00 AM,1603,MARCELLA ST,ANGORA ST,,Local,Scarborough,43.759055,-79.21384,At Intersection,Stop Sign,Clear,Daylight,Dry,Non-Fatal Injury,Angle,Passenger,60 to 64,Minimal,,,,,,,,,,,,,,,Yes,,,,,Yes,,Yes,,,,141,Golfdale-Cedarbrae-Woburn,137,Woburn (137),D43,643783.3677,4846661.5411
12833,80632101,,8/10/2016 8:00:00 AM,1603,MARCELLA ST,ANGORA ST,,Local,Scarborough,43.759055,-79.21384,At Intersection,Stop Sign,Clear,Daylight,Dry,Non-Fatal Injury,Angle,Passenger,25 to 29,None,,,,,,,,,,,,,,,Yes,,,,,Yes,,Yes,,,,141,Golfdale-Cedarbrae-Woburn,137,Woburn (137),D43,643783.3677,4846661.5411
12834,80632102,,8/11/2016 8:00:00 AM,1603,WESTHUMBER BLVD,KIPLING AVE,,Major Arterial,Etobicoke York,43.728068,-79.574611,At Intersection,Traffic Signal,Clear,Daylight,Dry,Non-Fatal Injury,Pedestrian Collisions,Driver,45 to 49,None,,North,"Automobile, Station Wagon",Turning Left,Failed to Yield Right of Way,Normal,,,,,,,Yes,,Yes,,,,,Yes,Yes,Yes,,,,4,Rexdale-Kipling,4,Rexdale-Kipling (4),D23,614800.7788,4842656.9069
12835,80632103,,8/11/2016 8:00:00 AM,1603,WESTHUMBER BLVD,KIPLING AVE,,Major Arterial,Etobicoke York,43.728068,-79.574611,At Intersection,Traffic Signal,Clear,Daylight,Dry,Non-Fatal Injury,Pedestrian Collisions,Driver,20 to 24,None,,South,"Automobile, Station Wagon",Going Ahead,Speed too Fast For Condition,Normal,,,,,,,Yes,,Yes,,,,,Yes,Yes,Yes,,,,4,Rexdale-Kipling,4,Rexdale-Kipling (4),D23,614800.7788,4842656.9069
12836,80632104,,8/11/2016 8:00:00 AM,1603,WESTHUMBER BLVD,KIPLING AVE,,Major Arterial,Etobicoke York,43.728068,-79.574611,At Intersection,Traffic Signal,Clear,Daylight,Dry,Non-Fatal Injury,Pedestrian Collisions,Passenger,5 to 9,None,,,,,,,,,,,,,Yes,,Yes,,,,,Yes,Yes,Yes,,,,4,Rexdale-Kipling,4,Rexdale-Kipling (4),D23,614800.7788,4842656.9069
12837,80632105,,8/11/2016 8:00:00 AM,1603,WESTHUMBER BLVD,KIPLING AVE,,Major Arterial,Etobicoke York,43.728068,-79.574611,At Intersection,Traffic Signal,Clear,Daylight,Dry,Non-Fatal Injury,Pedestrian Collisions,Pedestrian,25 to 29,Major,,Unknown,,,,,Pedestrian hit on sidewalk or shoulder,On Sidewalk or Shoulder,Normal,,,,Yes,,Yes,,,,,Yes,Yes,Yes,,,,4,Rexdale-Kipling,4,Rexdale-Kipling (4),D23,614800.7788,4842656.9069
12838,80632106,,8/11/2016 8:00:00 AM,1603,WESTHUMBER BLVD,KIPLING AVE,,Major Arterial,Etobicoke York,43.728068,-79.574611,At Intersection,Traffic Signal,Clear,Daylight,Dry,Non-Fatal Injury,Pedestrian Collisions,Pedestrian,25 to 29,Minor,,Unknown,,,,,Pedestrian hit on sidewalk or shoulder,On Sidewalk or Shoulder,Normal,,,,Yes,,Yes,,,,,Yes,Yes,Yes,,,,4,Rexdale-Kipling,4,Rexdale-Kipling (4),D23,614800.7788,4842656.9069
12839,80632107,,8/13/2016 8:00:00 AM,2223,LAKE SHORE BLVD W,LONG BRANCH AVE,40 m West of,Major Arterial,Etobicoke York,43.594142,-79.53458,Non Intersection,No Control,Clear,"Dark, artificial",Wet,Non-Fatal Injury,SMV Other,Motorcycle Driver,25 to 29,Major,,East,Motorcycle,Going Ahead,Lost control,Inattentive,,,,,,,,,,Yes,,,,,,,,,,19,Long Branch,19,Long Branch (19),D22,618287.5996,4827838.9275
12840,80546946,,8/14/2016 8:00:00 AM,250,STEELES AVE E,REESOR RD,,Minor Arterial,Scarborough,43.84878,-79.197955,Non Intersection,No Control,Clear,Dark,Dry,Fatal,Approaching,Driver,20 to 24,Fatal,52,East,"Automobile, Station Wagon",Going Ahead,Driving Properly,Normal,,,,,,,,,Yes,,,,,Yes,Yes,Yes,,,,144,Morningside Heights,131,Rouge (131),D42,644845.0792,4856654.6702
12841,80546947,,8/14/2016 8:00:00 AM,250,STEELES AVE E,REESOR RD,,Minor Arterial,Scarborough,43.84878,-79.197955,Non Intersection,No Control,Clear,Dark,Dry,Fatal,Approaching,Passenger,20 to 24,Minor,,,"Automobile, Station Wagon",,,,,,,,,,,,Yes,,,,,Yes,Yes,Yes,,,,144,Morningside Heights,131,Rouge (131),D42,644845.0792,4856654.6702
12842,80546948,,8/14/2016 8:00:00 AM,250,STEELES AVE E,REESOR RD,,Minor Arterial,Scarborough,43.84878,-79.197955,Non Intersection,No Control,Clear,Dark,Dry,Fatal,Approaching,Driver,30 to 34,Minimal,,West,"Automobile, Station Wagon",Going Ahead,Driving Properly,Normal,,,,,,,,,Yes,,,,,Yes,Yes,Yes,,,,144,Morningside Heights,131,Rouge (131),D42,644845.0792,4856654.6702
12843,80554861,,8/14/2016 8:00:00 AM,250,STEELES AVE E,REESOR RD,,Minor Arterial,Scarborough,43.84878,-79.197955,Non Intersection,No Control,Clear,Dark,Dry,Fatal,Approaching,Driver,55 to 59,Minor,,West,Pick Up Truck,Overtaking,Improper Passing,Had Been Drinking,,,,,,,,,Yes,,,,,Yes,Yes,Yes,,,,144,Morningside Heights,131,Rouge (131),D42,644845.0792,4856654.6702
12844,80632108,,8/16/2016 8:00:00 AM,917,WELLESLEY ST E,PARLIAMENT ST,,Minor Arterial,Toronto and East York,43.668101,-79.369525,At Intersection,Traffic Signal,Rain,Daylight,Wet,Non-Fatal Injury,Pedestrian Collisions,Driver,20 to 24,None,,East,"Automobile, Station Wagon",Turning Left,Failed to Yield Right of Way,Inattentive,,,,,,,Yes,,Yes,,,,,,,Yes,,,,71,Cabbagetown-South St.James Town,71,Cabbagetown-South St.James Town (71),D51,631449.5201,4836301.2848
12845,80632109,,8/16/2016 8:00:00 AM,917,WELLESLEY ST E,PARLIAMENT ST,,Minor Arterial,Toronto and East York,43.668101,-79.369525,At Intersection,Traffic Signal,Rain,Daylight,Wet,Non-Fatal Injury,Pedestrian Collisions,Pedestrian,65 to 69,Major,,West,,,,,Vehicle turns left while ped crosses with ROW at inter.,Crossing with right of way,Normal,,,,Yes,,Yes,,,,,,,Yes,,,,71,Cabbagetown-South St.James Town,71,Cabbagetown-South St.James Town (71),D51,631449.5201,4836301.2848
12846,80715701,,8/16/2016 8:00:00 AM,2325,THE WEST MALL,THE QUEENSWAY,,Major Arterial,Etobicoke York,43.6123,-79.562633,At Intersection,Traffic Signal,Clear,"Dark, artificial",Dry,Non-Fatal Injury,Cyclist Collisions,Cyclist,30 to 34,Major,,South,Bicycle,Going Ahead,,,,,,"Cyclist without ROW rides into path of motorist at inter, lnwy, dwy-Cyclist not turn.",Other,Unknown,,Yes,,,Yes,,,,,,,,,159,Etobicoke City Centre,14,Islington-City Centre West (14),D22,615988.2657,4829816.0256
12847,80715702,,8/16/2016 8:00:00 AM,2325,THE WEST MALL,THE QUEENSWAY,,Major Arterial,Etobicoke York,43.6123,-79.562633,At Intersection,Traffic Signal,Clear,"Dark, artificial",Dry,Non-Fatal Injury,Cyclist Collisions,Truck Driver,50 to 54,None,,North,Truck-Tractor,Turning Right,Driving Properly,Normal,,,,,,,,Yes,,,Yes,,,,,,,,,159,Etobicoke City Centre,14,Islington-City Centre West (14),D22,615988.2657,4829816.0256
12848,80715908,,8/17/2016 8:00:00 AM,1606,KEELE ST,MURRAY ROSS PKWY,219 m North ,Major Arterial,Etobicoke York,43.768675,-79.492366,Non Intersection,No Control,Clear,Daylight,Dry,Non-Fatal Injury,Approaching,Driver,55 to 59,Major,,North,"Automobile, Station Wagon",Going Ahead,Lost control,Medical or Physical Disability,,,,,,,,,Yes,,,,,Yes,Yes,Yes,,,Yes,27,York University Heights,27,York University Heights (27),D31,621342.7591,4847284.1294
12849,80715909,,8/17/2016 8:00:00 AM,1606,KEELE ST,MURRAY ROSS PKWY,219 m North ,Major Arterial,Etobicoke York,43.768675,-79.492366,Non Intersection,No Control,Clear,Daylight,Dry,Non-Fatal Injury,Approaching,Driver,40 to 44,Minimal,,South,"Automobile, Station Wagon",Going Ahead,Driving Properly,Normal,,,,,,,,,Yes,,,,,Yes,Yes,Yes,,,Yes,27,York University Heights,27,York University Heights (27),D31,621342.7591,4847284.1294
12850,80715910,,8/17/2016 8:00:00 AM,1606,KEELE ST,MURRAY ROSS PKWY,219 m North ,Major Arterial,Etobicoke York,43.768675,-79.492366,Non Intersection,No Control,Clear,Daylight,Dry,Non-Fatal Injury,Approaching,Driver,35 to 39,Minimal,,South,"Automobile, Station Wagon",Going Ahead,Driving Properly,Normal,,,,,,,,,Yes,,,,,Yes,Yes,Yes,,,Yes,27,York University Heights,27,York University Heights (27),D31,621342.7591,4847284.1294
12851,80715911,,8/17/2016 8:00:00 AM,1606,KEELE ST,MURRAY ROSS PKWY,219 m North ,Major Arterial,Etobicoke York,43.768675,-79.492366,Non Intersection,No Control,Clear,Daylight,Dry,Non-Fatal Injury,Approaching,Passenger,15 to 19,Minimal,,,,,,,,,,,,,,,Yes,,,,,Yes,Yes,Yes,,,Yes,27,York University Heights,27,York University Heights (27),D31,621342.7591,4847284.1294
12852,80715912,,8/17/2016 8:00:00 AM,1606,KEELE ST,MURRAY ROSS PKWY,219 m North ,Major Arterial,Etobicoke York,43.768675,-79.492366,Non Intersection,No Control,Clear,Daylight,Dry,Non-Fatal Injury,Approaching,Passenger,5 to 9,Minimal,,,,,,,,,,,,,,,Yes,,,,,Yes,Yes,Yes,,,Yes,27,York University Heights,27,York University Heights (27),D31,621342.7591,4847284.1294
12853,80715913,,8/17/2016 8:00:00 AM,1606,KEELE ST,MURRAY ROSS PKWY,219 m North ,Major Arterial,Etobicoke York,43.768675,-79.492366,Non Intersection,No Control,Clear,Daylight,Dry,Non-Fatal Injury,Approaching,Passenger,30 to 34,Minimal,,,,,,,,,,,,,,,Yes,,,,,Yes,Yes,Yes,,,Yes,27,York University Heights,27,York University Heights (27),D31,621342.7591,4847284.1294
12854,80546834,,8/19/2016 8:00:00 AM,904,FINCH AVE E,SKYMARK DR,,Major Arterial,North York,43.793151,-79.352275,Intersection Related,Traffic Signal,Clear,Daylight,Dry,Fatal,Pedestrian Collisions,Pedestrian,80 to 84,Fatal,53,North,,,,,Pedestrian hit at mid-block,"Crossing, no Traffic Control",Other,,,,Yes,,Yes,,,,,Yes,,,,,,47,Don Valley Village,47,Don Valley Village (47),D33,632564.0594,4850217.3952
12855,80554862,,8/19/2016 8:00:00 AM,904,FINCH AVE E,SKYMARK DR,,Major Arterial,North York,43.793151,-79.352275,Intersection Related,Traffic Signal,Clear,Daylight,Dry,Fatal,Pedestrian Collisions,Driver,65 to 69,,,South,Pick Up Truck,Turning Left,Driving Properly,Normal,,,,,,,Yes,,Yes,,,,,Yes,,,,,,47,Don Valley Village,47,Don Valley Village (47),D33,632564.0594,4850217.3952
12856,80554863,,8/19/2016 8:00:00 AM,904,FINCH AVE E,SKYMARK DR,,Major Arterial,North York,43.793151,-79.352275,Intersection Related,Traffic Signal,Clear,Daylight,Dry,Fatal,Pedestrian Collisions,Passenger,10 to 14,,,,,,,,,,,,,,Yes,,Yes,,,,,Yes,,,,,,47,Don Valley Village,47,Don Valley Village (47),D33,632564.0594,4850217.3952
12857,80632118,,8/19/2016 8:00:00 AM,1853,KIPLING AVE,DIXON RD,,Major Arterial,Etobicoke York,43.694178,-79.558605,At Intersection,Traffic Signal,Clear,Daylight,Dry,Non-Fatal Injury,Pedestrian Collisions,Driver,40 to 44,None,,North,"Automobile, Station Wagon",Going Ahead,Driving Properly,Normal,,,,,,,Yes,,Yes,,,,,,,,,,,6,Kingsview Village-The Westway,6,Kingsview Village-The Westway (6),D23,616155.3573,4838915.2529
12858,80632119,,8/19/2016 8:00:00 AM,1853,KIPLING AVE,DIXON RD,,Major Arterial,Etobicoke York,43.694178,-79.558605,At Intersection,Traffic Signal,Clear,Daylight,Dry,Non-Fatal Injury,Pedestrian Collisions,Pedestrian,30 to 34,Major,,West,,,,,Vehicle is going straight thru inter.while ped cross without ROW,Crossing without right of way,Inattentive,,,,Yes,,Yes,,,,,,,,,,,6,Kingsview Village-The Westway,6,Kingsview Village-The Westway (6),D23,616155.3573,4838915.2529
12859,80716604,,8/19/2016 8:00:00 AM,1948,CONLINS RD,MILNER AVE,139 m South ,Collector,Scarborough,43.799857,-79.188243,Non Intersection,No Control,Clear,Daylight,Dry,Non-Fatal Injury,Sideswipe,Motorcycle Driver,20 to 24,Major,,North,Motorcycle,Overtaking,Improper Passing,Inattentive,,,,,,,,,Yes,Yes,,,,,Yes,Yes,,,,144,Morningside Heights,131,Rouge (131),D42,645744.7378,4851238.0137