OBJECTID,INDEX,ACCNUM,DATE,TIME,STREET1,STREET2,OFFSET,ROAD_CLASS,DISTRICT,LATITUDE,LONGITUDE,ACCLOC,TRAFFCTL,VISIBILITY,LIGHT,RDSFCOND,ACCLASS,IMPACTYPE,INVTYPE,INVAGE,INJURY,FATAL_NO,INITDIR,VEHTYPE,MANOEUVER,DRIVACT,DRIVCOND,PEDTYPE,PEDACT,PEDCOND,CYCLISTYPE,CYCACT,CYCCOND,PEDESTRIAN,CYCLIST,AUTOMOBILE,MOTORCYCLE,TRUCK,TRSN_CITY_VEH,EMERG_VEH,PASSENGER,SPEEDING,AG_DRIV,REDLIGHT,ALCOHOL,DISABILITY,HOOD_158,NEIGHBOURHOOD_158,HOOD_140,NEIGHBOURHOOD_140,DIVISION,x,y
12918,80565106,,9/5/2016 8:00:00 AM,220,MOUNT PLEASANT RD,ROXBOROUGH DR,,Major Arterial,Toronto and East York,43.680724,-79.382404,At Intersection,No Control,Clear,Dark,Dry,Fatal,SMV Other,Passenger,15 to 19,Minor,,,,,,,,,,,,,,,Yes,,,,,Yes,Yes,Yes,,Yes,,98,Rosedale-Moore Park,98,Rosedale-Moore Park (98),D53,630383.8593,4837682.913
12919,80717563,,9/5/2016 8:00:00 AM,1600,KINGSTON RD,FALLINGBROOK RD,,Major Arterial,Scarborough,43.682185,-79.279201,At Intersection,Traffic Signal,Clear,Daylight,Dry,Non-Fatal Injury,Turning Movement,Driver,80 to 84,None,,East,"Automobile, Station Wagon",Turning Left,Failed to Yield Right of Way,Inattentive,,,,,,,,,Yes,Yes,,,,Yes,,Yes,,,,122,Birchcliffe-Cliffside,122,Birchcliffe-Cliffside (122),D41,638699.1092,4838012.5987
12920,80717564,,9/5/2016 8:00:00 AM,1600,KINGSTON RD,FALLINGBROOK RD,,Major Arterial,Scarborough,43.682185,-79.279201,At Intersection,Traffic Signal,Clear,Daylight,Dry,Non-Fatal Injury,Turning Movement,Motorcycle Driver,55 to 59,Major,,West,Motorcycle,Going Ahead,Driving Properly,Normal,,,,,,,,,Yes,Yes,,,,Yes,,Yes,,,,122,Birchcliffe-Cliffside,122,Birchcliffe-Cliffside (122),D41,638699.1092,4838012.5987
12921,80717565,,9/5/2016 8:00:00 AM,1600,KINGSTON RD,FALLINGBROOK RD,,Major Arterial,Scarborough,43.682185,-79.279201,At Intersection,Traffic Signal,Clear,Daylight,Dry,Non-Fatal Injury,Turning Movement,Driver,50 to 54,None,,South,"Automobile, Station Wagon",Stopped,Driving Properly,Normal,,,,,,,,,Yes,Yes,,,,Yes,,Yes,,,,122,Birchcliffe-Cliffside,122,Birchcliffe-Cliffside (122),D41,638699.1092,4838012.5987
12922,80717566,,9/5/2016 8:00:00 AM,1600,KINGSTON RD,FALLINGBROOK RD,,Major Arterial,Scarborough,43.682185,-79.279201,At Intersection,Traffic Signal,Clear,Daylight,Dry,Non-Fatal Injury,Turning Movement,Passenger,50 to 54,None,,,,,,,,,,,,,,,Yes,Yes,,,,Yes,,Yes,,,,122,Birchcliffe-Cliffside,122,Birchcliffe-Cliffside (122),D41,638699.1092,4838012.5987
12923,80717567,,9/5/2016 8:00:00 AM,1600,KINGSTON RD,FALLINGBROOK RD,,Major Arterial,Scarborough,43.682185,-79.279201,At Intersection,Traffic Signal,Clear,Daylight,Dry,Non-Fatal Injury,Turning Movement,Passenger,55 to 59,None,,,,,,,,,,,,,,,Yes,Yes,,,,Yes,,Yes,,,,122,Birchcliffe-Cliffside,122,Birchcliffe-Cliffside (122),D41,638699.1092,4838012.5987
12924,80632178,,9/5/2016 8:00:00 AM,1913,CARLTON ST,SEATON ST,37 m East of,Minor Arterial,Toronto and East York,43.663439,-79.371478,Intersection Related,No Control,Clear,Daylight,Dry,Non-Fatal Injury,Cyclist Collisions,Driver,35 to 39,None,,East,"Automobile, Station Wagon",Going Ahead,Speed too Fast For Condition,Normal,,,,,,,,Yes,Yes,,,,,,Yes,Yes,,,,73,Moss Park,73,Moss Park (73),D51,631302.2308,4835780.4143
12925,80632179,,9/5/2016 8:00:00 AM,1913,CARLTON ST,SEATON ST,37 m East of,Minor Arterial,Toronto and East York,43.663439,-79.371478,Intersection Related,No Control,Clear,Daylight,Dry,Non-Fatal Injury,Cyclist Collisions,Cyclist,45 to 49,Major,,East,Bicycle,Going Ahead,,,,,,Cyclist and Driver travelling in same direction. One vehicle rear-ended the other.,Driving Properly,Normal,,Yes,Yes,,,,,,Yes,Yes,,,,73,Moss Park,73,Moss Park (73),D51,631302.2308,4835780.4143
12926,80717845,,9/6/2016 8:00:00 AM,1643,HULLRICK DR,CINRICKBAR DR,,Local,Etobicoke York,43.722979,-79.620067,At Intersection,Stop Sign,Clear,Daylight,Dry,Non-Fatal Injury,Angle,Driver,25 to 29,None,,South,"Automobile, Station Wagon",Going Ahead,Disobeyed Traffic Control,Normal,,,,,,,,,Yes,,,,,Yes,,Yes,,,,1,West Humber-Clairville,1,West Humber-Clairville (1),D23,611149.1417,4842029.7373
12927,80717846,,9/6/2016 8:00:00 AM,1643,HULLRICK DR,CINRICKBAR DR,,Local,Etobicoke York,43.722979,-79.620067,At Intersection,Stop Sign,Clear,Daylight,Dry,Non-Fatal Injury,Angle,Driver,50 to 54,Major,,West,"Automobile, Station Wagon",Going Ahead,Driving Properly,Normal,,,,,,,,,Yes,,,,,Yes,,Yes,,,,1,West Humber-Clairville,1,West Humber-Clairville (1),D23,611149.1417,4842029.7373
12928,80717847,,9/6/2016 8:00:00 AM,1643,HULLRICK DR,CINRICKBAR DR,,Local,Etobicoke York,43.722979,-79.620067,At Intersection,Stop Sign,Clear,Daylight,Dry,Non-Fatal Injury,Angle,Passenger,25 to 29,None,,,,,,,,,,,,,,,Yes,,,,,Yes,,Yes,,,,1,West Humber-Clairville,1,West Humber-Clairville (1),D23,611149.1417,4842029.7373
12929,80717848,,9/6/2016 8:00:00 AM,1643,HULLRICK DR,CINRICKBAR DR,,Local,Etobicoke York,43.722979,-79.620067,At Intersection,Stop Sign,Clear,Daylight,Dry,Non-Fatal Injury,Angle,Passenger,15 to 19,None,,,,,,,,,,,,,,,Yes,,,,,Yes,,Yes,,,,1,West Humber-Clairville,1,West Humber-Clairville (1),D23,611149.1417,4842029.7373
12930,80719261,,9/6/2016 8:00:00 AM,2040,1058 GERRARD ST E,,5 m South of,Minor Arterial,Toronto and East York,43.669036,-79.336017,Non Intersection,No Control,Clear,"Dark, artificial",Dry,Non-Fatal Injury,Pedestrian Collisions,Driver,40 to 44,None,,East,"Automobile, Station Wagon",Going Ahead,Driving Properly,Had Been Drinking,,,,,,,Yes,,Yes,,,,,,,,,,,70,South Riverdale,70,South Riverdale (70),D55,634148.8949,4836458.7707
12931,80719262,,9/6/2016 8:00:00 AM,2040,1058 GERRARD ST E,,5 m South of,Minor Arterial,Toronto and East York,43.669036,-79.336017,Non Intersection,No Control,Clear,"Dark, artificial",Dry,Non-Fatal Injury,Pedestrian Collisions,Pedestrian,60 to 64,Major,,South,,,,,Pedestrian hit at mid-block,"Crossing, no Traffic Control",Normal,,,,Yes,,Yes,,,,,,,,,,,70,South Riverdale,70,South Riverdale (70),D55,634148.8949,4836458.7707
12932,80887736,,9/7/2016 8:00:00 AM,28,DANFORTH RD,BARRYMORE RD,18 m North o,Major Arterial,Scarborough,43.750331,-79.244403,Non Intersection,No Control,Clear,"Dark, artificial",Dry,Non-Fatal Injury,Pedestrian Collisions,Pedestrian,20 to 24,Major,,East,,,,,Pedestrian hit at mid-block,"Crossing, no Traffic Control","Ability Impaired, Alcohol",,,,Yes,,Yes,,,,,,,,,Yes,,157,Bendale South,127,Bendale (127),D43,641343.5981,4845639.9973
12933,80887737,,9/7/2016 8:00:00 AM,28,DANFORTH RD,BARRYMORE RD,18 m North o,Major Arterial,Scarborough,43.750331,-79.244403,Non Intersection,No Control,Clear,"Dark, artificial",Dry,Non-Fatal Injury,Pedestrian Collisions,Driver,30 to 34,None,,North,"Automobile, Station Wagon",Going Ahead,Driving Properly,"Ability Impaired, Alcohol Over .08",,,,,,,Yes,,Yes,,,,,,,,,Yes,,157,Bendale South,127,Bendale (127),D43,641343.5981,4845639.9973
12934,80769408,,9/8/2016 8:00:00 AM,37,MELFORD DR,TAPSCOTT RD,80 m West of,Collector,Scarborough,43.810794,-79.236697,Non Intersection,No Control,Rain,"Dark, artificial",Wet,Non-Fatal Injury,SMV Unattended Vehicle,Driver,50 to 54,None,,East,"Automobile, Station Wagon",Going Ahead,Speed too Fast For Condition,Inattentive,,,,,,,,,Yes,,Yes,,,Yes,Yes,Yes,,,,145,Malvern West,132,Malvern (132),D42,641820.9789,4852368.5488
12935,80769437,,9/8/2016 8:00:00 AM,37,MELFORD DR,TAPSCOTT RD,80 m West of,Collector,Scarborough,43.810794,-79.236697,Non Intersection,No Control,Rain,"Dark, artificial",Wet,Non-Fatal Injury,SMV Unattended Vehicle,Other,unknown,None,,East,Truck - Dump,Parked,,,,,,,,,,,Yes,,Yes,,,Yes,Yes,Yes,,,,145,Malvern West,132,Malvern (132),D42,641820.9789,4852368.5488
12936,80769438,,9/8/2016 8:00:00 AM,37,MELFORD DR,TAPSCOTT RD,80 m West of,Collector,Scarborough,43.810794,-79.236697,Non Intersection,No Control,Rain,"Dark, artificial",Wet,Non-Fatal Injury,SMV Unattended Vehicle,Passenger,45 to 49,Major,,,,,,,,,,,,,,,Yes,,Yes,,,Yes,Yes,Yes,,,,145,Malvern West,132,Malvern (132),D42,641820.9789,4852368.5488
12937,80717660,,9/9/2016 8:00:00 AM,610,VICTORIA PARK AVE,HUNTINGWOOD DR,100 m South ,Major Arterial,North York,43.779479,-79.324985,Non Intersection,No Control,Clear,"Dark, artificial",Dry,Non-Fatal Injury,SMV Other,Driver,35 to 39,Major,,North,"Automobile, Station Wagon",Going Ahead,Lost control,Fatigue,,,,,,,,,Yes,,,,,,,,,,,147,L'Amoreaux West,117,L'Amoreaux (117),D42,634790.3649,4848742.9764
12938,80784554,,9/9/2016 8:00:00 AM,1733,LAUDER AVE,AMHERST AVE,100 m North ,Local,Toronto and East York,43.691344,-79.444896,Non Intersection,No Control,Clear,"Dark, artificial",Dry,Non-Fatal Injury,Pedestrian Collisions,Driver,unknown,None,,Unknown,"Automobile, Station Wagon",Unknown,Other,Unknown,,,,,,,Yes,,Yes,,,,,,,,,,,107,Oakwood Village,107,Oakwood Village (107),D13,625324.6211,4838766.0652
12939,80784555,,9/9/2016 8:00:00 AM,1733,LAUDER AVE,AMHERST AVE,100 m North ,Local,Toronto and East York,43.691344,-79.444896,Non Intersection,No Control,Clear,"Dark, artificial",Dry,Non-Fatal Injury,Pedestrian Collisions,Pedestrian,15 to 19,Major,,Unknown,,,,,Unknown,Other,Other,,,,Yes,,Yes,,,,,,,,,,,107,Oakwood Village,107,Oakwood Village (107),D13,625324.6211,4838766.0652
12940,80632188,,9/9/2016 8:00:00 AM,2305,BATHURST ST,COCKSFIELD AVE,20 m South o,Major Arterial,North York,43.75672,-79.438747,Non Intersection,No Control,Clear,"Dark, artificial",Dry,Non-Fatal Injury,Pedestrian Collisions,Driver,30 to 34,Minor,,North,"Automobile, Station Wagon",Going Ahead,Driving Properly,Normal,,,,,,,Yes,,Yes,,,,,,,,,,,34,Bathurst Manor,34,Bathurst Manor (34),D32,625683.3816,4846036.3162
12941,80632189,,9/9/2016 8:00:00 AM,2305,BATHURST ST,COCKSFIELD AVE,20 m South o,Major Arterial,North York,43.75672,-79.438747,Non Intersection,No Control,Clear,"Dark, artificial",Dry,Non-Fatal Injury,Pedestrian Collisions,Pedestrian,50 to 54,Major,,East,,Going Ahead,,,Pedestrian hit at mid-block,"Crossing, no Traffic Control",Inattentive,,,,Yes,,Yes,,,,,,,,,,,34,Bathurst Manor,34,Bathurst Manor (34),D32,625683.3816,4846036.3162
12942,80632190,,9/9/2016 8:00:00 AM,2305,BATHURST ST,COCKSFIELD AVE,20 m South o,Major Arterial,North York,43.75672,-79.438747,Non Intersection,No Control,Clear,"Dark, artificial",Dry,Non-Fatal Injury,Pedestrian Collisions,Pedestrian,55 to 59,Major,,East,,Going Ahead,,,Pedestrian hit at mid-block,"Crossing, no Traffic Control",Inattentive,,,,Yes,,Yes,,,,,,,,,,,34,Bathurst Manor,34,Bathurst Manor (34),D32,625683.3816,4846036.3162
12943,80717325,,9/11/2016 8:00:00 AM,230,JARVIS ST,GERRARD ST E,,Major Arterial,Toronto and East York,43.660365,-79.375858,At Intersection,Traffic Signal,Clear,Dark,Dry,Non-Fatal Injury,Turning Movement,Driver,45 to 49,Minimal,,South,Passenger Van,Turning Left,Improper Turn,Inattentive,,,,,,,,,Yes,,,,,Yes,Yes,Yes,,,,73,Moss Park,73,Moss Park (73),D51,630955.7658,4835432.083
12944,80717378,,9/11/2016 8:00:00 AM,230,JARVIS ST,GERRARD ST E,,Major Arterial,Toronto and East York,43.660365,-79.375858,At Intersection,Traffic Signal,Clear,Dark,Dry,Non-Fatal Injury,Turning Movement,Driver,20 to 24,Minimal,,North,"Automobile, Station Wagon",Going Ahead,Exceeding Speed Limit,Other,,,,,,,,,Yes,,,,,Yes,Yes,Yes,,,,73,Moss Park,73,Moss Park (73),D51,630955.7658,4835432.083
12945,80717379,,9/11/2016 8:00:00 AM,230,JARVIS ST,GERRARD ST E,,Major Arterial,Toronto and East York,43.660365,-79.375858,At Intersection,Traffic Signal,Clear,Dark,Dry,Non-Fatal Injury,Turning Movement,Passenger,20 to 24,Major,,,,,,,,,,,,,,,Yes,,,,,Yes,Yes,Yes,,,,73,Moss Park,73,Moss Park (73),D51,630955.7658,4835432.083
12946,80717811,,9/12/2016 8:00:00 AM,1651,SHEPPARD AVE E,VANDORF ST,1 m East of,Minor Arterial,Scarborough,43.802382,-79.154285,Non Intersection,No Control,Clear,Daylight,Dry,Non-Fatal Injury,Rear End,Driver,50 to 54,None,,East,"Automobile, Station Wagon",Changing Lanes,Improper Lane Change,Normal,,,,,,,,,Yes,,,,,,Yes,Yes,,,,143,West Rouge,131,Rouge (131),D42,648470.2303,4851578.825
12947,80717812,,9/12/2016 8:00:00 AM,1651,SHEPPARD AVE E,VANDORF ST,1 m East of,Minor Arterial,Scarborough,43.802382,-79.154285,Non Intersection,No Control,Clear,Daylight,Dry,Non-Fatal Injury,Rear End,Driver,55 to 59,Major,,East,"Automobile, Station Wagon",Going Ahead,Speed too Fast For Condition,Normal,,,,,,,,,Yes,,,,,,Yes,Yes,,,,143,West Rouge,131,Rouge (131),D42,648470.2303,4851578.825
12948,80632196,,9/12/2016 8:00:00 AM,1830,HAVENBROOK BLVD,DON MILLS RD,,Major Arterial,North York,43.769499,-79.346492,At Intersection,Traffic Signal,Clear,Daylight,Dry,Non-Fatal Injury,Pedestrian Collisions,Driver,30 to 34,None,,West,"Automobile, Station Wagon",Turning Left,Failed to Yield Right of Way,Inattentive,,,,,,,Yes,,Yes,,,,,,,Yes,,,,53,Henry Farm,53,Henry Farm (53),D33,633081.7911,4847599.7514
12949,80632197,,9/12/2016 8:00:00 AM,1830,HAVENBROOK BLVD,DON MILLS RD,,Major Arterial,North York,43.769499,-79.346492,At Intersection,Traffic Signal,Clear,Daylight,Dry,Non-Fatal Injury,Pedestrian Collisions,Pedestrian,55 to 59,Major,,East,,,,,Vehicle turns left while ped crosses with ROW at inter.,Crossing with right of way,Normal,,,,Yes,,Yes,,,,,,,Yes,,,,53,Henry Farm,53,Henry Farm (53),D33,633081.7911,4847599.7514
12950,80783715,,9/15/2016 8:00:00 AM,1927,OSSINGTON AVE,ACORES AVE,40 m South o,Minor Arterial,Toronto and East York,43.671096,-79.429454,Non Intersection,No Control,Clear,Daylight,Dry,Non-Fatal Injury,Sideswipe,Motorcycle Driver,15 to 19,Major,,North,Motorcycle,Going Ahead,Lost control,Unknown,,,,,,,,,Yes,Yes,,,,,Yes,Yes,,,,94,Wychwood,94,Wychwood (94),D13,626611.6755,4836540.7044
12951,80783716,,9/15/2016 8:00:00 AM,1927,OSSINGTON AVE,ACORES AVE,40 m South o,Minor Arterial,Toronto and East York,43.671096,-79.429454,Non Intersection,No Control,Clear,Daylight,Dry,Non-Fatal Injury,Sideswipe,Driver,unknown,None,,North,"Automobile, Station Wagon",Going Ahead,Speed too Fast For Condition,Unknown,,,,,,,,,Yes,Yes,,,,,Yes,Yes,,,,94,Wychwood,94,Wychwood (94),D13,626611.6755,4836540.7044
12952,80718833,,9/16/2016 8:00:00 AM,1047,SHEPPARD AV E,PALMDALE DR,,Major Arterial,Scarborough,43.777972,-79.31116,Intersection Related,No Control,Clear,Daylight,Dry,Non-Fatal Injury,Cyclist Collisions,Cyclist,40 to 44,Major,,East,Bicycle,Going Ahead,,,,,,"Cyclist without ROW rides into path of motorist at inter, lnwy, dwy-Cyclist not turn.",Other,Inattentive,,Yes,,,Yes,,,,,,,,,118,Tam O'Shanter-Sullivan,118,Tam O'Shanter-Sullivan (118),D42,635906.3044,4848598.2029
12953,80718834,,9/16/2016 8:00:00 AM,1047,SHEPPARD AV E,PALMDALE DR,,Major Arterial,Scarborough,43.777972,-79.31116,Intersection Related,No Control,Clear,Daylight,Dry,Non-Fatal Injury,Cyclist Collisions,Truck Driver,50 to 54,None,,West,Truck - Dump,Turning Left,Driving Properly,Normal,,,,,,,,Yes,,,Yes,,,,,,,,,118,Tam O'Shanter-Sullivan,118,Tam O'Shanter-Sullivan (118),D42,635906.3044,4848598.2029
12954,80565108,,9/16/2016 8:00:00 AM,1242,110 ST REGIS CRES,,,Local,North York,43.754729,-79.482974,At/Near Private Drive,No Control,Clear,Daylight,Dry,Fatal,Pedestrian Collisions,Driver,50 to 54,None,,North,"Automobile, Station Wagon",Reversing,Failed to Yield Right of Way,Normal,,,,,,,Yes,,Yes,,,,,,,Yes,,,,27,York University Heights,27,York University Heights (27),D31,622127.0575,4845749.0242
12955,80565332,,9/16/2016 8:00:00 AM,1242,110 ST REGIS CRES,,,Local,North York,43.754729,-79.482974,At/Near Private Drive,No Control,Clear,Daylight,Dry,Fatal,Pedestrian Collisions,Pedestrian,80 to 84,Fatal,57,Unknown,,,,,Vehicle is reversing and hits pedestrian,On Sidewalk or Shoulder,Unknown,,,,Yes,,Yes,,,,,,,Yes,,,,27,York University Heights,27,York University Heights (27),D31,622127.0575,4845749.0242
12956,80719030,,9/16/2016 8:00:00 AM,1955,BROWNS LINE,WOODBURY RD,12 m East of,Major Arterial,Etobicoke York,43.599227,-79.544116,At Intersection,Pedestrian Crossover,Clear,Dark,Dry,Non-Fatal Injury,Pedestrian Collisions,Driver,20 to 24,None,,North,"Automobile, Station Wagon",Going Ahead,Driving Properly,Normal,,,,,,,Yes,,Yes,,,,,Yes,,,,,,20,Alderwood,20,Alderwood (20),D22,617507.9567,4828390.1423
12957,80719031,,9/16/2016 8:00:00 AM,1955,BROWNS LINE,WOODBURY RD,12 m East of,Major Arterial,Etobicoke York,43.599227,-79.544116,At Intersection,Pedestrian Crossover,Clear,Dark,Dry,Non-Fatal Injury,Pedestrian Collisions,Pedestrian,10 to 14,Major,,East,,,,,Pedestrian hit a PXO/ped. Mid-block signal,Running onto Roadway,Inattentive,,,,Yes,,Yes,,,,,Yes,,,,,,20,Alderwood,20,Alderwood (20),D22,617507.9567,4828390.1423
12958,80719032,,9/16/2016 8:00:00 AM,1955,BROWNS LINE,WOODBURY RD,12 m East of,Major Arterial,Etobicoke York,43.599227,-79.544116,At Intersection,Pedestrian Crossover,Clear,Dark,Dry,Non-Fatal Injury,Pedestrian Collisions,Passenger,20 to 24,None,,,,,,,,,,,,,Yes,,Yes,,,,,Yes,,,,,,20,Alderwood,20,Alderwood (20),D22,617507.9567,4828390.1423
12959,80719033,,9/16/2016 8:00:00 AM,1955,O CONNOR DR,DOHME AVE,50 m North o,Major Arterial,Toronto and East York,43.710887,-79.308582,Non Intersection,No Control,Clear,"Dark, artificial",Dry,Non-Fatal Injury,Rear End,Driver,20 to 24,Minor,,North,"Automobile, Station Wagon",Going Ahead,Exceeding Speed Limit,Unknown,,,,,,,,,Yes,,,,,,Yes,Yes,,,,54,O'Connor-Parkview,54,O'Connor-Parkview (54),D55,636265.896,4841151.6434
12960,80719034,,9/16/2016 8:00:00 AM,1955,O CONNOR DR,DOHME AVE,50 m North o,Major Arterial,Toronto and East York,43.710887,-79.308582,Non Intersection,No Control,Clear,"Dark, artificial",Dry,Non-Fatal Injury,Rear End,Driver,55 to 59,Major,,North,"Automobile, Station Wagon",Stopped,Driving Properly,Normal,,,,,,,,,Yes,,,,,,Yes,Yes,,,,54,O'Connor-Parkview,54,O'Connor-Parkview (54),D55,636265.896,4841151.6434
12961,80718720,,9/19/2016 8:00:00 AM,1534,DON MILLS RD W,GOODVIEW RD,72 m North o,Major Arterial,North York,43.784453,-79.353236,Non Intersection,No Control,Clear,Daylight,Dry,Non-Fatal Injury,SMV Other,Motorcycle Driver,15 to 19,Major,,South,Motorcycle,Going Ahead,Lost control,Inattentive,,,,,,,,,,Yes,,,,,,,,,,47,Don Valley Village,47,Don Valley Village (47),D33,632505.9627,4849249.8073
12962,80632209,,9/20/2016 8:00:00 AM,1721,JANE ST,COLBECK ST,,Major Arterial,Toronto and East York,43.652877,-79.485935,At Intersection,Pedestrian Crossover,Clear,Daylight,Dry,Non-Fatal Injury,Pedestrian Collisions,Driver,35 to 39,None,,South,"Automobile, Station Wagon",Going Ahead,Failed to Yield Right of Way,Normal,,,,,,,Yes,,Yes,,,,,,,Yes,,,,89,Runnymede-Bloor West Village,89,Runnymede-Bloor West Village (89),D11,622095.2678,4834432.5907
12963,80632210,,9/20/2016 8:00:00 AM,1721,JANE ST,COLBECK ST,,Major Arterial,Toronto and East York,43.652877,-79.485935,At Intersection,Pedestrian Crossover,Clear,Daylight,Dry,Non-Fatal Injury,Pedestrian Collisions,Pedestrian,35 to 39,Major,,East,,Going Ahead,,,Pedestrian hit a PXO/ped. Mid-block signal,"Crossing, Pedestrian Crossover",Normal,,,,Yes,,Yes,,,,,,,Yes,,,,89,Runnymede-Bloor West Village,89,Runnymede-Bloor West Village (89),D11,622095.2678,4834432.5907
12964,80632211,,9/20/2016 8:00:00 AM,1754,BLOOR ST W,LIPPINCOTT ST,,Major Arterial,Toronto and East York,43.665316,-79.409953,At Intersection,Stop Sign,Clear,Daylight,Dry,Non-Fatal Injury,Cyclist Collisions,Driver,50 to 54,None,,North,"Automobile, Station Wagon",Slowing or Stopping,Failed to Yield Right of Way,Inattentive,,,,,,,,Yes,Yes,,,,,,,Yes,,,,79,University,79,University (79),D14,628196.0944,4835928.7074
12965,80632212,,9/20/2016 8:00:00 AM,1754,BLOOR ST W,LIPPINCOTT ST,,Major Arterial,Toronto and East York,43.665316,-79.409953,At Intersection,Stop Sign,Clear,Daylight,Dry,Non-Fatal Injury,Cyclist Collisions,Cyclist,25 to 29,Major,,East,Bicycle,Going Ahead,,,,,,"Motorist without ROW drives into path of cyclist at inter, lnwy, dwy-Driver not turn.",Driving Properly,Normal,,Yes,Yes,,,,,,,Yes,,,,79,University,79,University (79),D14,628196.0944,4835928.7074
12966,80719044,,9/20/2016 8:00:00 AM,2130,SHEPPARD AVE E,BONESET RD,55 m East of,Major Arterial,North York,43.775275,-79.333202,Non Intersection,No Control,Clear,"Dusk, artificial",Dry,Non-Fatal Injury,Pedestrian Collisions,Driver,55 to 59,None,,West,"Automobile, Station Wagon",Going Ahead,Lost control,Normal,,,,,,,Yes,,Yes,,,,,,,,,,,53,Henry Farm,53,Henry Farm (53),D33,634138.5271,4848262.7112
12967,80719045,,9/20/2016 8:00:00 AM,2130,SHEPPARD AVE E,BONESET RD,55 m East of,Major Arterial,North York,43.775275,-79.333202,Non Intersection,No Control,Clear,"Dusk, artificial",Dry,Non-Fatal Injury,Pedestrian Collisions,Pedestrian,40 to 44,Major,,Unknown,,,,,Pedestrian hit on sidewalk or shoulder,On Sidewalk or Shoulder,Normal,,,,Yes,,Yes,,,,,,,,,,,53,Henry Farm,53,Henry Farm (53),D33,634138.5271,4848262.7112
12968,80719163,,9/21/2016 8:00:00 AM,1537,REXDALE BLVD,BERGAMOT AVE,160 m West o,Major Arterial,Etobicoke York,43.712752,-79.561816,Non Intersection,No Control,Clear,Daylight,Dry,Non-Fatal Injury,Turning Movement,Driver,65 to 69,None,,East,"Automobile, Station Wagon",Turning Left,Improper Turn,Normal,,,,,,,,,Yes,Yes,,,,,,,,,,1,West Humber-Clairville,1,West Humber-Clairville (1),D23,615860.8116,4840973.656
12969,80719164,,9/21/2016 8:00:00 AM,1537,REXDALE BLVD,BERGAMOT AVE,160 m West o,Major Arterial,Etobicoke York,43.712752,-79.561816,Non Intersection,No Control,Clear,Daylight,Dry,Non-Fatal Injury,Turning Movement,Motorcycle Driver,35 to 39,Major,,West,Motorcycle,Going Ahead,Driving Properly,Normal,,,,,,,,,Yes,Yes,,,,,,,,,,1,West Humber-Clairville,1,West Humber-Clairville (1),D23,615860.8116,4840973.656
12970,80785524,,9/21/2016 8:00:00 AM,1735,ST CLAIR AVE W,RUSHTON RD,23 m West of,Major Arterial,Toronto and East York,43.681227,-79.427661,Intersection Related,No Control,Clear,Daylight,Dry,Fatal,Pedestrian Collisions,Driver,30 to 34,None,,West,"Automobile, Station Wagon",Going Ahead,Driving Properly,Normal,,,,,,,Yes,,Yes,,,,,Yes,,,,,,94,Wychwood,94,Wychwood (94),D13,626734.893,4837668.6265
12971,80785525,,9/21/2016 8:00:00 AM,1735,ST CLAIR AVE W,RUSHTON RD,23 m West of,Major Arterial,Toronto and East York,43.681227,-79.427661,Intersection Related,No Control,Clear,Daylight,Dry,Fatal,Pedestrian Collisions,Passenger,25 to 29,None,,,,,,,,,,,,,Yes,,Yes,,,,,Yes,,,,,,94,Wychwood,94,Wychwood (94),D13,626734.893,4837668.6265
12972,80785526,,9/21/2016 8:00:00 AM,1735,ST CLAIR AVE W,RUSHTON RD,23 m West of,Major Arterial,Toronto and East York,43.681227,-79.427661,Intersection Related,No Control,Clear,Daylight,Dry,Fatal,Pedestrian Collisions,Pedestrian,65 to 69,Fatal,78,South,,,,,Pedestrian hit at mid-block,"Crossing, no Traffic Control",Had Been Drinking,,,,Yes,,Yes,,,,,Yes,,,,,,94,Wychwood,94,Wychwood (94),D13,626734.893,4837668.6265
12973,80899292,,9/22/2016 8:00:00 AM,944,KING ST W,SIMCOE ST,,Major Arterial,Toronto and East York,43.647322,-79.386073,At Intersection,Traffic Signal,Clear,Daylight,Dry,Non-Fatal Injury,Pedestrian Collisions,Pedestrian,60 to 64,Major,,North,,,,,Vehicle is going straight thru inter.while ped cross without ROW,Crossing without right of way,Normal,,,,Yes,,,Yes,,,,,,,,,,170,Yonge-Bay Corridor,76,Bay Street Corridor (76),D52,630160.289,4833967.4136
12974,80899293,,9/22/2016 8:00:00 AM,944,KING ST W,SIMCOE ST,,Major Arterial,Toronto and East York,43.647322,-79.386073,At Intersection,Traffic Signal,Clear,Daylight,Dry,Non-Fatal Injury,Pedestrian Collisions,Motorcycle Driver,50 to 54,None,,West,Motorcycle,Going Ahead,Driving Properly,Normal,,,,,,,Yes,,,Yes,,,,,,,,,,170,Yonge-Bay Corridor,76,Bay Street Corridor (76),D52,630160.289,4833967.4136
12975,80632217,,9/24/2016 8:00:00 AM,903,MIDLAND AVE,SHEPPARD AVE E,,Major Arterial,Scarborough,43.785277,-79.278529,At Intersection,Traffic Signal,Clear,Daylight,Dry,Non-Fatal Injury,Cyclist Collisions,Cyclist,10 to 14,Major,,North,Bicycle,Going Ahead,,,,,,Motorist turned left across cyclists path.,Other,Inattentive,,Yes,Yes,,,,,Yes,,,,,,128,Agincourt South-Malvern West,128,Agincourt South-Malvern West (128),D42,638515.3814,4849463.6232