OBJECTID,INDEX,ACCNUM,DATE,TIME,STREET1,STREET2,OFFSET,ROAD_CLASS,DISTRICT,LATITUDE,LONGITUDE,ACCLOC,TRAFFCTL,VISIBILITY,LIGHT,RDSFCOND,ACCLASS,IMPACTYPE,INVTYPE,INVAGE,INJURY,FATAL_NO,INITDIR,VEHTYPE,MANOEUVER,DRIVACT,DRIVCOND,PEDTYPE,PEDACT,PEDCOND,CYCLISTYPE,CYCACT,CYCCOND,PEDESTRIAN,CYCLIST,AUTOMOBILE,MOTORCYCLE,TRUCK,TRSN_CITY_VEH,EMERG_VEH,PASSENGER,SPEEDING,AG_DRIV,REDLIGHT,ALCOHOL,DISABILITY,HOOD_158,NEIGHBOURHOOD_158,HOOD_140,NEIGHBOURHOOD_140,DIVISION,x,y
12976,80632218,,9/24/2016 8:00:00 AM,903,MIDLAND AVE,SHEPPARD AVE E,,Major Arterial,Scarborough,43.785277,-79.278529,At Intersection,Traffic Signal,Clear,Daylight,Dry,Non-Fatal Injury,Cyclist Collisions,Driver,70 to 74,None,,South,"Automobile, Station Wagon",Turning Left,Improper Turn,Inattentive,,,,,,,,Yes,Yes,,,,,Yes,,,,,,128,Agincourt South-Malvern West,128,Agincourt South-Malvern West (128),D42,638515.3814,4849463.6232
12977,80632219,,9/24/2016 8:00:00 AM,903,MIDLAND AVE,SHEPPARD AVE E,,Major Arterial,Scarborough,43.785277,-79.278529,At Intersection,Traffic Signal,Clear,Daylight,Dry,Non-Fatal Injury,Cyclist Collisions,Passenger,70 to 74,None,,,,,,,,,,,,,,Yes,Yes,,,,,Yes,,,,,,128,Agincourt South-Malvern West,128,Agincourt South-Malvern West (128),D42,638515.3814,4849463.6232
12978,80719119,,9/25/2016 8:00:00 AM,1629,KEELE ST,STEELES AVE W,,Major Arterial,Etobicoke York,43.781508,-79.494464,At Intersection,Traffic Signal,Clear,Daylight,Dry,Non-Fatal Injury,Angle,Driver,65 to 69,Major,,West,"Automobile, Station Wagon",Going Ahead,Disobeyed Traffic Control,Inattentive,,,,,,,,,Yes,,,,,Yes,,Yes,Yes,,,27,York University Heights,27,York University Heights (27),D31,621147.9828,4848706.3556
12979,80719120,,9/25/2016 8:00:00 AM,1629,KEELE ST,STEELES AVE W,,Major Arterial,Etobicoke York,43.781508,-79.494464,At Intersection,Traffic Signal,Clear,Daylight,Dry,Non-Fatal Injury,Angle,Driver,65 to 69,Minor,,North,"Automobile, Station Wagon",Going Ahead,Driving Properly,Normal,,,,,,,,,Yes,,,,,Yes,,Yes,Yes,,,27,York University Heights,27,York University Heights (27),D31,621147.9828,4848706.3556
12980,80719121,,9/25/2016 8:00:00 AM,1629,KEELE ST,STEELES AVE W,,Major Arterial,Etobicoke York,43.781508,-79.494464,At Intersection,Traffic Signal,Clear,Daylight,Dry,Non-Fatal Injury,Angle,Driver,55 to 59,Minor,,South,"Automobile, Station Wagon",Stopped,Driving Properly,Normal,,,,,,,,,Yes,,,,,Yes,,Yes,Yes,,,27,York University Heights,27,York University Heights (27),D31,621147.9828,4848706.3556
12981,80719122,,9/25/2016 8:00:00 AM,1629,KEELE ST,STEELES AVE W,,Major Arterial,Etobicoke York,43.781508,-79.494464,At Intersection,Traffic Signal,Clear,Daylight,Dry,Non-Fatal Injury,Angle,Passenger,55 to 59,Minor,,,,,,,,,,,,,,,Yes,,,,,Yes,,Yes,Yes,,,27,York University Heights,27,York University Heights (27),D31,621147.9828,4848706.3556
12982,80719123,,9/25/2016 8:00:00 AM,1629,KEELE ST,STEELES AVE W,,Major Arterial,Etobicoke York,43.781508,-79.494464,At Intersection,Traffic Signal,Clear,Daylight,Dry,Non-Fatal Injury,Angle,Passenger,75 to 79,Minor,,,,,,,,,,,,,,,Yes,,,,,Yes,,Yes,Yes,,,27,York University Heights,27,York University Heights (27),D31,621147.9828,4848706.3556
12983,80719124,,9/25/2016 8:00:00 AM,1629,KEELE ST,STEELES AVE W,,Major Arterial,Etobicoke York,43.781508,-79.494464,At Intersection,Traffic Signal,Clear,Daylight,Dry,Non-Fatal Injury,Angle,Passenger,50 to 54,Minor,,,,,,,,,,,,,,,Yes,,,,,Yes,,Yes,Yes,,,27,York University Heights,27,York University Heights (27),D31,621147.9828,4848706.3556
12984,80719315,,9/26/2016 8:00:00 AM,738,LOGAN AVE,DANFORTH AVE,,Major Arterial,Toronto and East York,43.677939,-79.349582,At Intersection,Traffic Controller,Clear,Daylight,Dry,Non-Fatal Injury,SMV Other,Truck Driver,45 to 49,None,,West,Truck - Tank,Slowing or Stopping,Driving Properly,Normal,,,,,,,,,,,Yes,,,Yes,,,,,,68,North Riverdale,68,North Riverdale (68),D55,633035.61,4837425.7229
12985,80719316,,9/26/2016 8:00:00 AM,738,LOGAN AVE,DANFORTH AVE,,Major Arterial,Toronto and East York,43.677939,-79.349582,At Intersection,Traffic Controller,Clear,Daylight,Dry,Non-Fatal Injury,SMV Other,Passenger,45 to 49,Major,,,,,,,,,,,,,,,,,Yes,,,Yes,,,,,,68,North Riverdale,68,North Riverdale (68),D55,633035.61,4837425.7229
12986,80719317,,9/26/2016 8:00:00 AM,738,LOGAN AVE,DANFORTH AVE,,Major Arterial,Toronto and East York,43.677939,-79.349582,At Intersection,Traffic Controller,Clear,Daylight,Dry,Non-Fatal Injury,SMV Other,Passenger,20 to 24,None,,,,,,,,,,,,,,,,,Yes,,,Yes,,,,,,68,North Riverdale,68,North Riverdale (68),D55,633035.61,4837425.7229
12987,80719318,,9/26/2016 8:00:00 AM,738,LOGAN AVE,DANFORTH AVE,,Major Arterial,Toronto and East York,43.677939,-79.349582,At Intersection,Traffic Controller,Clear,Daylight,Dry,Non-Fatal Injury,SMV Other,Passenger,unknown,None,,,,,,,,,,,,,,,,,Yes,,,Yes,,,,,,68,North Riverdale,68,North Riverdale (68),D55,633035.61,4837425.7229
12988,80718490,,9/26/2016 8:00:00 AM,1709,THE QUEENSWAY,SOUTH KINGSWAY,458 m West o,Major Arterial,Etobicoke York,43.632361,-79.476856,Non Intersection,No Control,Clear,Daylight,Dry,Non-Fatal Injury,SMV Other,Motorcycle Driver,35 to 39,Major,,East,Motorcycle,Overtaking,Lost control,Unknown,,,,,,,,,,Yes,,,,,,,,,,16,Stonegate-Queensway,16,Stonegate-Queensway (16),D22,622869.2261,4832167.4261
12989,80632235,,9/27/2016 8:00:00 AM,925,CUMMER AVE,PINEWAY BLVD,,Collector,North York,43.798747,-79.375842,At Intersection,Stop Sign,Clear,Daylight,Dry,Non-Fatal Injury,Pedestrian Collisions,Driver,20 to 24,None,,South,"Automobile, Station Wagon",Turning Left,Failed to Yield Right of Way,Normal,,,,,,,Yes,,Yes,,,,,,,Yes,,,,49,Bayview Woods-Steeles,49,Bayview Woods-Steeles (49),D33,630655.8139,4850801.443
12990,80632236,,9/27/2016 8:00:00 AM,925,CUMMER AVE,PINEWAY BLVD,,Collector,North York,43.798747,-79.375842,At Intersection,Stop Sign,Clear,Daylight,Dry,Non-Fatal Injury,Pedestrian Collisions,Pedestrian,60 to 64,Major,,North,,,,,Vehicle turns left while ped crosses with ROW at inter.,Crossing with right of way,Normal,,,,Yes,,Yes,,,,,,,Yes,,,,49,Bayview Woods-Steeles,49,Bayview Woods-Steeles (49),D33,630655.8139,4850801.443
12991,80565309,,9/29/2016 8:00:00 AM,1040,2336 ST CLAIR AVE W,,,Major Arterial,Etobicoke York,43.669959,-79.479152,Non Intersection,No Control,Rain,Daylight,Wet,Fatal,Sideswipe,Driver,70 to 74,Fatal,58,West,"Automobile, Station Wagon",Going Ahead,Driving Properly,Normal,,,,,,,,,Yes,,,,,Yes,Yes,Yes,,,,90,Junction Area,90,Junction Area (90),D11,622607.4832,4836339.7724
12992,80565333,,9/29/2016 8:00:00 AM,1040,2336 ST CLAIR AVE W,,,Major Arterial,Etobicoke York,43.669959,-79.479152,Non Intersection,No Control,Rain,Daylight,Wet,Fatal,Sideswipe,Driver,35 to 39,Major,,East,"Automobile, Station Wagon",Going Ahead,Speed too Fast For Condition,Unknown,,,,,,,,,Yes,,,,,Yes,Yes,Yes,,,,90,Junction Area,90,Junction Area (90),D11,622607.4832,4836339.7724
12993,80565334,,9/29/2016 8:00:00 AM,1040,2336 ST CLAIR AVE W,,,Major Arterial,Etobicoke York,43.669959,-79.479152,Non Intersection,No Control,Rain,Daylight,Wet,Fatal,Sideswipe,Driver,50 to 54,None,,East,"Automobile, Station Wagon",Going Ahead,Driving Properly,Unknown,,,,,,,,,Yes,,,,,Yes,Yes,Yes,,,,90,Junction Area,90,Junction Area (90),D11,622607.4832,4836339.7724
12994,80565335,,9/29/2016 8:00:00 AM,1040,2336 ST CLAIR AVE W,,,Major Arterial,Etobicoke York,43.669959,-79.479152,Non Intersection,No Control,Rain,Daylight,Wet,Fatal,Sideswipe,Passenger,40 to 44,None,,,"Automobile, Station Wagon",,,,,,,,,,,,Yes,,,,,Yes,Yes,Yes,,,,90,Junction Area,90,Junction Area (90),D11,622607.4832,4836339.7724
12995,80719448,,9/29/2016 8:00:00 AM,2310,MIDLAND AVE,MCNICOLL AVE,,Major Arterial,Scarborough,43.814509,-79.292178,Intersection Related,Traffic Signal,Clear,"Dark, artificial",Dry,Non-Fatal Injury,Angle,Driver,45 to 49,Minor,,South,"Automobile, Station Wagon",Going Ahead,Disobeyed Traffic Control,Normal,,,,,,,,,Yes,,,,,Yes,,Yes,Yes,,,130,Milliken,130,Milliken (130),D42,637350.1234,4852687.5559
12996,80719449,,9/29/2016 8:00:00 AM,2310,MIDLAND AVE,MCNICOLL AVE,,Major Arterial,Scarborough,43.814509,-79.292178,Intersection Related,Traffic Signal,Clear,"Dark, artificial",Dry,Non-Fatal Injury,Angle,Driver,20 to 24,Minimal,,West,"Automobile, Station Wagon",Going Ahead,Driving Properly,Normal,,,,,,,,,Yes,,,,,Yes,,Yes,Yes,,,130,Milliken,130,Milliken (130),D42,637350.1234,4852687.5559
12997,80719450,,9/29/2016 8:00:00 AM,2310,MIDLAND AVE,MCNICOLL AVE,,Major Arterial,Scarborough,43.814509,-79.292178,Intersection Related,Traffic Signal,Clear,"Dark, artificial",Dry,Non-Fatal Injury,Angle,Driver,50 to 54,Minimal,,West,"Automobile, Station Wagon",Going Ahead,Driving Properly,Normal,,,,,,,,,Yes,,,,,Yes,,Yes,Yes,,,130,Milliken,130,Milliken (130),D42,637350.1234,4852687.5559
12998,80719451,,9/29/2016 8:00:00 AM,2310,MIDLAND AVE,MCNICOLL AVE,,Major Arterial,Scarborough,43.814509,-79.292178,Intersection Related,Traffic Signal,Clear,"Dark, artificial",Dry,Non-Fatal Injury,Angle,Passenger,55 to 59,Major,,,,,,,,,,,,,,,Yes,,,,,Yes,,Yes,Yes,,,130,Milliken,130,Milliken (130),D42,637350.1234,4852687.5559
12999,80632243,,9/30/2016 8:00:00 AM,52,DUNDAS ST W,STERLING RD,,Minor Arterial,Toronto and East York,43.650614,-79.442981,At Intersection,Traffic Signal,Clear,"Dark, artificial",Dry,Non-Fatal Injury,Turning Movement,Driver,15 to 19,None,,South,"Automobile, Station Wagon",Turning Left,Disobeyed Traffic Control,Inattentive,,,,,,,,,Yes,,,,,Yes,,Yes,Yes,,,84,Little Portugal,84,Little Portugal (84),D11,625563.8567,4834245.3518
13000,80632244,,9/30/2016 8:00:00 AM,52,DUNDAS ST W,STERLING RD,,Minor Arterial,Toronto and East York,43.650614,-79.442981,At Intersection,Traffic Signal,Clear,"Dark, artificial",Dry,Non-Fatal Injury,Turning Movement,Driver,25 to 29,None,,West,"Automobile, Station Wagon",Going Ahead,Driving Properly,Normal,,,,,,,,,Yes,,,,,Yes,,Yes,Yes,,,84,Little Portugal,84,Little Portugal (84),D11,625563.8567,4834245.3518
13001,80632245,,9/30/2016 8:00:00 AM,52,DUNDAS ST W,STERLING RD,,Minor Arterial,Toronto and East York,43.650614,-79.442981,At Intersection,Traffic Signal,Clear,"Dark, artificial",Dry,Non-Fatal Injury,Turning Movement,Passenger,30 to 34,Major,,,,,,,,,,,,,,,Yes,,,,,Yes,,Yes,Yes,,,84,Little Portugal,84,Little Portugal (84),D11,625563.8567,4834245.3518
13002,80565361,,9/30/2016 8:00:00 AM,1928,EGLINTON AVE W,CHILTERN HILL RD,,Major Arterial,North York,43.700667,-79.427036,Non Intersection,No Control,Clear,Dark,Dry,Fatal,Pedestrian Collisions,Pedestrian,Over 95,Fatal,61,North,,,,,Pedestrian hit at mid-block,"Crossing, no Traffic Control",Normal,,,,Yes,,Yes,,,,,,,,,,,106,Humewood-Cedarvale,106,Humewood-Cedarvale (106),D13,626744.3153,4839828.6607
13003,80565362,,9/30/2016 8:00:00 AM,1928,EGLINTON AVE W,CHILTERN HILL RD,,Major Arterial,North York,43.700667,-79.427036,Non Intersection,No Control,Clear,Dark,Dry,Fatal,Pedestrian Collisions,Driver,40 to 44,None,,East,"Automobile, Station Wagon",Going Ahead,Driving Properly,Normal,,,,,,,Yes,,Yes,,,,,,,,,,,106,Humewood-Cedarvale,106,Humewood-Cedarvale (106),D13,626744.3153,4839828.6607
13004,80719783,,10/1/2016 8:00:00 AM,510,THE QUEENSWAY,KIPLING AVE,500 m West o,Major Arterial,Etobicoke York,43.619612,-79.532115,Non Intersection,No Control,Clear,"Dark, artificial",Dry,Non-Fatal Injury,Pedestrian Collisions,Driver,50 to 54,None,,West,"Automobile, Station Wagon",Going Ahead,Driving Properly,Normal,,,,,,,Yes,,Yes,,,,,,,,,,,159,Etobicoke City Centre,14,Islington-City Centre West (14),D22,618436.5797,4830671.188
13005,80719784,,10/1/2016 8:00:00 AM,510,THE QUEENSWAY,KIPLING AVE,500 m West o,Major Arterial,Etobicoke York,43.619612,-79.532115,Non Intersection,No Control,Clear,"Dark, artificial",Dry,Non-Fatal Injury,Pedestrian Collisions,Pedestrian,15 to 19,Major,,North,,,,,Pedestrian hit at mid-block,Running onto Roadway,Had Been Drinking,,,,Yes,,Yes,,,,,,,,,,,159,Etobicoke City Centre,14,Islington-City Centre West (14),D22,618436.5797,4830671.188
13006,80565360,,10/2/2016 8:00:00 AM,1058,EGLINTON AVE E,WINTER AVE,,Major Arterial,Scarborough,43.735331,-79.25436,Intersection Related,Stop Sign,Clear,Daylight,Dry,Fatal,Pedestrian Collisions,Driver,20 to 24,None,,North,"Automobile, Station Wagon",Turning Left,Driving Properly,Inattentive,,,,,,,Yes,,Yes,,,,,Yes,,,,,,124,Kennedy Park,124,Kennedy Park (124),D41,640577.0536,4843957.0777
13007,80565363,,10/2/2016 8:00:00 AM,1058,EGLINTON AVE E,WINTER AVE,,Major Arterial,Scarborough,43.735331,-79.25436,Intersection Related,Stop Sign,Clear,Daylight,Dry,Fatal,Pedestrian Collisions,Passenger,20 to 24,None,,,,,,,,,,,,,Yes,,Yes,,,,,Yes,,,,,,124,Kennedy Park,124,Kennedy Park (124),D41,640577.0536,4843957.0777
13008,80565364,,10/2/2016 8:00:00 AM,1058,EGLINTON AVE E,WINTER AVE,,Major Arterial,Scarborough,43.735331,-79.25436,Intersection Related,Stop Sign,Clear,Daylight,Dry,Fatal,Pedestrian Collisions,Pedestrian,80 to 84,Fatal,60,South,,,,,Vehicle turns left while ped crosses without ROW at inter.,Crossing without right of way,Medical or Physical Disability,,,,Yes,,Yes,,,,,Yes,,,,,,124,Kennedy Park,124,Kennedy Park (124),D41,640577.0536,4843957.0777
13009,80565355,,10/2/2016 8:00:00 AM,1940,EGLINTON AVE E,MIDLAND AVE,,Major Arterial,Scarborough,43.734049,-79.260188,Non Intersection,No Control,Rain,"Dark, artificial",Wet,Fatal,Pedestrian Collisions,Pedestrian,70 to 74,Fatal,59,South,,,,,Pedestrian hit at mid-block,Crossing without right of way,Inattentive,,,,Yes,,Yes,,,,,,,,,,,124,Kennedy Park,124,Kennedy Park (124),D41,640110.7068,4843804.8203
13010,80565356,,10/2/2016 8:00:00 AM,1940,EGLINTON AVE E,MIDLAND AVE,,Major Arterial,Scarborough,43.734049,-79.260188,Non Intersection,No Control,Rain,"Dark, artificial",Wet,Fatal,Pedestrian Collisions,Driver,75 to 79,None,,East,"Automobile, Station Wagon",Going Ahead,Driving Properly,Normal,,,,,,,Yes,,Yes,,,,,,,,,,,124,Kennedy Park,124,Kennedy Park (124),D41,640110.7068,4843804.8203
13011,80769234,,10/3/2016 8:00:00 AM,1317,BATHURST ST,VAUGHAN RD,,Major Arterial,Toronto and East York,43.681559,-79.417659,At/Near Private Drive,No Control,Clear,Daylight,Dry,Non-Fatal Injury,Angle,Driver,20 to 24,Major,,West,"Automobile, Station Wagon",Going Ahead,Failed to Yield Right of Way,Normal,,,,,,,,,Yes,,,,,,Yes,Yes,,,,96,Casa Loma,96,Casa Loma (96),D13,627540.3863,4837720.832
13012,80769235,,10/3/2016 8:00:00 AM,1317,BATHURST ST,VAUGHAN RD,,Major Arterial,Toronto and East York,43.681559,-79.417659,At/Near Private Drive,No Control,Clear,Daylight,Dry,Non-Fatal Injury,Angle,Driver,50 to 54,None,,South,"Automobile, Station Wagon",Going Ahead,Driving Properly,Normal,,,,,,,,,Yes,,,,,,Yes,Yes,,,,96,Casa Loma,96,Casa Loma (96),D13,627540.3863,4837720.832
13013,80632248,,10/3/2016 8:00:00 AM,1426,KEELE ST,FLAMBOROUGH DR,,Major Arterial,Etobicoke York,43.703021,-79.476772,At Intersection,Traffic Signal,Clear,Daylight,Dry,Non-Fatal Injury,Cyclist Collisions,Driver,85 to 89,None,,North,"Automobile, Station Wagon",Turning Left,Improper Turn,Normal,,,,,,,,Yes,Yes,,,,,,,,,,,30,Brookhaven-Amesbury,30,Brookhaven-Amesbury (30),D12,622731.9116,4840015.275
13014,80632249,,10/3/2016 8:00:00 AM,1426,KEELE ST,FLAMBOROUGH DR,,Major Arterial,Etobicoke York,43.703021,-79.476772,At Intersection,Traffic Signal,Clear,Daylight,Dry,Non-Fatal Injury,Cyclist Collisions,Cyclist,45 to 49,Major,,South,Bicycle,Going Ahead,,,,,,Motorist turned left across cyclists path.,Driving Properly,Normal,,Yes,Yes,,,,,,,,,,,30,Brookhaven-Amesbury,30,Brookhaven-Amesbury (30),D12,622731.9116,4840015.275
13015,80769284,,10/3/2016 8:00:00 AM,2143,THORNCLIFFE PARK DR,OVERLEA DR,131 m South ,Collector,North York,43.706244,-79.343097,At/Near Private Drive,No Control,Clear,"Dark, artificial",Dry,Non-Fatal Injury,Turning Movement,Driver,25 to 29,Major,,West,"Automobile, Station Wagon",Turning Right,Failed to Yield Right of Way,Normal,,,,,,,,,Yes,Yes,,,,,,Yes,,,,55,Thorncliffe Park,55,Thorncliffe Park (55),D53,633495.5371,4840579.8107
13016,80769285,,10/3/2016 8:00:00 AM,2143,THORNCLIFFE PARK DR,OVERLEA DR,131 m South ,Collector,North York,43.706244,-79.343097,At/Near Private Drive,No Control,Clear,"Dark, artificial",Dry,Non-Fatal Injury,Turning Movement,Motorcycle Driver,30 to 34,None,,North,Motorcycle,Turning Right,Driving Properly,Normal,,,,,,,,,Yes,Yes,,,,,,Yes,,,,55,Thorncliffe Park,55,Thorncliffe Park (55),D53,633495.5371,4840579.8107
13017,80632250,,10/5/2016 8:00:00 AM,957,ST GEORGE ST,RUSSELL ST,51 m North o,Minor Arterial,Toronto and East York,43.660964,-79.397128,Intersection Related,Pedestrian Crossover,Clear,Daylight,Dry,Non-Fatal Injury,Pedestrian Collisions,Driver,75 to 79,None,,North,"Automobile, Station Wagon",Going Ahead,Failed to Yield Right of Way,Inattentive,,,,,,,Yes,,Yes,,,,,,,Yes,,,,79,University,79,University (79),D52,629239.447,4835465.2576
13018,80632251,,10/5/2016 8:00:00 AM,957,ST GEORGE ST,RUSSELL ST,51 m North o,Minor Arterial,Toronto and East York,43.660964,-79.397128,Intersection Related,Pedestrian Crossover,Clear,Daylight,Dry,Non-Fatal Injury,Pedestrian Collisions,Driver,50 to 54,None,,South,"Automobile, Station Wagon",Stopped,Driving Properly,Normal,,,,,,,Yes,,Yes,,,,,,,Yes,,,,79,University,79,University (79),D52,629239.447,4835465.2576
13019,80632252,,10/5/2016 8:00:00 AM,957,ST GEORGE ST,RUSSELL ST,51 m North o,Minor Arterial,Toronto and East York,43.660964,-79.397128,Intersection Related,Pedestrian Crossover,Clear,Daylight,Dry,Non-Fatal Injury,Pedestrian Collisions,Pedestrian,15 to 19,Major,,West,,,,,Pedestrian hit a PXO/ped. Mid-block signal,"Crossing, Pedestrian Crossover",Normal,,,,Yes,,Yes,,,,,,,Yes,,,,79,University,79,University (79),D52,629239.447,4835465.2576
13020,80632253,,10/5/2016 8:00:00 AM,2215,BLOOR ST E,DRUMSNAB RD,,Major Arterial,Toronto and East York,43.674296,-79.367328,Intersection Related,No Control,Clear,"Dark, artificial",Dry,Non-Fatal Injury,Cyclist Collisions,Driver,unknown,None,,East,"Automobile, Station Wagon",Turning Left,Improper Turn,Unknown,,,,,,,,Yes,Yes,,,,,,,,,,,71,Cabbagetown-South St.James Town,71,Cabbagetown-South St.James Town (71),D51,631613.103,4836992.807
13021,80632254,,10/5/2016 8:00:00 AM,2215,BLOOR ST E,DRUMSNAB RD,,Major Arterial,Toronto and East York,43.674296,-79.367328,Intersection Related,No Control,Clear,"Dark, artificial",Dry,Non-Fatal Injury,Cyclist Collisions,Cyclist,35 to 39,Major,,West,Bicycle,Going Ahead,,,,,,Motorist turned left across cyclists path.,Driving Properly,Normal,,Yes,Yes,,,,,,,,,,,71,Cabbagetown-South St.James Town,71,Cabbagetown-South St.James Town (71),D51,631613.103,4836992.807
13022,80632255,,10/7/2016 8:00:00 AM,1750,MONTGOMERY AV,MIDLAND AV,70 m East of,Local,Scarborough,43.791091,-79.279849,Non Intersection,No Control,Clear,Daylight,Dry,Non-Fatal Injury,Pedestrian Collisions,Driver,60 to 64,None,,West,"Automobile, Station Wagon",Going Ahead,Improper Passing,Inattentive,,,,,,,Yes,,Yes,,,,,,,Yes,,,,128,Agincourt South-Malvern West,128,Agincourt South-Malvern West (128),D42,638395.7492,4850107.152
13023,80632256,,10/7/2016 8:00:00 AM,1750,MONTGOMERY AV,MIDLAND AV,70 m East of,Local,Scarborough,43.791091,-79.279849,Non Intersection,No Control,Clear,Daylight,Dry,Non-Fatal Injury,Pedestrian Collisions,Pedestrian,75 to 79,Major,,West,,,,,Pedestrian hit at mid-block,Walking on Roadway with Traffic,Normal,,,,Yes,,Yes,,,,,,,Yes,,,,128,Agincourt South-Malvern West,128,Agincourt South-Malvern West (128),D42,638395.7492,4850107.152
13024,80632257,,10/8/2016 8:00:00 AM,1113,DUPLEX AVE,MONTGOMERY AVE,,Minor Arterial,North York,43.709098,-79.401019,At Intersection,Stop Sign,Clear,Daylight,Dry,Non-Fatal Injury,Pedestrian Collisions,Driver,70 to 74,None,,South,"Automobile, Station Wagon",Turning Left,Failed to Yield Right of Way,Normal,,,,,,,Yes,,Yes,,,,,,,Yes,,,,100,Yonge-Eglinton,100,Yonge-Eglinton (100),D53,628822.6402,4840805.1435
13025,80632258,,10/8/2016 8:00:00 AM,1113,DUPLEX AVE,MONTGOMERY AVE,,Minor Arterial,North York,43.709098,-79.401019,At Intersection,Stop Sign,Clear,Daylight,Dry,Non-Fatal Injury,Pedestrian Collisions,Pedestrian,65 to 69,Major,,North,,,,,Vehicle turns left while ped crosses with ROW at inter.,Crossing with right of way,Normal,,,,Yes,,Yes,,,,,,,Yes,,,,100,Yonge-Eglinton,100,Yonge-Eglinton (100),D53,628822.6402,4840805.1435
13026,80720029,,10/9/2016 8:00:00 AM,1747,LAWRENCE AVE W,WILLIAM R ALLEN RD N,5 m West of,Major Arterial,North York,43.716258,-79.443179,At Intersection,Traffic Signal,Clear,Daylight,Dry,Non-Fatal Injury,Turning Movement,Driver,20 to 24,None,,East,"Automobile, Station Wagon",Turning Left,Failed to Yield Right of Way,Inattentive,,,,,,,,,Yes,Yes,,,,Yes,,Yes,,,,32,Englemount-Lawrence,32,Englemount-Lawrence (32),D13,625411.0336,4841535.7081
13027,80720030,,10/9/2016 8:00:00 AM,1747,LAWRENCE AVE W,WILLIAM R ALLEN RD N,5 m West of,Major Arterial,North York,43.716258,-79.443179,At Intersection,Traffic Signal,Clear,Daylight,Dry,Non-Fatal Injury,Turning Movement,Motorcycle Driver,25 to 29,Major,,West,Motorcycle,Going Ahead,Driving Properly,Normal,,,,,,,,,Yes,Yes,,,,Yes,,Yes,,,,32,Englemount-Lawrence,32,Englemount-Lawrence (32),D13,625411.0336,4841535.7081
13028,80720031,,10/9/2016 8:00:00 AM,1747,LAWRENCE AVE W,WILLIAM R ALLEN RD N,5 m West of,Major Arterial,North York,43.716258,-79.443179,At Intersection,Traffic Signal,Clear,Daylight,Dry,Non-Fatal Injury,Turning Movement,Passenger,15 to 19,None,,,,,,,,,,,,,,,Yes,Yes,,,,Yes,,Yes,,,,32,Englemount-Lawrence,32,Englemount-Lawrence (32),D13,625411.0336,4841535.7081
13029,80901939,,10/9/2016 8:00:00 AM,2108,DANFORTH RD,FALMOUTH AVE,,Major Arterial,Scarborough,43.730475,-79.250911,At Intersection,No Control,Clear,"Dark, artificial",Dry,Non-Fatal Injury,Pedestrian Collisions,Pedestrian,15 to 19,Major,,South,,,,,Vehicle is going straight thru inter.while ped cross without ROW,Crossing without right of way,Normal,,,,Yes,,Yes,,,,,,,,,,,124,Kennedy Park,124,Kennedy Park (124),D41,640866.1915,4843423.6042
13030,80901940,,10/9/2016 8:00:00 AM,2108,DANFORTH RD,FALMOUTH AVE,,Major Arterial,Scarborough,43.730475,-79.250911,At Intersection,No Control,Clear,"Dark, artificial",Dry,Non-Fatal Injury,Pedestrian Collisions,Driver,45 to 49,None,,East,"Automobile, Station Wagon",Going Ahead,Driving Properly,Normal,,,,,,,Yes,,Yes,,,,,,,,,,,124,Kennedy Park,124,Kennedy Park (124),D41,640866.1915,4843423.6042
13031,80720236,,10/10/2016 8:00:00 AM,1608,391 LAWSON RD,,,Collector,Scarborough,43.788512,-79.145709,At/Near Private Drive,No Control,Clear,Daylight,Dry,Non-Fatal Injury,Rear End,Driver,20 to 24,None,,East,"Automobile, Station Wagon",Going Ahead,Following too Close,Normal,,,,,,,,,Yes,,,,,,,Yes,,,,133,Centennial Scarborough,133,Centennial Scarborough (133),D43,649194.6135,4850053.7586
13032,80720237,,10/10/2016 8:00:00 AM,1608,391 LAWSON RD,,,Collector,Scarborough,43.788512,-79.145709,At/Near Private Drive,No Control,Clear,Daylight,Dry,Non-Fatal Injury,Rear End,Driver,25 to 29,Minimal,,East,"Automobile, Station Wagon",Turning Left,Driving Properly,Normal,,,,,,,,,Yes,,,,,,,Yes,,,,133,Centennial Scarborough,133,Centennial Scarborough (133),D43,649194.6135,4850053.7586
13033,80720238,,10/10/2016 8:00:00 AM,1608,391 LAWSON RD,,,Collector,Scarborough,43.788512,-79.145709,At/Near Private Drive,No Control,Clear,Daylight,Dry,Non-Fatal Injury,Rear End,Driver,60 to 64,Major,,West,"Automobile, Station Wagon",Going Ahead,Driving Properly,Normal,,,,,,,,,Yes,,,,,,,Yes,,,,133,Centennial Scarborough,133,Centennial Scarborough (133),D43,649194.6135,4850053.7586