OBJECTID,INDEX,ACCNUM,DATE,TIME,STREET1,STREET2,OFFSET,ROAD_CLASS,DISTRICT,LATITUDE,LONGITUDE,ACCLOC,TRAFFCTL,VISIBILITY,LIGHT,RDSFCOND,ACCLASS,IMPACTYPE,INVTYPE,INVAGE,INJURY,FATAL_NO,INITDIR,VEHTYPE,MANOEUVER,DRIVACT,DRIVCOND,PEDTYPE,PEDACT,PEDCOND,CYCLISTYPE,CYCACT,CYCCOND,PEDESTRIAN,CYCLIST,AUTOMOBILE,MOTORCYCLE,TRUCK,TRSN_CITY_VEH,EMERG_VEH,PASSENGER,SPEEDING,AG_DRIV,REDLIGHT,ALCOHOL,DISABILITY,HOOD_158,NEIGHBOURHOOD_158,HOOD_140,NEIGHBOURHOOD_140,DIVISION,x,y
13034,80565388,,10/11/2016 8:00:00 AM,1152,8 SILVERDALE CRES,,,Collector,North York,43.756446,-79.341022,At/Near Private Drive,No Control,Clear,Daylight,Dry,Fatal,Pedestrian Collisions,Pedestrian,80 to 84,Fatal,62,South,,,,,Pedestrian hit on sidewalk or shoulder,On Sidewalk or Shoulder,Normal,,,,Yes,,Yes,,,,,,,,,,,149,Parkwoods-O'Connor Hills,45,Parkwoods-Donalda (45),D33,633551.0881,4846158.8229
13035,80565389,,10/11/2016 8:00:00 AM,1152,8 SILVERDALE CRES,,,Collector,North York,43.756446,-79.341022,At/Near Private Drive,No Control,Clear,Daylight,Dry,Fatal,Pedestrian Collisions,Driver,25 to 29,None,,South,"Automobile, Station Wagon",Going Ahead,Lost control,Unknown,,,,,,,Yes,,Yes,,,,,,,,,,,149,Parkwoods-O'Connor Hills,45,Parkwoods-Donalda (45),D33,633551.0881,4846158.8229
13036,80565854,,10/12/2016 8:00:00 AM,1109,DAVENPORT RD,OSSINGTON AVE,,Minor Arterial,Toronto and East York,43.674712,-79.430972,Intersection Related,Traffic Signal,Clear,Daylight,Dry,Fatal,Pedestrian Collisions,Driver,50 to 54,None,,North,Pick Up Truck,Turning Left,Failed to Yield Right of Way,Inattentive,,,,,,,Yes,,Yes,,,,,,,Yes,,,,94,Wychwood,94,Wychwood (94),D13,626481.7023,4836939.9938
13037,80565929,,10/12/2016 8:00:00 AM,1109,DAVENPORT RD,OSSINGTON AVE,,Minor Arterial,Toronto and East York,43.674712,-79.430972,Intersection Related,Traffic Signal,Clear,Daylight,Dry,Fatal,Pedestrian Collisions,Pedestrian,Over 95,Fatal,64,North,,,,,Vehicle turns left while ped crosses with ROW at inter.,Crossing with right of way,Normal,,,,Yes,,Yes,,,,,,,Yes,,,,94,Wychwood,94,Wychwood (94),D13,626481.7023,4836939.9938
13038,80565835,,10/12/2016 8:00:00 AM,1117,EGLINTON AVE E,MIDLAND AVE,,Major Arterial,Scarborough,43.734519,-79.258098,Intersection Related,Traffic Signal,Clear,Daylight,Dry,Fatal,Pedestrian Collisions,Pedestrian,40 to 44,Fatal,63,Unknown,,,,,Pedestrian hit at mid-block,Playing or Working on Highway,Normal,,,,Yes,,Yes,,,,,,Yes,Yes,Yes,,,124,Kennedy Park,124,Kennedy Park (124),D41,640277.9234,4843860.5573
13039,80565836,,10/12/2016 8:00:00 AM,1117,EGLINTON AVE E,MIDLAND AVE,,Major Arterial,Scarborough,43.734519,-79.258098,Intersection Related,Traffic Signal,Clear,Daylight,Dry,Fatal,Pedestrian Collisions,Driver,unknown,None,,East,"Automobile, Station Wagon",Going Ahead,Disobeyed Traffic Control,Unknown,,,,,,,Yes,,Yes,,,,,,Yes,Yes,Yes,,,124,Kennedy Park,124,Kennedy Park (124),D41,640277.9234,4843860.5573
13040,80908526,,10/14/2016 8:00:00 AM,1918,JANE ST,MARSHLYNN AVE,,Major Arterial,Etobicoke York,43.704402,-79.504207,At Intersection,Stop Sign,Clear,"Dark, artificial",Dry,Non-Fatal Injury,Turning Movement,Passenger,55 to 59,Minimal,,,,,,,,,,,,,,,Yes,Yes,,,,Yes,,Yes,,,,28,Rustic,28,Rustic (28),D12,620518.5902,4840128.4062
13041,80908527,,10/14/2016 8:00:00 AM,1918,JANE ST,MARSHLYNN AVE,,Major Arterial,Etobicoke York,43.704402,-79.504207,At Intersection,Stop Sign,Clear,"Dark, artificial",Dry,Non-Fatal Injury,Turning Movement,Motorcycle Driver,20 to 24,Major,,North,Motorcycle,Going Ahead,Driving Properly,Normal,,,,,,,,,Yes,Yes,,,,Yes,,Yes,,,,28,Rustic,28,Rustic (28),D12,620518.5902,4840128.4062
13042,80908528,,10/14/2016 8:00:00 AM,1918,JANE ST,MARSHLYNN AVE,,Major Arterial,Etobicoke York,43.704402,-79.504207,At Intersection,Stop Sign,Clear,"Dark, artificial",Dry,Non-Fatal Injury,Turning Movement,Driver,50 to 54,Minimal,,South,"Automobile, Station Wagon",Turning Left,Failed to Yield Right of Way,Inattentive,,,,,,,,,Yes,Yes,,,,Yes,,Yes,,,,28,Rustic,28,Rustic (28),D12,620518.5902,4840128.4062
13043,80938626,,10/19/2016 8:00:00 AM,950,DON VALLEY PARKWAY  N,LAWRENCE AVE E,100 m North ,Expressway,North York,43.740336,-79.332057,Non Intersection,No Control,Clear,Daylight,Dry,Non-Fatal Injury,Rear End,Motorcycle Driver,45 to 49,Major,,North,Motorcycle,Changing Lanes,Improper Lane Change,Normal,,,,,,,,,Yes,Yes,,,,,,,,,,42,Banbury-Don Mills,42,Banbury-Don Mills (42),D33,634308.8244,4844384.061
13044,80938627,,10/19/2016 8:00:00 AM,950,DON VALLEY PARKWAY  N,LAWRENCE AVE E,100 m North ,Expressway,North York,43.740336,-79.332057,Non Intersection,No Control,Clear,Daylight,Dry,Non-Fatal Injury,Rear End,Driver,40 to 44,None,,North,"Automobile, Station Wagon",Slowing or Stopping,Driving Properly,Normal,,,,,,,,,Yes,Yes,,,,,,,,,,42,Banbury-Don Mills,42,Banbury-Don Mills (42),D33,634308.8244,4844384.061
13045,80632267,,10/19/2016 8:00:00 AM,2046,BROCK AVE,MOUTRAY ST,,Collector,Toronto and East York,43.651053,-79.436054,At Intersection,No Control,Clear,"Dark, artificial",Dry,Non-Fatal Injury,Cyclist Collisions,Driver,20 to 24,None,,North,"Automobile, Station Wagon",Turning Left,Improper Turn,Normal,,,,,,,,Yes,Yes,,,,,,,,,,,84,Little Portugal,84,Little Portugal (84),D11,626121.5625,4834304.613
13046,80632268,,10/19/2016 8:00:00 AM,2046,BROCK AVE,MOUTRAY ST,,Collector,Toronto and East York,43.651053,-79.436054,At Intersection,No Control,Clear,"Dark, artificial",Dry,Non-Fatal Injury,Cyclist Collisions,Cyclist,30 to 34,Major,,South,Bicycle,Going Ahead,,,,,,Motorist turned left across cyclists path.,Driving Properly,Normal,,Yes,Yes,,,,,,,,,,,84,Little Portugal,84,Little Portugal (84),D11,626121.5625,4834304.613
13047,80632269,,10/20/2016 8:00:00 AM,730,KEELE ST,HOLWOOD AV,,Major Arterial,Etobicoke York,43.688346,-79.474239,At Intersection,No Control,Rain,"Dawn, artificial",Wet,Non-Fatal Injury,Pedestrian Collisions,Driver,30 to 34,None,,South,"Automobile, Station Wagon",Turning Left,Failed to Yield Right of Way,Normal,,,,,,,Yes,,Yes,,,,,,,Yes,,,,110,Keelesdale-Eglinton West,110,Keelesdale-Eglinton West (110),D12,622965.9969,4838389.1681
13048,80632270,,10/20/2016 8:00:00 AM,730,KEELE ST,HOLWOOD AV,,Major Arterial,Etobicoke York,43.688346,-79.474239,At Intersection,No Control,Rain,"Dawn, artificial",Wet,Non-Fatal Injury,Pedestrian Collisions,Pedestrian,unknown,Major,,North,,,,,Vehicle turns left while ped crosses with ROW at inter.,Crossing with right of way,Normal,,,,Yes,,Yes,,,,,,,Yes,,,,110,Keelesdale-Eglinton West,110,Keelesdale-Eglinton West (110),D12,622965.9969,4838389.1681
13049,80632271,,10/20/2016 8:00:00 AM,823,MIDWEST RD,MIDLAND AVE,,Major Arterial,Scarborough,43.753928,-79.265865,Intersection Related,Stop Sign,Rain,Daylight,Wet,Non-Fatal Injury,Pedestrian Collisions,Driver,55 to 59,None,,South,Passenger Van,Going Ahead,Driving Properly,Normal,,,,,,,Yes,,Yes,,,,,,Yes,Yes,,,,156,Bendale-Glen Andrew,127,Bendale (127),D41,639607.302,4846003.0988
13050,80632272,,10/20/2016 8:00:00 AM,823,MIDWEST RD,MIDLAND AVE,,Major Arterial,Scarborough,43.753928,-79.265865,Intersection Related,Stop Sign,Rain,Daylight,Wet,Non-Fatal Injury,Pedestrian Collisions,Pedestrian,15 to 19,Major,,East,,,,,Vehicle is going straight thru inter.while ped cross without ROW,"Crossing, no Traffic Control",Normal,,,,Yes,,Yes,,,,,,Yes,Yes,,,,156,Bendale-Glen Andrew,127,Bendale (127),D41,639607.302,4846003.0988
13051,80565853,,10/20/2016 8:00:00 AM,1922,EGLINTON AVE E,HANNA RD,,Major Arterial,North York,43.712084,-79.372058,Non Intersection,No Control,Rain,Dark,Wet,Fatal,Pedestrian Collisions,Pedestrian,60 to 64,Fatal,65,Unknown,,,,,Pedestrian hit at mid-block,"Crossing, no Traffic Control",Inattentive,,,,Yes,,Yes,,,,,Yes,,Yes,,,,56,Leaside-Bennington,56,Leaside-Bennington (56),D53,631149.407,4841182.1957
13052,80566369,,10/20/2016 8:00:00 AM,1922,EGLINTON AVE E,HANNA RD,,Major Arterial,North York,43.712084,-79.372058,Non Intersection,No Control,Rain,Dark,Wet,Fatal,Pedestrian Collisions,Passenger,40 to 44,None,,,,,,,,,,,,,Yes,,Yes,,,,,Yes,,Yes,,,,56,Leaside-Bennington,56,Leaside-Bennington (56),D53,631149.407,4841182.1957
13053,80566370,,10/20/2016 8:00:00 AM,1922,EGLINTON AVE E,HANNA RD,,Major Arterial,North York,43.712084,-79.372058,Non Intersection,No Control,Rain,Dark,Wet,Fatal,Pedestrian Collisions,Driver,30 to 34,None,,East,"Automobile, Station Wagon",Going Ahead,Driving Properly,Normal,,,,,,,Yes,,Yes,,,,,Yes,,Yes,,,,56,Leaside-Bennington,56,Leaside-Bennington (56),D53,631149.407,4841182.1957
13054,80720863,,10/21/2016 8:00:00 AM,1040,ST CLAIR AVENUE EAST,WARDEN AVENUE,120 m West o,Major Arterial,Scarborough,43.711646,-79.282314,Non Intersection,No Control,Rain,"Daylight, artificial",Wet,Non-Fatal Injury,SMV Other,Driver,55 to 59,Major,,West,Delivery Van,Going Ahead,Lost control,Unknown,,,,,,,,,Yes,,,,,,,,,,,121,Oakridge,121,Oakridge (121),D41,638380.4055,4841279.4599
13055,80632274,,10/21/2016 8:00:00 AM,1314,DUNDAS ST W,DUFFERIN ST,,Minor Arterial,Toronto and East York,43.649645,-79.431422,At Intersection,Traffic Signal,Rain,Daylight,Wet,Non-Fatal Injury,Pedestrian Collisions,Driver,45 to 49,None,,South,Delivery Van,Turning Left,Driving Properly,Normal,,,,,,,Yes,,Yes,,,,,,,,,,,84,Little Portugal,84,Little Portugal (84),D14,626498.0611,4834155.2866
13056,80632275,,10/21/2016 8:00:00 AM,1314,DUNDAS ST W,DUFFERIN ST,,Minor Arterial,Toronto and East York,43.649645,-79.431422,At Intersection,Traffic Signal,Rain,Daylight,Wet,Non-Fatal Injury,Pedestrian Collisions,Pedestrian,70 to 74,Major,,North,,,,,Vehicle turns left while ped crosses without ROW at inter.,Running onto Roadway,Normal,,,,Yes,,Yes,,,,,,,,,,,84,Little Portugal,84,Little Portugal (84),D14,626498.0611,4834155.2866
13057,80721356,,10/27/2016 8:00:00 AM,707,DUNDAS ST W,BLOOR ST W,76 m South o,Minor Arterial,Toronto and East York,43.655474,-79.452243,Non Intersection,No Control,Rain,"Dusk, artificial",Wet,Non-Fatal Injury,Pedestrian Collisions,Driver,55 to 59,None,,North,Street Car,Going Ahead,Driving Properly,Normal,,,,,,,Yes,,,,,Yes,,,,,,,,86,Roncesvalles,86,Roncesvalles (86),D11,624806.8596,4834771.1454
13058,80721357,,10/27/2016 8:00:00 AM,707,DUNDAS ST W,BLOOR ST W,76 m South o,Minor Arterial,Toronto and East York,43.655474,-79.452243,Non Intersection,No Control,Rain,"Dusk, artificial",Wet,Non-Fatal Injury,Pedestrian Collisions,Pedestrian,55 to 59,Major,,West,,,,,Pedestrian involved in a collision with transit vehicle anywhere along roadway,"Crossing, no Traffic Control",Normal,,,,Yes,,,,,Yes,,,,,,,,86,Roncesvalles,86,Roncesvalles (86),D11,624806.8596,4834771.1454
13059,80632280,,10/27/2016 8:00:00 AM,1506,STEELES AV W,KEELE ST,50 m East of,Major Arterial,North York,43.78168,-79.49377,Non Intersection,No Control,Rain,Daylight,Wet,Non-Fatal Injury,Pedestrian Collisions,Driver,60 to 64,None,,West,"Automobile, Station Wagon",Going Ahead,Driving Properly,Normal,,,,,,,Yes,,Yes,,,,,,,,,,,27,York University Heights,27,York University Heights (27),D31,621203.4807,4848726.4746
13060,80632281,,10/27/2016 8:00:00 AM,1506,STEELES AV W,KEELE ST,50 m East of,Major Arterial,North York,43.78168,-79.49377,Non Intersection,No Control,Rain,Daylight,Wet,Non-Fatal Injury,Pedestrian Collisions,Pedestrian,25 to 29,Major,,South,,,,,Pedestrian hit at mid-block,Running onto Roadway,Inattentive,,,,Yes,,Yes,,,,,,,,,,,27,York University Heights,27,York University Heights (27),D31,621203.4807,4848726.4746
13061,80566372,,10/27/2016 8:00:00 AM,1549,CHERRY ST,POLSON ST,,Collector,Toronto and East York,43.641406,-79.349178,Overpass or Bridge,No Control,Rain,Daylight,Wet,Fatal,SMV Other,Driver,50 to 54,Fatal,66,North,"Automobile, Station Wagon",Going Ahead,Lost control,Unknown,,,,,,,,,Yes,,,,,,Yes,Yes,,,,70,South Riverdale,70,South Riverdale (70),NSA,633148.9062,4833368.8929
13062,80632282,,10/27/2016 8:00:00 AM,1840,LESLIE ST,LAWRENCE AVE E,,Major Arterial,North York,43.734465,-79.355937,At Intersection,Traffic Signal,Rain,"Dark, artificial",Wet,Non-Fatal Injury,Pedestrian Collisions,Driver,85 to 89,None,,East,"Automobile, Station Wagon",Turning Left,Failed to Yield Right of Way,Inattentive,,,,,,,Yes,,Yes,,,,,,,Yes,,,,42,Banbury-Don Mills,42,Banbury-Don Mills (42),D33,632398.8394,4843693.5633
13063,80632283,,10/27/2016 8:00:00 AM,1840,LESLIE ST,LAWRENCE AVE E,,Major Arterial,North York,43.734465,-79.355937,At Intersection,Traffic Signal,Rain,"Dark, artificial",Wet,Non-Fatal Injury,Pedestrian Collisions,Pedestrian,65 to 69,Major,,East,,,,,Vehicle turns left while ped crosses with ROW at inter.,Crossing with right of way,Normal,,,,Yes,,Yes,,,,,,,Yes,,,,42,Banbury-Don Mills,42,Banbury-Don Mills (42),D33,632398.8394,4843693.5633
13064,80720900,,10/29/2016 8:00:00 AM,1825,LAWRENCE AVE W,CHATSWORTH DR,20 m East of,Major Arterial,North York,43.723117,-79.411304,Intersection Related,No Control,Clear,"Dark, artificial",Dry,Non-Fatal Injury,Turning Movement,Driver,70 to 74,None,,East,"Automobile, Station Wagon",Making U Turn,Improper Turn,Inattentive,,,,,,,,,Yes,Yes,,,,,,,,,,103,Lawrence Park South,103,Lawrence Park South (103),D53,627964.1728,4842346.2209
13065,80721090,,10/29/2016 8:00:00 AM,1825,LAWRENCE AVE W,CHATSWORTH DR,20 m East of,Major Arterial,North York,43.723117,-79.411304,Intersection Related,No Control,Clear,"Dark, artificial",Dry,Non-Fatal Injury,Turning Movement,Motorcycle Driver,50 to 54,Major,,East,Motorcycle,Going Ahead,Driving Properly,Normal,,,,,,,,,Yes,Yes,,,,,,,,,,103,Lawrence Park South,103,Lawrence Park South (103),D53,627964.1728,4842346.2209
13066,80565930,,10/30/2016 8:00:00 AM,227,PHARMACY AVE,EGLINTON AVE E,,Major Arterial,Scarborough,43.725642,-79.297504,Intersection Related,No Control,Clear,Dark,Dry,Fatal,SMV Other,Driver,30 to 34,Fatal,67,North,"Automobile, Station Wagon",Going Ahead,Lost control,Had Been Drinking,,,,,,,,,Yes,,,,,,Yes,Yes,,,,120,Clairlea-Birchmount,120,Clairlea-Birchmount (120),D41,637124.7212,4842808.6721
13067,80566412,,10/31/2016 8:00:00 AM,257,F G GARDINER XY  E,JAMESON AVE,,,Toronto and East York,43.633078,-79.435222,Non Intersection,No Control,Clear,Dark,Dry,Fatal,SMV Other,Driver,25 to 29,Fatal,68,East,"Automobile, Station Wagon",Going Ahead,Lost control,Unknown,,,,,,,,,Yes,,,,,,Yes,Yes,,,,85,South Parkdale,85,South Parkdale (85),D14,626226.2957,4832309.5235
13068,80721636,,10/31/2016 8:00:00 AM,2035,LAWRENCE AVE E,DON MILLS RD,45 m West of,Major Arterial,North York,43.73693,-79.344211,Non Intersection,No Control,Clear,"Dark, artificial",Dry,Non-Fatal Injury,Pedestrian Collisions,Driver,40 to 44,Minimal,,West,"Automobile, Station Wagon",Going Ahead,Exceeding Speed Limit,Inattentive,,,,,,,Yes,,Yes,,,,,Yes,Yes,Yes,,Yes,,42,Banbury-Don Mills,42,Banbury-Don Mills (42),D33,633337.6902,4843986.1423
13069,80721637,,10/31/2016 8:00:00 AM,2035,LAWRENCE AVE E,DON MILLS RD,45 m West of,Major Arterial,North York,43.73693,-79.344211,Non Intersection,No Control,Clear,"Dark, artificial",Dry,Non-Fatal Injury,Pedestrian Collisions,Driver,35 to 39,Minimal,,West,"Automobile, Station Wagon",Going Ahead,Driving Properly,"Ability Impaired, Alcohol Over .08",,,,,,,Yes,,Yes,,,,,Yes,Yes,Yes,,Yes,,42,Banbury-Don Mills,42,Banbury-Don Mills (42),D33,633337.6902,4843986.1423
13070,80721638,,10/31/2016 8:00:00 AM,2035,LAWRENCE AVE E,DON MILLS RD,45 m West of,Major Arterial,North York,43.73693,-79.344211,Non Intersection,No Control,Clear,"Dark, artificial",Dry,Non-Fatal Injury,Pedestrian Collisions,Driver,40 to 44,Minimal,,West,"Automobile, Station Wagon",Going Ahead,Driving Properly,Normal,,,,,,,Yes,,Yes,,,,,Yes,Yes,Yes,,Yes,,42,Banbury-Don Mills,42,Banbury-Don Mills (42),D33,633337.6902,4843986.1423
13071,80721639,,10/31/2016 8:00:00 AM,2035,LAWRENCE AVE E,DON MILLS RD,45 m West of,Major Arterial,North York,43.73693,-79.344211,Non Intersection,No Control,Clear,"Dark, artificial",Dry,Non-Fatal Injury,Pedestrian Collisions,Passenger,5 to 9,Minimal,,,,,,,,,,,,,Yes,,Yes,,,,,Yes,Yes,Yes,,Yes,,42,Banbury-Don Mills,42,Banbury-Don Mills (42),D33,633337.6902,4843986.1423
13072,80721640,,10/31/2016 8:00:00 AM,2035,LAWRENCE AVE E,DON MILLS RD,45 m West of,Major Arterial,North York,43.73693,-79.344211,Non Intersection,No Control,Clear,"Dark, artificial",Dry,Non-Fatal Injury,Pedestrian Collisions,Passenger,5 to 9,Minimal,,,,,,,,,,,,,Yes,,Yes,,,,,Yes,Yes,Yes,,Yes,,42,Banbury-Don Mills,42,Banbury-Don Mills (42),D33,633337.6902,4843986.1423
13073,80721641,,10/31/2016 8:00:00 AM,2035,LAWRENCE AVE E,DON MILLS RD,45 m West of,Major Arterial,North York,43.73693,-79.344211,Non Intersection,No Control,Clear,"Dark, artificial",Dry,Non-Fatal Injury,Pedestrian Collisions,Pedestrian,10 to 14,Major,,Unknown,,,,,Pedestrian hit on sidewalk or shoulder,On Sidewalk or Shoulder,Normal,,,,Yes,,Yes,,,,,Yes,Yes,Yes,,Yes,,42,Banbury-Don Mills,42,Banbury-Don Mills (42),D33,633337.6902,4843986.1423
13074,80721642,,10/31/2016 8:00:00 AM,2035,LAWRENCE AVE E,DON MILLS RD,45 m West of,Major Arterial,North York,43.73693,-79.344211,Non Intersection,No Control,Clear,"Dark, artificial",Dry,Non-Fatal Injury,Pedestrian Collisions,Pedestrian,10 to 14,Major,,Unknown,,,,,Pedestrian hit on sidewalk or shoulder,On Sidewalk or Shoulder,Normal,,,,Yes,,Yes,,,,,Yes,Yes,Yes,,Yes,,42,Banbury-Don Mills,42,Banbury-Don Mills (42),D33,633337.6902,4843986.1423
13075,80721643,,10/31/2016 8:00:00 AM,2035,LAWRENCE AVE E,DON MILLS RD,45 m West of,Major Arterial,North York,43.73693,-79.344211,Non Intersection,No Control,Clear,"Dark, artificial",Dry,Non-Fatal Injury,Pedestrian Collisions,Pedestrian,10 to 14,Minor,,Unknown,,,,,Pedestrian hit on sidewalk or shoulder,On Sidewalk or Shoulder,Normal,,,,Yes,,Yes,,,,,Yes,Yes,Yes,,Yes,,42,Banbury-Don Mills,42,Banbury-Don Mills (42),D33,633337.6902,4843986.1423
13076,80721784,,11/1/2016 8:00:00 AM,1300,KIPLING AVE,JUTLAND RD,,Major Arterial,Etobicoke York,43.626231,-79.528804,At Intersection,Stop Sign,Clear,Daylight,Dry,Non-Fatal Injury,Turning Movement,Driver,40 to 44,None,,West,"Automobile, Station Wagon",Turning Left,Failed to Yield Right of Way,Inattentive,,,,,,,,,Yes,Yes,,,,,,Yes,,,,159,Etobicoke City Centre,14,Islington-City Centre West (14),D22,618690.7051,4831411.0369
13077,80721785,,11/1/2016 8:00:00 AM,1300,KIPLING AVE,JUTLAND RD,,Major Arterial,Etobicoke York,43.626231,-79.528804,At Intersection,Stop Sign,Clear,Daylight,Dry,Non-Fatal Injury,Turning Movement,Motorcycle Driver,50 to 54,Major,,North,Motorcycle,Going Ahead,Driving Properly,Normal,,,,,,,,,Yes,Yes,,,,,,Yes,,,,159,Etobicoke City Centre,14,Islington-City Centre West (14),D22,618690.7051,4831411.0369
13078,80781676,,11/1/2016 8:00:00 AM,2100,BAYVIEW AVE,HEATHCOTE AVE,100 m North ,Major Arterial,North York,43.753062,-79.385135,Non Intersection,No Control,Clear,"Dark, artificial",Dry,Non-Fatal Injury,Turning Movement,Driver,20 to 24,Major,,South,"Automobile, Station Wagon",Turning Left,Improper Turn,Unknown,,,,,,,,,Yes,,,,,,,,,,,40,St.Andrew-Windfields,40,St.Andrew-Windfields (40),D33,630007.1953,4845712.7927
13079,80781677,,11/1/2016 8:00:00 AM,2100,BAYVIEW AVE,HEATHCOTE AVE,100 m North ,Major Arterial,North York,43.753062,-79.385135,Non Intersection,No Control,Clear,"Dark, artificial",Dry,Non-Fatal Injury,Turning Movement,Driver,50 to 54,Minor,,North,"Automobile, Station Wagon",Going Ahead,Driving Properly,Normal,,,,,,,,,Yes,,,,,,,,,,,40,St.Andrew-Windfields,40,St.Andrew-Windfields (40),D33,630007.1953,4845712.7927
13080,80566371,,11/2/2016 8:00:00 AM,1948,486 COLLEGE ST,,,Major Arterial,Toronto and East York,43.656096,-79.409488,Non Intersection,No Control,Rain,"Dark, artificial",Wet,Fatal,Pedestrian Collisions,Pedestrian,65 to 69,Fatal,69,North,,,,,Pedestrian hit at mid-block,"Crossing, no Traffic Control",Inattentive,,,,Yes,,Yes,,,,,,,,,,,81,Trinity-Bellwoods,81,Trinity-Bellwoods (81),D14,628253.2149,4834905.4231
13081,80566414,,11/2/2016 8:00:00 AM,1948,486 COLLEGE ST,,,Major Arterial,Toronto and East York,43.656096,-79.409488,Non Intersection,No Control,Rain,"Dark, artificial",Wet,Fatal,Pedestrian Collisions,Driver,30 to 34,None,,East,"Automobile, Station Wagon",Going Ahead,Driving Properly,Normal,,,,,,,Yes,,Yes,,,,,,,,,,,81,Trinity-Bellwoods,81,Trinity-Bellwoods (81),D14,628253.2149,4834905.4231
13082,80566415,,11/2/2016 8:00:00 AM,1948,486 COLLEGE ST,,,Major Arterial,Toronto and East York,43.656096,-79.409488,Non Intersection,No Control,Rain,"Dark, artificial",Wet,Fatal,Pedestrian Collisions,Pedestrian,60 to 64,Minor,,North,,,,,Pedestrian hit at mid-block,"Crossing, no Traffic Control",Normal,,,,Yes,,Yes,,,,,,,,,,,81,Trinity-Bellwoods,81,Trinity-Bellwoods (81),D14,628253.2149,4834905.4231
13083,80566634,,11/2/2016 8:00:00 AM,1948,486 COLLEGE ST,,,Major Arterial,Toronto and East York,43.656096,-79.409488,Non Intersection,No Control,Rain,"Dark, artificial",Wet,Fatal,Pedestrian Collisions,Driver,45 to 49,None,,West,Passenger Van,Going Ahead,Driving Properly,Normal,,,,,,,Yes,,Yes,,,,,,,,,,,81,Trinity-Bellwoods,81,Trinity-Bellwoods (81),D14,628253.2149,4834905.4231
13084,80721581,,11/3/2016 8:00:00 AM,226,F G GARDINER XY  E,CHERRY ST,,,Toronto and East York,43.648909,-79.3549,Non Intersection,No Control,Clear,"Dark, artificial",Dry,Non-Fatal Injury,SMV Other,Motorcycle Driver,20 to 24,Major,,East,Motorcycle,Going Ahead,Lost control,Inattentive,,,,,,,,,,Yes,,,,Yes,,,,,,166,St Lawrence-East Bayfront-The Islands,77,Waterfront Communities-The Island (77),D51,632670.8685,4834193.0355
13085,80721582,,11/3/2016 8:00:00 AM,226,F G GARDINER XY  E,CHERRY ST,,,Toronto and East York,43.648909,-79.3549,Non Intersection,No Control,Clear,"Dark, artificial",Dry,Non-Fatal Injury,SMV Other,Motorcycle Passenger,20 to 24,Minor,,,,,,,,,,,,,,,,Yes,,,,Yes,,,,,,166,St Lawrence-East Bayfront-The Islands,77,Waterfront Communities-The Island (77),D51,632670.8685,4834193.0355
13086,80632296,,11/3/2016 8:00:00 AM,1507,PARLIAMENT ST,WELLESLEY ST E,,Minor Arterial,Toronto and East York,43.668101,-79.369525,At Intersection,Traffic Signal,Clear,Daylight,Dry,Non-Fatal Injury,Cyclist Collisions,Truck Driver,40 to 44,None,,South,Truck - Dump,Turning Right,Improper Turn,Inattentive,,,,,,,,Yes,,,Yes,,,,,,,,,71,Cabbagetown-South St.James Town,71,Cabbagetown-South St.James Town (71),D51,631449.5201,4836301.2848
13087,80632297,,11/3/2016 8:00:00 AM,1507,PARLIAMENT ST,WELLESLEY ST E,,Minor Arterial,Toronto and East York,43.668101,-79.369525,At Intersection,Traffic Signal,Clear,Daylight,Dry,Non-Fatal Injury,Cyclist Collisions,Cyclist,25 to 29,Major,,South,Bicycle,Stopped,,,,,,Motorist turning right on red at signalized intersection strikes cyclist.,Other,Inattentive,,Yes,,,Yes,,,,,,,,,71,Cabbagetown-South St.James Town,71,Cabbagetown-South St.James Town (71),D51,631449.5201,4836301.2848
13088,80632298,,11/3/2016 8:00:00 AM,1815,LAWRENCE AVE E,GREENHOLM CRCT,,Major Arterial,Scarborough,43.760241,-79.222949,At Intersection,No Control,Clear,"Dusk, artificial",Dry,Non-Fatal Injury,Pedestrian Collisions,Driver,70 to 74,None,,East,"Automobile, Station Wagon",Going Ahead,Driving Properly,Normal,,,,,,,Yes,,Yes,,,,,,,,,,,141,Golfdale-Cedarbrae-Woburn,137,Woburn (137),D43,643047.2704,4846777.4899
13089,80632299,,11/3/2016 8:00:00 AM,1815,LAWRENCE AVE E,GREENHOLM CRCT,,Major Arterial,Scarborough,43.760241,-79.222949,At Intersection,No Control,Clear,"Dusk, artificial",Dry,Non-Fatal Injury,Pedestrian Collisions,Pedestrian,60 to 64,Major,,South,,,,,Pedestrian hit at mid-block,Crossing marked crosswalk without ROW,Had Been Drinking,,,,Yes,,Yes,,,,,,,,,,,141,Golfdale-Cedarbrae-Woburn,137,Woburn (137),D43,643047.2704,4846777.4899
13090,80721580,,11/3/2016 8:00:00 AM,2201,401 W ALLEN YORKDALE RAMP,YORKDALE RD,20 m East of,Minor Arterial,North York,43.727496,-79.449474,Intersection Related,Traffic Signal,Clear,Dark,Dry,Non-Fatal Injury,SMV Other,Driver,20 to 24,Major,,South,"Automobile, Station Wagon",Going Ahead,Lost control,Unknown,,,,,,,,,Yes,,,,,,,,,,,31,Yorkdale-Glen Park,31,Yorkdale-Glen Park (31),D32,624880.5791,4842774.3425