OBJECTID,INDEX,ACCNUM,DATE,TIME,STREET1,STREET2,OFFSET,ROAD_CLASS,DISTRICT,LATITUDE,LONGITUDE,ACCLOC,TRAFFCTL,VISIBILITY,LIGHT,RDSFCOND,ACCLASS,IMPACTYPE,INVTYPE,INVAGE,INJURY,FATAL_NO,INITDIR,VEHTYPE,MANOEUVER,DRIVACT,DRIVCOND,PEDTYPE,PEDACT,PEDCOND,CYCLISTYPE,CYCACT,CYCCOND,PEDESTRIAN,CYCLIST,AUTOMOBILE,MOTORCYCLE,TRUCK,TRSN_CITY_VEH,EMERG_VEH,PASSENGER,SPEEDING,AG_DRIV,REDLIGHT,ALCOHOL,DISABILITY,HOOD_158,NEIGHBOURHOOD_158,HOOD_140,NEIGHBOURHOOD_140,DIVISION,x,y
13091,80721937,,11/5/2016 8:00:00 AM,32,BRUYERES  MEWS,IANNUZZI  ST,40 m West of,Pending,Toronto and East York,43.637377,-79.401897,Non Intersection,No Control,Clear,Dark,Dry,Non-Fatal Injury,Turning Movement,Driver,20 to 24,None,,West,"Automobile, Station Wagon",Going Ahead,Disobeyed Traffic Control,Unknown,,,,,,,,,Yes,,,,,Yes,Yes,Yes,,,,163,Fort York-Liberty Village,82,Niagara (82),D14,628905.3662,4832838.196
13092,80721938,,11/5/2016 8:00:00 AM,32,BRUYERES  MEWS,IANNUZZI  ST,40 m West of,Pending,Toronto and East York,43.637377,-79.401897,Non Intersection,No Control,Clear,Dark,Dry,Non-Fatal Injury,Turning Movement,Driver,30 to 34,None,,West,Pick Up Truck,Making U Turn,Driving Properly,Normal,,,,,,,,,Yes,,,,,Yes,Yes,Yes,,,,163,Fort York-Liberty Village,82,Niagara (82),D14,628905.3662,4832838.196
13093,80721939,,11/5/2016 8:00:00 AM,32,BRUYERES  MEWS,IANNUZZI  ST,40 m West of,Pending,Toronto and East York,43.637377,-79.401897,Non Intersection,No Control,Clear,Dark,Dry,Non-Fatal Injury,Turning Movement,Driver,50 to 54,None,,East,"Automobile, Station Wagon",Stopped,Driving Properly,Normal,,,,,,,,,Yes,,,,,Yes,Yes,Yes,,,,163,Fort York-Liberty Village,82,Niagara (82),D14,628905.3662,4832838.196
13094,80721940,,11/5/2016 8:00:00 AM,32,BRUYERES  MEWS,IANNUZZI  ST,40 m West of,Pending,Toronto and East York,43.637377,-79.401897,Non Intersection,No Control,Clear,Dark,Dry,Non-Fatal Injury,Turning Movement,Passenger,20 to 24,Major,,,,,,,,,,,,,,,Yes,,,,,Yes,Yes,Yes,,,,163,Fort York-Liberty Village,82,Niagara (82),D14,628905.3662,4832838.196
13095,80566416,,11/6/2016 9:00:00 AM,1155,BLOOR ST W,GRENVIEW BLVD N,,Major Arterial,Etobicoke York,43.648158,-79.507747,At Intersection,Stop Sign,Clear,Daylight,Dry,Fatal,Pedestrian Collisions,Pedestrian,Over 95,Fatal,70,East,,,,,Vehicle turns right while ped crosses with ROW at inter.,Crossing with right of way,Other,,,,Yes,,Yes,,,,,,,Yes,,,,16,Stonegate-Queensway,16,Stonegate-Queensway (16),D22,620345.7419,4833876.624
13096,80566417,,11/6/2016 9:00:00 AM,1155,BLOOR ST W,GRENVIEW BLVD N,,Major Arterial,Etobicoke York,43.648158,-79.507747,At Intersection,Stop Sign,Clear,Daylight,Dry,Fatal,Pedestrian Collisions,Driver,25 to 29,None,,South,Pick Up Truck,Turning Right,Failed to Yield Right of Way,Normal,,,,,,,Yes,,Yes,,,,,,,Yes,,,,16,Stonegate-Queensway,16,Stonegate-Queensway (16),D22,620345.7419,4833876.624
13097,80722426,,11/6/2016 9:00:00 AM,1900,MARKHAM RD,ROSEBANK DR,25 m West of,Major Arterial,Scarborough,43.791438,-79.237788,Intersection Related,No Control,Clear,"Dark, artificial",Dry,Non-Fatal Injury,Pedestrian Collisions,Driver,75 to 79,None,,South,Passenger Van,Going Ahead,Driving Properly,Normal,,,,,,,Yes,,Yes,,,,,,,,,,,146,Malvern East,132,Malvern (132),D42,641779.0096,4850216.8823
13098,80722427,,11/6/2016 9:00:00 AM,1900,MARKHAM RD,ROSEBANK DR,25 m West of,Major Arterial,Scarborough,43.791438,-79.237788,Intersection Related,No Control,Clear,"Dark, artificial",Dry,Non-Fatal Injury,Pedestrian Collisions,Other,50 to 54,None,,,,,,,,,,,,,Yes,,Yes,,,,,,,,,,,146,Malvern East,132,Malvern (132),D42,641779.0096,4850216.8823
13099,80722428,,11/6/2016 9:00:00 AM,1900,MARKHAM RD,ROSEBANK DR,25 m West of,Major Arterial,Scarborough,43.791438,-79.237788,Intersection Related,No Control,Clear,"Dark, artificial",Dry,Non-Fatal Injury,Pedestrian Collisions,Pedestrian,70 to 74,Major,,West,,,,,Pedestrian hit at mid-block,"Crossing, no Traffic Control",Inattentive,,,,Yes,,Yes,,,,,,,,,,,146,Malvern East,132,Malvern (132),D42,641779.0096,4850216.8823
13100,80722569,,11/7/2016 10:00:00 AM,805,ANCASTER RD,REGENT RD,,Local,North York,43.731738,-79.465846,At Intersection,No Control,Clear,Daylight,Dry,Non-Fatal Injury,Turning Movement,Driver,35 to 39,Minor,,South,"Automobile, Station Wagon",Turning Left,Failed to Yield Right of Way,Inattentive,,,,,,,,,Yes,,,,,Yes,,Yes,,,,155,Downsview,26,Downsview-Roding-CFB (26),D32,623553.2316,4843220.9356
13101,80722570,,11/7/2016 10:00:00 AM,805,ANCASTER RD,REGENT RD,,Local,North York,43.731738,-79.465846,At Intersection,No Control,Clear,Daylight,Dry,Non-Fatal Injury,Turning Movement,Driver,30 to 34,Minor,,North,"Automobile, Station Wagon",Going Ahead,Driving Properly,Normal,,,,,,,,,Yes,,,,,Yes,,Yes,,,,155,Downsview,26,Downsview-Roding-CFB (26),D32,623553.2316,4843220.9356
13102,80722571,,11/7/2016 10:00:00 AM,805,ANCASTER RD,REGENT RD,,Local,North York,43.731738,-79.465846,At Intersection,No Control,Clear,Daylight,Dry,Non-Fatal Injury,Turning Movement,Passenger,0 to 4,Major,,,,,,,,,,,,,,,Yes,,,,,Yes,,Yes,,,,155,Downsview,26,Downsview-Roding-CFB (26),D32,623553.2316,4843220.9356
13103,80632315,,11/7/2016 10:00:00 AM,935,AVENUE RD,ROXBOROUGH ST W,,Major Arterial,Toronto and East York,43.676688,-79.397388,At Intersection,No Control,Clear,Daylight,Dry,Non-Fatal Injury,Pedestrian Collisions,Driver,55 to 59,None,,South,"Automobile, Station Wagon",Turning Left,Failed to Yield Right of Way,Inattentive,,,,,,,Yes,,Yes,,,,,Yes,,Yes,,,,95,Annex,95,Annex (95),D53,629184.7457,4837211.2136
13104,80632316,,11/7/2016 10:00:00 AM,935,AVENUE RD,ROXBOROUGH ST W,,Major Arterial,Toronto and East York,43.676688,-79.397388,At Intersection,No Control,Clear,Daylight,Dry,Non-Fatal Injury,Pedestrian Collisions,Driver,50 to 54,Minor,,North,"Automobile, Station Wagon",Going Ahead,Driving Properly,Normal,,,,,,,Yes,,Yes,,,,,Yes,,Yes,,,,95,Annex,95,Annex (95),D53,629184.7457,4837211.2136
13105,80632317,,11/7/2016 10:00:00 AM,935,AVENUE RD,ROXBOROUGH ST W,,Major Arterial,Toronto and East York,43.676688,-79.397388,At Intersection,No Control,Clear,Daylight,Dry,Non-Fatal Injury,Pedestrian Collisions,Passenger,55 to 59,Minor,,,"Automobile, Station Wagon",,,,,,,,,,Yes,,Yes,,,,,Yes,,Yes,,,,95,Annex,95,Annex (95),D53,629184.7457,4837211.2136
13106,80632318,,11/7/2016 10:00:00 AM,935,AVENUE RD,ROXBOROUGH ST W,,Major Arterial,Toronto and East York,43.676688,-79.397388,At Intersection,No Control,Clear,Daylight,Dry,Non-Fatal Injury,Pedestrian Collisions,Pedestrian,25 to 29,Major,,Unknown,,,,,Pedestrian hit on sidewalk or shoulder,,Unknown,,,,Yes,,Yes,,,,,Yes,,Yes,,,,95,Annex,95,Annex (95),D53,629184.7457,4837211.2136
13107,80721812,,11/7/2016 10:00:00 AM,1911,ISLINGTON AVE,CORDOVA AVE,50 m South o,Major Arterial,Etobicoke York,43.647818,-79.524829,Non Intersection,No Control,Clear,Dark,Dry,Non-Fatal Injury,Pedestrian Collisions,Driver,40 to 44,None,,North,"Automobile, Station Wagon",Going Ahead,Driving Properly,Normal,,,,,,,Yes,,Yes,,,,,Yes,,,,,,158,Islington,14,Islington-City Centre West (14),D22,618968.7894,4833814.2336
13108,80721813,,11/7/2016 10:00:00 AM,1911,ISLINGTON AVE,CORDOVA AVE,50 m South o,Major Arterial,Etobicoke York,43.647818,-79.524829,Non Intersection,No Control,Clear,Dark,Dry,Non-Fatal Injury,Pedestrian Collisions,Driver,50 to 54,None,,South,Pick Up Truck,Going Ahead,Driving Properly,Normal,,,,,,,Yes,,Yes,,,,,Yes,,,,,,158,Islington,14,Islington-City Centre West (14),D22,618968.7894,4833814.2336
13109,80721814,,11/7/2016 10:00:00 AM,1911,ISLINGTON AVE,CORDOVA AVE,50 m South o,Major Arterial,Etobicoke York,43.647818,-79.524829,Non Intersection,No Control,Clear,Dark,Dry,Non-Fatal Injury,Pedestrian Collisions,Driver,45 to 49,None,,North,"Automobile, Station Wagon",Going Ahead,Driving Properly,Normal,,,,,,,Yes,,Yes,,,,,Yes,,,,,,158,Islington,14,Islington-City Centre West (14),D22,618968.7894,4833814.2336
13110,80721815,,11/7/2016 10:00:00 AM,1911,ISLINGTON AVE,CORDOVA AVE,50 m South o,Major Arterial,Etobicoke York,43.647818,-79.524829,Non Intersection,No Control,Clear,Dark,Dry,Non-Fatal Injury,Pedestrian Collisions,Driver,30 to 34,None,,North,"Automobile, Station Wagon",Going Ahead,Driving Properly,Normal,,,,,,,Yes,,Yes,,,,,Yes,,,,,,158,Islington,14,Islington-City Centre West (14),D22,618968.7894,4833814.2336
13111,80721816,,11/7/2016 10:00:00 AM,1911,ISLINGTON AVE,CORDOVA AVE,50 m South o,Major Arterial,Etobicoke York,43.647818,-79.524829,Non Intersection,No Control,Clear,Dark,Dry,Non-Fatal Injury,Pedestrian Collisions,Pedestrian,50 to 54,Major,,Unknown,,,,,Pedestrian hit at mid-block,"Crossing, no Traffic Control",Normal,,,,Yes,,Yes,,,,,Yes,,,,,,158,Islington,14,Islington-City Centre West (14),D22,618968.7894,4833814.2336
13112,80721817,,11/7/2016 10:00:00 AM,1911,ISLINGTON AVE,CORDOVA AVE,50 m South o,Major Arterial,Etobicoke York,43.647818,-79.524829,Non Intersection,No Control,Clear,Dark,Dry,Non-Fatal Injury,Pedestrian Collisions,Passenger,10 to 14,None,,,,,,,,,,,,,Yes,,Yes,,,,,Yes,,,,,,158,Islington,14,Islington-City Centre West (14),D22,618968.7894,4833814.2336
13113,80721818,,11/7/2016 10:00:00 AM,1911,ISLINGTON AVE,CORDOVA AVE,50 m South o,Major Arterial,Etobicoke York,43.647818,-79.524829,Non Intersection,No Control,Clear,Dark,Dry,Non-Fatal Injury,Pedestrian Collisions,Passenger,5 to 9,None,,,,,,,,,,,,,Yes,,Yes,,,,,Yes,,,,,,158,Islington,14,Islington-City Centre West (14),D22,618968.7894,4833814.2336
13114,80632326,,11/8/2016 10:00:00 AM,1833,ISLINGTON AVE,SUMMITCREST DR,,Major Arterial,Etobicoke York,43.683188,-79.540462,At Intersection,Traffic Signal,Rain,"Dark, artificial",Wet,Non-Fatal Injury,Pedestrian Collisions,Driver,65 to 69,None,,East,"Automobile, Station Wagon",Turning Left,Failed to Yield Right of Way,Inattentive,,,,,,,Yes,,Yes,,,,,,,Yes,,,,7,Willowridge-Martingrove-Richview,7,Willowridge-Martingrove-Richview (7),D23,617638.9106,4837720.2403
13115,80632327,,11/8/2016 10:00:00 AM,1833,ISLINGTON AVE,SUMMITCREST DR,,Major Arterial,Etobicoke York,43.683188,-79.540462,At Intersection,Traffic Signal,Rain,"Dark, artificial",Wet,Non-Fatal Injury,Pedestrian Collisions,Pedestrian,15 to 19,Major,,East,,,,,Vehicle turns left while ped crosses with ROW at inter.,Crossing with right of way,Normal,,,,Yes,,Yes,,,,,,,Yes,,,,7,Willowridge-Martingrove-Richview,7,Willowridge-Martingrove-Richview (7),D23,617638.9106,4837720.2403
13116,80290628,,11/10/2016 10:00:00 AM,1732,BRIMLEY RD,GAGE AVE,,Major Arterial,Scarborough,43.750491,-79.254108,Non Intersection,No Control,Clear,"Dark, artificial",Dry,Fatal,Pedestrian Collisions,Driver,70 to 74,Minimal,,South,Passenger Van,Going Ahead,Driving Properly,Normal,,,,,,,Yes,,Yes,,,,,,,,,,,157,Bendale South,127,Bendale (127),D41,640561.862,4845641.2523
13117,80566422,,11/10/2016 10:00:00 AM,1732,BRIMLEY RD,GAGE AVE,,Major Arterial,Scarborough,43.750491,-79.254108,Non Intersection,No Control,Clear,"Dark, artificial",Dry,Fatal,Pedestrian Collisions,Pedestrian,60 to 64,Fatal,71,West,,,,,Pedestrian hit at mid-block,"Crossing, no Traffic Control",Inattentive,,,,Yes,,Yes,,,,,,,,,,,157,Bendale South,127,Bendale (127),D41,640561.862,4845641.2523
13118,80566423,,11/10/2016 10:00:00 AM,1732,BRIMLEY RD,GAGE AVE,,Major Arterial,Scarborough,43.750491,-79.254108,Non Intersection,No Control,Clear,"Dark, artificial",Dry,Fatal,Pedestrian Collisions,Pedestrian,65 to 69,Major,,West,,,,,Pedestrian hit at mid-block,"Crossing, no Traffic Control",Unknown,,,,Yes,,Yes,,,,,,,,,,,157,Bendale South,127,Bendale (127),D41,640561.862,4845641.2523
13119,80632328,,11/12/2016 10:00:00 AM,1241,WILLOWDALE AVE,ABITIBI AVE,,Minor Arterial,North York,43.797526,-79.413745,At Intersection,Traffic Signal,Clear,Daylight,Dry,Non-Fatal Injury,Turning Movement,Driver,50 to 54,None,,South,"Automobile, Station Wagon",Turning Left,Failed to Yield Right of Way,Inattentive,,,,,,,,,Yes,Yes,,,,,,Yes,,,,50,Newtonbrook East,50,Newtonbrook East (50),D32,627609.2692,4850606.6912
13120,80632329,,11/12/2016 10:00:00 AM,1241,WILLOWDALE AVE,ABITIBI AVE,,Minor Arterial,North York,43.797526,-79.413745,At Intersection,Traffic Signal,Clear,Daylight,Dry,Non-Fatal Injury,Turning Movement,Motorcycle Driver,55 to 59,Major,,North,Motorcycle,Going Ahead,Driving Properly,Normal,,,,,,,,,Yes,Yes,,,,,,Yes,,,,50,Newtonbrook East,50,Newtonbrook East (50),D32,627609.2692,4850606.6912
13121,80722541,,11/13/2016 10:00:00 AM,2225,SHEPPARD AVE W,ARLETA AVE,,Major Arterial,Etobicoke York,43.741427,-79.50146,At Intersection,Traffic Signal,Clear,"Dark, artificial",Dry,Non-Fatal Injury,Turning Movement,Driver,25 to 29,None,,North,"Automobile, Station Wagon",Turning Left,Failed to Yield Right of Way,Inattentive,,,,,,,,,Yes,Yes,,,,,Yes,Yes,,,,25,Glenfield-Jane Heights,25,Glenfield-Jane Heights (25),D31,620665.5693,4844244.5524
13122,80722594,,11/13/2016 10:00:00 AM,2225,SHEPPARD AVE W,ARLETA AVE,,Major Arterial,Etobicoke York,43.741427,-79.50146,At Intersection,Traffic Signal,Clear,"Dark, artificial",Dry,Non-Fatal Injury,Turning Movement,Motorcycle Driver,45 to 49,Major,,West,Motorcycle,Going Ahead,Speed too Fast For Condition,Normal,,,,,,,,,Yes,Yes,,,,,Yes,Yes,,,,25,Glenfield-Jane Heights,25,Glenfield-Jane Heights (25),D31,620665.5693,4844244.5524
13123,80722595,,11/13/2016 10:00:00 AM,2225,SHEPPARD AVE W,ARLETA AVE,,Major Arterial,Etobicoke York,43.741427,-79.50146,At Intersection,Traffic Signal,Clear,"Dark, artificial",Dry,Non-Fatal Injury,Turning Movement,Driver,50 to 54,None,,West,"Automobile, Station Wagon",Going Ahead,Driving Properly,Normal,,,,,,,,,Yes,Yes,,,,,Yes,Yes,,,,25,Glenfield-Jane Heights,25,Glenfield-Jane Heights (25),D31,620665.5693,4844244.5524
13124,80566413,,11/14/2016 10:00:00 AM,814,ARAGON AVE,SHEPPARD AVE E,,Major Arterial,Scarborough,43.77949,-79.304355,At Intersection,Traffic Signal,Clear,Daylight,Dry,Fatal,Pedestrian Collisions,Driver,unknown,None,,North,Pick Up Truck,Turning Right,Failed to Yield Right of Way,Unknown,,,,,,,Yes,,Yes,,,,,,,Yes,,,,118,Tam O'Shanter-Sullivan,118,Tam O'Shanter-Sullivan (118),D42,636450.477,4848777.9941
13125,80566635,,11/14/2016 10:00:00 AM,814,ARAGON AVE,SHEPPARD AVE E,,Major Arterial,Scarborough,43.77949,-79.304355,At Intersection,Traffic Signal,Clear,Daylight,Dry,Fatal,Pedestrian Collisions,Pedestrian,75 to 79,Fatal,72,East,,,,,Vehicle turns right while ped crosses with ROW at inter.,Crossing with right of way,Normal,,,,Yes,,Yes,,,,,,,Yes,,,,118,Tam O'Shanter-Sullivan,118,Tam O'Shanter-Sullivan (118),D42,636450.477,4848777.9941
13126,80632335,,11/18/2016 10:00:00 AM,318,SHEPPARD AVE E,YONGE ST,,Major Arterial,North York,43.761435,-79.410892,At Intersection,Traffic Signal,Clear,"Dark, artificial",Dry,Non-Fatal Injury,Pedestrian Collisions,Driver,45 to 49,None,,North,Intercity Bus,Going Ahead,Driving Properly,Unknown,,,,,,,Yes,,,,,Yes,,,,,,,,153,Avondale,51,Willowdale East (51),D32,627915.7264,4846602.6341
13127,80632336,,11/18/2016 10:00:00 AM,318,SHEPPARD AVE E,YONGE ST,,Major Arterial,North York,43.761435,-79.410892,At Intersection,Traffic Signal,Clear,"Dark, artificial",Dry,Non-Fatal Injury,Pedestrian Collisions,Pedestrian,20 to 24,Major,,East,Intercity Bus,Going Ahead,,,Vehicle is going straight thru inter.while ped cross without ROW,Running onto Roadway,Inattentive,,,,Yes,,,,,Yes,,,,,,,,153,Avondale,51,Willowdale East (51),D32,627915.7264,4846602.6341
13128,80632337,,11/18/2016 10:00:00 AM,1354,BLOOR ST W,RENFORTH DR,10 m West of,Major Arterial,Etobicoke York,43.635283,-79.563747,Intersection Related,No Control,Clear,Daylight,Dry,Non-Fatal Injury,Pedestrian Collisions,Driver,20 to 24,None,,West,"Automobile, Station Wagon",Going Ahead,Driving Properly,Normal,,,,,,,Yes,,Yes,,,,,,,,,,,12,Markland Wood,12,Markland Wood (12),D22,615854.2168,4832367.0123
13129,80632338,,11/18/2016 10:00:00 AM,1354,BLOOR ST W,RENFORTH DR,10 m West of,Major Arterial,Etobicoke York,43.635283,-79.563747,Intersection Related,No Control,Clear,Daylight,Dry,Non-Fatal Injury,Pedestrian Collisions,Pedestrian,80 to 84,Major,,North,,Going Ahead,,,Vehicle is going straight thru inter.while ped cross without ROW,Crossing without right of way,Inattentive,,,,Yes,,Yes,,,,,,,,,,,12,Markland Wood,12,Markland Wood (12),D22,615854.2168,4832367.0123
13130,80768564,,11/19/2016 10:00:00 AM,1807,KENNEDY RD,MCNICOLL AVE,,Major Arterial,Scarborough,43.812064,-79.301906,At Intersection,Traffic Signal,Clear,"Dark, artificial",Dry,Non-Fatal Injury,Cyclist Collisions,Driver,70 to 74,None,,South,"Automobile, Station Wagon",Turning Left,Improper Turn,Inattentive,,,,,,,,Yes,Yes,,,,,,,,,,,130,Milliken,130,Milliken (130),D42,636573.3227,4852399.8949
13131,80768565,,11/19/2016 10:00:00 AM,1807,KENNEDY RD,MCNICOLL AVE,,Major Arterial,Scarborough,43.812064,-79.301906,At Intersection,Traffic Signal,Clear,"Dark, artificial",Dry,Non-Fatal Injury,Cyclist Collisions,Cyclist,55 to 59,Major,,South,Bicycle,Going Ahead,,,,,,Motorist turned left across cyclists path.,Driving Properly,Normal,,Yes,Yes,,,,,,,,,,,130,Milliken,130,Milliken (130),D42,636573.3227,4852399.8949
13132,80632339,,11/22/2016 10:00:00 AM,649,DEANS DR,WARDEN AVE,,Major Arterial,Scarborough,43.716109,-79.282733,At Intersection,Traffic Signal,Clear,"Dark, artificial",Wet,Non-Fatal Injury,Pedestrian Collisions,Driver,35 to 39,None,,East,"Automobile, Station Wagon",Turning Left,Improper Turn,Inattentive,,,,,,,Yes,,Yes,,,,,Yes,,,,,,120,Clairlea-Birchmount,120,Clairlea-Birchmount (120),D41,638336.3798,4841774.4414
13133,80632340,,11/22/2016 10:00:00 AM,649,DEANS DR,WARDEN AVE,,Major Arterial,Scarborough,43.716109,-79.282733,At Intersection,Traffic Signal,Clear,"Dark, artificial",Wet,Non-Fatal Injury,Pedestrian Collisions,Pedestrian,70 to 74,Major,,West,,,,,Vehicle turns left while ped crosses with ROW at inter.,Crossing with right of way,Normal,,,,Yes,,Yes,,,,,Yes,,,,,,120,Clairlea-Birchmount,120,Clairlea-Birchmount (120),D41,638336.3798,4841774.4414
13134,80632341,,11/22/2016 10:00:00 AM,649,DEANS DR,WARDEN AVE,,Major Arterial,Scarborough,43.716109,-79.282733,At Intersection,Traffic Signal,Clear,"Dark, artificial",Wet,Non-Fatal Injury,Pedestrian Collisions,Passenger,50 to 54,None,,,,,,,,,,,,,Yes,,Yes,,,,,Yes,,,,,,120,Clairlea-Birchmount,120,Clairlea-Birchmount (120),D41,638336.3798,4841774.4414
13135,80632342,,11/22/2016 10:00:00 AM,2040,MELROSE ST,GARROCH PL,,Local,Etobicoke York,43.618716,-79.506374,At Intersection,No Control,Clear,"Dark, artificial",Dry,Non-Fatal Injury,Pedestrian Collisions,Driver,25 to 29,None,,East,"Automobile, Station Wagon",Turning Left,Failed to Yield Right of Way,Inattentive,,,,,,,Yes,,Yes,,,,,,,Yes,,,,160,Mimico-Queensway,17,Mimico (includes Humber Bay Shores) (17),D22,620515.3051,4830608.7141
13136,80632343,,11/22/2016 10:00:00 AM,2040,MELROSE ST,GARROCH PL,,Local,Etobicoke York,43.618716,-79.506374,At Intersection,No Control,Clear,"Dark, artificial",Dry,Non-Fatal Injury,Pedestrian Collisions,Pedestrian,85 to 89,Major,,East,,,,,Vehicle turns left while ped crosses with ROW at inter.,Crossing with right of way,Normal,,,,Yes,,Yes,,,,,,,Yes,,,,160,Mimico-Queensway,17,Mimico (includes Humber Bay Shores) (17),D22,620515.3051,4830608.7141
13137,80723212,,11/23/2016 10:00:00 AM,1515,CENTENNIAL PARK BLVD,EGLINTON AVE W,,Major Arterial,Etobicoke York,43.65576,-79.598361,At Intersection,Traffic Signal,Clear,Daylight,Dry,Non-Fatal Injury,Turning Movement,Driver,55 to 59,None,,South,"Automobile, Station Wagon",Going Ahead,Driving Properly,Normal,,,,,,,,,Yes,,,,,,,,,,,11,Eringate-Centennial-West Deane,11,Eringate-Centennial-West Deane (11),D22,613023.6787,4834593.5125
13138,80723213,,11/23/2016 10:00:00 AM,1515,CENTENNIAL PARK BLVD,EGLINTON AVE W,,Major Arterial,Etobicoke York,43.65576,-79.598361,At Intersection,Traffic Signal,Clear,Daylight,Dry,Non-Fatal Injury,Turning Movement,Driver,20 to 24,Major,,South,"Automobile, Station Wagon",Going Ahead,Driving Properly,Normal,,,,,,,,,Yes,,,,,,,,,,,11,Eringate-Centennial-West Deane,11,Eringate-Centennial-West Deane (11),D22,613023.6787,4834593.5125
13139,80566636,,11/24/2016 10:00:00 AM,2010,300 GEORGE ST,,,Local,Toronto and East York,43.657778,-79.373676,At/Near Private Drive,No Control,Clear,Dark,Wet,Fatal,Pedestrian Collisions,Pedestrian,70 to 74,Fatal,73,Unknown,,,,,Pedestrian hit at private driveway,Other,Unknown,,,,Yes,,Yes,,,,,,,,,,,73,Moss Park,73,Moss Park (73),D51,631137.3358,4835148.2086
13140,80566637,,11/24/2016 10:00:00 AM,2010,300 GEORGE ST,,,Local,Toronto and East York,43.657778,-79.373676,At/Near Private Drive,No Control,Clear,Dark,Wet,Fatal,Pedestrian Collisions,Driver,35 to 39,None,,East,"Automobile, Station Wagon",Going Ahead,Other,Normal,,,,,,,Yes,,Yes,,,,,,,,,,,73,Moss Park,73,Moss Park (73),D51,631137.3358,4835148.2086
13141,80722731,,11/25/2016 10:00:00 AM,251,FINCH AVE E,MIDLAND AVE,,Major Arterial,Scarborough,43.803679,-79.28625,At Intersection,Traffic Signal,"Fog, Mist, Smoke, Dust","Dark, artificial",Wet,Non-Fatal Injury,Turning Movement,Driver,20 to 24,None,,West,"Automobile, Station Wagon",Going Ahead,Exceeding Speed Limit,Normal,,,,,,,,,Yes,,,,,Yes,Yes,Yes,,,,129,Agincourt North,129,Agincourt North (129),D42,637851.7961,4851494.5675
13142,80722732,,11/25/2016 10:00:00 AM,251,FINCH AVE E,MIDLAND AVE,,Major Arterial,Scarborough,43.803679,-79.28625,At Intersection,Traffic Signal,"Fog, Mist, Smoke, Dust","Dark, artificial",Wet,Non-Fatal Injury,Turning Movement,Driver,20 to 24,Major,,East,"Automobile, Station Wagon",Turning Left,Driving Properly,Normal,,,,,,,,,Yes,,,,,Yes,Yes,Yes,,,,129,Agincourt North,129,Agincourt North (129),D42,637851.7961,4851494.5675
13143,80722733,,11/25/2016 10:00:00 AM,251,FINCH AVE E,MIDLAND AVE,,Major Arterial,Scarborough,43.803679,-79.28625,At Intersection,Traffic Signal,"Fog, Mist, Smoke, Dust","Dark, artificial",Wet,Non-Fatal Injury,Turning Movement,Passenger,20 to 24,Minimal,,,,,,,,,,,,,,,Yes,,,,,Yes,Yes,Yes,,,,129,Agincourt North,129,Agincourt North (129),D42,637851.7961,4851494.5675
13144,80722734,,11/25/2016 10:00:00 AM,251,FINCH AVE E,MIDLAND AVE,,Major Arterial,Scarborough,43.803679,-79.28625,At Intersection,Traffic Signal,"Fog, Mist, Smoke, Dust","Dark, artificial",Wet,Non-Fatal Injury,Turning Movement,Passenger,15 to 19,None,,,,,,,,,,,,,,,Yes,,,,,Yes,Yes,Yes,,,,129,Agincourt North,129,Agincourt North (129),D42,637851.7961,4851494.5675
13145,80722735,,11/25/2016 10:00:00 AM,251,FINCH AVE E,MIDLAND AVE,,Major Arterial,Scarborough,43.803679,-79.28625,At Intersection,Traffic Signal,"Fog, Mist, Smoke, Dust","Dark, artificial",Wet,Non-Fatal Injury,Turning Movement,Passenger,25 to 29,None,,,,,,,,,,,,,,,Yes,,,,,Yes,Yes,Yes,,,,129,Agincourt North,129,Agincourt North (129),D42,637851.7961,4851494.5675
13146,80722736,,11/25/2016 10:00:00 AM,251,FINCH AVE E,MIDLAND AVE,,Major Arterial,Scarborough,43.803679,-79.28625,At Intersection,Traffic Signal,"Fog, Mist, Smoke, Dust","Dark, artificial",Wet,Non-Fatal Injury,Turning Movement,Passenger,15 to 19,Minimal,,,,,,,,,,,,,,,Yes,,,,,Yes,Yes,Yes,,,,129,Agincourt North,129,Agincourt North (129),D42,637851.7961,4851494.5675
13147,80722876,,11/25/2016 10:00:00 AM,1403,DUNDAS ST W,CORDOVA AVE,34 m East of,Major Arterial,Etobicoke York,43.649054,-79.528392,Intersection Related,No Control,Clear,Daylight,Dry,Non-Fatal Injury,Approaching,Driver,40 to 44,Minor,,West,"Automobile, Station Wagon",Going Ahead,Lost control,Unknown,,,,,,,,,Yes,,,,,Yes,Yes,Yes,,,,158,Islington,14,Islington-City Centre West (14),D22,618679.006,4833946.4057
13148,80722877,,11/25/2016 10:00:00 AM,1403,DUNDAS ST W,CORDOVA AVE,34 m East of,Major Arterial,Etobicoke York,43.649054,-79.528392,Intersection Related,No Control,Clear,Daylight,Dry,Non-Fatal Injury,Approaching,Driver,85 to 89,Major,,East,"Automobile, Station Wagon",Going Ahead,Driving Properly,Normal,,,,,,,,,Yes,,,,,Yes,Yes,Yes,,,,158,Islington,14,Islington-City Centre West (14),D22,618679.006,4833946.4057