OBJECTID,INDEX,ACCNUM,DATE,TIME,STREET1,STREET2,OFFSET,ROAD_CLASS,DISTRICT,LATITUDE,LONGITUDE,ACCLOC,TRAFFCTL,VISIBILITY,LIGHT,RDSFCOND,ACCLASS,IMPACTYPE,INVTYPE,INVAGE,INJURY,FATAL_NO,INITDIR,VEHTYPE,MANOEUVER,DRIVACT,DRIVCOND,PEDTYPE,PEDACT,PEDCOND,CYCLISTYPE,CYCACT,CYCCOND,PEDESTRIAN,CYCLIST,AUTOMOBILE,MOTORCYCLE,TRUCK,TRSN_CITY_VEH,EMERG_VEH,PASSENGER,SPEEDING,AG_DRIV,REDLIGHT,ALCOHOL,DISABILITY,HOOD_158,NEIGHBOURHOOD_158,HOOD_140,NEIGHBOURHOOD_140,DIVISION,x,y
13149,80722878,,11/25/2016 10:00:00 AM,1403,DUNDAS ST W,CORDOVA AVE,34 m East of,Major Arterial,Etobicoke York,43.649054,-79.528392,Intersection Related,No Control,Clear,Daylight,Dry,Non-Fatal Injury,Approaching,Driver,55 to 59,Minor,,East,"Automobile, Station Wagon",Going Ahead,Driving Properly,Normal,,,,,,,,,Yes,,,,,Yes,Yes,Yes,,,,158,Islington,14,Islington-City Centre West (14),D22,618679.006,4833946.4057
13150,80722879,,11/25/2016 10:00:00 AM,1403,DUNDAS ST W,CORDOVA AVE,34 m East of,Major Arterial,Etobicoke York,43.649054,-79.528392,Intersection Related,No Control,Clear,Daylight,Dry,Non-Fatal Injury,Approaching,Driver,20 to 24,None,,East,"Automobile, Station Wagon",Going Ahead,Driving Properly,Normal,,,,,,,,,Yes,,,,,Yes,Yes,Yes,,,,158,Islington,14,Islington-City Centre West (14),D22,618679.006,4833946.4057
13151,80722880,,11/25/2016 10:00:00 AM,1403,DUNDAS ST W,CORDOVA AVE,34 m East of,Major Arterial,Etobicoke York,43.649054,-79.528392,Intersection Related,No Control,Clear,Daylight,Dry,Non-Fatal Injury,Approaching,Passenger,65 to 69,Minor,,,,,,,,,,,,,,,Yes,,,,,Yes,Yes,Yes,,,,158,Islington,14,Islington-City Centre West (14),D22,618679.006,4833946.4057
13152,80722881,,11/25/2016 10:00:00 AM,1403,DUNDAS ST W,CORDOVA AVE,34 m East of,Major Arterial,Etobicoke York,43.649054,-79.528392,Intersection Related,No Control,Clear,Daylight,Dry,Non-Fatal Injury,Approaching,Passenger,75 to 79,Minor,,,,,,,,,,,,,,,Yes,,,,,Yes,Yes,Yes,,,,158,Islington,14,Islington-City Centre West (14),D22,618679.006,4833946.4057
13153,80632358,,11/26/2016 10:00:00 AM,1807,YORK MILLS RD,SCARSDALE RD,8 m West of,Major Arterial,North York,43.753421,-79.357456,At Intersection,Traffic Signal,Rain,"Dark, artificial",Wet,Non-Fatal Injury,Pedestrian Collisions,Driver,40 to 44,None,,North,"Automobile, Station Wagon",Turning Left,Failed to Yield Right of Way,Inattentive,,,,,,,Yes,,Yes,,,,,,,Yes,,,,42,Banbury-Don Mills,42,Banbury-Don Mills (42),D33,632234.7673,4845796.4825
13154,80632359,,11/26/2016 10:00:00 AM,1807,YORK MILLS RD,SCARSDALE RD,8 m West of,Major Arterial,North York,43.753421,-79.357456,At Intersection,Traffic Signal,Rain,"Dark, artificial",Wet,Non-Fatal Injury,Pedestrian Collisions,Pedestrian,60 to 64,Major,,South,,,,,Vehicle turns left while ped crosses with ROW at inter.,Crossing with right of way,Normal,,,,Yes,,Yes,,,,,,,Yes,,,,42,Banbury-Don Mills,42,Banbury-Don Mills (42),D33,632234.7673,4845796.4825
13155,80632360,,11/26/2016 10:00:00 AM,1807,YORK MILLS RD,SCARSDALE RD,8 m West of,Major Arterial,North York,43.753421,-79.357456,At Intersection,Traffic Signal,Rain,"Dark, artificial",Wet,Non-Fatal Injury,Pedestrian Collisions,Pedestrian,65 to 69,Minor,,South,,,,,Vehicle turns left while ped crosses with ROW at inter.,Crossing with right of way,Unknown,,,,Yes,,Yes,,,,,,,Yes,,,,42,Banbury-Don Mills,42,Banbury-Don Mills (42),D33,632234.7673,4845796.4825
13156,80723902,,11/28/2016 10:00:00 AM,124,1595 BATHURST ST,LONSMOUNT DR,63 m North o,Major Arterial,Toronto and East York,43.689776,-79.421008,Non Intersection,No Control,Clear,"Dark, artificial",Dry,Non-Fatal Injury,Pedestrian Collisions,Driver,60 to 64,None,,South,"Automobile, Station Wagon",Going Ahead,Driving Properly,Normal,,,,,,,Yes,,Yes,,,,,,,,,,,106,Humewood-Cedarvale,106,Humewood-Cedarvale (106),D13,627253.0707,4838628.2974
13157,80723903,,11/28/2016 10:00:00 AM,124,1595 BATHURST ST,LONSMOUNT DR,63 m North o,Major Arterial,Toronto and East York,43.689776,-79.421008,Non Intersection,No Control,Clear,"Dark, artificial",Dry,Non-Fatal Injury,Pedestrian Collisions,Pedestrian,70 to 74,Major,,West,,,,,Pedestrian hit at mid-block,"Crossing, no Traffic Control",Had Been Drinking,,,,Yes,,Yes,,,,,,,,,,,106,Humewood-Cedarvale,106,Humewood-Cedarvale (106),D13,627253.0707,4838628.2974
13158,80566641,,11/28/2016 10:00:00 AM,2153,BLOOR ST E,PARLIAMENT ST,,Major Arterial,Toronto and East York,43.671935,-79.370654,At Intersection,Traffic Signal,Clear,Dark,Dry,Fatal,SMV Other,Driver,20 to 24,None,,East,"Automobile, Station Wagon",Going Ahead,Lost control,"Ability Impaired, Drugs",,,,,,,,,Yes,,,,,Yes,Yes,Yes,,,,71,Cabbagetown-South St.James Town,71,Cabbagetown-South St.James Town (71),D51,631350.1351,4836725.3139
13159,80566642,,11/28/2016 10:00:00 AM,2153,BLOOR ST E,PARLIAMENT ST,,Major Arterial,Toronto and East York,43.671935,-79.370654,At Intersection,Traffic Signal,Clear,Dark,Dry,Fatal,SMV Other,Passenger,25 to 29,Fatal,74,,,,,,,,,,,,,,Yes,,,,,Yes,Yes,Yes,,,,71,Cabbagetown-South St.James Town,71,Cabbagetown-South St.James Town (71),D51,631350.1351,4836725.3139
13160,80566643,,11/28/2016 10:00:00 AM,2153,BLOOR ST E,PARLIAMENT ST,,Major Arterial,Toronto and East York,43.671935,-79.370654,At Intersection,Traffic Signal,Clear,Dark,Dry,Fatal,SMV Other,Passenger,20 to 24,Minor,,,,,,,,,,,,,,,Yes,,,,,Yes,Yes,Yes,,,,71,Cabbagetown-South St.James Town,71,Cabbagetown-South St.James Town (71),D51,631350.1351,4836725.3139
13161,80566644,,11/28/2016 10:00:00 AM,2153,BLOOR ST E,PARLIAMENT ST,,Major Arterial,Toronto and East York,43.671935,-79.370654,At Intersection,Traffic Signal,Clear,Dark,Dry,Fatal,SMV Other,Passenger,20 to 24,Major,,,,,,,,,,,,,,,Yes,,,,,Yes,Yes,Yes,,,,71,Cabbagetown-South St.James Town,71,Cabbagetown-South St.James Town (71),D51,631350.1351,4836725.3139
13162,80724127,,11/29/2016 10:00:00 AM,720,THE EAST MALL,RATHBURN RD,100 m North ,Minor Arterial,Etobicoke York,43.656016,-79.565013,Non Intersection,No Control,Rain,"Dawn, artificial",Wet,Non-Fatal Injury,Pedestrian Collisions,Driver,55 to 59,None,,South,"Automobile, Station Wagon",Going Ahead,Driving Properly,Normal,,,,,,,Yes,,Yes,,,,,Yes,,,,,,11,Eringate-Centennial-West Deane,11,Eringate-Centennial-West Deane (11),D22,615712.2827,4834667.9064
13163,80724181,,11/29/2016 10:00:00 AM,720,THE EAST MALL,RATHBURN RD,100 m North ,Minor Arterial,Etobicoke York,43.656016,-79.565013,Non Intersection,No Control,Rain,"Dawn, artificial",Wet,Non-Fatal Injury,Pedestrian Collisions,Pedestrian,70 to 74,Major,,West,,,,,Pedestrian hit at mid-block,"Crossing, no Traffic Control",Normal,,,,Yes,,Yes,,,,,Yes,,,,,,11,Eringate-Centennial-West Deane,11,Eringate-Centennial-West Deane (11),D22,615712.2827,4834667.9064
13164,80724182,,11/29/2016 10:00:00 AM,720,THE EAST MALL,RATHBURN RD,100 m North ,Minor Arterial,Etobicoke York,43.656016,-79.565013,Non Intersection,No Control,Rain,"Dawn, artificial",Wet,Non-Fatal Injury,Pedestrian Collisions,Passenger,50 to 54,None,,,,,,,,,,,,,Yes,,Yes,,,,,Yes,,,,,,11,Eringate-Centennial-West Deane,11,Eringate-Centennial-West Deane (11),D22,615712.2827,4834667.9064
13165,80632368,,11/29/2016 10:00:00 AM,2208,BENTWORTH AVE,DUFFERIN ST,9 m East of,Major Arterial,North York,43.721705,-79.456401,At Intersection,Traffic Signal,Clear,"Dark, artificial",Dry,Non-Fatal Injury,Pedestrian Collisions,Driver,35 to 39,None,,East,"Automobile, Station Wagon",Turning Left,Failed to Yield Right of Way,Inattentive,,,,,,,Yes,,Yes,,,,,,,Yes,,,,31,Yorkdale-Glen Park,31,Yorkdale-Glen Park (31),D32,624334.6479,4842120.7539
13166,80632369,,11/29/2016 10:00:00 AM,2208,BENTWORTH AVE,DUFFERIN ST,9 m East of,Major Arterial,North York,43.721705,-79.456401,At Intersection,Traffic Signal,Clear,"Dark, artificial",Dry,Non-Fatal Injury,Pedestrian Collisions,Pedestrian,25 to 29,Major,,West,,,,,Vehicle turns left while ped crosses with ROW at inter.,Crossing with right of way,Normal,,,,Yes,,Yes,,,,,,,Yes,,,,31,Yorkdale-Glen Park,31,Yorkdale-Glen Park (31),D32,624334.6479,4842120.7539
13167,80768872,,11/30/2016 10:00:00 AM,2106,CONCORDE GT,CONCORDE PL,300 m East o,Collector,North York,43.729285,-79.328357,At/Near Private Drive,No Control,Rain,"Dark, artificial",Wet,Non-Fatal Injury,Pedestrian Collisions,Driver,35 to 39,None,,West,"Automobile, Station Wagon",Going Ahead,Speed too Fast For Condition,Normal,,,,,,,Yes,,Yes,,,,,,Yes,Yes,,,,42,Banbury-Don Mills,42,Banbury-Don Mills (42),D33,634631.528,4843162.6893
13168,80768873,,11/30/2016 10:00:00 AM,2106,CONCORDE GT,CONCORDE PL,300 m East o,Collector,North York,43.729285,-79.328357,At/Near Private Drive,No Control,Rain,"Dark, artificial",Wet,Non-Fatal Injury,Pedestrian Collisions,Pedestrian,65 to 69,Major,,North,,,,,Vehicle is going straight thru inter.while ped cross without ROW,Crossing without right of way,Normal,,,,Yes,,Yes,,,,,,Yes,Yes,,,,42,Banbury-Don Mills,42,Banbury-Don Mills (42),D33,634631.528,4843162.6893
13169,80566647,,12/1/2016 10:00:00 AM,1335,COSBURN AVE,CEDARVALE AVE,,Collector,Toronto and East York,43.696753,-79.315616,At Intersection,Pedestrian Crossover,Clear,Daylight,Dry,Fatal,Pedestrian Collisions,Driver,60 to 64,None,,South,Pick Up Truck,Turning Left,Failed to Yield Right of Way,Inattentive,,,,,,,Yes,,Yes,,,,,,,Yes,,,,60,Woodbine-Lumsden,60,Woodbine-Lumsden (60),D55,635731.1033,4839570.3219
13170,80566657,,12/1/2016 10:00:00 AM,1335,COSBURN AVE,CEDARVALE AVE,,Collector,Toronto and East York,43.696753,-79.315616,At Intersection,Pedestrian Crossover,Clear,Daylight,Dry,Fatal,Pedestrian Collisions,Pedestrian,65 to 69,Fatal,75,North,,,,,Pedestrian hit a PXO/ped. Mid-block signal,"Crossing, Pedestrian Crossover",Normal,,,,Yes,,Yes,,,,,,,Yes,,,,60,Woodbine-Lumsden,60,Woodbine-Lumsden (60),D55,635731.1033,4839570.3219
13171,80723928,,12/2/2016 10:00:00 AM,246,PORTLAND ST,ADELAIDE ST W,18 m North o,Major Arterial,Toronto and East York,43.645659,-79.400592,Intersection Related,No Control,Clear,"Dark, artificial",Dry,Non-Fatal Injury,SMV Unattended Vehicle,Driver,20 to 24,Major,,North,"Automobile, Station Wagon",Going Ahead,Lost control,Unknown,,,,,,,,,Yes,,,,,Yes,Yes,Yes,,,,164,Wellington Place,77,Waterfront Communities-The Island (77),D14,628992.9053,4833760.0465
13172,80723929,,12/2/2016 10:00:00 AM,246,PORTLAND ST,ADELAIDE ST W,18 m North o,Major Arterial,Toronto and East York,43.645659,-79.400592,Intersection Related,No Control,Clear,"Dark, artificial",Dry,Non-Fatal Injury,SMV Unattended Vehicle,Passenger,20 to 24,Minor,,,,,,,,,,,,,,,Yes,,,,,Yes,Yes,Yes,,,,164,Wellington Place,77,Waterfront Communities-The Island (77),D14,628992.9053,4833760.0465
13173,80724344,,12/3/2016 10:00:00 AM,708,VICTORIA PARK AVE,YORK MILLS RD,50 m North o,Major Arterial,North York,43.763381,-79.317676,Non Intersection,No Control,Clear,"Dawn, artificial",Dry,Non-Fatal Injury,Pedestrian Collisions,Driver,45 to 49,None,,North,"Automobile, Station Wagon",Going Ahead,Driving Properly,Normal,,,,,,,Yes,,Yes,,,,,,,,,,,119,Wexford/Maryvale,119,Wexford/Maryvale (119),D41,635414.8618,4846966.9711
13174,80724345,,12/3/2016 10:00:00 AM,708,VICTORIA PARK AVE,YORK MILLS RD,50 m North o,Major Arterial,North York,43.763381,-79.317676,Non Intersection,No Control,Clear,"Dawn, artificial",Dry,Non-Fatal Injury,Pedestrian Collisions,Pedestrian,50 to 54,Major,,East,,,,,Pedestrian hit at mid-block,"Crossing, no Traffic Control",Had Been Drinking,,,,Yes,,Yes,,,,,,,,,,,119,Wexford/Maryvale,119,Wexford/Maryvale (119),D41,635414.8618,4846966.9711
13175,80768213,,12/4/2016 10:00:00 AM,706,SCARBOROUGH GOLF CLUB RD,KINGSTON RD,15 m South o,Major Arterial,Scarborough,43.745928,-79.209316,At Intersection,Traffic Signal,Clear,Dawn,Dry,Non-Fatal Injury,Angle,Driver,15 to 19,None,,West,"Automobile, Station Wagon",Going Ahead,Disobeyed Traffic Control,"Ability Impaired, Alcohol Over .08",,,,,,,,,Yes,,,,,Yes,,Yes,Yes,Yes,,140,Guildwood,140,Guildwood (140),D43,644179.069,4845211.4503
13176,80768214,,12/4/2016 10:00:00 AM,706,SCARBOROUGH GOLF CLUB RD,KINGSTON RD,15 m South o,Major Arterial,Scarborough,43.745928,-79.209316,At Intersection,Traffic Signal,Clear,Dawn,Dry,Non-Fatal Injury,Angle,Driver,55 to 59,Minor,,South,"Automobile, Station Wagon",Going Ahead,Driving Properly,Normal,,,,,,,,,Yes,,,,,Yes,,Yes,Yes,Yes,,140,Guildwood,140,Guildwood (140),D43,644179.069,4845211.4503
13177,80768215,,12/4/2016 10:00:00 AM,706,SCARBOROUGH GOLF CLUB RD,KINGSTON RD,15 m South o,Major Arterial,Scarborough,43.745928,-79.209316,At Intersection,Traffic Signal,Clear,Dawn,Dry,Non-Fatal Injury,Angle,Passenger,30 to 34,Major,,,,,,,,,,,,,,,Yes,,,,,Yes,,Yes,Yes,Yes,,140,Guildwood,140,Guildwood (140),D43,644179.069,4845211.4503
13178,80632379,,12/4/2016 10:00:00 AM,2315,CARLTON STREET,HOMEWOOD AVENUE,,Minor Arterial,Toronto and East York,43.662909,-79.374309,At Intersection,No Control,Rain,"Dark, artificial",Wet,Non-Fatal Injury,Pedestrian Collisions,Driver,75 to 79,None,,East,"Automobile, Station Wagon",Turning Left,Failed to Yield Right of Way,Inattentive,,,,,,,Yes,,Yes,,,,,,,Yes,,,,73,Moss Park,73,Moss Park (73),D51,631075.1279,4835717.0742
13179,80632380,,12/4/2016 10:00:00 AM,2315,CARLTON STREET,HOMEWOOD AVENUE,,Minor Arterial,Toronto and East York,43.662909,-79.374309,At Intersection,No Control,Rain,"Dark, artificial",Wet,Non-Fatal Injury,Pedestrian Collisions,Pedestrian,25 to 29,Major,,South,,,,,Vehicle turns left while ped crosses with ROW at inter.,Crossing with right of way,Normal,,,,Yes,,Yes,,,,,,,Yes,,,,73,Moss Park,73,Moss Park (73),D51,631075.1279,4835717.0742
13180,80566649,,12/6/2016 10:00:00 AM,712,BATHURST ST,REINER RD,,Major Arterial,North York,43.752669,-79.437747,At Intersection,No Control,Clear,Daylight,Dry,Fatal,Pedestrian Collisions,Pedestrian,85 to 89,Fatal,76,East,,,,,Pedestrian hit at mid-block,"Crossing, no Traffic Control",Unknown,,,,Yes,,Yes,,,,,,,,,,,38,Lansing-Westgate,38,Lansing-Westgate (38),D32,625772.3701,4845587.9105
13181,80566650,,12/6/2016 10:00:00 AM,712,BATHURST ST,REINER RD,,Major Arterial,North York,43.752669,-79.437747,At Intersection,No Control,Clear,Daylight,Dry,Fatal,Pedestrian Collisions,Driver,50 to 54,None,,North,"Automobile, Station Wagon",Going Ahead,Driving Properly,Unknown,,,,,,,Yes,,Yes,,,,,,,,,,,38,Lansing-Westgate,38,Lansing-Westgate (38),D32,625772.3701,4845587.9105
13182,80785472,,12/6/2016 10:00:00 AM,1535,BLOOR ST W,ALBANY AVE,,Major Arterial,Toronto and East York,43.665316,-79.409953,At Intersection,No Control,Clear,Daylight,Dry,Non-Fatal Injury,Cyclist Collisions,Driver,unknown,None,,East,"Automobile, Station Wagon",Turning Left,Failed to Yield Right of Way,Inattentive,,,,,,,,Yes,Yes,,,,,,,Yes,,,,79,University,79,University (79),D14,628196.0944,4835928.7074
13183,80785473,,12/6/2016 10:00:00 AM,1535,BLOOR ST W,ALBANY AVE,,Major Arterial,Toronto and East York,43.665316,-79.409953,At Intersection,No Control,Clear,Daylight,Dry,Non-Fatal Injury,Cyclist Collisions,Cyclist,65 to 69,Major,,West,Bicycle,Going Ahead,,,,,,Motorist turned left across cyclists path.,Driving Properly,Normal,,Yes,Yes,,,,,,,Yes,,,,79,University,79,University (79),D14,628196.0944,4835928.7074
13184,80632381,,12/6/2016 10:00:00 AM,1836,DUFFERIN ST,KING ST W,,Major Arterial,Toronto and East York,43.638888,-79.427333,At Intersection,Traffic Signal,Rain,"Dark, artificial",Wet,Non-Fatal Injury,Pedestrian Collisions,Driver,20 to 24,None,,South,"Automobile, Station Wagon",Turning Left,Driving Properly,Normal,,,,,,,Yes,,Yes,,,,,,,,,,,85,South Parkdale,85,South Parkdale (85),D14,626850.4603,4832966.8242
13185,80632382,,12/6/2016 10:00:00 AM,1836,DUFFERIN ST,KING ST W,,Major Arterial,Toronto and East York,43.638888,-79.427333,At Intersection,Traffic Signal,Rain,"Dark, artificial",Wet,Non-Fatal Injury,Pedestrian Collisions,Pedestrian,80 to 84,Major,,South,,,,,Vehicle turns left while ped crosses without ROW at inter.,Crossing without right of way,Inattentive,,,,Yes,,Yes,,,,,,,,,,,85,South Parkdale,85,South Parkdale (85),D14,626850.4603,4832966.8242
13186,80724292,,12/6/2016 10:00:00 AM,1837,Queen St E,Dalhousie St,15 m East of,Major Arterial,Toronto and East York,43.653231,-79.375102,Non Intersection,No Control,Rain,"Dark, artificial",Wet,Non-Fatal Injury,Pedestrian Collisions,Driver,35 to 39,None,,East,"Automobile, Station Wagon",Going Ahead,Driving Properly,Normal,,,,,,,Yes,,Yes,,,,,,,,,,,168,Downtown Yonge East,75,Church-Yonge Corridor (75),D51,631032.2395,4834640.9513
13187,80724293,,12/6/2016 10:00:00 AM,1837,Queen St E,Dalhousie St,15 m East of,Major Arterial,Toronto and East York,43.653231,-79.375102,Non Intersection,No Control,Rain,"Dark, artificial",Wet,Non-Fatal Injury,Pedestrian Collisions,Pedestrian,75 to 79,Minor,,South,,,,,Pedestrian hit at mid-block,"Crossing, no Traffic Control",Normal,,,,Yes,,Yes,,,,,,,,,,,168,Downtown Yonge East,75,Church-Yonge Corridor (75),D51,631032.2395,4834640.9513
13188,80724294,,12/6/2016 10:00:00 AM,1837,Queen St E,Dalhousie St,15 m East of,Major Arterial,Toronto and East York,43.653231,-79.375102,Non Intersection,No Control,Rain,"Dark, artificial",Wet,Non-Fatal Injury,Pedestrian Collisions,Pedestrian,70 to 74,Major,,South,,,,,Pedestrian hit at mid-block,"Crossing, no Traffic Control",Normal,,,,Yes,,Yes,,,,,,,,,,,168,Downtown Yonge East,75,Church-Yonge Corridor (75),D51,631032.2395,4834640.9513
13189,80632386,,12/6/2016 10:00:00 AM,2220,GERRARD ST E,COXWELL AVE,,Minor Arterial,Toronto and East York,43.675257,-79.320285,At Intersection,Traffic Signal,Rain,"Dark, artificial",Wet,Non-Fatal Injury,Pedestrian Collisions,Driver,50 to 54,None,,West,"Automobile, Station Wagon",Turning Left,Failed to Yield Right of Way,Inattentive,,,,,,,Yes,,Yes,,,,,,,Yes,,,,65,Greenwood-Coxwell,65,Greenwood-Coxwell (65),D55,635403.2188,4837175.2591
13190,80632387,,12/6/2016 10:00:00 AM,2220,GERRARD ST E,COXWELL AVE,,Minor Arterial,Toronto and East York,43.675257,-79.320285,At Intersection,Traffic Signal,Rain,"Dark, artificial",Wet,Non-Fatal Injury,Pedestrian Collisions,Pedestrian,50 to 54,Major,,West,,,,,Vehicle turns left while ped crosses with ROW at inter.,Crossing with right of way,Normal,,,,Yes,,Yes,,,,,,,Yes,,,,65,Greenwood-Coxwell,65,Greenwood-Coxwell (65),D55,635403.2188,4837175.2591
13191,80915470,,12/6/2016 10:00:00 AM,2220,COXWELL AVE,GERRARD ST E,,Minor Arterial,Toronto and East York,43.675265,-79.320262,At Intersection,Traffic Signal,Rain,"Dark, artificial",Wet,Non-Fatal Injury,Pedestrian Collisions,Pedestrian,50 to 54,Major,,West,,,,,Vehicle turns left while ped crosses with ROW at inter.,Crossing with right of way,Normal,,,,Yes,,Yes,,,,,,,Yes,,,,64,Woodbine Corridor,64,Woodbine Corridor (64),D55,635405.0548,4837176.1851
13192,80915471,,12/6/2016 10:00:00 AM,2220,COXWELL AVE,GERRARD ST E,,Minor Arterial,Toronto and East York,43.675265,-79.320262,At Intersection,Traffic Signal,Rain,"Dark, artificial",Wet,Non-Fatal Injury,Pedestrian Collisions,Driver,50 to 54,None,,West,"Automobile, Station Wagon",Turning Left,Failed to Yield Right of Way,Inattentive,,,,,,,Yes,,Yes,,,,,,,Yes,,,,64,Woodbine Corridor,64,Woodbine Corridor (64),D55,635405.0548,4837176.1851
13193,80768461,,12/9/2016 10:00:00 AM,255,KINGSTON RD,OLD KINGSTON RD,,Major Arterial,Scarborough,43.773932,-79.183063,At Intersection,Traffic Signal,Clear,"Dark, artificial",Wet,Non-Fatal Injury,SMV Other,Driver,20 to 24,Major,,East,"Automobile, Station Wagon",Going Ahead,Lost control,"Ability Impaired, Alcohol",,,,,,,,,Yes,,,,,,Yes,Yes,,Yes,,136,West Hill,136,West Hill (136),D43,646224.6478,4848367.762
13194,80724732,,12/11/2016 10:00:00 AM,1514,BLACK CREEK DR,LAWRENCE AVE W,300 m South ,Major Arterial,Etobicoke York,43.703303,-79.491756,Non Intersection,No Control,Snow,Daylight,Loose Snow,Non-Fatal Injury,SMV Other,Driver,75 to 79,Major,,North,"Automobile, Station Wagon",Going Ahead,Lost control,Normal,,,,,,,,,Yes,,,,,Yes,,,,,,30,Brookhaven-Amesbury,30,Brookhaven-Amesbury (30),D12,621524.0173,4840024.5223
13195,80724733,,12/11/2016 10:00:00 AM,1514,BLACK CREEK DR,LAWRENCE AVE W,300 m South ,Major Arterial,Etobicoke York,43.703303,-79.491756,Non Intersection,No Control,Snow,Daylight,Loose Snow,Non-Fatal Injury,SMV Other,Passenger,35 to 39,None,,,,,,,,,,,,,,,Yes,,,,,Yes,,,,,,30,Brookhaven-Amesbury,30,Brookhaven-Amesbury (30),D12,621524.0173,4840024.5223
13196,80725090,,12/12/2016 10:00:00 AM,2106,LAKE SHORE BLVD W,PARKSIDE DR,500 m East o,Major Arterial,Toronto and East York,43.637873,-79.448924,Non Intersection,No Control,Clear,"Dark, artificial",Dry,Non-Fatal Injury,SMV Other,Driver,30 to 34,Major,,East,"Automobile, Station Wagon",Going Ahead,Lost control,Unknown,,,,,,,,,Yes,,,,,,Yes,Yes,,,,85,South Parkdale,85,South Parkdale (85),D11,625111.0317,4832821.3252
13197,80768589,,12/12/2016 10:00:00 AM,2255,232 SEATON ST,,12 m East of,Local,Toronto and East York,43.660491,-79.370273,Non Intersection,No Control,Clear,"Dark, artificial",Loose Snow,Non-Fatal Injury,Pedestrian Collisions,Driver,unknown,None,,South,"Automobile, Station Wagon",Pulling Away from Shoulder or Curb,Other,Unknown,,,,,,,Yes,,Yes,,,,,,,,,,,73,Moss Park,73,Moss Park (73),D51,631405.8184,4835454.9074
13198,80768590,,12/12/2016 10:00:00 AM,2255,232 SEATON ST,,12 m East of,Local,Toronto and East York,43.660491,-79.370273,Non Intersection,No Control,Clear,"Dark, artificial",Loose Snow,Non-Fatal Injury,Pedestrian Collisions,Pedestrian,65 to 69,Major,,Unknown,,,,,Other / Undefined,Other,Normal,,,,Yes,,Yes,,,,,,,,,,,73,Moss Park,73,Moss Park (73),D51,631405.8184,4835454.9074
13199,80566648,,12/13/2016 10:00:00 AM,1440,MIDLAND AVE,KILCULLEN CASTLE GT,,Major Arterial,Scarborough,43.81116,-79.290668,Non Intersection,No Control,Clear,Daylight,Dry,Fatal,Pedestrian Collisions,Driver,55 to 59,None,,South,"Automobile, Station Wagon",Going Ahead,Driving Properly,Normal,,,,,,,Yes,,Yes,,,,,,,,,,,130,Milliken,129,Agincourt North (129),D42,637479.2498,4852318.1029
13200,80566658,,12/13/2016 10:00:00 AM,1440,MIDLAND AVE,KILCULLEN CASTLE GT,,Major Arterial,Scarborough,43.81116,-79.290668,Non Intersection,No Control,Clear,Daylight,Dry,Fatal,Pedestrian Collisions,Pedestrian,70 to 74,Fatal,77,West,,,,,Pedestrian hit at mid-block,"Crossing, no Traffic Control",Normal,,,,Yes,,Yes,,,,,,,,,,,130,Milliken,129,Agincourt North (129),D42,637479.2498,4852318.1029
13201,80632393,,12/14/2016 10:00:00 AM,1036,PARK RD,CHURCH ST,,Major Arterial,Toronto and East York,43.672099,-79.384769,At Intersection,Traffic Signal,Clear,Daylight,Dry,Non-Fatal Injury,Pedestrian Collisions,Driver,50 to 54,None,,South,"Automobile, Station Wagon",Turning Left,Failed to Yield Right of Way,Inattentive,,,,,,,Yes,,Yes,,,,,,,Yes,,,,98,Rosedale-Moore Park,98,Rosedale-Moore Park (98),D53,630211.8843,4836721.2744
13202,80632394,,12/14/2016 10:00:00 AM,1036,PARK RD,CHURCH ST,,Major Arterial,Toronto and East York,43.672099,-79.384769,At Intersection,Traffic Signal,Clear,Daylight,Dry,Non-Fatal Injury,Pedestrian Collisions,Pedestrian,25 to 29,Major,,North,,,,,Vehicle turns left while ped crosses with ROW at inter.,Crossing with right of way,Normal,,,,Yes,,Yes,,,,,,,Yes,,,,98,Rosedale-Moore Park,98,Rosedale-Moore Park (98),D53,630211.8843,4836721.2744
13203,80632395,,12/14/2016 10:00:00 AM,1704,QUEENS QY W,YORK ST,69 m West of,Minor Arterial,Toronto and East York,43.639723,-79.380908,Non Intersection,No Control,Clear,Dark,Dry,Non-Fatal Injury,Pedestrian Collisions,Driver,65 to 69,None,,East,"Automobile, Station Wagon",Going Ahead,Driving Properly,Normal,,,,,,,Yes,,Yes,,,,,,,,,,,165,Harbourfront-CityPlace,77,Waterfront Communities-The Island (77),D52,630593.3058,4833131.5598