OBJECTID,INDEX,ACCNUM,DATE,TIME,STREET1,STREET2,OFFSET,ROAD_CLASS,DISTRICT,LATITUDE,LONGITUDE,ACCLOC,TRAFFCTL,VISIBILITY,LIGHT,RDSFCOND,ACCLASS,IMPACTYPE,INVTYPE,INVAGE,INJURY,FATAL_NO,INITDIR,VEHTYPE,MANOEUVER,DRIVACT,DRIVCOND,PEDTYPE,PEDACT,PEDCOND,CYCLISTYPE,CYCACT,CYCCOND,PEDESTRIAN,CYCLIST,AUTOMOBILE,MOTORCYCLE,TRUCK,TRSN_CITY_VEH,EMERG_VEH,PASSENGER,SPEEDING,AG_DRIV,REDLIGHT,ALCOHOL,DISABILITY,HOOD_158,NEIGHBOURHOOD_158,HOOD_140,NEIGHBOURHOOD_140,DIVISION,x,y
13204,80632396,,12/14/2016 10:00:00 AM,1704,QUEENS QY W,YORK ST,69 m West of,Minor Arterial,Toronto and East York,43.639723,-79.380908,Non Intersection,No Control,Clear,Dark,Dry,Non-Fatal Injury,Pedestrian Collisions,Pedestrian,50 to 54,Major,,North,,,,,Pedestrian hit at mid-block,"Crossing, no Traffic Control",Inattentive,,,,Yes,,Yes,,,,,,,,,,,165,Harbourfront-CityPlace,77,Waterfront Communities-The Island (77),D52,630593.3058,4833131.5598
13205,80725040,,12/16/2016 10:00:00 AM,1312,EGLINTON AVE E,PRUDHAM GT,55 m West of,Major Arterial,Scarborough,43.728209,-79.285533,Non Intersection,No Control,Clear,Daylight,Slush,Non-Fatal Injury,Pedestrian Collisions,Driver,25 to 29,None,,East,Municipal Transit Bus (TTC),Going Ahead,Driving Properly,Normal,,,,,,,Yes,,,,,Yes,,,,,,,,120,Clairlea-Birchmount,120,Clairlea-Birchmount (120),D41,638083.0179,4843113.654
13206,80725041,,12/16/2016 10:00:00 AM,1312,EGLINTON AVE E,PRUDHAM GT,55 m West of,Major Arterial,Scarborough,43.728209,-79.285533,Non Intersection,No Control,Clear,Daylight,Slush,Non-Fatal Injury,Pedestrian Collisions,Pedestrian,65 to 69,Major,,Unknown,,,,,Pedestrian involved in a collision with transit vehicle anywhere along roadway,Running onto Roadway,Other,,,,Yes,,,,,Yes,,,,,,,,120,Clairlea-Birchmount,120,Clairlea-Birchmount (120),D41,638083.0179,4843113.654
13207,80725615,,12/18/2016 10:00:00 AM,2236,SB DON VALLEY PKWY,POTTERY RD,400 m North ,,Toronto and East York,43.683962,-79.361606,Non Intersection,No Control,Clear,"Dark, artificial",Dry,Non-Fatal Injury,Pedestrian Collisions,Driver,65 to 69,None,,South,Passenger Van,Going Ahead,Driving Properly,Normal,,,,,,,Yes,,Yes,,,,,,,Yes,,,,57,Broadview North,57,Broadview North (57),D55,632053.1637,4838075.4437
13208,80725616,,12/18/2016 10:00:00 AM,2236,SB DON VALLEY PKWY,POTTERY RD,400 m North ,,Toronto and East York,43.683962,-79.361606,Non Intersection,No Control,Clear,"Dark, artificial",Dry,Non-Fatal Injury,Pedestrian Collisions,Pedestrian,20 to 24,Major,,Unknown,,,,,Pedestrian hit at mid-block,Playing or Working on Highway,Medical or Physical Disability,,,,Yes,,Yes,,,,,,,Yes,,,,57,Broadview North,57,Broadview North (57),D55,632053.1637,4838075.4437
13209,80632399,,12/19/2016 10:00:00 AM,1132,BAYVIEW AVE,BAYVIEW MEWS LANE,,Major Arterial,North York,43.769309,-79.388622,At Intersection,Traffic Signal,Clear,Daylight,Dry,Non-Fatal Injury,Pedestrian Collisions,Truck Driver,25 to 29,None,,South,Truck - Tank,Going Ahead,Driving Properly,Normal,,,,,,,Yes,,,,Yes,,,,,,,,,52,Bayview Village,52,Bayview Village (52),D33,629691.3564,4847511.7999
13210,80632400,,12/19/2016 10:00:00 AM,1132,BAYVIEW AVE,BAYVIEW MEWS LANE,,Major Arterial,North York,43.769309,-79.388622,At Intersection,Traffic Signal,Clear,Daylight,Dry,Non-Fatal Injury,Pedestrian Collisions,Pedestrian,65 to 69,Major,,Unknown,,,,,Other / Undefined,Other,Normal,,,,Yes,,,,Yes,,,,,,,,,52,Bayview Village,52,Bayview Village (52),D33,629691.3564,4847511.7999
13211,80913894,,12/21/2016 10:00:00 AM,230,JARVIS ST,GERRARD ST E,84 m South o,Major Arterial,Toronto and East York,43.659625,-79.375568,Non Intersection,No Control,Clear,"Dark, artificial",Wet,Non-Fatal Injury,Sideswipe,Driver,unknown,None,,South,"Automobile, Station Wagon",Going Ahead,Driving Properly,Normal,,,,,,,,,Yes,,,,,,,,,,,73,Moss Park,73,Moss Park (73),D51,630980.7581,4835350.3539
13212,80913895,,12/21/2016 10:00:00 AM,230,JARVIS ST,GERRARD ST E,84 m South o,Major Arterial,Toronto and East York,43.659625,-79.375568,Non Intersection,No Control,Clear,"Dark, artificial",Wet,Non-Fatal Injury,Sideswipe,Driver,30 to 34,Major,,South,"Automobile, Station Wagon",Changing Lanes,Other,Normal,,,,,,,,,Yes,,,,,,,,,,,73,Moss Park,73,Moss Park (73),D51,630980.7581,4835350.3539
13213,80632401,,12/21/2016 10:00:00 AM,959,KEELE ST,401 C W KEELE RAMP ST,,Major Arterial,North York,43.724372,-79.481548,At Intersection,Traffic Signal,Clear,Daylight,Wet,Non-Fatal Injury,Pedestrian Collisions,Truck Driver,40 to 44,None,,West,Truck-Tractor,Turning Right,Driving Properly,Normal,,,,,,,Yes,,,,Yes,,,,,,,,,155,Downsview,26,Downsview-Roding-CFB (26),D31,622303.6495,4842379.5435
13214,80632402,,12/21/2016 10:00:00 AM,959,KEELE ST,401 C W KEELE RAMP ST,,Major Arterial,North York,43.724372,-79.481548,At Intersection,Traffic Signal,Clear,Daylight,Wet,Non-Fatal Injury,Pedestrian Collisions,Pedestrian,15 to 19,Major,,West,,,,,Vehicle turns right while ped crosses without ROW at inter.,Crossing without right of way,Inattentive,,,,Yes,,,,Yes,,,,,,,,,155,Downsview,26,Downsview-Roding-CFB (26),D31,622303.6495,4842379.5435
13215,80725133,,12/21/2016 10:00:00 AM,1340,F G GARDINER XY  W,JAMESON AVE,16 m West of,,Toronto and East York,43.633063,-79.434955,Non Intersection,No Control,Clear,Daylight,Dry,Non-Fatal Injury,Rear End,Driver,35 to 39,Major,,West,"Automobile, Station Wagon",Going Ahead,Following too Close,Normal,,,,,,,,,Yes,,,,,Yes,,Yes,,,,85,South Parkdale,85,South Parkdale (85),D14,626247.8654,4832308.2636
13216,80725134,,12/21/2016 10:00:00 AM,1340,F G GARDINER XY  W,JAMESON AVE,16 m West of,,Toronto and East York,43.633063,-79.434955,Non Intersection,No Control,Clear,Daylight,Dry,Non-Fatal Injury,Rear End,Driver,30 to 34,None,,West,"Automobile, Station Wagon",Slowing or Stopping,Driving Properly,Normal,,,,,,,,,Yes,,,,,Yes,,Yes,,,,85,South Parkdale,85,South Parkdale (85),D14,626247.8654,4832308.2636
13217,80725135,,12/21/2016 10:00:00 AM,1340,F G GARDINER XY  W,JAMESON AVE,16 m West of,,Toronto and East York,43.633063,-79.434955,Non Intersection,No Control,Clear,Daylight,Dry,Non-Fatal Injury,Rear End,Driver,60 to 64,None,,West,"Automobile, Station Wagon",Slowing or Stopping,Driving Properly,Normal,,,,,,,,,Yes,,,,,Yes,,Yes,,,,85,South Parkdale,85,South Parkdale (85),D14,626247.8654,4832308.2636
13218,80725136,,12/21/2016 10:00:00 AM,1340,F G GARDINER XY  W,JAMESON AVE,16 m West of,,Toronto and East York,43.633063,-79.434955,Non Intersection,No Control,Clear,Daylight,Dry,Non-Fatal Injury,Rear End,Passenger,25 to 29,None,,,,,,,,,,,,,,,Yes,,,,,Yes,,Yes,,,,85,South Parkdale,85,South Parkdale (85),D14,626247.8654,4832308.2636
13219,80725137,,12/21/2016 10:00:00 AM,1340,F G GARDINER XY  W,JAMESON AVE,16 m West of,,Toronto and East York,43.633063,-79.434955,Non Intersection,No Control,Clear,Daylight,Dry,Non-Fatal Injury,Rear End,Passenger,25 to 29,None,,,,,,,,,,,,,,,Yes,,,,,Yes,,Yes,,,,85,South Parkdale,85,South Parkdale (85),D14,626247.8654,4832308.2636
13220,80725138,,12/21/2016 10:00:00 AM,1340,F G GARDINER XY  W,JAMESON AVE,16 m West of,,Toronto and East York,43.633063,-79.434955,Non Intersection,No Control,Clear,Daylight,Dry,Non-Fatal Injury,Rear End,Passenger,30 to 34,None,,,,,,,,,,,,,,,Yes,,,,,Yes,,Yes,,,,85,South Parkdale,85,South Parkdale (85),D14,626247.8654,4832308.2636
13221,80725139,,12/21/2016 10:00:00 AM,1340,F G GARDINER XY  W,JAMESON AVE,16 m West of,,Toronto and East York,43.633063,-79.434955,Non Intersection,No Control,Clear,Daylight,Dry,Non-Fatal Injury,Rear End,Passenger,35 to 39,None,,,,,,,,,,,,,,,Yes,,,,,Yes,,Yes,,,,85,South Parkdale,85,South Parkdale (85),D14,626247.8654,4832308.2636
13222,80768883,,12/21/2016 10:00:00 AM,2030,BIRCHMOUNT RD,CHALDEAN ST,9 m South of,Major Arterial,Scarborough,43.793257,-79.303493,Intersection Related,Stop Sign,Clear,"Dark, artificial",Wet,Non-Fatal Injury,Pedestrian Collisions,Driver,60 to 64,None,,South,"Automobile, Station Wagon",Going Ahead,Driving Properly,Normal,,,,,,,Yes,,Yes,,,,,,,,,,,148,East L'Amoreaux,117,L'Amoreaux (117),D42,636488.5061,4850308.4575
13223,80768884,,12/21/2016 10:00:00 AM,2030,BIRCHMOUNT RD,CHALDEAN ST,9 m South of,Major Arterial,Scarborough,43.793257,-79.303493,Intersection Related,Stop Sign,Clear,"Dark, artificial",Wet,Non-Fatal Injury,Pedestrian Collisions,Pedestrian,55 to 59,Major,,West,,,,,Vehicle is going straight thru inter.while ped cross without ROW,"Crossing, no Traffic Control",Normal,,,,Yes,,Yes,,,,,,,,,,,148,East L'Amoreaux,117,L'Amoreaux (117),D42,636488.5061,4850308.4575
13224,80725697,,12/24/2016 10:00:00 AM,356,DUFFERIN ST,DOLOMITE DR,,Major Arterial,North York,43.780772,-79.469775,At Intersection,Traffic Signal,Rain,"Dark, artificial",Slush,Non-Fatal Injury,SMV Other,Driver,25 to 29,Major,,South,"Automobile, Station Wagon",Going Ahead,Lost control,"Ability Impaired, Alcohol",,,,,,,,,Yes,,,,,,Yes,Yes,,Yes,,34,Bathurst Manor,34,Bathurst Manor (34),D32,623136.1923,4848661.0364
13225,80725839,,12/25/2016 10:00:00 AM,705,55 BELMONT ST,,,Minor Arterial,Toronto and East York,43.674994,-79.390941,Non Intersection,No Control,Clear,"Dark, artificial",Dry,Non-Fatal Injury,Pedestrian Collisions,Driver,25 to 29,None,,East,"Automobile, Station Wagon",Going Ahead,Driving Properly,Normal,,,,,,,Yes,,Yes,,,,,,,,,,,95,Annex,95,Annex (95),D53,629708.0862,4837033.1333
13226,80725840,,12/25/2016 10:00:00 AM,705,55 BELMONT ST,,,Minor Arterial,Toronto and East York,43.674994,-79.390941,Non Intersection,No Control,Clear,"Dark, artificial",Dry,Non-Fatal Injury,Pedestrian Collisions,Pedestrian,65 to 69,Major,,South,,,,,Pedestrian hit at mid-block,"Crossing, no Traffic Control",Inattentive,,,,Yes,,Yes,,,,,,,,,,,95,Annex,95,Annex (95),D53,629708.0862,4837033.1333
13227,80632413,,12/25/2016 10:00:00 AM,2141,LESLIE ST,401 C W LESLIE S RAMP,11 m North o,Major Arterial,North York,43.767161,-79.36362,Intersection Related,Traffic Signal,Clear,"Dark, artificial",Dry,Non-Fatal Injury,Pedestrian Collisions,Driver,30 to 34,None,,West,"Automobile, Station Wagon",Turning Right,Failed to Yield Right of Way,Inattentive,,,,,,,Yes,,Yes,,,,,,,Yes,,,,52,Bayview Village,52,Bayview Village (52),D33,631708.3702,4847312.695
13228,80632414,,12/25/2016 10:00:00 AM,2141,LESLIE ST,401 C W LESLIE S RAMP,11 m North o,Major Arterial,North York,43.767161,-79.36362,Intersection Related,Traffic Signal,Clear,"Dark, artificial",Dry,Non-Fatal Injury,Pedestrian Collisions,Pedestrian,75 to 79,Major,,West,,,,,Vehicle turns right while ped crosses with ROW at inter.,Crossing with right of way,Normal,,,,Yes,,Yes,,,,,,,Yes,,,,52,Bayview Village,52,Bayview Village (52),D33,631708.3702,4847312.695
13229,80768321,,12/27/2016 10:00:00 AM,230,TAPSCOTT RD,PASSMORE AVE,5 m South of,Minor Arterial,Scarborough,43.831568,-79.2457,At Intersection,Stop Sign,Clear,"Dark, artificial",Dry,Non-Fatal Injury,SMV Other,Driver,20 to 24,Minor,,South,"Automobile, Station Wagon",Going Ahead,Lost control,Had Been Drinking,,,,,,,,,Yes,,,,,Yes,,,,,,144,Morningside Heights,131,Rouge (131),D42,641047.936,4854660.4517
13230,80768322,,12/27/2016 10:00:00 AM,230,TAPSCOTT RD,PASSMORE AVE,5 m South of,Minor Arterial,Scarborough,43.831568,-79.2457,At Intersection,Stop Sign,Clear,"Dark, artificial",Dry,Non-Fatal Injury,SMV Other,Passenger,20 to 24,Major,,,,,,,,,,,,,,,Yes,,,,,Yes,,,,,,144,Morningside Heights,131,Rouge (131),D42,641047.936,4854660.4517
13231,80632415,,12/28/2016 10:00:00 AM,1919,CALEDONIA RD,EGLINTON AVE W,,Major Arterial,North York,43.692958,-79.462169,Intersection Related,Traffic Signal,Clear,"Dark, artificial",Dry,Non-Fatal Injury,Pedestrian Collisions,Driver,unknown,None,,North,"Automobile, Station Wagon",Turning Left,Failed to Yield Right of Way,Unknown,,,,,,,Yes,,Yes,,,,,,,Yes,,,,109,Caledonia-Fairbank,109,Caledonia-Fairbank (109),D13,623929.2666,4838919.3618
13232,80632416,,12/28/2016 10:00:00 AM,1919,CALEDONIA RD,EGLINTON AVE W,,Major Arterial,North York,43.692958,-79.462169,Intersection Related,Traffic Signal,Clear,"Dark, artificial",Dry,Non-Fatal Injury,Pedestrian Collisions,Pedestrian,25 to 29,Major,,South,,,,,Vehicle turns left while ped crosses with ROW at inter.,Crossing with right of way,Normal,,,,Yes,,Yes,,,,,,,Yes,,,,109,Caledonia-Fairbank,109,Caledonia-Fairbank (109),D13,623929.2666,4838919.3618
13233,80768434,,12/31/2016 10:00:00 AM,2022,EGLINTON AVE E,BERMONDSEY RD,,Major Arterial,North York,43.725951,-79.313487,Intersection Related,Traffic Signal,Clear,"Dark, artificial",Wet,Non-Fatal Injury,Turning Movement,Driver,25 to 29,None,,West,"Automobile, Station Wagon",Turning Left,Improper Turn,Normal,,,,,,,,,Yes,,,,,Yes,,,,,,43,Victoria Village,43,Victoria Village (43),D55,635836.6841,4842816.6674
13234,80768435,,12/31/2016 10:00:00 AM,2022,EGLINTON AVE E,BERMONDSEY RD,,Major Arterial,North York,43.725951,-79.313487,Intersection Related,Traffic Signal,Clear,"Dark, artificial",Wet,Non-Fatal Injury,Turning Movement,Driver,50 to 54,None,,East,"Automobile, Station Wagon",Going Ahead,Driving Properly,Normal,,,,,,,,,Yes,,,,,Yes,,,,,,43,Victoria Village,43,Victoria Village (43),D55,635836.6841,4842816.6674
13235,80768436,,12/31/2016 10:00:00 AM,2022,EGLINTON AVE E,BERMONDSEY RD,,Major Arterial,North York,43.725951,-79.313487,Intersection Related,Traffic Signal,Clear,"Dark, artificial",Wet,Non-Fatal Injury,Turning Movement,Passenger,25 to 29,None,,,,,,,,,,,,,,,Yes,,,,,Yes,,,,,,43,Victoria Village,43,Victoria Village (43),D55,635836.6841,4842816.6674
13236,80768473,,12/31/2016 10:00:00 AM,2022,EGLINTON AVE E,BERMONDSEY RD,,Major Arterial,North York,43.725951,-79.313487,Intersection Related,Traffic Signal,Clear,"Dark, artificial",Wet,Non-Fatal Injury,Turning Movement,Passenger,20 to 24,Minor,,,,,,,,,,,,,,,Yes,,,,,Yes,,,,,,43,Victoria Village,43,Victoria Village (43),D55,635836.6841,4842816.6674
13237,80768474,,12/31/2016 10:00:00 AM,2022,EGLINTON AVE E,BERMONDSEY RD,,Major Arterial,North York,43.725951,-79.313487,Intersection Related,Traffic Signal,Clear,"Dark, artificial",Wet,Non-Fatal Injury,Turning Movement,Passenger,15 to 19,Major,,,,,,,,,,,,,,,Yes,,,,,Yes,,,,,,43,Victoria Village,43,Victoria Village (43),D55,635836.6841,4842816.6674
13238,80768475,,12/31/2016 10:00:00 AM,2022,EGLINTON AVE E,BERMONDSEY RD,,Major Arterial,North York,43.725951,-79.313487,Intersection Related,Traffic Signal,Clear,"Dark, artificial",Wet,Non-Fatal Injury,Turning Movement,Passenger,50 to 54,Minor,,,,,,,,,,,,,,,Yes,,,,,Yes,,,,,,43,Victoria Village,43,Victoria Village (43),D55,635836.6841,4842816.6674
13239,80734609,,1/1/2017 10:00:00 AM,1405,57 BIMINI CRES,,9 m South of,Local,Etobicoke York,43.766555,-79.526157,Non Intersection,No Control,Clear,Daylight,Other,Non-Fatal Injury,SMV Other,Driver,85 to 89,Major,,West,"Automobile, Station Wagon",Reversing,Other,Inattentive,,,,,,,,,Yes,,,,,,,,,,,24,Black Creek,24,Black Creek (24),D31,618627.2421,4846999.7112
13240,80890115,,1/3/2017 10:00:00 AM,10,F G GARDINER XY  E,KIPLING AVE,900 m West o,,Etobicoke York,43.615851,-79.535251,Non Intersection,No Control,Rain,"Dark, artificial",Wet,Non-Fatal Injury,Rear End,Passenger,20 to 24,Major,,,,,,,,,,,,,,,Yes,,,,,Yes,Yes,Yes,,,,20,Alderwood,20,Alderwood (20),D22,618190.9169,4830249.015
13241,80890116,,1/3/2017 10:00:00 AM,10,F G GARDINER XY  E,KIPLING AVE,900 m West o,,Etobicoke York,43.615851,-79.535251,Non Intersection,No Control,Rain,"Dark, artificial",Wet,Non-Fatal Injury,Rear End,Passenger,15 to 19,Major,,,,,,,,,,,,,,,Yes,,,,,Yes,Yes,Yes,,,,20,Alderwood,20,Alderwood (20),D22,618190.9169,4830249.015
13242,80890117,,1/3/2017 10:00:00 AM,10,F G GARDINER XY  E,KIPLING AVE,900 m West o,,Etobicoke York,43.615851,-79.535251,Non Intersection,No Control,Rain,"Dark, artificial",Wet,Non-Fatal Injury,Rear End,Passenger,unknown,Minor,,,,,,,,,,,,,,,Yes,,,,,Yes,Yes,Yes,,,,20,Alderwood,20,Alderwood (20),D22,618190.9169,4830249.015
13243,80890118,,1/3/2017 10:00:00 AM,10,F G GARDINER XY  E,KIPLING AVE,900 m West o,,Etobicoke York,43.615851,-79.535251,Non Intersection,No Control,Rain,"Dark, artificial",Wet,Non-Fatal Injury,Rear End,Passenger,50 to 54,Minor,,,,,,,,,,,,,,,Yes,,,,,Yes,Yes,Yes,,,,20,Alderwood,20,Alderwood (20),D22,618190.9169,4830249.015
13244,80890119,,1/3/2017 10:00:00 AM,10,F G GARDINER XY  E,KIPLING AVE,900 m West o,,Etobicoke York,43.615851,-79.535251,Non Intersection,No Control,Rain,"Dark, artificial",Wet,Non-Fatal Injury,Rear End,Passenger,45 to 49,Minor,,,,,,,,,,,,,,,Yes,,,,,Yes,Yes,Yes,,,,20,Alderwood,20,Alderwood (20),D22,618190.9169,4830249.015
13245,80890120,,1/3/2017 10:00:00 AM,10,F G GARDINER XY  E,KIPLING AVE,900 m West o,,Etobicoke York,43.615851,-79.535251,Non Intersection,No Control,Rain,"Dark, artificial",Wet,Non-Fatal Injury,Rear End,Driver,25 to 29,Major,,East,"Automobile, Station Wagon",Slowing or Stopping,Driving Properly,Normal,,,,,,,,,Yes,,,,,Yes,Yes,Yes,,,,20,Alderwood,20,Alderwood (20),D22,618190.9169,4830249.015
13246,80890121,,1/3/2017 10:00:00 AM,10,F G GARDINER XY  E,KIPLING AVE,900 m West o,,Etobicoke York,43.615851,-79.535251,Non Intersection,No Control,Rain,"Dark, artificial",Wet,Non-Fatal Injury,Rear End,Driver,75 to 79,Minimal,,East,"Automobile, Station Wagon",Going Ahead,Speed too Fast For Condition,Inattentive,,,,,,,,,Yes,,,,,Yes,Yes,Yes,,,,20,Alderwood,20,Alderwood (20),D22,618190.9169,4830249.015
13247,80609322,,1/3/2017 10:00:00 AM,717,LOWER SHERBOURNE ST,THE ESPLANADE,,Minor Arterial,Toronto and East York,43.648974,-79.367259,At Intersection,Traffic Signal,Rain,Dark,Wet,Fatal,Pedestrian Collisions,Driver,35 to 39,None,,South,"Automobile, Station Wagon",Going Ahead,Driving Properly,Normal,,,,,,,Yes,,Yes,,,,,,,,,,,166,St Lawrence-East Bayfront-The Islands,77,Waterfront Communities-The Island (77),D51,631674.0106,4834180.5702
13248,80609323,,1/3/2017 10:00:00 AM,717,LOWER SHERBOURNE ST,THE ESPLANADE,,Minor Arterial,Toronto and East York,43.648974,-79.367259,At Intersection,Traffic Signal,Rain,Dark,Wet,Fatal,Pedestrian Collisions,Pedestrian,80 to 84,Fatal,1,West,,,,,Vehicle is going straight thru inter.while ped cross without ROW,Crossing without right of way,Normal,,,,Yes,,Yes,,,,,,,,,,,166,St Lawrence-East Bayfront-The Islands,77,Waterfront Communities-The Island (77),D51,631674.0106,4834180.5702
13249,80931233,,1/7/2017 10:00:00 AM,16,DUFFERIN ST,STEELES AVE W,,Major Arterial,North York,43.787211,-79.470042,At Intersection,Traffic Signal,Clear,"Dark, artificial",Dry,Non-Fatal Injury,Angle,Driver,20 to 24,None,,North,"Automobile, Station Wagon",Going Ahead,Driving Properly,Normal,,,,,,,,,Yes,,,,,,Yes,Yes,Yes,Yes,,34,Bathurst Manor,34,Bathurst Manor (34),D32,623101.49,4849375.7889
13250,80931234,,1/7/2017 10:00:00 AM,16,DUFFERIN ST,STEELES AVE W,,Major Arterial,North York,43.787211,-79.470042,At Intersection,Traffic Signal,Clear,"Dark, artificial",Dry,Non-Fatal Injury,Angle,Driver,65 to 69,Major,,North,Pick Up Truck,Going Ahead,Driving Properly,Normal,,,,,,,,,Yes,,,,,,Yes,Yes,Yes,Yes,,34,Bathurst Manor,34,Bathurst Manor (34),D32,623101.49,4849375.7889
13251,80931235,,1/7/2017 10:00:00 AM,16,DUFFERIN ST,STEELES AVE W,,Major Arterial,North York,43.787211,-79.470042,At Intersection,Traffic Signal,Clear,"Dark, artificial",Dry,Non-Fatal Injury,Angle,Driver,35 to 39,Minimal,,East,"Automobile, Station Wagon",Going Ahead,Disobeyed Traffic Control,"Ability Impaired, Alcohol Over .08",,,,,,,,,Yes,,,,,,Yes,Yes,Yes,Yes,,34,Bathurst Manor,34,Bathurst Manor (34),D32,623101.49,4849375.7889
13252,80734974,,1/7/2017 10:00:00 AM,2222,ISLINGTON AVE,ABERFOYLE CRES,5 m South of,Major Arterial,Etobicoke York,43.645438,-79.523776,At Intersection,No Control,Clear,"Dark, artificial",Dry,Non-Fatal Injury,Rear End,Driver,20 to 24,Minor,,North,"Automobile, Station Wagon",Going Ahead,Following too Close,Inattentive,,,,,,,,,Yes,,,,,Yes,,Yes,,,,158,Islington,14,Islington-City Centre West (14),D22,619058.4135,4833551.4144
13253,80734975,,1/7/2017 10:00:00 AM,2222,ISLINGTON AVE,ABERFOYLE CRES,5 m South of,Major Arterial,Etobicoke York,43.645438,-79.523776,At Intersection,No Control,Clear,"Dark, artificial",Dry,Non-Fatal Injury,Rear End,Driver,60 to 64,None,,North,Pick Up Truck,Slowing or Stopping,Driving Properly,Normal,,,,,,,,,Yes,,,,,Yes,,Yes,,,,158,Islington,14,Islington-City Centre West (14),D22,619058.4135,4833551.4144
13254,80734976,,1/7/2017 10:00:00 AM,2222,ISLINGTON AVE,ABERFOYLE CRES,5 m South of,Major Arterial,Etobicoke York,43.645438,-79.523776,At Intersection,No Control,Clear,"Dark, artificial",Dry,Non-Fatal Injury,Rear End,Passenger,20 to 24,Major,,,,,,,,,,,,,,,Yes,,,,,Yes,,Yes,,,,158,Islington,14,Islington-City Centre West (14),D22,619058.4135,4833551.4144
13255,80734977,,1/7/2017 10:00:00 AM,2222,ISLINGTON AVE,ABERFOYLE CRES,5 m South of,Major Arterial,Etobicoke York,43.645438,-79.523776,At Intersection,No Control,Clear,"Dark, artificial",Dry,Non-Fatal Injury,Rear End,Passenger,60 to 64,None,,,,,,,,,,,,,,,Yes,,,,,Yes,,Yes,,,,158,Islington,14,Islington-City Centre West (14),D22,619058.4135,4833551.4144
13256,80776087,,1/8/2017 10:00:00 AM,1311,BATHURST ST,NINA ST,,Major Arterial,Toronto and East York,43.679816,-79.416942,At Intersection,Traffic Signal,Clear,Daylight,Dry,Non-Fatal Injury,Pedestrian Collisions,Driver,55 to 59,None,,West,"Automobile, Station Wagon",Turning Left,Failed to Yield Right of Way,Inattentive,,,,,,,Yes,,Yes,,,,,,,Yes,,,,96,Casa Loma,96,Casa Loma (96),D13,627601.8736,4837528.351
13257,80776088,,1/8/2017 10:00:00 AM,1311,BATHURST ST,NINA ST,,Major Arterial,Toronto and East York,43.679816,-79.416942,At Intersection,Traffic Signal,Clear,Daylight,Dry,Non-Fatal Injury,Pedestrian Collisions,Pedestrian,65 to 69,Major,,East,,,,,Vehicle turns left while ped crosses with ROW at inter.,Crossing with right of way,Normal,,,,Yes,,Yes,,,,,,,Yes,,,,96,Casa Loma,96,Casa Loma (96),D13,627601.8736,4837528.351
13258,80776089,,1/8/2017 10:00:00 AM,1311,BATHURST ST,NINA ST,,Major Arterial,Toronto and East York,43.679816,-79.416942,At Intersection,Traffic Signal,Clear,Daylight,Dry,Non-Fatal Injury,Pedestrian Collisions,Pedestrian,55 to 59,Major,,East,,,,,Vehicle turns left while ped crosses with ROW at inter.,Crossing with right of way,Normal,,,,Yes,,Yes,,,,,,,Yes,,,,96,Casa Loma,96,Casa Loma (96),D13,627601.8736,4837528.351
13259,80609325,,1/8/2017 10:00:00 AM,1829,ELLESMERE RD,MONDEO DR,,Major Arterial,Scarborough,43.764189,-79.287677,At Intersection,Traffic Signal,Clear,"Dark, artificial",Dry,Fatal,Pedestrian Collisions,Driver,25 to 29,None,,West,"Automobile, Station Wagon",Going Ahead,Driving Properly,Normal,,,,,,,Yes,,Yes,,,,,,,,,,,126,Dorset Park,126,Dorset Park (126),D41,637827.7343,4847106.2049
13260,80609326,,1/8/2017 10:00:00 AM,1829,ELLESMERE RD,MONDEO DR,,Major Arterial,Scarborough,43.764189,-79.287677,At Intersection,Traffic Signal,Clear,"Dark, artificial",Dry,Fatal,Pedestrian Collisions,Pedestrian,75 to 79,Fatal,2,North,,,,,Vehicle is going straight thru inter.while ped cross without ROW,Crossing without right of way,Inattentive,,,,Yes,,Yes,,,,,,,,,,,126,Dorset Park,126,Dorset Park (126),D41,637827.7343,4847106.2049
13261,80774962,,1/10/2017 10:00:00 AM,2003,ADELAIDE ST E,CHURCH ST,,Major Arterial,Toronto and East York,43.651179,-79.374912,At Intersection,Traffic Signal,Rain,"Dark, artificial",Wet,Non-Fatal Injury,Pedestrian Collisions,Driver,55 to 59,None,,East,"Automobile, Station Wagon",Going Ahead,Driving Properly,Normal,,,,,,,Yes,,Yes,,,,,Yes,,,,,,168,Downtown Yonge East,75,Church-Yonge Corridor (75),D51,631052.0245,4834413.3497
13262,80774963,,1/10/2017 10:00:00 AM,2003,ADELAIDE ST E,CHURCH ST,,Major Arterial,Toronto and East York,43.651179,-79.374912,At Intersection,Traffic Signal,Rain,"Dark, artificial",Wet,Non-Fatal Injury,Pedestrian Collisions,Pedestrian,50 to 54,Major,,North,,,,,Vehicle is going straight thru inter.while ped cross without ROW,Crossing without right of way,Normal,,,,Yes,,Yes,,,,,Yes,,,,,,168,Downtown Yonge East,75,Church-Yonge Corridor (75),D51,631052.0245,4834413.3497