OBJECTID,INDEX,ACCNUM,DATE,TIME,STREET1,STREET2,OFFSET,ROAD_CLASS,DISTRICT,LATITUDE,LONGITUDE,ACCLOC,TRAFFCTL,VISIBILITY,LIGHT,RDSFCOND,ACCLASS,IMPACTYPE,INVTYPE,INVAGE,INJURY,FATAL_NO,INITDIR,VEHTYPE,MANOEUVER,DRIVACT,DRIVCOND,PEDTYPE,PEDACT,PEDCOND,CYCLISTYPE,CYCACT,CYCCOND,PEDESTRIAN,CYCLIST,AUTOMOBILE,MOTORCYCLE,TRUCK,TRSN_CITY_VEH,EMERG_VEH,PASSENGER,SPEEDING,AG_DRIV,REDLIGHT,ALCOHOL,DISABILITY,HOOD_158,NEIGHBOURHOOD_158,HOOD_140,NEIGHBOURHOOD_140,DIVISION,x,y
13263,80774964,,1/10/2017 10:00:00 AM,2003,ADELAIDE ST E,CHURCH ST,,Major Arterial,Toronto and East York,43.651179,-79.374912,At Intersection,Traffic Signal,Rain,"Dark, artificial",Wet,Non-Fatal Injury,Pedestrian Collisions,Passenger,15 to 19,None,,,,,,,,,,,,,Yes,,Yes,,,,,Yes,,,,,,168,Downtown Yonge East,75,Church-Yonge Corridor (75),D51,631052.0245,4834413.3497
13264,80734850,,1/12/2017 10:00:00 AM,2258,WESTON RD,VEROBEACH BLVD,252 m South ,Major Arterial,Etobicoke York,43.736796,-79.538928,Non Intersection,No Control,Clear,"Dark, artificial",Dry,Non-Fatal Injury,SMV Other,Truck Driver,55 to 59,Major,,North,"Truck - Closed (Blazer, etc)",Going Ahead,Lost control,Medical or Physical Disability,,,,,,,,,,,Yes,,,,,,,,Yes,22,Humbermede,22,Humbermede (22),D31,617657.6151,4843676.3258
13265,80943362,,1/14/2017 10:00:00 AM,1902,NEILSON RD,CROW TRL,,Minor Arterial,Scarborough,43.812148,-79.225711,At Intersection,Traffic Signal,Clear,"Dark, artificial",Dry,Non-Fatal Injury,Turning Movement,Passenger,10 to 14,Major,,,,,,,,,,,,,,,Yes,,,,,Yes,,,,,,145,Malvern West,132,Malvern (132),D42,642701.3589,4852537.8227
13266,80943363,,1/14/2017 10:00:00 AM,1902,NEILSON RD,CROW TRL,,Minor Arterial,Scarborough,43.812148,-79.225711,At Intersection,Traffic Signal,Clear,"Dark, artificial",Dry,Non-Fatal Injury,Turning Movement,Passenger,5 to 9,Major,,,,,,,,,,,,,,,Yes,,,,,Yes,,,,,,145,Malvern West,132,Malvern (132),D42,642701.3589,4852537.8227
13267,80943364,,1/14/2017 10:00:00 AM,1902,NEILSON RD,CROW TRL,,Minor Arterial,Scarborough,43.812148,-79.225711,At Intersection,Traffic Signal,Clear,"Dark, artificial",Dry,Non-Fatal Injury,Turning Movement,Passenger,10 to 14,Minor,,,,,,,,,,,,,,,Yes,,,,,Yes,,,,,,145,Malvern West,132,Malvern (132),D42,642701.3589,4852537.8227
13268,80943365,,1/14/2017 10:00:00 AM,1902,NEILSON RD,CROW TRL,,Minor Arterial,Scarborough,43.812148,-79.225711,At Intersection,Traffic Signal,Clear,"Dark, artificial",Dry,Non-Fatal Injury,Turning Movement,Passenger,15 to 19,Minimal,,,,,,,,,,,,,,,Yes,,,,,Yes,,,,,,145,Malvern West,132,Malvern (132),D42,642701.3589,4852537.8227
13269,80943366,,1/14/2017 10:00:00 AM,1902,NEILSON RD,CROW TRL,,Minor Arterial,Scarborough,43.812148,-79.225711,At Intersection,Traffic Signal,Clear,"Dark, artificial",Dry,Non-Fatal Injury,Turning Movement,Driver,20 to 24,Minimal,,South,"Automobile, Station Wagon",Going Ahead,Driving Properly,Normal,,,,,,,,,Yes,,,,,Yes,,,,,,145,Malvern West,132,Malvern (132),D42,642701.3589,4852537.8227
13270,80943367,,1/14/2017 10:00:00 AM,1902,NEILSON RD,CROW TRL,,Minor Arterial,Scarborough,43.812148,-79.225711,At Intersection,Traffic Signal,Clear,"Dark, artificial",Dry,Non-Fatal Injury,Turning Movement,Driver,75 to 79,Minimal,,North,Pick Up Truck,Turning Left,Improper Turn,Inattentive,,,,,,,,,Yes,,,,,Yes,,,,,,145,Malvern West,132,Malvern (132),D42,642701.3589,4852537.8227
13271,80920091,,1/15/2017 10:00:00 AM,2033,YONGE  ST,ALBERTUS AVE,6 m South of,Major Arterial,North York,43.714495,-79.399997,Intersection Related,No Control,Clear,"Dark, artificial",Dry,Non-Fatal Injury,Pedestrian Collisions,Pedestrian,45 to 49,Major,,West,,,,,Vehicle is going straight thru inter.while ped cross without ROW,Crossing without right of way,Inattentive,,,,Yes,,Yes,,,,,,,,,,,99,Mount Pleasant East,99,Mount Pleasant East (99),D53,628893.4089,4841406.1456
13272,80920092,,1/15/2017 10:00:00 AM,2033,YONGE  ST,ALBERTUS AVE,6 m South of,Major Arterial,North York,43.714495,-79.399997,Intersection Related,No Control,Clear,"Dark, artificial",Dry,Non-Fatal Injury,Pedestrian Collisions,Driver,55 to 59,None,,North,"Automobile, Station Wagon",Going Ahead,Driving Properly,Normal,,,,,,,Yes,,Yes,,,,,,,,,,,99,Mount Pleasant East,99,Mount Pleasant East (99),D53,628893.4089,4841406.1456
13273,80734207,,1/19/2017 10:00:00 AM,553,KING ST W,BAY ST,,Major Arterial,Toronto and East York,43.648577,-79.380237,At Intersection,Traffic Signal,Clear,"Dark, artificial",Dry,Non-Fatal Injury,Pedestrian Collisions,Truck Driver,60 to 64,None,,East,"Truck - Closed (Blazer, etc)",Turning Right,Other,Normal,,,,,,,Yes,,,,Yes,,,,,,,,,170,Yonge-Bay Corridor,76,Bay Street Corridor (76),D52,630628.2364,4834115.9676
13274,80734257,,1/19/2017 10:00:00 AM,553,KING ST W,BAY ST,,Major Arterial,Toronto and East York,43.648577,-79.380237,At Intersection,Traffic Signal,Clear,"Dark, artificial",Dry,Non-Fatal Injury,Pedestrian Collisions,Pedestrian,40 to 44,Major,,Unknown,,,,,Pedestrian hit on sidewalk or shoulder,Other,Inattentive,,,,Yes,,,,Yes,,,,,,,,,170,Yonge-Bay Corridor,76,Bay Street Corridor (76),D52,630628.2364,4834115.9676
13275,80734346,,1/19/2017 10:00:00 AM,1755,COLLINSGROVE RD,LAWRENCE AV E,113 m North ,Collector,Scarborough,43.769919,-79.183154,Non Intersection,No Control,Clear,"Dark, artificial",Dry,Non-Fatal Injury,Pedestrian Collisions,Driver,65 to 69,None,,North,"Automobile, Station Wagon",Going Ahead,Driving Properly,Normal,,,,,,,Yes,,Yes,,,,,,,,,,,136,West Hill,136,West Hill (136),D43,646227.1047,4847921.8942
13276,80734347,,1/19/2017 10:00:00 AM,1755,COLLINSGROVE RD,LAWRENCE AV E,113 m North ,Collector,Scarborough,43.769919,-79.183154,Non Intersection,No Control,Clear,"Dark, artificial",Dry,Non-Fatal Injury,Pedestrian Collisions,Pedestrian,55 to 59,Major,,East,,,,,Pedestrian hit at mid-block,"Crossing, no Traffic Control",Normal,,,,Yes,,Yes,,,,,,,,,,,136,West Hill,136,West Hill (136),D43,646227.1047,4847921.8942
13277,80734404,,1/19/2017 10:00:00 AM,1828,KENNEDY RD,MERRIAN RD,30 m North o,Major Arterial,Scarborough,43.727336,-79.26588,At Intersection,Traffic Controller,Clear,"Dark, artificial",Wet,Non-Fatal Injury,Rear End,Driver,20 to 24,None,,South,"Automobile, Station Wagon",Going Ahead,Exceeding Speed Limit,Normal,,,,,,,,,Yes,,,,,,Yes,Yes,,,,124,Kennedy Park,124,Kennedy Park (124),D41,639667.9165,4843049.6321
13278,80734405,,1/19/2017 10:00:00 AM,1828,KENNEDY RD,MERRIAN RD,30 m North o,Major Arterial,Scarborough,43.727336,-79.26588,At Intersection,Traffic Controller,Clear,"Dark, artificial",Wet,Non-Fatal Injury,Rear End,Driver,20 to 24,Major,,South,"Automobile, Station Wagon",Going Ahead,Driving Properly,Normal,,,,,,,,,Yes,,,,,,Yes,Yes,,,,124,Kennedy Park,124,Kennedy Park (124),D41,639667.9165,4843049.6321
13279,80734480,,1/20/2017 10:00:00 AM,527,CALEDONIA RD,CASTLEFIELD AVE,,Minor Arterial,North York,43.698371,-79.463481,At Intersection,Traffic Signal,Clear,"Dark, artificial",Dry,Non-Fatal Injury,Angle,Driver,50 to 54,Major,,North,Other,Going Ahead,Disobeyed Traffic Control,Inattentive,,,,,,,,,Yes,,,,,,,Yes,Yes,,,108,Briar Hill-Belgravia,108,Briar Hill-Belgravia (108),D13,623812.3951,4839518.5897
13280,80734481,,1/20/2017 10:00:00 AM,527,CALEDONIA RD,CASTLEFIELD AVE,,Minor Arterial,North York,43.698371,-79.463481,At Intersection,Traffic Signal,Clear,"Dark, artificial",Dry,Non-Fatal Injury,Angle,Driver,30 to 34,None,,West,"Automobile, Station Wagon",Going Ahead,Driving Properly,Normal,,,,,,,,,Yes,,,,,,,Yes,Yes,,,108,Briar Hill-Belgravia,108,Briar Hill-Belgravia (108),D13,623812.3951,4839518.5897
13281,80609330,,1/21/2017 10:00:00 AM,40,BROWNS LINE,LAKESHORE W BROWNS LI RAMP,20 m North,Major Arterial,Etobicoke York,43.592673,-79.542079,Non Intersection,No Control,"Fog, Mist, Smoke, Dust","Dark, artificial",Wet,Fatal,SMV Other,Driver,20 to 24,Fatal,3,South,Delivery Van,Going Ahead,Lost control,Had Been Drinking,,,,,,,,,Yes,,,,,,Yes,Yes,,,,19,Long Branch,19,Long Branch (19),D22,617685.144,4827665.1274
13282,80907325,,1/24/2017 10:00:00 AM,1635,95 REDPATH  AVE,,10 m West of,Collector,Toronto and East York,43.706874,-79.392413,Non Intersection,No Control,Freezing Rain,Daylight,Wet,Non-Fatal Injury,Pedestrian Collisions,Pedestrian,35 to 39,Major,,East,,,,,Pedestrian hit at mid-block,Running onto Roadway,Other,,,,Yes,,Yes,,,,,,,,,,,174,South Eglinton-Davisville,104,Mount Pleasant West (104),D53,629520.7835,4840571.547
13283,80907326,,1/24/2017 10:00:00 AM,1635,95 REDPATH  AVE,,10 m West of,Collector,Toronto and East York,43.706874,-79.392413,Non Intersection,No Control,Freezing Rain,Daylight,Wet,Non-Fatal Injury,Pedestrian Collisions,Driver,60 to 64,None,,South,"Automobile, Station Wagon",Going Ahead,Driving Properly,Normal,,,,,,,Yes,,Yes,,,,,,,,,,,174,South Eglinton-Davisville,104,Mount Pleasant West (104),D53,629520.7835,4840571.547
13284,80631721,,1/25/2017 10:00:00 AM,1440,FINCH AVE W,WESTON RD,,Major Arterial,Etobicoke York,43.752017,-79.542331,At Intersection,Traffic Signal,Clear,Daylight,Wet,Fatal,Angle,Truck Driver,55 to 59,None,,North,Truck - Dump,Going Ahead,Driving Properly,Normal,,,,,,,,,Yes,,Yes,,,,,Yes,Yes,,Yes,22,Humbermede,22,Humbermede (22),D31,617353.8311,4845362.0107
13285,80631859,,1/25/2017 10:00:00 AM,1440,FINCH AVE W,WESTON RD,,Major Arterial,Etobicoke York,43.752017,-79.542331,At Intersection,Traffic Signal,Clear,Daylight,Wet,Fatal,Angle,Driver,85 to 89,Fatal,6,South,"Automobile, Station Wagon",Going Ahead,Disobeyed Traffic Control,Medical or Physical Disability,,,,,,,,,Yes,,Yes,,,,,Yes,Yes,,Yes,22,Humbermede,22,Humbermede (22),D31,617353.8311,4845362.0107
13286,80632417,,1/25/2017 10:00:00 AM,1440,FINCH AVE W,WESTON RD,,Major Arterial,Etobicoke York,43.752017,-79.542331,At Intersection,Traffic Signal,Clear,Daylight,Wet,Fatal,Angle,Driver,40 to 44,None,,,"Automobile, Station Wagon",Going Ahead,,,,,,,,,,,Yes,,Yes,,,,,Yes,Yes,,Yes,22,Humbermede,22,Humbermede (22),D31,617353.8311,4845362.0107
13287,81070510,,1/25/2017 10:00:00 AM,1440,FINCH AVE W,WESTON RD,,Major Arterial,Etobicoke York,43.752017,-79.542331,At Intersection,Traffic Signal,Clear,Daylight,Wet,Fatal,Angle,Driver,50 to 54,None,,East,Passenger Van,Going Ahead,Driving Properly,Normal,,,,,,,,,Yes,,Yes,,,,,Yes,Yes,,Yes,22,Humbermede,22,Humbermede (22),D31,617353.8311,4845362.0107
13288,80773786,,1/25/2017 10:00:00 AM,1934,BATHURST ST,LENNOX ST,,Major Arterial,Toronto and East York,43.663756,-79.410678,At Intersection,Traffic Signal,Rain,"Dark, artificial",Wet,Non-Fatal Injury,Pedestrian Collisions,Driver,unknown,None,,West,"Automobile, Station Wagon",Turning Right,Failed to Yield Right of Way,Unknown,,,,,,,Yes,,Yes,,,,,,,Yes,,,,79,University,79,University (79),D14,628140.9604,4835754.3286
13289,80773787,,1/25/2017 10:00:00 AM,1934,BATHURST ST,LENNOX ST,,Major Arterial,Toronto and East York,43.663756,-79.410678,At Intersection,Traffic Signal,Rain,"Dark, artificial",Wet,Non-Fatal Injury,Pedestrian Collisions,Pedestrian,50 to 54,Major,,East,,,,,Vehicle turns right while ped crosses with ROW at inter.,Crossing with right of way,Normal,,,,Yes,,Yes,,,,,,,Yes,,,,79,University,79,University (79),D14,628140.9604,4835754.3286
13290,80733456,,1/27/2017 10:00:00 AM,1450,FRONT ST W,YONGE ST,100 m West o,Minor Arterial,Toronto and East York,43.646239,-79.377826,Non Intersection,No Control,Clear,Daylight,Dry,Non-Fatal Injury,Cyclist Collisions,Driver,45 to 49,None,,West,"Automobile, Station Wagon",Stopped,Other,Inattentive,,,,,,,,Yes,Yes,,,,,,,,,,,166,St Lawrence-East Bayfront-The Islands,77,Waterfront Communities-The Island (77),D52,630827.7528,4833860.1001
13291,80733457,,1/27/2017 10:00:00 AM,1450,FRONT ST W,YONGE ST,100 m West o,Minor Arterial,Toronto and East York,43.646239,-79.377826,Non Intersection,No Control,Clear,Daylight,Dry,Non-Fatal Injury,Cyclist Collisions,Cyclist,35 to 39,Major,,West,Bicycle,Overtaking,,,,,,Cyclist struck opened vehicle door,Driving Properly,Normal,,Yes,Yes,,,,,,,,,,,166,St Lawrence-East Bayfront-The Islands,77,Waterfront Communities-The Island (77),D52,630827.7528,4833860.1001
13292,80733512,,1/27/2017 10:00:00 AM,1450,FRONT ST W,YONGE ST,100 m West o,Minor Arterial,Toronto and East York,43.646239,-79.377826,Non Intersection,No Control,Clear,Daylight,Dry,Non-Fatal Injury,Cyclist Collisions,Driver,50 to 54,None,,West,"Automobile, Station Wagon",Going Ahead,Driving Properly,Normal,,,,,,,,Yes,Yes,,,,,,,,,,,166,St Lawrence-East Bayfront-The Islands,77,Waterfront Communities-The Island (77),D52,630827.7528,4833860.1001
13293,80609329,,1/29/2017 10:00:00 AM,110,F G GARDINER XY  E,SPADINA AVE,350 m West,Major Arterial,Toronto and East York,43.637957,-79.395633,Non Intersection,No Control,Clear,Dark,Dry,Fatal,Pedestrian Collisions,Driver,20 to 24,None,,East,"Automobile, Station Wagon",Going Ahead,Driving Properly,Normal,,,,,,,Yes,,Yes,,,,,,,,,,,165,Harbourfront-CityPlace,77,Waterfront Communities-The Island (77),D14,629409.39,4832912.3596
13294,80609331,,1/29/2017 10:00:00 AM,110,F G GARDINER XY  E,SPADINA AVE,350 m West,Major Arterial,Toronto and East York,43.637957,-79.395633,Non Intersection,No Control,Clear,Dark,Dry,Fatal,Pedestrian Collisions,Pedestrian,15 to 19,Fatal,4,West,,,,,Pedestrian hit at mid-block,Walking on Roadway Against Traffic,Other,,,,Yes,,Yes,,,,,,,,,,,165,Harbourfront-CityPlace,77,Waterfront Communities-The Island (77),D14,629409.39,4832912.3596
13295,80773014,,1/29/2017 10:00:00 AM,200,OAKDALE RD,EDDYSTONE AVE,350 m North ,Minor Arterial,,43.749594,-79.526996,Non Intersection,No Control,Clear,"Dark, artificial",Dry,Non-Fatal Injury,SMV Other,Driver,20 to 24,Major,,North,"Automobile, Station Wagon",Going Ahead,Lost control,Unknown,,,,,,,,,Yes,,,,,,,,,,,25,Glenfield-Jane Heights,25,Glenfield-Jane Heights (25),D31,618593.2137,4845114.7412
13296,80681697,,1/29/2017 10:00:00 AM,345,F G GARDINER XY  W,SOUTH KINGSWAY RAMP,55 m West of,Major Arterial,Toronto and East York,43.633498,-79.472667,Non Intersection,No Control,Clear,"Dark, artificial",Dry,Fatal,Rear End,Driver,40 to 44,Minimal,,West,Pick Up Truck,Going Ahead,Driving Properly,Normal,,,,,,,,,Yes,,,,,,Yes,Yes,,Yes,,85,South Parkdale,85,South Parkdale (85),D11,623204.8248,4832299.9129
13297,80681699,,1/29/2017 10:00:00 AM,345,F G GARDINER XY  W,SOUTH KINGSWAY RAMP,55 m West of,Major Arterial,Toronto and East York,43.633498,-79.472667,Non Intersection,No Control,Clear,"Dark, artificial",Dry,Fatal,Rear End,Driver,20 to 24,Fatal,9,West,"Automobile, Station Wagon",Going Ahead,Lost control,"Ability Impaired, Alcohol Over .08",,,,,,,,,Yes,,,,,,Yes,Yes,,Yes,,85,South Parkdale,85,South Parkdale (85),D11,623204.8248,4832299.9129
13298,80734373,,2/1/2017 10:00:00 AM,1415,MORNINGSIDE AVE,401 C E MORNINGSIDE AVE S RAMP,,Major Arterial,Scarborough,43.794795,-79.196475,At Intersection,Traffic Signal,Clear,Daylight,Dry,Non-Fatal Injury,Pedestrian Collisions,Driver,45 to 49,Major,,East,"Automobile, Station Wagon",Going Ahead,Failed to Yield Right of Way,Inattentive,,,,,,,Yes,,Yes,,,,,,,Yes,,,,134,Highland Creek,134,Highland Creek (134),D43,645094.7682,4850661.331
13299,80734374,,2/1/2017 10:00:00 AM,1415,MORNINGSIDE AVE,401 C E MORNINGSIDE AVE S RAMP,,Major Arterial,Scarborough,43.794795,-79.196475,At Intersection,Traffic Signal,Clear,Daylight,Dry,Non-Fatal Injury,Pedestrian Collisions,Pedestrian,20 to 24,Minor,,North,,,,,Vehicle is going straight thru inter.while ped cross with ROW,Crossing with right of way,Normal,,,,Yes,,Yes,,,,,,,Yes,,,,134,Highland Creek,134,Highland Creek (134),D43,645094.7682,4850661.331
13300,80609336,,2/2/2017 10:00:00 AM,219,BRIMLEY RD,ELGAR AVE,,Major Arterial,Scarborough,43.741065,-79.250186,At Intersection,Stop Sign,Clear,Dark,Wet,Fatal,Turning Movement,Driver,25 to 29,Fatal,5,South,"Automobile, Station Wagon",Going Ahead,Driving Properly,Unknown,,,,,,,,,Yes,,,,,,Yes,Yes,,,,138,Eglinton East,138,Eglinton East (138),D43,640899.7407,4844601.0153
13301,80609337,,2/2/2017 10:00:00 AM,219,BRIMLEY RD,ELGAR AVE,,Major Arterial,Scarborough,43.741065,-79.250186,At Intersection,Stop Sign,Clear,Dark,Wet,Fatal,Turning Movement,Driver,15 to 19,None,,West,"Automobile, Station Wagon",Turning Left,Improper Turn,Normal,,,,,,,,,Yes,,,,,,Yes,Yes,,,,138,Eglinton East,138,Eglinton East (138),D43,640899.7407,4844601.0153
13302,80733610,,2/3/2017 10:00:00 AM,1430,BAY ST,GROSVENOR ST,,Major Arterial,Toronto and East York,43.662398,-79.38634,At Intersection,Traffic Signal,Clear,Daylight,Dry,Non-Fatal Injury,Angle,Driver,20 to 24,Major,,South,"Automobile, Station Wagon",Going Ahead,Other,Normal,,,,,,,,,Yes,,,,,,,,,,,169,Bay-Cloverhill,76,Bay Street Corridor (76),D52,630106.1941,4835641.3834
13303,80733611,,2/3/2017 10:00:00 AM,1430,BAY ST,GROSVENOR ST,,Major Arterial,Toronto and East York,43.662398,-79.38634,At Intersection,Traffic Signal,Clear,Daylight,Dry,Non-Fatal Injury,Angle,Driver,45 to 49,None,,East,"Automobile, Station Wagon",Going Ahead,Other,Normal,,,,,,,,,Yes,,,,,,,,,,,169,Bay-Cloverhill,76,Bay Street Corridor (76),D52,630106.1941,4835641.3834
13304,80772355,,2/5/2017 10:00:00 AM,314,F G GARDINER XY  W,GARDINER X W 427 X N RAMP,250 m West o,,Etobicoke York,43.615878,-79.536365,Non Intersection,No Control,Clear,Dark,Dry,Non-Fatal Injury,SMV Other,Driver,20 to 24,Major,,West,"Automobile, Station Wagon",Going Ahead,Other,Had Been Drinking,,,,,,,,,Yes,,,,,,,,,,,20,Alderwood,20,Alderwood (20),D22,618100.9744,4830250.4288
13305,80904952,,2/5/2017 10:00:00 AM,1330,DRIFTWOOD  AVE,VENETIAN  CRES,19 m South o,Collector,Etobicoke York,43.754115,-79.513667,Intersection Related,Stop Sign,Drifting Snow,Daylight,Wet,Non-Fatal Injury,Turning Movement,Passenger,55 to 59,Major,,,,,,,,,,,,,,,Yes,,,,,Yes,Yes,Yes,,,,25,Glenfield-Jane Heights,25,Glenfield-Jane Heights (25),D31,619657.3448,4845636.033
13306,80904953,,2/5/2017 10:00:00 AM,1330,DRIFTWOOD  AVE,VENETIAN  CRES,19 m South o,Collector,Etobicoke York,43.754115,-79.513667,Intersection Related,Stop Sign,Drifting Snow,Daylight,Wet,Non-Fatal Injury,Turning Movement,Driver,55 to 59,Minimal,,North,"Automobile, Station Wagon",Going Ahead,Driving Properly,Normal,,,,,,,,,Yes,,,,,Yes,Yes,Yes,,,,25,Glenfield-Jane Heights,25,Glenfield-Jane Heights (25),D31,619657.3448,4845636.033
13307,80904954,,2/5/2017 10:00:00 AM,1330,DRIFTWOOD  AVE,VENETIAN  CRES,19 m South o,Collector,Etobicoke York,43.754115,-79.513667,Intersection Related,Stop Sign,Drifting Snow,Daylight,Wet,Non-Fatal Injury,Turning Movement,Driver,10 to 14,None,,East,"Automobile, Station Wagon",Turning Right,Lost control,Inattentive,,,,,,,,,Yes,,,,,Yes,Yes,Yes,,,,25,Glenfield-Jane Heights,25,Glenfield-Jane Heights (25),D31,619657.3448,4845636.033
13308,80734115,,2/7/2017 10:00:00 AM,1909,MORTIMER AVE,BROADVIEW AVE,42 m East of,Minor Arterial,Toronto and East York,43.683955,-79.356281,Non Intersection,No Control,Rain,"Dark, artificial",Wet,Non-Fatal Injury,Pedestrian Collisions,Driver,65 to 69,None,,East,"Automobile, Station Wagon",Slowing or Stopping,Driving Properly,Normal,,,,,,,Yes,,Yes,,,,,,,,,,,57,Broadview North,57,Broadview North (57),D55,632482.3742,4838083.159
13309,80734116,,2/7/2017 10:00:00 AM,1909,MORTIMER AVE,BROADVIEW AVE,42 m East of,Minor Arterial,Toronto and East York,43.683955,-79.356281,Non Intersection,No Control,Rain,"Dark, artificial",Wet,Non-Fatal Injury,Pedestrian Collisions,Pedestrian,75 to 79,Major,,South,,,,,Pedestrian hit at mid-block,"Crossing, no Traffic Control",Normal,,,,Yes,,Yes,,,,,,,,,,,57,Broadview North,57,Broadview North (57),D55,632482.3742,4838083.159
13310,80733971,,2/8/2017 10:00:00 AM,1510,4 THE DONWAY  E,GUYTOI CRT,3 m North of,Minor Arterial,North York,43.732337,-79.341464,At/Near Private Drive,No Control,Clear,Daylight,Dry,Non-Fatal Injury,Pedestrian Collisions,Driver,35 to 39,None,,East,"Automobile, Station Wagon",Turning Left,Failed to Yield Right of Way,Inattentive,,,,,,,Yes,,Yes,,,,,,,Yes,,,,42,Banbury-Don Mills,42,Banbury-Don Mills (42),D33,633569.1146,4843480.4465
13311,80733972,,2/8/2017 10:00:00 AM,1510,4 THE DONWAY  E,GUYTOI CRT,3 m North of,Minor Arterial,North York,43.732337,-79.341464,At/Near Private Drive,No Control,Clear,Daylight,Dry,Non-Fatal Injury,Pedestrian Collisions,Pedestrian,35 to 39,Major,,West,,,,,Pedestrian hit at private driveway,On Sidewalk or Shoulder,Normal,,,,Yes,,Yes,,,,,,,Yes,,,,42,Banbury-Don Mills,42,Banbury-Don Mills (42),D33,633569.1146,4843480.4465
13312,80772493,,2/10/2017 10:00:00 AM,1003,QUEEN ST E,SHERBOURNE ST,5 m East of,Major Arterial,Toronto and East York,43.654452,-79.369418,At Intersection,Traffic Signal,Clear,Daylight,Dry,Non-Fatal Injury,Pedestrian Collisions,Driver,45 to 49,None,,West,Municipal Transit Bus (TTC),Going Ahead,Driving Properly,Normal,,,,,,,Yes,,,,,Yes,,,,,,,,73,Moss Park,73,Moss Park (73),D51,631487.939,4834785.5508
13313,80772494,,2/10/2017 10:00:00 AM,1003,QUEEN ST E,SHERBOURNE ST,5 m East of,Major Arterial,Toronto and East York,43.654452,-79.369418,At Intersection,Traffic Signal,Clear,Daylight,Dry,Non-Fatal Injury,Pedestrian Collisions,Pedestrian,35 to 39,Major,,Unknown,,,,,Other / Undefined,Other,Other,,,,Yes,,,,,Yes,,,,,,,,73,Moss Park,73,Moss Park (73),D51,631487.939,4834785.5508
13314,80887406,,2/11/2017 10:00:00 AM,2011,MIDLAND  AVE,SHEPPARD  AVE E,,Major Arterial,Scarborough,43.785277,-79.278529,At Intersection,Traffic Signal,Clear,"Dark, artificial",Wet,Non-Fatal Injury,Pedestrian Collisions,Pedestrian,35 to 39,Major,,West,,,,,Vehicle is going straight thru inter.while ped cross without ROW,Crossing without right of way,Inattentive,,,,Yes,,Yes,,,,,,,,,,,128,Agincourt South-Malvern West,128,Agincourt South-Malvern West (128),D42,638515.3814,4849463.6232
13315,80887407,,2/11/2017 10:00:00 AM,2011,MIDLAND  AVE,SHEPPARD  AVE E,,Major Arterial,Scarborough,43.785277,-79.278529,At Intersection,Traffic Signal,Clear,"Dark, artificial",Wet,Non-Fatal Injury,Pedestrian Collisions,Driver,65 to 69,None,,North,"Automobile, Station Wagon",Going Ahead,Driving Properly,Normal,,,,,,,Yes,,Yes,,,,,,,,,,,128,Agincourt South-Malvern West,128,Agincourt South-Malvern West (128),D42,638515.3814,4849463.6232
13316,80943083,,2/11/2017 10:00:00 AM,2021,STEELES AVE W,ISLINGTON AVE,177 m West o,Major Arterial,Etobicoke York,43.763838,-79.576625,Non Intersection,No Control,Clear,"Dark, artificial",Dry,Non-Fatal Injury,Approaching,Driver,60 to 64,Major,,West,Passenger Van,Going Ahead,Driving Properly,Normal,,,,,,,,,Yes,,,,,,,,,,,21,Humber Summit,21,Humber Summit (21),D31,614570.3131,4846626.8917
13317,80943084,,2/11/2017 10:00:00 AM,2021,STEELES AVE W,ISLINGTON AVE,177 m West o,Major Arterial,Etobicoke York,43.763838,-79.576625,Non Intersection,No Control,Clear,"Dark, artificial",Dry,Non-Fatal Injury,Approaching,Driver,15 to 19,Major,,East,"Automobile, Station Wagon",Going Ahead,Lost control,Inattentive,,,,,,,,,Yes,,,,,,,,,,,21,Humber Summit,21,Humber Summit (21),D31,614570.3131,4846626.8917
13318,80772695,,2/12/2017 10:00:00 AM,936,RICHMOND ST E,JARVIS ST,,Major Arterial,Toronto and East York,43.652632,-79.372791,At Intersection,Traffic Signal,Rain,Daylight,Packed Snow,Non-Fatal Injury,Pedestrian Collisions,Driver,30 to 34,None,,West,"Automobile, Station Wagon",Going Ahead,Speed too Fast For Condition,Normal,,,,,,,Yes,,Yes,,,,,Yes,Yes,Yes,,,,73,Moss Park,73,Moss Park (73),D51,631219.9057,4834578.0763
13319,80772696,,2/12/2017 10:00:00 AM,936,RICHMOND ST E,JARVIS ST,,Major Arterial,Toronto and East York,43.652632,-79.372791,At Intersection,Traffic Signal,Rain,Daylight,Packed Snow,Non-Fatal Injury,Pedestrian Collisions,Passenger,40 to 44,None,,,,,,,,,,,,,Yes,,Yes,,,,,Yes,Yes,Yes,,,,73,Moss Park,73,Moss Park (73),D51,631219.9057,4834578.0763