OBJECTID,INDEX,ACCNUM,DATE,TIME,STREET1,STREET2,OFFSET,ROAD_CLASS,DISTRICT,LATITUDE,LONGITUDE,ACCLOC,TRAFFCTL,VISIBILITY,LIGHT,RDSFCOND,ACCLASS,IMPACTYPE,INVTYPE,INVAGE,INJURY,FATAL_NO,INITDIR,VEHTYPE,MANOEUVER,DRIVACT,DRIVCOND,PEDTYPE,PEDACT,PEDCOND,CYCLISTYPE,CYCACT,CYCCOND,PEDESTRIAN,CYCLIST,AUTOMOBILE,MOTORCYCLE,TRUCK,TRSN_CITY_VEH,EMERG_VEH,PASSENGER,SPEEDING,AG_DRIV,REDLIGHT,ALCOHOL,DISABILITY,HOOD_158,NEIGHBOURHOOD_158,HOOD_140,NEIGHBOURHOOD_140,DIVISION,x,y
13320,80772697,,2/12/2017 10:00:00 AM,936,RICHMOND ST E,JARVIS ST,,Major Arterial,Toronto and East York,43.652632,-79.372791,At Intersection,Traffic Signal,Rain,Daylight,Packed Snow,Non-Fatal Injury,Pedestrian Collisions,Pedestrian,60 to 64,Major,,Unknown,,,,,Pedestrian hit on sidewalk or shoulder,On Sidewalk or Shoulder,Normal,,,,Yes,,Yes,,,,,Yes,Yes,Yes,,,,73,Moss Park,73,Moss Park (73),D51,631219.9057,4834578.0763
13321,80735293,,2/13/2017 10:00:00 AM,1507,FINCH AVE W,YONGE ST,,Major Arterial,North York,43.779696,-79.415538,At Intersection,Traffic Signal,Clear,Daylight,Wet,Non-Fatal Injury,Pedestrian Collisions,Driver,35 to 39,None,,East,"Automobile, Station Wagon",Going Ahead,Driving Properly,Normal,,,,,,,Yes,,Yes,,,,,,,,,,,151,Yonge-Doris,51,Willowdale East (51),D32,627502.9325,4848623.63
13322,80735294,,2/13/2017 10:00:00 AM,1507,FINCH AVE W,YONGE ST,,Major Arterial,North York,43.779696,-79.415538,At Intersection,Traffic Signal,Clear,Daylight,Wet,Non-Fatal Injury,Pedestrian Collisions,Pedestrian,50 to 54,Major,,South,,,,,Vehicle is going straight thru inter.while ped cross without ROW,Crossing without right of way,Inattentive,,,,Yes,,Yes,,,,,,,,,,,151,Yonge-Doris,51,Willowdale East (51),D32,627502.9325,4848623.63
13323,80788779,,2/14/2017 10:00:00 AM,1017,ISLINGTON AVE,EGLINTON AVE W,,Major Arterial,Etobicoke York,43.679766,-79.538974,At Intersection,Traffic Signal,Clear,Daylight,Dry,Non-Fatal Injury,Turning Movement,Driver,55 to 59,Major,,South,"Automobile, Station Wagon",Turning Left,Other,Normal,,,,,,,,,Yes,,,,,,,,,,,9,Edenbridge-Humber Valley,9,Edenbridge-Humber Valley (9),D22,617765.5393,4837342.2934
13324,80788780,,2/14/2017 10:00:00 AM,1017,ISLINGTON AVE,EGLINTON AVE W,,Major Arterial,Etobicoke York,43.679766,-79.538974,At Intersection,Traffic Signal,Clear,Daylight,Dry,Non-Fatal Injury,Turning Movement,Driver,15 to 19,Minimal,,North,"Automobile, Station Wagon",Going Ahead,Other,Normal,,,,,,,,,Yes,,,,,,,,,,,9,Edenbridge-Humber Valley,9,Edenbridge-Humber Valley (9),D22,617765.5393,4837342.2934
13325,80631671,,2/18/2017 10:00:00 AM,29,KIPLING AVE,NEW TORONTO ST,112 m North,Major Arterial,Etobicoke York,43.604773,-79.519672,Underpass or Tunnel,No Control,Clear,"Dark, artificial",Dry,Fatal,SMV Other,Passenger,30 to 34,Minor,,,,,,,,,,,,,,,Yes,,,,,Yes,Yes,Yes,,,,160,Mimico-Queensway,17,Mimico (includes Humber Bay Shores) (17),D22,619469.9311,4829040.9613
13326,80632485,,2/18/2017 10:00:00 AM,29,KIPLING AVE,NEW TORONTO ST,112 m North,Major Arterial,Etobicoke York,43.604773,-79.519672,Underpass or Tunnel,No Control,Clear,"Dark, artificial",Dry,Fatal,SMV Other,Driver,30 to 34,Fatal,7,South,Pick Up Truck,Going Ahead,Failed to Yield Right of Way,Had Been Drinking,,,,,,,,,Yes,,,,,Yes,Yes,Yes,,,,160,Mimico-Queensway,17,Mimico (includes Humber Bay Shores) (17),D22,619469.9311,4829040.9613
13327,80783062,,2/18/2017 10:00:00 AM,347,DUFFERIN ST,DUPONT ST,,Major Arterial,Toronto and East York,43.668391,-79.438991,At Intersection,Traffic Signal,Clear,"Dark, artificial",Dry,Non-Fatal Injury,Angle,Driver,30 to 34,Major,,West,"Automobile, Station Wagon",Going Ahead,Disobeyed Traffic Control,"Ability Impaired, Alcohol",,,,,,,,,Yes,,,Yes,,Yes,Yes,Yes,Yes,Yes,,172,Dovercourt Village,93,Dovercourt-Wallace Emerson-Junction (93),D14,625848.4833,4836225.7661
13328,80783063,,2/18/2017 10:00:00 AM,347,DUFFERIN ST,DUPONT ST,,Major Arterial,Toronto and East York,43.668391,-79.438991,At Intersection,Traffic Signal,Clear,"Dark, artificial",Dry,Non-Fatal Injury,Angle,Driver,45 to 49,Minor,,North,"Automobile, Station Wagon",Going Ahead,Driving Properly,Normal,,,,,,,,,Yes,,,Yes,,Yes,Yes,Yes,Yes,Yes,,172,Dovercourt Village,93,Dovercourt-Wallace Emerson-Junction (93),D14,625848.4833,4836225.7661
13329,80783064,,2/18/2017 10:00:00 AM,347,DUFFERIN ST,DUPONT ST,,Major Arterial,Toronto and East York,43.668391,-79.438991,At Intersection,Traffic Signal,Clear,"Dark, artificial",Dry,Non-Fatal Injury,Angle,Driver,50 to 54,Minimal,,South,Intercity Bus,Going Ahead,Driving Properly,Normal,,,,,,,,,Yes,,,Yes,,Yes,Yes,Yes,Yes,Yes,,172,Dovercourt Village,93,Dovercourt-Wallace Emerson-Junction (93),D14,625848.4833,4836225.7661
13330,80783065,,2/18/2017 10:00:00 AM,347,DUFFERIN ST,DUPONT ST,,Major Arterial,Toronto and East York,43.668391,-79.438991,At Intersection,Traffic Signal,Clear,"Dark, artificial",Dry,Non-Fatal Injury,Angle,Passenger,20 to 24,Minor,,,,,,,,,,,,,,,Yes,,,Yes,,Yes,Yes,Yes,Yes,Yes,,172,Dovercourt Village,93,Dovercourt-Wallace Emerson-Junction (93),D14,625848.4833,4836225.7661
13331,80734953,,2/18/2017 10:00:00 AM,709,DON VALLEY PARKWAY  S,PRINCE EDWARD VIADUCT,150 m North ,,Toronto and East York,43.676798,-79.361957,Non Intersection,No Control,Clear,Daylight,Dry,Non-Fatal Injury,SMV Other,Driver,20 to 24,Major,,South,"Automobile, Station Wagon",Going Ahead,Lost control,Fatigue,,,,,,,,,Yes,,,,,,,,,,,67,Playter Estates-Danforth,67,Playter Estates-Danforth (67),D55,632040.5875,4837279.2244
13332,80735162,,2/18/2017 10:00:00 AM,2230,UNIVERSITY AVE,QUEEN ST W,11 m North o,Major Arterial,Toronto and East York,43.650778,-79.386592,At Intersection,Traffic Signal,Clear,"Dark, artificial",Dry,Non-Fatal Injury,Pedestrian Collisions,Driver,30 to 34,None,,East,"Automobile, Station Wagon",Turning Left,Driving Properly,Normal,,,,,,,Yes,,Yes,,,,,,,,,,,170,Yonge-Bay Corridor,76,Bay Street Corridor (76),D52,630110.9697,4834350.4337
13333,80735163,,2/18/2017 10:00:00 AM,2230,UNIVERSITY AVE,QUEEN ST W,11 m North o,Major Arterial,Toronto and East York,43.650778,-79.386592,At Intersection,Traffic Signal,Clear,"Dark, artificial",Dry,Non-Fatal Injury,Pedestrian Collisions,Other,unknown,None,,Unknown,,Unknown,,,,,,,,,Yes,,Yes,,,,,,,,,,,170,Yonge-Bay Corridor,76,Bay Street Corridor (76),D52,630110.9697,4834350.4337
13334,80735164,,2/18/2017 10:00:00 AM,2230,UNIVERSITY AVE,QUEEN ST W,11 m North o,Major Arterial,Toronto and East York,43.650778,-79.386592,At Intersection,Traffic Signal,Clear,"Dark, artificial",Dry,Non-Fatal Injury,Pedestrian Collisions,Pedestrian,35 to 39,Major,,East,,,,,Vehicle turns left while ped crosses without ROW at inter.,Crossing without right of way,Inattentive,,,,Yes,,Yes,,,,,,,,,,,170,Yonge-Bay Corridor,76,Bay Street Corridor (76),D52,630110.9697,4834350.4337
13335,80735165,,2/18/2017 10:00:00 AM,2230,UNIVERSITY AVE,QUEEN ST W,11 m North o,Major Arterial,Toronto and East York,43.650778,-79.386592,At Intersection,Traffic Signal,Clear,"Dark, artificial",Dry,Non-Fatal Injury,Pedestrian Collisions,Pedestrian,35 to 39,Minor,,East,,,,,Vehicle turns left while ped crosses without ROW at inter.,Crossing without right of way,Had Been Drinking,,,,Yes,,Yes,,,,,,,,,,,170,Yonge-Bay Corridor,76,Bay Street Corridor (76),D52,630110.9697,4834350.4337
13336,80772233,,2/19/2017 10:00:00 AM,1057,KIPLING AVE,GARDINER C W KIPLING  RAMP,,Major Arterial,Etobicoke York,43.61912,-79.525974,At Intersection,Traffic Signal,Clear,Daylight,Dry,Non-Fatal Injury,Turning Movement,Driver,35 to 39,None,,North,"Automobile, Station Wagon",Going Ahead,Disobeyed Traffic Control,Inattentive,,,,,,,,,Yes,Yes,,,,Yes,,Yes,Yes,,,159,Etobicoke City Centre,14,Islington-City Centre West (14),D22,618933.0416,4830625.323
13337,80772234,,2/19/2017 10:00:00 AM,1057,KIPLING AVE,GARDINER C W KIPLING  RAMP,,Major Arterial,Etobicoke York,43.61912,-79.525974,At Intersection,Traffic Signal,Clear,Daylight,Dry,Non-Fatal Injury,Turning Movement,Motorcycle Driver,45 to 49,Major,,West,Motorcycle,Turning Left,Driving Properly,Normal,,,,,,,,,Yes,Yes,,,,Yes,,Yes,Yes,,,159,Etobicoke City Centre,14,Islington-City Centre West (14),D22,618933.0416,4830625.323
13338,80772235,,2/19/2017 10:00:00 AM,1057,KIPLING AVE,GARDINER C W KIPLING  RAMP,,Major Arterial,Etobicoke York,43.61912,-79.525974,At Intersection,Traffic Signal,Clear,Daylight,Dry,Non-Fatal Injury,Turning Movement,Passenger,10 to 14,None,,,,,,,,,,,,,,,Yes,Yes,,,,Yes,,Yes,Yes,,,159,Etobicoke City Centre,14,Islington-City Centre West (14),D22,618933.0416,4830625.323
13339,80735242,,2/19/2017 10:00:00 AM,1727,1000 GERRARD ST E,,98 m West of,Minor Arterial,Toronto and East York,43.668463,-79.338725,Non Intersection,No Control,Clear,Daylight,Dry,Non-Fatal Injury,Pedestrian Collisions,Driver,20 to 24,None,,West,"Automobile, Station Wagon",Going Ahead,Driving Properly,Normal,,,,,,,Yes,,Yes,,,,,,,,,,,70,South Riverdale,70,South Riverdale (70),D55,633931.8502,4836390.7556
13340,80735243,,2/19/2017 10:00:00 AM,1727,1000 GERRARD ST E,,98 m West of,Minor Arterial,Toronto and East York,43.668463,-79.338725,Non Intersection,No Control,Clear,Daylight,Dry,Non-Fatal Injury,Pedestrian Collisions,Pedestrian,55 to 59,Major,,South,,,,,Pedestrian hit at mid-block,Crossing without right of way,Normal,,,,Yes,,Yes,,,,,,,,,,,70,South Riverdale,70,South Riverdale (70),D55,633931.8502,4836390.7556
13341,80657505,,2/23/2017 10:00:00 AM,1022,ADELAIDE ST W,BAY ST,,Major Arterial,Toronto and East York,43.649821,-79.380771,At Intersection,Traffic Signal,Clear,"Daylight, artificial",Dry,Fatal,Pedestrian Collisions,Pedestrian,75 to 79,Fatal,8,East,,,,,Vehicle turns right while ped crosses with ROW at inter.,Crossing with right of way,Normal,,,,Yes,,Yes,,,,,,,Yes,,,,170,Yonge-Bay Corridor,76,Bay Street Corridor (76),D52,630582.4748,4834253.2897
13342,80657524,,2/23/2017 10:00:00 AM,1022,ADELAIDE ST W,BAY ST,,Major Arterial,Toronto and East York,43.649821,-79.380771,At Intersection,Traffic Signal,Clear,"Daylight, artificial",Dry,Fatal,Pedestrian Collisions,Driver,20 to 24,None,,East,Pick Up Truck,Turning Right,Failed to Yield Right of Way,Inattentive,,,,,,,Yes,,Yes,,,,,,,Yes,,,,170,Yonge-Bay Corridor,76,Bay Street Corridor (76),D52,630582.4748,4834253.2897
13343,80772519,,2/23/2017 10:00:00 AM,1200,YONGE ST,NORTON AVE,,Major Arterial,North York,43.772185,-79.413593,At Intersection,Stop Sign,Clear,Daylight,Dry,Non-Fatal Injury,Pedestrian Collisions,Driver,65 to 69,None,,West,"Automobile, Station Wagon",Turning Left,Improper Turn,Inattentive,,,,,,,Yes,,Yes,,,,,,,,,,,151,Yonge-Doris,51,Willowdale East (51),D32,627675.4336,4847792.4159
13344,80772520,,2/23/2017 10:00:00 AM,1200,YONGE ST,NORTON AVE,,Major Arterial,North York,43.772185,-79.413593,At Intersection,Stop Sign,Clear,Daylight,Dry,Non-Fatal Injury,Pedestrian Collisions,Pedestrian,80 to 84,Major,,East,,,,,Vehicle turns left while ped crosses without ROW at inter.,"Crossing, no Traffic Control",Normal,,,,Yes,,Yes,,,,,,,,,,,151,Yonge-Doris,51,Willowdale East (51),D32,627675.4336,4847792.4159
13345,80772736,,2/23/2017 10:00:00 AM,2020,EGLINTON AVE E,VICTORIA PARK AVE,,Major Arterial,Scarborough,43.724738,-79.30141,Non Intersection,No Control,Clear,"Dark, artificial",Dry,Non-Fatal Injury,Pedestrian Collisions,Driver,25 to 29,None,,West,"Automobile, Station Wagon",Going Ahead,Driving Properly,Unknown,,,,,,,Yes,,Yes,,,,,,,,,,,120,Clairlea-Birchmount,120,Clairlea-Birchmount (120),D41,636812.1733,4842701.8136
13346,80772737,,2/23/2017 10:00:00 AM,2020,EGLINTON AVE E,VICTORIA PARK AVE,,Major Arterial,Scarborough,43.724738,-79.30141,Non Intersection,No Control,Clear,"Dark, artificial",Dry,Non-Fatal Injury,Pedestrian Collisions,Pedestrian,85 to 89,Major,,North,,,,,Pedestrian hit at mid-block,"Crossing, no Traffic Control",Inattentive,,,,Yes,,Yes,,,,,,,,,,,120,Clairlea-Birchmount,120,Clairlea-Birchmount (120),D41,636812.1733,4842701.8136
13347,80772708,,2/24/2017 10:00:00 AM,615,KING ST W,JAMESON AVE,8 m East of,Major Arterial,Toronto and East York,43.637103,-79.435993,At Intersection,Traffic Signal,Rain,Dawn,Wet,Non-Fatal Injury,Pedestrian Collisions,Driver,50 to 54,None,,South,"Automobile, Station Wagon",Turning Left,Failed to Yield Right of Way,Normal,,,,,,,Yes,,Yes,,,,,,,Yes,,,,85,South Parkdale,85,South Parkdale (85),D14,626155.678,4832755.3788
13348,80772709,,2/24/2017 10:00:00 AM,615,KING ST W,JAMESON AVE,8 m East of,Major Arterial,Toronto and East York,43.637103,-79.435993,At Intersection,Traffic Signal,Rain,Dawn,Wet,Non-Fatal Injury,Pedestrian Collisions,Pedestrian,55 to 59,Major,,North,,,,,Vehicle turns left while ped crosses with ROW at inter.,Crossing with right of way,Normal,,,,Yes,,Yes,,,,,,,Yes,,,,85,South Parkdale,85,South Parkdale (85),D14,626155.678,4832755.3788
13349,80771840,,2/24/2017 10:00:00 AM,1818,OAKWOOD AVE,STRADER AVE,7 m South of,Minor Arterial,Toronto and East York,43.693427,-79.441173,At Intersection,No Control,Clear,"Dark, artificial",Dry,Non-Fatal Injury,Pedestrian Collisions,Driver,70 to 74,None,,South,"Automobile, Station Wagon",Going Ahead,Driving Properly,Normal,,,,,,,Yes,,Yes,,,,,,,,,,,107,Oakwood Village,107,Oakwood Village (107),D13,625620.3086,4839003.0443
13350,80771841,,2/24/2017 10:00:00 AM,1818,OAKWOOD AVE,STRADER AVE,7 m South of,Minor Arterial,Toronto and East York,43.693427,-79.441173,At Intersection,No Control,Clear,"Dark, artificial",Dry,Non-Fatal Injury,Pedestrian Collisions,Pedestrian,25 to 29,Major,,West,,,,,Vehicle is going straight thru inter.while ped cross without ROW,"Crossing, no Traffic Control",Had Been Drinking,,,,Yes,,Yes,,,,,,,,,,,107,Oakwood Village,107,Oakwood Village (107),D13,625620.3086,4839003.0443
13351,80772188,,2/26/2017 10:00:00 AM,300,EGLINTON AVE E,BRIMLEY RD,30 m East of,Major Arterial,Scarborough,43.736624,-79.24805,Intersection Related,No Control,Clear,"Dark, artificial",Dry,Non-Fatal Injury,Rear End,Driver,20 to 24,Minimal,,East,"Automobile, Station Wagon",Going Ahead,Exceeding Speed Limit,"Ability Impaired, Alcohol Over .08",,,,,,,,,Yes,,,,,Yes,Yes,Yes,,Yes,,124,Kennedy Park,124,Kennedy Park (124),D41,641082.1697,4844111.4105
13352,80772189,,2/26/2017 10:00:00 AM,300,EGLINTON AVE E,BRIMLEY RD,30 m East of,Major Arterial,Scarborough,43.736624,-79.24805,Intersection Related,No Control,Clear,"Dark, artificial",Dry,Non-Fatal Injury,Rear End,Driver,45 to 49,Major,,East,"Automobile, Station Wagon",Going Ahead,Driving Properly,Normal,,,,,,,,,Yes,,,,,Yes,Yes,Yes,,Yes,,124,Kennedy Park,124,Kennedy Park (124),D41,641082.1697,4844111.4105
13353,80772190,,2/26/2017 10:00:00 AM,300,EGLINTON AVE E,BRIMLEY RD,30 m East of,Major Arterial,Scarborough,43.736624,-79.24805,Intersection Related,No Control,Clear,"Dark, artificial",Dry,Non-Fatal Injury,Rear End,Passenger,20 to 24,Major,,,,,,,,,,,,,,,Yes,,,,,Yes,Yes,Yes,,Yes,,124,Kennedy Park,124,Kennedy Park (124),D41,641082.1697,4844111.4105
13354,80772191,,2/26/2017 10:00:00 AM,300,EGLINTON AVE E,BRIMLEY RD,30 m East of,Major Arterial,Scarborough,43.736624,-79.24805,Intersection Related,No Control,Clear,"Dark, artificial",Dry,Non-Fatal Injury,Rear End,Passenger,20 to 24,None,,,,,,,,,,,,,,,Yes,,,,,Yes,Yes,Yes,,Yes,,124,Kennedy Park,124,Kennedy Park (124),D41,641082.1697,4844111.4105
13355,80772192,,2/26/2017 10:00:00 AM,300,EGLINTON AVE E,BRIMLEY RD,30 m East of,Major Arterial,Scarborough,43.736624,-79.24805,Intersection Related,No Control,Clear,"Dark, artificial",Dry,Non-Fatal Injury,Rear End,Passenger,20 to 24,Minor,,,,,,,,,,,,,,,Yes,,,,,Yes,Yes,Yes,,Yes,,124,Kennedy Park,124,Kennedy Park (124),D41,641082.1697,4844111.4105
13356,80772592,,2/26/2017 10:00:00 AM,2311,215 HURON ST,,20 m South o,Local,Toronto and East York,43.659106,-79.398532,Non Intersection,No Control,Clear,"Dark, artificial",Dry,Non-Fatal Injury,Cyclist Collisions,Driver,45 to 49,None,,North,"Automobile, Station Wagon",Going Ahead,Other,Inattentive,,,,,,,,Yes,Yes,,,,,Yes,,,,,,79,University,79,University (79),D52,629130.2244,4835256.716
13357,80772593,,2/26/2017 10:00:00 AM,2311,215 HURON ST,,20 m South o,Local,Toronto and East York,43.659106,-79.398532,Non Intersection,No Control,Clear,"Dark, artificial",Dry,Non-Fatal Injury,Cyclist Collisions,Cyclist,25 to 29,Major,,South,Bicycle,Going Ahead,,,,,,Insufficient information (to determine cyclist crash type).,Other,Inattentive,,Yes,Yes,,,,,Yes,,,,,,79,University,79,University (79),D52,629130.2244,4835256.716
13358,80772594,,2/26/2017 10:00:00 AM,2311,215 HURON ST,,20 m South o,Local,Toronto and East York,43.659106,-79.398532,Non Intersection,No Control,Clear,"Dark, artificial",Dry,Non-Fatal Injury,Cyclist Collisions,Passenger,20 to 24,None,,,,,,,,,,,,,,Yes,Yes,,,,,Yes,,,,,,79,University,79,University (79),D52,629130.2244,4835256.716
13359,80937512,,2/28/2017 10:00:00 AM,2122,STEELES AVE E,KENNEDY RD,,Major Arterial,Scarborough,43.823619,-79.307025,At Intersection,Traffic Signal,Rain,"Dark, artificial",Wet,Non-Fatal Injury,Pedestrian Collisions,Driver,45 to 49,None,,East,"Automobile, Station Wagon",Turning Left,Failed to Yield Right of Way,Normal,,,,,,,Yes,,Yes,,,,,,,Yes,,,,130,Milliken,130,Milliken (130),D42,636135.3475,4853674.8288
13360,80937513,,2/28/2017 10:00:00 AM,2122,STEELES AVE E,KENNEDY RD,,Major Arterial,Scarborough,43.823619,-79.307025,At Intersection,Traffic Signal,Rain,"Dark, artificial",Wet,Non-Fatal Injury,Pedestrian Collisions,Pedestrian,50 to 54,Major,,East,,,,,Vehicle turns left while ped crosses with ROW at inter.,Crossing with right of way,Normal,,,,Yes,,Yes,,,,,,,Yes,,,,130,Milliken,130,Milliken (130),D42,636135.3475,4853674.8288
13361,80681704,,3/4/2017 10:00:00 AM,1001,SHEPPARD AVE W,MAGELLAN DR,,Major Arterial,Etobicoke York,43.7396,-79.509639,At Intersection,Traffic Signal,Clear,Daylight,Dry,Fatal,Pedestrian Collisions,Driver,20 to 24,None,,East,"Automobile, Station Wagon",Going Ahead,Disobeyed Traffic Control,Inattentive,,,,,,,Yes,,Yes,,,,,,,Yes,Yes,,,25,Glenfield-Jane Heights,25,Glenfield-Jane Heights (25),D31,620010.6242,4844029.758
13362,80681706,,3/4/2017 10:00:00 AM,1001,SHEPPARD AVE W,MAGELLAN DR,,Major Arterial,Etobicoke York,43.7396,-79.509639,At Intersection,Traffic Signal,Clear,Daylight,Dry,Fatal,Pedestrian Collisions,Pedestrian,5 to 9,Minor,,North,,,,,Vehicle is going straight thru inter.while ped cross with ROW,Crossing with right of way,Normal,,,,Yes,,Yes,,,,,,,Yes,Yes,,,25,Glenfield-Jane Heights,25,Glenfield-Jane Heights (25),D31,620010.6242,4844029.758
13363,80681738,,3/4/2017 10:00:00 AM,1001,SHEPPARD AVE W,MAGELLAN DR,,Major Arterial,Etobicoke York,43.7396,-79.509639,At Intersection,Traffic Signal,Clear,Daylight,Dry,Fatal,Pedestrian Collisions,Pedestrian,5 to 9,Fatal,11,North,,,,,Vehicle is going straight thru inter.while ped cross with ROW,Crossing with right of way,Normal,,,,Yes,,Yes,,,,,,,Yes,Yes,,,25,Glenfield-Jane Heights,25,Glenfield-Jane Heights (25),D31,620010.6242,4844029.758
13364,80681743,,3/4/2017 10:00:00 AM,1249,REXDALE BLVD,RAMP TO ENTRANCE RD,6.5 m West o,Major Arterial,Etobicoke York,43.720431,-79.61201,Non Intersection,No Control,Clear,Daylight,Dry,Fatal,Pedestrian Collisions,Pedestrian,90 to 94,Fatal,14,South,,,,,Pedestrian hit at mid-block,"Crossing, no Traffic Control",Inattentive,,,,Yes,,Yes,,,,,,,,,,,1,West Humber-Clairville,1,West Humber-Clairville (1),D23,611802.8502,4841757.5833
13365,80681744,,3/4/2017 10:00:00 AM,1249,REXDALE BLVD,RAMP TO ENTRANCE RD,6.5 m West o,Major Arterial,Etobicoke York,43.720431,-79.61201,Non Intersection,No Control,Clear,Daylight,Dry,Fatal,Pedestrian Collisions,Driver,75 to 79,None,,East,Passenger Van,Going Ahead,Driving Properly,Normal,,,,,,,Yes,,Yes,,,,,,,,,,,1,West Humber-Clairville,1,West Humber-Clairville (1),D23,611802.8502,4841757.5833
13366,80681696,,3/7/2017 10:00:00 AM,1538,BLOOR ST W,KENNEDY PARK RD,8.6 m East o,Major Arterial,Toronto and East York,43.652056,-79.471744,Intersection Related,No Control,Clear,Daylight,Dry,Fatal,Approaching,Driver,30 to 34,None,,West,"Automobile, Station Wagon",Overtaking,Improper Passing,Unknown,,,,,,,,,Yes,,,,,Yes,Yes,Yes,,,,87,High Park-Swansea,87,High Park-Swansea (87),D11,623241.3296,4834362.3857
13367,80681700,,3/7/2017 10:00:00 AM,1538,BLOOR ST W,KENNEDY PARK RD,8.6 m East o,Major Arterial,Toronto and East York,43.652056,-79.471744,Intersection Related,No Control,Clear,Daylight,Dry,Fatal,Approaching,Driver,80 to 84,None,,East,"Automobile, Station Wagon",Going Ahead,Driving Properly,Normal,,,,,,,,,Yes,,,,,Yes,Yes,Yes,,,,87,High Park-Swansea,87,High Park-Swansea (87),D11,623241.3296,4834362.3857
13368,80681701,,3/7/2017 10:00:00 AM,1538,BLOOR ST W,KENNEDY PARK RD,8.6 m East o,Major Arterial,Toronto and East York,43.652056,-79.471744,Intersection Related,No Control,Clear,Daylight,Dry,Fatal,Approaching,Passenger,35 to 39,Fatal,10,,"Automobile, Station Wagon",,,,,,,,,,,,Yes,,,,,Yes,Yes,Yes,,,,87,High Park-Swansea,87,High Park-Swansea (87),D11,623241.3296,4834362.3857
13369,80681702,,3/7/2017 10:00:00 AM,1538,BLOOR ST W,KENNEDY PARK RD,8.6 m East o,Major Arterial,Toronto and East York,43.652056,-79.471744,Intersection Related,No Control,Clear,Daylight,Dry,Fatal,Approaching,Driver,20 to 24,None,,East,"Automobile, Station Wagon",Going Ahead,Driving Properly,Normal,,,,,,,,,Yes,,,,,Yes,Yes,Yes,,,,87,High Park-Swansea,87,High Park-Swansea (87),D11,623241.3296,4834362.3857
13370,80681703,,3/7/2017 10:00:00 AM,1538,BLOOR ST W,KENNEDY PARK RD,8.6 m East o,Major Arterial,Toronto and East York,43.652056,-79.471744,Intersection Related,No Control,Clear,Daylight,Dry,Fatal,Approaching,Passenger,35 to 39,None,,,"Automobile, Station Wagon",,,,,,,,,,,,Yes,,,,,Yes,Yes,Yes,,,,87,High Park-Swansea,87,High Park-Swansea (87),D11,623241.3296,4834362.3857
13371,80741181,,3/8/2017 10:00:00 AM,36,YONGE ST,MERTON ST,386 m South ,Major Arterial,Toronto and East York,43.692683,-79.395435,Non Intersection,No Control,Clear,"Dark, artificial",Dry,Non-Fatal Injury,SMV Other,Driver,30 to 34,Major,,North,"Automobile, Station Wagon",Going Ahead,Other,"Ability Impaired, Alcohol",,,,,,,,,Yes,,,,,,,,,Yes,,99,Mount Pleasant East,99,Mount Pleasant East (99),D53,629307.8059,4838990.7211
13372,80890343,,3/10/2017 10:00:00 AM,204,SPADINA AV,COLLEGE ST,20 m North o,Major Arterial,Toronto and East York,43.657942,-79.40002,Non Intersection,No Control,Clear,"Dark, artificial",Dry,Non-Fatal Injury,Rear End,Passenger,25 to 29,Major,,,,,,,,,,,,,,,Yes,,,,,Yes,Yes,Yes,,,,78,Kensington-Chinatown,78,Kensington-Chinatown (78),D52,629012.7351,4835125.1237
13373,80890344,,3/10/2017 10:00:00 AM,204,SPADINA AV,COLLEGE ST,20 m North o,Major Arterial,Toronto and East York,43.657942,-79.40002,Non Intersection,No Control,Clear,"Dark, artificial",Dry,Non-Fatal Injury,Rear End,Driver,35 to 39,Minor,,North,"Automobile, Station Wagon",Going Ahead,Improper Passing,Inattentive,,,,,,,,,Yes,,,,,Yes,Yes,Yes,,,,78,Kensington-Chinatown,78,Kensington-Chinatown (78),D52,629012.7351,4835125.1237
13374,80775747,,3/10/2017 10:00:00 AM,846,LAWRENCE AVE E,CENTENNIAL RD,17 m East of,Minor Arterial,Scarborough,43.777285,-79.146533,At Intersection,Traffic Signal,Clear,Daylight,Dry,Non-Fatal Injury,Rear End,Driver,85 to 89,Major,,West,"Automobile, Station Wagon",Going Ahead,Lost control,Medical or Physical Disability,,,,,,,,,Yes,,,,,Yes,,,,,Yes,133,Centennial Scarborough,133,Centennial Scarborough (133),D43,649156.2346,4848805.3345
13375,80775748,,3/10/2017 10:00:00 AM,846,LAWRENCE AVE E,CENTENNIAL RD,17 m East of,Minor Arterial,Scarborough,43.777285,-79.146533,At Intersection,Traffic Signal,Clear,Daylight,Dry,Non-Fatal Injury,Rear End,Driver,35 to 39,None,,West,"Automobile, Station Wagon",Stopped,Driving Properly,Normal,,,,,,,,,Yes,,,,,Yes,,,,,Yes,133,Centennial Scarborough,133,Centennial Scarborough (133),D43,649156.2346,4848805.3345