OBJECTID,INDEX,ACCNUM,DATE,TIME,STREET1,STREET2,OFFSET,ROAD_CLASS,DISTRICT,LATITUDE,LONGITUDE,ACCLOC,TRAFFCTL,VISIBILITY,LIGHT,RDSFCOND,ACCLASS,IMPACTYPE,INVTYPE,INVAGE,INJURY,FATAL_NO,INITDIR,VEHTYPE,MANOEUVER,DRIVACT,DRIVCOND,PEDTYPE,PEDACT,PEDCOND,CYCLISTYPE,CYCACT,CYCCOND,PEDESTRIAN,CYCLIST,AUTOMOBILE,MOTORCYCLE,TRUCK,TRSN_CITY_VEH,EMERG_VEH,PASSENGER,SPEEDING,AG_DRIV,REDLIGHT,ALCOHOL,DISABILITY,HOOD_158,NEIGHBOURHOOD_158,HOOD_140,NEIGHBOURHOOD_140,DIVISION,x,y
13376,80775802,,3/10/2017 10:00:00 AM,846,LAWRENCE AVE E,CENTENNIAL RD,17 m East of,Minor Arterial,Scarborough,43.777285,-79.146533,At Intersection,Traffic Signal,Clear,Daylight,Dry,Non-Fatal Injury,Rear End,Passenger,45 to 49,Minor,,,,,,,,,,,,,,,Yes,,,,,Yes,,,,,Yes,133,Centennial Scarborough,133,Centennial Scarborough (133),D43,649156.2346,4848805.3345
13377,80775803,,3/10/2017 10:00:00 AM,846,LAWRENCE AVE E,CENTENNIAL RD,17 m East of,Minor Arterial,Scarborough,43.777285,-79.146533,At Intersection,Traffic Signal,Clear,Daylight,Dry,Non-Fatal Injury,Rear End,Passenger,0 to 4,Minor,,,,,,,,,,,,,,,Yes,,,,,Yes,,,,,Yes,133,Centennial Scarborough,133,Centennial Scarborough (133),D43,649156.2346,4848805.3345
13378,80775127,,3/13/2017 8:00:00 AM,1006,BRIMWOOD BLVD,WELLPARK BLVD,4 m East of,Collector,Scarborough,43.81272,-79.274318,At Intersection,Stop Sign,Clear,Daylight,Dry,Non-Fatal Injury,Cyclist Collisions,Cyclist,70 to 74,Major,,South,Bicycle,Turning Left,,,,,,Cyclist turned left across motorists path.,Failed to Yield Right of Way,Inattentive,,Yes,Yes,,,,,,,,,,,129,Agincourt North,129,Agincourt North (129),D42,638790.6584,4852518.6639
13379,80775128,,3/13/2017 8:00:00 AM,1006,BRIMWOOD BLVD,WELLPARK BLVD,4 m East of,Collector,Scarborough,43.81272,-79.274318,At Intersection,Stop Sign,Clear,Daylight,Dry,Non-Fatal Injury,Cyclist Collisions,Driver,45 to 49,None,,East,"Automobile, Station Wagon",Going Ahead,Driving Properly,Normal,,,,,,,,Yes,Yes,,,,,,,,,,,129,Agincourt North,129,Agincourt North (129),D42,638790.6584,4852518.6639
13380,80775506,,3/13/2017 8:00:00 AM,1405,CALEDONIA RD,BRIDGELAND AVE,176 m South ,Minor Arterial,North York,43.722506,-79.469394,Non Intersection,No Control,Snow,Daylight,Wet,Non-Fatal Injury,Rear End,Driver,30 to 34,None,,South,"Automobile, Station Wagon",Going Ahead,Speed too Fast For Condition,Inattentive,,,,,,,,,Yes,,,,,,Yes,Yes,,,,31,Yorkdale-Glen Park,31,Yorkdale-Glen Park (31),D32,623286.4287,4842190.306
13381,80775507,,3/13/2017 8:00:00 AM,1405,CALEDONIA RD,BRIDGELAND AVE,176 m South ,Minor Arterial,North York,43.722506,-79.469394,Non Intersection,No Control,Snow,Daylight,Wet,Non-Fatal Injury,Rear End,Driver,40 to 44,Major,,South,"Automobile, Station Wagon",Slowing or Stopping,Driving Properly,Normal,,,,,,,,,Yes,,,,,,Yes,Yes,,,,31,Yorkdale-Glen Park,31,Yorkdale-Glen Park (31),D32,623286.4287,4842190.306
13382,80775986,,3/15/2017 8:00:00 AM,1658,BRIMLEY RD,HUNTINGWOOD DR,,Major Arterial,Scarborough,43.798335,-79.273326,At Intersection,Traffic Signal,Clear,Daylight,Dry,Non-Fatal Injury,Angle,Driver,15 to 19,Minimal,,South,"Automobile, Station Wagon",Going Ahead,Disobeyed Traffic Control,Inattentive,,,,,,,,,Yes,,,,,Yes,,Yes,Yes,,,129,Agincourt North,129,Agincourt North (129),D42,638903.7813,4850922.6417
13383,80775987,,3/15/2017 8:00:00 AM,1658,BRIMLEY RD,HUNTINGWOOD DR,,Major Arterial,Scarborough,43.798335,-79.273326,At Intersection,Traffic Signal,Clear,Daylight,Dry,Non-Fatal Injury,Angle,Driver,30 to 34,Major,,East,"Automobile, Station Wagon",Going Ahead,Driving Properly,Normal,,,,,,,,,Yes,,,,,Yes,,Yes,Yes,,,129,Agincourt North,129,Agincourt North (129),D42,638903.7813,4850922.6417
13384,80775988,,3/15/2017 8:00:00 AM,1658,BRIMLEY RD,HUNTINGWOOD DR,,Major Arterial,Scarborough,43.798335,-79.273326,At Intersection,Traffic Signal,Clear,Daylight,Dry,Non-Fatal Injury,Angle,Driver,45 to 49,Minimal,,North,"Automobile, Station Wagon",Stopped,Driving Properly,Normal,,,,,,,,,Yes,,,,,Yes,,Yes,Yes,,,129,Agincourt North,129,Agincourt North (129),D42,638903.7813,4850922.6417
13385,80775989,,3/15/2017 8:00:00 AM,1658,BRIMLEY RD,HUNTINGWOOD DR,,Major Arterial,Scarborough,43.798335,-79.273326,At Intersection,Traffic Signal,Clear,Daylight,Dry,Non-Fatal Injury,Angle,Passenger,15 to 19,None,,,,,,,,,,,,,,,Yes,,,,,Yes,,Yes,Yes,,,129,Agincourt North,129,Agincourt North (129),D42,638903.7813,4850922.6417
13386,80681705,,3/18/2017 8:00:00 AM,1932,JARVIS ST,EARL PL,30 m South o,Major Arterial,Toronto and East York,43.667636,-79.378894,Intersection Related,No Control,Rain,"Dark, artificial",Wet,Fatal,Pedestrian Collisions,Pedestrian,60 to 64,Fatal,12,East,,,,,Pedestrian hit at mid-block,"Crossing, no Traffic Control",Medical or Physical Disability,,,,Yes,,Yes,,,,,,,,,,,74,North St.James Town,74,North St.James Town (74),D51,630695.189,4836234.8372
13387,80681739,,3/18/2017 8:00:00 AM,1932,JARVIS ST,EARL PL,30 m South o,Major Arterial,Toronto and East York,43.667636,-79.378894,Intersection Related,No Control,Rain,"Dark, artificial",Wet,Fatal,Pedestrian Collisions,Driver,65 to 69,None,,South,"Automobile, Station Wagon",Going Ahead,Driving Properly,Unknown,,,,,,,Yes,,Yes,,,,,,,,,,,74,North St.James Town,74,North St.James Town (74),D51,630695.189,4836234.8372
13388,80885193,,3/19/2017 8:00:00 AM,155,2677 KIPLING  AVE,,6 m East of,Major Arterial,Etobicoke York,43.748488,-79.584605,At/Near Private Drive,No Control,Snow,"Dark, artificial",Wet,Non-Fatal Injury,SMV Other,Driver,30 to 34,Major,,South,"Automobile, Station Wagon",Going Ahead,Speed too Fast For Condition,"Ability Impaired, Alcohol",,,,,,,,,Yes,,,,,,Yes,Yes,,Yes,,2,Mount Olive-Silverstone-Jamestown,2,Mount Olive-Silverstone-Jamestown (2),D23,613957.1151,4844911.0422
13389,80681740,,3/19/2017 8:00:00 AM,255,106 YORK MILLS RD,,,Major Arterial,North York,43.745097,-79.397746,Non Intersection,No Control,Clear,"Dark, artificial",Wet,Fatal,SMV Other,Driver,45 to 49,Fatal,13,West,"Automobile, Station Wagon",Going Ahead,Driving Properly,Normal,,,,,,,,,Yes,,,,,,Yes,Yes,,,,41,Bridle Path-Sunnybrook-York Mills,41,Bridle Path-Sunnybrook-York Mills (41),D32,629009.0288,4844808.4443
13390,80681741,,3/19/2017 8:00:00 AM,255,106 YORK MILLS RD,,,Major Arterial,North York,43.745097,-79.397746,Non Intersection,No Control,Clear,"Dark, artificial",Wet,Fatal,SMV Other,Driver,15 to 19,Minimal,,East,"Automobile, Station Wagon",Going Ahead,Lost control,Inattentive,,,,,,,,,Yes,,,,,,Yes,Yes,,,,41,Bridle Path-Sunnybrook-York Mills,41,Bridle Path-Sunnybrook-York Mills (41),D32,629009.0288,4844808.4443
13391,80896795,,3/21/2017 8:00:00 AM,845,LAKE SHORE BLVD E,DON ROADWAY,16 m East of,Major Arterial,Toronto and East York,43.65082,-79.346919,At Intersection,Traffic Signal,Clear,Daylight,Dry,Non-Fatal Injury,Cyclist Collisions,Driver,65 to 69,None,,East,"Automobile, Station Wagon",Going Ahead,Driving Properly,Normal,,,,,,,,Yes,Yes,,,,,,,,,,,70,South Riverdale,70,South Riverdale (70),D51,633310.2842,4834418.0678
13392,80896796,,3/21/2017 8:00:00 AM,845,LAKE SHORE BLVD E,DON ROADWAY,16 m East of,Major Arterial,Toronto and East York,43.65082,-79.346919,At Intersection,Traffic Signal,Clear,Daylight,Dry,Non-Fatal Injury,Cyclist Collisions,Cyclist,50 to 54,Major,,South,Bicycle,Going Ahead,,,,,,"Cyclist without ROW rides into path of motorist at inter, lnwy, dwy-Cyclist not turn.",Disobeyed Traffic Control,Inattentive,,Yes,Yes,,,,,,,,,,,70,South Riverdale,70,South Riverdale (70),D51,633310.2842,4834418.0678
13393,80775799,,3/21/2017 8:00:00 AM,905,EGLINTON AVE E,BRIMLEY RD,,Major Arterial,Scarborough,43.736624,-79.24805,At Intersection,Traffic Signal,Clear,Daylight,Dry,Non-Fatal Injury,Pedestrian Collisions,Driver,60 to 64,None,,South,"Automobile, Station Wagon",Turning Left,Failed to Yield Right of Way,Unknown,,,,,,,Yes,,Yes,,,,,,,Yes,,,,124,Kennedy Park,124,Kennedy Park (124),D41,641082.1697,4844111.4105
13394,80775800,,3/21/2017 8:00:00 AM,905,EGLINTON AVE E,BRIMLEY RD,,Major Arterial,Scarborough,43.736624,-79.24805,At Intersection,Traffic Signal,Clear,Daylight,Dry,Non-Fatal Injury,Pedestrian Collisions,Pedestrian,75 to 79,Major,,North,,,,,Vehicle turns left while ped crosses with ROW at inter.,Crossing with right of way,Normal,,,,Yes,,Yes,,,,,,,Yes,,,,124,Kennedy Park,124,Kennedy Park (124),D41,641082.1697,4844111.4105
13395,80788373,,3/21/2017 8:00:00 AM,1606,401 C E VICTORIA PR N RAMP,VICTORIA PARK AVE,,Major Arterial,North York,43.766852,-79.319141,At Intersection,Traffic Signal,Clear,Daylight,Dry,Non-Fatal Injury,Pedestrian Collisions,Driver,50 to 54,None,,East,"Automobile, Station Wagon",Turning Right,Failed to Yield Right of Way,Inattentive,,,,,,,Yes,,Yes,,,,,,,Yes,,,,119,Wexford/Maryvale,119,Wexford/Maryvale (119),D41,635289.1137,4847350.0843
13396,80788374,,3/21/2017 8:00:00 AM,1606,401 C E VICTORIA PR N RAMP,VICTORIA PARK AVE,,Major Arterial,North York,43.766852,-79.319141,At Intersection,Traffic Signal,Clear,Daylight,Dry,Non-Fatal Injury,Pedestrian Collisions,Pedestrian,65 to 69,Major,,North,,,,,Vehicle turns right while ped crosses with ROW at inter.,Crossing with right of way,Normal,,,,Yes,,Yes,,,,,,,Yes,,,,119,Wexford/Maryvale,119,Wexford/Maryvale (119),D41,635289.1137,4847350.0843
13397,80942134,,3/22/2017 8:00:00 AM,1440,CARLAW AVE,RIVERDALE AVE,,Minor Arterial,Toronto and East York,43.670687,-79.343982,At Intersection,No Control,Clear,Daylight,Dry,Non-Fatal Injury,Pedestrian Collisions,Pedestrian,60 to 64,Major,,North,,,,,Vehicle is going straight thru inter.while ped cross with ROW,Crossing with right of way,Normal,,,,Yes,,Yes,,,,,,,,,,,68,North Riverdale,68,North Riverdale (68),D55,633503.0957,4836629.2869
13398,80942135,,3/22/2017 8:00:00 AM,1440,CARLAW AVE,RIVERDALE AVE,,Minor Arterial,Toronto and East York,43.670687,-79.343982,At Intersection,No Control,Clear,Daylight,Dry,Non-Fatal Injury,Pedestrian Collisions,Driver,unknown,None,,North,Delivery Van,Going Ahead,Lost control,Unknown,,,,,,,Yes,,Yes,,,,,,,,,,,68,North Riverdale,68,North Riverdale (68),D55,633503.0957,4836629.2869
13399,80776079,,3/23/2017 8:00:00 AM,653,MARTIN GROVE RD,BRUNELLO GT,,Minor Arterial,Etobicoke York,43.755927,-79.601611,At Intersection,Stop Sign,Clear,Dawn,Dry,Non-Fatal Injury,Turning Movement,Driver,55 to 59,Major,,East,"Automobile, Station Wagon",Turning Left,Failed to Yield Right of Way,Inattentive,,,,,,,,,Yes,,,,,,,Yes,,,,1,West Humber-Clairville,1,West Humber-Clairville (1),D23,612573.9617,4845713.9974
13400,80776080,,3/23/2017 8:00:00 AM,653,MARTIN GROVE RD,BRUNELLO GT,,Minor Arterial,Etobicoke York,43.755927,-79.601611,At Intersection,Stop Sign,Clear,Dawn,Dry,Non-Fatal Injury,Turning Movement,Driver,25 to 29,Minimal,,South,"Automobile, Station Wagon",Going Ahead,Driving Properly,Normal,,,,,,,,,Yes,,,,,,,Yes,,,,1,West Humber-Clairville,1,West Humber-Clairville (1),D23,612573.9617,4845713.9974
13401,80775260,,3/24/2017 8:00:00 AM,2213,FINCH AVE E,DORIS AVE,,Major Arterial,North York,43.780406,-79.412273,At Intersection,Traffic Signal,Rain,"Dark, artificial",Wet,Non-Fatal Injury,Cyclist Collisions,Driver,50 to 54,None,,North,"Automobile, Station Wagon",Turning Left,Improper Turn,Inattentive,,,,,,,,Yes,Yes,,,,,,,,,,,152,East Willowdale,51,Willowdale East (51),D32,627764.1597,4848707.52
13402,80775261,,3/24/2017 8:00:00 AM,2213,FINCH AVE E,DORIS AVE,,Major Arterial,North York,43.780406,-79.412273,At Intersection,Traffic Signal,Rain,"Dark, artificial",Wet,Non-Fatal Injury,Cyclist Collisions,Cyclist,20 to 24,Major,,South,Bicycle,Going Ahead,,,,,,Motorist turned left across cyclists path.,Disobeyed Traffic Control,Inattentive,,Yes,Yes,,,,,,,,,,,152,East Willowdale,51,Willowdale East (51),D32,627764.1597,4848707.52
13403,80775274,,3/26/2017 8:00:00 AM,254,LAWRENCE  AVE W,WESTON RD,,Major Arterial,Etobicoke York,43.700087,-79.516155,At Intersection,Traffic Signal,Rain,"Dark, artificial",Wet,Non-Fatal Injury,Pedestrian Collisions,Driver,70 to 74,None,,West,"Automobile, Station Wagon",Going Ahead,Driving Properly,Normal,,,,,,,Yes,,Yes,,,,,,,,,,,113,Weston,113,Weston (113),D12,619564.4888,4839631.8669
13404,80775275,,3/26/2017 8:00:00 AM,254,LAWRENCE  AVE W,WESTON RD,,Major Arterial,Etobicoke York,43.700087,-79.516155,At Intersection,Traffic Signal,Rain,"Dark, artificial",Wet,Non-Fatal Injury,Pedestrian Collisions,Pedestrian,30 to 34,Major,,South,,,,,Vehicle is going straight thru inter.while ped cross without ROW,Crossing without right of way,"Ability Impaired, Drugs",,,,Yes,,Yes,,,,,,,,,,,113,Weston,113,Weston (113),D12,619564.4888,4839631.8669
13405,80782606,,3/26/2017 8:00:00 AM,1310,ELLESMERE RD,DOLLY VARDEN BLVD,,Major Arterial,Scarborough,43.775668,-79.234958,At Intersection,Traffic Signal,Clear,Daylight,Wet,Non-Fatal Injury,Turning Movement,Driver,65 to 69,Minimal,,West,"Automobile, Station Wagon",Going Ahead,Disobeyed Traffic Control,Inattentive,,,,,,,,,Yes,,,,,Yes,,Yes,Yes,,,142,Woburn North,137,Woburn (137),D43,642044.0466,4848470.2252
13406,80782607,,3/26/2017 8:00:00 AM,1310,ELLESMERE RD,DOLLY VARDEN BLVD,,Major Arterial,Scarborough,43.775668,-79.234958,At Intersection,Traffic Signal,Clear,Daylight,Wet,Non-Fatal Injury,Turning Movement,Driver,25 to 29,None,,East,"Automobile, Station Wagon",Turning Left,Driving Properly,Normal,,,,,,,,,Yes,,,,,Yes,,Yes,Yes,,,142,Woburn North,137,Woburn (137),D43,642044.0466,4848470.2252
13407,80782608,,3/26/2017 8:00:00 AM,1310,ELLESMERE RD,DOLLY VARDEN BLVD,,Major Arterial,Scarborough,43.775668,-79.234958,At Intersection,Traffic Signal,Clear,Daylight,Wet,Non-Fatal Injury,Turning Movement,Passenger,20 to 24,Minimal,,,,,,,,,,,,,,,Yes,,,,,Yes,,Yes,Yes,,,142,Woburn North,137,Woburn (137),D43,642044.0466,4848470.2252
13408,80782609,,3/26/2017 8:00:00 AM,1310,ELLESMERE RD,DOLLY VARDEN BLVD,,Major Arterial,Scarborough,43.775668,-79.234958,At Intersection,Traffic Signal,Clear,Daylight,Wet,Non-Fatal Injury,Turning Movement,Passenger,20 to 24,Minimal,,,,,,,,,,,,,,,Yes,,,,,Yes,,Yes,Yes,,,142,Woburn North,137,Woburn (137),D43,642044.0466,4848470.2252
13409,80782610,,3/26/2017 8:00:00 AM,1310,ELLESMERE RD,DOLLY VARDEN BLVD,,Major Arterial,Scarborough,43.775668,-79.234958,At Intersection,Traffic Signal,Clear,Daylight,Wet,Non-Fatal Injury,Turning Movement,Passenger,20 to 24,Major,,,,,,,,,,,,,,,Yes,,,,,Yes,,Yes,Yes,,,142,Woburn North,137,Woburn (137),D43,642044.0466,4848470.2252
13410,80782611,,3/26/2017 8:00:00 AM,1310,ELLESMERE RD,DOLLY VARDEN BLVD,,Major Arterial,Scarborough,43.775668,-79.234958,At Intersection,Traffic Signal,Clear,Daylight,Wet,Non-Fatal Injury,Turning Movement,Passenger,70 to 74,Minimal,,,,,,,,,,,,,,,Yes,,,,,Yes,,Yes,Yes,,,142,Woburn North,137,Woburn (137),D43,642044.0466,4848470.2252
13411,80782612,,3/26/2017 8:00:00 AM,1310,ELLESMERE RD,DOLLY VARDEN BLVD,,Major Arterial,Scarborough,43.775668,-79.234958,At Intersection,Traffic Signal,Clear,Daylight,Wet,Non-Fatal Injury,Turning Movement,Passenger,0 to 4,None,,,,,,,,,,,,,,,Yes,,,,,Yes,,Yes,Yes,,,142,Woburn North,137,Woburn (137),D43,642044.0466,4848470.2252
13412,80782613,,3/26/2017 8:00:00 AM,1310,ELLESMERE RD,DOLLY VARDEN BLVD,,Major Arterial,Scarborough,43.775668,-79.234958,At Intersection,Traffic Signal,Clear,Daylight,Wet,Non-Fatal Injury,Turning Movement,Passenger,0 to 4,None,,,,,,,,,,,,,,,Yes,,,,,Yes,,Yes,Yes,,,142,Woburn North,137,Woburn (137),D43,642044.0466,4848470.2252
13413,80775490,,3/27/2017 8:00:00 AM,855,EGLINTON AVE W,RUSSELL HILL RD,3 m East of,Major Arterial,North York,43.703047,-79.415462,Non Intersection,Traffic Controller,Clear,Daylight,Wet,Non-Fatal Injury,Other,Driver,45 to 49,Major,,East,Municipal Transit Bus (TTC),Going Ahead,Driving Properly,Normal,,,,,,,,,,,,Yes,,Yes,,,,,,101,Forest Hill South,101,Forest Hill South (101),D53,627671.8674,4840110.7514
13414,80775491,,3/27/2017 8:00:00 AM,855,EGLINTON AVE W,RUSSELL HILL RD,3 m East of,Major Arterial,North York,43.703047,-79.415462,Non Intersection,Traffic Controller,Clear,Daylight,Wet,Non-Fatal Injury,Other,Passenger,25 to 29,Minor,,,,,,,,,,,,,,,,,,Yes,,Yes,,,,,,101,Forest Hill South,101,Forest Hill South (101),D53,627671.8674,4840110.7514
13415,80914570,,3/28/2017 8:00:00 AM,600,2800 WARDEN AVE,,,Major Arterial,Scarborough,43.794673,-79.314952,Non Intersection,Pedestrian Crossover,Clear,Dark,Dry,Non-Fatal Injury,Pedestrian Collisions,Pedestrian,65 to 69,Major,,East,,,,,Pedestrian hit a PXO/ped. Mid-block signal,"Crossing, Pedestrian Crossover",Normal,,,,Yes,,Yes,,,,,,,Yes,,,,147,L'Amoreaux West,117,L'Amoreaux (117),D42,635563.3876,4850446.8935
13416,80914571,,3/28/2017 8:00:00 AM,600,2800 WARDEN AVE,,,Major Arterial,Scarborough,43.794673,-79.314952,Non Intersection,Pedestrian Crossover,Clear,Dark,Dry,Non-Fatal Injury,Pedestrian Collisions,Driver,25 to 29,None,,North,"Automobile, Station Wagon",Going Ahead,Disobeyed Traffic Control,Inattentive,,,,,,,Yes,,Yes,,,,,,,Yes,,,,147,L'Amoreaux West,117,L'Amoreaux (117),D42,635563.3876,4850446.8935
13417,80783074,,3/30/2017 8:00:00 AM,15,SCARBOROUGH GOLF CLUB RD,LAWRENCE AVE E,,Major Arterial,Scarborough,43.761779,-79.215801,At Intersection,Traffic Signal,Clear,"Dark, artificial",Dry,Non-Fatal Injury,Angle,Driver,15 to 19,Major,,North,"Automobile, Station Wagon",Going Ahead,Disobeyed Traffic Control,Unknown,,,,,,,,,Yes,,,,,Yes,Yes,Yes,Yes,,,141,Golfdale-Cedarbrae-Woburn,137,Woburn (137),D43,643618.9897,4846960.6807
13418,80783179,,3/30/2017 8:00:00 AM,15,SCARBOROUGH GOLF CLUB RD,LAWRENCE AVE E,,Major Arterial,Scarborough,43.761779,-79.215801,At Intersection,Traffic Signal,Clear,"Dark, artificial",Dry,Non-Fatal Injury,Angle,Driver,55 to 59,Minor,,East,"Automobile, Station Wagon",Going Ahead,Driving Properly,Normal,,,,,,,,,Yes,,,,,Yes,Yes,Yes,Yes,,,141,Golfdale-Cedarbrae-Woburn,137,Woburn (137),D43,643618.9897,4846960.6807
13419,80783180,,3/30/2017 8:00:00 AM,15,SCARBOROUGH GOLF CLUB RD,LAWRENCE AVE E,,Major Arterial,Scarborough,43.761779,-79.215801,At Intersection,Traffic Signal,Clear,"Dark, artificial",Dry,Non-Fatal Injury,Angle,Passenger,70 to 74,None,,,,,,,,,,,,,,,Yes,,,,,Yes,Yes,Yes,Yes,,,141,Golfdale-Cedarbrae-Woburn,137,Woburn (137),D43,643618.9897,4846960.6807
13420,80782614,,3/31/2017 8:00:00 AM,1050,PASSMORE  AVE,SILVER STAR  BLVD,,Collector,Scarborough,43.819899,-79.298061,At Intersection,Traffic Signal,Clear,Daylight,Dry,Non-Fatal Injury,Turning Movement,Driver,60 to 64,Major,,South,Passenger Van,Turning Left,Disobeyed Traffic Control,Normal,,,,,,,,,Yes,,,,,,,Yes,Yes,,,130,Milliken,130,Milliken (130),D42,636864.6677,4853276.4534
13421,80782615,,3/31/2017 8:00:00 AM,1050,PASSMORE  AVE,SILVER STAR  BLVD,,Collector,Scarborough,43.819899,-79.298061,At Intersection,Traffic Signal,Clear,Daylight,Dry,Non-Fatal Injury,Turning Movement,Driver,45 to 49,Minor,,West,Passenger Van,Going Ahead,Driving Properly,Normal,,,,,,,,,Yes,,,,,,,Yes,Yes,,,130,Milliken,130,Milliken (130),D42,636864.6677,4853276.4534
13422,80774387,,4/1/2017 8:00:00 AM,208,MARGUERETTA ST,BLOOR  ST W,34 m South o,Local,Toronto and East York,43.658438,-79.440212,Non Intersection,No Control,Clear,"Dark, artificial",Wet,Non-Fatal Injury,Pedestrian Collisions,Driver,unknown,None,,South,"Automobile, Station Wagon",Going Ahead,Other,Unknown,,,,,,,Yes,,Yes,,,,,,,,,,,83,Dufferin Grove,83,Dufferin Grove (83),D11,625770.8274,4835118.5025
13423,80774388,,4/1/2017 8:00:00 AM,208,MARGUERETTA ST,BLOOR  ST W,34 m South o,Local,Toronto and East York,43.658438,-79.440212,Non Intersection,No Control,Clear,"Dark, artificial",Wet,Non-Fatal Injury,Pedestrian Collisions,Pedestrian,20 to 24,Major,,North,,,,,Pedestrian hit at mid-block,Running onto Roadway,Normal,,,,Yes,,Yes,,,,,,,,,,,83,Dufferin Grove,83,Dufferin Grove (83),D11,625770.8274,4835118.5025
13424,80774605,,4/2/2017 8:00:00 AM,4,MARTIN GROVE RD,JEFFCOAT DR,120 m South ,Major Arterial,Etobicoke York,43.717608,-79.582813,Non Intersection,No Control,Clear,"Dark, artificial",Dry,Non-Fatal Injury,SMV Other,Driver,60 to 64,Major,,South,"Automobile, Station Wagon",Unknown,Speed too Fast For Condition,Inattentive,,,,,,,,,Yes,,,,,,Yes,Yes,,,,1,West Humber-Clairville,1,West Humber-Clairville (1),D23,614160.0503,4841483.8486
13425,80774687,,4/2/2017 8:00:00 AM,905,PHARMACY AVE,STEELES AVE E,,Major Arterial,Scarborough,43.816786,-79.336421,At Intersection,Traffic Signal,Clear,Daylight,Dry,Non-Fatal Injury,Pedestrian Collisions,Driver,65 to 69,None,,South,"Automobile, Station Wagon",Turning Left,Failed to Yield Right of Way,Inattentive,,,,,,,Yes,,Yes,,,,,,,Yes,,,,116,Steeles,116,Steeles (116),D42,633786.7971,4852867.955
13426,80774688,,4/2/2017 8:00:00 AM,905,PHARMACY AVE,STEELES AVE E,,Major Arterial,Scarborough,43.816786,-79.336421,At Intersection,Traffic Signal,Clear,Daylight,Dry,Non-Fatal Injury,Pedestrian Collisions,Pedestrian,60 to 64,Major,,Unknown,,,,,Vehicle turns left while ped crosses with ROW at inter.,Crossing with right of way,Normal,,,,Yes,,Yes,,,,,,,Yes,,,,116,Steeles,116,Steeles (116),D42,633786.7971,4852867.955
13427,80774895,,4/3/2017 8:00:00 AM,1053,THE EAST MALL,BURNHAMTHORPE RD,,Major Arterial,Etobicoke York,43.646231,-79.559947,Intersection Related,Traffic Signal,Clear,Daylight,Dry,Non-Fatal Injury,Pedestrian Collisions,Driver,80 to 84,None,,North,"Automobile, Station Wagon",Turning Left,Improper Turn,Normal,,,,,,,Yes,,Yes,,,,,Yes,,,,,,158,Islington,14,Islington-City Centre West (14),D22,616139.648,4833588.2349
13428,80774896,,4/3/2017 8:00:00 AM,1053,THE EAST MALL,BURNHAMTHORPE RD,,Major Arterial,Etobicoke York,43.646231,-79.559947,Intersection Related,Traffic Signal,Clear,Daylight,Dry,Non-Fatal Injury,Pedestrian Collisions,Passenger,90 to 94,None,,,,,,,,,,,,,Yes,,Yes,,,,,Yes,,,,,,158,Islington,14,Islington-City Centre West (14),D22,616139.648,4833588.2349
13429,80774897,,4/3/2017 8:00:00 AM,1053,THE EAST MALL,BURNHAMTHORPE RD,,Major Arterial,Etobicoke York,43.646231,-79.559947,Intersection Related,Traffic Signal,Clear,Daylight,Dry,Non-Fatal Injury,Pedestrian Collisions,Pedestrian,50 to 54,Major,,South,,,,,Vehicle turns left while ped crosses with ROW at inter.,Crossing with right of way,Normal,,,,Yes,,Yes,,,,,Yes,,,,,,158,Islington,14,Islington-City Centre West (14),D22,616139.648,4833588.2349
13430,80775044,,4/4/2017 8:00:00 AM,10,MCLEVIN AVE,TAPSCOTT RD,,Minor Arterial,Scarborough,43.80511,-79.22665,At Intersection,Traffic Signal,Rain,"Dark, artificial",Wet,Non-Fatal Injury,Pedestrian Collisions,Driver,40 to 44,None,,East,Pick Up Truck,Turning Left,Improper Turn,Inattentive,,,,,,,Yes,,Yes,,,,,,,,,,,145,Malvern West,132,Malvern (132),D42,642642.5903,4851754.5186
13431,80775045,,4/4/2017 8:00:00 AM,10,MCLEVIN AVE,TAPSCOTT RD,,Minor Arterial,Scarborough,43.80511,-79.22665,At Intersection,Traffic Signal,Rain,"Dark, artificial",Wet,Non-Fatal Injury,Pedestrian Collisions,Pedestrian,15 to 19,Major,,North,,,,,Vehicle turns left while ped crosses with ROW at inter.,Crossing with right of way,Normal,,,,Yes,,Yes,,,,,,,,,,,145,Malvern West,132,Malvern (132),D42,642642.5903,4851754.5186
13432,80775113,,4/4/2017 8:00:00 AM,853,DUFFERIN ST,DUNDAS ST W,,Minor Arterial,Toronto and East York,43.649577,-79.431415,At Intersection,Traffic Signal,Rain,Daylight,Wet,Non-Fatal Injury,Pedestrian Collisions,Driver,30 to 34,None,,South,"Automobile, Station Wagon",Turning Left,Failed to Yield Right of Way,Normal,,,,,,,Yes,,Yes,,,,,,,Yes,,,,84,Little Portugal,84,Little Portugal (84),D14,626498.7684,4834147.745
13433,80775114,,4/4/2017 8:00:00 AM,853,DUFFERIN ST,DUNDAS ST W,,Minor Arterial,Toronto and East York,43.649577,-79.431415,At Intersection,Traffic Signal,Rain,Daylight,Wet,Non-Fatal Injury,Pedestrian Collisions,Pedestrian,65 to 69,Major,,South,,,,,Vehicle turns left while ped crosses with ROW at inter.,Crossing with right of way,Normal,,,,Yes,,Yes,,,,,,,Yes,,,,84,Little Portugal,84,Little Portugal (84),D14,626498.7684,4834147.745