OBJECTID,INDEX,ACCNUM,DATE,TIME,STREET1,STREET2,OFFSET,ROAD_CLASS,DISTRICT,LATITUDE,LONGITUDE,ACCLOC,TRAFFCTL,VISIBILITY,LIGHT,RDSFCOND,ACCLASS,IMPACTYPE,INVTYPE,INVAGE,INJURY,FATAL_NO,INITDIR,VEHTYPE,MANOEUVER,DRIVACT,DRIVCOND,PEDTYPE,PEDACT,PEDCOND,CYCLISTYPE,CYCACT,CYCCOND,PEDESTRIAN,CYCLIST,AUTOMOBILE,MOTORCYCLE,TRUCK,TRSN_CITY_VEH,EMERG_VEH,PASSENGER,SPEEDING,AG_DRIV,REDLIGHT,ALCOHOL,DISABILITY,HOOD_158,NEIGHBOURHOOD_158,HOOD_140,NEIGHBOURHOOD_140,DIVISION,x,y
13434,80774328,,4/5/2017 8:00:00 AM,1454,4 RIDGEMOUNT RD,CHAPMAN RD,2 m East of,Local,Etobicoke York,43.688971,-79.522189,At/Near Private Drive,No Control,Clear,Daylight,Dry,Non-Fatal Injury,Pedestrian Collisions,Driver,35 to 39,None,,West,"Automobile, Station Wagon",Reversing,Other,,,,,,,,Yes,,Yes,,,,,,,,,,,8,Humber Heights-Westmount,8,Humber Heights-Westmount (8),D23,619100.2831,4838388.6006
13435,80774329,,4/5/2017 8:00:00 AM,1454,4 RIDGEMOUNT RD,CHAPMAN RD,2 m East of,Local,Etobicoke York,43.688971,-79.522189,At/Near Private Drive,No Control,Clear,Daylight,Dry,Non-Fatal Injury,Pedestrian Collisions,Pedestrian,55 to 59,Minimal,,North,,,,,Vehicle is reversing and hits pedestrian,Other,Normal,,,,Yes,,Yes,,,,,,,,,,,8,Humber Heights-Westmount,8,Humber Heights-Westmount (8),D23,619100.2831,4838388.6006
13436,80774330,,4/5/2017 8:00:00 AM,1454,4 RIDGEMOUNT RD,CHAPMAN RD,2 m East of,Local,Etobicoke York,43.688971,-79.522189,At/Near Private Drive,No Control,Clear,Daylight,Dry,Non-Fatal Injury,Pedestrian Collisions,Pedestrian,85 to 89,Major,,North,,,,,Vehicle is reversing and hits pedestrian,Other,Normal,,,,Yes,,Yes,,,,,,,,,,,8,Humber Heights-Westmount,8,Humber Heights-Westmount (8),D23,619100.2831,4838388.6006
13437,80741710,,4/6/2017 8:00:00 AM,1403,CLIFFSIDE DR,FOLCROFT AVE,10 m North o,Local,Scarborough,43.701213,-79.251239,Intersection Related,No Control,Rain,Daylight,Wet,Fatal,Other,Passenger,55 to 59,Fatal,15,,,,,,,,,,,,,,,,Yes,,,Yes,,,,,,122,Birchcliffe-Cliffside,122,Birchcliffe-Cliffside (122),D41,640908.348,4840173.0733
13438,80741748,,4/6/2017 8:00:00 AM,1403,CLIFFSIDE DR,FOLCROFT AVE,10 m North o,Local,Scarborough,43.701213,-79.251239,Intersection Related,No Control,Rain,Daylight,Wet,Fatal,Other,Truck Driver,50 to 54,None,,North,"Truck - Closed (Blazer, etc)",Going Ahead,Driving Properly,Normal,,,,,,,,,,,Yes,,,Yes,,,,,,122,Birchcliffe-Cliffside,122,Birchcliffe-Cliffside (122),D41,640908.348,4840173.0733
13439,80910053,,4/6/2017 8:00:00 AM,1549,NASSAU ST,BATHURST ST,,Major Arterial,Toronto and East York,43.654212,-79.406795,At Intersection,Traffic Signal,Rain,Daylight,Wet,Non-Fatal Injury,Pedestrian Collisions,Pedestrian,75 to 79,Major,,East,,,,,Vehicle turns left while ped crosses with ROW at inter.,Crossing with right of way,Normal,,,,Yes,,Yes,,,,,Yes,,Yes,,,,78,Kensington-Chinatown,78,Kensington-Chinatown (78),D14,628474.3886,4834700.3461
13440,80910054,,4/6/2017 8:00:00 AM,1549,NASSAU ST,BATHURST ST,,Major Arterial,Toronto and East York,43.654212,-79.406795,At Intersection,Traffic Signal,Rain,Daylight,Wet,Non-Fatal Injury,Pedestrian Collisions,Passenger,40 to 44,None,,,,,,,,,,,,,Yes,,Yes,,,,,Yes,,Yes,,,,78,Kensington-Chinatown,78,Kensington-Chinatown (78),D14,628474.3886,4834700.3461
13441,80910055,,4/6/2017 8:00:00 AM,1549,NASSAU ST,BATHURST ST,,Major Arterial,Toronto and East York,43.654212,-79.406795,At Intersection,Traffic Signal,Rain,Daylight,Wet,Non-Fatal Injury,Pedestrian Collisions,Driver,50 to 54,None,,West,"Automobile, Station Wagon",Turning Left,Failed to Yield Right of Way,Inattentive,,,,,,,Yes,,Yes,,,,,Yes,,Yes,,,,78,Kensington-Chinatown,78,Kensington-Chinatown (78),D14,628474.3886,4834700.3461
13442,80774627,,4/6/2017 8:00:00 AM,2315,MARKHAM RD,PAINTED POST DR,10 m West of,Major Arterial,Scarborough,43.767493,-79.22832,At Intersection,Traffic Signal,Rain,"Dark, artificial",Wet,Non-Fatal Injury,Pedestrian Collisions,Driver,25 to 29,None,,South,"Automobile, Station Wagon",Going Ahead,Driving Properly,Normal,,,,,,,Yes,,Yes,,,,,,,,,,,142,Woburn North,137,Woburn (137),D43,642597.6832,4847573.6736
13443,80774628,,4/6/2017 8:00:00 AM,2315,MARKHAM RD,PAINTED POST DR,10 m West of,Major Arterial,Scarborough,43.767493,-79.22832,At Intersection,Traffic Signal,Rain,"Dark, artificial",Wet,Non-Fatal Injury,Pedestrian Collisions,Pedestrian,25 to 29,Major,,West,,,,,Vehicle is going straight thru inter.while ped cross without ROW,Crossing without right of way,Inattentive,,,,Yes,,Yes,,,,,,,,,,,142,Woburn North,137,Woburn (137),D43,642597.6832,4847573.6736
13444,80774281,,4/10/2017 8:00:00 AM,1610,MARTIN GROVE RD,DOSCO RD,7 m South of,Major Arterial,Etobicoke York,43.695151,-79.572528,At Intersection,No Control,Clear,Daylight,Wet,Non-Fatal Injury,Turning Movement,Driver,45 to 49,None,,East,Passenger Van,Turning Left,Failed to Yield Right of Way,Inattentive,,,,,,,,,Yes,,,,,,Yes,Yes,,,,1,West Humber-Clairville,1,West Humber-Clairville (1),D23,615031.4988,4839003.9089
13445,80774282,,4/10/2017 8:00:00 AM,1610,MARTIN GROVE RD,DOSCO RD,7 m South of,Major Arterial,Etobicoke York,43.695151,-79.572528,At Intersection,No Control,Clear,Daylight,Wet,Non-Fatal Injury,Turning Movement,Driver,20 to 24,Major,,South,"Automobile, Station Wagon",Going Ahead,Driving Properly,Inattentive,,,,,,,,,Yes,,,,,,Yes,Yes,,,,1,West Humber-Clairville,1,West Humber-Clairville (1),D23,615031.4988,4839003.9089
13446,80774351,,4/10/2017 8:00:00 AM,2229,ST CLAIR AVE W,GUNNS RD,90 m West of,Major Arterial,Etobicoke York,43.671408,-79.472408,Non Intersection,No Control,Rain,Dark,Wet,Non-Fatal Injury,Pedestrian Collisions,Driver,35 to 39,None,,West,"Automobile, Station Wagon",Going Ahead,Driving Properly,Normal,,,,,,,Yes,,Yes,,,,,,,Yes,,,,90,Junction Area,90,Junction Area (90),D11,623148.2113,4836510.6926
13447,80774352,,4/10/2017 8:00:00 AM,2229,ST CLAIR AVE W,GUNNS RD,90 m West of,Major Arterial,Etobicoke York,43.671408,-79.472408,Non Intersection,No Control,Rain,Dark,Wet,Non-Fatal Injury,Pedestrian Collisions,Pedestrian,50 to 54,Major,,West,,,,,Pedestrian hit at mid-block,Running onto Roadway,Inattentive,,,,Yes,,Yes,,,,,,,Yes,,,,90,Junction Area,90,Junction Area (90),D11,623148.2113,4836510.6926
13448,80741712,,4/11/2017 8:00:00 AM,1056,WILSON AVE,DUFFERIN ST,10 m west,Major Arterial,North York,43.73202,-79.458873,At Intersection,Traffic Signal,Clear,Daylight,Dry,Fatal,Pedestrian Collisions,Pedestrian,50 to 54,Fatal,16,East,,,,,Vehicle turns right while ped crosses with ROW at inter.,Crossing with right of way,Normal,,,,Yes,,,,Yes,,,,,Yes,,,,33,Clanton Park,33,Clanton Park (33),D32,624114.2251,4843262.6765
13449,80741715,,4/11/2017 8:00:00 AM,1056,WILSON AVE,DUFFERIN ST,10 m west,Major Arterial,North York,43.73202,-79.458873,At Intersection,Traffic Signal,Clear,Daylight,Dry,Fatal,Pedestrian Collisions,Truck Driver,60 to 64,None,,East,"Truck - Closed (Blazer, etc)",Turning Right,Failed to Yield Right of Way,Inattentive,,,,,,,Yes,,,,Yes,,,,,Yes,,,,33,Clanton Park,33,Clanton Park (33),D32,624114.2251,4843262.6765
13450,80774493,,4/11/2017 8:00:00 AM,1919,GERRARD ST E,SACKVILLE ST,37 m East of,Minor Arterial,Toronto and East York,43.66265,-79.363513,Non Intersection,No Control,Clear,Daylight,Dry,Non-Fatal Injury,Pedestrian Collisions,Driver,40 to 44,None,,East,"Automobile, Station Wagon",Going Ahead,Driving Properly,Normal,,,,,,,Yes,,Yes,,,,,,,,,,,72,Regent Park,72,Regent Park (72),D51,631946.1573,4835705.422
13451,80774494,,4/11/2017 8:00:00 AM,1919,GERRARD ST E,SACKVILLE ST,37 m East of,Minor Arterial,Toronto and East York,43.66265,-79.363513,Non Intersection,No Control,Clear,Daylight,Dry,Non-Fatal Injury,Pedestrian Collisions,Pedestrian,40 to 44,Major,,Unknown,,,,,Pedestrian hit at mid-block,"Crossing, no Traffic Control",Other,,,,Yes,,Yes,,,,,,,,,,,72,Regent Park,72,Regent Park (72),D51,631946.1573,4835705.422
13452,80741713,,4/13/2017 8:00:00 AM,144,CUMMER AVE,SNOWCREST AVE,150 m East,Collector,North York,43.795336,-79.380786,Non Intersection,No Control,Clear,"Dark, artificial",Dry,Fatal,SMV Other,Passenger,25 to 29,Major,,,,,,,,,,,,,,,Yes,,,,,Yes,Yes,Yes,,,,49,Bayview Woods-Steeles,49,Bayview Woods-Steeles (49),D33,630265.5008,4850414.8043
13453,80741716,,4/13/2017 8:00:00 AM,144,CUMMER AVE,SNOWCREST AVE,150 m East,Collector,North York,43.795336,-79.380786,Non Intersection,No Control,Clear,"Dark, artificial",Dry,Fatal,SMV Other,Driver,25 to 29,Fatal,17,East,"Automobile, Station Wagon",Going Ahead,Lost control,Unknown,,,,,,,,,Yes,,,,,Yes,Yes,Yes,,,,49,Bayview Woods-Steeles,49,Bayview Woods-Steeles (49),D33,630265.5008,4850414.8043
13454,80741714,,4/14/2017 8:00:00 AM,1805,SPADINA AVE,SULLIVAN ST,50 m North,Major Arterial,Toronto and East York,43.651316,-79.397403,Non Intersection,No Control,Clear,Daylight,Dry,Fatal,Pedestrian Collisions,Pedestrian,65 to 69,Fatal,18,East,,,,,Pedestrian involved in a collision with transit vehicle anywhere along roadway,"Crossing, no Traffic Control",Had Been Drinking,,,,Yes,,,,,Yes,,,,,,,,78,Kensington-Chinatown,78,Kensington-Chinatown (78),D52,629237.9692,4834393.2917
13455,80741717,,4/14/2017 8:00:00 AM,1805,SPADINA AVE,SULLIVAN ST,50 m North,Major Arterial,Toronto and East York,43.651316,-79.397403,Non Intersection,No Control,Clear,Daylight,Dry,Fatal,Pedestrian Collisions,Driver,40 to 44,None,,South,Street Car,Going Ahead,Driving Properly,Normal,,,,,,,Yes,,,,,Yes,,,,,,,,78,Kensington-Chinatown,78,Kensington-Chinatown (78),D52,629237.9692,4834393.2917
13456,80774158,,4/15/2017 8:00:00 AM,2002,61 TOPCLIFF  AVE,,47 m East of,Local,Etobicoke York,43.756457,-79.508296,Non Intersection,No Control,Clear,"Dark, artificial",Dry,Non-Fatal Injury,Approaching,Driver,20 to 24,Major,,East,"Automobile, Station Wagon",Going Ahead,Lost control,Normal,,,,,,,,,Yes,,,,,Yes,Yes,Yes,,,,25,Glenfield-Jane Heights,25,Glenfield-Jane Heights (25),D31,620085.0563,4845903.9196
13457,80774159,,4/15/2017 8:00:00 AM,2002,61 TOPCLIFF  AVE,,47 m East of,Local,Etobicoke York,43.756457,-79.508296,Non Intersection,No Control,Clear,"Dark, artificial",Dry,Non-Fatal Injury,Approaching,Driver,30 to 34,Minimal,,West,"Automobile, Station Wagon",Going Ahead,Driving Properly,Normal,,,,,,,,,Yes,,,,,Yes,Yes,Yes,,,,25,Glenfield-Jane Heights,25,Glenfield-Jane Heights (25),D31,620085.0563,4845903.9196
13458,80774160,,4/15/2017 8:00:00 AM,2002,61 TOPCLIFF  AVE,,47 m East of,Local,Etobicoke York,43.756457,-79.508296,Non Intersection,No Control,Clear,"Dark, artificial",Dry,Non-Fatal Injury,Approaching,Passenger,35 to 39,None,,,,,,,,,,,,,,,Yes,,,,,Yes,Yes,Yes,,,,25,Glenfield-Jane Heights,25,Glenfield-Jane Heights (25),D31,620085.0563,4845903.9196
13459,80774161,,4/15/2017 8:00:00 AM,2002,61 TOPCLIFF  AVE,,47 m East of,Local,Etobicoke York,43.756457,-79.508296,Non Intersection,No Control,Clear,"Dark, artificial",Dry,Non-Fatal Injury,Approaching,Passenger,5 to 9,Minimal,,,,,,,,,,,,,,,Yes,,,,,Yes,Yes,Yes,,,,25,Glenfield-Jane Heights,25,Glenfield-Jane Heights (25),D31,620085.0563,4845903.9196
13460,80774217,,4/15/2017 8:00:00 AM,2002,61 TOPCLIFF  AVE,,47 m East of,Local,Etobicoke York,43.756457,-79.508296,Non Intersection,No Control,Clear,"Dark, artificial",Dry,Non-Fatal Injury,Approaching,Passenger,5 to 9,Minimal,,,,,,,,,,,,,,,Yes,,,,,Yes,Yes,Yes,,,,25,Glenfield-Jane Heights,25,Glenfield-Jane Heights (25),D31,620085.0563,4845903.9196
13461,80774218,,4/15/2017 8:00:00 AM,2002,61 TOPCLIFF  AVE,,47 m East of,Local,Etobicoke York,43.756457,-79.508296,Non Intersection,No Control,Clear,"Dark, artificial",Dry,Non-Fatal Injury,Approaching,Passenger,0 to 4,Minimal,,,,,,,,,,,,,,,Yes,,,,,Yes,Yes,Yes,,,,25,Glenfield-Jane Heights,25,Glenfield-Jane Heights (25),D31,620085.0563,4845903.9196
13462,80774219,,4/15/2017 8:00:00 AM,2002,61 TOPCLIFF  AVE,,47 m East of,Local,Etobicoke York,43.756457,-79.508296,Non Intersection,No Control,Clear,"Dark, artificial",Dry,Non-Fatal Injury,Approaching,Passenger,25 to 29,Minimal,,,,,,,,,,,,,,,Yes,,,,,Yes,Yes,Yes,,,,25,Glenfield-Jane Heights,25,Glenfield-Jane Heights (25),D31,620085.0563,4845903.9196
13463,80774367,,4/16/2017 8:00:00 AM,1649,QUEENS QUAY W,YORK ST,47 m West of,Minor Arterial,Toronto and East York,43.639735,-79.380924,Non Intersection,No Control,Clear,Daylight,Dry,Non-Fatal Injury,Pedestrian Collisions,Driver,50 to 54,None,,East,"Bus (Other) (Go Bus, Gray Coa",Going Ahead,Driving Properly,Normal,,,,,,,Yes,,,,,Yes,,,,,,,,165,Harbourfront-CityPlace,77,Waterfront Communities-The Island (77),D52,630591.9892,4833132.8674
13464,80774368,,4/16/2017 8:00:00 AM,1649,QUEENS QUAY W,YORK ST,47 m West of,Minor Arterial,Toronto and East York,43.639735,-79.380924,Non Intersection,No Control,Clear,Daylight,Dry,Non-Fatal Injury,Pedestrian Collisions,Pedestrian,35 to 39,Major,,North,,,,,Pedestrian involved in a collision with transit vehicle anywhere along roadway,"Crossing, no Traffic Control",Inattentive,,,,Yes,,,,,Yes,,,,,,,,165,Harbourfront-CityPlace,77,Waterfront Communities-The Island (77),D52,630591.9892,4833132.8674
13465,80774369,,4/16/2017 8:00:00 AM,1659,MARTIN GROVE RD,TOLLINGTON RD,2 m North of,Major Arterial,Etobicoke York,43.686537,-79.568591,At Intersection,No Control,Clear,Daylight,Dry,Non-Fatal Injury,Rear End,Truck Driver,25 to 29,None,,South,Tow Truck,Slowing or Stopping,Failed to Yield Right of Way,Normal,,,,,,,,,Yes,,,,,,,Yes,,,,7,Willowridge-Martingrove-Richview,7,Willowridge-Martingrove-Richview (7),D23,615365.274,4838052.678
13466,80774370,,4/16/2017 8:00:00 AM,1659,MARTIN GROVE RD,TOLLINGTON RD,2 m North of,Major Arterial,Etobicoke York,43.686537,-79.568591,At Intersection,No Control,Clear,Daylight,Dry,Non-Fatal Injury,Rear End,Driver,40 to 44,Major,,South,Pick Up Truck,Going Ahead,Driving Properly,Normal,,,,,,,,,Yes,,,,,,,Yes,,,,7,Willowridge-Martingrove-Richview,7,Willowridge-Martingrove-Richview (7),D23,615365.274,4838052.678
13467,80774590,,4/17/2017 8:00:00 AM,1858,219 MARTIN GROVE RD,,100 m North ,Collector,Etobicoke York,43.654845,-79.551708,Non Intersection,No Control,Clear,Daylight,Dry,Non-Fatal Injury,SMV Other,Motorcycle Driver,15 to 19,Major,,South,Motorcycle,Going Ahead,Lost control,Normal,,,,,,,,,,Yes,,,,,,,,,,158,Islington,14,Islington-City Centre West (14),D22,616787.429,4834556.4912
13468,80774591,,4/17/2017 8:00:00 AM,2132,WILSON HEIGHTS BLVD,COCKSFIELD AVE,,Collector,North York,43.752844,-79.457706,Intersection Related,No Control,Clear,"Dark, artificial",Dry,Non-Fatal Injury,Pedestrian Collisions,Driver,85 to 89,None,,North,"Automobile, Station Wagon",Turning Left,Improper Turn,Inattentive,,,,,,,Yes,,Yes,,,,,,,,,,,34,Bathurst Manor,34,Bathurst Manor (34),D32,624165.1544,4845577.2341
13469,80774592,,4/17/2017 8:00:00 AM,2132,WILSON HEIGHTS BLVD,COCKSFIELD AVE,,Collector,North York,43.752844,-79.457706,Intersection Related,No Control,Clear,"Dark, artificial",Dry,Non-Fatal Injury,Pedestrian Collisions,Pedestrian,60 to 64,Major,,North,,,,,Vehicle turns left while ped crosses with ROW at inter.,Crossing with right of way,Normal,,,,Yes,,Yes,,,,,,,,,,,34,Bathurst Manor,34,Bathurst Manor (34),D32,624165.1544,4845577.2341
13470,80774666,,4/18/2017 8:00:00 AM,1503,SHEPPARD AVE W,BATHURST ST,20 m West of,Major Arterial,North York,43.755385,-79.438442,At/Near Private Drive,No Control,Clear,Daylight,Dry,Non-Fatal Injury,Cyclist Collisions,Driver,55 to 59,None,,North,"Automobile, Station Wagon",Turning Right,Failed to Yield Right of Way,Inattentive,,,,,,,,Yes,Yes,,,,,,,Yes,,,,38,Lansing-Westgate,38,Lansing-Westgate (38),D32,625710.7302,4845888.5075
13471,80774667,,4/18/2017 8:00:00 AM,1503,SHEPPARD AVE W,BATHURST ST,20 m West of,Major Arterial,North York,43.755385,-79.438442,At/Near Private Drive,No Control,Clear,Daylight,Dry,Non-Fatal Injury,Cyclist Collisions,Cyclist,55 to 59,Major,,East,Bicycle,Going Ahead,,,,,,"Motorist turns right at non-signal Inter.(stop, yield, no cont.,and dwy) and strikes cyclist.",Driving Properly,Normal,,Yes,Yes,,,,,,,Yes,,,,38,Lansing-Westgate,38,Lansing-Westgate (38),D32,625710.7302,4845888.5075
13472,80774883,,4/19/2017 8:00:00 AM,2045,EGLINTON AVE E,COMMONWEALTH AVE,29 m East of,Major Arterial,Scarborough,43.734736,-79.256801,At Intersection,No Control,Clear,"Dark, artificial",Dry,Non-Fatal Injury,Pedestrian Collisions,Driver,65 to 69,None,,West,"Automobile, Station Wagon",Going Ahead,Driving Properly,Normal,,,,,,,Yes,,Yes,,,,,,,,,,,124,Kennedy Park,124,Kennedy Park (124),D41,640381.8669,4843886.8552
13473,80774884,,4/19/2017 8:00:00 AM,2045,EGLINTON AVE E,COMMONWEALTH AVE,29 m East of,Major Arterial,Scarborough,43.734736,-79.256801,At Intersection,No Control,Clear,"Dark, artificial",Dry,Non-Fatal Injury,Pedestrian Collisions,Pedestrian,45 to 49,Major,,South,,,,,Pedestrian hit at mid-block,"Crossing, no Traffic Control",Normal,,,,Yes,,Yes,,,,,,,,,,,124,Kennedy Park,124,Kennedy Park (124),D41,640381.8669,4843886.8552
13474,80774886,,4/19/2017 8:00:00 AM,2206,COLLEGE ST,MC CAUL ST,17 m West of,Major Arterial,Toronto and East York,43.659129,-79.393443,At Intersection,Streetcar (Stop for),Clear,"Dark, artificial",Dry,Non-Fatal Injury,Pedestrian Collisions,Driver,35 to 39,None,,East,"Automobile, Station Wagon",Going Ahead,Failed to Yield Right of Way,Inattentive,,,,,,,Yes,,Yes,,,,,Yes,,Yes,,,,78,Kensington-Chinatown,78,Kensington-Chinatown (78),D52,629540.5176,4835267.2032
13475,80774887,,4/19/2017 8:00:00 AM,2206,COLLEGE ST,MC CAUL ST,17 m West of,Major Arterial,Toronto and East York,43.659129,-79.393443,At Intersection,Streetcar (Stop for),Clear,"Dark, artificial",Dry,Non-Fatal Injury,Pedestrian Collisions,Passenger,20 to 24,None,,,,,,,,,,,,,Yes,,Yes,,,,,Yes,,Yes,,,,78,Kensington-Chinatown,78,Kensington-Chinatown (78),D52,629540.5176,4835267.2032
13476,80774888,,4/19/2017 8:00:00 AM,2206,COLLEGE ST,MC CAUL ST,17 m West of,Major Arterial,Toronto and East York,43.659129,-79.393443,At Intersection,Streetcar (Stop for),Clear,"Dark, artificial",Dry,Non-Fatal Injury,Pedestrian Collisions,Pedestrian,25 to 29,Major,,South,,,,,Other / Undefined,Person Getting on/off Vehicle,Normal,,,,Yes,,Yes,,,,,Yes,,Yes,,,,78,Kensington-Chinatown,78,Kensington-Chinatown (78),D52,629540.5176,4835267.2032
13477,80774016,,4/21/2017 8:00:00 AM,543,LAKE SHORE BLVD W,PARKSIDE DR,700 m East o,Major Arterial,Toronto and East York,43.636943,-79.445483,Non Intersection,No Control,Clear,"Dark, artificial",Wet,Non-Fatal Injury,SMV Other,Driver,60 to 64,Major,,East,"Automobile, Station Wagon",Going Ahead,Lost control,Fatigue,,,,,,,,,Yes,,,,,,Yes,Yes,,,,85,South Parkdale,85,South Parkdale (85),D14,625390.5225,4832723.2292
13478,80741749,,4/21/2017 8:00:00 AM,1530,HALFMOON SQ,CANMORE BLVD,north of,Collector,Scarborough,43.793753,-79.17908,Intersection Related,No Control,Clear,"Daylight, artificial",Dry,Fatal,Pedestrian Collisions,Pedestrian,5 to 9,Fatal,19,East,,,,,Vehicle hits the pedestrian walking or running out from between parked vehicles at mid-block,Running onto Roadway,Inattentive,,,,Yes,,Yes,,,,,,,,,,,134,Highland Creek,134,Highland Creek (134),D43,646496.7712,4850576.2442
13479,80741752,,4/21/2017 8:00:00 AM,1530,HALFMOON SQ,CANMORE BLVD,north of,Collector,Scarborough,43.793753,-79.17908,Intersection Related,No Control,Clear,"Daylight, artificial",Dry,Fatal,Pedestrian Collisions,Driver,50 to 54,None,,North,"Automobile, Station Wagon",Going Ahead,Driving Properly,Inattentive,,,,,,,Yes,,Yes,,,,,,,,,,,134,Highland Creek,134,Highland Creek (134),D43,646496.7712,4850576.2442
13480,80974086,,4/23/2017 8:00:00 AM,2044,YONGE ST,ERSKINE AVE,,Major Arterial,North York,43.711005,-79.399272,At Intersection,Traffic Controller,Clear,Dusk,Dry,Non-Fatal Injury,Turning Movement,Driver,25 to 29,None,,South,Pick Up Truck,Turning Left,Failed to Yield Right of Way,Unknown,,,,,,,,,Yes,Yes,,,,Yes,,Yes,,,,173,North Toronto,104,Mount Pleasant West (104),D53,628959.2995,4841019.6592
13481,80974087,,4/23/2017 8:00:00 AM,2044,YONGE ST,ERSKINE AVE,,Major Arterial,North York,43.711005,-79.399272,At Intersection,Traffic Controller,Clear,Dusk,Dry,Non-Fatal Injury,Turning Movement,Motorcycle Driver,50 to 54,Major,,North,Motorcycle,Going Ahead,Driving Properly,Normal,,,,,,,,,Yes,Yes,,,,Yes,,Yes,,,,173,North Toronto,104,Mount Pleasant West (104),D53,628959.2995,4841019.6592
13482,80974088,,4/23/2017 8:00:00 AM,2044,YONGE ST,ERSKINE AVE,,Major Arterial,North York,43.711005,-79.399272,At Intersection,Traffic Controller,Clear,Dusk,Dry,Non-Fatal Injury,Turning Movement,Motorcycle Passenger,15 to 19,Major,,,,,,,,,,,,,,,Yes,Yes,,,,Yes,,Yes,,,,173,North Toronto,104,Mount Pleasant West (104),D53,628959.2995,4841019.6592
13483,80741751,,4/26/2017 8:00:00 AM,1857,LESLIE ST,CORNING RD,,Major Arterial,North York,43.781909,-79.366107,At/Near Private Drive,No Control,Clear,Daylight,Dry,Fatal,Angle,Motorcycle Driver,30 to 34,Fatal,20,South,Motorcycle,Going Ahead,Driving Properly,Unknown,,,,,,,,,Yes,Yes,,,,,,Yes,,,,47,Don Valley Village,47,Don Valley Village (47),D33,631475.8714,4848946.7345
13484,80741773,,4/26/2017 8:00:00 AM,1857,LESLIE ST,CORNING RD,,Major Arterial,North York,43.781909,-79.366107,At/Near Private Drive,No Control,Clear,Daylight,Dry,Fatal,Angle,Driver,45 to 49,Minimal,,East,"Automobile, Station Wagon",Going Ahead,Failed to Yield Right of Way,Normal,,,,,,,,,Yes,Yes,,,,,,Yes,,,,47,Don Valley Village,47,Don Valley Village (47),D33,631475.8714,4848946.7345
13485,80778183,,4/29/2017 8:00:00 AM,205,KIPLING AVE,STEVENSON  RD,80 m North o,Major Arterial,Etobicoke York,43.745127,-79.582996,Non Intersection,No Control,Clear,"Dark, artificial",Dry,Non-Fatal Injury,Approaching,Driver,20 to 24,Minimal,,South,"Automobile, Station Wagon",Going Ahead,Failed to Yield Right of Way,Normal,,,,,,,,,Yes,,,,,Yes,,Yes,,,,2,Mount Olive-Silverstone-Jamestown,2,Mount Olive-Silverstone-Jamestown (2),D23,614093.0456,4844539.9695
13486,80778184,,4/29/2017 8:00:00 AM,205,KIPLING AVE,STEVENSON  RD,80 m North o,Major Arterial,Etobicoke York,43.745127,-79.582996,Non Intersection,No Control,Clear,"Dark, artificial",Dry,Non-Fatal Injury,Approaching,Driver,50 to 54,Major,,North,"Automobile, Station Wagon",Going Ahead,Driving Properly,Normal,,,,,,,,,Yes,,,,,Yes,,Yes,,,,2,Mount Olive-Silverstone-Jamestown,2,Mount Olive-Silverstone-Jamestown (2),D23,614093.0456,4844539.9695
13487,80778185,,4/29/2017 8:00:00 AM,205,KIPLING AVE,STEVENSON  RD,80 m North o,Major Arterial,Etobicoke York,43.745127,-79.582996,Non Intersection,No Control,Clear,"Dark, artificial",Dry,Non-Fatal Injury,Approaching,Passenger,35 to 39,Minor,,,,,,,,,,,,,,,Yes,,,,,Yes,,Yes,,,,2,Mount Olive-Silverstone-Jamestown,2,Mount Olive-Silverstone-Jamestown (2),D23,614093.0456,4844539.9695
13488,80778186,,4/29/2017 8:00:00 AM,205,KIPLING AVE,STEVENSON  RD,80 m North o,Major Arterial,Etobicoke York,43.745127,-79.582996,Non Intersection,No Control,Clear,"Dark, artificial",Dry,Non-Fatal Injury,Approaching,Passenger,25 to 29,Minor,,,,,,,,,,,,,,,Yes,,,,,Yes,,Yes,,,,2,Mount Olive-Silverstone-Jamestown,2,Mount Olive-Silverstone-Jamestown (2),D23,614093.0456,4844539.9695
13489,80778248,,4/29/2017 8:00:00 AM,325,DAVENPORT ROAD,BATHURST ST,5 m East of,Major Arterial,Toronto and East York,43.676657,-79.415744,Intersection Related,Traffic Signal,Clear,"Dark, artificial",Dry,Non-Fatal Injury,Pedestrian Collisions,Driver,70 to 74,None,,East,"Automobile, Station Wagon",Going Ahead,Other,Had Been Drinking,,,,,,,Yes,,Yes,,,,,,,,,,,96,Casa Loma,96,Casa Loma (96),D13,627705.1404,4837179.3452
13490,80778249,,4/29/2017 8:00:00 AM,325,DAVENPORT ROAD,BATHURST ST,5 m East of,Major Arterial,Toronto and East York,43.676657,-79.415744,Intersection Related,Traffic Signal,Clear,"Dark, artificial",Dry,Non-Fatal Injury,Pedestrian Collisions,Pedestrian,30 to 34,Major,,North,,,,,Vehicle is going straight thru inter.while ped cross without ROW,Crossing without right of way,Inattentive,,,,Yes,,Yes,,,,,,,,,,,96,Casa Loma,96,Casa Loma (96),D13,627705.1404,4837179.3452