OBJECTID,INDEX,ACCNUM,DATE,TIME,STREET1,STREET2,OFFSET,ROAD_CLASS,DISTRICT,LATITUDE,LONGITUDE,ACCLOC,TRAFFCTL,VISIBILITY,LIGHT,RDSFCOND,ACCLASS,IMPACTYPE,INVTYPE,INVAGE,INJURY,FATAL_NO,INITDIR,VEHTYPE,MANOEUVER,DRIVACT,DRIVCOND,PEDTYPE,PEDACT,PEDCOND,CYCLISTYPE,CYCACT,CYCCOND,PEDESTRIAN,CYCLIST,AUTOMOBILE,MOTORCYCLE,TRUCK,TRSN_CITY_VEH,EMERG_VEH,PASSENGER,SPEEDING,AG_DRIV,REDLIGHT,ALCOHOL,DISABILITY,HOOD_158,NEIGHBOURHOOD_158,HOOD_140,NEIGHBOURHOOD_140,DIVISION,x,y
13491,80777622,,5/2/2017 8:00:00 AM,645,WESTHUMBER BLVD,KIPLING AVE,,Major Arterial,Etobicoke York,43.728068,-79.574611,At Intersection,Traffic Signal,Clear,"Dawn, artificial",Dry,Non-Fatal Injury,Cyclist Collisions,Driver,45 to 49,None,,East,"Automobile, Station Wagon",Turning Right,Improper Turn,Inattentive,,,,,,,,Yes,Yes,,,,,,,,,,,4,Rexdale-Kipling,4,Rexdale-Kipling (4),D23,614800.7788,4842656.9069
13492,80777623,,5/2/2017 8:00:00 AM,645,WESTHUMBER BLVD,KIPLING AVE,,Major Arterial,Etobicoke York,43.728068,-79.574611,At Intersection,Traffic Signal,Clear,"Dawn, artificial",Dry,Non-Fatal Injury,Cyclist Collisions,Cyclist,60 to 64,Major,,West,Bicycle,Going Ahead,,,,,,Motorist turning right on red at signalized intersection strikes cyclist.,Driving Properly,Normal,,Yes,Yes,,,,,,,,,,,4,Rexdale-Kipling,4,Rexdale-Kipling (4),D23,614800.7788,4842656.9069
13493,80915250,,5/3/2017 8:00:00 AM,716,DUNDAS ST W,BEVERLEY ST,,Major Arterial,Toronto and East York,43.65375,-79.393817,At Intersection,Traffic Signal,Clear,Daylight,Dry,Non-Fatal Injury,Pedestrian Collisions,Pedestrian,40 to 44,Major,,East,,,,,Vehicle is going straight thru inter.while ped cross without ROW,Crossing without right of way,Inattentive,,,,Yes,,,,Yes,,,,,,,,,78,Kensington-Chinatown,78,Kensington-Chinatown (78),D52,629521.9249,4834669.2105
13494,80915251,,5/3/2017 8:00:00 AM,716,DUNDAS ST W,BEVERLEY ST,,Major Arterial,Toronto and East York,43.65375,-79.393817,At Intersection,Traffic Signal,Clear,Daylight,Dry,Non-Fatal Injury,Pedestrian Collisions,Truck Driver,60 to 64,None,,South,"Truck - Closed (Blazer, etc)",Going Ahead,Driving Properly,Normal,,,,,,,Yes,,,,Yes,,,,,,,,,78,Kensington-Chinatown,78,Kensington-Chinatown (78),D52,629521.9249,4834669.2105
13495,80942882,,5/3/2017 8:00:00 AM,2142,DON VALLEY PARKWAY  N,LAWRENCE AVE E,400 m North ,,North York,43.742961,-79.33224,Non Intersection,No Control,Clear,"Dark, artificial",Dry,Non-Fatal Injury,Pedestrian Collisions,Pedestrian,25 to 29,Major,,North,,,,,,Other,Normal,,,,Yes,,Yes,,,,,,,,,,,149,Parkwoods-O'Connor Hills,45,Parkwoods-Donalda (45),D33,634288.2193,4844675.3097
13496,80942883,,5/3/2017 8:00:00 AM,2142,DON VALLEY PARKWAY  N,LAWRENCE AVE E,400 m North ,,North York,43.742961,-79.33224,Non Intersection,No Control,Clear,"Dark, artificial",Dry,Non-Fatal Injury,Pedestrian Collisions,Driver,unknown,None,,North,"Automobile, Station Wagon",Going Ahead,Improper Lane Change,Normal,,,,,,,Yes,,Yes,,,,,,,,,,,149,Parkwoods-O'Connor Hills,45,Parkwoods-Donalda (45),D33,634288.2193,4844675.3097
13497,80778048,,5/4/2017 8:00:00 AM,1546,SHEPPARD AVE E,MALVERN ST,,Major Arterial,Scarborough,43.794589,-79.234897,At Intersection,Traffic Controller,Rain,Daylight,Wet,Non-Fatal Injury,Turning Movement,Driver,40 to 44,None,,East,"Automobile, Station Wagon",Turning Left,Improper Turn,Normal,,,,,,,,,Yes,,,,,Yes,,,,,,146,Malvern East,132,Malvern (132),D42,642004.1444,4850571.8078
13498,80778049,,5/4/2017 8:00:00 AM,1546,SHEPPARD AVE E,MALVERN ST,,Major Arterial,Scarborough,43.794589,-79.234897,At Intersection,Traffic Controller,Rain,Daylight,Wet,Non-Fatal Injury,Turning Movement,Driver,20 to 24,Major,,West,"Automobile, Station Wagon",Going Ahead,Driving Properly,Normal,,,,,,,,,Yes,,,,,Yes,,,,,,146,Malvern East,132,Malvern (132),D42,642004.1444,4850571.8078
13499,80778050,,5/4/2017 8:00:00 AM,1546,SHEPPARD AVE E,MALVERN ST,,Major Arterial,Scarborough,43.794589,-79.234897,At Intersection,Traffic Controller,Rain,Daylight,Wet,Non-Fatal Injury,Turning Movement,Passenger,20 to 24,None,,,,,,,,,,,,,,,Yes,,,,,Yes,,,,,,146,Malvern East,132,Malvern (132),D42,642004.1444,4850571.8078
13500,80778119,,5/4/2017 8:00:00 AM,2025,NUGGET AVE,MARKHAM RD,,Major Arterial,Scarborough,43.798484,-79.241008,At Intersection,Traffic Signal,Rain,Daylight,Wet,Non-Fatal Injury,Pedestrian Collisions,Driver,unknown,None,,West,"Automobile, Station Wagon",Turning Left,Failed to Yield Right of Way,Unknown,,,,,,,Yes,,Yes,,,,,,,Yes,,,,145,Malvern West,132,Malvern (132),D42,641503.3085,4850993.9429
13501,80778120,,5/4/2017 8:00:00 AM,2025,NUGGET AVE,MARKHAM RD,,Major Arterial,Scarborough,43.798484,-79.241008,At Intersection,Traffic Signal,Rain,Daylight,Wet,Non-Fatal Injury,Pedestrian Collisions,Pedestrian,65 to 69,Major,,West,,,,,Vehicle turns left while ped crosses with ROW at inter.,Crossing with right of way,Normal,,,,Yes,,Yes,,,,,,,Yes,,,,145,Malvern West,132,Malvern (132),D42,641503.3085,4850993.9429
13502,80885800,,5/4/2017 8:00:00 AM,2110,MIDLAND AVE,TREEWOOD ST,3 m West of,Major Arterial,Scarborough,43.753573,-79.265743,At Intersection,No Control,Rain,"Dark, artificial",Wet,Non-Fatal Injury,Approaching,Passenger,0 to 4,Minor,,,,,,,,,,,,,,,Yes,,,,,Yes,,Yes,,,Yes,156,Bendale-Glen Andrew,127,Bendale (127),D41,639617.9493,4845963.8763
13503,80885801,,5/4/2017 8:00:00 AM,2110,MIDLAND AVE,TREEWOOD ST,3 m West of,Major Arterial,Scarborough,43.753573,-79.265743,At Intersection,No Control,Rain,"Dark, artificial",Wet,Non-Fatal Injury,Approaching,Passenger,25 to 29,Major,,,,,,,,,,,,,,,Yes,,,,,Yes,,Yes,,,Yes,156,Bendale-Glen Andrew,127,Bendale (127),D41,639617.9493,4845963.8763
13504,80885802,,5/4/2017 8:00:00 AM,2110,MIDLAND AVE,TREEWOOD ST,3 m West of,Major Arterial,Scarborough,43.753573,-79.265743,At Intersection,No Control,Rain,"Dark, artificial",Wet,Non-Fatal Injury,Approaching,Driver,40 to 44,Minor,,North,"Automobile, Station Wagon",Going Ahead,Driving Properly,Normal,,,,,,,,,Yes,,,,,Yes,,Yes,,,Yes,156,Bendale-Glen Andrew,127,Bendale (127),D41,639617.9493,4845963.8763
13505,80885803,,5/4/2017 8:00:00 AM,2110,MIDLAND AVE,TREEWOOD ST,3 m West of,Major Arterial,Scarborough,43.753573,-79.265743,At Intersection,No Control,Rain,"Dark, artificial",Wet,Non-Fatal Injury,Approaching,Driver,65 to 69,Major,,South,"Automobile, Station Wagon",Going Ahead,Other,Medical or Physical Disability,,,,,,,,,Yes,,,,,Yes,,Yes,,,Yes,156,Bendale-Glen Andrew,127,Bendale (127),D41,639617.9493,4845963.8763
13506,80778190,,5/5/2017 8:00:00 AM,151,116 KING ST,,3 m North of,Local,Etobicoke York,43.706057,-79.515132,Non Intersection,No Control,Rain,"Dark, artificial",Wet,Non-Fatal Injury,SMV Other,Passenger,25 to 29,Major,,,,,,,,,,,,,,,,,,,,Yes,,,,,,113,Weston,113,Weston (113),D12,619635.0452,4840296.3932
13507,80778409,,5/5/2017 8:00:00 AM,1616,WYCHCREST AVE,SHAW ST,,Collector,Toronto and East York,43.672232,-79.427295,At Intersection,Stop Sign,Rain,Daylight,Wet,Non-Fatal Injury,SMV Other,Driver,75 to 79,Major,,West,"Automobile, Station Wagon",Going Ahead,Other,Normal,,,,,,,,,Yes,,,,,,,,,,,94,Wychwood,94,Wychwood (94),D13,626783.3358,4836670.17
13508,80741750,,5/5/2017 8:00:00 AM,2359,MORNINGSIDE AVE,SEWELLS RD,north of,Minor Arterial,Scarborough,43.816607,-79.211665,Non Intersection,No Control,Clear,"Dark, artificial",,Fatal,Approaching,Driver,40 to 44,None,,South,"Automobile, Station Wagon",Going Ahead,Driving Properly,Normal,,,,,,,,,Yes,,,,,Yes,,,,,,146,Malvern East,132,Malvern (132),D42,643820.3495,4853057.3908
13509,80741753,,5/5/2017 8:00:00 AM,2359,MORNINGSIDE AVE,SEWELLS RD,north of,Minor Arterial,Scarborough,43.816607,-79.211665,Non Intersection,No Control,Clear,"Dark, artificial",,Fatal,Approaching,Passenger,30 to 34,None,,,,,,,,,,,,,,,Yes,,,,,Yes,,,,,,146,Malvern East,132,Malvern (132),D42,643820.3495,4853057.3908
13510,80741754,,5/5/2017 8:00:00 AM,2359,MORNINGSIDE AVE,SEWELLS RD,north of,Minor Arterial,Scarborough,43.816607,-79.211665,Non Intersection,No Control,Clear,"Dark, artificial",,Fatal,Approaching,Driver,60 to 64,None,,South,"Automobile, Station Wagon",Going Ahead,Driving Properly,Normal,,,,,,,,,Yes,,,,,Yes,,,,,,146,Malvern East,132,Malvern (132),D42,643820.3495,4853057.3908
13511,80741756,,5/5/2017 8:00:00 AM,2359,MORNINGSIDE AVE,SEWELLS RD,north of,Minor Arterial,Scarborough,43.816607,-79.211665,Non Intersection,No Control,Clear,"Dark, artificial",,Fatal,Approaching,Driver,20 to 24,Minor,,North,"Automobile, Station Wagon",Going Ahead,Driving Properly,Normal,,,,,,,,,Yes,,,,,Yes,,,,,,146,Malvern East,132,Malvern (132),D42,643820.3495,4853057.3908
13512,80741774,,5/5/2017 8:00:00 AM,2359,MORNINGSIDE AVE,SEWELLS RD,north of,Minor Arterial,Scarborough,43.816607,-79.211665,Non Intersection,No Control,Clear,"Dark, artificial",,Fatal,Approaching,Driver,70 to 74,Fatal,21,South,Passenger Van,,,,,,,,,,,,Yes,,,,,Yes,,,,,,146,Malvern East,132,Malvern (132),D42,643820.3495,4853057.3908
13513,80777413,,5/6/2017 8:00:00 AM,1248,YONGE  ST,GOULD ST,,Major Arterial,Toronto and East York,43.657344,-79.381328,At Intersection,Traffic Signal,Clear,Daylight,Dry,Non-Fatal Injury,Cyclist Collisions,Driver,30 to 34,None,,South,"Automobile, Station Wagon",Going Ahead,Improper Passing,Normal,,,,,,,,Yes,Yes,,,,,,,Yes,,,,168,Downtown Yonge East,75,Church-Yonge Corridor (75),D51,630521.2566,4835087.9416
13514,80777414,,5/6/2017 8:00:00 AM,1248,YONGE  ST,GOULD ST,,Major Arterial,Toronto and East York,43.657344,-79.381328,At Intersection,Traffic Signal,Clear,Daylight,Dry,Non-Fatal Injury,Cyclist Collisions,Cyclist,70 to 74,Major,,South,Bicycle,Going Ahead,,,,,,Cyclist and Driver travelling in same direction. One vehicle sideswipes the other.,Driving Properly,Normal,,Yes,Yes,,,,,,,Yes,,,,168,Downtown Yonge East,75,Church-Yonge Corridor (75),D51,630521.2566,4835087.9416
13515,80783681,,5/7/2017 8:00:00 AM,620,KING ST E,QUEEN ST E,21 m East of,Major Arterial,Toronto and East York,43.657664,-79.354923,Intersection Related,No Control,Clear,"Daylight, artificial",Dry,Non-Fatal Injury,Approaching,Driver,40 to 44,None,,West,"Automobile, Station Wagon",Going Ahead,Driving Properly,Normal,,,,,,,,,Yes,,,,,Yes,Yes,Yes,,,,73,Moss Park,73,Moss Park (73),D51,632649.7365,4835165.3574
13516,80783682,,5/7/2017 8:00:00 AM,620,KING ST E,QUEEN ST E,21 m East of,Major Arterial,Toronto and East York,43.657664,-79.354923,Intersection Related,No Control,Clear,"Daylight, artificial",Dry,Non-Fatal Injury,Approaching,Driver,45 to 49,Minimal,,West,"Automobile, Station Wagon",Slowing or Stopping,Driving Properly,Normal,,,,,,,,,Yes,,,,,Yes,Yes,Yes,,,,73,Moss Park,73,Moss Park (73),D51,632649.7365,4835165.3574
13517,80783683,,5/7/2017 8:00:00 AM,620,KING ST E,QUEEN ST E,21 m East of,Major Arterial,Toronto and East York,43.657664,-79.354923,Intersection Related,No Control,Clear,"Daylight, artificial",Dry,Non-Fatal Injury,Approaching,Driver,20 to 24,Major,,East,"Automobile, Station Wagon",Going Ahead,Exceeding Speed Limit,Had Been Drinking,,,,,,,,,Yes,,,,,Yes,Yes,Yes,,,,73,Moss Park,73,Moss Park (73),D51,632649.7365,4835165.3574
13518,80783684,,5/7/2017 8:00:00 AM,620,KING ST E,QUEEN ST E,21 m East of,Major Arterial,Toronto and East York,43.657664,-79.354923,Intersection Related,No Control,Clear,"Daylight, artificial",Dry,Non-Fatal Injury,Approaching,Passenger,20 to 24,Minimal,,,,,,,,,,,,,,,Yes,,,,,Yes,Yes,Yes,,,,73,Moss Park,73,Moss Park (73),D51,632649.7365,4835165.3574
13519,80783685,,5/7/2017 8:00:00 AM,620,KING ST E,QUEEN ST E,21 m East of,Major Arterial,Toronto and East York,43.657664,-79.354923,Intersection Related,No Control,Clear,"Daylight, artificial",Dry,Non-Fatal Injury,Approaching,Passenger,20 to 24,Minimal,,,,,,,,,,,,,,,Yes,,,,,Yes,Yes,Yes,,,,73,Moss Park,73,Moss Park (73),D51,632649.7365,4835165.3574
13520,80783686,,5/7/2017 8:00:00 AM,620,KING ST E,QUEEN ST E,21 m East of,Major Arterial,Toronto and East York,43.657664,-79.354923,Intersection Related,No Control,Clear,"Daylight, artificial",Dry,Non-Fatal Injury,Approaching,Passenger,55 to 59,Minimal,,,,,,,,,,,,,,,Yes,,,,,Yes,Yes,Yes,,,,73,Moss Park,73,Moss Park (73),D51,632649.7365,4835165.3574
13521,80783687,,5/7/2017 8:00:00 AM,620,KING ST E,QUEEN ST E,21 m East of,Major Arterial,Toronto and East York,43.657664,-79.354923,Intersection Related,No Control,Clear,"Daylight, artificial",Dry,Non-Fatal Injury,Approaching,Passenger,25 to 29,Minimal,,,,,,,,,,,,,,,Yes,,,,,Yes,Yes,Yes,,,,73,Moss Park,73,Moss Park (73),D51,632649.7365,4835165.3574
13522,80777565,,5/7/2017 8:00:00 AM,1630,1446 DON MILLS RD,,15 m East of,Major Arterial,North York,43.751673,-79.347278,Non Intersection,No Control,Clear,Daylight,Dry,Non-Fatal Injury,SMV Other,Driver,75 to 79,Major,,South,"Automobile, Station Wagon",Going Ahead,Driving Properly,Medical or Physical Disability,,,,,,,,,Yes,,,,,Yes,,,,,Yes,42,Banbury-Don Mills,42,Banbury-Don Mills (42),D33,633058.0402,4845618.6406
13523,80777566,,5/7/2017 8:00:00 AM,1630,1446 DON MILLS RD,,15 m East of,Major Arterial,North York,43.751673,-79.347278,Non Intersection,No Control,Clear,Daylight,Dry,Non-Fatal Injury,SMV Other,Passenger,75 to 79,Minor,,,,,,,,,,,,,,,Yes,,,,,Yes,,,,,Yes,42,Banbury-Don Mills,42,Banbury-Don Mills (42),D33,633058.0402,4845618.6406
13524,80741775,,5/8/2017 8:00:00 AM,1815,WILSON AVE,WILSON HEIGHTS BLVD,,Major Arterial,North York,43.734515,-79.447238,At Intersection,Traffic Signal,Clear,Daylight,Dry,Fatal,Turning Movement,Motorcycle Driver,25 to 29,Fatal,22,North,Motorcycle,Going Ahead,Driving Properly,Normal,,,,,,,,,Yes,Yes,,,,,,Yes,,,,33,Clanton Park,33,Clanton Park (33),D32,625046.0619,4843557.2755
13525,80741776,,5/8/2017 8:00:00 AM,1815,WILSON AVE,WILSON HEIGHTS BLVD,,Major Arterial,North York,43.734515,-79.447238,At Intersection,Traffic Signal,Clear,Daylight,Dry,Fatal,Turning Movement,Driver,45 to 49,None,,South,"Automobile, Station Wagon",Turning Left,Failed to Yield Right of Way,Inattentive,,,,,,,,,Yes,Yes,,,,,,Yes,,,,33,Clanton Park,33,Clanton Park (33),D32,625046.0619,4843557.2755
13526,80916051,,5/10/2017 8:00:00 AM,900,COLLEGE  ST,HENRY ST,,Major Arterial,Toronto and East York,43.658881,-79.394641,At Intersection,No Control,Clear,Daylight,Dry,Non-Fatal Injury,Cyclist Collisions,Cyclist,25 to 29,Major,,East,Bicycle,Going Ahead,,,,,,Motorist turned left across cyclists path.,Driving Properly,Normal,,Yes,Yes,,,,,,,Yes,,,,78,Kensington-Chinatown,78,Kensington-Chinatown (78),D52,629444.4519,4835237.7898
13527,80916052,,5/10/2017 8:00:00 AM,900,COLLEGE  ST,HENRY ST,,Major Arterial,Toronto and East York,43.658881,-79.394641,At Intersection,No Control,Clear,Daylight,Dry,Non-Fatal Injury,Cyclist Collisions,Driver,30 to 34,None,,West,"Automobile, Station Wagon",Turning Left,Failed to Yield Right of Way,Normal,,,,,,,,Yes,Yes,,,,,,,Yes,,,,78,Kensington-Chinatown,78,Kensington-Chinatown (78),D52,629444.4519,4835237.7898
13528,80778082,,5/10/2017 8:00:00 AM,2017,ASHTONBEE RD,HAKIMI AV              (411),9 m East of,Collector,Scarborough,43.729903,-79.292049,Intersection Related,Traffic Signal,Clear,"Dark, artificial",Dry,Non-Fatal Injury,Turning Movement,Driver,20 to 24,None,,East,Pick Up Truck,Going Ahead,Disobeyed Traffic Control,Normal,,,,,,,,,Yes,,,,,Yes,Yes,Yes,Yes,,,119,Wexford/Maryvale,119,Wexford/Maryvale (119),D41,637554.3359,4843290.9601
13529,80778083,,5/10/2017 8:00:00 AM,2017,ASHTONBEE RD,HAKIMI AV              (411),9 m East of,Collector,Scarborough,43.729903,-79.292049,Intersection Related,Traffic Signal,Clear,"Dark, artificial",Dry,Non-Fatal Injury,Turning Movement,Driver,45 to 49,Major,,West,"Automobile, Station Wagon",Turning Left,Driving Properly,Normal,,,,,,,,,Yes,,,,,Yes,Yes,Yes,Yes,,,119,Wexford/Maryvale,119,Wexford/Maryvale (119),D41,637554.3359,4843290.9601
13530,80778084,,5/10/2017 8:00:00 AM,2017,ASHTONBEE RD,HAKIMI AV              (411),9 m East of,Collector,Scarborough,43.729903,-79.292049,Intersection Related,Traffic Signal,Clear,"Dark, artificial",Dry,Non-Fatal Injury,Turning Movement,Passenger,15 to 19,Minor,,,,,,,,,,,,,,,Yes,,,,,Yes,Yes,Yes,Yes,,,119,Wexford/Maryvale,119,Wexford/Maryvale (119),D41,637554.3359,4843290.9601
13531,80778165,,5/11/2017 8:00:00 AM,1550,DANFORTH AVE,FERRIER AVE,2 m West of,Major Arterial,Toronto and East York,43.678198,-79.34827,Intersection Related,No Control,Clear,Daylight,Dry,Non-Fatal Injury,Cyclist Collisions,Driver,unknown,None,,West,"Automobile, Station Wagon",Overtaking,Improper Passing,Inattentive,,,,,,,,Yes,Yes,,,,,,,Yes,,,,68,North Riverdale,68,North Riverdale (68),D55,633140.795,4837456.5936
13532,80778166,,5/11/2017 8:00:00 AM,1550,DANFORTH AVE,FERRIER AVE,2 m West of,Major Arterial,Toronto and East York,43.678198,-79.34827,Intersection Related,No Control,Clear,Daylight,Dry,Non-Fatal Injury,Cyclist Collisions,Cyclist,20 to 24,Major,,West,Bicycle,Going Ahead,,,,,,Cyclist and Driver travelling in same direction. One vehicle sideswipes the other.,Driving Properly,Had Been Drinking,,Yes,Yes,,,,,,,Yes,,,,68,North Riverdale,68,North Riverdale (68),D55,633140.795,4837456.5936
13533,80937554,,5/11/2017 8:00:00 AM,2100,LANSDOWNE AVE,COLLEGE ST,5 m North of,Minor Arterial,Toronto and East York,43.650939,-79.43996,At Intersection,Traffic Signal,Clear,"Dusk, artificial",Dry,Non-Fatal Injury,Pedestrian Collisions,Driver,unknown,None,,East,Passenger Van,Turning Left,Other,Unknown,,,,,,,Yes,,Yes,,,,,,,,,,,83,Dufferin Grove,83,Dufferin Grove (83),D11,625806.8052,4834286.0228
13534,80937555,,5/11/2017 8:00:00 AM,2100,LANSDOWNE AVE,COLLEGE ST,5 m North of,Minor Arterial,Toronto and East York,43.650939,-79.43996,At Intersection,Traffic Signal,Clear,"Dusk, artificial",Dry,Non-Fatal Injury,Pedestrian Collisions,Pedestrian,25 to 29,Major,,East,,,,,Vehicle turns left while ped crosses without ROW at inter.,Crossing without right of way,Normal,,,,Yes,,Yes,,,,,,,,,,,83,Dufferin Grove,83,Dufferin Grove (83),D11,625806.8052,4834286.0228
13535,80899482,,5/12/2017 8:00:00 AM,1723,3160 STEELES AVE E,,26 m West of,Major Arterial,North York,43.814719,-79.344959,Intersection Related,No Control,Clear,Daylight,Dry,Non-Fatal Injury,Rear End,Passenger,75 to 79,None,,,,,,,,,,,,,,,Yes,,,,,Yes,Yes,Yes,,,,48,Hillcrest Village,48,Hillcrest Village (48),D33,633104.7479,4852624.6096
13536,80899483,,5/12/2017 8:00:00 AM,1723,3160 STEELES AVE E,,26 m West of,Major Arterial,North York,43.814719,-79.344959,Intersection Related,No Control,Clear,Daylight,Dry,Non-Fatal Injury,Rear End,Passenger,70 to 74,Minor,,,,,,,,,,,,,,,Yes,,,,,Yes,Yes,Yes,,,,48,Hillcrest Village,48,Hillcrest Village (48),D33,633104.7479,4852624.6096
13537,80899484,,5/12/2017 8:00:00 AM,1723,3160 STEELES AVE E,,26 m West of,Major Arterial,North York,43.814719,-79.344959,Intersection Related,No Control,Clear,Daylight,Dry,Non-Fatal Injury,Rear End,Passenger,30 to 34,None,,,,,,,,,,,,,,,Yes,,,,,Yes,Yes,Yes,,,,48,Hillcrest Village,48,Hillcrest Village (48),D33,633104.7479,4852624.6096
13538,80899485,,5/12/2017 8:00:00 AM,1723,3160 STEELES AVE E,,26 m West of,Major Arterial,North York,43.814719,-79.344959,Intersection Related,No Control,Clear,Daylight,Dry,Non-Fatal Injury,Rear End,Passenger,30 to 34,Minor,,,,,,,,,,,,,,,Yes,,,,,Yes,Yes,Yes,,,,48,Hillcrest Village,48,Hillcrest Village (48),D33,633104.7479,4852624.6096
13539,80899486,,5/12/2017 8:00:00 AM,1723,3160 STEELES AVE E,,26 m West of,Major Arterial,North York,43.814719,-79.344959,Intersection Related,No Control,Clear,Daylight,Dry,Non-Fatal Injury,Rear End,Driver,35 to 39,None,,West,"Automobile, Station Wagon",Stopped,Driving Properly,Normal,,,,,,,,,Yes,,,,,Yes,Yes,Yes,,,,48,Hillcrest Village,48,Hillcrest Village (48),D33,633104.7479,4852624.6096
13540,80899487,,5/12/2017 8:00:00 AM,1723,3160 STEELES AVE E,,26 m West of,Major Arterial,North York,43.814719,-79.344959,Intersection Related,No Control,Clear,Daylight,Dry,Non-Fatal Injury,Rear End,Driver,45 to 49,Minimal,,West,"Automobile, Station Wagon",Stopped,Driving Properly,Normal,,,,,,,,,Yes,,,,,Yes,Yes,Yes,,,,48,Hillcrest Village,48,Hillcrest Village (48),D33,633104.7479,4852624.6096
13541,80899488,,5/12/2017 8:00:00 AM,1723,3160 STEELES AVE E,,26 m West of,Major Arterial,North York,43.814719,-79.344959,Intersection Related,No Control,Clear,Daylight,Dry,Non-Fatal Injury,Rear End,Driver,35 to 39,None,,West,"Automobile, Station Wagon",Stopped,Driving Properly,Normal,,,,,,,,,Yes,,,,,Yes,Yes,Yes,,,,48,Hillcrest Village,48,Hillcrest Village (48),D33,633104.7479,4852624.6096
13542,80899489,,5/12/2017 8:00:00 AM,1723,3160 STEELES AVE E,,26 m West of,Major Arterial,North York,43.814719,-79.344959,Intersection Related,No Control,Clear,Daylight,Dry,Non-Fatal Injury,Rear End,Driver,45 to 49,None,,West,"Automobile, Station Wagon",Stopped,Driving Properly,Normal,,,,,,,,,Yes,,,,,Yes,Yes,Yes,,,,48,Hillcrest Village,48,Hillcrest Village (48),D33,633104.7479,4852624.6096
13543,80899490,,5/12/2017 8:00:00 AM,1723,3160 STEELES AVE E,,26 m West of,Major Arterial,North York,43.814719,-79.344959,Intersection Related,No Control,Clear,Daylight,Dry,Non-Fatal Injury,Rear End,Driver,45 to 49,None,,West,"Automobile, Station Wagon",Stopped,Driving Properly,Normal,,,,,,,,,Yes,,,,,Yes,Yes,Yes,,,,48,Hillcrest Village,48,Hillcrest Village (48),D33,633104.7479,4852624.6096
13544,80899491,,5/12/2017 8:00:00 AM,1723,3160 STEELES AVE E,,26 m West of,Major Arterial,North York,43.814719,-79.344959,Intersection Related,No Control,Clear,Daylight,Dry,Non-Fatal Injury,Rear End,Driver,30 to 34,Major,,West,"Automobile, Station Wagon",Stopped,Driving Properly,Normal,,,,,,,,,Yes,,,,,Yes,Yes,Yes,,,,48,Hillcrest Village,48,Hillcrest Village (48),D33,633104.7479,4852624.6096
13545,80899492,,5/12/2017 8:00:00 AM,1723,3160 STEELES AVE E,,26 m West of,Major Arterial,North York,43.814719,-79.344959,Intersection Related,No Control,Clear,Daylight,Dry,Non-Fatal Injury,Rear End,Driver,20 to 24,None,,West,"Automobile, Station Wagon",Going Ahead,Speed too Fast For Condition,Had Been Drinking,,,,,,,,,Yes,,,,,Yes,Yes,Yes,,,,48,Hillcrest Village,48,Hillcrest Village (48),D33,633104.7479,4852624.6096
13546,80777457,,5/13/2017 8:00:00 AM,1625,SPADINA AVENUE,BALDWIN STREET,2 m North of,Major Arterial,Toronto and East York,43.655135,-79.398891,Intersection Related,No Control,Clear,Daylight,Dry,Non-Fatal Injury,Pedestrian Collisions,Driver,30 to 34,None,,North,Street Car,Slowing or Stopping,Driving Properly,Normal,,,,,,,Yes,,,,,Yes,,,,,,,,78,Kensington-Chinatown,78,Kensington-Chinatown (78),D52,629109.7874,4834815.1254
13547,80777458,,5/13/2017 8:00:00 AM,1625,SPADINA AVENUE,BALDWIN STREET,2 m North of,Major Arterial,Toronto and East York,43.655135,-79.398891,Intersection Related,No Control,Clear,Daylight,Dry,Non-Fatal Injury,Pedestrian Collisions,Pedestrian,55 to 59,Major,,Unknown,,,,,Pedestrian involved in a collision with transit vehicle anywhere along roadway,"Crossing, no Traffic Control",Inattentive,,,,Yes,,,,,Yes,,,,,,,,78,Kensington-Chinatown,78,Kensington-Chinatown (78),D52,629109.7874,4834815.1254
13548,80899314,,5/13/2017 8:00:00 AM,1740,STRACHAN  AVE,DOURO ST,,Minor Arterial,Toronto and East York,43.640685,-79.411426,At Intersection,Traffic Signal,Clear,Daylight,Dry,Non-Fatal Injury,Cyclist Collisions,Cyclist,25 to 29,Major,,South,Bicycle,Going Ahead,,,,,,Motorist turning right on green or amber at signalized intersection strikes cyclist.,Driving Properly,Normal,,Yes,Yes,,,,,,,,,,,162,West Queen West,82,Niagara (82),D14,628129.7035,4833190.8375
13549,80899315,,5/13/2017 8:00:00 AM,1740,STRACHAN  AVE,DOURO ST,,Minor Arterial,Toronto and East York,43.640685,-79.411426,At Intersection,Traffic Signal,Clear,Daylight,Dry,Non-Fatal Injury,Cyclist Collisions,Driver,50 to 54,None,,South,"Automobile, Station Wagon",Turning Right,Improper Turn,Inattentive,,,,,,,,Yes,Yes,,,,,,,,,,,162,West Queen West,82,Niagara (82),D14,628129.7035,4833190.8375