OBJECTID,INDEX,ACCNUM,DATE,TIME,STREET1,STREET2,OFFSET,ROAD_CLASS,DISTRICT,LATITUDE,LONGITUDE,ACCLOC,TRAFFCTL,VISIBILITY,LIGHT,RDSFCOND,ACCLASS,IMPACTYPE,INVTYPE,INVAGE,INJURY,FATAL_NO,INITDIR,VEHTYPE,MANOEUVER,DRIVACT,DRIVCOND,PEDTYPE,PEDACT,PEDCOND,CYCLISTYPE,CYCACT,CYCCOND,PEDESTRIAN,CYCLIST,AUTOMOBILE,MOTORCYCLE,TRUCK,TRSN_CITY_VEH,EMERG_VEH,PASSENGER,SPEEDING,AG_DRIV,REDLIGHT,ALCOHOL,DISABILITY,HOOD_158,NEIGHBOURHOOD_158,HOOD_140,NEIGHBOURHOOD_140,DIVISION,x,y
13609,80777037,,5/30/2017 8:00:00 AM,1750,FRONT ST E,LOWER JARVIS ST,20 m East of,Major Arterial,Toronto and East York,43.649378,-79.371425,At Intersection,Traffic Signal,Rain,Daylight,Wet,Non-Fatal Injury,SMV Other,Motorcycle Driver,30 to 34,Major,,West,Motorcycle,Slowing or Stopping,Speed too Fast For Condition,Inattentive,,,,,,,,,,Yes,,,,,Yes,Yes,,,,166,St Lawrence-East Bayfront-The Islands,77,Waterfront Communities-The Island (77),D51,631337.1552,4834218.8379
13610,80777173,,5/31/2017 8:00:00 AM,900,ELLESMERE RD,BELLAMY RD N,,Major Arterial,Scarborough,43.774333,-79.241718,At Intersection,Traffic Signal,Clear,Daylight,Dry,Non-Fatal Injury,Pedestrian Collisions,Driver,50 to 54,Minor,,East,"Automobile, Station Wagon",Turning Left,Failed to Yield Right of Way,Inattentive,,,,,,,Yes,,Yes,,,,,,,Yes,,,,142,Woburn North,137,Woburn (137),D43,641503.1694,4848310.3764
13611,80777174,,5/31/2017 8:00:00 AM,900,ELLESMERE RD,BELLAMY RD N,,Major Arterial,Scarborough,43.774333,-79.241718,At Intersection,Traffic Signal,Clear,Daylight,Dry,Non-Fatal Injury,Pedestrian Collisions,Driver,80 to 84,Minor,,West,"Automobile, Station Wagon",Going Ahead,Driving Properly,Normal,,,,,,,Yes,,Yes,,,,,,,Yes,,,,142,Woburn North,137,Woburn (137),D43,641503.1694,4848310.3764
13612,80777175,,5/31/2017 8:00:00 AM,900,ELLESMERE RD,BELLAMY RD N,,Major Arterial,Scarborough,43.774333,-79.241718,At Intersection,Traffic Signal,Clear,Daylight,Dry,Non-Fatal Injury,Pedestrian Collisions,Pedestrian,20 to 24,Major,,Unknown,,,,,Pedestrian hit on sidewalk or shoulder,On Sidewalk or Shoulder,Normal,,,,Yes,,Yes,,,,,,,Yes,,,,142,Woburn North,137,Woburn (137),D43,641503.1694,4848310.3764
13613,80741755,,5/31/2017 8:00:00 AM,950,BAYVIEW AVE,BURLEIGH HEIGHTS DR,,Major Arterial,North York,43.779303,-79.390872,At Intersection,No Control,Clear,Daylight,Dry,Fatal,Pedestrian Collisions,Driver,40 to 44,None,,South,"Automobile, Station Wagon",Going Ahead,Driving Properly,Normal,,,,,,,Yes,,Yes,,,,,,,,,,,52,Bayview Village,52,Bayview Village (52),D33,629488.6919,4848618.2651
13614,80756919,,5/31/2017 8:00:00 AM,950,BAYVIEW AVE,BURLEIGH HEIGHTS DR,,Major Arterial,North York,43.779303,-79.390872,At Intersection,No Control,Clear,Daylight,Dry,Fatal,Pedestrian Collisions,Pedestrian,15 to 19,Fatal,25,West,,,,,Vehicle is going straight thru inter.while ped cross without ROW,"Crossing, no Traffic Control",Normal,,,,Yes,,Yes,,,,,,,,,,,52,Bayview Village,52,Bayview Village (52),D33,629488.6919,4848618.2651
13615,80756920,,5/31/2017 8:00:00 AM,950,BAYVIEW AVE,BURLEIGH HEIGHTS DR,,Major Arterial,North York,43.779303,-79.390872,At Intersection,No Control,Clear,Daylight,Dry,Fatal,Pedestrian Collisions,Pedestrian,15 to 19,Major,,West,,,,,Vehicle is going straight thru inter.while ped cross without ROW,Crossing without right of way,Normal,,,,Yes,,Yes,,,,,,,,,,,52,Bayview Village,52,Bayview Village (52),D33,629488.6919,4848618.2651
13616,80781615,,5/31/2017 8:00:00 AM,1540,ELLESMERE RD,CONLINS RD,,Minor Arterial,Scarborough,43.787841,-79.183223,Intersection Related,Traffic Signal,Clear,Daylight,Dry,Non-Fatal Injury,Cyclist Collisions,Cyclist,15 to 19,Major,,North,Bicycle,Going Ahead,,,,,,"Cyclist without ROW rides into path of motorist at inter, lnwy, dwy-Cyclist not turn.",Disobeyed Traffic Control,Normal,,Yes,Yes,,,,,,,,,,,134,Highland Creek,134,Highland Creek (134),D43,646177.8674,4849912.2959
13617,80781616,,5/31/2017 8:00:00 AM,1540,ELLESMERE RD,CONLINS RD,,Minor Arterial,Scarborough,43.787841,-79.183223,Intersection Related,Traffic Signal,Clear,Daylight,Dry,Non-Fatal Injury,Cyclist Collisions,Driver,35 to 39,None,,West,"Automobile, Station Wagon",Going Ahead,Driving Properly,Unknown,,,,,,,,Yes,Yes,,,,,,,,,,,134,Highland Creek,134,Highland Creek (134),D43,646177.8674,4849912.2959
13618,80777256,,5/31/2017 8:00:00 AM,1800,JANE ST,TROUTBROOKE DR,2 m South of,Major Arterial,Etobicoke York,43.731745,-79.511234,At Intersection,Traffic Signal,Clear,Daylight,Dry,Non-Fatal Injury,SMV Other,Driver,30 to 34,Major,,North,Pick Up Truck,Going Ahead,Lost control,Normal,,,,,,,,,Yes,,,,,,,,,,,154,Oakdale-Beverley Heights,26,Downsview-Roding-CFB (26),D31,619897.8616,4843155.0385
13619,80776257,,6/1/2017 8:00:00 AM,1504,GERRARD ST E,ST MATTHEWS RD,15 m East of,Minor Arterial,Toronto and East York,43.66474,-79.355136,Non Intersection,No Control,Clear,Daylight,Dry,Non-Fatal Injury,Pedestrian Collisions,Driver,55 to 59,None,,West,"Automobile, Station Wagon",Going Ahead,Driving Properly,Normal,,,,,,,Yes,,Yes,,,,,,,,,,,70,South Riverdale,70,South Riverdale (70),D55,632616.9807,4835950.9014
13620,80776258,,6/1/2017 8:00:00 AM,1504,GERRARD ST E,ST MATTHEWS RD,15 m East of,Minor Arterial,Toronto and East York,43.66474,-79.355136,Non Intersection,No Control,Clear,Daylight,Dry,Non-Fatal Injury,Pedestrian Collisions,Pedestrian,60 to 64,Major,,North,,,,,Pedestrian hit at mid-block,"Crossing, no Traffic Control",Normal,,,,Yes,,Yes,,,,,,,,,,,70,South Riverdale,70,South Riverdale (70),D55,632616.9807,4835950.9014
13621,80776331,,6/1/2017 8:00:00 AM,2018,OSSINGTON AVE,DUPONT ST,,Major Arterial,Toronto and East York,43.670024,-79.428981,At Intersection,Traffic Signal,Clear,Daylight,Dry,Non-Fatal Injury,Turning Movement,Driver,30 to 34,None,,North,"Automobile, Station Wagon",Turning Left,Improper Turn,Normal,,,,,,,,,Yes,Yes,,,,,,,,,,172,Dovercourt Village,93,Dovercourt-Wallace Emerson-Junction (93),D14,626652.0622,4836422.3665
13622,80776332,,6/1/2017 8:00:00 AM,2018,OSSINGTON AVE,DUPONT ST,,Major Arterial,Toronto and East York,43.670024,-79.428981,At Intersection,Traffic Signal,Clear,Daylight,Dry,Non-Fatal Injury,Turning Movement,Motorcycle Driver,25 to 29,Major,,South,Motorcycle,Going Ahead,Driving Properly,Normal,,,,,,,,,Yes,Yes,,,,,,,,,,172,Dovercourt Village,93,Dovercourt-Wallace Emerson-Junction (93),D14,626652.0622,4836422.3665
13623,80942181,,6/3/2017 8:00:00 AM,156,EGLINTON AVE W,MIRANDA AVE,25 m East of,Major Arterial,North York,43.694552,-79.455058,Intersection Related,Stop Sign,Clear,"Dark, artificial",Dry,Non-Fatal Injury,Pedestrian Collisions,Pedestrian,20 to 24,Major,,South,,,,,Pedestrian hit at mid-block,"Crossing, no Traffic Control",Normal,,,,Yes,,Yes,,,,,,,Yes,,,,109,Caledonia-Fairbank,109,Caledonia-Fairbank (109),D13,624499.0278,4839107.0496
13624,80942182,,6/3/2017 8:00:00 AM,156,EGLINTON AVE W,MIRANDA AVE,25 m East of,Major Arterial,North York,43.694552,-79.455058,Intersection Related,Stop Sign,Clear,"Dark, artificial",Dry,Non-Fatal Injury,Pedestrian Collisions,Driver,35 to 39,Minimal,,West,Pick Up Truck,Going Ahead,Failed to Yield Right of Way,Had Been Drinking,,,,,,,Yes,,Yes,,,,,,,Yes,,,,109,Caledonia-Fairbank,109,Caledonia-Fairbank (109),D13,624499.0278,4839107.0496
13625,80756922,,6/3/2017 8:00:00 AM,1134,RIDGEMOOR AVE,KINGSTON RD,,Major Arterial,Scarborough,43.706267,-79.251254,At Intersection,Traffic Signal,Clear,Daylight,Dry,Fatal,Pedestrian Collisions,Driver,55 to 59,None,,North,"Automobile, Station Wagon",Turning Left,Failed to Yield Right of Way,Inattentive,,,,,,,Yes,,Yes,,,,,,,Yes,,,,122,Birchcliffe-Cliffside,122,Birchcliffe-Cliffside (122),D41,640895.2985,4840734.3674
13626,80756966,,6/3/2017 8:00:00 AM,1134,RIDGEMOOR AVE,KINGSTON RD,,Major Arterial,Scarborough,43.706267,-79.251254,At Intersection,Traffic Signal,Clear,Daylight,Dry,Fatal,Pedestrian Collisions,Pedestrian,70 to 74,Fatal,26,Unknown,,,,,Vehicle turns left while ped crosses with ROW at inter.,Crossing with right of way,Normal,,,,Yes,,Yes,,,,,,,Yes,,,,122,Birchcliffe-Cliffside,122,Birchcliffe-Cliffside (122),D41,640895.2985,4840734.3674
13627,80771253,,6/3/2017 8:00:00 AM,2330,ST CLAIR AVE W,CALEDONIA RD,,Major Arterial,Toronto and East York,43.67528,-79.45473,Intersection Related,Traffic Signal,Clear,"Dark, artificial",Dry,Non-Fatal Injury,Cyclist Collisions,Driver,unknown,None,,West,"Automobile, Station Wagon",Going Ahead,Improper Passing,Inattentive,,,,,,,,Yes,Yes,,,,,,,Yes,,,,92,Corso Italia-Davenport,92,Corso Italia-Davenport (92),D13,624565.3413,4836967.1254
13628,80771254,,6/3/2017 8:00:00 AM,2330,ST CLAIR AVE W,CALEDONIA RD,,Major Arterial,Toronto and East York,43.67528,-79.45473,Intersection Related,Traffic Signal,Clear,"Dark, artificial",Dry,Non-Fatal Injury,Cyclist Collisions,Cyclist,40 to 44,Major,,West,Bicycle,Going Ahead,,,,,,Cyclist and Driver travelling in same direction. One vehicle sideswipes the other.,Driving Properly,Normal,,Yes,Yes,,,,,,,Yes,,,,92,Corso Italia-Davenport,92,Corso Italia-Davenport (92),D13,624565.3413,4836967.1254
13629,80780896,,6/5/2017 8:00:00 AM,1732,KIPLING  AVE,NAMCO  RD,,Major Arterial,Etobicoke York,43.708155,-79.565051,At Intersection,Stop Sign,Clear,Daylight,Dry,Non-Fatal Injury,Angle,Driver,30 to 34,None,,East,"Automobile, Station Wagon",Going Ahead,Failed to Yield Right of Way,Normal,,,,,,,,,Yes,Yes,,,,Yes,,Yes,,,,1,West Humber-Clairville,1,West Humber-Clairville (1),D23,615609.0342,4840458.5794
13630,80780897,,6/5/2017 8:00:00 AM,1732,KIPLING  AVE,NAMCO  RD,,Major Arterial,Etobicoke York,43.708155,-79.565051,At Intersection,Stop Sign,Clear,Daylight,Dry,Non-Fatal Injury,Angle,Motorcycle Driver,60 to 64,Major,,South,Motorcycle,Going Ahead,Driving Properly,Normal,,,,,,,,,Yes,Yes,,,,Yes,,Yes,,,,1,West Humber-Clairville,1,West Humber-Clairville (1),D23,615609.0342,4840458.5794
13631,80780898,,6/5/2017 8:00:00 AM,1732,KIPLING  AVE,NAMCO  RD,,Major Arterial,Etobicoke York,43.708155,-79.565051,At Intersection,Stop Sign,Clear,Daylight,Dry,Non-Fatal Injury,Angle,Passenger,55 to 59,None,,,,,,,,,,,,,,,Yes,Yes,,,,Yes,,Yes,,,,1,West Humber-Clairville,1,West Humber-Clairville (1),D23,615609.0342,4840458.5794
13632,80771191,,6/6/2017 8:00:00 AM,825,BAYVIEW AVE,POTTERY RD,3 m South of,Major Arterial,North York,43.688643,-79.36375,Non Intersection,No Control,Rain,Daylight,Wet,Non-Fatal Injury,SMV Other,Motorcycle Driver,25 to 29,Major,,South,Motorcycle,Slowing or Stopping,Lost control,Normal,,,,,,,,,,Yes,,,,,,,,,,56,Leaside-Bennington,56,Leaside-Bennington (56),D53,631870.0996,4838591.9217
13633,80895353,,6/6/2017 8:00:00 AM,1320,MARKHAM  RD,ELLESMERE RD,69 m North o,Major Arterial,Scarborough,43.777068,-79.231982,Non Intersection,No Control,Rain,Daylight,Wet,Non-Fatal Injury,Pedestrian Collisions,Pedestrian,20 to 24,Major,,Unknown,,,,,Pedestrian hit on sidewalk or shoulder,On Sidewalk or Shoulder,Normal,,,,Yes,,Yes,,,,,,,,,,,142,Woburn North,137,Woburn (137),D43,642280.2263,4848630.8275
13634,80895354,,6/6/2017 8:00:00 AM,1320,MARKHAM  RD,ELLESMERE RD,69 m North o,Major Arterial,Scarborough,43.777068,-79.231982,Non Intersection,No Control,Rain,Daylight,Wet,Non-Fatal Injury,Pedestrian Collisions,Driver,40 to 44,None,,South,"Automobile, Station Wagon",Going Ahead,Lost control,Normal,,,,,,,Yes,,Yes,,,,,,,,,,,142,Woburn North,137,Woburn (137),D43,642280.2263,4848630.8275
13635,80771307,,6/7/2017 8:00:00 AM,701,COLLEGE ST,DUFFERIN ST,,Major Arterial,Toronto and East York,43.652568,-79.432521,Intersection Related,Traffic Signal,Clear,Daylight,Dry,Non-Fatal Injury,Cyclist Collisions,Driver,50 to 54,None,,East,Pick Up Truck,Turning Left,Failed to Yield Right of Way,Inattentive,,,,,,,,Yes,Yes,,,,,,,Yes,,,,84,Little Portugal,84,Little Portugal (84),D14,626403.2993,4834478.2491
13636,80771308,,6/7/2017 8:00:00 AM,701,COLLEGE ST,DUFFERIN ST,,Major Arterial,Toronto and East York,43.652568,-79.432521,Intersection Related,Traffic Signal,Clear,Daylight,Dry,Non-Fatal Injury,Cyclist Collisions,Cyclist,65 to 69,Major,,West,Bicycle,Going Ahead,,,,,,Motorist turned left across cyclists path.,Driving Properly,Normal,,Yes,Yes,,,,,,,Yes,,,,84,Little Portugal,84,Little Portugal (84),D14,626403.2993,4834478.2491
13637,80771309,,6/7/2017 8:00:00 AM,715,DUNDAS ST W,ELIZABETH ST,,Major Arterial,Toronto and East York,43.655352,-79.385181,At Intersection,No Control,Clear,Daylight,Dry,Non-Fatal Injury,Cyclist Collisions,Driver,55 to 59,None,,West,"Automobile, Station Wagon",Turning Left,Failed to Yield Right of Way,Inattentive,,,,,,,,Yes,Yes,,,,,,,Yes,,,,170,Yonge-Bay Corridor,76,Bay Street Corridor (76),D52,630214.8732,4834860.6499
13638,80771310,,6/7/2017 8:00:00 AM,715,DUNDAS ST W,ELIZABETH ST,,Major Arterial,Toronto and East York,43.655352,-79.385181,At Intersection,No Control,Clear,Daylight,Dry,Non-Fatal Injury,Cyclist Collisions,Cyclist,25 to 29,Major,,East,Bicycle,Going Ahead,,,,,,Motorist turned left across cyclists path.,Driving Properly,Normal,,Yes,Yes,,,,,,,Yes,,,,170,Yonge-Bay Corridor,76,Bay Street Corridor (76),D52,630214.8732,4834860.6499
13639,80771534,,6/8/2017 8:00:00 AM,1030,DAVENPORT RD,AVENUE RD,100 m East o,Major Arterial,Toronto and East York,43.674872,-79.395358,Non Intersection,No Control,Clear,Daylight,Dry,Non-Fatal Injury,Cyclist Collisions,Truck Driver,35 to 39,None,,East,"Truck - Closed (Blazer, etc)",Going Ahead,Other,Normal,,,,,,,,Yes,,,Yes,,,,,,,,,95,Annex,95,Annex (95),D53,629352.2852,4837012.6859
13640,80771535,,6/8/2017 8:00:00 AM,1030,DAVENPORT RD,AVENUE RD,100 m East o,Major Arterial,Toronto and East York,43.674872,-79.395358,Non Intersection,No Control,Clear,Daylight,Dry,Non-Fatal Injury,Cyclist Collisions,Cyclist,20 to 24,Major,,East,Bicycle,Going Ahead,,,,,,Cyclist and Driver travelling in same direction. One vehicle sideswipes the other.,Other,Normal,,Yes,,,Yes,,,,,,,,,95,Annex,95,Annex (95),D53,629352.2852,4837012.6859
13641,80902355,,6/9/2017 8:00:00 AM,135,SYMINGTON AVE,DUPONT ST,50 m South o,Collector,Toronto and East York,43.665156,-79.451022,Non Intersection,No Control,Clear,"Dark, artificial",Dry,Non-Fatal Injury,SMV Unattended Vehicle,Driver,20 to 24,Major,,South,"Automobile, Station Wagon",Going Ahead,Lost control,Unknown,,,,,,,,,Yes,,,,,,,Yes,,,,171,Junction-Wallace Emerson,93,Dovercourt-Wallace Emerson-Junction (93),D11,624885.2438,4835848.2957
13642,80771754,,6/9/2017 8:00:00 AM,1543,DANFORTH AV,COXWELL AV              (542),10 m East of,Major Arterial,Toronto and East York,43.683394,-79.323482,Intersection Related,Traffic Signal,Clear,Daylight,Dry,Non-Fatal Injury,Cyclist Collisions,Cyclist,60 to 64,Major,,West,Bicycle,Changing Lanes,,,,,,Cyclist and Driver travelling in same direction. One vehicle sideswipes the other.,Improper Lane Change,Normal,,Yes,Yes,,,,,,,,,,,64,Woodbine Corridor,66,Danforth (66),D55,635127.2352,4838073.7711
13643,80771755,,6/9/2017 8:00:00 AM,1543,DANFORTH AV,COXWELL AV              (542),10 m East of,Major Arterial,Toronto and East York,43.683394,-79.323482,Intersection Related,Traffic Signal,Clear,Daylight,Dry,Non-Fatal Injury,Cyclist Collisions,Driver,55 to 59,None,,West,"Automobile, Station Wagon",Going Ahead,Driving Properly,Normal,,,,,,,,Yes,Yes,,,,,,,,,,,64,Woodbine Corridor,66,Danforth (66),D55,635127.2352,4838073.7711
13644,80770949,,6/10/2017 8:00:00 AM,1055,DANFORTH RD,WETHERBY DR,35 m South o,Major Arterial,Scarborough,43.73878,-79.245494,Non Intersection,No Control,Clear,Daylight,Dry,Non-Fatal Injury,Other,Driver,30 to 34,None,,North,Municipal Transit Bus (TTC),Pulling Away from Shoulder or Curb,Driving Properly,Normal,,,,,,,,,,,,Yes,,Yes,,,,,,138,Eglinton East,138,Eglinton East (138),D43,641282.9324,4844355.2225
13645,80770950,,6/10/2017 8:00:00 AM,1055,DANFORTH RD,WETHERBY DR,35 m South o,Major Arterial,Scarborough,43.73878,-79.245494,Non Intersection,No Control,Clear,Daylight,Dry,Non-Fatal Injury,Other,Passenger,80 to 84,Major,,,,,,,,,,,,,,,,,,Yes,,Yes,,,,,,138,Eglinton East,138,Eglinton East (138),D43,641282.9324,4844355.2225
13646,81338080,,6/10/2017 8:00:00 AM,1404,FINCH  AVE E,PHARMACY AVE,233 m East o,Major Arterial,Scarborough,43.794886,-79.323169,Non Intersection,No Control,Clear,Daylight,Dry,Non-Fatal Injury,Pedestrian Collisions,Motorcycle Driver,25 to 29,Minor,,East,Motorcycle,Going Ahead,Exceeding Speed Limit,Inattentive,,,,,,,Yes,,,Yes,,,,,Yes,Yes,,,,147,L'Amoreaux West,117,L'Amoreaux (117),D42,634901.8376,4850457.1242
13647,81338081,,6/10/2017 8:00:00 AM,1404,FINCH  AVE E,PHARMACY AVE,233 m East o,Major Arterial,Scarborough,43.794886,-79.323169,Non Intersection,No Control,Clear,Daylight,Dry,Non-Fatal Injury,Pedestrian Collisions,Pedestrian,60 to 64,Major,,North,,,,,Pedestrian hit at mid-block,"Crossing, no Traffic Control",Normal,,,,Yes,,,Yes,,,,,Yes,Yes,,,,147,L'Amoreaux West,117,L'Amoreaux (117),D42,634901.8376,4850457.1242
13648,80770967,,6/11/2017 8:00:00 AM,635,50 TORYORK DR,,3 m East of,Collector,Etobicoke York,43.753699,-79.544574,At/Near Private Drive,No Control,Clear,"Dark, artificial",Dry,Non-Fatal Injury,SMV Other,Driver,45 to 49,Major,,East,"Automobile, Station Wagon",Going Ahead,Lost control,Inattentive,,,,,,,,,Yes,,,,,,Yes,Yes,,,,21,Humber Summit,21,Humber Summit (21),D31,617169.9683,4845545.6461
13649,81137867,,6/11/2017 8:00:00 AM,1605,5 WAKUNDA PL,O CONNOR DR,,Major Arterial,Toronto and East York,43.715914,-79.304904,Intersection Related,No Control,Clear,Daylight,Dry,Non-Fatal Injury,Cyclist Collisions,Cyclist,25 to 29,Major,,West,Bicycle,Other,,,,,,Insufficient information (to determine cyclist crash type).,Other,Unknown,,Yes,Yes,,,,,,,,,,,43,Victoria Village,43,Victoria Village (43),D55,636550.7924,4841716.0173
13650,81137868,,6/11/2017 8:00:00 AM,1605,5 WAKUNDA PL,O CONNOR DR,,Major Arterial,Toronto and East York,43.715914,-79.304904,Intersection Related,No Control,Clear,Daylight,Dry,Non-Fatal Injury,Cyclist Collisions,Driver,40 to 44,None,,East,"Automobile, Station Wagon",Going Ahead,Driving Properly,Normal,,,,,,,,Yes,Yes,,,,,,,,,,,43,Victoria Village,43,Victoria Village (43),D55,636550.7924,4841716.0173
13651,80787797,,6/11/2017 8:00:00 AM,1922,1755 LAKE SHORE BLVD W,,9 m North of,Major Arterial,Toronto and East York,43.637885,-79.457416,Non Intersection,No Control,Clear,Daylight,Dry,Non-Fatal Injury,Sideswipe,Truck Driver,25 to 29,None,,East,"Truck - Closed (Blazer, etc)",Changing Lanes,Improper Passing,Inattentive,,,,,,,,,,Yes,Yes,,,,,Yes,,,,85,South Parkdale,85,South Parkdale (85),D11,624426.0289,4832809.8932
13652,80787798,,6/11/2017 8:00:00 AM,1922,1755 LAKE SHORE BLVD W,,9 m North of,Major Arterial,Toronto and East York,43.637885,-79.457416,Non Intersection,No Control,Clear,Daylight,Dry,Non-Fatal Injury,Sideswipe,Motorcycle Driver,20 to 24,Major,,East,Motorcycle,Going Ahead,Driving Properly,Normal,,,,,,,,,,Yes,Yes,,,,,Yes,,,,85,South Parkdale,85,South Parkdale (85),D11,624426.0289,4832809.8932
13653,80886061,,6/13/2017 8:00:00 AM,854,BATHURST ST,REINER RD,3 m South of,Major Arterial,North York,43.752307,-79.437686,At Intersection,Stop Sign,Clear,Daylight,Dry,Non-Fatal Injury,Turning Movement,Passenger,15 to 19,Minimal,,,,,,,,,,,,,,,Yes,,,,,Yes,Yes,Yes,,,,38,Lansing-Westgate,38,Lansing-Westgate (38),D32,625778.0394,4845547.7976
13654,80886062,,6/13/2017 8:00:00 AM,854,BATHURST ST,REINER RD,3 m South of,Major Arterial,North York,43.752307,-79.437686,At Intersection,Stop Sign,Clear,Daylight,Dry,Non-Fatal Injury,Turning Movement,Driver,75 to 79,Minimal,,North,"Automobile, Station Wagon",Going Ahead,Driving Properly,Normal,,,,,,,,,Yes,,,,,Yes,Yes,Yes,,,,38,Lansing-Westgate,38,Lansing-Westgate (38),D32,625778.0394,4845547.7976
13655,80886063,,6/13/2017 8:00:00 AM,854,BATHURST ST,REINER RD,3 m South of,Major Arterial,North York,43.752307,-79.437686,At Intersection,Stop Sign,Clear,Daylight,Dry,Non-Fatal Injury,Turning Movement,Driver,20 to 24,None,,North,"Automobile, Station Wagon",Going Ahead,Driving Properly,Normal,,,,,,,,,Yes,,,,,Yes,Yes,Yes,,,,38,Lansing-Westgate,38,Lansing-Westgate (38),D32,625778.0394,4845547.7976
13656,80886064,,6/13/2017 8:00:00 AM,854,BATHURST ST,REINER RD,3 m South of,Major Arterial,North York,43.752307,-79.437686,At Intersection,Stop Sign,Clear,Daylight,Dry,Non-Fatal Injury,Turning Movement,Driver,45 to 49,Minimal,,North,Delivery Van,Going Ahead,Exceeding Speed Limit,Normal,,,,,,,,,Yes,,,,,Yes,Yes,Yes,,,,38,Lansing-Westgate,38,Lansing-Westgate (38),D32,625778.0394,4845547.7976
13657,80886065,,6/13/2017 8:00:00 AM,854,BATHURST ST,REINER RD,3 m South of,Major Arterial,North York,43.752307,-79.437686,At Intersection,Stop Sign,Clear,Daylight,Dry,Non-Fatal Injury,Turning Movement,Driver,65 to 69,Major,,East,"Automobile, Station Wagon",Turning Left,Failed to Yield Right of Way,Unknown,,,,,,,,,Yes,,,,,Yes,Yes,Yes,,,,38,Lansing-Westgate,38,Lansing-Westgate (38),D32,625778.0394,4845547.7976
13658,80786664,,6/13/2017 8:00:00 AM,1505,BURNHAMTHORPE RD,MARTIN GROVE RD,25 m West of,Major Arterial,Etobicoke York,43.648734,-79.548938,Intersection Related,No Control,Clear,Daylight,Dry,Non-Fatal Injury,Rear End,Motorcycle Driver,20 to 24,Major,,West,Motorcycle,Going Ahead,Other,Inattentive,,,,,,,,,Yes,Yes,,,,Yes,,,,,,158,Islington,14,Islington-City Centre West (14),D22,617022.6656,4833881.6891
13659,80786665,,6/13/2017 8:00:00 AM,1505,BURNHAMTHORPE RD,MARTIN GROVE RD,25 m West of,Major Arterial,Etobicoke York,43.648734,-79.548938,Intersection Related,No Control,Clear,Daylight,Dry,Non-Fatal Injury,Rear End,Driver,60 to 64,None,,West,"Automobile, Station Wagon",Stopped,Driving Properly,Normal,,,,,,,,,Yes,Yes,,,,Yes,,,,,,158,Islington,14,Islington-City Centre West (14),D22,617022.6656,4833881.6891
13660,80786666,,6/13/2017 8:00:00 AM,1505,BURNHAMTHORPE RD,MARTIN GROVE RD,25 m West of,Major Arterial,Etobicoke York,43.648734,-79.548938,Intersection Related,No Control,Clear,Daylight,Dry,Non-Fatal Injury,Rear End,Passenger,70 to 74,None,,,,,,,,,,,,,,,Yes,Yes,,,,Yes,,,,,,158,Islington,14,Islington-City Centre West (14),D22,617022.6656,4833881.6891
13661,80756921,,6/13/2017 8:00:00 AM,1606,5085 SHEPPARD AVE E,,,Major Arterial,Scarborough,43.793505,-79.24007,Non Intersection,No Control,Clear,Daylight,Dry,Fatal,Turning Movement,Driver,25 to 29,Minimal,,West,"Automobile, Station Wagon",Turning Left,Improper Turn,Normal,,,,,,,,,Yes,,,,,Yes,,,,,,128,Agincourt South-Malvern West,128,Agincourt South-Malvern West (128),D42,641590.5272,4850442.5492
13662,80756967,,6/13/2017 8:00:00 AM,1606,5085 SHEPPARD AVE E,,,Major Arterial,Scarborough,43.793505,-79.24007,Non Intersection,No Control,Clear,Daylight,Dry,Fatal,Turning Movement,Passenger,40 to 44,Major,,,,,,,,,,,,,,,Yes,,,,,Yes,,,,,,128,Agincourt South-Malvern West,128,Agincourt South-Malvern West (128),D42,641590.5272,4850442.5492
13663,80756969,,6/13/2017 8:00:00 AM,1606,5085 SHEPPARD AVE E,,,Major Arterial,Scarborough,43.793505,-79.24007,Non Intersection,No Control,Clear,Daylight,Dry,Fatal,Turning Movement,Passenger,0 to 4,Fatal,27,,,,,,,,,,,,,,Yes,,,,,Yes,,,,,,128,Agincourt South-Malvern West,128,Agincourt South-Malvern West (128),D42,641590.5272,4850442.5492
13664,80756970,,6/13/2017 8:00:00 AM,1606,5085 SHEPPARD AVE E,,,Major Arterial,Scarborough,43.793505,-79.24007,Non Intersection,No Control,Clear,Daylight,Dry,Fatal,Turning Movement,Driver,55 to 59,Minimal,,East,"Automobile, Station Wagon",Going Ahead,Driving Properly,Normal,,,,,,,,,Yes,,,,,Yes,,,,,,128,Agincourt South-Malvern West,128,Agincourt South-Malvern West (128),D42,641590.5272,4850442.5492
13665,80771399,,6/13/2017 8:00:00 AM,1719,SHEPPARD AVE E,DON MILLS RD,1 m West of,Major Arterial,North York,43.775035,-79.347003,At Intersection,Traffic Controller,Clear,Daylight,Dry,Non-Fatal Injury,Rear End,Driver,70 to 74,Major,,East,"Automobile, Station Wagon",Going Ahead,Other,Medical or Physical Disability,,,,,,,,,Yes,,,,,Yes,,,,,Yes,53,Henry Farm,53,Henry Farm (53),D33,633028.3881,4848213.7883