OBJECTID,INDEX,ACCNUM,DATE,TIME,STREET1,STREET2,OFFSET,ROAD_CLASS,DISTRICT,LATITUDE,LONGITUDE,ACCLOC,TRAFFCTL,VISIBILITY,LIGHT,RDSFCOND,ACCLASS,IMPACTYPE,INVTYPE,INVAGE,INJURY,FATAL_NO,INITDIR,VEHTYPE,MANOEUVER,DRIVACT,DRIVCOND,PEDTYPE,PEDACT,PEDCOND,CYCLISTYPE,CYCACT,CYCCOND,PEDESTRIAN,CYCLIST,AUTOMOBILE,MOTORCYCLE,TRUCK,TRSN_CITY_VEH,EMERG_VEH,PASSENGER,SPEEDING,AG_DRIV,REDLIGHT,ALCOHOL,DISABILITY,HOOD_158,NEIGHBOURHOOD_158,HOOD_140,NEIGHBOURHOOD_140,DIVISION,x,y
13666,80771400,,6/13/2017 8:00:00 AM,1719,SHEPPARD AVE E,DON MILLS RD,1 m West of,Major Arterial,North York,43.775035,-79.347003,At Intersection,Traffic Controller,Clear,Daylight,Dry,Non-Fatal Injury,Rear End,Driver,25 to 29,None,,East,"Automobile, Station Wagon",Stopped,Driving Properly,Normal,,,,,,,,,Yes,,,,,Yes,,,,,Yes,53,Henry Farm,53,Henry Farm (53),D33,633028.3881,4848213.7883
13667,80771401,,6/13/2017 8:00:00 AM,1719,SHEPPARD AVE E,DON MILLS RD,1 m West of,Major Arterial,North York,43.775035,-79.347003,At Intersection,Traffic Controller,Clear,Daylight,Dry,Non-Fatal Injury,Rear End,Driver,25 to 29,None,,East,"Automobile, Station Wagon",Stopped,Driving Properly,Normal,,,,,,,,,Yes,,,,,Yes,,,,,Yes,53,Henry Farm,53,Henry Farm (53),D33,633028.3881,4848213.7883
13668,80771402,,6/13/2017 8:00:00 AM,1719,SHEPPARD AVE E,DON MILLS RD,1 m West of,Major Arterial,North York,43.775035,-79.347003,At Intersection,Traffic Controller,Clear,Daylight,Dry,Non-Fatal Injury,Rear End,Passenger,25 to 29,None,,,,,,,,,,,,,,,Yes,,,,,Yes,,,,,Yes,53,Henry Farm,53,Henry Farm (53),D33,633028.3881,4848213.7883
13669,80771452,,6/13/2017 8:00:00 AM,2001,DON VALLEY PARKWAY  N,EGLINTON AVE E,80 m North o,,North York,43.725211,-79.330257,Non Intersection,No Control,Clear,Daylight,Dry,Non-Fatal Injury,Sideswipe,Motorcycle Driver,25 to 29,Major,,North,Motorcycle,Changing Lanes,Lost control,Normal,,,,,,,,,Yes,Yes,,,,,,Yes,,,,42,Banbury-Don Mills,42,Banbury-Don Mills (42),D33,634487.6206,4842707.1268
13670,80771453,,6/13/2017 8:00:00 AM,2001,DON VALLEY PARKWAY  N,EGLINTON AVE E,80 m North o,,North York,43.725211,-79.330257,Non Intersection,No Control,Clear,Daylight,Dry,Non-Fatal Injury,Sideswipe,Driver,20 to 24,None,,North,"Automobile, Station Wagon",Going Ahead,Driving Properly,Normal,,,,,,,,,Yes,Yes,,,,,,Yes,,,,42,Banbury-Don Mills,42,Banbury-Don Mills (42),D33,634487.6206,4842707.1268
13671,80771454,,6/13/2017 8:00:00 AM,2001,DON VALLEY PARKWAY  N,EGLINTON AVE E,80 m North o,,North York,43.725211,-79.330257,Non Intersection,No Control,Clear,Daylight,Dry,Non-Fatal Injury,Sideswipe,Driver,25 to 29,None,,North,"Automobile, Station Wagon",Going Ahead,Driving Properly,Normal,,,,,,,,,Yes,Yes,,,,,,Yes,,,,42,Banbury-Don Mills,42,Banbury-Don Mills (42),D33,634487.6206,4842707.1268
13672,80771578,,6/15/2017 8:00:00 AM,1200,MORNINGVIEW TRL,BLACKHURST CRT,3 m South of,Local,Scarborough,43.818915,-79.200221,Intersection Related,No Control,Clear,Daylight,Dry,Non-Fatal Injury,Pedestrian Collisions,Driver,65 to 69,None,,North,Municipal Transit Bus (TTC),Going Ahead,Driving Properly,Normal,,,,,,,Yes,,,,,Yes,,,,,,,,144,Morningside Heights,131,Rouge (131),D42,644735.1257,4853333.6914
13673,80771579,,6/15/2017 8:00:00 AM,1200,MORNINGVIEW TRL,BLACKHURST CRT,3 m South of,Local,Scarborough,43.818915,-79.200221,Intersection Related,No Control,Clear,Daylight,Dry,Non-Fatal Injury,Pedestrian Collisions,Pedestrian,50 to 54,Major,,West,,,,,Pedestrian involved in a collision with transit vehicle anywhere along roadway,Coming From Behind Parked Vehicle,Normal,,,,Yes,,,,,Yes,,,,,,,,144,Morningside Heights,131,Rouge (131),D42,644735.1257,4853333.6914
13674,80771676,,6/16/2017 8:00:00 AM,21,LAKE SHORE BLVD E,CARLAW AVE,,Major Arterial,Toronto and East York,43.654887,-79.337398,At Intersection,Traffic Signal,Clear,"Dark, artificial",Dry,Non-Fatal Injury,Turning Movement,Driver,35 to 39,None,,East,"Automobile, Station Wagon",Turning Left,Improper Turn,Normal,,,,,,,,,Yes,Yes,,,,Yes,,,,,,70,South Riverdale,70,South Riverdale (70),D55,634069.0496,4834885.1017
13675,80771677,,6/16/2017 8:00:00 AM,21,LAKE SHORE BLVD E,CARLAW AVE,,Major Arterial,Toronto and East York,43.654887,-79.337398,At Intersection,Traffic Signal,Clear,"Dark, artificial",Dry,Non-Fatal Injury,Turning Movement,Motorcycle Driver,25 to 29,Major,,West,Motorcycle,Going Ahead,Driving Properly,Normal,,,,,,,,,Yes,Yes,,,,Yes,,,,,,70,South Riverdale,70,South Riverdale (70),D55,634069.0496,4834885.1017
13676,80771678,,6/16/2017 8:00:00 AM,21,LAKE SHORE BLVD E,CARLAW AVE,,Major Arterial,Toronto and East York,43.654887,-79.337398,At Intersection,Traffic Signal,Clear,"Dark, artificial",Dry,Non-Fatal Injury,Turning Movement,Motorcycle Passenger,25 to 29,Major,,,,,,,,,,,,,,,Yes,Yes,,,,Yes,,,,,,70,South Riverdale,70,South Riverdale (70),D55,634069.0496,4834885.1017
13677,80771724,,6/16/2017 8:00:00 AM,1513,DUFFERIN ST,HUNTER AVE,200 m South ,Major Arterial,Toronto and East York,43.693637,-79.449458,Non Intersection,No Control,Clear,Daylight,Dry,Non-Fatal Injury,Rear End,Driver,55 to 59,None,,North,Pick Up Truck,Going Ahead,Following too Close,Inattentive,,,,,,,,,Yes,,,,,Yes,,Yes,,,,109,Caledonia-Fairbank,109,Caledonia-Fairbank (109),D13,624952.2078,4839013.8497
13678,80771725,,6/16/2017 8:00:00 AM,1513,DUFFERIN ST,HUNTER AVE,200 m South ,Major Arterial,Toronto and East York,43.693637,-79.449458,Non Intersection,No Control,Clear,Daylight,Dry,Non-Fatal Injury,Rear End,Driver,40 to 44,Major,,North,"Automobile, Station Wagon",Stopped,Driving Properly,Normal,,,,,,,,,Yes,,,,,Yes,,Yes,,,,109,Caledonia-Fairbank,109,Caledonia-Fairbank (109),D13,624952.2078,4839013.8497
13679,80771726,,6/16/2017 8:00:00 AM,1513,DUFFERIN ST,HUNTER AVE,200 m South ,Major Arterial,Toronto and East York,43.693637,-79.449458,Non Intersection,No Control,Clear,Daylight,Dry,Non-Fatal Injury,Rear End,Passenger,15 to 19,Minor,,,,,,,,,,,,,,,Yes,,,,,Yes,,Yes,,,,109,Caledonia-Fairbank,109,Caledonia-Fairbank (109),D13,624952.2078,4839013.8497
13680,80933880,,6/16/2017 8:00:00 AM,1820,YONGE  ST,ADELAIDE ST W,12 m South o,Major Arterial,Toronto and East York,43.650336,-79.378429,Intersection Related,No Control,Clear,Daylight,Dry,Non-Fatal Injury,Sideswipe,Driver,30 to 34,Minimal,,South,"Automobile, Station Wagon",Going Ahead,Driving Properly,Inattentive,,,,,,,,,Yes,,Yes,,,,,,,,,168,Downtown Yonge East,75,Church-Yonge Corridor (75),D51,630770.2294,4834314.1752
13681,80933881,,6/16/2017 8:00:00 AM,1820,YONGE  ST,ADELAIDE ST W,12 m South o,Major Arterial,Toronto and East York,43.650336,-79.378429,Intersection Related,No Control,Clear,Daylight,Dry,Non-Fatal Injury,Sideswipe,Truck Driver,35 to 39,Major,,South,"Truck - Closed (Blazer, etc)",Changing Lanes,Improper Lane Change,Normal,,,,,,,,,Yes,,Yes,,,,,,,,,168,Downtown Yonge East,75,Church-Yonge Corridor (75),D51,630770.2294,4834314.1752
13682,80770849,,6/16/2017 8:00:00 AM,2101,MARTIN GROVE RD,SILVERSTONE DR,101 m South ,Minor Arterial,Etobicoke York,43.750025,-79.598178,Non Intersection,No Control,Rain,"Dark, artificial",Wet,Non-Fatal Injury,Pedestrian Collisions,Driver,70 to 74,None,,South,"Automobile, Station Wagon",Going Ahead,Driving Properly,Normal,,,,,,,Yes,,Yes,,,,,,,,,,,2,Mount Olive-Silverstone-Jamestown,2,Mount Olive-Silverstone-Jamestown (2),D23,612861.422,4845063.1665
13683,80770850,,6/16/2017 8:00:00 AM,2101,MARTIN GROVE RD,SILVERSTONE DR,101 m South ,Minor Arterial,Etobicoke York,43.750025,-79.598178,Non Intersection,No Control,Rain,"Dark, artificial",Wet,Non-Fatal Injury,Pedestrian Collisions,Pedestrian,10 to 14,Major,,East,,,,,Pedestrian hit at mid-block,"Crossing, no Traffic Control",Medical or Physical Disability,,,,Yes,,Yes,,,,,,,,,,,2,Mount Olive-Silverstone-Jamestown,2,Mount Olive-Silverstone-Jamestown (2),D23,612861.422,4845063.1665
13684,80770311,,6/19/2017 8:00:00 AM,1543,MARKHAM RD,PROGRESS AVE,,Major Arterial,Scarborough,43.781672,-79.233852,At Intersection,Traffic Signal,Clear,Daylight,Dry,Non-Fatal Injury,Turning Movement,Motorcycle Driver,20 to 24,Major,,South,Motorcycle,Turning Left,Improper Turn,Inattentive,,,,,,,,,Yes,Yes,,,,,,,,,,142,Woburn North,137,Woburn (137),D43,642118.8282,4849138.9624
13685,80770312,,6/19/2017 8:00:00 AM,1543,MARKHAM RD,PROGRESS AVE,,Major Arterial,Scarborough,43.781672,-79.233852,At Intersection,Traffic Signal,Clear,Daylight,Dry,Non-Fatal Injury,Turning Movement,Driver,55 to 59,None,,North,"Automobile, Station Wagon",Going Ahead,Driving Properly,Normal,,,,,,,,,Yes,Yes,,,,,,,,,,142,Woburn North,137,Woburn (137),D43,642118.8282,4849138.9624
13686,80770313,,6/19/2017 8:00:00 AM,1543,MARKHAM RD,PROGRESS AVE,,Major Arterial,Scarborough,43.781672,-79.233852,At Intersection,Traffic Signal,Clear,Daylight,Dry,Non-Fatal Injury,Turning Movement,Other,unknown,None,,,,,,,,,,,,,,,Yes,Yes,,,,,,,,,,142,Woburn North,137,Woburn (137),D43,642118.8282,4849138.9624
13687,80770536,,6/20/2017 8:00:00 AM,1227,5799 YONGE ST,,2 m East of,Major Arterial,North York,43.784888,-79.416782,At/Near Private Drive,Stop Sign,Clear,Daylight,Dry,Non-Fatal Injury,Pedestrian Collisions,Driver,65 to 69,None,,West,"Automobile, Station Wagon",Turning Right,Failed to Yield Right of Way,Normal,,,,,,,Yes,,Yes,,,,,,,Yes,,,,50,Newtonbrook East,50,Newtonbrook East (50),D32,627391.7979,4849198.3664
13688,80770537,,6/20/2017 8:00:00 AM,1227,5799 YONGE ST,,2 m East of,Major Arterial,North York,43.784888,-79.416782,At/Near Private Drive,Stop Sign,Clear,Daylight,Dry,Non-Fatal Injury,Pedestrian Collisions,Pedestrian,70 to 74,Major,,South,,,,,Pedestrian hit at private driveway,On Sidewalk or Shoulder,Normal,,,,Yes,,Yes,,,,,,,Yes,,,,50,Newtonbrook East,50,Newtonbrook East (50),D32,627391.7979,4849198.3664
13689,80770541,,6/20/2017 8:00:00 AM,1550,SIMCOE ST,QUEEN ST W,7 m North of,Major Arterial,Toronto and East York,43.650595,-79.387454,Laneway,No Control,Clear,Daylight,Dry,Non-Fatal Injury,Pedestrian Collisions,Driver,50 to 54,None,,West,"Automobile, Station Wagon",Turning Right,Driving Properly,Normal,,,,,,,Yes,,Yes,,,,,,,,,,,164,Wellington Place,77,Waterfront Communities-The Island (77),D52,630041.8492,4834328.758
13690,80770542,,6/20/2017 8:00:00 AM,1550,SIMCOE ST,QUEEN ST W,7 m North of,Major Arterial,Toronto and East York,43.650595,-79.387454,Laneway,No Control,Clear,Daylight,Dry,Non-Fatal Injury,Pedestrian Collisions,Pedestrian,55 to 59,Major,,Unknown,,,,,Other / Undefined,Other,Other,,,,Yes,,Yes,,,,,,,,,,,164,Wellington Place,77,Waterfront Communities-The Island (77),D52,630041.8492,4834328.758
13691,80769755,,6/21/2017 8:00:00 AM,1700,LAWRENCE AVE W,KIMBARK BLVD,12 m West of,Major Arterial,North York,43.721591,-79.41846,At Intersection,No Control,Clear,Daylight,Dry,Non-Fatal Injury,SMV Other,Driver,60 to 64,Major,,East,"Automobile, Station Wagon",Going Ahead,Lost control,Other,,,,,,,,,Yes,,,,,Yes,,,,,,39,Bedford Park-Nortown,39,Bedford Park-Nortown (39),D53,627391.0097,4842165.7122
13692,80769756,,6/21/2017 8:00:00 AM,1700,LAWRENCE AVE W,KIMBARK BLVD,12 m West of,Major Arterial,North York,43.721591,-79.41846,At Intersection,No Control,Clear,Daylight,Dry,Non-Fatal Injury,SMV Other,Passenger,60 to 64,None,,,,,,,,,,,,,,,Yes,,,,,Yes,,,,,,39,Bedford Park-Nortown,39,Bedford Park-Nortown (39),D53,627391.0097,4842165.7122
13693,80770341,,6/23/2017 8:00:00 AM,1510,YORKVILLE AVE,YONGE ST,65 m West of,Collector,Toronto and East York,43.671492,-79.389255,Non Intersection,No Control,Clear,Daylight,Dry,Non-Fatal Injury,Pedestrian Collisions,Driver,45 to 49,None,,West,"Automobile, Station Wagon",Reversing,Driving Properly,Inattentive,,,,,,,Yes,,Yes,,,,,Yes,,,,,,95,Annex,95,Annex (95),D53,629851.5506,4836646.8268
13694,80770396,,6/23/2017 8:00:00 AM,1510,YORKVILLE AVE,YONGE ST,65 m West of,Collector,Toronto and East York,43.671492,-79.389255,Non Intersection,No Control,Clear,Daylight,Dry,Non-Fatal Injury,Pedestrian Collisions,Passenger,10 to 14,None,,,,,,,,,,,,,Yes,,Yes,,,,,Yes,,,,,,95,Annex,95,Annex (95),D53,629851.5506,4836646.8268
13695,80770397,,6/23/2017 8:00:00 AM,1510,YORKVILLE AVE,YONGE ST,65 m West of,Collector,Toronto and East York,43.671492,-79.389255,Non Intersection,No Control,Clear,Daylight,Dry,Non-Fatal Injury,Pedestrian Collisions,Pedestrian,85 to 89,Major,,South,,,,,Vehicle is reversing and hits pedestrian,"Crossing, no Traffic Control",Inattentive,,,,Yes,,Yes,,,,,Yes,,,,,,95,Annex,95,Annex (95),D53,629851.5506,4836646.8268
13696,80900116,,6/26/2017 8:00:00 AM,1045,WELLESLEY ST E,CHURCH ST,,Minor Arterial,Toronto and East York,43.665648,-79.380916,At Intersection,Traffic Signal,Clear,Daylight,Dry,Non-Fatal Injury,Pedestrian Collisions,Pedestrian,70 to 74,Major,,East,,,,,Vehicle turns right while ped crosses with ROW at inter.,Crossing with right of way,Normal,,,,Yes,,,,Yes,,,,,Yes,,,,167,Church-Wellesley,75,Church-Yonge Corridor (75),D51,630536.4807,4836010.8596
13697,80900117,,6/26/2017 8:00:00 AM,1045,WELLESLEY ST E,CHURCH ST,,Minor Arterial,Toronto and East York,43.665648,-79.380916,At Intersection,Traffic Signal,Clear,Daylight,Dry,Non-Fatal Injury,Pedestrian Collisions,Truck Driver,55 to 59,None,,East,Truck-Tractor,Turning Right,Failed to Yield Right of Way,Normal,,,,,,,Yes,,,,Yes,,,,,Yes,,,,167,Church-Wellesley,75,Church-Yonge Corridor (75),D51,630536.4807,4836010.8596
13698,81130046,,6/28/2017 8:00:00 AM,1155,ST CLAIR AVE W,AVENUE RD,29 m West of,Major Arterial,North York,43.686503,-79.401767,Non Intersection,No Control,Clear,Daylight,Dry,Non-Fatal Injury,Pedestrian Collisions,Driver,25 to 29,None,,East,Street Car,Going Ahead,Driving Properly,Normal,,,,,,,Yes,,,,,Yes,,,,,,,,96,Casa Loma,96,Casa Loma (96),D53,628810.7496,4838294.4922
13699,81130047,,6/28/2017 8:00:00 AM,1155,ST CLAIR AVE W,AVENUE RD,29 m West of,Major Arterial,North York,43.686503,-79.401767,Non Intersection,No Control,Clear,Daylight,Dry,Non-Fatal Injury,Pedestrian Collisions,Pedestrian,75 to 79,Major,,North,,,,,Pedestrian involved in a collision with transit vehicle anywhere along roadway,Running onto Roadway,Medical or Physical Disability,,,,Yes,,,,,Yes,,,,,,,,96,Casa Loma,96,Casa Loma (96),D53,628810.7496,4838294.4922
13700,80770429,,6/28/2017 8:00:00 AM,1648,MIDDELFIELD ROAD,PEBBLEWOOD AVENUE,,Minor Arterial,Scarborough,43.823207,-79.263141,At Intersection,No Control,Clear,Daylight,Dry,Non-Fatal Injury,Pedestrian Collisions,Driver,65 to 69,None,,North,"Automobile, Station Wagon",Going Ahead,Driving Properly,Normal,,,,,,,Yes,,Yes,,,,,,,,,,,130,Milliken,130,Milliken (130),D42,639665.142,4853702.2278
13701,80770430,,6/28/2017 8:00:00 AM,1648,MIDDELFIELD ROAD,PEBBLEWOOD AVENUE,,Minor Arterial,Scarborough,43.823207,-79.263141,At Intersection,No Control,Clear,Daylight,Dry,Non-Fatal Injury,Pedestrian Collisions,Pedestrian,15 to 19,Major,,West,,,,,Vehicle is going straight thru inter.while ped cross without ROW,Coming From Behind Parked Vehicle,Inattentive,,,,Yes,,Yes,,,,,,,,,,,130,Milliken,130,Milliken (130),D42,639665.142,4853702.2278
13702,80770489,,6/28/2017 8:00:00 AM,1800,DANFORTH AVE,WOODYCREST AVE,33 m West of,Major Arterial,Toronto and East York,43.679412,-79.342189,At/Near Private Drive,No Control,Clear,Daylight,Dry,Non-Fatal Injury,Cyclist Collisions,Driver,35 to 39,None,,West,"Automobile, Station Wagon",Turning Left,Improper Turn,Inattentive,,,,,,,,Yes,Yes,,,,,Yes,,,,,,69,Blake-Jones,69,Blake-Jones (69),D55,633628.2758,4837601.2045
13703,80770490,,6/28/2017 8:00:00 AM,1800,DANFORTH AVE,WOODYCREST AVE,33 m West of,Major Arterial,Toronto and East York,43.679412,-79.342189,At/Near Private Drive,No Control,Clear,Daylight,Dry,Non-Fatal Injury,Cyclist Collisions,Cyclist,35 to 39,Major,,East,Bicycle,Going Ahead,,,,,,Motorist turned left across cyclists path.,Driving Properly,Normal,,Yes,Yes,,,,,Yes,,,,,,69,Blake-Jones,69,Blake-Jones (69),D55,633628.2758,4837601.2045
13704,80770491,,6/28/2017 8:00:00 AM,1800,DANFORTH AVE,WOODYCREST AVE,33 m West of,Major Arterial,Toronto and East York,43.679412,-79.342189,At/Near Private Drive,No Control,Clear,Daylight,Dry,Non-Fatal Injury,Cyclist Collisions,Passenger,0 to 4,None,,,,,,,,,,,,,,Yes,Yes,,,,,Yes,,,,,,69,Blake-Jones,69,Blake-Jones (69),D55,633628.2758,4837601.2045
13705,80770492,,6/28/2017 8:00:00 AM,1800,DANFORTH AVE,WOODYCREST AVE,33 m West of,Major Arterial,Toronto and East York,43.679412,-79.342189,At/Near Private Drive,No Control,Clear,Daylight,Dry,Non-Fatal Injury,Cyclist Collisions,Passenger,0 to 4,None,,,,,,,,,,,,,,Yes,Yes,,,,,Yes,,,,,,69,Blake-Jones,69,Blake-Jones (69),D55,633628.2758,4837601.2045
13706,80770570,,6/29/2017 8:00:00 AM,248,196 DUPONT ST,,,Major Arterial,Toronto and East York,43.675368,-79.404186,Non Intersection,No Control,Rain,"Dark, artificial",Wet,Non-Fatal Injury,Pedestrian Collisions,Driver,30 to 34,None,,East,"Automobile, Station Wagon",Going Ahead,Driving Properly,Normal,,,,,,,Yes,,Yes,,,,,,,,,,,95,Annex,95,Annex (95),D53,628639.5817,4837054.0444
13707,80770571,,6/29/2017 8:00:00 AM,248,196 DUPONT ST,,,Major Arterial,Toronto and East York,43.675368,-79.404186,Non Intersection,No Control,Rain,"Dark, artificial",Wet,Non-Fatal Injury,Pedestrian Collisions,Pedestrian,30 to 34,Major,,South,,,,,Pedestrian hit at mid-block,"Crossing, no Traffic Control",Had Been Drinking,,,,Yes,,Yes,,,,,,,,,,,95,Annex,95,Annex (95),D53,628639.5817,4837054.0444
13708,80770719,,6/29/2017 8:00:00 AM,1808,THE WEST MALL,CAMBRIAN RD,98 m South o,Minor Arterial,Etobicoke York,43.651934,-79.570628,Non Intersection,No Control,Clear,Daylight,Dry,Non-Fatal Injury,Angle,Driver,15 to 19,Minor,,West,Passenger Van,Going Ahead,Failed to Yield Right of Way,Normal,,,,,,,,,Yes,,,Yes,,Yes,,Yes,,,,13,Etobicoke West Mall,13,Etobicoke West Mall (13),D22,615267.3145,4834206.7339
13709,80770720,,6/29/2017 8:00:00 AM,1808,THE WEST MALL,CAMBRIAN RD,98 m South o,Minor Arterial,Etobicoke York,43.651934,-79.570628,Non Intersection,No Control,Clear,Daylight,Dry,Non-Fatal Injury,Angle,Driver,40 to 44,Minor,,North,Municipal Transit Bus (TTC),Going Ahead,Driving Properly,Normal,,,,,,,,,Yes,,,Yes,,Yes,,Yes,,,,13,Etobicoke West Mall,13,Etobicoke West Mall (13),D22,615267.3145,4834206.7339
13710,80770721,,6/29/2017 8:00:00 AM,1808,THE WEST MALL,CAMBRIAN RD,98 m South o,Minor Arterial,Etobicoke York,43.651934,-79.570628,Non Intersection,No Control,Clear,Daylight,Dry,Non-Fatal Injury,Angle,Passenger,20 to 24,Minor,,,,,,,,,,,,,,,Yes,,,Yes,,Yes,,Yes,,,,13,Etobicoke West Mall,13,Etobicoke West Mall (13),D22,615267.3145,4834206.7339
13711,80770722,,6/29/2017 8:00:00 AM,1808,THE WEST MALL,CAMBRIAN RD,98 m South o,Minor Arterial,Etobicoke York,43.651934,-79.570628,Non Intersection,No Control,Clear,Daylight,Dry,Non-Fatal Injury,Angle,Passenger,20 to 24,Major,,,,,,,,,,,,,,,Yes,,,Yes,,Yes,,Yes,,,,13,Etobicoke West Mall,13,Etobicoke West Mall (13),D22,615267.3145,4834206.7339
13712,80770723,,6/29/2017 8:00:00 AM,1808,THE WEST MALL,CAMBRIAN RD,98 m South o,Minor Arterial,Etobicoke York,43.651934,-79.570628,Non Intersection,No Control,Clear,Daylight,Dry,Non-Fatal Injury,Angle,Passenger,20 to 24,Minor,,,,,,,,,,,,,,,Yes,,,Yes,,Yes,,Yes,,,,13,Etobicoke West Mall,13,Etobicoke West Mall (13),D22,615267.3145,4834206.7339
13713,80770724,,6/29/2017 8:00:00 AM,1808,THE WEST MALL,CAMBRIAN RD,98 m South o,Minor Arterial,Etobicoke York,43.651934,-79.570628,Non Intersection,No Control,Clear,Daylight,Dry,Non-Fatal Injury,Angle,Passenger,20 to 24,Minor,,,,,,,,,,,,,,,Yes,,,Yes,,Yes,,Yes,,,,13,Etobicoke West Mall,13,Etobicoke West Mall (13),D22,615267.3145,4834206.7339
13714,80770780,,6/29/2017 8:00:00 AM,1808,THE WEST MALL,CAMBRIAN RD,98 m South o,Minor Arterial,Etobicoke York,43.651934,-79.570628,Non Intersection,No Control,Clear,Daylight,Dry,Non-Fatal Injury,Angle,Passenger,15 to 19,Minor,,,,,,,,,,,,,,,Yes,,,Yes,,Yes,,Yes,,,,13,Etobicoke West Mall,13,Etobicoke West Mall (13),D22,615267.3145,4834206.7339
13715,80770781,,6/29/2017 8:00:00 AM,1808,THE WEST MALL,CAMBRIAN RD,98 m South o,Minor Arterial,Etobicoke York,43.651934,-79.570628,Non Intersection,No Control,Clear,Daylight,Dry,Non-Fatal Injury,Angle,Passenger,15 to 19,Minor,,,,,,,,,,,,,,,Yes,,,Yes,,Yes,,Yes,,,,13,Etobicoke West Mall,13,Etobicoke West Mall (13),D22,615267.3145,4834206.7339
13716,80757123,,6/30/2017 8:00:00 AM,1304,847 JANE ST,,,Collector,Etobicoke York,43.676146,-79.494518,Non Intersection,No Control,Clear,Daylight,Dry,Fatal,Cyclist Collisions,Cyclist,70 to 74,Fatal,28,West,Bicycle,Going Ahead,,,,,,"Motorist turns right at non-signal Inter.(stop, yield, no cont.,and dwy) and strikes cyclist.",Driving Properly,Normal,,Yes,Yes,,,,,,,,,,,111,Rockcliffe-Smythe,111,Rockcliffe-Smythe (111),D12,621356.228,4837004.325
13717,80757189,,6/30/2017 8:00:00 AM,1304,847 JANE ST,,,Collector,Etobicoke York,43.676146,-79.494518,Non Intersection,No Control,Clear,Daylight,Dry,Fatal,Cyclist Collisions,Driver,60 to 64,None,,West,Delivery Van,Turning Right,Improper Turn,Normal,,,,,,,,Yes,Yes,,,,,,,,,,,111,Rockcliffe-Smythe,111,Rockcliffe-Smythe (111),D12,621356.228,4837004.325
13718,80923086,,7/1/2017 8:00:00 AM,306,JANE ST,LAWRENCE AVE W,8 m North of,Major Arterial,Etobicoke York,43.702807,-79.503795,At Intersection,Traffic Signal,Clear,"Dark, artificial",Dry,Non-Fatal Injury,Rear End,Motorcycle Driver,35 to 39,Major,,North,Motorcycle,Going Ahead,Driving Properly,Normal,,,,,,,,,Yes,Yes,,,,Yes,,,,,,30,Brookhaven-Amesbury,30,Brookhaven-Amesbury (30),D12,620554.983,4839951.8585
13719,80923087,,7/1/2017 8:00:00 AM,306,JANE ST,LAWRENCE AVE W,8 m North of,Major Arterial,Etobicoke York,43.702807,-79.503795,At Intersection,Traffic Signal,Clear,"Dark, artificial",Dry,Non-Fatal Injury,Rear End,Driver,65 to 69,None,,North,"Automobile, Station Wagon",Slowing or Stopping,Improper Lane Change,Inattentive,,,,,,,,,Yes,Yes,,,,Yes,,,,,,30,Brookhaven-Amesbury,30,Brookhaven-Amesbury (30),D12,620554.983,4839951.8585
13720,80923088,,7/1/2017 8:00:00 AM,306,JANE ST,LAWRENCE AVE W,8 m North of,Major Arterial,Etobicoke York,43.702807,-79.503795,At Intersection,Traffic Signal,Clear,"Dark, artificial",Dry,Non-Fatal Injury,Rear End,Passenger,20 to 24,None,,,,,,,,,,,,,,,Yes,Yes,,,,Yes,,,,,,30,Brookhaven-Amesbury,30,Brookhaven-Amesbury (30),D12,620554.983,4839951.8585
13721,80770146,,7/1/2017 8:00:00 AM,2240,THE WEST MALL,HOLIDAY DR,90 m North o,Minor Arterial,Etobicoke York,43.650077,-79.568996,Non Intersection,No Control,Clear,"Dark, artificial",Dry,Non-Fatal Injury,Pedestrian Collisions,Driver,40 to 44,None,,South,Pick Up Truck,Going Ahead,Driving Properly,Normal,,,,,,,Yes,,Yes,,,,,Yes,,,,,,13,Etobicoke West Mall,13,Etobicoke West Mall (13),D22,615402.4794,4834002.7586
13722,80770147,,7/1/2017 8:00:00 AM,2240,THE WEST MALL,HOLIDAY DR,90 m North o,Minor Arterial,Etobicoke York,43.650077,-79.568996,Non Intersection,No Control,Clear,"Dark, artificial",Dry,Non-Fatal Injury,Pedestrian Collisions,Passenger,20 to 24,None,,,,,,,,,,,,,Yes,,Yes,,,,,Yes,,,,,,13,Etobicoke West Mall,13,Etobicoke West Mall (13),D22,615402.4794,4834002.7586
13723,80770148,,7/1/2017 8:00:00 AM,2240,THE WEST MALL,HOLIDAY DR,90 m North o,Minor Arterial,Etobicoke York,43.650077,-79.568996,Non Intersection,No Control,Clear,"Dark, artificial",Dry,Non-Fatal Injury,Pedestrian Collisions,Passenger,30 to 34,None,,,,,,,,,,,,,Yes,,Yes,,,,,Yes,,,,,,13,Etobicoke West Mall,13,Etobicoke West Mall (13),D22,615402.4794,4834002.7586
13724,80770149,,7/1/2017 8:00:00 AM,2240,THE WEST MALL,HOLIDAY DR,90 m North o,Minor Arterial,Etobicoke York,43.650077,-79.568996,Non Intersection,No Control,Clear,"Dark, artificial",Dry,Non-Fatal Injury,Pedestrian Collisions,Passenger,10 to 14,None,,,,,,,,,,,,,Yes,,Yes,,,,,Yes,,,,,,13,Etobicoke West Mall,13,Etobicoke West Mall (13),D22,615402.4794,4834002.7586