OBJECTID,INDEX,ACCNUM,DATE,TIME,STREET1,STREET2,OFFSET,ROAD_CLASS,DISTRICT,LATITUDE,LONGITUDE,ACCLOC,TRAFFCTL,VISIBILITY,LIGHT,RDSFCOND,ACCLASS,IMPACTYPE,INVTYPE,INVAGE,INJURY,FATAL_NO,INITDIR,VEHTYPE,MANOEUVER,DRIVACT,DRIVCOND,PEDTYPE,PEDACT,PEDCOND,CYCLISTYPE,CYCACT,CYCCOND,PEDESTRIAN,CYCLIST,AUTOMOBILE,MOTORCYCLE,TRUCK,TRSN_CITY_VEH,EMERG_VEH,PASSENGER,SPEEDING,AG_DRIV,REDLIGHT,ALCOHOL,DISABILITY,HOOD_158,NEIGHBOURHOOD_158,HOOD_140,NEIGHBOURHOOD_140,DIVISION,x,y
13725,80770150,,7/1/2017 8:00:00 AM,2240,THE WEST MALL,HOLIDAY DR,90 m North o,Minor Arterial,Etobicoke York,43.650077,-79.568996,Non Intersection,No Control,Clear,"Dark, artificial",Dry,Non-Fatal Injury,Pedestrian Collisions,Pedestrian,15 to 19,Major,,West,,,,,Pedestrian hit at mid-block,"Crossing, no Traffic Control",Inattentive,,,,Yes,,Yes,,,,,Yes,,,,,,13,Etobicoke West Mall,13,Etobicoke West Mall (13),D22,615402.4794,4834002.7586
13726,80770151,,7/1/2017 8:00:00 AM,2240,THE WEST MALL,HOLIDAY DR,90 m North o,Minor Arterial,Etobicoke York,43.650077,-79.568996,Non Intersection,No Control,Clear,"Dark, artificial",Dry,Non-Fatal Injury,Pedestrian Collisions,Pedestrian,15 to 19,Major,,West,,,,,Pedestrian hit at mid-block,"Crossing, no Traffic Control",Inattentive,,,,Yes,,Yes,,,,,Yes,,,,,,13,Etobicoke West Mall,13,Etobicoke West Mall (13),D22,615402.4794,4834002.7586
13727,80791543,,7/3/2017 8:00:00 AM,1312,ST CLAIR AVE W,AVENUE RD,,Major Arterial,Toronto and East York,43.686568,-79.401454,At Intersection,Traffic Signal,Clear,Daylight,Dry,Non-Fatal Injury,Cyclist Collisions,Cyclist,55 to 59,Major,,East,Bicycle,Turning Left,,,,,,Cyclist turned left across motorists path.,Improper Turn,Normal,,Yes,,,,Yes,,,,,,,,97,Yonge-St.Clair,97,Yonge-St.Clair (97),D53,628835.8372,4838302.1975
13728,80791544,,7/3/2017 8:00:00 AM,1312,ST CLAIR AVE W,AVENUE RD,,Major Arterial,Toronto and East York,43.686568,-79.401454,At Intersection,Traffic Signal,Clear,Daylight,Dry,Non-Fatal Injury,Cyclist Collisions,Driver,45 to 49,None,,East,Street Car,Going Ahead,Driving Properly,Inattentive,,,,,,,,Yes,,,,Yes,,,,,,,,97,Yonge-St.Clair,97,Yonge-St.Clair (97),D53,628835.8372,4838302.1975
13729,80769811,,7/6/2017 8:00:00 AM,835,DIXON  RD,SKYWAY  AVE,,Major Arterial,Etobicoke York,43.687876,-79.58678,At Intersection,Traffic Signal,Clear,Daylight,Dry,Non-Fatal Injury,Cyclist Collisions,Driver,20 to 24,Major,,North,"Automobile, Station Wagon",Turning Right,Failed to Yield Right of Way,Inattentive,,,,,,,,Yes,Yes,,,,,,,Yes,,,,1,West Humber-Clairville,1,West Humber-Clairville (1),D23,613896.7761,4838176.2507
13730,80769812,,7/6/2017 8:00:00 AM,835,DIXON  RD,SKYWAY  AVE,,Major Arterial,Etobicoke York,43.687876,-79.58678,At Intersection,Traffic Signal,Clear,Daylight,Dry,Non-Fatal Injury,Cyclist Collisions,Cyclist,20 to 24,None,,West,Bicycle,Going Ahead,,,,,,Motorist turning right on red at signalized intersection strikes cyclist.,Other,Normal,,Yes,Yes,,,,,,,Yes,,,,1,West Humber-Clairville,1,West Humber-Clairville (1),D23,613896.7761,4838176.2507
13731,80769940,,7/6/2017 8:00:00 AM,1547,DANFORTH AVE,MAIN ST,90 m West of,Major Arterial,Toronto and East York,43.687918,-79.302562,At/Near Private Drive,No Control,Clear,Daylight,Dry,Non-Fatal Injury,Cyclist Collisions,Driver,55 to 59,None,,West,"Automobile, Station Wagon",Turning Left,Failed to Yield Right of Way,Inattentive,,,,,,,,Yes,Yes,,,,,,,Yes,,,,62,East End-Danforth,62,East End-Danforth (62),D55,636803.1207,4838610.5238
13732,80769941,,7/6/2017 8:00:00 AM,1547,DANFORTH AVE,MAIN ST,90 m West of,Major Arterial,Toronto and East York,43.687918,-79.302562,At/Near Private Drive,No Control,Clear,Daylight,Dry,Non-Fatal Injury,Cyclist Collisions,Cyclist,50 to 54,Major,,East,Bicycle,Going Ahead,,,,,,Motorist turned left across cyclists path.,Driving Properly,Normal,,Yes,Yes,,,,,,,Yes,,,,62,East End-Danforth,62,East End-Danforth (62),D55,636803.1207,4838610.5238
13733,80769954,,7/6/2017 8:00:00 AM,2300,HIGHWAY 27  N,QUEENS PLATE DR,,Major Arterial,Etobicoke York,43.72275,-79.598026,At Intersection,Traffic Signal,Clear,Dark,Dry,Non-Fatal Injury,Turning Movement,Driver,60 to 64,None,,North,"Automobile, Station Wagon",Turning Left,Failed to Yield Right of Way,Normal,,,,,,,,,Yes,Yes,,,,,,Yes,,,,1,West Humber-Clairville,1,West Humber-Clairville (1),D23,612924.9146,4842034.0987
13734,80769955,,7/6/2017 8:00:00 AM,2300,HIGHWAY 27  N,QUEENS PLATE DR,,Major Arterial,Etobicoke York,43.72275,-79.598026,At Intersection,Traffic Signal,Clear,Dark,Dry,Non-Fatal Injury,Turning Movement,Motorcycle Driver,30 to 34,Major,,South,Motorcycle,Going Ahead,Driving Properly,Normal,,,,,,,,,Yes,Yes,,,,,,Yes,,,,1,West Humber-Clairville,1,West Humber-Clairville (1),D23,612924.9146,4842034.0987
13735,80917332,,7/8/2017 8:00:00 AM,1900,KIPLING  AVE,CLEMENT RD,,Major Arterial,Etobicoke York,43.681307,-79.552768,At Intersection,Traffic Signal,Clear,Daylight,Dry,Non-Fatal Injury,Turning Movement,Driver,75 to 79,Minimal,,North,"Automobile, Station Wagon",Turning Left,Improper Turn,Normal,,,,,,,,,Yes,Yes,,,,,Yes,Yes,,,,7,Willowridge-Martingrove-Richview,7,Willowridge-Martingrove-Richview (7),D23,616650.6835,4837493.9492
13736,80917333,,7/8/2017 8:00:00 AM,1900,KIPLING  AVE,CLEMENT RD,,Major Arterial,Etobicoke York,43.681307,-79.552768,At Intersection,Traffic Signal,Clear,Daylight,Dry,Non-Fatal Injury,Turning Movement,Motorcycle Driver,20 to 24,Major,,South,Motorcycle,Going Ahead,Speed too Fast For Condition,Unknown,,,,,,,,,Yes,Yes,,,,,Yes,Yes,,,,7,Willowridge-Martingrove-Richview,7,Willowridge-Martingrove-Richview (7),D23,616650.6835,4837493.9492
13737,80757124,,7/8/2017 8:00:00 AM,2007,BAYVIEW AVE,BLOOR W BAYVIEW N RAMP,240 m North ,Major Arterial,Toronto and East York,43.680995,-79.36806,Non Intersection,No Control,Clear,Daylight,Dry,Fatal,Turning Movement,Motorcycle Driver,35 to 39,Fatal,29,North,Motorcycle,Going Ahead,Driving Properly,Normal,,,,,,,,,Yes,Yes,,,,,,,,,,98,Rosedale-Moore Park,98,Rosedale-Moore Park (98),D53,631539.4555,4837735.6611
13738,80757125,,7/8/2017 8:00:00 AM,2007,BAYVIEW AVE,BLOOR W BAYVIEW N RAMP,240 m North ,Major Arterial,Toronto and East York,43.680995,-79.36806,Non Intersection,No Control,Clear,Daylight,Dry,Fatal,Turning Movement,Driver,35 to 39,Minimal,,North,"Automobile, Station Wagon",Making U Turn,Improper Turn,Normal,,,,,,,,,Yes,Yes,,,,,,,,,,98,Rosedale-Moore Park,98,Rosedale-Moore Park (98),D53,631539.4555,4837735.6611
13739,80757180,,7/8/2017 8:00:00 AM,2007,BAYVIEW AVE,BLOOR W BAYVIEW N RAMP,240 m North ,Major Arterial,Toronto and East York,43.680995,-79.36806,Non Intersection,No Control,Clear,Daylight,Dry,Fatal,Turning Movement,Motorcycle Driver,45 to 49,Minimal,,North,Motorcycle,Going Ahead,Driving Properly,Normal,,,,,,,,,Yes,Yes,,,,,,,,,,98,Rosedale-Moore Park,98,Rosedale-Moore Park (98),D53,631539.4555,4837735.6611
13740,80779712,,7/10/2017 8:00:00 AM,1200,LYNVALLEY CRES,VICTORIA PARK AVE,,Major Arterial,North York,43.747889,-79.311778,At Intersection,Traffic Signal,Clear,"Daylight, artificial",Dry,Non-Fatal Injury,Pedestrian Collisions,Driver,40 to 44,None,,East,"Automobile, Station Wagon",Turning Left,Failed to Yield Right of Way,Inattentive,,,,,,,Yes,,Yes,,,,,,,Yes,,,,119,Wexford/Maryvale,119,Wexford/Maryvale (119),D41,635924.6853,4845256.0108
13741,80779713,,7/10/2017 8:00:00 AM,1200,LYNVALLEY CRES,VICTORIA PARK AVE,,Major Arterial,North York,43.747889,-79.311778,At Intersection,Traffic Signal,Clear,"Daylight, artificial",Dry,Non-Fatal Injury,Pedestrian Collisions,Pedestrian,50 to 54,Major,,West,,,,,Vehicle turns left while ped crosses with ROW at inter.,Crossing with right of way,Normal,,,,Yes,,Yes,,,,,,,Yes,,,,119,Wexford/Maryvale,119,Wexford/Maryvale (119),D41,635924.6853,4845256.0108
13742,80913035,,7/10/2017 8:00:00 AM,1250,DON MILLS RD,MCNICOLL AVE,,Major Arterial,North York,43.799536,-79.354099,At Intersection,Traffic Signal,Clear,Daylight,Dry,Non-Fatal Injury,Turning Movement,Passenger,10 to 14,Major,,,,,,,,,,,,,,,Yes,,,,,Yes,,,,,,48,Hillcrest Village,48,Hillcrest Village (48),D33,632403.2092,4850923.6306
13743,80913036,,7/10/2017 8:00:00 AM,1250,DON MILLS RD,MCNICOLL AVE,,Major Arterial,North York,43.799536,-79.354099,At Intersection,Traffic Signal,Clear,Daylight,Dry,Non-Fatal Injury,Turning Movement,Passenger,60 to 64,None,,,,,,,,,,,,,,,Yes,,,,,Yes,,,,,,48,Hillcrest Village,48,Hillcrest Village (48),D33,632403.2092,4850923.6306
13744,80913037,,7/10/2017 8:00:00 AM,1250,DON MILLS RD,MCNICOLL AVE,,Major Arterial,North York,43.799536,-79.354099,At Intersection,Traffic Signal,Clear,Daylight,Dry,Non-Fatal Injury,Turning Movement,Passenger,15 to 19,None,,,,,,,,,,,,,,,Yes,,,,,Yes,,,,,,48,Hillcrest Village,48,Hillcrest Village (48),D33,632403.2092,4850923.6306
13745,80913038,,7/10/2017 8:00:00 AM,1250,DON MILLS RD,MCNICOLL AVE,,Major Arterial,North York,43.799536,-79.354099,At Intersection,Traffic Signal,Clear,Daylight,Dry,Non-Fatal Injury,Turning Movement,Driver,55 to 59,Minor,,South,"Automobile, Station Wagon",Going Ahead,Driving Properly,Normal,,,,,,,,,Yes,,,,,Yes,,,,,,48,Hillcrest Village,48,Hillcrest Village (48),D33,632403.2092,4850923.6306
13746,80913039,,7/10/2017 8:00:00 AM,1250,DON MILLS RD,MCNICOLL AVE,,Major Arterial,North York,43.799536,-79.354099,At Intersection,Traffic Signal,Clear,Daylight,Dry,Non-Fatal Injury,Turning Movement,Driver,35 to 39,None,,North,Pick Up Truck,Turning Left,Improper Turn,Normal,,,,,,,,,Yes,,,,,Yes,,,,,,48,Hillcrest Village,48,Hillcrest Village (48),D33,632403.2092,4850923.6306
13747,80773380,,7/12/2017 8:00:00 AM,1612,BROADVIEW AVE,DUNDAS ST E,120 m South ,Minor Arterial,Toronto and East York,43.661425,-79.350917,Non Intersection,No Control,Rain,Daylight,Wet,Non-Fatal Injury,SMV Other,Motorcycle Driver,45 to 49,Major,,North,Motorcycle,Going Ahead,Lost control,Normal,,,,,,,,,,Yes,,,,,,,,,,70,South Riverdale,70,South Riverdale (70),D55,632964.459,4835589.4791
13748,80772894,,7/15/2017 8:00:00 AM,1335,538 MCLEVIN AVE,,107 m East o,Minor Arterial,Scarborough,43.810435,-79.216625,At/Near Private Drive,No Control,Clear,Daylight,Dry,Non-Fatal Injury,Pedestrian Collisions,Driver,35 to 39,None,,East,"Automobile, Station Wagon",Turning Left,Failed to Yield Right of Way,Inattentive,,,,,,,Yes,,Yes,,,,,Yes,,Yes,,,,146,Malvern East,132,Malvern (132),D42,643436.2313,4852363.2777
13749,80772895,,7/15/2017 8:00:00 AM,1335,538 MCLEVIN AVE,,107 m East o,Minor Arterial,Scarborough,43.810435,-79.216625,At/Near Private Drive,No Control,Clear,Daylight,Dry,Non-Fatal Injury,Pedestrian Collisions,Driver,30 to 34,Minimal,,West,"Automobile, Station Wagon",Going Ahead,Driving Properly,Normal,,,,,,,Yes,,Yes,,,,,Yes,,Yes,,,,146,Malvern East,132,Malvern (132),D42,643436.2313,4852363.2777
13750,80772896,,7/15/2017 8:00:00 AM,1335,538 MCLEVIN AVE,,107 m East o,Minor Arterial,Scarborough,43.810435,-79.216625,At/Near Private Drive,No Control,Clear,Daylight,Dry,Non-Fatal Injury,Pedestrian Collisions,Pedestrian,unknown,Major,,Unknown,,,,,Pedestrian hit at private driveway,On Sidewalk or Shoulder,Normal,,,,Yes,,Yes,,,,,Yes,,Yes,,,,146,Malvern East,132,Malvern (132),D42,643436.2313,4852363.2777
13751,80772897,,7/15/2017 8:00:00 AM,1335,538 MCLEVIN AVE,,107 m East o,Minor Arterial,Scarborough,43.810435,-79.216625,At/Near Private Drive,No Control,Clear,Daylight,Dry,Non-Fatal Injury,Pedestrian Collisions,Passenger,30 to 34,None,,,,,,,,,,,,,Yes,,Yes,,,,,Yes,,Yes,,,,146,Malvern East,132,Malvern (132),D42,643436.2313,4852363.2777
13752,80788534,,7/16/2017 8:00:00 AM,1045,HIGHWAY 27  N,BELFIELD RD,500 m North ,Major Arterial,Etobicoke York,43.702597,-79.58858,Non Intersection,No Control,Clear,Daylight,Dry,Non-Fatal Injury,SMV Other,Motorcycle Driver,35 to 39,Major,,North,Motorcycle,Going Ahead,Lost control,Normal,,,,,,,,,,Yes,,,,,Yes,Yes,,,,1,West Humber-Clairville,1,West Humber-Clairville (1),D23,613723.8773,4839808.7448
13753,80901160,,7/16/2017 8:00:00 AM,2033,1450 CASTLEFIELD AVE,,20 m West of,Collector,Etobicoke York,43.697581,-79.466968,Non Intersection,No Control,Clear,Daylight,Dry,Non-Fatal Injury,Sideswipe,Motorcycle Driver,25 to 29,Major,,West,Motorcycle,Going Ahead,Driving Properly,Normal,,,,,,,,,,Yes,,,,,Yes,Yes,,,,112,Beechborough-Greenbrook,112,Beechborough-Greenbrook (112),D12,623533.0331,4839425.6482
13754,80901161,,7/16/2017 8:00:00 AM,2033,1450 CASTLEFIELD AVE,,20 m West of,Collector,Etobicoke York,43.697581,-79.466968,Non Intersection,No Control,Clear,Daylight,Dry,Non-Fatal Injury,Sideswipe,Motorcycle Driver,unknown,None,,West,Motorcycle,Going Ahead,Lost control,Unknown,,,,,,,,,,Yes,,,,,Yes,Yes,,,,112,Beechborough-Greenbrook,112,Beechborough-Greenbrook (112),D12,623533.0331,4839425.6482
13755,80773465,,7/18/2017 8:00:00 AM,737,YONGE ST,CAMERON AVE,40 m North o,Major Arterial,North York,43.757689,-79.409946,Non Intersection,No Control,Clear,Daylight,Dry,Non-Fatal Injury,Cyclist Collisions,Truck Driver,55 to 59,None,,South,Truck - Dump,Changing Lanes,Improper Lane Change,Inattentive,,,,,,,,Yes,,,Yes,,,,,,,,,153,Avondale,51,Willowdale East (51),D32,627999.8633,4846188.0462
13756,80773466,,7/18/2017 8:00:00 AM,737,YONGE ST,CAMERON AVE,40 m North o,Major Arterial,North York,43.757689,-79.409946,Non Intersection,No Control,Clear,Daylight,Dry,Non-Fatal Injury,Cyclist Collisions,Cyclist,40 to 44,Major,,South,Bicycle,Going Ahead,,,,,,Cyclist and Driver travelling in same direction. One vehicle sideswipes the other.,Driving Properly,Normal,,Yes,,,Yes,,,,,,,,,153,Avondale,51,Willowdale East (51),D32,627999.8633,4846188.0462
13757,80773471,,7/18/2017 8:00:00 AM,825,VICTORIA PARK AVE,FINCH AVE E,,Major Arterial,North York,43.793036,-79.331371,At Intersection,Traffic Signal,Clear,Daylight,Dry,Non-Fatal Injury,Pedestrian Collisions,Driver,35 to 39,None,,South,Delivery Van,Going Ahead,Driving Properly,Normal,,,,,,,Yes,,Yes,,,,,Yes,,,,,,147,L'Amoreaux West,117,L'Amoreaux (117),D42,634246.1187,4850238.3162
13758,80773472,,7/18/2017 8:00:00 AM,825,VICTORIA PARK AVE,FINCH AVE E,,Major Arterial,North York,43.793036,-79.331371,At Intersection,Traffic Signal,Clear,Daylight,Dry,Non-Fatal Injury,Pedestrian Collisions,Pedestrian,15 to 19,Major,,East,,,,,Vehicle is going straight thru inter.while ped cross without ROW,Crossing without right of way,Inattentive,,,,Yes,,Yes,,,,,Yes,,,,,,147,L'Amoreaux West,117,L'Amoreaux (117),D42,634246.1187,4850238.3162
13759,80773473,,7/18/2017 8:00:00 AM,825,VICTORIA PARK AVE,FINCH AVE E,,Major Arterial,North York,43.793036,-79.331371,At Intersection,Traffic Signal,Clear,Daylight,Dry,Non-Fatal Injury,Pedestrian Collisions,Passenger,45 to 49,None,,,,,,,,,,,,,Yes,,Yes,,,,,Yes,,,,,,147,L'Amoreaux West,117,L'Amoreaux (117),D42,634246.1187,4850238.3162
13760,80757181,,7/18/2017 8:00:00 AM,1054,EGLINTON AVE E,MIDLAND AVE,150 m West o,Major Arterial,Scarborough,43.734023,-79.260021,Non Intersection,No Control,Clear,Daylight,Dry,Fatal,Pedestrian Collisions,Pedestrian,70 to 74,Fatal,30,Unknown,,,,,Pedestrian involved in a collision with transit vehicle anywhere along roadway,Person Getting on/off Vehicle,Normal,,,,Yes,,,,,Yes,,,,,,,,124,Kennedy Park,124,Kennedy Park (124),D41,640124.2165,4843802.2151
13761,80757190,,7/18/2017 8:00:00 AM,1054,EGLINTON AVE E,MIDLAND AVE,150 m West o,Major Arterial,Scarborough,43.734023,-79.260021,Non Intersection,No Control,Clear,Daylight,Dry,Fatal,Pedestrian Collisions,Driver,55 to 59,None,,West,Municipal Transit Bus (TTC),Pulling Away from Shoulder or Curb,Other,Inattentive,,,,,,,Yes,,,,,Yes,,,,,,,,124,Kennedy Park,124,Kennedy Park (124),D41,640124.2165,4843802.2151
13762,80757191,,7/18/2017 8:00:00 AM,1504,BLOOR ST W,JANE ST,,Major Arterial,Toronto and East York,43.64926,-79.484439,At Intersection,Traffic Signal,Clear,Daylight,Dry,Fatal,Rear End,Motorcycle Driver,70 to 74,Fatal,31,East,Motorcycle,Going Ahead,Driving Properly,Unknown,,,,,,,,,,Yes,Yes,,,,,,,,,87,High Park-Swansea,87,High Park-Swansea (87),D11,622223.2438,4834033.0786
13763,80757198,,7/18/2017 8:00:00 AM,1504,BLOOR ST W,JANE ST,,Major Arterial,Toronto and East York,43.64926,-79.484439,At Intersection,Traffic Signal,Clear,Daylight,Dry,Fatal,Rear End,Truck Driver,40 to 44,None,,East,Truck - Dump,Going Ahead,Other,Normal,,,,,,,,,,Yes,Yes,,,,,,,,,87,High Park-Swansea,87,High Park-Swansea (87),D11,622223.2438,4834033.0786
13764,80942161,,7/18/2017 8:00:00 AM,2115,BATHURST ST,BRENTHALL AVE,20 m  of,Major Arterial,North York,43.774478,-79.443141,At Intersection,Stop Sign,Clear,"Daylight, artificial",Dry,Non-Fatal Injury,Turning Movement,Motorcycle Driver,45 to 49,Major,,North,Motorcycle,Going Ahead,Driving Properly,Normal,,,,,,,,,Yes,Yes,,,,,,,,,,36,Newtonbrook West,36,Newtonbrook West (36),D32,625292.5754,4848001.9508
13765,80942162,,7/18/2017 8:00:00 AM,2115,BATHURST ST,BRENTHALL AVE,20 m  of,Major Arterial,North York,43.774478,-79.443141,At Intersection,Stop Sign,Clear,"Daylight, artificial",Dry,Non-Fatal Injury,Turning Movement,Driver,unknown,None,,West,"Automobile, Station Wagon",Turning Left,Improper Turn,Unknown,,,,,,,,,Yes,Yes,,,,,,,,,,36,Newtonbrook West,36,Newtonbrook West (36),D32,625292.5754,4848001.9508
13766,80925535,,7/19/2017 8:00:00 AM,1548,SPADINA RD,MACPHERSON AVE,7 m East of,Minor Arterial,Toronto and East York,43.675795,-79.407451,At Intersection,No Control,Clear,Daylight,Dry,Non-Fatal Injury,Turning Movement,Driver,25 to 29,None,,South,"Automobile, Station Wagon",Going Ahead,Driving Properly,Normal,,,,,,,,,Yes,,,,,,,Yes,,,,96,Casa Loma,96,Casa Loma (96),D53,628375.4748,4837096.4101
13767,80925536,,7/19/2017 8:00:00 AM,1548,SPADINA RD,MACPHERSON AVE,7 m East of,Minor Arterial,Toronto and East York,43.675795,-79.407451,At Intersection,No Control,Clear,Daylight,Dry,Non-Fatal Injury,Turning Movement,Driver,10 to 14,Major,,North,Other,Turning Left,Improper Turn,Normal,,,,,,,,,Yes,,,,,,,Yes,,,,96,Casa Loma,96,Casa Loma (96),D53,628375.4748,4837096.4101
13768,80890669,,7/19/2017 8:00:00 AM,1659,ELLESMERE RD,KENNEDY RD,,Major Arterial,Scarborough,43.765731,-79.28104,At Intersection,Traffic Signal,Clear,Daylight,Dry,Non-Fatal Injury,Other,Passenger,55 to 59,Major,,,,,,,,,,,,,,,,,,Yes,,Yes,,,,,,126,Dorset Park,126,Dorset Park (126),D41,638358.4083,4847288.5359
13769,80890670,,7/19/2017 8:00:00 AM,1659,ELLESMERE RD,KENNEDY RD,,Major Arterial,Scarborough,43.765731,-79.28104,At Intersection,Traffic Signal,Clear,Daylight,Dry,Non-Fatal Injury,Other,Driver,35 to 39,None,,West,Municipal Transit Bus (TTC),Pulling Away from Shoulder or Curb,Driving Properly,Normal,,,,,,,,,,,,Yes,,Yes,,,,,,126,Dorset Park,126,Dorset Park (126),D41,638358.4083,4847288.5359
13770,80773902,,7/20/2017 8:00:00 AM,624,BREMNER BLVD,SPADINA AVE,,Major Arterial,Toronto and East York,43.64049,-79.392963,At Intersection,Traffic Signal,Clear,Daylight,Dry,Non-Fatal Injury,Pedestrian Collisions,Driver,20 to 24,None,,West,"Automobile, Station Wagon",Going Ahead,Driving Properly,Normal,,,,,,,Yes,,Yes,,,,,,,,,,,165,Harbourfront-CityPlace,77,Waterfront Communities-The Island (77),D52,629619.3096,4833197.8481
13771,80773903,,7/20/2017 8:00:00 AM,624,BREMNER BLVD,SPADINA AVE,,Major Arterial,Toronto and East York,43.64049,-79.392963,At Intersection,Traffic Signal,Clear,Daylight,Dry,Non-Fatal Injury,Pedestrian Collisions,Pedestrian,30 to 34,Major,,North,,,,,Vehicle is going straight thru inter.while ped cross without ROW,Crossing without right of way,Normal,,,,Yes,,Yes,,,,,,,,,,,165,Harbourfront-CityPlace,77,Waterfront Communities-The Island (77),D52,629619.3096,4833197.8481
13772,80772923,,7/22/2017 8:00:00 AM,2134,ALBION RD,ISLINGTON AVE,,Major Arterial,Etobicoke York,43.737166,-79.565257,At Intersection,Traffic Signal,Rain,"Dark, artificial",Wet,Non-Fatal Injury,Turning Movement,Driver,45 to 49,None,,East,"Automobile, Station Wagon",Turning Left,Improper Turn,Inattentive,,,,,,,,,Yes,Yes,,,,Yes,,,,,,3,Thistletown-Beaumond Heights,3,Thistletown-Beaumond Heights (3),D23,615536.6595,4843680.3692
13773,80772924,,7/22/2017 8:00:00 AM,2134,ALBION RD,ISLINGTON AVE,,Major Arterial,Etobicoke York,43.737166,-79.565257,At Intersection,Traffic Signal,Rain,"Dark, artificial",Wet,Non-Fatal Injury,Turning Movement,Motorcycle Driver,55 to 59,Major,,West,Motorcycle,Going Ahead,Driving Properly,Normal,,,,,,,,,Yes,Yes,,,,Yes,,,,,,3,Thistletown-Beaumond Heights,3,Thistletown-Beaumond Heights (3),D23,615536.6595,4843680.3692
13774,80772925,,7/22/2017 8:00:00 AM,2134,ALBION RD,ISLINGTON AVE,,Major Arterial,Etobicoke York,43.737166,-79.565257,At Intersection,Traffic Signal,Rain,"Dark, artificial",Wet,Non-Fatal Injury,Turning Movement,Passenger,45 to 49,Minimal,,,,,,,,,,,,,,,Yes,Yes,,,,Yes,,,,,,3,Thistletown-Beaumond Heights,3,Thistletown-Beaumond Heights (3),D23,615536.6595,4843680.3692
13775,80772926,,7/22/2017 8:00:00 AM,2134,ALBION RD,ISLINGTON AVE,,Major Arterial,Etobicoke York,43.737166,-79.565257,At Intersection,Traffic Signal,Rain,"Dark, artificial",Wet,Non-Fatal Injury,Turning Movement,Passenger,5 to 9,None,,,,,,,,,,,,,,,Yes,Yes,,,,Yes,,,,,,3,Thistletown-Beaumond Heights,3,Thistletown-Beaumond Heights (3),D23,615536.6595,4843680.3692
13776,80757070,,7/22/2017 8:00:00 AM,2305,SCARBOROUGH GOLF CLUB RD,LAWRENCE AVE E,95 m South o,Minor Arterial,Scarborough,43.760802,-79.215762,Non Intersection,No Control,Clear,"Dark, artificial",Dry,Fatal,Pedestrian Collisions,Passenger,45 to 49,None,,,,,,,,,,,,,Yes,,Yes,,,,,Yes,,,,,,141,Golfdale-Cedarbrae-Woburn,137,Woburn (137),D43,643624.467,4846852.2373
13777,80757199,,7/22/2017 8:00:00 AM,2305,SCARBOROUGH GOLF CLUB RD,LAWRENCE AVE E,95 m South o,Minor Arterial,Scarborough,43.760802,-79.215762,Non Intersection,No Control,Clear,"Dark, artificial",Dry,Fatal,Pedestrian Collisions,Pedestrian,80 to 84,Fatal,32,East,,,,,Pedestrian hit at mid-block,"Crossing, no Traffic Control",Normal,,,,Yes,,Yes,,,,,Yes,,,,,,141,Golfdale-Cedarbrae-Woburn,137,Woburn (137),D43,643624.467,4846852.2373
13778,80757200,,7/22/2017 8:00:00 AM,2305,SCARBOROUGH GOLF CLUB RD,LAWRENCE AVE E,95 m South o,Minor Arterial,Scarborough,43.760802,-79.215762,Non Intersection,No Control,Clear,"Dark, artificial",Dry,Fatal,Pedestrian Collisions,Driver,25 to 29,None,,North,"Automobile, Station Wagon",Going Ahead,Driving Properly,Normal,,,,,,,Yes,,Yes,,,,,Yes,,,,,,141,Golfdale-Cedarbrae-Woburn,137,Woburn (137),D43,643624.467,4846852.2373
13779,80757201,,7/22/2017 8:00:00 AM,2305,SCARBOROUGH GOLF CLUB RD,LAWRENCE AVE E,95 m South o,Minor Arterial,Scarborough,43.760802,-79.215762,Non Intersection,No Control,Clear,"Dark, artificial",Dry,Fatal,Pedestrian Collisions,Passenger,20 to 24,None,,,,,,,,,,,,,Yes,,Yes,,,,,Yes,,,,,,141,Golfdale-Cedarbrae-Woburn,137,Woburn (137),D43,643624.467,4846852.2373
13780,80907679,,7/23/2017 8:00:00 AM,620,114 TORYORK  DR,,20 m East of,Collector,Etobicoke York,43.756503,-79.551357,Non Intersection,No Control,Clear,Dawn,Dry,Non-Fatal Injury,SMV Other,Driver,30 to 34,Major,,East,"Automobile, Station Wagon",Going Ahead,Lost control,Unknown,,,,,,,,,Yes,,,,,,Yes,Yes,,,,21,Humber Summit,21,Humber Summit (21),D31,616618.4482,4845847.4986
13781,80773433,,7/26/2017 8:00:00 AM,746,LAWRENCE AVE E,CARNFORTH RD,20 m East of,Major Arterial,North York,43.741427,-79.314204,At Intersection,Traffic Signal,Clear,Daylight,Dry,Non-Fatal Injury,Rear End,Motorcycle Driver,50 to 54,Major,,West,Motorcycle,Going Ahead,Following too Close,Normal,,,,,,,,,Yes,Yes,,,,,,Yes,,,,43,Victoria Village,43,Victoria Village (43),D33,635743.9627,4844534.3309
13782,80773434,,7/26/2017 8:00:00 AM,746,LAWRENCE AVE E,CARNFORTH RD,20 m East of,Major Arterial,North York,43.741427,-79.314204,At Intersection,Traffic Signal,Clear,Daylight,Dry,Non-Fatal Injury,Rear End,Driver,20 to 24,None,,West,"Automobile, Station Wagon",Slowing or Stopping,Driving Properly,Normal,,,,,,,,,Yes,Yes,,,,,,Yes,,,,43,Victoria Village,43,Victoria Village (43),D33,635743.9627,4844534.3309