OBJECTID,INDEX,ACCNUM,DATE,TIME,STREET1,STREET2,OFFSET,ROAD_CLASS,DISTRICT,LATITUDE,LONGITUDE,ACCLOC,TRAFFCTL,VISIBILITY,LIGHT,RDSFCOND,ACCLASS,IMPACTYPE,INVTYPE,INVAGE,INJURY,FATAL_NO,INITDIR,VEHTYPE,MANOEUVER,DRIVACT,DRIVCOND,PEDTYPE,PEDACT,PEDCOND,CYCLISTYPE,CYCACT,CYCCOND,PEDESTRIAN,CYCLIST,AUTOMOBILE,MOTORCYCLE,TRUCK,TRSN_CITY_VEH,EMERG_VEH,PASSENGER,SPEEDING,AG_DRIV,REDLIGHT,ALCOHOL,DISABILITY,HOOD_158,NEIGHBOURHOOD_158,HOOD_140,NEIGHBOURHOOD_140,DIVISION,x,y
13842,80927111,,8/13/2017 8:00:00 AM,237,JANE ST,SHOREHAM DR,,Major Arterial,Etobicoke York,43.768756,-79.520358,At Intersection,Traffic Signal,Clear,"Dark, artificial",Dry,Non-Fatal Injury,Turning Movement,Driver,20 to 24,None,,North,"Automobile, Station Wagon",Going Ahead,Driving Properly,Normal,,,,,,,,,Yes,,,,,,,Yes,,Yes,,24,Black Creek,24,Black Creek (24),D31,619089.6298,4847252.4884
13843,80927112,,8/13/2017 8:00:00 AM,237,JANE ST,SHOREHAM DR,,Major Arterial,Etobicoke York,43.768756,-79.520358,At Intersection,Traffic Signal,Clear,"Dark, artificial",Dry,Non-Fatal Injury,Turning Movement,Driver,25 to 29,Major,,South,"Automobile, Station Wagon",Turning Left,Failed to Yield Right of Way,"Ability Impaired, Alcohol",,,,,,,,,Yes,,,,,,,Yes,,Yes,,24,Black Creek,24,Black Creek (24),D31,619089.6298,4847252.4884
13844,80780723,,8/14/2017 8:00:00 AM,900,VICTORIA PARK AVE,EDGE PARK AVE,15 m South o,Major Arterial,Toronto and East York,43.717787,-79.299754,Intersection Related,No Control,Clear,Daylight,Dry,Non-Fatal Injury,Rear End,Driver,65 to 69,Major,,North,"Automobile, Station Wagon",Going Ahead,Lost control,Inattentive,,,,,,,,,Yes,,,,,Yes,,,,,,120,Clairlea-Birchmount,120,Clairlea-Birchmount (120),D41,636961.395,4841932.5389
13845,80780724,,8/14/2017 8:00:00 AM,900,VICTORIA PARK AVE,EDGE PARK AVE,15 m South o,Major Arterial,Toronto and East York,43.717787,-79.299754,Intersection Related,No Control,Clear,Daylight,Dry,Non-Fatal Injury,Rear End,Driver,25 to 29,Minor,,North,"Automobile, Station Wagon",Stopped,Driving Properly,Normal,,,,,,,,,Yes,,,,,Yes,,,,,,120,Clairlea-Birchmount,120,Clairlea-Birchmount (120),D41,636961.395,4841932.5389
13846,80780725,,8/14/2017 8:00:00 AM,900,VICTORIA PARK AVE,EDGE PARK AVE,15 m South o,Major Arterial,Toronto and East York,43.717787,-79.299754,Intersection Related,No Control,Clear,Daylight,Dry,Non-Fatal Injury,Rear End,Passenger,30 to 34,Minimal,,,,,,,,,,,,,,,Yes,,,,,Yes,,,,,,120,Clairlea-Birchmount,120,Clairlea-Birchmount (120),D41,636961.395,4841932.5389
13847,80757205,,8/15/2017 8:00:00 AM,407,DUNDAS ST E,SHERBOURNE ST,38 m East of,Major Arterial,Toronto and East York,43.658351,-79.370532,Non Intersection,No Control,Rain,"Dark, artificial",Wet,Fatal,Pedestrian Collisions,Pedestrian,45 to 49,Fatal,35,Unknown,,,,,Pedestrian hit at mid-block,Other,Medical or Physical Disability,,,,Yes,,Yes,,,,,,,,,,,73,Moss Park,73,Moss Park (73),D51,631389.6026,4835216.8217
13848,80780913,,8/15/2017 8:00:00 AM,407,DUNDAS ST E,SHERBOURNE ST,38 m East of,Major Arterial,Toronto and East York,43.658351,-79.370532,Non Intersection,No Control,Rain,"Dark, artificial",Wet,Fatal,Pedestrian Collisions,Driver,unknown,None,,East,"Automobile, Station Wagon",Going Ahead,Other,Unknown,,,,,,,Yes,,Yes,,,,,,,,,,,73,Moss Park,73,Moss Park (73),D51,631389.6026,4835216.8217
13849,80921623,,8/15/2017 8:00:00 AM,1700,FAYWOOD  BLVD,WILSON AVE,,Major Arterial,North York,43.734683,-79.446399,At Intersection,Stop Sign,Clear,Daylight,Dry,Non-Fatal Injury,Turning Movement,Passenger,65 to 69,Minor,,,,,,,,,,,,,,,Yes,,,Yes,,Yes,,,,,,33,Clanton Park,33,Clanton Park (33),D32,625113.2785,4843577.2009
13850,80921624,,8/15/2017 8:00:00 AM,1700,FAYWOOD  BLVD,WILSON AVE,,Major Arterial,North York,43.734683,-79.446399,At Intersection,Stop Sign,Clear,Daylight,Dry,Non-Fatal Injury,Turning Movement,Passenger,5 to 9,Minimal,,,,,,,,,,,,,,,Yes,,,Yes,,Yes,,,,,,33,Clanton Park,33,Clanton Park (33),D32,625113.2785,4843577.2009
13851,80921625,,8/15/2017 8:00:00 AM,1700,FAYWOOD  BLVD,WILSON AVE,,Major Arterial,North York,43.734683,-79.446399,At Intersection,Stop Sign,Clear,Daylight,Dry,Non-Fatal Injury,Turning Movement,Passenger,5 to 9,Minimal,,,,,,,,,,,,,,,Yes,,,Yes,,Yes,,,,,,33,Clanton Park,33,Clanton Park (33),D32,625113.2785,4843577.2009
13852,80921626,,8/15/2017 8:00:00 AM,1700,FAYWOOD  BLVD,WILSON AVE,,Major Arterial,North York,43.734683,-79.446399,At Intersection,Stop Sign,Clear,Daylight,Dry,Non-Fatal Injury,Turning Movement,Passenger,35 to 39,Major,,,,,,,,,,,,,,,Yes,,,Yes,,Yes,,,,,,33,Clanton Park,33,Clanton Park (33),D32,625113.2785,4843577.2009
13853,80921627,,8/15/2017 8:00:00 AM,1700,FAYWOOD  BLVD,WILSON AVE,,Major Arterial,North York,43.734683,-79.446399,At Intersection,Stop Sign,Clear,Daylight,Dry,Non-Fatal Injury,Turning Movement,Driver,30 to 34,None,,West,Municipal Transit Bus (TTC),Going Ahead,Driving Properly,Normal,,,,,,,,,Yes,,,Yes,,Yes,,,,,,33,Clanton Park,33,Clanton Park (33),D32,625113.2785,4843577.2009
13854,80921628,,8/15/2017 8:00:00 AM,1700,FAYWOOD  BLVD,WILSON AVE,,Major Arterial,North York,43.734683,-79.446399,At Intersection,Stop Sign,Clear,Daylight,Dry,Non-Fatal Injury,Turning Movement,Driver,30 to 34,None,,South,"Automobile, Station Wagon",Turning Left,Improper Turn,Normal,,,,,,,,,Yes,,,Yes,,Yes,,,,,,33,Clanton Park,33,Clanton Park (33),D32,625113.2785,4843577.2009
13855,80780958,,8/17/2017 8:00:00 AM,2215,DUFFERIN ST,CARTWRIGHT  AVE,,Major Arterial,North York,43.723784,-79.456859,At Intersection,No Control,Rain,"Dark, artificial",Wet,Non-Fatal Injury,Pedestrian Collisions,Driver,40 to 44,None,,South,"Automobile, Station Wagon",Going Ahead,Driving Properly,Normal,,,,,,,Yes,,Yes,,,,,,,,,,,31,Yorkdale-Glen Park,31,Yorkdale-Glen Park (31),D32,624293.457,4842350.9694
13856,80780959,,8/17/2017 8:00:00 AM,2215,DUFFERIN ST,CARTWRIGHT  AVE,,Major Arterial,North York,43.723784,-79.456859,At Intersection,No Control,Rain,"Dark, artificial",Wet,Non-Fatal Injury,Pedestrian Collisions,Pedestrian,15 to 19,Major,,West,,,,,Vehicle is going straight thru inter.while ped cross without ROW,"Crossing, no Traffic Control",Inattentive,,,,Yes,,Yes,,,,,,,,,,,31,Yorkdale-Glen Park,31,Yorkdale-Glen Park (31),D32,624293.457,4842350.9694
13857,80932530,,8/17/2017 8:00:00 AM,2245,WHITE HEATHER BLVD,LONGSWORD  DR,10 m South o,Collector,Scarborough,43.815486,-79.26604,At Intersection,No Control,Clear,"Dark, artificial",Dry,Non-Fatal Injury,SMV Other,Passenger,15 to 19,Major,,,,,,,,,,,,,,,Yes,,,,,Yes,Yes,Yes,,Yes,,129,Agincourt North,129,Agincourt North (129),D42,639449.9981,4852839.7933
13858,80932531,,8/17/2017 8:00:00 AM,2245,WHITE HEATHER BLVD,LONGSWORD  DR,10 m South o,Collector,Scarborough,43.815486,-79.26604,At Intersection,No Control,Clear,"Dark, artificial",Dry,Non-Fatal Injury,SMV Other,Driver,20 to 24,None,,North,"Automobile, Station Wagon",Going Ahead,Lost control,"Ability Impaired, Alcohol",,,,,,,,,Yes,,,,,Yes,Yes,Yes,,Yes,,129,Agincourt North,129,Agincourt North (129),D42,639449.9981,4852839.7933
13859,80780968,,8/18/2017 8:00:00 AM,1055,FAYWOOD  BLVD,WILSON  AVE,1 m South of,Major Arterial,North York,43.734683,-79.446399,At Intersection,Stop Sign,Clear,Daylight,Dry,Non-Fatal Injury,Cyclist Collisions,Driver,45 to 49,None,,South,"Automobile, Station Wagon",Turning Right,Failed to Yield Right of Way,Inattentive,,,,,,,,Yes,Yes,,,,,,,Yes,,,,33,Clanton Park,33,Clanton Park (33),D32,625113.2785,4843577.2009
13860,80780969,,8/18/2017 8:00:00 AM,1055,FAYWOOD  BLVD,WILSON  AVE,1 m South of,Major Arterial,North York,43.734683,-79.446399,At Intersection,Stop Sign,Clear,Daylight,Dry,Non-Fatal Injury,Cyclist Collisions,Cyclist,55 to 59,Major,,West,Bicycle,Going Ahead,,,,,,"Motorist turns right at non-signal Inter.(stop, yield, no cont.,and dwy) and strikes cyclist.",Driving Properly,Normal,,Yes,Yes,,,,,,,Yes,,,,33,Clanton Park,33,Clanton Park (33),D32,625113.2785,4843577.2009
13861,80786634,,8/18/2017 8:00:00 AM,1444,NORTH QUEEN ST,NOVA RD,80 m North o,Minor Arterial,Etobicoke York,43.616969,-79.557323,At/Near Private Drive,Stop Sign,Clear,Daylight,Dry,Non-Fatal Injury,Turning Movement,Driver,25 to 29,Major,,West,"Automobile, Station Wagon",Turning Left,Failed to Yield Right of Way,Inattentive,,,,,,,,,Yes,,,,,Yes,,Yes,,,,159,Etobicoke City Centre,14,Islington-City Centre West (14),D22,616407.7508,4830342.0042
13862,80786635,,8/18/2017 8:00:00 AM,1444,NORTH QUEEN ST,NOVA RD,80 m North o,Minor Arterial,Etobicoke York,43.616969,-79.557323,At/Near Private Drive,Stop Sign,Clear,Daylight,Dry,Non-Fatal Injury,Turning Movement,Driver,40 to 44,None,,North,"Automobile, Station Wagon",Going Ahead,Driving Properly,Normal,,,,,,,,,Yes,,,,,Yes,,Yes,,,,159,Etobicoke City Centre,14,Islington-City Centre West (14),D22,616407.7508,4830342.0042
13863,80786636,,8/18/2017 8:00:00 AM,1444,NORTH QUEEN ST,NOVA RD,80 m North o,Minor Arterial,Etobicoke York,43.616969,-79.557323,At/Near Private Drive,Stop Sign,Clear,Daylight,Dry,Non-Fatal Injury,Turning Movement,Passenger,60 to 64,None,,,,,,,,,,,,,,,Yes,,,,,Yes,,Yes,,,,159,Etobicoke City Centre,14,Islington-City Centre West (14),D22,616407.7508,4830342.0042
13864,80786637,,8/18/2017 8:00:00 AM,1444,NORTH QUEEN ST,NOVA RD,80 m North o,Minor Arterial,Etobicoke York,43.616969,-79.557323,At/Near Private Drive,Stop Sign,Clear,Daylight,Dry,Non-Fatal Injury,Turning Movement,Passenger,0 to 4,None,,,,,,,,,,,,,,,Yes,,,,,Yes,,Yes,,,,159,Etobicoke City Centre,14,Islington-City Centre West (14),D22,616407.7508,4830342.0042
13865,80786638,,8/18/2017 8:00:00 AM,1444,NORTH QUEEN ST,NOVA RD,80 m North o,Minor Arterial,Etobicoke York,43.616969,-79.557323,At/Near Private Drive,Stop Sign,Clear,Daylight,Dry,Non-Fatal Injury,Turning Movement,Passenger,0 to 4,None,,,,,,,,,,,,,,,Yes,,,,,Yes,,Yes,,,,159,Etobicoke City Centre,14,Islington-City Centre West (14),D22,616407.7508,4830342.0042
13866,80781061,,8/18/2017 8:00:00 AM,1622,MIDLAND AVE,EGLINTON AVE E,25 m South o,Major Arterial,Scarborough,43.734458,-79.258067,Intersection Related,No Control,Clear,Daylight,Dry,Non-Fatal Injury,Pedestrian Collisions,Driver,65 to 69,None,,South,"Automobile, Station Wagon",Going Ahead,Driving Properly,Normal,,,,,,,Yes,,Yes,,,,,,,,,,,124,Kennedy Park,124,Kennedy Park (124),D41,640280.5624,4843853.8348
13867,80781062,,8/18/2017 8:00:00 AM,1622,MIDLAND AVE,EGLINTON AVE E,25 m South o,Major Arterial,Scarborough,43.734458,-79.258067,Intersection Related,No Control,Clear,Daylight,Dry,Non-Fatal Injury,Pedestrian Collisions,Pedestrian,25 to 29,Major,,West,,,,,Pedestrian hit at mid-block,"Crossing, no Traffic Control",Inattentive,,,,Yes,,Yes,,,,,,,,,,,124,Kennedy Park,124,Kennedy Park (124),D41,640280.5624,4843853.8348
13868,80918743,,8/18/2017 8:00:00 AM,2305,FINCH  AVE W,DUNCANWOODS  DR,10 m West of,Major Arterial,Etobicoke York,43.748725,-79.55759,At Intersection,Traffic Signal,Clear,"Dark, artificial",Dry,Non-Fatal Injury,Pedestrian Collisions,Pedestrian,25 to 29,Major,,North,,,,,Vehicle is going straight thru inter.while ped cross without ROW,Crossing without right of way,Inattentive,,,,Yes,,Yes,,,,,Yes,,,,,,22,Humbermede,22,Humbermede (22),D31,616131.7192,4844974.8817
13869,80918744,,8/18/2017 8:00:00 AM,2305,FINCH  AVE W,DUNCANWOODS  DR,10 m West of,Major Arterial,Etobicoke York,43.748725,-79.55759,At Intersection,Traffic Signal,Clear,"Dark, artificial",Dry,Non-Fatal Injury,Pedestrian Collisions,Passenger,55 to 59,None,,,,,,,,,,,,,Yes,,Yes,,,,,Yes,,,,,,22,Humbermede,22,Humbermede (22),D31,616131.7192,4844974.8817
13870,80918745,,8/18/2017 8:00:00 AM,2305,FINCH  AVE W,DUNCANWOODS  DR,10 m West of,Major Arterial,Etobicoke York,43.748725,-79.55759,At Intersection,Traffic Signal,Clear,"Dark, artificial",Dry,Non-Fatal Injury,Pedestrian Collisions,Driver,35 to 39,None,,West,"Automobile, Station Wagon",Going Ahead,Driving Properly,Normal,,,,,,,Yes,,Yes,,,,,Yes,,,,,,22,Humbermede,22,Humbermede (22),D31,616131.7192,4844974.8817
13871,80885786,,8/19/2017 8:00:00 AM,2309,HINTON RD,KIPLING AVE,120 m East o,Local,Etobicoke York,43.726092,-79.571864,At/Near Private Drive,No Control,Clear,"Dark, artificial",Dry,Non-Fatal Injury,Turning Movement,Motorcycle Driver,30 to 34,Major,,East,Motorcycle,Going Ahead,Driving Properly,Normal,,,,,,,,,Yes,Yes,,,,,,Yes,,,,4,Rexdale-Kipling,4,Rexdale-Kipling (4),D23,615025.8056,4842441.2534
13872,80885787,,8/19/2017 8:00:00 AM,2309,HINTON RD,KIPLING AVE,120 m East o,Local,Etobicoke York,43.726092,-79.571864,At/Near Private Drive,No Control,Clear,"Dark, artificial",Dry,Non-Fatal Injury,Turning Movement,Driver,35 to 39,None,,North,"Automobile, Station Wagon",Turning Left,Failed to Yield Right of Way,Normal,,,,,,,,,Yes,Yes,,,,,,Yes,,,,4,Rexdale-Kipling,4,Rexdale-Kipling (4),D23,615025.8056,4842441.2534
13873,80914555,,8/21/2017 8:00:00 AM,118,FINCH AVE W,WESTON RD,213 m West o,Major Arterial,Etobicoke York,43.75149,-79.544833,Non Intersection,No Control,Clear,"Dark, artificial",Dry,Non-Fatal Injury,Turning Movement,Driver,unknown,None,,West,"Automobile, Station Wagon",Going Ahead,Speed too Fast For Condition,Normal,,,,,,,,,Yes,,,,,,Yes,Yes,,,,22,Humbermede,22,Humbermede (22),D31,617153.4271,4845299.9381
13874,80914556,,8/21/2017 8:00:00 AM,118,FINCH AVE W,WESTON RD,213 m West o,Major Arterial,Etobicoke York,43.75149,-79.544833,Non Intersection,No Control,Clear,"Dark, artificial",Dry,Non-Fatal Injury,Turning Movement,Driver,15 to 19,Major,,East,"Automobile, Station Wagon",Turning Left,Failed to Yield Right of Way,Unknown,,,,,,,,,Yes,,,,,,Yes,Yes,,,,22,Humbermede,22,Humbermede (22),D31,617153.4271,4845299.9381
13875,80933992,,8/21/2017 8:00:00 AM,1414,ST CLAIR AVE E,BIRCHMOUNT RD,71 m West of,Major Arterial,Scarborough,43.713835,-79.272197,At/Near Private Drive,No Control,Clear,Daylight,Dry,Non-Fatal Injury,Angle,Driver,35 to 39,Major,,East,"Automobile, Station Wagon",Going Ahead,Driving Properly,Normal,,,,,,,,,Yes,,,,,,,Yes,,,,120,Clairlea-Birchmount,120,Clairlea-Birchmount (120),D41,639190.3941,4841539.5201
13876,80933993,,8/21/2017 8:00:00 AM,1414,ST CLAIR AVE E,BIRCHMOUNT RD,71 m West of,Major Arterial,Scarborough,43.713835,-79.272197,At/Near Private Drive,No Control,Clear,Daylight,Dry,Non-Fatal Injury,Angle,Driver,25 to 29,None,,North,"Automobile, Station Wagon",Going Ahead,Failed to Yield Right of Way,Inattentive,,,,,,,,,Yes,,,,,,,Yes,,,,120,Clairlea-Birchmount,120,Clairlea-Birchmount (120),D41,639190.3941,4841539.5201
13877,80920030,,8/21/2017 8:00:00 AM,1634,SPADINA CRES,RUSSELL ST,30 m South o,Major Arterial,Toronto and East York,43.659789,-79.399905,At Intersection,No Control,Clear,Daylight,Dry,Non-Fatal Injury,Cyclist Collisions,Cyclist,35 to 39,Major,,North,Bicycle,Going Ahead,,,,,,Cyclist and Driver travelling in same direction. One vehicle sideswipes the other.,Driving Properly,Unknown,,Yes,Yes,,,,,,Yes,Yes,,,,79,University,79,University (79),D52,629018.0521,4835330.4363
13878,80920031,,8/21/2017 8:00:00 AM,1634,SPADINA CRES,RUSSELL ST,30 m South o,Major Arterial,Toronto and East York,43.659789,-79.399905,At Intersection,No Control,Clear,Daylight,Dry,Non-Fatal Injury,Cyclist Collisions,Driver,25 to 29,None,,North,Delivery Van,Going Ahead,Other,Unknown,,,,,,,,Yes,Yes,,,,,,Yes,Yes,,,,79,University,79,University (79),D52,629018.0521,4835330.4363
13879,80894961,,8/23/2017 8:00:00 AM,1010,MAIN ST,GERRARD  ST E,,Minor Arterial,Toronto and East York,43.683879,-79.300121,At Intersection,Traffic Signal,Clear,Daylight,Dry,Non-Fatal Injury,Cyclist Collisions,Driver,45 to 49,None,,South,"Automobile, Station Wagon",Going Ahead,Driving Properly,Normal,,,,,,,,Yes,Yes,,,,,,,,,,,62,East End-Danforth,62,East End-Danforth (62),D55,637009.0479,4838165.9664
13880,80894962,,8/23/2017 8:00:00 AM,1010,MAIN ST,GERRARD  ST E,,Minor Arterial,Toronto and East York,43.683879,-79.300121,At Intersection,Traffic Signal,Clear,Daylight,Dry,Non-Fatal Injury,Cyclist Collisions,Cyclist,25 to 29,Major,,East,Bicycle,Going Ahead,,,,,,"Cyclist without ROW rides into path of motorist at inter, lnwy, dwy-Cyclist not turn.",Driving Properly,Normal,,Yes,Yes,,,,,,,,,,,62,East End-Danforth,62,East End-Danforth (62),D55,637009.0479,4838165.9664
13881,80788468,,8/23/2017 8:00:00 AM,1525,STEELES AVE E,NINTH LINE,84 m West of,Minor Arterial,Scarborough,43.842215,-79.22684,Non Intersection,No Control,Clear,Daylight,Dry,Non-Fatal Injury,Rear End,Driver,35 to 39,Major,,East,"Automobile, Station Wagon",Going Ahead,Following too Close,Inattentive,,,,,,,,,Yes,,,,,,,Yes,,,,144,Morningside Heights,131,Rouge (131),D42,642538.966,4855875.3175
13882,80788469,,8/23/2017 8:00:00 AM,1525,STEELES AVE E,NINTH LINE,84 m West of,Minor Arterial,Scarborough,43.842215,-79.22684,Non Intersection,No Control,Clear,Daylight,Dry,Non-Fatal Injury,Rear End,Driver,40 to 44,None,,East,"Automobile, Station Wagon",Slowing or Stopping,Driving Properly,Normal,,,,,,,,,Yes,,,,,,,Yes,,,,144,Morningside Heights,131,Rouge (131),D42,642538.966,4855875.3175
13883,80781249,,8/23/2017 8:00:00 AM,2218,KING ST W,STRACHAN AVE,,Major Arterial,Toronto and East York,43.64197,-79.411929,At Intersection,Traffic Signal,Clear,"Dark, artificial",Dry,Non-Fatal Injury,Pedestrian Collisions,Driver,45 to 49,None,,West,"Automobile, Station Wagon",Turning Left,Failed to Yield Right of Way,Inattentive,,,,,,,Yes,,Yes,,,,,,,Yes,,,,162,West Queen West,82,Niagara (82),D14,628086.4019,4833332.7769
13884,80781250,,8/23/2017 8:00:00 AM,2218,KING ST W,STRACHAN AVE,,Major Arterial,Toronto and East York,43.64197,-79.411929,At Intersection,Traffic Signal,Clear,"Dark, artificial",Dry,Non-Fatal Injury,Pedestrian Collisions,Pedestrian,30 to 34,Major,,West,,,,,Vehicle turns left while ped crosses with ROW at inter.,Crossing with right of way,Had Been Drinking,,,,Yes,,Yes,,,,,,,Yes,,,,162,West Queen West,82,Niagara (82),D14,628086.4019,4833332.7769
13885,80780914,,8/24/2017 8:00:00 AM,2325,VICTORIA PARK AVE,CLINTWOOD GT,,Major Arterial,North York,43.748763,-79.312076,At Intersection,No Control,Clear,"Dark, artificial",Dry,Fatal,Pedestrian Collisions,Driver,40 to 44,None,,North,"Automobile, Station Wagon",Going Ahead,Driving Properly,Normal,,,,,,,Yes,,Yes,,,,,,,,,,,119,Wexford/Maryvale,119,Wexford/Maryvale (119),D41,635898.714,4845352.5927
13886,80780915,,8/24/2017 8:00:00 AM,2325,VICTORIA PARK AVE,CLINTWOOD GT,,Major Arterial,North York,43.748763,-79.312076,At Intersection,No Control,Clear,"Dark, artificial",Dry,Fatal,Pedestrian Collisions,Pedestrian,55 to 59,Fatal,36,Unknown,"Automobile, Station Wagon",,,,Vehicle is going straight thru inter.while ped cross without ROW,"Crossing, no Traffic Control",Unknown,,,,Yes,,Yes,,,,,,,,,,,119,Wexford/Maryvale,119,Wexford/Maryvale (119),D41,635898.714,4845352.5927
13887,80781642,,8/25/2017 8:00:00 AM,1130,DUNDAS ST W,GLADSTONE AVE,60 m East of,Minor Arterial,Toronto and East York,43.649501,-79.428958,Non Intersection,No Control,Clear,Dark,Dry,Fatal,Pedestrian Collisions,Pedestrian,30 to 34,Fatal,39,North,,,,,Pedestrian hit at mid-block,Running onto Roadway,Had Been Drinking,,,,Yes,,Yes,,,,,,,,,,,84,Little Portugal,84,Little Portugal (84),D14,626697.0752,4834143.0524
13888,80781643,,8/25/2017 8:00:00 AM,1130,DUNDAS ST W,GLADSTONE AVE,60 m East of,Minor Arterial,Toronto and East York,43.649501,-79.428958,Non Intersection,No Control,Clear,Dark,Dry,Fatal,Pedestrian Collisions,Driver,65 to 69,None,,East,"Automobile, Station Wagon",Going Ahead,Driving Properly,Normal,,,,,,,Yes,,Yes,,,,,,,,,,,84,Little Portugal,84,Little Portugal (84),D14,626697.0752,4834143.0524
13889,80782655,,8/25/2017 8:00:00 AM,1204,EGLINTON AVE E,TORRANCE RD,12 m East of,Major Arterial,Scarborough,43.739459,-79.235217,At Intersection,Traffic Signal,Clear,Daylight,Dry,Non-Fatal Injury,SMV Other,Driver,55 to 59,Major,,East,"Automobile, Station Wagon",Going Ahead,Lost control,Medical or Physical Disability,,,,,,,,,Yes,,,,,,,,,,Yes,138,Eglinton East,138,Eglinton East (138),D43,642108.8993,4844448.2132
13890,80781222,,8/26/2017 8:00:00 AM,1055,3738 ST CLAIR AVE E,,,Minor Arterial,Scarborough,43.720442,-79.243045,Non Intersection,No Control,Clear,Daylight,Dry,Fatal,SMV Other,Driver,30 to 34,Fatal,37,East,"Automobile, Station Wagon",Going Ahead,Lost control,"Ability Impaired, Drugs",,,,,,,,,Yes,,,,,,Yes,Yes,,,,123,Cliffcrest,123,Cliffcrest (123),D41,641523.3283,4842322.6937
13891,80942886,,8/27/2017 8:00:00 AM,1105,LESWYN  RD,CALEDONIA  RD,8 m East of,Minor Arterial,North York,43.715659,-79.467586,Intersection Related,Stop Sign,Clear,Daylight,Dry,Non-Fatal Injury,Pedestrian Collisions,Pedestrian,25 to 29,Major,,Unknown,,,,,Unknown,Other,Normal,,,,Yes,,Yes,,,,,,,,,,,31,Yorkdale-Glen Park,31,Yorkdale-Glen Park (31),D32,623446.1198,4841432.541
13892,80942887,,8/27/2017 8:00:00 AM,1105,LESWYN  RD,CALEDONIA  RD,8 m East of,Minor Arterial,North York,43.715659,-79.467586,Intersection Related,Stop Sign,Clear,Daylight,Dry,Non-Fatal Injury,Pedestrian Collisions,Driver,unknown,None,,West,"Automobile, Station Wagon",Going Ahead,Other,Unknown,,,,,,,Yes,,Yes,,,,,,,,,,,31,Yorkdale-Glen Park,31,Yorkdale-Glen Park (31),D32,623446.1198,4841432.541
13893,80781220,,8/27/2017 8:00:00 AM,2054,6065 STEELES AVE E,,,Major Arterial,Scarborough,43.83705,-79.249019,Non Intersection,No Control,Clear,Dark,Dry,Fatal,Pedestrian Collisions,Driver,45 to 49,None,,West,"Automobile, Station Wagon",Going Ahead,Driving Properly,Normal,,,,,,,Yes,,Yes,,,,,,,Yes,,,,144,Morningside Heights,131,Rouge (131),D42,640768.1903,4855263.6646
13894,80781221,,8/27/2017 8:00:00 AM,2054,6065 STEELES AVE E,,,Major Arterial,Scarborough,43.83705,-79.249019,Non Intersection,No Control,Clear,Dark,Dry,Fatal,Pedestrian Collisions,Pedestrian,75 to 79,Fatal,38,North,,,,,Pedestrian hit at mid-block,Running onto Roadway,Inattentive,,,,Yes,,Yes,,,,,,,Yes,,,,144,Morningside Heights,131,Rouge (131),D42,640768.1903,4855263.6646
13895,80787897,,8/28/2017 8:00:00 AM,849,5450 DUNDAS ST W,,5 m South of,Major Arterial,Etobicoke York,43.632731,-79.543445,At/Near Private Drive,No Control,Clear,Daylight,Dry,Non-Fatal Injury,Pedestrian Collisions,Driver,30 to 34,None,,South,"Automobile, Station Wagon",Turning Left,Driving Properly,Inattentive,,,,,,,Yes,,Yes,,,,,,,,,,,159,Etobicoke City Centre,14,Islington-City Centre West (14),D22,617496.8477,4832112.1156
13896,80787898,,8/28/2017 8:00:00 AM,849,5450 DUNDAS ST W,,5 m South of,Major Arterial,Etobicoke York,43.632731,-79.543445,At/Near Private Drive,No Control,Clear,Daylight,Dry,Non-Fatal Injury,Pedestrian Collisions,Pedestrian,25 to 29,Major,,,,,,,Pedestrian hit at mid-block,"Crossing, no Traffic Control",Other,,,,Yes,,Yes,,,,,,,,,,,159,Etobicoke City Centre,14,Islington-City Centre West (14),D22,617496.8477,4832112.1156
13897,80887250,,8/28/2017 8:00:00 AM,935,SHEPPARD  AVE W,CANYON AVE,6 m West of,Major Arterial,North York,43.755618,-79.436946,At Intersection,No Control,Clear,Daylight,Dry,Non-Fatal Injury,Rear End,Passenger,35 to 39,Major,,,,,,,,,,,,,,,Yes,,,,,Yes,,Yes,,,,38,Lansing-Westgate,38,Lansing-Westgate (38),D32,625830.676,4845916.6573
13898,80887251,,8/28/2017 8:00:00 AM,935,SHEPPARD  AVE W,CANYON AVE,6 m West of,Major Arterial,North York,43.755618,-79.436946,At Intersection,No Control,Clear,Daylight,Dry,Non-Fatal Injury,Rear End,Passenger,10 to 14,None,,,,,,,,,,,,,,,Yes,,,,,Yes,,Yes,,,,38,Lansing-Westgate,38,Lansing-Westgate (38),D32,625830.676,4845916.6573
13899,80887252,,8/28/2017 8:00:00 AM,935,SHEPPARD  AVE W,CANYON AVE,6 m West of,Major Arterial,North York,43.755618,-79.436946,At Intersection,No Control,Clear,Daylight,Dry,Non-Fatal Injury,Rear End,Driver,70 to 74,Minimal,,East,"Automobile, Station Wagon",Going Ahead,Driving Properly,Normal,,,,,,,,,Yes,,,,,Yes,,Yes,,,,38,Lansing-Westgate,38,Lansing-Westgate (38),D32,625830.676,4845916.6573