OBJECTID,INDEX,ACCNUM,DATE,TIME,STREET1,STREET2,OFFSET,ROAD_CLASS,DISTRICT,LATITUDE,LONGITUDE,ACCLOC,TRAFFCTL,VISIBILITY,LIGHT,RDSFCOND,ACCLASS,IMPACTYPE,INVTYPE,INVAGE,INJURY,FATAL_NO,INITDIR,VEHTYPE,MANOEUVER,DRIVACT,DRIVCOND,PEDTYPE,PEDACT,PEDCOND,CYCLISTYPE,CYCACT,CYCCOND,PEDESTRIAN,CYCLIST,AUTOMOBILE,MOTORCYCLE,TRUCK,TRSN_CITY_VEH,EMERG_VEH,PASSENGER,SPEEDING,AG_DRIV,REDLIGHT,ALCOHOL,DISABILITY,HOOD_158,NEIGHBOURHOOD_158,HOOD_140,NEIGHBOURHOOD_140,DIVISION,x,y
13900,80887253,,8/28/2017 8:00:00 AM,935,SHEPPARD  AVE W,CANYON AVE,6 m West of,Major Arterial,North York,43.755618,-79.436946,At Intersection,No Control,Clear,Daylight,Dry,Non-Fatal Injury,Rear End,Driver,45 to 49,None,,East,Pick Up Truck,Going Ahead,Following too Close,Normal,,,,,,,,,Yes,,,,,Yes,,Yes,,,,38,Lansing-Westgate,38,Lansing-Westgate (38),D32,625830.676,4845916.6573
13901,80908002,,8/28/2017 8:00:00 AM,1135,215 LONSDALE  RD,,51 m West of,Minor Arterial,Toronto and East York,43.690566,-79.403644,Non Intersection,No Control,Clear,Daylight,Dry,Non-Fatal Injury,Sideswipe,Motorcycle Driver,75 to 79,Major,,East,Motorcycle,Going Ahead,Driving Properly,Normal,,,,,,,,,Yes,Yes,,,,,,Yes,,,,96,Casa Loma,96,Casa Loma (96),D53,628650.7833,4838742.8304
13902,80908003,,8/28/2017 8:00:00 AM,1135,215 LONSDALE  RD,,51 m West of,Minor Arterial,Toronto and East York,43.690566,-79.403644,Non Intersection,No Control,Clear,Daylight,Dry,Non-Fatal Injury,Sideswipe,Driver,55 to 59,None,,East,"Automobile, Station Wagon",Going Ahead,Improper Passing,Normal,,,,,,,,,Yes,Yes,,,,,,Yes,,,,96,Casa Loma,96,Casa Loma (96),D53,628650.7833,4838742.8304
13903,80888101,,8/28/2017 8:00:00 AM,1845,OSSINGTON  AVE,HARBORD ST,30 m North o,Minor Arterial,Toronto and East York,43.658473,-79.424274,Intersection Related,No Control,Clear,Daylight,Dry,Non-Fatal Injury,Turning Movement,Motorcycle Driver,30 to 34,Major,,North,Motorcycle,Going Ahead,Driving Properly,Normal,,,,,,,,,Yes,Yes,,,,,,,,,,80,Palmerston-Little Italy,80,Palmerston-Little Italy (80),D14,627055.8994,4835146.6721
13904,80888102,,8/28/2017 8:00:00 AM,1845,OSSINGTON  AVE,HARBORD ST,30 m North o,Minor Arterial,Toronto and East York,43.658473,-79.424274,Intersection Related,No Control,Clear,Daylight,Dry,Non-Fatal Injury,Turning Movement,Driver,25 to 29,None,,South,"Automobile, Station Wagon",Making U Turn,Improper Turn,Inattentive,,,,,,,,,Yes,Yes,,,,,,,,,,80,Palmerston-Little Italy,80,Palmerston-Little Italy (80),D14,627055.8994,4835146.6721
13905,80942741,,8/28/2017 8:00:00 AM,2010,RENFORTH DR,SILVER DART DR,3 m South of,Major Arterial,Etobicoke York,43.676356,-79.593196,At Intersection,Traffic Signal,Clear,"Dark, artificial",Dry,Non-Fatal Injury,SMV Other,Driver,25 to 29,Major,,East,"Automobile, Station Wagon",Going Ahead,Lost control,Unknown,,,,,,,,,Yes,,,,,,,Yes,,,,1,West Humber-Clairville,1,West Humber-Clairville (1),D23,613401.3838,4836888.0114
13906,80895231,,8/30/2017 8:00:00 AM,846,FINCH AVE W,HUMBER COLLEGE BLVD,23 m West of,Major Arterial,Etobicoke York,43.734027,-79.609866,Intersection Related,No Control,Clear,Daylight,Dry,Non-Fatal Injury,Rear End,Passenger,60 to 64,Minor,,,,,,,,,,,,,,,Yes,,,Yes,,Yes,,,,,,1,West Humber-Clairville,1,West Humber-Clairville (1),D23,611950.2215,4843270.5033
13907,80895232,,8/30/2017 8:00:00 AM,846,FINCH AVE W,HUMBER COLLEGE BLVD,23 m West of,Major Arterial,Etobicoke York,43.734027,-79.609866,Intersection Related,No Control,Clear,Daylight,Dry,Non-Fatal Injury,Rear End,Driver,55 to 59,None,,West,Municipal Transit Bus (TTC),Stopped,Driving Properly,Normal,,,,,,,,,Yes,,,Yes,,Yes,,,,,,1,West Humber-Clairville,1,West Humber-Clairville (1),D23,611950.2215,4843270.5033
13908,80895233,,8/30/2017 8:00:00 AM,846,FINCH AVE W,HUMBER COLLEGE BLVD,23 m West of,Major Arterial,Etobicoke York,43.734027,-79.609866,Intersection Related,No Control,Clear,Daylight,Dry,Non-Fatal Injury,Rear End,Driver,25 to 29,Major,,West,Pick Up Truck,Going Ahead,Lost control,Inattentive,,,,,,,,,Yes,,,Yes,,Yes,,,,,,1,West Humber-Clairville,1,West Humber-Clairville (1),D23,611950.2215,4843270.5033
13909,80895726,,8/30/2017 8:00:00 AM,1703,WELLESLEY ST W,QUEENS PARK CRES E,3 m East of,Major Arterial,Toronto and East York,43.663512,-79.390605,At Intersection,Traffic Signal,Clear,Daylight,Dry,Non-Fatal Injury,Cyclist Collisions,Cyclist,40 to 44,Major,,West,Bicycle,Going Ahead,,,,,,Motorist turning right on green or amber at signalized intersection strikes cyclist.,Driving Properly,Normal,,Yes,,,Yes,,,,,,,,,169,Bay-Cloverhill,76,Bay Street Corridor (76),D52,629759.912,4835758.4285
13910,80895727,,8/30/2017 8:00:00 AM,1703,WELLESLEY ST W,QUEENS PARK CRES E,3 m East of,Major Arterial,Toronto and East York,43.663512,-79.390605,At Intersection,Traffic Signal,Clear,Daylight,Dry,Non-Fatal Injury,Cyclist Collisions,Truck Driver,55 to 59,None,,West,Truck - Dump,Turning Right,Improper Turn,Inattentive,,,,,,,,Yes,,,Yes,,,,,,,,,169,Bay-Cloverhill,76,Bay Street Corridor (76),D52,629759.912,4835758.4285
13911,80781828,,8/31/2017 8:00:00 AM,2141,YONGE ST,YONGE BLVD,,Major Arterial,North York,43.73429,-79.404529,At Intersection,Traffic Controller,Clear,"Daylight, artificial",Dry,Non-Fatal Injury,Cyclist Collisions,Driver,20 to 24,None,,East,Pick Up Truck,Turning Right,Improper Turn,Normal,,,,,,,,Yes,Yes,,,,,,,,,,,41,Bridle Path-Sunnybrook-York Mills,41,Bridle Path-Sunnybrook-York Mills (41),D32,628485.9895,4843597.6276
13912,80781829,,8/31/2017 8:00:00 AM,2141,YONGE ST,YONGE BLVD,,Major Arterial,North York,43.73429,-79.404529,At Intersection,Traffic Controller,Clear,"Daylight, artificial",Dry,Non-Fatal Injury,Cyclist Collisions,Cyclist,20 to 24,Major,,North,Bicycle,Going Ahead,,,,,,Motorist turning right on red at signalized intersection strikes cyclist.,Improper Passing,Normal,,Yes,Yes,,,,,,,,,,,41,Bridle Path-Sunnybrook-York Mills,41,Bridle Path-Sunnybrook-York Mills (41),D32,628485.9895,4843597.6276
13913,80915150,,9/5/2017 8:00:00 AM,30,715 MILNER AVE,,30 m East of,Minor Arterial,Scarborough,43.796034,-79.210155,At/Near Private Drive,No Control,Clear,"Dark, artificial",Dry,Non-Fatal Injury,SMV Other,Passenger,30 to 34,Major,,,,,,,,,,,,,,,Yes,,,,,Yes,,,,,,146,Malvern East,132,Malvern (132),D42,643991.2137,4850775.0492
13914,80915151,,9/5/2017 8:00:00 AM,30,715 MILNER AVE,,30 m East of,Minor Arterial,Scarborough,43.796034,-79.210155,At/Near Private Drive,No Control,Clear,"Dark, artificial",Dry,Non-Fatal Injury,SMV Other,Driver,15 to 19,Minor,,East,"Automobile, Station Wagon",Going Ahead,Lost control,Unknown,,,,,,,,,Yes,,,,,Yes,,,,,,146,Malvern East,132,Malvern (132),D42,643991.2137,4850775.0492
13915,80781998,,9/5/2017 8:00:00 AM,1735,MILLWOOD RD,YONGE  ST,297 m East o,Local,Toronto and East York,43.6999,-79.393703,Non Intersection,No Control,Clear,Daylight,Dry,Non-Fatal Injury,Pedestrian Collisions,Driver,35 to 39,None,,East,"Automobile, Station Wagon",Going Ahead,Driving Properly,Normal,,,,,,,Yes,,Yes,,,,,Yes,,,,,,174,South Eglinton-Davisville,104,Mount Pleasant West (104),D53,629431.8565,4839794.9717
13916,80781999,,9/5/2017 8:00:00 AM,1735,MILLWOOD RD,YONGE  ST,297 m East o,Local,Toronto and East York,43.6999,-79.393703,Non Intersection,No Control,Clear,Daylight,Dry,Non-Fatal Injury,Pedestrian Collisions,Passenger,40 to 44,None,,,,,,,,,,,,,Yes,,Yes,,,,,Yes,,,,,,174,South Eglinton-Davisville,104,Mount Pleasant West (104),D53,629431.8565,4839794.9717
13917,80782000,,9/5/2017 8:00:00 AM,1735,MILLWOOD RD,YONGE  ST,297 m East o,Local,Toronto and East York,43.6999,-79.393703,Non Intersection,No Control,Clear,Daylight,Dry,Non-Fatal Injury,Pedestrian Collisions,Passenger,0 to 4,None,,,,,,,,,,,,,Yes,,Yes,,,,,Yes,,,,,,174,South Eglinton-Davisville,104,Mount Pleasant West (104),D53,629431.8565,4839794.9717
13918,80782001,,9/5/2017 8:00:00 AM,1735,MILLWOOD RD,YONGE  ST,297 m East o,Local,Toronto and East York,43.6999,-79.393703,Non Intersection,No Control,Clear,Daylight,Dry,Non-Fatal Injury,Pedestrian Collisions,Pedestrian,5 to 9,Major,,North,,,,,Pedestrian hit at mid-block,"Crossing, no Traffic Control",Inattentive,,,,Yes,,Yes,,,,,Yes,,,,,,174,South Eglinton-Davisville,104,Mount Pleasant West (104),D53,629431.8565,4839794.9717
13919,80781641,,9/5/2017 8:00:00 AM,1832,CODSELL AVE,MAXWELL ST,,Local,North York,43.756312,-79.446689,At Intersection,Stop Sign,Clear,Daylight,Dry,Fatal,Pedestrian Collisions,Pedestrian,70 to 74,Fatal,40,South,,,,,Vehicle is going straight thru inter.while ped cross with ROW,Crossing with right of way,Unknown,,,,Yes,,Yes,,,,,,,Yes,,,,34,Bathurst Manor,34,Bathurst Manor (34),D32,625044.8821,4845978.9807
13920,80782621,,9/5/2017 8:00:00 AM,1832,CODSELL AVE,MAXWELL ST,,Local,North York,43.756312,-79.446689,At Intersection,Stop Sign,Clear,Daylight,Dry,Fatal,Pedestrian Collisions,Driver,70 to 74,None,,West,"Automobile, Station Wagon",Going Ahead,Failed to Yield Right of Way,Unknown,,,,,,,Yes,,Yes,,,,,,,Yes,,,,34,Bathurst Manor,34,Bathurst Manor (34),D32,625044.8821,4845978.9807
13921,80783754,,9/6/2017 8:00:00 AM,2040,GERRARD ST E,HANNAFORD ST,,Minor Arterial,Toronto and East York,43.685328,-79.293407,At Intersection,No Control,Clear,"Dark, artificial",Dry,Non-Fatal Injury,Cyclist Collisions,Driver,55 to 59,None,,West,"Automobile, Station Wagon",Turning Left,Improper Turn,Normal,,,,,,,,Yes,Yes,,,,,,,,,,,62,East End-Danforth,62,East End-Danforth (62),D55,637546.8862,4838338.0121
13922,80783755,,9/6/2017 8:00:00 AM,2040,GERRARD ST E,HANNAFORD ST,,Minor Arterial,Toronto and East York,43.685328,-79.293407,At Intersection,No Control,Clear,"Dark, artificial",Dry,Non-Fatal Injury,Cyclist Collisions,Cyclist,30 to 34,Major,,East,Bicycle,Going Ahead,,,,,,Motorist turned left across cyclists path.,Driving Properly,Normal,,Yes,Yes,,,,,,,,,,,62,East End-Danforth,62,East End-Danforth (62),D55,637546.8862,4838338.0121
13923,80781908,,9/6/2017 8:00:00 AM,2217,JARVIS ST,DUNDAS ST E,45 m South o,Major Arterial,Toronto and East York,43.656638,-79.374393,Non Intersection,No Control,Clear,"Dark, artificial",Dry,Non-Fatal Injury,Pedestrian Collisions,Driver,50 to 54,None,,South,"Automobile, Station Wagon",Going Ahead,Driving Properly,Normal,,,,,,,Yes,,Yes,,,,,,,,,,,73,Moss Park,73,Moss Park (73),D51,631082.001,4835020.4635
13924,80781909,,9/6/2017 8:00:00 AM,2217,JARVIS ST,DUNDAS ST E,45 m South o,Major Arterial,Toronto and East York,43.656638,-79.374393,Non Intersection,No Control,Clear,"Dark, artificial",Dry,Non-Fatal Injury,Pedestrian Collisions,Pedestrian,25 to 29,Major,,West,,,,,Pedestrian hit at mid-block,"Crossing, no Traffic Control",Had Been Drinking,,,,Yes,,Yes,,,,,,,,,,,73,Moss Park,73,Moss Park (73),D51,631082.001,4835020.4635
13925,80925956,,9/7/2017 8:00:00 AM,1538,EGLINTON AVE E,BIMBROK RD,,Major Arterial,Scarborough,43.735778,-79.252017,At Intersection,No Control,Clear,Daylight,Dry,Non-Fatal Injury,Turning Movement,Passenger,25 to 29,Major,,,,,,,,,,,,,,,Yes,,Yes,,,Yes,,Yes,,,,124,Kennedy Park,124,Kennedy Park (124),D41,640764.6911,4844010.7019
13926,80925957,,9/7/2017 8:00:00 AM,1538,EGLINTON AVE E,BIMBROK RD,,Major Arterial,Scarborough,43.735778,-79.252017,At Intersection,No Control,Clear,Daylight,Dry,Non-Fatal Injury,Turning Movement,Truck Driver,60 to 64,None,,West,"Truck - Closed (Blazer, etc)",Going Ahead,Driving Properly,Normal,,,,,,,,,Yes,,Yes,,,Yes,,Yes,,,,124,Kennedy Park,124,Kennedy Park (124),D41,640764.6911,4844010.7019
13927,80925958,,9/7/2017 8:00:00 AM,1538,EGLINTON AVE E,BIMBROK RD,,Major Arterial,Scarborough,43.735778,-79.252017,At Intersection,No Control,Clear,Daylight,Dry,Non-Fatal Injury,Turning Movement,Driver,30 to 34,Major,,East,"Automobile, Station Wagon",Turning Left,Failed to Yield Right of Way,Normal,,,,,,,,,Yes,,Yes,,,Yes,,Yes,,,,124,Kennedy Park,124,Kennedy Park (124),D41,640764.6911,4844010.7019
13928,80782081,,9/8/2017 8:00:00 AM,1505,BALLIOL ST,BAYVIEW AVE,,Major Arterial,North York,43.701991,-79.373752,At Intersection,Stop Sign,Clear,Daylight,Dry,Non-Fatal Injury,Cyclist Collisions,Driver,35 to 39,None,,East,Passenger Van,Turning Right,Failed to Yield Right of Way,Inattentive,,,,,,,,Yes,Yes,,,,,,,Yes,,,,56,Leaside-Bennington,56,Leaside-Bennington (56),D53,631034.925,4840058.5463
13929,80782082,,9/8/2017 8:00:00 AM,1505,BALLIOL ST,BAYVIEW AVE,,Major Arterial,North York,43.701991,-79.373752,At Intersection,Stop Sign,Clear,Daylight,Dry,Non-Fatal Injury,Cyclist Collisions,Cyclist,50 to 54,Major,,North,Bicycle,Going Ahead,,,,,,"Motorist turns right at non-signal Inter.(stop, yield, no cont.,and dwy) and strikes cyclist.",Driving Properly,Normal,,Yes,Yes,,,,,,,Yes,,,,56,Leaside-Bennington,56,Leaside-Bennington (56),D53,631034.925,4840058.5463
13930,80782123,,9/9/2017 8:00:00 AM,1221,MC CAUL ST,QUEEN ST W,,Major Arterial,Toronto and East York,43.650122,-79.389713,At Intersection,Traffic Controller,Clear,Daylight,Dry,Non-Fatal Injury,Turning Movement,Motorcycle Driver,45 to 49,Major,,South,Motorcycle,Going Ahead,Lost control,Normal,,,,,,,,,Yes,Yes,,,,,,,,,,164,Wellington Place,77,Waterfront Communities-The Island (77),D52,629860.6923,4834272.6876
13931,80782124,,9/9/2017 8:00:00 AM,1221,MC CAUL ST,QUEEN ST W,,Major Arterial,Toronto and East York,43.650122,-79.389713,At Intersection,Traffic Controller,Clear,Daylight,Dry,Non-Fatal Injury,Turning Movement,Driver,15 to 19,None,,West,"Automobile, Station Wagon",Turning Left,Driving Properly,Normal,,,,,,,,,Yes,Yes,,,,,,,,,,164,Wellington Place,77,Waterfront Communities-The Island (77),D52,629860.6923,4834272.6876
13932,80782535,,9/12/2017 8:00:00 AM,844,COSBURN AVE,LESMOUNT AVE,,Minor Arterial,Toronto and East York,43.691332,-79.340617,At Intersection,No Control,Clear,Daylight,Dry,Non-Fatal Injury,Cyclist Collisions,Truck Driver,45 to 49,None,,West,"Truck - Closed (Blazer, etc)",Turning Right,Improper Turn,Normal,,,,,,,,Yes,,,Yes,,,,,,,,,59,Danforth East York,59,Danforth East York (59),D55,633728.4986,4838927.6196
13933,80782536,,9/12/2017 8:00:00 AM,844,COSBURN AVE,LESMOUNT AVE,,Minor Arterial,Toronto and East York,43.691332,-79.340617,At Intersection,No Control,Clear,Daylight,Dry,Non-Fatal Injury,Cyclist Collisions,Cyclist,35 to 39,Major,,West,Bicycle,Going Ahead,,,,,,"Motorist turns right at non-signal Inter.(stop, yield, no cont.,and dwy) and strikes cyclist.",Driving Properly,Normal,,Yes,,,Yes,,,,,,,,,59,Danforth East York,59,Danforth East York (59),D55,633728.4986,4838927.6196
13934,80888647,,9/12/2017 8:00:00 AM,1426,BIRCHMOUNT RD,WINTERMUTE BLVD,88 m North o,Major Arterial,Scarborough,43.817134,-79.314929,Non Intersection,No Control,Clear,Daylight,Dry,Non-Fatal Injury,Approaching,Driver,35 to 39,Minimal,,South,"Automobile, Station Wagon",Going Ahead,Driving Properly,Normal,,,,,,,,,Yes,,,,,,,,,,,116,Steeles,116,Steeles (116),D42,635514.4367,4852941.5862
13935,80888648,,9/12/2017 8:00:00 AM,1426,BIRCHMOUNT RD,WINTERMUTE BLVD,88 m North o,Major Arterial,Scarborough,43.817134,-79.314929,Non Intersection,No Control,Clear,Daylight,Dry,Non-Fatal Injury,Approaching,Driver,60 to 64,Major,,North,"Automobile, Station Wagon",Going Ahead,Lost control,Unknown,,,,,,,,,Yes,,,,,,,,,,,116,Steeles,116,Steeles (116),D42,635514.4367,4852941.5862
13936,80782764,,9/13/2017 8:00:00 AM,105,BLOOR ST W,BRUNSWICK AVE,,Major Arterial,Toronto and East York,43.665908,-79.407436,At Intersection,Traffic Signal,Clear,"Dark, artificial",Dry,Non-Fatal Injury,Cyclist Collisions,Cyclist,20 to 24,Major,,West,Bicycle,Making U Turn,,,,,,Cyclist makes u-turn in-front of driver.,Improper Turn,Had Been Drinking,,Yes,,Yes,,,,,,,,,,79,University,79,University (79),D14,628397.7651,4835998.3493
13937,80782765,,9/13/2017 8:00:00 AM,105,BLOOR ST W,BRUNSWICK AVE,,Major Arterial,Toronto and East York,43.665908,-79.407436,At Intersection,Traffic Signal,Clear,"Dark, artificial",Dry,Non-Fatal Injury,Cyclist Collisions,Motorcycle Driver,20 to 24,None,,East,Motorcycle,Going Ahead,Driving Properly,Normal,,,,,,,,Yes,,Yes,,,,,,,,,,79,University,79,University (79),D14,628397.7651,4835998.3493
13938,80915777,,9/14/2017 8:00:00 AM,1601,DON MILLS RD,GATEWAY BLVD,,Major Arterial,North York,43.714392,-79.336337,At Intersection,Traffic Signal,Clear,Daylight,Dry,Non-Fatal Injury,Turning Movement,Driver,30 to 34,None,,South,"Automobile, Station Wagon",Going Ahead,Driving Properly,Normal,,,,,,,,,Yes,Yes,,,,,,,,,,44,Flemingdon Park,44,Flemingdon Park (44),D55,634022.029,4841495.6709
13939,80915778,,9/14/2017 8:00:00 AM,1601,DON MILLS RD,GATEWAY BLVD,,Major Arterial,North York,43.714392,-79.336337,At Intersection,Traffic Signal,Clear,Daylight,Dry,Non-Fatal Injury,Turning Movement,Motorcycle Driver,15 to 19,Major,,East,Motorcycle,Turning Right,Improper Turn,Inattentive,,,,,,,,,Yes,Yes,,,,,,,,,,44,Flemingdon Park,44,Flemingdon Park (44),D55,634022.029,4841495.6709
13940,80781640,,9/15/2017 8:00:00 AM,652,STEELES AVE W,HIGHWAY 27  N,200 m East o,Major Arterial,Etobicoke York,43.755641,-79.61288,Non Intersection,No Control,Clear,Daylight,Dry,Fatal,Turning Movement,Truck Driver,30 to 34,Minimal,,East,Truck - Dump,Turning Left,Failed to Yield Right of Way,Normal,,,,,,,,,Yes,,Yes,,,Yes,Yes,Yes,,,,1,West Humber-Clairville,1,West Humber-Clairville (1),D23,611667.3042,4845666.979
13941,80782623,,9/15/2017 8:00:00 AM,652,STEELES AVE W,HIGHWAY 27  N,200 m East o,Major Arterial,Etobicoke York,43.755641,-79.61288,Non Intersection,No Control,Clear,Daylight,Dry,Fatal,Turning Movement,Passenger,55 to 59,Fatal,41,,,,,,,,,,,,,,Yes,,Yes,,,Yes,Yes,Yes,,,,1,West Humber-Clairville,1,West Humber-Clairville (1),D23,611667.3042,4845666.979
13942,80782625,,9/15/2017 8:00:00 AM,652,STEELES AVE W,HIGHWAY 27  N,200 m East o,Major Arterial,Etobicoke York,43.755641,-79.61288,Non Intersection,No Control,Clear,Daylight,Dry,Fatal,Turning Movement,Driver,50 to 54,Minor,,East,"Automobile, Station Wagon",Going Ahead,Driving Properly,Normal,,,,,,,,,Yes,,Yes,,,Yes,Yes,Yes,,,,1,West Humber-Clairville,1,West Humber-Clairville (1),D23,611667.3042,4845666.979
13943,80782626,,9/15/2017 8:00:00 AM,652,STEELES AVE W,HIGHWAY 27  N,200 m East o,Major Arterial,Etobicoke York,43.755641,-79.61288,Non Intersection,No Control,Clear,Daylight,Dry,Fatal,Turning Movement,Driver,20 to 24,Major,,West,"Automobile, Station Wagon",Going Ahead,Exceeding Speed Limit,Had Been Drinking,,,,,,,,,Yes,,Yes,,,Yes,Yes,Yes,,,,1,West Humber-Clairville,1,West Humber-Clairville (1),D23,611667.3042,4845666.979
13944,80892785,,9/17/2017 8:00:00 AM,2358,LAKE SHORE BLVD W,REMEMBRANCE DR,,Major Arterial,Toronto and East York,43.630351,-79.419742,At Intersection,Traffic Signal,Clear,"Dark, artificial",Dry,Non-Fatal Injury,Cyclist Collisions,Cyclist,25 to 29,Major,,West,Bicycle,Going Ahead,,,,,,Motorist turning right on red at signalized intersection strikes cyclist.,Driving Properly,Normal,,Yes,Yes,,,,,,,,,,,163,Fort York-Liberty Village,82,Niagara (82),D14,627480.8023,4832030.3108
13945,80892786,,9/17/2017 8:00:00 AM,2358,LAKE SHORE BLVD W,REMEMBRANCE DR,,Major Arterial,Toronto and East York,43.630351,-79.419742,At Intersection,Traffic Signal,Clear,"Dark, artificial",Dry,Non-Fatal Injury,Cyclist Collisions,Driver,45 to 49,None,,North,Passenger Van,Turning Right,Improper Turn,Normal,,,,,,,,Yes,Yes,,,,,,,,,,,163,Fort York-Liberty Village,82,Niagara (82),D14,627480.8023,4832030.3108
13946,80783390,,9/18/2017 8:00:00 AM,2019,LAKE SHORE BLVD W,BRITISH COLUMBIA RD,1 m West of,Major Arterial,Toronto and East York,43.631358,-79.429141,At Intersection,Traffic Signal,Clear,"Dark, artificial",Dry,Non-Fatal Injury,Cyclist Collisions,Cyclist,15 to 19,Major,,South,Bicycle,Going Ahead,,,,,,"Cyclist without ROW rides into path of motorist at inter, lnwy, dwy-Cyclist not turn.",Disobeyed Traffic Control,Normal,,Yes,Yes,,,,,,,,,,,85,South Parkdale,85,South Parkdale (85),D14,626720.4527,4832127.7604
13947,80783391,,9/18/2017 8:00:00 AM,2019,LAKE SHORE BLVD W,BRITISH COLUMBIA RD,1 m West of,Major Arterial,Toronto and East York,43.631358,-79.429141,At Intersection,Traffic Signal,Clear,"Dark, artificial",Dry,Non-Fatal Injury,Cyclist Collisions,Driver,60 to 64,None,,West,"Automobile, Station Wagon",Going Ahead,Driving Properly,Normal,,,,,,,,Yes,Yes,,,,,,,,,,,85,South Parkdale,85,South Parkdale (85),D14,626720.4527,4832127.7604
13948,80782620,,9/20/2017 8:00:00 AM,1953,BROADVIEW AVE,NEALON AVE,,Minor Arterial,Toronto and East York,43.682852,-79.357181,At Intersection,No Control,Clear,Dark,Dry,Fatal,Pedestrian Collisions,Pedestrian,85 to 89,Fatal,42,West,,,,,Vehicle is going straight thru inter.while ped cross without ROW,"Crossing, no Traffic Control",Inattentive,,,,Yes,,Yes,,,,,,,,,,,57,Broadview North,57,Broadview North (57),D55,632412.2608,4837959.2183
13949,80783195,,9/20/2017 8:00:00 AM,1953,BROADVIEW AVE,NEALON AVE,,Minor Arterial,Toronto and East York,43.682852,-79.357181,At Intersection,No Control,Clear,Dark,Dry,Fatal,Pedestrian Collisions,Driver,50 to 54,None,,North,"Automobile, Station Wagon",Going Ahead,Driving Properly,Unknown,,,,,,,Yes,,Yes,,,,,,,,,,,57,Broadview North,57,Broadview North (57),D55,632412.2608,4837959.2183
13950,80935608,,9/22/2017 8:00:00 AM,1632,SCARLETT  RD,EAST DR,,Minor Arterial,Etobicoke York,43.676768,-79.505992,At Intersection,Traffic Signal,Clear,Daylight,Dry,Non-Fatal Injury,Turning Movement,Driver,60 to 64,Major,,South,"Automobile, Station Wagon",Turning Left,Driving Properly,Normal,,,,,,,,,Yes,,,,,,,Yes,Yes,,,111,Rockcliffe-Smythe,111,Rockcliffe-Smythe (111),D12,620430.062,4837056.6833
13951,80935609,,9/22/2017 8:00:00 AM,1632,SCARLETT  RD,EAST DR,,Minor Arterial,Etobicoke York,43.676768,-79.505992,At Intersection,Traffic Signal,Clear,Daylight,Dry,Non-Fatal Injury,Turning Movement,Driver,60 to 64,None,,North,"Automobile, Station Wagon",Going Ahead,Disobeyed Traffic Control,Inattentive,,,,,,,,,Yes,,,,,,,Yes,Yes,,,111,Rockcliffe-Smythe,111,Rockcliffe-Smythe (111),D12,620430.062,4837056.6833
13952,80898080,,9/23/2017 8:00:00 AM,50,ROCKCLIFFE BLVD,WOOLNER AVE,150 m North ,Collector,Etobicoke York,43.674117,-79.488162,Non Intersection,No Control,Clear,"Dark, artificial",Dry,Non-Fatal Injury,SMV Other,Passenger,15 to 19,Major,,,,,,,,,,,,,,,Yes,,,,,Yes,Yes,Yes,,,,111,Rockcliffe-Smythe,111,Rockcliffe-Smythe (111),D12,621872.6938,4836788.2963
13953,80898081,,9/23/2017 8:00:00 AM,50,ROCKCLIFFE BLVD,WOOLNER AVE,150 m North ,Collector,Etobicoke York,43.674117,-79.488162,Non Intersection,No Control,Clear,"Dark, artificial",Dry,Non-Fatal Injury,SMV Other,Passenger,15 to 19,Major,,,,,,,,,,,,,,,Yes,,,,,Yes,Yes,Yes,,,,111,Rockcliffe-Smythe,111,Rockcliffe-Smythe (111),D12,621872.6938,4836788.2963
13954,80898082,,9/23/2017 8:00:00 AM,50,ROCKCLIFFE BLVD,WOOLNER AVE,150 m North ,Collector,Etobicoke York,43.674117,-79.488162,Non Intersection,No Control,Clear,"Dark, artificial",Dry,Non-Fatal Injury,SMV Other,Passenger,15 to 19,Minor,,,,,,,,,,,,,,,Yes,,,,,Yes,Yes,Yes,,,,111,Rockcliffe-Smythe,111,Rockcliffe-Smythe (111),D12,621872.6938,4836788.2963
13955,80898083,,9/23/2017 8:00:00 AM,50,ROCKCLIFFE BLVD,WOOLNER AVE,150 m North ,Collector,Etobicoke York,43.674117,-79.488162,Non Intersection,No Control,Clear,"Dark, artificial",Dry,Non-Fatal Injury,SMV Other,Passenger,15 to 19,None,,,,,,,,,,,,,,,Yes,,,,,Yes,Yes,Yes,,,,111,Rockcliffe-Smythe,111,Rockcliffe-Smythe (111),D12,621872.6938,4836788.2963
13956,80898084,,9/23/2017 8:00:00 AM,50,ROCKCLIFFE BLVD,WOOLNER AVE,150 m North ,Collector,Etobicoke York,43.674117,-79.488162,Non Intersection,No Control,Clear,"Dark, artificial",Dry,Non-Fatal Injury,SMV Other,Passenger,15 to 19,Minor,,,,,,,,,,,,,,,Yes,,,,,Yes,Yes,Yes,,,,111,Rockcliffe-Smythe,111,Rockcliffe-Smythe (111),D12,621872.6938,4836788.2963