OBJECTID,INDEX,ACCNUM,DATE,TIME,STREET1,STREET2,OFFSET,ROAD_CLASS,DISTRICT,LATITUDE,LONGITUDE,ACCLOC,TRAFFCTL,VISIBILITY,LIGHT,RDSFCOND,ACCLASS,IMPACTYPE,INVTYPE,INVAGE,INJURY,FATAL_NO,INITDIR,VEHTYPE,MANOEUVER,DRIVACT,DRIVCOND,PEDTYPE,PEDACT,PEDCOND,CYCLISTYPE,CYCACT,CYCCOND,PEDESTRIAN,CYCLIST,AUTOMOBILE,MOTORCYCLE,TRUCK,TRSN_CITY_VEH,EMERG_VEH,PASSENGER,SPEEDING,AG_DRIV,REDLIGHT,ALCOHOL,DISABILITY,HOOD_158,NEIGHBOURHOOD_158,HOOD_140,NEIGHBOURHOOD_140,DIVISION,x,y
14014,80783701,,10/5/2017 8:00:00 AM,331,YONGE ST,LAWRENCE AVE W,100 m North ,Major Arterial,North York,43.725344,-79.40224,Non Intersection,No Control,Clear,Dark,Dry,Fatal,Pedestrian Collisions,Driver,25 to 29,None,,South,"Automobile, Station Wagon",Changing Lanes,Improper Lane Change,Normal,,,,,,,Yes,,Yes,,,,,,,,,,,105,Lawrence Park North,105,Lawrence Park North (105),D32,628689.4862,4842607.5968
14015,80920314,,10/5/2017 8:00:00 AM,1310,WARDEN AVE,CIVIC  RD,37 m South o,Major Arterial,Scarborough,43.726473,-79.287074,Non Intersection,No Control,Clear,Daylight,Dry,Non-Fatal Injury,Pedestrian Collisions,Pedestrian,60 to 64,Major,,South,,,,,Pedestrian hit on sidewalk or shoulder,On Sidewalk or Shoulder,Normal,,,,Yes,,Yes,,,,,,,,,,,120,Clairlea-Birchmount,120,Clairlea-Birchmount (120),D41,637962.8901,4842918.2789
14016,80920315,,10/5/2017 8:00:00 AM,1310,WARDEN AVE,CIVIC  RD,37 m South o,Major Arterial,Scarborough,43.726473,-79.287074,Non Intersection,No Control,Clear,Daylight,Dry,Non-Fatal Injury,Pedestrian Collisions,Pedestrian,65 to 69,Minor,,South,,,,,Pedestrian hit on sidewalk or shoulder,On Sidewalk or Shoulder,Normal,,,,Yes,,Yes,,,,,,,,,,,120,Clairlea-Birchmount,120,Clairlea-Birchmount (120),D41,637962.8901,4842918.2789
14017,80920316,,10/5/2017 8:00:00 AM,1310,WARDEN AVE,CIVIC  RD,37 m South o,Major Arterial,Scarborough,43.726473,-79.287074,Non Intersection,No Control,Clear,Daylight,Dry,Non-Fatal Injury,Pedestrian Collisions,Driver,65 to 69,None,,East,"Automobile, Station Wagon",Turning Right,Lost control,Unknown,,,,,,,Yes,,Yes,,,,,,,,,,,120,Clairlea-Birchmount,120,Clairlea-Birchmount (120),D41,637962.8901,4842918.2789
14018,80912807,,10/5/2017 8:00:00 AM,1330,QUEEN ST W,PORTLAND ST,3 m East of,Major Arterial,Toronto and East York,43.647635,-79.40137,At Intersection,Traffic Signal,Clear,Daylight,Dry,Non-Fatal Injury,Turning Movement,Motorcycle Driver,30 to 34,Major,,West,Motorcycle,Going Ahead,Driving Properly,Normal,,,,,,,,,Yes,Yes,,,,,,,,,,164,Wellington Place,77,Waterfront Communities-The Island (77),D14,628925.9312,4833978.298
14019,80912808,,10/5/2017 8:00:00 AM,1330,QUEEN ST W,PORTLAND ST,3 m East of,Major Arterial,Toronto and East York,43.647635,-79.40137,At Intersection,Traffic Signal,Clear,Daylight,Dry,Non-Fatal Injury,Turning Movement,Driver,30 to 34,None,,West,"Automobile, Station Wagon",Making U Turn,Improper Turn,Normal,,,,,,,,,Yes,Yes,,,,,,,,,,164,Wellington Place,77,Waterfront Communities-The Island (77),D14,628925.9312,4833978.298
14020,80886170,,10/6/2017 8:00:00 AM,1825,SHEPPARD  AVE E,PROVOST DR,,Major Arterial,North York,43.770285,-79.371227,At Intersection,Traffic Signal,Clear,Daylight,Dry,Non-Fatal Injury,Pedestrian Collisions,Pedestrian,60 to 64,Major,,Unknown,,,,,Pedestrian hit on sidewalk or shoulder,On Sidewalk or Shoulder,Normal,,,,Yes,,Yes,,,,,Yes,,Yes,Yes,,,52,Bayview Village,52,Bayview Village (52),D33,631089.2699,4847647.5916
14021,80886171,,10/6/2017 8:00:00 AM,1825,SHEPPARD  AVE E,PROVOST DR,,Major Arterial,North York,43.770285,-79.371227,At Intersection,Traffic Signal,Clear,Daylight,Dry,Non-Fatal Injury,Pedestrian Collisions,Passenger,70 to 74,Minimal,,,,,,,,,,,,,Yes,,Yes,,,,,Yes,,Yes,Yes,,,52,Bayview Village,52,Bayview Village (52),D33,631089.2699,4847647.5916
14022,80886172,,10/6/2017 8:00:00 AM,1825,SHEPPARD  AVE E,PROVOST DR,,Major Arterial,North York,43.770285,-79.371227,At Intersection,Traffic Signal,Clear,Daylight,Dry,Non-Fatal Injury,Pedestrian Collisions,Passenger,75 to 79,Minimal,,,,,,,,,,,,,Yes,,Yes,,,,,Yes,,Yes,Yes,,,52,Bayview Village,52,Bayview Village (52),D33,631089.2699,4847647.5916
14023,80886173,,10/6/2017 8:00:00 AM,1825,SHEPPARD  AVE E,PROVOST DR,,Major Arterial,North York,43.770285,-79.371227,At Intersection,Traffic Signal,Clear,Daylight,Dry,Non-Fatal Injury,Pedestrian Collisions,Driver,30 to 34,Minimal,,North,"Automobile, Station Wagon",Stopped,Driving Properly,Normal,,,,,,,Yes,,Yes,,,,,Yes,,Yes,Yes,,,52,Bayview Village,52,Bayview Village (52),D33,631089.2699,4847647.5916
14024,80886174,,10/6/2017 8:00:00 AM,1825,SHEPPARD  AVE E,PROVOST DR,,Major Arterial,North York,43.770285,-79.371227,At Intersection,Traffic Signal,Clear,Daylight,Dry,Non-Fatal Injury,Pedestrian Collisions,Driver,20 to 24,Minimal,,East,"Automobile, Station Wagon",Going Ahead,Disobeyed Traffic Control,Normal,,,,,,,Yes,,Yes,,,,,Yes,,Yes,Yes,,,52,Bayview Village,52,Bayview Village (52),D33,631089.2699,4847647.5916
14025,80886175,,10/6/2017 8:00:00 AM,1825,SHEPPARD  AVE E,PROVOST DR,,Major Arterial,North York,43.770285,-79.371227,At Intersection,Traffic Signal,Clear,Daylight,Dry,Non-Fatal Injury,Pedestrian Collisions,Driver,30 to 34,Minimal,,West,"Automobile, Station Wagon",Turning Left,Failed to Yield Right of Way,Normal,,,,,,,Yes,,Yes,,,,,Yes,,Yes,Yes,,,52,Bayview Village,52,Bayview Village (52),D33,631089.2699,4847647.5916
14026,80886415,,10/7/2017 8:00:00 AM,2025,UNIVERSITY AVE,EDWARD ST,,Major Arterial,Toronto and East York,43.655394,-79.388561,At Intersection,No Control,Clear,"Daylight, artificial",Dry,Non-Fatal Injury,Turning Movement,Motorcycle Passenger,15 to 19,Minimal,,,,,,,,,,,,,,,Yes,Yes,,,,Yes,,Yes,,,,170,Yonge-Bay Corridor,76,Bay Street Corridor (76),D52,629942.2252,4834860.0159
14027,80886416,,10/7/2017 8:00:00 AM,2025,UNIVERSITY AVE,EDWARD ST,,Major Arterial,Toronto and East York,43.655394,-79.388561,At Intersection,No Control,Clear,"Daylight, artificial",Dry,Non-Fatal Injury,Turning Movement,Passenger,30 to 34,None,,,,,,,,,,,,,,,Yes,Yes,,,,Yes,,Yes,,,,170,Yonge-Bay Corridor,76,Bay Street Corridor (76),D52,629942.2252,4834860.0159
14028,80886417,,10/7/2017 8:00:00 AM,2025,UNIVERSITY AVE,EDWARD ST,,Major Arterial,Toronto and East York,43.655394,-79.388561,At Intersection,No Control,Clear,"Daylight, artificial",Dry,Non-Fatal Injury,Turning Movement,Motorcycle Driver,25 to 29,Major,,North,Motorcycle,Going Ahead,Driving Properly,Normal,,,,,,,,,Yes,Yes,,,,Yes,,Yes,,,,170,Yonge-Bay Corridor,76,Bay Street Corridor (76),D52,629942.2252,4834860.0159
14029,80886418,,10/7/2017 8:00:00 AM,2025,UNIVERSITY AVE,EDWARD ST,,Major Arterial,Toronto and East York,43.655394,-79.388561,At Intersection,No Control,Clear,"Daylight, artificial",Dry,Non-Fatal Injury,Turning Movement,Driver,30 to 34,None,,South,"Automobile, Station Wagon",Turning Left,Failed to Yield Right of Way,Normal,,,,,,,,,Yes,Yes,,,,Yes,,Yes,,,,170,Yonge-Bay Corridor,76,Bay Street Corridor (76),D52,629942.2252,4834860.0159
14030,80902404,,10/8/2017 8:00:00 AM,1230,F G GARDINER XY  E,GARDINER E LOWER JARVIS RAMP,3 m North of,Major Arterial,Toronto and East York,43.641997,-79.379878,Non Intersection,No Control,Clear,Daylight,Dry,Non-Fatal Injury,Rear End,Motorcycle Driver,25 to 29,Major,,East,Motorcycle,Going Ahead,Driving Properly,Normal,,,,,,,,,Yes,Yes,,,,,,,,,,166,St Lawrence-East Bayfront-The Islands,77,Waterfront Communities-The Island (77),D52,630671.4549,4833385.7381
14031,80902405,,10/8/2017 8:00:00 AM,1230,F G GARDINER XY  E,GARDINER E LOWER JARVIS RAMP,3 m North of,Major Arterial,Toronto and East York,43.641997,-79.379878,Non Intersection,No Control,Clear,Daylight,Dry,Non-Fatal Injury,Rear End,Driver,40 to 44,None,,East,"Automobile, Station Wagon",Changing Lanes,Improper Lane Change,Normal,,,,,,,,,Yes,Yes,,,,,,,,,,166,St Lawrence-East Bayfront-The Islands,77,Waterfront Communities-The Island (77),D52,630671.4549,4833385.7381
14032,80894131,,10/9/2017 8:00:00 AM,1545,TRANSIT RD,WILSON AVE,84 m North o,Minor Arterial,North York,43.735114,-79.452129,Non Intersection,No Control,Clear,Daylight,Dry,Non-Fatal Injury,SMV Other,Motorcycle Driver,35 to 39,Major,,North,Motorcycle,Going Ahead,Lost control,Inattentive,,,,,,,,,,Yes,,,,,,,,,,33,Clanton Park,33,Clanton Park (33),D32,624650.9367,4843616.4335
14033,80913662,,10/9/2017 8:00:00 AM,1628,YONGE ST,FRICHOT AVE,95 m South o,Major Arterial,Toronto and East York,43.673964,-79.388301,Non Intersection,No Control,Clear,Daylight,Dry,Non-Fatal Injury,Sideswipe,Driver,30 to 34,None,,North,"Automobile, Station Wagon",Going Ahead,Driving Properly,Normal,,,,,,,,,Yes,,,,,,,,,,,98,Rosedale-Moore Park,98,Rosedale-Moore Park (98),D53,629923.1245,4836922.8696
14034,80913663,,10/9/2017 8:00:00 AM,1628,YONGE ST,FRICHOT AVE,95 m South o,Major Arterial,Toronto and East York,43.673964,-79.388301,Non Intersection,No Control,Clear,Daylight,Dry,Non-Fatal Injury,Sideswipe,Driver,60 to 64,Major,,North,"Automobile, Station Wagon",Changing Lanes,Improper Lane Change,Inattentive,,,,,,,,,Yes,,,,,,,,,,,98,Rosedale-Moore Park,98,Rosedale-Moore Park (98),D53,629923.1245,4836922.8696
14035,80784451,,10/10/2017 8:00:00 AM,2100,3358 MCCOWAN RD,,,Major Arterial,Scarborough,43.825011,-79.275089,At/Near Private Drive,Traffic Signal,Clear,"Dark, artificial",Dry,Non-Fatal Injury,Pedestrian Collisions,Driver,20 to 24,None,,South,"Automobile, Station Wagon",Going Ahead,Driving Properly,Normal,,,,,,,Yes,,Yes,,,,,,,,,,,130,Milliken,130,Milliken (130),D42,638700.1853,4853882.4879
14036,80784452,,10/10/2017 8:00:00 AM,2100,3358 MCCOWAN RD,,,Major Arterial,Scarborough,43.825011,-79.275089,At/Near Private Drive,Traffic Signal,Clear,"Dark, artificial",Dry,Non-Fatal Injury,Pedestrian Collisions,Pedestrian,65 to 69,Major,,East,,,,,Vehicle is going straight thru inter.while ped cross without ROW,Crossing without right of way,Normal,,,,Yes,,Yes,,,,,,,,,,,130,Milliken,130,Milliken (130),D42,638700.1853,4853882.4879
14037,80884911,,10/11/2017 8:00:00 AM,1140,KIPLING AVE,THE WESTWAY,153 m North ,Major Arterial,Etobicoke York,43.686839,-79.555232,Non Intersection,No Control,Clear,Daylight,Dry,Non-Fatal Injury,Sideswipe,Passenger,20 to 24,Minimal,,,,,,,,,,,,,,,Yes,,,,,Yes,,,,,,6,Kingsview Village-The Westway,6,Kingsview Village-The Westway (6),D23,616441.3743,4838104.8889
14038,80884912,,10/11/2017 8:00:00 AM,1140,KIPLING AVE,THE WESTWAY,153 m North ,Major Arterial,Etobicoke York,43.686839,-79.555232,Non Intersection,No Control,Clear,Daylight,Dry,Non-Fatal Injury,Sideswipe,Driver,55 to 59,Major,,South,Passenger Van,Going Ahead,Driving Properly,Normal,,,,,,,,,Yes,,,,,Yes,,,,,,6,Kingsview Village-The Westway,6,Kingsview Village-The Westway (6),D23,616441.3743,4838104.8889
14039,80884913,,10/11/2017 8:00:00 AM,1140,KIPLING AVE,THE WESTWAY,153 m North ,Major Arterial,Etobicoke York,43.686839,-79.555232,Non Intersection,No Control,Clear,Daylight,Dry,Non-Fatal Injury,Sideswipe,Driver,45 to 49,None,,North,Delivery Van,Going Ahead,Driving Properly,Normal,,,,,,,,,Yes,,,,,Yes,,,,,,6,Kingsview Village-The Westway,6,Kingsview Village-The Westway (6),D23,616441.3743,4838104.8889
14040,80884914,,10/11/2017 8:00:00 AM,1140,KIPLING AVE,THE WESTWAY,153 m North ,Major Arterial,Etobicoke York,43.686839,-79.555232,Non Intersection,No Control,Clear,Daylight,Dry,Non-Fatal Injury,Sideswipe,Driver,15 to 19,None,,North,"Automobile, Station Wagon",Changing Lanes,Improper Lane Change,Inattentive,,,,,,,,,Yes,,,,,Yes,,,,,,6,Kingsview Village-The Westway,6,Kingsview Village-The Westway (6),D23,616441.3743,4838104.8889
14041,80889982,,10/11/2017 8:00:00 AM,1847,GERRARD  ST E,SHERBOURNE ST,22 m West of,Minor Arterial,Toronto and East York,43.661154,-79.372196,At Intersection,Traffic Signal,Clear,"Dark, artificial",Dry,Non-Fatal Injury,SMV Other,Driver,60 to 64,Major,,East,"Bus (Other) (Go Bus, Gray Coa",Going Ahead,Lost control,Unknown,,,,,,,,,,,,Yes,,,,,,,,73,Moss Park,73,Moss Park (73),D51,631249.3195,4835525.4985
14042,80937337,,10/11/2017 8:00:00 AM,1928,OLD PARK  RD,WEMBLEY  RD,4 m West of,Collector,North York,43.700614,-79.431331,At Intersection,Stop Sign,Rain,"Dark, artificial",Wet,Non-Fatal Injury,Pedestrian Collisions,Pedestrian,80 to 84,Major,,North,,,,,Vehicle turns left while ped crosses with ROW at inter.,Crossing with right of way,Normal,,,,Yes,,Yes,,,,,,,Yes,,,,102,Forest Hill North,102,Forest Hill North (102),D13,626398.3463,4839816.2174
14043,80937359,,10/11/2017 8:00:00 AM,1928,OLD PARK  RD,WEMBLEY  RD,4 m West of,Collector,North York,43.700614,-79.431331,At Intersection,Stop Sign,Rain,"Dark, artificial",Wet,Non-Fatal Injury,Pedestrian Collisions,Driver,55 to 59,None,,North,"Automobile, Station Wagon",Turning Left,Failed to Yield Right of Way,Normal,,,,,,,Yes,,Yes,,,,,,,Yes,,,,102,Forest Hill North,102,Forest Hill North (102),D13,626398.3463,4839816.2174
14044,80933834,,10/16/2017 8:00:00 AM,1800,LAWRENCE AVE E,GREENCEDAR CRCT,,Major Arterial,Scarborough,43.758113,-79.233043,At Intersection,Traffic Signal,Clear,"Dark, artificial",Dry,Non-Fatal Injury,Turning Movement,Passenger,45 to 49,Major,,,,,,,,,,,,,,,Yes,,,,,Yes,,Yes,Yes,,,141,Golfdale-Cedarbrae-Woburn,137,Woburn (137),D43,642239.7666,4846523.7562
14045,80933835,,10/16/2017 8:00:00 AM,1800,LAWRENCE AVE E,GREENCEDAR CRCT,,Major Arterial,Scarborough,43.758113,-79.233043,At Intersection,Traffic Signal,Clear,"Dark, artificial",Dry,Non-Fatal Injury,Turning Movement,Passenger,15 to 19,None,,,,,,,,,,,,,,,Yes,,,,,Yes,,Yes,Yes,,,141,Golfdale-Cedarbrae-Woburn,137,Woburn (137),D43,642239.7666,4846523.7562
14046,80933836,,10/16/2017 8:00:00 AM,1800,LAWRENCE AVE E,GREENCEDAR CRCT,,Major Arterial,Scarborough,43.758113,-79.233043,At Intersection,Traffic Signal,Clear,"Dark, artificial",Dry,Non-Fatal Injury,Turning Movement,Driver,50 to 54,Minor,,West,"Automobile, Station Wagon",Turning Left,Driving Properly,Normal,,,,,,,,,Yes,,,,,Yes,,Yes,Yes,,,141,Golfdale-Cedarbrae-Woburn,137,Woburn (137),D43,642239.7666,4846523.7562
14047,80933837,,10/16/2017 8:00:00 AM,1800,LAWRENCE AVE E,GREENCEDAR CRCT,,Major Arterial,Scarborough,43.758113,-79.233043,At Intersection,Traffic Signal,Clear,"Dark, artificial",Dry,Non-Fatal Injury,Turning Movement,Driver,45 to 49,Minor,,East,"Automobile, Station Wagon",Going Ahead,Disobeyed Traffic Control,Inattentive,,,,,,,,,Yes,,,,,Yes,,Yes,Yes,,,141,Golfdale-Cedarbrae-Woburn,137,Woburn (137),D43,642239.7666,4846523.7562
14048,80784701,,10/17/2017 8:00:00 AM,1143,COXWELL AVE,MORTIMER AVE,,Minor Arterial,Toronto and East York,43.690516,-79.326534,At Intersection,Traffic Signal,Clear,Daylight,Dry,Non-Fatal Injury,Pedestrian Collisions,Driver,65 to 69,None,,South,"Automobile, Station Wagon",Turning Left,Failed to Yield Right of Way,Normal,,,,,,,Yes,,Yes,,,,,,,Yes,,,,59,Danforth East York,59,Danforth East York (59),D55,634865.2792,4838859.8
14049,80784702,,10/17/2017 8:00:00 AM,1143,COXWELL AVE,MORTIMER AVE,,Minor Arterial,Toronto and East York,43.690516,-79.326534,At Intersection,Traffic Signal,Clear,Daylight,Dry,Non-Fatal Injury,Pedestrian Collisions,Pedestrian,85 to 89,Major,,North,,,,,Vehicle turns left while ped crosses with ROW at inter.,Crossing with right of way,Normal,,,,Yes,,Yes,,,,,,,Yes,,,,59,Danforth East York,59,Danforth East York (59),D55,634865.2792,4838859.8
14050,80784510,,10/18/2017 8:00:00 AM,906,COWAN AVE,KING  ST W,,Major Arterial,Toronto and East York,43.63795,-79.431827,At Intersection,Stop Sign,Clear,Daylight,Dry,Fatal,Cyclist Collisions,Cyclist,35 to 39,Fatal,50,East,Bicycle,Going Ahead,,,,,,"Motorist without ROW drives into path of cyclist at inter, lnwy, dwy-Driver not turn.",Driving Properly,Normal,,Yes,Yes,,,Yes,,,,Yes,,,,85,South Parkdale,85,South Parkdale (85),D14,626489.9413,4832855.7891
14051,80784511,,10/18/2017 8:00:00 AM,906,COWAN AVE,KING  ST W,,Major Arterial,Toronto and East York,43.63795,-79.431827,At Intersection,Stop Sign,Clear,Daylight,Dry,Fatal,Cyclist Collisions,Driver,25 to 29,None,,South,Pick Up Truck,Going Ahead,Failed to Yield Right of Way,Normal,,,,,,,,Yes,Yes,,,Yes,,,,Yes,,,,85,South Parkdale,85,South Parkdale (85),D14,626489.9413,4832855.7891
14052,80784512,,10/18/2017 8:00:00 AM,906,COWAN AVE,KING  ST W,,Major Arterial,Toronto and East York,43.63795,-79.431827,At Intersection,Stop Sign,Clear,Daylight,Dry,Fatal,Cyclist Collisions,Driver,50 to 54,None,,West,Street Car,Going Ahead,Driving Properly,Normal,,,,,,,,Yes,Yes,,,Yes,,,,Yes,,,,85,South Parkdale,85,South Parkdale (85),D14,626489.9413,4832855.7891
14053,80887000,,10/20/2017 8:00:00 AM,2318,KIPLING  AVE,NORTH QUEEN ST,,Major Arterial,Etobicoke York,43.625136,-79.528507,At Intersection,Traffic Signal,Clear,"Dusk, artificial",Dry,Non-Fatal Injury,Pedestrian Collisions,Pedestrian,45 to 49,Major,,West,,,,,Vehicle turns left while ped crosses with ROW at inter.,Crossing with right of way,Normal,,,,Yes,,Yes,,,,,,,Yes,,,,159,Etobicoke City Centre,14,Islington-City Centre West (14),D22,618716.8216,4831289.8484
14054,80887001,,10/20/2017 8:00:00 AM,2318,KIPLING  AVE,NORTH QUEEN ST,,Major Arterial,Etobicoke York,43.625136,-79.528507,At Intersection,Traffic Signal,Clear,"Dusk, artificial",Dry,Non-Fatal Injury,Pedestrian Collisions,Driver,60 to 64,None,,East,"Automobile, Station Wagon",Turning Left,Failed to Yield Right of Way,Inattentive,,,,,,,Yes,,Yes,,,,,,,Yes,,,,159,Etobicoke City Centre,14,Islington-City Centre West (14),D22,618716.8216,4831289.8484
14055,80927647,,10/21/2017 8:00:00 AM,648,EGLINTON AV W,ISLINGTON AV,200 m West o,Major Arterial,Etobicoke York,43.679232,-79.541286,Non Intersection,No Control,Clear,"Dark, artificial",Dry,Non-Fatal Injury,SMV Other,Passenger,20 to 24,Major,,,,,,,,,,,,,,,Yes,,,,,Yes,,,,,,10,Princess-Rosethorn,10,Princess-Rosethorn (10),D22,617580.2228,4837279.7056
14056,80927648,,10/21/2017 8:00:00 AM,648,EGLINTON AV W,ISLINGTON AV,200 m West o,Major Arterial,Etobicoke York,43.679232,-79.541286,Non Intersection,No Control,Clear,"Dark, artificial",Dry,Non-Fatal Injury,SMV Other,Driver,15 to 19,None,,West,"Automobile, Station Wagon",Pulling Onto Shoulder or towardCurb,Lost control,Inattentive,,,,,,,,,Yes,,,,,Yes,,,,,,10,Princess-Rosethorn,10,Princess-Rosethorn (10),D22,617580.2228,4837279.7056
14057,80919708,,10/21/2017 8:00:00 AM,1310,LAKE SHORE BLVD W,THIRTY SEVENTH ST,,Major Arterial,Etobicoke York,43.593325,-79.538135,At Intersection,Traffic Signal,Clear,Daylight,Dry,Non-Fatal Injury,Turning Movement,Passenger,70 to 74,Minimal,,,,,,,,,,,,,,,Yes,Yes,,,,Yes,,Yes,,,,19,Long Branch,19,Long Branch (19),D22,618002.237,4827743.1343
14058,80919709,,10/21/2017 8:00:00 AM,1310,LAKE SHORE BLVD W,THIRTY SEVENTH ST,,Major Arterial,Etobicoke York,43.593325,-79.538135,At Intersection,Traffic Signal,Clear,Daylight,Dry,Non-Fatal Injury,Turning Movement,Motorcycle Driver,25 to 29,Major,,West,Motorcycle,Going Ahead,Driving Properly,Normal,,,,,,,,,Yes,Yes,,,,Yes,,Yes,,,,19,Long Branch,19,Long Branch (19),D22,618002.237,4827743.1343
14059,80919710,,10/21/2017 8:00:00 AM,1310,LAKE SHORE BLVD W,THIRTY SEVENTH ST,,Major Arterial,Etobicoke York,43.593325,-79.538135,At Intersection,Traffic Signal,Clear,Daylight,Dry,Non-Fatal Injury,Turning Movement,Driver,70 to 74,Minimal,,East,"Automobile, Station Wagon",Turning Left,Failed to Yield Right of Way,Inattentive,,,,,,,,,Yes,Yes,,,,Yes,,Yes,,,,19,Long Branch,19,Long Branch (19),D22,618002.237,4827743.1343
14060,80911902,,10/21/2017 8:00:00 AM,2200,45 CUMMER  AVE,,,Minor Arterial,North York,43.787329,-79.415561,Non Intersection,No Control,Clear,"Dark, artificial",Dry,Non-Fatal Injury,Cyclist Collisions,Cyclist,30 to 34,Major,,East,Bicycle,Going Ahead,,,,,,Cyclist and Driver travelling in same direction. One vehicle rear-ended the other.,Driving Properly,Unknown,,Yes,Yes,,,,,,,,,,,50,Newtonbrook East,50,Newtonbrook East (50),D32,627484.856,4849471.357
14061,80911903,,10/21/2017 8:00:00 AM,2200,45 CUMMER  AVE,,,Minor Arterial,North York,43.787329,-79.415561,Non Intersection,No Control,Clear,"Dark, artificial",Dry,Non-Fatal Injury,Cyclist Collisions,Driver,unknown,None,,East,"Automobile, Station Wagon",Going Ahead,Lost control,Unknown,,,,,,,,Yes,Yes,,,,,,,,,,,50,Newtonbrook East,50,Newtonbrook East (50),D32,627484.856,4849471.357
14062,80905056,,10/22/2017 8:00:00 AM,14,MARKHAM  RD,PANDORA CRCL,100 m North ,Major Arterial,Scarborough,43.77117,-79.229785,At Intersection,Traffic Signal,Clear,"Dusk, artificial",Dry,Non-Fatal Injury,Pedestrian Collisions,Pedestrian,35 to 39,Major,,West,,,,,Vehicle is going straight thru inter.while ped cross without ROW,Crossing without right of way,Had Been Drinking,,,,Yes,,Yes,,,,,,,,,,,142,Woburn North,137,Woburn (137),D43,642471.0369,4847979.54
14063,80905057,,10/22/2017 8:00:00 AM,14,MARKHAM  RD,PANDORA CRCL,100 m North ,Major Arterial,Scarborough,43.77117,-79.229785,At Intersection,Traffic Signal,Clear,"Dusk, artificial",Dry,Non-Fatal Injury,Pedestrian Collisions,Driver,35 to 39,None,,South,"Automobile, Station Wagon",Going Ahead,Driving Properly,Normal,,,,,,,Yes,,Yes,,,,,,,,,,,142,Woburn North,137,Woburn (137),D43,642471.0369,4847979.54
14064,80900037,,10/22/2017 8:00:00 AM,1350,AVENUE  RD,WOBURN AVE,30 m South o,Major Arterial,North York,43.725348,-79.41685,Intersection Related,No Control,Clear,Daylight,Dry,Non-Fatal Injury,Sideswipe,Motorcycle Driver,55 to 59,Major,,South,Motorcycle,Going Ahead,Driving Properly,Unknown,,,,,,,,,Yes,Yes,,,,,,,,,,39,Bedford Park-Nortown,39,Bedford Park-Nortown (39),D32,627512.7233,4842585.457
14065,80900038,,10/22/2017 8:00:00 AM,1350,AVENUE  RD,WOBURN AVE,30 m South o,Major Arterial,North York,43.725348,-79.41685,Intersection Related,No Control,Clear,Daylight,Dry,Non-Fatal Injury,Sideswipe,Driver,45 to 49,None,,South,"Automobile, Station Wagon",Changing Lanes,Improper Lane Change,Normal,,,,,,,,,Yes,Yes,,,,,,,,,,39,Bedford Park-Nortown,39,Bedford Park-Nortown (39),D32,627512.7233,4842585.457
14066,80892189,,10/22/2017 8:00:00 AM,2007,KING  ST W,NIAGARA ST,33 m West of,Major Arterial,Toronto and East York,43.642733,-79.408191,Non Intersection,No Control,Clear,"Dark, artificial",Dry,Non-Fatal Injury,Pedestrian Collisions,Pedestrian,25 to 29,Major,,North,,,,,Pedestrian involved in a collision with transit vehicle anywhere along roadway,"Crossing, no Traffic Control",Had Been Drinking,,,,Yes,,,,,Yes,,,,,,,,162,West Queen West,82,Niagara (82),D14,628386.2694,4833423.2934
14067,80892190,,10/22/2017 8:00:00 AM,2007,KING  ST W,NIAGARA ST,33 m West of,Major Arterial,Toronto and East York,43.642733,-79.408191,Non Intersection,No Control,Clear,"Dark, artificial",Dry,Non-Fatal Injury,Pedestrian Collisions,Driver,55 to 59,None,,West,Street Car,Going Ahead,Driving Properly,Normal,,,,,,,Yes,,,,,Yes,,,,,,,,162,West Queen West,82,Niagara (82),D14,628386.2694,4833423.2934
14068,80910269,,10/23/2017 8:00:00 AM,427,AVENUE  RD,WILLOWBANK BLVD,7 m South of,Major Arterial,North York,43.706015,-79.409702,Intersection Related,No Control,Clear,"Dark, artificial",Dry,Non-Fatal Injury,SMV Other,Driver,25 to 29,Major,,South,"Automobile, Station Wagon",Going Ahead,Lost control,Fatigue,,,,,,,,,Yes,,,,,,,Yes,,,,100,Yonge-Eglinton,100,Yonge-Eglinton (100),D53,628129.6523,4840449.2759
14069,80930346,,10/23/2017 8:00:00 AM,833,ELLESMERE RD,PHARMACY AVE,,Major Arterial,Scarborough,43.758959,-79.310153,At Intersection,Traffic Signal,Clear,Daylight,Dry,Non-Fatal Injury,Pedestrian Collisions,Pedestrian,60 to 64,Major,,Unknown,,,,,Pedestrian hit on sidewalk or shoulder,On Sidewalk or Shoulder,Normal,,,,Yes,,Yes,,,,,,Yes,Yes,,,,119,Wexford/Maryvale,119,Wexford/Maryvale (119),D41,636030.4368,4846488.1698
14070,80930347,,10/23/2017 8:00:00 AM,833,ELLESMERE RD,PHARMACY AVE,,Major Arterial,Scarborough,43.758959,-79.310153,At Intersection,Traffic Signal,Clear,Daylight,Dry,Non-Fatal Injury,Pedestrian Collisions,Driver,70 to 74,None,,West,"Automobile, Station Wagon",Turning Left,Driving Properly,Normal,,,,,,,Yes,,Yes,,,,,,Yes,Yes,,,,119,Wexford/Maryvale,119,Wexford/Maryvale (119),D41,636030.4368,4846488.1698