OBJECTID,INDEX,ACCNUM,DATE,TIME,STREET1,STREET2,OFFSET,ROAD_CLASS,DISTRICT,LATITUDE,LONGITUDE,ACCLOC,TRAFFCTL,VISIBILITY,LIGHT,RDSFCOND,ACCLASS,IMPACTYPE,INVTYPE,INVAGE,INJURY,FATAL_NO,INITDIR,VEHTYPE,MANOEUVER,DRIVACT,DRIVCOND,PEDTYPE,PEDACT,PEDCOND,CYCLISTYPE,CYCACT,CYCCOND,PEDESTRIAN,CYCLIST,AUTOMOBILE,MOTORCYCLE,TRUCK,TRSN_CITY_VEH,EMERG_VEH,PASSENGER,SPEEDING,AG_DRIV,REDLIGHT,ALCOHOL,DISABILITY,HOOD_158,NEIGHBOURHOOD_158,HOOD_140,NEIGHBOURHOOD_140,DIVISION,x,y
14071,80930348,,10/23/2017 8:00:00 AM,833,ELLESMERE RD,PHARMACY AVE,,Major Arterial,Scarborough,43.758959,-79.310153,At Intersection,Traffic Signal,Clear,Daylight,Dry,Non-Fatal Injury,Pedestrian Collisions,Driver,25 to 29,None,,East,"Automobile, Station Wagon",Going Ahead,Exceeding Speed Limit,Normal,,,,,,,Yes,,Yes,,,,,,Yes,Yes,,,,119,Wexford/Maryvale,119,Wexford/Maryvale (119),D41,636030.4368,4846488.1698
14072,80930349,,10/23/2017 8:00:00 AM,833,ELLESMERE RD,PHARMACY AVE,,Major Arterial,Scarborough,43.758959,-79.310153,At Intersection,Traffic Signal,Clear,Daylight,Dry,Non-Fatal Injury,Pedestrian Collisions,Driver,20 to 24,None,,West,"Automobile, Station Wagon",Turning Left,Failed to Yield Right of Way,Normal,,,,,,,Yes,,Yes,,,,,,Yes,Yes,,,,119,Wexford/Maryvale,119,Wexford/Maryvale (119),D41,636030.4368,4846488.1698
14073,80893255,,10/26/2017 8:00:00 AM,1904,HENDON  AVE,ELDORA  AVE,,Collector,North York,43.780654,-79.419986,At Intersection,No Control,Clear,"Dark, artificial",Dry,Non-Fatal Injury,Pedestrian Collisions,Driver,65 to 69,None,,East,"Automobile, Station Wagon",Going Ahead,Driving Properly,Normal,,,,,,,Yes,,Yes,,,,,,,Yes,,,,36,Newtonbrook West,36,Newtonbrook West (36),D32,627142.9646,4848723.1899
14074,80893256,,10/26/2017 8:00:00 AM,1904,HENDON  AVE,ELDORA  AVE,,Collector,North York,43.780654,-79.419986,At Intersection,No Control,Clear,"Dark, artificial",Dry,Non-Fatal Injury,Pedestrian Collisions,Pedestrian,65 to 69,Major,,North,,,,,Vehicle is going straight thru inter.while ped cross without ROW,Crossing without right of way,Normal,,,,Yes,,Yes,,,,,,,Yes,,,,36,Newtonbrook West,36,Newtonbrook West (36),D32,627142.9646,4848723.1899
14075,80918691,,10/27/2017 8:00:00 AM,2031,FINCH  AVE W,KIPLING  AVE,,Major Arterial,Etobicoke York,43.743193,-79.582073,At Intersection,Traffic Signal,Clear,Dark,Dry,Non-Fatal Injury,Cyclist Collisions,Cyclist,30 to 34,Minor,,West,Bicycle,Going Ahead,,,,,,Cyclist and Driver travelling in same direction. One vehicle rear-ended the other.,Other,Normal,,Yes,Yes,,,,,,,,,,,3,Thistletown-Beaumond Heights,3,Thistletown-Beaumond Heights (3),D23,614171.0397,4844326.4426
14076,80918692,,10/27/2017 8:00:00 AM,2031,FINCH  AVE W,KIPLING  AVE,,Major Arterial,Etobicoke York,43.743193,-79.582073,At Intersection,Traffic Signal,Clear,Dark,Dry,Non-Fatal Injury,Cyclist Collisions,Driver,45 to 49,Major,,South,"Automobile, Station Wagon",Going Ahead,Driving Properly,Normal,,,,,,,,Yes,Yes,,,,,,,,,,,3,Thistletown-Beaumond Heights,3,Thistletown-Beaumond Heights (3),D23,614171.0397,4844326.4426
14077,80788238,,10/30/2017 8:00:00 AM,1423,KENNEDY RD,ELLESMERE RD,378 m South ,Major Arterial,Scarborough,43.762652,-79.279971,At/Near Private Drive,No Control,Clear,Daylight,Dry,Non-Fatal Injury,Pedestrian Collisions,Driver,55 to 59,None,,East,"Automobile, Station Wagon",Turning Left,Failed to Yield Right of Way,Normal,,,,,,,Yes,,Yes,,,,,,,Yes,,,,126,Dorset Park,126,Dorset Park (126),D41,638451.5557,4846948.3522
14078,80788239,,10/30/2017 8:00:00 AM,1423,KENNEDY RD,ELLESMERE RD,378 m South ,Major Arterial,Scarborough,43.762652,-79.279971,At/Near Private Drive,No Control,Clear,Daylight,Dry,Non-Fatal Injury,Pedestrian Collisions,Pedestrian,55 to 59,Major,,West,,,,,Pedestrian hit at mid-block,"Crossing, no Traffic Control",Normal,,,,Yes,,Yes,,,,,,,Yes,,,,126,Dorset Park,126,Dorset Park (126),D41,638451.5557,4846948.3522
14079,80785438,,10/31/2017 8:00:00 AM,2223,STEELES AVE W,KEELE ST,,Major Arterial,Etobicoke York,43.781508,-79.494464,At Intersection,Traffic Signal,Other,Dark,Other,Fatal,Turning Movement,Passenger,45 to 49,Fatal,51,,,,,,,,,,,,,,Yes,,,,,Yes,,Yes,,,,27,York University Heights,27,York University Heights (27),D31,621147.9828,4848706.3556
14080,80785439,,10/31/2017 8:00:00 AM,2223,STEELES AVE W,KEELE ST,,Major Arterial,Etobicoke York,43.781508,-79.494464,At Intersection,Traffic Signal,Other,Dark,Other,Fatal,Turning Movement,Driver,55 to 59,Major,,East,"Automobile, Station Wagon",Turning Left,Failed to Yield Right of Way,Unknown,,,,,,,,,Yes,,,,,Yes,,Yes,,,,27,York University Heights,27,York University Heights (27),D31,621147.9828,4848706.3556
14081,80785440,,10/31/2017 8:00:00 AM,2223,STEELES AVE W,KEELE ST,,Major Arterial,Etobicoke York,43.781508,-79.494464,At Intersection,Traffic Signal,Other,Dark,Other,Fatal,Turning Movement,Driver,15 to 19,None,,West,"Automobile, Station Wagon",Going Ahead,Driving Properly,Unknown,,,,,,,,,Yes,,,,,Yes,,Yes,,,,27,York University Heights,27,York University Heights (27),D31,621147.9828,4848706.3556
14082,80888528,,11/1/2017 8:00:00 AM,1903,KEELE ST,WILSON AVE,60 m South o,Major Arterial,North York,43.725939,-79.481868,Non Intersection,Traffic Controller,Clear,"Daylight, artificial",Wet,Non-Fatal Injury,Pedestrian Collisions,Pedestrian,45 to 49,Major,,West,,,,,Pedestrian hit at mid-block,Running onto Roadway,Normal,,,,Yes,,Yes,,,,,,,,,,,155,Downsview,26,Downsview-Roding-CFB (26),D31,622274.6867,4842553.1089
14083,80888529,,11/1/2017 8:00:00 AM,1903,KEELE ST,WILSON AVE,60 m South o,Major Arterial,North York,43.725939,-79.481868,Non Intersection,Traffic Controller,Clear,"Daylight, artificial",Wet,Non-Fatal Injury,Pedestrian Collisions,Driver,30 to 34,None,,North,Pick Up Truck,Going Ahead,Driving Properly,Normal,,,,,,,Yes,,Yes,,,,,,,,,,,155,Downsview,26,Downsview-Roding-CFB (26),D31,622274.6867,4842553.1089
14084,80785465,,11/2/2017 8:00:00 AM,840,161 THE WEST MALL,,,Minor Arterial,Etobicoke York,43.621218,-79.560214,Non Intersection,No Control,,Daylight,,Fatal,Approaching,Driver,35 to 39,Minor,,South,"Automobile, Station Wagon",Going Ahead,Driving Properly,Normal,,,,,,,,,Yes,,,,,,Yes,Yes,,,,159,Etobicoke City Centre,14,Islington-City Centre West (14),D22,616166.2955,4830809.8584
14085,80787040,,11/2/2017 8:00:00 AM,840,161 THE WEST MALL,,,Minor Arterial,Etobicoke York,43.621218,-79.560214,Non Intersection,No Control,,Daylight,,Fatal,Approaching,Driver,35 to 39,Fatal,52,North,"Automobile, Station Wagon",Going Ahead,Lost control,Normal,,,,,,,,,Yes,,,,,,Yes,Yes,,,,159,Etobicoke City Centre,14,Islington-City Centre West (14),D22,616166.2955,4830809.8584
14086,80929914,,11/2/2017 8:00:00 AM,1047,DUFFERIN ST,ALMA AVE,10 m North o,Minor Arterial,Toronto and East York,43.644625,-79.429508,At Intersection,No Control,Clear,Daylight,Wet,Non-Fatal Injury,Pedestrian Collisions,Pedestrian,60 to 64,Major,,East,,,,,Vehicle is going straight thru inter.while ped cross without ROW,Crossing without right of way,Inattentive,,,,Yes,,,,Yes,,,,,,,,,84,Little Portugal,84,Little Portugal (84),D14,626662.9679,4833600.67
14087,80929915,,11/2/2017 8:00:00 AM,1047,DUFFERIN ST,ALMA AVE,10 m North o,Minor Arterial,Toronto and East York,43.644625,-79.429508,At Intersection,No Control,Clear,Daylight,Wet,Non-Fatal Injury,Pedestrian Collisions,Truck Driver,55 to 59,None,,South,Truck - Car Carrier,Going Ahead,Driving Properly,Normal,,,,,,,Yes,,,,Yes,,,,,,,,,84,Little Portugal,84,Little Portugal (84),D14,626662.9679,4833600.67
14088,80876329,,11/2/2017 8:00:00 AM,1100,SCARLETT RD,DUNDAS ST W,,Major Arterial,Toronto and East York,43.665454,-79.499164,At Intersection,Yield Sign,Clear,Daylight,Wet,Non-Fatal Injury,Rear End,Driver,50 to 54,None,,South,"Automobile, Station Wagon",Going Ahead,Other,Normal,,,,,,,,,Yes,,,,,,,,,,,114,Lambton Baby Point,114,Lambton Baby Point (114),D11,621003.1966,4835810.0506
14089,80876330,,11/2/2017 8:00:00 AM,1100,SCARLETT RD,DUNDAS ST W,,Major Arterial,Toronto and East York,43.665454,-79.499164,At Intersection,Yield Sign,Clear,Daylight,Wet,Non-Fatal Injury,Rear End,Driver,30 to 34,Major,,South,"Automobile, Station Wagon",Stopped,Driving Properly,Normal,,,,,,,,,Yes,,,,,,,,,,,114,Lambton Baby Point,114,Lambton Baby Point (114),D11,621003.1966,4835810.0506
14090,80921425,,11/2/2017 8:00:00 AM,2215,1172 QUEEN ST W,,75 m East of,Major Arterial,Toronto and East York,43.642802,-79.425449,Non Intersection,No Control,Rain,Dark,Wet,Non-Fatal Injury,Pedestrian Collisions,Pedestrian,30 to 34,Major,,South,,,,,Pedestrian hit at mid-block,"Crossing, no Traffic Control",Had Been Drinking,,,,Yes,,,,,Yes,,,,,,,,84,Little Portugal,84,Little Portugal (84),D14,626994.1778,4833404.4051
14091,80921426,,11/2/2017 8:00:00 AM,2215,1172 QUEEN ST W,,75 m East of,Major Arterial,Toronto and East York,43.642802,-79.425449,Non Intersection,No Control,Rain,Dark,Wet,Non-Fatal Injury,Pedestrian Collisions,Driver,50 to 54,None,,West,Street Car,Going Ahead,Driving Properly,Normal,,,,,,,Yes,,,,,Yes,,,,,,,,84,Little Portugal,84,Little Portugal (84),D14,626994.1778,4833404.4051
14092,80943456,,11/3/2017 8:00:00 AM,649,DUFFERIN ST,STEELES  AVE W,1 m West of,Major Arterial,North York,43.787211,-79.470042,At Intersection,Traffic Signal,Rain,"Dark, artificial",Wet,Non-Fatal Injury,Pedestrian Collisions,Pedestrian,60 to 64,Major,,South,,,,,Vehicle turns right while ped crosses with ROW at inter.,Crossing with right of way,Normal,,,,Yes,,Yes,,,,,,,Yes,,,,34,Bathurst Manor,34,Bathurst Manor (34),D32,623101.49,4849375.7889
14093,80943457,,11/3/2017 8:00:00 AM,649,DUFFERIN ST,STEELES  AVE W,1 m West of,Major Arterial,North York,43.787211,-79.470042,At Intersection,Traffic Signal,Rain,"Dark, artificial",Wet,Non-Fatal Injury,Pedestrian Collisions,Driver,35 to 39,None,,South,Pick Up Truck,Turning Right,Failed to Yield Right of Way,Normal,,,,,,,Yes,,Yes,,,,,,,Yes,,,,34,Bathurst Manor,34,Bathurst Manor (34),D32,623101.49,4849375.7889
14094,80942259,,11/3/2017 8:00:00 AM,725,FINCH AVENUE W,ALBION ROAD,,Major Arterial,Etobicoke York,43.741091,-79.589198,Non Intersection,No Control,Clear,"Dawn, artificial",Wet,Non-Fatal Injury,Pedestrian Collisions,Pedestrian,50 to 54,Major,,Unknown,,,,,Pedestrian hit at mid-block,"Crossing, no Traffic Control",Had Been Drinking,,,,Yes,,Yes,,,,,,,,,,,2,Mount Olive-Silverstone-Jamestown,2,Mount Olive-Silverstone-Jamestown (2),D23,613601.3085,4844083.1914
14095,80942260,,11/3/2017 8:00:00 AM,725,FINCH AVENUE W,ALBION ROAD,,Major Arterial,Etobicoke York,43.741091,-79.589198,Non Intersection,No Control,Clear,"Dawn, artificial",Wet,Non-Fatal Injury,Pedestrian Collisions,Driver,45 to 49,None,,North,Pick Up Truck,Going Ahead,Other,Unknown,,,,,,,Yes,,Yes,,,,,,,,,,,2,Mount Olive-Silverstone-Jamestown,2,Mount Olive-Silverstone-Jamestown (2),D23,613601.3085,4844083.1914
14096,80910262,,11/3/2017 8:00:00 AM,1202,PROGRESS AVE,MIDLAND AVE,,Major Arterial,Scarborough,43.772895,-79.272945,At Intersection,Traffic Signal,Clear,Daylight,Dry,Non-Fatal Injury,Pedestrian Collisions,Pedestrian,30 to 34,Major,,South,,,,,Vehicle is going straight thru inter.while ped cross without ROW,Running onto Roadway,Medical or Physical Disability,,,,Yes,,Yes,,,,,,,,,,,156,Bendale-Glen Andrew,127,Bendale (127),D41,638993.383,4848097.7669
14097,80910263,,11/3/2017 8:00:00 AM,1202,PROGRESS AVE,MIDLAND AVE,,Major Arterial,Scarborough,43.772895,-79.272945,At Intersection,Traffic Signal,Clear,Daylight,Dry,Non-Fatal Injury,Pedestrian Collisions,Driver,55 to 59,None,,East,"Automobile, Station Wagon",Going Ahead,Driving Properly,Normal,,,,,,,Yes,,Yes,,,,,,,,,,,156,Bendale-Glen Andrew,127,Bendale (127),D41,638993.383,4848097.7669
14098,80917740,,11/8/2017 10:00:00 AM,1604,OAK  ST,WESTON  RD,,Major Arterial,Etobicoke York,43.707713,-79.53358,At Intersection,Traffic Signal,Clear,Daylight,Dry,Non-Fatal Injury,Pedestrian Collisions,Pedestrian,15 to 19,Major,,Unknown,,,,,Vehicle turns right while ped crosses with ROW at inter.,Crossing with right of way,Normal,,,,Yes,,Yes,,,,,,,Yes,,,,113,Weston,113,Weston (113),D12,618145.4345,4840453.8584
14099,80917741,,11/8/2017 10:00:00 AM,1604,OAK  ST,WESTON  RD,,Major Arterial,Etobicoke York,43.707713,-79.53358,At Intersection,Traffic Signal,Clear,Daylight,Dry,Non-Fatal Injury,Pedestrian Collisions,Driver,25 to 29,None,,West,"Automobile, Station Wagon",Turning Right,Failed to Yield Right of Way,Inattentive,,,,,,,Yes,,Yes,,,,,,,Yes,,,,113,Weston,113,Weston (113),D12,618145.4345,4840453.8584
14100,80935880,,11/8/2017 10:00:00 AM,1838,TRETHEWEY DR,IRVING RD,20 m North o,Minor Arterial,Etobicoke York,43.692324,-79.477252,Non Intersection,No Control,Clear,"Dark, artificial",Dry,Non-Fatal Injury,Cyclist Collisions,Cyclist,55 to 59,Major,,West,Bicycle,Going Ahead,,,,,,Cyclist and Driver travelling in same direction. One vehicle rear-ended the other.,Driving Properly,Normal,,Yes,Yes,,,,,,,Yes,,,,112,Beechborough-Greenbrook,112,Beechborough-Greenbrook (112),D12,622715.0545,4838826.5159
14101,80935881,,11/8/2017 10:00:00 AM,1838,TRETHEWEY DR,IRVING RD,20 m North o,Minor Arterial,Etobicoke York,43.692324,-79.477252,Non Intersection,No Control,Clear,"Dark, artificial",Dry,Non-Fatal Injury,Cyclist Collisions,Driver,60 to 64,None,,West,"Automobile, Station Wagon",Going Ahead,Improper Passing,Inattentive,,,,,,,,Yes,Yes,,,,,,,Yes,,,,112,Beechborough-Greenbrook,112,Beechborough-Greenbrook (112),D12,622715.0545,4838826.5159
14102,80940787,,11/8/2017 10:00:00 AM,2009,KEELE ST,STEELES AVE W,,Major Arterial,Etobicoke York,43.781508,-79.494464,At Intersection,Traffic Signal,Clear,"Dark, artificial",Dry,Non-Fatal Injury,Turning Movement,Driver,55 to 59,None,,South,"Automobile, Station Wagon",Turning Left,Failed to Yield Right of Way,Inattentive,,,,,,,,,Yes,,,,,,,Yes,,,,27,York University Heights,27,York University Heights (27),D31,621147.9828,4848706.3556
14103,80940788,,11/8/2017 10:00:00 AM,2009,KEELE ST,STEELES AVE W,,Major Arterial,Etobicoke York,43.781508,-79.494464,At Intersection,Traffic Signal,Clear,"Dark, artificial",Dry,Non-Fatal Injury,Turning Movement,Driver,20 to 24,Major,,North,"Automobile, Station Wagon",Going Ahead,Driving Properly,Inattentive,,,,,,,,,Yes,,,,,,,Yes,,,,27,York University Heights,27,York University Heights (27),D31,621147.9828,4848706.3556
14104,80787358,,11/10/2017 10:00:00 AM,900,YONGE ST,CHURCH AVE,,Major Arterial,North York,43.773707,-79.413989,At Intersection,Traffic Signal,Clear,Daylight,Wet,Non-Fatal Injury,Pedestrian Collisions,Driver,25 to 29,None,,South,"Automobile, Station Wagon",Turning Left,Improper Turn,Inattentive,,,,,,,Yes,,Yes,,,,,Yes,,,,,,151,Yonge-Doris,51,Willowdale East (51),D32,627640.3249,4847960.8466
14105,80787359,,11/10/2017 10:00:00 AM,900,YONGE ST,CHURCH AVE,,Major Arterial,North York,43.773707,-79.413989,At Intersection,Traffic Signal,Clear,Daylight,Wet,Non-Fatal Injury,Pedestrian Collisions,Driver,35 to 39,None,,North,"Automobile, Station Wagon",Going Ahead,Driving Properly,Normal,,,,,,,Yes,,Yes,,,,,Yes,,,,,,151,Yonge-Doris,51,Willowdale East (51),D32,627640.3249,4847960.8466
14106,80787360,,11/10/2017 10:00:00 AM,900,YONGE ST,CHURCH AVE,,Major Arterial,North York,43.773707,-79.413989,At Intersection,Traffic Signal,Clear,Daylight,Wet,Non-Fatal Injury,Pedestrian Collisions,Driver,45 to 49,None,,West,"Automobile, Station Wagon",Stopped,Driving Properly,Normal,,,,,,,Yes,,Yes,,,,,Yes,,,,,,151,Yonge-Doris,51,Willowdale East (51),D32,627640.3249,4847960.8466
14107,80787361,,11/10/2017 10:00:00 AM,900,YONGE ST,CHURCH AVE,,Major Arterial,North York,43.773707,-79.413989,At Intersection,Traffic Signal,Clear,Daylight,Wet,Non-Fatal Injury,Pedestrian Collisions,Pedestrian,65 to 69,Major,,Unknown,,,,,Pedestrian hit on sidewalk or shoulder,On Sidewalk or Shoulder,Normal,,,,Yes,,Yes,,,,,Yes,,,,,,151,Yonge-Doris,51,Willowdale East (51),D32,627640.3249,4847960.8466
14108,80787362,,11/10/2017 10:00:00 AM,900,YONGE ST,CHURCH AVE,,Major Arterial,North York,43.773707,-79.413989,At Intersection,Traffic Signal,Clear,Daylight,Wet,Non-Fatal Injury,Pedestrian Collisions,Passenger,35 to 39,None,,,,,,,,,,,,,Yes,,Yes,,,,,Yes,,,,,,151,Yonge-Doris,51,Willowdale East (51),D32,627640.3249,4847960.8466
14109,80787363,,11/10/2017 10:00:00 AM,900,YONGE ST,CHURCH AVE,,Major Arterial,North York,43.773707,-79.413989,At Intersection,Traffic Signal,Clear,Daylight,Wet,Non-Fatal Injury,Pedestrian Collisions,Passenger,45 to 49,None,,,,,,,,,,,,,Yes,,Yes,,,,,Yes,,,,,,151,Yonge-Doris,51,Willowdale East (51),D32,627640.3249,4847960.8466
14110,80891695,,11/10/2017 10:00:00 AM,1850,O CONNOR DR,PAPE AVE,,Major Arterial,Toronto and East York,43.693171,-79.350253,At Intersection,Traffic Signal,Clear,"Dark, artificial",Dry,Non-Fatal Injury,Pedestrian Collisions,Pedestrian,50 to 54,Major,,West,,,,,Vehicle turns left while ped crosses with ROW at inter.,Crossing with right of way,Normal,,,,Yes,,Yes,,,,,,,Yes,,,,58,Old East York,58,Old East York (58),D55,632947.8681,4839116.3711
14111,80891696,,11/10/2017 10:00:00 AM,1850,O CONNOR DR,PAPE AVE,,Major Arterial,Toronto and East York,43.693171,-79.350253,At Intersection,Traffic Signal,Clear,"Dark, artificial",Dry,Non-Fatal Injury,Pedestrian Collisions,Driver,unknown,None,,West,"Automobile, Station Wagon",Turning Left,Failed to Yield Right of Way,Unknown,,,,,,,Yes,,Yes,,,,,,,Yes,,,,58,Old East York,58,Old East York (58),D55,632947.8681,4839116.3711
14112,80787041,,11/10/2017 10:00:00 AM,2233,WARDEN AVE,WAYNE AVE,147 M North,Major Arterial,Scarborough,43.738906,-79.292102,Non Intersection,No Control,Clear,"Dark, artificial",Dry,Fatal,Pedestrian Collisions,Pedestrian,55 to 59,Fatal,53,West,,,,,Pedestrian hit at mid-block,"Crossing, no Traffic Control",Normal,,,,Yes,,Yes,,,,,,,,,,,119,Wexford/Maryvale,119,Wexford/Maryvale (119),D41,637529.4559,4844290.789
14113,80789132,,11/10/2017 10:00:00 AM,2233,WARDEN AVE,WAYNE AVE,147 M North,Major Arterial,Scarborough,43.738906,-79.292102,Non Intersection,No Control,Clear,"Dark, artificial",Dry,Fatal,Pedestrian Collisions,Driver,20 to 24,None,,South,Passenger Van,Going Ahead,Driving Properly,Normal,,,,,,,Yes,,Yes,,,,,,,,,,,119,Wexford/Maryvale,119,Wexford/Maryvale (119),D41,637529.4559,4844290.789
14114,80918084,,11/12/2017 10:00:00 AM,138,BROCK AVE,SEAFORTH  AVE,21 m North o,Collector,Toronto and East York,43.64363,-79.433177,At Intersection,No Control,Clear,"Dark, artificial",Dry,Non-Fatal Injury,Pedestrian Collisions,Pedestrian,65 to 69,Major,,Unknown,,,,,Pedestrian hit at mid-block,Walking on Roadway with Traffic,Had Been Drinking,,,,Yes,,Yes,,,,,,,,,,,86,Roncesvalles,86,Roncesvalles (86),D11,626369.1398,4833484.5695
14115,80918085,,11/12/2017 10:00:00 AM,138,BROCK AVE,SEAFORTH  AVE,21 m North o,Collector,Toronto and East York,43.64363,-79.433177,At Intersection,No Control,Clear,"Dark, artificial",Dry,Non-Fatal Injury,Pedestrian Collisions,Driver,25 to 29,None,,South,"Automobile, Station Wagon",Going Ahead,Other,Had Been Drinking,,,,,,,Yes,,Yes,,,,,,,,,,,86,Roncesvalles,86,Roncesvalles (86),D11,626369.1398,4833484.5695
14116,80940842,,11/14/2017 10:00:00 AM,1054,STEELES AVE E,SHADLOCK ST,20 m East of,Major Arterial,Scarborough,43.834231,-79.261112,At Intersection,Traffic Signal,Clear,Daylight,Dry,Non-Fatal Injury,Rear End,Driver,40 to 44,Major,,West,"Automobile, Station Wagon",Going Ahead,Following too Close,Normal,,,,,,,,,Yes,,,Yes,,,,Yes,,,,130,Milliken,130,Milliken (130),D42,639802.5596,4854930.0539
14117,80940843,,11/14/2017 10:00:00 AM,1054,STEELES AVE E,SHADLOCK ST,20 m East of,Major Arterial,Scarborough,43.834231,-79.261112,At Intersection,Traffic Signal,Clear,Daylight,Dry,Non-Fatal Injury,Rear End,Driver,50 to 54,None,,West,"Bus (Other) (Go Bus, Gray Coa",Stopped,Driving Properly,Normal,,,,,,,,,Yes,,,Yes,,,,Yes,,,,130,Milliken,130,Milliken (130),D42,639802.5596,4854930.0539
14118,80894480,,11/15/2017 10:00:00 AM,2100,MURRAY ROSS PKWY,SENTINEL RD,,Minor Arterial,Etobicoke York,43.764743,-79.501285,At Intersection,Traffic Signal,Clear,"Dark, artificial",Dry,Non-Fatal Injury,Pedestrian Collisions,Pedestrian,15 to 19,Major,,North,,,,,Vehicle turns left while ped crosses with ROW at inter.,Crossing with right of way,Normal,,,,Yes,,Yes,,,,,,,Yes,,,,27,York University Heights,27,York University Heights (27),D31,620632.8064,4846834.3913
14119,80894481,,11/15/2017 10:00:00 AM,2100,MURRAY ROSS PKWY,SENTINEL RD,,Minor Arterial,Etobicoke York,43.764743,-79.501285,At Intersection,Traffic Signal,Clear,"Dark, artificial",Dry,Non-Fatal Injury,Pedestrian Collisions,Driver,unknown,None,,North,"Automobile, Station Wagon",Turning Left,Failed to Yield Right of Way,Unknown,,,,,,,Yes,,Yes,,,,,,,Yes,,,,27,York University Heights,27,York University Heights (27),D31,620632.8064,4846834.3913
14120,80943064,,11/16/2017 10:00:00 AM,1120,FINCH AVE E,RAVEL RD,,Major Arterial,North York,43.79027,-79.365299,At Intersection,No Control,Clear,Daylight,Dry,Non-Fatal Injury,Pedestrian Collisions,Pedestrian,80 to 84,Major,,North,,,,,Vehicle is going straight thru inter.while ped cross without ROW,"Crossing, no Traffic Control",Normal,,,,Yes,,Yes,,,,,,,,,,,47,Don Valley Village,47,Don Valley Village (47),D33,631522.5519,4849876.6375
14121,80943065,,11/16/2017 10:00:00 AM,1120,FINCH AVE E,RAVEL RD,,Major Arterial,North York,43.79027,-79.365299,At Intersection,No Control,Clear,Daylight,Dry,Non-Fatal Injury,Pedestrian Collisions,Pedestrian,80 to 84,Major,,North,,,,,Vehicle is going straight thru inter.while ped cross without ROW,"Crossing, no Traffic Control",Normal,,,,Yes,,Yes,,,,,,,,,,,47,Don Valley Village,47,Don Valley Village (47),D33,631522.5519,4849876.6375
14122,80943066,,11/16/2017 10:00:00 AM,1120,FINCH AVE E,RAVEL RD,,Major Arterial,North York,43.79027,-79.365299,At Intersection,No Control,Clear,Daylight,Dry,Non-Fatal Injury,Pedestrian Collisions,Driver,70 to 74,None,,West,"Automobile, Station Wagon",Going Ahead,Driving Properly,Normal,,,,,,,Yes,,Yes,,,,,,,,,,,47,Don Valley Village,47,Don Valley Village (47),D33,631522.5519,4849876.6375
14123,80790482,,11/19/2017 10:00:00 AM,145,MARKHAM RD,HIGHWAY 401 C E,,Major Arterial,Scarborough,43.78385,-79.234683,At Intersection,Traffic Signal,Rain,"Dark, artificial",Wet,Non-Fatal Injury,Turning Movement,Driver,30 to 34,Minor,,South,"Automobile, Station Wagon",Going Ahead,Disobeyed Traffic Control,Normal,,,,,,,,,Yes,,,,,,,Yes,Yes,,,142,Woburn North,137,Woburn (137),D43,642046.7997,4849379.4375
14124,80790483,,11/19/2017 10:00:00 AM,145,MARKHAM RD,HIGHWAY 401 C E,,Major Arterial,Scarborough,43.78385,-79.234683,At Intersection,Traffic Signal,Rain,"Dark, artificial",Wet,Non-Fatal Injury,Turning Movement,Driver,30 to 34,Minimal,,East,"Automobile, Station Wagon",Turning Left,Driving Properly,Normal,,,,,,,,,Yes,,,,,,,Yes,Yes,,,142,Woburn North,137,Woburn (137),D43,642046.7997,4849379.4375
14125,80790484,,11/19/2017 10:00:00 AM,145,MARKHAM RD,HIGHWAY 401 C E,,Major Arterial,Scarborough,43.78385,-79.234683,At Intersection,Traffic Signal,Rain,"Dark, artificial",Wet,Non-Fatal Injury,Turning Movement,Driver,35 to 39,None,,East,"Automobile, Station Wagon",Turning Left,Driving Properly,Normal,,,,,,,,,Yes,,,,,,,Yes,Yes,,,142,Woburn North,137,Woburn (137),D43,642046.7997,4849379.4375
14126,80790485,,11/19/2017 10:00:00 AM,145,MARKHAM RD,HIGHWAY 401 C E,,Major Arterial,Scarborough,43.78385,-79.234683,At Intersection,Traffic Signal,Rain,"Dark, artificial",Wet,Non-Fatal Injury,Turning Movement,Other,5 to 9,Minor,,,,,,,,,,,,,,,Yes,,,,,,,Yes,Yes,,,142,Woburn North,137,Woburn (137),D43,642046.7997,4849379.4375