OBJECTID,INDEX,ACCNUM,DATE,TIME,STREET1,STREET2,OFFSET,ROAD_CLASS,DISTRICT,LATITUDE,LONGITUDE,ACCLOC,TRAFFCTL,VISIBILITY,LIGHT,RDSFCOND,ACCLASS,IMPACTYPE,INVTYPE,INVAGE,INJURY,FATAL_NO,INITDIR,VEHTYPE,MANOEUVER,DRIVACT,DRIVCOND,PEDTYPE,PEDACT,PEDCOND,CYCLISTYPE,CYCACT,CYCCOND,PEDESTRIAN,CYCLIST,AUTOMOBILE,MOTORCYCLE,TRUCK,TRSN_CITY_VEH,EMERG_VEH,PASSENGER,SPEEDING,AG_DRIV,REDLIGHT,ALCOHOL,DISABILITY,HOOD_158,NEIGHBOURHOOD_158,HOOD_140,NEIGHBOURHOOD_140,DIVISION,x,y
14127,80790486,,11/19/2017 10:00:00 AM,145,MARKHAM RD,HIGHWAY 401 C E,,Major Arterial,Scarborough,43.78385,-79.234683,At Intersection,Traffic Signal,Rain,"Dark, artificial",Wet,Non-Fatal Injury,Turning Movement,Other,0 to 4,Major,,,,,,,,,,,,,,,Yes,,,,,,,Yes,Yes,,,142,Woburn North,137,Woburn (137),D43,642046.7997,4849379.4375
14128,80894766,,11/20/2017 10:00:00 AM,1809,MORNINGSIDE AVE,CASEBRIDGE CRT,10 m North o,Major Arterial,Scarborough,43.808863,-79.202686,At Intersection,Traffic Signal,Clear,"Dark, artificial",Dry,Non-Fatal Injury,Turning Movement,Passenger,60 to 64,Major,,,,,,,,,,,,,,,Yes,,,,,Yes,,Yes,,,,144,Morningside Heights,131,Rouge (131),D42,644561.1464,4852212.9411
14129,80894767,,11/20/2017 10:00:00 AM,1809,MORNINGSIDE AVE,CASEBRIDGE CRT,10 m North o,Major Arterial,Scarborough,43.808863,-79.202686,At Intersection,Traffic Signal,Clear,"Dark, artificial",Dry,Non-Fatal Injury,Turning Movement,Driver,25 to 29,None,,North,"Automobile, Station Wagon",Going Ahead,Driving Properly,Normal,,,,,,,,,Yes,,,,,Yes,,Yes,,,,144,Morningside Heights,131,Rouge (131),D42,644561.1464,4852212.9411
14130,80894768,,11/20/2017 10:00:00 AM,1809,MORNINGSIDE AVE,CASEBRIDGE CRT,10 m North o,Major Arterial,Scarborough,43.808863,-79.202686,At Intersection,Traffic Signal,Clear,"Dark, artificial",Dry,Non-Fatal Injury,Turning Movement,Driver,60 to 64,Minimal,,South,"Automobile, Station Wagon",Turning Left,Failed to Yield Right of Way,Normal,,,,,,,,,Yes,,,,,Yes,,Yes,,,,144,Morningside Heights,131,Rouge (131),D42,644561.1464,4852212.9411
14131,80788717,,11/21/2017 10:00:00 AM,2319,LAKE SHORE BLVD W,LOWER SIMCOE ST,,Expressway,Toronto and East York,43.640258,-79.383151,At Intersection,Traffic Signal,Clear,"Dark, artificial",Dry,Non-Fatal Injury,Pedestrian Collisions,Driver,55 to 59,None,,North,"Automobile, Station Wagon",Turning Left,Failed to Yield Right of Way,Normal,,,,,,,Yes,,Yes,,,,,,,Yes,,,,165,Harbourfront-CityPlace,77,Waterfront Communities-The Island (77),D52,630411.2296,4833187.4517
14132,80788718,,11/21/2017 10:00:00 AM,2319,LAKE SHORE BLVD W,LOWER SIMCOE ST,,Expressway,Toronto and East York,43.640258,-79.383151,At Intersection,Traffic Signal,Clear,"Dark, artificial",Dry,Non-Fatal Injury,Pedestrian Collisions,Pedestrian,60 to 64,Major,,North,,,,,Vehicle turns left while ped crosses with ROW at inter.,Crossing with right of way,Normal,,,,Yes,,Yes,,,,,,,Yes,,,,165,Harbourfront-CityPlace,77,Waterfront Communities-The Island (77),D52,630411.2296,4833187.4517
14133,80788719,,11/21/2017 10:00:00 AM,2319,LAKE SHORE BLVD W,LOWER SIMCOE ST,,Expressway,Toronto and East York,43.640258,-79.383151,At Intersection,Traffic Signal,Clear,"Dark, artificial",Dry,Non-Fatal Injury,Pedestrian Collisions,Pedestrian,25 to 29,None,,North,,,,,Vehicle turns left while ped crosses with ROW at inter.,Crossing with right of way,Normal,,,,Yes,,Yes,,,,,,,Yes,,,,165,Harbourfront-CityPlace,77,Waterfront Communities-The Island (77),D52,630411.2296,4833187.4517
14134,80790060,178057130,11/22/2017 10:00:00 AM,1110,BAYVIEW AVE,LAWRENCE AVE E,,Major Arterial,North York,43.730132,-79.381397,Non Intersection,No Control,Clear,Daylight,Dry,Non-Fatal Injury,SMV Other,Driver,30 to 34,Major,,South,"Automobile, Station Wagon",Going Ahead,Driving Properly,Normal,,,,,,,,,Yes,,,,,,,,,,,41,Bridle Path-Sunnybrook-York Mills,41,Bridle Path-Sunnybrook-York Mills (41),D53,630357.8879,4843171.9518
14135,80927502,,11/23/2017 10:00:00 AM,1630,MILNER  AVE,EXECUTIVE CRT,18 m East of,Minor Arterial,Scarborough,43.786635,-79.242137,Intersection Related,No Control,Clear,Dusk,Dry,Non-Fatal Injury,Pedestrian Collisions,Pedestrian,50 to 54,Major,,North,,,,,Pedestrian hit at mid-block,"Crossing, no Traffic Control",Inattentive,,,,Yes,,Yes,,,,,,,,,,,128,Agincourt South-Malvern West,128,Agincourt South-Malvern West (128),D42,641440.4354,4849675.9918
14136,80927503,,11/23/2017 10:00:00 AM,1630,MILNER  AVE,EXECUTIVE CRT,18 m East of,Minor Arterial,Scarborough,43.786635,-79.242137,Intersection Related,No Control,Clear,Dusk,Dry,Non-Fatal Injury,Pedestrian Collisions,Driver,55 to 59,None,,East,"Automobile, Station Wagon",Going Ahead,Driving Properly,Normal,,,,,,,Yes,,Yes,,,,,,,,,,,128,Agincourt South-Malvern West,128,Agincourt South-Malvern West (128),D42,641440.4354,4849675.9918
14137,80901586,,11/23/2017 10:00:00 AM,1856,KINGSTON RD,BALSAM AVE,,Major Arterial,Toronto and East York,43.680293,-79.289165,At Intersection,No Control,Clear,Dark,Dry,Non-Fatal Injury,Cyclist Collisions,Cyclist,55 to 59,Major,,East,Bicycle,Going Ahead,,,,,,Motorist turned left across cyclists path.,Driving Properly,Normal,,Yes,Yes,,,,,,,,,,,63,The Beaches,63,The Beaches (63),D55,637900.3203,4837785.8498
14138,80901587,,11/23/2017 10:00:00 AM,1856,KINGSTON RD,BALSAM AVE,,Major Arterial,Toronto and East York,43.680293,-79.289165,At Intersection,No Control,Clear,Dark,Dry,Non-Fatal Injury,Cyclist Collisions,Driver,15 to 19,None,,West,"Automobile, Station Wagon",Turning Left,Improper Turn,Inattentive,,,,,,,,Yes,Yes,,,,,,,,,,,63,The Beaches,63,The Beaches (63),D55,637900.3203,4837785.8498
14139,80788907,,11/24/2017 10:00:00 AM,840,VEROBEACH BLVD,INDRIO RD,,Local,Etobicoke York,43.73778,-79.542117,At Intersection,Stop Sign,Clear,Daylight,Dry,Non-Fatal Injury,Pedestrian Collisions,Driver,40 to 44,None,,South,Pick Up Truck,Turning Left,Failed to Yield Right of Way,Inattentive,,,,,,,Yes,,Yes,,,,,,,Yes,,,,22,Humbermede,22,Humbermede (22),D31,617398.8856,4843781.0896
14140,80788908,,11/24/2017 10:00:00 AM,840,VEROBEACH BLVD,INDRIO RD,,Local,Etobicoke York,43.73778,-79.542117,At Intersection,Stop Sign,Clear,Daylight,Dry,Non-Fatal Injury,Pedestrian Collisions,Pedestrian,80 to 84,Major,,North,,,,,Vehicle turns left while ped crosses with ROW at inter.,Crossing with right of way,Normal,,,,Yes,,Yes,,,,,,,Yes,,,,22,Humbermede,22,Humbermede (22),D31,617398.8856,4843781.0896
14141,80788909,,11/24/2017 10:00:00 AM,840,VEROBEACH BLVD,INDRIO RD,,Local,Etobicoke York,43.73778,-79.542117,At Intersection,Stop Sign,Clear,Daylight,Dry,Non-Fatal Injury,Pedestrian Collisions,Pedestrian,75 to 79,Major,,North,,,,,Vehicle turns left while ped crosses with ROW at inter.,Crossing with right of way,Normal,,,,Yes,,Yes,,,,,,,Yes,,,,22,Humbermede,22,Humbermede (22),D31,617398.8856,4843781.0896
14142,80785464,,11/24/2017 10:00:00 AM,1148,SHEPPARD AVE E,VICTORIA PARK AVE,,Major Arterial,Scarborough,43.775355,-79.322238,Non Intersection,No Control,Clear,Daylight,Dry,Fatal,Pedestrian Collisions,Truck Driver,25 to 29,None,,West,Truck-Tractor,Going Ahead,Driving Properly,Unknown,,,,,,,Yes,,Yes,,Yes,,,,,,,,,118,Tam O'Shanter-Sullivan,118,Tam O'Shanter-Sullivan (118),D42,635020.7035,4848289.4184
14143,80789133,,11/24/2017 10:00:00 AM,1148,SHEPPARD AVE E,VICTORIA PARK AVE,,Major Arterial,Scarborough,43.775355,-79.322238,Non Intersection,No Control,Clear,Daylight,Dry,Fatal,Pedestrian Collisions,Pedestrian,70 to 74,Fatal,54,South,Passenger Van,,,,Pedestrian hit at mid-block,"Crossing, no Traffic Control",Unknown,,,,Yes,,Yes,,Yes,,,,,,,,,118,Tam O'Shanter-Sullivan,118,Tam O'Shanter-Sullivan (118),D42,635020.7035,4848289.4184
14144,80788857,,11/25/2017 10:00:00 AM,2351,DUNDAS ST W,THE EAST MALL,,Major Arterial,Etobicoke York,43.629279,-79.553577,Non Intersection,No Control,Clear,"Dark, artificial",Dry,Non-Fatal Injury,Cyclist Collisions,Cyclist,35 to 39,None,,West,Bicycle,Changing Lanes,,,,,,"Cyclist without ROW rides into path of motorist at inter, lnwy, dwy-Cyclist not turn.",Improper Lane Change,Normal,,Yes,Yes,,,,,,,,,,,159,Etobicoke City Centre,14,Islington-City Centre West (14),D22,616686.1964,4831714.4378
14145,80788858,,11/25/2017 10:00:00 AM,2351,DUNDAS ST W,THE EAST MALL,,Major Arterial,Etobicoke York,43.629279,-79.553577,Non Intersection,No Control,Clear,"Dark, artificial",Dry,Non-Fatal Injury,Cyclist Collisions,Driver,55 to 59,Major,,North,"Automobile, Station Wagon",Going Ahead,Driving Properly,Normal,,,,,,,,Yes,Yes,,,,,,,,,,,159,Etobicoke City Centre,14,Islington-City Centre West (14),D22,616686.1964,4831714.4378
14146,80935083,,11/26/2017 10:00:00 AM,327,MARKHAM  RD,MCNICOLL AVE,,Major Arterial,Scarborough,43.823924,-79.247775,At Intersection,Traffic Signal,Clear,"Dark, artificial",Dry,Non-Fatal Injury,Turning Movement,Passenger,55 to 59,Major,,,,,,,,,,,,,,,Yes,,,,,Yes,,Yes,,,,144,Morningside Heights,131,Rouge (131),D42,640899.087,4853807.9218
14147,80935084,,11/26/2017 10:00:00 AM,327,MARKHAM  RD,MCNICOLL AVE,,Major Arterial,Scarborough,43.823924,-79.247775,At Intersection,Traffic Signal,Clear,"Dark, artificial",Dry,Non-Fatal Injury,Turning Movement,Passenger,85 to 89,Minor,,,,,,,,,,,,,,,Yes,,,,,Yes,,Yes,,,,144,Morningside Heights,131,Rouge (131),D42,640899.087,4853807.9218
14148,80935085,,11/26/2017 10:00:00 AM,327,MARKHAM  RD,MCNICOLL AVE,,Major Arterial,Scarborough,43.823924,-79.247775,At Intersection,Traffic Signal,Clear,"Dark, artificial",Dry,Non-Fatal Injury,Turning Movement,Driver,60 to 64,Minor,,North,"Automobile, Station Wagon",Going Ahead,Driving Properly,Normal,,,,,,,,,Yes,,,,,Yes,,Yes,,,,144,Morningside Heights,131,Rouge (131),D42,640899.087,4853807.9218
14149,80935086,,11/26/2017 10:00:00 AM,327,MARKHAM  RD,MCNICOLL AVE,,Major Arterial,Scarborough,43.823924,-79.247775,At Intersection,Traffic Signal,Clear,"Dark, artificial",Dry,Non-Fatal Injury,Turning Movement,Driver,unknown,None,,South,"Automobile, Station Wagon",Turning Left,Improper Turn,Unknown,,,,,,,,,Yes,,,,,Yes,,Yes,,,,144,Morningside Heights,131,Rouge (131),D42,640899.087,4853807.9218
14150,80927971,,11/28/2017 10:00:00 AM,558,FINCH  AVE W,NORFINCH  DR,,Major Arterial,Etobicoke York,43.755858,-79.524242,At Intersection,Traffic Signal,Clear,"Dark, artificial",Dry,Non-Fatal Injury,Turning Movement,Driver,20 to 24,None,,West,"Automobile, Station Wagon",Going Ahead,Driving Properly,Normal,,,,,,,,,Yes,,,,,Yes,,Yes,,,,25,Glenfield-Jane Heights,25,Glenfield-Jane Heights (25),D31,618802.5482,4845814.3964
14151,80927972,,11/28/2017 10:00:00 AM,558,FINCH  AVE W,NORFINCH  DR,,Major Arterial,Etobicoke York,43.755858,-79.524242,At Intersection,Traffic Signal,Clear,"Dark, artificial",Dry,Non-Fatal Injury,Turning Movement,Driver,35 to 39,Major,,East,"Automobile, Station Wagon",Turning Left,Failed to Yield Right of Way,Inattentive,,,,,,,,,Yes,,,,,Yes,,Yes,,,,25,Glenfield-Jane Heights,25,Glenfield-Jane Heights (25),D31,618802.5482,4845814.3964
14152,80927973,,11/28/2017 10:00:00 AM,558,FINCH  AVE W,NORFINCH  DR,,Major Arterial,Etobicoke York,43.755858,-79.524242,At Intersection,Traffic Signal,Clear,"Dark, artificial",Dry,Non-Fatal Injury,Turning Movement,Passenger,50 to 54,None,,,,,,,,,,,,,,,Yes,,,,,Yes,,Yes,,,,25,Glenfield-Jane Heights,25,Glenfield-Jane Heights (25),D31,618802.5482,4845814.3964
14153,80927974,,11/28/2017 10:00:00 AM,558,FINCH  AVE W,NORFINCH  DR,,Major Arterial,Etobicoke York,43.755858,-79.524242,At Intersection,Traffic Signal,Clear,"Dark, artificial",Dry,Non-Fatal Injury,Turning Movement,Other,35 to 39,None,,,,,,,,,,,,,,,Yes,,,,,Yes,,Yes,,,,25,Glenfield-Jane Heights,25,Glenfield-Jane Heights (25),D31,618802.5482,4845814.3964
14154,80789141,,11/28/2017 10:00:00 AM,1212,EDITH DR,ORCHARD VIEW BLVD,,Collector,North York,43.707171,-79.40327,At Intersection,Stop Sign,Clear,Daylight,Dry,Fatal,Pedestrian Collisions,Driver,50 to 54,None,,West,Pick Up Truck,Turning Left,Disobeyed Traffic Control,Inattentive,,,,,,,Yes,,Yes,,,,,,,Yes,,,,100,Yonge-Eglinton,100,Yonge-Eglinton (100),D53,628645.408,4840587.6273
14155,81070509,,11/28/2017 10:00:00 AM,1212,EDITH DR,ORCHARD VIEW BLVD,,Collector,North York,43.707171,-79.40327,At Intersection,Stop Sign,Clear,Daylight,Dry,Fatal,Pedestrian Collisions,Pedestrian,80 to 84,Fatal,56,East,,,,,Vehicle turns left while ped crosses with ROW at inter.,Crossing with right of way,Unknown,,,,Yes,,Yes,,,,,,,Yes,,,,100,Yonge-Eglinton,100,Yonge-Eglinton (100),D53,628645.408,4840587.6273
14156,80789073,,11/28/2017 10:00:00 AM,1431,KIPLING AVE,BIRMINGHAM ST,,Major Arterial,Etobicoke York,43.600611,-79.517978,At Intersection,Traffic Signal,Clear,Daylight,Dry,Non-Fatal Injury,Pedestrian Collisions,Driver,50 to 54,None,,West,"Automobile, Station Wagon",Turning Left,Failed to Yield Right of Way,Normal,,,,,,,Yes,,Yes,,,,,,,Yes,,,,18,New Toronto,18,New Toronto (18),D22,619614.8942,4828581.1598
14157,80789074,,11/28/2017 10:00:00 AM,1431,KIPLING AVE,BIRMINGHAM ST,,Major Arterial,Etobicoke York,43.600611,-79.517978,At Intersection,Traffic Signal,Clear,Daylight,Dry,Non-Fatal Injury,Pedestrian Collisions,Pedestrian,30 to 34,Major,,East,,,,,Vehicle turns left while ped crosses with ROW at inter.,Crossing with right of way,Normal,,,,Yes,,Yes,,,,,,,Yes,,,,18,New Toronto,18,New Toronto (18),D22,619614.8942,4828581.1598
14158,80900384,,11/30/2017 10:00:00 AM,1709,WARDEN  AVE,BAMBURGH  CRCL,,Major Arterial,Scarborough,43.811564,-79.323375,At Intersection,Traffic Signal,Rain,Dusk,Wet,Non-Fatal Injury,Cyclist Collisions,Cyclist,60 to 64,Major,,South,Bicycle,Going Ahead,,,,,,Motorist turned left across cyclists path.,Disobeyed Traffic Control,Inattentive,,Yes,Yes,,,,,,,,,,,116,Steeles,116,Steeles (116),D42,634847.7342,4852309.1472
14159,80900385,,11/30/2017 10:00:00 AM,1709,WARDEN  AVE,BAMBURGH  CRCL,,Major Arterial,Scarborough,43.811564,-79.323375,At Intersection,Traffic Signal,Rain,Dusk,Wet,Non-Fatal Injury,Cyclist Collisions,Driver,60 to 64,None,,North,"Automobile, Station Wagon",Turning Left,Improper Turn,Inattentive,,,,,,,,Yes,Yes,,,,,,,,,,,116,Steeles,116,Steeles (116),D42,634847.7342,4852309.1472
14160,80885074,,11/30/2017 10:00:00 AM,1825,LAWRENCE  AVE W,GLENMOUNT AVE,,Major Arterial,North York,43.718421,-79.432933,At Intersection,Traffic Signal,Clear,"Dark, artificial",Dry,Non-Fatal Injury,Pedestrian Collisions,Pedestrian,65 to 69,Major,,South,,,,,Vehicle turns left while ped crosses with ROW at inter.,Crossing with right of way,Normal,,,,Yes,,Yes,,,,,,,Yes,,,,32,Englemount-Lawrence,32,Englemount-Lawrence (32),D13,626231.8743,4841791.4938
14161,80885075,,11/30/2017 10:00:00 AM,1825,LAWRENCE  AVE W,GLENMOUNT AVE,,Major Arterial,North York,43.718421,-79.432933,At Intersection,Traffic Signal,Clear,"Dark, artificial",Dry,Non-Fatal Injury,Pedestrian Collisions,Driver,70 to 74,None,,North,"Automobile, Station Wagon",Turning Left,Failed to Yield Right of Way,Inattentive,,,,,,,Yes,,Yes,,,,,,,Yes,,,,32,Englemount-Lawrence,32,Englemount-Lawrence (32),D13,626231.8743,4841791.4938
14162,80790062,,12/1/2017 10:00:00 AM,2330,BIRCHMOUNT RD,MERRYFIELD DR,,Major Arterial,Scarborough,43.751868,-79.286601,At Intersection,No Control,Clear,Dark,Dry,Fatal,Pedestrian Collisions,Driver,55 to 59,None,,North,Passenger Van,Going Ahead,Driving Properly,Normal,,,,,,,Yes,,Yes,,,,,,,,,,,126,Dorset Park,126,Dorset Park (126),D41,637942.6552,4845739.561
14163,80790894,,12/1/2017 10:00:00 AM,2330,BIRCHMOUNT RD,MERRYFIELD DR,,Major Arterial,Scarborough,43.751868,-79.286601,At Intersection,No Control,Clear,Dark,Dry,Fatal,Pedestrian Collisions,Pedestrian,65 to 69,Fatal,55,East,,,,,Vehicle is going straight thru inter.while ped cross without ROW,"Crossing, no Traffic Control",Normal,,,,Yes,,Yes,,,,,,,,,,,126,Dorset Park,126,Dorset Park (126),D41,637942.6552,4845739.561
14164,80793709,,12/3/2017 10:00:00 AM,1253,PRICE ST,YONGE ST,75 m East,Local,Toronto and East York,43.679961,-79.389858,Non Intersection,No Control,Clear,Daylight,Dry,Fatal,Pedestrian Collisions,Pedestrian,75 to 79,Fatal,63,South,,,,,Vehicle is reversing and hits pedestrian,Other,Normal,,,,Yes,,Yes,,,,,,,,,,,98,Rosedale-Moore Park,98,Rosedale-Moore Park (98),D53,629784.68,4837586.4802
14165,80973937,,12/3/2017 10:00:00 AM,1253,PRICE ST,YONGE ST,75 m East,Local,Toronto and East York,43.679961,-79.389858,Non Intersection,No Control,Clear,Daylight,Dry,Fatal,Pedestrian Collisions,Driver,45 to 49,None,,North,"Automobile, Station Wagon",Reversing,Other,Normal,,,,,,,Yes,,Yes,,,,,,,,,,,98,Rosedale-Moore Park,98,Rosedale-Moore Park (98),D53,629784.68,4837586.4802
14166,80891415,,12/5/2017 10:00:00 AM,557,DUFFERIN ST,COLLEGE ST,,Major Arterial,Toronto and East York,43.652495,-79.432521,At Intersection,Traffic Signal,Rain,"Dark, artificial",Wet,Non-Fatal Injury,Angle,Passenger,55 to 59,Major,,,,,,,,,,,,,,,Yes,,,,,Yes,,Yes,,,,84,Little Portugal,84,Little Portugal (84),D14,626403.4525,4834470.1415
14167,80891416,,12/5/2017 10:00:00 AM,557,DUFFERIN ST,COLLEGE ST,,Major Arterial,Toronto and East York,43.652495,-79.432521,At Intersection,Traffic Signal,Rain,"Dark, artificial",Wet,Non-Fatal Injury,Angle,Driver,35 to 39,None,,East,"Automobile, Station Wagon",Going Ahead,Driving Properly,Normal,,,,,,,,,Yes,,,,,Yes,,Yes,,,,84,Little Portugal,84,Little Portugal (84),D14,626403.4525,4834470.1415
14168,80891417,,12/5/2017 10:00:00 AM,557,DUFFERIN ST,COLLEGE ST,,Major Arterial,Toronto and East York,43.652495,-79.432521,At Intersection,Traffic Signal,Rain,"Dark, artificial",Wet,Non-Fatal Injury,Angle,Driver,20 to 24,None,,North,"Automobile, Station Wagon",Going Ahead,Failed to Yield Right of Way,Normal,,,,,,,,,Yes,,,,,Yes,,Yes,,,,84,Little Portugal,84,Little Portugal (84),D14,626403.4525,4834470.1415
14169,80892961,,12/5/2017 10:00:00 AM,1232,SHEPPARD AVE E,LESLIE ST,31 m East of,Major Arterial,North York,43.771571,-79.364093,At Intersection,Traffic Signal,Clear,Daylight,Dry,Non-Fatal Injury,Pedestrian Collisions,Pedestrian,55 to 59,Major,,Unknown,,,,,Pedestrian hit on sidewalk or shoulder,On Sidewalk or Shoulder,Normal,,,,Yes,,Yes,,,,,Yes,Yes,Yes,,,,52,Bayview Village,52,Bayview Village (52),D33,631660.6225,4847801.7407
14170,80892962,,12/5/2017 10:00:00 AM,1232,SHEPPARD AVE E,LESLIE ST,31 m East of,Major Arterial,North York,43.771571,-79.364093,At Intersection,Traffic Signal,Clear,Daylight,Dry,Non-Fatal Injury,Pedestrian Collisions,Passenger,50 to 54,None,,,,,,,,,,,,,Yes,,Yes,,,,,Yes,Yes,Yes,,,,52,Bayview Village,52,Bayview Village (52),D33,631660.6225,4847801.7407
14171,80892963,,12/5/2017 10:00:00 AM,1232,SHEPPARD AVE E,LESLIE ST,31 m East of,Major Arterial,North York,43.771571,-79.364093,At Intersection,Traffic Signal,Clear,Daylight,Dry,Non-Fatal Injury,Pedestrian Collisions,Passenger,15 to 19,None,,,,,,,,,,,,,Yes,,Yes,,,,,Yes,Yes,Yes,,,,52,Bayview Village,52,Bayview Village (52),D33,631660.6225,4847801.7407
14172,80892964,,12/5/2017 10:00:00 AM,1232,SHEPPARD AVE E,LESLIE ST,31 m East of,Major Arterial,North York,43.771571,-79.364093,At Intersection,Traffic Signal,Clear,Daylight,Dry,Non-Fatal Injury,Pedestrian Collisions,Driver,35 to 39,Minor,,West,Delivery Van,Stopped,Driving Properly,Normal,,,,,,,Yes,,Yes,,,,,Yes,Yes,Yes,,,,52,Bayview Village,52,Bayview Village (52),D33,631660.6225,4847801.7407
14173,80892965,,12/5/2017 10:00:00 AM,1232,SHEPPARD AVE E,LESLIE ST,31 m East of,Major Arterial,North York,43.771571,-79.364093,At Intersection,Traffic Signal,Clear,Daylight,Dry,Non-Fatal Injury,Pedestrian Collisions,Driver,50 to 54,None,,West,Passenger Van,Stopped,Driving Properly,Normal,,,,,,,Yes,,Yes,,,,,Yes,Yes,Yes,,,,52,Bayview Village,52,Bayview Village (52),D33,631660.6225,4847801.7407
14174,80892966,,12/5/2017 10:00:00 AM,1232,SHEPPARD AVE E,LESLIE ST,31 m East of,Major Arterial,North York,43.771571,-79.364093,At Intersection,Traffic Signal,Clear,Daylight,Dry,Non-Fatal Injury,Pedestrian Collisions,Driver,15 to 19,None,,East,"Automobile, Station Wagon",Going Ahead,Speed too Fast For Condition,Inattentive,,,,,,,Yes,,Yes,,,,,Yes,Yes,Yes,,,,52,Bayview Village,52,Bayview Village (52),D33,631660.6225,4847801.7407
14175,80939156,,12/5/2017 10:00:00 AM,1646,BIRCHMOUNT RD,SHEPPARD AVE E,200 m North ,Major Arterial,Scarborough,43.782557,-79.298908,At/Near Private Drive,Traffic Signal,Clear,"Dark, artificial",Dry,Non-Fatal Injury,Turning Movement,Driver,35 to 39,None,,North,"Automobile, Station Wagon",Turning Left,Improper Turn,Normal,,,,,,,,,Yes,Yes,,,,,,,,,,118,Tam O'Shanter-Sullivan,118,Tam O'Shanter-Sullivan (118),D42,636881.8084,4849127.6249
14176,80939157,,12/5/2017 10:00:00 AM,1646,BIRCHMOUNT RD,SHEPPARD AVE E,200 m North ,Major Arterial,Scarborough,43.782557,-79.298908,At/Near Private Drive,Traffic Signal,Clear,"Dark, artificial",Dry,Non-Fatal Injury,Turning Movement,Motorcycle Driver,50 to 54,Major,,South,Motorcycle,Going Ahead,Driving Properly,Normal,,,,,,,,,Yes,Yes,,,,,,,,,,118,Tam O'Shanter-Sullivan,118,Tam O'Shanter-Sullivan (118),D42,636881.8084,4849127.6249
14177,80943404,,12/7/2017 10:00:00 AM,700,WESTON RD,TORYORK  DR,,Major Arterial,Etobicoke York,43.753264,-79.542667,At Intersection,Traffic Signal,Clear,Dawn,Dry,Non-Fatal Injury,Pedestrian Collisions,Driver,unknown,None,,South,,Going Ahead,Failed to Yield Right of Way,Unknown,,,,,,,Yes,,,,,,,,,Yes,,,,21,Humber Summit,21,Humber Summit (21),D31,617324.3436,4845500.0323
14178,80943405,,12/7/2017 10:00:00 AM,700,WESTON RD,TORYORK  DR,,Major Arterial,Etobicoke York,43.753264,-79.542667,At Intersection,Traffic Signal,Clear,Dawn,Dry,Non-Fatal Injury,Pedestrian Collisions,Pedestrian,15 to 19,Major,,East,,,,,Vehicle is going straight thru inter.while ped cross with ROW,Crossing with right of way,Normal,,,,Yes,,,,,,,,,Yes,,,,21,Humber Summit,21,Humber Summit (21),D31,617324.3436,4845500.0323
14179,80901284,,12/7/2017 10:00:00 AM,705,PARLIAMENT ST,HOWARD ST,37 m South o,Minor Arterial,Toronto and East York,43.670878,-79.370654,Non Intersection,No Control,Clear,"Dark, artificial",Dry,Non-Fatal Injury,Pedestrian Collisions,Pedestrian,40 to 44,Major,,West,,,,,Pedestrian hit at mid-block,"Crossing, no Traffic Control",Inattentive,,,,Yes,,Yes,,,,,,,,,,,71,Cabbagetown-South St.James Town,71,Cabbagetown-South St.James Town (71),D51,631352.4409,4836607.9197
14180,80901285,,12/7/2017 10:00:00 AM,705,PARLIAMENT ST,HOWARD ST,37 m South o,Minor Arterial,Toronto and East York,43.670878,-79.370654,Non Intersection,No Control,Clear,"Dark, artificial",Dry,Non-Fatal Injury,Pedestrian Collisions,Driver,50 to 54,None,,North,"Automobile, Station Wagon",Going Ahead,Driving Properly,Normal,,,,,,,Yes,,Yes,,,,,,,,,,,71,Cabbagetown-South St.James Town,71,Cabbagetown-South St.James Town (71),D51,631352.4409,4836607.9197
14181,80935602,,12/11/2017 10:00:00 AM,854,4975 DUNDAS ST W,,92 m East of,Major Arterial,Etobicoke York,43.647547,-79.529735,At/Near Private Drive,No Control,Clear,Daylight,Dry,Non-Fatal Injury,Pedestrian Collisions,Pedestrian,70 to 74,Major,,South,,,,,Pedestrian hit at private driveway,"Crossing, no Traffic Control",Normal,,,,Yes,,Yes,,,,,,,,,,,159,Etobicoke City Centre,14,Islington-City Centre West (14),D22,618573.6629,4833777.1145
14182,80935603,,12/11/2017 10:00:00 AM,854,4975 DUNDAS ST W,,92 m East of,Major Arterial,Etobicoke York,43.647547,-79.529735,At/Near Private Drive,No Control,Clear,Daylight,Dry,Non-Fatal Injury,Pedestrian Collisions,Driver,35 to 39,None,,North,"Automobile, Station Wagon",Turning Left,Driving Properly,Normal,,,,,,,Yes,,Yes,,,,,,,,,,,159,Etobicoke City Centre,14,Islington-City Centre West (14),D22,618573.6629,4833777.1145
14183,80943144,,12/14/2017 10:00:00 AM,2307,ST CLAIR  AVE W,MONDOVI  GT,41 m West of,Major Arterial,Etobicoke York,43.670657,-79.475673,Non Intersection,No Control,Clear,"Dark, artificial",Wet,Non-Fatal Injury,Pedestrian Collisions,Pedestrian,15 to 19,Major,,South,,,,,Pedestrian hit at mid-block,"Crossing, no Traffic Control",Inattentive,,,,Yes,,Yes,,,,,,,,,,,90,Junction Area,90,Junction Area (90),D11,622886.5307,4836422.4423