OBJECTID,INDEX,ACCNUM,DATE,TIME,STREET1,STREET2,OFFSET,ROAD_CLASS,DISTRICT,LATITUDE,LONGITUDE,ACCLOC,TRAFFCTL,VISIBILITY,LIGHT,RDSFCOND,ACCLASS,IMPACTYPE,INVTYPE,INVAGE,INJURY,FATAL_NO,INITDIR,VEHTYPE,MANOEUVER,DRIVACT,DRIVCOND,PEDTYPE,PEDACT,PEDCOND,CYCLISTYPE,CYCACT,CYCCOND,PEDESTRIAN,CYCLIST,AUTOMOBILE,MOTORCYCLE,TRUCK,TRSN_CITY_VEH,EMERG_VEH,PASSENGER,SPEEDING,AG_DRIV,REDLIGHT,ALCOHOL,DISABILITY,HOOD_158,NEIGHBOURHOOD_158,HOOD_140,NEIGHBOURHOOD_140,DIVISION,x,y
14184,80943145,,12/14/2017 10:00:00 AM,2307,ST CLAIR  AVE W,MONDOVI  GT,41 m West of,Major Arterial,Etobicoke York,43.670657,-79.475673,Non Intersection,No Control,Clear,"Dark, artificial",Wet,Non-Fatal Injury,Pedestrian Collisions,Driver,unknown,None,,West,"Automobile, Station Wagon",Going Ahead,Driving Properly,Unknown,,,,,,,Yes,,Yes,,,,,,,,,,,90,Junction Area,90,Junction Area (90),D11,622886.5307,4836422.4423
14185,80937445,,12/15/2017 10:00:00 AM,757,BAMBURGH CRCL,FUNDY BAY  BLVD,50 m East of,Collector,Scarborough,43.812712,-79.321346,Non Intersection,No Control,Clear,Daylight,Wet,Non-Fatal Injury,Cyclist Collisions,Driver,85 to 89,None,,North,"Automobile, Station Wagon",Going Ahead,Other,Normal,,,,,,,,Yes,Yes,,,,,,,,,,,116,Steeles,116,Steeles (116),D42,635008.3375,4852439.9601
14186,80937446,,12/15/2017 10:00:00 AM,757,BAMBURGH CRCL,FUNDY BAY  BLVD,50 m East of,Collector,Scarborough,43.812712,-79.321346,Non Intersection,No Control,Clear,Daylight,Wet,Non-Fatal Injury,Cyclist Collisions,Cyclist,65 to 69,Major,,North,Bicycle,Going Ahead,,,,,,Cyclist and Driver travelling in same direction. One vehicle sideswipes the other.,Driving Properly,Unknown,,Yes,Yes,,,,,,,,,,,116,Steeles,116,Steeles (116),D42,635008.3375,4852439.9601
14187,80790063,,12/15/2017 10:00:00 AM,1237,CHURCH ST,WELLINGTON ST E,,Minor Arterial,Toronto and East York,43.648543,-79.373821,At Intersection,Traffic Signal,Other,Daylight,Other,Fatal,Pedestrian Collisions,Truck Driver,55 to 59,None,,South,Truck (other),Turning Right,Failed to Yield Right of Way,Unknown,,,,,,,Yes,,,,Yes,,,,,Yes,,,,166,St Lawrence-East Bayfront-The Islands,77,Waterfront Communities-The Island (77),D51,631145.7439,4834122.3109
14188,80790064,,12/15/2017 10:00:00 AM,1237,CHURCH ST,WELLINGTON ST E,,Minor Arterial,Toronto and East York,43.648543,-79.373821,At Intersection,Traffic Signal,Other,Daylight,Other,Fatal,Pedestrian Collisions,Pedestrian,20 to 24,Fatal,57,South,,,,,Vehicle turns right while ped crosses with ROW at inter.,Crossing with right of way,Unknown,,,,Yes,,,,Yes,,,,,Yes,,,,166,St Lawrence-East Bayfront-The Islands,77,Waterfront Communities-The Island (77),D51,631145.7439,4834122.3109
14189,80931596,,12/15/2017 10:00:00 AM,1605,COSBURN  AVE,LOGAN AVE,8 m East of,Minor Arterial,Toronto and East York,43.688479,-79.353275,At Intersection,Pedestrian Crossover,Snow,"Dusk, artificial",Loose Snow,Non-Fatal Injury,Pedestrian Collisions,Pedestrian,35 to 39,Major,,South,,,,,Pedestrian hit a PXO/ped. Mid-block signal,"Crossing, Pedestrian Crossover",Normal,,,,Yes,,Yes,,,,,,,,,,,57,Broadview North,57,Broadview North (57),D55,632714.6807,4838590.4182
14190,80931597,,12/15/2017 10:00:00 AM,1605,COSBURN  AVE,LOGAN AVE,8 m East of,Minor Arterial,Toronto and East York,43.688479,-79.353275,At Intersection,Pedestrian Crossover,Snow,"Dusk, artificial",Loose Snow,Non-Fatal Injury,Pedestrian Collisions,Driver,45 to 49,None,,West,"Automobile, Station Wagon",Slowing or Stopping,Lost control,Normal,,,,,,,Yes,,Yes,,,,,,,,,,,57,Broadview North,57,Broadview North (57),D55,632714.6807,4838590.4182
14191,80934728,,12/15/2017 10:00:00 AM,2005,ADELAIDE ST W,YORK ST,,Major Arterial,Toronto and East York,43.649115,-79.384067,At Intersection,Traffic Signal,Clear,"Dark, artificial",Wet,Non-Fatal Injury,Pedestrian Collisions,Pedestrian,55 to 59,Major,,East,,,,,Vehicle turns left while ped crosses with ROW at inter.,Crossing with right of way,Normal,,,,Yes,,Yes,,,,,,,,,,,170,Yonge-Bay Corridor,76,Bay Street Corridor (76),D52,630318.1934,4834169.6979
14192,80934729,,12/15/2017 10:00:00 AM,2005,ADELAIDE ST W,YORK ST,,Major Arterial,Toronto and East York,43.649115,-79.384067,At Intersection,Traffic Signal,Clear,"Dark, artificial",Wet,Non-Fatal Injury,Pedestrian Collisions,Driver,40 to 44,None,,East,"Automobile, Station Wagon",Turning Left,Driving Properly,Normal,,,,,,,Yes,,Yes,,,,,,,,,,,170,Yonge-Bay Corridor,76,Bay Street Corridor (76),D52,630318.1934,4834169.6979
14193,80790885,,12/17/2017 10:00:00 AM,41,KINGSTON RD,GUILDWOOD PKWY,,Major Arterial,Scarborough,43.749583,-79.20592,At Intersection,Traffic Signal,Other,Dark,Other,Fatal,SMV Other,Driver,50 to 54,Fatal,58,East,"Automobile, Station Wagon",Going Ahead,Exceeding Speed Limit,Unknown,,,,,,,,,Yes,,,,,,Yes,Yes,,,,140,Guildwood,140,Guildwood (140),D43,644443.7131,4845623.3106
14194,80790886,,12/18/2017 10:00:00 AM,1735,EGLINTON AVE W,WESTON RD,,Major Arterial,Etobicoke York,43.685427,-79.495136,Non Intersection,No Control,Clear,Daylight,Wet,Fatal,Pedestrian Collisions,Pedestrian,85 to 89,Fatal,59,South,,,,,Pedestrian hit at mid-block,"Crossing, no Traffic Control",Inattentive,,,,Yes,,Yes,,,,,,,,,,,115,Mount Dennis,115,Mount Dennis (115),D12,621287.7087,4838034.2002
14195,80790887,,12/18/2017 10:00:00 AM,1735,EGLINTON AVE W,WESTON RD,,Major Arterial,Etobicoke York,43.685427,-79.495136,Non Intersection,No Control,Clear,Daylight,Wet,Fatal,Pedestrian Collisions,Driver,65 to 69,None,,West,"Automobile, Station Wagon",Going Ahead,Driving Properly,Normal,,,,,,,Yes,,Yes,,,,,,,,,,,115,Mount Dennis,115,Mount Dennis (115),D12,621287.7087,4838034.2002
14196,80894998,,12/18/2017 10:00:00 AM,2151,FINCH AVE W,SIGNET  DR,,Major Arterial,Etobicoke York,43.753218,-79.53622,At Intersection,Traffic Signal,Clear,"Dark, artificial",Dry,Non-Fatal Injury,Pedestrian Collisions,Pedestrian,35 to 39,Major,,West,,,,,Vehicle is going straight thru inter.while ped cross with ROW,Crossing with right of way,Normal,,,,Yes,,Yes,,,,,,,Yes,Yes,,,22,Humbermede,22,Humbermede (22),D31,617843.4611,4845504.0751
14197,80894999,,12/18/2017 10:00:00 AM,2151,FINCH AVE W,SIGNET  DR,,Major Arterial,Etobicoke York,43.753218,-79.53622,At Intersection,Traffic Signal,Clear,"Dark, artificial",Dry,Non-Fatal Injury,Pedestrian Collisions,Driver,70 to 74,None,,South,"Automobile, Station Wagon",Going Ahead,Disobeyed Traffic Control,Inattentive,,,,,,,Yes,,Yes,,,,,,,Yes,Yes,,,22,Humbermede,22,Humbermede (22),D31,617843.4611,4845504.0751
14198,80909026,,12/19/2017 10:00:00 AM,603,COXWELL AVE,QUEEN ST E,,Minor Arterial,Toronto and East York,43.666285,-79.316562,At Intersection,Traffic Signal,Clear,Dark,Wet,Non-Fatal Injury,Pedestrian Collisions,Pedestrian,70 to 74,Major,,South,,,,,Vehicle turns left while ped crosses with ROW at inter.,Crossing with right of way,Normal,,,,Yes,,,,Yes,,,,,Yes,,,,65,Greenwood-Coxwell,65,Greenwood-Coxwell (65),D55,635723.5587,4836184.8804
14199,80909027,,12/19/2017 10:00:00 AM,603,COXWELL AVE,QUEEN ST E,,Minor Arterial,Toronto and East York,43.666285,-79.316562,At Intersection,Traffic Signal,Clear,Dark,Wet,Non-Fatal Injury,Pedestrian Collisions,Truck Driver,30 to 34,None,,South,"Truck - Closed (Blazer, etc)",Turning Left,Failed to Yield Right of Way,Inattentive,,,,,,,Yes,,,,Yes,,,,,Yes,,,,65,Greenwood-Coxwell,65,Greenwood-Coxwell (65),D55,635723.5587,4836184.8804
14200,80915481,,12/19/2017 10:00:00 AM,1651,MARTIN GROVE RD,BETHRIDGE RD,,Major Arterial,Etobicoke York,43.707476,-79.578197,At Intersection,Traffic Signal,Clear,"Dark, artificial",Dry,Non-Fatal Injury,Angle,Passenger,0 to 4,Minimal,,,,,,,,,,,,,,,Yes,,,,,Yes,,Yes,Yes,,,1,West Humber-Clairville,1,West Humber-Clairville (1),D23,614551.1909,4840364.9185
14201,80915482,,12/19/2017 10:00:00 AM,1651,MARTIN GROVE RD,BETHRIDGE RD,,Major Arterial,Etobicoke York,43.707476,-79.578197,At Intersection,Traffic Signal,Clear,"Dark, artificial",Dry,Non-Fatal Injury,Angle,Driver,30 to 34,Major,,North,"Automobile, Station Wagon",Going Ahead,Driving Properly,Normal,,,,,,,,,Yes,,,,,Yes,,Yes,Yes,,,1,West Humber-Clairville,1,West Humber-Clairville (1),D23,614551.1909,4840364.9185
14202,80915483,,12/19/2017 10:00:00 AM,1651,MARTIN GROVE RD,BETHRIDGE RD,,Major Arterial,Etobicoke York,43.707476,-79.578197,At Intersection,Traffic Signal,Clear,"Dark, artificial",Dry,Non-Fatal Injury,Angle,Driver,40 to 44,None,,East,"Automobile, Station Wagon",Going Ahead,Disobeyed Traffic Control,Inattentive,,,,,,,,,Yes,,,,,Yes,,Yes,Yes,,,1,West Humber-Clairville,1,West Humber-Clairville (1),D23,614551.1909,4840364.9185
14203,80790888,,12/20/2017 10:00:00 AM,1139,COLLEGE ST,OSSINGTON AVE,,Major Arterial,Toronto and East York,43.654326,-79.422664,At Intersection,Traffic Signal,Other,Daylight,Other,Fatal,Cyclist Collisions,Cyclist,45 to 49,Fatal,60,West,Bicycle,Other,,,,,,Insufficient information (to determine cyclist crash type).,Driving Properly,Other,,Yes,,,Yes,,,,,,,,,81,Trinity-Bellwoods,81,Trinity-Bellwoods (81),D14,627194.4755,4834688.56
14204,80790889,,12/20/2017 10:00:00 AM,1139,COLLEGE ST,OSSINGTON AVE,,Major Arterial,Toronto and East York,43.654326,-79.422664,At Intersection,Traffic Signal,Other,Daylight,Other,Fatal,Cyclist Collisions,Truck Driver,50 to 54,None,,West,Truck (other),Going Ahead,Driving Properly,Unknown,,,,,,,,Yes,,,Yes,,,,,,,,,81,Trinity-Bellwoods,81,Trinity-Bellwoods (81),D14,627194.4755,4834688.56
14205,80790890,,12/20/2017 10:00:00 AM,1845,PASSMORE AVE,MAYBROOK DR,,Collector,Scarborough,43.827811,-79.262767,Non Intersection,No Control,Other,Daylight,Other,Fatal,Pedestrian Collisions,Pedestrian,55 to 59,Fatal,61,South,,,,,Pedestrian hit at mid-block,"Crossing, no Traffic Control",Unknown,,,,Yes,,Yes,,,,,,,,,,,130,Milliken,130,Milliken (130),D42,639684.4771,4854214.2098
14206,80790891,,12/20/2017 10:00:00 AM,1845,PASSMORE AVE,MAYBROOK DR,,Collector,Scarborough,43.827811,-79.262767,Non Intersection,No Control,Other,Daylight,Other,Fatal,Pedestrian Collisions,Driver,50 to 54,None,,East,"Automobile, Station Wagon",Going Ahead,Driving Properly,Unknown,,,,,,,Yes,,Yes,,,,,,,,,,,130,Milliken,130,Milliken (130),D42,639684.4771,4854214.2098
14207,80790892,,12/21/2017 10:00:00 AM,1528,KINGSTON RD,WARDEN AVE,,Major Arterial,Scarborough,43.687686,-79.270885,At Intersection,Traffic Signal,Clear,Daylight,Dry,Fatal,Pedestrian Collisions,Pedestrian,40 to 44,Fatal,62,South,,,,,Vehicle is going straight thru inter.while ped cross with ROW,Crossing with right of way,Unknown,,,,Yes,,Yes,,,,,,Yes,Yes,Yes,Yes,,122,Birchcliffe-Cliffside,122,Birchcliffe-Cliffside (122),D41,639356.6612,4838637.5035
14208,80790893,,12/21/2017 10:00:00 AM,1528,KINGSTON RD,WARDEN AVE,,Major Arterial,Scarborough,43.687686,-79.270885,At Intersection,Traffic Signal,Clear,Daylight,Dry,Fatal,Pedestrian Collisions,Driver,25 to 29,None,,West,Passenger Van,Going Ahead,Disobeyed Traffic Control,"Ability Impaired, Alcohol",,,,,,,Yes,,Yes,,,,,,Yes,Yes,Yes,Yes,,122,Birchcliffe-Cliffside,122,Birchcliffe-Cliffside (122),D41,639356.6612,4838637.5035
14209,80891703,,12/28/2017 10:00:00 AM,1138,DUNDAS ST W,CORDOVA AVE,,Major Arterial,Etobicoke York,43.648699,-79.528705,At Intersection,Traffic Signal,Clear,Daylight,Wet,Non-Fatal Injury,Pedestrian Collisions,Pedestrian,unknown,Major,,Unknown,,,,,Vehicle turns left while ped crosses with ROW at inter.,Crossing with right of way,Normal,,,,Yes,,Yes,,,,,,,Yes,,,,159,Etobicoke City Centre,14,Islington-City Centre West (14),D22,618654.4626,4833906.5309
14210,80891704,,12/28/2017 10:00:00 AM,1138,DUNDAS ST W,CORDOVA AVE,,Major Arterial,Etobicoke York,43.648699,-79.528705,At Intersection,Traffic Signal,Clear,Daylight,Wet,Non-Fatal Injury,Pedestrian Collisions,Driver,70 to 74,None,,West,"Automobile, Station Wagon",Turning Left,Failed to Yield Right of Way,Normal,,,,,,,Yes,,Yes,,,,,,,Yes,,,,159,Etobicoke City Centre,14,Islington-City Centre West (14),D22,618654.4626,4833906.5309
14211,80885373,,12/28/2017 10:00:00 AM,1418,KING  ST W,COWAN AVE,4 m East of,Major Arterial,Toronto and East York,43.63795,-79.431827,At Intersection,No Control,Clear,Daylight,Dry,Non-Fatal Injury,Pedestrian Collisions,Pedestrian,25 to 29,Major,,North,,,,,Pedestrian involved in a collision with transit vehicle anywhere along roadway,Running onto Roadway,Had Been Drinking,,,,Yes,,,,,Yes,,,,,,,,85,South Parkdale,85,South Parkdale (85),D14,626489.9413,4832855.7891
14212,80885374,,12/28/2017 10:00:00 AM,1418,KING  ST W,COWAN AVE,4 m East of,Major Arterial,Toronto and East York,43.63795,-79.431827,At Intersection,No Control,Clear,Daylight,Dry,Non-Fatal Injury,Pedestrian Collisions,Driver,40 to 44,None,,West,Street Car,Going Ahead,Driving Properly,Normal,,,,,,,Yes,,,,,Yes,,,,,,,,85,South Parkdale,85,South Parkdale (85),D14,626489.9413,4832855.7891
14213,80892809,,12/29/2017 10:00:00 AM,1515,ST CLAIR AVE E,KENNEDY  RD,2 m East of,Major Arterial,Scarborough,43.716452,-79.261302,At Intersection,Traffic Signal,Snow,Daylight,Loose Snow,Non-Fatal Injury,Other,Passenger,65 to 69,Major,,,,,,,,,,,,,,,Yes,,,Yes,,Yes,,Yes,,,,120,Clairlea-Birchmount,120,Clairlea-Birchmount (120),D41,640061.9996,4841848.5303
14214,80892810,,12/29/2017 10:00:00 AM,1515,ST CLAIR AVE E,KENNEDY  RD,2 m East of,Major Arterial,Scarborough,43.716452,-79.261302,At Intersection,Traffic Signal,Snow,Daylight,Loose Snow,Non-Fatal Injury,Other,Driver,45 to 49,None,,East,Intercity Bus,Going Ahead,Driving Properly,Normal,,,,,,,,,Yes,,,Yes,,Yes,,Yes,,,,120,Clairlea-Birchmount,120,Clairlea-Birchmount (120),D41,640061.9996,4841848.5303
14215,80892811,,12/29/2017 10:00:00 AM,1515,ST CLAIR AVE E,KENNEDY  RD,2 m East of,Major Arterial,Scarborough,43.716452,-79.261302,At Intersection,Traffic Signal,Snow,Daylight,Loose Snow,Non-Fatal Injury,Other,Driver - Not Hit,unknown,,,,"Automobile, Station Wagon",,,,,,,,,,,,Yes,,,Yes,,Yes,,Yes,,,,120,Clairlea-Birchmount,120,Clairlea-Birchmount (120),D41,640061.9996,4841848.5303
14216,80920412,,12/30/2017 10:00:00 AM,1745,3825 SHEPPARD AVE E,,140 m East o,Major Arterial,Scarborough,43.782408,-79.291751,Non Intersection,No Control,Clear,"Daylight, artificial",Wet,Non-Fatal Injury,Pedestrian Collisions,Passenger,65 to 69,None,,,,,,,,,,,,,Yes,,Yes,,,,,Yes,,,,,,118,Tam O'Shanter-Sullivan,118,Tam O'Shanter-Sullivan (118),D42,637458.0586,4849122.9354
14217,80920413,,12/30/2017 10:00:00 AM,1745,3825 SHEPPARD AVE E,,140 m East o,Major Arterial,Scarborough,43.782408,-79.291751,Non Intersection,No Control,Clear,"Daylight, artificial",Wet,Non-Fatal Injury,Pedestrian Collisions,Pedestrian,unknown,Major,,South,,,,,Pedestrian hit at mid-block,"Crossing, no Traffic Control",Normal,,,,Yes,,Yes,,,,,Yes,,,,,,118,Tam O'Shanter-Sullivan,118,Tam O'Shanter-Sullivan (118),D42,637458.0586,4849122.9354
14218,80920414,,12/30/2017 10:00:00 AM,1745,3825 SHEPPARD AVE E,,140 m East o,Major Arterial,Scarborough,43.782408,-79.291751,Non Intersection,No Control,Clear,"Daylight, artificial",Wet,Non-Fatal Injury,Pedestrian Collisions,Driver,70 to 74,None,,East,"Automobile, Station Wagon",Going Ahead,Driving Properly,Normal,,,,,,,Yes,,Yes,,,,,Yes,,,,,,118,Tam O'Shanter-Sullivan,118,Tam O'Shanter-Sullivan (118),D42,637458.0586,4849122.9354
14219,80792372,,1/1/2018 10:00:00 AM,125,BAYVIEW AVE,POTTERY RD,403 m N of,Major Arterial,North York,43.692008,-79.361987,Non Intersection,No Control,Clear,"Dark, artificial",Dry,Fatal,SMV Other,Driver,35 to 39,Fatal,1,South,"Automobile, Station Wagon",Going Ahead,Speed too Fast For Condition,Unknown,,,,,,,,,Yes,,,,,,Yes,Yes,,,,56,Leaside-Bennington,56,Leaside-Bennington (56),D53,632004.8039,4838968.4567
14220,80942458,,1/1/2018 10:00:00 AM,137,NEILSON RD,401 C W NEILSON RAMP RD,,Minor Arterial,Scarborough,43.795016,-79.216319,At Intersection,Traffic Signal,Clear,"Dark, artificial",Dry,Non-Fatal Injury,Angle,Passenger,20 to 24,Major,,,,,,,,,,,,,,,Yes,,,,,Yes,Yes,Yes,Yes,,,146,Malvern East,132,Malvern (132),D42,643497.7571,4850651.2776
14221,80942459,,1/1/2018 10:00:00 AM,137,NEILSON RD,401 C W NEILSON RAMP RD,,Minor Arterial,Scarborough,43.795016,-79.216319,At Intersection,Traffic Signal,Clear,"Dark, artificial",Dry,Non-Fatal Injury,Angle,Passenger,75 to 79,Minimal,,,,,,,,,,,,,,,Yes,,,,,Yes,Yes,Yes,Yes,,,146,Malvern East,132,Malvern (132),D42,643497.7571,4850651.2776
14222,80942460,,1/1/2018 10:00:00 AM,137,NEILSON RD,401 C W NEILSON RAMP RD,,Minor Arterial,Scarborough,43.795016,-79.216319,At Intersection,Traffic Signal,Clear,"Dark, artificial",Dry,Non-Fatal Injury,Angle,Passenger,75 to 79,Minimal,,,,,,,,,,,,,,,Yes,,,,,Yes,Yes,Yes,Yes,,,146,Malvern East,132,Malvern (132),D42,643497.7571,4850651.2776
14223,80942461,,1/1/2018 10:00:00 AM,137,NEILSON RD,401 C W NEILSON RAMP RD,,Minor Arterial,Scarborough,43.795016,-79.216319,At Intersection,Traffic Signal,Clear,"Dark, artificial",Dry,Non-Fatal Injury,Angle,Passenger,75 to 79,Minimal,,,,,,,,,,,,,,,Yes,,,,,Yes,Yes,Yes,Yes,,,146,Malvern East,132,Malvern (132),D42,643497.7571,4850651.2776
14224,80942462,,1/1/2018 10:00:00 AM,137,NEILSON RD,401 C W NEILSON RAMP RD,,Minor Arterial,Scarborough,43.795016,-79.216319,At Intersection,Traffic Signal,Clear,"Dark, artificial",Dry,Non-Fatal Injury,Angle,Passenger,30 to 34,Major,,,,,,,,,,,,,,,Yes,,,,,Yes,Yes,Yes,Yes,,,146,Malvern East,132,Malvern (132),D42,643497.7571,4850651.2776
14225,80942463,,1/1/2018 10:00:00 AM,137,NEILSON RD,401 C W NEILSON RAMP RD,,Minor Arterial,Scarborough,43.795016,-79.216319,At Intersection,Traffic Signal,Clear,"Dark, artificial",Dry,Non-Fatal Injury,Angle,Driver,75 to 79,Minimal,,North,"Automobile, Station Wagon",Going Ahead,Driving Properly,Normal,,,,,,,,,Yes,,,,,Yes,Yes,Yes,Yes,,,146,Malvern East,132,Malvern (132),D42,643497.7571,4850651.2776
14226,80942464,,1/1/2018 10:00:00 AM,137,NEILSON RD,401 C W NEILSON RAMP RD,,Minor Arterial,Scarborough,43.795016,-79.216319,At Intersection,Traffic Signal,Clear,"Dark, artificial",Dry,Non-Fatal Injury,Angle,Driver,20 to 24,Major,,West,"Automobile, Station Wagon",Going Ahead,Disobeyed Traffic Control,Had Been Drinking,,,,,,,,,Yes,,,,,Yes,Yes,Yes,Yes,,,146,Malvern East,132,Malvern (132),D42,643497.7571,4850651.2776
14227,80792367,,1/2/2018 10:00:00 AM,1718,BRIMLEY RD,HEATHER RD,,Major Arterial,Scarborough,43.790507,-79.269923,Intersection Related,No Control,Clear,"Dusk, artificial",Dry,Fatal,Pedestrian Collisions,Pedestrian,70 to 74,Fatal,2,West,,,,,Pedestrian hit at mid-block,"Crossing, no Traffic Control",Inattentive,,,,Yes,,Yes,,,,,,,,,,,129,Agincourt North,129,Agincourt North (129),D42,639195.7159,4850058.9346
14228,80792368,,1/2/2018 10:00:00 AM,1718,BRIMLEY RD,HEATHER RD,,Major Arterial,Scarborough,43.790507,-79.269923,Intersection Related,No Control,Clear,"Dusk, artificial",Dry,Fatal,Pedestrian Collisions,Driver,60 to 64,None,,South,"Automobile, Station Wagon",Going Ahead,Driving Properly,Normal,,,,,,,Yes,,Yes,,,,,,,,,,,129,Agincourt North,129,Agincourt North (129),D42,639195.7159,4850058.9346
14229,81138329,,1/2/2018 10:00:00 AM,1900,FINCH AVE E,TRUDY RD,70 m East of,Major Arterial,North York,43.790946,-79.362178,Non Intersection,No Control,Clear,"Dark, artificial",Dry,Non-Fatal Injury,Approaching,Driver,30 to 34,None,,West,Passenger Van,Going Ahead,Lost control,Inattentive,,,,,,,,,Yes,,,,,Yes,,,,,,47,Don Valley Village,47,Don Valley Village (47),D33,631772.1738,4849956.6819
14230,81138330,,1/2/2018 10:00:00 AM,1900,FINCH AVE E,TRUDY RD,70 m East of,Major Arterial,North York,43.790946,-79.362178,Non Intersection,No Control,Clear,"Dark, artificial",Dry,Non-Fatal Injury,Approaching,Driver,50 to 54,Minor,,East,"Automobile, Station Wagon",Going Ahead,Driving Properly,Normal,,,,,,,,,Yes,,,,,Yes,,,,,,47,Don Valley Village,47,Don Valley Village (47),D33,631772.1738,4849956.6819
14231,81138331,,1/2/2018 10:00:00 AM,1900,FINCH AVE E,TRUDY RD,70 m East of,Major Arterial,North York,43.790946,-79.362178,Non Intersection,No Control,Clear,"Dark, artificial",Dry,Non-Fatal Injury,Approaching,Driver,45 to 49,None,,East,Passenger Van,Going Ahead,Driving Properly,Normal,,,,,,,,,Yes,,,,,Yes,,,,,,47,Don Valley Village,47,Don Valley Village (47),D33,631772.1738,4849956.6819
14232,81138332,,1/2/2018 10:00:00 AM,1900,FINCH AVE E,TRUDY RD,70 m East of,Major Arterial,North York,43.790946,-79.362178,Non Intersection,No Control,Clear,"Dark, artificial",Dry,Non-Fatal Injury,Approaching,Passenger,50 to 54,Major,,,,,,,,,,,,,,,Yes,,,,,Yes,,,,,,47,Don Valley Village,47,Don Valley Village (47),D33,631772.1738,4849956.6819
14233,81138333,,1/2/2018 10:00:00 AM,1900,FINCH AVE E,TRUDY RD,70 m East of,Major Arterial,North York,43.790946,-79.362178,Non Intersection,No Control,Clear,"Dark, artificial",Dry,Non-Fatal Injury,Approaching,Passenger,45 to 49,None,,,,,,,,,,,,,,,Yes,,,,,Yes,,,,,,47,Don Valley Village,47,Don Valley Village (47),D33,631772.1738,4849956.6819
14234,81138334,,1/2/2018 10:00:00 AM,1900,FINCH AVE E,TRUDY RD,70 m East of,Major Arterial,North York,43.790946,-79.362178,Non Intersection,No Control,Clear,"Dark, artificial",Dry,Non-Fatal Injury,Approaching,Passenger,15 to 19,None,,,,,,,,,,,,,,,Yes,,,,,Yes,,,,,,47,Don Valley Village,47,Don Valley Village (47),D33,631772.1738,4849956.6819
14235,80792381,,1/5/2018 10:00:00 AM,1145,SHEPPARD ST,ADELAIDE ST W,,Major Arterial,Toronto and East York,43.649542,-79.382091,At Intersection,Traffic Signal,Other,Daylight,Other,Fatal,Pedestrian Collisions,Driver,50 to 54,None,,South,Delivery Van,Turning Left,Failed to Yield Right of Way,Unknown,,,,,,,Yes,,Yes,,,,,,,Yes,,,,170,Yonge-Bay Corridor,76,Bay Street Corridor (76),D52,630476.6266,4834220.2268
14236,80792943,,1/5/2018 10:00:00 AM,1145,SHEPPARD ST,ADELAIDE ST W,,Major Arterial,Toronto and East York,43.649542,-79.382091,At Intersection,Traffic Signal,Other,Daylight,Other,Fatal,Pedestrian Collisions,Pedestrian,85 to 89,Fatal,6,North,,,,,Vehicle turns left while ped crosses with ROW at inter.,Crossing with right of way,Unknown,,,,Yes,,Yes,,,,,,,Yes,,,,170,Yonge-Bay Corridor,76,Bay Street Corridor (76),D52,630476.6266,4834220.2268
14237,80937665,,1/5/2018 10:00:00 AM,1412,AVENUE RD,DUNBLAINE AVE,,Major Arterial,North York,43.73585,-79.420062,At Intersection,Traffic Controller,Clear,Daylight,Dry,Non-Fatal Injury,Pedestrian Collisions,Driver,25 to 29,None,,West,"Automobile, Station Wagon",Turning Left,Failed to Yield Right of Way,Unknown,,,,,,,Yes,,Yes,,,,,,,Yes,,,,39,Bedford Park-Nortown,39,Bedford Park-Nortown (39),D32,627231.7753,4843746.9187
14238,80937666,,1/5/2018 10:00:00 AM,1412,AVENUE RD,DUNBLAINE AVE,,Major Arterial,North York,43.73585,-79.420062,At Intersection,Traffic Controller,Clear,Daylight,Dry,Non-Fatal Injury,Pedestrian Collisions,Pedestrian,30 to 34,Major,,East,,,,,Vehicle turns left while ped crosses with ROW at inter.,Crossing with right of way,Normal,,,,Yes,,Yes,,,,,,,Yes,,,,39,Bedford Park-Nortown,39,Bedford Park-Nortown (39),D32,627231.7753,4843746.9187
14239,80937667,,1/5/2018 10:00:00 AM,1412,AVENUE RD,DUNBLAINE AVE,,Major Arterial,North York,43.73585,-79.420062,At Intersection,Traffic Controller,Clear,Daylight,Dry,Non-Fatal Injury,Pedestrian Collisions,Pedestrian,25 to 29,Minimal,,East,,,,,Vehicle turns left while ped crosses with ROW at inter.,Crossing with right of way,Normal,,,,Yes,,Yes,,,,,,,Yes,,,,39,Bedford Park-Nortown,39,Bedford Park-Nortown (39),D32,627231.7753,4843746.9187
14240,80900229,,1/5/2018 10:00:00 AM,1455,SUNRISE AVE,BERMONDSEY RD,408 m East o,Collector,North York,43.718005,-79.308299,At/Near Private Drive,No Control,Clear,Daylight,Dry,Non-Fatal Injury,Turning Movement,Driver,20 to 24,Major,,West,"Automobile, Station Wagon",Going Ahead,Driving Properly,Normal,,,,,,,,,Yes,,,,,,,Yes,,,,43,Victoria Village,43,Victoria Village (43),D55,636272.5602,4841942.6654