OBJECTID,INDEX,ACCNUM,DATE,TIME,STREET1,STREET2,OFFSET,ROAD_CLASS,DISTRICT,LATITUDE,LONGITUDE,ACCLOC,TRAFFCTL,VISIBILITY,LIGHT,RDSFCOND,ACCLASS,IMPACTYPE,INVTYPE,INVAGE,INJURY,FATAL_NO,INITDIR,VEHTYPE,MANOEUVER,DRIVACT,DRIVCOND,PEDTYPE,PEDACT,PEDCOND,CYCLISTYPE,CYCACT,CYCCOND,PEDESTRIAN,CYCLIST,AUTOMOBILE,MOTORCYCLE,TRUCK,TRSN_CITY_VEH,EMERG_VEH,PASSENGER,SPEEDING,AG_DRIV,REDLIGHT,ALCOHOL,DISABILITY,HOOD_158,NEIGHBOURHOOD_158,HOOD_140,NEIGHBOURHOOD_140,DIVISION,x,y
14241,80900230,,1/5/2018 10:00:00 AM,1455,SUNRISE AVE,BERMONDSEY RD,408 m East o,Collector,North York,43.718005,-79.308299,At/Near Private Drive,No Control,Clear,Daylight,Dry,Non-Fatal Injury,Turning Movement,Driver,50 to 54,None,,East,"Automobile, Station Wagon",Turning Left,Failed to Yield Right of Way,Normal,,,,,,,,,Yes,,,,,,,Yes,,,,43,Victoria Village,43,Victoria Village (43),D55,636272.5602,4841942.6654
14242,80791524,,1/7/2018 10:00:00 AM,1816,EGLINTON AVE W,ROYAL YORK RD,,Major Arterial,Etobicoke York,43.68162,-79.52972,Non Intersection,Traffic Signal,Other,Daylight,Other,Fatal,Approaching,Driver,25 to 29,None,,East,"Automobile, Station Wagon",Going Ahead,Failed to Yield Right of Way,"Ability Impaired, Alcohol Over .08",,,,,,,,,Yes,,,,,,,Yes,,Yes,,9,Edenbridge-Humber Valley,9,Edenbridge-Humber Valley (9),D22,618507.8108,4837561.3855
14243,80792369,,1/7/2018 10:00:00 AM,1816,EGLINTON AVE W,ROYAL YORK RD,,Major Arterial,Etobicoke York,43.68162,-79.52972,Non Intersection,Traffic Signal,Other,Daylight,Other,Fatal,Approaching,Driver,85 to 89,Fatal,3,West,"Automobile, Station Wagon",Going Ahead,Driving Properly,Unknown,,,,,,,,,Yes,,,,,,,Yes,,Yes,,9,Edenbridge-Humber Valley,9,Edenbridge-Humber Valley (9),D22,618507.8108,4837561.3855
14244,80792370,,1/7/2018 10:00:00 AM,2151,STEELES AVE E,EASTVALE  DR,E of,Major Arterial,Scarborough,43.837935,-79.245151,Intersection Related,No Control,Other,Dark,Other,Fatal,Pedestrian Collisions,Driver,60 to 64,None,,West,"Automobile, Station Wagon",Going Ahead,Driving Properly,Unknown,,,,,,,Yes,,Yes,,,,,,,,,,,144,Morningside Heights,131,Rouge (131),D42,641077.0715,4855368.5501
14245,80792371,,1/7/2018 10:00:00 AM,2151,STEELES AVE E,EASTVALE  DR,E of,Major Arterial,Scarborough,43.837935,-79.245151,Intersection Related,No Control,Other,Dark,Other,Fatal,Pedestrian Collisions,Pedestrian,20 to 24,Fatal,4,North,,,,,Pedestrian hit at mid-block,"Crossing, no Traffic Control",Unknown,,,,Yes,,Yes,,,,,,,,,,,144,Morningside Heights,131,Rouge (131),D42,641077.0715,4855368.5501
14246,80792374,,1/9/2018 10:00:00 AM,1817,EGLINTON AVE E,ROSEMOUNT DR,W of,Major Arterial,Scarborough,43.730475,-79.275096,Non Intersection,No Control,Clear,Dark,Wet,Fatal,Pedestrian Collisions,Driver,45 to 49,None,,West,Delivery Van,Going Ahead,Driving Properly,Normal,,,,,,,Yes,,Yes,,,,,,,,,,,125,Ionview,125,Ionview (125),D41,638918.3838,4843382.7721
14247,80792380,,1/9/2018 10:00:00 AM,1817,EGLINTON AVE E,ROSEMOUNT DR,W of,Major Arterial,Scarborough,43.730475,-79.275096,Non Intersection,No Control,Clear,Dark,Wet,Fatal,Pedestrian Collisions,Pedestrian,70 to 74,Fatal,5,North,,,,,Pedestrian hit at mid-block,"Crossing, no Traffic Control",Normal,,,,Yes,,Yes,,,,,,,,,,,125,Ionview,125,Ionview (125),D41,638918.3838,4843382.7721
14248,80943074,,1/11/2018 10:00:00 AM,923,YONGE ST,RANLEIGH AVE,,Major Arterial,North York,43.727763,-79.402904,At Intersection,Traffic Signal,Clear,Daylight,Wet,Non-Fatal Injury,Pedestrian Collisions,Pedestrian,70 to 74,Major,,East,,,,,Vehicle turns left while ped crosses with ROW at inter.,Crossing with right of way,Inattentive,,,,Yes,,Yes,,,,,,,,,,,105,Lawrence Park North,105,Lawrence Park North (105),D32,628630.8268,4842875.2307
14249,80943075,,1/11/2018 10:00:00 AM,923,YONGE ST,RANLEIGH AVE,,Major Arterial,North York,43.727763,-79.402904,At Intersection,Traffic Signal,Clear,Daylight,Wet,Non-Fatal Injury,Pedestrian Collisions,Driver,50 to 54,None,,West,Pick Up Truck,Turning Left,Improper Turn,Fatigue,,,,,,,Yes,,Yes,,,,,,,,,,,105,Lawrence Park North,105,Lawrence Park North (105),D32,628630.8268,4842875.2307
14250,80942218,,1/11/2018 10:00:00 AM,1727,YONGE ST,EGLINTON AVE E,,Major Arterial,Toronto and East York,43.70666,-79.398326,At Intersection,Traffic Signal,Rain,"Dark, artificial",Wet,Non-Fatal Injury,Pedestrian Collisions,Pedestrian,60 to 64,Major,,North,,,,,Pedestrian involved in a collision with transit vehicle anywhere along roadway,Crossing without right of way,Inattentive,,,,Yes,,,,,Yes,,,,,,,,174,South Eglinton-Davisville,104,Mount Pleasant West (104),D53,629044.8368,4840538.5578
14251,80942219,,1/11/2018 10:00:00 AM,1727,YONGE ST,EGLINTON AVE E,,Major Arterial,Toronto and East York,43.70666,-79.398326,At Intersection,Traffic Signal,Rain,"Dark, artificial",Wet,Non-Fatal Injury,Pedestrian Collisions,Driver,45 to 49,None,,West,Municipal Transit Bus (TTC),Going Ahead,Driving Properly,Normal,,,,,,,Yes,,,,,Yes,,,,,,,,174,South Eglinton-Davisville,104,Mount Pleasant West (104),D53,629044.8368,4840538.5578
14252,80943055,,1/11/2018 10:00:00 AM,1740,BRIDLETOWNE CRCL,FINCH AVE E,,Major Arterial,Scarborough,43.795779,-79.31927,At Intersection,Traffic Signal,Clear,"Dark, artificial",Dry,Non-Fatal Injury,Pedestrian Collisions,Pedestrian,70 to 74,Major,,North,,,,,Vehicle turns right while ped crosses with ROW at inter.,Crossing with right of way,Normal,,,,Yes,,Yes,,,,,,,Yes,,,,147,L'Amoreaux West,117,L'Amoreaux (117),D42,635213.503,4850562.6687
14253,80943056,,1/11/2018 10:00:00 AM,1740,BRIDLETOWNE CRCL,FINCH AVE E,,Major Arterial,Scarborough,43.795779,-79.31927,At Intersection,Traffic Signal,Clear,"Dark, artificial",Dry,Non-Fatal Injury,Pedestrian Collisions,Driver,unknown,None,,South,"Automobile, Station Wagon",Turning Right,Failed to Yield Right of Way,Unknown,,,,,,,Yes,,Yes,,,,,,,Yes,,,,147,L'Amoreaux West,117,L'Amoreaux (117),D42,635213.503,4850562.6687
14254,80890720,,1/12/2018 10:00:00 AM,1901,MCCOWAN RD,ELLESMERE RD,,Major Arterial,Scarborough,43.772071,-79.25146,At Intersection,Traffic Signal,Freezing Rain,"Dark, artificial",Ice,Non-Fatal Injury,SMV Other,Passenger,50 to 54,Minor,,,,,,,,,,,,,,,Yes,,,,,Yes,,,,,,142,Woburn North,137,Woburn (137),D43,640724.4484,4848042.5416
14255,80890721,,1/12/2018 10:00:00 AM,1901,MCCOWAN RD,ELLESMERE RD,,Major Arterial,Scarborough,43.772071,-79.25146,At Intersection,Traffic Signal,Freezing Rain,"Dark, artificial",Ice,Non-Fatal Injury,SMV Other,Passenger,15 to 19,Minor,,,,,,,,,,,,,,,Yes,,,,,Yes,,,,,,142,Woburn North,137,Woburn (137),D43,640724.4484,4848042.5416
14256,80890722,,1/12/2018 10:00:00 AM,1901,MCCOWAN RD,ELLESMERE RD,,Major Arterial,Scarborough,43.772071,-79.25146,At Intersection,Traffic Signal,Freezing Rain,"Dark, artificial",Ice,Non-Fatal Injury,SMV Other,Driver,40 to 44,Major,,North,Passenger Van,Going Ahead,Lost control,Inattentive,,,,,,,,,Yes,,,,,Yes,,,,,,142,Woburn North,137,Woburn (137),D43,640724.4484,4848042.5416
14257,81133763,,1/14/2018 10:00:00 AM,1059,THE QUEENSWAY,ALDGATE AVE,100 m West o,Major Arterial,Etobicoke York,43.629561,-79.487575,Non Intersection,No Control,Clear,Daylight,Dry,Non-Fatal Injury,Approaching,Driver,25 to 29,None,,East,"Automobile, Station Wagon",Going Ahead,Failed to Yield Right of Way,Normal,,,,,,,,,Yes,,,,,Yes,,Yes,,,,16,Stonegate-Queensway,16,Stonegate-Queensway (16),D22,622010.2017,4831840.6417
14258,81133764,,1/14/2018 10:00:00 AM,1059,THE QUEENSWAY,ALDGATE AVE,100 m West o,Major Arterial,Etobicoke York,43.629561,-79.487575,Non Intersection,No Control,Clear,Daylight,Dry,Non-Fatal Injury,Approaching,Driver,unknown,Major,,West,"Automobile, Station Wagon",Going Ahead,Driving Properly,Normal,,,,,,,,,Yes,,,,,Yes,,Yes,,,,16,Stonegate-Queensway,16,Stonegate-Queensway (16),D22,622010.2017,4831840.6417
14259,81133765,,1/14/2018 10:00:00 AM,1059,THE QUEENSWAY,ALDGATE AVE,100 m West o,Major Arterial,Etobicoke York,43.629561,-79.487575,Non Intersection,No Control,Clear,Daylight,Dry,Non-Fatal Injury,Approaching,Passenger,35 to 39,None,,,,,,,,,,,,,,,Yes,,,,,Yes,,Yes,,,,16,Stonegate-Queensway,16,Stonegate-Queensway (16),D22,622010.2017,4831840.6417
14260,81133766,,1/14/2018 10:00:00 AM,1059,THE QUEENSWAY,ALDGATE AVE,100 m West o,Major Arterial,Etobicoke York,43.629561,-79.487575,Non Intersection,No Control,Clear,Daylight,Dry,Non-Fatal Injury,Approaching,Passenger,5 to 9,Minimal,,,,,,,,,,,,,,,Yes,,,,,Yes,,Yes,,,,16,Stonegate-Queensway,16,Stonegate-Queensway (16),D22,622010.2017,4831840.6417
14261,80792944,,1/15/2018 10:00:00 AM,1520,23 IANHALL RD,,,Local,North York,43.727904,-79.488223,Non Intersection,No Control,Snow,Daylight,Loose Snow,Fatal,Pedestrian Collisions,,unknown,None,,East,"Automobile, Station Wagon",Going Ahead,,,,,,,,,Yes,,Yes,,,,,,,,,,,155,Downsview,26,Downsview-Roding-CFB (26),D31,621758.8514,4842761.9932
14262,80792945,,1/15/2018 10:00:00 AM,1520,23 IANHALL RD,,,Local,North York,43.727904,-79.488223,Non Intersection,No Control,Snow,Daylight,Loose Snow,Fatal,Pedestrian Collisions,Pedestrian,40 to 44,Minimal,,Unknown,,,,,Pedestrian hit at mid-block,Person Getting on/off Vehicle,Normal,,,,Yes,,Yes,,,,,,,,,,,155,Downsview,26,Downsview-Roding-CFB (26),D31,621758.8514,4842761.9932
14263,80793625,,1/15/2018 10:00:00 AM,1520,23 IANHALL RD,,,Local,North York,43.727904,-79.488223,Non Intersection,No Control,Snow,Daylight,Loose Snow,Fatal,Pedestrian Collisions,Pedestrian,5 to 9,Fatal,7,Unknown,,,,,Pedestrian hit at mid-block,Person Getting on/off Vehicle,Normal,,,,Yes,,Yes,,,,,,,,,,,155,Downsview,26,Downsview-Roding-CFB (26),D31,621758.8514,4842761.9932
14264,80909232,,1/15/2018 10:00:00 AM,1623,YONGE ST,MELINDA ST,17 m North o,Major Arterial,Toronto and East York,43.648451,-79.377605,Intersection Related,No Control,Snow,Daylight,Loose Snow,Non-Fatal Injury,Pedestrian Collisions,Pedestrian,45 to 49,Major,,East,,,,,Pedestrian hit at mid-block,"Crossing, no Traffic Control",Normal,,,,Yes,,Yes,,,,,,,Yes,,,,168,Downtown Yonge East,75,Church-Yonge Corridor (75),D51,630840.7738,4834106.1201
14265,80909233,,1/15/2018 10:00:00 AM,1623,YONGE ST,MELINDA ST,17 m North o,Major Arterial,Toronto and East York,43.648451,-79.377605,Intersection Related,No Control,Snow,Daylight,Loose Snow,Non-Fatal Injury,Pedestrian Collisions,Driver,45 to 49,None,,North,Delivery Van,Going Ahead,Failed to Yield Right of Way,Inattentive,,,,,,,Yes,,Yes,,,,,,,Yes,,,,168,Downtown Yonge East,75,Church-Yonge Corridor (75),D51,630840.7738,4834106.1201
14266,81117409,,1/19/2018 10:00:00 AM,1800,FINCH AVE E,DUDLEY AVE,,Major Arterial,North York,43.780986,-79.409679,At Intersection,Stop Sign,Clear,"Dark, artificial",Dry,Non-Fatal Injury,Angle,Driver,85 to 89,None,,North,"Automobile, Station Wagon",Going Ahead,Failed to Yield Right of Way,Normal,,,,,,,,,Yes,,,,,Yes,,Yes,,,,152,East Willowdale,51,Willowdale East (51),D32,627971.663,4848775.9444
14267,81117410,,1/19/2018 10:00:00 AM,1800,FINCH AVE E,DUDLEY AVE,,Major Arterial,North York,43.780986,-79.409679,At Intersection,Stop Sign,Clear,"Dark, artificial",Dry,Non-Fatal Injury,Angle,Driver,25 to 29,Minor,,West,"Automobile, Station Wagon",Going Ahead,Driving Properly,Normal,,,,,,,,,Yes,,,,,Yes,,Yes,,,,152,East Willowdale,51,Willowdale East (51),D32,627971.663,4848775.9444
14268,81117411,,1/19/2018 10:00:00 AM,1800,FINCH AVE E,DUDLEY AVE,,Major Arterial,North York,43.780986,-79.409679,At Intersection,Stop Sign,Clear,"Dark, artificial",Dry,Non-Fatal Injury,Angle,Driver,40 to 44,None,,South,"Automobile, Station Wagon",Stopped,Driving Properly,Normal,,,,,,,,,Yes,,,,,Yes,,Yes,,,,152,East Willowdale,51,Willowdale East (51),D32,627971.663,4848775.9444
14269,81117412,,1/19/2018 10:00:00 AM,1800,FINCH AVE E,DUDLEY AVE,,Major Arterial,North York,43.780986,-79.409679,At Intersection,Stop Sign,Clear,"Dark, artificial",Dry,Non-Fatal Injury,Angle,Passenger,45 to 49,None,,,,,,,,,,,,,,,Yes,,,,,Yes,,Yes,,,,152,East Willowdale,51,Willowdale East (51),D32,627971.663,4848775.9444
14270,81117413,,1/19/2018 10:00:00 AM,1800,FINCH AVE E,DUDLEY AVE,,Major Arterial,North York,43.780986,-79.409679,At Intersection,Stop Sign,Clear,"Dark, artificial",Dry,Non-Fatal Injury,Angle,Passenger,90 to 94,Major,,,,,,,,,,,,,,,Yes,,,,,Yes,,Yes,,,,152,East Willowdale,51,Willowdale East (51),D32,627971.663,4848775.9444
14271,81117414,,1/19/2018 10:00:00 AM,1800,FINCH AVE E,DUDLEY AVE,,Major Arterial,North York,43.780986,-79.409679,At Intersection,Stop Sign,Clear,"Dark, artificial",Dry,Non-Fatal Injury,Angle,Passenger,75 to 79,None,,,,,,,,,,,,,,,Yes,,,,,Yes,,Yes,,,,152,East Willowdale,51,Willowdale East (51),D32,627971.663,4848775.9444
14272,80942982,,1/20/2018 10:00:00 AM,2105,MORNINGSIDE AVE,CINEMART DR,35 m South o,Major Arterial,Scarborough,43.797301,-79.197437,Non Intersection,No Control,Clear,"Dark, artificial",Dry,Non-Fatal Injury,Pedestrian Collisions,Pedestrian,45 to 49,Major,,West,,,,,Pedestrian hit at mid-block,"Crossing, no Traffic Control",Inattentive,,,,Yes,,Yes,,,,,,,,,,,146,Malvern East,132,Malvern (132),D42,645011.3113,4850937.9768
14273,80942983,,1/20/2018 10:00:00 AM,2105,MORNINGSIDE AVE,CINEMART DR,35 m South o,Major Arterial,Scarborough,43.797301,-79.197437,Non Intersection,No Control,Clear,"Dark, artificial",Dry,Non-Fatal Injury,Pedestrian Collisions,Driver,unknown,None,,South,"Automobile, Station Wagon",Going Ahead,Driving Properly,Unknown,,,,,,,Yes,,Yes,,,,,,,,,,,146,Malvern East,132,Malvern (132),D42,645011.3113,4850937.9768
14274,80923405,,1/22/2018 10:00:00 AM,1130,THURMAN  RD,STEELES  AVE W,,Major Arterial,North York,43.79074,-79.452991,At Intersection,Traffic Signal,Rain,Daylight,Wet,Non-Fatal Injury,Cyclist Collisions,Cyclist,65 to 69,Major,,North,Bicycle,Going Ahead,,,,,,Motorist turned left across cyclists path.,Driving Properly,Normal,,Yes,Yes,,,,,,,Yes,,,,35,Westminster-Branson,35,Westminster-Branson (35),D32,624466.1115,4849793.2368
14275,80923406,,1/22/2018 10:00:00 AM,1130,THURMAN  RD,STEELES  AVE W,,Major Arterial,North York,43.79074,-79.452991,At Intersection,Traffic Signal,Rain,Daylight,Wet,Non-Fatal Injury,Cyclist Collisions,Driver,80 to 84,None,,South,"Automobile, Station Wagon",Turning Left,Failed to Yield Right of Way,Inattentive,,,,,,,,Yes,Yes,,,,,,,Yes,,,,35,Westminster-Branson,35,Westminster-Branson (35),D32,624466.1115,4849793.2368
14276,80937623,,1/22/2018 10:00:00 AM,1525,HANNA RD,SUTHERLAND DR,,Local,North York,43.701487,-79.365566,At Intersection,Stop Sign,Rain,Daylight,Wet,Non-Fatal Injury,Cyclist Collisions,Driver,40 to 44,None,,East,"Automobile, Station Wagon",Going Ahead,Other,Normal,,,,,,,,Yes,Yes,,,,,,,,,,,56,Leaside-Bennington,56,Leaside-Bennington (56),D53,631695.6223,4840015.5409
14277,80937624,,1/22/2018 10:00:00 AM,1525,HANNA RD,SUTHERLAND DR,,Local,North York,43.701487,-79.365566,At Intersection,Stop Sign,Rain,Daylight,Wet,Non-Fatal Injury,Cyclist Collisions,Cyclist,15 to 19,Major,,South,Bicycle,Going Ahead,,,,,,Insufficient information (to determine cyclist crash type).,Driving Properly,Other,,Yes,Yes,,,,,,,,,,,56,Leaside-Bennington,56,Leaside-Bennington (56),D53,631695.6223,4840015.5409
14278,80917294,,1/22/2018 10:00:00 AM,2316,483 DUNDAS ST W,,,Major Arterial,Toronto and East York,43.652999,-79.397411,Non Intersection,No Control,Rain,"Dark, artificial",Wet,Non-Fatal Injury,Pedestrian Collisions,Pedestrian,30 to 34,Major,,North,,,,,Pedestrian hit at mid-block,"Crossing, no Traffic Control",Had Been Drinking,,,,Yes,,Yes,,,,,,,,,,,78,Kensington-Chinatown,78,Kensington-Chinatown (78),D52,629233.7141,4834580.1985
14279,80917295,,1/22/2018 10:00:00 AM,2316,483 DUNDAS ST W,,,Major Arterial,Toronto and East York,43.652999,-79.397411,Non Intersection,No Control,Rain,"Dark, artificial",Wet,Non-Fatal Injury,Pedestrian Collisions,Driver,40 to 44,None,,West,"Automobile, Station Wagon",Going Ahead,Driving Properly,Normal,,,,,,,Yes,,Yes,,,,,,,,,,,78,Kensington-Chinatown,78,Kensington-Chinatown (78),D52,629233.7141,4834580.1985
14280,80915976,,1/24/2018 10:00:00 AM,725,QUEEN ST W,NIAGARA ST,6 m West of,Major Arterial,Toronto and East York,43.645922,-79.409908,At Intersection,Traffic Signal,Clear,Daylight,Dry,Non-Fatal Injury,Pedestrian Collisions,Pedestrian,25 to 29,Major,,North,,,,,Vehicle is going straight thru inter.while ped cross without ROW,Crossing without right of way,Inattentive,,,,Yes,,Yes,,,,,,,,,,,162,West Queen West,82,Niagara (82),D14,628240.9988,4833774.8185
14281,80915977,,1/24/2018 10:00:00 AM,725,QUEEN ST W,NIAGARA ST,6 m West of,Major Arterial,Toronto and East York,43.645922,-79.409908,At Intersection,Traffic Signal,Clear,Daylight,Dry,Non-Fatal Injury,Pedestrian Collisions,Driver,45 to 49,None,,East,"Automobile, Station Wagon",Going Ahead,Driving Properly,Normal,,,,,,,Yes,,Yes,,,,,,,,,,,162,West Queen West,82,Niagara (82),D14,628240.9988,4833774.8185
14282,80793624,,1/24/2018 10:00:00 AM,1150,WARDEN AVE,BAMBURGH CRCL,195 m South,Major Arterial,Scarborough,43.81428,-79.324542,Non Intersection,Traffic Signal,Clear,Daylight,Dry,Fatal,Pedestrian Collisions,Pedestrian,60 to 64,Fatal,8,West,,,,,Vehicle is going straight thru inter.while ped cross with ROW,Crossing with right of way,Normal,,,,Yes,,Yes,,,,,,,Yes,Yes,,,116,Steeles,116,Steeles (116),D42,634747.765,4852608.9016
14283,80793689,,1/24/2018 10:00:00 AM,1150,WARDEN AVE,BAMBURGH CRCL,195 m South,Major Arterial,Scarborough,43.81428,-79.324542,Non Intersection,Traffic Signal,Clear,Daylight,Dry,Fatal,Pedestrian Collisions,Driver,55 to 59,None,,South,"Automobile, Station Wagon",Going Ahead,Disobeyed Traffic Control,Normal,,,,,,,Yes,,Yes,,,,,,,Yes,Yes,,,116,Steeles,116,Steeles (116),D42,634747.765,4852608.9016
14284,80903332,,1/26/2018 10:00:00 AM,1430,QUEENS QUAY W,YORK ST,60 m West of,Minor Arterial,Toronto and East York,43.639701,-79.381091,Non Intersection,No Control,Clear,Daylight,Dry,Non-Fatal Injury,Pedestrian Collisions,Pedestrian,20 to 24,Major,,South,,,,,Pedestrian involved in a collision with transit vehicle anywhere along roadway,"Crossing, no Traffic Control",Inattentive,,,,Yes,,,,,Yes,,,,,,,,165,Harbourfront-CityPlace,77,Waterfront Communities-The Island (77),D52,630578.5928,4833128.8285
14285,80903333,,1/26/2018 10:00:00 AM,1430,QUEENS QUAY W,YORK ST,60 m West of,Minor Arterial,Toronto and East York,43.639701,-79.381091,Non Intersection,No Control,Clear,Daylight,Dry,Non-Fatal Injury,Pedestrian Collisions,Driver,40 to 44,None,,East,Street Car,Going Ahead,Driving Properly,Normal,,,,,,,Yes,,,,,Yes,,,,,,,,165,Harbourfront-CityPlace,77,Waterfront Communities-The Island (77),D52,630578.5928,4833128.8285
14286,81129083,,1/26/2018 10:00:00 AM,2055,TAPSCOTT RD,MCLEVIN AVE,65 m East of,Minor Arterial,Scarborough,43.804679,-79.22578,Non Intersection,No Control,Clear,"Dark, artificial",Dry,Non-Fatal Injury,Approaching,Driver,35 to 39,Major,,West,"Automobile, Station Wagon",Going Ahead,Lost control,"Ability Impaired, Alcohol",,,,,,,,,Yes,,,,,Yes,Yes,Yes,,Yes,,145,Malvern West,132,Malvern (132),D42,642713.5975,4851708.1492
14287,81129084,,1/26/2018 10:00:00 AM,2055,TAPSCOTT RD,MCLEVIN AVE,65 m East of,Minor Arterial,Scarborough,43.804679,-79.22578,Non Intersection,No Control,Clear,"Dark, artificial",Dry,Non-Fatal Injury,Approaching,Driver,35 to 39,Minor,,East,"Automobile, Station Wagon",Going Ahead,Driving Properly,Normal,,,,,,,,,Yes,,,,,Yes,Yes,Yes,,Yes,,145,Malvern West,132,Malvern (132),D42,642713.5975,4851708.1492
14288,81129085,,1/26/2018 10:00:00 AM,2055,TAPSCOTT RD,MCLEVIN AVE,65 m East of,Minor Arterial,Scarborough,43.804679,-79.22578,Non Intersection,No Control,Clear,"Dark, artificial",Dry,Non-Fatal Injury,Approaching,Passenger,55 to 59,Minimal,,,,,,,,,,,,,,,Yes,,,,,Yes,Yes,Yes,,Yes,,145,Malvern West,132,Malvern (132),D42,642713.5975,4851708.1492
14289,81116640,,1/27/2018 10:00:00 AM,116,EGLINTON AVE E,VICTORIA PARK AVE,,Major Arterial,North York,43.72465,-79.302608,At Intersection,Traffic Signal,Clear,"Dark, artificial",Dry,Non-Fatal Injury,Turning Movement,Truck Driver,45 to 49,None,,East,Truck - Dump,Turning Left,Failed to Yield Right of Way,Normal,,,,,,,,,Yes,,Yes,,,,,Yes,,,,120,Clairlea-Birchmount,120,Clairlea-Birchmount (120),D41,636715.88,4842690.0628
14290,81116641,,1/27/2018 10:00:00 AM,116,EGLINTON AVE E,VICTORIA PARK AVE,,Major Arterial,North York,43.72465,-79.302608,At Intersection,Traffic Signal,Clear,"Dark, artificial",Dry,Non-Fatal Injury,Turning Movement,Driver,50 to 54,Major,,West,"Automobile, Station Wagon",Going Ahead,Driving Properly,Normal,,,,,,,,,Yes,,Yes,,,,,Yes,,,,120,Clairlea-Birchmount,120,Clairlea-Birchmount (120),D41,636715.88,4842690.0628
14291,80929712,,1/28/2018 10:00:00 AM,140,BATHURST ST,RIDGE HILL DR,,Major Arterial,Toronto and East York,43.703265,-79.425868,At Intersection,Traffic Signal,Clear,"Dark, artificial",Dry,Non-Fatal Injury,Pedestrian Collisions,Pedestrian,50 to 54,Major,,East,,,,,Vehicle is going straight thru inter.while ped cross without ROW,Crossing without right of way,"Ability Impaired, Alcohol",,,,Yes,,Yes,,,,,,,,,,,102,Forest Hill North,102,Forest Hill North (102),D53,626832.9513,4840118.991
14292,80929713,,1/28/2018 10:00:00 AM,140,BATHURST ST,RIDGE HILL DR,,Major Arterial,Toronto and East York,43.703265,-79.425868,At Intersection,Traffic Signal,Clear,"Dark, artificial",Dry,Non-Fatal Injury,Pedestrian Collisions,Driver,40 to 44,None,,South,"Automobile, Station Wagon",Going Ahead,Driving Properly,Normal,,,,,,,Yes,,Yes,,,,,,,,,,,102,Forest Hill North,102,Forest Hill North (102),D53,626832.9513,4840118.991
14293,80793690,,2/2/2018 10:00:00 AM,943,FINCH AVE W,ARDWICK BLVD,,Major Arterial,Etobicoke York,43.747714,-79.562267,At Intersection,Traffic Signal,Clear,Daylight,Dry,Fatal,Pedestrian Collisions,Pedestrian,70 to 74,Fatal,9,North,,,,,Vehicle turns left while ped crosses with ROW at inter.,Crossing with right of way,Normal,,,,Yes,,Yes,,,,,,,Yes,,,,22,Humbermede,22,Humbermede (22),D31,615757.1095,4844856.0495
14294,80793694,,2/2/2018 10:00:00 AM,943,FINCH AVE W,ARDWICK BLVD,,Major Arterial,Etobicoke York,43.747714,-79.562267,At Intersection,Traffic Signal,Clear,Daylight,Dry,Fatal,Pedestrian Collisions,Driver,50 to 54,None,,South,Delivery Van,Turning Left,Failed to Yield Right of Way,Normal,,,,,,,Yes,,Yes,,,,,,,Yes,,,,22,Humbermede,22,Humbermede (22),D31,615757.1095,4844856.0495
14295,80942136,,2/3/2018 10:00:00 AM,403,PARLIAMENT ST,CARLTON ST,20 m North o,Minor Arterial,Toronto and East York,43.664225,-79.367954,At Intersection,Traffic Signal,Clear,"Dark, artificial",Dry,Non-Fatal Injury,Pedestrian Collisions,Pedestrian,60 to 64,Major,,East,,,,,Vehicle is going straight thru inter.while ped cross with ROW,Crossing with right of way,Had Been Drinking,,,,Yes,,Yes,,,,,,,,,,,71,Cabbagetown-South St.James Town,71,Cabbagetown-South St.James Town (71),D51,631584.6448,4835873.2935
14296,80942137,,2/3/2018 10:00:00 AM,403,PARLIAMENT ST,CARLTON ST,20 m North o,Minor Arterial,Toronto and East York,43.664225,-79.367954,At Intersection,Traffic Signal,Clear,"Dark, artificial",Dry,Non-Fatal Injury,Pedestrian Collisions,Driver,unknown,None,,North,Delivery Van,Going Ahead,Other,Unknown,,,,,,,Yes,,Yes,,,,,,,,,,,71,Cabbagetown-South St.James Town,71,Cabbagetown-South St.James Town (71),D51,631584.6448,4835873.2935
14297,80926724,,2/3/2018 10:00:00 AM,1525,8 HERTFORD AVE,,30 m North o,Local,Etobicoke York,43.6887,-79.477329,Non Intersection,No Control,Clear,"Daylight, artificial",Dry,Non-Fatal Injury,Cyclist Collisions,Other,unknown,None,,West,,Parked,,,,,,,,,,Yes,,,,,,,,,,,,110,Keelesdale-Eglinton West,110,Keelesdale-Eglinton West (110),D12,622716.2397,4838423.9074
14298,81514422,,2/3/2018 10:00:00 AM,1525,8 HERTFORD AVE,,30 m North o,Local,Etobicoke York,43.6887,-79.477329,Non Intersection,No Control,Clear,"Daylight, artificial",Dry,Non-Fatal Injury,Cyclist Collisions,Cyclist,15 to 19,Major,,West,Bicycle,Going Ahead,,,,,,Cyclist strikes a parked vehicle.,Lost control,Normal,,Yes,,,,,,,,,,,,110,Keelesdale-Eglinton West,110,Keelesdale-Eglinton West (110),D12,622716.2397,4838423.9074