OBJECTID,INDEX,ACCNUM,DATE,TIME,STREET1,STREET2,OFFSET,ROAD_CLASS,DISTRICT,LATITUDE,LONGITUDE,ACCLOC,TRAFFCTL,VISIBILITY,LIGHT,RDSFCOND,ACCLASS,IMPACTYPE,INVTYPE,INVAGE,INJURY,FATAL_NO,INITDIR,VEHTYPE,MANOEUVER,DRIVACT,DRIVCOND,PEDTYPE,PEDACT,PEDCOND,CYCLISTYPE,CYCACT,CYCCOND,PEDESTRIAN,CYCLIST,AUTOMOBILE,MOTORCYCLE,TRUCK,TRSN_CITY_VEH,EMERG_VEH,PASSENGER,SPEEDING,AG_DRIV,REDLIGHT,ALCOHOL,DISABILITY,HOOD_158,NEIGHBOURHOOD_158,HOOD_140,NEIGHBOURHOOD_140,DIVISION,x,y
14299,80921378,,2/6/2018 10:00:00 AM,913,CARL HALL RD,CHESSWOOD DR,300 m South ,Local,North York,43.7485,-79.468807,Non Intersection,No Control,Clear,Daylight,Wet,Non-Fatal Injury,Approaching,Driver,35 to 39,Minor,,South,"Automobile, Station Wagon",Going Ahead,Driving Properly,Normal,,,,,,,,,Yes,,,,,,Yes,Yes,,,,155,Downsview,26,Downsview-Roding-CFB (26),D32,623280.3592,4845078.1883
14300,80921379,,2/6/2018 10:00:00 AM,913,CARL HALL RD,CHESSWOOD DR,300 m South ,Local,North York,43.7485,-79.468807,Non Intersection,No Control,Clear,Daylight,Wet,Non-Fatal Injury,Approaching,Driver,35 to 39,Major,,North,"Automobile, Station Wagon",Going Ahead,Lost control,Inattentive,,,,,,,,,Yes,,,,,,Yes,Yes,,,,155,Downsview,26,Downsview-Roding-CFB (26),D32,623280.3592,4845078.1883
14301,80942967,,2/8/2018 10:00:00 AM,313,SPADINA AVE,QUEEN ST W,,Major Arterial,Toronto and East York,43.648692,-79.396343,At Intersection,Traffic Signal,Clear,"Dark, artificial",Slush,Non-Fatal Injury,Pedestrian Collisions,Pedestrian,15 to 19,Minor,,East,,,,,Vehicle is going straight thru inter.while ped cross with ROW,Crossing with right of way,Normal,,,,Yes,,Yes,,,,,Yes,,Yes,Yes,,,164,Wellington Place,77,Waterfront Communities-The Island (77),D52,629329.0832,4834103.5136
14302,80942968,,2/8/2018 10:00:00 AM,313,SPADINA AVE,QUEEN ST W,,Major Arterial,Toronto and East York,43.648692,-79.396343,At Intersection,Traffic Signal,Clear,"Dark, artificial",Slush,Non-Fatal Injury,Pedestrian Collisions,Pedestrian,20 to 24,Major,,East,,,,,Vehicle is going straight thru inter.while ped cross with ROW,Crossing with right of way,Normal,,,,Yes,,Yes,,,,,Yes,,Yes,Yes,,,164,Wellington Place,77,Waterfront Communities-The Island (77),D52,629329.0832,4834103.5136
14303,80942969,,2/8/2018 10:00:00 AM,313,SPADINA AVE,QUEEN ST W,,Major Arterial,Toronto and East York,43.648692,-79.396343,At Intersection,Traffic Signal,Clear,"Dark, artificial",Slush,Non-Fatal Injury,Pedestrian Collisions,Passenger,35 to 39,None,,,,,,,,,,,,,Yes,,Yes,,,,,Yes,,Yes,Yes,,,164,Wellington Place,77,Waterfront Communities-The Island (77),D52,629329.0832,4834103.5136
14304,80942970,,2/8/2018 10:00:00 AM,313,SPADINA AVE,QUEEN ST W,,Major Arterial,Toronto and East York,43.648692,-79.396343,At Intersection,Traffic Signal,Clear,"Dark, artificial",Slush,Non-Fatal Injury,Pedestrian Collisions,Passenger,25 to 29,None,,,,,,,,,,,,,Yes,,Yes,,,,,Yes,,Yes,Yes,,,164,Wellington Place,77,Waterfront Communities-The Island (77),D52,629329.0832,4834103.5136
14305,80942971,,2/8/2018 10:00:00 AM,313,SPADINA AVE,QUEEN ST W,,Major Arterial,Toronto and East York,43.648692,-79.396343,At Intersection,Traffic Signal,Clear,"Dark, artificial",Slush,Non-Fatal Injury,Pedestrian Collisions,Driver,40 to 44,None,,North,"Automobile, Station Wagon",Going Ahead,Disobeyed Traffic Control,Unknown,,,,,,,Yes,,Yes,,,,,Yes,,Yes,Yes,,,164,Wellington Place,77,Waterfront Communities-The Island (77),D52,629329.0832,4834103.5136
14306,80889001,,2/8/2018 10:00:00 AM,943,HALLAM ST,OSSINGTON AVE,,Minor Arterial,Toronto and East York,43.66788,-79.428111,At Intersection,Traffic Signal,Clear,Daylight,Wet,Non-Fatal Injury,Pedestrian Collisions,Pedestrian,25 to 29,Major,,West,,,,,Vehicle turns left while ped crosses with ROW at inter.,Crossing with right of way,Normal,,,,Yes,,Yes,,,,,,,Yes,,,,172,Dovercourt Village,93,Dovercourt-Wallace Emerson-Junction (93),D14,626726.7122,4836185.5754
14307,80889002,,2/8/2018 10:00:00 AM,943,HALLAM ST,OSSINGTON AVE,,Minor Arterial,Toronto and East York,43.66788,-79.428111,At Intersection,Traffic Signal,Clear,Daylight,Wet,Non-Fatal Injury,Pedestrian Collisions,Driver,60 to 64,None,,East,"Automobile, Station Wagon",Turning Left,Failed to Yield Right of Way,Inattentive,,,,,,,Yes,,Yes,,,,,,,Yes,,,,172,Dovercourt Village,93,Dovercourt-Wallace Emerson-Junction (93),D14,626726.7122,4836185.5754
14308,80892162,,2/9/2018 10:00:00 AM,1125,LOWER JARVIS ST,FRONT ST E,74 m South o,Major Arterial,Toronto and East York,43.648657,-79.37112,Non Intersection,No Control,Snow,Daylight,Loose Snow,Non-Fatal Injury,Pedestrian Collisions,Pedestrian,75 to 79,Major,,East,,,,,Vehicle is reversing and hits pedestrian,Other,Inattentive,,,,Yes,,Yes,,,,,,,,,,,166,St Lawrence-East Bayfront-The Islands,77,Waterfront Communities-The Island (77),D51,631363.3241,4834139.2441
14309,80892163,,2/9/2018 10:00:00 AM,1125,LOWER JARVIS ST,FRONT ST E,74 m South o,Major Arterial,Toronto and East York,43.648657,-79.37112,Non Intersection,No Control,Snow,Daylight,Loose Snow,Non-Fatal Injury,Pedestrian Collisions,Driver,25 to 29,None,,North,"Automobile, Station Wagon",Reversing,Other,Inattentive,,,,,,,Yes,,Yes,,,,,,,,,,,166,St Lawrence-East Bayfront-The Islands,77,Waterfront Communities-The Island (77),D51,631363.3241,4834139.2441
14310,80942703,,2/10/2018 10:00:00 AM,34,BATHURST ST,DUNDAS ST W,25 m South o,Major Arterial,Toronto and East York,43.652239,-79.405978,Intersection Related,No Control,Drifting Snow,"Dark, artificial",Wet,Non-Fatal Injury,Pedestrian Collisions,Pedestrian,40 to 44,Major,,West,,,,,Pedestrian hit at mid-block,"Crossing, no Traffic Control",Inattentive,,,,Yes,,Yes,,,,,,Yes,Yes,,Yes,,78,Kensington-Chinatown,78,Kensington-Chinatown (78),D14,628544.4806,4834482.4839
14311,80942704,,2/10/2018 10:00:00 AM,34,BATHURST ST,DUNDAS ST W,25 m South o,Major Arterial,Toronto and East York,43.652239,-79.405978,Intersection Related,No Control,Drifting Snow,"Dark, artificial",Wet,Non-Fatal Injury,Pedestrian Collisions,Driver,30 to 34,None,,South,"Automobile, Station Wagon",Going Ahead,Speed too Fast For Condition,"Ability Impaired, Alcohol Over .08",,,,,,,Yes,,Yes,,,,,,Yes,Yes,,Yes,,78,Kensington-Chinatown,78,Kensington-Chinatown (78),D14,628544.4806,4834482.4839
14312,81118093,,2/11/2018 10:00:00 AM,1225,JANE ST,JOHN ST,,Major Arterial,Etobicoke York,43.706576,-79.504787,At Intersection,Traffic Signal,Rain,Daylight,Wet,Non-Fatal Injury,Other,Driver,55 to 59,None,,North,Municipal Transit Bus (TTC),Slowing or Stopping,Other,Normal,,,,,,,,,,,,Yes,,Yes,,,,,,28,Rustic,28,Rustic (28),D12,620467.5035,4840369.0159
14313,81118094,,2/11/2018 10:00:00 AM,1225,JANE ST,JOHN ST,,Major Arterial,Etobicoke York,43.706576,-79.504787,At Intersection,Traffic Signal,Rain,Daylight,Wet,Non-Fatal Injury,Other,Passenger,55 to 59,Major,,,,,,,,,,,,,,,,,,Yes,,Yes,,,,,,28,Rustic,28,Rustic (28),D12,620467.5035,4840369.0159
14314,81141566,,2/11/2018 10:00:00 AM,1330,YONGE ST,MCGLASHAN RD,16 m North o,Major Arterial,North York,43.741786,-79.406207,At Intersection,No Control,Freezing Rain,Daylight,Slush,Non-Fatal Injury,SMV Other,Driver,40 to 44,Minor,,North,"Automobile, Station Wagon",Going Ahead,Lost control,Medical or Physical Disability,,,,,,,,,Yes,,,,,Yes,,,,,Yes,41,Bridle Path-Sunnybrook-York Mills,41,Bridle Path-Sunnybrook-York Mills (41),D32,628334.8409,4844427.5674
14315,81141567,,2/11/2018 10:00:00 AM,1330,YONGE ST,MCGLASHAN RD,16 m North o,Major Arterial,North York,43.741786,-79.406207,At Intersection,No Control,Freezing Rain,Daylight,Slush,Non-Fatal Injury,SMV Other,Passenger,40 to 44,Minor,,,,,,,,,,,,,,,Yes,,,,,Yes,,,,,Yes,41,Bridle Path-Sunnybrook-York Mills,41,Bridle Path-Sunnybrook-York Mills (41),D32,628334.8409,4844427.5674
14316,81141568,,2/11/2018 10:00:00 AM,1330,YONGE ST,MCGLASHAN RD,16 m North o,Major Arterial,North York,43.741786,-79.406207,At Intersection,No Control,Freezing Rain,Daylight,Slush,Non-Fatal Injury,SMV Other,Passenger,10 to 14,Minimal,,,,,,,,,,,,,,,Yes,,,,,Yes,,,,,Yes,41,Bridle Path-Sunnybrook-York Mills,41,Bridle Path-Sunnybrook-York Mills (41),D32,628334.8409,4844427.5674
14317,81141569,,2/11/2018 10:00:00 AM,1330,YONGE ST,MCGLASHAN RD,16 m North o,Major Arterial,North York,43.741786,-79.406207,At Intersection,No Control,Freezing Rain,Daylight,Slush,Non-Fatal Injury,SMV Other,Passenger,5 to 9,Major,,,,,,,,,,,,,,,Yes,,,,,Yes,,,,,Yes,41,Bridle Path-Sunnybrook-York Mills,41,Bridle Path-Sunnybrook-York Mills (41),D32,628334.8409,4844427.5674
14318,81141570,,2/11/2018 10:00:00 AM,1330,YONGE ST,MCGLASHAN RD,16 m North o,Major Arterial,North York,43.741786,-79.406207,At Intersection,No Control,Freezing Rain,Daylight,Slush,Non-Fatal Injury,SMV Other,Passenger,0 to 4,Major,,,,,,,,,,,,,,,Yes,,,,,Yes,,,,,Yes,41,Bridle Path-Sunnybrook-York Mills,41,Bridle Path-Sunnybrook-York Mills (41),D32,628334.8409,4844427.5674
14319,80942880,,2/13/2018 10:00:00 AM,247,DUFFERIN ST,BANK ST,16 m South o,Minor Arterial,Toronto and East York,43.647639,-79.430675,Intersection Related,No Control,Clear,"Dark, artificial",Dry,Non-Fatal Injury,SMV Unattended Vehicle,Driver,50 to 54,None,,North,"Automobile, Station Wagon",Making U Turn,Driving Properly,Normal,,,,,,,,,Yes,,,,,,Yes,Yes,,,,84,Little Portugal,84,Little Portugal (84),D14,626562.5166,4833933.6332
14320,80942881,,2/13/2018 10:00:00 AM,247,DUFFERIN ST,BANK ST,16 m South o,Minor Arterial,Toronto and East York,43.647639,-79.430675,Intersection Related,No Control,Clear,"Dark, artificial",Dry,Non-Fatal Injury,SMV Unattended Vehicle,Driver,20 to 24,Major,,North,"Automobile, Station Wagon",Going Ahead,Exceeding Speed Limit,Unknown,,,,,,,,,Yes,,,,,,Yes,Yes,,,,84,Little Portugal,84,Little Portugal (84),D14,626562.5166,4833933.6332
14321,81514423,,2/13/2018 10:00:00 AM,247,DUFFERIN ST,BANK ST,16 m South o,Minor Arterial,Toronto and East York,43.647639,-79.430675,Intersection Related,No Control,Clear,"Dark, artificial",Dry,Non-Fatal Injury,SMV Unattended Vehicle,Other,unknown,None,,North,,Parked,,,,,,,,,,,Yes,,,,,,Yes,Yes,,,,84,Little Portugal,84,Little Portugal (84),D14,626562.5166,4833933.6332
14322,80905768,,2/14/2018 10:00:00 AM,1545,KIPLING AVE,MOUNT OLIVE DR,,Major Arterial,Etobicoke York,43.746745,-79.583759,At Intersection,Traffic Signal,Clear,Daylight,Dry,Non-Fatal Injury,Pedestrian Collisions,Pedestrian,85 to 89,Major,,West,,,,,Vehicle turns left while ped crosses with ROW at inter.,Crossing with right of way,Normal,,,,Yes,,Yes,,,,,,,Yes,,,,2,Mount Olive-Silverstone-Jamestown,2,Mount Olive-Silverstone-Jamestown (2),D23,614028.5387,4844718.6211
14323,80905769,,2/14/2018 10:00:00 AM,1545,KIPLING AVE,MOUNT OLIVE DR,,Major Arterial,Etobicoke York,43.746745,-79.583759,At Intersection,Traffic Signal,Clear,Daylight,Dry,Non-Fatal Injury,Pedestrian Collisions,Driver,75 to 79,None,,West,Pick Up Truck,Turning Left,Failed to Yield Right of Way,Inattentive,,,,,,,Yes,,Yes,,,,,,,Yes,,,,2,Mount Olive-Silverstone-Jamestown,2,Mount Olive-Silverstone-Jamestown (2),D23,614028.5387,4844718.6211
14324,80897179,,2/16/2018 10:00:00 AM,1800,DON MILLS RD,BARBER GREENE RD,,Major Arterial,North York,43.727584,-79.340823,At Intersection,Traffic Signal,Clear,"Dark, artificial",Dry,Non-Fatal Injury,Turning Movement,Passenger,35 to 39,Major,,,,,,,,,,,,,,,Yes,,,,,Yes,,Yes,Yes,,,42,Banbury-Don Mills,42,Banbury-Don Mills (42),D33,633631.3077,4842953.5898
14325,80897180,,2/16/2018 10:00:00 AM,1800,DON MILLS RD,BARBER GREENE RD,,Major Arterial,North York,43.727584,-79.340823,At Intersection,Traffic Signal,Clear,"Dark, artificial",Dry,Non-Fatal Injury,Turning Movement,Passenger,35 to 39,Minor,,,,,,,,,,,,,,,Yes,,,,,Yes,,Yes,Yes,,,42,Banbury-Don Mills,42,Banbury-Don Mills (42),D33,633631.3077,4842953.5898
14326,80897181,,2/16/2018 10:00:00 AM,1800,DON MILLS RD,BARBER GREENE RD,,Major Arterial,North York,43.727584,-79.340823,At Intersection,Traffic Signal,Clear,"Dark, artificial",Dry,Non-Fatal Injury,Turning Movement,Driver,35 to 39,Minor,,South,"Automobile, Station Wagon",Going Ahead,Disobeyed Traffic Control,Inattentive,,,,,,,,,Yes,,,,,Yes,,Yes,Yes,,,42,Banbury-Don Mills,42,Banbury-Don Mills (42),D33,633631.3077,4842953.5898
14327,80897182,,2/16/2018 10:00:00 AM,1800,DON MILLS RD,BARBER GREENE RD,,Major Arterial,North York,43.727584,-79.340823,At Intersection,Traffic Signal,Clear,"Dark, artificial",Dry,Non-Fatal Injury,Turning Movement,Driver,50 to 54,Minor,,North,"Automobile, Station Wagon",Turning Left,Improper Turn,Inattentive,,,,,,,,,Yes,,,,,Yes,,Yes,Yes,,,42,Banbury-Don Mills,42,Banbury-Don Mills (42),D33,633631.3077,4842953.5898
14328,81449963,,2/16/2018 10:00:00 AM,2130,LAKE SHORE BLVD W,ROYAL YORK RD,150 m West o,Major Arterial,Etobicoke York,43.603579,-79.493121,Non Intersection,No Control,Clear,"Dark, artificial",Dry,Non-Fatal Injury,SMV Other,Driver,50 to 54,None,,East,"Automobile, Station Wagon",Going Ahead,Lost control,"Ability Impaired, Alcohol Over .08",,,,,,,,,Yes,,,,,Yes,,,,Yes,,160,Mimico-Queensway,17,Mimico (includes Humber Bay Shores) (17),D22,621615.1557,4828946.8873
14329,81449964,,2/16/2018 10:00:00 AM,2130,LAKE SHORE BLVD W,ROYAL YORK RD,150 m West o,Major Arterial,Etobicoke York,43.603579,-79.493121,Non Intersection,No Control,Clear,"Dark, artificial",Dry,Non-Fatal Injury,SMV Other,Passenger,50 to 54,Major,,,,,,,,,,,,,,,Yes,,,,,Yes,,,,Yes,,160,Mimico-Queensway,17,Mimico (includes Humber Bay Shores) (17),D22,621615.1557,4828946.8873
14330,80792373,,2/17/2018 10:00:00 AM,2319,3230 BAYVIEW AVE,,,Major Arterial,North York,43.788287,-79.392772,Non Intersection,No Control,,Dark,,Fatal,SMV Other,Driver,45 to 49,Fatal,10,West,"Automobile, Station Wagon",Going Ahead,Exceeding Speed Limit,Unknown,,,,,,,,,Yes,,,,,,Yes,Yes,,,,49,Bayview Woods-Steeles,49,Bayview Woods-Steeles (49),D33,629316.4225,4849613.1074
14331,81130175,,2/18/2018 10:00:00 AM,1442,401 C E WESTON RD RAMP,WESTON RD,,Major Arterial,Etobicoke York,43.711795,-79.535419,At Intersection,Traffic Signal,Clear,Daylight,Dry,Non-Fatal Injury,Turning Movement,Driver,35 to 39,None,,East,"Automobile, Station Wagon",Turning Right,Disobeyed Traffic Control,Inattentive,,,,,,,,,Yes,,,,,Yes,,Yes,Yes,,,23,Pelmo Park-Humberlea,23,Pelmo Park-Humberlea (23),D12,617989.2606,4840904.6016
14332,81130176,,2/18/2018 10:00:00 AM,1442,401 C E WESTON RD RAMP,WESTON RD,,Major Arterial,Etobicoke York,43.711795,-79.535419,At Intersection,Traffic Signal,Clear,Daylight,Dry,Non-Fatal Injury,Turning Movement,Driver,20 to 24,Minor,,South,"Automobile, Station Wagon",Going Ahead,Driving Properly,Normal,,,,,,,,,Yes,,,,,Yes,,Yes,Yes,,,23,Pelmo Park-Humberlea,23,Pelmo Park-Humberlea (23),D12,617989.2606,4840904.6016
14333,81130177,,2/18/2018 10:00:00 AM,1442,401 C E WESTON RD RAMP,WESTON RD,,Major Arterial,Etobicoke York,43.711795,-79.535419,At Intersection,Traffic Signal,Clear,Daylight,Dry,Non-Fatal Injury,Turning Movement,Driver,35 to 39,Major,,North,"Automobile, Station Wagon",Changing Lanes,Driving Properly,Normal,,,,,,,,,Yes,,,,,Yes,,Yes,Yes,,,23,Pelmo Park-Humberlea,23,Pelmo Park-Humberlea (23),D12,617989.2606,4840904.6016
14334,81130178,,2/18/2018 10:00:00 AM,1442,401 C E WESTON RD RAMP,WESTON RD,,Major Arterial,Etobicoke York,43.711795,-79.535419,At Intersection,Traffic Signal,Clear,Daylight,Dry,Non-Fatal Injury,Turning Movement,Driver,85 to 89,None,,North,"Automobile, Station Wagon",Slowing or Stopping,Driving Properly,Normal,,,,,,,,,Yes,,,,,Yes,,Yes,Yes,,,23,Pelmo Park-Humberlea,23,Pelmo Park-Humberlea (23),D12,617989.2606,4840904.6016
14335,81130179,,2/18/2018 10:00:00 AM,1442,401 C E WESTON RD RAMP,WESTON RD,,Major Arterial,Etobicoke York,43.711795,-79.535419,At Intersection,Traffic Signal,Clear,Daylight,Dry,Non-Fatal Injury,Turning Movement,Passenger,80 to 84,None,,,,,,,,,,,,,,,Yes,,,,,Yes,,Yes,Yes,,,23,Pelmo Park-Humberlea,23,Pelmo Park-Humberlea (23),D12,617989.2606,4840904.6016
14336,80943590,,2/18/2018 10:00:00 AM,1827,YONGE ST,ROSELAWN AVE,11 m South o,Major Arterial,North York,43.710841,-79.399249,Intersection Related,No Control,Clear,"Dusk, artificial",Dry,Non-Fatal Injury,Pedestrian Collisions,Driver,40 to 44,None,,North,"Automobile, Station Wagon",Going Ahead,Driving Properly,Normal,,,,,,,Yes,,Yes,,,,,,,,,,,173,North Toronto,104,Mount Pleasant West (104),D53,628961.5042,4841001.4805
14337,80943591,,2/18/2018 10:00:00 AM,1827,YONGE ST,ROSELAWN AVE,11 m South o,Major Arterial,North York,43.710841,-79.399249,Intersection Related,No Control,Clear,"Dusk, artificial",Dry,Non-Fatal Injury,Pedestrian Collisions,Pedestrian,45 to 49,Major,,West,,,,,Pedestrian hit at mid-block,"Crossing, no Traffic Control",Inattentive,,,,Yes,,Yes,,,,,,,,,,,173,North Toronto,104,Mount Pleasant West (104),D53,628961.5042,4841001.4805
14338,80942596,,2/19/2018 10:00:00 AM,602,704 BRIMORTON DR,,99 m West of,Collector,Scarborough,43.774909,-79.227756,Non Intersection,No Control,Clear,"Dark, artificial",Dry,Non-Fatal Injury,SMV Other,Driver,25 to 29,Major,,East,"Automobile, Station Wagon",Going Ahead,Lost control,"Ability Impaired, Alcohol Over .08",,,,,,,,,Yes,,,,,,,Yes,,Yes,,141,Golfdale-Cedarbrae-Woburn,137,Woburn (137),D43,642625.4484,4848398.3081
14339,80887941,,2/19/2018 10:00:00 AM,617,537 FINCH AVE W,,11 m East of,Major Arterial,North York,43.772914,-79.447597,Non Intersection,No Control,Clear,"Dark, artificial",Dry,Non-Fatal Injury,Approaching,Driver,60 to 64,Minor,,West,"Automobile, Station Wagon",Slowing or Stopping,Driving Properly,Normal,,,,,,,,,Yes,,,,,,,Yes,,,,35,Westminster-Branson,35,Westminster-Branson (35),D32,624937.2201,4847821.5115
14340,80887942,,2/19/2018 10:00:00 AM,617,537 FINCH AVE W,,11 m East of,Major Arterial,North York,43.772914,-79.447597,Non Intersection,No Control,Clear,"Dark, artificial",Dry,Non-Fatal Injury,Approaching,Driver,45 to 49,Major,,West,"Automobile, Station Wagon",Stopped,Driving Properly,Normal,,,,,,,,,Yes,,,,,,,Yes,,,,35,Westminster-Branson,35,Westminster-Branson (35),D32,624937.2201,4847821.5115
14341,80887943,,2/19/2018 10:00:00 AM,617,537 FINCH AVE W,,11 m East of,Major Arterial,North York,43.772914,-79.447597,Non Intersection,No Control,Clear,"Dark, artificial",Dry,Non-Fatal Injury,Approaching,Driver,25 to 29,Minor,,East,Passenger Van,Going Ahead,Lost control,Had Been Drinking,,,,,,,,,Yes,,,,,,,Yes,,,,35,Westminster-Branson,35,Westminster-Branson (35),D32,624937.2201,4847821.5115
14342,80941032,,2/20/2018 10:00:00 AM,1640,QUEEN ST E,ONTARIO ST,,Major Arterial,North York,43.654944,-79.367168,At Intersection,Pedestrian Crossover,Clear,"Dusk, artificial",Wet,Non-Fatal Injury,Pedestrian Collisions,Driver,65 to 69,None,,East,Pick Up Truck,Going Ahead,Failed to Yield Right of Way,Inattentive,,,,,,,Yes,,Yes,,,,,,,Yes,,,,73,Moss Park,73,Moss Park (73),D51,631668.3027,4834843.7618
14343,80941033,,2/20/2018 10:00:00 AM,1640,QUEEN ST E,ONTARIO ST,,Major Arterial,North York,43.654944,-79.367168,At Intersection,Pedestrian Crossover,Clear,"Dusk, artificial",Wet,Non-Fatal Injury,Pedestrian Collisions,Pedestrian,25 to 29,Major,,North,,,,,Pedestrian hit a PXO/ped. Mid-block signal,"Crossing, Pedestrian Crossover",Normal,,,,Yes,,Yes,,,,,,,Yes,,,,73,Moss Park,73,Moss Park (73),D51,631668.3027,4834843.7618
14344,80793691,,2/20/2018 10:00:00 AM,1645,BATHURST ST,ELLERSLIE AVE,,Major Arterial,North York,43.765391,-79.440891,At Intersection,Traffic Signal,Rain,Daylight,Wet,Fatal,Pedestrian Collisions,Pedestrian,65 to 69,Fatal,11,West,,,,,Vehicle turns left while ped crosses with ROW at inter.,Crossing with right of way,Normal,,,,Yes,,,,Yes,,,,,Yes,,,,37,Willowdale West,37,Willowdale West (37),D32,625492.6548,4846996.1093
14345,80793695,,2/20/2018 10:00:00 AM,1645,BATHURST ST,ELLERSLIE AVE,,Major Arterial,North York,43.765391,-79.440891,At Intersection,Traffic Signal,Rain,Daylight,Wet,Fatal,Pedestrian Collisions,Truck Driver,20 to 24,None,,East,"Truck - Closed (Blazer, etc)",Turning Left,Failed to Yield Right of Way,Normal,,,,,,,Yes,,,,Yes,,,,,Yes,,,,37,Willowdale West,37,Willowdale West (37),D32,625492.6548,4846996.1093
14346,80793692,,2/21/2018 10:00:00 AM,1838,37 WILLIAM KITCHEN RD,,,Collector,Scarborough,43.773322,-79.282741,Non Intersection,No Control,Clear,"Dark, artificial",Dry,Fatal,Pedestrian Collisions,Pedestrian,40 to 44,Fatal,12,North,,,,,Pedestrian hit at mid-block,"Crossing, no Traffic Control",Inattentive,,,,Yes,,,,Yes,,,,,,,,,126,Dorset Park,126,Dorset Park (126),D41,638204.0085,4848128.7934
14347,80793693,,2/21/2018 10:00:00 AM,1838,37 WILLIAM KITCHEN RD,,,Collector,Scarborough,43.773322,-79.282741,Non Intersection,No Control,Clear,"Dark, artificial",Dry,Fatal,Pedestrian Collisions,Truck Driver,30 to 34,None,,East,Truck-Tractor,Going Ahead,Driving Properly,Normal,,,,,,,Yes,,,,Yes,,,,,,,,,126,Dorset Park,126,Dorset Park (126),D41,638204.0085,4848128.7934
14348,81117398,,2/22/2018 10:00:00 AM,1430,AVENUE RD,BRIAR HILL AVE,,Major Arterial,North York,43.711116,-79.411449,At Intersection,Stop Sign,Clear,Daylight,Dry,Non-Fatal Injury,Angle,Driver,60 to 64,None,,West,"Automobile, Station Wagon",Going Ahead,Failed to Yield Right of Way,Normal,,,,,,,,,Yes,,,,,Yes,,Yes,,,,100,Yonge-Eglinton,100,Yonge-Eglinton (100),D53,627978.0393,4841013.1151
14349,81117399,,2/22/2018 10:00:00 AM,1430,AVENUE RD,BRIAR HILL AVE,,Major Arterial,North York,43.711116,-79.411449,At Intersection,Stop Sign,Clear,Daylight,Dry,Non-Fatal Injury,Angle,Driver,75 to 79,Minor,,South,"Automobile, Station Wagon",Going Ahead,Driving Properly,Normal,,,,,,,,,Yes,,,,,Yes,,Yes,,,,100,Yonge-Eglinton,100,Yonge-Eglinton (100),D53,627978.0393,4841013.1151
14350,81117400,,2/22/2018 10:00:00 AM,1430,AVENUE RD,BRIAR HILL AVE,,Major Arterial,North York,43.711116,-79.411449,At Intersection,Stop Sign,Clear,Daylight,Dry,Non-Fatal Injury,Angle,Passenger,80 to 84,Major,,,,,,,,,,,,,,,Yes,,,,,Yes,,Yes,,,,100,Yonge-Eglinton,100,Yonge-Eglinton (100),D53,627978.0393,4841013.1151
14351,80941912,,2/23/2018 10:00:00 AM,118,931 PROGRESS AVE,,5 m West of,Minor Arterial,Scarborough,43.783801,-79.231838,Intersection Related,Traffic Signal,Clear,"Dark, artificial",Dry,Non-Fatal Injury,SMV Other,Passenger,20 to 24,Major,,,,,,,,,,,,,,,Yes,,,,,Yes,,,,Yes,,142,Woburn North,137,Woburn (137),D43,642275.8425,4849378.8812
14352,80941913,,2/23/2018 10:00:00 AM,118,931 PROGRESS AVE,,5 m West of,Minor Arterial,Scarborough,43.783801,-79.231838,Intersection Related,Traffic Signal,Clear,"Dark, artificial",Dry,Non-Fatal Injury,SMV Other,Passenger,20 to 24,Major,,,,,,,,,,,,,,,Yes,,,,,Yes,,,,Yes,,142,Woburn North,137,Woburn (137),D43,642275.8425,4849378.8812
14353,80941914,,2/23/2018 10:00:00 AM,118,931 PROGRESS AVE,,5 m West of,Minor Arterial,Scarborough,43.783801,-79.231838,Intersection Related,Traffic Signal,Clear,"Dark, artificial",Dry,Non-Fatal Injury,SMV Other,Driver,25 to 29,Minor,,North,"Automobile, Station Wagon",Going Ahead,Other,"Ability Impaired, Alcohol Over .08",,,,,,,,,Yes,,,,,Yes,,,,Yes,,142,Woburn North,137,Woburn (137),D43,642275.8425,4849378.8812
14354,81133876,,2/23/2018 10:00:00 AM,612,EGLINTON AVE W,SCARLETT RD,,Major Arterial,Etobicoke York,43.68389,-79.511417,Intersection Related,Traffic Signal,Clear,Dark,Dry,Non-Fatal Injury,Pedestrian Collisions,Driver,50 to 54,None,,South,"Automobile, Station Wagon",Turning Left,Driving Properly,Normal,,,,,,,Yes,,Yes,,,,,,,,,,,9,Edenbridge-Humber Valley,9,Edenbridge-Humber Valley (9),D22,619978.56,4837839.8142
14355,81133877,,2/23/2018 10:00:00 AM,612,EGLINTON AVE W,SCARLETT RD,,Major Arterial,Etobicoke York,43.68389,-79.511417,Intersection Related,Traffic Signal,Clear,Dark,Dry,Non-Fatal Injury,Pedestrian Collisions,Pedestrian,50 to 54,Major,,North,,,,,Vehicle turns left while ped crosses with ROW at inter.,Crossing with right of way,Inattentive,,,,Yes,,Yes,,,,,,,,,,,9,Edenbridge-Humber Valley,9,Edenbridge-Humber Valley (9),D22,619978.56,4837839.8142