OBJECTID,INDEX,ACCNUM,DATE,TIME,STREET1,STREET2,OFFSET,ROAD_CLASS,DISTRICT,LATITUDE,LONGITUDE,ACCLOC,TRAFFCTL,VISIBILITY,LIGHT,RDSFCOND,ACCLASS,IMPACTYPE,INVTYPE,INVAGE,INJURY,FATAL_NO,INITDIR,VEHTYPE,MANOEUVER,DRIVACT,DRIVCOND,PEDTYPE,PEDACT,PEDCOND,CYCLISTYPE,CYCACT,CYCCOND,PEDESTRIAN,CYCLIST,AUTOMOBILE,MOTORCYCLE,TRUCK,TRSN_CITY_VEH,EMERG_VEH,PASSENGER,SPEEDING,AG_DRIV,REDLIGHT,ALCOHOL,DISABILITY,HOOD_158,NEIGHBOURHOOD_158,HOOD_140,NEIGHBOURHOOD_140,DIVISION,x,y
14356,80931178,,2/24/2018 10:00:00 AM,849,ROYAL YORK RD,STRATH HUMBER CRT,15 m South o,Minor Arterial,Etobicoke York,43.661315,-79.517551,At Intersection,No Control,Clear,Daylight,Dry,Non-Fatal Injury,Pedestrian Collisions,Pedestrian,65 to 69,Major,,West,,,,,Pedestrian hit at mid-block,"Crossing, no Traffic Control",Normal,,,,Yes,,Yes,,,,,,,Yes,,,,9,Edenbridge-Humber Valley,9,Edenbridge-Humber Valley (9),D22,619528.9669,4835323.7076
14357,80931179,,2/24/2018 10:00:00 AM,849,ROYAL YORK RD,STRATH HUMBER CRT,15 m South o,Minor Arterial,Etobicoke York,43.661315,-79.517551,At Intersection,No Control,Clear,Daylight,Dry,Non-Fatal Injury,Pedestrian Collisions,Driver,20 to 24,None,,North,"Automobile, Station Wagon",Going Ahead,Improper Passing,Unknown,,,,,,,Yes,,Yes,,,,,,,Yes,,,,9,Edenbridge-Humber Valley,9,Edenbridge-Humber Valley (9),D22,619528.9669,4835323.7076
14358,80915927,,2/24/2018 10:00:00 AM,1950,ROYAL YORK RD,BLOOR ST W,,Major Arterial,Etobicoke York,43.647292,-79.511325,At Intersection,Traffic Signal,Clear,Dark,Dry,Non-Fatal Injury,Pedestrian Collisions,Pedestrian,80 to 84,Major,,West,,,,,Vehicle turns right while ped crosses with ROW at inter.,Crossing with right of way,Normal,,,,Yes,,Yes,,,,,,,Yes,,,,16,Stonegate-Queensway,16,Stonegate-Queensway (16),D22,620058.9097,4833775.2613
14359,80915928,,2/24/2018 10:00:00 AM,1950,ROYAL YORK RD,BLOOR ST W,,Major Arterial,Etobicoke York,43.647292,-79.511325,At Intersection,Traffic Signal,Clear,Dark,Dry,Non-Fatal Injury,Pedestrian Collisions,Driver,70 to 74,None,,North,"Automobile, Station Wagon",Turning Right,Failed to Yield Right of Way,Normal,,,,,,,Yes,,Yes,,,,,,,Yes,,,,16,Stonegate-Queensway,16,Stonegate-Queensway (16),D22,620058.9097,4833775.2613
14360,80942126,,2/26/2018 10:00:00 AM,842,COLLIER ST,CHURCH ST,,Local,,43.672366,-79.386119,At Intersection,Stop Sign,Clear,Daylight,Dry,Non-Fatal Injury,SMV Unattended Vehicle,Driver,60 to 64,Major,,East,"Automobile, Station Wagon",Parked,,,,,,,,,,,Yes,,,,,,,,,,,98,Rosedale-Moore Park,98,Rosedale-Moore Park (98),D53,630102.4759,4836748.8101
14361,80942127,,2/26/2018 10:00:00 AM,842,COLLIER ST,CHURCH ST,,Local,,43.672366,-79.386119,At Intersection,Stop Sign,Clear,Daylight,Dry,Non-Fatal Injury,SMV Unattended Vehicle,Driver,55 to 59,None,,East,"Automobile, Station Wagon",Going Ahead,Lost control,Normal,,,,,,,,,Yes,,,,,,,,,,,98,Rosedale-Moore Park,98,Rosedale-Moore Park (98),D53,630102.4759,4836748.8101
14362,80793697,,2/27/2018 10:00:00 AM,1530,CANONGATE TRL,OCKWELL MANOR  DR,,Collector,Scarborough,43.818522,-79.306857,At Intersection,No Control,Clear,Daylight,Dry,Fatal,Pedestrian Collisions,Pedestrian,10 to 14,Fatal,13,East,,,,,Vehicle is going straight thru inter.while ped cross without ROW,Crossing without right of way,Normal,,,,Yes,,Yes,,,,,,,,,,,116,Steeles,116,Steeles (116),D42,636160.4435,4853109.0001
14363,80793699,,2/27/2018 10:00:00 AM,1530,CANONGATE TRL,OCKWELL MANOR  DR,,Collector,Scarborough,43.818522,-79.306857,At Intersection,No Control,Clear,Daylight,Dry,Fatal,Pedestrian Collisions,Driver,75 to 79,None,,North,Passenger Van,Going Ahead,Driving Properly,Normal,,,,,,,Yes,,Yes,,,,,,,,,,,116,Steeles,116,Steeles (116),D42,636160.4435,4853109.0001
14364,80793700,,2/27/2018 10:00:00 AM,1530,CANONGATE TRL,OCKWELL MANOR  DR,,Collector,Scarborough,43.818522,-79.306857,At Intersection,No Control,Clear,Daylight,Dry,Fatal,Pedestrian Collisions,Driver,75 to 79,None,,North,Passenger Van,Going Ahead,Driving Properly,Normal,,,,,,,Yes,,Yes,,,,,,,,,,,116,Steeles,116,Steeles (116),D42,636160.4435,4853109.0001
14365,80943319,,2/27/2018 10:00:00 AM,2128,ALBION RD,CARRIER DR,50 m East of,Major Arterial,Etobicoke York,43.745268,-79.613452,Non Intersection,No Control,Clear,"Dark, artificial",Dry,Non-Fatal Injury,Rear End,Driver,55 to 59,Minor,,West,"Automobile, Station Wagon",Going Ahead,Driving Properly,Normal,,,,,,,,,Yes,,,,,,,Yes,,Yes,,1,West Humber-Clairville,1,West Humber-Clairville (1),D23,611640.5394,4844514.1372
14366,80943320,,2/27/2018 10:00:00 AM,2128,ALBION RD,CARRIER DR,50 m East of,Major Arterial,Etobicoke York,43.745268,-79.613452,Non Intersection,No Control,Clear,"Dark, artificial",Dry,Non-Fatal Injury,Rear End,Driver,30 to 34,Major,,West,"Automobile, Station Wagon",Stopped,Following too Close,"Ability Impaired, Alcohol",,,,,,,,,Yes,,,,,,,Yes,,Yes,,1,West Humber-Clairville,1,West Humber-Clairville (1),D23,611640.5394,4844514.1372
14367,80901807,,2/28/2018 10:00:00 AM,2117,FINCH AVE W,HUMBERLINE DR,,Major Arterial,Etobicoke York,43.734969,-79.617831,At Intersection,Traffic Signal,Clear,"Dusk, artificial",Dry,Non-Fatal Injury,Pedestrian Collisions,Passenger,0 to 4,None,,,,,,,,,,,,,Yes,,Yes,,,,,Yes,,,,,,1,West Humber-Clairville,1,West Humber-Clairville (1),D23,611307.0353,4843364.3955
14368,80901808,,2/28/2018 10:00:00 AM,2117,FINCH AVE W,HUMBERLINE DR,,Major Arterial,Etobicoke York,43.734969,-79.617831,At Intersection,Traffic Signal,Clear,"Dusk, artificial",Dry,Non-Fatal Injury,Pedestrian Collisions,Passenger,20 to 24,None,,,,,,,,,,,,,Yes,,Yes,,,,,Yes,,,,,,1,West Humber-Clairville,1,West Humber-Clairville (1),D23,611307.0353,4843364.3955
14369,80901809,,2/28/2018 10:00:00 AM,2117,FINCH AVE W,HUMBERLINE DR,,Major Arterial,Etobicoke York,43.734969,-79.617831,At Intersection,Traffic Signal,Clear,"Dusk, artificial",Dry,Non-Fatal Injury,Pedestrian Collisions,Pedestrian,20 to 24,Major,,North,,,,,Vehicle is going straight thru inter.while ped cross without ROW,Crossing without right of way,Inattentive,,,,Yes,,Yes,,,,,Yes,,,,,,1,West Humber-Clairville,1,West Humber-Clairville (1),D23,611307.0353,4843364.3955
14370,80901810,,2/28/2018 10:00:00 AM,2117,FINCH AVE W,HUMBERLINE DR,,Major Arterial,Etobicoke York,43.734969,-79.617831,At Intersection,Traffic Signal,Clear,"Dusk, artificial",Dry,Non-Fatal Injury,Pedestrian Collisions,Driver,60 to 64,None,,East,"Automobile, Station Wagon",Going Ahead,Driving Properly,Normal,,,,,,,Yes,,Yes,,,,,Yes,,,,,,1,West Humber-Clairville,1,West Humber-Clairville (1),D23,611307.0353,4843364.3955
14371,80885750,,3/2/2018 10:00:00 AM,649,DON VALLEY PARKWAY  S,LAWRENCE AVE E,200 m South ,Expressway,North York,43.737506,-79.332217,Non Intersection,No Control,Clear,Daylight,Wet,Non-Fatal Injury,Rear End,Passenger,50 to 54,None,,,,,,,,,,,,,,,Yes,,,,,Yes,,Yes,,,,42,Banbury-Don Mills,42,Banbury-Don Mills (42),D33,634302.2678,4844069.4882
14372,80885751,,3/2/2018 10:00:00 AM,649,DON VALLEY PARKWAY  S,LAWRENCE AVE E,200 m South ,Expressway,North York,43.737506,-79.332217,Non Intersection,No Control,Clear,Daylight,Wet,Non-Fatal Injury,Rear End,Driver,50 to 54,None,,South,"Automobile, Station Wagon",Stopped,Driving Properly,Normal,,,,,,,,,Yes,,,,,Yes,,Yes,,,,42,Banbury-Don Mills,42,Banbury-Don Mills (42),D33,634302.2678,4844069.4882
14373,80885752,,3/2/2018 10:00:00 AM,649,DON VALLEY PARKWAY  S,LAWRENCE AVE E,200 m South ,Expressway,North York,43.737506,-79.332217,Non Intersection,No Control,Clear,Daylight,Wet,Non-Fatal Injury,Rear End,Driver,30 to 34,None,,South,"Automobile, Station Wagon",Stopped,Driving Properly,Normal,,,,,,,,,Yes,,,,,Yes,,Yes,,,,42,Banbury-Don Mills,42,Banbury-Don Mills (42),D33,634302.2678,4844069.4882
14374,80885753,,3/2/2018 10:00:00 AM,649,DON VALLEY PARKWAY  S,LAWRENCE AVE E,200 m South ,Expressway,North York,43.737506,-79.332217,Non Intersection,No Control,Clear,Daylight,Wet,Non-Fatal Injury,Rear End,Driver,50 to 54,Major,,South,"Automobile, Station Wagon",Stopped,Driving Properly,Normal,,,,,,,,,Yes,,,,,Yes,,Yes,,,,42,Banbury-Don Mills,42,Banbury-Don Mills (42),D33,634302.2678,4844069.4882
14375,80885754,,3/2/2018 10:00:00 AM,649,DON VALLEY PARKWAY  S,LAWRENCE AVE E,200 m South ,Expressway,North York,43.737506,-79.332217,Non Intersection,No Control,Clear,Daylight,Wet,Non-Fatal Injury,Rear End,Driver,40 to 44,None,,South,School Bus,Going Ahead,Following too Close,Normal,,,,,,,,,Yes,,,,,Yes,,Yes,,,,42,Banbury-Don Mills,42,Banbury-Don Mills (42),D33,634302.2678,4844069.4882
14376,80919371,,3/2/2018 10:00:00 AM,1435,2083 LAWRENCE AVE W,,,Major Arterial,Etobicoke York,43.699755,-79.517535,Non Intersection,No Control,Clear,Daylight,Dry,Non-Fatal Injury,Pedestrian Collisions,Pedestrian,20 to 24,Major,,North,,,,,Pedestrian hit at mid-block,"Crossing, no Traffic Control",Inattentive,,,,Yes,,Yes,,,,,,,,,,,113,Weston,113,Weston (113),D12,619453.9503,4839593.0047
14377,80919372,,3/2/2018 10:00:00 AM,1435,2083 LAWRENCE AVE W,,,Major Arterial,Etobicoke York,43.699755,-79.517535,Non Intersection,No Control,Clear,Daylight,Dry,Non-Fatal Injury,Pedestrian Collisions,Driver,50 to 54,None,,West,"Automobile, Station Wagon",Going Ahead,Driving Properly,Normal,,,,,,,Yes,,Yes,,,,,,,,,,,113,Weston,113,Weston (113),D12,619453.9503,4839593.0047
14378,80793696,,3/2/2018 10:00:00 AM,1914,GREENCEDAR CRCT,DAPHNE RD,,Collector,Scarborough,43.756827,-79.22932,At Intersection,No Control,Other,Dark,Other,Fatal,Pedestrian Collisions,Pedestrian,65 to 69,Fatal,14,North,,,,,Vehicle is going straight thru inter.while ped cross without ROW,"Crossing, no Traffic Control",Unknown,,,,Yes,,Yes,,,,,,,,,,,141,Golfdale-Cedarbrae-Woburn,137,Woburn (137),D43,642542.5249,4846387.3272
14379,80793698,,3/2/2018 10:00:00 AM,1914,GREENCEDAR CRCT,DAPHNE RD,,Collector,Scarborough,43.756827,-79.22932,At Intersection,No Control,Other,Dark,Other,Fatal,Pedestrian Collisions,Driver,65 to 69,None,,West,"Automobile, Station Wagon",Going Ahead,Driving Properly,Unknown,,,,,,,Yes,,Yes,,,,,,,,,,,141,Golfdale-Cedarbrae-Woburn,137,Woburn (137),D43,642542.5249,4846387.3272
14380,81144518,,3/3/2018 10:00:00 AM,1111,WELLINGTON ST W,YORK ST,52 m East of,Minor Arterial,Toronto and East York,43.646697,-79.382236,Non Intersection,No Control,Clear,Daylight,Dry,Non-Fatal Injury,Turning Movement,Driver,15 to 19,Major,,West,"Automobile, Station Wagon",Making U Turn,Improper Turn,Inattentive,,,,,,,,,Yes,,Yes,,,Yes,,,,,,170,Yonge-Bay Corridor,76,Bay Street Corridor (76),D52,630471.0925,4833904.0244
14381,81144519,,3/3/2018 10:00:00 AM,1111,WELLINGTON ST W,YORK ST,52 m East of,Minor Arterial,Toronto and East York,43.646697,-79.382236,Non Intersection,No Control,Clear,Daylight,Dry,Non-Fatal Injury,Turning Movement,Truck Driver,35 to 39,None,,West,"Truck - Closed (Blazer, etc)",Going Ahead,Driving Properly,Normal,,,,,,,,,Yes,,Yes,,,Yes,,,,,,170,Yonge-Bay Corridor,76,Bay Street Corridor (76),D52,630471.0925,4833904.0244
14382,81144520,,3/3/2018 10:00:00 AM,1111,WELLINGTON ST W,YORK ST,52 m East of,Minor Arterial,Toronto and East York,43.646697,-79.382236,Non Intersection,No Control,Clear,Daylight,Dry,Non-Fatal Injury,Turning Movement,Passenger,20 to 24,None,,,,,,,,,,,,,,,Yes,,Yes,,,Yes,,,,,,170,Yonge-Bay Corridor,76,Bay Street Corridor (76),D52,630471.0925,4833904.0244
14383,81125351,,3/3/2018 10:00:00 AM,1515,BATHURST ST,STEELES AVE W,10 m South o,Major Arterial,North York,43.792338,-79.445712,Intersection Related,Traffic Signal,Clear,Daylight,Dry,Non-Fatal Injury,Angle,Driver,45 to 49,None,,West,Passenger Van,Going Ahead,Failed to Yield Right of Way,Normal,,,,,,,,,Yes,,,,,Yes,,Yes,,,,36,Newtonbrook West,36,Newtonbrook West (36),D32,625048.4226,4849981.6907
14384,81125352,,3/3/2018 10:00:00 AM,1515,BATHURST ST,STEELES AVE W,10 m South o,Major Arterial,North York,43.792338,-79.445712,Intersection Related,Traffic Signal,Clear,Daylight,Dry,Non-Fatal Injury,Angle,Driver,80 to 84,Minimal,,North,"Automobile, Station Wagon",Going Ahead,Driving Properly,Normal,,,,,,,,,Yes,,,,,Yes,,Yes,,,,36,Newtonbrook West,36,Newtonbrook West (36),D32,625048.4226,4849981.6907
14385,81125353,,3/3/2018 10:00:00 AM,1515,BATHURST ST,STEELES AVE W,10 m South o,Major Arterial,North York,43.792338,-79.445712,Intersection Related,Traffic Signal,Clear,Daylight,Dry,Non-Fatal Injury,Angle,Passenger,75 to 79,Major,,,,,,,,,,,,,,,Yes,,,,,Yes,,Yes,,,,36,Newtonbrook West,36,Newtonbrook West (36),D32,625048.4226,4849981.6907
14386,80930458,,3/5/2018 10:00:00 AM,820,DUFFERIN ST,CASTLEFIELD AVE,28 m North o,Major Arterial,North York,43.700686,-79.451724,Intersection Related,Traffic Signal,Clear,Daylight,Dry,Non-Fatal Injury,Pedestrian Collisions,Pedestrian,75 to 79,Major,,East,,,,,Pedestrian hit at mid-block,"Crossing, no Traffic Control",Normal,,,,Yes,,Yes,,,,,Yes,,,,,,108,Briar Hill-Belgravia,108,Briar Hill-Belgravia (108),D13,624754.9791,4839793.3261
14387,80930459,,3/5/2018 10:00:00 AM,820,DUFFERIN ST,CASTLEFIELD AVE,28 m North o,Major Arterial,North York,43.700686,-79.451724,Intersection Related,Traffic Signal,Clear,Daylight,Dry,Non-Fatal Injury,Pedestrian Collisions,Passenger,50 to 54,None,,,,,,,,,,,,,Yes,,Yes,,,,,Yes,,,,,,108,Briar Hill-Belgravia,108,Briar Hill-Belgravia (108),D13,624754.9791,4839793.3261
14388,80930460,,3/5/2018 10:00:00 AM,820,DUFFERIN ST,CASTLEFIELD AVE,28 m North o,Major Arterial,North York,43.700686,-79.451724,Intersection Related,Traffic Signal,Clear,Daylight,Dry,Non-Fatal Injury,Pedestrian Collisions,Passenger,20 to 24,None,,,,,,,,,,,,,Yes,,Yes,,,,,Yes,,,,,,108,Briar Hill-Belgravia,108,Briar Hill-Belgravia (108),D13,624754.9791,4839793.3261
14389,80930461,,3/5/2018 10:00:00 AM,820,DUFFERIN ST,CASTLEFIELD AVE,28 m North o,Major Arterial,North York,43.700686,-79.451724,Intersection Related,Traffic Signal,Clear,Daylight,Dry,Non-Fatal Injury,Pedestrian Collisions,Driver,50 to 54,None,,South,"Automobile, Station Wagon",Slowing or Stopping,Driving Properly,Normal,,,,,,,Yes,,Yes,,,,,Yes,,,,,,108,Briar Hill-Belgravia,108,Briar Hill-Belgravia (108),D13,624754.9791,4839793.3261
14390,81239610,,3/5/2018 10:00:00 AM,1505,BATHURST ST,DEWBOURNE AVE,45 m  of,Major Arterial,Toronto and East York,43.698359,-79.424472,Non Intersection,No Control,Clear,Daylight,Dry,Non-Fatal Injury,Rear End,Driver,70 to 74,Minimal,,North,"Automobile, Station Wagon",Going Ahead,Following too Close,Normal,,,,,,,,,Yes,,,,,Yes,,Yes,,,,101,Forest Hill South,101,Forest Hill South (101),D13,626955.787,4839576.248
14391,81239611,,3/5/2018 10:00:00 AM,1505,BATHURST ST,DEWBOURNE AVE,45 m  of,Major Arterial,Toronto and East York,43.698359,-79.424472,Non Intersection,No Control,Clear,Daylight,Dry,Non-Fatal Injury,Rear End,Driver,25 to 29,None,,North,"Automobile, Station Wagon",Going Ahead,Driving Properly,Normal,,,,,,,,,Yes,,,,,Yes,,Yes,,,,101,Forest Hill South,101,Forest Hill South (101),D13,626955.787,4839576.248
14392,81239612,,3/5/2018 10:00:00 AM,1505,BATHURST ST,DEWBOURNE AVE,45 m  of,Major Arterial,Toronto and East York,43.698359,-79.424472,Non Intersection,No Control,Clear,Daylight,Dry,Non-Fatal Injury,Rear End,Driver,45 to 49,None,,North,"Automobile, Station Wagon",Going Ahead,Driving Properly,Normal,,,,,,,,,Yes,,,,,Yes,,Yes,,,,101,Forest Hill South,101,Forest Hill South (101),D13,626955.787,4839576.248
14393,81239613,,3/5/2018 10:00:00 AM,1505,BATHURST ST,DEWBOURNE AVE,45 m  of,Major Arterial,Toronto and East York,43.698359,-79.424472,Non Intersection,No Control,Clear,Daylight,Dry,Non-Fatal Injury,Rear End,Passenger,20 to 24,None,,,,,,,,,,,,,,,Yes,,,,,Yes,,Yes,,,,101,Forest Hill South,101,Forest Hill South (101),D13,626955.787,4839576.248
14394,81239614,,3/5/2018 10:00:00 AM,1505,BATHURST ST,DEWBOURNE AVE,45 m  of,Major Arterial,Toronto and East York,43.698359,-79.424472,Non Intersection,No Control,Clear,Daylight,Dry,Non-Fatal Injury,Rear End,Passenger,50 to 54,Major,,,,,,,,,,,,,,,Yes,,,,,Yes,,Yes,,,,101,Forest Hill South,101,Forest Hill South (101),D13,626955.787,4839576.248
14395,81239615,,3/5/2018 10:00:00 AM,1505,BATHURST ST,DEWBOURNE AVE,45 m  of,Major Arterial,Toronto and East York,43.698359,-79.424472,Non Intersection,No Control,Clear,Daylight,Dry,Non-Fatal Injury,Rear End,Passenger,10 to 14,None,,,,,,,,,,,,,,,Yes,,,,,Yes,,Yes,,,,101,Forest Hill South,101,Forest Hill South (101),D13,626955.787,4839576.248
14396,81239616,,3/5/2018 10:00:00 AM,1505,BATHURST ST,DEWBOURNE AVE,45 m  of,Major Arterial,Toronto and East York,43.698359,-79.424472,Non Intersection,No Control,Clear,Daylight,Dry,Non-Fatal Injury,Rear End,Passenger,15 to 19,None,,,,,,,,,,,,,,,Yes,,,,,Yes,,Yes,,,,101,Forest Hill South,101,Forest Hill South (101),D13,626955.787,4839576.248
14397,81474456,,3/5/2018 10:00:00 AM,1525,EGLINTON AVE W,KIPLING AVE,192 m West o,Major Arterial,Etobicoke York,43.676662,-79.553142,Non Intersection,No Control,Clear,Daylight,Dry,Non-Fatal Injury,Approaching,Driver,20 to 24,Major,,West,"Automobile, Station Wagon",Going Ahead,Lost control,Inattentive,,,,,,,,,Yes,,,,,,Yes,Yes,,,,10,Princess-Rosethorn,7,Willowridge-Martingrove-Richview (7),D22,616629.5368,4836977.5347
14398,81474457,,3/5/2018 10:00:00 AM,1525,EGLINTON AVE W,KIPLING AVE,192 m West o,Major Arterial,Etobicoke York,43.676662,-79.553142,Non Intersection,No Control,Clear,Daylight,Dry,Non-Fatal Injury,Approaching,Driver,55 to 59,Major,,East,Passenger Van,Going Ahead,Driving Properly,Normal,,,,,,,,,Yes,,,,,,Yes,Yes,,,,10,Princess-Rosethorn,7,Willowridge-Martingrove-Richview (7),D22,616629.5368,4836977.5347
14399,81474458,,3/5/2018 10:00:00 AM,1525,EGLINTON AVE W,KIPLING AVE,192 m West o,Major Arterial,Etobicoke York,43.676662,-79.553142,Non Intersection,No Control,Clear,Daylight,Dry,Non-Fatal Injury,Approaching,Driver,60 to 64,Minor,,East,"Automobile, Station Wagon",Going Ahead,Driving Properly,Normal,,,,,,,,,Yes,,,,,,Yes,Yes,,,,10,Princess-Rosethorn,7,Willowridge-Martingrove-Richview (7),D22,616629.5368,4836977.5347
14400,81474459,,3/5/2018 10:00:00 AM,1525,EGLINTON AVE W,KIPLING AVE,192 m West o,Major Arterial,Etobicoke York,43.676662,-79.553142,Non Intersection,No Control,Clear,Daylight,Dry,Non-Fatal Injury,Approaching,Driver,25 to 29,None,,East,"Automobile, Station Wagon",Going Ahead,Driving Properly,Normal,,,,,,,,,Yes,,,,,,Yes,Yes,,,,10,Princess-Rosethorn,7,Willowridge-Martingrove-Richview (7),D22,616629.5368,4836977.5347
14401,80897472,,3/8/2018 10:00:00 AM,2240,STEELES AVE E,FOUNDERS RD,185 m East o,Major Arterial,Etobicoke York,43.779681,-79.502116,Non Intersection,No Control,Clear,"Dark, artificial",Dry,Non-Fatal Injury,Pedestrian Collisions,Pedestrian,20 to 24,Major,,South,,,,,Pedestrian hit at mid-block,Running onto Roadway,"Ability Impaired, Alcohol",,,,Yes,,Yes,,,,,,,Yes,,,,27,York University Heights,27,York University Heights (27),D31,620535.9057,4848492.2705
14402,80897473,,3/8/2018 10:00:00 AM,2240,STEELES AVE E,FOUNDERS RD,185 m East o,Major Arterial,Etobicoke York,43.779681,-79.502116,Non Intersection,No Control,Clear,"Dark, artificial",Dry,Non-Fatal Injury,Pedestrian Collisions,Driver,20 to 24,None,,West,"Automobile, Station Wagon",Going Ahead,Driving Properly,Normal,,,,,,,Yes,,Yes,,,,,,,Yes,,,,27,York University Heights,27,York University Heights (27),D31,620535.9057,4848492.2705
14403,81139700,,3/9/2018 10:00:00 AM,1745,WESTON RD,DENISON RD W,3 m East of,Minor Arterial,Etobicoke York,43.696166,-79.508159,At Intersection,Traffic Signal,Clear,Daylight,Dry,Non-Fatal Injury,Turning Movement,Driver,20 to 24,None,,North,"Automobile, Station Wagon",Turning Left,Improper Turn,Normal,,,,,,,,,Yes,Yes,,,,,,,,,,113,Weston,113,Weston (113),D12,620216.6269,4839207.9481
14404,81139701,,3/9/2018 10:00:00 AM,1745,WESTON RD,DENISON RD W,3 m East of,Minor Arterial,Etobicoke York,43.696166,-79.508159,At Intersection,Traffic Signal,Clear,Daylight,Dry,Non-Fatal Injury,Turning Movement,Motorcycle Driver,35 to 39,Major,,South,Motorcycle,Going Ahead,Driving Properly,Normal,,,,,,,,,Yes,Yes,,,,,,,,,,113,Weston,113,Weston (113),D12,620216.6269,4839207.9481
14405,80891673,,3/10/2018 10:00:00 AM,1555,COXWELL AVE,EASTWOOD RD,107 m North ,Minor Arterial,Scarborough,43.673754,-79.319652,Non Intersection,No Control,Clear,Daylight,Dry,Non-Fatal Injury,Pedestrian Collisions,Pedestrian,40 to 44,Major,,East,,,,,Pedestrian involved in a collision with transit vehicle anywhere along roadway,"Crossing, no Traffic Control",Inattentive,,,,Yes,,,,,Yes,,,,,,,,64,Woodbine Corridor,64,Woodbine Corridor (64),D55,635457.6277,4837009.3638
14406,80891674,,3/10/2018 10:00:00 AM,1555,COXWELL AVE,EASTWOOD RD,107 m North ,Minor Arterial,Scarborough,43.673754,-79.319652,Non Intersection,No Control,Clear,Daylight,Dry,Non-Fatal Injury,Pedestrian Collisions,Driver,50 to 54,None,,South,Municipal Transit Bus (TTC),Going Ahead,Driving Properly,Normal,,,,,,,Yes,,,,,Yes,,,,,,,,64,Woodbine Corridor,64,Woodbine Corridor (64),D55,635457.6277,4837009.3638
14407,80912513,,3/13/2018 8:00:00 AM,1130,DUNDAS ST W,HURON ST,20 m West of,Major Arterial,North York,43.653273,-79.396121,Intersection Related,No Control,Clear,Daylight,Dry,Non-Fatal Injury,Pedestrian Collisions,Pedestrian,70 to 74,Major,,South,,,,,Vehicle hits the pedestrian walking or running out from between parked vehicles at mid-block,Coming From Behind Parked Vehicle,Inattentive,,,,Yes,,Yes,,,,,,,,,,,78,Kensington-Chinatown,78,Kensington-Chinatown (78),D52,629337.1534,4834612.6396
14408,80912514,,3/13/2018 8:00:00 AM,1130,DUNDAS ST W,HURON ST,20 m West of,Major Arterial,North York,43.653273,-79.396121,Intersection Related,No Control,Clear,Daylight,Dry,Non-Fatal Injury,Pedestrian Collisions,Driver,30 to 34,None,,East,"Automobile, Station Wagon",Going Ahead,Driving Properly,Normal,,,,,,,Yes,,Yes,,,,,,,,,,,78,Kensington-Chinatown,78,Kensington-Chinatown (78),D52,629337.1534,4834612.6396
14409,80875494,,3/15/2018 8:00:00 AM,226,COLLEGE ST,HURON ST,,Major Arterial,Toronto and East York,43.658187,-79.398158,At Intersection,Traffic Signal,Clear,"Dark, artificial",Dry,Fatal,Pedestrian Collisions,Driver,15 to 19,None,,North,"Automobile, Station Wagon",Going Ahead,Failed to Yield Right of Way,"Ability Impaired, Alcohol Over .08",,,,,,,Yes,,Yes,,,,,,Yes,Yes,,Yes,,78,Kensington-Chinatown,78,Kensington-Chinatown (78),D52,629162.3518,4835155.2311
14410,80875495,,3/15/2018 8:00:00 AM,226,COLLEGE ST,HURON ST,,Major Arterial,Toronto and East York,43.658187,-79.398158,At Intersection,Traffic Signal,Clear,"Dark, artificial",Dry,Fatal,Pedestrian Collisions,Pedestrian,20 to 24,Fatal,15,West,,,,,Vehicle is going straight thru inter.while ped cross with ROW,Crossing with right of way,Normal,,,,Yes,,Yes,,,,,,Yes,Yes,,Yes,,78,Kensington-Chinatown,78,Kensington-Chinatown (78),D52,629162.3518,4835155.2311
14411,80906082,,3/15/2018 8:00:00 AM,2150,DOVERCOURT RD,DUPONT ST,,Major Arterial,Etobicoke York,43.669631,-79.432719,At Intersection,Traffic Signal,Clear,"Dark, artificial",Dry,Non-Fatal Injury,Pedestrian Collisions,Pedestrian,20 to 24,Major,,West,,,,,Vehicle is going straight thru inter.while ped cross without ROW,Crossing without right of way,Medical or Physical Disability,,,,Yes,,Yes,,,,,,,,,,,172,Dovercourt Village,93,Dovercourt-Wallace Emerson-Junction (93),D14,626351.5346,4836373.0184
14412,80906083,,3/15/2018 8:00:00 AM,2150,DOVERCOURT RD,DUPONT ST,,Major Arterial,Etobicoke York,43.669631,-79.432719,At Intersection,Traffic Signal,Clear,"Dark, artificial",Dry,Non-Fatal Injury,Pedestrian Collisions,Driver,50 to 54,None,,South,"Automobile, Station Wagon",Going Ahead,Driving Properly,Normal,,,,,,,Yes,,Yes,,,,,,,,,,,172,Dovercourt Village,93,Dovercourt-Wallace Emerson-Junction (93),D14,626351.5346,4836373.0184