OBJECTID,INDEX,ACCNUM,DATE,TIME,STREET1,STREET2,OFFSET,ROAD_CLASS,DISTRICT,LATITUDE,LONGITUDE,ACCLOC,TRAFFCTL,VISIBILITY,LIGHT,RDSFCOND,ACCLASS,IMPACTYPE,INVTYPE,INVAGE,INJURY,FATAL_NO,INITDIR,VEHTYPE,MANOEUVER,DRIVACT,DRIVCOND,PEDTYPE,PEDACT,PEDCOND,CYCLISTYPE,CYCACT,CYCCOND,PEDESTRIAN,CYCLIST,AUTOMOBILE,MOTORCYCLE,TRUCK,TRSN_CITY_VEH,EMERG_VEH,PASSENGER,SPEEDING,AG_DRIV,REDLIGHT,ALCOHOL,DISABILITY,HOOD_158,NEIGHBOURHOOD_158,HOOD_140,NEIGHBOURHOOD_140,DIVISION,x,y
14413,80924378,,3/16/2018 8:00:00 AM,907,RUNNYMEDE RD,DEFOREST RD,,Collector,Etobicoke York,43.648688,-79.475353,At Intersection,Stop Sign,Clear,"Daylight, artificial",Dry,Non-Fatal Injury,Pedestrian Collisions,Pedestrian,70 to 74,Major,,North,,,,,Vehicle turns left while ped crosses with ROW at inter.,Crossing with right of way,Normal,,,,Yes,,Yes,,,,,,,Yes,,,,87,High Park-Swansea,87,High Park-Swansea (87),D11,622957.1629,4833982.9724
14414,80924379,,3/16/2018 8:00:00 AM,907,RUNNYMEDE RD,DEFOREST RD,,Collector,Etobicoke York,43.648688,-79.475353,At Intersection,Stop Sign,Clear,"Daylight, artificial",Dry,Non-Fatal Injury,Pedestrian Collisions,Driver,55 to 59,None,,South,"Automobile, Station Wagon",Turning Left,Failed to Yield Right of Way,Normal,,,,,,,Yes,,Yes,,,,,,,Yes,,,,87,High Park-Swansea,87,High Park-Swansea (87),D11,622957.1629,4833982.9724
14415,81073086,,3/19/2018 8:00:00 AM,1032,GEORGE ST,DUNDAS ST E,,Major Arterial,Toronto and East York,43.657229,-79.373416,At Intersection,Stop Sign,Clear,Daylight,Dry,Non-Fatal Injury,Pedestrian Collisions,Driver,70 to 74,None,,North,Pick Up Truck,Turning Left,Failed to Yield Right of Way,Normal,,,,,,,Yes,,Yes,,,,,,,Yes,,,,73,Moss Park,73,Moss Park (73),D51,631159.4962,4835087.6458
14416,81073087,,3/19/2018 8:00:00 AM,1032,GEORGE ST,DUNDAS ST E,,Major Arterial,Toronto and East York,43.657229,-79.373416,At Intersection,Stop Sign,Clear,Daylight,Dry,Non-Fatal Injury,Pedestrian Collisions,Pedestrian,0 to 4,Major,,South,,,,,Vehicle turns left while ped crosses with ROW at inter.,Crossing with right of way,Normal,,,,Yes,,Yes,,,,,,,Yes,,,,73,Moss Park,73,Moss Park (73),D51,631159.4962,4835087.6458
14417,80937735,,3/19/2018 8:00:00 AM,1741,RENFORTH DR,EGLINTON AVE W,10 m South o,Minor Arterial,Etobicoke York,43.66603,-79.587627,Intersection Related,No Control,Clear,Daylight,Dry,Non-Fatal Injury,Rear End,Driver,50 to 54,None,,South,Passenger Van,Going Ahead,Following too Close,Normal,,,,,,,,,Yes,,,,,Yes,,Yes,,,,11,Eringate-Centennial-West Deane,11,Eringate-Centennial-West Deane (11),D22,613869.8247,4835748.8035
14418,80937736,,3/19/2018 8:00:00 AM,1741,RENFORTH DR,EGLINTON AVE W,10 m South o,Minor Arterial,Etobicoke York,43.66603,-79.587627,Intersection Related,No Control,Clear,Daylight,Dry,Non-Fatal Injury,Rear End,Driver,65 to 69,Major,,South,"Automobile, Station Wagon",Stopped,Driving Properly,Normal,,,,,,,,,Yes,,,,,Yes,,Yes,,,,11,Eringate-Centennial-West Deane,11,Eringate-Centennial-West Deane (11),D22,613869.8247,4835748.8035
14419,80937737,,3/19/2018 8:00:00 AM,1741,RENFORTH DR,EGLINTON AVE W,10 m South o,Minor Arterial,Etobicoke York,43.66603,-79.587627,Intersection Related,No Control,Clear,Daylight,Dry,Non-Fatal Injury,Rear End,Driver,55 to 59,None,,South,"Automobile, Station Wagon",Stopped,Driving Properly,Normal,,,,,,,,,Yes,,,,,Yes,,Yes,,,,11,Eringate-Centennial-West Deane,11,Eringate-Centennial-West Deane (11),D22,613869.8247,4835748.8035
14420,80937738,,3/19/2018 8:00:00 AM,1741,RENFORTH DR,EGLINTON AVE W,10 m South o,Minor Arterial,Etobicoke York,43.66603,-79.587627,Intersection Related,No Control,Clear,Daylight,Dry,Non-Fatal Injury,Rear End,Passenger,40 to 44,None,,,,,,,,,,,,,,,Yes,,,,,Yes,,Yes,,,,11,Eringate-Centennial-West Deane,11,Eringate-Centennial-West Deane (11),D22,613869.8247,4835748.8035
14421,81450009,,3/21/2018 8:00:00 AM,232,KEELE ST,WANDLE AVE,45 m North o,Major Arterial,North York,43.731776,-79.483257,Non Intersection,No Control,Clear,"Dark, artificial",Dry,Non-Fatal Injury,Sideswipe,Driver,35 to 39,Major,,North,"Automobile, Station Wagon",Going Ahead,Lost control,"Ability Impaired, Alcohol",,,,,,,,,Yes,,,,,,Yes,Yes,,Yes,,155,Downsview,26,Downsview-Roding-CFB (26),D31,622150.9462,4843199.3426
14422,81450010,,3/21/2018 8:00:00 AM,232,KEELE ST,WANDLE AVE,45 m North o,Major Arterial,North York,43.731776,-79.483257,Non Intersection,No Control,Clear,"Dark, artificial",Dry,Non-Fatal Injury,Sideswipe,Driver,35 to 39,None,,North,"Automobile, Station Wagon",Going Ahead,Driving Properly,Normal,,,,,,,,,Yes,,,,,,Yes,Yes,,Yes,,155,Downsview,26,Downsview-Roding-CFB (26),D31,622150.9462,4843199.3426
14423,80875488,,3/21/2018 8:00:00 AM,331,F G GARDINER XY  W,ROYAL YORK RD,,,Etobicoke York,43.623107,-79.499957,Non Intersection,No Control,Clear,"Dark, artificial",Dry,Fatal,Rear End,Passenger,25 to 29,Minimal,,,,,,,,,,,,,,,Yes,,,,,Yes,Yes,Yes,,,,160,Mimico-Queensway,17,Mimico (includes Humber Bay Shores) (17),D22,621024.2641,4831105.7221
14424,80875489,,3/21/2018 8:00:00 AM,331,F G GARDINER XY  W,ROYAL YORK RD,,,Etobicoke York,43.623107,-79.499957,Non Intersection,No Control,Clear,"Dark, artificial",Dry,Fatal,Rear End,Passenger,25 to 29,Fatal,16,,,,,,,,,,,,,,Yes,,,,,Yes,Yes,Yes,,,,160,Mimico-Queensway,17,Mimico (includes Humber Bay Shores) (17),D22,621024.2641,4831105.7221
14425,80875490,,3/21/2018 8:00:00 AM,331,F G GARDINER XY  W,ROYAL YORK RD,,,Etobicoke York,43.623107,-79.499957,Non Intersection,No Control,Clear,"Dark, artificial",Dry,Fatal,Rear End,Driver,30 to 34,Minor,,West,"Automobile, Station Wagon",Going Ahead,Exceeding Speed Limit,Normal,,,,,,,,,Yes,,,,,Yes,Yes,Yes,,,,160,Mimico-Queensway,17,Mimico (includes Humber Bay Shores) (17),D22,621024.2641,4831105.7221
14426,80875563,,3/21/2018 8:00:00 AM,331,F G GARDINER XY  W,ROYAL YORK RD,,,Etobicoke York,43.623107,-79.499957,Non Intersection,No Control,Clear,"Dark, artificial",Dry,Fatal,Rear End,Driver,20 to 24,Minor,,West,"Automobile, Station Wagon",Pulling Away from Shoulder or Curb,Improper Lane Change,Inattentive,,,,,,,,,Yes,,,,,Yes,Yes,Yes,,,,160,Mimico-Queensway,17,Mimico (includes Humber Bay Shores) (17),D22,621024.2641,4831105.7221
14427,80939416,,3/21/2018 8:00:00 AM,1720,LAWRENCE AVE W,BENTON RD,10 m East of,Major Arterial,Etobicoke York,43.710231,-79.471866,At Intersection,Traffic Signal,Clear,Daylight,Dry,Non-Fatal Injury,Angle,Driver,40 to 44,None,,East,"Automobile, Station Wagon",Going Ahead,Disobeyed Traffic Control,Normal,,,,,,,,,Yes,,,,,,,Yes,Yes,,,30,Brookhaven-Amesbury,30,Brookhaven-Amesbury (30),D12,623112.4482,4840823.3201
14428,80939417,,3/21/2018 8:00:00 AM,1720,LAWRENCE AVE W,BENTON RD,10 m East of,Major Arterial,Etobicoke York,43.710231,-79.471866,At Intersection,Traffic Signal,Clear,Daylight,Dry,Non-Fatal Injury,Angle,Driver,55 to 59,Major,,North,Passenger Van,Going Ahead,Driving Properly,Normal,,,,,,,,,Yes,,,,,,,Yes,Yes,,,30,Brookhaven-Amesbury,30,Brookhaven-Amesbury (30),D12,623112.4482,4840823.3201
14429,80934830,,3/21/2018 8:00:00 AM,2305,QUEENS QUAY W,YORK ST,60 m West of,Minor Arterial,Toronto and East York,43.639712,-79.381068,Non Intersection,No Control,Clear,"Dark, artificial",Dry,Non-Fatal Injury,Pedestrian Collisions,Pedestrian,45 to 49,Major,,South,,,,,Pedestrian hit at mid-block,Running onto Roadway,Inattentive,,,,Yes,,Yes,,,,,,,,,,,165,Harbourfront-CityPlace,77,Waterfront Communities-The Island (77),D52,630580.4241,4833130.0863
14430,80934831,,3/21/2018 8:00:00 AM,2305,QUEENS QUAY W,YORK ST,60 m West of,Minor Arterial,Toronto and East York,43.639712,-79.381068,Non Intersection,No Control,Clear,"Dark, artificial",Dry,Non-Fatal Injury,Pedestrian Collisions,Driver,65 to 69,None,,East,"Automobile, Station Wagon",Going Ahead,Driving Properly,Normal,,,,,,,Yes,,Yes,,,,,,,,,,,165,Harbourfront-CityPlace,77,Waterfront Communities-The Island (77),D52,630580.4241,4833130.0863
14431,81005231,188016123,3/24/2018 8:00:00 AM,1700,BAYVIEW AVE,THE BRIDLE PATH,,Major Arterial,North York,43.739215,-79.382404,Non Intersection,No Control,Clear,Daylight,Dry,Non-Fatal Injury,Pedestrian Collisions,Driver,unknown,None,,North,"Automobile, Station Wagon",Changing Lanes,Driving Properly,Unknown,,,,,,,Yes,,Yes,,,,,,,,,,,41,Bridle Path-Sunnybrook-York Mills,41,Bridle Path-Sunnybrook-York Mills (41),D33,630257.0915,4844179.1682
14432,81005232,188016123,3/24/2018 8:00:00 AM,1700,BAYVIEW AVE,THE BRIDLE PATH,,Major Arterial,North York,43.739215,-79.382404,Non Intersection,No Control,Clear,Daylight,Dry,Non-Fatal Injury,Pedestrian Collisions,Pedestrian,25 to 29,Major,,Unknown,,,,,Pedestrian hit at mid-block,Other,Unknown,,,,Yes,,Yes,,,,,,,,,,,41,Bridle Path-Sunnybrook-York Mills,41,Bridle Path-Sunnybrook-York Mills (41),D33,630257.0915,4844179.1682
14433,80942643,,3/24/2018 8:00:00 AM,1914,JANE ST,SHOREHAM DR,70 m South o,Major Arterial,North York,43.767714,-79.520107,Non Intersection,No Control,Clear,Daylight,Dry,Non-Fatal Injury,Approaching,Driver,35 to 39,Major,,South,"Automobile, Station Wagon",Going Ahead,Driving Properly,Normal,,,,,,,,,Yes,,,,,,Yes,Yes,,,,24,Black Creek,24,Black Creek (24),D31,619111.9,4847137.1198
14434,80942644,,3/24/2018 8:00:00 AM,1914,JANE ST,SHOREHAM DR,70 m South o,Major Arterial,North York,43.767714,-79.520107,Non Intersection,No Control,Clear,Daylight,Dry,Non-Fatal Injury,Approaching,Driver,20 to 24,Major,,North,"Automobile, Station Wagon",Going Ahead,Exceeding Speed Limit,Unknown,,,,,,,,,Yes,,,,,,Yes,Yes,,,,24,Black Creek,24,Black Creek (24),D31,619111.9,4847137.1198
14435,80932816,,3/26/2018 8:00:00 AM,1604,BRIDLETOWNE CRCL,BEVERLY GLEN BLVD,,Minor Arterial,Scarborough,43.799418,-79.320056,At Intersection,Traffic Signal,Clear,Daylight,Dry,Non-Fatal Injury,Pedestrian Collisions,Pedestrian,80 to 84,Major,,East,,,,,Vehicle turns left while ped crosses with ROW at inter.,Crossing with right of way,Normal,,,,Yes,,Yes,,,,,,,Yes,,,,147,L'Amoreaux West,117,L'Amoreaux (117),D42,635142.0651,4850965.5537
14436,80932817,,3/26/2018 8:00:00 AM,1604,BRIDLETOWNE CRCL,BEVERLY GLEN BLVD,,Minor Arterial,Scarborough,43.799418,-79.320056,At Intersection,Traffic Signal,Clear,Daylight,Dry,Non-Fatal Injury,Pedestrian Collisions,Driver,40 to 44,None,,West,"Automobile, Station Wagon",Turning Left,Failed to Yield Right of Way,Inattentive,,,,,,,Yes,,Yes,,,,,,,Yes,,,,147,L'Amoreaux West,117,L'Amoreaux (117),D42,635142.0651,4850965.5537
14437,80875487,,3/28/2018 8:00:00 AM,1749,MOUNT PLEASANT RD,CARSTOWE RD,,Major Arterial,Toronto and East York,43.68439,-79.383662,Non Intersection,No Control,Clear,Daylight,Dry,Fatal,Turning Movement,Driver,15 to 19,None,,North,"Automobile, Station Wagon",Making U Turn,Improper Turn,Normal,,,,,,,,,Yes,Yes,,,,,Yes,Yes,,,,98,Rosedale-Moore Park,98,Rosedale-Moore Park (98),D53,630274.5239,4838088.0956
14438,80875565,,3/28/2018 8:00:00 AM,1749,MOUNT PLEASANT RD,CARSTOWE RD,,Major Arterial,Toronto and East York,43.68439,-79.383662,Non Intersection,No Control,Clear,Daylight,Dry,Fatal,Turning Movement,Motorcycle Driver,35 to 39,Fatal,17,North,Motorcycle,Going Ahead,Improper Passing,Normal,,,,,,,,,Yes,Yes,,,,,Yes,Yes,,,,98,Rosedale-Moore Park,98,Rosedale-Moore Park (98),D53,630274.5239,4838088.0956
14439,80875564,,3/29/2018 8:00:00 AM,1221,WILSON AVE,JULIAN RD,,Major Arterial,North York,43.724532,-79.491092,Intersection Related,Traffic Signal,Rain,Daylight,Wet,Fatal,Pedestrian Collisions,Passenger,90 to 94,None,,,,,,,,,,,,,Yes,,Yes,,,,,Yes,,,,,,154,Oakdale-Beverley Heights,26,Downsview-Roding-CFB (26),D31,621534.5985,4842383.2733
14440,80875566,,3/29/2018 8:00:00 AM,1221,WILSON AVE,JULIAN RD,,Major Arterial,North York,43.724532,-79.491092,Intersection Related,Traffic Signal,Rain,Daylight,Wet,Fatal,Pedestrian Collisions,Pedestrian,75 to 79,Fatal,18,North,,,,,Vehicle is going straight thru inter.while ped cross without ROW,"Crossing, no Traffic Control",Inattentive,,,,Yes,,Yes,,,,,Yes,,,,,,154,Oakdale-Beverley Heights,26,Downsview-Roding-CFB (26),D31,621534.5985,4842383.2733
14441,80877077,,3/29/2018 8:00:00 AM,1221,WILSON AVE,JULIAN RD,,Major Arterial,North York,43.724532,-79.491092,Intersection Related,Traffic Signal,Rain,Daylight,Wet,Fatal,Pedestrian Collisions,Driver,50 to 54,None,,West,Passenger Van,Going Ahead,Driving Properly,Normal,,,,,,,Yes,,Yes,,,,,Yes,,,,,,154,Oakdale-Beverley Heights,26,Downsview-Roding-CFB (26),D31,621534.5985,4842383.2733
14442,80908719,,3/29/2018 8:00:00 AM,2226,DON MILLS RD,SHEPPARD AVE E,,Major Arterial,North York,43.775035,-79.347003,At Intersection,Traffic Controller,Rain,"Daylight, artificial",Wet,Non-Fatal Injury,Pedestrian Collisions,Pedestrian,35 to 39,Major,,East,,,,,Vehicle turns right while ped crosses with ROW at inter.,Crossing with right of way,Normal,,,,Yes,,Yes,,,,,,,Yes,,,,53,Henry Farm,53,Henry Farm (53),D33,633028.3881,4848213.7883
14443,80908720,,3/29/2018 8:00:00 AM,2226,DON MILLS RD,SHEPPARD AVE E,,Major Arterial,North York,43.775035,-79.347003,At Intersection,Traffic Controller,Rain,"Daylight, artificial",Wet,Non-Fatal Injury,Pedestrian Collisions,Driver,45 to 49,None,,West,"Automobile, Station Wagon",Turning Right,Failed to Yield Right of Way,Normal,,,,,,,Yes,,Yes,,,,,,,Yes,,,,53,Henry Farm,53,Henry Farm (53),D33,633028.3881,4848213.7883
14444,80892415,,4/2/2018 8:00:00 AM,1310,STEELES AVE E,DUMONT ST,13 m West of,Major Arterial,North York,43.798602,-79.417049,Intersection Related,No Control,Clear,Daylight,Dry,Non-Fatal Injury,Pedestrian Collisions,Pedestrian,50 to 54,Major,,North,,,,,Pedestrian hit at mid-block,"Crossing, no Traffic Control",Inattentive,,,,Yes,,Yes,,,,,,,,,,,50,Newtonbrook East,50,Newtonbrook East (50),D32,627341.1846,4850721.1088
14445,80892416,,4/2/2018 8:00:00 AM,1310,STEELES AVE E,DUMONT ST,13 m West of,Major Arterial,North York,43.798602,-79.417049,Intersection Related,No Control,Clear,Daylight,Dry,Non-Fatal Injury,Pedestrian Collisions,Driver,50 to 54,None,,West,"Automobile, Station Wagon",Going Ahead,Driving Properly,Normal,,,,,,,Yes,,Yes,,,,,,,,,,,50,Newtonbrook East,50,Newtonbrook East (50),D32,627341.1846,4850721.1088
14446,80920780,,4/3/2018 8:00:00 AM,2220,FLEET ST,BATHURST ST,80 m West of,Major Arterial,Toronto and East York,43.63613,-79.400409,Non Intersection,No Control,Rain,"Dark, artificial",Wet,Non-Fatal Injury,Pedestrian Collisions,Pedestrian,40 to 44,Major,,Unknown,,,,,Pedestrian involved in a collision with transit vehicle anywhere along roadway,"Crossing, no Traffic Control",Had Been Drinking,,,,Yes,,,,,Yes,,,,,,,,163,Fort York-Liberty Village,82,Niagara (82),D14,629028.0607,4832702.0126
14447,80920781,,4/3/2018 8:00:00 AM,2220,FLEET ST,BATHURST ST,80 m West of,Major Arterial,Toronto and East York,43.63613,-79.400409,Non Intersection,No Control,Rain,"Dark, artificial",Wet,Non-Fatal Injury,Pedestrian Collisions,Driver,20 to 24,None,,East,Street Car,Going Ahead,Driving Properly,Normal,,,,,,,Yes,,,,,Yes,,,,,,,,163,Fort York-Liberty Village,82,Niagara (82),D14,629028.0607,4832702.0126
14448,80916214,,4/4/2018 8:00:00 AM,1630,BATHURST ST,CEDARCROFT BLVD,80 m South o,Major Arterial,North York,43.782679,-79.445216,Non Intersection,No Control,Clear,Daylight,Dry,Non-Fatal Injury,SMV Other,Motorcycle Driver,30 to 34,Major,,South,Motorcycle,Going Ahead,Lost control,Normal,,,,,,,,,,Yes,,,,,,,,,,36,Newtonbrook West,36,Newtonbrook West (36),D32,625108.4774,4848909.6592
14449,80922918,,4/8/2018 8:00:00 AM,2030,FINCH AVE W,ARROW RD,10 m West of,Major Arterial,Etobicoke York,43.753218,-79.53622,At Intersection,Traffic Signal,Clear,"Dark, artificial",Dry,Non-Fatal Injury,Rear End,Passenger,10 to 14,Major,,,,,,,,,,,,,,,Yes,,,,,Yes,,Yes,,,,22,Humbermede,22,Humbermede (22),D31,617843.4611,4845504.0751
14450,80922919,,4/8/2018 8:00:00 AM,2030,FINCH AVE W,ARROW RD,10 m West of,Major Arterial,Etobicoke York,43.753218,-79.53622,At Intersection,Traffic Signal,Clear,"Dark, artificial",Dry,Non-Fatal Injury,Rear End,Passenger,45 to 49,Minor,,,,,,,,,,,,,,,Yes,,,,,Yes,,Yes,,,,22,Humbermede,22,Humbermede (22),D31,617843.4611,4845504.0751
14451,80922920,,4/8/2018 8:00:00 AM,2030,FINCH AVE W,ARROW RD,10 m West of,Major Arterial,Etobicoke York,43.753218,-79.53622,At Intersection,Traffic Signal,Clear,"Dark, artificial",Dry,Non-Fatal Injury,Rear End,Passenger,40 to 44,Minor,,,,,,,,,,,,,,,Yes,,,,,Yes,,Yes,,,,22,Humbermede,22,Humbermede (22),D31,617843.4611,4845504.0751
14452,80922921,,4/8/2018 8:00:00 AM,2030,FINCH AVE W,ARROW RD,10 m West of,Major Arterial,Etobicoke York,43.753218,-79.53622,At Intersection,Traffic Signal,Clear,"Dark, artificial",Dry,Non-Fatal Injury,Rear End,Driver,60 to 64,Minor,,East,"Automobile, Station Wagon",Stopped,Driving Properly,Normal,,,,,,,,,Yes,,,,,Yes,,Yes,,,,22,Humbermede,22,Humbermede (22),D31,617843.4611,4845504.0751
14453,80922922,,4/8/2018 8:00:00 AM,2030,FINCH AVE W,ARROW RD,10 m West of,Major Arterial,Etobicoke York,43.753218,-79.53622,At Intersection,Traffic Signal,Clear,"Dark, artificial",Dry,Non-Fatal Injury,Rear End,Driver,40 to 44,Minor,,East,"Automobile, Station Wagon",Stopped,Driving Properly,Normal,,,,,,,,,Yes,,,,,Yes,,Yes,,,,22,Humbermede,22,Humbermede (22),D31,617843.4611,4845504.0751
14454,80922923,,4/8/2018 8:00:00 AM,2030,FINCH AVE W,ARROW RD,10 m West of,Major Arterial,Etobicoke York,43.753218,-79.53622,At Intersection,Traffic Signal,Clear,"Dark, artificial",Dry,Non-Fatal Injury,Rear End,Driver,30 to 34,None,,East,"Automobile, Station Wagon",Going Ahead,Following too Close,Inattentive,,,,,,,,,Yes,,,,,Yes,,Yes,,,,22,Humbermede,22,Humbermede (22),D31,617843.4611,4845504.0751
14455,81148236,,4/10/2018 8:00:00 AM,2256,DUNDAS ST W,GOOCH AVE,1 m West of,Major Arterial,Etobicoke York,43.665534,-79.498569,At Intersection,No Control,Clear,"Dark, artificial",Dry,Non-Fatal Injury,Pedestrian Collisions,Driver,60 to 64,None,,East,"Automobile, Station Wagon",Going Ahead,Driving Properly,Normal,,,,,,,Yes,,Yes,,,,,,,,,,,89,Runnymede-Bloor West Village,89,Runnymede-Bloor West Village (89),D11,621051.0074,4835819.8036
14456,81148237,,4/10/2018 8:00:00 AM,2256,DUNDAS ST W,GOOCH AVE,1 m West of,Major Arterial,Etobicoke York,43.665534,-79.498569,At Intersection,No Control,Clear,"Dark, artificial",Dry,Non-Fatal Injury,Pedestrian Collisions,Pedestrian,60 to 64,Major,,South,,,,,Vehicle is going straight thru inter.while ped cross without ROW,Crossing without right of way,"Ability Impaired, Alcohol Over .80",,,,Yes,,Yes,,,,,,,,,,,89,Runnymede-Bloor West Village,89,Runnymede-Bloor West Village (89),D11,621051.0074,4835819.8036
14457,80900781,,4/12/2018 8:00:00 AM,1425,625 FINCH AVE W,,,Major Arterial,North York,43.77151,-79.454334,At Intersection,Traffic Signal,Clear,Daylight,Wet,Non-Fatal Injury,Pedestrian Collisions,Pedestrian,10 to 14,Minor,,North,,,,,Vehicle is going straight thru inter.while ped cross with ROW,Crossing with right of way,Normal,,,,Yes,,Yes,,,,,,,Yes,Yes,,,35,Westminster-Branson,35,Westminster-Branson (35),D32,624397.9334,4847655.4327
14458,80900782,,4/12/2018 8:00:00 AM,1425,625 FINCH AVE W,,,Major Arterial,North York,43.77151,-79.454334,At Intersection,Traffic Signal,Clear,Daylight,Wet,Non-Fatal Injury,Pedestrian Collisions,Driver,35 to 39,None,,North,"Automobile, Station Wagon",Turning Left,Driving Properly,Normal,,,,,,,Yes,,Yes,,,,,,,Yes,Yes,,,35,Westminster-Branson,35,Westminster-Branson (35),D32,624397.9334,4847655.4327
14459,80900783,,4/12/2018 8:00:00 AM,1425,625 FINCH AVE W,,,Major Arterial,North York,43.77151,-79.454334,At Intersection,Traffic Signal,Clear,Daylight,Wet,Non-Fatal Injury,Pedestrian Collisions,Driver,80 to 84,Major,,East,"Automobile, Station Wagon",Going Ahead,Disobeyed Traffic Control,Inattentive,,,,,,,Yes,,Yes,,,,,,,Yes,Yes,,,35,Westminster-Branson,35,Westminster-Branson (35),D32,624397.9334,4847655.4327
14460,80916955,,4/12/2018 8:00:00 AM,2000,WILSON AVE,LEXFIELD AVE,,Major Arterial,North York,43.723284,-79.49673,At Intersection,Traffic Signal,Clear,Dark,Dry,Non-Fatal Injury,Turning Movement,Passenger,20 to 24,None,,,,,,,,,,,,,,,Yes,,,,,Yes,,Yes,Yes,,,154,Oakdale-Beverley Heights,26,Downsview-Roding-CFB (26),D31,621082.9978,4842236.4126
14461,80916956,,4/12/2018 8:00:00 AM,2000,WILSON AVE,LEXFIELD AVE,,Major Arterial,North York,43.723284,-79.49673,At Intersection,Traffic Signal,Clear,Dark,Dry,Non-Fatal Injury,Turning Movement,Driver,20 to 24,None,,East,"Automobile, Station Wagon",Turning Left,Driving Properly,Normal,,,,,,,,,Yes,,,,,Yes,,Yes,Yes,,,154,Oakdale-Beverley Heights,26,Downsview-Roding-CFB (26),D31,621082.9978,4842236.4126
14462,80916957,,4/12/2018 8:00:00 AM,2000,WILSON AVE,LEXFIELD AVE,,Major Arterial,North York,43.723284,-79.49673,At Intersection,Traffic Signal,Clear,Dark,Dry,Non-Fatal Injury,Turning Movement,Driver,20 to 24,Major,,West,"Automobile, Station Wagon",Going Ahead,Disobeyed Traffic Control,Inattentive,,,,,,,,,Yes,,,,,Yes,,Yes,Yes,,,154,Oakdale-Beverley Heights,26,Downsview-Roding-CFB (26),D31,621082.9978,4842236.4126
14463,80875567,,4/13/2018 8:00:00 AM,1512,JANE ST,BEVERLY HILLS DR,,Major Arterial,Etobicoke York,43.719008,-79.508113,At Intersection,Traffic Signal,,Daylight,,Fatal,Pedestrian Collisions,Driver,55 to 59,Minor,,North,Passenger Van,Turning Left,Failed to Yield Right of Way,Unknown,,,,,,,Yes,,Yes,,,,,,Yes,Yes,,,,154,Oakdale-Beverley Heights,26,Downsview-Roding-CFB (26),D31,620174.6793,4841744.9349
14464,80875568,,4/13/2018 8:00:00 AM,1512,JANE ST,BEVERLY HILLS DR,,Major Arterial,Etobicoke York,43.719008,-79.508113,At Intersection,Traffic Signal,,Daylight,,Fatal,Pedestrian Collisions,Pedestrian,40 to 44,Fatal,19,South,,,,,Vehicle turns left while ped crosses with ROW at inter.,Crossing with right of way,Normal,,,,Yes,,Yes,,,,,,Yes,Yes,,,,154,Oakdale-Beverley Heights,26,Downsview-Roding-CFB (26),D31,620174.6793,4841744.9349
14465,80913986,,4/13/2018 8:00:00 AM,1918,THE WESTWAY,KIPLING AVE,11 m South o,Major Arterial,Etobicoke York,43.685553,-79.55466,At Intersection,Traffic Signal,Rain,"Dark, artificial",Wet,Non-Fatal Injury,Cyclist Collisions,Driver,50 to 54,None,,North,"Automobile, Station Wagon",Going Ahead,Driving Properly,Normal,,,,,,,,Yes,Yes,,,,,,,,,,,7,Willowridge-Martingrove-Richview,7,Willowridge-Martingrove-Richview (7),D23,616489.9643,4837962.8647
14466,80913987,,4/13/2018 8:00:00 AM,1918,THE WESTWAY,KIPLING AVE,11 m South o,Major Arterial,Etobicoke York,43.685553,-79.55466,At Intersection,Traffic Signal,Rain,"Dark, artificial",Wet,Non-Fatal Injury,Cyclist Collisions,Cyclist,20 to 24,Major,,East,Bicycle,Turning Left,,,,,,Cyclist turned left across motorists path.,Disobeyed Traffic Control,Normal,,Yes,Yes,,,,,,,,,,,7,Willowridge-Martingrove-Richview,7,Willowridge-Martingrove-Richview (7),D23,616489.9643,4837962.8647
14467,80943288,,4/21/2018 8:00:00 AM,1,HIGHWAY 2A  E,LAWSON RD,400 m East o,Expressway,Scarborough,43.785132,-79.164089,Non Intersection,No Control,Clear,Dark,Dry,Non-Fatal Injury,Rear End,Passenger,50 to 54,None,,,,,,,,,,,,,,,Yes,,,,,Yes,Yes,Yes,,,,133,Centennial Scarborough,133,Centennial Scarborough (133),D43,647724.0823,4849645.3881
14468,80943289,,4/21/2018 8:00:00 AM,1,HIGHWAY 2A  E,LAWSON RD,400 m East o,Expressway,Scarborough,43.785132,-79.164089,Non Intersection,No Control,Clear,Dark,Dry,Non-Fatal Injury,Rear End,Passenger,60 to 64,Minimal,,,,,,,,,,,,,,,Yes,,,,,Yes,Yes,Yes,,,,133,Centennial Scarborough,133,Centennial Scarborough (133),D43,647724.0823,4849645.3881
14469,80943290,,4/21/2018 8:00:00 AM,1,HIGHWAY 2A  E,LAWSON RD,400 m East o,Expressway,Scarborough,43.785132,-79.164089,Non Intersection,No Control,Clear,Dark,Dry,Non-Fatal Injury,Rear End,Passenger,60 to 64,None,,,,,,,,,,,,,,,Yes,,,,,Yes,Yes,Yes,,,,133,Centennial Scarborough,133,Centennial Scarborough (133),D43,647724.0823,4849645.3881