OBJECTID,INDEX,ACCNUM,DATE,TIME,STREET1,STREET2,OFFSET,ROAD_CLASS,DISTRICT,LATITUDE,LONGITUDE,ACCLOC,TRAFFCTL,VISIBILITY,LIGHT,RDSFCOND,ACCLASS,IMPACTYPE,INVTYPE,INVAGE,INJURY,FATAL_NO,INITDIR,VEHTYPE,MANOEUVER,DRIVACT,DRIVCOND,PEDTYPE,PEDACT,PEDCOND,CYCLISTYPE,CYCACT,CYCCOND,PEDESTRIAN,CYCLIST,AUTOMOBILE,MOTORCYCLE,TRUCK,TRSN_CITY_VEH,EMERG_VEH,PASSENGER,SPEEDING,AG_DRIV,REDLIGHT,ALCOHOL,DISABILITY,HOOD_158,NEIGHBOURHOOD_158,HOOD_140,NEIGHBOURHOOD_140,DIVISION,x,y
14529,80911191,,5/8/2018 8:00:00 AM,2140,YONGE ST,ANNDALE DR,,Major Arterial,North York,43.759902,-79.41051,At Intersection,Traffic Signal,Clear,"Dark, artificial",Dry,Non-Fatal Injury,Sideswipe,Driver,25 to 29,Minimal,,North,"Automobile, Station Wagon",Changing Lanes,Improper Lane Change,Inattentive,,,,,,,,,Yes,,,,,,,,,,,153,Avondale,51,Willowdale East (51),D32,627949.7436,4846432.9615
14530,80975887,,5/10/2018 8:00:00 AM,955,111 BOND ST,,75 m North o,Local,Toronto and East York,43.656859,-79.378581,Non Intersection,No Control,Clear,Daylight,Dry,Non-Fatal Injury,Pedestrian Collisions,Driver,55 to 59,None,,North,"Automobile, Station Wagon",Reversing,Other,Inattentive,,,,,,,Yes,,Yes,,,,,,,,,,,168,Downtown Yonge East,75,Church-Yonge Corridor (75),D51,630743.8153,4835038.4008
14531,80975888,,5/10/2018 8:00:00 AM,955,111 BOND ST,,75 m North o,Local,Toronto and East York,43.656859,-79.378581,Non Intersection,No Control,Clear,Daylight,Dry,Non-Fatal Injury,Pedestrian Collisions,Pedestrian,55 to 59,Major,,East,,,,,Vehicle is reversing and hits pedestrian,Other,Normal,,,,Yes,,Yes,,,,,,,,,,,168,Downtown Yonge East,75,Church-Yonge Corridor (75),D51,630743.8153,4835038.4008
14532,80944130,,5/10/2018 8:00:00 AM,1845,EASTERN AVE,COXWELL AVE,,Minor Arterial,Toronto and East York,43.665419,-79.31618,At Intersection,Traffic Signal,Clear,Daylight,Dry,Non-Fatal Injury,Turning Movement,Driver,25 to 29,None,,West,"Automobile, Station Wagon",Turning Left,Failed to Yield Right of Way,Inattentive,,,,,,,,,Yes,Yes,,,,,,Yes,,,,63,The Beaches,63,The Beaches (63),D55,635756.3092,4836089.3243
14533,80944131,,5/10/2018 8:00:00 AM,1845,EASTERN AVE,COXWELL AVE,,Minor Arterial,Toronto and East York,43.665419,-79.31618,At Intersection,Traffic Signal,Clear,Daylight,Dry,Non-Fatal Injury,Turning Movement,Motorcycle Driver,40 to 44,Major,,East,Motorcycle,Going Ahead,Driving Properly,Normal,,,,,,,,,Yes,Yes,,,,,,Yes,,,,63,The Beaches,63,The Beaches (63),D55,635756.3092,4836089.3243
14534,80943342,,5/11/2018 8:00:00 AM,209,2955 KIPLING AVE,,23 m North o,Local,Etobicoke York,43.760138,-79.590122,At/Near Private Drive,No Control,Clear,Dark,Dry,Non-Fatal Injury,SMV Other,Passenger,25 to 29,Minor,,,,,,,,,,,,,,,Yes,,,,,Yes,Yes,Yes,,,,2,Mount Olive-Silverstone-Jamestown,2,Mount Olive-Silverstone-Jamestown (2),D23,613490.901,4846197.3692
14535,80943343,,5/11/2018 8:00:00 AM,209,2955 KIPLING AVE,,23 m North o,Local,Etobicoke York,43.760138,-79.590122,At/Near Private Drive,No Control,Clear,Dark,Dry,Non-Fatal Injury,SMV Other,Driver,35 to 39,Major,,North,"Automobile, Station Wagon",Going Ahead,Exceeding Speed Limit,Unknown,,,,,,,,,Yes,,,,,Yes,Yes,Yes,,,,2,Mount Olive-Silverstone-Jamestown,2,Mount Olive-Silverstone-Jamestown (2),D23,613490.901,4846197.3692
14536,80877082,,5/15/2018 8:00:00 AM,935,YONGE ST,LAWRENCE AVE E,,Major Arterial,North York,43.725032,-79.402156,At Intersection,Traffic Signal,,Daylight,,Fatal,Pedestrian Collisions,Driver,85 to 89,None,,North,"Automobile, Station Wagon",Turning Right,Failed to Yield Right of Way,,,,,,,,Yes,,Yes,,,,,,,Yes,,,,103,Lawrence Park South,103,Lawrence Park South (103),D53,628696.92,4842573.0751
14537,80877083,,5/15/2018 8:00:00 AM,935,YONGE ST,LAWRENCE AVE E,,Major Arterial,North York,43.725032,-79.402156,At Intersection,Traffic Signal,,Daylight,,Fatal,Pedestrian Collisions,Pedestrian,70 to 74,Fatal,24,Unknown,,,,,Vehicle turns right while ped crosses with ROW at inter.,Crossing with right of way,,,,,Yes,,Yes,,,,,,,Yes,,,,103,Lawrence Park South,103,Lawrence Park South (103),D53,628696.92,4842573.0751
14538,80941372,,5/15/2018 8:00:00 AM,1558,LAKE SHORE BV W,COLBORNE LODGE DR,,Major Arterial,Toronto and East York,43.637709,-79.458881,At Intersection,Traffic Signal,Clear,Daylight,Dry,Fatal,Cyclist Collisions,Driver,25 to 29,None,,East,"Automobile, Station Wagon",Going Ahead,Disobeyed Traffic Control,Inattentive,,,,,,,,Yes,Yes,,,,,,,Yes,Yes,,,85,South Parkdale,85,South Parkdale (85),D11,624308.2227,4832788.1511
14539,80941373,,5/15/2018 8:00:00 AM,1558,LAKE SHORE BV W,COLBORNE LODGE DR,,Major Arterial,Toronto and East York,43.637709,-79.458881,At Intersection,Traffic Signal,Clear,Daylight,Dry,Fatal,Cyclist Collisions,Cyclist,35 to 39,Fatal,30,South,Bicycle,Going Ahead,,,,,,"Motorist without ROW drives into path of cyclist at inter, lnwy, dwy-Driver not turn.",Driving Properly,Normal,,Yes,Yes,,,,,,,Yes,Yes,,,85,South Parkdale,85,South Parkdale (85),D11,624308.2227,4832788.1511
14540,80877068,,5/15/2018 8:00:00 AM,2237,LAKE SHORE BLVD W,THIRTEENTH ST,,Major Arterial,Etobicoke York,43.599005,-79.512874,Intersection Related,No Control,,Dark,,Fatal,Sideswipe,Driver,20 to 24,None,,East,"Automobile, Station Wagon",Changing Lanes,Improper Lane Change,"Ability Impaired, Alcohol Over .08",,,,,,,,,Yes,,,,,Yes,Yes,Yes,,Yes,,18,New Toronto,18,New Toronto (18),D22,620030.0381,4828410.1571
14541,80877078,,5/15/2018 8:00:00 AM,2237,LAKE SHORE BLVD W,THIRTEENTH ST,,Major Arterial,Etobicoke York,43.599005,-79.512874,Intersection Related,No Control,,Dark,,Fatal,Sideswipe,Passenger,25 to 29,Fatal,23,,,,,,,,,,,,,,Yes,,,,,Yes,Yes,Yes,,Yes,,18,New Toronto,18,New Toronto (18),D22,620030.0381,4828410.1571
14542,80877079,,5/15/2018 8:00:00 AM,2237,LAKE SHORE BLVD W,THIRTEENTH ST,,Major Arterial,Etobicoke York,43.599005,-79.512874,Intersection Related,No Control,,Dark,,Fatal,Sideswipe,Other,unknown,None,,East,School Bus,Parked,,,,,,,,,,,Yes,,,,,Yes,Yes,Yes,,Yes,,18,New Toronto,18,New Toronto (18),D22,620030.0381,4828410.1571
14543,80942711,,5/16/2018 8:00:00 AM,55,QUEEN ST E,JARVIS ST,,Major Arterial,Toronto and East York,43.653655,-79.373218,At Intersection,Traffic Signal,Clear,"Dark, artificial",Dry,Non-Fatal Injury,Cyclist Collisions,Driver,55 to 59,None,,East,Intercity Bus,Turning Right,Driving Properly,Normal,,,,,,,,Yes,,,,Yes,,,,,,,,73,Moss Park,73,Moss Park (73),D51,631183.2442,4834691.0188
14544,80942712,,5/16/2018 8:00:00 AM,55,QUEEN ST E,JARVIS ST,,Major Arterial,Toronto and East York,43.653655,-79.373218,At Intersection,Traffic Signal,Clear,"Dark, artificial",Dry,Non-Fatal Injury,Cyclist Collisions,Cyclist,30 to 34,Major,,West,Bicycle,Going Ahead,,,,,,"Cyclist without ROW rides into path of motorist at inter, lnwy, dwy-Cyclist not turn.",Disobeyed Traffic Control,Unknown,,Yes,,,,Yes,,,,,,,,73,Moss Park,73,Moss Park (73),D51,631183.2442,4834691.0188
14545,80877084,,5/16/2018 8:00:00 AM,800,JONES AVE,DUNDAS ST E,,Minor Arterial,Toronto and East York,43.666098,-79.334277,At Intersection,Traffic Signal,Clear,Daylight,Dry,Fatal,Cyclist Collisions,Truck Driver,25 to 29,None,,West,"Truck - Closed (Blazer, etc)",Turning Right,Failed to Yield Right of Way,Normal,,,,,,,,Yes,,,Yes,,,,,Yes,,,,70,South Riverdale,70,South Riverdale (70),D55,634295.7258,4836135.2813
14546,80943473,,5/16/2018 8:00:00 AM,800,JONES AVE,DUNDAS ST E,,Minor Arterial,Toronto and East York,43.666098,-79.334277,At Intersection,Traffic Signal,Clear,Daylight,Dry,Fatal,Cyclist Collisions,Cyclist,50 to 54,Fatal,25,West,Bicycle,Going Ahead,,,,,,Motorist turning right on green or amber at signalized intersection strikes cyclist.,Driving Properly,Normal,,Yes,,,Yes,,,,,Yes,,,,70,South Riverdale,70,South Riverdale (70),D55,634295.7258,4836135.2813
14547,81134407,,5/19/2018 8:00:00 AM,1550,STANLEY  AVE,VICTOR AVE,18 m West of,Local,Etobicoke York,43.615843,-79.49023,At/Near Private Drive,No Control,Clear,Daylight,Dry,Non-Fatal Injury,Pedestrian Collisions,Driver,25 to 29,None,,East,"Automobile, Station Wagon",Going Ahead,Driving Properly,Normal,,,,,,,Yes,,Yes,,,,,Yes,,,,,,160,Mimico-Queensway,17,Mimico (includes Humber Bay Shores) (17),D22,621823.7195,4830313.19
14548,81134408,,5/19/2018 8:00:00 AM,1550,STANLEY  AVE,VICTOR AVE,18 m West of,Local,Etobicoke York,43.615843,-79.49023,At/Near Private Drive,No Control,Clear,Daylight,Dry,Non-Fatal Injury,Pedestrian Collisions,Passenger,25 to 29,None,,,,,,,,,,,,,Yes,,Yes,,,,,Yes,,,,,,160,Mimico-Queensway,17,Mimico (includes Humber Bay Shores) (17),D22,621823.7195,4830313.19
14549,81134409,,5/19/2018 8:00:00 AM,1550,STANLEY  AVE,VICTOR AVE,18 m West of,Local,Etobicoke York,43.615843,-79.49023,At/Near Private Drive,No Control,Clear,Daylight,Dry,Non-Fatal Injury,Pedestrian Collisions,Passenger,20 to 24,None,,,,,,,,,,,,,Yes,,Yes,,,,,Yes,,,,,,160,Mimico-Queensway,17,Mimico (includes Humber Bay Shores) (17),D22,621823.7195,4830313.19
14550,81134410,,5/19/2018 8:00:00 AM,1550,STANLEY  AVE,VICTOR AVE,18 m West of,Local,Etobicoke York,43.615843,-79.49023,At/Near Private Drive,No Control,Clear,Daylight,Dry,Non-Fatal Injury,Pedestrian Collisions,Pedestrian,5 to 9,Major,,North,,,,,Vehicle hits the pedestrian walking or running out from between parked vehicles at mid-block,Coming From Behind Parked Vehicle,Normal,,,,Yes,,Yes,,,,,Yes,,,,,,160,Mimico-Queensway,17,Mimico (includes Humber Bay Shores) (17),D22,621823.7195,4830313.19
14551,80941839,,5/20/2018 8:00:00 AM,1434,TAPSCOTT RD,FINCH AVE E,297 m South ,Minor Arterial,Scarborough,43.811671,-79.235965,Non Intersection,No Control,Clear,Daylight,Dry,Non-Fatal Injury,SMV Other,Driver,40 to 44,Major,,North,"Automobile, Station Wagon",Going Ahead,Lost control,Unknown,,,,,,,,,Yes,,,,,,Yes,Yes,,,,145,Malvern West,132,Malvern (132),D42,641877.7769,4852467.209
14552,80943370,,5/20/2018 8:00:00 AM,2117,WINTERMUTE BLVD,SANDYHOOK SQ,,Collector,Scarborough,43.818057,-79.322177,At Intersection,No Control,Clear,"Dusk, artificial",Dry,Non-Fatal Injury,Pedestrian Collisions,Pedestrian,80 to 84,Minimal,,South,,,,,Vehicle turns left while ped crosses with ROW at inter.,Crossing with right of way,Normal,,,,Yes,,Yes,,,,,,,Yes,,,,116,Steeles,116,Steeles (116),D42,634929.4632,4853032.2534
14553,80943371,,5/20/2018 8:00:00 AM,2117,WINTERMUTE BLVD,SANDYHOOK SQ,,Collector,Scarborough,43.818057,-79.322177,At Intersection,No Control,Clear,"Dusk, artificial",Dry,Non-Fatal Injury,Pedestrian Collisions,Pedestrian,75 to 79,Major,,South,,,,,Vehicle turns left while ped crosses with ROW at inter.,Crossing with right of way,Normal,,,,Yes,,Yes,,,,,,,Yes,,,,116,Steeles,116,Steeles (116),D42,634929.4632,4853032.2534
14554,80943372,,5/20/2018 8:00:00 AM,2117,WINTERMUTE BLVD,SANDYHOOK SQ,,Collector,Scarborough,43.818057,-79.322177,At Intersection,No Control,Clear,"Dusk, artificial",Dry,Non-Fatal Injury,Pedestrian Collisions,Driver,50 to 54,None,,South,"Automobile, Station Wagon",Turning Left,Failed to Yield Right of Way,Inattentive,,,,,,,Yes,,Yes,,,,,,,Yes,,,,116,Steeles,116,Steeles (116),D42,634929.4632,4853032.2534
14555,80877081,,5/20/2018 8:00:00 AM,2307,WILSON AVE,401 C W WILSON AV RAMP,,Major Arterial,Etobicoke York,43.736342,-79.438586,Non Intersection,No Control,Clear,"Dark, artificial",Dry,Fatal,Approaching,Driver,40 to 44,Fatal,26,West,"Automobile, Station Wagon",Changing Lanes,Improper Lane Change,Inattentive,,,,,,,,,Yes,,,,,Yes,Yes,Yes,,,,33,Clanton Park,33,Clanton Park (33),D32,625739.0018,4843773.284
14556,80943466,,5/20/2018 8:00:00 AM,2307,WILSON AVE,401 C W WILSON AV RAMP,,Major Arterial,Etobicoke York,43.736342,-79.438586,Non Intersection,No Control,Clear,"Dark, artificial",Dry,Fatal,Approaching,Driver,40 to 44,Minor,,East,"Automobile, Station Wagon",Going Ahead,Driving Properly,Normal,,,,,,,,,Yes,,,,,Yes,Yes,Yes,,,,33,Clanton Park,33,Clanton Park (33),D32,625739.0018,4843773.284
14557,80943468,,5/20/2018 8:00:00 AM,2307,WILSON AVE,401 C W WILSON AV RAMP,,Major Arterial,Etobicoke York,43.736342,-79.438586,Non Intersection,No Control,Clear,"Dark, artificial",Dry,Fatal,Approaching,Passenger,35 to 39,Major,,,,,,,,,,,,,,,Yes,,,,,Yes,Yes,Yes,,,,33,Clanton Park,33,Clanton Park (33),D32,625739.0018,4843773.284
14558,80943470,,5/20/2018 8:00:00 AM,2307,WILSON AVE,401 C W WILSON AV RAMP,,Major Arterial,Etobicoke York,43.736342,-79.438586,Non Intersection,No Control,Clear,"Dark, artificial",Dry,Fatal,Approaching,Passenger,10 to 14,Major,,,,,,,,,,,,,,,Yes,,,,,Yes,Yes,Yes,,,,33,Clanton Park,33,Clanton Park (33),D32,625739.0018,4843773.284
14559,80943471,,5/20/2018 8:00:00 AM,2307,WILSON AVE,401 C W WILSON AV RAMP,,Major Arterial,Etobicoke York,43.736342,-79.438586,Non Intersection,No Control,Clear,"Dark, artificial",Dry,Fatal,Approaching,Passenger,10 to 14,Major,,,,,,,,,,,,,,,Yes,,,,,Yes,Yes,Yes,,,,33,Clanton Park,33,Clanton Park (33),D32,625739.0018,4843773.284
14560,80941861,,5/21/2018 8:00:00 AM,2020,STEELES AVE W,HIGHWAY 27  N,50 m West of,Major Arterial,North York,43.755068,-79.61552,Non Intersection,No Control,Clear,"Dark, artificial",Dry,Non-Fatal Injury,Rear End,Passenger,20 to 24,Minor,,,,,,,,,,,,,,,Yes,,,,,Yes,Yes,Yes,,,,1,West Humber-Clairville,1,West Humber-Clairville (1),D23,611455.8387,4845599.7834
14561,80941862,,5/21/2018 8:00:00 AM,2020,STEELES AVE W,HIGHWAY 27  N,50 m West of,Major Arterial,North York,43.755068,-79.61552,Non Intersection,No Control,Clear,"Dark, artificial",Dry,Non-Fatal Injury,Rear End,Passenger,20 to 24,Minor,,,,,,,,,,,,,,,Yes,,,,,Yes,Yes,Yes,,,,1,West Humber-Clairville,1,West Humber-Clairville (1),D23,611455.8387,4845599.7834
14562,80941863,,5/21/2018 8:00:00 AM,2020,STEELES AVE W,HIGHWAY 27  N,50 m West of,Major Arterial,North York,43.755068,-79.61552,Non Intersection,No Control,Clear,"Dark, artificial",Dry,Non-Fatal Injury,Rear End,Passenger,40 to 44,Minor,,,,,,,,,,,,,,,Yes,,,,,Yes,Yes,Yes,,,,1,West Humber-Clairville,1,West Humber-Clairville (1),D23,611455.8387,4845599.7834
14563,80941864,,5/21/2018 8:00:00 AM,2020,STEELES AVE W,HIGHWAY 27  N,50 m West of,Major Arterial,North York,43.755068,-79.61552,Non Intersection,No Control,Clear,"Dark, artificial",Dry,Non-Fatal Injury,Rear End,Passenger,15 to 19,Minor,,,,,,,,,,,,,,,Yes,,,,,Yes,Yes,Yes,,,,1,West Humber-Clairville,1,West Humber-Clairville (1),D23,611455.8387,4845599.7834
14564,80941865,,5/21/2018 8:00:00 AM,2020,STEELES AVE W,HIGHWAY 27  N,50 m West of,Major Arterial,North York,43.755068,-79.61552,Non Intersection,No Control,Clear,"Dark, artificial",Dry,Non-Fatal Injury,Rear End,Passenger,15 to 19,Minimal,,,,,,,,,,,,,,,Yes,,,,,Yes,Yes,Yes,,,,1,West Humber-Clairville,1,West Humber-Clairville (1),D23,611455.8387,4845599.7834
14565,80941866,,5/21/2018 8:00:00 AM,2020,STEELES AVE W,HIGHWAY 27  N,50 m West of,Major Arterial,North York,43.755068,-79.61552,Non Intersection,No Control,Clear,"Dark, artificial",Dry,Non-Fatal Injury,Rear End,Driver,45 to 49,Minimal,,East,"Automobile, Station Wagon",Stopped,Driving Properly,Normal,,,,,,,,,Yes,,,,,Yes,Yes,Yes,,,,1,West Humber-Clairville,1,West Humber-Clairville (1),D23,611455.8387,4845599.7834
14566,80941867,,5/21/2018 8:00:00 AM,2020,STEELES AVE W,HIGHWAY 27  N,50 m West of,Major Arterial,North York,43.755068,-79.61552,Non Intersection,No Control,Clear,"Dark, artificial",Dry,Non-Fatal Injury,Rear End,Driver,25 to 29,Major,,East,"Automobile, Station Wagon",Stopped,Driving Properly,Normal,,,,,,,,,Yes,,,,,Yes,Yes,Yes,,,,1,West Humber-Clairville,1,West Humber-Clairville (1),D23,611455.8387,4845599.7834
14567,80941868,,5/21/2018 8:00:00 AM,2020,STEELES AVE W,HIGHWAY 27  N,50 m West of,Major Arterial,North York,43.755068,-79.61552,Non Intersection,No Control,Clear,"Dark, artificial",Dry,Non-Fatal Injury,Rear End,Driver,30 to 34,None,,East,"Automobile, Station Wagon",Going Ahead,Speed too Fast For Condition,Inattentive,,,,,,,,,Yes,,,,,Yes,Yes,Yes,,,,1,West Humber-Clairville,1,West Humber-Clairville (1),D23,611455.8387,4845599.7834
14568,80942987,,5/22/2018 8:00:00 AM,1325,4800 LESLIE ST,,60 m West of,Major Arterial,North York,43.779692,-79.365611,Non Intersection,No Control,Clear,"Daylight, artificial",Dry,Non-Fatal Injury,Pedestrian Collisions,Pedestrian,50 to 54,Major,,East,,,,,Pedestrian hit at mid-block,"Crossing, no Traffic Control",Normal,,,,Yes,,Yes,,,,,Yes,,,,,,47,Don Valley Village,47,Don Valley Village (47),D33,631520.645,4848701.2902
14569,80942988,,5/22/2018 8:00:00 AM,1325,4800 LESLIE ST,,60 m West of,Major Arterial,North York,43.779692,-79.365611,Non Intersection,No Control,Clear,"Daylight, artificial",Dry,Non-Fatal Injury,Pedestrian Collisions,Passenger,65 to 69,None,,,,,,,,,,,,,Yes,,Yes,,,,,Yes,,,,,,47,Don Valley Village,47,Don Valley Village (47),D33,631520.645,4848701.2902
14570,80942989,,5/22/2018 8:00:00 AM,1325,4800 LESLIE ST,,60 m West of,Major Arterial,North York,43.779692,-79.365611,Non Intersection,No Control,Clear,"Daylight, artificial",Dry,Non-Fatal Injury,Pedestrian Collisions,Driver,70 to 74,None,,North,"Automobile, Station Wagon",Going Ahead,Driving Properly,Normal,,,,,,,Yes,,Yes,,,,,Yes,,,,,,47,Don Valley Village,47,Don Valley Village (47),D33,631520.645,4848701.2902
14571,80943244,,5/22/2018 8:00:00 AM,1552,DUNDAS ST W,CHELSEA AVE,73 m North o,Minor Arterial,Toronto and East York,43.658751,-79.453182,Non Intersection,No Control,Clear,Daylight,Dry,Non-Fatal Injury,Cyclist Collisions,Passenger,65 to 69,None,,,,,,,,,,,,,,Yes,Yes,,,,,Yes,,,,,,88,High Park North,88,High Park North (88),D11,624724.3558,4835133.6871
14572,80943245,,5/22/2018 8:00:00 AM,1552,DUNDAS ST W,CHELSEA AVE,73 m North o,Minor Arterial,Toronto and East York,43.658751,-79.453182,Non Intersection,No Control,Clear,Daylight,Dry,Non-Fatal Injury,Cyclist Collisions,Driver,60 to 64,None,,North,"Automobile, Station Wagon",Going Ahead,Driving Properly,Normal,,,,,,,,Yes,Yes,,,,,Yes,,,,,,88,High Park North,88,High Park North (88),D11,624724.3558,4835133.6871
14573,80943246,,5/22/2018 8:00:00 AM,1552,DUNDAS ST W,CHELSEA AVE,73 m North o,Minor Arterial,Toronto and East York,43.658751,-79.453182,Non Intersection,No Control,Clear,Daylight,Dry,Non-Fatal Injury,Cyclist Collisions,Cyclist,50 to 54,Major,,South,Bicycle,Turning Left,,,,,,Cyclist turned left across motorists path.,Improper Turn,Unknown,,Yes,Yes,,,,,Yes,,,,,,88,High Park North,88,High Park North (88),D11,624724.3558,4835133.6871
14574,80944047,,5/23/2018 8:00:00 AM,2325,KINGSTON RD,DANFORTH AVE,8 m South of,Major Arterial,Scarborough,43.702361,-79.254146,Non Intersection,No Control,Clear,"Dark, artificial",Dry,Non-Fatal Injury,SMV Other,Motorcycle Driver,25 to 29,Major,,West,Motorcycle,Changing Lanes,Lost control,Inattentive,,,,,,,,,,Yes,,,,,,,,,,122,Birchcliffe-Cliffside,122,Birchcliffe-Cliffside (122),D41,640671.4253,4840295.6383
14575,80943884,,5/27/2018 8:00:00 AM,1010,BENSON AVE,CHRISTIE ST,10 m West of,Minor Arterial,Toronto and East York,43.680037,-79.425021,Intersection Related,No Control,Clear,Daylight,Dry,Non-Fatal Injury,Pedestrian Collisions,Driver,55 to 59,None,,East,"Automobile, Station Wagon",Going Ahead,Driving Properly,Unknown,,,,,,,Yes,,Yes,,,,,,,,,,,94,Wychwood,94,Wychwood (94),D13,626950.1961,4837540.4984
14576,80943885,,5/27/2018 8:00:00 AM,1010,BENSON AVE,CHRISTIE ST,10 m West of,Minor Arterial,Toronto and East York,43.680037,-79.425021,Intersection Related,No Control,Clear,Daylight,Dry,Non-Fatal Injury,Pedestrian Collisions,Pedestrian,85 to 89,Major,,Unknown,,,,,Pedestrian hit on sidewalk or shoulder,On Sidewalk or Shoulder,Normal,,,,Yes,,Yes,,,,,,,,,,,94,Wychwood,94,Wychwood (94),D13,626950.1961,4837540.4984
14577,80943630,,5/27/2018 8:00:00 AM,1700,YONGE ST,ISABELLA ST,,Major Arterial,Toronto and East York,43.667491,-79.385654,At Intersection,No Control,Clear,Daylight,Dry,Non-Fatal Injury,Turning Movement,Driver,50 to 54,None,,South,"Automobile, Station Wagon",Turning Left,Failed to Yield Right of Way,Normal,,,,,,,,,Yes,Yes,,,,,,Yes,,,,167,Church-Wellesley,75,Church-Yonge Corridor (75),D51,630150.4987,4836208.1052
14578,80943631,,5/27/2018 8:00:00 AM,1700,YONGE ST,ISABELLA ST,,Major Arterial,Toronto and East York,43.667491,-79.385654,At Intersection,No Control,Clear,Daylight,Dry,Non-Fatal Injury,Turning Movement,Motorcycle Driver,30 to 34,Major,,North,Motorcycle,Going Ahead,Driving Properly,Normal,,,,,,,,,Yes,Yes,,,,,,Yes,,,,167,Church-Wellesley,75,Church-Yonge Corridor (75),D51,630150.4987,4836208.1052
14579,80943796,,5/27/2018 8:00:00 AM,1907,STAINES RD,HEPATICA ST,,Local,Scarborough,43.834822,-79.229938,At Intersection,Stop Sign,Clear,Daylight,Dry,Non-Fatal Injury,Pedestrian Collisions,Driver,20 to 24,None,,West,"Automobile, Station Wagon",Going Ahead,Failed to Yield Right of Way,Inattentive,,,,,,,Yes,,Yes,,,,,,,Yes,,,,144,Morningside Heights,131,Rouge (131),D42,642307.4999,4855048.8645
14580,80943797,,5/27/2018 8:00:00 AM,1907,STAINES RD,HEPATICA ST,,Local,Scarborough,43.834822,-79.229938,At Intersection,Stop Sign,Clear,Daylight,Dry,Non-Fatal Injury,Pedestrian Collisions,Pedestrian,65 to 69,Major,,North,,,,,Vehicle is going straight thru inter.while ped cross with ROW,Crossing with right of way,Normal,,,,Yes,,Yes,,,,,,,Yes,,,,144,Morningside Heights,131,Rouge (131),D42,642307.4999,4855048.8645
14581,80944444,,5/29/2018 8:00:00 AM,934,STEELES AVE E,KENNEDY RD,,Major Arterial,Scarborough,43.823569,-79.307048,Intersection Related,No Control,Clear,Daylight,Dry,Fatal,Other,Passenger,80 to 84,Fatal,29,,,,,,,,,,,,,,,,,Yes,,Yes,,,,,,116,Steeles,116,Steeles (116),D42,636133.6117,4853669.2377
14582,80944445,,5/29/2018 8:00:00 AM,934,STEELES AVE E,KENNEDY RD,,Major Arterial,Scarborough,43.823569,-79.307048,Intersection Related,No Control,Clear,Daylight,Dry,Fatal,Other,Driver,45 to 49,None,,West,Municipal Transit Bus (TTC),Slowing or Stopping,Driving Properly,Normal,,,,,,,,,,,,Yes,,Yes,,,,,,116,Steeles,116,Steeles (116),D42,636133.6117,4853669.2377
14583,80943569,,5/29/2018 8:00:00 AM,1700,QUEENS QUAY E,DOCKSIDE  DR,,Minor Arterial,Toronto and East York,43.645056,-79.365421,At Intersection,Traffic Signal,Clear,Daylight,Dry,Non-Fatal Injury,Cyclist Collisions,Driver,35 to 39,None,,East,"Automobile, Station Wagon",Turning Right,Failed to Yield Right of Way,Normal,,,,,,,,Yes,Yes,,,,,,,Yes,,,,166,St Lawrence-East Bayfront-The Islands,77,Waterfront Communities-The Island (77),D51,631830.8103,4833748.343
14584,80943570,,5/29/2018 8:00:00 AM,1700,QUEENS QUAY E,DOCKSIDE  DR,,Minor Arterial,Toronto and East York,43.645056,-79.365421,At Intersection,Traffic Signal,Clear,Daylight,Dry,Non-Fatal Injury,Cyclist Collisions,Cyclist,25 to 29,Major,,West,Bicycle,Going Ahead,,,,,,Motorist turning right on green or amber at signalized intersection strikes cyclist.,Driving Properly,Normal,,Yes,Yes,,,,,,,Yes,,,,166,St Lawrence-East Bayfront-The Islands,77,Waterfront Communities-The Island (77),D51,631830.8103,4833748.343
14585,80943472,,5/30/2018 8:00:00 AM,329,MARTIN GROVE RD,VULCAN ST,,Major Arterial,Etobicoke York,43.705172,-79.577121,At Intersection,Traffic Signal,,Dark,,Fatal,Turning Movement,Truck Driver,50 to 54,None,,North,"Truck - Closed (Blazer, etc)",Turning Left,Driving Properly,Normal,,,,,,,,,,Yes,Yes,,,,Yes,Yes,,,,1,West Humber-Clairville,1,West Humber-Clairville (1),D23,614642.274,4840110.5152
14586,80943990,,5/30/2018 8:00:00 AM,329,MARTIN GROVE RD,VULCAN ST,,Major Arterial,Etobicoke York,43.705172,-79.577121,At Intersection,Traffic Signal,,Dark,,Fatal,Turning Movement,Motorcycle Driver,20 to 24,Fatal,27,South,Motorcycle,Going Ahead,Exceeding Speed Limit,Unknown,,,,,,,,,,Yes,Yes,,,,Yes,Yes,,,,1,West Humber-Clairville,1,West Humber-Clairville (1),D23,614642.274,4840110.5152