OBJECTID,INDEX,ACCNUM,DATE,TIME,STREET1,STREET2,OFFSET,ROAD_CLASS,DISTRICT,LATITUDE,LONGITUDE,ACCLOC,TRAFFCTL,VISIBILITY,LIGHT,RDSFCOND,ACCLASS,IMPACTYPE,INVTYPE,INVAGE,INJURY,FATAL_NO,INITDIR,VEHTYPE,MANOEUVER,DRIVACT,DRIVCOND,PEDTYPE,PEDACT,PEDCOND,CYCLISTYPE,CYCACT,CYCCOND,PEDESTRIAN,CYCLIST,AUTOMOBILE,MOTORCYCLE,TRUCK,TRSN_CITY_VEH,EMERG_VEH,PASSENGER,SPEEDING,AG_DRIV,REDLIGHT,ALCOHOL,DISABILITY,HOOD_158,NEIGHBOURHOOD_158,HOOD_140,NEIGHBOURHOOD_140,DIVISION,x,y
14587,80944297,,5/30/2018 8:00:00 AM,2103,WOODBINE AVE,MERRILL AVE E,,Major Arterial,Toronto and East York,43.683352,-79.311801,At Intersection,No Control,Clear,"Dark, artificial",Dry,Non-Fatal Injury,Cyclist Collisions,Cyclist,20 to 24,Major,,South,Bicycle,Going Ahead,,,,,,"Cyclist without ROW rides into path of motorist at inter, lnwy, dwy-Cyclist not turn.",Speed too Fast For Condition,Normal,,Yes,Yes,,,,,,,,,,,62,East End-Danforth,62,East End-Danforth (62),D55,636068.8287,4838088.2055
14588,80944298,,5/30/2018 8:00:00 AM,2103,WOODBINE AVE,MERRILL AVE E,,Major Arterial,Toronto and East York,43.683352,-79.311801,At Intersection,No Control,Clear,"Dark, artificial",Dry,Non-Fatal Injury,Cyclist Collisions,Driver,30 to 34,None,,North,"Automobile, Station Wagon",Turning Left,Driving Properly,Normal,,,,,,,,Yes,Yes,,,,,,,,,,,62,East End-Danforth,62,East End-Danforth (62),D55,636068.8287,4838088.2055
14589,80944170,,5/31/2018 8:00:00 AM,755,BLOOR ST W,SOUTH KINGSWAY,,Major Arterial,Etobicoke York,43.648242,-79.485713,At Intersection,Traffic Signal,Clear,Daylight,Dry,Non-Fatal Injury,Pedestrian Collisions,Truck Driver,20 to 24,None,,East,Truck - Dump,Turning Right,Improper Turn,Normal,,,,,,,Yes,,,,Yes,,,,,,,,,87,High Park-Swansea,87,High Park-Swansea (87),D11,622122.5634,4833918.1411
14590,80944171,,5/31/2018 8:00:00 AM,755,BLOOR ST W,SOUTH KINGSWAY,,Major Arterial,Etobicoke York,43.648242,-79.485713,At Intersection,Traffic Signal,Clear,Daylight,Dry,Non-Fatal Injury,Pedestrian Collisions,Pedestrian,35 to 39,Major,,East,,,,,Vehicle turns right while ped crosses with ROW at inter.,Crossing with right of way,Normal,,,,Yes,,,,Yes,,,,,,,,,87,High Park-Swansea,87,High Park-Swansea (87),D11,622122.5634,4833918.1411
14591,80944032,,5/31/2018 8:00:00 AM,2054,LAWRENCE AVE E,MORNINGSIDE AVE,,Minor Arterial,Scarborough,43.768336,-79.186191,Intersection Related,No Control,Clear,Daylight,Wet,Non-Fatal Injury,Pedestrian Collisions,Driver,35 to 39,None,,East,"Automobile, Station Wagon",Going Ahead,Driving Properly,Normal,,,,,,,Yes,,Yes,,,,,Yes,,,,,,136,West Hill,136,West Hill (136),D43,645986.5231,4847740.718
14592,80944033,,5/31/2018 8:00:00 AM,2054,LAWRENCE AVE E,MORNINGSIDE AVE,,Minor Arterial,Scarborough,43.768336,-79.186191,Intersection Related,No Control,Clear,Daylight,Wet,Non-Fatal Injury,Pedestrian Collisions,Pedestrian,35 to 39,Major,,North,,,,,Pedestrian hit at mid-block,"Crossing, no Traffic Control",Had Been Drinking,,,,Yes,,Yes,,,,,Yes,,,,,,136,West Hill,136,West Hill (136),D43,645986.5231,4847740.718
14593,80944034,,5/31/2018 8:00:00 AM,2054,LAWRENCE AVE E,MORNINGSIDE AVE,,Minor Arterial,Scarborough,43.768336,-79.186191,Intersection Related,No Control,Clear,Daylight,Wet,Non-Fatal Injury,Pedestrian Collisions,Passenger,40 to 44,None,,,,,,,,,,,,,Yes,,Yes,,,,,Yes,,,,,,136,West Hill,136,West Hill (136),D43,645986.5231,4847740.718
14594,80944035,,5/31/2018 8:00:00 AM,2054,LAWRENCE AVE E,MORNINGSIDE AVE,,Minor Arterial,Scarborough,43.768336,-79.186191,Intersection Related,No Control,Clear,Daylight,Wet,Non-Fatal Injury,Pedestrian Collisions,Passenger,0 to 4,None,,,,,,,,,,,,,Yes,,Yes,,,,,Yes,,,,,,136,West Hill,136,West Hill (136),D43,645986.5231,4847740.718
14595,80944354,,6/2/2018 8:00:00 AM,1845,BADEN ST,LAKEVIEW AVE,8 m East of,Local,North York,43.649581,-79.422855,Intersection Related,Stop Sign,Clear,Daylight,Dry,Non-Fatal Injury,Pedestrian Collisions,Driver,55 to 59,None,,West,"Automobile, Station Wagon",Going Ahead,Failed to Yield Right of Way,Inattentive,,,,,,,Yes,,Yes,,,,,,,Yes,,,,81,Trinity-Bellwoods,81,Trinity-Bellwoods (81),D14,627189.0892,4834161.2731
14596,80944355,,6/2/2018 8:00:00 AM,1845,BADEN ST,LAKEVIEW AVE,8 m East of,Local,North York,43.649581,-79.422855,Intersection Related,Stop Sign,Clear,Daylight,Dry,Non-Fatal Injury,Pedestrian Collisions,Pedestrian,0 to 4,Major,,South,,,,,Vehicle is going straight thru inter.while ped cross with ROW,Playing or Working on Highway,Normal,,,,Yes,,Yes,,,,,,,Yes,,,,81,Trinity-Bellwoods,81,Trinity-Bellwoods (81),D14,627189.0892,4834161.2731
14597,80943991,,6/2/2018 8:00:00 AM,1903,LAKE SHORE BLVD W,BRITISH COLUMBIA RD,,Major Arterial,North York,43.630515,-79.427158,Non Intersection,No Control,Clear,Daylight,Dry,Fatal,Approaching,Motorcycle Driver,50 to 54,Fatal,28,East,Motorcycle,Going Ahead,Driving Properly,Normal,,,,,,,,,Yes,Yes,,,,,,,,,,163,Fort York-Liberty Village,82,Niagara (82),D14,626882.1959,4832037.1636
14598,80943992,,6/2/2018 8:00:00 AM,1903,LAKE SHORE BLVD W,BRITISH COLUMBIA RD,,Major Arterial,North York,43.630515,-79.427158,Non Intersection,No Control,Clear,Daylight,Dry,Fatal,Approaching,Driver,30 to 34,,,East,"Automobile, Station Wagon",Going Ahead,Driving Properly,Normal,,,,,,,,,Yes,Yes,,,,,,,,,,163,Fort York-Liberty Village,82,Niagara (82),D14,626882.1959,4832037.1636
14599,80943993,,6/2/2018 8:00:00 AM,1903,LAKE SHORE BLVD W,BRITISH COLUMBIA RD,,Major Arterial,North York,43.630515,-79.427158,Non Intersection,No Control,Clear,Daylight,Dry,Fatal,Approaching,Driver,30 to 34,,,East,"Automobile, Station Wagon",Going Ahead,Driving Properly,Normal,,,,,,,,,Yes,Yes,,,,,,,,,,163,Fort York-Liberty Village,82,Niagara (82),D14,626882.1959,4832037.1636
14600,80944446,,6/2/2018 8:00:00 AM,1903,LAKE SHORE BLVD W,BRITISH COLUMBIA RD,,Major Arterial,North York,43.630515,-79.427158,Non Intersection,No Control,Clear,Daylight,Dry,Fatal,Approaching,Driver,55 to 59,None,,West,"Automobile, Station Wagon",Going Ahead,Lost control,Inattentive,,,,,,,,,Yes,Yes,,,,,,,,,,163,Fort York-Liberty Village,82,Niagara (82),D14,626882.1959,4832037.1636
14601,81460994,,6/3/2018 8:00:00 AM,1235,SHEPPARD AVE E,GATEFORTH DR,49 m West of,Major Arterial,Scarborough,43.79534,-79.231105,Non Intersection,No Control,Clear,Daylight,Dry,Non-Fatal Injury,Rear End,Motorcycle Driver,20 to 24,Major,,West,Motorcycle,Going Ahead,Other,Inattentive,,,,,,,,,Yes,Yes,,,,Yes,,Yes,,,,146,Malvern East,132,Malvern (132),D42,642307.435,4850661.7318
14602,81460995,,6/3/2018 8:00:00 AM,1235,SHEPPARD AVE E,GATEFORTH DR,49 m West of,Major Arterial,Scarborough,43.79534,-79.231105,Non Intersection,No Control,Clear,Daylight,Dry,Non-Fatal Injury,Rear End,Driver,50 to 54,None,,West,"Automobile, Station Wagon",Going Ahead,Driving Properly,Normal,,,,,,,,,Yes,Yes,,,,Yes,,Yes,,,,146,Malvern East,132,Malvern (132),D42,642307.435,4850661.7318
14603,81460996,,6/3/2018 8:00:00 AM,1235,SHEPPARD AVE E,GATEFORTH DR,49 m West of,Major Arterial,Scarborough,43.79534,-79.231105,Non Intersection,No Control,Clear,Daylight,Dry,Non-Fatal Injury,Rear End,Passenger,55 to 59,None,,,,,,,,,,,,,,,Yes,Yes,,,,Yes,,Yes,,,,146,Malvern East,132,Malvern (132),D42,642307.435,4850661.7318
14604,80944317,,6/3/2018 8:00:00 AM,1730,YONGE ST,FRANKLIN AVE,10 m East of,Major Arterial,North York,43.756415,-79.409595,Intersection Related,No Control,Clear,Daylight,Dry,Non-Fatal Injury,SMV Other,Driver,85 to 89,Major,,North,"Automobile, Station Wagon",Going Ahead,Other,Medical or Physical Disability,,,,,,,,,Yes,,,,,,,,,,Yes,153,Avondale,51,Willowdale East (51),D32,628030.8363,4846047.0919
14605,80944120,,6/3/2018 8:00:00 AM,2238,DANFORTH AVE,GLEDHILL AVE,,Major Arterial,Toronto and East York,43.686572,-79.308528,At Intersection,Traffic Signal,Clear,Dark,Dry,Non-Fatal Injury,Pedestrian Collisions,Driver,30 to 34,None,,South,"Automobile, Station Wagon",Turning Right,Improper Turn,Inattentive,,,,,,,Yes,,Yes,,,,,Yes,,,,,,62,East End-Danforth,62,East End-Danforth (62),D55,636325.3413,4838451.2067
14606,80944121,,6/3/2018 8:00:00 AM,2238,DANFORTH AVE,GLEDHILL AVE,,Major Arterial,Toronto and East York,43.686572,-79.308528,At Intersection,Traffic Signal,Clear,Dark,Dry,Non-Fatal Injury,Pedestrian Collisions,Passenger,20 to 24,None,,,,,,,,,,,,,Yes,,Yes,,,,,Yes,,,,,,62,East End-Danforth,62,East End-Danforth (62),D55,636325.3413,4838451.2067
14607,80944122,,6/3/2018 8:00:00 AM,2238,DANFORTH AVE,GLEDHILL AVE,,Major Arterial,Toronto and East York,43.686572,-79.308528,At Intersection,Traffic Signal,Clear,Dark,Dry,Non-Fatal Injury,Pedestrian Collisions,Pedestrian,65 to 69,Major,,East,,,,,Vehicle turns right while ped crosses with ROW at inter.,Crossing with right of way,Had Been Drinking,,,,Yes,,Yes,,,,,Yes,,,,,,62,East End-Danforth,62,East End-Danforth (62),D55,636325.3413,4838451.2067
14608,80949973,,6/6/2018 8:00:00 AM,2257,KINGSTON RD,RIDGEMOOR AVE,44 m West of,Major Arterial,Scarborough,43.705832,-79.251529,Non Intersection,Traffic Controller,Clear,"Daylight, artificial",Dry,Non-Fatal Injury,Rear End,Driver,45 to 49,None,,East,"Automobile, Station Wagon",Changing Lanes,Improper Lane Change,Normal,,,,,,,,,Yes,Yes,,,,,,,,,,122,Birchcliffe-Cliffside,122,Birchcliffe-Cliffside (122),D41,640874.1606,4840685.587
14609,80949974,,6/6/2018 8:00:00 AM,2257,KINGSTON RD,RIDGEMOOR AVE,44 m West of,Major Arterial,Scarborough,43.705832,-79.251529,Non Intersection,Traffic Controller,Clear,"Daylight, artificial",Dry,Non-Fatal Injury,Rear End,Motorcycle Driver,30 to 34,Major,,East,Motorcycle,Going Ahead,Driving Properly,Normal,,,,,,,,,Yes,Yes,,,,,,,,,,122,Birchcliffe-Cliffside,122,Birchcliffe-Cliffside (122),D41,640874.1606,4840685.587
14610,80944723,,6/7/2018 8:00:00 AM,2128,BLACKTHORN AVE,ST CLAIR AVE W,33 m North o,Local,Etobicoke York,43.674731,-79.458789,Non Intersection,No Control,Clear,"Dark, artificial",Dry,Non-Fatal Injury,Cyclist Collisions,Driver,50 to 54,Minor,,South,Pick Up Truck,Turning Left,Other,Normal,,,,,,,,Yes,Yes,,,,,,,,,,,91,Weston-Pelham Park,91,Weston-Pellam Park (91),D12,624239.2723,4836900.0641
14611,80944724,,6/7/2018 8:00:00 AM,2128,BLACKTHORN AVE,ST CLAIR AVE W,33 m North o,Local,Etobicoke York,43.674731,-79.458789,Non Intersection,No Control,Clear,"Dark, artificial",Dry,Non-Fatal Injury,Cyclist Collisions,Cyclist,55 to 59,Major,,North,Bicycle,Going Ahead,,,,,,Motorist turned left across cyclists path.,Other,Unknown,,Yes,Yes,,,,,,,,,,,91,Weston-Pelham Park,91,Weston-Pellam Park (91),D12,624239.2723,4836900.0641
14612,80943467,,6/11/2018 8:00:00 AM,1500,DUFFERIN ST,BRIAR HILL AVE,,Major Arterial,North York,43.702281,-79.452075,Intersection Related,Traffic Signal,Clear,Daylight,Dry,Fatal,Pedestrian Collisions,Driver,25 to 29,None,,Unknown,Pick Up Truck,Unknown,Disobeyed Traffic Control,Unknown,,,,,,,Yes,,Yes,,,,,,Yes,Yes,Yes,,,108,Briar Hill-Belgravia,108,Briar Hill-Belgravia (108),D13,624723.389,4839969.9449
14613,80944447,,6/11/2018 8:00:00 AM,1500,DUFFERIN ST,BRIAR HILL AVE,,Major Arterial,North York,43.702281,-79.452075,Intersection Related,Traffic Signal,Clear,Daylight,Dry,Fatal,Pedestrian Collisions,Pedestrian,50 to 54,Fatal,31,North,,,,,Unknown,Crossing with right of way,,,,,Yes,,Yes,,,,,,Yes,Yes,Yes,,,108,Briar Hill-Belgravia,108,Briar Hill-Belgravia (108),D13,624723.389,4839969.9449
14614,81142772,,6/11/2018 8:00:00 AM,1537,MCROBERTS AVE,INNES AVE,,Local,Etobicoke York,43.681243,-79.455852,At Intersection,Stop Sign,Clear,Daylight,Dry,Non-Fatal Injury,Pedestrian Collisions,Driver,80 to 84,None,,East,"Automobile, Station Wagon",Turning Left,Improper Turn,Normal,,,,,,,Yes,,Yes,,,,,,,,,,,92,Corso Italia-Davenport,92,Corso Italia-Davenport (92),D13,624462.5659,4837627.7122
14615,81142773,,6/11/2018 8:00:00 AM,1537,MCROBERTS AVE,INNES AVE,,Local,Etobicoke York,43.681243,-79.455852,At Intersection,Stop Sign,Clear,Daylight,Dry,Non-Fatal Injury,Pedestrian Collisions,Pedestrian,85 to 89,Major,,West,,,,,Vehicle turns left while ped crosses with ROW at inter.,Crossing with right of way,Normal,,,,Yes,,Yes,,,,,,,,,,,92,Corso Italia-Davenport,92,Corso Italia-Davenport (92),D13,624462.5659,4837627.7122
14616,80948087,,6/11/2018 8:00:00 AM,1700,ROYAL YORK  RD,DARTMOUTH  CRES,,Minor Arterial,Etobicoke York,43.605387,-79.493869,Non Intersection,No Control,Clear,Daylight,Dry,Non-Fatal Injury,Cyclist Collisions,Motorcycle Driver,unknown,None,,South,Motorcycle,Going Ahead,Failed to Yield Right of Way,Unknown,,,,,,,,Yes,,Yes,,,,,,Yes,,,,160,Mimico-Queensway,17,Mimico (includes Humber Bay Shores) (17),D22,621551.1454,4829146.5924
14617,80948088,,6/11/2018 8:00:00 AM,1700,ROYAL YORK  RD,DARTMOUTH  CRES,,Minor Arterial,Etobicoke York,43.605387,-79.493869,Non Intersection,No Control,Clear,Daylight,Dry,Non-Fatal Injury,Cyclist Collisions,Cyclist,25 to 29,Major,,South,Bicycle,Going Ahead,,,,,,Cyclist and Driver travelling in same direction. One vehicle rear-ended the other.,Driving Properly,Normal,,Yes,,Yes,,,,,,Yes,,,,160,Mimico-Queensway,17,Mimico (includes Humber Bay Shores) (17),D22,621551.1454,4829146.5924
14618,80944449,,6/12/2018 8:00:00 AM,1204,ST GEORGE ST,BLOOR ST W,,Major Arterial,Toronto and East York,43.667445,-79.399799,At Intersection,Traffic Signal,Clear,Daylight,Dry,Fatal,Cyclist Collisions,Truck Driver,65 to 69,None,,North,Truck - Open,Turning Right,Other,Normal,,,,,,,,Yes,,,Yes,,,,,,,,,79,University,79,University (79),D52,629010.1988,4836180.9018
14619,80944450,,6/12/2018 8:00:00 AM,1204,ST GEORGE ST,BLOOR ST W,,Major Arterial,Toronto and East York,43.667445,-79.399799,At Intersection,Traffic Signal,Clear,Daylight,Dry,Fatal,Cyclist Collisions,Cyclist,55 to 59,Fatal,32,South,Bicycle,Going Ahead,,,,,,Motorist turning right on green or amber at signalized intersection strikes cyclist.,Other,Unknown,,Yes,,,Yes,,,,,,,,,79,University,79,University (79),D52,629010.1988,4836180.9018
14620,80944737,,6/12/2018 8:00:00 AM,1945,LAWRENCE AVE E,GALLOWAY RD,87 m East of,Major Arterial,Scarborough,43.766261,-79.19559,Non Intersection,No Control,Clear,Daylight,Dry,Non-Fatal Injury,Pedestrian Collisions,Driver,70 to 74,Major,,East,"Automobile, Station Wagon",Going Ahead,Driving Properly,"Ability Impaired, Drugs",,,,,,,Yes,,Yes,,,,,,,,,,,136,West Hill,136,West Hill (136),D43,645235.0462,4847493.7279
14621,80944738,,6/12/2018 8:00:00 AM,1945,LAWRENCE AVE E,GALLOWAY RD,87 m East of,Major Arterial,Scarborough,43.766261,-79.19559,Non Intersection,No Control,Clear,Daylight,Dry,Non-Fatal Injury,Pedestrian Collisions,Pedestrian,30 to 34,Minor,,North,,,,,Pedestrian hit at mid-block,"Crossing, no Traffic Control",Normal,,,,Yes,,Yes,,,,,,,,,,,136,West Hill,136,West Hill (136),D43,645235.0462,4847493.7279
14622,80975849,,6/13/2018 8:00:00 AM,1241,CRESCENT RD,MOUNT PLEASANT RD,2 m East of,Major Arterial,Toronto and East York,43.678218,-79.38055,Overpass or Bridge,No Control,Clear,Daylight,Dry,Non-Fatal Injury,Other,Driver,45 to 49,None,,East,Municipal Transit Bus (TTC),Going Ahead,Driving Properly,Normal,,,,,,,,,,,,Yes,,Yes,,,,,,98,Rosedale-Moore Park,98,Rosedale-Moore Park (98),D53,630538.7341,4837407.5038
14623,80975850,,6/13/2018 8:00:00 AM,1241,CRESCENT RD,MOUNT PLEASANT RD,2 m East of,Major Arterial,Toronto and East York,43.678218,-79.38055,Overpass or Bridge,No Control,Clear,Daylight,Dry,Non-Fatal Injury,Other,Passenger,85 to 89,Major,,,,,,,,,,,,,,,,,,Yes,,Yes,,,,,,98,Rosedale-Moore Park,98,Rosedale-Moore Park (98),D53,630538.7341,4837407.5038
14624,80945371,,6/14/2018 8:00:00 AM,154,430 ROYAL YORK RD,,25 m South o,Minor Arterial,Etobicoke York,43.620658,-79.500232,Intersection Related,No Control,Clear,"Dark, artificial",Dry,Non-Fatal Injury,Pedestrian Collisions,Driver,55 to 59,None,,South,Municipal Transit Bus (TTC),Going Ahead,Driving Properly,Normal,,,,,,,Yes,,,,,Yes,,,,,,,,160,Mimico-Queensway,17,Mimico (includes Humber Bay Shores) (17),D22,621006.9897,4830833.3297
14625,80945372,,6/14/2018 8:00:00 AM,154,430 ROYAL YORK RD,,25 m South o,Minor Arterial,Etobicoke York,43.620658,-79.500232,Intersection Related,No Control,Clear,"Dark, artificial",Dry,Non-Fatal Injury,Pedestrian Collisions,Pedestrian,20 to 24,Major,,Unknown,,,,,Pedestrian involved in a collision with transit vehicle anywhere along roadway,Other,Had Been Drinking,,,,Yes,,,,,Yes,,,,,,,,160,Mimico-Queensway,17,Mimico (includes Humber Bay Shores) (17),D22,621006.9897,4830833.3297
14626,80944448,,6/14/2018 8:00:00 AM,558,ST CLAIR AVE E,DANFORTH RD,,Major Arterial,Scarborough,43.716773,-79.259883,At Intersection,Traffic Signal,Clear,Daylight,Dry,Fatal,Turning Movement,Motorcycle Driver,55 to 59,Fatal,33,West,Motorcycle,Going Ahead,Driving Properly,Unknown,,,,,,,,,Yes,Yes,,,,,,Yes,,,,120,Clairlea-Birchmount,120,Clairlea-Birchmount (120),D41,640175.561,4841886.581
14627,80944451,,6/14/2018 8:00:00 AM,558,ST CLAIR AVE E,DANFORTH RD,,Major Arterial,Scarborough,43.716773,-79.259883,At Intersection,Traffic Signal,Clear,Daylight,Dry,Fatal,Turning Movement,Driver,unknown,None,,East,"Automobile, Station Wagon",Turning Left,Failed to Yield Right of Way,Unknown,,,,,,,,,Yes,Yes,,,,,,Yes,,,,120,Clairlea-Birchmount,120,Clairlea-Birchmount (120),D41,640175.561,4841886.581
14628,80944859,,6/14/2018 8:00:00 AM,905,CAMERON AVE,YONGE ST,,Major Arterial,North York,43.757266,-79.409839,At Intersection,Stop Sign,Clear,Daylight,Dry,Non-Fatal Injury,Pedestrian Collisions,Driver,50 to 54,None,,East,"Automobile, Station Wagon",Turning Right,Failed to Yield Right of Way,Normal,,,,,,,Yes,,Yes,,,,,,,Yes,,,,153,Avondale,51,Willowdale East (51),D32,628009.3789,4846141.2311
14629,80944875,,6/14/2018 8:00:00 AM,905,CAMERON AVE,YONGE ST,,Major Arterial,North York,43.757266,-79.409839,At Intersection,Stop Sign,Clear,Daylight,Dry,Non-Fatal Injury,Pedestrian Collisions,Pedestrian,45 to 49,Major,,Unknown,,,,,Vehicle turns right while ped crosses with ROW at inter.,Crossing with right of way,Normal,,,,Yes,,Yes,,,,,,,Yes,,,,153,Avondale,51,Willowdale East (51),D32,628009.3789,4846141.2311
14630,80945099,,6/14/2018 8:00:00 AM,1645,EGLINTON AVE W,JANE ST,,Major Arterial,Etobicoke York,43.684405,-79.498782,At Intersection,Traffic Signal,Clear,Daylight,Dry,Non-Fatal Injury,Turning Movement,Motorcycle Driver,25 to 29,Major,,South,Motorcycle,Going Ahead,Disobeyed Traffic Control,Normal,,,,,,,,,Yes,Yes,,,,,,Yes,Yes,,,115,Mount Dennis,115,Mount Dennis (115),D12,620995.9037,4837915.3676
14631,80945100,,6/14/2018 8:00:00 AM,1645,EGLINTON AVE W,JANE ST,,Major Arterial,Etobicoke York,43.684405,-79.498782,At Intersection,Traffic Signal,Clear,Daylight,Dry,Non-Fatal Injury,Turning Movement,Driver,50 to 54,None,,North,"Automobile, Station Wagon",Turning Left,Driving Properly,Normal,,,,,,,,,Yes,Yes,,,,,,Yes,Yes,,,115,Mount Dennis,115,Mount Dennis (115),D12,620995.9037,4837915.3676
14632,80945389,,6/15/2018 8:00:00 AM,1928,5951 STEELES AVE E,,3 m West of,Major Arterial,Scarborough,43.835181,-79.25706,At Intersection,Traffic Signal,Clear,Daylight,Dry,Non-Fatal Injury,Pedestrian Collisions,Driver,20 to 24,None,,North,"Automobile, Station Wagon",Turning Left,Failed to Yield Right of Way,Inattentive,,,,,,,Yes,,Yes,,,,,,,Yes,,,,130,Milliken,130,Milliken (130),D42,640126.1108,4855042.4249
14633,80945390,,6/15/2018 8:00:00 AM,1928,5951 STEELES AVE E,,3 m West of,Major Arterial,Scarborough,43.835181,-79.25706,At Intersection,Traffic Signal,Clear,Daylight,Dry,Non-Fatal Injury,Pedestrian Collisions,Pedestrian,40 to 44,Major,,South,,,,,Vehicle turns left while ped crosses with ROW at inter.,Crossing with right of way,Normal,,,,Yes,,Yes,,,,,,,Yes,,,,130,Milliken,130,Milliken (130),D42,640126.1108,4855042.4249
14634,80945253,,6/16/2018 8:00:00 AM,1550,LEA AVE,LAIRD DR,30 m West of,Major Arterial,North York,43.706046,-79.361781,Intersection Related,No Control,Clear,Daylight,Dry,Non-Fatal Injury,Cyclist Collisions,Cyclist,20 to 24,Major,,North,Bicycle,Going Ahead,,,,,,"Cyclist without ROW rides into path of motorist at inter, lnwy, dwy-Cyclist not turn.",Failed to Yield Right of Way,Inattentive,,Yes,Yes,,,,,,,,,,,55,Thorncliffe Park,55,Thorncliffe Park (55),D53,631990.5988,4840527.9017
14635,80945254,,6/16/2018 8:00:00 AM,1550,LEA AVE,LAIRD DR,30 m West of,Major Arterial,North York,43.706046,-79.361781,Intersection Related,No Control,Clear,Daylight,Dry,Non-Fatal Injury,Cyclist Collisions,Driver,20 to 24,None,,West,"Automobile, Station Wagon",Going Ahead,Driving Properly,Normal,,,,,,,,Yes,Yes,,,,,,,,,,,55,Thorncliffe Park,55,Thorncliffe Park (55),D53,631990.5988,4840527.9017
14636,80945308,,6/17/2018 8:00:00 AM,1810,285 OAKWOOD AVE,,50 m North o,Minor Arterial,Etobicoke York,43.684481,-79.437656,Non Intersection,No Control,Clear,Daylight,Dry,Non-Fatal Injury,Turning Movement,Driver,45 to 49,None,,North,"Automobile, Station Wagon",Making U Turn,Improper Turn,Inattentive,,,,,,,,,Yes,Yes,,,,Yes,,,,,,107,Oakwood Village,107,Oakwood Village (107),D13,625922.4526,4838014.8029
14637,80945309,,6/17/2018 8:00:00 AM,1810,285 OAKWOOD AVE,,50 m North o,Minor Arterial,Etobicoke York,43.684481,-79.437656,Non Intersection,No Control,Clear,Daylight,Dry,Non-Fatal Injury,Turning Movement,Motorcycle Driver,35 to 39,Major,,South,Motorcycle,Going Ahead,Driving Properly,Normal,,,,,,,,,Yes,Yes,,,,Yes,,,,,,107,Oakwood Village,107,Oakwood Village (107),D13,625922.4526,4838014.8029
14638,80945310,,6/17/2018 8:00:00 AM,1810,285 OAKWOOD AVE,,50 m North o,Minor Arterial,Etobicoke York,43.684481,-79.437656,Non Intersection,No Control,Clear,Daylight,Dry,Non-Fatal Injury,Turning Movement,Passenger,10 to 14,None,,,,,,,,,,,,,,,Yes,Yes,,,,Yes,,,,,,107,Oakwood Village,107,Oakwood Village (107),D13,625922.4526,4838014.8029
14639,80945311,,6/17/2018 8:00:00 AM,1810,285 OAKWOOD AVE,,50 m North o,Minor Arterial,Etobicoke York,43.684481,-79.437656,Non Intersection,No Control,Clear,Daylight,Dry,Non-Fatal Injury,Turning Movement,Passenger,45 to 49,None,,,,,,,,,,,,,,,Yes,Yes,,,,Yes,,,,,,107,Oakwood Village,107,Oakwood Village (107),D13,625922.4526,4838014.8029
14640,80945312,,6/17/2018 8:00:00 AM,1810,285 OAKWOOD AVE,,50 m North o,Minor Arterial,Etobicoke York,43.684481,-79.437656,Non Intersection,No Control,Clear,Daylight,Dry,Non-Fatal Injury,Turning Movement,Passenger,25 to 29,None,,,,,,,,,,,,,,,Yes,Yes,,,,Yes,,,,,,107,Oakwood Village,107,Oakwood Village (107),D13,625922.4526,4838014.8029
14641,80945093,,6/18/2018 8:00:00 AM,844,KIPLING  AVE,BLOOR ST W,50 m North o,Major Arterial,Etobicoke York,43.642253,-79.535548,Non Intersection,No Control,Clear,Daylight,Dry,Non-Fatal Injury,Approaching,Driver,65 to 69,Major,,South,Pick Up Truck,Stopped,Lost control,Medical or Physical Disability,,,,,,,,,Yes,,,,,,,,,,Yes,158,Islington,14,Islington-City Centre West (14),D22,618115.2278,4833180.8602
14642,80945094,,6/18/2018 8:00:00 AM,844,KIPLING  AVE,BLOOR ST W,50 m North o,Major Arterial,Etobicoke York,43.642253,-79.535548,Non Intersection,No Control,Clear,Daylight,Dry,Non-Fatal Injury,Approaching,Driver,30 to 34,None,,North,Pick Up Truck,Going Ahead,Driving Properly,Normal,,,,,,,,,Yes,,,,,,,,,,Yes,158,Islington,14,Islington-City Centre West (14),D22,618115.2278,4833180.8602
14643,80946259,,6/18/2018 8:00:00 AM,1720,26 HOMEWOOD AVE,,8 m North of,Local,North York,43.790763,-79.419864,At/Near Private Drive,No Control,Clear,Daylight,Dry,Non-Fatal Injury,SMV Other,Driver,25 to 29,Major,,North,"Automobile, Station Wagon",Going Ahead,Lost control,Unknown,,,,,,,,,Yes,,,,,,,,,,,36,Newtonbrook West,36,Newtonbrook West (36),D32,627131.3505,4849846.1379
14644,80973472,,6/19/2018 8:00:00 AM,1105,STEELES AVE W,HIGHWAY 400  S,,Major Arterial,North York,43.771861,-79.538364,Non Intersection,No Control,Clear,Daylight,Dry,Non-Fatal Injury,Rear End,Motorcycle Driver,55 to 59,Major,,West,Motorcycle,Going Ahead,Lost control,Normal,,,,,,,,,Yes,Yes,,,,,,Yes,,,,21,Humber Summit,21,Humber Summit (21),D31,617634.3115,4847571.6075