OBJECTID,INDEX,ACCNUM,DATE,TIME,STREET1,STREET2,OFFSET,ROAD_CLASS,DISTRICT,LATITUDE,LONGITUDE,ACCLOC,TRAFFCTL,VISIBILITY,LIGHT,RDSFCOND,ACCLASS,IMPACTYPE,INVTYPE,INVAGE,INJURY,FATAL_NO,INITDIR,VEHTYPE,MANOEUVER,DRIVACT,DRIVCOND,PEDTYPE,PEDACT,PEDCOND,CYCLISTYPE,CYCACT,CYCCOND,PEDESTRIAN,CYCLIST,AUTOMOBILE,MOTORCYCLE,TRUCK,TRSN_CITY_VEH,EMERG_VEH,PASSENGER,SPEEDING,AG_DRIV,REDLIGHT,ALCOHOL,DISABILITY,HOOD_158,NEIGHBOURHOOD_158,HOOD_140,NEIGHBOURHOOD_140,DIVISION,x,y
14645,80973473,,6/19/2018 8:00:00 AM,1105,STEELES AVE W,HIGHWAY 400  S,,Major Arterial,North York,43.771861,-79.538364,Non Intersection,No Control,Clear,Daylight,Dry,Non-Fatal Injury,Rear End,Driver,70 to 74,None,,West,Pick Up Truck,Going Ahead,Following too Close,Normal,,,,,,,,,Yes,Yes,,,,,,Yes,,,,21,Humber Summit,21,Humber Summit (21),D31,617634.3115,4847571.6075
14646,80973474,,6/19/2018 8:00:00 AM,1105,STEELES AVE W,HIGHWAY 400  S,,Major Arterial,North York,43.771861,-79.538364,Non Intersection,No Control,Clear,Daylight,Dry,Non-Fatal Injury,Rear End,Driver,85 to 89,None,,West,"Automobile, Station Wagon",Stopped,Driving Properly,Normal,,,,,,,,,Yes,Yes,,,,,,Yes,,,,21,Humber Summit,21,Humber Summit (21),D31,617634.3115,4847571.6075
14647,80945201,,6/19/2018 8:00:00 AM,1700,MADAWASKA AVE,WILLOWDALE AVE,,Minor Arterial,North York,43.795069,-79.412708,At Intersection,Stop Sign,Clear,Daylight,Dry,Non-Fatal Injury,Angle,Driver,45 to 49,Major,,East,"Automobile, Station Wagon",Going Ahead,Failed to Yield Right of Way,Inattentive,,,,,,,,,Yes,,,,,,,Yes,,,,50,Newtonbrook East,50,Newtonbrook East (50),D32,627697.9269,4850335.4023
14648,80945202,,6/19/2018 8:00:00 AM,1700,MADAWASKA AVE,WILLOWDALE AVE,,Minor Arterial,North York,43.795069,-79.412708,At Intersection,Stop Sign,Clear,Daylight,Dry,Non-Fatal Injury,Angle,Driver,30 to 34,Minor,,South,Pick Up Truck,Going Ahead,Driving Properly,Normal,,,,,,,,,Yes,,,,,,,Yes,,,,50,Newtonbrook East,50,Newtonbrook East (50),D32,627697.9269,4850335.4023
14649,80945203,,6/19/2018 8:00:00 AM,1700,MADAWASKA AVE,WILLOWDALE AVE,,Minor Arterial,North York,43.795069,-79.412708,At Intersection,Stop Sign,Clear,Daylight,Dry,Non-Fatal Injury,Angle,Driver,50 to 54,Major,,North,"Automobile, Station Wagon",Going Ahead,Driving Properly,Normal,,,,,,,,,Yes,,,,,,,Yes,,,,50,Newtonbrook East,50,Newtonbrook East (50),D32,627697.9269,4850335.4023
14650,80946679,,6/19/2018 8:00:00 AM,1717,ANNETTE ST,QUEBEC AVE,,Minor Arterial,Etobicoke York,43.66247,-79.470783,At Intersection,Stop Sign,Clear,Daylight,Dry,Non-Fatal Injury,Angle,Driver,55 to 59,Minimal,,East,"Automobile, Station Wagon",Going Ahead,Speed too Fast For Condition,Normal,,,,,,,,,Yes,,,,,,Yes,Yes,,,,90,Junction Area,90,Junction Area (90),D11,623297.5113,4835520.4235
14651,80946680,,6/19/2018 8:00:00 AM,1717,ANNETTE ST,QUEBEC AVE,,Minor Arterial,Etobicoke York,43.66247,-79.470783,At Intersection,Stop Sign,Clear,Daylight,Dry,Non-Fatal Injury,Angle,Driver,50 to 54,Major,,South,"Automobile, Station Wagon",Going Ahead,Driving Properly,Normal,,,,,,,,,Yes,,,,,,Yes,Yes,,,,90,Junction Area,90,Junction Area (90),D11,623297.5113,4835520.4235
14652,80946681,,6/19/2018 8:00:00 AM,1717,ANNETTE ST,QUEBEC AVE,,Minor Arterial,Etobicoke York,43.66247,-79.470783,At Intersection,Stop Sign,Clear,Daylight,Dry,Non-Fatal Injury,Angle,Driver,50 to 54,Minimal,,West,"Automobile, Station Wagon",Going Ahead,Driving Properly,Normal,,,,,,,,,Yes,,,,,,Yes,Yes,,,,90,Junction Area,90,Junction Area (90),D11,623297.5113,4835520.4235
14653,80945716,,6/20/2018 8:00:00 AM,12,HIGHWAY 27  N,ALBION RD,158 m South ,Major Arterial,Etobicoke York,43.742911,-79.60696,Non Intersection,No Control,Clear,"Dark, artificial",Dry,Non-Fatal Injury,Pedestrian Collisions,Driver,20 to 24,None,,North,"Automobile, Station Wagon",Going Ahead,Driving Properly,Normal,,,,,,,Yes,,Yes,,,,,Yes,,Yes,,,,1,West Humber-Clairville,1,West Humber-Clairville (1),D23,612167.66,4844261.1276
14654,80945717,,6/20/2018 8:00:00 AM,12,HIGHWAY 27  N,ALBION RD,158 m South ,Major Arterial,Etobicoke York,43.742911,-79.60696,Non Intersection,No Control,Clear,"Dark, artificial",Dry,Non-Fatal Injury,Pedestrian Collisions,Passenger,25 to 29,None,,,,,,,,,,,,,Yes,,Yes,,,,,Yes,,Yes,,,,1,West Humber-Clairville,1,West Humber-Clairville (1),D23,612167.66,4844261.1276
14655,80945718,,6/20/2018 8:00:00 AM,12,HIGHWAY 27  N,ALBION RD,158 m South ,Major Arterial,Etobicoke York,43.742911,-79.60696,Non Intersection,No Control,Clear,"Dark, artificial",Dry,Non-Fatal Injury,Pedestrian Collisions,Passenger,25 to 29,None,,,,,,,,,,,,,Yes,,Yes,,,,,Yes,,Yes,,,,1,West Humber-Clairville,1,West Humber-Clairville (1),D23,612167.66,4844261.1276
14656,80945719,,6/20/2018 8:00:00 AM,12,HIGHWAY 27  N,ALBION RD,158 m South ,Major Arterial,Etobicoke York,43.742911,-79.60696,Non Intersection,No Control,Clear,"Dark, artificial",Dry,Non-Fatal Injury,Pedestrian Collisions,Pedestrian,30 to 34,Major,,East,,,,,Pedestrian hit at mid-block,"Crossing, no Traffic Control",Had Been Drinking,,,,Yes,,Yes,,,,,Yes,,Yes,,,,1,West Humber-Clairville,1,West Humber-Clairville (1),D23,612167.66,4844261.1276
14657,80945140,,6/20/2018 8:00:00 AM,1535,3930 LAWRENCE AVE E,,3 m South of,Major Arterial,Scarborough,43.76398,-79.2056,At/Near Private Drive,No Control,Clear,Daylight,Dry,Non-Fatal Injury,Pedestrian Collisions,Passenger,20 to 24,None,,,,,,,,,,,,,Yes,,Yes,,,,,Yes,,Yes,,,,141,Golfdale-Cedarbrae-Woburn,137,Woburn (137),D43,644434.8317,4847222.8785
14658,80945141,,6/20/2018 8:00:00 AM,1535,3930 LAWRENCE AVE E,,3 m South of,Major Arterial,Scarborough,43.76398,-79.2056,At/Near Private Drive,No Control,Clear,Daylight,Dry,Non-Fatal Injury,Pedestrian Collisions,Pedestrian,60 to 64,Major,,Unknown,,,,,Pedestrian hit on sidewalk or shoulder,On Sidewalk or Shoulder,Normal,,,,Yes,,Yes,,,,,Yes,,Yes,,,,141,Golfdale-Cedarbrae-Woburn,137,Woburn (137),D43,644434.8317,4847222.8785
14659,80945142,,6/20/2018 8:00:00 AM,1535,3930 LAWRENCE AVE E,,3 m South of,Major Arterial,Scarborough,43.76398,-79.2056,At/Near Private Drive,No Control,Clear,Daylight,Dry,Non-Fatal Injury,Pedestrian Collisions,Driver,20 to 24,None,,South,"Automobile, Station Wagon",Going Ahead,Failed to Yield Right of Way,Inattentive,,,,,,,Yes,,Yes,,,,,Yes,,Yes,,,,141,Golfdale-Cedarbrae-Woburn,137,Woburn (137),D43,644434.8317,4847222.8785
14660,80945143,,6/20/2018 8:00:00 AM,1535,3930 LAWRENCE AVE E,,3 m South of,Major Arterial,Scarborough,43.76398,-79.2056,At/Near Private Drive,No Control,Clear,Daylight,Dry,Non-Fatal Injury,Pedestrian Collisions,Driver,65 to 69,None,,West,"Automobile, Station Wagon",Going Ahead,Driving Properly,Normal,,,,,,,Yes,,Yes,,,,,Yes,,Yes,,,,141,Golfdale-Cedarbrae-Woburn,137,Woburn (137),D43,644434.8317,4847222.8785
14661,80945787,,6/22/2018 8:00:00 AM,1240,1196 WILSON AVE,,1 m West of,Major Arterial,North York,43.725081,-79.488612,At/Near Private Drive,No Control,Clear,Daylight,Dry,Non-Fatal Injury,Turning Movement,Motorcycle Driver,60 to 64,Major,,West,Motorcycle,Overtaking,Improper Passing,Inattentive,,,,,,,,,Yes,Yes,,,,,,Yes,,,,154,Oakdale-Beverley Heights,26,Downsview-Roding-CFB (26),D31,621733.2391,4842447.8874
14662,80945788,,6/22/2018 8:00:00 AM,1240,1196 WILSON AVE,,1 m West of,Major Arterial,North York,43.725081,-79.488612,At/Near Private Drive,No Control,Clear,Daylight,Dry,Non-Fatal Injury,Turning Movement,Driver,55 to 59,None,,South,"Automobile, Station Wagon",Turning Left,Driving Properly,Normal,,,,,,,,,Yes,Yes,,,,,,Yes,,,,154,Oakdale-Beverley Heights,26,Downsview-Roding-CFB (26),D31,621733.2391,4842447.8874
14663,80945507,,6/22/2018 8:00:00 AM,2314,RICHMOND ST E,PARLIAMENT ST,,Major Arterial,Toronto and East York,43.654486,-79.363986,At Intersection,Traffic Signal,Rain,"Dark, artificial",Wet,Non-Fatal Injury,Angle,Driver,25 to 29,Major,,South,"Automobile, Station Wagon",Going Ahead,Other,Normal,,,,,,,,,Yes,,,,,,Yes,Yes,,,,73,Moss Park,73,Moss Park (73),D51,631925.8985,4834797.949
14664,80945508,,6/22/2018 8:00:00 AM,2314,RICHMOND ST E,PARLIAMENT ST,,Major Arterial,Toronto and East York,43.654486,-79.363986,At Intersection,Traffic Signal,Rain,"Dark, artificial",Wet,Non-Fatal Injury,Angle,Driver,40 to 44,None,,West,"Automobile, Station Wagon",Going Ahead,Other,Normal,,,,,,,,,Yes,,,,,,Yes,Yes,,,,73,Moss Park,73,Moss Park (73),D51,631925.8985,4834797.949
14665,80945455,,6/23/2018 8:00:00 AM,15,MORNINGSIDE AVE,MILNER AVE,,Major Arterial,Scarborough,43.800208,-79.199046,At Intersection,Traffic Signal,Clear,Dark,Wet,Non-Fatal Injury,Turning Movement,Driver,35 to 39,Major,,North,"Automobile, Station Wagon",Turning Left,Failed to Yield Right of Way,Inattentive,,,,,,,,,Yes,,,,,Yes,,Yes,,,,144,Morningside Heights,131,Rouge (131),D42,644874.8436,4851258.0282
14666,80945456,,6/23/2018 8:00:00 AM,15,MORNINGSIDE AVE,MILNER AVE,,Major Arterial,Scarborough,43.800208,-79.199046,At Intersection,Traffic Signal,Clear,Dark,Wet,Non-Fatal Injury,Turning Movement,Driver,50 to 54,Minimal,,South,"Automobile, Station Wagon",Going Ahead,Driving Properly,Normal,,,,,,,,,Yes,,,,,Yes,,Yes,,,,144,Morningside Heights,131,Rouge (131),D42,644874.8436,4851258.0282
14667,80945457,,6/23/2018 8:00:00 AM,15,MORNINGSIDE AVE,MILNER AVE,,Major Arterial,Scarborough,43.800208,-79.199046,At Intersection,Traffic Signal,Clear,Dark,Wet,Non-Fatal Injury,Turning Movement,Driver,15 to 19,Minimal,,East,"Automobile, Station Wagon",Stopped,Driving Properly,Normal,,,,,,,,,Yes,,,,,Yes,,Yes,,,,144,Morningside Heights,131,Rouge (131),D42,644874.8436,4851258.0282
14668,80945458,,6/23/2018 8:00:00 AM,15,MORNINGSIDE AVE,MILNER AVE,,Major Arterial,Scarborough,43.800208,-79.199046,At Intersection,Traffic Signal,Clear,Dark,Wet,Non-Fatal Injury,Turning Movement,Passenger,25 to 29,Minor,,,,,,,,,,,,,,,Yes,,,,,Yes,,Yes,,,,144,Morningside Heights,131,Rouge (131),D42,644874.8436,4851258.0282
14669,80945459,,6/23/2018 8:00:00 AM,15,MORNINGSIDE AVE,MILNER AVE,,Major Arterial,Scarborough,43.800208,-79.199046,At Intersection,Traffic Signal,Clear,Dark,Wet,Non-Fatal Injury,Turning Movement,Passenger,15 to 19,None,,,,,,,,,,,,,,,Yes,,,,,Yes,,Yes,,,,144,Morningside Heights,131,Rouge (131),D42,644874.8436,4851258.0282
14670,80945460,,6/23/2018 8:00:00 AM,15,MORNINGSIDE AVE,MILNER AVE,,Major Arterial,Scarborough,43.800208,-79.199046,At Intersection,Traffic Signal,Clear,Dark,Wet,Non-Fatal Injury,Turning Movement,Passenger,15 to 19,None,,,,,,,,,,,,,,,Yes,,,,,Yes,,Yes,,,,144,Morningside Heights,131,Rouge (131),D42,644874.8436,4851258.0282
14671,81163427,,6/23/2018 8:00:00 AM,36,MARKHAM RD,BRIMORTON DR,,Major Arterial,Scarborough,43.773425,-79.230647,Intersection Related,Traffic Signal,Rain,"Dark, artificial",Wet,Non-Fatal Injury,SMV Other,Driver,30 to 34,None,,North,"Automobile, Station Wagon",Turning Left,Lost control,"Ability Impaired, Alcohol Over .08",,,,,,,,,Yes,,,,,Yes,,Yes,,Yes,,141,Golfdale-Cedarbrae-Woburn,137,Woburn (137),D43,642396.3081,4848228.5102
14672,81163428,,6/23/2018 8:00:00 AM,36,MARKHAM RD,BRIMORTON DR,,Major Arterial,Scarborough,43.773425,-79.230647,Intersection Related,Traffic Signal,Rain,"Dark, artificial",Wet,Non-Fatal Injury,SMV Other,Passenger,35 to 39,Major,,,,,,,,,,,,,,,Yes,,,,,Yes,,Yes,,Yes,,141,Golfdale-Cedarbrae-Woburn,137,Woburn (137),D43,642396.3081,4848228.5102
14673,80945641,,6/23/2018 8:00:00 AM,205,FINCH AVE W,TOBERMORY DR,,Major Arterial,North York,43.759211,-79.507884,At Intersection,Traffic Signal,Rain,"Dark, artificial",Wet,Non-Fatal Injury,Pedestrian Collisions,Driver,unknown,None,,West,"Automobile, Station Wagon",Going Ahead,Speed too Fast For Condition,Unknown,,,,,,,Yes,,Yes,,,,,,Yes,Yes,,,,25,Glenfield-Jane Heights,25,Glenfield-Jane Heights (25),D31,620112.713,4846210.3893
14674,80945642,,6/23/2018 8:00:00 AM,205,FINCH AVE W,TOBERMORY DR,,Major Arterial,North York,43.759211,-79.507884,At Intersection,Traffic Signal,Rain,"Dark, artificial",Wet,Non-Fatal Injury,Pedestrian Collisions,Pedestrian,20 to 24,Major,,North,,,,,Vehicle is going straight thru inter.while ped cross without ROW,Crossing without right of way,Inattentive,,,,Yes,,Yes,,,,,,Yes,Yes,,,,25,Glenfield-Jane Heights,25,Glenfield-Jane Heights (25),D31,620112.713,4846210.3893
14675,80945391,,6/23/2018 8:00:00 AM,1259,EGLINTON AVE W,CASTLE KNOCK RD,,Major Arterial,North York,43.703868,-79.411601,At Intersection,Traffic Signal,Rain,Daylight,Wet,Fatal,Pedestrian Collisions,Driver,50 to 54,None,,West,"Automobile, Station Wagon",Going Ahead,Driving Properly,Normal,,,,,,,Yes,,Yes,,,,,,,,,,,101,Forest Hill South,101,Forest Hill South (101),D53,627981.2179,4840207.8881
14676,80945877,,6/23/2018 8:00:00 AM,1259,EGLINTON AVE W,CASTLE KNOCK RD,,Major Arterial,North York,43.703868,-79.411601,At Intersection,Traffic Signal,Rain,Daylight,Wet,Fatal,Pedestrian Collisions,Pedestrian,70 to 74,Fatal,34,Unknown,,,,,Other / Undefined,Running onto Roadway,Had Been Drinking,,,,Yes,,Yes,,,,,,,,,,,101,Forest Hill South,101,Forest Hill South (101),D53,627981.2179,4840207.8881
14677,80945556,,6/24/2018 8:00:00 AM,1740,WELLINGTON ST E,YONGE ST,,Major Arterial,Toronto and East York,43.647772,-79.37733,At Intersection,Traffic Signal,Clear,"Daylight, artificial",Dry,Non-Fatal Injury,Pedestrian Collisions,Driver,25 to 29,None,,West,Delivery Van,Turning Left,Failed to Yield Right of Way,Inattentive,,,,,,,Yes,,Yes,,,,,,,Yes,,,,168,Downtown Yonge East,75,Church-Yonge Corridor (75),D51,630864.4264,4834031.1418
14678,80945557,,6/24/2018 8:00:00 AM,1740,WELLINGTON ST E,YONGE ST,,Major Arterial,Toronto and East York,43.647772,-79.37733,At Intersection,Traffic Signal,Clear,"Daylight, artificial",Dry,Non-Fatal Injury,Pedestrian Collisions,Driver,30 to 34,None,,North,"Automobile, Station Wagon",Stopped,Driving Properly,Normal,,,,,,,Yes,,Yes,,,,,,,Yes,,,,168,Downtown Yonge East,75,Church-Yonge Corridor (75),D51,630864.4264,4834031.1418
14679,80945558,,6/24/2018 8:00:00 AM,1740,WELLINGTON ST E,YONGE ST,,Major Arterial,Toronto and East York,43.647772,-79.37733,At Intersection,Traffic Signal,Clear,"Daylight, artificial",Dry,Non-Fatal Injury,Pedestrian Collisions,Pedestrian,60 to 64,Major,,East,,,,,Vehicle turns left while ped crosses with ROW at inter.,Crossing with right of way,Normal,,,,Yes,,Yes,,,,,,,Yes,,,,168,Downtown Yonge East,75,Church-Yonge Corridor (75),D51,630864.4264,4834031.1418
14680,80946280,,6/27/2018 8:00:00 AM,100,DUFFERIN ST,JANE OSLER BLVD,15 m North o,Major Arterial,North York,43.724677,-79.457042,Intersection Related,No Control,Clear,"Dark, artificial",Dry,Non-Fatal Injury,Pedestrian Collisions,Driver,45 to 49,None,,South,"Automobile, Station Wagon",Going Ahead,Driving Properly,Normal,,,,,,,Yes,,Yes,,,,,,,,,,,31,Yorkdale-Glen Park,31,Yorkdale-Glen Park (31),D32,624276.8704,4842449.8753
14681,80946281,,6/27/2018 8:00:00 AM,100,DUFFERIN ST,JANE OSLER BLVD,15 m North o,Major Arterial,North York,43.724677,-79.457042,Intersection Related,No Control,Clear,"Dark, artificial",Dry,Non-Fatal Injury,Pedestrian Collisions,Pedestrian,25 to 29,Major,,West,,,,,Pedestrian hit at mid-block,"Crossing, no Traffic Control",Inattentive,,,,Yes,,Yes,,,,,,,,,,,31,Yorkdale-Glen Park,31,Yorkdale-Glen Park (31),D32,624276.8704,4842449.8753
14682,80946927,,6/28/2018 8:00:00 AM,1024,BAYVIEW S 401 C W RAMP,BAYVIEW AVE,20 m South o,Expressway Ramp,North York,43.76364,-79.387958,Non Intersection,No Control,Clear,Daylight,Dry,Non-Fatal Injury,Pedestrian Collisions,Driver,70 to 74,None,,South,"Automobile, Station Wagon",Going Ahead,Driving Properly,Normal,,,,,,,Yes,,Yes,,,,,,,,,,,153,Avondale,51,Willowdale East (51),D32,629757.0558,4846883.2116
14683,80946928,,6/28/2018 8:00:00 AM,1024,BAYVIEW S 401 C W RAMP,BAYVIEW AVE,20 m South o,Expressway Ramp,North York,43.76364,-79.387958,Non Intersection,No Control,Clear,Daylight,Dry,Non-Fatal Injury,Pedestrian Collisions,Pedestrian,75 to 79,Major,,North,,,,,Pedestrian hit at mid-block,"Crossing, no Traffic Control",Normal,,,,Yes,,Yes,,,,,,,,,,,153,Avondale,51,Willowdale East (51),D32,629757.0558,4846883.2116
14684,80946064,,6/28/2018 8:00:00 AM,1803,MOUNT PLEASANT RD,CRESCENT RD,11 m South o,Major Arterial,Toronto and East York,43.678252,-79.380664,Intersection Related,Traffic Controller,Clear,Daylight,Dry,Non-Fatal Injury,SMV Other,Motorcycle Driver,50 to 54,Major,,North,Motorcycle,Going Ahead,Lost control,Normal,,,,,,,,,,Yes,,,,,,,,,,98,Rosedale-Moore Park,98,Rosedale-Moore Park (98),D53,630529.4711,4837411.1005
14685,81164299,,6/28/2018 8:00:00 AM,2020,811 DANFORTH AVE,,,Major Arterial,Toronto and East York,43.679625,-79.34106,At/Near Private Drive,No Control,Clear,Daylight,Dry,Non-Fatal Injury,Cyclist Collisions,Driver,35 to 39,Major,,West,"Automobile, Station Wagon",Turning Left,Improper Turn,Inattentive,,,,,,,,Yes,Yes,,,,,,,,,,,69,Blake-Jones,69,Blake-Jones (69),D55,633718.8069,4837626.6808
14686,81514424,,6/28/2018 8:00:00 AM,2020,811 DANFORTH AVE,,,Major Arterial,Toronto and East York,43.679625,-79.34106,At/Near Private Drive,No Control,Clear,Daylight,Dry,Non-Fatal Injury,Cyclist Collisions,Cyclist,35 to 39,Major,,East,Bicycle,Going Ahead,,,,,,Motorist turned left across cyclists path.,Driving Properly,Normal,,Yes,Yes,,,,,,,,,,,69,Blake-Jones,69,Blake-Jones (69),D55,633718.8069,4837626.6808
14687,80946403,,6/28/2018 8:00:00 AM,2234,VICTORIA PARK AVE,FARMCREST  DR,1 m North of,Major Arterial,North York,43.771048,-79.321101,Intersection Related,No Control,Clear,"Dark, artificial",Dry,Non-Fatal Injury,Cyclist Collisions,Cyclist,55 to 59,Major,,North,Bicycle,Going Ahead,,,,,,Insufficient information (to determine cyclist crash type).,Lost control,Had Been Drinking,,Yes,,,,,,,,,,,,118,Tam O'Shanter-Sullivan,118,Tam O'Shanter-Sullivan (118),D42,635121.9063,4847812.9143
14688,80945392,,6/29/2018 8:00:00 AM,123,STEELES AVE W,KIPLING AVE,,Major Arterial,Etobicoke York,43.759535,-79.589862,At Intersection,Traffic Signal,Clear,"Dark, artificial",Dry,Fatal,Pedestrian Collisions,Driver,25 to 29,Minor,,East,"Automobile, Station Wagon",Going Ahead,Exceeding Speed Limit,"Ability Impaired, Drugs",,,,,,,Yes,,Yes,,,,,,Yes,Yes,,,,2,Mount Olive-Silverstone-Jamestown,2,Mount Olive-Silverstone-Jamestown (2),D23,613512.9706,4846130.7535
14689,80945875,,6/29/2018 8:00:00 AM,123,STEELES AVE W,KIPLING AVE,,Major Arterial,Etobicoke York,43.759535,-79.589862,At Intersection,Traffic Signal,Clear,"Dark, artificial",Dry,Fatal,Pedestrian Collisions,Driver,25 to 29,None,,North,"Automobile, Station Wagon",Stopped,Driving Properly,Normal,,,,,,,Yes,,Yes,,,,,,Yes,Yes,,,,2,Mount Olive-Silverstone-Jamestown,2,Mount Olive-Silverstone-Jamestown (2),D23,613512.9706,4846130.7535
14690,80945876,,6/29/2018 8:00:00 AM,123,STEELES AVE W,KIPLING AVE,,Major Arterial,Etobicoke York,43.759535,-79.589862,At Intersection,Traffic Signal,Clear,"Dark, artificial",Dry,Fatal,Pedestrian Collisions,Driver,55 to 59,Minor,,West,"Automobile, Station Wagon",Turning Left,Driving Properly,Normal,,,,,,,Yes,,Yes,,,,,,Yes,Yes,,,,2,Mount Olive-Silverstone-Jamestown,2,Mount Olive-Silverstone-Jamestown (2),D23,613512.9706,4846130.7535
14691,80948655,,6/29/2018 8:00:00 AM,123,STEELES AVE W,KIPLING AVE,,Major Arterial,Etobicoke York,43.759535,-79.589862,At Intersection,Traffic Signal,Clear,"Dark, artificial",Dry,Fatal,Pedestrian Collisions,Pedestrian,15 to 19,Fatal,35,Unknown,,,,,Pedestrian hit on sidewalk or shoulder,On Sidewalk or Shoulder,Normal,,,,Yes,,Yes,,,,,,Yes,Yes,,,,2,Mount Olive-Silverstone-Jamestown,2,Mount Olive-Silverstone-Jamestown (2),D23,613512.9706,4846130.7535
14692,81164130,,6/29/2018 8:00:00 AM,2215,PACIFIC AVE,DUNDAS ST W,3 m North of,Major Arterial,Etobicoke York,43.665389,-79.468578,At Intersection,Traffic Signal,Clear,"Dark, artificial",Dry,Non-Fatal Injury,Pedestrian Collisions,Driver,55 to 59,Minimal,,East,"Automobile, Station Wagon",Turning Left,Lost control,"Ability Impaired, Alcohol",,,,,,,Yes,,Yes,,,,,,,,,Yes,,90,Junction Area,90,Junction Area (90),D11,623469.3132,4835847.896
14693,81164131,,6/29/2018 8:00:00 AM,2215,PACIFIC AVE,DUNDAS ST W,3 m North of,Major Arterial,Etobicoke York,43.665389,-79.468578,At Intersection,Traffic Signal,Clear,"Dark, artificial",Dry,Non-Fatal Injury,Pedestrian Collisions,Pedestrian,50 to 54,Major,,Unknown,,,,,Pedestrian hit on sidewalk or shoulder,On Sidewalk or Shoulder,Normal,,,,Yes,,Yes,,,,,,,,,Yes,,90,Junction Area,90,Junction Area (90),D11,623469.3132,4835847.896
14694,81164132,,6/29/2018 8:00:00 AM,2215,PACIFIC AVE,DUNDAS ST W,3 m North of,Major Arterial,Etobicoke York,43.665389,-79.468578,At Intersection,Traffic Signal,Clear,"Dark, artificial",Dry,Non-Fatal Injury,Pedestrian Collisions,Pedestrian,40 to 44,Minor,,Unknown,,,,,Pedestrian hit on sidewalk or shoulder,On Sidewalk or Shoulder,Normal,,,,Yes,,Yes,,,,,,,,,Yes,,90,Junction Area,90,Junction Area (90),D11,623469.3132,4835847.896
14695,80946941,,7/4/2018 8:00:00 AM,1720,DANFORTH RD,CARSLAKE CRES,10 m South o,Major Arterial,Scarborough,43.746295,-79.244525,Intersection Related,No Control,Clear,Daylight,Dry,Non-Fatal Injury,Approaching,Driver,70 to 74,Major,,South,"Automobile, Station Wagon",Going Ahead,Lost control,Normal,,,,,,,,,Yes,,,,,,Yes,Yes,,,,157,Bendale South,127,Bendale (127),D43,641343.2757,4845191.5299
14696,80946942,,7/4/2018 8:00:00 AM,1720,DANFORTH RD,CARSLAKE CRES,10 m South o,Major Arterial,Scarborough,43.746295,-79.244525,Intersection Related,No Control,Clear,Daylight,Dry,Non-Fatal Injury,Approaching,Driver,50 to 54,Major,,North,"Automobile, Station Wagon",Going Ahead,Driving Properly,Normal,,,,,,,,,Yes,,,,,,Yes,Yes,,,,157,Bendale South,127,Bendale (127),D43,641343.2757,4845191.5299
14697,80946270,,7/4/2018 8:00:00 AM,2043,RAVENCLIFF CRES,BATTERSWOOD DR,40 m West of,Local,Scarborough,43.778926,-79.317661,Non Intersection,No Control,Clear,"Daylight, artificial",Wet,Non-Fatal Injury,Other,Driver,25 to 29,None,,East,"Automobile, Station Wagon",Going Ahead,Driving Properly,Normal,,,,,,,,,Yes,,,,,Yes,,,,,,118,Tam O'Shanter-Sullivan,118,Tam O'Shanter-Sullivan (118),D42,635380.9898,4848693.5079
14698,80946271,,7/4/2018 8:00:00 AM,2043,RAVENCLIFF CRES,BATTERSWOOD DR,40 m West of,Local,Scarborough,43.778926,-79.317661,Non Intersection,No Control,Clear,"Daylight, artificial",Wet,Non-Fatal Injury,Other,Passenger,25 to 29,Major,,,,,,,,,,,,,,,Yes,,,,,Yes,,,,,,118,Tam O'Shanter-Sullivan,118,Tam O'Shanter-Sullivan (118),D42,635380.9898,4848693.5079
14699,80946272,,7/4/2018 8:00:00 AM,2043,RAVENCLIFF CRES,BATTERSWOOD DR,40 m West of,Local,Scarborough,43.778926,-79.317661,Non Intersection,No Control,Clear,"Daylight, artificial",Wet,Non-Fatal Injury,Other,Passenger,0 to 4,None,,,,,,,,,,,,,,,Yes,,,,,Yes,,,,,,118,Tam O'Shanter-Sullivan,118,Tam O'Shanter-Sullivan (118),D42,635380.9898,4848693.5079
14700,80972453,,7/5/2018 8:00:00 AM,830,WESTON RD,KING ST,60 m East of,Minor Arterial,Etobicoke York,43.701152,-79.520068,Non Intersection,No Control,Clear,Daylight,Dry,Non-Fatal Injury,Pedestrian Collisions,Driver,30 to 34,None,,West,Delivery Van,Changing Lanes,Improper Lane Change,Normal,,,,,,,Yes,,Yes,,,,,,,,,,,113,Weston,113,Weston (113),D12,619247.0754,4839744.5144
14701,80972454,,7/5/2018 8:00:00 AM,830,WESTON RD,KING ST,60 m East of,Minor Arterial,Etobicoke York,43.701152,-79.520068,Non Intersection,No Control,Clear,Daylight,Dry,Non-Fatal Injury,Pedestrian Collisions,Driver,55 to 59,Minimal,,West,"Automobile, Station Wagon",Going Ahead,Driving Properly,Normal,,,,,,,Yes,,Yes,,,,,,,,,,,113,Weston,113,Weston (113),D12,619247.0754,4839744.5144
14702,80972455,,7/5/2018 8:00:00 AM,830,WESTON RD,KING ST,60 m East of,Minor Arterial,Etobicoke York,43.701152,-79.520068,Non Intersection,No Control,Clear,Daylight,Dry,Non-Fatal Injury,Pedestrian Collisions,Pedestrian,30 to 34,Major,,,,,,,Pedestrian hit on sidewalk or shoulder,On Sidewalk or Shoulder,Normal,,,,Yes,,Yes,,,,,,,,,,,113,Weston,113,Weston (113),D12,619247.0754,4839744.5144