OBJECTID,INDEX,ACCNUM,DATE,TIME,STREET1,STREET2,OFFSET,ROAD_CLASS,DISTRICT,LATITUDE,LONGITUDE,ACCLOC,TRAFFCTL,VISIBILITY,LIGHT,RDSFCOND,ACCLASS,IMPACTYPE,INVTYPE,INVAGE,INJURY,FATAL_NO,INITDIR,VEHTYPE,MANOEUVER,DRIVACT,DRIVCOND,PEDTYPE,PEDACT,PEDCOND,CYCLISTYPE,CYCACT,CYCCOND,PEDESTRIAN,CYCLIST,AUTOMOBILE,MOTORCYCLE,TRUCK,TRSN_CITY_VEH,EMERG_VEH,PASSENGER,SPEEDING,AG_DRIV,REDLIGHT,ALCOHOL,DISABILITY,HOOD_158,NEIGHBOURHOOD_158,HOOD_140,NEIGHBOURHOOD_140,DIVISION,x,y
14703,80972456,,7/5/2018 8:00:00 AM,830,WESTON RD,KING ST,60 m East of,Minor Arterial,Etobicoke York,43.701152,-79.520068,Non Intersection,No Control,Clear,Daylight,Dry,Non-Fatal Injury,Pedestrian Collisions,Pedestrian,30 to 34,Major,,,,,,,Pedestrian hit on sidewalk or shoulder,On Sidewalk or Shoulder,Normal,,,,Yes,,Yes,,,,,,,,,,,113,Weston,113,Weston (113),D12,619247.0754,4839744.5144
14704,81164324,,7/5/2018 8:00:00 AM,1030,917 QUEEN ST W,,,Major Arterial,Toronto and East York,43.645442,-79.412372,Non Intersection,No Control,Clear,Daylight,Dry,Non-Fatal Injury,Cyclist Collisions,Driver,20 to 24,None,,East,Street Car,Going Ahead,Improper Lane Change,Unknown,,,,,,,,Yes,,,,Yes,,,,,,,,162,West Queen West,82,Niagara (82),D14,628043.2948,4833717.7037
14705,81164325,,7/5/2018 8:00:00 AM,1030,917 QUEEN ST W,,,Major Arterial,Toronto and East York,43.645442,-79.412372,Non Intersection,No Control,Clear,Daylight,Dry,Non-Fatal Injury,Cyclist Collisions,Cyclist,50 to 54,Major,,East,Bicycle,Going Ahead,,,,,,Cyclist and Driver travelling in same direction. One vehicle sideswipes the other.,Driving Properly,Normal,,Yes,,,,Yes,,,,,,,,162,West Queen West,82,Niagara (82),D14,628043.2948,4833717.7037
14706,80946880,,7/5/2018 8:00:00 AM,2235,RENFORTH DR,HWY 401 WB ON RAMP AVE,,Major Arterial,Etobicoke York,43.669337,-79.591533,At Intersection,Traffic Signal,Clear,"Dark, artificial",Dry,Non-Fatal Injury,Turning Movement,Truck Driver,75 to 79,None,,North,Truck-Tractor,Turning Left,Improper Turn,Fatigue,,,,,,,,,Yes,,Yes,,,Yes,Yes,Yes,,,,1,West Humber-Clairville,1,West Humber-Clairville (1),D23,613548.6735,4836110.735
14707,80946881,,7/5/2018 8:00:00 AM,2235,RENFORTH DR,HWY 401 WB ON RAMP AVE,,Major Arterial,Etobicoke York,43.669337,-79.591533,At Intersection,Traffic Signal,Clear,"Dark, artificial",Dry,Non-Fatal Injury,Turning Movement,Driver,20 to 24,Major,,South,"Automobile, Station Wagon",Going Ahead,Exceeding Speed Limit,Normal,,,,,,,,,Yes,,Yes,,,Yes,Yes,Yes,,,,1,West Humber-Clairville,1,West Humber-Clairville (1),D23,613548.6735,4836110.735
14708,80946882,,7/5/2018 8:00:00 AM,2235,RENFORTH DR,HWY 401 WB ON RAMP AVE,,Major Arterial,Etobicoke York,43.669337,-79.591533,At Intersection,Traffic Signal,Clear,"Dark, artificial",Dry,Non-Fatal Injury,Turning Movement,Passenger,20 to 24,Major,,,,,,,,,,,,,,,Yes,,Yes,,,Yes,Yes,Yes,,,,1,West Humber-Clairville,1,West Humber-Clairville (1),D23,613548.6735,4836110.735
14709,80946883,,7/5/2018 8:00:00 AM,2235,RENFORTH DR,HWY 401 WB ON RAMP AVE,,Major Arterial,Etobicoke York,43.669337,-79.591533,At Intersection,Traffic Signal,Clear,"Dark, artificial",Dry,Non-Fatal Injury,Turning Movement,Passenger,20 to 24,Minor,,,,,,,,,,,,,,,Yes,,Yes,,,Yes,Yes,Yes,,,,1,West Humber-Clairville,1,West Humber-Clairville (1),D23,613548.6735,4836110.735
14710,80946952,,7/9/2018 8:00:00 AM,2148,LN W HURON N BERNARD,BERNARD AVE,620 HURON ST,Laneway,Scarborough,43.673171,-79.404529,Laneway,No Control,Clear,"Dark, artificial",Dry,Non-Fatal Injury,Pedestrian Collisions,Driver,unknown,None,,South,"Automobile, Station Wagon",Going Ahead,Lost control,Unknown,,,,,,,Yes,,Yes,,,,,Yes,Yes,Yes,,,,95,Annex,95,Annex (95),D53,628616.6253,4836809.506
14711,80946953,,7/9/2018 8:00:00 AM,2148,LN W HURON N BERNARD,BERNARD AVE,620 HURON ST,Laneway,Scarborough,43.673171,-79.404529,Laneway,No Control,Clear,"Dark, artificial",Dry,Non-Fatal Injury,Pedestrian Collisions,Driver,20 to 24,None,,North,"Automobile, Station Wagon",Reversing,Other,Unknown,,,,,,,Yes,,Yes,,,,,Yes,Yes,Yes,,,,95,Annex,95,Annex (95),D53,628616.6253,4836809.506
14712,80946954,,7/9/2018 8:00:00 AM,2148,LN W HURON N BERNARD,BERNARD AVE,620 HURON ST,Laneway,Scarborough,43.673171,-79.404529,Laneway,No Control,Clear,"Dark, artificial",Dry,Non-Fatal Injury,Pedestrian Collisions,Pedestrian,25 to 29,Minor,,South,,,,,Pedestrian hit at mid-block,Walking on Roadway with Traffic,Had Been Drinking,,,,Yes,,Yes,,,,,Yes,Yes,Yes,,,,95,Annex,95,Annex (95),D53,628616.6253,4836809.506
14713,80946955,,7/9/2018 8:00:00 AM,2148,LN W HURON N BERNARD,BERNARD AVE,620 HURON ST,Laneway,Scarborough,43.673171,-79.404529,Laneway,No Control,Clear,"Dark, artificial",Dry,Non-Fatal Injury,Pedestrian Collisions,Passenger,20 to 24,Major,,,,,,,,,,,,,Yes,,Yes,,,,,Yes,Yes,Yes,,,,95,Annex,95,Annex (95),D53,628616.6253,4836809.506
14714,80947418,,7/9/2018 8:00:00 AM,2302,LAWRENCE AVE E,KENNEDY RD,,Major Arterial,Scarborough,43.749427,-79.274898,At Intersection,Traffic Signal,Clear,"Dark, artificial",Dry,Non-Fatal Injury,Pedestrian Collisions,Driver,50 to 54,None,,East,"Automobile, Station Wagon",Going Ahead,Driving Properly,Normal,,,,,,,Yes,,Yes,,,,,,,,,,,126,Dorset Park,126,Dorset Park (126),D41,638890.4997,4845488.0079
14715,80947419,,7/9/2018 8:00:00 AM,2302,LAWRENCE AVE E,KENNEDY RD,,Major Arterial,Scarborough,43.749427,-79.274898,At Intersection,Traffic Signal,Clear,"Dark, artificial",Dry,Non-Fatal Injury,Pedestrian Collisions,Pedestrian,25 to 29,Major,,South,,,,,Vehicle is going straight thru inter.while ped cross without ROW,Crossing without right of way,"Ability Impaired, Drugs",,,,Yes,,Yes,,,,,,,,,,,126,Dorset Park,126,Dorset Park (126),D41,638890.4997,4845488.0079
14716,80946709,,7/11/2018 8:00:00 AM,1720,RATHBURN  RD,RENFORTH DR,,Minor Arterial,Etobicoke York,43.651335,-79.579456,At Intersection,Traffic Signal,Clear,Daylight,Dry,Non-Fatal Injury,Turning Movement,Driver,45 to 49,None,,West,"Automobile, Station Wagon",Turning Left,Failed to Yield Right of Way,Normal,,,,,,,,,Yes,Yes,,,,,,Yes,,,,13,Etobicoke West Mall,13,Etobicoke West Mall (13),D22,614556.541,4834127.9832
14717,80946710,,7/11/2018 8:00:00 AM,1720,RATHBURN  RD,RENFORTH DR,,Minor Arterial,Etobicoke York,43.651335,-79.579456,At Intersection,Traffic Signal,Clear,Daylight,Dry,Non-Fatal Injury,Turning Movement,Motorcycle Driver,40 to 44,Major,,East,Motorcycle,Going Ahead,Driving Properly,Normal,,,,,,,,,Yes,Yes,,,,,,Yes,,,,13,Etobicoke West Mall,13,Etobicoke West Mall (13),D22,614556.541,4834127.9832
14718,80947524,,7/11/2018 8:00:00 AM,1820,WILSON AVE,AVENUE RD,,Major Arterial,North York,43.739798,-79.421603,At Intersection,Traffic Signal,Clear,Daylight,Dry,Non-Fatal Injury,Pedestrian Collisions,Motorcycle Driver,55 to 59,None,,North,Motorcycle,Going Ahead,Driving Properly,Normal,,,,,,,Yes,,,Yes,,,,,,,,,,39,Bedford Park-Nortown,39,Bedford Park-Nortown (39),D32,627099.3247,4844183.0365
14719,80947525,,7/11/2018 8:00:00 AM,1820,WILSON AVE,AVENUE RD,,Major Arterial,North York,43.739798,-79.421603,At Intersection,Traffic Signal,Clear,Daylight,Dry,Non-Fatal Injury,Pedestrian Collisions,Pedestrian,55 to 59,Major,,North,,,,,Vehicle is going straight thru inter.while ped cross without ROW,Crossing without right of way,Inattentive,,,,Yes,,,Yes,,,,,,,,,,39,Bedford Park-Nortown,39,Bedford Park-Nortown (39),D32,627099.3247,4844183.0365
14720,80947212,,7/13/2018 8:00:00 AM,740,FRITH RD,ROSEGLEN CRES,31.8 m East ,Local,Etobicoke York,43.746199,-79.515704,Non Intersection,No Control,Clear,Daylight,Dry,Non-Fatal Injury,Pedestrian Collisions,Driver,75 to 79,None,,East,"Automobile, Station Wagon",Going Ahead,Driving Properly,Normal,,,,,,,Yes,,Yes,,,,,,,,,,,25,Glenfield-Jane Heights,25,Glenfield-Jane Heights (25),D31,619509.1083,4844753.9051
14721,80947213,,7/13/2018 8:00:00 AM,740,FRITH RD,ROSEGLEN CRES,31.8 m East ,Local,Etobicoke York,43.746199,-79.515704,Non Intersection,No Control,Clear,Daylight,Dry,Non-Fatal Injury,Pedestrian Collisions,Pedestrian,20 to 24,Major,,North,,,,,Pedestrian hit at mid-block,Running onto Roadway,Normal,,,,Yes,,Yes,,,,,,,,,,,25,Glenfield-Jane Heights,25,Glenfield-Jane Heights (25),D31,619509.1083,4844753.9051
14722,80947105,,7/13/2018 8:00:00 AM,2121,TRETHEWEY DR,YORKTOWN  DR,,Minor Arterial,Etobicoke York,43.692324,-79.477252,At Intersection,Stop Sign,Clear,"Dark, artificial",Dry,Non-Fatal Injury,Angle,Motorcycle Driver,30 to 34,Major,,South,Motorcycle,Going Ahead,Other,Normal,,,,,,,,,Yes,Yes,,,,Yes,,,,,,112,Beechborough-Greenbrook,112,Beechborough-Greenbrook (112),D12,622715.0545,4838826.5159
14723,80947106,,7/13/2018 8:00:00 AM,2121,TRETHEWEY DR,YORKTOWN  DR,,Minor Arterial,Etobicoke York,43.692324,-79.477252,At Intersection,Stop Sign,Clear,"Dark, artificial",Dry,Non-Fatal Injury,Angle,Driver,50 to 54,None,,West,"Automobile, Station Wagon",Going Ahead,Driving Properly,Normal,,,,,,,,,Yes,Yes,,,,Yes,,,,,,112,Beechborough-Greenbrook,112,Beechborough-Greenbrook (112),D12,622715.0545,4838826.5159
14724,80947107,,7/13/2018 8:00:00 AM,2121,TRETHEWEY DR,YORKTOWN  DR,,Minor Arterial,Etobicoke York,43.692324,-79.477252,At Intersection,Stop Sign,Clear,"Dark, artificial",Dry,Non-Fatal Injury,Angle,Passenger,10 to 14,None,,,,,,,,,,,,,,,Yes,Yes,,,,Yes,,,,,,112,Beechborough-Greenbrook,112,Beechborough-Greenbrook (112),D12,622715.0545,4838826.5159
14725,80947108,,7/13/2018 8:00:00 AM,2121,TRETHEWEY DR,YORKTOWN  DR,,Minor Arterial,Etobicoke York,43.692324,-79.477252,At Intersection,Stop Sign,Clear,"Dark, artificial",Dry,Non-Fatal Injury,Angle,Passenger,10 to 14,Minor,,,,,,,,,,,,,,,Yes,Yes,,,,Yes,,,,,,112,Beechborough-Greenbrook,112,Beechborough-Greenbrook (112),D12,622715.0545,4838826.5159
14726,80947177,,7/14/2018 8:00:00 AM,1457,LAWRENCE AVE W,BENTON RD,,Major Arterial,Etobicoke York,43.710231,-79.471866,At Intersection,Traffic Signal,Clear,Daylight,Dry,Non-Fatal Injury,Pedestrian Collisions,Driver,25 to 29,None,,North,Pick Up Truck,Turning Left,Improper Turn,Normal,,,,,,,Yes,,Yes,,,,,,,,,,,30,Brookhaven-Amesbury,30,Brookhaven-Amesbury (30),D12,623112.4482,4840823.3201
14727,80947178,,7/14/2018 8:00:00 AM,1457,LAWRENCE AVE W,BENTON RD,,Major Arterial,Etobicoke York,43.710231,-79.471866,At Intersection,Traffic Signal,Clear,Daylight,Dry,Non-Fatal Injury,Pedestrian Collisions,Pedestrian,50 to 54,Major,,South,,,,,Vehicle turns left while ped crosses with ROW at inter.,Crossing with right of way,Normal,,,,Yes,,Yes,,,,,,,,,,,30,Brookhaven-Amesbury,30,Brookhaven-Amesbury (30),D12,623112.4482,4840823.3201
14728,80949682,,7/16/2018 8:00:00 AM,1928,DUNDAS ST E,PARLIAMENT ST,,Major Arterial,Toronto and East York,43.659369,-79.365978,At Intersection,Traffic Signal,Clear,Daylight,Dry,Non-Fatal Injury,Cyclist Collisions,Cyclist,35 to 39,Major,,South,Bicycle,Going Ahead,,,,,,"Cyclist without ROW rides into path of motorist at inter, lnwy, dwy-Cyclist not turn.",Disobeyed Traffic Control,Unknown,,Yes,Yes,,,,,,,,,,,72,Regent Park,72,Regent Park (72),D51,631754.5846,4835337.1058
14729,80949683,,7/16/2018 8:00:00 AM,1928,DUNDAS ST E,PARLIAMENT ST,,Major Arterial,Toronto and East York,43.659369,-79.365978,At Intersection,Traffic Signal,Clear,Daylight,Dry,Non-Fatal Injury,Cyclist Collisions,Driver,55 to 59,None,,West,"Automobile, Station Wagon",Going Ahead,Driving Properly,Normal,,,,,,,,Yes,Yes,,,,,,,,,,,72,Regent Park,72,Regent Park (72),D51,631754.5846,4835337.1058
14730,80947015,,7/17/2018 8:00:00 AM,1506,WARDEN AVE,CIVIC RD,1 m West of,Major Arterial,Scarborough,43.726866,-79.287242,At Intersection,Stop Sign,Clear,Daylight,Dry,Non-Fatal Injury,Cyclist Collisions,Cyclist,60 to 64,Major,,West,Bicycle,Turning Left,,,,,,Cyclist turned left across motorists path.,Improper Turn,Normal,,Yes,Yes,,,,,,,,,,,120,Clairlea-Birchmount,120,Clairlea-Birchmount (120),D41,637948.4567,4842961.6476
14731,80947016,,7/17/2018 8:00:00 AM,1506,WARDEN AVE,CIVIC RD,1 m West of,Major Arterial,Scarborough,43.726866,-79.287242,At Intersection,Stop Sign,Clear,Daylight,Dry,Non-Fatal Injury,Cyclist Collisions,Driver,30 to 34,None,,North,"Automobile, Station Wagon",Going Ahead,Driving Properly,Normal,,,,,,,,Yes,Yes,,,,,,,,,,,120,Clairlea-Birchmount,120,Clairlea-Birchmount (120),D41,637948.4567,4842961.6476
14732,80949666,,7/18/2018 8:00:00 AM,259,JOHN ST,STEPHANIE ST,10 m South o,Local,Toronto and East York,43.651122,-79.391612,Intersection Related,No Control,Clear,"Dark, artificial",Dry,Non-Fatal Injury,Pedestrian Collisions,Driver,unknown,None,,South,"Automobile, Station Wagon",Going Ahead,Other,Unknown,,,,,,,Yes,,Yes,,,,,,,,,,,78,Kensington-Chinatown,78,Kensington-Chinatown (78),D52,629705.3943,4834380.7807
14733,80949667,,7/18/2018 8:00:00 AM,259,JOHN ST,STEPHANIE ST,10 m South o,Local,Toronto and East York,43.651122,-79.391612,Intersection Related,No Control,Clear,"Dark, artificial",Dry,Non-Fatal Injury,Pedestrian Collisions,Pedestrian,35 to 39,Major,,Unknown,,,,,Other / Undefined,Other,Normal,,,,Yes,,Yes,,,,,,,,,,,78,Kensington-Chinatown,78,Kensington-Chinatown (78),D52,629705.3943,4834380.7807
14734,80947090,,7/19/2018 8:00:00 AM,711,BROADVIEW AVE,TORRENS AVE,,Minor Arterial,Toronto and East York,43.690203,-79.355121,At Intersection,Pedestrian Crossover,Clear,Daylight,Dry,Non-Fatal Injury,Pedestrian Collisions,Driver,45 to 49,None,,North,"Automobile, Station Wagon",Overtaking,Disobeyed Traffic Control,Inattentive,,,,,,,Yes,,Yes,,,,,,,Yes,,,,57,Broadview North,57,Broadview North (57),D55,632562.1062,4838778.9396
14735,80947091,,7/19/2018 8:00:00 AM,711,BROADVIEW AVE,TORRENS AVE,,Minor Arterial,Toronto and East York,43.690203,-79.355121,At Intersection,Pedestrian Crossover,Clear,Daylight,Dry,Non-Fatal Injury,Pedestrian Collisions,Pedestrian,40 to 44,Major,,West,,,,,Pedestrian hit a PXO/ped. Mid-block signal,"Crossing, Pedestrian Crossover",Normal,,,,Yes,,Yes,,,,,,,Yes,,,,57,Broadview North,57,Broadview North (57),D55,632562.1062,4838778.9396
14736,80947783,,7/21/2018 8:00:00 AM,529,DUPONT ST,OSLER ST,23 m West of,Major Arterial,Toronto and East York,43.664496,-79.456554,Intersection Related,No Control,Clear,"Dawn, artificial",Dry,Non-Fatal Injury,SMV Other,Driver,65 to 69,Major,,West,"Automobile, Station Wagon",Going Ahead,Lost control,Medical or Physical Disability,,,,,,,,,Yes,,,,,,Yes,Yes,,,Yes,171,Junction-Wallace Emerson,93,Dovercourt-Wallace Emerson-Junction (93),D11,624440.5898,4835766.6815
14737,80947909,,7/21/2018 8:00:00 AM,1548,DON MILLS  RD,THE DONWAY W,20 m South o,Major Arterial,North York,43.73215,-79.342075,At Intersection,Traffic Signal,Clear,Daylight,Dry,Non-Fatal Injury,Turning Movement,Passenger,70 to 74,Minor,,,,,,,,,,,,,,,Yes,,,,,Yes,,,,,,42,Banbury-Don Mills,42,Banbury-Don Mills (42),D33,633520.3232,4843458.6927
14738,80947910,,7/21/2018 8:00:00 AM,1548,DON MILLS  RD,THE DONWAY W,20 m South o,Major Arterial,North York,43.73215,-79.342075,At Intersection,Traffic Signal,Clear,Daylight,Dry,Non-Fatal Injury,Turning Movement,Passenger,60 to 64,Major,,,,,,,,,,,,,,,Yes,,,,,Yes,,,,,,42,Banbury-Don Mills,42,Banbury-Don Mills (42),D33,633520.3232,4843458.6927
14739,80947911,,7/21/2018 8:00:00 AM,1548,DON MILLS  RD,THE DONWAY W,20 m South o,Major Arterial,North York,43.73215,-79.342075,At Intersection,Traffic Signal,Clear,Daylight,Dry,Non-Fatal Injury,Turning Movement,Passenger,45 to 49,Minor,,,,,,,,,,,,,,,Yes,,,,,Yes,,,,,,42,Banbury-Don Mills,42,Banbury-Don Mills (42),D33,633520.3232,4843458.6927
14740,80947912,,7/21/2018 8:00:00 AM,1548,DON MILLS  RD,THE DONWAY W,20 m South o,Major Arterial,North York,43.73215,-79.342075,At Intersection,Traffic Signal,Clear,Daylight,Dry,Non-Fatal Injury,Turning Movement,Passenger,10 to 14,Minor,,,,,,,,,,,,,,,Yes,,,,,Yes,,,,,,42,Banbury-Don Mills,42,Banbury-Don Mills (42),D33,633520.3232,4843458.6927
14741,80947913,,7/21/2018 8:00:00 AM,1548,DON MILLS  RD,THE DONWAY W,20 m South o,Major Arterial,North York,43.73215,-79.342075,At Intersection,Traffic Signal,Clear,Daylight,Dry,Non-Fatal Injury,Turning Movement,Driver,40 to 44,None,,North,"Automobile, Station Wagon",Turning Left,Improper Turn,Normal,,,,,,,,,Yes,,,,,Yes,,,,,,42,Banbury-Don Mills,42,Banbury-Don Mills (42),D33,633520.3232,4843458.6927
14742,80947914,,7/21/2018 8:00:00 AM,1548,DON MILLS  RD,THE DONWAY W,20 m South o,Major Arterial,North York,43.73215,-79.342075,At Intersection,Traffic Signal,Clear,Daylight,Dry,Non-Fatal Injury,Turning Movement,Driver,25 to 29,Minor,,South,"Automobile, Station Wagon",Going Ahead,Driving Properly,Normal,,,,,,,,,Yes,,,,,Yes,,,,,,42,Banbury-Don Mills,42,Banbury-Don Mills (42),D33,633520.3232,4843458.6927
14743,80947413,,7/22/2018 8:00:00 AM,2046,ELLESMERE RD,SCARBOROUGH GOLF CLUB RD,20 m West of,Major Arterial,Scarborough,43.778483,-79.222179,Non Intersection,No Control,Clear,"Dark, artificial",Dry,Non-Fatal Injury,SMV Other,Motorcycle Driver,20 to 24,Major,,West,Motorcycle,Going Ahead,Lost control,Normal,,,,,,,,,,Yes,,,,,,,,,,135,Morningside,135,Morningside (135),D43,643065.7517,4848804.88
14744,80947486,,7/24/2018 8:00:00 AM,1505,ELIZABETH ST,GERRARD ST W,,Minor Arterial,Toronto and East York,43.658103,-79.386379,At Intersection,Traffic Signal,Clear,Daylight,Dry,Non-Fatal Injury,Pedestrian Collisions,Driver,60 to 64,None,,North,"Automobile, Station Wagon",Turning Left,Failed to Yield Right of Way,Normal,,,,,,,Yes,,Yes,,,,,,,Yes,,,,170,Yonge-Bay Corridor,76,Bay Street Corridor (76),D52,630112.3267,4835164.3055
14745,80947487,,7/24/2018 8:00:00 AM,1505,ELIZABETH ST,GERRARD ST W,,Minor Arterial,Toronto and East York,43.658103,-79.386379,At Intersection,Traffic Signal,Clear,Daylight,Dry,Non-Fatal Injury,Pedestrian Collisions,Pedestrian,25 to 29,Major,,South,,,,,Vehicle turns left while ped crosses with ROW at inter.,Crossing with right of way,Normal,,,,Yes,,Yes,,,,,,,Yes,,,,170,Yonge-Bay Corridor,76,Bay Street Corridor (76),D52,630112.3267,4835164.3055
14746,80948656,,7/25/2018 8:00:00 AM,45,DORIS AVE,HOLMES AVE,42 m South,Minor Arterial,North York,43.777663,-79.413097,Non Intersection,No Control,Clear,"Dark, artificial",Wet,Fatal,SMV Other,Driver,20 to 24,Fatal,36,North,"Automobile, Station Wagon",Going Ahead,Exceeding Speed Limit,Unknown,,,,,,,,,Yes,,,,,,Yes,Yes,,,,151,Yonge-Doris,51,Willowdale East (51),D32,627703.6915,4848401.5964
14747,80948667,,7/26/2018 8:00:00 AM,58,EGLINTON AVE W,MARLEE AVE,,Major Arterial,North York,43.69797,-79.439349,At Intersection,Traffic Signal,Clear,Dark,Dry,Fatal,Pedestrian Collisions,Truck Driver,35 to 39,None,,West,Truck - Dump,Going Ahead,Failed to Yield Right of Way,Unknown,,,,,,,Yes,,,,Yes,,,,,Yes,,,,107,Oakwood Village,107,Oakwood Village (107),D13,625757.8029,4839510.372
14748,80948669,,7/26/2018 8:00:00 AM,58,EGLINTON AVE W,MARLEE AVE,,Major Arterial,North York,43.69797,-79.439349,At Intersection,Traffic Signal,Clear,Dark,Dry,Fatal,Pedestrian Collisions,Pedestrian,55 to 59,Fatal,37,South,,,,,Vehicle is going straight thru inter.while ped cross with ROW,Crossing with right of way,Unknown,,,,Yes,,,,Yes,,,,,Yes,,,,107,Oakwood Village,107,Oakwood Village (107),D13,625757.8029,4839510.372
14749,80975721,,7/26/2018 8:00:00 AM,1515,OSSINGTON  AVE,GEARY AVE,,Minor Arterial,Toronto and East York,43.671363,-79.429553,At Intersection,No Control,Rain,"Daylight, artificial",Wet,Non-Fatal Injury,Cyclist Collisions,Driver,45 to 49,None,,North,"Automobile, Station Wagon",Turning Left,Failed to Yield Right of Way,Normal,,,,,,,,Yes,Yes,,,,,,,Yes,,,,94,Wychwood,94,Wychwood (94),D13,626603.133,4836570.2072
14750,80975722,,7/26/2018 8:00:00 AM,1515,OSSINGTON  AVE,GEARY AVE,,Minor Arterial,Toronto and East York,43.671363,-79.429553,At Intersection,No Control,Rain,"Daylight, artificial",Wet,Non-Fatal Injury,Cyclist Collisions,Cyclist,40 to 44,Major,,South,Bicycle,Going Ahead,,,,,,Motorist turned left across cyclists path.,Driving Properly,Normal,,Yes,Yes,,,,,,,Yes,,,,94,Wychwood,94,Wychwood (94),D13,626603.133,4836570.2072
14751,80947985,,7/29/2018 8:00:00 AM,330,KEELE ST,FINCH AVE W,,Major Arterial,North York,43.76343,-79.491008,At Intersection,Traffic Signal,Clear,Daylight,Dry,Non-Fatal Injury,Pedestrian Collisions,Driver,unknown,None,,West,"Automobile, Station Wagon",Turning Left,Failed to Yield Right of Way,Unknown,,,,,,,Yes,,Yes,,,,,,,Yes,,,,27,York University Heights,27,York University Heights (27),D31,621462.6742,4846703.5847
14752,80947986,,7/29/2018 8:00:00 AM,330,KEELE ST,FINCH AVE W,,Major Arterial,North York,43.76343,-79.491008,At Intersection,Traffic Signal,Clear,Daylight,Dry,Non-Fatal Injury,Pedestrian Collisions,Pedestrian,15 to 19,Major,,West,,,,,Vehicle turns left while ped crosses with ROW at inter.,Crossing with right of way,Normal,,,,Yes,,Yes,,,,,,,Yes,,,,27,York University Heights,27,York University Heights (27),D31,621462.6742,4846703.5847
14753,80948658,,7/29/2018 8:00:00 AM,1029,144 NORSEMAN ST,,,Collector,Etobicoke York,43.633887,-79.520046,Non Intersection,No Control,Clear,Daylight,Dry,Fatal,SMV Other,Motorcycle Driver,45 to 49,Fatal,38,East,Motorcycle,Going Ahead,Lost control,Unknown,,,,,,,,,,Yes,,,,,,,,,,159,Etobicoke City Centre,14,Islington-City Centre West (14),D22,619382.1165,4832273.8883
14754,80948217,,7/29/2018 8:00:00 AM,2122,LAKE SHORE BLVD E,WINNERS CRCL,60 m East of,Major Arterial,North York,43.663756,-79.307765,Non Intersection,No Control,Clear,Dark,Dry,Non-Fatal Injury,Pedestrian Collisions,Driver,60 to 64,None,,East,"Automobile, Station Wagon",Going Ahead,Driving Properly,Normal,,,,,,,Yes,,Yes,,,,,Yes,,,,,,70,South Riverdale,70,South Riverdale (70),D55,636438.5356,4835918.4306
14755,80948218,,7/29/2018 8:00:00 AM,2122,LAKE SHORE BLVD E,WINNERS CRCL,60 m East of,Major Arterial,North York,43.663756,-79.307765,Non Intersection,No Control,Clear,Dark,Dry,Non-Fatal Injury,Pedestrian Collisions,Passenger,50 to 54,None,,,,,,,,,,,,,Yes,,Yes,,,,,Yes,,,,,,70,South Riverdale,70,South Riverdale (70),D55,636438.5356,4835918.4306
14756,80948219,,7/29/2018 8:00:00 AM,2122,LAKE SHORE BLVD E,WINNERS CRCL,60 m East of,Major Arterial,North York,43.663756,-79.307765,Non Intersection,No Control,Clear,Dark,Dry,Non-Fatal Injury,Pedestrian Collisions,Pedestrian,45 to 49,Major,,North,,,,,Pedestrian hit at mid-block,"Crossing, no Traffic Control",Normal,,,,Yes,,Yes,,,,,Yes,,,,,,70,South Riverdale,70,South Riverdale (70),D55,636438.5356,4835918.4306
14757,80948139,,7/30/2018 8:00:00 AM,1238,100 MCLEVIN AVE,,4 m East of,Minor Arterial,Scarborough,43.800753,-79.236369,At/Near Private Drive,No Control,Clear,Daylight,Dry,Non-Fatal Injury,Turning Movement,Driver,40 to 44,Major,,East,"Automobile, Station Wagon",Turning Left,Failed to Yield Right of Way,Inattentive,,,,,,,,,Yes,Yes,,,,,,Yes,,,,145,Malvern West,132,Malvern (132),D42,641871.1296,4851253.8947
14758,80948140,,7/30/2018 8:00:00 AM,1238,100 MCLEVIN AVE,,4 m East of,Minor Arterial,Scarborough,43.800753,-79.236369,At/Near Private Drive,No Control,Clear,Daylight,Dry,Non-Fatal Injury,Turning Movement,Motorcycle Driver,35 to 39,Minor,,West,Motorcycle,Going Ahead,Driving Properly,Normal,,,,,,,,,Yes,Yes,,,,,,Yes,,,,145,Malvern West,132,Malvern (132),D42,641871.1296,4851253.8947
14759,80945878,,7/30/2018 8:00:00 AM,1427,WARDEN AVE,FAIRFAX CRES,,Major Arterial,Scarborough,43.716109,-79.282733,At Intersection,Traffic Signal,Clear,Daylight,Dry,Fatal,Pedestrian Collisions,Driver,35 to 39,None,,East,Delivery Van,Turning Left,Improper Turn,Inattentive,,,,,,,Yes,,Yes,,,,,,,,,,,120,Clairlea-Birchmount,120,Clairlea-Birchmount (120),D41,638336.3798,4841774.4414
14760,80948659,,7/30/2018 8:00:00 AM,1427,WARDEN AVE,FAIRFAX CRES,,Major Arterial,Scarborough,43.716109,-79.282733,At Intersection,Traffic Signal,Clear,Daylight,Dry,Fatal,Pedestrian Collisions,Pedestrian,65 to 69,Fatal,39,East,,,,,Vehicle turns left while ped crosses with ROW at inter.,Crossing with right of way,Normal,,,,Yes,,Yes,,,,,,,,,,,120,Clairlea-Birchmount,120,Clairlea-Birchmount (120),D41,638336.3798,4841774.4414