OBJECTID,INDEX,ACCNUM,DATE,TIME,STREET1,STREET2,OFFSET,ROAD_CLASS,DISTRICT,LATITUDE,LONGITUDE,ACCLOC,TRAFFCTL,VISIBILITY,LIGHT,RDSFCOND,ACCLASS,IMPACTYPE,INVTYPE,INVAGE,INJURY,FATAL_NO,INITDIR,VEHTYPE,MANOEUVER,DRIVACT,DRIVCOND,PEDTYPE,PEDACT,PEDCOND,CYCLISTYPE,CYCACT,CYCCOND,PEDESTRIAN,CYCLIST,AUTOMOBILE,MOTORCYCLE,TRUCK,TRSN_CITY_VEH,EMERG_VEH,PASSENGER,SPEEDING,AG_DRIV,REDLIGHT,ALCOHOL,DISABILITY,HOOD_158,NEIGHBOURHOOD_158,HOOD_140,NEIGHBOURHOOD_140,DIVISION,x,y
14761,81239017,,7/30/2018 8:00:00 AM,1755,STEELES AVE W,YONGE ST,260 m West o,Major Arterial,North York,43.797373,-79.422603,Non Intersection,No Control,Clear,Daylight,Dry,Non-Fatal Injury,Pedestrian Collisions,Driver,40 to 44,None,,East,"Automobile, Station Wagon",Going Ahead,Driving Properly,Normal,,,,,,,Yes,,Yes,,,,,Yes,,,,,,36,Newtonbrook West,36,Newtonbrook West (36),D32,626896.9884,4850576.0783
14762,81239018,,7/30/2018 8:00:00 AM,1755,STEELES AVE W,YONGE ST,260 m West o,Major Arterial,North York,43.797373,-79.422603,Non Intersection,No Control,Clear,Daylight,Dry,Non-Fatal Injury,Pedestrian Collisions,Pedestrian,45 to 49,Major,,North,,,,,Pedestrian hit at mid-block,"Crossing, no Traffic Control",Inattentive,,,,Yes,,Yes,,,,,Yes,,,,,,36,Newtonbrook West,36,Newtonbrook West (36),D32,626896.9884,4850576.0783
14763,81239019,,7/30/2018 8:00:00 AM,1755,STEELES AVE W,YONGE ST,260 m West o,Major Arterial,North York,43.797373,-79.422603,Non Intersection,No Control,Clear,Daylight,Dry,Non-Fatal Injury,Pedestrian Collisions,Passenger,40 to 44,None,,,,,,,,,,,,,Yes,,Yes,,,,,Yes,,,,,,36,Newtonbrook West,36,Newtonbrook West (36),D32,626896.9884,4850576.0783
14764,80948205,,7/31/2018 8:00:00 AM,150,WESTON RD,WRIGHT AVE,50 m South o,Minor Arterial,Etobicoke York,43.697928,-79.510379,At/Near Private Drive,No Control,Clear,"Dark, artificial",Dry,Non-Fatal Injury,SMV Unattended Vehicle,Motorcycle Driver,25 to 29,Major,,North,Motorcycle,Going Ahead,Exceeding Speed Limit,Inattentive,,,,,,,,,,Yes,,,,,Yes,Yes,,,,113,Weston,113,Weston (113),D12,620034.2161,4839400.426
14765,80948206,,7/31/2018 8:00:00 AM,150,WESTON RD,WRIGHT AVE,50 m South o,Minor Arterial,Etobicoke York,43.697928,-79.510379,At/Near Private Drive,No Control,Clear,"Dark, artificial",Dry,Non-Fatal Injury,SMV Unattended Vehicle,Other,unknown,None,,North,,Parked,,,,,,,,,,,,Yes,,,,,Yes,Yes,,,,113,Weston,113,Weston (113),D12,620034.2161,4839400.426
14766,81239118,,8/1/2018 8:00:00 AM,2100,JANE ST,GRANDRAVINE DR,,Major Arterial,Etobicoke York,43.747023,-79.515086,Intersection Related,Traffic Signal,Clear,"Dark, artificial",Dry,Non-Fatal Injury,Pedestrian Collisions,Driver,15 to 19,None,,South,"Automobile, Station Wagon",Going Ahead,Driving Properly,Normal,,,,,,,Yes,,Yes,,,,,,,,,,,25,Glenfield-Jane Heights,25,Glenfield-Jane Heights (25),D31,619557.2269,4844846.314
14767,81239119,,8/1/2018 8:00:00 AM,2100,JANE ST,GRANDRAVINE DR,,Major Arterial,Etobicoke York,43.747023,-79.515086,Intersection Related,Traffic Signal,Clear,"Dark, artificial",Dry,Non-Fatal Injury,Pedestrian Collisions,Pedestrian,65 to 69,Major,,West,,,,,Vehicle is going straight thru inter.while ped cross without ROW,Crossing without right of way,Normal,,,,Yes,,Yes,,,,,,,,,,,25,Glenfield-Jane Heights,25,Glenfield-Jane Heights (25),D31,619557.2269,4844846.314
14768,80972438,,8/2/2018 8:00:00 AM,1300,BLOOR ST W,OSSINGTON AVE,50 m East of,Major Arterial,Toronto and East York,43.661994,-79.425082,Non Intersection,No Control,Clear,Daylight,Dry,Non-Fatal Injury,Cyclist Collisions,Driver,unknown,None,,West,Pick Up Truck,Pulling Onto Shoulder or towardCurb,Failed to Yield Right of Way,Normal,,,,,,,,Yes,Yes,,,,,,,Yes,,,,80,Palmerston-Little Italy,80,Palmerston-Little Italy (80),D14,626983.3242,4835536.4886
14769,80972439,,8/2/2018 8:00:00 AM,1300,BLOOR ST W,OSSINGTON AVE,50 m East of,Major Arterial,Toronto and East York,43.661994,-79.425082,Non Intersection,No Control,Clear,Daylight,Dry,Non-Fatal Injury,Cyclist Collisions,Cyclist,45 to 49,Major,,West,Bicycle,Going Ahead,,,,,,Cyclist and Driver travelling in same direction. One vehicle sideswipes the other.,Driving Properly,Normal,,Yes,Yes,,,,,,,Yes,,,,80,Palmerston-Little Italy,80,Palmerston-Little Italy (80),D14,626983.3242,4835536.4886
14770,80948319,,8/3/2018 8:00:00 AM,1653,MORECAMBE GT,VICTORIA PARK AVE,,Major Arterial,Scarborough,43.79798,-79.333591,At Intersection,Traffic Signal,Clear,Daylight,Dry,Non-Fatal Injury,Pedestrian Collisions,Driver,50 to 54,None,,West,"Automobile, Station Wagon",Turning Left,Failed to Yield Right of Way,Normal,,,,,,,Yes,,Yes,,,,,,,Yes,,,,147,L'Amoreaux West,117,L'Amoreaux (117),D42,634056.4553,4850783.8273
14771,80948320,,8/3/2018 8:00:00 AM,1653,MORECAMBE GT,VICTORIA PARK AVE,,Major Arterial,Scarborough,43.79798,-79.333591,At Intersection,Traffic Signal,Clear,Daylight,Dry,Non-Fatal Injury,Pedestrian Collisions,Pedestrian,45 to 49,Major,,West,,,,,Vehicle turns left while ped crosses with ROW at inter.,Crossing with right of way,Had Been Drinking,,,,Yes,,Yes,,,,,,,Yes,,,,147,L'Amoreaux West,117,L'Amoreaux (117),D42,634056.4553,4850783.8273
14772,80948375,,8/3/2018 8:00:00 AM,2127,SHEPPARD AVE E,SHAUGHNESSY BLVD,10 m North o,Major Arterial,North York,43.773657,-79.353282,At Intersection,Traffic Signal,Clear,"Dark, artificial",Dry,Non-Fatal Injury,Pedestrian Collisions,Driver,45 to 49,None,,North,"Automobile, Station Wagon",Turning Right,Failed to Yield Right of Way,Normal,,,,,,,Yes,,Yes,,,,,,,Yes,,,,53,Henry Farm,53,Henry Farm (53),D33,632526.1113,4848050.6706
14773,80948376,,8/3/2018 8:00:00 AM,2127,SHEPPARD AVE E,SHAUGHNESSY BLVD,10 m North o,Major Arterial,North York,43.773657,-79.353282,At Intersection,Traffic Signal,Clear,"Dark, artificial",Dry,Non-Fatal Injury,Pedestrian Collisions,Pedestrian,35 to 39,Major,,West,,,,,Vehicle turns right while ped crosses with ROW at inter.,Crossing with right of way,Normal,,,,Yes,,Yes,,,,,,,Yes,,,,53,Henry Farm,53,Henry Farm (53),D33,632526.1113,4848050.6706
14774,80948248,,8/4/2018 8:00:00 AM,1425,FINCHDENE SQ,FINCH AVE E,16 m North o,Minor Arterial,Scarborough,43.815356,-79.231464,At Intersection,Traffic Signal,Clear,Daylight,Dry,Non-Fatal Injury,SMV Other,Motorcycle Driver,20 to 24,Major,,West,Motorcycle,Turning Right,Lost control,Inattentive,,,,,,,,,,Yes,,,,,,,,,,145,Malvern West,132,Malvern (132),D42,642231.0386,4852884.217
14775,80949868,,8/4/2018 8:00:00 AM,2137,123 CALEDONIA  RD,,50 m North o,Minor Arterial,Etobicoke York,43.678824,-79.456218,At/Near Private Drive,No Control,Clear,"Dark, artificial",Dry,Non-Fatal Injury,Pedestrian Collisions,Driver,55 to 59,None,,North,Delivery Van,Going Ahead,Driving Properly,Normal,,,,,,,Yes,,Yes,,,,,Yes,,,,,,92,Corso Italia-Davenport,92,Corso Italia-Davenport (92),D13,624438.0656,4837358.5006
14776,80949869,,8/4/2018 8:00:00 AM,2137,123 CALEDONIA  RD,,50 m North o,Minor Arterial,Etobicoke York,43.678824,-79.456218,At/Near Private Drive,No Control,Clear,"Dark, artificial",Dry,Non-Fatal Injury,Pedestrian Collisions,Pedestrian,20 to 24,Major,,East,,,,,Pedestrian hit at mid-block,"Crossing, no Traffic Control",Inattentive,,,,Yes,,Yes,,,,,Yes,,,,,,92,Corso Italia-Davenport,92,Corso Italia-Davenport (92),D13,624438.0656,4837358.5006
14777,80949870,,8/4/2018 8:00:00 AM,2137,123 CALEDONIA  RD,,50 m North o,Minor Arterial,Etobicoke York,43.678824,-79.456218,At/Near Private Drive,No Control,Clear,"Dark, artificial",Dry,Non-Fatal Injury,Pedestrian Collisions,Passenger,55 to 59,None,,,,,,,,,,,,,Yes,,Yes,,,,,Yes,,,,,,92,Corso Italia-Davenport,92,Corso Italia-Davenport (92),D13,624438.0656,4837358.5006
14778,80948668,,8/6/2018 8:00:00 AM,914,CLAREMORE AVE,CRAIGLEE DR,,Local,Scarborough,43.706175,-79.254787,At Intersection,Stop Sign,Clear,Daylight,Dry,Fatal,Pedestrian Collisions,Driver,65 to 69,None,,North,"Automobile, Station Wagon",Going Ahead,Driving Properly,Normal,,,,,,,Yes,,Yes,,,,,,,,,,,122,Birchcliffe-Cliffside,122,Birchcliffe-Cliffside (122),D41,640610.8586,4840718.1505
14779,80950058,,8/6/2018 8:00:00 AM,914,CLAREMORE AVE,CRAIGLEE DR,,Local,Scarborough,43.706175,-79.254787,At Intersection,Stop Sign,Clear,Daylight,Dry,Fatal,Pedestrian Collisions,Wheelchair,80 to 84,Fatal,42,East,,,,,Vehicle is going straight thru inter.while ped cross without ROW,Crossing marked crosswalk without ROW,Medical or Physical Disability,,,,Yes,,Yes,,,,,,,,,,,122,Birchcliffe-Cliffside,122,Birchcliffe-Cliffside (122),D41,640610.8586,4840718.1505
14780,80948466,,8/6/2018 8:00:00 AM,1207,QUEEN ST W,DUNN AVE,,Major Arterial,Toronto and East York,43.640952,-79.434474,At Intersection,Traffic Signal,Clear,Daylight,Dry,Non-Fatal Injury,Pedestrian Collisions,Truck Driver,50 to 54,None,,West,"Truck - Closed (Blazer, etc)",Going Ahead,Driving Properly,Normal,,,,,,,Yes,,,,Yes,,,Yes,,,,,,85,South Parkdale,85,South Parkdale (85),D14,626270.1418,4833185.1692
14781,80948467,,8/6/2018 8:00:00 AM,1207,QUEEN ST W,DUNN AVE,,Major Arterial,Toronto and East York,43.640952,-79.434474,At Intersection,Traffic Signal,Clear,Daylight,Dry,Non-Fatal Injury,Pedestrian Collisions,Passenger,55 to 59,None,,,,,,,,,,,,,Yes,,,,Yes,,,Yes,,,,,,85,South Parkdale,85,South Parkdale (85),D14,626270.1418,4833185.1692
14782,80948468,,8/6/2018 8:00:00 AM,1207,QUEEN ST W,DUNN AVE,,Major Arterial,Toronto and East York,43.640952,-79.434474,At Intersection,Traffic Signal,Clear,Daylight,Dry,Non-Fatal Injury,Pedestrian Collisions,Pedestrian,65 to 69,Major,,South,,,,,Vehicle is going straight thru inter.while ped cross without ROW,Crossing without right of way,Normal,,,,Yes,,,,Yes,,,Yes,,,,,,85,South Parkdale,85,South Parkdale (85),D14,626270.1418,4833185.1692
14783,80948444,,8/7/2018 8:00:00 AM,900,DOVERCOURT RD,BLOOR ST W,,Major Arterial,Toronto and East York,43.661078,-79.429393,At Intersection,Traffic Signal,Clear,Daylight,Dry,Non-Fatal Injury,Turning Movement,Driver,50 to 54,Minor,,North,"Automobile, Station Wagon",Turning Left,Improper Turn,Normal,,,,,,,,,Yes,Yes,,,,,,,,,,80,Palmerston-Little Italy,80,Palmerston-Little Italy (80),D14,626637.6571,4835428.1656
14784,80948445,,8/7/2018 8:00:00 AM,900,DOVERCOURT RD,BLOOR ST W,,Major Arterial,Toronto and East York,43.661078,-79.429393,At Intersection,Traffic Signal,Clear,Daylight,Dry,Non-Fatal Injury,Turning Movement,Motorcycle Driver,45 to 49,Major,,South,Motorcycle,Going Ahead,Driving Properly,Normal,,,,,,,,,Yes,Yes,,,,,,,,,,80,Palmerston-Little Italy,80,Palmerston-Little Italy (80),D14,626637.6571,4835428.1656
14785,80948540,,8/8/2018 8:00:00 AM,244,QUEEN ST W,BELLWOODS AVE,10 m West of,Major Arterial,Toronto and East York,43.645774,-79.410747,Intersection Related,No Control,Rain,"Dark, artificial",Wet,Non-Fatal Injury,Pedestrian Collisions,Driver,45 to 49,None,,West,Fire Vehicle,Going Ahead,Driving Properly,Normal,,,,,,,Yes,,,,,,Yes,Yes,,,,,,162,West Queen West,82,Niagara (82),D14,628173.6474,4833757.085
14786,80948541,,8/8/2018 8:00:00 AM,244,QUEEN ST W,BELLWOODS AVE,10 m West of,Major Arterial,Toronto and East York,43.645774,-79.410747,Intersection Related,No Control,Rain,"Dark, artificial",Wet,Non-Fatal Injury,Pedestrian Collisions,Passenger,50 to 54,None,,,,,,,,,,,,,Yes,,,,,,Yes,Yes,,,,,,162,West Queen West,82,Niagara (82),D14,628173.6474,4833757.085
14787,80948542,,8/8/2018 8:00:00 AM,244,QUEEN ST W,BELLWOODS AVE,10 m West of,Major Arterial,Toronto and East York,43.645774,-79.410747,Intersection Related,No Control,Rain,"Dark, artificial",Wet,Non-Fatal Injury,Pedestrian Collisions,Passenger,45 to 49,None,,,,,,,,,,,,,Yes,,,,,,Yes,Yes,,,,,,162,West Queen West,82,Niagara (82),D14,628173.6474,4833757.085
14788,80948543,,8/8/2018 8:00:00 AM,244,QUEEN ST W,BELLWOODS AVE,10 m West of,Major Arterial,Toronto and East York,43.645774,-79.410747,Intersection Related,No Control,Rain,"Dark, artificial",Wet,Non-Fatal Injury,Pedestrian Collisions,Pedestrian,30 to 34,Major,,South,,,,,Vehicle hits the pedestrian walking or running out from between parked vehicles at mid-block,Coming From Behind Parked Vehicle,Other,,,,Yes,,,,,,Yes,Yes,,,,,,162,West Queen West,82,Niagara (82),D14,628173.6474,4833757.085
14789,80948657,,8/9/2018 8:00:00 AM,50,HIGHWAY 2A  W,HIGHLAND CREEK OVERPASS,600 m East,Expressway,Scarborough,43.784983,-79.164645,Non Intersection,No Control,Clear,Dark,Dry,Fatal,Pedestrian Collisions,Driver,55 to 59,None,,West,"Automobile, Station Wagon",Going Ahead,Driving Properly,Normal,,,,,,,Yes,,Yes,,,,,,,,,,,133,Centennial Scarborough,133,Centennial Scarborough (133),D43,647679.7108,4849627.8471
14790,80948661,,8/9/2018 8:00:00 AM,50,HIGHWAY 2A  W,HIGHLAND CREEK OVERPASS,600 m East,Expressway,Scarborough,43.784983,-79.164645,Non Intersection,No Control,Clear,Dark,Dry,Fatal,Pedestrian Collisions,Driver,20 to 24,None,,West,"Automobile, Station Wagon",Going Ahead,Driving Properly,Normal,,,,,,,Yes,,Yes,,,,,,,,,,,133,Centennial Scarborough,133,Centennial Scarborough (133),D43,647679.7108,4849627.8471
14791,80948662,,8/9/2018 8:00:00 AM,50,HIGHWAY 2A  W,HIGHLAND CREEK OVERPASS,600 m East,Expressway,Scarborough,43.784983,-79.164645,Non Intersection,No Control,Clear,Dark,Dry,Fatal,Pedestrian Collisions,Pedestrian,25 to 29,Fatal,40,South,,,,,Pedestrian hit at mid-block,Walking on Roadway Against Traffic,Medical or Physical Disability,,,,Yes,,Yes,,,,,,,,,,,133,Centennial Scarborough,133,Centennial Scarborough (133),D43,647679.7108,4849627.8471
14792,80948822,,8/9/2018 8:00:00 AM,1415,REXDALE BLVD,BERGAMOT AVE,,Major Arterial,Etobicoke York,43.713248,-79.559642,At Intersection,Traffic Signal,Clear,Daylight,Dry,Non-Fatal Injury,Turning Movement,Driver,30 to 34,None,,East,"Automobile, Station Wagon",Turning Left,Failed to Yield Right of Way,Inattentive,,,,,,,,,Yes,,,,,,,Yes,,,,1,West Humber-Clairville,1,West Humber-Clairville (1),D23,616034.9941,4841031.7845
14793,80948823,,8/9/2018 8:00:00 AM,1415,REXDALE BLVD,BERGAMOT AVE,,Major Arterial,Etobicoke York,43.713248,-79.559642,At Intersection,Traffic Signal,Clear,Daylight,Dry,Non-Fatal Injury,Turning Movement,Driver,70 to 74,Major,,West,"Automobile, Station Wagon",Going Ahead,Driving Properly,Normal,,,,,,,,,Yes,,,,,,,Yes,,,,1,West Humber-Clairville,1,West Humber-Clairville (1),D23,616034.9941,4841031.7845
14794,80948767,,8/10/2018 8:00:00 AM,1038,KINGSTON RD,SOUTHWOOD DR,,Major Arterial,Toronto and East York,43.678813,-79.297984,At Intersection,Traffic Signal,Clear,Daylight,Dry,Non-Fatal Injury,Pedestrian Collisions,Driver,20 to 24,None,,West,"Automobile, Station Wagon",Turning Left,Failed to Yield Right of Way,Inattentive,,,,,,,Yes,,Yes,,,,,,,Yes,,,,63,The Beaches,63,The Beaches (63),D55,637192.8375,4837606.8494
14795,80948768,,8/10/2018 8:00:00 AM,1038,KINGSTON RD,SOUTHWOOD DR,,Major Arterial,Toronto and East York,43.678813,-79.297984,At Intersection,Traffic Signal,Clear,Daylight,Dry,Non-Fatal Injury,Pedestrian Collisions,Pedestrian,20 to 24,Major,,West,,,,,Vehicle turns left while ped crosses with ROW at inter.,Crossing with right of way,Normal,,,,Yes,,Yes,,,,,,,Yes,,,,63,The Beaches,63,The Beaches (63),D55,637192.8375,4837606.8494
14796,80948660,,8/10/2018 8:00:00 AM,2055,BELLAMY RD N,BRIMORTON DR,,Minor Arterial,Scarborough,43.767378,-79.239131,At Intersection,Traffic Signal,Clear,Daylight,Dry,Fatal,Angle,Motorcycle Driver,70 to 74,Fatal,41,West,Motorcycle,Going Ahead,Driving Properly,Unknown,,,,,,,,,Yes,Yes,,,,,,Yes,Yes,,,142,Woburn North,137,Woburn (137),D43,641727.7966,4847542.3397
14797,80948664,,8/10/2018 8:00:00 AM,2055,BELLAMY RD N,BRIMORTON DR,,Minor Arterial,Scarborough,43.767378,-79.239131,At Intersection,Traffic Signal,Clear,Daylight,Dry,Fatal,Angle,Driver,30 to 34,None,,North,"Automobile, Station Wagon",Going Ahead,Disobeyed Traffic Control,Unknown,,,,,,,,,Yes,Yes,,,,,,Yes,Yes,,,142,Woburn North,137,Woburn (137),D43,641727.7966,4847542.3397
14798,80948881,,8/11/2018 8:00:00 AM,1420,EGLINTON AVE W,SCARLETT RD,,Major Arterial,Etobicoke York,43.68389,-79.511417,At Intersection,Traffic Signal,Clear,Daylight,Dry,Non-Fatal Injury,Pedestrian Collisions,Driver,45 to 49,Minor,,North,"Automobile, Station Wagon",Stopped,Driving Properly,Normal,,,,,,,Yes,,Yes,,,,,Yes,,Yes,,,,9,Edenbridge-Humber Valley,9,Edenbridge-Humber Valley (9),D22,619978.56,4837839.8142
14799,80948882,,8/11/2018 8:00:00 AM,1420,EGLINTON AVE W,SCARLETT RD,,Major Arterial,Etobicoke York,43.68389,-79.511417,At Intersection,Traffic Signal,Clear,Daylight,Dry,Non-Fatal Injury,Pedestrian Collisions,Driver,45 to 49,None,,North,"Automobile, Station Wagon",Stopped,Driving Properly,Normal,,,,,,,Yes,,Yes,,,,,Yes,,Yes,,,,9,Edenbridge-Humber Valley,9,Edenbridge-Humber Valley (9),D22,619978.56,4837839.8142
14800,80948883,,8/11/2018 8:00:00 AM,1420,EGLINTON AVE W,SCARLETT RD,,Major Arterial,Etobicoke York,43.68389,-79.511417,At Intersection,Traffic Signal,Clear,Daylight,Dry,Non-Fatal Injury,Pedestrian Collisions,Passenger,25 to 29,Minor,,,,,,,,,,,,,Yes,,Yes,,,,,Yes,,Yes,,,,9,Edenbridge-Humber Valley,9,Edenbridge-Humber Valley (9),D22,619978.56,4837839.8142
14801,80948884,,8/11/2018 8:00:00 AM,1420,EGLINTON AVE W,SCARLETT RD,,Major Arterial,Etobicoke York,43.68389,-79.511417,At Intersection,Traffic Signal,Clear,Daylight,Dry,Non-Fatal Injury,Pedestrian Collisions,Passenger,0 to 4,Minor,,,,,,,,,,,,,Yes,,Yes,,,,,Yes,,Yes,,,,9,Edenbridge-Humber Valley,9,Edenbridge-Humber Valley (9),D22,619978.56,4837839.8142
14802,80948885,,8/11/2018 8:00:00 AM,1420,EGLINTON AVE W,SCARLETT RD,,Major Arterial,Etobicoke York,43.68389,-79.511417,At Intersection,Traffic Signal,Clear,Daylight,Dry,Non-Fatal Injury,Pedestrian Collisions,Passenger,0 to 4,Minor,,,,,,,,,,,,,Yes,,Yes,,,,,Yes,,Yes,,,,9,Edenbridge-Humber Valley,9,Edenbridge-Humber Valley (9),D22,619978.56,4837839.8142
14803,80948886,,8/11/2018 8:00:00 AM,1420,EGLINTON AVE W,SCARLETT RD,,Major Arterial,Etobicoke York,43.68389,-79.511417,At Intersection,Traffic Signal,Clear,Daylight,Dry,Non-Fatal Injury,Pedestrian Collisions,Pedestrian,30 to 34,Minor,,Unknown,,,,,Pedestrian hit on sidewalk or shoulder,On Sidewalk or Shoulder,Normal,,,,Yes,,Yes,,,,,Yes,,Yes,,,,9,Edenbridge-Humber Valley,9,Edenbridge-Humber Valley (9),D22,619978.56,4837839.8142
14804,80948887,,8/11/2018 8:00:00 AM,1420,EGLINTON AVE W,SCARLETT RD,,Major Arterial,Etobicoke York,43.68389,-79.511417,At Intersection,Traffic Signal,Clear,Daylight,Dry,Non-Fatal Injury,Pedestrian Collisions,Driver,25 to 29,None,,West,"Automobile, Station Wagon",Turning Left,Failed to Yield Right of Way,Normal,,,,,,,Yes,,Yes,,,,,Yes,,Yes,,,,9,Edenbridge-Humber Valley,9,Edenbridge-Humber Valley (9),D22,619978.56,4837839.8142
14805,80948888,,8/11/2018 8:00:00 AM,1420,EGLINTON AVE W,SCARLETT RD,,Major Arterial,Etobicoke York,43.68389,-79.511417,At Intersection,Traffic Signal,Clear,Daylight,Dry,Non-Fatal Injury,Pedestrian Collisions,Driver,25 to 29,Major,,East,"Automobile, Station Wagon",Going Ahead,Driving Properly,Normal,,,,,,,Yes,,Yes,,,,,Yes,,Yes,,,,9,Edenbridge-Humber Valley,9,Edenbridge-Humber Valley (9),D22,619978.56,4837839.8142
14806,80949009,,8/12/2018 8:00:00 AM,26,DUFFERIN ST,GIBSON ST,60 m South o,Major Arterial,Toronto and East York,43.689715,-79.447826,Non Intersection,No Control,Clear,"Dark, artificial",Dry,Non-Fatal Injury,Approaching,Motorcycle Driver,30 to 34,Major,,North,Motorcycle,Overtaking,Improper Passing,Unknown,,,,,,,,,Yes,Yes,,,,Yes,Yes,Yes,,,,109,Caledonia-Fairbank,109,Caledonia-Fairbank (109),D13,625091.879,4838580.7184
14807,80949010,,8/12/2018 8:00:00 AM,26,DUFFERIN ST,GIBSON ST,60 m South o,Major Arterial,Toronto and East York,43.689715,-79.447826,Non Intersection,No Control,Clear,"Dark, artificial",Dry,Non-Fatal Injury,Approaching,Driver,30 to 34,Minor,,South,"Automobile, Station Wagon",Going Ahead,Driving Properly,Normal,,,,,,,,,Yes,Yes,,,,Yes,Yes,Yes,,,,109,Caledonia-Fairbank,109,Caledonia-Fairbank (109),D13,625091.879,4838580.7184
14808,80949011,,8/12/2018 8:00:00 AM,26,DUFFERIN ST,GIBSON ST,60 m South o,Major Arterial,Toronto and East York,43.689715,-79.447826,Non Intersection,No Control,Clear,"Dark, artificial",Dry,Non-Fatal Injury,Approaching,Motorcycle Passenger,25 to 29,Major,,,,,,,,,,,,,,,Yes,Yes,,,,Yes,Yes,Yes,,,,109,Caledonia-Fairbank,109,Caledonia-Fairbank (109),D13,625091.879,4838580.7184
14809,80948975,,8/12/2018 8:00:00 AM,1430,CHUDLEIGH RD,HARVIE AVE,,Local,Etobicoke York,43.688647,-79.454875,At Intersection,Stop Sign,Clear,Daylight,Dry,Non-Fatal Injury,Cyclist Collisions,Cyclist,30 to 34,Major,,North,Bicycle,Going Ahead,,,,,,Motorist turned left across cyclists path.,Disobeyed Traffic Control,Normal,,Yes,Yes,,,,,,,,,,,109,Caledonia-Fairbank,109,Caledonia-Fairbank (109),D13,624525.9951,4838451.4934
14810,80948976,,8/12/2018 8:00:00 AM,1430,CHUDLEIGH RD,HARVIE AVE,,Local,Etobicoke York,43.688647,-79.454875,At Intersection,Stop Sign,Clear,Daylight,Dry,Non-Fatal Injury,Cyclist Collisions,Driver,25 to 29,None,,West,"Automobile, Station Wagon",Turning Left,Driving Properly,Normal,,,,,,,,Yes,Yes,,,,,,,,,,,109,Caledonia-Fairbank,109,Caledonia-Fairbank (109),D13,624525.9951,4838451.4934
14811,80949372,,8/13/2018 8:00:00 AM,1039,PETHERHILL  AVE,WILSON AVE,85 m South o,Local,North York,43.723311,-79.490886,Non Intersection,No Control,Clear,Daylight,Dry,Non-Fatal Injury,SMV Unattended Vehicle,Driver,50 to 54,Minimal,,South,"Automobile, Station Wagon",Going Ahead,Lost control,Inattentive,,,,,,,,,Yes,,,,,Yes,,Yes,,,,154,Oakdale-Beverley Heights,26,Downsview-Roding-CFB (26),D31,621553.6602,4842247.966
14812,80949373,,8/13/2018 8:00:00 AM,1039,PETHERHILL  AVE,WILSON AVE,85 m South o,Local,North York,43.723311,-79.490886,Non Intersection,No Control,Clear,Daylight,Dry,Non-Fatal Injury,SMV Unattended Vehicle,Passenger,50 to 54,Major,,,,,,,,,,,,,,,Yes,,,,,Yes,,Yes,,,,154,Oakdale-Beverley Heights,26,Downsview-Roding-CFB (26),D31,621553.6602,4842247.966
14813,81542013,,8/13/2018 8:00:00 AM,1039,PETHERHILL  AVE,WILSON AVE,85 m South o,Local,North York,43.723311,-79.490886,Non Intersection,No Control,Clear,Daylight,Dry,Non-Fatal Injury,SMV Unattended Vehicle,Other,unknown,None,,South,,Parked,,,,,,,,,,,Yes,,,,,Yes,,Yes,,,,154,Oakdale-Beverley Heights,26,Downsview-Roding-CFB (26),D31,621553.6602,4842247.966
14814,80948663,,8/13/2018 8:00:00 AM,2301,NINTH ST,TENTH ST,,Local,Etobicoke York,43.601058,-79.507938,Intersection Related,No Control,Clear,Dark,Dry,Non-Fatal Injury,Pedestrian Collisions,Pedestrian,45 to 49,Major,,Unknown,,,,,Other / Undefined,Other,Normal,,,,Yes,,Yes,,,,,,,,,,,18,New Toronto,18,New Toronto (18),D22,620424.3441,4828645.3115
14815,80948666,,8/13/2018 8:00:00 AM,2301,NINTH ST,TENTH ST,,Local,Etobicoke York,43.601058,-79.507938,Intersection Related,No Control,Clear,Dark,Dry,Non-Fatal Injury,Pedestrian Collisions,Driver,40 to 44,None,,South,"Automobile, Station Wagon",Going Ahead,Other,Unknown,,,,,,,Yes,,Yes,,,,,,,,,,,18,New Toronto,18,New Toronto (18),D22,620424.3441,4828645.3115
14816,80948929,,8/14/2018 8:00:00 AM,1443,KNOB HILL DR,OAK ST,120 m North ,Collector,Etobicoke York,43.709212,-79.532375,Non Intersection,No Control,Clear,Daylight,Dry,Non-Fatal Injury,Turning Movement,Driver,30 to 34,Major,,East,"Automobile, Station Wagon",Turning Left,Failed to Yield Right of Way,Inattentive,,,,,,,,,Yes,,,,,,Yes,Yes,,,,23,Pelmo Park-Humberlea,23,Pelmo Park-Humberlea (23),D12,618239.5715,4840622.061
14817,80948930,,8/14/2018 8:00:00 AM,1443,KNOB HILL DR,OAK ST,120 m North ,Collector,Etobicoke York,43.709212,-79.532375,Non Intersection,No Control,Clear,Daylight,Dry,Non-Fatal Injury,Turning Movement,Driver,40 to 44,Minimal,,South,"Automobile, Station Wagon",Going Ahead,Exceeding Speed Limit,Inattentive,,,,,,,,,Yes,,,,,,Yes,Yes,,,,23,Pelmo Park-Humberlea,23,Pelmo Park-Humberlea (23),D12,618239.5715,4840622.061