OBJECTID,INDEX,ACCNUM,DATE,TIME,STREET1,STREET2,OFFSET,ROAD_CLASS,DISTRICT,LATITUDE,LONGITUDE,ACCLOC,TRAFFCTL,VISIBILITY,LIGHT,RDSFCOND,ACCLASS,IMPACTYPE,INVTYPE,INVAGE,INJURY,FATAL_NO,INITDIR,VEHTYPE,MANOEUVER,DRIVACT,DRIVCOND,PEDTYPE,PEDACT,PEDCOND,CYCLISTYPE,CYCACT,CYCCOND,PEDESTRIAN,CYCLIST,AUTOMOBILE,MOTORCYCLE,TRUCK,TRSN_CITY_VEH,EMERG_VEH,PASSENGER,SPEEDING,AG_DRIV,REDLIGHT,ALCOHOL,DISABILITY,HOOD_158,NEIGHBOURHOOD_158,HOOD_140,NEIGHBOURHOOD_140,DIVISION,x,y
14818,80949451,,8/15/2018 8:00:00 AM,1914,DUFFERIN ST,DUFFERIN PARK AVE,100 m South ,Major Arterial,Toronto and East York,43.656199,-79.433948,Non Intersection,No Control,Clear,Daylight,Dry,Non-Fatal Injury,SMV Other,Driver,70 to 74,Major,,North,"Automobile, Station Wagon",Going Ahead,Lost control,Medical or Physical Disability,,,,,,,,,Yes,,,,,,,,,,Yes,83,Dufferin Grove,83,Dufferin Grove (83),D14,626280.6125,4834879.3463
14819,80949484,,8/16/2018 8:00:00 AM,1555,LESLIE ST,EGLINTON AVE E,,Major Arterial,North York,43.718589,-79.350383,Intersection Related,Stop Sign,Clear,Daylight,Dry,Fatal,Turning Movement,Driver,85 to 89,Fatal,43,East,Passenger Van,Turning Left,Improper Turn,Inattentive,,,,,,,,,Yes,,Yes,,,,,,,,,42,Banbury-Don Mills,42,Banbury-Don Mills (42),D33,632881.2163,4841939.1923
14820,80949485,,8/16/2018 8:00:00 AM,1555,LESLIE ST,EGLINTON AVE E,,Major Arterial,North York,43.718589,-79.350383,Intersection Related,Stop Sign,Clear,Daylight,Dry,Fatal,Turning Movement,Truck Driver,25 to 29,None,,South,"Truck - Closed (Blazer, etc)",Going Ahead,Driving Properly,Normal,,,,,,,,,Yes,,Yes,,,,,,,,,42,Banbury-Don Mills,42,Banbury-Don Mills (42),D33,632881.2163,4841939.1923
14821,80950060,,8/16/2018 8:00:00 AM,1555,LESLIE ST,EGLINTON AVE E,,Major Arterial,North York,43.718589,-79.350383,Intersection Related,Stop Sign,Clear,Daylight,Dry,Fatal,Turning Movement,,unknown,None,,,,,,,,,,,,,,,Yes,,Yes,,,,,,,,,42,Banbury-Don Mills,42,Banbury-Don Mills (42),D33,632881.2163,4841939.1923
14822,80949251,,8/17/2018 8:00:00 AM,1410,QUEEN ST W,SIMCOE ST,12 m East of,Major Arterial,Toronto and East York,43.650599,-79.387477,Intersection Related,No Control,Clear,Daylight,Wet,Non-Fatal Injury,SMV Other,Motorcycle Driver,50 to 54,Major,,West,Motorcycle,Going Ahead,Other,Normal,,,,,,,,,,Yes,,,,,,,,,,164,Wellington Place,77,Waterfront Communities-The Island (77),D52,630039.9857,4834329.1662
14823,81163348,,8/18/2018 8:00:00 AM,223,315 UNWIN AVE,,365 m East o,Local,Toronto and East York,43.642554,-79.340259,Non Intersection,No Control,Clear,"Dark, artificial",Wet,Non-Fatal Injury,Pedestrian Collisions,Driver,25 to 29,None,,East,"Automobile, Station Wagon",Going Ahead,Driving Properly,Normal,,,,,,,Yes,,Yes,,,,,Yes,,,,,,70,South Riverdale,70,South Riverdale (70),D51,633865.7367,4833510.7405
14824,81163349,,8/18/2018 8:00:00 AM,223,315 UNWIN AVE,,365 m East o,Local,Toronto and East York,43.642554,-79.340259,Non Intersection,No Control,Clear,"Dark, artificial",Wet,Non-Fatal Injury,Pedestrian Collisions,Passenger,20 to 24,None,,,,,,,,,,,,,Yes,,Yes,,,,,Yes,,,,,,70,South Riverdale,70,South Riverdale (70),D51,633865.7367,4833510.7405
14825,81163350,,8/18/2018 8:00:00 AM,223,315 UNWIN AVE,,365 m East o,Local,Toronto and East York,43.642554,-79.340259,Non Intersection,No Control,Clear,"Dark, artificial",Wet,Non-Fatal Injury,Pedestrian Collisions,Pedestrian,20 to 24,Major,,Unknown,,,,,Pedestrian hit at mid-block,Walking on Roadway Against Traffic,Medical or Physical Disability,,,,Yes,,Yes,,,,,Yes,,,,,,70,South Riverdale,70,South Riverdale (70),D51,633865.7367,4833510.7405
14826,81451125,,8/19/2018 8:00:00 AM,459,DANFORTH AVE,ROSEHEATH AVE,,Major Arterial,Toronto and East York,43.684451,-79.318187,At Intersection,No Control,Clear,"Dark, artificial",Dry,Non-Fatal Injury,Turning Movement,Driver,30 to 34,None,,East,"Automobile, Station Wagon",Making U Turn,Other,Normal,,,,,,,,,Yes,,,,,Yes,,,,,,64,Woodbine Corridor,64,Woodbine Corridor (64),D55,635551.636,4838199.8068
14827,81451126,,8/19/2018 8:00:00 AM,459,DANFORTH AVE,ROSEHEATH AVE,,Major Arterial,Toronto and East York,43.684451,-79.318187,At Intersection,No Control,Clear,"Dark, artificial",Dry,Non-Fatal Injury,Turning Movement,Driver,35 to 39,Minor,,East,"Automobile, Station Wagon",Going Ahead,Driving Properly,Normal,,,,,,,,,Yes,,,,,Yes,,,,,,64,Woodbine Corridor,64,Woodbine Corridor (64),D55,635551.636,4838199.8068
14828,81451127,,8/19/2018 8:00:00 AM,459,DANFORTH AVE,ROSEHEATH AVE,,Major Arterial,Toronto and East York,43.684451,-79.318187,At Intersection,No Control,Clear,"Dark, artificial",Dry,Non-Fatal Injury,Turning Movement,Passenger,25 to 29,None,,,,,,,,,,,,,,,Yes,,,,,Yes,,,,,,64,Woodbine Corridor,64,Woodbine Corridor (64),D55,635551.636,4838199.8068
14829,81451128,,8/19/2018 8:00:00 AM,459,DANFORTH AVE,ROSEHEATH AVE,,Major Arterial,Toronto and East York,43.684451,-79.318187,At Intersection,No Control,Clear,"Dark, artificial",Dry,Non-Fatal Injury,Turning Movement,Passenger,30 to 34,Minor,,,,,,,,,,,,,,,Yes,,,,,Yes,,,,,,64,Woodbine Corridor,64,Woodbine Corridor (64),D55,635551.636,4838199.8068
14830,81451129,,8/19/2018 8:00:00 AM,459,DANFORTH AVE,ROSEHEATH AVE,,Major Arterial,Toronto and East York,43.684451,-79.318187,At Intersection,No Control,Clear,"Dark, artificial",Dry,Non-Fatal Injury,Turning Movement,Passenger,20 to 24,Minor,,,,,,,,,,,,,,,Yes,,,,,Yes,,,,,,64,Woodbine Corridor,64,Woodbine Corridor (64),D55,635551.636,4838199.8068
14831,81451130,,8/19/2018 8:00:00 AM,459,DANFORTH AVE,ROSEHEATH AVE,,Major Arterial,Toronto and East York,43.684451,-79.318187,At Intersection,No Control,Clear,"Dark, artificial",Dry,Non-Fatal Injury,Turning Movement,Passenger,25 to 29,Major,,,,,,,,,,,,,,,Yes,,,,,Yes,,,,,,64,Woodbine Corridor,64,Woodbine Corridor (64),D55,635551.636,4838199.8068
14832,80949211,,8/19/2018 8:00:00 AM,1543,DUNDAS ST W,AUGUSTA AVE,,Major Arterial,Toronto and East York,43.652201,-79.401103,Intersection Related,No Control,Clear,Daylight,Dry,Non-Fatal Injury,Cyclist Collisions,Driver,20 to 24,None,,East,"Automobile, Station Wagon",Changing Lanes,Improper Lane Change,Normal,,,,,,,,Yes,Yes,,,,,Yes,,,,,,78,Kensington-Chinatown,78,Kensington-Chinatown (78),D14,628937.6937,4834485.8268
14833,80949212,,8/19/2018 8:00:00 AM,1543,DUNDAS ST W,AUGUSTA AVE,,Major Arterial,Toronto and East York,43.652201,-79.401103,Intersection Related,No Control,Clear,Daylight,Dry,Non-Fatal Injury,Cyclist Collisions,Cyclist,65 to 69,Minor,,East,Bicycle,Going Ahead,,,,,,Cyclist and Driver travelling in same direction. One vehicle sideswipes the other.,Driving Properly,Normal,,Yes,Yes,,,,,Yes,,,,,,78,Kensington-Chinatown,78,Kensington-Chinatown (78),D14,628937.6937,4834485.8268
14834,80949213,,8/19/2018 8:00:00 AM,1543,DUNDAS ST W,AUGUSTA AVE,,Major Arterial,Toronto and East York,43.652201,-79.401103,Intersection Related,No Control,Clear,Daylight,Dry,Non-Fatal Injury,Cyclist Collisions,Passenger,20 to 24,None,,,,,,,,,,,,,,Yes,Yes,,,,,Yes,,,,,,78,Kensington-Chinatown,78,Kensington-Chinatown (78),D14,628937.6937,4834485.8268
14835,80949214,,8/19/2018 8:00:00 AM,1543,DUNDAS ST W,AUGUSTA AVE,,Major Arterial,Toronto and East York,43.652201,-79.401103,Intersection Related,No Control,Clear,Daylight,Dry,Non-Fatal Injury,Cyclist Collisions,Cyclist Passenger,60 to 64,Major,,,,,,,,,,,,,,Yes,Yes,,,,,Yes,,,,,,78,Kensington-Chinatown,78,Kensington-Chinatown (78),D14,628937.6937,4834485.8268
14836,80949467,,8/20/2018 8:00:00 AM,1616,THE WESTWAY,WINCOTT DR,,Minor Arterial,Etobicoke York,43.687316,-79.549732,At Intersection,Traffic Signal,Clear,Daylight,Dry,Non-Fatal Injury,Angle,Passenger,45 to 49,None,,,,,,,,,,,,,,,Yes,,,Yes,,Yes,Yes,Yes,Yes,,,7,Willowridge-Martingrove-Richview,7,Willowridge-Martingrove-Richview (7),D23,616883.7249,4838165.603
14837,80949468,,8/20/2018 8:00:00 AM,1616,THE WESTWAY,WINCOTT DR,,Minor Arterial,Etobicoke York,43.687316,-79.549732,At Intersection,Traffic Signal,Clear,Daylight,Dry,Non-Fatal Injury,Angle,Driver,25 to 29,Minor,,West,"Automobile, Station Wagon",Going Ahead,Disobeyed Traffic Control,Unknown,,,,,,,,,Yes,,,Yes,,Yes,Yes,Yes,Yes,,,7,Willowridge-Martingrove-Richview,7,Willowridge-Martingrove-Richview (7),D23,616883.7249,4838165.603
14838,80949469,,8/20/2018 8:00:00 AM,1616,THE WESTWAY,WINCOTT DR,,Minor Arterial,Etobicoke York,43.687316,-79.549732,At Intersection,Traffic Signal,Clear,Daylight,Dry,Non-Fatal Injury,Angle,Driver,55 to 59,Major,,South,"Automobile, Station Wagon",Going Ahead,Driving Properly,Normal,,,,,,,,,Yes,,,Yes,,Yes,Yes,Yes,Yes,,,7,Willowridge-Martingrove-Richview,7,Willowridge-Martingrove-Richview (7),D23,616883.7249,4838165.603
14839,80949470,,8/20/2018 8:00:00 AM,1616,THE WESTWAY,WINCOTT DR,,Minor Arterial,Etobicoke York,43.687316,-79.549732,At Intersection,Traffic Signal,Clear,Daylight,Dry,Non-Fatal Injury,Angle,Driver,45 to 49,None,,East,Municipal Transit Bus (TTC),Stopped,Driving Properly,Normal,,,,,,,,,Yes,,,Yes,,Yes,Yes,Yes,Yes,,,7,Willowridge-Martingrove-Richview,7,Willowridge-Martingrove-Richview (7),D23,616883.7249,4838165.603
14840,80949471,,8/20/2018 8:00:00 AM,1616,THE WESTWAY,WINCOTT DR,,Minor Arterial,Etobicoke York,43.687316,-79.549732,At Intersection,Traffic Signal,Clear,Daylight,Dry,Non-Fatal Injury,Angle,Passenger,25 to 29,Minor,,,,,,,,,,,,,,,Yes,,,Yes,,Yes,Yes,Yes,Yes,,,7,Willowridge-Martingrove-Richview,7,Willowridge-Martingrove-Richview (7),D23,616883.7249,4838165.603
14841,80949254,,8/20/2018 8:00:00 AM,1918,O CONNOR DR,WOODMOUNT AVE,,Major Arterial,Toronto and East York,43.699412,-79.321353,Intersection Related,No Control,Clear,Daylight,Dry,Non-Fatal Injury,Pedestrian Collisions,Driver,55 to 59,None,,East,Municipal Transit Bus (TTC),Going Ahead,Driving Properly,Normal,,,,,,,Yes,,,,,Yes,,,,,,,,58,Old East York,58,Old East York (58),D55,635262.8198,4839856.2656
14842,80949255,,8/20/2018 8:00:00 AM,1918,O CONNOR DR,WOODMOUNT AVE,,Major Arterial,Toronto and East York,43.699412,-79.321353,Intersection Related,No Control,Clear,Daylight,Dry,Non-Fatal Injury,Pedestrian Collisions,Pedestrian,85 to 89,Major,,West,,,,,Pedestrian hit on sidewalk or shoulder,Other,Normal,,,,Yes,,,,,Yes,,,,,,,,58,Old East York,58,Old East York (58),D55,635262.8198,4839856.2656
14843,80949321,,8/21/2018 8:00:00 AM,630,KEELE STREET,STEELES AVENUE WEST,,Major Arterial,North York,43.781569,-79.494472,At Intersection,Traffic Signal,Clear,"Dawn, artificial",Dry,Non-Fatal Injury,Pedestrian Collisions,Driver,unknown,None,,North,"Automobile, Station Wagon",Turning Left,Failed to Yield Right of Way,Unknown,,,,,,,Yes,,Yes,,,,,,,Yes,,,,27,York University Heights,27,York University Heights (27),NSA,621147.2159,4848713.1188
14844,80949322,,8/21/2018 8:00:00 AM,630,KEELE STREET,STEELES AVENUE WEST,,Major Arterial,North York,43.781569,-79.494472,At Intersection,Traffic Signal,Clear,"Dawn, artificial",Dry,Non-Fatal Injury,Pedestrian Collisions,Pedestrian,35 to 39,Major,,Unknown,,,,,,,Normal,,,,Yes,,Yes,,,,,,,Yes,,,,27,York University Heights,27,York University Heights (27),NSA,621147.2159,4848713.1188
14845,80949575,,8/21/2018 8:00:00 AM,2300,BLOOR ST W,MADISON AVE,,Major Arterial,Toronto and East York,43.666831,-79.402667,At Intersection,No Control,Clear,"Dark, artificial",Dry,Non-Fatal Injury,Turning Movement,Driver,30 to 34,None,,East,"Automobile, Station Wagon",Making U Turn,Improper Turn,Inattentive,,,,,,,,,Yes,,,,,Yes,,,,,,79,University,79,University (79),D52,628780.2877,4836108.2528
14846,80949576,,8/21/2018 8:00:00 AM,2300,BLOOR ST W,MADISON AVE,,Major Arterial,Toronto and East York,43.666831,-79.402667,At Intersection,No Control,Clear,"Dark, artificial",Dry,Non-Fatal Injury,Turning Movement,Driver,30 to 34,Major,,East,"Automobile, Station Wagon",Going Ahead,Driving Properly,Normal,,,,,,,,,Yes,,,,,Yes,,,,,,79,University,79,University (79),D52,628780.2877,4836108.2528
14847,80949577,,8/21/2018 8:00:00 AM,2300,BLOOR ST W,MADISON AVE,,Major Arterial,Toronto and East York,43.666831,-79.402667,At Intersection,No Control,Clear,"Dark, artificial",Dry,Non-Fatal Injury,Turning Movement,Passenger,25 to 29,None,,,,,,,,,,,,,,,Yes,,,,,Yes,,,,,,79,University,79,University (79),D52,628780.2877,4836108.2528
14848,80949460,,8/21/2018 8:00:00 AM,2311,109 DOWNSVIEW  AVE,,,Local,North York,43.72,-79.500263,Non Intersection,No Control,Rain,"Dark, artificial",Wet,Non-Fatal Injury,SMV Other,Driver,15 to 19,Major,,West,"Automobile, Station Wagon",Going Ahead,Lost control,Inattentive,,,,,,,,,Yes,,,,,,Yes,Yes,,,,154,Oakdale-Beverley Heights,26,Downsview-Roding-CFB (26),D31,620805.025,4841866.5224
14849,80949884,,8/23/2018 8:00:00 AM,909,WARWICK AVE,CHILTERN HILL RD,25 m East of,Local,Toronto and East York,43.695166,-79.425861,Non Intersection,No Control,Clear,Daylight,Dry,Non-Fatal Injury,Rear End,Driver,unknown,None,,East,"Automobile, Station Wagon",Pulling Away from Shoulder or Curb,Failed to Yield Right of Way,Unknown,,,,,,,,,Yes,Yes,,,,,,Yes,,,,106,Humewood-Cedarvale,106,Humewood-Cedarvale (106),D13,626850.5931,4839219.4953
14850,80949885,,8/23/2018 8:00:00 AM,909,WARWICK AVE,CHILTERN HILL RD,25 m East of,Local,Toronto and East York,43.695166,-79.425861,Non Intersection,No Control,Clear,Daylight,Dry,Non-Fatal Injury,Rear End,Motorcycle Driver,40 to 44,Major,,East,Motorcycle,Going Ahead,Driving Properly,Normal,,,,,,,,,Yes,Yes,,,,,,Yes,,,,106,Humewood-Cedarvale,106,Humewood-Cedarvale (106),D13,626850.5931,4839219.4953
14851,80971887,,8/23/2018 8:00:00 AM,1455,FIRGROVE CRES,JANE ST,13 m East of,Major Arterial,North York,43.754775,-79.517047,At Intersection,Traffic Signal,Clear,Daylight,Dry,Non-Fatal Injury,Pedestrian Collisions,Driver,70 to 74,None,,East,"Automobile, Station Wagon",Turning Left,Failed to Yield Right of Way,Unknown,,,,,,,Yes,,Yes,,,,,,,Yes,,,,25,Glenfield-Jane Heights,25,Glenfield-Jane Heights (25),D31,619383.9232,4845704.4585
14852,80971888,,8/23/2018 8:00:00 AM,1455,FIRGROVE CRES,JANE ST,13 m East of,Major Arterial,North York,43.754775,-79.517047,At Intersection,Traffic Signal,Clear,Daylight,Dry,Non-Fatal Injury,Pedestrian Collisions,Pedestrian,30 to 34,Major,,East,,,,,Vehicle turns left while ped crosses with ROW at inter.,Crossing with right of way,Normal,,,,Yes,,Yes,,,,,,,Yes,,,,25,Glenfield-Jane Heights,25,Glenfield-Jane Heights (25),D31,619383.9232,4845704.4585
14853,81451175,,8/23/2018 8:00:00 AM,2235,ISLINGTON AVE,EVANS AVE,31 m West of,Major Arterial,Etobicoke York,43.618323,-79.511287,At Intersection,Traffic Signal,Clear,"Dark, artificial",Dry,Non-Fatal Injury,Turning Movement,Driver,55 to 59,None,,South,"Automobile, Station Wagon",Making U Turn,Improper Turn,Inattentive,,,,,,,,,Yes,,,,,Yes,,,,,,160,Mimico-Queensway,17,Mimico (includes Humber Bay Shores) (17),D22,620119.6719,4830557.9478
14854,81451176,,8/23/2018 8:00:00 AM,2235,ISLINGTON AVE,EVANS AVE,31 m West of,Major Arterial,Etobicoke York,43.618323,-79.511287,At Intersection,Traffic Signal,Clear,"Dark, artificial",Dry,Non-Fatal Injury,Turning Movement,Driver,35 to 39,Minimal,,North,"Automobile, Station Wagon",Turning Left,Driving Properly,Normal,,,,,,,,,Yes,,,,,Yes,,,,,,160,Mimico-Queensway,17,Mimico (includes Humber Bay Shores) (17),D22,620119.6719,4830557.9478
14855,81451177,,8/23/2018 8:00:00 AM,2235,ISLINGTON AVE,EVANS AVE,31 m West of,Major Arterial,Etobicoke York,43.618323,-79.511287,At Intersection,Traffic Signal,Clear,"Dark, artificial",Dry,Non-Fatal Injury,Turning Movement,Passenger,85 to 89,Major,,,,,,,,,,,,,,,Yes,,,,,Yes,,,,,,160,Mimico-Queensway,17,Mimico (includes Humber Bay Shores) (17),D22,620119.6719,4830557.9478
14856,81451178,,8/23/2018 8:00:00 AM,2235,ISLINGTON AVE,EVANS AVE,31 m West of,Major Arterial,Etobicoke York,43.618323,-79.511287,At Intersection,Traffic Signal,Clear,"Dark, artificial",Dry,Non-Fatal Injury,Turning Movement,Passenger,50 to 54,None,,,,,,,,,,,,,,,Yes,,,,,Yes,,,,,,160,Mimico-Queensway,17,Mimico (includes Humber Bay Shores) (17),D22,620119.6719,4830557.9478
14857,81451179,,8/23/2018 8:00:00 AM,2235,ISLINGTON AVE,EVANS AVE,31 m West of,Major Arterial,Etobicoke York,43.618323,-79.511287,At Intersection,Traffic Signal,Clear,"Dark, artificial",Dry,Non-Fatal Injury,Turning Movement,Passenger,30 to 34,Minor,,,,,,,,,,,,,,,Yes,,,,,Yes,,,,,,160,Mimico-Queensway,17,Mimico (includes Humber Bay Shores) (17),D22,620119.6719,4830557.9478
14858,80950016,,8/24/2018 8:00:00 AM,1520,4331 KINGSTON RD,,5 m South of,Major Arterial,Scarborough,43.764628,-79.192264,Non Intersection,No Control,Clear,Daylight,Dry,Non-Fatal Injury,Pedestrian Collisions,Driver,55 to 59,None,,West,"Automobile, Station Wagon",Going Ahead,Driving Properly,Normal,,,,,,,Yes,,Yes,,,,,,,,,,,136,West Hill,136,West Hill (136),D43,645506.7154,4847318.1968
14859,80950017,,8/24/2018 8:00:00 AM,1520,4331 KINGSTON RD,,5 m South of,Major Arterial,Scarborough,43.764628,-79.192264,Non Intersection,No Control,Clear,Daylight,Dry,Non-Fatal Injury,Pedestrian Collisions,Pedestrian,20 to 24,Major,,South,,,,,Pedestrian hit at mid-block,Running onto Roadway,Other,,,,Yes,,Yes,,,,,,,,,,,136,West Hill,136,West Hill (136),D43,645506.7154,4847318.1968
14860,80949854,,8/25/2018 8:00:00 AM,1100,DIXON RD,MARTIN GROVE RD,,Major Arterial,Etobicoke York,43.691519,-79.570796,At Intersection,Traffic Signal,Clear,Daylight,Dry,Non-Fatal Injury,Turning Movement,Driver,35 to 39,Minimal,,East,"Automobile, Station Wagon",Turning Left,Failed to Yield Right of Way,Inattentive,,,,,,,,,Yes,,,,,,,Yes,,,,1,West Humber-Clairville,1,West Humber-Clairville (1),D23,615178.0237,4838602.9307
14861,80949855,,8/25/2018 8:00:00 AM,1100,DIXON RD,MARTIN GROVE RD,,Major Arterial,Etobicoke York,43.691519,-79.570796,At Intersection,Traffic Signal,Clear,Daylight,Dry,Non-Fatal Injury,Turning Movement,Driver,40 to 44,Major,,West,"Automobile, Station Wagon",Going Ahead,Driving Properly,Normal,,,,,,,,,Yes,,,,,,,Yes,,,,1,West Humber-Clairville,1,West Humber-Clairville (1),D23,615178.0237,4838602.9307
14862,80949768,,8/25/2018 8:00:00 AM,1112,5825 YONGE ST,,,Major Arterial,North York,43.785807,-79.417026,At/Near Private Drive,No Control,Clear,Daylight,Dry,Non-Fatal Injury,Other,Driver - Not Hit,unknown,,,,"Automobile, Station Wagon",,,,,,,,,,,,Yes,,,Yes,,Yes,,,,,,50,Newtonbrook East,50,Newtonbrook East (50),D32,627370.2128,4849300.0601
14863,80949769,,8/25/2018 8:00:00 AM,1112,5825 YONGE ST,,,Major Arterial,North York,43.785807,-79.417026,At/Near Private Drive,No Control,Clear,Daylight,Dry,Non-Fatal Injury,Other,Driver,25 to 29,None,,North,Municipal Transit Bus (TTC),Going Ahead,Driving Properly,Normal,,,,,,,,,Yes,,,Yes,,Yes,,,,,,50,Newtonbrook East,50,Newtonbrook East (50),D32,627370.2128,4849300.0601
14864,80949770,,8/25/2018 8:00:00 AM,1112,5825 YONGE ST,,,Major Arterial,North York,43.785807,-79.417026,At/Near Private Drive,No Control,Clear,Daylight,Dry,Non-Fatal Injury,Other,Passenger,30 to 34,Minor,,,,,,,,,,,,,,,Yes,,,Yes,,Yes,,,,,,50,Newtonbrook East,50,Newtonbrook East (50),D32,627370.2128,4849300.0601
14865,80949771,,8/25/2018 8:00:00 AM,1112,5825 YONGE ST,,,Major Arterial,North York,43.785807,-79.417026,At/Near Private Drive,No Control,Clear,Daylight,Dry,Non-Fatal Injury,Other,Passenger,0 to 4,Minor,,,,,,,,,,,,,,,Yes,,,Yes,,Yes,,,,,,50,Newtonbrook East,50,Newtonbrook East (50),D32,627370.2128,4849300.0601
14866,80949772,,8/25/2018 8:00:00 AM,1112,5825 YONGE ST,,,Major Arterial,North York,43.785807,-79.417026,At/Near Private Drive,No Control,Clear,Daylight,Dry,Non-Fatal Injury,Other,Passenger,50 to 54,Major,,,,,,,,,,,,,,,Yes,,,Yes,,Yes,,,,,,50,Newtonbrook East,50,Newtonbrook East (50),D32,627370.2128,4849300.0601
14867,80949773,,8/25/2018 8:00:00 AM,1112,5825 YONGE ST,,,Major Arterial,North York,43.785807,-79.417026,At/Near Private Drive,No Control,Clear,Daylight,Dry,Non-Fatal Injury,Other,Passenger,60 to 64,Minor,,,,,,,,,,,,,,,Yes,,,Yes,,Yes,,,,,,50,Newtonbrook East,50,Newtonbrook East (50),D32,627370.2128,4849300.0601
14868,80949774,,8/25/2018 8:00:00 AM,1112,5825 YONGE ST,,,Major Arterial,North York,43.785807,-79.417026,At/Near Private Drive,No Control,Clear,Daylight,Dry,Non-Fatal Injury,Other,Passenger,65 to 69,Minor,,,,,,,,,,,,,,,Yes,,,Yes,,Yes,,,,,,50,Newtonbrook East,50,Newtonbrook East (50),D32,627370.2128,4849300.0601
14869,80949775,,8/25/2018 8:00:00 AM,1112,5825 YONGE ST,,,Major Arterial,North York,43.785807,-79.417026,At/Near Private Drive,No Control,Clear,Daylight,Dry,Non-Fatal Injury,Other,Passenger,45 to 49,Minor,,,,,,,,,,,,,,,Yes,,,Yes,,Yes,,,,,,50,Newtonbrook East,50,Newtonbrook East (50),D32,627370.2128,4849300.0601
14870,80949776,,8/25/2018 8:00:00 AM,1112,5825 YONGE ST,,,Major Arterial,North York,43.785807,-79.417026,At/Near Private Drive,No Control,Clear,Daylight,Dry,Non-Fatal Injury,Other,Passenger,35 to 39,None,,,,,,,,,,,,,,,Yes,,,Yes,,Yes,,,,,,50,Newtonbrook East,50,Newtonbrook East (50),D32,627370.2128,4849300.0601
14871,80951002,,8/25/2018 8:00:00 AM,2300,CHURCH ST,CROSS ST,,Collector,Etobicoke York,43.703757,-79.523952,At Intersection,No Control,Clear,"Dark, artificial",Dry,Non-Fatal Injury,Cyclist Collisions,Driver,45 to 49,None,,East,Passenger Van,Turning Left,Improper Turn,Inattentive,,,,,,,,Yes,Yes,,,,,,,,,,,113,Weston,113,Weston (113),D12,618928.9647,4840028.2564
14872,80951003,,8/25/2018 8:00:00 AM,2300,CHURCH ST,CROSS ST,,Collector,Etobicoke York,43.703757,-79.523952,At Intersection,No Control,Clear,"Dark, artificial",Dry,Non-Fatal Injury,Cyclist Collisions,Cyclist,40 to 44,Major,,West,Bicycle,Going Ahead,,,,,,Motorist turned left across cyclists path.,Driving Properly,Normal,,Yes,Yes,,,,,,,,,,,113,Weston,113,Weston (113),D12,618928.9647,4840028.2564
14873,80950423,,8/28/2018 8:00:00 AM,2341,KEELE ST,GLENLAKE AVE,81 m North o,Major Arterial,Scarborough,43.658988,-79.461795,Non Intersection,No Control,Clear,"Dark, artificial",Dry,Non-Fatal Injury,Pedestrian Collisions,Driver,30 to 34,None,,South,"Automobile, Station Wagon",Going Ahead,Driving Properly,Normal,,,,,,,Yes,,Yes,,,,,,,,,,,88,High Park North,88,High Park North (88),D11,624029.3706,4835147.0981
14874,80950424,,8/28/2018 8:00:00 AM,2341,KEELE ST,GLENLAKE AVE,81 m North o,Major Arterial,Scarborough,43.658988,-79.461795,Non Intersection,No Control,Clear,"Dark, artificial",Dry,Non-Fatal Injury,Pedestrian Collisions,Pedestrian,70 to 74,Major,,South,,,,,Pedestrian hit at mid-block,Walking on Roadway with Traffic,Medical or Physical Disability,,,,Yes,,Yes,,,,,,,,,,,88,High Park North,88,High Park North (88),D11,624029.3706,4835147.0981
14875,80950450,,8/29/2018 8:00:00 AM,115,PHARMACY AVE,DORINE CRES,37 m North o,Minor Arterial,Scarborough,43.713065,-79.292262,Non Intersection,No Control,Clear,"Dark, artificial",Dry,Non-Fatal Injury,SMV Other,Driver,20 to 24,Major,,South,"Automobile, Station Wagon",Going Ahead,Lost control,Unknown,,,,,,,,,Yes,,,,,Yes,Yes,Yes,,,,120,Clairlea-Birchmount,120,Clairlea-Birchmount (120),D41,637575.7173,4841420.5004
14876,80950451,,8/29/2018 8:00:00 AM,115,PHARMACY AVE,DORINE CRES,37 m North o,Minor Arterial,Scarborough,43.713065,-79.292262,Non Intersection,No Control,Clear,"Dark, artificial",Dry,Non-Fatal Injury,SMV Other,Passenger,20 to 24,Major,,,,,,,,,,,,,,,Yes,,,,,Yes,Yes,Yes,,,,120,Clairlea-Birchmount,120,Clairlea-Birchmount (120),D41,637575.7173,4841420.5004
14877,80949864,,8/29/2018 8:00:00 AM,1725,ISLINGTON AVE,AYLESBURY RD,,Major Arterial,Etobicoke York,43.666323,-79.532916,At Intersection,No Control,Clear,Daylight,Dry,Non-Fatal Injury,Pedestrian Collisions,Motorcycle Driver,unknown,None,,South,Motorcycle,Going Ahead,Driving Properly,Unknown,,,,,,,Yes,,,Yes,,,,,,,,,,9,Edenbridge-Humber Valley,9,Edenbridge-Humber Valley (9),D22,618280.2511,4835857.8907