OBJECTID,INDEX,ACCNUM,DATE,TIME,STREET1,STREET2,OFFSET,ROAD_CLASS,DISTRICT,LATITUDE,LONGITUDE,ACCLOC,TRAFFCTL,VISIBILITY,LIGHT,RDSFCOND,ACCLASS,IMPACTYPE,INVTYPE,INVAGE,INJURY,FATAL_NO,INITDIR,VEHTYPE,MANOEUVER,DRIVACT,DRIVCOND,PEDTYPE,PEDACT,PEDCOND,CYCLISTYPE,CYCACT,CYCCOND,PEDESTRIAN,CYCLIST,AUTOMOBILE,MOTORCYCLE,TRUCK,TRSN_CITY_VEH,EMERG_VEH,PASSENGER,SPEEDING,AG_DRIV,REDLIGHT,ALCOHOL,DISABILITY,HOOD_158,NEIGHBOURHOOD_158,HOOD_140,NEIGHBOURHOOD_140,DIVISION,x,y
14878,80949865,,8/29/2018 8:00:00 AM,1725,ISLINGTON AVE,AYLESBURY RD,,Major Arterial,Etobicoke York,43.666323,-79.532916,At Intersection,No Control,Clear,Daylight,Dry,Non-Fatal Injury,Pedestrian Collisions,Pedestrian,80 to 84,Major,,Unknown,,,,,Vehicle is going straight thru inter.while ped cross without ROW,"Crossing, no Traffic Control",Normal,,,,Yes,,,Yes,,,,,,,,,,9,Edenbridge-Humber Valley,9,Edenbridge-Humber Valley (9),D22,618280.2511,4835857.8907
14879,81466125,,8/31/2018 8:00:00 AM,852,330 KINGSTON RD,,,Major Arterial,Scarborough,43.674697,-79.306918,Non Intersection,No Control,Clear,Daylight,Dry,Non-Fatal Injury,Rear End,Driver,70 to 74,Major,,West,Delivery Van,Going Ahead,Other,Medical or Physical Disability,,,,,,,,,Yes,,,,,,,,,,Yes,63,The Beaches,63,The Beaches (63),D55,636482.0258,4837134.9714
14880,81466126,,8/31/2018 8:00:00 AM,852,330 KINGSTON RD,,,Major Arterial,Scarborough,43.674697,-79.306918,Non Intersection,No Control,Clear,Daylight,Dry,Non-Fatal Injury,Rear End,Driver,45 to 49,None,,West,"Automobile, Station Wagon",Going Ahead,Driving Properly,Normal,,,,,,,,,Yes,,,,,,,,,,Yes,63,The Beaches,63,The Beaches (63),D55,636482.0258,4837134.9714
14881,80950280,,8/31/2018 8:00:00 AM,911,EGLINTON AVE W,ROYAL YORK RD,,Major Arterial,Etobicoke York,43.682265,-79.526561,At Intersection,Traffic Signal,Clear,Daylight,Dry,Non-Fatal Injury,Turning Movement,Driver,85 to 89,Minimal,,East,"Automobile, Station Wagon",Turning Left,Failed to Yield Right of Way,Inattentive,,,,,,,,,Yes,Yes,,,,,,Yes,,,,9,Edenbridge-Humber Valley,9,Edenbridge-Humber Valley (9),D22,618761.1626,4837637.5399
14882,80950281,,8/31/2018 8:00:00 AM,911,EGLINTON AVE W,ROYAL YORK RD,,Major Arterial,Etobicoke York,43.682265,-79.526561,At Intersection,Traffic Signal,Clear,Daylight,Dry,Non-Fatal Injury,Turning Movement,Motorcycle Driver,20 to 24,Major,,West,Motorcycle,Going Ahead,Driving Properly,Normal,,,,,,,,,Yes,Yes,,,,,,Yes,,,,9,Edenbridge-Humber Valley,9,Edenbridge-Humber Valley (9),D22,618761.1626,4837637.5399
14883,81474855,,9/1/2018 8:00:00 AM,319,KEELE ST,DOVEHOUSE AVE,59 m North o,Major Arterial,Etobicoke York,43.750163,-79.487712,Non Intersection,No Control,Clear,"Dark, artificial",Dry,Non-Fatal Injury,Approaching,Driver,20 to 24,Minimal,,South,Pick Up Truck,Going Ahead,Lost control,"Ability Impaired, Alcohol Over .08",,,,,,,,,Yes,,,,,Yes,,Yes,,Yes,,27,York University Heights,27,York University Heights (27),D31,621754.8839,4845234.9277
14884,81474856,,9/1/2018 8:00:00 AM,319,KEELE ST,DOVEHOUSE AVE,59 m North o,Major Arterial,Etobicoke York,43.750163,-79.487712,Non Intersection,No Control,Clear,"Dark, artificial",Dry,Non-Fatal Injury,Approaching,Passenger,25 to 29,Major,,,,,,,,,,,,,,,Yes,,,,,Yes,,Yes,,Yes,,27,York University Heights,27,York University Heights (27),D31,621754.8839,4845234.9277
14885,80950261,,9/2/2018 8:00:00 AM,1346,DUPONT ST,LANSDOWNE AVE,,Major Arterial,Toronto and East York,43.666651,-79.446422,At Intersection,Traffic Signal,Clear,Daylight,Dry,Non-Fatal Injury,Turning Movement,Driver,55 to 59,None,,West,Pick Up Truck,Turning Left,Failed to Yield Right of Way,Normal,,,,,,,,,Yes,,,,,,Yes,Yes,,,,171,Junction-Wallace Emerson,93,Dovercourt-Wallace Emerson-Junction (93),D11,625253.0097,4836021.2699
14886,80950262,,9/2/2018 8:00:00 AM,1346,DUPONT ST,LANSDOWNE AVE,,Major Arterial,Toronto and East York,43.666651,-79.446422,At Intersection,Traffic Signal,Clear,Daylight,Dry,Non-Fatal Injury,Turning Movement,Driver,30 to 34,Major,,North,"Automobile, Station Wagon",Going Ahead,Exceeding Speed Limit,Normal,,,,,,,,,Yes,,,,,,Yes,Yes,,,,171,Junction-Wallace Emerson,93,Dovercourt-Wallace Emerson-Junction (93),D11,625253.0097,4836021.2699
14887,80950099,,9/2/2018 8:00:00 AM,1712,MARKHAM RD,STEELES AVE E,8 m South of,Major Arterial,Scarborough,43.836528,-79.251148,Intersection Related,No Control,Clear,"Daylight, artificial",Wet,Non-Fatal Injury,Rear End,Driver,40 to 44,None,,South,"Automobile, Station Wagon",Going Ahead,Lost control,Inattentive,,,,,,,,,Yes,,,,,,,,,,,144,Morningside Heights,131,Rouge (131),D42,640598.2559,4855202.066
14888,80950100,,9/2/2018 8:00:00 AM,1712,MARKHAM RD,STEELES AVE E,8 m South of,Major Arterial,Scarborough,43.836528,-79.251148,Intersection Related,No Control,Clear,"Daylight, artificial",Wet,Non-Fatal Injury,Rear End,Driver,25 to 29,Major,,South,"Automobile, Station Wagon",Stopped,Driving Properly,Normal,,,,,,,,,Yes,,,,,,,,,,,144,Morningside Heights,131,Rouge (131),D42,640598.2559,4855202.066
14889,80950101,,9/2/2018 8:00:00 AM,1712,MARKHAM RD,STEELES AVE E,8 m South of,Major Arterial,Scarborough,43.836528,-79.251148,Intersection Related,No Control,Clear,"Daylight, artificial",Wet,Non-Fatal Injury,Rear End,Driver,25 to 29,None,,South,"Automobile, Station Wagon",Stopped,Driving Properly,Normal,,,,,,,,,Yes,,,,,,,,,,,144,Morningside Heights,131,Rouge (131),D42,640598.2559,4855202.066
14890,80950102,,9/2/2018 8:00:00 AM,1712,MARKHAM RD,STEELES AVE E,8 m South of,Major Arterial,Scarborough,43.836528,-79.251148,Intersection Related,No Control,Clear,"Daylight, artificial",Wet,Non-Fatal Injury,Rear End,Driver,25 to 29,None,,South,"Automobile, Station Wagon",Stopped,Driving Properly,Normal,,,,,,,,,Yes,,,,,,,,,,,144,Morningside Heights,131,Rouge (131),D42,640598.2559,4855202.066
14891,80950200,,9/3/2018 8:00:00 AM,1522,AVENUE RD,CHAPLIN CRES,,Major Arterial,Scarborough,43.698706,-79.406116,At Intersection,Traffic Signal,Clear,Daylight,Dry,Non-Fatal Injury,Angle,Driver,30 to 34,Minor,,South,"Automobile, Station Wagon",Going Ahead,Disobeyed Traffic Control,Normal,,,,,,,,,Yes,,,,,Yes,,Yes,Yes,,,100,Yonge-Eglinton,100,Yonge-Eglinton (100),D53,628434.1839,4839643.0579
14892,80950201,,9/3/2018 8:00:00 AM,1522,AVENUE RD,CHAPLIN CRES,,Major Arterial,Scarborough,43.698706,-79.406116,At Intersection,Traffic Signal,Clear,Daylight,Dry,Non-Fatal Injury,Angle,Driver,30 to 34,Minor,,West,"Automobile, Station Wagon",Going Ahead,Driving Properly,Normal,,,,,,,,,Yes,,,,,Yes,,Yes,Yes,,,100,Yonge-Eglinton,100,Yonge-Eglinton (100),D53,628434.1839,4839643.0579
14893,80950202,,9/3/2018 8:00:00 AM,1522,AVENUE RD,CHAPLIN CRES,,Major Arterial,Scarborough,43.698706,-79.406116,At Intersection,Traffic Signal,Clear,Daylight,Dry,Non-Fatal Injury,Angle,Passenger,60 to 64,Major,,,,,,,,,,,,,,,Yes,,,,,Yes,,Yes,Yes,,,100,Yonge-Eglinton,100,Yonge-Eglinton (100),D53,628434.1839,4839643.0579
14894,80950391,,9/3/2018 8:00:00 AM,1902,SHEPPARD AVE E,WATER TOWER GT,300 m East o,Major Arterial,Scarborough,43.803816,-79.191318,Non Intersection,No Control,Clear,Daylight,Dry,Non-Fatal Injury,SMV Other,Motorcycle Driver,45 to 49,Major,,West,Motorcycle,Going Ahead,Driving Properly,Normal,,,,,,,,,,Yes,,,,,,,,,,144,Morningside Heights,131,Rouge (131),D42,645487.759,4851672.3141
14895,80948665,,9/5/2018 8:00:00 AM,1405,TWENTY SIXTH ST,LABURNHAM AVE,17 meters so,Local,Etobicoke York,43.599353,-79.525653,Non Intersection,No Control,Clear,Daylight,Dry,Fatal,Pedestrian Collisions,,unknown,,,,"Truck - Closed (Blazer, etc)",,,,,,,,,,Yes,,,,Yes,,,,,,,,,19,Long Branch,19,Long Branch (19),D22,618997.9148,4828430.4202
14896,80950061,,9/5/2018 8:00:00 AM,1405,TWENTY SIXTH ST,LABURNHAM AVE,17 meters so,Local,Etobicoke York,43.599353,-79.525653,Non Intersection,No Control,Clear,Daylight,Dry,Fatal,Pedestrian Collisions,Pedestrian,50 to 54,Fatal,44,Unknown,,,,,Pedestrian hit at mid-block,Pushing/Working on Vehicle,Unknown,,,,Yes,,,,Yes,,,,,,,,,19,Long Branch,19,Long Branch (19),D22,618997.9148,4828430.4202
14897,80950309,,9/5/2018 8:00:00 AM,1500,OLD WESTON RD,JUNCTION RD,,Collector,Etobicoke York,43.66873,-79.461681,Intersection Related,No Control,Clear,Daylight,Dry,Non-Fatal Injury,Pedestrian Collisions,Driver,40 to 44,None,,South,Pick Up Truck,Turning Right,Failed to Yield Right of Way,Normal,,,,,,,Yes,,Yes,,,,,,,Yes,,,,90,Junction Area,90,Junction Area (90),D11,624018.5013,4836229.2457
14898,80950310,,9/5/2018 8:00:00 AM,1500,OLD WESTON RD,JUNCTION RD,,Collector,Etobicoke York,43.66873,-79.461681,Intersection Related,No Control,Clear,Daylight,Dry,Non-Fatal Injury,Pedestrian Collisions,Pedestrian,80 to 84,Major,,South,,,,,Vehicle turns right while ped crosses with ROW at inter.,Other,Normal,,,,Yes,,Yes,,,,,,,Yes,,,,90,Junction Area,90,Junction Area (90),D11,624018.5013,4836229.2457
14899,80951054,,9/5/2018 8:00:00 AM,2218,2592 FINCH AVE W,,100 m East o,Major Arterial,Etobicoke York,43.747855,-79.56158,Non Intersection,No Control,Clear,"Dark, artificial",Dry,Non-Fatal Injury,Angle,Driver,40 to 44,Major,,South,Passenger Van,Going Ahead,Failed to Yield Right of Way,Normal,,,,,,,,,Yes,,,,,Yes,,Yes,,,,22,Humbermede,22,Humbermede (22),D31,615812.1508,4844872.6698
14900,80951055,,9/5/2018 8:00:00 AM,2218,2592 FINCH AVE W,,100 m East o,Major Arterial,Etobicoke York,43.747855,-79.56158,Non Intersection,No Control,Clear,"Dark, artificial",Dry,Non-Fatal Injury,Angle,Driver,25 to 29,None,,West,Pick Up Truck,Going Ahead,Driving Properly,Normal,,,,,,,,,Yes,,,,,Yes,,Yes,,,,22,Humbermede,22,Humbermede (22),D31,615812.1508,4844872.6698
14901,80951056,,9/5/2018 8:00:00 AM,2218,2592 FINCH AVE W,,100 m East o,Major Arterial,Etobicoke York,43.747855,-79.56158,Non Intersection,No Control,Clear,"Dark, artificial",Dry,Non-Fatal Injury,Angle,Passenger,20 to 24,Minimal,,,,,,,,,,,,,,,Yes,,,,,Yes,,Yes,,,,22,Humbermede,22,Humbermede (22),D31,615812.1508,4844872.6698
14902,80950995,,9/6/2018 8:00:00 AM,1027,POST RD,BAYVIEW AVE,60 m East of,Collector,North York,43.736422,-79.381061,At/Near Private Drive,No Control,Clear,Daylight,Dry,Non-Fatal Injury,Rear End,Driver,65 to 69,None,,West,"Automobile, Station Wagon",Going Ahead,Improper Turn,Normal,,,,,,,,,Yes,Yes,,,,,,,,,,41,Bridle Path-Sunnybrook-York Mills,41,Bridle Path-Sunnybrook-York Mills (41),D33,630371.2992,4843871.0769
14903,80950996,,9/6/2018 8:00:00 AM,1027,POST RD,BAYVIEW AVE,60 m East of,Collector,North York,43.736422,-79.381061,At/Near Private Drive,No Control,Clear,Daylight,Dry,Non-Fatal Injury,Rear End,Motorcycle Driver,40 to 44,Major,,West,Motorcycle,Going Ahead,Driving Properly,Normal,,,,,,,,,Yes,Yes,,,,,,,,,,41,Bridle Path-Sunnybrook-York Mills,41,Bridle Path-Sunnybrook-York Mills (41),D33,630371.2992,4843871.0769
14904,80971876,,9/6/2018 8:00:00 AM,1225,DUPONT ST,DUFFERIN ST,100 m West o,Major Arterial,Toronto and East York,43.668357,-79.440257,Non Intersection,No Control,Clear,Daylight,Dry,Non-Fatal Injury,Turning Movement,Driver,20 to 24,None,,East,"Automobile, Station Wagon",Turning Left,Failed to Yield Right of Way,Normal,,,,,,,,,Yes,Yes,,,,,,Yes,,,,171,Junction-Wallace Emerson,93,Dovercourt-Wallace Emerson-Junction (93),D11,625746.4884,4836220.0702
14905,80971877,,9/6/2018 8:00:00 AM,1225,DUPONT ST,DUFFERIN ST,100 m West o,Major Arterial,Toronto and East York,43.668357,-79.440257,Non Intersection,No Control,Clear,Daylight,Dry,Non-Fatal Injury,Turning Movement,Motorcycle Driver,30 to 34,Major,,West,Motorcycle,Going Ahead,Driving Properly,Normal,,,,,,,,,Yes,Yes,,,,,,Yes,,,,171,Junction-Wallace Emerson,93,Dovercourt-Wallace Emerson-Junction (93),D11,625746.4884,4836220.0702
14906,80951038,,9/6/2018 8:00:00 AM,1310,ANTHONY RD,NAJIB ABBOUD LANE,,Local,North York,43.730696,-79.459316,Non Intersection,No Control,Clear,Daylight,Dry,Non-Fatal Injury,Cyclist Collisions,Cyclist,30 to 34,Major,,South,Bicycle,Going Ahead,,,,,,"Cyclist without ROW rides into path of motorist at inter, lnwy, dwy-Cyclist not turn.",Failed to Yield Right of Way,Inattentive,,Yes,Yes,,,,,Yes,,,,,,155,Downsview,26,Downsview-Roding-CFB (26),D32,624081.282,4843114.9639
14907,80951039,,9/6/2018 8:00:00 AM,1310,ANTHONY RD,NAJIB ABBOUD LANE,,Local,North York,43.730696,-79.459316,Non Intersection,No Control,Clear,Daylight,Dry,Non-Fatal Injury,Cyclist Collisions,Driver,30 to 34,None,,East,"Automobile, Station Wagon",Going Ahead,Driving Properly,Normal,,,,,,,,Yes,Yes,,,,,Yes,,,,,,155,Downsview,26,Downsview-Roding-CFB (26),D32,624081.282,4843114.9639
14908,80951040,,9/6/2018 8:00:00 AM,1310,ANTHONY RD,NAJIB ABBOUD LANE,,Local,North York,43.730696,-79.459316,Non Intersection,No Control,Clear,Daylight,Dry,Non-Fatal Injury,Cyclist Collisions,Passenger,45 to 49,None,,,,,,,,,,,,,,Yes,Yes,,,,,Yes,,,,,,155,Downsview,26,Downsview-Roding-CFB (26),D32,624081.282,4843114.9639
14909,80950737,,9/7/2018 8:00:00 AM,729,DON MILLS RD,SHEPPARD AVE E,,Major Arterial,North York,43.775035,-79.347003,At Intersection,Traffic Signal,Clear,Daylight,Dry,Non-Fatal Injury,Pedestrian Collisions,Driver,55 to 59,Minimal,,East,"Automobile, Station Wagon",Going Ahead,Lost control,Unknown,,,,,,,Yes,,Yes,,,,,,,,,,,53,Henry Farm,53,Henry Farm (53),D33,633028.3881,4848213.7883
14910,80950738,,9/7/2018 8:00:00 AM,729,DON MILLS RD,SHEPPARD AVE E,,Major Arterial,North York,43.775035,-79.347003,At Intersection,Traffic Signal,Clear,Daylight,Dry,Non-Fatal Injury,Pedestrian Collisions,Driver,40 to 44,None,,South,"Automobile, Station Wagon",Going Ahead,Driving Properly,Normal,,,,,,,Yes,,Yes,,,,,,,,,,,53,Henry Farm,53,Henry Farm (53),D33,633028.3881,4848213.7883
14911,80950739,,9/7/2018 8:00:00 AM,729,DON MILLS RD,SHEPPARD AVE E,,Major Arterial,North York,43.775035,-79.347003,At Intersection,Traffic Signal,Clear,Daylight,Dry,Non-Fatal Injury,Pedestrian Collisions,Pedestrian,35 to 39,Major,,Unknown,,,,,Pedestrian hit on sidewalk or shoulder,On Sidewalk or Shoulder,Normal,,,,Yes,,Yes,,,,,,,,,,,53,Henry Farm,53,Henry Farm (53),D33,633028.3881,4848213.7883
14912,80950972,,9/8/2018 8:00:00 AM,2317,QUEEN ST E,GRANT ST,30 m East of,Minor Arterial,Toronto and East York,43.659117,-79.34846,At Intersection,No Control,Clear,"Dark, artificial",Dry,Non-Fatal Injury,Pedestrian Collisions,Driver,30 to 34,None,,West,Street Car,Going Ahead,Driving Properly,Normal,,,,,,,Yes,,,,,Yes,,,,,,,,70,South Riverdale,70,South Riverdale (70),D55,633167.67,4835337.0854
14913,80950973,,9/8/2018 8:00:00 AM,2317,QUEEN ST E,GRANT ST,30 m East of,Minor Arterial,Toronto and East York,43.659117,-79.34846,At Intersection,No Control,Clear,"Dark, artificial",Dry,Non-Fatal Injury,Pedestrian Collisions,Pedestrian,40 to 44,Major,,North,,,,,Pedestrian involved in a collision with transit vehicle anywhere along roadway,"Crossing, no Traffic Control",Inattentive,,,,Yes,,,,,Yes,,,,,,,,70,South Riverdale,70,South Riverdale (70),D55,633167.67,4835337.0854
14914,81270094,,9/9/2018 8:00:00 AM,105,1035 SHEPPARD AVE W,,20 m West of,Major Arterial,North York,43.750262,-79.462726,Intersection Related,No Control,Clear,"Dark, artificial",Dry,Non-Fatal Injury,Pedestrian Collisions,Driver,unknown,None,,East,"Automobile, Station Wagon",Going Ahead,Other,Unknown,,,,,,,Yes,,Yes,,,,,,,,,,,155,Downsview,26,Downsview-Roding-CFB (26),D32,623766.3289,4845282.9521
14915,81270095,,9/9/2018 8:00:00 AM,105,1035 SHEPPARD AVE W,,20 m West of,Major Arterial,North York,43.750262,-79.462726,Intersection Related,No Control,Clear,"Dark, artificial",Dry,Non-Fatal Injury,Pedestrian Collisions,Pedestrian,80 to 84,Major,,South,,,,,Pedestrian hit at mid-block,"Crossing, no Traffic Control",Other,,,,Yes,,Yes,,,,,,,,,,,155,Downsview,26,Downsview-Roding-CFB (26),D32,623766.3289,4845282.9521
14916,81451120,,9/9/2018 8:00:00 AM,1823,MARKHAM RD,MCNICOLL AVE,75 m North o,Major Arterial,Scarborough,43.825041,-79.248309,Non Intersection,No Control,Clear,Daylight,Dry,Non-Fatal Injury,Pedestrian Collisions,Driver,40 to 44,None,,North,Pick Up Truck,Going Ahead,Driving Properly,Normal,,,,,,,Yes,,Yes,,,,,,,,,,,130,Milliken,130,Milliken (130),D42,640853.5196,4853931.0737
14917,81451121,,9/9/2018 8:00:00 AM,1823,MARKHAM RD,MCNICOLL AVE,75 m North o,Major Arterial,Scarborough,43.825041,-79.248309,Non Intersection,No Control,Clear,Daylight,Dry,Non-Fatal Injury,Pedestrian Collisions,Driver,30 to 34,None,,North,"Automobile, Station Wagon",Going Ahead,Driving Properly,Normal,,,,,,,Yes,,Yes,,,,,,,,,,,130,Milliken,130,Milliken (130),D42,640853.5196,4853931.0737
14918,81451122,,9/9/2018 8:00:00 AM,1823,MARKHAM RD,MCNICOLL AVE,75 m North o,Major Arterial,Scarborough,43.825041,-79.248309,Non Intersection,No Control,Clear,Daylight,Dry,Non-Fatal Injury,Pedestrian Collisions,Pedestrian,70 to 74,Major,,East,,,,,Pedestrian hit at mid-block,"Crossing, no Traffic Control",Normal,,,,Yes,,Yes,,,,,,,,,,,130,Milliken,130,Milliken (130),D42,640853.5196,4853931.0737
14919,80950845,,9/10/2018 8:00:00 AM,1455,THE QUEENSWAY,LOMA RD,,Major Arterial,Etobicoke York,43.624903,-79.508815,At Intersection,Stop Sign,Rain,Daylight,Wet,Non-Fatal Injury,Pedestrian Collisions,Driver,40 to 44,None,,South,"Automobile, Station Wagon",Turning Left,Failed to Yield Right of Way,Inattentive,,,,,,,Yes,,Yes,,,,,,,Yes,,,,16,Stonegate-Queensway,16,Stonegate-Queensway (16),D22,620306.0072,4831292.3164
14920,80950846,,9/10/2018 8:00:00 AM,1455,THE QUEENSWAY,LOMA RD,,Major Arterial,Etobicoke York,43.624903,-79.508815,At Intersection,Stop Sign,Rain,Daylight,Wet,Non-Fatal Injury,Pedestrian Collisions,Pedestrian,80 to 84,Major,,North,,,,,Vehicle turns left while ped crosses without ROW at inter.,Crossing without right of way,Inattentive,,,,Yes,,Yes,,,,,,,Yes,,,,16,Stonegate-Queensway,16,Stonegate-Queensway (16),D22,620306.0072,4831292.3164
14921,80950662,,9/10/2018 8:00:00 AM,1957,MIDDLEFIELD RD,MCNICOLL AVE,1 m North of,Minor Arterial,Scarborough,43.820048,-79.262058,At Intersection,Traffic Signal,Rain,"Dusk, artificial",Wet,Non-Fatal Injury,Cyclist Collisions,Cyclist,55 to 59,Major,,West,Bicycle,Going Ahead,,,,,,"Cyclist without ROW rides into path of motorist at inter, lnwy, dwy-Cyclist not turn.",Disobeyed Traffic Control,Unknown,,Yes,Yes,,,,,,,,,,,130,Milliken,130,Milliken (130),D42,639759.601,4853353.198
14922,80950663,,9/10/2018 8:00:00 AM,1957,MIDDLEFIELD RD,MCNICOLL AVE,1 m North of,Minor Arterial,Scarborough,43.820048,-79.262058,At Intersection,Traffic Signal,Rain,"Dusk, artificial",Wet,Non-Fatal Injury,Cyclist Collisions,Driver,25 to 29,None,,South,"Automobile, Station Wagon",Going Ahead,Driving Properly,Normal,,,,,,,,Yes,Yes,,,,,,,,,,,130,Milliken,130,Milliken (130),D42,639759.601,4853353.198
14923,81473670,,9/11/2018 8:00:00 AM,1339,RONCESVALLES AVE,MARION ST,7 m North of,Minor Arterial,Toronto and East York,43.64107,-79.446986,Intersection Related,No Control,Clear,Daylight,Dry,Non-Fatal Injury,Other,Driver,45 to 49,Minor,,North,Street Car,Going Ahead,Driving Properly,Normal,,,,,,,,,,,,Yes,,Yes,,,,,,86,Roncesvalles,86,Roncesvalles (86),D11,625260.7104,4833179.3157
14924,81473671,,9/11/2018 8:00:00 AM,1339,RONCESVALLES AVE,MARION ST,7 m North of,Minor Arterial,Toronto and East York,43.64107,-79.446986,Intersection Related,No Control,Clear,Daylight,Dry,Non-Fatal Injury,Other,Passenger,75 to 79,Major,,,,,,,,,,,,,,,,,,Yes,,Yes,,,,,,86,Roncesvalles,86,Roncesvalles (86),D11,625260.7104,4833179.3157
14925,80950559,,9/11/2018 8:00:00 AM,1708,LAKE SHORE BLVD W,SIXTH ST,,Major Arterial,Etobicoke York,43.600909,-79.504077,Non Intersection,No Control,Clear,Daylight,Dry,Fatal,Pedestrian Collisions,Pedestrian,70 to 74,Fatal,45,North,Other,,,,Vehicle is going straight thru inter.while ped cross without ROW,"Crossing, no Traffic Control",Inattentive,,,,Yes,,Yes,,,,,,,,,,,18,New Toronto,18,New Toronto (18),D22,620736.2663,4828634.3683
14926,80950560,,9/11/2018 8:00:00 AM,1708,LAKE SHORE BLVD W,SIXTH ST,,Major Arterial,Etobicoke York,43.600909,-79.504077,Non Intersection,No Control,Clear,Daylight,Dry,Fatal,Pedestrian Collisions,Driver,25 to 29,None,,West,"Automobile, Station Wagon",Going Ahead,Driving Properly,Normal,,,,,,,Yes,,Yes,,,,,,,,,,,18,New Toronto,18,New Toronto (18),D22,620736.2663,4828634.3683
14927,81141506,,9/11/2018 8:00:00 AM,2200,DUNDAS ST W,BEVERLEY ST,,Major Arterial,Toronto and East York,43.65375,-79.393817,At Intersection,Traffic Signal,Clear,"Dark, artificial",Dry,Non-Fatal Injury,Angle,Driver,50 to 54,Major,,South,"Automobile, Station Wagon",Going Ahead,Failed to Yield Right of Way,Inattentive,,,,,,,,,Yes,,,,,Yes,,Yes,,,,78,Kensington-Chinatown,78,Kensington-Chinatown (78),D52,629521.9249,4834669.2105
14928,81141507,,9/11/2018 8:00:00 AM,2200,DUNDAS ST W,BEVERLEY ST,,Major Arterial,Toronto and East York,43.65375,-79.393817,At Intersection,Traffic Signal,Clear,"Dark, artificial",Dry,Non-Fatal Injury,Angle,Driver,35 to 39,None,,West,"Automobile, Station Wagon",Going Ahead,Driving Properly,Normal,,,,,,,,,Yes,,,,,Yes,,Yes,,,,78,Kensington-Chinatown,78,Kensington-Chinatown (78),D52,629521.9249,4834669.2105
14929,81141508,,9/11/2018 8:00:00 AM,2200,DUNDAS ST W,BEVERLEY ST,,Major Arterial,Toronto and East York,43.65375,-79.393817,At Intersection,Traffic Signal,Clear,"Dark, artificial",Dry,Non-Fatal Injury,Angle,Passenger,45 to 49,None,,,,,,,,,,,,,,,Yes,,,,,Yes,,Yes,,,,78,Kensington-Chinatown,78,Kensington-Chinatown (78),D52,629521.9249,4834669.2105
14930,80950727,,9/12/2018 8:00:00 AM,1115,LAWRENCE AVE E,THE DONWAY  W,,Major Arterial,North York,43.736434,-79.346507,At Intersection,Traffic Signal,Clear,Daylight,Dry,Non-Fatal Injury,Pedestrian Collisions,Driver,80 to 84,None,,East,"Automobile, Station Wagon",Going Ahead,Disobeyed Traffic Control,Inattentive,,,,,,,Yes,,Yes,,,,,,,Yes,Yes,,,42,Banbury-Don Mills,42,Banbury-Don Mills (42),D33,633153.895,4843927.3616
14931,80950728,,9/12/2018 8:00:00 AM,1115,LAWRENCE AVE E,THE DONWAY  W,,Major Arterial,North York,43.736434,-79.346507,At Intersection,Traffic Signal,Clear,Daylight,Dry,Non-Fatal Injury,Pedestrian Collisions,Driver,60 to 64,None,,North,"Automobile, Station Wagon",Going Ahead,Driving Properly,Normal,,,,,,,Yes,,Yes,,,,,,,Yes,Yes,,,42,Banbury-Don Mills,42,Banbury-Don Mills (42),D33,633153.895,4843927.3616
14932,80950729,,9/12/2018 8:00:00 AM,1115,LAWRENCE AVE E,THE DONWAY  W,,Major Arterial,North York,43.736434,-79.346507,At Intersection,Traffic Signal,Clear,Daylight,Dry,Non-Fatal Injury,Pedestrian Collisions,Pedestrian,80 to 84,Major,,North,,,,,Vehicle is going straight thru inter.while ped cross with ROW,Crossing with right of way,Normal,,,,Yes,,Yes,,,,,,,Yes,Yes,,,42,Banbury-Don Mills,42,Banbury-Don Mills (42),D33,633153.895,4843927.3616
14933,80950784,,9/12/2018 8:00:00 AM,1205,DUFFERIN ST,ROGERS RD,,Major Arterial,North York,43.685496,-79.446079,At Intersection,Traffic Signal,Clear,Daylight,Dry,Non-Fatal Injury,Pedestrian Collisions,Driver,60 to 64,Minimal,,East,"Automobile, Station Wagon",Going Ahead,Disobeyed Traffic Control,Normal,,,,,,,Yes,,Yes,,Yes,,,,,Yes,Yes,,,107,Oakwood Village,107,Oakwood Village (107),D13,625241.4536,4838114.7778
14934,80950785,,9/12/2018 8:00:00 AM,1205,DUFFERIN ST,ROGERS RD,,Major Arterial,North York,43.685496,-79.446079,At Intersection,Traffic Signal,Clear,Daylight,Dry,Non-Fatal Injury,Pedestrian Collisions,Truck Driver,45 to 49,Minimal,,North,"Truck - Closed (Blazer, etc)",Going Ahead,Driving Properly,Normal,,,,,,,Yes,,Yes,,Yes,,,,,Yes,Yes,,,107,Oakwood Village,107,Oakwood Village (107),D13,625241.4536,4838114.7778
14935,80950786,,9/12/2018 8:00:00 AM,1205,DUFFERIN ST,ROGERS RD,,Major Arterial,North York,43.685496,-79.446079,At Intersection,Traffic Signal,Clear,Daylight,Dry,Non-Fatal Injury,Pedestrian Collisions,Driver,55 to 59,None,,West,Pick Up Truck,Stopped,Driving Properly,Normal,,,,,,,Yes,,Yes,,Yes,,,,,Yes,Yes,,,107,Oakwood Village,107,Oakwood Village (107),D13,625241.4536,4838114.7778