OBJECTID,INDEX,ACCNUM,DATE,TIME,STREET1,STREET2,OFFSET,ROAD_CLASS,DISTRICT,LATITUDE,LONGITUDE,ACCLOC,TRAFFCTL,VISIBILITY,LIGHT,RDSFCOND,ACCLASS,IMPACTYPE,INVTYPE,INVAGE,INJURY,FATAL_NO,INITDIR,VEHTYPE,MANOEUVER,DRIVACT,DRIVCOND,PEDTYPE,PEDACT,PEDCOND,CYCLISTYPE,CYCACT,CYCCOND,PEDESTRIAN,CYCLIST,AUTOMOBILE,MOTORCYCLE,TRUCK,TRSN_CITY_VEH,EMERG_VEH,PASSENGER,SPEEDING,AG_DRIV,REDLIGHT,ALCOHOL,DISABILITY,HOOD_158,NEIGHBOURHOOD_158,HOOD_140,NEIGHBOURHOOD_140,DIVISION,x,y
14936,80950787,,9/12/2018 8:00:00 AM,1205,DUFFERIN ST,ROGERS RD,,Major Arterial,North York,43.685496,-79.446079,At Intersection,Traffic Signal,Clear,Daylight,Dry,Non-Fatal Injury,Pedestrian Collisions,Pedestrian,70 to 74,Major,,Unknown,,,,,Other / Undefined,Other,Other,,,,Yes,,Yes,,Yes,,,,,Yes,Yes,,,107,Oakwood Village,107,Oakwood Village (107),D13,625241.4536,4838114.7778
14937,80972687,,9/12/2018 8:00:00 AM,2300,MCCOWAN RD,TOWN CENTRE CRT,,Major Arterial,Scarborough,43.774501,-79.2522,At Intersection,Traffic Signal,Clear,"Dark, artificial",Dry,Non-Fatal Injury,Pedestrian Collisions,Driver,30 to 34,None,,North,"Automobile, Station Wagon",Going Ahead,Driving Properly,Normal,,,,,,,Yes,,Yes,,,,,,,,,,,142,Woburn North,137,Woburn (137),D43,640659.1943,4848311.1736
14938,80972688,,9/12/2018 8:00:00 AM,2300,MCCOWAN RD,TOWN CENTRE CRT,,Major Arterial,Scarborough,43.774501,-79.2522,At Intersection,Traffic Signal,Clear,"Dark, artificial",Dry,Non-Fatal Injury,Pedestrian Collisions,Pedestrian,50 to 54,Major,,East,,,,,Vehicle is going straight thru inter.while ped cross without ROW,Crossing without right of way,Inattentive,,,,Yes,,Yes,,,,,,,,,,,142,Woburn North,137,Woburn (137),D43,640659.1943,4848311.1736
14939,81472819,,9/15/2018 8:00:00 AM,50,DUFFERIN ST,LAPPIN AVE,8 m East of,Major Arterial,Toronto and East York,43.666342,-79.43822,Intersection Related,No Control,Clear,"Dark, artificial",Dry,Non-Fatal Injury,Cyclist Collisions,Driver,45 to 49,None,,North,"Automobile, Station Wagon",Making U Turn,Improper Turn,Normal,,,,,,,,Yes,Yes,,,,,,,,,,,171,Junction-Wallace Emerson,93,Dovercourt-Wallace Emerson-Junction (93),D11,625914.926,4835999.3673
14940,81472820,,9/15/2018 8:00:00 AM,50,DUFFERIN ST,LAPPIN AVE,8 m East of,Major Arterial,Toronto and East York,43.666342,-79.43822,Intersection Related,No Control,Clear,"Dark, artificial",Dry,Non-Fatal Injury,Cyclist Collisions,Cyclist,45 to 49,Major,,North,Bicycle,Going Ahead,,,,,,Motorist makes u-turn in-front of cyclist.,Driving Properly,Normal,,Yes,Yes,,,,,,,,,,,171,Junction-Wallace Emerson,93,Dovercourt-Wallace Emerson-Junction (93),D11,625914.926,4835999.3673
14941,81472821,,9/15/2018 8:00:00 AM,50,DUFFERIN ST,LAPPIN AVE,8 m East of,Major Arterial,Toronto and East York,43.666342,-79.43822,Intersection Related,No Control,Clear,"Dark, artificial",Dry,Non-Fatal Injury,Cyclist Collisions,Cyclist,30 to 34,Minor,,North,Bicycle,Going Ahead,,,,,,Motorist makes u-turn in-front of cyclist.,Driving Properly,Normal,,Yes,Yes,,,,,,,,,,,171,Junction-Wallace Emerson,93,Dovercourt-Wallace Emerson-Junction (93),D11,625914.926,4835999.3673
14942,80950561,,9/15/2018 8:00:00 AM,240,PARKSIDE DR,INDIAN VALLEY CRES,34 meters so,Major Arterial,Toronto and East York,43.650427,-79.45827,Non Intersection,No Control,Clear,Dark,Dry,Fatal,Approaching,Driver,25 to 29,None,,South,"Automobile, Station Wagon",Going Ahead,Lost control,Had Been Drinking,,,,,,,,,Yes,Yes,,,,Yes,,,,,,87,High Park-Swansea,87,High Park-Swansea (87),D11,624331.2686,4834201.563
14943,80950562,,9/15/2018 8:00:00 AM,240,PARKSIDE DR,INDIAN VALLEY CRES,34 meters so,Major Arterial,Toronto and East York,43.650427,-79.45827,Non Intersection,No Control,Clear,Dark,Dry,Fatal,Approaching,Motorcycle Driver,45 to 49,Fatal,46,North,Motorcycle,Going Ahead,Driving Properly,Unknown,,,,,,,,,Yes,Yes,,,,Yes,,,,,,87,High Park-Swansea,87,High Park-Swansea (87),D11,624331.2686,4834201.563
14944,80950563,,9/15/2018 8:00:00 AM,240,PARKSIDE DR,INDIAN VALLEY CRES,34 meters so,Major Arterial,Toronto and East York,43.650427,-79.45827,Non Intersection,No Control,Clear,Dark,Dry,Fatal,Approaching,Passenger,unknown,Major,,,,,,,,,,,,,,,Yes,Yes,,,,Yes,,,,,,87,High Park-Swansea,87,High Park-Swansea (87),D11,624331.2686,4834201.563
14945,80973907,,9/15/2018 8:00:00 AM,940,555 ST CLAIR AVE W,,2 m South of,Major Arterial,Toronto and East York,43.682524,-79.421001,Non Intersection,No Control,Rain,Daylight,Wet,Non-Fatal Injury,Pedestrian Collisions,Driver,75 to 79,None,,East,"Automobile, Station Wagon",Reversing,Other,Normal,,,,,,,Yes,,Yes,,,,,,,,,,,94,Wychwood,94,Wychwood (94),D13,627268.9702,4837822.8745
14946,80973908,,9/15/2018 8:00:00 AM,940,555 ST CLAIR AVE W,,2 m South of,Major Arterial,Toronto and East York,43.682524,-79.421001,Non Intersection,No Control,Rain,Daylight,Wet,Non-Fatal Injury,Pedestrian Collisions,Pedestrian,75 to 79,Major,,Unknown,,,,,Vehicle is reversing and hits pedestrian,Other,Normal,,,,Yes,,Yes,,,,,,,,,,,94,Wychwood,94,Wychwood (94),D13,627268.9702,4837822.8745
14947,81139195,,9/15/2018 8:00:00 AM,1400,ST CLAIR AVE W,NORTHCLIFFE BLVD,,Major Arterial,North York,43.678363,-79.440814,At Intersection,Traffic Signal,Clear,Daylight,Dry,Non-Fatal Injury,Pedestrian Collisions,Driver,35 to 39,None,,South,"Automobile, Station Wagon",Turning Left,Other,Normal,,,,,,,Yes,,Yes,,,,,,,,,,,92,Corso Italia-Davenport,92,Corso Italia-Davenport (92),D13,625680.6942,4837330.5262
14948,81139196,,9/15/2018 8:00:00 AM,1400,ST CLAIR AVE W,NORTHCLIFFE BLVD,,Major Arterial,North York,43.678363,-79.440814,At Intersection,Traffic Signal,Clear,Daylight,Dry,Non-Fatal Injury,Pedestrian Collisions,Pedestrian,65 to 69,Major,,North,,,,,Vehicle turns left while ped crosses with ROW at inter.,Other,Normal,,,,Yes,,Yes,,,,,,,,,,,92,Corso Italia-Davenport,92,Corso Italia-Davenport (92),D13,625680.6942,4837330.5262
14949,81072166,,9/15/2018 8:00:00 AM,1625,DIXON RD,KIPLING AVE,200 m East o,Major Arterial,Etobicoke York,43.694594,-79.556766,At/Near Private Drive,No Control,Clear,Daylight,Dry,Non-Fatal Injury,Turning Movement,Driver,50 to 54,None,,West,"Automobile, Station Wagon",Turning Left,Failed to Yield Right of Way,Normal,,,,,,,,,Yes,Yes,,,,,,Yes,,,,6,Kingsview Village-The Westway,6,Kingsview Village-The Westway (6),D23,616302.7508,4838964.033
14950,81072167,,9/15/2018 8:00:00 AM,1625,DIXON RD,KIPLING AVE,200 m East o,Major Arterial,Etobicoke York,43.694594,-79.556766,At/Near Private Drive,No Control,Clear,Daylight,Dry,Non-Fatal Injury,Turning Movement,Motorcycle Driver,60 to 64,Major,,East,Motorcycle,Going Ahead,Driving Properly,Normal,,,,,,,,,Yes,Yes,,,,,,Yes,,,,6,Kingsview Village-The Westway,6,Kingsview Village-The Westway (6),D23,616302.7508,4838964.033
14951,80972083,,9/15/2018 8:00:00 AM,2130,JARVIS ST,QUEEN ST E,100 m North ,Major Arterial,Scarborough,43.65462,-79.373607,Non Intersection,No Control,Clear,"Dark, artificial",Dry,Non-Fatal Injury,Turning Movement,Driver,55 to 59,None,,North,"Automobile, Station Wagon",Making U Turn,Improper Turn,Normal,,,,,,,,,Yes,Yes,,,,,,,,,,73,Moss Park,73,Moss Park (73),D51,631149.7744,4834797.5799
14952,80972084,,9/15/2018 8:00:00 AM,2130,JARVIS ST,QUEEN ST E,100 m North ,Major Arterial,Scarborough,43.65462,-79.373607,Non Intersection,No Control,Clear,"Dark, artificial",Dry,Non-Fatal Injury,Turning Movement,Motorcycle Driver,45 to 49,Major,,South,Motorcycle,Going Ahead,Driving Properly,Normal,,,,,,,,,Yes,Yes,,,,,,,,,,73,Moss Park,73,Moss Park (73),D51,631149.7744,4834797.5799
14953,81131648,,9/16/2018 8:00:00 AM,408,LAWSON RD,ST MAGNUS DR,60 m West of,Collector,Scarborough,43.787551,-79.15002,Non Intersection,No Control,Clear,"Dark, artificial",Dry,Non-Fatal Injury,SMV Other,Driver,unknown,None,,East,"Automobile, Station Wagon",Going Ahead,Lost control,Unknown,,,,,,,,,Yes,,,,,Yes,,,,,,133,Centennial Scarborough,133,Centennial Scarborough (133),D43,648850.1353,4849939.2621
14954,81131649,,9/16/2018 8:00:00 AM,408,LAWSON RD,ST MAGNUS DR,60 m West of,Collector,Scarborough,43.787551,-79.15002,Non Intersection,No Control,Clear,"Dark, artificial",Dry,Non-Fatal Injury,SMV Other,Passenger,25 to 29,Major,,,,,,,,,,,,,,,Yes,,,,,Yes,,,,,,133,Centennial Scarborough,133,Centennial Scarborough (133),D43,648850.1353,4849939.2621
14955,81131650,,9/16/2018 8:00:00 AM,408,LAWSON RD,ST MAGNUS DR,60 m West of,Collector,Scarborough,43.787551,-79.15002,Non Intersection,No Control,Clear,"Dark, artificial",Dry,Non-Fatal Injury,SMV Other,Passenger,25 to 29,Minimal,,,,,,,,,,,,,,,Yes,,,,,Yes,,,,,,133,Centennial Scarborough,133,Centennial Scarborough (133),D43,648850.1353,4849939.2621
14956,81074989,,9/16/2018 8:00:00 AM,936,WILLOWDALE AVE,BISHOP AVE,10 m North o,Minor Arterial,North York,43.78337,-79.407832,At Intersection,Traffic Signal,Clear,Daylight,Dry,Non-Fatal Injury,Angle,Driver,50 to 54,None,,East,"Automobile, Station Wagon",Going Ahead,Disobeyed Traffic Control,Normal,,,,,,,,,Yes,,,,,Yes,,Yes,Yes,,,50,Newtonbrook East,50,Newtonbrook East (50),D32,628115.1983,4849043.5811
14957,81074990,,9/16/2018 8:00:00 AM,936,WILLOWDALE AVE,BISHOP AVE,10 m North o,Minor Arterial,North York,43.78337,-79.407832,At Intersection,Traffic Signal,Clear,Daylight,Dry,Non-Fatal Injury,Angle,Driver,55 to 59,None,,North,"Automobile, Station Wagon",Going Ahead,Driving Properly,Normal,,,,,,,,,Yes,,,,,Yes,,Yes,Yes,,,50,Newtonbrook East,50,Newtonbrook East (50),D32,628115.1983,4849043.5811
14958,81074991,,9/16/2018 8:00:00 AM,936,WILLOWDALE AVE,BISHOP AVE,10 m North o,Minor Arterial,North York,43.78337,-79.407832,At Intersection,Traffic Signal,Clear,Daylight,Dry,Non-Fatal Injury,Angle,Passenger,50 to 54,Major,,,,,,,,,,,,,,,Yes,,,,,Yes,,Yes,Yes,,,50,Newtonbrook East,50,Newtonbrook East (50),D32,628115.1983,4849043.5811
14959,81074992,,9/16/2018 8:00:00 AM,936,WILLOWDALE AVE,BISHOP AVE,10 m North o,Minor Arterial,North York,43.78337,-79.407832,At Intersection,Traffic Signal,Clear,Daylight,Dry,Non-Fatal Injury,Angle,Passenger,10 to 14,Minimal,,,,,,,,,,,,,,,Yes,,,,,Yes,,Yes,Yes,,,50,Newtonbrook East,50,Newtonbrook East (50),D32,628115.1983,4849043.5811
14960,81110859,,9/16/2018 8:00:00 AM,1329,DUNDAS ST W,ST JOHNS PL,52 m West of,Major Arterial,Etobicoke York,43.665461,-79.476634,Non Intersection,No Control,Clear,Daylight,Dry,Non-Fatal Injury,Pedestrian Collisions,Driver,unknown,None,,East,,Going Ahead,Other,Unknown,,,,,,,Yes,,,,,,,,,,,,,90,Junction Area,90,Junction Area (90),D11,622819.6539,4835843.9348
14961,81110860,,9/16/2018 8:00:00 AM,1329,DUNDAS ST W,ST JOHNS PL,52 m West of,Major Arterial,Etobicoke York,43.665461,-79.476634,Non Intersection,No Control,Clear,Daylight,Dry,Non-Fatal Injury,Pedestrian Collisions,Pedestrian,5 to 9,Major,,North,,,,,Pedestrian hit at mid-block,"Crossing, no Traffic Control",Inattentive,,,,Yes,,,,,,,,,,,,,90,Junction Area,90,Junction Area (90),D11,622819.6539,4835843.9348
14962,81473840,,9/17/2018 8:00:00 AM,1001,STEELES AVE W,KEELE ST,,Major Arterial,North York,43.781508,-79.494464,At Intersection,Traffic Signal,Clear,Daylight,Dry,Non-Fatal Injury,Cyclist Collisions,Truck Driver,55 to 59,None,,West,Truck-Tractor,Turning Right,Driving Properly,Normal,,,,,,,,Yes,,,Yes,,,,,,,,,27,York University Heights,27,York University Heights (27),D31,621147.9828,4848706.3556
14963,81473841,,9/17/2018 8:00:00 AM,1001,STEELES AVE W,KEELE ST,,Major Arterial,North York,43.781508,-79.494464,At Intersection,Traffic Signal,Clear,Daylight,Dry,Non-Fatal Injury,Cyclist Collisions,Cyclist,15 to 19,Major,,West,Bicycle,Going Ahead,,,,,,"Cyclist without ROW rides into path of motorist at inter, lnwy, dwy-Cyclist not turn.",Other,Inattentive,,Yes,,,Yes,,,,,,,,,27,York University Heights,27,York University Heights (27),D31,621147.9828,4848706.3556
14964,80974614,,9/17/2018 8:00:00 AM,1204,BAY ST,WELLINGTON ST W,,Major Arterial,Toronto and East York,43.647261,-79.379688,At Intersection,Traffic Signal,Clear,Daylight,Dry,Non-Fatal Injury,Cyclist Collisions,Driver,55 to 59,None,,West,"Bus (Other) (Go Bus, Gray Coa",Turning Right,Failed to Yield Right of Way,Normal,,,,,,,,Yes,,,,Yes,,,,Yes,,,,170,Yonge-Bay Corridor,76,Bay Street Corridor (76),D52,630675.3655,4833970.6729
14965,80974615,,9/17/2018 8:00:00 AM,1204,BAY ST,WELLINGTON ST W,,Major Arterial,Toronto and East York,43.647261,-79.379688,At Intersection,Traffic Signal,Clear,Daylight,Dry,Non-Fatal Injury,Cyclist Collisions,Cyclist,30 to 34,Major,,West,Bicycle,Going Ahead,,,,,,Motorist turning right on green or amber at signalized intersection strikes cyclist.,Driving Properly,Normal,,Yes,,,,Yes,,,,Yes,,,,170,Yonge-Bay Corridor,76,Bay Street Corridor (76),D52,630675.3655,4833970.6729
14966,80951123,,9/18/2018 8:00:00 AM,1850,KEELE ST,AILEEN AVE,,Major Arterial,Etobicoke York,43.683169,-79.472026,At Intersection,No Control,Clear,Daylight,Dry,Fatal,Turning Movement,Motorcycle Driver,40 to 44,Fatal,47,North,Motorcycle,Going Ahead,Lost control,Normal,,,,,,,,,Yes,Yes,,,,,Yes,Yes,,,,110,Keelesdale-Eglinton West,110,Keelesdale-Eglinton West (110),D12,623154.9447,4837817.4761
14967,80951124,,9/18/2018 8:00:00 AM,1850,KEELE ST,AILEEN AVE,,Major Arterial,Etobicoke York,43.683169,-79.472026,At Intersection,No Control,Clear,Daylight,Dry,Fatal,Turning Movement,Driver,50 to 54,None,,South,"Automobile, Station Wagon",Turning Left,Failed to Yield Right of Way,Inattentive,,,,,,,,,Yes,Yes,,,,,Yes,Yes,,,,110,Keelesdale-Eglinton West,110,Keelesdale-Eglinton West (110),D12,623154.9447,4837817.4761
14968,81074826,,9/19/2018 8:00:00 AM,1242,F G GARDINER XY  E,LOWER JARVIS ST,338 m West o,Expressway,Toronto and East York,43.645251,-79.3717,Non Intersection,No Control,Clear,Daylight,Dry,Non-Fatal Injury,SMV Other,Motorcycle Driver,25 to 29,Major,,East,Motorcycle,Overtaking,Improper Passing,"Ability Impaired, Alcohol Over .08",,,,,,,,,,Yes,,,,,Yes,Yes,,Yes,,166,St Lawrence-East Bayfront-The Islands,77,Waterfront Communities-The Island (77),D51,631323.9708,4833760.0453
14969,80971684,,9/20/2018 8:00:00 AM,1600,DUFFERIN ST,CASTLEFIELD AVE,,Major Arterial,North York,43.700686,-79.451724,At Intersection,Traffic Signal,Clear,Daylight,Dry,Fatal,Pedestrian Collisions,Pedestrian,90 to 94,Fatal,55,North,,,,,Vehicle is going straight thru inter.while ped cross without ROW,Crossing without right of way,Inattentive,,,,Yes,,Yes,,,,,,,,,,,108,Briar Hill-Belgravia,108,Briar Hill-Belgravia (108),D13,624754.9791,4839793.3261
14970,80971913,,9/20/2018 8:00:00 AM,1600,DUFFERIN ST,CASTLEFIELD AVE,,Major Arterial,North York,43.700686,-79.451724,At Intersection,Traffic Signal,Clear,Daylight,Dry,Fatal,Pedestrian Collisions,Driver,55 to 59,None,,East,"Automobile, Station Wagon",Going Ahead,Driving Properly,Normal,,,,,,,Yes,,Yes,,,,,,,,,,,108,Briar Hill-Belgravia,108,Briar Hill-Belgravia (108),D13,624754.9791,4839793.3261
14971,80951125,,9/21/2018 8:00:00 AM,1600,NUTHATCH LANE,DOCTOR O LANE,,Laneway,Toronto and East York,43.663325,-79.369693,Intersection Related,No Control,Clear,Daylight,Dry,Fatal,Pedestrian Collisions,Driver,35 to 39,None,,South,"Automobile, Station Wagon",Going Ahead,Other,Unknown,,,,,,,Yes,,Yes,,,,,,,,,,,73,Moss Park,73,Moss Park (73),D51,631446.3997,4835770.5797
14972,80951126,,9/21/2018 8:00:00 AM,1600,NUTHATCH LANE,DOCTOR O LANE,,Laneway,Toronto and East York,43.663325,-79.369693,Intersection Related,No Control,Clear,Daylight,Dry,Fatal,Pedestrian Collisions,Pedestrian,55 to 59,Fatal,48,Unknown,,,,,Unknown,Other,"Ability Impaired, Alcohol",,,,Yes,,Yes,,,,,,,,,,,73,Moss Park,73,Moss Park (73),D51,631446.3997,4835770.5797
14973,80971994,,9/21/2018 8:00:00 AM,1723,WOODBINE TRACK ACCESS,REXDALE BLVD,150 m South ,Local,Etobicoke York,43.717654,-79.603442,Non Intersection,No Control,Rain,Daylight,Wet,Non-Fatal Injury,Turning Movement,Driver,40 to 44,None,,South,"Automobile, Station Wagon",Making U Turn,Improper Turn,Normal,,,,,,,,,Yes,,Yes,,,Yes,,,,,,1,West Humber-Clairville,1,West Humber-Clairville (1),D23,612498.2053,4841460.7522
14974,80971995,,9/21/2018 8:00:00 AM,1723,WOODBINE TRACK ACCESS,REXDALE BLVD,150 m South ,Local,Etobicoke York,43.717654,-79.603442,Non Intersection,No Control,Rain,Daylight,Wet,Non-Fatal Injury,Turning Movement,Truck Driver,50 to 54,Minimal,,South,Truck - Dump,Going Ahead,Driving Properly,Normal,,,,,,,,,Yes,,Yes,,,Yes,,,,,,1,West Humber-Clairville,1,West Humber-Clairville (1),D23,612498.2053,4841460.7522
14975,80971996,,9/21/2018 8:00:00 AM,1723,WOODBINE TRACK ACCESS,REXDALE BLVD,150 m South ,Local,Etobicoke York,43.717654,-79.603442,Non Intersection,No Control,Rain,Daylight,Wet,Non-Fatal Injury,Turning Movement,Passenger,40 to 44,None,,,,,,,,,,,,,,,Yes,,Yes,,,Yes,,,,,,1,West Humber-Clairville,1,West Humber-Clairville (1),D23,612498.2053,4841460.7522
14976,80971997,,9/21/2018 8:00:00 AM,1723,WOODBINE TRACK ACCESS,REXDALE BLVD,150 m South ,Local,Etobicoke York,43.717654,-79.603442,Non Intersection,No Control,Rain,Daylight,Wet,Non-Fatal Injury,Turning Movement,Passenger,65 to 69,Major,,,,,,,,,,,,,,,Yes,,Yes,,,Yes,,,,,,1,West Humber-Clairville,1,West Humber-Clairville (1),D23,612498.2053,4841460.7522
14977,80971998,,9/21/2018 8:00:00 AM,1723,WOODBINE TRACK ACCESS,REXDALE BLVD,150 m South ,Local,Etobicoke York,43.717654,-79.603442,Non Intersection,No Control,Rain,Daylight,Wet,Non-Fatal Injury,Turning Movement,Passenger,30 to 34,Minor,,,,,,,,,,,,,,,Yes,,Yes,,,Yes,,,,,,1,West Humber-Clairville,1,West Humber-Clairville (1),D23,612498.2053,4841460.7522
14978,80971999,,9/21/2018 8:00:00 AM,1723,WOODBINE TRACK ACCESS,REXDALE BLVD,150 m South ,Local,Etobicoke York,43.717654,-79.603442,Non Intersection,No Control,Rain,Daylight,Wet,Non-Fatal Injury,Turning Movement,Passenger,30 to 34,Minimal,,,,,,,,,,,,,,,Yes,,Yes,,,Yes,,,,,,1,West Humber-Clairville,1,West Humber-Clairville (1),D23,612498.2053,4841460.7522
14979,80972184,,9/21/2018 8:00:00 AM,2227,2265 MIDLAND AVE,,3 m West of,Major Arterial,Scarborough,43.775595,-79.274074,Non Intersection,No Control,Clear,Dark,Dry,Non-Fatal Injury,Pedestrian Collisions,Driver,unknown,None,,South,"Automobile, Station Wagon",Going Ahead,Failed to Yield Right of Way,Unknown,,,,,,,Yes,,Yes,,,,,,,Yes,,,,156,Bendale-Glen Andrew,127,Bendale (127),D41,638896.2688,4848395.7494
14980,80972185,,9/21/2018 8:00:00 AM,2227,2265 MIDLAND AVE,,3 m West of,Major Arterial,Scarborough,43.775595,-79.274074,Non Intersection,No Control,Clear,Dark,Dry,Non-Fatal Injury,Pedestrian Collisions,Pedestrian,20 to 24,Major,,West,,,,,Pedestrian hit at mid-block,"Crossing, no Traffic Control",Normal,,,,Yes,,Yes,,,,,,,Yes,,,,156,Bendale-Glen Andrew,127,Bendale (127),D41,638896.2688,4848395.7494
14981,80972079,,9/22/2018 8:00:00 AM,1635,EGLINTON AVE E,MARKHAM RD,100 m East o,Major Arterial,Scarborough,43.743479,-79.21725,At/Near Private Drive,Stop Sign,Clear,Daylight,Dry,Non-Fatal Injury,Turning Movement,Driver,40 to 44,None,,North,"Automobile, Station Wagon",Turning Left,Failed to Yield Right of Way,Inattentive,,,,,,,,,Yes,Yes,,,,,,Yes,,,,139,Scarborough Village,139,Scarborough Village (139),D43,643546.0992,4844925.6723
14982,80972080,,9/22/2018 8:00:00 AM,1635,EGLINTON AVE E,MARKHAM RD,100 m East o,Major Arterial,Scarborough,43.743479,-79.21725,At/Near Private Drive,Stop Sign,Clear,Daylight,Dry,Non-Fatal Injury,Turning Movement,Motorcycle Driver,15 to 19,Major,,East,Motorcycle,Going Ahead,Driving Properly,Normal,,,,,,,,,Yes,Yes,,,,,,Yes,,,,139,Scarborough Village,139,Scarborough Village (139),D43,643546.0992,4844925.6723
14983,80975832,,9/22/2018 8:00:00 AM,1655,EGLINTON AVE W,ROYAL YORK RD,400 m East o,Major Arterial,Etobicoke York,43.683287,-79.520641,Non Intersection,Stop Sign,Clear,Daylight,Dry,Non-Fatal Injury,Turning Movement,Motorcycle Driver,35 to 39,Major,,East,Motorcycle,Going Ahead,Driving Properly,Normal,,,,,,,,,Yes,Yes,,,,,,Yes,,,,9,Edenbridge-Humber Valley,9,Edenbridge-Humber Valley (9),D22,619236.3018,4837759.5406
14984,80975833,,9/22/2018 8:00:00 AM,1655,EGLINTON AVE W,ROYAL YORK RD,400 m East o,Major Arterial,Etobicoke York,43.683287,-79.520641,Non Intersection,Stop Sign,Clear,Daylight,Dry,Non-Fatal Injury,Turning Movement,Driver,45 to 49,None,,North,"Automobile, Station Wagon",Turning Right,Failed to Yield Right of Way,Normal,,,,,,,,,Yes,Yes,,,,,,Yes,,,,9,Edenbridge-Humber Valley,9,Edenbridge-Humber Valley (9),D22,619236.3018,4837759.5406
14985,80971825,,9/23/2018 8:00:00 AM,1430,YONGE ST,WELLINGTON ST E,,Major Arterial,North York,43.647772,-79.37733,At Intersection,Traffic Signal,Clear,Daylight,Dry,Non-Fatal Injury,Cyclist Collisions,Driver,unknown,None,,North,"Automobile, Station Wagon",Going Ahead,Failed to Yield Right of Way,Unknown,,,,,,,,Yes,Yes,,,,,,,Yes,,,,168,Downtown Yonge East,75,Church-Yonge Corridor (75),D51,630864.4264,4834031.1418
14986,80971826,,9/23/2018 8:00:00 AM,1430,YONGE ST,WELLINGTON ST E,,Major Arterial,North York,43.647772,-79.37733,At Intersection,Traffic Signal,Clear,Daylight,Dry,Non-Fatal Injury,Cyclist Collisions,Cyclist,20 to 24,Major,,North,Bicycle,Slowing or Stopping,,,,,,Cyclist and Driver travelling in same direction. One vehicle rear-ended the other.,Driving Properly,Normal,,Yes,Yes,,,,,,,Yes,,,,168,Downtown Yonge East,75,Church-Yonge Corridor (75),D51,630864.4264,4834031.1418
14987,80972040,,9/23/2018 8:00:00 AM,1735,DANFORTH AVE,GREENWOOD AVE,28 m East of,Major Arterial,Toronto and East York,43.68141,-79.332347,At/Near Private Drive,No Control,Clear,Daylight,Dry,Non-Fatal Injury,Cyclist Collisions,Driver,45 to 49,None,,West,"Automobile, Station Wagon",Turning Left,Failed to Yield Right of Way,Inattentive,,,,,,,,Yes,Yes,,,,,,,Yes,,,,65,Greenwood-Coxwell,65,Greenwood-Coxwell (65),D55,634417.1396,4837839.0143
14988,80972041,,9/23/2018 8:00:00 AM,1735,DANFORTH AVE,GREENWOOD AVE,28 m East of,Major Arterial,Toronto and East York,43.68141,-79.332347,At/Near Private Drive,No Control,Clear,Daylight,Dry,Non-Fatal Injury,Cyclist Collisions,Cyclist,70 to 74,Major,,East,Bicycle,Going Ahead,,,,,,Motorist turned left across cyclists path.,Driving Properly,Normal,,Yes,Yes,,,,,,,Yes,,,,65,Greenwood-Coxwell,65,Greenwood-Coxwell (65),D55,634417.1396,4837839.0143
14989,80972403,,9/23/2018 8:00:00 AM,2228,CENTENNIAL PARK BLVD,EGLINTON AVE W,,Major Arterial,Etobicoke York,43.65576,-79.598361,At Intersection,Traffic Signal,Clear,"Dark, artificial",Dry,Non-Fatal Injury,Cyclist Collisions,Driver,55 to 59,None,,North,"Automobile, Station Wagon",Turning Right,Failed to Yield Right of Way,Normal,,,,,,,,Yes,Yes,,,,,,,Yes,,,,11,Eringate-Centennial-West Deane,11,Eringate-Centennial-West Deane (11),D22,613023.6787,4834593.5125
14990,80972404,,9/23/2018 8:00:00 AM,2228,CENTENNIAL PARK BLVD,EGLINTON AVE W,,Major Arterial,Etobicoke York,43.65576,-79.598361,At Intersection,Traffic Signal,Clear,"Dark, artificial",Dry,Non-Fatal Injury,Cyclist Collisions,Cyclist,35 to 39,Major,,East,Bicycle,Going Ahead,,,,,,Motorist turning right on red at signalized intersection strikes cyclist.,Driving Properly,Normal,,Yes,Yes,,,,,,,Yes,,,,11,Eringate-Centennial-West Deane,11,Eringate-Centennial-West Deane (11),D22,613023.6787,4834593.5125
14991,81464300,,9/24/2018 8:00:00 AM,1143,DEWHURST BLVD,DANFORTH AVE,,Major Arterial,Toronto and East York,43.679942,-79.339397,At Intersection,No Control,Clear,Daylight,Dry,Non-Fatal Injury,Rear End,Driver,30 to 34,Major,,North,Pick Up Truck,Other,Other,Unknown,,,,,,,,,Yes,,,,,,,,,,,69,Blake-Jones,69,Blake-Jones (69),D55,633852.1495,4837664.5705
14992,81464301,,9/24/2018 8:00:00 AM,1143,DEWHURST BLVD,DANFORTH AVE,,Major Arterial,Toronto and East York,43.679942,-79.339397,At Intersection,No Control,Clear,Daylight,Dry,Non-Fatal Injury,Rear End,Driver,45 to 49,None,,North,"Automobile, Station Wagon",Going Ahead,Driving Properly,Had Been Drinking,,,,,,,,,Yes,,,,,,,,,,,69,Blake-Jones,69,Blake-Jones (69),D55,633852.1495,4837664.5705