OBJECTID,INDEX,ACCNUM,DATE,TIME,STREET1,STREET2,OFFSET,ROAD_CLASS,DISTRICT,LATITUDE,LONGITUDE,ACCLOC,TRAFFCTL,VISIBILITY,LIGHT,RDSFCOND,ACCLASS,IMPACTYPE,INVTYPE,INVAGE,INJURY,FATAL_NO,INITDIR,VEHTYPE,MANOEUVER,DRIVACT,DRIVCOND,PEDTYPE,PEDACT,PEDCOND,CYCLISTYPE,CYCACT,CYCCOND,PEDESTRIAN,CYCLIST,AUTOMOBILE,MOTORCYCLE,TRUCK,TRSN_CITY_VEH,EMERG_VEH,PASSENGER,SPEEDING,AG_DRIV,REDLIGHT,ALCOHOL,DISABILITY,HOOD_158,NEIGHBOURHOOD_158,HOOD_140,NEIGHBOURHOOD_140,DIVISION,x,y
15163,81335156,,11/20/2018 10:00:00 AM,130,MCCOWAN RD,LAWRENCE AVE E,50 m South o,Major Arterial,Scarborough,43.75495,-79.245265,Non Intersection,No Control,Clear,"Dark, artificial",Dry,Non-Fatal Injury,Pedestrian Collisions,Driver,20 to 24,None,,South,"Automobile, Station Wagon",Going Ahead,Other,Unknown,,,,,,,Yes,,Yes,,,,,,,,,,,157,Bendale South,127,Bendale (127),D43,641263.3288,4846151.5373
15164,81335157,,11/20/2018 10:00:00 AM,130,MCCOWAN RD,LAWRENCE AVE E,50 m South o,Major Arterial,Scarborough,43.75495,-79.245265,Non Intersection,No Control,Clear,"Dark, artificial",Dry,Non-Fatal Injury,Pedestrian Collisions,Pedestrian,20 to 24,Major,,West,,,,,Pedestrian hit at mid-block,"Crossing, no Traffic Control",Inattentive,,,,Yes,,Yes,,,,,,,,,,,157,Bendale South,127,Bendale (127),D43,641263.3288,4846151.5373
15165,80976179,,11/20/2018 10:00:00 AM,1606,DUFFERIN ST,STEEPROCK DR,52 m North o,Major Arterial,North York,43.761832,-79.465358,Non Intersection,No Control,Clear,"Dusk, artificial",Dry,Non-Fatal Injury,Pedestrian Collisions,Driver,60 to 64,None,,South,"Automobile, Station Wagon",Going Ahead,Driving Properly,Normal,,,,,,,Yes,,Yes,,,,,,,,,,,34,Bathurst Manor,34,Bathurst Manor (34),D32,623530.6148,4846564.0428
15166,80976180,,11/20/2018 10:00:00 AM,1606,DUFFERIN ST,STEEPROCK DR,52 m North o,Major Arterial,North York,43.761832,-79.465358,Non Intersection,No Control,Clear,"Dusk, artificial",Dry,Non-Fatal Injury,Pedestrian Collisions,Pedestrian,20 to 24,Major,,East,,,,,Pedestrian hit at mid-block,"Crossing, no Traffic Control",Inattentive,,,,Yes,,Yes,,,,,,,,,,,34,Bathurst Manor,34,Bathurst Manor (34),D32,623530.6148,4846564.0428
15167,80975009,,11/20/2018 10:00:00 AM,1804,665 LAWRENCE AVE W,,,Major Arterial,North York,43.715853,-79.444942,At Intersection,Traffic Signal,Clear,"Dark, artificial",Dry,Fatal,Pedestrian Collisions,Driver,50 to 54,Minor,,West,Municipal Transit Bus (TTC),Turning Left,Driving Properly,Inattentive,,,,,,,Yes,,,,,Yes,,,,,,,,31,Yorkdale-Glen Park,31,Yorkdale-Glen Park (31),D13,625269.8562,4841488.0611
15168,80975446,,11/20/2018 10:00:00 AM,1804,665 LAWRENCE AVE W,,,Major Arterial,North York,43.715853,-79.444942,At Intersection,Traffic Signal,Clear,"Dark, artificial",Dry,Fatal,Pedestrian Collisions,Pedestrian,55 to 59,Fatal,61,West,,,,,Pedestrian involved in a collision with transit vehicle anywhere along roadway,Crossing marked crosswalk without ROW,Inattentive,,,,Yes,,,,,Yes,,,,,,,,31,Yorkdale-Glen Park,31,Yorkdale-Glen Park (31),D13,625269.8562,4841488.0611
15169,80976307,,11/21/2018 10:00:00 AM,1306,EGLINTON  AVE W,WESTON RD,30 m East of,Major Arterial,Etobicoke York,43.686923,-79.48949,Intersection Related,No Control,Clear,Daylight,Loose Sand or Gravel,Non-Fatal Injury,Sideswipe,Driver,45 to 49,None,,West,Construction Equipment,Pulling Away from Shoulder or Curb,Other,Inattentive,,,,,,,,,Yes,,,,,,,,,,,115,Mount Dennis,115,Mount Dennis (115),D12,621739.7377,4838208.6237
15170,80976308,,11/21/2018 10:00:00 AM,1306,EGLINTON  AVE W,WESTON RD,30 m East of,Major Arterial,Etobicoke York,43.686923,-79.48949,Intersection Related,No Control,Clear,Daylight,Loose Sand or Gravel,Non-Fatal Injury,Sideswipe,Driver,45 to 49,Major,,West,"Automobile, Station Wagon",Going Ahead,Driving Properly,Normal,,,,,,,,,Yes,,,,,,,,,,,115,Mount Dennis,115,Mount Dennis (115),D12,621739.7377,4838208.6237
15171,80975527,,11/21/2018 10:00:00 AM,1952,DANFORTH RD,KENNEDY RD,,Minor Arterial,Scarborough,43.714774,-79.260837,At Intersection,Traffic Signal,Clear,Dark,Wet,Non-Fatal Injury,Pedestrian Collisions,Driver,unknown,None,,North,"Automobile, Station Wagon",Turning Left,Improper Turn,Inattentive,,,,,,,Yes,,Yes,,,,,,,,,,,120,Clairlea-Birchmount,120,Clairlea-Birchmount (120),D41,640103.3691,4841662.9498
15172,80975528,,11/21/2018 10:00:00 AM,1952,DANFORTH RD,KENNEDY RD,,Minor Arterial,Scarborough,43.714774,-79.260837,At Intersection,Traffic Signal,Clear,Dark,Wet,Non-Fatal Injury,Pedestrian Collisions,Pedestrian,20 to 24,Major,,Unknown,,,,,Vehicle turns left while ped crosses with ROW at inter.,Crossing with right of way,Normal,,,,Yes,,Yes,,,,,,,,,,,120,Clairlea-Birchmount,120,Clairlea-Birchmount (120),D41,640103.3691,4841662.9498
15173,80984563,,11/22/2018 10:00:00 AM,900,STEELES AVE E,SILVER STAR BLVD,3 m  of,Major Arterial,Scarborough,43.825247,-79.300037,At Intersection,Traffic Signal,Clear,Daylight,Dry,Non-Fatal Injury,Cyclist Collisions,Driver,45 to 49,None,,South,"Automobile, Station Wagon",Turning Left,Failed to Yield Right of Way,Inattentive,,,,,,,,Yes,Yes,,,,,Yes,,Yes,,,,130,Milliken,130,Milliken (130),D42,636693.5557,4853867.1692
15174,80984564,,11/22/2018 10:00:00 AM,900,STEELES AVE E,SILVER STAR BLVD,3 m  of,Major Arterial,Scarborough,43.825247,-79.300037,At Intersection,Traffic Signal,Clear,Daylight,Dry,Non-Fatal Injury,Cyclist Collisions,Cyclist,65 to 69,Major,,North,Bicycle,Going Ahead,,,,,,Motorist turned left across cyclists path.,Driving Properly,Normal,,Yes,Yes,,,,,Yes,,Yes,,,,130,Milliken,130,Milliken (130),D42,636693.5557,4853867.1692
15175,80984565,,11/22/2018 10:00:00 AM,900,STEELES AVE E,SILVER STAR BLVD,3 m  of,Major Arterial,Scarborough,43.825247,-79.300037,At Intersection,Traffic Signal,Clear,Daylight,Dry,Non-Fatal Injury,Cyclist Collisions,Passenger,60 to 64,None,,,,,,,,,,,,,,Yes,Yes,,,,,Yes,,Yes,,,,130,Milliken,130,Milliken (130),D42,636693.5557,4853867.1692
15176,80976238,,11/23/2018 10:00:00 AM,1739,DUNDALK DR,GLAMORGAN AVE,30 m South o,Collector,Scarborough,43.767878,-79.285014,Non Intersection,No Control,Clear,Daylight,Dry,Non-Fatal Injury,Pedestrian Collisions,Driver,unknown,None,,North,Pick Up Truck,Going Ahead,Other,Unknown,,,,,,,Yes,,Yes,,,,,,,,,,,126,Dorset Park,126,Dorset Park (126),D41,638033.6004,4847520.3611
15177,80976239,,11/23/2018 10:00:00 AM,1739,DUNDALK DR,GLAMORGAN AVE,30 m South o,Collector,Scarborough,43.767878,-79.285014,Non Intersection,No Control,Clear,Daylight,Dry,Non-Fatal Injury,Pedestrian Collisions,Pedestrian,45 to 49,Major,,Unknown,,,,,Pedestrian hit at mid-block,Other,Normal,,,,Yes,,Yes,,,,,,,,,,,126,Dorset Park,126,Dorset Park (126),D41,638033.6004,4847520.3611
15178,80976026,,11/24/2018 10:00:00 AM,1731,WARDEN AVE,HUNTINGWOOD DR,,Major Arterial,Scarborough,43.785407,-79.310916,At Intersection,Traffic Signal,Rain,"Dark, artificial",Wet,Non-Fatal Injury,Pedestrian Collisions,Driver,50 to 54,None,,North,"Automobile, Station Wagon",Turning Left,Improper Turn,Inattentive,,,,,,,Yes,,Yes,,,,,Yes,,,,,,118,Tam O'Shanter-Sullivan,118,Tam O'Shanter-Sullivan (118),D42,635909.0914,4849424.3766
15179,80976027,,11/24/2018 10:00:00 AM,1731,WARDEN AVE,HUNTINGWOOD DR,,Major Arterial,Scarborough,43.785407,-79.310916,At Intersection,Traffic Signal,Rain,"Dark, artificial",Wet,Non-Fatal Injury,Pedestrian Collisions,Passenger,45 to 49,None,,,,,,,,,,,,,Yes,,Yes,,,,,Yes,,,,,,118,Tam O'Shanter-Sullivan,118,Tam O'Shanter-Sullivan (118),D42,635909.0914,4849424.3766
15180,80976028,,11/24/2018 10:00:00 AM,1731,WARDEN AVE,HUNTINGWOOD DR,,Major Arterial,Scarborough,43.785407,-79.310916,At Intersection,Traffic Signal,Rain,"Dark, artificial",Wet,Non-Fatal Injury,Pedestrian Collisions,Pedestrian,60 to 64,Major,,North,,,,,Vehicle turns left while ped crosses without ROW at inter.,Crossing without right of way,Normal,,,,Yes,,Yes,,,,,Yes,,,,,,118,Tam O'Shanter-Sullivan,118,Tam O'Shanter-Sullivan (118),D42,635909.0914,4849424.3766
15181,80976029,,11/24/2018 10:00:00 AM,1731,WARDEN AVE,HUNTINGWOOD DR,,Major Arterial,Scarborough,43.785407,-79.310916,At Intersection,Traffic Signal,Rain,"Dark, artificial",Wet,Non-Fatal Injury,Pedestrian Collisions,Pedestrian,55 to 59,Minimal,,North,,,,,Vehicle turns left while ped crosses without ROW at inter.,Crossing without right of way,Normal,,,,Yes,,Yes,,,,,Yes,,,,,,118,Tam O'Shanter-Sullivan,118,Tam O'Shanter-Sullivan (118),D42,635909.0914,4849424.3766
15182,80976318,,11/24/2018 10:00:00 AM,1855,KING ST E,SACKVILLE ST,,Major Arterial,Toronto and East York,43.654338,-79.360309,At Intersection,Pedestrian Crossover,Rain,"Dark, artificial",Wet,Non-Fatal Injury,Pedestrian Collisions,Driver,55 to 59,None,,East,"Automobile, Station Wagon",Going Ahead,Disobeyed Traffic Control,Inattentive,,,,,,,Yes,,Yes,,,,,,,Yes,,,,73,Moss Park,73,Moss Park (73),D51,632222.7348,4834787.3643
15183,80976319,,11/24/2018 10:00:00 AM,1855,KING ST E,SACKVILLE ST,,Major Arterial,Toronto and East York,43.654338,-79.360309,At Intersection,Pedestrian Crossover,Rain,"Dark, artificial",Wet,Non-Fatal Injury,Pedestrian Collisions,Pedestrian,30 to 34,Major,,South,,,,,Pedestrian hit a PXO/ped. Mid-block signal,"Crossing, Pedestrian Crossover",Normal,,,,Yes,,Yes,,,,,,,Yes,,,,73,Moss Park,73,Moss Park (73),D51,632222.7348,4834787.3643
15184,80975915,,11/25/2018 10:00:00 AM,1750,BELLAMY RD N,CEDAR BRAE BLVD,,Minor Arterial,Scarborough,43.741534,-79.232578,At Intersection,Stop Sign,Clear,"Dark, artificial",Dry,Fatal,Pedestrian Collisions,Pedestrian,80 to 84,Fatal,62,North,,,,,Vehicle is going straight thru inter.while ped cross with ROW,Crossing with right of way,Normal,,,,Yes,,Yes,,,,,,,Yes,,,,138,Eglinton East,138,Eglinton East (138),D43,642316.4903,4844683.2036
15185,80976403,,11/25/2018 10:00:00 AM,1750,BELLAMY RD N,CEDAR BRAE BLVD,,Minor Arterial,Scarborough,43.741534,-79.232578,At Intersection,Stop Sign,Clear,"Dark, artificial",Dry,Fatal,Pedestrian Collisions,Driver,25 to 29,None,,West,"Automobile, Station Wagon",Going Ahead,Failed to Yield Right of Way,Normal,,,,,,,Yes,,Yes,,,,,,,Yes,,,,138,Eglinton East,138,Eglinton East (138),D43,642316.4903,4844683.2036
15186,80976372,,11/26/2018 10:00:00 AM,1651,EDWARD ST,BAY ST,150 m East o,Collector,Toronto and East York,43.656603,-79.382831,Non Intersection,No Control,Rain,"Dark, artificial",Wet,Non-Fatal Injury,Pedestrian Collisions,Driver,30 to 34,None,,East,"Automobile, Station Wagon",Going Ahead,Driving Properly,Normal,,,,,,,Yes,,Yes,,,,,Yes,,,,,,170,Yonge-Bay Corridor,76,Bay Street Corridor (76),D52,630401.6653,4835003.2806
15187,80976373,,11/26/2018 10:00:00 AM,1651,EDWARD ST,BAY ST,150 m East o,Collector,Toronto and East York,43.656603,-79.382831,Non Intersection,No Control,Rain,"Dark, artificial",Wet,Non-Fatal Injury,Pedestrian Collisions,Passenger,unknown,None,,,,,,,,,,,,,Yes,,Yes,,,,,Yes,,,,,,170,Yonge-Bay Corridor,76,Bay Street Corridor (76),D52,630401.6653,4835003.2806
15188,80976374,,11/26/2018 10:00:00 AM,1651,EDWARD ST,BAY ST,150 m East o,Collector,Toronto and East York,43.656603,-79.382831,Non Intersection,No Control,Rain,"Dark, artificial",Wet,Non-Fatal Injury,Pedestrian Collisions,Pedestrian,60 to 64,Major,,North,,,,,Vehicle hits the pedestrian walking or running out from between parked vehicles at mid-block,Coming From Behind Parked Vehicle,Normal,,,,Yes,,Yes,,,,,Yes,,,,,,170,Yonge-Bay Corridor,76,Bay Street Corridor (76),D52,630401.6653,4835003.2806
15189,80976055,,11/28/2018 10:00:00 AM,1812,DON MILLS RD,DVP S DON MILLS RD N RAMP,15 m South o,Major Arterial,Toronto and East York,43.702132,-79.335933,Non Intersection,No Control,Clear,Dark,Dry,Non-Fatal Injury,Approaching,Driver,20 to 24,Major,,North,"Automobile, Station Wagon",Going Ahead,Lost control,Unknown,,,,,,,,,Yes,,,,,Yes,,,,,,58,Old East York,58,Old East York (58),D55,634081.9091,4840134.6763
15190,80976056,,11/28/2018 10:00:00 AM,1812,DON MILLS RD,DVP S DON MILLS RD N RAMP,15 m South o,Major Arterial,Toronto and East York,43.702132,-79.335933,Non Intersection,No Control,Clear,Dark,Dry,Non-Fatal Injury,Approaching,Driver,40 to 44,Minor,,South,"Automobile, Station Wagon",Going Ahead,Driving Properly,Normal,,,,,,,,,Yes,,,,,Yes,,,,,,58,Old East York,58,Old East York (58),D55,634081.9091,4840134.6763
15191,80976057,,11/28/2018 10:00:00 AM,1812,DON MILLS RD,DVP S DON MILLS RD N RAMP,15 m South o,Major Arterial,Toronto and East York,43.702132,-79.335933,Non Intersection,No Control,Clear,Dark,Dry,Non-Fatal Injury,Approaching,Passenger,25 to 29,Minor,,,,,,,,,,,,,,,Yes,,,,,Yes,,,,,,58,Old East York,58,Old East York (58),D55,634081.9091,4840134.6763
15192,80976058,,11/28/2018 10:00:00 AM,1812,DON MILLS RD,DVP S DON MILLS RD N RAMP,15 m South o,Major Arterial,Toronto and East York,43.702132,-79.335933,Non Intersection,No Control,Clear,Dark,Dry,Non-Fatal Injury,Approaching,Passenger,25 to 29,Major,,,,,,,,,,,,,,,Yes,,,,,Yes,,,,,,58,Old East York,58,Old East York (58),D55,634081.9091,4840134.6763
15193,80976247,,11/29/2018 10:00:00 AM,253,MCNICOLL AVE,MARKHAM RD,39 m East of,Minor Arterial,North York,43.824164,-79.246722,Non Intersection,No Control,Clear,"Dark, artificial",Dry,Non-Fatal Injury,SMV Other,Driver,20 to 24,Major,,North,"Automobile, Station Wagon",Turning Right,Improper Turn,"Ability Impaired, Alcohol",,,,,,,,,Yes,,,,,,,,,Yes,,144,Morningside Heights,131,Rouge (131),D42,640983.1963,4853836.372
15194,80976558,,11/29/2018 10:00:00 AM,1538,3120 STEELES AVE E,,,Major Arterial,North York,43.814654,-79.34518,At/Near Private Drive,No Control,Clear,Daylight,Dry,Non-Fatal Injury,SMV Other,Driver,75 to 79,Minimal,,South,"Automobile, Station Wagon",Making U Turn,Lost control,Inattentive,,,,,,,,,Yes,,,,,Yes,,,,,,48,Hillcrest Village,48,Hillcrest Village (48),D33,633087.1185,4852617.0348
15195,80976559,,11/29/2018 10:00:00 AM,1538,3120 STEELES AVE E,,,Major Arterial,North York,43.814654,-79.34518,At/Near Private Drive,No Control,Clear,Daylight,Dry,Non-Fatal Injury,SMV Other,Driver,30 to 34,Minimal,,East,"Automobile, Station Wagon",Going Ahead,Driving Properly,Normal,,,,,,,,,Yes,,,,,Yes,,,,,,48,Hillcrest Village,48,Hillcrest Village (48),D33,633087.1185,4852617.0348
15196,80976560,,11/29/2018 10:00:00 AM,1538,3120 STEELES AVE E,,,Major Arterial,North York,43.814654,-79.34518,At/Near Private Drive,No Control,Clear,Daylight,Dry,Non-Fatal Injury,SMV Other,Passenger,50 to 54,None,,,,,,,,,,,,,,,Yes,,,,,Yes,,,,,,48,Hillcrest Village,48,Hillcrest Village (48),D33,633087.1185,4852617.0348
15197,80976561,,11/29/2018 10:00:00 AM,1538,3120 STEELES AVE E,,,Major Arterial,North York,43.814654,-79.34518,At/Near Private Drive,No Control,Clear,Daylight,Dry,Non-Fatal Injury,SMV Other,Passenger,85 to 89,Major,,,,,,,,,,,,,,,Yes,,,,,Yes,,,,,,48,Hillcrest Village,48,Hillcrest Village (48),D33,633087.1185,4852617.0348
15198,80976719,,11/29/2018 10:00:00 AM,1705,KENNEDY RD,PASSMORE AVE,169 m South ,Major Arterial,Scarborough,43.816859,-79.304042,At/Near Private Drive,No Control,Clear,Dusk,Dry,Non-Fatal Injury,Cyclist Collisions,Driver,60 to 64,None,,South,"Automobile, Station Wagon",Going Ahead,Driving Properly,Normal,,,,,,,,Yes,Yes,,,,,Yes,,Yes,,,,130,Milliken,130,Milliken (130),D42,636390.611,4852928.9339
15199,80976720,,11/29/2018 10:00:00 AM,1705,KENNEDY RD,PASSMORE AVE,169 m South ,Major Arterial,Scarborough,43.816859,-79.304042,At/Near Private Drive,No Control,Clear,Dusk,Dry,Non-Fatal Injury,Cyclist Collisions,Cyclist,70 to 74,Major,,East,Bicycle,Going Ahead,,,,,,"Cyclist without ROW rides into path of motorist at inter, lnwy, dwy-Cyclist not turn.",Other,Inattentive,,Yes,Yes,,,,,Yes,,Yes,,,,130,Milliken,130,Milliken (130),D42,636390.611,4852928.9339
15200,80976721,,11/29/2018 10:00:00 AM,1705,KENNEDY RD,PASSMORE AVE,169 m South ,Major Arterial,Scarborough,43.816859,-79.304042,At/Near Private Drive,No Control,Clear,Dusk,Dry,Non-Fatal Injury,Cyclist Collisions,Driver,35 to 39,None,,North,"Automobile, Station Wagon",Going Ahead,Driving Properly,Normal,,,,,,,,Yes,Yes,,,,,Yes,,Yes,,,,130,Milliken,130,Milliken (130),D42,636390.611,4852928.9339
15201,80976722,,11/29/2018 10:00:00 AM,1705,KENNEDY RD,PASSMORE AVE,169 m South ,Major Arterial,Scarborough,43.816859,-79.304042,At/Near Private Drive,No Control,Clear,Dusk,Dry,Non-Fatal Injury,Cyclist Collisions,Passenger,0 to 4,None,,,,,,,,,,,,,,Yes,Yes,,,,,Yes,,Yes,,,,130,Milliken,130,Milliken (130),D42,636390.611,4852928.9339
15202,80976608,,11/29/2018 10:00:00 AM,2232,HIGH PARK BLVD,RONCESVALLES AVE,,Minor Arterial,Toronto and East York,43.646266,-79.449016,At Intersection,Traffic Signal,Clear,Dark,Dry,Non-Fatal Injury,Pedestrian Collisions,Driver,25 to 29,None,,North,"Automobile, Station Wagon",Turning Left,Improper Turn,Inattentive,,,,,,,Yes,,Yes,,,,,,,,,,,86,Roncesvalles,86,Roncesvalles (86),D11,625086.1919,4833753.3365
15203,80976609,,11/29/2018 10:00:00 AM,2232,HIGH PARK BLVD,RONCESVALLES AVE,,Minor Arterial,Toronto and East York,43.646266,-79.449016,At Intersection,Traffic Signal,Clear,Dark,Dry,Non-Fatal Injury,Pedestrian Collisions,Pedestrian,80 to 84,Major,,Unknown,,,,,Vehicle turns left while ped crosses with ROW at inter.,Crossing with right of way,Normal,,,,Yes,,Yes,,,,,,,,,,,86,Roncesvalles,86,Roncesvalles (86),D11,625086.1919,4833753.3365
15204,80976684,,11/30/2018 10:00:00 AM,1440,KEELE ST,ROTHERHAM AVE,,Major Arterial,Etobicoke York,43.685759,-79.473171,At Intersection,Stop Sign,Clear,Daylight,Dry,Non-Fatal Injury,Angle,Driver,55 to 59,None,,East,"Automobile, Station Wagon",Going Ahead,Failed to Yield Right of Way,Inattentive,,,,,,,,,Yes,,,,,,,Yes,,,,110,Keelesdale-Eglinton West,110,Keelesdale-Eglinton West (110),D12,623057.361,4838103.4309
15205,80976685,,11/30/2018 10:00:00 AM,1440,KEELE ST,ROTHERHAM AVE,,Major Arterial,Etobicoke York,43.685759,-79.473171,At Intersection,Stop Sign,Clear,Daylight,Dry,Non-Fatal Injury,Angle,Driver,30 to 34,Major,,South,"Automobile, Station Wagon",Going Ahead,Driving Properly,Normal,,,,,,,,,Yes,,,,,,,Yes,,,,110,Keelesdale-Eglinton West,110,Keelesdale-Eglinton West (110),D12,623057.361,4838103.4309
15206,80976650,,11/30/2018 10:00:00 AM,1720,EGLINTON AVE W,JANE ST,,Major Arterial,Etobicoke York,43.684405,-79.498782,At Intersection,Traffic Signal,Clear,Dusk,Dry,Non-Fatal Injury,Turning Movement,Driver,35 to 39,None,,West,"Automobile, Station Wagon",Turning Left,Failed to Yield Right of Way,Inattentive,,,,,,,,,Yes,,,,,Yes,,Yes,,,,115,Mount Dennis,115,Mount Dennis (115),D12,620995.9037,4837915.3676
15207,80976651,,11/30/2018 10:00:00 AM,1720,EGLINTON AVE W,JANE ST,,Major Arterial,Etobicoke York,43.684405,-79.498782,At Intersection,Traffic Signal,Clear,Dusk,Dry,Non-Fatal Injury,Turning Movement,Driver,80 to 84,Minor,,East,"Automobile, Station Wagon",Going Ahead,Driving Properly,Normal,,,,,,,,,Yes,,,,,Yes,,Yes,,,,115,Mount Dennis,115,Mount Dennis (115),D12,620995.9037,4837915.3676
15208,80976652,,11/30/2018 10:00:00 AM,1720,EGLINTON AVE W,JANE ST,,Major Arterial,Etobicoke York,43.684405,-79.498782,At Intersection,Traffic Signal,Clear,Dusk,Dry,Non-Fatal Injury,Turning Movement,Passenger,40 to 44,None,,,,,,,,,,,,,,,Yes,,,,,Yes,,Yes,,,,115,Mount Dennis,115,Mount Dennis (115),D12,620995.9037,4837915.3676
15209,80976653,,11/30/2018 10:00:00 AM,1720,EGLINTON AVE W,JANE ST,,Major Arterial,Etobicoke York,43.684405,-79.498782,At Intersection,Traffic Signal,Clear,Dusk,Dry,Non-Fatal Injury,Turning Movement,Passenger,0 to 4,None,,,,,,,,,,,,,,,Yes,,,,,Yes,,Yes,,,,115,Mount Dennis,115,Mount Dennis (115),D12,620995.9037,4837915.3676
15210,80976654,,11/30/2018 10:00:00 AM,1720,EGLINTON AVE W,JANE ST,,Major Arterial,Etobicoke York,43.684405,-79.498782,At Intersection,Traffic Signal,Clear,Dusk,Dry,Non-Fatal Injury,Turning Movement,Passenger,75 to 79,Major,,,,,,,,,,,,,,,Yes,,,,,Yes,,Yes,,,,115,Mount Dennis,115,Mount Dennis (115),D12,620995.9037,4837915.3676
15211,80976689,,11/30/2018 10:00:00 AM,1750,KIPLING AVE,BELFIELD RD,,Major Arterial,Etobicoke York,43.70476,-79.563442,At Intersection,Traffic Signal,Clear,Dark,Dry,Non-Fatal Injury,Pedestrian Collisions,Driver,45 to 49,None,,North,"Automobile, Station Wagon",Turning Left,Failed to Yield Right of Way,Inattentive,,,,,,,Yes,,Yes,,,,,,,Yes,,,,1,West Humber-Clairville,1,West Humber-Clairville (1),D23,615745.2006,4840083.7633
15212,80976690,,11/30/2018 10:00:00 AM,1750,KIPLING AVE,BELFIELD RD,,Major Arterial,Etobicoke York,43.70476,-79.563442,At Intersection,Traffic Signal,Clear,Dark,Dry,Non-Fatal Injury,Pedestrian Collisions,Pedestrian,65 to 69,Major,,North,,,,,Vehicle turns left while ped crosses with ROW at inter.,Crossing with right of way,Normal,,,,Yes,,Yes,,,,,,,Yes,,,,1,West Humber-Clairville,1,West Humber-Clairville (1),D23,615745.2006,4840083.7633
15213,80976487,,12/1/2018 10:00:00 AM,1555,BIRCHMOUNT RD,FOXRIDGE DR,,Minor Arterial,Scarborough,43.721755,-79.274471,At Intersection,Traffic Signal,Clear,Daylight,Dry,Non-Fatal Injury,Turning Movement,Driver,15 to 19,Major,,North,"Automobile, Station Wagon",Going Ahead,Exceeding Speed Limit,Unknown,,,,,,,,,Yes,,,,,Yes,Yes,Yes,,,,124,Kennedy Park,124,Kennedy Park (124),D41,638988.8866,4842415.3355
15214,80976488,,12/1/2018 10:00:00 AM,1555,BIRCHMOUNT RD,FOXRIDGE DR,,Minor Arterial,Scarborough,43.721755,-79.274471,At Intersection,Traffic Signal,Clear,Daylight,Dry,Non-Fatal Injury,Turning Movement,Driver,70 to 74,Minimal,,South,"Automobile, Station Wagon",Turning Left,Improper Turn,Normal,,,,,,,,,Yes,,,,,Yes,Yes,Yes,,,,124,Kennedy Park,124,Kennedy Park (124),D41,638988.8866,4842415.3355
15215,80976489,,12/1/2018 10:00:00 AM,1555,BIRCHMOUNT RD,FOXRIDGE DR,,Minor Arterial,Scarborough,43.721755,-79.274471,At Intersection,Traffic Signal,Clear,Daylight,Dry,Non-Fatal Injury,Turning Movement,Passenger,15 to 19,Major,,,,,,,,,,,,,,,Yes,,,,,Yes,Yes,Yes,,,,124,Kennedy Park,124,Kennedy Park (124),D41,638988.8866,4842415.3355
15216,80976490,,12/1/2018 10:00:00 AM,1555,BIRCHMOUNT RD,FOXRIDGE DR,,Minor Arterial,Scarborough,43.721755,-79.274471,At Intersection,Traffic Signal,Clear,Daylight,Dry,Non-Fatal Injury,Turning Movement,Passenger,15 to 19,Minor,,,,,,,,,,,,,,,Yes,,,,,Yes,Yes,Yes,,,,124,Kennedy Park,124,Kennedy Park (124),D41,638988.8866,4842415.3355
15217,80976491,,12/1/2018 10:00:00 AM,1555,BIRCHMOUNT RD,FOXRIDGE DR,,Minor Arterial,Scarborough,43.721755,-79.274471,At Intersection,Traffic Signal,Clear,Daylight,Dry,Non-Fatal Injury,Turning Movement,Passenger,55 to 59,Major,,,,,,,,,,,,,,,Yes,,,,,Yes,Yes,Yes,,,,124,Kennedy Park,124,Kennedy Park (124),D41,638988.8866,4842415.3355
15218,80976404,,12/4/2018 10:00:00 AM,1932,MIDLAND AVE,DORCOT AVE,,Major Arterial,Scarborough,43.758383,-79.267612,Non Intersection,No Control,Clear,Dark,Dry,Fatal,Pedestrian Collisions,Driver,50 to 54,None,,South,"Automobile, Station Wagon",Going Ahead,Driving Properly,Normal,,,,,,,Yes,,Yes,,,,,,,Yes,,,,156,Bendale-Glen Andrew,127,Bendale (127),D41,639456.3076,4846494.9515
15219,80976405,,12/4/2018 10:00:00 AM,1932,MIDLAND AVE,DORCOT AVE,,Major Arterial,Scarborough,43.758383,-79.267612,Non Intersection,No Control,Clear,Dark,Dry,Fatal,Pedestrian Collisions,Pedestrian,55 to 59,Fatal,63,East,,,,,Pedestrian hit at mid-block,"Crossing, no Traffic Control",Normal,,,,Yes,,Yes,,,,,,,Yes,,,,156,Bendale-Glen Andrew,127,Bendale (127),D41,639456.3076,4846494.9515
15220,80984416,,12/7/2018 10:00:00 AM,27,BAYVIEW AVE,HOLMES AVE,,Major Arterial,North York,43.782843,-79.391666,At Intersection,No Control,Snow,"Dark, artificial",Wet,Non-Fatal Injury,Approaching,Driver,35 to 39,Major,,South,"Automobile, Station Wagon",Going Ahead,Lost control,"Ability Impaired, Drugs",,,,,,,,,Yes,,,,,,,,,,,52,Bayview Village,52,Bayview Village (52),D33,629417.1588,4849010.1952
15221,80984417,,12/7/2018 10:00:00 AM,27,BAYVIEW AVE,HOLMES AVE,,Major Arterial,North York,43.782843,-79.391666,At Intersection,No Control,Snow,"Dark, artificial",Wet,Non-Fatal Injury,Approaching,Driver,20 to 24,Minor,,North,"Automobile, Station Wagon",Going Ahead,Driving Properly,Normal,,,,,,,,,Yes,,,,,,,,,,,52,Bayview Village,52,Bayview Village (52),D33,629417.1588,4849010.1952