OBJECTID,INDEX,ACCNUM,DATE,TIME,STREET1,STREET2,OFFSET,ROAD_CLASS,DISTRICT,LATITUDE,LONGITUDE,ACCLOC,TRAFFCTL,VISIBILITY,LIGHT,RDSFCOND,ACCLASS,IMPACTYPE,INVTYPE,INVAGE,INJURY,FATAL_NO,INITDIR,VEHTYPE,MANOEUVER,DRIVACT,DRIVCOND,PEDTYPE,PEDACT,PEDCOND,CYCLISTYPE,CYCACT,CYCCOND,PEDESTRIAN,CYCLIST,AUTOMOBILE,MOTORCYCLE,TRUCK,TRSN_CITY_VEH,EMERG_VEH,PASSENGER,SPEEDING,AG_DRIV,REDLIGHT,ALCOHOL,DISABILITY,HOOD_158,NEIGHBOURHOOD_158,HOOD_140,NEIGHBOURHOOD_140,DIVISION,x,y
15222,80984418,,12/7/2018 10:00:00 AM,27,BAYVIEW AVE,HOLMES AVE,,Major Arterial,North York,43.782843,-79.391666,At Intersection,No Control,Snow,"Dark, artificial",Wet,Non-Fatal Injury,Approaching,Driver,25 to 29,None,,North,"Automobile, Station Wagon",Going Ahead,Driving Properly,Normal,,,,,,,,,Yes,,,,,,,,,,,52,Bayview Village,52,Bayview Village (52),D33,629417.1588,4849010.1952
15223,81070832,,12/7/2018 10:00:00 AM,300,758 QUEEN ST E,,,Minor Arterial,Toronto and East York,43.659239,-79.347896,Non Intersection,No Control,Drifting Snow,"Dark, artificial",Loose Snow,Non-Fatal Injury,Cyclist Collisions,Driver,unknown,None,,South,"Automobile, Station Wagon",Going Ahead,Other,Unknown,,,,,,,,Yes,Yes,,,,,,,,,,,70,South Riverdale,70,South Riverdale (70),D55,633212.8774,4835351.5405
15224,81070833,,12/7/2018 10:00:00 AM,300,758 QUEEN ST E,,,Minor Arterial,Toronto and East York,43.659239,-79.347896,Non Intersection,No Control,Drifting Snow,"Dark, artificial",Loose Snow,Non-Fatal Injury,Cyclist Collisions,Cyclist,40 to 44,Major,,South,Bicycle,Going Ahead,,,,,,Cyclist and Driver travelling in same direction. One vehicle sideswipes the other.,Driving Properly,Normal,,Yes,Yes,,,,,,,,,,,70,South Riverdale,70,South Riverdale (70),D55,633212.8774,4835351.5405
15225,80984303,,12/7/2018 10:00:00 AM,600,MARTIN GROV RD,REXDALE BLVD,250 m South ,Major Arterial,Etobicoke York,43.711745,-79.580135,Non Intersection,No Control,Clear,"Dark, artificial",Dry,Non-Fatal Injury,Pedestrian Collisions,Driver,65 to 69,None,,North,"Automobile, Station Wagon",Going Ahead,Driving Properly,Normal,,,,,,,Yes,,Yes,,,,,,,,,,,1,West Humber-Clairville,1,West Humber-Clairville (1),D23,614386.9292,4840836.3735
15226,80984304,,12/7/2018 10:00:00 AM,600,MARTIN GROV RD,REXDALE BLVD,250 m South ,Major Arterial,Etobicoke York,43.711745,-79.580135,Non Intersection,No Control,Clear,"Dark, artificial",Dry,Non-Fatal Injury,Pedestrian Collisions,Pedestrian,25 to 29,Major,,East,,,,,Pedestrian hit at mid-block,"Crossing, no Traffic Control",Inattentive,,,,Yes,,Yes,,,,,,,,,,,1,West Humber-Clairville,1,West Humber-Clairville (1),D23,614386.9292,4840836.3735
15227,80984295,,12/7/2018 10:00:00 AM,1520,1750 MIDLAND AVE,,,Major Arterial,Scarborough,43.761187,-79.268703,Non Intersection,No Control,Clear,Daylight,Dry,Non-Fatal Injury,Rear End,Driver,45 to 49,Major,,North,"Automobile, Station Wagon",Going Ahead,Other,Inattentive,,,,,,,,,Yes,,,,,Yes,,,,,,156,Bendale-Glen Andrew,127,Bendale (127),D41,639361.9711,4846804.5422
15228,80984296,,12/7/2018 10:00:00 AM,1520,1750 MIDLAND AVE,,,Major Arterial,Scarborough,43.761187,-79.268703,Non Intersection,No Control,Clear,Daylight,Dry,Non-Fatal Injury,Rear End,Driver,40 to 44,None,,North,"Automobile, Station Wagon",Slowing or Stopping,Driving Properly,Normal,,,,,,,,,Yes,,,,,Yes,,,,,,156,Bendale-Glen Andrew,127,Bendale (127),D41,639361.9711,4846804.5422
15229,80984297,,12/7/2018 10:00:00 AM,1520,1750 MIDLAND AVE,,,Major Arterial,Scarborough,43.761187,-79.268703,Non Intersection,No Control,Clear,Daylight,Dry,Non-Fatal Injury,Rear End,Driver,30 to 34,Minimal,,North,"Automobile, Station Wagon",Stopped,Driving Properly,Normal,,,,,,,,,Yes,,,,,Yes,,,,,,156,Bendale-Glen Andrew,127,Bendale (127),D41,639361.9711,4846804.5422
15230,80984298,,12/7/2018 10:00:00 AM,1520,1750 MIDLAND AVE,,,Major Arterial,Scarborough,43.761187,-79.268703,Non Intersection,No Control,Clear,Daylight,Dry,Non-Fatal Injury,Rear End,Passenger,40 to 44,Minimal,,,,,,,,,,,,,,,Yes,,,,,Yes,,,,,,156,Bendale-Glen Andrew,127,Bendale (127),D41,639361.9711,4846804.5422
15231,80984299,,12/7/2018 10:00:00 AM,1520,1750 MIDLAND AVE,,,Major Arterial,Scarborough,43.761187,-79.268703,Non Intersection,No Control,Clear,Daylight,Dry,Non-Fatal Injury,Rear End,Passenger,10 to 14,None,,,,,,,,,,,,,,,Yes,,,,,Yes,,,,,,156,Bendale-Glen Andrew,127,Bendale (127),D41,639361.9711,4846804.5422
15232,80984300,,12/7/2018 10:00:00 AM,1520,1750 MIDLAND AVE,,,Major Arterial,Scarborough,43.761187,-79.268703,Non Intersection,No Control,Clear,Daylight,Dry,Non-Fatal Injury,Rear End,Passenger,10 to 14,None,,,,,,,,,,,,,,,Yes,,,,,Yes,,,,,,156,Bendale-Glen Andrew,127,Bendale (127),D41,639361.9711,4846804.5422
15233,80975914,,12/7/2018 10:00:00 AM,1830,FINCH AVE E,WAYSIDE AVE,,Major Arterial,Scarborough,43.80044,-79.299564,Intersection Related,No Control,Clear,Dark,Dry,Fatal,Pedestrian Collisions,Driver,60 to 64,None,,West,Passenger Van,Going Ahead,Driving Properly,Normal,,,,,,,Yes,,Yes,,,,,,,,,,,148,East L'Amoreaux,117,L'Amoreaux (117),D42,636788.2163,4851112.731
15234,80985325,,12/7/2018 10:00:00 AM,1830,FINCH AVE E,WAYSIDE AVE,,Major Arterial,Scarborough,43.80044,-79.299564,Intersection Related,No Control,Clear,Dark,Dry,Fatal,Pedestrian Collisions,Pedestrian,80 to 84,Fatal,64,North,,,,,Pedestrian hit at mid-block,"Crossing, no Traffic Control",Normal,,,,Yes,,Yes,,,,,,,,,,,148,East L'Amoreaux,117,L'Amoreaux (117),D42,636788.2163,4851112.731
15235,80984399,,12/8/2018 10:00:00 AM,1601,STEELES AVE W,MARTIN GROVE RD,50 m East of,Major Arterial,Etobicoke York,43.757952,-79.60258,Non Intersection,No Control,Clear,Daylight,Dry,Non-Fatal Injury,Other,Driver,50 to 54,None,,West,Municipal Transit Bus (TTC),Slowing or Stopping,Driving Properly,Normal,,,,,,,,,,,,Yes,,Yes,,,,,,2,Mount Olive-Silverstone-Jamestown,2,Mount Olive-Silverstone-Jamestown (2),D23,612492.1598,4845937.5866
15236,80984400,,12/8/2018 10:00:00 AM,1601,STEELES AVE W,MARTIN GROVE RD,50 m East of,Major Arterial,Etobicoke York,43.757952,-79.60258,Non Intersection,No Control,Clear,Daylight,Dry,Non-Fatal Injury,Other,Passenger,50 to 54,Major,,,,,,,,,,,,,,,,,,Yes,,Yes,,,,,,2,Mount Olive-Silverstone-Jamestown,2,Mount Olive-Silverstone-Jamestown (2),D23,612492.1598,4845937.5866
15237,81163660,,12/9/2018 10:00:00 AM,49,CENTENNIAL PARK RD,RATHBURN RD,25 m North o,Local,Etobicoke York,43.650893,-79.58118,At Intersection,No Control,Clear,"Dark, artificial",Dry,Non-Fatal Injury,SMV Other,Driver,25 to 29,Major,,South,"Automobile, Station Wagon",Going Ahead,Lost control,Had Been Drinking,,,,,,,,,Yes,,,,,,,,,,,11,Eringate-Centennial-West Deane,11,Eringate-Centennial-West Deane (11),D22,614418.3512,4834076.5151
15238,80984325,,12/9/2018 10:00:00 AM,1650,176 LAWRENCE AVE E,,50 m East of,Major Arterial,North York,43.726988,-79.392947,Non Intersection,No Control,Clear,Daylight,Dry,Non-Fatal Injury,SMV Unattended Vehicle,Driver,65 to 69,Major,,West,"Automobile, Station Wagon",Going Ahead,Lost control,Unknown,,,,,,,,,Yes,,,,,,,Yes,,,,103,Lawrence Park South,103,Lawrence Park South (103),D53,629434.4451,4842804.6598
15239,81514426,,12/9/2018 10:00:00 AM,1650,176 LAWRENCE AVE E,,50 m East of,Major Arterial,North York,43.726988,-79.392947,Non Intersection,No Control,Clear,Daylight,Dry,Non-Fatal Injury,SMV Unattended Vehicle,Other,unknown,None,,West,,Parked,,,,,,,,,,,Yes,,,,,,,Yes,,,,103,Lawrence Park South,103,Lawrence Park South (103),D53,629434.4451,4842804.6598
15240,81239830,,12/10/2018 10:00:00 AM,1617,SHEPPARD AVE E,KENNEDY RD,100 m East o,Major Arterial,North York,43.7834,-79.287288,Non Intersection,No Control,Clear,Daylight,Dry,Non-Fatal Injury,Pedestrian Collisions,Driver,50 to 54,None,,East,"Automobile, Station Wagon",Going Ahead,Driving Properly,Normal,,,,,,,Yes,,Yes,,,,,,,,,,,128,Agincourt South-Malvern West,128,Agincourt South-Malvern West (128),D42,637814.9082,4849240.533
15241,81239831,,12/10/2018 10:00:00 AM,1617,SHEPPARD AVE E,KENNEDY RD,100 m East o,Major Arterial,North York,43.7834,-79.287288,Non Intersection,No Control,Clear,Daylight,Dry,Non-Fatal Injury,Pedestrian Collisions,Pedestrian,20 to 24,Major,,South,"Automobile, Station Wagon",,,,Pedestrian hit at mid-block,"Crossing, no Traffic Control",Normal,,,,Yes,,Yes,,,,,,,,,,,128,Agincourt South-Malvern West,128,Agincourt South-Malvern West (128),D42,637814.9082,4849240.533
15242,80984431,,12/11/2018 10:00:00 AM,1811,MARLEE AVE,ROMAR CRES,,Minor Arterial,North York,43.706256,-79.442699,At Intersection,No Control,Clear,"Dark, artificial",Wet,Non-Fatal Injury,Pedestrian Collisions,Driver,30 to 34,None,,South,Pick Up Truck,Turning Left,Failed to Yield Right of Way,Normal,,,,,,,Yes,,Yes,,,,,Yes,,Yes,,,,31,Yorkdale-Glen Park,31,Yorkdale-Glen Park (31),D13,625470.5702,4840425.5718
15243,80984432,,12/11/2018 10:00:00 AM,1811,MARLEE AVE,ROMAR CRES,,Minor Arterial,North York,43.706256,-79.442699,At Intersection,No Control,Clear,"Dark, artificial",Wet,Non-Fatal Injury,Pedestrian Collisions,Passenger,30 to 34,None,,,,,,,,,,,,,Yes,,Yes,,,,,Yes,,Yes,,,,31,Yorkdale-Glen Park,31,Yorkdale-Glen Park (31),D13,625470.5702,4840425.5718
15244,80984433,,12/11/2018 10:00:00 AM,1811,MARLEE AVE,ROMAR CRES,,Minor Arterial,North York,43.706256,-79.442699,At Intersection,No Control,Clear,"Dark, artificial",Wet,Non-Fatal Injury,Pedestrian Collisions,Passenger,30 to 34,None,,,,,,,,,,,,,Yes,,Yes,,,,,Yes,,Yes,,,,31,Yorkdale-Glen Park,31,Yorkdale-Glen Park (31),D13,625470.5702,4840425.5718
15245,80984434,,12/11/2018 10:00:00 AM,1811,MARLEE AVE,ROMAR CRES,,Minor Arterial,North York,43.706256,-79.442699,At Intersection,No Control,Clear,"Dark, artificial",Wet,Non-Fatal Injury,Pedestrian Collisions,Pedestrian,50 to 54,Major,,South,,,,,Vehicle turns left while ped crosses with ROW at inter.,Crossing with right of way,Normal,,,,Yes,,Yes,,,,,Yes,,Yes,,,,31,Yorkdale-Glen Park,31,Yorkdale-Glen Park (31),D13,625470.5702,4840425.5718
15246,80984038,,12/12/2018 10:00:00 AM,1538,PROGRESS AVE,SHEPPARD AVE E,,Major Arterial,Scarborough,43.794589,-79.234897,At Intersection,Traffic Signal,Clear,Daylight,Dry,Non-Fatal Injury,Pedestrian Collisions,Driver,60 to 64,None,,West,Municipal Transit Bus (TTC),Turning Left,Failed to Yield Right of Way,Normal,,,,,,,Yes,,,,,Yes,,,,Yes,,,,146,Malvern East,132,Malvern (132),D42,642004.1444,4850571.8078
15247,80984039,,12/12/2018 10:00:00 AM,1538,PROGRESS AVE,SHEPPARD AVE E,,Major Arterial,Scarborough,43.794589,-79.234897,At Intersection,Traffic Signal,Clear,Daylight,Dry,Non-Fatal Injury,Pedestrian Collisions,Pedestrian,60 to 64,Major,,West,,,,,Pedestrian involved in a collision with transit vehicle anywhere along roadway,Crossing with right of way,Normal,,,,Yes,,,,,Yes,,,,Yes,,,,146,Malvern East,132,Malvern (132),D42,642004.1444,4850571.8078
15248,80984717,,12/12/2018 10:00:00 AM,1602,GOSFORD BLVD,SHOREHAM DR,5 m South of,Collector,North York,43.768191,-79.522922,At Intersection,Stop Sign,Clear,"Dark, artificial",Wet,Non-Fatal Injury,Pedestrian Collisions,Driver,50 to 54,None,,East,"Automobile, Station Wagon",Turning Right,Failed to Yield Right of Way,Inattentive,,,,,,,Yes,,Yes,,,,,,,Yes,,,,24,Black Creek,24,Black Creek (24),D31,618884.3829,4847186.0526
15249,80984718,,12/12/2018 10:00:00 AM,1602,GOSFORD BLVD,SHOREHAM DR,5 m South of,Collector,North York,43.768191,-79.522922,At Intersection,Stop Sign,Clear,"Dark, artificial",Wet,Non-Fatal Injury,Pedestrian Collisions,Pedestrian,65 to 69,Major,,West,,,,,Vehicle turns right while ped crosses with ROW at inter.,Crossing with right of way,Normal,,,,Yes,,Yes,,,,,,,Yes,,,,24,Black Creek,24,Black Creek (24),D31,618884.3829,4847186.0526
15250,80984815,,12/12/2018 10:00:00 AM,2205,3030 DON MILLS RD W,,160 m South ,Major Arterial,North York,43.785887,-79.353244,Non Intersection,No Control,Clear,"Dark, artificial",Other,Non-Fatal Injury,SMV Other,Driver,20 to 24,Major,,South,"Automobile, Station Wagon",Going Ahead,Speed too Fast For Condition,Inattentive,,,,,,,,,Yes,,,,,Yes,Yes,Yes,,,,47,Don Valley Village,47,Don Valley Village (47),D33,632502.1507,4849409.0626
15251,80984816,,12/12/2018 10:00:00 AM,2205,3030 DON MILLS RD W,,160 m South ,Major Arterial,North York,43.785887,-79.353244,Non Intersection,No Control,Clear,"Dark, artificial",Other,Non-Fatal Injury,SMV Other,Passenger,20 to 24,None,,,,,,,,,,,,,,,Yes,,,,,Yes,Yes,Yes,,,,47,Don Valley Village,47,Don Valley Village (47),D33,632502.1507,4849409.0626
15252,80984817,,12/12/2018 10:00:00 AM,2205,3030 DON MILLS RD W,,160 m South ,Major Arterial,North York,43.785887,-79.353244,Non Intersection,No Control,Clear,"Dark, artificial",Other,Non-Fatal Injury,SMV Other,Passenger,20 to 24,Minor,,,,,,,,,,,,,,,Yes,,,,,Yes,Yes,Yes,,,,47,Don Valley Village,47,Don Valley Village (47),D33,632502.1507,4849409.0626
15253,80984818,,12/12/2018 10:00:00 AM,2205,3030 DON MILLS RD W,,160 m South ,Major Arterial,North York,43.785887,-79.353244,Non Intersection,No Control,Clear,"Dark, artificial",Other,Non-Fatal Injury,SMV Other,Passenger,20 to 24,Minor,,,,,,,,,,,,,,,Yes,,,,,Yes,Yes,Yes,,,,47,Don Valley Village,47,Don Valley Village (47),D33,632502.1507,4849409.0626
15254,81239599,,12/13/2018 10:00:00 AM,1737,BATHURST ST,HARBORD ST,,Major Arterial,Etobicoke York,43.661441,-79.409732,At Intersection,Traffic Signal,Clear,Dark,Dry,Non-Fatal Injury,Pedestrian Collisions,Driver,55 to 59,None,,South,"Automobile, Station Wagon",Going Ahead,Driving Properly,Normal,,,,,,,Yes,,Yes,,,,,Yes,,,,,,79,University,79,University (79),D14,628222.1617,4835498.6787
15255,81239600,,12/13/2018 10:00:00 AM,1737,BATHURST ST,HARBORD ST,,Major Arterial,Etobicoke York,43.661441,-79.409732,At Intersection,Traffic Signal,Clear,Dark,Dry,Non-Fatal Injury,Pedestrian Collisions,Passenger,20 to 24,None,,,,,,,,,,,,,Yes,,Yes,,,,,Yes,,,,,,79,University,79,University (79),D14,628222.1617,4835498.6787
15256,81239601,,12/13/2018 10:00:00 AM,1737,BATHURST ST,HARBORD ST,,Major Arterial,Etobicoke York,43.661441,-79.409732,At Intersection,Traffic Signal,Clear,Dark,Dry,Non-Fatal Injury,Pedestrian Collisions,Passenger,20 to 24,None,,,,,,,,,,,,,Yes,,Yes,,,,,Yes,,,,,,79,University,79,University (79),D14,628222.1617,4835498.6787
15257,81239602,,12/13/2018 10:00:00 AM,1737,BATHURST ST,HARBORD ST,,Major Arterial,Etobicoke York,43.661441,-79.409732,At Intersection,Traffic Signal,Clear,Dark,Dry,Non-Fatal Injury,Pedestrian Collisions,Pedestrian,10 to 14,Major,,West,,,,,Vehicle is going straight thru inter.while ped cross without ROW,Crossing without right of way,Inattentive,,,,Yes,,Yes,,,,,Yes,,,,,,79,University,79,University (79),D14,628222.1617,4835498.6787
15258,80984706,,12/15/2018 10:00:00 AM,2000,REXDALE BLVD,QUEENS PLATE DR,,Major Arterial,Etobicoke York,43.719145,-79.603442,At Intersection,Traffic Signal,Clear,"Dark, artificial",Dry,Non-Fatal Injury,Pedestrian Collisions,Driver,unknown,None,,East,"Automobile, Station Wagon",Turning Left,Failed to Yield Right of Way,Unknown,,,,,,,Yes,,Yes,,,,,,,Yes,,,,1,West Humber-Clairville,1,West Humber-Clairville (1),D23,612495.4151,4841626.3484
15259,80984707,,12/15/2018 10:00:00 AM,2000,REXDALE BLVD,QUEENS PLATE DR,,Major Arterial,Etobicoke York,43.719145,-79.603442,At Intersection,Traffic Signal,Clear,"Dark, artificial",Dry,Non-Fatal Injury,Pedestrian Collisions,Pedestrian,55 to 59,Major,,East,,,,,Vehicle turns left while ped crosses with ROW at inter.,Crossing with right of way,Normal,,,,Yes,,Yes,,,,,,,Yes,,,,1,West Humber-Clairville,1,West Humber-Clairville (1),D23,612495.4151,4841626.3484
15260,80984670,,12/18/2018 10:00:00 AM,612,DUFFERIN ST,BRIDGELAND AVE,,Major Arterial,North York,43.726924,-79.457614,At Intersection,Traffic Signal,Clear,"Dark, artificial",Dry,Non-Fatal Injury,Angle,Driver,30 to 34,None,,South,Delivery Van,Going Ahead,Disobeyed Traffic Control,Inattentive,,,,,,,,,Yes,,,,,Yes,,Yes,Yes,,,31,Yorkdale-Glen Park,31,Yorkdale-Glen Park (31),D32,624226.1538,4842698.5792
15261,80984671,,12/18/2018 10:00:00 AM,612,DUFFERIN ST,BRIDGELAND AVE,,Major Arterial,North York,43.726924,-79.457614,At Intersection,Traffic Signal,Clear,"Dark, artificial",Dry,Non-Fatal Injury,Angle,Driver,50 to 54,Minor,,West,"Automobile, Station Wagon",Going Ahead,Driving Properly,Normal,,,,,,,,,Yes,,,,,Yes,,Yes,Yes,,,31,Yorkdale-Glen Park,31,Yorkdale-Glen Park (31),D32,624226.1538,4842698.5792
15262,80984672,,12/18/2018 10:00:00 AM,612,DUFFERIN ST,BRIDGELAND AVE,,Major Arterial,North York,43.726924,-79.457614,At Intersection,Traffic Signal,Clear,"Dark, artificial",Dry,Non-Fatal Injury,Angle,Passenger,70 to 74,Major,,,,,,,,,,,,,,,Yes,,,,,Yes,,Yes,Yes,,,31,Yorkdale-Glen Park,31,Yorkdale-Glen Park (31),D32,624226.1538,4842698.5792
15263,81450332,,12/19/2018 10:00:00 AM,1740,85 EDMONTON DR,,2 m East of,Local,North York,43.785544,-79.3399,Non Intersection,No Control,Clear,"Dark, artificial",Dry,Non-Fatal Injury,Pedestrian Collisions,Driver,45 to 49,None,,East,"Automobile, Station Wagon",Reversing,Other,Normal,,,,,,,Yes,,Yes,,,,,Yes,,,,,,46,Pleasant View,46,Pleasant View (46),D33,633576.6173,4849392.4133
15264,81450333,,12/19/2018 10:00:00 AM,1740,85 EDMONTON DR,,2 m East of,Local,North York,43.785544,-79.3399,Non Intersection,No Control,Clear,"Dark, artificial",Dry,Non-Fatal Injury,Pedestrian Collisions,Passenger,15 to 19,None,,,,,,,,,,,,,Yes,,Yes,,,,,Yes,,,,,,46,Pleasant View,46,Pleasant View (46),D33,633576.6173,4849392.4133
15265,81450334,,12/19/2018 10:00:00 AM,1740,85 EDMONTON DR,,2 m East of,Local,North York,43.785544,-79.3399,Non Intersection,No Control,Clear,"Dark, artificial",Dry,Non-Fatal Injury,Pedestrian Collisions,Pedestrian,65 to 69,Major,,South,,,,,Vehicle is reversing and hits pedestrian,Other,Normal,,,,Yes,,Yes,,,,,Yes,,,,,,46,Pleasant View,46,Pleasant View (46),D33,633576.6173,4849392.4133
15266,80984941,,12/21/2018 10:00:00 AM,710,MCLEVIN AVE,MALVERN ST,,Minor Arterial,Scarborough,43.799807,-79.237598,Intersection Related,No Control,Rain,"Dark, artificial",Wet,Non-Fatal Injury,Pedestrian Collisions,Driver,45 to 49,None,,East,"Automobile, Station Wagon",Going Ahead,Driving Properly,Normal,,,,,,,Yes,,Yes,,,,,,,,,,,145,Malvern West,132,Malvern (132),D42,641774.5021,4851146.7198
15267,80984942,,12/21/2018 10:00:00 AM,710,MCLEVIN AVE,MALVERN ST,,Minor Arterial,Scarborough,43.799807,-79.237598,Intersection Related,No Control,Rain,"Dark, artificial",Wet,Non-Fatal Injury,Pedestrian Collisions,Pedestrian,20 to 24,Major,,North,,,,,Vehicle is going straight thru inter.while ped cross without ROW,Crossing without right of way,Normal,,,,Yes,,Yes,,,,,,,,,,,145,Malvern West,132,Malvern (132),D42,641774.5021,4851146.7198
15268,80985326,,12/22/2018 10:00:00 AM,623,DAVENPORT  RD,HAZELTON  AVE,42.9 M EAST ,Major Arterial,Toronto and East York,43.67512,-79.394153,Non Intersection,No Control,Clear,"Dawn, artificial",Dry,Fatal,Pedestrian Collisions,Pedestrian,50 to 54,Fatal,65,Unknown,,,,,Pedestrian hit at mid-block,Other,Normal,,,,Yes,,Yes,,,,,,Yes,Yes,,,,95,Annex,95,Annex (95),D53,629448.8896,4837042.1095
15269,80985327,,12/22/2018 10:00:00 AM,623,DAVENPORT  RD,HAZELTON  AVE,42.9 M EAST ,Major Arterial,Toronto and East York,43.67512,-79.394153,Non Intersection,No Control,Clear,"Dawn, artificial",Dry,Fatal,Pedestrian Collisions,Pedestrian,50 to 54,Major,,Unknown,,,,,Pedestrian hit at mid-block,Other,Normal,,,,Yes,,Yes,,,,,,Yes,Yes,,,,95,Annex,95,Annex (95),D53,629448.8896,4837042.1095
15270,80985328,,12/22/2018 10:00:00 AM,623,DAVENPORT  RD,HAZELTON  AVE,42.9 M EAST ,Major Arterial,Toronto and East York,43.67512,-79.394153,Non Intersection,No Control,Clear,"Dawn, artificial",Dry,Fatal,Pedestrian Collisions,Driver,55 to 59,None,,West,"Automobile, Station Wagon",Going Ahead,Lost control,Inattentive,,,,,,,Yes,,Yes,,,,,,Yes,Yes,,,,95,Annex,95,Annex (95),D53,629448.8896,4837042.1095
15271,80985312,,12/22/2018 10:00:00 AM,1205,ISLINGTON AVE,JUTLAND RD,25 m South o,Major Arterial,Etobicoke York,43.628871,-79.516948,At Intersection,Traffic Signal,Clear,Daylight,Dry,Non-Fatal Injury,Rear End,Driver,40 to 44,None,,North,"Automobile, Station Wagon",Going Ahead,Following too Close,Normal,,,,,,,,,Yes,,,,,Yes,,Yes,,,,16,Stonegate-Queensway,16,Stonegate-Queensway (16),D22,619641.9743,4831721.2591
15272,80985313,,12/22/2018 10:00:00 AM,1205,ISLINGTON AVE,JUTLAND RD,25 m South o,Major Arterial,Etobicoke York,43.628871,-79.516948,At Intersection,Traffic Signal,Clear,Daylight,Dry,Non-Fatal Injury,Rear End,Driver,55 to 59,None,,North,"Automobile, Station Wagon",Stopped,Driving Properly,Normal,,,,,,,,,Yes,,,,,Yes,,Yes,,,,16,Stonegate-Queensway,16,Stonegate-Queensway (16),D22,619641.9743,4831721.2591
15273,80985314,,12/22/2018 10:00:00 AM,1205,ISLINGTON AVE,JUTLAND RD,25 m South o,Major Arterial,Etobicoke York,43.628871,-79.516948,At Intersection,Traffic Signal,Clear,Daylight,Dry,Non-Fatal Injury,Rear End,Passenger,20 to 24,Major,,,,,,,,,,,,,,,Yes,,,,,Yes,,Yes,,,,16,Stonegate-Queensway,16,Stonegate-Queensway (16),D22,619641.9743,4831721.2591
15274,80985232,,12/22/2018 10:00:00 AM,1514,QUEEN ST W,PETER ST,40 m West of,Major Arterial,Toronto and East York,43.649039,-79.394717,Non Intersection,No Control,Clear,Daylight,Dry,Non-Fatal Injury,Pedestrian Collisions,Driver,35 to 39,None,,West,"Automobile, Station Wagon",Going Ahead,Driving Properly,Normal,,,,,,,Yes,,Yes,,,,,,,,,,,164,Wellington Place,77,Waterfront Communities-The Island (77),D52,629459.47,4834144.5878
15275,80985233,,12/22/2018 10:00:00 AM,1514,QUEEN ST W,PETER ST,40 m West of,Major Arterial,Toronto and East York,43.649039,-79.394717,Non Intersection,No Control,Clear,Daylight,Dry,Non-Fatal Injury,Pedestrian Collisions,Pedestrian,25 to 29,Major,,North,,,,,Pedestrian hit at mid-block,"Crossing, no Traffic Control",Normal,,,,Yes,,Yes,,,,,,,,,,,164,Wellington Place,77,Waterfront Communities-The Island (77),D52,629459.47,4834144.5878
15276,80985247,,12/24/2018 10:00:00 AM,2050,FINCH AVE W,MARTIN GROVE RD,89 m East of,Major Arterial,Etobicoke York,43.736979,-79.59064,Non Intersection,No Control,Clear,"Dark, artificial",Dry,Non-Fatal Injury,Approaching,Passenger,10 to 14,Minor,,,,,,,,,,,,,,,Yes,,,,,Yes,,Yes,,Yes,,2,Mount Olive-Silverstone-Jamestown,2,Mount Olive-Silverstone-Jamestown (2),D23,613492.9626,4843624.5192
15277,80985248,,12/24/2018 10:00:00 AM,2050,FINCH AVE W,MARTIN GROVE RD,89 m East of,Major Arterial,Etobicoke York,43.736979,-79.59064,Non Intersection,No Control,Clear,"Dark, artificial",Dry,Non-Fatal Injury,Approaching,Passenger,0 to 4,None,,,,,,,,,,,,,,,Yes,,,,,Yes,,Yes,,Yes,,2,Mount Olive-Silverstone-Jamestown,2,Mount Olive-Silverstone-Jamestown (2),D23,613492.9626,4843624.5192
15278,80985249,,12/24/2018 10:00:00 AM,2050,FINCH AVE W,MARTIN GROVE RD,89 m East of,Major Arterial,Etobicoke York,43.736979,-79.59064,Non Intersection,No Control,Clear,"Dark, artificial",Dry,Non-Fatal Injury,Approaching,Passenger,35 to 39,Major,,,,,,,,,,,,,,,Yes,,,,,Yes,,Yes,,Yes,,2,Mount Olive-Silverstone-Jamestown,2,Mount Olive-Silverstone-Jamestown (2),D23,613492.9626,4843624.5192
15279,80985250,,12/24/2018 10:00:00 AM,2050,FINCH AVE W,MARTIN GROVE RD,89 m East of,Major Arterial,Etobicoke York,43.736979,-79.59064,Non Intersection,No Control,Clear,"Dark, artificial",Dry,Non-Fatal Injury,Approaching,Driver,25 to 29,Minor,,West,"Automobile, Station Wagon",Going Ahead,Lost control,"Ability Impaired, Alcohol Over .08",,,,,,,,,Yes,,,,,Yes,,Yes,,Yes,,2,Mount Olive-Silverstone-Jamestown,2,Mount Olive-Silverstone-Jamestown (2),D23,613492.9626,4843624.5192