OBJECTID,INDEX,ACCNUM,DATE,TIME,STREET1,STREET2,OFFSET,ROAD_CLASS,DISTRICT,LATITUDE,LONGITUDE,ACCLOC,TRAFFCTL,VISIBILITY,LIGHT,RDSFCOND,ACCLASS,IMPACTYPE,INVTYPE,INVAGE,INJURY,FATAL_NO,INITDIR,VEHTYPE,MANOEUVER,DRIVACT,DRIVCOND,PEDTYPE,PEDACT,PEDCOND,CYCLISTYPE,CYCACT,CYCCOND,PEDESTRIAN,CYCLIST,AUTOMOBILE,MOTORCYCLE,TRUCK,TRSN_CITY_VEH,EMERG_VEH,PASSENGER,SPEEDING,AG_DRIV,REDLIGHT,ALCOHOL,DISABILITY,HOOD_158,NEIGHBOURHOOD_158,HOOD_140,NEIGHBOURHOOD_140,DIVISION,x,y
15280,80985251,,12/24/2018 10:00:00 AM,2050,FINCH AVE W,MARTIN GROVE RD,89 m East of,Major Arterial,Etobicoke York,43.736979,-79.59064,Non Intersection,No Control,Clear,"Dark, artificial",Dry,Non-Fatal Injury,Approaching,Driver,40 to 44,Minor,,East,"Automobile, Station Wagon",Going Ahead,Driving Properly,Normal,,,,,,,,,Yes,,,,,Yes,,Yes,,Yes,,2,Mount Olive-Silverstone-Jamestown,2,Mount Olive-Silverstone-Jamestown (2),D23,613492.9626,4843624.5192
15281,80985064,,12/25/2018 10:00:00 AM,2130,COSBURN AVE,WOODMOUNT AVE,,Minor Arterial,Toronto and East York,43.695811,-79.319873,At Intersection,Stop Sign,Clear,"Dark, artificial",Wet,Non-Fatal Injury,Angle,Driver,50 to 54,Major,,South,"Automobile, Station Wagon",Going Ahead,Failed to Yield Right of Way,Normal,,,,,,,,,Yes,,,,Yes,Yes,Yes,Yes,,,,59,Danforth East York,59,Danforth East York (59),D55,635390.1817,4839458.7393
15282,80985065,,12/25/2018 10:00:00 AM,2130,COSBURN AVE,WOODMOUNT AVE,,Minor Arterial,Toronto and East York,43.695811,-79.319873,At Intersection,Stop Sign,Clear,"Dark, artificial",Wet,Non-Fatal Injury,Angle,Driver,30 to 34,None,,West,Police Vehicle,Going Ahead,Driving Properly,Normal,,,,,,,,,Yes,,,,Yes,Yes,Yes,Yes,,,,59,Danforth East York,59,Danforth East York (59),D55,635390.1817,4839458.7393
15283,80985066,,12/25/2018 10:00:00 AM,2130,COSBURN AVE,WOODMOUNT AVE,,Minor Arterial,Toronto and East York,43.695811,-79.319873,At Intersection,Stop Sign,Clear,"Dark, artificial",Wet,Non-Fatal Injury,Angle,Other,unknown,None,,North,Pick Up Truck,Parked,,,,,,,,,,,Yes,,,,Yes,Yes,Yes,Yes,,,,59,Danforth East York,59,Danforth East York (59),D55,635390.1817,4839458.7393
15284,80985067,,12/25/2018 10:00:00 AM,2130,COSBURN AVE,WOODMOUNT AVE,,Minor Arterial,Toronto and East York,43.695811,-79.319873,At Intersection,Stop Sign,Clear,"Dark, artificial",Wet,Non-Fatal Injury,Angle,Passenger,80 to 84,Minor,,,,,,,,,,,,,,,Yes,,,,Yes,Yes,Yes,Yes,,,,59,Danforth East York,59,Danforth East York (59),D55,635390.1817,4839458.7393
15285,80985068,,12/25/2018 10:00:00 AM,2130,COSBURN AVE,WOODMOUNT AVE,,Minor Arterial,Toronto and East York,43.695811,-79.319873,At Intersection,Stop Sign,Clear,"Dark, artificial",Wet,Non-Fatal Injury,Angle,Passenger,75 to 79,Minor,,,,,,,,,,,,,,,Yes,,,,Yes,Yes,Yes,Yes,,,,59,Danforth East York,59,Danforth East York (59),D55,635390.1817,4839458.7393
15286,80985069,,12/25/2018 10:00:00 AM,2130,COSBURN AVE,WOODMOUNT AVE,,Minor Arterial,Toronto and East York,43.695811,-79.319873,At Intersection,Stop Sign,Clear,"Dark, artificial",Wet,Non-Fatal Injury,Angle,Passenger,55 to 59,Minor,,,,,,,,,,,,,,,Yes,,,,Yes,Yes,Yes,Yes,,,,59,Danforth East York,59,Danforth East York (59),D55,635390.1817,4839458.7393
15287,80985070,,12/25/2018 10:00:00 AM,2130,COSBURN AVE,WOODMOUNT AVE,,Minor Arterial,Toronto and East York,43.695811,-79.319873,At Intersection,Stop Sign,Clear,"Dark, artificial",Wet,Non-Fatal Injury,Angle,Other,40 to 44,None,,,,,,,,,,,,,,,Yes,,,,Yes,Yes,Yes,Yes,,,,59,Danforth East York,59,Danforth East York (59),D55,635390.1817,4839458.7393
15288,80985216,,12/26/2018 10:00:00 AM,1853,4968 DUNDAS ST W,,,Major Arterial,Etobicoke York,43.647521,-79.529773,Non Intersection,No Control,Clear,"Dark, artificial",Dry,Fatal,Pedestrian Collisions,Driver,40 to 44,None,,West,"Automobile, Station Wagon",Changing Lanes,Other,Had Been Drinking,,,,,,,Yes,,Yes,,,,,,,,,,,159,Etobicoke City Centre,14,Islington-City Centre West (14),D22,618570.6494,4833774.1726
15289,80985217,,12/26/2018 10:00:00 AM,1853,4968 DUNDAS ST W,,,Major Arterial,Etobicoke York,43.647521,-79.529773,Non Intersection,No Control,Clear,"Dark, artificial",Dry,Fatal,Pedestrian Collisions,Pedestrian,75 to 79,Fatal,66,North,,,,,Pedestrian hit at mid-block,"Crossing, no Traffic Control",Normal,,,,Yes,,Yes,,,,,,,,,,,159,Etobicoke City Centre,14,Islington-City Centre West (14),D22,618570.6494,4833774.1726
15290,81070986,,12/31/2018 10:00:00 AM,650,BRIMLEY RD,PROGRESS AVE,,Major Arterial,Scarborough,43.77521,-79.263149,At Intersection,Traffic Signal,Clear,"Dark, artificial",Wet,Non-Fatal Injury,Angle,Driver,60 to 64,None,,South,"Automobile, Station Wagon",Going Ahead,Disobeyed Traffic Control,Normal,,,,,,,,,Yes,,,,,Yes,,Yes,Yes,,,156,Bendale-Glen Andrew,127,Bendale (127),D43,639776.3803,4848371.3757
15291,81070987,,12/31/2018 10:00:00 AM,650,BRIMLEY RD,PROGRESS AVE,,Major Arterial,Scarborough,43.77521,-79.263149,At Intersection,Traffic Signal,Clear,"Dark, artificial",Wet,Non-Fatal Injury,Angle,Driver,20 to 24,Major,,West,"Automobile, Station Wagon",Going Ahead,Driving Properly,Normal,,,,,,,,,Yes,,,,,Yes,,Yes,Yes,,,156,Bendale-Glen Andrew,127,Bendale (127),D43,639776.3803,4848371.3757
15292,81070988,,12/31/2018 10:00:00 AM,650,BRIMLEY RD,PROGRESS AVE,,Major Arterial,Scarborough,43.77521,-79.263149,At Intersection,Traffic Signal,Clear,"Dark, artificial",Wet,Non-Fatal Injury,Angle,Passenger,55 to 59,None,,,,,,,,,,,,,,,Yes,,,,,Yes,,Yes,Yes,,,156,Bendale-Glen Andrew,127,Bendale (127),D43,639776.3803,4848371.3757
15293,81070255,,1/1/2019 10:00:00 AM,438,ST CLAIR AVE W,DUFFERIN ST,5 m East of,Major Arterial,Etobicoke York,43.67789,-79.443042,Intersection Related,Traffic Signal,Clear,"Dark, artificial",Wet,Non-Fatal Injury,Pedestrian Collisions,Driver,unknown,None,,South,,Going Ahead,Other,Unknown,,,,,,,Yes,,,,,,,,,,,,,92,Corso Italia-Davenport,92,Corso Italia-Davenport (92),D13,625502.0871,4837274.6195
15294,81070256,,1/1/2019 10:00:00 AM,438,ST CLAIR AVE W,DUFFERIN ST,5 m East of,Major Arterial,Etobicoke York,43.67789,-79.443042,Intersection Related,Traffic Signal,Clear,"Dark, artificial",Wet,Non-Fatal Injury,Pedestrian Collisions,Pedestrian,30 to 34,Major,,West,,,,,Unknown,Other,Normal,,,,Yes,,,,,,,,,,,,,92,Corso Italia-Davenport,92,Corso Italia-Davenport (92),D13,625502.0871,4837274.6195
15295,81070930,,1/2/2019 10:00:00 AM,1405,LEXINGTON AVE,SILVERSTONE DR,W of,Local,Etobicoke York,43.744177,-79.601718,Non Intersection,No Control,Clear,Daylight,Dry,Fatal,SMV Other,Passenger,50 to 54,Fatal,9,,,,,,,,,,,,,,Yes,,,,,Yes,,Yes,,,,1,West Humber-Clairville,1,West Humber-Clairville (1),D23,612587.3757,4844408.8453
15296,81071310,,1/2/2019 10:00:00 AM,1405,LEXINGTON AVE,SILVERSTONE DR,W of,Local,Etobicoke York,43.744177,-79.601718,Non Intersection,No Control,Clear,Daylight,Dry,Fatal,SMV Other,Driver,unknown,None,,West,"Automobile, Station Wagon",Going Ahead,Lost control,Unknown,,,,,,,,,Yes,,,,,Yes,,Yes,,,,1,West Humber-Clairville,1,West Humber-Clairville (1),D23,612587.3757,4844408.8453
15297,81071129,,1/4/2019 10:00:00 AM,1325,BATHURST ST,BAINBRIDGE AVE,,Major Arterial,North York,43.750693,-79.437297,At Intersection,Traffic Signal,Clear,Daylight,Dry,Non-Fatal Injury,Pedestrian Collisions,Driver,35 to 39,None,,West,"Automobile, Station Wagon",Turning Left,Failed to Yield Right of Way,Normal,,,,,,,Yes,,Yes,,,,,,,Yes,,,,38,Lansing-Westgate,38,Lansing-Westgate (38),D32,625812.739,4845369.1298
15298,81071130,,1/4/2019 10:00:00 AM,1325,BATHURST ST,BAINBRIDGE AVE,,Major Arterial,North York,43.750693,-79.437297,At Intersection,Traffic Signal,Clear,Daylight,Dry,Non-Fatal Injury,Pedestrian Collisions,Pedestrian,30 to 34,Major,,East,,,,,Vehicle turns left while ped crosses with ROW at inter.,Crossing with right of way,Normal,,,,Yes,,Yes,,,,,,,Yes,,,,38,Lansing-Westgate,38,Lansing-Westgate (38),D32,625812.739,4845369.1298
15299,81071485,,1/4/2019 10:00:00 AM,1920,COLLEGE ST,ELIZABETH ST,,Major Arterial,Toronto and East York,43.660441,-79.387386,At Intersection,Traffic Signal,Clear,"Dark, artificial",Dry,Non-Fatal Injury,Pedestrian Collisions,Driver,45 to 49,None,,West,"Automobile, Station Wagon",Turning Left,Failed to Yield Right of Way,Inattentive,,,,,,,Yes,,Yes,,,,,,,Yes,,,,170,Yonge-Bay Corridor,76,Bay Street Corridor (76),D52,630026.0809,4835422.3928
15300,81071486,,1/4/2019 10:00:00 AM,1920,COLLEGE ST,ELIZABETH ST,,Major Arterial,Toronto and East York,43.660441,-79.387386,At Intersection,Traffic Signal,Clear,"Dark, artificial",Dry,Non-Fatal Injury,Pedestrian Collisions,Pedestrian,60 to 64,Major,,East,,,,,Vehicle turns left while ped crosses with ROW at inter.,Crossing with right of way,Normal,,,,Yes,,Yes,,,,,,,Yes,,,,170,Yonge-Bay Corridor,76,Bay Street Corridor (76),D52,630026.0809,4835422.3928
15301,81070923,,1/7/2019 10:00:00 AM,2012,CLOSE  AVE,QUEEN  ST W,119 m south,Local,Toronto and East York,43.639567,-79.435504,Non Intersection,No Control,Rain,"Dark, artificial",Wet,Fatal,Pedestrian Collisions,Driver,65 to 69,None,,South,"Automobile, Station Wagon",Going Ahead,Following too Close,Normal,,,,,,,Yes,,Yes,,,,,,Yes,Yes,,,,85,South Parkdale,85,South Parkdale (85),D14,626189.964,4833029.7808
15302,81070924,,1/7/2019 10:00:00 AM,2012,CLOSE  AVE,QUEEN  ST W,119 m south,Local,Toronto and East York,43.639567,-79.435504,Non Intersection,No Control,Rain,"Dark, artificial",Wet,Fatal,Pedestrian Collisions,Wheelchair,60 to 64,Fatal,1,South,,,,,Pedestrian hit at mid-block,Other,Normal,,,,Yes,,Yes,,,,,,Yes,Yes,,,,85,South Parkdale,85,South Parkdale (85),D14,626189.964,4833029.7808
15303,81070931,,1/8/2019 10:00:00 AM,1838,O CONNOR DR,ST CLAIR AVE E,190 metre no,Major Arterial,Toronto and East York,43.70674,-79.311771,Non Intersection,No Control,Rain,"Dark, artificial",Wet,Fatal,Pedestrian Collisions,Pedestrian,65 to 69,Fatal,4,West,,,,,Pedestrian hit at mid-block,"Crossing, no Traffic Control",Inattentive,,,,Yes,,Yes,,,,,,,,,,,54,O'Connor-Parkview,54,O'Connor-Parkview (54),D55,636018.3576,4840685.8219
15304,81071306,,1/8/2019 10:00:00 AM,1838,O CONNOR DR,ST CLAIR AVE E,190 metre no,Major Arterial,Toronto and East York,43.70674,-79.311771,Non Intersection,No Control,Rain,"Dark, artificial",Wet,Fatal,Pedestrian Collisions,Driver,55 to 59,None,,South,Delivery Van,Going Ahead,Driving Properly,Normal,,,,,,,Yes,,Yes,,,,,,,,,,,54,O'Connor-Parkview,54,O'Connor-Parkview (54),D55,636018.3576,4840685.8219
15305,81070763,,1/8/2019 10:00:00 AM,2110,HALFWAY AVE,MORNINGSIDE AVE,,Minor Arterial,Scarborough,43.817847,-79.213687,At Intersection,No Control,Rain,"Dark, artificial",Wet,Non-Fatal Injury,Pedestrian Collisions,Driver,70 to 74,None,,East,"Automobile, Station Wagon",Turning Right,Driving Properly,Normal,,,,,,,Yes,,Yes,,,,,,,,,,,146,Malvern East,132,Malvern (132),D42,643654.7617,4853191.6
15306,81070764,,1/8/2019 10:00:00 AM,2110,HALFWAY AVE,MORNINGSIDE AVE,,Minor Arterial,Scarborough,43.817847,-79.213687,At Intersection,No Control,Rain,"Dark, artificial",Wet,Non-Fatal Injury,Pedestrian Collisions,Pedestrian,45 to 49,Major,,West,,,,,Vehicle turns right while ped crosses without ROW at inter.,Crossing without right of way,Normal,,,,Yes,,Yes,,,,,,,,,,,146,Malvern East,132,Malvern (132),D42,643654.7617,4853191.6
15307,81070391,,1/9/2019 10:00:00 AM,1853,3825 SHEPPARD AVE E,,99 m East of,Major Arterial,Scarborough,43.782298,-79.292247,Non Intersection,No Control,Clear,"Dark, artificial",Dry,Non-Fatal Injury,Pedestrian Collisions,Driver,unknown,None,,East,"Automobile, Station Wagon",Going Ahead,Other,Unknown,,,,,,,Yes,,Yes,,,,,,Yes,Yes,,,,118,Tam O'Shanter-Sullivan,118,Tam O'Shanter-Sullivan (118),D42,637418.3985,4849109.8946
15308,81070392,,1/9/2019 10:00:00 AM,1853,3825 SHEPPARD AVE E,,99 m East of,Major Arterial,Scarborough,43.782298,-79.292247,Non Intersection,No Control,Clear,"Dark, artificial",Dry,Non-Fatal Injury,Pedestrian Collisions,Pedestrian,85 to 89,Major,,South,,,,,Pedestrian hit at mid-block,"Crossing, no Traffic Control",Normal,,,,Yes,,Yes,,,,,,Yes,Yes,,,,118,Tam O'Shanter-Sullivan,118,Tam O'Shanter-Sullivan (118),D42,637418.3985,4849109.8946
15309,81070579,,1/11/2019 10:00:00 AM,1836,ELLESMERE RD,MILITARY TRL,,Major Arterial,Scarborough,43.786505,-79.188281,At Intersection,Traffic Signal,Clear,"Dark, artificial",Dry,Non-Fatal Injury,Pedestrian Collisions,Driver,50 to 54,None,,East,"Automobile, Station Wagon",Going Ahead,Driving Properly,Normal,,,,,,,Yes,,Yes,,,,,,,,,,,134,Highland Creek,134,Highland Creek (134),D43,645774.1435,4849754.9913
15310,81070580,,1/11/2019 10:00:00 AM,1836,ELLESMERE RD,MILITARY TRL,,Major Arterial,Scarborough,43.786505,-79.188281,At Intersection,Traffic Signal,Clear,"Dark, artificial",Dry,Non-Fatal Injury,Pedestrian Collisions,Pedestrian,20 to 24,Major,,North,,,,,Vehicle is going straight thru inter.while ped cross without ROW,Crossing without right of way,Inattentive,,,,Yes,,Yes,,,,,,,,,,,134,Highland Creek,134,Highland Creek (134),D43,645774.1435,4849754.9913
15311,81070922,,1/12/2019 10:00:00 AM,2213,MCCOWAN  RD,BRIMORTON  DR,100 m south,Major Arterial,Scarborough,43.764414,-79.248561,Non Intersection,No Control,Clear,"Dark, artificial",Dry,Fatal,Sideswipe,Driver,40 to 44,Fatal,2,South,"Automobile, Station Wagon",Changing Lanes,Lost control,Inattentive,,,,,,,,,Yes,,,,,,Yes,Yes,,,,156,Bendale-Glen Andrew,127,Bendale (127),D43,640975.7542,4847197.0439
15312,81070925,,1/12/2019 10:00:00 AM,2213,MCCOWAN  RD,BRIMORTON  DR,100 m south,Major Arterial,Scarborough,43.764414,-79.248561,Non Intersection,No Control,Clear,"Dark, artificial",Dry,Fatal,Sideswipe,Driver,30 to 34,None,,South,"Automobile, Station Wagon",Going Ahead,Lost control,Inattentive,,,,,,,,,Yes,,,,,,Yes,Yes,,,,156,Bendale-Glen Andrew,127,Bendale (127),D43,640975.7542,4847197.0439
15313,81242001,,1/14/2019 10:00:00 AM,1900,MURISON BLVD,MILNER AVE,2 m East of,Minor Arterial,Scarborough,43.79893,-79.202266,At Intersection,Traffic Signal,Clear,"Dark, artificial",Dry,Non-Fatal Injury,Pedestrian Collisions,Driver,20 to 24,None,,South,"Automobile, Station Wagon",Turning Left,Failed to Yield Right of Way,Inattentive,,,,,,,Yes,,Yes,,,,,Yes,,Yes,,,,146,Malvern East,132,Malvern (132),D42,644618.8963,4851110.4533
15314,81242002,,1/14/2019 10:00:00 AM,1900,MURISON BLVD,MILNER AVE,2 m East of,Minor Arterial,Scarborough,43.79893,-79.202266,At Intersection,Traffic Signal,Clear,"Dark, artificial",Dry,Non-Fatal Injury,Pedestrian Collisions,Pedestrian,25 to 29,Major,,North,,,,,Vehicle turns left while ped crosses with ROW at inter.,Crossing with right of way,Normal,,,,Yes,,Yes,,,,,Yes,,Yes,,,,146,Malvern East,132,Malvern (132),D42,644618.8963,4851110.4533
15315,81242003,,1/14/2019 10:00:00 AM,1900,MURISON BLVD,MILNER AVE,2 m East of,Minor Arterial,Scarborough,43.79893,-79.202266,At Intersection,Traffic Signal,Clear,"Dark, artificial",Dry,Non-Fatal Injury,Pedestrian Collisions,Pedestrian,0 to 4,None,,North,,,,,Vehicle turns left while ped crosses with ROW at inter.,Crossing with right of way,Normal,,,,Yes,,Yes,,,,,Yes,,Yes,,,,146,Malvern East,132,Malvern (132),D42,644618.8963,4851110.4533
15316,81242004,,1/14/2019 10:00:00 AM,1900,MURISON BLVD,MILNER AVE,2 m East of,Minor Arterial,Scarborough,43.79893,-79.202266,At Intersection,Traffic Signal,Clear,"Dark, artificial",Dry,Non-Fatal Injury,Pedestrian Collisions,Passenger,20 to 24,None,,,,,,,,,,,,,Yes,,Yes,,,,,Yes,,Yes,,,,146,Malvern East,132,Malvern (132),D42,644618.8963,4851110.4533
15317,81070927,,1/15/2019 10:00:00 AM,555,155 UNIVERSITY AVE,,,Major Arterial,Toronto and East York,43.648467,-79.38531,Laneway,No Control,Clear,"Dark, artificial",Dry,Fatal,Pedestrian Collisions,Pedestrian,55 to 59,Fatal,3,Unknown,,,,,Vehicle is reversing and hits pedestrian,Other,Normal,,,,Yes,,,,Yes,,,,,,,,,170,Yonge-Bay Corridor,76,Bay Street Corridor (76),D52,630219.35,4834095.7778
15318,81542015,,1/15/2019 10:00:00 AM,555,155 UNIVERSITY AVE,,,Major Arterial,Toronto and East York,43.648467,-79.38531,Laneway,No Control,Clear,"Dark, artificial",Dry,Fatal,Pedestrian Collisions,Driver,25 to 29,None,,West,"Truck - Closed (Blazer, etc)",Reversing,Other,Normal,,,,,,,Yes,,,,Yes,,,,,,,,,170,Yonge-Bay Corridor,76,Bay Street Corridor (76),D52,630219.35,4834095.7778
15319,81070932,,1/16/2019 10:00:00 AM,1303,ALLEN X S LAWRENCE E RAMP,LAWRENCE AVE W,,Major Arterial,North York,43.715869,-79.444942,At Intersection,Traffic Signal,Clear,Daylight,Dry,Fatal,Pedestrian Collisions,Pedestrian,40 to 44,Fatal,5,Unknown,,,,,Vehicle turns right while ped crosses with ROW at inter.,Crossing with right of way,Normal,,,,Yes,,,,Yes,,,,,,,,,31,Yorkdale-Glen Park,31,Yorkdale-Glen Park (31),D13,625269.8229,4841489.8381
15320,81071307,,1/16/2019 10:00:00 AM,1303,ALLEN X S LAWRENCE E RAMP,LAWRENCE AVE W,,Major Arterial,North York,43.715869,-79.444942,At Intersection,Traffic Signal,Clear,Daylight,Dry,Fatal,Pedestrian Collisions,Driver,unknown,None,,South,Truck - Dump,Turning Right,Improper Turn,Unknown,,,,,,,Yes,,,,Yes,,,,,,,,,31,Yorkdale-Glen Park,31,Yorkdale-Glen Park (31),D13,625269.8229,4841489.8381
15321,81070929,,1/16/2019 10:00:00 AM,1332,2350 DUFFERIN ST,,,Major Arterial,Toronto and East York,43.69525,-79.450084,Non Intersection,No Control,Clear,Daylight,Dry,Fatal,Pedestrian Collisions,Pedestrian,75 to 79,Fatal,8,East,,,,,Pedestrian hit at mid-block,"Crossing, no Traffic Control",Had Been Drinking,,,,Yes,,,,Yes,,,,,,,,,107,Oakwood Village,107,Oakwood Village (107),D13,624898.4118,4839192.0523
15322,81071308,,1/16/2019 10:00:00 AM,1332,2350 DUFFERIN ST,,,Major Arterial,Toronto and East York,43.69525,-79.450084,Non Intersection,No Control,Clear,Daylight,Dry,Fatal,Pedestrian Collisions,Driver,25 to 29,None,,South,Truck (other),Going Ahead,Driving Properly,Normal,,,,,,,Yes,,,,Yes,,,,,,,,,107,Oakwood Village,107,Oakwood Village (107),D13,624898.4118,4839192.0523
15323,81070997,,1/17/2019 10:00:00 AM,1900,DANFORTH RD,PATTERSON AVE,,Minor Arterial,Scarborough,43.694689,-79.27637,At Intersection,No Control,Clear,"Dark, artificial",Dry,Non-Fatal Injury,Pedestrian Collisions,Driver,unknown,None,,North,"Automobile, Station Wagon",Turning Left,Failed to Yield Right of Way,Unknown,,,,,,,Yes,,Yes,,,,,,,Yes,,,,121,Oakridge,121,Oakridge (121),D41,638898.429,4839406.0825
15324,81070998,,1/17/2019 10:00:00 AM,1900,DANFORTH RD,PATTERSON AVE,,Minor Arterial,Scarborough,43.694689,-79.27637,At Intersection,No Control,Clear,"Dark, artificial",Dry,Non-Fatal Injury,Pedestrian Collisions,Pedestrian,65 to 69,Major,,South,,,,,Vehicle turns left while ped crosses with ROW at inter.,Crossing with right of way,Normal,,,,Yes,,Yes,,,,,,,Yes,,,,121,Oakridge,121,Oakridge (121),D41,638898.429,4839406.0825
15325,81070933,,1/17/2019 10:00:00 AM,2122,LENNOX  ST,BATHURST  ST,,Major Arterial,Toronto and East York,43.663756,-79.410678,At Intersection,Traffic Signal,Clear,"Dark, artificial",Dry,Fatal,Pedestrian Collisions,Pedestrian,65 to 69,Fatal,6,North,,,,,Vehicle turns right while ped crosses with ROW at inter.,Other,Had Been Drinking,,,,Yes,,,,Yes,,,,,Yes,,,,79,University,79,University (79),D14,628140.9604,4835754.3286
15326,81071311,,1/17/2019 10:00:00 AM,2122,LENNOX  ST,BATHURST  ST,,Major Arterial,Toronto and East York,43.663756,-79.410678,At Intersection,Traffic Signal,Clear,"Dark, artificial",Dry,Fatal,Pedestrian Collisions,Driver,55 to 59,None,,East,"Truck - Closed (Blazer, etc)",Turning Right,Failed to Yield Right of Way,Unknown,,,,,,,Yes,,,,Yes,,,,,Yes,,,,79,University,79,University (79),D14,628140.9604,4835754.3286
15327,81070926,,1/19/2019 10:00:00 AM,530,MILLWOOD RD,LAIRD DR,,Major Arterial,North York,43.702204,-79.359363,Non Intersection,No Control,Clear,"Dark, artificial",Dry,Fatal,SMV Other,Driver,20 to 24,Fatal,7,South,"Automobile, Station Wagon",Going Ahead,Speed too Fast For Condition,Unknown,,,,,,,,,Yes,,,,,Yes,Yes,Yes,,,,56,Leaside-Bennington,56,Leaside-Bennington (56),D53,632193.8626,4840105.046
15328,81071309,,1/19/2019 10:00:00 AM,530,MILLWOOD RD,LAIRD DR,,Major Arterial,North York,43.702204,-79.359363,Non Intersection,No Control,Clear,"Dark, artificial",Dry,Fatal,SMV Other,Passenger,20 to 24,None,,,,,,,,,,,,,,,Yes,,,,,Yes,Yes,Yes,,,,56,Leaside-Bennington,56,Leaside-Bennington (56),D53,632193.8626,4840105.046
15329,81071049,,1/19/2019 10:00:00 AM,2115,BATHURST ST,NIAGARA ST,,Major Arterial,Toronto and East York,43.641841,-79.401851,At Intersection,Traffic Signal,Snow,"Dark, artificial",Packed Snow,Non-Fatal Injury,Pedestrian Collisions,Driver,25 to 29,None,,South,"Automobile, Station Wagon",Going Ahead,Driving Properly,Normal,,,,,,,Yes,,Yes,,,,,,,,,,,164,Wellington Place,77,Waterfront Communities-The Island (77),D14,628899.5306,4833334.0521
15330,81071050,,1/19/2019 10:00:00 AM,2115,BATHURST ST,NIAGARA ST,,Major Arterial,Toronto and East York,43.641841,-79.401851,At Intersection,Traffic Signal,Snow,"Dark, artificial",Packed Snow,Non-Fatal Injury,Pedestrian Collisions,Pedestrian,40 to 44,Major,,Unknown,,,,,Vehicle is going straight thru inter.while ped cross without ROW,Crossing without right of way,Inattentive,,,,Yes,,Yes,,,,,,,,,,,164,Wellington Place,77,Waterfront Communities-The Island (77),D14,628899.5306,4833334.0521
15331,81474531,,1/20/2019 10:00:00 AM,515,FINCH AVE W,ISLINGTON AVE,300 m East o,Major Arterial,Etobicoke York,43.745352,-79.572002,Non Intersection,No Control,Snow,"Dark, artificial",Loose Snow,Non-Fatal Injury,Approaching,Driver,35 to 39,None,,West,Pick Up Truck,Going Ahead,Lost control,Normal,,,,,,,,,Yes,,,,,Yes,,,,,,3,Thistletown-Beaumond Heights,3,Thistletown-Beaumond Heights (3),D23,614977.8258,4844580.1584
15332,81474532,,1/20/2019 10:00:00 AM,515,FINCH AVE W,ISLINGTON AVE,300 m East o,Major Arterial,Etobicoke York,43.745352,-79.572002,Non Intersection,No Control,Snow,"Dark, artificial",Loose Snow,Non-Fatal Injury,Approaching,Driver,55 to 59,Minor,,East,"Automobile, Station Wagon",Going Ahead,Driving Properly,Normal,,,,,,,,,Yes,,,,,Yes,,,,,,3,Thistletown-Beaumond Heights,3,Thistletown-Beaumond Heights (3),D23,614977.8258,4844580.1584
15333,81474533,,1/20/2019 10:00:00 AM,515,FINCH AVE W,ISLINGTON AVE,300 m East o,Major Arterial,Etobicoke York,43.745352,-79.572002,Non Intersection,No Control,Snow,"Dark, artificial",Loose Snow,Non-Fatal Injury,Approaching,Passenger,40 to 44,Major,,,,,,,,,,,,,,,Yes,,,,,Yes,,,,,,3,Thistletown-Beaumond Heights,3,Thistletown-Beaumond Heights (3),D23,614977.8258,4844580.1584
15334,81242273,,1/21/2019 10:00:00 AM,1125,BAY ST,WELLINGTON ST W,5 m North of,Major Arterial,Toronto and East York,43.647261,-79.379688,At Intersection,Traffic Signal,Clear,Daylight,Dry,Non-Fatal Injury,Pedestrian Collisions,Driver,50 to 54,None,,North,"Automobile, Station Wagon",Going Ahead,Disobeyed Traffic Control,Normal,,,,,,,Yes,,Yes,,,,,,,Yes,Yes,,,170,Yonge-Bay Corridor,76,Bay Street Corridor (76),D52,630675.3655,4833970.6729
15335,81242274,,1/21/2019 10:00:00 AM,1125,BAY ST,WELLINGTON ST W,5 m North of,Major Arterial,Toronto and East York,43.647261,-79.379688,At Intersection,Traffic Signal,Clear,Daylight,Dry,Non-Fatal Injury,Pedestrian Collisions,Pedestrian,65 to 69,Major,,West,,,,,Vehicle is going straight thru inter.while ped cross with ROW,Crossing with right of way,Normal,,,,Yes,,Yes,,,,,,,Yes,Yes,,,170,Yonge-Bay Corridor,76,Bay Street Corridor (76),D52,630675.3655,4833970.6729
15336,81071188,,1/24/2019 10:00:00 AM,639,284 OAKWOOD AVE,,2 m South of,Minor Arterial,Etobicoke York,43.684207,-79.437534,Non Intersection,No Control,Freezing Rain,"Dark, artificial",Ice,Non-Fatal Injury,Pedestrian Collisions,Driver,25 to 29,None,,South,Pick Up Truck,Going Ahead,Lost control,Normal,,,,,,,Yes,,Yes,,,,,,,,,,,107,Oakwood Village,107,Oakwood Village (107),D13,625932.859,4837984.5567
15337,81071189,,1/24/2019 10:00:00 AM,639,284 OAKWOOD AVE,,2 m South of,Minor Arterial,Etobicoke York,43.684207,-79.437534,Non Intersection,No Control,Freezing Rain,"Dark, artificial",Ice,Non-Fatal Injury,Pedestrian Collisions,Pedestrian,50 to 54,Major,,Unknown,,,,,Pedestrian hit at private driveway,Person Getting on/off Vehicle,Normal,,,,Yes,,Yes,,,,,,,,,,,107,Oakwood Village,107,Oakwood Village (107),D13,625932.859,4837984.5567