OBJECTID,INDEX,ACCNUM,DATE,TIME,STREET1,STREET2,OFFSET,ROAD_CLASS,DISTRICT,LATITUDE,LONGITUDE,ACCLOC,TRAFFCTL,VISIBILITY,LIGHT,RDSFCOND,ACCLASS,IMPACTYPE,INVTYPE,INVAGE,INJURY,FATAL_NO,INITDIR,VEHTYPE,MANOEUVER,DRIVACT,DRIVCOND,PEDTYPE,PEDACT,PEDCOND,CYCLISTYPE,CYCACT,CYCCOND,PEDESTRIAN,CYCLIST,AUTOMOBILE,MOTORCYCLE,TRUCK,TRSN_CITY_VEH,EMERG_VEH,PASSENGER,SPEEDING,AG_DRIV,REDLIGHT,ALCOHOL,DISABILITY,HOOD_158,NEIGHBOURHOOD_158,HOOD_140,NEIGHBOURHOOD_140,DIVISION,x,y
15396,81075419,,3/1/2019 10:00:00 AM,1609,2721 VICTORIA PARK AVE,,,Major Arterial,Scarborough,43.776492,-79.323627,Non Intersection,No Control,Clear,Daylight,Dry,Non-Fatal Injury,Pedestrian Collisions,Passenger,15 to 19,None,,,,,,,,,,,,,Yes,,Yes,,,,,Yes,,,,,,46,Pleasant View,46,Pleasant View (46),D33,634906.3633,4848413.4356
15397,81075420,,3/1/2019 10:00:00 AM,1609,2721 VICTORIA PARK AVE,,,Major Arterial,Scarborough,43.776492,-79.323627,Non Intersection,No Control,Clear,Daylight,Dry,Non-Fatal Injury,Pedestrian Collisions,Passenger,15 to 19,None,,,,,,,,,,,,,Yes,,Yes,,,,,Yes,,,,,,46,Pleasant View,46,Pleasant View (46),D33,634906.3633,4848413.4356
15398,81075421,,3/1/2019 10:00:00 AM,1609,2721 VICTORIA PARK AVE,,,Major Arterial,Scarborough,43.776492,-79.323627,Non Intersection,No Control,Clear,Daylight,Dry,Non-Fatal Injury,Pedestrian Collisions,Passenger,15 to 19,None,,,,,,,,,,,,,Yes,,Yes,,,,,Yes,,,,,,46,Pleasant View,46,Pleasant View (46),D33,634906.3633,4848413.4356
15399,81075422,,3/1/2019 10:00:00 AM,1609,2721 VICTORIA PARK AVE,,,Major Arterial,Scarborough,43.776492,-79.323627,Non Intersection,No Control,Clear,Daylight,Dry,Non-Fatal Injury,Pedestrian Collisions,Passenger,15 to 19,None,,,,,,,,,,,,,Yes,,Yes,,,,,Yes,,,,,,46,Pleasant View,46,Pleasant View (46),D33,634906.3633,4848413.4356
15400,81262859,,3/4/2019 10:00:00 AM,1755,GARDINER LAKESHORE  E,LOWER JARVIS ST,55 m West of,Expressway Ramp,Toronto and East York,43.645365,-79.370364,Non Intersection,No Control,Clear,Daylight,Dry,Non-Fatal Injury,Pedestrian Collisions,Pedestrian,25 to 29,Major,,Unknown,,,,,Pedestrian hit at mid-block,Other,Other,,,,Yes,,Yes,,,,,,,,,,,166,St Lawrence-East Bayfront-The Islands,77,Waterfront Communities-The Island (77),D51,631431.4731,4833774.8214
15401,81262860,,3/4/2019 10:00:00 AM,1755,GARDINER LAKESHORE  E,LOWER JARVIS ST,55 m West of,Expressway Ramp,Toronto and East York,43.645365,-79.370364,Non Intersection,No Control,Clear,Daylight,Dry,Non-Fatal Injury,Pedestrian Collisions,Driver,25 to 29,None,,East,"Automobile, Station Wagon",Going Ahead,Driving Properly,Normal,,,,,,,Yes,,Yes,,,,,,,,,,,166,St Lawrence-East Bayfront-The Islands,77,Waterfront Communities-The Island (77),D51,631431.4731,4833774.8214
15402,81474818,,3/5/2019 10:00:00 AM,547,HIGHWAY 27  N,HUMBER COLLEGE BLVD,,Major Arterial,Etobicoke York,43.730399,-79.601398,At Intersection,Traffic Signal,Clear,"Dark, artificial",Dry,Non-Fatal Injury,Approaching,Driver,60 to 64,Major,,South,"Automobile, Station Wagon",Going Ahead,Lost control,Normal,,,,,,,,,Yes,,,Yes,,,,,,,,1,West Humber-Clairville,1,West Humber-Clairville (1),D23,612638.9713,4842879.0382
15403,81474819,,3/5/2019 10:00:00 AM,547,HIGHWAY 27  N,HUMBER COLLEGE BLVD,,Major Arterial,Etobicoke York,43.730399,-79.601398,At Intersection,Traffic Signal,Clear,"Dark, artificial",Dry,Non-Fatal Injury,Approaching,Driver,45 to 49,Minimal,,North,Municipal Transit Bus (TTC),Going Ahead,Driving Properly,Unknown,,,,,,,,,Yes,,,Yes,,,,,,,,1,West Humber-Clairville,1,West Humber-Clairville (1),D23,612638.9713,4842879.0382
15404,81474820,,3/5/2019 10:00:00 AM,547,HIGHWAY 27  N,HUMBER COLLEGE BLVD,,Major Arterial,Etobicoke York,43.730399,-79.601398,At Intersection,Traffic Signal,Clear,"Dark, artificial",Dry,Non-Fatal Injury,Approaching,Driver,45 to 49,Minimal,,North,Municipal Transit Bus (TTC),Going Ahead,Driving Properly,Normal,,,,,,,,,Yes,,,Yes,,,,,,,,1,West Humber-Clairville,1,West Humber-Clairville (1),D23,612638.9713,4842879.0382
15405,81075072,,3/5/2019 10:00:00 AM,1640,KINGSTON RD,SHARPE ST,,Major Arterial,Scarborough,43.706267,-79.251254,At Intersection,Traffic Signal,Clear,Daylight,Dry,Non-Fatal Injury,Pedestrian Collisions,Driver,20 to 24,None,,West,"Automobile, Station Wagon",Going Ahead,Driving Properly,Normal,,,,,,,Yes,,Yes,,,,,,,,,,,122,Birchcliffe-Cliffside,122,Birchcliffe-Cliffside (122),D41,640895.2985,4840734.3674
15406,81075073,,3/5/2019 10:00:00 AM,1640,KINGSTON RD,SHARPE ST,,Major Arterial,Scarborough,43.706267,-79.251254,At Intersection,Traffic Signal,Clear,Daylight,Dry,Non-Fatal Injury,Pedestrian Collisions,Pedestrian,15 to 19,Major,,North,,,,,Vehicle is going straight thru inter.while ped cross without ROW,Crossing without right of way,Inattentive,,,,Yes,,Yes,,,,,,,,,,,122,Birchcliffe-Cliffside,122,Birchcliffe-Cliffside (122),D41,640895.2985,4840734.3674
15407,81075008,,3/7/2019 10:00:00 AM,901,EGLINTON  AVE W,MCROBERTS  AVE,,Major Arterial,North York,43.693389,-79.460269,Non Intersection,No Control,,Daylight,Other,Fatal,Pedestrian Collisions,Pedestrian,75 to 79,Fatal,13,North,,,,,Pedestrian involved in a collision with transit vehicle anywhere along roadway,Running onto Roadway,,,,,Yes,,,,,Yes,,,,,,,,109,Caledonia-Fairbank,109,Caledonia-Fairbank (109),D13,624081.4945,4838970.0716
15408,81099903,,3/7/2019 10:00:00 AM,901,EGLINTON  AVE W,MCROBERTS  AVE,,Major Arterial,North York,43.693389,-79.460269,Non Intersection,No Control,,Daylight,Other,Fatal,Pedestrian Collisions,Driver,55 to 59,None,,East,Intercity Bus,Going Ahead,Driving Properly,Normal,,,,,,,Yes,,,,,Yes,,,,,,,,109,Caledonia-Fairbank,109,Caledonia-Fairbank (109),D13,624081.4945,4838970.0716
15409,81153390,,3/9/2019 10:00:00 AM,231,LAKE SHORE BLVD W,BAY ST,3 m East of,Major Arterial,Toronto and East York,43.642932,-79.37778,At Intersection,Traffic Signal,Clear,"Dark, artificial",Dry,Non-Fatal Injury,Rear End,Driver,35 to 39,Minor,,West,"Automobile, Station Wagon",Going Ahead,Lost control,"Ability Impaired, Alcohol Over .08",,,,,,,,,Yes,,,,,Yes,,Yes,,Yes,,166,St Lawrence-East Bayfront-The Islands,77,Waterfront Communities-The Island (77),D52,630838.6419,4833492.8872
15410,81153391,,3/9/2019 10:00:00 AM,231,LAKE SHORE BLVD W,BAY ST,3 m East of,Major Arterial,Toronto and East York,43.642932,-79.37778,At Intersection,Traffic Signal,Clear,"Dark, artificial",Dry,Non-Fatal Injury,Rear End,Driver,50 to 54,Minor,,West,"Automobile, Station Wagon",Stopped,Driving Properly,Normal,,,,,,,,,Yes,,,,,Yes,,Yes,,Yes,,166,St Lawrence-East Bayfront-The Islands,77,Waterfront Communities-The Island (77),D52,630838.6419,4833492.8872
15411,81153392,,3/9/2019 10:00:00 AM,231,LAKE SHORE BLVD W,BAY ST,3 m East of,Major Arterial,Toronto and East York,43.642932,-79.37778,At Intersection,Traffic Signal,Clear,"Dark, artificial",Dry,Non-Fatal Injury,Rear End,Passenger,15 to 19,Major,,,,,,,,,,,,,,,Yes,,,,,Yes,,Yes,,Yes,,166,St Lawrence-East Bayfront-The Islands,77,Waterfront Communities-The Island (77),D52,630838.6419,4833492.8872
15412,81153393,,3/9/2019 10:00:00 AM,231,LAKE SHORE BLVD W,BAY ST,3 m East of,Major Arterial,Toronto and East York,43.642932,-79.37778,At Intersection,Traffic Signal,Clear,"Dark, artificial",Dry,Non-Fatal Injury,Rear End,Passenger,15 to 19,Minor,,,,,,,,,,,,,,,Yes,,,,,Yes,,Yes,,Yes,,166,St Lawrence-East Bayfront-The Islands,77,Waterfront Communities-The Island (77),D52,630838.6419,4833492.8872
15413,81153394,,3/9/2019 10:00:00 AM,231,LAKE SHORE BLVD W,BAY ST,3 m East of,Major Arterial,Toronto and East York,43.642932,-79.37778,At Intersection,Traffic Signal,Clear,"Dark, artificial",Dry,Non-Fatal Injury,Rear End,Passenger,20 to 24,Minor,,,,,,,,,,,,,,,Yes,,,,,Yes,,Yes,,Yes,,166,St Lawrence-East Bayfront-The Islands,77,Waterfront Communities-The Island (77),D52,630838.6419,4833492.8872
15414,81153395,,3/9/2019 10:00:00 AM,231,LAKE SHORE BLVD W,BAY ST,3 m East of,Major Arterial,Toronto and East York,43.642932,-79.37778,At Intersection,Traffic Signal,Clear,"Dark, artificial",Dry,Non-Fatal Injury,Rear End,Passenger,15 to 19,Minor,,,,,,,,,,,,,,,Yes,,,,,Yes,,Yes,,Yes,,166,St Lawrence-East Bayfront-The Islands,77,Waterfront Communities-The Island (77),D52,630838.6419,4833492.8872
15415,81469239,,3/12/2019 8:00:00 AM,44,DANFORTH AVE,BYNG AVE,8 m North of,Major Arterial,Scarborough,43.692969,-79.280025,At Intersection,Traffic Signal,Clear,Dark,Dry,Non-Fatal Injury,Approaching,Driver,35 to 39,Minor,,West,"Automobile, Station Wagon",Going Ahead,Lost control,Normal,,,,,,,,,Yes,,,,,Yes,,Yes,,,,121,Oakridge,121,Oakridge (121),D41,638607.8506,4839208.9357
15416,81469240,,3/12/2019 8:00:00 AM,44,DANFORTH AVE,BYNG AVE,8 m North of,Major Arterial,Scarborough,43.692969,-79.280025,At Intersection,Traffic Signal,Clear,Dark,Dry,Non-Fatal Injury,Approaching,Driver,45 to 49,Minor,,East,"Automobile, Station Wagon",Going Ahead,Driving Properly,Normal,,,,,,,,,Yes,,,,,Yes,,Yes,,,,121,Oakridge,121,Oakridge (121),D41,638607.8506,4839208.9357
15417,81469241,,3/12/2019 8:00:00 AM,44,DANFORTH AVE,BYNG AVE,8 m North of,Major Arterial,Scarborough,43.692969,-79.280025,At Intersection,Traffic Signal,Clear,Dark,Dry,Non-Fatal Injury,Approaching,Passenger,35 to 39,Major,,,,,,,,,,,,,,,Yes,,,,,Yes,,Yes,,,,121,Oakridge,121,Oakridge (121),D41,638607.8506,4839208.9357
15418,81100438,,3/12/2019 8:00:00 AM,1830,LAWSON RD,CENTENNIAL RD,,Collector,Scarborough,43.787409,-79.150737,At Intersection,Stop Sign,Clear,Daylight,Dry,Non-Fatal Injury,Pedestrian Collisions,Driver,65 to 69,None,,West,"Automobile, Station Wagon",Going Ahead,Failed to Yield Right of Way,Inattentive,,,,,,,Yes,,Yes,,,,,,,Yes,,,,133,Centennial Scarborough,133,Centennial Scarborough (133),D43,648792.7968,4849922.2015
15419,81100439,,3/12/2019 8:00:00 AM,1830,LAWSON RD,CENTENNIAL RD,,Collector,Scarborough,43.787409,-79.150737,At Intersection,Stop Sign,Clear,Daylight,Dry,Non-Fatal Injury,Pedestrian Collisions,Pedestrian,70 to 74,Major,,South,,,,,Vehicle is going straight thru inter.while ped cross with ROW,Crossing with right of way,Normal,,,,Yes,,Yes,,,,,,,Yes,,,,133,Centennial Scarborough,133,Centennial Scarborough (133),D43,648792.7968,4849922.2015
15420,81262850,,3/13/2019 8:00:00 AM,555,STEELES AVE E,SEWELLS RD,159 m West o,Minor Arterial,Scarborough,43.845545,-79.211932,Non Intersection,No Control,Clear,Dark,Ice,Non-Fatal Injury,Approaching,Driver,50 to 54,Minor,,East,"Automobile, Station Wagon",Going Ahead,Speed too Fast For Condition,Inattentive,,,,,,,,,Yes,,,,,Yes,Yes,Yes,,,,144,Morningside Heights,131,Rouge (131),D42,643729.3908,4856270.9769
15421,81262851,,3/13/2019 8:00:00 AM,555,STEELES AVE E,SEWELLS RD,159 m West o,Minor Arterial,Scarborough,43.845545,-79.211932,Non Intersection,No Control,Clear,Dark,Ice,Non-Fatal Injury,Approaching,Driver,50 to 54,Major,,West,"Automobile, Station Wagon",Going Ahead,Driving Properly,Normal,,,,,,,,,Yes,,,,,Yes,Yes,Yes,,,,144,Morningside Heights,131,Rouge (131),D42,643729.3908,4856270.9769
15422,81262852,,3/13/2019 8:00:00 AM,555,STEELES AVE E,SEWELLS RD,159 m West o,Minor Arterial,Scarborough,43.845545,-79.211932,Non Intersection,No Control,Clear,Dark,Ice,Non-Fatal Injury,Approaching,Passenger,40 to 44,Minimal,,,,,,,,,,,,,,,Yes,,,,,Yes,Yes,Yes,,,,144,Morningside Heights,131,Rouge (131),D42,643729.3908,4856270.9769
15423,81262853,,3/13/2019 8:00:00 AM,555,STEELES AVE E,SEWELLS RD,159 m West o,Minor Arterial,Scarborough,43.845545,-79.211932,Non Intersection,No Control,Clear,Dark,Ice,Non-Fatal Injury,Approaching,Passenger,50 to 54,Major,,,,,,,,,,,,,,,Yes,,,,,Yes,Yes,Yes,,,,144,Morningside Heights,131,Rouge (131),D42,643729.3908,4856270.9769
15424,81262854,,3/13/2019 8:00:00 AM,555,STEELES AVE E,SEWELLS RD,159 m West o,Minor Arterial,Scarborough,43.845545,-79.211932,Non Intersection,No Control,Clear,Dark,Ice,Non-Fatal Injury,Approaching,Passenger,50 to 54,Minor,,,,,,,,,,,,,,,Yes,,,,,Yes,Yes,Yes,,,,144,Morningside Heights,131,Rouge (131),D42,643729.3908,4856270.9769
15425,81163224,,3/13/2019 8:00:00 AM,915,ROYAL YORK RD,KINGSGROVE BLVD,23 m North o,Minor Arterial,Etobicoke York,43.653449,-79.514003,Intersection Related,No Control,Clear,Daylight,Dry,Non-Fatal Injury,Approaching,Driver,35 to 39,Minor,,South,"Automobile, Station Wagon",Overtaking,Improper Passing,Unknown,,,,,,,,,Yes,,,,,,,Yes,,,,15,Kingsway South,15,Kingsway South (15),D22,619830.6876,4834455.2043
15426,81163225,,3/13/2019 8:00:00 AM,915,ROYAL YORK RD,KINGSGROVE BLVD,23 m North o,Minor Arterial,Etobicoke York,43.653449,-79.514003,Intersection Related,No Control,Clear,Daylight,Dry,Non-Fatal Injury,Approaching,Driver,15 to 19,None,,North,"Automobile, Station Wagon",Going Ahead,Driving Properly,Normal,,,,,,,,,Yes,,,,,,,Yes,,,,15,Kingsway South,15,Kingsway South (15),D22,619830.6876,4834455.2043
15427,81163226,,3/13/2019 8:00:00 AM,915,ROYAL YORK RD,KINGSGROVE BLVD,23 m North o,Minor Arterial,Etobicoke York,43.653449,-79.514003,Intersection Related,No Control,Clear,Daylight,Dry,Non-Fatal Injury,Approaching,Driver,70 to 74,Major,,South,"Automobile, Station Wagon",Going Ahead,Driving Properly,Normal,,,,,,,,,Yes,,,,,,,Yes,,,,15,Kingsway South,15,Kingsway South (15),D22,619830.6876,4834455.2043
15428,81163775,,3/13/2019 8:00:00 AM,1650,BAY ST,RICHMOND ST W,,Major Arterial,Toronto and East York,43.651099,-79.38129,At Intersection,Traffic Signal,Clear,Daylight,Dry,Non-Fatal Injury,Pedestrian Collisions,Driver,55 to 59,None,,South,Municipal Transit Bus (TTC),Going Ahead,Driving Properly,Normal,,,,,,,Yes,,,,,Yes,,,,,,,,170,Yonge-Bay Corridor,76,Bay Street Corridor (76),D52,630537.851,4834394.4118
15429,81163776,,3/13/2019 8:00:00 AM,1650,BAY ST,RICHMOND ST W,,Major Arterial,Toronto and East York,43.651099,-79.38129,At Intersection,Traffic Signal,Clear,Daylight,Dry,Non-Fatal Injury,Pedestrian Collisions,Pedestrian,50 to 54,Major,,East,,,,,Pedestrian involved in a collision with transit vehicle anywhere along roadway,Crossing without right of way,Other,,,,Yes,,,,,Yes,,,,,,,,170,Yonge-Bay Corridor,76,Bay Street Corridor (76),D52,630537.851,4834394.4118
15430,81162710,,3/13/2019 8:00:00 AM,2128,BATHURST ST,DUNDAS ST W,3 m West of,Major Arterial,Toronto and East York,43.652239,-79.405978,At Intersection,Traffic Signal,Clear,"Dark, artificial",Dry,Non-Fatal Injury,Pedestrian Collisions,Driver,70 to 74,None,,West,"Automobile, Station Wagon",Turning Left,Improper Turn,Unknown,,,,,,,Yes,,Yes,,,,,,,,,,,78,Kensington-Chinatown,78,Kensington-Chinatown (78),D14,628544.4806,4834482.4839
15431,81162711,,3/13/2019 8:00:00 AM,2128,BATHURST ST,DUNDAS ST W,3 m West of,Major Arterial,Toronto and East York,43.652239,-79.405978,At Intersection,Traffic Signal,Clear,"Dark, artificial",Dry,Non-Fatal Injury,Pedestrian Collisions,Pedestrian,60 to 64,Major,,West,,,,,Vehicle turns left while ped crosses with ROW at inter.,Crossing with right of way,Normal,,,,Yes,,Yes,,,,,,,,,,,78,Kensington-Chinatown,78,Kensington-Chinatown (78),D14,628544.4806,4834482.4839
15432,81162629,,3/15/2019 8:00:00 AM,2246,MCCOWAN RD,ALTON TOWERS CRCL,14 m North o,Major Arterial,Scarborough,43.826819,-79.275867,Intersection Related,No Control,Rain,"Dark, artificial",Wet,Non-Fatal Injury,Pedestrian Collisions,Driver,80 to 84,None,,North,"Automobile, Station Wagon",Going Ahead,Driving Properly,Normal,,,,,,,Yes,,Yes,,,,,,,,,,,130,Milliken,130,Milliken (130),D42,638633.4399,4854081.9919
15433,81162630,,3/15/2019 8:00:00 AM,2246,MCCOWAN RD,ALTON TOWERS CRCL,14 m North o,Major Arterial,Scarborough,43.826819,-79.275867,Intersection Related,No Control,Rain,"Dark, artificial",Wet,Non-Fatal Injury,Pedestrian Collisions,Pedestrian,15 to 19,Major,,East,,,,,Pedestrian hit at mid-block,"Crossing, no Traffic Control",Inattentive,,,,Yes,,Yes,,,,,,,,,,,130,Milliken,130,Milliken (130),D42,638633.4399,4854081.9919
15434,81162859,,3/16/2019 8:00:00 AM,2155,BAY ST,WELLINGTON ST W,,Major Arterial,Toronto and East York,43.647261,-79.379688,At Intersection,Traffic Signal,Clear,"Dark, artificial",Wet,Non-Fatal Injury,Pedestrian Collisions,Driver,60 to 64,None,,North,"Automobile, Station Wagon",Turning Left,Driving Properly,Normal,,,,,,,Yes,,Yes,,,,,,,,,,,170,Yonge-Bay Corridor,76,Bay Street Corridor (76),D52,630675.3655,4833970.6729
15435,81162860,,3/16/2019 8:00:00 AM,2155,BAY ST,WELLINGTON ST W,,Major Arterial,Toronto and East York,43.647261,-79.379688,At Intersection,Traffic Signal,Clear,"Dark, artificial",Wet,Non-Fatal Injury,Pedestrian Collisions,Pedestrian,50 to 54,Major,,North,,,,,Vehicle turns left while ped crosses without ROW at inter.,Crossing without right of way,Inattentive,,,,Yes,,Yes,,,,,,,,,,,170,Yonge-Bay Corridor,76,Bay Street Corridor (76),D52,630675.3655,4833970.6729
15436,81270014,,3/17/2019 8:00:00 AM,630,KING ST E,PARLIAMENT ST,36 m West of,Major Arterial,Toronto and East York,43.65232,-79.363742,Non Intersection,No Control,Clear,"Dark, artificial",Dry,Non-Fatal Injury,SMV Other,Driver,20 to 24,None,,East,"Automobile, Station Wagon",Going Ahead,Lost control,Unknown,,,,,,,,,Yes,,,,,Yes,Yes,Yes,,,,73,Moss Park,73,Moss Park (73),D51,631950.3182,4834557.774
15437,81270015,,3/17/2019 8:00:00 AM,630,KING ST E,PARLIAMENT ST,36 m West of,Major Arterial,Toronto and East York,43.65232,-79.363742,Non Intersection,No Control,Clear,"Dark, artificial",Dry,Non-Fatal Injury,SMV Other,Passenger,20 to 24,Major,,,,,,,,,,,,,,,Yes,,,,,Yes,Yes,Yes,,,,73,Moss Park,73,Moss Park (73),D51,631950.3182,4834557.774
15438,81270016,,3/17/2019 8:00:00 AM,630,KING ST E,PARLIAMENT ST,36 m West of,Major Arterial,Toronto and East York,43.65232,-79.363742,Non Intersection,No Control,Clear,"Dark, artificial",Dry,Non-Fatal Injury,SMV Other,Passenger,15 to 19,None,,,,,,,,,,,,,,,Yes,,,,,Yes,Yes,Yes,,,,73,Moss Park,73,Moss Park (73),D51,631950.3182,4834557.774
15439,81163697,,3/18/2019 8:00:00 AM,914,DANFORTH AVE,JONES AVE,,Major Arterial,Toronto and East York,43.679801,-79.340137,At Intersection,Traffic Signal,Clear,Daylight,Dry,Non-Fatal Injury,Pedestrian Collisions,Driver,30 to 34,None,,East,Pick Up Truck,Turning Right,Failed to Yield Right of Way,Inattentive,,,,,,,Yes,,Yes,,,,,,,Yes,,,,69,Blake-Jones,69,Blake-Jones (69),D55,633792.8149,4837647.7165
15440,81163698,,3/18/2019 8:00:00 AM,914,DANFORTH AVE,JONES AVE,,Major Arterial,Toronto and East York,43.679801,-79.340137,At Intersection,Traffic Signal,Clear,Daylight,Dry,Non-Fatal Injury,Pedestrian Collisions,Pedestrian,50 to 54,Major,,West,,,,,Vehicle turns right while ped crosses with ROW at inter.,Crossing with right of way,Normal,,,,Yes,,Yes,,,,,,,Yes,,,,69,Blake-Jones,69,Blake-Jones (69),D55,633792.8149,4837647.7165
15441,81162687,,3/18/2019 8:00:00 AM,1545,LESLIE ST,FINCH AVE E,,Major Arterial,North York,43.789939,-79.36803,At Intersection,Traffic Signal,Clear,Daylight,Dry,Non-Fatal Injury,Pedestrian Collisions,Driver,50 to 54,None,,North,"Automobile, Station Wagon",Going Ahead,Driving Properly,Normal,,,,,,,Yes,,Yes,,,,,Yes,,,,,,47,Don Valley Village,47,Don Valley Village (47),D33,631303.5475,4849835.5389
15442,81162688,,3/18/2019 8:00:00 AM,1545,LESLIE ST,FINCH AVE E,,Major Arterial,North York,43.789939,-79.36803,At Intersection,Traffic Signal,Clear,Daylight,Dry,Non-Fatal Injury,Pedestrian Collisions,Passenger,45 to 49,None,,,,,,,,,,,,,Yes,,Yes,,,,,Yes,,,,,,47,Don Valley Village,47,Don Valley Village (47),D33,631303.5475,4849835.5389
15443,81162689,,3/18/2019 8:00:00 AM,1545,LESLIE ST,FINCH AVE E,,Major Arterial,North York,43.789939,-79.36803,At Intersection,Traffic Signal,Clear,Daylight,Dry,Non-Fatal Injury,Pedestrian Collisions,Pedestrian,10 to 14,Major,,East,,,,,Vehicle is going straight thru inter.while ped cross without ROW,Crossing without right of way,Inattentive,,,,Yes,,Yes,,,,,Yes,,,,,,47,Don Valley Village,47,Don Valley Village (47),D33,631303.5475,4849835.5389
15444,81474010,,3/18/2019 8:00:00 AM,2016,EDWARD ST,BAY ST,25 m East of,Collector,Toronto and East York,43.656611,-79.382869,Non Intersection,No Control,Clear,"Dark, artificial",Dry,Non-Fatal Injury,Cyclist Collisions,Driver,unknown,None,,West,"Automobile, Station Wagon",Going Ahead,Failed to Yield Right of Way,Normal,,,,,,,,Yes,Yes,,,,,,,Yes,,,,170,Yonge-Bay Corridor,76,Bay Street Corridor (76),D52,630398.5838,4835004.1093
15445,81474011,,3/18/2019 8:00:00 AM,2016,EDWARD ST,BAY ST,25 m East of,Collector,Toronto and East York,43.656611,-79.382869,Non Intersection,No Control,Clear,"Dark, artificial",Dry,Non-Fatal Injury,Cyclist Collisions,Cyclist,35 to 39,Major,,East,Bicycle,Stopped,,,,,,Insufficient information (to determine cyclist crash type).,Driving Properly,Normal,,Yes,Yes,,,,,,,Yes,,,,170,Yonge-Bay Corridor,76,Bay Street Corridor (76),D52,630398.5838,4835004.1093
15446,81163665,,3/20/2019 8:00:00 AM,1222,NORTH QUEEN ST,MEDULLA AVE,,Minor Arterial,Etobicoke York,43.621302,-79.545421,At Intersection,No Control,Clear,Daylight,Dry,Non-Fatal Injury,Pedestrian Collisions,Driver,40 to 44,None,,East,"Automobile, Station Wagon",Going Ahead,Driving Properly,Normal,,,,,,,Yes,,Yes,,,,,Yes,,,,,,159,Etobicoke City Centre,14,Islington-City Centre West (14),D22,617359.6857,4830839.99
15447,81163666,,3/20/2019 8:00:00 AM,1222,NORTH QUEEN ST,MEDULLA AVE,,Minor Arterial,Etobicoke York,43.621302,-79.545421,At Intersection,No Control,Clear,Daylight,Dry,Non-Fatal Injury,Pedestrian Collisions,Passenger,30 to 34,None,,,,,,,,,,,,,Yes,,Yes,,,,,Yes,,,,,,159,Etobicoke City Centre,14,Islington-City Centre West (14),D22,617359.6857,4830839.99
15448,81163667,,3/20/2019 8:00:00 AM,1222,NORTH QUEEN ST,MEDULLA AVE,,Minor Arterial,Etobicoke York,43.621302,-79.545421,At Intersection,No Control,Clear,Daylight,Dry,Non-Fatal Injury,Pedestrian Collisions,Pedestrian,60 to 64,Major,,South,,,,,Vehicle is going straight thru inter.while ped cross without ROW,"Crossing, no Traffic Control",Normal,,,,Yes,,Yes,,,,,Yes,,,,,,159,Etobicoke City Centre,14,Islington-City Centre West (14),D22,617359.6857,4830839.99
15449,81162870,,3/20/2019 8:00:00 AM,1822,BLOOR ST W,AVENUE RD,43 m East of,Major Arterial,Toronto and East York,43.668784,-79.393413,Non Intersection,No Control,Clear,Daylight,Dry,Non-Fatal Injury,Turning Movement,Driver,35 to 39,None,,West,"Automobile, Station Wagon",Making U Turn,Improper Turn,Inattentive,,,,,,,,,Yes,,,,,Yes,,,,,,169,Bay-Cloverhill,76,Bay Street Corridor (76),D52,629522.1713,4836339.5665
15450,81162871,,3/20/2019 8:00:00 AM,1822,BLOOR ST W,AVENUE RD,43 m East of,Major Arterial,Toronto and East York,43.668784,-79.393413,Non Intersection,No Control,Clear,Daylight,Dry,Non-Fatal Injury,Turning Movement,Driver,50 to 54,Major,,East,"Automobile, Station Wagon",Going Ahead,Driving Properly,Normal,,,,,,,,,Yes,,,,,Yes,,,,,,169,Bay-Cloverhill,76,Bay Street Corridor (76),D52,629522.1713,4836339.5665
15451,81162872,,3/20/2019 8:00:00 AM,1822,BLOOR ST W,AVENUE RD,43 m East of,Major Arterial,Toronto and East York,43.668784,-79.393413,Non Intersection,No Control,Clear,Daylight,Dry,Non-Fatal Injury,Turning Movement,Passenger,20 to 24,None,,,,,,,,,,,,,,,Yes,,,,,Yes,,,,,,169,Bay-Cloverhill,76,Bay Street Corridor (76),D52,629522.1713,4836339.5665
15452,81075005,,3/23/2019 8:00:00 AM,330,SHEPPARD AVE W,SUNFIELD RD,,Major Arterial,North York,43.743407,-79.492511,At Intersection,Stop Sign,Other,Other,,Fatal,Turning Movement,Driver,25 to 29,None,,East,"Automobile, Station Wagon",Going Ahead,Driving Properly,Normal,,,,,,,,,Yes,,,Yes,,,,Yes,,,,155,Downsview,26,Downsview-Roding-CFB (26),D31,621382.1658,4844477.5329
15453,81099904,,3/23/2019 8:00:00 AM,330,SHEPPARD AVE W,SUNFIELD RD,,Major Arterial,North York,43.743407,-79.492511,At Intersection,Stop Sign,Other,Other,,Fatal,Turning Movement,Driver,35 to 39,Fatal,14,North,Municipal Transit Bus (TTC),Turning Left,Failed to Yield Right of Way,Normal,,,,,,,,,Yes,,,Yes,,,,Yes,,,,155,Downsview,26,Downsview-Roding-CFB (26),D31,621382.1658,4844477.5329