OBJECTID,INDEX,ACCNUM,DATE,TIME,STREET1,STREET2,OFFSET,ROAD_CLASS,DISTRICT,LATITUDE,LONGITUDE,ACCLOC,TRAFFCTL,VISIBILITY,LIGHT,RDSFCOND,ACCLASS,IMPACTYPE,INVTYPE,INVAGE,INJURY,FATAL_NO,INITDIR,VEHTYPE,MANOEUVER,DRIVACT,DRIVCOND,PEDTYPE,PEDACT,PEDCOND,CYCLISTYPE,CYCACT,CYCCOND,PEDESTRIAN,CYCLIST,AUTOMOBILE,MOTORCYCLE,TRUCK,TRSN_CITY_VEH,EMERG_VEH,PASSENGER,SPEEDING,AG_DRIV,REDLIGHT,ALCOHOL,DISABILITY,HOOD_158,NEIGHBOURHOOD_158,HOOD_140,NEIGHBOURHOOD_140,DIVISION,x,y
15454,81151420,,3/23/2019 8:00:00 AM,1112,EGLINTON AVE W,MARTIN GROVE RD,,Major Arterial,Etobicoke York,43.674407,-79.563129,At Intersection,Traffic Signal,Clear,Daylight,Dry,Non-Fatal Injury,Rear End,Truck Driver,55 to 59,None,,East,Truck-Tractor,Going Ahead,Following too Close,Normal,,,,,,,,,Yes,,Yes,,,Yes,,Yes,,,,10,Princess-Rosethorn,10,Princess-Rosethorn (10),D22,615828.8286,4836713.0936
15455,81151421,,3/23/2019 8:00:00 AM,1112,EGLINTON AVE W,MARTIN GROVE RD,,Major Arterial,Etobicoke York,43.674407,-79.563129,At Intersection,Traffic Signal,Clear,Daylight,Dry,Non-Fatal Injury,Rear End,Driver,65 to 69,Minor,,East,"Automobile, Station Wagon",Slowing or Stopping,Driving Properly,Normal,,,,,,,,,Yes,,Yes,,,Yes,,Yes,,,,10,Princess-Rosethorn,10,Princess-Rosethorn (10),D22,615828.8286,4836713.0936
15456,81151422,,3/23/2019 8:00:00 AM,1112,EGLINTON AVE W,MARTIN GROVE RD,,Major Arterial,Etobicoke York,43.674407,-79.563129,At Intersection,Traffic Signal,Clear,Daylight,Dry,Non-Fatal Injury,Rear End,Passenger,65 to 69,Major,,,,,,,,,,,,,,,Yes,,Yes,,,Yes,,Yes,,,,10,Princess-Rosethorn,10,Princess-Rosethorn (10),D22,615828.8286,4836713.0936
15457,81262921,,3/23/2019 8:00:00 AM,1950,BREADALBANE ST,BAY ST,54 m East of,Local,Toronto and East York,43.663443,-79.385959,At/Near Private Drive,No Control,Clear,Daylight,Dry,Non-Fatal Injury,Cyclist Collisions,Driver,60 to 64,None,,South,"Automobile, Station Wagon",Turning Left,Other,Other,,,,,,,,Yes,Yes,,,,,,,,,,,169,Bay-Cloverhill,76,Bay Street Corridor (76),D52,630134.6558,4835758.0422
15458,81262922,,3/23/2019 8:00:00 AM,1950,BREADALBANE ST,BAY ST,54 m East of,Local,Toronto and East York,43.663443,-79.385959,At/Near Private Drive,No Control,Clear,Daylight,Dry,Non-Fatal Injury,Cyclist Collisions,Cyclist,30 to 34,Major,,West,Bicycle,Going Ahead,,,,,,Motorist turned left across cyclists path.,Driving Properly,Normal,,Yes,Yes,,,,,,,,,,,169,Bay-Cloverhill,76,Bay Street Corridor (76),D52,630134.6558,4835758.0422
15459,81143066,,3/24/2019 8:00:00 AM,2235,KEELE ST,WILSON AVE,20 m North o,Major Arterial,North York,43.726569,-79.482028,At Intersection,Traffic Signal,Clear,"Dark, artificial",Dry,Non-Fatal Injury,Turning Movement,Driver,30 to 34,None,,East,Passenger Van,Turning Left,Failed to Yield Right of Way,Normal,,,,,,,,,Yes,,,,,Yes,,Yes,,,,155,Downsview,26,Downsview-Roding-CFB (26),D31,622260.5181,4842622.8433
15460,81143067,,3/24/2019 8:00:00 AM,2235,KEELE ST,WILSON AVE,20 m North o,Major Arterial,North York,43.726569,-79.482028,At Intersection,Traffic Signal,Clear,"Dark, artificial",Dry,Non-Fatal Injury,Turning Movement,Driver,15 to 19,Major,,West,Passenger Van,Going Ahead,Driving Properly,Normal,,,,,,,,,Yes,,,,,Yes,,Yes,,,,155,Downsview,26,Downsview-Roding-CFB (26),D31,622260.5181,4842622.8433
15461,81143068,,3/24/2019 8:00:00 AM,2235,KEELE ST,WILSON AVE,20 m North o,Major Arterial,North York,43.726569,-79.482028,At Intersection,Traffic Signal,Clear,"Dark, artificial",Dry,Non-Fatal Injury,Turning Movement,Passenger,15 to 19,None,,,,,,,,,,,,,,,Yes,,,,,Yes,,Yes,,,,155,Downsview,26,Downsview-Roding-CFB (26),D31,622260.5181,4842622.8433
15462,81143069,,3/24/2019 8:00:00 AM,2235,KEELE ST,WILSON AVE,20 m North o,Major Arterial,North York,43.726569,-79.482028,At Intersection,Traffic Signal,Clear,"Dark, artificial",Dry,Non-Fatal Injury,Turning Movement,Passenger,15 to 19,None,,,,,,,,,,,,,,,Yes,,,,,Yes,,Yes,,,,155,Downsview,26,Downsview-Roding-CFB (26),D31,622260.5181,4842622.8433
15463,81143070,,3/24/2019 8:00:00 AM,2235,KEELE ST,WILSON AVE,20 m North o,Major Arterial,North York,43.726569,-79.482028,At Intersection,Traffic Signal,Clear,"Dark, artificial",Dry,Non-Fatal Injury,Turning Movement,Passenger,15 to 19,None,,,,,,,,,,,,,,,Yes,,,,,Yes,,Yes,,,,155,Downsview,26,Downsview-Roding-CFB (26),D31,622260.5181,4842622.8433
15464,81121034,,3/25/2019 8:00:00 AM,1900,DREWRY AVE,CHELMSFORD AVE,10 m North o,Minor Arterial,North York,43.782813,-79.436504,At Intersection,No Control,Clear,Daylight,Dry,Non-Fatal Injury,Pedestrian Collisions,Driver,45 to 49,None,,West,"Automobile, Station Wagon",Turning Right,Failed to Yield Right of Way,Unknown,,,,,,,Yes,,Yes,,,,,,,Yes,,,,36,Newtonbrook West,36,Newtonbrook West (36),D32,625809.229,4848937.7447
15465,81121035,,3/25/2019 8:00:00 AM,1900,DREWRY AVE,CHELMSFORD AVE,10 m North o,Minor Arterial,North York,43.782813,-79.436504,At Intersection,No Control,Clear,Daylight,Dry,Non-Fatal Injury,Pedestrian Collisions,Pedestrian,65 to 69,Major,,East,,,,,Vehicle turns right while ped crosses with ROW at inter.,Crossing with right of way,Normal,,,,Yes,,Yes,,,,,,,Yes,,,,36,Newtonbrook West,36,Newtonbrook West (36),D32,625809.229,4848937.7447
15466,81163078,,3/26/2019 8:00:00 AM,930,UNIVERSITY AVE,EDWARD ST,,Major Arterial,Toronto and East York,43.655394,-79.388561,At Intersection,Stop Sign,Clear,Daylight,Dry,Non-Fatal Injury,Angle,Driver,30 to 34,None,,West,"Automobile, Station Wagon",Going Ahead,Failed to Yield Right of Way,Normal,,,,,,,,,Yes,Yes,,,,,,Yes,,,,170,Yonge-Bay Corridor,76,Bay Street Corridor (76),D52,629942.2252,4834860.0159
15467,81163079,,3/26/2019 8:00:00 AM,930,UNIVERSITY AVE,EDWARD ST,,Major Arterial,Toronto and East York,43.655394,-79.388561,At Intersection,Stop Sign,Clear,Daylight,Dry,Non-Fatal Injury,Angle,Motorcycle Driver,60 to 64,Major,,North,Motorcycle,Going Ahead,Driving Properly,Normal,,,,,,,,,Yes,Yes,,,,,,Yes,,,,170,Yonge-Bay Corridor,76,Bay Street Corridor (76),D52,629942.2252,4834860.0159
15468,81100644,,3/29/2019 8:00:00 AM,630,BLOOR  ST E,SHERBOURNE ST,,Major Arterial,Toronto and East York,43.672286,-79.376811,At Intersection,Traffic Signal,Other,Other,Other,Fatal,Pedestrian Collisions,Pedestrian,60 to 64,Fatal,15,South,,,,,Pedestrian involved in a collision with transit vehicle anywhere along roadway,Crossing without right of way,Other,,,,Yes,,,,,Yes,,,,,,,,74,North St.James Town,74,North St.James Town (74),D51,630853.0189,4836754.5662
15469,81163377,,3/29/2019 8:00:00 AM,630,BLOOR  ST E,SHERBOURNE ST,,Major Arterial,Toronto and East York,43.672286,-79.376811,At Intersection,Traffic Signal,Other,Other,Other,Fatal,Pedestrian Collisions,Driver,50 to 54,None,,East,Municipal Transit Bus (TTC),Going Ahead,Driving Properly,Normal,,,,,,,Yes,,,,,Yes,,,,,,,,74,North St.James Town,74,North St.James Town (74),D51,630853.0189,4836754.5662
15470,81471514,,3/29/2019 8:00:00 AM,2022,BAYVIEW AVE,ROSEDALE VALLEY RD,,Major Arterial,Toronto and East York,43.670127,-79.360111,At Intersection,Traffic Signal,Clear,Daylight,Dry,Non-Fatal Injury,Turning Movement,Driver,20 to 24,None,,North,"Automobile, Station Wagon",Turning Left,Failed to Yield Right of Way,Inattentive,,,,,,,,,Yes,Yes,,,,,,Yes,,,,71,Cabbagetown-South St.James Town,71,Cabbagetown-South St.James Town (71),D51,632204.0405,4836541.2596
15471,81471515,,3/29/2019 8:00:00 AM,2022,BAYVIEW AVE,ROSEDALE VALLEY RD,,Major Arterial,Toronto and East York,43.670127,-79.360111,At Intersection,Traffic Signal,Clear,Daylight,Dry,Non-Fatal Injury,Turning Movement,Motorcycle Driver,25 to 29,Major,,South,Motorcycle,Going Ahead,Driving Properly,Normal,,,,,,,,,Yes,Yes,,,,,,Yes,,,,71,Cabbagetown-South St.James Town,71,Cabbagetown-South St.James Town (71),D51,632204.0405,4836541.2596
15472,81262817,,3/30/2019 8:00:00 AM,352,2747 ST CLAIR AVE E,,50 m West of,Major Arterial,Toronto and East York,43.706233,-79.308681,Non Intersection,No Control,Clear,"Dark, artificial",Dry,Non-Fatal Injury,SMV Other,Driver,30 to 34,Major,,West,"Automobile, Station Wagon",Going Ahead,Lost control,Unknown,,,,,,,,,Yes,,,,,,Yes,Yes,,,,54,O'Connor-Parkview,54,O'Connor-Parkview (54),D55,636268.4665,4840634.5871
15473,81469360,,4/1/2019 8:00:00 AM,848,QUEEN ST E,CARROLL ST,13 m East of,Major Arterial,Toronto and East York,43.658259,-79.352199,At Intersection,Pedestrian Crossover,Clear,Daylight,Dry,Non-Fatal Injury,Pedestrian Collisions,Driver,30 to 34,None,,East,Street Car,Going Ahead,Following too Close,Normal,,,,,,,Yes,,Yes,,,Yes,,,,Yes,,,,70,South Riverdale,70,South Riverdale (70),D55,632868.0745,4835235.7987
15474,81469361,,4/1/2019 8:00:00 AM,848,QUEEN ST E,CARROLL ST,13 m East of,Major Arterial,Toronto and East York,43.658259,-79.352199,At Intersection,Pedestrian Crossover,Clear,Daylight,Dry,Non-Fatal Injury,Pedestrian Collisions,Driver,40 to 44,Minimal,,East,"Automobile, Station Wagon",Stopped,Driving Properly,Normal,,,,,,,Yes,,Yes,,,Yes,,,,Yes,,,,70,South Riverdale,70,South Riverdale (70),D55,632868.0745,4835235.7987
15475,81469362,,4/1/2019 8:00:00 AM,848,QUEEN ST E,CARROLL ST,13 m East of,Major Arterial,Toronto and East York,43.658259,-79.352199,At Intersection,Pedestrian Crossover,Clear,Daylight,Dry,Non-Fatal Injury,Pedestrian Collisions,Pedestrian,30 to 34,Major,,South,,,,,Pedestrian hit a PXO/ped. Mid-block signal,Crossing with right of way,Normal,,,,Yes,,Yes,,,Yes,,,,Yes,,,,70,South Riverdale,70,South Riverdale (70),D55,632868.0745,4835235.7987
15476,81453514,,4/1/2019 8:00:00 AM,2343,MCCOWAN RD,ELLESMERE RD,,Major Arterial,Scarborough,43.772071,-79.25146,At Intersection,Traffic Signal,Clear,"Dark, artificial",Dry,Non-Fatal Injury,Pedestrian Collisions,Driver,20 to 24,None,,North,"Automobile, Station Wagon",Going Ahead,Exceeding Speed Limit,Unknown,,,,,,,Yes,,Yes,,,,,,Yes,Yes,,,,142,Woburn North,137,Woburn (137),D43,640724.4484,4848042.5416
15477,81453515,,4/1/2019 8:00:00 AM,2343,MCCOWAN RD,ELLESMERE RD,,Major Arterial,Scarborough,43.772071,-79.25146,At Intersection,Traffic Signal,Clear,"Dark, artificial",Dry,Non-Fatal Injury,Pedestrian Collisions,Pedestrian,20 to 24,Major,,East,,,,,Vehicle is going straight thru inter.while ped cross with ROW,Crossing with right of way,Normal,,,,Yes,,Yes,,,,,,Yes,Yes,,,,142,Woburn North,137,Woburn (137),D43,640724.4484,4848042.5416
15478,81153553,,4/2/2019 8:00:00 AM,55,STEELES AVE E,ASPENWOOD DR,65 m East of,Major Arterial,North York,43.809756,-79.366664,Non Intersection,No Control,Clear,Dark,Dry,Non-Fatal Injury,Pedestrian Collisions,Driver,20 to 24,None,,East,"Automobile, Station Wagon",Going Ahead,Driving Properly,Normal,,,,,,,Yes,,Yes,,,,,,,Yes,,,,48,Hillcrest Village,48,Hillcrest Village (48),D33,631370.0135,4852038.6984
15479,81153554,,4/2/2019 8:00:00 AM,55,STEELES AVE E,ASPENWOOD DR,65 m East of,Major Arterial,North York,43.809756,-79.366664,Non Intersection,No Control,Clear,Dark,Dry,Non-Fatal Injury,Pedestrian Collisions,Pedestrian,65 to 69,Major,,North,,,,,Pedestrian hit at mid-block,"Crossing, no Traffic Control",Normal,,,,Yes,,Yes,,,,,,,Yes,,,,48,Hillcrest Village,48,Hillcrest Village (48),D33,631370.0135,4852038.6984
15480,81163378,,4/6/2019 8:00:00 AM,907,SCOTTFIELD DR,FINCH AVE E,,Major Arterial,Scarborough,43.810782,-79.252879,At Intersection,Traffic Signal,Clear,Daylight,Dry,Fatal,Pedestrian Collisions,Pedestrian,85 to 89,Fatal,16,North,,,,,Vehicle turns left while ped crosses with ROW at inter.,Crossing with right of way,Normal,,,,Yes,,Yes,,,,,,,Yes,,,,129,Agincourt North,129,Agincourt North (129),D42,640519.4877,4852339.6054
15481,81163379,,4/6/2019 8:00:00 AM,907,SCOTTFIELD DR,FINCH AVE E,,Major Arterial,Scarborough,43.810782,-79.252879,At Intersection,Traffic Signal,Clear,Daylight,Dry,Fatal,Pedestrian Collisions,Driver,50 to 54,None,,South,Pick Up Truck,Turning Left,Failed to Yield Right of Way,Normal,,,,,,,Yes,,Yes,,,,,,,Yes,,,,129,Agincourt North,129,Agincourt North (129),D42,640519.4877,4852339.6054
15482,81163380,,4/6/2019 8:00:00 AM,1041,VICTORIA PARK AVE,FINCH AVE E,20 metres no,Major Arterial,North York,43.793036,-79.331371,Intersection Related,Traffic Signal,Clear,Daylight,Dry,Fatal,Approaching,Driver,65 to 69,Minimal,,South,"Automobile, Station Wagon",Slowing or Stopping,Driving Properly,Unknown,,,,,,,,,Yes,,,,,,Yes,Yes,,,,147,L'Amoreaux West,117,L'Amoreaux (117),D42,634246.1187,4850238.3162
15483,81163381,,4/6/2019 8:00:00 AM,1041,VICTORIA PARK AVE,FINCH AVE E,20 metres no,Major Arterial,North York,43.793036,-79.331371,Intersection Related,Traffic Signal,Clear,Daylight,Dry,Fatal,Approaching,Driver,55 to 59,Minor,,North,"Automobile, Station Wagon",Going Ahead,Lost control,Unknown,,,,,,,,,Yes,,,,,,Yes,Yes,,,,147,L'Amoreaux West,117,L'Amoreaux (117),D42,634246.1187,4850238.3162
15484,81239214,,4/6/2019 8:00:00 AM,1041,VICTORIA PARK AVE,FINCH AVE E,20 metres no,Major Arterial,North York,43.793036,-79.331371,Intersection Related,Traffic Signal,Clear,Daylight,Dry,Fatal,Approaching,Driver,40 to 44,Fatal,17,South,"Automobile, Station Wagon",Slowing or Stopping,Driving Properly,Normal,,,,,,,,,Yes,,,,,,Yes,Yes,,,,147,L'Amoreaux West,117,L'Amoreaux (117),D42,634246.1187,4850238.3162
15485,81163325,,4/7/2019 8:00:00 AM,1113,THE WEST MALL,CIVIC CENTRE CRT,8 m North of,Minor Arterial,Etobicoke York,43.642176,-79.565959,At Intersection,Traffic Signal,Clear,Daylight,Dry,Non-Fatal Injury,SMV Other,Driver,25 to 29,Major,,South,"Automobile, Station Wagon",Going Ahead,Lost control,Unknown,,,,,,,,,Yes,,,,,,,,,,,13,Etobicoke West Mall,13,Etobicoke West Mall (13),D22,615662.5603,4833129.4809
15486,81163025,,4/7/2019 8:00:00 AM,1330,PORT UNION RD,CONFERENCE BLVD,4 m  of,Minor Arterial,Scarborough,43.786063,-79.139377,At Intersection,Traffic Signal,Clear,Daylight,Dry,Non-Fatal Injury,Pedestrian Collisions,Driver,65 to 69,None,,East,Pick Up Truck,Turning Left,Failed to Yield Right of Way,Normal,,,,,,,Yes,,Yes,,,,,,,Yes,,,,133,Centennial Scarborough,133,Centennial Scarborough (133),D43,649710.2018,4849793.1909
15487,81163026,,4/7/2019 8:00:00 AM,1330,PORT UNION RD,CONFERENCE BLVD,4 m  of,Minor Arterial,Scarborough,43.786063,-79.139377,At Intersection,Traffic Signal,Clear,Daylight,Dry,Non-Fatal Injury,Pedestrian Collisions,Pedestrian,45 to 49,Major,,West,,,,,Vehicle turns left while ped crosses with ROW at inter.,Crossing with right of way,Normal,,,,Yes,,Yes,,,,,,,Yes,,,,133,Centennial Scarborough,133,Centennial Scarborough (133),D43,649710.2018,4849793.1909
15488,81163373,,4/9/2019 8:00:00 AM,853,JANE ST,EGLINTON AVE W,68 m North o,Major Arterial,Etobicoke York,43.685877,-79.499263,Non Intersection,No Control,Clear,Daylight,Dry,Non-Fatal Injury,Pedestrian Collisions,Driver,20 to 24,None,,North,"Automobile, Station Wagon",Going Ahead,Driving Properly,Normal,,,,,,,Yes,,Yes,,,,,,,,,,,115,Mount Dennis,115,Mount Dennis (115),D12,620954.1772,4838078.1514
15489,81163374,,4/9/2019 8:00:00 AM,853,JANE ST,EGLINTON AVE W,68 m North o,Major Arterial,Etobicoke York,43.685877,-79.499263,Non Intersection,No Control,Clear,Daylight,Dry,Non-Fatal Injury,Pedestrian Collisions,Pedestrian,10 to 14,Major,,Unknown,,,,,Pedestrian hit at mid-block,"Crossing, no Traffic Control",Normal,,,,Yes,,Yes,,,,,,,,,,,115,Mount Dennis,115,Mount Dennis (115),D12,620954.1772,4838078.1514
15490,81240300,,4/9/2019 8:00:00 AM,1132,ST CLAIR AVE W,YONGE ST,,Major Arterial,Toronto and East York,43.68801,-79.394099,At Intersection,Traffic Signal,Clear,Daylight,Dry,Non-Fatal Injury,Pedestrian Collisions,Driver,20 to 24,None,,East,"Automobile, Station Wagon",Going Ahead,Failed to Yield Right of Way,Unknown,,,,,,,Yes,,Yes,,,,,,,Yes,,,,98,Rosedale-Moore Park,98,Rosedale-Moore Park (98),D53,629425.5227,4838473.8042
15491,81240301,,4/9/2019 8:00:00 AM,1132,ST CLAIR AVE W,YONGE ST,,Major Arterial,Toronto and East York,43.68801,-79.394099,At Intersection,Traffic Signal,Clear,Daylight,Dry,Non-Fatal Injury,Pedestrian Collisions,Pedestrian,45 to 49,Major,,South,,,,,Vehicle is going straight thru inter.while ped cross without ROW,Crossing without right of way,Medical or Physical Disability,,,,Yes,,Yes,,,,,,,Yes,,,,98,Rosedale-Moore Park,98,Rosedale-Moore Park (98),D53,629425.5227,4838473.8042
15492,81321924,,4/10/2019 8:00:00 AM,1515,QUEEN ST W,SHAW ST,30 m West of,Major Arterial,Toronto and East York,43.644652,-79.416263,At Intersection,Traffic Signal,Clear,Daylight,Dry,Non-Fatal Injury,Cyclist Collisions,Driver,35 to 39,None,,East,"Automobile, Station Wagon",Changing Lanes,Improper Passing,Unknown,,,,,,,,Yes,Yes,,,,,,,Yes,,,,162,West Queen West,82,Niagara (82),D14,627731.1541,4833623.9682
15493,81321925,,4/10/2019 8:00:00 AM,1515,QUEEN ST W,SHAW ST,30 m West of,Major Arterial,Toronto and East York,43.644652,-79.416263,At Intersection,Traffic Signal,Clear,Daylight,Dry,Non-Fatal Injury,Cyclist Collisions,Cyclist,unknown,Major,,East,Bicycle,Going Ahead,,,,,,Cyclist and Driver travelling in same direction. One vehicle sideswipes the other.,Driving Properly,Normal,,Yes,Yes,,,,,,,Yes,,,,162,West Queen West,82,Niagara (82),D14,627731.1541,4833623.9682
15494,81330340,,4/10/2019 8:00:00 AM,2138,DANFORTH RD,TRUDELLE ST,50 m North o,Major Arterial,Scarborough,43.74047,-79.245509,At/Near Private Drive,No Control,Clear,"Dark, artificial",Dry,Non-Fatal Injury,Turning Movement,Passenger,25 to 29,Major,,,,,,,,,,,,,,,Yes,,,,,Yes,Yes,Yes,,,,138,Eglinton East,138,Eglinton East (138),D43,641277.7494,4844542.8969
15495,81330341,,4/10/2019 8:00:00 AM,2138,DANFORTH RD,TRUDELLE ST,50 m North o,Major Arterial,Scarborough,43.74047,-79.245509,At/Near Private Drive,No Control,Clear,"Dark, artificial",Dry,Non-Fatal Injury,Turning Movement,Driver,20 to 24,None,,South,"Automobile, Station Wagon",Going Ahead,Exceeding Speed Limit,Normal,,,,,,,,,Yes,,,,,Yes,Yes,Yes,,,,138,Eglinton East,138,Eglinton East (138),D43,641277.7494,4844542.8969
15496,81330342,,4/10/2019 8:00:00 AM,2138,DANFORTH RD,TRUDELLE ST,50 m North o,Major Arterial,Scarborough,43.74047,-79.245509,At/Near Private Drive,No Control,Clear,"Dark, artificial",Dry,Non-Fatal Injury,Turning Movement,Driver,50 to 54,Minor,,North,"Automobile, Station Wagon",Turning Left,Driving Properly,Normal,,,,,,,,,Yes,,,,,Yes,Yes,Yes,,,,138,Eglinton East,138,Eglinton East (138),D43,641277.7494,4844542.8969
15497,81330343,,4/10/2019 8:00:00 AM,2138,DANFORTH RD,TRUDELLE ST,50 m North o,Major Arterial,Scarborough,43.74047,-79.245509,At/Near Private Drive,No Control,Clear,"Dark, artificial",Dry,Non-Fatal Injury,Turning Movement,Passenger,15 to 19,None,,,,,,,,,,,,,,,Yes,,,,,Yes,Yes,Yes,,,,138,Eglinton East,138,Eglinton East (138),D43,641277.7494,4844542.8969
15498,81474060,,4/11/2019 8:00:00 AM,2355,ROYAL YORK RD,MEADOWVALE DR,,Minor Arterial,Etobicoke York,43.645533,-79.510593,At Intersection,No Control,Clear,"Dark, artificial",Dry,Non-Fatal Injury,Approaching,Driver,unknown,None,,North,"Automobile, Station Wagon",Going Ahead,Speed too Fast For Condition,Inattentive,,,,,,,,,Yes,,,,,Yes,Yes,Yes,,,,16,Stonegate-Queensway,16,Stonegate-Queensway (16),D22,620121.4505,4833580.9612
15499,81474061,,4/11/2019 8:00:00 AM,2355,ROYAL YORK RD,MEADOWVALE DR,,Minor Arterial,Etobicoke York,43.645533,-79.510593,At Intersection,No Control,Clear,"Dark, artificial",Dry,Non-Fatal Injury,Approaching,Driver,70 to 74,None,,South,"Automobile, Station Wagon",Going Ahead,Driving Properly,Normal,,,,,,,,,Yes,,,,,Yes,Yes,Yes,,,,16,Stonegate-Queensway,16,Stonegate-Queensway (16),D22,620121.4505,4833580.9612
15500,81474062,,4/11/2019 8:00:00 AM,2355,ROYAL YORK RD,MEADOWVALE DR,,Minor Arterial,Etobicoke York,43.645533,-79.510593,At Intersection,No Control,Clear,"Dark, artificial",Dry,Non-Fatal Injury,Approaching,Driver,30 to 34,Major,,South,"Automobile, Station Wagon",Going Ahead,Driving Properly,Normal,,,,,,,,,Yes,,,,,Yes,Yes,Yes,,,,16,Stonegate-Queensway,16,Stonegate-Queensway (16),D22,620121.4505,4833580.9612
15501,81474063,,4/11/2019 8:00:00 AM,2355,ROYAL YORK RD,MEADOWVALE DR,,Minor Arterial,Etobicoke York,43.645533,-79.510593,At Intersection,No Control,Clear,"Dark, artificial",Dry,Non-Fatal Injury,Approaching,Passenger,70 to 74,None,,,,,,,,,,,,,,,Yes,,,,,Yes,Yes,Yes,,,,16,Stonegate-Queensway,16,Stonegate-Queensway (16),D22,620121.4505,4833580.9612
15502,81270234,,4/12/2019 8:00:00 AM,1228,15 AUSTREY CRT,,1 m South of,Local,North York,43.731944,-79.507663,Non Intersection,No Control,Clear,Daylight,Dry,Non-Fatal Injury,SMV Other,Driver,50 to 54,Major,,South,Delivery Van,Going Ahead,Lost control,Medical or Physical Disability,,,,,,,,,Yes,,,,,,,,,,Yes,154,Oakdale-Beverley Heights,26,Downsview-Roding-CFB (26),D31,620185.0565,4843182.3134
15503,81513260,,4/14/2019 8:00:00 AM,151,COLLEGE ST,SPADINA AVE,20 m East of,Major Arterial,Toronto and East York,43.657874,-79.400096,At Intersection,Traffic Signal,Clear,"Dark, artificial",Dry,Non-Fatal Injury,Pedestrian Collisions,Driver,25 to 29,None,,West,"Automobile, Station Wagon",Going Ahead,Lost control,Unknown,,,,,,,Yes,,Yes,,,,,,,,,,,78,Kensington-Chinatown,78,Kensington-Chinatown (78),D14,629006.7525,4835117.4532
15504,81513261,,4/14/2019 8:00:00 AM,151,COLLEGE ST,SPADINA AVE,20 m East of,Major Arterial,Toronto and East York,43.657874,-79.400096,At Intersection,Traffic Signal,Clear,"Dark, artificial",Dry,Non-Fatal Injury,Pedestrian Collisions,Pedestrian,20 to 24,Major,,Unknown,,,,,Pedestrian hit at mid-block,Other,Normal,,,,Yes,,Yes,,,,,,,,,,,78,Kensington-Chinatown,78,Kensington-Chinatown (78),D14,629006.7525,4835117.4532
15505,81164393,,4/16/2019 8:00:00 AM,1000,DON MILLS RD,KERN RD,,Major Arterial,North York,43.750014,-79.346835,At Intersection,No Control,Clear,Daylight,Dry,Non-Fatal Injury,Turning Movement,Driver,50 to 54,Minor,,North,"Automobile, Station Wagon",Turning Left,Failed to Yield Right of Way,Normal,,,,,,,,,Yes,,,,,Yes,,Yes,,,,42,Banbury-Don Mills,42,Banbury-Don Mills (42),D33,633097.3833,4845435.0955
15506,81164394,,4/16/2019 8:00:00 AM,1000,DON MILLS RD,KERN RD,,Major Arterial,North York,43.750014,-79.346835,At Intersection,No Control,Clear,Daylight,Dry,Non-Fatal Injury,Turning Movement,Driver,60 to 64,None,,South,"Automobile, Station Wagon",Going Ahead,Driving Properly,Normal,,,,,,,,,Yes,,,,,Yes,,Yes,,,,42,Banbury-Don Mills,42,Banbury-Don Mills (42),D33,633097.3833,4845435.0955
15507,81164395,,4/16/2019 8:00:00 AM,1000,DON MILLS RD,KERN RD,,Major Arterial,North York,43.750014,-79.346835,At Intersection,No Control,Clear,Daylight,Dry,Non-Fatal Injury,Turning Movement,Driver,20 to 24,None,,East,"Automobile, Station Wagon",Stopped,Driving Properly,Normal,,,,,,,,,Yes,,,,,Yes,,Yes,,,,42,Banbury-Don Mills,42,Banbury-Don Mills (42),D33,633097.3833,4845435.0955
15508,81164396,,4/16/2019 8:00:00 AM,1000,DON MILLS RD,KERN RD,,Major Arterial,North York,43.750014,-79.346835,At Intersection,No Control,Clear,Daylight,Dry,Non-Fatal Injury,Turning Movement,Passenger,60 to 64,Minimal,,,,,,,,,,,,,,,Yes,,,,,Yes,,Yes,,,,42,Banbury-Don Mills,42,Banbury-Don Mills (42),D33,633097.3833,4845435.0955
15509,81164397,,4/16/2019 8:00:00 AM,1000,DON MILLS RD,KERN RD,,Major Arterial,North York,43.750014,-79.346835,At Intersection,No Control,Clear,Daylight,Dry,Non-Fatal Injury,Turning Movement,Passenger,55 to 59,Minimal,,,,,,,,,,,,,,,Yes,,,,,Yes,,Yes,,,,42,Banbury-Don Mills,42,Banbury-Don Mills (42),D33,633097.3833,4845435.0955
15510,81164398,,4/16/2019 8:00:00 AM,1000,DON MILLS RD,KERN RD,,Major Arterial,North York,43.750014,-79.346835,At Intersection,No Control,Clear,Daylight,Dry,Non-Fatal Injury,Turning Movement,Passenger,80 to 84,Major,,,,,,,,,,,,,,,Yes,,,,,Yes,,Yes,,,,42,Banbury-Don Mills,42,Banbury-Don Mills (42),D33,633097.3833,4845435.0955
15511,81163699,,4/17/2019 8:00:00 AM,805,SHEPPARD AVE E,KENNEDY RD,264 m West o,Major Arterial,Scarborough,43.782294,-79.292224,Non Intersection,No Control,Clear,Daylight,Dry,Non-Fatal Injury,Pedestrian Collisions,Driver,60 to 64,None,,East,"Automobile, Station Wagon",Going Ahead,Driving Properly,Normal,,,,,,,Yes,,Yes,,,,,Yes,,,,,,118,Tam O'Shanter-Sullivan,118,Tam O'Shanter-Sullivan (118),D42,637420.2584,4849109.4886