OBJECTID,INDEX,ACCNUM,DATE,TIME,STREET1,STREET2,OFFSET,ROAD_CLASS,DISTRICT,LATITUDE,LONGITUDE,ACCLOC,TRAFFCTL,VISIBILITY,LIGHT,RDSFCOND,ACCLASS,IMPACTYPE,INVTYPE,INVAGE,INJURY,FATAL_NO,INITDIR,VEHTYPE,MANOEUVER,DRIVACT,DRIVCOND,PEDTYPE,PEDACT,PEDCOND,CYCLISTYPE,CYCACT,CYCCOND,PEDESTRIAN,CYCLIST,AUTOMOBILE,MOTORCYCLE,TRUCK,TRSN_CITY_VEH,EMERG_VEH,PASSENGER,SPEEDING,AG_DRIV,REDLIGHT,ALCOHOL,DISABILITY,HOOD_158,NEIGHBOURHOOD_158,HOOD_140,NEIGHBOURHOOD_140,DIVISION,x,y
15512,81163700,,4/17/2019 8:00:00 AM,805,SHEPPARD AVE E,KENNEDY RD,264 m West o,Major Arterial,Scarborough,43.782294,-79.292224,Non Intersection,No Control,Clear,Daylight,Dry,Non-Fatal Injury,Pedestrian Collisions,Passenger,30 to 34,None,,,,,,,,,,,,,Yes,,Yes,,,,,Yes,,,,,,118,Tam O'Shanter-Sullivan,118,Tam O'Shanter-Sullivan (118),D42,637420.2584,4849109.4886
15513,81163701,,4/17/2019 8:00:00 AM,805,SHEPPARD AVE E,KENNEDY RD,264 m West o,Major Arterial,Scarborough,43.782294,-79.292224,Non Intersection,No Control,Clear,Daylight,Dry,Non-Fatal Injury,Pedestrian Collisions,Pedestrian,Over 95,Major,,North,,,,,Pedestrian hit at mid-block,"Crossing, no Traffic Control",Normal,,,,Yes,,Yes,,,,,Yes,,,,,,118,Tam O'Shanter-Sullivan,118,Tam O'Shanter-Sullivan (118),D42,637420.2584,4849109.4886
15514,81240569,,4/18/2019 8:00:00 AM,1145,VICTORIA ST,LOMBARD ST,,Collector,Toronto and East York,43.651236,-79.377452,At Intersection,Stop Sign,Clear,Daylight,Dry,Non-Fatal Injury,Pedestrian Collisions,Driver,unknown,None,,West,"Automobile, Station Wagon",Reversing,Other,Unknown,,,,,,,Yes,,Yes,,,,,,,,,,,168,Downtown Yonge East,75,Church-Yonge Corridor (75),D51,630847.0652,4834415.6721
15515,81240570,,4/18/2019 8:00:00 AM,1145,VICTORIA ST,LOMBARD ST,,Collector,Toronto and East York,43.651236,-79.377452,At Intersection,Stop Sign,Clear,Daylight,Dry,Non-Fatal Injury,Pedestrian Collisions,Pedestrian,45 to 49,Major,,Unknown,,,,,Vehicle is reversing and hits pedestrian,Other,Normal,,,,Yes,,Yes,,,,,,,,,,,168,Downtown Yonge East,75,Church-Yonge Corridor (75),D51,630847.0652,4834415.6721
15516,81238830,,4/19/2019 8:00:00 AM,2145,LAKE SHORE BLVD W,JAMESON AVE,,Major Arterial,Toronto and East York,43.633269,-79.43452,At Intersection,Traffic Signal,Rain,"Dark, artificial",Wet,Non-Fatal Injury,Pedestrian Collisions,Driver,25 to 29,None,,West,"Automobile, Station Wagon",Going Ahead,Disobeyed Traffic Control,Normal,,,,,,,Yes,,Yes,,,,,,,Yes,Yes,,,85,South Parkdale,85,South Parkdale (85),D14,626282.5246,4832331.8042
15517,81238831,,4/19/2019 8:00:00 AM,2145,LAKE SHORE BLVD W,JAMESON AVE,,Major Arterial,Toronto and East York,43.633269,-79.43452,At Intersection,Traffic Signal,Rain,"Dark, artificial",Wet,Non-Fatal Injury,Pedestrian Collisions,Pedestrian,25 to 29,Major,,North,,,,,Vehicle is going straight thru inter.while ped cross with ROW,Crossing with right of way,Normal,,,,Yes,,Yes,,,,,,,Yes,Yes,,,85,South Parkdale,85,South Parkdale (85),D14,626282.5246,4832331.8042
15518,81474045,,4/21/2019 8:00:00 AM,108,F G GARDINER XY  W,ROYAL YORK RD,151 m West o,Expressway,Etobicoke York,43.622428,-79.503055,Non Intersection,No Control,Clear,"Dark, artificial",Dry,Non-Fatal Injury,Sideswipe,Driver,20 to 24,None,,West,"Automobile, Station Wagon",Changing Lanes,Improper Lane Change,Unknown,,,,,,,,,Yes,,,,,Yes,Yes,Yes,,,,160,Mimico-Queensway,17,Mimico (includes Humber Bay Shores) (17),D22,620775.6732,4831025.7997
15519,81474046,,4/21/2019 8:00:00 AM,108,F G GARDINER XY  W,ROYAL YORK RD,151 m West o,Expressway,Etobicoke York,43.622428,-79.503055,Non Intersection,No Control,Clear,"Dark, artificial",Dry,Non-Fatal Injury,Sideswipe,Driver,15 to 19,Major,,West,"Automobile, Station Wagon",Going Ahead,Lost control,Normal,,,,,,,,,Yes,,,,,Yes,Yes,Yes,,,,160,Mimico-Queensway,17,Mimico (includes Humber Bay Shores) (17),D22,620775.6732,4831025.7997
15520,81474047,,4/21/2019 8:00:00 AM,108,F G GARDINER XY  W,ROYAL YORK RD,151 m West o,Expressway,Etobicoke York,43.622428,-79.503055,Non Intersection,No Control,Clear,"Dark, artificial",Dry,Non-Fatal Injury,Sideswipe,Passenger,15 to 19,Minimal,,,,,,,,,,,,,,,Yes,,,,,Yes,Yes,Yes,,,,160,Mimico-Queensway,17,Mimico (includes Humber Bay Shores) (17),D22,620775.6732,4831025.7997
15521,81474048,,4/21/2019 8:00:00 AM,108,F G GARDINER XY  W,ROYAL YORK RD,151 m West o,Expressway,Etobicoke York,43.622428,-79.503055,Non Intersection,No Control,Clear,"Dark, artificial",Dry,Non-Fatal Injury,Sideswipe,Passenger,15 to 19,Major,,,,,,,,,,,,,,,Yes,,,,,Yes,Yes,Yes,,,,160,Mimico-Queensway,17,Mimico (includes Humber Bay Shores) (17),D22,620775.6732,4831025.7997
15522,81473390,,4/23/2019 8:00:00 AM,552,DANFORTH AVE,ELDON AVE,50 m East of,Major Arterial,Toronto and East York,43.690436,-79.291484,Intersection Related,No Control,Clear,"Dark, artificial",Dry,Non-Fatal Injury,Turning Movement,Driver,50 to 54,None,,East,"Automobile, Station Wagon",Making U Turn,Improper Turn,Inattentive,,,,,,,,,Yes,Yes,,,,,,,,,,61,Taylor-Massey,61,Taylor-Massey (61),D55,637690.1883,4838908.5185
15523,81473391,,4/23/2019 8:00:00 AM,552,DANFORTH AVE,ELDON AVE,50 m East of,Major Arterial,Toronto and East York,43.690436,-79.291484,Intersection Related,No Control,Clear,"Dark, artificial",Dry,Non-Fatal Injury,Turning Movement,Motorcycle Driver,25 to 29,Major,,East,Motorcycle,Going Ahead,Driving Properly,Normal,,,,,,,,,Yes,Yes,,,,,,,,,,61,Taylor-Massey,61,Taylor-Massey (61),D55,637690.1883,4838908.5185
15524,81240682,,4/23/2019 8:00:00 AM,1632,COMRIE TER,BRIMLEY RD,200 m East o,Collector,Scarborough,43.727519,-79.241809,Non Intersection,No Control,Clear,Daylight,Dry,Non-Fatal Injury,Pedestrian Collisions,Driver,20 to 24,None,,East,"Automobile, Station Wagon",Going Ahead,Driving Properly,Unknown,,,,,,,Yes,,Yes,,,,,,,,,,,123,Cliffcrest,123,Cliffcrest (123),D43,641606.2134,4843110.8108
15525,81240683,,4/23/2019 8:00:00 AM,1632,COMRIE TER,BRIMLEY RD,200 m East o,Collector,Scarborough,43.727519,-79.241809,Non Intersection,No Control,Clear,Daylight,Dry,Non-Fatal Injury,Pedestrian Collisions,Pedestrian,0 to 4,Major,,South,,,,,Vehicle hits the pedestrian walking or running out from between parked vehicles at mid-block,Coming From Behind Parked Vehicle,Normal,,,,Yes,,Yes,,,,,,,,,,,123,Cliffcrest,123,Cliffcrest (123),D43,641606.2134,4843110.8108
15526,81238774,,4/24/2019 8:00:00 AM,1005,UNIVERSITY AVE,DUNDAS ST W,,Major Arterial,Toronto and East York,43.654719,-79.388271,At Intersection,Traffic Signal,Clear,Daylight,Dry,Non-Fatal Injury,Pedestrian Collisions,Driver,60 to 64,None,,South,"Automobile, Station Wagon",Turning Right,Improper Turn,Unknown,,,,,,,Yes,,Yes,,,,,,,,,,,170,Yonge-Bay Corridor,76,Bay Street Corridor (76),D52,629967.0664,4834785.5024
15527,81238775,,4/24/2019 8:00:00 AM,1005,UNIVERSITY AVE,DUNDAS ST W,,Major Arterial,Toronto and East York,43.654719,-79.388271,At Intersection,Traffic Signal,Clear,Daylight,Dry,Non-Fatal Injury,Pedestrian Collisions,Pedestrian,35 to 39,Major,,East,,,,,Vehicle turns right while ped crosses with ROW at inter.,Crossing with right of way,Fatigue,,,,Yes,,Yes,,,,,,,,,,,170,Yonge-Bay Corridor,76,Bay Street Corridor (76),D52,629967.0664,4834785.5024
15528,81454998,,4/24/2019 8:00:00 AM,1500,FINCH AVE E,WILLOWDALE AVE,,Major Arterial,North York,43.809878,-79.257671,At Intersection,Traffic Signal,Clear,Daylight,Dry,Non-Fatal Injury,Turning Movement,Driver,35 to 39,Major,,East,Other,Going Ahead,Failed to Yield Right of Way,Normal,,,,,,,,,,,Yes,,,,,Yes,,,,129,Agincourt North,129,Agincourt North (129),D42,640136.1812,4852231.074
15529,81454999,,4/24/2019 8:00:00 AM,1500,FINCH AVE E,WILLOWDALE AVE,,Major Arterial,North York,43.809878,-79.257671,At Intersection,Traffic Signal,Clear,Daylight,Dry,Non-Fatal Injury,Turning Movement,Truck Driver,60 to 64,None,,West,"Truck - Closed (Blazer, etc)",Turning Right,Driving Properly,Normal,,,,,,,,,,,Yes,,,,,Yes,,,,129,Agincourt North,129,Agincourt North (129),D42,640136.1812,4852231.074
15530,81321912,,4/27/2019 8:00:00 AM,309,EASTERN AVE,LEWIS ST,30 m East of,Major Arterial,Toronto and East York,43.656424,-79.347522,Intersection Related,No Control,Clear,"Dark, artificial",Dry,Non-Fatal Injury,SMV Other,Driver,25 to 29,Major,,East,"Automobile, Station Wagon",Going Ahead,Lost control,Unknown,,,,,,,,,Yes,,,,,,Yes,Yes,,,,70,South Riverdale,70,South Riverdale (70),D55,633249.2608,4835039.4978
15531,81240804,,4/30/2019 8:00:00 AM,725,STAINES RD,SOLSTICE DR,10 m South o,Local,Scarborough,43.836573,-79.231487,Intersection Related,No Control,Clear,Daylight,Dry,Non-Fatal Injury,Pedestrian Collisions,Driver,40 to 44,None,,South,Municipal Transit Bus (TTC),Going Ahead,Driving Properly,Normal,,,,,,,Yes,,,,,Yes,,,,,,,,144,Morningside Heights,131,Rouge (131),D42,642178.8048,4855240.6782
15532,81240805,,4/30/2019 8:00:00 AM,725,STAINES RD,SOLSTICE DR,10 m South o,Local,Scarborough,43.836573,-79.231487,Intersection Related,No Control,Clear,Daylight,Dry,Non-Fatal Injury,Pedestrian Collisions,Pedestrian,15 to 19,Major,,Unknown,,,,,Pedestrian involved in a collision with transit vehicle anywhere along roadway,Running onto Roadway,Inattentive,,,,Yes,,,,,Yes,,,,,,,,144,Morningside Heights,131,Rouge (131),D42,642178.8048,4855240.6782
15533,81240718,,5/1/2019 8:00:00 AM,1634,FAIRFAX CRES,WARDEN AVE,,Major Arterial,Scarborough,43.716109,-79.282733,At Intersection,Traffic Signal,Rain,Daylight,Wet,Non-Fatal Injury,Pedestrian Collisions,Driver,55 to 59,None,,East,"Automobile, Station Wagon",Turning Left,Failed to Yield Right of Way,Normal,,,,,,,Yes,,Yes,,,,,,,Yes,,,,120,Clairlea-Birchmount,120,Clairlea-Birchmount (120),D41,638336.3798,4841774.4414
15534,81240719,,5/1/2019 8:00:00 AM,1634,FAIRFAX CRES,WARDEN AVE,,Major Arterial,Scarborough,43.716109,-79.282733,At Intersection,Traffic Signal,Rain,Daylight,Wet,Non-Fatal Injury,Pedestrian Collisions,Pedestrian,15 to 19,Major,,West,,,,,Vehicle turns left while ped crosses with ROW at inter.,Crossing with right of way,Normal,,,,Yes,,Yes,,,,,,,Yes,,,,120,Clairlea-Birchmount,120,Clairlea-Birchmount (120),D41,638336.3798,4841774.4414
15535,81474277,,5/2/2019 8:00:00 AM,200,BROWNS LINE,HORNER AVE,,Major Arterial,Etobicoke York,43.601615,-79.545207,At Intersection,Traffic Signal,Clear,"Dark, artificial",Wet,Non-Fatal Injury,SMV Other,Driver,30 to 34,Major,,West,"Automobile, Station Wagon",Going Ahead,Lost control,"Ability Impaired, Alcohol",,,,,,,,,Yes,,,,,,,,,Yes,,20,Alderwood,20,Alderwood (20),D22,617415.2537,4828653.8151
15536,81513297,,5/2/2019 8:00:00 AM,1708,MARKHAM RD,STEELES AVE E,,Major Arterial,Scarborough,43.836528,-79.251148,At Intersection,Traffic Signal,Clear,Daylight,Dry,Non-Fatal Injury,Pedestrian Collisions,Driver,40 to 44,None,,West,"Automobile, Station Wagon",Turning Left,Failed to Yield Right of Way,Normal,,,,,,,Yes,,Yes,,,,,,,Yes,,,,144,Morningside Heights,131,Rouge (131),D42,640598.2559,4855202.066
15537,81513298,,5/2/2019 8:00:00 AM,1708,MARKHAM RD,STEELES AVE E,,Major Arterial,Scarborough,43.836528,-79.251148,At Intersection,Traffic Signal,Clear,Daylight,Dry,Non-Fatal Injury,Pedestrian Collisions,Pedestrian,45 to 49,Major,,Unknown,,,,,Vehicle turns left while ped crosses with ROW at inter.,Crossing with right of way,Normal,,,,Yes,,Yes,,,,,,,Yes,,,,144,Morningside Heights,131,Rouge (131),D42,640598.2559,4855202.066
15538,81240418,,5/2/2019 8:00:00 AM,1755,THE QUEENSWAY,LADY BANK RD,,Major Arterial,Etobicoke York,43.62427,-79.511646,At Intersection,Traffic Signal,Clear,Daylight,Dry,Non-Fatal Injury,Pedestrian Collisions,Driver,35 to 39,None,,North,"Automobile, Station Wagon",Turning Left,Improper Turn,Normal,,,,,,,Yes,,Yes,,,,,,,,,,,16,Stonegate-Queensway,16,Stonegate-Queensway (16),D22,620078.8658,4831217.9157
15539,81240419,,5/2/2019 8:00:00 AM,1755,THE QUEENSWAY,LADY BANK RD,,Major Arterial,Etobicoke York,43.62427,-79.511646,At Intersection,Traffic Signal,Clear,Daylight,Dry,Non-Fatal Injury,Pedestrian Collisions,Pedestrian,15 to 19,Major,,North,,,,,Vehicle turns left while ped crosses with ROW at inter.,Crossing with right of way,Normal,,,,Yes,,Yes,,,,,,,,,,,16,Stonegate-Queensway,16,Stonegate-Queensway (16),D22,620078.8658,4831217.9157
15540,81269888,,5/2/2019 8:00:00 AM,1940,DUFFERIN ST,GEARY AVE,,Major Arterial,Etobicoke York,43.669528,-79.43951,At Intersection,No Control,Clear,Dusk,Dry,Non-Fatal Injury,Turning Movement,Driver,unknown,None,,North,Pick Up Truck,Turning Left,Failed to Yield Right of Way,Unknown,,,,,,,,,Yes,Yes,,,,,,Yes,,,,171,Junction-Wallace Emerson,93,Dovercourt-Wallace Emerson-Junction (93),D13,625804.2657,4836351.2578
15541,81269889,,5/2/2019 8:00:00 AM,1940,DUFFERIN ST,GEARY AVE,,Major Arterial,Etobicoke York,43.669528,-79.43951,At Intersection,No Control,Clear,Dusk,Dry,Non-Fatal Injury,Turning Movement,Motorcycle Driver,40 to 44,Major,,South,Motorcycle,Going Ahead,Driving Properly,Unknown,,,,,,,,,Yes,Yes,,,,,,Yes,,,,171,Junction-Wallace Emerson,93,Dovercourt-Wallace Emerson-Junction (93),D13,625804.2657,4836351.2578
15542,81321795,,5/5/2019 8:00:00 AM,1530,1140 SHEPPARD AVE W,,,Major Arterial,North York,43.75318,-79.468578,At/Near Private Drive,No Control,Clear,Daylight,Dry,Non-Fatal Injury,Angle,Driver,25 to 29,Minor,,West,"Automobile, Station Wagon",Going Ahead,Exceeding Speed Limit,Normal,,,,,,,,,Yes,,,,,Yes,Yes,Yes,,,,155,Downsview,26,Downsview-Roding-CFB (26),D32,623289.1872,4845598.3119
15543,81321796,,5/5/2019 8:00:00 AM,1530,1140 SHEPPARD AVE W,,,Major Arterial,North York,43.75318,-79.468578,At/Near Private Drive,No Control,Clear,Daylight,Dry,Non-Fatal Injury,Angle,Driver,50 to 54,Major,,South,"Automobile, Station Wagon",Merging,Failed to Yield Right of Way,Normal,,,,,,,,,Yes,,,,,Yes,Yes,Yes,,,,155,Downsview,26,Downsview-Roding-CFB (26),D32,623289.1872,4845598.3119
15544,81321797,,5/5/2019 8:00:00 AM,1530,1140 SHEPPARD AVE W,,,Major Arterial,North York,43.75318,-79.468578,At/Near Private Drive,No Control,Clear,Daylight,Dry,Non-Fatal Injury,Angle,Passenger,10 to 14,Minor,,,,,,,,,,,,,,,Yes,,,,,Yes,Yes,Yes,,,,155,Downsview,26,Downsview-Roding-CFB (26),D32,623289.1872,4845598.3119
15545,81321798,,5/5/2019 8:00:00 AM,1530,1140 SHEPPARD AVE W,,,Major Arterial,North York,43.75318,-79.468578,At/Near Private Drive,No Control,Clear,Daylight,Dry,Non-Fatal Injury,Angle,Passenger,20 to 24,Major,,,,,,,,,,,,,,,Yes,,,,,Yes,Yes,Yes,,,,155,Downsview,26,Downsview-Roding-CFB (26),D32,623289.1872,4845598.3119
15546,81475186,,5/5/2019 8:00:00 AM,1630,HIGHWAY 27  N,ROYALCREST RD,,Major Arterial,Etobicoke York,43.749644,-79.610423,At Intersection,Traffic Signal,Clear,Daylight,Dry,Non-Fatal Injury,SMV Other,Driver,45 to 49,None,,South,"Automobile, Station Wagon",Turning Left,Failed to Yield Right of Way,Unknown,,,,,,,,,Yes,Yes,,,,,,Yes,,,,1,West Humber-Clairville,1,West Humber-Clairville (1),D23,611876.2744,4845004.241
15547,81475187,,5/5/2019 8:00:00 AM,1630,HIGHWAY 27  N,ROYALCREST RD,,Major Arterial,Etobicoke York,43.749644,-79.610423,At Intersection,Traffic Signal,Clear,Daylight,Dry,Non-Fatal Injury,SMV Other,Motorcycle Driver,50 to 54,Major,,North,Motorcycle,Going Ahead,Driving Properly,Normal,,,,,,,,,Yes,Yes,,,,,,Yes,,,,1,West Humber-Clairville,1,West Humber-Clairville (1),D23,611876.2744,4845004.241
15548,81241584,,5/6/2019 8:00:00 AM,1320,DUNDAS ST W,EUCLID AVE,,Major Arterial,Toronto and East York,43.65148,-79.409679,At Intersection,Stop Sign,Clear,Daylight,Dry,Non-Fatal Injury,Cyclist Collisions,Driver,70 to 74,None,,North,"Automobile, Station Wagon",Going Ahead,Failed to Yield Right of Way,Normal,,,,,,,,Yes,Yes,,,,,Yes,,Yes,,,,81,Trinity-Bellwoods,81,Trinity-Bellwoods (81),D14,628247.6385,4834392.4606
15549,81241585,,5/6/2019 8:00:00 AM,1320,DUNDAS ST W,EUCLID AVE,,Major Arterial,Toronto and East York,43.65148,-79.409679,At Intersection,Stop Sign,Clear,Daylight,Dry,Non-Fatal Injury,Cyclist Collisions,Cyclist,65 to 69,Major,,East,Bicycle,Going Ahead,,,,,,"Motorist without ROW drives into path of cyclist at inter, lnwy, dwy-Driver not turn.",Driving Properly,Normal,,Yes,Yes,,,,,Yes,,Yes,,,,81,Trinity-Bellwoods,81,Trinity-Bellwoods (81),D14,628247.6385,4834392.4606
15550,81241586,,5/6/2019 8:00:00 AM,1320,DUNDAS ST W,EUCLID AVE,,Major Arterial,Toronto and East York,43.65148,-79.409679,At Intersection,Stop Sign,Clear,Daylight,Dry,Non-Fatal Injury,Cyclist Collisions,Passenger,60 to 64,None,,,,,,,,,,,,,,Yes,Yes,,,,,Yes,,Yes,,,,81,Trinity-Bellwoods,81,Trinity-Bellwoods (81),D14,628247.6385,4834392.4606
15551,81466258,,5/7/2019 8:00:00 AM,211,WOODBINE AVE,QUEEN ST E,235 m South ,Major Arterial,Toronto and East York,43.667052,-79.305064,Non Intersection,No Control,Clear,"Dark, artificial",Dry,Non-Fatal Injury,SMV Unattended Vehicle,Driver,25 to 29,Major,,North,"Automobile, Station Wagon",Going Ahead,Lost control,Unknown,,,,,,,,,Yes,,,,,Yes,Yes,Yes,,,,63,The Beaches,63,The Beaches (63),D55,636648.8306,4836288.9419
15552,81466259,,5/7/2019 8:00:00 AM,211,WOODBINE AVE,QUEEN ST E,235 m South ,Major Arterial,Toronto and East York,43.667052,-79.305064,Non Intersection,No Control,Clear,"Dark, artificial",Dry,Non-Fatal Injury,SMV Unattended Vehicle,Passenger,20 to 24,Minor,,,,,,,,,,,,,,,Yes,,,,,Yes,Yes,Yes,,,,63,The Beaches,63,The Beaches (63),D55,636648.8306,4836288.9419
15553,81100645,,5/10/2019 8:00:00 AM,124,BRIMLEY RD,MCNICOLL AVE,,Major Arterial,Scarborough,43.816447,-79.282207,Non Intersection,No Control,Rain,"Dark, artificial",Wet,Fatal,SMV Other,Driver,15 to 19,Fatal,18,South,"Automobile, Station Wagon",Going Ahead,Lost control,Unknown,,,,,,,,,Yes,,,,,Yes,Yes,Yes,,,,130,Milliken,130,Milliken (130),D42,638147.5718,4852919.4042
15554,81239215,,5/10/2019 8:00:00 AM,124,BRIMLEY RD,MCNICOLL AVE,,Major Arterial,Scarborough,43.816447,-79.282207,Non Intersection,No Control,Rain,"Dark, artificial",Wet,Fatal,SMV Other,Passenger,10 to 14,Major,,,,,,,,,,,,,,,Yes,,,,,Yes,Yes,Yes,,,,130,Milliken,130,Milliken (130),D42,638147.5718,4852919.4042
15555,81241928,,5/10/2019 8:00:00 AM,124,BRIMLEY RD,MCNICOLL AVE,,Major Arterial,Scarborough,43.816447,-79.282207,Non Intersection,No Control,Rain,"Dark, artificial",Wet,Fatal,SMV Other,Passenger,15 to 19,Minor,,,,,,,,,,,,,,,Yes,,,,,Yes,Yes,Yes,,,,130,Milliken,130,Milliken (130),D42,638147.5718,4852919.4042
15556,81467006,,5/10/2019 8:00:00 AM,2200,DANFORTH AVE,CHESTER AVE,22 m East of,Major Arterial,Toronto and East York,43.677485,-79.351924,Intersection Related,No Control,Clear,"Dark, artificial",Dry,Non-Fatal Injury,Turning Movement,Driver,30 to 34,Major,,East,"Automobile, Station Wagon",Going Ahead,Lost control,Medical or Physical Disability,,,,,,,,,Yes,,,,,Yes,,Yes,,,Yes,68,North Riverdale,68,North Riverdale (68),D55,632847.8277,4837371.5461
15557,81467007,,5/10/2019 8:00:00 AM,2200,DANFORTH AVE,CHESTER AVE,22 m East of,Major Arterial,Toronto and East York,43.677485,-79.351924,Intersection Related,No Control,Clear,"Dark, artificial",Dry,Non-Fatal Injury,Turning Movement,Driver,25 to 29,None,,North,"Automobile, Station Wagon",Making U Turn,Driving Properly,Normal,,,,,,,,,Yes,,,,,Yes,,Yes,,,Yes,68,North Riverdale,68,North Riverdale (68),D55,632847.8277,4837371.5461
15558,81467008,,5/10/2019 8:00:00 AM,2200,DANFORTH AVE,CHESTER AVE,22 m East of,Major Arterial,Toronto and East York,43.677485,-79.351924,Intersection Related,No Control,Clear,"Dark, artificial",Dry,Non-Fatal Injury,Turning Movement,Other,15 to 19,None,,East,"Automobile, Station Wagon",Parked,,,,,,,,,,,Yes,,,,,Yes,,Yes,,,Yes,68,North Riverdale,68,North Riverdale (68),D55,632847.8277,4837371.5461
15559,81467009,,5/10/2019 8:00:00 AM,2200,DANFORTH AVE,CHESTER AVE,22 m East of,Major Arterial,Toronto and East York,43.677485,-79.351924,Intersection Related,No Control,Clear,"Dark, artificial",Dry,Non-Fatal Injury,Turning Movement,Passenger,45 to 49,Minor,,,,,,,,,,,,,,,Yes,,,,,Yes,,Yes,,,Yes,68,North Riverdale,68,North Riverdale (68),D55,632847.8277,4837371.5461
15560,81242203,,5/12/2019 8:00:00 AM,2045,LAKE SHORE BLVD W,KIPLING AVE,,Major Arterial,Etobicoke York,43.598124,-79.51691,At Intersection,Traffic Signal,Rain,"Dark, artificial",Wet,Non-Fatal Injury,Pedestrian Collisions,Driver,40 to 44,None,,East,"Automobile, Station Wagon",Going Ahead,Driving Properly,Normal,,,,,,,Yes,,Yes,,,,,,,,,,,18,New Toronto,18,New Toronto (18),D22,619706.0255,4828306.4875
15561,81242204,,5/12/2019 8:00:00 AM,2045,LAKE SHORE BLVD W,KIPLING AVE,,Major Arterial,Etobicoke York,43.598124,-79.51691,At Intersection,Traffic Signal,Rain,"Dark, artificial",Wet,Non-Fatal Injury,Pedestrian Collisions,Pedestrian,15 to 19,Major,,North,,,,,Other / Undefined,Person Getting on/off Vehicle,Normal,,,,Yes,,Yes,,,,,,,,,,,18,New Toronto,18,New Toronto (18),D22,619706.0255,4828306.4875
15562,81242363,,5/15/2019 8:00:00 AM,1559,91 ANNETTE ST,,40 m East of,Minor Arterial,Toronto and East York,43.663405,-79.462817,At/Near Private Drive,No Control,Clear,Daylight,Dry,Non-Fatal Injury,Cyclist Collisions,Driver,25 to 29,None,,North,"Automobile, Station Wagon",Turning Left,Failed to Yield Right of Way,Inattentive,,,,,,,,Yes,Yes,,,,,,,Yes,,,,90,Junction Area,90,Junction Area (90),D11,623937.8748,4835636.1366
15563,81242364,,5/15/2019 8:00:00 AM,1559,91 ANNETTE ST,,40 m East of,Minor Arterial,Toronto and East York,43.663405,-79.462817,At/Near Private Drive,No Control,Clear,Daylight,Dry,Non-Fatal Injury,Cyclist Collisions,Cyclist,40 to 44,Major,,East,Bicycle,Going Ahead,,,,,,Motorist turned left across cyclists path.,Driving Properly,Normal,,Yes,Yes,,,,,,,Yes,,,,90,Junction Area,90,Junction Area (90),D11,623937.8748,4835636.1366
15564,81270893,,5/17/2019 8:00:00 AM,2100,DUFFERIN ST,QUEEN ST W,,Major Arterial,Toronto and East York,43.642134,-79.4286,At Intersection,Traffic Signal,Clear,"Dark, artificial",Dry,Non-Fatal Injury,Turning Movement,Driver,65 to 69,None,,North,"Automobile, Station Wagon",Turning Left,Improper Turn,Inattentive,,,,,,,,,Yes,Yes,,,,,,Yes,,,,85,South Parkdale,85,South Parkdale (85),D14,626741.4385,4833325.3986
15565,81270894,,5/17/2019 8:00:00 AM,2100,DUFFERIN ST,QUEEN ST W,,Major Arterial,Toronto and East York,43.642134,-79.4286,At Intersection,Traffic Signal,Clear,"Dark, artificial",Dry,Non-Fatal Injury,Turning Movement,Motorcycle Driver,30 to 34,Major,,South,Motorcycle,Going Ahead,Driving Properly,Normal,,,,,,,,,Yes,Yes,,,,,,Yes,,,,85,South Parkdale,85,South Parkdale (85),D14,626741.4385,4833325.3986
15566,81241065,,5/19/2019 8:00:00 AM,1154,KING ST W,JAMESON AVE,,Major Arterial,Toronto and East York,43.637103,-79.435993,At Intersection,Traffic Signal,Clear,Daylight,Dry,Non-Fatal Injury,Pedestrian Collisions,Driver,25 to 29,None,,West,"Automobile, Station Wagon",Turning Left,Failed to Yield Right of Way,Inattentive,,,,,,,Yes,,Yes,,,,,,,Yes,,,,85,South Parkdale,85,South Parkdale (85),D14,626155.678,4832755.3788
15567,81241066,,5/19/2019 8:00:00 AM,1154,KING ST W,JAMESON AVE,,Major Arterial,Toronto and East York,43.637103,-79.435993,At Intersection,Traffic Signal,Clear,Daylight,Dry,Non-Fatal Injury,Pedestrian Collisions,Driver,65 to 69,None,,East,"Automobile, Station Wagon",Going Ahead,Driving Properly,Normal,,,,,,,Yes,,Yes,,,,,,,Yes,,,,85,South Parkdale,85,South Parkdale (85),D14,626155.678,4832755.3788
15568,81241067,,5/19/2019 8:00:00 AM,1154,KING ST W,JAMESON AVE,,Major Arterial,Toronto and East York,43.637103,-79.435993,At Intersection,Traffic Signal,Clear,Daylight,Dry,Non-Fatal Injury,Pedestrian Collisions,Pedestrian,55 to 59,Major,,East,,,,,Vehicle turns left while ped crosses with ROW at inter.,Crossing with right of way,Normal,,,,Yes,,Yes,,,,,,,Yes,,,,85,South Parkdale,85,South Parkdale (85),D14,626155.678,4832755.3788