OBJECTID,INDEX,ACCNUM,DATE,TIME,STREET1,STREET2,OFFSET,ROAD_CLASS,DISTRICT,LATITUDE,LONGITUDE,ACCLOC,TRAFFCTL,VISIBILITY,LIGHT,RDSFCOND,ACCLASS,IMPACTYPE,INVTYPE,INVAGE,INJURY,FATAL_NO,INITDIR,VEHTYPE,MANOEUVER,DRIVACT,DRIVCOND,PEDTYPE,PEDACT,PEDCOND,CYCLISTYPE,CYCACT,CYCCOND,PEDESTRIAN,CYCLIST,AUTOMOBILE,MOTORCYCLE,TRUCK,TRSN_CITY_VEH,EMERG_VEH,PASSENGER,SPEEDING,AG_DRIV,REDLIGHT,ALCOHOL,DISABILITY,HOOD_158,NEIGHBOURHOOD_158,HOOD_140,NEIGHBOURHOOD_140,DIVISION,x,y
15569,81241880,,5/20/2019 8:00:00 AM,920,QUEENS QUAY W,YORK ST,10 m West of,Minor Arterial,Toronto and East York,43.639891,-79.380161,At Intersection,Traffic Signal,Clear,Daylight,Dry,Non-Fatal Injury,Pedestrian Collisions,Driver,45 to 49,Minimal,,West,Street Car,Going Ahead,Driving Properly,Normal,,,,,,,Yes,,,,,Yes,,,,,,,,166,St Lawrence-East Bayfront-The Islands,77,Waterfront Communities-The Island (77),D52,630653.1941,4833151.394
15570,81241881,,5/20/2019 8:00:00 AM,920,QUEENS QUAY W,YORK ST,10 m West of,Minor Arterial,Toronto and East York,43.639891,-79.380161,At Intersection,Traffic Signal,Clear,Daylight,Dry,Non-Fatal Injury,Pedestrian Collisions,Pedestrian,30 to 34,Major,,North,,,,,Pedestrian involved in a collision with transit vehicle anywhere along roadway,Crossing without right of way,Inattentive,,,,Yes,,,,,Yes,,,,,,,,166,St Lawrence-East Bayfront-The Islands,77,Waterfront Communities-The Island (77),D52,630653.1941,4833151.394
15571,81262547,,5/21/2019 8:00:00 AM,1143,QUEEN ST W,SHAW ST,,Major Arterial,Toronto and East York,43.644652,-79.416263,At Intersection,Traffic Signal,Clear,Daylight,Dry,Non-Fatal Injury,Pedestrian Collisions,Driver,75 to 79,None,,South,"Automobile, Station Wagon",Turning Left,Failed to Yield Right of Way,Inattentive,,,,,,,Yes,,Yes,,,,,,,Yes,,,,162,West Queen West,82,Niagara (82),D14,627731.1541,4833623.9682
15572,81262548,,5/21/2019 8:00:00 AM,1143,QUEEN ST W,SHAW ST,,Major Arterial,Toronto and East York,43.644652,-79.416263,At Intersection,Traffic Signal,Clear,Daylight,Dry,Non-Fatal Injury,Pedestrian Collisions,Pedestrian,80 to 84,Major,,North,,,,,Vehicle turns left while ped crosses with ROW at inter.,Crossing with right of way,Normal,,,,Yes,,Yes,,,,,,,Yes,,,,162,West Queen West,82,Niagara (82),D14,627731.1541,4833623.9682
15573,81241522,,5/22/2019 8:00:00 AM,724,KENNEDY RD,FINCH AVE E,,Major Arterial,Scarborough,43.801196,-79.296558,At Intersection,Traffic Signal,Clear,Daylight,Dry,Non-Fatal Injury,Angle,Motorcycle Driver,20 to 24,Major,,East,Motorcycle,Going Ahead,Disobeyed Traffic Control,Normal,,,,,,,,,Yes,Yes,,,,,,Yes,Yes,,,148,East L'Amoreaux,117,L'Amoreaux (117),D42,637028.3022,4851201.67
15574,81241523,,5/22/2019 8:00:00 AM,724,KENNEDY RD,FINCH AVE E,,Major Arterial,Scarborough,43.801196,-79.296558,At Intersection,Traffic Signal,Clear,Daylight,Dry,Non-Fatal Injury,Angle,Driver,35 to 39,None,,North,"Automobile, Station Wagon",Going Ahead,Driving Properly,Normal,,,,,,,,,Yes,Yes,,,,,,Yes,Yes,,,148,East L'Amoreaux,117,L'Amoreaux (117),D42,637028.3022,4851201.67
15575,81241570,,5/22/2019 8:00:00 AM,1439,RICHMOND ST W,AUGUSTA AVE,,Major Arterial,Toronto and East York,43.647265,-79.399349,At Intersection,No Control,Clear,Daylight,Dry,Non-Fatal Injury,Pedestrian Collisions,Truck Driver,35 to 39,None,,West,Truck - Tank,Going Ahead,Driving Properly,Unknown,,,,,,,Yes,,,,Yes,,,,,,,,,164,Wellington Place,77,Waterfront Communities-The Island (77),D14,629089.7146,4833940.3464
15576,81241571,,5/22/2019 8:00:00 AM,1439,RICHMOND ST W,AUGUSTA AVE,,Major Arterial,Toronto and East York,43.647265,-79.399349,At Intersection,No Control,Clear,Daylight,Dry,Non-Fatal Injury,Pedestrian Collisions,Pedestrian,45 to 49,Major,,North,,,,,Vehicle is going straight thru inter.while ped cross without ROW,"Crossing, no Traffic Control",Inattentive,,,,Yes,,,,Yes,,,,,,,,,164,Wellington Place,77,Waterfront Communities-The Island (77),D14,629089.7146,4833940.3464
15577,81242461,,5/23/2019 8:00:00 AM,1535,350 QUEENS QUAY W,,20 m East of,Minor Arterial,Toronto and East York,43.638205,-79.388637,At Intersection,Traffic Signal,Clear,Daylight,Dry,Non-Fatal Injury,Approaching,Driver,30 to 34,Minimal,,West,Street Car,Going Ahead,Driving Properly,Normal,,,,,,,,,Yes,,,Yes,,Yes,Yes,Yes,,,,165,Harbourfront-CityPlace,77,Waterfront Communities-The Island (77),D52,629973.1636,4832950.8344
15578,81242462,,5/23/2019 8:00:00 AM,1535,350 QUEENS QUAY W,,20 m East of,Minor Arterial,Toronto and East York,43.638205,-79.388637,At Intersection,Traffic Signal,Clear,Daylight,Dry,Non-Fatal Injury,Approaching,Passenger,30 to 34,Major,,,,,,,,,,,,,,,Yes,,,Yes,,Yes,Yes,Yes,,,,165,Harbourfront-CityPlace,77,Waterfront Communities-The Island (77),D52,629973.1636,4832950.8344
15579,81242463,,5/23/2019 8:00:00 AM,1535,350 QUEENS QUAY W,,20 m East of,Minor Arterial,Toronto and East York,43.638205,-79.388637,At Intersection,Traffic Signal,Clear,Daylight,Dry,Non-Fatal Injury,Approaching,Driver,25 to 29,Minor,,East,"Automobile, Station Wagon",Going Ahead,Other,Unknown,,,,,,,,,Yes,,,Yes,,Yes,Yes,Yes,,,,165,Harbourfront-CityPlace,77,Waterfront Communities-The Island (77),D52,629973.1636,4832950.8344
15580,81329632,,5/23/2019 8:00:00 AM,1730,QUEEN ST E,CARROLL ST,,Major Arterial,North York,43.658259,-79.352199,At Intersection,Pedestrian Crossover,Clear,Daylight,Dry,Non-Fatal Injury,Pedestrian Collisions,Driver,70 to 74,None,,West,"Automobile, Station Wagon",Going Ahead,Failed to Yield Right of Way,Inattentive,,,,,,,Yes,,Yes,,,,,,,Yes,,,,70,South Riverdale,70,South Riverdale (70),D55,632868.0745,4835235.7987
15581,81329633,,5/23/2019 8:00:00 AM,1730,QUEEN ST E,CARROLL ST,,Major Arterial,North York,43.658259,-79.352199,At Intersection,Pedestrian Crossover,Clear,Daylight,Dry,Non-Fatal Injury,Pedestrian Collisions,Pedestrian,70 to 74,Major,,South,,,,,Pedestrian hit a PXO/ped. Mid-block signal,Crossing with right of way,Normal,,,,Yes,,Yes,,,,,,,Yes,,,,70,South Riverdale,70,South Riverdale (70),D55,632868.0745,4835235.7987
15582,81262775,,5/24/2019 8:00:00 AM,1100,KING ST E,BRIGHT ST,,Major Arterial,Toronto and East York,43.655188,-79.358905,At Intersection,Stop Sign,Clear,Daylight,Dry,Non-Fatal Injury,Cyclist Collisions,Driver,50 to 54,None,,South,"Automobile, Station Wagon",Turning Right,Failed to Yield Right of Way,Normal,,,,,,,,Yes,Yes,,,,,,,Yes,,,,73,Moss Park,73,Moss Park (73),D51,632334.0858,4834884.0063
15583,81262776,,5/24/2019 8:00:00 AM,1100,KING ST E,BRIGHT ST,,Major Arterial,Toronto and East York,43.655188,-79.358905,At Intersection,Stop Sign,Clear,Daylight,Dry,Non-Fatal Injury,Cyclist Collisions,Cyclist,55 to 59,Major,,East,Bicycle,Going Ahead,,,,,,"Motorist turns right at non-signal Inter.(stop, yield, no cont.,and dwy) and strikes cyclist.",Driving Properly,Normal,,Yes,Yes,,,,,,,Yes,,,,73,Moss Park,73,Moss Park (73),D51,632334.0858,4834884.0063
15584,81513262,,5/26/2019 8:00:00 AM,910,SIMCOE ST,PEARL ST,,Collector,Toronto and East York,43.647936,-79.386333,At Intersection,No Control,Clear,Daylight,Dry,Non-Fatal Injury,Cyclist Collisions,Driver,unknown,None,,South,"Automobile, Station Wagon",Turning Right,Failed to Yield Right of Way,Inattentive,,,,,,,,Yes,Yes,,,,,,,Yes,,,,170,Yonge-Bay Corridor,76,Bay Street Corridor (76),D52,630137.9943,4834035.1986
15585,81513263,,5/26/2019 8:00:00 AM,910,SIMCOE ST,PEARL ST,,Collector,Toronto and East York,43.647936,-79.386333,At Intersection,No Control,Clear,Daylight,Dry,Non-Fatal Injury,Cyclist Collisions,Cyclist,20 to 24,Major,,South,Bicycle,Going Ahead,,,,,,"Motorist turns right at non-signal Inter.(stop, yield, no cont.,and dwy) and strikes cyclist.",Driving Properly,Normal,,Yes,Yes,,,,,,,Yes,,,,170,Yonge-Bay Corridor,76,Bay Street Corridor (76),D52,630137.9943,4834035.1986
15586,81513274,,5/26/2019 8:00:00 AM,1757,CARLTON ST,BERKELEY ST,1 m West of,Minor Arterial,Toronto and East York,43.663993,-79.369281,At Intersection,Stop Sign,Clear,Daylight,Dry,Non-Fatal Injury,Cyclist Collisions,Driver,25 to 29,None,,North,"Automobile, Station Wagon",Turning Left,Failed to Yield Right of Way,Inattentive,,,,,,,,Yes,Yes,,,,,,,Yes,,,,73,Moss Park,71,Cabbagetown-South St.James Town (71),D51,631478.16,4835845.4229
15587,81513275,,5/26/2019 8:00:00 AM,1757,CARLTON ST,BERKELEY ST,1 m West of,Minor Arterial,Toronto and East York,43.663993,-79.369281,At Intersection,Stop Sign,Clear,Daylight,Dry,Non-Fatal Injury,Cyclist Collisions,Driver,60 to 64,None,,West,"Automobile, Station Wagon",Going Ahead,Driving Properly,Normal,,,,,,,,Yes,Yes,,,,,,,Yes,,,,73,Moss Park,71,Cabbagetown-South St.James Town (71),D51,631478.16,4835845.4229
15588,81513276,,5/26/2019 8:00:00 AM,1757,CARLTON ST,BERKELEY ST,1 m West of,Minor Arterial,Toronto and East York,43.663993,-79.369281,At Intersection,Stop Sign,Clear,Daylight,Dry,Non-Fatal Injury,Cyclist Collisions,Cyclist,30 to 34,Major,,East,Bicycle,Going Ahead,,,,,,Motorist loses control and strikes cyclist.,Driving Properly,Normal,,Yes,Yes,,,,,,,Yes,,,,73,Moss Park,71,Cabbagetown-South St.James Town (71),D51,631478.16,4835845.4229
15589,81475714,,5/26/2019 8:00:00 AM,1914,NORTH QUEEN ST,INDEX RD,100 m West o,Minor Arterial,Etobicoke York,43.619403,-79.553706,At Intersection,Traffic Signal,Clear,Daylight,Dry,Non-Fatal Injury,Pedestrian Collisions,Driver,80 to 84,None,,North,Passenger Van,Turning Left,Failed to Yield Right of Way,Inattentive,,,,,,,Yes,,Yes,,,,,Yes,,Yes,,,,159,Etobicoke City Centre,14,Islington-City Centre West (14),D22,616694.8959,4830617.4062
15590,81475715,,5/26/2019 8:00:00 AM,1914,NORTH QUEEN ST,INDEX RD,100 m West o,Minor Arterial,Etobicoke York,43.619403,-79.553706,At Intersection,Traffic Signal,Clear,Daylight,Dry,Non-Fatal Injury,Pedestrian Collisions,Passenger,35 to 39,None,,,,,,,,,,,,,Yes,,Yes,,,,,Yes,,Yes,,,,159,Etobicoke City Centre,14,Islington-City Centre West (14),D22,616694.8959,4830617.4062
15591,81475716,,5/26/2019 8:00:00 AM,1914,NORTH QUEEN ST,INDEX RD,100 m West o,Minor Arterial,Etobicoke York,43.619403,-79.553706,At Intersection,Traffic Signal,Clear,Daylight,Dry,Non-Fatal Injury,Pedestrian Collisions,Passenger,5 to 9,None,,,,,,,,,,,,,Yes,,Yes,,,,,Yes,,Yes,,,,159,Etobicoke City Centre,14,Islington-City Centre West (14),D22,616694.8959,4830617.4062
15592,81475717,,5/26/2019 8:00:00 AM,1914,NORTH QUEEN ST,INDEX RD,100 m West o,Minor Arterial,Etobicoke York,43.619403,-79.553706,At Intersection,Traffic Signal,Clear,Daylight,Dry,Non-Fatal Injury,Pedestrian Collisions,Pedestrian,15 to 19,Major,,South,,,,,Vehicle turns left while ped crosses with ROW at inter.,Crossing with right of way,Normal,,,,Yes,,Yes,,,,,Yes,,Yes,,,,159,Etobicoke City Centre,14,Islington-City Centre West (14),D22,616694.8959,4830617.4062
15593,81241929,,5/29/2019 8:00:00 AM,1328,14 PLYMBRIDGE RD,,,Local,North York,43.739615,-79.399722,Non Intersection,No Control,Clear,Daylight,Dry,Fatal,SMV Other,Driver,20 to 24,None,,South,Truck (other),Reversing,Other,Normal,,,,,,,,,,,Yes,,,Yes,,,,,,41,Bridle Path-Sunnybrook-York Mills,41,Bridle Path-Sunnybrook-York Mills (41),D32,628861.6862,4844196.5121
15594,81242492,,5/29/2019 8:00:00 AM,1328,14 PLYMBRIDGE RD,,,Local,North York,43.739615,-79.399722,Non Intersection,No Control,Clear,Daylight,Dry,Fatal,SMV Other,Passenger,25 to 29,Fatal,19,,,,,,,,,,,,,,,,Yes,,,Yes,,,,,,41,Bridle Path-Sunnybrook-York Mills,41,Bridle Path-Sunnybrook-York Mills (41),D32,628861.6862,4844196.5121
15595,81321775,,5/30/2019 8:00:00 AM,2236,LAKE SHORE BLVD W,ONTARIO DR,,Major Arterial,Toronto and East York,43.630351,-79.419742,At Intersection,Traffic Signal,Clear,"Dark, artificial",Dry,Non-Fatal Injury,Turning Movement,Driver,20 to 24,None,,West,Passenger Van,Turning Right,Improper Turn,Inattentive,,,,,,,,,Yes,Yes,,,,Yes,,Yes,,,,163,Fort York-Liberty Village,82,Niagara (82),D14,627480.8023,4832030.3108
15596,81321776,,5/30/2019 8:00:00 AM,2236,LAKE SHORE BLVD W,ONTARIO DR,,Major Arterial,Toronto and East York,43.630351,-79.419742,At Intersection,Traffic Signal,Clear,"Dark, artificial",Dry,Non-Fatal Injury,Turning Movement,Motorcycle Driver,20 to 24,Major,,West,Motorcycle,Going Ahead,Driving Properly,Normal,,,,,,,,,Yes,Yes,,,,Yes,,Yes,,,,163,Fort York-Liberty Village,82,Niagara (82),D14,627480.8023,4832030.3108
15597,81321777,,5/30/2019 8:00:00 AM,2236,LAKE SHORE BLVD W,ONTARIO DR,,Major Arterial,Toronto and East York,43.630351,-79.419742,At Intersection,Traffic Signal,Clear,"Dark, artificial",Dry,Non-Fatal Injury,Turning Movement,Passenger,20 to 24,None,,,,,,,,,,,,,,,Yes,Yes,,,,Yes,,Yes,,,,163,Fort York-Liberty Village,82,Niagara (82),D14,627480.8023,4832030.3108
15598,81262420,,5/31/2019 8:00:00 AM,2123,WOODBINE AVE,GERRARD ST E,,Major Arterial,Toronto and East York,43.68072,-79.310718,At Intersection,Traffic Signal,Clear,Daylight,Dry,Non-Fatal Injury,Turning Movement,Motorcycle Driver,35 to 39,Major,,North,Motorcycle,Going Ahead,Disobeyed Traffic Control,Normal,,,,,,,,,Yes,Yes,,,,Yes,Yes,Yes,Yes,,,62,East End-Danforth,62,East End-Danforth (62),D55,636162.0738,4837797.6629
15599,81262421,,5/31/2019 8:00:00 AM,2123,WOODBINE AVE,GERRARD ST E,,Major Arterial,Toronto and East York,43.68072,-79.310718,At Intersection,Traffic Signal,Clear,Daylight,Dry,Non-Fatal Injury,Turning Movement,Driver,45 to 49,None,,South,"Automobile, Station Wagon",Turning Left,Driving Properly,Normal,,,,,,,,,Yes,Yes,,,,Yes,Yes,Yes,Yes,,,62,East End-Danforth,62,East End-Danforth (62),D55,636162.0738,4837797.6629
15600,81262422,,5/31/2019 8:00:00 AM,2123,WOODBINE AVE,GERRARD ST E,,Major Arterial,Toronto and East York,43.68072,-79.310718,At Intersection,Traffic Signal,Clear,Daylight,Dry,Non-Fatal Injury,Turning Movement,Motorcycle Passenger,35 to 39,Major,,,,,,,,,,,,,,,Yes,Yes,,,,Yes,Yes,Yes,Yes,,,62,East End-Danforth,62,East End-Danforth (62),D55,636162.0738,4837797.6629
15601,81332427,,6/1/2019 8:00:00 AM,45,BLACK CREEK DR,LAWRENCE AVE W,13 m South o,Major Arterial,Etobicoke York,43.704878,-79.494052,At Intersection,Traffic Signal,Clear,"Dark, artificial",Dry,Non-Fatal Injury,Rear End,Driver,35 to 39,Major,,North,"Automobile, Station Wagon",Going Ahead,Speed too Fast For Condition,"Ability Impaired, Alcohol",,,,,,,,,Yes,,,,,,Yes,Yes,,Yes,,30,Brookhaven-Amesbury,30,Brookhaven-Amesbury (30),D12,621335.8423,4840196.0849
15602,81332428,,6/1/2019 8:00:00 AM,45,BLACK CREEK DR,LAWRENCE AVE W,13 m South o,Major Arterial,Etobicoke York,43.704878,-79.494052,At Intersection,Traffic Signal,Clear,"Dark, artificial",Dry,Non-Fatal Injury,Rear End,Driver,55 to 59,None,,North,"Automobile, Station Wagon",Stopped,Driving Properly,Normal,,,,,,,,,Yes,,,,,,Yes,Yes,,Yes,,30,Brookhaven-Amesbury,30,Brookhaven-Amesbury (30),D12,621335.8423,4840196.0849
15603,81242056,,6/1/2019 8:00:00 AM,1515,BLOOR ST W,KEELE ST,,Major Arterial,North York,43.654635,-79.460002,At Intersection,Traffic Signal,Clear,Daylight,Dry,Non-Fatal Injury,Cyclist Collisions,Driver,60 to 64,None,,East,"Automobile, Station Wagon",Turning Left,Failed to Yield Right of Way,Normal,,,,,,,,Yes,Yes,,,,,,,Yes,,,,87,High Park-Swansea,87,High Park-Swansea (87),D11,624182.9188,4834666.3225
15604,81242057,,6/1/2019 8:00:00 AM,1515,BLOOR ST W,KEELE ST,,Major Arterial,North York,43.654635,-79.460002,At Intersection,Traffic Signal,Clear,Daylight,Dry,Non-Fatal Injury,Cyclist Collisions,Cyclist,30 to 34,Major,,West,Bicycle,Going Ahead,,,,,,Motorist turned left across cyclists path.,Driving Properly,Normal,,Yes,Yes,,,,,,,Yes,,,,87,High Park-Swansea,87,High Park-Swansea (87),D11,624182.9188,4834666.3225
15605,81269751,,6/1/2019 8:00:00 AM,1827,DUNDAS ST W,ANNETTE ST,,Major Arterial,Toronto and East York,43.664412,-79.458736,At Intersection,Traffic Signal,Clear,Daylight,Dry,Non-Fatal Injury,Cyclist Collisions,Cyclist,15 to 19,Major,,North,Bicycle,Turning Left,,,,,,Cyclist turned left across motorists path.,Improper Turn,Normal,,Yes,Yes,,,,,,,,,,,90,Junction Area,90,Junction Area (90),D11,624264.8374,4835754.0816
15606,81269752,,6/1/2019 8:00:00 AM,1827,DUNDAS ST W,ANNETTE ST,,Major Arterial,Toronto and East York,43.664412,-79.458736,At Intersection,Traffic Signal,Clear,Daylight,Dry,Non-Fatal Injury,Cyclist Collisions,Driver,25 to 29,None,,South,"Automobile, Station Wagon",Going Ahead,Driving Properly,Normal,,,,,,,,Yes,Yes,,,,,,,,,,,90,Junction Area,90,Junction Area (90),D11,624264.8374,4835754.0816
15607,81262295,,6/2/2019 8:00:00 AM,1247,MCLEVIN AVE,HUPFIELD TRL,,Minor Arterial,Scarborough,43.810267,-79.219989,At Intersection,Traffic Signal,Clear,Daylight,Dry,Non-Fatal Injury,Pedestrian Collisions,Driver,60 to 64,None,,South,Pick Up Truck,Turning Left,Failed to Yield Right of Way,Normal,,,,,,,Yes,,Yes,,,,,,,Yes,,,,146,Malvern East,132,Malvern (132),D42,643166.0642,4852338.7921
15608,81262296,,6/2/2019 8:00:00 AM,1247,MCLEVIN AVE,HUPFIELD TRL,,Minor Arterial,Scarborough,43.810267,-79.219989,At Intersection,Traffic Signal,Clear,Daylight,Dry,Non-Fatal Injury,Pedestrian Collisions,Pedestrian,75 to 79,Major,,North,,,,,Vehicle turns left while ped crosses with ROW at inter.,Crossing with right of way,Normal,,,,Yes,,Yes,,,,,,,Yes,,,,146,Malvern East,132,Malvern (132),D42,643166.0642,4852338.7921
15609,81242421,,6/3/2019 8:00:00 AM,1524,MIDLAND AVE,LOCKIE AVE,5 m  of,Major Arterial,Scarborough,43.788863,-79.280002,Intersection Related,Traffic Signal,Clear,Daylight,Dry,Non-Fatal Injury,Pedestrian Collisions,Driver,60 to 64,None,,South,"Automobile, Station Wagon",Going Ahead,Driving Properly,Normal,,,,,,,Yes,,Yes,,,,,Yes,,,,,,128,Agincourt South-Malvern West,128,Agincourt South-Malvern West (128),D42,638388.5816,4849859.4414
15610,81242422,,6/3/2019 8:00:00 AM,1524,MIDLAND AVE,LOCKIE AVE,5 m  of,Major Arterial,Scarborough,43.788863,-79.280002,Intersection Related,Traffic Signal,Clear,Daylight,Dry,Non-Fatal Injury,Pedestrian Collisions,Passenger,5 to 9,None,,,,,,,,,,,,,Yes,,Yes,,,,,Yes,,,,,,128,Agincourt South-Malvern West,128,Agincourt South-Malvern West (128),D42,638388.5816,4849859.4414
15611,81242423,,6/3/2019 8:00:00 AM,1524,MIDLAND AVE,LOCKIE AVE,5 m  of,Major Arterial,Scarborough,43.788863,-79.280002,Intersection Related,Traffic Signal,Clear,Daylight,Dry,Non-Fatal Injury,Pedestrian Collisions,Pedestrian,10 to 14,Major,,West,,,,,Vehicle is going straight thru inter.while ped cross without ROW,Running onto Roadway,Normal,,,,Yes,,Yes,,,,,Yes,,,,,,128,Agincourt South-Malvern West,128,Agincourt South-Malvern West (128),D42,638388.5816,4849859.4414
15612,81242424,,6/3/2019 8:00:00 AM,1524,MIDLAND AVE,LOCKIE AVE,5 m  of,Major Arterial,Scarborough,43.788863,-79.280002,Intersection Related,Traffic Signal,Clear,Daylight,Dry,Non-Fatal Injury,Pedestrian Collisions,Pedestrian,10 to 14,Major,,West,,,,,Vehicle is going straight thru inter.while ped cross without ROW,Running onto Roadway,Normal,,,,Yes,,Yes,,,,,Yes,,,,,,128,Agincourt South-Malvern West,128,Agincourt South-Malvern West (128),D42,638388.5816,4849859.4414
15613,81270430,,6/3/2019 8:00:00 AM,1624,STEELES  AVE E,BESTVIEW  DR,12 m West of,Major Arterial,North York,43.806021,-79.38335,Intersection Related,No Control,Clear,Daylight,Dry,Non-Fatal Injury,Pedestrian Collisions,Driver,45 to 49,None,,West,"Automobile, Station Wagon",Going Ahead,Driving Properly,Normal,,,,,,,Yes,,Yes,,,,,Yes,,,,,,49,Bayview Woods-Steeles,49,Bayview Woods-Steeles (49),D33,630036.0428,4851597.5101
15614,81270431,,6/3/2019 8:00:00 AM,1624,STEELES  AVE E,BESTVIEW  DR,12 m West of,Major Arterial,North York,43.806021,-79.38335,Intersection Related,No Control,Clear,Daylight,Dry,Non-Fatal Injury,Pedestrian Collisions,Passenger,10 to 14,None,,,,,,,,,,,,,Yes,,Yes,,,,,Yes,,,,,,49,Bayview Woods-Steeles,49,Bayview Woods-Steeles (49),D33,630036.0428,4851597.5101
15615,81270432,,6/3/2019 8:00:00 AM,1624,STEELES  AVE E,BESTVIEW  DR,12 m West of,Major Arterial,North York,43.806021,-79.38335,Intersection Related,No Control,Clear,Daylight,Dry,Non-Fatal Injury,Pedestrian Collisions,Passenger,5 to 9,None,,,,,,,,,,,,,Yes,,Yes,,,,,Yes,,,,,,49,Bayview Woods-Steeles,49,Bayview Woods-Steeles (49),D33,630036.0428,4851597.5101
15616,81270433,,6/3/2019 8:00:00 AM,1624,STEELES  AVE E,BESTVIEW  DR,12 m West of,Major Arterial,North York,43.806021,-79.38335,Intersection Related,No Control,Clear,Daylight,Dry,Non-Fatal Injury,Pedestrian Collisions,Pedestrian,45 to 49,Major,,North,,,,,Pedestrian hit at mid-block,"Crossing, no Traffic Control",Normal,,,,Yes,,Yes,,,,,Yes,,,,,,49,Bayview Woods-Steeles,49,Bayview Woods-Steeles (49),D33,630036.0428,4851597.5101
15617,81321753,,6/3/2019 8:00:00 AM,1936,LAKE SHORE BLVD W,NEWFOUNDLAND RD,,Major Arterial,Scarborough,43.63238,-79.410854,At Intersection,Traffic Signal,Clear,Daylight,Dry,Non-Fatal Injury,Cyclist Collisions,Driver,20 to 24,Major,,East,"Automobile, Station Wagon",Turning Right,Failed to Yield Right of Way,Normal,,,,,,,,Yes,Yes,,,,,,,Yes,,,,163,Fort York-Liberty Village,82,Niagara (82),D14,628193.4986,4832269.3442
15618,81321754,,6/3/2019 8:00:00 AM,1936,LAKE SHORE BLVD W,NEWFOUNDLAND RD,,Major Arterial,Scarborough,43.63238,-79.410854,At Intersection,Traffic Signal,Clear,Daylight,Dry,Non-Fatal Injury,Cyclist Collisions,Cyclist,25 to 29,Minimal,,East,Bicycle,Going Ahead,,,,,,Motorist turning right on green or amber at signalized intersection strikes cyclist.,Driving Properly,Normal,,Yes,Yes,,,,,,,Yes,,,,163,Fort York-Liberty Village,82,Niagara (82),D14,628193.4986,4832269.3442
15619,81271046,,6/6/2019 8:00:00 AM,1550,3 DREWRY AVE,,25 m West of,Minor Arterial,North York,43.786997,-79.417323,At/Near Private Drive,Traffic Signal,Clear,Daylight,Dry,Non-Fatal Injury,Pedestrian Collisions,Driver,60 to 64,Minimal,,North,"Automobile, Station Wagon",Going Ahead,Driving Properly,Inattentive,,,,,,,Yes,,Yes,,,,,,,,,,,50,Newtonbrook East,50,Newtonbrook East (50),D32,627343.7882,4849431.7711
15620,81271047,,6/6/2019 8:00:00 AM,1550,3 DREWRY AVE,,25 m West of,Minor Arterial,North York,43.786997,-79.417323,At/Near Private Drive,Traffic Signal,Clear,Daylight,Dry,Non-Fatal Injury,Pedestrian Collisions,Pedestrian,70 to 74,Major,,South,,,,,Pedestrian hit at mid-block,"Crossing, no Traffic Control",Inattentive,,,,Yes,,Yes,,,,,,,,,,,50,Newtonbrook East,50,Newtonbrook East (50),D32,627343.7882,4849431.7711
15621,81269659,,6/6/2019 8:00:00 AM,2124,SHEPPARD AVE W,GODDARD ST,,Major Arterial,North York,43.753451,-79.448031,At Intersection,Traffic Signal,Clear,Dark,Dry,Fatal,Turning Movement,Motorcycle Driver,30 to 34,Fatal,20,West,Motorcycle,Going Ahead,Disobeyed Traffic Control,Inattentive,,,,,,,,,Yes,Yes,,,,,,Yes,Yes,,,33,Clanton Park,33,Clanton Park (33),D32,624942.8012,4845659.199
15622,81577645,,6/6/2019 8:00:00 AM,2124,SHEPPARD AVE W,GODDARD ST,,Major Arterial,North York,43.753451,-79.448031,At Intersection,Traffic Signal,Clear,Dark,Dry,Fatal,Turning Movement,Driver,85 to 89,Minimal,,East,"Automobile, Station Wagon",Turning Left,Improper Turn,Inattentive,,,,,,,,,Yes,Yes,,,,,,Yes,Yes,,,33,Clanton Park,33,Clanton Park (33),D32,624942.8012,4845659.199
15623,81270235,,6/7/2019 8:00:00 AM,1925,DANFORTH AVE,COXWELL AVE,60 m North o,Major Arterial,Toronto and East York,43.683478,-79.322536,Non Intersection,No Control,Clear,"Daylight, artificial",Dry,Non-Fatal Injury,Pedestrian Collisions,Driver,40 to 44,None,,East,"Automobile, Station Wagon",Going Ahead,Driving Properly,Normal,,,,,,,Yes,,Yes,,,,,Yes,,,,,,64,Woodbine Corridor,64,Woodbine Corridor (64),D55,635203.2949,4838084.6423
15624,81270236,,6/7/2019 8:00:00 AM,1925,DANFORTH AVE,COXWELL AVE,60 m North o,Major Arterial,Toronto and East York,43.683478,-79.322536,Non Intersection,No Control,Clear,"Daylight, artificial",Dry,Non-Fatal Injury,Pedestrian Collisions,Passenger,35 to 39,None,,,,,,,,,,,,,Yes,,Yes,,,,,Yes,,,,,,64,Woodbine Corridor,64,Woodbine Corridor (64),D55,635203.2949,4838084.6423