OBJECTID,INDEX,ACCNUM,DATE,TIME,STREET1,STREET2,OFFSET,ROAD_CLASS,DISTRICT,LATITUDE,LONGITUDE,ACCLOC,TRAFFCTL,VISIBILITY,LIGHT,RDSFCOND,ACCLASS,IMPACTYPE,INVTYPE,INVAGE,INJURY,FATAL_NO,INITDIR,VEHTYPE,MANOEUVER,DRIVACT,DRIVCOND,PEDTYPE,PEDACT,PEDCOND,CYCLISTYPE,CYCACT,CYCCOND,PEDESTRIAN,CYCLIST,AUTOMOBILE,MOTORCYCLE,TRUCK,TRSN_CITY_VEH,EMERG_VEH,PASSENGER,SPEEDING,AG_DRIV,REDLIGHT,ALCOHOL,DISABILITY,HOOD_158,NEIGHBOURHOOD_158,HOOD_140,NEIGHBOURHOOD_140,DIVISION,x,y
15625,81270237,,6/7/2019 8:00:00 AM,1925,DANFORTH AVE,COXWELL AVE,60 m North o,Major Arterial,Toronto and East York,43.683478,-79.322536,Non Intersection,No Control,Clear,"Daylight, artificial",Dry,Non-Fatal Injury,Pedestrian Collisions,Pedestrian,55 to 59,Major,,North,,,,,Pedestrian hit at mid-block,"Crossing, no Traffic Control",Normal,,,,Yes,,Yes,,,,,Yes,,,,,,64,Woodbine Corridor,64,Woodbine Corridor (64),D55,635203.2949,4838084.6423
15626,81270559,,6/7/2019 8:00:00 AM,2018,FINCH AVE W,MILVAN DR,,Major Arterial,Etobicoke York,43.749873,-79.552272,At Intersection,Traffic Signal,Clear,Dusk,Dry,Non-Fatal Injury,Pedestrian Collisions,Driver,unknown,None,,North,"Automobile, Station Wagon",Turning Right,Failed to Yield Right of Way,Unknown,,,,,,,Yes,,Yes,,,,,,,Yes,,,,22,Humbermede,22,Humbermede (22),D31,616557.6583,4845109.8527
15627,81270560,,6/7/2019 8:00:00 AM,2018,FINCH AVE W,MILVAN DR,,Major Arterial,Etobicoke York,43.749873,-79.552272,At Intersection,Traffic Signal,Clear,Dusk,Dry,Non-Fatal Injury,Pedestrian Collisions,Pedestrian,35 to 39,Major,,South,,,,,Vehicle turns left while ped crosses with ROW at inter.,Crossing with right of way,Normal,,,,Yes,,Yes,,,,,,,Yes,,,,22,Humbermede,22,Humbermede (22),D31,616557.6583,4845109.8527
15628,81270144,,6/8/2019 8:00:00 AM,235,F G GARDINER XY  W,WINDERMERE AVE,365 m East o,Expressway,Etobicoke York,43.636008,-79.468021,Non Intersection,No Control,Clear,"Dark, artificial",Dry,Non-Fatal Injury,SMV Other,Motorcycle Driver,25 to 29,Major,,West,Motorcycle,Merging,Lost control,Inattentive,,,,,,,,,,Yes,,,,,,,,,,85,South Parkdale,85,South Parkdale (85),D11,623574.4608,4832585.5861
15629,81449353,,6/9/2019 8:00:00 AM,1812,SOUTH KINGSWAY,GARDINER QUEENSWAY W RAMP,135 m West o,Major Arterial ,Etobicoke York,43.635577,-79.474414,Non Intersection,No Control,Clear,Daylight,Dry,Non-Fatal Injury,SMV Other,Driver,25 to 29,Major,,West,"Automobile, Station Wagon",Going Ahead,Exceeding Speed Limit,Unknown,,,,,,,,,Yes,,,,,,Yes,Yes,,,,87,High Park-Swansea,87,High Park-Swansea (87),D11,623059.6554,4832528.2207
15630,81271107,,6/9/2019 8:00:00 AM,2132,QUEENS QUAY E,FREELAND ST,10 m East of,Minor Arterial,Toronto and East York,43.642409,-79.373027,Intersection Related,No Control,Clear,"Dark, artificial",Dry,Non-Fatal Injury,Turning Movement,Motorcycle Driver,30 to 34,Major,,East,Motorcycle,Going Ahead,Driving Properly,Normal,,,,,,,,,Yes,Yes,,,,,,,,,,166,St Lawrence-East Bayfront-The Islands,77,Waterfront Communities-The Island (77),D51,631223.1335,4833442.3052
15631,81271108,,6/9/2019 8:00:00 AM,2132,QUEENS QUAY E,FREELAND ST,10 m East of,Minor Arterial,Toronto and East York,43.642409,-79.373027,Intersection Related,No Control,Clear,"Dark, artificial",Dry,Non-Fatal Injury,Turning Movement,Driver,55 to 59,None,,East,"Automobile, Station Wagon",Making U Turn,Improper Turn,Inattentive,,,,,,,,,Yes,Yes,,,,,,,,,,166,St Lawrence-East Bayfront-The Islands,77,Waterfront Communities-The Island (77),D51,631223.1335,4833442.3052
15632,81269786,,6/11/2019 8:00:00 AM,1305,ST CLAIR AVE E,NORTH WOODROW BLVD,,Major Arterial,Scarborough,43.715186,-79.266704,At Intersection,No Control,Clear,Daylight,Dry,Non-Fatal Injury,Pedestrian Collisions,Driver,55 to 59,None,,West,"Automobile, Station Wagon",Going Ahead,Failed to Yield Right of Way,Normal,,,,,,,Yes,,Yes,,,,,Yes,,Yes,,,,120,Clairlea-Birchmount,120,Clairlea-Birchmount (120),D41,639629.7731,4841698.8076
15633,81269787,,6/11/2019 8:00:00 AM,1305,ST CLAIR AVE E,NORTH WOODROW BLVD,,Major Arterial,Scarborough,43.715186,-79.266704,At Intersection,No Control,Clear,Daylight,Dry,Non-Fatal Injury,Pedestrian Collisions,Passenger,55 to 59,None,,,,,,,,,,,,,Yes,,Yes,,,,,Yes,,Yes,,,,120,Clairlea-Birchmount,120,Clairlea-Birchmount (120),D41,639629.7731,4841698.8076
15634,81269788,,6/11/2019 8:00:00 AM,1305,ST CLAIR AVE E,NORTH WOODROW BLVD,,Major Arterial,Scarborough,43.715186,-79.266704,At Intersection,No Control,Clear,Daylight,Dry,Non-Fatal Injury,Pedestrian Collisions,Pedestrian,20 to 24,Major,,North,,,,,Vehicle is going straight thru inter.while ped cross with ROW,Crossing with right of way,Normal,,,,Yes,,Yes,,,,,Yes,,Yes,,,,120,Clairlea-Birchmount,120,Clairlea-Birchmount (120),D41,639629.7731,4841698.8076
15635,81269815,,6/11/2019 8:00:00 AM,2313,ST CLAIR AVE W,OLD WESTON RD,,Major Arterial,Etobicoke York,43.673464,-79.463008,At Intersection,Traffic Signal,Clear,"Dark, artificial",Dry,Non-Fatal Injury,Pedestrian Collisions,Driver,20 to 24,None,,West,"Automobile, Station Wagon",Going Ahead,Lost control,Normal,,,,,,,Yes,,Yes,,,,,,,,,,,91,Weston-Pelham Park,91,Weston-Pellam Park (91),D11,623901.7768,4836753.0363
15636,81269816,,6/11/2019 8:00:00 AM,2313,ST CLAIR AVE W,OLD WESTON RD,,Major Arterial,Etobicoke York,43.673464,-79.463008,At Intersection,Traffic Signal,Clear,"Dark, artificial",Dry,Non-Fatal Injury,Pedestrian Collisions,Pedestrian,75 to 79,Major,,Unknown,,,,,Vehicle is going straight thru inter.while ped cross without ROW,Crossing without right of way,"Ability Impaired, Alcohol Over .80",,,,Yes,,Yes,,,,,,,,,,,91,Weston-Pelham Park,91,Weston-Pellam Park (91),D11,623901.7768,4836753.0363
15637,81270073,,6/12/2019 8:00:00 AM,1750,BLOOR ST W,JOPLING AVE N,26 m East of,Major Arterial,Etobicoke York,43.640822,-79.539516,At/Near Private Drive,No Control,Clear,Daylight,Dry,Non-Fatal Injury,Pedestrian Collisions,Driver,55 to 59,None,,North,"Automobile, Station Wagon",Turning Left,Failed to Yield Right of Way,Normal,,,,,,,Yes,,Yes,,,,,,,Yes,,,,158,Islington,14,Islington-City Centre West (14),D22,617797.9831,4833016.2906
15638,81270074,,6/12/2019 8:00:00 AM,1750,BLOOR ST W,JOPLING AVE N,26 m East of,Major Arterial,Etobicoke York,43.640822,-79.539516,At/Near Private Drive,No Control,Clear,Daylight,Dry,Non-Fatal Injury,Pedestrian Collisions,Pedestrian,20 to 24,Major,,North,,,,,Unknown,"Crossing, no Traffic Control",Normal,,,,Yes,,Yes,,,,,,,Yes,,,,158,Islington,14,Islington-City Centre West (14),D22,617797.9831,4833016.2906
15639,81270075,,6/12/2019 8:00:00 AM,1750,BLOOR ST W,JOPLING AVE N,26 m East of,Major Arterial,Etobicoke York,43.640822,-79.539516,At/Near Private Drive,No Control,Clear,Daylight,Dry,Non-Fatal Injury,Pedestrian Collisions,Pedestrian,45 to 49,Minor,,North,,,,,Unknown,"Crossing, no Traffic Control",Normal,,,,Yes,,Yes,,,,,,,Yes,,,,158,Islington,14,Islington-City Centre West (14),D22,617797.9831,4833016.2906
15640,81511176,,6/13/2019 8:00:00 AM,1917,EGLINTON AVE W,HARTLEY AVE,20 m West of,Major Arterial,North York,43.694804,-79.453914,Intersection Related,No Control,Clear,Daylight,Dry,Non-Fatal Injury,Pedestrian Collisions,Pedestrian,65 to 69,Major,,Unknown,,,,,Pedestrian hit at mid-block,"Crossing, no Traffic Control",Normal,,,,Yes,,Yes,,,,,,,Yes,,Yes,,109,Caledonia-Fairbank,109,Caledonia-Fairbank (109),D13,624590.696,4839136.7559
15641,81511177,,6/13/2019 8:00:00 AM,1917,EGLINTON AVE W,HARTLEY AVE,20 m West of,Major Arterial,North York,43.694804,-79.453914,Intersection Related,No Control,Clear,Daylight,Dry,Non-Fatal Injury,Pedestrian Collisions,Driver,25 to 29,None,,West,"Automobile, Station Wagon",Going Ahead,Improper Passing,"Ability Impaired, Alcohol",,,,,,,Yes,,Yes,,,,,,,Yes,,Yes,,109,Caledonia-Fairbank,109,Caledonia-Fairbank (109),D13,624590.696,4839136.7559
15642,81269662,,6/13/2019 8:00:00 AM,1934,SHEPPARD AVE E,FAIRVIEW MALL DR,,Major Arterial,North York,43.776141,-79.341129,At Intersection,Traffic Signal,Clear,Daylight,Wet,Fatal,Turning Movement,Driver,80 to 84,Fatal,22,East,"Automobile, Station Wagon",Going Ahead,Lost control,Medical or Physical Disability,,,,,,,,,Yes,,,,,Yes,,,,,Yes,53,Henry Farm,53,Henry Farm (53),D33,633498.6541,4848346.0814
15643,81269663,,6/13/2019 8:00:00 AM,1934,SHEPPARD AVE E,FAIRVIEW MALL DR,,Major Arterial,North York,43.776141,-79.341129,At Intersection,Traffic Signal,Clear,Daylight,Wet,Fatal,Turning Movement,Driver,25 to 29,Minimal,,East,"Automobile, Station Wagon",Turning Left,Driving Properly,Normal,,,,,,,,,Yes,,,,,Yes,,,,,Yes,53,Henry Farm,53,Henry Farm (53),D33,633498.6541,4848346.0814
15644,81270266,,6/13/2019 8:00:00 AM,1934,SHEPPARD AVE E,FAIRVIEW MALL DR,,Major Arterial,North York,43.776141,-79.341129,At Intersection,Traffic Signal,Clear,Daylight,Wet,Fatal,Turning Movement,Passenger,25 to 29,Minimal,,,"Automobile, Station Wagon",,,,,,,,,,,,Yes,,,,,Yes,,,,,Yes,53,Henry Farm,53,Henry Farm (53),D33,633498.6541,4848346.0814
15645,81269873,,6/15/2019 8:00:00 AM,48,QUEEN ST W,DUFFERIN ST,,Major Arterial,Toronto and East York,43.642134,-79.4286,At Intersection,Traffic Signal,Clear,"Dark, artificial",Dry,Non-Fatal Injury,Cyclist Collisions,Driver,20 to 24,None,,West,"Automobile, Station Wagon",Turning Left,Failed to Yield Right of Way,Normal,,,,,,,,Yes,Yes,,,,,,,Yes,,,,85,South Parkdale,85,South Parkdale (85),D14,626741.4385,4833325.3986
15646,81269874,,6/15/2019 8:00:00 AM,48,QUEEN ST W,DUFFERIN ST,,Major Arterial,Toronto and East York,43.642134,-79.4286,At Intersection,Traffic Signal,Clear,"Dark, artificial",Dry,Non-Fatal Injury,Cyclist Collisions,Cyclist,45 to 49,Major,,East,Bicycle,Going Ahead,,,,,,Motorist turned left across cyclists path.,Driving Properly,Normal,,Yes,Yes,,,,,,,Yes,,,,85,South Parkdale,85,South Parkdale (85),D14,626741.4385,4833325.3986
15647,81270536,,6/16/2019 8:00:00 AM,1710,EVANS AVE,HORNER AVE,,Major Arterial,Etobicoke York,43.616923,-79.518802,At Intersection,Traffic Signal,Clear,Daylight,Dry,Non-Fatal Injury,Cyclist Collisions,Cyclist,50 to 54,Major,,East,Bicycle,Going Ahead,,,,,,"Cyclist without ROW rides into path of motorist at inter, lnwy, dwy-Cyclist not turn.",Disobeyed Traffic Control,Normal,,Yes,Yes,,,,,,,,,,,160,Mimico-Queensway,17,Mimico (includes Humber Bay Shores) (17),D22,619516.0779,4830391.617
15648,81270537,,6/16/2019 8:00:00 AM,1710,EVANS AVE,HORNER AVE,,Major Arterial,Etobicoke York,43.616923,-79.518802,At Intersection,Traffic Signal,Clear,Daylight,Dry,Non-Fatal Injury,Cyclist Collisions,Driver,70 to 74,None,,North,"Automobile, Station Wagon",Going Ahead,Driving Properly,Normal,,,,,,,,Yes,Yes,,,,,,,,,,,160,Mimico-Queensway,17,Mimico (includes Humber Bay Shores) (17),D22,619516.0779,4830391.617
15649,81269660,,6/18/2019 8:00:00 AM,1200,THE QUEENSWAY,NORTH QUEEN ST,,Major Arterial,Etobicoke York,43.614146,-79.55611,At Intersection,Traffic Signal,Clear,Daylight,Dry,Fatal,Turning Movement,Driver,15 to 19,None,,East,"Automobile, Station Wagon",Turning Left,Failed to Yield Right of Way,Normal,,,,,,,,,Yes,Yes,,,,Yes,,Yes,,,,159,Etobicoke City Centre,14,Islington-City Centre West (14),D22,616511.0785,4830030.1772
15650,81269661,,6/18/2019 8:00:00 AM,1200,THE QUEENSWAY,NORTH QUEEN ST,,Major Arterial,Etobicoke York,43.614146,-79.55611,At Intersection,Traffic Signal,Clear,Daylight,Dry,Fatal,Turning Movement,Motorcycle Driver,75 to 79,Fatal,21,West,Motorcycle,Going Ahead,Driving Properly,Normal,,,,,,,,,Yes,Yes,,,,Yes,,Yes,,,,159,Etobicoke City Centre,14,Islington-City Centre West (14),D22,616511.0785,4830030.1772
15651,81270269,,6/18/2019 8:00:00 AM,1200,THE QUEENSWAY,NORTH QUEEN ST,,Major Arterial,Etobicoke York,43.614146,-79.55611,At Intersection,Traffic Signal,Clear,Daylight,Dry,Fatal,Turning Movement,Passenger,15 to 19,None,,,"Automobile, Station Wagon",,,,,,,,,,,,Yes,Yes,,,,Yes,,Yes,,,,159,Etobicoke City Centre,14,Islington-City Centre West (14),D22,616511.0785,4830030.1772
15652,81271076,,6/18/2019 8:00:00 AM,1416,LEARMONT DR,SANDWELL DR,,Local,Etobicoke York,43.688468,-79.565227,At Intersection,Stop Sign,Clear,Daylight,Dry,Non-Fatal Injury,SMV Other,Driver,70 to 74,Major,,West,Passenger Van,Going Ahead,Lost control,Normal,,,,,,,,,Yes,,,,,,,,,,,7,Willowridge-Martingrove-Richview,7,Willowridge-Martingrove-Richview (7),D23,615632.6893,4838271.8263
15653,81456283,,6/19/2019 8:00:00 AM,925,BIRCHMOUNT RD,FOXRIDGE DR,,Minor Arterial,Scarborough,43.721755,-79.274471,At Intersection,Traffic Signal,Clear,Daylight,Dry,Non-Fatal Injury,Cyclist Collisions,Cyclist,20 to 24,Major,,North,Bicycle,Changing Lanes,,,,,,Cyclist and Driver travelling in same direction. One vehicle sideswipes the other.,Improper Lane Change,Normal,,Yes,Yes,,,,,Yes,,,,,,124,Kennedy Park,124,Kennedy Park (124),D41,638988.8866,4842415.3355
15654,81456284,,6/19/2019 8:00:00 AM,925,BIRCHMOUNT RD,FOXRIDGE DR,,Minor Arterial,Scarborough,43.721755,-79.274471,At Intersection,Traffic Signal,Clear,Daylight,Dry,Non-Fatal Injury,Cyclist Collisions,Driver,25 to 29,None,,North,"Automobile, Station Wagon",Going Ahead,Driving Properly,Normal,,,,,,,,Yes,Yes,,,,,Yes,,,,,,124,Kennedy Park,124,Kennedy Park (124),D41,638988.8866,4842415.3355
15655,81456285,,6/19/2019 8:00:00 AM,925,BIRCHMOUNT RD,FOXRIDGE DR,,Minor Arterial,Scarborough,43.721755,-79.274471,At Intersection,Traffic Signal,Clear,Daylight,Dry,Non-Fatal Injury,Cyclist Collisions,Passenger,20 to 24,Minimal,,,,,,,,,,,,,,Yes,Yes,,,,,Yes,,,,,,124,Kennedy Park,124,Kennedy Park (124),D41,638988.8866,4842415.3355
15656,81431666,,6/20/2019 8:00:00 AM,1315,REGENT PARK BLVD,,,Major Arterial,Toronto and East York,43.660288,-79.361743,At Intersection,Traffic Signal,Clear,Daylight,Dry,Fatal,Pedestrian Collisions,Pedestrian,35 to 39,Fatal,23,Unknown,,,,,Pedestrian hit on sidewalk or shoulder,On Sidewalk or Shoulder,Normal,,,,Yes,,Yes,,,,,,,,,,,72,Regent Park,72,Regent Park (72),D51,632094.0498,4835445.9068
15657,81431718,,6/20/2019 8:00:00 AM,1315,REGENT PARK BLVD,,,Major Arterial,Toronto and East York,43.660288,-79.361743,At Intersection,Traffic Signal,Clear,Daylight,Dry,Fatal,Pedestrian Collisions,Driver,40 to 44,None,,East,"Automobile, Station Wagon",Going Ahead,Lost control,"Ability Impaired, Drugs",,,,,,,Yes,,Yes,,,,,,,,,,,72,Regent Park,72,Regent Park (72),D51,632094.0498,4835445.9068
15658,81322489,,6/20/2019 8:00:00 AM,1532,DANFORTH AVE,BYRON AVE,110 m West o,Major Arterial,Toronto and East York,43.680533,-79.336284,Non Intersection,No Control,Clear,Daylight,Dry,Non-Fatal Injury,Turning Movement,Driver,70 to 74,None,,East,"Automobile, Station Wagon",Making U Turn,Improper Turn,Normal,,,,,,,,,Yes,Yes,,,,Yes,,,,,,69,Blake-Jones,69,Blake-Jones (69),D55,634101.7576,4837735.238
15659,81322490,,6/20/2019 8:00:00 AM,1532,DANFORTH AVE,BYRON AVE,110 m West o,Major Arterial,Toronto and East York,43.680533,-79.336284,Non Intersection,No Control,Clear,Daylight,Dry,Non-Fatal Injury,Turning Movement,Motorcycle Driver,45 to 49,Major,,West,Motorcycle,Going Ahead,Driving Properly,Normal,,,,,,,,,Yes,Yes,,,,Yes,,,,,,69,Blake-Jones,69,Blake-Jones (69),D55,634101.7576,4837735.238
15660,81322491,,6/20/2019 8:00:00 AM,1532,DANFORTH AVE,BYRON AVE,110 m West o,Major Arterial,Toronto and East York,43.680533,-79.336284,Non Intersection,No Control,Clear,Daylight,Dry,Non-Fatal Injury,Turning Movement,Passenger,65 to 69,None,,,,,,,,,,,,,,,Yes,Yes,,,,Yes,,,,,,69,Blake-Jones,69,Blake-Jones (69),D55,634101.7576,4837735.238
15661,81331474,,6/20/2019 8:00:00 AM,2204,ST CLAIR AVE E,BIRCHMOUNT RD,2 m East of,Major Arterial,Scarborough,43.714087,-79.271083,At Intersection,Traffic Signal,Rain,"Dark, artificial",Wet,Non-Fatal Injury,Pedestrian Collisions,Driver,unknown,None,,East,"Automobile, Station Wagon",Turning Right,Failed to Yield Right of Way,Unknown,,,,,,,Yes,,Yes,,,,,,,Yes,,,,120,Clairlea-Birchmount,120,Clairlea-Birchmount (120),D41,639279.5543,4841569.3798
15662,81331475,,6/20/2019 8:00:00 AM,2204,ST CLAIR AVE E,BIRCHMOUNT RD,2 m East of,Major Arterial,Scarborough,43.714087,-79.271083,At Intersection,Traffic Signal,Rain,"Dark, artificial",Wet,Non-Fatal Injury,Pedestrian Collisions,Pedestrian,20 to 24,Major,,Unknown,,,,,Vehicle turns right while ped crosses with ROW at inter.,Crossing with right of way,Normal,,,,Yes,,Yes,,,,,,,Yes,,,,120,Clairlea-Birchmount,120,Clairlea-Birchmount (120),D41,639279.5543,4841569.3798
15663,81321892,,6/21/2019 8:00:00 AM,1230,ISLINGTON AVE,MEADOWVALE DR,,Major Arterial,Etobicoke York,43.642836,-79.522624,At Intersection,No Control,Clear,Daylight,Dry,Non-Fatal Injury,Turning Movement,Driver,65 to 69,None,,North,Pick Up Truck,Turning Left,Failed to Yield Right of Way,Inattentive,,,,,,,,,Yes,Yes,,,,,,Yes,,,,16,Stonegate-Queensway,16,Stonegate-Queensway (16),D22,619156.4678,4833264.0827
15664,81321893,,6/21/2019 8:00:00 AM,1230,ISLINGTON AVE,MEADOWVALE DR,,Major Arterial,Etobicoke York,43.642836,-79.522624,At Intersection,No Control,Clear,Daylight,Dry,Non-Fatal Injury,Turning Movement,Motorcycle Driver,30 to 34,Major,,South,Motorcycle,Going Ahead,Driving Properly,Normal,,,,,,,,,Yes,Yes,,,,,,Yes,,,,16,Stonegate-Queensway,16,Stonegate-Queensway (16),D22,619156.4678,4833264.0827
15665,81270265,,6/22/2019 8:00:00 AM,1909,LAWRENCE AVE E,SCARBOROUGH GOLF CLUB RD,3 metres eas,Major Arterial,Scarborough,43.761779,-79.215801,At Intersection,Traffic Signal,Clear,Daylight,Dry,Fatal,Angle,Passenger,10 to 14,Minor,,,"Automobile, Station Wagon",,,,,,,,,,,,Yes,,,,,Yes,,Yes,Yes,,,141,Golfdale-Cedarbrae-Woburn,137,Woburn (137),D43,643618.9897,4846960.6807
15666,81270267,,6/22/2019 8:00:00 AM,1909,LAWRENCE AVE E,SCARBOROUGH GOLF CLUB RD,3 metres eas,Major Arterial,Scarborough,43.761779,-79.215801,At Intersection,Traffic Signal,Clear,Daylight,Dry,Fatal,Angle,Passenger,70 to 74,Minor,,,,,,,,,,,,,,,Yes,,,,,Yes,,Yes,Yes,,,141,Golfdale-Cedarbrae-Woburn,137,Woburn (137),D43,643618.9897,4846960.6807
15667,81270756,,6/22/2019 8:00:00 AM,1909,LAWRENCE AVE E,SCARBOROUGH GOLF CLUB RD,3 metres eas,Major Arterial,Scarborough,43.761779,-79.215801,At Intersection,Traffic Signal,Clear,Daylight,Dry,Fatal,Angle,Driver,75 to 79,Fatal,24,South,"Automobile, Station Wagon",Going Ahead,Driving Properly,Normal,,,,,,,,,Yes,,,,,Yes,,Yes,Yes,,,141,Golfdale-Cedarbrae-Woburn,137,Woburn (137),D43,643618.9897,4846960.6807
15668,81270757,,6/22/2019 8:00:00 AM,1909,LAWRENCE AVE E,SCARBOROUGH GOLF CLUB RD,3 metres eas,Major Arterial,Scarborough,43.761779,-79.215801,At Intersection,Traffic Signal,Clear,Daylight,Dry,Fatal,Angle,Passenger,20 to 24,Minor,,,"Automobile, Station Wagon",,,,,,,,,,,,Yes,,,,,Yes,,Yes,Yes,,,141,Golfdale-Cedarbrae-Woburn,137,Woburn (137),D43,643618.9897,4846960.6807
15669,81270758,,6/22/2019 8:00:00 AM,1909,LAWRENCE AVE E,SCARBOROUGH GOLF CLUB RD,3 metres eas,Major Arterial,Scarborough,43.761779,-79.215801,At Intersection,Traffic Signal,Clear,Daylight,Dry,Fatal,Angle,Driver,20 to 24,None,,West,"Automobile, Station Wagon",Going Ahead,Disobeyed Traffic Control,Unknown,,,,,,,,,Yes,,,,,Yes,,Yes,Yes,,,141,Golfdale-Cedarbrae-Woburn,137,Woburn (137),D43,643618.9897,4846960.6807
15670,81465355,,6/25/2019 8:00:00 AM,820,PHARMACY AVE,PRINCEWAY DR,2 m North of,Minor Arterial,Scarborough,43.753077,-79.308605,At Intersection,Stop Sign,Clear,Daylight,Dry,Non-Fatal Injury,Turning Movement,Driver,30 to 34,None,,East,"Automobile, Station Wagon",Turning Left,Improper Turn,Normal,,,,,,,,,Yes,Yes,,,,,,,,,,119,Wexford/Maryvale,119,Wexford/Maryvale (119),D41,636168.3914,4845837.4281
15671,81465356,,6/25/2019 8:00:00 AM,820,PHARMACY AVE,PRINCEWAY DR,2 m North of,Minor Arterial,Scarborough,43.753077,-79.308605,At Intersection,Stop Sign,Clear,Daylight,Dry,Non-Fatal Injury,Turning Movement,Motorcycle Driver,30 to 34,Major,,South,Motorcycle,Going Ahead,Driving Properly,Normal,,,,,,,,,Yes,Yes,,,,,,,,,,119,Wexford/Maryvale,119,Wexford/Maryvale (119),D41,636168.3914,4845837.4281
15672,81333195,,6/25/2019 8:00:00 AM,1609,NORTHLAND AVE,WESTON RD,,Major Arterial,Etobicoke York,43.678828,-79.474033,At Intersection,Traffic Signal,Clear,Daylight,Dry,Non-Fatal Injury,Cyclist Collisions,Driver,50 to 54,Minimal,,East,Pick Up Truck,Turning Left,Driving Properly,Normal,,,,,,,,Yes,Yes,,,,,,,,,,,90,Junction Area,90,Junction Area (90),D12,623002.049,4837332.3714
15673,81333196,,6/25/2019 8:00:00 AM,1609,NORTHLAND AVE,WESTON RD,,Major Arterial,Etobicoke York,43.678828,-79.474033,At Intersection,Traffic Signal,Clear,Daylight,Dry,Non-Fatal Injury,Cyclist Collisions,Cyclist,10 to 14,Major,,West,Bicycle,Going Ahead,,,,,,"Cyclist without ROW rides into path of motorist at inter, lnwy, dwy-Cyclist not turn.",Other,Normal,,Yes,Yes,,,,,,,,,,,90,Junction Area,90,Junction Area (90),D12,623002.049,4837332.3714
15674,81278203,,6/25/2019 8:00:00 AM,2002,MIDLAND AVE,MIDWEST RD,,Major Arterial,Scarborough,43.75466,-79.266162,Non Intersection,No Control,Clear,Daylight,Dry,Non-Fatal Injury,Pedestrian Collisions,Driver,20 to 24,None,,North,"Automobile, Station Wagon",Going Ahead,Other,Unknown,,,,,,,Yes,,Yes,,,,,Yes,,,,,,156,Bendale-Glen Andrew,127,Bendale (127),D41,639581.6896,4846083.898
15675,81278204,,6/25/2019 8:00:00 AM,2002,MIDLAND AVE,MIDWEST RD,,Major Arterial,Scarborough,43.75466,-79.266162,Non Intersection,No Control,Clear,Daylight,Dry,Non-Fatal Injury,Pedestrian Collisions,Driver,40 to 44,None,,North,"Automobile, Station Wagon",Going Ahead,Driving Properly,Normal,,,,,,,Yes,,Yes,,,,,Yes,,,,,,156,Bendale-Glen Andrew,127,Bendale (127),D41,639581.6896,4846083.898
15676,81278205,,6/25/2019 8:00:00 AM,2002,MIDLAND AVE,MIDWEST RD,,Major Arterial,Scarborough,43.75466,-79.266162,Non Intersection,No Control,Clear,Daylight,Dry,Non-Fatal Injury,Pedestrian Collisions,Driver,40 to 44,None,,North,Pick Up Truck,Turning Left,Driving Properly,Normal,,,,,,,Yes,,Yes,,,,,Yes,,,,,,156,Bendale-Glen Andrew,127,Bendale (127),D41,639581.6896,4846083.898
15677,81278206,,6/25/2019 8:00:00 AM,2002,MIDLAND AVE,MIDWEST RD,,Major Arterial,Scarborough,43.75466,-79.266162,Non Intersection,No Control,Clear,Daylight,Dry,Non-Fatal Injury,Pedestrian Collisions,Pedestrian,35 to 39,Major,,Unknown,,,,,Pedestrian hit at mid-block,Other,Normal,,,,Yes,,Yes,,,,,Yes,,,,,,156,Bendale-Glen Andrew,127,Bendale (127),D41,639581.6896,4846083.898
15678,81278207,,6/25/2019 8:00:00 AM,2002,MIDLAND AVE,MIDWEST RD,,Major Arterial,Scarborough,43.75466,-79.266162,Non Intersection,No Control,Clear,Daylight,Dry,Non-Fatal Injury,Pedestrian Collisions,Driver,55 to 59,None,,North,Passenger Van,Going Ahead,Driving Properly,Normal,,,,,,,Yes,,Yes,,,,,Yes,,,,,,156,Bendale-Glen Andrew,127,Bendale (127),D41,639581.6896,4846083.898
15679,81278208,,6/25/2019 8:00:00 AM,2002,MIDLAND AVE,MIDWEST RD,,Major Arterial,Scarborough,43.75466,-79.266162,Non Intersection,No Control,Clear,Daylight,Dry,Non-Fatal Injury,Pedestrian Collisions,Passenger,20 to 24,None,,,,,,,,,,,,,Yes,,Yes,,,,,Yes,,,,,,156,Bendale-Glen Andrew,127,Bendale (127),D41,639581.6896,4846083.898
15680,81278209,,6/25/2019 8:00:00 AM,2002,MIDLAND AVE,MIDWEST RD,,Major Arterial,Scarborough,43.75466,-79.266162,Non Intersection,No Control,Clear,Daylight,Dry,Non-Fatal Injury,Pedestrian Collisions,Passenger,20 to 24,None,,,,,,,,,,,,,Yes,,Yes,,,,,Yes,,,,,,156,Bendale-Glen Andrew,127,Bendale (127),D41,639581.6896,4846083.898
15681,81278210,,6/25/2019 8:00:00 AM,2002,MIDLAND AVE,MIDWEST RD,,Major Arterial,Scarborough,43.75466,-79.266162,Non Intersection,No Control,Clear,Daylight,Dry,Non-Fatal Injury,Pedestrian Collisions,Passenger,20 to 24,None,,,,,,,,,,,,,Yes,,Yes,,,,,Yes,,,,,,156,Bendale-Glen Andrew,127,Bendale (127),D41,639581.6896,4846083.898
15682,81271124,,6/25/2019 8:00:00 AM,2213,715 FINCH AVE W,,6 m North of,Major Arterial,North York,43.76932,-79.464435,At/Near Private Drive,No Control,Clear,"Dark, artificial",Dry,Non-Fatal Injury,Turning Movement,Driver,65 to 69,Minimal,,West,"Automobile, Station Wagon",Turning Left,Failed to Yield Right of Way,Inattentive,,,,,,,,,Yes,Yes,,,,,,Yes,,,,34,Bathurst Manor,34,Bathurst Manor (34),D32,623589.4909,4847397.0746