OBJECTID,INDEX,ACCNUM,DATE,TIME,STREET1,STREET2,OFFSET,ROAD_CLASS,DISTRICT,LATITUDE,LONGITUDE,ACCLOC,TRAFFCTL,VISIBILITY,LIGHT,RDSFCOND,ACCLASS,IMPACTYPE,INVTYPE,INVAGE,INJURY,FATAL_NO,INITDIR,VEHTYPE,MANOEUVER,DRIVACT,DRIVCOND,PEDTYPE,PEDACT,PEDCOND,CYCLISTYPE,CYCACT,CYCCOND,PEDESTRIAN,CYCLIST,AUTOMOBILE,MOTORCYCLE,TRUCK,TRSN_CITY_VEH,EMERG_VEH,PASSENGER,SPEEDING,AG_DRIV,REDLIGHT,ALCOHOL,DISABILITY,HOOD_158,NEIGHBOURHOOD_158,HOOD_140,NEIGHBOURHOOD_140,DIVISION,x,y
15683,81271125,,6/25/2019 8:00:00 AM,2213,715 FINCH AVE W,,6 m North of,Major Arterial,North York,43.76932,-79.464435,At/Near Private Drive,No Control,Clear,"Dark, artificial",Dry,Non-Fatal Injury,Turning Movement,Motorcycle Driver,55 to 59,Major,,East,Motorcycle,Going Ahead,Driving Properly,Normal,,,,,,,,,Yes,Yes,,,,,,Yes,,,,34,Bathurst Manor,34,Bathurst Manor (34),D32,623589.4909,4847397.0746
15684,81270264,,6/26/2019 8:00:00 AM,902,VICTORIA ST,QUEEN ST E,,Major Arterial,Toronto and East York,43.65261,-79.378055,At Intersection,Traffic Signal,Clear,Daylight,Dry,Fatal,Pedestrian Collisions,Driver,40 to 44,None,,South,Truck - Open,Going Ahead,Driving Properly,Unknown,,,,,,,Yes,,,,Yes,,,,,,,,,168,Downtown Yonge East,75,Church-Yonge Corridor (75),D51,630795.4543,4834567.3222
15685,81270268,,6/26/2019 8:00:00 AM,902,VICTORIA ST,QUEEN ST E,,Major Arterial,Toronto and East York,43.65261,-79.378055,At Intersection,Traffic Signal,Clear,Daylight,Dry,Fatal,Pedestrian Collisions,Pedestrian,55 to 59,Fatal,25,East,,,,,Vehicle is going straight thru inter.while ped cross without ROW,Crossing marked crosswalk without ROW,Unknown,,,,Yes,,,,Yes,,,,,,,,,168,Downtown Yonge East,75,Church-Yonge Corridor (75),D51,630795.4543,4834567.3222
15686,81278366,,6/27/2019 8:00:00 AM,1850,LAKE SHORE BLVD W,TENTH ST,6 m West of,Major Arterial,Etobicoke York,43.599944,-79.508594,At Intersection,Traffic Signal,Clear,Daylight,Dry,Non-Fatal Injury,Pedestrian Collisions,Driver,40 to 44,None,,North,Pick Up Truck,Turning Left,Failed to Yield Right of Way,Inattentive,,,,,,,Yes,,Yes,,,,,,,Yes,,,,18,New Toronto,18,New Toronto (18),D22,620373.6193,4828520.6377
15687,81278367,,6/27/2019 8:00:00 AM,1850,LAKE SHORE BLVD W,TENTH ST,6 m West of,Major Arterial,Etobicoke York,43.599944,-79.508594,At Intersection,Traffic Signal,Clear,Daylight,Dry,Non-Fatal Injury,Pedestrian Collisions,Pedestrian,80 to 84,Major,,South,,,,,Vehicle turns left while ped crosses with ROW at inter.,Crossing with right of way,Normal,,,,Yes,,Yes,,,,,,,Yes,,,,18,New Toronto,18,New Toronto (18),D22,620373.6193,4828520.6377
15688,81278245,,6/28/2019 8:00:00 AM,1222,ADELAIDE ST E,BERKELEY ST,1 m West of,Major Arterial,Toronto and East York,43.652915,-79.364742,At Intersection,Traffic Signal,Clear,Daylight,Dry,Non-Fatal Injury,Cyclist Collisions,Cyclist,60 to 64,Major,,East,Bicycle,Turning Left,,,,,,Cyclist turned left across motorists path.,Improper Turn,Normal,,Yes,Yes,,,,,Yes,,,,,,73,Moss Park,73,Moss Park (73),D51,631868.3735,4834622.267
15689,81278246,,6/28/2019 8:00:00 AM,1222,ADELAIDE ST E,BERKELEY ST,1 m West of,Major Arterial,Toronto and East York,43.652915,-79.364742,At Intersection,Traffic Signal,Clear,Daylight,Dry,Non-Fatal Injury,Cyclist Collisions,Driver,25 to 29,None,,East,"Automobile, Station Wagon",Going Ahead,Driving Properly,Normal,,,,,,,,Yes,Yes,,,,,Yes,,,,,,73,Moss Park,73,Moss Park (73),D51,631868.3735,4834622.267
15690,81278247,,6/28/2019 8:00:00 AM,1222,ADELAIDE ST E,BERKELEY ST,1 m West of,Major Arterial,Toronto and East York,43.652915,-79.364742,At Intersection,Traffic Signal,Clear,Daylight,Dry,Non-Fatal Injury,Cyclist Collisions,Passenger,25 to 29,None,,,,,,,,,,,,,,Yes,Yes,,,,,Yes,,,,,,73,Moss Park,73,Moss Park (73),D51,631868.3735,4834622.267
15691,81278248,,6/28/2019 8:00:00 AM,1222,ADELAIDE ST E,BERKELEY ST,1 m West of,Major Arterial,Toronto and East York,43.652915,-79.364742,At Intersection,Traffic Signal,Clear,Daylight,Dry,Non-Fatal Injury,Cyclist Collisions,Passenger,25 to 29,None,,,,,,,,,,,,,,Yes,Yes,,,,,Yes,,,,,,73,Moss Park,73,Moss Park (73),D51,631868.3735,4834622.267
15692,81334487,,7/1/2019 8:00:00 AM,719,ST CLAIR AVE W,OAKWOOD AVE,,Major Arterial,North York,43.679583,-79.43568,At Intersection,Traffic Signal,Clear,Daylight,Dry,Non-Fatal Injury,Pedestrian Collisions,Driver,55 to 59,None,,West,"Automobile, Station Wagon",Going Ahead,Driving Properly,Normal,,,,,,,Yes,,Yes,,,,,,,,,,,94,Wychwood,94,Wychwood (94),D13,626091.9769,4837473.8158
15693,81334488,,7/1/2019 8:00:00 AM,719,ST CLAIR AVE W,OAKWOOD AVE,,Major Arterial,North York,43.679583,-79.43568,At Intersection,Traffic Signal,Clear,Daylight,Dry,Non-Fatal Injury,Pedestrian Collisions,Pedestrian,60 to 64,Major,,South,,,,,Vehicle is going straight thru inter.while ped cross without ROW,Crossing without right of way,Inattentive,,,,Yes,,Yes,,,,,,,,,,,94,Wychwood,94,Wychwood (94),D13,626091.9769,4837473.8158
15694,81333134,,7/2/2019 8:00:00 AM,1015,BRIMLEY RD,KINGSTON RD,,Major Arterial,Scarborough,43.718154,-79.240329,At Intersection,Traffic Signal,Clear,Daylight,Dry,Non-Fatal Injury,Angle,Driver,55 to 59,None,,South,"Automobile, Station Wagon",Going Ahead,Disobeyed Traffic Control,Inattentive,,,,,,,,,Yes,,,,,Yes,,Yes,Yes,,,123,Cliffcrest,123,Cliffcrest (123),D43,641747.5013,4842073.2194
15695,81333135,,7/2/2019 8:00:00 AM,1015,BRIMLEY RD,KINGSTON RD,,Major Arterial,Scarborough,43.718154,-79.240329,At Intersection,Traffic Signal,Clear,Daylight,Dry,Non-Fatal Injury,Angle,Driver,50 to 54,Minor,,East,"Automobile, Station Wagon",Going Ahead,Driving Properly,Normal,,,,,,,,,Yes,,,,,Yes,,Yes,Yes,,,123,Cliffcrest,123,Cliffcrest (123),D43,641747.5013,4842073.2194
15696,81333136,,7/2/2019 8:00:00 AM,1015,BRIMLEY RD,KINGSTON RD,,Major Arterial,Scarborough,43.718154,-79.240329,At Intersection,Traffic Signal,Clear,Daylight,Dry,Non-Fatal Injury,Angle,Driver,30 to 34,None,,North,"Automobile, Station Wagon",Stopped,Driving Properly,Normal,,,,,,,,,Yes,,,,,Yes,,Yes,Yes,,,123,Cliffcrest,123,Cliffcrest (123),D43,641747.5013,4842073.2194
15697,81333137,,7/2/2019 8:00:00 AM,1015,BRIMLEY RD,KINGSTON RD,,Major Arterial,Scarborough,43.718154,-79.240329,At Intersection,Traffic Signal,Clear,Daylight,Dry,Non-Fatal Injury,Angle,Passenger,60 to 64,Major,,,,,,,,,,,,,,,Yes,,,,,Yes,,Yes,Yes,,,123,Cliffcrest,123,Cliffcrest (123),D43,641747.5013,4842073.2194
15698,81333138,,7/2/2019 8:00:00 AM,1015,BRIMLEY RD,KINGSTON RD,,Major Arterial,Scarborough,43.718154,-79.240329,At Intersection,Traffic Signal,Clear,Daylight,Dry,Non-Fatal Injury,Angle,Passenger,25 to 29,None,,,,,,,,,,,,,,,Yes,,,,,Yes,,Yes,Yes,,,123,Cliffcrest,123,Cliffcrest (123),D43,641747.5013,4842073.2194
15699,81408531,,7/3/2019 8:00:00 AM,635,MORTIMER AVE,WOODBINE AVE,19 m East of,Minor Arterial,Toronto and East York,43.692423,-79.3157,At Intersection,Stop Sign,Clear,Daylight,Dry,Non-Fatal Injury,SMV Other,Driver,40 to 44,Major,,East,"Automobile, Station Wagon",Going Ahead,Lost control,Medical or Physical Disability,,,,,,,,,Yes,,,,,,,,,,Yes,60,Woodbine-Lumsden,60,Woodbine-Lumsden (60),D55,635734.1032,4839089.2769
15700,81271057,,7/3/2019 8:00:00 AM,735,DAVENPORT RD,HECTOR AVE,,Minor Arterial,Toronto and East York,43.67525,-79.424037,At Intersection,No Control,Clear,"Daylight, artificial",Dry,Non-Fatal Injury,Cyclist Collisions,Driver,40 to 44,None,,West,"Automobile, Station Wagon",Turning Left,Failed to Yield Right of Way,Inattentive,,,,,,,,Yes,Yes,,,,,,,Yes,,,,94,Wychwood,94,Wychwood (94),D13,627039.6133,4837010.3441
15701,81271058,,7/3/2019 8:00:00 AM,735,DAVENPORT RD,HECTOR AVE,,Minor Arterial,Toronto and East York,43.67525,-79.424037,At Intersection,No Control,Clear,"Daylight, artificial",Dry,Non-Fatal Injury,Cyclist Collisions,Cyclist,45 to 49,Major,,East,Bicycle,Going Ahead,,,,,,Motorist turned left across cyclists path.,Driving Properly,Normal,,Yes,Yes,,,,,,,Yes,,,,94,Wychwood,94,Wychwood (94),D13,627039.6133,4837010.3441
15702,81270923,,7/3/2019 8:00:00 AM,920,LAWRENCE AVE W,KEELE ST,10 m East of,Major Arterial,Etobicoke York,43.708586,-79.478023,Non Intersection,No Control,Clear,Daylight,Dry,Non-Fatal Injury,Pedestrian Collisions,Driver,45 to 49,Minimal,,West,"Automobile, Station Wagon",Going Ahead,Driving Properly,Normal,,,,,,,Yes,,Yes,,,,,,,,,,,30,Brookhaven-Amesbury,30,Brookhaven-Amesbury (30),D12,622619.7663,4840631.4943
15703,81270924,,7/3/2019 8:00:00 AM,920,LAWRENCE AVE W,KEELE ST,10 m East of,Major Arterial,Etobicoke York,43.708586,-79.478023,Non Intersection,No Control,Clear,Daylight,Dry,Non-Fatal Injury,Pedestrian Collisions,Pedestrian,50 to 54,Major,,South,,,,,Pedestrian hit at mid-block,Running onto Roadway,Inattentive,,,,Yes,,Yes,,,,,,,,,,,30,Brookhaven-Amesbury,30,Brookhaven-Amesbury (30),D12,622619.7663,4840631.4943
15704,81513253,,7/4/2019 8:00:00 AM,910,PHARMACY AVE,LAWRENCE AVE E,,Major Arterial,Scarborough,43.74317,-79.304607,At Intersection,Traffic Signal,Clear,Daylight,Dry,Non-Fatal Injury,Turning Movement,Driver,60 to 64,None,,South,School Bus,Turning Left,Failed to Yield Right of Way,Inattentive,,,,,,,,,,Yes,,,,,,Yes,,,,119,Wexford/Maryvale,119,Wexford/Maryvale (119),D41,636512.7807,4844743.6871
15705,81513254,,7/4/2019 8:00:00 AM,910,PHARMACY AVE,LAWRENCE AVE E,,Major Arterial,Scarborough,43.74317,-79.304607,At Intersection,Traffic Signal,Clear,Daylight,Dry,Non-Fatal Injury,Turning Movement,Motorcycle Driver,55 to 59,Major,,North,Motorcycle,Going Ahead,Driving Properly,Normal,,,,,,,,,,Yes,,,,,,Yes,,,,119,Wexford/Maryvale,119,Wexford/Maryvale (119),D41,636512.7807,4844743.6871
15706,81321772,,7/4/2019 8:00:00 AM,1915,YONGE ST,ABITIBI AVE,,Major Arterial,North York,43.796252,-79.419589,At Intersection,No Control,Clear,Daylight,Dry,Non-Fatal Injury,Turning Movement,Driver,30 to 34,Major,,North,"Automobile, Station Wagon",Going Ahead,Speed too Fast For Condition,Normal,,,,,,,,,Yes,,,,,Yes,Yes,Yes,,,,50,Newtonbrook East,50,Newtonbrook East (50),D32,627141.8355,4850456.1994
15707,81321773,,7/4/2019 8:00:00 AM,1915,YONGE ST,ABITIBI AVE,,Major Arterial,North York,43.796252,-79.419589,At Intersection,No Control,Clear,Daylight,Dry,Non-Fatal Injury,Turning Movement,Driver,70 to 74,Minor,,South,"Automobile, Station Wagon",Turning Left,Driving Properly,Normal,,,,,,,,,Yes,,,,,Yes,Yes,Yes,,,,50,Newtonbrook East,50,Newtonbrook East (50),D32,627141.8355,4850456.1994
15708,81321774,,7/4/2019 8:00:00 AM,1915,YONGE ST,ABITIBI AVE,,Major Arterial,North York,43.796252,-79.419589,At Intersection,No Control,Clear,Daylight,Dry,Non-Fatal Injury,Turning Movement,Passenger,30 to 34,Minimal,,,,,,,,,,,,,,,Yes,,,,,Yes,Yes,Yes,,,,50,Newtonbrook East,50,Newtonbrook East (50),D32,627141.8355,4850456.1994
15709,81463111,,7/7/2019 8:00:00 AM,612,ROCKWELL AVE,OLD WESTON RD,4 m West of,Collector,Etobicoke York,43.676566,-79.463863,At Intersection,Stop Sign,Clear,Daylight,Dry,Non-Fatal Injury,SMV Other,Driver,25 to 29,Major,,West,"Automobile, Station Wagon",Going Ahead,Speed too Fast For Condition,Unknown,,,,,,,,,Yes,,,,,,Yes,Yes,,,,91,Weston-Pelham Park,91,Weston-Pellam Park (91),D12,623826.4718,4837096.2781
15710,81321609,,7/7/2019 8:00:00 AM,2010,SHEPPARD AVE E,NEILSON RD,,Major Arterial,Scarborough,43.798049,-79.217632,At Intersection,Traffic Signal,Clear,Daylight,Dry,Non-Fatal Injury,Pedestrian Collisions,Driver,20 to 24,None,,North,"Automobile, Station Wagon",Turning Left,Improper Turn,Normal,,,,,,,Yes,,Yes,,,,,,,,,,,146,Malvern East,132,Malvern (132),D42,643384.8695,4850985.8654
15711,81321610,,7/7/2019 8:00:00 AM,2010,SHEPPARD AVE E,NEILSON RD,,Major Arterial,Scarborough,43.798049,-79.217632,At Intersection,Traffic Signal,Clear,Daylight,Dry,Non-Fatal Injury,Pedestrian Collisions,Pedestrian,25 to 29,Major,,South,,,,,Vehicle turns left while ped crosses with ROW at inter.,Crossing with right of way,Normal,,,,Yes,,Yes,,,,,,,,,,,146,Malvern East,132,Malvern (132),D42,643384.8695,4850985.8654
15712,81322160,,7/8/2019 8:00:00 AM,251,PARKSIDE DR,CONSTANCE ST,,Major Arterial,Etobicoke York,43.648211,-79.457622,At Intersection,No Control,Clear,"Dark, artificial",Dry,Non-Fatal Injury,Pedestrian Collisions,Driver,45 to 49,None,,South,"Automobile, Station Wagon",Going Ahead,Driving Properly,Normal,,,,,,,Yes,,Yes,,,,,Yes,,,,,,87,High Park-Swansea,87,High Park-Swansea (87),D11,624388.1006,4833956.4187
15713,81322161,,7/8/2019 8:00:00 AM,251,PARKSIDE DR,CONSTANCE ST,,Major Arterial,Etobicoke York,43.648211,-79.457622,At Intersection,No Control,Clear,"Dark, artificial",Dry,Non-Fatal Injury,Pedestrian Collisions,Passenger,30 to 34,None,,,,,,,,,,,,,Yes,,Yes,,,,,Yes,,,,,,87,High Park-Swansea,87,High Park-Swansea (87),D11,624388.1006,4833956.4187
15714,81322162,,7/8/2019 8:00:00 AM,251,PARKSIDE DR,CONSTANCE ST,,Major Arterial,Etobicoke York,43.648211,-79.457622,At Intersection,No Control,Clear,"Dark, artificial",Dry,Non-Fatal Injury,Pedestrian Collisions,Pedestrian,40 to 44,Major,,West,,,,,Vehicle is going straight thru inter.while ped cross without ROW,"Crossing, no Traffic Control",Had Been Drinking,,,,Yes,,Yes,,,,,Yes,,,,,,87,High Park-Swansea,87,High Park-Swansea (87),D11,624388.1006,4833956.4187
15715,81476663,,7/8/2019 8:00:00 AM,1040,BLACK CREEK DR,LAWRENCE AVE W,,Major Arterial,Etobicoke York,43.704878,-79.494052,At Intersection,Traffic Signal,Clear,Daylight,Dry,Non-Fatal Injury,Turning Movement,Truck Driver,40 to 44,None,,North,Truck-Tractor,Turning Left,Improper Turn,Normal,,,,,,,,,,Yes,Yes,,,Yes,,,,,,30,Brookhaven-Amesbury,30,Brookhaven-Amesbury (30),D12,621335.8423,4840196.0849
15716,81476664,,7/8/2019 8:00:00 AM,1040,BLACK CREEK DR,LAWRENCE AVE W,,Major Arterial,Etobicoke York,43.704878,-79.494052,At Intersection,Traffic Signal,Clear,Daylight,Dry,Non-Fatal Injury,Turning Movement,Motorcycle Driver,50 to 54,Major,,South,Motorcycle,Going Ahead,Driving Properly,Normal,,,,,,,,,,Yes,Yes,,,Yes,,,,,,30,Brookhaven-Amesbury,30,Brookhaven-Amesbury (30),D12,621335.8423,4840196.0849
15717,81476665,,7/8/2019 8:00:00 AM,1040,BLACK CREEK DR,LAWRENCE AVE W,,Major Arterial,Etobicoke York,43.704878,-79.494052,At Intersection,Traffic Signal,Clear,Daylight,Dry,Non-Fatal Injury,Turning Movement,Motorcycle Passenger,20 to 24,Major,,,,,,,,,,,,,,,,Yes,Yes,,,Yes,,,,,,30,Brookhaven-Amesbury,30,Brookhaven-Amesbury (30),D12,621335.8423,4840196.0849
15718,81271153,,7/10/2019 8:00:00 AM,1221,1 YORK GATE BLVD,,,Minor Arterial,North York,43.758837,-79.52151,Non Intersection,No Control,Clear,Daylight,Dry,Fatal,Pedestrian Collisions,Pedestrian,60 to 64,Major,,South,,,,,Pedestrian hit at mid-block,"Crossing, no Traffic Control",Normal,,,,Yes,,Yes,,,,,,,,,,,24,Black Creek,24,Black Creek (24),D31,619016.5773,4846149.1803
15719,81271154,,7/10/2019 8:00:00 AM,1221,1 YORK GATE BLVD,,,Minor Arterial,North York,43.758837,-79.52151,Non Intersection,No Control,Clear,Daylight,Dry,Fatal,Pedestrian Collisions,Driver,25 to 29,None,,West,"Automobile, Station Wagon",Going Ahead,Driving Properly,Normal,,,,,,,Yes,,Yes,,,,,,,,,,,24,Black Creek,24,Black Creek (24),D31,619016.5773,4846149.1803
15720,81278473,,7/10/2019 8:00:00 AM,1221,1 YORK GATE BLVD,,,Minor Arterial,North York,43.758837,-79.52151,Non Intersection,No Control,Clear,Daylight,Dry,Fatal,Pedestrian Collisions,Pedestrian,60 to 64,Fatal,26,South,,,,,Pedestrian hit at mid-block,"Crossing, no Traffic Control",Unknown,,,,Yes,,Yes,,,,,,,,,,,24,Black Creek,24,Black Creek (24),D31,619016.5773,4846149.1803
15721,81331022,,7/12/2019 8:00:00 AM,1415,DUFFERIN ST,GERRY FITZGERALD DR,,Major Arterial,North York,43.78377,-79.470104,At Intersection,Traffic Signal,Clear,Daylight,Dry,Non-Fatal Injury,Pedestrian Collisions,Driver,80 to 84,None,,South,"Automobile, Station Wagon",Going Ahead,Failed to Yield Right of Way,Normal,,,,,,,Yes,,Yes,,,,,,,Yes,,,,34,Bathurst Manor,34,Bathurst Manor (34),D32,623103.5644,4848993.5209
15722,81331023,,7/12/2019 8:00:00 AM,1415,DUFFERIN ST,GERRY FITZGERALD DR,,Major Arterial,North York,43.78377,-79.470104,At Intersection,Traffic Signal,Clear,Daylight,Dry,Non-Fatal Injury,Pedestrian Collisions,Pedestrian,20 to 24,Major,,East,,,,,Vehicle is going straight thru inter.while ped cross with ROW,Crossing with right of way,Normal,,,,Yes,,Yes,,,,,,,Yes,,,,34,Bathurst Manor,34,Bathurst Manor (34),D32,623103.5644,4848993.5209
15723,81331105,,7/12/2019 8:00:00 AM,1820,114 TORYORK DR,,,Collector,Etobicoke York,43.756449,-79.551196,At/Near Private Drive,No Control,Clear,Daylight,Dry,Non-Fatal Injury,Turning Movement,Driver,15 to 19,None,,West,"Automobile, Station Wagon",Turning Left,Failed to Yield Right of Way,Normal,,,,,,,,,Yes,Yes,,,,,,Yes,,,,21,Humber Summit,21,Humber Summit (21),D31,616631.514,4845841.7278
15724,81331106,,7/12/2019 8:00:00 AM,1820,114 TORYORK DR,,,Collector,Etobicoke York,43.756449,-79.551196,At/Near Private Drive,No Control,Clear,Daylight,Dry,Non-Fatal Injury,Turning Movement,Motorcycle Driver,35 to 39,Major,,East,Motorcycle,Going Ahead,Driving Properly,Normal,,,,,,,,,Yes,Yes,,,,,,Yes,,,,21,Humber Summit,21,Humber Summit (21),D31,616631.514,4845841.7278
15725,81322184,,7/14/2019 8:00:00 AM,1309,LAWRENCE AVE E,TOWNLEY AVE,4 m West of,Major Arterial,Scarborough,43.742572,-79.307369,Intersection Related,No Control,Clear,Daylight,Dry,Non-Fatal Injury,Sideswipe,Motorcycle Driver,25 to 29,Major,,West,Motorcycle,Going Ahead,Exceeding Speed Limit,Normal,,,,,,,,,Yes,Yes,,,,Yes,Yes,Yes,,,,119,Wexford/Maryvale,119,Wexford/Maryvale (119),D41,636291.7395,4844672.7225
15726,81322185,,7/14/2019 8:00:00 AM,1309,LAWRENCE AVE E,TOWNLEY AVE,4 m West of,Major Arterial,Scarborough,43.742572,-79.307369,Intersection Related,No Control,Clear,Daylight,Dry,Non-Fatal Injury,Sideswipe,Driver,40 to 44,None,,West,"Automobile, Station Wagon",Changing Lanes,Improper Lane Change,Normal,,,,,,,,,Yes,Yes,,,,Yes,Yes,Yes,,,,119,Wexford/Maryvale,119,Wexford/Maryvale (119),D41,636291.7395,4844672.7225
15727,81322186,,7/14/2019 8:00:00 AM,1309,LAWRENCE AVE E,TOWNLEY AVE,4 m West of,Major Arterial,Scarborough,43.742572,-79.307369,Intersection Related,No Control,Clear,Daylight,Dry,Non-Fatal Injury,Sideswipe,Passenger,35 to 39,None,,,,,,,,,,,,,,,Yes,Yes,,,,Yes,Yes,Yes,,,,119,Wexford/Maryvale,119,Wexford/Maryvale (119),D41,636291.7395,4844672.7225
15728,81322187,,7/14/2019 8:00:00 AM,1309,LAWRENCE AVE E,TOWNLEY AVE,4 m West of,Major Arterial,Scarborough,43.742572,-79.307369,Intersection Related,No Control,Clear,Daylight,Dry,Non-Fatal Injury,Sideswipe,Passenger,70 to 74,None,,,,,,,,,,,,,,,Yes,Yes,,,,Yes,Yes,Yes,,,,119,Wexford/Maryvale,119,Wexford/Maryvale (119),D41,636291.7395,4844672.7225
15729,81322188,,7/14/2019 8:00:00 AM,1309,LAWRENCE AVE E,TOWNLEY AVE,4 m West of,Major Arterial,Scarborough,43.742572,-79.307369,Intersection Related,No Control,Clear,Daylight,Dry,Non-Fatal Injury,Sideswipe,Passenger,0 to 4,None,,,,,,,,,,,,,,,Yes,Yes,,,,Yes,Yes,Yes,,,,119,Wexford/Maryvale,119,Wexford/Maryvale (119),D41,636291.7395,4844672.7225
15730,81322189,,7/14/2019 8:00:00 AM,1309,LAWRENCE AVE E,TOWNLEY AVE,4 m West of,Major Arterial,Scarborough,43.742572,-79.307369,Intersection Related,No Control,Clear,Daylight,Dry,Non-Fatal Injury,Sideswipe,Passenger,0 to 4,None,,,,,,,,,,,,,,,Yes,Yes,,,,Yes,Yes,Yes,,,,119,Wexford/Maryvale,119,Wexford/Maryvale (119),D41,636291.7395,4844672.7225
15731,81278475,,7/16/2019 8:00:00 AM,1401,BARKWOOD CRES,CLIFFWOOD RD,,Local,North York,43.804576,-79.35551,At Intersection,No Control,Clear,Daylight,Dry,Fatal,Pedestrian Collisions,Pedestrian,65 to 69,Fatal,27,East,,,,,Vehicle turns left while ped crosses with ROW at inter.,Crossing with right of way,Normal,,,,Yes,,,,Yes,,,,,Yes,,,,48,Hillcrest Village,48,Hillcrest Village (48),D33,632278.5776,4851481.1463
15732,81432263,,7/16/2019 8:00:00 AM,1401,BARKWOOD CRES,CLIFFWOOD RD,,Local,North York,43.804576,-79.35551,At Intersection,No Control,Clear,Daylight,Dry,Fatal,Pedestrian Collisions,Driver,45 to 49,None,,East,Truck - Dump,Turning Left,Failed to Yield Right of Way,Inattentive,,,,,,,Yes,,,,Yes,,,,,Yes,,,,48,Hillcrest Village,48,Hillcrest Village (48),D33,632278.5776,4851481.1463
15733,81278476,,7/18/2019 8:00:00 AM,2240,DUNDAS ST W,DONNYBROOK LANE,,Major Arterial,Etobicoke York,43.653163,-79.524646,Intersection Related,No Control,Clear,"Dark, artificial",Dry,Fatal,Turning Movement,Driver,55 to 59,None,,West,"Automobile, Station Wagon",Turning Left,Failed to Yield Right of Way,Normal,,,,,,,,,Yes,Yes,,,,,,Yes,,,,15,Kingsway South,15,Kingsway South (15),D22,618972.9945,4834408.1264
15734,81322095,,7/18/2019 8:00:00 AM,2240,DUNDAS ST W,DONNYBROOK LANE,,Major Arterial,Etobicoke York,43.653163,-79.524646,Intersection Related,No Control,Clear,"Dark, artificial",Dry,Fatal,Turning Movement,Motorcycle Driver,25 to 29,Fatal,28,East,Motorcycle,Going Ahead,Driving Properly,Normal,,,,,,,,,Yes,Yes,,,,,,Yes,,,,15,Kingsway South,15,Kingsway South (15),D22,618972.9945,4834408.1264
15735,81409643,,7/19/2019 8:00:00 AM,1924,FINCH AVE W,JANE ST,,Major Arterial,Etobicoke York,43.757003,-79.519115,At/Near Private Drive,No Control,Clear,Daylight,Dry,Non-Fatal Injury,Turning Movement,Driver,35 to 39,None,,West,"Automobile, Station Wagon",Turning Left,Improper Turn,Inattentive,,,,,,,,,Yes,,,,,Yes,,,,,,25,Glenfield-Jane Heights,25,Glenfield-Jane Heights (25),D31,619213.0151,4845948.932
15736,81409644,,7/19/2019 8:00:00 AM,1924,FINCH AVE W,JANE ST,,Major Arterial,Etobicoke York,43.757003,-79.519115,At/Near Private Drive,No Control,Clear,Daylight,Dry,Non-Fatal Injury,Turning Movement,Driver,70 to 74,None,,East,"Automobile, Station Wagon",Going Ahead,Driving Properly,Normal,,,,,,,,,Yes,,,,,Yes,,,,,,25,Glenfield-Jane Heights,25,Glenfield-Jane Heights (25),D31,619213.0151,4845948.932
15737,81409645,,7/19/2019 8:00:00 AM,1924,FINCH AVE W,JANE ST,,Major Arterial,Etobicoke York,43.757003,-79.519115,At/Near Private Drive,No Control,Clear,Daylight,Dry,Non-Fatal Injury,Turning Movement,Passenger,15 to 19,None,,,,,,,,,,,,,,,Yes,,,,,Yes,,,,,,25,Glenfield-Jane Heights,25,Glenfield-Jane Heights (25),D31,619213.0151,4845948.932
15738,81409646,,7/19/2019 8:00:00 AM,1924,FINCH AVE W,JANE ST,,Major Arterial,Etobicoke York,43.757003,-79.519115,At/Near Private Drive,No Control,Clear,Daylight,Dry,Non-Fatal Injury,Turning Movement,Passenger,60 to 64,Major,,,,,,,,,,,,,,,Yes,,,,,Yes,,,,,,25,Glenfield-Jane Heights,25,Glenfield-Jane Heights (25),D31,619213.0151,4845948.932
15739,81409647,,7/19/2019 8:00:00 AM,1924,FINCH AVE W,JANE ST,,Major Arterial,Etobicoke York,43.757003,-79.519115,At/Near Private Drive,No Control,Clear,Daylight,Dry,Non-Fatal Injury,Turning Movement,Passenger,50 to 54,None,,,,,,,,,,,,,,,Yes,,,,,Yes,,,,,,25,Glenfield-Jane Heights,25,Glenfield-Jane Heights (25),D31,619213.0151,4845948.932
15740,81409648,,7/19/2019 8:00:00 AM,1924,FINCH AVE W,JANE ST,,Major Arterial,Etobicoke York,43.757003,-79.519115,At/Near Private Drive,No Control,Clear,Daylight,Dry,Non-Fatal Injury,Turning Movement,Passenger,25 to 29,None,,,,,,,,,,,,,,,Yes,,,,,Yes,,,,,,25,Glenfield-Jane Heights,25,Glenfield-Jane Heights (25),D31,619213.0151,4845948.932
15741,81330471,,7/20/2019 8:00:00 AM,110,AVENUE RD,BERNARD AVE,5 m South of,Major Arterial,Toronto and East York,43.67393,-79.396266,Intersection Related,No Control,Clear,"Dark, artificial",Dry,Non-Fatal Injury,Pedestrian Collisions,Driver,35 to 39,None,,North,"Automobile, Station Wagon",Going Ahead,Driving Properly,Unknown,,,,,,,Yes,,Yes,,,,,,,,,,,95,Annex,95,Annex (95),D53,629281.1122,4836906.6485
15742,81330472,,7/20/2019 8:00:00 AM,110,AVENUE RD,BERNARD AVE,5 m South of,Major Arterial,Toronto and East York,43.67393,-79.396266,Intersection Related,No Control,Clear,"Dark, artificial",Dry,Non-Fatal Injury,Pedestrian Collisions,Pedestrian,50 to 54,Major,,East,,,,,Vehicle is going straight thru inter.while ped cross without ROW,"Crossing, no Traffic Control",Inattentive,,,,Yes,,Yes,,,,,,,,,,,95,Annex,95,Annex (95),D53,629281.1122,4836906.6485