OBJECTID,INDEX,ACCNUM,DATE,TIME,STREET1,STREET2,OFFSET,ROAD_CLASS,DISTRICT,LATITUDE,LONGITUDE,ACCLOC,TRAFFCTL,VISIBILITY,LIGHT,RDSFCOND,ACCLASS,IMPACTYPE,INVTYPE,INVAGE,INJURY,FATAL_NO,INITDIR,VEHTYPE,MANOEUVER,DRIVACT,DRIVCOND,PEDTYPE,PEDACT,PEDCOND,CYCLISTYPE,CYCACT,CYCCOND,PEDESTRIAN,CYCLIST,AUTOMOBILE,MOTORCYCLE,TRUCK,TRSN_CITY_VEH,EMERG_VEH,PASSENGER,SPEEDING,AG_DRIV,REDLIGHT,ALCOHOL,DISABILITY,HOOD_158,NEIGHBOURHOOD_158,HOOD_140,NEIGHBOURHOOD_140,DIVISION,x,y
15743,81473258,,7/20/2019 8:00:00 AM,135,BLOOR ST W,BALMUTO ST,28 m West of,Major Arterial,Toronto and East York,43.669802,-79.388393,Non Intersection,No Control,Clear,"Dark, artificial",Dry,Non-Fatal Injury,Cyclist Collisions,Driver,35 to 39,None,,West,"Automobile, Station Wagon",Going Ahead,Driving Properly,Normal,,,,,,,,Yes,Yes,,,,,,,,,,,169,Bay-Cloverhill,76,Bay Street Corridor (76),D52,629924.6887,4836460.4793
15744,81473259,,7/20/2019 8:00:00 AM,135,BLOOR ST W,BALMUTO ST,28 m West of,Major Arterial,Toronto and East York,43.669802,-79.388393,Non Intersection,No Control,Clear,"Dark, artificial",Dry,Non-Fatal Injury,Cyclist Collisions,Cyclist,40 to 44,Major,,West,Bicycle,Merging,,,,,,Cyclist and Driver travelling in same direction. One vehicle sideswipes the other.,,,,Yes,Yes,,,,,,,,,,,169,Bay-Cloverhill,76,Bay Street Corridor (76),D52,629924.6887,4836460.4793
15745,81409539,,7/20/2019 8:00:00 AM,2215,PHARMACY AVE,EGLINTON AVE E,,Major Arterial,Scarborough,43.725577,-79.297481,At Intersection,Traffic Signal,Rain,"Dark, artificial",Wet,Non-Fatal Injury,Pedestrian Collisions,Driver,55 to 59,None,,South,"Automobile, Station Wagon",Turning Right,Failed to Yield Right of Way,Normal,,,,,,,Yes,,Yes,,,,,Yes,,Yes,,,,120,Clairlea-Birchmount,120,Clairlea-Birchmount (120),D41,637126.722,4842801.491
15746,81409540,,7/20/2019 8:00:00 AM,2215,PHARMACY AVE,EGLINTON AVE E,,Major Arterial,Scarborough,43.725577,-79.297481,At Intersection,Traffic Signal,Rain,"Dark, artificial",Wet,Non-Fatal Injury,Pedestrian Collisions,Passenger,40 to 44,None,,,,,,,,,,,,,Yes,,Yes,,,,,Yes,,Yes,,,,120,Clairlea-Birchmount,120,Clairlea-Birchmount (120),D41,637126.722,4842801.491
15747,81409541,,7/20/2019 8:00:00 AM,2215,PHARMACY AVE,EGLINTON AVE E,,Major Arterial,Scarborough,43.725577,-79.297481,At Intersection,Traffic Signal,Rain,"Dark, artificial",Wet,Non-Fatal Injury,Pedestrian Collisions,Passenger,10 to 14,None,,,,,,,,,,,,,Yes,,Yes,,,,,Yes,,Yes,,,,120,Clairlea-Birchmount,120,Clairlea-Birchmount (120),D41,637126.722,4842801.491
15748,81409542,,7/20/2019 8:00:00 AM,2215,PHARMACY AVE,EGLINTON AVE E,,Major Arterial,Scarborough,43.725577,-79.297481,At Intersection,Traffic Signal,Rain,"Dark, artificial",Wet,Non-Fatal Injury,Pedestrian Collisions,Passenger,10 to 14,None,,,,,,,,,,,,,Yes,,Yes,,,,,Yes,,Yes,,,,120,Clairlea-Birchmount,120,Clairlea-Birchmount (120),D41,637126.722,4842801.491
15749,81409543,,7/20/2019 8:00:00 AM,2215,PHARMACY AVE,EGLINTON AVE E,,Major Arterial,Scarborough,43.725577,-79.297481,At Intersection,Traffic Signal,Rain,"Dark, artificial",Wet,Non-Fatal Injury,Pedestrian Collisions,Pedestrian,40 to 44,Major,,North,,,,,Vehicle turns right while ped crosses with ROW at inter.,Crossing with right of way,Normal,,,,Yes,,Yes,,,,,Yes,,Yes,,,,120,Clairlea-Birchmount,120,Clairlea-Birchmount (120),D41,637126.722,4842801.491
15750,81510948,,7/22/2019 8:00:00 AM,21,OSSINGTON AVE,BLOOR ST W,,Major Arterial,Toronto and East York,43.661914,-79.425617,At Intersection,Traffic Signal,Clear,"Dark, artificial",Dry,Non-Fatal Injury,Turning Movement,Motorcycle Driver,20 to 24,Major,,South,Motorcycle,Going Ahead,Exceeding Speed Limit,Other,,,,,,,,,,Yes,,Yes,,,Yes,Yes,,,,80,Palmerston-Little Italy,80,Palmerston-Little Italy (80),D14,626940.3562,4835526.7848
15751,81510949,,7/22/2019 8:00:00 AM,21,OSSINGTON AVE,BLOOR ST W,,Major Arterial,Toronto and East York,43.661914,-79.425617,At Intersection,Traffic Signal,Clear,"Dark, artificial",Dry,Non-Fatal Injury,Turning Movement,Driver,30 to 34,None,,North,Intercity Bus,Turning Left,Failed to Yield Right of Way,Inattentive,,,,,,,,,,Yes,,Yes,,,Yes,Yes,,,,80,Palmerston-Little Italy,80,Palmerston-Little Italy (80),D14,626940.3562,4835526.7848
15752,81330888,,7/24/2019 8:00:00 AM,549,VICTORIA PARK AVE,IVORDALE CRES,,Major Arterial,Scarborough,43.755698,-79.314487,At Intersection,Stop Sign,Clear,Daylight,Dry,Non-Fatal Injury,Turning Movement,Driver,45 to 49,None,,West,"Automobile, Station Wagon",Turning Left,Failed to Yield Right of Way,Normal,,,,,,,,,Yes,,,,,,,Yes,,,,119,Wexford/Maryvale,119,Wexford/Maryvale (119),D41,635688.9227,4846118.8765
15753,81330889,,7/24/2019 8:00:00 AM,549,VICTORIA PARK AVE,IVORDALE CRES,,Major Arterial,Scarborough,43.755698,-79.314487,At Intersection,Stop Sign,Clear,Daylight,Dry,Non-Fatal Injury,Turning Movement,Driver,30 to 34,Major,,North,"Automobile, Station Wagon",Going Ahead,Driving Properly,Normal,,,,,,,,,Yes,,,,,,,Yes,,,,119,Wexford/Maryvale,119,Wexford/Maryvale (119),D41,635688.9227,4846118.8765
15754,81322549,,7/25/2019 8:00:00 AM,1712,STEELES AVE E,LESLIE ST,500 m East o,Major Arterial,North York,43.809794,-79.366481,Non Intersection,No Control,Clear,Daylight,Dry,Non-Fatal Injury,Rear End,Motorcycle Driver,45 to 49,Major,,West,Motorcycle,Slowing or Stopping,Lost control,Inattentive,,,,,,,,,Yes,Yes,,,,,,,,,,48,Hillcrest Village,48,Hillcrest Village (48),D33,631384.6491,4852043.2095
15755,81322550,,7/25/2019 8:00:00 AM,1712,STEELES AVE E,LESLIE ST,500 m East o,Major Arterial,North York,43.809794,-79.366481,Non Intersection,No Control,Clear,Daylight,Dry,Non-Fatal Injury,Rear End,Driver,50 to 54,None,,West,"Automobile, Station Wagon",Stopped,Driving Properly,Normal,,,,,,,,,Yes,Yes,,,,,,,,,,48,Hillcrest Village,48,Hillcrest Village (48),D33,631384.6491,4852043.2095
15756,81333254,,7/25/2019 8:00:00 AM,1857,WILSON AVE,BATHURST ST,110 m East o,Major Arterial,North York,43.737422,-79.432498,At/Near Private Drive,Stop Sign,Clear,Daylight,Dry,Non-Fatal Injury,Turning Movement,Driver,15 to 19,Major,,South,"Automobile, Station Wagon",Turning Left,Failed to Yield Right of Way,Unknown,,,,,,,,,Yes,,,,,,,Yes,,,,38,Lansing-Westgate,38,Lansing-Westgate (38),D32,626226.997,4843902.4908
15757,81333255,,7/25/2019 8:00:00 AM,1857,WILSON AVE,BATHURST ST,110 m East o,Major Arterial,North York,43.737422,-79.432498,At/Near Private Drive,Stop Sign,Clear,Daylight,Dry,Non-Fatal Injury,Turning Movement,Driver,30 to 34,Minor,,West,"Automobile, Station Wagon",Going Ahead,Driving Properly,Normal,,,,,,,,,Yes,,,,,,,Yes,,,,38,Lansing-Westgate,38,Lansing-Westgate (38),D32,626226.997,4843902.4908
15758,81333272,,7/25/2019 8:00:00 AM,2245,KINGSTON RD,PORT UNION RD,290 m East o,Major Arterial,Scarborough,43.800658,-79.143306,At/Near Private Drive,No Control,Clear,"Dark, artificial",Dry,Non-Fatal Injury,Turning Movement,Driver,50 to 54,None,,West,"Automobile, Station Wagon",Turning Left,Failed to Yield Right of Way,Unknown,,,,,,,,,Yes,,,,,,,Yes,,,,143,West Rouge,131,Rouge (131),D42,649357.6944,4851407.1044
15759,81333273,,7/25/2019 8:00:00 AM,2245,KINGSTON RD,PORT UNION RD,290 m East o,Major Arterial,Scarborough,43.800658,-79.143306,At/Near Private Drive,No Control,Clear,"Dark, artificial",Dry,Non-Fatal Injury,Turning Movement,Driver,50 to 54,Major,,East,"Automobile, Station Wagon",Going Ahead,Driving Properly,Normal,,,,,,,,,Yes,,,,,,,Yes,,,,143,West Rouge,131,Rouge (131),D42,649357.6944,4851407.1044
15760,81331260,,7/26/2019 8:00:00 AM,1436,THE QUEENSWAY,VIBE RD,20 m West of,Major Arterial,Etobicoke York,43.621604,-79.523433,At Intersection,No Control,Clear,Daylight,Dry,Non-Fatal Injury,Cyclist Collisions,Cyclist,50 to 54,Major,,West,Bicycle,Turning Left,,,,,,Cyclist turned left across motorists path.,Improper Turn,Normal,,Yes,Yes,,,,,Yes,,,,,,159,Etobicoke City Centre,14,Islington-City Centre West (14),D22,619133.1602,4830904.8442
15761,81331261,,7/26/2019 8:00:00 AM,1436,THE QUEENSWAY,VIBE RD,20 m West of,Major Arterial,Etobicoke York,43.621604,-79.523433,At Intersection,No Control,Clear,Daylight,Dry,Non-Fatal Injury,Cyclist Collisions,Driver,35 to 39,None,,East,"Automobile, Station Wagon",Going Ahead,Driving Properly,Normal,,,,,,,,Yes,Yes,,,,,Yes,,,,,,159,Etobicoke City Centre,14,Islington-City Centre West (14),D22,619133.1602,4830904.8442
15762,81331262,,7/26/2019 8:00:00 AM,1436,THE QUEENSWAY,VIBE RD,20 m West of,Major Arterial,Etobicoke York,43.621604,-79.523433,At Intersection,No Control,Clear,Daylight,Dry,Non-Fatal Injury,Cyclist Collisions,Cyclist Passenger,25 to 29,Major,,,,,,,,,,,,,,Yes,Yes,,,,,Yes,,,,,,159,Etobicoke City Centre,14,Islington-City Centre West (14),D22,619133.1602,4830904.8442
15763,81511803,,7/26/2019 8:00:00 AM,1630,857 ELLESMERE RD,,10 m West of,Major Arterial,Scarborough,43.765547,-79.281963,Non Intersection,No Control,Clear,Daylight,Dry,Non-Fatal Injury,Rear End,Driver,unknown,None,,East,"Automobile, Station Wagon",Going Ahead,Speed too Fast For Condition,Unknown,,,,,,,,,Yes,,,,,Yes,Yes,Yes,,,,126,Dorset Park,126,Dorset Park (126),D41,638284.5396,4847266.5581
15764,81511804,,7/26/2019 8:00:00 AM,1630,857 ELLESMERE RD,,10 m West of,Major Arterial,Scarborough,43.765547,-79.281963,Non Intersection,No Control,Clear,Daylight,Dry,Non-Fatal Injury,Rear End,Driver,60 to 64,Major,,East,"Automobile, Station Wagon",Stopped,Driving Properly,Normal,,,,,,,,,Yes,,,,,Yes,Yes,Yes,,,,126,Dorset Park,126,Dorset Park (126),D41,638284.5396,4847266.5581
15765,81511805,,7/26/2019 8:00:00 AM,1630,857 ELLESMERE RD,,10 m West of,Major Arterial,Scarborough,43.765547,-79.281963,Non Intersection,No Control,Clear,Daylight,Dry,Non-Fatal Injury,Rear End,Passenger,15 to 19,Minimal,,,,,,,,,,,,,,,Yes,,,,,Yes,Yes,Yes,,,,126,Dorset Park,126,Dorset Park (126),D41,638284.5396,4847266.5581
15766,81511806,,7/26/2019 8:00:00 AM,1630,857 ELLESMERE RD,,10 m West of,Major Arterial,Scarborough,43.765547,-79.281963,Non Intersection,No Control,Clear,Daylight,Dry,Non-Fatal Injury,Rear End,Passenger,20 to 24,None,,,,,,,,,,,,,,,Yes,,,,,Yes,Yes,Yes,,,,126,Dorset Park,126,Dorset Park (126),D41,638284.5396,4847266.5581
15767,81332960,,7/26/2019 8:00:00 AM,2310,VICTORIA PARK AVE,ELLESMERE RD,,Major Arterial,Scarborough,43.757796,-79.315204,At Intersection,Traffic Signal,Clear,"Dark, artificial",Dry,Non-Fatal Injury,Turning Movement,Driver,25 to 29,None,,South,"Automobile, Station Wagon",Turning Left,Improper Turn,"Ability Impaired, Alcohol Over .08",,,,,,,,,Yes,,,,,Yes,,Yes,,Yes,,119,Wexford/Maryvale,119,Wexford/Maryvale (119),D41,635626.4613,4846350.7169
15768,81332961,,7/26/2019 8:00:00 AM,2310,VICTORIA PARK AVE,ELLESMERE RD,,Major Arterial,Scarborough,43.757796,-79.315204,At Intersection,Traffic Signal,Clear,"Dark, artificial",Dry,Non-Fatal Injury,Turning Movement,Driver,30 to 34,Major,,North,"Automobile, Station Wagon",Going Ahead,Driving Properly,Normal,,,,,,,,,Yes,,,,,Yes,,Yes,,Yes,,119,Wexford/Maryvale,119,Wexford/Maryvale (119),D41,635626.4613,4846350.7169
15769,81332962,,7/26/2019 8:00:00 AM,2310,VICTORIA PARK AVE,ELLESMERE RD,,Major Arterial,Scarborough,43.757796,-79.315204,At Intersection,Traffic Signal,Clear,"Dark, artificial",Dry,Non-Fatal Injury,Turning Movement,Passenger,30 to 34,Minimal,,,,,,,,,,,,,,,Yes,,,,,Yes,,Yes,,Yes,,119,Wexford/Maryvale,119,Wexford/Maryvale (119),D41,635626.4613,4846350.7169
15770,81332963,,7/26/2019 8:00:00 AM,2310,VICTORIA PARK AVE,ELLESMERE RD,,Major Arterial,Scarborough,43.757796,-79.315204,At Intersection,Traffic Signal,Clear,"Dark, artificial",Dry,Non-Fatal Injury,Turning Movement,Passenger,20 to 24,Minimal,,,,,,,,,,,,,,,Yes,,,,,Yes,,Yes,,Yes,,119,Wexford/Maryvale,119,Wexford/Maryvale (119),D41,635626.4613,4846350.7169
15771,81332964,,7/26/2019 8:00:00 AM,2310,VICTORIA PARK AVE,ELLESMERE RD,,Major Arterial,Scarborough,43.757796,-79.315204,At Intersection,Traffic Signal,Clear,"Dark, artificial",Dry,Non-Fatal Injury,Turning Movement,Passenger,30 to 34,Minimal,,,,,,,,,,,,,,,Yes,,,,,Yes,,Yes,,Yes,,119,Wexford/Maryvale,119,Wexford/Maryvale (119),D41,635626.4613,4846350.7169
15772,81332965,,7/26/2019 8:00:00 AM,2310,VICTORIA PARK AVE,ELLESMERE RD,,Major Arterial,Scarborough,43.757796,-79.315204,At Intersection,Traffic Signal,Clear,"Dark, artificial",Dry,Non-Fatal Injury,Turning Movement,Passenger,25 to 29,Major,,,,,,,,,,,,,,,Yes,,,,,Yes,,Yes,,Yes,,119,Wexford/Maryvale,119,Wexford/Maryvale (119),D41,635626.4613,4846350.7169
15773,81322434,,7/28/2019 8:00:00 AM,148,FITZGIBBON AVE,LORD ROBERTS DR,85 m South o,Local,Scarborough,43.740515,-79.261867,At/Near Private Drive,No Control,Clear,"Dark, artificial",Dry,Non-Fatal Injury,SMV Other,Driver,25 to 29,Minor,,North,"Automobile, Station Wagon",Going Ahead,Lost control,Had Been Drinking,,,,,,,,,Yes,,,,,Yes,Yes,Yes,,,,138,Eglinton East,138,Eglinton East (138),D41,639960.4255,4844520.1286
15774,81322435,,7/28/2019 8:00:00 AM,148,FITZGIBBON AVE,LORD ROBERTS DR,85 m South o,Local,Scarborough,43.740515,-79.261867,At/Near Private Drive,No Control,Clear,"Dark, artificial",Dry,Non-Fatal Injury,SMV Other,Passenger,20 to 24,Major,,,,,,,,,,,,,,,Yes,,,,,Yes,Yes,Yes,,,,138,Eglinton East,138,Eglinton East (138),D41,639960.4255,4844520.1286
15775,81322096,,7/28/2019 8:00:00 AM,1054,ISLINGTON AVE,MILLWICK DR,,Major Arterial,Etobicoke York,43.759955,-79.571773,At Intersection,Traffic Signal,Clear,Daylight,Dry,Fatal,Pedestrian Collisions,Driver,25 to 29,None,,South,"Automobile, Station Wagon",Turning Left,Failed to Yield Right of Way,Inattentive,,,,,,,Yes,,Yes,,,,,,,Yes,,,,21,Humber Summit,21,Humber Summit (21),D31,614968.3,4846202.3513
15776,81322614,,7/28/2019 8:00:00 AM,1054,ISLINGTON AVE,MILLWICK DR,,Major Arterial,Etobicoke York,43.759955,-79.571773,At Intersection,Traffic Signal,Clear,Daylight,Dry,Fatal,Pedestrian Collisions,Pedestrian,70 to 74,Fatal,29,North,,,,,Vehicle turns left while ped crosses with ROW at inter.,Crossing with right of way,Normal,,,,Yes,,Yes,,,,,,,Yes,,,,21,Humber Summit,21,Humber Summit (21),D31,614968.3,4846202.3513
15777,81329846,,7/28/2019 8:00:00 AM,1503,ST CLAIR AVE E,GLENBURN AVE,2 m North of,Major Arterial,Toronto and East York,43.708571,-79.298282,At Intersection,Stop Sign,Clear,Daylight,Dry,Non-Fatal Injury,Angle,Driver,85 to 89,Minimal,,South,"Automobile, Station Wagon",Going Ahead,Failed to Yield Right of Way,Inattentive,,,,,,,,,Yes,Yes,,,,,,Yes,,,,54,O'Connor-Parkview,54,O'Connor-Parkview (54),D55,637100.9862,4840911.4024
15778,81329847,,7/28/2019 8:00:00 AM,1503,ST CLAIR AVE E,GLENBURN AVE,2 m North of,Major Arterial,Toronto and East York,43.708571,-79.298282,At Intersection,Stop Sign,Clear,Daylight,Dry,Non-Fatal Injury,Angle,Motorcycle Driver,55 to 59,Major,,East,Motorcycle,Going Ahead,Driving Properly,Normal,,,,,,,,,Yes,Yes,,,,,,Yes,,,,54,O'Connor-Parkview,54,O'Connor-Parkview (54),D55,637100.9862,4840911.4024
15779,81322216,,7/29/2019 8:00:00 AM,1937,GERRARD ST E,CARLAW AVE,,Minor Arterial,Toronto and East York,43.667624,-79.342769,At Intersection,Traffic Signal,Clear,Daylight,Dry,Non-Fatal Injury,Cyclist Collisions,Cyclist,55 to 59,Major,,East,Bicycle,Going Ahead,,,,,,"Cyclist without ROW rides into path of motorist at inter, lnwy, dwy-Cyclist not turn.",Disobeyed Traffic Control,Inattentive,,Yes,Yes,,,,,Yes,,,,,,70,South Riverdale,70,South Riverdale (70),D55,633607.6812,4836291.0521
15780,81322217,,7/29/2019 8:00:00 AM,1937,GERRARD ST E,CARLAW AVE,,Minor Arterial,Toronto and East York,43.667624,-79.342769,At Intersection,Traffic Signal,Clear,Daylight,Dry,Non-Fatal Injury,Cyclist Collisions,Driver,35 to 39,None,,South,"Automobile, Station Wagon",Going Ahead,Driving Properly,Normal,,,,,,,,Yes,Yes,,,,,Yes,,,,,,70,South Riverdale,70,South Riverdale (70),D55,633607.6812,4836291.0521
15781,81322218,,7/29/2019 8:00:00 AM,1937,GERRARD ST E,CARLAW AVE,,Minor Arterial,Toronto and East York,43.667624,-79.342769,At Intersection,Traffic Signal,Clear,Daylight,Dry,Non-Fatal Injury,Cyclist Collisions,Passenger,15 to 19,None,,,,,,,,,,,,,,Yes,Yes,,,,,Yes,,,,,,70,South Riverdale,70,South Riverdale (70),D55,633607.6812,4836291.0521
15782,81322428,,7/30/2019 8:00:00 AM,39,GERRARD ST W,LA PLANTE AVE,63 m East of,Minor Arterial,Toronto and East York,43.658251,-79.385585,Intersection Related,No Control,Rain,"Dark, artificial",Wet,Non-Fatal Injury,Pedestrian Collisions,Driver,30 to 34,None,,East,"Automobile, Station Wagon",Going Ahead,Failed to Yield Right of Way,"Ability Impaired, Alcohol Over .08",,,,,,,Yes,,Yes,,,,,,,Yes,,Yes,,170,Yonge-Bay Corridor,76,Bay Street Corridor (76),D52,630176.0308,4835181.9883
15783,81322429,,7/30/2019 8:00:00 AM,39,GERRARD ST W,LA PLANTE AVE,63 m East of,Minor Arterial,Toronto and East York,43.658251,-79.385585,Intersection Related,No Control,Rain,"Dark, artificial",Wet,Non-Fatal Injury,Pedestrian Collisions,Pedestrian,50 to 54,Major,,Unknown,,,,,Vehicle is going straight thru inter.while ped cross without ROW,"Crossing, no Traffic Control",Had Been Drinking,,,,Yes,,Yes,,,,,,,Yes,,Yes,,170,Yonge-Bay Corridor,76,Bay Street Corridor (76),D52,630176.0308,4835181.9883
15784,81408935,,7/30/2019 8:00:00 AM,2153,TRETHEWEY DR,BLACK CREEK DR,,Major Arterial,Etobicoke York,43.694541,-79.486064,At Intersection,Traffic Signal,Clear,"Dark, artificial",Dry,Non-Fatal Injury,Pedestrian Collisions,Driver,45 to 49,None,,West,"Automobile, Station Wagon",Turning Right,Driving Properly,Normal,,,,,,,Yes,,Yes,,,,,Yes,,,,,,112,Beechborough-Greenbrook,112,Beechborough-Greenbrook (112),D12,622000.4125,4839059.741
15785,81408936,,7/30/2019 8:00:00 AM,2153,TRETHEWEY DR,BLACK CREEK DR,,Major Arterial,Etobicoke York,43.694541,-79.486064,At Intersection,Traffic Signal,Clear,"Dark, artificial",Dry,Non-Fatal Injury,Pedestrian Collisions,Passenger,5 to 9,None,,,,,,,,,,,,,Yes,,Yes,,,,,Yes,,,,,,112,Beechborough-Greenbrook,112,Beechborough-Greenbrook (112),D12,622000.4125,4839059.741
15786,81408937,,7/30/2019 8:00:00 AM,2153,TRETHEWEY DR,BLACK CREEK DR,,Major Arterial,Etobicoke York,43.694541,-79.486064,At Intersection,Traffic Signal,Clear,"Dark, artificial",Dry,Non-Fatal Injury,Pedestrian Collisions,Pedestrian,45 to 49,Major,,East,,,,,Vehicle turns right while ped crosses without ROW at inter.,Crossing without right of way,Other,,,,Yes,,Yes,,,,,Yes,,,,,,112,Beechborough-Greenbrook,112,Beechborough-Greenbrook (112),D12,622000.4125,4839059.741
15787,81477956,,7/31/2019 8:00:00 AM,1423,F G GARDINER XY  W,GARDINER X W 427 X N RAMP,155 m East o,Expressway,Etobicoke York,43.616381,-79.533878,Non Intersection,No Control,Clear,Daylight,Dry,Non-Fatal Injury,Rear End,Truck Driver,50 to 54,None,,West,Truck - Dump,Slowing or Stopping,Speed too Fast For Condition,Normal,,,,,,,,,Yes,,Yes,,,,Yes,Yes,,,,20,Alderwood,20,Alderwood (20),D22,618300.6662,4830309.8331
15788,81477957,,7/31/2019 8:00:00 AM,1423,F G GARDINER XY  W,GARDINER X W 427 X N RAMP,155 m East o,Expressway,Etobicoke York,43.616381,-79.533878,Non Intersection,No Control,Clear,Daylight,Dry,Non-Fatal Injury,Rear End,Driver,55 to 59,Major,,West,"Automobile, Station Wagon",Slowing or Stopping,Driving Properly,Normal,,,,,,,,,Yes,,Yes,,,,Yes,Yes,,,,20,Alderwood,20,Alderwood (20),D22,618300.6662,4830309.8331
15789,81477958,,7/31/2019 8:00:00 AM,1423,F G GARDINER XY  W,GARDINER X W 427 X N RAMP,155 m East o,Expressway,Etobicoke York,43.616381,-79.533878,Non Intersection,No Control,Clear,Daylight,Dry,Non-Fatal Injury,Rear End,Driver,55 to 59,Major,,West,"Automobile, Station Wagon",Stopped,Driving Properly,Normal,,,,,,,,,Yes,,Yes,,,,Yes,Yes,,,,20,Alderwood,20,Alderwood (20),D22,618300.6662,4830309.8331
15790,81477959,,7/31/2019 8:00:00 AM,1423,F G GARDINER XY  W,GARDINER X W 427 X N RAMP,155 m East o,Expressway,Etobicoke York,43.616381,-79.533878,Non Intersection,No Control,Clear,Daylight,Dry,Non-Fatal Injury,Rear End,Driver,55 to 59,Minimal,,West,Delivery Van,Stopped,Driving Properly,Normal,,,,,,,,,Yes,,Yes,,,,Yes,Yes,,,,20,Alderwood,20,Alderwood (20),D22,618300.6662,4830309.8331
15791,81330172,,7/31/2019 8:00:00 AM,1748,220 DOVERCOURT RD,,,Collector,Toronto and East York,43.647738,-79.424083,Intersection Related,No Control,Clear,Daylight,Dry,Non-Fatal Injury,Cyclist Collisions,Driver,30 to 34,None,,South,Pick Up Truck,Overtaking,Improper Passing,Inattentive,,,,,,,,Yes,Yes,,,,,Yes,,Yes,,,,84,Little Portugal,84,Little Portugal (84),D14,627093.9429,4833954.7027
15792,81330173,,7/31/2019 8:00:00 AM,1748,220 DOVERCOURT RD,,,Collector,Toronto and East York,43.647738,-79.424083,Intersection Related,No Control,Clear,Daylight,Dry,Non-Fatal Injury,Cyclist Collisions,Cyclist,15 to 19,Major,,South,Bicycle,Going Ahead,,,,,,Cyclist and Driver travelling in same direction. One vehicle sideswipes the other.,Driving Properly,Normal,,Yes,Yes,,,,,Yes,,Yes,,,,84,Little Portugal,84,Little Portugal (84),D14,627093.9429,4833954.7027
15793,81330174,,7/31/2019 8:00:00 AM,1748,220 DOVERCOURT RD,,,Collector,Toronto and East York,43.647738,-79.424083,Intersection Related,No Control,Clear,Daylight,Dry,Non-Fatal Injury,Cyclist Collisions,Passenger,25 to 29,None,,,,,,,,,,,,,,Yes,Yes,,,,,Yes,,Yes,,,,84,Little Portugal,84,Little Portugal (84),D14,627093.9429,4833954.7027
15794,81330175,,7/31/2019 8:00:00 AM,1748,220 DOVERCOURT RD,,,Collector,Toronto and East York,43.647738,-79.424083,Intersection Related,No Control,Clear,Daylight,Dry,Non-Fatal Injury,Cyclist Collisions,Passenger,25 to 29,None,,,,,,,,,,,,,,Yes,Yes,,,,,Yes,,Yes,,,,84,Little Portugal,84,Little Portugal (84),D14,627093.9429,4833954.7027
15795,81330483,,7/31/2019 8:00:00 AM,2147,QUEEN ST W,GLADSTONE AVE,51 m East of,Major Arterial,Toronto and East York,43.642573,-79.426486,Non Intersection,No Control,Clear,"Dark, artificial",Dry,Non-Fatal Injury,Pedestrian Collisions,Driver,30 to 34,None,,West,Street Car,Going Ahead,Driving Properly,Normal,,,,,,,Yes,,Yes,,,Yes,,Yes,,,,,,84,Little Portugal,84,Little Portugal (84),D14,626911.0207,4833377.3855
15796,81330484,,7/31/2019 8:00:00 AM,2147,QUEEN ST W,GLADSTONE AVE,51 m East of,Major Arterial,Toronto and East York,43.642573,-79.426486,Non Intersection,No Control,Clear,"Dark, artificial",Dry,Non-Fatal Injury,Pedestrian Collisions,Driver - Not Hit,30 to 34,None,,East,"Automobile, Station Wagon",,,,,,,,,,Yes,,Yes,,,Yes,,Yes,,,,,,84,Little Portugal,84,Little Portugal (84),D14,626911.0207,4833377.3855
15797,81330485,,7/31/2019 8:00:00 AM,2147,QUEEN ST W,GLADSTONE AVE,51 m East of,Major Arterial,Toronto and East York,43.642573,-79.426486,Non Intersection,No Control,Clear,"Dark, artificial",Dry,Non-Fatal Injury,Pedestrian Collisions,Passenger,30 to 34,None,,,,,,,,,,,,,Yes,,Yes,,,Yes,,Yes,,,,,,84,Little Portugal,84,Little Portugal (84),D14,626911.0207,4833377.3855
15798,81330486,,7/31/2019 8:00:00 AM,2147,QUEEN ST W,GLADSTONE AVE,51 m East of,Major Arterial,Toronto and East York,43.642573,-79.426486,Non Intersection,No Control,Clear,"Dark, artificial",Dry,Non-Fatal Injury,Pedestrian Collisions,Pedestrian,35 to 39,Major,,North,,,,,Pedestrian involved in a collision with transit vehicle anywhere along roadway,"Crossing, no Traffic Control","Ability Impaired, Alcohol Over .80",,,,Yes,,Yes,,,Yes,,Yes,,,,,,84,Little Portugal,84,Little Portugal (84),D14,626911.0207,4833377.3855
15799,81322615,,8/2/2019 8:00:00 AM,2237,ISLINGTON AVE,BEAUMONDE HEIGHTS DR,,Major Arterial,Etobicoke York,43.742396,-79.567699,At Intersection,Traffic Signal,Clear,Dark,Dry,Fatal,Turning Movement,Driver,65 to 69,None,,North,Passenger Van,Turning Left,Failed to Yield Right of Way,Unknown,,,,,,,,,Yes,Yes,,,,,,Yes,,,,3,Thistletown-Beaumond Heights,3,Thistletown-Beaumond Heights (3),D23,615329.9678,4844257.8332