OBJECTID,INDEX,ACCNUM,DATE,TIME,STREET1,STREET2,OFFSET,ROAD_CLASS,DISTRICT,LATITUDE,LONGITUDE,ACCLOC,TRAFFCTL,VISIBILITY,LIGHT,RDSFCOND,ACCLASS,IMPACTYPE,INVTYPE,INVAGE,INJURY,FATAL_NO,INITDIR,VEHTYPE,MANOEUVER,DRIVACT,DRIVCOND,PEDTYPE,PEDACT,PEDCOND,CYCLISTYPE,CYCACT,CYCCOND,PEDESTRIAN,CYCLIST,AUTOMOBILE,MOTORCYCLE,TRUCK,TRSN_CITY_VEH,EMERG_VEH,PASSENGER,SPEEDING,AG_DRIV,REDLIGHT,ALCOHOL,DISABILITY,HOOD_158,NEIGHBOURHOOD_158,HOOD_140,NEIGHBOURHOOD_140,DIVISION,x,y
15800,81322616,,8/2/2019 8:00:00 AM,2237,ISLINGTON AVE,BEAUMONDE HEIGHTS DR,,Major Arterial,Etobicoke York,43.742396,-79.567699,At Intersection,Traffic Signal,Clear,Dark,Dry,Fatal,Turning Movement,Motorcycle Driver,25 to 29,Fatal,30,South,Motorcycle,Going Ahead,Driving Properly,Unknown,,,,,,,,,Yes,Yes,,,,,,Yes,,,,3,Thistletown-Beaumond Heights,3,Thistletown-Beaumond Heights (3),D23,615329.9678,4844257.8332
15801,81580253,,8/3/2019 8:00:00 AM,917,WARDEN AVE,SYLLA AVE,,Major Arterial,Scarborough,43.763796,-79.301395,At Intersection,No Control,Clear,Daylight,Dry,Fatal,SMV Other,Driver,55 to 59,Fatal,31,North,"Automobile, Station Wagon",Going Ahead,Lost control,Unknown,,,,,,,,,Yes,,,,,,,,,,,119,Wexford/Maryvale,119,Wexford/Maryvale (119),D41,636724.4328,4847039.8153
15802,81330070,,8/3/2019 8:00:00 AM,1435,LAWRENCE AVE W,PIMLICO RD,,Major Arterial,Etobicoke York,43.707465,-79.482394,At Intersection,Traffic Signal,Clear,Daylight,Dry,Non-Fatal Injury,SMV Other,Motorcycle Driver,25 to 29,Major,,East,Motorcycle,Going Ahead,Lost control,Normal,,,,,,,,,,Yes,,,,,,,,,,30,Brookhaven-Amesbury,30,Brookhaven-Amesbury (30),D12,622269.8881,4840500.5355
15803,81330557,,8/3/2019 8:00:00 AM,1435,2929 DUFFERIN ST,,20 m North o,Major Arterial,North York,43.708998,-79.453655,At/Near Private Drive,No Control,Clear,"Daylight, artificial",Dry,Non-Fatal Injury,Cyclist Collisions,Cyclist,35 to 39,Major,,West,Bicycle,Unknown,,,,,,"Cyclist without ROW rides into path of motorist at inter, lnwy, dwy-Cyclist not turn.",Other,Unknown,,Yes,Yes,,,,,,,,,,,31,Yorkdale-Glen Park,31,Yorkdale-Glen Park (31),D13,624582.1649,4840713.5856
15804,81330558,,8/3/2019 8:00:00 AM,1435,2929 DUFFERIN ST,,20 m North o,Major Arterial,North York,43.708998,-79.453655,At/Near Private Drive,No Control,Clear,"Daylight, artificial",Dry,Non-Fatal Injury,Cyclist Collisions,Driver,45 to 49,Minimal,,North,"Automobile, Station Wagon",Going Ahead,Driving Properly,Normal,,,,,,,,Yes,Yes,,,,,,,,,,,31,Yorkdale-Glen Park,31,Yorkdale-Glen Park (31),D13,624582.1649,4840713.5856
15805,81449397,,8/3/2019 8:00:00 AM,1500,55 KING ST W,,100 m West o,Major Arterial,Toronto and East York,43.64836,-79.381206,Non Intersection,No Control,Clear,Daylight,Dry,Non-Fatal Injury,Pedestrian Collisions,Driver,25 to 29,Minor,,East,"Automobile, Station Wagon",Going Ahead,Other,Unknown,,,,,,,Yes,,Yes,,,,,,,,,,,170,Yonge-Bay Corridor,76,Bay Street Corridor (76),D52,630550.5592,4834090.3421
15806,81449398,,8/3/2019 8:00:00 AM,1500,55 KING ST W,,100 m West o,Major Arterial,Toronto and East York,43.64836,-79.381206,Non Intersection,No Control,Clear,Daylight,Dry,Non-Fatal Injury,Pedestrian Collisions,Pedestrian,15 to 19,Major,,Unknown,,,,,Pedestrian hit on sidewalk or shoulder,On Sidewalk or Shoulder,Normal,,,,Yes,,Yes,,,,,,,,,,,170,Yonge-Bay Corridor,76,Bay Street Corridor (76),D52,630550.5592,4834090.3421
15807,81449399,,8/3/2019 8:00:00 AM,1500,55 KING ST W,,100 m West o,Major Arterial,Toronto and East York,43.64836,-79.381206,Non Intersection,No Control,Clear,Daylight,Dry,Non-Fatal Injury,Pedestrian Collisions,Pedestrian,15 to 19,Minor,,Unknown,,,,,Pedestrian hit on sidewalk or shoulder,On Sidewalk or Shoulder,Unknown,,,,Yes,,Yes,,,,,,,,,,,170,Yonge-Bay Corridor,76,Bay Street Corridor (76),D52,630550.5592,4834090.3421
15808,81449400,,8/3/2019 8:00:00 AM,1500,55 KING ST W,,100 m West o,Major Arterial,Toronto and East York,43.64836,-79.381206,Non Intersection,No Control,Clear,Daylight,Dry,Non-Fatal Injury,Pedestrian Collisions,Pedestrian,15 to 19,Minimal,,Unknown,,,,,Pedestrian hit on sidewalk or shoulder,On Sidewalk or Shoulder,Normal,,,,Yes,,Yes,,,,,,,,,,,170,Yonge-Bay Corridor,76,Bay Street Corridor (76),D52,630550.5592,4834090.3421
15809,81329707,,8/3/2019 8:00:00 AM,2027,WINDERMERE AVE,THE QUEENSWAY,,Major Arterial,Etobicoke York,43.637137,-79.469875,At Intersection,Traffic Signal,Clear,"Dark, artificial",Dry,Non-Fatal Injury,Turning Movement,Driver,20 to 24,None,,North,"Automobile, Station Wagon",Turning Left,Improper Turn,Normal,,,,,,,,,Yes,Yes,,,,Yes,Yes,Yes,,,,87,High Park-Swansea,87,High Park-Swansea (87),D11,623422.5983,4832708.2174
15810,81329708,,8/3/2019 8:00:00 AM,2027,WINDERMERE AVE,THE QUEENSWAY,,Major Arterial,Etobicoke York,43.637137,-79.469875,At Intersection,Traffic Signal,Clear,"Dark, artificial",Dry,Non-Fatal Injury,Turning Movement,Motorcycle Driver,15 to 19,Major,,South,Motorcycle,Going Ahead,Driving Properly,Normal,,,,,,,,,Yes,Yes,,,,Yes,Yes,Yes,,,,87,High Park-Swansea,87,High Park-Swansea (87),D11,623422.5983,4832708.2174
15811,81329709,,8/3/2019 8:00:00 AM,2027,WINDERMERE AVE,THE QUEENSWAY,,Major Arterial,Etobicoke York,43.637137,-79.469875,At Intersection,Traffic Signal,Clear,"Dark, artificial",Dry,Non-Fatal Injury,Turning Movement,Motorcycle Passenger,15 to 19,Major,,,,,,,,,,,,,,,Yes,Yes,,,,Yes,Yes,Yes,,,,87,High Park-Swansea,87,High Park-Swansea (87),D11,623422.5983,4832708.2174
15812,81332612,,8/4/2019 8:00:00 AM,257,BATHURST ST,HERRICK ST,233 m South ,Major Arterial,Toronto and East York,43.662955,-79.410365,Non Intersection,No Control,Clear,Daylight,Dry,Non-Fatal Injury,Pedestrian Collisions,Driver,20 to 24,None,,North,"Automobile, Station Wagon",Going Ahead,Lost control,Normal,,,,,,,Yes,,Yes,,,,,,,,,,,80,Palmerston-Little Italy,80,Palmerston-Little Italy (80),D14,628167.9012,4835665.8504
15813,81332613,,8/4/2019 8:00:00 AM,257,BATHURST ST,HERRICK ST,233 m South ,Major Arterial,Toronto and East York,43.662955,-79.410365,Non Intersection,No Control,Clear,Daylight,Dry,Non-Fatal Injury,Pedestrian Collisions,Driver,30 to 34,Minimal,,North,"Automobile, Station Wagon",Going Ahead,Driving Properly,Normal,,,,,,,Yes,,Yes,,,,,,,,,,,80,Palmerston-Little Italy,80,Palmerston-Little Italy (80),D14,628167.9012,4835665.8504
15814,81332614,,8/4/2019 8:00:00 AM,257,BATHURST ST,HERRICK ST,233 m South ,Major Arterial,Toronto and East York,43.662955,-79.410365,Non Intersection,No Control,Clear,Daylight,Dry,Non-Fatal Injury,Pedestrian Collisions,Pedestrian,25 to 29,Major,,Unknown,,,,,Pedestrian hit on sidewalk or shoulder,On Sidewalk or Shoulder,Normal,,,,Yes,,Yes,,,,,,,,,,,80,Palmerston-Little Italy,80,Palmerston-Little Italy (80),D14,628167.9012,4835665.8504
15815,81329639,,8/5/2019 8:00:00 AM,41,PARLIAMENT ST,SHUTER ST,,Minor Arterial,Toronto and East York,43.656871,-79.364963,At Intersection,Traffic Signal,Clear,"Dark, artificial",Dry,Non-Fatal Injury,Angle,Driver,25 to 29,Minimal,,West,"Automobile, Station Wagon",Going Ahead,Disobeyed Traffic Control,Unknown,,,,,,,,,Yes,,,,,Yes,Yes,Yes,Yes,,,72,Regent Park,72,Regent Park (72),D51,631841.8942,4835061.282
15816,81329640,,8/5/2019 8:00:00 AM,41,PARLIAMENT ST,SHUTER ST,,Minor Arterial,Toronto and East York,43.656871,-79.364963,At Intersection,Traffic Signal,Clear,"Dark, artificial",Dry,Non-Fatal Injury,Angle,Driver,20 to 24,Minor,,North,"Automobile, Station Wagon",Going Ahead,Driving Properly,Normal,,,,,,,,,Yes,,,,,Yes,Yes,Yes,Yes,,,72,Regent Park,72,Regent Park (72),D51,631841.8942,4835061.282
15817,81329641,,8/5/2019 8:00:00 AM,41,PARLIAMENT ST,SHUTER ST,,Minor Arterial,Toronto and East York,43.656871,-79.364963,At Intersection,Traffic Signal,Clear,"Dark, artificial",Dry,Non-Fatal Injury,Angle,Passenger,20 to 24,Minor,,,,,,,,,,,,,,,Yes,,,,,Yes,Yes,Yes,Yes,,,72,Regent Park,72,Regent Park (72),D51,631841.8942,4835061.282
15818,81329642,,8/5/2019 8:00:00 AM,41,PARLIAMENT ST,SHUTER ST,,Minor Arterial,Toronto and East York,43.656871,-79.364963,At Intersection,Traffic Signal,Clear,"Dark, artificial",Dry,Non-Fatal Injury,Angle,Passenger,20 to 24,Major,,,,,,,,,,,,,,,Yes,,,,,Yes,Yes,Yes,Yes,,,72,Regent Park,72,Regent Park (72),D51,631841.8942,4835061.282
15819,81329643,,8/5/2019 8:00:00 AM,41,PARLIAMENT ST,SHUTER ST,,Minor Arterial,Toronto and East York,43.656871,-79.364963,At Intersection,Traffic Signal,Clear,"Dark, artificial",Dry,Non-Fatal Injury,Angle,Other,unknown,,,,,,,,,,,,,,,,Yes,,,,,Yes,Yes,Yes,Yes,,,72,Regent Park,72,Regent Park (72),D51,631841.8942,4835061.282
15820,81322617,,8/5/2019 8:00:00 AM,1645,STEELES AVE E,BLUFFWOOD DR,,Major Arterial,North York,43.807639,-79.376056,At Intersection,Traffic Signal,Clear,Daylight,Dry,Fatal,Turning Movement,Driver,40 to 44,Minimal,,East,"Automobile, Station Wagon",Turning Left,Failed to Yield Right of Way,Normal,,,,,,,,,Yes,Yes,,,,,Yes,Yes,,,,49,Bayview Woods-Steeles,49,Bayview Woods-Steeles (49),D33,630619.2179,4851788.7029
15821,81329538,,8/5/2019 8:00:00 AM,1645,STEELES AVE E,BLUFFWOOD DR,,Major Arterial,North York,43.807639,-79.376056,At Intersection,Traffic Signal,Clear,Daylight,Dry,Fatal,Turning Movement,Motorcycle Driver,25 to 29,Fatal,32,West,Motorcycle,Going Ahead,Exceeding Speed Limit,Unknown,,,,,,,,,Yes,Yes,,,,,Yes,Yes,,,,49,Bayview Woods-Steeles,49,Bayview Woods-Steeles (49),D33,630619.2179,4851788.7029
15822,81329876,,8/5/2019 8:00:00 AM,2220,VICTORIA PARK AVE,CURLEW DR,81 m South o,Major Arterial,Scarborough,43.747023,-79.311496,Non Intersection,No Control,Clear,"Dark, artificial",Dry,Non-Fatal Injury,Rear End,Motorcycle Driver,20 to 24,Major,,North,Motorcycle,Going Ahead,Lost control,Normal,,,,,,,,,Yes,Yes,,,,,Yes,Yes,,,,119,Wexford/Maryvale,119,Wexford/Maryvale (119),D41,635949.3509,4845160.2913
15823,81329877,,8/5/2019 8:00:00 AM,2220,VICTORIA PARK AVE,CURLEW DR,81 m South o,Major Arterial,Scarborough,43.747023,-79.311496,Non Intersection,No Control,Clear,"Dark, artificial",Dry,Non-Fatal Injury,Rear End,Driver,25 to 29,None,,North,"Automobile, Station Wagon",Going Ahead,Driving Properly,Normal,,,,,,,,,Yes,Yes,,,,,Yes,Yes,,,,119,Wexford/Maryvale,119,Wexford/Maryvale (119),D41,635949.3509,4845160.2913
15824,81322618,,8/9/2019 8:00:00 AM,945,31  FINCH AVE E,,,Major Arterial,North York,43.780196,-79.413219,Non Intersection,No Control,Clear,Daylight,Dry,Fatal,Pedestrian Collisions,Pedestrian,65 to 69,Fatal,33,East,,,,,Pedestrian hit on sidewalk or shoulder,On Sidewalk or Shoulder,Normal,,,,Yes,,Yes,,,,,,,,,,,151,Yonge-Doris,51,Willowdale East (51),D32,627688.4816,4848682.7368
15825,81330297,,8/9/2019 8:00:00 AM,945,31  FINCH AVE E,,,Major Arterial,North York,43.780196,-79.413219,Non Intersection,No Control,Clear,Daylight,Dry,Fatal,Pedestrian Collisions,Driver,35 to 39,Minor,,East,"Automobile, Station Wagon",Going Ahead,Lost control,Unknown,,,,,,,Yes,,Yes,,,,,,,,,,,151,Yonge-Doris,51,Willowdale East (51),D32,627688.4816,4848682.7368
15826,81331694,,8/11/2019 8:00:00 AM,1505,JANE ST,BEVERLY HILLS DR,,Major Arterial,Etobicoke York,43.719008,-79.508113,Intersection Related,Traffic Signal,Clear,Daylight,Dry,Non-Fatal Injury,Turning Movement,Driver,25 to 29,None,,South,Passenger Van,Turning Left,Improper Turn,Inattentive,,,,,,,,,Yes,,,,,Yes,,,,,,154,Oakdale-Beverley Heights,26,Downsview-Roding-CFB (26),D31,620174.6793,4841744.9349
15827,81331695,,8/11/2019 8:00:00 AM,1505,JANE ST,BEVERLY HILLS DR,,Major Arterial,Etobicoke York,43.719008,-79.508113,Intersection Related,Traffic Signal,Clear,Daylight,Dry,Non-Fatal Injury,Turning Movement,Driver,25 to 29,None,,North,"Automobile, Station Wagon",Going Ahead,Driving Properly,Normal,,,,,,,,,Yes,,,,,Yes,,,,,,154,Oakdale-Beverley Heights,26,Downsview-Roding-CFB (26),D31,620174.6793,4841744.9349
15828,81331696,,8/11/2019 8:00:00 AM,1505,JANE ST,BEVERLY HILLS DR,,Major Arterial,Etobicoke York,43.719008,-79.508113,Intersection Related,Traffic Signal,Clear,Daylight,Dry,Non-Fatal Injury,Turning Movement,Driver,40 to 44,None,,South,Passenger Van,Stopped,Driving Properly,Normal,,,,,,,,,Yes,,,,,Yes,,,,,,154,Oakdale-Beverley Heights,26,Downsview-Roding-CFB (26),D31,620174.6793,4841744.9349
15829,81331697,,8/11/2019 8:00:00 AM,1505,JANE ST,BEVERLY HILLS DR,,Major Arterial,Etobicoke York,43.719008,-79.508113,Intersection Related,Traffic Signal,Clear,Daylight,Dry,Non-Fatal Injury,Turning Movement,Passenger,25 to 29,Major,,,,,,,,,,,,,,,Yes,,,,,Yes,,,,,,154,Oakdale-Beverley Heights,26,Downsview-Roding-CFB (26),D31,620174.6793,4841744.9349
15830,81331698,,8/11/2019 8:00:00 AM,1505,JANE ST,BEVERLY HILLS DR,,Major Arterial,Etobicoke York,43.719008,-79.508113,Intersection Related,Traffic Signal,Clear,Daylight,Dry,Non-Fatal Injury,Turning Movement,Passenger,unknown,None,,,,,,,,,,,,,,,Yes,,,,,Yes,,,,,,154,Oakdale-Beverley Heights,26,Downsview-Roding-CFB (26),D31,620174.6793,4841744.9349
15831,81331699,,8/11/2019 8:00:00 AM,1505,JANE ST,BEVERLY HILLS DR,,Major Arterial,Etobicoke York,43.719008,-79.508113,Intersection Related,Traffic Signal,Clear,Daylight,Dry,Non-Fatal Injury,Turning Movement,Passenger,5 to 9,None,,,,,,,,,,,,,,,Yes,,,,,Yes,,,,,,154,Oakdale-Beverley Heights,26,Downsview-Roding-CFB (26),D31,620174.6793,4841744.9349
15832,81330386,,8/12/2019 8:00:00 AM,1044,RICHMOND ST W,UNIVERSITY AVE,,Major Arterial,Scarborough,43.650012,-79.386249,At Intersection,Traffic Signal,Clear,Daylight,Dry,Non-Fatal Injury,Cyclist Collisions,Driver,20 to 24,None,,West,Delivery Van,Turning Right,Failed to Yield Right of Way,Inattentive,,,,,,,,Yes,Yes,,,,,,,Yes,,,,170,Yonge-Bay Corridor,76,Bay Street Corridor (76),D52,630140.2852,4834265.8973
15833,81330387,,8/12/2019 8:00:00 AM,1044,RICHMOND ST W,UNIVERSITY AVE,,Major Arterial,Scarborough,43.650012,-79.386249,At Intersection,Traffic Signal,Clear,Daylight,Dry,Non-Fatal Injury,Cyclist Collisions,Cyclist,45 to 49,Major,,West,Bicycle,Going Ahead,,,,,,Motorist turning right on green or amber at signalized intersection strikes cyclist.,Driving Properly,Normal,,Yes,Yes,,,,,,,Yes,,,,170,Yonge-Bay Corridor,76,Bay Street Corridor (76),D52,630140.2852,4834265.8973
15834,81330295,,8/13/2019 8:00:00 AM,1329,STEELES  AVE E,MCCOWAN  RD,,Major Arterial,Scarborough,43.830973,-79.275157,At Intersection,Traffic Signal,Clear,Daylight,Dry,Fatal,Turning Movement,Motorcycle Driver,40 to 44,Fatal,34,East,Motorcycle,Going Ahead,Driving Properly,Normal,,,,,,,,,Yes,Yes,,,,,,Yes,,,,130,Milliken,130,Milliken (130),D42,638680.9087,4854544.5527
15835,81330298,,8/13/2019 8:00:00 AM,1329,STEELES  AVE E,MCCOWAN  RD,,Major Arterial,Scarborough,43.830973,-79.275157,At Intersection,Traffic Signal,Clear,Daylight,Dry,Fatal,Turning Movement,Driver,35 to 39,None,,West,"Automobile, Station Wagon",Turning Left,Failed to Yield Right of Way,Inattentive,,,,,,,,,Yes,Yes,,,,,,Yes,,,,130,Milliken,130,Milliken (130),D42,638680.9087,4854544.5527
15836,81511578,,8/13/2019 8:00:00 AM,1748,QUEEN ST E,VICTORIA PARK AVE,,Minor Arterial,Toronto and East York,43.674201,-79.28017,At Intersection,No Control,Clear,Daylight,Dry,Non-Fatal Injury,Cyclist Collisions,Driver,80 to 84,Minimal,,East,"Automobile, Station Wagon",Turning Left,Disobeyed Traffic Control,Inattentive,,,,,,,,Yes,Yes,,,,,Yes,,Yes,,,,122,Birchcliffe-Cliffside,122,Birchcliffe-Cliffside (122),D41,638639.3927,4837124.2444
15837,81511579,,8/13/2019 8:00:00 AM,1748,QUEEN ST E,VICTORIA PARK AVE,,Minor Arterial,Toronto and East York,43.674201,-79.28017,At Intersection,No Control,Clear,Daylight,Dry,Non-Fatal Injury,Cyclist Collisions,Cyclist,45 to 49,Major,,West,Bicycle,Going Ahead,,,,,,Motorist turned left across cyclists path.,Driving Properly,Normal,,Yes,Yes,,,,,Yes,,Yes,,,,122,Birchcliffe-Cliffside,122,Birchcliffe-Cliffside (122),D41,638639.3927,4837124.2444
15838,81511580,,8/13/2019 8:00:00 AM,1748,QUEEN ST E,VICTORIA PARK AVE,,Minor Arterial,Toronto and East York,43.674201,-79.28017,At Intersection,No Control,Clear,Daylight,Dry,Non-Fatal Injury,Cyclist Collisions,Passenger,80 to 84,None,,,,,,,,,,,,,,Yes,Yes,,,,,Yes,,Yes,,,,122,Birchcliffe-Cliffside,122,Birchcliffe-Cliffside (122),D41,638639.3927,4837124.2444
15839,81511581,,8/13/2019 8:00:00 AM,1748,QUEEN ST E,VICTORIA PARK AVE,,Minor Arterial,Toronto and East York,43.674201,-79.28017,At Intersection,No Control,Clear,Daylight,Dry,Non-Fatal Injury,Cyclist Collisions,Passenger,65 to 69,None,,,,,,,,,,,,,,Yes,Yes,,,,,Yes,,Yes,,,,122,Birchcliffe-Cliffside,122,Birchcliffe-Cliffside (122),D41,638639.3927,4837124.2444
15840,81511582,,8/13/2019 8:00:00 AM,1748,QUEEN ST E,VICTORIA PARK AVE,,Minor Arterial,Toronto and East York,43.674201,-79.28017,At Intersection,No Control,Clear,Daylight,Dry,Non-Fatal Injury,Cyclist Collisions,Passenger,60 to 64,None,,,,,,,,,,,,,,Yes,Yes,,,,,Yes,,Yes,,,,122,Birchcliffe-Cliffside,122,Birchcliffe-Cliffside (122),D41,638639.3927,4837124.2444
15841,81330442,,8/14/2019 8:00:00 AM,1149,DUFFERIN ST,TYCOS DR,7 m West of,Major Arterial,North York,43.705699,-79.452884,At Intersection,Stop Sign,Clear,Daylight,Dry,Non-Fatal Injury,Turning Movement,Driver,25 to 29,None,,East,"Automobile, Station Wagon",Turning Left,Failed to Yield Right of Way,Normal,,,,,,,,,Yes,Yes,,,,Yes,,Yes,,,,31,Yorkdale-Glen Park,31,Yorkdale-Glen Park (31),D13,624651.1195,4840348.3446
15842,81330443,,8/14/2019 8:00:00 AM,1149,DUFFERIN ST,TYCOS DR,7 m West of,Major Arterial,North York,43.705699,-79.452884,At Intersection,Stop Sign,Clear,Daylight,Dry,Non-Fatal Injury,Turning Movement,Motorcycle Driver,25 to 29,Major,,South,Motorcycle,Going Ahead,Driving Properly,Normal,,,,,,,,,Yes,Yes,,,,Yes,,Yes,,,,31,Yorkdale-Glen Park,31,Yorkdale-Glen Park (31),D13,624651.1195,4840348.3446
15843,81330444,,8/14/2019 8:00:00 AM,1149,DUFFERIN ST,TYCOS DR,7 m West of,Major Arterial,North York,43.705699,-79.452884,At Intersection,Stop Sign,Clear,Daylight,Dry,Non-Fatal Injury,Turning Movement,Motorcycle Passenger,20 to 24,None,,,,,,,,,,,,,,,Yes,Yes,,,,Yes,,Yes,,,,31,Yorkdale-Glen Park,31,Yorkdale-Glen Park (31),D13,624651.1195,4840348.3446
15844,81330936,,8/15/2019 8:00:00 AM,648,QUEEN ST W,ST PATRICK ST,7 m North of,Major Arterial,Toronto and East York,43.650347,-79.388606,At Intersection,Traffic Signal,Clear,Daylight,Dry,Non-Fatal Injury,Pedestrian Collisions,Driver,30 to 34,None,,East,"Automobile, Station Wagon",Going Ahead,Disobeyed Traffic Control,Normal,,,,,,,Yes,,Yes,,,,,Yes,,Yes,Yes,,,164,Wellington Place,77,Waterfront Communities-The Island (77),D52,629949.4814,4834299.4097
15845,81330937,,8/15/2019 8:00:00 AM,648,QUEEN ST W,ST PATRICK ST,7 m North of,Major Arterial,Toronto and East York,43.650347,-79.388606,At Intersection,Traffic Signal,Clear,Daylight,Dry,Non-Fatal Injury,Pedestrian Collisions,Passenger,0 to 4,None,,,,,,,,,,,,,Yes,,Yes,,,,,Yes,,Yes,Yes,,,164,Wellington Place,77,Waterfront Communities-The Island (77),D52,629949.4814,4834299.4097
15846,81330938,,8/15/2019 8:00:00 AM,648,QUEEN ST W,ST PATRICK ST,7 m North of,Major Arterial,Toronto and East York,43.650347,-79.388606,At Intersection,Traffic Signal,Clear,Daylight,Dry,Non-Fatal Injury,Pedestrian Collisions,Pedestrian,60 to 64,Major,,North,,,,,Vehicle is going straight thru inter.while ped cross with ROW,Crossing with right of way,Normal,,,,Yes,,Yes,,,,,Yes,,Yes,Yes,,,164,Wellington Place,77,Waterfront Communities-The Island (77),D52,629949.4814,4834299.4097
15847,81331535,,8/17/2019 8:00:00 AM,1235,GODSTONE RD,FAIRVIEW MALL DR,,Minor Arterial,North York,43.779563,-79.345691,At Intersection,Traffic Signal,Clear,Daylight,Dry,Non-Fatal Injury,Pedestrian Collisions,Driver,75 to 79,None,,South,"Automobile, Station Wagon",Going Ahead,Lost control,Inattentive,,,,,,,Yes,,Yes,,,,,,,,,,,47,Don Valley Village,47,Don Valley Village (47),D33,633123.9262,4848718.8017
15848,81331536,,8/17/2019 8:00:00 AM,1235,GODSTONE RD,FAIRVIEW MALL DR,,Minor Arterial,North York,43.779563,-79.345691,At Intersection,Traffic Signal,Clear,Daylight,Dry,Non-Fatal Injury,Pedestrian Collisions,Pedestrian,75 to 79,Major,,Unknown,,,,,Pedestrian hit on sidewalk or shoulder,On Sidewalk or Shoulder,Normal,,,,Yes,,Yes,,,,,,,,,,,47,Don Valley Village,47,Don Valley Village (47),D33,633123.9262,4848718.8017
15849,81331537,,8/17/2019 8:00:00 AM,1235,GODSTONE RD,FAIRVIEW MALL DR,,Minor Arterial,North York,43.779563,-79.345691,At Intersection,Traffic Signal,Clear,Daylight,Dry,Non-Fatal Injury,Pedestrian Collisions,Pedestrian,70 to 74,Minor,,Unknown,,,,,Pedestrian hit on sidewalk or shoulder,On Sidewalk or Shoulder,Normal,,,,Yes,,Yes,,,,,,,,,,,47,Don Valley Village,47,Don Valley Village (47),D33,633123.9262,4848718.8017
15850,81332392,,8/17/2019 8:00:00 AM,2305,FINCH AVE E,MCCOWAN RD,,Major Arterial,Scarborough,43.807955,-79.266467,At Intersection,Traffic Signal,Clear,"Dark, artificial",Dry,Non-Fatal Injury,Pedestrian Collisions,Driver,25 to 29,None,,West,"Automobile, Station Wagon",Going Ahead,Driving Properly,Normal,,,,,,,Yes,,Yes,,,,,,,,,,,129,Agincourt North,129,Agincourt North (129),D42,639433.1825,4852002.6334
15851,81332393,,8/17/2019 8:00:00 AM,2305,FINCH AVE E,MCCOWAN RD,,Major Arterial,Scarborough,43.807955,-79.266467,At Intersection,Traffic Signal,Clear,"Dark, artificial",Dry,Non-Fatal Injury,Pedestrian Collisions,Pedestrian,35 to 39,Major,,North,,,,,Vehicle is going straight thru inter.while ped cross without ROW,Crossing without right of way,Had Been Drinking,,,,Yes,,Yes,,,,,,,,,,,129,Agincourt North,129,Agincourt North (129),D42,639433.1825,4852002.6334
15852,81330761,,8/19/2019 8:00:00 AM,1730,KINGSTON RD,HAIG AVE,3 m West of,Major Arterial,Scarborough,43.687167,-79.271663,At Intersection,No Control,Clear,Daylight,Dry,Non-Fatal Injury,Sideswipe,Motorcycle Driver,25 to 29,Major,,West,Motorcycle,Changing Lanes,Improper Lane Change,Inattentive,,,,,,,,,Yes,Yes,,,,,,,,,,122,Birchcliffe-Cliffside,122,Birchcliffe-Cliffside (122),D41,639295.1595,4838578.5541
15853,81330762,,8/19/2019 8:00:00 AM,1730,KINGSTON RD,HAIG AVE,3 m West of,Major Arterial,Scarborough,43.687167,-79.271663,At Intersection,No Control,Clear,Daylight,Dry,Non-Fatal Injury,Sideswipe,Driver,35 to 39,None,,West,"Automobile, Station Wagon",Going Ahead,Driving Properly,Normal,,,,,,,,,Yes,Yes,,,,,,,,,,122,Birchcliffe-Cliffside,122,Birchcliffe-Cliffside (122),D41,639295.1595,4838578.5541
15854,81331275,,8/19/2019 8:00:00 AM,2118,MARKHAM RD,NASHDENE RD,300 m South ,Major Arterial,Scarborough,43.817473,-79.24496,Non Intersection,No Control,Clear,"Dark, artificial",Dry,Non-Fatal Injury,Rear End,Motorcycle Driver,20 to 24,Major,,South,Motorcycle,Overtaking,Speed too Fast For Condition,Unknown,,,,,,,,,Yes,Yes,,,,Yes,Yes,Yes,,,,144,Morningside Heights,131,Rouge (131),D42,641140.6489,4853096.2306
15855,81331276,,8/19/2019 8:00:00 AM,2118,MARKHAM RD,NASHDENE RD,300 m South ,Major Arterial,Scarborough,43.817473,-79.24496,Non Intersection,No Control,Clear,"Dark, artificial",Dry,Non-Fatal Injury,Rear End,Driver,25 to 29,None,,South,"Automobile, Station Wagon",Going Ahead,Driving Properly,Normal,,,,,,,,,Yes,Yes,,,,Yes,Yes,Yes,,,,144,Morningside Heights,131,Rouge (131),D42,641140.6489,4853096.2306
15856,81331277,,8/19/2019 8:00:00 AM,2118,MARKHAM RD,NASHDENE RD,300 m South ,Major Arterial,Scarborough,43.817473,-79.24496,Non Intersection,No Control,Clear,"Dark, artificial",Dry,Non-Fatal Injury,Rear End,Motorcycle Passenger,20 to 24,Major,,,,,,,,,,,,,,,Yes,Yes,,,,Yes,Yes,Yes,,,,144,Morningside Heights,131,Rouge (131),D42,641140.6489,4853096.2306
15857,81330335,,8/20/2019 8:00:00 AM,1515,SHEPPARD AVE E,MARKHAM RD,,Major Arterial,Scarborough,43.793795,-79.238719,At Intersection,Traffic Signal,Clear,Daylight,Dry,Non-Fatal Injury,Pedestrian Collisions,Driver,25 to 29,None,,East,"Automobile, Station Wagon",Turning Left,Failed to Yield Right of Way,Inattentive,,,,,,,Yes,,Yes,,,,,,,Yes,,,,146,Malvern East,132,Malvern (132),D42,641698.5341,4850477.0705