OBJECTID,INDEX,ACCNUM,DATE,TIME,STREET1,STREET2,OFFSET,ROAD_CLASS,DISTRICT,LATITUDE,LONGITUDE,ACCLOC,TRAFFCTL,VISIBILITY,LIGHT,RDSFCOND,ACCLASS,IMPACTYPE,INVTYPE,INVAGE,INJURY,FATAL_NO,INITDIR,VEHTYPE,MANOEUVER,DRIVACT,DRIVCOND,PEDTYPE,PEDACT,PEDCOND,CYCLISTYPE,CYCACT,CYCCOND,PEDESTRIAN,CYCLIST,AUTOMOBILE,MOTORCYCLE,TRUCK,TRSN_CITY_VEH,EMERG_VEH,PASSENGER,SPEEDING,AG_DRIV,REDLIGHT,ALCOHOL,DISABILITY,HOOD_158,NEIGHBOURHOOD_158,HOOD_140,NEIGHBOURHOOD_140,DIVISION,x,y
15914,81330781,,9/6/2019 8:00:00 AM,1617,DIXON RD,ISLINGTON AVE,,Major Arterial,Etobicoke York,43.696955,-79.546672,At Intersection,Traffic Signal,Clear,Daylight,Dry,Fatal,Pedestrian Collisions,Pedestrian,75 to 79,Fatal,40,South,,,,,Vehicle is going straight thru inter.while ped cross without ROW,Crossing without right of way,Unknown,,,,Yes,,Yes,,,,,,,,,,,6,Kingsview Village-The Westway,6,Kingsview Village-The Westway (6),D23,617111.5841,4839240.461
15915,81331394,,9/6/2019 8:00:00 AM,1617,DIXON RD,ISLINGTON AVE,,Major Arterial,Etobicoke York,43.696955,-79.546672,At Intersection,Traffic Signal,Clear,Daylight,Dry,Fatal,Pedestrian Collisions,Driver,45 to 49,None,,West,"Automobile, Station Wagon",Going Ahead,Driving Properly,Unknown,,,,,,,Yes,,Yes,,,,,,,,,,,6,Kingsview Village-The Westway,6,Kingsview Village-The Westway (6),D23,617111.5841,4839240.461
15916,81333318,,9/6/2019 8:00:00 AM,1740,RICHMOND ST W,YONGE ST,57 m West of,Major Arterial,Toronto and East York,43.651427,-79.379802,Non Intersection,No Control,Clear,Daylight,Wet,Non-Fatal Injury,Pedestrian Collisions,Driver,45 to 49,Minimal,,West,"Automobile, Station Wagon",Turning Right,Lost control,Unknown,,,,,,,Yes,,Yes,,,,,,,,,,,170,Yonge-Bay Corridor,76,Bay Street Corridor (76),D52,630657.138,4834433.1823
15917,81333319,,9/6/2019 8:00:00 AM,1740,RICHMOND ST W,YONGE ST,57 m West of,Major Arterial,Toronto and East York,43.651427,-79.379802,Non Intersection,No Control,Clear,Daylight,Wet,Non-Fatal Injury,Pedestrian Collisions,Pedestrian,50 to 54,Major,,Unknown,,,,,Pedestrian hit on sidewalk or shoulder,On Sidewalk or Shoulder,Normal,,,,Yes,,Yes,,,,,,,,,,,170,Yonge-Bay Corridor,76,Bay Street Corridor (76),D52,630657.138,4834433.1823
15918,81330780,,9/7/2019 8:00:00 AM,17,LAWRENCE AVE E,UNDERHILL DR,,Major Arterial,North York,43.740718,-79.324664,At Intersection,Traffic Signal,Clear,Dark,Dry,Fatal,Turning Movement,Driver,40 to 44,None,,East,"Automobile, Station Wagon",Turning Left,Failed to Yield Right of Way,Unknown,,,,,,,,,Yes,Yes,,,,,Yes,Yes,,,,43,Victoria Village,43,Victoria Village (43),D33,634903.284,4844438.4998
15919,81330782,,9/7/2019 8:00:00 AM,17,LAWRENCE AVE E,UNDERHILL DR,,Major Arterial,North York,43.740718,-79.324664,At Intersection,Traffic Signal,Clear,Dark,Dry,Fatal,Turning Movement,Motorcycle Driver,20 to 24,Fatal,39,West,Motorcycle,Going Ahead,Speed too Fast For Condition,Unknown,,,,,,,,,Yes,Yes,,,,,Yes,Yes,,,,43,Victoria Village,43,Victoria Village (43),D33,634903.284,4844438.4998
15920,81478154,,9/7/2019 8:00:00 AM,1244,LAKE PROMENADE,CRYSTAL CRES,20 m West of,Local,Etobicoke York,43.590289,-79.526683,Intersection Related,No Control,Clear,Daylight,Dry,Non-Fatal Injury,Cyclist Collisions,Truck Driver,50 to 54,None,,West,Truck - Open,Overtaking,Driving Properly,Normal,,,,,,,,Yes,,,Yes,,,,,,,,,19,Long Branch,19,Long Branch (19),D22,618932.6339,4827422.2816
15921,81478155,,9/7/2019 8:00:00 AM,1244,LAKE PROMENADE,CRYSTAL CRES,20 m West of,Local,Etobicoke York,43.590289,-79.526683,Intersection Related,No Control,Clear,Daylight,Dry,Non-Fatal Injury,Cyclist Collisions,Cyclist,50 to 54,Major,,West,Bicycle,Unknown,,,,,,Cyclist and Driver travelling in same direction. One vehicle sideswipes the other.,Other,Normal,,Yes,,,Yes,,,,,,,,,19,Long Branch,19,Long Branch (19),D22,618932.6339,4827422.2816
15922,81333102,,9/8/2019 8:00:00 AM,106,KING ST W,PORTLAND ST,5 m West of,Major Arterial,Toronto and East York,43.644381,-79.400058,At Intersection,Traffic Signal,Clear,Dark,Dry,Non-Fatal Injury,Cyclist Collisions,Driver,20 to 24,None,,East,"Automobile, Station Wagon",Turning Right,Lost control,"Ability Impaired, Alcohol Over .08",,,,,,,,Yes,Yes,,,,,,,,,Yes,,164,Wellington Place,77,Waterfront Communities-The Island (77),D14,629038.7093,4833618.9382
15923,81333103,,9/8/2019 8:00:00 AM,106,KING ST W,PORTLAND ST,5 m West of,Major Arterial,Toronto and East York,43.644381,-79.400058,At Intersection,Traffic Signal,Clear,Dark,Dry,Non-Fatal Injury,Cyclist Collisions,Cyclist,45 to 49,Major,,South,Bicycle,Going Ahead,,,,,,Motorist turning right on red at signalized intersection strikes cyclist.,Driving Properly,Normal,,Yes,Yes,,,,,,,,,Yes,,164,Wellington Place,77,Waterfront Communities-The Island (77),D14,629038.7093,4833618.9382
15924,81469313,,9/8/2019 8:00:00 AM,1515,STEELES AVE E,MOUNTCASTLE GT,,Major Arterial,Scarborough,43.820498,-79.320415,At Intersection,Traffic Signal,Clear,Daylight,Dry,Non-Fatal Injury,Turning Movement,Driver,30 to 34,Minimal,,East,"Automobile, Station Wagon",Going Ahead,Disobeyed Traffic Control,Inattentive,,,,,,,,,Yes,,,,,Yes,,Yes,Yes,,,116,Steeles,116,Steeles (116),D42,635065.6593,4853306.2415
15925,81469314,,9/8/2019 8:00:00 AM,1515,STEELES AVE E,MOUNTCASTLE GT,,Major Arterial,Scarborough,43.820498,-79.320415,At Intersection,Traffic Signal,Clear,Daylight,Dry,Non-Fatal Injury,Turning Movement,Driver,65 to 69,Major,,West,"Automobile, Station Wagon",Turning Left,Driving Properly,Normal,,,,,,,,,Yes,,,,,Yes,,Yes,Yes,,,116,Steeles,116,Steeles (116),D42,635065.6593,4853306.2415
15926,81469315,,9/8/2019 8:00:00 AM,1515,STEELES AVE E,MOUNTCASTLE GT,,Major Arterial,Scarborough,43.820498,-79.320415,At Intersection,Traffic Signal,Clear,Daylight,Dry,Non-Fatal Injury,Turning Movement,Passenger,30 to 34,Minimal,,,,,,,,,,,,,,,Yes,,,,,Yes,,Yes,Yes,,,116,Steeles,116,Steeles (116),D42,635065.6593,4853306.2415
15927,81469316,,9/8/2019 8:00:00 AM,1515,STEELES AVE E,MOUNTCASTLE GT,,Major Arterial,Scarborough,43.820498,-79.320415,At Intersection,Traffic Signal,Clear,Daylight,Dry,Non-Fatal Injury,Turning Movement,Passenger,0 to 4,Minimal,,,,,,,,,,,,,,,Yes,,,,,Yes,,Yes,Yes,,,116,Steeles,116,Steeles (116),D42,635065.6593,4853306.2415
15928,81469317,,9/8/2019 8:00:00 AM,1515,STEELES AVE E,MOUNTCASTLE GT,,Major Arterial,Scarborough,43.820498,-79.320415,At Intersection,Traffic Signal,Clear,Daylight,Dry,Non-Fatal Injury,Turning Movement,Passenger,5 to 9,None,,,,,,,,,,,,,,,Yes,,,,,Yes,,Yes,Yes,,,116,Steeles,116,Steeles (116),D42,635065.6593,4853306.2415
15929,81469318,,9/8/2019 8:00:00 AM,1515,STEELES AVE E,MOUNTCASTLE GT,,Major Arterial,Scarborough,43.820498,-79.320415,At Intersection,Traffic Signal,Clear,Daylight,Dry,Non-Fatal Injury,Turning Movement,Passenger,65 to 69,Major,,,,,,,,,,,,,,,Yes,,,,,Yes,,Yes,Yes,,,116,Steeles,116,Steeles (116),D42,635065.6593,4853306.2415
15930,81471142,,9/9/2019 8:00:00 AM,1605,LAWRENCE AVE W,AVENUE RD,,Major Arterial,North York,43.722186,-79.415569,At Intersection,Traffic Signal,Clear,Daylight,Dry,Non-Fatal Injury,Turning Movement,Driver,35 to 39,Minor,,West,"Automobile, Station Wagon",Going Ahead,Disobeyed Traffic Control,Normal,,,,,,,,,Yes,,,,,,,Yes,Yes,,,39,Bedford Park-Nortown,39,Bedford Park-Nortown (39),D53,627622.6148,4842236.2434
15931,81471143,,9/9/2019 8:00:00 AM,1605,LAWRENCE AVE W,AVENUE RD,,Major Arterial,North York,43.722186,-79.415569,At Intersection,Traffic Signal,Clear,Daylight,Dry,Non-Fatal Injury,Turning Movement,Driver,35 to 39,Major,,South,"Automobile, Station Wagon",Turning Left,Driving Properly,Normal,,,,,,,,,Yes,,,,,,,Yes,Yes,,,39,Bedford Park-Nortown,39,Bedford Park-Nortown (39),D53,627622.6148,4842236.2434
15932,81333096,,9/9/2019 8:00:00 AM,2043,EGLINTON AVE W,CHILTERN HILL RD,,Major Arterial,Toronto and East York,43.700457,-79.427722,At Intersection,Stop Sign,Clear,Dark,Dry,Non-Fatal Injury,Turning Movement,Driver,45 to 49,None,,North,"Automobile, Station Wagon",Turning Left,Failed to Yield Right of Way,Normal,,,,,,,,,Yes,,,,,,,Yes,,,,106,Humewood-Cedarvale,106,Humewood-Cedarvale (106),D13,626689.4814,4839804.2888
15933,81333097,,9/9/2019 8:00:00 AM,2043,EGLINTON AVE W,CHILTERN HILL RD,,Major Arterial,Toronto and East York,43.700457,-79.427722,At Intersection,Stop Sign,Clear,Dark,Dry,Non-Fatal Injury,Turning Movement,Driver,35 to 39,Major,,East,"Automobile, Station Wagon",Going Ahead,Driving Properly,Normal,,,,,,,,,Yes,,,,,,,Yes,,,,106,Humewood-Cedarvale,106,Humewood-Cedarvale (106),D13,626689.4814,4839804.2888
15934,81452828,,9/10/2019 8:00:00 AM,740,19 FOUR WINDS DR,,90 m East of,Collector,Etobicoke York,43.763919,-79.498958,Non Intersection,No Control,Clear,Daylight,Dry,Non-Fatal Injury,Pedestrian Collisions,Driver,40 to 44,None,,East,"Automobile, Station Wagon",Making U Turn,Other,Inattentive,,,,,,,Yes,,Yes,,,,,,,,,,,27,York University Heights,27,York University Heights (27),D31,620821.7688,4846746.2662
15935,81452829,,9/10/2019 8:00:00 AM,740,19 FOUR WINDS DR,,90 m East of,Collector,Etobicoke York,43.763919,-79.498958,Non Intersection,No Control,Clear,Daylight,Dry,Non-Fatal Injury,Pedestrian Collisions,Pedestrian,75 to 79,Major,,Unknown,,,,,,"Crossing, no Traffic Control",Normal,,,,Yes,,Yes,,,,,,,,,,,27,York University Heights,27,York University Heights (27),D31,620821.7688,4846746.2662
15936,81330783,,9/10/2019 8:00:00 AM,959,YONGE ST,ERSKINE AVE,,Major Arterial,North York,43.711005,-79.399272,At Intersection,No Control,Clear,Daylight,Dry,Fatal,Pedestrian Collisions,Pedestrian,50 to 54,Fatal,41,South,,,,,Vehicle turns right while ped crosses with ROW at inter.,Crossing with right of way,Normal,,,,Yes,,,,Yes,,,,,,,,,173,North Toronto,104,Mount Pleasant West (104),D53,628959.2995,4841019.6592
15937,81331395,,9/10/2019 8:00:00 AM,959,YONGE ST,ERSKINE AVE,,Major Arterial,North York,43.711005,-79.399272,At Intersection,No Control,Clear,Daylight,Dry,Fatal,Pedestrian Collisions,Driver,55 to 59,None,,North,Truck - Open,Turning Right,Improper Turn,Unknown,,,,,,,Yes,,,,Yes,,,,,,,,,173,North Toronto,104,Mount Pleasant West (104),D53,628959.2995,4841019.6592
15938,81452211,,9/11/2019 8:00:00 AM,2056,JANE ST,GRANDRAVINE DR,,Major Arterial,North York,43.747023,-79.515086,At Intersection,Traffic Signal,Rain,"Dark, artificial",Wet,Non-Fatal Injury,Pedestrian Collisions,Driver,35 to 39,None,,West,"Automobile, Station Wagon",Turning Left,Failed to Yield Right of Way,Inattentive,,,,,,,Yes,,Yes,,,,,,,Yes,,,,25,Glenfield-Jane Heights,25,Glenfield-Jane Heights (25),D31,619557.2269,4844846.314
15939,81452212,,9/11/2019 8:00:00 AM,2056,JANE ST,GRANDRAVINE DR,,Major Arterial,North York,43.747023,-79.515086,At Intersection,Traffic Signal,Rain,"Dark, artificial",Wet,Non-Fatal Injury,Pedestrian Collisions,Pedestrian,60 to 64,Major,,East,,,,,Vehicle turns left while ped crosses with ROW at inter.,Crossing with right of way,Normal,,,,Yes,,Yes,,,,,,,Yes,,,,25,Glenfield-Jane Heights,25,Glenfield-Jane Heights (25),D31,619557.2269,4844846.314
15940,81462494,,9/12/2019 8:00:00 AM,1055,BURNHAMTHORPE RD,THE WEST MALL,,Major Arterial,Etobicoke York,43.64448,-79.567203,At Intersection,Traffic Signal,Clear,Daylight,Dry,Non-Fatal Injury,Angle,Driver,25 to 29,None,,West,Pick Up Truck,Going Ahead,Disobeyed Traffic Control,Had Been Drinking,,,,,,,,,Yes,,,,,Yes,Yes,Yes,Yes,,,13,Etobicoke West Mall,13,Etobicoke West Mall (13),D22,615557.8075,4833383.6362
15941,81462495,,9/12/2019 8:00:00 AM,1055,BURNHAMTHORPE RD,THE WEST MALL,,Major Arterial,Etobicoke York,43.64448,-79.567203,At Intersection,Traffic Signal,Clear,Daylight,Dry,Non-Fatal Injury,Angle,Driver,50 to 54,Minor,,South,"Automobile, Station Wagon",Going Ahead,Driving Properly,Normal,,,,,,,,,Yes,,,,,Yes,Yes,Yes,Yes,,,13,Etobicoke West Mall,13,Etobicoke West Mall (13),D22,615557.8075,4833383.6362
15942,81462496,,9/12/2019 8:00:00 AM,1055,BURNHAMTHORPE RD,THE WEST MALL,,Major Arterial,Etobicoke York,43.64448,-79.567203,At Intersection,Traffic Signal,Clear,Daylight,Dry,Non-Fatal Injury,Angle,Passenger,25 to 29,Major,,,,,,,,,,,,,,,Yes,,,,,Yes,Yes,Yes,Yes,,,13,Etobicoke West Mall,13,Etobicoke West Mall (13),D22,615557.8075,4833383.6362
15943,81334510,,9/12/2019 8:00:00 AM,2103,MARTIN GROVE RD,EGLINTON AVE W,,Major Arterial,Etobicoke York,43.674407,-79.563129,At Intersection,Traffic Signal,Clear,"Dark, artificial",Dry,Non-Fatal Injury,Cyclist Collisions,Driver,50 to 54,None,,North,"Automobile, Station Wagon",Going Ahead,Driving Properly,Normal,,,,,,,,Yes,Yes,,,,,,,,,,,10,Princess-Rosethorn,10,Princess-Rosethorn (10),D22,615828.8286,4836713.0936
15944,81334511,,9/12/2019 8:00:00 AM,2103,MARTIN GROVE RD,EGLINTON AVE W,,Major Arterial,Etobicoke York,43.674407,-79.563129,At Intersection,Traffic Signal,Clear,"Dark, artificial",Dry,Non-Fatal Injury,Cyclist Collisions,Cyclist,25 to 29,Major,,East,Bicycle,Going Ahead,,,,,,"Cyclist without ROW rides into path of motorist at inter, lnwy, dwy-Cyclist not turn.",Wrong Way on One Way Road,"Ability Impaired, Alcohol",,Yes,Yes,,,,,,,,,,,10,Princess-Rosethorn,10,Princess-Rosethorn (10),D22,615828.8286,4836713.0936
15945,81334513,,9/13/2019 8:00:00 AM,1640,LAKE SHORE BLVD W,LOWER SIMCOE ST,24 m East of,Expressway,Etobicoke York,43.64033,-79.383174,Intersection Related,Traffic Signal,Clear,Daylight,Dry,Non-Fatal Injury,Pedestrian Collisions,Driver,30 to 34,None,,West,Pick Up Truck,Going Ahead,Driving Properly,Normal,,,,,,,Yes,,Yes,,,,,,,,,,,165,Harbourfront-CityPlace,77,Waterfront Communities-The Island (77),D52,630409.2187,4833195.4121
15946,81334514,,9/13/2019 8:00:00 AM,1640,LAKE SHORE BLVD W,LOWER SIMCOE ST,24 m East of,Expressway,Etobicoke York,43.64033,-79.383174,Intersection Related,Traffic Signal,Clear,Daylight,Dry,Non-Fatal Injury,Pedestrian Collisions,Pedestrian,50 to 54,Major,,Unknown,,,,,Vehicle is going straight thru inter.while ped cross without ROW,Walking on Roadway with Traffic,Normal,,,,Yes,,Yes,,,,,,,,,,,165,Harbourfront-CityPlace,77,Waterfront Communities-The Island (77),D52,630409.2187,4833195.4121
15947,81334515,,9/14/2019 8:00:00 AM,105,DON VALLEY PARKWAY  N,SPANBRIDGE RD,25 m South o,Expressway,North York,43.71255,-79.325435,Non Intersection,No Control,Rain,"Dark, artificial",Wet,Non-Fatal Injury,SMV Other,Driver,60 to 64,Major,,North,"Automobile, Station Wagon",Going Ahead,Lost control,Inattentive,,,,,,,,,Yes,,,,,Yes,,Yes,,,,44,Flemingdon Park,44,Flemingdon Park (44),D55,634904.4194,4841308.7762
15948,81334516,,9/14/2019 8:00:00 AM,105,DON VALLEY PARKWAY  N,SPANBRIDGE RD,25 m South o,Expressway,North York,43.71255,-79.325435,Non Intersection,No Control,Rain,"Dark, artificial",Wet,Non-Fatal Injury,SMV Other,Driver,45 to 49,Minimal,,North,"Automobile, Station Wagon",Going Ahead,Driving Properly,Normal,,,,,,,,,Yes,,,,,Yes,,Yes,,,,44,Flemingdon Park,44,Flemingdon Park (44),D55,634904.4194,4841308.7762
15949,81334517,,9/14/2019 8:00:00 AM,105,DON VALLEY PARKWAY  N,SPANBRIDGE RD,25 m South o,Expressway,North York,43.71255,-79.325435,Non Intersection,No Control,Rain,"Dark, artificial",Wet,Non-Fatal Injury,SMV Other,Passenger,30 to 34,Minimal,,,,,,,,,,,,,,,Yes,,,,,Yes,,Yes,,,,44,Flemingdon Park,44,Flemingdon Park (44),D55,634904.4194,4841308.7762
15950,81424255,,9/14/2019 8:00:00 AM,511,333 SHERBOURNE ST,,,Minor Arterial,Toronto and East York,43.662169,-79.37263,At/Near Private Drive,No Control,Clear,"Daylight, artificial",Dry,Non-Fatal Injury,Cyclist Collisions,Truck Driver,35 to 39,None,,North,Truck-Tractor,Turning Right,Improper Turn,Unknown,,,,,,,,Yes,,,Yes,,,,,,,,,73,Moss Park,73,Moss Park (73),D51,631212.1147,4835637.5413
15951,81424256,,9/14/2019 8:00:00 AM,511,333 SHERBOURNE ST,,,Minor Arterial,Toronto and East York,43.662169,-79.37263,At/Near Private Drive,No Control,Clear,"Daylight, artificial",Dry,Non-Fatal Injury,Cyclist Collisions,Cyclist,40 to 44,Major,,North,Bicycle,Going Ahead,,,,,,"Motorist turns right at non-signal Inter.(stop, yield, no cont.,and dwy) and strikes cyclist.",Driving Properly,Normal,,Yes,,,Yes,,,,,,,,,73,Moss Park,73,Moss Park (73),D51,631212.1147,4835637.5413
15952,81332760,,9/15/2019 8:00:00 AM,1030,WILSON AVE,DELAHAYE ST,63 m East of,Major Arterial,North York,43.735827,-79.44102,Non Intersection,No Control,Clear,Daylight,Wet,Non-Fatal Injury,Approaching,Driver,80 to 84,Major,,West,"Automobile, Station Wagon",Going Ahead,Lost control,Medical or Physical Disability,,,,,,,,,Yes,,,,,,,Yes,,,Yes,33,Clanton Park,33,Clanton Park (33),D32,625544.0688,4843712.3949
15953,81332761,,9/15/2019 8:00:00 AM,1030,WILSON AVE,DELAHAYE ST,63 m East of,Major Arterial,North York,43.735827,-79.44102,Non Intersection,No Control,Clear,Daylight,Wet,Non-Fatal Injury,Approaching,Driver,35 to 39,None,,East,Pick Up Truck,Slowing or Stopping,Driving Properly,Normal,,,,,,,,,Yes,,,,,,,Yes,,,Yes,33,Clanton Park,33,Clanton Park (33),D32,625544.0688,4843712.3949
15954,81332758,,9/16/2019 8:00:00 AM,42,JARVIS ST,RICHARD BIGLEY  LANE,,Major Arterial,Scarborough,43.654002,-79.373355,Non Intersection,No Control,Clear,"Dark, artificial",Dry,Non-Fatal Injury,Pedestrian Collisions,Driver,30 to 34,None,,South,"Automobile, Station Wagon",Going Ahead,Driving Properly,Normal,,,,,,,Yes,,Yes,,,,,,,,,,,73,Moss Park,73,Moss Park (73),D51,631171.441,4834729.3412
15955,81332759,,9/16/2019 8:00:00 AM,42,JARVIS ST,RICHARD BIGLEY  LANE,,Major Arterial,Scarborough,43.654002,-79.373355,Non Intersection,No Control,Clear,"Dark, artificial",Dry,Non-Fatal Injury,Pedestrian Collisions,Pedestrian,35 to 39,Major,,East,,,,,Pedestrian hit at mid-block,"Crossing, no Traffic Control",Inattentive,,,,Yes,,Yes,,,,,,,,,,,73,Moss Park,73,Moss Park (73),D51,631171.441,4834729.3412
15956,81332467,,9/16/2019 8:00:00 AM,1016,BRIMLEY RD,HEATHER RD,,Major Arterial,Scarborough,43.790507,-79.269923,At Intersection,Traffic Signal,Clear,Daylight,Dry,Non-Fatal Injury,Approaching,Driver,20 to 24,Major,,South,"Automobile, Station Wagon",Going Ahead,Other,Had Been Drinking,,,,,,,,,Yes,,Yes,,,,,,,,,129,Agincourt North,129,Agincourt North (129),D42,639195.7159,4850058.9346
15957,81332468,,9/16/2019 8:00:00 AM,1016,BRIMLEY RD,HEATHER RD,,Major Arterial,Scarborough,43.790507,-79.269923,At Intersection,Traffic Signal,Clear,Daylight,Dry,Non-Fatal Injury,Approaching,Truck Driver,60 to 64,None,,North,Truck - Dump,Going Ahead,Driving Properly,Normal,,,,,,,,,Yes,,Yes,,,,,,,,,129,Agincourt North,129,Agincourt North (129),D42,639195.7159,4850058.9346
15958,81450744,,9/17/2019 8:00:00 AM,1630,LA ROSE AVE,SCARLETT RD,25 m West of,Collector,Etobicoke York,43.686526,-79.514964,At/Near Private Drive,No Control,Clear,Daylight,Dry,Non-Fatal Injury,Cyclist Collisions,Driver,20 to 24,None,,West,"Automobile, Station Wagon",Turning Left,Failed to Yield Right of Way,Normal,,,,,,,,Yes,Yes,,,,,,,Yes,,,,8,Humber Heights-Westmount,8,Humber Heights-Westmount (8),D23,619687.4302,4838127.4522
15959,81450745,,9/17/2019 8:00:00 AM,1630,LA ROSE AVE,SCARLETT RD,25 m West of,Collector,Etobicoke York,43.686526,-79.514964,At/Near Private Drive,No Control,Clear,Daylight,Dry,Non-Fatal Injury,Cyclist Collisions,Cyclist,50 to 54,Major,,East,Bicycle,Going Ahead,,,,,,"Motorist turns right at non-signal Inter.(stop, yield, no cont.,and dwy) and strikes cyclist.",Driving Properly,Normal,,Yes,Yes,,,,,,,Yes,,,,8,Humber Heights-Westmount,8,Humber Heights-Westmount (8),D23,619687.4302,4838127.4522
15960,81332112,,9/17/2019 8:00:00 AM,2000,LAWRENCE AVE E,AINSDALE RD,,Major Arterial,Scarborough,43.745886,-79.291835,Intersection Related,Stop Sign,Clear,Daylight,Dry,Fatal,Pedestrian Collisions,Driver,55 to 59,Minimal,,South,Pick Up Truck,Turning Left,Driving Properly,Normal,,,,,,,Yes,,Yes,,,,,,,,,,,119,Wexford/Maryvale,119,Wexford/Maryvale (119),D41,637534.9716,4845066.4659
15961,81332832,,9/17/2019 8:00:00 AM,2000,LAWRENCE AVE E,AINSDALE RD,,Major Arterial,Scarborough,43.745886,-79.291835,Intersection Related,Stop Sign,Clear,Daylight,Dry,Fatal,Pedestrian Collisions,Pedestrian,55 to 59,Fatal,42,Unknown,,,,,Vehicle turns left while ped crosses without ROW at inter.,"Crossing, no Traffic Control",Normal,,,,Yes,,Yes,,,,,,,,,,,119,Wexford/Maryvale,119,Wexford/Maryvale (119),D41,637534.9716,4845066.4659
15962,81333973,,9/21/2019 8:00:00 AM,1430,KINGSTON RD,OVERTURE RD,170 m East o,Major Arterial,Scarborough,43.760127,-79.196391,Non Intersection,No Control,Clear,Daylight,Dry,Non-Fatal Injury,Pedestrian Collisions,Driver,60 to 64,None,,East,Municipal Transit Bus (TTC),Going Ahead,Driving Properly,Normal,,,,,,,Yes,,,,,Yes,,,,,,,,136,West Hill,136,West Hill (136),D43,645185.4123,4846811.0467
15963,81333974,,9/21/2019 8:00:00 AM,1430,KINGSTON RD,OVERTURE RD,170 m East o,Major Arterial,Scarborough,43.760127,-79.196391,Non Intersection,No Control,Clear,Daylight,Dry,Non-Fatal Injury,Pedestrian Collisions,Pedestrian,25 to 29,Major,,North,,,,,Pedestrian hit at mid-block,Walking on Roadway Against Traffic,Had Been Drinking,,,,Yes,,,,,Yes,,,,,,,,136,West Hill,136,West Hill (136),D43,645185.4123,4846811.0467
15964,81334533,,9/21/2019 8:00:00 AM,2242,MCCOWAN RD,HOLLYHEDGE DR,,Major Arterial,Scarborough,43.753478,-79.244663,At Intersection,No Control,Clear,Dark,Dry,Non-Fatal Injury,Turning Movement,Driver,35 to 39,Major,,North,Passenger Van,Turning Left,Improper Turn,Normal,,,,,,,,,Yes,Yes,,,,,,,,,,157,Bendale South,127,Bendale (127),D43,641315.2578,4845989.0761
15965,81334534,,9/21/2019 8:00:00 AM,2242,MCCOWAN RD,HOLLYHEDGE DR,,Major Arterial,Scarborough,43.753478,-79.244663,At Intersection,No Control,Clear,Dark,Dry,Non-Fatal Injury,Turning Movement,Motorcycle Driver,25 to 29,None,,South,Motorcycle,Going Ahead,Driving Properly,Normal,,,,,,,,,Yes,Yes,,,,,,,,,,157,Bendale South,127,Bendale (127),D43,641315.2578,4845989.0761
15966,81332835,,9/23/2019 8:00:00 AM,2019,SCARBOROUGH GOLF CLUB RD,CONFEDERATION DR,,Minor Arterial,Scarborough,43.757247,-79.214244,Non Intersection,No Control,Clear,Dusk,Dry,Fatal,Pedestrian Collisions,Pedestrian,15 to 19,Fatal,44,West,,,,,Pedestrian hit at mid-block,"Crossing, no Traffic Control",Inattentive,,,,Yes,,Yes,,,,,,,,,,,141,Golfdale-Cedarbrae-Woburn,137,Woburn (137),D43,643755.1758,4846460.0333
15967,81332836,,9/23/2019 8:00:00 AM,2019,SCARBOROUGH GOLF CLUB RD,CONFEDERATION DR,,Minor Arterial,Scarborough,43.757247,-79.214244,Non Intersection,No Control,Clear,Dusk,Dry,Fatal,Pedestrian Collisions,Driver,20 to 24,None,,South,"Automobile, Station Wagon",Going Ahead,Driving Properly,Normal,,,,,,,Yes,,Yes,,,,,,,,,,,141,Golfdale-Cedarbrae-Woburn,137,Woburn (137),D43,643755.1758,4846460.0333
15968,81452640,,9/24/2019 8:00:00 AM,321,EGLINTON AV W,HWY 401 W ON-RAMP,130 m West o,Major Arterial,Etobicoke York,43.674147,-79.564418,Non Intersection,Traffic Signal,Clear,"Dark, artificial",Dry,Non-Fatal Injury,SMV Other,Driver,20 to 24,None,,West,"Automobile, Station Wagon",Going Ahead,Lost control,"Ability Impaired, Alcohol Over .08",,,,,,,,,Yes,,,,,Yes,,,,Yes,,11,Eringate-Centennial-West Deane,11,Eringate-Centennial-West Deane (11),D22,615725.4188,4836682.4182
15969,81452641,,9/24/2019 8:00:00 AM,321,EGLINTON AV W,HWY 401 W ON-RAMP,130 m West o,Major Arterial,Etobicoke York,43.674147,-79.564418,Non Intersection,Traffic Signal,Clear,"Dark, artificial",Dry,Non-Fatal Injury,SMV Other,Passenger,20 to 24,Major,,,,,,,,,,,,,,,Yes,,,,,Yes,,,,Yes,,11,Eringate-Centennial-West Deane,11,Eringate-Centennial-West Deane (11),D22,615725.4188,4836682.4182
15970,81332837,,9/24/2019 8:00:00 AM,2046,DANFORTH AVE,WANSTEAD AVE,,Major Arterial,Scarborough,43.692488,-79.282268,At Intersection,No Control,Clear,"Dark, artificial",Dry,Fatal,Pedestrian Collisions,Pedestrian,65 to 69,Fatal,45,South,,,,,Vehicle is going straight thru inter.while ped cross without ROW,"Crossing, no Traffic Control",Unknown,,,,Yes,,Yes,,,,,,,,,,,121,Oakridge,121,Oakridge (121),D41,638428.1982,4839151.7667