OBJECTID,INDEX,ACCNUM,DATE,TIME,STREET1,STREET2,OFFSET,ROAD_CLASS,DISTRICT,LATITUDE,LONGITUDE,ACCLOC,TRAFFCTL,VISIBILITY,LIGHT,RDSFCOND,ACCLASS,IMPACTYPE,INVTYPE,INVAGE,INJURY,FATAL_NO,INITDIR,VEHTYPE,MANOEUVER,DRIVACT,DRIVCOND,PEDTYPE,PEDACT,PEDCOND,CYCLISTYPE,CYCACT,CYCCOND,PEDESTRIAN,CYCLIST,AUTOMOBILE,MOTORCYCLE,TRUCK,TRSN_CITY_VEH,EMERG_VEH,PASSENGER,SPEEDING,AG_DRIV,REDLIGHT,ALCOHOL,DISABILITY,HOOD_158,NEIGHBOURHOOD_158,HOOD_140,NEIGHBOURHOOD_140,DIVISION,x,y
15971,81333465,,9/24/2019 8:00:00 AM,2046,DANFORTH AVE,WANSTEAD AVE,,Major Arterial,Scarborough,43.692488,-79.282268,At Intersection,No Control,Clear,"Dark, artificial",Dry,Fatal,Pedestrian Collisions,Driver,40 to 44,None,,West,"Automobile, Station Wagon",Going Ahead,Driving Properly,Normal,,,,,,,Yes,,Yes,,,,,,,,,,,121,Oakridge,121,Oakridge (121),D41,638428.1982,4839151.7667
15972,81467548,,9/26/2019 8:00:00 AM,923,NASSAU ST,BATHURST ST,1 m North of,Collector,Toronto and East York,43.654357,-79.406001,At/Near Private Drive,No Control,Clear,Daylight,Wet,Non-Fatal Injury,Pedestrian Collisions,Driver,70 to 74,None,,North,"Automobile, Station Wagon",Reversing,Other,Unknown,,,,,,,Yes,,Yes,,,,,,,,,,,78,Kensington-Chinatown,78,Kensington-Chinatown (78),D14,628538.1072,4834717.6799
15973,81467549,,9/26/2019 8:00:00 AM,923,NASSAU ST,BATHURST ST,1 m North of,Collector,Toronto and East York,43.654357,-79.406001,At/Near Private Drive,No Control,Clear,Daylight,Wet,Non-Fatal Injury,Pedestrian Collisions,Driver,30 to 34,None,,North,"Automobile, Station Wagon",Stopped,Other,Unknown,,,,,,,Yes,,Yes,,,,,,,,,,,78,Kensington-Chinatown,78,Kensington-Chinatown (78),D14,628538.1072,4834717.6799
15974,81467550,,9/26/2019 8:00:00 AM,923,NASSAU ST,BATHURST ST,1 m North of,Collector,Toronto and East York,43.654357,-79.406001,At/Near Private Drive,No Control,Clear,Daylight,Wet,Non-Fatal Injury,Pedestrian Collisions,Pedestrian,25 to 29,Major,,Unknown,,,,,Vehicle is reversing and hits pedestrian,Other,Normal,,,,Yes,,Yes,,,,,,,,,,,78,Kensington-Chinatown,78,Kensington-Chinatown (78),D14,628538.1072,4834717.6799
15975,81452137,,9/26/2019 8:00:00 AM,1445,EGLINTON AVE E,WYNFORD DR,60 m East of,Major Arterial,North York,43.724559,-79.324329,Non Intersection,No Control,Clear,Daylight,Dry,Non-Fatal Injury,Cyclist Collisions,Cyclist,50 to 54,Major,,East,Bicycle,Changing Lanes,,,,,,Cyclist and Driver travelling in same direction. One vehicle sideswipes the other.,Lost control,Had Been Drinking,,Yes,Yes,,,,,,,,,,,44,Flemingdon Park,44,Flemingdon Park (44),D55,634966.5543,4842644.3503
15976,81452138,,9/26/2019 8:00:00 AM,1445,EGLINTON AVE E,WYNFORD DR,60 m East of,Major Arterial,North York,43.724559,-79.324329,Non Intersection,No Control,Clear,Daylight,Dry,Non-Fatal Injury,Cyclist Collisions,Driver,35 to 39,None,,East,Delivery Van,Going Ahead,Driving Properly,Normal,,,,,,,,Yes,Yes,,,,,,,,,,,44,Flemingdon Park,44,Flemingdon Park (44),D55,634966.5543,4842644.3503
15977,81452139,,9/26/2019 8:00:00 AM,1445,EGLINTON AVE E,WYNFORD DR,60 m East of,Major Arterial,North York,43.724559,-79.324329,Non Intersection,No Control,Clear,Daylight,Dry,Non-Fatal Injury,Cyclist Collisions,Driver,25 to 29,None,,East,Delivery Van,Going Ahead,Driving Properly,Normal,,,,,,,,Yes,Yes,,,,,,,,,,,44,Flemingdon Park,44,Flemingdon Park (44),D55,634966.5543,4842644.3503
15978,81409896,,9/28/2019 8:00:00 AM,649,SHEPPARD AVE W,JANE ST,,Major Arterial,North York,43.739443,-79.511859,Non Intersection,No Control,Rain,"Dark, artificial",Wet,Non-Fatal Injury,Approaching,Driver,55 to 59,Major,,West,"Automobile, Station Wagon",Going Ahead,Lost control,Unknown,,,,,,,,,Yes,,,Yes,,,Yes,Yes,,,,25,Glenfield-Jane Heights,25,Glenfield-Jane Heights (25),D31,619832.1715,4844009.1076
15979,81409897,,9/28/2019 8:00:00 AM,649,SHEPPARD AVE W,JANE ST,,Major Arterial,North York,43.739443,-79.511859,Non Intersection,No Control,Rain,"Dark, artificial",Wet,Non-Fatal Injury,Approaching,Driver,50 to 54,Minor,,East,Municipal Transit Bus (TTC),Going Ahead,Driving Properly,Normal,,,,,,,,,Yes,,,Yes,,,Yes,Yes,,,,25,Glenfield-Jane Heights,25,Glenfield-Jane Heights (25),D31,619832.1715,4844009.1076
15980,81332111,,9/28/2019 8:00:00 AM,2015,KENNEDY RD,ST CLAIR AVE E,,Major Arterial,Scarborough,43.716452,-79.261302,At Intersection,Traffic Signal,Clear,"Dark, artificial",Dry,Fatal,Angle,Passenger,40 to 44,None,,,"Automobile, Station Wagon",,,,,,,,,,,,Yes,,,,,Yes,,Yes,Yes,,,120,Clairlea-Birchmount,120,Clairlea-Birchmount (120),D41,640061.9996,4841848.5303
15981,81333466,,9/28/2019 8:00:00 AM,2015,KENNEDY RD,ST CLAIR AVE E,,Major Arterial,Scarborough,43.716452,-79.261302,At Intersection,Traffic Signal,Clear,"Dark, artificial",Dry,Fatal,Angle,Driver,65 to 69,Fatal,46,North,"Automobile, Station Wagon",Going Ahead,Disobeyed Traffic Control,Unknown,,,,,,,,,Yes,,,,,Yes,,Yes,Yes,,,120,Clairlea-Birchmount,120,Clairlea-Birchmount (120),D41,640061.9996,4841848.5303
15982,81333467,,9/28/2019 8:00:00 AM,2015,KENNEDY RD,ST CLAIR AVE E,,Major Arterial,Scarborough,43.716452,-79.261302,At Intersection,Traffic Signal,Clear,"Dark, artificial",Dry,Fatal,Angle,Passenger,60 to 64,Minor,,,"Automobile, Station Wagon",,,,,,,,,,,,Yes,,,,,Yes,,Yes,Yes,,,120,Clairlea-Birchmount,120,Clairlea-Birchmount (120),D41,640061.9996,4841848.5303
15983,81333468,,9/28/2019 8:00:00 AM,2015,KENNEDY RD,ST CLAIR AVE E,,Major Arterial,Scarborough,43.716452,-79.261302,At Intersection,Traffic Signal,Clear,"Dark, artificial",Dry,Fatal,Angle,Driver,35 to 39,None,,West,"Automobile, Station Wagon",Going Ahead,Driving Properly,Normal,,,,,,,,,Yes,,,,,Yes,,Yes,Yes,,,120,Clairlea-Birchmount,120,Clairlea-Birchmount (120),D41,640061.9996,4841848.5303
15984,81333469,,9/28/2019 8:00:00 AM,2015,KENNEDY RD,ST CLAIR AVE E,,Major Arterial,Scarborough,43.716452,-79.261302,At Intersection,Traffic Signal,Clear,"Dark, artificial",Dry,Fatal,Angle,Passenger,5 to 9,Minor,,,"Automobile, Station Wagon",,,,,,,,,,,,Yes,,,,,Yes,,Yes,Yes,,,120,Clairlea-Birchmount,120,Clairlea-Birchmount (120),D41,640061.9996,4841848.5303
15985,81333470,,9/29/2019 8:00:00 AM,2031,KIPLING AVE,BETHRIDGE RD,,Major Arterial,Etobicoke York,43.707354,-79.5647,Non Intersection,No Control,Clear,"Daylight, artificial",Dry,Fatal,Pedestrian Collisions,Pedestrian,55 to 59,Fatal,47,East,,,,,Pedestrian hit at mid-block,"Crossing, no Traffic Control",Unknown,,,,Yes,,Yes,,,,,,,,,,,1,West Humber-Clairville,1,West Humber-Clairville (1),D23,615638.8535,4840370.1069
15986,81333471,,9/29/2019 8:00:00 AM,2031,KIPLING AVE,BETHRIDGE RD,,Major Arterial,Etobicoke York,43.707354,-79.5647,Non Intersection,No Control,Clear,"Daylight, artificial",Dry,Fatal,Pedestrian Collisions,Driver,50 to 54,None,,North,"Automobile, Station Wagon",Going Ahead,Driving Properly,Normal,,,,,,,Yes,,Yes,,,,,,,,,,,1,West Humber-Clairville,1,West Humber-Clairville (1),D23,615638.8535,4840370.1069
15987,81470983,,10/4/2019 8:00:00 AM,955,EGLINTON AVE W,HEDDINGTON AVE,,Major Arterial,North York,43.703402,-79.413844,At Intersection,Traffic Signal,Clear,Daylight,Dry,Non-Fatal Injury,Pedestrian Collisions,Driver,45 to 49,None,,South,"Automobile, Station Wagon",Turning Left,Failed to Yield Right of Way,Normal,,,,,,,Yes,,Yes,,,,,,,Yes,,,,101,Forest Hill South,101,Forest Hill South (101),D53,627801.4823,4840152.6721
15988,81470984,,10/4/2019 8:00:00 AM,955,EGLINTON AVE W,HEDDINGTON AVE,,Major Arterial,North York,43.703402,-79.413844,At Intersection,Traffic Signal,Clear,Daylight,Dry,Non-Fatal Injury,Pedestrian Collisions,Pedestrian,40 to 44,Major,,North,,,,,Vehicle turns left while ped crosses with ROW at inter.,Crossing with right of way,Normal,,,,Yes,,Yes,,,,,,,Yes,,,,101,Forest Hill South,101,Forest Hill South (101),D53,627801.4823,4840152.6721
15989,81475618,,10/4/2019 8:00:00 AM,2231,BATHURST ST,LAKE SHORE BLVD W,5 m South of,Major Arterial,Toronto and East York,43.636412,-79.399608,At Intersection,Traffic Signal,Clear,Dark,Dry,Non-Fatal Injury,Pedestrian Collisions,Driver,20 to 24,None,,North,"Automobile, Station Wagon",Turning Left,Improper Turn,Normal,,,,,,,Yes,,Yes,,,,,,,,,,,163,Fort York-Liberty Village,82,Niagara (82),D14,629092.0687,4832734.5778
15990,81475619,,10/4/2019 8:00:00 AM,2231,BATHURST ST,LAKE SHORE BLVD W,5 m South of,Major Arterial,Toronto and East York,43.636412,-79.399608,At Intersection,Traffic Signal,Clear,Dark,Dry,Non-Fatal Injury,Pedestrian Collisions,Pedestrian,30 to 34,Major,,North,,,,,Vehicle turns left while ped crosses with ROW at inter.,Crossing with right of way,Normal,,,,Yes,,Yes,,,,,,,,,,,163,Fort York-Liberty Village,82,Niagara (82),D14,629092.0687,4832734.5778
15991,81450433,,10/5/2019 8:00:00 AM,1611,DUPONT ST,BEDFORD RD,,Minor Arterial,Toronto and East York,43.676299,-79.400508,At Intersection,No Control,Clear,Daylight,Dry,Non-Fatal Injury,Cyclist Collisions,Driver,35 to 39,None,,West,"Automobile, Station Wagon",Turning Left,Other,Normal,,,,,,,,Yes,Yes,,,,,,,,,,,95,Annex,95,Annex (95),D53,628934.0767,4837163.1553
15992,81450434,,10/5/2019 8:00:00 AM,1611,DUPONT ST,BEDFORD RD,,Minor Arterial,Toronto and East York,43.676299,-79.400508,At Intersection,No Control,Clear,Daylight,Dry,Non-Fatal Injury,Cyclist Collisions,Cyclist,60 to 64,Major,,East,Bicycle,Going Ahead,,,,,,Motorist turned left across cyclists path.,Driving Properly,Normal,,Yes,Yes,,,,,,,,,,,95,Annex,95,Annex (95),D53,628934.0767,4837163.1553
15993,81473899,,10/8/2019 8:00:00 AM,1735,COLLEGE ST,BATHURST ST,10 m East of,Major Arterial,Toronto and East York,43.656409,-79.40768,At Intersection,Traffic Signal,Clear,Daylight,Dry,Non-Fatal Injury,Pedestrian Collisions,Driver,20 to 24,None,,West,"Automobile, Station Wagon",Going Ahead,Driving Properly,Normal,,,,,,,Yes,,Yes,,,,,,,,,,,78,Kensington-Chinatown,78,Kensington-Chinatown (78),D14,628398.34,4834942.982
15994,81473900,,10/8/2019 8:00:00 AM,1735,COLLEGE ST,BATHURST ST,10 m East of,Major Arterial,Toronto and East York,43.656409,-79.40768,At Intersection,Traffic Signal,Clear,Daylight,Dry,Non-Fatal Injury,Pedestrian Collisions,Pedestrian,45 to 49,Major,,Unknown,,,,,Pedestrian hit at mid-block,"Crossing, no Traffic Control",Inattentive,,,,Yes,,Yes,,,,,,,,,,,78,Kensington-Chinatown,78,Kensington-Chinatown (78),D14,628398.34,4834942.982
15995,81456656,,10/9/2019 8:00:00 AM,1446,KINGSTON RD,PORT UNION RD,82 m West of,Major Arterial,Scarborough,43.797892,-79.147685,At/Near Private Drive,No Control,Clear,Daylight,Dry,Non-Fatal Injury,Turning Movement,Driver,80 to 84,Major,,South,"Automobile, Station Wagon",Turning Left,Failed to Yield Right of Way,Inattentive,,,,,,,,,Yes,,,,,,,Yes,,,,133,Centennial Scarborough,133,Centennial Scarborough (133),D42,649012.3073,4851092.0003
15996,81456657,,10/9/2019 8:00:00 AM,1446,KINGSTON RD,PORT UNION RD,82 m West of,Major Arterial,Scarborough,43.797892,-79.147685,At/Near Private Drive,No Control,Clear,Daylight,Dry,Non-Fatal Injury,Turning Movement,Driver,65 to 69,Minor,,West,Pick Up Truck,Going Ahead,Driving Properly,Normal,,,,,,,,,Yes,,,,,,,Yes,,,,133,Centennial Scarborough,133,Centennial Scarborough (133),D42,649012.3073,4851092.0003
15997,81449374,,10/10/2019 8:00:00 AM,932,LOWER SIMCOE ST,QUEENS QUAY W,25 m North o,Collector,Toronto and East York,43.63943,-79.382686,Intersection Related,No Control,Clear,Daylight,Dry,Non-Fatal Injury,Turning Movement,Motorcycle Driver,50 to 54,Major,,South,Motorcycle,Going Ahead,Improper Passing,Inattentive,,,,,,,,,Yes,Yes,,,,,,Yes,,,,165,Harbourfront-CityPlace,77,Waterfront Communities-The Island (77),D52,630450.5277,4833096.2223
15998,81449375,,10/10/2019 8:00:00 AM,932,LOWER SIMCOE ST,QUEENS QUAY W,25 m North o,Collector,Toronto and East York,43.63943,-79.382686,Intersection Related,No Control,Clear,Daylight,Dry,Non-Fatal Injury,Turning Movement,Driver,40 to 44,None,,North,"Automobile, Station Wagon",Turning Left,Driving Properly,Normal,,,,,,,,,Yes,Yes,,,,,,Yes,,,,165,Harbourfront-CityPlace,77,Waterfront Communities-The Island (77),D52,630450.5277,4833096.2223
15999,81453447,,10/10/2019 8:00:00 AM,1429,CHRISTIE ST,TYRREL AVE,,Minor Arterial,Toronto and East York,43.678145,-79.424236,At Intersection,Stop Sign,Clear,Daylight,Dry,Non-Fatal Injury,Cyclist Collisions,Cyclist,30 to 34,Major,,East,Bicycle,Going Ahead,,,,,,,Failed to Yield Right of Way,Normal,,Yes,Yes,,,,,,,,,,,94,Wychwood,94,Wychwood (94),D13,627017.4633,4837331.5681
16000,81453448,,10/10/2019 8:00:00 AM,1429,CHRISTIE ST,TYRREL AVE,,Minor Arterial,Toronto and East York,43.678145,-79.424236,At Intersection,Stop Sign,Clear,Daylight,Dry,Non-Fatal Injury,Cyclist Collisions,Driver,45 to 49,None,,North,"Automobile, Station Wagon",Going Ahead,Driving Properly,Normal,,,,,,,,Yes,Yes,,,,,,,,,,,94,Wychwood,94,Wychwood (94),D13,627017.4633,4837331.5681
16001,81464395,,10/10/2019 8:00:00 AM,1821,LAWRENCE AVE E,CROCKFORD BLVD,,Major Arterial,Scarborough,43.746028,-79.291232,At Intersection,Traffic Signal,Clear,Daylight,Dry,Non-Fatal Injury,Pedestrian Collisions,Driver,45 to 49,None,,West,"Automobile, Station Wagon",Going Ahead,Driving Properly,Normal,,,,,,,Yes,,Yes,,,,,,,,,,,119,Wexford/Maryvale,119,Wexford/Maryvale (119),D41,637583.1981,4845083.2385
16002,81464396,,10/10/2019 8:00:00 AM,1821,LAWRENCE AVE E,CROCKFORD BLVD,,Major Arterial,Scarborough,43.746028,-79.291232,At Intersection,Traffic Signal,Clear,Daylight,Dry,Non-Fatal Injury,Pedestrian Collisions,Pedestrian,10 to 14,Major,,North,,,,,Vehicle is going straight thru inter.while ped cross without ROW,Crossing without right of way,Normal,,,,Yes,,Yes,,,,,,,,,,,119,Wexford/Maryvale,119,Wexford/Maryvale (119),D41,637583.1981,4845083.2385
16003,81467666,,10/10/2019 8:00:00 AM,1918,LESLIE ST,RAVEL RD,20 m North o,Major Arterial,North York,43.791484,-79.36835,At Intersection,Traffic Signal,Clear,Daylight,Dry,Non-Fatal Injury,Pedestrian Collisions,Driver,65 to 69,None,,South,"Automobile, Station Wagon",Going Ahead,Driving Properly,Normal,,,,,,,Yes,,Yes,,,,,,,,,,,48,Hillcrest Village,48,Hillcrest Village (48),D33,631274.4184,4850006.6278
16004,81467667,,10/10/2019 8:00:00 AM,1918,LESLIE ST,RAVEL RD,20 m North o,Major Arterial,North York,43.791484,-79.36835,At Intersection,Traffic Signal,Clear,Daylight,Dry,Non-Fatal Injury,Pedestrian Collisions,Pedestrian,80 to 84,Major,,Unknown,,,,,Vehicle is going straight thru inter.while ped cross without ROW,Crossing without right of way,Normal,,,,Yes,,Yes,,,,,,,,,,,48,Hillcrest Village,48,Hillcrest Village (48),D33,631274.4184,4850006.6278
16005,81452601,,10/10/2019 8:00:00 AM,2259,THE QUEENSWAY,STOCK AVE,47 m East of,Major Arterial,Etobicoke York,43.621298,-79.524844,Non Intersection,No Control,Clear,"Dark, artificial",Dry,Non-Fatal Injury,Rear End,Driver,40 to 44,None,,West,"Automobile, Station Wagon",Changing Lanes,Improper Lane Change,Inattentive,,,,,,,,,Yes,Yes,,,,,,,,,,159,Etobicoke City Centre,14,Islington-City Centre West (14),D22,619019.92,4830868.8356
16006,81452602,,10/10/2019 8:00:00 AM,2259,THE QUEENSWAY,STOCK AVE,47 m East of,Major Arterial,Etobicoke York,43.621298,-79.524844,Non Intersection,No Control,Clear,"Dark, artificial",Dry,Non-Fatal Injury,Rear End,Motorcycle Driver,40 to 44,Major,,West,Motorcycle,Going Ahead,Driving Properly,Normal,,,,,,,,,Yes,Yes,,,,,,,,,,159,Etobicoke City Centre,14,Islington-City Centre West (14),D22,619019.92,4830868.8356
16007,81449029,,10/11/2019 8:00:00 AM,1100,NORTHVIEW AVE,VICTORIA PARK AVE,120 m East o,Local,Toronto and East York,43.683306,-79.283298,At/Near Private Drive,No Control,Clear,Daylight,Dry,Non-Fatal Injury,Pedestrian Collisions,Driver,20 to 24,None,,East,"Automobile, Station Wagon",Going Ahead,Driving Properly,Normal,,,,,,,Yes,,Yes,,,,,,,,,,,122,Birchcliffe-Cliffside,122,Birchcliffe-Cliffside (122),D41,638366.3034,4838130.2575
16008,81449030,,10/11/2019 8:00:00 AM,1100,NORTHVIEW AVE,VICTORIA PARK AVE,120 m East o,Local,Toronto and East York,43.683306,-79.283298,At/Near Private Drive,No Control,Clear,Daylight,Dry,Non-Fatal Injury,Pedestrian Collisions,Pedestrian,10 to 14,Major,,South,,,,,Pedestrian hit at mid-block,"Crossing, no Traffic Control",Inattentive,,,,Yes,,Yes,,,,,,,,,,,122,Birchcliffe-Cliffside,122,Birchcliffe-Cliffside (122),D41,638366.3034,4838130.2575
16009,81449787,,10/11/2019 8:00:00 AM,1320,678 KENNEDY RD,,5 m East of,Major Arterial,Scarborough,43.726782,-79.265651,At/Near Private Drive,No Control,Clear,Daylight,Dry,Non-Fatal Injury,Turning Movement,Driver,80 to 84,Major,,North,"Automobile, Station Wagon",Turning Left,Failed to Yield Right of Way,Inattentive,,,,,,,,,Yes,,,,,,Yes,Yes,,,,124,Kennedy Park,124,Kennedy Park (124),D41,639687.6484,4842988.4882
16010,81449788,,10/11/2019 8:00:00 AM,1320,678 KENNEDY RD,,5 m East of,Major Arterial,Scarborough,43.726782,-79.265651,At/Near Private Drive,No Control,Clear,Daylight,Dry,Non-Fatal Injury,Turning Movement,Driver,20 to 24,Minor,,South,"Automobile, Station Wagon",Going Ahead,Exceeding Speed Limit,Inattentive,,,,,,,,,Yes,,,,,,Yes,Yes,,,,124,Kennedy Park,124,Kennedy Park (124),D41,639687.6484,4842988.4882
16011,81449789,,10/11/2019 8:00:00 AM,1320,678 KENNEDY RD,,5 m East of,Major Arterial,Scarborough,43.726782,-79.265651,At/Near Private Drive,No Control,Clear,Daylight,Dry,Non-Fatal Injury,Turning Movement,Driver,85 to 89,Minimal,,North,"Automobile, Station Wagon",Stopped,Driving Properly,Normal,,,,,,,,,Yes,,,,,,Yes,Yes,,,,124,Kennedy Park,124,Kennedy Park (124),D41,639687.6484,4842988.4882
16012,81449790,,10/11/2019 8:00:00 AM,1320,678 KENNEDY RD,,5 m East of,Major Arterial,Scarborough,43.726782,-79.265651,At/Near Private Drive,No Control,Clear,Daylight,Dry,Non-Fatal Injury,Turning Movement,Driver,60 to 64,None,,East,"Automobile, Station Wagon",Stopped,Driving Properly,Normal,,,,,,,,,Yes,,,,,,Yes,Yes,,,,124,Kennedy Park,124,Kennedy Park (124),D41,639687.6484,4842988.4882
16013,81333484,,10/11/2019 8:00:00 AM,1624,1166 ISLINGTON AVE,,,Major Arterial,Etobicoke York,43.641074,-79.521892,Non Intersection,No Control,Clear,Daylight,Dry,Fatal,SMV Unattended Vehicle,Other,50 to 54,None,,South,Truck (other),Going Ahead,,,,,,,,,,,Yes,,Yes,,,,,,,,Yes,16,Stonegate-Queensway,16,Stonegate-Queensway (16),D22,619218.9921,4833069.4415
16014,81335255,,10/11/2019 8:00:00 AM,1624,1166 ISLINGTON AVE,,,Major Arterial,Etobicoke York,43.641074,-79.521892,Non Intersection,No Control,Clear,Daylight,Dry,Fatal,SMV Unattended Vehicle,Driver,50 to 54,Fatal,48,South,"Automobile, Station Wagon",Going Ahead,Lost control,Medical or Physical Disability,,,,,,,,,Yes,,Yes,,,,,,,,Yes,16,Stonegate-Queensway,16,Stonegate-Queensway (16),D22,619218.9921,4833069.4415
16015,81454420,,10/11/2019 8:00:00 AM,1900,YONGE ST,WELLESLEY ST E,15 m South o,Major Arterial,Toronto and East York,43.664927,-79.38457,Intersection Related,No Control,Clear,"Dusk, artificial",Dry,Non-Fatal Injury,Pedestrian Collisions,Driver,45 to 49,None,,South,"Automobile, Station Wagon",Going Ahead,Driving Properly,Unknown,,,,,,,Yes,,Yes,,,,,,,,,,,167,Church-Wellesley,75,Church-Yonge Corridor (75),D51,630243.438,4835925.0399
16016,81454421,,10/11/2019 8:00:00 AM,1900,YONGE ST,WELLESLEY ST E,15 m South o,Major Arterial,Toronto and East York,43.664927,-79.38457,Intersection Related,No Control,Clear,"Dusk, artificial",Dry,Non-Fatal Injury,Pedestrian Collisions,Pedestrian,40 to 44,Major,,Unknown,,,,,Pedestrian hit at mid-block,Coming From Behind Parked Vehicle,Normal,,,,Yes,,Yes,,,,,,,,,,,167,Church-Wellesley,75,Church-Yonge Corridor (75),D51,630243.438,4835925.0399
16017,81453413,,10/12/2019 8:00:00 AM,1215,TURNBERRY AVE,OLD WESTON RD,,Minor Arterial,Etobicoke York,43.678321,-79.464778,At Intersection,Traffic Signal,Clear,Daylight,Dry,Non-Fatal Injury,Pedestrian Collisions,Driver,55 to 59,None,,East,"Automobile, Station Wagon",Turning Left,Failed to Yield Right of Way,Inattentive,,,,,,,Yes,,Yes,,,,,,,Yes,,,,91,Weston-Pelham Park,91,Weston-Pellam Park (91),D12,623749.1062,4837289.8288
16018,81453414,,10/12/2019 8:00:00 AM,1215,TURNBERRY AVE,OLD WESTON RD,,Minor Arterial,Etobicoke York,43.678321,-79.464778,At Intersection,Traffic Signal,Clear,Daylight,Dry,Non-Fatal Injury,Pedestrian Collisions,Pedestrian,0 to 4,Major,,East,,,,,Vehicle turns left while ped crosses with ROW at inter.,Crossing with right of way,Normal,,,,Yes,,Yes,,,,,,,Yes,,,,91,Weston-Pelham Park,91,Weston-Pellam Park (91),D12,623749.1062,4837289.8288
16019,81514005,,10/13/2019 8:00:00 AM,1049,ELLESMERE RD,PHARMACY AVE,26 m East of,Major Arterial,Scarborough,43.758959,-79.310153,At Intersection,Traffic Signal,Clear,Daylight,Dry,Non-Fatal Injury,Pedestrian Collisions,Driver,30 to 34,None,,East,"Automobile, Station Wagon",Going Ahead,Lost control,Unknown,,,,,,,Yes,,Yes,,,,,Yes,,,,,,119,Wexford/Maryvale,119,Wexford/Maryvale (119),D41,636030.4368,4846488.1698
16020,81514006,,10/13/2019 8:00:00 AM,1049,ELLESMERE RD,PHARMACY AVE,26 m East of,Major Arterial,Scarborough,43.758959,-79.310153,At Intersection,Traffic Signal,Clear,Daylight,Dry,Non-Fatal Injury,Pedestrian Collisions,Pedestrian,35 to 39,Major,,Unknown,,,,,Pedestrian hit on sidewalk or shoulder,On Sidewalk or Shoulder,Normal,,,,Yes,,Yes,,,,,Yes,,,,,,119,Wexford/Maryvale,119,Wexford/Maryvale (119),D41,636030.4368,4846488.1698
16021,81514007,,10/13/2019 8:00:00 AM,1049,ELLESMERE RD,PHARMACY AVE,26 m East of,Major Arterial,Scarborough,43.758959,-79.310153,At Intersection,Traffic Signal,Clear,Daylight,Dry,Non-Fatal Injury,Pedestrian Collisions,Pedestrian,55 to 59,Major,,Unknown,,,,,Pedestrian hit on sidewalk or shoulder,On Sidewalk or Shoulder,Unknown,,,,Yes,,Yes,,,,,Yes,,,,,,119,Wexford/Maryvale,119,Wexford/Maryvale (119),D41,636030.4368,4846488.1698
16022,81514008,,10/13/2019 8:00:00 AM,1049,ELLESMERE RD,PHARMACY AVE,26 m East of,Major Arterial,Scarborough,43.758959,-79.310153,At Intersection,Traffic Signal,Clear,Daylight,Dry,Non-Fatal Injury,Pedestrian Collisions,Pedestrian,0 to 4,Major,,Unknown,,,,,Pedestrian hit on sidewalk or shoulder,Other,Unknown,,,,Yes,,Yes,,,,,Yes,,,,,,119,Wexford/Maryvale,119,Wexford/Maryvale (119),D41,636030.4368,4846488.1698
16023,81514009,,10/13/2019 8:00:00 AM,1049,ELLESMERE RD,PHARMACY AVE,26 m East of,Major Arterial,Scarborough,43.758959,-79.310153,At Intersection,Traffic Signal,Clear,Daylight,Dry,Non-Fatal Injury,Pedestrian Collisions,Passenger,40 to 44,None,,,,,,,,,,,,,Yes,,Yes,,,,,Yes,,,,,,119,Wexford/Maryvale,119,Wexford/Maryvale (119),D41,636030.4368,4846488.1698
16024,81458918,,10/15/2019 8:00:00 AM,442,DUFFERIN ST,FINCH AVE W,,Major Arterial,North York,43.768782,-79.466884,At Intersection,Traffic Signal,Clear,"Dark, artificial",Dry,Non-Fatal Injury,Turning Movement,Driver,10 to 14,None,,South,"Automobile, Station Wagon",Going Ahead,Other,Normal,,,,,,,,,Yes,,Yes,Yes,,Yes,Yes,Yes,,,,34,Bathurst Manor,34,Bathurst Manor (34),D32,623393.4886,4847333.6693
16025,81458919,,10/15/2019 8:00:00 AM,442,DUFFERIN ST,FINCH AVE W,,Major Arterial,North York,43.768782,-79.466884,At Intersection,Traffic Signal,Clear,"Dark, artificial",Dry,Non-Fatal Injury,Turning Movement,Truck Driver,30 to 34,None,,North,"Truck - Closed (Blazer, etc)",Turning Left,Driving Properly,Normal,,,,,,,,,Yes,,Yes,Yes,,Yes,Yes,Yes,,,,34,Bathurst Manor,34,Bathurst Manor (34),D32,623393.4886,4847333.6693
16026,81458920,,10/15/2019 8:00:00 AM,442,DUFFERIN ST,FINCH AVE W,,Major Arterial,North York,43.768782,-79.466884,At Intersection,Traffic Signal,Clear,"Dark, artificial",Dry,Non-Fatal Injury,Turning Movement,Driver,35 to 39,None,,North,Municipal Transit Bus (TTC),Going Ahead,Driving Properly,Normal,,,,,,,,,Yes,,Yes,Yes,,Yes,Yes,Yes,,,,34,Bathurst Manor,34,Bathurst Manor (34),D32,623393.4886,4847333.6693
16027,81458921,,10/15/2019 8:00:00 AM,442,DUFFERIN ST,FINCH AVE W,,Major Arterial,North York,43.768782,-79.466884,At Intersection,Traffic Signal,Clear,"Dark, artificial",Dry,Non-Fatal Injury,Turning Movement,Passenger,10 to 14,Major,,,,,,,,,,,,,,,Yes,,Yes,Yes,,Yes,Yes,Yes,,,,34,Bathurst Manor,34,Bathurst Manor (34),D32,623393.4886,4847333.6693