OBJECTID,INDEX,ACCNUM,DATE,TIME,STREET1,STREET2,OFFSET,ROAD_CLASS,DISTRICT,LATITUDE,LONGITUDE,ACCLOC,TRAFFCTL,VISIBILITY,LIGHT,RDSFCOND,ACCLASS,IMPACTYPE,INVTYPE,INVAGE,INJURY,FATAL_NO,INITDIR,VEHTYPE,MANOEUVER,DRIVACT,DRIVCOND,PEDTYPE,PEDACT,PEDCOND,CYCLISTYPE,CYCACT,CYCCOND,PEDESTRIAN,CYCLIST,AUTOMOBILE,MOTORCYCLE,TRUCK,TRSN_CITY_VEH,EMERG_VEH,PASSENGER,SPEEDING,AG_DRIV,REDLIGHT,ALCOHOL,DISABILITY,HOOD_158,NEIGHBOURHOOD_158,HOOD_140,NEIGHBOURHOOD_140,DIVISION,x,y
16085,81450248,,11/4/2019 10:00:00 AM,720,GLENMOUNT AVE,SHELBORNE AVE,,Collector,North York,43.715304,-79.43169,At Intersection,Stop Sign,Rain,Daylight,Wet,Non-Fatal Injury,Pedestrian Collisions,Pedestrian,55 to 59,Major,,West,,,,,Vehicle turns left while ped crosses with ROW at inter.,Crossing with right of way,Other,,,,Yes,,Yes,,,,,,,Yes,,,,32,Englemount-Lawrence,32,Englemount-Lawrence (32),D13,626338.5529,4841447.2006
16086,81408981,,11/6/2019 10:00:00 AM,1732,FRONT ST W,WINDSOR ST,28 m East of,Minor Arterial,Toronto and East York,43.64363,-79.389949,At/Near Private Drive,No Control,Clear,"Dark, artificial",Wet,Non-Fatal Injury,Cyclist Collisions,Driver,40 to 44,None,,South,"Automobile, Station Wagon",Turning Left,Failed to Yield Right of Way,Inattentive,,,,,,,,Yes,Yes,,,,,,,Yes,,,,165,Harbourfront-CityPlace,77,Waterfront Communities-The Island (77),D52,629855.6482,4833551.2971
16087,81408982,,11/6/2019 10:00:00 AM,1732,FRONT ST W,WINDSOR ST,28 m East of,Minor Arterial,Toronto and East York,43.64363,-79.389949,At/Near Private Drive,No Control,Clear,"Dark, artificial",Wet,Non-Fatal Injury,Cyclist Collisions,Cyclist,50 to 54,Major,,West,Bicycle,Going Ahead,,,,,,Motorist turned left across cyclists path.,Driving Properly,Normal,,Yes,Yes,,,,,,,Yes,,,,165,Harbourfront-CityPlace,77,Waterfront Communities-The Island (77),D52,629855.6482,4833551.2971
16088,81450569,,11/7/2019 10:00:00 AM,710,DON MILLS RD W,GOODVIEW RD,168 m South ,Major Arterial,North York,43.782591,-79.352336,At/Near Private Drive,No Control,Clear,"Dawn, artificial",Wet,Non-Fatal Injury,Cyclist Collisions,Cyclist,75 to 79,Major,,South,Bicycle,Changing Lanes,,,,,,Cyclist and Driver travelling in same direction. One vehicle sideswipes the other.,Improper Lane Change,Inattentive,,Yes,Yes,,,,,,,,,,,47,Don Valley Village,47,Don Valley Village (47),D33,632582.4976,4849044.4442
16089,81450570,,11/7/2019 10:00:00 AM,710,DON MILLS RD W,GOODVIEW RD,168 m South ,Major Arterial,North York,43.782591,-79.352336,At/Near Private Drive,No Control,Clear,"Dawn, artificial",Wet,Non-Fatal Injury,Cyclist Collisions,Driver,35 to 39,None,,South,"Automobile, Station Wagon",Going Ahead,Driving Properly,Normal,,,,,,,,Yes,Yes,,,,,,,,,,,47,Don Valley Village,47,Don Valley Village (47),D33,632582.4976,4849044.4442
16090,81462161,,11/8/2019 10:00:00 AM,558,STEELES AVE E,SILVER STAR BLVD,10 m South o,Major Arterial,Scarborough,43.825247,-79.300037,At Intersection,Traffic Signal,Clear,"Dark, artificial",Dry,Non-Fatal Injury,Angle,Driver,60 to 64,None,,South,"Automobile, Station Wagon",Going Ahead,Disobeyed Traffic Control,Normal,,,,,,,,,Yes,,,,,Yes,,Yes,Yes,,,130,Milliken,130,Milliken (130),D42,636693.5557,4853867.1692
16091,81462162,,11/8/2019 10:00:00 AM,558,STEELES AVE E,SILVER STAR BLVD,10 m South o,Major Arterial,Scarborough,43.825247,-79.300037,At Intersection,Traffic Signal,Clear,"Dark, artificial",Dry,Non-Fatal Injury,Angle,Driver,55 to 59,None,,West,Passenger Van,Going Ahead,Driving Properly,Normal,,,,,,,,,Yes,,,,,Yes,,Yes,Yes,,,130,Milliken,130,Milliken (130),D42,636693.5557,4853867.1692
16092,81462163,,11/8/2019 10:00:00 AM,558,STEELES AVE E,SILVER STAR BLVD,10 m South o,Major Arterial,Scarborough,43.825247,-79.300037,At Intersection,Traffic Signal,Clear,"Dark, artificial",Dry,Non-Fatal Injury,Angle,Driver,55 to 59,None,,West,"Automobile, Station Wagon",Going Ahead,Driving Properly,Normal,,,,,,,,,Yes,,,,,Yes,,Yes,Yes,,,130,Milliken,130,Milliken (130),D42,636693.5557,4853867.1692
16093,81462164,,11/8/2019 10:00:00 AM,558,STEELES AVE E,SILVER STAR BLVD,10 m South o,Major Arterial,Scarborough,43.825247,-79.300037,At Intersection,Traffic Signal,Clear,"Dark, artificial",Dry,Non-Fatal Injury,Angle,Passenger,50 to 54,Major,,,,,,,,,,,,,,,Yes,,,,,Yes,,Yes,Yes,,,130,Milliken,130,Milliken (130),D42,636693.5557,4853867.1692
16094,81462165,,11/8/2019 10:00:00 AM,558,STEELES AVE E,SILVER STAR BLVD,10 m South o,Major Arterial,Scarborough,43.825247,-79.300037,At Intersection,Traffic Signal,Clear,"Dark, artificial",Dry,Non-Fatal Injury,Angle,Passenger,45 to 49,Major,,,,,,,,,,,,,,,Yes,,,,,Yes,,Yes,Yes,,,130,Milliken,130,Milliken (130),D42,636693.5557,4853867.1692
16095,81337944,,11/10/2019 10:00:00 AM,1445,OLD WESTON RD,ROGERS RD,40 m South o,Minor Arterial,Etobicoke York,43.681376,-79.467296,At/Near Private Drive,No Control,Clear,Daylight,Dry,Non-Fatal Injury,Turning Movement,Driver,40 to 44,None,,East,Passenger Van,Turning Left,Failed to Yield Right of Way,Inattentive,,,,,,,,,Yes,Yes,,,,Yes,,Yes,,,,110,Keelesdale-Eglinton West,110,Keelesdale-Eglinton West (110),D12,623539.8668,4837625.3739
16096,81337945,,11/10/2019 10:00:00 AM,1445,OLD WESTON RD,ROGERS RD,40 m South o,Minor Arterial,Etobicoke York,43.681376,-79.467296,At/Near Private Drive,No Control,Clear,Daylight,Dry,Non-Fatal Injury,Turning Movement,Motorcycle Driver,45 to 49,Major,,South,Motorcycle,Going Ahead,Driving Properly,Normal,,,,,,,,,Yes,Yes,,,,Yes,,Yes,,,,110,Keelesdale-Eglinton West,110,Keelesdale-Eglinton West (110),D12,623539.8668,4837625.3739
16097,81337946,,11/10/2019 10:00:00 AM,1445,OLD WESTON RD,ROGERS RD,40 m South o,Minor Arterial,Etobicoke York,43.681376,-79.467296,At/Near Private Drive,No Control,Clear,Daylight,Dry,Non-Fatal Injury,Turning Movement,Passenger,35 to 39,None,,,,,,,,,,,,,,,Yes,Yes,,,,Yes,,Yes,,,,110,Keelesdale-Eglinton West,110,Keelesdale-Eglinton West (110),D12,623539.8668,4837625.3739
16098,81337947,,11/10/2019 10:00:00 AM,1445,OLD WESTON RD,ROGERS RD,40 m South o,Minor Arterial,Etobicoke York,43.681376,-79.467296,At/Near Private Drive,No Control,Clear,Daylight,Dry,Non-Fatal Injury,Turning Movement,Passenger,5 to 9,None,,,,,,,,,,,,,,,Yes,Yes,,,,Yes,,Yes,,,,110,Keelesdale-Eglinton West,110,Keelesdale-Eglinton West (110),D12,623539.8668,4837625.3739
16099,81337948,,11/10/2019 10:00:00 AM,1445,OLD WESTON RD,ROGERS RD,40 m South o,Minor Arterial,Etobicoke York,43.681376,-79.467296,At/Near Private Drive,No Control,Clear,Daylight,Dry,Non-Fatal Injury,Turning Movement,Passenger,5 to 9,None,,,,,,,,,,,,,,,Yes,Yes,,,,Yes,,Yes,,,,110,Keelesdale-Eglinton West,110,Keelesdale-Eglinton West (110),D12,623539.8668,4837625.3739
16100,81337929,,11/13/2019 10:00:00 AM,943,960 LAWRENCE AVE W,,9 m South of,Major Arterial,North York,43.71337,-79.457622,Non Intersection,No Control,Clear,Daylight,Dry,Fatal,Angle,Driver,65 to 69,Fatal,55,South,"Automobile, Station Wagon",Going Ahead,Failed to Yield Right of Way,Inattentive,,,,,,,,,Yes,,,,,,,Yes,,,,31,Yorkdale-Glen Park,31,Yorkdale-Glen Park (31),D13,624253.5237,4841193.2033
16101,81337930,,11/13/2019 10:00:00 AM,943,960 LAWRENCE AVE W,,9 m South of,Major Arterial,North York,43.71337,-79.457622,Non Intersection,No Control,Clear,Daylight,Dry,Fatal,Angle,Driver,40 to 44,None,,East,Pick Up Truck,Going Ahead,Driving Properly,Normal,,,,,,,,,Yes,,,,,,,Yes,,,,31,Yorkdale-Glen Park,31,Yorkdale-Glen Park (31),D13,624253.5237,4841193.2033
16102,81337231,,11/13/2019 10:00:00 AM,1051,KEELE ST,LAWRENCE AVE W,,Major Arterial,Etobicoke York,43.708586,-79.478023,At Intersection,Traffic Signal,Snow,Daylight,Wet,Fatal,Pedestrian Collisions,Truck Driver,60 to 64,None,,East,Truck - Tank,Turning Right,Failed to Yield Right of Way,Inattentive,,,,,,,Yes,,,,Yes,,,,,Yes,,,,30,Brookhaven-Amesbury,30,Brookhaven-Amesbury (30),D12,622619.7663,4840631.4943
16103,81337232,,11/13/2019 10:00:00 AM,1051,KEELE ST,LAWRENCE AVE W,,Major Arterial,Etobicoke York,43.708586,-79.478023,At Intersection,Traffic Signal,Snow,Daylight,Wet,Fatal,Pedestrian Collisions,Pedestrian,20 to 24,Fatal,58,East,,,,,Vehicle turns right while ped crosses with ROW at inter.,Crossing with right of way,Normal,,,,Yes,,,,Yes,,,,,Yes,,,,30,Brookhaven-Amesbury,30,Brookhaven-Amesbury (30),D12,622619.7663,4840631.4943
16104,81451973,,11/16/2019 10:00:00 AM,1515,QUEEN ST W,BAY ST,36 m East of,Major Arterial,North York,43.651965,-79.381076,Non Intersection,No Control,Clear,Daylight,Dry,Non-Fatal Injury,Pedestrian Collisions,Driver,unknown,None,,West,"Automobile, Station Wagon",Going Ahead,Failed to Yield Right of Way,Unknown,,,,,,,Yes,,Yes,,,,,,,Yes,,,,170,Yonge-Bay Corridor,76,Bay Street Corridor (76),D52,630553.2324,4834490.9291
16105,81451974,,11/16/2019 10:00:00 AM,1515,QUEEN ST W,BAY ST,36 m East of,Major Arterial,North York,43.651965,-79.381076,Non Intersection,No Control,Clear,Daylight,Dry,Non-Fatal Injury,Pedestrian Collisions,Pedestrian,50 to 54,Major,,Unknown,,,,,Pedestrian hit at mid-block,Person Getting on/off Vehicle,Normal,,,,Yes,,Yes,,,,,,,Yes,,,,170,Yonge-Bay Corridor,76,Bay Street Corridor (76),D52,630553.2324,4834490.9291
16106,81514117,,11/18/2019 10:00:00 AM,1830,MIDLAND AVE,DUXBURY DR,,Major Arterial,Etobicoke York,43.824183,-79.296489,At Intersection,No Control,Rain,"Dark, artificial",Wet,Non-Fatal Injury,Pedestrian Collisions,Driver,unknown,None,,North,"Automobile, Station Wagon",Going Ahead,Other,Unknown,,,,,,,Yes,,Yes,,,,,Yes,,,,,,130,Milliken,130,Milliken (130),D42,636981.286,4853754.8638
16107,81514118,,11/18/2019 10:00:00 AM,1830,MIDLAND AVE,DUXBURY DR,,Major Arterial,Etobicoke York,43.824183,-79.296489,At Intersection,No Control,Rain,"Dark, artificial",Wet,Non-Fatal Injury,Pedestrian Collisions,Driver,35 to 39,None,,North,"Automobile, Station Wagon",Going Ahead,Driving Properly,Normal,,,,,,,Yes,,Yes,,,,,Yes,,,,,,130,Milliken,130,Milliken (130),D42,636981.286,4853754.8638
16108,81514119,,11/18/2019 10:00:00 AM,1830,MIDLAND AVE,DUXBURY DR,,Major Arterial,Etobicoke York,43.824183,-79.296489,At Intersection,No Control,Rain,"Dark, artificial",Wet,Non-Fatal Injury,Pedestrian Collisions,Pedestrian,45 to 49,Major,,East,,,,,Vehicle is going straight thru inter.while ped cross with ROW,"Crossing, no Traffic Control",Normal,,,,Yes,,Yes,,,,,Yes,,,,,,130,Milliken,130,Milliken (130),D42,636981.286,4853754.8638
16109,81514120,,11/18/2019 10:00:00 AM,1830,MIDLAND AVE,DUXBURY DR,,Major Arterial,Etobicoke York,43.824183,-79.296489,At Intersection,No Control,Rain,"Dark, artificial",Wet,Non-Fatal Injury,Pedestrian Collisions,Passenger,5 to 9,None,,,,,,,,,,,,,Yes,,Yes,,,,,Yes,,,,,,130,Milliken,130,Milliken (130),D42,636981.286,4853754.8638
16110,81514121,,11/18/2019 10:00:00 AM,1830,MIDLAND AVE,DUXBURY DR,,Major Arterial,Etobicoke York,43.824183,-79.296489,At Intersection,No Control,Rain,"Dark, artificial",Wet,Non-Fatal Injury,Pedestrian Collisions,Passenger,0 to 4,None,,,,,,,,,,,,,Yes,,Yes,,,,,Yes,,,,,,130,Milliken,130,Milliken (130),D42,636981.286,4853754.8638
16111,81456845,,11/20/2019 10:00:00 AM,951,WARDEN AVE,BOEM AVE,,Major Arterial,Scarborough,43.748374,-79.29597,At Intersection,No Control,Clear,Daylight,Dry,Non-Fatal Injury,Turning Movement,Driver,80 to 84,Minimal,,North,"Automobile, Station Wagon",Turning Left,Failed to Yield Right of Way,Normal,,,,,,,,,Yes,,,,,,,Yes,,,,119,Wexford/Maryvale,119,Wexford/Maryvale (119),D41,637196.3489,4845335.9387
16112,81456846,,11/20/2019 10:00:00 AM,951,WARDEN AVE,BOEM AVE,,Major Arterial,Scarborough,43.748374,-79.29597,At Intersection,No Control,Clear,Daylight,Dry,Non-Fatal Injury,Turning Movement,Driver,20 to 24,Major,,South,"Automobile, Station Wagon",Going Ahead,Driving Properly,Normal,,,,,,,,,Yes,,,,,,,Yes,,,,119,Wexford/Maryvale,119,Wexford/Maryvale (119),D41,637196.3489,4845335.9387
16113,81338621,,11/21/2019 10:00:00 AM,1340,MCCOWAN RD,SANDHURST CRCL,,Major Arterial,Scarborough,43.811545,-79.269183,At Intersection,Traffic Signal,Clear,Daylight,Wet,Fatal,Cyclist Collisions,Cyclist,65 to 69,Fatal,57,South,Bicycle,,,,,,,"Cyclist without ROW rides into path of motorist at inter, lnwy, dwy-Cyclist not turn.",Disobeyed Traffic Control,Normal,,Yes,Yes,,,,,,,,,,,129,Agincourt North,129,Agincourt North (129),D42,639206.3834,4852396.7879
16114,81338622,,11/21/2019 10:00:00 AM,1340,MCCOWAN RD,SANDHURST CRCL,,Major Arterial,Scarborough,43.811545,-79.269183,At Intersection,Traffic Signal,Clear,Daylight,Wet,Fatal,Cyclist Collisions,Driver,80 to 84,None,,South,"Automobile, Station Wagon",Turning Right,Driving Properly,Unknown,,,,,,,,Yes,Yes,,,,,,,,,,,129,Agincourt North,129,Agincourt North (129),D42,639206.3834,4852396.7879
16115,81338179,,11/21/2019 10:00:00 AM,1800,EGLINTON AVE W,GUESTVILLE AVE,,Major Arterial,Etobicoke York,43.686656,-79.490619,At Intersection,No Control,Rain,"Dark, artificial",Wet,Non-Fatal Injury,Pedestrian Collisions,Driver,35 to 39,None,,West,"Automobile, Station Wagon",Turning Left,Failed to Yield Right of Way,Normal,,,,,,,Yes,,Yes,,,,,,,Yes,,,,115,Mount Dennis,115,Mount Dennis (115),D12,621649.2847,4838177.3131
16116,81338180,,11/21/2019 10:00:00 AM,1800,EGLINTON AVE W,GUESTVILLE AVE,,Major Arterial,Etobicoke York,43.686656,-79.490619,At Intersection,No Control,Rain,"Dark, artificial",Wet,Non-Fatal Injury,Pedestrian Collisions,Pedestrian,15 to 19,Major,,West,,,,,Vehicle turns left while ped crosses with ROW at inter.,Crossing with right of way,Normal,,,,Yes,,Yes,,,,,,,Yes,,,,115,Mount Dennis,115,Mount Dennis (115),D12,621649.2847,4838177.3131
16117,81337501,,11/22/2019 10:00:00 AM,1352,LAWRENCE AVE W,ROSEWELL AVE,,Major Arterial,North York,43.722495,-79.414165,Intersection Related,No Control,Clear,Daylight,Dry,Fatal,Pedestrian Collisions,Driver,50 to 54,None,,East,"Automobile, Station Wagon",Going Ahead,Driving Properly,Normal,,,,,,,Yes,,Yes,,,,,,,,,,,103,Lawrence Park South,103,Lawrence Park South (103),D53,627735.0485,4842272.7253
16118,81337502,,11/22/2019 10:00:00 AM,1352,LAWRENCE AVE W,ROSEWELL AVE,,Major Arterial,North York,43.722495,-79.414165,Intersection Related,No Control,Clear,Daylight,Dry,Fatal,Pedestrian Collisions,Pedestrian,90 to 94,Fatal,53,North,,,,,Vehicle is going straight thru inter.while ped cross without ROW,"Crossing, no Traffic Control",Inattentive,,,,Yes,,Yes,,,,,,,,,,,103,Lawrence Park South,103,Lawrence Park South (103),D53,627735.0485,4842272.7253
16119,81337738,,11/22/2019 10:00:00 AM,2135,PHARMACY AVE,SURREY AVE,,Minor Arterial,Scarborough,43.737342,-79.302242,At Intersection,Traffic Signal,Clear,"Dark, artificial",Dry,Non-Fatal Injury,Pedestrian Collisions,Driver,unknown,None,,West,"Automobile, Station Wagon",Turning Left,Failed to Yield Right of Way,Unknown,,,,,,,Yes,,Yes,,,,,,,Yes,,,,119,Wexford/Maryvale,119,Wexford/Maryvale (119),D41,636716.4771,4844100.3007
16120,81337739,,11/22/2019 10:00:00 AM,2135,PHARMACY AVE,SURREY AVE,,Minor Arterial,Scarborough,43.737342,-79.302242,At Intersection,Traffic Signal,Clear,"Dark, artificial",Dry,Non-Fatal Injury,Pedestrian Collisions,Pedestrian,35 to 39,Major,,West,,,,,Vehicle turns left while ped crosses with ROW at inter.,Crossing with right of way,Normal,,,,Yes,,Yes,,,,,,,Yes,,,,119,Wexford/Maryvale,119,Wexford/Maryvale (119),D41,636716.4771,4844100.3007
16121,81340401,,11/22/2019 10:00:00 AM,2200,STEELES AVE W,JANE ST,,Major Arterial,North York,43.775401,-79.521693,At Intersection,Traffic Signal,Clear,Dark,Dry,Non-Fatal Injury,Pedestrian Collisions,Driver,65 to 69,None,,West,"Automobile, Station Wagon",Going Ahead,Other,Unknown,,,,,,,Yes,,Yes,,,,,,,,,,,24,Black Creek,24,Black Creek (24),D31,618969.0049,4847988.5962
16122,81340402,,11/22/2019 10:00:00 AM,2200,STEELES AVE W,JANE ST,,Major Arterial,North York,43.775401,-79.521693,At Intersection,Traffic Signal,Clear,Dark,Dry,Non-Fatal Injury,Pedestrian Collisions,Pedestrian,35 to 39,Major,,South,,,,,Other / Undefined,Other,Other,,,,Yes,,Yes,,,,,,,,,,,24,Black Creek,24,Black Creek (24),D31,618969.0049,4847988.5962
16123,81337499,,11/22/2019 10:00:00 AM,2321,ST CLAIR AVE W,CHRISTIE ST,,Major Arterial,,43.681639,-79.425678,Intersection Related,Traffic Signal,Clear,"Dark, artificial",Dry,Fatal,Pedestrian Collisions,Driver,unknown,None,,West,"Automobile, Station Wagon",Going Ahead,Driving Properly,Unknown,,,,,,,Yes,,Yes,,,,,,,,,,,94,Wychwood,94,Wychwood (94),D13,626893.8612,4837717.4168
16124,81337503,,11/22/2019 10:00:00 AM,2321,ST CLAIR AVE W,CHRISTIE ST,,Major Arterial,,43.681639,-79.425678,Intersection Related,Traffic Signal,Clear,"Dark, artificial",Dry,Fatal,Pedestrian Collisions,Pedestrian,80 to 84,Fatal,54,South,,,,,Vehicle is going straight thru inter.while ped cross without ROW,Crossing without right of way,Inattentive,,,,Yes,,Yes,,,,,,,,,,,94,Wychwood,94,Wychwood (94),D13,626893.8612,4837717.4168
16125,81457780,,11/23/2019 10:00:00 AM,1245,KENNEDY RD,BRIGSTOCK RD,8 m South of,Major Arterial,Scarborough,43.761225,-79.279422,At Intersection,No Control,Clear,Daylight,Dry,Non-Fatal Injury,Turning Movement,Driver,65 to 69,None,,South,"Automobile, Station Wagon",Turning Left,Failed to Yield Right of Way,Inattentive,,,,,,,,,Yes,Yes,,,,Yes,,Yes,,,,126,Dorset Park,126,Dorset Park (126),D41,638499.0402,4846790.78
16126,81457781,,11/23/2019 10:00:00 AM,1245,KENNEDY RD,BRIGSTOCK RD,8 m South of,Major Arterial,Scarborough,43.761225,-79.279422,At Intersection,No Control,Clear,Daylight,Dry,Non-Fatal Injury,Turning Movement,Motorcycle Driver,20 to 24,Major,,North,Motorcycle,Going Ahead,Driving Properly,Normal,,,,,,,,,Yes,Yes,,,,Yes,,Yes,,,,126,Dorset Park,126,Dorset Park (126),D41,638499.0402,4846790.78
16127,81457782,,11/23/2019 10:00:00 AM,1245,KENNEDY RD,BRIGSTOCK RD,8 m South of,Major Arterial,Scarborough,43.761225,-79.279422,At Intersection,No Control,Clear,Daylight,Dry,Non-Fatal Injury,Turning Movement,Passenger,25 to 29,None,,,,,,,,,,,,,,,Yes,Yes,,,,Yes,,Yes,,,,126,Dorset Park,126,Dorset Park (126),D41,638499.0402,4846790.78
16128,81454473,,11/23/2019 10:00:00 AM,1714,1841 WILSON AVE,,,Major Arterial,Etobicoke York,43.71741,-79.524028,At/Near Private Drive,No Control,Clear,Dusk,Dry,Non-Fatal Injury,Cyclist Collisions,Driver,unknown,None,,East,Passenger Van,Turning Right,Failed to Yield Right of Way,Unknown,,,,,,,,Yes,Yes,,,,,,,Yes,,,,154,Oakdale-Beverley Heights,26,Downsview-Roding-CFB (26),D31,618895.8426,4841544.5022
16129,81454474,,11/23/2019 10:00:00 AM,1714,1841 WILSON AVE,,,Major Arterial,Etobicoke York,43.71741,-79.524028,At/Near Private Drive,No Control,Clear,Dusk,Dry,Non-Fatal Injury,Cyclist Collisions,Cyclist,30 to 34,Major,,East,Bicycle,Going Ahead,,,,,,"Motorist turns right at non-signal Inter.(stop, yield, no cont.,and dwy) and strikes cyclist.",Driving Properly,Normal,,Yes,Yes,,,,,,,Yes,,,,154,Oakdale-Beverley Heights,26,Downsview-Roding-CFB (26),D31,618895.8426,4841544.5022
16130,81471712,,11/24/2019 10:00:00 AM,257,3207 KINGSTON RD,,200 m East o,Major Arterial,Scarborough,43.729338,-79.227458,Non Intersection,No Control,Clear,"Dark, artificial",Dry,Property Damage O,Rear End,Driver,35 to 39,None,,East,"Automobile, Station Wagon",Going Ahead,Speed too Fast For Condition,Unknown,,,,,,,,,Yes,,,,,,Yes,Yes,,,,123,Cliffcrest,123,Cliffcrest (123),D43,642757.748,4843337.4629
16131,81471713,,11/24/2019 10:00:00 AM,257,3207 KINGSTON RD,,200 m East o,Major Arterial,Scarborough,43.729338,-79.227458,Non Intersection,No Control,Clear,"Dark, artificial",Dry,Property Damage O,Rear End,Driver,45 to 49,Major,,East,"Automobile, Station Wagon",Going Ahead,Driving Properly,Normal,,,,,,,,,Yes,,,,,,Yes,Yes,,,,123,Cliffcrest,123,Cliffcrest (123),D43,642757.748,4843337.4629
16132,81335256,,11/25/2019 10:00:00 AM,1210,DON MILLS RD,GREEN BELT DR,,Major Arterial,North York,43.727584,-79.340823,At Intersection,Traffic Signal,Clear,Daylight,Dry,Fatal,Turning Movement,Passenger,15 to 19,Minor,,,,,,,,,,,,,,,Yes,,,,,Yes,,Yes,,,,42,Banbury-Don Mills,42,Banbury-Don Mills (42),D33,633631.3077,4842953.5898
16133,81337494,,11/25/2019 10:00:00 AM,1210,DON MILLS RD,GREEN BELT DR,,Major Arterial,North York,43.727584,-79.340823,At Intersection,Traffic Signal,Clear,Daylight,Dry,Fatal,Turning Movement,Driver,15 to 19,Minor,,North,"Automobile, Station Wagon",Going Ahead,Driving Properly,Normal,,,,,,,,,Yes,,,,,Yes,,Yes,,,,42,Banbury-Don Mills,42,Banbury-Don Mills (42),D33,633631.3077,4842953.5898
16134,81337495,,11/25/2019 10:00:00 AM,1210,DON MILLS RD,GREEN BELT DR,,Major Arterial,North York,43.727584,-79.340823,At Intersection,Traffic Signal,Clear,Daylight,Dry,Fatal,Turning Movement,Passenger,15 to 19,Fatal,52,,,,,,,,,,,,,,Yes,,,,,Yes,,Yes,,,,42,Banbury-Don Mills,42,Banbury-Don Mills (42),D33,633631.3077,4842953.5898
16135,81337496,,11/25/2019 10:00:00 AM,1210,DON MILLS RD,GREEN BELT DR,,Major Arterial,North York,43.727584,-79.340823,At Intersection,Traffic Signal,Clear,Daylight,Dry,Fatal,Turning Movement,Passenger,15 to 19,Minor,,,,,,,,,,,,,,,Yes,,,,,Yes,,Yes,,,,42,Banbury-Don Mills,42,Banbury-Don Mills (42),D33,633631.3077,4842953.5898
16136,81337497,,11/25/2019 10:00:00 AM,1210,DON MILLS RD,GREEN BELT DR,,Major Arterial,North York,43.727584,-79.340823,At Intersection,Traffic Signal,Clear,Daylight,Dry,Fatal,Turning Movement,Driver,40 to 44,Minimal,,South,"Automobile, Station Wagon",Turning Left,Failed to Yield Right of Way,Normal,,,,,,,,,Yes,,,,,Yes,,Yes,,,,42,Banbury-Don Mills,42,Banbury-Don Mills (42),D33,633631.3077,4842953.5898
16137,81453549,,11/25/2019 10:00:00 AM,1609,QUEENS QUAY W,ROBERTSON CRES,6 m  of,Minor Arterial,Toronto and East York,43.638842,-79.386562,Intersection Related,Traffic Signal,Clear,Daylight,Dry,Non-Fatal Injury,Cyclist Collisions,Cyclist,45 to 49,Major,,North,Bicycle,Going Ahead,,,,,,"Cyclist without ROW rides into path of motorist at inter, lnwy, dwy-Cyclist not turn.",Disobeyed Traffic Control,Normal,,Yes,Yes,,,,,,,,,,,165,Harbourfront-CityPlace,77,Waterfront Communities-The Island (77),D52,630139.1605,4833024.8328
16138,81453550,,11/25/2019 10:00:00 AM,1609,QUEENS QUAY W,ROBERTSON CRES,6 m  of,Minor Arterial,Toronto and East York,43.638842,-79.386562,Intersection Related,Traffic Signal,Clear,Daylight,Dry,Non-Fatal Injury,Cyclist Collisions,Driver,25 to 29,None,,East,Pick Up Truck,Going Ahead,Driving Properly,Normal,,,,,,,,Yes,Yes,,,,,,,,,,,165,Harbourfront-CityPlace,77,Waterfront Communities-The Island (77),D52,630139.1605,4833024.8328
16139,81337505,,11/28/2019 10:00:00 AM,623,ISLINGTON AVE,AVIEMORE DR,,Major Arterial,Etobicoke York,43.748309,-79.568355,Non Intersection,No Control,Clear,Dark,Dry,Fatal,Pedestrian Collisions,Pedestrian,75 to 79,Fatal,56,West,,,,,Vehicle is going straight thru inter.while ped cross without ROW,Crossing without right of way,Other,,,,Yes,,,,,,,,,,,,,21,Humber Summit,21,Humber Summit (21),D31,615265.7971,4844913.6439
16140,81337506,,11/28/2019 10:00:00 AM,623,ISLINGTON AVE,AVIEMORE DR,,Major Arterial,Etobicoke York,43.748309,-79.568355,Non Intersection,No Control,Clear,Dark,Dry,Fatal,Pedestrian Collisions,Driver,unknown,None,,North,,Going Ahead,Other,Unknown,,,,,,,Yes,,,,,,,,,,,,,21,Humber Summit,21,Humber Summit (21),D31,615265.7971,4844913.6439
16141,81338690,,11/28/2019 10:00:00 AM,1448,YONGE ST,GERRARD ST E,4 m North of,Major Arterial,Toronto and East York,43.659022,-79.382076,At Intersection,Traffic Signal,Clear,Daylight,Dry,Non-Fatal Injury,Pedestrian Collisions,Truck Driver,55 to 59,None,,West,Truck - Dump,Turning Right,Failed to Yield Right of Way,Normal,,,,,,,Yes,,,,Yes,,,,,Yes,,,,168,Downtown Yonge East,75,Church-Yonge Corridor (75),D51,630457.3072,4835273.1294
16142,81338691,,11/28/2019 10:00:00 AM,1448,YONGE ST,GERRARD ST E,4 m North of,Major Arterial,Toronto and East York,43.659022,-79.382076,At Intersection,Traffic Signal,Clear,Daylight,Dry,Non-Fatal Injury,Pedestrian Collisions,Pedestrian,65 to 69,Major,,West,,,,,Vehicle turns right while ped crosses with ROW at inter.,Crossing with right of way,Normal,,,,Yes,,,,Yes,,,,,Yes,,,,168,Downtown Yonge East,75,Church-Yonge Corridor (75),D51,630457.3072,4835273.1294