OBJECTID,INDEX,ACCNUM,DATE,TIME,STREET1,STREET2,OFFSET,ROAD_CLASS,DISTRICT,LATITUDE,LONGITUDE,ACCLOC,TRAFFCTL,VISIBILITY,LIGHT,RDSFCOND,ACCLASS,IMPACTYPE,INVTYPE,INVAGE,INJURY,FATAL_NO,INITDIR,VEHTYPE,MANOEUVER,DRIVACT,DRIVCOND,PEDTYPE,PEDACT,PEDCOND,CYCLISTYPE,CYCACT,CYCCOND,PEDESTRIAN,CYCLIST,AUTOMOBILE,MOTORCYCLE,TRUCK,TRSN_CITY_VEH,EMERG_VEH,PASSENGER,SPEEDING,AG_DRIV,REDLIGHT,ALCOHOL,DISABILITY,HOOD_158,NEIGHBOURHOOD_158,HOOD_140,NEIGHBOURHOOD_140,DIVISION,x,y
16143,81452838,,12/1/2019 10:00:00 AM,2010,LAWRENCE AVE E,AINSDALE RD,5 m East of,Major Arterial,Scarborough,43.745898,-79.292285,At Intersection,No Control,Snow,"Dark, artificial",Loose Snow,Non-Fatal Injury,Rear End,Driver,25 to 29,None,,East,"Automobile, Station Wagon",Going Ahead,Speed too Fast For Condition,Had Been Drinking,,,,,,,,,Yes,,,,,Yes,Yes,Yes,,,,119,Wexford/Maryvale,119,Wexford/Maryvale (119),D41,637498.7114,4845067.0517
16144,81452839,,12/1/2019 10:00:00 AM,2010,LAWRENCE AVE E,AINSDALE RD,5 m East of,Major Arterial,Scarborough,43.745898,-79.292285,At Intersection,No Control,Snow,"Dark, artificial",Loose Snow,Non-Fatal Injury,Rear End,Driver,50 to 54,None,,East,"Automobile, Station Wagon",Going Ahead,Driving Properly,Normal,,,,,,,,,Yes,,,,,Yes,Yes,Yes,,,,119,Wexford/Maryvale,119,Wexford/Maryvale (119),D41,637498.7114,4845067.0517
16145,81452840,,12/1/2019 10:00:00 AM,2010,LAWRENCE AVE E,AINSDALE RD,5 m East of,Major Arterial,Scarborough,43.745898,-79.292285,At Intersection,No Control,Snow,"Dark, artificial",Loose Snow,Non-Fatal Injury,Rear End,Driver,50 to 54,Minor,,West,"Automobile, Station Wagon",Going Ahead,Driving Properly,Normal,,,,,,,,,Yes,,,,,Yes,Yes,Yes,,,,119,Wexford/Maryvale,119,Wexford/Maryvale (119),D41,637498.7114,4845067.0517
16146,81452841,,12/1/2019 10:00:00 AM,2010,LAWRENCE AVE E,AINSDALE RD,5 m East of,Major Arterial,Scarborough,43.745898,-79.292285,At Intersection,No Control,Snow,"Dark, artificial",Loose Snow,Non-Fatal Injury,Rear End,Driver,25 to 29,None,,West,"Automobile, Station Wagon",Going Ahead,Driving Properly,Normal,,,,,,,,,Yes,,,,,Yes,Yes,Yes,,,,119,Wexford/Maryvale,119,Wexford/Maryvale (119),D41,637498.7114,4845067.0517
16147,81452842,,12/1/2019 10:00:00 AM,2010,LAWRENCE AVE E,AINSDALE RD,5 m East of,Major Arterial,Scarborough,43.745898,-79.292285,At Intersection,No Control,Snow,"Dark, artificial",Loose Snow,Non-Fatal Injury,Rear End,Passenger,20 to 24,Major,,,,,,,,,,,,,,,Yes,,,,,Yes,Yes,Yes,,,,119,Wexford/Maryvale,119,Wexford/Maryvale (119),D41,637498.7114,4845067.0517
16148,81452843,,12/1/2019 10:00:00 AM,2010,LAWRENCE AVE E,AINSDALE RD,5 m East of,Major Arterial,Scarborough,43.745898,-79.292285,At Intersection,No Control,Snow,"Dark, artificial",Loose Snow,Non-Fatal Injury,Rear End,Passenger,30 to 34,None,,,,,,,,,,,,,,,Yes,,,,,Yes,Yes,Yes,,,,119,Wexford/Maryvale,119,Wexford/Maryvale (119),D41,637498.7114,4845067.0517
16149,81452844,,12/1/2019 10:00:00 AM,2010,LAWRENCE AVE E,AINSDALE RD,5 m East of,Major Arterial,Scarborough,43.745898,-79.292285,At Intersection,No Control,Snow,"Dark, artificial",Loose Snow,Non-Fatal Injury,Rear End,Passenger,30 to 34,Minimal,,,,,,,,,,,,,,,Yes,,,,,Yes,Yes,Yes,,,,119,Wexford/Maryvale,119,Wexford/Maryvale (119),D41,637498.7114,4845067.0517
16150,81452845,,12/1/2019 10:00:00 AM,2010,LAWRENCE AVE E,AINSDALE RD,5 m East of,Major Arterial,Scarborough,43.745898,-79.292285,At Intersection,No Control,Snow,"Dark, artificial",Loose Snow,Non-Fatal Injury,Rear End,Passenger,35 to 39,None,,,,,,,,,,,,,,,Yes,,,,,Yes,Yes,Yes,,,,119,Wexford/Maryvale,119,Wexford/Maryvale (119),D41,637498.7114,4845067.0517
16151,81338695,,12/3/2019 10:00:00 AM,1030,MARKHAM  RD,FINCH  AVE E,1 m North of,Major Arterial,Scarborough,43.812899,-79.243037,Intersection Related,Traffic Signal,Clear,Daylight,Wet,Non-Fatal Injury,Pedestrian Collisions,Driver,55 to 59,None,,East,"Automobile, Station Wagon",Turning Left,Failed to Yield Right of Way,Normal,,,,,,,Yes,,Yes,,,,,,,Yes,,,,145,Malvern West,132,Malvern (132),D42,641306.0874,4852591.4955
16152,81338696,,12/3/2019 10:00:00 AM,1030,MARKHAM  RD,FINCH  AVE E,1 m North of,Major Arterial,Scarborough,43.812899,-79.243037,Intersection Related,Traffic Signal,Clear,Daylight,Wet,Non-Fatal Injury,Pedestrian Collisions,Pedestrian,70 to 74,Major,,West,,,,,Vehicle turns left while ped crosses with ROW at inter.,Crossing with right of way,Normal,,,,Yes,,Yes,,,,,,,Yes,,,,145,Malvern West,132,Malvern (132),D42,641306.0874,4852591.4955
16153,81338458,,12/6/2019 10:00:00 AM,1720,3680 KEELE ST,,56 m South o,Major Arterial,North York,43.753894,-79.488605,Non Intersection,No Control,Clear,Dark,Wet,Fatal,Pedestrian Collisions,Pedestrian,75 to 79,Fatal,64,East,,Going Ahead,,,Pedestrian hit at mid-block,"Crossing, no Traffic Control",Inattentive,,,,Yes,,Yes,,,,,,,,,,,27,York University Heights,27,York University Heights (27),D31,621675.4266,4845647.9979
16154,81393714,,12/6/2019 10:00:00 AM,1720,3680 KEELE ST,,56 m South o,Major Arterial,North York,43.753894,-79.488605,Non Intersection,No Control,Clear,Dark,Wet,Fatal,Pedestrian Collisions,Driver,25 to 29,None,,South,"Automobile, Station Wagon",Going Ahead,Driving Properly,Normal,,,,,,,Yes,,Yes,,,,,,,,,,,27,York University Heights,27,York University Heights (27),D31,621675.4266,4845647.9979
16155,81338709,,12/6/2019 10:00:00 AM,1800,EGLINTON AVE E,BRENTCLIFFE RD,,Major Arterial,North York,43.714533,-79.359782,At Intersection,Traffic Signal,Snow,"Dark, artificial",Wet,Non-Fatal Injury,Pedestrian Collisions,Driver,45 to 49,None,,West,"Automobile, Station Wagon",Going Ahead,Driving Properly,Normal,,,,,,,Yes,,Yes,,,,,,,,,,,55,Thorncliffe Park,55,Thorncliffe Park (55),D53,632133.0076,4841473.6887
16156,81338710,,12/6/2019 10:00:00 AM,1800,EGLINTON AVE E,BRENTCLIFFE RD,,Major Arterial,North York,43.714533,-79.359782,At Intersection,Traffic Signal,Snow,"Dark, artificial",Wet,Non-Fatal Injury,Pedestrian Collisions,Pedestrian,55 to 59,Major,,North,,,,,Vehicle is going straight thru inter.while ped cross without ROW,Crossing without right of way,Medical or Physical Disability,,,,Yes,,Yes,,,,,,,,,,,55,Thorncliffe Park,55,Thorncliffe Park (55),D53,632133.0076,4841473.6887
16157,81463502,,12/8/2019 10:00:00 AM,1205,DANFORTH AVE,ST DUNSTAN DR,5 m East of,Major Arterial,Scarborough,43.691786,-79.285472,At Intersection,Stop Sign,Clear,Daylight,Dry,Non-Fatal Injury,Turning Movement,Driver,35 to 39,None,,South,"Automobile, Station Wagon",Turning Left,Failed to Yield Right of Way,Inattentive,,,,,,,,,Yes,Yes,,,,,Yes,Yes,,,,121,Oakridge,121,Oakridge (121),D41,638171.604,4839068.4557
16158,81463503,,12/8/2019 10:00:00 AM,1205,DANFORTH AVE,ST DUNSTAN DR,5 m East of,Major Arterial,Scarborough,43.691786,-79.285472,At Intersection,Stop Sign,Clear,Daylight,Dry,Non-Fatal Injury,Turning Movement,Motorcycle Driver,40 to 44,Major,,East,Motorcycle,Going Ahead,Exceeding Speed Limit,Unknown,,,,,,,,,Yes,Yes,,,,,Yes,Yes,,,,121,Oakridge,121,Oakridge (121),D41,638171.604,4839068.4557
16159,81463504,,12/8/2019 10:00:00 AM,1205,DANFORTH AVE,ST DUNSTAN DR,5 m East of,Major Arterial,Scarborough,43.691786,-79.285472,At Intersection,Stop Sign,Clear,Daylight,Dry,Non-Fatal Injury,Turning Movement,Driver,45 to 49,None,,West,"Automobile, Station Wagon",Going Ahead,Driving Properly,Normal,,,,,,,,,Yes,Yes,,,,,Yes,Yes,,,,121,Oakridge,121,Oakridge (121),D41,638171.604,4839068.4557
16160,81339299,,12/9/2019 10:00:00 AM,1732,DANFORTH AVE,ARUNDEL AVE,2 m East of,Major Arterial,Toronto and East York,43.677722,-79.350711,At Intersection,Stop Sign,Clear,"Dark, artificial",Wet,Non-Fatal Injury,Pedestrian Collisions,Driver,25 to 29,None,,South,"Automobile, Station Wagon",Turning Left,Driving Properly,Normal,,,,,,,Yes,,Yes,,,,,Yes,,,,,,68,North Riverdale,68,North Riverdale (68),D55,632945.0827,4837399.8118
16161,81339300,,12/9/2019 10:00:00 AM,1732,DANFORTH AVE,ARUNDEL AVE,2 m East of,Major Arterial,Toronto and East York,43.677722,-79.350711,At Intersection,Stop Sign,Clear,"Dark, artificial",Wet,Non-Fatal Injury,Pedestrian Collisions,Pedestrian,50 to 54,Major,,East,,,,,Vehicle turns left while ped crosses without ROW at inter.,Crossing without right of way,Normal,,,,Yes,,Yes,,,,,Yes,,,,,,68,North Riverdale,68,North Riverdale (68),D55,632945.0827,4837399.8118
16162,81339301,,12/9/2019 10:00:00 AM,1732,DANFORTH AVE,ARUNDEL AVE,2 m East of,Major Arterial,Toronto and East York,43.677722,-79.350711,At Intersection,Stop Sign,Clear,"Dark, artificial",Wet,Non-Fatal Injury,Pedestrian Collisions,Passenger,20 to 24,None,,,,,,,,,,,,,Yes,,Yes,,,,,Yes,,,,,,68,North Riverdale,68,North Riverdale (68),D55,632945.0827,4837399.8118
16163,81339302,,12/9/2019 10:00:00 AM,1732,DANFORTH AVE,ARUNDEL AVE,2 m East of,Major Arterial,Toronto and East York,43.677722,-79.350711,At Intersection,Stop Sign,Clear,"Dark, artificial",Wet,Non-Fatal Injury,Pedestrian Collisions,Passenger,25 to 29,None,,,,,,,,,,,,,Yes,,Yes,,,,,Yes,,,,,,68,North Riverdale,68,North Riverdale (68),D55,632945.0827,4837399.8118
16164,81339379,,12/10/2019 10:00:00 AM,1454,SHEPPARD AVE W,SENLAC RD,,Major Arterial,North York,43.75894,-79.422542,At Intersection,Traffic Signal,Clear,Daylight,Dry,Fatal,Turning Movement,Driver,80 to 84,Fatal,63,West,"Automobile, Station Wagon",Going Ahead,Disobeyed Traffic Control,Inattentive,,,,,,,,,Yes,,,,,Yes,,Yes,Yes,,,38,Lansing-Westgate,38,Lansing-Westgate (38),D32,626983.2257,4846307.5987
16165,81339380,,12/10/2019 10:00:00 AM,1454,SHEPPARD AVE W,SENLAC RD,,Major Arterial,North York,43.75894,-79.422542,At Intersection,Traffic Signal,Clear,Daylight,Dry,Fatal,Turning Movement,Driver,45 to 49,None,,East,"Automobile, Station Wagon",Turning Left,Speed too Slow,Inattentive,,,,,,,,,Yes,,,,,Yes,,Yes,Yes,,,38,Lansing-Westgate,38,Lansing-Westgate (38),D32,626983.2257,4846307.5987
16166,81339381,,12/10/2019 10:00:00 AM,1454,SHEPPARD AVE W,SENLAC RD,,Major Arterial,North York,43.75894,-79.422542,At Intersection,Traffic Signal,Clear,Daylight,Dry,Fatal,Turning Movement,Passenger,75 to 79,Major,,,,,,,,,,,,,,,Yes,,,,,Yes,,Yes,Yes,,,38,Lansing-Westgate,38,Lansing-Westgate (38),D32,626983.2257,4846307.5987
16167,81426228,,12/11/2019 10:00:00 AM,1725,EGLINTON AVE E,VICTORIA PARK AVE,10 m North o,Major Arterial,North York,43.72465,-79.302608,At Intersection,Traffic Signal,Clear,"Dark, artificial",Dry,Non-Fatal Injury,Pedestrian Collisions,Driver,55 to 59,None,,East,"Automobile, Station Wagon",Turning Left,Failed to Yield Right of Way,Inattentive,,,,,,,Yes,,Yes,,,,,,,Yes,,,,120,Clairlea-Birchmount,120,Clairlea-Birchmount (120),D41,636715.88,4842690.0628
16168,81426229,,12/11/2019 10:00:00 AM,1725,EGLINTON AVE E,VICTORIA PARK AVE,10 m North o,Major Arterial,North York,43.72465,-79.302608,At Intersection,Traffic Signal,Clear,"Dark, artificial",Dry,Non-Fatal Injury,Pedestrian Collisions,Pedestrian,40 to 44,Major,,East,,,,,Vehicle turns left while ped crosses with ROW at inter.,Crossing with right of way,Normal,,,,Yes,,Yes,,,,,,,Yes,,,,120,Clairlea-Birchmount,120,Clairlea-Birchmount (120),D41,636715.88,4842690.0628
16169,81338624,,12/11/2019 10:00:00 AM,1843,REXDALE BLVD,QUEENS PLATE DR,,Major Arterial,Etobicoke York,43.719103,-79.60345,At Intersection,Traffic Signal,Clear,"Dark, artificial",Dry,Fatal,,Driver,70 to 74,Minimal,,North,"Automobile, Station Wagon",Turning Left,Improper Turn,Normal,,,,,,,,,Yes,,,,,Yes,,,,,,1,West Humber-Clairville,1,West Humber-Clairville (1),D23,612494.8493,4841621.6729
16170,81338625,,12/11/2019 10:00:00 AM,1843,REXDALE BLVD,QUEENS PLATE DR,,Major Arterial,Etobicoke York,43.719103,-79.60345,At Intersection,Traffic Signal,Clear,"Dark, artificial",Dry,Fatal,,Driver,25 to 29,Minimal,,West,"Automobile, Station Wagon",Going Ahead,Driving Properly,Normal,,,,,,,,,Yes,,,,,Yes,,,,,,1,West Humber-Clairville,1,West Humber-Clairville (1),D23,612494.8493,4841621.6729
16171,81338626,,12/11/2019 10:00:00 AM,1843,REXDALE BLVD,QUEENS PLATE DR,,Major Arterial,Etobicoke York,43.719103,-79.60345,At Intersection,Traffic Signal,Clear,"Dark, artificial",Dry,Fatal,,Passenger,70 to 74,Fatal,59,,,,,,,,,,,,,,Yes,,,,,Yes,,,,,,1,West Humber-Clairville,1,West Humber-Clairville (1),D23,612494.8493,4841621.6729
16172,81339078,,12/11/2019 10:00:00 AM,1843,REXDALE BLVD,QUEENS PLATE DR,,Major Arterial,Etobicoke York,43.719103,-79.60345,At Intersection,Traffic Signal,Clear,"Dark, artificial",Dry,Fatal,,Driver,75 to 79,None,,East,"Automobile, Station Wagon",Stopped,Driving Properly,Normal,,,,,,,,,Yes,,,,,Yes,,,,,,1,West Humber-Clairville,1,West Humber-Clairville (1),D23,612494.8493,4841621.6729
16173,81453369,,12/13/2019 10:00:00 AM,1653,BLOOR ST W,ABERFOYLE CRES,,Major Arterial,Etobicoke York,43.645594,-79.518939,At Intersection,Traffic Signal,Clear,"Dusk, artificial",Dry,Non-Fatal Injury,Cyclist Collisions,Driver,40 to 44,None,,South,"Automobile, Station Wagon",Turning Right,Failed to Yield Right of Way,Normal,,,,,,,,Yes,Yes,,,,,,,Yes,,,,16,Stonegate-Queensway,16,Stonegate-Queensway (16),D22,619448.2147,4833575.6904
16174,81453370,,12/13/2019 10:00:00 AM,1653,BLOOR ST W,ABERFOYLE CRES,,Major Arterial,Etobicoke York,43.645594,-79.518939,At Intersection,Traffic Signal,Clear,"Dusk, artificial",Dry,Non-Fatal Injury,Cyclist Collisions,Cyclist,15 to 19,Major,,East,Bicycle,Going Ahead,,,,,,Motorist turning right on red at signalized intersection strikes cyclist.,Other,Normal,,Yes,Yes,,,,,,,Yes,,,,16,Stonegate-Queensway,16,Stonegate-Queensway (16),D22,619448.2147,4833575.6904
16175,81339402,,12/13/2019 10:00:00 AM,2041,SHEPPARD AVE W,KEELE ST,1 m West of,Major Arterial,North York,43.744704,-79.486408,At Intersection,Traffic Signal,Clear,"Dark, artificial",Dry,Non-Fatal Injury,Pedestrian Collisions,Driver,65 to 69,None,,North,"Automobile, Station Wagon",Turning Left,Failed to Yield Right of Way,Normal,,,,,,,Yes,,Yes,,,,,,,Yes,,,,155,Downsview,26,Downsview-Roding-CFB (26),D31,621870.9481,4844630.5435
16176,81339403,,12/13/2019 10:00:00 AM,2041,SHEPPARD AVE W,KEELE ST,1 m West of,Major Arterial,North York,43.744704,-79.486408,At Intersection,Traffic Signal,Clear,"Dark, artificial",Dry,Non-Fatal Injury,Pedestrian Collisions,Pedestrian,50 to 54,Major,,North,,,,,Vehicle turns left while ped crosses with ROW at inter.,Crossing with right of way,Normal,,,,Yes,,Yes,,,,,,,Yes,,,,155,Downsview,26,Downsview-Roding-CFB (26),D31,621870.9481,4844630.5435
16177,81461641,,12/14/2019 10:00:00 AM,720,LAWRENCE AVE W,ALLEN X N LAWRENCE RAMP,,Major Arterial,North York,43.716246,-79.443179,At Intersection,Traffic Signal,Rain,Daylight,Wet,Non-Fatal Injury,Turning Movement,Driver,35 to 39,Major,,West,"Automobile, Station Wagon",Going Ahead,Disobeyed Traffic Control,Normal,,,,,,,,,Yes,,,,,,,Yes,Yes,,,32,Englemount-Lawrence,32,Englemount-Lawrence (32),D13,625411.0586,4841534.3753
16178,81461642,,12/14/2019 10:00:00 AM,720,LAWRENCE AVE W,ALLEN X N LAWRENCE RAMP,,Major Arterial,North York,43.716246,-79.443179,At Intersection,Traffic Signal,Rain,Daylight,Wet,Non-Fatal Injury,Turning Movement,Driver,45 to 49,None,,North,"Automobile, Station Wagon",Turning Left,Driving Properly,Normal,,,,,,,,,Yes,,,,,,,Yes,Yes,,,32,Englemount-Lawrence,32,Englemount-Lawrence (32),D13,625411.0586,4841534.3753
16179,81454092,,12/14/2019 10:00:00 AM,1705,YORK MILLS RD,SCARSDALE RD,,Major Arterial,North York,43.753421,-79.357456,At Intersection,Traffic Signal,Rain,"Dark, artificial",Wet,Non-Fatal Injury,Cyclist Collisions,Driver,50 to 54,None,,South,"Automobile, Station Wagon",Turning Right,Failed to Yield Right of Way,Normal,,,,,,,,Yes,Yes,,,,,,,Yes,,,,42,Banbury-Don Mills,42,Banbury-Don Mills (42),D33,632234.7673,4845796.4825
16180,81454093,,12/14/2019 10:00:00 AM,1705,YORK MILLS RD,SCARSDALE RD,,Major Arterial,North York,43.753421,-79.357456,At Intersection,Traffic Signal,Rain,"Dark, artificial",Wet,Non-Fatal Injury,Cyclist Collisions,Cyclist,40 to 44,Major,,West,Bicycle,Going Ahead,,,,,,Motorist turning right on red at signalized intersection strikes cyclist.,Driving Properly,Normal,,Yes,Yes,,,,,,,Yes,,,,42,Banbury-Don Mills,42,Banbury-Don Mills (42),D33,632234.7673,4845796.4825
16181,81340512,,12/14/2019 10:00:00 AM,1815,20 ANTRIM CRES,,50 m West of,Collector,Scarborough,43.771231,-79.285022,Non Intersection,No Control,Rain,"Dark, artificial",Wet,Non-Fatal Injury,Pedestrian Collisions,Pedestrian,55 to 59,Major,,North,,,,,Pedestrian hit at mid-block,"Crossing, no Traffic Control",Normal,,,,Yes,,,,,,,,,,,,,126,Dorset Park,126,Dorset Park (126),D41,638025.2433,4847892.7504
16182,81542014,,12/14/2019 10:00:00 AM,1815,20 ANTRIM CRES,,50 m West of,Collector,Scarborough,43.771231,-79.285022,Non Intersection,No Control,Rain,"Dark, artificial",Wet,Non-Fatal Injury,Pedestrian Collisions,Driver,unknown,None,,West,,Going Ahead,Other,Unknown,,,,,,,Yes,,,,,,,,,,,,,126,Dorset Park,126,Dorset Park (126),D41,638025.2433,4847892.7504
16183,81338623,,12/15/2019 10:00:00 AM,129,LAWRENCE AVE E,BARRYMORE RD,,Major Arterial,Scarborough,43.754496,-79.250018,Non Intersection,No Control,,Dark,,Fatal,Pedestrian Collisions,Driver,20 to 24,,,East,"Automobile, Station Wagon",Going Ahead,Driving Properly,Unknown,,,,,,,Yes,,Yes,,,,,,,,,,,157,Bendale South,127,Bendale (127),D43,640881.7538,4846093.0177
16184,81339079,,12/15/2019 10:00:00 AM,129,LAWRENCE AVE E,BARRYMORE RD,,Major Arterial,Scarborough,43.754496,-79.250018,Non Intersection,No Control,,Dark,,Fatal,Pedestrian Collisions,Pedestrian,75 to 79,Fatal,60,South,,,,,Pedestrian hit at mid-block,"Crossing, no Traffic Control",Unknown,,,,Yes,,Yes,,,,,,,,,,,157,Bendale South,127,Bendale (127),D43,640881.7538,4846093.0177
16185,81465114,,12/15/2019 10:00:00 AM,309,MOUNT PLEASANT RD,SOUDAN AVE,,Major Arterial,Toronto and East York,43.706015,-79.389255,At Intersection,Traffic Signal,Clear,Dark,Dry,Non-Fatal Injury,Rear End,Driver,20 to 24,None,,North,"Automobile, Station Wagon",Slowing or Stopping,Driving Properly,Normal,,,,,,,,,Yes,,,,,Yes,Yes,Yes,,,,99,Mount Pleasant East,99,Mount Pleasant East (99),D53,629777.0749,4840481.0818
16186,81465115,,12/15/2019 10:00:00 AM,309,MOUNT PLEASANT RD,SOUDAN AVE,,Major Arterial,Toronto and East York,43.706015,-79.389255,At Intersection,Traffic Signal,Clear,Dark,Dry,Non-Fatal Injury,Rear End,Driver,55 to 59,Minimal,,North,"Automobile, Station Wagon",Going Ahead,Lost control,Inattentive,,,,,,,,,Yes,,,,,Yes,Yes,Yes,,,,99,Mount Pleasant East,99,Mount Pleasant East (99),D53,629777.0749,4840481.0818
16187,81465116,,12/15/2019 10:00:00 AM,309,MOUNT PLEASANT RD,SOUDAN AVE,,Major Arterial,Toronto and East York,43.706015,-79.389255,At Intersection,Traffic Signal,Clear,Dark,Dry,Non-Fatal Injury,Rear End,Passenger,30 to 34,Major,,,,,,,,,,,,,,,Yes,,,,,Yes,Yes,Yes,,,,99,Mount Pleasant East,99,Mount Pleasant East (99),D53,629777.0749,4840481.0818
16188,81340424,,12/16/2019 10:00:00 AM,1555,4600 DUNDAS ST W,,No.4600 (Dri,Major Arterial,Etobicoke York,43.656188,-79.521854,At/Near Private Drive,No Control,Clear,Daylight,Dry,Non-Fatal Injury,Approaching,Driver,75 to 79,Major,,West,"Automobile, Station Wagon",Going Ahead,Lost control,Had Been Drinking,,,,,,,,,Yes,,,,,Yes,,,,,,15,Kingsway South,15,Kingsway South (15),D22,619192.1595,4834748.0981
16189,81340425,,12/16/2019 10:00:00 AM,1555,4600 DUNDAS ST W,,No.4600 (Dri,Major Arterial,Etobicoke York,43.656188,-79.521854,At/Near Private Drive,No Control,Clear,Daylight,Dry,Non-Fatal Injury,Approaching,Driver,70 to 74,Minor,,East,"Automobile, Station Wagon",Stopped,Driving Properly,Normal,,,,,,,,,Yes,,,,,Yes,,,,,,15,Kingsway South,15,Kingsway South (15),D22,619192.1595,4834748.0981
16190,81340426,,12/16/2019 10:00:00 AM,1555,4600 DUNDAS ST W,,No.4600 (Dri,Major Arterial,Etobicoke York,43.656188,-79.521854,At/Near Private Drive,No Control,Clear,Daylight,Dry,Non-Fatal Injury,Approaching,Passenger,65 to 69,Minor,,,,,,,,,,,,,,,Yes,,,,,Yes,,,,,,15,Kingsway South,15,Kingsway South (15),D22,619192.1595,4834748.0981
16191,81455673,,12/18/2019 10:00:00 AM,1538,MARINE PARADE DR,WATERFRONT DR,96 m West of,Collector,Etobicoke York,43.628398,-79.475986,Non Intersection,No Control,Clear,"Dark, artificial",Dry,Non-Fatal Injury,Rear End,Driver,70 to 74,Major,,East,"Automobile, Station Wagon",Going Ahead,Failed to Yield Right of Way,Medical or Physical Disability,,,,,,,,,Yes,,,,,,,Yes,,,Yes,161,Humber Bay Shores,17,Mimico (includes Humber Bay Shores) (17),D22,622947.488,4831728.5734
16192,81455674,,12/18/2019 10:00:00 AM,1538,MARINE PARADE DR,WATERFRONT DR,96 m West of,Collector,Etobicoke York,43.628398,-79.475986,Non Intersection,No Control,Clear,"Dark, artificial",Dry,Non-Fatal Injury,Rear End,Driver,30 to 34,Minor,,East,"Automobile, Station Wagon",Stopped,Driving Properly,Normal,,,,,,,,,Yes,,,,,,,Yes,,,Yes,161,Humber Bay Shores,17,Mimico (includes Humber Bay Shores) (17),D22,622947.488,4831728.5734
16193,81459749,,12/18/2019 10:00:00 AM,1945,NEWARK RD,SCARBOROUGH GOLF CLUB RD,,Local,Scarborough,43.775607,-79.221019,At Intersection,Stop Sign,Clear,"Dusk, artificial",Dry,Non-Fatal Injury,SMV Other,Driver,30 to 34,Major,,West,"Automobile, Station Wagon",Going Ahead,Lost control,Other,,,,,,,,,Yes,,,,,,,,,,,135,Morningside,135,Morningside (135),D43,643165.9649,4848487.4601
16194,81449082,,12/20/2019 10:00:00 AM,1230,MCCOWAN RD,TOWN CENTRE CRT,3 m South of,Major Arterial,Scarborough,43.774501,-79.2522,Intersection Related,Traffic Signal,Clear,Daylight,Dry,Non-Fatal Injury,Rear End,Driver,75 to 79,None,,South,"Automobile, Station Wagon",Going Ahead,Following too Close,Normal,,,,,,,,,Yes,,,,,Yes,,Yes,,,,142,Woburn North,137,Woburn (137),D43,640659.1943,4848311.1736
16195,81449083,,12/20/2019 10:00:00 AM,1230,MCCOWAN RD,TOWN CENTRE CRT,3 m South of,Major Arterial,Scarborough,43.774501,-79.2522,Intersection Related,Traffic Signal,Clear,Daylight,Dry,Non-Fatal Injury,Rear End,Driver,30 to 34,None,,South,"Automobile, Station Wagon",Stopped,Driving Properly,Normal,,,,,,,,,Yes,,,,,Yes,,Yes,,,,142,Woburn North,137,Woburn (137),D43,640659.1943,4848311.1736
16196,81449084,,12/20/2019 10:00:00 AM,1230,MCCOWAN RD,TOWN CENTRE CRT,3 m South of,Major Arterial,Scarborough,43.774501,-79.2522,Intersection Related,Traffic Signal,Clear,Daylight,Dry,Non-Fatal Injury,Rear End,Passenger,80 to 84,Major,,,,,,,,,,,,,,,Yes,,,,,Yes,,Yes,,,,142,Woburn North,137,Woburn (137),D43,640659.1943,4848311.1736
16197,81449085,,12/20/2019 10:00:00 AM,1230,MCCOWAN RD,TOWN CENTRE CRT,3 m South of,Major Arterial,Scarborough,43.774501,-79.2522,Intersection Related,Traffic Signal,Clear,Daylight,Dry,Non-Fatal Injury,Rear End,Passenger,40 to 44,Minimal,,,,,,,,,,,,,,,Yes,,,,,Yes,,Yes,,,,142,Woburn North,137,Woburn (137),D43,640659.1943,4848311.1736
16198,81449086,,12/20/2019 10:00:00 AM,1230,MCCOWAN RD,TOWN CENTRE CRT,3 m South of,Major Arterial,Scarborough,43.774501,-79.2522,Intersection Related,Traffic Signal,Clear,Daylight,Dry,Non-Fatal Injury,Rear End,Passenger,30 to 34,None,,,,,,,,,,,,,,,Yes,,,,,Yes,,Yes,,,,142,Woburn North,137,Woburn (137),D43,640659.1943,4848311.1736
16199,81449087,,12/20/2019 10:00:00 AM,1230,MCCOWAN RD,TOWN CENTRE CRT,3 m South of,Major Arterial,Scarborough,43.774501,-79.2522,Intersection Related,Traffic Signal,Clear,Daylight,Dry,Non-Fatal Injury,Rear End,Passenger,35 to 39,Minimal,,,,,,,,,,,,,,,Yes,,,,,Yes,,Yes,,,,142,Woburn North,137,Woburn (137),D43,640659.1943,4848311.1736
16200,81340379,,12/22/2019 10:00:00 AM,1055,QUEEN ST W,DUNN AVE,15 m West of,Major Arterial,North York,43.640952,-79.434474,Intersection Related,Traffic Signal,Clear,"Daylight, artificial",Wet,Non-Fatal Injury,Pedestrian Collisions,Driver,50 to 54,None,,East,Street Car,Going Ahead,Driving Properly,Normal,,,,,,,Yes,,,,,Yes,,,,,,,,85,South Parkdale,85,South Parkdale (85),D14,626270.1418,4833185.1692