OBJECTID,INDEX,ACCNUM,DATE,TIME,STREET1,STREET2,OFFSET,ROAD_CLASS,DISTRICT,LATITUDE,LONGITUDE,ACCLOC,TRAFFCTL,VISIBILITY,LIGHT,RDSFCOND,ACCLASS,IMPACTYPE,INVTYPE,INVAGE,INJURY,FATAL_NO,INITDIR,VEHTYPE,MANOEUVER,DRIVACT,DRIVCOND,PEDTYPE,PEDACT,PEDCOND,CYCLISTYPE,CYCACT,CYCCOND,PEDESTRIAN,CYCLIST,AUTOMOBILE,MOTORCYCLE,TRUCK,TRSN_CITY_VEH,EMERG_VEH,PASSENGER,SPEEDING,AG_DRIV,REDLIGHT,ALCOHOL,DISABILITY,HOOD_158,NEIGHBOURHOOD_158,HOOD_140,NEIGHBOURHOOD_140,DIVISION,x,y
16201,81340380,,12/22/2019 10:00:00 AM,1055,QUEEN ST W,DUNN AVE,15 m West of,Major Arterial,North York,43.640952,-79.434474,Intersection Related,Traffic Signal,Clear,"Daylight, artificial",Wet,Non-Fatal Injury,Pedestrian Collisions,Pedestrian,80 to 84,Major,,South,,,,,Pedestrian involved in a collision with transit vehicle anywhere along roadway,"Crossing, no Traffic Control",Normal,,,,Yes,,,,,Yes,,,,,,,,85,South Parkdale,85,South Parkdale (85),D14,626270.1418,4833185.1692
16202,81339096,,12/22/2019 10:00:00 AM,1834,PROGRESS AVE,MARKHAM RD,,Major Arterial,Scarborough,43.782126,-79.232982,Non Intersection,No Control,Clear,"Dark, artificial",Wet,Fatal,Pedestrian Collisions,Pedestrian,15 to 19,Fatal,62,Unknown,,,,,Pedestrian hit on sidewalk or shoulder,On Sidewalk or Shoulder,Unknown,,,,Yes,,Yes,,,,,,,,,Yes,,142,Woburn North,137,Woburn (137),D43,642187.7601,4849190.8802
16203,81339097,,12/22/2019 10:00:00 AM,1834,PROGRESS AVE,MARKHAM RD,,Major Arterial,Scarborough,43.782126,-79.232982,Non Intersection,No Control,Clear,"Dark, artificial",Wet,Fatal,Pedestrian Collisions,Pedestrian,20 to 24,Major,,Unknown,,,,,Pedestrian hit on sidewalk or shoulder,On Sidewalk or Shoulder,Unknown,,,,Yes,,Yes,,,,,,,,,Yes,,142,Woburn North,137,Woburn (137),D43,642187.7601,4849190.8802
16204,81339098,,12/22/2019 10:00:00 AM,1834,PROGRESS AVE,MARKHAM RD,,Major Arterial,Scarborough,43.782126,-79.232982,Non Intersection,No Control,Clear,"Dark, artificial",Wet,Fatal,Pedestrian Collisions,Pedestrian,15 to 19,Fatal,61,Unknown,,,,,Pedestrian hit on sidewalk or shoulder,On Sidewalk or Shoulder,Unknown,,,,Yes,,Yes,,,,,,,,,Yes,,142,Woburn North,137,Woburn (137),D43,642187.7601,4849190.8802
16205,81339099,,12/22/2019 10:00:00 AM,1834,PROGRESS AVE,MARKHAM RD,,Major Arterial,Scarborough,43.782126,-79.232982,Non Intersection,No Control,Clear,"Dark, artificial",Wet,Fatal,Pedestrian Collisions,Driver,40 to 44,Minimal,,East,"Automobile, Station Wagon",Going Ahead,Lost control,"Ability Impaired, Alcohol",,,,,,,Yes,,Yes,,,,,,,,,Yes,,142,Woburn North,137,Woburn (137),D43,642187.7601,4849190.8802
16206,81339873,,12/23/2019 10:00:00 AM,657,OLD WESTON RD,TURNBERRY AVE,,Minor Arterial,Toronto and East York,43.678321,-79.464778,At Intersection,Traffic Signal,Clear,Dawn,Wet,Non-Fatal Injury,Pedestrian Collisions,Driver,55 to 59,None,,West,Delivery Van,Turning Right,Failed to Yield Right of Way,Inattentive,,,,,,,Yes,,Yes,,,,,,,Yes,,,,91,Weston-Pelham Park,91,Weston-Pellam Park (91),D12,623749.1062,4837289.8288
16207,81339874,,12/23/2019 10:00:00 AM,657,OLD WESTON RD,TURNBERRY AVE,,Minor Arterial,Toronto and East York,43.678321,-79.464778,At Intersection,Traffic Signal,Clear,Dawn,Wet,Non-Fatal Injury,Pedestrian Collisions,Pedestrian,25 to 29,Major,,East,,,,,Vehicle turns right while ped crosses with ROW at inter.,Crossing with right of way,Normal,,,,Yes,,Yes,,,,,,,Yes,,,,91,Weston-Pelham Park,91,Weston-Pellam Park (91),D12,623749.1062,4837289.8288
16208,81465376,,12/23/2019 10:00:00 AM,1415,ROYAL YORK RD,LAMBETH RD,,Minor Arterial,Etobicoke York,43.660304,-79.517085,At Intersection,No Control,Clear,Daylight,Dry,Non-Fatal Injury,Turning Movement,Driver,65 to 69,Major,,North,"Automobile, Station Wagon",Making U Turn,Improper Turn,Inattentive,,,,,,,,,Yes,,,,,Yes,,Yes,,,,9,Edenbridge-Humber Valley,9,Edenbridge-Humber Valley (9),D22,619568.5473,4835212.0944
16209,81465377,,12/23/2019 10:00:00 AM,1415,ROYAL YORK RD,LAMBETH RD,,Minor Arterial,Etobicoke York,43.660304,-79.517085,At Intersection,No Control,Clear,Daylight,Dry,Non-Fatal Injury,Turning Movement,Driver,55 to 59,Minimal,,South,"Automobile, Station Wagon",Going Ahead,Driving Properly,Normal,,,,,,,,,Yes,,,,,Yes,,Yes,,,,9,Edenbridge-Humber Valley,9,Edenbridge-Humber Valley (9),D22,619568.5473,4835212.0944
16210,81465378,,12/23/2019 10:00:00 AM,1415,ROYAL YORK RD,LAMBETH RD,,Minor Arterial,Etobicoke York,43.660304,-79.517085,At Intersection,No Control,Clear,Daylight,Dry,Non-Fatal Injury,Turning Movement,Passenger,15 to 19,Minor,,,,,,,,,,,,,,,Yes,,,,,Yes,,Yes,,,,9,Edenbridge-Humber Valley,9,Edenbridge-Humber Valley (9),D22,619568.5473,4835212.0944
16211,81340389,,12/25/2019 10:00:00 AM,850,SHEPPARD AVE E,DON MILLS RD,,Major Arterial,North York,43.775035,-79.347003,At Intersection,Traffic Signal,Clear,Daylight,Wet,Non-Fatal Injury,Pedestrian Collisions,Driver,45 to 49,None,,South,"Automobile, Station Wagon",Turning Left,Failed to Yield Right of Way,Inattentive,,,,,,,Yes,,Yes,,,,,,,Yes,,,,53,Henry Farm,53,Henry Farm (53),D33,633028.3881,4848213.7883
16212,81340390,,12/25/2019 10:00:00 AM,850,SHEPPARD AVE E,DON MILLS RD,,Major Arterial,North York,43.775035,-79.347003,At Intersection,Traffic Signal,Clear,Daylight,Wet,Non-Fatal Injury,Pedestrian Collisions,Pedestrian,35 to 39,Major,,North,,,,,Vehicle turns left while ped crosses with ROW at inter.,Crossing with right of way,Normal,,,,Yes,,Yes,,,,,,,Yes,,,,53,Henry Farm,53,Henry Farm (53),D33,633028.3881,4848213.7883
16213,81340529,,12/25/2019 10:00:00 AM,2118,LAKE SHORE BLVD E,LOWER JARVIS ST,,Major Arterial,Toronto and East York,43.645556,-79.369808,At Intersection,Traffic Signal,Clear,"Dark, artificial",Dry,Non-Fatal Injury,Turning Movement,Driver,20 to 24,Minimal,,East,"Automobile, Station Wagon",Turning Left,Improper Turn,Normal,,,,,,,,,Yes,,,,,Yes,,,,,,166,St Lawrence-East Bayfront-The Islands,77,Waterfront Communities-The Island (77),D51,631475.8987,4833796.9151
16214,81340530,,12/25/2019 10:00:00 AM,2118,LAKE SHORE BLVD E,LOWER JARVIS ST,,Major Arterial,Toronto and East York,43.645556,-79.369808,At Intersection,Traffic Signal,Clear,"Dark, artificial",Dry,Non-Fatal Injury,Turning Movement,Driver,60 to 64,Minimal,,West,"Automobile, Station Wagon",Going Ahead,Driving Properly,Normal,,,,,,,,,Yes,,,,,Yes,,,,,,166,St Lawrence-East Bayfront-The Islands,77,Waterfront Communities-The Island (77),D51,631475.8987,4833796.9151
16215,81340531,,12/25/2019 10:00:00 AM,2118,LAKE SHORE BLVD E,LOWER JARVIS ST,,Major Arterial,Toronto and East York,43.645556,-79.369808,At Intersection,Traffic Signal,Clear,"Dark, artificial",Dry,Non-Fatal Injury,Turning Movement,Driver,45 to 49,Minimal,,West,"Automobile, Station Wagon",Going Ahead,Driving Properly,Normal,,,,,,,,,Yes,,,,,Yes,,,,,,166,St Lawrence-East Bayfront-The Islands,77,Waterfront Communities-The Island (77),D51,631475.8987,4833796.9151
16216,81340532,,12/25/2019 10:00:00 AM,2118,LAKE SHORE BLVD E,LOWER JARVIS ST,,Major Arterial,Toronto and East York,43.645556,-79.369808,At Intersection,Traffic Signal,Clear,"Dark, artificial",Dry,Non-Fatal Injury,Turning Movement,Passenger,25 to 29,Minor,,,,,,,,,,,,,,,Yes,,,,,Yes,,,,,,166,St Lawrence-East Bayfront-The Islands,77,Waterfront Communities-The Island (77),D51,631475.8987,4833796.9151
16217,81340533,,12/25/2019 10:00:00 AM,2118,LAKE SHORE BLVD E,LOWER JARVIS ST,,Major Arterial,Toronto and East York,43.645556,-79.369808,At Intersection,Traffic Signal,Clear,"Dark, artificial",Dry,Non-Fatal Injury,Turning Movement,Passenger,80 to 84,Major,,,,,,,,,,,,,,,Yes,,,,,Yes,,,,,,166,St Lawrence-East Bayfront-The Islands,77,Waterfront Communities-The Island (77),D51,631475.8987,4833796.9151
16218,81340534,,12/25/2019 10:00:00 AM,2118,LAKE SHORE BLVD E,LOWER JARVIS ST,,Major Arterial,Toronto and East York,43.645556,-79.369808,At Intersection,Traffic Signal,Clear,"Dark, artificial",Dry,Non-Fatal Injury,Turning Movement,Passenger,30 to 34,Minimal,,,,,,,,,,,,,,,Yes,,,,,Yes,,,,,,166,St Lawrence-East Bayfront-The Islands,77,Waterfront Communities-The Island (77),D51,631475.8987,4833796.9151
16219,81340535,,12/25/2019 10:00:00 AM,2118,LAKE SHORE BLVD E,LOWER JARVIS ST,,Major Arterial,Toronto and East York,43.645556,-79.369808,At Intersection,Traffic Signal,Clear,"Dark, artificial",Dry,Non-Fatal Injury,Turning Movement,Passenger,0 to 4,Minimal,,,,,,,,,,,,,,,Yes,,,,,Yes,,,,,,166,St Lawrence-East Bayfront-The Islands,77,Waterfront Communities-The Island (77),D51,631475.8987,4833796.9151
16220,81340536,,12/25/2019 10:00:00 AM,2118,LAKE SHORE BLVD E,LOWER JARVIS ST,,Major Arterial,Toronto and East York,43.645556,-79.369808,At Intersection,Traffic Signal,Clear,"Dark, artificial",Dry,Non-Fatal Injury,Turning Movement,Passenger,0 to 4,Minimal,,,,,,,,,,,,,,,Yes,,,,,Yes,,,,,,166,St Lawrence-East Bayfront-The Islands,77,Waterfront Communities-The Island (77),D51,631475.8987,4833796.9151
16221,81356467,,12/27/2019 10:00:00 AM,2324,2901 JANE  ST,,3 m East of,Major Arterial,Etobicoke York,43.753241,-79.51665,Non Intersection,No Control,Clear,"Dark, artificial",Dry,Non-Fatal Injury,Pedestrian Collisions,Driver,20 to 24,None,,North,"Automobile, Station Wagon",Going Ahead,Driving Properly,Normal,,,,,,,Yes,,Yes,,,,,,,Yes,,,,25,Glenfield-Jane Heights,25,Glenfield-Jane Heights (25),D31,619418.9347,4845534.6576
16222,81356468,,12/27/2019 10:00:00 AM,2324,2901 JANE  ST,,3 m East of,Major Arterial,Etobicoke York,43.753241,-79.51665,Non Intersection,No Control,Clear,"Dark, artificial",Dry,Non-Fatal Injury,Pedestrian Collisions,Pedestrian,10 to 14,Major,,West,,,,,Pedestrian hit at mid-block,"Crossing, no Traffic Control",Inattentive,,,,Yes,,Yes,,,,,,,Yes,,,,25,Glenfield-Jane Heights,25,Glenfield-Jane Heights (25),D31,619418.9347,4845534.6576
16223,81542247,,12/28/2019 10:00:00 AM,215,O CONNOR DR,DONLANDS AVE,100 m East o,Major Arterial,Toronto and East York,43.694651,-79.343074,At Intersection,Traffic Signal,Clear,"Dark, artificial",Dry,Non-Fatal Injury,Pedestrian Collisions,Driver,unknown,None,,South,Delivery Van,Turning Left,Driving Properly,Unknown,,,,,,,Yes,,Yes,,,,,,,,,,,58,Old East York,58,Old East York (58),D55,633523.1225,4839292.2814
16224,81542248,,12/28/2019 10:00:00 AM,215,O CONNOR DR,DONLANDS AVE,100 m East o,Major Arterial,Toronto and East York,43.694651,-79.343074,At Intersection,Traffic Signal,Clear,"Dark, artificial",Dry,Non-Fatal Injury,Pedestrian Collisions,Pedestrian,20 to 24,Major,,Unknown,,,,,Other / Undefined,Other,Unknown,,,,Yes,,Yes,,,,,,,,,,,58,Old East York,58,Old East York (58),D55,633523.1225,4839292.2814
16225,81409967,,12/28/2019 10:00:00 AM,1439,1325 ST CLAIR AVE W,,,Major Arterial,Etobicoke York,43.676577,-79.448985,Non Intersection,No Control,Clear,Daylight,Dry,Non-Fatal Injury,Pedestrian Collisions,Driver,40 to 44,None,,West,"Automobile, Station Wagon",Reversing,Other,Normal,,,,,,,Yes,,Yes,,,,,,,,,,,92,Corso Italia-Davenport,92,Corso Italia-Davenport (92),D13,625025.7607,4837119.8181
16226,81409968,,12/28/2019 10:00:00 AM,1439,1325 ST CLAIR AVE W,,,Major Arterial,Etobicoke York,43.676577,-79.448985,Non Intersection,No Control,Clear,Daylight,Dry,Non-Fatal Injury,Pedestrian Collisions,Pedestrian,80 to 84,Major,,Unknown,,,,,Vehicle is reversing and hits pedestrian,Other,Normal,,,,Yes,,Yes,,,,,,,,,,,92,Corso Italia-Davenport,92,Corso Italia-Davenport (92),D13,625025.7607,4837119.8181
16227,81340413,,12/28/2019 10:00:00 AM,1514,GERRARD ST W,BAY ST,,Major Arterial,Toronto and East York,43.658438,-79.384853,At Intersection,Traffic Signal,Clear,Daylight,Dry,Non-Fatal Injury,Pedestrian Collisions,Driver,50 to 54,None,,South,"Automobile, Station Wagon",Going Ahead,Disobeyed Traffic Control,Inattentive,,,,,,,Yes,,Yes,,,,,,,Yes,Yes,,,170,Yonge-Bay Corridor,76,Bay Street Corridor (76),D52,630234.6509,4835203.9058
16228,81340414,,12/28/2019 10:00:00 AM,1514,GERRARD ST W,BAY ST,,Major Arterial,Toronto and East York,43.658438,-79.384853,At Intersection,Traffic Signal,Clear,Daylight,Dry,Non-Fatal Injury,Pedestrian Collisions,Driver,25 to 29,None,,West,"Automobile, Station Wagon",Going Ahead,Driving Properly,Normal,,,,,,,Yes,,Yes,,,,,,,Yes,Yes,,,170,Yonge-Bay Corridor,76,Bay Street Corridor (76),D52,630234.6509,4835203.9058
16229,81340415,,12/28/2019 10:00:00 AM,1514,GERRARD ST W,BAY ST,,Major Arterial,Toronto and East York,43.658438,-79.384853,At Intersection,Traffic Signal,Clear,Daylight,Dry,Non-Fatal Injury,Pedestrian Collisions,Pedestrian,25 to 29,Major,,Unknown,,,,,Pedestrian hit on sidewalk or shoulder,On Sidewalk or Shoulder,Normal,,,,Yes,,Yes,,,,,,,Yes,Yes,,,170,Yonge-Bay Corridor,76,Bay Street Corridor (76),D52,630234.6509,4835203.9058
16230,81462415,,12/28/2019 10:00:00 AM,1740,MARTIN GROVE RD,DIXON RD,,Major Arterial,Etobicoke York,43.691519,-79.570796,At Intersection,Traffic Signal,Clear,Dark,Dry,Non-Fatal Injury,Pedestrian Collisions,Driver,20 to 24,None,,North,"Automobile, Station Wagon",Turning Left,Driving Properly,Normal,,,,,,,Yes,,Yes,,,,,Yes,,,,,,1,West Humber-Clairville,1,West Humber-Clairville (1),D23,615178.0237,4838602.9307
16231,81462416,,12/28/2019 10:00:00 AM,1740,MARTIN GROVE RD,DIXON RD,,Major Arterial,Etobicoke York,43.691519,-79.570796,At Intersection,Traffic Signal,Clear,Dark,Dry,Non-Fatal Injury,Pedestrian Collisions,Passenger,15 to 19,None,,,,,,,,,,,,,Yes,,Yes,,,,,Yes,,,,,,1,West Humber-Clairville,1,West Humber-Clairville (1),D23,615178.0237,4838602.9307
16232,81462417,,12/28/2019 10:00:00 AM,1740,MARTIN GROVE RD,DIXON RD,,Major Arterial,Etobicoke York,43.691519,-79.570796,At Intersection,Traffic Signal,Clear,Dark,Dry,Non-Fatal Injury,Pedestrian Collisions,Pedestrian,50 to 54,Major,,Unknown,,,,,Vehicle turns left while ped crosses without ROW at inter.,Crossing without right of way,Inattentive,,,,Yes,,Yes,,,,,Yes,,,,,,1,West Humber-Clairville,1,West Humber-Clairville (1),D23,615178.0237,4838602.9307
16233,81421983,25301,1/4/2020 10:00:00 AM,1850,EGLINTON AVE E,BAYVIEW AVE,9 m North of,Major Arterial,North York,43.710967,-79.377116,Intersection Related,Traffic Signal,Rain,Dark,Wet,Non-Fatal Injury,Pedestrian Collisions,Driver,75 to 79,None,,North,"Automobile, Station Wagon",Going Ahead,Driving Properly,Normal,,,,,,,Yes,,Yes,,,,,,,,,,,56,Leaside-Bennington,56,Leaside-Bennington (56),D53,630744.3518,4841050.1466
16234,81421984,25301,1/4/2020 10:00:00 AM,1850,EGLINTON AVE E,BAYVIEW AVE,9 m North of,Major Arterial,North York,43.710967,-79.377116,Intersection Related,Traffic Signal,Rain,Dark,Wet,Non-Fatal Injury,Pedestrian Collisions,Pedestrian,65 to 69,Major,,East,,,,,Pedestrian hit at mid-block,"Crossing, no Traffic Control",Medical or Physical Disability,,,,Yes,,Yes,,,,,,,,,,,56,Leaside-Bennington,56,Leaside-Bennington (56),D53,630744.3518,4841050.1466
16235,81340229,26294,1/4/2020 10:00:00 AM,2214,256 JARVIS ST,,GERRARD ST E,Major Arterial,Toronto and East York,43.659568,-79.37556,Non Intersection,No Control,Clear,"Dark, artificial",Dry,Fatal,Pedestrian Collisions,Pedestrian,65 to 69,Fatal,1,East,,,,,Pedestrian hit at mid-block,"Crossing, no Traffic Control",Unknown,,,,Yes,,Yes,,,,,,,,,,,168,Downtown Yonge East,75,Church-Yonge Corridor (75),D51,630981.5271,4835344.0359
16236,81341764,26294,1/4/2020 10:00:00 AM,2214,256 JARVIS ST,,GERRARD ST E,Major Arterial,Toronto and East York,43.659568,-79.37556,Non Intersection,No Control,Clear,"Dark, artificial",Dry,Fatal,Pedestrian Collisions,Driver,20 to 24,None,,North,"Automobile, Station Wagon",Going Ahead,Driving Properly,Unknown,,,,,,,Yes,,Yes,,,,,,,,,,,168,Downtown Yonge East,75,Church-Yonge Corridor (75),D51,630981.5271,4835344.0359
16237,81421849,37330,1/6/2020 10:00:00 AM,1555,DUNDAS ST W,SHERIDAN AVE,6 m South of,Minor Arterial,Toronto and East York,43.649699,-79.43365,At Intersection,Traffic Signal,Clear,"Dawn, artificial",Dry,Non-Fatal Injury,Pedestrian Collisions,Driver,50 to 54,None,,West,"Automobile, Station Wagon",Going Ahead,Failed to Yield Right of Way,Normal,,,,,,,Yes,,Yes,,,,,,,Yes,,,,84,Little Portugal,84,Little Portugal (84),D11,626318.2689,4834157.8902
16238,81421850,37330,1/6/2020 10:00:00 AM,1555,DUNDAS ST W,SHERIDAN AVE,6 m South of,Minor Arterial,Toronto and East York,43.649699,-79.43365,At Intersection,Traffic Signal,Clear,"Dawn, artificial",Dry,Non-Fatal Injury,Pedestrian Collisions,Pedestrian,75 to 79,Major,,North,,,,,Vehicle is going straight thru inter.while ped cross with ROW,Crossing with right of way,Normal,,,,Yes,,Yes,,,,,,,Yes,,,,84,Little Portugal,84,Little Portugal (84),D11,626318.2689,4834157.8902
16239,81418568,45664,1/7/2020 10:00:00 AM,1850,EGLINTON AVE E,PHARMACY AVE,,Major Arterial,Scarborough,43.725577,-79.297481,At Intersection,Traffic Signal,Clear,Dark,Dry,Non-Fatal Injury,Turning Movement,Driver,35 to 39,None,,West,"Automobile, Station Wagon",Turning Left,Failed to Yield Right of Way,Inattentive,,,,,,,,,Yes,,,,,Yes,,Yes,,,,120,Clairlea-Birchmount,120,Clairlea-Birchmount (120),D41,637126.722,4842801.491
16240,81418569,45664,1/7/2020 10:00:00 AM,1850,EGLINTON AVE E,PHARMACY AVE,,Major Arterial,Scarborough,43.725577,-79.297481,At Intersection,Traffic Signal,Clear,Dark,Dry,Non-Fatal Injury,Turning Movement,Driver,50 to 54,Minimal,,East,"Automobile, Station Wagon",Going Ahead,Driving Properly,Normal,,,,,,,,,Yes,,,,,Yes,,Yes,,,,120,Clairlea-Birchmount,120,Clairlea-Birchmount (120),D41,637126.722,4842801.491
16241,81418570,45664,1/7/2020 10:00:00 AM,1850,EGLINTON AVE E,PHARMACY AVE,,Major Arterial,Scarborough,43.725577,-79.297481,At Intersection,Traffic Signal,Clear,Dark,Dry,Non-Fatal Injury,Turning Movement,Passenger,20 to 24,Major,,,,,,,,,,,,,,,Yes,,,,,Yes,,Yes,,,,120,Clairlea-Birchmount,120,Clairlea-Birchmount (120),D41,637126.722,4842801.491
16242,81418211,56815,1/9/2020 10:00:00 AM,1100,MARTIN GROVE RD,BELFIELD RD,,Major Arterial,Etobicoke York,43.701876,-79.575588,At Intersection,Traffic Signal,Clear,Daylight,Dry,Non-Fatal Injury,Angle,Driver,45 to 49,None,,South,Delivery Van,Going Ahead,Disobeyed Traffic Control,Inattentive,,,,,,,,,Yes,,,,,,Yes,Yes,Yes,,,1,West Humber-Clairville,1,West Humber-Clairville (1),D23,614772.0788,4839746.5706
16243,81418212,56815,1/9/2020 10:00:00 AM,1100,MARTIN GROVE RD,BELFIELD RD,,Major Arterial,Etobicoke York,43.701876,-79.575588,At Intersection,Traffic Signal,Clear,Daylight,Dry,Non-Fatal Injury,Angle,Driver,50 to 54,Major,,East,"Automobile, Station Wagon",Going Ahead,Driving Properly,Normal,,,,,,,,,Yes,,,,,,Yes,Yes,Yes,,,1,West Humber-Clairville,1,West Humber-Clairville (1),D23,614772.0788,4839746.5706
16244,81418213,56815,1/9/2020 10:00:00 AM,1100,MARTIN GROVE RD,BELFIELD RD,,Major Arterial,Etobicoke York,43.701876,-79.575588,At Intersection,Traffic Signal,Clear,Daylight,Dry,Non-Fatal Injury,Angle,Driver,55 to 59,None,,East,Pick Up Truck,Going Ahead,Driving Properly,Normal,,,,,,,,,Yes,,,,,,Yes,Yes,Yes,,,1,West Humber-Clairville,1,West Humber-Clairville (1),D23,614772.0788,4839746.5706
16245,81418214,56815,1/9/2020 10:00:00 AM,1100,MARTIN GROVE RD,BELFIELD RD,,Major Arterial,Etobicoke York,43.701876,-79.575588,At Intersection,Traffic Signal,Clear,Daylight,Dry,Non-Fatal Injury,Angle,Driver,35 to 39,None,,North,"Automobile, Station Wagon",Stopped,Driving Properly,Normal,,,,,,,,,Yes,,,,,,Yes,Yes,Yes,,,1,West Humber-Clairville,1,West Humber-Clairville (1),D23,614772.0788,4839746.5706
16246,81418593,66893,1/10/2020 10:00:00 AM,1721,CRUIKSHANK AVE,CARLAW AVE,,Collector,Toronto and East York,43.680693,-79.348178,At Intersection,Stop Sign,Rain,"Dark, artificial",Wet,Non-Fatal Injury,Pedestrian Collisions,Driver,55 to 59,None,,West,"Automobile, Station Wagon",Turning Left,Failed to Yield Right of Way,Inattentive,,,,,,,Yes,,Yes,,,,,,,Yes,,,,67,Playter Estates-Danforth,67,Playter Estates-Danforth (67),D55,633142.6921,4837733.8453
16247,81418594,66893,1/10/2020 10:00:00 AM,1721,CRUIKSHANK AVE,CARLAW AVE,,Collector,Toronto and East York,43.680693,-79.348178,At Intersection,Stop Sign,Rain,"Dark, artificial",Wet,Non-Fatal Injury,Pedestrian Collisions,Pedestrian,40 to 44,Major,,North,,,,,Vehicle turns left while ped crosses with ROW at inter.,Crossing with right of way,Normal,,,,Yes,,Yes,,,,,,,Yes,,,,67,Playter Estates-Danforth,67,Playter Estates-Danforth (67),D55,633142.6921,4837733.8453
16248,81421062,73153,1/11/2020 10:00:00 AM,1625,FORT YORK BLVD,DAN LECKIE WAY,,Local,Toronto and East York,43.639331,-79.39796,At Intersection,Traffic Signal,Rain,Dark,Wet,Non-Fatal Injury,Pedestrian Collisions,Driver,unknown,None,,East,"Automobile, Station Wagon",Making U Turn,Improper Turn,Unknown,,,,,,,Yes,,Yes,,,,,,,,,,,165,Harbourfront-CityPlace,77,Waterfront Communities-The Island (77),D14,629218.7452,4833061.3346
16249,81421063,73153,1/11/2020 10:00:00 AM,1625,FORT YORK BLVD,DAN LECKIE WAY,,Local,Toronto and East York,43.639331,-79.39796,At Intersection,Traffic Signal,Rain,Dark,Wet,Non-Fatal Injury,Pedestrian Collisions,Pedestrian,25 to 29,Major,,South,,,,,Vehicle turns left while ped crosses with ROW at inter.,Crossing with right of way,Normal,,,,Yes,,Yes,,,,,,,,,,,165,Harbourfront-CityPlace,77,Waterfront Communities-The Island (77),D14,629218.7452,4833061.3346
16250,81418475,74293,1/11/2020 10:00:00 AM,1938,WESTON RD,DORA SPENCER RD,,Minor Arterial,Etobicoke York,43.691981,-79.502734,At Intersection,No Control,Rain,"Dark, artificial",Wet,Non-Fatal Injury,Pedestrian Collisions,Driver,40 to 44,None,,North,"Automobile, Station Wagon",Turning Left,Failed to Yield Right of Way,Normal,,,,,,,Yes,,Yes,,,,,,,Yes,,,,115,Mount Dennis,115,Mount Dennis (115),D12,620662.1844,4838751.0266
16251,81418476,74293,1/11/2020 10:00:00 AM,1938,WESTON RD,DORA SPENCER RD,,Minor Arterial,Etobicoke York,43.691981,-79.502734,At Intersection,No Control,Rain,"Dark, artificial",Wet,Non-Fatal Injury,Pedestrian Collisions,Pedestrian,70 to 74,Major,,South,,,,,Vehicle turns left while ped crosses without ROW at inter.,Crossing without right of way,Had Been Drinking,,,,Yes,,Yes,,,,,,,Yes,,,,115,Mount Dennis,115,Mount Dennis (115),D12,620662.1844,4838751.0266
16252,81423697,75272,1/11/2020 10:00:00 AM,2257,ST CLAIR AVE W,GLENHOLME AVE,,Major Arterial,Etobicoke York,43.678935,-79.438586,At Intersection,Traffic Signal,Rain,"Dark, artificial",Wet,Non-Fatal Injury,Pedestrian Collisions,Driver,20 to 24,None,,West,"Automobile, Station Wagon",Going Ahead,Driving Properly,Normal,,,,,,,Yes,,Yes,,,,,Yes,,,,,,92,Corso Italia-Davenport,92,Corso Italia-Davenport (92),D13,625859.0915,4837397.4329
16253,81423698,75272,1/11/2020 10:00:00 AM,2257,ST CLAIR AVE W,GLENHOLME AVE,,Major Arterial,Etobicoke York,43.678935,-79.438586,At Intersection,Traffic Signal,Rain,"Dark, artificial",Wet,Non-Fatal Injury,Pedestrian Collisions,Passenger,15 to 19,None,,,,,,,,,,,,,Yes,,Yes,,,,,Yes,,,,,,92,Corso Italia-Davenport,92,Corso Italia-Davenport (92),D13,625859.0915,4837397.4329
16254,81423699,75272,1/11/2020 10:00:00 AM,2257,ST CLAIR AVE W,GLENHOLME AVE,,Major Arterial,Etobicoke York,43.678935,-79.438586,At Intersection,Traffic Signal,Rain,"Dark, artificial",Wet,Non-Fatal Injury,Pedestrian Collisions,Passenger,15 to 19,None,,,,,,,,,,,,,Yes,,Yes,,,,,Yes,,,,,,92,Corso Italia-Davenport,92,Corso Italia-Davenport (92),D13,625859.0915,4837397.4329
16255,81423700,75272,1/11/2020 10:00:00 AM,2257,ST CLAIR AVE W,GLENHOLME AVE,,Major Arterial,Etobicoke York,43.678935,-79.438586,At Intersection,Traffic Signal,Rain,"Dark, artificial",Wet,Non-Fatal Injury,Pedestrian Collisions,Passenger,10 to 14,None,,,,,,,,,,,,,Yes,,Yes,,,,,Yes,,,,,,92,Corso Italia-Davenport,92,Corso Italia-Davenport (92),D13,625859.0915,4837397.4329