OBJECTID,INDEX,ACCNUM,DATE,TIME,STREET1,STREET2,OFFSET,ROAD_CLASS,DISTRICT,LATITUDE,LONGITUDE,ACCLOC,TRAFFCTL,VISIBILITY,LIGHT,RDSFCOND,ACCLASS,IMPACTYPE,INVTYPE,INVAGE,INJURY,FATAL_NO,INITDIR,VEHTYPE,MANOEUVER,DRIVACT,DRIVCOND,PEDTYPE,PEDACT,PEDCOND,CYCLISTYPE,CYCACT,CYCCOND,PEDESTRIAN,CYCLIST,AUTOMOBILE,MOTORCYCLE,TRUCK,TRSN_CITY_VEH,EMERG_VEH,PASSENGER,SPEEDING,AG_DRIV,REDLIGHT,ALCOHOL,DISABILITY,HOOD_158,NEIGHBOURHOOD_158,HOOD_140,NEIGHBOURHOOD_140,DIVISION,x,y
16256,81423701,75272,1/11/2020 10:00:00 AM,2257,ST CLAIR AVE W,GLENHOLME AVE,,Major Arterial,Etobicoke York,43.678935,-79.438586,At Intersection,Traffic Signal,Rain,"Dark, artificial",Wet,Non-Fatal Injury,Pedestrian Collisions,Pedestrian,55 to 59,Major,,North,,,,,Vehicle is going straight thru inter.while ped cross without ROW,Crossing without right of way,Normal,,,,Yes,,Yes,,,,,Yes,,,,,,92,Corso Italia-Davenport,92,Corso Italia-Davenport (92),D13,625859.0915,4837397.4329
16257,81421898,76304,1/12/2020 10:00:00 AM,330,FRONT ST W,JOHN ST,17 m West of,Minor Arterial,Toronto and East York,43.643897,-79.388675,Intersection Related,No Control,Rain,"Dark, artificial",Wet,Non-Fatal Injury,Pedestrian Collisions,Driver,30 to 34,Minor,,West,"Automobile, Station Wagon",Going Ahead,Driving Properly,Normal,,,,,,,Yes,,Yes,,,,,,,,,,,165,Harbourfront-CityPlace,77,Waterfront Communities-The Island (77),D52,629957.8257,4833582.9451
16258,81421899,76304,1/12/2020 10:00:00 AM,330,FRONT ST W,JOHN ST,17 m West of,Minor Arterial,Toronto and East York,43.643897,-79.388675,Intersection Related,No Control,Rain,"Dark, artificial",Wet,Non-Fatal Injury,Pedestrian Collisions,Pedestrian,20 to 24,Major,,North,,,,,Pedestrian hit at mid-block,"Crossing, no Traffic Control",Had Been Drinking,,,,Yes,,Yes,,,,,,,,,,,165,Harbourfront-CityPlace,77,Waterfront Communities-The Island (77),D52,629957.8257,4833582.9451
16259,81418797,93249,1/14/2020 10:00:00 AM,1356,LAKE SHORE BV E,DON RY,250 m West o,Major Arterial,North York,43.650023,-79.34885,Non Intersection,No Control,Clear,Daylight,Dry,Non-Fatal Injury,Turning Movement,Driver,35 to 39,None,,West,Pick Up Truck,Turning Left,Improper Turn,Normal,,,,,,,,,Yes,,,,,Yes,,,,,,166,St Lawrence-East Bayfront-The Islands,77,Waterfront Communities-The Island (77),D51,633156.321,4834326.4501
16260,81418798,93249,1/14/2020 10:00:00 AM,1356,LAKE SHORE BV E,DON RY,250 m West o,Major Arterial,North York,43.650023,-79.34885,Non Intersection,No Control,Clear,Daylight,Dry,Non-Fatal Injury,Turning Movement,Driver,65 to 69,Major,,West,"Automobile, Station Wagon",Going Ahead,Driving Properly,Normal,,,,,,,,,Yes,,,,,Yes,,,,,,166,St Lawrence-East Bayfront-The Islands,77,Waterfront Communities-The Island (77),D51,633156.321,4834326.4501
16261,81418799,93249,1/14/2020 10:00:00 AM,1356,LAKE SHORE BV E,DON RY,250 m West o,Major Arterial,North York,43.650023,-79.34885,Non Intersection,No Control,Clear,Daylight,Dry,Non-Fatal Injury,Turning Movement,Passenger,45 to 49,None,,West,"Automobile, Station Wagon",Going Ahead,,,,,,,,,,,Yes,,,,,Yes,,,,,,166,St Lawrence-East Bayfront-The Islands,77,Waterfront Communities-The Island (77),D51,633156.321,4834326.4501
16262,81484619,95001,1/14/2020 10:00:00 AM,1812,MCLEVIN AVE,TAPSCOTT RD,,Minor Arterial,Scarborough,43.80511,-79.22665,At Intersection,Traffic Signal,Rain,Dark,Wet,Non-Fatal Injury,Pedestrian Collisions,Driver,25 to 29,None,,North,"Automobile, Station Wagon",Turning Left,Failed to Yield Right of Way,Normal,,,,,,,Yes,,Yes,,,,,,,Yes,,,,145,Malvern West,132,Malvern (132),D42,642642.5903,4851754.5186
16263,81484620,95001,1/14/2020 10:00:00 AM,1812,MCLEVIN AVE,TAPSCOTT RD,,Minor Arterial,Scarborough,43.80511,-79.22665,At Intersection,Traffic Signal,Rain,Dark,Wet,Non-Fatal Injury,Pedestrian Collisions,Pedestrian,30 to 34,Major,,South,,,,,Vehicle turns left while ped crosses with ROW at inter.,Crossing with right of way,Normal,,,,Yes,,Yes,,,,,,,Yes,,,,145,Malvern West,132,Malvern (132),D42,642642.5903,4851754.5186
16264,81418772,105298,1/16/2020 10:00:00 AM,540,DANZIG ST,MORNINGSIDE AVE,,Minor Arterial,Scarborough,43.764796,-79.184848,At Intersection,Traffic Signal,Rain,"Dark, artificial",Wet,Non-Fatal Injury,Pedestrian Collisions,Driver,60 to 64,None,,East,Pick Up Truck,Turning Left,Failed to Yield Right of Way,Normal,,,,,,,Yes,,Yes,,,,,,,Yes,,,,136,West Hill,136,West Hill (136),D43,646103.2362,4847349.9141
16265,81418773,105298,1/16/2020 10:00:00 AM,540,DANZIG ST,MORNINGSIDE AVE,,Minor Arterial,Scarborough,43.764796,-79.184848,At Intersection,Traffic Signal,Rain,"Dark, artificial",Wet,Non-Fatal Injury,Pedestrian Collisions,Pedestrian,65 to 69,Major,,West,,,,,Vehicle turns left while ped crosses with ROW at inter.,Crossing with right of way,Normal,,,,Yes,,Yes,,,,,,,Yes,,,,136,West Hill,136,West Hill (136),D43,646103.2362,4847349.9141
16266,81421124,117822,1/17/2020 10:00:00 AM,1915,MALLINGHAM CRT,BAYVIEW AVE,10 m North o,Major Arterial,North York,43.767485,-79.388225,At Intersection,Stop Sign,Clear,Daylight,Dry,Non-Fatal Injury,Rear End,Driver,60 to 64,None,,South,"Automobile, Station Wagon",Going Ahead,Following too Close,Normal,,,,,,,,,Yes,,,,,Yes,,Yes,,,,52,Bayview Village,52,Bayview Village (52),D33,629727.2524,4847309.8388
16267,81421125,117822,1/17/2020 10:00:00 AM,1915,MALLINGHAM CRT,BAYVIEW AVE,10 m North o,Major Arterial,North York,43.767485,-79.388225,At Intersection,Stop Sign,Clear,Daylight,Dry,Non-Fatal Injury,Rear End,Driver,30 to 34,Minor,,South,"Automobile, Station Wagon",Slowing or Stopping,Driving Properly,Normal,,,,,,,,,Yes,,,,,Yes,,Yes,,,,52,Bayview Village,52,Bayview Village (52),D33,629727.2524,4847309.8388
16268,81421126,117822,1/17/2020 10:00:00 AM,1915,MALLINGHAM CRT,BAYVIEW AVE,10 m North o,Major Arterial,North York,43.767485,-79.388225,At Intersection,Stop Sign,Clear,Daylight,Dry,Non-Fatal Injury,Rear End,Driver,40 to 44,None,,South,"Automobile, Station Wagon",Slowing or Stopping,Driving Properly,Normal,,,,,,,,,Yes,,,,,Yes,,Yes,,,,52,Bayview Village,52,Bayview Village (52),D33,629727.2524,4847309.8388
16269,81421127,117822,1/17/2020 10:00:00 AM,1915,MALLINGHAM CRT,BAYVIEW AVE,10 m North o,Major Arterial,North York,43.767485,-79.388225,At Intersection,Stop Sign,Clear,Daylight,Dry,Non-Fatal Injury,Rear End,Driver,30 to 34,Major,,South,"Automobile, Station Wagon",Stopped,Driving Properly,Normal,,,,,,,,,Yes,,,,,Yes,,Yes,,,,52,Bayview Village,52,Bayview Village (52),D33,629727.2524,4847309.8388
16270,81421128,117822,1/17/2020 10:00:00 AM,1915,MALLINGHAM CRT,BAYVIEW AVE,10 m North o,Major Arterial,North York,43.767485,-79.388225,At Intersection,Stop Sign,Clear,Daylight,Dry,Non-Fatal Injury,Rear End,Passenger,25 to 29,None,,,"Automobile, Station Wagon",,,,,,,,,,,,Yes,,,,,Yes,,Yes,,,,52,Bayview Village,52,Bayview Village (52),D33,629727.2524,4847309.8388
16271,81509117,118659,1/17/2020 10:00:00 AM,2140,THE EAST MALL,CORONET RD,,Minor Arterial,Etobicoke York,43.622786,-79.549739,At Intersection,No Control,Clear,"Dark, artificial",Dry,Non-Fatal Injury,Sideswipe,Driver,30 to 34,Major,,South,"Automobile, Station Wagon",Changing Lanes,Improper Lane Change,"Ability Impaired, Alcohol Over .08",,,,,,,,,Yes,,,,,,,,,Yes,,159,Etobicoke City Centre,14,Islington-City Centre West (14),D22,617008.4153,4830998.7122
16272,81509118,118659,1/17/2020 10:00:00 AM,2140,THE EAST MALL,CORONET RD,,Minor Arterial,Etobicoke York,43.622786,-79.549739,At Intersection,No Control,Clear,"Dark, artificial",Dry,Non-Fatal Injury,Sideswipe,Driver,40 to 44,Minor,,South,"Automobile, Station Wagon",Going Ahead,Driving Properly,Normal,,,,,,,,,Yes,,,,,,,,,Yes,,159,Etobicoke City Centre,14,Islington-City Centre West (14),D22,617008.4153,4830998.7122
16273,81484298,121282,1/18/2020 10:00:00 AM,955,ALBION RD,CARRIER DR,23 m West of,Major Arterial,Etobicoke York,43.745425,-79.61423,At Intersection,Traffic Signal,Snow,Daylight,Wet,Non-Fatal Injury,SMV Other,Driver,60 to 64,Major,,East,"Automobile, Station Wagon",Going Ahead,Lost control,Medical or Physical Disability,,,,,,,,,Yes,,,,,,,,,,Yes,1,West Humber-Clairville,1,West Humber-Clairville (1),D23,611577.6052,4844530.5262
16274,81487107,133203,1/20/2020 10:00:00 AM,940,F G GARDINER XY  W,YONGE ST,20 m West of,Expressway,Toronto and East York,43.644503,-79.375179,Non Intersection,No Control,Clear,Daylight,Dry,Non-Fatal Injury,SMV Other,Driver,60 to 64,Major,,West,"Automobile, Station Wagon",Changing Lanes,Other,Medical or Physical Disability,,,,,,,,,Yes,,,,,,,,,,Yes,166,St Lawrence-East Bayfront-The Islands,77,Waterfront Communities-The Island (77),D51,631045.0095,4833671.4709
16275,81487108,133203,1/20/2020 10:00:00 AM,940,F G GARDINER XY  W,YONGE ST,20 m West of,Expressway,Toronto and East York,43.644503,-79.375179,Non Intersection,No Control,Clear,Daylight,Dry,Non-Fatal Injury,SMV Other,Driver,30 to 34,None,,West,"Automobile, Station Wagon",Going Ahead,Driving Properly,Normal,,,,,,,,,Yes,,,,,,,,,,Yes,166,St Lawrence-East Bayfront-The Islands,77,Waterfront Communities-The Island (77),D51,631045.0095,4833671.4709
16276,81418687,136270,1/20/2020 10:00:00 AM,1658,ISLINGTON AVE,BROMLEY CRES,,Major Arterial,Etobicoke York,43.662558,-79.531223,Intersection Related,No Control,Clear,Daylight,Loose Snow,Non-Fatal Injury,Pedestrian Collisions,Driver,45 to 49,None,,North,Municipal Transit Bus (TTC),Going Ahead,Driving Properly,Normal,,,,,,,Yes,,,,,Yes,,,,,,,,9,Edenbridge-Humber Valley,9,Edenbridge-Humber Valley (9),D22,618424.149,4835442.1537
16277,81418688,136270,1/20/2020 10:00:00 AM,1658,ISLINGTON AVE,BROMLEY CRES,,Major Arterial,Etobicoke York,43.662558,-79.531223,Intersection Related,No Control,Clear,Daylight,Loose Snow,Non-Fatal Injury,Pedestrian Collisions,Pedestrian,15 to 19,Major,,Unknown,,,,,Pedestrian involved in a collision with transit vehicle anywhere along roadway,Crossing without right of way,Inattentive,,,,Yes,,,,,Yes,,,,,,,,9,Edenbridge-Humber Valley,9,Edenbridge-Humber Valley (9),D22,618424.149,4835442.1537
16278,81341763,139578,1/21/2020 10:00:00 AM,701,ALNESS ST,SUPERTEST RD,,Minor Arterial,North York,43.776736,-79.474407,At Intersection,Traffic Signal,Clear,"Dark, artificial",Dry,Fatal,Pedestrian Collisions,Truck Driver,50 to 54,None,,East,Truck-Tractor,Turning Right,Failed to Yield Right of Way,Inattentive,,,,,,,Yes,,,,Yes,,,,,Yes,,,,27,York University Heights,27,York University Heights (27),D32,622771.7153,4848205.8983
16279,81341765,139578,1/21/2020 10:00:00 AM,701,ALNESS ST,SUPERTEST RD,,Minor Arterial,North York,43.776736,-79.474407,At Intersection,Traffic Signal,Clear,"Dark, artificial",Dry,Fatal,Pedestrian Collisions,Pedestrian,25 to 29,Fatal,2,Unknown,,,,,Vehicle turns right while ped crosses with ROW at inter.,Crossing with right of way,Unknown,,,,Yes,,,,Yes,,,,,Yes,,,,27,York University Heights,27,York University Heights (27),D32,622771.7153,4848205.8983
16280,81421945,144397,1/21/2020 10:00:00 AM,1900,OAKWOOD AVE,VAUGHAN RD,,Minor Arterial,North York,43.69258,-79.44083,At Intersection,Traffic Signal,Clear,"Dark, artificial",Wet,Non-Fatal Injury,Turning Movement,Driver,65 to 69,Major,,North,"Automobile, Station Wagon",Turning Left,Improper Turn,Inattentive,,,,,,,,,Yes,,,,,,,,,,,107,Oakwood Village,107,Oakwood Village (107),D13,625649.7188,4838909.493
16281,81421946,144397,1/21/2020 10:00:00 AM,1900,OAKWOOD AVE,VAUGHAN RD,,Minor Arterial,North York,43.69258,-79.44083,At Intersection,Traffic Signal,Clear,"Dark, artificial",Wet,Non-Fatal Injury,Turning Movement,Driver,55 to 59,None,,South,"Automobile, Station Wagon",Going Ahead,Driving Properly,Normal,,,,,,,,,Yes,,,,,,,,,,,107,Oakwood Village,107,Oakwood Village (107),D13,625649.7188,4838909.493
16282,81419406,169709,1/25/2020 10:00:00 AM,505,F G GARDINER XY  W,LOWER SHERBOURNE ST,150 m West o,Expressway,Scarborough,43.646361,-79.367122,Non Intersection,No Control,Rain,"Dark, artificial",Wet,Non-Fatal Injury,SMV Other,Truck Driver,25 to 29,Major,,West,"Truck - Closed (Blazer, etc)",Going Ahead,Lost control,Inattentive,,,,,,,,,,,Yes,,,,,,,,,166,St Lawrence-East Bayfront-The Islands,77,Waterfront Communities-The Island (77),D51,631690.7694,4833890.5797
16283,81423543,180484,1/26/2020 10:00:00 AM,1932,KINGSTON RD,WEST HILL DR,15 m East of,Major Arterial,Scarborough,43.774241,-79.18172,Intersection Related,No Control,Rain,"Dark, artificial",Wet,Non-Fatal Injury,Pedestrian Collisions,Driver,55 to 59,None,,East,"Automobile, Station Wagon",Going Ahead,Driving Properly,Normal,,,,,,,Yes,,Yes,,,,,Yes,,,,,,136,West Hill,136,West Hill (136),D43,646331.9783,4848404.4542
16284,81423544,180484,1/26/2020 10:00:00 AM,1932,KINGSTON RD,WEST HILL DR,15 m East of,Major Arterial,Scarborough,43.774241,-79.18172,Intersection Related,No Control,Rain,"Dark, artificial",Wet,Non-Fatal Injury,Pedestrian Collisions,Passenger,50 to 54,None,,,,,,,,,,,,,Yes,,Yes,,,,,Yes,,,,,,136,West Hill,136,West Hill (136),D43,646331.9783,4848404.4542
16285,81423545,180484,1/26/2020 10:00:00 AM,1932,KINGSTON RD,WEST HILL DR,15 m East of,Major Arterial,Scarborough,43.774241,-79.18172,Intersection Related,No Control,Rain,"Dark, artificial",Wet,Non-Fatal Injury,Pedestrian Collisions,Pedestrian,75 to 79,Major,,South,,,,,Pedestrian hit at mid-block,"Crossing, no Traffic Control",Normal,,,,Yes,,Yes,,,,,Yes,,,,,,136,West Hill,136,West Hill (136),D43,646331.9783,4848404.4542
16286,81419335,187607,1/27/2020 10:00:00 AM,1817,MORNINGSIDE AVE,401 C E MORNINGSIDE AVE S RAMP,61 m North o,Major Arterial,Scarborough,43.795348,-79.196597,Non Intersection,No Control,Clear,"Dark, artificial",Dry,Non-Fatal Injury,Pedestrian Collisions,Driver,50 to 54,None,,South,"Automobile, Station Wagon",Going Ahead,Driving Properly,Normal,,,,,,,Yes,,Yes,,,,,,,,,,,134,Highland Creek,134,Highland Creek (134),D43,645083.6147,4850722.5368
16287,81419336,187607,1/27/2020 10:00:00 AM,1817,MORNINGSIDE AVE,401 C E MORNINGSIDE AVE S RAMP,61 m North o,Major Arterial,Scarborough,43.795348,-79.196597,Non Intersection,No Control,Clear,"Dark, artificial",Dry,Non-Fatal Injury,Pedestrian Collisions,Pedestrian,35 to 39,Major,,North,,,,,Pedestrian hit at mid-block,"Crossing, no Traffic Control",Inattentive,,,,Yes,,Yes,,,,,,,,,,,134,Highland Creek,134,Highland Creek (134),D43,645083.6147,4850722.5368
16288,81341766,188526,1/27/2020 10:00:00 AM,2030,3775 DUNDAS ST W,,,Major Arterial,Etobicoke York,43.665305,-79.49982,Non Intersection,No Control,Clear,"Dark, artificial",Dry,Fatal,Pedestrian Collisions,Pedestrian,75 to 79,Fatal,3,South,,,,,Pedestrian hit at mid-block,"Crossing, no Traffic Control",Normal,,,,Yes,,Yes,,,,,,,,,,,114,Lambton Baby Point,114,Lambton Baby Point (114),D11,620950.6062,4835792.5456
16289,81341767,188526,1/27/2020 10:00:00 AM,2030,3775 DUNDAS ST W,,,Major Arterial,Etobicoke York,43.665305,-79.49982,Non Intersection,No Control,Clear,"Dark, artificial",Dry,Fatal,Pedestrian Collisions,Driver,40 to 44,None,,East,"Automobile, Station Wagon",Going Ahead,Driving Properly,Normal,,,,,,,Yes,,Yes,,,,,,,,,,,114,Lambton Baby Point,114,Lambton Baby Point (114),D11,620950.6062,4835792.5456
16290,81341768,202070,1/29/2020 10:00:00 AM,1634,LAWRENCE AVE E,DON MILLS RD,,Major Arterial,North York,43.736853,-79.344562,Non Intersection,No Control,Clear,Daylight,Dry,Fatal,Pedestrian Collisions,Pedestrian,60 to 64,Fatal,4,North,,,,,Pedestrian hit at mid-block,"Crossing, no Traffic Control",Normal,,,,Yes,,Yes,,,,,,,,,,,42,Banbury-Don Mills,42,Banbury-Don Mills (42),D33,633309.5954,4843977.0254
16291,81341769,202070,1/29/2020 10:00:00 AM,1634,LAWRENCE AVE E,DON MILLS RD,,Major Arterial,North York,43.736853,-79.344562,Non Intersection,No Control,Clear,Daylight,Dry,Fatal,Pedestrian Collisions,Driver,25 to 29,Minimal,,West,"Automobile, Station Wagon",Going Ahead,Driving Properly,Inattentive,,,,,,,Yes,,Yes,,,,,,,,,,,42,Banbury-Don Mills,42,Banbury-Don Mills (42),D33,633309.5954,4843977.0254
16292,81423586,212688,1/31/2020 10:00:00 AM,415,SHEPPARD AVE W,WILLIAM R ALLEN RD,,Major Arterial,North York,43.750178,-79.463344,At Intersection,Traffic Signal,Clear,"Dark, artificial",Dry,Non-Fatal Injury,Pedestrian Collisions,Truck Driver,25 to 29,None,,East,Truck - Tank,Turning Right,Driving Properly,Normal,,,,,,,Yes,,,,Yes,,,,,,,,,155,Downsview,26,Downsview-Roding-CFB (26),D32,623716.7462,4845272.6995
16293,81423587,212688,1/31/2020 10:00:00 AM,415,SHEPPARD AVE W,WILLIAM R ALLEN RD,,Major Arterial,North York,43.750178,-79.463344,At Intersection,Traffic Signal,Clear,"Dark, artificial",Dry,Non-Fatal Injury,Pedestrian Collisions,Pedestrian,35 to 39,Major,,South,,,,,Other / Undefined,Other,"Ability Impaired, Drugs",,,,Yes,,,,Yes,,,,,,,,,155,Downsview,26,Downsview-Roding-CFB (26),D32,623716.7462,4845272.6995
16294,81483683,213617,1/31/2020 10:00:00 AM,845,LAKE SHORE BLVD W,KIPLING AVE,50 m West of,Major Arterial,Etobicoke York,43.59801,-79.517459,Non Intersection,No Control,Clear,Daylight,Dry,Non-Fatal Injury,Other,Driver,60 to 64,None,,East,Street Car,Slowing or Stopping,Driving Properly,Normal,,,,,,,,,,,,Yes,,Yes,,,,,,18,New Toronto,18,New Toronto (18),D22,619661.9391,4828293.0354
16295,81483684,213617,1/31/2020 10:00:00 AM,845,LAKE SHORE BLVD W,KIPLING AVE,50 m West of,Major Arterial,Etobicoke York,43.59801,-79.517459,Non Intersection,No Control,Clear,Daylight,Dry,Non-Fatal Injury,Other,Passenger,70 to 74,Major,,,,,,,,,,,,,,,,,,Yes,,Yes,,,,,,18,New Toronto,18,New Toronto (18),D22,619661.9391,4828293.0354
16296,81484947,214205,1/31/2020 10:00:00 AM,1014,DANFORTH AVE,PAPE AVE,9 m South of,Major Arterial,Toronto and East York,43.678881,-79.344806,At Intersection,Traffic Signal,Clear,Daylight,Dry,Non-Fatal Injury,Pedestrian Collisions,Driver,40 to 44,None,,East,"Automobile, Station Wagon",Slowing or Stopping,Failed to Yield Right of Way,Normal,,,,,,,Yes,,Yes,,,,,Yes,,Yes,,,,69,Blake-Jones,69,Blake-Jones (69),D55,633418.5064,4837538.0166
16297,81484948,214205,1/31/2020 10:00:00 AM,1014,DANFORTH AVE,PAPE AVE,9 m South of,Major Arterial,Toronto and East York,43.678881,-79.344806,At Intersection,Traffic Signal,Clear,Daylight,Dry,Non-Fatal Injury,Pedestrian Collisions,Passenger,40 to 44,None,,,,,,,,,,,,,Yes,,Yes,,,,,Yes,,Yes,,,,69,Blake-Jones,69,Blake-Jones (69),D55,633418.5064,4837538.0166
16298,81484949,214205,1/31/2020 10:00:00 AM,1014,DANFORTH AVE,PAPE AVE,9 m South of,Major Arterial,Toronto and East York,43.678881,-79.344806,At Intersection,Traffic Signal,Clear,Daylight,Dry,Non-Fatal Injury,Pedestrian Collisions,Passenger,65 to 69,None,,,,,,,,,,,,,Yes,,Yes,,,,,Yes,,Yes,,,,69,Blake-Jones,69,Blake-Jones (69),D55,633418.5064,4837538.0166
16299,81484950,214205,1/31/2020 10:00:00 AM,1014,DANFORTH AVE,PAPE AVE,9 m South of,Major Arterial,Toronto and East York,43.678881,-79.344806,At Intersection,Traffic Signal,Clear,Daylight,Dry,Non-Fatal Injury,Pedestrian Collisions,Passenger,0 to 4,None,,,,,,,,,,,,,Yes,,Yes,,,,,Yes,,Yes,,,,69,Blake-Jones,69,Blake-Jones (69),D55,633418.5064,4837538.0166
16300,81484951,214205,1/31/2020 10:00:00 AM,1014,DANFORTH AVE,PAPE AVE,9 m South of,Major Arterial,Toronto and East York,43.678881,-79.344806,At Intersection,Traffic Signal,Clear,Daylight,Dry,Non-Fatal Injury,Pedestrian Collisions,Pedestrian,85 to 89,Major,,North,,,,,Vehicle is going straight thru inter.while ped cross with ROW,Crossing with right of way,Normal,,,,Yes,,Yes,,,,,Yes,,Yes,,,,69,Blake-Jones,69,Blake-Jones (69),D55,633418.5064,4837538.0166
16301,81421640,220239,2/1/2020 10:00:00 AM,231,YONGE ST,KING ST W,,Major Arterial,Toronto and East York,43.649077,-79.377879,At Intersection,Traffic Signal,Clear,"Dark, artificial",Dry,Non-Fatal Injury,Pedestrian Collisions,Driver,35 to 39,Minimal,,South,"Automobile, Station Wagon",Going Ahead,Driving Properly,Inattentive,,,,,,,Yes,,Yes,,,,,,,,,,,168,Downtown Yonge East,75,Church-Yonge Corridor (75),D51,630817.3174,4834175.2136
16302,81421641,220239,2/1/2020 10:00:00 AM,231,YONGE ST,KING ST W,,Major Arterial,Toronto and East York,43.649077,-79.377879,At Intersection,Traffic Signal,Clear,"Dark, artificial",Dry,Non-Fatal Injury,Pedestrian Collisions,Pedestrian,20 to 24,Major,,West,,,,,Vehicle is going straight thru inter.while ped cross without ROW,Crossing without right of way,"Ability Impaired, Alcohol",,,,Yes,,Yes,,,,,,,,,,,168,Downtown Yonge East,75,Church-Yonge Corridor (75),D51,630817.3174,4834175.2136
16303,81514925,220521,2/1/2020 10:00:00 AM,406,ST CLAIR AVE W,ATLAS AVE,23 m West of,Major Arterial,Toronto and East York,43.680579,-79.430698,At Intersection,No Control,Clear,"Dark, artificial",Wet,Non-Fatal Injury,Rear End,Driver,20 to 24,Minimal,,West,"Automobile, Station Wagon",Going Ahead,Speed too Fast For Condition,"Ability Impaired, Alcohol",,,,,,,,,Yes,,,,,Yes,Yes,Yes,,Yes,,94,Wychwood,94,Wychwood (94),D13,626491.4617,4837592.0211
16304,81514926,220521,2/1/2020 10:00:00 AM,406,ST CLAIR AVE W,ATLAS AVE,23 m West of,Major Arterial,Toronto and East York,43.680579,-79.430698,At Intersection,No Control,Clear,"Dark, artificial",Wet,Non-Fatal Injury,Rear End,Driver,35 to 39,Major,,West,"Automobile, Station Wagon",Going Ahead,Driving Properly,Normal,,,,,,,,,Yes,,,,,Yes,Yes,Yes,,Yes,,94,Wychwood,94,Wychwood (94),D13,626491.4617,4837592.0211
16305,81514927,220521,2/1/2020 10:00:00 AM,406,ST CLAIR AVE W,ATLAS AVE,23 m West of,Major Arterial,Toronto and East York,43.680579,-79.430698,At Intersection,No Control,Clear,"Dark, artificial",Wet,Non-Fatal Injury,Rear End,Passenger,20 to 24,None,,,,,,,,,,,,,,,Yes,,,,,Yes,Yes,Yes,,Yes,,94,Wychwood,94,Wychwood (94),D13,626491.4617,4837592.0211
16306,81421359,231164,2/2/2020 10:00:00 AM,1756,KEELE ST,GULLIVER RD,12 m South o,Major Arterial,Etobicoke York,43.69924,-79.475902,Intersection Related,Traffic Signal,Clear,"Dark, artificial",Wet,Non-Fatal Injury,Approaching,Driver,50 to 54,Major,,South,"Automobile, Station Wagon",Going Ahead,Lost control,Medical or Physical Disability,,,,,,,,,Yes,,,,,,,,,,Yes,30,Brookhaven-Amesbury,30,Brookhaven-Amesbury (30),D12,622809.7306,4839596.6311
16307,81421360,231164,2/2/2020 10:00:00 AM,1756,KEELE ST,GULLIVER RD,12 m South o,Major Arterial,Etobicoke York,43.69924,-79.475902,Intersection Related,Traffic Signal,Clear,"Dark, artificial",Wet,Non-Fatal Injury,Approaching,Driver,50 to 54,Minimal,,North,"Automobile, Station Wagon",Stopped,Driving Properly,Normal,,,,,,,,,Yes,,,,,,,,,,Yes,30,Brookhaven-Amesbury,30,Brookhaven-Amesbury (30),D12,622809.7306,4839596.6311
16308,81419256,245690,2/4/2020 10:00:00 AM,1541,PHARMACY AVE,DONSIDE DR,20 m South o,Minor Arterial,Scarborough,43.701308,-79.28725,At Intersection,No Control,Clear,Daylight,Dry,Non-Fatal Injury,Approaching,Driver,20 to 24,Minimal,,North,"Automobile, Station Wagon",Going Ahead,Exceeding Speed Limit,Inattentive,,,,,,,,,Yes,,,,,Yes,Yes,Yes,,,,120,Clairlea-Birchmount,120,Clairlea-Birchmount (120),D41,638006.4692,4840123.0477
16309,81419257,245690,2/4/2020 10:00:00 AM,1541,PHARMACY AVE,DONSIDE DR,20 m South o,Minor Arterial,Scarborough,43.701308,-79.28725,At Intersection,No Control,Clear,Daylight,Dry,Non-Fatal Injury,Approaching,Driver,50 to 54,Major,,South,"Automobile, Station Wagon",Going Ahead,Driving Properly,Normal,,,,,,,,,Yes,,,,,Yes,Yes,Yes,,,,120,Clairlea-Birchmount,120,Clairlea-Birchmount (120),D41,638006.4692,4840123.0477
16310,81419258,245690,2/4/2020 10:00:00 AM,1541,PHARMACY AVE,DONSIDE DR,20 m South o,Minor Arterial,Scarborough,43.701308,-79.28725,At Intersection,No Control,Clear,Daylight,Dry,Non-Fatal Injury,Approaching,Driver,25 to 29,None,,South,"Automobile, Station Wagon",Going Ahead,Driving Properly,Normal,,,,,,,,,Yes,,,,,Yes,Yes,Yes,,,,120,Clairlea-Birchmount,120,Clairlea-Birchmount (120),D41,638006.4692,4840123.0477
16311,81419259,245690,2/4/2020 10:00:00 AM,1541,PHARMACY AVE,DONSIDE DR,20 m South o,Minor Arterial,Scarborough,43.701308,-79.28725,At Intersection,No Control,Clear,Daylight,Dry,Non-Fatal Injury,Approaching,Passenger,15 to 19,Minor,,,,,,,,,,,,,,,Yes,,,,,Yes,Yes,Yes,,,,120,Clairlea-Birchmount,120,Clairlea-Birchmount (120),D41,638006.4692,4840123.0477