OBJECTID,INDEX,ACCNUM,DATE,TIME,STREET1,STREET2,OFFSET,ROAD_CLASS,DISTRICT,LATITUDE,LONGITUDE,ACCLOC,TRAFFCTL,VISIBILITY,LIGHT,RDSFCOND,ACCLASS,IMPACTYPE,INVTYPE,INVAGE,INJURY,FATAL_NO,INITDIR,VEHTYPE,MANOEUVER,DRIVACT,DRIVCOND,PEDTYPE,PEDACT,PEDCOND,CYCLISTYPE,CYCACT,CYCCOND,PEDESTRIAN,CYCLIST,AUTOMOBILE,MOTORCYCLE,TRUCK,TRSN_CITY_VEH,EMERG_VEH,PASSENGER,SPEEDING,AG_DRIV,REDLIGHT,ALCOHOL,DISABILITY,HOOD_158,NEIGHBOURHOOD_158,HOOD_140,NEIGHBOURHOOD_140,DIVISION,x,y
16312,81419260,245690,2/4/2020 10:00:00 AM,1541,PHARMACY AVE,DONSIDE DR,20 m South o,Minor Arterial,Scarborough,43.701308,-79.28725,At Intersection,No Control,Clear,Daylight,Dry,Non-Fatal Injury,Approaching,Passenger,15 to 19,Major,,,,,,,,,,,,,,,Yes,,,,,Yes,Yes,Yes,,,,120,Clairlea-Birchmount,120,Clairlea-Birchmount (120),D41,638006.4692,4840123.0477
16313,81419261,245690,2/4/2020 10:00:00 AM,1541,PHARMACY AVE,DONSIDE DR,20 m South o,Minor Arterial,Scarborough,43.701308,-79.28725,At Intersection,No Control,Clear,Daylight,Dry,Non-Fatal Injury,Approaching,Passenger,15 to 19,Minor,,,,,,,,,,,,,,,Yes,,,,,Yes,Yes,Yes,,,,120,Clairlea-Birchmount,120,Clairlea-Birchmount (120),D41,638006.4692,4840123.0477
16314,81423226,270261,2/7/2020 10:00:00 AM,1915,JANE ST,BEVERLY HILLS DR,,Major Arterial,Etobicoke York,43.719008,-79.508113,At Intersection,Traffic Signal,Clear,"Dark, artificial",Wet,Non-Fatal Injury,Pedestrian Collisions,Driver,50 to 54,None,,South,"Automobile, Station Wagon",Going Ahead,Driving Properly,Normal,,,,,,,Yes,,Yes,,,,,,,,,,,154,Oakdale-Beverley Heights,26,Downsview-Roding-CFB (26),D31,620174.6793,4841744.9349
16315,81423227,270261,2/7/2020 10:00:00 AM,1915,JANE ST,BEVERLY HILLS DR,,Major Arterial,Etobicoke York,43.719008,-79.508113,At Intersection,Traffic Signal,Clear,"Dark, artificial",Wet,Non-Fatal Injury,Pedestrian Collisions,Pedestrian,50 to 54,Major,,West,,,,,Vehicle is going straight thru inter.while ped cross without ROW,Crossing without right of way,Normal,,,,Yes,,Yes,,,,,,,,,,,154,Oakdale-Beverley Heights,26,Downsview-Roding-CFB (26),D31,620174.6793,4841744.9349
16316,81487437,296685,2/11/2020 10:00:00 AM,1355,BATHURST ST,STORMONT AVE,2 m  of,Major Arterial,North York,43.718352,-79.429553,At Intersection,No Control,Clear,Daylight,Dry,Non-Fatal Injury,Pedestrian Collisions,Driver,55 to 59,None,,North,Passenger Van,Going Ahead,Driving Properly,Normal,,,,,,,Yes,,Yes,,,,,,,,,,,39,Bedford Park-Nortown,39,Bedford Park-Nortown (39),D53,626504.291,4841788.9838
16317,81487438,296685,2/11/2020 10:00:00 AM,1355,BATHURST ST,STORMONT AVE,2 m  of,Major Arterial,North York,43.718352,-79.429553,At Intersection,No Control,Clear,Daylight,Dry,Non-Fatal Injury,Pedestrian Collisions,Pedestrian,10 to 14,Major,,East,,,,,Vehicle is going straight thru inter.while ped cross without ROW,"Crossing, no Traffic Control",Normal,,,,Yes,,Yes,,,,,,,,,,,39,Bedford Park-Nortown,39,Bedford Park-Nortown (39),D53,626504.291,4841788.9838
16318,81487439,296685,2/11/2020 10:00:00 AM,1355,BATHURST ST,STORMONT AVE,2 m  of,Major Arterial,North York,43.718352,-79.429553,At Intersection,No Control,Clear,Daylight,Dry,Non-Fatal Injury,Pedestrian Collisions,Pedestrian,10 to 14,None,,East,,,,,Vehicle is going straight thru inter.while ped cross without ROW,"Crossing, no Traffic Control",Normal,,,,Yes,,Yes,,,,,,,,,,,39,Bedford Park-Nortown,39,Bedford Park-Nortown (39),D53,626504.291,4841788.9838
16319,81484562,316011,2/13/2020 10:00:00 AM,2345,BAY ST,LAKE SHORE BLVD W,30 m North o,Major Arterial,Toronto and East York,43.642932,-79.37778,Intersection Related,No Control,Clear,"Dark, artificial",Dry,Non-Fatal Injury,Pedestrian Collisions,Driver,30 to 34,None,,South,"Automobile, Station Wagon",Going Ahead,Other,Had Been Drinking,,,,,,,Yes,,Yes,,,,,,,Yes,,,,166,St Lawrence-East Bayfront-The Islands,77,Waterfront Communities-The Island (77),D52,630838.6419,4833492.8872
16320,81484563,316011,2/13/2020 10:00:00 AM,2345,BAY ST,LAKE SHORE BLVD W,30 m North o,Major Arterial,Toronto and East York,43.642932,-79.37778,Intersection Related,No Control,Clear,"Dark, artificial",Dry,Non-Fatal Injury,Pedestrian Collisions,Pedestrian,30 to 34,Major,,West,,,,,Pedestrian hit at mid-block,"Crossing, no Traffic Control",Normal,,,,Yes,,Yes,,,,,,,Yes,,,,166,St Lawrence-East Bayfront-The Islands,77,Waterfront Communities-The Island (77),D52,630838.6419,4833492.8872
16321,81423867,332841,2/16/2020 10:00:00 AM,1130,STEELES AVE E,CONACHER DR,66 m West of,Major Arterial,North York,43.80202,-79.401675,Non Intersection,No Control,Clear,Daylight,Dry,Non-Fatal Injury,Rear End,Driver,70 to 74,None,,East,"Automobile, Station Wagon",Going Ahead,Following too Close,Inattentive,,,,,,,,,Yes,,,,,Yes,,Yes,,,,50,Newtonbrook East,50,Newtonbrook East (50),D32,628570.632,4851124.502
16322,81423868,332841,2/16/2020 10:00:00 AM,1130,STEELES AVE E,CONACHER DR,66 m West of,Major Arterial,North York,43.80202,-79.401675,Non Intersection,No Control,Clear,Daylight,Dry,Non-Fatal Injury,Rear End,Driver,25 to 29,Major,,East,"Automobile, Station Wagon",Slowing or Stopping,Driving Properly,Normal,,,,,,,,,Yes,,,,,Yes,,Yes,,,,50,Newtonbrook East,50,Newtonbrook East (50),D32,628570.632,4851124.502
16323,81423869,332841,2/16/2020 10:00:00 AM,1130,STEELES AVE E,CONACHER DR,66 m West of,Major Arterial,North York,43.80202,-79.401675,Non Intersection,No Control,Clear,Daylight,Dry,Non-Fatal Injury,Rear End,Driver,30 to 34,Minor,,East,"Automobile, Station Wagon",Going Ahead,Driving Properly,Normal,,,,,,,,,Yes,,,,,Yes,,Yes,,,,50,Newtonbrook East,50,Newtonbrook East (50),D32,628570.632,4851124.502
16324,81423870,332841,2/16/2020 10:00:00 AM,1130,STEELES AVE E,CONACHER DR,66 m West of,Major Arterial,North York,43.80202,-79.401675,Non Intersection,No Control,Clear,Daylight,Dry,Non-Fatal Injury,Rear End,Driver,60 to 64,None,,East,Pick Up Truck,Stopped,Driving Properly,Normal,,,,,,,,,Yes,,,,,Yes,,Yes,,,,50,Newtonbrook East,50,Newtonbrook East (50),D32,628570.632,4851124.502
16325,81423871,332841,2/16/2020 10:00:00 AM,1130,STEELES AVE E,CONACHER DR,66 m West of,Major Arterial,North York,43.80202,-79.401675,Non Intersection,No Control,Clear,Daylight,Dry,Non-Fatal Injury,Rear End,Passenger,75 to 79,None,,,"Automobile, Station Wagon",,,,,,,,,,,,Yes,,,,,Yes,,Yes,,,,50,Newtonbrook East,50,Newtonbrook East (50),D32,628570.632,4851124.502
16326,81505304,342262,2/17/2020 10:00:00 AM,1949,LAKE SHORE BLVD W,THIRTY NINTH ST,15 m South o,Major Arterial,Etobicoke York,43.592768,-79.540553,Intersection Related,No Control,Clear,"Dark, artificial",Dry,Non-Fatal Injury,Pedestrian Collisions,Driver,35 to 39,Minor,,East,"Automobile, Station Wagon",Going Ahead,Lost control,Unknown,,,,,,,Yes,,Yes,,,,,Yes,,Yes,,,,19,Long Branch,19,Long Branch (19),D22,617808.1403,4827677.8412
16327,81505305,342262,2/17/2020 10:00:00 AM,1949,LAKE SHORE BLVD W,THIRTY NINTH ST,15 m South o,Major Arterial,Etobicoke York,43.592768,-79.540553,Intersection Related,No Control,Clear,"Dark, artificial",Dry,Non-Fatal Injury,Pedestrian Collisions,Driver,30 to 34,None,,East,"Automobile, Station Wagon",Going Ahead,Driving Properly,Normal,,,,,,,Yes,,Yes,,,,,Yes,,Yes,,,,19,Long Branch,19,Long Branch (19),D22,617808.1403,4827677.8412
16328,81505306,342262,2/17/2020 10:00:00 AM,1949,LAKE SHORE BLVD W,THIRTY NINTH ST,15 m South o,Major Arterial,Etobicoke York,43.592768,-79.540553,Intersection Related,No Control,Clear,"Dark, artificial",Dry,Non-Fatal Injury,Pedestrian Collisions,Passenger,20 to 24,None,,,,,,,,,,,,,Yes,,Yes,,,,,Yes,,Yes,,,,19,Long Branch,19,Long Branch (19),D22,617808.1403,4827677.8412
16329,81505307,342262,2/17/2020 10:00:00 AM,1949,LAKE SHORE BLVD W,THIRTY NINTH ST,15 m South o,Major Arterial,Etobicoke York,43.592768,-79.540553,Intersection Related,No Control,Clear,"Dark, artificial",Dry,Non-Fatal Injury,Pedestrian Collisions,Passenger,25 to 29,None,,,,,,,,,,,,,Yes,,Yes,,,,,Yes,,Yes,,,,19,Long Branch,19,Long Branch (19),D22,617808.1403,4827677.8412
16330,81505308,342262,2/17/2020 10:00:00 AM,1949,LAKE SHORE BLVD W,THIRTY NINTH ST,15 m South o,Major Arterial,Etobicoke York,43.592768,-79.540553,Intersection Related,No Control,Clear,"Dark, artificial",Dry,Non-Fatal Injury,Pedestrian Collisions,Pedestrian,30 to 34,Major,,Unknown,,,,,Vehicle hits the pedestrian walking or running out from between parked vehicles at mid-block,Coming From Behind Parked Vehicle,Normal,,,,Yes,,Yes,,,,,Yes,,Yes,,,,19,Long Branch,19,Long Branch (19),D22,617808.1403,4827677.8412
16331,81423737,348999,2/18/2020 10:00:00 AM,1818,4673 JANE ST,,,Major Arterial,North York,43.770259,-79.520694,Non Intersection,No Control,Clear,"Dark, artificial",Wet,Non-Fatal Injury,Pedestrian Collisions,Driver,75 to 79,Minimal,,North,"Automobile, Station Wagon",Going Ahead,Driving Properly,Normal,,,,,,,Yes,,Yes,,,,,,,,,,,24,Black Creek,24,Black Creek (24),D31,619059.6044,4847418.9359
16332,81423738,348999,2/18/2020 10:00:00 AM,1818,4673 JANE ST,,,Major Arterial,North York,43.770259,-79.520694,Non Intersection,No Control,Clear,"Dark, artificial",Wet,Non-Fatal Injury,Pedestrian Collisions,Pedestrian,85 to 89,Major,,East,,,,,Pedestrian hit at mid-block,"Crossing, no Traffic Control",Inattentive,,,,Yes,,Yes,,,,,,,,,,,24,Black Creek,24,Black Creek (24),D31,619059.6044,4847418.9359
16333,81512476,374527,2/22/2020 10:00:00 AM,320,GRANDRAVINE DR,FUTURA DR,35 m East of,Collector,North York,43.748633,-79.506542,Non Intersection,No Control,Clear,"Dark, artificial",Dry,Non-Fatal Injury,SMV Other,Driver,30 to 34,Minor,,West,"Automobile, Station Wagon",Going Ahead,Speed too Fast For Condition,Unknown,,,,,,,,,Yes,,,,,Yes,Yes,Yes,,,,25,Glenfield-Jane Heights,25,Glenfield-Jane Heights (25),D31,620241.9251,4845037.4942
16334,81512477,374527,2/22/2020 10:00:00 AM,320,GRANDRAVINE DR,FUTURA DR,35 m East of,Collector,North York,43.748633,-79.506542,Non Intersection,No Control,Clear,"Dark, artificial",Dry,Non-Fatal Injury,SMV Other,Passenger,30 to 34,Major,,,,,,,,,,,,,,,Yes,,,,,Yes,Yes,Yes,,,,25,Glenfield-Jane Heights,25,Glenfield-Jane Heights (25),D31,620241.9251,4845037.4942
16335,81512478,374527,2/22/2020 10:00:00 AM,320,GRANDRAVINE DR,FUTURA DR,35 m East of,Collector,North York,43.748633,-79.506542,Non Intersection,No Control,Clear,"Dark, artificial",Dry,Non-Fatal Injury,SMV Other,Passenger,15 to 19,Minor,,,,,,,,,,,,,,,Yes,,,,,Yes,Yes,Yes,,,,25,Glenfield-Jane Heights,25,Glenfield-Jane Heights (25),D31,620241.9251,4845037.4942
16336,81512479,374527,2/22/2020 10:00:00 AM,320,GRANDRAVINE DR,FUTURA DR,35 m East of,Collector,North York,43.748633,-79.506542,Non Intersection,No Control,Clear,"Dark, artificial",Dry,Non-Fatal Injury,SMV Other,Passenger,25 to 29,Major,,,,,,,,,,,,,,,Yes,,,,,Yes,Yes,Yes,,,,25,Glenfield-Jane Heights,25,Glenfield-Jane Heights (25),D31,620241.9251,4845037.4942
16337,81421543,382209,2/23/2020 10:00:00 AM,707,DON MILLS RD,LAWRENCE AVE E,,Major Arterial,Etobicoke York,43.737101,-79.34341,At Intersection,Traffic Signal,Clear,Daylight,Dry,Non-Fatal Injury,Angle,Driver,45 to 49,Major,,South,"Automobile, Station Wagon",Going Ahead,Disobeyed Traffic Control,Normal,,,,,,,,,Yes,,,,,,,Yes,Yes,,,42,Banbury-Don Mills,42,Banbury-Don Mills (42),D33,633401.8142,4844006.4237
16338,81421544,382209,2/23/2020 10:00:00 AM,707,DON MILLS RD,LAWRENCE AVE E,,Major Arterial,Etobicoke York,43.737101,-79.34341,At Intersection,Traffic Signal,Clear,Daylight,Dry,Non-Fatal Injury,Angle,Driver,25 to 29,Minor,,East,"Automobile, Station Wagon",Going Ahead,Driving Properly,Normal,,,,,,,,,Yes,,,,,,,Yes,Yes,,,42,Banbury-Don Mills,42,Banbury-Don Mills (42),D33,633401.8142,4844006.4237
16339,81338457,385373,2/23/2020 10:00:00 AM,1655,VICTORIA PARK AVE,HUNTINGWOOD DR,,Major Arterial,North York,43.78028,-79.325359,At Intersection,Traffic Signal,Clear,Daylight,Dry,Fatal,Pedestrian Collisions,Driver,55 to 59,None,,West,"Automobile, Station Wagon",Turning Left,Failed to Yield Right of Way,Inattentive,,,,,,,Yes,,Yes,,,,,Yes,,Yes,,,,147,L'Amoreaux West,117,L'Amoreaux (117),D42,634758.4688,4848831.3311
16340,81341762,385373,2/23/2020 10:00:00 AM,1655,VICTORIA PARK AVE,HUNTINGWOOD DR,,Major Arterial,North York,43.78028,-79.325359,At Intersection,Traffic Signal,Clear,Daylight,Dry,Fatal,Pedestrian Collisions,Passenger,25 to 29,None,,West,,,,,,,,,,,Yes,,Yes,,,,,Yes,,Yes,,,,147,L'Amoreaux West,117,L'Amoreaux (117),D42,634758.4688,4848831.3311
16341,81393715,385373,2/23/2020 10:00:00 AM,1655,VICTORIA PARK AVE,HUNTINGWOOD DR,,Major Arterial,North York,43.78028,-79.325359,At Intersection,Traffic Signal,Clear,Daylight,Dry,Fatal,Pedestrian Collisions,Pedestrian,75 to 79,Fatal,5,East,,,,,Vehicle turns left while ped crosses with ROW at inter.,Crossing with right of way,Normal,,,,Yes,,Yes,,,,,Yes,,Yes,,,,147,L'Amoreaux West,117,L'Amoreaux (117),D42,634758.4688,4848831.3311
16342,81431188,401654,2/25/2020 10:00:00 AM,2105,ST CLAIR AVE W,OLD WESTON RD,,Major Arterial,Etobicoke York,43.673464,-79.463008,At Intersection,Traffic Signal,Clear,"Dark, artificial",Dry,Non-Fatal Injury,Pedestrian Collisions,Driver,55 to 59,None,,West,"Automobile, Station Wagon",Going Ahead,Driving Properly,Normal,,,,,,,Yes,,Yes,,,,,,,,,,,91,Weston-Pelham Park,91,Weston-Pellam Park (91),D11,623901.7768,4836753.0363
16343,81431189,401654,2/25/2020 10:00:00 AM,2105,ST CLAIR AVE W,OLD WESTON RD,,Major Arterial,Etobicoke York,43.673464,-79.463008,At Intersection,Traffic Signal,Clear,"Dark, artificial",Dry,Non-Fatal Injury,Pedestrian Collisions,Pedestrian,65 to 69,Major,,North,,,,,Vehicle is going straight thru inter.while ped cross without ROW,Crossing without right of way,Inattentive,,,,Yes,,Yes,,,,,,,,,,,91,Weston-Pelham Park,91,Weston-Pellam Park (91),D11,623901.7768,4836753.0363
16344,81423174,418177,2/28/2020 10:00:00 AM,650,KING ST E,SHERBOURNE ST,,Major Arterial,Toronto and East York,43.651206,-79.368221,At Intersection,Traffic Signal,Clear,Dawn,Dry,Non-Fatal Injury,Pedestrian Collisions,Driver,45 to 49,None,,West,"Automobile, Station Wagon",Going Ahead,Driving Properly,Normal,,,,,,,Yes,,Yes,,,,,,,Yes,,,,73,Moss Park,73,Moss Park (73),D51,631591.5539,4834426.9371
16345,81423175,418177,2/28/2020 10:00:00 AM,650,KING ST E,SHERBOURNE ST,,Major Arterial,Toronto and East York,43.651206,-79.368221,At Intersection,Traffic Signal,Clear,Dawn,Dry,Non-Fatal Injury,Pedestrian Collisions,Pedestrian,45 to 49,Major,,North,,,,,Vehicle is going straight thru inter.while ped cross without ROW,Crossing without right of way,Inattentive,,,,Yes,,Yes,,,,,,,Yes,,,,73,Moss Park,73,Moss Park (73),D51,631591.5539,4834426.9371
16346,81421593,418513,2/28/2020 10:00:00 AM,810,YONGE ST,EMPRESS AVE,,Major Arterial,North York,43.769202,-79.41286,At Intersection,Traffic Signal,Clear,Daylight,Wet,Non-Fatal Injury,Pedestrian Collisions,Driver,55 to 59,None,,South,"Automobile, Station Wagon",Turning Left,Failed to Yield Right of Way,Inattentive,,,,,,,Yes,,Yes,,,,,,,Yes,,,,151,Yonge-Doris,51,Willowdale East (51),D32,627740.777,4847462.2389
16347,81421594,418513,2/28/2020 10:00:00 AM,810,YONGE ST,EMPRESS AVE,,Major Arterial,North York,43.769202,-79.41286,At Intersection,Traffic Signal,Clear,Daylight,Wet,Non-Fatal Injury,Pedestrian Collisions,Driver,35 to 39,None,,North,"Automobile, Station Wagon",Going Ahead,Driving Properly,Normal,,,,,,,Yes,,Yes,,,,,,,Yes,,,,151,Yonge-Doris,51,Willowdale East (51),D32,627740.777,4847462.2389
16348,81421595,418513,2/28/2020 10:00:00 AM,810,YONGE ST,EMPRESS AVE,,Major Arterial,North York,43.769202,-79.41286,At Intersection,Traffic Signal,Clear,Daylight,Wet,Non-Fatal Injury,Pedestrian Collisions,Pedestrian,30 to 34,Major,,Unknown,,,,,Pedestrian hit on sidewalk or shoulder,On Sidewalk or Shoulder,Normal,,,,Yes,,Yes,,,,,,,Yes,,,,151,Yonge-Doris,51,Willowdale East (51),D32,627740.777,4847462.2389
16349,81421596,418513,2/28/2020 10:00:00 AM,810,YONGE ST,EMPRESS AVE,,Major Arterial,North York,43.769202,-79.41286,At Intersection,Traffic Signal,Clear,Daylight,Wet,Non-Fatal Injury,Pedestrian Collisions,Pedestrian,25 to 29,Minor,,Unknown,,,,,Pedestrian hit on sidewalk or shoulder,On Sidewalk or Shoulder,Normal,,,,Yes,,Yes,,,,,,,Yes,,,,151,Yonge-Doris,51,Willowdale East (51),D32,627740.777,4847462.2389
16350,81421597,418513,2/28/2020 10:00:00 AM,810,YONGE ST,EMPRESS AVE,,Major Arterial,North York,43.769202,-79.41286,At Intersection,Traffic Signal,Clear,Daylight,Wet,Non-Fatal Injury,Pedestrian Collisions,Pedestrian,25 to 29,Major,,Unknown,,,,,Pedestrian hit on sidewalk or shoulder,On Sidewalk or Shoulder,Normal,,,,Yes,,Yes,,,,,,,Yes,,,,151,Yonge-Doris,51,Willowdale East (51),D32,627740.777,4847462.2389
16351,81418892,429600,2/29/2020 10:00:00 AM,1716,FINCH AVE W,SILVERSTONE DR,,Major Arterial,Etobicoke York,43.735945,-79.594913,At Intersection,Traffic Signal,Clear,Daylight,Dry,Non-Fatal Injury,Pedestrian Collisions,Driver,55 to 59,None,,West,"Automobile, Station Wagon",Going Ahead,Disobeyed Traffic Control,Inattentive,,,,,,,Yes,,Yes,,,,,Yes,,Yes,Yes,,,1,West Humber-Clairville,1,West Humber-Clairville (1),D23,613150.8116,4843503.8349
16352,81418893,429600,2/29/2020 10:00:00 AM,1716,FINCH AVE W,SILVERSTONE DR,,Major Arterial,Etobicoke York,43.735945,-79.594913,At Intersection,Traffic Signal,Clear,Daylight,Dry,Non-Fatal Injury,Pedestrian Collisions,Passenger,30 to 34,None,,,,,,,,,,,,,Yes,,Yes,,,,,Yes,,Yes,Yes,,,1,West Humber-Clairville,1,West Humber-Clairville (1),D23,613150.8116,4843503.8349
16353,81418894,429600,2/29/2020 10:00:00 AM,1716,FINCH AVE W,SILVERSTONE DR,,Major Arterial,Etobicoke York,43.735945,-79.594913,At Intersection,Traffic Signal,Clear,Daylight,Dry,Non-Fatal Injury,Pedestrian Collisions,Pedestrian,50 to 54,Major,,South,,,,,Vehicle is going straight thru inter.while ped cross with ROW,Crossing with right of way,Normal,,,,Yes,,Yes,,,,,Yes,,Yes,Yes,,,1,West Humber-Clairville,1,West Humber-Clairville (1),D23,613150.8116,4843503.8349
16354,81485300,437574,3/1/2020 10:00:00 AM,2100,WILSON AVE,PETHERHILL  AVE,27 m East of,Major Arterial,North York,43.724547,-79.491039,Intersection Related,No Control,Clear,"Dark, artificial",Dry,Non-Fatal Injury,Other,Driver,35 to 39,None,,East,Municipal Transit Bus (TTC),Pulling Away from Shoulder or Curb,Driving Properly,Normal,,,,,,,,,,,,Yes,,Yes,,,,,,154,Oakdale-Beverley Heights,26,Downsview-Roding-CFB (26),D31,621538.8371,4842385.0169
16355,81485301,437574,3/1/2020 10:00:00 AM,2100,WILSON AVE,PETHERHILL  AVE,27 m East of,Major Arterial,North York,43.724547,-79.491039,Intersection Related,No Control,Clear,"Dark, artificial",Dry,Non-Fatal Injury,Other,Passenger,50 to 54,Major,,,,,,,,,,,,,,,,,,Yes,,Yes,,,,,,154,Oakdale-Beverley Heights,26,Downsview-Roding-CFB (26),D31,621538.8371,4842385.0169
16356,81423888,442335,3/2/2020 10:00:00 AM,1410,GERRARD ST E,BLANTYRE AVE,3 m West of,Minor Arterial,Scarborough,43.68738,-79.283931,At Intersection,Pedestrian Crossover,Rain,Daylight,Wet,Non-Fatal Injury,Pedestrian Collisions,Driver,50 to 54,None,,North,Pick Up Truck,Turning Left,Failed to Yield Right of Way,Inattentive,,,,,,,Yes,,Yes,,,,,,,Yes,,,,122,Birchcliffe-Cliffside,122,Birchcliffe-Cliffside (122),D41,638305.9197,4838581.6764
16357,81423889,442335,3/2/2020 10:00:00 AM,1410,GERRARD ST E,BLANTYRE AVE,3 m West of,Minor Arterial,Scarborough,43.68738,-79.283931,At Intersection,Pedestrian Crossover,Rain,Daylight,Wet,Non-Fatal Injury,Pedestrian Collisions,Pedestrian,60 to 64,Major,,North,,,,,Pedestrian hit a PXO/ped. Mid-block signal,"Crossing, Pedestrian Crossover",Normal,,,,Yes,,Yes,,,,,,,Yes,,,,122,Birchcliffe-Cliffside,122,Birchcliffe-Cliffside (122),D41,638305.9197,4838581.6764
16358,81419302,444225,3/2/2020 10:00:00 AM,1815,KEELE ST,ST REGIS CRES,,Major Arterial,North York,43.754439,-79.488719,At Intersection,Traffic Signal,Clear,Dark,Wet,Non-Fatal Injury,Pedestrian Collisions,Driver,55 to 59,None,,West,Passenger Van,Turning Left,Failed to Yield Right of Way,Inattentive,,,,,,,Yes,,Yes,,,,,,,Yes,,,,27,York University Heights,27,York University Heights (27),D31,621665.1445,4845708.3607
16359,81419303,444225,3/2/2020 10:00:00 AM,1815,KEELE ST,ST REGIS CRES,,Major Arterial,North York,43.754439,-79.488719,At Intersection,Traffic Signal,Clear,Dark,Wet,Non-Fatal Injury,Pedestrian Collisions,Pedestrian,55 to 59,Major,,West,,,,,Vehicle turns left while ped crosses with ROW at inter.,Crossing with right of way,Normal,,,,Yes,,Yes,,,,,,,Yes,,,,27,York University Heights,27,York University Heights (27),D31,621665.1445,4845708.3607
16360,81485265,450742,3/3/2020 10:00:00 AM,1520,GERRARD ST E,NORWOOD RD,,Minor Arterial,Toronto and East York,43.683299,-79.302806,At Intersection,Pedestrian Crossover,Rain,Daylight,Wet,Non-Fatal Injury,Pedestrian Collisions,Driver,55 to 59,None,,West,"Automobile, Station Wagon",Going Ahead,Failed to Yield Right of Way,Inattentive,,,,,,,Yes,,Yes,,,,,,,Yes,,,,62,East End-Danforth,62,East End-Danforth (62),D55,636793.9546,4838097.1169
16361,81485266,450742,3/3/2020 10:00:00 AM,1520,GERRARD ST E,NORWOOD RD,,Minor Arterial,Toronto and East York,43.683299,-79.302806,At Intersection,Pedestrian Crossover,Rain,Daylight,Wet,Non-Fatal Injury,Pedestrian Collisions,Pedestrian,10 to 14,Major,,North,,,,,Pedestrian hit a PXO/ped. Mid-block signal,"Crossing, Pedestrian Crossover",Normal,,,,Yes,,Yes,,,,,,,Yes,,,,62,East End-Danforth,62,East End-Danforth (62),D55,636793.9546,4838097.1169
16362,81421851,450834,3/3/2020 10:00:00 AM,1532,BLOOR ST W,BRENTWOOD RD S,,Major Arterial,Etobicoke York,43.646804,-79.513545,At Intersection,Stop Sign,Rain,Daylight,Wet,Non-Fatal Injury,Pedestrian Collisions,Driver,35 to 39,None,,North,"Automobile, Station Wagon",Turning Left,Driving Properly,Normal,,,,,,,Yes,,Yes,,,,,Yes,,,,,,16,Stonegate-Queensway,16,Stonegate-Queensway (16),D22,619880.8399,4833717.8536
16363,81421852,450834,3/3/2020 10:00:00 AM,1532,BLOOR ST W,BRENTWOOD RD S,,Major Arterial,Etobicoke York,43.646804,-79.513545,At Intersection,Stop Sign,Rain,Daylight,Wet,Non-Fatal Injury,Pedestrian Collisions,Passenger,5 to 9,None,,,,,,,,,,,,,Yes,,Yes,,,,,Yes,,,,,,16,Stonegate-Queensway,16,Stonegate-Queensway (16),D22,619880.8399,4833717.8536
16364,81421853,450834,3/3/2020 10:00:00 AM,1532,BLOOR ST W,BRENTWOOD RD S,,Major Arterial,Etobicoke York,43.646804,-79.513545,At Intersection,Stop Sign,Rain,Daylight,Wet,Non-Fatal Injury,Pedestrian Collisions,Pedestrian,25 to 29,Major,,South,,,,,Vehicle turns left while ped crosses without ROW at inter.,"Crossing, no Traffic Control",Inattentive,,,,Yes,,Yes,,,,,Yes,,,,,,16,Stonegate-Queensway,16,Stonegate-Queensway (16),D22,619880.8399,4833717.8536
16365,81421793,451712,3/3/2020 10:00:00 AM,1726,SCARLETT RD,EDENBRIDGE DR,,Minor Arterial,Etobicoke York,43.680697,-79.508807,At Intersection,Traffic Signal,Clear,Dark,Wet,Non-Fatal Injury,Turning Movement,Driver,65 to 69,None,,North,"Automobile, Station Wagon",Turning Left,Improper Turn,Normal,,,,,,,,,Yes,,,,,,,Yes,,,,9,Edenbridge-Humber Valley,9,Edenbridge-Humber Valley (9),D22,620195.3015,4837488.9678
16366,81421794,451712,3/3/2020 10:00:00 AM,1726,SCARLETT RD,EDENBRIDGE DR,,Minor Arterial,Etobicoke York,43.680697,-79.508807,At Intersection,Traffic Signal,Clear,Dark,Wet,Non-Fatal Injury,Turning Movement,Driver,35 to 39,Major,,South,"Automobile, Station Wagon",Going Ahead,Driving Properly,Normal,,,,,,,,,Yes,,,,,,,Yes,,,,9,Edenbridge-Humber Valley,9,Edenbridge-Humber Valley (9),D22,620195.3015,4837488.9678
16367,81421795,451712,3/3/2020 10:00:00 AM,1726,SCARLETT RD,EDENBRIDGE DR,,Minor Arterial,Etobicoke York,43.680697,-79.508807,At Intersection,Traffic Signal,Clear,Dark,Wet,Non-Fatal Injury,Turning Movement,Driver,50 to 54,None,,East,"Automobile, Station Wagon",Stopped,Driving Properly,Normal,,,,,,,,,Yes,,,,,,,Yes,,,,9,Edenbridge-Humber Valley,9,Edenbridge-Humber Valley (9),D22,620195.3015,4837488.9678