OBJECTID,INDEX,ACCNUM,DATE,TIME,STREET1,STREET2,OFFSET,ROAD_CLASS,DISTRICT,LATITUDE,LONGITUDE,ACCLOC,TRAFFCTL,VISIBILITY,LIGHT,RDSFCOND,ACCLASS,IMPACTYPE,INVTYPE,INVAGE,INJURY,FATAL_NO,INITDIR,VEHTYPE,MANOEUVER,DRIVACT,DRIVCOND,PEDTYPE,PEDACT,PEDCOND,CYCLISTYPE,CYCACT,CYCCOND,PEDESTRIAN,CYCLIST,AUTOMOBILE,MOTORCYCLE,TRUCK,TRSN_CITY_VEH,EMERG_VEH,PASSENGER,SPEEDING,AG_DRIV,REDLIGHT,ALCOHOL,DISABILITY,HOOD_158,NEIGHBOURHOOD_158,HOOD_140,NEIGHBOURHOOD_140,DIVISION,x,y
16368,81421457,474338,3/6/2020 10:00:00 AM,1352,GERRARD ST E,MAIN ST,,Minor Arterial,Toronto and East York,43.683879,-79.300121,At Intersection,Traffic Signal,Clear,Daylight,Dry,Non-Fatal Injury,Pedestrian Collisions,Driver,60 to 64,None,,West,"Bus (Other) (Go Bus, Gray Coa",Turning Right,Failed to Yield Right of Way,Inattentive,,,,,,,Yes,,,,,Yes,,,,Yes,,,,62,East End-Danforth,62,East End-Danforth (62),D55,637009.0479,4838165.9664
16369,81421458,474338,3/6/2020 10:00:00 AM,1352,GERRARD ST E,MAIN ST,,Minor Arterial,Toronto and East York,43.683879,-79.300121,At Intersection,Traffic Signal,Clear,Daylight,Dry,Non-Fatal Injury,Pedestrian Collisions,Pedestrian,35 to 39,Major,,West,,,,,Vehicle turns right while ped crosses with ROW at inter.,Crossing with right of way,Normal,,,,Yes,,,,,Yes,,,,Yes,,,,62,East End-Danforth,62,East End-Danforth (62),D55,637009.0479,4838165.9664
16370,81418346,484297,3/7/2020 10:00:00 AM,1940,HUMBER BLVD,LOUVAIN ST,4 m West of,Collector,Etobicoke York,43.68056,-79.482097,At Intersection,No Control,Clear,"Dark, artificial",Dry,Non-Fatal Injury,Other,Driver,40 to 44,Major,,West,Municipal Transit Bus (TTC),Going Ahead,Driving Properly,Normal,,,,,,,,,,,,Yes,,Yes,,,,,,111,Rockcliffe-Smythe,111,Rockcliffe-Smythe (111),D12,622348.5165,4837512.8061
16371,81418347,484297,3/7/2020 10:00:00 AM,1940,HUMBER BLVD,LOUVAIN ST,4 m West of,Collector,Etobicoke York,43.68056,-79.482097,At Intersection,No Control,Clear,"Dark, artificial",Dry,Non-Fatal Injury,Other,Passenger,60 to 64,Minor,,,,,,,,,,,,,,,,,,Yes,,Yes,,,,,,111,Rockcliffe-Smythe,111,Rockcliffe-Smythe (111),D12,622348.5165,4837512.8061
16372,81333479,488737,3/8/2020 9:00:00 AM,1400,NORTH BONNINGTON AVE,ZENITH DR,,Local,Scarborough,43.712298,-79.264369,Non Intersection,No Control,Clear,Daylight,Wet,Fatal,Other,Motorcycle Driver,20 to 24,Fatal,6,South,Motorcycle,Going Ahead,Lost control,Unknown,,,,,,,,,,Yes,,,,,,,,,,120,Clairlea-Birchmount,120,Clairlea-Birchmount (120),D41,639824.5935,4841381.9896
16373,81418465,500879,3/10/2020 8:00:00 AM,632,ST CLAIR AVE W,CHRISTIE ST,,Major Arterial,Toronto and East York,43.681639,-79.425678,At Intersection,Traffic Signal,Rain,"Dark, artificial",Wet,Non-Fatal Injury,Pedestrian Collisions,Driver,40 to 44,None,,West,"Automobile, Station Wagon",Going Ahead,Driving Properly,Normal,,,,,,,Yes,,Yes,,,,,,,,,,,94,Wychwood,94,Wychwood (94),D13,626893.8612,4837717.4168
16374,81418466,500879,3/10/2020 8:00:00 AM,632,ST CLAIR AVE W,CHRISTIE ST,,Major Arterial,Toronto and East York,43.681639,-79.425678,At Intersection,Traffic Signal,Rain,"Dark, artificial",Wet,Non-Fatal Injury,Pedestrian Collisions,Pedestrian,20 to 24,Major,,North,,,,,Vehicle is going straight thru inter.while ped cross without ROW,Crossing without right of way,Inattentive,,,,Yes,,Yes,,,,,,,,,,,94,Wychwood,94,Wychwood (94),D13,626893.8612,4837717.4168
16375,81513749,500922,3/10/2020 8:00:00 AM,644,FRONT ST E,PARLIAMENT ST,7 m West of,Minor Arterial,Toronto and East York,43.651496,-79.362697,At Intersection,Traffic Signal,Rain,Dark,Wet,Non-Fatal Injury,Pedestrian Collisions,Driver,35 to 39,None,,West,"Automobile, Station Wagon",Turning Left,Failed to Yield Right of Way,Normal,,,,,,,Yes,,Yes,,,,,,,Yes,,,,166,St Lawrence-East Bayfront-The Islands,77,Waterfront Communities-The Island (77),D51,632036.3952,4834467.9202
16376,81513750,500922,3/10/2020 8:00:00 AM,644,FRONT ST E,PARLIAMENT ST,7 m West of,Minor Arterial,Toronto and East York,43.651496,-79.362697,At Intersection,Traffic Signal,Rain,Dark,Wet,Non-Fatal Injury,Pedestrian Collisions,Pedestrian,25 to 29,Major,,East,,,,,Vehicle turns left while ped crosses with ROW at inter.,Crossing with right of way,Normal,,,,Yes,,Yes,,,,,,,Yes,,,,166,St Lawrence-East Bayfront-The Islands,77,Waterfront Communities-The Island (77),D51,632036.3952,4834467.9202
16377,81485370,522896,3/13/2020 8:00:00 AM,27,QUEEN ST E,BROADVIEW AVE,,Major Arterial,Toronto and East York,43.658805,-79.349811,At Intersection,Traffic Signal,Clear,"Dark, artificial",Dry,Non-Fatal Injury,Pedestrian Collisions,Driver,55 to 59,None,,North,"Automobile, Station Wagon",Turning Left,Failed to Yield Right of Way,"Ability Impaired, Alcohol Over .08",,,,,,,Yes,,Yes,,,,,,,Yes,,Yes,,70,South Riverdale,70,South Riverdale (70),D55,633059.4236,4835300.2661
16378,81485371,522896,3/13/2020 8:00:00 AM,27,QUEEN ST E,BROADVIEW AVE,,Major Arterial,Toronto and East York,43.658805,-79.349811,At Intersection,Traffic Signal,Clear,"Dark, artificial",Dry,Non-Fatal Injury,Pedestrian Collisions,Pedestrian,20 to 24,Minimal,,North,,,,,Vehicle turns left while ped crosses without ROW at inter.,Crossing without right of way,Normal,,,,Yes,,Yes,,,,,,,Yes,,Yes,,70,South Riverdale,70,South Riverdale (70),D55,633059.4236,4835300.2661
16379,81485372,522896,3/13/2020 8:00:00 AM,27,QUEEN ST E,BROADVIEW AVE,,Major Arterial,Toronto and East York,43.658805,-79.349811,At Intersection,Traffic Signal,Clear,"Dark, artificial",Dry,Non-Fatal Injury,Pedestrian Collisions,Pedestrian,25 to 29,Major,,North,,,,,Vehicle turns left while ped crosses without ROW at inter.,Crossing without right of way,Normal,,,,Yes,,Yes,,,,,,,Yes,,Yes,,70,South Riverdale,70,South Riverdale (70),D55,633059.4236,4835300.2661
16380,81418430,540779,3/15/2020 8:00:00 AM,1523,BRIMLEY RD,KINGSTON RD,,Major Arterial,Scarborough,43.718154,-79.240329,At Intersection,Traffic Signal,Clear,Daylight,Dry,Non-Fatal Injury,Turning Movement,Cyclist,50 to 54,Major,,North,Bicycle,Turning Left,,,,,,Cyclist turned left across motorists path.,Failed to Yield Right of Way,Unknown,,Yes,Yes,,,,,Yes,,,,,,123,Cliffcrest,123,Cliffcrest (123),D43,641747.5013,4842073.2194
16381,81418431,540779,3/15/2020 8:00:00 AM,1523,BRIMLEY RD,KINGSTON RD,,Major Arterial,Scarborough,43.718154,-79.240329,At Intersection,Traffic Signal,Clear,Daylight,Dry,Non-Fatal Injury,Turning Movement,Driver,20 to 24,None,,South,"Automobile, Station Wagon",Going Ahead,Driving Properly,Normal,,,,,,,,Yes,Yes,,,,,Yes,,,,,,123,Cliffcrest,123,Cliffcrest (123),D43,641747.5013,4842073.2194
16382,81418432,540779,3/15/2020 8:00:00 AM,1523,BRIMLEY RD,KINGSTON RD,,Major Arterial,Scarborough,43.718154,-79.240329,At Intersection,Traffic Signal,Clear,Daylight,Dry,Non-Fatal Injury,Turning Movement,Passenger,20 to 24,None,,,,,,,,,,,,,,Yes,Yes,,,,,Yes,,,,,,123,Cliffcrest,123,Cliffcrest (123),D43,641747.5013,4842073.2194
16383,81504872,562879,3/18/2020 8:00:00 AM,2105,KINGSTON RD,BEECHGROVE DR,10 m South o,Major Arterial,Scarborough,43.776423,-79.173526,Intersection Related,Traffic Signal,Rain,Dark,Wet,Non-Fatal Injury,Pedestrian Collisions,Driver,unknown,None,,North,"Automobile, Station Wagon",Going Ahead,Other,Unknown,,,,,,,Yes,,Yes,,,,,Yes,,,,,,136,West Hill,136,West Hill (136),D43,646986.079,4848661.3156
16384,81504873,562879,3/18/2020 8:00:00 AM,2105,KINGSTON RD,BEECHGROVE DR,10 m South o,Major Arterial,Scarborough,43.776423,-79.173526,Intersection Related,Traffic Signal,Rain,Dark,Wet,Non-Fatal Injury,Pedestrian Collisions,Pedestrian,55 to 59,Major,,West,,,,,Vehicle is going straight thru inter.while ped cross without ROW,Crossing without right of way,Inattentive,,,,Yes,,Yes,,,,,Yes,,,,,,136,West Hill,136,West Hill (136),D43,646986.079,4848661.3156
16385,81504874,562879,3/18/2020 8:00:00 AM,2105,KINGSTON RD,BEECHGROVE DR,10 m South o,Major Arterial,Scarborough,43.776423,-79.173526,Intersection Related,Traffic Signal,Rain,Dark,Wet,Non-Fatal Injury,Pedestrian Collisions,Passenger,20 to 24,None,,,,,,,,,,,,,Yes,,Yes,,,,,Yes,,,,,,136,West Hill,136,West Hill (136),D43,646986.079,4848661.3156
16386,81418171,565895,3/19/2020 8:00:00 AM,1220,MCCOWAN RD,MILNER AVE,6 m South of,Major Arterial,Scarborough,43.785308,-79.256435,At Intersection,Traffic Signal,Clear,Daylight,Dry,Non-Fatal Injury,Sideswipe,Driver,45 to 49,Major,,North,"Automobile, Station Wagon",Stopped,Lost control,Normal,,,,,,,,,Yes,,Yes,,,Yes,,,,,,128,Agincourt South-Malvern West,128,Agincourt South-Malvern West (128),D42,640293.087,4849504.2749
16387,81418172,565895,3/19/2020 8:00:00 AM,1220,MCCOWAN RD,MILNER AVE,6 m South of,Major Arterial,Scarborough,43.785308,-79.256435,At Intersection,Traffic Signal,Clear,Daylight,Dry,Non-Fatal Injury,Sideswipe,Driver,55 to 59,None,,North,"Automobile, Station Wagon",Stopped,Driving Properly,Normal,,,,,,,,,Yes,,Yes,,,Yes,,,,,,128,Agincourt South-Malvern West,128,Agincourt South-Malvern West (128),D42,640293.087,4849504.2749
16388,81418173,565895,3/19/2020 8:00:00 AM,1220,MCCOWAN RD,MILNER AVE,6 m South of,Major Arterial,Scarborough,43.785308,-79.256435,At Intersection,Traffic Signal,Clear,Daylight,Dry,Non-Fatal Injury,Sideswipe,Driver,40 to 44,Minor,,North,"Automobile, Station Wagon",Stopped,Driving Properly,Normal,,,,,,,,,Yes,,Yes,,,Yes,,,,,,128,Agincourt South-Malvern West,128,Agincourt South-Malvern West (128),D42,640293.087,4849504.2749
16389,81418174,565895,3/19/2020 8:00:00 AM,1220,MCCOWAN RD,MILNER AVE,6 m South of,Major Arterial,Scarborough,43.785308,-79.256435,At Intersection,Traffic Signal,Clear,Daylight,Dry,Non-Fatal Injury,Sideswipe,Truck Driver,45 to 49,None,,North,"Truck - Closed (Blazer, etc)",Stopped,Driving Properly,Normal,,,,,,,,,Yes,,Yes,,,Yes,,,,,,128,Agincourt South-Malvern West,128,Agincourt South-Malvern West (128),D42,640293.087,4849504.2749
16390,81418175,565895,3/19/2020 8:00:00 AM,1220,MCCOWAN RD,MILNER AVE,6 m South of,Major Arterial,Scarborough,43.785308,-79.256435,At Intersection,Traffic Signal,Clear,Daylight,Dry,Non-Fatal Injury,Sideswipe,Passenger,50 to 54,Minor,,,,,,,,,,,,,,,Yes,,Yes,,,Yes,,,,,,128,Agincourt South-Malvern West,128,Agincourt South-Malvern West (128),D42,640293.087,4849504.2749
16391,81421920,568837,3/19/2020 8:00:00 AM,2110,YONGE ST,CUMMER AVE,2 m East of,Major Arterial,North York,43.786997,-79.417308,At Intersection,Traffic Signal,Rain,"Dark, artificial",Wet,Non-Fatal Injury,Pedestrian Collisions,Driver,20 to 24,None,,South,"Automobile, Station Wagon",Turning Left,Failed to Yield Right of Way,Inattentive,,,,,,,Yes,,Yes,,,,,,,Yes,,,,50,Newtonbrook East,50,Newtonbrook East (50),D32,627344.9951,4849431.7942
16392,81421921,568837,3/19/2020 8:00:00 AM,2110,YONGE ST,CUMMER AVE,2 m East of,Major Arterial,North York,43.786997,-79.417308,At Intersection,Traffic Signal,Rain,"Dark, artificial",Wet,Non-Fatal Injury,Pedestrian Collisions,Pedestrian,70 to 74,Major,,North,,,,,Vehicle turns left while ped crosses with ROW at inter.,Crossing with right of way,Normal,,,,Yes,,Yes,,,,,,,Yes,,,,50,Newtonbrook East,50,Newtonbrook East (50),D32,627344.9951,4849431.7942
16393,81424295,568853,3/19/2020 8:00:00 AM,2116,BROADVIEW AVE,MONTCREST BLVD,,Minor Arterial,Toronto and East York,43.673163,-79.356059,At Intersection,Stop Sign,Rain,"Dark, artificial",Wet,Non-Fatal Injury,Turning Movement,Driver,25 to 29,Major,,North,"Automobile, Station Wagon",Turning Left,Improper Turn,Unknown,,,,,,,,,Yes,,,,,,,,,,,68,North Riverdale,68,North Riverdale (68),D55,632524.0244,4836884.9144
16394,81424296,568853,3/19/2020 8:00:00 AM,2116,BROADVIEW AVE,MONTCREST BLVD,,Minor Arterial,Toronto and East York,43.673163,-79.356059,At Intersection,Stop Sign,Rain,"Dark, artificial",Wet,Non-Fatal Injury,Turning Movement,Driver,25 to 29,Minimal,,North,"Automobile, Station Wagon",Going Ahead,Driving Properly,Normal,,,,,,,,,Yes,,,,,,,,,,,68,North Riverdale,68,North Riverdale (68),D55,632524.0244,4836884.9144
16395,81506188,598639,3/25/2020 8:00:00 AM,524,O CONNOR  DR,SUNRISE AVE,,Major Arterial,North York,43.718833,-79.304431,Intersection Related,Traffic Signal,Clear,Daylight,Dry,Non-Fatal Injury,Pedestrian Collisions,Driver,60 to 64,None,,South,"Automobile, Station Wagon",Going Ahead,Driving Properly,Normal,,,,,,,Yes,,Yes,,,,,,,,,,,43,Victoria Village,43,Victoria Village (43),D55,636582.2636,4842040.9941
16396,81506189,598639,3/25/2020 8:00:00 AM,524,O CONNOR  DR,SUNRISE AVE,,Major Arterial,North York,43.718833,-79.304431,Intersection Related,Traffic Signal,Clear,Daylight,Dry,Non-Fatal Injury,Pedestrian Collisions,Pedestrian,55 to 59,Major,,West,,,,,Vehicle is going straight thru inter.while ped cross without ROW,Crossing without right of way,Normal,,,,Yes,,Yes,,,,,,,,,,,43,Victoria Village,43,Victoria Village (43),D55,636582.2636,4842040.9941
16397,81421130,602902,3/25/2020 8:00:00 AM,2032,KELVIN GROVE AVE,STEELES AVE E,,Major Arterial,Scarborough,43.822402,-79.312221,At Intersection,Traffic Signal,Clear,"Dark, artificial",Dry,Non-Fatal Injury,Pedestrian Collisions,Driver,40 to 44,None,,North,"Automobile, Station Wagon",Turning Left,Failed to Yield Right of Way,Inattentive,,,,,,,Yes,,Yes,,,,,,,Yes,,,,116,Steeles,116,Steeles (116),D42,635720.2808,4853531.1229
16398,81421131,602902,3/25/2020 8:00:00 AM,2032,KELVIN GROVE AVE,STEELES AVE E,,Major Arterial,Scarborough,43.822402,-79.312221,At Intersection,Traffic Signal,Clear,"Dark, artificial",Dry,Non-Fatal Injury,Pedestrian Collisions,Pedestrian,50 to 54,Major,,South,,,,,Vehicle turns left while ped crosses with ROW at inter.,Crossing with right of way,Normal,,,,Yes,,Yes,,,,,,,Yes,,,,116,Steeles,116,Steeles (116),D42,635720.2808,4853531.1229
16399,81424277,608251,3/26/2020 8:00:00 AM,1845,LASCELLES BLVD,FROBISHER AVE,,Local,Toronto and East York,43.696471,-79.400111,At Intersection,Stop Sign,Clear,"Dark, artificial",Dry,Non-Fatal Injury,SMV Other,Driver,35 to 39,Major,,North,"Automobile, Station Wagon",Turning Left,Lost control,Medical or Physical Disability,,,,,,,,,Yes,,,,,,,,,,Yes,100,Yonge-Eglinton,100,Yonge-Eglinton (100),D53,628922.8576,4839404.1497
16400,81485075,623949,3/29/2020 8:00:00 AM,1535,MARINE PARADE DR,SHORE BREEZE  DR,47 m East of,Collector,Etobicoke York,43.623797,-79.477939,Non Intersection,No Control,Clear,Daylight,Dry,Non-Fatal Injury,Cyclist Collisions,Driver,25 to 29,None,,East,"Automobile, Station Wagon",Making U Turn,Improper Turn,Inattentive,,,,,,,,Yes,Yes,,,,,,,,,,,161,Humber Bay Shores,17,Mimico (includes Humber Bay Shores) (17),D22,622799.2993,4831214.6848
16401,81485076,623949,3/29/2020 8:00:00 AM,1535,MARINE PARADE DR,SHORE BREEZE  DR,47 m East of,Collector,Etobicoke York,43.623797,-79.477939,Non Intersection,No Control,Clear,Daylight,Dry,Non-Fatal Injury,Cyclist Collisions,Cyclist,50 to 54,Major,,East,Bicycle,Going Ahead,,,,,,Cyclist and Driver travelling in same direction. One vehicle sideswipes the other.,Driving Properly,Normal,,Yes,Yes,,,,,,,,,,,161,Humber Bay Shores,17,Mimico (includes Humber Bay Shores) (17),D22,622799.2993,4831214.6848
16402,81422078,627897,3/30/2020 8:00:00 AM,945,KEELE ST,LAWRENCE AVE W,,Major Arterial,Etobicoke York,43.708586,-79.478023,At Intersection,Traffic Signal,Rain,Daylight,Wet,Non-Fatal Injury,Pedestrian Collisions,Truck Driver,40 to 44,None,,South,Truck - Dump,Going Ahead,Speed too Fast For Condition,Normal,,,,,,,Yes,,Yes,,Yes,,,,Yes,Yes,,,,30,Brookhaven-Amesbury,30,Brookhaven-Amesbury (30),D12,622619.7663,4840631.4943
16403,81422079,627897,3/30/2020 8:00:00 AM,945,KEELE ST,LAWRENCE AVE W,,Major Arterial,Etobicoke York,43.708586,-79.478023,At Intersection,Traffic Signal,Rain,Daylight,Wet,Non-Fatal Injury,Pedestrian Collisions,Driver,55 to 59,None,,North,"Automobile, Station Wagon",Turning Left,Failed to Yield Right of Way,Normal,,,,,,,Yes,,Yes,,Yes,,,,Yes,Yes,,,,30,Brookhaven-Amesbury,30,Brookhaven-Amesbury (30),D12,622619.7663,4840631.4943
16404,81422080,627897,3/30/2020 8:00:00 AM,945,KEELE ST,LAWRENCE AVE W,,Major Arterial,Etobicoke York,43.708586,-79.478023,At Intersection,Traffic Signal,Rain,Daylight,Wet,Non-Fatal Injury,Pedestrian Collisions,Pedestrian,40 to 44,Major,,Unknown,,,,,Pedestrian hit on sidewalk or shoulder,On Sidewalk or Shoulder,Normal,,,,Yes,,Yes,,Yes,,,,Yes,Yes,,,,30,Brookhaven-Amesbury,30,Brookhaven-Amesbury (30),D12,622619.7663,4840631.4943
16405,81409786,656670,4/3/2020 8:00:00 AM,2310,STEELES AVE W,ISLINGTON AVE,,Major Arterial,Etobicoke York,43.762202,-79.579898,Non Intersection,No Control,Clear,"Dark, artificial",Wet,Fatal,Turning Movement,Driver,25 to 29,Fatal,7,West,"Automobile, Station Wagon",Making U Turn,Improper Turn,Unknown,,,,,,,,,Yes,,,,,Yes,,,,,,2,Mount Olive-Silverstone-Jamestown,2,Mount Olive-Silverstone-Jamestown (2),D23,614309.9767,4846440.6672
16406,81409787,656670,4/3/2020 8:00:00 AM,2310,STEELES AVE W,ISLINGTON AVE,,Major Arterial,Etobicoke York,43.762202,-79.579898,Non Intersection,No Control,Clear,"Dark, artificial",Wet,Fatal,Turning Movement,Driver,50 to 54,Minor,,East,"Automobile, Station Wagon",Going Ahead,Driving Properly,Normal,,,,,,,,,Yes,,,,,Yes,,,,,,2,Mount Olive-Silverstone-Jamestown,2,Mount Olive-Silverstone-Jamestown (2),D23,614309.9767,4846440.6672
16407,81409788,656670,4/3/2020 8:00:00 AM,2310,STEELES AVE W,ISLINGTON AVE,,Major Arterial,Etobicoke York,43.762202,-79.579898,Non Intersection,No Control,Clear,"Dark, artificial",Wet,Fatal,Turning Movement,Passenger,50 to 54,Major,,,,,,,,,,,,,,,Yes,,,,,Yes,,,,,,2,Mount Olive-Silverstone-Jamestown,2,Mount Olive-Silverstone-Jamestown (2),D23,614309.9767,4846440.6672
16408,81409789,656670,4/3/2020 8:00:00 AM,2310,STEELES AVE W,ISLINGTON AVE,,Major Arterial,Etobicoke York,43.762202,-79.579898,Non Intersection,No Control,Clear,"Dark, artificial",Wet,Fatal,Turning Movement,Driver,35 to 39,Minor,,East,"Automobile, Station Wagon",Going Ahead,Driving Properly,Normal,,,,,,,,,Yes,,,,,Yes,,,,,,2,Mount Olive-Silverstone-Jamestown,2,Mount Olive-Silverstone-Jamestown (2),D23,614309.9767,4846440.6672
16409,81423280,657926,4/4/2020 8:00:00 AM,715,HINTON RD,HAREFIELD DR,,Local,Etobicoke York,43.726561,-79.569522,At Intersection,No Control,Clear,Daylight,Dry,Non-Fatal Injury,Cyclist Collisions,Driver,25 to 29,None,,East,"Automobile, Station Wagon",Going Ahead,Lost control,Inattentive,,,,,,,,Yes,Yes,,,,,,Yes,Yes,,,,4,Rexdale-Kipling,4,Rexdale-Kipling (4),D23,615213.5386,4842496.5957
16410,81423281,657926,4/4/2020 8:00:00 AM,715,HINTON RD,HAREFIELD DR,,Local,Etobicoke York,43.726561,-79.569522,At Intersection,No Control,Clear,Daylight,Dry,Non-Fatal Injury,Cyclist Collisions,Cyclist,55 to 59,Major,,East,Bicycle,Going Ahead,,,,,,Cyclist and Driver travelling in same direction. One vehicle rear-ended the other.,Other,Normal,,Yes,Yes,,,,,,Yes,Yes,,,,4,Rexdale-Kipling,4,Rexdale-Kipling (4),D23,615213.5386,4842496.5957
16411,81422118,658260,4/4/2020 8:00:00 AM,917,KEELE ST,SHEPPARD AVE W,,Major Arterial,North York,43.744704,-79.486408,At Intersection,Traffic Signal,Clear,Daylight,Dry,Non-Fatal Injury,Angle,Driver,20 to 24,Major,,South,"Automobile, Station Wagon",Going Ahead,Disobeyed Traffic Control,Unknown,,,,,,,,,Yes,,,Yes,,Yes,,Yes,Yes,,,155,Downsview,26,Downsview-Roding-CFB (26),D31,621870.9481,4844630.5435
16412,81422119,658260,4/4/2020 8:00:00 AM,917,KEELE ST,SHEPPARD AVE W,,Major Arterial,North York,43.744704,-79.486408,At Intersection,Traffic Signal,Clear,Daylight,Dry,Non-Fatal Injury,Angle,Driver,55 to 59,Minimal,,West,Municipal Transit Bus (TTC),Going Ahead,Driving Properly,Normal,,,,,,,,,Yes,,,Yes,,Yes,,Yes,Yes,,,155,Downsview,26,Downsview-Roding-CFB (26),D31,621870.9481,4844630.5435
16413,81422120,658260,4/4/2020 8:00:00 AM,917,KEELE ST,SHEPPARD AVE W,,Major Arterial,North York,43.744704,-79.486408,At Intersection,Traffic Signal,Clear,Daylight,Dry,Non-Fatal Injury,Angle,Passenger,20 to 24,Major,,,"Automobile, Station Wagon",,,,,,,,,,,,Yes,,,Yes,,Yes,,Yes,Yes,,,155,Downsview,26,Downsview-Roding-CFB (26),D31,621870.9481,4844630.5435
16414,81423232,780152,4/23/2020 8:00:00 AM,1030,KEELE ST,WILSON AVE,,Major Arterial,North York,43.726569,-79.482028,At Intersection,Traffic Signal,Clear,Daylight,Dry,Non-Fatal Injury,Pedestrian Collisions,Driver,60 to 64,None,,South,"Automobile, Station Wagon",Turning Right,Failed to Yield Right of Way,Inattentive,,,,,,,Yes,,Yes,,,,,,,Yes,,,,155,Downsview,26,Downsview-Roding-CFB (26),D31,622260.5181,4842622.8433
16415,81423233,780152,4/23/2020 8:00:00 AM,1030,KEELE ST,WILSON AVE,,Major Arterial,North York,43.726569,-79.482028,At Intersection,Traffic Signal,Clear,Daylight,Dry,Non-Fatal Injury,Pedestrian Collisions,Pedestrian,60 to 64,Major,,East,,,,,Vehicle turns right while ped crosses with ROW at inter.,Crossing with right of way,Normal,,,,Yes,,Yes,,,,,,,Yes,,,,155,Downsview,26,Downsview-Roding-CFB (26),D31,622260.5181,4842622.8433
16416,81484404,772626,4/23/2020 8:00:00 AM,1323,YONGE ST,BELSIZE DR,2 m South of,Major Arterial,Toronto and East York,43.700225,-79.396999,Intersection Related,Traffic Signal,Clear,Daylight,Dry,Non-Fatal Injury,Rear End,Driver,75 to 79,None,,South,Passenger Van,Going Ahead,Following too Close,Medical or Physical Disability,,,,,,,,,Yes,Yes,,,,,,Yes,,,Yes,174,South Eglinton-Davisville,104,Mount Pleasant West (104),D53,629165.5716,4839825.9273
16417,81484405,772626,4/23/2020 8:00:00 AM,1323,YONGE ST,BELSIZE DR,2 m South of,Major Arterial,Toronto and East York,43.700225,-79.396999,Intersection Related,Traffic Signal,Clear,Daylight,Dry,Non-Fatal Injury,Rear End,Motorcycle Driver,60 to 64,Major,,South,Motorcycle,Slowing or Stopping,Driving Properly,Normal,,,,,,,,,Yes,Yes,,,,,,Yes,,,Yes,174,South Eglinton-Davisville,104,Mount Pleasant West (104),D53,629165.5716,4839825.9273
16418,81423282,778481,4/24/2020 8:00:00 AM,1345,347 MORNINGSIDE AVE,,1 m East of,Major Arterial,Scarborough,43.775935,-79.18922,At/Near Private Drive,No Control,Clear,Daylight,Dry,Non-Fatal Injury,Turning Movement,Cyclist,55 to 59,Major,,North,Bicycle,Going Ahead,,,,,,"Cyclist without ROW rides into path of motorist at inter, lnwy, dwy-Cyclist not turn.",Failed to Yield Right of Way,Inattentive,,Yes,Yes,,,,,,,,,,,136,West Hill,136,West Hill (136),D43,645724.2687,4848579.3709
16419,81423283,778481,4/24/2020 8:00:00 AM,1345,347 MORNINGSIDE AVE,,1 m East of,Major Arterial,Scarborough,43.775935,-79.18922,At/Near Private Drive,No Control,Clear,Daylight,Dry,Non-Fatal Injury,Turning Movement,Driver,15 to 19,None,,North,"Automobile, Station Wagon",Turning Right,Driving Properly,Normal,,,,,,,,Yes,Yes,,,,,,,,,,,136,West Hill,136,West Hill (136),D43,645724.2687,4848579.3709
16420,81423211,806061,4/29/2020 8:00:00 AM,858,KENNEDY RD,ELLESMERE RD,,Major Arterial,Scarborough,43.765731,-79.28104,At Intersection,Traffic Signal,Clear,Daylight,Dry,Non-Fatal Injury,Pedestrian Collisions,Driver,30 to 34,None,,East,Pick Up Truck,Turning Left,Failed to Yield Right of Way,Inattentive,,,,,,,Yes,,Yes,,,,,,,Yes,,,,126,Dorset Park,126,Dorset Park (126),D41,638358.4083,4847288.5359
16421,81423212,806061,4/29/2020 8:00:00 AM,858,KENNEDY RD,ELLESMERE RD,,Major Arterial,Scarborough,43.765731,-79.28104,At Intersection,Traffic Signal,Clear,Daylight,Dry,Non-Fatal Injury,Pedestrian Collisions,Pedestrian,65 to 69,Major,,South,,,,,Vehicle turns left while ped crosses with ROW at inter.,Crossing with right of way,Normal,,,,Yes,,Yes,,,,,,,Yes,,,,126,Dorset Park,126,Dorset Park (126),D41,638358.4083,4847288.5359
16422,81483289,819828,5/1/2020 8:00:00 AM,1452,PEMBROKE ST,DUNDAS ST E,,Major Arterial,Toronto and East York,43.658099,-79.372348,At Intersection,Stop Sign,Clear,Daylight,Dry,Non-Fatal Injury,Pedestrian Collisions,Driver,20 to 24,None,,South,"Automobile, Station Wagon",Going Ahead,Failed to Yield Right of Way,Inattentive,,,,,,,Yes,,Yes,,,,,Yes,,Yes,,,,73,Moss Park,73,Moss Park (73),D51,631243.7198,4835185.9596