OBJECTID,INDEX,ACCNUM,DATE,TIME,STREET1,STREET2,OFFSET,ROAD_CLASS,DISTRICT,LATITUDE,LONGITUDE,ACCLOC,TRAFFCTL,VISIBILITY,LIGHT,RDSFCOND,ACCLASS,IMPACTYPE,INVTYPE,INVAGE,INJURY,FATAL_NO,INITDIR,VEHTYPE,MANOEUVER,DRIVACT,DRIVCOND,PEDTYPE,PEDACT,PEDCOND,CYCLISTYPE,CYCACT,CYCCOND,PEDESTRIAN,CYCLIST,AUTOMOBILE,MOTORCYCLE,TRUCK,TRSN_CITY_VEH,EMERG_VEH,PASSENGER,SPEEDING,AG_DRIV,REDLIGHT,ALCOHOL,DISABILITY,HOOD_158,NEIGHBOURHOOD_158,HOOD_140,NEIGHBOURHOOD_140,DIVISION,x,y
16423,81483290,819828,5/1/2020 8:00:00 AM,1452,PEMBROKE ST,DUNDAS ST E,,Major Arterial,Toronto and East York,43.658099,-79.372348,At Intersection,Stop Sign,Clear,Daylight,Dry,Non-Fatal Injury,Pedestrian Collisions,Driver,30 to 34,None,,East,"Automobile, Station Wagon",Going Ahead,Driving Properly,Normal,,,,,,,Yes,,Yes,,,,,Yes,,Yes,,,,73,Moss Park,73,Moss Park (73),D51,631243.7198,4835185.9596
16424,81483291,819828,5/1/2020 8:00:00 AM,1452,PEMBROKE ST,DUNDAS ST E,,Major Arterial,Toronto and East York,43.658099,-79.372348,At Intersection,Stop Sign,Clear,Daylight,Dry,Non-Fatal Injury,Pedestrian Collisions,Passenger,25 to 29,None,,,,,,,,,,,,,Yes,,Yes,,,,,Yes,,Yes,,,,73,Moss Park,73,Moss Park (73),D51,631243.7198,4835185.9596
16425,81483292,819828,5/1/2020 8:00:00 AM,1452,PEMBROKE ST,DUNDAS ST E,,Major Arterial,Toronto and East York,43.658099,-79.372348,At Intersection,Stop Sign,Clear,Daylight,Dry,Non-Fatal Injury,Pedestrian Collisions,Pedestrian,40 to 44,Major,,Unknown,,,,,Pedestrian hit at mid-block,Other,Normal,,,,Yes,,Yes,,,,,Yes,,Yes,,,,73,Moss Park,73,Moss Park (73),D51,631243.7198,4835185.9596
16426,81423773,823448,5/2/2020 8:00:00 AM,459,CRAWFORD ST,DUNDAS ST W,78 m South o,Local,Toronto and East York,43.649356,-79.416789,Non Intersection,No Control,Clear,"Dark, artificial",Dry,Non-Fatal Injury,Pedestrian Collisions,Driver,50 to 54,None,,North,"Automobile, Station Wagon",Going Ahead,Other,Inattentive,,,,,,,Yes,,Yes,,,,,,,,,,,81,Trinity-Bellwoods,81,Trinity-Bellwoods (81),D14,627678.7643,4834145.599
16427,81423774,823448,5/2/2020 8:00:00 AM,459,CRAWFORD ST,DUNDAS ST W,78 m South o,Local,Toronto and East York,43.649356,-79.416789,Non Intersection,No Control,Clear,"Dark, artificial",Dry,Non-Fatal Injury,Pedestrian Collisions,Pedestrian,35 to 39,Major,,Unknown,,,,,Pedestrian hit at mid-block,"Crossing, no Traffic Control",Other,,,,Yes,,Yes,,,,,,,,,,,81,Trinity-Bellwoods,81,Trinity-Bellwoods (81),D14,627678.7643,4834145.599
16428,81486442,825994,5/2/2020 8:00:00 AM,1538,12 QUEENS QUAY W,,,Minor Arterial,Toronto and East York,43.641387,-79.375934,At/Near Private Drive,Stop Sign,Rain,Daylight,Wet,Non-Fatal Injury,Cyclist Collisions,Driver,30 to 34,None,,North,"Automobile, Station Wagon",Turning Right,Failed to Yield Right of Way,Inattentive,,,,,,,,Yes,Yes,,,,,Yes,,Yes,,,,166,St Lawrence-East Bayfront-The Islands,77,Waterfront Communities-The Island (77),D52,630990.8886,4833324.2067
16429,81486443,825994,5/2/2020 8:00:00 AM,1538,12 QUEENS QUAY W,,,Minor Arterial,Toronto and East York,43.641387,-79.375934,At/Near Private Drive,Stop Sign,Rain,Daylight,Wet,Non-Fatal Injury,Cyclist Collisions,Cyclist,30 to 34,Major,,East,Bicycle,Going Ahead,,,,,,"Motorist turns right at non-signal Inter.(stop, yield, no cont.,and dwy) and strikes cyclist.",Driving Properly,Normal,,Yes,Yes,,,,,Yes,,Yes,,,,166,St Lawrence-East Bayfront-The Islands,77,Waterfront Communities-The Island (77),D52,630990.8886,4833324.2067
16430,81486444,825994,5/2/2020 8:00:00 AM,1538,12 QUEENS QUAY W,,,Minor Arterial,Toronto and East York,43.641387,-79.375934,At/Near Private Drive,Stop Sign,Rain,Daylight,Wet,Non-Fatal Injury,Cyclist Collisions,Passenger,25 to 29,None,,,,,,,,,,,,,,Yes,Yes,,,,,Yes,,Yes,,,,166,St Lawrence-East Bayfront-The Islands,77,Waterfront Communities-The Island (77),D52,630990.8886,4833324.2067
16431,81507253,826306,5/2/2020 8:00:00 AM,1632,DUNDAS ST W,BLOOR ST W,,Major Arterial,Etobicoke York,43.65631,-79.452441,At Intersection,Traffic Signal,Clear,Daylight,Dry,Non-Fatal Injury,Angle,Driver,50 to 54,Major,,South,"Automobile, Station Wagon",Going Ahead,Disobeyed Traffic Control,"Ability Impaired, Drugs",,,,,,,,,Yes,,,,,Yes,Yes,Yes,Yes,,,86,Roncesvalles,86,Roncesvalles (86),D11,624789.1617,4834863.6963
16432,81507254,826306,5/2/2020 8:00:00 AM,1632,DUNDAS ST W,BLOOR ST W,,Major Arterial,Etobicoke York,43.65631,-79.452441,At Intersection,Traffic Signal,Clear,Daylight,Dry,Non-Fatal Injury,Angle,Driver,50 to 54,Minimal,,East,"Automobile, Station Wagon",Going Ahead,Driving Properly,Normal,,,,,,,,,Yes,,,,,Yes,Yes,Yes,Yes,,,86,Roncesvalles,86,Roncesvalles (86),D11,624789.1617,4834863.6963
16433,81507255,826306,5/2/2020 8:00:00 AM,1632,DUNDAS ST W,BLOOR ST W,,Major Arterial,Etobicoke York,43.65631,-79.452441,At Intersection,Traffic Signal,Clear,Daylight,Dry,Non-Fatal Injury,Angle,Driver,35 to 39,Minor,,North,"Automobile, Station Wagon",Stopped,Driving Properly,Normal,,,,,,,,,Yes,,,,,Yes,Yes,Yes,Yes,,,86,Roncesvalles,86,Roncesvalles (86),D11,624789.1617,4834863.6963
16434,81507256,826306,5/2/2020 8:00:00 AM,1632,DUNDAS ST W,BLOOR ST W,,Major Arterial,Etobicoke York,43.65631,-79.452441,At Intersection,Traffic Signal,Clear,Daylight,Dry,Non-Fatal Injury,Angle,Driver,40 to 44,None,,North,Pick Up Truck,Stopped,Driving Properly,Normal,,,,,,,,,Yes,,,,,Yes,Yes,Yes,Yes,,,86,Roncesvalles,86,Roncesvalles (86),D11,624789.1617,4834863.6963
16435,81507257,826306,5/2/2020 8:00:00 AM,1632,DUNDAS ST W,BLOOR ST W,,Major Arterial,Etobicoke York,43.65631,-79.452441,At Intersection,Traffic Signal,Clear,Daylight,Dry,Non-Fatal Injury,Angle,Passenger,55 to 59,None,,,,,,,,,,,,,,,Yes,,,,,Yes,Yes,Yes,Yes,,,86,Roncesvalles,86,Roncesvalles (86),D11,624789.1617,4834863.6963
16436,81507258,826306,5/2/2020 8:00:00 AM,1632,DUNDAS ST W,BLOOR ST W,,Major Arterial,Etobicoke York,43.65631,-79.452441,At Intersection,Traffic Signal,Clear,Daylight,Dry,Non-Fatal Injury,Angle,Passenger,25 to 29,None,,,,,,,,,,,,,,,Yes,,,,,Yes,Yes,Yes,Yes,,,86,Roncesvalles,86,Roncesvalles (86),D11,624789.1617,4834863.6963
16437,81507259,826306,5/2/2020 8:00:00 AM,1632,DUNDAS ST W,BLOOR ST W,,Major Arterial,Etobicoke York,43.65631,-79.452441,At Intersection,Traffic Signal,Clear,Daylight,Dry,Non-Fatal Injury,Angle,Passenger,25 to 29,None,,,,,,,,,,,,,,,Yes,,,,,Yes,Yes,Yes,Yes,,,86,Roncesvalles,86,Roncesvalles (86),D11,624789.1617,4834863.6963
16438,81509724,827861,5/2/2020 8:00:00 AM,2153,BRENTCLIFFE RD,EGLINTON AVE E,200 m East o,Major Arterial,North York,43.715083,-79.357372,Non Intersection,No Control,Clear,"Dark, artificial",Dry,Non-Fatal Injury,SMV Other,Driver,50 to 54,Major,,West,"Automobile, Station Wagon",Going Ahead,Lost control,Unknown,,,,,,,,,Yes,,,,,,Yes,Yes,,,,55,Thorncliffe Park,55,Thorncliffe Park (55),D53,632325.9443,4841538.6188
16439,81483975,838759,5/4/2020 8:00:00 AM,1847,THE QUEENSWAY,STEPHEN DR,,Major Arterial,Etobicoke York,43.630309,-79.484218,At Intersection,Traffic Signal,Clear,Daylight,Dry,Non-Fatal Injury,Turning Movement,Driver,40 to 44,Major,,West,Delivery Van,Going Ahead,Disobeyed Traffic Control,Inattentive,,,,,,,,,Yes,,,Yes,,,,Yes,Yes,,,16,Stonegate-Queensway,16,Stonegate-Queensway (16),D22,622279.5029,4831928.6556
16440,81483976,838759,5/4/2020 8:00:00 AM,1847,THE QUEENSWAY,STEPHEN DR,,Major Arterial,Etobicoke York,43.630309,-79.484218,At Intersection,Traffic Signal,Clear,Daylight,Dry,Non-Fatal Injury,Turning Movement,Driver,35 to 39,Minimal,,South,"Automobile, Station Wagon",Turning Left,Driving Properly,Normal,,,,,,,,,Yes,,,Yes,,,,Yes,Yes,,,16,Stonegate-Queensway,16,Stonegate-Queensway (16),D22,622279.5029,4831928.6556
16441,81483977,838759,5/4/2020 8:00:00 AM,1847,THE QUEENSWAY,STEPHEN DR,,Major Arterial,Etobicoke York,43.630309,-79.484218,At Intersection,Traffic Signal,Clear,Daylight,Dry,Non-Fatal Injury,Turning Movement,Driver,45 to 49,Minor,,South,"Bus (Other) (Go Bus, Gray Coa",Turning Left,Driving Properly,Normal,,,,,,,,,Yes,,,Yes,,,,Yes,Yes,,,16,Stonegate-Queensway,16,Stonegate-Queensway (16),D22,622279.5029,4831928.6556
16442,81424590,849955,5/6/2020 8:00:00 AM,1627,SPADINA AVE,BLUE JAYS WAY,4 m North of,Major Arterial,Toronto and East York,43.641268,-79.393306,Intersection Related,No Control,Clear,Daylight,Dry,Non-Fatal Injury,Pedestrian Collisions,Driver,35 to 39,None,,North,"Automobile, Station Wagon",Going Ahead,Driving Properly,Normal,,,,,,,Yes,,Yes,,,,,,,,,,,165,Harbourfront-CityPlace,77,Waterfront Communities-The Island (77),D52,629589.9712,4833283.7195
16443,81424591,849955,5/6/2020 8:00:00 AM,1627,SPADINA AVE,BLUE JAYS WAY,4 m North of,Major Arterial,Toronto and East York,43.641268,-79.393306,Intersection Related,No Control,Clear,Daylight,Dry,Non-Fatal Injury,Pedestrian Collisions,Pedestrian,25 to 29,Major,,West,,,,,Vehicle is going straight thru inter.while ped cross without ROW,Crossing without right of way,Had Been Drinking,,,,Yes,,Yes,,,,,,,,,,,165,Harbourfront-CityPlace,77,Waterfront Communities-The Island (77),D52,629589.9712,4833283.7195
16444,81424213,865160,5/9/2020 8:00:00 AM,700,SCARBOROUGH GOLF CLUB RD,KINGSTON RD,,Major Arterial,Scarborough,43.745928,-79.209316,At Intersection,Traffic Signal,Clear,Daylight,Dry,Non-Fatal Injury,Pedestrian Collisions,Driver,35 to 39,None,,South,Pick Up Truck,Turning Left,Driving Properly,Normal,,,,,,,Yes,,Yes,,,,,,,,,,,140,Guildwood,140,Guildwood (140),D43,644179.069,4845211.4503
16445,81424214,865160,5/9/2020 8:00:00 AM,700,SCARBOROUGH GOLF CLUB RD,KINGSTON RD,,Major Arterial,Scarborough,43.745928,-79.209316,At Intersection,Traffic Signal,Clear,Daylight,Dry,Non-Fatal Injury,Pedestrian Collisions,Pedestrian,55 to 59,Major,,,,,,,Vehicle turns left while ped crosses without ROW at inter.,Crossing without right of way,Normal,,,,Yes,,Yes,,,,,,,,,,,140,Guildwood,140,Guildwood (140),D43,644179.069,4845211.4503
16446,81423910,886175,5/12/2020 8:00:00 AM,2109,TAPSCOTT RD,MELFORD DR,,Minor Arterial,Scarborough,43.807952,-79.234142,At Intersection,No Control,Clear,"Dark, artificial",Dry,Fatal,SMV Other,Motorcycle Driver,30 to 34,Fatal,8,North,Motorcycle,Going Ahead,Lost control,Unknown,,,,,,,,,,Yes,,,,,,,,,,145,Malvern West,132,Malvern (132),D42,642033.2145,4852057.281
16447,81423908,888584,5/13/2020 8:00:00 AM,945,LAWRENCE AVE E,FERN MEADOW RD,,Minor Arterial,Scarborough,43.771643,-79.171214,Non Intersection,No Control,Clear,Daylight,Dry,Fatal,Pedestrian Collisions,Driver,35 to 39,None,,West,Pick Up Truck,Going Ahead,Lost control,Unknown,,,,,,,Yes,,Yes,,,,,,,,,,,136,West Hill,136,West Hill (136),D43,647183.8673,4848134.5282
16448,81423909,888584,5/13/2020 8:00:00 AM,945,LAWRENCE AVE E,FERN MEADOW RD,,Minor Arterial,Scarborough,43.771643,-79.171214,Non Intersection,No Control,Clear,Daylight,Dry,Fatal,Pedestrian Collisions,Pedestrian,75 to 79,Fatal,9,West,,,,,Pedestrian hit on sidewalk or shoulder,On Sidewalk or Shoulder,Normal,,,,Yes,,Yes,,,,,,,,,,,136,West Hill,136,West Hill (136),D43,647183.8673,4848134.5282
16449,81427269,888584,5/13/2020 8:00:00 AM,945,LAWRENCE AVE E,FERN MEADOW RD,,Minor Arterial,Scarborough,43.771643,-79.171214,Non Intersection,No Control,Clear,Daylight,Dry,Fatal,Pedestrian Collisions,Other,unknown,Minor,,South,"Automobile, Station Wagon",Parked,,,,,,,,,Yes,,Yes,,,,,,,,,,,136,West Hill,136,West Hill (136),D43,647183.8673,4848134.5282
16450,81427270,888584,5/13/2020 8:00:00 AM,945,LAWRENCE AVE E,FERN MEADOW RD,,Minor Arterial,Scarborough,43.771643,-79.171214,Non Intersection,No Control,Clear,Daylight,Dry,Fatal,Pedestrian Collisions,Other,unknown,Minor,,South,"Automobile, Station Wagon",Parked,,,,,,,,,Yes,,Yes,,,,,,,,,,,136,West Hill,136,West Hill (136),D43,647183.8673,4848134.5282
16451,81509683,895313,5/14/2020 8:00:00 AM,1149,EGLINTON AVE E,CEDAR DR,,Major Arterial,Scarborough,43.743876,-79.215534,Intersection Related,Traffic Signal,Clear,Daylight,Dry,Non-Fatal Injury,Pedestrian Collisions,Pedestrian,10 to 14,Major,,Unknown,,,,,Pedestrian hit on sidewalk or shoulder,On Sidewalk or Shoulder,Normal,,,,Yes,,,,,,,,,,,,,139,Scarborough Village,139,Scarborough Village (139),D43,643683.3226,4844972.7402
16452,81509684,895313,5/14/2020 8:00:00 AM,1149,EGLINTON AVE E,CEDAR DR,,Major Arterial,Scarborough,43.743876,-79.215534,Intersection Related,Traffic Signal,Clear,Daylight,Dry,Non-Fatal Injury,Pedestrian Collisions,Pedestrian,35 to 39,Minor,,Unknown,,,,,Pedestrian hit on sidewalk or shoulder,On Sidewalk or Shoulder,Normal,,,,Yes,,,,,,,,,,,,,139,Scarborough Village,139,Scarborough Village (139),D43,643683.3226,4844972.7402
16453,81509685,895313,5/14/2020 8:00:00 AM,1149,EGLINTON AVE E,CEDAR DR,,Major Arterial,Scarborough,43.743876,-79.215534,Intersection Related,Traffic Signal,Clear,Daylight,Dry,Non-Fatal Injury,Pedestrian Collisions,Pedestrian,50 to 54,Minor,,Unknown,,,,,Pedestrian hit on sidewalk or shoulder,On Sidewalk or Shoulder,Normal,,,,Yes,,,,,,,,,,,,,139,Scarborough Village,139,Scarborough Village (139),D43,643683.3226,4844972.7402
16454,81424561,909285,5/16/2020 8:00:00 AM,1752,RATHBURN RD,CENTENNIAL PARK RD,2 m West of,Minor Arterial,Etobicoke York,43.650893,-79.58118,At Intersection,No Control,Clear,Daylight,Dry,Non-Fatal Injury,SMV Other,Motorcycle Driver,20 to 24,Major,,West,Motorcycle,Going Ahead,Lost control,Normal,,,,,,,,,,Yes,,,,,Yes,Yes,,,,11,Eringate-Centennial-West Deane,11,Eringate-Centennial-West Deane (11),D22,614418.3512,4834076.5151
16455,81424916,923482,5/19/2020 8:00:00 AM,920,QUEEN ST E,CARLAW AVE,5 m West of,Minor Arterial,Toronto and East York,43.660987,-79.340053,At Intersection,Traffic Signal,Clear,Daylight,Dry,Non-Fatal Injury,Angle,Driver,45 to 49,Major,,South,"Automobile, Station Wagon",Going Ahead,Lost control,Medical or Physical Disability,,,,,,,,,Yes,,,Yes,,,,,,,Yes,70,South Riverdale,70,South Riverdale (70),D55,633841.3992,4835558.3017
16456,81424917,923482,5/19/2020 8:00:00 AM,920,QUEEN ST E,CARLAW AVE,5 m West of,Minor Arterial,Toronto and East York,43.660987,-79.340053,At Intersection,Traffic Signal,Clear,Daylight,Dry,Non-Fatal Injury,Angle,Driver,40 to 44,None,,West,Street Car,Going Ahead,Driving Properly,Normal,,,,,,,,,Yes,,,Yes,,,,,,,Yes,70,South Riverdale,70,South Riverdale (70),D55,633841.3992,4835558.3017
16457,81424470,923881,5/19/2020 8:00:00 AM,1040,LAWRENCE AVE E,KENNEDY RD,,Major Arterial,Scarborough,43.749427,-79.274898,At Intersection,Traffic Signal,Clear,Daylight,Dry,Fatal,Sideswipe,Driver,55 to 59,Fatal,12,West,"Automobile, Station Wagon",Changing Lanes,Improper Lane Change,Unknown,,,,,,,,,Yes,,,,,,,Yes,,,,126,Dorset Park,126,Dorset Park (126),D41,638890.4997,4845488.0079
16458,81424471,923881,5/19/2020 8:00:00 AM,1040,LAWRENCE AVE E,KENNEDY RD,,Major Arterial,Scarborough,43.749427,-79.274898,At Intersection,Traffic Signal,Clear,Daylight,Dry,Fatal,Sideswipe,Driver,30 to 34,Minimal,,West,"Automobile, Station Wagon",Going Ahead,Driving Properly,Normal,,,,,,,,,Yes,,,,,,,Yes,,,,126,Dorset Park,126,Dorset Park (126),D41,638890.4997,4845488.0079
16459,81424620,927087,5/19/2020 8:00:00 AM,1952,BURNHAMTHORPE RD,MILL RD,,Major Arterial,Etobicoke York,43.639434,-79.583965,Non Intersection,No Control,Clear,Daylight,Dry,Fatal,SMV Other,Motorcycle Driver,60 to 64,Fatal,10,West,Motorcycle,Going Ahead,Lost control,Unknown,,,,,,,,,,Yes,,,,,,,,,,12,Markland Wood,12,Markland Wood (12),D22,614215.4711,4832800.0138
16460,81509830,962030,5/25/2020 8:00:00 AM,915,20 EDWARD  ST,,5 m North of,Collector,North York,43.656768,-79.382121,Non Intersection,No Control,Clear,Daylight,Dry,Non-Fatal Injury,Pedestrian Collisions,Driver,30 to 34,None,,East,Delivery Van,Pulling Away from Shoulder or Curb,Other,Normal,,,,,,,Yes,,Yes,,,,,,,,,,,170,Yonge-Bay Corridor,76,Bay Street Corridor (76),D52,630458.56,4835022.7221
16461,81509831,962030,5/25/2020 8:00:00 AM,915,20 EDWARD  ST,,5 m North of,Collector,North York,43.656768,-79.382121,Non Intersection,No Control,Clear,Daylight,Dry,Non-Fatal Injury,Pedestrian Collisions,Pedestrian,45 to 49,Major,,Unknown,,,,,Pedestrian hit on sidewalk or shoulder,On Sidewalk or Shoulder,Had Been Drinking,,,,Yes,,Yes,,,,,,,,,,,170,Yonge-Bay Corridor,76,Bay Street Corridor (76),D52,630458.56,4835022.7221
16462,81483323,972852,5/26/2020 8:00:00 AM,1940,STEELES AVE W,BARMAC DR,,Major Arterial,Etobicoke York,43.768496,-79.554942,At Intersection,Traffic Signal,Clear,Daylight,Dry,Non-Fatal Injury,Pedestrian Collisions,Driver,40 to 44,None,,North,Pick Up Truck,Turning Left,Failed to Yield Right of Way,Inattentive,,,,,,,Yes,,Yes,,,,,,,Yes,,,,21,Humber Summit,21,Humber Summit (21),D31,616306.6059,4847174.4566
16463,81483324,972852,5/26/2020 8:00:00 AM,1940,STEELES AVE W,BARMAC DR,,Major Arterial,Etobicoke York,43.768496,-79.554942,At Intersection,Traffic Signal,Clear,Daylight,Dry,Non-Fatal Injury,Pedestrian Collisions,Pedestrian,20 to 24,Major,,South,,,,,Vehicle turns left while ped crosses with ROW at inter.,Crossing with right of way,Normal,,,,Yes,,Yes,,,,,,,Yes,,,,21,Humber Summit,21,Humber Summit (21),D31,616306.6059,4847174.4566
16464,81425243,985567,5/28/2020 8:00:00 AM,1739,DAVISVILLE AVE,YONGE ST,189 m East o,Minor Arterial,Toronto and East York,43.69871,-79.39429,At/Near Private Drive,Pedestrian Crossover,Rain,Daylight,Wet,Non-Fatal Injury,Pedestrian Collisions,Driver,30 to 34,None,,West,"Automobile, Station Wagon",Going Ahead,Failed to Yield Right of Way,Inattentive,,,,,,,Yes,,Yes,,,,,,,Yes,,,,174,South Eglinton-Davisville,104,Mount Pleasant West (104),D53,629387.1165,4839661.8894
16465,81425244,985567,5/28/2020 8:00:00 AM,1739,DAVISVILLE AVE,YONGE ST,189 m East o,Minor Arterial,Toronto and East York,43.69871,-79.39429,At/Near Private Drive,Pedestrian Crossover,Rain,Daylight,Wet,Non-Fatal Injury,Pedestrian Collisions,Pedestrian,35 to 39,Major,,Unknown,,,,,Pedestrian hit a PXO/ped. Mid-block signal,"Crossing, Pedestrian Crossover",Normal,,,,Yes,,Yes,,,,,,,Yes,,,,174,South Eglinton-Davisville,104,Mount Pleasant West (104),D53,629387.1165,4839661.8894
16466,81425245,985567,5/28/2020 8:00:00 AM,1739,DAVISVILLE AVE,YONGE ST,189 m East o,Minor Arterial,Toronto and East York,43.69871,-79.39429,At/Near Private Drive,Pedestrian Crossover,Rain,Daylight,Wet,Non-Fatal Injury,Pedestrian Collisions,Pedestrian,30 to 34,Minor,,Unknown,,,,,Pedestrian hit a PXO/ped. Mid-block signal,"Crossing, Pedestrian Crossover",Normal,,,,Yes,,Yes,,,,,,,Yes,,,,174,South Eglinton-Davisville,104,Mount Pleasant West (104),D53,629387.1165,4839661.8894
16467,81425257,987519,5/29/2020 8:00:00 AM,44,LAWRENCE AVE E,MARKHAM RD,45 m West of,Major Arterial,Scarborough,43.759413,-79.226726,Non Intersection,No Control,Clear,"Dark, artificial",Dry,Non-Fatal Injury,Turning Movement,Motorcycle Driver,30 to 34,Major,,South,Motorcycle,Going Ahead,Speed too Fast For Condition,Normal,,,,,,,,,Yes,Yes,,,,Yes,Yes,Yes,,,,141,Golfdale-Cedarbrae-Woburn,137,Woburn (137),D43,642745.1987,4846679.0104
16468,81425258,987519,5/29/2020 8:00:00 AM,44,LAWRENCE AVE E,MARKHAM RD,45 m West of,Major Arterial,Scarborough,43.759413,-79.226726,Non Intersection,No Control,Clear,"Dark, artificial",Dry,Non-Fatal Injury,Turning Movement,Driver,20 to 24,None,,South,"Automobile, Station Wagon",Turning Left,Failed to Yield Right of Way,Normal,,,,,,,,,Yes,Yes,,,,Yes,Yes,Yes,,,,141,Golfdale-Cedarbrae-Woburn,137,Woburn (137),D43,642745.1987,4846679.0104
16469,81425259,987519,5/29/2020 8:00:00 AM,44,LAWRENCE AVE E,MARKHAM RD,45 m West of,Major Arterial,Scarborough,43.759413,-79.226726,Non Intersection,No Control,Clear,"Dark, artificial",Dry,Non-Fatal Injury,Turning Movement,Passenger,20 to 24,None,,,,,,,,,,,,,,,Yes,Yes,,,,Yes,Yes,Yes,,,,141,Golfdale-Cedarbrae-Woburn,137,Woburn (137),D43,642745.1987,4846679.0104
16470,81425192,992739,5/29/2020 8:00:00 AM,2007,ERINGATE DR,RANGOON RD,6 m East of,Collector,Etobicoke York,43.662154,-79.57648,At Intersection,No Control,Clear,Daylight,Dry,Non-Fatal Injury,SMV Other,Driver,55 to 59,Major,,East,"Automobile, Station Wagon",Turning Left,Lost control,Normal,,,,,,,,,Yes,,,,,,Yes,Yes,,,,11,Eringate-Centennial-West Deane,11,Eringate-Centennial-West Deane (11),D22,614775.9223,4835333.6834
16471,81425347,1010606,6/1/2020 8:00:00 AM,1820,BATHURST ST,GLENGROVE AVE,,Major Arterial,North York,43.714133,-79.428554,At Intersection,Stop Sign,Clear,Daylight,Dry,Fatal,Turning Movement,Motorcycle Driver,25 to 29,Fatal,11,South,Motorcycle,Going Ahead,Exceeding Speed Limit,Unknown,,,,,,,,,Yes,Yes,,,,,Yes,Yes,,,,39,Bedford Park-Nortown,39,Bedford Park-Nortown (39),D53,626593.6481,4841321.9293
16472,81425352,1010606,6/1/2020 8:00:00 AM,1820,BATHURST ST,GLENGROVE AVE,,Major Arterial,North York,43.714133,-79.428554,At Intersection,Stop Sign,Clear,Daylight,Dry,Fatal,Turning Movement,Driver,15 to 19,None,,East,"Automobile, Station Wagon",Turning Left,Driving Properly,Normal,,,,,,,,,Yes,Yes,,,,,Yes,Yes,,,,39,Bedford Park-Nortown,39,Bedford Park-Nortown (39),D53,626593.6481,4841321.9293
16473,81425321,1010845,6/1/2020 8:00:00 AM,1857,2525 WARDEN AVE,,,Major Arterial,Scarborough,43.791255,-79.313541,Non Intersection,No Control,Clear,Daylight,Dry,Non-Fatal Injury,SMV Other,Driver,15 to 19,None,,North,"Automobile, Station Wagon",Turning Right,Improper Turn,Normal,,,,,,,,,Yes,,,,,Yes,,,,,,147,L'Amoreaux West,117,L'Amoreaux (117),D42,635684.6399,4850069.5826
16474,81425322,1010845,6/1/2020 8:00:00 AM,1857,2525 WARDEN AVE,,,Major Arterial,Scarborough,43.791255,-79.313541,Non Intersection,No Control,Clear,Daylight,Dry,Non-Fatal Injury,SMV Other,Passenger,15 to 19,Major,,,,,,,,,,,,,,,Yes,,,,,Yes,,,,,,147,L'Amoreaux West,117,L'Amoreaux (117),D42,635684.6399,4850069.5826
16475,81425323,1010845,6/1/2020 8:00:00 AM,1857,2525 WARDEN AVE,,,Major Arterial,Scarborough,43.791255,-79.313541,Non Intersection,No Control,Clear,Daylight,Dry,Non-Fatal Injury,SMV Other,Passenger,20 to 24,None,,,,,,,,,,,,,,,Yes,,,,,Yes,,,,,,147,L'Amoreaux West,117,L'Amoreaux (117),D42,635684.6399,4850069.5826
16476,81584265,1016316,6/2/2020 8:00:00 AM,1555,LAKE SHORE BLVD W,LOWER SIMCOE ST,,Major Arterial,Toronto and East York,43.640269,-79.383151,At Intersection,Traffic Signal,Clear,Daylight,Dry,Non-Fatal Injury,Angle,Motorcycle Driver,30 to 34,Major,,East,Motorcycle,Going Ahead,Disobeyed Traffic Control,Inattentive,,,,,,,,,Yes,Yes,,,,,Yes,Yes,Yes,,,165,Harbourfront-CityPlace,77,Waterfront Communities-The Island (77),D52,630411.2058,4833188.6734
16477,81584266,1016316,6/2/2020 8:00:00 AM,1555,LAKE SHORE BLVD W,LOWER SIMCOE ST,,Major Arterial,Toronto and East York,43.640269,-79.383151,At Intersection,Traffic Signal,Clear,Daylight,Dry,Non-Fatal Injury,Angle,Driver,25 to 29,None,,North,"Automobile, Station Wagon",Going Ahead,Driving Properly,Normal,,,,,,,,,Yes,Yes,,,,,Yes,Yes,Yes,,,165,Harbourfront-CityPlace,77,Waterfront Communities-The Island (77),D52,630411.2058,4833188.6734
16478,81514492,1017235,6/2/2020 8:00:00 AM,1856,777 BLOOR ST W,,9 m South of,Major Arterial,Etobicoke York,43.663226,-79.419696,Non Intersection,No Control,Clear,Daylight,Dry,Non-Fatal Injury,Cyclist Collisions,Driver,65 to 69,None,,West,"Automobile, Station Wagon",Turning Left,Improper Turn,Unknown,,,,,,,,Yes,Yes,,,,,,,,,,,80,Palmerston-Little Italy,80,Palmerston-Little Italy (80),D14,627414.9875,4835681.576
16479,81514493,1017235,6/2/2020 8:00:00 AM,1856,777 BLOOR ST W,,9 m South of,Major Arterial,Etobicoke York,43.663226,-79.419696,Non Intersection,No Control,Clear,Daylight,Dry,Non-Fatal Injury,Cyclist Collisions,Cyclist,45 to 49,Major,,East,Bicycle,Going Ahead,,,,,,"Motorist without ROW drives into path of cyclist at inter, lnwy, dwy-Driver not turn.",Driving Properly,Normal,,Yes,Yes,,,,,,,,,,,80,Palmerston-Little Italy,80,Palmerston-Little Italy (80),D14,627414.9875,4835681.576