OBJECTID,INDEX,ACCNUM,DATE,TIME,STREET1,STREET2,OFFSET,ROAD_CLASS,DISTRICT,LATITUDE,LONGITUDE,ACCLOC,TRAFFCTL,VISIBILITY,LIGHT,RDSFCOND,ACCLASS,IMPACTYPE,INVTYPE,INVAGE,INJURY,FATAL_NO,INITDIR,VEHTYPE,MANOEUVER,DRIVACT,DRIVCOND,PEDTYPE,PEDACT,PEDCOND,CYCLISTYPE,CYCACT,CYCCOND,PEDESTRIAN,CYCLIST,AUTOMOBILE,MOTORCYCLE,TRUCK,TRSN_CITY_VEH,EMERG_VEH,PASSENGER,SPEEDING,AG_DRIV,REDLIGHT,ALCOHOL,DISABILITY,HOOD_158,NEIGHBOURHOOD_158,HOOD_140,NEIGHBOURHOOD_140,DIVISION,x,y
16480,81425353,1045060,6/7/2020 8:00:00 AM,15,KEELE ST,CALVINGTON DR,,Major Arterial,North York,43.733508,-79.483684,At Intersection,Traffic Signal,Clear,"Dark, artificial",Dry,Fatal,Pedestrian Collisions,Pedestrian,15 to 19,Fatal,13,North,,,,,Vehicle turns left while ped crosses with ROW at inter.,Crossing with right of way,Normal,,,,Yes,,Yes,,,,,,Yes,Yes,,,,155,Downsview,26,Downsview-Roding-CFB (26),D31,622113.0374,4843391.0767
16481,81427265,1045060,6/7/2020 8:00:00 AM,15,KEELE ST,CALVINGTON DR,,Major Arterial,North York,43.733508,-79.483684,At Intersection,Traffic Signal,Clear,"Dark, artificial",Dry,Fatal,Pedestrian Collisions,Driver,45 to 49,None,,North,"Automobile, Station Wagon",Turning Left,Failed to Yield Right of Way,Unknown,,,,,,,Yes,,Yes,,,,,,Yes,Yes,,,,155,Downsview,26,Downsview-Roding-CFB (26),D31,622113.0374,4843391.0767
16482,81430833,1045060,6/7/2020 8:00:00 AM,15,KEELE ST,CALVINGTON DR,,Major Arterial,North York,43.733508,-79.483684,At Intersection,Traffic Signal,Clear,"Dark, artificial",Dry,Fatal,Pedestrian Collisions,Pedestrian,15 to 19,Minor,,North,,,,,Vehicle turns left while ped crosses with ROW at inter.,Crossing with right of way,Normal,,,,Yes,,Yes,,,,,,Yes,Yes,,,,155,Downsview,26,Downsview-Roding-CFB (26),D31,622113.0374,4843391.0767
16483,81514842,1052462,6/8/2020 8:00:00 AM,830,LAWRENCE AVE W,RENFIELD ST,,Major Arterial,Etobicoke York,43.703829,-79.498767,At Intersection,Stop Sign,Clear,Daylight,Dry,Non-Fatal Injury,Turning Movement,Driver,45 to 49,Minimal,,North,"Automobile, Station Wagon",Turning Right,Failed to Yield Right of Way,Normal,,,,,,,,,Yes,Yes,,,,,Yes,Yes,,,,30,Brookhaven-Amesbury,30,Brookhaven-Amesbury (30),D12,620958.0562,4840072.6891
16484,81514843,1052462,6/8/2020 8:00:00 AM,830,LAWRENCE AVE W,RENFIELD ST,,Major Arterial,Etobicoke York,43.703829,-79.498767,At Intersection,Stop Sign,Clear,Daylight,Dry,Non-Fatal Injury,Turning Movement,Motorcycle Driver,25 to 29,Major,,East,Motorcycle,Going Ahead,Exceeding Speed Limit,Normal,,,,,,,,,Yes,Yes,,,,,Yes,Yes,,,,30,Brookhaven-Amesbury,30,Brookhaven-Amesbury (30),D12,620958.0562,4840072.6891
16485,81486914,1055551,6/8/2020 8:00:00 AM,1656,555 WILSON HEIGHTS BLVD,,,Minor Arterial,North York,43.751074,-79.456256,At/Near Private Drive,No Control,Clear,Daylight,Dry,Non-Fatal Injury,Cyclist Collisions,Driver,unknown,None,,West,"Automobile, Station Wagon",Turning Left,Failed to Yield Right of Way,Unknown,,,,,,,,Yes,Yes,,,,,,,Yes,,,,33,Clanton Park,33,Clanton Park (33),D32,624285.5539,4845382.8241
16486,81486915,1055551,6/8/2020 8:00:00 AM,1656,555 WILSON HEIGHTS BLVD,,,Minor Arterial,North York,43.751074,-79.456256,At/Near Private Drive,No Control,Clear,Daylight,Dry,Non-Fatal Injury,Cyclist Collisions,Cyclist,10 to 14,Major,,South,Bicycle,Going Ahead,,,,,,Motorist turned left across cyclists path.,Driving Properly,Normal,,Yes,Yes,,,,,,,Yes,,,,33,Clanton Park,33,Clanton Park (33),D32,624285.5539,4845382.8241
16487,81514485,1064302,6/9/2020 8:00:00 AM,2148,DUFFERIN ST,BLOOR ST W,20 m South o,Major Arterial,Toronto and East York,43.659812,-79.435321,Intersection Related,No Control,Clear,"Dark, artificial",Dry,Non-Fatal Injury,Cyclist Collisions,Driver,20 to 24,None,,South,"Automobile, Station Wagon",Making U Turn,Improper Turn,Normal,,,,,,,,Yes,Yes,,,,,Yes,,,,,,83,Dufferin Grove,83,Dufferin Grove (83),D14,626162.3309,4835278.5287
16488,81514486,1064302,6/9/2020 8:00:00 AM,2148,DUFFERIN ST,BLOOR ST W,20 m South o,Major Arterial,Toronto and East York,43.659812,-79.435321,Intersection Related,No Control,Clear,"Dark, artificial",Dry,Non-Fatal Injury,Cyclist Collisions,Cyclist,50 to 54,Major,,South,Bicycle,Going Ahead,,,,,,Motorist makes u-turn in-front of cyclist.,Driving Properly,Normal,,Yes,Yes,,,,,Yes,,,,,,83,Dufferin Grove,83,Dufferin Grove (83),D14,626162.3309,4835278.5287
16489,81514487,1064302,6/9/2020 8:00:00 AM,2148,DUFFERIN ST,BLOOR ST W,20 m South o,Major Arterial,Toronto and East York,43.659812,-79.435321,Intersection Related,No Control,Clear,"Dark, artificial",Dry,Non-Fatal Injury,Cyclist Collisions,Passenger,20 to 24,None,,,,,,,,,,,,,,Yes,Yes,,,,,Yes,,,,,,83,Dufferin Grove,83,Dufferin Grove (83),D14,626162.3309,4835278.5287
16490,81509992,1064375,6/9/2020 8:00:00 AM,2201,DANFORTH AV,BARRINGTON AV,27 m West of,Major Arterial,North York,43.688254,-79.301006,Non Intersection,No Control,Clear,Dark,Dry,Non-Fatal Injury,Rear End,Motorcycle Driver,35 to 39,Major,,West,Motorcycle,Going Ahead,Lost control,Inattentive,,,,,,,,,Yes,Yes,,,,,,,,,,62,East End-Danforth,62,East End-Danforth (62),D55,636927.7617,4838650.4095
16491,81509993,1064375,6/9/2020 8:00:00 AM,2201,DANFORTH AV,BARRINGTON AV,27 m West of,Major Arterial,North York,43.688254,-79.301006,Non Intersection,No Control,Clear,Dark,Dry,Non-Fatal Injury,Rear End,Driver,25 to 29,Minimal,,West,"Automobile, Station Wagon",Stopped,Driving Properly,Normal,,,,,,,,,Yes,Yes,,,,,,,,,,62,East End-Danforth,62,East End-Danforth (62),D55,636927.7617,4838650.4095
16492,81509994,1064375,6/9/2020 8:00:00 AM,2201,DANFORTH AV,BARRINGTON AV,27 m West of,Major Arterial,North York,43.688254,-79.301006,Non Intersection,No Control,Clear,Dark,Dry,Non-Fatal Injury,Rear End,Driver,unknown,None,,Unknown,"Automobile, Station Wagon",Parked,,Unknown,,,,,,,,,Yes,Yes,,,,,,,,,,62,East End-Danforth,62,East End-Danforth (62),D55,636927.7617,4838650.4095
16493,81509995,1064375,6/9/2020 8:00:00 AM,2201,DANFORTH AV,BARRINGTON AV,27 m West of,Major Arterial,North York,43.688254,-79.301006,Non Intersection,No Control,Clear,Dark,Dry,Non-Fatal Injury,Rear End,Other,30 to 34,Minimal,,,,,,,,,,,,,,,Yes,Yes,,,,,,,,,,62,East End-Danforth,62,East End-Danforth (62),D55,636927.7617,4838650.4095
16494,81075007,1064422,6/9/2020 8:00:00 AM,2211,BRIMLEY RD,COMRIE TER,,Minor Arterial,Scarborough,43.726,-79.243617,At Intersection,No Control,Clear,"Dark, artificial",Dry,Fatal,Turning Movement,Motorcycle Driver,20 to 24,Minor,,South,Motorcycle,Going Ahead,Exceeding Speed Limit,Unknown,,,,,,,,,Yes,Yes,,,,Yes,Yes,Yes,,,,123,Cliffcrest,123,Cliffcrest (123),D41,641464.1696,4842939.0152
16495,81425350,1064422,6/9/2020 8:00:00 AM,2211,BRIMLEY RD,COMRIE TER,,Minor Arterial,Scarborough,43.726,-79.243617,At Intersection,No Control,Clear,"Dark, artificial",Dry,Fatal,Turning Movement,Motorcycle Passenger,20 to 24,Fatal,14,,,,,,,,,,,,,,Yes,Yes,,,,Yes,Yes,Yes,,,,123,Cliffcrest,123,Cliffcrest (123),D41,641464.1696,4842939.0152
16496,81427268,1064422,6/9/2020 8:00:00 AM,2211,BRIMLEY RD,COMRIE TER,,Minor Arterial,Scarborough,43.726,-79.243617,At Intersection,No Control,Clear,"Dark, artificial",Dry,Fatal,Turning Movement,Driver,20 to 24,None,,North,Pick Up Truck,Turning Left,Driving Properly,Unknown,,,,,,,,,Yes,Yes,,,,Yes,Yes,Yes,,,,123,Cliffcrest,123,Cliffcrest (123),D41,641464.1696,4842939.0152
16497,81503948,1070817,6/10/2020 8:00:00 AM,2115,LAWRENCE AVE W,VARNA DR,,Major Arterial,North York,43.717429,-79.43764,At Intersection,Traffic Signal,Rain,"Dark, artificial",Wet,Non-Fatal Injury,Cyclist Collisions,Cyclist,20 to 24,Major,,North,Bicycle,Going Ahead,,,,,,"Cyclist without ROW rides into path of motorist at inter, lnwy, dwy-Cyclist not turn.",Disobeyed Traffic Control,Inattentive,,Yes,Yes,,,,,Yes,,,,,,32,Englemount-Lawrence,32,Englemount-Lawrence (32),D13,625854.7849,4841674.16
16498,81503949,1070817,6/10/2020 8:00:00 AM,2115,LAWRENCE AVE W,VARNA DR,,Major Arterial,North York,43.717429,-79.43764,At Intersection,Traffic Signal,Rain,"Dark, artificial",Wet,Non-Fatal Injury,Cyclist Collisions,Driver,60 to 64,None,,West,"Automobile, Station Wagon",Going Ahead,Driving Properly,Normal,,,,,,,,Yes,Yes,,,,,Yes,,,,,,32,Englemount-Lawrence,32,Englemount-Lawrence (32),D13,625854.7849,4841674.16
16499,81503950,1070817,6/10/2020 8:00:00 AM,2115,LAWRENCE AVE W,VARNA DR,,Major Arterial,North York,43.717429,-79.43764,At Intersection,Traffic Signal,Rain,"Dark, artificial",Wet,Non-Fatal Injury,Cyclist Collisions,Passenger,55 to 59,None,,,,,,,,,,,,,,Yes,Yes,,,,,Yes,,,,,,32,Englemount-Lawrence,32,Englemount-Lawrence (32),D13,625854.7849,4841674.16
16500,81486912,1071838,6/11/2020 8:00:00 AM,219,F G GARDINER XY  E,GARDINER JAMESON AV RAMP,9 m East of,Expressway,Toronto and East York,43.63383,-79.437084,Non Intersection,No Control,Rain,"Dark, artificial",Wet,Non-Fatal Injury,SMV Other,Driver,20 to 24,Major,,East,"Automobile, Station Wagon",Going Ahead,Lost control,Inattentive,,,,,,,,,Yes,,,,,Yes,Yes,Yes,,,,85,South Parkdale,85,South Parkdale (85),D14,626074.5194,4832390.213
16501,81486913,1071838,6/11/2020 8:00:00 AM,219,F G GARDINER XY  E,GARDINER JAMESON AV RAMP,9 m East of,Expressway,Toronto and East York,43.63383,-79.437084,Non Intersection,No Control,Rain,"Dark, artificial",Wet,Non-Fatal Injury,SMV Other,Passenger,20 to 24,Major,,,,,,,,,,,,,,,Yes,,,,,Yes,Yes,Yes,,,,85,South Parkdale,85,South Parkdale (85),D14,626074.5194,4832390.213
16502,81484975,1086962,6/13/2020 8:00:00 AM,1040,SHERBOURNE ST,QUEEN ST E,,Major Arterial,Toronto and East York,43.654452,-79.369418,At Intersection,Traffic Signal,Clear,Daylight,Dry,Non-Fatal Injury,Cyclist Collisions,Cyclist,55 to 59,Major,,South,Bicycle,Going Ahead,,,,,,"Cyclist without ROW rides into path of motorist at inter, lnwy, dwy-Cyclist not turn.",Disobeyed Traffic Control,Normal,,Yes,Yes,,,,,,,,,,,73,Moss Park,73,Moss Park (73),D51,631487.939,4834785.5508
16503,81484976,1086962,6/13/2020 8:00:00 AM,1040,SHERBOURNE ST,QUEEN ST E,,Major Arterial,Toronto and East York,43.654452,-79.369418,At Intersection,Traffic Signal,Clear,Daylight,Dry,Non-Fatal Injury,Cyclist Collisions,Driver,50 to 54,None,,East,Pick Up Truck,Going Ahead,Driving Properly,Normal,,,,,,,,Yes,Yes,,,,,,,,,,,73,Moss Park,73,Moss Park (73),D51,631487.939,4834785.5508
16504,81515017,1109990,6/16/2020 8:00:00 AM,2107,DUNDAS ST W,ROYAL YORK RD,34 m West of,Major Arterial,Etobicoke York,43.658034,-79.51675,Overpass or Bridge,No Control,Clear,Dark,Dry,Non-Fatal Injury,Rear End,Driver,25 to 29,Major,,West,"Automobile, Station Wagon",Reversing,Other,Medical or Physical Disability,,,,,,,,,Yes,,,,,,,,,,Yes,15,Kingsway South,15,Kingsway South (15),D22,619600.0656,4834960.4644
16505,81515018,1109990,6/16/2020 8:00:00 AM,2107,DUNDAS ST W,ROYAL YORK RD,34 m West of,Major Arterial,Etobicoke York,43.658034,-79.51675,Overpass or Bridge,No Control,Clear,Dark,Dry,Non-Fatal Injury,Rear End,Driver,50 to 54,None,,West,"Automobile, Station Wagon",Going Ahead,Other,Normal,,,,,,,,,Yes,,,,,,,,,,Yes,15,Kingsway South,15,Kingsway South (15),D22,619600.0656,4834960.4644
16506,81514883,1119919,6/18/2020 8:00:00 AM,958,WOODBINE AVE,CORLEY AVE,,Major Arterial,Toronto and East York,43.67639,-79.308925,At Intersection,Traffic Signal,Clear,Daylight,Dry,Non-Fatal Injury,Pedestrian Collisions,Driver,60 to 64,None,,East,"Automobile, Station Wagon",Turning Left,Failed to Yield Right of Way,Normal,,,,,,,Yes,,Yes,,,,,,,Yes,,,,62,East End-Danforth,62,East End-Danforth (62),D55,636316.4028,4837319.7019
16507,81514884,1119919,6/18/2020 8:00:00 AM,958,WOODBINE AVE,CORLEY AVE,,Major Arterial,Toronto and East York,43.67639,-79.308925,At Intersection,Traffic Signal,Clear,Daylight,Dry,Non-Fatal Injury,Pedestrian Collisions,Pedestrian,60 to 64,Major,,Unknown,,,,,Vehicle turns left while ped crosses with ROW at inter.,Crossing with right of way,Normal,,,,Yes,,Yes,,,,,,,Yes,,,,62,East End-Danforth,62,East End-Danforth (62),D55,636316.4028,4837319.7019
16508,81483231,1153227,6/23/2020 8:00:00 AM,611,LAWRENCE AVE W,DUPLEX AVE,,Major Arterial,North York,43.724314,-79.405566,At Intersection,Traffic Signal,Clear,Daylight,Dry,Non-Fatal Injury,Cyclist Collisions,Cyclist,20 to 24,Major,,North,Bicycle,Going Ahead,,,,,,"Cyclist without ROW rides into path of motorist at inter, lnwy, dwy-Cyclist not turn.",Disobeyed Traffic Control,Normal,,Yes,Yes,,,,,,,,,,,103,Lawrence Park South,103,Lawrence Park South (103),D53,628423.7962,4842488.0409
16509,81483232,1153227,6/23/2020 8:00:00 AM,611,LAWRENCE AVE W,DUPLEX AVE,,Major Arterial,North York,43.724314,-79.405566,At Intersection,Traffic Signal,Clear,Daylight,Dry,Non-Fatal Injury,Cyclist Collisions,Driver,35 to 39,None,,East,"Automobile, Station Wagon",Going Ahead,Driving Properly,Normal,,,,,,,,Yes,Yes,,,,,,,,,,,103,Lawrence Park South,103,Lawrence Park South (103),D53,628423.7962,4842488.0409
16510,81484347,1153608,6/23/2020 8:00:00 AM,752,COLLEGE ST,DUFFERIN ST,7 m North of,Minor Arterial,North York,43.652495,-79.432521,At Intersection,Traffic Signal,Clear,Daylight,Dry,Non-Fatal Injury,Angle,Driver,30 to 34,Minor,,East,"Automobile, Station Wagon",Going Ahead,Driving Properly,Normal,,,,,,,,,Yes,,Yes,,,Yes,,,,,,84,Little Portugal,84,Little Portugal (84),D14,626403.4525,4834470.1415
16511,81484348,1153608,6/23/2020 8:00:00 AM,752,COLLEGE ST,DUFFERIN ST,7 m North of,Minor Arterial,North York,43.652495,-79.432521,At Intersection,Traffic Signal,Clear,Daylight,Dry,Non-Fatal Injury,Angle,Truck Driver,35 to 39,None,,North,"Truck - Closed (Blazer, etc)",Going Ahead,Driving Properly,Normal,,,,,,,,,Yes,,Yes,,,Yes,,,,,,84,Little Portugal,84,Little Portugal (84),D14,626403.4525,4834470.1415
16512,81484349,1153608,6/23/2020 8:00:00 AM,752,COLLEGE ST,DUFFERIN ST,7 m North of,Minor Arterial,North York,43.652495,-79.432521,At Intersection,Traffic Signal,Clear,Daylight,Dry,Non-Fatal Injury,Angle,Passenger,30 to 34,Major,,,,,,,,,,,,,,,Yes,,Yes,,,Yes,,,,,,84,Little Portugal,84,Little Portugal (84),D14,626403.4525,4834470.1415
16513,81486352,1161689,6/24/2020 8:00:00 AM,1130,ST CLAIR AVE W,OLD WESTON RD,11 m North o,Major Arterial,Etobicoke York,43.673464,-79.463008,At Intersection,Traffic Signal,Clear,Daylight,Dry,Non-Fatal Injury,Pedestrian Collisions,Driver,45 to 49,None,,West,Street Car,Going Ahead,Driving Properly,Normal,,,,,,,Yes,,,,,Yes,,,,,,,,91,Weston-Pelham Park,91,Weston-Pellam Park (91),D11,623901.7768,4836753.0363
16514,81486353,1161689,6/24/2020 8:00:00 AM,1130,ST CLAIR AVE W,OLD WESTON RD,11 m North o,Major Arterial,Etobicoke York,43.673464,-79.463008,At Intersection,Traffic Signal,Clear,Daylight,Dry,Non-Fatal Injury,Pedestrian Collisions,Pedestrian,55 to 59,Major,,Unknown,,,,,Vehicle is going straight thru inter.while ped cross without ROW,Crossing without right of way,Inattentive,,,,Yes,,,,,Yes,,,,,,,,91,Weston-Pelham Park,91,Weston-Pellam Park (91),D11,623901.7768,4836753.0363
16515,81428594,1162641,6/24/2020 8:00:00 AM,1357,KEELE ST,WEST TORONTO ST,,Major Arterial,Etobicoke York,43.669963,-79.466464,At Intersection,Traffic Signal,Clear,Daylight,Dry,Non-Fatal Injury,Pedestrian Collisions,Driver,40 to 44,None,,East,Pick Up Truck,Turning Left,Failed to Yield Right of Way,Inattentive,,,,,,,Yes,,Yes,,,,,,,Yes,,,,90,Junction Area,90,Junction Area (90),D11,623630.3633,4836359.0474
16516,81428595,1162641,6/24/2020 8:00:00 AM,1357,KEELE ST,WEST TORONTO ST,,Major Arterial,Etobicoke York,43.669963,-79.466464,At Intersection,Traffic Signal,Clear,Daylight,Dry,Non-Fatal Injury,Pedestrian Collisions,Pedestrian,65 to 69,Major,,West,,,,,Vehicle turns left while ped crosses with ROW at inter.,Crossing with right of way,Normal,,,,Yes,,Yes,,,,,,,Yes,,,,90,Junction Area,90,Junction Area (90),D11,623630.3633,4836359.0474
16517,81486640,1180091,6/26/2020 8:00:00 AM,2213,DANFORTH AVE,GREENWOOD AVE,62 m West of,Major Arterial,North York,43.681163,-79.333301,Non Intersection,No Control,Clear,Dark,Dry,Non-Fatal Injury,Pedestrian Collisions,Driver,45 to 49,None,,East,"Automobile, Station Wagon",Going Ahead,Driving Properly,Normal,,,,,,,Yes,,Yes,,,,,,,,,,,69,Blake-Jones,69,Blake-Jones (69),D55,634340.7952,4837810.0358
16518,81486641,1180091,6/26/2020 8:00:00 AM,2213,DANFORTH AVE,GREENWOOD AVE,62 m West of,Major Arterial,North York,43.681163,-79.333301,Non Intersection,No Control,Clear,Dark,Dry,Non-Fatal Injury,Pedestrian Collisions,Pedestrian,70 to 74,Major,,South,,,,,Pedestrian hit at mid-block,"Crossing, no Traffic Control",Normal,,,,Yes,,Yes,,,,,,,,,,,69,Blake-Jones,69,Blake-Jones (69),D55,634340.7952,4837810.0358
16519,81505450,1184122,6/27/2020 8:00:00 AM,1502,DANFORTH RD,TRUDELLE ST,4 m West of,Major Arterial,Scarborough,43.739848,-79.245494,At Intersection,Traffic Signal,Clear,Daylight,Dry,Non-Fatal Injury,Turning Movement,Motorcycle Driver,35 to 39,Major,,North,Motorcycle,Going Ahead,Disobeyed Traffic Control,Unknown,,,,,,,,,Yes,Yes,,,,,,Yes,Yes,,,138,Eglinton East,138,Eglinton East (138),D43,641280.4203,4844473.84
16520,81505451,1184122,6/27/2020 8:00:00 AM,1502,DANFORTH RD,TRUDELLE ST,4 m West of,Major Arterial,Scarborough,43.739848,-79.245494,At Intersection,Traffic Signal,Clear,Daylight,Dry,Non-Fatal Injury,Turning Movement,Driver,50 to 54,None,,West,"Automobile, Station Wagon",Turning Left,Driving Properly,Normal,,,,,,,,,Yes,Yes,,,,,,Yes,Yes,,,138,Eglinton East,138,Eglinton East (138),D43,641280.4203,4844473.84
16521,81515342,1184792,6/27/2020 8:00:00 AM,1643,EGLINTON AVE W,SCARLETT RD,,Major Arterial,Etobicoke York,43.68389,-79.511417,At Intersection,Traffic Signal,Clear,Daylight,Dry,Non-Fatal Injury,Cyclist Collisions,Driver,35 to 39,None,,East,Pick Up Truck,Turning Right,Failed to Yield Right of Way,Normal,,,,,,,,Yes,Yes,,,,,,,Yes,,,,9,Edenbridge-Humber Valley,9,Edenbridge-Humber Valley (9),D22,619978.56,4837839.8142
16522,81515343,1184792,6/27/2020 8:00:00 AM,1643,EGLINTON AVE W,SCARLETT RD,,Major Arterial,Etobicoke York,43.68389,-79.511417,At Intersection,Traffic Signal,Clear,Daylight,Dry,Non-Fatal Injury,Cyclist Collisions,Cyclist,10 to 14,Major,,East,Bicycle,Going Ahead,,,,,,Motorist turning right on green or amber at signalized intersection strikes cyclist.,Driving Properly,Normal,,Yes,Yes,,,,,,,Yes,,,,9,Edenbridge-Humber Valley,9,Edenbridge-Humber Valley (9),D22,619978.56,4837839.8142
16523,81515292,1186968,6/27/2020 8:00:00 AM,2256,DREWRY AVE,GRANTBROOK ST,,Minor Arterial,North York,43.783492,-79.433727,At Intersection,No Control,Rain,Dark,Wet,Non-Fatal Injury,Rear End,Driver,35 to 39,Major,,West,"Automobile, Station Wagon",Going Ahead,Lost control,Normal,,,,,,,,,Yes,,,,,,,,,,,36,Newtonbrook West,36,Newtonbrook West (36),D32,626031.2599,4849017.3821
16524,81515293,1186968,6/27/2020 8:00:00 AM,2256,DREWRY AVE,GRANTBROOK ST,,Minor Arterial,North York,43.783492,-79.433727,At Intersection,No Control,Rain,Dark,Wet,Non-Fatal Injury,Rear End,Driver,35 to 39,None,,West,"Automobile, Station Wagon",Stopped,Driving Properly,Normal,,,,,,,,,Yes,,,,,,,,,,,36,Newtonbrook West,36,Newtonbrook West (36),D32,626031.2599,4849017.3821
16525,81484666,1218699,7/2/2020 8:00:00 AM,1255,PHARMACY AVE,HUNTINGWOOD DR,,Minor Arterial,Scarborough,43.781603,-79.320125,At Intersection,Traffic Signal,Clear,Daylight,Dry,Non-Fatal Injury,Angle,Driver,40 to 44,None,,South,Pick Up Truck,Going Ahead,Disobeyed Traffic Control,Inattentive,,,,,,,,,Yes,,,,,Yes,,Yes,Yes,,,118,Tam O'Shanter-Sullivan,118,Tam O'Shanter-Sullivan (118),D42,635176.6718,4848986.8041
16526,81484667,1218699,7/2/2020 8:00:00 AM,1255,PHARMACY AVE,HUNTINGWOOD DR,,Minor Arterial,Scarborough,43.781603,-79.320125,At Intersection,Traffic Signal,Clear,Daylight,Dry,Non-Fatal Injury,Angle,Driver,55 to 59,Minimal,,West,"Automobile, Station Wagon",Going Ahead,Driving Properly,Normal,,,,,,,,,Yes,,,,,Yes,,Yes,Yes,,,118,Tam O'Shanter-Sullivan,118,Tam O'Shanter-Sullivan (118),D42,635176.6718,4848986.8041
16527,81484668,1218699,7/2/2020 8:00:00 AM,1255,PHARMACY AVE,HUNTINGWOOD DR,,Minor Arterial,Scarborough,43.781603,-79.320125,At Intersection,Traffic Signal,Clear,Daylight,Dry,Non-Fatal Injury,Angle,Passenger,35 to 39,None,,,,,,,,,,,,,,,Yes,,,,,Yes,,Yes,Yes,,,118,Tam O'Shanter-Sullivan,118,Tam O'Shanter-Sullivan (118),D42,635176.6718,4848986.8041
16528,81484669,1218699,7/2/2020 8:00:00 AM,1255,PHARMACY AVE,HUNTINGWOOD DR,,Minor Arterial,Scarborough,43.781603,-79.320125,At Intersection,Traffic Signal,Clear,Daylight,Dry,Non-Fatal Injury,Angle,Passenger,35 to 39,Major,,,,,,,,,,,,,,,Yes,,,,,Yes,,Yes,Yes,,,118,Tam O'Shanter-Sullivan,118,Tam O'Shanter-Sullivan (118),D42,635176.6718,4848986.8041
16529,81484670,1218699,7/2/2020 8:00:00 AM,1255,PHARMACY AVE,HUNTINGWOOD DR,,Minor Arterial,Scarborough,43.781603,-79.320125,At Intersection,Traffic Signal,Clear,Daylight,Dry,Non-Fatal Injury,Angle,Passenger,80 to 84,Minor,,,,,,,,,,,,,,,Yes,,,,,Yes,,Yes,Yes,,,118,Tam O'Shanter-Sullivan,118,Tam O'Shanter-Sullivan (118),D42,635176.6718,4848986.8041
16530,81484671,1218699,7/2/2020 8:00:00 AM,1255,PHARMACY AVE,HUNTINGWOOD DR,,Minor Arterial,Scarborough,43.781603,-79.320125,At Intersection,Traffic Signal,Clear,Daylight,Dry,Non-Fatal Injury,Angle,Passenger,85 to 89,Minimal,,,,,,,,,,,,,,,Yes,,,,,Yes,,Yes,Yes,,,118,Tam O'Shanter-Sullivan,118,Tam O'Shanter-Sullivan (118),D42,635176.6718,4848986.8041
16531,81484672,1218699,7/2/2020 8:00:00 AM,1255,PHARMACY AVE,HUNTINGWOOD DR,,Minor Arterial,Scarborough,43.781603,-79.320125,At Intersection,Traffic Signal,Clear,Daylight,Dry,Non-Fatal Injury,Angle,Passenger,0 to 4,Minimal,,,,,,,,,,,,,,,Yes,,,,,Yes,,Yes,Yes,,,118,Tam O'Shanter-Sullivan,118,Tam O'Shanter-Sullivan (118),D42,635176.6718,4848986.8041
16532,81486564,1227964,7/3/2020 8:00:00 AM,1703,BROADVIEW AVE,HILLSIDE DR,,Minor Arterial,Toronto and East York,43.685908,-79.356258,At Intersection,Traffic Signal,Clear,Daylight,Dry,Non-Fatal Injury,Turning Movement,Driver,25 to 29,None,,South,"Automobile, Station Wagon",Turning Left,Failed to Yield Right of Way,Normal,,,,,,,,,Yes,Yes,,,,Yes,,Yes,,,,57,Broadview North,57,Broadview North (57),D55,632479.9288,4838300.1034
16533,81486565,1227964,7/3/2020 8:00:00 AM,1703,BROADVIEW AVE,HILLSIDE DR,,Minor Arterial,Toronto and East York,43.685908,-79.356258,At Intersection,Traffic Signal,Clear,Daylight,Dry,Non-Fatal Injury,Turning Movement,Motorcycle Driver,20 to 24,Major,,North,Motorcycle,Going Ahead,Driving Properly,Normal,,,,,,,,,Yes,Yes,,,,Yes,,Yes,,,,57,Broadview North,57,Broadview North (57),D55,632479.9288,4838300.1034
16534,81486566,1227964,7/3/2020 8:00:00 AM,1703,BROADVIEW AVE,HILLSIDE DR,,Minor Arterial,Toronto and East York,43.685908,-79.356258,At Intersection,Traffic Signal,Clear,Daylight,Dry,Non-Fatal Injury,Turning Movement,Passenger,25 to 29,None,,,,,,,,,,,,,,,Yes,Yes,,,,Yes,,Yes,,,,57,Broadview North,57,Broadview North (57),D55,632479.9288,4838300.1034
16535,81486567,1227964,7/3/2020 8:00:00 AM,1703,BROADVIEW AVE,HILLSIDE DR,,Minor Arterial,Toronto and East York,43.685908,-79.356258,At Intersection,Traffic Signal,Clear,Daylight,Dry,Non-Fatal Injury,Turning Movement,Passenger,5 to 9,None,,,,,,,,,,,,,,,Yes,Yes,,,,Yes,,Yes,,,,57,Broadview North,57,Broadview North (57),D55,632479.9288,4838300.1034
16536,81504887,1228966,7/3/2020 8:00:00 AM,1920,ORMONT DR,WESTON RD,,Major Arterial,Etobicoke York,43.764804,-79.545314,At Intersection,Traffic Signal,Clear,Daylight,Dry,Non-Fatal Injury,Angle,Driver,35 to 39,Minimal,,West,"Automobile, Station Wagon",Going Ahead,Driving Properly,Normal,,,,,,,,,Yes,Yes,,,,,Yes,Yes,Yes,,,21,Humber Summit,21,Humber Summit (21),D31,617088.7312,4846777.9729
16537,81504888,1228966,7/3/2020 8:00:00 AM,1920,ORMONT DR,WESTON RD,,Major Arterial,Etobicoke York,43.764804,-79.545314,At Intersection,Traffic Signal,Clear,Daylight,Dry,Non-Fatal Injury,Angle,Motorcycle Driver,25 to 29,Major,,North,Motorcycle,Going Ahead,Disobeyed Traffic Control,Inattentive,,,,,,,,,Yes,Yes,,,,,Yes,Yes,Yes,,,21,Humber Summit,21,Humber Summit (21),D31,617088.7312,4846777.9729