OBJECTID,INDEX,ACCNUM,DATE,TIME,STREET1,STREET2,OFFSET,ROAD_CLASS,DISTRICT,LATITUDE,LONGITUDE,ACCLOC,TRAFFCTL,VISIBILITY,LIGHT,RDSFCOND,ACCLASS,IMPACTYPE,INVTYPE,INVAGE,INJURY,FATAL_NO,INITDIR,VEHTYPE,MANOEUVER,DRIVACT,DRIVCOND,PEDTYPE,PEDACT,PEDCOND,CYCLISTYPE,CYCACT,CYCCOND,PEDESTRIAN,CYCLIST,AUTOMOBILE,MOTORCYCLE,TRUCK,TRSN_CITY_VEH,EMERG_VEH,PASSENGER,SPEEDING,AG_DRIV,REDLIGHT,ALCOHOL,DISABILITY,HOOD_158,NEIGHBOURHOOD_158,HOOD_140,NEIGHBOURHOOD_140,DIVISION,x,y
16538,81506133,1257891,7/7/2020 8:00:00 AM,2030,SERGIO MARCHI  ST,TORBARRIE RD,,Local,Etobicoke York,43.73004,-79.524013,Intersection Related,No Control,Clear,"Dusk, artificial",Dry,Non-Fatal Injury,Pedestrian Collisions,Driver,25 to 29,None,,East,"Automobile, Station Wagon",Going Ahead,Lost control,Normal,,,,,,,Yes,,Yes,,,,,,,,,,,154,Oakdale-Beverley Heights,26,Downsview-Roding-CFB (26),D31,618872.069,4842947.2631
16539,81506134,1257891,7/7/2020 8:00:00 AM,2030,SERGIO MARCHI  ST,TORBARRIE RD,,Local,Etobicoke York,43.73004,-79.524013,Intersection Related,No Control,Clear,"Dusk, artificial",Dry,Non-Fatal Injury,Pedestrian Collisions,Pedestrian,30 to 34,Major,,Unknown,,,,,Pedestrian hit at mid-block,Other,Normal,,,,Yes,,Yes,,,,,,,,,,,154,Oakdale-Beverley Heights,26,Downsview-Roding-CFB (26),D31,618872.069,4842947.2631
16540,81507750,1275484,7/10/2020 8:00:00 AM,650,ENDSLEIGH CRES,MARGARET  AVE,,Local,North York,43.781626,-79.335544,At Intersection,No Control,Clear,Daylight,Dry,Non-Fatal Injury,Pedestrian Collisions,Driver,50 to 54,None,,East,"Automobile, Station Wagon",Going Ahead,Driving Properly,Normal,,,,,,,Yes,,Yes,,,,,,,,,,,46,Pleasant View,46,Pleasant View (46),D33,633935.8671,4848964.2966
16541,81507751,1275484,7/10/2020 8:00:00 AM,650,ENDSLEIGH CRES,MARGARET  AVE,,Local,North York,43.781626,-79.335544,At Intersection,No Control,Clear,Daylight,Dry,Non-Fatal Injury,Pedestrian Collisions,Pedestrian,75 to 79,Major,,North,,,,,Vehicle is going straight thru inter.while ped cross without ROW,Crossing without right of way,Normal,,,,Yes,,Yes,,,,,,,,,,,46,Pleasant View,46,Pleasant View (46),D33,633935.8671,4848964.2966
16542,81505053,1276216,7/10/2020 8:00:00 AM,900,SPANBRIDGE RD,LINKWOOD LANE,8 m North of,Collector,North York,43.71229,-79.324458,Non Intersection,Stop Sign,Clear,Daylight,Dry,Non-Fatal Injury,Pedestrian Collisions,Driver,50 to 54,None,,East,"Automobile, Station Wagon",Turning Left,Failed to Yield Right of Way,Inattentive,,,,,,,Yes,,Yes,,,,,,,Yes,,,,44,Flemingdon Park,44,Flemingdon Park (44),D55,634983.712,4841281.49
16543,81505054,1276216,7/10/2020 8:00:00 AM,900,SPANBRIDGE RD,LINKWOOD LANE,8 m North of,Collector,North York,43.71229,-79.324458,Non Intersection,Stop Sign,Clear,Daylight,Dry,Non-Fatal Injury,Pedestrian Collisions,Pedestrian,65 to 69,Major,,Unknown,,,,,Vehicle turns left while ped crosses with ROW at inter.,Crossing with right of way,Normal,,,,Yes,,Yes,,,,,,,Yes,,,,44,Flemingdon Park,44,Flemingdon Park (44),D55,634983.712,4841281.49
16544,81509602,1286810,7/11/2020 8:00:00 AM,1854,SPADINA AVE,FORT YORK BLVD,80 m South o,Major Arterial,Toronto and East York,43.639853,-79.392726,Non Intersection,No Control,Clear,Daylight,Wet,Non-Fatal Injury,Rear End,Driver,25 to 29,None,,South,"Automobile, Station Wagon",Going Ahead,Other,Inattentive,,,,,,,,,Yes,,,,,Yes,,,,,,165,Harbourfront-CityPlace,77,Waterfront Communities-The Island (77),D52,629639.7956,4833127.4712
16545,81509603,1286810,7/11/2020 8:00:00 AM,1854,SPADINA AVE,FORT YORK BLVD,80 m South o,Major Arterial,Toronto and East York,43.639853,-79.392726,Non Intersection,No Control,Clear,Daylight,Wet,Non-Fatal Injury,Rear End,Driver,50 to 54,Major,,South,"Automobile, Station Wagon",Going Ahead,Driving Properly,Normal,,,,,,,,,Yes,,,,,Yes,,,,,,165,Harbourfront-CityPlace,77,Waterfront Communities-The Island (77),D52,629639.7956,4833127.4712
16546,81509604,1286810,7/11/2020 8:00:00 AM,1854,SPADINA AVE,FORT YORK BLVD,80 m South o,Major Arterial,Toronto and East York,43.639853,-79.392726,Non Intersection,No Control,Clear,Daylight,Wet,Non-Fatal Injury,Rear End,Driver,20 to 24,None,,South,"Automobile, Station Wagon",Stopped,Driving Properly,Normal,,,,,,,,,Yes,,,,,Yes,,,,,,165,Harbourfront-CityPlace,77,Waterfront Communities-The Island (77),D52,629639.7956,4833127.4712
16547,81509605,1286810,7/11/2020 8:00:00 AM,1854,SPADINA AVE,FORT YORK BLVD,80 m South o,Major Arterial,Toronto and East York,43.639853,-79.392726,Non Intersection,No Control,Clear,Daylight,Wet,Non-Fatal Injury,Rear End,Passenger,40 to 44,None,,,,,,,,,,,,,,,Yes,,,,,Yes,,,,,,165,Harbourfront-CityPlace,77,Waterfront Communities-The Island (77),D52,629639.7956,4833127.4712
16548,81509606,1286810,7/11/2020 8:00:00 AM,1854,SPADINA AVE,FORT YORK BLVD,80 m South o,Major Arterial,Toronto and East York,43.639853,-79.392726,Non Intersection,No Control,Clear,Daylight,Wet,Non-Fatal Injury,Rear End,Passenger,25 to 29,None,,,,,,,,,,,,,,,Yes,,,,,Yes,,,,,,165,Harbourfront-CityPlace,77,Waterfront Communities-The Island (77),D52,629639.7956,4833127.4712
16549,81514207,1302166,7/14/2020 8:00:00 AM,135,SOUTH KINGSWAY,QUEENSWAY S KINGSWAY RAMP,2 m South of,Minor Arterial,Toronto and East York,43.636096,-79.474475,Non Intersection,No Control,Clear,Dark,Dry,Non-Fatal Injury,Angle,Motorcycle Driver,30 to 34,Major,,West,Motorcycle,Going Ahead,Exceeding Speed Limit,Had Been Drinking,,,,,,,,,Yes,Yes,,,,,Yes,Yes,,,,87,High Park-Swansea,87,High Park-Swansea (87),D11,623053.6755,4832585.7717
16550,81514208,1302166,7/14/2020 8:00:00 AM,135,SOUTH KINGSWAY,QUEENSWAY S KINGSWAY RAMP,2 m South of,Minor Arterial,Toronto and East York,43.636096,-79.474475,Non Intersection,No Control,Clear,Dark,Dry,Non-Fatal Injury,Angle,Driver,unknown,None,,North,"Automobile, Station Wagon",Unknown,Driving Properly,Unknown,,,,,,,,,Yes,Yes,,,,,Yes,Yes,,,,87,High Park-Swansea,87,High Park-Swansea (87),D11,623053.6755,4832585.7717
16551,81504801,1311242,7/15/2020 8:00:00 AM,950,YONGE ST,EGLINTON AVE E,16 m West of,Major Arterial,North York,43.70666,-79.398326,At Intersection,Traffic Signal,Clear,Daylight,Dry,Non-Fatal Injury,Cyclist Collisions,Cyclist,60 to 64,Major,,East,Bicycle,Going Ahead,,,,,,Cyclist and Driver travelling in same direction. One vehicle sideswipes the other.,Improper Passing,Inattentive,,Yes,,,Yes,,,,,,,,,174,South Eglinton-Davisville,104,Mount Pleasant West (104),D53,629044.8368,4840538.5578
16552,81504802,1311242,7/15/2020 8:00:00 AM,950,YONGE ST,EGLINTON AVE E,16 m West of,Major Arterial,North York,43.70666,-79.398326,At Intersection,Traffic Signal,Clear,Daylight,Dry,Non-Fatal Injury,Cyclist Collisions,Truck Driver,35 to 39,None,,East,Truck - Tank,Going Ahead,Driving Properly,Normal,,,,,,,,Yes,,,Yes,,,,,,,,,174,South Eglinton-Davisville,104,Mount Pleasant West (104),D53,629044.8368,4840538.5578
16553,81509607,1331742,7/18/2020 8:00:00 AM,218,RIVERWOOD PKWY,HUMBER VALLEY RD,44 m West of,Local,Etobicoke York,43.640029,-79.490817,Non Intersection,No Control,Clear,"Dark, artificial",Dry,Non-Fatal Injury,SMV Other,Motorcycle Driver,25 to 29,Major,,West,Motorcycle,Going Ahead,Lost control,Normal,,,,,,,,,,Yes,,,,,,,,,,16,Stonegate-Queensway,16,Stonegate-Queensway (16),D22,621727.5243,4832998.4849
16554,81269664,1343123,7/19/2020 8:00:00 AM,1802,LAWRENCE AVE E,MCMILLAN AVE,,Minor Arterial,Scarborough,43.772986,-79.165462,Intersection Related,No Control,Clear,Daylight,Dry,Fatal,Approaching,Passenger,20 to 24,Minor,,,,,,,,,,,,,,,Yes,,,,,Yes,,,,,,136,West Hill,136,West Hill (136),D43,647643.4992,4848293.9312
16555,81431719,1343123,7/19/2020 8:00:00 AM,1802,LAWRENCE AVE E,MCMILLAN AVE,,Minor Arterial,Scarborough,43.772986,-79.165462,Intersection Related,No Control,Clear,Daylight,Dry,Fatal,Approaching,Driver,20 to 24,Minor,,West,"Automobile, Station Wagon",Going Ahead,Lost control,Unknown,,,,,,,,,Yes,,,,,Yes,,,,,,136,West Hill,136,West Hill (136),D43,647643.4992,4848293.9312
16556,81431720,1343123,7/19/2020 8:00:00 AM,1802,LAWRENCE AVE E,MCMILLAN AVE,,Minor Arterial,Scarborough,43.772986,-79.165462,Intersection Related,No Control,Clear,Daylight,Dry,Fatal,Approaching,Driver,25 to 29,Minor,,East,"Automobile, Station Wagon",Going Ahead,Driving Properly,Normal,,,,,,,,,Yes,,,,,Yes,,,,,,136,West Hill,136,West Hill (136),D43,647643.4992,4848293.9312
16557,81431721,1343123,7/19/2020 8:00:00 AM,1802,LAWRENCE AVE E,MCMILLAN AVE,,Minor Arterial,Scarborough,43.772986,-79.165462,Intersection Related,No Control,Clear,Daylight,Dry,Fatal,Approaching,Passenger,20 to 24,Fatal,15,,,,,,,,,,,,,,Yes,,,,,Yes,,,,,,136,West Hill,136,West Hill (136),D43,647643.4992,4848293.9312
16558,81511603,1345150,7/20/2020 8:00:00 AM,120,911A ADELAIDE ST W,,4 m North of,Collector,Toronto and East York,43.642802,-79.414745,Non Intersection,No Control,Clear,Dark,Dry,Non-Fatal Injury,Pedestrian Collisions,Driver,50 to 54,None,,East,"Automobile, Station Wagon",Going Ahead,Improper Passing,Had Been Drinking,,,,,,,Yes,,Yes,,,,,,,Yes,,,,162,West Queen West,82,Niagara (82),D14,627857.5092,4833420.8392
16559,81511604,1345150,7/20/2020 8:00:00 AM,120,911A ADELAIDE ST W,,4 m North of,Collector,Toronto and East York,43.642802,-79.414745,Non Intersection,No Control,Clear,Dark,Dry,Non-Fatal Injury,Pedestrian Collisions,Pedestrian,25 to 29,Major,,Unknown,,,,,Pedestrian hit at mid-block,Crossing with right of way,Had Been Drinking,,,,Yes,,Yes,,,,,,,Yes,,,,162,West Queen West,82,Niagara (82),D14,627857.5092,4833420.8392
16560,81511695,1353255,7/21/2020 8:00:00 AM,643,81 MCCORMACK ST,AVON AVE,5 m East of,Local,Etobicoke York,43.676165,-79.475795,At/Near Private Drive,No Control,Clear,Daylight,Dry,Non-Fatal Injury,Pedestrian Collisions,Pedestrian,60 to 64,Major,,Unknown,,,,,Pedestrian hit at private driveway,Pushing/Working on Vehicle,Normal,,,,Yes,,,,,,,,,,,,,111,Rockcliffe-Smythe,111,Rockcliffe-Smythe (111),D12,622865.455,4837033.9982
16561,81511464,1357752,7/21/2020 8:00:00 AM,1835,CENTRE RD,HIGH PARK BLVD,,Major Arterial,Etobicoke York,43.644133,-79.45827,At Intersection,Stop Sign,Clear,Daylight,Dry,Non-Fatal Injury,Cyclist Collisions,Cyclist,50 to 54,Major,,South,Bicycle,Turning Left,,,,,,Cyclist turned left across motorists path.,Disobeyed Traffic Control,Inattentive,,Yes,Yes,,,,,,,Yes,,,,87,High Park-Swansea,87,High Park-Swansea (87),D11,624344.2545,4833502.5334
16562,81511465,1357752,7/21/2020 8:00:00 AM,1835,CENTRE RD,HIGH PARK BLVD,,Major Arterial,Etobicoke York,43.644133,-79.45827,At Intersection,Stop Sign,Clear,Daylight,Dry,Non-Fatal Injury,Cyclist Collisions,Driver,60 to 64,None,,West,"Automobile, Station Wagon",Turning Left,Driving Properly,Normal,,,,,,,,Yes,Yes,,,,,,,Yes,,,,87,High Park-Swansea,87,High Park-Swansea (87),D11,624344.2545,4833502.5334
16563,81510972,1374223,7/24/2020 8:00:00 AM,254,CALEDONIA PARK RD,DAVENPORT RD,3 m South of,Minor Arterial,Etobicoke York,43.671027,-79.451061,At Intersection,Traffic Signal,Clear,"Dark, artificial",Dry,Non-Fatal Injury,SMV Other,Driver,35 to 39,Major,,South,"Automobile, Station Wagon",Going Ahead,Lost control,"Ability Impaired, Alcohol Over .08",,,,,,,,,Yes,,,,,Yes,Yes,Yes,,Yes,,171,Junction-Wallace Emerson,93,Dovercourt-Wallace Emerson-Junction (93),D13,624869.9249,4836500.2893
16564,81510973,1374223,7/24/2020 8:00:00 AM,254,CALEDONIA PARK RD,DAVENPORT RD,3 m South of,Minor Arterial,Etobicoke York,43.671027,-79.451061,At Intersection,Traffic Signal,Clear,"Dark, artificial",Dry,Non-Fatal Injury,SMV Other,Passenger,25 to 29,Minor,,,,,,,,,,,,,,,Yes,,,,,Yes,Yes,Yes,,Yes,,171,Junction-Wallace Emerson,93,Dovercourt-Wallace Emerson-Junction (93),D13,624869.9249,4836500.2893
16565,81510432,1378008,7/24/2020 8:00:00 AM,1554,KINGSTON  RD,LAKEHURST DR,3 m West of,Major Arterial,Scarborough,43.696303,-79.2579,Intersection Related,No Control,Clear,Daylight,Dry,Non-Fatal Injury,Pedestrian Collisions,Motorcycle Driver,45 to 49,Major,,East,Motorcycle,Going Ahead,Following too Close,Inattentive,,,,,,,Yes,,Yes,Yes,,,,,,Yes,,,,122,Birchcliffe-Cliffside,122,Birchcliffe-Cliffside (122),D41,640383.0826,4839616.4475
16566,81510433,1378008,7/24/2020 8:00:00 AM,1554,KINGSTON  RD,LAKEHURST DR,3 m West of,Major Arterial,Scarborough,43.696303,-79.2579,Intersection Related,No Control,Clear,Daylight,Dry,Non-Fatal Injury,Pedestrian Collisions,Driver,30 to 34,None,,East,Pick Up Truck,Slowing or Stopping,Driving Properly,Normal,,,,,,,Yes,,Yes,Yes,,,,,,Yes,,,,122,Birchcliffe-Cliffside,122,Birchcliffe-Cliffside (122),D41,640383.0826,4839616.4475
16567,81510434,1378008,7/24/2020 8:00:00 AM,1554,KINGSTON  RD,LAKEHURST DR,3 m West of,Major Arterial,Scarborough,43.696303,-79.2579,Intersection Related,No Control,Clear,Daylight,Dry,Non-Fatal Injury,Pedestrian Collisions,Driver,60 to 64,None,,East,"Automobile, Station Wagon",Slowing or Stopping,Driving Properly,Normal,,,,,,,Yes,,Yes,Yes,,,,,,Yes,,,,122,Birchcliffe-Cliffside,122,Birchcliffe-Cliffside (122),D41,640383.0826,4839616.4475
16568,81510435,1378008,7/24/2020 8:00:00 AM,1554,KINGSTON  RD,LAKEHURST DR,3 m West of,Major Arterial,Scarborough,43.696303,-79.2579,Intersection Related,No Control,Clear,Daylight,Dry,Non-Fatal Injury,Pedestrian Collisions,Driver,25 to 29,None,,East,"Automobile, Station Wagon",Stopped,Driving Properly,Normal,,,,,,,Yes,,Yes,Yes,,,,,,Yes,,,,122,Birchcliffe-Cliffside,122,Birchcliffe-Cliffside (122),D41,640383.0826,4839616.4475
16569,81510436,1378008,7/24/2020 8:00:00 AM,1554,KINGSTON  RD,LAKEHURST DR,3 m West of,Major Arterial,Scarborough,43.696303,-79.2579,Intersection Related,No Control,Clear,Daylight,Dry,Non-Fatal Injury,Pedestrian Collisions,Pedestrian,45 to 49,None,,Unknown,,,,,Vehicle is going straight thru inter.while ped cross with ROW,Other,Normal,,,,Yes,,Yes,Yes,,,,,,Yes,,,,122,Birchcliffe-Cliffside,122,Birchcliffe-Cliffside (122),D41,640383.0826,4839616.4475
16570,81510755,1378850,7/24/2020 8:00:00 AM,1752,BRIMLEY RD,MINERVA AVE,,Minor Arterial,Scarborough,43.722533,-79.242137,At Intersection,Stop Sign,Clear,Daylight,Dry,Non-Fatal Injury,Angle,Driver,60 to 64,None,,East,Pick Up Truck,Going Ahead,Failed to Yield Right of Way,Normal,,,,,,,,,Yes,Yes,,,,,,Yes,,,,123,Cliffcrest,123,Cliffcrest (123),D43,641591.5428,4842556.4811
16571,81510756,1378850,7/24/2020 8:00:00 AM,1752,BRIMLEY RD,MINERVA AVE,,Minor Arterial,Scarborough,43.722533,-79.242137,At Intersection,Stop Sign,Clear,Daylight,Dry,Non-Fatal Injury,Angle,Motorcycle Driver,30 to 34,Major,,South,Motorcycle,Going Ahead,Driving Properly,Unknown,,,,,,,,,Yes,Yes,,,,,,Yes,,,,123,Cliffcrest,123,Cliffcrest (123),D43,641591.5428,4842556.4811
16572,81511005,1380762,7/24/2020 8:00:00 AM,2250,MARKHAM RD,ELLESMERE RD,90 m North o,Major Arterial,Scarborough,43.777697,-79.232211,Non Intersection,No Control,Clear,"Dark, artificial",Dry,Non-Fatal Injury,Rear End,Driver,30 to 34,Major,,South,"Automobile, Station Wagon",Going Ahead,Lost control,Inattentive,,,,,,,,,Yes,,,,,Yes,,Yes,,,,142,Woburn North,137,Woburn (137),D43,642260.3057,4848700.2943
16573,81511006,1380762,7/24/2020 8:00:00 AM,2250,MARKHAM RD,ELLESMERE RD,90 m North o,Major Arterial,Scarborough,43.777697,-79.232211,Non Intersection,No Control,Clear,"Dark, artificial",Dry,Non-Fatal Injury,Rear End,Driver,20 to 24,None,,South,Pick Up Truck,Going Ahead,Driving Properly,Normal,,,,,,,,,Yes,,,,,Yes,,Yes,,,,142,Woburn North,137,Woburn (137),D43,642260.3057,4848700.2943
16574,81511007,1380762,7/24/2020 8:00:00 AM,2250,MARKHAM RD,ELLESMERE RD,90 m North o,Major Arterial,Scarborough,43.777697,-79.232211,Non Intersection,No Control,Clear,"Dark, artificial",Dry,Non-Fatal Injury,Rear End,Passenger,20 to 24,None,,,,,,,,,,,,,,,Yes,,,,,Yes,,Yes,,,,142,Woburn North,137,Woburn (137),D43,642260.3057,4848700.2943
16575,81239216,1393549,7/26/2020 8:00:00 AM,2119,881 SHEPPARD AVE W,,,Major Arterial,North York,43.751918,-79.455127,Non Intersection,No Control,Clear,"Dark, artificial",Dry,Fatal,Pedestrian Collisions,Driver,25 to 29,None,,East,"Automobile, Station Wagon",Going Ahead,Exceeding Speed Limit,Normal,,,,,,,Yes,,Yes,,,,,,Yes,Yes,,,,33,Clanton Park,33,Clanton Park (33),D32,624374.7013,4845478.2573
16576,81431665,1393549,7/26/2020 8:00:00 AM,2119,881 SHEPPARD AVE W,,,Major Arterial,North York,43.751918,-79.455127,Non Intersection,No Control,Clear,"Dark, artificial",Dry,Fatal,Pedestrian Collisions,Pedestrian,25 to 29,Fatal,16,South,,,,,Pedestrian hit at mid-block,"Crossing, no Traffic Control",Unknown,,,,Yes,,Yes,,,,,,Yes,Yes,,,,33,Clanton Park,33,Clanton Park (33),D32,624374.7013,4845478.2573
16577,81431840,1402441,7/28/2020 8:00:00 AM,700,STANLEY AVE,STATION RD,,Local,Etobicoke York,43.614997,-79.494197,Intersection Related,Stop Sign,Clear,Daylight,Dry,Fatal,Pedestrian Collisions,Pedestrian,80 to 84,Fatal,17,East,,,,,Pedestrian hit at mid-block,Walking on Roadway with Traffic,Normal,,,,Yes,,Yes,,,,,,,,,,,160,Mimico-Queensway,17,Mimico (includes Humber Bay Shores) (17),D22,621505.3221,4830213.4192
16578,81431841,1402441,7/28/2020 8:00:00 AM,700,STANLEY AVE,STATION RD,,Local,Etobicoke York,43.614997,-79.494197,Intersection Related,Stop Sign,Clear,Daylight,Dry,Fatal,Pedestrian Collisions,Driver,65 to 69,Minimal,,East,"Automobile, Station Wagon",Going Ahead,Driving Properly,Inattentive,,,,,,,Yes,,Yes,,,,,,,,,,,160,Mimico-Queensway,17,Mimico (includes Humber Bay Shores) (17),D22,621505.3221,4830213.4192
16579,81510275,1411275,7/28/2020 8:00:00 AM,845,MIDLAND  AVE,COPTHORNE  AVE,,Major Arterial,Scarborough,43.820635,-79.294894,At Intersection,Traffic Signal,Clear,Daylight,Dry,Non-Fatal Injury,Pedestrian Collisions,Driver,55 to 59,None,,West,"Automobile, Station Wagon",Turning Right,Failed to Yield Right of Way,Inattentive,,,,,,,Yes,,Yes,,,,,,,Yes,,,,130,Milliken,130,Milliken (130),D42,637117.6658,4853363.4428
16580,81510276,1411275,7/28/2020 8:00:00 AM,845,MIDLAND  AVE,COPTHORNE  AVE,,Major Arterial,Scarborough,43.820635,-79.294894,At Intersection,Traffic Signal,Clear,Daylight,Dry,Non-Fatal Injury,Pedestrian Collisions,Pedestrian,60 to 64,Major,,South,,,,,Vehicle turns right while ped crosses with ROW at inter.,Crossing with right of way,Normal,,,,Yes,,Yes,,,,,,,Yes,,,,130,Milliken,130,Milliken (130),D42,637117.6658,4853363.4428
16581,81511049,1417758,7/30/2020 8:00:00 AM,953,746 OSSINGTON AVE,,3 m East of,Minor Arterial,Toronto and East York,43.662532,-79.425884,At/Near Private Drive,No Control,Clear,Daylight,Dry,Non-Fatal Injury,Pedestrian Collisions,Driver,40 to 44,None,,East,Municipal Transit Bus (TTC),Turning Right,Driving Properly,Normal,,,,,,,Yes,,,,,Yes,,,,,,,,172,Dovercourt Village,93,Dovercourt-Wallace Emerson-Junction (93),D14,626917.5259,4835595.0134
16582,81511050,1417758,7/30/2020 8:00:00 AM,953,746 OSSINGTON AVE,,3 m East of,Minor Arterial,Toronto and East York,43.662532,-79.425884,At/Near Private Drive,No Control,Clear,Daylight,Dry,Non-Fatal Injury,Pedestrian Collisions,Pedestrian,70 to 74,Major,,East,,,,,Pedestrian involved in a collision with transit vehicle anywhere along roadway,"Crossing, no Traffic Control",Normal,,,,Yes,,,,,Yes,,,,,,,,172,Dovercourt Village,93,Dovercourt-Wallace Emerson-Junction (93),D14,626917.5259,4835595.0134
16583,81510807,1419288,7/30/2020 8:00:00 AM,1340,SPADINA AVE,COLLEGE ST,,Major Arterial,Scarborough,43.657874,-79.400012,At Intersection,Traffic Signal,Clear,Daylight,Dry,Non-Fatal Injury,Cyclist Collisions,Cyclist,20 to 24,Major,,North,Bicycle,Changing Lanes,,,,,,Cyclist and Driver travelling in same direction. One vehicle sideswipes the other.,Improper Lane Change,Inattentive,,Yes,Yes,,,,,,,,,,,78,Kensington-Chinatown,78,Kensington-Chinatown (78),D52,629013.5258,4835117.5838
16584,81510808,1419288,7/30/2020 8:00:00 AM,1340,SPADINA AVE,COLLEGE ST,,Major Arterial,Scarborough,43.657874,-79.400012,At Intersection,Traffic Signal,Clear,Daylight,Dry,Non-Fatal Injury,Cyclist Collisions,Driver,45 to 49,None,,North,Pick Up Truck,Going Ahead,Driving Properly,Normal,,,,,,,,Yes,Yes,,,,,,,,,,,78,Kensington-Chinatown,78,Kensington-Chinatown (78),D52,629013.5258,4835117.5838
16585,81516047,1421797,7/30/2020 8:00:00 AM,1950,ISLINGTON AVE,BLOOR ST W,,Major Arterial,Etobicoke York,43.644576,-79.523395,At Intersection,Traffic Signal,Clear,Daylight,Dry,Non-Fatal Injury,Turning Movement,Driver,45 to 49,None,,North,"Automobile, Station Wagon",Turning Left,Failed to Yield Right of Way,Inattentive,,,,,,,,,Yes,Yes,,,,,,Yes,,,,16,Stonegate-Queensway,16,Stonegate-Queensway (16),D22,619090.8449,4833456.2251
16586,81516048,1421797,7/30/2020 8:00:00 AM,1950,ISLINGTON AVE,BLOOR ST W,,Major Arterial,Etobicoke York,43.644576,-79.523395,At Intersection,Traffic Signal,Clear,Daylight,Dry,Non-Fatal Injury,Turning Movement,Motorcycle Driver,25 to 29,Major,,South,Motorcycle,Going Ahead,Driving Properly,Normal,,,,,,,,,Yes,Yes,,,,,,Yes,,,,16,Stonegate-Queensway,16,Stonegate-Queensway (16),D22,619090.8449,4833456.2251
16587,81511371,1468565,8/6/2020 8:00:00 AM,1557,941 PROGRESS AVE,,40 m East of,Minor Arterial,Scarborough,43.783114,-79.231799,Non Intersection,No Control,Clear,Daylight,Dry,Non-Fatal Injury,Pedestrian Collisions,Driver,35 to 39,None,,West,"Automobile, Station Wagon",Going Ahead,Driving Properly,Normal,,,,,,,Yes,,Yes,,,,,,,,,,,142,Woburn North,137,Woburn (137),D43,642280.6105,4849302.646
16588,81511372,1468565,8/6/2020 8:00:00 AM,1557,941 PROGRESS AVE,,40 m East of,Minor Arterial,Scarborough,43.783114,-79.231799,Non Intersection,No Control,Clear,Daylight,Dry,Non-Fatal Injury,Pedestrian Collisions,Pedestrian,50 to 54,Major,,South,,,,,Pedestrian hit at mid-block,"Crossing, no Traffic Control",Inattentive,,,,Yes,,Yes,,,,,,,,,,,142,Woburn North,137,Woburn (137),D43,642280.6105,4849302.646
16589,81510980,1472371,8/7/2020 8:00:00 AM,700,HORNER AVE,ALDERBRAE AVE,,Minor Arterial,Etobicoke York,43.602622,-79.540775,At Intersection,Stop Sign,Clear,Daylight,Dry,Non-Fatal Injury,Turning Movement,Driver,55 to 59,None,,South,"Automobile, Station Wagon",Turning Left,Failed to Yield Right of Way,Normal,,,,,,,,,Yes,Yes,,,,,,Yes,,,,20,Alderwood,20,Alderwood (20),D22,617770.9953,4828771.9289
16590,81510981,1472371,8/7/2020 8:00:00 AM,700,HORNER AVE,ALDERBRAE AVE,,Minor Arterial,Etobicoke York,43.602622,-79.540775,At Intersection,Stop Sign,Clear,Daylight,Dry,Non-Fatal Injury,Turning Movement,Motorcycle Driver,30 to 34,Major,,West,Motorcycle,Going Ahead,Driving Properly,Normal,,,,,,,,,Yes,Yes,,,,,,Yes,,,,20,Alderwood,20,Alderwood (20),D22,617770.9953,4828771.9289
16591,81511691,1487545,8/9/2020 8:00:00 AM,1106,YONGE  ST,ELM  ST,13 m South o,Major Arterial,Toronto and East York,43.657725,-79.381496,Intersection Related,No Control,Clear,Daylight,Dry,Non-Fatal Injury,Pedestrian Collisions,Driver,40 to 44,None,,South,Municipal Transit Bus (TTC),Going Ahead,Driving Properly,Normal,,,,,,,Yes,,,,,Yes,,,,,,,,168,Downtown Yonge East,75,Church-Yonge Corridor (75),D51,630506.8844,4835129.9924
16592,81511692,1487545,8/9/2020 8:00:00 AM,1106,YONGE  ST,ELM  ST,13 m South o,Major Arterial,Toronto and East York,43.657725,-79.381496,Intersection Related,No Control,Clear,Daylight,Dry,Non-Fatal Injury,Pedestrian Collisions,Pedestrian,30 to 34,Major,,Unknown,,,,,Pedestrian involved in a collision with transit vehicle anywhere along roadway,"Crossing, no Traffic Control",Inattentive,,,,Yes,,,,,Yes,,,,,,,,168,Downtown Yonge East,75,Church-Yonge Corridor (75),D51,630506.8844,4835129.9924
16593,81542095,1488478,8/9/2020 8:00:00 AM,1345,KINGSTON RD,BROOKLAWN AVE,,Major Arterial,Scarborough,43.721976,-79.235935,At Intersection,Traffic Signal,Clear,Daylight,Dry,Non-Fatal Injury,Rear End,Driver,35 to 39,None,,West,"Automobile, Station Wagon",Going Ahead,Speed too Fast For Condition,Inattentive,,,,,,,,,Yes,,,,,Yes,Yes,Yes,,,,123,Cliffcrest,123,Cliffcrest (123),D43,642092.4217,4842505.2335