OBJECTID,INDEX,ACCNUM,DATE,TIME,STREET1,STREET2,OFFSET,ROAD_CLASS,DISTRICT,LATITUDE,LONGITUDE,ACCLOC,TRAFFCTL,VISIBILITY,LIGHT,RDSFCOND,ACCLASS,IMPACTYPE,INVTYPE,INVAGE,INJURY,FATAL_NO,INITDIR,VEHTYPE,MANOEUVER,DRIVACT,DRIVCOND,PEDTYPE,PEDACT,PEDCOND,CYCLISTYPE,CYCACT,CYCCOND,PEDESTRIAN,CYCLIST,AUTOMOBILE,MOTORCYCLE,TRUCK,TRSN_CITY_VEH,EMERG_VEH,PASSENGER,SPEEDING,AG_DRIV,REDLIGHT,ALCOHOL,DISABILITY,HOOD_158,NEIGHBOURHOOD_158,HOOD_140,NEIGHBOURHOOD_140,DIVISION,x,y
16594,81542096,1488478,8/9/2020 8:00:00 AM,1345,KINGSTON RD,BROOKLAWN AVE,,Major Arterial,Scarborough,43.721976,-79.235935,At Intersection,Traffic Signal,Clear,Daylight,Dry,Non-Fatal Injury,Rear End,Driver,60 to 64,None,,West,"Automobile, Station Wagon",Stopped,Driving Properly,Normal,,,,,,,,,Yes,,,,,Yes,Yes,Yes,,,,123,Cliffcrest,123,Cliffcrest (123),D43,642092.4217,4842505.2335
16595,81542097,1488478,8/9/2020 8:00:00 AM,1345,KINGSTON RD,BROOKLAWN AVE,,Major Arterial,Scarborough,43.721976,-79.235935,At Intersection,Traffic Signal,Clear,Daylight,Dry,Non-Fatal Injury,Rear End,Passenger,55 to 59,Major,,,,,,,,,,,,,,,Yes,,,,,Yes,Yes,Yes,,,,123,Cliffcrest,123,Cliffcrest (123),D43,642092.4217,4842505.2335
16596,81511551,1491395,8/9/2020 8:00:00 AM,2239,GOLDSMITH AVE,CHRYSLER CRES,40 m East of,Local,Etobicoke York,43.743945,-79.305675,Non Intersection,No Control,Clear,Dark,Dry,Non-Fatal Injury,SMV Unattended Vehicle,Motorcycle Driver,40 to 44,Major,,East,Motorcycle,Going Ahead,Lost control,Unknown,,,,,,,,,,Yes,,,,,Yes,Yes,,,,119,Wexford/Maryvale,119,Wexford/Maryvale (119),D41,636425.0241,4844828.0031
16597,81510254,1492582,8/10/2020 8:00:00 AM,551,MARKHAM RD,FINCH  AVE E,,Major Arterial,Scarborough,43.812899,-79.243037,At Intersection,Traffic Signal,Clear,"Dark, artificial",Dry,Non-Fatal Injury,Pedestrian Collisions,Driver,25 to 29,None,,South,"Automobile, Station Wagon",Turning Left,Failed to Yield Right of Way,Normal,,,,,,,Yes,,Yes,,,,,Yes,,Yes,,,,145,Malvern West,132,Malvern (132),D42,641306.0874,4852591.4955
16598,81510255,1492582,8/10/2020 8:00:00 AM,551,MARKHAM RD,FINCH  AVE E,,Major Arterial,Scarborough,43.812899,-79.243037,At Intersection,Traffic Signal,Clear,"Dark, artificial",Dry,Non-Fatal Injury,Pedestrian Collisions,Passenger,20 to 24,None,,,,,,,,,,,,,Yes,,Yes,,,,,Yes,,Yes,,,,145,Malvern West,132,Malvern (132),D42,641306.0874,4852591.4955
16599,81510256,1492582,8/10/2020 8:00:00 AM,551,MARKHAM RD,FINCH  AVE E,,Major Arterial,Scarborough,43.812899,-79.243037,At Intersection,Traffic Signal,Clear,"Dark, artificial",Dry,Non-Fatal Injury,Pedestrian Collisions,Passenger,25 to 29,None,,,,,,,,,,,,,Yes,,Yes,,,,,Yes,,Yes,,,,145,Malvern West,132,Malvern (132),D42,641306.0874,4852591.4955
16600,81510257,1492582,8/10/2020 8:00:00 AM,551,MARKHAM RD,FINCH  AVE E,,Major Arterial,Scarborough,43.812899,-79.243037,At Intersection,Traffic Signal,Clear,"Dark, artificial",Dry,Non-Fatal Injury,Pedestrian Collisions,Pedestrian,50 to 54,Major,,South,,,,,Vehicle turns left while ped crosses with ROW at inter.,Crossing with right of way,Normal,,,,Yes,,Yes,,,,,Yes,,Yes,,,,145,Malvern West,132,Malvern (132),D42,641306.0874,4852591.4955
16601,81487299,1494344,8/10/2020 8:00:00 AM,1117,OAKWOOD AVE,JESMOND AVE,25 m South o,Minor Arterial,North York,43.689456,-79.439487,At Intersection,Traffic Signal,Clear,Daylight,Dry,Non-Fatal Injury,Cyclist Collisions,Cyclist,15 to 19,Major,,North,Bicycle,Making U Turn,,,,,,,Improper Turn,Normal,,Yes,Yes,,,,,,,,,,,107,Oakwood Village,107,Oakwood Village (107),D13,625764.4783,4838564.566
16602,81487300,1494344,8/10/2020 8:00:00 AM,1117,OAKWOOD AVE,JESMOND AVE,25 m South o,Minor Arterial,North York,43.689456,-79.439487,At Intersection,Traffic Signal,Clear,Daylight,Dry,Non-Fatal Injury,Cyclist Collisions,Driver,65 to 69,None,,North,"Automobile, Station Wagon",Going Ahead,Driving Properly,Normal,,,,,,,,Yes,Yes,,,,,,,,,,,107,Oakwood Village,107,Oakwood Village (107),D13,625764.4783,4838564.566
16603,81431842,1501323,8/11/2020 8:00:00 AM,1109,THE EAST MALL,MONTEBELLO GDNS,,Minor Arterial,Etobicoke York,43.647765,-79.559978,Non Intersection,Stop Sign,Clear,Daylight,Dry,Fatal,Pedestrian Collisions,Pedestrian,0 to 4,Fatal,18,East,,,,,Vehicle turns left while ped crosses without ROW at inter.,"Crossing, no Traffic Control",Unknown,,,,Yes,,Yes,,,,,,,,,,,158,Islington,14,Islington-City Centre West (14),D22,616134.1917,4833758.5615
16604,81431843,1501323,8/11/2020 8:00:00 AM,1109,THE EAST MALL,MONTEBELLO GDNS,,Minor Arterial,Etobicoke York,43.647765,-79.559978,Non Intersection,Stop Sign,Clear,Daylight,Dry,Fatal,Pedestrian Collisions,Pedestrian,35 to 39,Minor,,East,,,,,Vehicle turns left while ped crosses without ROW at inter.,"Crossing, no Traffic Control",Unknown,,,,Yes,,Yes,,,,,,,,,,,158,Islington,14,Islington-City Centre West (14),D22,616134.1917,4833758.5615
16605,81431844,1501323,8/11/2020 8:00:00 AM,1109,THE EAST MALL,MONTEBELLO GDNS,,Minor Arterial,Etobicoke York,43.647765,-79.559978,Non Intersection,Stop Sign,Clear,Daylight,Dry,Fatal,Pedestrian Collisions,Driver,80 to 84,None,,West,"Automobile, Station Wagon",Turning Left,Improper Turn,Normal,,,,,,,Yes,,Yes,,,,,,,,,,,158,Islington,14,Islington-City Centre West (14),D22,616134.1917,4833758.5615
16606,81431845,1501323,8/11/2020 8:00:00 AM,1109,THE EAST MALL,MONTEBELLO GDNS,,Minor Arterial,Etobicoke York,43.647765,-79.559978,Non Intersection,Stop Sign,Clear,Daylight,Dry,Fatal,Pedestrian Collisions,Pedestrian,5 to 9,Minor,,East,,,,,Vehicle turns left while ped crosses without ROW at inter.,"Crossing, no Traffic Control",Unknown,,,,Yes,,Yes,,,,,,,,,,,158,Islington,14,Islington-City Centre West (14),D22,616134.1917,4833758.5615
16607,81487304,1510299,8/12/2020 8:00:00 AM,1528,ST CLAIR AVE E,NORTH BONNINGTON AVE,,Major Arterial,Scarborough,43.715445,-79.265682,At Intersection,No Control,Clear,Daylight,Dry,Non-Fatal Injury,Rear End,Driver,unknown,None,,West,"Automobile, Station Wagon",Going Ahead,Speed too Fast For Condition,Other,,,,,,,,,Yes,,,,,Yes,Yes,Yes,,,,120,Clairlea-Birchmount,120,Clairlea-Birchmount (120),D41,639711.5018,4841729.2956
16608,81487305,1510299,8/12/2020 8:00:00 AM,1528,ST CLAIR AVE E,NORTH BONNINGTON AVE,,Major Arterial,Scarborough,43.715445,-79.265682,At Intersection,No Control,Clear,Daylight,Dry,Non-Fatal Injury,Rear End,Driver,50 to 54,Major,,West,"Automobile, Station Wagon",Stopped,Driving Properly,Normal,,,,,,,,,Yes,,,,,Yes,Yes,Yes,,,,120,Clairlea-Birchmount,120,Clairlea-Birchmount (120),D41,639711.5018,4841729.2956
16609,81487306,1510299,8/12/2020 8:00:00 AM,1528,ST CLAIR AVE E,NORTH BONNINGTON AVE,,Major Arterial,Scarborough,43.715445,-79.265682,At Intersection,No Control,Clear,Daylight,Dry,Non-Fatal Injury,Rear End,Driver,25 to 29,None,,West,"Automobile, Station Wagon",Stopped,Driving Properly,Normal,,,,,,,,,Yes,,,,,Yes,Yes,Yes,,,,120,Clairlea-Birchmount,120,Clairlea-Birchmount (120),D41,639711.5018,4841729.2956
16610,81487307,1510299,8/12/2020 8:00:00 AM,1528,ST CLAIR AVE E,NORTH BONNINGTON AVE,,Major Arterial,Scarborough,43.715445,-79.265682,At Intersection,No Control,Clear,Daylight,Dry,Non-Fatal Injury,Rear End,Passenger,85 to 89,Minimal,,,,,,,,,,,,,,,Yes,,,,,Yes,Yes,Yes,,,,120,Clairlea-Birchmount,120,Clairlea-Birchmount (120),D41,639711.5018,4841729.2956
16611,81487308,1510299,8/12/2020 8:00:00 AM,1528,ST CLAIR AVE E,NORTH BONNINGTON AVE,,Major Arterial,Scarborough,43.715445,-79.265682,At Intersection,No Control,Clear,Daylight,Dry,Non-Fatal Injury,Rear End,Passenger,65 to 69,None,,,,,,,,,,,,,,,Yes,,,,,Yes,Yes,Yes,,,,120,Clairlea-Birchmount,120,Clairlea-Birchmount (120),D41,639711.5018,4841729.2956
16612,81487309,1510299,8/12/2020 8:00:00 AM,1528,ST CLAIR AVE E,NORTH BONNINGTON AVE,,Major Arterial,Scarborough,43.715445,-79.265682,At Intersection,No Control,Clear,Daylight,Dry,Non-Fatal Injury,Rear End,Passenger,70 to 74,None,,,,,,,,,,,,,,,Yes,,,,,Yes,Yes,Yes,,,,120,Clairlea-Birchmount,120,Clairlea-Birchmount (120),D41,639711.5018,4841729.2956
16613,81431952,1521326,8/14/2020 8:00:00 AM,445,LAKE SHORE BLVD E,CHERRY ST,,Major Arterial,Toronto and East York,43.648921,-79.355998,Intersection Related,Traffic Signal,Clear,"Dawn, artificial",Dry,Fatal,Pedestrian Collisions,Pedestrian,60 to 64,Fatal,20,North,,,,,Vehicle is going straight thru inter.while ped cross without ROW,Crossing without right of way,Other,,,,Yes,,,,,,,,,,,,,166,St Lawrence-East Bayfront-The Islands,77,Waterfront Communities-The Island (77),D51,632582.2917,4834192.6135
16614,81431953,1521326,8/14/2020 8:00:00 AM,445,LAKE SHORE BLVD E,CHERRY ST,,Major Arterial,Toronto and East York,43.648921,-79.355998,Intersection Related,Traffic Signal,Clear,"Dawn, artificial",Dry,Fatal,Pedestrian Collisions,Driver,unknown,None,,East,Other,Going Ahead,Other,Unknown,,,,,,,Yes,,,,,,,,,,,,,166,St Lawrence-East Bayfront-The Islands,77,Waterfront Communities-The Island (77),D51,632582.2917,4834192.6135
16615,81431949,1522941,8/14/2020 8:00:00 AM,1105,CALEDONIA RD,GLENGROVE AVE,,Minor Arterial,North York,43.706359,-79.465266,At Intersection,No Control,Clear,Daylight,Dry,Fatal,Pedestrian Collisions,Pedestrian,0 to 4,Fatal,19,West,,,,,Vehicle is going straight thru inter.while ped cross without ROW,"Crossing, no Traffic Control",Unknown,,,,Yes,,Yes,,,,,,,,,,,31,Yorkdale-Glen Park,31,Yorkdale-Glen Park (31),D13,623652.1361,4840403.1037
16616,81431950,1522941,8/14/2020 8:00:00 AM,1105,CALEDONIA RD,GLENGROVE AVE,,Minor Arterial,North York,43.706359,-79.465266,At Intersection,No Control,Clear,Daylight,Dry,Fatal,Pedestrian Collisions,Driver,45 to 49,None,,North,"Automobile, Station Wagon",Going Ahead,Driving Properly,Normal,,,,,,,Yes,,Yes,,,,,,,,,,,31,Yorkdale-Glen Park,31,Yorkdale-Glen Park (31),D13,623652.1361,4840403.1037
16617,81431951,1522941,8/14/2020 8:00:00 AM,1105,CALEDONIA RD,GLENGROVE AVE,,Minor Arterial,North York,43.706359,-79.465266,At Intersection,No Control,Clear,Daylight,Dry,Fatal,Pedestrian Collisions,Pedestrian,20 to 24,Minor,,West,,,,,Vehicle is going straight thru inter.while ped cross without ROW,"Crossing, no Traffic Control",Inattentive,,,,Yes,,Yes,,,,,,,,,,,31,Yorkdale-Glen Park,31,Yorkdale-Glen Park (31),D13,623652.1361,4840403.1037
16618,81509486,1533233,8/15/2020 8:00:00 AM,1835,THE WESTWAY,SANDWELL DR,21 m West of,Minor Arterial,Etobicoke York,43.683776,-79.564822,Intersection Related,No Control,Clear,Daylight,Dry,Non-Fatal Injury,Turning Movement,Driver,65 to 69,None,,North,Pick Up Truck,Turning Right,Improper Turn,Inattentive,,,,,,,,,Yes,Yes,,,,,,Yes,,,,7,Willowridge-Martingrove-Richview,7,Willowridge-Martingrove-Richview (7),D23,615674.3474,4837751.282
16619,81509487,1533233,8/15/2020 8:00:00 AM,1835,THE WESTWAY,SANDWELL DR,21 m West of,Minor Arterial,Etobicoke York,43.683776,-79.564822,Intersection Related,No Control,Clear,Daylight,Dry,Non-Fatal Injury,Turning Movement,Motorcycle Driver,25 to 29,Major,,East,Motorcycle,Going Ahead,Driving Properly,Normal,,,,,,,,,Yes,Yes,,,,,,Yes,,,,7,Willowridge-Martingrove-Richview,7,Willowridge-Martingrove-Richview (7),D23,615674.3474,4837751.282
16620,81508256,1535541,8/16/2020 8:00:00 AM,145,YONGE ST,GERRARD ST E,25 m East of,Major Arterial,Toronto and East York,43.659022,-79.382076,Intersection Related,No Control,Clear,"Dark, artificial",Dry,Non-Fatal Injury,SMV Other,Motorcycle Driver,30 to 34,Major,,North,Motorcycle,Unknown,Lost control,Normal,,,,,,,,,,Yes,,,,Yes,,,,,,168,Downtown Yonge East,75,Church-Yonge Corridor (75),D51,630457.3072,4835273.1294
16621,81508257,1535541,8/16/2020 8:00:00 AM,145,YONGE ST,GERRARD ST E,25 m East of,Major Arterial,Toronto and East York,43.659022,-79.382076,Intersection Related,No Control,Clear,"Dark, artificial",Dry,Non-Fatal Injury,SMV Other,Motorcycle Passenger,30 to 34,Major,,,,,,,,,,,,,,,,Yes,,,,Yes,,,,,,168,Downtown Yonge East,75,Church-Yonge Corridor (75),D51,630457.3072,4835273.1294
16622,81508025,1548237,8/17/2020 8:00:00 AM,2335,455 FINCHDENE SQ,,16 m West of,Local,Scarborough,43.816489,-79.236324,Non Intersection,No Control,Clear,Dark,Dry,Non-Fatal Injury,SMV Other,Motorcycle Driver,35 to 39,Major,,South,Motorcycle,Going Ahead,Lost control,Unknown,,,,,,,,,,Yes,,,,,,,,,,144,Morningside Heights,131,Rouge (131),D42,641837.4955,4853001.7114
16623,81505416,1551312,8/18/2020 8:00:00 AM,1235,HILDA AVE,MOORE PARK AVE,,Collector,North York,43.792048,-79.42683,At Intersection,Stop Sign,Clear,Daylight,Dry,Non-Fatal Injury,Cyclist Collisions,Cyclist,10 to 14,Major,,East,Bicycle,Going Ahead,,,,,,"Cyclist without ROW rides into path of motorist at inter, lnwy, dwy-Cyclist not turn.",Disobeyed Traffic Control,Inattentive,,Yes,Yes,,,,,,,,,,,36,Newtonbrook West,36,Newtonbrook West (36),D32,626568.1769,4849978.1816
16624,81505417,1551312,8/18/2020 8:00:00 AM,1235,HILDA AVE,MOORE PARK AVE,,Collector,North York,43.792048,-79.42683,At Intersection,Stop Sign,Clear,Daylight,Dry,Non-Fatal Injury,Cyclist Collisions,Driver,80 to 84,None,,South,"Automobile, Station Wagon",Going Ahead,Driving Properly,Normal,,,,,,,,Yes,Yes,,,,,,,,,,,36,Newtonbrook West,36,Newtonbrook West (36),D32,626568.1769,4849978.1816
16625,81509003,1554066,8/18/2020 8:00:00 AM,1925,KENNEDY RD,FLORA DR,50 m South o,Major Arterial,Scarborough,43.747805,-79.274371,At/Near Private Drive,No Control,Clear,Daylight,Dry,Non-Fatal Injury,Turning Movement,Driver,60 to 64,None,,East,"Automobile, Station Wagon",Turning Right,Failed to Yield Right of Way,Inattentive,,,,,,,,,Yes,Yes,,Yes,,,,Yes,,,,126,Dorset Park,126,Dorset Park (126),D41,638936.6827,4845308.7441
16626,81509004,1554066,8/18/2020 8:00:00 AM,1925,KENNEDY RD,FLORA DR,50 m South o,Major Arterial,Scarborough,43.747805,-79.274371,At/Near Private Drive,No Control,Clear,Daylight,Dry,Non-Fatal Injury,Turning Movement,Motorcycle Driver,55 to 59,Major,,South,Motorcycle,Going Ahead,Driving Properly,Normal,,,,,,,,,Yes,Yes,,Yes,,,,Yes,,,,126,Dorset Park,126,Dorset Park (126),D41,638936.6827,4845308.7441
16627,81509005,1554066,8/18/2020 8:00:00 AM,1925,KENNEDY RD,FLORA DR,50 m South o,Major Arterial,Scarborough,43.747805,-79.274371,At/Near Private Drive,No Control,Clear,Daylight,Dry,Non-Fatal Injury,Turning Movement,Driver,35 to 39,None,,North,Municipal Transit Bus (TTC),Going Ahead,Driving Properly,Normal,,,,,,,,,Yes,Yes,,Yes,,,,Yes,,,,126,Dorset Park,126,Dorset Park (126),D41,638936.6827,4845308.7441
16628,81504838,1558610,8/19/2020 8:00:00 AM,1244,JARVIS ST,SHUTER ST,,Major Arterial,Toronto and East York,43.655287,-79.373874,At Intersection,Traffic Signal,Clear,Daylight,Dry,Non-Fatal Injury,Turning Movement,Motorcycle Driver,30 to 34,Major,,South,Motorcycle,Going Ahead,Exceeding Speed Limit,Inattentive,,,,,,,,,,Yes,Yes,,,,Yes,Yes,,,,73,Moss Park,73,Moss Park (73),D51,631126.7919,4834871.2371
16629,81504839,1558610,8/19/2020 8:00:00 AM,1244,JARVIS ST,SHUTER ST,,Major Arterial,Toronto and East York,43.655287,-79.373874,At Intersection,Traffic Signal,Clear,Daylight,Dry,Non-Fatal Injury,Turning Movement,Truck Driver,60 to 64,None,,North,"Truck - Closed (Blazer, etc)",Turning Left,Driving Properly,Normal,,,,,,,,,,Yes,Yes,,,,Yes,Yes,,,,73,Moss Park,73,Moss Park (73),D51,631126.7919,4834871.2371
16630,81542436,1559839,8/19/2020 8:00:00 AM,1537,WARDEN AVE,ST CLAIR AVE E,15 m East of,Major Arterial,Scarborough,43.711974,-79.280963,At Intersection,Traffic Signal,Clear,Daylight,Dry,Non-Fatal Injury,SMV Other,Driver,40 to 44,Major,,West,"Automobile, Station Wagon",Going Ahead,Lost control,Inattentive,,,,,,,,,Yes,,,,,,,,,,,120,Clairlea-Birchmount,120,Clairlea-Birchmount (120),D41,638488.4907,4841318.1454
16631,81507555,1566873,8/20/2020 8:00:00 AM,1535,SHEPPARD AVE W,KEELE ST,,Major Arterial,North York,43.744704,-79.486408,At Intersection,Traffic Signal,Clear,Daylight,Dry,Non-Fatal Injury,Pedestrian Collisions,Driver,40 to 44,Minor,,East,"Automobile, Station Wagon",Turning Right,Disobeyed Traffic Control,Normal,,,,,,,Yes,,Yes,,,,,Yes,Yes,Yes,Yes,,,155,Downsview,26,Downsview-Roding-CFB (26),D31,621870.9481,4844630.5435
16632,81507556,1566873,8/20/2020 8:00:00 AM,1535,SHEPPARD AVE W,KEELE ST,,Major Arterial,North York,43.744704,-79.486408,At Intersection,Traffic Signal,Clear,Daylight,Dry,Non-Fatal Injury,Pedestrian Collisions,Driver,45 to 49,Minimal,,South,Delivery Van,Going Ahead,Driving Properly,Normal,,,,,,,Yes,,Yes,,,,,Yes,Yes,Yes,Yes,,,155,Downsview,26,Downsview-Roding-CFB (26),D31,621870.9481,4844630.5435
16633,81507557,1566873,8/20/2020 8:00:00 AM,1535,SHEPPARD AVE W,KEELE ST,,Major Arterial,North York,43.744704,-79.486408,At Intersection,Traffic Signal,Clear,Daylight,Dry,Non-Fatal Injury,Pedestrian Collisions,Driver,50 to 54,Minor,,South,Delivery Van,Going Ahead,Driving Properly,Unknown,,,,,,,Yes,,Yes,,,,,Yes,Yes,Yes,Yes,,,155,Downsview,26,Downsview-Roding-CFB (26),D31,621870.9481,4844630.5435
16634,81507558,1566873,8/20/2020 8:00:00 AM,1535,SHEPPARD AVE W,KEELE ST,,Major Arterial,North York,43.744704,-79.486408,At Intersection,Traffic Signal,Clear,Daylight,Dry,Non-Fatal Injury,Pedestrian Collisions,Passenger,45 to 49,Minimal,,,,,,,,,,,,,Yes,,Yes,,,,,Yes,Yes,Yes,Yes,,,155,Downsview,26,Downsview-Roding-CFB (26),D31,621870.9481,4844630.5435
16635,81507559,1566873,8/20/2020 8:00:00 AM,1535,SHEPPARD AVE W,KEELE ST,,Major Arterial,North York,43.744704,-79.486408,At Intersection,Traffic Signal,Clear,Daylight,Dry,Non-Fatal Injury,Pedestrian Collisions,Passenger,20 to 24,Major,,,,,,,,,,,,,Yes,,Yes,,,,,Yes,Yes,Yes,Yes,,,155,Downsview,26,Downsview-Roding-CFB (26),D31,621870.9481,4844630.5435
16636,81507560,1566873,8/20/2020 8:00:00 AM,1535,SHEPPARD AVE W,KEELE ST,,Major Arterial,North York,43.744704,-79.486408,At Intersection,Traffic Signal,Clear,Daylight,Dry,Non-Fatal Injury,Pedestrian Collisions,Pedestrian,20 to 24,Minor,,Unknown,,,,,Pedestrian hit on sidewalk or shoulder,On Sidewalk or Shoulder,Normal,,,,Yes,,Yes,,,,,Yes,Yes,Yes,Yes,,,155,Downsview,26,Downsview-Roding-CFB (26),D31,621870.9481,4844630.5435
16637,81508557,1567749,8/20/2020 8:00:00 AM,1743,1602 BATHURST ST,,50 m South o,Major Arterial,North York,43.688666,-79.420535,Non Intersection,No Control,Clear,Daylight,Dry,Non-Fatal Injury,Pedestrian Collisions,Driver,20 to 24,None,,North,"Automobile, Station Wagon",Going Ahead,Driving Properly,Normal,,,,,,,Yes,,Yes,,,,,,,,,,,101,Forest Hill South,101,Forest Hill South (101),D13,627293.5388,4838505.7426
16638,81508558,1567749,8/20/2020 8:00:00 AM,1743,1602 BATHURST ST,,50 m South o,Major Arterial,North York,43.688666,-79.420535,Non Intersection,No Control,Clear,Daylight,Dry,Non-Fatal Injury,Pedestrian Collisions,Pedestrian,30 to 34,Major,,West,,,,,Pedestrian hit at mid-block,"Crossing, no Traffic Control",Normal,,,,Yes,,Yes,,,,,,,,,,,101,Forest Hill South,101,Forest Hill South (101),D13,627293.5388,4838505.7426
16639,81542565,1573372,8/21/2020 8:00:00 AM,1417,JARVIS ST,DUNDAS ST E,50 m North o,Major Arterial,Toronto and East York,43.657691,-79.374805,Non Intersection,No Control,Clear,Daylight,Dry,Non-Fatal Injury,Angle,Driver,25 to 29,None,,West,"Automobile, Station Wagon",Merging,Failed to Yield Right of Way,Normal,,,,,,,,,Yes,Yes,,,,,,Yes,,,,73,Moss Park,73,Moss Park (73),D51,631046.488,4835136.7623
16640,81542566,1573372,8/21/2020 8:00:00 AM,1417,JARVIS ST,DUNDAS ST E,50 m North o,Major Arterial,Toronto and East York,43.657691,-79.374805,Non Intersection,No Control,Clear,Daylight,Dry,Non-Fatal Injury,Angle,Motorcycle Driver,60 to 64,Major,,North,Motorcycle,Going Ahead,Driving Properly,Normal,,,,,,,,,Yes,Yes,,,,,,Yes,,,,73,Moss Park,73,Moss Park (73),D51,631046.488,4835136.7623
16641,81504033,1584883,8/23/2020 8:00:00 AM,421,ST CLAIR AVE E,KENNEDY RD,,Major Arterial,Scarborough,43.716452,-79.261302,At Intersection,Traffic Signal,Clear,"Dark, artificial",Dry,Non-Fatal Injury,Cyclist Collisions,Driver,unknown,None,,West,,Going Ahead,Other,Unknown,,,,,,,,Yes,,,,,,,,,,,,120,Clairlea-Birchmount,120,Clairlea-Birchmount (120),D41,640061.9996,4841848.5303
16642,81504034,1584883,8/23/2020 8:00:00 AM,421,ST CLAIR AVE E,KENNEDY RD,,Major Arterial,Scarborough,43.716452,-79.261302,At Intersection,Traffic Signal,Clear,"Dark, artificial",Dry,Non-Fatal Injury,Cyclist Collisions,Cyclist,40 to 44,Major,,North,Bicycle,Going Ahead,,,,,,"Motorist without ROW drives into path of cyclist at inter, lnwy, dwy-Driver not turn.",Driving Properly,Normal,,Yes,,,,,,,,,,,,120,Clairlea-Birchmount,120,Clairlea-Birchmount (120),D41,640061.9996,4841848.5303
16643,81508594,1600299,8/25/2020 8:00:00 AM,1011,ROYAL YORK RD,SIMPSON AVE,,Minor Arterial,Etobicoke York,43.618308,-79.499255,At Intersection,No Control,Clear,Daylight,Dry,Non-Fatal Injury,Cyclist Collisions,Driver,30 to 34,None,,South,"Automobile, Station Wagon",Stopped,Driving Properly,Normal,,,,,,,,Yes,Yes,,,,,,,,,,,160,Mimico-Queensway,17,Mimico (includes Humber Bay Shores) (17),D22,621090.5356,4830573.7577
16644,81508595,1600299,8/25/2020 8:00:00 AM,1011,ROYAL YORK RD,SIMPSON AVE,,Minor Arterial,Etobicoke York,43.618308,-79.499255,At Intersection,No Control,Clear,Daylight,Dry,Non-Fatal Injury,Cyclist Collisions,Cyclist,50 to 54,Major,,South,Bicycle,Going Ahead,,,,,,Cyclist and Driver travelling in same direction. One vehicle rear-ended the other.,Driving Properly,Had Been Drinking,,Yes,Yes,,,,,,,,,,,160,Mimico-Queensway,17,Mimico (includes Humber Bay Shores) (17),D22,621090.5356,4830573.7577
16645,81508484,1603307,8/25/2020 8:00:00 AM,1736,HOWARD ST,EDGEDALE RD,,Local,Toronto and East York,43.671263,-79.373225,At Intersection,Stop Sign,Clear,Daylight,Dry,Non-Fatal Injury,Cyclist Collisions,Cyclist,30 to 34,Major,,East,Bicycle,Going Ahead,,,,,,"Cyclist without ROW rides into path of motorist at inter, lnwy, dwy-Cyclist not turn.",Wrong Way on One Way Road,Normal,,Yes,Yes,,,,,,,,,,,74,North St.James Town,74,North St.James Town (74),D51,631144.3347,4836646.6113
16646,81508485,1603307,8/25/2020 8:00:00 AM,1736,HOWARD ST,EDGEDALE RD,,Local,Toronto and East York,43.671263,-79.373225,At Intersection,Stop Sign,Clear,Daylight,Dry,Non-Fatal Injury,Cyclist Collisions,Driver,25 to 29,None,,North,"Automobile, Station Wagon",Turning Left,Driving Properly,Normal,,,,,,,,Yes,Yes,,,,,,,,,,,74,North St.James Town,74,North St.James Town (74),D51,631144.3347,4836646.6113
16647,81509540,1604895,8/25/2020 8:00:00 AM,2148,F G GARDINER XY  E,LAKE SHORE BLVD E,65 m West of,Expressway,Toronto and East York,43.653227,-79.341464,Non Intersection,No Control,Clear,"Dark, artificial",Dry,Non-Fatal Injury,Rear End,Motorcycle Driver,40 to 44,Major,,East,Motorcycle,Going Ahead,Speed too Fast For Condition,Inattentive,,,,,,,,,Yes,Yes,,,,,Yes,Yes,,,,70,South Riverdale,70,South Riverdale (70),D55,633744.8565,4834694.1749
16648,81509541,1604895,8/25/2020 8:00:00 AM,2148,F G GARDINER XY  E,LAKE SHORE BLVD E,65 m West of,Expressway,Toronto and East York,43.653227,-79.341464,Non Intersection,No Control,Clear,"Dark, artificial",Dry,Non-Fatal Injury,Rear End,Driver,30 to 34,None,,East,"Automobile, Station Wagon",Stopped,Driving Properly,Normal,,,,,,,,,Yes,Yes,,,,,Yes,Yes,,,,70,South Riverdale,70,South Riverdale (70),D55,633744.8565,4834694.1749
16649,81506508,1630486,8/29/2020 8:00:00 AM,1419,YONGE ST,FLORENCE AVE,,Major Arterial,North York,43.758155,-79.410083,At Intersection,Traffic Signal,Clear,Daylight,Dry,Non-Fatal Injury,Turning Movement,Driver,75 to 79,None,,North,"Automobile, Station Wagon",Turning Left,Failed to Yield Right of Way,Normal,,,,,,,,,Yes,Yes,,,,,,Yes,,,,153,Avondale,51,Willowdale East (51),D32,627987.8411,4846239.5907
16650,81506509,1630486,8/29/2020 8:00:00 AM,1419,YONGE ST,FLORENCE AVE,,Major Arterial,North York,43.758155,-79.410083,At Intersection,Traffic Signal,Clear,Daylight,Dry,Non-Fatal Injury,Turning Movement,Motorcycle Driver,25 to 29,Major,,South,Motorcycle,Going Ahead,Driving Properly,Normal,,,,,,,,,Yes,Yes,,,,,,Yes,,,,153,Avondale,51,Willowdale East (51),D32,627987.8411,4846239.5907