OBJECTID,INDEX,ACCNUM,DATE,TIME,STREET1,STREET2,OFFSET,ROAD_CLASS,DISTRICT,LATITUDE,LONGITUDE,ACCLOC,TRAFFCTL,VISIBILITY,LIGHT,RDSFCOND,ACCLASS,IMPACTYPE,INVTYPE,INVAGE,INJURY,FATAL_NO,INITDIR,VEHTYPE,MANOEUVER,DRIVACT,DRIVCOND,PEDTYPE,PEDACT,PEDCOND,CYCLISTYPE,CYCACT,CYCCOND,PEDESTRIAN,CYCLIST,AUTOMOBILE,MOTORCYCLE,TRUCK,TRSN_CITY_VEH,EMERG_VEH,PASSENGER,SPEEDING,AG_DRIV,REDLIGHT,ALCOHOL,DISABILITY,HOOD_158,NEIGHBOURHOOD_158,HOOD_140,NEIGHBOURHOOD_140,DIVISION,x,y
16651,81577636,1636966,8/30/2020 8:00:00 AM,1340,BRIMLEY RD,BARKDENE HILLS,50 m South o,Collector,Etobicoke York,43.714793,-79.238925,Non Intersection,No Control,Clear,Daylight,Dry,Non-Fatal Injury,Cyclist Collisions,Driver,unknown,None,,North,"Automobile, Station Wagon",Going Ahead,Improper Passing,Unknown,,,,,,,,Yes,Yes,,,,,,,Yes,,,,123,Cliffcrest,123,Cliffcrest (123),D41,641868.5314,4841702.3333
16652,81577637,1636966,8/30/2020 8:00:00 AM,1340,BRIMLEY RD,BARKDENE HILLS,50 m South o,Collector,Etobicoke York,43.714793,-79.238925,Non Intersection,No Control,Clear,Daylight,Dry,Non-Fatal Injury,Cyclist Collisions,Cyclist,25 to 29,Major,,North,Bicycle,Going Ahead,,,,,,Cyclist and Driver travelling in same direction. One vehicle rear-ended the other.,Driving Properly,Normal,,Yes,Yes,,,,,,,Yes,,,,123,Cliffcrest,123,Cliffcrest (123),D41,641868.5314,4841702.3333
16653,81505452,1650701,9/1/2020 8:00:00 AM,1205,EGLINTON AVE E,BELLAMY RD N,,Major Arterial,Scarborough,43.740187,-79.232021,At Intersection,Traffic Signal,Clear,Daylight,Dry,Non-Fatal Injury,Turning Movement,Driver,65 to 69,None,,East,"Automobile, Station Wagon",Turning Left,Failed to Yield Right of Way,Inattentive,,,,,,,,,Yes,,,,,Yes,,Yes,,,,138,Eglinton East,138,Eglinton East (138),D43,642364.5344,4844534.5559
16654,81505453,1650701,9/1/2020 8:00:00 AM,1205,EGLINTON AVE E,BELLAMY RD N,,Major Arterial,Scarborough,43.740187,-79.232021,At Intersection,Traffic Signal,Clear,Daylight,Dry,Non-Fatal Injury,Turning Movement,Driver,30 to 34,Minor,,West,"Automobile, Station Wagon",Going Ahead,Driving Properly,Normal,,,,,,,,,Yes,,,,,Yes,,Yes,,,,138,Eglinton East,138,Eglinton East (138),D43,642364.5344,4844534.5559
16655,81505454,1650701,9/1/2020 8:00:00 AM,1205,EGLINTON AVE E,BELLAMY RD N,,Major Arterial,Scarborough,43.740187,-79.232021,At Intersection,Traffic Signal,Clear,Daylight,Dry,Non-Fatal Injury,Turning Movement,Passenger,10 to 14,Major,,,,,,,,,,,,,,,Yes,,,,,Yes,,Yes,,,,138,Eglinton East,138,Eglinton East (138),D43,642364.5344,4844534.5559
16656,81509748,1650875,9/1/2020 8:00:00 AM,1238,BLOOR ST W,GLADSTONE AVE,9 m South of,Major Arterial,Toronto and East York,43.660174,-79.433826,At Intersection,No Control,Clear,Daylight,Dry,Non-Fatal Injury,Cyclist Collisions,Driver,50 to 54,None,,East,"Automobile, Station Wagon",Slowing or Stopping,Improper Lane Change,Normal,,,,,,,,Yes,Yes,,,,,,,,,,,83,Dufferin Grove,83,Dufferin Grove (83),D14,626282.1171,4835321.0079
16657,81509749,1650875,9/1/2020 8:00:00 AM,1238,BLOOR ST W,GLADSTONE AVE,9 m South of,Major Arterial,Toronto and East York,43.660174,-79.433826,At Intersection,No Control,Clear,Daylight,Dry,Non-Fatal Injury,Cyclist Collisions,Cyclist,50 to 54,Major,,East,Bicycle,Going Ahead,,,,,,Cyclist and Driver travelling in same direction. One vehicle sideswipes the other.,Driving Properly,Normal,,Yes,Yes,,,,,,,,,,,83,Dufferin Grove,83,Dufferin Grove (83),D14,626282.1171,4835321.0079
16658,81509515,1655498,9/2/2020 8:00:00 AM,230,67 POTTERY RD,,339 m West o,Minor Arterial,Toronto and East York,43.68669,-79.360172,Non Intersection,No Control,Rain,"Dark, artificial",Wet,Non-Fatal Injury,SMV Other,Driver,40 to 44,Major,,West,"Automobile, Station Wagon",Going Ahead,Lost control,Normal,,,,,,,,,Yes,,,,,,,,,,,57,Broadview North,57,Broadview North (57),D55,632162.7532,4838380.7101
16659,81504192,1656894,9/2/2020 8:00:00 AM,937,BATHURST ST,WOLSELEY ST,8 m East of,Major Arterial,Toronto and East York,43.647952,-79.404285,At Intersection,No Control,Clear,Daylight,Dry,Non-Fatal Injury,Other,Driver,45 to 49,None,,South,Municipal Transit Bus (TTC),Slowing or Stopping,Driving Properly,Normal,,,,,,,,,,,,Yes,,Yes,,,,,,78,Kensington-Chinatown,78,Kensington-Chinatown (78),D14,628690.1636,4834008.9806
16660,81504193,1656894,9/2/2020 8:00:00 AM,937,BATHURST ST,WOLSELEY ST,8 m East of,Major Arterial,Toronto and East York,43.647952,-79.404285,At Intersection,No Control,Clear,Daylight,Dry,Non-Fatal Injury,Other,Passenger,35 to 39,Major,,,,,,,,,,,,,,,,,,Yes,,Yes,,,,,,78,Kensington-Chinatown,78,Kensington-Chinatown (78),D14,628690.1636,4834008.9806
16661,81431977,1670162,9/4/2020 8:00:00 AM,431,DUNDAS ST W,NOTTINGHAM DR,,Major Arterial,Etobicoke York,43.655867,-79.522228,Non Intersection,No Control,Clear,"Dark, artificial",Dry,Fatal,SMV Other,Motorcycle Driver,30 to 34,Fatal,21,West,Motorcycle,Going Ahead,Lost control,Unknown,,,,,,,,,,Yes,,,,,,,,,,15,Kingsway South,15,Kingsway South (15),D22,619162.6362,4834711.9098
16662,81431978,1670162,9/4/2020 8:00:00 AM,431,DUNDAS ST W,NOTTINGHAM DR,,Major Arterial,Etobicoke York,43.655867,-79.522228,Non Intersection,No Control,Clear,"Dark, artificial",Dry,Fatal,SMV Other,,unknown,,,,,,,,,,,,,,,,,Yes,,,,,,,,,,15,Kingsway South,15,Kingsway South (15),D22,619162.6362,4834711.9098
16663,81431999,1670339,9/4/2020 8:00:00 AM,551,FINCH AVE W,400 N FINCH E RAMP,,Major Arterial,Etobicoke York,43.755072,-79.527622,Non Intersection,No Control,Clear,"Dark, artificial",Dry,Fatal,Cyclist Collisions,,unknown,,,,"Automobile, Station Wagon",,,,,,,,,,,Yes,Yes,,,,,,,Yes,,,,25,Glenfield-Jane Heights,25,Glenfield-Jane Heights (25),D31,618531.9988,4845722.2571
16664,81432000,1670339,9/4/2020 8:00:00 AM,551,FINCH AVE W,400 N FINCH E RAMP,,Major Arterial,Etobicoke York,43.755072,-79.527622,Non Intersection,No Control,Clear,"Dark, artificial",Dry,Fatal,Cyclist Collisions,Cyclist,50 to 54,Fatal,22,West,Bicycle,Going Ahead,,,,,,Cyclist and Driver travelling in same direction. One vehicle rear-ended the other.,Driving Properly,Normal,,Yes,Yes,,,,,,,Yes,,,,25,Glenfield-Jane Heights,25,Glenfield-Jane Heights (25),D31,618531.9988,4845722.2571
16665,81432001,1670339,9/4/2020 8:00:00 AM,551,FINCH AVE W,400 N FINCH E RAMP,,Major Arterial,Etobicoke York,43.755072,-79.527622,Non Intersection,No Control,Clear,"Dark, artificial",Dry,Fatal,Cyclist Collisions,Driver,60 to 64,None,,West,"Automobile, Station Wagon",Going Ahead,Following too Close,Unknown,,,,,,,,Yes,Yes,,,,,,,Yes,,,,25,Glenfield-Jane Heights,25,Glenfield-Jane Heights (25),D31,618531.9988,4845722.2571
16666,81432060,1673785,9/4/2020 8:00:00 AM,1543,BIRCHMOUNT RD,CASS AVE,,Major Arterial,Scarborough,43.77888,-79.297031,At Intersection,No Control,Clear,Daylight,Dry,Fatal,Turning Movement,Driver,25 to 29,Minor,,North,"Automobile, Station Wagon",Turning Left,Failed to Yield Right of Way,Inattentive,,,,,,,,,Yes,Yes,,,,,Yes,Yes,,,,118,Tam O'Shanter-Sullivan,118,Tam O'Shanter-Sullivan (118),D42,637041.2476,4848722.3418
16667,81432063,1673785,9/4/2020 8:00:00 AM,1543,BIRCHMOUNT RD,CASS AVE,,Major Arterial,Scarborough,43.77888,-79.297031,At Intersection,No Control,Clear,Daylight,Dry,Fatal,Turning Movement,Motorcycle Driver,30 to 34,Fatal,23,South,Motorcycle,Going Ahead,Exceeding Speed Limit,Normal,,,,,,,,,Yes,Yes,,,,,Yes,Yes,,,,118,Tam O'Shanter-Sullivan,118,Tam O'Shanter-Sullivan (118),D42,637041.2476,4848722.3418
16668,81513614,1675722,9/4/2020 8:00:00 AM,2030,WILSON  AVE,AVENUE  RD,,Major Arterial,North York,43.739798,-79.421603,Intersection Related,Traffic Signal,Clear,Daylight,Dry,Non-Fatal Injury,Pedestrian Collisions,Driver,20 to 24,None,,West,"Automobile, Station Wagon",Going Ahead,Other,Unknown,,,,,,,Yes,,Yes,,Yes,,,,,,,,,39,Bedford Park-Nortown,39,Bedford Park-Nortown (39),D32,627099.3247,4844183.0365
16669,81513615,1675722,9/4/2020 8:00:00 AM,2030,WILSON  AVE,AVENUE  RD,,Major Arterial,North York,43.739798,-79.421603,Intersection Related,Traffic Signal,Clear,Daylight,Dry,Non-Fatal Injury,Pedestrian Collisions,Driver,unknown,None,,West,"Automobile, Station Wagon",Going Ahead,Other,Unknown,,,,,,,Yes,,Yes,,Yes,,,,,,,,,39,Bedford Park-Nortown,39,Bedford Park-Nortown (39),D32,627099.3247,4844183.0365
16670,81513616,1675722,9/4/2020 8:00:00 AM,2030,WILSON  AVE,AVENUE  RD,,Major Arterial,North York,43.739798,-79.421603,Intersection Related,Traffic Signal,Clear,Daylight,Dry,Non-Fatal Injury,Pedestrian Collisions,Driver,30 to 34,None,,South,"Automobile, Station Wagon",Going Ahead,Driving Properly,Normal,,,,,,,Yes,,Yes,,Yes,,,,,,,,,39,Bedford Park-Nortown,39,Bedford Park-Nortown (39),D32,627099.3247,4844183.0365
16671,81513617,1675722,9/4/2020 8:00:00 AM,2030,WILSON  AVE,AVENUE  RD,,Major Arterial,North York,43.739798,-79.421603,Intersection Related,Traffic Signal,Clear,Daylight,Dry,Non-Fatal Injury,Pedestrian Collisions,Truck Driver,70 to 74,None,,East,"Truck - Closed (Blazer, etc)",Stopped,Driving Properly,Normal,,,,,,,Yes,,Yes,,Yes,,,,,,,,,39,Bedford Park-Nortown,39,Bedford Park-Nortown (39),D32,627099.3247,4844183.0365
16672,81513618,1675722,9/4/2020 8:00:00 AM,2030,WILSON  AVE,AVENUE  RD,,Major Arterial,North York,43.739798,-79.421603,Intersection Related,Traffic Signal,Clear,Daylight,Dry,Non-Fatal Injury,Pedestrian Collisions,Pedestrian,80 to 84,Major,,North,,,,,Vehicle is going straight thru inter.while ped cross with ROW,Crossing with right of way,Normal,,,,Yes,,Yes,,Yes,,,,,,,,,39,Bedford Park-Nortown,39,Bedford Park-Nortown (39),D32,627099.3247,4844183.0365
16673,81504587,1676151,9/4/2020 8:00:00 AM,2146,AVENUE RD,BLOOR ST W,,Major Arterial,Toronto and East York,43.668646,-79.394099,At Intersection,Traffic Signal,Clear,Dark,Dry,Non-Fatal Injury,Turning Movement,Driver,25 to 29,Major,,South,"Automobile, Station Wagon",Turning Left,Improper Turn,Normal,,,,,,,,,Yes,Yes,,,,,Yes,Yes,,,,169,Bay-Cloverhill,76,Bay Street Corridor (76),D52,629467.1625,4836323.1689
16674,81504588,1676151,9/4/2020 8:00:00 AM,2146,AVENUE RD,BLOOR ST W,,Major Arterial,Toronto and East York,43.668646,-79.394099,At Intersection,Traffic Signal,Clear,Dark,Dry,Non-Fatal Injury,Turning Movement,Motorcycle Driver,30 to 34,None,,North,Motorcycle,Going Ahead,Driving Properly,Normal,,,,,,,,,Yes,Yes,,,,,Yes,Yes,,,,169,Bay-Cloverhill,76,Bay Street Corridor (76),D52,629467.1625,4836323.1689
16675,81509791,1676594,9/4/2020 8:00:00 AM,2314,LAWRENCE AVE E,MORNINGSIDE AVE,53 m West of,Major Arterial,Scarborough,43.768134,-79.187076,Non Intersection,No Control,Clear,"Dark, artificial",Dry,Non-Fatal Injury,Pedestrian Collisions,Driver,20 to 24,None,,East,"Automobile, Station Wagon",Going Ahead,Driving Properly,Normal,,,,,,,Yes,,Yes,,,,,,,,,,,136,West Hill,136,West Hill (136),D43,645915.7831,4847716.7227
16676,81509792,1676594,9/4/2020 8:00:00 AM,2314,LAWRENCE AVE E,MORNINGSIDE AVE,53 m West of,Major Arterial,Scarborough,43.768134,-79.187076,Non Intersection,No Control,Clear,"Dark, artificial",Dry,Non-Fatal Injury,Pedestrian Collisions,Pedestrian,25 to 29,Major,,West,,,,,Pedestrian hit at mid-block,Pushing/Working on Vehicle,"Ability Impaired, Alcohol",,,,Yes,,Yes,,,,,,,,,,,136,West Hill,136,West Hill (136),D43,645915.7831,4847716.7227
16677,81588194,1684477,9/6/2020 8:00:00 AM,433,WESTON RD,TORYORK  DR,16 m South o,Major Arterial,Etobicoke York,43.753264,-79.542667,Intersection Related,Traffic Signal,Clear,"Dark, artificial",Dry,Non-Fatal Injury,Pedestrian Collisions,Driver,40 to 44,None,,East,"Automobile, Station Wagon",Going Ahead,Lost control,Unknown,,,,,,,Yes,,Yes,,,,,,Yes,Yes,,,,21,Humber Summit,21,Humber Summit (21),D31,617324.3436,4845500.0323
16678,81588195,1684477,9/6/2020 8:00:00 AM,433,WESTON RD,TORYORK  DR,16 m South o,Major Arterial,Etobicoke York,43.753264,-79.542667,Intersection Related,Traffic Signal,Clear,"Dark, artificial",Dry,Non-Fatal Injury,Pedestrian Collisions,Pedestrian,25 to 29,Major,,Unknown,,,,,Pedestrian hit on sidewalk or shoulder,On Sidewalk or Shoulder,Normal,,,,Yes,,Yes,,,,,,Yes,Yes,,,,21,Humber Summit,21,Humber Summit (21),D31,617324.3436,4845500.0323
16679,81504686,1685668,9/6/2020 8:00:00 AM,1100,ROGERS RD,BOON AVE,10 m East of,Minor Arterial,Etobicoke York,43.684645,-79.449245,At Intersection,No Control,Clear,Daylight,Dry,Non-Fatal Injury,Rear End,Motorcycle Driver,50 to 54,Major,,West,Motorcycle,Going Ahead,Lost control,Inattentive,,,,,,,,,Yes,Yes,,,,,,,,,,109,Caledonia-Fairbank,109,Caledonia-Fairbank (109),D13,624988.0483,4838015.4864
16680,81504687,1685668,9/6/2020 8:00:00 AM,1100,ROGERS RD,BOON AVE,10 m East of,Minor Arterial,Etobicoke York,43.684645,-79.449245,At Intersection,No Control,Clear,Daylight,Dry,Non-Fatal Injury,Rear End,Driver,25 to 29,None,,West,"Automobile, Station Wagon",Going Ahead,Driving Properly,Normal,,,,,,,,,Yes,Yes,,,,,,,,,,109,Caledonia-Fairbank,109,Caledonia-Fairbank (109),D13,624988.0483,4838015.4864
16681,81504491,1690188,9/7/2020 8:00:00 AM,1,KINGSTON RD,BELLAMY RD S,160 m East o,Major Arterial,Scarborough,43.733206,-79.223132,Non Intersection,No Control,Clear,"Dark, artificial",Dry,Non-Fatal Injury,Rear End,Driver,60 to 64,None,,West,"Automobile, Station Wagon",Going Ahead,Other,Unknown,,,,,,,,,Yes,Yes,,,,,,,,,,139,Scarborough Village,139,Scarborough Village (139),D43,643096.9489,4843774.5246
16682,81504492,1690188,9/7/2020 8:00:00 AM,1,KINGSTON RD,BELLAMY RD S,160 m East o,Major Arterial,Scarborough,43.733206,-79.223132,Non Intersection,No Control,Clear,"Dark, artificial",Dry,Non-Fatal Injury,Rear End,Motorcycle Driver,50 to 54,Major,,West,Motorcycle,Going Ahead,Other,Unknown,,,,,,,,,Yes,Yes,,,,,,,,,,139,Scarborough Village,139,Scarborough Village (139),D43,643096.9489,4843774.5246
16683,81505984,1717092,9/10/2020 8:00:00 AM,2240,BLOOR ST E,CHURCH ST,,Major Arterial,Toronto and East York,43.670973,-79.383121,Intersection Related,Traffic Signal,Clear,"Dark, artificial",Dry,Non-Fatal Injury,SMV Other,Motorcycle Driver,40 to 44,Major,,East,Motorcycle,Going Ahead,Improper Passing,Inattentive,,,,,,,,Yes,,Yes,,,,Yes,Yes,Yes,,,,167,Church-Wellesley,75,Church-Yonge Corridor (75),D51,630347.1768,4836598.8052
16684,81505985,1717092,9/10/2020 8:00:00 AM,2240,BLOOR ST E,CHURCH ST,,Major Arterial,Toronto and East York,43.670973,-79.383121,Intersection Related,Traffic Signal,Clear,"Dark, artificial",Dry,Non-Fatal Injury,SMV Other,Moped Passenger,35 to 39,Major,,,,,,,,,,,,,,Yes,,Yes,,,,Yes,Yes,Yes,,,,167,Church-Wellesley,75,Church-Yonge Corridor (75),D51,630347.1768,4836598.8052
16685,81505079,1725469,9/12/2020 8:00:00 AM,256,DUNDAS  ST E,PARLIAMENT ST,,Major Arterial,Toronto and East York,43.659369,-79.365978,Intersection Related,Traffic Signal,Clear,"Dark, artificial",Dry,Non-Fatal Injury,Pedestrian Collisions,Driver,25 to 29,None,,East,"Automobile, Station Wagon",Going Ahead,Disobeyed Traffic Control,Unknown,,,,,,,Yes,,Yes,,,,,,,Yes,Yes,,,72,Regent Park,72,Regent Park (72),D51,631754.5846,4835337.1058
16686,81505080,1725469,9/12/2020 8:00:00 AM,256,DUNDAS  ST E,PARLIAMENT ST,,Major Arterial,Toronto and East York,43.659369,-79.365978,Intersection Related,Traffic Signal,Clear,"Dark, artificial",Dry,Non-Fatal Injury,Pedestrian Collisions,Pedestrian,50 to 54,Major,,North,,,,,Vehicle is going straight thru inter.while ped cross without ROW,Crossing with right of way,Normal,,,,Yes,,Yes,,,,,,,Yes,Yes,,,72,Regent Park,72,Regent Park (72),D51,631754.5846,4835337.1058
16687,81487580,1740995,9/14/2020 8:00:00 AM,1200,VICTORIA ST,SHUTER ST,84 m North o,Collector,Toronto and East York,43.655104,-79.379085,Non Intersection,No Control,Clear,Daylight,Dry,Non-Fatal Injury,Pedestrian Collisions,Driver,60 to 64,None,,South,"Automobile, Station Wagon",Going Ahead,Other,Inattentive,,,,,,,Yes,,Yes,,,,,,,,,,,168,Downtown Yonge East,75,Church-Yonge Corridor (75),D51,630706.9823,4834842.6908
16688,81487581,1740995,9/14/2020 8:00:00 AM,1200,VICTORIA ST,SHUTER ST,84 m North o,Collector,Toronto and East York,43.655104,-79.379085,Non Intersection,No Control,Clear,Daylight,Dry,Non-Fatal Injury,Pedestrian Collisions,Pedestrian,35 to 39,Major,,Unknown,,,,,Other / Undefined,Other,Normal,,,,Yes,,Yes,,,,,,,,,,,168,Downtown Yonge East,75,Church-Yonge Corridor (75),D51,630706.9823,4834842.6908
16689,81506229,1743037,9/14/2020 8:00:00 AM,1722,LAKE SHORE BLVD E,LESLIE ST,,Major Arterial,Toronto and East York,43.659163,-79.32841,Intersection Related,Traffic Signal,Clear,Daylight,Dry,Non-Fatal Injury,Pedestrian Collisions,Driver,unknown,None,,South,Passenger Van,Turning Right,Failed to Yield Right of Way,Unknown,,,,,,,Yes,,Yes,,,,,,,Yes,,,,70,South Riverdale,70,South Riverdale (70),D55,634784.2655,4835374.5705
16690,81506230,1743037,9/14/2020 8:00:00 AM,1722,LAKE SHORE BLVD E,LESLIE ST,,Major Arterial,Toronto and East York,43.659163,-79.32841,Intersection Related,Traffic Signal,Clear,Daylight,Dry,Non-Fatal Injury,Pedestrian Collisions,Pedestrian,unknown,Major,,South,,,,,Vehicle turns right while ped crosses with ROW at inter.,Crossing with right of way,Normal,,,,Yes,,Yes,,,,,,,Yes,,,,70,South Riverdale,70,South Riverdale (70),D55,634784.2655,4835374.5705
16691,81505092,1759488,9/16/2020 8:00:00 AM,2230,POTTERY RD,BROADVIEW AVE,332 m West o,Minor Arterial,Toronto and East York,43.686358,-79.358859,Non Intersection,No Control,Clear,"Dark, artificial",Dry,Non-Fatal Injury,SMV Other,Motorcycle Driver,25 to 29,Major,,West,Motorcycle,Going Ahead,Speed too Fast For Condition,Normal,,,,,,,,,,Yes,,,,,Yes,Yes,,,,57,Broadview North,57,Broadview North (57),D55,632269.3059,4838345.9302
16692,81513477,1764344,9/17/2020 8:00:00 AM,1544,BELFIELD RD,MARTIN GROVE RD,,Major Arterial,Etobicoke York,43.701876,-79.575588,At Intersection,Traffic Signal,Clear,Daylight,Dry,Non-Fatal Injury,Pedestrian Collisions,Driver,25 to 29,None,,West,Pick Up Truck,Turning Left,Failed to Yield Right of Way,Unknown,,,,,,,Yes,,Yes,,,,,,,Yes,,,,1,West Humber-Clairville,1,West Humber-Clairville (1),D23,614772.0788,4839746.5706
16693,81513478,1764344,9/17/2020 8:00:00 AM,1544,BELFIELD RD,MARTIN GROVE RD,,Major Arterial,Etobicoke York,43.701876,-79.575588,At Intersection,Traffic Signal,Clear,Daylight,Dry,Non-Fatal Injury,Pedestrian Collisions,Pedestrian,50 to 54,Major,,East,,,,,Vehicle turns left while ped crosses with ROW at inter.,Crossing with right of way,Normal,,,,Yes,,Yes,,,,,,,Yes,,,,1,West Humber-Clairville,1,West Humber-Clairville (1),D23,614772.0788,4839746.5706
16694,81506650,1766011,9/17/2020 8:00:00 AM,2000,QUEEN ST E,CARROLL ST,3 m West of,Major Arterial,Toronto and East York,43.658259,-79.352199,At Intersection,Pedestrian Crossover,Clear,"Dark, artificial",Dry,Non-Fatal Injury,Pedestrian Collisions,Driver,55 to 59,None,,West,"Automobile, Station Wagon",Going Ahead,Other,Had Been Drinking,,,,,,,Yes,,Yes,,,,,,,,,,,70,South Riverdale,70,South Riverdale (70),D55,632868.0745,4835235.7987
16695,81506651,1766011,9/17/2020 8:00:00 AM,2000,QUEEN ST E,CARROLL ST,3 m West of,Major Arterial,Toronto and East York,43.658259,-79.352199,At Intersection,Pedestrian Crossover,Clear,"Dark, artificial",Dry,Non-Fatal Injury,Pedestrian Collisions,Pedestrian,35 to 39,Major,,South,,,,,Pedestrian hit a PXO/ped. Mid-block signal,Running onto Roadway,Inattentive,,,,Yes,,Yes,,,,,,,,,,,70,South Riverdale,70,South Riverdale (70),D55,632868.0745,4835235.7987
16696,81432062,1766820,9/17/2020 8:00:00 AM,2240,WARDEN AVE,401 C E WARDEN N RAMP,,Major Arterial,Scarborough,43.769049,-79.303577,At Intersection,Traffic Signal,Clear,"Dark, artificial",Dry,Fatal,Turning Movement,Motorcycle Driver,30 to 34,Fatal,24,North,Motorcycle,Going Ahead,Other,Normal,,,,,,,,,Yes,Yes,,,,,,,,,,119,Wexford/Maryvale,119,Wexford/Maryvale (119),D41,636536.8446,4847619.6415
16697,81432065,1766820,9/17/2020 8:00:00 AM,2240,WARDEN AVE,401 C E WARDEN N RAMP,,Major Arterial,Scarborough,43.769049,-79.303577,At Intersection,Traffic Signal,Clear,"Dark, artificial",Dry,Fatal,Turning Movement,Driver,20 to 24,None,,South,"Automobile, Station Wagon",Turning Left,Other,Unknown,,,,,,,,,Yes,Yes,,,,,,,,,,119,Wexford/Maryvale,119,Wexford/Maryvale (119),D41,636536.8446,4847619.6415
16698,81487996,1772544,9/18/2020 8:00:00 AM,1818,MUTUAL ST,CARLTON ST,,Local,Toronto and East York,43.66239,-79.378139,Non Intersection,No Control,Clear,"Dusk, artificial",Dry,Non-Fatal Injury,Pedestrian Collisions,Driver,unknown,None,,North,"Automobile, Station Wagon",Going Ahead,Other,Unknown,,,,,,,Yes,,Yes,,,,,,,,,,,167,Church-Wellesley,75,Church-Yonge Corridor (75),D51,630767.4487,4835653.3884
16699,81487997,1772544,9/18/2020 8:00:00 AM,1818,MUTUAL ST,CARLTON ST,,Local,Toronto and East York,43.66239,-79.378139,Non Intersection,No Control,Clear,"Dusk, artificial",Dry,Non-Fatal Injury,Pedestrian Collisions,Pedestrian,60 to 64,Major,,West,,,,,Pedestrian hit at mid-block,"Crossing, no Traffic Control",Had Been Drinking,,,,Yes,,Yes,,,,,,,,,,,167,Church-Wellesley,75,Church-Yonge Corridor (75),D51,630767.4487,4835653.3884
16700,81504826,1774332,9/18/2020 8:00:00 AM,2310,KENNEDY RD,VILLAGE GREEN  SQ,11 m North o,Major Arterial,Scarborough,43.777182,-79.285518,At Intersection,Traffic Signal,Clear,"Dark, artificial",Dry,Non-Fatal Injury,Turning Movement,Driver,50 to 54,None,,South,"Automobile, Station Wagon",Turning Left,Failed to Yield Right of Way,Normal,,,,,,,,,Yes,Yes,,,,,,Yes,,,,128,Agincourt South-Malvern West,128,Agincourt South-Malvern West (128),D42,637971.6369,4848552.8749
16701,81504827,1774332,9/18/2020 8:00:00 AM,2310,KENNEDY RD,VILLAGE GREEN  SQ,11 m North o,Major Arterial,Scarborough,43.777182,-79.285518,At Intersection,Traffic Signal,Clear,"Dark, artificial",Dry,Non-Fatal Injury,Turning Movement,Motorcycle Driver,20 to 24,Major,,North,Motorcycle,Going Ahead,Driving Properly,Normal,,,,,,,,,Yes,Yes,,,,,,Yes,,,,128,Agincourt South-Malvern West,128,Agincourt South-Malvern West (128),D42,637971.6369,4848552.8749
16702,81432061,1776003,9/19/2020 8:00:00 AM,616,KIPLING AVE,STEVENSON RD,,Major Arterial,Etobicoke York,43.744391,-79.582729,At Intersection,Stop Sign,Clear,Daylight,Dry,Fatal,Pedestrian Collisions,Driver,20 to 24,None,,South,"Automobile, Station Wagon",Going Ahead,Driving Properly,"Ability Impaired, Alcohol",,,,,,,Yes,,Yes,,,,,,,,,Yes,,2,Mount Olive-Silverstone-Jamestown,2,Mount Olive-Silverstone-Jamestown (2),D23,614115.9422,4844458.5939
16703,81432064,1776003,9/19/2020 8:00:00 AM,616,KIPLING AVE,STEVENSON RD,,Major Arterial,Etobicoke York,43.744391,-79.582729,At Intersection,Stop Sign,Clear,Daylight,Dry,Fatal,Pedestrian Collisions,Pedestrian,60 to 64,Fatal,25,East,,,,,Vehicle is going straight thru inter.while ped cross without ROW,Crossing without right of way,Inattentive,,,,Yes,,Yes,,,,,,,,,Yes,,2,Mount Olive-Silverstone-Jamestown,2,Mount Olive-Silverstone-Jamestown (2),D23,614115.9422,4844458.5939
16704,81542279,1780907,9/19/2020 8:00:00 AM,2125,ST CLAIR AVE W,HARVIE AVE,,Local,Etobicoke York,43.676394,-79.449786,Intersection Related,No Control,Clear,"Dark, artificial",Dry,Non-Fatal Injury,Pedestrian Collisions,Driver,30 to 34,None,,West,Municipal Transit Bus (TTC),Going Ahead,Lost control,Inattentive,,,,,,,Yes,,,,,Yes,,,,,,,,92,Corso Italia-Davenport,92,Corso Italia-Davenport (92),D13,624961.5721,4837098.2864
16705,81542280,1780907,9/19/2020 8:00:00 AM,2125,ST CLAIR AVE W,HARVIE AVE,,Local,Etobicoke York,43.676394,-79.449786,Intersection Related,No Control,Clear,"Dark, artificial",Dry,Non-Fatal Injury,Pedestrian Collisions,Pedestrian,50 to 54,Major,,South,,,,,Vehicle is going straight thru inter.while ped cross without ROW,Crossing without right of way,Normal,,,,Yes,,,,,Yes,,,,,,,,92,Corso Italia-Davenport,92,Corso Italia-Davenport (92),D13,624961.5721,4837098.2864