OBJECTID,INDEX,ACCNUM,DATE,TIME,STREET1,STREET2,OFFSET,ROAD_CLASS,DISTRICT,LATITUDE,LONGITUDE,ACCLOC,TRAFFCTL,VISIBILITY,LIGHT,RDSFCOND,ACCLASS,IMPACTYPE,INVTYPE,INVAGE,INJURY,FATAL_NO,INITDIR,VEHTYPE,MANOEUVER,DRIVACT,DRIVCOND,PEDTYPE,PEDACT,PEDCOND,CYCLISTYPE,CYCACT,CYCCOND,PEDESTRIAN,CYCLIST,AUTOMOBILE,MOTORCYCLE,TRUCK,TRSN_CITY_VEH,EMERG_VEH,PASSENGER,SPEEDING,AG_DRIV,REDLIGHT,ALCOHOL,DISABILITY,HOOD_158,NEIGHBOURHOOD_158,HOOD_140,NEIGHBOURHOOD_140,DIVISION,x,y
16817,81513457,2254416,11/28/2020 10:00:00 AM,2022,JANE ST,DALRYMPLE DR,20 m South o,Major Arterial,Etobicoke York,43.677169,-79.496112,At Intersection,No Control,Clear,"Dark, artificial",Dry,Non-Fatal Injury,SMV Other,Driver,25 to 29,Major,,North,"Automobile, Station Wagon",Going Ahead,Exceeding Speed Limit,Unknown,,,,,,,,,Yes,,,,,,Yes,Yes,,,,111,Rockcliffe-Smythe,111,Rockcliffe-Smythe (111),D12,621225.6753,4837115.6119
16818,81513458,2254416,11/28/2020 10:00:00 AM,2022,JANE ST,DALRYMPLE DR,20 m South o,Major Arterial,Etobicoke York,43.677169,-79.496112,At Intersection,No Control,Clear,"Dark, artificial",Dry,Non-Fatal Injury,SMV Other,Other,unknown,None,,West,Pick Up Truck,Parked,,,,,,,,,,,Yes,,,,,,Yes,Yes,,,,111,Rockcliffe-Smythe,111,Rockcliffe-Smythe (111),D12,621225.6753,4837115.6119
16819,81513459,2254416,11/28/2020 10:00:00 AM,2022,JANE ST,DALRYMPLE DR,20 m South o,Major Arterial,Etobicoke York,43.677169,-79.496112,At Intersection,No Control,Clear,"Dark, artificial",Dry,Non-Fatal Injury,SMV Other,,unknown,None,,,,,,,,,,,,,,,Yes,,,,,,Yes,Yes,,,,111,Rockcliffe-Smythe,111,Rockcliffe-Smythe (111),D12,621225.6753,4837115.6119
16820,81505573,2260605,11/29/2020 10:00:00 AM,2200,STEELES  AVE W,HILDA  AVE,,Major Arterial,North York,43.795935,-79.429225,At Intersection,Traffic Signal,Clear,"Dark, artificial",Dry,Non-Fatal Injury,Pedestrian Collisions,Driver,30 to 34,None,,North,"Automobile, Station Wagon",Turning Left,Failed to Yield Right of Way,Inattentive,,,,,,,Yes,,Yes,,,,,,,Yes,,,,36,Newtonbrook West,36,Newtonbrook West (36),D32,626367.2944,4850406.234
16821,81505574,2260605,11/29/2020 10:00:00 AM,2200,STEELES  AVE W,HILDA  AVE,,Major Arterial,North York,43.795935,-79.429225,At Intersection,Traffic Signal,Clear,"Dark, artificial",Dry,Non-Fatal Injury,Pedestrian Collisions,Pedestrian,60 to 64,Major,,Unknown,,,,,Vehicle turns left while ped crosses without ROW at inter.,Crossing with right of way,Normal,,,,Yes,,Yes,,,,,,,Yes,,,,36,Newtonbrook West,36,Newtonbrook West (36),D32,626367.2944,4850406.234
16822,81506843,2263377,11/30/2020 10:00:00 AM,1110,BEECROFT RD,LORRAINE DR,,Local,North York,43.777594,-79.417827,At Intersection,Stop Sign,Rain,"Daylight, artificial",Wet,Non-Fatal Injury,Cyclist Collisions,Cyclist,60 to 64,Minimal,,South,Bicycle,Going Ahead,,,,,,"Cyclist without ROW rides into path of motorist at inter, lnwy, dwy-Cyclist not turn.",Other,Normal,,Yes,Yes,,,,,,,,,,,37,Willowdale West,37,Willowdale West (37),D32,627323.1947,4848386.6479
16823,81506844,2263377,11/30/2020 10:00:00 AM,1110,BEECROFT RD,LORRAINE DR,,Local,North York,43.777594,-79.417827,At Intersection,Stop Sign,Rain,"Daylight, artificial",Wet,Non-Fatal Injury,Cyclist Collisions,Driver,45 to 49,Major,,East,"Automobile, Station Wagon",Turning Left,Driving Properly,Normal,,,,,,,,Yes,Yes,,,,,,,,,,,37,Willowdale West,37,Willowdale West (37),D32,627323.1947,4848386.6479
16824,81503008,2266275,11/30/2020 10:00:00 AM,1829,WARDEN AVE,SHEPPARD AVE E,5 m East of,Major Arterial,Scarborough,43.778659,-79.307864,At Intersection,Traffic Signal,Rain,"Dark, artificial",Wet,Non-Fatal Injury,Pedestrian Collisions,Driver,45 to 49,None,,South,Passenger Van,Turning Left,Failed to Yield Right of Way,Inattentive,,,,,,,Yes,,Yes,,,,,,,Yes,,,,118,Tam O'Shanter-Sullivan,118,Tam O'Shanter-Sullivan (118),D42,636169.9873,4848679.921
16825,81503009,2266275,11/30/2020 10:00:00 AM,1829,WARDEN AVE,SHEPPARD AVE E,5 m East of,Major Arterial,Scarborough,43.778659,-79.307864,At Intersection,Traffic Signal,Rain,"Dark, artificial",Wet,Non-Fatal Injury,Pedestrian Collisions,Pedestrian,25 to 29,Major,,South,,,,,Vehicle turns left while ped crosses with ROW at inter.,Crossing with right of way,Normal,,,,Yes,,Yes,,,,,,,Yes,,,,118,Tam O'Shanter-Sullivan,118,Tam O'Shanter-Sullivan (118),D42,636169.9873,4848679.921
16826,81504680,2266447,11/30/2020 10:00:00 AM,1901,VAN HORNE AVE,VICTORIA PARK AVE,,Major Arterial,North York,43.789179,-79.329547,At Intersection,Traffic Signal,Rain,"Dark, artificial",Wet,Non-Fatal Injury,Pedestrian Collisions,Driver,20 to 24,None,,West,"Automobile, Station Wagon",Turning Left,Improper Turn,Inattentive,,,,,,,Yes,,Yes,,,,,,,,,,,147,L'Amoreaux West,117,L'Amoreaux (117),D42,634401.5118,4849812.8956
16827,81504681,2266447,11/30/2020 10:00:00 AM,1901,VAN HORNE AVE,VICTORIA PARK AVE,,Major Arterial,North York,43.789179,-79.329547,At Intersection,Traffic Signal,Rain,"Dark, artificial",Wet,Non-Fatal Injury,Pedestrian Collisions,Pedestrian,30 to 34,Major,,East,,,,,Vehicle turns left while ped crosses with ROW at inter.,Crossing with right of way,Normal,,,,Yes,,Yes,,,,,,,,,,,147,L'Amoreaux West,117,L'Amoreaux (117),D42,634401.5118,4849812.8956
16828,81432714,2279200,12/2/2020 10:00:00 AM,1829,DUFFERIN ST,SYLVAN AVE,,Major Arterial,Toronto and East York,43.654608,-79.433322,Intersection Related,No Control,Clear,Daylight,Dry,Fatal,Cyclist Collisions,Cyclist,20 to 24,Fatal,34,South,Bicycle,Going Ahead,,,,,,Cyclist and Driver travelling in same direction. One vehicle sideswipes the other.,Driving Properly,Normal,,Yes,Yes,,,,,,,Yes,,,,83,Dufferin Grove,83,Dufferin Grove (83),D14,626334.4275,4834703.5978
16829,81432715,2279200,12/2/2020 10:00:00 AM,1829,DUFFERIN ST,SYLVAN AVE,,Major Arterial,Toronto and East York,43.654608,-79.433322,Intersection Related,No Control,Clear,Daylight,Dry,Fatal,Cyclist Collisions,Driver,35 to 39,None,,South,Delivery Van,Going Ahead,Following too Close,Inattentive,,,,,,,,Yes,Yes,,,,,,,Yes,,,,83,Dufferin Grove,83,Dufferin Grove (83),D14,626334.4275,4834703.5978
16830,81432716,2279200,12/2/2020 10:00:00 AM,1829,DUFFERIN ST,SYLVAN AVE,,Major Arterial,Toronto and East York,43.654608,-79.433322,Intersection Related,No Control,Clear,Daylight,Dry,Fatal,Cyclist Collisions,Driver,30 to 34,None,,North,"Automobile, Station Wagon",Going Ahead,Other,Inattentive,,,,,,,,Yes,Yes,,,,,,,Yes,,,,83,Dufferin Grove,83,Dufferin Grove (83),D14,626334.4275,4834703.5978
16831,81432713,2298555,12/5/2020 10:00:00 AM,1716,2255 MARKHAM RD,,,Major Arterial,Scarborough,43.809523,-79.243236,Non Intersection,No Control,Clear,"Dusk, artificial",Dry,Fatal,Pedestrian Collisions,Pedestrian,35 to 39,Fatal,35,East,,,,,Pedestrian hit at mid-block,"Crossing, no Traffic Control",Inattentive,,,,Yes,,,,Yes,,,,,,,,,145,Malvern West,132,Malvern (132),D42,641298.0439,4852216.1956
16832,81432717,2298555,12/5/2020 10:00:00 AM,1716,2255 MARKHAM RD,,,Major Arterial,Scarborough,43.809523,-79.243236,Non Intersection,No Control,Clear,"Dusk, artificial",Dry,Fatal,Pedestrian Collisions,Truck Driver,45 to 49,None,,North,"Truck - Closed (Blazer, etc)",Going Ahead,Driving Properly,Inattentive,,,,,,,Yes,,,,Yes,,,,,,,,,145,Malvern West,132,Malvern (132),D42,641298.0439,4852216.1956
16833,81599283,2314333,12/8/2020 10:00:00 AM,856,STEELES AVE E,PUTNAM GT,,Major Arterial,Scarborough,43.822402,-79.312221,At Intersection,Traffic Signal,Clear,Daylight,Dry,Non-Fatal Injury,Pedestrian Collisions,Driver,50 to 54,None,,South,"Automobile, Station Wagon",Turning Left,Failed to Yield Right of Way,Inattentive,,,,,,,Yes,,Yes,,,,,,,Yes,,,,116,Steeles,116,Steeles (116),D42,635720.2808,4853531.1229
16834,81599284,2314333,12/8/2020 10:00:00 AM,856,STEELES AVE E,PUTNAM GT,,Major Arterial,Scarborough,43.822402,-79.312221,At Intersection,Traffic Signal,Clear,Daylight,Dry,Non-Fatal Injury,Pedestrian Collisions,Pedestrian,55 to 59,Major,,South,,,,,Vehicle turns left while ped crosses with ROW at inter.,Crossing with right of way,Normal,,,,Yes,,Yes,,,,,,,Yes,,,,116,Steeles,116,Steeles (116),D42,635720.2808,4853531.1229
16835,81504388,2317800,12/8/2020 10:00:00 AM,1803,MCCOWAN RD,LAWRENCE  AVE E,,Major Arterial,Scarborough,43.755477,-79.245387,At Intersection,Traffic Signal,Clear,"Dark, artificial",Dry,Non-Fatal Injury,Pedestrian Collisions,Driver,45 to 49,None,,North,"Automobile, Station Wagon",Going Ahead,Disobeyed Traffic Control,Inattentive,,,,,,,Yes,,Yes,,,,,,Yes,Yes,Yes,,,157,Bendale South,127,Bendale (127),D43,641252.2672,4846209.8607
16836,81504389,2317800,12/8/2020 10:00:00 AM,1803,MCCOWAN RD,LAWRENCE  AVE E,,Major Arterial,Scarborough,43.755477,-79.245387,At Intersection,Traffic Signal,Clear,"Dark, artificial",Dry,Non-Fatal Injury,Pedestrian Collisions,Pedestrian,30 to 34,Major,,West,,,,,Vehicle is going straight thru inter.while ped cross with ROW,Crossing with right of way,Normal,,,,Yes,,Yes,,,,,,Yes,Yes,Yes,,,157,Bendale South,127,Bendale (127),D43,641252.2672,4846209.8607
16837,81513462,2318123,12/8/2020 10:00:00 AM,1856,CORDOVA AVE,MABELLE AVE,75 m South o,Collector,Etobicoke York,43.647303,-79.525783,Overpass or Bridge,No Control,Clear,Dark,Dry,Non-Fatal Injury,SMV Other,Driver,unknown,None,,South,"Automobile, Station Wagon",Going Ahead,Lost control,Inattentive,,,,,,,,,Yes,,,,,Yes,Yes,Yes,,,,159,Etobicoke City Centre,14,Islington-City Centre West (14),D22,618892.8671,4833755.6692
16838,81513463,2318123,12/8/2020 10:00:00 AM,1856,CORDOVA AVE,MABELLE AVE,75 m South o,Collector,Etobicoke York,43.647303,-79.525783,Overpass or Bridge,No Control,Clear,Dark,Dry,Non-Fatal Injury,SMV Other,Passenger,25 to 29,Major,,,,,,,,,,,,,,,Yes,,,,,Yes,Yes,Yes,,,,159,Etobicoke City Centre,14,Islington-City Centre West (14),D22,618892.8671,4833755.6692
16839,81512486,2324390,12/9/2020 10:00:00 AM,1843,MARKHAM RD,PROGRESS AVE,191 m North ,Major Arterial,Scarborough,43.782408,-79.234088,Non Intersection,No Control,Clear,"Dark, artificial",Wet,Non-Fatal Injury,Cyclist Collisions,Driver,35 to 39,None,,East,"Automobile, Station Wagon",Merging,Failed to Yield Right of Way,Inattentive,,,,,,,,Yes,Yes,,,,,,,Yes,,,,142,Woburn North,137,Woburn (137),D43,642098.0937,4849220.3017
16840,81512487,2324390,12/9/2020 10:00:00 AM,1843,MARKHAM RD,PROGRESS AVE,191 m North ,Major Arterial,Scarborough,43.782408,-79.234088,Non Intersection,No Control,Clear,"Dark, artificial",Wet,Non-Fatal Injury,Cyclist Collisions,Cyclist,30 to 34,Major,,South,Bicycle,Going Ahead,,,,,,Insufficient information (to determine cyclist crash type).,Driving Properly,Normal,,Yes,Yes,,,,,,,Yes,,,,142,Woburn North,137,Woburn (137),D43,642098.0937,4849220.3017
16841,81432718,2332478,12/10/2020 10:00:00 AM,2344,MARTIN GROVE RD,GIHON SPRING DR,,Minor Arterial,Etobicoke York,43.754725,-79.600589,Non Intersection,No Control,Clear,"Dark, artificial",Dry,Fatal,SMV Other,Driver,25 to 29,Fatal,36,North,"Automobile, Station Wagon",Going Ahead,Lost control,Unknown,,,,,,,,,Yes,,,,,,,,,,,1,West Humber-Clairville,1,West Humber-Clairville (1),D23,612658.4913,4845581.8874
16842,81514054,2340093,12/12/2020 10:00:00 AM,325,1206 AVENUE RD,,,Major Arterial,North York,43.712023,-79.411685,Intersection Related,No Control,Clear,"Dark, artificial",Dry,Non-Fatal Injury,SMV Other,Driver,35 to 39,Major,,South,"Automobile, Station Wagon",Going Ahead,Lost control,Inattentive,,,,,,,,,Yes,,,,,,,Yes,,,,103,Lawrence Park South,103,Lawrence Park South (103),D53,627957.0961,4841113.4859
16843,81507090,2343661,12/12/2020 10:00:00 AM,1811,BURNHAMTHORPE RD,RENFORTH DR,4 m East of,Major Arterial,Etobicoke York,43.643267,-79.572444,At Intersection,Traffic Signal,Clear,"Dusk, artificial",Dry,Non-Fatal Injury,Pedestrian Collisions,Driver,40 to 44,None,,South,Pick Up Truck,Turning Left,Failed to Yield Right of Way,Normal,,,,,,,Yes,,Yes,,,,,Yes,,Yes,,,,13,Etobicoke West Mall,13,Etobicoke West Mall (13),D22,615137.4248,4833241.6336
16844,81507091,2343661,12/12/2020 10:00:00 AM,1811,BURNHAMTHORPE RD,RENFORTH DR,4 m East of,Major Arterial,Etobicoke York,43.643267,-79.572444,At Intersection,Traffic Signal,Clear,"Dusk, artificial",Dry,Non-Fatal Injury,Pedestrian Collisions,Pedestrian,65 to 69,Major,,North,,,,,Vehicle turns left while ped crosses with ROW at inter.,Crossing with right of way,Normal,,,,Yes,,Yes,,,,,Yes,,Yes,,,,13,Etobicoke West Mall,13,Etobicoke West Mall (13),D22,615137.4248,4833241.6336
16845,81507092,2343661,12/12/2020 10:00:00 AM,1811,BURNHAMTHORPE RD,RENFORTH DR,4 m East of,Major Arterial,Etobicoke York,43.643267,-79.572444,At Intersection,Traffic Signal,Clear,"Dusk, artificial",Dry,Non-Fatal Injury,Pedestrian Collisions,Passenger,80 to 84,None,,,,,,,,,,,,,Yes,,Yes,,,,,Yes,,Yes,,,,13,Etobicoke West Mall,13,Etobicoke West Mall (13),D22,615137.4248,4833241.6336
16846,81507093,2343661,12/12/2020 10:00:00 AM,1811,BURNHAMTHORPE RD,RENFORTH DR,4 m East of,Major Arterial,Etobicoke York,43.643267,-79.572444,At Intersection,Traffic Signal,Clear,"Dusk, artificial",Dry,Non-Fatal Injury,Pedestrian Collisions,Passenger,70 to 74,None,,,,,,,,,,,,,Yes,,Yes,,,,,Yes,,Yes,,,,13,Etobicoke West Mall,13,Etobicoke West Mall (13),D22,615137.4248,4833241.6336
16847,81507094,2343661,12/12/2020 10:00:00 AM,1811,BURNHAMTHORPE RD,RENFORTH DR,4 m East of,Major Arterial,Etobicoke York,43.643267,-79.572444,At Intersection,Traffic Signal,Clear,"Dusk, artificial",Dry,Non-Fatal Injury,Pedestrian Collisions,Passenger,5 to 9,None,,,,,,,,,,,,,Yes,,Yes,,,,,Yes,,Yes,,,,13,Etobicoke West Mall,13,Etobicoke West Mall (13),D22,615137.4248,4833241.6336
16848,81507095,2343661,12/12/2020 10:00:00 AM,1811,BURNHAMTHORPE RD,RENFORTH DR,4 m East of,Major Arterial,Etobicoke York,43.643267,-79.572444,At Intersection,Traffic Signal,Clear,"Dusk, artificial",Dry,Non-Fatal Injury,Pedestrian Collisions,Passenger,35 to 39,None,,,,,,,,,,,,,Yes,,Yes,,,,,Yes,,Yes,,,,13,Etobicoke West Mall,13,Etobicoke West Mall (13),D22,615137.4248,4833241.6336
16849,81542315,2345305,12/12/2020 10:00:00 AM,2342,GREENCEDAR CRCT,MARKHAM RD,1 m North of,Major Arterial,Scarborough,43.757769,-79.224674,At Intersection,Traffic Signal,Clear,"Dark, artificial",Wet,Non-Fatal Injury,SMV Other,Driver,15 to 19,Major,,West,"Automobile, Station Wagon",Turning Right,Lost control,Normal,,,,,,,,,Yes,,,,,Yes,,,,,,141,Golfdale-Cedarbrae-Woburn,137,Woburn (137),D43,642914.297,4846499.9578
16850,81542316,2345305,12/12/2020 10:00:00 AM,2342,GREENCEDAR CRCT,MARKHAM RD,1 m North of,Major Arterial,Scarborough,43.757769,-79.224674,At Intersection,Traffic Signal,Clear,"Dark, artificial",Wet,Non-Fatal Injury,SMV Other,Passenger,15 to 19,Major,,,,,,,,,,,,,,,Yes,,,,,Yes,,,,,,141,Golfdale-Cedarbrae-Woburn,137,Woburn (137),D43,642914.297,4846499.9578
16851,81432754,2372537,12/17/2020 10:00:00 AM,1141,LAWRENCE AVE E,HOWDEN RD,,Major Arterial,Scarborough,43.746749,-79.287921,At Intersection,Traffic Signal,Clear,Daylight,Dry,Fatal,Pedestrian Collisions,Truck Driver,50 to 54,None,,South,Truck-Tractor,Turning Right,Failed to Yield Right of Way,Normal,,,,,,,Yes,,,,Yes,,,,,Yes,,,,119,Wexford/Maryvale,119,Wexford/Maryvale (119),D41,637848.1345,4845168.821
16852,81432757,2372537,12/17/2020 10:00:00 AM,1141,LAWRENCE AVE E,HOWDEN RD,,Major Arterial,Scarborough,43.746749,-79.287921,At Intersection,Traffic Signal,Clear,Daylight,Dry,Fatal,Pedestrian Collisions,Pedestrian,40 to 44,Fatal,37,North,,,,,Vehicle turns right while ped crosses with ROW at inter.,Crossing with right of way,Normal,,,,Yes,,,,Yes,,,,,Yes,,,,119,Wexford/Maryvale,119,Wexford/Maryvale (119),D41,637848.1345,4845168.821
16853,81432755,2374044,12/17/2020 10:00:00 AM,1550,168 CLONMORE DR,,,Minor Arterial,Scarborough,43.690203,-79.277072,Non Intersection,No Control,Clear,Daylight,Dry,Fatal,Pedestrian Collisions,Pedestrian,30 to 34,Fatal,38,Unknown,,,,,Pedestrian hit at mid-block,Playing or Working on Highway,Normal,,,,Yes,,Yes,,,,,,,Yes,,,,122,Birchcliffe-Cliffside,122,Birchcliffe-Cliffside (122),D41,638852.2105,4838906.6729
16854,81432756,2374044,12/17/2020 10:00:00 AM,1550,168 CLONMORE DR,,,Minor Arterial,Scarborough,43.690203,-79.277072,Non Intersection,No Control,Clear,Daylight,Dry,Fatal,Pedestrian Collisions,Driver,20 to 24,None,,West,"Automobile, Station Wagon",Going Ahead,Failed to Yield Right of Way,Inattentive,,,,,,,Yes,,Yes,,,,,,,Yes,,,,122,Birchcliffe-Cliffside,122,Birchcliffe-Cliffside (122),D41,638852.2105,4838906.6729
16855,81515895,2376130,12/17/2020 10:00:00 AM,2112,DON VALLEY PARKWAY  S,MILLWOOD RD,150 m North ,,,43.697882,-79.347766,Non Intersection,No Control,Clear,Dark,Dry,Non-Fatal Injury,SMV Other,Driver,20 to 24,None,,South,"Automobile, Station Wagon",Changing Lanes,Lost control,Normal,,,,,,,,,Yes,,,,,Yes,Yes,Yes,,,,58,Old East York,58,Old East York (58),D55,633137.8636,4839643.5842
16856,81515896,2376130,12/17/2020 10:00:00 AM,2112,DON VALLEY PARKWAY  S,MILLWOOD RD,150 m North ,,,43.697882,-79.347766,Non Intersection,No Control,Clear,Dark,Dry,Non-Fatal Injury,SMV Other,Passenger,20 to 24,Major,,,,,,,,,,,,,,,Yes,,,,,Yes,Yes,Yes,,,,58,Old East York,58,Old East York (58),D55,633137.8636,4839643.5842
16857,81512723,2383203,12/18/2020 10:00:00 AM,2238,YORK MILLS RD,DON VALLEY PARKWAY  S,,Major Arterial,North York,43.758177,-79.335841,At Intersection,No Control,Clear,Dark,Dry,Non-Fatal Injury,Turning Movement,Driver,45 to 49,Major,,West,"Automobile, Station Wagon",Turning Left,Improper Turn,Normal,,,,,,,,,Yes,,,,,Yes,,Yes,,,,149,Parkwoods-O'Connor Hills,45,Parkwoods-Donalda (45),D33,633964.3104,4846359.4442
16858,81512724,2383203,12/18/2020 10:00:00 AM,2238,YORK MILLS RD,DON VALLEY PARKWAY  S,,Major Arterial,North York,43.758177,-79.335841,At Intersection,No Control,Clear,Dark,Dry,Non-Fatal Injury,Turning Movement,Driver,20 to 24,None,,East,"Automobile, Station Wagon",Going Ahead,Driving Properly,Normal,,,,,,,,,Yes,,,,,Yes,,Yes,,,,149,Parkwoods-O'Connor Hills,45,Parkwoods-Donalda (45),D33,633964.3104,4846359.4442
16859,81512725,2383203,12/18/2020 10:00:00 AM,2238,YORK MILLS RD,DON VALLEY PARKWAY  S,,Major Arterial,North York,43.758177,-79.335841,At Intersection,No Control,Clear,Dark,Dry,Non-Fatal Injury,Turning Movement,Passenger,20 to 24,None,,,,,,,,,,,,,,,Yes,,,,,Yes,,Yes,,,,149,Parkwoods-O'Connor Hills,45,Parkwoods-Donalda (45),D33,633964.3104,4846359.4442
16860,81515544,2390427,12/20/2020 10:00:00 AM,305,ISLINGTON AVE,DUNDAS ST W,12 m East of,Major Arterial,Etobicoke York,43.65129,-79.526355,At Intersection,Traffic Signal,Rain,"Dark, artificial",Wet,Non-Fatal Injury,SMV Other,Driver,15 to 19,Major,,North,"Automobile, Station Wagon",Going Ahead,Speed too Fast For Condition,"Ability Impaired, Alcohol Over .08",,,,,,,,,Yes,,,,,Yes,Yes,Yes,,Yes,,15,Kingsway South,15,Kingsway South (15),D22,618838.8731,4834197.657
16861,81515545,2390427,12/20/2020 10:00:00 AM,305,ISLINGTON AVE,DUNDAS ST W,12 m East of,Major Arterial,Etobicoke York,43.65129,-79.526355,At Intersection,Traffic Signal,Rain,"Dark, artificial",Wet,Non-Fatal Injury,SMV Other,Passenger,15 to 19,Major,,,,,,,,,,,,,,,Yes,,,,,Yes,Yes,Yes,,Yes,,15,Kingsway South,15,Kingsway South (15),D22,618838.8731,4834197.657
16862,81515546,2390427,12/20/2020 10:00:00 AM,305,ISLINGTON AVE,DUNDAS ST W,12 m East of,Major Arterial,Etobicoke York,43.65129,-79.526355,At Intersection,Traffic Signal,Rain,"Dark, artificial",Wet,Non-Fatal Injury,SMV Other,Passenger,15 to 19,Major,,,,,,,,,,,,,,,Yes,,,,,Yes,Yes,Yes,,Yes,,15,Kingsway South,15,Kingsway South (15),D22,618838.8731,4834197.657
16863,81504434,2400863,12/21/2020 10:00:00 AM,2035,ISABELLA ST,HUNTLEY ST,4 m North of,Collector,Toronto and East York,43.669074,-79.378078,Intersection Related,Stop Sign,Rain,Dark,Wet,Non-Fatal Injury,Pedestrian Collisions,Driver,unknown,None,,South,"Automobile, Station Wagon",Turning Left,Failed to Yield Right of Way,Unknown,,,,,,,Yes,,Yes,,,,,,,Yes,,,,74,North St.James Town,74,North St.James Town (74),D51,630757.8539,4836395.8323
16864,81504435,2400863,12/21/2020 10:00:00 AM,2035,ISABELLA ST,HUNTLEY ST,4 m North of,Collector,Toronto and East York,43.669074,-79.378078,Intersection Related,Stop Sign,Rain,Dark,Wet,Non-Fatal Injury,Pedestrian Collisions,Pedestrian,unknown,Major,,East,,,,,Vehicle turns left while ped crosses with ROW at inter.,Crossing with right of way,Normal,,,,Yes,,Yes,,,,,,,Yes,,,,74,North St.James Town,74,North St.James Town (74),D51,630757.8539,4836395.8323
16865,81514096,2419967,12/25/2020 10:00:00 AM,318,BURNHAMTHORPE RD,SILVER SHADOW PATH,52 m West of,Major Arterial,Etobicoke York,43.641318,-79.579822,Non Intersection,No Control,Snow,"Dark, artificial",Loose Snow,Non-Fatal Injury,SMV Other,Driver,50 to 54,Major,,East,"Automobile, Station Wagon",Going Ahead,Lost control,Normal,,,,,,,,,Yes,,,,,Yes,,Yes,,,,12,Markland Wood,12,Markland Wood (12),D22,614546.0623,4833014.9645
16866,81514097,2419967,12/25/2020 10:00:00 AM,318,BURNHAMTHORPE RD,SILVER SHADOW PATH,52 m West of,Major Arterial,Etobicoke York,43.641318,-79.579822,Non Intersection,No Control,Snow,"Dark, artificial",Loose Snow,Non-Fatal Injury,SMV Other,Passenger,65 to 69,Minor,,,,,,,,,,,,,,,Yes,,,,,Yes,,Yes,,,,12,Markland Wood,12,Markland Wood (12),D22,614546.0623,4833014.9645
16867,81514735,2431394,12/27/2020 10:00:00 AM,1520,LAWRENCE AVE E,KENNEDY RD,200 m West o,Major Arterial,Scarborough,43.748946,-79.277301,Non Intersection,No Control,Clear,Daylight,Dry,Non-Fatal Injury,Rear End,Driver,55 to 59,Minor,,East,"Automobile, Station Wagon",Going Ahead,Speed too Fast For Condition,Inattentive,,,,,,,,,Yes,,,,,Yes,Yes,Yes,,,,126,Dorset Park,126,Dorset Park (126),D41,638698.1395,4845430.5591
16868,81514736,2431394,12/27/2020 10:00:00 AM,1520,LAWRENCE AVE E,KENNEDY RD,200 m West o,Major Arterial,Scarborough,43.748946,-79.277301,Non Intersection,No Control,Clear,Daylight,Dry,Non-Fatal Injury,Rear End,Driver,35 to 39,None,,East,"Automobile, Station Wagon",Slowing or Stopping,Driving Properly,Normal,,,,,,,,,Yes,,,,,Yes,Yes,Yes,,,,126,Dorset Park,126,Dorset Park (126),D41,638698.1395,4845430.5591
16869,81514737,2431394,12/27/2020 10:00:00 AM,1520,LAWRENCE AVE E,KENNEDY RD,200 m West o,Major Arterial,Scarborough,43.748946,-79.277301,Non Intersection,No Control,Clear,Daylight,Dry,Non-Fatal Injury,Rear End,Passenger,35 to 39,Major,,,,,,,,,,,,,,,Yes,,,,,Yes,Yes,Yes,,,,126,Dorset Park,126,Dorset Park (126),D41,638698.1395,4845430.5591
16870,81514738,2431394,12/27/2020 10:00:00 AM,1520,LAWRENCE AVE E,KENNEDY RD,200 m West o,Major Arterial,Scarborough,43.748946,-79.277301,Non Intersection,No Control,Clear,Daylight,Dry,Non-Fatal Injury,Rear End,Passenger,unknown,Minimal,,,,,,,,,,,,,,,Yes,,,,,Yes,Yes,Yes,,,,126,Dorset Park,126,Dorset Park (126),D41,638698.1395,4845430.5591
16871,81509300,2449891,12/30/2020 10:00:00 AM,1700,DUNDAS ST E,OSKENONTON  LANE,54 m East of,Major Arterial,Toronto and East York,43.658408,-79.370212,Non Intersection,No Control,Rain,"Dark, artificial",Wet,Non-Fatal Injury,Pedestrian Collisions,Driver,40 to 44,None,,East,"Automobile, Station Wagon",Going Ahead,Driving Properly,Normal,,,,,,,Yes,,Yes,,,,,,,,,,,73,Moss Park,73,Moss Park (73),D51,631415.2812,4835223.6591
16872,81509301,2449891,12/30/2020 10:00:00 AM,1700,DUNDAS ST E,OSKENONTON  LANE,54 m East of,Major Arterial,Toronto and East York,43.658408,-79.370212,Non Intersection,No Control,Rain,"Dark, artificial",Wet,Non-Fatal Injury,Pedestrian Collisions,Pedestrian,70 to 74,Major,,South,,,,,Pedestrian hit at mid-block,"Crossing, no Traffic Control",Inattentive,,,,Yes,,Yes,,,,,,,,,,,73,Moss Park,73,Moss Park (73),D51,631415.2812,4835223.6591
16873,81432824,2450003,12/30/2020 10:00:00 AM,1721,KENNEDY RD,SHEPPARD AVE E,,Major Arterial,Scarborough,43.783213,-79.288211,Intersection Related,Traffic Signal,Rain,"Dark, artificial",Wet,Fatal,Pedestrian Collisions,Driver,35 to 39,None,,North,"Automobile, Station Wagon",Going Ahead,Other,Unknown,,,,,,,Yes,,Yes,,,,,,,,,,,128,Agincourt South-Malvern West,128,Agincourt South-Malvern West (128),D42,637741.0669,4849218.2275