OBJECTID,INDEX,ACCNUM,DATE,TIME,STREET1,STREET2,OFFSET,ROAD_CLASS,DISTRICT,LATITUDE,LONGITUDE,ACCLOC,TRAFFCTL,VISIBILITY,LIGHT,RDSFCOND,ACCLASS,IMPACTYPE,INVTYPE,INVAGE,INJURY,FATAL_NO,INITDIR,VEHTYPE,MANOEUVER,DRIVACT,DRIVCOND,PEDTYPE,PEDACT,PEDCOND,CYCLISTYPE,CYCACT,CYCCOND,PEDESTRIAN,CYCLIST,AUTOMOBILE,MOTORCYCLE,TRUCK,TRSN_CITY_VEH,EMERG_VEH,PASSENGER,SPEEDING,AG_DRIV,REDLIGHT,ALCOHOL,DISABILITY,HOOD_158,NEIGHBOURHOOD_158,HOOD_140,NEIGHBOURHOOD_140,DIVISION,x,y
17101,81578236,1000977879,5/26/2021 8:00:00 AM,1729,818 HUNTINGWOOD DR,,10 m North o,Minor Arterial,Scarborough,43.79373,-79.296428,At/Near Private Drive,No Control,Clear,Daylight,Dry,Non-Fatal Injury,Cyclist Collisions,Cyclist,20 to 24,Major,,West,Bicycle,Going Ahead,,,,,,"Cyclist loses control and strikes object (pole, ttc track)",Lost control,Inattentive,,Yes,,,,,,,,,,,,118,Tam O'Shanter-Sullivan,118,Tam O'Shanter-Sullivan (118),D42,637055.8289,4850372.6668
17102,81577349,1000983324,5/27/2021 8:00:00 AM,1315,44 RUSSELL HILL RD,,92 m North o,Collector,Toronto and East York,43.681243,-79.404117,Non Intersection,No Control,Clear,Daylight,Dry,Non-Fatal Injury,Cyclist Collisions,Driver,70 to 74,None,,East,"Automobile, Station Wagon",Turning Right,Improper Turn,Inattentive,,,,,,,,Yes,Yes,,,,,,,,,,,96,Casa Loma,96,Casa Loma (96),D53,628632.5893,4837706.6498
17103,81577350,1000983324,5/27/2021 8:00:00 AM,1315,44 RUSSELL HILL RD,,92 m North o,Collector,Toronto and East York,43.681243,-79.404117,Non Intersection,No Control,Clear,Daylight,Dry,Non-Fatal Injury,Cyclist Collisions,Cyclist,30 to 34,Major,,East,Bicycle,Going Ahead,,,,,,"Motorist turns right at non-signal Inter.(stop, yield, no cont.,and dwy) and strikes cyclist.",Driving Properly,Normal,,Yes,Yes,,,,,,,,,,,96,Casa Loma,96,Casa Loma (96),D53,628632.5893,4837706.6498
17104,81583749,1000988001,5/28/2021 8:00:00 AM,527,2043 DUNDAS ST W,,,Minor Arterial,Toronto and East York,43.651698,-79.4472,Non Intersection,No Control,Clear,"Dark, artificial",Dry,Non-Fatal Injury,SMV Unattended Vehicle,Driver,15 to 19,Minor,,East,Passenger Van,Going Ahead,Lost control,Inattentive,,,,,,,,,Yes,,,,,Yes,,,,,,86,Roncesvalles,86,Roncesvalles (86),D11,625221.3647,4834359.369
17105,81583750,1000988001,5/28/2021 8:00:00 AM,527,2043 DUNDAS ST W,,,Minor Arterial,Toronto and East York,43.651698,-79.4472,Non Intersection,No Control,Clear,"Dark, artificial",Dry,Non-Fatal Injury,SMV Unattended Vehicle,Other,unknown,None,,East,"Automobile, Station Wagon",Parked,,,,,,,,,,,Yes,,,,,Yes,,,,,,86,Roncesvalles,86,Roncesvalles (86),D11,625221.3647,4834359.369
17106,81583751,1000988001,5/28/2021 8:00:00 AM,527,2043 DUNDAS ST W,,,Minor Arterial,Toronto and East York,43.651698,-79.4472,Non Intersection,No Control,Clear,"Dark, artificial",Dry,Non-Fatal Injury,SMV Unattended Vehicle,Passenger,20 to 24,Major,,,,,,,,,,,,,,,Yes,,,,,Yes,,,,,,86,Roncesvalles,86,Roncesvalles (86),D11,625221.3647,4834359.369
17107,81583512,1000995012,5/29/2021 8:00:00 AM,605,CITY VIEW DR,DIXON  RD,45 m North o,Local,Etobicoke York,43.690154,-79.579425,Non Intersection,No Control,Clear,Daylight,Dry,Non-Fatal Injury,SMV Other,Driver,30 to 34,Major,,South,"Automobile, Station Wagon",Going Ahead,Lost control,Normal,,,,,,,,,Yes,,,,,,Yes,Yes,,,,1,West Humber-Clairville,1,West Humber-Clairville (1),D23,614485.2138,4838439.3804
17108,81577000,1000999578,5/29/2021 8:00:00 AM,2040,LAKE SHORE  BLVD W,YORK  ST,,Major Arterial,Toronto and East York,43.641387,-79.380832,At Intersection,Traffic Signal,Clear,"Dusk, artificial",Dry,Non-Fatal Injury,Pedestrian Collisions,Motorcycle Driver,35 to 39,Major,,West,Motorcycle,Going Ahead,Driving Properly,Normal,,,,,,,Yes,,,Yes,,,,,,,,,,166,St Lawrence-East Bayfront-The Islands,77,Waterfront Communities-The Island (77),D52,630595.8306,4833316.4881
17109,81577001,1000999578,5/29/2021 8:00:00 AM,2040,LAKE SHORE  BLVD W,YORK  ST,,Major Arterial,Toronto and East York,43.641387,-79.380832,At Intersection,Traffic Signal,Clear,"Dusk, artificial",Dry,Non-Fatal Injury,Pedestrian Collisions,Pedestrian,25 to 29,Major,,North,,,,,Vehicle is going straight thru inter.while ped cross without ROW,Crossing without right of way,Inattentive,,,,Yes,,,Yes,,,,,,,,,,166,St Lawrence-East Bayfront-The Islands,77,Waterfront Communities-The Island (77),D52,630595.8306,4833316.4881
17110,81581568,1001001420,5/30/2021 8:00:00 AM,450,SHEPPARD AVE W,WILLIAM R ALLEN RD,1 m East of,Major Arterial,North York,43.750178,-79.463344,Intersection Related,Traffic Signal,Clear,"Dark, artificial",Dry,Non-Fatal Injury,SMV Other,Driver,35 to 39,Major,,East,"Automobile, Station Wagon",Going Ahead,Lost control,Unknown,,,,,,,,,Yes,,,,,,,,,,,155,Downsview,26,Downsview-Roding-CFB (26),D32,623716.7462,4845272.6995
17111,81576832,1001003363,5/30/2021 8:00:00 AM,1315,BLOOR  ST W,GLENDONWYNNE RD,52 m East of,Major Arterial,Etobicoke York,43.651698,-79.473323,Non Intersection,No Control,Clear,Daylight,Dry,Non-Fatal Injury,Pedestrian Collisions,Driver,15 to 19,None,,West,"Automobile, Station Wagon",Going Ahead,Driving Properly,Normal,,,,,,,Yes,,Yes,,,,,Yes,,,,,,87,High Park-Swansea,87,High Park-Swansea (87),D11,623114.7265,4834320.2813
17112,81576833,1001003363,5/30/2021 8:00:00 AM,1315,BLOOR  ST W,GLENDONWYNNE RD,52 m East of,Major Arterial,Etobicoke York,43.651698,-79.473323,Non Intersection,No Control,Clear,Daylight,Dry,Non-Fatal Injury,Pedestrian Collisions,Passenger,15 to 19,None,,,,,,,,,,,,,Yes,,Yes,,,,,Yes,,,,,,87,High Park-Swansea,87,High Park-Swansea (87),D11,623114.7265,4834320.2813
17113,81576834,1001003363,5/30/2021 8:00:00 AM,1315,BLOOR  ST W,GLENDONWYNNE RD,52 m East of,Major Arterial,Etobicoke York,43.651698,-79.473323,Non Intersection,No Control,Clear,Daylight,Dry,Non-Fatal Injury,Pedestrian Collisions,Pedestrian,65 to 69,Major,,South,,,,,Pedestrian hit at mid-block,"Crossing, no Traffic Control",Normal,,,,Yes,,Yes,,,,,Yes,,,,,,87,High Park-Swansea,87,High Park-Swansea (87),D11,623114.7265,4834320.2813
17114,81583370,1001004435,5/30/2021 8:00:00 AM,1610,LAING ST,QUEEN ST E,,Minor Arterial,Toronto and East York,43.663836,-79.327312,At Intersection,Stop Sign,Clear,Daylight,Dry,Non-Fatal Injury,Turning Movement,Driver,20 to 24,None,,North,"Automobile, Station Wagon",Turning Left,Failed to Yield Right of Way,Inattentive,,,,,,,,,Yes,Yes,,,,Yes,,Yes,,,,65,Greenwood-Coxwell,65,Greenwood-Coxwell (65),D55,634862.3373,4835895.3543
17115,81583371,1001004435,5/30/2021 8:00:00 AM,1610,LAING ST,QUEEN ST E,,Minor Arterial,Toronto and East York,43.663836,-79.327312,At Intersection,Stop Sign,Clear,Daylight,Dry,Non-Fatal Injury,Turning Movement,Motorcycle Driver,40 to 44,Major,,East,Motorcycle,Going Ahead,Driving Properly,Unknown,,,,,,,,,Yes,Yes,,,,Yes,,Yes,,,,65,Greenwood-Coxwell,65,Greenwood-Coxwell (65),D55,634862.3373,4835895.3543
17116,81583372,1001004435,5/30/2021 8:00:00 AM,1610,LAING ST,QUEEN ST E,,Minor Arterial,Toronto and East York,43.663836,-79.327312,At Intersection,Stop Sign,Clear,Daylight,Dry,Non-Fatal Injury,Turning Movement,Passenger,40 to 44,None,,,,,,,,,,,,,,,Yes,Yes,,,,Yes,,Yes,,,,65,Greenwood-Coxwell,65,Greenwood-Coxwell (65),D55,634862.3373,4835895.3543
17117,81583373,1001004435,5/30/2021 8:00:00 AM,1610,LAING ST,QUEEN ST E,,Minor Arterial,Toronto and East York,43.663836,-79.327312,At Intersection,Stop Sign,Clear,Daylight,Dry,Non-Fatal Injury,Turning Movement,Passenger,20 to 24,None,,,,,,,,,,,,,,,Yes,Yes,,,,Yes,,Yes,,,,65,Greenwood-Coxwell,65,Greenwood-Coxwell (65),D55,634862.3373,4835895.3543
17118,81579333,1001013918,5/31/2021 8:00:00 AM,2240,DON VALLEY PARKWAY  S,DON MILLS RD,,Expressway,North York,43.698252,-79.340442,Non Intersection,No Control,Clear,"Dark, artificial",Dry,Fatal,SMV Other,Motorcycle Passenger,35 to 39,Fatal,9,,,,,,,,,,,,,,,Yes,,,,Yes,,,,,,58,Old East York,58,Old East York (58),D55,633727.2191,4839696.4649
17119,81579334,1001013918,5/31/2021 8:00:00 AM,2240,DON VALLEY PARKWAY  S,DON MILLS RD,,Expressway,North York,43.698252,-79.340442,Non Intersection,No Control,Clear,"Dark, artificial",Dry,Fatal,SMV Other,Motorcycle Driver,35 to 39,Major,,South,Motorcycle,Changing Lanes,Lost control,Unknown,,,,,,,,,,Yes,,,,Yes,,,,,,58,Old East York,58,Old East York (58),D55,633727.2191,4839696.4649
17120,81579337,1001013918,5/31/2021 8:00:00 AM,2240,DON VALLEY PARKWAY  S,DON MILLS RD,,Expressway,North York,43.698252,-79.340442,Non Intersection,No Control,Clear,"Dark, artificial",Dry,Fatal,SMV Other,Motorcycle Driver,40 to 44,Major,,South,Motorcycle,Changing Lanes,Lost control,Unknown,,,,,,,,,,Yes,,,,Yes,,,,,,58,Old East York,58,Old East York (58),D55,633727.2191,4839696.4649
17121,81578173,1001036123,6/3/2021 8:00:00 AM,2332,1651 ELLESMERE RD,,,Major Arterial,Scarborough,43.772353,-79.25027,At/Near Private Drive,Yield Sign,Clear,"Dark, artificial",Dry,Non-Fatal Injury,Turning Movement,Driver,20 to 24,None,,South,"Automobile, Station Wagon",Turning Left,Improper Turn,Inattentive,,,,,,,,,Yes,Yes,,,,Yes,,,,,,142,Woburn North,137,Woburn (137),D43,640819.5602,4848075.8854
17122,81578174,1001036123,6/3/2021 8:00:00 AM,2332,1651 ELLESMERE RD,,,Major Arterial,Scarborough,43.772353,-79.25027,At/Near Private Drive,Yield Sign,Clear,"Dark, artificial",Dry,Non-Fatal Injury,Turning Movement,Motorcycle Driver,15 to 19,Major,,West,Motorcycle,Going Ahead,Driving Properly,Normal,,,,,,,,,Yes,Yes,,,,Yes,,,,,,142,Woburn North,137,Woburn (137),D43,640819.5602,4848075.8854
17123,81578175,1001036123,6/3/2021 8:00:00 AM,2332,1651 ELLESMERE RD,,,Major Arterial,Scarborough,43.772353,-79.25027,At/Near Private Drive,Yield Sign,Clear,"Dark, artificial",Dry,Non-Fatal Injury,Turning Movement,Passenger,20 to 24,None,,,,,,,,,,,,,,,Yes,Yes,,,,Yes,,,,,,142,Woburn North,137,Woburn (137),D43,640819.5602,4848075.8854
17124,81578176,1001036123,6/3/2021 8:00:00 AM,2332,1651 ELLESMERE RD,,,Major Arterial,Scarborough,43.772353,-79.25027,At/Near Private Drive,Yield Sign,Clear,"Dark, artificial",Dry,Non-Fatal Injury,Turning Movement,Passenger,20 to 24,None,,,,,,,,,,,,,,,Yes,Yes,,,,Yes,,,,,,142,Woburn North,137,Woburn (137),D43,640819.5602,4848075.8854
17125,81578177,1001036123,6/3/2021 8:00:00 AM,2332,1651 ELLESMERE RD,,,Major Arterial,Scarborough,43.772353,-79.25027,At/Near Private Drive,Yield Sign,Clear,"Dark, artificial",Dry,Non-Fatal Injury,Turning Movement,Passenger,20 to 24,None,,,,,,,,,,,,,,,Yes,Yes,,,,Yes,,,,,,142,Woburn North,137,Woburn (137),D43,640819.5602,4848075.8854
17126,81582043,1001039843,6/4/2021 8:00:00 AM,1321,SCARLETT  RD,EGLINTON  AVE W,,Major Arterial,Etobicoke York,43.68389,-79.511417,At Intersection,Traffic Controller,Clear,Daylight,Dry,Non-Fatal Injury,Cyclist Collisions,Driver,45 to 49,None,,West,"Automobile, Station Wagon",Turning Left,Improper Turn,Normal,,,,,,,,Yes,Yes,,,,,,,,,,,9,Edenbridge-Humber Valley,9,Edenbridge-Humber Valley (9),D22,619978.56,4837839.8142
17127,81582044,1001039843,6/4/2021 8:00:00 AM,1321,SCARLETT  RD,EGLINTON  AVE W,,Major Arterial,Etobicoke York,43.68389,-79.511417,At Intersection,Traffic Controller,Clear,Daylight,Dry,Non-Fatal Injury,Cyclist Collisions,Cyclist,20 to 24,Major,,East,Bicycle,Going Ahead,,,,,,Motorist turned left across cyclists path.,Driving Properly,Normal,,Yes,Yes,,,,,,,,,,,9,Edenbridge-Humber Valley,9,Edenbridge-Humber Valley (9),D22,619978.56,4837839.8142
17128,81576528,1001045574,6/5/2021 8:00:00 AM,851,PARLIAMENT  ST,RICHMOND  ST E,7 m West of,Major Arterial,Toronto and East York,43.654486,-79.363986,At Intersection,Traffic Signal,Clear,Daylight,Dry,Non-Fatal Injury,Angle,Driver,40 to 44,Major,,North,"Automobile, Station Wagon",Going Ahead,Disobeyed Traffic Control,Normal,,,,,,,,,Yes,,,,,,,Yes,Yes,,,73,Moss Park,73,Moss Park (73),D51,631925.8985,4834797.949
17129,81576529,1001045574,6/5/2021 8:00:00 AM,851,PARLIAMENT  ST,RICHMOND  ST E,7 m West of,Major Arterial,Toronto and East York,43.654486,-79.363986,At Intersection,Traffic Signal,Clear,Daylight,Dry,Non-Fatal Injury,Angle,Driver,75 to 79,Major,,West,Pick Up Truck,Going Ahead,Driving Properly,Normal,,,,,,,,,Yes,,,,,,,Yes,Yes,,,73,Moss Park,73,Moss Park (73),D51,631925.8985,4834797.949
17130,81576469,1001046834,6/5/2021 8:00:00 AM,1246,PARK LAWN RD,LAKE SHORE BLVD W,13 m  of,Major Arterial,Etobicoke York,43.622897,-79.481166,At Intersection,Traffic Signal,Clear,Daylight,Dry,Non-Fatal Injury,Turning Movement,Motorcycle Driver,30 to 34,Major,,North,Motorcycle,Turning Right,Disobeyed Traffic Control,Unknown,,,,,,,,,,Yes,Yes,,,,,Yes,Yes,,,161,Humber Bay Shores,17,Mimico (includes Humber Bay Shores) (17),D22,622540.7723,4831109.9609
17131,81576470,1001046834,6/5/2021 8:00:00 AM,1246,PARK LAWN RD,LAKE SHORE BLVD W,13 m  of,Major Arterial,Etobicoke York,43.622897,-79.481166,At Intersection,Traffic Signal,Clear,Daylight,Dry,Non-Fatal Injury,Turning Movement,Truck Driver,20 to 24,None,,South,Truck-Tractor,Turning Left,Driving Properly,Normal,,,,,,,,,,Yes,Yes,,,,,Yes,Yes,,,161,Humber Bay Shores,17,Mimico (includes Humber Bay Shores) (17),D22,622540.7723,4831109.9609
17132,81577100,1001050264,6/5/2021 8:00:00 AM,2120,LAWRENCE  AVE E,RODDA BLVD,,Major Arterial,Scarborough,43.76734,-79.190624,At Intersection,No Control,Clear,"Dark, artificial",Dry,Non-Fatal Injury,Pedestrian Collisions,Driver,25 to 29,None,,East,"Automobile, Station Wagon",Turning Left,Failed to Yield Right of Way,Had Been Drinking,,,,,,,Yes,,Yes,,,,,,,Yes,,,,136,West Hill,136,West Hill (136),D43,645632.1407,4847622.2901
17133,81577101,1001050264,6/5/2021 8:00:00 AM,2120,LAWRENCE  AVE E,RODDA BLVD,,Major Arterial,Scarborough,43.76734,-79.190624,At Intersection,No Control,Clear,"Dark, artificial",Dry,Non-Fatal Injury,Pedestrian Collisions,Pedestrian,30 to 34,Major,,North,,,,,Vehicle turns left while ped crosses with ROW at inter.,Crossing with right of way,Normal,,,,Yes,,Yes,,,,,,,Yes,,,,136,West Hill,136,West Hill (136),D43,645632.1407,4847622.2901
17134,81577102,1001050264,6/5/2021 8:00:00 AM,2120,LAWRENCE  AVE E,RODDA BLVD,,Major Arterial,Scarborough,43.76734,-79.190624,At Intersection,No Control,Clear,"Dark, artificial",Dry,Non-Fatal Injury,Pedestrian Collisions,Pedestrian,25 to 29,Major,,North,,,,,Vehicle turns left while ped crosses with ROW at inter.,Crossing with right of way,Normal,,,,Yes,,Yes,,,,,,,Yes,,,,136,West Hill,136,West Hill (136),D43,645632.1407,4847622.2901
17135,81578876,1001050520,6/5/2021 8:00:00 AM,2159,QUEEN ST W,BAY ST,50 m West of,Major Arterial,Toronto and East York,43.65161,-79.382747,Non Intersection,No Control,Clear,"Dark, artificial",Dry,Non-Fatal Injury,Rear End,Driver,15 to 19,None,,East,"Automobile, Station Wagon",Going Ahead,Following too Close,Inattentive,,,,,,,,,Yes,Yes,,,,Yes,,Yes,,,,170,Yonge-Bay Corridor,76,Bay Street Corridor (76),D52,630419.2467,4834448.8741
17136,81578877,1001050520,6/5/2021 8:00:00 AM,2159,QUEEN ST W,BAY ST,50 m West of,Major Arterial,Toronto and East York,43.65161,-79.382747,Non Intersection,No Control,Clear,"Dark, artificial",Dry,Non-Fatal Injury,Rear End,Motorcycle Driver,40 to 44,Minimal,,East,Motorcycle,Going Ahead,Driving Properly,Normal,,,,,,,,,Yes,Yes,,,,Yes,,Yes,,,,170,Yonge-Bay Corridor,76,Bay Street Corridor (76),D52,630419.2467,4834448.8741
17137,81578878,1001050520,6/5/2021 8:00:00 AM,2159,QUEEN ST W,BAY ST,50 m West of,Major Arterial,Toronto and East York,43.65161,-79.382747,Non Intersection,No Control,Clear,"Dark, artificial",Dry,Non-Fatal Injury,Rear End,Passenger,15 to 19,None,,,,,,,,,,,,,,,Yes,Yes,,,,Yes,,Yes,,,,170,Yonge-Bay Corridor,76,Bay Street Corridor (76),D52,630419.2467,4834448.8741
17138,81578879,1001050520,6/5/2021 8:00:00 AM,2159,QUEEN ST W,BAY ST,50 m West of,Major Arterial,Toronto and East York,43.65161,-79.382747,Non Intersection,No Control,Clear,"Dark, artificial",Dry,Non-Fatal Injury,Rear End,Motorcycle Passenger,30 to 34,Major,,,,,,,,,,,,,,,Yes,Yes,,,,Yes,,Yes,,,,170,Yonge-Bay Corridor,76,Bay Street Corridor (76),D52,630419.2467,4834448.8741
17139,81604086,1001050592,6/5/2021 8:00:00 AM,2211,DON VALLEY PY S,EASTERN AVE DN,16 m North o,Major Arterial,Toronto and East York,43.656638,-79.352527,Intersection Related,Traffic Signal,Clear,"Dark, artificial",Loose Sand or Gravel,Non-Fatal Injury,SMV Other,Motorcycle Driver,20 to 24,Major,,South,Motorcycle,Going Ahead,Improper Passing,Unknown,,,,,,,,,Yes,Yes,,,,,Yes,Yes,,,,70,South Riverdale,70,South Riverdale (70),D55,632845.2011,4835055.2398
17140,81604087,1001050592,6/5/2021 8:00:00 AM,2211,DON VALLEY PY S,EASTERN AVE DN,16 m North o,Major Arterial,Toronto and East York,43.656638,-79.352527,Intersection Related,Traffic Signal,Clear,"Dark, artificial",Loose Sand or Gravel,Non-Fatal Injury,SMV Other,Driver,20 to 24,None,,South,"Automobile, Station Wagon",Going Ahead,Driving Properly,Normal,,,,,,,,,Yes,Yes,,,,,Yes,Yes,,,,70,South Riverdale,70,South Riverdale (70),D55,632845.2011,4835055.2398
17141,81576795,1001069325,6/8/2021 8:00:00 AM,1444,QUEEN  ST W,MANNING  AVE,10 m East of,Major Arterial,Toronto and East York,43.646216,-79.408542,Intersection Related,No Control,Clear,Daylight,Dry,Non-Fatal Injury,Pedestrian Collisions,Driver,25 to 29,None,,East,"Automobile, Station Wagon",Going Ahead,Driving Properly,Normal,,,,,,,Yes,,Yes,,,,,,,,,,,162,West Queen West,82,Niagara (82),D14,628350.5417,4833809.5827
17142,81576796,1001069325,6/8/2021 8:00:00 AM,1444,QUEEN  ST W,MANNING  AVE,10 m East of,Major Arterial,Toronto and East York,43.646216,-79.408542,Intersection Related,No Control,Clear,Daylight,Dry,Non-Fatal Injury,Pedestrian Collisions,Pedestrian,35 to 39,Major,,North,,,,,Vehicle is going straight thru inter.while ped cross without ROW,Running onto Roadway,Had Been Drinking,,,,Yes,,Yes,,,,,,,,,,,162,West Queen West,82,Niagara (82),D14,628350.5417,4833809.5827
17143,81579590,1001072175,6/8/2021 8:00:00 AM,2209,WARDEN AVE,MCNICOLL AVE,320 m North ,Major Arterial,Scarborough,43.809027,-79.322208,Non Intersection,No Control,Clear,"Dark, artificial",Dry,Non-Fatal Injury,Pedestrian Collisions,Driver,60 to 64,None,,North,Passenger Van,Going Ahead,Driving Properly,Normal,,,,,,,Yes,,Yes,,,,,,,,,,,116,Steeles,116,Steeles (116),D42,634947.3084,4852029.2751
17144,81579591,1001072175,6/8/2021 8:00:00 AM,2209,WARDEN AVE,MCNICOLL AVE,320 m North ,Major Arterial,Scarborough,43.809027,-79.322208,Non Intersection,No Control,Clear,"Dark, artificial",Dry,Non-Fatal Injury,Pedestrian Collisions,Pedestrian,45 to 49,Major,,East,,,,,Pedestrian hit at mid-block,"Crossing, no Traffic Control",Inattentive,,,,Yes,,Yes,,,,,,,,,,,116,Steeles,116,Steeles (116),D42,634947.3084,4852029.2751
17145,81578230,1001078704,6/9/2021 8:00:00 AM,1945,F G GARDINER XY  W,YORK ST,14 m East of,Expressway,Toronto and East York,43.64173,-79.380687,Non Intersection,No Control,Clear,Daylight,Dry,Non-Fatal Injury,SMV Other,Motorcycle Driver,35 to 39,Major,,West,Motorcycle,Going Ahead,Exceeding Speed Limit,Normal,,,,,,,,,,Yes,,,,,Yes,Yes,,,,166,St Lawrence-East Bayfront-The Islands,77,Waterfront Communities-The Island (77),D52,630606.7826,4833354.8109
17146,81577643,1001104105,6/13/2021 8:00:00 AM,1315,VICTORIA PARK AVE,FINCH AVE E,,Major Arterial,Scarborough,43.793036,-79.331371,At Intersection,Traffic Signal,Clear,Daylight,Dry,Fatal,Pedestrian Collisions,Driver,unknown,None,,East,Other,Going Ahead,Other,Unknown,,,,,,,Yes,,,,,,,,,,,,,147,L'Amoreaux West,117,L'Amoreaux (117),D42,634246.1187,4850238.3162
17147,81577646,1001104105,6/13/2021 8:00:00 AM,1315,VICTORIA PARK AVE,FINCH AVE E,,Major Arterial,Scarborough,43.793036,-79.331371,At Intersection,Traffic Signal,Clear,Daylight,Dry,Fatal,Pedestrian Collisions,Pedestrian,65 to 69,Fatal,11,North,,Going Ahead,,,Vehicle is going straight thru inter.while ped cross without ROW,Other,Unknown,,,,Yes,,,,,,,,,,,,,147,L'Amoreaux West,117,L'Amoreaux (117),D42,634246.1187,4850238.3162
17148,81578532,1001141851,6/18/2021 8:00:00 AM,1550,LAWRENCE  AVE W,WESTON RD,17 m West of,Major Arterial,Etobicoke York,43.700087,-79.516155,Intersection Related,No Control,Clear,Daylight,Dry,Non-Fatal Injury,Pedestrian Collisions,Driver,50 to 54,None,,West,"Automobile, Station Wagon",Going Ahead,Driving Properly,Normal,,,,,,,Yes,,Yes,,,,,,,,,,,113,Weston,113,Weston (113),D12,619564.4888,4839631.8669
17149,81578533,1001141851,6/18/2021 8:00:00 AM,1550,LAWRENCE  AVE W,WESTON RD,17 m West of,Major Arterial,Etobicoke York,43.700087,-79.516155,Intersection Related,No Control,Clear,Daylight,Dry,Non-Fatal Injury,Pedestrian Collisions,Pedestrian,70 to 74,Major,,North,,,,,Pedestrian hit at mid-block,"Crossing, no Traffic Control",Inattentive,,,,Yes,,Yes,,,,,,,,,,,113,Weston,113,Weston (113),D12,619564.4888,4839631.8669
17150,81577413,1001142501,6/18/2021 8:00:00 AM,1725,720 ARROW RD,,,Minor Arterial,North York,43.747069,-79.529887,Non Intersection,No Control,Clear,Daylight,Dry,Fatal,Approaching,Motorcycle Driver,60 to 64,Fatal,18,South,Motorcycle,Going Ahead,Improper Passing,Unknown,,,,,,,,,Yes,Yes,,,,,,Yes,,,,22,Humbermede,22,Humbermede (22),D31,618365.4311,4844830.1685
17151,81577414,1001142501,6/18/2021 8:00:00 AM,1725,720 ARROW RD,,,Minor Arterial,North York,43.747069,-79.529887,Non Intersection,No Control,Clear,Daylight,Dry,Fatal,Approaching,Driver,30 to 34,None,,North,"Automobile, Station Wagon",Going Ahead,Driving Properly,Normal,,,,,,,,,Yes,Yes,,,,,,Yes,,,,22,Humbermede,22,Humbermede (22),D31,618365.4311,4844830.1685
17152,81577415,1001142501,6/18/2021 8:00:00 AM,1725,720 ARROW RD,,,Minor Arterial,North York,43.747069,-79.529887,Non Intersection,No Control,Clear,Daylight,Dry,Fatal,Approaching,Driver,65 to 69,None,,North,"Automobile, Station Wagon",Going Ahead,Driving Properly,Normal,,,,,,,,,Yes,Yes,,,,,,Yes,,,,22,Humbermede,22,Humbermede (22),D31,618365.4311,4844830.1685
17153,81577501,1001146779,6/19/2021 8:00:00 AM,1015,FOREST MANOR  RD,PARKWAY FOREST  DR,,Collector,North York,43.775,-79.343349,At Intersection,Stop Sign,Clear,Daylight,Dry,Non-Fatal Injury,Pedestrian Collisions,Driver,30 to 34,None,,East,"Automobile, Station Wagon",Turning Left,Failed to Yield Right of Way,Inattentive,,,,,,,Yes,,Yes,,,,,,,Yes,,,,53,Henry Farm,53,Henry Farm (53),D33,633322.5321,4848215.7785
17154,81577502,1001146779,6/19/2021 8:00:00 AM,1015,FOREST MANOR  RD,PARKWAY FOREST  DR,,Collector,North York,43.775,-79.343349,At Intersection,Stop Sign,Clear,Daylight,Dry,Non-Fatal Injury,Pedestrian Collisions,Pedestrian,75 to 79,Major,,East,,,,,Vehicle turns left while ped crosses with ROW at inter.,Crossing with right of way,Normal,,,,Yes,,Yes,,,,,,,Yes,,,,53,Henry Farm,53,Henry Farm (53),D33,633322.5321,4848215.7785
17155,81707082,1001147674,6/19/2021 8:00:00 AM,1250,DAVISVILLE AV,MOUNT PLEASANT RD,6 m West of,Major Arterial,Toronto and East York,43.700236,-79.38692,At Intersection,Traffic Signal,Clear,Daylight,Dry,Non-Fatal Injury,Pedestrian Collisions,Truck Driver,unknown,None,,North,Truck (other),Turning Left,Improper Turn,Inattentive,,,,,,,Yes,,,,Yes,,,,,,,,,99,Mount Pleasant East,99,Mount Pleasant East (99),D53,629977.6951,4839842.9007
17156,81707083,1001147674,6/19/2021 8:00:00 AM,1250,DAVISVILLE AV,MOUNT PLEASANT RD,6 m West of,Major Arterial,Toronto and East York,43.700236,-79.38692,At Intersection,Traffic Signal,Clear,Daylight,Dry,Non-Fatal Injury,Pedestrian Collisions,Pedestrian,20 to 24,Major,,South,,,,,Vehicle turns left while ped crosses with ROW at inter.,Crossing with right of way,Normal,,,,Yes,,,,Yes,,,,,,,,,99,Mount Pleasant East,99,Mount Pleasant East (99),D53,629977.6951,4839842.9007
17157,81577644,1001151188,6/19/2021 8:00:00 AM,2219,LAKE SHORE BLVD W,FORTY SECOND ST,,Major Arterial,Etobicoke York,43.589678,-79.545596,At Intersection,Stop Sign,Clear,"Dark, artificial",Dry,Fatal,Turning Movement,Driver,30 to 34,None,,North,"Automobile, Station Wagon",Turning Left,Driving Properly,Normal,,,,,,,,,Yes,Yes,,,,,,,,,,19,Long Branch,19,Long Branch (19),D22,617407.0683,4827327.5217