OBJECTID,INDEX,ACCNUM,DATE,TIME,STREET1,STREET2,OFFSET,ROAD_CLASS,DISTRICT,LATITUDE,LONGITUDE,ACCLOC,TRAFFCTL,VISIBILITY,LIGHT,RDSFCOND,ACCLASS,IMPACTYPE,INVTYPE,INVAGE,INJURY,FATAL_NO,INITDIR,VEHTYPE,MANOEUVER,DRIVACT,DRIVCOND,PEDTYPE,PEDACT,PEDCOND,CYCLISTYPE,CYCACT,CYCCOND,PEDESTRIAN,CYCLIST,AUTOMOBILE,MOTORCYCLE,TRUCK,TRSN_CITY_VEH,EMERG_VEH,PASSENGER,SPEEDING,AG_DRIV,REDLIGHT,ALCOHOL,DISABILITY,HOOD_158,NEIGHBOURHOOD_158,HOOD_140,NEIGHBOURHOOD_140,DIVISION,x,y
17325,81584048,1001735558,9/10/2021 8:00:00 AM,1926,GERRARD ST E,YONGE  ST,58 m East of,Minor Arterial,Toronto and East York,43.659201,-79.381183,Non Intersection,No Control,Clear,"Dark, artificial",Dry,Non-Fatal Injury,Cyclist Collisions,Driver,25 to 29,None,,West,Delivery Van,Pulling Onto Shoulder or towardCurb,Failed to Yield Right of Way,Normal,,,,,,,,Yes,Yes,,,,,Yes,,Yes,,,,168,Downtown Yonge East,75,Church-Yonge Corridor (75),D51,630528.9249,4835294.4142
17326,81584049,1001735558,9/10/2021 8:00:00 AM,1926,GERRARD ST E,YONGE  ST,58 m East of,Minor Arterial,Toronto and East York,43.659201,-79.381183,Non Intersection,No Control,Clear,"Dark, artificial",Dry,Non-Fatal Injury,Cyclist Collisions,Cyclist,30 to 34,Major,,West,Bicycle,Going Ahead,,,,,,Cyclist and Driver travelling in same direction. One vehicle sideswipes the other.,Driving Properly,Normal,,Yes,Yes,,,,,Yes,,Yes,,,,168,Downtown Yonge East,75,Church-Yonge Corridor (75),D51,630528.9249,4835294.4142
17327,81584050,1001735558,9/10/2021 8:00:00 AM,1926,GERRARD ST E,YONGE  ST,58 m East of,Minor Arterial,Toronto and East York,43.659201,-79.381183,Non Intersection,No Control,Clear,"Dark, artificial",Dry,Non-Fatal Injury,Cyclist Collisions,Passenger,20 to 24,None,,,,,,,,,,,,,,Yes,Yes,,,,,Yes,,Yes,,,,168,Downtown Yonge East,75,Church-Yonge Corridor (75),D51,630528.9249,4835294.4142
17328,81582773,1001747721,9/12/2021 8:00:00 AM,1500,BLOOR ST W,CHARLESTON RD,,Major Arterial,Etobicoke York,43.63935,-79.546191,Intersection Related,Stop Sign,Clear,Daylight,Dry,Non-Fatal Injury,Turning Movement,Driver,90 to 94,Major,,South,"Automobile, Station Wagon",Turning Right,Disobeyed Traffic Control,Inattentive,,,,,,,,,Yes,,,,,Yes,,Yes,,,,158,Islington,14,Islington-City Centre West (14),D22,617262.458,4832843.355
17329,81582774,1001747721,9/12/2021 8:00:00 AM,1500,BLOOR ST W,CHARLESTON RD,,Major Arterial,Etobicoke York,43.63935,-79.546191,Intersection Related,Stop Sign,Clear,Daylight,Dry,Non-Fatal Injury,Turning Movement,Driver,45 to 49,Minimal,,West,"Automobile, Station Wagon",Going Ahead,Driving Properly,Normal,,,,,,,,,Yes,,,,,Yes,,Yes,,,,158,Islington,14,Islington-City Centre West (14),D22,617262.458,4832843.355
17330,81582775,1001747721,9/12/2021 8:00:00 AM,1500,BLOOR ST W,CHARLESTON RD,,Major Arterial,Etobicoke York,43.63935,-79.546191,Intersection Related,Stop Sign,Clear,Daylight,Dry,Non-Fatal Injury,Turning Movement,Passenger,15 to 19,None,,West,"Automobile, Station Wagon",Going Ahead,,,,,,,,,,,Yes,,,,,Yes,,Yes,,,,158,Islington,14,Islington-City Centre West (14),D22,617262.458,4832843.355
17331,81582776,1001747721,9/12/2021 8:00:00 AM,1500,BLOOR ST W,CHARLESTON RD,,Major Arterial,Etobicoke York,43.63935,-79.546191,Intersection Related,Stop Sign,Clear,Daylight,Dry,Non-Fatal Injury,Turning Movement,Passenger,10 to 14,None,,West,"Automobile, Station Wagon",Going Ahead,,,,,,,,,,,Yes,,,,,Yes,,Yes,,,,158,Islington,14,Islington-City Centre West (14),D22,617262.458,4832843.355
17332,81581790,1001791905,9/18/2021 8:00:00 AM,1355,LAWRENCE AVE  W,WESTON RD,,Major Arterial,Etobicoke York,43.700087,-79.516155,At Intersection,Traffic Signal,Clear,Daylight,Dry,Fatal,Turning Movement,Driver,60 to 64,None,,North,Delivery Van,Turning Left,Improper Turn,Normal,,,,,,,,,Yes,Yes,,,,,Yes,Yes,,,,113,Weston,113,Weston (113),D12,619564.4888,4839631.8669
17333,81581791,1001791905,9/18/2021 8:00:00 AM,1355,LAWRENCE AVE  W,WESTON RD,,Major Arterial,Etobicoke York,43.700087,-79.516155,At Intersection,Traffic Signal,Clear,Daylight,Dry,Fatal,Turning Movement,Motorcycle Driver,45 to 49,Fatal,37,South,Motorcycle,Going Ahead,Exceeding Speed Limit,Unknown,,,,,,,,,Yes,Yes,,,,,Yes,Yes,,,,113,Weston,113,Weston (113),D12,619564.4888,4839631.8669
17334,81615054,1001794472,9/18/2021 8:00:00 AM,2100,SHEPPARD AVE E,NEILSON RD,3 m West of,Major Arterial,Scarborough,43.798037,-79.217922,Intersection Related,Traffic Signal,Clear,"Dark, artificial",Dry,Non-Fatal Injury,Turning Movement,Driver,25 to 29,None,,West,"Automobile, Station Wagon",Turning Left,Failed to Yield Right of Way,Inattentive,,,,,,,,,Yes,Yes,,,,,,Yes,,,,146,Malvern East,132,Malvern (132),D42,643361.5685,4850984.0302
17335,81615055,1001794472,9/18/2021 8:00:00 AM,2100,SHEPPARD AVE E,NEILSON RD,3 m West of,Major Arterial,Scarborough,43.798037,-79.217922,Intersection Related,Traffic Signal,Clear,"Dark, artificial",Dry,Non-Fatal Injury,Turning Movement,Motorcycle Driver,35 to 39,Major,,South,Motorcycle,Going Ahead,Driving Properly,Normal,,,,,,,,,Yes,Yes,,,,,,Yes,,,,146,Malvern East,132,Malvern (132),D42,643361.5685,4850984.0302
17336,81615056,1001794472,9/18/2021 8:00:00 AM,2100,SHEPPARD AVE E,NEILSON RD,3 m West of,Major Arterial,Scarborough,43.798037,-79.217922,Intersection Related,Traffic Signal,Clear,"Dark, artificial",Dry,Non-Fatal Injury,Turning Movement,Other,25 to 29,None,,,,,,,,,,,,,,,Yes,Yes,,,,,,Yes,,,,146,Malvern East,132,Malvern (132),D42,643361.5685,4850984.0302
17337,81583050,1001795260,9/18/2021 8:00:00 AM,2349,MANITOBA  DR,CANADA  BLVD,40 m West of,Local,Toronto and East York,43.636153,-79.410335,Non Intersection,No Control,Clear,"Dark, artificial",Dry,Non-Fatal Injury,Pedestrian Collisions,Driver,55 to 59,None,,West,"Automobile, Station Wagon",Going Ahead,Driving Properly,Normal,,,,,,,Yes,,Yes,,,,,,,,,,,163,Fort York-Liberty Village,82,Niagara (82),D14,628227.341,4832689.1855
17338,81583051,1001795260,9/18/2021 8:00:00 AM,2349,MANITOBA  DR,CANADA  BLVD,40 m West of,Local,Toronto and East York,43.636153,-79.410335,Non Intersection,No Control,Clear,"Dark, artificial",Dry,Non-Fatal Injury,Pedestrian Collisions,Pedestrian,25 to 29,Major,,South,,,,,Pedestrian hit at mid-block,"Crossing, no Traffic Control",Inattentive,,,,Yes,,Yes,,,,,,,,,,,163,Fort York-Liberty Village,82,Niagara (82),D14,628227.341,4832689.1855
17339,81582212,1001804125,9/20/2021 8:00:00 AM,1033,VICTORIA PARK AVE,SHEPPARD AVE E,,Major Arterial,North York,43.775172,-79.322978,At Intersection,Traffic Signal,Clear,Daylight,Dry,Fatal,Pedestrian Collisions,Driver,35 to 39,Minor,,West,"Automobile, Station Wagon",Turning Left,Driving Properly,Normal,,,,,,,Yes,,Yes,,,,,,Yes,Yes,,,,118,Tam O'Shanter-Sullivan,118,Tam O'Shanter-Sullivan (118),D42,634961.5619,4848267.8868
17340,81582213,1001804125,9/20/2021 8:00:00 AM,1033,VICTORIA PARK AVE,SHEPPARD AVE E,,Major Arterial,North York,43.775172,-79.322978,At Intersection,Traffic Signal,Clear,Daylight,Dry,Fatal,Pedestrian Collisions,Driver,55 to 59,Minor,,East,"Automobile, Station Wagon",Going Ahead,Speed too Fast For Condition,Normal,,,,,,,Yes,,Yes,,,,,,Yes,Yes,,,,118,Tam O'Shanter-Sullivan,118,Tam O'Shanter-Sullivan (118),D42,634961.5619,4848267.8868
17341,81588057,1001804125,9/20/2021 8:00:00 AM,1033,VICTORIA PARK AVE,SHEPPARD AVE E,,Major Arterial,North York,43.775172,-79.322978,At Intersection,Traffic Signal,Clear,Daylight,Dry,Fatal,Pedestrian Collisions,Pedestrian,70 to 74,Fatal,38,Unknown,,,,,Pedestrian hit on sidewalk or shoulder,On Sidewalk or Shoulder,Normal,,,,Yes,,Yes,,,,,,Yes,Yes,,,,118,Tam O'Shanter-Sullivan,118,Tam O'Shanter-Sullivan (118),D42,634961.5619,4848267.8868
17342,81604230,1001822979,9/22/2021 8:00:00 AM,2006,DAVENPORT  RD,BELMONT ST,,Major Arterial,Toronto and East York,43.674636,-79.392879,At Intersection,Traffic Signal,Rain,"Dark, artificial",Wet,Non-Fatal Injury,Pedestrian Collisions,Driver,75 to 79,None,,South,"Automobile, Station Wagon",Turning Left,Failed to Yield Right of Way,Inattentive,,,,,,,Yes,,Yes,,,,,,,Yes,,,,95,Annex,95,Annex (95),D53,629552.6305,4836990.3438
17343,81604231,1001822979,9/22/2021 8:00:00 AM,2006,DAVENPORT  RD,BELMONT ST,,Major Arterial,Toronto and East York,43.674636,-79.392879,At Intersection,Traffic Signal,Rain,"Dark, artificial",Wet,Non-Fatal Injury,Pedestrian Collisions,Pedestrian,20 to 24,Major,,North,,,,,Vehicle turns left while ped crosses with ROW at inter.,Crossing with right of way,Normal,,,,Yes,,Yes,,,,,,,Yes,,,,95,Annex,95,Annex (95),D53,629552.6305,4836990.3438
17344,81582348,1001834169,9/24/2021 8:00:00 AM,1129,DUNDAS ST W,PRINCE EDWARD DR N,,Major Arterial,Etobicoke York,43.660559,-79.510417,At Intersection,Traffic Signal,Clear,Daylight,Dry,Non-Fatal Injury,Pedestrian Collisions,Driver,40 to 44,None,,West,"Automobile, Station Wagon",Going Ahead,Driving Properly,Normal,,,,,,,Yes,,Yes,,,,,,,,,,,15,Kingsway South,15,Kingsway South (15),D22,620105.6892,4835250.0461
17345,81582349,1001834169,9/24/2021 8:00:00 AM,1129,DUNDAS ST W,PRINCE EDWARD DR N,,Major Arterial,Etobicoke York,43.660559,-79.510417,At Intersection,Traffic Signal,Clear,Daylight,Dry,Non-Fatal Injury,Pedestrian Collisions,Pedestrian,10 to 14,Major,,North,,,,,Vehicle is going straight thru inter.while ped cross without ROW,Running onto Roadway,Inattentive,,,,Yes,,Yes,,,,,,,,,,,15,Kingsway South,15,Kingsway South (15),D22,620105.6892,4835250.0461
17346,81706761,1001851492,9/26/2021 8:00:00 AM,2245,KINGSTON RD,HAREWOOD AVE,10 m West of,Major Arterial,Scarborough,43.722644,-79.235164,Intersection Related,No Control,Clear,"Dark, artificial",Dry,Non-Fatal Injury,Pedestrian Collisions,Driver,40 to 44,None,,West,"Automobile, Station Wagon",Going Ahead,Driving Properly,Normal,,,,,,,Yes,,Yes,,,,,,,,,,,123,Cliffcrest,123,Cliffcrest (123),D43,642152.9452,4842580.747
17347,81706762,1001851492,9/26/2021 8:00:00 AM,2245,KINGSTON RD,HAREWOOD AVE,10 m West of,Major Arterial,Scarborough,43.722644,-79.235164,Intersection Related,No Control,Clear,"Dark, artificial",Dry,Non-Fatal Injury,Pedestrian Collisions,Pedestrian,35 to 39,Major,,North,,,,,Vehicle turns left while ped crosses without ROW at inter.,Crossing without right of way,Had Been Drinking,,,,Yes,,Yes,,,,,,,,,,,123,Cliffcrest,123,Cliffcrest (123),D43,642152.9452,4842580.747
17348,81582879,1001867215,9/29/2021 8:00:00 AM,306,LAWRENCE AVE E,ORTON PARK RD,20 m East of,Major Arterial,Scarborough,43.763976,-79.205592,Intersection Related,Traffic Signal,Clear,Dark,Dry,Non-Fatal Injury,Pedestrian Collisions,Driver,30 to 34,None,,West,"Automobile, Station Wagon",Going Ahead,Driving Properly,Normal,,,,,,,Yes,,Yes,,,,,,,Yes,,,,141,Golfdale-Cedarbrae-Woburn,137,Woburn (137),D43,644435.4853,4847222.4482
17349,81582880,1001867215,9/29/2021 8:00:00 AM,306,LAWRENCE AVE E,ORTON PARK RD,20 m East of,Major Arterial,Scarborough,43.763976,-79.205592,Intersection Related,Traffic Signal,Clear,Dark,Dry,Non-Fatal Injury,Pedestrian Collisions,Pedestrian,50 to 54,Major,,North,,,,,Pedestrian hit at mid-block,Other,"Ability Impaired, Alcohol",,,,Yes,,Yes,,,,,,,Yes,,,,141,Golfdale-Cedarbrae-Woburn,137,Woburn (137),D43,644435.4853,4847222.4482
17350,81584096,1001872479,9/29/2021 8:00:00 AM,1814,FINCH AVE W,YONGE ST,1 m West of,Major Arterial,North York,43.779452,-79.416644,Non Intersection,No Control,Clear,Daylight,Dry,Non-Fatal Injury,Pedestrian Collisions,Driver,30 to 34,None,,West,"Automobile, Station Wagon",Going Ahead,Failed to Yield Right of Way,Inattentive,,,,,,,Yes,,Yes,,,,,,,Yes,,,,37,Willowdale West,37,Willowdale West (37),D32,627414.4493,4848594.8273
17351,81584097,1001872479,9/29/2021 8:00:00 AM,1814,FINCH AVE W,YONGE ST,1 m West of,Major Arterial,North York,43.779452,-79.416644,Non Intersection,No Control,Clear,Daylight,Dry,Non-Fatal Injury,Pedestrian Collisions,Pedestrian,80 to 84,Major,,South,,,,,Pedestrian hit at mid-block,"Crossing, no Traffic Control",Inattentive,,,,Yes,,Yes,,,,,,,Yes,,,,37,Willowdale West,37,Willowdale West (37),D32,627414.4493,4848594.8273
17352,81584098,1001872479,9/29/2021 8:00:00 AM,1814,FINCH AVE W,YONGE ST,1 m West of,Major Arterial,North York,43.779452,-79.416644,Non Intersection,No Control,Clear,Daylight,Dry,Non-Fatal Injury,Pedestrian Collisions,Pedestrian,65 to 69,Minor,,South,,,,,Pedestrian hit at mid-block,"Crossing, no Traffic Control",Inattentive,,,,Yes,,Yes,,,,,,,Yes,,,,37,Willowdale West,37,Willowdale West (37),D32,627414.4493,4848594.8273
17353,81582947,1001881235,9/30/2021 8:00:00 AM,2144,AVENUE RD,EGLINTON AVE W,,Major Arterial,North York,43.704535,-79.408565,At Intersection,Traffic Controller,Clear,"Daylight, artificial",Dry,Non-Fatal Injury,Turning Movement,Driver,20 to 24,None,,South,"Automobile, Station Wagon",Turning Left,Improper Turn,Normal,,,,,,,,,Yes,Yes,,,,Yes,,,,,,100,Yonge-Eglinton,100,Yonge-Eglinton (100),D53,628224.4162,4840286.6591
17354,81582948,1001881235,9/30/2021 8:00:00 AM,2144,AVENUE RD,EGLINTON AVE W,,Major Arterial,North York,43.704535,-79.408565,At Intersection,Traffic Controller,Clear,"Daylight, artificial",Dry,Non-Fatal Injury,Turning Movement,Motorcycle Driver,55 to 59,Major,,North,Motorcycle,Going Ahead,Driving Properly,Normal,,,,,,,,,Yes,Yes,,,,Yes,,,,,,100,Yonge-Eglinton,100,Yonge-Eglinton (100),D53,628224.4162,4840286.6591
17355,81582949,1001881235,9/30/2021 8:00:00 AM,2144,AVENUE RD,EGLINTON AVE W,,Major Arterial,North York,43.704535,-79.408565,At Intersection,Traffic Controller,Clear,"Daylight, artificial",Dry,Non-Fatal Injury,Turning Movement,Passenger,20 to 24,None,,South,"Automobile, Station Wagon",Turning Left,,,,,,,,,,,Yes,Yes,,,,Yes,,,,,,100,Yonge-Eglinton,100,Yonge-Eglinton (100),D53,628224.4162,4840286.6591
17356,81582706,1001888393,10/1/2021 8:00:00 AM,2039,EGLINTON AVE E,MIDLAND AVE,,Major Arterial,Scarborough,43.734458,-79.258067,At Intersection,Traffic Signal,Clear,Dark,Dry,Fatal,Pedestrian Collisions,Pedestrian,45 to 49,Fatal,39,South,,,,,Vehicle turns left while ped crosses with ROW at inter.,Crossing with right of way,Normal,,,,Yes,,Yes,,,,,Yes,,Yes,,,,124,Kennedy Park,124,Kennedy Park (124),D41,640280.5624,4843853.8348
17357,81582707,1001888393,10/1/2021 8:00:00 AM,2039,EGLINTON AVE E,MIDLAND AVE,,Major Arterial,Scarborough,43.734458,-79.258067,At Intersection,Traffic Signal,Clear,Dark,Dry,Fatal,Pedestrian Collisions,Driver,25 to 29,None,,North,"Automobile, Station Wagon",Turning Left,Failed to Yield Right of Way,Had Been Drinking,,,,,,,Yes,,Yes,,,,,Yes,,Yes,,,,124,Kennedy Park,124,Kennedy Park (124),D41,640280.5624,4843853.8348
17358,81583785,1001888393,10/1/2021 8:00:00 AM,2039,EGLINTON AVE E,MIDLAND AVE,,Major Arterial,Scarborough,43.734458,-79.258067,At Intersection,Traffic Signal,Clear,Dark,Dry,Fatal,Pedestrian Collisions,Passenger,20 to 24,None,,,,,,,,,,,,,Yes,,Yes,,,,,Yes,,Yes,,,,124,Kennedy Park,124,Kennedy Park (124),D41,640280.5624,4843853.8348
17359,81582708,1001896382,10/3/2021 8:00:00 AM,132,F G GARDINER XY  E,ISLINGTON AVE,,Expressway,Etobicoke York,43.621237,-79.5078,Non Intersection,No Control,Clear,Dark,Dry,Fatal,Rear End,Passenger,55 to 59,Fatal,40,,,,,,,,,,,,,,Yes,,,,,Yes,Yes,Yes,,,,160,Mimico-Queensway,17,Mimico (includes Humber Bay Shores) (17),D22,620395.2136,4830886.6333
17360,81582709,1001896382,10/3/2021 8:00:00 AM,132,F G GARDINER XY  E,ISLINGTON AVE,,Expressway,Etobicoke York,43.621237,-79.5078,Non Intersection,No Control,Clear,Dark,Dry,Fatal,Rear End,Driver,60 to 64,Minor,,East,"Automobile, Station Wagon",Going Ahead,Driving Properly,Normal,,,,,,,,,Yes,,,,,Yes,Yes,Yes,,,,160,Mimico-Queensway,17,Mimico (includes Humber Bay Shores) (17),D22,620395.2136,4830886.6333
17361,81583232,1001896382,10/3/2021 8:00:00 AM,132,F G GARDINER XY  E,ISLINGTON AVE,,Expressway,Etobicoke York,43.621237,-79.5078,Non Intersection,No Control,Clear,Dark,Dry,Fatal,Rear End,Driver,30 to 34,None,,East,"Automobile, Station Wagon",Going Ahead,Exceeding Speed Limit,Unknown,,,,,,,,,Yes,,,,,Yes,Yes,Yes,,,,160,Mimico-Queensway,17,Mimico (includes Humber Bay Shores) (17),D22,620395.2136,4830886.6333
17362,81584071,1001897187,10/3/2021 8:00:00 AM,609,477 DUNDAS ST W,,52 m East of,Major Arterial,Toronto and East York,43.653033,-79.39722,Non Intersection,No Control,Rain,"Dark, artificial",Wet,Non-Fatal Injury,Pedestrian Collisions,Driver,70 to 74,None,,West,"Automobile, Station Wagon",Going Ahead,Driving Properly,Normal,,,,,,,Yes,,Yes,,,,,,,,,,,78,Kensington-Chinatown,78,Kensington-Chinatown (78),D52,629249.0437,4834584.2721
17363,81584072,1001897187,10/3/2021 8:00:00 AM,609,477 DUNDAS ST W,,52 m East of,Major Arterial,Toronto and East York,43.653033,-79.39722,Non Intersection,No Control,Rain,"Dark, artificial",Wet,Non-Fatal Injury,Pedestrian Collisions,Pedestrian,70 to 74,Major,,South,,,,,Pedestrian hit at mid-block,"Crossing, no Traffic Control",Inattentive,,,,Yes,,Yes,,,,,,,,,,,78,Kensington-Chinatown,78,Kensington-Chinatown (78),D52,629249.0437,4834584.2721
17364,81584319,1001904901,10/4/2021 8:00:00 AM,1150,BAYVIEW AVE,CUMMER  AVE,,Major Arterial,North York,43.792227,-79.393558,At Intersection,Traffic Signal,Clear,Daylight,Wet,Non-Fatal Injury,Pedestrian Collisions,Driver,70 to 74,None,,North,"Automobile, Station Wagon",Going Ahead,Driving Properly,Normal,,,,,,,Yes,,Yes,,,,,,,,,,,49,Bayview Woods-Steeles,49,Bayview Woods-Steeles (49),D33,629244.6881,4850049.4783
17365,81584320,1001904901,10/4/2021 8:00:00 AM,1150,BAYVIEW AVE,CUMMER  AVE,,Major Arterial,North York,43.792227,-79.393558,At Intersection,Traffic Signal,Clear,Daylight,Wet,Non-Fatal Injury,Pedestrian Collisions,Pedestrian,75 to 79,Major,,West,,,,,Vehicle is going straight thru inter.while ped cross without ROW,Crossing without right of way,Normal,,,,Yes,,Yes,,,,,,,,,,,49,Bayview Woods-Steeles,49,Bayview Woods-Steeles (49),D33,629244.6881,4850049.4783
17366,81584556,1001912719,10/5/2021 8:00:00 AM,1230,755 OAKDALE ROAD (WESTVIEW CENTENN,OAKDALE ROAD,5 m West of,Minor Arterial,North York,43.752391,-79.526531,At Intersection,Traffic Signal,Clear,"Daylight, artificial",Dry,Non-Fatal Injury,Turning Movement,Driver,15 to 19,Major,,East,"Automobile, Station Wagon",Turning Left,Failed to Yield Right of Way,Inattentive,,,,,,,,,Yes,,,,,,,Yes,,,,25,Glenfield-Jane Heights,25,Glenfield-Jane Heights (25),D31,618625.1259,4845426.0546
17367,81584557,1001912719,10/5/2021 8:00:00 AM,1230,755 OAKDALE ROAD (WESTVIEW CENTENN,OAKDALE ROAD,5 m West of,Minor Arterial,North York,43.752391,-79.526531,At Intersection,Traffic Signal,Clear,"Daylight, artificial",Dry,Non-Fatal Injury,Turning Movement,Driver,70 to 74,Major,,North,"Automobile, Station Wagon",Going Ahead,Driving Properly,Normal,,,,,,,,,Yes,,,,,,,Yes,,,,25,Glenfield-Jane Heights,25,Glenfield-Jane Heights (25),D31,618625.1259,4845426.0546
17368,81583639,1001924845,10/7/2021 8:00:00 AM,637,DISCO RD,120,5 m West of,Collector,Etobicoke York,43.699618,-79.601978,At/Near Private Drive,No Control,Clear,Daylight,Dry,Non-Fatal Injury,Turning Movement,Driver,35 to 39,None,,West,Delivery Van,Turning Left,Failed to Yield Right of Way,Inattentive,,,,,,,,,Yes,Yes,,,,,,Yes,,,,1,West Humber-Clairville,1,West Humber-Clairville (1),D23,612649.9171,4839459.5965
17369,81583640,1001924845,10/7/2021 8:00:00 AM,637,DISCO RD,120,5 m West of,Collector,Etobicoke York,43.699618,-79.601978,At/Near Private Drive,No Control,Clear,Daylight,Dry,Non-Fatal Injury,Turning Movement,Motorcycle Driver,25 to 29,Major,,East,Motorcycle,Going Ahead,Driving Properly,Normal,,,,,,,,,Yes,Yes,,,,,,Yes,,,,1,West Humber-Clairville,1,West Humber-Clairville (1),D23,612649.9171,4839459.5965
17370,81584441,1001924954,10/7/2021 8:00:00 AM,702,LAKE SHORE BV E,DON RY,54 m West of,Expressway,Toronto and East York,43.650729,-79.347492,Non Intersection,No Control,Clear,Daylight,Dry,Non-Fatal Injury,SMV Other,Driver,45 to 49,Major,,East,"Automobile, Station Wagon",Pulling Onto Shoulder or towardCurb,Lost control,Unknown,,,,,,,,,Yes,,,,,,Yes,Yes,,,,166,St Lawrence-East Bayfront-The Islands,77,Waterfront Communities-The Island (77),D51,633264.2762,4834407.0406
17371,81604244,1001936756,10/8/2021 8:00:00 AM,1912,WELLINGTON ST W,UNIVERSITY  AVE,,Major Arterial,Toronto and East York,43.646311,-79.384059,At Intersection,Traffic Signal,Clear,Daylight,Dry,Non-Fatal Injury,Pedestrian Collisions,Driver,unknown,None,,West,"Automobile, Station Wagon",Turning Left,Improper Turn,Inattentive,,,,,,,Yes,,Yes,,,,,,,,,,,170,Yonge-Bay Corridor,76,Bay Street Corridor (76),D52,630324.9025,4833858.2897
17372,81604245,1001936756,10/8/2021 8:00:00 AM,1912,WELLINGTON ST W,UNIVERSITY  AVE,,Major Arterial,Toronto and East York,43.646311,-79.384059,At Intersection,Traffic Signal,Clear,Daylight,Dry,Non-Fatal Injury,Pedestrian Collisions,Pedestrian,35 to 39,Major,,East,,,,,Vehicle turns left while ped crosses with ROW at inter.,Crossing with right of way,Normal,,,,Yes,,Yes,,,,,,,,,,,170,Yonge-Bay Corridor,76,Bay Street Corridor (76),D52,630324.9025,4833858.2897
17373,81584058,1001953329,10/11/2021 8:00:00 AM,1358,VALLEY WOODS RD,YORK MILLS RD,200 m South ,Collector,Toronto and East York,43.757868,-79.333652,Non Intersection,No Control,Clear,Daylight,Dry,Non-Fatal Injury,SMV Other,Motorcycle Driver,35 to 39,Major,,South,Motorcycle,Going Ahead,Exceeding Speed Limit,Normal,,,,,,,,,,Yes,,,,,Yes,Yes,,,,150,Fenside-Parkwoods,45,Parkwoods-Donalda (45),D33,634141.2166,4846328.6682
17374,81708395,1001955597,10/11/2021 8:00:00 AM,2102,Bayview Avenue,Rosedale Valley Road,350 m South ,,,43.662887,-79.356792,Non Intersection,No Control,Clear,Dark,Dry,Non-Fatal Injury,Approaching,Motorcycle Driver,55 to 59,Major,,South,Motorcycle,Going Ahead,Other,Normal,,,,,,,,,Yes,Yes,,,,,,Yes,,,,72,Regent Park,72,Regent Park (72),D51,632487.5406,4835742.455
17375,81708396,1001955597,10/11/2021 8:00:00 AM,2102,Bayview Avenue,Rosedale Valley Road,350 m South ,,,43.662887,-79.356792,Non Intersection,No Control,Clear,Dark,Dry,Non-Fatal Injury,Approaching,Driver,25 to 29,None,,North,"Automobile, Station Wagon",Going Ahead,Other,Normal,,,,,,,,,Yes,Yes,,,,,,Yes,,,,72,Regent Park,72,Regent Park (72),D51,632487.5406,4835742.455
17376,81588504,1001960285,10/12/2021 8:00:00 AM,1356,LAWRENCE  AVE W,DUPLEX AVE,135 m West o,Major Arterial,North York,43.723941,-79.407329,Non Intersection,No Control,Clear,Daylight,Dry,Non-Fatal Injury,Pedestrian Collisions,Driver,40 to 44,None,,East,"Bus (Other) (Go Bus, Gray Coa",Going Ahead,Driving Properly,Normal,,,,,,,Yes,,,,,Yes,,,,,,,,103,Lawrence Park South,103,Lawrence Park South (103),D53,628282.5901,4842443.8833
17377,81588505,1001960285,10/12/2021 8:00:00 AM,1356,LAWRENCE  AVE W,DUPLEX AVE,135 m West o,Major Arterial,North York,43.723941,-79.407329,Non Intersection,No Control,Clear,Daylight,Dry,Non-Fatal Injury,Pedestrian Collisions,Pedestrian,85 to 89,Major,,Unknown,,,,,Pedestrian hit on sidewalk or shoulder,On Sidewalk or Shoulder,Medical or Physical Disability,,,,Yes,,,,,Yes,,,,,,,,103,Lawrence Park South,103,Lawrence Park South (103),D53,628282.5901,4842443.8833
17378,81583779,1001961568,10/12/2021 8:00:00 AM,1639,PARKSIDE DR,SPRING RD,,Major Arterial,Scarborough,43.640914,-79.454616,Intersection Related,Traffic Signal,Clear,Daylight,Dry,Fatal,Rear End,Passenger,70 to 74,None,,,,,,,,,,,,,,,Yes,,,,,Yes,Yes,Yes,,,,87,High Park-Swansea,87,High Park-Swansea (87),D11,624645.6178,4833150.5032
17379,81583780,1001961568,10/12/2021 8:00:00 AM,1639,PARKSIDE DR,SPRING RD,,Major Arterial,Scarborough,43.640914,-79.454616,Intersection Related,Traffic Signal,Clear,Daylight,Dry,Fatal,Rear End,Passenger,65 to 69,Fatal,42,,,,,,,,,,,,,,Yes,,,,,Yes,Yes,Yes,,,,87,High Park-Swansea,87,High Park-Swansea (87),D11,624645.6178,4833150.5032
17380,81583781,1001961568,10/12/2021 8:00:00 AM,1639,PARKSIDE DR,SPRING RD,,Major Arterial,Scarborough,43.640914,-79.454616,Intersection Related,Traffic Signal,Clear,Daylight,Dry,Fatal,Rear End,Driver,50 to 54,None,,South,"Automobile, Station Wagon",Slowing or Stopping,Driving Properly,Normal,,,,,,,,,Yes,,,,,Yes,Yes,Yes,,,,87,High Park-Swansea,87,High Park-Swansea (87),D11,624645.6178,4833150.5032