OBJECTID,INDEX,ACCNUM,DATE,TIME,STREET1,STREET2,OFFSET,ROAD_CLASS,DISTRICT,LATITUDE,LONGITUDE,ACCLOC,TRAFFCTL,VISIBILITY,LIGHT,RDSFCOND,ACCLASS,IMPACTYPE,INVTYPE,INVAGE,INJURY,FATAL_NO,INITDIR,VEHTYPE,MANOEUVER,DRIVACT,DRIVCOND,PEDTYPE,PEDACT,PEDCOND,CYCLISTYPE,CYCACT,CYCCOND,PEDESTRIAN,CYCLIST,AUTOMOBILE,MOTORCYCLE,TRUCK,TRSN_CITY_VEH,EMERG_VEH,PASSENGER,SPEEDING,AG_DRIV,REDLIGHT,ALCOHOL,DISABILITY,HOOD_158,NEIGHBOURHOOD_158,HOOD_140,NEIGHBOURHOOD_140,DIVISION,x,y
17715,81648359,2001020904,5/30/2022 8:00:00 AM,1847,QUEENS QUAY E,MERCHANTS WHARF,19 m South o,Minor Arterial,Toronto and East York,43.645484,-79.364284,At Intersection,No Control,Clear,Daylight,Dry,Non-Fatal Injury,Cyclist Collisions,Driver,50 to 54,None,,East,"Automobile, Station Wagon",Turning Right,Improper Turn,Normal,,,,,,,,Yes,Yes,,,,,,,,,,,166,St Lawrence-East Bayfront-The Islands,77,Waterfront Communities-The Island (77),D51,631921.5749,4833797.6847
17716,81648360,2001020904,5/30/2022 8:00:00 AM,1847,QUEENS QUAY E,MERCHANTS WHARF,19 m South o,Minor Arterial,Toronto and East York,43.645484,-79.364284,At Intersection,No Control,Clear,Daylight,Dry,Non-Fatal Injury,Cyclist Collisions,Cyclist,10 to 14,Major,,West,Bicycle,Going Ahead,,,,,,"Motorist turns right at non-signal Inter.(stop, yield, no cont.,and dwy) and strikes cyclist.",Driving Properly,Normal,,Yes,Yes,,,,,,,,,,,166,St Lawrence-East Bayfront-The Islands,77,Waterfront Communities-The Island (77),D51,631921.5749,4833797.6847
17717,81705171,2001021476,5/30/2022 8:00:00 AM,2012,THE DONWAY E,GUYTOI CRT,3 m North of,Minor Arterial,North York,43.732337,-79.341464,Intersection Related,No Control,Clear,"Dusk, artificial",Dry,Non-Fatal Injury,Pedestrian Collisions,Driver,30 to 34,None,,East,"Automobile, Station Wagon",Going Ahead,Driving Properly,Normal,,,,,,,Yes,,Yes,,,,,,,,,,,42,Banbury-Don Mills,42,Banbury-Don Mills (42),D33,633569.1146,4843480.4465
17718,81705172,2001021476,5/30/2022 8:00:00 AM,2012,THE DONWAY E,GUYTOI CRT,3 m North of,Minor Arterial,North York,43.732337,-79.341464,Intersection Related,No Control,Clear,"Dusk, artificial",Dry,Non-Fatal Injury,Pedestrian Collisions,Pedestrian,20 to 24,Major,,North,,,,,Vehicle is going straight thru inter.while ped cross without ROW,Running onto Roadway,Other,,,,Yes,,Yes,,,,,,,,,,,42,Banbury-Don Mills,42,Banbury-Don Mills (42),D33,633569.1146,4843480.4465
17719,81649889,2001027552,5/31/2022 8:00:00 AM,1636,EASTERN AVE,WOODFIELD RD,7 m North of,Minor Arterial,Toronto and East York,43.663516,-79.320537,At Intersection,Stop Sign,Clear,Daylight,Dry,Non-Fatal Injury,Angle,Driver,20 to 24,Minor,,South,"Automobile, Station Wagon",Going Ahead,Disobeyed Traffic Control,Normal,,,,,,,,,Yes,,,,,Yes,,Yes,,,,63,The Beaches,63,The Beaches (63),D55,635409.305,4835870.8498
17720,81649890,2001027552,5/31/2022 8:00:00 AM,1636,EASTERN AVE,WOODFIELD RD,7 m North of,Minor Arterial,Toronto and East York,43.663516,-79.320537,At Intersection,Stop Sign,Clear,Daylight,Dry,Non-Fatal Injury,Angle,Driver,25 to 29,Major,,West,"Automobile, Station Wagon",Going Ahead,Driving Properly,Normal,,,,,,,,,Yes,,,,,Yes,,Yes,,,,63,The Beaches,63,The Beaches (63),D55,635409.305,4835870.8498
17721,81649891,2001027552,5/31/2022 8:00:00 AM,1636,EASTERN AVE,WOODFIELD RD,7 m North of,Minor Arterial,Toronto and East York,43.663516,-79.320537,At Intersection,Stop Sign,Clear,Daylight,Dry,Non-Fatal Injury,Angle,Passenger,25 to 29,None,,,,,,,,,,,,,,,Yes,,,,,Yes,,Yes,,,,63,The Beaches,63,The Beaches (63),D55,635409.305,4835870.8498
17722,81651399,2001048848,6/3/2022 8:00:00 AM,1240,25 RIPLEY AVE,,1 m South of,Local,,43.637358,-79.474689,Non Intersection,No Control,Clear,Daylight,Dry,Non-Fatal Injury,Pedestrian Collisions,Driver,45 to 49,None,,North,Delivery Van,Going Ahead,Other,Inattentive,,,,,,,Yes,,Yes,,,,,,Yes,Yes,,,,87,High Park-Swansea,87,High Park-Swansea (87),D11,623033.8379,4832725.6156
17723,81651400,2001048848,6/3/2022 8:00:00 AM,1240,25 RIPLEY AVE,,1 m South of,Local,,43.637358,-79.474689,Non Intersection,No Control,Clear,Daylight,Dry,Non-Fatal Injury,Pedestrian Collisions,Pedestrian,30 to 34,Major,,,,,,,Pedestrian hit at mid-block,Pushing/Working on Vehicle,Normal,,,,Yes,,Yes,,,,,,Yes,Yes,,,,87,High Park-Swansea,87,High Park-Swansea (87),D11,623033.8379,4832725.6156
17724,81665345,2001049162,6/3/2022 8:00:00 AM,1443,GERRARD ST E,NORMANDY BLVD,,Minor Arterial,,43.679259,-79.313381,At Intersection,No Control,Clear,Daylight,Dry,Non-Fatal Injury,Turning Movement,Driver,60 to 64,None,,West,"Automobile, Station Wagon",Turning Left,Improper Turn,Unknown,,,,,,,,,Yes,Yes,,,,,,,,,,64,Woodbine Corridor,64,Woodbine Corridor (64),D55,635950.7239,4837631.03
17725,81665346,2001049162,6/3/2022 8:00:00 AM,1443,GERRARD ST E,NORMANDY BLVD,,Minor Arterial,,43.679259,-79.313381,At Intersection,No Control,Clear,Daylight,Dry,Non-Fatal Injury,Turning Movement,Motorcycle Driver,45 to 49,Major,,East,Motorcycle,Going Ahead,Driving Properly,Unknown,,,,,,,,,Yes,Yes,,,,,,,,,,64,Woodbine Corridor,64,Woodbine Corridor (64),D55,635950.7239,4837631.03
17726,81647828,2001058259,6/4/2022 8:00:00 AM,1945,MARKHAM RD,STEELES AVE E,,Major Arterial,Scarborough,43.836528,-79.251148,At Intersection,Traffic Signal,Clear,Daylight,Dry,Non-Fatal Injury,Turning Movement,Driver,25 to 29,None,,South,"Automobile, Station Wagon",Turning Left,Failed to Yield Right of Way,Inattentive,,,,,,,,,Yes,,,,,Yes,,Yes,,,,144,Morningside Heights,131,Rouge (131),D42,640598.2559,4855202.066
17727,81647829,2001058259,6/4/2022 8:00:00 AM,1945,MARKHAM RD,STEELES AVE E,,Major Arterial,Scarborough,43.836528,-79.251148,At Intersection,Traffic Signal,Clear,Daylight,Dry,Non-Fatal Injury,Turning Movement,Driver,60 to 64,Major,,North,Pick Up Truck,Going Ahead,Driving Properly,Normal,,,,,,,,,Yes,,,,,Yes,,Yes,,,,144,Morningside Heights,131,Rouge (131),D42,640598.2559,4855202.066
17728,81647830,2001058259,6/4/2022 8:00:00 AM,1945,MARKHAM RD,STEELES AVE E,,Major Arterial,Scarborough,43.836528,-79.251148,At Intersection,Traffic Signal,Clear,Daylight,Dry,Non-Fatal Injury,Turning Movement,Passenger,45 to 49,Minimal,,,,,,,,,,,,,,,Yes,,,,,Yes,,Yes,,,,144,Morningside Heights,131,Rouge (131),D42,640598.2559,4855202.066
17729,81647831,2001058259,6/4/2022 8:00:00 AM,1945,MARKHAM RD,STEELES AVE E,,Major Arterial,Scarborough,43.836528,-79.251148,At Intersection,Traffic Signal,Clear,Daylight,Dry,Non-Fatal Injury,Turning Movement,Passenger,65 to 69,Minimal,,,,,,,,,,,,,,,Yes,,,,,Yes,,Yes,,,,144,Morningside Heights,131,Rouge (131),D42,640598.2559,4855202.066
17730,81647832,2001058259,6/4/2022 8:00:00 AM,1945,MARKHAM RD,STEELES AVE E,,Major Arterial,Scarborough,43.836528,-79.251148,At Intersection,Traffic Signal,Clear,Daylight,Dry,Non-Fatal Injury,Turning Movement,Passenger,25 to 29,Minimal,,,,,,,,,,,,,,,Yes,,,,,Yes,,Yes,,,,144,Morningside Heights,131,Rouge (131),D42,640598.2559,4855202.066
17731,81647833,2001058259,6/4/2022 8:00:00 AM,1945,MARKHAM RD,STEELES AVE E,,Major Arterial,Scarborough,43.836528,-79.251148,At Intersection,Traffic Signal,Clear,Daylight,Dry,Non-Fatal Injury,Turning Movement,Passenger,60 to 64,Minimal,,,,,,,,,,,,,,,Yes,,,,,Yes,,Yes,,,,144,Morningside Heights,131,Rouge (131),D42,640598.2559,4855202.066
17732,81647834,2001058259,6/4/2022 8:00:00 AM,1945,MARKHAM RD,STEELES AVE E,,Major Arterial,Scarborough,43.836528,-79.251148,At Intersection,Traffic Signal,Clear,Daylight,Dry,Non-Fatal Injury,Turning Movement,Passenger,55 to 59,None,,,,,,,,,,,,,,,Yes,,,,,Yes,,Yes,,,,144,Morningside Heights,131,Rouge (131),D42,640598.2559,4855202.066
17733,81650009,2001063847,6/5/2022 8:00:00 AM,1625,KING ST W,CLOSE AVE,30 m West of,Major Arterial,Toronto and East York,43.637389,-79.43468,Non Intersection,No Control,Clear,Daylight,Dry,Non-Fatal Injury,Pedestrian Collisions,Driver,30 to 34,Minimal,,East,"Automobile, Station Wagon",Going Ahead,Driving Properly,Normal,,,,,,,Yes,,Yes,,,,,,,,,,,85,South Parkdale,85,South Parkdale (85),D14,626260.9891,4832789.1392
17734,81650010,2001063847,6/5/2022 8:00:00 AM,1625,KING ST W,CLOSE AVE,30 m West of,Major Arterial,Toronto and East York,43.637389,-79.43468,Non Intersection,No Control,Clear,Daylight,Dry,Non-Fatal Injury,Pedestrian Collisions,Pedestrian,25 to 29,Major,,South,,,,,Pedestrian hit at mid-block,Running onto Roadway,Inattentive,,,,Yes,,Yes,,,,,,,,,,,85,South Parkdale,85,South Parkdale (85),D14,626260.9891,4832789.1392
17735,81649528,2001085402,6/8/2022 8:00:00 AM,1554,DUNDAS ST W,LAKEVIEW AVE,25 m East of,Minor Arterial,Toronto and East York,43.649314,-79.42274,Intersection Related,No Control,Clear,Daylight,Dry,Non-Fatal Injury,Cyclist Collisions,Driver,55 to 59,None,,West,Pick Up Truck,Changing Lanes,Improper Lane Change,Inattentive,,,,,,,,Yes,Yes,,,,,,,,,,,81,Trinity-Bellwoods,81,Trinity-Bellwoods (81),D14,627198.9271,4834131.7956
17736,81649529,2001085402,6/8/2022 8:00:00 AM,1554,DUNDAS ST W,LAKEVIEW AVE,25 m East of,Minor Arterial,Toronto and East York,43.649314,-79.42274,Intersection Related,No Control,Clear,Daylight,Dry,Non-Fatal Injury,Cyclist Collisions,Cyclist,55 to 59,Major,,West,Bicycle,Going Ahead,,,,,,Cyclist and Driver travelling in same direction. One vehicle sideswipes the other.,Driving Properly,Normal,,Yes,Yes,,,,,,,,,,,81,Trinity-Bellwoods,81,Trinity-Bellwoods (81),D14,627198.9271,4834131.7956
17737,81647223,2001096338,6/10/2022 8:00:00 AM,307,695 MIDLAND AVE,,,Major Arterial,Scarborough,43.726344,-79.254642,Non Intersection,No Control,Clear,"Dark, artificial",Dry,Non-Fatal Injury,SMV Other,Driver,20 to 24,Major,,North,"Automobile, Station Wagon",Going Ahead,Lost control,Had Been Drinking,,,,,,,,,Yes,,,,,,,,,,,124,Kennedy Park,124,Kennedy Park (124),D41,640575.3687,4842958.4591
17738,81687575,2001097209,6/10/2022 8:00:00 AM,749,THE WEST MALL,BURNHAMTHORPE RD,,Major Arterial,Etobicoke York,43.64448,-79.567203,At Intersection,Traffic Signal,Clear,Daylight,Dry,Non-Fatal Injury,Turning Movement,Truck Driver,45 to 49,None,,South,Truck (other),Turning Right,Failed to Yield Right of Way,Inattentive,,,,,,,,,,,Yes,,,Yes,,Yes,,,,13,Etobicoke West Mall,13,Etobicoke West Mall (13),D22,615557.8075,4833383.6362
17739,81687576,2001097209,6/10/2022 8:00:00 AM,749,THE WEST MALL,BURNHAMTHORPE RD,,Major Arterial,Etobicoke York,43.64448,-79.567203,At Intersection,Traffic Signal,Clear,Daylight,Dry,Non-Fatal Injury,Turning Movement,Driver,55 to 59,Major,,South,Other,Going Ahead,Driving Properly,Normal,,,,,,,,,,,Yes,,,Yes,,Yes,,,,13,Etobicoke West Mall,13,Etobicoke West Mall (13),D22,615557.8075,4833383.6362
17740,81687577,2001097209,6/10/2022 8:00:00 AM,749,THE WEST MALL,BURNHAMTHORPE RD,,Major Arterial,Etobicoke York,43.64448,-79.567203,At Intersection,Traffic Signal,Clear,Daylight,Dry,Non-Fatal Injury,Turning Movement,Passenger,50 to 54,None,,,,,,,,,,,,,,,,,Yes,,,Yes,,Yes,,,,13,Etobicoke West Mall,13,Etobicoke West Mall (13),D22,615557.8075,4833383.6362
17741,81688079,2001105848,6/11/2022 8:00:00 AM,1140,DUFFERIN ST,ORFUS RD,25 m North o,Major Arterial,North York,43.720385,-79.456126,Intersection Related,Traffic Signal,Clear,Daylight,Dry,Non-Fatal Injury,SMV Other,Driver,90 to 94,Major,,South,"Automobile, Station Wagon",Going Ahead,Lost control,Normal,,,,,,,,,Yes,,,,,,,Yes,,,,31,Yorkdale-Glen Park,31,Yorkdale-Glen Park (31),D32,624359.5298,4841974.5617
17742,81657670,2001109273,6/11/2022 8:00:00 AM,1236,YONGE ST,ALBERTUS AVE,10 m South o,Major Arterial,North York,43.714495,-79.400012,Intersection Related,No Control,Clear,"Dark, artificial",Dry,Non-Fatal Injury,Pedestrian Collisions,Driver,65 to 69,None,,South,"Automobile, Station Wagon",Going Ahead,Driving Properly,Normal,,,,,,,Yes,,Yes,,,,,,,,,,,99,Mount Pleasant East,99,Mount Pleasant East (99),D53,628892.2005,4841406.1222
17743,81657671,2001109273,6/11/2022 8:00:00 AM,1236,YONGE ST,ALBERTUS AVE,10 m South o,Major Arterial,North York,43.714495,-79.400012,Intersection Related,No Control,Clear,"Dark, artificial",Dry,Non-Fatal Injury,Pedestrian Collisions,Pedestrian,20 to 24,Major,,,,,,,Pedestrian hit at mid-block,"Crossing, no Traffic Control",Inattentive,,,,Yes,,Yes,,,,,,,,,,,99,Mount Pleasant East,99,Mount Pleasant East (99),D53,628892.2005,4841406.1222
17744,81640574,2001122186,6/13/2022 8:00:00 AM,1815,SHEPPARD AVE W,SENTINEL RD,,Major Arterial,North York,43.743579,-79.491809,At Intersection,Traffic Signal,Clear,Daylight,Dry,Fatal,Turning Movement,Driver,40 to 44,Minor,,East,"Automobile, Station Wagon",Turning Left,Failed to Yield Right of Way,Normal,,,,,,,,,Yes,Yes,,,,,Yes,Yes,,,,155,Downsview,26,Downsview-Roding-CFB (26),D31,621438.3432,4844497.6647
17745,81645401,2001122186,6/13/2022 8:00:00 AM,1815,SHEPPARD AVE W,SENTINEL RD,,Major Arterial,North York,43.743579,-79.491809,At Intersection,Traffic Signal,Clear,Daylight,Dry,Fatal,Turning Movement,Motorcycle Driver,35 to 39,Fatal,21,West,Motorcycle,Going Ahead,Speed too Fast For Condition,Other,,,,,,,,,Yes,Yes,,,,,Yes,Yes,,,,155,Downsview,26,Downsview-Roding-CFB (26),D31,621438.3432,4844497.6647
17746,81666383,2001126945,6/14/2022 8:00:00 AM,1159,836 BLOOR ST W,,2 m South of,Major Arterial,Toronto and East York,43.662306,-79.423663,Non Intersection,No Control,Clear,Daylight,Dry,Non-Fatal Injury,Pedestrian Collisions,Cyclist,20 to 24,Minimal,,West,Bicycle,Going Ahead,,,,,,Cyclist strikes pedestrian.,Driving Properly,Unknown,Yes,Yes,,,,,,,,,,,,80,Palmerston-Little Italy,80,Palmerston-Little Italy (80),D14,627097.0789,4835573.3131
17747,81666384,2001126945,6/14/2022 8:00:00 AM,1159,836 BLOOR ST W,,2 m South of,Major Arterial,Toronto and East York,43.662306,-79.423663,Non Intersection,No Control,Clear,Daylight,Dry,Non-Fatal Injury,Pedestrian Collisions,Pedestrian,75 to 79,Major,,North,,,,,Pedestrian hit at mid-block,"Crossing, no Traffic Control",Inattentive,,,,Yes,Yes,,,,,,,,,,,,80,Palmerston-Little Italy,80,Palmerston-Little Italy (80),D14,627097.0789,4835573.3131
17748,81688090,2001127226,6/14/2022 8:00:00 AM,1246,HUMBERLINE DR,HUDDERSFIELD RD,326 m South ,Minor Arterial,Etobicoke York,43.74034,-79.619365,At/Near Private Drive,No Control,Clear,Daylight,Dry,Non-Fatal Injury,Angle,Truck Driver,30 to 34,None,,West,"Truck - Closed (Blazer, etc)",Reversing,Other,Normal,,,,,,,,,Yes,,Yes,,,,,,,,,1,West Humber-Clairville,1,West Humber-Clairville (1),D23,611173.5608,4843958.8615
17749,81688091,2001127226,6/14/2022 8:00:00 AM,1246,HUMBERLINE DR,HUDDERSFIELD RD,326 m South ,Minor Arterial,Etobicoke York,43.74034,-79.619365,At/Near Private Drive,No Control,Clear,Daylight,Dry,Non-Fatal Injury,Angle,Driver,80 to 84,Major,,South,"Automobile, Station Wagon",Going Ahead,Driving Properly,Normal,,,,,,,,,Yes,,Yes,,,,,,,,,1,West Humber-Clairville,1,West Humber-Clairville (1),D23,611173.5608,4843958.8615
17750,81647935,2001145268,6/16/2022 8:00:00 AM,1930,OVERLEA BLVD,THORNCLIFFE PARK DR,3 m South of,Major Arterial,North York,43.707385,-79.343669,At Intersection,Traffic Signal,Clear,Daylight,Dry,Non-Fatal Injury,Cyclist Collisions,Cyclist,10 to 14,Major,,East,Bicycle,Going Ahead,,,,,,"Cyclist without ROW rides into path of motorist at inter, lnwy, dwy-Cyclist not turn.",Disobeyed Traffic Control,Inattentive,,Yes,Yes,,,,,Yes,,,,,,55,Thorncliffe Park,55,Thorncliffe Park (55),D53,633446.919,4840705.614
17751,81647936,2001145268,6/16/2022 8:00:00 AM,1930,OVERLEA BLVD,THORNCLIFFE PARK DR,3 m South of,Major Arterial,North York,43.707385,-79.343669,At Intersection,Traffic Signal,Clear,Daylight,Dry,Non-Fatal Injury,Cyclist Collisions,Driver,80 to 84,None,,North,"Automobile, Station Wagon",Going Ahead,Driving Properly,Normal,,,,,,,,Yes,Yes,,,,,Yes,,,,,,55,Thorncliffe Park,55,Thorncliffe Park (55),D53,633446.919,4840705.614
17752,81647937,2001145268,6/16/2022 8:00:00 AM,1930,OVERLEA BLVD,THORNCLIFFE PARK DR,3 m South of,Major Arterial,North York,43.707385,-79.343669,At Intersection,Traffic Signal,Clear,Daylight,Dry,Non-Fatal Injury,Cyclist Collisions,Passenger,80 to 84,None,,,,,,,,,,,,,,Yes,Yes,,,,,Yes,,,,,,55,Thorncliffe Park,55,Thorncliffe Park (55),D53,633446.919,4840705.614
17753,81649374,2001153999,6/17/2022 8:00:00 AM,2350,360 ROYAL YORK RD,,31 m North o,Minor Arterial,,43.617835,-79.499057,At/Near Private Drive,No Control,Clear,Dark,Dry,Non-Fatal Injury,Turning Movement,Driver,50 to 54,None,,South,"Automobile, Station Wagon",Turning Left,Failed to Yield Right of Way,Inattentive,,,,,,,,,Yes,Yes,,,,,,Yes,,,,160,Mimico-Queensway,17,Mimico (includes Humber Bay Shores) (17),D22,621107.4613,4830521.514
17754,81649375,2001153999,6/17/2022 8:00:00 AM,2350,360 ROYAL YORK RD,,31 m North o,Minor Arterial,,43.617835,-79.499057,At/Near Private Drive,No Control,Clear,Dark,Dry,Non-Fatal Injury,Turning Movement,Motorcycle Driver,45 to 49,Major,,North,Motorcycle,Going Ahead,Driving Properly,Normal,,,,,,,,,Yes,Yes,,,,,,Yes,,,,160,Mimico-Queensway,17,Mimico (includes Humber Bay Shores) (17),D22,621107.4613,4830521.514
17755,81646621,2001159151,6/18/2022 8:00:00 AM,1855,GAMBLE AVE,PAPE AVE,,Major Arterial,Toronto and East York,43.690329,-79.349132,At Intersection,Stop Sign,Clear,Daylight,Dry,Non-Fatal Injury,Pedestrian Collisions,Driver,60 to 64,None,,East,"Automobile, Station Wagon",Going Ahead,Failed to Yield Right of Way,Inattentive,,,,,,,Yes,,Yes,,,,,,,Yes,,,,58,Old East York,58,Old East York (58),D55,633044.4911,4838802.5253
17756,81646622,2001159151,6/18/2022 8:00:00 AM,1855,GAMBLE AVE,PAPE AVE,,Major Arterial,Toronto and East York,43.690329,-79.349132,At Intersection,Stop Sign,Clear,Daylight,Dry,Non-Fatal Injury,Pedestrian Collisions,Pedestrian,60 to 64,Major,,South,,,,,Vehicle is going straight thru inter.while ped cross with ROW,Crossing with right of way,Normal,,,,Yes,,Yes,,,,,,,Yes,,,,58,Old East York,58,Old East York (58),D55,633044.4911,4838802.5253
17757,81646430,2001159560,6/18/2022 8:00:00 AM,2015,BRIMLEY RD,EGLINTON AVE E,,Major Arterial,Scarborough,43.736624,-79.24805,At Intersection,Traffic Signal,Clear,Daylight,Dry,Non-Fatal Injury,Pedestrian Collisions,Driver,35 to 39,None,,North,"Automobile, Station Wagon",Turning Left,Improper Turn,Inattentive,,,,,,,Yes,,Yes,,,,,,,,,,,124,Kennedy Park,124,Kennedy Park (124),D41,641082.1697,4844111.4105
17758,81646431,2001159560,6/18/2022 8:00:00 AM,2015,BRIMLEY RD,EGLINTON AVE E,,Major Arterial,Scarborough,43.736624,-79.24805,At Intersection,Traffic Signal,Clear,Daylight,Dry,Non-Fatal Injury,Pedestrian Collisions,Pedestrian,25 to 29,Major,,South,,,,,Vehicle turns left while ped crosses with ROW at inter.,Crossing with right of way,Normal,,,,Yes,,Yes,,,,,,,,,,,124,Kennedy Park,124,Kennedy Park (124),D41,641082.1697,4844111.4105
17759,81645403,2001166978,6/20/2022 8:00:00 AM,47,MARKHAM RD,BLAKEMANOR BLVD,,Major Arterial,Scarborough,43.749045,-79.221446,Non Intersection,No Control,Clear,"Dark, artificial",Dry,Fatal,Pedestrian Collisions,Pedestrian,30 to 34,Fatal,22,West,,,,,Pedestrian hit at mid-block,Running onto Roadway,Other,,,,Yes,,,,,Yes,,,,,,,,141,Golfdale-Cedarbrae-Woburn,137,Woburn (137),D43,643194.9621,4845536.599
17760,81645404,2001166978,6/20/2022 8:00:00 AM,47,MARKHAM RD,BLAKEMANOR BLVD,,Major Arterial,Scarborough,43.749045,-79.221446,Non Intersection,No Control,Clear,"Dark, artificial",Dry,Fatal,Pedestrian Collisions,Driver,30 to 34,None,,North,Municipal Transit Bus (TTC),Going Ahead,Driving Properly,Normal,,,,,,,Yes,,,,,Yes,,,,,,,,141,Golfdale-Cedarbrae-Woburn,137,Woburn (137),D43,643194.9621,4845536.599
17761,81647604,2001169875,6/20/2022 8:00:00 AM,1235,BRIMLEY RD,BRIMORTON DR,110 m South ,Major Arterial,Scarborough,43.764178,-79.259158,Non Intersection,No Control,Clear,Daylight,Dry,Non-Fatal Injury,SMV Other,Driver,15 to 19,Major,,North,"Automobile, Station Wagon",Going Ahead,Lost control,Unknown,,,,,,,,,Yes,,,,,,Yes,Yes,,,,156,Bendale-Glen Andrew,127,Bendale (127),D41,640123.3281,4847152.8461
17762,81645405,2001175617,6/21/2022 8:00:00 AM,906,28 TREMONT CRES,,,Local,North York,43.736521,-79.352756,Non Intersection,No Control,Clear,Daylight,Dry,Fatal,Pedestrian Collisions,Pedestrian,85 to 89,Fatal,23,East,,,,,Vehicle is reversing and hits pedestrian,Walking on Roadway Against Traffic,Normal,,,,Yes,,,,Yes,,,,,,,,,42,Banbury-Don Mills,42,Banbury-Don Mills (42),D33,632650.4729,4843927.0003
17763,81645406,2001175617,6/21/2022 8:00:00 AM,906,28 TREMONT CRES,,,Local,North York,43.736521,-79.352756,Non Intersection,No Control,Clear,Daylight,Dry,Fatal,Pedestrian Collisions,Driver,35 to 39,Minimal,,West,Truck (other),Reversing,Other,Normal,,,,,,,Yes,,,,Yes,,,,,,,,,42,Banbury-Don Mills,42,Banbury-Don Mills (42),D33,632650.4729,4843927.0003
17764,81657206,2001178288,6/21/2022 8:00:00 AM,1530,ADELAIDE ST E,POWER ST,,Major Arterial,North York,43.654006,-79.362697,At Intersection,Stop Sign,Clear,Daylight,Dry,Non-Fatal Injury,Angle,Motorcycle Driver,25 to 29,Major,,East,Motorcycle,Going Ahead,Exceeding Speed Limit,Normal,,,,,,,,,Yes,Yes,,,,,Yes,Yes,,,,73,Moss Park,73,Moss Park (73),D51,632030.8947,4834746.6888
17765,81657207,2001178288,6/21/2022 8:00:00 AM,1530,ADELAIDE ST E,POWER ST,,Major Arterial,North York,43.654006,-79.362697,At Intersection,Stop Sign,Clear,Daylight,Dry,Non-Fatal Injury,Angle,Driver,25 to 29,None,,North,"Automobile, Station Wagon",Going Ahead,Driving Properly,Normal,,,,,,,,,Yes,Yes,,,,,Yes,Yes,,,,73,Moss Park,73,Moss Park (73),D51,632030.8947,4834746.6888
17766,81708773,2001187840,6/22/2022 8:00:00 AM,2046,WILLIAM R ALLEN RD,SHEPPARD AVE W,400 m South ,Major Arterial,North York,43.750247,-79.46336,Non Intersection,No Control,Clear,"Dark, artificial",Dry,Non-Fatal Injury,SMV Other,Driver,60 to 64,Minimal,,South,"Automobile, Station Wagon",Going Ahead,Failed to Yield Right of Way,Other,,,,,,,,,Yes,,,,,Yes,Yes,Yes,,,,155,Downsview,26,Downsview-Roding-CFB (26),D32,623715.3158,4845280.339
17767,81708774,2001187840,6/22/2022 8:00:00 AM,2046,WILLIAM R ALLEN RD,SHEPPARD AVE W,400 m South ,Major Arterial,North York,43.750247,-79.46336,Non Intersection,No Control,Clear,"Dark, artificial",Dry,Non-Fatal Injury,SMV Other,Passenger,40 to 44,Major,,,,,,,,,,,,,,,Yes,,,,,Yes,Yes,Yes,,,,155,Downsview,26,Downsview-Roding-CFB (26),D32,623715.3158,4845280.339
17768,81645437,2001202991,6/24/2022 8:00:00 AM,2210,1760 Albion Rd,,,Major Arterial,Etobicoke York,43.743365,-79.603,Non Intersection,No Control,Clear,"Dark, artificial",Dry,Fatal,Turning Movement,Motorcycle Driver,60 to 64,Fatal,24,West,"Automobile, Station Wagon",Going Ahead,Driving Properly,Normal,,,,,,,,,Yes,Yes,,,,,,,,,,1,West Humber-Clairville,1,West Humber-Clairville (1),D23,612485.6712,4844316.9197
17769,81645439,2001202991,6/24/2022 8:00:00 AM,2210,1760 Albion Rd,,,Major Arterial,Etobicoke York,43.743365,-79.603,Non Intersection,No Control,Clear,"Dark, artificial",Dry,Fatal,Turning Movement,Driver,20 to 24,None,,East,"Automobile, Station Wagon",Turning Left,Improper Turn,Inattentive,,,,,,,,,Yes,Yes,,,,,,,,,,1,West Humber-Clairville,1,West Humber-Clairville (1),D23,612485.6712,4844316.9197
17770,81680679,2001212143,6/26/2022 8:00:00 AM,600,SPADINA AVE,QUEEN ST W,50 m South o,Major Arterial,Toronto and East York,43.648482,-79.396251,Non Intersection,No Control,Clear,Daylight,Dry,Non-Fatal Injury,Cyclist Collisions,Driver,unknown,None,,South,"Automobile, Station Wagon",Going Ahead,Other,Other,,,,,,,,Yes,Yes,,,,,,,,,,,164,Wellington Place,77,Waterfront Communities-The Island (77),D52,629336.9535,4834080.3338
17771,81680680,2001212143,6/26/2022 8:00:00 AM,600,SPADINA AVE,QUEEN ST W,50 m South o,Major Arterial,Toronto and East York,43.648482,-79.396251,Non Intersection,No Control,Clear,Daylight,Dry,Non-Fatal Injury,Cyclist Collisions,Cyclist,30 to 34,Major,,South,Bicycle,Going Ahead,,,,,,Cyclist and Driver travelling in same direction. One vehicle sideswipes the other.,Other,Other,,Yes,Yes,,,,,,,,,,,164,Wellington Place,77,Waterfront Communities-The Island (77),D52,629336.9535,4834080.3338