OBJECTID,INDEX,ACCNUM,DATE,TIME,STREET1,STREET2,OFFSET,ROAD_CLASS,DISTRICT,LATITUDE,LONGITUDE,ACCLOC,TRAFFCTL,VISIBILITY,LIGHT,RDSFCOND,ACCLASS,IMPACTYPE,INVTYPE,INVAGE,INJURY,FATAL_NO,INITDIR,VEHTYPE,MANOEUVER,DRIVACT,DRIVCOND,PEDTYPE,PEDACT,PEDCOND,CYCLISTYPE,CYCACT,CYCCOND,PEDESTRIAN,CYCLIST,AUTOMOBILE,MOTORCYCLE,TRUCK,TRSN_CITY_VEH,EMERG_VEH,PASSENGER,SPEEDING,AG_DRIV,REDLIGHT,ALCOHOL,DISABILITY,HOOD_158,NEIGHBOURHOOD_158,HOOD_140,NEIGHBOURHOOD_140,DIVISION,x,y
17828,81658022,2001340330,7/13/2022 8:00:00 AM,2338,EGLINTON AVE E,DANFORTH RD,20 m South o,Major Arterial,Scarborough,43.737025,-79.246127,At Intersection,Traffic Signal,Clear,Dark,Dry,Non-Fatal Injury,Pedestrian Collisions,Driver,50 to 54,None,,West,"Automobile, Station Wagon",Turning Left,Improper Turn,Normal,,,,,,,Yes,,Yes,,,,,,,,,,,138,Eglinton East,138,Eglinton East (138),D43,641236.0854,4844159.224
17829,81658023,2001340330,7/13/2022 8:00:00 AM,2338,EGLINTON AVE E,DANFORTH RD,20 m South o,Major Arterial,Scarborough,43.737025,-79.246127,At Intersection,Traffic Signal,Clear,Dark,Dry,Non-Fatal Injury,Pedestrian Collisions,Pedestrian,50 to 54,Major,,West,,,,,Vehicle turns left while ped crosses with ROW at inter.,Crossing with right of way,Normal,,,,Yes,,Yes,,,,,,,,,,,138,Eglinton East,138,Eglinton East (138),D43,641236.0854,4844159.224
17830,81657960,2001344891,7/14/2022 8:00:00 AM,1600,EVANS AVE,TREEVIEW DR,,Major Arterial,Etobicoke York,43.61344,-79.536372,At Intersection,Traffic Signal,Clear,Daylight,Dry,Non-Fatal Injury,Cyclist Collisions,Driver,75 to 79,None,,West,Passenger Van,Turning Left,Improper Turn,Inattentive,,,,,,,,Yes,Yes,,,,,,,,,,,20,Alderwood,20,Alderwood (20),D22,618105.1819,4829979.6495
17831,81657961,2001344891,7/14/2022 8:00:00 AM,1600,EVANS AVE,TREEVIEW DR,,Major Arterial,Etobicoke York,43.61344,-79.536372,At Intersection,Traffic Signal,Clear,Daylight,Dry,Non-Fatal Injury,Cyclist Collisions,Cyclist,60 to 64,Major,,East,Bicycle,Going Ahead,,,,,,Motorist turned left across cyclists path.,Other,Inattentive,,Yes,Yes,,,,,,,,,,,20,Alderwood,20,Alderwood (20),D22,618105.1819,4829979.6495
17832,81657106,2001353218,7/15/2022 8:00:00 AM,1830,UNIVERSITY AVE,ELM ST,,Major Arterial,Toronto and East York,43.656253,-79.388934,At Intersection,Traffic Signal,Clear,Daylight,Dry,Non-Fatal Injury,Angle,Driver,25 to 29,Major,,West,Other,Going Ahead,Disobeyed Traffic Control,Inattentive,,,,,,,,,Yes,,,,,,,Yes,Yes,,,78,Kensington-Chinatown,78,Kensington-Chinatown (78),D52,629910.2948,4834954.8351
17833,81657107,2001353218,7/15/2022 8:00:00 AM,1830,UNIVERSITY AVE,ELM ST,,Major Arterial,Toronto and East York,43.656253,-79.388934,At Intersection,Traffic Signal,Clear,Daylight,Dry,Non-Fatal Injury,Angle,Driver,50 to 54,None,,South,"Automobile, Station Wagon",Going Ahead,Driving Properly,Normal,,,,,,,,,Yes,,,,,,,Yes,Yes,,,78,Kensington-Chinatown,78,Kensington-Chinatown (78),D52,629910.2948,4834954.8351
17834,81658241,2001354914,7/15/2022 8:00:00 AM,2317,BATHURST ST,EGLINTON AVE W,3 m North of,Major Arterial,,43.700888,-79.425563,At Intersection,Traffic Signal,Clear,Dark,Dry,Non-Fatal Injury,Cyclist Collisions,Cyclist,35 to 39,Major,,South,Bicycle,Going Ahead,,,,,,Cyclist and Driver travelling in same direction. One vehicle sideswipes the other.,Lost control,Had Been Drinking,,Yes,Yes,,,,,,,,,,,106,Humewood-Cedarvale,106,Humewood-Cedarvale (106),D13,626862.5398,4839855.4586
17835,81658242,2001354914,7/15/2022 8:00:00 AM,2317,BATHURST ST,EGLINTON AVE W,3 m North of,Major Arterial,,43.700888,-79.425563,At Intersection,Traffic Signal,Clear,Dark,Dry,Non-Fatal Injury,Cyclist Collisions,Driver,55 to 59,None,,South,"Automobile, Station Wagon",Stopped,Driving Properly,Normal,,,,,,,,Yes,Yes,,,,,,,,,,,106,Humewood-Cedarvale,106,Humewood-Cedarvale (106),D13,626862.5398,4839855.4586
17836,81656789,2001361814,7/16/2022 8:00:00 AM,2237,NORTH QUEEN ST,MANSTOR RD,,Minor Arterial,Etobicoke York,43.618144,-79.557628,Intersection Related,No Control,Clear,"Dark, artificial",Dry,Fatal,SMV Other,Motorcycle Driver,45 to 49,Fatal,27,West,Motorcycle,Going Ahead,Lost control,Unknown,,,,,,,,,,Yes,,,,,,,,,,159,Etobicoke City Centre,14,Islington-City Centre West (14),D22,616380.8739,4830472.0746
17837,81666256,2001364051,7/17/2022 8:00:00 AM,946,KEELE ST,LAWRENCE AVE W,15 m North o,Major Arterial,North York,43.708655,-79.478038,Intersection Related,Traffic Signal,Clear,Daylight,Dry,Non-Fatal Injury,Rear End,Driver,35 to 39,Major,,South,"Automobile, Station Wagon",Going Ahead,Exceeding Speed Limit,Unknown,,,,,,,,,Yes,,Yes,,,,Yes,Yes,,,,30,Brookhaven-Amesbury,30,Brookhaven-Amesbury (30),D12,622618.4171,4840639.1355
17838,81666257,2001364051,7/17/2022 8:00:00 AM,946,KEELE ST,LAWRENCE AVE W,15 m North o,Major Arterial,North York,43.708655,-79.478038,Intersection Related,Traffic Signal,Clear,Daylight,Dry,Non-Fatal Injury,Rear End,Truck Driver,55 to 59,None,,South,Truck - Dump,Stopped,Driving Properly,Normal,,,,,,,,,Yes,,Yes,,,,Yes,Yes,,,,30,Brookhaven-Amesbury,30,Brookhaven-Amesbury (30),D12,622618.4171,4840639.1355
17839,81657750,2001379315,7/19/2022 8:00:00 AM,1245,MORNINGSIDE AVE,MILITARY TRL,,Major Arterial,Scarborough,43.789206,-79.194324,At Intersection,Traffic Signal,Clear,Daylight,Dry,Non-Fatal Injury,Pedestrian Collisions,Driver,40 to 44,None,,South,"Automobile, Station Wagon",Turning Left,Failed to Yield Right of Way,Normal,,,,,,,Yes,,Yes,,,,,,,Yes,,,,135,Morningside,135,Morningside (135),D43,645281.3625,4850044.3558
17840,81657751,2001379315,7/19/2022 8:00:00 AM,1245,MORNINGSIDE AVE,MILITARY TRL,,Major Arterial,Scarborough,43.789206,-79.194324,At Intersection,Traffic Signal,Clear,Daylight,Dry,Non-Fatal Injury,Pedestrian Collisions,Pedestrian,10 to 14,Major,,South,,,,,Vehicle turns left while ped crosses with ROW at inter.,Crossing with right of way,Normal,,,,Yes,,Yes,,,,,,,Yes,,,,135,Morningside,135,Morningside (135),D43,645281.3625,4850044.3558
17841,81666273,2001380523,7/19/2022 8:00:00 AM,1550,TRETHEWEY DR,BLACK CREEK DR,189 m West o,Minor Arterial,,43.695502,-79.488467,Non Intersection,No Control,Clear,Daylight,Dry,Non-Fatal Injury,Turning Movement,Driver,20 to 24,None,,East,"Automobile, Station Wagon",Turning Left,Improper Turn,Normal,,,,,,,,,Yes,Yes,,,,,,,,,,30,Brookhaven-Amesbury,30,Brookhaven-Amesbury (30),D12,621804.8196,4839162.9404
17842,81666274,2001380523,7/19/2022 8:00:00 AM,1550,TRETHEWEY DR,BLACK CREEK DR,189 m West o,Minor Arterial,,43.695502,-79.488467,Non Intersection,No Control,Clear,Daylight,Dry,Non-Fatal Injury,Turning Movement,Motorcycle Driver,35 to 39,Major,,West,Motorcycle,Going Ahead,Driving Properly,Normal,,,,,,,,,Yes,Yes,,,,,,,,,,30,Brookhaven-Amesbury,30,Brookhaven-Amesbury (30),D12,621804.8196,4839162.9404
17843,81656788,2001395408,7/21/2022 8:00:00 AM,1510,WARDEN AVE,COMSTOCK RD,,Major Arterial,Scarborough,43.721461,-79.284953,At Intersection,Traffic Signal,Clear,Daylight,Dry,Fatal,Pedestrian Collisions,Driver,75 to 79,None,,South,"Automobile, Station Wagon",Going Ahead,Driving Properly,Normal,,,,,,,Yes,,Yes,,,,,Yes,,Yes,,,,120,Clairlea-Birchmount,120,Clairlea-Birchmount (120),D41,638145.2424,4842365.1561
17844,81656790,2001395408,7/21/2022 8:00:00 AM,1510,WARDEN AVE,COMSTOCK RD,,Major Arterial,Scarborough,43.721461,-79.284953,At Intersection,Traffic Signal,Clear,Daylight,Dry,Fatal,Pedestrian Collisions,Pedestrian,35 to 39,Fatal,28,Unknown,,,,,Pedestrian hit on sidewalk or shoulder,On Sidewalk or Shoulder,Normal,,,,Yes,,Yes,,,,,Yes,,Yes,,,,120,Clairlea-Birchmount,120,Clairlea-Birchmount (120),D41,638145.2424,4842365.1561
17845,81656791,2001395408,7/21/2022 8:00:00 AM,1510,WARDEN AVE,COMSTOCK RD,,Major Arterial,Scarborough,43.721461,-79.284953,At Intersection,Traffic Signal,Clear,Daylight,Dry,Fatal,Pedestrian Collisions,Passenger,20 to 24,None,,,,,,,,,,,,,Yes,,Yes,,,,,Yes,,Yes,,,,120,Clairlea-Birchmount,120,Clairlea-Birchmount (120),D41,638145.2424,4842365.1561
17846,81658383,2001395408,7/21/2022 8:00:00 AM,1510,WARDEN AVE,COMSTOCK RD,,Major Arterial,Scarborough,43.721461,-79.284953,At Intersection,Traffic Signal,Clear,Daylight,Dry,Fatal,Pedestrian Collisions,Driver,15 to 19,None,,North,"Automobile, Station Wagon",Turning Left,Failed to Yield Right of Way,Normal,,,,,,,Yes,,Yes,,,,,Yes,,Yes,,,,120,Clairlea-Birchmount,120,Clairlea-Birchmount (120),D41,638145.2424,4842365.1561
17847,81687420,2001404331,7/22/2022 8:00:00 AM,1815,ST CLAIR AVE W,CALEDONIA RD,50 m East of,Major Arterial,Toronto and East York,43.675387,-79.454189,Non Intersection,No Control,Clear,Daylight,Dry,Non-Fatal Injury,Pedestrian Collisions,Driver,55 to 59,None,,West,Street Car,Going Ahead,Driving Properly,Normal,,,,,,,Yes,,,,,Yes,,,,Yes,,,,92,Corso Italia-Davenport,92,Corso Italia-Davenport (92),D13,624608.7306,4836979.8217
17848,81687421,2001404331,7/22/2022 8:00:00 AM,1815,ST CLAIR AVE W,CALEDONIA RD,50 m East of,Major Arterial,Toronto and East York,43.675387,-79.454189,Non Intersection,No Control,Clear,Daylight,Dry,Non-Fatal Injury,Pedestrian Collisions,Pedestrian,45 to 49,Major,,South,,,,,Pedestrian involved in a collision with transit vehicle anywhere along roadway,"Crossing, no Traffic Control",Normal,,,,Yes,,,,,Yes,,,,Yes,,,,92,Corso Italia-Davenport,92,Corso Italia-Davenport (92),D13,624608.7306,4836979.8217
17849,81645436,2001414066,7/24/2022 8:00:00 AM,142,BRIMLEY RD,WATERFIELD DR,,Major Arterial,Scarborough,43.765128,-79.259509,At Intersection,Traffic Signal,Clear,"Dark, artificial",Dry,Fatal,SMV Other,Motorcycle Driver,35 to 39,Fatal,29,South,Motorcycle,Going Ahead,Lost control,Unknown,,,,,,,,,,Yes,,,,,,,,,,156,Bendale-Glen Andrew,127,Bendale (127),D43,640092.8575,4847257.7644
17850,81664126,2001417954,7/24/2022 8:00:00 AM,1635,MIDLAND AVE,FINCH AVE E,2 m North of,Major Arterial,Scarborough,43.804583,-79.286739,Non Intersection,No Control,Clear,Daylight,Dry,Non-Fatal Injury,Turning Movement,Driver,35 to 39,Major,,East,"Automobile, Station Wagon",Turning Left,Failed to Yield Right of Way,Inattentive,,,,,,,,,Yes,,,,,Yes,,Yes,,,,130,Milliken,130,Milliken (130),D42,637810.3824,4851594.1567
17851,81664127,2001417954,7/24/2022 8:00:00 AM,1635,MIDLAND AVE,FINCH AVE E,2 m North of,Major Arterial,Scarborough,43.804583,-79.286739,Non Intersection,No Control,Clear,Daylight,Dry,Non-Fatal Injury,Turning Movement,Driver,65 to 69,Minor,,South,Pick Up Truck,Going Ahead,Driving Properly,Normal,,,,,,,,,Yes,,,,,Yes,,Yes,,,,130,Milliken,130,Milliken (130),D42,637810.3824,4851594.1567
17852,81664128,2001417954,7/24/2022 8:00:00 AM,1635,MIDLAND AVE,FINCH AVE E,2 m North of,Major Arterial,Scarborough,43.804583,-79.286739,Non Intersection,No Control,Clear,Daylight,Dry,Non-Fatal Injury,Turning Movement,Passenger,40 to 44,None,,,,,,,,,,,,,,,Yes,,,,,Yes,,Yes,,,,130,Milliken,130,Milliken (130),D42,637810.3824,4851594.1567
17853,81664129,2001417954,7/24/2022 8:00:00 AM,1635,MIDLAND AVE,FINCH AVE E,2 m North of,Major Arterial,Scarborough,43.804583,-79.286739,Non Intersection,No Control,Clear,Daylight,Dry,Non-Fatal Injury,Turning Movement,Passenger,45 to 49,Minor,,,,,,,,,,,,,,,Yes,,,,,Yes,,Yes,,,,130,Milliken,130,Milliken (130),D42,637810.3824,4851594.1567
17854,81664130,2001417954,7/24/2022 8:00:00 AM,1635,MIDLAND AVE,FINCH AVE E,2 m North of,Major Arterial,Scarborough,43.804583,-79.286739,Non Intersection,No Control,Clear,Daylight,Dry,Non-Fatal Injury,Turning Movement,Passenger,45 to 49,Minor,,,,,,,,,,,,,,,Yes,,,,,Yes,,Yes,,,,130,Milliken,130,Milliken (130),D42,637810.3824,4851594.1567
17855,81663481,2001427156,7/24/2022 8:00:00 AM,2254,REXDALE BLVD,KIPLING AVE,100 m East o,Major Arterial,Etobicoke York,43.711875,-79.565456,Non Intersection,No Control,Rain,"Dark, artificial",Wet,Non-Fatal Injury,Pedestrian Collisions,Driver,45 to 49,Minimal,,East,"Automobile, Station Wagon",Going Ahead,Failed to Yield Right of Way,"Ability Impaired, Alcohol Over .08",,,,,,,Yes,,Yes,,,,,,,Yes,,Yes,,1,West Humber-Clairville,1,West Humber-Clairville (1),D23,615569.2549,4840871.1718
17856,81663482,2001427156,7/24/2022 8:00:00 AM,2254,REXDALE BLVD,KIPLING AVE,100 m East o,Major Arterial,Etobicoke York,43.711875,-79.565456,Non Intersection,No Control,Rain,"Dark, artificial",Wet,Non-Fatal Injury,Pedestrian Collisions,Pedestrian,20 to 24,Major,,Unknown,,,,,Pedestrian hit at mid-block,Pushing/Working on Vehicle,Normal,,,,Yes,,Yes,,,,,,,Yes,,Yes,,1,West Humber-Clairville,1,West Humber-Clairville (1),D23,615569.2549,4840871.1718
17857,81658093,2001421096,7/25/2022 8:00:00 AM,403,KINGSTON RD,SCARBOROUGH GOLF CLUB RD,,Major Arterial,Scarborough,43.745928,-79.209316,Intersection Related,Traffic Signal,Clear,Dawn,Dry,Fatal,SMV Other,Driver,50 to 54,Fatal,30,East,"Automobile, Station Wagon",Going Ahead,Lost control,Inattentive,,,,,,,,,Yes,,,,,,,,,,,140,Guildwood,140,Guildwood (140),D43,644179.069,4845211.4503
17858,81704559,2001422943,7/25/2022 8:00:00 AM,950,PARK LAWN RD,LAKE SHORE BLVD W,N OF LAKE SH,Major Arterial,Etobicoke York,43.623656,-79.483226,At Intersection,Traffic Signal,Clear,Daylight,Dry,Non-Fatal Injury,Pedestrian Collisions,Driver,80 to 84,Minimal,,South,"Automobile, Station Wagon",Turning Right,Failed to Yield Right of Way,Normal,,,,,,,Yes,,Yes,,,,,,,Yes,,,,161,Humber Bay Shores,17,Mimico (includes Humber Bay Shores) (17),D22,622373.0284,4831191.2189
17859,81704560,2001422943,7/25/2022 8:00:00 AM,950,PARK LAWN RD,LAKE SHORE BLVD W,N OF LAKE SH,Major Arterial,Etobicoke York,43.623656,-79.483226,At Intersection,Traffic Signal,Clear,Daylight,Dry,Non-Fatal Injury,Pedestrian Collisions,Wheelchair,60 to 64,Major,,South,,,,,Vehicle turns right while ped crosses with ROW at inter.,Crossing with right of way,Normal,,,,Yes,,Yes,,,,,,,Yes,,,,161,Humber Bay Shores,17,Mimico (includes Humber Bay Shores) (17),D22,622373.0284,4831191.2189
17860,81687538,2001426544,7/25/2022 8:00:00 AM,2000,YORK ST,LAKESHORE W GARDINER,,Major Arterial,Toronto and East York,43.641688,-79.380946,At Intersection,Traffic Signal,Clear,Daylight,Dry,Non-Fatal Injury,Turning Movement,Motorcycle Driver,25 to 29,Major,,South,Motorcycle,Turning Right,Improper Turn,Normal,,,,,,,,,,Yes,,Yes,,,,,,,,166,St Lawrence-East Bayfront-The Islands,77,Waterfront Communities-The Island (77),D52,630585.9835,4833349.7387
17861,81687539,2001426544,7/25/2022 8:00:00 AM,2000,YORK ST,LAKESHORE W GARDINER,,Major Arterial,Toronto and East York,43.641688,-79.380946,At Intersection,Traffic Signal,Clear,Daylight,Dry,Non-Fatal Injury,Turning Movement,Driver,50 to 54,None,,West,"Bus (Other) (Go Bus, Gray Coa",Going Ahead,Driving Properly,Normal,,,,,,,,,,Yes,,Yes,,,,,,,,166,St Lawrence-East Bayfront-The Islands,77,Waterfront Communities-The Island (77),D52,630585.9835,4833349.7387
17862,81663769,2001452847,7/29/2022 8:00:00 AM,1156,WILSON  AVE,BATHURST  ST,60 m West of,Major Arterial,North York,43.737059,-79.435085,At/Near Private Drive,No Control,Clear,Daylight,Dry,Non-Fatal Injury,Pedestrian Collisions,Driver,45 to 49,None,,West,"Automobile, Station Wagon",Pulling Onto Shoulder or towardCurb,Speed too Fast For Condition,Inattentive,,,,,,,Yes,,Yes,,,,,Yes,Yes,Yes,,,,33,Clanton Park,33,Clanton Park (33),D32,626019.432,4843858.2363
17863,81663770,2001452847,7/29/2022 8:00:00 AM,1156,WILSON  AVE,BATHURST  ST,60 m West of,Major Arterial,North York,43.737059,-79.435085,At/Near Private Drive,No Control,Clear,Daylight,Dry,Non-Fatal Injury,Pedestrian Collisions,Passenger,15 to 19,None,,,,,,,,,,,,,Yes,,Yes,,,,,Yes,Yes,Yes,,,,33,Clanton Park,33,Clanton Park (33),D32,626019.432,4843858.2363
17864,81663771,2001452847,7/29/2022 8:00:00 AM,1156,WILSON  AVE,BATHURST  ST,60 m West of,Major Arterial,North York,43.737059,-79.435085,At/Near Private Drive,No Control,Clear,Daylight,Dry,Non-Fatal Injury,Pedestrian Collisions,Pedestrian,70 to 74,Major,,West,,,,,Pedestrian hit on sidewalk or shoulder,Other,Other,,,,Yes,,Yes,,,,,Yes,Yes,Yes,,,,33,Clanton Park,33,Clanton Park (33),D32,626019.432,4843858.2363
17865,81709039,2001453011,7/29/2022 8:00:00 AM,1220,BRIMLEY RD,OMNI DR,,Major Arterial,Scarborough,43.771941,-79.261875,Intersection Related,Traffic Signal,Clear,Daylight,Dry,Non-Fatal Injury,Turning Movement,Driver,85 to 89,None,,North,"Automobile, Station Wagon",Going Ahead,Disobeyed Traffic Control,Inattentive,,,,,,,,,Yes,,,,,Yes,,Yes,Yes,,,156,Bendale-Glen Andrew,127,Bendale (127),D43,639886.5311,4848010.4538
17866,81709040,2001453011,7/29/2022 8:00:00 AM,1220,BRIMLEY RD,OMNI DR,,Major Arterial,Scarborough,43.771941,-79.261875,Intersection Related,Traffic Signal,Clear,Daylight,Dry,Non-Fatal Injury,Turning Movement,Driver,50 to 54,Major,,East,"Automobile, Station Wagon",Turning Left,Driving Properly,Normal,,,,,,,,,Yes,,,,,Yes,,Yes,Yes,,,156,Bendale-Glen Andrew,127,Bendale (127),D43,639886.5311,4848010.4538
17867,81709041,2001453011,7/29/2022 8:00:00 AM,1220,BRIMLEY RD,OMNI DR,,Major Arterial,Scarborough,43.771941,-79.261875,Intersection Related,Traffic Signal,Clear,Daylight,Dry,Non-Fatal Injury,Turning Movement,Passenger,75 to 79,None,,,,,,,,,,,,,,,Yes,,,,,Yes,,Yes,Yes,,,156,Bendale-Glen Andrew,127,Bendale (127),D43,639886.5311,4848010.4538
17868,81666799,2001456323,7/29/2022 8:00:00 AM,2045,636 TRETHEWEY DR,,3 m West of,Minor Arterial,North York,43.696936,-79.494991,At Intersection,No Control,Clear,"Dusk, artificial",Dry,Non-Fatal Injury,Turning Movement,Driver,40 to 44,Minimal,,East,"Automobile, Station Wagon",Turning Left,Speed too Fast For Condition,Inattentive,,,,,,,,,Yes,Yes,,,,Yes,Yes,Yes,,,,30,Brookhaven-Amesbury,30,Brookhaven-Amesbury (30),D12,621276.1969,4839312.6428
17869,81666800,2001456323,7/29/2022 8:00:00 AM,2045,636 TRETHEWEY DR,,3 m West of,Minor Arterial,North York,43.696936,-79.494991,At Intersection,No Control,Clear,"Dusk, artificial",Dry,Non-Fatal Injury,Turning Movement,Motorcycle Driver,20 to 24,Major,,West,Motorcycle,Going Ahead,Driving Properly,Normal,,,,,,,,,Yes,Yes,,,,Yes,Yes,Yes,,,,30,Brookhaven-Amesbury,30,Brookhaven-Amesbury (30),D12,621276.1969,4839312.6428
17870,81666801,2001456323,7/29/2022 8:00:00 AM,2045,636 TRETHEWEY DR,,3 m West of,Minor Arterial,North York,43.696936,-79.494991,At Intersection,No Control,Clear,"Dusk, artificial",Dry,Non-Fatal Injury,Turning Movement,Passenger,unknown,Minimal,,,,,,,,,,,,,,,Yes,Yes,,,,Yes,Yes,Yes,,,,30,Brookhaven-Amesbury,30,Brookhaven-Amesbury (30),D12,621276.1969,4839312.6428
17871,81749771,2001457680,7/30/2022 8:00:00 AM,45,DON VALLEY PARKWAY  N,LAWRENCE AVE E,250 m South ,Expressway,North York,43.737429,-79.332172,Non Intersection,No Control,Clear,"Dark, artificial",Dry,Non-Fatal Injury,SMV Other,Driver,20 to 24,Major,,North,"Automobile, Station Wagon",Going Ahead,Lost control,Other,,,,,,,,,Yes,,,,,,,,,,,42,Banbury-Don Mills,42,Banbury-Don Mills (42),D33,634306.0637,4844061.0091
17872,81658094,2001458223,7/30/2022 8:00:00 AM,336,WILSON AVE,CLAYSON RD,,Major Arterial,North York,43.717631,-79.522998,At Intersection,Traffic Signal,Clear,"Dark, artificial",Dry,Fatal,Pedestrian Collisions,Pedestrian,20 to 24,Fatal,31,North,,,,,Vehicle is going straight thru inter.while ped cross with ROW,Crossing with right of way,Normal,,,,Yes,,Yes,,,,,,Yes,Yes,,Yes,,154,Oakdale-Beverley Heights,26,Downsview-Roding-CFB (26),D31,618978.3767,4841570.5253
17873,81658095,2001458223,7/30/2022 8:00:00 AM,336,WILSON AVE,CLAYSON RD,,Major Arterial,North York,43.717631,-79.522998,At Intersection,Traffic Signal,Clear,"Dark, artificial",Dry,Fatal,Pedestrian Collisions,Driver,40 to 44,None,,East,"Automobile, Station Wagon",Going Ahead,Exceeding Speed Limit,"Ability Impaired, Alcohol",,,,,,,Yes,,Yes,,,,,,Yes,Yes,,Yes,,154,Oakdale-Beverley Heights,26,Downsview-Roding-CFB (26),D31,618978.3767,4841570.5253
17874,81658097,2001458223,7/30/2022 8:00:00 AM,336,WILSON AVE,CLAYSON RD,,Major Arterial,North York,43.717631,-79.522998,At Intersection,Traffic Signal,Clear,"Dark, artificial",Dry,Fatal,Pedestrian Collisions,Driver,30 to 34,None,,East,"Automobile, Station Wagon",Stopped,Driving Properly,Normal,,,,,,,Yes,,Yes,,,,,,Yes,Yes,,Yes,,154,Oakdale-Beverley Heights,26,Downsview-Roding-CFB (26),D31,618978.3767,4841570.5253
17875,81663314,2001460697,7/30/2022 8:00:00 AM,1356,NEILSON RD,SHEPPARD AVE E,,Major Arterial,Scarborough,43.798041,-79.217685,At Intersection,Traffic Signal,Clear,Daylight,Dry,Non-Fatal Injury,Turning Movement,Driver,45 to 49,Minimal,,North,"Automobile, Station Wagon",Turning Left,Failed to Yield Right of Way,Normal,,,,,,,,,Yes,,,,,Yes,,Yes,,,,146,Malvern East,132,Malvern (132),D42,643380.6249,4850984.8851
17876,81663315,2001460697,7/30/2022 8:00:00 AM,1356,NEILSON RD,SHEPPARD AVE E,,Major Arterial,Scarborough,43.798041,-79.217685,At Intersection,Traffic Signal,Clear,Daylight,Dry,Non-Fatal Injury,Turning Movement,Driver,20 to 24,Minimal,,South,"Automobile, Station Wagon",Going Ahead,Driving Properly,Normal,,,,,,,,,Yes,,,,,Yes,,Yes,,,,146,Malvern East,132,Malvern (132),D42,643380.6249,4850984.8851
17877,81663316,2001460697,7/30/2022 8:00:00 AM,1356,NEILSON RD,SHEPPARD AVE E,,Major Arterial,Scarborough,43.798041,-79.217685,At Intersection,Traffic Signal,Clear,Daylight,Dry,Non-Fatal Injury,Turning Movement,Passenger,70 to 74,Major,,,,,,,,,,,,,,,Yes,,,,,Yes,,Yes,,,,146,Malvern East,132,Malvern (132),D42,643380.6249,4850984.8851
17878,81666559,2001463724,7/30/2022 8:00:00 AM,2201,WARDEN AVE,BAMBURGH CRCL,,Major Arterial,Scarborough,43.811564,-79.323329,At Intersection,Traffic Signal,Clear,"Dark, artificial",Dry,Non-Fatal Injury,Pedestrian Collisions,Driver,25 to 29,None,,East,Pick Up Truck,Going Ahead,Disobeyed Traffic Control,Normal,,,,,,,Yes,,Yes,,,,,,,Yes,Yes,,,116,Steeles,116,Steeles (116),D42,634851.4339,4852309.2222
17879,81666560,2001463724,7/30/2022 8:00:00 AM,2201,WARDEN AVE,BAMBURGH CRCL,,Major Arterial,Scarborough,43.811564,-79.323329,At Intersection,Traffic Signal,Clear,"Dark, artificial",Dry,Non-Fatal Injury,Pedestrian Collisions,Pedestrian,15 to 19,Major,,South,,,,,Vehicle is going straight thru inter.while ped cross with ROW,Crossing with right of way,Normal,,,,Yes,,Yes,,,,,,,Yes,Yes,,,116,Steeles,116,Steeles (116),D42,634851.4339,4852309.2222
17880,81666561,2001463724,7/30/2022 8:00:00 AM,2201,WARDEN AVE,BAMBURGH CRCL,,Major Arterial,Scarborough,43.811564,-79.323329,At Intersection,Traffic Signal,Clear,"Dark, artificial",Dry,Non-Fatal Injury,Pedestrian Collisions,Pedestrian,15 to 19,Major,,South,,,,,Vehicle is going straight thru inter.while ped cross with ROW,Crossing with right of way,Normal,,,,Yes,,Yes,,,,,,,Yes,Yes,,,116,Steeles,116,Steeles (116),D42,634851.4339,4852309.2222
17881,81658096,2001464726,7/31/2022 8:00:00 AM,112,KENNEDY RD,TRANSWAY CRES,,Major Arterial,Scarborough,43.731146,-79.26752,At Intersection,No Control,Clear,"Dark, artificial",Dry,Fatal,Turning Movement,Motorcycle Driver,35 to 39,Fatal,32,North,Motorcycle,Going Ahead,Exceeding Speed Limit,Unknown,,,,,,,,,Yes,Yes,,,,Yes,Yes,Yes,,,,124,Kennedy Park,124,Kennedy Park (124),D41,639526.9801,4843470.0262
17882,81658098,2001464726,7/31/2022 8:00:00 AM,112,KENNEDY RD,TRANSWAY CRES,,Major Arterial,Scarborough,43.731146,-79.26752,At Intersection,No Control,Clear,"Dark, artificial",Dry,Fatal,Turning Movement,Driver,30 to 34,None,,South,"Automobile, Station Wagon",Turning Left,Driving Properly,Normal,,,,,,,,,Yes,Yes,,,,Yes,Yes,Yes,,,,124,Kennedy Park,124,Kennedy Park (124),D41,639526.9801,4843470.0262
17883,81658384,2001464726,7/31/2022 8:00:00 AM,112,KENNEDY RD,TRANSWAY CRES,,Major Arterial,Scarborough,43.731146,-79.26752,At Intersection,No Control,Clear,"Dark, artificial",Dry,Fatal,Turning Movement,Passenger,15 to 19,None,,,,,,,,,,,,,,,Yes,Yes,,,,Yes,Yes,Yes,,,,124,Kennedy Park,124,Kennedy Park (124),D41,639526.9801,4843470.0262
17884,81738822,2001470034,7/31/2022 8:00:00 AM,2025,DISCO RD,ATTWELL DR,,Collector,Etobicoke York,43.701339,-79.608921,At Intersection,No Control,Clear,Daylight,Dry,Non-Fatal Injury,SMV Other,Motorcycle Driver,40 to 44,Major,,North,Motorcycle,Other,Lost control,Other,,,,,,,,,,Yes,,,,,,,,,,1,West Humber-Clairville,1,West Humber-Clairville (1),D23,612087.2531,4839641.3273