OBJECTID,INDEX,ACCNUM,DATE,TIME,STREET1,STREET2,OFFSET,ROAD_CLASS,DISTRICT,LATITUDE,LONGITUDE,ACCLOC,TRAFFCTL,VISIBILITY,LIGHT,RDSFCOND,ACCLASS,IMPACTYPE,INVTYPE,INVAGE,INJURY,FATAL_NO,INITDIR,VEHTYPE,MANOEUVER,DRIVACT,DRIVCOND,PEDTYPE,PEDACT,PEDCOND,CYCLISTYPE,CYCACT,CYCCOND,PEDESTRIAN,CYCLIST,AUTOMOBILE,MOTORCYCLE,TRUCK,TRSN_CITY_VEH,EMERG_VEH,PASSENGER,SPEEDING,AG_DRIV,REDLIGHT,ALCOHOL,DISABILITY,HOOD_158,NEIGHBOURHOOD_158,HOOD_140,NEIGHBOURHOOD_140,DIVISION,x,y
17885,81658099,2001477527,8/1/2022 8:00:00 AM,2222,STEELES AVE E,SEWELLS RD,,Minor Arterial,Scarborough,43.84653,-79.207355,Non Intersection,No Control,Clear,Dark,Dry,Fatal,Approaching,Driver,40 to 44,Fatal,33,West,"Automobile, Station Wagon",Going Ahead,Driving Properly,Normal,,,,,,,,,Yes,,,,,Yes,Yes,Yes,,,,144,Morningside Heights,131,Rouge (131),D42,644094.9339,4856388.3444
17886,81658100,2001477527,8/1/2022 8:00:00 AM,2222,STEELES AVE E,SEWELLS RD,,Minor Arterial,Scarborough,43.84653,-79.207355,Non Intersection,No Control,Clear,Dark,Dry,Fatal,Approaching,Driver,20 to 24,Major,,East,"Automobile, Station Wagon",Going Ahead,Exceeding Speed Limit,Normal,,,,,,,,,Yes,,,,,Yes,Yes,Yes,,,,144,Morningside Heights,131,Rouge (131),D42,644094.9339,4856388.3444
17887,81658101,2001477527,8/1/2022 8:00:00 AM,2222,STEELES AVE E,SEWELLS RD,,Minor Arterial,Scarborough,43.84653,-79.207355,Non Intersection,No Control,Clear,Dark,Dry,Fatal,Approaching,Passenger,20 to 24,Minor,,,,,,,,,,,,,,,Yes,,,,,Yes,Yes,Yes,,,,144,Morningside Heights,131,Rouge (131),D42,644094.9339,4856388.3444
17888,81658385,2001477527,8/1/2022 8:00:00 AM,2222,STEELES AVE E,SEWELLS RD,,Minor Arterial,Scarborough,43.84653,-79.207355,Non Intersection,No Control,Clear,Dark,Dry,Fatal,Approaching,Passenger,0 to 4,None,,,,,,,,,,,,,,,Yes,,,,,Yes,Yes,Yes,,,,144,Morningside Heights,131,Rouge (131),D42,644094.9339,4856388.3444
17889,81658386,2001477527,8/1/2022 8:00:00 AM,2222,STEELES AVE E,SEWELLS RD,,Minor Arterial,Scarborough,43.84653,-79.207355,Non Intersection,No Control,Clear,Dark,Dry,Fatal,Approaching,Passenger,30 to 34,None,,,,,,,,,,,,,,,Yes,,,,,Yes,Yes,Yes,,,,144,Morningside Heights,131,Rouge (131),D42,644094.9339,4856388.3444
17890,81658387,2001477527,8/1/2022 8:00:00 AM,2222,STEELES AVE E,SEWELLS RD,,Minor Arterial,Scarborough,43.84653,-79.207355,Non Intersection,No Control,Clear,Dark,Dry,Fatal,Approaching,Passenger,5 to 9,None,,,,,,,,,,,,,,,Yes,,,,,Yes,Yes,Yes,,,,144,Morningside Heights,131,Rouge (131),D42,644094.9339,4856388.3444
17891,81658388,2001477527,8/1/2022 8:00:00 AM,2222,STEELES AVE E,SEWELLS RD,,Minor Arterial,Scarborough,43.84653,-79.207355,Non Intersection,No Control,Clear,Dark,Dry,Fatal,Approaching,Driver,35 to 39,None,,West,"Automobile, Station Wagon",Going Ahead,Driving Properly,Normal,,,,,,,,,Yes,,,,,Yes,Yes,Yes,,,,144,Morningside Heights,131,Rouge (131),D42,644094.9339,4856388.3444
17892,81667294,2001485578,8/3/2022 8:00:00 AM,25,JANE ST,ALLIANCE AVE,100 m South ,Major Arterial,Toronto and East York,43.675166,-79.495258,Non Intersection,No Control,Clear,"Dark, artificial",Dry,Non-Fatal Injury,Pedestrian Collisions,Driver,55 to 59,None,,North,"Automobile, Station Wagon",Slowing or Stopping,Other,Other,,,,,,,Yes,,Yes,,,,,,,,,,,111,Rockcliffe-Smythe,111,Rockcliffe-Smythe (111),D12,621298.5508,4836894.4006
17893,81667295,2001485578,8/3/2022 8:00:00 AM,25,JANE ST,ALLIANCE AVE,100 m South ,Major Arterial,Toronto and East York,43.675166,-79.495258,Non Intersection,No Control,Clear,"Dark, artificial",Dry,Non-Fatal Injury,Pedestrian Collisions,Pedestrian,20 to 24,Major,,Unknown,,,,,Other / Undefined,Other,Normal,,,,Yes,,Yes,,,,,,,,,,,111,Rockcliffe-Smythe,111,Rockcliffe-Smythe (111),D12,621298.5508,4836894.4006
17894,81663310,2001487064,8/3/2022 8:00:00 AM,855,DEAUVILLE LANE,GRENOBLE DR,,Collector,North York,43.716502,-79.330341,At Intersection,Stop Sign,Clear,Daylight,Dry,Non-Fatal Injury,Pedestrian Collisions,Driver,90 to 94,None,,North,"Automobile, Station Wagon",Going Ahead,Failed to Yield Right of Way,Inattentive,,,,,,,Yes,,Yes,,,,,,,Yes,,,,44,Flemingdon Park,44,Flemingdon Park (44),D55,634500.3417,4841739.7296
17895,81663311,2001487064,8/3/2022 8:00:00 AM,855,DEAUVILLE LANE,GRENOBLE DR,,Collector,North York,43.716502,-79.330341,At Intersection,Stop Sign,Clear,Daylight,Dry,Non-Fatal Injury,Pedestrian Collisions,Pedestrian,40 to 44,Major,,West,,,,,Vehicle is going straight thru inter.while ped cross with ROW,Crossing with right of way,Normal,,,,Yes,,Yes,,,,,,,Yes,,,,44,Flemingdon Park,44,Flemingdon Park (44),D55,634500.3417,4841739.7296
17896,81658377,2001490698,8/3/2022 8:00:00 AM,1800,ROYAL YORK RD,STANLEY AVE,,Minor Arterial,Etobicoke York,43.614253,-79.497592,At Intersection,No Control,Clear,Daylight,Dry,Fatal,Pedestrian Collisions,Driver,35 to 39,None,,South,"Automobile, Station Wagon",Turning Left,Improper Turn,Inattentive,,,,,,,Yes,,Yes,,,,,,,,,,,160,Mimico-Queensway,17,Mimico (includes Humber Bay Shores) (17),D22,621232.8674,4830125.827
17897,81658382,2001490698,8/3/2022 8:00:00 AM,1800,ROYAL YORK RD,STANLEY AVE,,Minor Arterial,Etobicoke York,43.614253,-79.497592,At Intersection,No Control,Clear,Daylight,Dry,Fatal,Pedestrian Collisions,Pedestrian,85 to 89,Fatal,36,North,,Going Ahead,,,Vehicle turns left while ped crosses with ROW at inter.,Crossing with right of way,Normal,,,,Yes,,Yes,,,,,,,,,,,160,Mimico-Queensway,17,Mimico (includes Humber Bay Shores) (17),D22,621232.8674,4830125.827
17898,81658102,2001503800,8/5/2022 8:00:00 AM,1533,VICTORIA PARK AVE,SURREY AVE,,Major Arterial,Scarborough,43.736197,-79.307391,At/Near Private Drive,Traffic Signal,Clear,Daylight,Dry,Fatal,Turning Movement,Passenger,85 to 89,Fatal,34,,,,,,,,,,,,,,Yes,,,,,Yes,,Yes,,,,119,Wexford/Maryvale,119,Wexford/Maryvale (119),D41,636304.4336,4843964.6475
17899,81658103,2001503800,8/5/2022 8:00:00 AM,1533,VICTORIA PARK AVE,SURREY AVE,,Major Arterial,Scarborough,43.736197,-79.307391,At/Near Private Drive,Traffic Signal,Clear,Daylight,Dry,Fatal,Turning Movement,Driver,25 to 29,Minor,,South,"Automobile, Station Wagon",Going Ahead,Driving Properly,Normal,,,,,,,,,Yes,,,,,Yes,,Yes,,,,119,Wexford/Maryvale,119,Wexford/Maryvale (119),D41,636304.4336,4843964.6475
17900,81658376,2001503800,8/5/2022 8:00:00 AM,1533,VICTORIA PARK AVE,SURREY AVE,,Major Arterial,Scarborough,43.736197,-79.307391,At/Near Private Drive,Traffic Signal,Clear,Daylight,Dry,Fatal,Turning Movement,Driver,70 to 74,Minor,,North,"Automobile, Station Wagon",Turning Left,Failed to Yield Right of Way,Inattentive,,,,,,,,,Yes,,,,,Yes,,Yes,,,,119,Wexford/Maryvale,119,Wexford/Maryvale (119),D41,636304.4336,4843964.6475
17901,81658389,2001503800,8/5/2022 8:00:00 AM,1533,VICTORIA PARK AVE,SURREY AVE,,Major Arterial,Scarborough,43.736197,-79.307391,At/Near Private Drive,Traffic Signal,Clear,Daylight,Dry,Fatal,Turning Movement,Passenger,15 to 19,Minor,,,,,,,,,,,,,,,Yes,,,,,Yes,,Yes,,,,119,Wexford/Maryvale,119,Wexford/Maryvale (119),D41,636304.4336,4843964.6475
17902,81663855,2001504296,8/5/2022 8:00:00 AM,1640,DUPONT ST,OSSINGTON AVE,1 m West of,Major Arterial,Etobicoke York,43.670024,-79.428989,Intersection Related,Traffic Signal,Clear,Daylight,Dry,Property Damage O,Other,Driver,40 to 44,None,,East,"Bus (Other) (Go Bus, Gray Coa",Changing Lanes,Driving Properly,Normal,,,,,,,,,,,,Yes,,Yes,,,,,,172,Dovercourt Village,93,Dovercourt-Wallace Emerson-Junction (93),D14,626651.4172,4836422.3543
17903,81663856,2001504296,8/5/2022 8:00:00 AM,1640,DUPONT ST,OSSINGTON AVE,1 m West of,Major Arterial,Etobicoke York,43.670024,-79.428989,Intersection Related,Traffic Signal,Clear,Daylight,Dry,Property Damage O,Other,Passenger,55 to 59,Major,,,,,,,,,,,,,,,,,,Yes,,Yes,,,,,,172,Dovercourt Village,93,Dovercourt-Wallace Emerson-Junction (93),D14,626651.4172,4836422.3543
17904,81664490,2001506529,8/5/2022 8:00:00 AM,2231,QUEEN  ST E,ORCHARD PARK BLVD,12 m East of,Minor Arterial,Toronto and East York,43.666957,-79.313518,Intersection Related,No Control,Clear,"Dark, artificial",Dry,Non-Fatal Injury,Pedestrian Collisions,Driver,60 to 64,None,,East,Pick Up Truck,Going Ahead,Driving Properly,Normal,,,,,,,Yes,,Yes,,,,,,,,,,,63,The Beaches,63,The Beaches (63),D55,635967.4603,4836264.4998
17905,81664491,2001506529,8/5/2022 8:00:00 AM,2231,QUEEN  ST E,ORCHARD PARK BLVD,12 m East of,Minor Arterial,Toronto and East York,43.666957,-79.313518,Intersection Related,No Control,Clear,"Dark, artificial",Dry,Non-Fatal Injury,Pedestrian Collisions,Pedestrian,60 to 64,Major,,North,,,,,Pedestrian hit at mid-block,"Crossing, no Traffic Control",Normal,,,,Yes,,Yes,,,,,,,,,,,63,The Beaches,63,The Beaches (63),D55,635967.4603,4836264.4998
17906,81663756,2001507092,8/6/2022 8:00:00 AM,40,ST CLAIR  AVE W,LAUGHTON  AVE,1662 St Clai,Major Arterial,Etobicoke York,43.674651,-79.457607,At Intersection,Traffic Signal,Clear,"Dark, artificial",Dry,Non-Fatal Injury,Pedestrian Collisions,Driver,45 to 49,None,,West,"Automobile, Station Wagon",Going Ahead,Other,"Ability Impaired, Alcohol",,,,,,,Yes,,Yes,,,,,,,,,Yes,,91,Weston-Pelham Park,91,Weston-Pellam Park (91),D11,624334.7211,4836892.95
17907,81663757,2001507092,8/6/2022 8:00:00 AM,40,ST CLAIR  AVE W,LAUGHTON  AVE,1662 St Clai,Major Arterial,Etobicoke York,43.674651,-79.457607,At Intersection,Traffic Signal,Clear,"Dark, artificial",Dry,Non-Fatal Injury,Pedestrian Collisions,Pedestrian,55 to 59,Major,,North,,,,,Vehicle is going straight thru inter.while ped cross without ROW,Crossing without right of way,Inattentive,,,,Yes,,Yes,,,,,,,,,Yes,,91,Weston-Pelham Park,91,Weston-Pellam Park (91),D11,624334.7211,4836892.95
17908,81664139,2001513623,8/7/2022 8:00:00 AM,13,HIGHWAY 2A  E,HIGHLAND CREEK OVERPASS,200 m East o,Expressway,Scarborough,43.784403,-79.165149,Non Intersection,No Control,Clear,Dark,Dry,Fatal,Pedestrian Collisions,Driver,45 to 49,None,,East,"Automobile, Station Wagon",Going Ahead,Driving Properly,Normal,,,,,,,Yes,,Yes,,,,,,,,,,,133,Centennial Scarborough,133,Centennial Scarborough (133),D43,647640.5845,4849562.5297
17909,81664140,2001513623,8/7/2022 8:00:00 AM,13,HIGHWAY 2A  E,HIGHLAND CREEK OVERPASS,200 m East o,Expressway,Scarborough,43.784403,-79.165149,Non Intersection,No Control,Clear,Dark,Dry,Fatal,Pedestrian Collisions,Pedestrian,45 to 49,Fatal,40,Unknown,,,,,Pedestrian hit at mid-block,"Crossing, no Traffic Control",Inattentive,,,,Yes,,Yes,,,,,,,,,,,133,Centennial Scarborough,133,Centennial Scarborough (133),D43,647640.5845,4849562.5297
17910,81703108,2001514494,8/7/2022 8:00:00 AM,414,KENNEDY RD,MERRIAN RD,18 m East of,Major Arterial,Scarborough,43.727336,-79.26588,At Intersection,Traffic Signal,Clear,"Dark, artificial",Dry,Non-Fatal Injury,Pedestrian Collisions,Motorcycle Driver,30 to 34,Major,,South,Motorcycle,Going Ahead,Other,Unknown,,,,,,,Yes,,,Yes,,,,,,,,,,124,Kennedy Park,124,Kennedy Park (124),D41,639667.9165,4843049.6321
17911,81703109,2001514494,8/7/2022 8:00:00 AM,414,KENNEDY RD,MERRIAN RD,18 m East of,Major Arterial,Scarborough,43.727336,-79.26588,At Intersection,Traffic Signal,Clear,"Dark, artificial",Dry,Non-Fatal Injury,Pedestrian Collisions,Pedestrian,60 to 64,Major,,West,,,,,Vehicle is going straight thru inter.while ped cross without ROW,Crossing without right of way,Normal,,,,Yes,,,Yes,,,,,,,,,,124,Kennedy Park,124,Kennedy Park (124),D41,639667.9165,4843049.6321
17912,81658379,2001527997,8/9/2022 8:00:00 AM,532,STEELES AVE W,BATHURST ST,,Major Arterial,North York,43.792338,-79.445712,At Intersection,Traffic Signal,Clear,Dark,Dry,Fatal,Rear End,Passenger,30 to 34,Fatal,35,,,,,,,,,,,,,,Yes,,,,,Yes,,,,,,36,Newtonbrook West,36,Newtonbrook West (36),D32,625048.4226,4849981.6907
17913,81658380,2001527997,8/9/2022 8:00:00 AM,532,STEELES AVE W,BATHURST ST,,Major Arterial,North York,43.792338,-79.445712,At Intersection,Traffic Signal,Clear,Dark,Dry,Fatal,Rear End,Driver,20 to 24,Major,,East,"Automobile, Station Wagon",Going Ahead,Lost control,Unknown,,,,,,,,,Yes,,,,,Yes,,,,,,36,Newtonbrook West,36,Newtonbrook West (36),D32,625048.4226,4849981.6907
17914,81658381,2001527997,8/9/2022 8:00:00 AM,532,STEELES AVE W,BATHURST ST,,Major Arterial,North York,43.792338,-79.445712,At Intersection,Traffic Signal,Clear,Dark,Dry,Fatal,Rear End,Driver,60 to 64,Major,,East,"Automobile, Station Wagon",Stopped,Driving Properly,Normal,,,,,,,,,Yes,,,,,Yes,,,,,,36,Newtonbrook West,36,Newtonbrook West (36),D32,625048.4226,4849981.6907
17915,81665131,2001535137,8/10/2022 8:00:00 AM,648,525 ELM ST,,5 m South of,Collector,Toronto and East York,43.655848,-79.391498,Non Intersection,No Control,Clear,Daylight,Dry,Non-Fatal Injury,Pedestrian Collisions,Driver,25 to 29,None,,East,"Automobile, Station Wagon",Going Ahead,Driving Properly,Normal,,,,,,,Yes,,Yes,,,,,,,,,,,78,Kensington-Chinatown,78,Kensington-Chinatown (78),D52,629704.4133,4834905.8434
17916,81665132,2001535137,8/10/2022 8:00:00 AM,648,525 ELM ST,,5 m South of,Collector,Toronto and East York,43.655848,-79.391498,Non Intersection,No Control,Clear,Daylight,Dry,Non-Fatal Injury,Pedestrian Collisions,Pedestrian,30 to 34,Major,,North,,,,,Pedestrian hit at mid-block,"Crossing, no Traffic Control",Normal,,,,Yes,,Yes,,,,,,,,,,,78,Kensington-Chinatown,78,Kensington-Chinatown (78),D52,629704.4133,4834905.8434
17917,81687366,2001536072,8/10/2022 8:00:00 AM,939,MARTIN GROVE RD,STEELES AVE W,15 m South o,Minor Arterial,Etobicoke York,43.757792,-79.603336,Non Intersection,No Control,Clear,Daylight,Dry,Non-Fatal Injury,Pedestrian Collisions,Driver,50 to 54,None,,West,"Automobile, Station Wagon",Turning Left,Driving Properly,Normal,,,,,,,Yes,,Yes,,,,,,,,,,,1,West Humber-Clairville,1,West Humber-Clairville (1),D23,612431.6011,4845918.7897
17918,81687367,2001536072,8/10/2022 8:00:00 AM,939,MARTIN GROVE RD,STEELES AVE W,15 m South o,Minor Arterial,Etobicoke York,43.757792,-79.603336,Non Intersection,No Control,Clear,Daylight,Dry,Non-Fatal Injury,Pedestrian Collisions,Pedestrian,60 to 64,Major,,West,,,,,Pedestrian hit at mid-block,"Crossing, no Traffic Control",Normal,,,,Yes,,Yes,,,,,,,,,,,1,West Humber-Clairville,1,West Humber-Clairville (1),D23,612431.6011,4845918.7897
17919,81663804,2001538160,8/10/2022 8:00:00 AM,1438,BLOOR ST W,JOPLING AVE S,,Major Arterial,Etobicoke York,43.640822,-79.539516,At Intersection,Stop Sign,Clear,Daylight,Dry,Fatal,Turning Movement,Motorcycle Driver,45 to 49,Fatal,38,East,Motorcycle,Going Ahead,Driving Properly,Normal,,,,,,,,,Yes,Yes,,,,,,Yes,,,,158,Islington,14,Islington-City Centre West (14),D22,617797.9831,4833016.2906
17920,81663807,2001538160,8/10/2022 8:00:00 AM,1438,BLOOR ST W,JOPLING AVE S,,Major Arterial,Etobicoke York,43.640822,-79.539516,At Intersection,Stop Sign,Clear,Daylight,Dry,Fatal,Turning Movement,Driver,90 to 94,None,,North,"Automobile, Station Wagon",Turning Left,Disobeyed Traffic Control,Normal,,,,,,,,,Yes,Yes,,,,,,Yes,,,,158,Islington,14,Islington-City Centre West (14),D22,617797.9831,4833016.2906
17921,81688568,2001544933,8/11/2022 8:00:00 AM,1314,QUEEN ST E,YONGE ST,1 m South of,Major Arterial,Toronto and East York,43.652369,-79.379222,At Intersection,Traffic Signal,Clear,Daylight,Dry,Non-Fatal Injury,Turning Movement,Truck Driver,50 to 54,None,,West,Truck - Dump,Turning Right,Disobeyed Traffic Control,Inattentive,,,,,,,,,,Yes,Yes,,,,,Yes,Yes,,,168,Downtown Yonge East,75,Church-Yonge Corridor (75),D51,630701.8679,4834538.7172
17922,81688569,2001544933,8/11/2022 8:00:00 AM,1314,QUEEN ST E,YONGE ST,1 m South of,Major Arterial,Toronto and East York,43.652369,-79.379222,At Intersection,Traffic Signal,Clear,Daylight,Dry,Non-Fatal Injury,Turning Movement,Motorcycle Driver,55 to 59,Major,,West,Motorcycle,Going Ahead,Driving Properly,Normal,,,,,,,,,,Yes,Yes,,,,,Yes,Yes,,,168,Downtown Yonge East,75,Church-Yonge Corridor (75),D51,630701.8679,4834538.7172
17923,81656793,2001549410,8/12/2022 8:00:00 AM,410,DUFFERIN ST,GERRY FITZGERALD DR,,Major Arterial,North York,43.783106,-79.470119,Non Intersection,No Control,Clear,"Dawn, artificial",Dry,Fatal,Approaching,Driver,30 to 34,Minor,,North,"Automobile, Station Wagon",Going Ahead,Lost control,Fatigue,,,,,,,,,Yes,,,,,,,,,,,34,Bathurst Manor,34,Bathurst Manor (34),D32,623103.7202,4848919.7512
17924,81658378,2001549410,8/12/2022 8:00:00 AM,410,DUFFERIN ST,GERRY FITZGERALD DR,,Major Arterial,North York,43.783106,-79.470119,Non Intersection,No Control,Clear,"Dawn, artificial",Dry,Fatal,Approaching,Driver,55 to 59,Fatal,37,South,"Automobile, Station Wagon",Going Ahead,Driving Properly,Normal,,,,,,,,,Yes,,,,,,,,,,,34,Bathurst Manor,34,Bathurst Manor (34),D32,623103.7202,4848919.7512
17925,81663344,2001553400,8/12/2022 8:00:00 AM,1620,EGLINTON AVE E,DON VALLEY PKWY SOUTHBOUND RAM,5 m North of,Major Arterial,North York,43.722975,-79.330417,Non Intersection,No Control,Clear,Daylight,Dry,Non-Fatal Injury,Cyclist Collisions,Cyclist,20 to 24,Major,,West,Bicycle,Going Ahead,,,,,,"Cyclist without ROW rides into path of motorist at inter, lnwy, dwy-Cyclist not turn.",Other,Inattentive,,Yes,Yes,,,,,,,,,,,44,Flemingdon Park,44,Flemingdon Park (44),D55,634479.7367,4842458.5267
17926,81663345,2001553400,8/12/2022 8:00:00 AM,1620,EGLINTON AVE E,DON VALLEY PKWY SOUTHBOUND RAM,5 m North of,Major Arterial,North York,43.722975,-79.330417,Non Intersection,No Control,Clear,Daylight,Dry,Non-Fatal Injury,Cyclist Collisions,Driver,55 to 59,None,,West,"Automobile, Station Wagon",Turning Right,Driving Properly,Normal,,,,,,,,Yes,Yes,,,,,,,,,,,44,Flemingdon Park,44,Flemingdon Park (44),D55,634479.7367,4842458.5267
17927,81663657,2001555147,8/12/2022 8:00:00 AM,2105,LAKE SHORE BLVD W [E/B],BRITISH COLUMBIA RD,29 m South o,Major Arterial,Toronto and East York,43.631171,-79.429263,Non Intersection,Traffic Signal,Clear,Daylight,Dry,Non-Fatal Injury,Pedestrian Collisions,Driver,40 to 44,None,,East,"Automobile, Station Wagon",Going Ahead,Driving Properly,Normal,,,,,,,Yes,,Yes,,,,,,,,,,,85,South Parkdale,85,South Parkdale (85),D14,626711.0039,4832106.8055
17928,81663658,2001555147,8/12/2022 8:00:00 AM,2105,LAKE SHORE BLVD W [E/B],BRITISH COLUMBIA RD,29 m South o,Major Arterial,Toronto and East York,43.631171,-79.429263,Non Intersection,Traffic Signal,Clear,Daylight,Dry,Non-Fatal Injury,Pedestrian Collisions,Pedestrian,30 to 34,Major,,South,,,,,Vehicle is going straight thru inter.while ped cross without ROW,Crossing marked crosswalk without ROW,Normal,,,,Yes,,Yes,,,,,,,,,,,85,South Parkdale,85,South Parkdale (85),D14,626711.0039,4832106.8055
17929,81663895,2001556474,8/13/2022 8:00:00 AM,220,672 KENNEDY RD,,8 m East of,Major Arterial,Scarborough,43.726512,-79.265514,Non Intersection,No Control,Clear,"Dark, artificial",Dry,Non-Fatal Injury,Rear End,Driver,25 to 29,None,,South,"Automobile, Station Wagon",Going Ahead,Lost control,"Ability Impaired, Alcohol Over .08",,,,,,,,,Yes,,,,,Yes,,,,Yes,,124,Kennedy Park,124,Kennedy Park (124),D41,639699.3105,4842958.7317
17930,81663896,2001556474,8/13/2022 8:00:00 AM,220,672 KENNEDY RD,,8 m East of,Major Arterial,Scarborough,43.726512,-79.265514,Non Intersection,No Control,Clear,"Dark, artificial",Dry,Non-Fatal Injury,Rear End,Driver,40 to 44,None,,South,"Automobile, Station Wagon",Stopped,Driving Properly,Normal,,,,,,,,,Yes,,,,,Yes,,,,Yes,,124,Kennedy Park,124,Kennedy Park (124),D41,639699.3105,4842958.7317
17931,81663897,2001556474,8/13/2022 8:00:00 AM,220,672 KENNEDY RD,,8 m East of,Major Arterial,Scarborough,43.726512,-79.265514,Non Intersection,No Control,Clear,"Dark, artificial",Dry,Non-Fatal Injury,Rear End,Passenger,45 to 49,Major,,,,,,,,,,,,,,,Yes,,,,,Yes,,,,Yes,,124,Kennedy Park,124,Kennedy Park (124),D41,639699.3105,4842958.7317
17932,81663898,2001556474,8/13/2022 8:00:00 AM,220,672 KENNEDY RD,,8 m East of,Major Arterial,Scarborough,43.726512,-79.265514,Non Intersection,No Control,Clear,"Dark, artificial",Dry,Non-Fatal Injury,Rear End,Passenger,55 to 59,Minor,,,,,,,,,,,,,,,Yes,,,,,Yes,,,,Yes,,124,Kennedy Park,124,Kennedy Park (124),D41,639699.3105,4842958.7317
17933,81663899,2001556474,8/13/2022 8:00:00 AM,220,672 KENNEDY RD,,8 m East of,Major Arterial,Scarborough,43.726512,-79.265514,Non Intersection,No Control,Clear,"Dark, artificial",Dry,Non-Fatal Injury,Rear End,Passenger,40 to 44,None,,,,,,,,,,,,,,,Yes,,,,,Yes,,,,Yes,,124,Kennedy Park,124,Kennedy Park (124),D41,639699.3105,4842958.7317
17934,81703498,2001591004,8/18/2022 8:00:00 AM,30,F G GARDINER XY  W,STRACHAN AVE,450 m West o,Expressway,Toronto and East York,43.636424,-79.415782,Non Intersection,No Control,Clear,"Dark, artificial",Dry,Non-Fatal Injury,Rear End,Motorcycle Driver,45 to 49,Major,,West,Motorcycle,Changing Lanes,Improper Lane Change,Normal,,,,,,,,,Yes,Yes,,,,,,,,,,163,Fort York-Liberty Village,82,Niagara (82),D14,627787.3901,4832710.8835
17935,81703499,2001591004,8/18/2022 8:00:00 AM,30,F G GARDINER XY  W,STRACHAN AVE,450 m West o,Expressway,Toronto and East York,43.636424,-79.415782,Non Intersection,No Control,Clear,"Dark, artificial",Dry,Non-Fatal Injury,Rear End,Driver,25 to 29,None,,West,"Automobile, Station Wagon",Stopped,Driving Properly,Normal,,,,,,,,,Yes,Yes,,,,,,,,,,163,Fort York-Liberty Village,82,Niagara (82),D14,627787.3901,4832710.8835
17936,81665219,2001598507,8/19/2022 8:00:00 AM,25,KEELE ST,SHEPPARD AVE W,5 m East of,Major Arterial,North York,43.744704,-79.486408,At Intersection,Traffic Signal,Clear,"Dark, artificial",Dry,Non-Fatal Injury,Pedestrian Collisions,Truck Driver,55 to 59,None,,North,Truck (other),Turning Right,Improper Turn,Inattentive,,,,,,,Yes,,,,Yes,,,,,,,,,155,Downsview,26,Downsview-Roding-CFB (26),D31,621870.9481,4844630.5435
17937,81665220,2001598507,8/19/2022 8:00:00 AM,25,KEELE ST,SHEPPARD AVE W,5 m East of,Major Arterial,North York,43.744704,-79.486408,At Intersection,Traffic Signal,Clear,"Dark, artificial",Dry,Non-Fatal Injury,Pedestrian Collisions,Pedestrian,55 to 59,Major,,North,,,,,Vehicle turns right while ped crosses with ROW at inter.,Crossing with right of way,Normal,,,,Yes,,,,Yes,,,,,,,,,155,Downsview,26,Downsview-Roding-CFB (26),D31,621870.9481,4844630.5435
17938,81703142,2001599980,8/19/2022 8:00:00 AM,830,YONGE ST,CONNAUGHT AV,,Major Arterial,North York,43.789359,-79.417888,At Intersection,Stop Sign,Clear,Daylight,Dry,Non-Fatal Injury,Angle,Driver,55 to 59,None,,East,"Automobile, Station Wagon",Going Ahead,Failed to Yield Right of Way,Normal,,,,,,,,,Yes,,,,,,,Yes,,,,50,Newtonbrook East,50,Newtonbrook East (50),D32,627293.3133,4849693.2388
17939,81703143,2001599980,8/19/2022 8:00:00 AM,830,YONGE ST,CONNAUGHT AV,,Major Arterial,North York,43.789359,-79.417888,At Intersection,Stop Sign,Clear,Daylight,Dry,Non-Fatal Injury,Angle,Driver,60 to 64,Major,,North,"Automobile, Station Wagon",Going Ahead,Driving Properly,Normal,,,,,,,,,Yes,,,,,,,Yes,,,,50,Newtonbrook East,50,Newtonbrook East (50),D32,627293.3133,4849693.2388
17940,81688308,2001603653,8/19/2022 8:00:00 AM,1804,ROYAL YORK RD,STRATH HUMBER CRT,34 m South o,Minor Arterial,Etobicoke York,43.661727,-79.517726,At Intersection,Traffic Signal,Clear,Daylight,Dry,Non-Fatal Injury,Turning Movement,Driver,70 to 74,Major,,South,"Automobile, Station Wagon",Going Ahead,Disobeyed Traffic Control,Normal,,,,,,,,,Yes,,,,,Yes,,Yes,Yes,,,9,Edenbridge-Humber Valley,9,Edenbridge-Humber Valley (9),D22,619514.0392,4835369.2135
17941,81688309,2001603653,8/19/2022 8:00:00 AM,1804,ROYAL YORK RD,STRATH HUMBER CRT,34 m South o,Minor Arterial,Etobicoke York,43.661727,-79.517726,At Intersection,Traffic Signal,Clear,Daylight,Dry,Non-Fatal Injury,Turning Movement,Driver,45 to 49,None,,North,"Automobile, Station Wagon",Turning Left,Driving Properly,Normal,,,,,,,,,Yes,,,,,Yes,,Yes,Yes,,,9,Edenbridge-Humber Valley,9,Edenbridge-Humber Valley (9),D22,619514.0392,4835369.2135