OBJECTID,INDEX,ACCNUM,DATE,TIME,STREET1,STREET2,OFFSET,ROAD_CLASS,DISTRICT,LATITUDE,LONGITUDE,ACCLOC,TRAFFCTL,VISIBILITY,LIGHT,RDSFCOND,ACCLASS,IMPACTYPE,INVTYPE,INVAGE,INJURY,FATAL_NO,INITDIR,VEHTYPE,MANOEUVER,DRIVACT,DRIVCOND,PEDTYPE,PEDACT,PEDCOND,CYCLISTYPE,CYCACT,CYCCOND,PEDESTRIAN,CYCLIST,AUTOMOBILE,MOTORCYCLE,TRUCK,TRSN_CITY_VEH,EMERG_VEH,PASSENGER,SPEEDING,AG_DRIV,REDLIGHT,ALCOHOL,DISABILITY,HOOD_158,NEIGHBOURHOOD_158,HOOD_140,NEIGHBOURHOOD_140,DIVISION,x,y
18055,81665988,2001902035,9/30/2022 8:00:00 AM,1005,33 QUEEN ST E,,30 m East of,Major Arterial,Toronto and East York,43.652686,-79.377605,Non Intersection,No Control,Clear,Daylight,Dry,Non-Fatal Injury,Turning Movement,Driver,85 to 89,Major,,North,"Automobile, Station Wagon",Turning Right,Failed to Yield Right of Way,Unknown,,,,,,,,,Yes,,Yes,,,Yes,,Yes,,,,168,Downtown Yonge East,75,Church-Yonge Corridor (75),D51,630831.5781,4834576.4724
18056,81665989,2001902035,9/30/2022 8:00:00 AM,1005,33 QUEEN ST E,,30 m East of,Major Arterial,Toronto and East York,43.652686,-79.377605,Non Intersection,No Control,Clear,Daylight,Dry,Non-Fatal Injury,Turning Movement,Driver,55 to 59,Minimal,,East,"Automobile, Station Wagon",Going Ahead,Driving Properly,Normal,,,,,,,,,Yes,,Yes,,,Yes,,Yes,,,,168,Downtown Yonge East,75,Church-Yonge Corridor (75),D51,630831.5781,4834576.4724
18057,81665990,2001902035,9/30/2022 8:00:00 AM,1005,33 QUEEN ST E,,30 m East of,Major Arterial,Toronto and East York,43.652686,-79.377605,Non Intersection,No Control,Clear,Daylight,Dry,Non-Fatal Injury,Turning Movement,Truck Driver,55 to 59,Minor,,West,Truck - Dump,Going Ahead,Driving Properly,Normal,,,,,,,,,Yes,,Yes,,,Yes,,Yes,,,,168,Downtown Yonge East,75,Church-Yonge Corridor (75),D51,630831.5781,4834576.4724
18058,81665991,2001902035,9/30/2022 8:00:00 AM,1005,33 QUEEN ST E,,30 m East of,Major Arterial,Toronto and East York,43.652686,-79.377605,Non Intersection,No Control,Clear,Daylight,Dry,Non-Fatal Injury,Turning Movement,Passenger,55 to 59,Minimal,,,,,,,,,,,,,,,Yes,,Yes,,,Yes,,Yes,,,,168,Downtown Yonge East,75,Church-Yonge Corridor (75),D51,630831.5781,4834576.4724
18059,81688369,2001903424,9/30/2022 8:00:00 AM,1331,BURNHAMTHORPE RD,LAUREL AV,80 m West of,Major Arterial,Etobicoke York,43.646945,-79.556659,Non Intersection,No Control,Clear,Daylight,Dry,Non-Fatal Injury,Angle,Motorcycle Driver,35 to 39,Major,,West,Motorcycle,Going Ahead,Lost control,Normal,,,,,,,,,Yes,Yes,,,,Yes,Yes,Yes,,,,158,Islington,14,Islington-City Centre West (14),D22,616403.4467,4833672.1399
18060,81688370,2001903424,9/30/2022 8:00:00 AM,1331,BURNHAMTHORPE RD,LAUREL AV,80 m West of,Major Arterial,Etobicoke York,43.646945,-79.556659,Non Intersection,No Control,Clear,Daylight,Dry,Non-Fatal Injury,Angle,Driver,70 to 74,None,,North,"Automobile, Station Wagon",Going Ahead,Driving Properly,Normal,,,,,,,,,Yes,Yes,,,,Yes,Yes,Yes,,,,158,Islington,14,Islington-City Centre West (14),D22,616403.4467,4833672.1399
18061,81688371,2001903424,9/30/2022 8:00:00 AM,1331,BURNHAMTHORPE RD,LAUREL AV,80 m West of,Major Arterial,Etobicoke York,43.646945,-79.556659,Non Intersection,No Control,Clear,Daylight,Dry,Non-Fatal Injury,Angle,Passenger,65 to 69,None,,,,,,,,,,,,,,,Yes,Yes,,,,Yes,Yes,Yes,,,,158,Islington,14,Islington-City Centre West (14),D22,616403.4467,4833672.1399
18062,81667084,2001905181,9/30/2022 8:00:00 AM,1731,CARLTON ST,JARVIS ST,,Major Arterial,Toronto and East York,43.662413,-79.376689,At Intersection,Traffic Signal,Clear,Daylight,Dry,Non-Fatal Injury,Pedestrian Collisions,Driver,25 to 29,None,,West,"Automobile, Station Wagon",Turning Left,Failed to Yield Right of Way,Normal,,,,,,,Yes,,Yes,Yes,,,,Yes,,Yes,,,,73,Moss Park,73,Moss Park (73),D51,630884.3106,4835658.2293
18063,81667085,2001905181,9/30/2022 8:00:00 AM,1731,CARLTON ST,JARVIS ST,,Major Arterial,Toronto and East York,43.662413,-79.376689,At Intersection,Traffic Signal,Clear,Daylight,Dry,Non-Fatal Injury,Pedestrian Collisions,Motorcycle Driver,55 to 59,Major,,East,Motorcycle,Going Ahead,Driving Properly,Normal,,,,,,,Yes,,Yes,Yes,,,,Yes,,Yes,,,,73,Moss Park,73,Moss Park (73),D51,630884.3106,4835658.2293
18064,81667086,2001905181,9/30/2022 8:00:00 AM,1731,CARLTON ST,JARVIS ST,,Major Arterial,Toronto and East York,43.662413,-79.376689,At Intersection,Traffic Signal,Clear,Daylight,Dry,Non-Fatal Injury,Pedestrian Collisions,Passenger,unknown,None,,,,,,,,,,,,,Yes,,Yes,Yes,,,,Yes,,Yes,,,,73,Moss Park,73,Moss Park (73),D51,630884.3106,4835658.2293
18065,81667087,2001905181,9/30/2022 8:00:00 AM,1731,CARLTON ST,JARVIS ST,,Major Arterial,Toronto and East York,43.662413,-79.376689,At Intersection,Traffic Signal,Clear,Daylight,Dry,Non-Fatal Injury,Pedestrian Collisions,Pedestrian,35 to 39,Minimal,,Unknown,,,,,Pedestrian hit on sidewalk or shoulder,On Sidewalk or Shoulder,Normal,,,,Yes,,Yes,Yes,,,,Yes,,Yes,,,,73,Moss Park,73,Moss Park (73),D51,630884.3106,4835658.2293
18066,81667088,2001905181,9/30/2022 8:00:00 AM,1731,CARLTON ST,JARVIS ST,,Major Arterial,Toronto and East York,43.662413,-79.376689,At Intersection,Traffic Signal,Clear,Daylight,Dry,Non-Fatal Injury,Pedestrian Collisions,Pedestrian,35 to 39,Minimal,,Unknown,,,,,Pedestrian hit on sidewalk or shoulder,On Sidewalk or Shoulder,Normal,,,,Yes,,Yes,Yes,,,,Yes,,Yes,,,,73,Moss Park,73,Moss Park (73),D51,630884.3106,4835658.2293
18067,81704798,2001909311,10/1/2022 8:00:00 AM,956,DUFFERIN ST,PEEL AVE,23 m North o,Minor Arterial,Toronto and East York,43.64379,-79.429195,At Intersection,No Control,Clear,Daylight,Dry,Non-Fatal Injury,Cyclist Collisions,Cyclist,30 to 34,Major,,South,Bicycle,Turning Left,,,,,,Cyclist turned left across motorists path.,Failed to Yield Right of Way,Inattentive,,Yes,Yes,,,,,,,,,,,84,Little Portugal,84,Little Portugal (84),D11,626689.9673,4833508.4102
18068,81704799,2001909311,10/1/2022 8:00:00 AM,956,DUFFERIN ST,PEEL AVE,23 m North o,Minor Arterial,Toronto and East York,43.64379,-79.429195,At Intersection,No Control,Clear,Daylight,Dry,Non-Fatal Injury,Cyclist Collisions,Driver,40 to 44,None,,North,"Automobile, Station Wagon",Going Ahead,Driving Properly,Normal,,,,,,,,Yes,Yes,,,,,,,,,,,84,Little Portugal,84,Little Portugal (84),D11,626689.9673,4833508.4102
18069,81667214,2001915767,10/2/2022 8:00:00 AM,810,EVANS AVE,ISLINGTON AVE,,Major Arterial,Etobicoke York,43.618312,-79.511256,At Intersection,Traffic Signal,Clear,Daylight,Dry,Non-Fatal Injury,Cyclist Collisions,Driver,60 to 64,None,,West,"Automobile, Station Wagon",Turning Right,Improper Turn,Normal,,,,,,,,Yes,Yes,,,,,,,,,,,160,Mimico-Queensway,17,Mimico (includes Humber Bay Shores) (17),D22,620122.1951,4830556.7709
18070,81667215,2001915767,10/2/2022 8:00:00 AM,810,EVANS AVE,ISLINGTON AVE,,Major Arterial,Etobicoke York,43.618312,-79.511256,At Intersection,Traffic Signal,Clear,Daylight,Dry,Non-Fatal Injury,Cyclist Collisions,Cyclist,35 to 39,Major,,South,Bicycle,Going Ahead,,,,,,Motorist turning right on red at signalized intersection strikes cyclist.,Other,Normal,,Yes,Yes,,,,,,,,,,,160,Mimico-Queensway,17,Mimico (includes Humber Bay Shores) (17),D22,620122.1951,4830556.7709
18071,81702733,2001916054,10/2/2022 8:00:00 AM,934,DUNDAS ST W,BROCK AVE,3 m North of,Minor Arterial,Toronto and East York,43.649817,-79.435558,At Intersection,Traffic Signal,Clear,Daylight,Dry,Non-Fatal Injury,Pedestrian Collisions,Driver,55 to 59,None,,South,"Automobile, Station Wagon",Turning Left,Failed to Yield Right of Way,Inattentive,,,,,,,Yes,,Yes,,,,,,,Yes,,,,84,Little Portugal,84,Little Portugal (84),D11,626164.1498,4834168.0931
18072,81702734,2001916054,10/2/2022 8:00:00 AM,934,DUNDAS ST W,BROCK AVE,3 m North of,Minor Arterial,Toronto and East York,43.649817,-79.435558,At Intersection,Traffic Signal,Clear,Daylight,Dry,Non-Fatal Injury,Pedestrian Collisions,Pedestrian,85 to 89,Major,,North,,,,,Vehicle turns left while ped crosses with ROW at inter.,Crossing with right of way,Normal,,,,Yes,,Yes,,,,,,,Yes,,,,84,Little Portugal,84,Little Portugal (84),D11,626164.1498,4834168.0931
18073,81703208,2001921551,10/3/2022 8:00:00 AM,622,BLOOR ST W,BATHURST ST,,Major Arterial,Toronto and East York,43.665042,-79.411174,At Intersection,Traffic Signal,Clear,"Dark, artificial",Dry,Non-Fatal Injury,Turning Movement,Driver,30 to 34,None,,East,"Automobile, Station Wagon",Turning Left,Failed to Yield Right of Way,Inattentive,,,,,,,,,Yes,Yes,,,,,,Yes,,,,79,University,79,University (79),D14,628098.2342,4835896.39
18074,81703209,2001921551,10/3/2022 8:00:00 AM,622,BLOOR ST W,BATHURST ST,,Major Arterial,Toronto and East York,43.665042,-79.411174,At Intersection,Traffic Signal,Clear,"Dark, artificial",Dry,Non-Fatal Injury,Turning Movement,Motorcycle Driver,25 to 29,Major,,West,Motorcycle,Going Ahead,Driving Properly,Normal,,,,,,,,,Yes,Yes,,,,,,Yes,,,,79,University,79,University (79),D14,628098.2342,4835896.39
18075,81688574,2001933263,10/4/2022 8:00:00 AM,1752,FINCH AVE E,MARKHAM RD,,Major Arterial,Scarborough,43.812899,-79.243037,At Intersection,Traffic Signal,Clear,"Dark, artificial",Dry,Non-Fatal Injury,Turning Movement,Driver,20 to 24,Minor,,East,"Automobile, Station Wagon",Going Ahead,Disobeyed Traffic Control,Unknown,,,,,,,,,Yes,,,,,Yes,Yes,Yes,Yes,,,145,Malvern West,132,Malvern (132),D42,641306.0874,4852591.4955
18076,81688575,2001933263,10/4/2022 8:00:00 AM,1752,FINCH AVE E,MARKHAM RD,,Major Arterial,Scarborough,43.812899,-79.243037,At Intersection,Traffic Signal,Clear,"Dark, artificial",Dry,Non-Fatal Injury,Turning Movement,Driver,35 to 39,Minor,,North,"Automobile, Station Wagon",Turning Left,Driving Properly,Normal,,,,,,,,,Yes,,,,,Yes,Yes,Yes,Yes,,,145,Malvern West,132,Malvern (132),D42,641306.0874,4852591.4955
18077,81688576,2001933263,10/4/2022 8:00:00 AM,1752,FINCH AVE E,MARKHAM RD,,Major Arterial,Scarborough,43.812899,-79.243037,At Intersection,Traffic Signal,Clear,"Dark, artificial",Dry,Non-Fatal Injury,Turning Movement,Driver,30 to 34,None,,South,"Automobile, Station Wagon",Turning Left,Driving Properly,Normal,,,,,,,,,Yes,,,,,Yes,Yes,Yes,Yes,,,145,Malvern West,132,Malvern (132),D42,641306.0874,4852591.4955
18078,81688577,2001933263,10/4/2022 8:00:00 AM,1752,FINCH AVE E,MARKHAM RD,,Major Arterial,Scarborough,43.812899,-79.243037,At Intersection,Traffic Signal,Clear,"Dark, artificial",Dry,Non-Fatal Injury,Turning Movement,Passenger,35 to 39,Major,,,,,,,,,,,,,,,Yes,,,,,Yes,Yes,Yes,Yes,,,145,Malvern West,132,Malvern (132),D42,641306.0874,4852591.4955
18079,81688578,2001933263,10/4/2022 8:00:00 AM,1752,FINCH AVE E,MARKHAM RD,,Major Arterial,Scarborough,43.812899,-79.243037,At Intersection,Traffic Signal,Clear,"Dark, artificial",Dry,Non-Fatal Injury,Turning Movement,Passenger,0 to 4,Minor,,,,,,,,,,,,,,,Yes,,,,,Yes,Yes,Yes,Yes,,,145,Malvern West,132,Malvern (132),D42,641306.0874,4852591.4955
18080,81666313,2001934242,10/4/2022 8:00:00 AM,2043,2868 WESTON ROAD,,60 m South o,Major Arterial,North York,43.722312,-79.537097,Non Intersection,No Control,Clear,"Dark, artificial",Dry,Non-Fatal Injury,Rear End,Truck Driver,25 to 29,None,,South,Truck - Open,Going Ahead,Following too Close,Normal,,,,,,,,,Yes,,Yes,,,,,Yes,,,,23,Pelmo Park-Humberlea,23,Pelmo Park-Humberlea (23),D31,617833.4615,4842070.274
18081,81666314,2001934242,10/4/2022 8:00:00 AM,2043,2868 WESTON ROAD,,60 m South o,Major Arterial,North York,43.722312,-79.537097,Non Intersection,No Control,Clear,"Dark, artificial",Dry,Non-Fatal Injury,Rear End,Driver,45 to 49,Major,,South,"Automobile, Station Wagon",Slowing or Stopping,Driving Properly,Normal,,,,,,,,,Yes,,Yes,,,,,Yes,,,,23,Pelmo Park-Humberlea,23,Pelmo Park-Humberlea (23),D31,617833.4615,4842070.274
18082,81666315,2001934242,10/4/2022 8:00:00 AM,2043,2868 WESTON ROAD,,60 m South o,Major Arterial,North York,43.722312,-79.537097,Non Intersection,No Control,Clear,"Dark, artificial",Dry,Non-Fatal Injury,Rear End,Driver,60 to 64,None,,South,"Automobile, Station Wagon",Slowing or Stopping,Driving Properly,Normal,,,,,,,,,Yes,,Yes,,,,,Yes,,,,23,Pelmo Park-Humberlea,23,Pelmo Park-Humberlea (23),D31,617833.4615,4842070.274
18083,81667359,2001941837,10/5/2022 8:00:00 AM,2112,F G GARDINER XY  W,GRAND AVE,345 m East o,Expressway,Etobicoke York,43.625659,-79.489299,Non Intersection,No Control,Clear,"Dark, artificial",Dry,Non-Fatal Injury,SMV Other,Driver,20 to 24,Major,,West,"Automobile, Station Wagon",Changing Lanes,Lost control,Unknown,,,,,,,,,Yes,,,,,Yes,Yes,Yes,,,,161,Humber Bay Shores,17,Mimico (includes Humber Bay Shores) (17),D22,621879.0078,4831404.7438
18084,81667360,2001941837,10/5/2022 8:00:00 AM,2112,F G GARDINER XY  W,GRAND AVE,345 m East o,Expressway,Etobicoke York,43.625659,-79.489299,Non Intersection,No Control,Clear,"Dark, artificial",Dry,Non-Fatal Injury,SMV Other,Driver,65 to 69,None,,West,Pick Up Truck,Going Ahead,Driving Properly,Normal,,,,,,,,,Yes,,,,,Yes,Yes,Yes,,,,161,Humber Bay Shores,17,Mimico (includes Humber Bay Shores) (17),D22,621879.0078,4831404.7438
18085,81667361,2001941837,10/5/2022 8:00:00 AM,2112,F G GARDINER XY  W,GRAND AVE,345 m East o,Expressway,Etobicoke York,43.625659,-79.489299,Non Intersection,No Control,Clear,"Dark, artificial",Dry,Non-Fatal Injury,SMV Other,Passenger,20 to 24,Major,,,,,,,,,,,,,,,Yes,,,,,Yes,Yes,Yes,,,,161,Humber Bay Shores,17,Mimico (includes Humber Bay Shores) (17),D22,621879.0078,4831404.7438
18086,81749183,2001952231,10/7/2022 8:00:00 AM,1103,WINONA DR,450,1 m East of,Minor Arterial,Toronto and East York,43.689906,-79.435741,Non Intersection,No Control,Clear,Daylight,Dry,Non-Fatal Injury,Cyclist Collisions,Cyclist,25 to 29,Major,,North,Bicycle,Going Ahead,,,,,,,Lost control,Inattentive,,Yes,Yes,,,,,Yes,,Yes,,,,107,Oakwood Village,107,Oakwood Village (107),D13,626065.435,4838620.2326
18087,81749184,2001952231,10/7/2022 8:00:00 AM,1103,WINONA DR,450,1 m East of,Minor Arterial,Toronto and East York,43.689906,-79.435741,Non Intersection,No Control,Clear,Daylight,Dry,Non-Fatal Injury,Cyclist Collisions,Driver,50 to 54,None,,South,"Automobile, Station Wagon",Going Ahead,Driving Properly,Normal,,,,,,,,Yes,Yes,,,,,Yes,,Yes,,,,107,Oakwood Village,107,Oakwood Village (107),D13,626065.435,4838620.2326
18088,81749185,2001952231,10/7/2022 8:00:00 AM,1103,WINONA DR,450,1 m East of,Minor Arterial,Toronto and East York,43.689906,-79.435741,Non Intersection,No Control,Clear,Daylight,Dry,Non-Fatal Injury,Cyclist Collisions,Passenger,50 to 54,None,,,,,,,,,,,,,,Yes,Yes,,,,,Yes,,Yes,,,,107,Oakwood Village,107,Oakwood Village (107),D13,626065.435,4838620.2326
18089,81666602,2001965274,10/9/2022 8:00:00 AM,1021,BATHURST ST,DEWLANE DR,25 m North o,Major Arterial,North York,43.785918,-79.446056,Non Intersection,No Control,Clear,Daylight,Dry,Non-Fatal Injury,Pedestrian Collisions,Driver,30 to 34,None,,South,Municipal Transit Bus (TTC),Going Ahead,Driving Properly,Normal,,,,,,,Yes,,,,,Yes,,Yes,,,,,,35,Westminster-Branson,35,Westminster-Branson (35),D32,625034.132,4849268.1308
18090,81666603,2001965274,10/9/2022 8:00:00 AM,1021,BATHURST ST,DEWLANE DR,25 m North o,Major Arterial,North York,43.785918,-79.446056,Non Intersection,No Control,Clear,Daylight,Dry,Non-Fatal Injury,Pedestrian Collisions,Passenger,70 to 74,Minimal,,,,,,,,,,,,,Yes,,,,,Yes,,Yes,,,,,,35,Westminster-Branson,35,Westminster-Branson (35),D32,625034.132,4849268.1308
18091,81666604,2001965274,10/9/2022 8:00:00 AM,1021,BATHURST ST,DEWLANE DR,25 m North o,Major Arterial,North York,43.785918,-79.446056,Non Intersection,No Control,Clear,Daylight,Dry,Non-Fatal Injury,Pedestrian Collisions,Pedestrian,20 to 24,Major,,East,,,,,Pedestrian involved in a collision with transit vehicle anywhere along roadway,Other,Other,,,,Yes,,,,,Yes,,Yes,,,,,,35,Westminster-Branson,35,Westminster-Branson (35),D32,625034.132,4849268.1308
18092,81667833,2001988783,10/12/2022 8:00:00 AM,1950,207 BELLAMY RD N,,74 m North o,Minor Arterial,Scarborough,43.747031,-79.231311,Non Intersection,No Control,Clear,"Dark, artificial",Dry,Non-Fatal Injury,SMV Other,Driver,45 to 49,Major,,South,"Automobile, Station Wagon",Going Ahead,Lost control,Medical or Physical Disability,,,,,,,,,Yes,,,,,,,,,,Yes,138,Eglinton East,138,Eglinton East (138),D43,642405.4776,4845295.9063
18093,81667057,2001996096,10/13/2022 8:00:00 AM,1940,MIDDLEFIELD RD,MCCOWAN RD,16 m North o,Major Arterial,Scarborough,43.798701,-79.261974,Non Intersection,No Control,Clear,Dark,Dry,Non-Fatal Injury,Turning Movement,Passenger,10 to 14,None,,,,,,,,,,,,,,,Yes,,,,,Yes,,Yes,,,,129,Agincourt North,129,Agincourt North (129),D42,639816.1592,4850982.4084
18094,81667058,2001996096,10/13/2022 8:00:00 AM,1940,MIDDLEFIELD RD,MCCOWAN RD,16 m North o,Major Arterial,Scarborough,43.798701,-79.261974,Non Intersection,No Control,Clear,Dark,Dry,Non-Fatal Injury,Turning Movement,Passenger,5 to 9,None,,,,,,,,,,,,,,,Yes,,,,,Yes,,Yes,,,,129,Agincourt North,129,Agincourt North (129),D42,639816.1592,4850982.4084
18095,81667059,2001996096,10/13/2022 8:00:00 AM,1940,MIDDLEFIELD RD,MCCOWAN RD,16 m North o,Major Arterial,Scarborough,43.798701,-79.261974,Non Intersection,No Control,Clear,Dark,Dry,Non-Fatal Injury,Turning Movement,Passenger,5 to 9,None,,,,,,,,,,,,,,,Yes,,,,,Yes,,Yes,,,,129,Agincourt North,129,Agincourt North (129),D42,639816.1592,4850982.4084
18096,81667060,2001996096,10/13/2022 8:00:00 AM,1940,MIDDLEFIELD RD,MCCOWAN RD,16 m North o,Major Arterial,Scarborough,43.798701,-79.261974,Non Intersection,No Control,Clear,Dark,Dry,Non-Fatal Injury,Turning Movement,Driver,15 to 19,None,,East,"Automobile, Station Wagon",Turning Left,Improper Turn,Normal,,,,,,,,,Yes,,,,,Yes,,Yes,,,,129,Agincourt North,129,Agincourt North (129),D42,639816.1592,4850982.4084
18097,81667061,2001996096,10/13/2022 8:00:00 AM,1940,MIDDLEFIELD RD,MCCOWAN RD,16 m North o,Major Arterial,Scarborough,43.798701,-79.261974,Non Intersection,No Control,Clear,Dark,Dry,Non-Fatal Injury,Turning Movement,Driver,20 to 24,Major,,West,"Automobile, Station Wagon",Going Ahead,Driving Properly,Normal,,,,,,,,,Yes,,,,,Yes,,Yes,,,,129,Agincourt North,129,Agincourt North (129),D42,639816.1592,4850982.4084
18098,81687857,2002003837,10/14/2022 8:00:00 AM,2118,REXDALE BLVD,QUEENS PLATE DR,,Major Arterial,Etobicoke York,43.716525,-79.592578,At Intersection,Traffic Signal,Clear,"Dark, artificial",Dry,Non-Fatal Injury,Pedestrian Collisions,Driver,50 to 54,None,,East,"Automobile, Station Wagon",Going Ahead,Driving Properly,Normal,,,,,,,Yes,,Yes,,,,,,,,,,,1,West Humber-Clairville,1,West Humber-Clairville (1),D23,613375.4778,4841350.1636
18099,81687858,2002003837,10/14/2022 8:00:00 AM,2118,REXDALE BLVD,QUEENS PLATE DR,,Major Arterial,Etobicoke York,43.716525,-79.592578,At Intersection,Traffic Signal,Clear,"Dark, artificial",Dry,Non-Fatal Injury,Pedestrian Collisions,Pedestrian,55 to 59,Major,,South,,,,,Vehicle is going straight thru inter.while ped cross without ROW,Crossing without right of way,Had Been Drinking,,,,Yes,,Yes,,,,,,,,,,,1,West Humber-Clairville,1,West Humber-Clairville (1),D23,613375.4778,4841350.1636
18100,81687404,2002008738,10/15/2022 8:00:00 AM,1649,MARTIN GROVE RD,BELFIELD RD,,Major Arterial,Etobicoke York,43.701945,-79.57561,At Intersection,Traffic Signal,Clear,Daylight,Dry,Non-Fatal Injury,Turning Movement,Driver,30 to 34,Minor,,North,"Automobile, Station Wagon",Turning Left,Improper Turn,Normal,,,,,,,,,Yes,,,,,Yes,,Yes,,,,1,West Humber-Clairville,1,West Humber-Clairville (1),D23,614770.1745,4839754.2035
18101,81687405,2002008738,10/15/2022 8:00:00 AM,1649,MARTIN GROVE RD,BELFIELD RD,,Major Arterial,Etobicoke York,43.701945,-79.57561,At Intersection,Traffic Signal,Clear,Daylight,Dry,Non-Fatal Injury,Turning Movement,Driver,20 to 24,Major,,South,"Automobile, Station Wagon",Going Ahead,Driving Properly,Normal,,,,,,,,,Yes,,,,,Yes,,Yes,,,,1,West Humber-Clairville,1,West Humber-Clairville (1),D23,614770.1745,4839754.2035
18102,81687406,2002008738,10/15/2022 8:00:00 AM,1649,MARTIN GROVE RD,BELFIELD RD,,Major Arterial,Etobicoke York,43.701945,-79.57561,At Intersection,Traffic Signal,Clear,Daylight,Dry,Non-Fatal Injury,Turning Movement,Passenger,30 to 34,None,,,,,,,,,,,,,,,Yes,,,,,Yes,,Yes,,,,1,West Humber-Clairville,1,West Humber-Clairville (1),D23,614770.1745,4839754.2035
18103,81687632,2002015530,10/16/2022 8:00:00 AM,1752,EVANS AVE,DELTA ST,,Major Arterial,Etobicoke York,43.612651,-79.539836,At Intersection,Stop Sign,Clear,Daylight,Dry,Non-Fatal Injury,Turning Movement,Driver,25 to 29,None,,North,"Automobile, Station Wagon",Turning Left,Disobeyed Traffic Control,Normal,,,,,,,,,Yes,Yes,,,,Yes,,Yes,,,,20,Alderwood,20,Alderwood (20),D22,617827.1982,4829887.1009
18104,81687633,2002015530,10/16/2022 8:00:00 AM,1752,EVANS AVE,DELTA ST,,Major Arterial,Etobicoke York,43.612651,-79.539836,At Intersection,Stop Sign,Clear,Daylight,Dry,Non-Fatal Injury,Turning Movement,Motorcycle Driver,40 to 44,Major,,East,Motorcycle,Going Ahead,Driving Properly,Normal,,,,,,,,,Yes,Yes,,,,Yes,,Yes,,,,20,Alderwood,20,Alderwood (20),D22,617827.1982,4829887.1009
18105,81687634,2002015530,10/16/2022 8:00:00 AM,1752,EVANS AVE,DELTA ST,,Major Arterial,Etobicoke York,43.612651,-79.539836,At Intersection,Stop Sign,Clear,Daylight,Dry,Non-Fatal Injury,Turning Movement,Driver,35 to 39,None,,West,"Automobile, Station Wagon",Going Ahead,Driving Properly,Normal,,,,,,,,,Yes,Yes,,,,Yes,,Yes,,,,20,Alderwood,20,Alderwood (20),D22,617827.1982,4829887.1009
18106,81687635,2002015530,10/16/2022 8:00:00 AM,1752,EVANS AVE,DELTA ST,,Major Arterial,Etobicoke York,43.612651,-79.539836,At Intersection,Stop Sign,Clear,Daylight,Dry,Non-Fatal Injury,Turning Movement,Passenger,30 to 34,None,,,,,,,,,,,,,,,Yes,Yes,,,,Yes,,Yes,,,,20,Alderwood,20,Alderwood (20),D22,617827.1982,4829887.1009
18107,81667102,2002017234,10/17/2022 8:00:00 AM,12,MARLEE AVE,GLENGROVE AVE,8 m East of,Minor Arterial,North York,43.710726,-79.444484,At Intersection,Stop Sign,Clear,Dark,Dry,Non-Fatal Injury,Angle,Driver,unknown,None,,West,"Automobile, Station Wagon",Going Ahead,Lost control,Unknown,,,,,,,,,Yes,,,,,Yes,Yes,Yes,,,,31,Yorkdale-Glen Park,31,Yorkdale-Glen Park (31),D13,625317.4371,4840919.3278
18108,81667103,2002017234,10/17/2022 8:00:00 AM,12,MARLEE AVE,GLENGROVE AVE,8 m East of,Minor Arterial,North York,43.710726,-79.444484,At Intersection,Stop Sign,Clear,Dark,Dry,Non-Fatal Injury,Angle,Driver,50 to 54,None,,North,"Automobile, Station Wagon",Going Ahead,Driving Properly,Unknown,,,,,,,,,Yes,,,,,Yes,Yes,Yes,,,,31,Yorkdale-Glen Park,31,Yorkdale-Glen Park (31),D13,625317.4371,4840919.3278
18109,81667104,2002017234,10/17/2022 8:00:00 AM,12,MARLEE AVE,GLENGROVE AVE,8 m East of,Minor Arterial,North York,43.710726,-79.444484,At Intersection,Stop Sign,Clear,Dark,Dry,Non-Fatal Injury,Angle,Driver,unknown,None,,South,"Automobile, Station Wagon",Going Ahead,Driving Properly,Normal,,,,,,,,,Yes,,,,,Yes,Yes,Yes,,,,31,Yorkdale-Glen Park,31,Yorkdale-Glen Park (31),D13,625317.4371,4840919.3278
18110,81667105,2002017234,10/17/2022 8:00:00 AM,12,MARLEE AVE,GLENGROVE AVE,8 m East of,Minor Arterial,North York,43.710726,-79.444484,At Intersection,Stop Sign,Clear,Dark,Dry,Non-Fatal Injury,Angle,Passenger,35 to 39,Major,,,,,,,,,,,,,,,Yes,,,,,Yes,Yes,Yes,,,,31,Yorkdale-Glen Park,31,Yorkdale-Glen Park (31),D13,625317.4371,4840919.3278
18111,81667607,2002039370,10/20/2022 8:00:00 AM,726,DUFFERIN ST,FINCH AVE W,25 m North o,Major Arterial,North York,43.768851,-79.46693,Non Intersection,No Control,Clear,Dark,Dry,Non-Fatal Injury,Pedestrian Collisions,Driver,60 to 64,None,,South,Municipal Transit Bus (TTC),Going Ahead,Driving Properly,Normal,,,,,,,Yes,,,,,Yes,,,,,,,,27,York University Heights,27,York University Heights (27),D32,623389.6443,4847341.2642
18112,81667608,2002039370,10/20/2022 8:00:00 AM,726,DUFFERIN ST,FINCH AVE W,25 m North o,Major Arterial,North York,43.768851,-79.46693,Non Intersection,No Control,Clear,Dark,Dry,Non-Fatal Injury,Pedestrian Collisions,Pedestrian,65 to 69,Major,,West,,,,,Pedestrian involved in a collision with transit vehicle anywhere along roadway,"Crossing, no Traffic Control",Inattentive,,,,Yes,,,,,Yes,,,,,,,,27,York University Heights,27,York University Heights (27),D32,623389.6443,4847341.2642