OBJECTID,INDEX,ACCNUM,DATE,TIME,STREET1,STREET2,OFFSET,ROAD_CLASS,DISTRICT,LATITUDE,LONGITUDE,ACCLOC,TRAFFCTL,VISIBILITY,LIGHT,RDSFCOND,ACCLASS,IMPACTYPE,INVTYPE,INVAGE,INJURY,FATAL_NO,INITDIR,VEHTYPE,MANOEUVER,DRIVACT,DRIVCOND,PEDTYPE,PEDACT,PEDCOND,CYCLISTYPE,CYCACT,CYCCOND,PEDESTRIAN,CYCLIST,AUTOMOBILE,MOTORCYCLE,TRUCK,TRSN_CITY_VEH,EMERG_VEH,PASSENGER,SPEEDING,AG_DRIV,REDLIGHT,ALCOHOL,DISABILITY,HOOD_158,NEIGHBOURHOOD_158,HOOD_140,NEIGHBOURHOOD_140,DIVISION,x,y
18113,81667642,2002057432,10/22/2022 8:00:00 AM,1822,ROYAL YORK RD,THE QUEENSWAY,,Major Arterial,Etobicoke York,43.626265,-79.502589,At Intersection,Traffic Signal,Clear,Dusk,Dry,Non-Fatal Injury,Turning Movement,Driver,60 to 64,None,,East,"Automobile, Station Wagon",Turning Left,Improper Turn,Inattentive,,,,,,,,,Yes,Yes,,,,,,Yes,,,,16,Stonegate-Queensway,16,Stonegate-Queensway (16),D22,620805.5855,4831452.6238
18114,81667643,2002057432,10/22/2022 8:00:00 AM,1822,ROYAL YORK RD,THE QUEENSWAY,,Major Arterial,Etobicoke York,43.626265,-79.502589,At Intersection,Traffic Signal,Clear,Dusk,Dry,Non-Fatal Injury,Turning Movement,Motorcycle Driver,30 to 34,Major,,West,Motorcycle,Going Ahead,Driving Properly,Normal,,,,,,,,,Yes,Yes,,,,,,Yes,,,,16,Stonegate-Queensway,16,Stonegate-Queensway (16),D22,620805.5855,4831452.6238
18115,81667644,2002057432,10/22/2022 8:00:00 AM,1822,ROYAL YORK RD,THE QUEENSWAY,,Major Arterial,Etobicoke York,43.626265,-79.502589,At Intersection,Traffic Signal,Clear,Dusk,Dry,Non-Fatal Injury,Turning Movement,Motorcycle Driver,30 to 34,Minimal,,West,Motorcycle,Going Ahead,Driving Properly,Normal,,,,,,,,,Yes,Yes,,,,,,Yes,,,,16,Stonegate-Queensway,16,Stonegate-Queensway (16),D22,620805.5855,4831452.6238
18116,81667645,2002057432,10/22/2022 8:00:00 AM,1822,ROYAL YORK RD,THE QUEENSWAY,,Major Arterial,Etobicoke York,43.626265,-79.502589,At Intersection,Traffic Signal,Clear,Dusk,Dry,Non-Fatal Injury,Turning Movement,Driver,50 to 54,None,,South,"Automobile, Station Wagon",Stopped,Driving Properly,Normal,,,,,,,,,Yes,Yes,,,,,,Yes,,,,16,Stonegate-Queensway,16,Stonegate-Queensway (16),D22,620805.5855,4831452.6238
18117,81667646,2002057432,10/22/2022 8:00:00 AM,1822,ROYAL YORK RD,THE QUEENSWAY,,Major Arterial,Etobicoke York,43.626265,-79.502589,At Intersection,Traffic Signal,Clear,Dusk,Dry,Non-Fatal Injury,Turning Movement,Other,50 to 54,None,,,,,,,,,,,,,,,Yes,Yes,,,,,,Yes,,,,16,Stonegate-Queensway,16,Stonegate-Queensway (16),D22,620805.5855,4831452.6238
18118,81667660,2002062999,10/23/2022 8:00:00 AM,1552,STEELES AVE W,400 S STEELES AVE W RAMP,,Major Arterial,North York,43.772029,-79.537761,At Intersection,Traffic Signal,Clear,Daylight,Dry,Non-Fatal Injury,Turning Movement,Driver,60 to 64,Minimal,,East,Pick Up Truck,Turning Left,Improper Turn,Inattentive,,,,,,,,,Yes,Yes,,,,,Yes,Yes,,,,21,Humber Summit,21,Humber Summit (21),D31,617682.5126,4847591.1233
18119,81667661,2002062999,10/23/2022 8:00:00 AM,1552,STEELES AVE W,400 S STEELES AVE W RAMP,,Major Arterial,North York,43.772029,-79.537761,At Intersection,Traffic Signal,Clear,Daylight,Dry,Non-Fatal Injury,Turning Movement,Motorcycle Driver,35 to 39,Major,,West,Motorcycle,Going Ahead,Exceeding Speed Limit,Normal,,,,,,,,,Yes,Yes,,,,,Yes,Yes,,,,21,Humber Summit,21,Humber Summit (21),D31,617682.5126,4847591.1233
18120,81706055,2002070997,10/24/2022 8:00:00 AM,1715,BLOOR ST W,OSSINGTON AV,2 m North of,Major Arterial,North York,43.661982,-79.425624,At Intersection,Traffic Signal,Clear,Daylight,Dry,Non-Fatal Injury,Cyclist Collisions,Driver,20 to 24,None,,West,"Automobile, Station Wagon",Turning Left,Disobeyed Traffic Control,Inattentive,,,,,,,,Yes,Yes,,,,,,,Yes,Yes,,,80,Palmerston-Little Italy,80,Palmerston-Little Italy (80),D14,626939.6484,4835534.3264
18121,81706056,2002070997,10/24/2022 8:00:00 AM,1715,BLOOR ST W,OSSINGTON AV,2 m North of,Major Arterial,North York,43.661982,-79.425624,At Intersection,Traffic Signal,Clear,Daylight,Dry,Non-Fatal Injury,Cyclist Collisions,Cyclist,20 to 24,Major,,East,Bicycle,Going Ahead,,,,,,Motorist turned left across cyclists path.,Driving Properly,Normal,,Yes,Yes,,,,,,,Yes,Yes,,,80,Palmerston-Little Italy,80,Palmerston-Little Italy (80),D14,626939.6484,4835534.3264
18122,81688757,2002076009,10/25/2022 8:00:00 AM,1028,BLOOR ST W,DURIE ST,3 m East of,Major Arterial,Toronto and East York,43.650427,-79.479053,At Intersection,Traffic Signal,Clear,Daylight,Dry,Non-Fatal Injury,Pedestrian Collisions,Driver,30 to 34,None,,South,Pick Up Truck,Turning Left,Failed to Yield Right of Way,Normal,,,,,,,Yes,,Yes,,,,,,,Yes,,,,87,High Park-Swansea,87,High Park-Swansea (87),D11,622655.2292,4834170.6354
18123,81688758,2002076009,10/25/2022 8:00:00 AM,1028,BLOOR ST W,DURIE ST,3 m East of,Major Arterial,Toronto and East York,43.650427,-79.479053,At Intersection,Traffic Signal,Clear,Daylight,Dry,Non-Fatal Injury,Pedestrian Collisions,Pedestrian,90 to 94,Major,,North,,,,,Vehicle turns left while ped crosses with ROW at inter.,Crossing with right of way,Normal,,,,Yes,,Yes,,,,,,,Yes,,,,87,High Park-Swansea,87,High Park-Swansea (87),D11,622655.2292,4834170.6354
18124,81688606,2002085156,10/26/2022 8:00:00 AM,1420,KENNEDY RD,TROJAN GT,,Major Arterial,Scarborough,43.803809,-79.298167,At Intersection,Traffic Signal,Rain,Daylight,Wet,Non-Fatal Injury,Pedestrian Collisions,Driver,55 to 59,None,,East,"Automobile, Station Wagon",Turning Left,Failed to Yield Right of Way,Inattentive,,,,,,,Yes,,Yes,,,,,,,Yes,,,,130,Milliken,130,Milliken (130),D42,636892.9013,4851489.2226
18125,81688607,2002085156,10/26/2022 8:00:00 AM,1420,KENNEDY RD,TROJAN GT,,Major Arterial,Scarborough,43.803809,-79.298167,At Intersection,Traffic Signal,Rain,Daylight,Wet,Non-Fatal Injury,Pedestrian Collisions,Pedestrian,40 to 44,Major,,North,,,,,Vehicle turns left while ped crosses with ROW at inter.,Crossing with right of way,Normal,,,,Yes,,Yes,,,,,,,Yes,,,,130,Milliken,130,Milliken (130),D42,636892.9013,4851489.2226
18126,81667848,2002100036,10/28/2022 8:00:00 AM,1548,BLOOR ST W,SALEM AVE,,Major Arterial,Toronto and East York,43.66059,-79.431628,At Intersection,No Control,Clear,Daylight,Dry,Non-Fatal Injury,Cyclist Collisions,Driver,55 to 59,Major,,East,"Automobile, Station Wagon",Turning Left,Failed to Yield Right of Way,Inattentive,,,,,,,,Yes,Yes,,,,,,,Yes,,,,83,Dufferin Grove,83,Dufferin Grove (83),D14,626458.4724,4835370.5579
18127,81667849,2002100036,10/28/2022 8:00:00 AM,1548,BLOOR ST W,SALEM AVE,,Major Arterial,Toronto and East York,43.66059,-79.431628,At Intersection,No Control,Clear,Daylight,Dry,Non-Fatal Injury,Cyclist Collisions,Cyclist,40 to 44,Minor,,West,Bicycle,Going Ahead,,,,,,Motorist turned left across cyclists path.,Driving Properly,Normal,,Yes,Yes,,,,,,,Yes,,,,83,Dufferin Grove,83,Dufferin Grove (83),D14,626458.4724,4835370.5579
18128,81667605,2002101830,10/28/2022 8:00:00 AM,1953,BATHURST ST,DUPONT ST,,Major Arterial,Toronto and East York,43.673144,-79.414356,At Intersection,Traffic Signal,Clear,"Dark, artificial",Dry,Non-Fatal Injury,Pedestrian Collisions,Truck Driver,35 to 39,None,,West,Truck - Open,Going Ahead,Exceeding Speed Limit,Inattentive,,,,,,,Yes,,,,Yes,,,,Yes,Yes,,,,95,Annex,95,Annex (95),D14,627824.4851,4836791.3171
18129,81667606,2002101830,10/28/2022 8:00:00 AM,1953,BATHURST ST,DUPONT ST,,Major Arterial,Toronto and East York,43.673144,-79.414356,At Intersection,Traffic Signal,Clear,"Dark, artificial",Dry,Non-Fatal Injury,Pedestrian Collisions,Pedestrian,70 to 74,Major,,Unknown,,,,,Vehicle is going straight thru inter.while ped cross without ROW,Other,Normal,,,,Yes,,,,Yes,,,,Yes,Yes,,,,95,Annex,95,Annex (95),D14,627824.4851,4836791.3171
18130,81679736,2002116363,10/31/2022 8:00:00 AM,1,KINGSTON RD,WARDEN AVE,,Major Arterial,Scarborough,43.687659,-79.270877,At Intersection,Traffic Signal,Clear,"Dark, artificial",Dry,Non-Fatal Injury,Pedestrian Collisions,Driver,25 to 29,None,,South,Intercity Bus,Turning Left,Failed to Yield Right of Way,Inattentive,,,,,,,Yes,,,,,Yes,,,,Yes,,,,122,Birchcliffe-Cliffside,122,Birchcliffe-Cliffside (122),D41,639357.3685,4838634.5182
18131,81679737,2002116363,10/31/2022 8:00:00 AM,1,KINGSTON RD,WARDEN AVE,,Major Arterial,Scarborough,43.687659,-79.270877,At Intersection,Traffic Signal,Clear,"Dark, artificial",Dry,Non-Fatal Injury,Pedestrian Collisions,Pedestrian,50 to 54,Major,,Unknown,,,,,Vehicle turns left while ped crosses with ROW at inter.,Crossing with right of way,Had Been Drinking,,,,Yes,,,,,Yes,,,,Yes,,,,122,Birchcliffe-Cliffside,122,Birchcliffe-Cliffside (122),D41,639357.3685,4838634.5182
18132,81673647,2002125571,11/1/2022 8:00:00 AM,930,540 Finch Ave W,,157 m West o,Major Arterial,North York,43.773532,-79.444728,Non Intersection,No Control,Rain,Daylight,Wet,Property Damage O,Pedestrian Collisions,Driver,45 to 49,None,,West,"Automobile, Station Wagon",Going Ahead,Driving Properly,Normal,,,,,,,Yes,,Yes,,,,,,,,,,,35,Westminster-Branson,35,Westminster-Branson (35),D32,625166.8296,4847894.4828
18133,81673648,2002125571,11/1/2022 8:00:00 AM,930,540 Finch Ave W,,157 m West o,Major Arterial,North York,43.773532,-79.444728,Non Intersection,No Control,Rain,Daylight,Wet,Property Damage O,Pedestrian Collisions,Pedestrian,80 to 84,Major,,South,,,,,Pedestrian hit at mid-block,"Crossing, no Traffic Control",Unknown,,,,Yes,,Yes,,,,,,,,,,,35,Westminster-Branson,35,Westminster-Branson (35),D32,625166.8296,4847894.4828
18134,81665630,2002129087,11/1/2022 8:00:00 AM,1729,MARKHAM RD,EASTPARK BLVD,,Major Arterial,Scarborough,43.755606,-79.224025,At Intersection,Traffic Signal,Clear,Daylight,Dry,Fatal,Turning Movement,Motorcycle Driver,15 to 19,Fatal,44,South,Motorcycle,Going Ahead,Driving Properly,Unknown,,,,,,,,,Yes,Yes,,,,,,Yes,,,,141,Golfdale-Cedarbrae-Woburn,137,Woburn (137),D43,642971.694,4846260.8434
18135,81667856,2002129087,11/1/2022 8:00:00 AM,1729,MARKHAM RD,EASTPARK BLVD,,Major Arterial,Scarborough,43.755606,-79.224025,At Intersection,Traffic Signal,Clear,Daylight,Dry,Fatal,Turning Movement,Driver,90 to 94,None,,North,"Automobile, Station Wagon",Turning Left,Failed to Yield Right of Way,Normal,,,,,,,,,Yes,Yes,,,,,,Yes,,,,141,Golfdale-Cedarbrae-Woburn,137,Woburn (137),D43,642971.694,4846260.8434
18136,81673547,2002130324,11/1/2022 8:00:00 AM,2035,JANE ST,SPENVALLEY DR,,Major Arterial,North York,43.741233,-79.513652,At Intersection,Traffic Signal,Clear,"Dark, artificial",Dry,Non-Fatal Injury,Turning Movement,Driver,15 to 19,None,,West,"Automobile, Station Wagon",Going Ahead,Disobeyed Traffic Control,Inattentive,,,,,,,,,Yes,,,,,Yes,,Yes,Yes,,,25,Glenfield-Jane Heights,25,Glenfield-Jane Heights (25),D31,619684.223,4844205.3212
18137,81673548,2002130324,11/1/2022 8:00:00 AM,2035,JANE ST,SPENVALLEY DR,,Major Arterial,North York,43.741233,-79.513652,At Intersection,Traffic Signal,Clear,"Dark, artificial",Dry,Non-Fatal Injury,Turning Movement,Driver,40 to 44,Minimal,,East,"Automobile, Station Wagon",Turning Left,Driving Properly,Normal,,,,,,,,,Yes,,,,,Yes,,Yes,Yes,,,25,Glenfield-Jane Heights,25,Glenfield-Jane Heights (25),D31,619684.223,4844205.3212
18138,81673549,2002130324,11/1/2022 8:00:00 AM,2035,JANE ST,SPENVALLEY DR,,Major Arterial,North York,43.741233,-79.513652,At Intersection,Traffic Signal,Clear,"Dark, artificial",Dry,Non-Fatal Injury,Turning Movement,Passenger,35 to 39,Major,,,,,,,,,,,,,,,Yes,,,,,Yes,,Yes,Yes,,,25,Glenfield-Jane Heights,25,Glenfield-Jane Heights (25),D31,619684.223,4844205.3212
18139,81673550,2002130324,11/1/2022 8:00:00 AM,2035,JANE ST,SPENVALLEY DR,,Major Arterial,North York,43.741233,-79.513652,At Intersection,Traffic Signal,Clear,"Dark, artificial",Dry,Non-Fatal Injury,Turning Movement,Passenger,15 to 19,None,,,,,,,,,,,,,,,Yes,,,,,Yes,,Yes,Yes,,,25,Glenfield-Jane Heights,25,Glenfield-Jane Heights (25),D31,619684.223,4844205.3212
18140,81673551,2002130324,11/1/2022 8:00:00 AM,2035,JANE ST,SPENVALLEY DR,,Major Arterial,North York,43.741233,-79.513652,At Intersection,Traffic Signal,Clear,"Dark, artificial",Dry,Non-Fatal Injury,Turning Movement,Passenger,20 to 24,Minimal,,,,,,,,,,,,,,,Yes,,,,,Yes,,Yes,Yes,,,25,Glenfield-Jane Heights,25,Glenfield-Jane Heights (25),D31,619684.223,4844205.3212
18141,81673538,2002133919,11/2/2022 8:00:00 AM,1127,YORK MILLS RD,OLD YONGE ST,,Major Arterial,North York,43.744746,-79.399562,At Intersection,No Control,Clear,"Daylight, artificial",Dry,Non-Fatal Injury,Cyclist Collisions,Driver,65 to 69,None,,East,"Automobile, Station Wagon",Turning Right,Improper Turn,Inattentive,,,,,,,,Yes,Yes,,,,,,,,,,,41,Bridle Path-Sunnybrook-York Mills,41,Bridle Path-Sunnybrook-York Mills (41),D32,628863.5613,4844766.6341
18142,81673539,2002133919,11/2/2022 8:00:00 AM,1127,YORK MILLS RD,OLD YONGE ST,,Major Arterial,North York,43.744746,-79.399562,At Intersection,No Control,Clear,"Daylight, artificial",Dry,Non-Fatal Injury,Cyclist Collisions,Cyclist,65 to 69,Major,,West,Bicycle,Going Ahead,,,,,,Motorist turned left across cyclists path.,Driving Properly,Normal,,Yes,Yes,,,,,,,,,,,41,Bridle Path-Sunnybrook-York Mills,41,Bridle Path-Sunnybrook-York Mills (41),D32,628863.5613,4844766.6341
18143,81679833,2002142687,11/3/2022 8:00:00 AM,1500,LESLIE ST,RAVEL RD,,Major Arterial,North York,43.791484,-79.36835,At Intersection,Stop Sign,"Fog, Mist, Smoke, Dust",Daylight,Dry,Non-Fatal Injury,Pedestrian Collisions,Driver,55 to 59,None,,West,"Automobile, Station Wagon",Turning Left,Improper Turn,Inattentive,,,,,,,Yes,,Yes,,,,,,,,,,,48,Hillcrest Village,48,Hillcrest Village (48),D33,631274.4184,4850006.6278
18144,81679834,2002142687,11/3/2022 8:00:00 AM,1500,LESLIE ST,RAVEL RD,,Major Arterial,North York,43.791484,-79.36835,At Intersection,Stop Sign,"Fog, Mist, Smoke, Dust",Daylight,Dry,Non-Fatal Injury,Pedestrian Collisions,Pedestrian,25 to 29,Major,,East,,,,,Vehicle turns left while ped crosses without ROW at inter.,Crossing without right of way,Normal,,,,Yes,,Yes,,,,,,,,,,,48,Hillcrest Village,48,Hillcrest Village (48),D33,631274.4184,4850006.6278
18145,81680319,2002154142,11/5/2022 8:00:00 AM,210,BATHURST ST,HARBORD ST,6 m North of,Major Arterial,Toronto and East York,43.661509,-79.40974,Intersection Related,Traffic Signal,Clear,"Dark, artificial",Dry,Non-Fatal Injury,Pedestrian Collisions,Driver,unknown,None,,South,"Automobile, Station Wagon",Going Ahead,Other,Unknown,,,,,,,Yes,,Yes,,,,,,,,,,,79,University,79,University (79),D14,628221.3719,4835506.2186
18146,81680320,2002154142,11/5/2022 8:00:00 AM,210,BATHURST ST,HARBORD ST,6 m North of,Major Arterial,Toronto and East York,43.661509,-79.40974,Intersection Related,Traffic Signal,Clear,"Dark, artificial",Dry,Non-Fatal Injury,Pedestrian Collisions,Pedestrian,20 to 24,Major,,East,,,,,Other / Undefined,Other,Other,,,,Yes,,Yes,,,,,,,,,,,79,University,79,University (79),D14,628221.3719,4835506.2186
18147,81673330,2002155585,11/5/2022 8:00:00 AM,935,7431 KINGSTON RD,,298 m East o,Major Arterial,Scarborough,43.800692,-79.143199,Non Intersection,No Control,Clear,Daylight,Dry,Non-Fatal Injury,Approaching,Driver,25 to 29,Major,,East,"Automobile, Station Wagon",Going Ahead,Lost control,Had Been Drinking,,,,,,,,,Yes,,,,,,,,,,,143,West Rouge,131,Rouge (131),D42,649366.2172,4851411.0738
18148,81673331,2002155585,11/5/2022 8:00:00 AM,935,7431 KINGSTON RD,,298 m East o,Major Arterial,Scarborough,43.800692,-79.143199,Non Intersection,No Control,Clear,Daylight,Dry,Non-Fatal Injury,Approaching,Driver,55 to 59,Minor,,West,"Automobile, Station Wagon",Going Ahead,Driving Properly,Normal,,,,,,,,,Yes,,,,,,,,,,,143,West Rouge,131,Rouge (131),D42,649366.2172,4851411.0738
18149,81703296,2002181067,11/8/2022 10:00:00 AM,1808,MILLWICK DR,ISLINGTON AVE,1 m West of,Major Arterial,Etobicoke York,43.759955,-79.571773,At Intersection,Traffic Signal,Clear,"Dark, artificial",Dry,Non-Fatal Injury,Pedestrian Collisions,Driver,65 to 69,None,,West,"Automobile, Station Wagon",Turning Left,Failed to Yield Right of Way,Inattentive,,,,,,,Yes,,Yes,,,,,,,Yes,,,,21,Humber Summit,21,Humber Summit (21),D31,614968.3,4846202.3513
18150,81703297,2002181067,11/8/2022 10:00:00 AM,1808,MILLWICK DR,ISLINGTON AVE,1 m West of,Major Arterial,Etobicoke York,43.759955,-79.571773,At Intersection,Traffic Signal,Clear,"Dark, artificial",Dry,Non-Fatal Injury,Pedestrian Collisions,Pedestrian,45 to 49,Major,,East,,,,,Vehicle turns left while ped crosses with ROW at inter.,Crossing with right of way,Normal,,,,Yes,,Yes,,,,,,,Yes,,,,21,Humber Summit,21,Humber Summit (21),D31,614968.3,4846202.3513
18151,81679838,2002186776,11/9/2022 10:00:00 AM,1422,BAYVIEW AVE,RUDDINGTON DR,,Major Arterial,North York,43.788016,-79.392719,At Intersection,Traffic Signal,Clear,Daylight,Dry,Non-Fatal Injury,Pedestrian Collisions,Driver,85 to 89,None,,West,"Automobile, Station Wagon",Turning Left,Failed to Yield Right of Way,Inattentive,,,,,,,Yes,,Yes,,,,,,,Yes,,,,49,Bayview Woods-Steeles,49,Bayview Woods-Steeles (49),D33,629321.2713,4849583.0915
18152,81679839,2002186776,11/9/2022 10:00:00 AM,1422,BAYVIEW AVE,RUDDINGTON DR,,Major Arterial,North York,43.788016,-79.392719,At Intersection,Traffic Signal,Clear,Daylight,Dry,Non-Fatal Injury,Pedestrian Collisions,Pedestrian,80 to 84,Major,,East,,,,,Vehicle turns left while ped crosses with ROW at inter.,Crossing with right of way,Normal,,,,Yes,,Yes,,,,,,,Yes,,,,49,Bayview Woods-Steeles,49,Bayview Woods-Steeles (49),D33,629321.2713,4849583.0915
18153,81687350,2002188340,11/9/2022 10:00:00 AM,1812,COLLEGE ST,ROXTON RD,1 m West of,Major Arterial,Toronto and East York,43.654647,-79.421451,At Intersection,No Control,Clear,"Dark, artificial",Dry,Non-Fatal Injury,Cyclist Collisions,Cyclist,25 to 29,Major,,West,Bicycle,Turning Left,,,,,,Cyclist turned left across motorists path.,Improper Turn,Inattentive,,Yes,Yes,,,,,,,,,,,81,Trinity-Bellwoods,81,Trinity-Bellwoods (81),D14,627291.6131,4834726.0713
18154,81687351,2002188340,11/9/2022 10:00:00 AM,1812,COLLEGE ST,ROXTON RD,1 m West of,Major Arterial,Toronto and East York,43.654647,-79.421451,At Intersection,No Control,Clear,"Dark, artificial",Dry,Non-Fatal Injury,Cyclist Collisions,Driver,15 to 19,None,,West,"Automobile, Station Wagon",Going Ahead,Driving Properly,Normal,,,,,,,,Yes,Yes,,,,,,,,,,,81,Trinity-Bellwoods,81,Trinity-Bellwoods (81),D14,627291.6131,4834726.0713
18155,81679796,2002210376,11/12/2022 10:00:00 AM,2030,SHOREHAM DR,IAN MACDONALD BLVD,,Minor Arterial,North York,43.772437,-79.511371,Intersection Related,Traffic Signal,Clear,"Dark, artificial",Dry,Non-Fatal Injury,Pedestrian Collisions,Driver,unknown,None,,Unknown,,Unknown,Other,Unknown,,,,,,,Yes,,,,,,,,,,,,,27,York University Heights,27,York University Heights (27),D31,619805.6081,4847674.2824
18156,81679797,2002210376,11/12/2022 10:00:00 AM,2030,SHOREHAM DR,IAN MACDONALD BLVD,,Minor Arterial,North York,43.772437,-79.511371,Intersection Related,Traffic Signal,Clear,"Dark, artificial",Dry,Non-Fatal Injury,Pedestrian Collisions,Pedestrian,15 to 19,Major,,Unknown,,,,,Unknown,Crossing with right of way,Normal,,,,Yes,,,,,,,,,,,,,27,York University Heights,27,York University Heights (27),D31,619805.6081,4847674.2824
18157,81688464,2002215490,11/13/2022 10:00:00 AM,1657,ROYAL YORK RD,LELAND AVE,180 m South ,Minor Arterial,Etobicoke York,43.638873,-79.508479,Non Intersection,No Control,Clear,Daylight,Dry,Non-Fatal Injury,SMV Other,Driver,65 to 69,Major,,South,Delivery Van,Going Ahead,Lost control,Unknown,,,,,,,,,Yes,,,,,,Yes,Yes,,,,16,Stonegate-Queensway,16,Stonegate-Queensway (16),D22,620305.2393,4832844.3459
18158,81680183,2002216061,11/13/2022 10:00:00 AM,1838,PEARSON AV,SORAUREN AV,,Collector,Toronto and East York,43.642966,-79.442165,At Intersection,Stop Sign,Clear,"Dusk, artificial",Dry,Non-Fatal Injury,Cyclist Collisions,Driver,65 to 69,None,,East,"Automobile, Station Wagon",Going Ahead,Failed to Yield Right of Way,Inattentive,,,,,,,,Yes,Yes,,,,,,,Yes,,,,86,Roncesvalles,86,Roncesvalles (86),D11,625645.6069,4833397.1778
18159,81680184,2002216061,11/13/2022 10:00:00 AM,1838,PEARSON AV,SORAUREN AV,,Collector,Toronto and East York,43.642966,-79.442165,At Intersection,Stop Sign,Clear,"Dusk, artificial",Dry,Non-Fatal Injury,Cyclist Collisions,Cyclist,25 to 29,Major,,South,Bicycle,Going Ahead,,,,,,"Motorist without ROW drives into path of cyclist at inter, lnwy, dwy-Driver not turn.",Driving Properly,Normal,,Yes,Yes,,,,,,,Yes,,,,86,Roncesvalles,86,Roncesvalles (86),D11,625645.6069,4833397.1778
18160,81679947,2002229389,11/15/2022 10:00:00 AM,1656,MARTIN GROVE RD,ALBION RD,60 m North o,Minor Arterial,,43.7429,-79.594669,Non Intersection,No Control,Clear,"Dusk, artificial",Wet,Non-Fatal Injury,Pedestrian Collisions,Driver,80 to 84,None,,South,"Automobile, Station Wagon",Going Ahead,Driving Properly,Normal,,,,,,,Yes,,Yes,,,,,,,,,,,2,Mount Olive-Silverstone-Jamestown,2,Mount Olive-Silverstone-Jamestown (2),D23,613157.3591,4844276.6197
18161,81679948,2002229389,11/15/2022 10:00:00 AM,1656,MARTIN GROVE RD,ALBION RD,60 m North o,Minor Arterial,,43.7429,-79.594669,Non Intersection,No Control,Clear,"Dusk, artificial",Wet,Non-Fatal Injury,Pedestrian Collisions,Pedestrian,30 to 34,Major,,West,,,,,Pedestrian hit at mid-block,"Crossing, no Traffic Control",Inattentive,,,,Yes,,Yes,,,,,,,,,,,2,Mount Olive-Silverstone-Jamestown,2,Mount Olive-Silverstone-Jamestown (2),D23,613157.3591,4844276.6197
18162,81679974,2002229988,11/15/2022 10:00:00 AM,1825,DON MILLS RD,DVP S DON MILLS S RAMP RD,,Major Arterial,Toronto and East York,43.701083,-79.337535,Non Intersection,No Control,Rain,Dusk,Wet,Fatal,Rear End,Driver,75 to 79,Fatal,46,South,"Automobile, Station Wagon",Going Ahead,Lost control,Medical or Physical Disability,,,,,,,,,Yes,,,,,,,,,,Yes,58,Old East York,58,Old East York (58),D55,633955.1631,4840015.5803
18163,81679975,2002229988,11/15/2022 10:00:00 AM,1825,DON MILLS RD,DVP S DON MILLS S RAMP RD,,Major Arterial,Toronto and East York,43.701083,-79.337535,Non Intersection,No Control,Rain,Dusk,Wet,Fatal,Rear End,Driver,45 to 49,None,,South,"Automobile, Station Wagon",Stopped,Driving Properly,Normal,,,,,,,,,Yes,,,,,,,,,,Yes,58,Old East York,58,Old East York (58),D55,633955.1631,4840015.5803
18164,81680676,2002230917,11/15/2022 10:00:00 AM,2127,WILSON HEIGHTS BV,REINER RD,1 m South of,Minor Arterial,North York,43.748702,-79.454868,At Intersection,Traffic Signal,Snow,"Dark, artificial",Wet,Non-Fatal Injury,Pedestrian Collisions,Driver,50 to 54,None,,West,"Automobile, Station Wagon",Turning Left,Failed to Yield Right of Way,Inattentive,,,,,,,Yes,,Yes,,,,,,,Yes,,,,33,Clanton Park,33,Clanton Park (33),D32,624402.2157,4845121.4621
18165,81680677,2002230917,11/15/2022 10:00:00 AM,2127,WILSON HEIGHTS BV,REINER RD,1 m South of,Minor Arterial,North York,43.748702,-79.454868,At Intersection,Traffic Signal,Snow,"Dark, artificial",Wet,Non-Fatal Injury,Pedestrian Collisions,Pedestrian,25 to 29,Major,,East,,,,,Vehicle turns left while ped crosses with ROW at inter.,Crossing with right of way,Normal,,,,Yes,,Yes,,,,,,,Yes,,,,33,Clanton Park,33,Clanton Park (33),D32,624402.2157,4845121.4621
18166,81688140,2002243711,11/17/2022 10:00:00 AM,1640,519 OLD WESTON RD,,10 m West of,Minor Arterial,Toronto and East York,43.67723,-79.464153,Non Intersection,No Control,Clear,Daylight,Dry,Non-Fatal Injury,Approaching,Driver,40 to 44,Major,,South,Pick Up Truck,Going Ahead,Lost control,Medical or Physical Disability,,,,,,,,,Yes,,,,,Yes,,Yes,,,Yes,91,Weston-Pelham Park,91,Weston-Pellam Park (91),D12,623801.7294,4837169.5913