OBJECTID,INDEX,ACCNUM,DATE,TIME,STREET1,STREET2,OFFSET,ROAD_CLASS,DISTRICT,LATITUDE,LONGITUDE,ACCLOC,TRAFFCTL,VISIBILITY,LIGHT,RDSFCOND,ACCLASS,IMPACTYPE,INVTYPE,INVAGE,INJURY,FATAL_NO,INITDIR,VEHTYPE,MANOEUVER,DRIVACT,DRIVCOND,PEDTYPE,PEDACT,PEDCOND,CYCLISTYPE,CYCACT,CYCCOND,PEDESTRIAN,CYCLIST,AUTOMOBILE,MOTORCYCLE,TRUCK,TRSN_CITY_VEH,EMERG_VEH,PASSENGER,SPEEDING,AG_DRIV,REDLIGHT,ALCOHOL,DISABILITY,HOOD_158,NEIGHBOURHOOD_158,HOOD_140,NEIGHBOURHOOD_140,DIVISION,x,y
18167,81688141,2002243711,11/17/2022 10:00:00 AM,1640,519 OLD WESTON RD,,10 m West of,Minor Arterial,Toronto and East York,43.67723,-79.464153,Non Intersection,No Control,Clear,Daylight,Dry,Non-Fatal Injury,Approaching,Driver,65 to 69,None,,North,"Automobile, Station Wagon",Slowing or Stopping,Driving Properly,Normal,,,,,,,,,Yes,,,,,Yes,,Yes,,,Yes,91,Weston-Pelham Park,91,Weston-Pellam Park (91),D12,623801.7294,4837169.5913
18168,81688142,2002243711,11/17/2022 10:00:00 AM,1640,519 OLD WESTON RD,,10 m West of,Minor Arterial,Toronto and East York,43.67723,-79.464153,Non Intersection,No Control,Clear,Daylight,Dry,Non-Fatal Injury,Approaching,Driver,40 to 44,None,,North,"Automobile, Station Wagon",Slowing or Stopping,Driving Properly,Normal,,,,,,,,,Yes,,,,,Yes,,Yes,,,Yes,91,Weston-Pelham Park,91,Weston-Pellam Park (91),D12,623801.7294,4837169.5913
18169,81688143,2002243711,11/17/2022 10:00:00 AM,1640,519 OLD WESTON RD,,10 m West of,Minor Arterial,Toronto and East York,43.67723,-79.464153,Non Intersection,No Control,Clear,Daylight,Dry,Non-Fatal Injury,Approaching,Passenger,10 to 14,None,,,,,,,,,,,,,,,Yes,,,,,Yes,,Yes,,,Yes,91,Weston-Pelham Park,91,Weston-Pellam Park (91),D12,623801.7294,4837169.5913
18170,81680045,2002271059,11/21/2022 10:00:00 AM,1404,KIPLING AVE,REDWATER DR,,Major Arterial,Etobicoke York,43.715514,-79.568485,At Intersection,Traffic Signal,Clear,Daylight,Dry,Non-Fatal Injury,Turning Movement,Driver,30 to 34,None,,North,"Automobile, Station Wagon",Going Ahead,Lost control,Inattentive,,,,,,,,,Yes,,,,,Yes,Yes,Yes,,,,4,Rexdale-Kipling,4,Rexdale-Kipling (4),D23,615318.2523,4841271.1146
18171,81680046,2002271059,11/21/2022 10:00:00 AM,1404,KIPLING AVE,REDWATER DR,,Major Arterial,Etobicoke York,43.715514,-79.568485,At Intersection,Traffic Signal,Clear,Daylight,Dry,Non-Fatal Injury,Turning Movement,Driver,70 to 74,Major,,West,"Automobile, Station Wagon",Turning Left,Driving Properly,Normal,,,,,,,,,Yes,,,,,Yes,Yes,Yes,,,,4,Rexdale-Kipling,4,Rexdale-Kipling (4),D23,615318.2523,4841271.1146
18172,81680047,2002271059,11/21/2022 10:00:00 AM,1404,KIPLING AVE,REDWATER DR,,Major Arterial,Etobicoke York,43.715514,-79.568485,At Intersection,Traffic Signal,Clear,Daylight,Dry,Non-Fatal Injury,Turning Movement,Driver,35 to 39,None,,East,"Automobile, Station Wagon",Going Ahead,Driving Properly,Unknown,,,,,,,,,Yes,,,,,Yes,Yes,Yes,,,,4,Rexdale-Kipling,4,Rexdale-Kipling (4),D23,615318.2523,4841271.1146
18173,81680048,2002271059,11/21/2022 10:00:00 AM,1404,KIPLING AVE,REDWATER DR,,Major Arterial,Etobicoke York,43.715514,-79.568485,At Intersection,Traffic Signal,Clear,Daylight,Dry,Non-Fatal Injury,Turning Movement,Passenger,60 to 64,Major,,,,,,,,,,,,,,,Yes,,,,,Yes,Yes,Yes,,,,4,Rexdale-Kipling,4,Rexdale-Kipling (4),D23,615318.2523,4841271.1146
18174,81680026,2002271976,11/21/2022 10:00:00 AM,1609,KINGSTON RD,SHEPPARD AVE E,1 m East of,Major Arterial,Scarborough,43.803805,-79.137714,Non Intersection,No Control,Clear,Daylight,Dry,Non-Fatal Injury,Cyclist Collisions,Driver,70 to 74,None,,West,"Automobile, Station Wagon",Going Ahead,Improper Passing,Inattentive,,,,,,,,Yes,Yes,,,,,,,Yes,,,,143,West Rouge,131,Rouge (131),D42,649799.6703,4851766.739
18175,81680027,2002271976,11/21/2022 10:00:00 AM,1609,KINGSTON RD,SHEPPARD AVE E,1 m East of,Major Arterial,Scarborough,43.803805,-79.137714,Non Intersection,No Control,Clear,Daylight,Dry,Non-Fatal Injury,Cyclist Collisions,Cyclist,55 to 59,Major,,West,Bicycle,Going Ahead,,,,,,Cyclist and Driver travelling in same direction. One vehicle rear-ended the other.,Driving Properly,Normal,,Yes,Yes,,,,,,,Yes,,,,143,West Rouge,131,Rouge (131),D42,649799.6703,4851766.739
18176,81687672,2002272909,11/21/2022 10:00:00 AM,1830,JANE ST,SPENVALLEY DR,15 m North o,Major Arterial,North York,43.741168,-79.513637,Intersection Related,Traffic Signal,Clear,"Dark, artificial",Dry,Non-Fatal Injury,Rear End,Driver,55 to 59,None,,South,"Automobile, Station Wagon",Going Ahead,Other,Inattentive,,,,,,,,,Yes,,,,,Yes,,,,,,25,Glenfield-Jane Heights,25,Glenfield-Jane Heights (25),D31,619685.5603,4844198.1237
18177,81687673,2002272909,11/21/2022 10:00:00 AM,1830,JANE ST,SPENVALLEY DR,15 m North o,Major Arterial,North York,43.741168,-79.513637,Intersection Related,Traffic Signal,Clear,"Dark, artificial",Dry,Non-Fatal Injury,Rear End,Driver,65 to 69,None,,South,"Automobile, Station Wagon",Slowing or Stopping,Driving Properly,Normal,,,,,,,,,Yes,,,,,Yes,,,,,,25,Glenfield-Jane Heights,25,Glenfield-Jane Heights (25),D31,619685.5603,4844198.1237
18178,81687674,2002272909,11/21/2022 10:00:00 AM,1830,JANE ST,SPENVALLEY DR,15 m North o,Major Arterial,North York,43.741168,-79.513637,Intersection Related,Traffic Signal,Clear,"Dark, artificial",Dry,Non-Fatal Injury,Rear End,Driver,40 to 44,Minimal,,South,"Automobile, Station Wagon",Slowing or Stopping,Driving Properly,Normal,,,,,,,,,Yes,,,,,Yes,,,,,,25,Glenfield-Jane Heights,25,Glenfield-Jane Heights (25),D31,619685.5603,4844198.1237
18179,81687675,2002272909,11/21/2022 10:00:00 AM,1830,JANE ST,SPENVALLEY DR,15 m North o,Major Arterial,North York,43.741168,-79.513637,Intersection Related,Traffic Signal,Clear,"Dark, artificial",Dry,Non-Fatal Injury,Rear End,Passenger,25 to 29,Major,,,,,,,,,,,,,,,Yes,,,,,Yes,,,,,,25,Glenfield-Jane Heights,25,Glenfield-Jane Heights (25),D31,619685.5603,4844198.1237
18180,81679976,2002286735,11/23/2022 10:00:00 AM,1627,ST CLAIR AVE E,YONGE ST,,Major Arterial,Scarborough,43.68801,-79.394099,At Intersection,Traffic Signal,Clear,Daylight,Dry,Fatal,Cyclist Collisions,Cyclist,20 to 24,Fatal,48,East,Bicycle,,,,,,,Motorist turning right on green or amber at signalized intersection strikes cyclist.,Driving Properly,Normal,,Yes,Yes,,,,,,,Yes,,,,98,Rosedale-Moore Park,98,Rosedale-Moore Park (98),D53,629425.5227,4838473.8042
18181,81679980,2002286735,11/23/2022 10:00:00 AM,1627,ST CLAIR AVE E,YONGE ST,,Major Arterial,Scarborough,43.68801,-79.394099,At Intersection,Traffic Signal,Clear,Daylight,Dry,Fatal,Cyclist Collisions,Driver,60 to 64,None,,West,Pick Up Truck,Turning Right,Failed to Yield Right of Way,Normal,,,,,,,,Yes,Yes,,,,,,,Yes,,,,98,Rosedale-Moore Park,98,Rosedale-Moore Park (98),D53,629425.5227,4838473.8042
18182,81680811,2002299583,11/25/2022 10:00:00 AM,1251,1100 QUEEN ST W,,10 m West of,Major Arterial,Toronto and East York,43.643286,-79.422908,Non Intersection,No Control,Clear,Daylight,Dry,Non-Fatal Injury,Pedestrian Collisions,Driver,85 to 89,None,,East,"Automobile, Station Wagon",Going Ahead,Driving Properly,Normal,,,,,,,Yes,,Yes,,,,,,,,,,,84,Little Portugal,84,Little Portugal (84),D14,627198.1008,4833462.0507
18183,81680812,2002299583,11/25/2022 10:00:00 AM,1251,1100 QUEEN ST W,,10 m West of,Major Arterial,Toronto and East York,43.643286,-79.422908,Non Intersection,No Control,Clear,Daylight,Dry,Non-Fatal Injury,Pedestrian Collisions,Pedestrian,20 to 24,Major,,North,,,,,Pedestrian hit at mid-block,"Crossing, no Traffic Control",Inattentive,,,,Yes,,Yes,,,,,,,,,,,84,Little Portugal,84,Little Portugal (84),D14,627198.1008,4833462.0507
18184,81680463,2002303433,11/25/2022 10:00:00 AM,2245,PAPE AVE,BROWNING AVE,10 m North o,Major Arterial,Toronto and East York,43.683192,-79.346416,Intersection Related,No Control,Clear,"Dark, artificial",Dry,Non-Fatal Injury,Sideswipe,Driver,30 to 34,None,,South,"Automobile, Station Wagon",Changing Lanes,Improper Lane Change,Normal,,,,,,,,,Yes,,,,,Yes,,,,,,59,Danforth East York,59,Danforth East York (59),D55,633279.1832,4838014.2238
18185,81680464,2002303433,11/25/2022 10:00:00 AM,2245,PAPE AVE,BROWNING AVE,10 m North o,Major Arterial,Toronto and East York,43.683192,-79.346416,Intersection Related,No Control,Clear,"Dark, artificial",Dry,Non-Fatal Injury,Sideswipe,Driver,15 to 19,Minor,,South,"Automobile, Station Wagon",Going Ahead,Driving Properly,Normal,,,,,,,,,Yes,,,,,Yes,,,,,,59,Danforth East York,59,Danforth East York (59),D55,633279.1832,4838014.2238
18186,81680465,2002303433,11/25/2022 10:00:00 AM,2245,PAPE AVE,BROWNING AVE,10 m North o,Major Arterial,Toronto and East York,43.683192,-79.346416,Intersection Related,No Control,Clear,"Dark, artificial",Dry,Non-Fatal Injury,Sideswipe,Driver,25 to 29,Minimal,,North,"Automobile, Station Wagon",Going Ahead,Driving Properly,Normal,,,,,,,,,Yes,,,,,Yes,,,,,,59,Danforth East York,59,Danforth East York (59),D55,633279.1832,4838014.2238
18187,81680466,2002303433,11/25/2022 10:00:00 AM,2245,PAPE AVE,BROWNING AVE,10 m North o,Major Arterial,Toronto and East York,43.683192,-79.346416,Intersection Related,No Control,Clear,"Dark, artificial",Dry,Non-Fatal Injury,Sideswipe,Passenger,25 to 29,Major,,,,,,,,,,,,,,,Yes,,,,,Yes,,,,,,59,Danforth East York,59,Danforth East York (59),D55,633279.1832,4838014.2238
18188,81688944,2002306311,11/26/2022 10:00:00 AM,1134,KINGSTON RD,401 C E 2A W RAMP,3 m East of,Major Arterial,Scarborough,43.794814,-79.152499,At Intersection,Traffic Signal,Clear,Daylight,Dry,Non-Fatal Injury,Turning Movement,Driver,65 to 69,None,,West,"Automobile, Station Wagon",Going Ahead,Disobeyed Traffic Control,Inattentive,,,,,,,,,Yes,,,,,Yes,,Yes,Yes,,,133,Centennial Scarborough,133,Centennial Scarborough (133),D43,648632.6645,4850741.4809
18189,81688945,2002306311,11/26/2022 10:00:00 AM,1134,KINGSTON RD,401 C E 2A W RAMP,3 m East of,Major Arterial,Scarborough,43.794814,-79.152499,At Intersection,Traffic Signal,Clear,Daylight,Dry,Non-Fatal Injury,Turning Movement,Driver,35 to 39,Minor,,South,"Automobile, Station Wagon",Turning Left,Driving Properly,Normal,,,,,,,,,Yes,,,,,Yes,,Yes,Yes,,,133,Centennial Scarborough,133,Centennial Scarborough (133),D43,648632.6645,4850741.4809
18190,81688946,2002306311,11/26/2022 10:00:00 AM,1134,KINGSTON RD,401 C E 2A W RAMP,3 m East of,Major Arterial,Scarborough,43.794814,-79.152499,At Intersection,Traffic Signal,Clear,Daylight,Dry,Non-Fatal Injury,Turning Movement,Passenger,45 to 49,None,,,,,,,,,,,,,,,Yes,,,,,Yes,,Yes,Yes,,,133,Centennial Scarborough,133,Centennial Scarborough (133),D43,648632.6645,4850741.4809
18191,81688947,2002306311,11/26/2022 10:00:00 AM,1134,KINGSTON RD,401 C E 2A W RAMP,3 m East of,Major Arterial,Scarborough,43.794814,-79.152499,At Intersection,Traffic Signal,Clear,Daylight,Dry,Non-Fatal Injury,Turning Movement,Passenger,20 to 24,Major,,,,,,,,,,,,,,,Yes,,,,,Yes,,Yes,Yes,,,133,Centennial Scarborough,133,Centennial Scarborough (133),D43,648632.6645,4850741.4809
18192,81680770,2002306761,11/26/2022 10:00:00 AM,1248,LAKE SHORE BV W,LONG BRANCH AV,70 m West of,Major Arterial,Etobicoke York,43.594088,-79.534808,Non Intersection,No Control,Clear,Daylight,Dry,Non-Fatal Injury,Pedestrian Collisions,,85 to 89,None,,West,"Automobile, Station Wagon",Reversing,,,,,,,,,Yes,,Yes,,,,,,,,,,,19,Long Branch,19,Long Branch (19),D22,618269.3012,4827832.6055
18193,81680771,2002306761,11/26/2022 10:00:00 AM,1248,LAKE SHORE BV W,LONG BRANCH AV,70 m West of,Major Arterial,Etobicoke York,43.594088,-79.534808,Non Intersection,No Control,Clear,Daylight,Dry,Non-Fatal Injury,Pedestrian Collisions,Pedestrian,75 to 79,Major,,Unknown,,,,,Vehicle is reversing and hits pedestrian,Person Getting on/off Vehicle,Unknown,,,,Yes,,Yes,,,,,,,,,,,19,Long Branch,19,Long Branch (19),D22,618269.3012,4827832.6055
18194,81688668,2002308202,11/26/2022 10:00:00 AM,1619,MARKHAM RD,KINGSTON RD,,Major Arterial,Scarborough,43.738677,-79.216975,At Intersection,Traffic Signal,Clear,Daylight,Dry,Non-Fatal Injury,Turning Movement,Driver,55 to 59,Major,,East,"Automobile, Station Wagon",Turning Left,Failed to Yield Right of Way,Normal,,,,,,,,,Yes,,,,,,,Yes,,,,139,Scarborough Village,139,Scarborough Village (139),D43,643579.7214,4844392.8139
18195,81688669,2002308202,11/26/2022 10:00:00 AM,1619,MARKHAM RD,KINGSTON RD,,Major Arterial,Scarborough,43.738677,-79.216975,At Intersection,Traffic Signal,Clear,Daylight,Dry,Non-Fatal Injury,Turning Movement,Driver,20 to 24,Minor,,West,"Automobile, Station Wagon",Going Ahead,Driving Properly,Normal,,,,,,,,,Yes,,,,,,,Yes,,,,139,Scarborough Village,139,Scarborough Village (139),D43,643579.7214,4844392.8139
18196,81687885,2002315818,11/27/2022 10:00:00 AM,1810,BATHURST ST,FORT YORK BLVD,,Major Arterial,Toronto and East York,43.638747,-79.400577,At Intersection,Traffic Signal,Rain,"Dark, artificial",Wet,Non-Fatal Injury,Pedestrian Collisions,Driver,35 to 39,None,,West,"Automobile, Station Wagon",Turning Left,Failed to Yield Right of Way,Inattentive,,,,,,,Yes,,Yes,,,,,,,Yes,,,,165,Harbourfront-CityPlace,77,Waterfront Communities-The Island (77),D14,629008.9086,4832992.4029
18197,81687886,2002315818,11/27/2022 10:00:00 AM,1810,BATHURST ST,FORT YORK BLVD,,Major Arterial,Toronto and East York,43.638747,-79.400577,At Intersection,Traffic Signal,Rain,"Dark, artificial",Wet,Non-Fatal Injury,Pedestrian Collisions,Pedestrian,20 to 24,Major,,West,,,,,Vehicle turns left while ped crosses with ROW at inter.,Crossing with right of way,Normal,,,,Yes,,Yes,,,,,,,Yes,,,,165,Harbourfront-CityPlace,77,Waterfront Communities-The Island (77),D14,629008.9086,4832992.4029
18198,81680541,2002316382,11/27/2022 10:00:00 AM,1943,ALBION RD,TODD BROOK DR,8 m East of,Major Arterial,Etobicoke York,43.73828,-79.57162,Intersection Related,No Control,Rain,"Dark, artificial",Wet,Property Damage O,Pedestrian Collisions,Driver,40 to 44,None,,West,"Automobile, Station Wagon",Going Ahead,Driving Properly,Normal,,,,,,,Yes,,Yes,,,,,,,,,,,3,Thistletown-Beaumond Heights,3,Thistletown-Beaumond Heights (3),D23,615022.1248,4843795.2418
18199,81680542,2002316382,11/27/2022 10:00:00 AM,1943,ALBION RD,TODD BROOK DR,8 m East of,Major Arterial,Etobicoke York,43.73828,-79.57162,Intersection Related,No Control,Rain,"Dark, artificial",Wet,Property Damage O,Pedestrian Collisions,Pedestrian,45 to 49,Major,,South,,,,,Vehicle is going straight thru inter.while ped cross without ROW,Crossing without right of way,Other,,,,Yes,,Yes,,,,,,,,,,,3,Thistletown-Beaumond Heights,3,Thistletown-Beaumond Heights (3),D23,615022.1248,4843795.2418
18200,81688854,2002319142,11/28/2022 10:00:00 AM,840,LINDEN AVE,HARMONY AVE,1 m North of,Local,Scarborough,43.72008,-79.25677,Intersection Related,No Control,Clear,Daylight,Dry,Non-Fatal Injury,Pedestrian Collisions,Driver,35 to 39,None,,South,"Automobile, Station Wagon",Going Ahead,Driving Properly,Normal,,,,,,,Yes,,Yes,,,,,,,,,,,124,Kennedy Park,124,Kennedy Park (124),D41,640418.607,4842259.1416
18201,81688855,2002319142,11/28/2022 10:00:00 AM,840,LINDEN AVE,HARMONY AVE,1 m North of,Local,Scarborough,43.72008,-79.25677,Intersection Related,No Control,Clear,Daylight,Dry,Non-Fatal Injury,Pedestrian Collisions,Pedestrian,10 to 14,Major,,West,,,,,Vehicle is going straight thru inter.while ped cross without ROW,Running onto Roadway,Normal,,,,Yes,,Yes,,,,,,,,,,,124,Kennedy Park,124,Kennedy Park (124),D41,640418.607,4842259.1416
18202,81705321,2002373908,12/1/2022 10:00:00 AM,2130,BLUE JAYS WY,FRONT ST W,,Minor Arterial,Toronto and East York,43.643412,-79.391261,At Intersection,Traffic Signal,Clear,Dark,Dry,Non-Fatal Injury,Cyclist Collisions,Driver,unknown,None,,West,"Automobile, Station Wagon",Going Ahead,Disobeyed Traffic Control,Unknown,,,,,,,,Yes,Yes,,,,,,,Yes,Yes,,,165,Harbourfront-CityPlace,77,Waterfront Communities-The Island (77),D52,629750.2995,4833525.0334
18203,81705322,2002373908,12/1/2022 10:00:00 AM,2130,BLUE JAYS WY,FRONT ST W,,Minor Arterial,Toronto and East York,43.643412,-79.391261,At Intersection,Traffic Signal,Clear,Dark,Dry,Non-Fatal Injury,Cyclist Collisions,Cyclist,20 to 24,Major,,North,Bicycle,Going Ahead,,,,,,"Motorist without ROW drives into path of cyclist at inter, lnwy, dwy-Driver not turn.",Driving Properly,Normal,,Yes,Yes,,,,,,,Yes,Yes,,,165,Harbourfront-CityPlace,77,Waterfront Communities-The Island (77),D52,629750.2995,4833525.0334
18204,81704133,2002348553,12/2/2022 10:00:00 AM,130,21 MILVAN DR,,167 m North ,Collector,,43.75289,-79.553554,Non Intersection,No Control,Clear,"Dark, artificial",Dry,Non-Fatal Injury,SMV Other,Driver,25 to 29,Major,,South,"Automobile, Station Wagon",Going Ahead,Speed too Fast For Condition,Had Been Drinking,,,,,,,,,Yes,,,,,,Yes,Yes,,,,21,Humber Summit,21,Humber Summit (21),D31,616448.5917,4845443.1313
18205,81739307,2002351893,12/2/2022 10:00:00 AM,1320,ALEXMUIR BLVD,HOMEDALE DR,21 m East of,,,43.810485,-79.282162,At Intersection,Stop Sign,Clear,Daylight,Dry,Non-Fatal Injury,SMV Other,Driver,40 to 44,Major,,East,"Automobile, Station Wagon",Going Ahead,Lost control,Normal,,,,,,,,,Yes,,,,,Yes,,,,,,129,Agincourt North,129,Agincourt North (129),D42,638164.9397,4852257.3022
18206,81739308,2002351893,12/2/2022 10:00:00 AM,1320,ALEXMUIR BLVD,HOMEDALE DR,21 m East of,,,43.810485,-79.282162,At Intersection,Stop Sign,Clear,Daylight,Dry,Non-Fatal Injury,SMV Other,Passenger,5 to 9,None,,,,,,,,,,,,,,,Yes,,,,,Yes,,,,,,129,Agincourt North,129,Agincourt North (129),D42,638164.9397,4852257.3022
18207,81688896,2002358910,12/3/2022 10:00:00 AM,1205,EGLINTON AVE E,GILDER DR,28 m East of,Major Arterial,Scarborough,43.735591,-79.252673,Non Intersection,No Control,Clear,Daylight,Wet,Non-Fatal Injury,Rear End,Driver,35 to 39,Major,,West,Municipal Transit Bus (TTC),Slowing or Stopping,Following too Close,Inattentive,,,,,,,,,Yes,,,Yes,,Yes,,Yes,,,,124,Kennedy Park,124,Kennedy Park (124),D41,640712.3009,4843988.8184
18208,81688897,2002358910,12/3/2022 10:00:00 AM,1205,EGLINTON AVE E,GILDER DR,28 m East of,Major Arterial,Scarborough,43.735591,-79.252673,Non Intersection,No Control,Clear,Daylight,Wet,Non-Fatal Injury,Rear End,Driver,25 to 29,Minimal,,West,"Automobile, Station Wagon",Stopped,Driving Properly,Normal,,,,,,,,,Yes,,,Yes,,Yes,,Yes,,,,124,Kennedy Park,124,Kennedy Park (124),D41,640712.3009,4843988.8184
18209,81688898,2002358910,12/3/2022 10:00:00 AM,1205,EGLINTON AVE E,GILDER DR,28 m East of,Major Arterial,Scarborough,43.735591,-79.252673,Non Intersection,No Control,Clear,Daylight,Wet,Non-Fatal Injury,Rear End,Driver,50 to 54,None,,West,Municipal Transit Bus (TTC),Stopped,Driving Properly,Normal,,,,,,,,,Yes,,,Yes,,Yes,,Yes,,,,124,Kennedy Park,124,Kennedy Park (124),D41,640712.3009,4843988.8184
18210,81688899,2002358910,12/3/2022 10:00:00 AM,1205,EGLINTON AVE E,GILDER DR,28 m East of,Major Arterial,Scarborough,43.735591,-79.252673,Non Intersection,No Control,Clear,Daylight,Wet,Non-Fatal Injury,Rear End,Passenger,25 to 29,Minimal,,,,,,,,,,,,,,,Yes,,,Yes,,Yes,,Yes,,,,124,Kennedy Park,124,Kennedy Park (124),D41,640712.3009,4843988.8184
18211,81707830,2002366866,12/4/2022 10:00:00 AM,1538,YONGE ST,GLEBE RD W,10 m East of,,,43.700851,-79.397136,Intersection Related,Stop Sign,Clear,Daylight,Dry,Non-Fatal Injury,Turning Movement,Driver,35 to 39,None,,East,"Automobile, Station Wagon",Turning Left,Failed to Yield Right of Way,Inattentive,,,,,,,,,Yes,Yes,,,,Yes,,Yes,,,,174,South Eglinton-Davisville,104,Mount Pleasant West (104),D53,629153.1883,4839895.2399
18212,81707831,2002366866,12/4/2022 10:00:00 AM,1538,YONGE ST,GLEBE RD W,10 m East of,,,43.700851,-79.397136,Intersection Related,Stop Sign,Clear,Daylight,Dry,Non-Fatal Injury,Turning Movement,Motorcycle Driver,45 to 49,Major,,South,Motorcycle,Going Ahead,Driving Properly,Normal,,,,,,,,,Yes,Yes,,,,Yes,,Yes,,,,174,South Eglinton-Davisville,104,Mount Pleasant West (104),D53,629153.1883,4839895.2399
18213,81707832,2002366866,12/4/2022 10:00:00 AM,1538,YONGE ST,GLEBE RD W,10 m East of,,,43.700851,-79.397136,Intersection Related,Stop Sign,Clear,Daylight,Dry,Non-Fatal Injury,Turning Movement,Passenger,40 to 44,Minimal,,,,,,,,,,,,,,,Yes,Yes,,,,Yes,,Yes,,,,174,South Eglinton-Davisville,104,Mount Pleasant West (104),D53,629153.1883,4839895.2399
18214,81689064,2002374058,12/5/2022 10:00:00 AM,1505,INNISWOOD DR,HOWARTH AVE,56 m West of,Local,Scarborough,43.73823,-79.305957,Non Intersection,No Control,Clear,Daylight,Dry,Non-Fatal Injury,Pedestrian Collisions,Driver,40 to 44,None,,West,"Automobile, Station Wagon",Going Ahead,Driving Properly,Normal,,,,,,,Yes,,Yes,,,,,Yes,,,,,,119,Wexford/Maryvale,119,Wexford/Maryvale (119),D41,636415.2969,4844192.8026
18215,81689065,2002374058,12/5/2022 10:00:00 AM,1505,INNISWOOD DR,HOWARTH AVE,56 m West of,Local,Scarborough,43.73823,-79.305957,Non Intersection,No Control,Clear,Daylight,Dry,Non-Fatal Injury,Pedestrian Collisions,Passenger,10 to 14,None,,,,,,,,,,,,,Yes,,Yes,,,,,Yes,,,,,,119,Wexford/Maryvale,119,Wexford/Maryvale (119),D41,636415.2969,4844192.8026
18216,81689066,2002374058,12/5/2022 10:00:00 AM,1505,INNISWOOD DR,HOWARTH AVE,56 m West of,Local,Scarborough,43.73823,-79.305957,Non Intersection,No Control,Clear,Daylight,Dry,Non-Fatal Injury,Pedestrian Collisions,Pedestrian,10 to 14,Major,,South,,,,,Pedestrian hit at mid-block,Running onto Roadway,Inattentive,,,,Yes,,Yes,,,,,Yes,,,,,,119,Wexford/Maryvale,119,Wexford/Maryvale (119),D41,636415.2969,4844192.8026
18217,81688383,2002376276,12/5/2022 10:00:00 AM,2018,LAWRENCE AV E,CURLEW DRIVE,80 m East of,Major Arterial,North York,43.741168,-79.317989,Non Intersection,No Control,Clear,"Dark, artificial",Dry,Non-Fatal Injury,Pedestrian Collisions,Driver,55 to 59,None,,West,"Automobile, Station Wagon",Going Ahead,Driving Properly,Normal,,,,,,,Yes,,Yes,,,,,,,,,,,43,Victoria Village,43,Victoria Village (43),D33,635439.767,4844499.3701
18218,81688384,2002376276,12/5/2022 10:00:00 AM,2018,LAWRENCE AV E,CURLEW DRIVE,80 m East of,Major Arterial,North York,43.741168,-79.317989,Non Intersection,No Control,Clear,"Dark, artificial",Dry,Non-Fatal Injury,Pedestrian Collisions,Driver,20 to 24,None,,West,"Automobile, Station Wagon",Going Ahead,Driving Properly,Normal,,,,,,,Yes,,Yes,,,,,,,,,,,43,Victoria Village,43,Victoria Village (43),D33,635439.767,4844499.3701
18219,81688385,2002376276,12/5/2022 10:00:00 AM,2018,LAWRENCE AV E,CURLEW DRIVE,80 m East of,Major Arterial,North York,43.741168,-79.317989,Non Intersection,No Control,Clear,"Dark, artificial",Dry,Non-Fatal Injury,Pedestrian Collisions,Pedestrian,60 to 64,Major,,Unknown,,,,,Pedestrian hit at mid-block,"Crossing, no Traffic Control","Ability Impaired, Drugs",,,,Yes,,Yes,,,,,,,,,,,43,Victoria Village,43,Victoria Village (43),D33,635439.767,4844499.3701
18220,81707995,2002385833,12/7/2022 10:00:00 AM,540,WILSON HEIGHTS BLVD,KENNARD AVE,2 m North of,,,43.760242,-79.464222,Non Intersection,Stop Sign,Clear,"Dark, artificial",Dry,Non-Fatal Injury,SMV Other,Driver,30 to 34,Major,,South,Pick Up Truck,Going Ahead,Lost control,"Ability Impaired, Alcohol Over .08",,,,,,,,,Yes,,,,,,Yes,Yes,,Yes,,34,Bathurst Manor,34,Bathurst Manor (34),D32,623625.3323,4846389.1447
18221,81704603,2002405693,12/9/2022 10:00:00 AM,1710,JANE ST,FINCH AVE W,25 m West of,Major Arterial,,43.755824,-79.517314,Non Intersection,No Control,Clear,Daylight,Dry,Non-Fatal Injury,Pedestrian Collisions,Driver,55 to 59,None,,North,Pick Up Truck,Going Ahead,Other,Normal,,,,,,,Yes,,Yes,,,,,,,,,,,25,Glenfield-Jane Heights,25,Glenfield-Jane Heights (25),D31,619360.3429,4845820.5805
18222,81704604,2002405693,12/9/2022 10:00:00 AM,1710,JANE ST,FINCH AVE W,25 m West of,Major Arterial,,43.755824,-79.517314,Non Intersection,No Control,Clear,Daylight,Dry,Non-Fatal Injury,Pedestrian Collisions,Pedestrian,40 to 44,Major,,West,,,,,Pedestrian hit at private driveway,"Crossing, no Traffic Control",Normal,,,,Yes,,Yes,,,,,,,,,,,25,Glenfield-Jane Heights,25,Glenfield-Jane Heights (25),D31,619360.3429,4845820.5805