OBJECTID,INDEX,ACCNUM,DATE,TIME,STREET1,STREET2,OFFSET,ROAD_CLASS,DISTRICT,LATITUDE,LONGITUDE,ACCLOC,TRAFFCTL,VISIBILITY,LIGHT,RDSFCOND,ACCLASS,IMPACTYPE,INVTYPE,INVAGE,INJURY,FATAL_NO,INITDIR,VEHTYPE,MANOEUVER,DRIVACT,DRIVCOND,PEDTYPE,PEDACT,PEDCOND,CYCLISTYPE,CYCACT,CYCCOND,PEDESTRIAN,CYCLIST,AUTOMOBILE,MOTORCYCLE,TRUCK,TRSN_CITY_VEH,EMERG_VEH,PASSENGER,SPEEDING,AG_DRIV,REDLIGHT,ALCOHOL,DISABILITY,HOOD_158,NEIGHBOURHOOD_158,HOOD_140,NEIGHBOURHOOD_140,DIVISION,x,y
18332,81707171,3000481546,3/2/2023 10:00:00 AM,1731,QUEEN'S PLATE DR,REXDALE BV,,Major Arterial,Etobicoke York,43.716517,-79.592654,Intersection Related,Traffic Signal,Clear,Dusk,Other,Non-Fatal Injury,Pedestrian Collisions,Pedestrian,55 to 59,Major,,North,"Automobile, Station Wagon",Unknown,,,Vehicle turns right while ped crosses with ROW at inter.,Crossing with right of way,Unknown,,,,Yes,,Yes,,,,,,,Yes,,,,1,West Humber-Clairville,1,West Humber-Clairville (1),D23,613369.3706,4841349.1711
18333,81755137,3000499467,3/4/2023 10:00:00 AM,2230,JANE ST,WESTON RD,,Major Arterial ,Toronto and East York,43.69131,-79.500865,Intersection Related,Traffic Signal,Clear,"Dark, artificial",Wet,Non-Fatal Injury,Pedestrian Collisions,Pedestrian,45 to 49,Major,,,,,,,Vehicle is going straight thru inter.while ped cross without ROW,Crossing without right of way,Had Been Drinking,,,,Yes,,,,,,,,,,,,,115,Mount Dennis,115,Mount Dennis (115),D12,620814.1525,4838679.2242
18334,81707349,3000539041,3/9/2023 10:00:00 AM,2115,RUNNYMEDE RD,DUNDAS ST W,2 m East of,Major Arterial,Toronto and East York,43.665591,-79.482082,Intersection Related,Traffic Signal,Clear,"Dark, artificial",Dry,Non-Fatal Injury,Pedestrian Collisions,Driver,unknown,None,,East,"Automobile, Station Wagon",Turning Left,,Unknown,,,,,,,Yes,,Yes,,,,,,,,,,,90,Junction Area,90,Junction Area (90),D11,622380.1471,4835850.3222
18335,81707350,3000539041,3/9/2023 10:00:00 AM,2115,RUNNYMEDE RD,DUNDAS ST W,2 m East of,Major Arterial,Toronto and East York,43.665591,-79.482082,Intersection Related,Traffic Signal,Clear,"Dark, artificial",Dry,Non-Fatal Injury,Pedestrian Collisions,Pedestrian,30 to 34,Major,,Unknown,"Automobile, Station Wagon",Unknown,,,Vehicle turns left while ped crosses with ROW at inter.,Crossing with right of way,Unknown,,,,Yes,,Yes,,,,,,,,,,,90,Junction Area,90,Junction Area (90),D11,622380.1471,4835850.3222
18336,81708285,3000572571,3/14/2023 8:00:00 AM,1234,BATHURST ST,NASSAU ST,5 m North of,Major Arterial,Toronto and East York,43.654292,-79.406802,Intersection Related,Traffic Signal,Clear,Daylight,Dry,Non-Fatal Injury,SMV Other,Driver,50 to 54,None,,North,Street Car,Slowing or Stopping,Driving Properly,Normal,,,,,,,,,,,,Yes,,Yes,,,,,,78,Kensington-Chinatown,78,Kensington-Chinatown (78),D14,628473.6535,4834709.2203
18337,81708286,3000572571,3/14/2023 8:00:00 AM,1234,BATHURST ST,NASSAU ST,5 m North of,Major Arterial,Toronto and East York,43.654292,-79.406802,Intersection Related,Traffic Signal,Clear,Daylight,Dry,Non-Fatal Injury,SMV Other,Passenger,40 to 44,Major,,,,,,,,,,,,,,,,,,Yes,,Yes,,,,,,78,Kensington-Chinatown,78,Kensington-Chinatown (78),D14,628473.6535,4834709.2203
18338,81738618,3000606776,3/18/2023 8:00:00 AM,1830,BATHURST ST,DREWRY AVE,41 m East of,Major Arterial,North York,43.781161,-79.444316,Intersection Related,Traffic Signal,Clear,Daylight,Dry,Non-Fatal Injury,Pedestrian Collisions,Driver,25 to 29,None,,West,"Automobile, Station Wagon",Going Ahead,Driving Properly,Unknown,,,,,,,Yes,,Yes,,,,,,,,,,,36,Newtonbrook West,36,Newtonbrook West (36),D32,625184.0663,4848742.4225
18339,81738619,3000606776,3/18/2023 8:00:00 AM,1830,BATHURST ST,DREWRY AVE,41 m East of,Major Arterial,North York,43.781161,-79.444316,Intersection Related,Traffic Signal,Clear,Daylight,Dry,Non-Fatal Injury,Pedestrian Collisions,Pedestrian,85 to 89,Major,,,,,,,,Crossing with right of way,Normal,,,,Yes,,Yes,,,,,,,,,,,36,Newtonbrook West,36,Newtonbrook West (36),D32,625184.0663,4848742.4225
18340,81707426,3000609959,3/19/2023 8:00:00 AM,435,DUNDAS ST W,NOTTINGHAM DR,,Major Arterial,Etobicoke York,43.655738,-79.522342,Non Intersection,No Control,Clear,"Dark, artificial",Ice,Fatal,SMV Other,Driver,35 to 39,Fatal,6,West,"Automobile, Station Wagon",Going Ahead,Lost control,,,,,,,,,,Yes,,,,,,,,,,,15,Kingsway South,15,Kingsway South (15),D22,619153.6987,4834697.419
18341,81708980,3000655372,3/24/2023 8:00:00 AM,2005,DUFFERIN ST,NORTON AVE,,Major Arterial,Toronto and East York,43.678755,-79.443347,Intersection Related,No Control,Clear,"Dark, artificial",Dry,Non-Fatal Injury,Turning Movement,Driver,20 to 24,Major,,South,Rickshaw,Going Ahead,Speed too Fast For Condition,Other,,,,,,,,,Yes,,,,,Yes,Yes,Yes,,,,92,Corso Italia-Davenport,92,Corso Italia-Davenport (92),D13,625475.6987,4837370.228
18342,81708981,3000655372,3/24/2023 8:00:00 AM,2005,DUFFERIN ST,NORTON AVE,,Major Arterial,Toronto and East York,43.678755,-79.443347,Intersection Related,No Control,Clear,"Dark, artificial",Dry,Non-Fatal Injury,Turning Movement,Driver,50 to 54,None,,South,"Automobile, Station Wagon",Turning Right,Driving Properly,Normal,,,,,,,,,Yes,,,,,Yes,Yes,Yes,,,,92,Corso Italia-Davenport,92,Corso Italia-Davenport (92),D13,625475.6987,4837370.228
18343,81708982,3000655372,3/24/2023 8:00:00 AM,2005,DUFFERIN ST,NORTON AVE,,Major Arterial,Toronto and East York,43.678755,-79.443347,Intersection Related,No Control,Clear,"Dark, artificial",Dry,Non-Fatal Injury,Turning Movement,Passenger,20 to 24,None,,,,,,,,,,,,,,,Yes,,,,,Yes,Yes,Yes,,,,92,Corso Italia-Davenport,92,Corso Italia-Davenport (92),D13,625475.6987,4837370.228
18344,81708983,3000655372,3/24/2023 8:00:00 AM,2005,DUFFERIN ST,NORTON AVE,,Major Arterial,Toronto and East York,43.678755,-79.443347,Intersection Related,No Control,Clear,"Dark, artificial",Dry,Non-Fatal Injury,Turning Movement,Passenger,20 to 24,None,,,,,,,,,,,,,,,Yes,,,,,Yes,Yes,Yes,,,,92,Corso Italia-Davenport,92,Corso Italia-Davenport (92),D13,625475.6987,4837370.228
18345,81709978,3000686439,3/28/2023 8:00:00 AM,2050,YONGE ST,BOWOOD AV,9 m North of,Major Arterial,Toronto and East York,43.728587,-79.403117,Non Intersection,No Control,Clear,"Dark, artificial",Dry,Non-Fatal Injury,Pedestrian Collisions,Driver,60 to 64,None,,North,"Automobile, Station Wagon",Going Ahead,Driving Properly,Normal,,,,,,,Yes,,Yes,,,,,,,,,,,105,Lawrence Park North,105,Lawrence Park North (105),D32,628611.908,4842966.4172
18346,81709979,3000686439,3/28/2023 8:00:00 AM,2050,YONGE ST,BOWOOD AV,9 m North of,Major Arterial,Toronto and East York,43.728587,-79.403117,Non Intersection,No Control,Clear,"Dark, artificial",Dry,Non-Fatal Injury,Pedestrian Collisions,Pedestrian,60 to 64,Major,,,,,,,Vehicle hits the pedestrian walking or running out from between parked vehicles at mid-block,,Unknown,,,,Yes,,Yes,,,,,,,,,,,105,Lawrence Park North,105,Lawrence Park North (105),D32,628611.908,4842966.4172
18347,81708808,3000693299,3/29/2023 8:00:00 AM,1715,DON MILLS RD,OVERLEA BV,,Minor Arterial,Toronto and East York,43.710002,-79.334369,Intersection Related,Traffic Signal,Clear,Daylight,Dry,Non-Fatal Injury,Pedestrian Collisions,Driver,30 to 34,None,,South,"Automobile, Station Wagon",Turning Left,,Unknown,,,,,,,Yes,,Yes,,,,,Yes,,,,,,44,Flemingdon Park,44,Flemingdon Park (44),D55,634190.3673,4841011.2825
18348,81708809,3000693299,3/29/2023 8:00:00 AM,1715,DON MILLS RD,OVERLEA BV,,Minor Arterial,Toronto and East York,43.710002,-79.334369,Intersection Related,Traffic Signal,Clear,Daylight,Dry,Non-Fatal Injury,Pedestrian Collisions,Pedestrian,40 to 44,Major,,,,,,,Vehicle turns left while ped crosses with ROW at inter.,Crossing with right of way,Normal,,,,Yes,,Yes,,,,,Yes,,,,,,44,Flemingdon Park,44,Flemingdon Park (44),D55,634190.3673,4841011.2825
18349,81708810,3000693299,3/29/2023 8:00:00 AM,1715,DON MILLS RD,OVERLEA BV,,Minor Arterial,Toronto and East York,43.710002,-79.334369,Intersection Related,Traffic Signal,Clear,Daylight,Dry,Non-Fatal Injury,Pedestrian Collisions,Passenger,0 to 4,None,,,,,,,,,,,,,Yes,,Yes,,,,,Yes,,,,,,44,Flemingdon Park,44,Flemingdon Park (44),D55,634190.3673,4841011.2825
18350,81708942,3000694442,3/29/2023 8:00:00 AM,1945,WARDEN AVE,BELL ESTATE RD,,Minor Arterial,Scarborough,43.704997,-79.278034,Intersection Related,Stop Sign,Clear,"Dusk, artificial",Dry,Non-Fatal Injury,Turning Movement,Driver,20 to 24,Minimal,,West,"Automobile, Station Wagon",Turning Left,Failed to Yield Right of Way,Other,,,,,,,,,Yes,,,,,,,Yes,,,,120,Clairlea-Birchmount,120,Clairlea-Birchmount (120),D41,638740.5557,4840548.1468
18351,81708943,3000694442,3/29/2023 8:00:00 AM,1945,WARDEN AVE,BELL ESTATE RD,,Minor Arterial,Scarborough,43.704997,-79.278034,Intersection Related,Stop Sign,Clear,"Dusk, artificial",Dry,Non-Fatal Injury,Turning Movement,Driver,60 to 64,Major,,North,"Automobile, Station Wagon",Going Ahead,Driving Properly,Normal,,,,,,,,,Yes,,,,,,,Yes,,,,120,Clairlea-Birchmount,120,Clairlea-Birchmount (120),D41,638740.5557,4840548.1468
18352,81708288,3000700132,3/30/2023 8:00:00 AM,1400,LAWRENCE AV E,BELLAMY RD N,,Major Arterial,Scarborough,43.757727,-79.235233,Intersection Related,Traffic Signal,Clear,Daylight,Dry,Non-Fatal Injury,Turning Movement,Passenger,75 to 79,None,,,,,,,,,,,,,,,Yes,,,,,Yes,,Yes,Yes,,,141,Golfdale-Cedarbrae-Woburn,137,Woburn (137),D43,642064.3833,4846477.1259
18353,81708289,3000700132,3/30/2023 8:00:00 AM,1400,LAWRENCE AV E,BELLAMY RD N,,Major Arterial,Scarborough,43.757727,-79.235233,Intersection Related,Traffic Signal,Clear,Daylight,Dry,Non-Fatal Injury,Turning Movement,Driver,65 to 69,None,,North,"Automobile, Station Wagon",Turning Right,Driving Properly,Normal,,,,,,,,,Yes,,,,,Yes,,Yes,Yes,,,141,Golfdale-Cedarbrae-Woburn,137,Woburn (137),D43,642064.3833,4846477.1259
18354,81708290,3000700132,3/30/2023 8:00:00 AM,1400,LAWRENCE AV E,BELLAMY RD N,,Major Arterial,Scarborough,43.757727,-79.235233,Intersection Related,Traffic Signal,Clear,Daylight,Dry,Non-Fatal Injury,Turning Movement,Driver,15 to 19,Major,,East,Rickshaw,Going Ahead,Disobeyed Traffic Control,Normal,,,,,,,,,Yes,,,,,Yes,,Yes,Yes,,,141,Golfdale-Cedarbrae-Woburn,137,Woburn (137),D43,642064.3833,4846477.1259
18355,81708526,3000702981,3/30/2023 8:00:00 AM,1949,LAKE SHORE BLVD W,SUPERIOR AVE,,Major Arterial,Etobicoke York,43.614958,-79.488635,At Intersection,Traffic Signal,Clear,Dusk,Dry,Non-Fatal Injury,Cyclist Collisions,Driver,50 to 54,None,,West,Pick Up Truck,Turning Left,Failed to Yield Right of Way,Other,,,,,,,,Yes,Yes,,,,,,,Yes,,,,161,Humber Bay Shores,17,Mimico (includes Humber Bay Shores) (17),D22,621954.2105,4830217.2412
18356,81708527,3000702981,3/30/2023 8:00:00 AM,1949,LAKE SHORE BLVD W,SUPERIOR AVE,,Major Arterial,Etobicoke York,43.614958,-79.488635,At Intersection,Traffic Signal,Clear,Dusk,Dry,Non-Fatal Injury,Cyclist Collisions,Cyclist,35 to 39,Major,,East,Bicycle,Going Ahead,,,,,,Motorist turned left across cyclists path.,Driving Properly,Normal,,Yes,Yes,,,,,,,Yes,,,,161,Humber Bay Shores,17,Mimico (includes Humber Bay Shores) (17),D22,621954.2105,4830217.2412
18357,81708581,3000715851,4/1/2023 8:00:00 AM,1105,LAWRENCE AV E,MOSSBANK DR,2 m North of,Major Arterial,Scarborough,43.76287,-79.211017,Intersection Related,Traffic Signal,Clear,Daylight,Dry,Non-Fatal Injury,Pedestrian Collisions,Driver,65 to 69,None,,South,"Automobile, Station Wagon",Turning Left,Failed to Yield Right of Way,Other,,,,,,,Yes,,Yes,,,,,Yes,,Yes,,,,141,Golfdale-Cedarbrae-Woburn,137,Woburn (137),D43,644001.4646,4847090.1613
18358,81708582,3000715851,4/1/2023 8:00:00 AM,1105,LAWRENCE AV E,MOSSBANK DR,2 m North of,Major Arterial,Scarborough,43.76287,-79.211017,Intersection Related,Traffic Signal,Clear,Daylight,Dry,Non-Fatal Injury,Pedestrian Collisions,Passenger,0 to 4,None,,,,,,,,,,,,,Yes,,Yes,,,,,Yes,,Yes,,,,141,Golfdale-Cedarbrae-Woburn,137,Woburn (137),D43,644001.4646,4847090.1613
18359,81708583,3000715851,4/1/2023 8:00:00 AM,1105,LAWRENCE AV E,MOSSBANK DR,2 m North of,Major Arterial,Scarborough,43.76287,-79.211017,Intersection Related,Traffic Signal,Clear,Daylight,Dry,Non-Fatal Injury,Pedestrian Collisions,Pedestrian,60 to 64,Major,,,,,,,Vehicle turns left while ped crosses with ROW at inter.,Crossing with right of way,Normal,,,,Yes,,Yes,,,,,Yes,,Yes,,,,141,Golfdale-Cedarbrae-Woburn,137,Woburn (137),D43,644001.4646,4847090.1613
18360,81709127,3000743879,4/4/2023 8:00:00 AM,2010,YONGE ST,GLEBE RD W,5 m North of,Major Arterial ,Toronto and East York,43.700858,-79.397121,Intersection Related,Stop Sign,Clear,"Dark, artificial",Dry,Non-Fatal Injury,Turning Movement,Driver,15 to 19,None,,East,"Automobile, Station Wagon",Turning Left,Failed to Yield Right of Way,Normal,,,,,,,,,Yes,Yes,,,,,Yes,Yes,,,,174,South Eglinton-Davisville,104,Mount Pleasant West (104),D53,629154.3819,4839896.0407
18361,81709128,3000743879,4/4/2023 8:00:00 AM,2010,YONGE ST,GLEBE RD W,5 m North of,Major Arterial ,Toronto and East York,43.700858,-79.397121,Intersection Related,Stop Sign,Clear,"Dark, artificial",Dry,Non-Fatal Injury,Turning Movement,Motorcycle Driver,20 to 24,Major,,South,Motorcycle,Going Ahead,Exceeding Speed Limit,Normal,,,,,,,,,Yes,Yes,,,,,Yes,Yes,,,,174,South Eglinton-Davisville,104,Mount Pleasant West (104),D53,629154.3819,4839896.0407
18362,81708854,3000772392,4/8/2023 8:00:00 AM,1319,DUNDAS ST W,DUFFERIN ST,70 m West of,Major Arterial,Toronto and East York,43.649623,-79.432254,Non Intersection,No Control,Clear,Daylight,Dry,Non-Fatal Injury,Other,Driver,30 to 34,None,,East,"Automobile, Station Wagon",Stopped,Failed to Yield Right of Way,Other,,,,,,,,Yes,Yes,,,Yes,,,,Yes,,,,84,Little Portugal,84,Little Portugal (84),D11,626431.0099,4834151.5753
18363,81708855,3000772392,4/8/2023 8:00:00 AM,1319,DUNDAS ST W,DUFFERIN ST,70 m West of,Major Arterial,Toronto and East York,43.649623,-79.432254,Non Intersection,No Control,Clear,Daylight,Dry,Non-Fatal Injury,Other,Driver,60 to 64,None,,East,Street Car,Going Ahead,Driving Properly,Normal,,,,,,,,Yes,Yes,,,Yes,,,,Yes,,,,84,Little Portugal,84,Little Portugal (84),D11,626431.0099,4834151.5753
18364,81708856,3000772392,4/8/2023 8:00:00 AM,1319,DUNDAS ST W,DUFFERIN ST,70 m West of,Major Arterial,Toronto and East York,43.649623,-79.432254,Non Intersection,No Control,Clear,Daylight,Dry,Non-Fatal Injury,Other,Cyclist,35 to 39,Major,,East,Bicycle,Going Ahead,,,,,,Cyclist struck opened vehicle door,Driving Properly,Normal,,Yes,Yes,,,Yes,,,,Yes,,,,84,Little Portugal,84,Little Portugal (84),D11,626431.0099,4834151.5753
18365,81708782,3000790865,4/10/2023 8:00:00 AM,2120,VICTORIA PARK AV,VAN HORNE AV,36 m North o,Major Arterial,North York,43.789252,-79.329593,Intersection Related,Traffic Signal,Clear,Daylight,Dry,Non-Fatal Injury,SMV Other,Motorcycle Driver,20 to 24,Major,,South,Motorcycle,Pulling Onto Shoulder or towardCurb,Lost control,Normal,,,,,,,,,,Yes,,,,,,Yes,,,,46,Pleasant View,46,Pleasant View (46),D33,634397.6471,4849820.9287
18366,81709384,3000810912,4/13/2023 8:00:00 AM,600,84 BARRINGTON AVE,,,Local,Toronto and East York,43.691287,-79.301807,Non Intersection,No Control,Clear,Daylight,Dry,Fatal,Pedestrian Collisions,Driver,70 to 74,None,,East,"Automobile, Station Wagon",Going Ahead,Lost control,Fatigue,,,,,,,Yes,,Yes,,,,,,,,,,,61,Taylor-Massey,61,Taylor-Massey (61),D55,636856.307,4838985.9444
18367,81709386,3000810912,4/13/2023 8:00:00 AM,600,84 BARRINGTON AVE,,,Local,Toronto and East York,43.691287,-79.301807,Non Intersection,No Control,Clear,Daylight,Dry,Fatal,Pedestrian Collisions,Pedestrian,60 to 64,Fatal,7,West,,,,,Other / Undefined,Coming From Behind Parked Vehicle,Normal,,,,Yes,,Yes,,,,,,,,,,,61,Taylor-Massey,61,Taylor-Massey (61),D55,636856.307,4838985.9444
18368,81708932,3000818825,4/13/2023 8:00:00 AM,2206,569 BROADVIEW AVE,MILLBROOK CR,10 m South o,Minor Arterial,Toronto and East York,43.672015,-79.354892,Intersection Related,Traffic Signal,Clear,"Dark, artificial",Dry,Non-Fatal Injury,Approaching,Driver,35 to 39,Major,,North,"Automobile, Station Wagon",Going Ahead,Improper Passing,Other,,,,,,,,,Yes,,,,,,Yes,Yes,,,,68,North Riverdale,68,North Riverdale (68),D55,632620.6302,4836759.2785
18369,81708933,3000818825,4/13/2023 8:00:00 AM,2206,569 BROADVIEW AVE,MILLBROOK CR,10 m South o,Minor Arterial,Toronto and East York,43.672015,-79.354892,Intersection Related,Traffic Signal,Clear,"Dark, artificial",Dry,Non-Fatal Injury,Approaching,Driver,60 to 64,Minimal,,South,"Automobile, Station Wagon",Going Ahead,Driving Properly,Normal,,,,,,,,,Yes,,,,,,Yes,Yes,,,,68,North Riverdale,68,North Riverdale (68),D55,632620.6302,4836759.2785
18370,81709180,3000823067,4/14/2023 8:00:00 AM,1205,YONGE ST,DUNDAS SQ,,Major Arterial,Etobicoke York,43.655715,-79.380611,Intersection Related,Traffic Signal,Clear,Daylight,Dry,Non-Fatal Injury,Pedestrian Collisions,Pedestrian,30 to 34,Major,,,,,,,Other / Undefined,Running onto Roadway,Other,,,,Yes,,,,,,,,,,,,,168,Downtown Yonge East,75,Church-Yonge Corridor (75),D51,630582.6034,4834908.1477
18371,81709382,3000839391,4/16/2023 8:00:00 AM,824,BLOOR ST W,ABERFOYLE CRES,,Major Arterial,Etobicoke York,43.645594,-79.518939,At Intersection,Traffic Signal,Clear,Daylight,Dry,Fatal,Pedestrian Collisions,Pedestrian,65 to 69,Fatal,8,,,,,,Unknown,Other,Normal,,,,Yes,,Yes,,,,,,,,,,,16,Stonegate-Queensway,16,Stonegate-Queensway (16),D22,619448.2147,4833575.6904
18372,81709383,3000839391,4/16/2023 8:00:00 AM,824,BLOOR ST W,ABERFOYLE CRES,,Major Arterial,Etobicoke York,43.645594,-79.518939,At Intersection,Traffic Signal,Clear,Daylight,Dry,Fatal,Pedestrian Collisions,Driver,70 to 74,,,East,"Automobile, Station Wagon",Going Ahead,Other,Other,,,,,,,Yes,,Yes,,,,,,,,,,,16,Stonegate-Queensway,16,Stonegate-Queensway (16),D22,619448.2147,4833575.6904
18373,81709959,3000851315,4/17/2023 8:00:00 AM,1650,JONES AV,GERRARD ST E,,Minor Arterial,Etobicoke York,43.669257,-79.335567,Other,Traffic Signal,Rain,Daylight,Wet,Non-Fatal Injury,Pedestrian Collisions,Driver,20 to 24,None,,East,"Automobile, Station Wagon",Going Ahead,Driving Properly,Normal,,,,,,,Yes,,Yes,,,,,,,,,,,70,South Riverdale,70,South Riverdale (70),D55,634184.6814,4836484.0435
18374,81709960,3000851315,4/17/2023 8:00:00 AM,1650,JONES AV,GERRARD ST E,,Minor Arterial,Etobicoke York,43.669257,-79.335567,Other,Traffic Signal,Rain,Daylight,Wet,Non-Fatal Injury,Pedestrian Collisions,Pedestrian,20 to 24,Major,,,,,,,Pedestrian hit a PXO/ped. Mid-block signal,Crossing marked crosswalk without ROW,Normal,,,,Yes,,Yes,,,,,,,,,,,70,South Riverdale,70,South Riverdale (70),D55,634184.6814,4836484.0435
18375,81709086,3000861369,4/18/2023 8:00:00 AM,2013,JARVIS ST,SHUTER ST,,Major Arterial,Toronto and East York,43.655368,-79.373889,Intersection Related,Traffic Signal,Clear,"Dark, artificial",Dry,Non-Fatal Injury,Pedestrian Collisions,Truck Driver,45 to 49,None,,East,Truck - Open,Turning Right,Improper Turn,Normal,,,,,,,Yes,,,,Yes,,,,,,,,,73,Moss Park,73,Moss Park (73),D51,631125.406,4834880.2095
18376,81709087,3000861369,4/18/2023 8:00:00 AM,2013,JARVIS ST,SHUTER ST,,Major Arterial,Toronto and East York,43.655368,-79.373889,Intersection Related,Traffic Signal,Clear,"Dark, artificial",Dry,Non-Fatal Injury,Pedestrian Collisions,Pedestrian,80 to 84,Major,,,,,,,Vehicle turns right while ped crosses with ROW at inter.,Crossing with right of way,Normal,,,,Yes,,,,Yes,,,,,,,,,73,Moss Park,73,Moss Park (73),D51,631125.406,4834880.2095
18377,81709385,3000862268,4/18/2023 8:00:00 AM,2305,ALBION RD,FINCH AVE W,,Major Arterial,Etobicoke York,43.741023,-79.589183,At Intersection,Traffic Signal,Clear,"Dark, artificial",Dry,Fatal,Rear End,Driver,60 to 64,Fatal,9,East,Passenger Van,Going Ahead,Driving Properly,Normal,,,,,,,,,Yes,,,,,Yes,Yes,Yes,,,,2,Mount Olive-Silverstone-Jamestown,2,Mount Olive-Silverstone-Jamestown (2),D23,613602.6449,4844075.6596
18378,81709387,3000862268,4/18/2023 8:00:00 AM,2305,ALBION RD,FINCH AVE W,,Major Arterial,Etobicoke York,43.741023,-79.589183,At Intersection,Traffic Signal,Clear,"Dark, artificial",Dry,Fatal,Rear End,Driver,35 to 39,Minor,,East,"Automobile, Station Wagon",Going Ahead,Exceeding Speed Limit,Other,,,,,,,,,Yes,,,,,Yes,Yes,Yes,,,,2,Mount Olive-Silverstone-Jamestown,2,Mount Olive-Silverstone-Jamestown (2),D23,613602.6449,4844075.6596
18379,81709388,3000862268,4/18/2023 8:00:00 AM,2305,ALBION RD,FINCH AVE W,,Major Arterial,Etobicoke York,43.741023,-79.589183,At Intersection,Traffic Signal,Clear,"Dark, artificial",Dry,Fatal,Rear End,Passenger,35 to 39,Minor,,East,"Automobile, Station Wagon",Going Ahead,,,,,,,,,,,Yes,,,,,Yes,Yes,Yes,,,,2,Mount Olive-Silverstone-Jamestown,2,Mount Olive-Silverstone-Jamestown (2),D23,613602.6449,4844075.6596
18380,81709389,3000862268,4/18/2023 8:00:00 AM,2305,ALBION RD,FINCH AVE W,,Major Arterial,Etobicoke York,43.741023,-79.589183,At Intersection,Traffic Signal,Clear,"Dark, artificial",Dry,Fatal,Rear End,Driver,50 to 54,Minor,,East,"Automobile, Station Wagon",Going Ahead,Driving Properly,Normal,,,,,,,,,Yes,,,,,Yes,Yes,Yes,,,,2,Mount Olive-Silverstone-Jamestown,2,Mount Olive-Silverstone-Jamestown (2),D23,613602.6449,4844075.6596
18381,81709390,3000862268,4/18/2023 8:00:00 AM,2305,ALBION RD,FINCH AVE W,,Major Arterial,Etobicoke York,43.741023,-79.589183,At Intersection,Traffic Signal,Clear,"Dark, artificial",Dry,Fatal,Rear End,Driver,65 to 69,Minimal,,East,Passenger Van,Slowing or Stopping,Driving Properly,Normal,,,,,,,,,Yes,,,,,Yes,Yes,Yes,,,,2,Mount Olive-Silverstone-Jamestown,2,Mount Olive-Silverstone-Jamestown (2),D23,613602.6449,4844075.6596
18382,81709646,3000889124,4/22/2023 8:00:00 AM,227,MIDLAND AV,GOODLAND GT,,Major Arterial,Scarborough,43.779215,-79.275546,Intersection Related,Stop Sign,Rain,"Dark, artificial",Wet,Non-Fatal Injury,Turning Movement,Driver,55 to 59,None,,South,Pick Up Truck,Turning Left,Improper Turn,Normal,,,,,,,,,Yes,,,,,,Yes,Yes,,,,128,Agincourt South-Malvern West,128,Agincourt South-Malvern West (128),D42,638769.4317,4848795.3386
18383,81709647,3000889124,4/22/2023 8:00:00 AM,227,MIDLAND AV,GOODLAND GT,,Major Arterial,Scarborough,43.779215,-79.275546,Intersection Related,Stop Sign,Rain,"Dark, artificial",Wet,Non-Fatal Injury,Turning Movement,Driver,15 to 19,Major,,North,"Automobile, Station Wagon",Going Ahead,Driving Properly,Unknown,,,,,,,,,Yes,,,,,,Yes,Yes,,,,128,Agincourt South-Malvern West,128,Agincourt South-Malvern West (128),D42,638769.4317,4848795.3386
18384,81709391,3000965934,5/1/2023 8:00:00 AM,1055,BRIMLEY RD,LAWRENCE AVE E,,Major Arterial,Scarborough,43.753455,-79.255328,At Intersection,Traffic Signal,Clear,Daylight,Dry,Fatal,Turning Movement,Driver,60 to 64,Fatal,10,East,Passenger Van,Turning Left,Improper Turn,Normal,,,,,,,,,Yes,,,,,Yes,Yes,Yes,,,,157,Bendale South,127,Bendale (127),D43,640456.7043,4845968.3801
18385,81709392,3000965934,5/1/2023 8:00:00 AM,1055,BRIMLEY RD,LAWRENCE AVE E,,Major Arterial,Scarborough,43.753455,-79.255328,At Intersection,Traffic Signal,Clear,Daylight,Dry,Fatal,Turning Movement,Driver,15 to 19,Major,,West,"Automobile, Station Wagon",Going Ahead,Exceeding Speed Limit,Normal,,,,,,,,,Yes,,,,,Yes,Yes,Yes,,,,157,Bendale South,127,Bendale (127),D43,640456.7043,4845968.3801
18386,81709393,3000965934,5/1/2023 8:00:00 AM,1055,BRIMLEY RD,LAWRENCE AVE E,,Major Arterial,Scarborough,43.753455,-79.255328,At Intersection,Traffic Signal,Clear,Daylight,Dry,Fatal,Turning Movement,Passenger,15 to 19,Minor,,West,,,,,,,,,,,,,Yes,,,,,Yes,Yes,Yes,,,,157,Bendale South,127,Bendale (127),D43,640456.7043,4845968.3801
18387,81709394,3000965934,5/1/2023 8:00:00 AM,1055,BRIMLEY RD,LAWRENCE AVE E,,Major Arterial,Scarborough,43.753455,-79.255328,At Intersection,Traffic Signal,Clear,Daylight,Dry,Fatal,Turning Movement,Passenger,15 to 19,Minor,,West,,,,,,,,,,,,,Yes,,,,,Yes,Yes,Yes,,,,157,Bendale South,127,Bendale (127),D43,640456.7043,4845968.3801