OBJECTID,INDEX,ACCNUM,DATE,TIME,STREET1,STREET2,OFFSET,ROAD_CLASS,DISTRICT,LATITUDE,LONGITUDE,ACCLOC,TRAFFCTL,VISIBILITY,LIGHT,RDSFCOND,ACCLASS,IMPACTYPE,INVTYPE,INVAGE,INJURY,FATAL_NO,INITDIR,VEHTYPE,MANOEUVER,DRIVACT,DRIVCOND,PEDTYPE,PEDACT,PEDCOND,CYCLISTYPE,CYCACT,CYCCOND,PEDESTRIAN,CYCLIST,AUTOMOBILE,MOTORCYCLE,TRUCK,TRSN_CITY_VEH,EMERG_VEH,PASSENGER,SPEEDING,AG_DRIV,REDLIGHT,ALCOHOL,DISABILITY,HOOD_158,NEIGHBOURHOOD_158,HOOD_140,NEIGHBOURHOOD_140,DIVISION,x,y
18445,81787724,3001292986,6/6/2023 8:00:00 AM,1637,ISLINGTON AV,TITAN RD,,Major Arterial,Etobicoke York,43.630881,-79.517734,Intersection Related,Traffic Signal,Clear,Daylight,Dry,Non-Fatal Injury,Pedestrian Collisions,Pedestrian,0 to 4,Major,,,,,,,Vehicle is going straight thru inter.while ped cross with ROW,Crossing with right of way,Normal,,,,Yes,,Yes,,,,,,,,,,,16,Stonegate-Queensway,16,Stonegate-Queensway (16),D22,619574.5792,4831943.3621
18446,81748629,3001301183,6/7/2023 8:00:00 AM,1411,SAWMILL RD,DOLORES RD,150 m South ,Local,North York,43.74713,-79.508724,Non Intersection,No Control,Clear,Daylight,Dry,Non-Fatal Injury,SMV Other,Truck Driver,60 to 64,Minor,,North,"Truck - Closed (Blazer, etc)",Turning Right,Speed too Fast For Condition,Normal,,,,,,,,,,,Yes,,,Yes,Yes,Yes,,,,25,Glenfield-Jane Heights,25,Glenfield-Jane Heights (25),D31,620069.2507,4844867.3993
18447,81748630,3001301183,6/7/2023 8:00:00 AM,1411,SAWMILL RD,DOLORES RD,150 m South ,Local,North York,43.74713,-79.508724,Non Intersection,No Control,Clear,Daylight,Dry,Non-Fatal Injury,SMV Other,Passenger,35 to 39,Major,,,,,,,,,,,,,,,,,Yes,,,Yes,Yes,Yes,,,,25,Glenfield-Jane Heights,25,Glenfield-Jane Heights (25),D31,620069.2507,4844867.3993
18448,81806559,3001303438,6/7/2023 8:00:00 AM,1810,FOREST HILL RD,HEATH ST W,,,,43.688377,-79.404026,Intersection Related,Stop Sign,Clear,Daylight,Dry,Non-Fatal Injury,Cyclist Collisions,Cyclist,20 to 24,Major,,East,Bicycle,Going Ahead,,,,,,,Disobeyed Traffic Control,Normal,,Yes,Yes,,,,,,,,,,,96,Casa Loma,96,Casa Loma (96),D53,628624.6765,4838499.1192
18449,81806560,3001303438,6/7/2023 8:00:00 AM,1810,FOREST HILL RD,HEATH ST W,,,,43.688377,-79.404026,Intersection Related,Stop Sign,Clear,Daylight,Dry,Non-Fatal Injury,Cyclist Collisions,Driver,45 to 49,None,,North,"Automobile, Station Wagon",Going Ahead,Driving Properly,Normal,,,,,,,,Yes,Yes,,,,,,,,,,,96,Casa Loma,96,Casa Loma (96),D53,628624.6765,4838499.1192
18450,81748652,3001305596,6/8/2023 8:00:00 AM,18,BATHURST ST,STADACONA DR,47 m North o,Major Arterial,North York,43.734919,-79.433406,Non Intersection,No Control,Clear,"Dark, artificial",Dry,Non-Fatal Injury,Turning Movement,Driver,35 to 39,Major,,South,"Automobile, Station Wagon",Making U Turn,Improper Turn,Normal,,,,,,,,,Yes,,,,,,,,,,,32,Englemount-Lawrence,32,Englemount-Lawrence (32),D32,626159.1336,4843623.1133
18451,81746890,3001307011,6/8/2023 8:00:00 AM,742,WOODBINE AV,GERRARD ST E,,Major Arterial,Toronto and East York,43.680796,-79.310725,Intersection Related,Traffic Signal,Clear,Daylight,Dry,Non-Fatal Injury,Pedestrian Collisions,Truck Driver,40 to 44,None,,North,Truck - Dump,Turning Right,Improper Turn,,,,,,,,Yes,,,,Yes,,,,,,,,,62,East End-Danforth,62,East End-Danforth (62),D55,636161.3376,4837806.0923
18452,81746891,3001307011,6/8/2023 8:00:00 AM,742,WOODBINE AV,GERRARD ST E,,Major Arterial,Toronto and East York,43.680796,-79.310725,Intersection Related,Traffic Signal,Clear,Daylight,Dry,Non-Fatal Injury,Pedestrian Collisions,Pedestrian,50 to 54,Major,,,,,,,Pedestrian involved in a collision with transit vehicle anywhere along roadway,On Sidewalk or Shoulder,Normal,,,,Yes,,,,Yes,,,,,,,,,62,East End-Danforth,62,East End-Danforth (62),D55,636161.3376,4837806.0923
18453,81746506,3001320528,6/9/2023 8:00:00 AM,1736,YONGE ST,GOULD ST,15 m North o,Major Arterial,Toronto and East York,43.657401,-79.381328,Intersection Related,Traffic Signal,Clear,Daylight,Dry,Non-Fatal Injury,Cyclist Collisions,Driver,45 to 49,None,,North,"Bus (Other) (Go Bus, Gray Coa",Overtaking,Improper Passing,Normal,,,,,,,,Yes,,,,Yes,,,,Yes,,,,168,Downtown Yonge East,75,Church-Yonge Corridor (75),D51,630521.1331,4835094.2722
18454,81746507,3001320528,6/9/2023 8:00:00 AM,1736,YONGE ST,GOULD ST,15 m North o,Major Arterial,Toronto and East York,43.657401,-79.381328,Intersection Related,Traffic Signal,Clear,Daylight,Dry,Non-Fatal Injury,Cyclist Collisions,Cyclist,35 to 39,Major,,North,Bicycle,Going Ahead,,,,,,"Motorist without ROW drives into path of cyclist at inter, lnwy, dwy-Driver not turn.",Driving Properly,Normal,,Yes,,,,Yes,,,,Yes,,,,168,Downtown Yonge East,75,Church-Yonge Corridor (75),D51,630521.1331,4835094.2722
18455,81746288,3001327997,6/10/2023 8:00:00 AM,1453,205 CHURCH ST,Uphill Ave,2 m South of,Collector,Toronto and East York,43.708586,-79.50854,Non Intersection,No Control,Clear,Daylight,Dry,Non-Fatal Injury,Pedestrian Collisions,Driver,80 to 84,None,,North,Pick Up Truck,Reversing,Other,Normal,,,,,,,Yes,,Yes,,,,,,,,,,,113,Weston,113,Weston (113),D12,620161.1102,4840586.8074
18456,81746289,3001327997,6/10/2023 8:00:00 AM,1453,205 CHURCH ST,Uphill Ave,2 m South of,Collector,Toronto and East York,43.708586,-79.50854,Non Intersection,No Control,Clear,Daylight,Dry,Non-Fatal Injury,Pedestrian Collisions,Pedestrian,70 to 74,Major,,,,,,,Vehicle is reversing and hits pedestrian,On Sidewalk or Shoulder,Other,,,,Yes,,Yes,,,,,,,,,,,113,Weston,113,Weston (113),D12,620161.1102,4840586.8074
18457,81746549,3001328893,6/10/2023 8:00:00 AM,1630,DUPONT ST,HURON ST,,Minor Arterial,Toronto and East York,43.675376,-79.404712,Intersection Related,Traffic Signal,Clear,Daylight,Dry,Non-Fatal Injury,Turning Movement,Driver,45 to 49,None,,North,"Automobile, Station Wagon",Turning Left,Improper Turn,Normal,,,,,,,,,Yes,,,,,,,,,,,95,Annex,95,Annex (95),D53,628597.163,4837054.1173
18458,81746550,3001328893,6/10/2023 8:00:00 AM,1630,DUPONT ST,HURON ST,,Minor Arterial,Toronto and East York,43.675376,-79.404712,Intersection Related,Traffic Signal,Clear,Daylight,Dry,Non-Fatal Injury,Turning Movement,Driver,60 to 64,Major,,South,"Automobile, Station Wagon",Going Ahead,Driving Properly,Normal,,,,,,,,,Yes,,,,,,,,,,,95,Annex,95,Annex (95),D53,628597.163,4837054.1173
18459,81746098,3001330203,6/10/2023 8:00:00 AM,1859,LAWRENCE AVE E,THE DON WAY E,,Major Arterial,North York,43.737704,-79.340938,Intersection Related,Traffic Signal,Clear,"Dusk, artificial",Dry,Non-Fatal Injury,Turning Movement,Driver,60 to 64,None,,West,"Automobile, Station Wagon",Turning Left,Failed to Yield Right of Way,Normal,,,,,,,,,Yes,Yes,,,,,,Yes,,,,42,Banbury-Don Mills,42,Banbury-Don Mills (42),D33,633599.5404,4844077.379
18460,81746099,3001330203,6/10/2023 8:00:00 AM,1859,LAWRENCE AVE E,THE DON WAY E,,Major Arterial,North York,43.737704,-79.340938,Intersection Related,Traffic Signal,Clear,"Dusk, artificial",Dry,Non-Fatal Injury,Turning Movement,Motorcycle Driver,25 to 29,Major,,East,Motorcycle,Going Ahead,Driving Properly,Normal,,,,,,,,,Yes,Yes,,,,,,Yes,,,,42,Banbury-Don Mills,42,Banbury-Don Mills (42),D33,633599.5404,4844077.379
18461,81745862,3001334130,6/11/2023 8:00:00 AM,727,1738 ISLINGTON AV,EGLINTON AVENUE,140 m South ,Major Arterial,Etobicoke York,43.677676,-79.538043,Non Intersection,No Control,Clear,Daylight,Dry,Non-Fatal Injury,Approaching,Driver,30 to 34,Minor,,South,"Automobile, Station Wagon",Going Ahead,Lost control,Unknown,,,,,,,,,Yes,,,,,,,,,,,10,Princess-Rosethorn,10,Princess-Rosethorn (10),D22,617844.6741,4837111.4936
18462,81745863,3001334130,6/11/2023 8:00:00 AM,727,1738 ISLINGTON AV,EGLINTON AVENUE,140 m South ,Major Arterial,Etobicoke York,43.677676,-79.538043,Non Intersection,No Control,Clear,Daylight,Dry,Non-Fatal Injury,Approaching,Driver,20 to 24,Major,,North,"Automobile, Station Wagon",Going Ahead,Driving Properly,Normal,,,,,,,,,Yes,,,,,,,,,,,10,Princess-Rosethorn,10,Princess-Rosethorn (10),D22,617844.6741,4837111.4936
18463,81739120,3001338095,6/11/2023 8:00:00 AM,1735,KEELE ST,ROGERS RD,2 m South of,Major Arterial,Toronto and East York,43.682143,-79.471561,Intersection Related,Traffic Signal,Clear,Daylight,Dry,Non-Fatal Injury,Turning Movement,Driver,20 to 24,None,,North,"Automobile, Station Wagon",Turning Left,Improper Turn,Normal,,,,,,,,,Yes,Yes,,,,,,,,,,110,Keelesdale-Eglinton West,110,Keelesdale-Eglinton West (110),D12,623194.524,4837704.2155
18464,81739121,3001338095,6/11/2023 8:00:00 AM,1735,KEELE ST,ROGERS RD,2 m South of,Major Arterial,Toronto and East York,43.682143,-79.471561,Intersection Related,Traffic Signal,Clear,Daylight,Dry,Non-Fatal Injury,Turning Movement,Motorcycle Driver,30 to 34,Major,,South,Motorcycle,Going Ahead,Other,Normal,,,,,,,,,Yes,Yes,,,,,,,,,,110,Keelesdale-Eglinton West,110,Keelesdale-Eglinton West (110),D12,623194.524,4837704.2155
18465,81739176,3001338848,6/11/2023 8:00:00 AM,1912,SHAW ST,QUEEN ST W,30 m South o,Collector,Toronto and East York,43.644469,-79.416209,Non Intersection,,Rain,Daylight,Wet,Non-Fatal Injury,SMV Other,Motorcycle Driver,40 to 44,Major,,North,Motorcycle,Going Ahead,Driving Properly,Normal,,,,,,,,,,Yes,,,,,,,,,,162,West Queen West,82,Niagara (82),D14,627735.8972,4833603.7268
18466,81746691,3001342046,6/12/2023 8:00:00 AM,805,KIPLING AV,BURNHAMTHORPE RD,8 m South of,Major Arterial,Etobicoke York,43.650984,-79.539363,Intersection Related,Traffic Signal,Rain,Daylight,Wet,Non-Fatal Injury,Pedestrian Collisions,Driver,50 to 54,None,,South,"Automobile, Station Wagon",Going Ahead,Driving Properly,Normal,,,,,,,Yes,,Yes,,,,,Yes,,Yes,,,,158,Islington,14,Islington-City Centre West (14),D22,617790.4611,4834145.1262
18467,81746692,3001342046,6/12/2023 8:00:00 AM,805,KIPLING AV,BURNHAMTHORPE RD,8 m South of,Major Arterial,Etobicoke York,43.650984,-79.539363,Intersection Related,Traffic Signal,Rain,Daylight,Wet,Non-Fatal Injury,Pedestrian Collisions,Pedestrian,10 to 14,Major,,,,,,,Vehicle is going straight thru inter.while ped cross with ROW,Crossing without right of way,Normal,,,,Yes,,Yes,,,,,Yes,,Yes,,,,158,Islington,14,Islington-City Centre West (14),D22,617790.4611,4834145.1262
18468,81746693,3001342046,6/12/2023 8:00:00 AM,805,KIPLING AV,BURNHAMTHORPE RD,8 m South of,Major Arterial,Etobicoke York,43.650984,-79.539363,Intersection Related,Traffic Signal,Rain,Daylight,Wet,Non-Fatal Injury,Pedestrian Collisions,Passenger,15 to 19,None,,,,,,,,,,,,,Yes,,Yes,,,,,Yes,,Yes,,,,158,Islington,14,Islington-City Centre West (14),D22,617790.4611,4834145.1262
18469,81739179,3001346279,6/12/2023 8:00:00 AM,1625,MOUNT PLEASANT RD,EGLINTON AV E,20 m West of,Major Arterial,Toronto and East York,43.708415,-79.39017,Intersection Related,Traffic Signal,Rain,Daylight,Wet,Non-Fatal Injury,Pedestrian Collisions,Driver,45 to 49,None,,South,"Automobile, Station Wagon",Going Ahead,Driving Properly,Normal,,,,,,,Yes,,Yes,,,,,,,,,,,99,Mount Pleasant East,99,Mount Pleasant East (99),D53,629698.1767,4840746.2037
18470,81739180,3001346279,6/12/2023 8:00:00 AM,1625,MOUNT PLEASANT RD,EGLINTON AV E,20 m West of,Major Arterial,Toronto and East York,43.708415,-79.39017,Intersection Related,Traffic Signal,Rain,Daylight,Wet,Non-Fatal Injury,Pedestrian Collisions,Pedestrian,30 to 34,Major,,,,,,,Vehicle is going straight thru inter.while ped cross without ROW,Crossing without right of way,Other,,,,Yes,,Yes,,,,,,,,,,,99,Mount Pleasant East,99,Mount Pleasant East (99),D53,629698.1767,4840746.2037
18471,81746241,3001349626,6/13/2023 8:00:00 AM,210,FINCH AV W,TORRESDALE AV,60 m West of,Collector,North York,43.77283,-79.451167,Non Intersection,Traffic Signal,Clear,"Dusk, artificial",Dry,Non-Fatal Injury,Turning Movement,Driver,25 to 29,Minor,,West,"Automobile, Station Wagon",Turning Left,Other,Normal,,,,,,,,,Yes,Yes,,,,,Yes,Yes,,,,35,Westminster-Branson,35,Westminster-Branson (35),D32,624650.079,4847806.8015
18472,81746242,3001349626,6/13/2023 8:00:00 AM,210,FINCH AV W,TORRESDALE AV,60 m West of,Collector,North York,43.77283,-79.451167,Non Intersection,Traffic Signal,Clear,"Dusk, artificial",Dry,Non-Fatal Injury,Turning Movement,Motorcycle Driver,55 to 59,Major,,East,Motorcycle,Going Ahead,Exceeding Speed Limit,Normal,,,,,,,,,Yes,Yes,,,,,Yes,Yes,,,,35,Westminster-Branson,35,Westminster-Branson (35),D32,624650.079,4847806.8015
18473,81738098,3001362364,6/14/2023 8:00:00 AM,1235,EGLINTON AVE E,MASON RD,,Major Arterial,Scarborough,43.741721,-79.225124,Intersection Related,Traffic Signal,Clear,Daylight,Dry,Fatal,Pedestrian Collisions,Pedestrian,65 to 69,Fatal,16,North,,,,,Vehicle turns right while ped crosses with ROW at inter.,Crossing with right of way,Normal,,,,Yes,,Yes,,,,,,,Yes,,,,139,Scarborough Village,139,Scarborough Village (139),D43,642916.2643,4844716.8053
18474,81738099,3001362364,6/14/2023 8:00:00 AM,1235,EGLINTON AVE E,MASON RD,,Major Arterial,Scarborough,43.741721,-79.225124,Intersection Related,Traffic Signal,Clear,Daylight,Dry,Fatal,Pedestrian Collisions,Driver,65 to 69,None,,East,"Automobile, Station Wagon",Turning Right,Failed to Yield Right of Way,Normal,,,,,,,Yes,,Yes,,,,,,,Yes,,,,139,Scarborough Village,139,Scarborough Village (139),D43,642916.2643,4844716.8053
18475,81805733,3001387773,6/17/2023 8:00:00 AM,539,KEELE ST,ROGERS RD,64 m North o,Major Arterial,Etobicoke York,43.682136,-79.471599,Non Intersection,Traffic Signal,Clear,Daylight,Dry,Non-Fatal Injury,Pedestrian Collisions,Driver,70 to 74,None,,North,"Automobile, Station Wagon",Pulling Away from Shoulder or Curb,Driving Properly,Normal,,,,,,,Yes,,Yes,,,,,,,,,,,110,Keelesdale-Eglinton West,110,Keelesdale-Eglinton West (110),D12,623191.4755,4837703.3817
18476,81805734,3001387773,6/17/2023 8:00:00 AM,539,KEELE ST,ROGERS RD,64 m North o,Major Arterial,Etobicoke York,43.682136,-79.471599,Non Intersection,Traffic Signal,Clear,Daylight,Dry,Non-Fatal Injury,Pedestrian Collisions,Pedestrian,0 to 4,Major,,,,,,,,,Unknown,,,,Yes,,Yes,,,,,,,,,,,110,Keelesdale-Eglinton West,110,Keelesdale-Eglinton West (110),D12,623191.4755,4837703.3817
18477,81806037,3001396865,6/18/2023 8:00:00 AM,705,LAWRENCE AV E,PHARMACY AV,,,,43.743247,-79.304607,Intersection Related,Traffic Signal,Clear,Daylight,Dry,Non-Fatal Injury,Angle,Driver,65 to 69,Minimal,,South,"Automobile, Station Wagon",Going Ahead,Disobeyed Traffic Control,Normal,,,,,,,,,Yes,,,,,Yes,,Yes,Yes,,,119,Wexford/Maryvale,119,Wexford/Maryvale (119),D41,636512.6057,4844752.2391
18478,81806038,3001396865,6/18/2023 8:00:00 AM,705,LAWRENCE AV E,PHARMACY AV,,,,43.743247,-79.304607,Intersection Related,Traffic Signal,Clear,Daylight,Dry,Non-Fatal Injury,Angle,Driver,50 to 54,Minimal,,West,"Automobile, Station Wagon",Going Ahead,Driving Properly,Normal,,,,,,,,,Yes,,,,,Yes,,Yes,Yes,,,119,Wexford/Maryvale,119,Wexford/Maryvale (119),D41,636512.6057,4844752.2391
18479,81806039,3001396865,6/18/2023 8:00:00 AM,705,LAWRENCE AV E,PHARMACY AV,,,,43.743247,-79.304607,Intersection Related,Traffic Signal,Clear,Daylight,Dry,Non-Fatal Injury,Angle,Passenger,60 to 64,Major,,,,,,,,,,,,,,,Yes,,,,,Yes,,Yes,Yes,,,119,Wexford/Maryvale,119,Wexford/Maryvale (119),D41,636512.6057,4844752.2391
18480,81806040,3001396865,6/18/2023 8:00:00 AM,705,LAWRENCE AV E,PHARMACY AV,,,,43.743247,-79.304607,Intersection Related,Traffic Signal,Clear,Daylight,Dry,Non-Fatal Injury,Angle,Passenger,20 to 24,Minimal,,,,,,,,,,,,,,,Yes,,,,,Yes,,Yes,Yes,,,119,Wexford/Maryvale,119,Wexford/Maryvale (119),D41,636512.6057,4844752.2391
18481,81739336,3001418143,6/20/2023 8:00:00 AM,1306,MILNER AVE,MORNINGSIDE AV,200 m West o,Minor Arterial,Scarborough,43.79959,-79.201328,Non Intersection,No Control,Clear,Daylight,Dry,Non-Fatal Injury,Pedestrian Collisions,Driver,15 to 19,None,,West,"Automobile, Station Wagon",Going Ahead,Driving Properly,Unknown,,,,,,,Yes,,Yes,,,,,,,,,,,146,Malvern East,132,Malvern (132),D42,644692.7615,4851185.3966
18482,81739337,3001418143,6/20/2023 8:00:00 AM,1306,MILNER AVE,MORNINGSIDE AV,200 m West o,Minor Arterial,Scarborough,43.79959,-79.201328,Non Intersection,No Control,Clear,Daylight,Dry,Non-Fatal Injury,Pedestrian Collisions,Pedestrian,10 to 14,Major,,,,,,,Pedestrian hit at mid-block,Running onto Roadway,Normal,,,,Yes,,Yes,,,,,,,,,,,146,Malvern East,132,Malvern (132),D42,644692.7615,4851185.3966
18483,81745858,3001421711,6/20/2023 8:00:00 AM,1922,DANFORTH AV,WOODBINE AV,,Major Arterial,Toronto and East York,43.685595,-79.31274,Intersection Related,Traffic Signal,Clear,"Dark, artificial",Dry,Non-Fatal Injury,Cyclist Collisions,Cyclist,30 to 34,Major,,East,Bicycle,Going Ahead,,,,,,,Driving Properly,Normal,,Yes,Yes,,,,,,,,,,,62,East End-Danforth,62,East End-Danforth (62),D55,635988.0761,4838335.7816
18484,81745859,3001421711,6/20/2023 8:00:00 AM,1922,DANFORTH AV,WOODBINE AV,,Major Arterial,Toronto and East York,43.685595,-79.31274,Intersection Related,Traffic Signal,Clear,"Dark, artificial",Dry,Non-Fatal Injury,Cyclist Collisions,Driver,30 to 34,None,,South,Pick Up Truck,Going Ahead,Driving Properly,Normal,,,,,,,,Yes,Yes,,,,,,,,,,,62,East End-Danforth,62,East End-Danforth (62),D55,635988.0761,4838335.7816
18485,81739298,3001492927,6/21/2023 8:00:00 AM,2000,QUEEN ST E,BEECH AV,9 m West of,Minor Arterial,Toronto and East York,43.672633,-79.287204,Non Intersection,No Control,Clear,Daylight,Dry,Non-Fatal Injury,Cyclist Collisions,Driver,65 to 69,None,,West,"Automobile, Station Wagon",Parked,Other,Normal,,,,,,,,Yes,Yes,,,,,,,,,,,63,The Beaches,63,The Beaches (63),D55,638075.9552,4836938.3633
18486,81739299,3001492927,6/21/2023 8:00:00 AM,2000,QUEEN ST E,BEECH AV,9 m West of,Minor Arterial,Toronto and East York,43.672633,-79.287204,Non Intersection,No Control,Clear,Daylight,Dry,Non-Fatal Injury,Cyclist Collisions,Cyclist,65 to 69,Major,,West,Bicycle,Going Ahead,,,,,,Cyclist struck opened vehicle door,Driving Properly,Normal,,Yes,Yes,,,,,,,,,,,63,The Beaches,63,The Beaches (63),D55,638075.9552,4836938.3633
18487,81746095,3001436521,6/22/2023 8:00:00 AM,1100,PARLIAMENT ST,FRONT ST E,3 m South of,Major Arterial,Toronto and East York,43.651572,-79.362705,Intersection Related,Traffic Signal,Clear,Daylight,Dry,Non-Fatal Injury,Angle,Driver,50 to 54,Minimal,,East,"Bus (Other) (Go Bus, Gray Coa",Going Ahead,Disobeyed Traffic Control,Normal,,,,,,,,,Yes,,,Yes,,,,Yes,Yes,,,166,St Lawrence-East Bayfront-The Islands,73,Moss Park (73),D51,632035.5835,4834476.3483
18488,81746096,3001436521,6/22/2023 8:00:00 AM,1100,PARLIAMENT ST,FRONT ST E,3 m South of,Major Arterial,Toronto and East York,43.651572,-79.362705,Intersection Related,Traffic Signal,Clear,Daylight,Dry,Non-Fatal Injury,Angle,Driver,45 to 49,Major,,South,"Automobile, Station Wagon",Going Ahead,Driving Properly,Normal,,,,,,,,,Yes,,,Yes,,,,Yes,Yes,,,166,St Lawrence-East Bayfront-The Islands,73,Moss Park (73),D51,632035.5835,4834476.3483
18489,81746813,3001446604,6/23/2023 8:00:00 AM,1138,DUFFERIN ST,SYLVAN AV,65 m North o,Major Arterial,Toronto and East York,43.654734,-79.433391,Intersection Related,Traffic Signal,Clear,Daylight,Dry,Non-Fatal Injury,Pedestrian Collisions,Truck Driver,25 to 29,None,,South,Truck - Dump,Going Ahead,Failed to Yield Right of Way,Normal,,,,,,,Yes,,,,Yes,,,,,Yes,,,,83,Dufferin Grove,83,Dufferin Grove (83),D11,626328.5992,4834717.4867
18490,81746814,3001446604,6/23/2023 8:00:00 AM,1138,DUFFERIN ST,SYLVAN AV,65 m North o,Major Arterial,Toronto and East York,43.654734,-79.433391,Intersection Related,Traffic Signal,Clear,Daylight,Dry,Non-Fatal Injury,Pedestrian Collisions,Pedestrian,80 to 84,Major,,,,,,,Vehicle is going straight thru inter.while ped cross with ROW,Crossing with right of way,Normal,,,,Yes,,,,Yes,,,,,Yes,,,,83,Dufferin Grove,83,Dufferin Grove (83),D11,626328.5992,4834717.4867
18491,81745855,3001448363,6/23/2023 8:00:00 AM,1451,SHEPPARD AVE W,BEECROFT RD,,Major Arterial,North York,43.760932,-79.413089,At Intersection,Traffic Signal,Rain,Daylight,Wet,Non-Fatal Injury,Angle,Driver,40 to 44,None,,South,"Automobile, Station Wagon",Going Ahead,Disobeyed Traffic Control,Normal,,,,,,,,,Yes,,,,,,,Yes,Yes,,,38,Lansing-Westgate,38,Lansing-Westgate (38),D32,627739.9471,4846543.3773
18492,81745856,3001448363,6/23/2023 8:00:00 AM,1451,SHEPPARD AVE W,BEECROFT RD,,Major Arterial,North York,43.760932,-79.413089,At Intersection,Traffic Signal,Rain,Daylight,Wet,Non-Fatal Injury,Angle,Driver,35 to 39,Major,,East,"Automobile, Station Wagon",Going Ahead,Driving Properly,Normal,,,,,,,,,Yes,,,,,,,Yes,Yes,,,38,Lansing-Westgate,38,Lansing-Westgate (38),D32,627739.9471,4846543.3773
18493,81739384,3001452923,6/24/2023 8:00:00 AM,31,GARDINER E LOWER JARVIS RAMP,LOWER JARVIS ST,,Expressway Ramp,Toronto and East York,43.645449,-79.369914,Non Intersection,No Control,Clear,"Dark, artificial",Dry,Fatal,Pedestrian Collisions,Pedestrian,20 to 24,Fatal,17,North,,,,,Pedestrian hit at mid-block,Running onto Roadway,Normal,,,,Yes,,,,,,,,,,,,,166,St Lawrence-East Bayfront-The Islands,77,Waterfront Communities-The Island (77),D51,631467.5831,4833784.8635
18494,81739385,3001452923,6/24/2023 8:00:00 AM,31,GARDINER E LOWER JARVIS RAMP,LOWER JARVIS ST,,Expressway Ramp,Toronto and East York,43.645449,-79.369914,Non Intersection,No Control,Clear,"Dark, artificial",Dry,Fatal,Pedestrian Collisions,Driver,65 to 69,None,,East,,Going Ahead,Driving Properly,Normal,,,,,,,Yes,,,,,,,,,,,,,166,St Lawrence-East Bayfront-The Islands,77,Waterfront Communities-The Island (77),D51,631467.5831,4833784.8635
18495,81747580,3001483428,6/27/2023 8:00:00 AM,932,JANE ST,YEWTREE BLVD,,Major Arterial,North York,43.754862,-79.51704,Intersection Related,Traffic Signal,Clear,Daylight,Dry,Non-Fatal Injury,Pedestrian Collisions,Driver,50 to 54,None,,West,"Automobile, Station Wagon",Turning Left,Improper Turn,Normal,,,,,,,Yes,,Yes,,,,,,,,,,,25,Glenfield-Jane Heights,25,Glenfield-Jane Heights (25),D31,619384.3138,4845714.1312
18496,81747581,3001483428,6/27/2023 8:00:00 AM,932,JANE ST,YEWTREE BLVD,,Major Arterial,North York,43.754862,-79.51704,Intersection Related,Traffic Signal,Clear,Daylight,Dry,Non-Fatal Injury,Pedestrian Collisions,Pedestrian,45 to 49,Major,,,,,,,Vehicle turns left while ped crosses with ROW at inter.,Crossing with right of way,Normal,,,,Yes,,Yes,,,,,,,,,,,25,Glenfield-Jane Heights,25,Glenfield-Jane Heights (25),D31,619384.3138,4845714.1312
18497,81747479,3001489552,6/27/2023 8:00:00 AM,2122,EGLINTON AV W,WILLOWRIDGE RD,20 m West of,Major Arterial,Etobicoke York,43.674327,-79.565357,Intersection Related,Traffic Signal,Clear,"Dark, artificial",Dry,Non-Fatal Injury,SMV Other,Motorcycle Driver,20 to 24,Major,,West,Motorcycle,Turning Left,Lost control,Other,,,,,,,,,,Yes,,,,,,,,,,7,Willowridge-Martingrove-Richview,7,Willowridge-Martingrove-Richview (7),D23,615649.3777,4836701.1
18498,81746381,3001490275,6/27/2023 8:00:00 AM,2317,LOWER SIMCOE ST,GRAND TRUNK CRES,22 m South o,Collector,Toronto and East York,43.640998,-79.383472,Non Intersection,No Control,Clear,"Dark, artificial",Dry,Non-Fatal Injury,Pedestrian Collisions,Pedestrian,30 to 34,Major,,,,,,,Pedestrian hit on sidewalk or shoulder,On Sidewalk or Shoulder,Normal,,,,Yes,,,,,,,,,,,,,165,Harbourfront-CityPlace,77,Waterfront Communities-The Island (77),D52,630383.7376,4833269.134
18499,81739296,3001492664,6/28/2023 8:00:00 AM,914,WESTON RD,CORONADO CT,95 m North o,Major Arterial,North York,43.740245,-79.53976,Intersection Related,Traffic Signal,Clear,Daylight,Dry,Non-Fatal Injury,SMV Other,Driver,25 to 29,None,,North,Intercity Bus,Slowing or Stopping,Driving Properly,Normal,,,,,,,,,,,,Yes,,Yes,,,,,,22,Humbermede,22,Humbermede (22),D31,617583.864,4844058.2055
18500,81739297,3001492664,6/28/2023 8:00:00 AM,914,WESTON RD,CORONADO CT,95 m North o,Major Arterial,North York,43.740245,-79.53976,Intersection Related,Traffic Signal,Clear,Daylight,Dry,Non-Fatal Injury,SMV Other,Passenger,70 to 74,Major,,,,,,,,,,,,,,,,,,Yes,,Yes,,,,,,22,Humbermede,22,Humbermede (22),D31,617583.864,4844058.2055