OBJECTID,INDEX,ACCNUM,DATE,TIME,STREET1,STREET2,OFFSET,ROAD_CLASS,DISTRICT,LATITUDE,LONGITUDE,ACCLOC,TRAFFCTL,VISIBILITY,LIGHT,RDSFCOND,ACCLASS,IMPACTYPE,INVTYPE,INVAGE,INJURY,FATAL_NO,INITDIR,VEHTYPE,MANOEUVER,DRIVACT,DRIVCOND,PEDTYPE,PEDACT,PEDCOND,CYCLISTYPE,CYCACT,CYCCOND,PEDESTRIAN,CYCLIST,AUTOMOBILE,MOTORCYCLE,TRUCK,TRSN_CITY_VEH,EMERG_VEH,PASSENGER,SPEEDING,AG_DRIV,REDLIGHT,ALCOHOL,DISABILITY,HOOD_158,NEIGHBOURHOOD_158,HOOD_140,NEIGHBOURHOOD_140,DIVISION,x,y
18787,81750889,3002326104,10/6/2023 8:00:00 AM,411,BURNHAMTHORPE RD,THE WEST MALL,,Major Arterial,Etobicoke York,43.64448,-79.567203,At Intersection,Traffic Signal,,,,Fatal,Pedestrian Collisions,Pedestrian,25 to 29,Fatal,29,West,,,,,,Crossing without right of way,Normal,,,,Yes,,Yes,,,,,,,,,,,13,Etobicoke West Mall,13,Etobicoke West Mall (13),D22,615557.8075,4833383.6362
18788,81750890,3002326104,10/6/2023 8:00:00 AM,411,BURNHAMTHORPE RD,THE WEST MALL,,Major Arterial,Etobicoke York,43.64448,-79.567203,At Intersection,Traffic Signal,,,,Fatal,Pedestrian Collisions,Driver,40 to 44,None,,South,"Automobile, Station Wagon",Going Ahead,Driving Properly,Normal,,,,,,,Yes,,Yes,,,,,,,,,,,13,Etobicoke West Mall,13,Etobicoke West Mall (13),D22,615557.8075,4833383.6362
18789,81750749,3002327760,10/6/2023 8:00:00 AM,1000,PHARMACY AV,DENTON AV,,Minor Arterial,Scarborough,43.693949,-79.284045,Intersection Related,Traffic Signal,Clear,Daylight,Dry,Non-Fatal Injury,Pedestrian Collisions,Driver,55 to 59,None,,South,"Automobile, Station Wagon",Turning Left,Failed to Yield Right of Way,Normal,,,,,,,Yes,,Yes,,,,,,,Yes,,,,121,Oakridge,121,Oakridge (121),D41,638281.6339,4839311.0663
18790,81750750,3002327760,10/6/2023 8:00:00 AM,1000,PHARMACY AV,DENTON AV,,Minor Arterial,Scarborough,43.693949,-79.284045,Intersection Related,Traffic Signal,Clear,Daylight,Dry,Non-Fatal Injury,Pedestrian Collisions,Pedestrian,70 to 74,Major,,,,,,,Vehicle turns left while ped crosses with ROW at inter.,"Crossing, Pedestrian Crossover",Normal,,,,Yes,,Yes,,,,,,,Yes,,,,121,Oakridge,121,Oakridge (121),D41,638281.6339,4839311.0663
18791,81750891,3002330153,10/6/2023 8:00:00 AM,1544,BROWNS LINE,JELLICOE AVE,,Major Arterial ,Etobicoke York,43.596335,-79.542819,Non Intersection,No Control,Clear,Daylight,Dry,Fatal,Pedestrian Collisions,Pedestrian,20 to 24,Fatal,30,West,,,,,Pedestrian hit a PXO/ped. Mid-block signal,"Crossing, Pedestrian Crossover",Other,,,,Yes,,Yes,,,,,,,,,,,20,Alderwood,20,Alderwood (20),D22,617618.2759,4828070.7873
18792,81750892,3002330153,10/6/2023 8:00:00 AM,1544,BROWNS LINE,JELLICOE AVE,,Major Arterial ,Etobicoke York,43.596335,-79.542819,Non Intersection,No Control,Clear,Daylight,Dry,Fatal,Pedestrian Collisions,Driver,35 to 39,None,,North,"Automobile, Station Wagon",Going Ahead,Driving Properly,Normal,,,,,,,Yes,,Yes,,,,,,,,,,,20,Alderwood,20,Alderwood (20),D22,617618.2759,4828070.7873
18793,81752177,3002333586,10/7/2023 8:00:00 AM,25,WARDEN AV,METROPOLITAN AV,25 m South o,Major Arterial,Scarborough,43.766989,-79.302737,Non Intersection,No Control,Clear,"Dark, artificial",Dry,Non-Fatal Injury,Pedestrian Collisions,Driver,40 to 44,None,,South,"Automobile, Station Wagon",Going Ahead,Driving Properly,Normal,,,,,,,Yes,,Yes,,,,,,,,,,,119,Wexford/Maryvale,119,Wexford/Maryvale (119),D41,636609.1425,4847392.2322
18794,81752178,3002333586,10/7/2023 8:00:00 AM,25,WARDEN AV,METROPOLITAN AV,25 m South o,Major Arterial,Scarborough,43.766989,-79.302737,Non Intersection,No Control,Clear,"Dark, artificial",Dry,Non-Fatal Injury,Pedestrian Collisions,Pedestrian,55 to 59,Major,,,,,,,Pedestrian hit at mid-block,Crossing without right of way,Normal,,,,Yes,,Yes,,,,,,,,,,,119,Wexford/Maryvale,119,Wexford/Maryvale (119),D41,636609.1425,4847392.2322
18795,81752640,3002339324,10/7/2023 8:00:00 AM,1930,F  GARDINER XY E,YORK ST,46 m East of,Expressway Ramp,Toronto and East York,43.641818,-79.38042,Non Intersection,No Control,Clear,"Daylight, artificial",Dry,Non-Fatal Injury,Sideswipe,Motorcycle Driver,25 to 29,Major,,East,Motorcycle,Other,Other,Normal,,,,,,,,,Yes,Yes,,,,,,,,,,166,St Lawrence-East Bayfront-The Islands,77,Waterfront Communities-The Island (77),D52,630628.1272,4833365.0046
18796,81752641,3002339324,10/7/2023 8:00:00 AM,1930,F  GARDINER XY E,YORK ST,46 m East of,Expressway Ramp,Toronto and East York,43.641818,-79.38042,Non Intersection,No Control,Clear,"Daylight, artificial",Dry,Non-Fatal Injury,Sideswipe,Driver,25 to 29,None,,East,"Automobile, Station Wagon",Going Ahead,Driving Properly,Normal,,,,,,,,,Yes,Yes,,,,,,,,,,166,St Lawrence-East Bayfront-The Islands,77,Waterfront Communities-The Island (77),D52,630628.1272,4833365.0046
18797,81752600,3002347245,10/8/2023 8:00:00 AM,2250,CONLINS RD,CHALLENGER CRT,25 m South o,Collector,Scarborough,43.79151,-79.184634,At/Near Private Drive,No Control,Clear,"Dark, artificial",Dry,Non-Fatal Injury,SMV Unattended Vehicle,Driver,65 to 69,Major,,North,"Automobile, Station Wagon",Going Ahead,Lost control,Medical or Physical Disability,,,,,,,,,Yes,,,,,,,,,,Yes,134,Highland Creek,134,Highland Creek (134),D43,646055.3991,4850317.3066
18798,81752720,3002360887,10/10/2023 8:00:00 AM,2045,KENNEDY RD,BONIS AV,10 m South o,Major Arterial,Scarborough,43.785762,-79.289424,Non Intersection,,Rain,Dark,Wet,Non-Fatal Injury,Pedestrian Collisions,Driver,45 to 49,None,,South,"Automobile, Station Wagon",Going Ahead,Driving Properly,Normal,,,,,,,Yes,,Yes,,,,,,,,,,,128,Agincourt South-Malvern West,128,Agincourt South-Malvern West (128),D42,637637.6101,4849499.3165
18799,81752721,3002360887,10/10/2023 8:00:00 AM,2045,KENNEDY RD,BONIS AV,10 m South o,Major Arterial,Scarborough,43.785762,-79.289424,Non Intersection,,Rain,Dark,Wet,Non-Fatal Injury,Pedestrian Collisions,Pedestrian,45 to 49,Major,,,,,,,Vehicle is going straight thru inter.while ped cross without ROW,Crossing without right of way,Had Been Drinking,,,,Yes,,Yes,,,,,,,,,,,128,Agincourt South-Malvern West,128,Agincourt South-Malvern West (128),D42,637637.6101,4849499.3165
18800,81772123,3002365896,10/11/2023 8:00:00 AM,1347,JUDSON ST,ISLINGTON AV,,,,43.613715,-79.508396,Intersection Related,Traffic Signal,Clear,Daylight,Dry,Non-Fatal Injury,Angle,Driver,25 to 29,Major,,East,Unknown,Going Ahead,Disobeyed Traffic Control,Other,,,,,,,,,Yes,,,,,,Yes,Yes,Yes,,,160,Mimico-Queensway,17,Mimico (includes Humber Bay Shores) (17),D22,620362.1325,4830050.3595
18801,81772124,3002365896,10/11/2023 8:00:00 AM,1347,JUDSON ST,ISLINGTON AV,,,,43.613715,-79.508396,Intersection Related,Traffic Signal,Clear,Daylight,Dry,Non-Fatal Injury,Angle,Driver,40 to 44,Minimal,,South,"Automobile, Station Wagon",Going Ahead,Driving Properly,Normal,,,,,,,,,Yes,,,,,,Yes,Yes,Yes,,,160,Mimico-Queensway,17,Mimico (includes Humber Bay Shores) (17),D22,620362.1325,4830050.3595
18802,81804924,3002369350,10/11/2023 8:00:00 AM,2204,DAVENPORT RD,DARTNELL AV,5 m East of,,,43.676807,-79.412205,Non Intersection,,Clear,"Dark, artificial",Dry,Non-Fatal Injury,Turning Movement,Motorcycle Driver,25 to 29,Major,,West,Motorcycle,Going Ahead,Speed too Fast For Condition,Normal,,,,,,,,,Yes,Yes,,,,,Yes,Yes,,,,96,Casa Loma,96,Casa Loma (96),D13,627990.0992,4837201.4596
18803,81804925,3002369350,10/11/2023 8:00:00 AM,2204,DAVENPORT RD,DARTNELL AV,5 m East of,,,43.676807,-79.412205,Non Intersection,,Clear,"Dark, artificial",Dry,Non-Fatal Injury,Turning Movement,Driver,35 to 39,None,,South,"Automobile, Station Wagon",Turning Left,Driving Properly,Normal,,,,,,,,,Yes,Yes,,,,,Yes,Yes,,,,96,Casa Loma,96,Casa Loma (96),D13,627990.0992,4837201.4596
18804,81750893,3002371012,10/12/2023 8:00:00 AM,647,STEELES AVE E,KELVIN GROVE AVE,,Major Arterial,Scarborough,43.822402,-79.312221,At Intersection,Traffic Signal,Clear,"Dark, artificial",Dry,Fatal,Pedestrian Collisions,Pedestrian,85 to 89,Fatal,31,North,,,,,Pedestrian hit a PXO/ped. Mid-block signal,Crossing marked crosswalk without ROW,Normal,,,,Yes,,Yes,,,,,,,,,,,116,Steeles,116,Steeles (116),D42,635720.2808,4853531.1229
18805,81750894,3002371012,10/12/2023 8:00:00 AM,647,STEELES AVE E,KELVIN GROVE AVE,,Major Arterial,Scarborough,43.822402,-79.312221,At Intersection,Traffic Signal,Clear,"Dark, artificial",Dry,Fatal,Pedestrian Collisions,Driver,55 to 59,None,,West,"Automobile, Station Wagon",Going Ahead,Driving Properly,Normal,,,,,,,Yes,,Yes,,,,,,,,,,,116,Steeles,116,Steeles (116),D42,635720.2808,4853531.1229
18806,81751016,3002381502,10/13/2023 8:00:00 AM,1135,MCCOWAN RD,SANDHURST CRCL,40 m South o,Major Arterial,Scarborough,43.804782,-79.26517,Intersection Related,Traffic Signal,Clear,Daylight,Dry,Non-Fatal Injury,Rear End,Driver,75 to 79,Major,,South,"Automobile, Station Wagon",Going Ahead,Driving Properly,Normal,,,,,,,,,Yes,,Yes,,,Yes,Yes,Yes,,,,129,Agincourt North,129,Agincourt North (129),D42,639544.8939,4851652.4068
18807,81751017,3002381502,10/13/2023 8:00:00 AM,1135,MCCOWAN RD,SANDHURST CRCL,40 m South o,Major Arterial,Scarborough,43.804782,-79.26517,Intersection Related,Traffic Signal,Clear,Daylight,Dry,Non-Fatal Injury,Rear End,Driver,70 to 74,Minor,,South,"Automobile, Station Wagon",Slowing or Stopping,Driving Properly,Normal,,,,,,,,,Yes,,Yes,,,Yes,Yes,Yes,,,,129,Agincourt North,129,Agincourt North (129),D42,639544.8939,4851652.4068
18808,81751018,3002381502,10/13/2023 8:00:00 AM,1135,MCCOWAN RD,SANDHURST CRCL,40 m South o,Major Arterial,Scarborough,43.804782,-79.26517,Intersection Related,Traffic Signal,Clear,Daylight,Dry,Non-Fatal Injury,Rear End,Truck Driver,70 to 74,Minor,,South,Truck - Dump,Slowing or Stopping,Driving Properly,Normal,,,,,,,,,Yes,,Yes,,,Yes,Yes,Yes,,,,129,Agincourt North,129,Agincourt North (129),D42,639544.8939,4851652.4068
18809,81751019,3002381502,10/13/2023 8:00:00 AM,1135,MCCOWAN RD,SANDHURST CRCL,40 m South o,Major Arterial,Scarborough,43.804782,-79.26517,Intersection Related,Traffic Signal,Clear,Daylight,Dry,Non-Fatal Injury,Rear End,Passenger,70 to 74,Minor,,,,,,,,,,,,,,,Yes,,Yes,,,Yes,Yes,Yes,,,,129,Agincourt North,129,Agincourt North (129),D42,639544.8939,4851652.4068
18810,81751236,3002391532,10/14/2023 8:00:00 AM,1644,ASHTONBEE RD,WARDEN AVE,,Major Arterial,Scarborough,43.730719,-79.28873,Intersection Related,Traffic Signal,Clear,Daylight,Dry,Non-Fatal Injury,Turning Movement,Driver,20 to 24,None,,West,"Automobile, Station Wagon",Turning Left,Disobeyed Traffic Control,Normal,,,,,,,,,Yes,,,,,Yes,,Yes,Yes,,,119,Wexford/Maryvale,119,Wexford/Maryvale (119),D41,637819.7716,4843387.1041
18811,81751237,3002391532,10/14/2023 8:00:00 AM,1644,ASHTONBEE RD,WARDEN AVE,,Major Arterial,Scarborough,43.730719,-79.28873,Intersection Related,Traffic Signal,Clear,Daylight,Dry,Non-Fatal Injury,Turning Movement,Driver,55 to 59,None,,South,Pick Up Truck,Going Ahead,Driving Properly,Normal,,,,,,,,,Yes,,,,,Yes,,Yes,Yes,,,119,Wexford/Maryvale,119,Wexford/Maryvale (119),D41,637819.7716,4843387.1041
18812,81751238,3002391532,10/14/2023 8:00:00 AM,1644,ASHTONBEE RD,WARDEN AVE,,Major Arterial,Scarborough,43.730719,-79.28873,Intersection Related,Traffic Signal,Clear,Daylight,Dry,Non-Fatal Injury,Turning Movement,Passenger,20 to 24,None,,,,,,,,,,,,,,,Yes,,,,,Yes,,Yes,Yes,,,119,Wexford/Maryvale,119,Wexford/Maryvale (119),D41,637819.7716,4843387.1041
18813,81751239,3002391532,10/14/2023 8:00:00 AM,1644,ASHTONBEE RD,WARDEN AVE,,Major Arterial,Scarborough,43.730719,-79.28873,Intersection Related,Traffic Signal,Clear,Daylight,Dry,Non-Fatal Injury,Turning Movement,Passenger,20 to 24,Major,,,,,,,,,,,,,,,Yes,,,,,Yes,,Yes,Yes,,,119,Wexford/Maryvale,119,Wexford/Maryvale (119),D41,637819.7716,4843387.1041
18814,81752860,3002392070,10/14/2023 8:00:00 AM,1840,EB FRED GARDINER EXPRESSWAY AND IS,ISLINGTON AVENUE,110 m West o,Expressway,Toronto and East York,43.619399,-79.517749,Non Intersection,No Control,Clear,Daylight,Dry,Non-Fatal Injury,Rear End,Driver,30 to 34,Major,,East,"Automobile, Station Wagon",Going Ahead,Lost control,Inattentive,,,,,,,,,Yes,,,,,Yes,,,,,,160,Mimico-Queensway,17,Mimico (includes Humber Bay Shores) (17),D22,619596.1353,4830668.1231
18815,81752861,3002392070,10/14/2023 8:00:00 AM,1840,EB FRED GARDINER EXPRESSWAY AND IS,ISLINGTON AVENUE,110 m West o,Expressway,Toronto and East York,43.619399,-79.517749,Non Intersection,No Control,Clear,Daylight,Dry,Non-Fatal Injury,Rear End,Driver,55 to 59,Minor,,East,Passenger Van,Going Ahead,Driving Properly,Normal,,,,,,,,,Yes,,,,,Yes,,,,,,160,Mimico-Queensway,17,Mimico (includes Humber Bay Shores) (17),D22,619596.1353,4830668.1231
18816,81752862,3002392070,10/14/2023 8:00:00 AM,1840,EB FRED GARDINER EXPRESSWAY AND IS,ISLINGTON AVENUE,110 m West o,Expressway,Toronto and East York,43.619399,-79.517749,Non Intersection,No Control,Clear,Daylight,Dry,Non-Fatal Injury,Rear End,Driver,40 to 44,Minor,,East,Passenger Van,Going Ahead,Driving Properly,Normal,,,,,,,,,Yes,,,,,Yes,,,,,,160,Mimico-Queensway,17,Mimico (includes Humber Bay Shores) (17),D22,619596.1353,4830668.1231
18817,81752863,3002392070,10/14/2023 8:00:00 AM,1840,EB FRED GARDINER EXPRESSWAY AND IS,ISLINGTON AVENUE,110 m West o,Expressway,Toronto and East York,43.619399,-79.517749,Non Intersection,No Control,Clear,Daylight,Dry,Non-Fatal Injury,Rear End,Passenger,30 to 34,Minor,,,,,,,,,,,,,,,Yes,,,,,Yes,,,,,,160,Mimico-Queensway,17,Mimico (includes Humber Bay Shores) (17),D22,619596.1353,4830668.1231
18818,81752864,3002392070,10/14/2023 8:00:00 AM,1840,EB FRED GARDINER EXPRESSWAY AND IS,ISLINGTON AVENUE,110 m West o,Expressway,Toronto and East York,43.619399,-79.517749,Non Intersection,No Control,Clear,Daylight,Dry,Non-Fatal Injury,Rear End,Passenger,0 to 4,Minimal,,,,,,,,,,,,,,,Yes,,,,,Yes,,,,,,160,Mimico-Queensway,17,Mimico (includes Humber Bay Shores) (17),D22,619596.1353,4830668.1231
18819,81752865,3002392070,10/14/2023 8:00:00 AM,1840,EB FRED GARDINER EXPRESSWAY AND IS,ISLINGTON AVENUE,110 m West o,Expressway,Toronto and East York,43.619399,-79.517749,Non Intersection,No Control,Clear,Daylight,Dry,Non-Fatal Injury,Rear End,Passenger,0 to 4,Minimal,,,,,,,,,,,,,,,Yes,,,,,Yes,,,,,,160,Mimico-Queensway,17,Mimico (includes Humber Bay Shores) (17),D22,619596.1353,4830668.1231
18820,81750896,3002403703,10/16/2023 8:00:00 AM,1040,DAVISVILLE AVE,MOUNT PLEASANT RD,,Major Arterial,Toronto and East York,43.700228,-79.386943,At Intersection,Traffic Signal,Clear,Daylight,Dry,Fatal,Pedestrian Collisions,Pedestrian,85 to 89,Fatal,32,East,,,,,Vehicle turns right while ped crosses with ROW at inter.,Crossing with right of way,,,,,Yes,,,,Yes,,,,,,,,,99,Mount Pleasant East,99,Mount Pleasant East (99),D53,629975.8591,4839841.9762
18821,81752410,3002403703,10/16/2023 8:00:00 AM,1040,DAVISVILLE AVE,MOUNT PLEASANT RD,,Major Arterial,Toronto and East York,43.700228,-79.386943,At Intersection,Traffic Signal,Clear,Daylight,Dry,Fatal,Pedestrian Collisions,Truck Driver,25 to 29,None,,East,Truck - Dump,Turning Right,,,,,,,,,Yes,,,,Yes,,,,,,,,,99,Mount Pleasant East,99,Mount Pleasant East (99),D53,629975.8591,4839841.9762
18822,81752894,3002425032,10/18/2023 8:00:00 AM,2315,MIDLAND AVE,KINGSTON RD,,Major Arterial,Scarborough,43.711127,-79.248157,Intersection Related,Traffic Signal,Clear,"Dark, artificial",Dry,Non-Fatal Injury,Pedestrian Collisions,Driver,35 to 39,None,,North,"Automobile, Station Wagon",Going Ahead,Driving Properly,Normal,,,,,,,Yes,,Yes,,,,,,,,,,,123,Cliffcrest,123,Cliffcrest (123),D41,641133.4172,4841279.4095
18823,81752895,3002425032,10/18/2023 8:00:00 AM,2315,MIDLAND AVE,KINGSTON RD,,Major Arterial,Scarborough,43.711127,-79.248157,Intersection Related,Traffic Signal,Clear,"Dark, artificial",Dry,Non-Fatal Injury,Pedestrian Collisions,Pedestrian,20 to 24,Major,,West,,Going Ahead,,,Vehicle is going straight thru inter.while ped cross without ROW,Crossing without right of way,Normal,,,,Yes,,Yes,,,,,,,,,,,123,Cliffcrest,123,Cliffcrest (123),D41,641133.4172,4841279.4095
18824,81752784,3002428276,10/19/2023 8:00:00 AM,1138,KING ST W,JAMESON AV,5 m North of,Major Arterial,Toronto and East York,43.637183,-79.436008,Intersection Related,Traffic Signal,Clear,Daylight,Dry,Non-Fatal Injury,Pedestrian Collisions,Driver,40 to 44,None,,North,Other,Turning Left,Failed to Yield Right of Way,Normal,,,,,,,Yes,,,,,,,,,Yes,,,,85,South Parkdale,85,South Parkdale (85),D14,626154.3007,4832764.241
18825,81752785,3002428276,10/19/2023 8:00:00 AM,1138,KING ST W,JAMESON AV,5 m North of,Major Arterial,Toronto and East York,43.637183,-79.436008,Intersection Related,Traffic Signal,Clear,Daylight,Dry,Non-Fatal Injury,Pedestrian Collisions,Pedestrian,60 to 64,Major,,,,,,,Vehicle turns left while ped crosses with ROW at inter.,Crossing with right of way,Normal,,,,Yes,,,,,,,,,Yes,,,,85,South Parkdale,85,South Parkdale (85),D14,626154.3007,4832764.241
18826,81805253,3002438140,10/20/2023 8:00:00 AM,1435,EGLINTON AVE E,RUMSEY RD EY,,,,43.712581,-79.369625,Intersection Related,Traffic Signal,Rain,Daylight,Wet,Non-Fatal Injury,Pedestrian Collisions,Driver,40 to 44,None,,West,Pick Up Truck,Turning Left,Failed to Yield Right of Way,,,,,,,,Yes,,Yes,,,,,,,Yes,,,,56,Leaside-Bennington,56,Leaside-Bennington (56),D53,631344.3294,4841241.247
18827,81805254,3002438140,10/20/2023 8:00:00 AM,1435,EGLINTON AVE E,RUMSEY RD EY,,,,43.712581,-79.369625,Intersection Related,Traffic Signal,Rain,Daylight,Wet,Non-Fatal Injury,Pedestrian Collisions,Pedestrian,45 to 49,Major,,,,,,,,,Unknown,,,,Yes,,Yes,,,,,,,Yes,,,,56,Leaside-Bennington,56,Leaside-Bennington (56),D53,631344.3294,4841241.247
18828,81751747,3002475391,10/25/2023 8:00:00 AM,932,ISLINGTON AV,JUTLAND RD,,Major Arterial,Etobicoke York,43.628951,-79.516956,At Intersection,Traffic Signal,Clear,Daylight,Dry,Non-Fatal Injury,Pedestrian Collisions,Driver,50 to 54,None,,East,Pick Up Truck,Turning Left,Failed to Yield Right of Way,Normal,,,,,,,Yes,,Yes,,,,,,,Yes,,,,16,Stonegate-Queensway,16,Stonegate-Queensway (16),D22,619641.1702,4831730.1326
18829,81751748,3002475391,10/25/2023 8:00:00 AM,932,ISLINGTON AV,JUTLAND RD,,Major Arterial,Etobicoke York,43.628951,-79.516956,At Intersection,Traffic Signal,Clear,Daylight,Dry,Non-Fatal Injury,Pedestrian Collisions,Pedestrian,70 to 74,Major,,,,,,,Vehicle turns left while ped crosses with ROW at inter.,Crossing with right of way,Normal,,,,Yes,,Yes,,,,,,,Yes,,,,16,Stonegate-Queensway,16,Stonegate-Queensway (16),D22,619641.1702,4831730.1326
18830,81751458,3002496578,10/27/2023 8:00:00 AM,1915,WAYSIDE AVE,FINCH AVE E,,Major Arterial,Scarborough,43.800517,-79.299609,Intersection Related,Traffic Signal,Clear,"Daylight, artificial",Dry,Non-Fatal Injury,Pedestrian Collisions,Driver,25 to 29,None,,East,"Automobile, Station Wagon",Turning Left,Failed to Yield Right of Way,Normal,,,,,,,Yes,,Yes,,,,,,,Yes,,,,148,East L'Amoreaux,117,L'Amoreaux (117),D42,636784.4206,4851121.2087
18831,81751459,3002496578,10/27/2023 8:00:00 AM,1915,WAYSIDE AVE,FINCH AVE E,,Major Arterial,Scarborough,43.800517,-79.299609,Intersection Related,Traffic Signal,Clear,"Daylight, artificial",Dry,Non-Fatal Injury,Pedestrian Collisions,Pedestrian,20 to 24,Major,,,,,,,Vehicle turns left while ped crosses with ROW at inter.,Crossing with right of way,Normal,,,,Yes,,Yes,,,,,,,Yes,,,,148,East L'Amoreaux,117,L'Amoreaux (117),D42,636784.4206,4851121.2087
18832,81753168,3002964045,10/27/2023 8:00:00 AM,1944,150 WYNFORD DR,,,Minor Arterial,North York,43.727255,-79.327731,Intersection Related,Traffic Signal,Rain,"Dark, artificial",Wet,Fatal,Pedestrian Collisions,Driver,25 to 29,None,,East,"Automobile, Station Wagon",Going Ahead,Driving Properly,Normal,,,,,,,Yes,,Yes,,,,,,,,,,,42,Banbury-Don Mills,42,Banbury-Don Mills (42),D33,634686.4956,4842938.2454
18833,81754161,3002964045,10/27/2023 8:00:00 AM,1944,150 WYNFORD DR,,,Minor Arterial,North York,43.727255,-79.327731,Intersection Related,Traffic Signal,Rain,"Dark, artificial",Wet,Fatal,Pedestrian Collisions,Pedestrian,70 to 74,Fatal,44,North,,,,,Vehicle is going straight thru inter.while ped cross without ROW,Crossing without right of way,Fatigue,,,,Yes,,Yes,,,,,,,,,,,42,Banbury-Don Mills,42,Banbury-Don Mills (42),D33,634686.4956,4842938.2454
18834,81751681,3002503345,10/28/2023 8:00:00 AM,1643,SHEPPARD AV W,ARROW RD,15 m West of,Major Arterial,North York,43.735697,-79.5293,Intersection Related,Traffic Signal,Clear,Daylight,Dry,Non-Fatal Injury,Pedestrian Collisions,Driver,15 to 19,None,,West,"Automobile, Station Wagon",Going Ahead,Lost control,Inattentive,,,,,,,Yes,,Yes,,,,,Yes,,,,,,154,Oakdale-Beverley Heights,22,Humbermede (22),D31,618435.1137,4843567.983
18835,81751682,3002503345,10/28/2023 8:00:00 AM,1643,SHEPPARD AV W,ARROW RD,15 m West of,Major Arterial,North York,43.735697,-79.5293,Intersection Related,Traffic Signal,Clear,Daylight,Dry,Non-Fatal Injury,Pedestrian Collisions,Passenger,35 to 39,Minimal,,,,,,,,,,,,,Yes,,Yes,,,,,Yes,,,,,,154,Oakdale-Beverley Heights,22,Humbermede (22),D31,618435.1137,4843567.983
18836,81751683,3002503345,10/28/2023 8:00:00 AM,1643,SHEPPARD AV W,ARROW RD,15 m West of,Major Arterial,North York,43.735697,-79.5293,Intersection Related,Traffic Signal,Clear,Daylight,Dry,Non-Fatal Injury,Pedestrian Collisions,Pedestrian,15 to 19,Major,,,,,,,Pedestrian hit on sidewalk or shoulder,Other,Normal,,,,Yes,,Yes,,,,,Yes,,,,,,154,Oakdale-Beverley Heights,22,Humbermede (22),D31,618435.1137,4843567.983
18837,81753169,3002515701,10/30/2023 8:00:00 AM,1014,DUFFERIN ST,RIDELLE AV,9 m East of,Major Arterial,Toronto and East York,43.70148,-79.4519,Intersection Related,Stop Sign,Rain,Daylight,Wet,Fatal,Pedestrian Collisions,Pedestrian,85 to 89,Fatal,41,,,,,,Vehicle turns left while ped crosses without ROW at inter.,Crossing without right of way,Normal,,,,Yes,,Yes,,,,,,,,,,,108,Briar Hill-Belgravia,108,Briar Hill-Belgravia (108),D13,624739.1508,4839881.246
18838,81753170,3002515701,10/30/2023 8:00:00 AM,1014,DUFFERIN ST,RIDELLE AV,9 m East of,Major Arterial,Toronto and East York,43.70148,-79.4519,Intersection Related,Stop Sign,Rain,Daylight,Wet,Fatal,Pedestrian Collisions,Pedestrian,75 to 79,Minor,,,,,,,Vehicle turns left while ped crosses without ROW at inter.,Crossing without right of way,Normal,,,,Yes,,Yes,,,,,,,,,,,108,Briar Hill-Belgravia,108,Briar Hill-Belgravia (108),D13,624739.1508,4839881.246
18839,81754163,3002515701,10/30/2023 8:00:00 AM,1014,DUFFERIN ST,RIDELLE AV,9 m East of,Major Arterial,Toronto and East York,43.70148,-79.4519,Intersection Related,Stop Sign,Rain,Daylight,Wet,Fatal,Pedestrian Collisions,Driver,65 to 69,None,,South,Pick Up Truck,Turning Left,Improper Turn,Normal,,,,,,,Yes,,Yes,,,,,,,,,,,108,Briar Hill-Belgravia,108,Briar Hill-Belgravia (108),D13,624739.1508,4839881.246
18840,81752896,3002525409,10/31/2023 8:00:00 AM,1250,ROYAL YORK RD,EDENBRIDGE DR,,Minor Arterial,Etobicoke York,43.670119,-79.52135,Intersection Related,Traffic Signal,Clear,Daylight,Dry,Non-Fatal Injury,Pedestrian Collisions,Pedestrian,65 to 69,Major,,,,,,,Vehicle is going straight thru inter.while ped cross with ROW,Crossing with right of way,Normal,,,,Yes,,Yes,,,,,,,Yes,Yes,,,9,Edenbridge-Humber Valley,9,Edenbridge-Humber Valley (9),D22,619205.2264,4836296.0408
18841,81752897,3002525409,10/31/2023 8:00:00 AM,1250,ROYAL YORK RD,EDENBRIDGE DR,,Minor Arterial,Etobicoke York,43.670119,-79.52135,Intersection Related,Traffic Signal,Clear,Daylight,Dry,Non-Fatal Injury,Pedestrian Collisions,Pedestrian,70 to 74,None,,,,,,,Vehicle is going straight thru inter.while ped cross with ROW,Crossing with right of way,Normal,,,,Yes,,Yes,,,,,,,Yes,Yes,,,9,Edenbridge-Humber Valley,9,Edenbridge-Humber Valley (9),D22,619205.2264,4836296.0408