OBJECTID,INDEX,ACCNUM,DATE,TIME,STREET1,STREET2,OFFSET,ROAD_CLASS,DISTRICT,LATITUDE,LONGITUDE,ACCLOC,TRAFFCTL,VISIBILITY,LIGHT,RDSFCOND,ACCLASS,IMPACTYPE,INVTYPE,INVAGE,INJURY,FATAL_NO,INITDIR,VEHTYPE,MANOEUVER,DRIVACT,DRIVCOND,PEDTYPE,PEDACT,PEDCOND,CYCLISTYPE,CYCACT,CYCCOND,PEDESTRIAN,CYCLIST,AUTOMOBILE,MOTORCYCLE,TRUCK,TRSN_CITY_VEH,EMERG_VEH,PASSENGER,SPEEDING,AG_DRIV,REDLIGHT,ALCOHOL,DISABILITY,HOOD_158,NEIGHBOURHOOD_158,HOOD_140,NEIGHBOURHOOD_140,DIVISION,x,y
18842,81752898,3002525409,10/31/2023 8:00:00 AM,1250,ROYAL YORK RD,EDENBRIDGE DR,,Minor Arterial,Etobicoke York,43.670119,-79.52135,Intersection Related,Traffic Signal,Clear,Daylight,Dry,Non-Fatal Injury,Pedestrian Collisions,Driver,75 to 79,Minor,,South,"Automobile, Station Wagon",Going Ahead,Disobeyed Traffic Control,Normal,,,,,,,Yes,,Yes,,,,,,,Yes,Yes,,,9,Edenbridge-Humber Valley,9,Edenbridge-Humber Valley (9),D22,619205.2264,4836296.0408
18843,81753537,3002568792,11/5/2023 9:00:00 AM,2025,YORK MILLS RD,BIRCHWOOD AV,,Major Arterial,North York,43.746485,-79.391582,Intersection Related,Pedestrian Crossover,Clear,"Dark, artificial",Dry,Non-Fatal Injury,Pedestrian Collisions,Driver,55 to 59,None,,East,"Automobile, Station Wagon",Going Ahead,Driving Properly,Normal,,,,,,,Yes,,Yes,,,,,,,,,,,41,Bridle Path-Sunnybrook-York Mills,40,St.Andrew-Windfields (40),D32,629502.3485,4844972.22
18844,81753538,3002568792,11/5/2023 9:00:00 AM,2025,YORK MILLS RD,BIRCHWOOD AV,,Major Arterial,North York,43.746485,-79.391582,Intersection Related,Pedestrian Crossover,Clear,"Dark, artificial",Dry,Non-Fatal Injury,Pedestrian Collisions,Pedestrian,25 to 29,Major,,,,,,,Vehicle is going straight thru inter.while ped cross without ROW,Other,Normal,,,,Yes,,Yes,,,,,,,,,,,41,Bridle Path-Sunnybrook-York Mills,40,St.Andrew-Windfields (40),D32,629502.3485,4844972.22
18845,81752411,3002578946,11/7/2023 10:00:00 AM,620,KIPLING AVE,RONSON DR,5 m south of,Major Arterial,Etobicoke York,43.702521,-79.562328,Intersection Related,Traffic Signal,Clear,Daylight,Dry,Fatal,Pedestrian Collisions,Driver,55 to 59,None,,South,"Automobile, Station Wagon",Going Ahead,Driving Properly,Normal,,,,,,,Yes,,Yes,,,,,,,,,,,1,West Humber-Clairville,1,West Humber-Clairville (1),D23,615839.2696,4839836.6477
18846,81752414,3002578946,11/7/2023 10:00:00 AM,620,KIPLING AVE,RONSON DR,5 m south of,Major Arterial,Etobicoke York,43.702521,-79.562328,Intersection Related,Traffic Signal,Clear,Daylight,Dry,Fatal,Pedestrian Collisions,Pedestrian,30 to 34,Fatal,33,West,,,,,Vehicle is going straight thru inter.while ped cross without ROW,Crossing without right of way,Normal,,,,Yes,,Yes,,,,,,,,,,,1,West Humber-Clairville,1,West Humber-Clairville (1),D23,615839.2696,4839836.6477
18847,81754571,3002585631,11/7/2023 10:00:00 AM,2212,BELGRAVIA AV,TIMES RD,34 m East of,Local,Toronto and East York,43.698592,-79.444568,Non Intersection,Stop Sign,Clear,"Dark, artificial",Dry,Non-Fatal Injury,SMV Unattended Vehicle,Driver,20 to 24,Major,,East,"Automobile, Station Wagon",Going Ahead,Lost control,Had Been Drinking,,,,,,,,,Yes,,,,,,Yes,Yes,,,,108,Briar Hill-Belgravia,108,Briar Hill-Belgravia (108),D13,625335.9542,4839571.5511
18848,81754572,3002585631,11/7/2023 10:00:00 AM,2212,BELGRAVIA AV,TIMES RD,34 m East of,Local,Toronto and East York,43.698592,-79.444568,Non Intersection,Stop Sign,Clear,"Dark, artificial",Dry,Non-Fatal Injury,SMV Unattended Vehicle,Driver,unknown,None,,West,"Automobile, Station Wagon",Parked,,Unknown,,,,,,,,,Yes,,,,,,Yes,Yes,,,,108,Briar Hill-Belgravia,108,Briar Hill-Belgravia (108),D13,625335.9542,4839571.5511
18849,81754568,3002610286,11/8/2023 10:00:00 AM,1,WILSON AVE,Wilson heights Blvd,2 m West of,Minor Arterial,North York,43.736575,-79.451885,Intersection Related,Traffic Signal,Other,"Dark, artificial",Dry,Non-Fatal Injury,Pedestrian Collisions,Pedestrian,50 to 54,Major,,,,,,,Unknown,Crossing without right of way,Normal,,,,Yes,,,,,,,,,,,,,33,Clanton Park,33,Clanton Park (33),D32,624667.5546,4843779.0658
18850,81796064,3002591929,11/8/2023 10:00:00 AM,1717,DUNDAS ST E,YONGE ST,30 m South o,,,43.65607,-79.380817,Non Intersection,No Control,Rain,"Dusk, artificial",Wet,Non-Fatal Injury,Pedestrian Collisions,Driver,65 to 69,None,,North,"Automobile, Station Wagon",Going Ahead,Other,Other,,,,,,,Yes,,Yes,,,,,,,,,,,170,Yonge-Bay Corridor,76,Bay Street Corridor (76),D52,630565.2226,4834947.251
18851,81796065,3002591929,11/8/2023 10:00:00 AM,1717,DUNDAS ST E,YONGE ST,30 m South o,,,43.65607,-79.380817,Non Intersection,No Control,Rain,"Dusk, artificial",Wet,Non-Fatal Injury,Pedestrian Collisions,Pedestrian,35 to 39,Major,,,,,,,,,Unknown,,,,Yes,,Yes,,,,,,,,,,,170,Yonge-Bay Corridor,76,Bay Street Corridor (76),D52,630565.2226,4834947.251
18852,81753509,3002607163,11/10/2023 10:00:00 AM,1557,55 ST CLAIR AVE W,YONGE ST,11 m North o,Major Arterial,Toronto and East York,43.688086,-79.394107,Intersection Related,No Control,Clear,Daylight,Dry,Non-Fatal Injury,,Driver,30 to 34,None,,East,"Automobile, Station Wagon",Going Ahead,Improper Passing,Normal,,,,,,,,,Yes,Yes,,,,,,Yes,,,,98,Rosedale-Moore Park,98,Rosedale-Moore Park (98),D53,629424.7145,4838482.2325
18853,81753510,3002607163,11/10/2023 10:00:00 AM,1557,55 ST CLAIR AVE W,YONGE ST,11 m North o,Major Arterial,Toronto and East York,43.688086,-79.394107,Intersection Related,No Control,Clear,Daylight,Dry,Non-Fatal Injury,,Motorcycle Driver,25 to 29,Major,,East,Motorcycle,Overtaking,Driving Properly,Normal,,,,,,,,,Yes,Yes,,,,,,Yes,,,,98,Rosedale-Moore Park,98,Rosedale-Moore Park (98),D53,629424.7145,4838482.2325
18854,81752336,3002611058,11/11/2023 10:00:00 AM,303,FGX W,B AMD DUNN AV,100 m West o,Expressway,Etobicoke York,43.632697,-79.433368,Non Intersection,No Control,Clear,"Dark, artificial",Dry,Fatal,SMV Other,Driver,20 to 24,Minimal,,West,"Automobile, Station Wagon",Going Ahead,Exceeding Speed Limit,"Ability Impaired, Alcohol Over .08",,,,,,,,,Yes,,,,,Yes,Yes,Yes,,Yes,,85,South Parkdale,85,South Parkdale (85),D14,626376.6528,4832270.0295
18855,81752337,3002611058,11/11/2023 10:00:00 AM,303,FGX W,B AMD DUNN AV,100 m West o,Expressway,Etobicoke York,43.632697,-79.433368,Non Intersection,No Control,Clear,"Dark, artificial",Dry,Fatal,SMV Other,Passenger,20 to 24,Fatal,,,"Automobile, Station Wagon",,,,,,,,,,,,Yes,,,,,Yes,Yes,Yes,,Yes,,85,South Parkdale,85,South Parkdale (85),D14,626376.6528,4832270.0295
18856,81752338,3002611058,11/11/2023 10:00:00 AM,303,FGX W,B AMD DUNN AV,100 m West o,Expressway,Etobicoke York,43.632697,-79.433368,Non Intersection,No Control,Clear,"Dark, artificial",Dry,Fatal,SMV Other,Passenger,20 to 24,None,,,"Automobile, Station Wagon",,,,,,,,,,,,Yes,,,,,Yes,Yes,Yes,,Yes,,85,South Parkdale,85,South Parkdale (85),D14,626376.6528,4832270.0295
18857,81752339,3002611058,11/11/2023 10:00:00 AM,303,FGX W,B AMD DUNN AV,100 m West o,Expressway,Etobicoke York,43.632697,-79.433368,Non Intersection,No Control,Clear,"Dark, artificial",Dry,Fatal,SMV Other,Passenger,25 to 29,Major,,,"Automobile, Station Wagon",,,,,,,,,,,,Yes,,,,,Yes,Yes,Yes,,Yes,,85,South Parkdale,85,South Parkdale (85),D14,626376.6528,4832270.0295
18858,81753599,3002611595,11/11/2023 10:00:00 AM,628,F G GARDINER XY E,KIPLING AV,657 m West o,Expressway,Etobicoke York,43.616278,-79.533565,Non Intersection,No Control,Clear,"Dark, artificial",Dry,Non-Fatal Injury,Sideswipe,Driver,70 to 74,Minor,,East,"Automobile, Station Wagon",Going Ahead,Driving Properly,Normal,,,,,,,,,Yes,,,,,Yes,,,,,,20,Alderwood,20,Alderwood (20),D22,618326.1243,4830298.8396
18859,81753600,3002611595,11/11/2023 10:00:00 AM,628,F G GARDINER XY E,KIPLING AV,657 m West o,Expressway,Etobicoke York,43.616278,-79.533565,Non Intersection,No Control,Clear,"Dark, artificial",Dry,Non-Fatal Injury,Sideswipe,Driver,40 to 44,None,,East,Pick Up Truck,Going Ahead,Driving Properly,Normal,,,,,,,,,Yes,,,,,Yes,,,,,,20,Alderwood,20,Alderwood (20),D22,618326.1243,4830298.8396
18860,81753601,3002611595,11/11/2023 10:00:00 AM,628,F G GARDINER XY E,KIPLING AV,657 m West o,Expressway,Etobicoke York,43.616278,-79.533565,Non Intersection,No Control,Clear,"Dark, artificial",Dry,Non-Fatal Injury,Sideswipe,Driver,55 to 59,None,,East,"Automobile, Station Wagon",Going Ahead,Driving Properly,Normal,,,,,,,,,Yes,,,,,Yes,,,,,,20,Alderwood,20,Alderwood (20),D22,618326.1243,4830298.8396
18861,81753602,3002611595,11/11/2023 10:00:00 AM,628,F G GARDINER XY E,KIPLING AV,657 m West o,Expressway,Etobicoke York,43.616278,-79.533565,Non Intersection,No Control,Clear,"Dark, artificial",Dry,Non-Fatal Injury,Sideswipe,Driver,50 to 54,Minor,,East,"Automobile, Station Wagon",Going Ahead,Driving Properly,Normal,,,,,,,,,Yes,,,,,Yes,,,,,,20,Alderwood,20,Alderwood (20),D22,618326.1243,4830298.8396
18862,81753603,3002611595,11/11/2023 10:00:00 AM,628,F G GARDINER XY E,KIPLING AV,657 m West o,Expressway,Etobicoke York,43.616278,-79.533565,Non Intersection,No Control,Clear,"Dark, artificial",Dry,Non-Fatal Injury,Sideswipe,Passenger,65 to 69,Minor,,,,,,,,,,,,,,,Yes,,,,,Yes,,,,,,20,Alderwood,20,Alderwood (20),D22,618326.1243,4830298.8396
18863,81753604,3002611595,11/11/2023 10:00:00 AM,628,F G GARDINER XY E,KIPLING AV,657 m West o,Expressway,Etobicoke York,43.616278,-79.533565,Non Intersection,No Control,Clear,"Dark, artificial",Dry,Non-Fatal Injury,Sideswipe,Passenger,45 to 49,Major,,,,,,,,,,,,,,,Yes,,,,,Yes,,,,,,20,Alderwood,20,Alderwood (20),D22,618326.1243,4830298.8396
18864,81754562,3002616293,11/11/2023 10:00:00 AM,2020,sandhurst crcl,finch ave e,61 m North o,Major Arterial,Scarborough,43.807185,-79.270396,Non Intersection,No Control,Clear,"Dark, artificial",Dry,Non-Fatal Injury,SMV Other,Motorcycle Driver,25 to 29,Major,,West,Motorcycle,Turning Left,Driving Properly,Normal,,,,,,,,,,Yes,,,,,,,,,,129,Agincourt North,129,Agincourt North (129),D42,639118.9456,4851910.4989
18865,81752409,3002626902,11/13/2023 10:00:00 AM,1033,DUFFERIN ST,EGLINTON AVE W,,Major Arterial,North York,43.69562,-79.450237,Intersection Related,Traffic Signal,,,,Fatal,Pedestrian Collisions,Truck Driver,30 to 34,None,,West,Truck - Dump,,Failed to Yield Right of Way,,,,,,,,Yes,,,,Yes,,,,,Yes,,,,107,Oakwood Village,107,Oakwood Village (107),D13,624885.3143,4839232.9155
18866,81752413,3002626902,11/13/2023 10:00:00 AM,1033,DUFFERIN ST,EGLINTON AVE W,,Major Arterial,North York,43.69562,-79.450237,Intersection Related,Traffic Signal,,,,Fatal,Pedestrian Collisions,Pedestrian,50 to 54,Fatal,34,East,,,,,Vehicle turns left while ped crosses with ROW at inter.,Crossing with right of way,Normal,,,,Yes,,,,Yes,,,,,Yes,,,,107,Oakwood Village,107,Oakwood Village (107),D13,624885.3143,4839232.9155
18867,81753085,3002628249,11/13/2023 10:00:00 AM,1330,FINCH AVE E,WARDEN AVE,,Major Arterial,Scarborough,43.796702,-79.315723,,Traffic Signal,Clear,Daylight,Dry,Fatal,Turning Movement,Driver,50 to 54,Fatal,39,North,"Automobile, Station Wagon",Making U Turn,Failed to Yield Right of Way,Inattentive,,,,,,,,,Yes,Yes,,,,,,Yes,,,,148,East L'Amoreaux,117,L'Amoreaux (117),D42,635496.7733,4850670.9836
18868,81753088,3002628249,11/13/2023 10:00:00 AM,1330,FINCH AVE E,WARDEN AVE,,Major Arterial,Scarborough,43.796702,-79.315723,,Traffic Signal,Clear,Daylight,Dry,Fatal,Turning Movement,Motorcycle Driver,30 to 34,,,North,Motorcycle,Going Ahead,Driving Properly,Normal,,,,,,,,,Yes,Yes,,,,,,Yes,,,,148,East L'Amoreaux,117,L'Amoreaux (117),D42,635496.7733,4850670.9836
18869,81755064,3002629156,11/13/2023 10:00:00 AM,1542,WOODBINE AVE,MORTIMER AVE,,Major Arterial,Toronto and East York,43.692813,-79.315822,Intersection Related,Traffic Signal,Clear,Daylight,Dry,Non-Fatal Injury,Turning Movement,Driver,45 to 49,None,,North,"Automobile, Station Wagon",Turning Left,Improper Turn,Normal,,,,,,,,,Yes,Yes,,,,,,Yes,,,,60,Woodbine-Lumsden,60,Woodbine-Lumsden (60),D55,635723.3916,4839132.3922
18870,81755065,3002629156,11/13/2023 10:00:00 AM,1542,WOODBINE AVE,MORTIMER AVE,,Major Arterial,Toronto and East York,43.692813,-79.315822,Intersection Related,Traffic Signal,Clear,Daylight,Dry,Non-Fatal Injury,Turning Movement,Motorcycle Driver,50 to 54,Major,,South,Motorcycle,Going Ahead,Driving Properly,Normal,,,,,,,,,Yes,Yes,,,,,,Yes,,,,60,Woodbine-Lumsden,60,Woodbine-Lumsden (60),D55,635723.3916,4839132.3922
18871,81750895,3002633234,11/14/2023 10:00:00 AM,642,WELLINGTON ST E,SCOTT ST,,Minor Arterial,Scarborough,43.648081,-79.37601,Intersection Related,Traffic Signal,Clear,"Dark, artificial",Dry,Fatal,Pedestrian Collisions,Passenger,30 to 34,None,,,,,,,,,,,,,Yes,,Yes,,,,,Yes,,,,,,168,Downtown Yonge East,75,Church-Yonge Corridor (75),D51,630970.2108,4834067.5427
18872,81752408,3002633234,11/14/2023 10:00:00 AM,642,WELLINGTON ST E,SCOTT ST,,Minor Arterial,Scarborough,43.648081,-79.37601,Intersection Related,Traffic Signal,Clear,"Dark, artificial",Dry,Fatal,Pedestrian Collisions,Pedestrian,55 to 59,Fatal,35,,"Automobile, Station Wagon",,,,,Other,Fatigue,,,,Yes,,Yes,,,,,Yes,,,,,,168,Downtown Yonge East,75,Church-Yonge Corridor (75),D51,630970.2108,4834067.5427
18873,81753079,3002633234,11/14/2023 10:00:00 AM,642,WELLINGTON ST E,SCOTT ST,,Minor Arterial,Scarborough,43.648081,-79.37601,Intersection Related,Traffic Signal,Clear,"Dark, artificial",Dry,Fatal,Pedestrian Collisions,Passenger,25 to 29,None,,,,,,,,,,,,,Yes,,Yes,,,,,Yes,,,,,,168,Downtown Yonge East,75,Church-Yonge Corridor (75),D51,630970.2108,4834067.5427
18874,81753080,3002633234,11/14/2023 10:00:00 AM,642,WELLINGTON ST E,SCOTT ST,,Minor Arterial,Scarborough,43.648081,-79.37601,Intersection Related,Traffic Signal,Clear,"Dark, artificial",Dry,Fatal,Pedestrian Collisions,Passenger,45 to 49,None,,,,,,,,,,,,,Yes,,Yes,,,,,Yes,,,,,,168,Downtown Yonge East,75,Church-Yonge Corridor (75),D51,630970.2108,4834067.5427
18875,81753081,3002633234,11/14/2023 10:00:00 AM,642,WELLINGTON ST E,SCOTT ST,,Minor Arterial,Scarborough,43.648081,-79.37601,Intersection Related,Traffic Signal,Clear,"Dark, artificial",Dry,Fatal,Pedestrian Collisions,Passenger,30 to 34,None,,,,,,,,,,,,,Yes,,Yes,,,,,Yes,,,,,,168,Downtown Yonge East,75,Church-Yonge Corridor (75),D51,630970.2108,4834067.5427
18876,81753084,3002633234,11/14/2023 10:00:00 AM,642,WELLINGTON ST E,SCOTT ST,,Minor Arterial,Scarborough,43.648081,-79.37601,Intersection Related,Traffic Signal,Clear,"Dark, artificial",Dry,Fatal,Pedestrian Collisions,Driver,60 to 64,None,,North,"Automobile, Station Wagon",Going Ahead,Other,,,,,,,,Yes,,Yes,,,,,Yes,,,,,,168,Downtown Yonge East,75,Church-Yonge Corridor (75),D51,630970.2108,4834067.5427
18877,81797420,3002657688,11/17/2023 10:00:00 AM,702,DAVENPORT RD,DUPONT ST,1 m North of,,,43.675815,-79.402561,Intersection Related,Traffic Signal,Clear,"Dark, artificial",Dry,Non-Fatal Injury,Turning Movement,Driver,35 to 39,None,,East,"Automobile, Station Wagon",Turning Right,Disobeyed Traffic Control,,,,,,,,,,Yes,,,,,,,Yes,Yes,,,95,Annex,95,Annex (95),D53,628769.6192,4837106.2113
18878,81797421,3002657688,11/17/2023 10:00:00 AM,702,DAVENPORT RD,DUPONT ST,1 m North of,,,43.675815,-79.402561,Intersection Related,Traffic Signal,Clear,"Dark, artificial",Dry,Non-Fatal Injury,Turning Movement,Driver,30 to 34,Major,,North,Rickshaw,Going Ahead,Other,,,,,,,,,,Yes,,,,,,,Yes,Yes,,,95,Annex,95,Annex (95),D53,628769.6192,4837106.2113
18879,81753574,3002668525,11/18/2023 10:00:00 AM,1510,DANFORTH AV,2265 DANFORTH AV,,Major Arterial,Toronto and East York,43.686736,-79.308177,At/Near Private Drive,No Control,Clear,Daylight,Dry,Non-Fatal Injury,Turning Movement,Driver,unknown,None,,East,"Automobile, Station Wagon",Turning Right,Failed to Yield Right of Way,Inattentive,,,,,,,,,Yes,,,,,,,Yes,,,,62,East End-Danforth,62,East End-Danforth (62),D55,636353.2591,4838469.9983
18880,81753575,3002668525,11/18/2023 10:00:00 AM,1510,DANFORTH AV,2265 DANFORTH AV,,Major Arterial,Toronto and East York,43.686736,-79.308177,At/Near Private Drive,No Control,Clear,Daylight,Dry,Non-Fatal Injury,Turning Movement,Driver,65 to 69,Major,,East,Unknown,Going Ahead,Driving Properly,Normal,,,,,,,,,Yes,,,,,,,Yes,,,,62,East End-Danforth,62,East End-Danforth (62),D55,636353.2591,4838469.9983
18881,81754097,3002862083,11/18/2023 10:00:00 AM,1700,DIXON RD,KIPLING AV,,Major Arterial,Etobicoke York,43.694258,-79.558612,Intersection Related,Traffic Signal,Clear,Daylight,Dry,Non-Fatal Injury,Cyclist Collisions,Driver,unknown,None,,North,"Automobile, Station Wagon",Turning Right,,Unknown,,,,,,,,Yes,Yes,,,,,,,,,,,6,Kingsview Village-The Westway,6,Kingsview Village-The Westway (6),D23,616154.6388,4838924.1282
18882,81754098,3002862083,11/18/2023 10:00:00 AM,1700,DIXON RD,KIPLING AV,,Major Arterial,Etobicoke York,43.694258,-79.558612,Intersection Related,Traffic Signal,Clear,Daylight,Dry,Non-Fatal Injury,Cyclist Collisions,Cyclist,30 to 34,Major,,East,Bicycle,Going Ahead,,,,,,Motorist turning right on red at signalized intersection strikes cyclist.,Driving Properly,Normal,,Yes,Yes,,,,,,,,,,,6,Kingsview Village-The Westway,6,Kingsview Village-The Westway (6),D23,616154.6388,4838924.1282
18883,81806244,3002671468,11/18/2023 10:00:00 AM,2230,DANFORTH AV,PHARMACY AV,2 m West of,,,43.692336,-79.283352,Intersection Related,Traffic Signal,Clear,"Dusk, artificial",Dry,Non-Fatal Injury,Rear End,Driver,45 to 49,None,,East,"Automobile, Station Wagon",Going Ahead,Improper Passing,Normal,,,,,,,,,Yes,,,,,,,Yes,,,,121,Oakridge,121,Oakridge (121),D41,638341.1895,4839133.0758
18884,81806245,3002671468,11/18/2023 10:00:00 AM,2230,DANFORTH AV,PHARMACY AV,2 m West of,,,43.692336,-79.283352,Intersection Related,Traffic Signal,Clear,"Dusk, artificial",Dry,Non-Fatal Injury,Rear End,Driver,35 to 39,Major,,East,Unknown,Stopped,Driving Properly,Normal,,,,,,,,,Yes,,,,,,,Yes,,,,121,Oakridge,121,Oakridge (121),D41,638341.1895,4839133.0758
18885,81797705,3002675190,11/19/2023 10:00:00 AM,1246,ROTHERHAM AV,KEELE ST,3 m West of,,,43.68584,-79.473179,Intersection Related,No Control,Clear,Daylight,Dry,Non-Fatal Injury,Turning Movement,Driver,30 to 34,None,,North,"Automobile, Station Wagon",Turning Left,Failed to Yield Right of Way,Normal,,,,,,,,,Yes,,,,,Yes,,Yes,,,,110,Keelesdale-Eglinton West,110,Keelesdale-Eglinton West (110),D12,623056.5506,4838112.4152
18886,81797706,3002675190,11/19/2023 10:00:00 AM,1246,ROTHERHAM AV,KEELE ST,3 m West of,,,43.68584,-79.473179,Intersection Related,No Control,Clear,Daylight,Dry,Non-Fatal Injury,Turning Movement,Driver,90 to 94,None,,South,"Automobile, Station Wagon",Going Ahead,Driving Properly,Normal,,,,,,,,,Yes,,,,,Yes,,Yes,,,,110,Keelesdale-Eglinton West,110,Keelesdale-Eglinton West (110),D12,623056.5506,4838112.4152
18887,81797707,3002675190,11/19/2023 10:00:00 AM,1246,ROTHERHAM AV,KEELE ST,3 m West of,,,43.68584,-79.473179,Intersection Related,No Control,Clear,Daylight,Dry,Non-Fatal Injury,Turning Movement,Passenger,80 to 84,Major,,,,,,,,,,,,,,,Yes,,,,,Yes,,Yes,,,,110,Keelesdale-Eglinton West,110,Keelesdale-Eglinton West (110),D12,623056.5506,4838112.4152
18888,81796974,3002690239,11/21/2023 10:00:00 AM,1248,750 YORK MILLS RD,YORK MILLS RD,10 m South o,,,43.752895,-79.360866,At/Near Private Drive,No Control,Rain,Daylight,Wet,Non-Fatal Injury,Turning Movement,Driver,65 to 69,None,,South,"Automobile, Station Wagon",Turning Left,Failed to Yield Right of Way,Other,,,,,,,,,Yes,,,,,Yes,Yes,Yes,,,,42,Banbury-Don Mills,40,St.Andrew-Windfields (40),D33,631961.3949,4845732.6238
18889,81796975,3002690239,11/21/2023 10:00:00 AM,1248,750 YORK MILLS RD,YORK MILLS RD,10 m South o,,,43.752895,-79.360866,At/Near Private Drive,No Control,Rain,Daylight,Wet,Non-Fatal Injury,Turning Movement,Driver,20 to 24,None,,West,"Automobile, Station Wagon",Going Ahead,Driving Properly,Normal,,,,,,,,,Yes,,,,,Yes,Yes,Yes,,,,42,Banbury-Don Mills,40,St.Andrew-Windfields (40),D33,631961.3949,4845732.6238
18890,81796976,3002690239,11/21/2023 10:00:00 AM,1248,750 YORK MILLS RD,YORK MILLS RD,10 m South o,,,43.752895,-79.360866,At/Near Private Drive,No Control,Rain,Daylight,Wet,Non-Fatal Injury,Turning Movement,Passenger,55 to 59,Major,,,,,,,,,,,,,,,Yes,,,,,Yes,Yes,Yes,,,,42,Banbury-Don Mills,40,St.Andrew-Windfields (40),D33,631961.3949,4845732.6238
18891,81754016,3002725067,11/25/2023 10:00:00 AM,2033,BLOOR ST W,DUNDAS ST W,90 m East of,Major Arterial,Toronto and East York,43.656558,-79.451358,Non Intersection,No Control,Clear,"Dark, artificial",Dry,Property Damage O,Pedestrian Collisions,Driver,35 to 39,None,,West,"Automobile, Station Wagon",Going Ahead,Driving Properly,Normal,,,,,,,Yes,,Yes,,,,,,,,,,,86,Roncesvalles,88,High Park North (88),D11,624875.9773,4834892.8692
18892,81754017,3002725067,11/25/2023 10:00:00 AM,2033,BLOOR ST W,DUNDAS ST W,90 m East of,Major Arterial,Toronto and East York,43.656558,-79.451358,Non Intersection,No Control,Clear,"Dark, artificial",Dry,Property Damage O,Pedestrian Collisions,Pedestrian,45 to 49,Major,,,,,,,Pedestrian hit at mid-block,Crossing without right of way,Unknown,,,,Yes,,Yes,,,,,,,,,,,86,Roncesvalles,88,High Park North (88),D11,624875.9773,4834892.8692
18893,81806986,3002731107,11/26/2023 10:00:00 AM,1810,EGLINTON AV E,ROSEMOUNT DR,,,,43.730849,-79.273853,Intersection Related,Traffic Signal,Rain,Dark,Wet,Non-Fatal Injury,Pedestrian Collisions,Driver,15 to 19,None,,South,"Automobile, Station Wagon",Turning Left,Failed to Yield Right of Way,,,,,,,,Yes,,Yes,,,,,,,Yes,,,,125,Ionview,125,Ionview (125),D41,639017.6269,4843426.3951
18894,81806987,3002731107,11/26/2023 10:00:00 AM,1810,EGLINTON AV E,ROSEMOUNT DR,,,,43.730849,-79.273853,Intersection Related,Traffic Signal,Rain,Dark,Wet,Non-Fatal Injury,Pedestrian Collisions,Pedestrian,20 to 24,Major,,,,,,,,,Unknown,,,,Yes,,Yes,,,,,,,Yes,,,,125,Ionview,125,Ionview (125),D41,639017.6269,4843426.3951
18895,81786797,3002742062,11/28/2023 10:00:00 AM,655,DON MILLS RD W,ESTERBROOKE AVE,11 m North o,,,43.77909,-79.348705,Intersection Related,Traffic Signal,Clear,Dark,Dry,Non-Fatal Injury,Pedestrian Collisions,Driver,60 to 64,None,,East,"Automobile, Station Wagon",Turning Left,Improper Turn,Normal,,,,,,,Yes,,Yes,,,,,,,,,,,47,Don Valley Village,47,Don Valley Village (47),D33,632882.432,4848661.4255
18896,81786798,3002742062,11/28/2023 10:00:00 AM,655,DON MILLS RD W,ESTERBROOKE AVE,11 m North o,,,43.77909,-79.348705,Intersection Related,Traffic Signal,Clear,Dark,Dry,Non-Fatal Injury,Pedestrian Collisions,Pedestrian,20 to 24,Major,,,,,,,,,Unknown,,,,Yes,,Yes,,,,,,,,,,,47,Don Valley Village,47,Don Valley Village (47),D33,632882.432,4848661.4255
18897,81753082,3002743496,11/28/2023 10:00:00 AM,1025,YONGE ST,HILLSDALE AVE E,1 m north,Major Arterial,Etobicoke York,43.703326,-79.397647,Intersection Related,Stop Sign,Clear,Daylight,Dry,Fatal,Pedestrian Collisions,Pedestrian,75 to 79,Fatal,37,North,,,,,Vehicle turns left while ped crosses with ROW at inter.,Crossing with right of way,Normal,,,,Yes,,,,Yes,,,,,,,,,174,South Eglinton-Davisville,104,Mount Pleasant West (104),D53,629106.7005,4840169.3274
18898,81753083,3002743496,11/28/2023 10:00:00 AM,1025,YONGE ST,HILLSDALE AVE E,1 m north,Major Arterial,Etobicoke York,43.703326,-79.397647,Intersection Related,Stop Sign,Clear,Daylight,Dry,Fatal,Pedestrian Collisions,Truck Driver,40 to 44,None,,South,"Truck - Closed (Blazer, etc)",Turning Left,Improper Turn,Normal,,,,,,,Yes,,,,Yes,,,,,,,,,174,South Eglinton-Davisville,104,Mount Pleasant West (104),D53,629106.7005,4840169.3274
18899,81753125,3002755183,11/29/2023 10:00:00 AM,1924,113 TORYORK DR,ORMONT DRIVE,,Collector,North York,43.756602,-79.551448,Non Intersection,,Clear,"Dark, artificial",Dry,Non-Fatal Injury,Pedestrian Collisions,Driver,60 to 64,None,,East,"Automobile, Station Wagon",Going Ahead,Driving Properly,Normal,,,,,,,Yes,,Yes,,,,,,,,,,,21,Humber Summit,21,Humber Summit (21),D31,616610.9302,4845858.3659